CRN,ARRIVAL_TM,AUTOMOBILE_COUNT,BELTED_DEATH_COUNT,BELTED_SUSP_SERIOUS_INJ_COUNT,BICYCLE_COUNT,BICYCLE_DEATH_COUNT,BICYCLE_SUSP_SERIOUS_INJ_COUNT,BUS_COUNT,CHLDPAS_DEATH_COUNT,CHLDPAS_SUSP_SERIOUS_INJ_COUNT,COLLISION_TYPE,COMM_VEH_COUNT,CONS_ZONE_SPD_LIM,COUNTY,CRASH_MONTH,CRASH_YEAR,DAY_OF_WEEK,DEC_LAT,DEC_LONG,DISPATCH_TM,DISTRICT,DRIVER_COUNT_16YR,DRIVER_COUNT_17YR,DRIVER_COUNT_18YR,DRIVER_COUNT_19YR,DRIVER_COUNT_20YR,DRIVER_COUNT_50_64YR,DRIVER_COUNT_65_74YR,DRIVER_COUNT_75PLUS,EST_HRS_CLOSED,FATAL_COUNT,HEAVY_TRUCK_COUNT,HORSE_BUGGY_COUNT,HOUR_OF_DAY,ILLUMINATION,INJURY_COUNT,INTERSECT_TYPE,INTERSECTION_RELATED,LANE_CLOSED,LATITUDE,LN_CLOSE_DIR,LOCATION_TYPE,LONGITUDE,MAX_SEVERITY_LEVEL,MCYCLE_DEATH_COUNT,MCYCLE_SUSP_SERIOUS_INJ_COUNT,MOTORCYCLE_COUNT,MUNICIPALITY,NONMOTR_COUNT,NONMOTR_DEATH_COUNT,NONMOTR_SUSP_SERIOUS_INJ_COUNT,NTFY_HIWY_MAINT,PED_COUNT,PED_DEATH_COUNT,PED_SUSP_SERIOUS_INJ_COUNT,PERSON_COUNT,POLICE_AGCY,POSSIBLE_INJ_COUNT,RDWY_SURF_TYPE_CD,RELATION_TO_ROAD,ROAD_CONDITION,ROADWAY_CLEARED,SCH_BUS_IND,SCH_ZONE_IND,SECONDARY_CRASH,SMALL_TRUCK_COUNT,SPEC_JURIS_CD,SUSP_MINOR_INJ_COUNT,SUSP_SERIOUS_INJ_COUNT,SUV_COUNT,TCD_FUNC_CD,TCD_TYPE,TFC_DETOUR_IND,TIME_OF_DAY,TOT_INJ_COUNT,TOTAL_UNITS,UNB_DEATH_COUNT,UNB_SUSP_SERIOUS_INJ_COUNT,UNBELTED_OCC_COUNT,UNK_INJ_DEG_COUNT,UNK_INJ_PER_COUNT,URBAN_AREA,URBAN_RURAL,VAN_COUNT,VEHICLE_COUNT,WEATHER1,WEATHER2,WORK_ZONE_IND,WORK_ZONE_LOC,WORK_ZONE_TYPE,WORKERS_PRES,WZ_CLOSE_DETOUR,WZ_FLAGGER,WZ_LAW_OFFCR_IND,WZ_LN_CLOSURE,WZ_MOVING,WZ_OTHER,WZ_SHLDER_MDN,WZ_WORKERS_INJ_KILLED
2006080977,1819.0,1,0,0,0,0,0,0,0,0,7,0,,67,5,2006,3,40.0205,-75.1539,1816.0,6,0,0,0,0,0,0,0,0,1.0,0,0,0,18,4,0,0,,1.0,40 01:14.000,2.0,0,75 09:14.500,0,0,0,0,67301,0,0,0,N,0,0,0,1,67301,0,,3,9,,N,N,,0,,0,0,0,0,0,Y,1818,0,1,0,0,0,0,0,3,4,0,1,7,,N,,,,,,,,,,,
2006081373,340.0,2,0,0,0,0,0,0,0,0,4,0,,67,7,2006,5,,,335.0,6,0,0,0,0,0,0,0,0,,0,0,0,3,3,1,2,,0.0,,,0,,8,0,0,0,67301,0,0,0,N,0,0,0,1,67301,0,,1,9,,N,N,,0,,0,0,0,0,0,,330,1,2,0,0,0,1,0,3,3,0,2,3,,N,,,,,,,,,,,
2006081511,1255.0,4,0,0,0,0,0,0,0,0,1,0,,67,7,2006,4,40.0525,-75.1522,1250.0,6,0,0,0,0,0,1,0,0,,0,0,0,99,1,0,0,,0.0,40 03:09.000,,0,75 09:08.286,0,0,0,0,67301,0,0,0,N,0,0,0,1,67301,0,,1,1,,N,N,,1,,0,0,0,0,0,,9999,0,5,0,0,0,0,0,3,4,0,5,3,,N,,,,,,,,,,,
2006081556,2357.0,2,0,0,0,0,0,0,0,0,2,0,,67,6,2006,6,39.9942,-75.2295,2355.0,6,0,0,0,0,0,0,0,0,,0,0,0,23,3,0,0,,0.0,39 59:38.983,,0,75 13:46.286,0,0,0,0,67301,0,0,0,N,0,0,0,1,67301,0,,6,1,,N,N,,0,,0,0,0,0,0,,2355,0,2,0,0,0,0,0,3,4,0,2,3,,N,,,,,,,,,,,
2006079074,1142.0,1,0,0,0,0,0,1,0,0,1,1,,67,8,2006,5,40.0073,-75.2136,9999.0,6,0,0,0,0,0,1,0,0,,0,0,0,11,1,2,0,,0.0,40 00:26.000,,0,75 12:49.228,8,0,0,0,67301,0,0,0,N,0,0,0,4,46104,0,,1,1,,Y,N,,0,,0,0,0,0,0,,1130,2,2,0,0,0,2,0,3,4,0,2,3,,N,,,,,,,,,,,
2006081653,1533.0,1,0,0,0,0,0,0,0,0,8,0,,67,6,2006,7,40.0452,-75.2317,1530.0,6,0,0,0,0,0,0,0,0,,0,0,0,15,1,1,0,,0.0,40 02:42.000,,0,75 13:54.341,4,0,0,0,67301,1,0,0,N,1,0,0,2,67301,1,,1,1,,N,N,,0,,0,0,0,0,0,,1525,1,2,0,0,0,0,0,3,4,0,1,3,,N,,,,,,,,,,,
2006115769,952.0,2,0,0,0,0,0,0,0,0,4,0,,67,9,2006,7,40.0878,-74.9795,947.0,6,0,1,0,0,0,0,0,0,2.0,0,0,0,9,1,0,2,,1.0,40 05:16.123,2.0,0,74 58:46.243,0,0,0,0,67301,0,0,0,N,0,0,0,4,67301,0,,1,1,,N,N,,0,,0,0,0,0,0,N,945,0,2,0,0,0,0,0,3,4,0,2,3,,N,,,,,,,,,,,
2006103658,2007.0,1,0,0,0,0,0,0,0,0,4,0,,67,8,2006,3,,,2005.0,6,0,0,0,1,0,1,0,0,,0,0,0,20,1,2,1,,0.0,,,0,,4,0,0,0,67301,0,0,0,N,0,0,0,3,67301,2,,1,9,,N,N,,1,,0,0,0,0,0,,2001,2,2,0,0,3,0,0,3,3,0,2,3,,N,,,,,,,,,,,
2006103676,210.0,2,0,0,0,0,0,0,0,0,1,0,,67,8,2006,3,40.0532,-75.0403,205.0,6,0,0,1,0,0,0,0,0,,0,0,0,2,3,0,0,,0.0,40 03:11.433,,0,75 02:25.033,0,0,0,0,67301,0,0,0,N,0,0,0,1,67301,0,,6,1,,N,N,,0,,0,0,1,0,0,,200,0,3,0,0,0,0,0,3,4,0,3,3,,N,,,,,,,,,,,
2006096587,818.0,1,0,0,0,0,0,1,0,0,1,1,,67,7,2006,2,39.9651,-75.2054,817.0,6,0,0,0,0,0,1,0,0,,0,0,0,8,1,1,1,,0.0,39 57:54.000,,0,75 12:19.620,4,0,0,0,67301,0,0,0,N,0,0,0,3,67301,1,,1,1,,N,N,,0,,0,0,0,3,2,,800,1,2,0,0,0,0,0,3,4,0,2,3,,N,,,,,,,,,,,
2006101835,534.0,1,0,1,0,0,0,0,0,0,1,0,,67,9,2006,6,,,534.0,6,0,0,0,0,0,2,0,0,,0,0,0,5,3,2,0,,0.0,,,0,,2,0,0,0,67301,0,0,0,N,0,0,0,2,67301,1,,1,1,,N,N,,1,,0,1,0,0,0,,533,2,2,0,0,0,0,0,3,3,0,2,3,,N,,,,,,,,,,,
2006103265,1430.0,1,0,0,0,0,0,0,0,0,8,0,,67,9,2006,3,,,1418.0,6,0,0,0,0,0,1,0,0,2.0,0,0,0,13,1,1,0,,1.0,,3.0,0,,4,0,0,0,67301,1,0,0,N,1,0,0,2,67301,1,,1,1,,N,N,,0,,0,0,0,9,8,N,1357,1,2,0,0,0,0,0,3,3,0,1,3,,N,,,,,,,,,,,
2006102826,1105.0,2,0,0,0,0,0,0,0,0,4,0,,67,9,2006,1,40.0248,-75.1303,1058.0,6,0,0,0,0,0,0,0,0,,0,0,0,10,1,5,1,,0.0,40 01:28.000,,0,75 07:50.129,4,0,0,0,67301,0,0,0,N,0,0,0,5,67301,5,,1,1,,N,N,,0,,0,0,0,3,2,,1033,5,2,0,0,0,0,0,3,4,0,2,3,,N,,,,,,,,,,,
2006080578,1728.0,1,0,0,0,0,0,0,0,0,4,0,,67,5,2006,6,39.986,-75.0972,1725.0,6,0,0,0,1,0,0,0,0,,1,0,0,17,1,0,1,,0.0,39 59:09.639,,0,75 05:49.923,1,1,0,1,67301,0,0,0,N,0,0,0,2,67301,0,2.0,1,1,,N,N,,0,0.0,0,0,0,0,0,,1725,0,2,0,0,0,0,0,3,4,0,2,3,,N,,,,,,,,,,,
2006083046,1206.0,1,0,0,0,0,0,0,0,0,0,0,,67,7,2006,6,40.0326,-75.0303,1205.0,6,0,0,0,0,0,1,0,0,,0,0,0,12,1,1,1,,0.0,40 01:57.000,,0,75 01:49.256,8,0,0,1,67301,0,0,0,N,0,0,0,2,67301,0,,1,1,,N,N,,0,,0,0,0,0,0,,1205,1,2,0,0,0,1,0,3,4,0,2,3,,N,,,,,,,,,,,
2006082670,1320.0,2,0,0,0,0,0,0,0,0,4,0,,67,6,2006,5,39.9136,-75.2403,1314.0,6,0,0,0,0,0,0,0,0,,0,0,0,13,1,0,0,,0.0,39 54:48.801,,0,75 14:25.047,0,0,0,0,67301,0,0,0,N,0,0,0,3,67301,0,,1,1,,N,N,,0,,0,0,1,0,0,,1305,0,3,0,0,0,0,0,3,4,0,3,3,,N,,,,,,,,,,,
2006080715,1310.0,2,0,0,0,0,0,0,0,0,1,0,,67,5,2006,2,39.958,-75.1632,1310.0,6,0,0,0,0,0,0,0,0,1.0,0,0,0,99,1,1,0,,1.0,39 57:28.440,3.0,0,75 09:47.160,4,0,0,0,67301,0,0,0,N,0,0,0,4,67301,1,,1,1,,N,N,,0,,0,0,0,0,0,N,9999,1,2,0,0,0,0,0,3,4,0,2,3,,N,,,,,,,,,,,
2006080716,1149.0,0,0,0,0,0,0,0,0,0,2,0,,67,5,2006,4,40.0877,-75.035,1043.0,6,0,0,0,0,0,1,0,0,9.0,0,1,0,10,1,1,0,,1.0,40 05:15.000,1.0,0,75 02:05.937,2,0,0,0,67301,0,0,0,,0,0,0,3,67301,0,,1,1,,,,,0,,0,1,1,0,0,N,1040,1,2,0,1,1,0,0,3,4,0,2,3,,N,,,,,,,,,,,
2006080832,2110.0,1,0,1,0,0,0,0,0,0,4,0,,67,6,2006,6,,,2107.0,6,0,0,0,0,0,0,1,0,,0,0,0,21,3,1,1,,0.0,,,0,,2,0,0,0,67301,0,0,0,N,0,0,0,3,67301,0,,1,1,,N,N,,0,,0,1,1,3,2,,2100,1,2,0,0,0,0,0,3,3,0,2,3,,N,,,,,,,,,,,
2006080863,1550.0,0,0,0,0,0,0,0,0,0,8,0,,67,6,2006,1,,,1542.0,6,0,0,0,0,0,0,0,0,,0,0,0,15,1,1,0,,0.0,,,0,,8,0,0,0,67301,1,0,0,N,1,0,0,2,67301,0,,6,1,,N,N,,0,,0,0,1,0,0,,1535,1,2,0,0,0,1,0,3,3,0,1,3,,N,,,,,,,,,,,
2006066011,23.0,2,0,0,0,0,0,0,0,0,4,0,,67,5,2006,1,40.0318,-75.0841,18.0,6,0,0,0,0,0,2,0,0,,0,0,0,0,3,5,3,,0.0,40 01:53.000,,0,75 05:02.752,3,0,0,0,67301,0,0,0,,0,0,0,5,67301,1,,1,1,,N,,,0,,1,0,0,3,2,,15,5,2,0,0,0,3,0,3,4,0,2,3,,N,,,,,,,,,,,
2006021649,45.0,2,0,0,0,0,0,0,0,0,1,0,,67,1,2006,5,39.9747,-75.1944,36.0,6,0,0,0,0,0,0,0,0,2.0,0,0,0,0,3,1,0,,2.0,39 58:32.000,3.0,0,75 11:41.913,4,0,0,0,67301,0,0,0,N,0,0,0,1,67301,1,,1,9,,N,N,,0,,0,0,0,0,0,N,30,1,2,0,0,0,0,0,3,4,0,2,3,,N,,,,,,,,,,,
2006103113,48.0,2,0,0,0,0,0,0,0,0,1,0,,67,8,2006,1,40.0101,-75.1214,45.0,6,0,0,0,0,0,0,0,0,,0,0,0,0,3,2,1,,0.0,40 00:36.000,,0,75 07:17.271,3,0,0,0,67301,0,0,0,N,0,0,0,3,67301,1,,1,1,,N,N,,0,,1,0,0,3,2,,12,2,2,0,0,0,0,0,3,4,0,2,3,,N,,,,,,,,,,,
2006103115,2013.0,1,0,0,0,0,0,0,0,0,7,0,,67,1,2006,1,40.09,-75.0197,2012.0,6,0,0,0,1,0,0,0,0,2.0,0,0,0,20,3,1,0,,1.0,40 05:23.000,2.0,0,75 01:10.262,2,0,0,0,67301,0,0,0,,0,0,0,1,67301,0,,3,1,,N,N,,0,,0,1,0,0,0,N,2011,1,1,0,0,0,0,0,3,4,0,1,3,,N,,,,,,,,,,,
2006125456,1520.0,1,0,0,0,0,0,0,0,0,1,0,,67,11,2006,7,40.0428,-75.1135,1513.0,6,0,0,0,0,0,1,0,0,,0,0,0,14,1,1,1,,0.0,40 02:33.720,,0,75 06:48.960,8,0,0,0,67301,0,0,0,N,0,0,0,3,67301,0,,1,1,,N,N,,0,,0,0,1,3,2,,1445,1,2,0,0,0,1,1,3,4,0,2,3,,N,,,,,,,,,,,
2006082562,1645.0,2,0,0,0,0,0,0,0,0,2,0,,67,7,2006,1,,,1643.0,6,0,0,0,0,0,1,0,0,,0,0,0,16,1,5,2,,0.0,,,0,,4,0,0,0,67301,0,0,0,N,0,0,0,6,67301,5,,1,1,,N,N,,0,,0,0,0,0,0,,1640,5,2,0,0,0,0,0,3,3,0,2,3,,N,,,,,,,,,,,
2006082634,1546.0,1,0,0,0,0,0,0,0,0,8,0,,67,7,2006,4,40.0353,-75.1214,1542.0,6,0,0,1,0,0,0,0,0,1.0,0,0,0,15,1,1,1,,1.0,40 02:06.000,3.0,0,75 07:17.299,4,0,0,0,67301,1,0,0,N,1,0,0,2,67301,1,,1,1,,N,N,,0,,0,0,0,3,2,N,1540,1,2,0,0,0,0,0,3,4,0,1,3,,N,,,,,,,,,,,
2006080290,1018.0,1,0,0,0,0,0,0,0,0,7,0,,67,6,2006,7,39.9422,-75.2388,1015.0,6,0,0,0,0,0,0,0,0,2.0,0,0,0,10,1,1,0,,2.0,39 56:32.000,5.0,0,75 14:19.514,8,0,0,0,67301,0,0,0,N,0,0,0,1,67301,0,,2,1,,N,N,,0,,0,0,0,0,0,Y,1010,1,1,0,0,0,1,0,3,4,0,1,3,,N,,,,,,,,,,,
2006065782,1625.0,2,0,0,0,0,0,0,0,0,4,0,,67,5,2006,2,40.0037,-75.0678,1618.0,6,0,0,0,0,0,1,0,0,,0,0,0,16,1,1,1,,0.0,40 00:13.240,,0,75 04:04.234,4,0,0,0,67301,0,0,0,N,0,0,0,2,67301,1,,1,1,,N,N,,0,,0,0,0,9,3,,1607,1,2,0,0,0,0,0,3,4,0,2,3,,N,,,,,,,,,,,
2006066001,1615.0,2,0,0,0,0,0,0,0,0,1,0,,67,5,2006,4,40.028,-75.0992,1612.0,6,0,0,0,0,1,0,0,0,1.0,0,0,0,16,1,5,0,,1.0,40 01:40.000,2.0,0,75 05:57.119,4,0,0,0,67301,0,0,0,N,0,0,0,6,67301,5,,1,1,,N,N,,1,,0,0,0,0,0,N,1605,5,4,0,0,0,0,0,3,4,1,4,3,,N,,,,,,,,,,,
2006112806,114.0,2,0,0,0,0,0,0,0,0,1,0,,67,9,2006,1,40.0367,-75.0645,112.0,6,0,0,0,0,0,1,0,0,1.0,0,0,0,1,3,4,1,,1.0,40 02:12.000,1.0,0,75 03:51.766,8,0,0,0,67301,0,0,0,N,0,0,0,9,67301,0,,1,1,,N,N,,0,,0,0,0,3,2,Y,100,4,2,0,0,1,4,0,3,4,0,2,3,,N,,,,,,,,,,,
2006112816,720.0,0,0,0,0,0,0,0,0,0,8,0,,67,10,2006,3,40.0268,-75.2093,715.0,6,0,0,0,0,0,0,1,0,,0,0,0,7,1,1,0,,0.0,40 01:36.000,,0,75 12:33.719,4,0,0,0,67301,1,0,0,N,1,0,0,2,67301,1,,1,1,,N,,,0,,0,0,0,0,0,,708,1,2,0,0,0,0,0,3,4,1,1,3,,N,,,,,,,,,,,
2006112835,853.0,1,0,0,0,0,0,0,0,0,2,0,,67,10,2006,2,40.0419,-75.1922,848.0,6,0,0,0,0,0,0,0,0,1.0,0,0,0,8,1,2,0,,2.0,40 02:30.800,5.0,0,75 11:31.963,3,0,0,0,67301,0,0,0,N,0,0,0,3,67301,0,,1,1,,N,N,,0,,2,0,0,0,0,Y,847,2,2,0,0,1,0,0,3,4,1,2,3,,N,,,,,,,,,,,
2006112869,1335.0,2,0,0,0,0,0,0,0,0,4,0,,67,9,2006,3,39.9256,-75.1693,1329.0,6,0,0,0,0,0,0,1,1,,0,0,0,13,1,1,5,,0.0,39 55:31.000,,0,75 10:10.015,4,0,0,0,67301,0,0,0,N,0,0,0,3,67301,1,,1,1,,N,N,,0,,0,0,0,3,2,,1315,1,2,0,0,0,0,0,3,4,0,2,3,,N,,,,,,,,,,,
2006125413,930.0,2,0,0,0,0,0,0,0,0,4,0,,67,11,2006,4,39.9428,-75.2392,920.0,6,0,0,0,0,0,1,0,0,,0,0,0,9,1,2,0,,0.0,39 56:33.905,,0,75 14:21.126,4,0,0,0,67301,0,0,0,N,0,0,0,2,67301,2,,1,9,,N,N,,0,,0,0,0,0,0,,915,2,2,0,0,0,0,0,3,4,0,2,7,,N,,,,,,,,,,,
2006115146,1640.0,2,0,0,0,0,0,0,0,0,4,0,,67,9,2006,6,39.931,-75.2324,1635.0,6,0,0,0,0,0,1,0,0,,0,0,0,16,1,3,1,,0.0,39 55:51.000,,0,75 13:56.885,8,0,0,0,67301,0,0,0,N,0,0,0,3,67301,0,,1,1,,N,N,,0,,0,0,0,3,2,,1615,3,2,0,0,0,3,0,3,4,0,2,3,,N,,,,,,,,,,,
2006114812,725.0,2,0,0,0,0,0,0,0,0,4,1,,67,10,2006,3,39.8867,-75.2149,720.0,6,0,0,0,0,0,0,0,0,2.0,0,1,0,7,1,2,0,,1.0,39 53:10.000,1.0,0,75 12:51.704,4,0,0,0,67301,0,0,0,N,0,0,0,3,67301,2,,2,1,,N,N,,0,,0,0,0,0,0,N,715,2,3,0,0,1,0,0,3,4,0,3,3,,N,,,,,,,,,,,
2006111916,2026.0,0,0,0,0,0,0,0,0,0,4,0,,67,9,2006,5,39.9992,-75.0809,2020.0,6,0,0,0,0,0,1,1,0,,0,0,0,20,3,0,0,,0.0,39 59:58.000,,2,75 04:52.428,0,0,0,0,67301,0,0,0,N,0,0,0,3,67501,0,,1,1,,N,N,,1,,0,0,0,0,0,,2017,0,2,0,0,0,0,0,3,4,1,2,3,,N,,,,,,,,,,,
2006102630,9.0,2,0,0,0,0,0,0,0,0,5,0,,67,8,2006,6,,,9.0,6,0,0,0,0,0,0,0,0,,0,0,0,0,3,1,0,,0.0,,,7,,8,0,0,0,67301,0,0,0,N,0,0,0,3,67301,0,,1,1,,N,N,,0,,0,0,0,0,0,,9,1,2,0,0,1,1,0,3,3,0,2,3,,N,,,,,,,,,,,
2006116230,1652.0,1,0,0,0,0,0,0,0,0,8,0,,67,10,2006,2,39.9488,-75.215,1650.0,6,0,0,0,0,0,0,0,0,,0,0,0,16,1,1,1,,0.0,39 56:56.000,,0,75 12:54.158,4,0,0,0,67301,1,0,0,,1,0,0,2,67301,1,,1,1,,N,N,,0,,0,0,0,3,2,,1650,1,2,0,0,0,0,0,3,4,0,1,3,,N,,,,,,,,,,,
2006116260,1048.0,0,0,0,0,0,0,0,0,0,4,0,,67,10,2006,4,39.968,-75.1603,1042.0,6,0,0,0,0,1,0,0,0,,0,0,0,10,1,1,2,,0.0,39 58:04.000,,0,75 09:37.068,8,0,0,0,67301,0,0,0,Y,0,0,0,4,67301,0,,1,1,,,,,0,,0,0,2,3,3,,1038,1,2,0,0,0,1,0,3,4,0,2,3,,N,,,,,,,,,,,
2006116262,1500.0,0,0,0,0,0,0,0,0,0,8,0,,67,10,2006,2,39.9195,-75.243,1455.0,6,0,0,0,0,0,0,0,0,,0,0,0,14,1,1,1,,0.0,39 55:10.138,,0,75 14:34.767,4,0,0,0,67301,1,0,0,N,1,0,0,2,67301,1,,1,1,,N,N,,0,,0,0,0,9,2,,1400,1,2,0,0,0,0,0,3,4,0,1,3,,N,,,,,,,,,,,
2006123827,1624.0,2,0,0,0,0,0,0,0,0,2,0,,67,10,2006,5,40.0543,-75.0859,1616.0,6,0,0,0,0,0,1,0,1,,0,0,0,16,1,2,1,,0.0,40 03:15.655,,0,75 05:09.259,8,0,0,0,67301,0,0,0,N,0,0,0,3,67301,0,,1,1,,N,N,,0,,0,0,0,3,2,,1610,2,2,0,0,0,2,0,3,4,0,2,3,,N,,,,,,,,,,,
2006083407,1650.0,1,0,0,0,0,0,0,0,0,8,0,,67,5,2006,3,,,1647.0,6,0,0,0,0,0,0,0,0,,0,0,0,15,1,1,1,,0.0,,,0,,8,0,0,0,67301,1,0,0,N,1,0,0,2,67301,0,,1,1,,N,N,,0,,0,0,0,3,2,,1530,1,2,0,0,0,1,1,3,3,0,1,3,,N,,,,,,,,,,,
2006080922,2216.0,1,0,0,0,0,0,0,0,0,7,0,,67,6,2006,7,39.9394,-75.1891,2214.0,6,0,0,0,0,0,0,0,0,2.0,0,0,0,22,3,1,3,,2.0,39 56:21.793,3.0,0,75 11:20.817,8,0,0,0,67301,0,0,0,N,0,0,0,2,67301,0,,5,1,,N,N,,0,,0,0,0,0,0,Y,2213,1,2,0,0,0,1,0,3,4,0,1,3,,N,,,,,,,,,,,
2006080953,925.0,1,0,0,0,0,0,0,0,0,8,0,,67,7,2006,2,,,923.0,6,0,0,0,0,0,0,0,0,,0,0,0,9,1,1,2,,0.0,,,0,,4,0,0,0,67301,1,0,0,N,1,0,0,2,67301,1,,1,1,,N,N,,0,,0,0,0,3,3,,915,1,2,0,0,0,0,0,3,3,0,1,3,,N,,,,,,,,,,,
2006081167,635.0,5,0,0,0,0,0,0,0,0,5,0,,67,6,2006,7,39.9195,-75.2342,625.0,6,0,0,0,0,0,0,0,0,,0,0,0,6,1,1,0,,0.0,39 55:09.840,,0,75 14:03.480,4,0,0,0,67301,0,0,0,N,0,0,0,1,67301,1,,6,1,,N,N,,0,,0,0,0,0,0,,620,1,6,0,0,0,0,0,3,4,1,6,3,,N,,,,,,,,,,,
2006081411,459.0,2,0,0,0,0,0,0,0,0,4,0,,67,6,2006,2,40.0255,-75.0847,451.0,6,0,0,0,0,0,0,0,0,,0,0,0,4,5,0,1,,0.0,40 01:31.670,,0,75 05:04.955,0,0,0,0,67301,0,0,0,N,0,0,0,2,67301,0,,1,1,,N,N,,0,,0,0,0,3,3,,456,0,2,0,0,0,0,0,3,4,0,2,3,,N,,,,,,,,,,,
2006081460,2123.0,1,0,0,0,0,0,0,0,0,4,0,,67,6,2006,6,40.0367,-75.1584,2121.0,6,0,0,0,0,0,1,1,0,1.0,0,0,0,21,3,2,1,,1.0,40 02:12.109,7.0,0,75 09:30.211,4,0,0,0,67301,0,0,0,N,0,0,0,3,67301,2,,1,1,,N,N,,1,,0,0,0,3,2,N,2115,2,2,0,0,0,0,1,3,4,0,2,3,,N,,,,,,,,,,,
2006081580,1352.0,1,0,0,0,0,0,0,0,0,4,0,,67,6,2006,2,40.0512,-75.0661,1348.0,6,0,0,0,0,0,0,0,0,1.0,0,0,0,13,1,1,1,,1.0,40 03:04.000,1.0,0,75 03:58.040,4,0,0,0,67301,0,0,0,N,0,0,0,3,67301,1,,1,1,,N,N,,0,,0,0,0,3,2,N,1346,1,2,0,0,0,0,0,3,4,1,2,3,,N,,,,,,,,,,,
2006096650,1323.0,0,0,0,0,0,0,0,0,0,5,0,,67,7,2006,2,39.9492,-75.1415,1220.0,6,0,0,0,0,0,0,1,0,,0,0,0,12,1,1,1,,0.0,39 56:57.840,,0,75 08:29.400,4,0,0,0,67301,0,0,0,N,0,0,0,2,67301,1,,1,1,,N,N,,0,,0,0,1,0,0,,1220,1,2,0,0,0,0,0,3,4,1,2,3,,N,,,,,,,,,,,
2006096530,1955.0,1,0,0,0,0,0,0,0,0,7,0,,67,8,2006,4,40.0077,-75.1915,1948.0,6,0,0,0,0,0,0,0,0,,0,0,0,19,1,1,0,,0.0,40 00:28.000,,0,75 11:28.515,4,0,0,0,67301,0,0,0,,0,0,0,1,67301,1,,2,1,,,,,0,,0,0,0,0,0,,1948,1,1,0,0,0,0,0,3,4,0,1,3,,N,,,,,,,,,,,
2006104303,9999.0,1,0,0,0,0,0,0,0,0,6,0,,67,8,2006,6,40.0393,-75.1447,9999.0,6,0,0,0,0,0,0,1,0,,0,0,0,99,1,0,0,,0.0,40 02:21.000,,0,75 08:40.922,9,0,0,0,67301,0,0,0,N,0,0,0,2,67301,0,,2,1,,N,N,,1,,0,0,0,0,0,,9999,0,2,0,0,0,0,2,3,4,0,2,3,,N,,,,,,,,,,,
2006125744,845.0,1,0,0,0,0,0,0,0,0,8,0,,67,10,2006,4,39.9507,-75.1627,836.0,6,0,0,0,0,0,0,0,0,,0,0,0,8,1,1,2,,0.0,39 57:02.000,,0,75 09:45.639,4,0,0,0,67301,1,0,0,N,1,0,0,2,67301,1,,1,1,,,,,0,,0,0,0,3,2,,832,1,2,0,0,0,0,0,3,4,0,1,3,,N,,,,,,,,,,,
2006114013,1721.0,2,0,0,0,0,0,0,0,0,1,0,,67,10,2006,6,40.004,-75.2144,1706.0,6,0,0,0,0,0,1,0,0,2.0,0,0,0,16,4,1,1,,1.0,40 00:14.371,2.0,0,75 12:51.803,4,0,0,0,67301,0,0,0,N,0,0,0,2,67301,1,,1,9,,N,N,,0,,0,0,0,3,2,N,1645,1,2,0,0,0,0,0,3,4,0,2,7,,N,,,,,,,,,,,
2006097885,1124.0,2,0,0,0,0,0,0,0,0,1,0,,67,8,2006,6,,,1121.0,6,0,0,1,0,0,0,0,0,,0,0,0,11,1,4,0,,0.0,,,3,,4,0,0,0,67301,0,0,0,N,0,0,0,6,67301,4,,1,1,,N,N,,0,,0,0,0,3,8,,1120,4,2,0,0,1,0,0,3,3,0,2,3,,N,,,,,,,,,,,
2006065993,1835.0,1,0,0,0,0,0,0,0,0,8,0,,67,5,2006,7,39.9919,-75.1342,1830.0,6,0,0,0,0,0,0,0,0,,0,0,0,18,1,1,0,,0.0,39 59:30.812,,0,75 08:03.197,4,0,0,0,67301,1,0,0,N,1,0,0,2,67301,1,,1,1,,N,N,,0,,0,0,0,0,0,,1815,1,2,0,0,0,0,1,3,4,0,1,3,,N,,,,,,,,,,,
2006083045,1811.0,2,0,0,0,0,0,0,0,0,4,0,,67,7,2006,3,40.0734,-75.0847,1810.0,6,0,0,0,0,0,1,0,0,,0,0,0,18,1,1,2,,0.0,40 04:24.000,,0,75 05:04.760,4,0,0,0,67301,0,0,0,N,0,0,0,2,67301,1,,1,1,,N,N,,0,,0,0,0,9,2,,1810,1,2,0,0,0,0,0,3,4,0,2,3,,N,,,,,,,,,,,
2006080689,1500.0,3,0,0,0,0,0,0,0,0,5,0,,67,7,2006,1,,,1455.0,6,0,0,0,0,0,0,0,0,,0,0,0,14,1,1,0,,0.0,,,0,,2,0,0,0,67301,0,0,0,N,0,0,0,1,67301,0,,6,1,,N,N,,0,,0,1,0,0,0,,1455,1,3,0,0,0,0,0,3,3,0,3,3,,N,,,,,,,,,,,
2006080712,402.0,0,0,0,0,0,0,0,0,0,7,0,,67,6,2006,1,39.9566,-75.1524,402.0,6,0,0,0,0,0,0,0,0,,0,0,0,3,3,0,5,,0.0,39 57:23.000,,0,75 09:08.702,0,0,0,0,67301,0,0,0,N,0,0,0,1,67301,0,,3,1,,N,N,,0,,0,0,1,3,2,,359,0,1,0,0,0,0,0,3,4,0,1,3,,N,,,,,,,,,,,