CRN,ARRIVAL_TM,AUTOMOBILE_COUNT,BELTED_DEATH_COUNT,BELTED_SUSP_SERIOUS_INJ_COUNT,BICYCLE_COUNT,BICYCLE_DEATH_COUNT,BICYCLE_SUSP_SERIOUS_INJ_COUNT,BUS_COUNT,CHLDPAS_DEATH_COUNT,CHLDPAS_SUSP_SERIOUS_INJ_COUNT,COLLISION_TYPE,COMM_VEH_COUNT,CONS_ZONE_SPD_LIM,COUNTY,CRASH_MONTH,CRASH_YEAR,DAY_OF_WEEK,DEC_LAT,DEC_LONG,DISPATCH_TM,DISTRICT,DRIVER_COUNT_16YR,DRIVER_COUNT_17YR,DRIVER_COUNT_18YR,DRIVER_COUNT_19YR,DRIVER_COUNT_20YR,DRIVER_COUNT_50_64YR,DRIVER_COUNT_65_74YR,DRIVER_COUNT_75PLUS,EST_HRS_CLOSED,FATAL_COUNT,HEAVY_TRUCK_COUNT,HORSE_BUGGY_COUNT,HOUR_OF_DAY,ILLUMINATION,INJURY_COUNT,INTERSECT_TYPE,INTERSECTION_RELATED,LANE_CLOSED,LATITUDE,LN_CLOSE_DIR,LOCATION_TYPE,LONGITUDE,MAX_SEVERITY_LEVEL,MCYCLE_DEATH_COUNT,MCYCLE_SUSP_SERIOUS_INJ_COUNT,MOTORCYCLE_COUNT,MUNICIPALITY,NONMOTR_COUNT,NONMOTR_DEATH_COUNT,NONMOTR_SUSP_SERIOUS_INJ_COUNT,NTFY_HIWY_MAINT,PED_COUNT,PED_DEATH_COUNT,PED_SUSP_SERIOUS_INJ_COUNT,PERSON_COUNT,POLICE_AGCY,POSSIBLE_INJ_COUNT,RDWY_SURF_TYPE_CD,RELATION_TO_ROAD,ROAD_CONDITION,ROADWAY_CLEARED,SCH_BUS_IND,SCH_ZONE_IND,SECONDARY_CRASH,SMALL_TRUCK_COUNT,SPEC_JURIS_CD,SUSP_MINOR_INJ_COUNT,SUSP_SERIOUS_INJ_COUNT,SUV_COUNT,TCD_FUNC_CD,TCD_TYPE,TFC_DETOUR_IND,TIME_OF_DAY,TOT_INJ_COUNT,TOTAL_UNITS,UNB_DEATH_COUNT,UNB_SUSP_SERIOUS_INJ_COUNT,UNBELTED_OCC_COUNT,UNK_INJ_DEG_COUNT,UNK_INJ_PER_COUNT,URBAN_AREA,URBAN_RURAL,VAN_COUNT,VEHICLE_COUNT,WEATHER1,WEATHER2,WORK_ZONE_IND,WORK_ZONE_LOC,WORK_ZONE_TYPE,WORKERS_PRES,WZ_CLOSE_DETOUR,WZ_FLAGGER,WZ_LAW_OFFCR_IND,WZ_LN_CLOSURE,WZ_MOVING,WZ_OTHER,WZ_SHLDER_MDN,WZ_WORKERS_INJ_KILLED
2006082986,1324.0,2,0,0,0,0,0,0,0,0,2,0,,67,7,2006,7,40.0984,-75.0471,1322.0,6,0,0,0,0,0,1,1,0,,0,0,0,13,1,1,1,,0.0,40 05:53.000,,0,75 02:49.877,4,0,0,0,67301,0,0,0,N,0,0,0,3,67301,1,,1,1,,N,N,,0,,0,0,0,3,2,,1322,1,2,0,0,0,0,0,3,4,0,2,3,,N,,,,,,,,,,,
2006083015,909.0,1,0,0,0,0,0,0,0,0,4,0,,67,5,2006,3,39.9412,-75.2107,857.0,6,0,0,0,0,0,0,0,0,,0,0,0,8,1,2,0,,0.0,39 56:28.486,,0,75 12:38.667,8,0,0,0,67301,0,0,0,N,0,0,0,3,67301,0,,1,9,,N,N,,0,,0,0,0,0,0,,830,2,2,0,0,0,2,0,3,4,0,2,7,,N,,,,,,,,,,,
2006021625,210.0,0,0,0,0,0,0,0,0,0,7,0,,67,1,2006,4,,,205.0,6,0,0,0,0,0,0,0,0,2.0,0,0,0,2,3,1,10,,2.0,,4.0,0,,3,0,0,0,67301,0,0,0,N,0,0,0,1,67301,0,,4,1,,N,N,,0,,1,0,1,0,0,Y,205,1,1,0,0,0,0,0,3,3,0,1,3,,N,,,,,,,,,,,
2006103112,845.0,2,0,0,0,0,0,0,0,0,1,0,,67,9,2006,5,,,834.0,6,0,0,0,0,0,1,0,0,,0,0,0,8,1,1,1,,0.0,,,0,,8,0,0,0,67301,0,0,0,N,0,0,0,2,67301,0,,1,1,,N,N,,0,,0,0,0,3,2,,820,1,2,0,0,0,1,0,3,3,0,2,3,,N,,,,,,,,,,,
2006080118,1249.0,1,0,0,0,0,0,0,0,0,8,0,,67,6,2006,5,,,1248.0,6,0,0,0,0,0,0,0,0,,0,0,0,12,1,1,2,,0.0,,,0,,4,0,0,0,67301,1,0,0,N,1,0,0,2,67301,1,,1,1,,N,N,,0,,0,0,0,3,2,,1240,1,2,0,0,0,0,0,3,3,0,1,3,,N,,,,,,,,,,,
2006125322,635.0,1,0,0,0,0,0,0,0,0,7,0,,67,11,2006,4,40.0119,-75.2049,629.0,6,0,0,0,0,0,0,0,0,,0,0,0,6,1,0,3,,0.0,40 00:44.000,,2,75 12:16.337,0,0,0,0,67301,0,0,0,N,0,0,0,1,67301,0,,2,9,,N,N,,0,,0,0,0,0,0,,625,0,1,0,0,0,0,0,3,4,0,1,7,,N,,,,,,,,,,,
2006082631,1733.0,1,0,0,0,0,0,0,0,0,2,0,,67,7,2006,4,40.0408,-75.157,1730.0,6,0,0,0,0,0,1,0,0,,0,0,0,17,1,0,2,,0.0,40 02:26.000,,0,75 09:25.149,0,0,0,0,67301,0,0,0,N,0,0,0,2,67301,0,,1,1,,N,N,,0,,0,0,1,0,0,,1720,0,2,0,0,0,0,0,3,4,0,2,3,,N,,,,,,,,,,,
2006103452,1258.0,2,0,0,0,0,0,0,0,0,4,0,,67,8,2006,7,40.0369,-75.1342,1255.0,6,0,1,0,0,0,1,0,0,,0,0,0,12,1,1,1,,0.0,40 02:13.000,,0,75 08:03.254,4,0,0,0,67301,0,0,0,N,0,0,0,3,67301,1,,1,1,,N,N,,0,,0,0,0,3,2,,1225,1,2,0,0,0,0,0,3,4,0,2,3,,N,,,,,,,,,,,
2006115623,1707.0,1,0,0,0,0,0,0,0,0,8,0,,67,9,2006,5,39.9319,-75.1709,1702.0,6,0,0,0,0,0,0,0,0,,0,0,0,99,1,1,0,,0.0,39 55:54.940,,0,75 10:15.110,4,0,0,0,67301,1,0,0,N,1,0,0,2,67301,1,,1,1,,N,N,,0,,0,0,0,0,0,,9999,1,2,0,0,0,0,0,3,4,0,1,3,,N,,,,,,,,,,,
2006115655,1617.0,1,0,0,0,0,0,0,0,0,4,0,,67,10,2006,1,40.0032,-75.1525,1614.0,6,0,0,0,0,0,0,0,0,,0,0,0,16,1,1,1,,0.0,40 00:11.393,,0,75 09:08.837,8,0,0,0,67301,0,0,0,N,0,0,0,2,67301,0,,1,9,,N,N,,0,,0,0,0,9,3,,1612,1,2,0,0,0,1,1,3,4,0,2,3,,N,,,,,,,,,,,
2006065599,1930.0,2,0,0,0,0,0,0,0,0,5,0,,67,5,2006,6,40.0306,-75.1041,1921.0,6,0,0,0,0,0,1,0,0,,0,0,0,18,1,2,3,,0.0,40 01:48.000,,0,75 06:15.704,8,0,0,0,67301,0,0,0,N,0,0,0,4,67301,0,,1,1,,N,N,,0,,0,0,0,9,2,,1832,2,2,0,0,0,2,0,3,4,0,2,3,,N,,,,,,,,,,,
2006065603,1509.0,1,0,0,0,0,0,0,0,0,8,0,,67,6,2006,6,40.0135,-75.1576,1505.0,6,0,0,0,0,0,0,0,0,,0,0,0,15,1,1,0,,0.0,40 00:48.636,,0,75 09:27.277,4,0,0,0,67301,1,0,0,N,1,0,0,2,67301,1,,1,1,,N,N,,0,,0,0,0,0,0,,1500,1,2,0,0,0,0,1,3,4,0,1,3,,N,,,,,,,,,,,
2006065635,1000.0,1,0,0,0,0,0,0,0,0,1,0,,67,5,2006,6,39.9889,-75.09,945.0,6,0,0,0,0,0,0,0,0,,0,0,0,9,1,1,0,,0.0,39 59:20.000,,0,75 05:23.849,8,0,0,0,67301,0,0,0,N,0,0,0,2,67301,0,,1,1,,N,N,,0,,0,0,0,3,2,,935,1,2,0,0,0,1,0,3,4,1,2,3,,N,,,,,,,,,,,
2006063234,33.0,2,0,0,0,0,0,0,0,0,1,0,,67,5,2006,2,39.9854,-75.2082,33.0,6,0,0,0,0,0,0,1,0,,0,0,0,0,3,2,7,,0.0,39 59:11.000,,2,75 12:27.631,4,0,0,0,67301,0,0,0,,0,0,0,2,67301,2,,1,1,,,,,0,,0,0,0,0,0,,33,2,2,0,0,0,0,0,3,4,0,2,3,,N,,,,,,,,,,,
2006112825,1345.0,2,0,0,0,0,0,0,0,0,4,0,,67,10,2006,3,40.0607,-75.0542,1345.0,6,0,0,0,0,1,0,1,0,,0,0,0,13,1,1,1,,0.0,40 03:38.000,,0,75 03:15.123,4,0,0,0,67301,0,0,0,N,0,0,0,3,67301,1,,1,9,,N,N,,0,,0,0,0,3,2,,1345,1,2,0,0,0,0,0,3,4,0,2,7,,N,,,,,,,,,,,
2006125435,1800.0,2,0,0,0,0,0,0,0,0,1,0,,67,10,2006,1,40.0169,-75.1495,1800.0,6,0,0,0,1,0,0,0,0,,0,0,0,15,1,1,1,,0.0,40 01:01.000,,0,75 08:58.575,4,0,0,0,67301,0,0,0,N,0,0,0,3,67301,1,,1,1,,N,N,,0,,0,0,0,3,2,,1500,1,2,0,0,0,0,0,3,4,0,2,3,,N,,,,,,,,,,,
2006124268,2227.0,2,0,0,0,0,0,0,0,0,4,0,,67,10,2006,7,40.0159,-75.1538,2219.0,6,0,0,0,0,0,0,0,0,,0,0,0,22,3,1,1,,0.0,40 00:57.000,,0,75 09:14.211,8,0,0,0,67301,0,0,0,N,0,0,0,2,67301,0,,1,1,,N,N,,0,,0,0,0,3,2,,2215,1,2,0,0,0,1,1,3,4,0,2,3,,N,,,,,,,,,,,
2006102352,1054.0,1,0,0,0,0,0,0,0,0,1,0,,67,8,2006,6,,,1045.0,6,0,0,0,0,0,1,0,0,1.0,0,0,0,10,1,0,0,,1.0,,3.0,0,,0,0,0,0,67301,0,0,0,N,0,0,0,6,67301,0,,1,1,,N,N,,0,,0,0,1,0,0,N,1035,0,2,0,0,0,0,0,3,3,0,2,3,,N,,,,,,,,,,,
2006115110,2007.0,1,0,0,0,0,0,0,0,0,8,0,,67,10,2006,4,40.0381,-75.1706,1920.0,6,0,0,0,0,0,1,0,0,,0,0,0,19,3,1,1,,0.0,40 02:17.106,,0,75 10:14.105,4,0,0,0,67301,1,0,0,,1,0,0,2,67301,1,,1,9,,,,,0,,0,0,0,3,3,,1920,1,2,0,0,0,0,0,3,4,0,1,7,,N,,,,,,,,,,,
2006114594,609.0,1,0,0,0,0,0,0,0,0,1,0,,67,10,2006,6,39.9724,-75.2449,600.0,6,0,0,0,0,1,0,0,0,,0,0,0,6,2,1,0,,0.0,39 58:20.000,,0,75 14:41.765,4,0,0,0,67301,0,0,0,,0,0,0,3,67301,1,,1,9,,N,N,,1,,0,0,1,0,0,,600,1,3,0,0,0,0,0,3,4,0,3,7,,N,,,,,,,,,,,
2006114384,1250.0,1,0,0,0,0,0,0,0,0,7,0,,67,10,2006,2,40.018,-75.1493,1245.0,6,0,0,0,0,0,0,0,0,1.0,0,0,0,12,1,1,0,,2.0,40 01:04.000,1.0,0,75 08:57.210,8,0,0,0,67301,0,0,0,Y,0,0,0,1,67301,0,,3,1,,N,N,,0,,0,0,0,0,0,Y,1245,1,1,0,0,0,1,0,3,4,0,1,3,,N,,,,,,,,,,,
2006114722,1047.0,2,0,0,0,0,0,0,0,0,6,0,,67,10,2006,1,39.9172,-75.2463,1039.0,6,0,0,0,1,0,1,0,0,,0,0,0,10,1,1,1,,0.0,39 55:01.000,,0,75 14:46.549,4,0,0,0,67301,0,0,0,N,0,0,0,2,67301,1,,1,1,,N,N,,0,,0,0,0,3,2,,1039,1,2,0,0,0,0,0,3,4,0,2,3,,N,,,,,,,,,,,
2006114747,1846.0,1,0,0,1,0,0,0,0,0,6,0,99.0,67,10,2006,2,39.944,-75.1752,1845.0,6,0,0,0,0,0,0,0,0,,0,0,0,18,4,1,10,,0.0,39 56:38.248,,0,75 10:30.799,8,0,0,0,67301,1,0,0,N,0,0,0,2,67301,0,,1,1,,N,N,,0,,0,0,0,3,3,,1844,1,2,0,0,0,1,1,3,4,0,1,3,,Y,8.0,8.0,U,,,U,,,,,
2006102622,743.0,1,0,0,0,0,0,0,0,0,7,0,,67,8,2006,6,,,743.0,6,0,0,0,0,0,0,0,0,,0,0,0,7,1,0,0,,0.0,,,0,,0,0,0,0,67301,0,0,0,N,0,0,0,1,67301,0,,4,1,,N,N,,0,,0,0,0,0,0,,740,0,1,0,0,0,0,0,3,3,0,1,3,,N,,,,,,,,,,,
2006126820,202.0,1,0,0,0,0,0,0,0,0,7,0,,67,11,2006,2,39.9485,-75.1577,202.0,6,0,0,0,0,0,0,0,0,2.0,0,0,0,2,3,1,0,,2.0,39 56:54.000,4.0,0,75 09:27.607,8,0,0,0,67301,0,0,0,N,0,0,0,2,67301,0,,5,1,,N,N,,0,,0,0,0,3,2,Y,201,1,1,0,0,0,1,0,3,4,0,1,3,,N,,,,,,,,,,,
2006126212,2342.0,1,0,0,0,0,0,0,0,0,8,0,,67,10,2006,3,40.1018,-75.0063,2335.0,6,0,0,0,0,0,0,0,0,,0,0,0,23,3,1,2,,0.0,40 06:06.000,,0,75 00:22.387,2,0,0,0,67301,1,0,1,N,1,0,1,2,67301,0,,1,9,,N,N,,0,,0,1,0,3,2,,2331,1,2,0,0,0,0,1,3,4,0,1,7,,N,,,,,,,,,,,
2006123820,920.0,0,0,0,0,0,0,0,0,0,8,0,,67,10,2006,2,39.9473,-75.1479,910.0,6,0,0,0,0,0,1,0,0,,0,0,0,9,1,1,1,,0.0,39 56:50.293,,0,75 08:52.552,4,0,0,0,67301,1,0,0,N,1,0,0,2,67301,1,,1,1,,N,N,,0,,0,0,1,3,2,,905,1,2,0,0,0,0,0,3,4,0,1,3,,N,,,,,,,,,,,
2006124001,1525.0,1,0,0,0,0,0,0,0,0,8,0,,67,10,2006,5,40.0307,-75.2289,519.0,6,0,0,0,0,0,0,0,0,,0,0,0,15,1,1,0,,0.0,40 01:50.649,,0,75 13:43.964,4,0,0,0,67301,1,0,0,N,1,0,0,2,67301,1,,1,1,,N,N,,0,,0,0,0,0,0,,1519,1,2,0,0,0,0,0,3,4,0,1,3,,N,,,,,,,,,,,
2006093410,340.0,1,0,0,0,0,0,0,0,0,7,0,,67,8,2006,7,40.0645,-75.174,333.0,6,0,0,0,0,0,0,0,0,,0,0,0,3,3,1,2,,0.0,40 03:52.000,,0,75 10:26.388,4,0,0,0,67301,0,0,0,N,0,0,0,1,67301,1,,5,1,,N,N,,0,,0,0,0,0,0,,333,1,1,0,0,0,0,0,3,4,0,1,3,,N,,,,,,,,,,,
2006080885,1040.0,1,0,0,0,0,0,0,0,0,4,0,,67,5,2006,3,,,1038.0,6,0,0,0,0,0,0,0,0,,0,0,0,10,1,5,1,,0.0,,,0,,4,0,0,0,67301,0,0,0,N,0,0,0,7,67301,5,,1,9,,N,N,,1,,0,0,0,3,3,,1016,5,2,0,0,1,0,0,3,3,0,2,3,,N,,,,,,,,,,,
2006080950,305.0,2,0,0,0,0,0,0,0,0,2,0,,67,5,2006,5,39.9625,-75.2068,256.0,6,0,0,0,0,0,0,0,0,,0,0,0,2,3,0,1,,0.0,39 57:44.000,,0,75 12:24.908,9,0,0,0,67301,0,0,0,,0,0,0,1,67301,0,,1,1,,N,N,,0,,0,0,0,3,2,,245,0,2,0,0,0,0,1,3,4,0,2,3,,N,,,,,,,,,,,
2006081075,1548.0,2,0,0,0,0,0,0,0,0,2,0,,67,4,2006,6,40.0872,-75.0221,1544.0,6,0,0,0,0,0,1,0,0,,0,0,0,15,1,1,5,,0.0,40 05:21.000,,0,75 01:15.409,2,0,0,0,67301,0,0,0,N,0,0,0,2,67301,0,,1,1,,N,N,,0,,0,1,0,3,2,,1540,1,2,0,0,0,0,0,3,4,0,2,3,,N,,,,,,,,,,,
2006081348,1350.0,2,0,0,0,0,0,0,0,0,1,0,,67,6,2006,2,,,1346.0,6,0,0,0,0,0,0,0,0,,0,0,0,13,1,3,0,,0.0,,,0,,8,0,0,0,67301,0,0,0,N,0,0,0,4,67301,0,,1,1,,N,N,,0,,0,0,0,0,0,,1346,3,2,0,0,0,3,0,3,3,0,2,3,,N,,,,,,,,,,,
2006103668,1940.0,1,0,0,1,0,0,0,0,0,4,0,,67,9,2006,4,,,1940.0,6,0,0,0,0,0,0,0,0,,0,0,0,19,1,1,1,,0.0,,,0,,4,0,0,0,67301,1,0,0,N,0,0,0,2,67301,1,,1,1,,N,N,,0,,0,0,0,3,3,,1940,1,2,0,0,0,0,0,3,3,0,1,3,,N,,,,,,,,,,,
2006096590,47.0,1,0,0,0,0,0,0,0,0,7,0,,67,6,2006,6,,,45.0,6,0,0,0,0,0,0,0,0,,0,0,0,0,3,1,1,,0.0,,,0,,4,0,0,0,67301,0,0,0,Y,0,0,0,1,67301,1,,2,9,,N,N,,0,,0,0,0,0,0,,40,1,1,0,0,1,0,0,3,3,0,1,7,,N,,,,,,,,,,,
2006102072,1840.0,0,0,0,0,0,0,0,0,0,2,0,,67,9,2006,6,39.9933,-75.1864,1840.0,6,0,0,0,0,0,1,0,0,3.0,0,0,0,18,1,1,2,,1.0,39 59:36.000,1.0,0,75 11:11.260,2,0,1,1,67301,0,0,0,N,0,0,0,2,67301,0,,1,1,,N,N,,1,,0,1,0,9,3,Y,1835,1,2,0,0,0,0,0,3,4,0,2,3,,N,,,,,,,,,,,
2006104244,859.0,1,0,0,0,0,0,0,0,0,7,0,,67,8,2006,1,40.0298,-75.0889,837.0,6,0,0,0,0,0,0,0,0,,0,0,0,8,1,0,0,,0.0,40 01:48.000,,0,75 05:19.092,0,0,0,0,67301,0,0,0,,0,0,0,1,67301,0,,3,1,,,,,0,,0,0,0,0,0,,822,0,1,0,0,0,0,0,3,4,0,1,3,,N,,,,,,,,,,,
2006104256,1530.0,1,0,0,0,0,0,0,0,0,4,0,,67,8,2006,5,,,1524.0,6,0,0,0,0,0,1,0,0,,0,0,0,15,1,0,1,,0.0,,,0,,0,0,0,0,67301,0,0,0,N,0,0,0,3,67301,0,,1,1,,N,N,,1,,0,0,0,3,2,,1516,0,2,0,0,0,0,0,3,3,0,2,3,,N,,,,,,,,,,,
2006104262,150.0,2,0,0,0,0,0,0,0,0,5,0,,67,8,2006,7,,,145.0,6,0,0,0,0,0,0,0,0,,0,0,0,1,3,0,0,,0.0,,,0,,9,0,0,0,67301,0,0,0,N,0,0,0,1,67301,0,,6,1,,N,N,,0,,0,0,1,0,0,,125,0,4,0,0,0,0,1,3,3,1,4,3,,N,,,,,,,,,,,
2006114006,1902.0,1,0,0,0,0,0,0,0,0,5,0,,67,8,2006,4,40.049,-74.997,1857.0,6,0,0,0,1,0,1,0,0,3.0,0,0,0,18,1,1,0,,2.0,40 02:56.000,1.0,0,74 59:47.662,2,0,0,0,67301,0,0,0,N,0,0,0,2,67301,0,9.0,1,1,,N,N,,0,9.0,0,1,1,0,0,N,1854,1,2,0,1,1,0,0,3,4,0,2,3,,N,,,,,,,,,,,
2006095539,9999.0,1,0,0,0,0,0,0,0,0,2,0,,67,8,2006,3,39.9788,-75.1892,1920.0,6,0,0,0,0,0,1,0,0,,1,0,0,19,1,1,0,,0.0,39 58:43.000,,0,75 11:21.640,1,0,0,0,67301,0,0,0,N,0,0,0,3,67301,1,2.0,1,1,,N,N,,0,0.0,0,0,0,0,0,,1912,1,2,0,0,0,0,0,3,4,0,2,3,,N,,,,,,,,,,,
2006080675,505.0,2,0,0,0,0,0,0,0,0,4,0,,67,5,2006,3,39.9229,-75.1581,447.0,6,0,0,0,0,0,1,0,0,,0,0,0,4,2,1,1,,0.0,39 55:22.000,,0,75 09:29.326,2,0,0,0,67301,0,0,0,N,0,0,0,2,67301,0,,1,1,,N,N,,0,,0,1,0,0,0,,441,1,2,0,0,0,0,1,3,4,0,2,3,,N,,,,,,,,,,,
2006021603,827.0,2,0,0,0,0,0,0,0,0,4,0,,67,1,2006,4,40.0101,-75.0641,825.0,6,0,0,0,0,0,0,0,0,1.0,0,0,0,8,1,1,7,,1.0,40 00:36.000,2.0,2,75 03:51.269,4,0,0,0,67301,0,0,0,N,0,0,0,2,67301,1,,1,1,,N,N,,0,,0,0,0,0,0,N,825,1,2,0,0,0,0,0,3,4,0,2,3,,N,,,,,,,,,,,
2006021642,2025.0,1,0,0,0,0,0,0,0,0,1,0,,67,1,2006,4,39.9857,-75.2081,2020.0,6,0,0,0,0,0,1,0,0,,0,1,0,99,2,1,0,,0.0,39 59:12.000,,0,75 12:27.411,4,0,0,0,67301,0,0,0,,0,0,0,2,67301,1,,1,1,,N,N,,0,,0,0,0,0,0,,9999,1,2,0,0,0,0,0,3,4,0,2,3,,N,,,,,,,,,,,
2006103856,2014.0,2,0,0,0,0,0,0,0,0,2,0,,67,8,2006,4,39.9673,-75.2458,2010.0,6,0,0,0,0,0,1,1,0,,0,0,0,20,3,2,1,,0.0,39 57:57.000,,0,75 14:46.216,8,0,0,0,67301,0,0,0,N,0,0,0,3,67301,0,,1,1,,N,N,,0,,0,0,0,9,2,,2008,2,2,0,0,0,2,0,3,4,0,2,3,,N,,,,,,,,,,,
2006103530,2104.0,1,0,0,0,0,0,0,0,0,8,0,,67,8,2006,3,39.9495,-75.2093,2101.0,6,0,0,0,0,0,0,1,0,,0,0,0,20,3,1,1,,0.0,39 56:58.000,,0,75 12:33.271,8,0,0,0,67301,1,0,0,N,1,0,0,2,67301,0,,1,9,,N,N,,0,,0,0,0,3,2,,2058,1,2,0,0,0,1,0,3,4,0,1,7,,N,,,,,,,,,,,
2006080110,2247.0,2,0,0,0,0,0,0,0,0,2,0,,67,5,2006,4,39.9256,-75.2343,2245.0,6,0,0,1,0,0,0,0,0,,0,0,0,22,3,0,1,,0.0,39 55:32.000,,0,75 14:03.806,0,0,0,0,67301,0,0,0,N,0,0,0,4,67301,0,,1,1,,N,N,,0,,0,0,0,3,2,,2242,0,2,0,0,0,0,0,3,4,0,2,3,,N,,,,,,,,,,,
2006125337,1947.0,1,0,0,0,0,0,0,0,0,8,0,,67,8,2006,3,39.9989,-75.1051,1947.0,6,0,0,0,0,0,0,0,0,,0,0,0,99,6,1,0,,0.0,39 59:56.079,,0,75 06:18.468,8,0,0,0,67301,1,0,0,N,1,0,0,2,67301,0,,1,98,,N,N,,0,,0,0,0,0,0,,9999,1,2,0,0,0,1,0,3,4,0,1,99,,N,,,,,,,,,,,
2006082641,1545.0,1,0,0,1,0,0,0,0,0,4,0,,67,6,2006,4,,,1543.0,6,0,0,0,0,0,1,0,0,,0,0,0,15,1,1,2,,0.0,,,0,,8,0,0,0,67301,1,0,0,N,0,0,0,3,67301,0,,1,1,,N,N,,0,,0,0,0,3,3,,1535,1,2,0,0,0,1,0,3,3,0,1,3,,N,,,,,,,,,,,
2006080257,2200.0,1,0,0,0,0,0,0,0,0,8,0,,67,5,2006,7,,,2100.0,6,0,0,0,0,0,0,0,0,,0,0,0,21,3,1,0,,0.0,,,0,,4,0,0,0,67301,1,0,0,N,1,0,0,2,67301,1,,2,1,,N,N,,0,,0,0,0,0,0,,2130,1,2,0,0,0,0,1,3,3,0,1,3,,N,,,,,,,,,,,
2006080296,240.0,0,0,0,0,0,0,0,0,0,0,1,,67,7,2006,5,39.9594,-75.1741,220.0,6,0,0,0,0,0,0,0,0,9.0,0,1,0,2,3,0,7,,1.0,39 57:33.000,3.0,0,75 10:23.550,0,0,0,0,67301,0,0,0,Y,0,0,0,1,67301,0,,7,9,,N,N,,0,,0,0,0,3,4,N,215,0,1,0,0,0,0,0,3,4,0,1,7,,N,,,,,,,,,,,
2006115619,41.0,1,0,0,1,0,0,0,0,0,5,0,,67,10,2006,1,39.9439,-75.1672,39.0,6,0,0,0,0,0,0,0,0,,0,0,0,0,3,1,2,,0.0,39 56:37.883,,0,75 10:01.873,3,0,0,0,67301,1,0,0,N,0,0,0,2,67301,0,,1,1,,N,N,,0,,1,0,0,3,2,,20,1,2,0,0,0,0,1,3,4,0,1,3,,N,,,,,,,,,,,
2006065613,1345.0,1,0,0,0,0,0,0,0,0,4,0,,67,5,2006,7,40.0045,-75.1321,1340.0,6,0,0,0,0,0,0,0,0,,0,0,0,12,1,1,1,,0.0,40 00:16.318,,0,75 07:55.437,4,0,0,1,67301,0,0,0,N,0,0,0,2,67301,1,,1,1,,N,N,,0,,0,0,0,3,2,,1240,1,2,0,0,0,0,0,3,4,0,2,3,,N,,,,,,,,,,,
2006095989,340.0,2,0,0,0,0,0,0,0,0,4,0,,67,8,2006,4,,,330.0,6,0,0,1,0,0,0,0,0,,0,0,0,3,6,1,2,,0.0,,,0,,3,0,0,0,67301,0,0,0,N,0,0,0,2,67301,0,,1,1,,N,N,,0,,1,0,0,0,0,,330,1,2,0,0,0,0,0,3,3,0,2,3,,N,,,,,,,,,,,
2006096024,1540.0,2,0,0,0,0,0,0,0,0,1,0,,67,7,2006,2,39.9707,-75.2117,1447.0,6,0,0,0,0,0,0,0,0,,0,0,0,14,1,2,2,,0.0,39 58:14.000,,0,75 12:41.956,4,0,0,0,67301,0,0,0,N,0,0,0,4,67301,2,,1,1,,N,N,,0,,0,0,0,0,0,,1443,2,2,0,0,0,0,1,3,4,0,2,3,,N,,,,,,,,,,,
2006063221,232.0,1,0,0,0,0,0,0,0,0,8,0,,67,2,2006,1,39.956,-75.1389,227.0,6,0,0,0,0,0,0,0,0,2.0,0,0,0,2,3,1,0,,2.0,39 57:21.000,1.0,0,75 08:20.210,2,0,0,0,67301,1,0,1,N,1,0,1,2,67301,0,,1,1,,N,N,,0,,0,1,0,3,2,Y,220,1,2,0,0,0,0,0,3,4,0,1,3,,N,,,,,,,,,,,
2006063237,9999.0,0,0,0,0,0,0,0,0,0,4,0,,67,5,2006,5,,,1650.0,6,0,0,0,0,0,1,0,0,,0,0,0,15,1,1,1,,0.0,,,0,,4,0,0,0,67301,0,0,0,N,0,0,0,4,67301,1,,1,1,,N,N,,1,,0,0,0,2,2,,1550,1,2,0,0,0,0,0,3,3,1,2,3,,N,,,,,,,,,,,
2006066003,9999.0,2,0,0,0,0,0,0,0,0,4,0,,67,5,2006,6,40.0317,-75.0582,1620.0,6,0,0,0,0,0,0,0,0,,0,0,0,16,1,1,1,,0.0,40 01:53.947,,0,75 03:29.696,4,0,0,0,67301,0,0,0,N,0,0,0,2,67301,1,,1,1,,N,N,,0,,0,0,0,3,3,,1620,1,2,0,0,1,0,1,3,4,0,2,3,,N,,,,,,,,,,,
2006112830,1705.0,2,0,0,0,0,0,0,0,0,4,0,,67,10,2006,6,40.0582,-75.2069,1655.0,6,0,0,0,0,0,1,0,0,,0,0,0,16,1,0,1,,0.0,40 03:29.610,,0,75 12:24.926,0,0,0,0,67301,0,0,0,N,0,0,0,2,67301,0,,1,9,,N,N,,0,,0,0,0,9,3,,1646,0,2,0,0,0,0,0,3,4,0,2,7,,N,,,,,,,,,,,
2006125417,1745.0,1,0,0,0,0,0,0,0,0,4,0,,67,11,2006,6,40.0403,-75.0585,1738.0,6,0,0,0,0,0,0,1,0,1.0,0,0,0,17,3,1,1,,1.0,40 02:25.000,2.0,0,75 03:32.388,8,0,0,0,67301,0,0,0,N,0,0,0,2,67301,0,,1,1,,N,N,,0,,0,0,0,3,2,Y,1735,1,2,0,0,0,1,1,3,4,1,2,3,,N,,,,,,,,,,,