CRN,ARRIVAL_TM,AUTOMOBILE_COUNT,BELTED_DEATH_COUNT,BELTED_SUSP_SERIOUS_INJ_COUNT,BICYCLE_COUNT,BICYCLE_DEATH_COUNT,BICYCLE_SUSP_SERIOUS_INJ_COUNT,BUS_COUNT,CHLDPAS_DEATH_COUNT,CHLDPAS_SUSP_SERIOUS_INJ_COUNT,COLLISION_TYPE,COMM_VEH_COUNT,CONS_ZONE_SPD_LIM,COUNTY,CRASH_MONTH,CRASH_YEAR,DAY_OF_WEEK,DEC_LAT,DEC_LONG,DISPATCH_TM,DISTRICT,DRIVER_COUNT_16YR,DRIVER_COUNT_17YR,DRIVER_COUNT_18YR,DRIVER_COUNT_19YR,DRIVER_COUNT_20YR,DRIVER_COUNT_50_64YR,DRIVER_COUNT_65_74YR,DRIVER_COUNT_75PLUS,EST_HRS_CLOSED,FATAL_COUNT,HEAVY_TRUCK_COUNT,HORSE_BUGGY_COUNT,HOUR_OF_DAY,ILLUMINATION,INJURY_COUNT,INTERSECT_TYPE,INTERSECTION_RELATED,LANE_CLOSED,LATITUDE,LN_CLOSE_DIR,LOCATION_TYPE,LONGITUDE,MAX_SEVERITY_LEVEL,MCYCLE_DEATH_COUNT,MCYCLE_SUSP_SERIOUS_INJ_COUNT,MOTORCYCLE_COUNT,MUNICIPALITY,NONMOTR_COUNT,NONMOTR_DEATH_COUNT,NONMOTR_SUSP_SERIOUS_INJ_COUNT,NTFY_HIWY_MAINT,PED_COUNT,PED_DEATH_COUNT,PED_SUSP_SERIOUS_INJ_COUNT,PERSON_COUNT,POLICE_AGCY,POSSIBLE_INJ_COUNT,RDWY_SURF_TYPE_CD,RELATION_TO_ROAD,ROAD_CONDITION,ROADWAY_CLEARED,SCH_BUS_IND,SCH_ZONE_IND,SECONDARY_CRASH,SMALL_TRUCK_COUNT,SPEC_JURIS_CD,SUSP_MINOR_INJ_COUNT,SUSP_SERIOUS_INJ_COUNT,SUV_COUNT,TCD_FUNC_CD,TCD_TYPE,TFC_DETOUR_IND,TIME_OF_DAY,TOT_INJ_COUNT,TOTAL_UNITS,UNB_DEATH_COUNT,UNB_SUSP_SERIOUS_INJ_COUNT,UNBELTED_OCC_COUNT,UNK_INJ_DEG_COUNT,UNK_INJ_PER_COUNT,URBAN_AREA,URBAN_RURAL,VAN_COUNT,VEHICLE_COUNT,WEATHER1,WEATHER2,WORK_ZONE_IND,WORK_ZONE_LOC,WORK_ZONE_TYPE,WORKERS_PRES,WZ_CLOSE_DETOUR,WZ_FLAGGER,WZ_LAW_OFFCR_IND,WZ_LN_CLOSURE,WZ_MOVING,WZ_OTHER,WZ_SHLDER_MDN,WZ_WORKERS_INJ_KILLED
2006126802,733.0,1,0,0,0,0,0,0,0,0,1,0,,67,11,2006,5,40.003,-75.1951,730.0,6,0,0,0,0,0,0,0,0,,0,0,0,7,3,0,0,,0.0,40 00:08.000,,0,75 11:41.871,0,0,0,0,67301,0,0,0,,0,0,0,3,67301,0,,1,1,,,,,0,,0,0,1,0,0,,729,0,2,0,0,0,0,0,3,4,0,2,3,,N,,,,,,,,,,,
2006126809,1325.0,0,0,0,0,0,0,0,0,0,8,0,,67,11,2006,6,39.9612,-75.2349,1315.0,6,0,0,0,0,0,0,0,0,,0,0,0,10,1,1,1,,0.0,39 57:40.000,,0,75 14:05.724,4,0,0,0,67301,1,0,0,N,1,0,0,2,67301,1,,1,1,,N,N,,0,,0,0,1,0,0,,1030,1,2,0,0,0,0,1,3,4,0,1,3,,N,,,,,,,,,,,
2006114396,2226.0,0,0,0,1,1,0,0,0,0,2,0,,67,10,2006,6,39.9945,-75.1342,2221.0,6,0,0,0,0,0,0,0,0,9.0,1,0,0,22,3,1,3,,2.0,39 59:40.160,2.0,0,75 08:03.091,1,0,0,0,67301,1,1,0,,0,0,0,5,67301,0,2.0,1,1,,N,,,0,9.0,1,0,0,3,2,Y,2221,1,2,0,0,0,0,0,3,4,1,1,3,,N,,,,,,,,,,,
2006102580,4.0,2,0,0,0,0,0,0,0,0,4,0,,67,9,2006,6,39.956,-75.2176,4.0,6,0,0,0,1,0,0,0,0,,0,0,0,23,3,4,1,,0.0,39 57:21.000,,0,75 13:03.491,4,0,0,0,67301,0,0,0,N,0,0,0,5,67301,2,,1,1,,N,N,,0,,0,0,0,3,2,,2350,4,2,0,0,0,2,0,3,4,0,2,3,,N,,,,,,,,,,,
2006116619,915.0,3,0,0,0,0,0,0,0,0,1,0,,67,10,2006,4,40.0183,-75.0985,905.0,6,0,0,0,0,0,1,0,0,,0,0,0,8,1,3,0,,0.0,40 01:05.934,,0,75 05:54.553,4,0,0,0,67301,0,0,0,N,0,0,0,3,67301,3,,1,1,,N,N,,0,,0,0,0,3,2,,850,3,3,0,0,0,0,0,3,4,0,3,3,,N,,,,,,,,,,,
2006105130,335.0,2,0,0,0,0,0,0,0,0,4,0,,67,8,2006,3,,,331.0,6,0,0,0,0,0,0,0,0,1.0,0,0,0,3,3,1,1,,1.0,,4.0,0,,4,0,0,0,67301,0,0,0,N,0,0,0,2,67301,1,,1,9,,N,N,,0,,0,0,0,3,3,N,325,1,2,0,0,0,0,0,3,3,0,2,7,,N,,,,,,,,,,,
2006123772,801.0,2,0,0,0,0,0,0,0,0,4,0,,67,10,2006,6,40.1034,-75.0146,754.0,6,0,0,0,0,0,0,0,0,,0,0,0,7,1,1,2,,0.0,40 06:12.200,,0,75 00:52.466,8,0,0,0,67301,0,0,0,N,0,0,0,3,67301,0,,1,9,,N,N,,0,,0,0,0,9,3,,752,1,2,0,0,0,1,0,3,4,0,2,7,,N,,,,,,,,,,,
2006126213,1235.0,2,0,0,0,0,0,0,0,0,4,0,,67,11,2006,5,40.0748,-74.9991,1231.0,6,0,0,0,0,0,0,0,0,,0,0,0,12,1,0,1,,0.0,40 04:29.319,,0,74 59:56.749,0,0,0,0,67301,0,0,0,N,0,0,0,2,67301,0,,1,1,,N,N,,0,,0,0,0,9,3,,1230,0,2,0,0,0,0,0,3,4,0,2,3,,N,,,,,,,,,,,
2006123785,1600.0,1,0,0,0,0,0,0,0,0,8,0,,67,11,2006,7,39.9295,-75.1762,1557.0,6,0,0,0,0,0,1,0,0,,0,0,0,13,1,1,0,,0.0,39 55:46.358,,0,75 10:34.276,8,0,0,0,67301,1,0,0,N,1,0,0,2,67301,0,,1,1,,N,N,,0,,0,0,0,0,0,,1345,1,2,0,0,0,1,0,3,4,0,1,3,,N,,,,,,,,,,,
2006054616,2220.0,1,0,0,0,0,0,0,0,0,2,0,,67,4,2006,2,39.9168,-75.1713,2212.0,6,0,0,0,1,0,0,0,0,,0,0,0,22,3,4,1,,0.0,39 55:00.000,,0,75 10:16.768,3,0,0,2,67301,0,0,0,,0,0,0,5,67301,1,,1,1,,,,,0,,3,0,0,3,2,,2209,4,3,0,0,0,0,0,3,4,0,3,3,,N,,,,,,,,,,,
2006054641,2145.0,4,0,0,0,0,0,0,0,0,1,0,,67,4,2006,2,,,2142.0,6,0,0,1,0,0,0,0,0,,0,0,0,21,3,1,0,,0.0,,,0,,4,0,0,0,67301,0,0,0,N,0,0,0,1,67301,1,,6,1,,N,N,,0,,0,0,0,0,0,,2135,1,4,0,0,0,0,0,3,3,0,4,3,,N,,,,,,,,,,,
2006080875,256.0,1,0,0,0,0,0,0,0,0,5,0,,67,6,2006,5,,,254.0,6,0,0,0,0,0,0,0,0,,0,0,0,2,3,1,0,,0.0,,,0,,8,0,0,0,67301,0,0,0,N,0,0,0,1,67301,0,,6,1,,N,N,,0,,0,0,0,0,0,,255,1,2,0,0,0,1,0,3,3,1,2,3,,N,,,,,,,,,,,
2006080893,1910.0,1,0,0,0,0,0,0,0,0,8,0,,67,7,2006,4,40.044,-75.071,1901.0,6,0,0,0,0,0,1,0,0,,0,0,0,18,1,1,0,,0.0,40 02:38.259,,0,75 04:15.693,8,0,0,0,67301,1,0,0,N,1,0,0,2,67301,0,,1,1,,N,N,,0,,0,0,0,0,0,,1846,1,2,0,0,0,1,0,3,4,0,1,3,,N,,,,,,,,,,,
2006080896,1549.0,5,0,0,0,0,0,0,0,0,6,0,,67,6,2006,3,,,1547.0,6,0,0,0,0,0,0,0,0,,0,0,0,15,1,1,0,,0.0,,,0,,4,0,0,0,67301,1,0,0,N,1,0,0,2,67301,1,,1,1,,N,N,,0,,0,0,0,0,0,,1545,1,6,0,0,0,0,1,3,3,0,5,3,,N,,,,,,,,,,,
2006080928,931.0,1,0,0,0,0,0,0,0,0,7,0,,67,6,2006,5,40.1063,-74.995,928.0,6,0,0,0,0,1,0,0,0,2.0,0,0,0,9,1,1,7,,2.0,40 06:19.000,4.0,2,74 59:36.390,4,0,0,0,67301,0,0,0,,0,0,0,1,67301,1,,5,9,,,,,0,,0,0,0,0,0,Y,925,1,1,0,0,0,0,0,3,4,0,1,3,,N,,,,,,,,,,,
2006080975,1030.0,1,0,0,1,0,0,0,0,0,8,0,,67,6,2006,6,39.9413,-75.2084,1023.0,6,0,0,0,0,0,0,0,0,,0,0,0,10,1,1,2,,0.0,39 56:28.000,,0,75 12:34.833,8,0,0,0,67301,1,0,0,N,0,0,0,2,67301,0,,4,1,,N,N,,0,,0,0,0,3,4,,1022,1,2,0,0,1,1,0,3,4,0,1,3,,N,,,,,,,,,,,
2006103661,2030.0,1,0,0,0,0,0,0,0,0,6,0,,67,9,2006,7,39.9273,-75.1448,2028.0,6,0,0,0,0,0,0,0,0,,0,0,0,20,2,1,1,,0.0,39 55:38.000,,7,75 08:41.424,4,0,0,0,67301,0,0,0,N,0,0,0,2,67301,1,,1,9,,N,N,,0,,0,0,1,0,0,,2018,1,2,0,0,0,0,0,3,4,0,2,3,,N,,,,,,,,,,,
2006103689,2120.0,2,0,0,0,0,0,0,0,0,4,0,,67,9,2006,6,,,2115.0,6,0,0,0,0,0,1,0,0,,0,0,0,21,3,5,1,,0.0,,,0,,8,0,0,0,67301,0,0,0,N,0,0,0,6,67301,0,,1,9,,N,N,,0,,0,0,0,9,3,,2113,5,2,0,0,0,5,1,3,3,0,2,7,,N,,,,,,,,,,,
2006096622,915.0,1,0,0,0,0,0,0,0,0,4,0,,67,7,2006,7,,,905.0,6,0,0,0,0,0,0,0,0,,0,1,0,9,1,1,0,,0.0,,,0,,4,0,0,0,67301,0,0,0,N,0,0,0,4,67301,1,,1,1,,N,N,,0,,0,0,0,3,3,,900,1,2,0,0,0,0,0,3,3,0,2,3,,N,,,,,,,,,,,
2006096427,1535.0,0,0,0,0,0,0,0,0,0,7,0,,67,7,2006,5,39.8933,-75.2303,1525.0,6,0,0,0,0,0,0,0,0,,0,0,0,15,1,0,0,,0.0,39 53:36.000,,0,75 13:48.720,0,0,0,0,67301,0,0,0,N,0,0,0,1,67301,0,,2,9,,N,N,,1,,0,0,0,0,0,,1530,0,1,0,0,0,0,0,3,4,0,1,7,,N,,,,,,,,,,,
2006102028,1445.0,1,0,0,0,0,0,0,0,0,8,0,,67,9,2006,3,,,1440.0,6,0,0,0,0,0,0,0,0,,0,0,0,14,1,1,1,,0.0,,,0,,4,0,0,0,67301,1,0,0,N,1,0,0,2,67301,1,,1,1,,N,N,,0,,0,0,0,3,2,,1430,1,2,0,0,0,0,1,3,3,0,1,3,,N,,,,,,,,,,,
2006104332,1600.0,1,0,0,0,0,0,0,0,0,2,0,,67,9,2006,5,40.0294,-75.0627,1550.0,6,0,0,0,0,0,1,0,0,,0,0,0,14,1,1,1,,0.0,40 01:45.000,,0,75 03:46.681,4,0,0,0,67301,0,0,0,N,0,0,0,4,67301,1,,1,9,,N,N,,0,,0,0,1,3,2,,1415,1,2,0,0,0,0,0,3,4,0,2,7,,N,,,,,,,,,,,
2006102833,2124.0,1,0,0,0,0,0,0,0,0,7,0,,67,9,2006,7,,,2120.0,6,0,0,0,0,0,1,0,0,1.0,0,0,0,21,3,2,0,,2.0,,4.0,0,,4,0,0,0,67301,0,0,0,N,0,0,0,2,67301,2,,2,1,,N,N,,0,,0,0,0,3,8,N,2116,2,1,0,0,2,0,0,3,3,0,1,3,,N,,,,,,,,,,,
2006080589,1515.0,1,0,0,0,0,0,0,0,0,8,0,,67,6,2006,4,40.0204,-75.1265,1510.0,6,0,0,0,0,0,0,0,0,,0,0,0,14,1,1,2,,0.0,40 01:13.339,,0,75 07:35.371,4,0,0,0,67301,1,0,0,N,1,0,0,2,67301,1,,1,1,,N,N,,0,,0,0,0,0,0,,1446,1,2,0,0,0,0,1,3,4,0,1,3,,N,,,,,,,,,,,
2006083049,817.0,2,0,0,0,0,0,0,0,0,4,0,,67,6,2006,6,39.9585,-75.2252,816.0,6,0,0,0,0,0,0,0,0,9.0,0,0,0,8,1,3,1,,2.0,39 57:30.000,7.0,0,75 13:30.707,4,0,0,0,67301,0,0,0,N,0,0,0,3,67301,3,,1,1,,N,N,,0,,0,0,0,3,2,Y,816,3,2,0,0,2,0,0,3,4,0,2,3,,N,,,,,,,,,,,
2006080687,2218.0,1,0,0,0,0,0,0,0,0,7,0,,67,6,2006,4,39.9509,-75.1411,2213.0,6,0,0,0,0,0,0,0,0,1.0,0,0,0,22,3,0,0,,2.0,39 57:04.000,1.0,2,75 08:28.277,0,0,0,0,67301,0,0,0,N,0,0,0,1,67301,0,,2,1,,N,N,,0,,0,0,0,0,0,N,2210,0,1,0,0,0,0,0,3,4,0,1,3,,N,,,,,,,,,,,
2006080266,910.0,0,0,0,0,0,0,0,0,0,4,0,,67,7,2006,2,,,907.0,6,0,0,0,0,0,1,0,0,,0,0,0,99,1,2,1,,0.0,,,0,,8,0,0,0,67301,0,0,0,N,0,0,0,2,67301,0,,1,1,,N,N,,2,,0,0,0,3,3,,9999,2,2,0,0,0,2,0,3,3,0,2,3,,N,,,,,,,,,,,
2006080271,2100.0,2,0,0,0,0,0,0,0,0,4,0,,67,6,2006,3,40.0299,-75.0875,2057.0,6,0,0,0,0,0,0,0,0,,0,0,0,20,6,2,1,,0.0,40 01:47.000,,0,75 05:15.381,4,0,0,0,67301,0,0,0,,0,0,0,3,67301,2,,1,1,,,,,0,,0,0,0,9,2,,2057,2,2,0,0,0,0,1,3,4,0,2,3,,N,,,,,,,,,,,
2006080853,1034.0,2,0,0,0,0,0,0,0,0,4,0,,67,6,2006,7,40.0074,-75.1368,1034.0,6,0,0,0,0,0,0,0,0,,0,0,0,10,1,2,2,,0.0,40 00:26.000,,0,75 08:12.854,3,0,0,0,67301,0,0,0,,0,0,0,3,67301,0,,1,1,,,,,0,,2,0,0,9,2,,1030,2,2,0,0,0,0,0,3,4,0,2,3,,N,,,,,,,,,,,
2006080871,1605.0,1,0,0,0,0,0,0,0,0,8,0,,67,7,2006,7,,,1559.0,6,0,0,0,0,0,0,0,1,,0,0,0,14,1,1,0,,0.0,,,0,,4,0,0,0,67301,1,0,0,N,1,0,0,2,67301,1,,1,1,,N,N,,0,,0,0,0,0,0,,1450,1,2,0,0,0,0,0,3,3,0,1,3,,N,,,,,,,,,,,
2006125723,1602.0,2,0,0,0,0,0,0,0,0,5,0,,67,10,2006,3,39.9717,-75.2173,1558.0,6,0,0,0,0,0,0,0,0,,0,0,0,14,1,1,0,,0.0,39 58:18.128,,0,75 13:02.456,8,0,0,0,67301,0,0,0,N,0,0,0,3,67301,0,,6,1,,N,N,,0,,0,0,0,3,2,,1450,1,2,0,0,0,1,1,3,4,0,2,3,,N,,,,,,,,,,,
2006103517,820.0,1,0,0,0,0,0,0,0,0,7,0,,67,9,2006,1,,,815.0,6,0,0,0,0,0,0,0,0,,0,0,0,8,1,2,2,,0.0,,,0,,8,0,0,0,67301,0,0,0,N,0,0,0,2,67301,0,,5,1,,N,N,,0,,0,0,0,3,2,,810,2,1,0,0,0,2,0,3,3,0,1,3,,N,,,,,,,,,,,
2006096845,1019.0,3,0,0,0,0,0,0,0,0,5,0,,67,7,2006,3,40.0524,-75.235,1018.0,6,0,0,0,0,0,0,0,0,,0,0,0,10,1,0,0,,0.0,40 03:08.589,,0,75 14:06.108,0,0,0,0,67301,0,0,0,N,0,0,0,1,67301,0,,4,1,,N,N,,0,,0,0,0,0,0,,1015,0,3,0,0,0,0,0,3,4,0,3,3,,N,,,,,,,,,,,
2006082541,630.0,1,0,0,0,0,0,0,0,0,4,0,,67,6,2006,7,,,630.0,6,0,0,0,0,0,0,0,0,,0,0,0,6,1,1,0,,0.0,,,0,,4,0,0,0,67301,1,0,0,N,0,0,0,2,67301,1,,1,1,,N,N,,0,,0,0,1,3,3,,615,1,2,0,0,0,0,1,3,3,0,2,3,,N,,,,,,,,,,,
2006082593,2329.0,1,0,0,0,0,0,0,0,0,7,0,,67,7,2006,3,40.0355,-75.0171,2318.0,6,0,0,0,1,0,0,0,0,1.0,0,0,0,23,3,0,0,,2.0,40 02:08.160,1.0,0,75 01:00.480,0,0,0,0,67301,0,0,0,N,0,0,0,2,67301,0,,4,9,,N,N,,0,,0,0,0,0,0,N,2310,0,1,0,0,0,0,0,3,4,0,1,7,,N,,,,,,,,,,,
2006103509,1353.0,2,0,1,0,0,0,0,0,0,1,0,,67,8,2006,3,40.1108,-75.0035,1351.0,6,0,0,0,0,0,0,0,1,2.0,0,0,0,13,1,1,0,,2.0,40 06:39.056,4.0,0,75 00:12.733,2,0,0,0,67301,0,0,0,N,0,0,0,3,67301,0,,1,1,,N,N,,0,,0,1,0,0,0,Y,1348,1,3,0,0,0,0,0,3,4,1,3,3,,N,,,,,,,,,,,
2006080293,925.0,1,0,0,0,0,0,0,0,0,8,0,,67,7,2006,5,,,915.0,6,0,0,0,0,0,0,0,0,,0,0,0,9,1,1,0,,0.0,,,0,,4,0,0,0,67301,1,0,0,N,1,0,0,2,67301,1,,1,1,,N,N,,0,,0,0,0,0,0,,915,1,2,0,0,1,0,0,3,3,0,1,3,,N,,,,,,,,,,,
2006115633,135.0,1,0,0,0,0,0,0,0,0,7,0,,67,9,2006,6,40.0687,-75.2113,129.0,6,0,0,0,0,0,0,0,0,,0,0,0,1,3,1,1,,0.0,40 04:07.478,,0,75 12:40.530,4,0,0,0,67301,0,0,0,N,0,0,0,1,67301,1,,2,9,,N,N,,0,,0,0,0,0,0,,123,1,1,0,0,0,0,0,3,4,0,1,7,,N,,,,,,,,,,,
2006115665,527.0,1,0,0,0,0,0,0,0,0,4,0,,67,10,2006,7,39.9605,-75.1402,524.0,6,0,0,0,0,1,0,0,0,,0,0,0,5,3,0,0,,0.0,39 57:37.000,,0,75 08:24.868,0,0,0,0,67301,0,0,0,,0,0,0,2,67301,0,,1,9,,N,N,,0,,0,0,0,0,0,,523,0,2,0,0,0,0,0,3,4,1,2,3,,N,,,,,,,,,,,
2006125277,605.0,1,0,0,0,0,0,0,0,0,7,0,,67,11,2006,2,39.9983,-75.0978,603.0,6,0,0,0,0,0,0,0,0,,0,0,0,6,5,1,0,,0.0,39 59:53.000,,0,75 05:51.741,8,0,0,0,67301,0,0,0,N,0,0,0,1,67301,0,,4,1,,N,N,,0,,0,0,0,0,0,,600,1,1,0,0,0,1,0,3,4,0,1,3,,N,,,,,,,,,,,
2006065637,1910.0,2,0,0,0,0,0,0,0,0,4,0,,67,5,2006,7,40.0096,-75.1673,1900.0,6,0,0,0,0,0,0,0,0,,0,0,0,19,1,1,2,,0.0,40 00:34.667,,0,75 10:02.258,3,0,0,0,67301,0,0,0,,0,0,0,2,67301,0,,1,1,,,,,0,,1,0,0,0,0,,1900,1,2,0,0,1,0,1,3,4,0,2,3,,N,,,,,,,,,,,
2006063235,721.0,1,0,0,0,0,0,0,0,0,1,0,,67,3,2006,3,40.0444,-75.1194,717.0,6,0,0,0,0,0,1,0,0,3.0,0,0,0,7,1,3,0,,2.0,40 02:40.000,4.0,0,75 07:09.617,3,0,0,0,67301,0,0,0,,0,0,0,5,67301,2,,1,1,,,,,0,,1,0,0,0,0,Y,715,3,2,0,0,0,0,0,3,4,1,2,3,,N,,,,,,,,,,,
2006065781,1700.0,2,0,0,0,0,0,0,0,0,4,0,,67,5,2006,7,40.0275,-75.0624,1657.0,6,0,0,0,0,0,0,0,0,,0,0,0,16,1,1,1,,0.0,40 01:38.000,,0,75 03:44.578,3,0,0,0,67301,0,0,0,,0,0,0,2,67301,0,,1,1,,,,,0,,1,0,0,3,2,,1653,1,2,0,0,0,0,0,3,4,0,2,3,,N,,,,,,,,,,,
2006113062,1959.0,1,0,0,0,0,0,0,0,0,1,0,,67,10,2006,4,40.0465,-75.2336,1950.0,6,0,0,0,0,0,0,0,0,,0,0,0,19,3,1,0,,0.0,40 02:47.760,,0,75 14:01.320,8,0,0,0,67301,1,0,0,N,0,0,0,2,67301,0,,2,1,,N,N,,1,,0,0,0,0,0,,1940,1,2,0,0,0,1,0,3,4,0,2,3,,N,,,,,,,,,,,
2006112805,800.0,1,0,0,0,0,0,0,0,0,8,0,,67,10,2006,3,40.0041,-75.2144,756.0,6,0,0,0,0,0,0,0,0,,0,0,0,7,1,1,2,,0.0,40 00:14.608,,0,75 12:51.739,4,0,0,0,67301,1,0,0,N,1,0,0,2,67301,1,,1,9,,N,N,,0,,0,0,0,3,2,,750,1,2,0,0,0,0,0,3,4,0,1,7,,N,,,,,,,,,,,
2006112810,2258.0,2,0,0,0,0,0,0,0,0,4,0,,67,6,2006,7,40.0454,-75.1647,2258.0,6,0,0,0,0,0,0,0,0,1.0,0,0,0,10,1,1,0,,2.0,40 02:43.000,5.0,0,75 09:53.069,4,0,0,0,67301,0,0,0,N,0,0,0,4,67301,1,,1,9,,N,N,,0,,0,0,0,0,0,Y,1058,1,2,0,0,4,0,0,3,4,0,2,7,,N,,,,,,,,,,,
2006126810,9999.0,4,0,0,0,0,0,0,0,0,4,0,,67,10,2006,7,39.9575,-75.2173,9999.0,6,0,0,1,1,0,0,0,0,,0,0,0,17,3,2,1,,0.0,39 57:27.000,,0,75 13:02.452,4,0,0,0,67301,0,0,0,N,0,0,0,8,67301,2,,1,9,,N,N,,0,,0,0,0,3,2,,1751,2,4,0,0,5,0,3,3,4,0,4,3,,N,,,,,,,,,,,
2006102371,2330.0,1,0,0,0,0,0,0,0,0,2,0,,67,9,2006,4,,,2330.0,6,0,0,0,0,0,0,0,0,,0,0,0,23,3,1,0,,0.0,,,0,,4,0,0,0,67301,1,0,0,N,0,0,0,3,67301,1,,6,1,,N,N,,0,,0,0,2,0,0,,2329,1,3,0,0,0,0,0,3,3,0,3,3,,N,,,,,,,,,,,
2006102373,1453.0,0,0,0,0,0,0,0,0,0,7,0,,67,8,2006,6,39.9519,-75.1433,1448.0,6,0,0,0,0,0,0,0,0,,0,0,0,14,1,0,1,,0.0,39 57:06.000,,0,75 08:36.225,0,0,0,0,67301,0,0,0,N,0,0,0,1,67301,0,,5,1,,N,N,,0,,0,0,0,3,2,,1445,0,1,0,0,1,0,0,3,4,1,1,3,,N,,,,,,,,,,,
2006114729,810.0,1,0,0,0,0,0,0,0,0,7,0,,67,10,2006,6,,,757.0,6,0,0,0,0,0,0,0,0,,0,0,0,7,1,1,0,,0.0,,,6,,4,0,0,0,67301,0,0,0,N,0,0,0,1,67301,1,,4,9,,N,N,,0,,0,0,0,0,0,,700,1,1,0,0,1,0,0,3,3,0,1,7,,N,,,,,,,,,,,
2006114395,802.0,2,0,0,0,0,0,0,0,0,6,0,,67,9,2006,7,40.0123,-75.1386,800.0,6,0,0,0,0,0,0,0,0,,0,0,0,7,1,1,10,,0.0,40 00:44.384,,0,75 08:19.139,4,0,0,0,67301,0,0,0,N,0,0,0,4,67301,1,,1,1,,N,N,,0,,0,0,0,3,3,,744,1,2,0,0,1,0,0,3,4,0,2,3,,N,,,,,,,,,,,
2006105136,155.0,1,0,0,0,0,0,0,0,0,4,0,,67,9,2006,7,40.0875,-74.9713,145.0,6,0,0,0,0,0,0,0,0,,0,0,0,1,3,3,1,,0.0,40 05:15.360,,0,74 58:16.680,4,0,0,0,67301,0,0,0,N,0,0,0,3,67301,2,,1,9,,N,N,,0,,0,0,1,0,0,,135,3,2,0,0,0,1,0,3,4,0,2,7,,N,,,,,,,,,,,
2006105152,624.0,1,0,0,0,0,0,0,0,0,7,0,,67,8,2006,3,40.0164,-75.2105,620.0,6,0,0,0,0,0,0,0,0,,0,0,0,6,3,1,1,,0.0,40 00:59.000,,0,75 12:38.465,3,0,0,0,67301,0,0,0,N,0,0,0,1,67301,0,,2,1,,N,N,,0,,1,0,0,0,0,,612,1,1,0,0,0,0,0,3,4,0,1,3,,N,,,,,,,,,,,
2006126821,645.0,1,0,0,0,0,0,0,0,0,4,0,,67,11,2006,7,40.0584,-75.043,644.0,6,0,0,0,0,0,0,0,0,1.0,0,0,0,6,1,0,2,,1.0,40 03:30.253,4.0,0,75 02:34.859,0,0,0,0,67301,0,0,0,N,0,0,0,2,67301,0,,1,1,,N,N,,0,,0,0,1,3,3,N,640,0,2,0,0,0,0,0,3,4,0,2,3,,N,,,,,,,,,,,
2006116270,952.0,1,0,0,0,0,0,0,0,0,1,0,,67,10,2006,2,40.0227,-75.1482,952.0,6,0,0,0,0,0,0,0,0,,0,0,0,9,1,3,1,,0.0,40 01:21.651,,0,75 08:53.543,4,0,0,0,67301,0,0,0,,0,0,0,6,67301,3,,1,1,,N,N,,1,,0,0,1,3,2,,945,3,3,0,0,1,0,0,3,4,0,3,3,,N,,,,,,,,,,,
2006054538,855.0,3,0,0,0,0,0,0,0,0,1,0,,67,4,2006,6,40.0145,-75.1783,851.0,6,0,0,0,0,0,1,0,0,,0,0,0,8,1,2,0,,0.0,40 00:52.000,,0,75 10:42.412,8,0,0,0,67301,0,0,0,,0,0,0,4,67301,0,,1,1,,,,,0,,0,0,1,0,0,,851,2,4,0,0,0,2,0,3,4,0,4,3,,N,,,,,,,,,,,
2006054573,1320.0,1,0,0,1,0,0,0,0,0,5,0,,67,4,2006,3,39.9542,-75.1781,1315.0,6,0,0,0,0,0,0,0,0,,0,0,0,13,1,1,0,,0.0,39 57:15.000,,0,75 10:41.847,4,0,0,0,67301,1,0,0,N,0,0,0,1,67301,1,,1,1,,N,N,,0,,0,0,0,0,0,,1300,1,2,0,0,0,0,0,3,4,0,1,3,,N,,,,,,,,,,,
2006083317,227.0,1,0,0,0,0,0,0,0,0,2,0,,67,7,2006,7,39.9732,-75.1339,158.0,6,0,0,0,0,0,0,0,0,,0,0,0,1,3,2,0,,0.0,39 58:23.000,,0,75 08:01.633,4,0,0,0,67301,0,0,0,N,0,0,0,2,67301,2,,2,1,,N,N,,0,,0,0,1,0,0,,158,2,2,0,0,0,0,0,3,4,0,2,3,,N,,,,,,,,,,,
2006080970,1600.0,0,0,0,0,0,0,0,0,0,4,0,,67,6,2006,7,39.9913,-75.1008,1552.0,6,0,0,0,0,0,0,0,0,,0,0,0,15,1,6,0,,0.0,39 59:28.000,,7,75 06:02.987,4,0,0,0,67301,0,0,0,N,0,0,0,6,67301,6,,1,1,,N,N,,0,,0,0,2,0,0,,1510,6,2,0,0,0,0,0,3,4,0,2,3,,N,,,,,,,,,,,
2006114076,2133.0,2,0,0,0,0,0,0,0,0,4,0,,67,10,2006,6,39.9484,-75.2193,2132.0,6,0,0,0,0,0,1,0,0,3.0,0,0,0,21,3,3,5,,1.0,39 56:54.000,7.0,0,75 13:09.381,3,0,0,0,67301,0,0,0,N,0,0,0,4,67301,1,,1,1,,N,N,,0,,2,0,0,3,2,Y,2151,3,2,0,0,0,0,1,3,4,0,2,3,,N,,,,,,,,,,,
2006114112,1528.0,1,0,0,0,0,0,0,0,0,8,0,,67,10,2006,1,39.9785,-75.2382,1524.0,6,0,0,0,0,0,0,0,0,,0,0,0,15,1,1,0,,0.0,39 58:42.632,,0,75 14:17.416,8,0,0,0,67301,1,0,0,N,1,0,0,2,67301,0,,4,1,,N,N,,0,,0,0,0,0,0,,1523,1,2,0,0,0,1,0,3,4,0,1,3,,N,,,,,,,,,,,