CRN,ARRIVAL_TM,AUTOMOBILE_COUNT,BELTED_DEATH_COUNT,BELTED_SUSP_SERIOUS_INJ_COUNT,BICYCLE_COUNT,BICYCLE_DEATH_COUNT,BICYCLE_SUSP_SERIOUS_INJ_COUNT,BUS_COUNT,CHLDPAS_DEATH_COUNT,CHLDPAS_SUSP_SERIOUS_INJ_COUNT,COLLISION_TYPE,COMM_VEH_COUNT,CONS_ZONE_SPD_LIM,COUNTY,CRASH_MONTH,CRASH_YEAR,DAY_OF_WEEK,DEC_LAT,DEC_LONG,DISPATCH_TM,DISTRICT,DRIVER_COUNT_16YR,DRIVER_COUNT_17YR,DRIVER_COUNT_18YR,DRIVER_COUNT_19YR,DRIVER_COUNT_20YR,DRIVER_COUNT_50_64YR,DRIVER_COUNT_65_74YR,DRIVER_COUNT_75PLUS,EST_HRS_CLOSED,FATAL_COUNT,HEAVY_TRUCK_COUNT,HORSE_BUGGY_COUNT,HOUR_OF_DAY,ILLUMINATION,INJURY_COUNT,INTERSECT_TYPE,INTERSECTION_RELATED,LANE_CLOSED,LATITUDE,LN_CLOSE_DIR,LOCATION_TYPE,LONGITUDE,MAX_SEVERITY_LEVEL,MCYCLE_DEATH_COUNT,MCYCLE_SUSP_SERIOUS_INJ_COUNT,MOTORCYCLE_COUNT,MUNICIPALITY,NONMOTR_COUNT,NONMOTR_DEATH_COUNT,NONMOTR_SUSP_SERIOUS_INJ_COUNT,NTFY_HIWY_MAINT,PED_COUNT,PED_DEATH_COUNT,PED_SUSP_SERIOUS_INJ_COUNT,PERSON_COUNT,POLICE_AGCY,POSSIBLE_INJ_COUNT,RDWY_SURF_TYPE_CD,RELATION_TO_ROAD,ROAD_CONDITION,ROADWAY_CLEARED,SCH_BUS_IND,SCH_ZONE_IND,SECONDARY_CRASH,SMALL_TRUCK_COUNT,SPEC_JURIS_CD,SUSP_MINOR_INJ_COUNT,SUSP_SERIOUS_INJ_COUNT,SUV_COUNT,TCD_FUNC_CD,TCD_TYPE,TFC_DETOUR_IND,TIME_OF_DAY,TOT_INJ_COUNT,TOTAL_UNITS,UNB_DEATH_COUNT,UNB_SUSP_SERIOUS_INJ_COUNT,UNBELTED_OCC_COUNT,UNK_INJ_DEG_COUNT,UNK_INJ_PER_COUNT,URBAN_AREA,URBAN_RURAL,VAN_COUNT,VEHICLE_COUNT,WEATHER1,WEATHER2,WORK_ZONE_IND,WORK_ZONE_LOC,WORK_ZONE_TYPE,WORKERS_PRES,WZ_CLOSE_DETOUR,WZ_FLAGGER,WZ_LAW_OFFCR_IND,WZ_LN_CLOSURE,WZ_MOVING,WZ_OTHER,WZ_SHLDER_MDN,WZ_WORKERS_INJ_KILLED
2006106847,1630.0,4,0,0,0,0,0,0,0,0,5,0,,67,9,2006,2,39.9291,-75.1918,1625.0,6,0,0,0,0,0,1,0,0,,0,0,0,16,1,0,0,,0.0,39 55:44.895,,0,75 11:30.657,0,0,0,0,67301,0,0,0,N,0,0,0,1,67301,0,,1,1,,N,N,,0,,0,0,0,0,0,,1615,0,4,0,0,0,0,0,3,4,0,4,3,,N,,,,,,,,,,,
2006104319,1325.0,1,0,0,0,0,0,0,0,0,8,0,,67,8,2006,5,39.964,-75.161,1320.0,6,0,0,0,0,0,0,0,0,,0,0,0,13,1,1,1,,0.0,39 57:50.000,,0,75 09:39.565,3,0,0,0,67301,1,0,0,N,1,0,0,2,67301,0,,1,1,,N,N,,0,,1,0,0,0,0,,1300,1,2,0,0,0,0,0,3,4,0,1,3,,N,,,,,,,,,,,
2006125734,2326.0,1,0,0,0,0,0,0,0,0,7,0,,67,11,2006,6,40.0101,-75.0641,2320.0,6,0,0,0,0,0,0,0,0,1.0,0,0,0,23,3,1,7,,2.0,40 00:37.000,2.0,2,75 03:49.460,4,0,0,0,67301,0,0,0,,0,0,0,1,67301,1,,3,1,,,,,0,,0,0,0,0,0,Y,2317,1,1,0,0,0,0,0,3,4,0,1,3,,N,,,,,,,,,,,
2006101914,2133.0,1,0,0,0,0,0,0,0,0,8,0,,67,9,2006,7,39.9571,-75.2019,2130.0,6,0,0,0,0,0,1,0,0,,0,0,0,21,3,1,1,,0.0,39 57:26.000,,0,75 12:06.953,2,0,0,0,67301,1,0,1,N,1,0,1,2,67301,0,,1,1,,N,N,,0,,0,1,0,3,2,,2130,1,2,0,0,0,0,0,3,4,0,1,3,,N,,,,,,,,,,,
2006125772,2335.0,2,0,0,0,0,0,0,0,0,4,0,,67,10,2006,7,39.9623,-75.1383,2330.0,6,0,0,0,1,0,0,0,0,,0,0,0,23,3,1,2,,0.0,39 57:44.344,,0,75 08:17.757,4,0,0,0,67301,0,0,0,N,0,0,0,3,67301,1,,1,1,,N,N,,0,,0,0,0,9,3,,2320,1,2,0,0,0,0,0,3,4,0,2,3,,N,,,,,,,,,,,
2006125773,1715.0,1,0,0,0,0,0,0,0,0,8,0,,67,10,2006,6,,,1708.0,6,0,0,0,0,0,0,0,0,2.0,0,0,0,17,1,1,0,,1.0,,2.0,0,,8,0,0,0,67301,1,0,0,N,1,0,0,2,67301,0,,1,1,,N,N,,0,,0,0,0,0,0,Y,1707,1,2,0,0,0,1,1,3,3,0,1,3,,N,,,,,,,,,,,
2006125513,1128.0,2,0,0,0,0,0,0,0,0,1,0,,67,10,2006,3,39.9239,-75.1659,1127.0,6,0,0,0,0,0,0,0,0,,0,0,0,11,1,1,1,,0.0,39 55:26.013,,0,75 09:57.306,4,0,0,0,67301,0,0,0,,0,0,0,2,67301,1,,1,1,,,,,0,,0,0,0,3,2,,1125,1,2,0,0,0,0,0,3,4,0,2,3,,N,,,,,,,,,,,
2006114014,856.0,2,0,0,0,0,0,0,0,0,4,0,,67,10,2006,6,,,856.0,6,0,0,0,0,0,0,0,0,,0,0,0,8,1,0,1,,0.0,,,0,,0,0,0,0,67301,0,0,0,N,0,0,0,2,67301,0,,1,9,,N,N,,0,,0,0,0,3,3,,846,0,2,0,0,0,0,0,3,3,0,2,7,,N,,,,,,,,,,,
2006065992,1840.0,0,0,0,0,0,0,0,0,0,8,0,,67,5,2006,3,40.0207,-75.117,1840.0,6,0,0,0,0,0,0,0,0,,0,0,0,18,1,1,2,,0.0,40 01:14.368,,0,75 07:01.174,4,0,0,0,67301,1,0,0,N,1,0,0,2,67301,1,,1,1,,N,N,,1,,0,0,0,0,0,,1840,1,2,0,0,0,0,0,3,4,0,1,3,,N,,,,,,,,,,,
2006080556,631.0,2,0,0,0,0,0,0,0,0,2,0,,67,7,2006,1,40.104,-74.9791,627.0,6,0,0,0,0,0,0,0,0,1.0,0,0,0,6,1,0,0,,1.0,40 06:14.540,1.0,0,74 58:44.817,0,0,0,0,67301,0,0,0,N,0,0,0,1,67301,0,,6,1,,N,N,,0,,0,0,0,0,0,N,605,0,2,0,0,0,0,0,3,4,0,2,3,,N,,,,,,,,,,,
2006082656,1224.0,2,0,0,0,0,0,0,0,0,4,0,,67,7,2006,5,40.0351,-75.0695,1224.0,6,0,0,0,0,0,0,0,1,,0,0,0,12,1,2,1,,0.0,40 02:06.000,,0,75 04:10.269,4,0,0,0,67301,0,0,0,N,0,0,0,2,67301,1,,1,1,,N,N,,0,,0,0,0,0,0,,1220,2,2,0,0,0,1,0,3,4,0,2,3,,N,,,,,,,,,,,
2006082672,2338.0,2,0,0,0,0,0,0,0,0,1,0,,67,7,2006,6,39.885,-75.2502,2330.0,6,0,0,0,0,0,0,0,0,,0,0,0,23,3,2,2,,0.0,39 53:06.177,,0,75 15:00.685,4,0,0,0,67301,0,0,0,N,0,0,0,3,67301,2,,1,1,,N,N,,0,,0,0,0,0,0,,2320,2,2,0,0,0,0,0,3,4,0,2,3,,N,,,,,,,,,,,
2006080273,1650.0,2,0,0,0,0,0,0,0,0,1,0,,67,7,2006,2,39.9596,-75.1763,1635.0,6,0,0,0,0,0,0,0,0,,0,0,0,16,1,1,2,,0.0,39 57:35.000,,2,75 10:39.061,4,0,0,0,67301,0,0,0,N,0,0,0,2,67301,1,,1,1,,N,N,,0,,0,0,0,0,0,,1635,1,2,0,0,0,0,0,3,4,0,2,3,,N,,,,,,,,,,,
2006083107,1201.0,2,0,0,0,0,0,0,0,0,6,0,,67,6,2006,3,39.9923,-75.12,1200.0,6,0,0,0,0,0,0,0,0,9.0,0,0,0,12,1,2,1,,2.0,39 59:32.200,2.0,0,75 07:11.866,4,0,0,0,67301,0,0,0,N,0,0,0,2,67301,2,,1,1,,N,N,,0,,0,0,0,3,3,N,1200,2,2,0,0,1,0,0,3,4,0,2,3,,N,,,,,,,,,,,
2006083114,2.0,2,0,0,0,0,0,0,0,0,2,0,,67,5,2006,1,40.0343,-75.2289,208.0,6,0,0,0,1,0,0,0,0,3.0,0,0,0,2,3,0,0,,2.0,40 02:03.577,6.0,0,75 13:43.870,9,0,0,0,67301,0,0,0,N,0,0,0,3,67301,0,,1,1,,N,N,,0,,0,0,1,0,0,N,208,0,3,0,0,0,0,1,3,4,0,3,3,,N,,,,,,,,,,,
2006082964,742.0,2,0,0,0,0,0,0,0,0,4,0,,67,7,2006,7,39.9369,-75.1423,1738.0,6,0,0,0,0,0,0,0,0,,0,0,0,17,1,2,2,,0.0,39 56:13.000,,0,75 08:31.861,4,0,0,0,67301,0,0,0,N,0,0,0,3,67301,2,,1,1,,N,N,,0,,0,0,0,0,0,,1715,2,2,0,0,3,0,0,3,4,0,2,3,,N,,,,,,,,,,,
2006021620,2205.0,3,0,0,0,0,0,0,0,0,4,0,,67,1,2006,5,39.9573,-75.2479,2201.0,6,0,0,0,0,0,0,0,0,,0,0,0,22,3,2,1,,0.0,39 57:26.000,,0,75 14:52.592,4,0,0,0,67301,0,0,0,Y,0,0,0,4,67301,2,,1,1,,N,N,,0,,0,0,0,3,2,,2201,2,3,0,0,0,0,0,3,4,0,3,3,,N,,,,,,,,,,,
2006103876,1600.0,0,0,0,0,0,0,0,0,0,8,0,,67,9,2006,7,,,1555.0,6,0,0,0,0,1,0,0,0,,0,0,0,15,1,1,1,,0.0,,,0,,4,0,0,0,67301,1,0,0,N,1,0,0,2,67301,1,,1,1,,N,N,,1,,0,0,0,9,3,,1547,1,2,0,0,0,0,0,3,3,0,1,3,,N,,,,,,,,,,,
2006096841,2046.0,2,0,0,0,0,0,0,0,0,4,0,,67,8,2006,5,39.924,-75.1436,2044.0,6,0,0,0,0,0,0,0,0,,0,0,0,20,3,3,1,,0.0,39 55:26.000,,0,75 08:36.158,3,0,0,0,67301,0,0,0,,0,0,0,3,67301,1,,1,1,,N,N,,0,,1,0,0,3,2,,2041,3,2,0,0,0,1,0,3,4,0,2,3,,N,,,,,,,,,,,
2006080111,1310.0,1,0,0,0,0,0,0,0,0,4,1,,67,6,2006,2,39.8946,-75.2367,1300.0,6,0,0,0,0,0,1,0,0,,0,1,0,12,1,1,1,,0.0,39 53:40.000,,0,75 14:12.237,8,0,0,0,67301,0,0,0,,0,0,0,3,67301,0,,1,9,,,,,0,,0,0,0,9,2,,1245,1,2,0,0,0,1,0,3,4,0,2,7,,N,,,,,,,,,,,
2006082547,2045.0,1,0,0,0,0,0,0,0,0,7,0,,67,7,2006,5,40.0298,-75.06,2039.0,6,0,0,0,0,0,1,0,0,,0,0,0,20,3,1,1,,0.0,40 01:47.000,,0,75 03:36.513,4,0,0,0,67301,0,0,0,N,0,0,0,2,67301,1,,5,1,,N,N,,0,,0,0,0,3,2,,2036,1,1,0,0,0,0,0,3,4,0,1,3,,N,,,,,,,,,,,
2006125314,220.0,1,0,0,0,0,0,0,0,0,7,0,,67,10,2006,6,39.9826,-75.0995,217.0,6,0,0,0,0,0,0,0,0,3.0,0,0,0,2,3,3,0,,2.0,39 58:57.000,1.0,0,75 05:57.220,2,0,0,0,67301,0,0,0,Y,0,0,0,3,67301,0,,3,1,,N,N,,0,,0,3,0,0,0,Y,217,3,1,0,3,3,0,0,3,4,0,1,3,,N,,,,,,,,,,,
2006125390,1819.0,1,0,0,0,0,0,0,0,0,8,0,,67,11,2006,2,40.0275,-75.0598,1815.0,6,0,0,0,0,0,0,0,0,,0,0,0,18,3,1,2,,0.0,40 01:38.000,,0,75 03:35.154,4,0,0,0,67301,1,0,0,N,1,0,0,2,67301,1,,1,1,,N,N,,0,,0,0,0,0,0,,1810,1,2,0,0,0,0,0,3,4,0,1,3,,N,,,,,,,,,,,
2006125398,2019.0,2,0,0,0,0,0,0,0,0,4,0,,67,10,2006,6,,,2021.0,6,0,0,0,0,0,0,0,0,,0,0,0,20,2,1,0,,0.0,,,0,,4,0,0,0,67301,0,0,0,N,0,0,0,6,67301,1,,1,9,,N,N,,0,,0,0,0,3,2,,2005,1,2,0,0,0,0,1,3,3,0,2,7,,N,,,,,,,,,,,
2006115669,9999.0,3,0,0,0,0,0,0,0,0,4,0,,67,10,2006,5,39.9247,-75.1562,1307.0,6,0,0,0,0,0,0,0,0,,0,0,0,99,1,1,1,,0.0,39 55:28.873,,0,75 09:22.287,4,0,0,0,67301,0,0,0,N,0,0,0,2,67301,1,,1,1,,N,N,,0,,0,0,0,0,0,,9999,1,4,0,0,0,0,0,3,4,1,4,3,,N,,,,,,,,,,,
2006125254,1530.0,2,0,0,0,0,0,0,0,0,1,0,,67,11,2006,5,40.0524,-75.076,1523.0,6,0,0,0,0,0,0,0,0,2.0,0,0,0,14,1,1,0,,1.0,40 03:08.488,1.0,0,75 04:33.690,8,0,0,0,67301,0,0,0,N,0,0,0,2,67301,0,,6,1,,N,N,,0,,0,0,0,0,0,Y,1422,1,2,0,0,0,1,0,3,4,0,2,3,,N,,,,,,,,,,,
2006125263,1539.0,0,0,0,0,0,0,0,0,0,8,0,,67,10,2006,2,,,1536.0,6,0,0,0,0,0,0,0,0,,0,0,0,99,1,1,1,,0.0,,,0,,4,0,0,0,67301,1,0,0,N,1,0,0,2,67301,1,,1,1,,N,Y,,1,,0,0,0,3,2,,9999,1,2,0,0,0,0,0,3,3,0,1,3,,N,,,,,,,,,,,
2006125266,2050.0,2,0,0,0,0,0,0,0,0,4,0,,67,10,2006,3,40.013,-75.1194,2045.0,6,0,0,0,0,0,0,1,0,,0,0,0,20,3,1,1,,0.0,40 00:46.000,,0,75 07:09.727,4,0,0,0,67301,0,0,0,N,0,0,0,4,67301,1,,1,1,,N,N,,0,,0,0,0,3,2,,2044,1,2,0,0,0,0,0,3,4,0,2,3,,N,,,,,,,,,,,
2006125291,1440.0,1,0,0,0,0,0,0,0,0,4,1,,67,10,2006,4,40.0242,-75.1449,1432.0,6,0,0,0,0,0,1,0,0,,0,1,0,14,1,1,1,,0.0,40 01:26.961,,0,75 08:41.639,4,0,0,0,67301,0,0,0,N,0,0,0,2,67301,1,,1,9,,N,N,,0,,0,0,0,0,0,,1425,1,2,0,0,0,0,0,3,4,0,2,3,,N,,,,,,,,,,,
2006065602,1715.0,2,0,0,0,0,0,0,0,0,6,0,,67,6,2006,6,,,1711.0,6,0,0,0,0,1,0,0,0,,0,0,0,17,1,1,1,,0.0,,,0,,8,0,0,0,67301,0,0,0,N,0,0,0,3,67301,0,,1,9,,N,N,,0,,0,0,0,9,3,,1711,1,2,0,0,0,1,0,3,3,0,2,7,,N,,,,,,,,,,,
2006065810,1650.0,0,0,0,0,0,0,0,0,0,8,0,,67,5,2006,4,,,1650.0,6,0,0,0,0,0,1,0,0,,0,0,0,16,1,1,1,,0.0,,,0,,3,0,0,0,67301,1,0,0,N,1,0,0,2,67301,0,,1,1,,N,N,,0,,1,0,1,9,2,,1650,1,2,0,0,1,0,0,3,3,0,1,3,,N,,,,,,,,,,,
2006125422,1248.0,1,0,0,0,0,0,0,0,0,4,0,,67,11,2006,1,40.0568,-75.0913,1246.0,6,0,0,0,0,0,1,0,0,,0,0,0,12,1,1,1,,0.0,40 03:24.328,,0,75 05:28.694,4,0,0,0,67301,0,0,0,N,0,0,0,5,67301,1,,1,1,,N,N,,1,,0,0,0,3,3,,1243,1,2,0,0,0,0,0,3,4,0,2,3,,N,,,,,,,,,,,
2006122081,1330.0,3,0,0,0,0,0,0,0,0,1,0,,67,11,2006,1,40.0064,-75.2156,9999.0,6,0,0,0,0,0,0,0,0,2.0,0,0,0,13,1,1,0,,2.0,40 00:22.000,2.0,0,75 12:56.349,3,0,0,0,67301,0,0,0,N,0,0,0,6,46104,0,,1,1,,N,N,,0,,1,0,0,0,0,N,1328,1,3,0,0,0,0,0,3,4,0,3,3,,N,,,,,,,,,,,
2006115115,1209.0,0,0,0,0,0,0,0,0,0,8,1,,67,10,2006,3,39.9949,-75.1258,1209.0,6,0,0,0,0,0,0,0,0,,0,1,0,12,1,2,0,,0.0,39 59:41.614,,0,75 07:32.754,4,0,0,0,67301,2,0,0,N,2,0,0,3,67301,2,,2,1,,N,N,,0,,0,0,0,0,0,,1208,2,3,0,0,0,0,0,3,4,0,1,3,,N,,,,,,,,,,,
2006115121,1820.0,0,0,0,0,0,0,0,0,0,8,0,,67,9,2006,6,39.9989,-75.1534,1813.0,6,0,0,0,0,0,1,0,0,,0,0,0,99,1,1,0,,0.0,39 59:56.000,,0,75 09:12.406,4,0,0,1,67301,1,0,0,N,1,0,0,2,67301,1,,2,1,,N,N,,0,,0,0,0,0,0,,9999,1,2,0,0,0,0,0,3,4,0,1,3,,N,,,,,,,,,,,
2006123771,1250.0,1,0,0,0,0,0,0,0,0,1,0,,67,10,2006,1,39.9689,-75.1599,1245.0,6,0,0,0,1,0,0,0,0,,0,0,0,12,1,1,1,,0.0,39 58:08.000,,0,75 09:35.821,4,0,0,0,67301,0,0,0,,0,0,0,4,67301,1,,1,1,,,N,,0,,0,0,2,0,0,,1240,1,3,0,0,1,0,0,3,4,0,3,3,,N,,,,,,,,,,,
2006106037,830.0,1,0,0,0,0,0,1,0,0,1,1,,67,10,2006,4,40.0071,-75.2137,827.0,6,0,0,0,0,0,0,0,0,,0,0,0,8,1,1,1,,0.0,40 00:25.000,,0,75 12:49.352,8,0,0,0,67301,0,0,0,N,0,0,0,2,46104,0,,1,1,,N,N,,0,,0,0,0,3,2,,826,1,2,0,0,0,1,0,3,4,0,2,3,,N,,,,,,,,,,,
2006054562,1155.0,2,0,0,0,0,0,0,0,0,1,0,,67,5,2006,4,40.0993,-74.9865,1150.0,6,0,0,0,0,0,0,0,0,,0,0,0,11,1,1,10,,0.0,40 05:57.480,,2,74 59:11.400,3,0,0,0,67301,0,0,0,N,0,0,0,2,67301,0,,1,1,,N,N,,0,,1,0,0,3,3,,1150,1,2,0,0,0,0,0,3,4,0,2,3,,N,,,,,,,,,,,
2006080877,1830.0,3,0,0,0,0,0,0,0,0,4,0,,67,6,2006,5,39.9867,-75.2076,1830.0,6,0,0,0,1,0,1,0,0,3.0,0,0,0,18,4,1,3,,1.0,39 59:12.000,3.0,0,75 12:26.563,3,0,0,0,67301,0,0,0,N,0,0,0,5,67301,0,,1,1,,N,N,,0,,1,0,0,3,3,N,1820,1,3,0,0,3,0,0,3,4,0,3,3,,N,,,,,,,,,,,
2006083416,1951.0,2,0,0,0,0,0,0,0,0,1,0,,67,6,2006,7,,,9999.0,6,0,0,0,0,0,0,0,0,,0,0,0,19,1,1,1,,0.0,,,0,,8,0,0,0,67301,0,0,0,N,0,0,0,2,67301,0,,1,9,,N,N,,0,,0,0,0,3,2,,1945,1,2,0,0,1,1,0,3,3,0,2,7,,N,,,,,,,,,,,
2006080965,1743.0,1,0,0,1,0,0,0,0,0,4,0,,67,6,2006,6,40.0761,-75.162,1739.0,6,0,0,0,0,0,0,0,0,,0,0,0,17,1,1,2,,0.0,40 04:34.057,,0,75 09:43.052,4,0,0,0,67301,1,0,0,N,0,0,0,2,67301,1,,1,1,,N,N,,0,,0,0,0,0,0,,1735,1,2,0,0,0,0,0,3,4,0,1,3,,N,,,,,,,,,,,
2006114111,831.0,2,0,0,0,0,0,0,0,0,4,0,,67,10,2006,7,,,825.0,6,0,0,0,0,0,1,0,0,1.0,0,0,0,8,1,2,0,,2.0,,4.0,7,,4,0,0,0,67301,0,0,0,N,0,0,0,3,67301,2,,1,9,,N,N,,0,,0,0,0,0,0,N,820,2,2,0,0,1,0,0,3,3,0,2,3,,N,,,,,,,,,,,
2006103653,156.0,1,0,0,0,0,0,0,0,0,7,0,,67,9,2006,1,,,149.0,6,0,0,0,0,0,0,0,0,,0,0,0,1,3,0,0,,0.0,,,0,,0,0,0,0,67301,0,0,0,N,0,0,0,1,67301,0,,2,9,,N,N,,0,,0,0,0,0,0,,145,0,1,0,0,0,0,0,3,3,0,1,7,,N,,,,,,,,,,,
2006103678,1712.0,2,0,0,0,0,0,0,0,0,1,0,,67,8,2006,3,40.0582,-74.9879,1647.0,6,0,0,0,0,0,0,2,0,,0,0,0,16,1,2,0,,0.0,40 03:29.000,,0,74 59:15.576,4,0,0,0,67301,0,0,0,N,0,0,0,4,67301,1,,1,1,,N,N,,0,,0,0,0,3,2,,1640,2,3,0,0,0,1,0,3,4,0,3,3,,N,,,,,,,,,,,
2006106561,235.0,1,0,0,0,0,0,0,0,0,1,0,,67,8,2006,1,40.0198,-75.1489,225.0,6,0,0,0,0,0,0,0,0,2.0,0,0,0,2,3,3,0,,2.0,40 01:11.000,1.0,0,75 08:56.100,4,0,0,0,67301,0,0,0,,0,0,0,10,67301,3,,1,1,,N,N,,1,,0,0,0,0,0,N,225,3,2,0,0,0,0,0,3,4,0,2,3,,N,,,,,,,,,,,
2006106575,1733.0,2,0,0,0,0,0,0,0,0,4,0,,67,8,2006,2,39.9419,-75.2333,1727.0,6,0,0,0,1,0,0,0,0,,0,0,0,15,1,0,2,,0.0,39 56:30.901,,0,75 14:00.002,0,0,0,0,67301,0,0,0,N,0,0,0,2,67301,0,,1,1,,N,N,,0,,0,0,0,3,3,,1530,0,2,0,0,0,0,0,3,4,0,2,3,,N,,,,,,,,,,,
2006104240,237.0,1,0,0,0,0,0,0,0,0,4,0,,67,8,2006,1,40.0251,-75.033,234.0,6,0,0,0,0,0,0,0,0,2.0,0,0,0,2,3,1,1,,2.0,40 01:37.000,3.0,0,75 02:17.148,4,0,0,0,67301,0,0,0,N,0,0,0,3,67301,1,,1,9,,N,N,,0,,0,0,1,2,2,Y,230,1,4,0,0,0,0,0,3,4,1,4,7,,N,,,,,,,,,,,
2006101827,2120.0,2,0,0,0,0,0,0,0,0,4,0,,67,9,2006,6,40.0331,-75.107,9999.0,6,0,0,0,1,0,0,0,0,1.0,0,0,0,21,3,5,1,,1.0,40 01:58.000,1.0,0,75 06:23.875,3,0,0,0,67301,0,0,0,,0,0,0,6,67301,2,,1,1,,N,N,,0,,1,0,0,3,2,Y,2115,5,3,0,0,0,2,0,3,4,1,3,3,,N,,,,,,,,,,,
2006104289,951.0,2,0,0,0,0,0,0,0,0,4,0,,67,8,2006,7,40.0175,-75.1503,949.0,6,0,0,0,0,0,0,1,0,,0,0,0,9,1,1,1,,0.0,40 01:02.946,,0,75 09:01.252,3,0,0,0,67301,0,0,0,N,0,0,0,2,67301,0,,1,1,,N,N,,0,,1,0,0,0,0,,945,1,2,0,0,1,0,1,3,4,0,2,3,,N,,,,,,,,,,,
2006104328,1718.0,1,0,0,0,0,0,0,0,0,7,0,,67,9,2006,5,40.0306,-75.068,1718.0,6,0,0,0,0,0,0,1,0,,0,0,0,17,1,0,0,,0.0,40 01:50.098,,0,75 04:04.965,0,0,0,0,67301,0,0,0,N,0,0,0,1,67301,0,,5,9,,N,N,,0,,0,0,0,0,0,,1700,0,1,0,0,0,0,0,3,4,0,1,7,,N,,,,,,,,,,,
2006101901,1840.0,1,0,0,0,0,0,0,0,0,8,0,,67,9,2006,3,,,1834.0,6,0,0,0,0,0,0,0,0,,0,0,0,18,1,1,0,,0.0,,,0,,8,0,0,0,67301,1,0,0,N,1,0,0,2,67301,0,,1,1,,N,N,,0,,0,0,0,0,0,,1830,1,2,0,0,0,1,0,3,3,0,1,3,,N,,,,,,,,,,,
2006101606,1325.0,1,0,0,0,0,0,0,0,0,7,0,,67,9,2006,2,39.9391,-75.1664,1320.0,6,0,0,0,0,0,0,0,1,,1,0,0,13,1,0,1,,0.0,39 56:20.000,,0,75 09:58.990,1,0,0,0,67301,0,0,0,N,0,0,0,1,67301,0,1.0,5,1,,N,N,,0,0.0,0,0,0,9,2,,1315,0,1,0,0,0,0,0,3,4,0,1,3,,N,,,,,,,,,,,
2006103263,1735.0,0,0,0,0,0,0,1,0,0,8,1,,67,9,2006,6,39.9499,-75.1691,1730.0,6,0,0,0,0,0,0,0,0,,0,0,0,17,3,1,1,,0.0,39 56:59.000,,0,75 10:08.321,4,0,0,0,67301,1,0,0,N,1,0,0,2,67301,1,,1,1,,N,N,,0,,0,0,0,0,0,,1730,1,2,0,0,0,0,1,3,4,0,1,3,,N,,,,,,,,,,,
2006080814,2219.0,2,0,0,0,0,0,0,0,0,1,0,,67,6,2006,3,,,2255.0,6,0,0,0,0,0,0,0,0,,0,0,0,22,3,0,0,,0.0,,,0,,9,0,0,0,67301,0,0,0,N,0,0,0,3,67301,0,,1,1,,N,N,,0,,0,0,0,0,0,,2219,0,2,0,0,0,0,3,3,3,0,2,3,,N,,,,,,,,,,,
2006083159,221.0,1,0,0,0,0,0,0,0,0,7,0,,67,5,2006,6,39.952,-75.1734,219.0,6,0,0,0,0,0,0,0,0,3.0,0,0,0,99,3,3,0,,2.0,39 57:07.560,4.0,0,75 10:24.240,2,0,0,0,67301,3,0,1,N,3,0,1,4,67301,1,,5,1,,N,N,,0,,0,2,0,0,0,N,9999,3,4,0,1,1,0,0,3,4,0,1,3,,N,,,,,,,,,,,
2006083172,1439.0,1,0,0,0,0,0,0,0,0,7,0,,67,6,2006,4,39.9632,-75.1836,1435.0,6,0,0,0,1,0,0,0,0,,0,0,0,14,1,1,3,,0.0,39 57:50.760,,2,75 11:04.200,8,0,0,0,67301,0,0,0,N,0,0,0,1,67301,0,,3,1,,N,N,,0,,0,0,0,0,0,,1435,1,2,0,0,0,1,0,3,4,0,1,3,,N,,,,,,,,,,,
2006080847,1420.0,2,0,0,0,0,0,0,0,0,4,0,,67,7,2006,3,,,1415.0,6,0,0,0,0,0,0,0,0,,0,0,0,14,1,0,1,,0.0,,,0,,0,0,0,0,67301,0,0,0,N,0,0,0,2,67301,0,,1,1,,N,N,,0,,0,0,0,0,0,,1415,0,2,0,0,0,0,0,3,3,0,2,3,,N,,,,,,,,,,,
2006021638,1115.0,1,0,0,0,0,0,0,0,0,7,0,,67,1,2006,7,40.0458,-75.0004,1103.0,6,0,0,0,0,0,0,0,0,,0,0,0,10,1,0,0,,0.0,40 02:45.000,,2,75 00:01.550,0,0,0,0,67301,0,0,0,,0,0,0,1,67301,0,,4,9,,N,N,,0,,0,0,0,0,0,,1035,0,1,0,0,0,0,0,3,4,0,1,7,,N,,,,,,,,,,,
2006021664,1816.0,1,0,0,0,0,0,0,0,0,8,0,,67,1,2006,4,,,1815.0,6,0,0,0,0,0,1,0,0,,0,0,0,18,3,1,1,,0.0,,,0,,3,0,0,0,67301,1,0,0,N,1,0,0,2,67301,0,,1,9,,N,N,,0,,1,0,0,9,3,,1800,1,2,0,0,0,0,0,3,3,0,1,7,,N,,,,,,,,,,,
2006103888,2146.0,1,0,0,0,0,0,0,0,0,8,0,,67,9,2006,5,,,2126.0,6,0,0,0,0,0,1,0,0,,0,0,0,21,3,1,1,,0.0,,,0,,3,0,0,0,67301,1,0,0,N,1,0,0,2,67301,0,,1,9,,N,N,,0,,1,0,0,9,3,,2124,1,2,0,0,0,0,0,3,3,0,1,7,,N,,,,,,,,,,,