CRN,ARRIVAL_TM,AUTOMOBILE_COUNT,BELTED_DEATH_COUNT,BELTED_SUSP_SERIOUS_INJ_COUNT,BICYCLE_COUNT,BICYCLE_DEATH_COUNT,BICYCLE_SUSP_SERIOUS_INJ_COUNT,BUS_COUNT,CHLDPAS_DEATH_COUNT,CHLDPAS_SUSP_SERIOUS_INJ_COUNT,COLLISION_TYPE,COMM_VEH_COUNT,CONS_ZONE_SPD_LIM,COUNTY,CRASH_MONTH,CRASH_YEAR,DAY_OF_WEEK,DEC_LAT,DEC_LONG,DISPATCH_TM,DISTRICT,DRIVER_COUNT_16YR,DRIVER_COUNT_17YR,DRIVER_COUNT_18YR,DRIVER_COUNT_19YR,DRIVER_COUNT_20YR,DRIVER_COUNT_50_64YR,DRIVER_COUNT_65_74YR,DRIVER_COUNT_75PLUS,EST_HRS_CLOSED,FATAL_COUNT,HEAVY_TRUCK_COUNT,HORSE_BUGGY_COUNT,HOUR_OF_DAY,ILLUMINATION,INJURY_COUNT,INTERSECT_TYPE,INTERSECTION_RELATED,LANE_CLOSED,LATITUDE,LN_CLOSE_DIR,LOCATION_TYPE,LONGITUDE,MAX_SEVERITY_LEVEL,MCYCLE_DEATH_COUNT,MCYCLE_SUSP_SERIOUS_INJ_COUNT,MOTORCYCLE_COUNT,MUNICIPALITY,NONMOTR_COUNT,NONMOTR_DEATH_COUNT,NONMOTR_SUSP_SERIOUS_INJ_COUNT,NTFY_HIWY_MAINT,PED_COUNT,PED_DEATH_COUNT,PED_SUSP_SERIOUS_INJ_COUNT,PERSON_COUNT,POLICE_AGCY,POSSIBLE_INJ_COUNT,RDWY_SURF_TYPE_CD,RELATION_TO_ROAD,ROAD_CONDITION,ROADWAY_CLEARED,SCH_BUS_IND,SCH_ZONE_IND,SECONDARY_CRASH,SMALL_TRUCK_COUNT,SPEC_JURIS_CD,SUSP_MINOR_INJ_COUNT,SUSP_SERIOUS_INJ_COUNT,SUV_COUNT,TCD_FUNC_CD,TCD_TYPE,TFC_DETOUR_IND,TIME_OF_DAY,TOT_INJ_COUNT,TOTAL_UNITS,UNB_DEATH_COUNT,UNB_SUSP_SERIOUS_INJ_COUNT,UNBELTED_OCC_COUNT,UNK_INJ_DEG_COUNT,UNK_INJ_PER_COUNT,URBAN_AREA,URBAN_RURAL,VAN_COUNT,VEHICLE_COUNT,WEATHER1,WEATHER2,WORK_ZONE_IND,WORK_ZONE_LOC,WORK_ZONE_TYPE,WORKERS_PRES,WZ_CLOSE_DETOUR,WZ_FLAGGER,WZ_LAW_OFFCR_IND,WZ_LN_CLOSURE,WZ_MOVING,WZ_OTHER,WZ_SHLDER_MDN,WZ_WORKERS_INJ_KILLED
2006080089,2331.0,0,0,0,0,0,0,0,0,0,2,0,,67,6,2006,3,40.0071,-75.1747,2330.0,6,0,0,0,0,0,0,0,0,,0,0,0,23,3,1,0,,0.0,40 00:25.000,,0,75 10:29.191,4,0,0,0,67301,0,0,0,N,0,0,0,1,67301,1,,2,1,,N,N,,0,,0,0,1,0,0,,2324,1,2,0,0,0,0,0,3,4,1,2,3,,N,,,,,,,,,,,
2006082549,5.0,2,0,0,0,0,0,0,0,0,4,0,,67,6,2006,4,40.0275,-75.0624,1.0,6,0,0,0,0,0,0,0,0,,0,0,0,0,3,1,1,,0.0,40 01:38.000,,0,75 03:44.578,4,0,0,0,67301,0,0,0,N,0,0,0,2,67301,1,,1,1,,N,N,,0,,0,0,0,3,2,,1,1,2,0,0,2,0,1,3,4,0,2,3,,N,,,,,,,,,,,
2006125338,1635.0,1,0,0,0,0,0,0,0,0,4,0,,67,10,2006,2,,,1625.0,6,0,0,0,0,0,0,0,0,2.0,0,0,0,15,1,2,1,,2.0,,7.0,0,,4,0,0,0,67301,0,0,0,N,0,0,0,4,67301,2,,1,1,,N,N,,2,,0,0,0,3,2,Y,1552,2,3,0,0,1,0,0,3,3,0,3,3,,N,,,,,,,,,,,
2006080129,1310.0,2,0,0,0,0,0,0,0,0,4,0,,67,6,2006,4,39.9239,-75.1855,1305.0,6,1,0,0,0,0,0,0,0,,0,0,0,12,1,1,1,,0.0,39 55:25.914,,0,75 11:07.915,8,0,0,0,67301,0,0,0,N,0,0,0,6,67301,0,,1,1,,N,N,,0,,0,0,0,3,3,,1213,1,2,0,0,0,1,0,3,4,0,2,3,,N,,,,,,,,,,,
2006080154,1947.0,1,0,0,0,0,0,0,0,0,4,0,,67,6,2006,5,39.949,-75.2133,1944.0,6,0,0,0,0,0,1,0,0,,0,0,0,19,3,3,0,,0.0,39 56:56.000,,0,75 12:47.995,4,0,0,0,67301,0,0,0,N,0,0,0,4,67301,3,,1,1,,N,N,,0,,0,0,0,0,0,,1940,3,2,0,0,0,0,0,3,4,0,2,3,,N,,,,,,,,,,,
2006098360,1701.0,1,0,0,0,0,0,0,0,0,1,0,,67,8,2006,3,40.0072,-75.1234,1700.0,6,0,0,0,0,0,0,1,0,,0,0,0,16,1,2,1,,0.0,40 00:26.000,,0,75 07:24.342,4,0,0,0,67301,0,0,0,,0,0,0,5,67301,2,,1,1,,,,,0,,0,0,0,3,2,,1650,2,3,0,0,0,0,0,3,4,2,3,3,,N,,,,,,,,,,,
2006065650,1215.0,3,0,0,0,0,0,0,0,0,1,0,,67,5,2006,4,40.0331,-75.107,1207.0,6,0,0,0,0,0,0,1,1,,0,0,0,12,1,3,1,,0.0,40 01:58.000,,0,75 06:23.875,3,0,0,0,67301,0,0,0,N,0,0,0,4,67301,1,,1,1,,N,N,,0,,2,0,0,3,2,,1205,3,3,0,0,0,0,0,3,4,0,3,3,,N,,,,,,,,,,,
2006112793,1359.0,2,0,0,0,0,0,0,0,0,8,0,,67,10,2006,1,40.0497,-75.0887,1350.0,6,0,0,0,0,0,0,0,1,,0,0,0,13,1,1,0,,0.0,40 02:59.042,,0,75 05:19.417,3,0,0,0,67301,1,0,0,N,0,0,0,3,67301,0,,5,1,,N,N,,0,,1,0,0,0,0,,1348,1,2,0,0,0,0,0,3,4,0,2,3,,N,,,,,,,,,,,
2006112862,236.0,1,0,0,1,0,0,0,0,0,8,0,,67,10,2006,5,39.9533,-75.2053,234.0,6,0,0,0,0,0,0,0,0,,0,0,0,2,3,1,1,,0.0,39 57:11.818,,0,75 12:19.202,8,0,0,0,67301,1,0,0,N,0,0,0,2,67504,0,,1,1,,N,N,,0,,0,0,0,3,3,,234,1,2,0,0,0,1,1,3,4,0,1,3,,N,,,,,,,,,,,
2006112873,1620.0,1,0,0,0,0,0,0,0,0,8,0,,67,9,2006,7,39.9248,-75.2236,1615.0,6,0,0,0,0,0,0,0,0,,0,0,0,16,1,1,0,,0.0,39 55:29.266,,0,75 13:25.050,3,0,0,0,67301,1,0,0,N,1,0,0,2,67301,0,,1,1,,N,N,,0,,1,0,0,0,0,,1600,1,2,0,0,0,0,0,3,4,0,1,3,,N,,,,,,,,,,,
2006125425,900.0,2,0,0,0,0,0,0,0,0,1,0,,67,11,2006,5,,,854.0,6,0,0,0,0,0,0,1,0,,0,0,0,8,1,1,0,,0.0,,,0,,3,0,0,0,67301,0,0,0,N,0,0,0,2,67301,0,,1,9,,N,N,,0,,1,0,0,3,2,,852,1,2,0,0,0,0,0,3,3,0,2,3,,N,,,,,,,,,,,
2006125431,1155.0,1,0,0,0,0,0,0,0,0,7,0,,67,11,2006,5,40.0226,-75.1625,1145.0,6,0,0,0,0,0,1,0,0,,0,0,0,99,1,1,2,,0.0,40 01:21.000,,0,75 09:45.475,8,0,0,0,67301,0,0,0,N,0,0,0,1,67301,0,,4,1,,N,N,,0,,0,0,0,0,0,,9999,1,1,0,0,0,1,0,3,4,0,1,3,,N,,,,,,,,,,,
2006115132,2202.0,1,0,0,0,0,0,0,0,0,4,0,,67,10,2006,5,39.9764,-75.1839,2159.0,6,0,0,0,0,0,0,0,0,2.0,0,0,0,21,3,2,0,,2.0,39 58:35.101,1.0,0,75 11:01.993,3,0,0,0,67301,0,0,0,N,0,0,0,2,67301,1,,6,1,,N,N,,0,,1,0,2,0,0,Y,2158,2,3,0,0,0,0,0,3,4,0,3,3,,N,,,,,,,,,,,
2006114745,620.0,6,0,0,0,0,0,0,0,0,1,0,,67,10,2006,7,39.9784,-75.1109,605.0,6,0,0,0,0,1,1,0,0,2.0,0,0,0,6,3,7,10,,2.0,39 58:41.160,1.0,0,75 06:40.680,4,0,0,0,67301,0,0,0,N,0,0,0,8,67301,6,,1,9,,N,N,,0,,0,0,0,0,0,Y,600,7,6,0,0,0,1,0,3,4,0,6,7,,N,,,,,,,,,,,
2006114407,1525.0,1,0,0,0,0,0,0,0,0,7,0,,67,9,2006,2,39.9041,-75.2263,1519.0,6,0,0,0,0,0,0,0,0,,0,0,0,99,1,1,2,,0.0,39 54:14.659,,0,75 13:34.662,8,0,0,0,67301,0,0,0,N,0,0,0,1,67301,0,,2,1,,N,N,,0,,0,0,0,2,3,,9999,1,1,0,0,0,1,0,3,4,0,1,3,,N,,,,,,,,,,,
2006105106,1225.0,2,0,0,0,0,0,0,0,0,5,0,,67,9,2006,2,40.0496,-75.0582,1223.0,6,0,0,0,0,0,0,0,1,,0,0,0,12,1,2,1,,0.0,40 02:58.000,,0,75 03:29.870,4,0,0,0,67301,0,0,0,,0,0,0,3,67301,2,,1,1,,N,N,,0,,0,0,0,0,0,,1221,2,2,0,0,0,0,0,3,4,0,2,3,,N,,,,,,,,,,,
2006105121,2055.0,2,0,0,0,0,0,0,0,0,1,0,,67,9,2006,6,39.9055,-75.1943,2050.0,6,0,0,0,1,0,0,0,1,1.0,0,0,0,20,3,1,0,,1.0,39 54:19.000,3.0,3,75 11:39.163,4,0,0,0,67301,0,0,0,N,0,0,0,2,67301,1,,1,1,,N,N,,0,,0,0,0,3,2,N,2050,1,2,0,0,0,0,0,3,4,0,2,3,,N,,,,,,,,,,,
2006126812,1819.0,2,0,0,0,0,0,0,0,0,1,0,,67,10,2006,1,39.9535,-75.2446,1817.0,6,0,0,0,0,0,0,0,0,4.0,0,0,0,18,3,1,1,,2.0,39 57:12.477,5.0,0,75 14:40.433,4,0,0,0,67301,0,0,0,N,0,0,0,1,67301,1,,1,1,,N,N,,0,,0,0,0,0,0,Y,1800,1,2,0,0,0,0,0,3,4,0,2,3,,N,,,,,,,,,,,
2006093427,1814.0,0,0,0,1,0,0,0,0,0,8,0,,67,8,2006,6,40.0216,-75.1652,1807.0,6,0,0,0,0,0,0,0,0,,0,0,0,18,1,1,0,,0.0,40 01:17.677,,0,75 09:54.594,8,0,0,0,67301,1,0,0,N,0,0,0,3,67301,0,,1,1,,N,N,,1,,0,0,0,0,0,,1802,1,2,0,0,0,1,0,3,4,0,1,3,,N,,,,,,,,,,,
2006093619,925.0,2,0,0,0,0,0,0,0,0,4,0,,67,8,2006,6,40.0399,-75.1648,920.0,6,0,0,0,0,0,1,0,0,,0,0,0,9,1,0,2,,0.0,40 02:23.521,,0,75 09:53.452,0,0,0,0,67301,0,0,0,N,0,0,0,5,67301,0,,1,1,,N,N,,0,,0,0,0,3,3,,915,0,2,0,0,0,0,0,3,4,0,2,3,,N,,,,,,,,,,,
2006081122,1955.0,2,0,0,0,0,0,0,0,0,1,0,,67,6,2006,6,,,1953.0,6,0,0,0,0,0,0,0,0,,0,0,0,99,1,1,0,,0.0,,,0,,3,0,0,1,67301,0,0,0,N,0,0,0,2,67301,0,,1,1,,N,N,,0,,1,0,0,0,0,,9999,1,3,0,0,0,0,0,3,3,0,3,3,,N,,,,,,,,,,,
2006081162,1024.0,1,0,0,1,0,0,0,0,0,2,0,,67,5,2006,7,39.9172,-75.2463,1022.0,6,0,0,0,0,0,0,0,0,,0,0,0,10,1,1,1,,0.0,39 55:01.000,,0,75 14:46.700,3,0,0,0,67301,1,0,0,N,0,0,0,2,67301,0,,1,1,,N,N,,0,,1,0,0,9,2,,1018,1,2,0,0,0,0,0,3,4,0,1,3,,N,,,,,,,,,,,
2006081362,1643.0,2,0,0,0,0,0,0,0,0,1,0,,67,5,2006,6,40.0031,-75.1643,1629.0,6,0,0,0,1,0,1,0,0,,0,0,0,16,1,1,1,,0.0,40 00:11.000,,0,75 09:51.792,4,0,0,0,67301,0,0,0,N,0,0,0,3,67301,1,,1,1,,N,N,,0,,0,0,1,3,2,,1624,1,3,0,0,0,0,0,3,4,0,3,3,,N,,,,,,,,,,,
2006105766,1320.0,1,0,0,0,0,0,0,0,0,1,0,,67,8,2006,1,,,1316.0,6,0,0,0,0,0,2,0,0,,0,0,0,13,1,1,1,,0.0,,,0,,4,0,0,0,67301,0,0,0,N,0,0,0,3,67301,1,,1,1,,,,,0,,0,0,1,3,2,,1310,1,2,0,0,0,0,0,3,3,0,2,3,,N,,,,,,,,,,,
2006114110,1640.0,1,0,0,0,0,0,0,0,0,2,0,,67,10,2006,6,40.006,-75.0867,1635.0,6,0,0,0,0,0,0,0,0,,0,0,0,16,1,1,2,,0.0,40 00:21.000,,0,75 05:12.257,4,0,0,0,67301,0,0,0,N,0,0,0,2,67301,1,,1,9,,N,N,,0,,0,0,0,3,3,,1620,1,2,0,0,0,0,0,3,4,1,2,7,,N,,,,,,,,,,,
2006096595,1255.0,0,0,0,0,0,0,1,0,0,7,1,,67,7,2006,6,40.0865,-75.0281,1254.0,6,0,0,0,0,0,0,0,0,,0,0,0,12,1,1,0,,0.0,40 05:11.328,,0,75 01:41.073,8,0,0,0,67301,0,0,0,N,0,0,0,2,67301,0,,2,1,,N,N,,0,,0,0,0,0,0,,1253,1,1,0,0,0,1,0,3,4,0,1,3,,N,,,,,,,,,,,
2006104296,1627.0,0,0,0,0,0,0,0,0,0,4,0,,67,3,2006,2,40.053,-75.1367,1623.0,6,0,0,0,0,0,1,0,0,,0,0,0,15,1,4,1,,0.0,40 03:10.684,,0,75 08:12.112,4,0,0,0,67301,0,0,0,N,0,0,0,5,67301,4,,1,1,,N,N,,1,,0,0,1,3,2,,1503,4,2,0,0,0,0,0,3,4,0,2,3,,N,,,,,,,,,,,
2006125516,112.0,2,0,0,0,0,0,0,0,0,1,0,,67,11,2006,6,40.0523,-75.1516,107.0,6,0,0,0,0,0,0,0,0,1.0,0,0,0,23,3,1,1,,2.0,40 03:08.000,5.0,0,75 09:06.083,8,0,0,0,67301,0,0,0,N,0,0,0,1,67301,0,,1,1,,N,N,,0,,0,0,1,0,0,Y,2323,1,3,0,0,0,1,0,3,4,0,3,3,,N,,,,,,,,,,,
2006102829,221.0,2,0,0,0,0,0,0,0,0,5,0,,67,9,2006,1,39.9278,-75.237,217.0,6,0,0,0,0,0,1,0,0,2.0,0,0,0,2,3,2,1,,2.0,39 55:40.000,7.0,0,75 14:13.508,3,0,0,0,67301,0,0,0,N,0,0,0,3,67301,0,,1,1,,N,N,,0,,2,0,0,3,2,Y,217,2,2,0,0,1,0,0,3,4,0,2,3,,N,,,,,,,,,,,
2006102848,825.0,2,0,0,0,0,0,0,0,0,4,0,,67,9,2006,1,40.0553,-75.0566,815.0,6,0,0,0,0,0,0,0,0,,0,0,0,8,1,1,1,,0.0,40 03:19.087,,0,75 03:23.630,8,0,0,0,67301,0,0,0,N,0,0,0,4,67301,0,,1,1,,N,N,,0,,0,0,0,3,3,,810,1,2,0,0,0,1,0,3,4,0,2,3,,N,,,,,,,,,,,
2006080685,9999.0,2,0,0,0,0,0,0,0,0,4,0,,67,6,2006,2,40.084,-74.974,9999.0,6,0,0,0,0,0,1,0,0,,0,0,0,99,1,1,0,,0.0,40 05:02.040,,0,74 58:26.400,3,0,0,0,67301,0,0,0,N,0,0,0,3,67301,0,,1,9,,N,N,,0,,1,0,0,3,2,,9999,1,2,0,0,0,0,0,3,4,0,2,3,,N,,,,,,,,,,,
2006080700,1656.0,1,0,0,0,0,0,0,0,0,7,0,,67,6,2006,1,40.1059,-74.9942,1647.0,6,0,0,0,0,0,0,0,0,1.0,0,0,0,16,1,2,0,,1.0,40 06:21.600,4.0,0,74 59:38.760,4,0,0,0,67301,0,0,0,N,0,0,0,2,67301,2,,2,1,,N,N,,0,,0,0,0,0,0,N,1647,2,1,0,0,0,0,0,3,4,0,1,3,,N,,,,,,,,,,,
2006080278,930.0,1,0,0,0,0,0,0,0,0,4,0,,67,6,2006,3,39.8876,-75.248,923.0,6,0,1,0,0,0,0,0,0,,0,0,0,9,1,1,2,,0.0,39 53:25.000,,0,75 14:42.104,4,0,0,0,67301,0,0,0,N,0,0,0,2,67301,1,,1,1,,N,N,,0,,0,0,1,3,1,,920,1,2,0,0,0,0,0,3,4,0,2,3,,N,,,,,,,,,,,
2006071198,1834.0,2,0,0,0,0,0,0,0,0,1,0,,67,6,2006,6,,,1834.0,6,0,0,0,0,0,0,1,0,,0,0,0,10,1,1,0,,0.0,,,0,,4,0,0,0,67301,0,0,0,N,0,0,0,2,67501,1,,1,1,,N,N,,0,,0,0,0,3,8,,1034,1,2,0,0,0,0,0,3,3,0,2,3,,N,,,,,,,,,,,
2006082996,1820.0,2,0,0,0,0,0,0,0,0,1,0,,67,7,2006,5,39.9631,-75.1899,1818.0,6,0,0,0,0,0,1,0,0,9.0,0,0,0,18,1,2,0,,1.0,39 57:47.000,3.0,0,75 11:23.758,4,0,0,0,67301,0,0,0,N,0,0,0,7,67301,2,,1,1,,N,N,,0,,0,0,1,0,0,N,1815,2,3,0,0,3,0,0,3,4,0,3,3,,N,,,,,,,,,,,
2006083006,1127.0,1,0,0,0,0,0,0,0,0,4,0,,67,6,2006,6,39.999,-75.231,1126.0,6,0,0,0,0,0,0,0,0,,0,0,0,99,1,0,0,,0.0,39 59:56.000,,0,75 13:51.612,0,0,0,0,67301,0,0,0,N,0,0,0,2,67301,0,,1,1,,N,N,,1,,0,0,0,0,0,,9999,0,2,0,0,0,0,0,3,4,0,2,3,,N,,,,,,,,,,,
2006083014,1846.0,0,0,0,0,0,0,0,0,0,8,0,,67,6,2006,5,,,1845.0,6,0,0,0,1,0,0,0,0,1.0,0,0,0,18,1,1,0,,2.0,,4.0,0,,8,0,0,0,67301,1,0,0,N,1,0,0,2,67301,0,,1,9,,N,N,,0,,0,0,0,0,0,N,1840,1,2,0,0,0,1,0,3,3,0,1,3,,N,,,,,,,,,,,
2006021605,2250.0,1,0,0,0,0,0,0,0,0,7,0,,67,1,2006,1,39.9608,-75.1405,2250.0,6,0,0,0,0,0,0,0,0,1.0,0,0,0,22,3,2,0,,1.0,39 57:36.000,2.0,0,75 08:26.969,3,0,0,0,67301,0,0,0,,0,0,0,2,67301,1,,2,1,,N,N,,0,,1,0,0,0,0,N,2250,2,1,0,0,0,0,0,3,4,0,1,3,,N,,,,,,,,,,,
2006021616,213.0,2,0,0,0,0,0,0,0,0,1,0,,67,1,2006,7,,,212.0,6,0,0,0,0,0,0,0,0,,0,0,0,2,3,1,0,,0.0,,,0,,8,0,0,0,67301,0,0,0,N,0,0,0,3,67301,0,,1,9,,N,N,,0,,0,0,0,0,0,,212,1,2,0,0,1,1,0,3,3,0,2,7,,N,,,,,,,,,,,
2006125342,9999.0,1,0,0,0,0,0,0,0,0,4,0,,67,1,2006,3,39.9863,-75.1563,949.0,6,0,0,0,0,1,0,0,0,,0,0,0,9,1,3,1,,0.0,39 59:10.000,,0,75 09:22.544,4,0,0,1,67301,0,0,0,N,0,0,0,3,67301,2,,1,1,,N,N,,0,,0,0,0,9,2,,925,3,2,0,0,2,1,0,3,4,0,2,3,,N,,,,,,,,,,,
2006125377,2250.0,1,0,0,0,0,0,0,0,0,7,0,,67,10,2006,7,39.9882,-75.2073,2245.0,6,0,0,0,0,0,0,0,0,1.0,0,0,0,22,3,0,1,,1.0,39 59:18.000,3.0,2,75 12:25.320,0,0,0,0,67301,0,0,0,Y,0,0,0,1,67301,0,,2,1,,N,N,,0,,0,0,0,0,0,N,2245,0,1,0,0,0,0,0,3,4,0,1,3,,N,,,,,,,,,,,
2006118194,920.0,1,0,0,0,0,0,0,0,0,1,0,,67,8,2006,3,39.9503,-75.1722,918.0,6,0,0,0,0,0,0,0,0,,0,1,0,9,1,0,2,,0.0,39 57:01.000,,0,75 10:19.642,9,0,0,0,67301,0,0,0,N,0,0,0,2,67301,0,,1,1,,N,N,,0,,0,0,0,3,2,,917,0,2,0,0,0,0,1,3,4,0,2,3,,N,,,,,,,,,,,
2006115674,2120.0,2,0,0,0,0,0,0,0,0,1,0,,67,10,2006,1,39.8993,-75.1767,2109.0,6,0,0,0,1,0,0,0,0,1.0,0,0,0,21,3,0,0,,1.0,39 53:57.000,2.0,0,75 10:34.490,0,0,0,0,67301,0,0,0,N,0,0,0,3,67301,0,,1,1,,N,N,,0,,0,0,0,0,0,Y,2105,0,2,0,0,0,0,0,3,4,0,2,3,,N,,,,,,,,,,,
2006125280,9999.0,2,0,0,0,0,0,0,0,0,6,0,,67,11,2006,7,40.0157,-75.1401,9999.0,6,0,0,0,0,0,1,0,0,,0,0,0,99,1,1,1,,0.0,40 00:56.408,,0,75 08:24.331,8,0,0,0,67301,0,0,0,N,0,0,0,2,67301,0,,1,1,,N,N,,0,,0,0,0,0,0,,9999,1,2,0,0,0,1,1,3,4,0,2,3,,N,,,,,,,,,,,
2006065588,1930.0,3,0,0,0,0,0,0,0,0,1,0,,67,6,2006,5,,,1925.0,6,0,0,0,0,0,2,0,0,,0,0,0,19,1,3,0,,0.0,,,0,,3,0,0,0,67301,0,0,0,N,0,0,0,6,67301,1,,1,1,,N,N,,0,,2,0,0,0,0,,1920,3,3,0,0,1,0,0,3,3,0,3,3,,N,,,,,,,,,,,
2006063225,1610.0,1,0,0,0,0,0,0,0,0,2,0,,67,5,2006,4,,,1557.0,6,0,0,0,1,0,0,0,0,9.0,0,0,0,15,1,1,2,,1.0,,4.0,0,,4,0,0,0,67301,0,0,0,N,0,0,0,2,67301,1,,1,1,,N,N,,0,,0,0,1,3,2,N,1538,1,2,0,0,0,0,0,3,3,0,2,3,,N,,,,,,,,,,,
2006065739,1805.0,2,0,0,0,0,0,0,0,0,1,0,,67,5,2006,2,,,1800.0,6,0,0,0,0,0,0,0,0,,0,0,0,17,1,1,1,,0.0,,,0,,4,0,0,0,67301,0,0,0,,0,0,0,2,67301,1,,1,9,,N,N,,0,,0,0,0,3,2,,1755,1,2,0,0,0,0,1,3,3,0,2,7,,N,,,,,,,,,,,
2006065820,1047.0,1,0,0,0,0,0,0,0,0,4,0,,67,5,2006,4,,,1040.0,6,0,0,0,0,0,0,1,0,,0,0,0,10,1,1,1,,0.0,,,0,,3,0,0,0,67301,0,0,0,,0,0,0,2,67301,0,,1,1,,,,,1,,1,0,0,3,2,,1040,1,2,0,0,0,0,0,3,3,0,2,3,,N,,,,,,,,,,,
2006112795,905.0,0,0,0,0,0,0,0,0,0,1,0,,67,9,2006,6,40.0374,-75.1909,856.0,6,0,0,0,0,0,0,0,0,,0,0,0,8,1,1,1,,0.0,40 02:14.460,,0,75 11:27.412,8,0,0,0,67301,0,0,0,N,0,0,0,3,67301,0,,1,9,,N,N,,0,,0,0,2,3,2,,856,1,2,0,0,0,1,0,3,4,0,2,98,,N,,,,,,,,,,,
2006112846,1745.0,0,0,0,0,0,0,0,0,0,8,0,,67,10,2006,3,40.0566,-75.0466,1735.0,6,0,0,0,0,0,0,0,0,,0,0,0,17,1,1,1,,0.0,40 03:23.000,,0,75 02:47.503,4,0,0,0,67301,1,0,0,N,1,0,0,2,67301,1,,1,9,,N,N,,0,,0,0,0,3,2,,1700,1,2,0,0,0,0,1,3,4,0,1,3,,N,,,,,,,,,,,
2006126797,1159.0,1,0,0,0,0,0,0,0,0,4,0,,67,11,2006,4,40.0543,-75.0716,1149.0,6,0,0,0,0,0,1,0,0,,0,0,0,11,1,0,1,,0.0,40 03:15.000,,0,75 04:17.582,0,0,0,0,67301,0,0,0,N,0,0,0,2,67301,0,,1,9,,N,N,,1,,0,0,0,3,2,,1145,0,2,0,0,2,0,0,3,4,0,2,7,,N,,,,,,,,,,,
2006102360,1705.0,0,0,0,0,0,0,1,0,0,8,1,,67,9,2006,6,,,1700.0,6,0,0,0,0,0,0,0,0,,0,0,0,99,1,1,0,,0.0,,,0,,8,0,0,0,67301,1,0,0,N,1,0,0,2,67301,0,,1,1,,N,N,,0,,0,0,0,0,0,,9999,1,2,0,0,0,1,0,3,3,0,1,3,,N,,,,,,,,,,,
2006114705,930.0,0,0,0,0,0,0,1,0,0,8,1,,67,10,2006,6,39.9546,-75.1648,917.0,6,0,0,0,0,0,1,0,0,,0,0,0,9,1,1,1,,0.0,39 57:16.560,,0,75 09:53.280,3,0,0,0,67301,1,0,0,N,1,0,0,2,67301,0,,1,9,,N,N,,0,,1,0,0,3,2,,915,1,2,0,0,0,0,0,3,4,0,1,7,,N,,,,,,,,,,,
2006105163,2200.0,2,0,0,0,0,0,0,0,0,4,0,,67,8,2006,2,39.9093,-75.173,2153.0,6,0,0,0,0,0,0,0,0,,0,0,0,21,3,0,1,,0.0,39 54:33.000,,0,75 10:22.831,0,0,0,0,67301,0,0,0,N,0,0,0,2,67301,0,,1,1,,N,N,,0,,0,0,0,9,1,,2145,0,2,0,0,1,0,0,3,4,0,2,3,,N,,,,,,,,,,,
2006126822,1441.0,1,0,0,0,0,0,0,0,0,4,0,,67,11,2006,1,40.0497,-74.9881,1439.0,6,0,0,0,0,0,0,0,1,,0,0,0,14,1,1,1,,0.0,40 02:58.000,,0,74 59:17.593,2,0,1,1,67301,0,0,0,N,0,0,0,2,67301,0,,2,1,,N,N,,1,,0,1,0,0,0,,1437,1,3,0,0,0,0,0,3,4,0,3,3,,N,,,,,,,,,,,
2006123746,2240.0,1,0,0,0,0,0,0,0,0,7,0,,67,10,2006,6,39.9593,-75.1805,2232.0,6,0,0,0,0,0,0,0,0,2.0,0,0,0,22,3,5,0,,2.0,39 57:35.000,3.0,2,75 10:50.301,8,0,0,0,67301,0,0,0,N,0,0,0,5,67301,0,,2,9,,N,N,,0,,0,0,0,0,0,Y,2225,5,1,0,0,0,5,0,3,4,0,1,7,,N,,,,,,,,,,,
2006123775,20.0,2,0,0,0,0,0,0,0,0,4,0,,67,10,2006,6,40.033,-75.0836,12.0,6,0,0,1,0,0,1,0,0,,0,0,0,23,3,0,0,,0.0,40 01:58.000,,0,75 05:00.882,0,0,0,0,67301,0,0,0,,0,0,0,2,67301,0,,1,9,,,,,0,,0,0,0,0,0,,2355,0,2,0,0,0,0,0,3,4,0,2,7,,N,,,,,,,,,,,
2006123824,1430.0,2,0,0,0,0,0,0,0,0,1,0,,67,10,2006,2,40.0428,-75.1135,1430.0,6,0,0,0,0,0,1,0,0,,0,0,0,14,1,1,3,,0.0,40 02:33.000,,0,75 06:48.999,4,0,0,0,67301,0,0,0,N,0,0,0,2,67301,1,,1,1,,N,N,,0,,0,0,0,3,2,,1430,1,2,0,0,0,0,0,3,4,0,2,3,,N,,,,,,,,,,,
2006124014,1825.0,2,0,0,0,0,0,0,0,0,5,0,,67,10,2006,2,39.9149,-75.1566,1820.0,6,0,0,0,0,0,0,1,0,,0,0,0,18,4,1,2,,0.0,39 54:53.602,,0,75 09:23.840,4,0,0,0,67301,0,0,0,N,0,0,0,4,67301,1,,1,1,,N,N,,0,,0,0,0,3,2,,1820,1,2,0,0,0,0,0,3,4,0,2,3,,N,,,,,,,,,,,
2006093448,330.0,2,0,0,0,0,0,0,0,0,4,0,,67,7,2006,1,40.0252,-75.1254,327.0,6,0,0,0,0,0,0,0,0,,0,0,0,2,3,0,1,,0.0,40 01:32.000,,0,75 07:31.662,0,0,0,0,67301,0,0,0,N,0,0,0,2,67301,0,,1,98,,N,N,,0,,0,0,0,3,2,,230,0,2,0,0,0,0,0,3,4,0,2,3,,N,,,,,,,,,,,