CRN,ARRIVAL_TM,AUTOMOBILE_COUNT,BELTED_DEATH_COUNT,BELTED_SUSP_SERIOUS_INJ_COUNT,BICYCLE_COUNT,BICYCLE_DEATH_COUNT,BICYCLE_SUSP_SERIOUS_INJ_COUNT,BUS_COUNT,CHLDPAS_DEATH_COUNT,CHLDPAS_SUSP_SERIOUS_INJ_COUNT,COLLISION_TYPE,COMM_VEH_COUNT,CONS_ZONE_SPD_LIM,COUNTY,CRASH_MONTH,CRASH_YEAR,DAY_OF_WEEK,DEC_LAT,DEC_LONG,DISPATCH_TM,DISTRICT,DRIVER_COUNT_16YR,DRIVER_COUNT_17YR,DRIVER_COUNT_18YR,DRIVER_COUNT_19YR,DRIVER_COUNT_20YR,DRIVER_COUNT_50_64YR,DRIVER_COUNT_65_74YR,DRIVER_COUNT_75PLUS,EST_HRS_CLOSED,FATAL_COUNT,HEAVY_TRUCK_COUNT,HORSE_BUGGY_COUNT,HOUR_OF_DAY,ILLUMINATION,INJURY_COUNT,INTERSECT_TYPE,INTERSECTION_RELATED,LANE_CLOSED,LATITUDE,LN_CLOSE_DIR,LOCATION_TYPE,LONGITUDE,MAX_SEVERITY_LEVEL,MCYCLE_DEATH_COUNT,MCYCLE_SUSP_SERIOUS_INJ_COUNT,MOTORCYCLE_COUNT,MUNICIPALITY,NONMOTR_COUNT,NONMOTR_DEATH_COUNT,NONMOTR_SUSP_SERIOUS_INJ_COUNT,NTFY_HIWY_MAINT,PED_COUNT,PED_DEATH_COUNT,PED_SUSP_SERIOUS_INJ_COUNT,PERSON_COUNT,POLICE_AGCY,POSSIBLE_INJ_COUNT,RDWY_SURF_TYPE_CD,RELATION_TO_ROAD,ROAD_CONDITION,ROADWAY_CLEARED,SCH_BUS_IND,SCH_ZONE_IND,SECONDARY_CRASH,SMALL_TRUCK_COUNT,SPEC_JURIS_CD,SUSP_MINOR_INJ_COUNT,SUSP_SERIOUS_INJ_COUNT,SUV_COUNT,TCD_FUNC_CD,TCD_TYPE,TFC_DETOUR_IND,TIME_OF_DAY,TOT_INJ_COUNT,TOTAL_UNITS,UNB_DEATH_COUNT,UNB_SUSP_SERIOUS_INJ_COUNT,UNBELTED_OCC_COUNT,UNK_INJ_DEG_COUNT,UNK_INJ_PER_COUNT,URBAN_AREA,URBAN_RURAL,VAN_COUNT,VEHICLE_COUNT,WEATHER1,WEATHER2,WORK_ZONE_IND,WORK_ZONE_LOC,WORK_ZONE_TYPE,WORKERS_PRES,WZ_CLOSE_DETOUR,WZ_FLAGGER,WZ_LAW_OFFCR_IND,WZ_LN_CLOSURE,WZ_MOVING,WZ_OTHER,WZ_SHLDER_MDN,WZ_WORKERS_INJ_KILLED
2006054523,1756.0,2,0,0,0,0,0,0,0,0,6,0,,67,3,2006,7,40.0731,-75.083,1747.0,6,0,0,0,2,0,0,0,0,,0,0,0,17,1,2,0,,0.0,40 04:22.983,,0,75 04:58.807,2,0,0,0,67301,0,0,0,,0,0,0,2,67301,0,,1,1,,,,,0,,1,1,0,0,0,,1740,2,2,0,0,0,0,0,3,4,0,2,3,,N,,,,,,,,,,,
2006093433,824.0,1,0,0,0,0,0,0,0,0,8,0,,67,7,2006,6,40.0098,-75.151,822.0,6,0,0,0,0,0,1,0,0,,0,0,0,8,1,1,5,,0.0,40 00:34.000,,0,75 09:04.052,4,0,0,0,67301,1,0,0,N,1,0,0,4,67301,1,,1,1,,N,N,,0,,0,0,0,3,2,,818,1,2,0,0,1,0,0,3,4,0,1,3,,N,,,,,,,,,,,
2006054628,308.0,3,0,0,0,0,0,0,0,0,1,0,,67,4,2006,1,39.9443,-75.1438,307.0,6,0,0,0,0,0,0,0,0,,0,0,0,99,3,0,0,,0.0,39 56:39.649,,0,75 08:37.831,0,0,0,0,67301,0,0,0,N,0,0,0,2,67301,0,,1,1,,N,N,,0,,0,0,0,0,0,,9999,0,3,0,0,0,0,0,3,4,0,3,3,,N,,,,,,,,,,,
2006083292,1504.0,1,0,0,0,0,0,0,0,0,8,0,,67,6,2006,6,39.9654,-75.206,1503.0,6,0,0,0,0,0,0,0,0,,0,0,0,14,1,1,0,,0.0,39 57:55.440,,0,75 12:21.960,8,0,0,0,67301,1,0,0,N,1,0,0,2,67301,0,,1,1,,N,N,,0,,0,0,0,0,0,,1450,1,2,0,0,0,1,0,3,4,0,1,3,,N,,,,,,,,,,,
2006083310,1255.0,1,0,0,0,0,0,0,0,0,1,0,,67,5,2006,3,40.0111,-75.1507,1251.0,6,0,0,0,0,0,0,0,0,,0,0,0,5,1,0,0,,0.0,40 00:40.000,,0,75 09:03.058,9,0,0,0,67301,0,0,0,N,0,0,0,2,67301,0,,1,1,,N,N,,0,,0,0,1,9,2,,540,0,2,0,0,0,0,1,3,4,0,2,3,,N,,,,,,,,,,,
2006080982,1744.0,0,0,0,0,0,0,0,0,0,1,0,,67,6,2006,7,40.0528,-75.0509,1742.0,6,0,0,0,0,0,0,0,0,,0,0,0,17,1,2,2,,0.0,40 03:10.000,,0,75 03:03.521,4,0,0,0,67301,0,0,0,N,0,0,0,4,67301,2,,1,1,,N,N,,0,,0,0,2,0,0,,1742,2,2,0,0,0,0,0,3,4,0,2,3,,N,,,,,,,,,,,
2006081016,1450.0,2,0,0,0,0,0,0,0,0,1,0,,67,7,2006,6,39.9798,-75.1429,1440.0,6,0,0,0,0,0,0,0,0,,0,0,0,14,1,1,0,,0.0,39 58:47.449,,7,75 08:34.548,8,0,0,0,67301,0,0,0,,0,0,0,2,67301,0,,1,1,,,,,0,,0,0,0,3,2,,1435,1,2,0,0,0,1,0,3,4,0,2,3,,N,,,,,,,,,,,
2006103695,736.0,1,0,0,0,0,0,0,0,0,7,0,,67,9,2006,4,40.0493,-75.2457,729.0,6,0,0,0,0,0,0,0,0,,0,0,0,7,1,1,0,,0.0,40 02:57.465,,0,75 14:44.426,4,0,0,0,67301,0,0,0,N,0,0,0,1,67301,1,,5,8,,N,Y,,0,,0,0,0,0,0,,725,1,1,0,0,0,0,0,3,4,0,1,7,5.0,N,,,,,,,,,,,
2006103698,1219.0,1,0,0,0,0,0,0,0,0,7,0,,67,9,2006,7,,,1217.0,6,0,0,1,0,0,0,0,0,1.0,0,0,0,12,1,1,0,,1.0,,1.0,0,,3,0,0,0,67301,0,0,0,N,0,0,0,1,67301,0,,3,9,,N,N,,0,,1,0,0,0,0,N,1217,1,1,0,0,0,0,0,3,3,0,1,7,,N,,,,,,,,,,,
2006104278,1740.0,2,0,0,0,0,0,0,0,0,4,0,,67,9,2006,1,39.9578,-75.1602,1730.0,6,0,0,0,0,0,0,0,0,,0,0,0,17,1,1,1,,0.0,39 57:28.066,,0,75 09:36.785,8,0,0,0,67301,0,0,0,N,0,0,0,3,67301,0,,1,1,,N,N,,0,,0,0,0,3,2,,1726,1,3,0,0,0,1,0,3,4,1,3,3,,N,,,,,,,,,,,
2006104307,1920.0,2,0,0,0,0,0,0,0,0,2,0,,67,9,2006,2,,,1912.0,6,0,0,0,0,0,0,0,0,,0,0,0,19,4,3,0,,0.0,,,0,,3,0,0,0,67301,0,0,0,N,0,0,0,3,67301,2,,1,1,,N,N,,0,,1,0,0,0,0,,1909,3,2,0,0,0,0,0,3,3,0,2,3,,N,,,,,,,,,,,
2006104327,1515.0,2,0,0,0,0,0,0,0,0,4,0,,67,9,2006,4,40.0381,-75.0547,1339.0,6,0,0,0,0,0,0,0,2,1.0,0,0,0,11,1,0,1,,1.0,40 02:17.196,6.0,0,75 03:16.819,0,0,0,0,67301,0,0,0,N,0,0,0,5,67301,0,,1,1,,N,N,,0,,0,0,0,3,2,N,1155,0,2,0,0,0,0,0,3,4,0,2,3,,N,,,,,,,,,,,
2006125511,1434.0,1,0,0,0,0,0,0,0,0,8,0,,67,11,2006,2,40.0072,-75.1745,1434.0,6,0,0,0,0,0,0,0,0,,0,0,0,14,1,1,1,,0.0,40 00:25.755,,0,75 10:28.143,4,0,0,0,67301,1,0,0,N,1,0,0,2,67301,1,,1,1,,N,N,,0,,0,0,0,3,3,,1434,1,2,0,0,0,0,0,3,4,0,1,3,,N,,,,,,,,,,,
2006106266,1722.0,2,0,0,0,0,0,0,0,0,1,0,,67,9,2006,7,40.1185,-75.007,1711.0,6,0,0,0,0,0,1,0,0,,0,0,0,17,1,1,0,,0.0,40 07:06.690,,0,75 00:25.257,4,0,0,0,67301,0,0,0,N,0,0,0,6,67301,1,,1,9,,N,N,,0,,0,0,0,3,1,,1700,1,2,0,0,0,0,0,3,4,0,2,7,,N,,,,,,,,,,,
2006113971,814.0,1,0,0,0,0,0,0,0,0,8,0,,67,10,2006,1,40.0212,-75.0886,804.0,6,0,0,0,0,0,0,0,0,,0,0,0,15,1,1,1,,0.0,40 01:16.485,,0,75 05:18.985,4,0,0,0,67301,1,0,0,N,1,0,0,2,67301,1,,1,1,,N,N,,0,,0,0,0,3,3,,1545,1,2,0,0,0,0,0,3,4,0,1,3,,N,,,,,,,,,,,
2006103264,1339.0,1,0,0,1,0,0,0,0,0,4,0,,67,9,2006,2,39.9546,-75.1648,1331.0,6,0,0,0,0,0,0,0,0,,0,0,0,13,1,1,3,,0.0,39 57:17.000,,0,75 09:58.836,8,0,0,0,67301,1,0,0,N,0,0,0,2,67301,0,,1,1,,N,N,,0,,0,0,0,3,2,,1325,1,2,0,0,0,1,0,3,4,0,1,3,,N,,,,,,,,,,,
2006065995,2035.0,1,0,0,1,0,0,0,0,0,4,0,,67,5,2006,1,39.9969,-75.1469,2028.0,6,0,0,0,0,0,0,0,0,,0,0,0,99,3,1,2,,0.0,39 59:48.717,,0,75 08:48.836,8,0,0,0,67301,1,0,0,,0,0,0,2,67301,0,,1,1,,N,N,,0,,0,0,0,3,3,,9999,1,2,0,0,0,1,0,3,4,0,1,3,,N,,,,,,,,,,,
2006080682,1030.0,4,0,0,0,0,0,0,0,0,1,0,,67,7,2006,5,,,1624.0,6,0,0,0,0,0,1,0,0,,0,0,0,15,1,2,1,,0.0,,,0,,4,0,0,0,67301,0,0,0,N,0,0,0,4,67301,1,,1,1,,N,N,,0,,0,0,0,3,2,,1513,2,4,0,0,0,1,0,3,3,0,4,3,,N,,,,,,,,,,,
2006080684,152.0,1,0,0,0,0,0,0,0,0,7,0,,67,6,2006,2,40.1054,-74.9803,142.0,6,0,0,0,1,0,0,0,0,9.0,0,0,0,99,3,1,0,,2.0,40 06:19.274,7.0,0,74 58:49.008,2,0,0,0,67301,0,0,0,N,0,0,0,1,67301,0,,2,1,,N,N,,0,,0,1,0,0,0,N,9999,1,1,0,0,0,0,0,3,4,0,1,3,,N,,,,,,,,,,,
2006021613,1415.0,2,0,0,0,0,0,0,0,0,4,0,,67,1,2006,1,,,1414.0,6,0,0,0,0,0,0,1,0,,0,0,0,14,1,1,1,,0.0,,,0,,4,0,0,0,67301,0,0,0,N,0,0,0,2,67301,1,,1,1,,N,N,,0,,0,0,0,1,2,,1413,1,2,0,0,0,0,0,3,3,0,2,3,,N,,,,,,,,,,,
2006103859,1712.0,2,0,0,0,0,0,0,0,0,4,0,,67,9,2006,4,39.99,-75.2194,1700.0,6,0,0,0,0,0,0,0,0,,0,0,0,16,1,0,1,,0.0,39 59:23.971,,0,75 13:09.663,0,0,0,0,67301,0,0,0,N,0,0,0,3,67301,0,,1,1,,N,N,,0,,0,0,0,9,2,,1655,0,2,0,0,0,0,0,3,4,0,2,3,,N,,,,,,,,,,,
2006082575,1010.0,1,0,0,0,0,0,0,0,0,1,0,,67,6,2006,5,39.9815,-75.1886,1005.0,6,0,0,0,0,0,0,0,0,,0,0,0,10,1,0,5,,0.0,39 58:52.000,,0,75 11:19.274,9,0,0,0,67301,0,0,0,N,0,0,0,2,67301,0,,1,1,,N,N,,1,,0,0,0,3,2,,1005,0,2,0,0,1,0,1,3,4,0,2,3,,N,,,,,,,,,,,
2006125319,2020.0,1,0,0,0,0,0,0,0,0,8,0,,67,10,2006,1,40.0429,-75.1439,2020.0,6,0,0,0,0,0,0,0,0,,0,0,0,20,3,1,2,,0.0,40 02:34.000,,0,75 08:38.142,8,0,0,0,67301,1,0,0,N,1,0,0,4,67301,0,,1,1,,N,N,,0,,0,0,0,3,2,,2020,1,2,0,0,0,1,0,3,4,0,1,3,,N,,,,,,,,,,,
2006080133,955.0,0,0,0,0,0,0,0,0,0,6,1,,67,7,2006,2,39.9169,-75.216,849.0,6,0,0,0,0,0,0,0,0,,0,1,0,9,1,0,0,,0.0,39 55:06.000,,3,75 12:27.751,0,0,0,0,67301,0,0,0,N,0,0,0,1,67301,0,,1,1,,N,N,,0,,0,0,0,0,0,,930,0,2,0,0,0,0,0,3,4,1,2,3,,N,,,,,,,,,,,
2006065746,1005.0,3,0,0,0,0,0,1,0,0,2,1,,67,5,2006,4,,,958.0,6,0,0,0,0,0,1,0,0,,0,0,0,9,1,11,1,,0.0,,,0,,4,0,0,0,67301,0,0,0,,0,0,0,14,67301,11,,1,1,,,,,0,,0,0,0,3,2,,958,11,4,0,0,0,0,0,3,3,0,4,3,,N,,,,,,,,,,,
2006063253,2305.0,1,0,0,0,0,0,0,0,0,7,0,,67,5,2006,6,,,2300.0,6,0,0,0,0,0,0,0,0,,0,0,0,23,3,1,0,,0.0,,,0,,8,0,0,0,67301,0,0,0,N,0,0,0,1,67301,0,,2,1,,N,N,,0,,0,0,0,0,0,,2300,1,1,0,0,0,1,0,3,3,0,1,3,,N,,,,,,,,,,,
2006066004,1543.0,2,0,0,0,0,0,0,0,0,1,0,,67,5,2006,6,40.0136,-75.0685,1539.0,6,0,0,0,0,0,0,0,0,,0,0,0,6,1,1,1,,0.0,40 00:48.000,,0,75 04:06.763,2,0,0,0,67301,0,0,0,N,0,0,0,2,67301,0,,1,1,,N,N,,0,,0,1,0,0,0,,615,1,2,0,0,0,0,1,3,4,0,2,3,,N,,,,,,,,,,,
2006102355,420.0,2,0,0,0,0,0,0,0,0,2,0,,67,6,2006,7,39.9158,-75.1748,416.0,6,0,0,0,0,0,0,0,0,1.0,0,0,0,4,3,1,10,,2.0,39 54:57.000,7.0,0,75 10:29.535,8,0,0,0,67301,0,0,0,N,0,0,0,2,67301,0,,1,1,,N,N,,0,,0,0,0,9,2,Y,416,1,2,0,0,0,1,0,3,4,0,2,3,,N,,,,,,,,,,,
2006102378,836.0,1,0,0,0,0,0,1,0,0,5,1,,67,9,2006,4,39.9514,-75.1556,834.0,6,0,0,0,0,0,0,0,0,,0,0,0,8,1,1,0,,0.0,39 57:05.000,,0,75 09:19.704,4,0,0,0,67301,1,0,0,N,0,0,0,2,67301,1,,1,1,,N,N,,0,,0,0,0,0,0,,830,1,2,0,0,0,0,0,3,4,0,2,3,,N,,,,,,,,,,,
2006124432,1220.0,2,0,0,0,0,0,0,0,0,1,0,,67,10,2006,7,39.9316,-75.2169,1215.0,6,0,0,0,0,0,0,0,0,,0,0,0,99,1,1,0,,0.0,39 55:53.000,,0,75 13:01.359,4,0,0,0,67301,0,0,0,N,0,0,0,3,67301,1,,2,1,,N,N,,1,,0,0,0,0,0,,9999,1,3,0,0,0,0,0,3,4,0,3,3,,N,,,,,,,,,,,
2006126392,944.0,4,0,0,0,0,0,0,0,0,4,0,,67,11,2006,6,39.9504,-75.2453,941.0,6,0,0,0,0,0,0,0,0,1.0,0,0,0,9,1,2,1,,2.0,39 57:01.504,5.0,0,75 14:42.907,4,0,0,0,67301,0,0,0,,0,0,0,2,67301,2,,1,1,,,,,0,,0,0,0,9,3,Y,937,2,4,0,0,0,0,0,3,4,0,4,3,,N,,,,,,,,,,,
2006123821,1628.0,1,0,0,0,0,0,0,0,0,1,1,,67,10,2006,6,39.9247,-75.1475,1624.0,6,0,0,0,0,0,0,0,0,,0,1,0,16,1,1,2,,0.0,39 55:28.904,,0,75 08:51.089,4,0,0,0,67301,0,0,0,N,0,0,0,2,67301,1,,1,1,,N,N,,0,,0,0,0,9,3,,1622,1,2,0,0,0,0,1,3,4,0,2,3,,N,,,,,,,,,,,
2006093454,859.0,1,0,0,0,0,0,0,0,0,8,0,,67,8,2006,4,39.9528,-75.1669,858.0,6,0,0,0,0,0,0,0,0,,0,0,0,8,1,1,1,,0.0,39 57:09.000,,0,75 10:00.877,4,0,0,0,67301,1,0,0,N,1,0,0,2,67301,1,,1,1,,N,N,,0,,0,0,0,3,2,,857,1,2,0,0,0,0,0,3,4,0,1,3,,N,,,,,,,,,,,
2006054618,635.0,1,0,0,0,0,0,0,0,0,2,0,,67,4,2006,2,,,633.0,6,0,0,0,0,0,0,0,0,,0,0,0,6,1,1,0,,0.0,,,0,,8,0,0,0,67301,0,0,0,N,0,0,0,3,67301,0,,1,9,,N,N,,0,,0,0,1,0,0,,630,1,2,0,0,0,1,0,3,3,0,2,7,,N,,,,,,,,,,,
2006054644,854.0,1,0,0,1,0,0,0,0,0,4,0,,67,4,2006,6,,,852.0,6,0,0,0,0,0,0,0,0,,0,0,0,8,1,1,1,,0.0,,,0,,4,0,0,0,67301,1,0,0,N,0,0,0,3,67301,1,,1,1,,N,N,,0,,0,0,0,0,0,,851,1,2,0,0,0,0,0,3,3,0,1,3,,N,,,,,,,,,,,
2006093844,1238.0,1,0,0,0,0,0,0,0,0,7,0,,67,8,2006,1,40.0391,-75.0344,1238.0,6,0,0,0,0,0,1,0,0,,1,0,0,12,1,1,2,,0.0,40 02:20.000,,0,75 02:03.967,1,0,0,0,67301,0,0,0,N,0,0,0,2,67301,0,2.0,5,1,,N,N,,0,0.0,1,0,0,0,0,,1230,1,1,0,0,0,0,0,3,4,0,1,3,,N,,,,,,,,,,,
2006080960,135.0,1,0,0,0,0,0,0,0,0,8,0,,67,6,2006,2,40.0423,-75.1712,132.0,6,0,0,0,0,0,1,0,0,,0,0,0,1,3,1,1,,0.0,40 02:32.132,,0,75 10:16.291,4,0,0,0,67301,1,0,0,N,1,0,0,2,67301,1,,1,1,,N,N,,0,,0,0,0,0,0,,120,1,2,0,0,0,0,0,3,4,0,1,3,,N,,,,,,,,,,,
2006081020,316.0,1,0,0,0,0,0,0,0,0,7,0,,67,7,2006,5,39.9977,-75.0815,300.0,6,0,0,0,0,0,0,0,0,,0,0,0,3,3,0,0,,0.0,39 59:51.000,,0,75 04:53.024,0,0,0,0,67301,0,0,0,N,0,0,0,1,67301,0,,3,9,,N,N,,0,,0,0,0,0,0,,300,0,1,0,0,0,0,0,3,4,0,1,7,,N,,,,,,,,,,,
2006081046,2143.0,0,0,0,0,0,0,0,0,0,7,0,,67,6,2006,3,39.9863,-75.1561,2140.0,6,0,0,0,0,0,0,0,0,,0,0,0,21,3,2,1,,0.0,39 59:10.000,,0,75 09:22.220,3,0,0,1,67301,0,0,0,N,0,0,0,2,67301,0,,3,1,,N,N,,0,,2,0,0,3,2,,2140,2,1,0,0,0,0,0,3,4,0,1,3,,N,,,,,,,,,,,
2006081101,1435.0,2,0,0,0,0,0,0,0,0,4,0,,67,6,2006,1,40.0343,-75.1604,1425.0,6,0,0,0,0,0,0,0,0,,0,0,0,14,1,4,1,,0.0,40 02:03.606,,0,75 09:37.515,8,0,0,0,67301,0,0,0,N,0,0,0,4,67301,0,,1,1,,N,N,,0,,0,0,0,3,2,,1424,4,2,0,0,0,4,0,3,4,0,2,3,,N,,,,,,,,,,,
2006083908,1326.0,0,0,0,1,0,0,0,0,0,6,0,,67,6,2006,5,39.9996,-75.1905,1220.0,6,0,0,0,0,0,0,0,0,,0,0,0,13,1,2,2,,0.0,39 59:58.000,,0,75 11:25.631,4,0,0,1,67301,1,0,0,,0,0,0,2,67301,2,,1,1,,,,,0,,0,0,0,0,0,,1310,2,2,0,0,0,0,0,3,4,0,1,3,,N,,,,,,,,,,,
2006081140,555.0,1,0,0,0,0,0,0,0,0,4,0,,67,6,2006,7,,,550.0,6,0,0,0,0,0,0,0,0,2.0,0,0,0,5,1,7,1,,2.0,,2.0,0,,4,0,0,0,67301,0,0,0,,0,0,0,7,67301,7,,1,1,,,,,0,,0,0,1,3,2,Y,550,7,2,0,0,3,0,0,3,3,0,2,3,,N,,,,,,,,,,,
2006081142,1618.0,2,0,0,0,0,0,0,0,0,4,0,,67,5,2006,3,,,1531.0,6,0,0,0,0,0,0,0,0,,0,0,0,15,1,2,1,,0.0,,,0,,3,0,0,0,67301,0,0,0,N,0,0,0,5,67301,0,,1,1,,N,N,,0,,2,0,0,3,3,,1551,2,2,0,0,0,0,0,3,3,0,2,3,,N,,,,,,,,,,,
2006081159,2035.0,2,0,0,0,0,0,0,0,0,4,0,,67,7,2006,2,40.0826,-74.966,2025.0,6,0,0,0,1,0,0,0,0,1.0,0,0,0,99,3,0,1,,1.0,40 04:57.327,3.0,0,74 57:57.675,0,0,0,0,67301,0,0,0,N,0,0,0,4,67301,0,,1,1,,N,N,,0,,0,0,0,3,2,N,9999,0,2,0,0,0,0,0,3,4,0,2,3,,N,,,,,,,,,,,
2006081563,1622.0,1,0,0,0,0,0,0,0,0,1,0,,67,5,2006,3,40.0137,-75.1793,1619.0,6,0,0,0,0,0,0,0,0,1.0,0,0,0,16,1,2,0,,2.0,40 00:50.000,3.0,0,75 10:44.142,3,0,0,0,67301,0,0,0,N,0,0,0,2,67301,1,,1,1,,N,N,,1,,1,0,0,3,8,N,1615,2,2,0,0,0,0,0,3,4,0,2,3,,N,,,,,,,,,,,
2006113314,9999.0,1,0,0,0,0,0,0,0,0,1,0,,67,10,2006,2,39.9769,-75.1982,1055.0,6,0,0,0,0,0,0,0,0,,0,0,0,10,1,1,0,,0.0,39 58:36.680,,0,75 11:53.387,8,0,0,0,67301,0,0,0,N,0,0,0,2,67301,0,,1,1,,N,N,,0,,0,0,1,0,0,,1050,1,2,0,0,0,1,0,3,4,0,2,3,,N,,,,,,,,,,,
2006113365,837.0,1,0,0,0,0,0,0,0,0,8,0,,67,9,2006,4,39.9586,-75.1936,836.0,6,0,0,0,0,0,1,0,0,,0,0,0,8,1,1,1,,0.0,39 57:30.819,,0,75 11:37.074,4,0,0,0,67301,1,0,0,N,1,0,0,2,67301,1,,5,1,,N,N,,0,,0,0,0,0,0,,836,1,2,0,0,0,0,0,3,4,0,1,3,,N,,,,,,,,,,,
2006105790,2140.0,0,0,0,0,0,0,0,0,0,4,0,,67,6,2006,5,40.0339,-75.02,2135.0,6,0,0,0,0,0,0,0,0,2.0,0,0,0,99,3,4,0,,2.0,40 02:01.632,2.0,0,75 01:12.575,3,0,0,0,67301,0,0,0,N,0,0,0,4,67301,0,,1,9,,N,N,,0,,4,0,1,0,0,Y,9999,4,2,0,0,0,0,0,3,4,1,2,7,,N,,,,,,,,,,,
2006105883,810.0,1,0,0,0,0,0,0,0,0,8,0,,67,9,2006,3,40.0394,-75.0774,806.0,6,0,0,0,0,0,0,0,0,,0,0,0,8,1,1,1,,0.0,40 02:21.000,,0,75 04:39.104,4,0,0,0,67301,1,0,0,,1,0,0,2,67301,1,,1,1,,,,,0,,0,0,0,3,2,,805,1,2,0,0,0,0,0,3,4,0,1,3,,N,,,,,,,,,,,
2006113417,1504.0,2,0,0,0,0,0,0,0,0,1,0,,67,10,2006,6,40.017,-75.1883,1502.0,6,0,0,0,0,0,1,0,1,,0,0,0,15,1,1,1,,0.0,40 01:01.000,,0,75 11:18.219,8,0,0,0,67301,0,0,0,N,0,0,0,3,67301,0,,1,1,,N,N,,0,,0,0,1,3,2,,1500,1,3,0,0,0,1,0,3,4,0,3,3,,N,,,,,,,,,,,
2006096568,2240.0,1,0,0,0,0,0,0,0,0,7,0,,67,7,2006,1,40.0045,-75.1944,2223.0,6,0,0,0,0,0,0,0,0,1.0,0,0,0,22,3,0,0,,2.0,40 00:16.000,1.0,2,75 11:40.090,9,0,0,0,67301,0,0,0,N,0,0,0,2,67301,0,,2,1,,N,N,,0,,0,0,0,0,0,N,2220,0,1,0,0,0,0,2,3,4,0,1,3,,N,,,,,,,,,,,
2006101894,927.0,1,0,0,1,0,0,0,0,0,6,0,,67,9,2006,5,39.9613,-75.1989,922.0,6,0,0,0,0,0,0,1,0,,0,0,0,9,1,1,1,,0.0,39 57:40.000,,0,75 11:56.318,4,0,0,0,67301,1,0,0,N,0,0,0,2,67301,1,,1,1,,N,N,,0,,0,0,0,3,3,,927,1,2,0,0,0,0,0,3,4,0,1,3,,N,,,,,,,,,,,
2006125501,1829.0,1,0,0,0,0,0,0,0,0,4,0,,67,10,2006,3,,,1827.0,6,0,0,0,1,0,0,1,0,1.0,0,0,0,18,3,1,1,,1.0,,2.0,0,,8,0,0,0,67301,0,0,0,N,0,0,0,3,67301,0,,1,1,,N,N,,1,,0,0,0,3,2,N,1822,1,2,0,0,0,1,0,3,3,0,2,3,,N,,,,,,,,,,,
2006097878,1843.0,4,0,0,0,0,0,0,0,0,1,0,,67,8,2006,6,,,1843.0,6,0,0,0,0,0,1,1,1,1.0,0,1,0,18,1,1,0,,2.0,,4.0,0,,4,0,0,0,67301,0,0,0,N,0,0,0,12,67501,1,,1,1,,N,N,,0,,0,0,1,3,8,N,1843,1,6,0,0,0,0,0,3,3,0,6,3,,N,,,,,,,,,,,
2006105310,330.0,1,0,0,0,0,0,0,0,0,7,0,,67,8,2006,2,39.894,-75.2203,320.0,6,0,0,0,0,0,0,0,0,3.0,0,0,0,3,3,1,0,,1.0,39 53:38.000,2.0,0,75 13:13.122,4,0,0,0,67301,0,0,0,N,0,0,0,1,67301,1,,2,1,,N,N,,0,,0,0,0,0,0,N,315,1,1,0,0,0,0,0,3,4,0,1,3,,N,,,,,,,,,,,
2006105321,1759.0,1,0,0,0,0,0,0,0,0,8,0,,67,8,2006,5,40.0777,-75.1706,1745.0,6,0,0,0,0,0,1,0,0,,0,0,0,17,1,1,0,,0.0,40 04:39.698,,0,75 10:14.149,4,0,0,0,67301,1,0,0,Y,1,0,0,2,67301,1,,1,1,,N,N,,0,,0,0,0,0,0,,1719,1,2,0,0,0,0,0,3,4,0,1,3,,N,,,,,,,,,,,
2006082653,138.0,2,0,0,0,0,0,0,0,0,4,0,,67,6,2006,2,40.0443,-75.0541,137.0,6,0,0,0,0,0,0,0,0,,0,0,0,1,3,1,1,,0.0,40 02:39.000,,0,75 03:14.906,8,0,0,0,67301,0,0,0,N,0,0,0,2,67301,0,,1,1,,N,N,,0,,0,0,0,3,2,,137,1,2,0,0,0,1,0,3,4,0,2,3,,N,,,,,,,,,,,
2006083077,758.0,2,0,0,0,0,0,0,0,0,4,0,,67,6,2006,7,40.018,-75.1336,748.0,6,0,0,0,0,0,0,0,0,,0,0,0,7,1,3,1,,0.0,40 01:04.753,,0,75 08:00.837,4,0,0,0,67301,0,0,0,N,0,0,0,3,67301,3,,1,1,,N,N,,0,,0,0,0,9,3,,747,3,2,0,0,0,0,0,3,4,0,2,3,,N,,,,,,,,,,,
2006083083,1325.0,2,0,0,0,0,0,0,0,0,4,0,,67,6,2006,1,40.0118,-75.0978,1321.0,6,0,0,0,0,0,0,0,0,2.0,0,0,0,13,1,1,1,,1.0,40 00:42.000,4.0,0,75 05:51.669,8,0,0,0,67301,0,0,0,N,0,0,0,2,67301,0,,1,9,,N,N,,0,,0,0,0,3,2,N,1321,1,2,0,0,0,1,0,3,4,0,2,7,,N,,,,,,,,,,,
2006080857,1830.0,3,0,0,0,0,0,0,0,0,4,0,,67,6,2006,4,40.0225,-75.1259,1825.0,6,0,0,0,0,0,0,0,0,,0,0,0,18,1,0,0,,0.0,40 01:21.079,,0,75 07:33.207,0,0,0,0,67301,0,0,0,N,0,0,0,1,67301,0,,6,1,,N,N,,0,,0,0,0,0,0,,1820,0,3,0,0,0,0,0,3,4,0,3,3,,N,,,,,,,,,,,