CRN,ARRIVAL_TM,AUTOMOBILE_COUNT,BELTED_DEATH_COUNT,BELTED_SUSP_SERIOUS_INJ_COUNT,BICYCLE_COUNT,BICYCLE_DEATH_COUNT,BICYCLE_SUSP_SERIOUS_INJ_COUNT,BUS_COUNT,CHLDPAS_DEATH_COUNT,CHLDPAS_SUSP_SERIOUS_INJ_COUNT,COLLISION_TYPE,COMM_VEH_COUNT,CONS_ZONE_SPD_LIM,COUNTY,CRASH_MONTH,CRASH_YEAR,DAY_OF_WEEK,DEC_LAT,DEC_LONG,DISPATCH_TM,DISTRICT,DRIVER_COUNT_16YR,DRIVER_COUNT_17YR,DRIVER_COUNT_18YR,DRIVER_COUNT_19YR,DRIVER_COUNT_20YR,DRIVER_COUNT_50_64YR,DRIVER_COUNT_65_74YR,DRIVER_COUNT_75PLUS,EST_HRS_CLOSED,FATAL_COUNT,HEAVY_TRUCK_COUNT,HORSE_BUGGY_COUNT,HOUR_OF_DAY,ILLUMINATION,INJURY_COUNT,INTERSECT_TYPE,INTERSECTION_RELATED,LANE_CLOSED,LATITUDE,LN_CLOSE_DIR,LOCATION_TYPE,LONGITUDE,MAX_SEVERITY_LEVEL,MCYCLE_DEATH_COUNT,MCYCLE_SUSP_SERIOUS_INJ_COUNT,MOTORCYCLE_COUNT,MUNICIPALITY,NONMOTR_COUNT,NONMOTR_DEATH_COUNT,NONMOTR_SUSP_SERIOUS_INJ_COUNT,NTFY_HIWY_MAINT,PED_COUNT,PED_DEATH_COUNT,PED_SUSP_SERIOUS_INJ_COUNT,PERSON_COUNT,POLICE_AGCY,POSSIBLE_INJ_COUNT,RDWY_SURF_TYPE_CD,RELATION_TO_ROAD,ROAD_CONDITION,ROADWAY_CLEARED,SCH_BUS_IND,SCH_ZONE_IND,SECONDARY_CRASH,SMALL_TRUCK_COUNT,SPEC_JURIS_CD,SUSP_MINOR_INJ_COUNT,SUSP_SERIOUS_INJ_COUNT,SUV_COUNT,TCD_FUNC_CD,TCD_TYPE,TFC_DETOUR_IND,TIME_OF_DAY,TOT_INJ_COUNT,TOTAL_UNITS,UNB_DEATH_COUNT,UNB_SUSP_SERIOUS_INJ_COUNT,UNBELTED_OCC_COUNT,UNK_INJ_DEG_COUNT,UNK_INJ_PER_COUNT,URBAN_AREA,URBAN_RURAL,VAN_COUNT,VEHICLE_COUNT,WEATHER1,WEATHER2,WORK_ZONE_IND,WORK_ZONE_LOC,WORK_ZONE_TYPE,WORKERS_PRES,WZ_CLOSE_DETOUR,WZ_FLAGGER,WZ_LAW_OFFCR_IND,WZ_LN_CLOSURE,WZ_MOVING,WZ_OTHER,WZ_SHLDER_MDN,WZ_WORKERS_INJ_KILLED
2006021653,1622.0,1,0,0,0,0,0,0,0,0,2,0,,67,1,2006,4,39.9805,-75.2282,1612.0,6,0,0,0,0,0,0,0,0,,0,0,0,16,2,1,0,,0.0,39 58:49.677,,0,75 13:41.512,4,0,0,0,67301,0,0,0,N,0,0,0,4,67301,1,,1,9,,N,N,,0,,0,0,1,3,2,,1612,1,2,0,0,0,0,1,3,4,0,2,7,,N,,,,,,,,,,,
2006103527,2212.0,1,0,0,0,0,0,0,0,0,1,0,,67,8,2006,2,39.9732,-75.1433,2212.0,6,0,0,0,0,0,0,0,0,,0,0,0,99,3,2,0,,0.0,39 58:23.592,,0,75 08:36.013,8,0,0,0,67301,0,0,0,N,0,0,0,2,67301,0,,1,1,,N,N,,0,,0,0,0,0,0,,9999,2,2,0,0,0,2,0,3,4,1,2,3,,N,,,,,,,,,,,
2006125462,2130.0,7,0,0,0,0,0,0,0,0,5,0,,67,11,2006,1,39.9794,-75.1539,2120.0,6,0,0,0,0,0,0,0,0,,0,0,0,21,3,1,0,,0.0,39 58:45.700,,0,75 09:14.000,8,0,0,0,67301,0,0,0,,0,0,0,1,67301,0,,1,1,,N,N,,0,,0,0,0,0,0,,2120,1,7,0,0,1,1,0,3,4,0,7,3,,N,,,,,,,,,,,
2006125354,118.0,1,0,0,0,0,0,1,0,0,4,1,,67,10,2006,1,39.9467,-75.1746,116.0,6,0,0,0,0,0,0,0,0,,0,0,0,1,3,1,1,,0.0,39 56:48.278,,0,75 10:28.689,8,0,0,0,67301,0,0,0,N,0,0,0,4,67301,0,,1,1,,N,N,,0,,0,0,0,0,0,,115,1,2,0,0,0,1,0,3,4,0,2,3,,N,,,,,,,,,,,
2006080184,235.0,1,0,0,0,0,0,0,0,0,7,0,,67,6,2006,2,40.0251,-75.0827,235.0,6,0,0,0,0,1,0,0,0,1.0,0,0,0,2,3,2,1,,2.0,40 01:30.478,3.0,0,75 04:57.665,8,0,0,0,67301,0,0,0,N,0,0,0,2,67301,0,,2,1,,N,N,,0,,0,0,0,3,3,Y,234,2,1,0,0,0,2,0,3,4,0,1,3,,N,,,,,,,,,,,
2006103453,1910.0,0,0,0,0,0,0,0,0,0,8,0,,67,7,2006,2,,,1903.0,6,0,0,0,0,0,0,0,0,,0,0,0,99,1,1,1,,0.0,,,0,,4,0,0,0,67301,1,0,0,,1,0,0,2,67301,1,,1,1,,N,N,,0,,0,0,0,9,3,,9999,1,2,0,0,0,0,0,3,3,1,1,3,,N,,,,,,,,,,,
2006065585,312.0,1,0,0,0,0,0,0,0,0,7,0,,67,5,2006,7,40.0178,-75.1725,309.0,6,0,0,0,0,0,2,0,0,2.0,0,0,0,2,3,1,2,,1.0,40 01:04.000,1.0,0,75 10:21.808,8,0,0,0,67301,0,0,0,N,0,0,0,2,67301,0,,3,9,,N,N,,0,,0,0,0,3,3,Y,250,1,2,0,0,0,1,0,3,4,1,2,3,,N,,,,,,,,,,,
2006065608,2050.0,3,0,0,0,0,0,0,0,0,1,0,,67,5,2006,2,40.018,-75.097,2045.0,6,0,0,0,0,0,0,0,0,,0,0,0,20,3,1,12,,0.0,40 01:05.520,,6,75 05:49.275,4,0,0,0,67301,0,0,0,N,0,0,0,9,67301,1,,1,9,,N,N,,0,,0,0,0,3,4,,2030,1,3,0,0,0,0,0,3,4,0,3,7,,N,,,,,,,,,,,
2006065641,1947.0,3,0,0,0,0,0,0,0,0,1,0,,67,3,2006,6,40.0659,-75.1765,1943.0,6,0,0,0,0,0,0,0,0,,0,0,0,19,3,4,1,,0.0,40 03:57.000,,0,75 10:35.461,8,0,0,0,67301,0,0,0,,0,0,0,4,67301,0,,1,1,,,,,0,,0,0,1,0,0,,1925,4,4,0,0,0,4,0,3,4,0,4,3,,N,,,,,,,,,,,
2006113030,510.0,0,0,0,0,0,0,0,0,0,0,0,,67,10,2006,2,40.0668,-75.1585,548.0,6,0,0,0,0,0,0,0,0,,0,0,0,5,3,0,0,,0.0,40 04:00.000,,0,75 09:30.374,0,0,0,1,67301,0,0,0,N,0,0,0,1,67301,0,,1,1,,N,N,,0,,0,0,0,0,0,,547,0,2,0,0,0,0,0,3,4,0,1,3,,N,,,,,,,,,,,
2006115582,1445.0,1,0,0,0,0,0,0,0,0,1,0,,67,10,2006,1,40.1,-74.9677,1437.0,6,0,0,0,0,0,0,0,0,,0,0,0,14,1,1,0,,0.0,40 06:00.014,,0,74 58:03.720,4,0,0,0,67301,0,0,0,N,0,0,0,4,67301,1,,1,1,,N,N,,0,,0,0,1,0,0,,1420,1,2,0,0,0,0,0,3,4,0,2,3,,N,,,,,,,,,,,
2006125447,605.0,1,0,0,0,0,0,0,0,0,4,0,,67,10,2006,1,40.0392,-75.11,601.0,6,0,0,0,0,0,1,0,0,,0,0,0,6,1,1,1,,0.0,40 02:20.000,,0,75 06:36.032,8,0,0,0,67301,0,0,0,N,0,0,0,2,67301,0,,1,1,,N,N,,0,,0,0,1,3,2,,600,1,2,0,0,0,1,1,3,4,0,2,3,,N,,,,,,,,,,,
2006102374,228.0,1,0,0,1,0,0,0,0,0,4,0,,67,8,2006,1,39.9473,-75.1479,226.0,6,0,0,0,0,0,0,0,0,1.0,0,0,0,2,3,1,1,,2.0,39 56:50.000,4.0,0,75 08:52.605,3,0,0,0,67301,1,0,0,N,0,0,0,4,67301,0,,1,1,,N,N,,0,,1,0,0,3,2,Y,220,1,2,0,0,0,0,0,3,4,0,1,3,,N,,,,,,,,,,,
2006115151,1959.0,1,0,0,0,0,0,0,0,0,1,0,,67,10,2006,4,40.0418,-75.1123,1953.0,6,0,0,0,0,0,0,0,0,,0,0,0,19,3,2,0,,0.0,40 02:30.301,,0,75 06:44.393,8,0,0,0,67301,0,0,0,N,0,0,0,3,67301,0,,1,1,,N,N,,0,,0,0,1,0,0,,1941,2,2,0,0,0,2,0,3,4,0,2,3,,N,,,,,,,,,,,
2006114913,1540.0,1,0,0,0,0,0,0,0,0,1,0,,67,10,2006,1,39.9866,-75.1359,1530.0,6,0,0,0,0,0,0,0,0,,0,0,0,14,1,1,0,,0.0,39 59:11.751,,0,75 08:09.232,3,0,0,1,67301,0,0,0,N,0,0,0,1,67301,0,,2,1,,N,N,,0,,1,0,0,0,0,,1445,1,3,0,0,0,0,0,3,4,1,3,3,,N,,,,,,,,,,,
2006114702,842.0,0,0,0,0,0,0,0,0,0,1,0,,67,10,2006,4,39.9392,-75.1594,837.0,6,0,0,0,0,0,0,0,0,,0,0,0,8,1,1,1,,0.0,39 56:21.058,,0,75 09:33.879,8,0,0,0,67301,0,0,0,N,0,0,0,3,67301,0,,1,9,,N,N,,1,,0,0,0,9,2,,830,1,2,0,0,0,1,0,3,4,1,2,3,,N,,,,,,,,,,,
2006102606,1033.0,1,0,0,0,0,0,0,0,0,4,0,,67,8,2006,6,39.9903,-75.2204,1020.0,6,0,0,0,0,1,0,0,0,,0,0,0,10,1,0,1,,0.0,39 59:25.216,,0,75 13:13.303,0,0,0,0,67301,0,0,0,N,0,0,0,2,67301,0,,1,1,,N,N,,0,,0,0,1,3,2,,1005,0,2,0,0,0,0,0,3,4,0,2,3,,N,,,,,,,,,,,
2006105135,410.0,1,0,0,0,0,0,0,0,0,5,0,,67,9,2006,1,40.0442,-75.1627,400.0,6,0,0,0,0,0,0,0,0,,0,0,0,99,3,2,1,,0.0,40 02:39.000,,0,75 09:45.896,8,0,0,0,67301,0,0,0,,0,0,0,3,67301,0,,1,1,,,,,1,,0,0,0,3,2,,9999,2,2,0,0,0,2,1,3,4,0,2,3,,N,,,,,,,,,,,
2006116224,1700.0,1,0,0,1,0,0,0,0,0,4,0,,67,10,2006,2,39.9357,-75.1672,1700.0,6,0,0,0,0,0,0,0,0,,0,0,0,16,1,1,1,,0.0,39 56:08.000,,0,75 10:01.706,8,0,0,0,67301,1,0,0,N,0,0,0,2,67301,0,,1,1,,N,N,,0,,0,0,0,0,0,,1655,1,2,0,0,0,1,0,3,4,0,1,3,,N,,,,,,,,,,,
2006123947,1137.0,2,0,0,0,0,0,0,0,0,2,0,,67,10,2006,2,40.0038,-75.0943,1135.0,6,0,0,0,0,1,0,1,0,,0,0,0,11,1,3,1,,0.0,40 00:13.000,,0,75 05:39.517,4,0,0,0,67301,0,0,0,N,0,0,0,3,67301,3,,1,1,,N,N,,0,,0,0,0,3,2,,1130,3,2,0,0,0,0,0,3,4,0,2,3,,N,,,,,,,,,,,
2006093548,1230.0,2,0,0,0,0,0,0,0,0,4,0,,67,9,2006,6,40.0039,-75.2207,9999.0,6,0,1,0,0,0,0,0,0,,0,0,0,12,1,3,1,,0.0,40 00:13.000,,0,75 13:14.458,4,0,0,0,67301,0,0,0,N,0,0,0,3,46104,3,,1,1,,N,N,,0,,0,0,0,3,2,,1227,3,2,0,0,0,0,0,3,4,0,2,3,,N,,,,,,,,,,,
2006091086,51.0,1,0,0,0,0,0,0,0,0,0,0,,67,9,2006,1,39.9951,-75.2397,9999.0,6,0,0,0,0,0,1,0,0,,0,0,0,0,3,0,0,,0.0,39 59:42.000,,0,75 14:23.037,0,0,0,0,67301,0,0,0,N,0,0,0,2,46104,0,,1,9,,N,N,,0,,0,0,0,2,8,,51,0,1,0,0,0,0,0,3,4,0,1,3,,N,,,,,,,,,,,
2006054622,1225.0,2,0,0,0,0,0,0,0,0,6,0,,67,4,2006,2,40.0077,-75.1515,1217.0,6,0,0,0,0,0,1,1,0,,0,0,0,12,1,0,1,,0.0,40 00:27.000,,0,75 09:05.861,0,0,0,0,67301,0,0,0,N,0,0,0,3,67301,0,,1,1,,N,N,,0,,0,0,0,0,0,,1209,0,2,0,0,2,0,0,3,4,0,2,3,,N,,,,,,,,,,,
2006054643,25.0,2,0,0,0,0,0,0,0,0,5,0,,67,4,2006,1,,,22.0,6,0,0,0,0,0,0,0,0,,0,0,0,0,3,3,0,,0.0,,,0,,4,0,0,0,67301,0,0,0,N,0,0,0,5,67301,3,,1,1,,N,N,,0,,0,0,0,0,0,,15,3,2,0,0,0,0,0,3,3,0,2,3,,N,,,,,,,,,,,
2006083311,1950.0,2,0,0,0,0,0,0,0,0,1,0,,67,6,2006,5,,,1950.0,6,0,0,0,0,0,0,0,0,,0,0,0,99,1,1,0,,0.0,,,0,,8,0,0,0,67301,0,0,0,N,0,0,0,6,67301,0,,1,9,,N,N,,0,,0,0,0,0,0,,9999,1,2,0,0,0,1,0,3,3,0,2,7,,N,,,,,,,,,,,
2006054689,1403.0,0,0,0,0,0,0,0,0,0,4,0,,67,4,2006,6,40.0687,-75.1641,1353.0,6,0,0,0,0,0,0,0,0,,0,0,0,13,1,1,1,,0.0,40 04:07.320,,0,75 09:50.760,8,0,0,0,67301,0,0,0,,0,0,0,2,67301,0,,1,9,,N,N,,1,,0,0,1,9,2,,1345,1,2,0,0,0,1,0,3,4,0,2,7,,N,,,,,,,,,,,
2006080909,1804.0,1,0,0,0,0,0,0,0,0,8,0,,67,6,2006,7,40.0384,-75.0772,1802.0,6,0,0,0,0,0,0,0,0,,0,0,0,18,1,1,0,,0.0,40 02:18.110,,0,75 04:38.010,4,0,0,0,67301,1,0,0,N,1,0,0,2,67301,1,,1,1,,N,N,,0,,0,0,0,0,0,,1800,1,2,0,0,1,0,0,3,4,0,1,3,,N,,,,,,,,,,,
2006081010,420.0,1,0,0,0,0,0,0,0,0,5,0,,67,6,2006,2,,,415.0,6,0,0,0,0,0,0,0,0,,0,0,0,4,3,0,5,,0.0,,,0,,0,0,0,0,67301,0,0,0,N,0,0,0,2,67301,0,,1,1,,N,N,,1,,0,0,0,0,0,,410,0,2,0,0,0,0,0,3,3,0,2,3,,N,,,,,,,,,,,
2006081144,2345.0,0,0,0,0,0,0,0,0,0,1,0,,67,5,2006,6,,,2341.0,6,0,0,0,0,0,0,0,0,1.0,0,0,0,23,3,1,0,,2.0,,4.0,0,,4,0,0,0,67301,0,0,0,N,0,0,0,1,67301,1,,6,1,,N,N,,1,,0,0,1,0,0,Y,2340,1,2,0,0,0,0,0,3,3,0,2,3,,N,,,,,,,,,,,
2006081495,1535.0,1,0,0,0,0,0,0,0,0,4,0,,67,6,2006,4,39.9074,-75.1902,1510.0,6,0,0,0,0,0,1,0,0,,0,0,0,15,1,0,1,,0.0,39 54:26.773,,0,75 11:24.849,0,0,0,0,67301,0,0,0,N,0,0,0,2,67301,0,,1,1,,N,N,,1,,0,0,0,3,2,,1510,0,2,0,0,0,0,0,3,4,0,2,3,,N,,,,,,,,,,,
2006081512,816.0,2,0,0,0,0,0,0,0,0,4,0,,67,7,2006,2,,,814.0,6,0,0,0,0,0,0,1,0,2.0,0,0,0,8,1,1,1,,1.0,,3.0,0,,8,0,0,0,67301,0,0,0,N,0,0,0,4,67301,0,,1,1,,N,N,,1,,0,0,0,3,2,Y,813,1,3,0,0,0,1,0,3,3,0,3,3,,N,,,,,,,,,,,
2006081422,1538.0,2,0,0,0,0,0,0,0,0,4,0,,67,7,2006,7,40.0585,-75.1507,9999.0,6,0,0,0,1,0,0,0,0,,0,0,0,15,1,1,1,,0.0,40 03:30.646,,0,75 09:02.627,8,0,0,0,67301,0,0,0,N,0,0,0,2,67301,0,,1,9,,N,N,,0,,0,0,0,9,3,,1535,1,2,0,0,0,1,1,3,4,0,2,7,,N,,,,,,,,,,,
2006081462,1755.0,2,0,0,0,0,0,0,0,0,4,0,,67,5,2006,3,40.0228,-75.159,1750.0,6,0,0,0,0,0,0,0,0,,0,0,0,15,1,1,1,,0.0,40 01:21.000,,0,75 09:32.398,8,0,0,0,67301,0,0,0,N,0,0,0,2,67301,0,,1,1,,N,N,,0,,0,0,0,3,2,,1530,1,2,0,0,2,1,0,3,4,0,2,3,,N,,,,,,,,,,,
2006103687,225.0,2,0,0,0,0,0,0,0,0,5,0,,67,8,2006,7,,,220.0,6,0,0,0,0,0,0,0,0,,0,0,0,2,3,1,0,,0.0,,,0,,8,0,0,0,67301,0,0,0,N,0,0,0,1,67301,0,,6,1,,N,N,,0,,0,0,0,0,0,,215,1,2,0,0,1,1,0,3,3,0,2,3,,N,,,,,,,,,,,
2006103699,1914.0,1,0,0,0,0,0,0,0,0,6,0,,67,9,2006,1,,,1914.0,6,0,0,0,0,1,0,0,0,,0,0,0,19,1,1,0,,0.0,,,0,,3,0,0,0,67301,0,0,0,N,0,0,0,1,67301,0,,1,1,,N,N,,0,,1,0,0,3,7,,1915,1,2,0,0,0,0,0,3,3,0,2,3,,N,,,,,,,,,,,
2006096569,925.0,1,0,0,0,0,0,0,0,0,7,0,,67,8,2006,1,39.9793,-75.204,923.0,6,0,0,0,0,0,0,0,0,1.0,0,0,0,9,1,1,0,,1.0,39 58:47.000,3.0,0,75 12:18.422,3,0,0,0,67301,0,0,0,N,0,0,0,1,67301,0,,2,1,,N,N,,0,,1,0,0,0,0,N,923,1,1,0,0,1,0,0,3,4,0,1,3,,N,,,,,,,,,,,
2006096642,1015.0,1,0,0,1,0,0,0,0,0,5,0,,67,6,2006,4,,,1010.0,6,0,0,0,0,0,0,0,0,,0,0,0,10,1,1,2,,0.0,,,0,,4,0,0,0,67301,1,0,0,N,0,0,0,2,67301,1,,9,1,,N,N,,0,,0,0,0,3,3,,1000,1,2,0,0,0,0,0,3,3,0,1,3,,N,,,,,,,,,,,
2006101908,2036.0,1,0,0,0,0,0,0,0,0,1,0,,67,9,2006,1,,,2032.0,6,0,0,0,0,0,1,0,0,,0,0,0,20,3,1,0,,0.0,,,0,,8,0,0,0,67301,0,0,0,N,0,0,0,6,67301,0,,1,1,,N,N,,0,,0,0,1,0,0,,2030,1,2,0,0,2,1,0,3,3,0,2,3,,N,,,,,,,,,,,
2006103268,1605.0,2,0,0,0,0,0,0,0,0,4,0,,67,9,2006,6,40.0372,-75.053,1557.0,6,0,0,0,0,0,0,0,0,,0,0,0,15,1,1,1,,0.0,40 02:13.966,,0,75 03:10.861,4,0,0,0,67301,0,0,0,N,0,0,0,2,67301,1,,1,1,,N,N,,0,,0,0,0,0,0,,1536,1,2,0,0,0,0,0,3,4,0,2,3,,N,,,,,,,,,,,
2006102837,1251.0,1,0,0,0,0,0,0,0,0,2,0,,67,9,2006,7,,,1249.0,6,0,1,0,0,0,0,0,0,,0,0,0,12,1,2,2,,0.0,,,0,,2,0,0,0,67301,0,0,0,N,0,0,0,4,67301,0,,1,1,,N,N,,0,,0,2,1,3,2,,1249,2,2,0,0,0,0,0,3,3,0,2,3,,N,,,,,,,,,,,
2006097880,1743.0,0,0,0,0,0,0,0,0,0,1,0,,67,9,2006,4,,,1733.0,6,0,0,0,0,0,0,0,0,,0,0,0,17,1,0,0,,0.0,,,3,,0,0,0,0,67301,0,0,0,N,0,0,0,2,67501,0,,1,1,,N,N,,0,,0,0,1,3,8,,1733,0,2,0,0,0,0,0,3,3,1,2,3,,N,,,,,,,,,,,
2006105323,2120.0,1,0,0,0,0,0,0,0,0,4,0,,67,8,2006,2,40.0289,-75.0895,2120.0,6,0,0,0,0,0,0,1,0,,0,0,0,21,3,2,1,,0.0,40 01:44.000,,0,75 05:24.163,8,0,0,0,67301,0,0,0,N,0,0,0,2,67301,0,,1,1,,N,N,,0,,0,0,1,3,2,,2110,2,2,0,0,0,2,0,3,4,0,2,3,,N,,,,,,,,,,,
2006080593,1740.0,1,0,0,1,0,0,0,0,0,1,0,,67,7,2006,6,39.9667,-75.179,1730.0,6,0,0,0,0,0,1,0,0,,0,0,0,17,1,1,1,,0.0,39 57:59.000,,0,75 10:44.576,8,0,0,0,67301,1,0,0,,0,0,0,2,67301,0,,1,1,,,,,0,,0,0,0,3,2,,1720,1,2,0,0,0,1,0,3,4,0,1,3,,N,,,,,,,,,,,
2006080668,1848.0,3,0,0,0,0,0,0,0,0,2,0,,67,6,2006,5,39.9987,-75.1005,1845.0,6,0,0,0,0,0,0,0,0,,0,0,0,18,1,2,0,,0.0,39 59:55.320,,0,75 06:01.800,3,0,0,0,67301,0,0,0,N,0,0,0,2,67301,1,,6,1,,N,N,,0,,1,0,0,0,0,,1830,2,3,0,0,0,0,0,3,4,0,3,3,,N,,,,,,,,,,,
2006083076,2305.0,1,0,0,0,0,0,0,0,0,6,0,,67,6,2006,4,,,2257.0,6,0,0,0,0,0,0,0,0,,0,0,0,22,3,1,1,,0.0,,,0,,8,0,0,0,67301,0,0,0,N,0,0,0,2,67301,0,,1,9,,N,N,,0,,0,0,1,9,2,,2240,1,2,0,0,0,1,1,3,3,0,2,7,,N,,,,,,,,,,,
2006083160,2224.0,2,0,0,0,0,0,0,0,0,4,0,,67,7,2006,5,,,2218.0,6,0,0,0,0,1,0,0,0,1.0,0,0,0,22,3,1,0,,2.0,,2.0,1,,4,0,0,0,67301,0,0,0,N,0,0,0,6,67301,1,,1,1,,N,N,,0,,0,0,0,0,0,Y,2208,1,2,0,0,0,0,0,3,3,0,2,3,,N,,,,,,,,,,,
2006082995,1620.0,1,0,0,0,0,0,0,0,0,0,0,,67,5,2006,5,39.9272,-75.1952,1610.0,6,0,0,0,0,0,1,0,0,2.0,0,0,0,16,1,4,0,,1.0,39 55:40.000,4.0,0,75 11:44.677,8,0,0,0,67301,0,0,0,N,0,0,0,5,67301,0,,1,1,,N,N,,1,,0,0,0,0,0,N,1608,4,2,0,0,1,4,0,3,4,0,2,3,,N,,,,,,,,,,,
2006080864,16.0,1,0,0,0,0,0,0,0,0,4,0,,67,6,2006,4,40.0631,-75.0516,14.0,6,0,0,0,0,0,1,0,0,,0,0,0,0,3,1,1,,0.0,40 03:47.000,,0,75 03:06.129,4,0,0,0,67301,0,0,0,N,0,0,0,2,67301,1,,1,1,,N,N,,1,,0,0,0,3,2,,13,1,2,0,0,0,0,0,3,4,0,2,3,,N,,,,,,,,,,,
2006125455,9999.0,3,0,0,0,0,0,0,0,0,1,0,,67,11,2006,3,40.0541,-75.049,9999.0,6,0,0,0,1,0,0,0,0,9.0,0,0,0,99,3,1,5,,1.0,40 03:14.000,1.0,0,75 02:56.299,8,0,0,0,67301,0,0,0,N,0,0,0,3,67301,0,,1,9,,N,N,,0,,0,0,0,9,2,N,9999,1,3,0,0,0,1,0,3,4,0,3,7,,N,,,,,,,,,,,
2006080287,605.0,0,0,0,0,0,0,0,0,0,8,0,,67,7,2006,2,39.9493,-75.1642,603.0,6,0,0,0,0,0,0,0,1,,0,0,0,6,1,1,1,,0.0,39 56:57.000,,0,75 09:51.314,4,0,0,0,67301,1,0,0,N,1,0,0,2,67301,1,,9,1,,N,N,,0,,0,0,0,3,2,,600,1,2,0,0,0,0,0,3,4,1,1,3,,N,,,,,,,,,,,
2006125252,1020.0,1,0,0,0,0,0,0,0,0,1,0,,67,10,2006,6,40.0415,-75.1584,1012.0,6,0,0,0,0,0,0,1,0,,0,0,0,10,1,2,1,,0.0,40 02:29.000,,0,75 09:29.891,4,0,0,0,67301,0,0,0,N,0,0,0,3,67301,2,,1,1,,N,N,,0,,0,0,0,0,0,,1000,2,2,0,0,3,0,0,3,4,1,2,3,,N,,,,,,,,,,,
2006065612,800.0,0,0,0,0,0,0,0,0,0,8,0,,67,5,2006,3,40.0247,-75.1237,800.0,6,0,0,0,0,0,0,0,0,,0,0,0,99,1,1,1,,0.0,40 01:28.740,,0,75 07:25.247,4,0,0,0,67301,1,0,0,,1,0,0,2,67301,1,,1,1,,,,,1,,0,0,0,0,0,,9999,1,2,0,0,0,0,0,3,4,0,1,3,,N,,,,,,,,,,,
2006063222,905.0,1,0,0,0,0,0,0,0,0,8,0,,67,5,2006,3,,,901.0,6,0,0,0,0,0,0,0,0,,0,0,0,9,1,1,2,,0.0,,,0,,4,0,0,0,67301,1,0,0,N,1,0,0,2,67301,1,,1,1,,N,,,0,,0,0,0,9,2,,901,1,2,0,0,0,0,0,3,3,0,1,3,,N,,,,,,,,,,,
2006115578,1140.0,3,0,0,0,0,0,0,0,0,4,0,,67,9,2006,7,40.0223,-75.162,1137.0,6,0,0,0,0,0,0,0,0,,0,0,0,11,1,0,1,,0.0,40 01:20.000,,0,75 09:43.405,9,0,0,0,67301,0,0,0,,0,0,0,3,67301,0,,1,9,,,,,1,,0,0,0,9,2,,1135,0,4,0,0,0,0,1,3,4,0,4,3,,N,,,,,,,,,,,
2006112974,213.0,3,0,0,0,0,0,0,0,0,1,0,,67,10,2006,1,39.9441,-75.1434,212.0,6,0,0,0,0,0,0,0,0,1.0,0,0,0,2,3,0,0,,1.0,39 56:38.723,5.0,0,75 08:36.171,0,0,0,0,67301,0,0,0,N,0,0,0,1,67301,0,,2,1,,N,N,,0,,0,0,0,0,0,N,210,0,3,0,0,0,0,0,3,4,0,3,3,,N,,,,,,,,,,,
2006126804,1600.0,1,0,0,0,0,0,0,0,0,8,0,,67,11,2006,6,39.9745,-75.2526,1556.0,6,0,0,0,0,0,0,0,1,,0,0,0,15,1,1,0,,0.0,39 58:28.236,,0,75 15:09.468,8,0,0,0,67301,1,0,0,N,1,0,0,2,67301,0,,1,1,,N,N,,0,,0,0,0,0,0,,1556,1,2,0,0,0,1,0,3,4,0,1,3,,N,,,,,,,,,,,
2006124281,1520.0,1,0,0,0,0,0,0,0,0,4,1,,67,11,2006,4,39.925,-75.1747,1450.0,6,0,0,0,0,0,0,0,0,,0,1,0,14,1,2,1,,0.0,39 55:30.000,,0,75 10:28.193,8,0,0,0,67301,0,0,0,,0,0,0,3,67301,0,,1,1,,N,N,,0,,0,0,0,9,2,,1450,2,2,0,0,0,2,0,3,4,0,2,3,,N,,,,,,,,,,,
2006102348,1228.0,1,0,0,0,0,0,0,0,0,7,0,,67,8,2006,7,40.0115,-75.182,1227.0,6,0,0,0,0,0,0,0,0,,0,0,0,12,1,1,0,,0.0,40 00:41.000,,0,75 10:55.502,4,0,0,0,67301,0,0,0,N,0,0,0,1,67301,1,,5,1,,N,N,,0,,0,0,0,0,0,,1226,1,1,0,0,0,0,0,3,4,0,1,3,,N,,,,,,,,,,,
2006115150,1548.0,1,0,0,0,0,0,0,0,0,6,0,,67,10,2006,3,40.0626,-75.0803,1546.0,6,0,0,0,0,0,0,0,1,,0,0,0,13,1,1,0,,0.0,40 03:45.216,,0,75 04:49.234,4,0,0,0,67301,0,0,0,N,0,0,0,3,67301,1,,1,9,,N,N,,1,,0,0,0,0,0,,1336,1,2,0,0,2,0,0,3,4,0,2,7,,N,,,,,,,,,,,
2006097104,144.0,0,0,0,0,0,0,0,0,0,7,0,,67,7,2006,1,40.0641,-75.2396,140.0,6,0,0,0,0,0,0,0,0,,0,0,0,1,3,0,1,,0.0,40 03:50.000,,0,75 14:22.483,0,0,0,0,67301,0,0,0,N,0,0,0,1,67301,0,,3,1,,N,N,,1,,0,0,0,9,2,,137,0,1,0,0,0,0,0,3,4,0,1,3,,N,,,,,,,,,,,
2006054524,135.0,3,0,0,0,0,0,0,0,0,2,0,,67,3,2006,5,40.0251,-75.2094,124.0,6,0,0,0,0,0,0,0,0,,0,0,0,1,3,0,0,,0.0,40 01:30.241,,0,75 12:33.732,9,0,0,0,67301,0,0,0,,0,0,0,1,67301,0,,6,1,,,,,1,,0,0,0,0,0,,115,0,4,0,0,0,0,1,3,4,0,4,3,,N,,,,,,,,,,,