CRN,ARRIVAL_TM,AUTOMOBILE_COUNT,BELTED_DEATH_COUNT,BELTED_SUSP_SERIOUS_INJ_COUNT,BICYCLE_COUNT,BICYCLE_DEATH_COUNT,BICYCLE_SUSP_SERIOUS_INJ_COUNT,BUS_COUNT,CHLDPAS_DEATH_COUNT,CHLDPAS_SUSP_SERIOUS_INJ_COUNT,COLLISION_TYPE,COMM_VEH_COUNT,CONS_ZONE_SPD_LIM,COUNTY,CRASH_MONTH,CRASH_YEAR,DAY_OF_WEEK,DEC_LAT,DEC_LONG,DISPATCH_TM,DISTRICT,DRIVER_COUNT_16YR,DRIVER_COUNT_17YR,DRIVER_COUNT_18YR,DRIVER_COUNT_19YR,DRIVER_COUNT_20YR,DRIVER_COUNT_50_64YR,DRIVER_COUNT_65_74YR,DRIVER_COUNT_75PLUS,EST_HRS_CLOSED,FATAL_COUNT,HEAVY_TRUCK_COUNT,HORSE_BUGGY_COUNT,HOUR_OF_DAY,ILLUMINATION,INJURY_COUNT,INTERSECT_TYPE,INTERSECTION_RELATED,LANE_CLOSED,LATITUDE,LN_CLOSE_DIR,LOCATION_TYPE,LONGITUDE,MAX_SEVERITY_LEVEL,MCYCLE_DEATH_COUNT,MCYCLE_SUSP_SERIOUS_INJ_COUNT,MOTORCYCLE_COUNT,MUNICIPALITY,NONMOTR_COUNT,NONMOTR_DEATH_COUNT,NONMOTR_SUSP_SERIOUS_INJ_COUNT,NTFY_HIWY_MAINT,PED_COUNT,PED_DEATH_COUNT,PED_SUSP_SERIOUS_INJ_COUNT,PERSON_COUNT,POLICE_AGCY,POSSIBLE_INJ_COUNT,RDWY_SURF_TYPE_CD,RELATION_TO_ROAD,ROAD_CONDITION,ROADWAY_CLEARED,SCH_BUS_IND,SCH_ZONE_IND,SECONDARY_CRASH,SMALL_TRUCK_COUNT,SPEC_JURIS_CD,SUSP_MINOR_INJ_COUNT,SUSP_SERIOUS_INJ_COUNT,SUV_COUNT,TCD_FUNC_CD,TCD_TYPE,TFC_DETOUR_IND,TIME_OF_DAY,TOT_INJ_COUNT,TOTAL_UNITS,UNB_DEATH_COUNT,UNB_SUSP_SERIOUS_INJ_COUNT,UNBELTED_OCC_COUNT,UNK_INJ_DEG_COUNT,UNK_INJ_PER_COUNT,URBAN_AREA,URBAN_RURAL,VAN_COUNT,VEHICLE_COUNT,WEATHER1,WEATHER2,WORK_ZONE_IND,WORK_ZONE_LOC,WORK_ZONE_TYPE,WORKERS_PRES,WZ_CLOSE_DETOUR,WZ_FLAGGER,WZ_LAW_OFFCR_IND,WZ_LN_CLOSURE,WZ_MOVING,WZ_OTHER,WZ_SHLDER_MDN,WZ_WORKERS_INJ_KILLED
2006080987,1635.0,2,0,0,0,0,0,0,0,0,5,0,,67,6,2006,6,39.9921,-75.0993,630.0,6,0,0,0,0,0,1,0,0,,0,0,0,15,1,1,1,,0.0,39 59:31.000,,0,75 05:57.386,4,0,0,0,67301,0,0,0,N,0,0,0,2,67301,1,,1,1,,N,N,,0,,0,0,0,3,2,,1500,1,2,0,0,0,0,0,3,4,0,2,99,,N,,,,,,,,,,,
2006081350,2045.0,1,0,0,0,0,0,0,0,0,7,0,,67,6,2006,1,39.9673,-75.1807,2037.0,6,0,0,0,0,0,0,0,0,,0,0,0,20,3,1,3,,0.0,39 58:02.000,,0,75 10:51.357,8,0,0,0,67301,0,0,0,N,0,0,0,1,67301,0,,5,9,,N,N,,0,,0,0,0,3,2,,2037,1,1,0,0,1,1,0,3,4,0,1,7,,N,,,,,,,,,,,
2006081449,2030.0,2,0,0,0,0,0,0,0,0,4,0,,67,5,2006,4,39.9614,-75.2368,2025.0,6,0,0,1,0,0,0,0,0,,0,0,0,19,3,2,1,,0.0,39 57:41.000,,0,75 14:12.377,8,0,0,0,67301,0,0,0,N,0,0,0,3,67301,0,,1,1,,N,N,,0,,0,0,0,3,2,,1935,2,2,0,0,0,2,0,3,4,0,2,3,,N,,,,,,,,,,,
2006081452,1825.0,1,0,0,0,0,0,0,0,0,7,0,,67,7,2006,7,,,1820.0,6,0,0,0,0,0,0,0,0,,0,0,0,18,1,0,0,,0.0,,,0,,0,0,0,0,67301,0,0,0,N,0,0,0,2,67301,0,,5,1,,N,N,,0,,0,0,0,0,0,,1816,0,1,0,0,0,0,0,3,3,0,1,3,,N,,,,,,,,,,,
2006081607,1050.0,2,0,0,0,0,0,0,0,0,4,0,,67,6,2006,5,40.034,-75.0744,1047.0,6,0,0,0,0,0,1,0,0,,0,0,0,99,1,1,1,,0.0,40 02:02.000,,0,75 04:27.841,4,0,0,0,67301,0,0,0,N,0,0,0,2,67301,1,,1,1,,N,N,,0,,0,0,0,3,2,,9999,1,2,0,0,0,0,0,3,4,0,2,3,,N,,,,,,,,,,,
2006081659,105.0,2,0,0,0,0,0,0,0,0,4,0,,67,6,2006,6,40.0153,-75.2081,105.0,6,0,0,0,0,0,0,0,0,,0,0,0,1,3,0,3,,0.0,40 00:55.000,,0,75 12:30.141,9,0,0,0,67301,0,0,0,N,0,0,0,3,67301,0,,1,9,,N,N,,0,,0,0,0,3,2,,100,0,2,0,0,0,0,1,3,4,0,2,7,,N,,,,,,,,,,,
2006115748,1130.0,2,0,0,0,0,0,0,0,0,1,0,,67,10,2006,3,40.0542,-75.0497,1120.0,6,0,0,0,0,0,0,0,0,,0,0,0,11,1,1,0,,0.0,40 03:14.000,,0,75 02:58.921,8,0,0,0,67301,0,0,0,N,0,0,0,2,67301,0,,1,1,,N,N,,0,,0,0,0,0,0,,1120,1,2,0,0,0,1,0,3,4,0,2,3,,N,,,,,,,,,,,
2006105740,1625.0,1,0,0,0,0,0,0,0,0,1,0,,67,8,2006,4,40.0211,-75.1399,1624.0,6,0,0,0,0,0,0,0,0,1.0,0,0,0,16,1,1,1,,1.0,40 01:17.000,1.0,0,75 08:23.815,4,0,0,0,67301,0,0,0,N,0,0,0,3,67301,1,,1,1,,N,N,,0,,0,0,1,3,2,Y,1622,1,2,0,0,0,0,0,3,4,0,2,3,,N,,,,,,,,,,,
2006113307,1720.0,1,0,0,0,0,0,0,0,0,8,0,,67,9,2006,3,39.9433,-75.2108,1710.0,6,0,0,0,0,0,0,0,0,,0,0,0,17,1,1,1,,0.0,39 56:36.067,,0,75 12:39.020,4,0,0,0,67301,1,0,0,N,1,0,0,2,67301,1,,1,1,,N,N,,0,,0,0,0,3,2,,1708,1,2,0,0,0,0,1,3,4,0,1,3,,N,,,,,,,,,,,
2006115858,1225.0,2,0,0,0,0,0,0,0,0,1,0,,67,9,2006,6,39.9753,-75.2455,1220.0,6,0,0,0,0,0,0,0,0,,0,0,0,12,1,1,1,,0.0,39 58:26.000,,0,75 14:43.248,4,0,0,0,67301,0,0,0,N,0,0,0,2,67301,1,,9,9,,N,N,,0,,0,0,0,3,2,,1200,1,2,0,0,0,0,1,3,4,0,2,7,,N,,,,,,,,,,,
2006115880,1653.0,0,0,0,0,0,0,0,0,0,4,0,,67,10,2006,2,39.9292,-75.1872,1650.0,6,0,0,0,0,0,0,0,0,,0,0,0,16,1,0,1,,0.0,39 55:44.943,,0,75 11:13.894,0,0,0,0,67301,0,0,0,N,0,0,0,3,67301,0,,1,1,,N,N,,0,,0,0,2,3,2,,1630,0,2,0,0,0,0,0,3,4,0,2,3,,N,,,,,,,,,,,
2006105784,325.0,1,0,0,0,0,0,0,0,0,2,0,,67,8,2006,5,39.9342,-75.2,317.0,6,0,0,0,0,0,0,0,0,4.0,0,0,0,3,3,2,0,,2.0,39 56:02.235,3.0,0,75 12:00.123,2,0,0,0,67301,0,0,0,Y,0,0,0,2,67301,1,,1,1,,N,N,,0,,0,1,0,0,0,Y,317,2,2,0,0,0,0,0,3,4,1,2,3,,N,,,,,,,,,,,
2006113439,324.0,2,0,0,0,0,0,0,0,0,4,0,,67,10,2006,1,39.9271,-75.1809,322.0,6,0,0,0,0,0,0,0,0,3.0,0,0,0,3,3,3,1,,2.0,39 55:37.484,4.0,0,75 10:51.193,3,0,0,0,67301,0,0,0,N,0,0,0,4,67301,0,,1,1,,N,N,,0,,3,0,0,3,3,Y,320,3,2,0,0,0,0,0,3,4,0,2,3,,N,,,,,,,,,,,
2006113463,2016.0,2,0,0,0,0,0,0,0,0,2,0,,67,10,2006,7,39.959,-75.2047,2011.0,6,0,0,0,0,0,1,0,0,,0,0,0,19,3,1,0,,0.0,39 57:32.220,,0,75 12:16.822,8,0,0,0,67301,0,0,0,N,0,0,0,1,67301,0,,6,1,,N,N,,0,,0,0,0,3,2,,1938,1,2,0,0,0,1,0,3,4,0,2,3,,N,,,,,,,,,,,
2006105842,807.0,2,0,0,0,0,0,0,0,0,1,0,,67,8,2006,5,40.0079,-75.1478,807.0,6,0,0,0,0,0,0,0,0,,0,0,0,7,5,1,0,,0.0,40 00:28.431,,0,75 08:51.957,8,0,0,0,67301,0,0,0,N,0,0,0,1,67301,0,,6,1,,N,N,,0,,0,0,1,0,0,,700,1,3,0,0,0,1,0,3,4,0,3,3,,N,,,,,,,,,,,
2006103666,1140.0,1,0,0,1,0,0,0,0,0,4,0,,67,8,2006,2,,,1131.0,6,0,0,0,0,0,1,0,0,,0,0,0,99,4,1,1,,0.0,,,0,,8,0,0,0,67301,1,0,0,,0,0,0,2,67301,0,,1,9,,,,,0,,0,0,0,9,2,,9999,1,2,0,0,0,1,0,3,3,0,1,7,,N,,,,,,,,,,,
2006113911,333.0,1,0,0,0,0,0,0,0,0,7,0,,67,9,2006,6,40.0139,-75.0563,324.0,6,0,0,0,0,0,0,0,0,1.0,0,0,0,3,3,0,0,,2.0,40 00:50.000,1.0,0,75 03:22.133,0,0,0,0,67301,0,0,0,N,0,0,0,1,67301,0,,2,9,,N,N,,0,,0,0,0,0,0,N,320,0,1,0,0,0,0,0,3,4,0,1,7,,N,,,,,,,,,,,
2006104279,2301.0,2,0,0,0,0,0,0,0,0,4,0,,67,9,2006,2,39.9571,-75.1521,2257.0,6,0,0,0,0,0,1,0,0,,0,0,0,22,3,1,1,,0.0,39 57:25.560,,0,75 09:07.200,4,0,0,0,67301,0,0,0,N,0,0,0,2,67301,1,,1,1,,N,N,,0,,0,0,0,3,2,,2250,1,2,0,0,0,0,0,3,4,0,2,3,,N,,,,,,,,,,,
2006101900,9999.0,2,0,0,0,0,0,0,0,0,1,0,99.0,67,6,2006,6,,,9999.0,6,0,0,0,0,0,0,0,0,4.0,0,0,0,16,1,0,0,,1.0,,1.0,3,,0,0,0,0,67301,0,0,0,N,0,0,0,3,67301,0,,1,1,,N,N,,1,,0,0,0,0,0,N,1630,0,3,0,0,0,0,0,3,3,0,3,3,,Y,8.0,8.0,U,,,U,,,,,
2006103261,222.0,0,0,0,0,0,0,0,0,0,8,0,,67,9,2006,7,39.9653,-75.2015,221.0,6,0,0,0,0,0,0,0,0,,0,0,0,20,3,1,2,,0.0,39 57:55.040,,0,75 12:05.565,4,0,0,0,67301,2,0,0,N,1,0,0,2,67301,1,,1,1,,N,N,,0,,0,0,0,3,3,,2030,1,2,0,0,0,0,0,3,4,0,0,3,,N,,,,,,,,,,,
2006102821,9999.0,2,0,0,0,0,0,0,0,0,4,0,,67,9,2006,1,39.9259,-75.1813,311.0,6,0,0,0,0,0,0,0,0,,0,0,0,99,3,0,1,,0.0,39 55:33.000,,0,75 10:52.295,0,0,0,0,67301,0,0,0,N,0,0,0,3,67301,0,,1,1,,N,N,,0,,0,0,0,3,2,,9999,0,2,0,0,0,0,0,3,4,0,2,3,,N,,,,,,,,,,,
2006083072,920.0,0,0,0,0,0,0,0,0,0,8,0,,67,7,2006,2,40.017,-75.1883,915.0,6,0,0,0,0,0,1,0,0,,0,0,0,9,1,1,1,,0.0,40 01:01.029,,0,75 11:18.212,4,0,0,0,67301,1,0,0,N,1,0,0,2,67301,1,,1,1,,N,N,,1,,0,0,0,3,2,,910,1,2,0,0,0,0,0,3,4,0,1,3,,N,,,,,,,,,,,
2006083164,1816.0,0,0,0,0,0,0,0,0,0,1,0,,67,6,2006,1,40.039,-75.0563,1813.0,6,0,0,0,0,0,0,0,0,,0,0,0,18,1,3,1,,0.0,40 02:20.475,,0,75 03:22.611,4,0,0,0,67301,0,0,0,N,0,0,0,5,67301,3,,1,1,,N,N,,1,,0,0,0,3,2,,1808,3,2,0,0,0,0,2,3,4,1,2,3,,N,,,,,,,,,,,
2006066010,9999.0,1,0,0,0,0,0,0,0,0,8,0,,67,6,2006,6,40.0279,-75.0602,144.0,6,0,0,0,0,0,0,0,0,,0,0,0,13,1,1,0,,0.0,40 01:40.000,,0,75 03:36.363,8,0,0,0,67301,1,0,0,,1,0,0,2,67301,0,,1,1,,,,,0,,0,0,0,0,0,,1320,1,2,0,0,0,1,1,3,4,0,1,3,,N,,,,,,,,,,,
2006125473,1535.0,2,0,0,0,0,0,0,0,0,5,0,,67,11,2006,2,40.0937,-75.0164,1528.0,6,0,0,0,0,0,1,0,0,,0,0,0,15,1,2,0,,0.0,40 05:37.320,,0,75 00:58.680,4,0,0,0,67301,0,0,0,N,0,0,0,2,67301,2,,1,1,,N,N,,0,,0,0,0,0,0,,1510,2,2,0,0,0,0,0,3,4,0,2,3,,N,,,,,,,,,,,
2006082590,938.0,2,0,0,0,0,0,0,0,0,1,0,,67,6,2006,2,,,34.0,6,0,0,0,0,0,0,0,0,,0,0,0,0,3,0,0,,0.0,,,0,,0,0,0,0,67301,0,0,0,,0,0,0,2,67301,0,,1,1,,N,N,,0,,0,0,0,0,0,,20,0,2,0,0,0,0,0,3,3,0,2,3,,N,,,,,,,,,,,
2006125327,1215.0,1,0,0,0,0,0,0,0,0,7,0,,67,11,2006,7,40.0948,-75.015,1209.0,6,0,0,0,0,0,0,1,0,,0,0,0,0,3,0,0,,0.0,40 05:41.000,,0,75 00:53.421,0,0,0,0,67301,0,0,0,N,0,0,0,1,67301,0,,3,1,,N,N,,0,,0,0,0,0,0,,1,0,1,0,0,0,0,0,3,4,0,1,3,,N,,,,,,,,,,,
2006125335,1808.0,0,0,0,0,0,0,1,0,0,8,1,,67,10,2006,3,39.9499,-75.1437,1800.0,6,0,0,0,0,0,0,0,0,,0,0,0,8,1,1,1,,0.0,39 56:59.000,,0,75 08:35.853,4,0,0,0,67301,1,0,0,N,1,0,0,2,67301,1,,1,1,,N,N,,0,,0,0,0,0,0,,800,1,2,0,0,0,0,0,3,4,0,1,99,,N,,,,,,,,,,,
2006125380,349.0,0,0,0,0,0,0,0,0,0,7,0,,67,11,2006,3,39.977,-75.199,345.0,6,0,0,0,0,1,0,0,0,1.0,0,0,0,3,3,1,0,,1.0,39 58:38.280,3.0,0,75 12:01.440,4,0,0,0,67301,0,0,0,N,0,0,0,1,67301,1,,2,1,,N,N,,0,,0,0,1,0,0,N,339,1,1,0,0,0,0,0,3,4,0,1,3,,N,,,,,,,,,,,
2006082594,330.0,1,0,0,0,0,0,0,0,0,7,0,,67,6,2006,7,39.9598,-75.1784,328.0,6,0,0,0,0,1,0,0,0,1.0,0,0,0,3,3,0,2,,1.0,39 57:35.000,3.0,2,75 10:42.445,0,0,0,0,67301,0,0,0,N,0,0,0,2,67301,0,,2,9,,N,N,,0,,0,0,0,0,0,N,326,0,1,0,0,0,0,0,3,4,0,1,7,,N,,,,,,,,,,,
2006082596,30.0,1,0,0,0,0,0,0,0,0,7,0,,67,6,2006,3,,,26.0,6,0,0,0,0,0,0,0,0,1.0,0,0,0,0,3,1,0,,1.0,,4.0,2,,4,0,0,0,67301,0,0,0,N,0,0,0,1,67301,1,,2,9,,N,N,,0,,0,0,0,0,0,N,24,1,1,0,0,0,0,0,3,3,0,1,7,,N,,,,,,,,,,,
2006103502,1541.0,2,0,0,0,0,0,0,0,0,4,0,,67,9,2006,5,40.1233,-75.0148,1539.0,6,0,0,1,0,0,0,0,1,2.0,0,0,0,15,1,1,0,,2.0,40 07:23.770,4.0,0,75 00:53.221,4,0,0,0,67301,0,0,0,N,0,0,0,4,67301,1,,1,9,,N,N,,0,,0,0,0,0,0,N,1530,1,2,0,0,0,0,0,3,4,0,2,7,,N,,,,,,,,,,,
2006098503,1702.0,2,0,0,0,0,0,0,0,0,1,0,,67,9,2006,6,,,1700.0,6,0,0,0,0,0,0,0,0,,0,0,0,17,1,0,0,,0.0,,,0,,9,0,0,0,67301,0,0,0,N,0,0,0,7,67501,0,,1,1,,N,N,,0,,0,0,1,3,8,,1705,0,3,0,0,0,0,1,3,3,0,3,3,,N,,,,,,,,,,,
2006080291,2205.0,2,0,0,0,0,0,0,0,0,4,0,,67,6,2006,5,,,2202.0,6,0,0,0,0,1,0,0,0,,0,0,0,21,3,0,1,,0.0,,,0,,9,0,0,0,67301,0,0,0,N,0,0,0,2,67301,0,,1,1,,N,N,,0,,0,0,0,3,3,,2157,0,2,0,0,0,0,1,3,3,0,2,3,,N,,,,,,,,,,,
2006115618,1621.0,2,0,0,0,0,0,0,0,0,4,0,,67,10,2006,6,,,1612.0,6,0,0,0,0,0,0,0,0,1.0,0,0,0,16,1,1,10,,1.0,,3.0,0,,8,0,0,0,67301,0,0,0,N,0,0,0,2,67301,0,,1,9,,N,N,,0,,0,0,0,0,0,N,1610,1,2,0,0,0,1,0,3,3,0,2,3,,N,,,,,,,,,,,
2006115628,2249.0,0,0,0,1,0,0,0,0,0,8,0,,67,10,2006,2,39.9473,-75.1479,2246.0,6,0,0,0,0,0,0,0,0,,0,0,0,21,3,1,2,,0.0,39 56:50.000,,0,75 08:52.605,3,0,0,0,67301,1,0,0,,0,0,0,2,67301,0,,1,1,,,,,0,,1,0,0,9,2,,2120,1,2,0,0,0,0,0,3,4,0,1,3,,N,,,,,,,,,,,
2006115631,1646.0,2,0,0,0,0,0,0,0,0,4,0,,67,10,2006,6,40.053,-74.9827,1642.0,6,0,0,0,0,0,0,0,0,,0,0,0,16,1,2,1,,0.0,40 03:10.000,,0,74 58:58.190,8,0,0,0,67301,0,0,0,N,0,0,0,7,67301,0,,1,9,,N,N,,0,,0,0,0,3,2,,1640,2,2,0,0,0,2,0,3,4,0,2,7,,N,,,,,,,,,,,
2006125259,1030.0,1,0,0,0,0,0,0,0,0,4,0,,67,10,2006,1,40.0161,-75.1308,1028.0,6,0,0,0,0,0,0,0,0,,0,0,0,10,1,0,1,,0.0,40 00:57.967,,0,75 07:50.861,9,0,0,0,67301,0,0,0,N,0,0,0,2,67301,0,,1,1,,N,N,,0,,0,0,0,3,3,,1027,0,2,0,0,0,0,2,3,4,0,2,3,,N,,,,,,,,,,,
2006125261,845.0,2,0,0,0,0,0,0,0,0,4,0,,67,10,2006,1,,,836.0,6,0,0,0,0,0,0,0,0,,0,0,0,8,1,2,1,,0.0,,,0,,4,0,0,0,67301,0,0,0,N,0,0,0,5,67301,2,,1,1,,N,N,,0,,0,0,0,3,3,,800,2,2,0,0,0,0,0,3,3,0,2,3,,N,,,,,,,,,,,
2006065605,1700.0,1,0,0,0,0,0,0,0,0,1,0,,67,5,2006,1,40.0246,-75.0573,1700.0,6,0,0,0,0,0,1,0,0,,0,0,0,12,1,1,1,,0.0,40 01:28.000,,0,75 03:26.427,4,0,0,0,67301,0,0,0,,0,0,0,2,67301,1,,1,1,,,,,0,,0,0,0,3,2,,1220,1,2,0,0,0,0,1,3,4,0,2,3,,N,,,,,,,,,,,
2006063230,2348.0,1,0,0,0,0,0,0,0,0,4,0,,67,5,2006,2,40.0115,-75.0698,2328.0,6,0,0,0,0,0,0,0,0,,0,0,0,99,3,1,1,,0.0,40 00:41.000,,0,75 04:11.189,8,0,0,0,67301,0,0,0,N,0,0,0,2,67301,0,,1,1,,N,N,,0,,0,0,1,3,2,,9999,1,2,0,0,2,1,0,3,4,0,2,3,,N,,,,,,,,,,,
2006112813,100.0,4,0,0,0,0,0,0,0,0,1,0,,67,10,2006,3,39.9566,-75.2102,53.0,6,0,0,0,0,0,0,0,0,,0,0,0,22,3,0,0,,0.0,39 57:23.831,,0,75 12:36.641,9,0,0,0,67301,0,0,0,N,0,0,0,2,67301,0,,1,9,,N,N,,0,,0,0,0,0,0,,2219,0,4,0,0,0,0,1,3,4,0,4,7,,N,,,,,,,,,,,
2006125402,1405.0,2,0,0,0,0,0,0,0,0,4,0,,67,11,2006,5,40.0372,-75.053,1400.0,6,0,0,0,1,0,1,0,0,,0,0,0,13,1,4,1,,0.0,40 02:13.966,,0,75 03:10.861,3,0,0,0,67301,0,0,0,N,0,0,0,4,67301,2,,1,1,,N,N,,0,,2,0,0,3,2,,1350,4,2,0,0,0,0,0,3,4,0,2,3,,N,,,,,,,,,,,
2006126801,45.0,1,0,0,0,0,0,0,0,0,8,0,,67,10,2006,7,40.0259,-75.1223,45.0,6,0,0,0,0,0,0,0,0,9.0,0,0,0,0,3,1,0,,1.0,40 01:33.240,2.0,0,75 07:20.280,4,0,0,0,67301,1,0,0,,1,0,0,3,67301,1,,1,9,,N,N,,0,,0,0,0,0,0,Y,45,1,2,0,0,0,0,0,3,4,0,1,7,,N,,,,,,,,,,,
2006124269,210.0,2,0,0,0,0,0,0,0,0,4,0,,67,10,2006,1,,,210.0,6,0,0,0,0,0,0,0,0,,0,0,0,99,3,2,0,,0.0,,,7,,3,0,0,0,67301,0,0,0,N,0,0,0,3,67301,0,,1,1,,N,N,,0,,1,0,0,0,0,,9999,2,2,0,0,0,1,0,3,3,0,2,3,,N,,,,,,,,,,,
2006124261,2015.0,0,0,0,0,0,0,0,0,0,5,0,,67,10,2006,1,40.0602,-75.0851,2002.0,6,0,0,0,0,0,1,0,0,3.0,0,0,0,20,3,2,0,,2.0,40 03:36.860,7.0,0,75 05:06.310,2,0,2,1,67301,0,0,0,N,0,0,0,3,67301,0,,1,1,,N,N,,0,,0,2,0,0,0,Y,2000,2,2,0,0,0,0,1,3,4,1,2,3,,N,,,,,,,,,,,
2006115143,826.0,2,0,0,0,0,0,0,0,0,1,0,,67,10,2006,3,40.0253,-75.0271,813.0,6,0,0,0,0,0,0,0,1,,0,0,0,8,1,1,2,,0.0,40 01:31.108,,0,75 01:37.531,4,0,0,0,67301,0,0,0,N,0,0,0,4,67301,1,,1,1,,N,N,,0,,0,0,0,3,3,,804,1,2,0,0,1,0,1,3,4,0,2,3,,N,,,,,,,,,,,
2006114586,1059.0,0,0,0,0,0,0,0,0,0,7,0,,67,9,2006,3,39.9955,-75.1917,1054.0,6,0,0,0,0,0,0,0,0,,1,0,0,10,1,0,0,,0.0,39 59:43.000,,0,75 11:29.855,1,1,0,1,67301,0,0,0,N,0,0,0,1,67301,0,2.0,5,1,,N,N,,0,0.0,0,0,0,0,0,,1054,0,1,0,0,0,0,0,3,4,0,1,3,,N,,,,,,,,,,,
2006114405,1213.0,1,0,0,0,0,0,0,0,0,1,0,,67,10,2006,5,40.0315,-75.0325,1211.0,6,0,0,0,0,0,1,0,0,,0,0,0,12,1,1,1,,0.0,40 01:53.467,,0,75 01:56.889,4,0,0,0,67301,0,0,0,N,0,0,0,2,67301,1,,1,1,,N,N,,1,,0,0,0,9,2,,1207,1,2,0,0,0,0,1,3,4,0,2,3,,N,,,,,,,,,,,
2006102578,530.0,3,0,0,0,0,0,0,0,0,4,0,,67,8,2006,4,,,530.0,6,0,0,0,0,0,1,0,0,9.0,0,0,0,5,3,2,1,,2.0,,7.0,0,,4,0,0,0,67301,0,0,0,N,0,0,0,2,67301,1,,1,1,,N,N,,0,,0,0,1,3,2,Y,530,2,4,0,0,1,1,0,3,3,0,4,3,,N,,,,,,,,,,,
2006105110,2328.0,0,0,0,0,0,0,0,0,0,7,0,,67,9,2006,5,39.9606,-75.1414,2325.0,6,0,0,0,0,0,0,0,0,9.0,0,0,0,23,3,0,1,,2.0,39 57:38.000,2.0,0,75 08:28.960,9,0,0,0,67301,0,0,0,Y,0,0,0,2,67301,0,,5,1,,N,N,,1,,0,0,0,3,2,Y,2320,0,1,0,0,0,0,2,3,4,0,1,3,,N,,,,,,,,,,,
2006105125,2055.0,3,0,0,0,0,0,0,0,0,4,0,,67,8,2006,4,,,2054.0,6,0,0,0,0,0,1,0,0,,0,0,0,20,3,1,1,,0.0,,,0,,4,0,0,0,67301,0,0,0,N,0,0,0,2,67301,1,,1,1,,N,N,,0,,0,0,0,3,3,,2050,1,3,0,0,0,0,0,3,3,0,3,3,,N,,,,,,,,,,,
2006126391,2135.0,1,0,0,0,0,0,0,0,0,8,0,,67,11,2006,5,39.9541,-75.2026,2127.0,6,0,0,0,0,0,0,0,0,,0,0,0,16,3,1,0,,0.0,39 57:15.000,,0,75 12:09.760,8,0,0,0,67301,1,0,0,N,1,0,0,2,67504,0,,1,1,,N,N,,0,,0,0,0,3,2,,1658,1,2,0,0,0,1,0,3,4,0,1,3,,N,,,,,,,,,,,
2006093452,1322.0,1,0,0,1,0,0,0,0,0,2,0,,67,8,2006,7,40.0282,-75.0847,1320.0,6,0,0,0,0,0,0,0,0,,0,0,0,12,1,1,0,,0.0,40 01:41.593,,0,75 05:05.067,4,0,0,0,67301,1,0,0,N,0,0,0,2,67301,1,,1,1,,N,N,,0,,0,0,0,0,0,,1245,1,2,0,0,0,0,0,3,4,0,1,3,,N,,,,,,,,,,,
2006080914,1211.0,1,0,0,0,0,0,0,0,0,7,0,,67,6,2006,7,40.1024,-75.0501,1207.0,6,0,0,0,0,0,0,1,0,,0,0,0,12,1,0,0,,0.0,40 06:08.000,,0,75 03:00.545,0,0,0,0,67301,0,0,0,,0,0,0,1,67301,0,,5,9,,,,,0,,0,0,0,0,0,,1205,0,1,0,0,0,0,0,3,4,0,1,7,,N,,,,,,,,,,,
2006080991,1816.0,1,0,0,1,0,0,0,0,0,8,0,,67,5,2006,2,40.042,-75.0197,1814.0,6,0,0,0,0,0,1,0,0,,0,0,0,18,1,1,0,,0.0,40 02:31.236,,0,75 01:10.779,8,0,0,0,67301,1,0,0,N,0,0,0,2,67301,0,,1,1,,N,N,,0,,0,0,0,0,0,,1813,1,2,0,0,0,1,0,3,4,0,1,3,,N,,,,,,,,,,,
2006081125,1605.0,2,0,0,0,0,0,0,0,0,5,0,,67,6,2006,7,39.9836,-75.1355,1600.0,6,0,0,0,0,0,0,0,0,,0,0,0,16,1,2,2,,0.0,39 59:00.956,,0,75 08:07.623,4,0,0,0,67301,0,0,0,N,0,0,0,5,67301,2,,2,1,,N,N,,0,,0,0,0,9,3,,1600,2,2,0,0,5,0,0,3,4,0,2,3,,N,,,,,,,,,,,
2006081376,1850.0,2,0,0,0,0,0,0,0,0,4,0,,67,5,2006,4,,,1843.0,6,0,0,0,0,0,0,1,1,,0,0,0,18,1,0,1,,0.0,,,0,,0,0,0,0,67301,0,0,0,N,0,0,0,2,67301,0,,1,1,,N,N,,0,,0,0,0,9,3,,1839,0,2,0,0,0,0,0,3,3,0,2,3,,N,,,,,,,,,,,
2006103655,1620.0,0,0,0,1,0,0,0,0,0,4,0,,67,9,2006,1,40.0222,-75.0605,1620.0,6,0,0,0,0,0,0,0,0,,0,0,0,16,1,1,0,,0.0,40 01:20.067,,0,75 03:37.918,3,0,0,0,67301,1,0,0,N,0,0,0,2,67301,0,,1,1,,N,N,,0,,1,0,1,0,0,,1617,1,2,0,0,0,0,0,3,4,0,1,3,,N,,,,,,,,,,,
2006103670,1555.0,1,0,0,0,0,0,0,0,0,1,0,,67,9,2006,4,40.0042,-75.0774,1550.0,6,0,0,0,0,0,0,0,0,,0,0,0,15,1,1,5,,0.0,40 00:14.000,,0,75 04:39.001,8,0,0,0,67301,0,0,0,N,0,0,0,3,67301,0,,1,1,,N,N,,1,,0,0,0,3,2,,1540,1,2,0,0,0,1,0,3,4,0,2,3,,N,,,,,,,,,,,