CRN,ARRIVAL_TM,AUTOMOBILE_COUNT,BELTED_DEATH_COUNT,BELTED_SUSP_SERIOUS_INJ_COUNT,BICYCLE_COUNT,BICYCLE_DEATH_COUNT,BICYCLE_SUSP_SERIOUS_INJ_COUNT,BUS_COUNT,CHLDPAS_DEATH_COUNT,CHLDPAS_SUSP_SERIOUS_INJ_COUNT,COLLISION_TYPE,COMM_VEH_COUNT,CONS_ZONE_SPD_LIM,COUNTY,CRASH_MONTH,CRASH_YEAR,DAY_OF_WEEK,DEC_LAT,DEC_LONG,DISPATCH_TM,DISTRICT,DRIVER_COUNT_16YR,DRIVER_COUNT_17YR,DRIVER_COUNT_18YR,DRIVER_COUNT_19YR,DRIVER_COUNT_20YR,DRIVER_COUNT_50_64YR,DRIVER_COUNT_65_74YR,DRIVER_COUNT_75PLUS,EST_HRS_CLOSED,FATAL_COUNT,HEAVY_TRUCK_COUNT,HORSE_BUGGY_COUNT,HOUR_OF_DAY,ILLUMINATION,INJURY_COUNT,INTERSECT_TYPE,INTERSECTION_RELATED,LANE_CLOSED,LATITUDE,LN_CLOSE_DIR,LOCATION_TYPE,LONGITUDE,MAX_SEVERITY_LEVEL,MCYCLE_DEATH_COUNT,MCYCLE_SUSP_SERIOUS_INJ_COUNT,MOTORCYCLE_COUNT,MUNICIPALITY,NONMOTR_COUNT,NONMOTR_DEATH_COUNT,NONMOTR_SUSP_SERIOUS_INJ_COUNT,NTFY_HIWY_MAINT,PED_COUNT,PED_DEATH_COUNT,PED_SUSP_SERIOUS_INJ_COUNT,PERSON_COUNT,POLICE_AGCY,POSSIBLE_INJ_COUNT,RDWY_SURF_TYPE_CD,RELATION_TO_ROAD,ROAD_CONDITION,ROADWAY_CLEARED,SCH_BUS_IND,SCH_ZONE_IND,SECONDARY_CRASH,SMALL_TRUCK_COUNT,SPEC_JURIS_CD,SUSP_MINOR_INJ_COUNT,SUSP_SERIOUS_INJ_COUNT,SUV_COUNT,TCD_FUNC_CD,TCD_TYPE,TFC_DETOUR_IND,TIME_OF_DAY,TOT_INJ_COUNT,TOTAL_UNITS,UNB_DEATH_COUNT,UNB_SUSP_SERIOUS_INJ_COUNT,UNBELTED_OCC_COUNT,UNK_INJ_DEG_COUNT,UNK_INJ_PER_COUNT,URBAN_AREA,URBAN_RURAL,VAN_COUNT,VEHICLE_COUNT,WEATHER1,WEATHER2,WORK_ZONE_IND,WORK_ZONE_LOC,WORK_ZONE_TYPE,WORKERS_PRES,WZ_CLOSE_DETOUR,WZ_FLAGGER,WZ_LAW_OFFCR_IND,WZ_LN_CLOSURE,WZ_MOVING,WZ_OTHER,WZ_SHLDER_MDN,WZ_WORKERS_INJ_KILLED
2006106843,1627.0,0,0,0,0,0,0,0,0,0,1,0,,67,9,2006,7,39.9983,-75.1275,1627.0,6,0,0,0,1,0,0,0,0,,0,0,0,16,1,3,0,,0.0,39 59:53.000,,0,75 07:38.768,8,0,0,0,67301,0,0,0,N,0,0,0,12,67301,0,,1,9,,N,N,,1,,0,0,0,0,0,,1627,3,2,0,0,0,3,0,3,4,1,2,7,,N,,,,,,,,,,,
2006096424,9999.0,1,0,0,0,0,0,0,0,0,8,0,,67,7,2006,2,,,1453.0,6,0,0,0,0,0,0,0,0,,0,0,0,14,1,1,0,,0.0,,,0,,4,0,0,0,67301,1,0,0,N,1,0,0,2,67301,1,,1,1,,N,N,,0,,0,0,0,0,0,,1435,1,2,0,0,0,0,0,3,3,0,1,3,,N,,,,,,,,,,,
2006102073,1152.0,1,0,0,1,0,1,0,0,0,5,0,,67,9,2006,7,39.9996,-75.1905,1150.0,6,0,0,0,0,0,0,0,1,1.0,0,0,0,11,1,1,2,,2.0,39 59:58.000,2.0,0,75 11:26.016,2,0,0,0,67301,1,0,1,N,0,0,0,2,67301,0,,1,1,,N,N,,0,,0,1,0,3,2,Y,1147,1,2,0,0,0,0,0,3,4,0,1,3,,N,,,,,,,,,,,
2006102059,942.0,0,0,0,0,0,0,0,0,0,1,1,,67,8,2006,5,39.8946,-75.2367,940.0,6,0,0,0,0,0,0,0,0,3.0,0,0,0,9,1,1,1,,1.0,39 53:40.000,1.0,0,75 14:12.237,8,0,0,0,67301,0,0,0,N,0,0,0,2,67301,0,,1,1,,N,N,,1,,0,0,1,3,4,N,940,1,2,0,0,0,1,0,3,4,0,2,3,,N,,,,,,,,,,,
2006125727,805.0,3,0,0,0,0,0,0,0,0,2,0,,67,10,2006,7,40.0088,-75.1901,800.0,6,0,0,0,0,0,1,0,0,1.0,0,0,0,7,1,2,0,,2.0,40 00:33.000,2.0,0,75 11:19.731,3,0,0,0,67301,0,0,0,N,0,0,0,3,67301,0,,1,9,,N,N,,0,,2,0,0,0,0,N,755,2,3,0,0,0,0,1,3,4,0,3,98,,N,,,,,,,,,,,
2006125765,5.0,1,0,0,0,0,0,0,0,0,7,0,,67,10,2006,6,39.9638,-75.1843,0.0,6,0,0,0,0,0,0,0,0,1.0,0,0,0,0,3,0,1,,1.0,39 57:41.000,3.0,0,75 10:57.282,0,0,0,0,67301,0,0,0,N,0,0,0,1,67301,0,,3,9,,N,N,,0,,0,0,0,3,4,N,0,0,1,0,0,0,0,0,3,4,0,1,7,,N,,,,,,,,,,,
2006125770,810.0,2,0,0,0,0,0,0,0,0,1,0,,67,11,2006,6,40.0309,-75.0858,805.0,6,0,0,0,0,0,0,0,0,,0,0,0,8,1,2,1,,0.0,40 01:51.000,,0,75 05:09.011,4,0,0,0,67301,0,0,0,,0,0,0,4,67301,2,,1,1,,,,,1,,0,0,0,3,2,,800,2,3,0,0,0,0,0,3,4,0,3,3,,N,,,,,,,,,,,
2006106226,1708.0,1,0,0,0,0,0,0,0,0,4,0,,67,8,2006,3,39.9334,-75.1812,1707.0,6,0,0,0,0,0,0,0,0,,0,0,0,17,1,1,1,,0.0,39 56:00.144,,0,75 10:52.122,4,0,0,0,67301,0,0,0,N,0,0,0,3,67301,1,,1,1,,N,N,,0,,0,0,0,3,2,,1705,1,2,0,0,0,0,0,3,4,0,2,3,,N,,,,,,,,,,,
2006103270,827.0,2,0,0,0,0,0,0,0,0,4,0,,67,9,2006,5,39.9126,-75.2219,822.0,6,0,0,0,0,0,0,0,0,2.0,0,0,0,8,1,1,1,,1.0,39 54:50.000,4.0,0,75 13:17.252,8,0,0,0,67301,0,0,0,N,0,0,0,2,67301,0,,1,1,,N,N,,0,,0,0,0,9,3,N,820,1,2,0,0,0,1,0,3,4,0,2,3,,N,,,,,,,,,,,
2006102845,1344.0,2,0,0,0,0,0,0,0,0,4,0,,67,9,2006,2,39.9169,-75.216,1339.0,6,0,0,0,0,0,0,0,0,,0,0,0,13,1,1,1,,0.0,39 55:06.000,,0,75 12:31.679,4,0,0,0,67301,0,0,0,N,0,0,0,3,67301,1,,1,1,,N,N,,0,,0,0,0,0,0,,1338,1,2,0,0,0,0,2,3,4,0,2,3,,N,,,,,,,,,,,
2006080660,720.0,1,0,0,0,0,0,0,0,0,7,0,,67,7,2006,2,,,715.0,6,0,0,0,0,0,0,0,0,1.0,0,0,0,7,1,0,0,,2.0,,3.0,0,,0,0,0,0,67301,0,0,0,N,0,0,0,1,67301,0,,3,9,,N,N,,0,,0,0,0,0,0,N,715,0,1,0,0,0,0,0,3,3,0,1,7,,N,,,,,,,,,,,
2006082645,1631.0,1,0,0,1,0,0,0,0,0,2,0,,67,6,2006,4,39.9629,-75.1646,1627.0,6,0,0,0,0,0,0,0,0,,0,0,0,16,1,1,1,,0.0,39 57:46.000,,0,75 09:52.601,4,0,0,0,67301,1,0,0,N,0,0,0,2,67301,1,,1,1,,N,N,,0,,0,0,0,3,2,,1625,1,2,0,0,0,0,0,3,4,0,1,3,,N,,,,,,,,,,,
2006080703,1235.0,0,0,0,0,0,0,0,0,0,8,0,,67,6,2006,7,,,1230.0,6,0,0,0,0,0,0,0,0,,0,0,0,12,1,1,1,,0.0,,,0,,4,0,0,0,67301,1,0,0,N,1,0,0,2,67301,1,,1,1,,N,N,,0,,0,0,0,3,3,,1215,1,2,0,0,0,0,0,3,3,1,1,3,,N,,,,,,,,,,,
2006080817,1035.0,2,0,0,0,0,0,0,0,0,4,1,,67,7,2006,3,,,1028.0,6,0,0,0,0,0,0,0,0,,0,0,0,10,1,2,1,,0.0,,,0,,3,0,0,0,67301,0,0,0,N,0,0,0,3,67301,0,,1,1,,N,N,,0,,2,0,0,3,3,,1025,2,2,0,0,0,0,0,3,3,0,2,3,,N,,,,,,,,,,,
2006080840,2315.0,0,0,0,1,0,0,0,0,0,6,0,,67,6,2006,4,,,2315.0,6,0,0,0,0,0,0,0,0,,0,0,0,23,3,1,0,,0.0,,,0,,4,0,0,0,67301,1,0,0,N,0,0,0,2,67301,1,,1,1,,N,N,,0,,0,0,0,0,0,,2300,1,2,0,0,0,0,0,3,3,1,1,3,,N,,,,,,,,,,,
2006082994,1956.0,2,0,0,0,0,0,0,0,0,1,0,,67,6,2006,7,40.1051,-75.0278,1956.0,6,0,0,0,0,0,0,0,0,,0,0,0,19,1,1,2,,0.0,40 06:18.000,,0,75 01:39.922,4,0,0,0,67301,0,0,0,N,0,0,0,1,67301,1,,1,1,,N,N,,0,,0,0,0,0,0,,1956,1,2,0,0,0,0,0,3,4,0,2,3,,N,,,,,,,,,,,
2006066007,2340.0,2,0,0,0,0,0,0,0,0,2,0,,67,5,2006,4,40.0519,-75.1578,2335.0,6,0,0,0,0,0,0,0,0,,0,0,0,23,3,0,1,,0.0,40 03:07.005,,0,75 09:28.004,9,0,0,0,67301,0,0,0,,0,0,0,3,67301,0,,1,1,,,,,0,,0,0,0,3,2,,2320,0,2,0,0,0,0,2,3,4,0,2,3,,N,,,,,,,,,,,
2006021631,526.0,3,0,0,0,0,0,0,0,0,4,0,,67,1,2006,5,40.0218,-75.0633,624.0,6,0,0,0,0,0,0,0,0,,0,0,0,6,3,3,1,,0.0,40 01:18.480,,0,75 03:48.240,4,0,0,0,67301,0,0,0,N,0,0,0,4,67301,3,,1,9,,N,N,,0,,0,0,0,3,2,,620,3,3,0,0,0,0,1,3,4,0,3,3,,N,,,,,,,,,,,
2006103103,1815.0,1,0,0,1,0,0,0,0,0,4,0,,67,8,2006,6,39.9309,-75.1622,1800.0,6,0,0,0,1,0,0,0,0,,0,0,0,18,1,1,3,,0.0,39 55:51.355,,0,75 09:43.750,8,0,0,0,67301,1,0,0,N,0,0,0,2,67301,0,,1,1,,N,N,,0,,0,0,0,0,0,,1800,1,2,0,0,0,1,0,3,4,0,1,3,,N,,,,,,,,,,,
2006103810,530.0,0,0,0,0,0,0,0,0,0,4,0,,67,9,2006,6,39.9595,-75.2332,525.0,6,0,0,0,0,0,0,1,0,,0,0,0,5,3,2,1,,0.0,39 57:34.000,,0,75 13:59.356,3,0,0,0,67301,0,0,0,N,0,0,0,3,67301,0,,1,1,,N,N,,0,,2,0,1,3,2,,520,2,2,0,0,0,0,0,3,4,1,2,3,,N,,,,,,,,,,,
2006103544,2150.0,2,0,0,0,0,0,0,0,0,4,0,,67,9,2006,7,40.0414,-75.0283,2150.0,6,0,0,0,0,0,0,0,0,,0,0,0,21,3,1,1,,0.0,40 02:29.000,,0,75 01:41.703,8,0,0,0,67301,0,0,0,,0,0,0,2,67301,0,,1,1,,,,,0,,0,0,0,3,2,,2150,1,2,0,0,0,1,0,3,4,0,2,3,,N,,,,,,,,,,,
2006125472,1550.0,0,0,0,0,0,0,0,0,0,8,0,,67,11,2006,2,40.1089,-75.026,1545.0,6,0,0,0,0,0,0,0,0,,0,0,0,15,1,1,0,,0.0,40 06:31.000,,0,75 01:33.616,8,0,0,0,67301,1,0,0,N,1,0,0,2,67301,0,,1,1,,N,Y,,0,,0,0,0,0,0,,1518,1,2,0,0,0,1,1,3,4,0,1,3,,N,,,,,,,,,,,
2006125301,1645.0,1,0,0,0,0,0,1,0,0,5,1,,67,10,2006,3,,,1640.0,6,0,0,0,0,1,1,0,0,,0,0,0,99,1,1,1,,0.0,,,0,,4,0,0,0,67301,0,0,0,N,0,0,0,2,67301,1,,1,1,,N,N,,0,,0,0,0,3,2,,9999,1,2,0,0,0,0,0,3,3,0,2,3,,N,,,,,,,,,,,
2006080090,2011.0,2,0,0,0,0,0,0,0,0,1,0,,67,6,2006,3,,,2008.0,6,0,0,0,0,0,0,1,0,1.0,0,0,0,20,1,2,0,,2.0,,2.0,0,,3,0,0,0,67301,0,0,0,N,0,0,0,2,67301,1,,1,1,,N,N,,0,,1,0,0,0,0,N,2004,2,2,0,0,2,0,0,3,3,0,2,3,,N,,,,,,,,,,,
2006082540,1110.0,2,0,0,0,0,0,0,0,0,7,0,,67,6,2006,7,,,1058.0,6,0,0,0,0,0,1,0,0,,0,0,0,10,1,1,3,,0.0,,,0,,4,0,0,0,67301,0,0,0,N,0,0,0,1,67301,1,,3,1,,N,N,,0,,0,0,0,0,0,,1056,1,2,0,0,1,0,0,3,3,0,2,3,,N,,,,,,,,,,,
2006082582,310.0,1,0,0,0,0,0,0,0,0,7,0,,67,7,2006,1,40.0372,-75.063,306.0,6,0,0,0,1,0,0,0,0,1.0,0,0,0,2,3,1,0,,2.0,40 02:13.779,1.0,0,75 03:46.848,4,0,0,0,67301,0,0,0,N,0,0,0,1,67301,1,,5,1,,N,N,,0,,0,0,0,0,0,Y,246,1,1,0,0,0,0,0,3,4,0,1,3,,N,,,,,,,,,,,
2006125306,2217.0,1,0,0,1,0,0,0,0,0,3,0,,67,11,2006,2,39.9548,-75.2024,2215.0,6,0,0,0,0,0,0,0,0,,0,0,0,22,3,1,0,,0.0,39 57:17.347,,0,75 12:08.804,4,0,0,0,67301,1,0,0,N,0,0,0,3,67301,1,,1,1,,N,N,,0,,0,0,0,0,0,,2210,1,2,0,0,0,0,0,3,4,0,1,3,,N,,,,,,,,,,,
2006080122,1635.0,2,0,0,0,0,0,0,0,0,2,0,,67,7,2006,1,39.9054,-75.1736,1633.0,6,0,1,0,0,0,0,0,0,9.0,0,0,0,16,1,2,1,,1.0,39 54:19.000,6.0,0,75 10:26.863,4,0,0,0,67301,0,0,0,,0,0,0,3,67301,1,,1,1,,,,,0,,0,0,0,9,2,N,1625,2,2,0,0,1,1,1,3,4,0,2,3,,N,,,,,,,,,,,
2006095932,2045.0,4,0,0,0,0,0,0,0,0,6,0,,67,7,2006,4,,,2040.0,6,0,0,0,0,0,0,0,0,,0,0,0,20,4,1,1,,0.0,,,0,,3,0,0,0,67301,0,0,0,N,0,0,0,3,67301,0,,1,1,,N,N,,0,,1,0,0,3,3,,2030,1,4,0,0,0,0,0,3,3,0,4,3,,N,,,,,,,,,,,
2006065589,1922.0,1,0,0,0,0,0,0,0,0,7,0,,67,5,2006,6,39.9509,-75.1411,1920.0,6,0,0,0,0,0,1,0,0,,0,0,0,19,1,4,7,,0.0,39 57:02.880,,0,75 08:28.680,3,0,0,0,67301,0,0,0,N,0,0,0,4,67301,3,,4,1,,N,N,,0,,1,0,0,0,0,,1920,4,2,0,0,2,0,0,3,4,1,2,3,,N,,,,,,,,,,,
2006065646,1543.0,0,0,0,0,0,0,0,0,0,7,0,,67,5,2006,6,,,1534.0,6,0,0,0,0,0,0,0,0,,0,0,0,15,1,2,1,,0.0,,,0,,4,0,0,0,67301,0,0,0,N,0,0,0,2,67301,2,,5,1,,N,N,,1,,0,0,0,3,2,,1530,2,1,0,0,0,0,0,3,3,0,1,3,,N,,,,,,,,,,,
2006096021,1049.0,1,0,0,0,0,0,0,0,0,7,0,,67,7,2006,7,,,1044.0,6,0,0,0,0,0,0,0,0,,0,0,0,10,1,1,2,,0.0,,,0,,3,0,0,0,67301,0,0,0,N,0,0,0,2,67301,0,,2,1,,N,N,,0,,1,0,0,0,0,,1035,1,1,0,0,0,0,0,3,3,0,1,3,,N,,,,,,,,,,,
2006113032,1730.0,1,0,0,0,0,0,0,0,0,8,0,,67,9,2006,7,39.9892,-75.1661,1725.0,6,0,0,0,0,0,0,0,0,,0,0,0,17,1,1,1,,0.0,39 59:21.120,,0,75 09:57.960,2,0,0,0,67301,1,0,1,N,1,0,1,3,67301,0,,1,1,,N,N,,0,,0,1,0,3,3,,1724,1,2,0,0,0,0,0,3,4,0,1,3,,N,,,,,,,,,,,
2006112799,2110.0,2,0,0,0,0,0,0,0,0,6,0,,67,10,2006,3,39.982,-75.2304,2100.0,6,0,0,0,0,1,0,0,0,,0,0,0,21,3,4,2,,0.0,39 58:55.111,,0,75 13:49.409,4,0,0,0,67301,0,0,0,N,0,0,0,5,67301,4,,1,9,,N,N,,0,,0,0,1,0,0,,2100,4,3,0,0,0,0,1,3,4,0,3,7,,N,,,,,,,,,,,
2006125408,925.0,0,0,0,0,0,0,0,0,0,8,1,,67,11,2006,5,40.0056,-75.1033,922.0,6,0,0,0,0,0,0,0,0,,0,1,0,9,1,1,1,,0.0,40 00:20.000,,0,75 06:11.669,8,0,0,0,67301,1,0,0,N,1,0,0,2,67301,0,,1,1,,N,N,,0,,0,0,0,3,2,,909,1,2,0,0,0,1,0,3,4,0,1,3,,N,,,,,,,,,,,
2006125426,1235.0,2,0,0,0,0,0,0,0,0,4,0,,67,11,2006,1,40.0434,-75.1015,1225.0,6,0,0,0,0,0,1,0,0,,0,0,0,12,1,2,1,,0.0,40 02:36.207,,0,75 06:05.486,4,0,0,0,67301,0,0,0,N,0,0,0,3,67301,2,,1,1,,N,N,,0,,0,0,0,3,3,,1220,2,2,0,0,0,0,0,3,4,0,2,3,,N,,,,,,,,,,,
2006126805,9999.0,0,0,0,0,0,0,1,0,0,8,1,,67,10,2006,2,40.0809,-75.2113,1532.0,6,0,0,0,0,0,0,0,0,,1,0,0,15,1,0,0,,0.0,40 04:51.070,,0,75 12:40.561,1,0,0,0,67301,1,1,0,N,1,1,0,31,67301,0,9.0,1,1,,Y,N,,0,9.0,0,0,0,0,0,,1530,0,2,0,0,0,0,0,3,4,0,1,3,,N,,,,,,,,,,,
2006124397,243.0,3,0,0,0,0,0,0,0,0,6,0,,67,10,2006,1,40.0458,-75.2327,241.0,6,0,0,0,0,0,0,0,0,,0,0,0,2,3,1,0,,0.0,40 02:44.000,,0,75 13:57.908,4,0,0,0,67301,0,0,0,N,0,0,0,1,67301,1,,6,1,,N,N,,0,,0,0,0,0,0,,240,1,3,0,0,0,0,0,3,4,0,3,3,,N,,,,,,,,,,,
2006102174,615.0,0,0,0,0,0,0,0,0,0,1,0,,67,9,2006,5,,,600.0,6,0,0,0,0,0,1,0,0,1.0,0,0,0,6,3,1,0,,2.0,,3.0,0,,8,0,0,0,67301,0,0,0,N,0,0,0,3,67301,0,,1,9,,N,N,,0,,0,0,1,0,0,N,600,1,2,0,0,1,1,0,3,3,1,2,7,,N,,,,,,,,,,,
2006114730,1120.0,3,0,0,0,0,0,0,0,0,4,0,,67,10,2006,7,40.0434,-75.1895,1114.0,6,0,0,0,0,0,1,0,0,,0,0,0,11,1,1,0,,0.0,40 02:36.088,,0,75 11:22.102,8,0,0,0,67301,0,0,0,N,0,0,0,1,67301,0,,1,1,,N,N,,0,,0,0,0,0,0,,1113,1,3,0,0,0,1,0,3,4,0,3,3,,N,,,,,,,,,,,
2006102581,347.0,2,0,0,0,0,0,0,0,0,4,0,,67,8,2006,6,,,347.0,6,0,0,0,0,0,0,0,0,2.0,0,0,0,3,3,2,1,,2.0,,7.0,0,,4,0,0,0,67301,0,0,0,N,0,0,0,3,67301,2,,1,1,,N,N,,0,,0,0,0,3,2,N,345,2,2,0,0,0,0,1,3,3,0,2,3,,N,,,,,,,,,,,
2006103659,1745.0,2,0,0,0,0,0,0,0,0,4,0,,67,9,2006,6,40.0255,-75.1235,1729.0,6,0,0,0,0,0,0,0,0,,0,0,0,17,1,0,1,,0.0,40 01:33.000,,0,75 07:24.536,0,0,0,0,67301,0,0,0,N,0,0,0,5,67301,0,,1,1,,N,N,,0,,0,0,0,3,2,,1705,0,2,0,0,0,0,0,3,4,0,2,3,,N,,,,,,,,,,,
2006102076,1211.0,0,0,0,0,0,0,0,0,0,8,0,,67,9,2006,1,39.9233,-75.1612,1210.0,6,0,0,0,0,0,0,0,0,,0,0,0,12,1,1,1,,0.0,39 55:23.000,,0,75 09:40.597,4,0,0,0,67301,1,0,0,N,1,0,0,4,67301,1,,1,1,,N,N,,0,,0,0,1,3,2,,1200,1,2,0,0,0,0,0,3,4,0,1,3,,N,,,,,,,,,,,
2006102079,1630.0,3,0,0,0,0,0,0,0,0,1,0,,67,9,2006,6,40.0439,-75.1131,1621.0,6,0,0,0,0,0,0,0,0,,0,0,0,13,1,2,0,,0.0,40 02:38.053,,0,75 06:47.131,4,0,0,0,67301,0,0,0,N,0,0,0,5,67301,2,,1,9,,N,N,,0,,0,0,0,3,2,,1316,2,3,0,0,0,0,0,3,4,0,3,7,,N,,,,,,,,,,,
2006104276,2257.0,0,0,0,0,0,0,0,0,0,7,0,,67,9,2006,6,39.9606,-75.1817,2255.0,6,0,0,0,0,0,0,0,0,1.0,0,0,0,22,3,1,0,,2.0,39 57:38.000,3.0,0,75 10:55.017,4,0,0,0,67301,0,0,0,N,0,0,0,2,67301,1,,2,9,,N,N,,0,,0,0,0,0,0,Y,2254,1,1,0,0,2,0,0,3,4,1,1,7,,N,,,,,,,,,,,
2006101829,1812.0,1,0,0,0,0,0,0,0,0,4,0,,67,9,2006,2,40.087,-74.9717,1805.0,6,0,0,0,0,0,0,1,0,,0,0,0,99,1,1,0,,0.0,40 05:13.000,,0,74 58:17.770,4,0,0,0,67301,0,0,0,N,0,0,0,2,67301,1,,1,1,,N,N,,0,,0,0,1,0,0,,9999,1,2,0,0,0,0,0,3,4,0,2,3,,N,,,,,,,,,,,
2006101841,1925.0,0,0,0,0,0,0,0,0,0,0,0,,67,9,2006,1,39.9935,-75.1929,1921.0,6,0,0,0,0,0,0,0,0,,0,0,0,19,1,1,0,,0.0,39 59:36.000,,0,75 11:34.522,3,0,0,1,67301,0,0,0,N,0,0,0,1,67301,0,,1,1,,N,N,,0,,1,0,0,0,0,,1915,1,1,0,0,0,0,0,3,4,0,1,3,,N,,,,,,,,,,,
2006125726,950.0,0,0,0,0,0,0,0,0,0,8,0,,67,11,2006,5,39.976,-75.2394,945.0,6,0,0,0,0,0,0,0,0,,0,0,0,9,1,1,1,,0.0,39 58:33.654,,0,75 14:21.883,8,0,0,0,67301,1,0,0,,1,0,0,2,67301,0,,1,98,,,,,0,,0,0,0,0,0,,930,1,2,0,0,0,1,0,3,4,0,1,99,,N,,,,,,,,,,,
2006080563,2030.0,0,0,0,0,0,0,0,0,0,7,0,,67,5,2006,2,39.9998,-75.0808,2016.0,6,0,0,0,0,0,0,0,0,1.0,0,0,0,20,1,1,0,,1.0,39 59:54.000,2.0,2,75 04:58.601,2,0,1,1,67301,0,0,0,N,0,0,0,1,67301,0,,2,1,,N,N,,0,,0,1,0,0,0,Y,2016,1,1,0,0,0,0,0,3,4,0,1,3,,N,,,,,,,,,,,
2006082676,2102.0,2,0,0,0,0,0,0,0,0,1,0,,67,7,2006,7,39.9403,-75.2368,2057.0,6,0,0,0,1,0,0,0,0,,0,0,0,20,3,2,0,,0.0,39 56:25.000,,0,75 14:12.373,8,0,0,0,67301,0,0,0,N,0,0,0,4,67301,0,,1,1,,N,N,,0,,0,0,1,0,0,,2046,2,3,0,0,0,2,0,3,4,0,3,3,,N,,,,,,,,,,,
2006080692,744.0,4,0,0,0,0,0,0,0,0,1,0,,67,7,2006,3,40.1047,-75.0015,739.0,6,0,0,0,0,0,2,0,0,1.0,0,0,0,7,1,1,2,,1.0,40 06:16.000,1.0,0,75 00:04.652,3,0,0,0,67301,0,0,0,N,0,0,0,4,67301,0,,1,1,,N,N,,0,,1,0,0,3,2,N,720,1,4,0,0,0,0,0,3,4,0,4,3,,N,,,,,,,,,,,
2006083084,1446.0,0,0,0,1,0,0,0,0,0,4,0,,67,7,2006,1,39.9878,-75.1185,1440.0,6,0,0,0,0,0,0,0,0,,0,0,0,14,1,1,1,,0.0,39 59:15.972,,0,75 07:06.574,4,0,0,0,67301,1,0,0,N,0,0,0,2,67301,1,,1,1,,N,N,,0,,0,0,0,0,0,,1438,1,2,0,0,0,0,1,3,4,0,1,3,,N,,,,,,,,,,,
2006021639,244.0,1,0,0,0,0,0,0,0,0,7,0,,67,1,2006,1,40.0145,-75.1783,230.0,6,0,0,0,0,0,0,0,0,,0,0,0,2,3,1,0,,0.0,40 00:52.000,,0,75 10:42.411,8,0,0,0,67301,0,0,0,N,0,0,0,1,67301,0,,2,2,,N,N,,0,,0,0,0,0,0,,239,1,1,0,0,0,1,0,3,4,0,1,10,,N,,,,,,,,,,,
2006021650,105.0,0,0,0,0,0,0,0,0,0,4,0,,67,1,2006,7,39.9605,-75.1816,100.0,6,0,0,0,0,0,0,0,0,2.0,0,0,0,0,3,1,0,,2.0,39 57:38.000,3.0,0,75 10:54.652,3,0,0,0,67301,0,0,0,N,0,0,0,2,67301,0,,1,9,,N,N,,0,,1,0,1,0,0,N,55,1,3,0,0,0,0,1,3,4,0,3,3,,N,,,,,,,,,,,
2006021658,1217.0,1,0,0,0,0,0,0,0,0,6,1,,67,1,2006,2,40.028,-75.1725,1213.0,6,0,0,0,0,0,0,0,0,,0,1,0,12,1,1,1,,0.0,40 01:40.000,,0,75 10:21.142,8,0,0,0,67301,0,0,0,N,0,0,0,2,67301,0,,1,1,,N,N,,0,,0,0,0,3,2,,1211,1,2,0,0,0,1,0,3,4,0,2,3,,N,,,,,,,,,,,
2006082569,1650.0,2,0,0,0,0,0,0,0,0,1,0,,67,6,2006,6,,,1644.0,6,0,0,0,0,0,1,1,0,2.0,0,0,0,16,1,5,0,,2.0,,5.0,0,,3,0,0,0,67301,0,0,0,N,0,0,0,7,67301,4,,1,1,,N,N,,1,,1,0,1,0,0,Y,1644,5,4,0,0,0,0,0,3,3,0,4,3,,N,,,,,,,,,,,
2006080284,1840.0,0,0,0,0,0,0,0,0,0,8,0,,67,6,2006,4,,,1832.0,6,0,0,0,0,0,0,0,0,,0,0,0,18,1,1,0,,0.0,,,0,,2,0,0,0,67301,1,0,1,N,1,0,1,2,67301,0,,1,1,,N,N,,0,,0,1,0,0,0,,1832,1,2,0,0,0,0,0,3,3,1,1,3,,N,,,,,,,,,,,
2006115659,40.0,1,0,0,0,0,0,0,0,0,7,0,,67,9,2006,6,39.9842,-75.1424,30.0,6,0,0,0,0,0,0,0,0,,0,0,0,23,3,1,0,,0.0,39 59:03.280,,0,75 08:32.782,3,0,0,0,67301,0,0,0,,0,0,0,2,67301,0,,5,1,,N,N,,0,,1,0,0,0,0,,2320,1,1,0,0,1,0,1,3,4,0,1,3,,N,,,,,,,,,,,
2006096008,1055.0,2,0,0,0,0,0,0,0,0,4,0,,67,9,2006,5,40.0764,-75.195,1053.0,6,0,0,0,0,0,0,0,1,1.0,0,0,0,10,1,0,1,,1.0,40 04:35.000,1.0,0,75 11:42.042,0,0,0,0,67301,0,0,0,N,0,0,0,3,46108,0,,1,1,,N,N,,0,,0,0,0,3,2,N,1053,0,2,0,0,0,0,0,3,4,0,2,3,,N,,,,,,,,,,,
2006065814,1640.0,3,0,0,0,0,0,0,0,0,5,0,,67,5,2006,4,,,1626.0,6,0,0,0,0,0,1,0,0,1.0,0,1,0,16,1,2,0,,2.0,,3.0,0,,8,0,0,0,67301,0,0,0,N,0,0,0,10,67301,0,,1,1,,N,N,,0,,0,0,0,0,0,Y,1626,2,4,0,0,0,2,0,3,3,0,4,3,,N,,,,,,,,,,,
2006112814,2135.0,1,0,0,0,0,0,0,0,0,7,0,,67,10,2006,3,,,2134.0,6,0,0,0,0,0,0,1,0,1.0,0,0,0,21,3,0,0,,1.0,,2.0,0,,0,0,0,0,67301,0,0,0,N,0,0,0,1,67301,0,,2,1,,N,N,,0,,0,0,0,0,0,N,2130,0,1,0,0,0,0,0,3,3,0,1,3,,N,,,,,,,,,,,