CRN,ARRIVAL_TM,AUTOMOBILE_COUNT,BELTED_DEATH_COUNT,BELTED_SUSP_SERIOUS_INJ_COUNT,BICYCLE_COUNT,BICYCLE_DEATH_COUNT,BICYCLE_SUSP_SERIOUS_INJ_COUNT,BUS_COUNT,CHLDPAS_DEATH_COUNT,CHLDPAS_SUSP_SERIOUS_INJ_COUNT,COLLISION_TYPE,COMM_VEH_COUNT,CONS_ZONE_SPD_LIM,COUNTY,CRASH_MONTH,CRASH_YEAR,DAY_OF_WEEK,DEC_LAT,DEC_LONG,DISPATCH_TM,DISTRICT,DRIVER_COUNT_16YR,DRIVER_COUNT_17YR,DRIVER_COUNT_18YR,DRIVER_COUNT_19YR,DRIVER_COUNT_20YR,DRIVER_COUNT_50_64YR,DRIVER_COUNT_65_74YR,DRIVER_COUNT_75PLUS,EST_HRS_CLOSED,FATAL_COUNT,HEAVY_TRUCK_COUNT,HORSE_BUGGY_COUNT,HOUR_OF_DAY,ILLUMINATION,INJURY_COUNT,INTERSECT_TYPE,INTERSECTION_RELATED,LANE_CLOSED,LATITUDE,LN_CLOSE_DIR,LOCATION_TYPE,LONGITUDE,MAX_SEVERITY_LEVEL,MCYCLE_DEATH_COUNT,MCYCLE_SUSP_SERIOUS_INJ_COUNT,MOTORCYCLE_COUNT,MUNICIPALITY,NONMOTR_COUNT,NONMOTR_DEATH_COUNT,NONMOTR_SUSP_SERIOUS_INJ_COUNT,NTFY_HIWY_MAINT,PED_COUNT,PED_DEATH_COUNT,PED_SUSP_SERIOUS_INJ_COUNT,PERSON_COUNT,POLICE_AGCY,POSSIBLE_INJ_COUNT,RDWY_SURF_TYPE_CD,RELATION_TO_ROAD,ROAD_CONDITION,ROADWAY_CLEARED,SCH_BUS_IND,SCH_ZONE_IND,SECONDARY_CRASH,SMALL_TRUCK_COUNT,SPEC_JURIS_CD,SUSP_MINOR_INJ_COUNT,SUSP_SERIOUS_INJ_COUNT,SUV_COUNT,TCD_FUNC_CD,TCD_TYPE,TFC_DETOUR_IND,TIME_OF_DAY,TOT_INJ_COUNT,TOTAL_UNITS,UNB_DEATH_COUNT,UNB_SUSP_SERIOUS_INJ_COUNT,UNBELTED_OCC_COUNT,UNK_INJ_DEG_COUNT,UNK_INJ_PER_COUNT,URBAN_AREA,URBAN_RURAL,VAN_COUNT,VEHICLE_COUNT,WEATHER1,WEATHER2,WORK_ZONE_IND,WORK_ZONE_LOC,WORK_ZONE_TYPE,WORKERS_PRES,WZ_CLOSE_DETOUR,WZ_FLAGGER,WZ_LAW_OFFCR_IND,WZ_LN_CLOSURE,WZ_MOVING,WZ_OTHER,WZ_SHLDER_MDN,WZ_WORKERS_INJ_KILLED
2006112871,1205.0,0,0,0,0,0,0,0,0,0,8,0,,67,10,2006,7,40.0299,-75.0371,1200.0,6,0,0,0,0,0,0,0,0,,0,0,0,11,1,1,1,,0.0,40 01:47.622,,0,75 02:13.689,4,0,0,0,67301,1,0,0,N,1,0,0,2,67301,1,,1,1,,N,N,,0,,0,0,1,0,0,,1155,1,2,0,0,0,0,1,3,4,0,1,3,,N,,,,,,,,,,,
2006124283,1150.0,4,0,0,0,0,0,0,0,0,2,0,,67,10,2006,7,39.8836,-75.2515,1144.0,6,0,0,0,1,0,1,0,0,,0,0,0,11,1,1,2,,0.0,39 53:01.000,,0,75 15:05.109,8,0,0,0,67301,0,0,0,,0,0,0,5,67301,0,,1,9,,N,N,,0,,0,0,0,3,2,,1130,1,4,0,0,0,1,0,3,4,0,4,7,,N,,,,,,,,,,,
2006124427,1725.0,2,0,0,0,0,0,0,0,0,4,0,,67,10,2006,6,,,1709.0,6,0,0,0,0,0,1,0,0,,0,0,0,17,1,2,1,,0.0,,,0,,4,0,0,0,67301,0,0,0,N,0,0,0,3,67301,2,,1,1,,N,N,,0,,0,0,0,9,2,,1700,2,2,0,0,0,0,0,3,3,0,2,3,,N,,,,,,,,,,,
2006124429,1720.0,2,0,0,0,0,0,0,0,0,1,0,,67,10,2006,1,40.0492,-75.1424,1717.0,6,0,0,0,0,0,1,0,0,,0,0,0,17,1,1,0,,0.0,40 02:57.000,,0,75 08:32.780,8,0,0,0,67301,1,0,0,N,1,0,0,2,67301,0,,6,1,,N,N,,0,,0,0,0,0,0,,1715,1,3,0,0,0,1,0,3,4,0,2,3,,N,,,,,,,,,,,
2006115125,1255.0,0,0,0,0,0,0,0,0,0,4,0,,67,10,2006,5,39.9166,-75.2174,1248.0,6,0,0,0,0,0,0,0,0,,0,0,0,12,1,1,0,,0.0,39 55:01.000,,0,75 12:52.686,8,0,0,0,67301,0,0,0,N,0,0,0,2,67301,0,,1,1,,N,N,,2,,0,0,0,0,0,,1245,1,2,0,0,0,1,0,3,4,0,2,3,,N,,,,,,,,,,,
2006115147,1710.0,1,0,0,0,0,0,0,0,0,1,0,,67,10,2006,3,39.9205,-75.2415,1658.0,6,0,0,0,0,0,0,0,0,,0,0,0,16,1,0,0,,0.0,39 55:13.915,,0,75 14:29.313,9,0,0,1,67301,0,0,0,N,0,0,0,1,67301,0,,6,1,,N,N,,0,,0,0,0,0,0,,1600,0,2,0,0,0,0,1,3,4,0,2,3,,N,,,,,,,,,,,
2006114801,1623.0,1,0,0,0,0,0,0,0,0,1,0,,67,10,2006,6,39.9858,-75.2156,1620.0,6,0,0,0,0,0,0,1,0,1.0,0,0,0,16,1,2,1,,1.0,39 59:08.000,1.0,0,75 12:56.367,8,0,0,0,67301,0,0,0,N,0,0,0,2,67301,0,,1,9,,N,N,,1,,0,0,0,3,2,N,1620,2,2,0,0,0,2,0,3,4,0,2,7,,N,,,,,,,,,,,
2006114823,1107.0,2,0,0,0,0,0,0,0,0,1,0,,67,10,2006,3,40.0766,-75.2074,1105.0,6,0,0,0,0,0,0,0,0,,0,0,0,15,1,2,1,,0.0,40 04:35.000,,0,75 12:26.326,8,0,0,0,67301,0,0,0,N,0,0,0,4,67301,0,,1,9,,N,N,,0,,0,0,0,0,0,,1500,2,2,0,0,0,2,0,3,4,0,2,3,,N,,,,,,,,,,,
2006114621,2030.0,2,0,0,0,0,0,0,0,0,1,0,,67,6,2006,5,39.9874,-75.1085,9999.0,6,0,0,0,0,0,0,0,0,3.0,1,0,0,20,4,1,0,,2.0,39 59:14.000,5.0,0,75 06:30.421,1,0,0,0,67301,0,0,0,N,0,0,0,3,67301,1,2.0,1,1,,N,N,,0,0.0,0,0,0,0,0,N,2025,1,3,0,0,0,0,0,3,4,0,3,3,,N,,,,,,,,,,,
2006105114,9999.0,1,0,0,0,0,0,0,0,0,8,0,,67,8,2006,5,39.9941,-75.1178,1754.0,6,0,0,0,0,0,0,0,0,,0,0,0,99,1,1,0,,0.0,39 59:38.788,,0,75 07:03.964,4,0,0,0,67301,1,0,0,N,1,0,0,2,67301,1,,1,1,,N,N,,0,,0,0,0,0,0,,9999,1,2,0,0,0,0,0,3,4,0,1,3,,N,,,,,,,,,,,
2006105116,1603.0,3,0,0,0,0,0,0,0,0,4,0,,67,9,2006,3,39.9688,-75.2454,1559.0,6,0,0,0,0,0,0,1,0,,0,0,0,15,1,1,1,,0.0,39 58:07.000,,0,75 14:43.621,3,0,0,0,67301,0,0,0,,0,0,0,3,67301,0,,1,9,,,,,0,,1,0,0,3,2,,1540,1,3,0,0,0,0,0,3,4,0,3,7,,N,,,,,,,,,,,
2006126818,334.0,1,0,0,0,0,0,0,0,0,7,0,,67,11,2006,4,39.9758,-75.2044,328.0,6,0,0,0,0,0,0,0,0,,0,0,0,3,3,0,2,,0.0,39 58:32.923,,0,75 12:15.746,0,0,0,0,67301,0,0,0,N,0,0,0,1,67301,0,,4,9,,N,N,,0,,0,0,0,0,0,,320,0,1,0,0,0,0,0,3,4,0,1,7,,N,,,,,,,,,,,
2006126834,1421.0,1,0,0,1,0,0,0,0,0,5,0,,67,10,2006,5,39.9751,-75.195,1420.0,6,0,0,0,0,0,0,0,0,,0,0,0,14,1,1,1,,0.0,39 58:30.000,,0,75 11:41.715,8,0,0,0,67301,1,0,0,N,0,0,0,2,67301,0,,1,1,,N,N,,0,,0,0,0,3,2,,1420,1,2,0,0,0,1,1,3,4,0,1,3,,N,,,,,,,,,,,
2006126837,2145.0,1,0,0,0,0,0,0,0,0,4,0,,67,11,2006,7,39.95,-75.1413,2135.0,6,0,0,0,0,0,0,0,0,2.0,0,0,0,21,3,1,0,,1.0,39 57:00.131,1.0,0,75 08:28.535,8,0,0,1,67301,0,0,0,N,0,0,0,3,67301,0,,1,2,,N,N,,0,,0,0,0,0,0,N,2130,1,3,0,0,1,1,1,3,4,0,3,3,,N,,,,,,,,,,,
2006126208,2030.0,2,0,0,0,0,0,0,0,0,1,0,,67,11,2006,5,40.0153,-75.1553,2020.0,6,0,0,0,0,0,0,0,0,,0,0,0,17,4,1,2,,0.0,40 00:55.000,,0,75 09:19.180,8,0,0,0,67301,0,0,0,N,0,0,0,2,67301,0,,1,1,,N,N,,0,,0,0,0,3,2,,1712,1,2,0,0,0,1,1,3,4,0,2,3,,N,,,,,,,,,,,
2006124004,2118.0,1,0,0,1,0,1,0,0,0,4,0,,67,9,2006,1,,,2115.0,6,0,0,0,0,0,0,0,0,,0,0,0,20,3,1,1,,0.0,,,0,,2,0,0,0,67301,1,0,1,N,0,0,0,3,67301,0,,1,1,,N,N,,0,,0,1,0,3,2,,2015,1,2,0,0,0,0,0,3,3,0,1,3,,N,,,,,,,,,,,
2006093436,1738.0,2,0,0,0,0,0,0,0,0,1,0,,67,8,2006,3,40.0044,-75.128,1725.0,6,0,1,0,0,0,0,0,0,,0,0,0,17,1,2,0,,0.0,40 00:15.753,,99,75 07:40.843,8,0,0,0,67301,0,0,0,,0,0,0,3,67301,0,,1,1,,,,,0,,0,0,0,0,0,,1725,2,2,0,0,0,2,0,3,4,0,2,3,,N,,,,,,,,,,,
2006054585,516.0,1,0,0,0,0,0,0,0,0,7,0,,67,4,2006,1,39.9669,-75.188,511.0,6,0,0,0,0,0,0,0,0,1.0,0,0,0,5,3,0,7,,2.0,39 57:56.000,3.0,2,75 11:11.049,0,0,0,0,67301,0,0,0,Y,0,0,0,1,67301,0,,2,9,,N,N,,0,,0,0,0,0,0,N,511,0,1,0,0,0,0,0,3,4,0,1,7,,N,,,,,,,,,,,
2006054604,358.0,1,0,0,0,0,0,0,0,0,1,1,,67,3,2006,5,,,351.0,6,0,0,0,0,0,1,0,0,2.0,0,1,0,3,3,0,0,,2.0,,1.0,0,,0,0,0,0,67301,0,0,0,,0,0,0,2,67301,0,,1,1,,,,,0,,0,0,0,0,0,Y,345,0,2,0,0,0,0,0,3,3,0,2,3,,N,,,,,,,,,,,
2006080932,820.0,2,0,0,0,0,0,0,0,0,5,0,,67,5,2006,3,40.0636,-75.0282,810.0,6,0,0,0,0,0,0,0,0,,0,0,0,7,1,2,0,,0.0,40 03:49.055,,0,75 01:41.693,4,0,0,0,67301,0,0,0,N,0,0,0,3,67301,2,,1,1,,N,N,,0,,0,0,0,0,0,,750,2,2,0,0,0,0,0,3,4,0,2,3,,N,,,,,,,,,,,
2006081073,1850.0,1,0,0,1,0,0,0,0,0,6,0,,67,5,2006,1,39.9344,-75.1796,1845.0,6,0,0,0,0,0,0,0,0,,0,0,0,18,1,1,1,,0.0,39 56:03.994,,0,75 10:46.520,4,0,0,0,67301,1,0,0,N,0,0,0,2,67301,1,,1,1,,N,N,,0,,0,0,0,3,2,,1842,1,2,0,0,0,0,0,3,4,0,1,3,,N,,,,,,,,,,,
2006081044,1405.0,3,0,0,0,0,0,0,0,0,1,0,,67,5,2006,6,40.0487,-75.1449,1400.0,6,0,0,0,0,0,1,0,0,,0,0,0,13,1,1,0,,0.0,40 02:55.000,,0,75 08:42.376,4,0,0,0,67301,0,0,0,N,0,0,0,4,67301,1,,1,1,,N,N,,0,,0,0,0,3,2,,1345,1,3,0,0,4,0,0,3,4,0,3,3,,N,,,,,,,,,,,
2006083771,2140.0,1,0,0,0,0,0,0,0,0,1,0,,67,7,2006,4,40.0314,-75.0848,2130.0,6,0,0,0,0,0,0,0,0,,0,0,0,99,3,1,3,,0.0,40 01:52.000,,0,75 05:05.102,4,0,0,0,67301,0,0,0,N,0,0,0,2,67301,1,,1,1,,N,N,,1,,0,0,0,3,4,,9999,1,2,0,0,0,0,0,3,4,0,2,3,,N,,,,,,,,,,,
2006096589,221.0,1,0,0,0,0,0,0,0,0,7,0,,67,7,2006,6,,,217.0,6,0,0,0,0,0,0,0,0,,0,0,0,2,3,0,0,,0.0,,,0,,0,0,0,0,67301,0,0,0,N,0,0,0,1,67301,0,,2,9,,N,N,,0,,0,0,0,0,0,,214,0,1,0,0,0,0,0,3,3,0,1,3,,N,,,,,,,,,,,
2006106821,453.0,1,0,0,0,0,0,0,0,0,4,0,,67,8,2006,4,39.9583,-75.1521,450.0,6,0,0,0,0,0,2,0,0,1.0,0,0,0,4,3,0,1,,2.0,39 57:29.963,4.0,0,75 09:07.439,0,0,0,0,67301,0,0,0,N,0,0,0,2,67301,0,,1,9,,N,N,,1,,0,0,0,3,2,Y,445,0,2,0,0,0,0,0,3,4,0,2,7,,N,,,,,,,,,,,
2006104274,2005.0,1,0,0,0,0,0,0,0,0,1,0,,67,9,2006,2,39.9597,-75.1762,1958.0,6,0,0,0,0,0,1,0,0,,0,0,0,19,3,0,6,,0.0,39 57:35.280,,0,75 10:38.280,0,0,0,0,67301,0,0,0,N,0,0,0,4,67301,0,,1,1,,N,N,,1,,0,0,0,0,0,,1955,0,2,0,0,0,0,0,3,4,0,2,3,,N,,,,,,,,,,,
2006104284,1602.0,0,0,0,0,0,0,0,0,0,1,0,,67,8,2006,4,39.9577,-75.1624,1559.0,6,0,0,0,0,0,0,1,0,1.0,0,0,0,15,1,1,1,,1.0,39 57:27.000,4.0,0,75 09:44.119,4,0,0,0,67301,0,0,0,N,0,0,0,4,67301,1,,1,1,,N,N,,1,,0,0,1,3,2,N,1557,1,2,0,0,0,0,0,3,4,0,2,3,,N,,,,,,,,,,,
2006104290,2036.0,1,0,0,0,0,0,0,0,0,4,0,,67,8,2006,5,,,2030.0,6,0,0,1,0,0,0,0,0,,0,0,0,20,3,2,1,,0.0,,,0,,4,0,0,0,67301,0,0,0,N,0,0,0,2,67301,2,,1,1,,N,N,,0,,0,0,2,3,3,,2030,2,3,0,0,1,0,0,3,3,0,3,3,,N,,,,,,,,,,,
2006125737,1440.0,5,0,0,0,0,0,0,0,0,1,0,,67,10,2006,6,40.0754,-75.0338,1432.0,6,0,0,0,1,0,2,0,0,1.0,0,0,0,14,1,1,0,,2.0,40 04:30.000,1.0,0,75 02:01.233,8,0,0,0,67301,0,0,0,N,0,0,0,5,67301,0,,1,1,,N,N,,0,,0,0,0,0,0,Y,1430,1,5,0,0,0,1,1,3,4,0,5,3,,N,,,,,,,,,,,
2006114005,1312.0,1,0,0,0,0,0,0,0,0,4,0,,67,9,2006,6,40.0549,-75.0541,1309.0,6,0,0,0,0,1,1,0,0,2.0,2,0,0,13,1,1,0,,2.0,40 03:17.000,5.0,0,75 03:14.841,1,0,0,0,67301,0,0,0,,0,0,0,5,67301,0,2.0,1,9,,N,N,,0,0.0,1,0,0,0,0,Y,1300,1,2,0,0,0,0,0,3,4,1,2,7,,N,,,,,,,,,,,
2006114011,1620.0,2,0,0,0,0,0,0,0,0,4,0,,67,10,2006,4,40.0085,-75.2107,1612.0,6,0,0,0,0,0,0,0,1,,0,0,0,15,1,1,1,,0.0,40 00:30.000,,0,75 12:39.792,3,0,0,0,67301,0,0,0,,0,0,0,4,67301,0,,1,1,,,,,1,,1,0,0,9,2,,1540,1,3,0,0,0,0,0,3,4,0,3,3,,N,,,,,,,,,,,
2006103259,1415.0,2,0,0,0,0,0,0,0,0,6,0,,67,8,2006,3,,,1405.0,6,0,0,0,1,0,0,0,0,,0,0,0,14,1,1,1,,0.0,,,0,,3,0,0,0,67301,0,0,0,N,0,0,0,2,67301,0,,1,1,,N,N,,0,,1,0,0,3,2,,1400,1,2,0,0,0,0,0,3,3,0,2,3,,N,,,,,,,,,,,
2006105320,1837.0,1,0,0,0,0,0,1,0,0,5,1,,67,8,2006,1,39.9534,-75.1633,1833.0,6,0,0,0,0,0,0,0,0,,0,0,0,18,1,4,2,,0.0,39 57:12.091,,0,75 09:47.852,3,0,0,0,67301,0,0,0,,0,0,0,5,67301,0,,1,1,,,,,0,,4,0,0,3,2,,1800,4,2,0,0,1,0,0,3,4,0,2,3,,N,,,,,,,,,,,
2006083054,1925.0,1,0,0,1,0,0,0,0,0,4,0,,67,7,2006,6,,,1918.0,6,0,0,0,0,0,0,0,0,,0,0,0,19,1,1,0,,0.0,,,0,,4,0,0,0,67301,1,0,0,N,0,0,0,2,67301,1,,1,1,,N,N,,0,,0,0,0,0,0,,1915,1,2,0,0,0,0,0,3,3,0,1,3,,N,,,,,,,,,,,
2006082668,1225.0,1,0,0,0,0,0,0,0,0,1,0,,67,6,2006,3,,,1219.0,6,0,0,0,0,0,0,0,0,,0,0,0,15,1,1,1,,0.0,,,0,,8,0,0,0,67301,0,0,0,N,0,0,0,4,67301,0,,1,1,,N,N,,0,,0,0,1,9,9,,1515,1,2,0,0,0,1,2,3,3,0,2,3,,N,,,,,,,,,,,
2006080704,945.0,3,0,0,0,0,0,0,0,0,1,0,,67,5,2006,6,39.9359,-75.1569,944.0,6,0,0,0,0,0,0,0,0,,0,0,0,9,1,1,0,,0.0,39 56:09.387,,0,75 09:24.951,8,0,0,0,67301,0,0,0,N,0,0,0,4,67301,0,,1,9,,N,N,,0,,0,0,0,3,2,,944,1,3,0,0,0,1,0,3,4,0,3,7,,N,,,,,,,,,,,
2006080825,2104.0,1,0,0,0,0,0,0,0,0,8,0,,67,7,2006,4,39.943,-75.1522,2100.0,6,0,0,0,0,0,0,0,0,,0,0,0,1,3,1,0,,0.0,39 56:34.875,,0,75 09:08.046,2,0,0,0,67301,1,0,1,N,1,0,1,2,67301,0,,1,1,,N,N,,0,,0,1,0,9,2,,100,1,2,0,0,0,0,1,3,4,0,1,3,,N,,,,,,,,,,,
2006103881,758.0,1,0,0,0,0,0,0,0,0,6,0,,67,8,2006,4,,,753.0,6,0,0,0,0,1,1,0,0,,0,0,0,8,1,1,1,,0.0,,,0,,4,0,0,0,67301,0,0,0,N,0,0,0,2,67301,1,,1,9,,N,N,,1,,0,0,0,3,3,,800,1,2,0,0,0,0,0,3,3,0,2,7,,N,,,,,,,,,,,
2006103883,2015.0,1,0,0,0,0,0,0,0,0,7,0,,67,8,2006,1,39.9747,-75.1168,2006.0,6,0,0,0,1,0,0,0,0,2.0,0,0,0,19,1,1,0,,2.0,39 58:30.000,5.0,0,75 07:00.073,2,0,0,0,67301,0,0,0,N,0,0,0,1,67301,0,,4,1,,N,N,,0,,0,1,0,0,0,N,1945,1,1,0,0,0,0,0,3,4,0,1,3,,N,,,,,,,,,,,
2006125474,1110.0,2,0,0,0,0,0,0,0,0,4,0,,67,11,2006,4,40.0827,-75.0321,1109.0,6,0,0,0,0,0,1,0,0,,0,0,0,11,1,1,1,,0.0,40 04:57.634,,0,75 01:55.598,8,0,0,0,67301,0,0,0,N,0,0,0,2,67301,0,,1,9,,N,N,,0,,0,0,0,3,2,,1100,1,2,0,0,0,1,0,3,4,0,2,7,,N,,,,,,,,,,,
2006082544,1045.0,1,0,0,1,0,0,0,0,0,5,0,,67,6,2006,6,39.9436,-75.1568,1045.0,6,0,0,0,0,0,0,0,0,,0,0,0,99,1,1,1,,0.0,39 56:37.021,,0,75 09:24.595,8,0,0,0,67301,1,0,0,N,0,0,0,2,67301,0,,1,1,,N,N,,0,,0,0,0,3,2,,9999,1,2,0,0,0,1,0,3,4,0,1,3,,N,,,,,,,,,,,
2006082545,1910.0,1,0,0,0,0,0,0,0,0,7,0,,67,6,2006,7,40.0427,-75.0568,1905.0,6,0,0,0,0,0,1,0,0,2.0,0,0,0,19,1,3,0,,2.0,40 02:33.000,2.0,0,75 03:24.445,8,0,0,0,67301,0,0,0,N,0,0,0,3,67301,0,,4,1,,N,N,,0,,0,0,0,0,0,Y,1900,3,1,0,0,3,3,0,3,4,0,1,3,,N,,,,,,,,,,,
2006125320,1757.0,2,0,0,0,0,0,0,0,0,1,0,,67,11,2006,1,40.0503,-75.1479,1757.0,6,0,0,0,0,0,0,0,0,,0,0,0,17,3,3,0,,0.0,40 03:01.000,,0,75 08:53.039,8,0,0,0,67301,0,0,0,N,0,0,0,4,67301,0,,1,1,,N,N,,0,,0,0,0,3,2,,1740,3,2,0,0,0,3,0,3,4,0,2,3,,N,,,,,,,,,,,
2006125344,1146.0,2,0,0,0,0,0,0,0,0,4,0,,67,11,2006,4,39.9686,-75.2018,1144.0,6,0,0,0,0,0,0,0,0,,0,0,0,11,1,1,0,,0.0,39 58:06.898,,0,75 12:06.404,3,0,0,0,67301,0,0,0,N,0,0,0,1,67301,0,,1,1,,N,N,,0,,1,0,0,0,0,,1143,1,2,0,0,1,0,0,3,4,0,2,3,,N,,,,,,,,,,,
2006125352,2330.0,2,0,0,0,0,0,0,0,0,6,0,,67,10,2006,6,40.0255,-75.1235,2311.0,6,0,0,0,0,0,0,1,0,,0,0,0,22,3,1,1,,0.0,40 01:33.000,,0,75 07:24.536,4,0,0,0,67301,0,0,0,N,0,0,0,5,67301,1,,1,1,,N,N,,0,,0,0,1,3,1,,2230,1,3,0,0,0,0,0,3,4,0,3,3,,N,,,,,,,,,,,
2006125388,2059.0,1,0,0,0,0,0,0,0,0,4,0,,67,10,2006,6,39.9407,-75.1435,2057.0,6,0,0,0,0,0,0,0,0,,0,0,0,20,3,0,2,,0.0,39 56:29.000,,2,75 08:36.253,0,0,0,0,67301,0,0,0,N,0,0,0,5,67301,0,,1,9,,N,N,,0,,0,0,1,3,2,,2050,0,2,0,0,0,0,0,3,4,0,2,7,,N,,,,,,,,,,,
2006080262,1348.0,0,0,0,0,0,0,1,0,0,4,1,,67,7,2006,3,39.9986,-75.1302,1343.0,6,0,0,0,0,0,0,0,0,,0,0,0,13,1,7,1,,0.0,39 59:55.000,,0,75 07:48.860,4,0,0,0,67301,0,0,0,N,0,0,0,7,67301,1,,1,1,,N,N,,0,,0,0,0,0,0,,1341,7,2,0,0,0,6,0,3,4,1,2,3,,N,,,,,,,,,,,
2006103512,2043.0,2,0,0,0,0,0,0,0,0,4,0,,67,9,2006,6,39.9744,-75.2017,2033.0,6,0,0,0,0,0,0,0,0,,0,0,0,20,6,1,2,,0.0,39 58:27.000,,0,75 12:05.543,8,0,0,0,67301,0,0,0,N,0,0,0,3,67301,0,,1,1,,N,N,,0,,0,0,0,3,2,,2030,1,2,0,0,0,1,0,3,4,0,2,7,,N,,,,,,,,,,,
2006096224,1820.0,1,0,0,0,0,0,0,0,0,6,0,,67,7,2006,1,39.9578,-75.1472,1815.0,6,0,0,0,0,1,0,0,0,,0,0,0,18,1,0,1,,0.0,39 57:28.000,,0,75 08:50.199,0,0,0,0,67301,0,0,0,N,0,0,0,2,67301,0,,1,1,,N,N,,0,,0,0,0,3,2,,1800,0,2,0,0,0,0,0,3,4,0,2,3,,N,,,,,,,,,,,
2006065595,1028.0,2,0,0,0,0,0,0,0,0,5,0,,67,5,2006,3,40.034,-75.0744,1024.0,6,0,0,0,0,0,1,0,0,2.0,0,0,0,10,1,1,1,,2.0,40 02:02.000,2.0,0,75 04:27.841,8,0,0,0,67301,0,0,0,N,0,0,0,3,67301,0,,1,1,,N,N,,0,,0,0,0,3,2,N,1022,1,2,0,0,0,1,0,3,4,0,2,3,,N,,,,,,,,,,,
2006065624,2123.0,2,0,0,0,0,0,0,0,0,4,0,,67,5,2006,6,39.9198,-75.2251,2120.0,6,1,0,0,0,0,0,0,0,,0,0,0,99,3,3,1,,0.0,39 55:11.171,,0,75 13:30.431,4,0,0,0,67301,0,0,0,N,0,0,0,4,67301,3,,1,1,,N,N,,0,,0,0,0,0,0,,9999,3,2,0,0,0,0,0,3,4,0,2,3,,N,,,,,,,,,,,
2006068236,1800.0,1,0,0,0,0,0,0,0,0,8,0,,67,5,2006,2,40.0682,-75.1741,758.0,6,0,0,0,0,0,0,0,0,,0,0,0,17,1,1,1,,0.0,40 04:05.455,,0,75 10:26.738,8,0,0,0,67301,1,0,0,N,1,0,0,2,67301,0,,1,1,,N,N,,0,,0,0,0,9,3,,1735,1,2,0,0,1,1,1,3,4,0,1,3,,N,,,,,,,,,,,
2006115417,700.0,1,0,0,0,0,0,0,0,0,4,1,,67,9,2006,5,40.0143,-75.1781,710.0,6,0,0,0,0,0,0,1,0,,0,1,0,6,1,1,1,,0.0,40 00:51.570,,0,75 10:41.163,4,0,0,0,67301,0,0,0,,0,0,0,2,67301,1,,1,1,,,,,0,,0,0,0,0,0,,627,1,2,0,0,0,0,0,3,4,0,2,3,,N,,,,,,,,,,,
2006112801,1253.0,2,0,0,0,0,0,0,0,0,2,0,,67,10,2006,3,39.9721,-75.2514,1250.0,6,0,0,0,0,0,1,0,0,,0,0,0,12,1,1,1,,0.0,39 58:19.000,,0,75 15:04.927,4,0,0,0,67301,0,0,0,N,0,0,0,1,67301,1,,1,9,,N,N,,0,,0,0,0,3,2,,1245,1,3,0,0,0,0,0,3,4,0,3,7,,N,,,,,,,,,,,
2006112854,1130.0,2,0,0,0,0,0,0,0,0,2,0,,67,9,2006,6,40.0619,-75.235,1128.0,6,0,0,0,0,0,0,1,0,1.0,0,0,0,11,1,2,0,,2.0,40 03:42.955,6.0,0,75 14:06.129,4,0,0,0,67301,0,0,0,N,0,0,0,2,67301,2,,1,1,,N,N,,0,,0,0,0,3,3,N,1128,2,2,0,0,0,0,0,3,4,0,2,3,,N,,,,,,,,,,,
2006125407,1255.0,1,0,0,0,0,0,0,0,0,8,0,,67,11,2006,1,39.9856,-75.1037,1250.0,6,0,0,0,0,0,0,0,0,,0,0,0,10,1,1,1,,0.0,39 59:07.000,,0,75 06:13.390,8,0,0,0,67301,1,0,0,N,1,0,0,2,67301,0,,1,1,,N,N,,0,,0,0,0,0,0,,1030,1,2,0,0,0,1,1,3,4,0,1,3,,N,,,,,,,,,,,
2006124284,2237.0,1,0,0,0,0,0,0,0,0,3,0,,67,10,2006,7,,,2221.0,6,0,0,0,0,0,0,0,0,,0,0,0,22,3,1,0,,0.0,,,0,,4,0,0,0,67301,0,0,0,N,0,0,0,3,67301,1,,1,1,,N,N,,1,,0,0,0,0,0,,2217,1,2,0,0,0,0,0,3,3,0,2,3,,N,,,,,,,,,,,
2006102180,9999.0,2,0,0,0,0,0,0,0,0,2,0,,67,9,2006,6,39.9571,-75.2143,9999.0,6,0,0,0,0,1,0,0,0,,0,0,0,14,1,1,2,,0.0,39 57:25.000,,0,75 12:51.656,8,0,0,0,67301,0,0,0,N,0,0,0,2,67301,0,,1,1,,N,N,,0,,0,0,0,3,2,,1454,1,2,0,0,1,1,0,3,4,0,2,3,,N,,,,,,,,,,,
2006105100,1442.0,2,0,0,0,0,0,0,0,0,2,0,,67,8,2006,3,40.0384,-75.0856,9999.0,6,0,0,0,0,0,0,0,0,,0,0,0,14,1,0,2,,0.0,40 02:18.099,,0,75 05:08.113,0,0,0,0,67301,0,0,0,N,0,0,0,4,67301,0,,1,1,,N,N,,0,,0,0,0,0,0,,1440,0,2,0,0,0,0,0,3,4,0,2,3,,N,,,,,,,,,,,
2006105139,1548.0,0,0,0,0,0,0,0,0,0,4,0,,67,9,2006,6,,,1546.0,6,0,0,0,0,0,0,0,0,,0,0,0,15,1,1,1,,0.0,,,0,,8,0,0,0,67301,0,0,0,N,0,0,0,2,67301,0,,1,9,,N,N,,0,,0,0,2,2,3,,1542,1,2,0,0,0,1,1,3,3,0,2,7,,N,,,,,,,,,,,