CRN,ARRIVAL_TM,AUTOMOBILE_COUNT,BELTED_DEATH_COUNT,BELTED_SUSP_SERIOUS_INJ_COUNT,BICYCLE_COUNT,BICYCLE_DEATH_COUNT,BICYCLE_SUSP_SERIOUS_INJ_COUNT,BUS_COUNT,CHLDPAS_DEATH_COUNT,CHLDPAS_SUSP_SERIOUS_INJ_COUNT,COLLISION_TYPE,COMM_VEH_COUNT,CONS_ZONE_SPD_LIM,COUNTY,CRASH_MONTH,CRASH_YEAR,DAY_OF_WEEK,DEC_LAT,DEC_LONG,DISPATCH_TM,DISTRICT,DRIVER_COUNT_16YR,DRIVER_COUNT_17YR,DRIVER_COUNT_18YR,DRIVER_COUNT_19YR,DRIVER_COUNT_20YR,DRIVER_COUNT_50_64YR,DRIVER_COUNT_65_74YR,DRIVER_COUNT_75PLUS,EST_HRS_CLOSED,FATAL_COUNT,HEAVY_TRUCK_COUNT,HORSE_BUGGY_COUNT,HOUR_OF_DAY,ILLUMINATION,INJURY_COUNT,INTERSECT_TYPE,INTERSECTION_RELATED,LANE_CLOSED,LATITUDE,LN_CLOSE_DIR,LOCATION_TYPE,LONGITUDE,MAX_SEVERITY_LEVEL,MCYCLE_DEATH_COUNT,MCYCLE_SUSP_SERIOUS_INJ_COUNT,MOTORCYCLE_COUNT,MUNICIPALITY,NONMOTR_COUNT,NONMOTR_DEATH_COUNT,NONMOTR_SUSP_SERIOUS_INJ_COUNT,NTFY_HIWY_MAINT,PED_COUNT,PED_DEATH_COUNT,PED_SUSP_SERIOUS_INJ_COUNT,PERSON_COUNT,POLICE_AGCY,POSSIBLE_INJ_COUNT,RDWY_SURF_TYPE_CD,RELATION_TO_ROAD,ROAD_CONDITION,ROADWAY_CLEARED,SCH_BUS_IND,SCH_ZONE_IND,SECONDARY_CRASH,SMALL_TRUCK_COUNT,SPEC_JURIS_CD,SUSP_MINOR_INJ_COUNT,SUSP_SERIOUS_INJ_COUNT,SUV_COUNT,TCD_FUNC_CD,TCD_TYPE,TFC_DETOUR_IND,TIME_OF_DAY,TOT_INJ_COUNT,TOTAL_UNITS,UNB_DEATH_COUNT,UNB_SUSP_SERIOUS_INJ_COUNT,UNBELTED_OCC_COUNT,UNK_INJ_DEG_COUNT,UNK_INJ_PER_COUNT,URBAN_AREA,URBAN_RURAL,VAN_COUNT,VEHICLE_COUNT,WEATHER1,WEATHER2,WORK_ZONE_IND,WORK_ZONE_LOC,WORK_ZONE_TYPE,WORKERS_PRES,WZ_CLOSE_DETOUR,WZ_FLAGGER,WZ_LAW_OFFCR_IND,WZ_LN_CLOSURE,WZ_MOVING,WZ_OTHER,WZ_SHLDER_MDN,WZ_WORKERS_INJ_KILLED
2006105151,1931.0,2,0,0,0,0,0,0,0,0,4,0,,67,8,2006,4,40.0108,-75.1266,1921.0,6,0,0,0,0,0,0,0,0,,0,0,0,99,1,4,1,,0.0,40 00:38.808,,0,75 07:35.921,3,0,0,0,67301,0,0,0,,0,0,0,4,67301,1,,1,1,,,,,0,,1,0,0,3,2,,9999,4,2,0,0,3,2,0,3,4,0,2,3,,N,,,,,,,,,,,
2006093419,9999.0,1,0,0,0,0,0,0,0,0,1,0,,67,8,2006,4,,,2354.0,6,0,0,0,1,0,0,0,0,1.0,0,0,0,23,2,1,0,,2.0,,2.0,0,,3,0,0,1,67301,0,0,0,,0,0,0,2,67301,0,,1,1,,N,N,,0,,1,0,0,0,0,N,2354,1,2,0,0,0,0,0,3,3,0,2,3,,N,,,,,,,,,,,
2006093588,1845.0,2,0,0,0,0,0,0,0,0,4,0,,67,7,2006,5,40.1065,-75.0301,1845.0,6,0,0,0,0,0,1,0,0,3.0,1,0,0,18,1,2,2,,2.0,40 06:23.000,5.0,0,75 01:48.380,1,1,0,1,67301,0,0,0,,0,0,0,4,67301,0,2.0,1,1,,,,,0,0.0,2,0,0,3,3,Y,1840,2,3,0,0,0,0,0,3,4,0,3,3,,N,,,,,,,,,,,
2006093621,1642.0,1,0,0,0,0,0,1,0,0,2,1,,67,8,2006,5,39.9804,-75.089,1635.0,6,0,0,0,0,0,1,0,0,,0,0,0,15,1,1,2,,0.0,39 58:49.576,,0,75 05:20.303,8,0,0,0,67301,0,0,0,N,0,0,0,2,67301,0,,1,9,,Y,N,,0,,0,0,0,3,3,,1530,1,2,0,0,0,1,0,3,4,0,2,7,,N,,,,,,,,,,,
2006080972,703.0,1,0,0,0,0,0,0,0,0,4,0,,67,5,2006,3,40.0077,-75.1388,700.0,6,0,0,0,0,0,0,0,0,,0,0,0,7,1,0,1,,0.0,40 00:27.000,,0,75 08:19.564,0,0,0,0,67301,0,0,0,Y,0,0,0,2,67301,0,,1,1,,N,N,,0,,0,0,0,3,2,,700,0,2,0,0,0,0,0,3,4,1,2,3,,N,,,,,,,,,,,
2006081076,1308.0,0,0,0,0,0,0,0,0,0,0,0,,67,6,2006,3,,,1304.0,6,0,0,0,0,0,0,0,0,,0,0,0,99,1,1,2,,0.0,,,0,,4,0,0,1,67301,0,0,0,N,0,0,0,1,67301,1,,1,1,,N,N,,0,,0,0,0,0,0,,9999,1,1,0,0,0,0,0,3,3,0,1,3,,N,,,,,,,,,,,
2006103680,1736.0,1,0,0,0,0,0,0,0,0,4,0,,67,9,2006,2,40.0758,-75.0009,1733.0,6,0,0,0,0,0,0,0,1,1.0,0,0,0,17,1,0,2,,1.0,40 04:32.000,1.0,0,75 00:02.927,0,0,0,0,67301,0,0,0,N,0,0,0,6,67301,0,,1,1,,N,N,,1,,0,0,0,3,3,N,1730,0,2,0,0,0,0,0,3,4,0,2,3,,N,,,,,,,,,,,
2006096567,310.0,1,0,0,0,0,0,0,0,0,1,0,,67,7,2006,7,39.8988,-75.1715,259.0,6,0,0,0,0,0,0,0,0,2.0,0,0,0,2,3,2,0,,1.0,39 53:55.000,2.0,0,75 10:15.720,8,0,0,0,67301,0,0,0,N,0,0,0,3,67301,0,,1,1,,N,N,,1,,0,0,0,0,0,N,255,2,2,0,0,0,2,0,3,4,0,2,3,,N,,,,,,,,,,,
2006096604,1136.0,0,0,0,0,0,0,1,0,0,8,1,,67,8,2006,3,39.9517,-75.1581,1134.0,6,0,0,0,0,0,0,0,0,,0,0,0,11,1,1,0,,0.0,39 57:06.000,,0,75 09:28.667,4,0,0,0,67301,1,0,0,N,1,0,0,2,67301,1,,1,1,,N,N,,0,,0,0,0,0,0,,1130,1,2,0,0,0,0,0,3,4,0,1,3,,N,,,,,,,,,,,
2006104242,1725.0,2,0,0,0,0,0,0,0,0,1,0,,67,8,2006,2,40.0377,-75.0424,1721.0,6,0,0,0,0,0,0,0,0,,0,0,0,17,1,2,1,,0.0,40 02:15.000,,0,75 02:33.132,4,0,0,0,67301,0,0,0,N,0,0,0,3,67301,1,,1,1,,N,N,,0,,0,0,0,3,2,,1720,2,2,0,0,0,1,0,3,4,0,2,3,,N,,,,,,,,,,,
2006104315,1650.0,1,0,0,0,0,0,0,0,0,1,0,,67,9,2006,6,,,1645.0,6,0,0,0,0,0,3,0,0,3.0,0,0,0,16,1,2,0,,1.0,,4.0,0,,3,0,0,0,67301,0,0,0,N,0,0,0,6,67301,0,,1,1,,N,N,,0,,2,0,5,0,0,N,1640,2,6,0,0,0,0,0,3,3,0,6,3,,N,,,,,,,,,,,
2006102830,101.0,1,0,0,0,0,0,0,0,0,7,0,,67,9,2006,6,39.9747,-75.1984,101.0,6,0,0,0,0,0,0,0,0,,0,0,0,1,3,0,2,,0.0,39 58:29.000,,0,75 11:53.904,0,0,0,0,67301,0,0,0,N,0,0,0,1,67301,0,,4,9,,N,N,,0,,0,0,0,3,2,,100,0,2,0,0,0,0,0,3,4,0,1,7,,N,,,,,,,,,,,
2006083047,2027.0,2,0,0,0,0,0,0,0,0,4,0,,67,5,2006,6,40.0765,-75.0325,2025.0,6,0,0,0,0,0,0,0,0,,0,0,0,20,3,1,1,,0.0,40 04:35.000,,0,75 01:56.683,3,0,0,0,67301,0,0,0,N,0,0,0,3,67301,0,,1,1,,N,N,,0,,1,0,0,3,2,,2020,1,2,0,0,0,0,0,3,4,0,2,3,,N,,,,,,,,,,,
2006080691,2308.0,1,0,0,0,0,0,0,0,0,7,0,,67,7,2006,3,40.0808,-75.0284,2302.0,6,0,0,0,0,0,0,0,0,,0,0,0,22,3,1,1,,0.0,40 04:50.000,,0,75 01:41.524,8,0,0,0,67301,0,0,0,N,0,0,0,1,67301,0,,4,9,,N,N,,0,,0,0,0,3,2,,2255,1,1,0,0,0,1,0,3,4,0,1,7,,N,,,,,,,,,,,
2006080269,1621.0,2,0,0,0,0,0,0,0,0,4,0,,67,6,2006,3,40.0456,-75.1285,1621.0,6,0,1,0,0,0,0,0,0,,0,0,0,16,1,0,1,,0.0,40 02:44.000,,0,75 07:42.525,0,0,0,0,67301,0,0,0,N,0,0,0,4,67301,0,,1,1,,N,N,,0,,0,0,0,3,2,,1621,0,2,0,0,0,0,0,3,4,0,2,3,,N,,,,,,,,,,,
2006080818,1730.0,1,0,0,1,0,0,0,0,0,4,0,,67,6,2006,7,,,1730.0,6,0,0,0,0,0,0,1,0,,0,0,0,17,1,1,1,,0.0,,,0,,4,0,0,0,67301,1,0,0,N,0,0,0,2,67301,1,,1,1,,N,N,,0,,0,0,0,3,2,,1730,1,2,0,0,0,0,0,3,3,0,1,3,,N,,,,,,,,,,,
2006083162,1032.0,2,0,0,0,0,0,0,0,0,4,0,,67,7,2006,2,40.0088,-75.1476,1016.0,6,0,0,0,0,0,1,0,0,,0,0,0,9,1,1,1,,0.0,40 00:31.000,,0,75 08:51.980,4,0,0,0,67301,0,0,0,N,0,0,0,2,67301,1,,1,1,,N,N,,0,,0,0,0,2,2,,943,1,2,0,0,0,0,1,3,4,0,2,3,,N,,,,,,,,,,,
2006021627,2230.0,2,0,0,0,0,0,0,0,0,4,0,,67,1,2006,6,39.9758,-75.1159,2230.0,6,0,0,0,0,0,1,0,0,1.0,0,0,0,22,3,1,6,,1.0,39 58:15.000,2.0,0,75 07:27.683,4,0,0,0,67301,0,0,0,N,0,0,0,4,67301,1,,1,1,,N,N,,0,,0,0,0,0,0,N,2230,1,2,0,0,0,0,0,3,4,0,2,3,,N,,,,,,,,,,,
2006021651,105.0,0,0,0,0,0,0,0,0,0,7,0,,67,1,2006,7,39.9605,-75.1816,100.0,6,0,0,0,0,0,0,0,0,2.0,0,0,0,0,3,1,0,,2.0,39 57:38.000,3.0,0,75 10:54.652,3,0,0,0,67301,0,0,0,N,0,0,0,1,67301,0,,2,9,,N,N,,0,,1,0,1,0,0,N,55,1,1,0,0,0,0,0,3,4,0,1,3,,N,,,,,,,,,,,
2006125457,104.0,1,0,0,0,0,0,0,0,0,4,0,,67,10,2006,7,40.0334,-75.0906,101.0,6,0,0,0,0,0,1,0,0,,0,0,0,0,3,1,1,,0.0,40 02:00.340,,0,75 05:26.221,4,0,0,0,67301,0,0,0,N,0,0,0,2,67301,1,,1,1,,N,N,,1,,0,0,0,0,0,,17,1,2,0,0,0,0,0,3,4,0,2,3,,N,,,,,,,,,,,
2006080117,1537.0,1,0,0,0,0,0,0,0,0,8,0,,67,6,2006,3,,,1533.0,6,0,0,0,0,0,1,0,0,,0,0,0,15,1,1,0,,0.0,,,0,,4,0,0,0,67301,1,0,0,N,1,0,0,2,67301,1,,1,1,,N,N,,0,,0,0,0,0,0,,1520,1,2,0,0,0,0,0,3,3,0,1,3,,N,,,,,,,,,,,
2006125343,1806.0,1,0,0,0,0,0,0,0,0,8,0,,67,9,2006,4,39.9769,-75.1775,1803.0,6,0,0,0,0,0,0,0,0,,0,0,0,18,4,1,2,,0.0,39 58:36.829,,0,75 10:38.855,4,0,0,0,67301,1,0,0,N,1,0,0,2,67301,1,,1,1,,N,N,,0,,0,0,0,0,0,,1800,1,2,0,0,0,0,0,3,4,0,1,3,,N,,,,,,,,,,,
2006080185,1353.0,1,0,0,0,0,0,0,0,0,8,0,,67,5,2006,3,40.0302,-75.1467,1347.0,6,0,0,0,0,0,0,0,0,,0,0,0,13,1,1,2,,0.0,40 01:48.000,,0,75 08:48.313,8,0,0,0,67301,1,0,0,N,1,0,0,2,67301,0,,1,1,,N,N,,0,,0,0,0,0,0,,1346,1,2,0,0,0,1,1,3,4,0,1,3,,N,,,,,,,,,,,
2006115653,1810.0,1,0,0,0,0,0,1,0,0,5,1,,67,10,2006,3,39.9555,-75.1808,1808.0,6,0,0,0,0,0,0,0,0,,0,0,0,18,1,1,5,,0.0,39 57:19.768,,0,75 10:50.830,8,0,0,0,67301,0,0,0,N,0,0,0,4,67301,0,,1,1,,N,N,,0,,0,0,0,3,2,,1805,1,2,0,0,0,1,0,3,4,0,2,3,,N,,,,,,,,,,,
2006125298,1756.0,2,0,0,0,0,0,0,0,0,4,0,,67,10,2006,3,39.964,-75.1611,1749.0,6,0,0,0,0,0,0,0,1,,0,0,0,15,1,3,2,,0.0,39 57:50.000,,0,75 09:40.151,8,0,0,0,67301,0,0,0,N,0,0,0,3,67301,0,,1,1,,N,N,,0,,0,0,0,0,0,,1530,3,2,0,0,0,3,0,3,4,0,2,3,,N,,,,,,,,,,,
2006065648,1807.0,1,0,0,0,0,0,0,0,0,1,0,,67,5,2006,1,,,1803.0,6,0,0,0,0,0,0,0,0,,0,0,0,17,1,1,0,,0.0,,,0,,8,0,0,0,67301,0,0,0,N,0,0,0,1,67301,0,,6,1,,N,N,,0,,0,0,0,0,0,,1755,1,2,0,0,0,1,0,3,3,0,2,3,,N,,,,,,,,,,,
2006065806,955.0,1,0,0,0,0,0,0,0,0,8,0,,67,5,2006,7,39.9539,-75.1595,953.0,6,0,0,0,0,0,1,0,0,,0,0,0,9,1,1,1,,0.0,39 57:14.000,,0,75 09:33.987,8,0,0,0,67301,1,0,0,,1,0,0,2,67301,0,,1,1,,N,N,,0,,0,0,0,0,0,,950,1,2,0,0,1,1,0,3,4,0,1,3,,N,,,,,,,,,,,
2006125439,946.0,1,0,0,0,0,0,0,0,0,2,0,,67,11,2006,5,40.0185,-75.1491,946.0,6,0,0,0,0,0,0,0,0,,0,0,0,9,1,2,0,,0.0,40 01:06.581,,0,75 08:56.836,8,0,0,0,67301,0,0,0,N,0,0,0,2,67301,0,,1,1,,N,N,,0,,0,0,0,0,0,,940,2,2,0,0,1,2,0,3,4,1,2,3,,N,,,,,,,,,,,
2006124266,1125.0,1,0,0,0,0,0,0,0,0,4,0,,67,10,2006,2,40.0152,-75.1552,1122.0,6,0,0,0,0,0,0,1,0,,0,0,0,11,1,3,2,,0.0,40 00:55.000,,0,75 09:18.978,4,0,0,0,67301,0,0,0,N,0,0,0,3,67301,3,,1,1,,N,N,,0,,0,0,1,3,2,,1120,3,2,0,0,0,0,0,3,4,0,2,3,,N,,,,,,,,,,,
2006124270,200.0,1,0,0,0,0,0,0,0,0,8,0,,67,10,2006,7,,,159.0,6,0,0,0,0,0,0,0,0,,0,0,0,1,3,1,2,,0.0,,,0,,8,0,0,0,67301,1,0,0,N,1,0,0,2,67301,0,,1,9,,N,N,,0,,0,0,0,3,3,,155,1,2,0,0,0,1,0,3,3,0,1,7,,N,,,,,,,,,,,
2006102353,1250.0,2,0,0,0,0,0,0,0,0,4,0,,67,8,2006,4,40.0938,-74.9802,1244.0,6,0,0,0,1,0,0,0,0,,0,0,0,12,1,0,1,,0.0,40 05:37.680,,0,74 58:48.000,0,0,0,0,67301,0,0,0,N,0,0,0,2,67301,0,,1,1,,N,N,,0,,0,0,0,3,2,,1230,0,2,0,0,0,0,0,3,4,0,2,3,,N,,,,,,,,,,,
2006114701,1609.0,1,0,0,1,0,0,0,0,0,5,0,,67,10,2006,4,40.037,-75.069,1600.0,6,0,0,0,0,0,0,0,0,,0,0,0,13,1,1,0,,0.0,40 02:13.000,,0,75 04:08.522,4,0,0,0,67301,1,0,0,N,0,0,0,2,67301,1,,1,1,,N,N,,0,,0,0,0,0,0,,1337,1,2,0,0,0,0,1,3,4,0,1,3,,N,,,,,,,,,,,
2006114394,1029.0,2,0,0,0,0,0,0,0,0,1,0,,67,10,2006,6,40.0681,-75.0611,1024.0,6,0,0,0,0,0,0,0,1,,0,0,0,10,1,1,2,,0.0,40 04:05.300,,0,75 03:39.909,8,0,0,0,67301,0,0,0,N,0,0,0,2,67301,0,,1,1,,N,N,,0,,0,0,0,3,2,,1022,1,2,0,0,0,1,0,3,4,0,2,3,,N,,,,,,,,,,,
2006114397,327.0,1,0,0,0,0,0,0,0,0,7,0,,67,9,2006,6,39.928,-75.2193,311.0,6,0,0,0,0,0,0,1,0,1.0,0,0,0,99,1,1,1,,1.0,39 55:40.950,3.0,0,75 13:09.409,8,0,0,0,67301,0,0,0,Y,0,0,0,1,67301,0,,4,1,,N,N,,0,,0,0,0,3,2,N,9999,1,1,0,0,0,1,0,3,4,0,1,3,,N,,,,,,,,,,,
2006102608,2211.0,1,0,0,0,0,0,0,0,0,8,0,,67,8,2006,6,39.9831,-75.1758,2209.0,6,0,0,0,0,0,0,1,0,,0,0,0,22,3,1,0,,0.0,39 58:58.000,,0,75 10:33.148,2,0,0,0,67301,1,0,1,N,1,0,1,2,67301,0,,1,1,,N,N,,0,,0,1,0,0,0,,2207,1,2,0,0,1,0,0,3,4,0,1,3,,N,,,,,,,,,,,
2006102627,1434.0,3,0,0,0,0,0,0,0,0,1,0,,67,8,2006,2,39.9256,-75.1693,1430.0,6,0,0,0,0,0,1,0,0,,0,0,0,14,1,3,0,,0.0,39 55:32.000,,0,75 10:09.943,4,0,0,0,67301,0,0,0,N,0,0,0,4,67301,2,,1,1,,N,N,,0,,0,0,0,0,0,,1425,3,3,0,0,0,1,0,3,4,0,3,3,,N,,,,,,,,,,,
2006123817,1937.0,0,0,0,0,0,0,0,0,0,8,0,,67,10,2006,6,39.9753,-75.2455,1933.0,6,0,0,0,0,0,0,0,0,,0,0,0,15,1,1,1,,0.0,39 58:31.257,,0,75 14:43.799,4,0,0,0,67301,1,0,0,N,1,0,0,2,67301,1,,1,9,,N,N,,0,,0,0,0,3,2,,1530,1,2,0,0,0,0,0,3,4,0,1,7,,N,,,,,,,,,,,
2006123830,1213.0,1,0,0,0,0,0,0,0,0,7,0,,67,10,2006,6,40.0485,-75.2468,1208.0,6,0,0,0,0,0,0,0,0,1.0,0,0,0,12,1,1,0,,1.0,40 02:54.654,6.0,0,75 14:48.303,4,0,0,0,67301,0,0,0,N,0,0,0,1,67301,1,,2,9,,N,N,,0,,0,0,0,0,0,N,1201,1,1,0,0,1,0,0,3,4,0,1,7,,N,,,,,,,,,,,
2006124007,2057.0,0,0,0,0,0,0,0,0,0,7,0,,67,10,2006,6,40.0361,-75.194,2050.0,6,0,0,0,0,0,0,0,0,2.0,0,0,0,20,3,1,2,,2.0,40 02:10.000,5.0,0,75 11:37.584,3,0,0,0,67301,0,0,0,N,0,0,0,1,67301,0,,4,9,,N,N,,1,,1,0,0,0,0,Y,2050,1,1,0,0,0,0,0,3,4,0,1,7,,N,,,,,,,,,,,
2006093444,1035.0,2,0,0,0,0,0,0,0,0,4,0,,67,7,2006,6,40.0454,-75.1566,1030.0,6,0,0,0,0,0,1,0,0,,0,0,0,10,1,1,1,,0.0,40 02:43.364,,0,75 09:23.803,8,0,0,0,67301,0,0,0,N,0,0,0,2,67301,0,,1,1,,N,N,,0,,0,0,0,9,3,,1025,1,2,0,0,0,1,0,3,4,0,2,3,,N,,,,,,,,,,,
2006093456,110.0,0,0,0,0,0,0,0,0,0,8,0,,67,8,2006,7,39.9534,-75.1716,105.0,6,0,0,0,0,0,0,0,0,,0,0,0,0,3,1,1,,0.0,39 57:11.000,,0,75 10:17.983,4,0,0,0,67301,1,0,0,,1,0,0,2,67301,1,,1,1,,,,,0,,0,0,1,3,2,,45,1,2,0,0,0,0,0,3,4,0,1,3,,N,,,,,,,,,,,
2006054633,2105.0,0,0,0,0,0,0,0,0,0,4,0,,67,4,2006,6,40.0789,-75.0253,2056.0,6,0,0,0,0,0,0,0,0,,0,0,0,20,3,0,2,,0.0,40 04:43.000,,0,75 01:30.802,0,0,0,0,67301,0,0,0,N,0,0,0,2,67301,0,,1,9,,N,N,,0,,0,0,1,0,0,,2053,0,2,0,0,0,0,0,3,4,1,2,7,,N,,,,,,,,,,,
2006080911,836.0,2,0,0,0,0,0,0,0,0,4,0,,67,6,2006,6,40.0501,-75.0642,9999.0,6,0,0,0,0,0,0,0,1,2.0,0,0,0,8,1,1,1,,2.0,40 03:00.000,5.0,0,75 03:51.141,8,0,0,0,67301,0,0,0,,0,0,0,2,67301,0,,1,1,,N,N,,0,,0,0,0,3,2,Y,834,1,2,0,0,1,1,0,3,4,0,2,3,,N,,,,,,,,,,,
2006081015,1733.0,1,0,0,0,0,0,0,0,0,8,0,,67,7,2006,6,39.9913,-75.1349,1731.0,6,0,0,0,0,0,0,0,0,,0,0,0,17,1,1,1,,0.0,39 59:28.000,,0,75 08:05.908,4,0,0,0,67301,1,0,0,N,1,0,0,2,67301,1,,1,1,,N,N,,0,,0,0,0,3,2,,1700,1,2,0,0,0,0,1,3,4,0,1,3,,N,,,,,,,,,,,
2006081094,1500.0,0,0,0,0,0,0,0,0,0,8,0,,67,5,2006,6,39.9244,-75.1696,1500.0,6,0,0,0,0,0,0,0,0,,0,0,0,14,1,1,1,,0.0,39 55:27.000,,0,75 10:11.204,3,0,0,0,67301,1,0,0,N,1,0,0,1,67301,0,,2,1,,N,N,,0,,1,0,0,3,2,,1459,1,2,0,0,0,0,0,3,4,1,1,3,,N,,,,,,,,,,,
2006081345,1928.0,3,0,0,0,0,0,0,0,0,5,0,,67,6,2006,7,,,1923.0,6,0,0,0,0,0,1,0,0,,0,0,0,19,4,1,0,,0.0,,,0,,3,0,0,0,67301,0,0,0,N,0,0,0,5,67301,0,,1,9,,N,N,,0,,1,0,0,0,0,,1923,1,3,0,0,1,0,0,3,3,0,3,7,,N,,,,,,,,,,,
2006081352,1455.0,1,0,0,0,0,0,1,0,0,1,0,,67,6,2006,5,40.0424,-75.0254,1452.0,6,0,0,0,0,0,0,0,0,1.0,0,0,0,99,8,2,0,,2.0,40 02:32.000,1.0,7,75 01:31.519,8,0,0,0,67301,0,0,0,N,0,0,0,6,67301,0,,1,1,,N,N,,0,,0,0,0,0,0,N,9999,2,2,0,0,0,2,0,3,4,0,2,99,,N,,,,,,,,,,,
2006081405,700.0,1,0,0,0,0,0,0,0,0,4,0,,67,6,2006,4,,,655.0,6,0,0,0,0,0,2,0,0,,0,0,0,6,1,1,0,,0.0,,,7,,8,0,0,0,67301,0,0,0,N,0,0,0,2,67301,0,,1,1,,N,N,,0,,0,0,1,0,0,,650,1,2,0,0,0,1,0,3,3,0,2,3,,N,,,,,,,,,,,
2006081532,1530.0,1,0,0,0,0,0,0,0,0,8,0,,67,5,2006,3,39.9724,-75.2533,1525.0,6,0,0,0,0,0,0,0,0,,0,0,0,9,1,1,1,,0.0,39 58:20.280,,0,75 15:11.520,4,0,0,0,67301,1,0,0,N,1,0,0,2,67301,1,,1,1,,N,N,,0,,0,0,0,9,2,,900,1,2,0,0,0,0,1,3,4,0,1,3,,N,,,,,,,,,,,
2006106823,820.0,2,0,0,0,0,0,0,0,0,6,0,,67,8,2006,3,40.0811,-75.0289,815.0,6,0,0,0,0,0,0,0,0,,0,0,0,8,1,2,1,,0.0,40 04:51.000,,0,75 01:44.143,8,0,0,0,67301,0,0,0,N,0,0,0,3,67301,0,,1,1,,N,N,,0,,0,0,0,3,2,,810,2,2,0,0,0,2,0,3,4,0,2,3,,N,,,,,,,,,,,
2006102069,1638.0,1,0,0,0,0,0,0,0,0,4,0,,67,9,2006,1,40.0321,-75.219,1638.0,6,0,0,0,0,0,1,0,0,,0,0,0,16,1,2,1,,0.0,40 01:55.534,,0,75 13:08.504,3,0,0,0,67301,0,0,0,N,0,0,0,6,67301,0,,1,1,,N,N,,0,,2,0,1,9,3,,1635,2,2,0,0,2,0,0,3,4,0,2,3,,N,,,,,,,,,,,
2006104275,9999.0,2,0,0,0,0,0,0,0,0,1,0,,67,8,2006,3,,,1845.0,6,0,0,0,0,0,2,0,0,,0,0,0,18,1,0,0,,0.0,,,0,,0,0,0,0,67301,0,0,0,N,0,0,0,3,67301,0,,1,1,,N,N,,0,,0,0,1,0,0,,1845,0,3,0,0,0,0,0,3,3,0,3,3,,N,,,,,,,,,,,
2006125497,115.0,2,0,0,0,0,0,0,0,0,4,0,,67,11,2006,4,,,113.0,6,0,0,1,0,0,0,0,0,,0,0,0,1,3,0,1,,0.0,,,0,,0,0,0,0,67301,0,0,0,,0,0,0,2,67301,0,,1,1,,,,,0,,0,0,0,3,2,,110,0,2,0,0,0,0,0,3,3,0,2,3,,N,,,,,,,,,,,
2006102822,2156.0,1,0,0,0,0,0,0,0,0,8,0,,67,9,2006,2,,,2143.0,6,0,0,0,0,0,0,0,0,,0,0,0,21,3,1,0,,0.0,,,0,,8,0,0,0,67301,1,0,0,N,1,0,0,2,67301,0,,1,1,,N,N,,0,,0,0,0,0,0,,2130,1,2,0,0,0,1,0,3,3,0,1,3,,N,,,,,,,,,,,
2006065986,340.0,2,0,0,0,0,0,0,0,0,4,0,,67,5,2006,7,,,335.0,6,0,0,0,0,0,0,0,0,,0,0,0,3,3,1,1,,0.0,,,0,,4,0,0,0,67301,0,0,0,,0,0,0,2,67301,1,,1,1,,,,,0,,0,0,0,9,2,,318,1,2,0,0,0,0,0,3,3,0,2,99,,N,,,,,,,,,,,
2006083050,1155.0,0,0,0,0,0,0,0,0,0,4,0,,67,6,2006,4,,,1146.0,6,0,0,0,0,0,0,0,0,1.0,0,0,0,11,1,1,0,,2.0,,2.0,0,,4,0,0,0,67301,1,0,0,N,0,0,0,2,67301,1,,2,9,,N,N,,1,,0,0,1,0,0,N,1144,1,2,0,0,0,0,0,3,3,0,2,7,,N,,,,,,,,,,,
2006083065,530.0,1,0,0,0,0,0,0,0,0,7,0,,67,5,2006,3,,,528.0,6,0,0,0,0,0,0,0,0,1.0,0,0,0,5,3,0,0,,1.0,,2.0,0,,0,0,0,0,67301,0,0,0,N,0,0,0,1,67301,0,,2,9,,N,N,,0,,0,0,0,0,0,N,527,0,1,0,0,0,0,0,3,3,0,1,7,,N,,,,,,,,,,,
2006080707,1136.0,2,0,0,0,0,0,0,0,0,4,0,,67,7,2006,7,,,1630.0,6,0,0,1,0,0,0,0,0,,0,0,0,16,1,1,1,,0.0,,,0,,3,0,0,0,67301,0,0,0,N,0,0,0,2,67301,0,,1,9,,N,N,,0,,1,0,0,9,3,,1625,1,2,0,0,0,0,0,3,3,0,2,7,,N,,,,,,,,,,,
2006080270,1735.0,1,0,0,0,0,0,0,0,0,8,1,,67,6,2006,3,,,1730.0,6,0,0,0,0,0,0,0,0,2.0,0,0,0,17,1,1,0,,2.0,,3.0,0,,3,0,0,0,67301,1,0,0,N,1,0,0,3,67301,0,,1,1,,N,N,,0,,1,0,0,3,3,Y,1729,1,2,0,0,0,0,2,3,3,0,1,3,,N,,,,,,,,,,,
2006080805,1053.0,2,0,0,0,0,0,0,0,0,4,0,,67,6,2006,5,40.1068,-74.9991,1047.0,6,0,0,0,0,0,0,0,2,,0,0,0,10,1,0,2,,0.0,40 06:25.000,,0,74 59:56.558,0,0,0,0,67301,0,0,0,N,0,0,0,3,67301,0,,1,1,,N,N,,0,,0,0,0,3,2,,1047,0,2,0,0,0,0,0,3,4,0,2,3,,N,,,,,,,,,,,
2006080849,1731.0,1,0,0,0,0,0,0,0,0,8,0,,67,5,2006,1,39.9319,-75.1889,1730.0,6,0,0,0,0,0,0,0,0,,0,0,0,99,1,1,2,,0.0,39 55:54.760,,0,75 11:20.201,4,0,0,0,67301,1,0,0,N,1,0,0,2,67301,1,,1,1,,N,N,,0,,0,0,0,0,0,,9999,1,2,0,0,0,0,1,3,4,0,1,3,,N,,,,,,,,,,,