CRN,ARRIVAL_TM,AUTOMOBILE_COUNT,BELTED_DEATH_COUNT,BELTED_SUSP_SERIOUS_INJ_COUNT,BICYCLE_COUNT,BICYCLE_DEATH_COUNT,BICYCLE_SUSP_SERIOUS_INJ_COUNT,BUS_COUNT,CHLDPAS_DEATH_COUNT,CHLDPAS_SUSP_SERIOUS_INJ_COUNT,COLLISION_TYPE,COMM_VEH_COUNT,CONS_ZONE_SPD_LIM,COUNTY,CRASH_MONTH,CRASH_YEAR,DAY_OF_WEEK,DEC_LAT,DEC_LONG,DISPATCH_TM,DISTRICT,DRIVER_COUNT_16YR,DRIVER_COUNT_17YR,DRIVER_COUNT_18YR,DRIVER_COUNT_19YR,DRIVER_COUNT_20YR,DRIVER_COUNT_50_64YR,DRIVER_COUNT_65_74YR,DRIVER_COUNT_75PLUS,EST_HRS_CLOSED,FATAL_COUNT,HEAVY_TRUCK_COUNT,HORSE_BUGGY_COUNT,HOUR_OF_DAY,ILLUMINATION,INJURY_COUNT,INTERSECT_TYPE,INTERSECTION_RELATED,LANE_CLOSED,LATITUDE,LN_CLOSE_DIR,LOCATION_TYPE,LONGITUDE,MAX_SEVERITY_LEVEL,MCYCLE_DEATH_COUNT,MCYCLE_SUSP_SERIOUS_INJ_COUNT,MOTORCYCLE_COUNT,MUNICIPALITY,NONMOTR_COUNT,NONMOTR_DEATH_COUNT,NONMOTR_SUSP_SERIOUS_INJ_COUNT,NTFY_HIWY_MAINT,PED_COUNT,PED_DEATH_COUNT,PED_SUSP_SERIOUS_INJ_COUNT,PERSON_COUNT,POLICE_AGCY,POSSIBLE_INJ_COUNT,RDWY_SURF_TYPE_CD,RELATION_TO_ROAD,ROAD_CONDITION,ROADWAY_CLEARED,SCH_BUS_IND,SCH_ZONE_IND,SECONDARY_CRASH,SMALL_TRUCK_COUNT,SPEC_JURIS_CD,SUSP_MINOR_INJ_COUNT,SUSP_SERIOUS_INJ_COUNT,SUV_COUNT,TCD_FUNC_CD,TCD_TYPE,TFC_DETOUR_IND,TIME_OF_DAY,TOT_INJ_COUNT,TOTAL_UNITS,UNB_DEATH_COUNT,UNB_SUSP_SERIOUS_INJ_COUNT,UNBELTED_OCC_COUNT,UNK_INJ_DEG_COUNT,UNK_INJ_PER_COUNT,URBAN_AREA,URBAN_RURAL,VAN_COUNT,VEHICLE_COUNT,WEATHER1,WEATHER2,WORK_ZONE_IND,WORK_ZONE_LOC,WORK_ZONE_TYPE,WORKERS_PRES,WZ_CLOSE_DETOUR,WZ_FLAGGER,WZ_LAW_OFFCR_IND,WZ_LN_CLOSURE,WZ_MOVING,WZ_OTHER,WZ_SHLDER_MDN,WZ_WORKERS_INJ_KILLED
2006066009,725.0,1,0,0,0,0,0,0,0,0,4,0,,67,5,2006,1,40.0595,-75.0444,712.0,6,0,0,0,0,0,1,0,0,1.0,0,0,0,7,1,0,5,,1.0,40 03:33.742,4.0,0,75 02:40.195,0,0,0,0,67301,0,0,0,N,0,0,0,3,67301,0,,1,1,,N,N,,0,,0,0,1,3,2,N,710,0,2,0,0,0,0,0,3,4,0,2,3,,N,,,,,,,,,,,
2006021601,2324.0,1,0,0,0,0,0,0,0,0,7,0,,67,1,2006,5,39.9669,-75.188,2322.0,6,0,0,0,0,0,0,0,0,,0,0,0,99,3,0,7,,0.0,39 57:56.000,,2,75 11:11.049,0,0,0,0,67301,0,0,0,,0,0,0,1,67301,0,,2,1,,N,N,,0,,0,0,0,0,0,,9999,0,1,0,0,0,0,0,3,4,0,1,3,,N,,,,,,,,,,,
2006021626,2339.0,1,0,0,0,0,0,0,0,0,4,0,,67,1,2006,4,40.0326,-75.0192,2330.0,6,0,0,0,0,0,2,0,0,,0,0,0,23,3,1,0,,0.0,40 01:57.324,,0,75 01:09.292,8,0,0,0,67301,0,0,0,N,0,0,0,3,67301,0,,1,9,,N,N,,0,,0,0,1,3,2,,2330,1,2,0,0,0,1,0,3,4,0,2,7,,N,,,,,,,,,,,
2006103539,1810.0,0,0,0,0,0,0,0,0,0,8,0,,67,9,2006,6,39.9194,-75.1542,1807.0,6,0,0,0,1,0,0,0,0,,0,0,0,18,1,1,0,,0.0,39 55:09.786,,0,75 09:15.285,4,0,0,0,67301,1,0,0,N,1,0,0,2,67301,1,,1,1,,N,N,,0,,0,0,1,0,0,,1805,1,2,0,0,1,0,0,3,4,0,1,3,,N,,,,,,,,,,,
2006125453,1522.0,1,0,0,0,0,0,0,0,0,4,0,,67,11,2006,5,40.0414,-75.1066,1521.0,6,0,0,0,0,0,0,0,0,,0,0,0,15,1,1,0,,0.0,40 02:28.961,,0,75 06:23.884,8,0,0,0,67301,0,0,0,N,0,0,0,2,67301,0,,1,1,,N,N,,0,,0,0,0,0,0,,1500,1,2,0,0,0,1,0,3,4,1,2,3,,N,,,,,,,,,,,
2006125468,1235.0,1,0,0,0,0,0,0,0,0,8,0,,67,11,2006,5,39.9614,-75.199,1233.0,6,0,0,0,0,0,0,0,0,,0,0,0,12,1,1,1,,0.0,39 57:41.020,,0,75 11:56.512,3,0,0,0,67301,1,0,0,N,1,0,0,1,67301,0,,1,1,,N,N,,0,,1,0,0,0,0,,1233,1,2,0,0,0,0,0,3,4,0,1,3,,N,,,,,,,,,,,
2006125308,1855.0,2,0,0,0,0,0,0,0,0,1,0,,67,10,2006,1,,,1850.0,6,0,0,0,0,1,1,0,0,,0,0,0,18,3,3,0,,0.0,,,0,,3,0,0,0,67301,0,0,0,N,0,0,0,7,67301,0,,1,1,,N,N,,0,,3,0,1,0,0,,1850,3,3,0,0,0,0,0,3,3,0,3,3,,N,,,,,,,,,,,
2006125350,1651.0,2,0,0,0,0,0,0,0,0,1,0,,67,10,2006,5,40.0445,-75.1194,1650.0,6,0,0,0,0,0,0,0,0,,0,0,0,16,1,1,1,,0.0,40 02:40.000,,0,75 07:09.950,8,0,0,0,67301,0,0,0,N,0,0,0,2,67301,0,,1,1,,N,N,,0,,0,0,0,3,2,,1650,1,2,0,0,0,1,0,3,4,0,2,3,,N,,,,,,,,,,,
2006125366,1210.0,1,0,0,0,0,0,0,0,0,7,0,,67,10,2006,2,,,1150.0,6,0,0,0,0,0,0,0,0,2.0,0,0,0,11,1,2,0,,1.0,,1.0,2,,4,0,0,0,67301,0,0,0,N,0,0,0,5,67301,2,,2,1,,N,N,,0,,0,0,0,0,0,N,1145,2,1,0,0,3,0,0,3,3,0,1,3,,N,,,,,,,,,,,
2006082619,1325.0,2,0,0,0,0,0,0,0,0,4,0,,67,6,2006,5,,,1314.0,6,0,0,0,1,0,0,0,0,2.0,0,0,0,13,1,0,1,,1.0,,2.0,0,,9,0,0,0,67301,0,0,0,N,0,0,0,3,67301,0,,1,1,,N,N,,0,,0,0,0,0,0,N,1313,0,2,0,0,0,0,1,3,3,0,2,3,,N,,,,,,,,,,,
2006103501,1350.0,1,0,0,0,0,0,0,0,0,4,0,,67,9,2006,6,,,1345.0,6,0,0,0,0,0,0,0,0,,0,0,0,13,1,2,2,,0.0,,,0,,4,0,0,0,67301,0,0,0,N,0,0,0,3,67301,2,,1,1,,N,N,,0,,0,0,1,9,3,,1340,2,2,0,0,0,0,0,3,3,0,2,3,,N,,,,,,,,,,,
2006115662,1645.0,3,0,0,0,0,0,0,0,0,1,0,,67,9,2006,5,39.9388,-75.1984,1642.0,6,0,0,0,0,0,1,1,0,,0,0,0,16,1,2,1,,0.0,39 56:22.000,,0,75 11:53.449,4,0,0,0,67301,0,0,0,N,0,0,0,4,67301,2,,1,1,,N,N,,0,,0,0,0,3,2,,1640,2,3,0,0,0,0,1,3,4,0,3,3,,N,,,,,,,,,,,
2006115664,655.0,0,0,0,0,0,0,0,0,0,7,1,,67,10,2006,7,39.9596,-75.1763,640.0,6,0,0,0,0,0,1,0,0,3.0,0,1,0,6,5,0,6,,2.0,39 57:33.000,3.0,2,75 10:30.294,0,0,0,0,67301,0,0,0,Y,0,0,0,1,67301,0,,3,9,,N,N,,0,,0,0,0,0,0,Y,630,0,1,0,0,0,0,0,3,4,0,1,7,,N,,,,,,,,,,,
2006065630,600.0,1,0,0,0,0,0,0,0,0,7,0,,67,5,2006,7,40.0499,-75.2439,557.0,6,0,0,0,0,0,0,0,0,9.0,0,0,0,5,1,1,0,,2.0,40 02:59.517,3.0,0,75 14:38.126,4,0,0,0,67301,0,0,0,N,0,0,0,1,67301,1,,2,9,,N,N,,0,,0,0,0,0,0,Y,555,1,1,0,0,0,0,0,3,4,0,1,7,,N,,,,,,,,,,,
2006065743,1025.0,1,0,0,1,0,0,0,0,0,1,0,,67,5,2006,4,39.9554,-75.2,1022.0,6,0,0,0,0,0,1,0,0,,0,0,0,10,1,1,1,,0.0,39 57:19.000,,0,75 11:59.844,8,0,0,0,67301,1,0,0,N,0,0,0,2,67301,0,,1,1,,N,N,,0,,0,0,0,3,2,,1020,1,2,0,0,1,1,0,3,4,0,1,3,,N,,,,,,,,,,,
2006115586,1110.0,0,0,0,0,0,0,0,0,0,7,1,,67,10,2006,7,39.9778,-75.1109,1045.0,6,0,0,0,0,0,0,0,0,4.0,0,1,0,20,3,0,0,,2.0,39 58:40.000,1.0,1,75 06:39.568,0,0,0,0,67301,0,0,0,N,0,0,0,1,67301,0,,4,1,,N,N,,0,,0,0,0,3,1,Y,2030,0,1,0,0,0,0,0,3,4,0,1,3,,N,,,,,,,,,,,
2006065999,950.0,2,0,0,0,0,0,0,0,0,4,0,,67,5,2006,3,40.0328,-75.0263,950.0,6,0,0,0,0,0,0,0,0,,0,0,0,9,1,2,2,,0.0,40 01:58.234,,0,75 01:34.571,4,0,0,0,67301,0,0,0,N,0,0,0,3,67301,2,,1,1,,N,N,,0,,0,0,0,9,3,,945,2,2,0,0,0,0,1,3,4,0,2,3,,N,,,,,,,,,,,
2006112791,1605.0,2,0,0,0,0,0,0,0,0,4,0,,67,9,2006,5,40.1141,-74.9877,1550.0,6,0,1,0,0,0,1,0,0,,0,0,0,15,1,1,1,,0.0,40 06:50.000,,0,74 59:15.144,8,0,0,0,67301,0,0,0,,0,0,0,2,67301,0,,1,1,,,,,0,,0,0,0,3,2,,1520,1,2,0,0,0,1,1,3,4,0,2,3,,N,,,,,,,,,,,
2006112803,1745.0,2,0,0,0,0,0,0,0,0,4,0,,67,10,2006,6,39.9789,-75.2322,1738.0,6,0,0,0,0,0,0,0,0,,0,0,0,17,1,1,1,,0.0,39 58:44.180,,0,75 13:56.038,4,0,0,0,67301,0,0,0,N,0,0,0,2,67301,1,,1,1,,N,N,,0,,0,0,0,3,3,,1730,1,2,0,0,0,0,1,3,4,0,2,3,,N,,,,,,,,,,,
2006112839,1900.0,2,0,0,0,0,0,0,0,0,4,0,,67,10,2006,2,40.1034,-74.983,1841.0,6,0,0,0,0,0,0,0,0,,0,0,0,18,2,1,0,,0.0,40 06:12.164,,7,74 58:58.825,4,0,0,0,67301,0,0,0,N,0,0,0,2,67301,1,,1,1,,N,N,,0,,0,0,0,0,0,,1830,1,2,0,0,0,0,0,3,4,0,2,3,,N,,,,,,,,,,,
2006125423,1708.0,2,0,0,0,0,0,0,0,0,4,0,,67,10,2006,3,40.0428,-75.0631,1707.0,6,0,0,0,0,0,1,0,0,,0,0,0,17,1,1,1,,0.0,40 02:34.000,,0,75 03:47.292,8,0,0,0,67301,0,0,0,N,0,0,0,5,67301,0,,1,1,,N,N,,0,,0,0,1,3,2,,1707,1,3,0,0,0,1,0,3,4,0,3,3,,N,,,,,,,,,,,
2006124392,3.0,3,0,0,0,0,0,0,0,0,1,0,,67,10,2006,7,40.0333,-75.0767,2338.0,6,0,0,1,0,0,0,0,0,,0,0,0,23,3,1,1,,0.0,40 01:59.000,,0,75 04:36.274,4,0,0,0,67301,0,0,0,N,0,0,0,3,67301,1,,1,9,,N,N,,0,,0,0,0,9,2,,2338,1,3,0,0,0,0,0,3,4,0,3,7,,N,,,,,,,,,,,
2006112583,2150.0,2,0,0,0,0,0,0,0,0,6,0,,67,11,2006,7,39.9855,-75.2585,9999.0,6,0,0,0,0,0,0,0,0,,0,0,0,21,3,0,1,,0.0,39 59:07.000,,0,75 15:30.518,0,0,0,0,67301,0,0,0,N,0,0,0,2,46104,0,,1,1,,N,N,,0,,0,0,0,3,2,,2140,0,2,0,0,0,0,0,3,4,0,2,3,,N,,,,,,,,,,,
2006105091,1640.0,1,0,0,0,0,0,0,0,0,4,0,,67,9,2006,6,40.1189,-75.0181,1632.0,6,0,0,0,0,0,1,0,0,,0,0,0,16,1,2,1,,0.0,40 07:07.000,,0,75 01:05.184,8,0,0,0,67301,0,0,0,,0,0,0,4,67301,0,,1,9,,,,,2,,0,0,0,3,2,,1625,2,3,0,0,0,2,0,3,4,0,3,7,,N,,,,,,,,,,,
2006105159,1752.0,2,0,0,0,0,0,0,0,0,5,0,,67,8,2006,2,,,1735.0,6,0,0,0,0,0,1,0,0,1.0,0,0,0,17,1,1,1,,1.0,,2.0,0,,4,0,0,0,67301,0,0,0,N,0,0,0,3,67301,1,,4,1,,N,N,,0,,0,0,0,3,2,N,1732,1,2,0,0,0,0,0,3,3,0,2,3,,N,,,,,,,,,,,
2006126838,1530.0,2,0,0,0,0,0,0,0,0,1,0,,67,11,2006,6,40.0076,-75.2012,1525.0,6,0,0,0,1,0,0,0,0,1.0,0,0,0,15,1,2,0,,1.0,40 00:27.000,3.0,0,75 12:05.589,4,0,0,0,67301,0,0,0,N,0,0,0,6,67301,2,,1,1,,N,N,,0,,0,0,0,0,0,N,1523,2,2,0,0,0,0,0,3,4,0,2,3,,N,,,,,,,,,,,
2006116229,1805.0,0,0,0,0,0,0,1,0,0,4,1,,67,9,2006,5,40.0369,-75.0798,1805.0,6,0,0,1,0,0,0,0,0,2.0,0,0,0,18,1,1,1,,1.0,40 02:12.000,1.0,0,75 04:47.218,8,0,0,1,67301,0,0,0,N,0,0,0,2,67301,0,,1,1,,N,N,,0,,0,0,0,3,2,N,1805,1,2,0,0,0,1,0,3,4,0,2,3,,N,,,,,,,,,,,
2006123786,2140.0,2,0,0,0,0,0,0,0,0,6,0,,67,10,2006,7,40.0374,-75.1909,2133.0,6,0,0,0,0,0,1,0,0,,0,0,0,21,3,1,1,,0.0,40 02:14.460,,0,75 11:27.412,8,0,0,0,67301,0,0,0,N,0,0,0,5,67301,0,,1,1,,N,N,,0,,0,0,0,3,2,,2131,1,2,0,0,0,1,0,3,4,0,2,3,,N,,,,,,,,,,,
2006054571,650.0,1,0,0,0,0,0,0,0,0,8,0,,67,5,2006,5,,,650.0,6,0,0,0,0,0,0,0,0,,0,0,0,6,1,1,1,,0.0,,,0,,8,0,0,0,67301,1,0,0,N,1,0,0,2,67301,0,,1,1,,N,N,,0,,0,0,0,9,3,,620,1,2,0,0,0,1,0,3,3,0,1,3,,N,,,,,,,,,,,
2006054575,1650.0,3,0,0,0,0,0,0,0,0,1,0,,67,3,2006,7,,,1647.0,6,0,0,0,0,0,0,0,0,2.0,0,0,0,15,1,3,1,,2.0,,5.0,0,,3,0,0,0,67301,0,0,0,,0,0,0,4,67301,0,,1,9,,,,,0,,1,0,0,0,0,Y,1545,3,3,0,0,0,2,1,3,3,0,3,7,5.0,N,,,,,,,,,,,
2006080952,633.0,1,0,0,0,0,0,0,0,0,1,0,,67,6,2006,4,40.0572,-75.0012,630.0,6,0,0,0,0,0,0,0,0,,0,0,0,6,1,0,1,,0.0,40 03:25.000,,0,75 00:03.884,9,0,0,0,67301,0,0,0,,0,0,0,2,67301,0,,1,1,,N,N,,0,,0,0,1,3,2,,620,0,2,0,0,0,0,1,3,4,0,2,3,,N,,,,,,,,,,,
2006103663,135.0,2,0,0,0,0,0,0,0,0,1,0,,67,9,2006,7,39.9607,-75.243,124.0,6,0,0,0,0,0,0,0,0,,0,1,0,2,3,1,0,,0.0,39 57:38.000,,0,75 14:34.692,2,0,0,0,67301,0,0,0,N,0,0,0,1,67301,0,,6,9,,N,N,,0,,0,1,0,3,2,,210,1,3,0,0,0,0,0,3,4,0,3,7,,N,,,,,,,,,,,
2006096580,330.0,1,0,0,0,0,0,0,0,0,2,0,,67,8,2006,5,40.0691,-75.0071,330.0,6,0,0,0,0,0,1,0,0,,0,0,0,3,2,1,0,,0.0,40 04:08.760,,0,75 00:25.560,4,0,0,0,67301,0,0,0,N,0,0,0,1,67301,1,,6,1,,N,N,,0,,0,0,1,2,2,,330,1,2,0,0,1,0,0,3,4,0,2,3,,N,,,,,,,,,,,
2006096592,2301.0,0,0,0,0,0,0,0,0,0,4,0,,67,8,2006,7,,,2301.0,6,0,0,0,0,0,0,0,0,1.0,0,0,0,22,3,1,1,,1.0,,3.0,0,,3,0,0,0,67301,0,0,0,N,0,0,0,2,67301,0,,1,1,,N,N,,0,,1,0,1,3,3,N,2245,1,2,0,0,0,0,0,3,3,1,2,3,,N,,,,,,,,,,,
2006096645,2241.0,1,0,0,1,0,0,0,0,0,1,0,,67,7,2006,1,40.0538,-75.1577,2239.0,6,0,0,0,0,0,0,0,0,,0,0,0,22,3,1,0,,0.0,40 03:13.647,,0,75 09:27.626,8,0,0,0,67301,1,0,0,N,0,0,0,3,67301,0,,1,1,,N,N,,0,,0,0,0,0,0,,2223,1,2,0,0,0,1,0,3,4,0,1,3,,N,,,,,,,,,,,
2006096432,1312.0,1,0,0,0,0,0,0,0,0,7,0,,67,7,2006,7,40.0071,-75.094,1307.0,6,0,0,1,0,0,0,0,0,,0,0,0,13,1,1,1,,0.0,40 00:25.549,,1,75 05:38.543,4,0,0,0,67301,0,0,0,N,0,0,0,1,67301,1,,5,1,,N,N,,0,,0,0,0,9,1,,1307,1,1,0,0,0,0,0,3,4,0,1,3,,N,,,,,,,,,,,
2006106565,1624.0,1,0,0,0,0,0,0,0,0,2,0,,67,8,2006,6,39.9447,-75.2305,1624.0,6,0,0,0,0,0,0,0,0,,0,0,0,16,1,2,2,,0.0,39 56:40.000,,0,75 13:49.476,4,0,0,0,67301,0,0,0,N,0,0,0,4,67301,1,,1,1,,N,N,,0,,0,0,1,0,0,,1624,2,2,0,0,0,1,0,3,4,0,2,3,,N,,,,,,,,,,,
2006106569,9999.0,1,0,0,0,0,0,0,0,0,8,0,,67,8,2006,3,39.9952,-75.1158,9999.0,6,0,0,0,0,0,0,1,0,,0,0,0,99,1,1,1,,0.0,39 59:42.637,,0,75 06:56.944,4,0,0,0,67301,1,0,0,N,1,0,0,2,67301,1,,1,1,,N,N,,0,,0,0,0,3,2,,9999,1,2,0,0,0,0,0,3,4,0,1,3,,N,,,,,,,,,,,
2006104255,1225.0,1,0,0,0,0,0,0,0,0,1,0,,67,9,2006,6,40.1017,-75.0065,1219.0,6,0,0,0,0,0,0,0,0,2.0,0,0,0,12,1,3,0,,1.0,40 06:06.000,2.0,0,75 00:23.216,3,0,0,0,67301,0,0,0,N,0,0,0,4,67301,0,,1,9,,N,N,,0,,3,0,1,3,2,N,1215,3,2,0,0,0,0,0,3,4,0,2,7,,N,,,,,,,,,,,
2006104302,218.0,1,0,0,0,0,0,0,0,0,7,0,,67,9,2006,5,,,218.0,6,0,0,0,0,0,0,0,0,,0,0,0,2,3,1,0,,0.0,,,0,,4,0,0,0,67301,0,0,0,N,0,0,0,1,67301,1,,3,1,,N,N,,0,,0,0,0,0,0,,218,1,1,0,0,0,0,0,3,3,0,1,3,,N,,,,,,,,,,,
2006125768,1900.0,0,0,0,0,0,0,0,0,0,8,0,,67,7,2006,7,40.0057,-75.099,1900.0,6,0,0,0,0,0,0,0,0,,0,0,0,19,4,1,1,,0.0,40 00:20.000,,0,75 05:56.408,8,0,0,0,67301,1,0,0,N,1,0,0,2,67301,0,,1,98,,N,N,,0,,0,0,0,0,0,,1900,1,2,0,0,0,1,0,3,4,0,1,99,,N,,,,,,,,,,,
2006125774,9999.0,1,0,0,0,0,0,0,0,0,0,0,,67,11,2006,2,39.9177,-75.2466,2352.0,6,0,0,0,0,0,0,0,0,9.0,0,0,0,22,3,2,0,,1.0,39 55:03.000,2.0,0,75 14:47.944,4,0,0,0,67301,0,0,0,,0,0,0,2,67301,2,,4,9,,N,N,,0,,0,0,0,0,0,N,2255,2,1,0,0,0,0,0,3,4,0,1,99,,N,,,,,,,,,,,
2006106267,1138.0,1,0,0,0,0,0,0,0,0,4,0,,67,8,2006,4,40.0358,-75.1747,1130.0,6,0,0,0,0,0,0,0,0,,0,1,0,11,1,1,1,,0.0,40 02:08.000,,0,75 10:29.359,8,0,0,0,67301,0,0,0,,0,0,0,2,67301,0,,1,1,,,,,0,,0,0,0,0,0,,1125,1,2,0,0,0,1,0,3,4,0,2,3,,N,,,,,,,,,,,
2006101719,2146.0,1,0,0,0,0,0,0,0,0,5,0,,67,9,2006,7,40.0348,-75.019,2145.0,6,0,0,0,0,0,0,0,0,2.0,1,0,0,21,3,0,0,,1.0,40 02:05.000,2.0,0,75 01:06.923,1,1,0,1,67301,0,0,0,N,0,0,0,4,67301,0,1.0,1,1,,N,N,,0,0.0,0,0,0,0,0,N,2144,0,2,0,0,0,0,0,3,4,0,2,3,,N,,,,,,,,,,,
2006080548,525.0,1,0,0,1,0,0,0,0,0,2,0,,67,6,2006,6,,,520.0,6,0,0,0,0,0,0,0,0,,0,0,0,17,1,1,2,,0.0,,,0,,3,0,0,0,67301,1,0,0,,0,0,0,2,67301,0,,1,1,,N,N,,0,,1,0,0,0,0,,1715,1,2,0,0,0,0,0,3,3,0,1,3,,N,,,,,,,,,,,
2006080571,1853.0,1,0,0,0,0,0,0,0,0,8,0,,67,7,2006,5,40.0318,-75.09,1850.0,6,0,0,0,0,0,0,0,0,,0,0,0,18,1,1,2,,0.0,40 01:54.339,,0,75 05:24.014,8,0,0,0,67301,1,0,0,,1,0,0,2,67301,0,,1,1,,,,,0,,0,0,0,0,0,,1848,1,2,0,0,0,1,0,3,4,0,1,3,,N,,,,,,,,,,,
2006083103,2110.0,1,0,0,0,0,0,0,0,0,8,0,,67,7,2006,6,39.9604,-75.2411,2106.0,6,0,0,0,0,0,0,0,0,,0,0,0,21,1,1,1,,0.0,39 57:37.000,,0,75 14:27.938,3,0,0,0,67301,1,0,0,N,1,0,0,2,67301,0,,1,1,,N,N,,0,,1,0,0,3,2,,2106,1,2,0,0,0,0,0,3,4,0,1,3,,N,,,,,,,,,,,
2006021614,2000.0,1,0,0,0,0,0,0,0,0,8,0,,67,1,2006,4,,,1910.0,6,0,0,0,0,0,0,1,0,,0,0,0,19,3,1,2,,0.0,,,0,,4,0,0,0,67301,1,0,0,N,1,0,0,2,67301,1,,1,1,,N,N,,0,,0,0,0,0,0,,1900,1,2,0,0,0,0,0,3,3,0,1,7,,N,,,,,,,,,,,
2006103111,945.0,1,0,0,0,0,0,0,0,0,4,0,,67,8,2006,7,,,937.0,6,0,0,0,0,0,0,0,0,,0,0,0,9,1,3,1,,0.0,,,0,,2,0,0,0,67301,0,0,0,,0,0,0,4,67301,0,,1,1,,,N,,0,,2,1,0,2,2,,935,3,2,0,0,0,0,0,3,3,1,2,3,,N,,,,,,,,,,,
2006096853,40.0,3,0,0,0,0,0,0,0,0,1,0,,67,7,2006,7,39.9613,-75.1825,39.0,6,0,0,0,0,0,1,0,0,,0,0,0,0,3,0,3,,0.0,39 57:41.000,,2,75 10:57.282,0,0,0,0,67301,0,0,0,,0,0,0,6,67301,0,,1,9,,,,,0,,0,0,1,0,0,,39,0,4,0,0,0,0,0,3,4,0,4,7,,N,,,,,,,,,,,
2006125487,1235.0,1,0,0,0,0,0,0,0,0,8,0,,67,11,2006,5,40.0215,-75.0518,1225.0,6,0,0,0,0,0,0,0,0,9.0,0,0,0,12,1,1,1,,2.0,40 01:17.000,6.0,0,75 03:06.321,8,0,0,0,67301,1,0,0,,1,0,0,2,67301,0,,1,1,,,,,0,,0,0,0,3,2,Y,1221,1,2,0,0,0,1,1,3,4,0,1,3,,N,,,,,,,,,,,
2006095456,1608.0,2,0,0,0,0,0,0,0,0,2,0,,67,7,2006,6,40.0184,-75.1861,1600.0,6,0,0,0,0,0,0,0,1,,0,0,0,15,1,0,2,,0.0,40 01:06.600,,0,75 11:10.320,0,0,0,0,67301,0,0,0,N,0,0,0,2,67301,0,,1,1,,N,N,,0,,0,0,0,3,3,,1548,0,2,0,0,0,0,0,3,4,0,2,3,,N,,,,,,,,,,,
2006082563,1503.0,3,0,0,0,0,0,0,0,0,4,0,,67,6,2006,2,39.9656,-75.2262,1503.0,6,0,0,0,1,0,0,0,0,,0,0,0,15,1,3,1,,0.0,39 57:56.000,,0,75 13:34.453,3,0,0,0,67301,0,0,0,N,0,0,0,4,67301,1,,1,1,,N,N,,0,,1,0,0,3,2,,1500,3,3,0,0,0,1,1,3,4,0,3,3,,N,,,,,,,,,,,
2006103455,1120.0,1,0,0,0,0,0,0,0,0,1,0,,67,9,2006,4,,,1116.0,6,0,0,0,0,0,0,0,0,,0,0,0,16,1,0,0,,0.0,,,0,,9,0,0,0,67301,0,0,0,,0,0,0,1,67301,0,,6,9,,,,,0,,0,0,0,0,0,,1630,0,2,0,0,0,0,1,3,3,0,2,3,,N,,,,,,,,,,,
2006103459,821.0,4,0,0,0,0,0,0,0,0,1,0,,67,9,2006,5,40.0017,-75.1533,821.0,6,0,0,0,0,0,1,0,0,,0,0,0,8,1,0,0,,0.0,40 00:06.000,,0,75 09:12.478,9,0,0,0,67301,0,0,0,N,0,0,0,9,67301,0,,1,9,,N,,,0,,0,0,0,3,2,,821,0,4,0,0,0,0,9,3,4,0,4,7,,N,,,,,,,,,,,
2006080282,1025.0,2,0,0,0,0,0,0,0,0,1,0,,67,6,2006,1,40.0253,-75.1278,1025.0,6,0,0,0,0,0,0,0,0,,0,0,0,10,1,0,1,,0.0,40 01:30.000,,0,75 07:41.221,9,0,0,0,67301,0,0,0,N,0,0,0,3,67301,0,,1,1,,N,N,,0,,0,0,0,0,0,,1015,0,2,0,0,0,0,1,3,4,0,2,3,,N,,,,,,,,,,,
2006096152,2151.0,0,0,0,0,0,0,0,0,0,1,0,,67,7,2006,5,40.0078,-75.1035,2150.0,6,0,0,0,0,0,0,0,0,,0,0,0,21,3,2,1,,0.0,40 00:28.101,,0,75 06:12.751,4,0,0,0,67301,0,0,0,N,0,0,0,3,67301,2,,1,1,,N,N,,0,,0,0,0,9,2,,2150,2,2,0,0,0,0,0,3,4,2,2,3,,N,,,,,,,,,,,
2006125274,9999.0,1,0,0,0,0,0,0,0,0,8,0,,67,10,2006,6,40.0092,-75.1508,1825.0,6,0,0,0,0,0,0,0,0,,0,0,0,18,2,1,0,,0.0,40 00:33.133,,0,75 09:02.943,2,0,0,0,67301,1,0,1,N,1,0,1,3,67301,0,,1,1,,N,N,,0,,0,1,0,0,0,,1815,1,2,0,0,0,0,0,3,4,0,1,3,,N,,,,,,,,,,,
2006065617,1515.0,0,0,0,0,0,0,0,0,0,8,0,,67,5,2006,3,39.9361,-75.2253,1510.0,6,0,0,0,0,0,0,0,0,,0,0,0,15,1,1,0,,0.0,39 56:09.000,,0,75 13:31.027,3,0,0,0,67301,1,0,0,N,1,0,0,2,67301,0,,1,1,,N,N,,0,,1,0,1,0,0,,1500,1,2,0,0,0,0,0,3,4,0,1,3,,N,,,,,,,,,,,
2006065622,1207.0,1,0,0,0,0,0,0,0,0,8,0,,67,5,2006,6,39.9402,-75.2164,1203.0,6,0,0,0,0,0,0,0,0,,0,0,0,12,1,1,1,,0.0,39 56:24.543,,0,75 12:58.939,8,0,0,0,67301,1,0,0,N,1,0,0,2,67301,0,,1,1,,N,Y,,0,,0,0,0,3,2,,1200,1,2,0,0,1,1,0,3,4,0,1,3,,N,,,,,,,,,,,