CRN,ARRIVAL_TM,AUTOMOBILE_COUNT,BELTED_DEATH_COUNT,BELTED_SUSP_SERIOUS_INJ_COUNT,BICYCLE_COUNT,BICYCLE_DEATH_COUNT,BICYCLE_SUSP_SERIOUS_INJ_COUNT,BUS_COUNT,CHLDPAS_DEATH_COUNT,CHLDPAS_SUSP_SERIOUS_INJ_COUNT,COLLISION_TYPE,COMM_VEH_COUNT,CONS_ZONE_SPD_LIM,COUNTY,CRASH_MONTH,CRASH_YEAR,DAY_OF_WEEK,DEC_LAT,DEC_LONG,DISPATCH_TM,DISTRICT,DRIVER_COUNT_16YR,DRIVER_COUNT_17YR,DRIVER_COUNT_18YR,DRIVER_COUNT_19YR,DRIVER_COUNT_20YR,DRIVER_COUNT_50_64YR,DRIVER_COUNT_65_74YR,DRIVER_COUNT_75PLUS,EST_HRS_CLOSED,FATAL_COUNT,HEAVY_TRUCK_COUNT,HORSE_BUGGY_COUNT,HOUR_OF_DAY,ILLUMINATION,INJURY_COUNT,INTERSECT_TYPE,INTERSECTION_RELATED,LANE_CLOSED,LATITUDE,LN_CLOSE_DIR,LOCATION_TYPE,LONGITUDE,MAX_SEVERITY_LEVEL,MCYCLE_DEATH_COUNT,MCYCLE_SUSP_SERIOUS_INJ_COUNT,MOTORCYCLE_COUNT,MUNICIPALITY,NONMOTR_COUNT,NONMOTR_DEATH_COUNT,NONMOTR_SUSP_SERIOUS_INJ_COUNT,NTFY_HIWY_MAINT,PED_COUNT,PED_DEATH_COUNT,PED_SUSP_SERIOUS_INJ_COUNT,PERSON_COUNT,POLICE_AGCY,POSSIBLE_INJ_COUNT,RDWY_SURF_TYPE_CD,RELATION_TO_ROAD,ROAD_CONDITION,ROADWAY_CLEARED,SCH_BUS_IND,SCH_ZONE_IND,SECONDARY_CRASH,SMALL_TRUCK_COUNT,SPEC_JURIS_CD,SUSP_MINOR_INJ_COUNT,SUSP_SERIOUS_INJ_COUNT,SUV_COUNT,TCD_FUNC_CD,TCD_TYPE,TFC_DETOUR_IND,TIME_OF_DAY,TOT_INJ_COUNT,TOTAL_UNITS,UNB_DEATH_COUNT,UNB_SUSP_SERIOUS_INJ_COUNT,UNBELTED_OCC_COUNT,UNK_INJ_DEG_COUNT,UNK_INJ_PER_COUNT,URBAN_AREA,URBAN_RURAL,VAN_COUNT,VEHICLE_COUNT,WEATHER1,WEATHER2,WORK_ZONE_IND,WORK_ZONE_LOC,WORK_ZONE_TYPE,WORKERS_PRES,WZ_CLOSE_DETOUR,WZ_FLAGGER,WZ_LAW_OFFCR_IND,WZ_LN_CLOSURE,WZ_MOVING,WZ_OTHER,WZ_SHLDER_MDN,WZ_WORKERS_INJ_KILLED
2006065651,1035.0,2,0,0,0,0,0,0,0,0,4,0,,67,5,2006,7,,,1027.0,6,0,0,0,0,0,1,0,1,,0,0,0,10,1,0,1,,0.0,,,0,,0,0,0,0,67301,0,0,0,N,0,0,0,2,67301,0,,1,1,,N,N,,0,,0,0,0,3,2,,1003,0,2,0,0,0,0,0,3,3,0,2,3,,N,,,,,,,,,,,
2006113063,253.0,1,0,0,0,0,0,0,0,0,1,0,,67,9,2006,6,40.0293,-75.2108,250.0,6,0,0,0,0,1,0,0,0,,0,0,0,2,3,0,0,,0.0,40 01:45.480,,0,75 12:38.880,0,0,0,0,67301,0,0,0,N,0,0,0,1,67301,0,,4,1,,N,N,,1,,0,0,0,0,0,,248,0,2,0,0,0,0,0,3,4,0,2,3,,N,,,,,,,,,,,
2006115584,1310.0,0,0,0,0,0,0,1,0,0,4,1,,67,10,2006,3,39.9244,-75.1743,1300.0,6,0,0,0,0,0,0,1,0,,0,0,0,99,1,1,1,,0.0,39 55:28.000,,0,75 10:27.338,8,0,0,0,67301,0,0,0,N,0,0,0,7,67301,0,,1,9,,N,N,,0,,0,0,1,3,2,,9999,1,2,0,0,0,1,0,3,4,0,2,7,,N,,,,,,,,,,,
2006112856,1459.0,1,0,0,0,0,0,0,0,0,8,0,,67,9,2006,6,40.0388,-75.2233,1457.0,6,0,0,0,0,0,0,0,0,,0,0,0,14,1,1,1,,0.0,40 02:19.000,,0,75 13:23.885,3,0,0,0,67301,1,0,0,N,1,0,0,3,67301,0,,1,1,,N,N,,0,,1,0,0,0,0,,1455,1,2,0,0,0,0,0,3,4,0,1,3,,N,,,,,,,,,,,
2006112859,820.0,1,0,0,0,0,0,0,0,0,5,0,,67,9,2006,5,40.0131,-75.107,810.0,6,0,0,0,0,0,0,0,0,1.0,0,0,0,7,1,0,1,,2.0,40 00:47.005,3.0,0,75 06:25.232,0,0,0,0,67301,1,0,0,N,0,0,0,2,67301,0,,1,1,,N,N,,0,,0,0,1,0,0,N,755,0,2,0,0,0,0,0,3,4,0,2,3,,N,,,,,,,,,,,
2006112872,1250.0,1,0,0,0,0,0,0,0,0,1,0,,67,10,2006,6,40.0323,-75.0577,1242.0,6,0,0,0,0,0,0,0,1,,0,0,0,12,1,0,1,,0.0,40 01:56.132,,0,75 03:27.626,0,0,0,0,67301,0,0,0,N,0,0,0,2,67301,0,,1,1,,N,N,,0,,0,0,1,3,2,,1242,0,2,0,0,0,0,0,3,4,0,2,3,,N,,,,,,,,,,,
2006102183,7.0,0,0,0,0,0,0,0,0,0,8,0,,67,9,2006,7,,,2359.0,6,0,0,0,0,0,0,0,0,,0,0,0,23,3,1,0,,0.0,,,0,,4,0,0,0,67301,1,0,0,N,1,0,0,2,67301,1,,1,1,,N,N,,0,,0,0,0,0,0,,2355,1,2,0,0,0,0,0,3,3,0,1,3,,N,,,,,,,,,,,
2006114699,2107.0,0,0,0,0,0,0,0,0,0,1,0,,67,8,2006,4,39.9922,-75.0835,2100.0,6,0,0,0,0,0,1,0,0,,0,0,0,20,3,1,0,,0.0,39 59:32.000,,0,75 05:00.353,8,0,0,0,67301,0,0,0,N,0,0,0,1,67301,0,,6,1,,N,N,,0,,0,0,2,0,0,,2057,1,2,0,0,0,1,0,3,4,0,2,3,,N,,,,,,,,,,,
2006102621,2125.0,2,0,0,0,0,0,0,0,0,4,0,,67,9,2006,7,,,2120.0,6,0,0,0,0,0,0,0,0,,0,0,0,21,3,2,1,,0.0,,,0,,4,0,0,0,67301,0,0,0,N,0,0,0,3,67301,2,,1,1,,N,N,,0,,0,0,0,3,3,,2120,2,2,0,0,0,0,1,3,3,0,2,3,,N,,,,,,,,,,,
2006126832,1728.0,0,0,0,0,0,0,0,0,0,8,0,,67,9,2006,7,39.9812,-75.1418,1726.0,6,0,0,0,0,0,0,0,0,,0,0,0,17,1,1,0,,0.0,39 58:52.456,,0,75 08:30.476,3,0,0,0,67301,1,0,0,N,1,0,0,2,67301,0,,5,1,,N,N,,0,,1,0,0,0,0,,1726,1,2,0,0,0,0,1,3,4,0,1,3,,N,,,,,,,,,,,
2006126835,705.0,1,0,0,0,0,0,0,0,0,1,0,,67,10,2006,6,,,655.0,6,0,0,0,0,0,0,1,0,1.0,0,0,0,6,1,1,0,,1.0,,3.0,3,,8,0,0,0,67301,0,0,0,N,0,0,0,2,67301,0,,1,9,,N,N,,0,,0,0,1,0,0,N,655,1,2,0,0,0,1,0,3,3,0,2,7,,N,,,,,,,,,,,
2006123769,1535.0,2,0,0,0,0,0,0,0,0,4,0,,67,10,2006,7,39.9042,-75.2244,1533.0,6,0,0,1,0,0,0,0,0,,0,0,0,99,1,2,0,,0.0,39 54:15.000,,0,75 13:27.861,3,0,0,0,67301,0,0,0,N,0,0,0,4,67301,1,,1,1,,N,N,,0,,1,0,0,0,0,,9999,2,2,0,0,1,0,1,3,4,0,2,3,,N,,,,,,,,,,,
2006123774,320.0,2,0,0,0,0,0,0,0,0,2,0,,67,10,2006,7,39.933,-75.2379,315.0,6,0,0,0,0,0,0,0,0,,0,0,0,1,3,0,0,,0.0,39 55:59.000,,0,75 14:16.880,0,0,0,0,67301,0,0,0,N,0,0,0,4,67301,0,,1,9,,N,N,,0,,0,0,0,0,0,,130,0,2,0,0,4,0,0,3,4,0,2,7,,N,,,,,,,,,,,
2006116249,1237.0,1,0,0,0,0,0,0,0,0,8,0,,67,9,2006,3,39.9539,-75.1767,1235.0,6,0,0,0,0,0,0,0,0,,0,0,0,12,1,1,0,,0.0,39 57:14.012,,0,75 10:36.095,4,0,0,0,67301,1,0,0,,1,0,0,2,67301,1,,1,1,,,,,0,,0,0,0,3,2,,1235,1,2,0,0,0,0,0,3,4,0,1,3,,N,,,,,,,,,,,
2006129061,1500.0,1,0,0,0,0,0,0,0,0,1,0,,67,8,2006,7,39.9585,-75.1675,1450.0,6,0,0,0,0,0,1,0,0,1.0,0,0,0,99,1,1,0,,1.0,39 57:30.000,3.0,0,75 10:01.801,8,0,0,0,67301,0,0,0,N,0,0,0,4,67301,0,,1,1,,N,N,,1,,0,0,0,0,0,N,9999,1,2,0,0,0,1,0,3,4,0,2,3,,N,,,,,,,,,,,
2006096540,1959.0,1,0,0,1,0,0,0,0,0,4,0,,67,7,2006,4,39.9135,-75.2397,1947.0,6,0,0,0,0,0,0,0,0,,0,0,0,19,1,1,1,,0.0,39 54:48.614,,0,75 14:22.927,4,0,0,0,67301,1,0,0,,0,0,0,3,67301,1,,1,1,,N,N,,0,,0,0,0,3,2,,1945,1,2,0,0,0,0,0,3,4,0,1,3,,N,,,,,,,,,,,
2006096585,1822.0,1,0,0,0,0,0,0,0,0,4,0,,67,7,2006,5,40.0146,-75.1568,1804.0,6,0,0,0,0,0,1,0,0,2.0,0,0,0,15,1,0,0,,1.0,40 00:52.000,4.0,7,75 09:24.658,0,0,0,0,67301,0,0,0,N,0,0,0,3,67301,0,,1,1,,N,N,,1,,0,0,0,0,0,N,1550,0,2,0,0,1,0,0,3,4,0,2,3,,N,,,,,,,,,,,
2006106564,1310.0,1,0,0,0,0,0,0,0,0,8,0,,67,7,2006,2,40.038,-75.1302,1310.0,6,0,0,0,0,0,0,0,0,,0,0,0,13,1,2,1,,0.0,40 02:16.728,,0,75 07:48.579,8,0,0,0,67301,2,0,0,N,2,0,0,3,67301,0,,1,1,,N,N,,0,,0,0,0,3,2,,1310,2,3,0,0,0,2,0,3,4,0,1,99,,N,,,,,,,,,,,
2006102025,1923.0,2,0,0,0,0,0,0,0,0,4,0,,67,9,2006,6,39.9413,-75.2084,1923.0,6,0,0,0,0,1,0,0,0,,0,0,0,19,4,0,1,,0.0,39 56:28.000,,0,75 12:34.833,0,0,0,0,67301,0,0,0,N,0,0,0,4,67301,0,,1,1,,N,N,,0,,0,0,0,3,2,,1923,0,2,0,0,0,0,0,3,4,0,2,3,,N,,,,,,,,,,,
2006101844,1945.0,1,0,0,0,0,0,0,0,0,4,0,,67,9,2006,5,39.9724,-75.1665,1938.0,6,0,0,0,0,0,0,0,0,,0,0,0,19,3,1,1,,0.0,39 58:20.000,,0,75 09:59.319,4,0,0,0,67301,0,0,0,N,0,0,0,2,67301,1,,9,9,,N,N,,0,,0,0,0,3,2,,1938,1,2,0,0,0,0,0,3,4,1,2,7,,N,,,,,,,,,,,
2006101893,1710.0,1,0,0,0,0,0,0,0,0,5,0,,67,9,2006,5,,,1702.0,6,0,0,0,0,0,1,0,0,,0,0,0,16,1,1,1,,0.0,,,0,,8,0,0,1,67301,0,0,0,N,0,0,0,2,67301,0,,1,1,,N,N,,0,,0,0,0,0,0,,1655,1,2,0,0,0,1,0,3,3,0,2,3,,N,,,,,,,,,,,
2006114010,1430.0,2,0,0,0,0,0,0,0,0,4,0,,67,10,2006,4,40.0631,-75.0516,1428.0,6,0,0,0,0,0,0,1,0,1.0,0,0,0,14,1,3,5,,1.0,40 03:47.000,1.0,0,75 03:05.717,3,0,0,0,67301,0,0,0,N,0,0,0,3,67301,0,,1,1,,N,N,,0,,3,0,0,3,2,Y,1415,3,2,0,0,0,0,0,3,4,0,2,3,,N,,,,,,,,,,,
2006103269,1806.0,1,0,0,0,0,0,0,0,0,1,0,,67,9,2006,2,40.0151,-75.0641,1802.0,6,0,0,0,0,0,0,0,0,,0,0,0,17,1,1,0,,0.0,40 00:54.466,,0,75 03:50.925,4,0,0,0,67301,0,0,0,N,0,0,0,3,67301,1,,1,1,,N,N,,1,,0,0,0,0,0,,1758,1,2,0,0,0,0,2,3,4,0,2,3,,N,,,,,,,,,,,
2006102825,1730.0,1,0,0,0,0,0,0,0,0,1,0,,67,9,2006,6,40.0335,-75.1458,1721.0,6,0,0,0,0,0,0,1,0,,0,0,0,17,1,1,0,,0.0,40 02:00.000,,0,75 08:45.221,4,0,0,0,67301,0,0,0,N,0,0,0,2,67301,1,,1,1,,N,N,,1,,0,0,0,0,0,,1715,1,2,0,0,0,0,1,3,4,0,2,3,,N,,,,,,,,,,,
2006102850,1230.0,1,0,0,0,0,0,0,0,0,4,0,,67,9,2006,2,40.0405,-75.0591,1229.0,6,0,0,0,0,0,1,0,0,,0,0,0,12,1,1,1,,0.0,40 02:25.000,,0,75 03:32.823,3,0,0,0,67301,0,0,0,,0,0,0,2,67301,0,,1,1,,N,N,,0,,1,0,0,3,2,,1228,1,2,0,0,1,0,0,3,4,0,2,3,,N,,,,,,,,,,,
2006080587,1855.0,4,0,0,0,0,0,0,0,0,1,0,,67,7,2006,3,40.0303,-75.0936,1850.0,6,0,0,0,0,0,0,0,0,,0,0,0,18,1,1,0,,0.0,40 01:49.152,,0,75 05:37.043,4,0,0,0,67301,0,0,0,N,0,0,0,1,67301,1,,2,1,,N,N,,0,,0,0,0,0,0,,1850,1,4,0,0,0,0,0,3,4,0,4,3,,N,,,,,,,,,,,
2006080809,2247.0,2,0,0,0,0,0,0,0,0,4,0,,67,6,2006,6,40.0,-75.1003,9999.0,6,0,0,0,0,0,1,0,0,,0,0,0,17,1,1,1,,0.0,40 00:00.000,,0,75 06:01.105,4,0,0,0,67301,0,0,0,N,0,0,0,2,67301,1,,1,1,,N,N,,0,,0,0,0,9,3,,1745,1,2,0,0,0,0,1,3,4,0,2,3,,N,,,,,,,,,,,
2006080823,9999.0,1,0,0,0,0,0,0,0,0,8,0,,67,7,2006,7,39.9492,-75.1631,148.0,6,0,0,0,0,0,0,0,0,,0,0,0,1,3,1,1,,0.0,39 56:56.760,,0,75 09:46.800,8,0,0,0,67301,1,0,0,N,1,0,0,2,67301,0,,1,1,,N,N,,0,,0,0,0,3,2,,145,1,2,0,0,0,1,0,3,4,0,1,3,,N,,,,,,,,,,,
2006080824,1134.0,1,0,0,0,0,0,0,0,0,4,0,,67,7,2006,3,39.9547,-75.1495,1133.0,6,0,0,0,0,0,0,0,0,1.0,0,0,0,11,1,2,1,,1.0,39 57:16.920,3.0,0,75 08:58.200,4,0,0,0,67301,0,0,0,N,0,0,0,8,67301,2,,1,1,,N,N,,0,,0,0,0,3,2,N,1130,2,2,0,0,0,0,0,3,4,1,2,3,,N,,,,,,,,,,,
2006083092,912.0,0,0,0,0,0,0,0,0,0,9,0,,67,6,2006,4,40.054,-75.0489,910.0,6,0,0,0,0,0,1,0,0,,0,0,0,9,1,1,1,,0.0,40 03:15.000,,0,75 02:58.334,4,0,0,0,67301,0,0,0,N,0,0,0,1,67301,1,,1,9,,N,N,,0,,0,0,0,3,2,,905,1,2,0,0,0,0,0,3,4,1,1,7,,N,,,,,,,,,,,
2006083001,2125.0,1,0,0,0,0,0,0,0,0,8,0,,67,7,2006,7,40.0436,-75.0933,2122.0,6,0,0,0,0,0,0,1,0,,0,0,0,21,3,1,2,,0.0,40 02:37.064,,0,75 05:35.917,4,0,0,0,67301,1,0,0,N,1,0,0,2,67301,1,,1,1,,N,N,,0,,0,0,0,0,0,,2117,1,2,0,0,1,0,0,3,4,0,1,3,,N,,,,,,,,,,,
2006021600,1805.0,1,0,0,0,0,0,0,0,0,8,0,,67,1,2006,2,,,1759.0,6,0,0,0,1,0,0,0,0,,0,0,0,17,3,1,2,,0.0,,,0,,3,0,0,0,67301,1,0,0,N,1,0,0,3,67301,0,,1,1,,N,N,,0,,1,0,0,9,3,,1750,1,2,0,0,0,0,0,3,3,0,1,3,,N,,,,,,,,,,,
2006103522,1145.0,1,0,0,0,0,0,0,0,0,8,0,,67,8,2006,3,39.9997,-75.1385,1139.0,6,0,0,0,0,1,0,0,0,,0,0,0,11,1,1,1,,0.0,39 59:58.000,,0,75 08:18.618,2,0,0,0,67301,1,0,1,N,1,0,1,2,67301,0,,1,1,,N,N,,0,,0,1,0,3,2,,1137,1,2,0,0,0,0,0,3,4,0,1,3,,N,,,,,,,,,,,
2006095452,1635.0,1,0,0,0,0,0,0,0,0,0,0,,67,7,2006,6,40.0808,-75.1699,1624.0,6,0,0,0,0,0,0,0,0,,0,0,0,14,1,1,2,,0.0,40 04:50.743,,0,75 10:11.767,2,0,0,0,67301,0,0,0,N,0,0,0,6,67301,0,,1,9,,N,N,,0,,0,1,0,0,0,,1424,1,2,0,0,0,0,0,3,4,1,2,7,,N,,,,,,,,,,,
2006095459,1325.0,2,0,0,0,0,0,0,0,0,5,0,,67,7,2006,5,,,1316.0,6,0,0,0,0,0,0,0,0,,0,0,0,13,1,1,1,,0.0,,,0,,8,0,0,0,67301,0,0,0,N,0,0,0,2,67301,0,,1,1,,N,N,,0,,0,0,0,0,0,,1310,1,2,0,0,0,1,0,3,3,0,2,3,,N,,,,,,,,,,,
2006080106,9999.0,3,0,0,0,0,0,0,0,0,1,0,,67,5,2006,7,40.0359,-75.1239,9999.0,6,0,0,0,0,0,1,0,0,2.0,0,0,0,99,3,2,0,,2.0,40 02:09.391,5.0,0,75 07:25.903,4,0,0,0,67301,0,0,0,N,0,0,0,2,67301,2,,2,1,,N,N,,0,,0,0,1,0,0,Y,9999,2,4,0,0,2,0,0,3,4,0,4,3,,N,,,,,,,,,,,
2006082581,508.0,3,0,0,0,0,0,0,0,0,4,0,,67,7,2006,2,40.0536,-75.0438,501.0,6,0,0,0,0,0,0,0,0,,0,0,0,5,1,1,0,,0.0,40 03:12.798,,0,75 02:37.518,4,0,0,0,67301,0,0,0,N,0,0,0,1,67301,1,,1,1,,N,N,,0,,0,0,0,0,0,,500,1,3,0,0,0,0,0,3,4,0,3,3,,N,,,,,,,,,,,
2006080188,1515.0,2,0,0,0,0,0,0,0,0,4,0,,67,6,2006,6,40.0253,-75.1238,1505.0,6,1,0,0,0,0,0,0,0,,0,0,0,14,1,1,1,,0.0,40 01:31.000,,0,75 07:24.811,4,0,0,0,67301,0,0,0,N,0,0,0,9,67301,1,,1,1,,N,N,,0,,0,0,0,3,2,,1400,1,2,0,0,4,0,0,3,4,0,2,3,,N,,,,,,,,,,,
2006080295,332.0,1,0,0,0,0,0,0,0,0,7,1,,67,7,2006,5,,,332.0,6,0,0,0,0,0,1,0,0,1.0,0,0,0,3,3,0,0,,1.0,,3.0,0,,0,0,0,0,67301,0,0,0,N,0,0,0,4,67301,0,,3,1,,N,N,,1,,0,0,0,0,0,N,332,0,2,0,0,0,0,0,3,3,0,2,3,,N,,,,,,,,,,,
2006125290,2035.0,1,0,0,0,0,0,0,0,0,7,0,,67,11,2006,3,40.0825,-74.9648,2030.0,6,0,1,0,0,0,0,0,0,,0,0,0,20,3,1,0,,0.0,40 04:57.093,,0,74 57:53.312,4,0,0,0,67301,0,0,0,,0,0,0,5,67301,1,,5,9,,N,N,,0,,0,0,0,0,0,,2020,1,1,0,0,0,0,0,3,4,0,1,7,,N,,,,,,,,,,,
2006125297,845.0,3,0,0,0,0,0,0,0,0,6,0,,67,10,2006,3,,,840.0,6,0,0,0,0,0,1,0,0,,0,0,0,8,1,0,0,,0.0,,,0,,0,0,0,0,67301,0,0,0,N,0,0,0,1,67301,0,,5,1,,N,N,,2,,0,0,0,0,0,,840,0,5,0,0,1,0,0,3,3,0,5,3,,N,,,,,,,,,,,
2006096025,1350.0,2,0,0,0,0,0,0,0,0,4,0,,67,8,2006,2,39.9656,-75.1598,1345.0,6,0,0,0,0,1,0,0,0,,0,0,0,14,1,1,0,,0.0,39 57:56.000,,0,75 09:35.039,4,0,0,0,67301,0,0,0,N,0,0,0,2,67301,1,,1,1,,N,N,,0,,0,0,0,0,0,,1430,1,2,0,0,2,0,0,3,4,0,2,3,,N,,,,,,,,,,,
2006113029,1725.0,1,0,0,1,0,0,0,0,0,4,0,,67,10,2006,5,40.0003,-75.2284,1715.0,6,0,0,0,0,0,0,0,0,,0,0,0,17,1,1,2,,0.0,40 00:00.000,,0,75 13:42.066,4,0,0,0,67301,1,0,0,N,0,0,0,2,67301,1,,1,1,,N,N,,0,,0,0,0,3,3,,1700,1,2,0,0,0,0,0,3,4,0,1,3,,N,,,,,,,,,,,
2006112851,1615.0,2,0,0,0,0,0,0,0,0,4,0,,67,8,2006,3,40.0495,-75.0817,1610.0,6,0,0,0,0,0,0,0,0,9.0,0,0,0,16,1,2,1,,1.0,40 02:58.034,3.0,0,75 04:53.965,4,0,0,0,67301,0,0,0,N,0,0,0,5,67301,2,,1,1,,N,N,,0,,0,0,0,3,3,N,1607,2,2,0,0,1,0,0,3,4,0,2,3,,N,,,,,,,,,,,
2006102186,1308.0,4,0,0,0,0,0,0,0,0,1,0,,67,9,2006,5,,,1305.0,6,0,0,0,0,0,1,0,0,2.0,0,0,0,12,1,0,0,,1.0,,4.0,0,,0,0,0,0,67301,0,0,0,N,0,0,0,15,67301,0,,1,1,,N,N,,0,,0,0,0,0,0,N,1245,0,4,0,0,0,0,0,3,3,0,4,3,,N,,,,,,,,,,,
2006114805,1605.0,0,0,0,0,0,0,0,0,0,2,0,,67,9,2006,4,40.0302,-75.1185,1558.0,6,0,1,0,0,0,0,0,0,,0,0,0,15,1,1,1,,0.0,40 01:48.000,,0,75 07:06.641,4,0,0,0,67301,0,0,0,N,0,0,0,3,67301,1,,1,1,,N,N,,0,,0,0,1,3,2,,1540,1,2,0,0,3,0,0,3,4,1,2,3,,N,,,,,,,,,,,
2006114741,1630.0,1,0,0,0,0,0,0,0,0,2,0,,67,10,2006,3,39.9387,-75.1421,1627.0,6,0,0,0,1,0,1,0,0,,0,0,0,16,1,2,7,,0.0,39 56:19.000,,0,75 08:31.532,3,0,0,0,67301,0,0,0,N,0,0,0,2,67301,1,,7,1,,N,N,,0,,1,0,0,3,2,,1625,2,2,0,0,0,0,0,3,4,1,2,3,,N,,,,,,,,,,,
2006105143,9999.0,2,0,0,0,0,0,0,0,0,4,0,,67,9,2006,3,40.0454,-75.1052,11.0,6,0,0,1,0,0,0,0,0,,0,0,0,0,3,1,1,,0.0,40 02:43.580,,0,75 06:18.694,8,0,0,0,67301,0,0,0,,0,0,0,3,67301,0,,1,1,,,,,0,,0,0,0,9,3,,1,1,2,0,0,0,1,1,3,4,0,2,3,,N,,,,,,,,,,,
2006126824,315.0,2,0,0,0,0,0,0,0,0,1,0,,67,11,2006,5,40.0504,-74.9999,309.0,6,0,0,0,0,0,1,0,0,,0,0,0,3,3,0,1,,0.0,40 03:01.000,,0,74 59:59.583,9,0,0,0,67301,0,0,0,N,0,0,0,2,67301,0,,1,9,,N,N,,0,,0,0,0,3,2,,305,0,2,0,0,0,0,1,3,4,0,2,3,,N,,,,,,,,,,,
2006054540,2146.0,1,0,0,1,0,0,0,0,0,4,0,,67,4,2006,1,39.9549,-75.1835,2137.0,6,0,0,0,0,0,0,1,0,,0,0,0,21,3,1,0,,0.0,39 57:17.000,,0,75 11:00.767,8,0,0,0,67301,1,0,0,N,0,0,0,2,67301,0,,1,1,,N,N,,0,,0,0,0,0,0,,2130,1,2,0,0,0,1,0,3,4,0,1,3,,N,,,,,,,,,,,
2006054541,2233.0,1,0,0,1,0,0,0,0,0,4,0,,67,3,2006,5,,,2224.0,6,0,0,0,0,0,1,0,0,,0,0,0,99,6,1,1,,0.0,,,0,,4,0,0,0,67301,1,0,0,N,0,0,0,2,67301,1,,1,1,,N,N,,0,,0,0,0,3,3,,9999,1,2,0,0,0,0,0,3,3,0,1,3,,N,,,,,,,,,,,
2006054610,336.0,1,0,0,0,0,0,0,0,0,4,0,,67,4,2006,4,39.9284,-75.1463,335.0,6,0,0,0,0,0,0,0,0,,0,0,0,3,3,0,2,,0.0,39 55:42.064,,0,75 08:46.591,0,0,0,0,67301,0,0,0,,0,0,0,2,67301,0,,1,1,,,,,1,,0,0,0,3,2,,300,0,2,0,0,2,0,0,3,4,0,2,3,,N,,,,,,,,,,,
2006054617,1307.0,1,0,0,0,0,0,0,0,0,7,0,,67,4,2006,1,,,1258.0,6,0,0,0,0,0,0,0,0,,0,0,0,12,1,1,0,,0.0,,,7,,8,0,0,0,67301,0,0,0,N,0,0,0,1,67301,0,,5,1,,N,N,,0,,0,0,0,0,0,,1256,1,1,0,0,1,1,0,3,3,0,1,3,,N,,,,,,,,,,,
2006054626,1415.0,4,0,0,0,0,0,0,0,0,1,0,,67,4,2006,7,40.0946,-75.0152,1408.0,6,0,0,0,0,0,1,0,0,,0,0,0,13,1,3,1,,0.0,40 05:40.000,,0,75 00:53.997,8,0,0,0,67301,0,0,0,N,0,0,0,8,67301,0,,1,9,,N,N,,0,,0,0,0,3,2,,1355,3,4,0,0,1,3,0,3,4,0,4,7,,N,,,,,,,,,,,
2006080957,2024.0,1,0,0,1,0,0,0,0,0,4,0,,67,7,2006,6,40.0128,-75.0781,2023.0,6,0,0,0,0,0,0,0,0,,0,0,0,20,1,1,1,,0.0,40 00:45.921,,0,75 04:41.015,4,0,0,0,67301,1,0,0,N,0,0,0,2,67301,1,,1,1,,N,N,,0,,0,0,0,0,0,,2022,1,2,0,0,0,0,0,3,4,0,1,3,,N,,,,,,,,,,,
2006080968,1645.0,2,0,0,0,0,0,0,0,0,4,0,,67,6,2006,4,40.0152,-75.1552,1640.0,6,0,0,0,0,0,0,0,0,,0,0,0,16,1,1,1,,0.0,40 00:54.834,,0,75 09:18.795,4,0,0,0,67301,0,0,0,N,0,0,0,2,67301,1,,4,9,,N,N,,0,,0,0,0,3,3,,1601,1,2,0,0,0,0,0,3,4,0,2,7,,N,,,,,,,,,,,
2006081366,1840.0,1,0,0,0,0,0,0,0,0,8,0,,67,6,2006,2,,,1830.0,6,0,0,0,0,0,0,0,0,,0,0,0,18,3,1,0,,0.0,,,0,,4,0,0,0,67301,1,0,0,N,1,0,0,2,67301,1,,1,1,,N,N,,0,,0,0,0,0,0,,1800,1,2,0,0,0,0,0,3,3,0,1,3,,N,,,,,,,,,,,
2006103662,826.0,0,0,0,0,0,0,0,0,0,8,0,,67,9,2006,3,,,824.0,6,0,0,0,0,0,0,0,0,,0,0,0,10,1,1,1,,0.0,,,0,,4,0,0,0,67301,1,0,0,N,1,0,0,2,67301,1,,1,9,,N,N,,1,,0,0,0,3,2,,1016,1,2,0,0,1,0,0,3,3,0,1,7,,N,,,,,,,,,,,
2006096643,405.0,3,0,0,0,0,0,0,0,0,1,0,,67,7,2006,2,,,400.0,6,0,0,0,0,0,0,0,0,,0,0,0,4,3,2,10,,0.0,,,0,,4,0,0,0,67301,0,0,0,N,0,0,0,2,67301,2,,1,1,,N,N,,0,,0,0,0,3,3,,405,2,3,0,0,2,0,0,3,3,0,3,3,,N,,,,,,,,,,,
2006102074,1920.0,2,0,0,0,0,0,0,0,0,1,0,,67,9,2006,5,,,1914.0,6,0,0,0,0,0,1,0,0,,0,0,0,19,1,1,2,,0.0,,,0,,4,0,0,0,67301,0,0,0,N,0,0,0,4,67301,1,,1,1,,N,N,,0,,0,0,0,9,3,,1912,1,2,0,0,0,0,0,3,3,0,2,3,,N,,,,,,,,,,,
2006101785,9999.0,2,0,0,0,0,0,0,0,0,2,0,,67,9,2006,4,39.9847,-75.1565,1038.0,6,0,0,0,0,0,0,0,0,,0,0,0,8,1,2,1,,0.0,39 59:04.000,,0,75 09:23.445,8,0,0,0,67301,0,0,0,,0,0,0,2,67301,0,,1,1,,,,,0,,0,0,0,9,2,,853,2,2,0,0,1,2,0,3,4,0,2,3,,N,,,,,,,,,,,