CRN,ARRIVAL_TM,AUTOMOBILE_COUNT,BELTED_DEATH_COUNT,BELTED_SUSP_SERIOUS_INJ_COUNT,BICYCLE_COUNT,BICYCLE_DEATH_COUNT,BICYCLE_SUSP_SERIOUS_INJ_COUNT,BUS_COUNT,CHLDPAS_DEATH_COUNT,CHLDPAS_SUSP_SERIOUS_INJ_COUNT,COLLISION_TYPE,COMM_VEH_COUNT,CONS_ZONE_SPD_LIM,COUNTY,CRASH_MONTH,CRASH_YEAR,DAY_OF_WEEK,DEC_LAT,DEC_LONG,DISPATCH_TM,DISTRICT,DRIVER_COUNT_16YR,DRIVER_COUNT_17YR,DRIVER_COUNT_18YR,DRIVER_COUNT_19YR,DRIVER_COUNT_20YR,DRIVER_COUNT_50_64YR,DRIVER_COUNT_65_74YR,DRIVER_COUNT_75PLUS,EST_HRS_CLOSED,FATAL_COUNT,HEAVY_TRUCK_COUNT,HORSE_BUGGY_COUNT,HOUR_OF_DAY,ILLUMINATION,INJURY_COUNT,INTERSECT_TYPE,INTERSECTION_RELATED,LANE_CLOSED,LATITUDE,LN_CLOSE_DIR,LOCATION_TYPE,LONGITUDE,MAX_SEVERITY_LEVEL,MCYCLE_DEATH_COUNT,MCYCLE_SUSP_SERIOUS_INJ_COUNT,MOTORCYCLE_COUNT,MUNICIPALITY,NONMOTR_COUNT,NONMOTR_DEATH_COUNT,NONMOTR_SUSP_SERIOUS_INJ_COUNT,NTFY_HIWY_MAINT,PED_COUNT,PED_DEATH_COUNT,PED_SUSP_SERIOUS_INJ_COUNT,PERSON_COUNT,POLICE_AGCY,POSSIBLE_INJ_COUNT,RDWY_SURF_TYPE_CD,RELATION_TO_ROAD,ROAD_CONDITION,ROADWAY_CLEARED,SCH_BUS_IND,SCH_ZONE_IND,SECONDARY_CRASH,SMALL_TRUCK_COUNT,SPEC_JURIS_CD,SUSP_MINOR_INJ_COUNT,SUSP_SERIOUS_INJ_COUNT,SUV_COUNT,TCD_FUNC_CD,TCD_TYPE,TFC_DETOUR_IND,TIME_OF_DAY,TOT_INJ_COUNT,TOTAL_UNITS,UNB_DEATH_COUNT,UNB_SUSP_SERIOUS_INJ_COUNT,UNBELTED_OCC_COUNT,UNK_INJ_DEG_COUNT,UNK_INJ_PER_COUNT,URBAN_AREA,URBAN_RURAL,VAN_COUNT,VEHICLE_COUNT,WEATHER1,WEATHER2,WORK_ZONE_IND,WORK_ZONE_LOC,WORK_ZONE_TYPE,WORKERS_PRES,WZ_CLOSE_DETOUR,WZ_FLAGGER,WZ_LAW_OFFCR_IND,WZ_LN_CLOSURE,WZ_MOVING,WZ_OTHER,WZ_SHLDER_MDN,WZ_WORKERS_INJ_KILLED
2006104288,1140.0,1,0,0,0,0,0,0,0,0,1,0,,67,9,2006,6,40.0086,-75.0984,1130.0,6,0,0,0,0,0,0,0,0,,0,0,0,11,1,1,1,,0.0,40 00:31.000,,0,75 05:54.143,8,0,0,0,67301,0,0,0,N,0,0,0,2,67301,0,,1,1,,N,N,,0,,0,0,1,3,2,,1130,1,2,0,0,0,1,0,3,4,0,2,3,,N,,,,,,,,,,,
2006104293,1748.0,2,0,0,0,0,0,0,0,0,4,0,,67,8,2006,4,40.0475,-75.1428,1745.0,6,0,0,0,0,0,1,0,0,,0,0,0,17,1,1,1,,0.0,40 02:51.000,,0,75 08:34.110,8,0,0,0,67301,0,0,0,N,0,0,0,3,67301,0,,1,1,,N,N,,0,,0,0,0,3,2,,1730,1,2,0,0,0,1,0,3,4,0,2,3,,N,,,,,,,,,,,
2006104324,1819.0,1,0,0,0,0,0,0,0,0,8,0,,67,9,2006,3,,,1818.0,6,0,0,0,0,0,0,0,0,,0,0,0,18,1,1,1,,0.0,,,0,,4,0,0,0,67301,1,0,0,N,1,0,0,2,67301,1,,1,9,,N,Y,,0,,0,0,0,3,2,,1809,1,2,0,0,0,0,0,3,3,0,1,7,,N,,,,,,,,,,,
2006101906,1835.0,1,0,0,0,0,0,0,0,0,8,0,,67,9,2006,6,39.9848,-75.2296,1827.0,6,0,0,0,0,0,0,0,0,,0,0,0,18,1,1,0,,0.0,39 59:05.154,,0,75 13:46.387,8,0,0,0,67301,1,0,0,N,1,0,0,2,67301,0,,1,1,,N,N,,0,,0,0,0,0,0,,1825,1,2,0,0,0,1,0,3,4,0,1,3,,N,,,,,,,,,,,
2006125743,9999.0,2,0,0,0,0,0,0,0,0,4,0,,67,10,2006,2,39.9535,-75.1398,1100.0,6,0,0,0,0,0,1,0,0,2.0,0,0,0,10,1,3,2,,1.0,39 57:11.000,2.0,0,75 08:23.161,3,0,0,0,67301,0,0,0,N,0,0,0,3,67301,1,,1,1,,N,N,,0,,2,0,0,3,2,Y,1035,3,2,0,0,0,0,0,3,4,0,2,3,,N,,,,,,,,,,,
2006125745,1831.0,2,0,0,0,0,0,0,0,0,1,0,,67,10,2006,3,,,1825.0,6,0,0,0,1,0,0,0,0,,0,0,0,18,3,0,0,,0.0,,,0,,0,0,0,0,67301,0,0,0,N,0,0,0,5,67301,0,,1,1,,N,N,,0,,0,0,1,0,0,,1815,0,3,0,0,0,0,0,3,3,0,3,3,,N,,,,,,,,,,,
2006125514,2215.0,1,0,0,0,0,0,0,0,0,8,0,,67,11,2006,7,39.9042,-75.1646,2210.0,6,0,0,0,0,0,0,0,0,,0,0,0,99,3,1,1,,0.0,39 54:15.296,,0,75 09:52.610,4,0,0,0,67301,1,0,0,N,1,0,0,2,67301,1,,1,1,,N,N,,0,,0,0,0,3,2,,9999,1,2,0,0,0,0,0,3,4,0,1,3,,N,,,,,,,,,,,
2006125517,2035.0,1,0,0,0,0,0,0,0,0,4,0,,67,11,2006,4,40.0192,-75.1602,2030.0,6,0,0,0,0,0,1,0,0,,0,0,0,99,2,1,0,,0.0,40 01:09.000,,0,75 09:36.834,8,0,0,0,67301,0,0,0,N,0,0,0,3,67301,0,,1,9,,N,N,,0,,0,0,0,0,0,,9999,1,2,0,0,0,1,1,3,4,0,2,7,,N,,,,,,,,,,,
2006065990,2151.0,0,0,0,0,0,0,0,0,0,8,0,,67,5,2006,1,40.011,-75.1509,2147.0,6,0,0,0,0,0,0,0,0,1.0,0,0,0,21,4,1,1,,1.0,40 00:39.000,2.0,0,75 09:03.796,4,0,0,0,67301,1,0,0,N,1,0,0,2,67301,1,,1,1,,N,N,,0,,0,0,0,9,2,Y,2144,1,2,0,0,0,0,1,3,4,0,1,3,,N,,,,,,,,,,,
2006080806,350.0,1,0,0,0,0,0,0,0,0,7,0,,67,7,2006,7,,,345.0,6,0,0,0,0,0,0,0,0,,0,0,0,3,6,1,0,,0.0,,,0,,8,0,0,0,67301,0,0,0,N,0,0,0,2,67301,0,,4,1,,N,N,,0,,0,0,0,0,0,,330,1,1,0,0,2,1,0,3,3,0,1,3,,N,,,,,,,,,,,
2006083169,2049.0,2,0,0,0,0,0,0,0,0,7,0,,67,6,2006,3,39.8905,-75.2207,2039.0,6,0,0,0,0,1,0,0,0,,0,0,0,20,3,2,3,,0.0,39 53:22.000,,0,75 13:08.519,8,0,0,0,67301,0,0,0,N,0,0,0,2,67301,0,,2,1,,N,N,,0,,0,0,0,0,0,,2038,2,2,0,0,0,2,0,3,4,0,2,3,,N,,,,,,,,,,,
2006080860,734.0,1,0,0,0,0,0,1,0,0,5,1,,67,7,2006,2,40.0063,-75.1161,732.0,6,0,0,0,0,1,0,0,0,,0,0,0,99,1,5,0,,0.0,40 00:22.000,,0,75 06:58.090,8,0,0,0,67301,0,0,0,N,0,0,0,6,67301,0,,3,1,,N,N,,0,,0,0,0,0,0,,9999,5,2,0,0,0,5,0,3,4,0,2,3,,N,,,,,,,,,,,
2006080866,1934.0,3,0,0,0,0,0,0,0,0,4,0,,67,6,2006,7,,,1932.0,6,0,0,1,0,0,0,0,0,,0,0,0,19,1,2,1,,0.0,,,0,,4,0,0,0,67301,0,0,0,N,0,0,0,5,67301,1,,1,9,,N,N,,0,,0,0,0,3,3,,1930,2,3,0,0,0,1,2,3,3,0,3,3,,N,,,,,,,,,,,
2006080102,9999.0,1,0,0,0,0,0,0,0,0,1,1,,67,5,2006,6,40.0403,-75.0584,1937.0,6,0,0,0,0,1,1,0,0,2.0,0,1,0,19,4,3,1,,2.0,40 02:25.000,2.0,0,75 03:32.823,8,0,0,0,67301,0,0,0,N,0,0,0,40,67301,0,,1,1,,N,N,,1,,0,0,0,3,2,Y,1938,3,4,0,0,0,3,1,3,4,0,4,3,,N,,,,,,,,,,,
2006080113,1547.0,1,0,0,0,0,0,1,0,0,4,1,,67,6,2006,5,39.9951,-75.1632,1544.0,6,0,0,0,0,0,1,0,0,,0,0,0,15,1,1,2,,0.0,39 59:42.000,,0,75 09:47.706,4,0,0,0,67301,0,0,0,N,0,0,0,2,67301,1,,1,9,,Y,N,,0,,0,0,0,0,0,,1540,1,2,0,0,0,0,0,3,4,0,2,7,,N,,,,,,,,,,,
2006080114,1303.0,2,0,0,0,0,0,0,0,0,4,0,,67,6,2006,4,,,1300.0,6,0,0,0,0,0,0,0,0,,0,0,0,12,1,0,2,,0.0,,,0,,9,0,0,0,67301,0,0,0,N,0,0,0,2,67301,0,,1,1,,N,N,,0,,0,0,0,3,2,,1200,0,2,0,0,0,0,1,3,3,0,2,3,,N,,,,,,,,,,,
2006125351,1940.0,1,0,0,0,0,0,0,0,0,8,0,,67,10,2006,6,40.0498,-75.1579,1935.0,6,0,0,0,0,0,0,0,0,,0,0,0,19,3,1,0,,0.0,40 02:59.129,,0,75 09:28.521,3,0,0,0,67301,1,0,0,N,1,0,0,2,67301,0,,1,1,,N,N,,0,,1,0,0,0,0,,1935,1,2,0,0,0,0,0,3,4,0,1,3,,N,,,,,,,,,,,
2006125375,745.0,1,0,0,0,0,0,0,0,0,1,1,,67,11,2006,5,39.9758,-75.1952,735.0,6,0,0,0,0,0,0,0,0,1.0,0,1,0,7,1,1,0,,1.0,39 58:35.000,3.0,0,75 11:46.669,4,0,0,0,67301,0,0,0,N,0,0,0,2,67301,1,,1,9,,N,N,,0,,0,0,0,0,0,N,730,1,2,0,0,0,0,0,3,4,0,2,7,,N,,,,,,,,,,,
2006125376,1205.0,2,0,0,0,0,0,0,0,0,5,0,,67,11,2006,6,,,1202.0,6,0,0,0,0,0,1,0,0,,0,0,0,12,1,1,0,,0.0,,,0,,4,0,0,0,67301,0,0,0,N,0,0,0,3,67301,1,,1,1,,N,N,,0,,0,0,0,0,0,,1200,1,2,0,0,0,0,0,3,3,0,2,3,,N,,,,,,,,,,,
2006080155,1820.0,0,0,0,0,0,0,1,0,0,2,1,,67,6,2006,2,39.9983,-75.1102,1816.0,6,0,0,0,0,0,1,0,0,,0,0,0,18,1,7,0,,0.0,39 59:53.912,,0,75 06:36.590,2,0,0,0,67301,0,0,0,N,0,0,0,9,67301,4,,1,1,,N,N,,0,,1,2,0,0,0,,1808,7,2,0,1,1,0,2,3,4,1,2,3,,N,,,,,,,,,,,
2006125273,9999.0,3,0,0,0,0,0,0,0,0,4,0,,67,10,2006,6,39.9992,-75.1344,1825.0,6,0,0,0,0,0,0,0,0,,0,0,0,99,4,0,2,,0.0,39 59:56.000,,0,75 08:03.795,0,0,0,0,67301,0,0,0,N,0,0,0,3,67301,0,,1,1,,N,N,,0,,0,0,0,0,0,,9999,0,3,0,0,0,0,0,3,4,0,3,99,,N,,,,,,,,,,,
2006065642,2144.0,2,0,0,0,0,0,0,0,0,2,0,,67,5,2006,2,39.9579,-75.1641,2135.0,6,0,0,0,0,0,0,0,0,,0,0,0,21,1,1,2,,0.0,39 57:27.000,,0,75 09:50.847,8,0,0,0,67301,0,0,0,N,0,0,0,2,67301,0,,1,1,,N,N,,0,,0,0,0,3,2,,2130,1,2,0,0,0,1,0,3,4,0,2,3,,N,,,,,,,,,,,
2006065788,1655.0,3,0,0,0,0,0,0,0,0,4,0,,67,3,2006,6,40.0857,-75.2112,1045.0,6,0,0,0,0,1,1,0,0,,0,0,0,10,1,2,5,,0.0,40 05:08.000,,0,75 12:40.139,4,0,0,0,67301,0,0,0,N,0,0,0,4,67301,2,,1,9,,N,N,,0,,0,0,0,2,2,,1040,2,3,0,0,0,0,2,3,4,0,3,3,,N,,,,,,,,,,,
2006112792,2020.0,1,0,0,0,0,0,0,0,0,7,0,,67,9,2006,3,40.0409,-75.0882,2010.0,6,0,0,0,0,0,0,0,0,,0,0,0,20,3,0,0,,0.0,40 02:26.000,,0,75 05:17.422,0,0,0,0,67301,0,0,0,N,0,0,0,2,67301,0,,4,1,,N,N,,0,,0,0,0,0,0,,2009,0,2,0,0,0,0,0,3,4,0,2,3,,N,,,,,,,,,,,
2006115386,1040.0,0,0,0,0,0,0,0,0,0,4,0,,67,7,2006,1,40.0564,-75.1526,1038.0,6,0,0,0,0,0,0,0,0,2.0,0,1,0,10,1,3,5,,1.0,40 03:22.935,1.0,0,75 09:09.367,3,0,0,0,67301,0,0,0,,0,0,0,7,67301,2,,1,1,,,,,0,,1,0,1,3,2,N,1036,3,2,0,0,0,0,0,3,4,0,2,3,,N,,,,,,,,,,,
2006125410,1205.0,2,0,0,0,0,0,0,0,0,4,0,,67,10,2006,7,39.9902,-75.1043,1150.0,6,0,0,0,0,0,1,0,0,,0,0,0,11,1,1,2,,0.0,39 59:24.889,,0,75 06:15.537,4,0,0,0,67301,0,0,0,N,0,0,0,3,67301,1,,1,9,,N,N,,0,,0,0,0,3,3,,1145,1,2,0,0,0,0,0,3,4,0,2,7,,N,,,,,,,,,,,
2006125411,1953.0,1,0,0,0,0,0,0,0,0,1,0,,67,11,2006,6,39.9251,-75.2213,1952.0,6,0,0,0,0,0,0,0,0,,0,0,0,19,3,0,0,,0.0,39 55:30.452,,0,75 13:16.582,9,0,0,0,67301,0,0,0,N,0,0,0,2,67301,0,,1,1,,N,N,,0,,0,0,1,0,0,,1945,0,2,0,0,0,0,2,3,4,0,2,3,,N,,,,,,,,,,,
2006125445,630.0,2,0,0,0,0,0,0,0,0,9,0,,67,1,2006,1,,,621.0,6,0,0,0,0,0,1,0,0,,0,0,0,6,1,1,0,,0.0,,,0,,8,0,0,0,67301,0,0,0,N,0,0,0,3,67301,0,,1,9,,N,N,,0,,0,0,1,0,0,,615,1,3,0,0,0,1,0,3,3,0,3,3,,N,,,,,,,,,,,
2006097876,1145.0,1,0,0,0,0,0,0,0,0,7,0,,67,9,2006,7,,,1141.0,6,0,0,0,0,0,1,0,0,,0,0,0,11,1,0,0,,0.0,,,2,,0,0,0,0,67301,0,0,0,N,0,0,0,1,67501,0,,3,9,,N,N,,0,,0,0,0,0,0,,1140,0,1,0,0,0,0,0,3,3,0,1,7,,N,,,,,,,,,,,
2006126800,1909.0,1,0,0,0,0,0,0,0,0,8,0,,67,10,2006,7,39.9908,-75.1308,1900.0,6,0,0,0,0,0,0,0,0,,0,0,0,14,1,1,0,,0.0,39 59:26.880,,0,75 07:50.880,4,0,0,0,67301,1,0,0,N,1,0,0,2,67301,1,,2,1,,N,N,,0,,0,0,0,0,0,,1400,1,2,0,0,0,0,1,3,4,0,1,3,,N,,,,,,,,,,,
2006124408,1750.0,1,0,0,0,0,0,0,0,0,7,0,,67,10,2006,4,40.0071,-75.094,1748.0,6,0,0,0,0,0,0,0,0,,0,0,0,17,1,1,1,,0.0,40 00:25.549,,0,75 05:38.543,3,0,0,0,67301,0,0,0,N,0,0,0,1,67301,0,,5,1,,N,N,,0,,1,0,0,9,2,,1745,1,1,0,0,0,0,0,3,4,0,1,3,,N,,,,,,,,,,,
2006115130,1205.0,1,0,0,0,0,0,0,0,0,4,0,,67,9,2006,6,40.0216,-75.1485,1139.0,6,0,0,0,0,0,0,0,0,,0,0,0,11,1,1,0,,0.0,40 01:17.621,,0,75 08:54.425,8,0,0,0,67301,0,0,0,N,0,0,0,1,67301,0,,6,1,,N,N,,0,,0,0,2,0,0,,1139,1,3,0,0,0,1,0,3,4,0,3,3,,N,,,,,,,,,,,
2006114903,1725.0,1,0,0,0,0,0,0,0,0,8,0,,67,10,2006,6,40.0284,-75.1398,1718.0,6,0,0,0,0,0,0,1,0,,0,0,0,9,1,1,0,,0.0,40 01:42.330,,0,75 08:23.445,8,0,0,0,67301,1,0,0,N,1,0,0,2,67301,0,,1,9,,N,N,,0,,0,0,0,0,0,,930,1,2,0,0,0,1,1,3,4,0,1,99,,N,,,,,,,,,,,
2006102610,656.0,1,0,0,0,0,0,0,0,0,4,0,,67,8,2006,2,39.9673,-75.1807,651.0,6,0,0,0,0,0,0,0,0,,0,0,0,99,1,1,1,,0.0,39 58:02.000,,0,75 10:51.357,4,0,0,0,67301,0,0,0,N,0,0,0,2,67301,1,,1,9,,N,N,,0,,0,0,1,3,2,,9999,1,2,0,0,2,0,1,3,4,0,2,3,,N,,,,,,,,,,,
2006105142,1757.0,1,0,0,1,0,0,0,0,0,4,0,,67,9,2006,1,,,1751.0,6,0,0,0,1,0,0,0,0,,0,0,0,17,1,1,0,,0.0,,,7,,4,0,0,0,67301,2,0,0,N,0,0,0,4,67301,1,,1,1,,N,N,,0,,0,0,0,0,0,,1751,1,2,0,0,0,0,0,3,3,0,1,3,,N,,,,,,,,,,,
2006093430,1430.0,1,0,0,0,0,0,0,0,0,5,0,,67,8,2006,3,40.0253,-75.1676,1425.0,6,0,0,0,0,0,1,0,0,,0,0,0,14,1,1,1,,0.0,40 01:31.000,,0,75 10:03.511,4,0,0,1,67301,0,0,0,N,0,0,0,3,67301,1,,1,1,,N,N,,0,,0,0,0,9,2,,1422,1,2,0,0,0,0,0,3,4,0,2,3,,N,,,,,,,,,,,
2006093584,1835.0,2,0,0,0,0,0,0,0,0,1,0,,67,8,2006,6,40.0749,-75.0459,1835.0,6,0,0,0,0,0,1,0,0,1.0,0,0,0,18,1,2,2,,1.0,40 04:29.000,2.0,0,75 02:46.263,3,0,0,0,67301,0,0,0,,0,0,0,4,67301,1,,1,1,,,,,0,,1,0,0,3,2,N,1830,2,2,0,0,0,0,1,3,4,0,2,3,,N,,,,,,,,,,,
2006083316,1229.0,2,0,0,0,0,0,0,0,0,4,0,,67,6,2006,7,40.0669,-75.1583,1226.0,6,0,0,0,0,0,1,0,0,,0,0,0,12,1,1,1,,0.0,40 04:01.000,,0,75 09:29.823,4,0,0,0,67301,0,0,0,N,0,0,0,4,67301,1,,1,9,,N,N,,0,,0,0,0,1,2,,1226,1,3,0,0,0,0,0,3,4,1,3,7,,N,,,,,,,,,,,
2006080879,9999.0,1,0,0,2,0,0,0,0,0,4,0,,67,6,2006,3,40.0082,-75.1945,1024.0,6,0,0,0,0,0,0,1,0,,0,0,0,10,1,2,2,,0.0,40 00:26.000,,0,75 11:31.596,8,0,0,0,67301,2,0,0,N,0,0,0,3,67301,0,,1,1,,N,N,,0,,0,0,0,3,2,,1024,2,3,0,0,0,2,0,3,4,0,1,3,,N,,,,,,,,,,,
2006104271,1043.0,2,0,0,0,0,0,0,0,0,4,0,,67,8,2006,1,39.9386,-75.2217,1036.0,6,0,0,0,0,0,1,0,0,2.0,0,0,0,10,1,2,1,,2.0,39 56:18.000,7.0,0,75 13:18.040,4,0,0,0,67301,0,0,0,N,0,0,0,4,67301,2,,1,1,,N,N,,0,,0,0,1,3,2,Y,1025,2,3,0,0,0,0,0,3,4,0,3,3,,N,,,,,,,,,,,
2006101607,400.0,1,0,0,0,0,0,0,0,0,8,0,,67,9,2006,7,40.0566,-75.0466,357.0,6,0,0,0,0,0,0,0,0,,1,0,0,3,3,1,1,,0.0,40 03:23.000,,0,75 02:47.503,1,0,0,0,67301,1,1,0,N,1,1,0,2,67301,0,1.0,1,9,,N,N,,0,0.0,1,0,0,3,2,,350,1,2,0,0,0,0,0,3,4,0,1,7,,N,,,,,,,,,,,
2006083070,1649.0,1,0,0,0,0,0,0,0,0,2,0,,67,6,2006,2,40.0047,-75.1769,1039.0,6,0,0,0,0,0,0,0,0,,0,0,0,10,1,5,1,,0.0,40 00:17.000,,0,75 10:37.304,8,0,0,0,67301,0,0,0,N,0,0,0,5,67301,0,,1,1,,N,Y,,1,,0,0,0,3,2,,1030,5,2,0,0,0,5,0,3,4,0,2,3,,N,,,,,,,,,,,
2006080694,1550.0,1,0,0,0,0,0,0,0,0,1,0,,67,7,2006,4,40.1065,-74.9989,1545.0,6,0,0,1,0,0,0,0,0,9.0,0,0,0,15,1,1,1,,1.0,40 06:23.000,1.0,0,74 59:55.455,8,0,0,1,67301,0,0,0,N,0,0,0,2,67301,0,,1,1,,N,N,,0,,0,0,0,3,2,Y,1545,1,2,0,0,0,1,0,3,4,0,2,3,,N,,,,,,,,,,,
2006080839,920.0,2,0,0,0,0,0,0,0,0,2,0,,67,7,2006,5,39.955,-75.1527,910.0,6,0,0,0,0,0,1,0,0,,0,0,0,9,1,0,1,,0.0,39 57:16.000,,0,75 08:58.276,0,0,0,0,67301,0,0,0,N,0,0,0,3,67301,0,,1,1,,N,N,,0,,0,0,0,3,2,,905,0,3,0,0,0,0,0,3,4,0,3,3,,N,,,,,,,,,,,
2006083078,1454.0,2,0,0,0,0,0,0,0,0,5,0,,67,5,2006,5,40.0272,-75.1145,1442.0,6,0,0,0,0,0,2,1,0,,0,0,0,14,1,2,8,,0.0,40 01:37.000,,0,75 06:52.586,8,0,0,2,67301,0,0,0,N,0,0,0,4,67301,0,,1,1,,N,N,,0,,0,0,0,0,0,,1438,2,4,0,0,1,2,0,3,4,0,4,3,,N,,,,,,,,,,,
2006021630,119.0,2,0,0,0,0,0,0,0,0,1,0,,67,1,2006,1,40.0782,-74.9974,117.0,6,0,0,0,0,0,0,0,0,,0,0,0,1,3,0,0,,0.0,40 04:41.394,,0,74 59:50.506,0,0,0,0,67301,0,0,0,N,0,0,0,1,67301,0,,2,1,,N,N,,0,,0,0,0,3,2,,117,0,2,0,0,0,0,0,3,4,0,2,3,,N,,,,,,,,,,,
2006021657,1400.0,2,0,0,0,0,0,0,0,0,2,0,,67,1,2006,1,,,1356.0,6,0,0,0,0,0,0,0,0,,0,0,0,13,1,1,1,,0.0,,,0,,8,0,0,0,67301,0,0,0,,0,0,0,5,67301,0,,1,1,,N,N,,0,,0,0,0,3,3,,1345,1,2,0,0,0,1,0,3,3,0,2,3,,N,,,,,,,,,,,
2006125461,740.0,2,0,0,0,0,0,0,0,0,6,0,,67,11,2006,5,39.9746,-75.1598,730.0,6,0,0,0,0,1,0,0,0,,0,0,0,99,3,0,1,,0.0,39 58:28.588,,0,75 09:35.171,9,0,0,0,67301,0,0,0,,0,0,0,4,67301,0,,1,1,,,,,0,,0,0,0,9,3,,9999,0,2,0,0,0,0,2,3,4,0,2,3,,N,,,,,,,,,,,
2006095453,1530.0,1,0,0,0,0,0,0,0,0,1,0,,67,6,2006,3,,,1529.0,6,0,0,0,0,0,1,0,0,,0,0,0,15,1,1,0,,0.0,,,0,,4,0,0,0,67301,2,0,0,N,2,0,0,4,67301,1,,1,1,,N,N,,0,,0,0,0,0,0,,1525,1,3,0,0,0,0,1,3,3,0,1,3,,N,,,,,,,,,,,
2006080091,2055.0,1,0,0,0,0,0,0,0,0,8,0,,67,6,2006,4,40.0346,-75.0904,2051.0,6,0,0,1,0,0,0,0,0,,0,0,0,20,3,1,0,,0.0,40 02:04.380,,0,75 05:25.328,4,0,0,0,67301,1,0,0,N,1,0,0,2,67301,1,,1,1,,N,N,,0,,0,0,0,0,0,,2040,1,2,0,0,0,0,0,3,4,0,1,3,,N,,,,,,,,,,,
2006080094,2049.0,1,0,0,0,0,0,0,0,0,8,0,,67,6,2006,4,40.0262,-75.1691,2038.0,6,0,0,0,0,0,0,0,0,,0,0,0,20,3,1,0,,0.0,40 01:34.000,,0,75 10:08.852,4,0,0,0,67301,1,0,0,N,1,0,0,2,67301,1,,1,9,,N,N,,0,,0,0,0,3,2,,2038,1,2,0,0,0,0,1,3,4,0,1,7,,N,,,,,,,,,,,
2006080100,1715.0,1,0,0,0,0,0,0,0,0,5,1,,67,6,2006,3,40.0012,-75.0822,1642.0,6,0,0,0,0,0,2,0,0,,0,1,0,16,1,1,0,,0.0,40 00:04.000,,0,75 04:56.785,8,0,0,0,67301,0,0,0,,0,0,0,3,67301,0,,1,1,,,,,0,,0,0,0,3,2,,1600,1,2,0,0,0,1,0,3,4,0,2,3,,N,,,,,,,,,,,
2006082550,1542.0,1,0,0,0,0,0,0,0,0,8,0,,67,6,2006,4,40.0329,-75.0521,1539.0,6,0,0,1,0,0,0,0,0,,0,0,0,15,1,1,1,,0.0,40 01:58.591,,0,75 03:07.513,8,0,0,0,67301,1,0,0,N,1,0,0,3,67301,0,,1,9,,N,N,,0,,0,0,0,3,3,,1535,1,2,0,0,0,1,1,3,4,0,1,7,,N,,,,,,,,,,,
2006082558,1420.0,0,0,0,0,0,0,0,0,0,8,0,,67,7,2006,6,39.9726,-75.1445,1415.0,6,0,0,0,0,0,0,0,0,,0,0,0,14,1,1,1,,,39 58:21.471,,0,75 08:40.063,8,0,0,0,67301,1,0,0,N,1,0,0,2,67301,0,,9,1,,N,N,,0,,0,0,0,3,2,,1410,1,2,0,0,0,1,1,3,4,1,1,3,,N,,,,,,,,,,,
2006125307,1948.0,3,0,0,0,0,0,0,0,0,1,0,,67,11,2006,7,39.9542,-75.2261,1945.0,6,0,0,1,0,0,1,0,0,,0,0,0,19,3,1,0,,0.0,39 57:15.120,,0,75 13:33.960,4,0,0,0,67301,0,0,0,N,0,0,0,5,67301,1,,1,1,,N,N,,0,,0,0,0,0,0,,1942,1,3,0,0,0,0,0,3,4,0,3,3,,N,,,,,,,,,,,
2006125339,752.0,1,0,0,0,0,0,0,0,0,7,0,,67,10,2006,6,,,749.0,6,0,0,0,0,0,0,0,0,,0,0,0,7,1,1,1,,0.0,,,0,,8,0,0,0,67301,0,0,0,N,0,0,0,1,67301,0,,2,9,,N,N,,0,,0,0,0,3,3,,747,1,1,0,0,0,1,0,3,3,0,1,7,,N,,,,,,,,,,,
2006125359,2345.0,1,0,0,0,0,0,1,0,0,1,1,,67,11,2006,6,,,2045.0,6,0,0,0,0,0,0,0,0,9.0,0,0,0,20,6,1,0,,1.0,,1.0,0,,2,0,0,0,67301,0,0,0,N,0,0,0,22,67301,0,,1,1,,N,N,,0,,0,1,0,0,0,N,2045,1,2,0,1,1,0,21,3,3,0,2,3,,N,,,,,,,,,,,
2006115673,1220.0,0,0,0,0,0,0,1,0,0,4,1,,67,10,2006,5,39.9799,-75.1435,1219.0,6,0,0,0,0,0,1,0,0,,0,0,0,12,1,1,2,,0.0,39 58:47.791,,7,75 08:36.423,4,0,0,0,67301,0,0,0,,0,0,0,3,67301,1,,1,1,,N,N,,0,,0,0,0,3,2,,1219,1,2,0,0,0,0,0,3,4,1,2,3,,N,,,,,,,,,,,
2006115418,1715.0,1,0,0,0,0,0,0,0,0,1,0,,67,10,2006,3,40.0099,-75.1862,1705.0,6,0,0,0,0,0,1,0,1,2.0,0,1,0,17,1,4,0,,2.0,40 00:36.000,1.0,0,75 11:09.760,4,0,0,0,67301,0,0,0,N,0,0,0,7,67301,3,,1,1,,N,N,,0,,0,0,0,0,0,N,1700,4,5,0,0,0,1,0,3,4,3,5,3,,N,,,,,,,,,,,
2006096023,326.0,1,0,0,0,0,0,0,0,0,8,0,,67,7,2006,6,40.0278,-75.0601,324.0,6,0,0,0,0,0,0,0,0,,0,0,0,3,3,1,1,,0.0,40 01:40.000,,0,75 03:36.065,8,0,0,0,67301,1,0,0,N,1,0,0,2,67301,0,,1,9,,N,N,,0,,0,0,0,0,0,,321,1,2,0,0,0,1,0,3,4,0,1,7,,N,,,,,,,,,,,