CRN,ARRIVAL_TM,AUTOMOBILE_COUNT,BELTED_DEATH_COUNT,BELTED_SUSP_SERIOUS_INJ_COUNT,BICYCLE_COUNT,BICYCLE_DEATH_COUNT,BICYCLE_SUSP_SERIOUS_INJ_COUNT,BUS_COUNT,CHLDPAS_DEATH_COUNT,CHLDPAS_SUSP_SERIOUS_INJ_COUNT,COLLISION_TYPE,COMM_VEH_COUNT,CONS_ZONE_SPD_LIM,COUNTY,CRASH_MONTH,CRASH_YEAR,DAY_OF_WEEK,DEC_LAT,DEC_LONG,DISPATCH_TM,DISTRICT,DRIVER_COUNT_16YR,DRIVER_COUNT_17YR,DRIVER_COUNT_18YR,DRIVER_COUNT_19YR,DRIVER_COUNT_20YR,DRIVER_COUNT_50_64YR,DRIVER_COUNT_65_74YR,DRIVER_COUNT_75PLUS,EST_HRS_CLOSED,FATAL_COUNT,HEAVY_TRUCK_COUNT,HORSE_BUGGY_COUNT,HOUR_OF_DAY,ILLUMINATION,INJURY_COUNT,INTERSECT_TYPE,INTERSECTION_RELATED,LANE_CLOSED,LATITUDE,LN_CLOSE_DIR,LOCATION_TYPE,LONGITUDE,MAX_SEVERITY_LEVEL,MCYCLE_DEATH_COUNT,MCYCLE_SUSP_SERIOUS_INJ_COUNT,MOTORCYCLE_COUNT,MUNICIPALITY,NONMOTR_COUNT,NONMOTR_DEATH_COUNT,NONMOTR_SUSP_SERIOUS_INJ_COUNT,NTFY_HIWY_MAINT,PED_COUNT,PED_DEATH_COUNT,PED_SUSP_SERIOUS_INJ_COUNT,PERSON_COUNT,POLICE_AGCY,POSSIBLE_INJ_COUNT,RDWY_SURF_TYPE_CD,RELATION_TO_ROAD,ROAD_CONDITION,ROADWAY_CLEARED,SCH_BUS_IND,SCH_ZONE_IND,SECONDARY_CRASH,SMALL_TRUCK_COUNT,SPEC_JURIS_CD,SUSP_MINOR_INJ_COUNT,SUSP_SERIOUS_INJ_COUNT,SUV_COUNT,TCD_FUNC_CD,TCD_TYPE,TFC_DETOUR_IND,TIME_OF_DAY,TOT_INJ_COUNT,TOTAL_UNITS,UNB_DEATH_COUNT,UNB_SUSP_SERIOUS_INJ_COUNT,UNBELTED_OCC_COUNT,UNK_INJ_DEG_COUNT,UNK_INJ_PER_COUNT,URBAN_AREA,URBAN_RURAL,VAN_COUNT,VEHICLE_COUNT,WEATHER1,WEATHER2,WORK_ZONE_IND,WORK_ZONE_LOC,WORK_ZONE_TYPE,WORKERS_PRES,WZ_CLOSE_DETOUR,WZ_FLAGGER,WZ_LAW_OFFCR_IND,WZ_LN_CLOSURE,WZ_MOVING,WZ_OTHER,WZ_SHLDER_MDN,WZ_WORKERS_INJ_KILLED
2006096035,900.0,0,0,0,0,0,0,0,0,0,8,0,15.0,67,7,2006,7,39.9586,-75.2261,857.0,6,0,0,0,0,0,0,0,0,9.0,0,0,0,8,1,1,0,,1.0,39 57:31.000,3.0,0,75 13:34.139,8,0,0,0,67301,1,0,0,N,1,0,0,2,67301,0,,1,1,,N,N,,0,,0,0,0,0,0,Y,857,1,2,0,0,0,1,0,3,4,1,1,3,,Y,4.0,1.0,N,Y,,N,,,,,
2006065738,1410.0,2,0,0,0,0,0,0,0,0,4,0,,67,5,2006,6,,,1352.0,6,0,0,0,0,0,1,0,0,,0,0,0,13,1,1,2,,0.0,,,0,,4,0,0,0,67301,0,0,0,N,0,0,0,2,67301,1,,1,9,,N,N,,0,,0,0,0,0,0,,1352,1,2,0,0,0,0,0,3,3,0,2,7,,N,,,,,,,,,,,
2006125433,1946.0,1,0,0,0,0,0,0,0,0,1,0,,67,10,2006,4,40.0092,-75.189,1942.0,6,0,0,0,0,0,0,1,0,,0,0,0,19,1,1,0,,0.0,40 00:34.000,,0,75 11:15.461,8,0,0,0,67301,0,0,0,,0,0,0,2,67301,0,,1,1,,,,,0,,0,0,0,0,0,,1935,1,2,0,0,0,1,0,3,4,1,2,3,,N,,,,,,,,,,,
2006102181,942.0,1,0,0,1,0,0,0,0,0,6,0,,67,9,2006,3,,,848.0,6,0,0,0,0,0,0,0,0,,0,0,0,8,1,1,1,,0.0,,,0,,4,0,0,0,67301,1,0,0,N,0,0,0,2,67301,1,,9,1,,N,N,,0,,0,0,0,3,2,,848,1,2,0,0,1,0,0,3,3,0,1,3,,N,,,,,,,,,,,
2006115112,900.0,1,0,0,0,0,0,0,0,0,4,0,,67,10,2006,3,40.0174,-75.1163,853.0,6,0,0,0,0,0,0,0,0,,0,0,0,8,1,2,1,,0.0,40 01:02.000,,0,75 06:58.467,8,0,0,0,67301,0,0,0,,0,0,0,2,67301,0,,1,1,,,,,0,,0,0,0,9,2,,850,2,2,0,0,0,2,0,3,4,1,2,3,,N,,,,,,,,,,,
2006115116,2235.0,1,0,0,1,0,0,0,0,0,4,0,,67,8,2006,4,39.9903,-75.1106,2230.0,6,0,0,0,0,0,0,0,0,,0,0,0,16,1,1,2,,0.0,39 59:25.162,,0,75 06:38.336,8,0,0,0,67301,1,0,0,,0,0,0,2,67301,0,,1,1,,,,,0,,0,0,0,0,0,,1600,1,2,0,0,0,1,0,3,4,0,1,3,,N,,,,,,,,,,,
2006115129,1955.0,2,0,0,0,0,0,0,0,0,1,0,,67,9,2006,6,40.0381,-75.1302,1945.0,6,0,0,0,0,0,1,0,0,,0,0,0,19,3,1,0,,0.0,40 02:17.304,,0,75 07:48.547,4,0,0,0,67301,0,0,0,N,0,0,0,2,67301,1,,1,1,,N,N,,0,,0,0,0,3,2,,1945,1,2,0,0,0,0,0,3,4,0,2,3,,N,,,,,,,,,,,
2006105145,2110.0,1,0,0,0,0,0,0,0,0,4,0,,67,9,2006,1,40.0398,-75.0998,2101.0,6,0,0,0,0,0,0,0,0,,0,0,0,20,3,2,2,,0.0,40 02:23.298,,0,75 05:59.233,4,0,0,0,67301,0,0,0,N,0,0,0,6,67301,2,,1,1,,N,N,,1,,0,0,0,3,3,,2055,2,2,0,0,0,0,0,3,4,0,2,3,,N,,,,,,,,,,,
2006123768,230.0,0,0,0,0,0,0,0,0,0,8,0,,67,10,2006,7,39.9238,-75.2456,230.0,6,0,0,0,0,0,0,0,0,,0,0,0,2,3,1,0,,0.0,39 55:25.000,,0,75 14:44.513,8,0,0,0,67301,1,0,0,N,1,0,0,2,67301,0,,1,1,,N,N,,0,,0,0,1,0,0,,230,1,2,0,0,0,1,0,3,4,0,1,3,,N,,,,,,,,,,,
2006123994,1833.0,2,0,0,0,0,0,0,0,0,4,0,,67,10,2006,5,,,,6,0,0,0,0,0,1,0,0,1.0,0,0,0,18,1,0,1,,1.0,,3.0,0,,0,0,0,0,67301,0,0,0,N,0,0,0,2,67301,0,,1,9,,N,N,,0,,0,0,0,0,0,N,1833,0,2,0,0,0,0,0,3,3,0,2,7,,N,,,,,,,,,,,
2006054648,1726.0,0,0,0,0,0,0,0,0,0,1,0,,67,3,2006,3,40.0566,-75.0144,1721.0,6,0,0,0,0,0,0,0,0,,0,1,0,17,4,1,0,,0.0,40 03:23.000,,0,75 00:52.016,8,0,0,0,67301,0,0,0,N,0,0,0,1,67301,0,,6,1,,N,N,,0,,0,0,1,0,0,,1720,1,2,0,0,0,1,0,3,4,0,2,3,,N,,,,,,,,,,,
2006054695,600.0,2,0,0,0,0,0,0,0,0,1,0,,67,4,2006,2,40.0103,-75.2071,545.0,6,0,0,0,0,0,0,0,0,2.0,0,0,0,5,3,2,0,,2.0,40 00:37.000,4.0,0,75 12:25.411,4,0,0,0,67301,0,0,0,N,0,0,0,2,67301,2,,1,9,,N,N,,0,,0,0,0,0,0,N,545,2,2,0,0,0,0,0,3,4,0,2,7,,N,,,,,,,,,,,
2006080907,629.0,1,0,0,0,0,0,0,0,0,7,0,,67,6,2006,7,,,622.0,6,0,0,0,0,0,1,0,0,,0,0,0,99,1,0,0,,0.0,,,0,,0,0,0,0,67301,0,0,0,,0,0,0,1,67301,0,,4,9,,,,,0,,0,0,0,0,0,,9999,0,1,0,0,0,0,0,3,3,0,1,7,,N,,,,,,,,,,,
2006080941,309.0,2,0,0,0,0,0,0,0,0,5,0,,67,5,2006,6,,,309.0,6,0,0,0,0,1,0,0,0,,0,0,0,3,3,0,0,,0.0,,,0,,0,0,0,0,67301,0,0,0,N,0,0,0,2,67301,0,,1,9,,N,N,,0,,0,0,0,0,0,,307,0,3,0,0,0,0,0,3,3,1,3,7,,N,,,,,,,,,,,
2006081095,1633.0,1,0,0,0,0,0,0,0,0,8,0,,67,6,2006,6,,,1631.0,6,0,0,0,0,0,0,0,0,,0,0,0,16,1,1,0,,0.0,,,0,,4,0,0,0,67301,1,0,0,N,1,0,0,2,67301,1,,1,9,,N,N,,0,,0,0,0,0,0,,1628,1,2,0,0,0,0,0,3,3,0,1,7,,N,,,,,,,,,,,
2006081138,2027.0,2,0,0,0,0,0,0,0,0,4,0,,67,7,2006,7,39.9461,-75.2421,2022.0,6,0,0,0,0,0,0,0,0,,0,0,0,20,3,1,1,,0.0,39 56:45.000,,0,75 14:30.637,4,0,0,0,67301,0,0,0,N,0,0,0,2,67301,1,,1,1,,N,N,,0,,0,0,0,3,2,,2022,1,2,0,0,1,0,1,3,4,0,2,3,,N,,,,,,,,,,,
2006081333,958.0,2,0,0,0,0,0,0,0,0,4,0,,67,6,2006,5,39.995,-75.1625,953.0,6,0,0,0,0,0,1,0,0,,0,0,0,9,1,4,1,,0.0,39 59:41.000,,0,75 09:45.227,4,0,0,0,67301,0,0,0,N,0,0,0,5,67301,4,,1,1,,N,N,,0,,0,0,0,3,3,,949,4,2,0,0,1,0,0,3,4,0,2,3,,N,,,,,,,,,,,
2006081343,1655.0,3,0,0,0,0,0,0,0,0,4,0,,67,5,2006,7,40.0496,-75.0582,1653.0,6,0,0,0,0,0,1,0,2,,0,0,0,16,1,1,2,,0.0,40 02:58.000,,0,75 03:30.124,8,0,0,0,67301,0,0,0,N,0,0,0,5,67301,0,,1,1,,N,N,,0,,0,0,0,9,2,,1650,1,3,0,0,0,1,4,3,4,0,3,3,,N,,,,,,,,,,,
2006081383,2140.0,2,0,0,0,0,0,0,0,0,6,0,,67,6,2006,2,40.0503,-75.1983,2136.0,6,0,0,0,0,0,0,0,0,,0,0,0,21,3,5,1,,0.0,40 03:01.195,,0,75 11:53.915,4,0,0,0,67301,0,0,0,N,0,0,0,6,67301,4,,1,1,,N,N,,0,,0,0,0,3,3,,2130,5,2,0,0,1,1,1,3,4,0,2,3,,N,,,,,,,,,,,
2006081531,930.0,1,0,0,0,0,0,0,0,0,7,0,,67,5,2006,1,,,923.0,6,0,0,0,0,0,0,0,0,,0,0,0,99,1,3,0,,0.0,,,3,,4,0,0,0,67301,0,0,0,N,0,0,0,3,67301,3,,4,1,,N,N,,0,,0,0,0,3,2,,9999,3,1,0,0,0,0,0,3,3,0,1,3,,N,,,,,,,,,,,
2006081547,1007.0,1,0,0,0,0,0,0,0,0,8,0,,67,6,2006,6,,,930.0,6,0,0,0,0,0,0,0,0,,0,0,0,8,1,1,1,,0.0,,,0,,4,0,0,0,67301,1,0,0,N,1,0,0,4,67301,1,,1,1,,N,N,,0,,0,0,0,3,2,,826,1,2,0,0,0,0,0,3,3,0,1,3,,N,,,,,,,,,,,
2006081560,1310.0,0,0,0,0,0,0,0,0,0,1,0,,67,6,2006,5,39.9794,-75.2253,1300.0,6,0,0,0,0,0,1,0,0,,0,0,0,13,1,1,1,,0.0,39 58:46.000,,0,75 13:31.255,4,0,0,0,67301,0,0,0,N,0,0,0,2,67301,1,,1,1,,N,N,,0,,0,0,1,3,2,,1300,1,2,0,0,0,0,1,3,4,1,2,3,,N,,,,,,,,,,,
2006096651,1630.0,2,0,0,0,0,0,0,0,0,4,0,,67,8,2006,7,39.9577,-75.1624,9999.0,6,0,0,0,0,0,2,0,0,,0,0,0,16,1,2,1,,0.0,39 57:27.000,,0,75 09:44.119,3,0,0,0,67301,0,0,0,N,0,0,0,4,67301,0,,1,1,,N,N,,0,,2,0,0,3,2,,1627,2,2,0,0,0,0,0,3,4,0,2,3,,N,,,,,,,,,,,
2006109030,1835.0,2,0,0,0,0,0,0,0,0,8,0,,67,1,2006,5,,,1835.0,6,0,0,0,0,0,1,0,0,4.0,1,0,0,18,3,0,0,,2.0,,5.0,0,,1,0,0,0,67301,1,1,0,N,1,1,0,3,67301,0,2.0,1,1,,N,N,,0,0.0,0,0,0,0,0,Y,1830,0,3,0,0,0,0,0,3,3,0,2,3,,N,,,,,,,,,,,
2006106567,30.0,1,0,0,0,0,0,0,0,0,4,1,,67,8,2006,2,39.9919,-75.0857,21.0,6,0,0,0,0,0,1,0,0,2.0,0,1,0,0,3,2,0,,2.0,39 59:31.000,1.0,0,75 05:08.195,3,0,0,0,67301,0,0,0,N,0,0,0,3,67301,1,,1,9,,N,N,,0,,1,0,0,0,0,N,21,2,2,0,0,0,0,0,3,4,0,2,7,,N,,,,,,,,,,,
2006104273,1725.0,2,0,0,0,0,0,0,0,0,4,0,,67,8,2006,2,,,1720.0,6,0,0,0,0,0,0,0,0,2.0,0,0,0,17,1,4,0,,2.0,,6.0,0,,4,0,0,0,67301,0,0,0,N,0,0,0,5,67301,4,,1,1,,N,N,,0,,0,0,0,3,2,Y,1720,4,2,0,0,0,0,0,3,3,0,2,3,,N,,,,,,,,,,,
2006080566,2102.0,2,0,0,0,0,0,0,0,0,6,0,,67,6,2006,6,39.9674,-75.2457,2101.0,6,0,0,0,1,0,0,0,0,,0,0,0,21,3,3,1,,0.0,39 58:02.000,,0,75 14:44.794,3,0,0,0,67301,0,0,0,N,0,0,0,4,67301,2,,1,1,,N,N,,0,,1,0,0,3,2,,2100,3,2,0,0,2,0,0,3,4,0,2,3,,N,,,,,,,,,,,
2006083067,654.0,3,0,0,0,0,0,0,0,0,9,0,,67,5,2006,4,40.0136,-75.1795,644.0,6,0,0,0,0,0,1,0,0,,0,0,0,6,1,0,0,,0.0,40 00:48.960,,0,75 10:46.560,0,0,0,0,67301,0,0,0,N,0,0,0,3,67301,0,,1,1,,N,N,,0,,0,0,0,0,0,,644,0,3,0,0,0,0,0,3,4,0,3,3,,N,,,,,,,,,,,
2006021628,1615.0,1,0,0,0,0,0,0,0,0,8,0,,67,1,2006,6,,,1609.0,6,0,0,0,0,0,0,0,0,,0,0,0,7,1,1,2,,0.0,,,0,,4,0,0,0,67301,1,0,0,,1,0,0,2,67301,1,,1,1,,N,N,,0,,0,0,0,9,2,,745,1,2,0,0,1,0,0,3,3,0,1,3,,N,,,,,,,,,,,
2006125477,1840.0,1,0,0,0,0,0,0,0,0,8,0,,67,10,2006,1,39.9349,-75.2236,1836.0,6,0,0,0,0,1,0,0,0,,0,0,0,99,3,1,0,,0.0,39 56:05.586,,0,75 13:25.046,3,0,0,0,67301,1,0,0,N,1,0,0,2,67301,0,,1,1,,N,N,,0,,1,0,0,0,0,,9999,1,2,0,0,0,0,0,3,4,0,1,3,,N,,,,,,,,,,,
2006125310,400.0,1,0,0,0,0,0,0,0,0,7,0,,67,11,2006,5,39.8905,-75.2207,356.0,6,0,0,0,0,0,0,0,0,1.0,0,0,0,3,3,1,7,,1.0,39 53:22.000,2.0,2,75 13:08.519,3,0,0,0,67301,0,0,0,Y,0,0,0,1,67301,0,,2,9,,N,N,,0,,1,0,0,0,0,N,355,1,1,0,0,0,0,0,3,4,0,1,7,,N,,,,,,,,,,,
2006125371,540.0,1,0,0,0,0,0,0,0,0,7,0,,67,11,2006,4,,,534.0,6,0,0,0,0,0,0,0,0,1.0,0,0,0,5,3,0,0,,1.0,,2.0,0,,0,0,0,0,67301,0,0,0,Y,0,0,0,1,67301,0,,2,9,,N,N,,0,,0,0,0,0,0,N,533,0,1,0,0,0,0,0,3,3,0,1,7,,N,,,,,,,,,,,
2006115622,1940.0,1,0,0,1,0,0,0,0,0,4,0,,67,10,2006,3,39.9579,-75.1623,1928.0,6,0,0,0,0,0,0,0,0,,0,0,0,19,1,1,1,,0.0,39 57:28.000,,0,75 09:43.820,4,0,0,0,67301,1,0,0,,0,0,0,4,67301,1,,1,1,,,N,,0,,0,0,0,3,2,,1925,1,2,0,0,2,0,0,3,4,0,1,3,,N,,,,,,,,,,,
2006065616,958.0,2,0,0,0,0,0,0,0,0,4,0,,67,5,2006,2,39.9249,-75.2265,954.0,6,0,0,0,0,0,0,0,0,,0,0,0,9,1,1,1,,0.0,39 55:29.000,,0,75 13:35.715,4,0,0,0,67301,0,0,0,N,0,0,0,2,67301,1,,1,9,,N,N,,0,,0,0,0,3,2,,945,1,2,0,0,1,0,1,3,4,0,2,7,,N,,,,,,,,,,,
2006065652,1758.0,1,0,0,0,0,0,0,0,0,8,0,,67,5,2006,6,39.9542,-75.1698,1738.0,6,0,0,0,0,0,0,0,0,,0,0,0,13,1,1,2,,0.0,39 57:15.000,,0,75 10:11.172,4,0,0,0,67301,1,0,0,N,1,0,0,3,67301,1,,1,1,,N,N,,0,,0,0,0,3,2,,1330,1,2,0,0,0,0,2,3,4,0,1,3,,N,,,,,,,,,,,
2006063239,1805.0,2,0,0,0,0,0,0,0,0,4,0,,67,5,2006,7,39.8946,-75.2367,1800.0,6,0,0,1,0,0,0,0,0,,0,0,0,15,1,3,1,,0.0,39 53:28.000,,0,75 13:43.542,4,0,0,0,67301,0,0,0,,0,0,0,4,67301,3,,1,1,,,,,1,,0,0,0,3,2,,1512,3,3,0,0,1,0,0,3,4,0,3,3,,N,,,,,,,,,,,
2006095745,2001.0,1,0,0,0,0,0,0,0,0,8,0,,67,7,2006,2,40.0143,-75.0846,1956.0,6,0,0,0,0,0,0,0,0,,0,0,0,19,1,1,1,,0.0,40 00:51.627,,0,75 05:04.721,8,0,0,0,67301,1,0,0,N,1,0,0,3,67301,0,,1,1,,N,N,,0,,0,0,0,9,3,,1945,1,2,0,0,0,1,0,3,4,0,1,3,,N,,,,,,,,,,,
2006065998,1604.0,1,0,0,0,0,0,0,0,0,4,0,,67,5,2006,4,40.0332,-75.0291,1558.0,6,0,0,0,0,0,0,0,1,,0,0,0,15,1,1,1,,0.0,40 01:59.000,,0,75 01:45.064,4,0,0,1,67301,0,0,0,N,0,0,0,2,67301,1,,1,1,,N,N,,0,,0,0,0,2,2,,1555,1,2,0,0,0,0,0,3,4,0,2,3,,N,,,,,,,,,,,
2006066002,520.0,1,0,0,0,0,0,0,0,0,4,1,,67,5,2006,6,40.0346,-75.0711,520.0,6,0,0,0,0,0,1,0,0,,0,1,0,99,1,1,1,,0.0,40 02:04.000,,0,75 04:16.123,3,0,0,0,67301,0,0,0,,0,0,0,2,67301,0,,1,1,,,,,0,,1,0,0,3,2,,9999,1,2,0,0,0,0,0,3,4,0,2,3,,N,,,,,,,,,,,
2006115387,850.0,1,0,0,0,0,0,0,0,0,4,0,,67,9,2006,6,39.9191,-75.2234,840.0,6,0,0,0,0,0,0,0,0,,0,0,0,7,1,2,2,,0.0,39 55:08.612,,0,75 13:24.164,3,0,0,0,67301,0,0,0,N,0,0,0,3,67301,0,,1,1,,N,N,,0,,2,0,1,2,3,,750,2,2,0,0,0,0,0,3,4,0,2,3,,N,,,,,,,,,,,
2006102375,1055.0,2,0,0,0,0,0,0,0,0,4,0,,67,8,2006,1,39.9543,-75.1621,1052.0,6,0,0,0,0,0,0,0,0,,0,0,0,10,1,0,1,,0.0,39 57:15.480,,0,75 09:43.200,0,0,0,0,67301,0,0,0,N,0,0,0,4,67301,0,,1,9,,N,N,,0,,0,0,0,3,3,,1050,0,2,0,0,0,0,0,3,4,0,2,7,,N,,,,,,,,,,,
2006124389,735.0,0,0,0,0,0,0,1,0,0,6,1,,67,10,2006,5,39.9957,-75.1686,730.0,6,0,0,0,0,0,0,0,1,2.0,0,0,0,7,1,1,2,,1.0,39 59:44.000,4.0,0,75 10:07.047,4,0,0,0,67301,0,0,0,N,0,0,0,4,67301,1,,1,1,,N,N,,1,,0,0,0,0,0,N,700,1,2,0,0,0,0,0,3,4,0,2,3,,N,,,,,,,,,,,
2006115127,2253.0,2,0,0,0,0,0,0,0,0,1,0,,67,9,2006,6,40.0097,-75.1545,2249.0,6,0,0,0,0,1,0,0,0,,0,0,0,22,3,0,1,,0.0,40 00:34.835,,0,75 09:16.286,0,0,0,0,67301,0,0,0,N,0,0,0,1,67301,0,,1,1,,N,N,,0,,0,0,0,0,0,,2234,0,2,0,0,0,0,0,3,4,0,2,3,,N,,,,,,,,,,,
2006115136,1025.0,2,0,0,0,0,0,0,0,0,1,0,,67,10,2006,4,40.0091,-75.0691,1010.0,6,0,0,0,0,0,1,0,0,,0,0,0,20,3,0,0,,0.0,40 00:32.072,,0,75 04:08.566,9,0,0,0,67301,0,0,0,N,0,0,0,2,67301,0,,1,9,,N,N,,0,,0,0,0,0,0,,2010,0,2,0,0,0,0,1,3,4,0,2,7,,N,,,,,,,,,,,
2006115140,1047.0,0,0,0,0,0,0,0,0,0,4,0,,67,9,2006,3,40.0444,-75.1435,1047.0,6,0,0,1,0,0,0,0,0,,0,0,0,10,1,0,1,,0.0,40 02:40.000,,0,75 08:36.527,0,0,0,0,67301,0,0,0,N,0,0,0,2,67301,0,,1,1,,N,N,,1,,0,0,1,3,3,,1045,0,2,0,0,0,0,0,3,4,0,2,3,,N,,,,,,,,,,,
2006114391,802.0,1,0,0,0,0,0,0,0,0,7,0,,67,10,2006,6,39.9562,-75.1474,800.0,6,0,0,0,0,0,0,0,0,,0,0,0,7,1,0,0,,0.0,39 57:22.399,,0,75 08:50.751,0,0,0,0,67301,0,0,0,N,0,0,0,1,67301,0,,3,9,,N,N,,0,,0,0,0,0,0,,755,0,1,0,0,0,0,0,3,4,0,1,7,,N,,,,,,,,,,,
2006114415,1330.0,2,0,0,0,0,0,0,0,0,4,0,,67,10,2006,1,39.9565,-75.2215,1325.0,6,0,0,0,0,0,1,1,0,,0,0,0,13,1,1,2,,0.0,39 57:23.000,,0,75 13:17.642,4,0,0,0,67301,0,0,0,N,0,0,0,2,67301,1,,1,1,,N,N,,0,,0,0,0,3,2,,1320,1,2,0,0,0,0,0,3,4,0,2,3,,N,,,,,,,,,,,
2006105095,738.0,2,0,0,0,0,0,0,0,0,6,0,,67,8,2006,4,40.0522,-75.1758,735.0,6,0,0,0,0,0,0,1,0,3.0,0,0,0,7,1,1,1,,2.0,40 03:07.000,7.0,0,75 10:33.008,8,0,0,0,67301,0,0,0,N,0,0,0,3,67301,0,,1,1,,N,N,,0,,0,0,0,3,2,N,730,1,2,0,0,0,1,1,3,4,0,2,3,,N,,,,,,,,,,,
2006116265,1315.0,1,0,0,0,0,0,0,0,0,1,1,,67,10,2006,3,39.9614,-75.1397,1308.0,6,0,0,0,0,0,0,0,0,1.0,0,1,0,13,1,0,0,,1.0,39 57:41.000,3.0,0,75 08:22.983,0,0,0,0,67301,0,0,0,,0,0,0,2,67301,0,,1,1,,N,N,,0,,0,0,0,0,0,N,1305,0,2,0,0,0,0,0,3,4,0,2,3,,N,,,,,,,,,,,
2006123996,1030.0,1,0,0,0,0,0,0,0,0,8,0,,67,10,2006,4,40.0448,-75.1817,1020.0,6,0,0,0,0,0,0,0,0,,0,0,0,21,3,1,1,,0.0,40 02:41.000,,0,75 10:54.415,3,0,0,0,67301,1,0,0,N,1,0,0,2,67301,0,,1,1,,N,N,,0,,1,0,0,0,0,,2100,1,2,0,0,0,0,0,3,4,0,1,3,,N,,,,,,,,,,,
2006054557,139.0,1,0,0,0,0,0,0,0,0,5,0,,67,2,2006,6,,,136.0,6,0,0,0,0,1,0,0,0,,0,1,0,1,3,0,0,,0.0,,,0,,0,0,0,0,67301,0,0,0,N,0,0,0,5,67301,0,,1,1,,N,N,,0,,0,0,0,0,0,,132,0,2,0,0,5,0,0,3,3,0,2,3,,N,,,,,,,,,,,
2006081337,1825.0,1,0,0,0,0,0,0,0,0,1,0,,67,6,2006,5,40.1141,-74.9877,1803.0,6,0,0,0,0,0,0,0,0,,0,0,0,17,1,3,1,,0.0,40 06:52.000,,0,74 59:16.817,4,0,0,0,67301,0,0,0,N,0,0,0,4,67301,3,,1,1,,N,N,,0,,0,0,1,3,2,,1755,3,2,0,0,0,0,0,3,4,0,2,3,,N,,,,,,,,,,,
2006081361,1715.0,2,0,0,0,0,0,0,0,0,1,0,,67,6,2006,2,39.9655,-75.1859,1704.0,6,0,0,0,0,0,1,0,0,,0,0,0,17,1,1,0,,0.0,39 57:57.000,,0,75 11:11.750,3,0,0,0,67301,0,0,0,,0,0,0,2,67301,0,,1,1,,,,,0,,1,0,0,0,0,,1703,1,2,0,0,0,0,1,3,4,0,2,3,,N,,,,,,,,,,,
2006081504,1546.0,0,0,0,0,0,0,0,0,0,8,0,,67,5,2006,2,40.0394,-75.1288,1540.0,6,0,0,0,0,0,0,0,0,,0,0,0,15,1,1,1,,0.0,40 02:21.796,,0,75 07:43.834,4,0,0,0,67301,1,0,0,N,1,0,0,2,67301,1,,1,1,,N,N,,0,,0,0,1,3,3,,1540,1,2,0,0,0,0,0,3,4,0,1,3,,N,,,,,,,,,,,
2006081440,1540.0,1,0,0,0,0,0,0,0,0,5,0,,67,6,2006,2,39.9971,-75.1137,1538.0,6,0,0,0,0,0,0,0,0,,0,0,0,14,1,0,0,,0.0,39 59:49.599,,0,75 06:49.183,0,0,0,0,67301,0,0,0,N,0,0,0,1,67301,0,,6,1,,N,N,,0,,0,0,0,0,0,,1436,0,2,0,0,0,0,0,3,4,0,2,3,,N,,,,,,,,,,,
2006081568,1523.0,2,0,0,0,0,0,0,0,0,4,0,,67,6,2006,5,40.039,-75.0563,1520.0,6,0,0,0,0,0,0,0,0,1.0,0,0,0,15,1,0,1,,1.0,40 02:20.475,1.0,0,75 03:22.611,0,0,0,0,67301,0,0,0,N,0,0,0,3,67301,0,,1,1,,N,N,,0,,0,0,0,3,2,Y,1518,0,2,0,0,0,0,0,3,4,0,2,3,,N,,,,,,,,,,,
2006110606,949.0,2,0,0,0,0,0,0,0,0,1,0,,67,10,2006,5,,,945.0,6,0,0,0,0,0,0,0,0,,0,0,0,9,1,1,0,,0.0,,,3,,4,0,0,0,67301,0,0,0,,0,0,0,4,67501,1,,1,1,,,,,0,,0,0,1,2,8,,945,1,3,0,0,0,0,0,3,3,0,3,3,,N,,,,,,,,,,,
2006115757,113.0,3,0,0,0,0,0,0,0,0,4,0,,67,10,2006,7,40.0182,-75.1487,110.0,6,0,0,0,0,0,0,0,0,9.0,0,0,0,12,1,1,0,,1.0,40 01:05.000,1.0,0,75 08:55.245,8,0,0,0,67301,0,0,0,N,0,0,0,5,67301,0,,1,1,,N,N,,0,,0,0,0,0,0,N,1245,1,3,0,0,0,1,0,3,4,0,3,3,,N,,,,,,,,,,,
2006115767,905.0,1,0,0,0,0,0,0,0,0,5,0,,67,10,2006,1,40.0976,-75.0115,855.0,6,0,0,0,0,0,0,0,0,3.0,0,0,0,8,1,2,0,,1.0,40 05:51.000,1.0,0,75 00:40.492,4,0,0,0,67301,0,0,0,N,0,0,0,3,67301,2,,1,9,,N,N,,1,,0,0,0,3,2,Y,855,2,2,0,0,0,0,0,3,4,0,2,7,,N,,,,,,,,,,,
2006113265,1525.0,2,0,0,0,0,0,0,0,0,4,0,,67,9,2006,4,40.0496,-75.1013,1520.0,6,0,0,0,1,0,0,0,0,,0,0,0,15,1,1,1,,0.0,40 02:58.394,,0,75 06:04.777,3,0,0,0,67301,0,0,0,N,0,0,0,2,67301,0,,1,1,,N,N,,0,,1,0,0,3,3,,1500,1,2,0,0,0,0,0,3,4,0,2,3,,N,,,,,,,,,,,