CRN,ARRIVAL_TM,AUTOMOBILE_COUNT,BELTED_DEATH_COUNT,BELTED_SUSP_SERIOUS_INJ_COUNT,BICYCLE_COUNT,BICYCLE_DEATH_COUNT,BICYCLE_SUSP_SERIOUS_INJ_COUNT,BUS_COUNT,CHLDPAS_DEATH_COUNT,CHLDPAS_SUSP_SERIOUS_INJ_COUNT,COLLISION_TYPE,COMM_VEH_COUNT,CONS_ZONE_SPD_LIM,COUNTY,CRASH_MONTH,CRASH_YEAR,DAY_OF_WEEK,DEC_LAT,DEC_LONG,DISPATCH_TM,DISTRICT,DRIVER_COUNT_16YR,DRIVER_COUNT_17YR,DRIVER_COUNT_18YR,DRIVER_COUNT_19YR,DRIVER_COUNT_20YR,DRIVER_COUNT_50_64YR,DRIVER_COUNT_65_74YR,DRIVER_COUNT_75PLUS,EST_HRS_CLOSED,FATAL_COUNT,HEAVY_TRUCK_COUNT,HORSE_BUGGY_COUNT,HOUR_OF_DAY,ILLUMINATION,INJURY_COUNT,INTERSECT_TYPE,INTERSECTION_RELATED,LANE_CLOSED,LATITUDE,LN_CLOSE_DIR,LOCATION_TYPE,LONGITUDE,MAX_SEVERITY_LEVEL,MCYCLE_DEATH_COUNT,MCYCLE_SUSP_SERIOUS_INJ_COUNT,MOTORCYCLE_COUNT,MUNICIPALITY,NONMOTR_COUNT,NONMOTR_DEATH_COUNT,NONMOTR_SUSP_SERIOUS_INJ_COUNT,NTFY_HIWY_MAINT,PED_COUNT,PED_DEATH_COUNT,PED_SUSP_SERIOUS_INJ_COUNT,PERSON_COUNT,POLICE_AGCY,POSSIBLE_INJ_COUNT,RDWY_SURF_TYPE_CD,RELATION_TO_ROAD,ROAD_CONDITION,ROADWAY_CLEARED,SCH_BUS_IND,SCH_ZONE_IND,SECONDARY_CRASH,SMALL_TRUCK_COUNT,SPEC_JURIS_CD,SUSP_MINOR_INJ_COUNT,SUSP_SERIOUS_INJ_COUNT,SUV_COUNT,TCD_FUNC_CD,TCD_TYPE,TFC_DETOUR_IND,TIME_OF_DAY,TOT_INJ_COUNT,TOTAL_UNITS,UNB_DEATH_COUNT,UNB_SUSP_SERIOUS_INJ_COUNT,UNBELTED_OCC_COUNT,UNK_INJ_DEG_COUNT,UNK_INJ_PER_COUNT,URBAN_AREA,URBAN_RURAL,VAN_COUNT,VEHICLE_COUNT,WEATHER1,WEATHER2,WORK_ZONE_IND,WORK_ZONE_LOC,WORK_ZONE_TYPE,WORKERS_PRES,WZ_CLOSE_DETOUR,WZ_FLAGGER,WZ_LAW_OFFCR_IND,WZ_LN_CLOSURE,WZ_MOVING,WZ_OTHER,WZ_SHLDER_MDN,WZ_WORKERS_INJ_KILLED
2006113324,2210.0,2,0,0,0,0,0,0,0,0,1,0,,67,10,2006,4,40.0578,-75.0087,2200.0,6,0,0,0,0,0,0,0,0,,0,0,0,20,3,1,1,,0.0,40 03:28.000,,0,75 00:31.473,4,0,0,0,67301,0,0,0,N,0,0,0,3,67301,1,,1,9,,N,N,,0,,0,0,0,3,2,,2000,1,2,0,0,0,0,0,3,4,0,2,7,,N,,,,,,,,,,,
2006113383,2050.0,1,0,0,0,0,0,0,0,0,2,0,,67,10,2006,2,40.0332,-75.0291,2049.0,6,0,0,0,0,0,0,0,0,,0,0,0,99,3,2,1,,0.0,40 01:59.000,,0,75 01:45.064,4,0,0,0,67301,0,0,0,N,0,0,0,3,67301,1,,1,1,,N,N,,0,,0,0,0,3,2,,9999,2,2,0,0,0,1,0,3,4,1,2,3,,N,,,,,,,,,,,
2006113389,1315.0,2,0,0,0,0,0,0,0,0,4,0,,67,9,2006,3,40.034,-75.0744,1313.0,6,0,0,0,0,0,1,1,0,,0,0,0,13,1,2,2,,0.0,40 02:02.000,,0,75 04:27.841,4,0,0,0,67301,0,0,0,N,0,0,0,2,67301,2,,1,1,,N,N,,0,,0,0,0,9,2,,1312,2,2,0,0,2,0,0,3,4,0,2,3,,N,,,,,,,,,,,
2006105775,2205.0,1,0,0,0,0,0,0,0,0,4,0,,67,8,2006,4,40.0159,-75.1174,2202.0,6,0,0,0,0,0,0,0,0,,0,0,0,21,3,3,3,,0.0,40 00:57.000,,0,75 07:02.497,3,0,0,1,67301,0,0,0,N,0,0,0,7,67301,2,,1,1,,N,N,,0,,1,0,0,3,3,,2145,3,2,0,0,0,0,0,3,4,0,2,3,,N,,,,,,,,,,,
2006105776,102.0,1,0,0,1,0,0,0,0,0,8,0,,67,8,2006,1,39.998,-75.1069,58.0,6,0,0,0,0,0,0,0,0,,0,0,0,21,6,1,1,,0.0,39 59:52.623,,0,75 06:24.850,3,0,0,0,67301,1,0,0,N,0,0,0,2,67301,0,,1,1,,N,N,,0,,1,0,0,3,3,,2100,1,2,0,0,0,0,0,3,4,0,1,3,,N,,,,,,,,,,,
2006106570,1530.0,1,0,0,0,0,0,0,0,0,2,1,,67,8,2006,5,40.0054,-75.1086,1530.0,6,0,0,0,0,0,1,0,0,1.0,0,1,0,15,1,1,2,,1.0,40 00:19.000,4.0,0,75 06:30.958,8,0,0,0,67301,0,0,0,N,0,0,0,3,67301,0,,1,1,,N,N,,0,,0,0,0,0,0,Y,1530,1,2,0,0,0,1,2,3,4,0,2,3,,N,,,,,,,,,,,
2006104250,1650.0,1,0,0,0,0,0,0,0,0,1,0,,67,8,2006,4,40.0525,-75.1417,1640.0,6,0,0,0,1,0,0,0,0,,0,0,0,16,1,1,0,,0.0,40 03:09.000,,0,75 08:30.157,3,0,0,0,67301,0,0,0,N,0,0,0,2,67301,0,,1,1,,N,N,,0,,1,0,0,3,2,,1630,1,2,0,0,0,0,0,3,4,1,2,3,,N,,,,,,,,,,,
2006101791,1031.0,1,0,0,0,0,0,0,0,0,4,0,,67,9,2006,7,39.9418,-75.1658,1030.0,6,0,0,0,0,0,0,0,0,,0,0,0,10,1,0,5,,0.0,39 56:30.000,,0,75 09:56.839,0,0,0,0,67301,0,0,0,N,0,0,0,2,67301,0,,1,1,,N,N,,1,,0,0,0,3,2,,1030,0,2,0,0,0,0,0,3,4,0,2,3,,N,,,,,,,,,,,
2006101796,1342.0,2,0,0,0,0,0,0,0,0,1,0,,67,9,2006,7,39.9613,-75.1369,1338.0,6,0,0,0,0,0,0,0,0,,0,0,0,13,1,1,0,,0.0,39 57:40.000,,0,75 08:12.997,4,0,0,0,67301,0,0,0,,0,0,0,3,67301,1,,1,1,,,,,0,,0,0,0,0,0,,1338,1,2,0,0,0,0,1,3,4,0,2,3,,N,,,,,,,,,,,
2006101849,1736.0,1,0,0,0,0,0,0,0,0,8,0,,67,9,2006,2,,,1732.0,6,0,0,0,0,0,0,0,0,,0,0,0,17,1,1,1,,0.0,,,0,,3,0,0,0,67301,1,0,0,N,1,0,0,2,67301,0,,1,1,,N,N,,0,,1,0,0,3,2,,1715,1,2,0,0,0,0,1,3,3,0,1,3,,N,,,,,,,,,,,
2006101905,2246.0,1,0,0,0,0,0,0,0,0,8,0,,67,6,2006,2,39.9709,-75.2409,2246.0,6,0,0,0,0,0,0,0,0,,0,0,0,22,3,1,1,,0.0,39 58:14.000,,0,75 14:27.189,2,0,0,0,67301,1,0,1,N,1,0,1,2,67301,0,,1,1,,N,N,,0,,0,1,0,3,2,,2246,1,2,0,0,0,0,0,3,4,0,1,3,,N,,,,,,,,,,,
2006125508,1030.0,1,0,0,0,0,0,0,0,0,1,0,,67,11,2006,6,40.0267,-75.1146,1025.0,6,0,0,0,0,0,1,0,0,,0,0,0,10,1,1,2,,0.0,40 01:35.000,,0,75 06:51.841,8,0,0,0,67301,0,0,0,,0,0,0,3,67301,0,,1,1,,N,,,1,,0,0,0,3,2,,1013,1,2,0,0,0,1,0,3,4,0,2,3,,N,,,,,,,,,,,
2006101713,21.0,1,0,0,0,0,0,0,0,0,7,0,,67,8,2006,6,40.0195,-75.1471,19.0,6,0,0,0,0,0,0,0,0,3.0,1,0,0,0,3,2,0,,2.0,40 01:10.000,1.0,0,75 08:49.659,1,0,0,0,67301,0,0,0,,0,0,0,3,67301,0,2.0,4,1,,N,N,,0,0.0,0,0,0,0,0,Y,15,2,1,0,0,0,2,0,3,4,0,1,3,,N,,,,,,,,,,,
2006080681,1710.0,2,0,0,0,0,0,0,0,0,4,0,,67,6,2006,4,39.9216,-75.1915,1657.0,6,0,0,0,0,0,1,0,0,,0,0,0,16,1,2,3,,0.0,39 55:17.000,,0,75 11:29.464,4,0,0,0,67301,0,0,0,N,0,0,0,4,67301,2,,1,9,,N,N,,0,,0,0,0,9,2,,1655,2,2,0,0,0,0,0,3,4,0,2,7,,N,,,,,,,,,,,
2006080800,2003.0,2,0,0,0,0,0,0,0,0,4,0,,67,5,2006,7,,,2001.0,6,0,0,0,0,0,2,0,0,,0,0,0,20,3,1,1,,0.0,,,0,,8,0,0,0,67301,0,0,0,N,0,0,0,2,67301,0,,1,1,,N,N,,0,,0,0,0,9,3,,2000,1,2,0,0,0,1,1,3,3,0,2,3,,N,,,,,,,,,,,
2006082981,1255.0,2,0,0,0,0,0,0,0,0,4,0,,67,6,2006,1,40.0214,-75.1485,1250.0,6,0,0,0,0,0,0,0,0,,0,0,0,12,1,2,1,,0.0,40 01:17.000,,0,75 08:54.756,4,0,0,0,67301,0,0,0,N,0,0,0,5,67301,2,,1,1,,N,N,,0,,0,0,0,3,2,,1245,2,2,0,0,0,0,2,3,4,0,2,3,,N,,,,,,,,,,,
2006082987,610.0,3,0,0,0,0,0,0,0,0,4,0,,67,6,2006,5,,,606.0,6,0,0,0,0,0,0,0,0,,0,0,0,99,1,2,1,,0.0,,,0,,8,0,0,0,67301,0,0,0,N,0,0,0,2,67301,0,,1,1,,N,N,,0,,0,0,0,0,0,,9999,2,3,0,0,2,2,0,3,3,0,3,3,,N,,,,,,,,,,,
2006082991,812.0,1,0,0,0,0,0,0,0,0,7,0,,67,6,2006,1,,,806.0,6,0,0,0,0,0,0,0,0,,0,0,0,8,1,0,6,,0.0,,,2,,0,0,0,0,67301,0,0,0,N,0,0,0,1,67301,0,,3,1,,N,N,,0,,0,0,0,0,0,,806,0,1,0,0,0,0,0,3,3,0,1,3,,N,,,,,,,,,,,
2006080088,1652.0,1,0,0,0,0,0,0,0,0,7,0,,67,6,2006,2,,,1646.0,6,0,0,0,0,0,0,0,0,1.0,0,0,0,16,1,1,0,,2.0,,4.0,0,,4,0,0,0,67301,0,0,0,N,0,0,0,1,67301,1,,2,9,,N,N,,0,,0,0,0,3,8,N,1642,1,1,0,0,0,0,0,3,3,0,1,7,,N,,,,,,,,,,,
2006082579,2124.0,1,0,0,0,0,0,0,0,0,8,0,,67,6,2006,1,40.0195,-75.0883,2119.0,6,0,0,0,1,0,0,0,0,,0,0,0,21,3,1,0,,0.0,40 01:10.138,,0,75 05:17.887,4,0,0,0,67301,1,0,0,N,1,0,0,5,67301,1,,1,1,,N,N,,0,,0,0,0,0,0,,2110,1,2,0,0,0,0,0,3,4,0,1,3,,N,,,,,,,,,,,
2006082588,1233.0,1,0,0,0,0,0,1,0,0,5,1,,67,7,2006,5,,,1227.0,6,0,0,0,0,0,0,0,0,,0,0,0,12,1,1,0,,0.0,,,0,,4,0,0,0,67301,0,0,0,N,0,0,0,2,67301,1,,1,1,,N,N,,0,,0,0,0,0,0,,1225,1,2,0,0,0,0,0,3,3,0,2,3,,N,,,,,,,,,,,
2006082589,2049.0,3,0,0,0,0,0,0,0,0,1,0,,67,6,2006,5,,,2044.0,6,0,0,0,0,0,0,0,0,1.0,0,0,0,20,3,2,0,,2.0,,1.0,3,,4,0,0,0,67301,0,0,0,N,0,0,0,3,67301,2,,1,1,,N,N,,0,,0,0,0,0,0,N,2043,2,3,0,0,1,0,0,3,3,0,3,3,,N,,,,,,,,,,,
2006125316,1330.0,1,0,0,0,0,0,0,0,0,1,0,,67,10,2006,3,40.0203,-75.1421,1325.0,6,0,0,0,0,0,0,0,0,,0,0,0,13,1,2,0,,0.0,40 01:13.000,,0,75 08:31.534,4,0,0,0,67301,0,0,0,N,0,0,0,2,67301,2,,1,1,,N,N,,0,,0,0,0,0,0,,1325,2,2,0,0,0,0,0,3,4,1,2,3,,N,,,,,,,,,,,
2006103454,1246.0,0,0,0,1,0,0,0,0,0,2,0,,67,9,2006,2,40.0369,-75.0114,1240.0,6,0,0,0,0,0,0,0,0,,0,0,0,12,1,1,0,,0.0,40 02:12.000,,0,75 00:41.615,4,0,0,0,67301,1,0,0,,0,0,0,2,67301,1,,1,1,,,,,0,,0,0,1,0,0,,1235,1,2,0,0,0,0,0,3,4,0,1,3,,N,,,,,,,,,,,
2006103516,353.0,2,0,0,0,0,0,0,0,0,1,0,,67,8,2006,2,39.942,-75.1491,347.0,6,0,0,0,0,0,1,0,0,,0,0,0,3,3,1,0,,0.0,39 56:31.344,,0,75 08:56.763,8,0,0,0,67301,0,0,0,N,0,0,0,3,67301,0,,1,9,,N,N,,0,,0,0,0,0,0,,340,1,2,0,0,0,1,0,3,4,0,2,7,,N,,,,,,,,,,,
2006065813,1218.0,0,0,0,0,0,0,0,0,0,7,0,,67,5,2006,2,39.9225,-75.1459,1215.0,6,0,0,0,0,0,0,0,0,,0,0,0,12,1,1,1,,0.0,39 55:21.057,,0,75 08:45.092,4,0,0,1,67301,0,0,0,,0,0,0,1,67301,1,,2,9,,,,,0,,0,0,0,9,3,,1214,1,1,0,0,0,0,0,3,4,0,1,3,,N,,,,,,,,,,,
2006112861,1700.0,1,0,0,0,0,0,0,0,0,8,0,,67,9,2006,6,39.9505,-75.1926,1700.0,6,0,0,0,0,0,0,0,0,,0,0,0,16,1,1,1,,0.0,39 57:01.634,,0,75 11:33.356,4,0,0,0,67301,1,0,0,N,1,0,0,2,67301,1,,1,1,,N,N,,0,,0,0,0,3,2,,1635,1,2,0,0,0,0,1,3,4,0,1,3,,N,,,,,,,,,,,
2006115376,501.0,1,0,0,0,0,0,0,0,0,7,0,,67,9,2006,1,40.0072,-75.1234,454.0,6,0,0,0,0,0,0,0,0,,0,0,0,4,3,1,1,,0.0,40 00:26.000,,0,75 07:24.342,8,0,0,0,67301,0,0,0,N,0,0,0,1,67301,0,,1,1,,N,N,,0,,0,0,0,3,4,,452,1,1,0,0,0,1,0,3,4,0,1,3,,N,,,,,,,,,,,
2006112977,820.0,1,0,0,0,0,0,0,0,0,7,0,,67,9,2006,6,39.9885,-75.1024,813.0,6,0,0,0,0,0,0,0,0,,0,0,0,8,1,1,0,,0.0,39 59:18.465,,0,75 06:08.740,8,0,0,0,67301,0,0,0,N,0,0,0,1,67301,0,,4,1,,N,N,,0,,0,0,0,0,0,,800,1,1,0,0,1,1,0,3,4,0,1,3,,N,,,,,,,,,,,
2006125414,1430.0,0,0,0,0,0,0,0,0,0,2,0,,67,11,2006,5,39.943,-75.2268,1425.0,6,0,0,0,0,0,0,0,1,,0,0,0,14,1,2,1,,0.0,39 56:34.638,,0,75 13:36.512,4,0,0,0,67301,0,0,0,,0,0,0,6,67301,1,,1,1,,N,N,,0,,0,0,2,3,2,,1405,2,2,0,0,0,1,0,3,4,0,2,3,,N,,,,,,,,,,,
2006114804,1830.0,2,0,0,0,0,0,0,0,0,4,0,,67,10,2006,3,39.9669,-75.2096,1828.0,6,0,0,0,0,0,0,0,0,,0,0,0,18,3,2,2,,0.0,39 58:00.724,,0,75 12:34.682,4,0,0,0,67301,0,0,0,N,0,0,0,3,67301,2,,1,1,,N,N,,0,,0,0,0,3,3,,1825,2,2,0,0,0,0,1,3,4,0,2,7,,N,,,,,,,,,,,
2006114703,447.0,1,0,0,0,0,0,0,0,0,7,0,,67,9,2006,2,40.0118,-75.1822,445.0,6,0,0,0,0,0,0,0,0,,0,0,0,4,3,3,0,,0.0,40 00:49.000,,0,75 10:46.650,2,0,0,0,67301,0,0,0,N,0,0,0,3,67301,0,,3,1,,N,N,,0,,2,1,0,0,0,,445,3,1,0,0,0,0,0,3,4,0,1,3,,N,,,,,,,,,,,
2006114380,405.0,0,0,0,0,0,0,0,0,0,7,0,,67,10,2006,6,39.9638,-75.1843,402.0,6,0,0,0,0,0,0,0,0,1.0,0,0,0,3,3,1,3,,1.0,39 57:41.000,3.0,0,75 10:57.282,4,0,0,0,67301,0,0,0,N,0,0,0,1,67301,1,,2,9,,N,N,,0,,0,0,1,0,0,N,359,1,1,0,0,0,0,0,3,4,0,1,7,,N,,,,,,,,,,,
2006114386,1321.0,0,0,0,0,0,0,0,0,0,8,0,,67,10,2006,2,39.9644,-75.1662,1304.0,6,0,0,0,0,0,0,0,0,,0,0,0,13,1,1,0,,0.0,39 57:51.991,,0,75 09:58.446,8,0,0,0,67301,1,0,0,N,1,0,0,2,67301,0,,2,1,,N,N,,0,,0,0,1,0,0,,1304,1,2,0,0,0,1,0,3,4,0,1,3,,N,,,,,,,,,,,
2006102620,1211.0,1,0,0,0,0,0,0,0,0,2,0,,67,9,2006,6,39.959,-75.217,1211.0,6,0,0,0,0,0,0,0,0,,0,0,0,23,3,0,1,,0.0,39 57:32.000,,0,75 13:01.290,9,0,0,0,67301,0,0,0,N,0,0,0,2,67301,0,,1,1,,N,N,,0,,0,0,1,3,2,,2330,0,2,0,0,0,0,2,3,4,0,2,3,,N,,,,,,,,,,,
2006105092,9999.0,1,0,0,0,0,0,0,0,0,7,0,,67,9,2006,7,40.012,-75.2033,1557.0,6,0,0,0,0,0,0,0,0,1.0,0,0,0,15,1,0,6,,1.0,40 00:39.240,1.0,8,75 12:07.560,9,0,0,0,67301,0,0,0,,0,0,0,1,67301,0,,2,9,,N,N,,0,,0,0,0,0,0,Y,1557,0,1,0,0,0,0,1,3,4,0,1,7,,N,,,,,,,,,,,
2006105098,1920.0,2,0,0,0,0,0,0,0,0,4,0,,67,8,2006,3,40.0408,-75.073,1907.0,6,0,0,0,0,0,1,0,0,,0,0,0,19,4,1,1,,0.0,40 02:26.901,,0,75 04:22.717,3,0,0,0,67301,0,0,0,N,0,0,0,2,67301,0,,1,9,,N,N,,0,,1,0,0,2,3,,1905,1,2,0,0,0,0,0,3,4,0,2,7,,N,,,,,,,,,,,
2006105137,343.0,2,0,0,0,0,0,0,0,0,1,0,,67,9,2006,7,40.0822,-74.9668,330.0,6,0,0,0,0,0,0,0,0,,0,0,0,3,3,3,1,,0.0,40 04:55.841,,0,74 58:00.429,8,0,0,0,67301,0,0,0,,0,0,0,6,67301,0,,1,9,,,,,0,,0,0,0,0,0,,330,3,2,0,0,3,3,0,3,4,0,2,7,,N,,,,,,,,,,,
2006116267,800.0,1,0,0,0,0,0,0,0,0,5,0,,67,9,2006,3,39.9074,-75.1888,804.0,6,0,0,0,0,0,0,0,0,2.0,0,0,0,7,1,0,0,,2.0,39 54:26.682,3.0,0,75 11:19.478,9,0,0,0,67301,0,0,0,N,0,0,0,2,67301,0,,1,1,,N,N,,1,,0,0,0,0,0,N,735,0,2,0,0,0,0,1,3,4,0,2,3,,N,,,,,,,,,,,
2006123793,1334.0,2,0,0,0,0,0,0,0,0,4,0,,67,10,2006,1,40.1089,-75.0258,1330.0,6,0,0,0,0,1,1,0,0,,0,0,0,13,1,3,0,,0.0,40 06:31.000,,0,75 01:33.172,4,0,0,0,67301,0,0,0,N,0,0,0,3,67301,1,,1,1,,N,N,,0,,0,0,0,0,0,,1328,3,2,0,0,0,2,0,3,4,0,2,3,,N,,,,,,,,,,,
2006054545,1034.0,2,0,0,0,0,0,0,0,0,7,1,,67,4,2006,4,39.9593,-75.1805,1033.0,6,0,0,0,0,0,2,0,0,1.0,0,1,0,10,1,1,3,,2.0,39 57:34.000,3.0,2,75 10:51.894,8,0,0,0,67301,0,0,0,Y,0,0,0,6,67301,0,,4,1,,N,N,,0,,0,0,0,0,0,N,1033,1,3,0,0,0,1,0,3,4,0,3,3,,N,,,,,,,,,,,
2006054567,1549.0,2,0,0,0,0,0,0,0,0,1,0,,67,4,2006,2,40.082,-74.9666,1548.0,6,0,0,0,0,0,1,0,0,1.0,0,0,0,15,1,3,0,,1.0,40 04:55.000,3.0,0,74 57:59.624,4,0,0,0,67301,0,0,0,,0,0,0,7,67301,3,,1,9,,,,,1,,0,0,0,0,0,N,1548,3,3,0,0,0,0,0,3,4,0,3,7,,N,,,,,,,,,,,
2006080888,1910.0,1,0,0,0,0,0,0,0,0,4,0,,67,7,2006,7,,,1901.0,6,0,0,0,0,0,0,0,0,,0,0,0,18,1,1,0,,0.0,,,0,,3,0,0,1,67301,0,0,0,N,0,0,0,2,67301,0,,1,1,,N,N,,0,,1,0,0,3,2,,1855,1,2,0,0,0,0,0,3,3,0,2,7,,N,,,,,,,,,,,
2006080897,9999.0,2,0,0,0,0,0,0,0,0,2,0,,67,6,2006,4,,,9999.0,6,0,0,0,0,0,1,0,0,,0,0,0,99,1,0,2,,0.0,,,0,,0,0,0,0,67301,0,0,0,N,0,0,0,3,67301,0,,1,1,,N,N,,0,,0,0,0,3,3,,9999,0,2,0,0,0,0,0,3,3,0,2,3,,N,,,,,,,,,,,
2006093862,1140.0,0,0,0,1,0,0,0,0,0,8,0,,67,8,2006,1,,,1136.0,6,0,0,0,0,0,0,0,0,,0,0,0,11,1,1,1,,0.0,,,0,,4,0,0,0,67301,1,0,0,N,0,0,0,2,67301,1,,1,1,,N,N,,0,,0,0,1,3,2,,1130,1,2,0,0,0,0,0,3,3,0,1,3,,N,,,,,,,,,,,
2006083415,841.0,2,0,0,0,0,0,0,0,0,2,0,,67,5,2006,2,40.0428,-75.1135,839.0,6,0,0,0,0,0,0,1,0,1.0,0,0,0,8,1,1,1,,1.0,40 02:33.000,1.0,0,75 06:48.999,8,0,0,0,67301,0,0,0,N,0,0,0,3,67301,0,,1,9,,N,N,,0,,0,0,0,3,2,N,836,1,2,0,0,0,1,0,3,4,0,2,7,,N,,,,,,,,,,,
2006081061,927.0,1,0,0,0,0,0,0,0,0,8,0,,67,6,2006,3,39.9787,-75.1583,926.0,6,0,0,0,0,0,1,0,0,2.0,0,0,0,9,1,1,0,,2.0,39 58:43.000,6.0,0,75 09:29.974,4,0,0,0,67301,1,0,0,N,1,0,0,2,67301,1,,1,1,,N,N,,0,,0,0,0,3,2,Y,926,1,2,0,0,0,0,0,3,4,0,1,7,,N,,,,,,,,,,,
2006083924,729.0,2,0,0,0,0,0,0,0,0,1,0,,67,6,2006,6,39.9583,-75.1804,723.0,6,0,0,0,0,0,0,0,0,1.0,0,0,0,7,1,2,0,,2.0,39 57:26.000,3.0,0,75 10:49.366,3,0,0,0,67301,0,0,0,,0,0,0,2,67301,0,,1,1,,N,N,,0,,2,0,0,0,0,N,721,2,2,0,0,0,0,0,3,4,0,2,3,,N,,,,,,,,,,,
2006103672,1701.0,1,0,0,0,0,0,0,0,0,1,0,,67,9,2006,2,40.042,-75.0041,1655.0,6,0,0,0,0,0,1,0,0,,0,0,0,16,1,0,0,,0.0,40 02:31.200,,0,75 00:13.680,0,0,0,0,67301,0,0,0,N,0,0,0,2,67301,0,,1,1,,N,N,,0,,0,0,1,0,0,,1654,0,2,0,0,1,0,0,3,4,0,2,3,,N,,,,,,,,,,,
2006103696,756.0,1,0,0,0,0,0,0,0,0,4,0,,67,9,2006,5,40.0447,-75.2205,750.0,6,0,0,0,0,0,0,0,0,3.0,0,0,0,7,1,2,2,,1.0,40 02:40.938,5.0,0,75 13:13.911,8,0,0,0,67301,0,0,0,N,0,0,0,2,67301,0,,1,1,,N,N,,0,,0,0,1,0,0,N,745,2,2,0,0,0,2,0,3,4,0,2,3,,N,,,,,,,,,,,
2006113913,2058.0,2,0,0,0,0,0,0,0,0,4,0,,67,10,2006,4,40.0559,-75.0453,1958.0,6,0,0,1,0,0,0,0,0,,0,0,0,19,1,1,1,,0.0,40 03:21.000,,0,75 02:43.201,8,0,0,0,67301,0,0,0,N,0,0,0,4,67301,0,,1,9,,N,N,,0,,0,0,0,3,2,,1905,1,2,0,0,0,1,2,3,4,0,2,7,,N,,,,,,,,,,,
2006106572,1827.0,2,0,0,0,0,0,0,0,0,1,0,,67,9,2006,4,39.9235,-75.1748,1826.0,6,0,0,0,0,0,0,1,0,1.0,0,0,0,18,1,1,0,,2.0,39 55:24.636,2.0,0,75 10:29.325,4,0,0,0,67301,0,0,0,N,0,0,0,3,67301,1,,1,1,,N,N,,0,,0,0,0,0,0,Y,1826,1,2,0,0,1,0,0,3,4,0,2,3,,N,,,,,,,,,,,
2006104246,850.0,1,0,0,0,0,0,0,0,0,4,0,,67,8,2006,3,40.0034,-75.0821,832.0,6,0,0,0,0,0,0,0,0,,0,0,0,8,1,2,2,,0.0,40 00:12.240,,7,75 04:55.621,8,0,0,0,67301,0,0,0,N,0,0,0,2,67301,0,,1,1,,N,N,,0,,0,0,1,3,3,,820,2,2,0,0,0,2,0,3,4,0,2,3,,N,,,,,,,,,,,
2006104294,810.0,1,0,0,0,0,0,0,0,0,5,0,,67,8,2006,4,40.0314,-75.1548,755.0,6,0,0,0,0,0,1,0,0,,0,0,0,7,1,0,1,,0.0,40 01:53.151,,0,75 09:17.114,9,0,0,0,67301,0,0,0,N,0,0,0,2,67301,0,,1,1,,N,N,,1,,0,0,0,0,0,,753,0,2,0,0,0,0,1,3,4,0,2,3,,N,,,,,,,,,,,
2006101909,900.0,0,0,0,0,0,0,0,0,0,8,0,,67,9,2006,3,40.0173,-75.1163,857.0,6,0,0,0,0,0,0,0,0,,0,0,0,14,1,1,3,,0.0,40 01:02.000,,0,75 06:58.216,4,0,0,0,67301,1,0,0,N,1,0,0,2,67301,1,,1,9,,N,N,,0,,0,0,0,3,2,,1450,1,2,0,0,0,0,0,3,4,0,1,7,,N,,,,,,,,,,,
2006101910,9999.0,3,0,0,0,0,0,0,0,0,1,0,,67,9,2006,4,40.0041,-75.126,2321.0,6,0,1,0,0,0,0,0,0,2.0,0,0,0,23,3,5,0,,2.0,40 00:14.580,3.0,0,75 07:33.762,2,0,0,0,67301,0,0,0,N,0,0,0,5,67301,0,,6,1,,N,N,,0,,3,2,0,0,0,Y,2321,5,4,0,2,5,0,0,3,4,1,4,99,,N,,,,,,,,,,,
2006125507,1600.0,1,0,0,0,0,0,0,0,0,8,0,,67,11,2006,2,40.0098,-75.151,1540.0,6,0,0,0,0,0,0,0,0,,0,0,0,14,1,1,1,,0.0,40 00:35.000,,0,75 09:04.251,4,0,0,0,67301,1,0,0,,1,0,0,2,67301,1,,1,1,,,,,0,,0,0,0,0,0,,1400,1,2,0,0,0,0,1,3,4,0,1,99,,N,,,,,,,,,,,
2006114015,1845.0,1,0,0,0,0,0,0,0,0,8,0,,67,10,2006,4,40.0424,-75.0827,1841.0,6,0,0,0,0,0,1,0,0,,0,0,0,18,3,1,1,,0.0,40 02:32.000,,0,75 04:57.563,8,0,0,0,67301,1,0,0,N,1,0,0,2,67301,0,,1,9,,N,N,,0,,0,0,0,3,2,,1839,1,2,0,0,0,1,0,3,4,0,1,7,,N,,,,,,,,,,,
2006082647,801.0,1,0,0,0,0,0,0,0,0,8,0,,67,7,2006,4,,,800.0,6,0,0,0,0,0,1,0,0,,0,0,0,7,1,1,2,,0.0,,,0,,4,0,0,0,67301,1,0,0,N,1,0,0,2,67301,1,,1,1,,N,N,,0,,0,0,0,3,3,,745,1,2,0,0,0,0,0,3,3,0,1,3,,N,,,,,,,,,,,
2006082662,1959.0,2,0,0,0,0,0,0,0,0,7,0,,67,6,2006,1,39.9476,-75.2495,1956.0,6,0,0,0,0,0,0,0,0,1.0,0,0,0,19,1,0,0,,1.0,39 56:51.000,3.0,0,75 14:57.480,9,0,0,0,67301,0,0,0,N,0,0,0,3,67301,0,,3,9,,N,N,,0,,0,0,0,0,0,N,1950,0,2,0,0,0,0,1,3,4,0,2,7,,N,,,,,,,,,,,