CRN,ARRIVAL_TM,AUTOMOBILE_COUNT,BELTED_DEATH_COUNT,BELTED_SUSP_SERIOUS_INJ_COUNT,BICYCLE_COUNT,BICYCLE_DEATH_COUNT,BICYCLE_SUSP_SERIOUS_INJ_COUNT,BUS_COUNT,CHLDPAS_DEATH_COUNT,CHLDPAS_SUSP_SERIOUS_INJ_COUNT,COLLISION_TYPE,COMM_VEH_COUNT,CONS_ZONE_SPD_LIM,COUNTY,CRASH_MONTH,CRASH_YEAR,DAY_OF_WEEK,DEC_LAT,DEC_LONG,DISPATCH_TM,DISTRICT,DRIVER_COUNT_16YR,DRIVER_COUNT_17YR,DRIVER_COUNT_18YR,DRIVER_COUNT_19YR,DRIVER_COUNT_20YR,DRIVER_COUNT_50_64YR,DRIVER_COUNT_65_74YR,DRIVER_COUNT_75PLUS,EST_HRS_CLOSED,FATAL_COUNT,HEAVY_TRUCK_COUNT,HORSE_BUGGY_COUNT,HOUR_OF_DAY,ILLUMINATION,INJURY_COUNT,INTERSECT_TYPE,INTERSECTION_RELATED,LANE_CLOSED,LATITUDE,LN_CLOSE_DIR,LOCATION_TYPE,LONGITUDE,MAX_SEVERITY_LEVEL,MCYCLE_DEATH_COUNT,MCYCLE_SUSP_SERIOUS_INJ_COUNT,MOTORCYCLE_COUNT,MUNICIPALITY,NONMOTR_COUNT,NONMOTR_DEATH_COUNT,NONMOTR_SUSP_SERIOUS_INJ_COUNT,NTFY_HIWY_MAINT,PED_COUNT,PED_DEATH_COUNT,PED_SUSP_SERIOUS_INJ_COUNT,PERSON_COUNT,POLICE_AGCY,POSSIBLE_INJ_COUNT,RDWY_SURF_TYPE_CD,RELATION_TO_ROAD,ROAD_CONDITION,ROADWAY_CLEARED,SCH_BUS_IND,SCH_ZONE_IND,SECONDARY_CRASH,SMALL_TRUCK_COUNT,SPEC_JURIS_CD,SUSP_MINOR_INJ_COUNT,SUSP_SERIOUS_INJ_COUNT,SUV_COUNT,TCD_FUNC_CD,TCD_TYPE,TFC_DETOUR_IND,TIME_OF_DAY,TOT_INJ_COUNT,TOTAL_UNITS,UNB_DEATH_COUNT,UNB_SUSP_SERIOUS_INJ_COUNT,UNBELTED_OCC_COUNT,UNK_INJ_DEG_COUNT,UNK_INJ_PER_COUNT,URBAN_AREA,URBAN_RURAL,VAN_COUNT,VEHICLE_COUNT,WEATHER1,WEATHER2,WORK_ZONE_IND,WORK_ZONE_LOC,WORK_ZONE_TYPE,WORKERS_PRES,WZ_CLOSE_DETOUR,WZ_FLAGGER,WZ_LAW_OFFCR_IND,WZ_LN_CLOSURE,WZ_MOVING,WZ_OTHER,WZ_SHLDER_MDN,WZ_WORKERS_INJ_KILLED
2006080807,1938.0,0,0,0,0,0,0,0,0,0,6,0,,67,6,2006,4,,,1936.0,6,0,0,0,0,0,0,0,0,2.0,0,0,0,19,4,1,0,,1.0,,4.0,0,,4,0,0,0,67301,0,0,0,N,0,0,0,2,67301,1,,1,9,,,N,,2,,0,0,0,0,0,N,1935,1,2,0,0,0,0,0,3,3,0,2,7,,N,,,,,,,,,,,
2006080820,2235.0,0,0,0,0,0,0,0,0,0,7,0,,67,6,2006,7,,,2227.0,6,0,0,0,0,0,0,0,0,,0,0,0,22,3,1,2,,0.0,,,6,,4,0,0,0,67301,0,0,0,N,0,0,0,1,67301,1,,4,1,,N,N,,0,,0,0,1,0,0,,2215,1,1,0,0,0,0,0,3,3,0,1,3,,N,,,,,,,,,,,
2006082998,550.0,2,0,0,0,0,0,0,0,0,1,0,,67,5,2006,6,,,550.0,6,0,0,0,0,0,0,0,0,,0,0,0,99,1,1,7,,0.0,,,0,,8,0,0,0,67301,0,0,0,N,0,0,0,2,67301,0,,7,1,,N,N,,0,,0,0,0,9,3,,9999,1,2,0,0,2,1,0,3,3,0,2,3,,N,,,,,,,,,,,
2006021656,2120.0,2,0,0,0,0,0,0,0,0,1,0,,67,1,2006,7,,,2115.0,6,0,0,0,1,0,0,0,0,,0,0,0,20,3,4,0,,0.0,,,0,,8,0,0,0,67301,0,0,0,N,0,0,0,6,67301,0,,1,9,,N,N,,0,,0,0,0,0,0,,2030,4,2,0,0,0,4,0,3,3,0,2,10,,N,,,,,,,,,,,
2006103880,1830.0,1,0,0,0,0,0,0,0,0,5,1,,67,8,2006,2,40.0392,-75.11,1805.0,6,0,0,0,0,0,1,0,0,,0,1,0,17,1,0,0,,0.0,40 02:21.000,,0,75 06:36.230,0,0,0,0,67301,0,0,0,,0,0,0,2,67301,0,,1,1,,,,,0,,0,0,0,0,0,,1715,0,2,0,0,0,0,0,3,4,0,2,3,,N,,,,,,,,,,,
2006080086,1756.0,0,0,0,0,0,0,0,0,0,1,0,,67,6,2006,4,40.0336,-75.1821,1753.0,6,0,0,0,0,0,0,0,0,,0,0,0,13,1,1,2,,0.0,40 02:00.000,,0,75 10:55.654,4,0,0,0,67301,0,0,0,N,0,0,0,2,67301,1,,1,9,,N,N,,0,,0,0,0,3,3,,1300,1,2,0,0,0,0,1,3,4,2,2,7,,N,,,,,,,,,,,
2006125312,1420.0,0,0,0,0,0,0,0,0,0,0,0,,67,11,2006,1,39.968,-75.1297,1411.0,6,0,0,0,0,0,0,0,0,1.0,0,0,0,14,1,2,7,,1.0,39 58:02.000,1.0,2,75 07:55.981,8,0,0,1,67301,0,0,0,N,0,0,0,2,67301,0,,7,1,,N,N,,0,,0,0,0,0,0,N,1404,2,1,0,0,0,2,0,3,4,0,1,3,,N,,,,,,,,,,,
2006125394,1615.0,1,0,0,0,0,0,0,0,0,8,0,,67,10,2006,2,40.0104,-75.0792,1600.0,6,0,0,0,0,0,0,0,0,,0,0,0,16,1,1,0,,0.0,40 00:37.541,,0,75 04:45.166,4,0,0,0,67301,1,0,0,N,1,0,0,2,67301,1,,2,1,,N,N,,0,,0,0,0,0,0,,1600,1,2,0,0,0,0,0,3,4,0,1,3,,N,,,,,,,,,,,
2006082606,528.0,1,0,0,0,0,0,0,0,0,1,0,,67,7,2006,7,40.0774,-75.0384,524.0,6,0,0,0,0,0,0,0,0,,0,0,0,5,1,0,0,,0.0,40 04:38.758,,0,75 02:18.391,9,0,0,0,67301,0,0,0,N,0,0,0,1,67301,0,,2,1,,N,N,,0,,0,0,1,0,0,,524,0,3,0,0,0,0,1,3,4,1,3,3,,N,,,,,,,,,,,
2006082640,930.0,1,0,0,0,0,0,0,0,0,4,0,,67,7,2006,6,,,920.0,6,0,0,1,0,0,0,0,0,,0,0,0,9,1,1,2,,0.0,,,0,,4,0,0,1,67301,0,0,0,N,0,0,0,2,67301,1,,1,1,,N,N,,0,,0,0,0,0,0,,915,1,2,0,0,0,0,0,3,3,0,2,3,,N,,,,,,,,,,,
2006103499,2013.0,2,0,0,0,0,0,0,0,0,3,0,,67,9,2006,2,39.962,-75.1585,2010.0,6,0,0,0,0,0,1,0,0,,0,0,0,20,3,1,0,,0.0,39 57:43.000,,0,75 09:30.631,8,0,0,0,67301,0,0,0,,0,0,0,1,67301,0,,6,1,,N,N,,0,,0,0,1,3,1,,2005,1,3,0,0,0,1,0,3,4,0,3,3,,N,,,,,,,,,,,
2006065584,921.0,2,0,0,0,0,0,0,0,0,4,0,,67,5,2006,4,40.0079,-75.1723,920.0,6,0,0,0,0,1,0,0,0,,0,0,0,9,1,0,1,,0.0,40 00:28.000,,0,75 10:20.930,0,0,0,0,67301,0,0,0,N,0,0,0,2,67301,0,,1,1,,N,N,,0,,0,0,0,0,0,,920,0,2,0,0,0,0,0,3,4,0,2,3,,N,,,,,,,,,,,
2006065607,945.0,0,0,0,0,0,0,0,0,0,7,0,,67,5,2006,2,40.0247,-75.0309,938.0,6,0,0,0,0,0,0,0,0,,0,1,0,9,1,1,0,,0.0,40 01:26.000,,2,75 01:51.355,4,0,0,0,67301,0,0,0,N,0,0,0,1,67301,1,,2,9,,N,N,,0,,0,0,0,0,0,,928,1,1,0,0,0,0,0,3,4,0,1,7,,N,,,,,,,,,,,
2006065647,1245.0,1,0,0,1,0,0,0,0,0,4,0,,67,5,2006,7,,,1243.0,6,0,0,0,0,0,0,0,0,,0,0,0,12,1,1,1,,0.0,,,0,,4,0,0,0,67301,1,0,0,N,0,0,0,2,67301,1,,1,1,,N,N,,0,,0,0,0,3,2,,1240,1,2,0,0,0,0,0,3,3,0,1,3,,N,,,,,,,,,,,
2006115420,1445.0,2,0,0,0,0,0,0,0,0,4,0,,67,10,2006,6,39.9455,-75.1532,1440.0,6,0,0,0,0,0,0,0,0,,0,0,0,14,1,1,1,,0.0,39 56:43.886,,0,75 09:11.444,3,0,0,0,67301,0,0,0,Y,0,0,0,2,67301,0,,1,9,,N,,,0,,1,0,0,3,2,,1435,1,2,0,0,0,0,0,3,4,0,2,7,,N,,,,,,,,,,,
2006115583,208.0,2,0,0,0,0,0,0,0,0,5,0,,67,10,2006,2,40.0994,-74.9866,205.0,6,0,0,0,0,0,0,0,0,,0,0,0,2,3,1,0,,0.0,40 05:57.856,,0,74 59:11.723,4,0,0,0,67301,0,0,0,,0,0,0,6,67301,1,,1,1,,N,N,,0,,0,0,1,0,0,,200,1,3,0,0,0,0,1,3,4,0,3,3,,N,,,,,,,,,,,
2006115394,36.0,2,0,0,0,0,0,0,0,0,1,0,,67,10,2006,1,,,29.0,6,0,0,0,0,0,0,0,0,,0,0,0,0,3,1,0,,0.0,,,0,,4,0,0,0,67301,0,0,0,N,0,0,0,2,67301,1,,1,1,,N,N,,0,,0,0,0,0,0,,10,1,2,0,0,0,0,0,3,3,0,2,3,,N,,,,,,,,,,,
2006124275,1730.0,1,0,0,0,0,0,1,0,0,1,1,,67,10,2006,6,40.0462,-75.0792,1715.0,6,0,0,0,0,0,0,0,0,,0,0,0,17,4,1,1,,0.0,40 02:46.150,,0,75 04:44.993,8,0,0,0,67301,0,0,0,N,0,0,0,2,67301,0,,1,9,,N,N,,0,,0,0,0,3,2,,1715,1,2,0,0,0,1,0,3,4,0,2,7,,N,,,,,,,,,,,
2006124390,1845.0,1,0,0,0,0,0,0,0,0,8,0,,67,10,2006,1,39.9758,-75.1584,1837.0,6,0,0,0,0,0,0,0,0,,0,0,0,18,3,1,1,,0.0,39 58:33.000,,0,75 09:30.687,3,0,0,0,67301,1,0,0,N,1,0,0,2,67301,0,,1,1,,N,N,,0,,1,0,0,3,2,,1820,1,2,0,0,0,0,1,3,4,0,1,3,,N,,,,,,,,,,,
2006114382,2019.0,2,0,0,0,0,0,0,0,0,4,0,99.0,67,10,2006,4,39.9922,-75.2457,1957.0,6,0,0,0,0,0,1,1,0,,0,0,0,19,3,1,2,,0.0,39 59:31.000,,0,75 14:44.334,8,0,0,0,67301,0,0,0,N,0,0,0,2,67301,0,,1,1,,N,N,,0,,0,0,0,3,2,,1956,1,2,0,0,0,1,0,3,4,0,2,3,,Y,8.0,8.0,U,,,U,,,,,
2006114746,905.0,2,0,0,0,0,0,0,0,0,4,0,,67,10,2006,5,40.0398,-75.0327,905.0,6,0,0,0,0,0,1,0,0,,0,0,0,9,1,1,1,,0.0,40 02:23.000,,0,75 01:57.824,4,0,0,0,67301,0,0,0,N,0,0,0,2,67301,1,,1,1,,N,N,,0,,0,0,0,9,3,,905,1,2,0,0,0,0,0,3,4,0,2,3,,N,,,,,,,,,,,
2006102612,9999.0,2,0,0,0,0,0,0,0,0,1,0,,67,8,2006,1,40.0118,-75.2032,2245.0,6,0,0,0,0,0,0,0,0,9.0,0,0,0,22,3,1,0,,1.0,40 00:40.000,1.0,0,75 12:08.922,3,0,0,0,67301,0,0,0,N,0,0,0,2,67301,0,,1,9,,N,N,,0,,1,0,0,0,0,N,2240,1,2,0,0,2,0,0,3,4,0,2,7,,N,,,,,,,,,,,
2006123789,1717.0,2,0,0,0,0,0,0,0,0,1,0,,67,10,2006,3,39.9751,-75.1159,1715.0,6,0,0,0,0,0,0,0,0,,0,0,0,17,1,0,0,,0.0,39 58:31.440,,0,75 06:56.880,0,0,0,0,67301,0,0,0,N,0,0,0,2,67301,0,,1,9,,N,N,,0,,0,0,0,0,0,,1700,0,2,0,0,0,0,0,3,4,0,2,7,,N,,,,,,,,,,,
2006123825,1731.0,1,0,0,0,0,0,0,0,0,4,0,,67,10,2006,7,40.0582,-75.1632,1728.0,6,0,0,0,0,0,0,0,1,,0,0,0,99,1,1,2,,0.0,40 03:29.000,,0,75 09:47.401,4,0,0,0,67301,0,0,0,N,0,0,0,3,67301,1,,1,1,,N,N,,0,,0,0,1,3,3,,9999,1,2,0,0,0,0,0,3,4,0,2,3,,N,,,,,,,,,,,
2006123944,1922.0,2,0,0,0,0,0,0,0,0,1,0,,67,10,2006,1,39.9961,-75.171,1920.0,6,0,0,0,0,0,0,0,0,1.0,0,0,0,19,3,0,0,,2.0,39 59:45.813,3.0,0,75 10:15.516,0,0,0,0,67301,0,0,0,N,0,0,0,3,67301,0,,1,1,,N,N,,0,,0,0,0,2,2,N,1920,0,2,0,0,1,0,0,3,4,0,2,3,,N,,,,,,,,,,,
2006093415,1350.0,3,0,0,0,0,0,0,0,0,2,0,,67,7,2006,7,40.0101,-75.1216,1345.0,6,0,0,0,0,0,1,0,0,,0,0,0,13,1,1,1,,0.0,40 00:36.000,,0,75 07:17.632,8,0,0,0,67301,0,0,0,N,0,0,0,2,67301,0,,1,1,,N,N,,0,,0,0,0,3,2,,1340,1,3,0,0,2,1,0,3,4,0,3,3,,N,,,,,,,,,,,
2006054606,1552.0,1,0,0,0,0,0,0,0,0,4,0,,67,4,2006,4,,,1549.0,6,0,0,0,0,0,0,0,0,,0,0,0,15,1,0,1,,0.0,,,0,,9,0,0,0,67301,0,0,0,,0,0,0,2,67301,0,,1,1,,,,,0,,0,0,1,3,2,,1545,0,2,0,0,0,0,1,3,3,0,2,3,,N,,,,,,,,,,,
2006083314,1902.0,2,0,0,0,0,0,0,0,0,2,0,,67,7,2006,1,40.0647,-75.1745,1859.0,6,0,0,0,0,0,0,1,0,,0,0,0,18,4,2,0,,0.0,40 03:53.000,,0,75 10:28.145,4,0,0,0,67301,0,0,0,N,0,0,0,3,67301,2,,1,9,,N,N,,0,,0,0,0,0,0,,1855,2,2,0,0,0,0,1,3,4,0,2,7,,N,,,,,,,,,,,
2006080959,1645.0,2,0,0,0,0,0,0,0,0,4,0,,67,7,2006,2,40.0741,-75.1909,1636.0,6,0,0,0,0,0,0,0,1,3.0,0,0,0,15,1,1,1,,1.0,40 04:26.000,2.0,0,75 11:27.185,3,0,0,0,67301,0,0,0,N,0,0,0,2,67301,0,,1,1,,N,N,,0,,1,0,0,3,2,Y,1517,1,2,0,0,0,0,1,3,4,0,2,3,,N,,,,,,,,,,,
2006081068,2011.0,0,0,0,1,0,0,0,0,0,6,0,,67,6,2006,5,,,9999.0,6,0,0,0,0,0,0,0,0,,0,0,0,20,3,1,1,,0.0,,,0,,4,0,0,0,67301,1,0,0,,0,0,0,2,67301,1,,1,9,,,,,0,,0,0,1,3,2,,2009,1,2,0,0,1,0,0,3,3,0,1,7,,N,,,,,,,,,,,
2006081007,1127.0,2,0,0,0,0,0,0,0,0,1,0,,67,5,2006,6,,,1120.0,6,0,0,0,0,0,1,0,1,,0,0,0,11,1,1,0,,0.0,,,0,,8,0,0,0,67301,0,0,0,N,0,0,0,2,67301,0,,1,1,,N,N,,0,,0,0,0,0,0,,1117,1,2,0,0,0,1,0,3,3,0,2,3,,N,,,,,,,,,,,
2006130652,1059.0,1,0,0,0,0,0,0,0,0,1,0,,67,5,2006,1,40.0571,-75.1289,1059.0,6,0,0,0,0,0,1,0,0,1.0,0,0,0,10,1,0,0,,2.0,40 03:25.000,4.0,0,75 07:43.738,0,0,0,0,67301,0,0,0,N,0,0,0,2,46102,0,,1,1,,N,N,,0,,0,0,1,0,0,N,1059,0,2,0,0,0,0,0,3,4,0,2,3,,N,,,,,,,,,,,
2006104318,1455.0,2,0,0,0,0,0,0,0,0,4,0,,67,9,2006,7,,,1445.0,6,0,0,0,0,0,1,0,0,,0,0,0,14,1,1,1,,0.0,,,0,,4,0,0,0,67301,0,0,0,N,0,0,0,3,67301,1,,1,9,,N,N,,0,,0,0,0,2,2,,1440,1,2,0,0,2,0,0,3,3,0,2,7,,N,,,,,,,,,,,
2006101839,848.0,0,0,0,0,0,0,0,0,0,5,0,,67,9,2006,5,,,847.0,6,0,0,0,0,0,0,0,0,,0,1,0,8,1,1,1,,0.0,,,0,,4,0,0,0,67301,0,0,0,N,0,0,0,3,67301,1,,1,1,,N,N,,0,,0,0,0,0,0,,815,1,2,0,0,2,0,0,3,3,1,2,3,,N,,,,,,,,,,,
2006101899,200.0,2,0,0,0,0,0,0,0,0,1,0,,67,7,2006,1,,,150.0,6,0,0,0,0,0,0,0,0,,0,0,0,1,3,1,0,,0.0,,,0,,4,0,0,0,67301,0,0,0,N,0,0,0,3,67301,1,,1,1,,N,N,,0,,0,0,0,0,0,,150,1,2,0,0,2,0,1,3,3,0,2,3,,N,,,,,,,,,,,
2006125494,2055.0,2,0,0,0,0,0,0,0,0,4,0,,67,11,2006,4,39.9428,-75.2291,2040.0,6,0,0,0,0,1,0,0,0,,0,0,0,20,3,3,1,,0.0,39 56:33.903,,0,75 13:44.637,8,0,0,0,67301,0,0,0,N,0,0,0,3,67301,0,,1,9,,N,N,,0,,0,0,0,3,3,,2035,3,3,0,0,0,3,0,3,4,1,3,7,,N,,,,,,,,,,,
2006101610,1308.0,2,0,0,1,1,0,0,0,0,2,0,,67,9,2006,6,40.0468,-75.0703,1307.0,6,0,0,0,0,0,0,0,0,,1,0,0,13,1,1,1,,0.0,40 02:48.000,,0,75 04:13.036,1,0,0,0,67301,1,1,0,N,0,0,0,3,67301,0,2.0,1,9,,N,N,,0,0.0,0,0,0,3,2,,1305,1,3,0,0,0,1,0,3,4,0,2,7,,N,,,,,,,,,,,
2006102843,1006.0,3,0,0,0,0,0,0,0,0,4,0,,67,9,2006,4,40.0429,-75.1439,1005.0,6,0,0,0,0,0,1,0,0,,0,0,0,9,1,0,1,,0.0,40 02:34.000,,0,75 08:38.142,9,0,0,0,67301,0,0,0,N,0,0,0,2,67301,0,,1,1,,N,N,,0,,0,0,0,3,3,,959,0,3,0,0,2,0,1,3,4,0,3,3,,N,,,,,,,,,,,
2006083061,10.0,1,0,0,0,0,0,0,0,0,7,0,,67,6,2006,7,39.9481,-75.187,9999.0,6,0,0,0,0,0,0,0,0,,0,0,0,0,3,0,3,,0.0,39 56:53.196,,2,75 11:13.065,0,0,0,0,67301,0,0,0,N,0,0,0,1,67301,0,,2,2,,N,N,,0,,0,0,0,0,0,,10,0,1,0,0,0,0,0,3,4,0,1,7,,N,,,,,,,,,,,
2006080804,1145.0,2,0,0,0,0,0,0,0,0,1,0,,67,6,2006,3,40.0625,-75.0429,1145.0,6,0,0,0,0,0,0,0,0,1.0,0,0,0,11,1,2,1,,1.0,40 03:44.640,2.0,0,75 02:35.160,8,0,0,0,67301,0,0,0,N,0,0,0,2,67301,0,,1,1,,N,N,,0,,0,0,0,3,2,N,1145,2,2,0,0,1,2,0,3,4,0,2,3,,N,,,,,,,,,,,
2006083116,706.0,1,0,0,0,0,0,0,0,0,4,0,,67,6,2006,7,,,701.0,6,0,0,0,0,0,1,0,0,1.0,0,0,0,6,1,2,0,,2.0,,7.0,0,,3,0,0,0,67301,0,0,0,N,0,0,0,2,67301,1,,1,9,,N,N,,0,,1,0,1,0,0,Y,655,2,2,0,0,0,0,0,3,3,0,2,7,,N,,,,,,,,,,,
2006080843,1508.0,0,0,0,1,0,0,0,0,0,4,0,,67,7,2006,3,39.9308,-75.1706,1505.0,6,0,0,0,0,0,1,0,0,,0,0,0,14,1,1,1,,0.0,39 55:50.772,,0,75 10:14.026,8,0,0,0,67301,1,0,0,N,0,0,0,2,67301,0,,1,1,,N,N,,0,,0,0,0,0,0,,1459,1,2,0,0,0,1,0,3,4,1,1,3,,N,,,,,,,,,,,
2006103860,1758.0,3,0,0,0,0,0,0,0,0,4,0,,67,8,2006,3,40.0296,-75.0868,1754.0,6,0,0,0,0,0,0,0,0,2.0,0,0,0,17,1,1,1,,2.0,40 01:46.000,7.0,0,75 05:12.486,8,0,0,1,67301,0,0,0,,0,0,0,2,67301,0,,1,1,,N,N,,0,,0,0,0,3,2,N,1754,1,4,0,0,0,1,0,3,4,0,4,3,,N,,,,,,,,,,,
2006082574,748.0,2,0,0,0,0,0,0,0,0,4,0,,67,6,2006,5,40.0314,-75.0849,741.0,6,0,0,0,0,0,0,0,0,,0,0,0,7,1,5,5,,0.0,40 01:53.211,,0,75 05:04.703,3,0,0,0,67301,0,0,0,N,0,0,0,6,67301,0,,1,1,,N,N,,0,,3,0,0,3,2,,741,5,2,0,0,0,2,1,3,4,0,2,3,,N,,,,,,,,,,,
2006080130,42.0,2,0,0,0,0,0,0,0,0,4,0,,67,6,2006,6,,,39.0,6,0,0,0,0,0,0,0,0,,0,0,0,0,3,1,1,,0.0,,,0,,8,0,0,0,67301,0,0,0,N,0,0,0,3,67301,0,,1,9,,N,N,,0,,0,0,0,3,3,,35,1,2,0,0,0,1,0,3,3,0,2,3,,N,,,,,,,,,,,
2006112797,1656.0,1,0,0,0,0,0,0,0,0,7,0,,67,10,2006,4,,,1652.0,6,0,0,0,0,0,0,0,0,3.0,0,0,0,16,1,1,0,,2.0,,3.0,0,,8,0,0,0,67301,0,0,0,N,0,0,0,1,67301,0,,5,9,,N,N,,0,,0,0,0,0,0,N,1652,1,1,0,0,0,1,0,3,3,0,1,7,,N,,,,,,,,,,,
2006112855,1328.0,1,0,0,0,0,0,0,0,0,4,0,,67,9,2006,7,40.0316,-75.2076,1326.0,6,0,0,0,0,0,0,1,0,,0,0,0,13,1,1,1,,0.0,40 01:53.000,,0,75 12:27.590,8,0,0,0,67301,0,0,0,N,0,0,0,2,67301,0,,1,1,,N,N,,0,,0,0,1,0,0,,1325,1,2,0,0,1,1,0,3,4,0,2,3,,N,,,,,,,,,,,
2006112978,1445.0,2,0,0,0,0,0,0,0,0,4,0,,67,10,2006,5,39.9973,-75.0894,9999.0,6,0,0,0,0,0,0,0,0,,0,0,0,6,1,1,1,,0.0,39 59:49.000,,0,75 05:22.511,4,0,0,0,67301,0,0,0,N,0,0,0,2,67301,1,,1,1,,N,N,,0,,0,0,0,3,2,,645,1,2,0,0,0,0,1,3,4,0,2,3,,N,,,,,,,,,,,
2006102350,431.0,1,0,0,0,0,0,0,0,0,7,0,,67,8,2006,7,39.9902,-75.1731,431.0,6,0,0,0,0,0,0,0,0,3.0,0,0,0,99,3,0,0,,1.0,39 59:24.567,2.0,0,75 10:23.206,0,0,0,0,67301,0,0,0,N,0,0,0,3,67301,0,,2,9,,N,N,,0,,0,0,0,0,0,N,9999,0,1,0,0,3,0,0,3,4,0,1,3,,N,,,,,,,,,,,
2006124259,1735.0,1,0,0,0,0,0,0,0,0,1,0,,67,10,2006,2,40.0348,-75.0871,1728.0,6,0,0,0,0,0,0,0,0,,0,0,0,16,1,1,1,,0.0,40 02:05.000,,0,75 05:13.815,4,0,0,0,67301,0,0,0,N,0,0,0,2,67301,1,,1,1,,N,N,,0,,0,0,1,9,2,,1600,1,2,0,0,0,0,0,3,4,0,2,3,,N,,,,,,,,,,,
2006114721,1143.0,1,0,0,0,0,0,0,0,0,6,0,,67,9,2006,6,39.936,-75.1823,1141.0,6,0,1,0,0,0,0,0,0,,0,0,0,11,1,1,1,,0.0,39 56:09.767,,0,75 10:56.196,3,0,0,1,67301,0,0,0,N,0,0,0,2,67301,0,,1,1,,N,N,,0,,1,0,0,9,3,,1140,1,2,0,0,0,0,0,3,4,0,2,3,,N,,,,,,,,,,,
2006105134,815.0,1,0,0,0,0,0,1,0,0,1,1,,67,9,2006,6,40.0672,-75.1661,755.0,6,0,0,0,0,0,0,0,0,,0,0,0,7,1,1,1,,0.0,40 04:02.000,,0,75 09:57.692,4,0,0,0,67301,0,0,0,N,0,0,0,13,67301,1,,1,9,,Y,N,,0,,0,0,0,3,2,,750,1,2,0,0,0,0,0,3,4,0,2,7,,N,,,,,,,,,,,
2006105148,1408.0,1,0,0,0,0,0,0,0,0,4,0,,67,9,2006,3,40.0093,-75.069,1355.0,6,0,0,0,0,0,0,0,0,,0,0,0,13,1,3,1,,0.0,40 00:33.000,,0,75 04:08.517,3,0,0,0,67301,0,0,0,N,0,0,0,3,67301,1,,1,9,,N,N,,0,,2,0,0,3,2,,1353,3,2,0,0,3,0,0,3,4,1,2,7,,N,,,,,,,,,,,
2006105167,1310.0,1,0,0,0,0,0,0,0,0,2,0,,67,8,2006,3,40.0404,-75.0655,1308.0,6,0,0,0,1,0,1,0,0,,0,0,0,13,1,1,3,,0.0,40 02:25.000,,0,75 03:56.356,4,0,0,0,67301,0,0,0,N,0,0,0,2,67301,1,,1,9,,,N,,0,,0,0,0,3,2,,1300,1,2,0,0,0,0,0,3,4,1,2,3,,N,,,,,,,,,,,
2006123816,940.0,0,0,0,0,0,0,1,0,0,1,2,,67,10,2006,6,39.9772,-75.2268,930.0,6,0,0,0,0,0,0,0,0,,0,1,0,9,1,6,1,,0.0,39 58:38.000,,0,75 13:36.778,2,0,0,0,67301,0,0,0,N,0,0,0,8,67301,0,,1,1,,N,N,,0,,0,2,0,0,0,,915,6,2,0,0,0,4,1,3,4,0,2,3,,N,,,,,,,,,,,
2006123946,1757.0,1,0,0,0,0,0,0,0,0,1,0,,67,10,2006,2,,,1754.0,6,0,0,0,0,0,1,0,0,2.0,0,0,0,17,4,1,0,,2.0,,5.0,0,,4,0,0,0,67301,0,0,0,N,0,0,0,1,67301,1,,6,1,,N,N,,1,,0,0,0,0,0,Y,1752,1,2,0,0,0,0,0,3,3,0,2,3,,N,,,,,,,,,,,
2006124017,17.0,1,0,0,0,0,0,0,0,0,8,0,,67,10,2006,6,,,16.0,6,0,0,0,0,0,0,0,0,,0,0,0,99,3,2,5,,0.0,,,0,,8,0,0,0,67301,2,0,0,N,2,0,0,3,67301,0,,1,9,,N,N,,0,,0,0,0,3,3,,9999,2,3,0,0,0,2,0,3,3,0,1,7,,N,,,,,,,,,,,
2006093461,9999.0,1,0,0,0,0,0,0,0,0,7,0,,67,8,2006,1,39.904,-75.2401,121.0,6,0,1,0,0,0,0,0,0,,0,0,0,99,3,0,1,,0.0,39 54:14.000,,0,75 14:24.588,0,0,0,0,67301,0,0,0,,0,0,0,4,67301,0,,5,1,,N,N,,0,,0,0,0,3,2,,9999,0,1,0,0,0,0,0,3,4,0,1,3,,N,,,,,,,,,,,
2006054534,1830.0,0,0,0,0,0,0,0,0,0,7,0,,67,4,2006,7,39.8925,-75.1975,1825.0,6,0,0,0,0,0,0,0,0,,0,0,0,18,1,1,0,,0.0,39 53:33.000,,3,75 11:50.250,4,0,0,0,67301,0,0,0,N,0,0,0,1,67301,1,,3,9,,N,N,,0,,0,0,1,0,0,,1825,1,1,0,0,0,0,0,3,4,0,1,7,,N,,,,,,,,,,,
2006054605,1210.0,2,0,0,0,0,0,0,0,0,1,0,,67,4,2006,3,39.9608,-75.1368,1210.0,6,0,0,0,0,0,2,0,0,,0,0,0,12,1,1,0,,0.0,39 57:38.954,,0,75 08:12.563,8,0,0,0,67301,0,0,0,N,0,0,0,5,67301,0,,1,1,,N,N,,1,,0,0,0,0,0,,1205,1,3,0,0,0,1,0,3,4,0,3,3,,N,,,,,,,,,,,
2006054642,1145.0,0,0,0,0,0,0,0,0,0,6,0,,67,4,2006,7,39.9375,-75.2339,1140.0,6,0,0,0,0,0,0,0,0,,0,1,0,11,1,3,0,,0.0,39 56:15.000,,0,75 14:02.193,4,0,0,0,67301,0,0,0,N,0,0,0,4,67301,3,,1,9,,N,N,,1,,0,0,0,0,0,,1110,3,2,0,0,0,0,0,3,4,0,2,7,,N,,,,,,,,,,,