CRN,ARRIVAL_TM,AUTOMOBILE_COUNT,BELTED_DEATH_COUNT,BELTED_SUSP_SERIOUS_INJ_COUNT,BICYCLE_COUNT,BICYCLE_DEATH_COUNT,BICYCLE_SUSP_SERIOUS_INJ_COUNT,BUS_COUNT,CHLDPAS_DEATH_COUNT,CHLDPAS_SUSP_SERIOUS_INJ_COUNT,COLLISION_TYPE,COMM_VEH_COUNT,CONS_ZONE_SPD_LIM,COUNTY,CRASH_MONTH,CRASH_YEAR,DAY_OF_WEEK,DEC_LAT,DEC_LONG,DISPATCH_TM,DISTRICT,DRIVER_COUNT_16YR,DRIVER_COUNT_17YR,DRIVER_COUNT_18YR,DRIVER_COUNT_19YR,DRIVER_COUNT_20YR,DRIVER_COUNT_50_64YR,DRIVER_COUNT_65_74YR,DRIVER_COUNT_75PLUS,EST_HRS_CLOSED,FATAL_COUNT,HEAVY_TRUCK_COUNT,HORSE_BUGGY_COUNT,HOUR_OF_DAY,ILLUMINATION,INJURY_COUNT,INTERSECT_TYPE,INTERSECTION_RELATED,LANE_CLOSED,LATITUDE,LN_CLOSE_DIR,LOCATION_TYPE,LONGITUDE,MAX_SEVERITY_LEVEL,MCYCLE_DEATH_COUNT,MCYCLE_SUSP_SERIOUS_INJ_COUNT,MOTORCYCLE_COUNT,MUNICIPALITY,NONMOTR_COUNT,NONMOTR_DEATH_COUNT,NONMOTR_SUSP_SERIOUS_INJ_COUNT,NTFY_HIWY_MAINT,PED_COUNT,PED_DEATH_COUNT,PED_SUSP_SERIOUS_INJ_COUNT,PERSON_COUNT,POLICE_AGCY,POSSIBLE_INJ_COUNT,RDWY_SURF_TYPE_CD,RELATION_TO_ROAD,ROAD_CONDITION,ROADWAY_CLEARED,SCH_BUS_IND,SCH_ZONE_IND,SECONDARY_CRASH,SMALL_TRUCK_COUNT,SPEC_JURIS_CD,SUSP_MINOR_INJ_COUNT,SUSP_SERIOUS_INJ_COUNT,SUV_COUNT,TCD_FUNC_CD,TCD_TYPE,TFC_DETOUR_IND,TIME_OF_DAY,TOT_INJ_COUNT,TOTAL_UNITS,UNB_DEATH_COUNT,UNB_SUSP_SERIOUS_INJ_COUNT,UNBELTED_OCC_COUNT,UNK_INJ_DEG_COUNT,UNK_INJ_PER_COUNT,URBAN_AREA,URBAN_RURAL,VAN_COUNT,VEHICLE_COUNT,WEATHER1,WEATHER2,WORK_ZONE_IND,WORK_ZONE_LOC,WORK_ZONE_TYPE,WORKERS_PRES,WZ_CLOSE_DETOUR,WZ_FLAGGER,WZ_LAW_OFFCR_IND,WZ_LN_CLOSURE,WZ_MOVING,WZ_OTHER,WZ_SHLDER_MDN,WZ_WORKERS_INJ_KILLED
2006083411,535.0,1,0,0,0,0,0,0,0,0,7,0,,67,6,2006,3,39.9559,-75.1806,530.0,6,0,0,0,0,0,1,0,0,1.0,0,0,0,5,1,0,7,,1.0,39 57:21.000,3.0,2,75 10:50.480,0,0,0,0,67301,0,0,0,Y,0,0,0,1,67301,0,,3,1,,N,N,,0,,0,0,0,0,0,N,525,0,1,0,0,0,0,0,3,4,0,1,3,,N,,,,,,,,,,,
2006080961,1630.0,2,0,0,0,0,0,0,0,0,4,0,,67,7,2006,3,40.0506,-75.1775,1620.0,6,0,0,0,0,0,0,0,1,,0,0,0,15,1,2,1,,0.0,40 03:02.196,,0,75 10:38.823,8,0,0,0,67301,0,0,0,N,0,0,0,2,67301,0,,1,1,,N,N,,0,,0,0,0,3,2,,1556,2,2,0,0,0,2,0,3,4,0,2,3,,N,,,,,,,,,,,
2006080981,2130.0,2,0,0,0,0,0,0,0,0,5,0,,67,5,2006,5,40.0543,-75.0716,2130.0,6,0,0,0,0,0,0,0,0,,0,0,0,99,3,1,1,,0.0,40 03:15.000,,0,75 04:17.582,8,0,0,0,67301,0,0,0,N,0,0,0,2,67301,0,,1,1,,N,N,,0,,0,0,0,3,2,,9999,1,2,0,0,0,1,1,3,4,0,2,3,,N,,,,,,,,,,,
2006081106,238.0,2,0,0,0,0,0,0,0,0,4,0,,67,7,2006,7,40.0507,-75.1733,235.0,6,0,0,0,0,0,0,0,0,,0,0,0,2,3,3,1,,0.0,40 03:02.000,,0,75 10:23.918,3,0,0,0,67301,0,0,0,N,0,0,0,5,67301,2,,1,1,,N,N,,0,,1,0,0,3,2,,220,3,2,0,0,0,0,1,3,4,0,2,3,,N,,,,,,,,,,,
2006083925,2312.0,2,0,0,0,0,0,0,0,0,4,0,,67,5,2006,7,40.0356,-75.1239,2309.0,6,0,0,0,1,0,0,0,0,,0,0,0,23,3,2,1,,0.0,40 02:07.000,,0,75 07:26.064,4,0,0,0,67301,0,0,0,N,0,0,0,4,67301,2,,1,1,,N,N,,0,,0,0,0,3,2,,2300,2,2,0,0,0,0,2,3,4,0,2,3,,N,,,,,,,,,,,
2006081083,2052.0,1,0,0,1,0,0,0,0,0,6,0,,67,6,2006,4,39.9461,-75.2421,2042.0,6,0,0,0,0,0,0,0,0,,0,0,0,20,3,0,5,,0.0,39 56:45.000,,0,75 14:30.637,9,0,0,0,67301,1,0,0,,0,0,0,3,67301,0,,1,9,,,,,0,,0,0,0,3,2,,2030,0,2,0,0,0,0,1,3,4,0,1,7,,N,,,,,,,,,,,
2006081118,1412.0,2,0,0,0,0,0,0,0,0,5,0,,67,6,2006,6,39.9906,-75.129,1410.0,6,0,0,0,0,0,1,0,0,1.0,0,0,0,14,1,1,2,,1.0,39 59:25.000,3.0,0,75 07:44.877,4,0,0,0,67301,0,0,0,N,0,0,0,2,67301,1,,1,1,,N,N,,0,,0,0,0,9,2,N,1408,1,2,0,0,0,0,0,3,4,0,2,3,,N,,,,,,,,,,,
2006081151,1227.0,1,0,0,0,0,0,0,0,0,7,0,,67,7,2006,5,,,1223.0,6,0,0,0,0,0,0,0,1,,0,0,0,12,1,1,0,,0.0,,,0,,8,0,0,0,67301,0,0,0,,0,0,0,1,67301,0,,2,1,,N,N,,0,,0,0,0,0,0,,1222,1,1,0,0,1,1,0,3,3,0,1,3,,N,,,,,,,,,,,
2006081360,1715.0,4,0,0,0,0,0,0,0,0,1,0,,67,5,2006,3,39.9586,-75.1687,1710.0,6,0,0,0,1,0,0,0,0,1.0,0,0,0,17,1,1,0,,1.0,39 57:30.960,3.0,0,75 10:07.320,8,0,0,0,67301,0,0,0,N,0,0,0,4,67301,0,,1,1,,N,N,,0,,0,0,0,0,0,N,1705,1,4,0,0,0,1,0,3,4,0,4,3,,N,,,,,,,,,,,
2006081491,2208.0,1,0,0,0,0,0,0,0,0,7,0,,67,5,2006,5,,,2208.0,6,0,0,0,0,0,0,0,0,1.0,0,0,0,22,3,0,0,,1.0,,4.0,2,,0,0,0,0,67301,0,0,0,Y,0,0,0,1,67301,0,,3,1,,N,N,,0,,0,0,0,0,0,N,2205,0,1,0,0,1,0,0,3,3,0,1,3,,N,,,,,,,,,,,
2006081497,240.0,1,0,0,0,0,0,0,0,0,7,0,,67,6,2006,4,39.9788,-75.1101,237.0,6,0,0,0,0,1,0,0,0,1.0,0,0,0,2,3,0,0,,2.0,39 58:43.645,2.0,0,75 06:36.220,0,0,0,0,67301,0,0,0,N,0,0,0,1,67301,0,,3,9,,N,N,,0,,0,0,0,0,0,N,237,0,1,0,0,0,0,0,3,4,0,1,7,,N,,,,,,,,,,,
2006081535,129.0,1,0,0,0,0,0,0,0,0,8,0,,67,5,2006,5,,,129.0,6,0,0,0,0,0,0,0,0,,0,0,0,1,3,1,0,,0.0,,,0,,4,0,0,0,67301,1,0,0,N,1,0,0,2,67301,1,,1,1,,N,N,,0,,0,0,0,0,0,,129,1,2,0,0,0,0,0,3,3,0,1,3,,N,,,,,,,,,,,
2006081455,847.0,0,0,0,0,0,0,0,0,0,8,0,,67,6,2006,6,40.0583,-75.167,845.0,6,0,0,0,0,0,0,0,0,,0,0,0,8,1,1,0,,0.0,40 03:29.725,,0,75 10:01.311,4,0,0,0,67301,1,0,0,N,1,0,0,2,67301,1,,1,1,,N,Y,,0,,0,0,1,3,2,,843,1,2,0,0,0,0,0,3,4,0,1,3,,N,,,,,,,,,,,
2006103690,1240.0,1,0,0,0,0,0,0,0,0,6,0,,67,8,2006,1,40.0458,-75.1296,1238.0,6,0,0,0,0,0,0,0,1,,0,0,0,12,1,3,0,,0.0,40 02:44.782,,0,75 07:46.536,8,0,0,0,67301,0,0,0,N,0,0,0,3,67301,0,,1,1,,N,N,,0,,0,0,1,0,0,,1235,3,2,0,0,0,3,0,3,4,0,2,3,,N,,,,,,,,,,,
2006103703,624.0,3,0,0,0,0,0,0,0,0,6,0,,67,8,2006,2,39.95,-75.2236,623.0,6,0,0,0,0,1,0,0,0,,0,0,0,6,1,0,0,,0.0,39 57:00.144,,0,75 13:24.780,0,0,0,0,67301,0,0,0,N,0,0,0,3,67301,0,,1,1,,N,N,,0,,0,0,0,0,0,,623,0,3,0,0,2,0,0,3,4,0,3,3,,N,,,,,,,,,,,
2006106822,846.0,2,0,0,0,0,0,0,0,0,4,0,,67,8,2006,5,40.0497,-75.1605,846.0,6,0,0,0,0,0,0,0,0,,0,0,0,8,1,3,1,,0.0,40 02:58.768,,0,75 09:37.864,3,0,0,0,67301,0,0,0,N,0,0,0,3,67301,0,,1,1,,N,N,,0,,3,0,1,3,2,,836,3,3,0,0,0,0,0,3,4,0,3,3,,N,,,,,,,,,,,
2006104269,1815.0,3,0,0,0,0,0,0,0,0,2,0,,67,8,2006,6,40.0072,-75.1234,1815.0,6,0,0,0,0,0,1,0,0,,0,0,0,99,1,2,1,,0.0,40 00:26.000,,0,75 07:24.342,3,0,0,0,67301,0,0,0,,0,0,0,5,67301,0,,1,1,,,,,0,,1,0,0,9,2,,9999,2,3,0,0,3,1,3,3,4,0,3,3,,N,,,,,,,,,,,
2006104292,1335.0,1,0,0,0,0,0,0,0,0,8,0,,67,8,2006,3,40.0244,-75.1469,1330.0,6,0,0,0,0,0,0,0,0,,0,0,0,13,1,1,1,,0.0,40 01:27.922,,0,75 08:48.832,4,0,0,0,67301,1,0,0,N,1,0,0,3,67301,1,,1,1,,N,N,,0,,0,0,0,3,2,,1320,1,2,0,0,2,0,0,3,4,0,1,3,,N,,,,,,,,,,,
2006101838,1816.0,1,0,0,0,0,0,0,0,0,4,0,,67,9,2006,4,39.9912,-75.1329,1815.0,6,0,0,0,0,0,1,0,0,,0,0,0,18,1,1,1,,0.0,39 59:28.000,,0,75 07:58.684,4,0,0,0,67301,0,0,0,N,0,0,0,3,67301,1,,1,1,,N,N,,0,,0,0,0,0,0,,1800,1,2,0,0,0,0,0,3,4,1,2,3,,N,,,,,,,,,,,
2006125771,1325.0,0,0,0,0,0,0,0,0,0,8,0,,67,10,2006,3,40.0371,-75.0868,1320.0,6,0,0,0,0,0,0,0,0,,0,0,0,13,1,0,1,,0.0,40 02:13.513,,0,75 05:12.544,9,0,0,0,67301,1,0,0,N,1,0,0,2,67301,0,,1,1,,N,N,,1,,0,0,0,0,0,,1315,0,2,0,0,1,0,1,3,4,0,1,3,,N,,,,,,,,,,,
2006103267,2243.0,2,0,0,0,0,0,0,0,0,4,0,,67,9,2006,5,40.0115,-75.0698,2243.0,6,0,0,0,0,0,0,0,0,,0,0,0,22,3,1,1,,0.0,40 00:41.000,,0,75 04:11.189,8,0,0,0,67301,0,0,0,N,0,0,0,2,67301,0,,1,1,,N,N,,0,,0,0,0,3,2,,2235,1,2,0,0,0,1,0,3,4,0,2,3,,N,,,,,,,,,,,
2006097881,1957.0,1,0,0,0,0,0,0,0,0,7,0,,67,8,2006,3,,,1956.0,6,0,0,0,0,0,0,0,0,1.0,0,0,0,19,1,1,0,,1.0,,4.0,2,,8,0,0,0,67301,0,0,0,N,0,0,0,1,67501,0,,2,1,,N,N,,0,,0,0,0,0,0,N,1954,1,1,0,0,0,1,0,3,3,0,1,3,,N,,,,,,,,,,,
2006080594,2108.0,0,0,0,0,0,0,0,0,0,1,0,,67,7,2006,1,39.9278,-75.2195,2102.0,6,0,0,0,1,0,0,0,0,,0,1,0,20,3,1,0,,0.0,39 55:39.000,,0,75 13:10.263,2,0,0,0,67301,0,0,0,N,0,0,0,1,67301,0,,6,1,,N,N,,0,,0,1,0,0,0,,2050,1,2,0,0,0,0,0,3,4,0,2,3,,N,,,,,,,,,,,
2006080671,255.0,1,0,0,0,0,0,0,0,0,1,0,,67,5,2006,5,40.0578,-75.0418,250.0,6,0,0,0,0,1,0,0,0,,0,0,0,2,3,0,0,,0.0,40 03:27.925,,0,75 02:30.505,0,0,0,0,67301,0,0,0,N,0,0,0,1,67301,0,,6,1,,N,N,,1,,0,0,0,0,0,,245,0,2,0,0,0,0,0,3,4,0,2,3,,N,,,,,,,,,,,
2006080829,715.0,2,0,0,0,0,0,0,0,0,4,0,,67,7,2006,2,39.9597,-75.1558,715.0,6,0,0,0,1,0,0,0,0,,0,0,0,6,1,0,1,,0.0,39 57:34.905,,0,75 09:21.056,0,0,0,0,67301,0,0,0,,0,0,0,2,67301,0,,1,1,,N,N,,0,,0,0,0,3,3,,651,0,2,0,0,0,0,0,3,4,0,2,3,,N,,,,,,,,,,,
2006080833,1818.0,2,0,0,0,0,0,0,0,0,1,0,,67,5,2006,7,,,1813.0,6,0,0,0,0,0,1,0,1,,0,0,0,17,1,1,0,,0.0,,,0,,8,0,0,0,67301,0,0,0,N,0,0,0,4,67301,0,,1,1,,N,N,,0,,0,0,0,0,0,,1756,1,2,0,0,0,1,0,3,3,0,2,3,,N,,,,,,,,,,,
2006080846,857.0,0,0,0,1,0,0,0,0,0,4,0,,67,7,2006,2,,,850.0,6,0,0,0,0,0,0,0,0,,0,0,0,99,8,1,0,,0.0,,,0,,4,0,0,0,67301,1,0,0,N,0,0,0,2,67301,1,,1,1,,N,N,,0,,0,0,0,0,0,,9999,1,2,0,0,0,0,0,3,3,0,1,99,,N,,,,,,,,,,,
2006066013,2350.0,1,0,0,0,0,0,0,0,0,1,0,,67,6,2006,6,40.029,-75.0627,2345.0,6,0,0,0,0,0,0,0,0,,0,0,0,23,3,1,0,,0.0,40 01:44.000,,0,75 03:45.604,8,0,0,0,67301,0,0,0,,0,0,0,2,67301,0,,1,9,,,,,0,,0,0,0,0,0,,2335,1,2,0,0,0,1,0,3,4,1,2,7,,N,,,,,,,,,,,
2006095457,256.0,0,0,0,0,0,0,0,0,0,8,0,,67,7,2006,4,39.9856,-75.112,256.0,6,0,0,0,0,0,0,0,0,,0,0,0,2,3,1,0,,0.0,39 59:08.000,,0,75 06:43.180,8,0,0,0,67301,1,0,0,N,1,0,0,2,67301,0,,1,9,,N,N,,1,,0,0,0,0,0,,254,1,2,0,0,0,1,0,3,4,0,1,7,,N,,,,,,,,,,,
2006080080,1535.0,1,0,0,0,0,0,0,0,0,8,0,,67,4,2006,2,,,1533.0,6,0,0,0,0,0,0,0,0,,0,0,0,15,1,1,1,,0.0,,,0,,8,0,0,0,67301,1,0,0,N,1,0,0,2,67301,0,,1,1,,N,N,,0,,0,0,0,3,2,,1535,1,2,0,0,0,1,0,3,3,0,1,3,,N,,,,,,,,,,,
2006125309,650.0,0,0,0,0,0,0,0,0,0,1,0,,67,10,2006,3,39.9451,-75.1908,640.0,6,0,0,0,0,0,1,0,0,,0,0,0,6,1,1,6,,0.0,39 56:42.360,,2,75 11:26.880,8,0,0,0,67301,0,0,0,N,0,0,0,2,67301,0,,1,1,,N,N,,0,,0,0,2,3,4,,635,1,2,0,0,0,1,0,3,4,0,2,3,,N,,,,,,,,,,,
2006125369,2335.0,0,0,0,0,0,0,0,0,0,7,0,,67,11,2006,3,,,2334.0,6,0,0,0,0,0,0,0,0,1.0,0,0,0,23,3,0,0,,1.0,,1.0,0,,0,0,0,0,67301,0,0,0,Y,0,0,0,1,67301,0,,2,9,,N,N,,0,,0,0,1,0,0,N,2334,0,1,0,0,0,0,0,3,3,0,1,7,,N,,,,,,,,,,,
2006125396,810.0,3,0,0,0,0,0,0,0,0,1,0,,67,10,2006,2,40.0246,-75.1306,757.0,6,0,0,0,0,0,1,0,0,,0,0,0,6,1,3,2,,0.0,40 01:28.000,,0,75 07:50.390,4,0,0,0,67301,0,0,0,N,0,0,0,5,67301,3,,1,1,,N,N,,0,,0,0,0,3,2,,651,3,3,0,0,0,0,0,3,4,0,3,3,,N,,,,,,,,,,,
2006082605,2110.0,0,0,0,0,0,0,0,0,0,4,0,,67,5,2006,2,40.0138,-75.056,2107.0,6,0,0,1,0,0,0,0,0,9.0,0,0,0,21,3,1,1,,1.0,40 00:49.000,2.0,1,75 03:21.958,4,0,0,0,67301,0,0,0,N,0,0,0,5,67301,1,,1,1,,N,N,,0,,0,0,1,2,2,N,2107,1,2,0,0,0,0,0,3,4,1,2,3,,N,,,,,,,,,,,
2006080191,1140.0,2,0,0,0,0,0,0,0,0,5,0,,67,6,2006,6,39.9042,-75.1646,1130.0,6,0,0,0,0,1,1,0,0,,0,0,0,11,1,1,1,,0.0,39 54:15.296,,0,75 09:52.610,4,0,0,0,67301,0,0,0,N,0,0,0,7,67301,1,,1,1,,N,N,,0,,0,0,0,3,2,,1115,1,2,0,0,1,0,0,3,4,0,2,3,,N,,,,,,,,,,,
2006103450,9999.0,3,0,0,0,0,0,0,0,0,1,0,,67,8,2006,3,40.048,-75.0606,1339.0,6,0,0,0,0,0,1,1,0,,0,0,0,13,1,1,0,,0.0,40 02:52.000,,0,75 03:38.110,4,0,0,0,67301,0,0,0,,0,0,0,3,67301,1,,1,1,,,,,0,,0,0,0,0,0,,1315,1,3,0,0,0,0,0,3,4,0,3,3,,N,,,,,,,,,,,
2006120412,1418.0,2,0,0,0,0,0,0,0,0,1,0,,67,11,2006,1,39.9924,-75.2454,9999.0,6,0,0,0,0,0,0,0,0,,0,0,0,14,1,1,0,,0.0,39 59:32.000,,0,75 14:43.483,4,0,0,0,67301,0,0,0,N,0,0,0,4,46104,1,,1,1,,N,N,,0,,0,0,0,0,0,,1415,1,2,0,0,0,0,0,3,4,0,2,3,,N,,,,,,,,,,,
2006070537,1056.0,0,0,0,0,0,0,1,0,0,7,1,,67,4,2006,7,,,1055.0,6,0,0,0,0,0,1,0,0,,0,0,0,99,1,47,0,,0.0,,,3,,8,0,0,0,67301,0,0,0,N,0,0,0,50,67501,0,,3,9,,N,N,,0,,0,0,0,3,2,,9999,47,1,0,0,0,47,0,3,3,0,1,7,,N,,,,,,,,,,,
2006065591,430.0,2,0,0,0,0,0,0,0,0,4,0,,67,4,2006,1,,,9999.0,6,0,0,0,0,0,1,0,0,,0,0,0,3,3,0,2,,0.0,,,0,,0,0,0,0,67301,0,0,0,N,0,0,0,3,67301,0,,1,1,,N,N,,0,,0,0,0,3,3,,330,0,2,0,0,0,0,0,3,3,0,2,3,,N,,,,,,,,,,,
2006065620,1720.0,2,0,0,0,0,0,0,0,0,4,0,,67,5,2006,6,,,1716.0,6,0,0,0,0,0,1,0,0,,0,0,0,17,1,3,1,,0.0,,,0,,4,0,0,0,67301,0,0,0,,0,0,0,4,67301,3,,1,1,,,,,0,,0,0,0,3,2,,1716,3,2,0,0,0,0,0,3,3,0,2,3,,N,,,,,,,,,,,
2006068206,2035.0,1,0,0,0,0,0,0,0,0,4,0,,67,7,2006,1,39.9991,-75.2309,2032.0,6,0,0,0,1,0,0,0,0,,0,0,0,20,3,0,1,,0.0,39 59:57.000,,0,75 13:51.456,9,0,0,0,67301,0,0,0,N,0,0,0,2,46104,0,,1,9,,N,N,,0,,0,0,0,2,2,,2027,0,2,0,0,0,0,1,3,4,0,2,3,,N,,,,,,,,,,,
2006124267,9999.0,1,0,0,0,0,0,0,0,0,8,0,,67,10,2006,1,,,9999.0,6,0,0,0,0,0,0,0,0,,0,0,0,99,3,1,1,,0.0,,,0,,8,0,0,0,67301,1,0,0,N,1,0,0,2,67301,0,,1,9,,N,N,,0,,0,0,0,0,0,,9999,1,2,0,0,0,1,0,3,3,0,1,7,,N,,,,,,,,,,,
2006102349,28.0,1,0,0,0,0,0,1,0,0,5,1,,67,8,2006,2,,,26.0,6,0,0,0,0,0,0,0,0,,0,0,0,0,3,0,2,,0.0,,,0,,0,0,0,0,67301,0,0,0,N,0,0,0,10,67301,0,,1,9,,N,N,,0,,0,0,0,3,2,,10,0,2,0,0,0,0,0,3,3,0,2,7,,N,,,,,,,,,,,
2006114826,1303.0,1,0,0,0,0,0,0,0,0,8,0,,67,7,2006,6,39.9213,-75.2316,1301.0,6,0,0,0,0,0,0,0,0,,0,0,0,13,1,1,1,,0.0,39 55:16.000,,0,75 13:54.076,4,0,0,0,67301,1,0,0,N,1,0,0,2,67301,1,,1,1,,N,N,,0,,0,0,0,3,2,,1300,1,2,0,0,0,0,0,3,4,0,1,3,,N,,,,,,,,,,,
2006114603,1351.0,0,0,0,0,0,0,0,0,0,4,0,,67,6,2006,7,39.9698,-75.1249,1349.0,6,0,0,0,0,0,1,0,0,,1,0,0,13,1,0,3,,0.0,39 58:14.000,,0,75 07:26.224,1,1,0,1,67301,0,0,0,N,0,0,0,2,67301,0,1.0,1,1,,N,N,,1,0.0,0,0,0,0,0,,1347,0,2,0,0,0,0,0,3,4,0,2,3,,N,,,,,,,,,,,
2006114400,28.0,1,0,0,0,0,0,0,0,0,7,0,,67,9,2006,7,40.0319,-75.0214,27.0,6,0,0,0,0,0,0,0,0,1.0,0,0,0,0,3,1,0,,1.0,40 01:53.122,2.0,0,75 01:17.691,8,0,0,0,67301,0,0,0,N,0,0,0,1,67301,0,,2,1,,N,N,,0,,0,0,0,0,0,N,26,1,1,0,0,0,1,0,3,4,0,1,3,,N,,,,,,,,,,,
2006102623,820.0,1,0,0,0,0,0,0,0,0,7,0,,67,9,2006,7,,,811.0,6,0,0,0,0,0,0,0,0,,0,0,0,8,1,0,0,,0.0,,,0,,0,0,0,0,67301,0,0,0,N,0,0,0,1,67301,0,,2,9,,N,N,,0,,0,0,0,0,0,,810,0,1,0,0,0,0,0,3,3,0,1,7,,N,,,,,,,,,,,
2006123745,845.0,1,0,0,0,0,0,0,0,0,4,0,,67,10,2006,2,,,833.0,6,0,0,0,1,0,0,0,0,,0,0,0,8,1,4,2,,0.0,,,0,,4,0,0,0,67301,0,0,0,N,0,0,0,6,67301,4,,1,1,,N,N,,0,,0,0,0,3,2,,825,4,2,0,0,0,0,0,3,3,1,2,3,,N,,,,,,,,,,,
2006126394,1650.0,1,0,0,0,0,0,0,0,0,4,0,,67,10,2006,1,40.0057,-75.0994,1645.0,6,0,0,0,0,1,0,0,0,,0,0,0,16,1,1,0,,0.0,40 00:20.000,,7,75 05:57.675,4,0,0,1,67301,0,0,0,N,0,0,0,2,67301,1,,1,1,,N,N,,0,,0,0,0,0,0,,1645,1,2,0,0,0,0,0,3,4,0,2,3,,N,,,,,,,,,,,
2006124018,1515.0,2,0,0,0,0,0,0,0,0,4,0,,67,10,2006,6,40.0413,-75.1758,1515.0,6,0,0,0,0,0,1,0,0,1.0,0,0,0,99,1,1,1,,2.0,40 02:28.777,1.0,0,75 10:32.714,4,0,0,0,67301,0,0,0,N,0,0,0,2,67301,1,,1,1,,N,Y,,0,,0,0,0,3,3,Y,9999,1,2,0,0,0,0,0,3,4,0,2,3,,N,,,,,,,,,,,
2006093459,1220.0,2,0,0,0,0,0,0,0,0,6,0,,67,8,2006,5,,,9999.0,6,0,0,0,0,0,0,0,0,1.0,0,0,0,12,1,1,1,,1.0,,2.0,0,,8,0,0,0,67301,0,0,0,N,0,0,0,2,67301,0,,1,1,,N,N,,0,,0,0,0,3,2,N,1220,1,2,0,0,0,1,0,3,3,0,2,3,,N,,,,,,,,,,,
2006093434,1941.0,1,0,0,0,0,0,0,0,0,4,0,,67,8,2006,2,39.9973,-75.1203,1940.0,6,0,0,0,0,0,0,0,0,,0,0,0,99,1,2,1,,0.0,39 59:50.000,,0,75 07:13.046,4,0,0,0,67301,0,0,0,N,0,0,0,4,67301,2,,1,1,,N,N,,0,,0,0,0,0,0,,9999,2,2,0,0,0,0,0,3,4,1,2,3,,N,,,,,,,,,,,
2006054569,2240.0,2,0,0,0,0,0,0,0,0,4,0,,67,4,2006,2,,,2230.0,6,0,1,0,1,0,0,0,0,,0,0,0,21,3,3,1,,0.0,,,0,,3,0,0,0,67301,0,0,0,N,0,0,0,4,67301,2,,1,1,,N,N,,0,,1,0,0,3,3,,2145,3,2,0,0,0,0,0,3,3,0,2,99,,N,,,,,,,,,,,
2006054601,905.0,1,0,0,0,0,0,0,0,0,1,0,,67,2,2006,3,40.0471,-75.0048,904.0,6,0,1,0,0,0,1,0,0,,0,0,0,8,1,2,1,,0.0,40 02:49.000,,0,75 00:17.276,3,0,0,0,67301,0,0,0,N,0,0,0,2,67301,1,,1,1,,N,N,,0,,1,0,1,3,2,,855,2,2,0,0,0,0,0,3,4,0,2,3,,N,,,,,,,,,,,
2006054609,1650.0,0,0,0,0,0,0,0,0,0,7,0,,67,4,2006,3,39.91,-75.193,1646.0,6,0,0,0,0,0,0,0,0,1.0,0,0,0,16,1,0,0,,2.0,39 54:36.000,1.0,0,75 11:34.800,0,0,0,0,67301,0,0,0,N,0,0,0,1,67301,0,,5,1,,N,N,,1,,0,0,0,0,0,Y,1622,0,1,0,0,0,0,0,3,4,0,1,3,,N,,,,,,,,,,,
2006054646,1201.0,1,0,0,0,0,0,0,0,0,4,1,,67,3,2006,4,39.9218,-75.1902,1155.0,6,0,0,0,0,0,0,0,0,,0,1,0,11,1,0,5,,0.0,39 55:18.000,,2,75 11:24.614,0,0,0,0,67301,0,0,0,,0,0,0,2,67301,0,,1,1,,N,N,,0,,0,0,0,3,2,,1130,0,2,0,0,0,0,0,3,4,0,2,3,,N,,,,,,,,,,,
2006099116,1137.0,2,0,0,0,0,0,0,0,0,4,0,,67,9,2006,5,40.0038,-75.221,9999.0,6,0,0,0,0,0,0,0,1,,0,0,0,11,1,1,0,,0.0,40 00:13.000,,0,75 13:15.689,8,0,0,0,67301,0,0,0,N,0,0,0,3,46104,0,,1,1,,N,N,,0,,0,0,0,3,2,,1135,1,2,0,0,1,1,0,3,4,0,2,3,,N,,,,,,,,,,,
2006104330,1506.0,2,0,0,0,0,0,0,0,0,6,0,,67,9,2006,5,40.0032,-75.1526,1505.0,6,0,0,0,0,0,0,0,0,,0,0,0,15,1,3,5,,0.0,40 00:11.000,,0,75 09:09.678,8,0,0,0,67301,0,0,0,N,0,0,0,3,67301,0,,1,9,,N,N,,0,,0,0,0,0,0,,1501,3,2,0,0,0,3,0,3,4,0,2,7,,N,,,,,,,,,,,
2006125506,630.0,1,0,0,0,0,0,0,0,0,8,0,,67,10,2006,6,40.0298,-75.1468,625.0,6,0,0,0,0,0,0,1,0,,0,0,0,6,1,1,0,,0.0,40 01:47.000,,0,75 08:48.624,8,0,0,0,67301,1,0,0,,1,0,0,2,67301,0,,1,1,,N,N,,0,,0,0,0,0,0,,625,1,2,0,0,1,1,0,3,4,0,1,3,,N,,,,,,,,,,,
2006102847,750.0,2,0,0,0,0,0,0,0,0,2,0,,67,9,2006,6,40.0403,-75.0584,748.0,6,0,0,0,0,0,0,1,0,3.0,0,0,0,7,1,0,1,,1.0,40 02:25.000,2.0,0,75 03:32.823,0,0,0,0,67301,0,0,0,N,0,0,0,2,67301,0,,1,1,,N,N,,0,,0,0,0,3,2,Y,742,0,2,0,0,0,0,0,3,4,0,2,3,,N,,,,,,,,,,,
2006080549,1509.0,1,0,0,0,0,0,0,0,0,1,0,,67,6,2006,6,39.914,-75.2216,1504.0,6,0,0,0,0,0,0,0,0,,0,0,0,15,1,2,0,,0.0,39 54:49.000,,0,75 13:17.856,3,0,0,0,67301,0,0,0,N,0,0,0,2,67301,0,,1,1,,N,N,,1,,1,0,0,0,0,,1502,2,2,0,0,0,1,0,3,4,0,2,3,,N,,,,,,,,,,,