CRN,ARRIVAL_TM,AUTOMOBILE_COUNT,BELTED_DEATH_COUNT,BELTED_SUSP_SERIOUS_INJ_COUNT,BICYCLE_COUNT,BICYCLE_DEATH_COUNT,BICYCLE_SUSP_SERIOUS_INJ_COUNT,BUS_COUNT,CHLDPAS_DEATH_COUNT,CHLDPAS_SUSP_SERIOUS_INJ_COUNT,COLLISION_TYPE,COMM_VEH_COUNT,CONS_ZONE_SPD_LIM,COUNTY,CRASH_MONTH,CRASH_YEAR,DAY_OF_WEEK,DEC_LAT,DEC_LONG,DISPATCH_TM,DISTRICT,DRIVER_COUNT_16YR,DRIVER_COUNT_17YR,DRIVER_COUNT_18YR,DRIVER_COUNT_19YR,DRIVER_COUNT_20YR,DRIVER_COUNT_50_64YR,DRIVER_COUNT_65_74YR,DRIVER_COUNT_75PLUS,EST_HRS_CLOSED,FATAL_COUNT,HEAVY_TRUCK_COUNT,HORSE_BUGGY_COUNT,HOUR_OF_DAY,ILLUMINATION,INJURY_COUNT,INTERSECT_TYPE,INTERSECTION_RELATED,LANE_CLOSED,LATITUDE,LN_CLOSE_DIR,LOCATION_TYPE,LONGITUDE,MAX_SEVERITY_LEVEL,MCYCLE_DEATH_COUNT,MCYCLE_SUSP_SERIOUS_INJ_COUNT,MOTORCYCLE_COUNT,MUNICIPALITY,NONMOTR_COUNT,NONMOTR_DEATH_COUNT,NONMOTR_SUSP_SERIOUS_INJ_COUNT,NTFY_HIWY_MAINT,PED_COUNT,PED_DEATH_COUNT,PED_SUSP_SERIOUS_INJ_COUNT,PERSON_COUNT,POLICE_AGCY,POSSIBLE_INJ_COUNT,RDWY_SURF_TYPE_CD,RELATION_TO_ROAD,ROAD_CONDITION,ROADWAY_CLEARED,SCH_BUS_IND,SCH_ZONE_IND,SECONDARY_CRASH,SMALL_TRUCK_COUNT,SPEC_JURIS_CD,SUSP_MINOR_INJ_COUNT,SUSP_SERIOUS_INJ_COUNT,SUV_COUNT,TCD_FUNC_CD,TCD_TYPE,TFC_DETOUR_IND,TIME_OF_DAY,TOT_INJ_COUNT,TOTAL_UNITS,UNB_DEATH_COUNT,UNB_SUSP_SERIOUS_INJ_COUNT,UNBELTED_OCC_COUNT,UNK_INJ_DEG_COUNT,UNK_INJ_PER_COUNT,URBAN_AREA,URBAN_RURAL,VAN_COUNT,VEHICLE_COUNT,WEATHER1,WEATHER2,WORK_ZONE_IND,WORK_ZONE_LOC,WORK_ZONE_TYPE,WORKERS_PRES,WZ_CLOSE_DETOUR,WZ_FLAGGER,WZ_LAW_OFFCR_IND,WZ_LN_CLOSURE,WZ_MOVING,WZ_OTHER,WZ_SHLDER_MDN,WZ_WORKERS_INJ_KILLED
2006080550,1245.0,2,0,0,0,0,0,0,0,0,4,0,,67,6,2006,4,39.9738,-75.2064,1240.0,6,0,0,0,0,0,0,0,0,,0,0,0,99,1,1,1,,0.0,39 58:25.816,,0,75 12:23.037,4,0,0,0,67301,0,0,0,N,0,0,0,2,67301,1,,1,1,,N,N,,1,,0,0,0,3,2,,9999,1,3,0,0,0,0,0,3,4,0,3,3,,N,,,,,,,,,,,
2006083052,2236.0,2,0,0,0,0,0,0,0,0,4,0,,67,7,2006,3,39.9806,-75.2215,2230.0,6,0,0,0,0,1,1,0,0,,0,0,0,22,3,1,2,,0.0,39 58:50.000,,0,75 13:17.272,4,0,0,0,67301,0,0,0,N,0,0,0,2,67301,1,,1,9,,N,N,,0,,0,0,0,0,0,,2225,1,2,0,0,0,0,0,3,4,0,2,7,,N,,,,,,,,,,,
2006080659,1800.0,1,0,0,0,0,0,0,0,0,7,0,,67,6,2006,3,,,1754.0,6,0,0,0,0,0,0,0,0,2.0,0,0,0,17,1,1,0,,2.0,,4.0,0,,2,0,0,0,67301,0,0,0,N,0,0,0,1,67301,0,,2,1,,N,N,,0,,0,1,0,0,0,Y,1752,1,1,0,1,1,0,0,3,3,0,1,3,,N,,,,,,,,,,,
2006082678,1155.0,2,0,0,0,0,0,0,0,0,1,0,,67,7,2006,1,39.914,-75.2216,1143.0,6,0,0,0,0,0,0,0,0,,0,0,0,11,1,1,0,,0.0,39 54:51.000,,0,75 13:17.450,4,0,0,0,67301,0,0,0,N,0,0,0,2,67301,1,,1,1,,N,N,,0,,0,0,0,3,2,,1109,1,2,0,0,0,0,1,3,4,0,2,3,,N,,,,,,,,,,,
2006080696,1125.0,2,0,0,0,0,0,0,0,0,2,0,,67,6,2006,7,40.0737,-75.0343,1122.0,6,0,0,0,0,0,0,0,0,,0,0,0,11,1,2,0,,0.0,40 04:24.960,,0,75 02:03.120,4,0,0,0,67301,0,0,0,N,0,0,0,3,67301,2,,1,1,,N,N,,0,,0,0,0,0,0,,1120,2,2,0,0,0,0,0,3,4,0,2,3,,N,,,,,,,,,,,
2006083079,1315.0,1,0,0,0,0,0,0,0,0,8,0,,67,5,2006,4,,,1305.0,6,0,0,0,0,0,1,0,0,,0,0,0,16,1,1,1,,0.0,,,0,,4,0,0,0,67301,1,0,0,N,1,0,0,2,67301,1,,1,1,,N,N,,0,,0,0,0,3,2,,1645,1,2,0,0,0,0,0,3,3,0,1,3,,N,,,,,,,,,,,
2006083105,1928.0,1,0,0,0,0,0,0,0,0,1,0,,67,7,2006,3,39.958,-75.2335,1928.0,6,0,0,0,0,1,1,0,0,,0,0,0,19,1,1,2,,0.0,39 57:28.000,,0,75 14:00.739,2,0,1,1,67301,0,0,0,N,0,0,0,3,67301,0,,1,1,,N,N,,0,,0,1,0,0,0,,1920,1,2,0,0,0,0,0,3,4,0,2,3,,N,,,,,,,,,,,
2006083118,1848.0,1,0,0,0,0,0,0,0,0,8,0,,67,7,2006,7,,,1844.0,6,0,0,0,1,0,0,0,0,,0,0,0,18,1,1,0,,0.0,,,0,,4,0,0,0,67301,1,0,0,N,1,0,0,2,67301,1,,1,1,,N,N,,0,,0,0,0,0,0,,1840,1,2,0,0,0,0,0,3,3,0,1,3,,N,,,,,,,,,,,
2006083170,2310.0,2,0,0,0,0,0,0,0,0,1,0,,67,6,2006,6,,,2305.0,6,0,0,0,0,0,0,0,0,1.0,0,0,0,23,3,1,0,,1.0,,4.0,0,,4,0,0,0,67301,0,0,0,N,0,0,0,2,67301,1,,1,9,,N,N,,0,,0,0,0,0,0,N,2305,1,2,0,0,0,0,0,3,3,0,2,7,,N,,,,,,,,,,,
2006080859,1655.0,1,0,0,0,0,0,0,0,0,5,0,,67,6,2006,1,,,1650.0,6,0,0,0,0,0,0,0,0,,0,0,0,16,1,2,2,,0.0,,,0,,3,0,0,0,67301,1,0,0,N,0,0,0,3,67301,0,,1,9,,N,N,,0,,2,0,1,0,0,,1645,2,2,0,0,2,0,0,3,3,0,2,7,,N,,,,,,,,,,,
2006103531,825.0,2,0,0,0,0,0,0,0,0,6,0,,67,9,2006,5,39.9843,-75.1276,820.0,6,0,0,0,0,0,1,0,0,,0,0,0,8,1,1,1,,0.0,39 59:03.487,,0,75 07:39.421,4,0,0,0,67301,0,0,0,,0,0,0,2,67301,1,,1,9,,N,N,,0,,0,0,0,9,3,,800,1,2,0,0,0,0,0,3,4,0,2,7,,N,,,,,,,,,,,
2006080093,1203.0,2,0,0,0,0,0,0,0,0,4,0,,67,6,2006,2,40.0276,-75.1101,1158.0,6,0,0,0,0,0,0,0,0,,0,0,0,11,1,3,1,,0.0,40 01:41.000,,0,75 06:35.579,4,0,0,0,67301,0,0,0,,0,0,0,3,67301,2,,1,9,,,,,0,,0,0,0,3,2,,1158,3,2,0,0,0,1,0,3,4,0,2,7,,N,,,,,,,,,,,
2006082561,1410.0,2,0,0,0,0,0,0,0,0,4,0,,67,7,2006,1,,,1405.0,6,0,0,0,0,0,0,0,1,,0,0,0,14,1,1,2,,0.0,,,0,,4,0,0,0,67301,0,0,0,N,0,0,0,5,67301,1,,1,1,,N,N,,0,,0,0,0,0,0,,1405,1,2,0,0,0,0,0,3,3,0,2,3,,N,,,,,,,,,,,
2006082638,1323.0,0,0,0,0,0,0,0,0,0,7,0,,67,7,2006,2,40.01,-75.1363,1320.0,6,0,0,0,0,0,1,0,0,,0,0,0,13,1,1,5,,0.0,40 00:36.000,,0,75 08:10.603,8,0,0,0,67301,0,0,0,N,0,0,0,1,67301,0,,4,1,,N,N,,0,,0,0,0,3,2,,1320,1,1,0,0,1,1,0,3,4,1,1,3,,N,,,,,,,,,,,
2006125257,1109.0,2,0,0,0,0,0,0,0,0,4,0,,67,8,2006,7,40.0363,-75.0643,1105.0,6,0,0,0,0,0,1,0,0,,0,0,0,11,1,0,1,,0.0,40 02:10.000,,0,75 03:51.302,0,0,0,0,67301,0,0,0,N,0,0,0,2,67301,0,,1,9,,N,N,,0,,0,0,0,3,2,,1100,0,2,0,0,0,0,0,3,4,0,2,7,,N,,,,,,,,,,,
2006065597,2010.0,2,0,0,0,0,0,0,0,0,1,0,,67,5,2006,7,40.0385,-75.0784,2000.0,6,0,0,0,0,0,0,0,0,,0,0,0,19,1,2,0,,0.0,40 02:18.000,,0,75 04:42.473,4,0,0,0,67301,0,0,0,N,0,0,0,3,67301,2,,1,1,,N,N,,0,,0,0,0,0,0,,1952,2,2,0,0,0,0,0,3,4,0,2,3,,N,,,,,,,,,,,
2006063236,9999.0,1,0,0,0,0,0,0,0,0,8,0,,67,4,2006,5,,,2350.0,6,0,0,0,0,0,0,0,0,,0,0,0,20,3,1,1,,0.0,,,0,,3,0,0,0,67301,1,0,0,N,1,0,0,2,67301,0,,1,1,,N,N,,0,,1,0,0,9,3,,2030,1,2,0,0,0,0,1,3,3,0,1,3,,N,,,,,,,,,,,
2006113034,1230.0,1,0,0,0,0,0,0,0,0,5,0,,67,8,2006,7,39.9868,-75.2074,1220.0,6,0,0,0,0,0,0,0,0,,0,0,0,12,1,1,1,,0.0,39 59:12.480,,0,75 12:26.640,8,0,0,0,67301,0,0,0,N,0,0,0,4,67301,0,,1,1,,N,N,,0,,0,0,1,3,2,,1220,1,2,0,0,0,1,2,3,4,0,2,3,,N,,,,,,,,,,,
2006112819,1416.0,3,0,0,0,0,0,0,0,0,1,0,,67,9,2006,7,40.0094,-75.0655,1411.0,6,0,0,0,0,0,1,0,0,2.0,0,0,0,14,1,1,0,,1.0,40 00:33.561,2.0,3,75 03:57.893,3,0,0,0,67301,0,0,0,N,0,0,0,3,67301,0,,1,1,,N,N,,0,,1,0,0,0,0,N,1408,1,3,0,0,1,0,0,3,4,0,3,3,,N,,,,,,,,,,,
2006112836,2325.0,3,0,0,0,0,0,0,0,0,6,0,,67,10,2006,3,40.0553,-75.1527,2320.0,6,0,0,0,0,0,1,0,0,2.0,0,0,0,23,3,1,0,,2.0,40 03:18.972,5.0,0,75 09:09.608,4,0,0,0,67301,0,0,0,N,0,0,0,2,67301,1,,1,1,,N,N,,1,,0,0,0,0,0,Y,2320,1,4,0,0,0,0,0,3,4,0,4,3,,N,,,,,,,,,,,
2006112866,1627.0,1,0,0,0,0,0,0,0,0,8,0,,67,10,2006,6,,,1625.0,6,0,0,0,0,0,0,0,0,,0,0,0,16,1,1,0,,0.0,,,0,,4,0,0,0,67301,1,0,0,N,1,0,0,2,67301,1,,1,1,,N,N,,0,,0,0,0,0,0,,1620,1,2,0,0,0,0,0,3,3,0,1,98,,N,,,,,,,,,,,
2006097777,1822.0,2,0,0,0,0,0,0,0,0,6,0,,67,9,2006,6,,,1821.0,6,0,0,0,0,0,1,0,0,,0,0,0,18,4,2,1,,0.0,,,0,,4,0,0,0,67301,0,0,0,N,0,0,0,2,67301,2,,1,9,,N,N,,0,,0,0,0,3,2,,1821,2,2,0,0,0,0,0,3,3,0,2,7,,N,,,,,,,,,,,
2006125443,735.0,0,0,0,0,0,0,0,0,0,2,0,,67,11,2006,6,40.0092,-75.069,730.0,6,0,0,0,0,0,1,0,0,,0,0,0,7,1,1,1,,0.0,40 00:33.000,,0,75 04:08.517,8,0,0,0,67301,0,0,0,N,0,0,0,2,67301,0,,1,1,,N,N,,2,,0,0,0,2,2,,705,1,2,0,0,0,1,0,3,4,0,2,3,,N,,,,,,,,,,,
2006124272,1705.0,1,0,0,0,0,0,0,0,0,4,0,,67,10,2006,6,40.0171,-75.1586,1500.0,6,0,0,0,0,0,0,0,0,,0,0,0,16,1,0,2,,0.0,40 01:01.000,,0,75 09:30.766,9,0,0,0,67301,0,0,0,N,0,0,0,1,67301,0,,1,9,,N,N,,1,,0,0,0,0,0,,1615,0,2,0,0,0,0,1,3,4,0,2,7,,N,,,,,,,,,,,
2006102361,444.0,1,0,0,0,0,0,0,0,0,8,0,,67,9,2006,3,39.987,-75.1488,434.0,6,0,0,0,0,0,0,0,0,,0,0,0,1,3,1,0,,0.0,39 59:12.000,,0,75 08:54.184,4,0,0,0,67301,1,0,0,N,1,0,0,1,67301,1,,1,1,,N,N,,0,,0,0,0,0,0,,110,1,2,0,0,0,0,0,3,4,0,1,3,,N,,,,,,,,,,,
2006124428,1642.0,1,0,0,0,0,0,0,0,0,1,0,,67,10,2006,2,,,1633.0,6,0,0,0,0,0,0,0,0,,0,0,0,16,1,1,0,,0.0,,,0,,4,0,0,0,67301,0,0,0,N,0,0,0,2,67301,1,,1,1,,N,N,,1,,0,0,0,0,0,,1610,1,2,0,0,2,0,0,3,3,0,2,3,,N,,,,,,,,,,,
2006115124,835.0,2,0,0,0,0,0,0,0,0,1,0,,67,9,2006,6,39.8946,-75.2467,828.0,6,0,0,0,0,0,0,0,0,,0,0,0,8,1,2,2,,0.0,39 53:40.000,,0,75 14:48.142,3,0,0,0,67301,0,0,0,N,0,0,0,2,67301,0,,1,9,,N,N,,0,,2,0,0,3,2,,820,2,2,0,0,0,0,0,3,4,0,2,7,,N,,,,,,,,,,,
2006115128,705.0,2,0,0,0,0,0,0,0,0,6,0,,67,9,2006,6,40.0325,-75.1242,700.0,6,0,0,0,0,0,0,0,0,1.0,0,0,0,6,1,1,2,,1.0,40 01:57.154,1.0,0,75 07:27.076,4,0,0,0,67301,0,0,0,N,0,0,0,2,67301,1,,1,1,,N,N,,0,,0,0,0,3,2,Y,655,1,2,0,0,0,0,1,3,4,0,2,3,,N,,,,,,,,,,,
2006114625,129.0,1,0,0,0,0,0,0,0,0,4,0,,67,10,2006,1,39.9593,-75.1599,124.0,6,0,0,0,0,0,0,0,0,2.0,0,0,0,1,3,2,1,,2.0,39 57:33.538,1.0,0,75 09:35.549,4,0,0,0,67301,0,0,0,N,0,0,0,2,67301,2,,1,1,,N,N,,0,,0,0,1,2,2,Y,115,2,2,0,0,0,0,0,3,4,0,2,3,,N,,,,,,,,,,,
2006114723,2010.0,1,0,0,0,0,0,0,0,0,1,0,,67,10,2006,4,39.9478,-75.2274,2006.0,6,0,0,0,0,0,1,0,0,,0,0,0,20,3,1,1,,0.0,39 56:52.000,,0,75 13:38.843,8,0,0,0,67301,0,0,0,N,0,0,0,1,67301,0,,1,1,,N,N,,1,,0,0,0,3,2,,2004,1,2,0,0,1,1,0,3,4,0,2,3,,N,,,,,,,,,,,
2006105124,1355.0,1,0,0,0,0,0,0,0,0,7,0,,67,9,2006,3,39.8925,-75.2354,1343.0,6,0,0,0,0,0,0,0,0,,0,0,0,13,1,0,0,,0.0,39 53:33.000,,0,75 14:07.591,0,0,0,0,67301,0,0,0,N,0,0,0,1,67301,0,,2,9,,N,N,,0,,0,0,0,0,0,,1335,0,1,0,0,0,0,0,3,4,0,1,7,,N,,,,,,,,,,,
2006105132,1455.0,0,0,0,0,0,0,0,0,0,0,0,,67,9,2006,2,,,1450.0,6,0,0,0,0,0,0,0,0,,0,0,0,14,1,1,0,,0.0,,,0,,4,0,0,1,67301,0,0,0,N,0,0,0,1,67301,1,,1,1,,N,N,,0,,0,0,0,0,0,,1440,1,1,0,0,0,0,0,3,3,0,1,3,,N,,,,,,,,,,,
2006105149,1402.0,0,0,0,0,0,0,0,0,0,8,0,,67,8,2006,1,40.0317,-75.0379,1400.0,6,0,0,0,0,0,0,0,0,,0,0,0,12,1,1,0,,0.0,40 01:54.202,,0,75 02:16.472,4,0,0,0,67301,1,0,0,,1,0,0,2,67301,1,,1,1,,,,,0,,0,0,0,0,0,,1255,1,2,0,0,0,0,0,3,4,1,1,3,,N,,,,,,,,,,,
2006123773,219.0,1,0,0,1,0,0,0,0,0,6,0,,67,10,2006,7,40.0854,-75.0374,216.0,6,0,0,1,0,0,0,0,0,,0,0,0,2,3,1,1,,0.0,40 05:07.000,,0,75 02:14.803,3,0,0,0,67301,1,0,0,N,0,0,0,5,67301,0,,1,9,,N,N,,0,,1,0,0,3,2,,215,1,2,0,0,0,0,0,3,4,0,1,7,,N,,,,,,,,,,,
2006123822,957.0,2,0,0,0,0,0,0,0,0,4,0,,67,11,2006,5,,,957.0,6,0,0,0,0,0,0,0,0,,0,0,0,9,1,2,1,,0.0,,,0,,4,0,0,0,67301,0,0,0,N,0,0,0,3,67301,2,,1,1,,N,N,,0,,0,0,0,3,2,,915,2,2,0,0,0,0,0,3,3,0,2,3,,N,,,,,,,,,,,
2006123943,1136.0,0,0,0,0,0,0,0,0,0,8,0,,67,10,2006,6,39.9534,-75.1547,1133.0,6,0,0,0,0,0,1,0,0,,0,0,0,11,1,1,1,,0.0,39 57:12.000,,0,75 09:17.086,4,0,0,0,67301,1,0,0,N,1,0,0,2,67301,1,,4,9,,N,N,,1,,0,0,0,3,2,,1130,1,2,0,0,0,0,0,3,4,0,1,7,,N,,,,,,,,,,,
2006093439,1240.0,0,0,0,0,0,0,0,0,0,1,0,,67,8,2006,6,,,1234.0,6,0,0,0,0,0,0,0,0,,0,0,0,11,1,3,0,,0.0,,,0,,4,0,0,0,67301,0,0,0,N,0,0,0,3,67301,3,,1,1,,N,N,,1,,0,0,0,0,0,,1106,3,2,0,0,0,0,0,3,3,1,2,3,,N,,,,,,,,,,,
2006093426,1640.0,2,0,0,0,0,0,0,0,0,1,0,,67,8,2006,6,40.0039,-75.1707,1634.0,6,0,0,0,0,0,0,0,0,,0,0,0,15,1,1,1,,0.0,40 00:14.000,,0,75 10:14.821,4,0,0,0,67301,0,0,0,N,0,0,0,2,67301,1,,1,1,,N,N,,0,,0,0,0,3,2,,1545,1,2,0,0,2,0,0,3,4,0,2,3,,N,,,,,,,,,,,
2006096586,235.0,1,0,0,0,0,0,0,0,0,7,0,,67,7,2006,7,39.9765,-75.1133,226.0,6,0,0,0,0,0,0,0,0,,0,0,0,2,3,1,2,,0.0,39 58:36.000,,0,75 06:47.654,8,0,0,0,67301,0,0,0,N,0,0,0,1,67301,0,,5,1,,N,N,,0,,0,0,0,3,2,,225,1,1,0,0,0,1,0,3,4,0,1,3,,N,,,,,,,,,,,
2006096646,800.0,3,0,0,0,0,0,0,0,0,2,0,,67,8,2006,4,39.9971,-75.1185,753.0,6,0,0,0,0,0,1,0,0,,0,0,0,7,1,1,2,,0.0,39 59:49.000,,0,75 07:06.482,4,0,0,0,67301,0,0,0,N,0,0,0,1,67301,1,,2,1,,N,N,,1,,0,0,0,0,0,,715,1,4,0,0,0,0,0,3,4,0,4,3,,N,,,,,,,,,,,
2006096649,1906.0,3,0,0,0,0,0,0,0,0,1,0,,67,7,2006,4,,,1906.0,6,0,0,0,0,1,0,0,0,,0,0,0,19,4,3,0,,0.0,,,0,,3,0,0,0,67301,0,0,0,N,0,0,0,5,67301,2,,1,1,,N,N,,0,,1,0,0,0,0,,1906,3,3,0,0,0,0,1,3,3,0,3,3,,N,,,,,,,,,,,
2006106845,2005.0,2,0,0,0,0,0,0,0,0,4,0,,67,9,2006,6,39.9687,-75.2007,2002.0,6,0,0,0,0,0,0,0,0,,0,0,0,20,3,0,2,,0.0,39 58:07.460,,0,75 12:02.440,0,0,0,0,67301,0,0,0,N,0,0,0,3,67301,0,,1,9,,N,N,,0,,0,0,0,3,3,,2000,0,2,0,0,3,0,0,3,4,0,2,7,,N,,,,,,,,,,,
2006106574,1625.0,1,0,0,1,0,0,0,0,0,4,0,,67,8,2006,2,39.9435,-75.2467,1619.0,6,0,0,0,0,0,1,0,0,,0,0,0,16,1,1,2,,0.0,39 56:36.000,,0,75 14:47.742,3,0,0,0,67301,1,0,0,N,0,0,0,2,67301,0,,1,1,,N,N,,0,,1,0,0,3,2,,1600,1,2,0,0,0,0,0,3,4,0,1,3,,N,,,,,,,,,,,
2006104243,1602.0,3,0,0,0,0,0,0,0,0,5,0,,67,8,2006,7,40.0411,-75.107,1550.0,6,0,0,0,0,0,1,0,0,2.0,0,0,0,14,1,0,0,,1.0,40 02:28.095,1.0,0,75 06:25.193,9,0,0,0,67301,0,0,0,N,0,0,0,3,67301,0,,1,1,,N,N,,0,,0,0,0,0,0,N,1445,0,3,0,0,0,0,1,3,4,0,3,3,,N,,,,,,,,,,,
2006104266,731.0,2,0,0,0,0,0,0,0,0,2,0,,67,9,2006,6,,,730.0,6,0,0,0,0,0,0,0,0,,0,0,0,7,1,1,0,,0.0,,,0,,4,0,0,0,67301,0,0,0,N,0,0,0,2,67301,1,,1,1,,N,N,,0,,0,0,0,0,0,,728,1,2,0,0,0,0,0,3,3,0,2,3,,N,,,,,,,,,,,
2006104317,2135.0,1,0,0,0,0,0,0,0,0,8,0,,67,8,2006,4,39.9499,-75.1691,2130.0,6,0,0,0,0,0,0,0,0,,0,0,0,21,3,1,1,,0.0,39 56:59.000,,0,75 10:08.321,4,0,0,0,67301,1,0,0,N,1,0,0,2,67301,1,,1,1,,N,N,,0,,0,0,0,0,0,,2115,1,2,0,0,0,0,0,3,4,0,1,3,,N,,,,,,,,,,,
2006101623,2208.0,1,0,0,0,0,0,0,0,0,8,0,,67,8,2006,7,39.9169,-75.216,2200.0,6,0,0,0,1,0,0,0,0,,1,0,0,22,3,0,1,,0.0,39 55:06.000,,0,75 12:31.679,1,0,0,0,67301,1,1,0,,1,1,0,3,67301,0,2.0,1,1,,N,N,,0,0.0,0,0,0,3,2,,2200,0,2,0,0,0,0,0,3,4,0,1,3,,N,,,,,,,,,,,
2006101624,1727.0,0,0,0,0,0,0,0,0,0,8,0,,67,9,2006,6,39.955,-75.1527,1723.0,6,0,0,0,0,0,0,0,0,,1,0,0,17,1,0,0,,0.0,39 57:18.170,,0,75 09:09.818,1,0,0,0,67301,1,1,0,,1,1,0,2,67301,0,2.0,1,1,,N,N,,0,0.0,0,0,1,0,0,,1719,0,2,0,0,0,0,0,3,4,0,1,3,,N,,,,,,,,,,,
2006102820,1350.0,1,0,0,0,0,0,0,0,0,1,0,,67,8,2006,1,39.959,-75.217,1345.0,6,0,0,0,0,0,1,0,0,,0,0,0,13,1,2,1,,0.0,39 57:32.000,,0,75 13:01.290,8,0,0,0,67301,0,0,0,N,0,0,0,3,67301,0,,1,9,,N,N,,0,,0,0,1,3,2,,1344,2,2,0,0,1,2,0,3,4,0,2,7,,N,,,,,,,,,,,
2006105319,1333.0,2,0,0,0,0,0,0,0,0,4,0,,67,7,2006,6,39.9616,-75.1545,1332.0,6,0,0,0,0,1,0,0,0,,0,0,0,13,1,1,1,,0.0,39 57:42.000,,0,75 09:16.704,4,0,0,0,67301,0,0,0,N,0,0,0,3,67301,1,,1,1,,N,N,,0,,0,0,0,3,2,,1318,1,3,0,0,0,0,0,3,4,1,3,3,,N,,,,,,,,,,,
2006083055,50.0,2,0,0,0,0,0,0,0,0,7,0,,67,6,2006,1,40.0984,-75.0471,42.0,6,0,0,0,0,0,1,0,0,,0,0,0,0,3,2,1,,0.0,40 05:53.000,,0,75 02:49.877,8,0,0,0,67301,0,0,0,N,0,0,0,2,67301,0,,5,1,,N,N,,0,,0,0,0,3,2,,30,2,2,0,0,0,2,0,3,4,0,2,3,,N,,,,,,,,,,,
2006083167,2248.0,2,0,0,0,0,0,0,0,0,4,0,,67,6,2006,3,40.0218,-75.1261,2246.0,6,0,0,0,1,0,0,0,0,1.0,0,0,0,22,3,1,1,,2.0,40 01:18.310,7.0,0,75 07:33.794,8,0,0,0,67301,0,0,0,N,0,0,0,3,67301,0,,1,9,,N,N,,0,,0,0,0,3,2,Y,2240,1,2,0,0,0,1,0,3,4,0,2,98,,N,,,,,,,,,,,
2006083002,1758.0,2,0,0,0,0,0,0,0,0,4,0,,67,6,2006,4,40.0126,-75.0732,1750.0,6,0,0,0,0,0,1,0,0,,0,0,0,17,1,1,1,,0.0,40 00:45.000,,0,75 04:23.913,3,0,0,0,67301,0,0,0,N,0,0,0,3,67301,0,,1,9,,N,N,,0,,1,0,0,9,2,,1747,1,2,0,0,1,0,0,3,4,0,2,7,,N,,,,,,,,,,,
2006024109,2014.0,2,0,0,0,0,0,0,0,0,4,0,,67,1,2006,2,39.9974,-75.0895,2012.0,6,0,0,0,0,0,1,0,0,,0,0,0,20,3,3,1,,0.0,39 59:50.000,,0,75 05:22.939,8,0,0,0,67301,0,0,0,,0,0,0,3,67301,0,,1,1,,N,N,,0,,0,0,0,0,0,,2008,3,2,0,0,3,3,0,3,4,0,2,3,,N,,,,,,,,,,,
2006021663,1824.0,3,0,0,0,0,0,0,0,0,1,0,,67,1,2006,3,39.9579,-75.1641,1815.0,6,0,0,0,0,0,0,0,0,,0,0,0,17,3,1,2,,0.0,39 57:30.000,,0,75 09:50.391,4,0,0,0,67301,0,0,0,,0,0,0,4,67301,1,,1,9,,N,N,,0,,0,0,0,3,2,,1755,1,3,0,0,0,0,0,3,4,0,3,7,,N,,,,,,,,,,,
2006103117,840.0,1,0,0,0,0,0,0,0,0,4,0,,67,8,2006,5,39.9847,-75.144,837.0,6,0,0,0,0,0,0,0,0,,0,0,0,8,1,2,1,,0.0,39 59:05.017,,0,75 08:38.576,3,0,0,0,67301,0,0,0,,0,0,0,2,67301,0,,1,1,,,,,0,,2,0,1,0,0,,837,2,2,0,0,0,0,0,3,4,0,2,3,,N,,,,,,,,,,,
2006103118,1845.0,2,0,0,0,0,0,0,0,0,1,0,,67,9,2006,3,40.066,-75.1768,1840.0,6,0,0,0,0,0,1,0,0,,0,0,0,18,1,1,0,,0.0,40 03:57.000,,0,75 10:36.479,4,0,0,0,67301,0,0,0,N,0,0,0,2,67301,1,,1,1,,N,N,,0,,0,0,0,3,2,,1815,1,2,0,0,0,0,0,3,4,0,2,3,,N,,,,,,,,,,,
2006103526,1957.0,2,0,0,0,0,0,0,0,0,2,0,,67,8,2006,2,40.0808,-75.0284,1949.0,6,0,0,0,0,0,1,0,0,1.0,0,0,0,19,3,0,1,,1.0,40 04:50.000,7.0,0,75 01:42.294,0,0,0,0,67301,0,0,0,N,0,0,0,4,67301,0,,1,1,,N,N,,0,,0,0,0,3,2,N,1949,0,2,0,0,0,0,0,3,4,0,2,3,,N,,,,,,,,,,,
2006082625,928.0,1,0,0,0,0,0,0,0,0,1,1,,67,7,2006,5,40.0441,-75.0544,925.0,6,0,0,0,0,0,0,0,0,9.0,0,1,0,9,1,3,0,,1.0,40 02:38.000,1.0,0,75 03:15.712,3,0,0,0,67301,0,0,0,N,0,0,0,4,67301,2,,1,9,,N,N,,0,,1,0,0,0,0,N,925,3,2,0,0,0,0,0,3,4,0,2,7,,N,,,,,,,,,,,
2006103513,1115.0,2,0,0,0,0,0,0,0,0,4,0,,67,9,2006,2,,,1155.0,6,0,0,0,0,0,0,0,0,,0,0,0,11,1,2,0,,0.0,,,0,,8,0,0,0,67301,0,0,0,N,0,0,0,5,67301,0,,1,1,,N,N,,0,,0,0,2,0,0,,1154,2,4,0,0,0,2,0,3,3,0,4,3,,N,,,,,,,,,,,
2006065594,24.0,2,0,0,0,0,0,0,0,0,4,0,,67,5,2006,2,40.0384,-75.0856,23.0,6,0,0,0,0,0,0,0,0,,0,0,0,0,3,4,2,,0.0,40 02:18.099,,0,75 05:08.113,3,0,0,0,67301,0,0,0,N,0,0,0,5,67301,3,,1,1,,N,N,,0,,1,0,0,3,3,,20,4,2,0,0,0,0,0,3,4,0,2,3,,N,,,,,,,,,,,