CRN,ARRIVAL_TM,AUTOMOBILE_COUNT,BELTED_DEATH_COUNT,BELTED_SUSP_SERIOUS_INJ_COUNT,BICYCLE_COUNT,BICYCLE_DEATH_COUNT,BICYCLE_SUSP_SERIOUS_INJ_COUNT,BUS_COUNT,CHLDPAS_DEATH_COUNT,CHLDPAS_SUSP_SERIOUS_INJ_COUNT,COLLISION_TYPE,COMM_VEH_COUNT,CONS_ZONE_SPD_LIM,COUNTY,CRASH_MONTH,CRASH_YEAR,DAY_OF_WEEK,DEC_LAT,DEC_LONG,DISPATCH_TM,DISTRICT,DRIVER_COUNT_16YR,DRIVER_COUNT_17YR,DRIVER_COUNT_18YR,DRIVER_COUNT_19YR,DRIVER_COUNT_20YR,DRIVER_COUNT_50_64YR,DRIVER_COUNT_65_74YR,DRIVER_COUNT_75PLUS,EST_HRS_CLOSED,FATAL_COUNT,HEAVY_TRUCK_COUNT,HORSE_BUGGY_COUNT,HOUR_OF_DAY,ILLUMINATION,INJURY_COUNT,INTERSECT_TYPE,INTERSECTION_RELATED,LANE_CLOSED,LATITUDE,LN_CLOSE_DIR,LOCATION_TYPE,LONGITUDE,MAX_SEVERITY_LEVEL,MCYCLE_DEATH_COUNT,MCYCLE_SUSP_SERIOUS_INJ_COUNT,MOTORCYCLE_COUNT,MUNICIPALITY,NONMOTR_COUNT,NONMOTR_DEATH_COUNT,NONMOTR_SUSP_SERIOUS_INJ_COUNT,NTFY_HIWY_MAINT,PED_COUNT,PED_DEATH_COUNT,PED_SUSP_SERIOUS_INJ_COUNT,PERSON_COUNT,POLICE_AGCY,POSSIBLE_INJ_COUNT,RDWY_SURF_TYPE_CD,RELATION_TO_ROAD,ROAD_CONDITION,ROADWAY_CLEARED,SCH_BUS_IND,SCH_ZONE_IND,SECONDARY_CRASH,SMALL_TRUCK_COUNT,SPEC_JURIS_CD,SUSP_MINOR_INJ_COUNT,SUSP_SERIOUS_INJ_COUNT,SUV_COUNT,TCD_FUNC_CD,TCD_TYPE,TFC_DETOUR_IND,TIME_OF_DAY,TOT_INJ_COUNT,TOTAL_UNITS,UNB_DEATH_COUNT,UNB_SUSP_SERIOUS_INJ_COUNT,UNBELTED_OCC_COUNT,UNK_INJ_DEG_COUNT,UNK_INJ_PER_COUNT,URBAN_AREA,URBAN_RURAL,VAN_COUNT,VEHICLE_COUNT,WEATHER1,WEATHER2,WORK_ZONE_IND,WORK_ZONE_LOC,WORK_ZONE_TYPE,WORKERS_PRES,WZ_CLOSE_DETOUR,WZ_FLAGGER,WZ_LAW_OFFCR_IND,WZ_LN_CLOSURE,WZ_MOVING,WZ_OTHER,WZ_SHLDER_MDN,WZ_WORKERS_INJ_KILLED
2006065614,1240.0,2,0,0,0,0,0,0,0,0,4,0,,67,5,2006,7,40.0352,-75.1455,1236.0,6,0,0,0,0,1,1,0,0,,0,0,0,12,1,0,1,,0.0,40 02:06.000,,0,75 08:43.859,0,0,0,0,67301,0,0,0,N,0,0,0,2,67301,0,,1,1,,N,N,,0,,0,0,0,3,2,,1209,0,2,0,0,0,0,0,3,4,0,2,3,,N,,,,,,,,,,,
2006063233,2112.0,1,0,0,1,0,0,0,0,0,4,0,,67,5,2006,3,39.9758,-75.1584,2100.0,6,0,0,0,0,0,0,0,0,,0,0,0,17,1,1,1,,0.0,39 58:33.000,,0,75 09:30.687,8,0,0,0,67301,1,0,0,,0,0,0,2,67301,0,,1,1,,,,,0,,0,0,0,9,2,,1700,1,2,0,0,0,1,1,3,4,0,1,3,,N,,,,,,,,,,,
2006065744,1545.0,1,0,0,0,0,0,0,0,0,4,0,,67,5,2006,7,39.9545,-75.2149,1537.0,6,0,0,0,0,0,1,0,0,,0,0,0,15,1,1,1,,0.0,39 57:16.045,,0,75 12:53.647,8,0,0,0,67301,0,0,0,N,0,0,0,2,67301,0,,1,1,,N,,,0,,0,0,1,9,3,,1537,1,2,0,0,0,1,0,3,4,0,2,3,,N,,,,,,,,,,,
2006063256,318.0,1,0,0,0,0,0,0,0,0,7,0,,67,5,2006,4,39.9863,-75.1561,312.0,6,0,0,0,0,0,0,0,0,,0,0,0,3,3,1,1,,0.0,39 59:10.000,,0,75 09:22.220,4,0,0,0,67301,0,0,0,N,0,0,0,1,67301,1,,5,1,,N,N,,0,,0,0,0,9,2,,312,1,1,0,0,0,0,0,3,4,0,1,3,,N,,,,,,,,,,,
2006115585,1510.0,1,0,0,1,0,0,0,0,0,5,0,,67,9,2006,7,,,1510.0,6,0,0,0,0,0,0,0,0,,0,0,0,99,1,2,0,,0.0,,,0,,4,0,0,0,67301,1,0,0,N,0,0,0,3,67301,2,,1,1,,N,N,,0,,0,0,0,3,2,,9999,2,2,0,0,1,0,0,3,3,0,1,3,,N,,,,,,,,,,,
2006112818,1205.0,1,0,0,0,0,0,0,0,0,1,0,,67,9,2006,7,40.0149,-75.1778,1201.0,6,0,0,0,0,0,0,0,0,9.0,0,0,0,11,1,1,0,,1.0,40 00:53.640,2.0,0,75 10:40.440,8,0,0,0,67301,0,0,0,N,0,0,0,2,67301,0,,1,1,,N,N,,0,,0,0,1,0,0,N,1155,1,2,0,0,0,1,0,3,4,0,2,3,,N,,,,,,,,,,,
2006125421,1408.0,3,0,0,0,0,0,0,0,0,4,0,,67,10,2006,5,40.0487,-75.0685,1406.0,6,1,0,0,0,0,1,0,0,1.0,0,0,0,14,1,2,2,,1.0,40 02:55.000,2.0,0,75 04:06.398,4,0,0,0,67301,0,0,0,N,0,0,0,3,67301,2,,1,1,,N,N,,0,,0,0,0,0,0,N,1405,2,3,0,0,0,0,0,3,4,0,3,3,,N,,,,,,,,,,,
2006126803,1200.0,1,0,0,0,0,0,0,0,0,2,0,,67,9,2006,6,40.0546,-75.125,1152.0,6,0,0,0,0,0,0,0,0,2.0,0,0,0,11,1,6,5,,2.0,40 03:16.000,7.0,0,75 07:30.044,2,0,0,0,67301,0,0,0,N,0,0,0,7,67301,5,,1,1,,N,N,,0,,0,1,2,3,2,Y,1145,6,3,0,1,3,0,0,3,4,0,3,3,,N,,,,,,,,,,,
2006124431,1005.0,1,0,0,0,0,0,0,0,0,4,0,,67,10,2006,7,40.0039,-75.1708,1000.0,6,0,0,0,0,0,0,0,0,,0,0,0,9,1,1,0,,0.0,40 00:14.000,,0,75 10:15.451,4,0,0,0,67301,1,0,0,N,0,0,0,2,67301,1,,6,1,,N,N,,0,,0,0,0,0,0,,950,1,2,0,0,0,0,1,3,4,1,2,3,,N,,,,,,,,,,,
2006114798,1020.0,1,0,0,0,0,0,0,0,0,7,0,,67,10,2006,2,39.9858,-75.2157,1015.0,6,0,0,0,0,0,0,0,0,,0,0,0,10,1,1,10,,0.0,39 59:08.000,,0,75 12:56.714,4,0,0,0,67301,0,0,0,N,0,0,0,1,67301,1,,5,98,,N,N,,0,,0,0,0,0,0,,1005,1,1,0,0,1,0,0,3,4,0,1,99,,N,,,,,,,,,,,
2006114381,2240.0,2,0,0,0,0,0,0,0,0,1,0,,67,10,2006,6,40.0994,-74.974,2230.0,6,0,0,0,0,0,0,0,0,,0,0,0,22,3,0,0,,0.0,40 05:57.868,,0,74 58:26.543,0,0,0,0,67301,0,0,0,N,0,0,0,1,67301,0,,1,1,,N,N,,1,,0,0,0,0,0,,2230,0,4,0,0,0,0,0,3,4,1,4,3,,N,,,,,,,,,,,
2006114385,809.0,1,0,0,0,0,0,0,0,0,8,0,,67,10,2006,2,39.9463,-75.1715,805.0,6,0,0,0,0,0,1,0,0,,0,0,0,18,1,1,1,,0.0,39 56:46.845,,0,75 10:17.353,4,0,0,0,67301,1,0,0,N,1,0,0,2,67301,1,,1,1,,N,N,,0,,0,0,0,2,2,,1800,1,2,0,0,0,0,0,3,4,0,1,3,,N,,,,,,,,,,,
2006126209,1835.0,2,0,0,0,0,0,0,0,0,2,0,,67,9,2006,5,39.9877,-75.225,1823.0,6,0,0,0,0,0,1,0,0,2.0,0,0,0,99,1,1,2,,2.0,39 59:15.615,3.0,0,75 13:29.927,4,0,0,0,67301,0,0,0,,0,0,0,3,67301,1,,1,1,,,,,0,,0,0,0,0,0,N,9999,1,2,0,0,1,0,0,3,4,0,2,3,,N,,,,,,,,,,,
2006054544,1445.0,1,0,0,0,0,0,0,0,0,4,0,,67,4,2006,1,,,1445.0,6,0,0,0,0,1,0,0,0,,0,0,0,14,1,1,0,,0.0,,,0,,8,0,0,0,67301,0,0,0,,0,0,0,2,67301,0,,1,1,,,,,1,,0,0,0,0,0,,1445,1,2,0,0,2,1,0,3,3,0,2,3,,N,,,,,,,,,,,
2006054636,1049.0,2,0,0,0,0,0,0,0,0,4,0,,67,4,2006,7,39.9185,-75.2259,1044.0,6,0,0,0,0,0,1,0,0,,0,0,0,10,1,1,1,,0.0,39 55:06.000,,0,75 13:33.315,4,0,0,0,67301,0,0,0,N,0,0,0,2,67301,1,,1,1,,N,N,,0,,0,0,0,9,2,,1040,1,2,0,0,0,0,0,3,4,0,2,3,,N,,,,,,,,,,,
2006080878,735.0,1,0,0,0,0,0,0,0,0,1,0,,67,6,2006,4,40.0136,-75.2055,725.0,6,0,0,0,0,0,0,0,0,,0,0,0,7,1,0,0,,0.0,40 00:47.000,,2,75 12:18.029,0,0,0,0,67301,0,0,0,N,0,0,0,2,67301,0,,1,9,,N,N,,1,,0,0,0,0,0,,713,0,2,0,0,0,0,0,3,4,0,2,7,,N,,,,,,,,,,,
2006093852,831.0,1,0,0,0,0,0,0,0,0,4,1,,67,8,2006,2,39.9499,-75.1443,826.0,6,0,0,0,0,0,0,0,0,1.0,0,1,0,8,1,1,2,,1.0,39 56:59.000,3.0,0,75 08:39.694,8,0,0,0,67301,0,0,0,N,0,0,0,2,67301,0,,1,1,,N,N,,0,,0,0,0,3,3,N,824,1,2,0,0,0,1,0,3,4,0,2,3,,N,,,,,,,,,,,
2006080925,1450.0,0,0,0,0,0,0,0,0,0,4,0,,67,6,2006,3,40.0672,-75.0089,1425.0,6,0,0,0,0,0,0,0,0,,0,0,0,14,1,1,0,,0.0,40 04:01.000,,0,75 00:31.839,4,0,0,0,67301,0,0,0,,0,0,0,1,67301,1,,6,1,,N,N,,1,,0,0,1,0,0,,1425,1,2,0,0,0,0,0,3,4,0,2,3,,N,,,,,,,,,,,
2006081042,2158.0,1,0,0,0,0,0,0,0,0,8,0,,67,5,2006,3,40.0359,-75.1266,2155.0,6,0,0,0,0,0,0,0,0,1.0,0,0,0,21,3,1,0,,2.0,40 02:09.000,6.0,0,75 07:35.807,8,0,0,0,67301,1,0,0,N,1,0,0,2,67301,0,,1,1,,N,N,,0,,0,0,0,0,0,N,2150,1,2,0,0,0,1,0,3,4,0,1,3,,N,,,,,,,,,,,
2006081103,1127.0,2,0,0,0,0,0,0,0,0,4,0,,67,6,2006,1,40.0743,-75.1661,1120.0,6,0,0,0,0,0,0,0,0,,0,0,0,11,1,0,1,,0.0,40 04:27.566,,0,75 09:57.844,0,0,0,0,67301,0,0,0,N,0,0,0,2,67301,0,,1,1,,N,N,,0,,0,0,0,9,3,,1118,0,2,0,0,0,0,0,3,4,0,2,3,,N,,,,,,,,,,,
2006103700,2210.0,2,0,0,0,0,0,0,0,0,1,0,,67,8,2006,7,,,2200.0,6,0,0,0,0,0,1,0,0,,0,0,0,99,1,1,1,,0.0,,,0,,8,0,0,0,67301,0,0,0,N,0,0,0,3,67301,0,,1,1,,N,N,,0,,0,0,0,3,2,,9999,1,2,0,0,0,1,0,3,3,0,2,3,,N,,,,,,,,,,,
2006106816,1600.0,1,0,0,1,0,0,0,0,0,4,0,,67,8,2006,7,39.9392,-75.1965,1600.0,6,0,0,0,0,0,0,0,0,,0,0,0,10,1,1,2,,0.0,39 56:21.188,,0,75 11:47.252,3,0,0,0,67301,1,0,0,N,0,0,0,2,67301,0,,1,1,,N,N,,0,,1,0,0,0,0,,1045,1,2,0,0,0,0,1,3,4,0,1,3,,N,,,,,,,,,,,
2006096591,1645.0,2,0,0,0,0,0,0,0,0,1,0,,67,8,2006,6,40.0311,-75.0361,1645.0,6,0,0,0,0,0,0,0,0,,0,0,0,99,1,2,2,,0.0,40 01:52.000,,0,75 02:10.009,8,0,0,0,67301,0,0,0,N,0,0,0,5,67301,0,,1,1,,N,N,,0,,0,0,0,0,0,,9999,2,2,0,0,0,2,0,3,4,0,2,3,,N,,,,,,,,,,,
2006104309,953.0,2,0,0,0,0,0,0,0,0,4,0,,67,9,2006,5,40.0892,-75.021,939.0,6,0,0,0,0,0,0,0,0,1.0,0,0,0,9,1,1,1,,2.0,40 05:21.079,2.0,0,75 01:15.622,8,0,0,0,67301,0,0,0,N,0,0,0,2,67301,0,,1,9,,N,N,,0,,0,0,0,3,2,N,938,1,2,0,0,0,1,0,3,4,0,2,7,,N,,,,,,,,,,,
2006101904,1305.0,2,0,0,0,0,0,0,0,0,4,0,,67,9,2006,5,40.0657,-75.0513,1304.0,6,0,0,0,0,0,0,0,0,,0,0,0,13,1,0,2,,0.0,40 03:57.000,,0,75 03:04.611,0,0,0,0,67301,0,0,0,N,0,0,0,2,67301,0,,1,1,,N,N,,0,,0,0,0,3,3,,1302,0,2,0,0,0,0,0,3,4,0,2,3,,N,,,,,,,,,,,
2006125738,1632.0,1,0,0,0,0,0,0,0,0,4,0,,67,10,2006,7,40.0413,-75.1067,1627.0,6,0,0,0,0,0,1,0,0,,0,0,0,16,1,1,1,,0.0,40 02:28.000,,0,75 06:24.124,4,0,0,0,67301,0,0,0,N,0,0,0,2,67301,1,,1,1,,N,N,,1,,0,0,0,3,2,,1600,1,2,0,0,0,0,0,3,4,0,2,3,,N,,,,,,,,,,,
2006113972,2035.0,2,0,0,0,0,0,0,0,0,6,0,,67,10,2006,5,39.9915,-75.1483,2030.0,6,0,0,0,0,0,0,0,0,1.0,0,0,0,20,3,1,1,,1.0,39 59:29.371,4.0,0,75 08:53.732,8,0,0,0,67301,0,0,0,N,0,0,0,5,67301,0,,1,1,,N,N,,0,,0,0,0,3,2,N,2020,1,2,0,0,1,1,1,3,4,0,2,3,,N,,,,,,,,,,,
2006102828,721.0,1,0,0,0,0,0,0,0,0,4,0,,67,8,2006,2,39.9636,-75.171,720.0,6,0,0,0,0,0,0,0,0,,0,0,0,6,1,0,1,,0.0,39 57:48.000,,0,75 10:15.703,0,0,0,0,67301,0,0,0,N,0,0,0,2,67301,0,,1,9,,N,N,,1,,0,0,0,3,2,,645,0,2,0,0,0,0,0,3,4,0,2,3,,N,,,,,,,,,,,
2006083053,1648.0,2,0,0,0,0,0,0,0,0,4,0,,67,7,2006,7,40.0853,-75.2104,1638.0,6,0,0,0,1,0,1,0,0,,0,0,0,16,1,2,2,,0.0,40 05:07.000,,0,75 12:37.560,3,0,0,0,67301,0,0,0,N,0,0,0,2,67301,1,,1,1,,N,N,,0,,1,0,0,3,2,,1638,2,2,0,0,0,0,0,3,4,0,2,3,,N,,,,,,,,,,,
2006083056,1150.0,1,0,0,0,0,0,0,0,0,3,0,,67,6,2006,4,39.9118,-75.1507,1141.0,6,0,0,0,0,0,1,1,0,2.0,0,0,0,11,1,0,6,,1.0,39 54:41.000,3.0,2,75 09:02.346,0,0,0,0,67301,0,0,0,N,0,0,0,3,67301,0,,1,9,,N,N,,1,,0,0,0,3,2,N,1141,0,2,0,0,0,0,0,3,4,0,2,7,,N,,,,,,,,,,,
2006083066,730.0,0,0,0,0,0,0,0,0,0,1,0,,67,6,2006,6,39.9866,-75.0917,729.0,6,0,0,0,0,0,0,0,0,,0,0,0,7,1,2,10,,0.0,39 59:11.760,,0,75 05:30.840,4,0,0,0,67301,0,0,0,N,0,0,0,5,67301,2,,1,1,,N,N,,0,,0,0,2,0,0,,725,2,3,0,0,0,0,0,3,4,1,3,3,,N,,,,,,,,,,,
2006083068,9999.0,2,0,0,0,0,0,0,0,0,2,0,,67,5,2006,3,,,1253.0,6,0,0,0,0,0,0,1,0,,0,0,0,12,1,2,1,,0.0,,,0,,4,0,0,0,67301,0,0,0,N,0,0,0,2,67301,2,,1,1,,N,N,,0,,0,0,0,9,3,,1240,2,2,0,0,1,0,0,3,3,0,2,3,,N,,,,,,,,,,,
2006080695,1415.0,0,0,0,0,0,0,0,0,0,8,0,,67,6,2006,4,40.0553,-75.0273,1406.0,6,0,0,0,0,0,1,0,0,1.0,0,0,0,14,1,1,0,,1.0,40 03:19.101,4.0,0,75 01:38.146,3,0,0,0,67301,1,0,0,N,1,0,0,2,67301,0,,1,9,,N,N,,1,,1,0,0,0,0,N,1405,1,2,0,0,0,0,0,3,4,0,1,7,,N,,,,,,,,,,,
2006083106,1009.0,1,0,0,0,0,0,0,0,0,1,0,,67,6,2006,2,39.9979,-75.1077,1008.0,6,0,0,0,0,0,1,0,0,,0,1,0,10,1,1,0,,0.0,39 59:52.332,,0,75 06:27.558,8,0,0,0,67301,0,0,0,N,0,0,0,2,67301,0,,1,9,,N,N,,0,,0,0,1,0,0,,1005,1,3,0,0,0,1,0,3,4,0,3,7,,N,,,,,,,,,,,
2006083171,2325.0,0,0,0,0,0,0,0,0,0,0,0,,67,7,2006,7,39.9747,-75.1993,2319.0,6,0,0,0,0,0,0,0,0,1.0,0,0,0,23,3,1,0,,1.0,39 58:28.000,4.0,0,75 11:56.944,3,0,0,1,67301,0,0,0,N,0,0,0,1,67301,0,,1,1,,N,N,,0,,1,0,0,0,0,N,2316,1,2,0,0,0,0,0,3,4,0,1,3,,N,,,,,,,,,,,
2006083177,1159.0,2,0,0,0,0,0,0,0,0,1,0,,67,6,2006,6,39.9278,-75.237,1155.0,6,0,0,0,0,0,1,0,0,,0,0,0,11,1,2,2,,0.0,39 55:40.000,,0,75 14:13.508,3,0,0,0,67301,0,0,0,N,0,0,0,4,67301,0,,1,1,,N,N,,0,,2,0,0,3,2,,1137,2,2,0,0,3,0,0,3,4,0,2,3,,N,,,,,,,,,,,
2006082984,1610.0,2,0,0,0,0,0,0,0,0,4,0,,67,5,2006,7,40.0108,-75.1266,1610.0,6,0,0,0,0,0,0,0,0,1.0,0,0,0,16,1,7,1,,1.0,40 00:38.808,2.0,0,75 07:35.921,3,0,0,0,67301,0,0,0,N,0,0,0,7,67301,5,,1,1,,N,N,,0,,1,0,0,9,2,Y,1600,7,2,0,0,5,1,0,3,4,0,2,3,,N,,,,,,,,,,,
2006080852,1610.0,2,0,0,0,0,0,0,0,0,4,0,,67,6,2006,1,,,1600.0,6,0,0,0,0,1,0,0,0,,0,0,0,15,1,1,1,,0.0,,,0,,4,0,0,0,67301,0,0,0,N,0,0,0,3,67301,1,,1,1,,N,N,,0,,0,0,0,3,3,,1530,1,2,0,0,0,0,0,3,3,0,2,3,,N,,,,,,,,,,,
2006021607,537.0,1,0,0,0,0,0,0,0,0,1,0,,67,1,2006,2,40.0198,-75.1487,532.0,6,0,0,0,0,0,0,0,0,1.0,0,0,0,5,3,1,0,,1.0,40 01:11.000,2.0,0,75 08:55.040,3,0,0,0,67301,0,0,0,N,0,0,0,2,67301,0,,1,1,,N,N,,1,,1,0,0,0,0,N,525,1,2,0,0,0,0,1,3,4,0,2,3,,N,,,,,,,,,,,
2006021662,1740.0,1,0,0,0,0,0,0,0,0,8,0,,67,1,2006,4,39.9635,-75.1694,1737.0,6,0,0,0,0,0,0,1,0,,0,0,0,17,3,1,1,,0.0,39 57:48.000,,0,75 10:09.773,4,0,0,0,67301,1,0,0,N,1,0,0,2,67301,1,,1,9,,N,N,,0,,0,0,0,3,2,,1735,1,2,0,0,0,0,0,3,4,0,1,7,,N,,,,,,,,,,,
2006103109,1556.0,1,0,0,0,0,0,0,0,0,1,0,,67,9,2006,6,,,1553.0,6,0,0,0,0,0,0,0,0,,0,0,0,15,1,1,0,,0.0,,,0,,8,0,0,0,67301,1,0,0,N,0,0,0,2,67301,0,,6,1,,N,N,,0,,0,0,1,0,0,,1520,1,2,0,0,0,1,0,3,3,0,2,3,,N,,,,,,,,,,,
2006103858,2245.0,2,0,0,0,0,0,0,0,0,2,0,,67,8,2006,6,40.0406,-75.1567,2244.0,6,0,0,0,0,0,0,1,0,,0,0,0,22,3,1,0,,0.0,40 02:26.000,,0,75 09:24.108,3,0,0,0,67301,0,0,0,N,0,0,0,2,67301,0,,1,1,,N,N,,0,,1,0,0,3,2,,2244,1,2,0,0,0,0,0,3,4,0,2,3,,N,,,,,,,,,,,
2006125482,408.0,1,0,0,1,0,0,0,0,0,4,0,,67,10,2006,1,39.919,-75.2349,405.0,6,0,0,0,0,0,0,0,0,,0,0,0,3,3,1,2,,0.0,39 55:08.000,,0,75 14:05.926,8,0,0,0,67301,1,0,0,,0,0,0,2,67301,0,,1,1,,,,,0,,0,0,0,0,0,,341,1,2,0,0,0,1,1,3,4,0,1,3,,N,,,,,,,,,,,
2006125488,825.0,1,0,0,0,0,0,0,0,0,1,0,,67,11,2006,6,40.0169,-75.0474,822.0,6,0,0,0,0,0,0,0,0,,0,0,0,8,1,1,6,,0.0,40 01:00.840,,2,75 02:50.640,8,0,0,0,67301,0,0,0,N,0,0,0,2,67301,0,,1,1,,N,N,,0,,0,0,1,9,3,,820,1,2,0,0,0,1,0,3,4,0,2,3,,N,,,,,,,,,,,
2006125367,1710.0,1,0,0,0,0,0,0,0,0,4,0,,67,10,2006,5,40.0034,-75.0773,1706.0,6,0,0,0,0,0,0,0,0,,0,1,0,14,1,0,0,,0.0,40 00:12.240,,0,75 04:37.200,0,0,0,0,67301,0,0,0,N,0,0,0,2,67301,0,,1,1,,N,N,,0,,0,0,0,0,0,,1458,0,2,0,0,0,0,0,3,4,0,2,3,,N,,,,,,,,,,,
2006125382,625.0,0,0,0,0,0,0,0,0,0,0,0,,67,11,2006,5,39.9693,-75.1921,620.0,6,0,0,0,0,0,0,0,0,1.0,0,0,0,6,1,0,0,,1.0,39 58:15.392,3.0,0,75 11:35.023,9,0,0,0,67301,0,0,0,N,0,0,0,6,67301,0,,1,1,,Y,N,,3,,0,0,2,0,0,N,600,0,6,0,0,0,0,6,3,4,0,6,3,,N,,,,,,,,,,,
2006115670,1243.0,1,0,0,0,0,0,0,0,0,4,1,,67,10,2006,6,39.9081,-75.1551,1240.0,6,0,0,0,0,0,0,1,0,1.0,0,1,0,12,1,1,2,,2.0,39 54:29.022,6.0,0,75 09:18.493,4,0,0,0,67301,0,0,0,N,0,0,0,2,67301,1,,1,9,,N,N,,0,,0,0,0,0,0,Y,1236,1,2,0,0,0,0,0,3,4,0,2,7,,N,,,,,,,,,,,
2006125276,1020.0,2,0,0,0,0,0,0,0,0,2,0,,67,11,2006,4,39.9976,-75.1467,1015.0,6,0,0,0,0,0,2,0,0,,0,0,0,10,1,1,3,,0.0,39 59:51.514,,0,75 08:48.199,8,0,0,0,67301,0,0,0,N,0,0,0,2,67301,0,,1,1,,N,N,,0,,0,0,0,3,3,,1000,1,2,0,0,1,1,0,3,4,0,2,3,,N,,,,,,,,,,,
2006125278,1005.0,2,0,0,0,0,0,0,0,0,1,0,,67,11,2006,5,39.9909,-75.1148,1000.0,6,0,0,0,0,0,0,0,0,,0,0,0,9,1,1,2,,0.0,39 59:27.000,,0,75 06:53.636,4,0,0,0,67301,0,0,0,N,0,0,0,2,67301,1,,1,1,,N,N,,0,,0,0,0,3,2,,945,1,2,0,0,0,0,0,3,4,0,2,3,,N,,,,,,,,,,,
2006065590,2235.0,3,0,0,0,0,0,0,0,0,1,0,,67,3,2006,6,40.0014,-75.1042,2230.0,6,0,0,0,0,0,0,0,0,,0,0,0,99,3,2,0,,0.0,40 00:05.104,,0,75 06:14.968,3,0,0,0,67301,0,0,0,N,0,0,0,2,67301,1,,6,1,,N,N,,0,,1,0,0,0,0,,9999,2,3,0,0,0,0,0,3,4,0,3,3,,N,,,,,,,,,,,
2006065790,1112.0,1,0,0,0,0,0,0,0,0,1,0,,67,6,2006,6,,,1054.0,6,0,0,0,0,0,1,0,0,1.0,0,0,0,10,1,1,0,,1.0,,2.0,0,,8,0,0,0,67301,0,0,0,N,0,0,0,2,67301,0,,1,1,,N,N,,0,,0,0,1,0,0,N,1054,1,2,0,0,0,1,0,3,3,0,2,3,,N,,,,,,,,,,,
2006065812,1752.0,1,0,0,0,0,0,0,0,0,4,0,,67,5,2006,2,40.0311,-75.1034,1747.0,6,0,0,0,0,0,1,0,0,,0,0,0,17,1,2,0,,0.0,40 01:51.880,,0,75 06:12.383,4,0,0,0,67301,0,0,0,N,0,0,0,3,67301,2,,1,1,,N,N,,0,,0,0,1,0,0,,1719,2,2,0,0,0,0,0,3,4,0,2,3,,N,,,,,,,,,,,
2006125437,9999.0,1,0,0,0,0,0,0,0,0,1,0,,67,10,2006,6,40.0115,-75.1929,9999.0,6,0,0,0,0,0,0,0,0,,0,0,0,99,1,0,0,,0.0,40 00:41.465,,0,75 11:34.543,9,0,0,0,67301,0,0,0,N,0,0,0,2,67301,0,,1,1,,N,N,,1,,0,0,0,0,0,,9999,0,2,0,0,0,0,2,3,4,0,2,3,,N,,,,,,,,,,,
2006126799,1121.0,0,0,0,0,0,0,0,0,0,8,0,,67,11,2006,4,40.0156,-75.1357,1118.0,6,0,0,0,0,0,0,0,0,,0,0,0,99,1,1,0,,0.0,40 00:56.307,,0,75 08:08.685,4,0,0,0,67301,1,0,0,,1,0,0,2,67301,1,,1,1,,,,,0,,0,0,0,0,0,,9999,1,2,0,0,0,0,0,3,4,1,1,3,,N,,,,,,,,,,,
2006124430,132.0,4,0,0,0,0,0,0,0,0,4,0,,67,10,2006,1,40.0001,-75.1029,128.0,6,0,0,0,0,0,0,0,0,,0,0,0,1,3,1,1,,0.0,40 00:00.180,,0,75 06:10.443,3,0,0,0,67301,0,0,0,N,0,0,0,2,67301,0,,1,1,,N,N,,0,,1,0,1,3,3,,128,1,5,0,0,0,0,1,3,4,0,5,3,,N,,,,,,,,,,,
2006115139,1330.0,0,0,0,0,0,0,0,0,0,1,0,,67,10,2006,7,39.9386,-75.1974,1319.0,6,0,0,0,0,0,2,0,0,2.0,0,0,0,99,1,1,0,,2.0,39 56:22.602,3.0,0,75 11:46.888,8,0,0,0,67301,0,0,0,N,0,0,0,2,67301,0,,1,1,,N,N,,0,,0,0,1,0,0,Y,9999,1,2,0,0,0,1,0,3,4,1,2,3,,N,,,,,,,,,,,
2006114408,9999.0,3,0,0,0,0,0,0,0,0,1,0,,67,10,2006,6,40.0289,-75.1006,9999.0,6,0,0,0,0,0,0,0,0,,0,0,0,11,1,2,0,,0.0,40 01:44.042,,0,75 06:02.048,4,0,0,0,67301,0,0,0,N,0,0,0,5,67301,2,,1,1,,N,N,,0,,0,0,0,0,0,,1135,2,3,0,0,0,0,0,3,4,0,3,3,,N,,,,,,,,,,,
2006124016,10.0,1,0,0,0,0,0,0,0,0,5,0,,67,10,2006,7,39.9759,-75.1694,7.0,6,0,0,0,0,0,1,0,0,,0,0,0,0,3,1,0,,0.0,39 58:33.139,,0,75 10:09.890,4,0,0,0,67301,1,0,0,N,1,0,0,2,67301,1,,6,1,,N,N,,0,,0,0,0,0,0,,1,1,3,0,0,0,0,0,3,4,0,2,3,,N,,,,,,,,,,,
2006093457,2057.0,2,0,0,0,0,0,0,0,0,4,0,,67,8,2006,7,,,2052.0,6,0,0,0,0,0,1,0,0,2.0,0,0,0,20,3,1,1,,2.0,,3.0,0,,4,0,0,0,67301,0,0,0,N,0,0,0,4,67301,1,,1,1,,N,N,,0,,0,0,0,3,3,Y,2045,1,2,0,0,0,0,0,3,3,0,2,3,,N,,,,,,,,,,,