CRN,ARRIVAL_TM,AUTOMOBILE_COUNT,BELTED_DEATH_COUNT,BELTED_SUSP_SERIOUS_INJ_COUNT,BICYCLE_COUNT,BICYCLE_DEATH_COUNT,BICYCLE_SUSP_SERIOUS_INJ_COUNT,BUS_COUNT,CHLDPAS_DEATH_COUNT,CHLDPAS_SUSP_SERIOUS_INJ_COUNT,COLLISION_TYPE,COMM_VEH_COUNT,CONS_ZONE_SPD_LIM,COUNTY,CRASH_MONTH,CRASH_YEAR,DAY_OF_WEEK,DEC_LAT,DEC_LONG,DISPATCH_TM,DISTRICT,DRIVER_COUNT_16YR,DRIVER_COUNT_17YR,DRIVER_COUNT_18YR,DRIVER_COUNT_19YR,DRIVER_COUNT_20YR,DRIVER_COUNT_50_64YR,DRIVER_COUNT_65_74YR,DRIVER_COUNT_75PLUS,EST_HRS_CLOSED,FATAL_COUNT,HEAVY_TRUCK_COUNT,HORSE_BUGGY_COUNT,HOUR_OF_DAY,ILLUMINATION,INJURY_COUNT,INTERSECT_TYPE,INTERSECTION_RELATED,LANE_CLOSED,LATITUDE,LN_CLOSE_DIR,LOCATION_TYPE,LONGITUDE,MAX_SEVERITY_LEVEL,MCYCLE_DEATH_COUNT,MCYCLE_SUSP_SERIOUS_INJ_COUNT,MOTORCYCLE_COUNT,MUNICIPALITY,NONMOTR_COUNT,NONMOTR_DEATH_COUNT,NONMOTR_SUSP_SERIOUS_INJ_COUNT,NTFY_HIWY_MAINT,PED_COUNT,PED_DEATH_COUNT,PED_SUSP_SERIOUS_INJ_COUNT,PERSON_COUNT,POLICE_AGCY,POSSIBLE_INJ_COUNT,RDWY_SURF_TYPE_CD,RELATION_TO_ROAD,ROAD_CONDITION,ROADWAY_CLEARED,SCH_BUS_IND,SCH_ZONE_IND,SECONDARY_CRASH,SMALL_TRUCK_COUNT,SPEC_JURIS_CD,SUSP_MINOR_INJ_COUNT,SUSP_SERIOUS_INJ_COUNT,SUV_COUNT,TCD_FUNC_CD,TCD_TYPE,TFC_DETOUR_IND,TIME_OF_DAY,TOT_INJ_COUNT,TOTAL_UNITS,UNB_DEATH_COUNT,UNB_SUSP_SERIOUS_INJ_COUNT,UNBELTED_OCC_COUNT,UNK_INJ_DEG_COUNT,UNK_INJ_PER_COUNT,URBAN_AREA,URBAN_RURAL,VAN_COUNT,VEHICLE_COUNT,WEATHER1,WEATHER2,WORK_ZONE_IND,WORK_ZONE_LOC,WORK_ZONE_TYPE,WORKERS_PRES,WZ_CLOSE_DETOUR,WZ_FLAGGER,WZ_LAW_OFFCR_IND,WZ_LN_CLOSURE,WZ_MOVING,WZ_OTHER,WZ_SHLDER_MDN,WZ_WORKERS_INJ_KILLED
2006054558,1425.0,2,0,0,0,0,0,0,0,0,4,0,,67,4,2006,6,40.079,-75.0252,1414.0,6,0,0,0,0,1,1,0,0,,0,0,0,14,1,2,1,,0.0,40 04:44.000,,0,75 01:30.352,4,0,0,0,67301,0,0,0,N,0,0,0,3,67301,1,,1,1,,N,N,,0,,0,0,0,3,2,,1410,2,2,0,0,0,1,0,3,4,0,2,3,,N,,,,,,,,,,,
2006054560,613.0,2,0,0,0,0,0,0,0,0,4,0,,67,4,2006,1,39.9616,-75.1545,613.0,6,0,0,0,0,0,0,0,0,,0,0,0,6,1,0,2,,0.0,39 57:42.000,,0,75 09:16.704,0,0,0,0,67301,0,0,0,N,0,0,0,2,67301,0,,1,1,,N,N,,0,,0,0,0,3,2,,613,0,2,0,0,0,0,0,3,4,0,2,3,,N,,,,,,,,,,,
2006054634,753.0,1,0,0,0,0,0,0,0,0,8,0,,67,4,2006,6,39.9931,-75.1479,750.0,6,0,0,0,0,0,0,0,0,,0,0,0,7,1,1,1,,0.0,39 59:34.000,,0,75 08:52.453,4,0,0,0,67301,1,0,0,N,1,0,0,2,67301,1,,1,1,,N,N,,0,,0,0,0,3,2,,736,1,2,0,0,0,0,0,3,4,0,1,3,,N,,,,,,,,,,,
2006083308,1847.0,2,0,0,0,0,0,0,0,0,4,0,,67,6,2006,5,39.9739,-75.2064,1845.0,6,0,0,0,0,0,0,0,0,,0,0,0,18,1,2,5,,0.0,39 58:25.000,,0,75 12:22.425,3,0,0,0,67301,0,0,0,N,0,0,0,4,67301,0,,1,1,,N,N,,0,,2,0,0,3,2,,1843,2,2,0,0,0,0,0,3,4,0,2,3,,N,,,,,,,,,,,
2006103671,2133.0,2,0,0,0,0,0,0,0,0,4,0,,67,9,2006,5,40.02,-75.0634,2127.0,6,0,0,0,0,0,0,0,0,,0,0,0,21,3,1,5,,0.0,40 01:12.360,,0,75 03:48.240,8,0,0,0,67301,0,0,0,N,0,0,0,2,67301,0,,1,9,,N,N,,0,,0,0,0,9,3,,2124,1,2,0,0,0,1,0,3,4,0,2,7,,N,,,,,,,,,,,
2006096605,1554.0,1,0,0,0,0,0,0,0,0,7,0,,67,7,2006,6,40.0823,-75.0721,1544.0,6,0,0,0,0,0,0,0,1,,0,0,0,15,1,1,0,,0.0,40 04:56.316,,0,75 04:19.394,3,0,0,0,67301,0,0,0,N,0,0,0,1,67301,0,,9,9,,N,N,,0,,1,0,0,0,0,,1544,1,1,0,0,0,0,0,3,4,0,1,7,,N,,,,,,,,,,,
2006096429,1300.0,2,0,0,0,0,0,0,0,0,2,0,,67,7,2006,6,40.0245,-75.1478,1230.0,6,0,0,0,0,0,1,0,0,,0,0,0,12,1,2,1,,0.0,40 01:28.000,,0,75 08:52.530,8,0,0,0,67301,0,0,0,N,0,0,0,2,67301,0,,1,1,,N,N,,0,,0,0,0,9,2,,1230,2,2,0,0,0,2,0,3,4,0,2,3,,N,,,,,,,,,,,
2006104286,1710.0,0,0,0,0,0,0,0,0,0,1,0,,67,8,2006,1,39.9968,-75.1277,1700.0,6,0,0,0,0,0,0,0,0,,0,0,0,17,1,1,0,,0.0,39 59:48.350,,0,75 07:39.734,4,0,0,0,67301,0,0,0,N,0,0,0,2,67301,1,,1,1,,N,N,,1,,0,0,1,0,0,,1700,1,2,0,0,2,0,0,3,4,0,2,3,,N,,,,,,,,,,,
2006104299,1535.0,1,0,0,0,0,0,0,0,0,4,0,,67,8,2006,5,40.0211,-75.1399,1530.0,6,0,0,0,0,0,1,0,0,3.0,0,0,0,15,1,1,1,,1.0,40 01:17.000,1.0,0,75 08:23.815,4,0,0,0,67301,0,0,0,N,0,0,0,3,67301,1,,1,1,,N,N,,0,,0,0,0,3,2,Y,1532,1,2,0,0,0,0,2,3,4,1,2,3,,N,,,,,,,,,,,
2006104320,205.0,3,0,0,0,0,0,0,0,0,1,0,,67,9,2006,1,39.9511,-75.1786,201.0,6,0,0,0,0,0,1,0,0,,0,0,0,1,3,1,0,,0.0,39 57:03.000,,0,75 10:42.699,4,0,0,0,67301,0,0,0,,0,0,0,5,67301,1,,1,1,,,,,0,,0,0,0,0,0,,155,1,3,0,0,0,0,0,3,4,0,3,3,,N,,,,,,,,,,,
2006101912,1535.0,2,0,0,0,0,0,0,0,0,2,0,,67,7,2006,7,,,1529.0,6,0,0,0,0,0,1,0,0,,0,0,0,15,1,1,1,,0.0,,,0,,4,0,0,0,67301,0,0,0,N,0,0,0,6,67301,1,,1,1,,N,N,,0,,0,0,0,3,3,,1509,1,2,0,0,0,0,0,3,3,0,2,3,,N,,,,,,,,,,,
2006125496,318.0,2,0,0,0,0,0,0,0,0,4,0,,67,11,2006,1,39.956,-75.1416,315.0,6,0,0,0,0,1,0,0,0,2.0,0,0,0,3,3,2,1,,1.0,39 57:21.582,3.0,2,75 08:29.701,4,0,0,0,67301,0,0,0,N,0,0,0,4,67301,2,,1,1,,N,N,,0,,0,0,0,3,2,Y,310,2,2,0,0,0,0,0,3,4,0,2,3,,N,,,,,,,,,,,
2006113964,2131.0,1,0,0,0,0,0,0,0,0,7,0,,67,10,2006,5,40.1197,-74.9804,2123.0,6,0,0,0,0,0,1,0,0,2.0,0,0,0,21,3,2,0,,2.0,40 07:10.875,2.0,0,74 58:49.303,8,0,0,0,67301,0,0,0,N,0,0,0,2,67301,0,,2,1,,N,N,,0,,0,0,0,0,0,N,2120,2,1,0,0,0,2,0,3,4,0,1,3,,N,,,,,,,,,,,
2006114008,1732.0,1,0,0,0,0,0,0,0,0,7,0,,67,10,2006,2,40.0233,-75.0338,1730.0,6,0,0,0,0,0,0,0,1,9.0,0,0,0,17,1,1,0,,1.0,40 01:22.440,3.0,2,75 02:08.160,8,0,0,0,67301,0,0,0,Y,0,0,0,2,67301,0,,7,1,,N,N,,0,,0,0,0,0,0,N,1730,1,1,0,0,0,1,0,3,4,0,1,3,,N,,,,,,,,,,,
2006082661,722.0,2,0,0,0,0,0,0,0,0,1,0,,67,6,2006,2,39.8946,-75.2367,717.0,6,0,0,0,0,0,0,0,0,,0,0,0,6,1,3,1,,0.0,39 53:40.000,,0,75 14:12.237,4,0,0,0,67301,0,0,0,N,0,0,0,4,67301,3,,1,9,,N,N,,0,,0,0,0,3,2,,659,3,2,0,0,0,0,0,3,4,0,2,7,,N,,,,,,,,,,,
2006080706,1726.0,2,0,0,0,0,0,0,0,0,2,0,,67,7,2006,3,39.9858,-75.181,1722.0,6,0,0,0,1,0,1,0,0,1.0,0,0,0,17,1,2,1,,1.0,39 59:09.000,7.0,0,75 10:51.763,4,0,0,0,67301,0,0,0,N,0,0,0,4,67301,2,,1,1,,N,N,,0,,0,0,0,9,2,N,1722,2,2,0,0,4,0,0,3,4,0,2,3,,N,,,,,,,,,,,
2006080830,1550.0,1,0,0,0,0,0,0,0,0,1,0,,67,5,2006,5,39.9528,-75.1499,1547.0,6,0,0,0,0,0,1,0,0,2.0,0,0,0,13,1,1,1,,1.0,39 57:09.000,4.0,0,75 08:59.981,4,0,0,0,67301,0,0,0,N,0,0,0,3,67301,1,,1,1,,N,N,,0,,0,0,1,3,2,N,1347,1,2,0,0,0,0,0,3,4,0,2,3,,N,,,,,,,,,,,
2006083089,1145.0,2,0,0,0,0,0,0,0,0,5,0,,67,6,2006,3,40.0298,-75.06,1140.0,6,0,0,0,0,0,1,0,0,,0,0,0,11,1,1,1,,0.0,40 01:47.000,,0,75 03:36.513,4,0,0,0,67301,0,0,0,N,0,0,0,3,67301,1,,1,1,,N,N,,0,,0,0,0,9,2,,1130,1,2,0,0,2,0,0,3,4,0,2,3,,N,,,,,,,,,,,
2006083121,1748.0,0,0,0,0,0,0,0,0,0,7,0,,67,5,2006,4,,,1742.0,6,0,0,0,0,0,0,0,0,,0,0,0,17,1,1,0,,0.0,,,0,,2,0,1,1,67301,0,0,0,N,0,0,0,1,67301,0,,5,1,,N,N,,0,,0,1,0,0,0,,1732,1,1,0,0,0,0,0,3,3,0,1,3,,N,,,,,,,,,,,
2006080851,935.0,3,0,0,0,0,0,0,0,0,1,0,,67,5,2006,2,,,931.0,6,0,0,0,0,0,0,0,0,,0,0,0,9,1,1,0,,0.0,,,0,,4,0,0,0,67301,0,0,0,N,0,0,0,4,67301,1,,1,1,,N,N,,0,,0,0,0,0,0,,917,1,3,0,0,0,0,0,3,3,0,3,3,,N,,,,,,,,,,,
2006080858,1604.0,1,0,0,0,0,0,0,0,0,4,0,,67,6,2006,1,,,1602.0,6,0,0,0,0,0,0,0,0,,0,0,0,16,1,1,2,,0.0,,,0,,3,0,0,1,67301,0,0,0,N,0,0,0,2,67301,0,,1,1,,N,N,,0,,1,0,0,0,0,,1602,1,2,0,0,0,0,0,3,3,0,2,3,,N,,,,,,,,,,,
2006066008,1529.0,0,0,0,0,0,0,0,0,0,7,0,,67,5,2006,6,,,1527.0,6,0,0,0,0,0,1,0,0,1.0,0,0,0,15,1,1,2,,2.0,,5.0,0,,4,0,0,0,67301,0,0,0,N,0,0,0,1,67301,1,,5,1,,N,N,,1,,0,0,0,0,0,Y,1527,1,1,0,0,0,0,0,3,3,0,1,3,,N,,,,,,,,,,,
2006080099,1125.0,0,0,0,0,0,0,0,0,0,1,0,,67,6,2006,2,40.012,-75.176,1122.0,6,0,0,0,0,0,0,0,0,,0,0,0,11,1,1,1,,0.0,40 00:43.000,,0,75 10:34.271,4,0,0,0,67301,0,0,0,N,0,0,0,3,67301,1,,1,9,,N,N,,0,,0,0,1,3,2,,1120,1,2,0,0,0,0,0,3,4,1,2,7,,N,,,,,,,,,,,
2006082627,2210.0,3,0,0,0,0,0,0,0,0,4,0,,67,6,2006,4,40.0293,-75.1639,2200.0,6,0,0,0,0,0,0,0,0,2.0,0,0,0,20,3,7,0,,2.0,40 01:45.480,5.0,0,75 09:50.040,4,0,0,0,67301,1,0,0,N,0,0,0,10,67301,1,,1,1,,N,N,,0,,0,0,1,0,0,N,2030,7,4,0,0,0,6,0,3,4,0,4,3,,N,,,,,,,,,,,
2006080173,1901.0,2,0,0,0,0,0,0,0,0,4,0,,67,6,2006,1,,,1859.0,6,0,0,0,0,0,1,0,0,,0,0,0,18,1,2,1,,0.0,,,0,,4,0,0,0,67301,0,0,0,N,0,0,0,3,67301,2,,1,1,,N,N,,0,,0,0,0,3,3,,1847,2,2,0,0,0,0,1,3,3,0,2,3,,N,,,,,,,,,,,
2006115621,1635.0,2,0,0,0,0,0,0,0,0,1,0,,67,10,2006,2,39.9611,-75.1466,1630.0,6,0,0,0,0,0,1,0,0,,0,0,0,16,1,1,0,,0.0,39 57:40.000,,0,75 08:47.556,4,0,0,0,67301,0,0,0,,0,0,0,2,67301,1,,1,1,,N,,,0,,0,0,0,0,0,,1625,1,2,0,0,0,0,0,3,4,0,2,3,,N,,,,,,,,,,,
2006125285,1003.0,1,0,0,0,0,0,0,0,0,7,0,,67,11,2006,4,40.0205,-75.1542,1000.0,6,0,0,0,0,0,0,0,0,,0,0,0,10,1,0,6,,0.0,40 01:14.160,,2,75 09:15.480,0,0,0,0,67301,0,0,0,N,0,0,0,1,67301,0,,3,9,,N,N,,0,,0,0,0,3,4,,1000,0,1,0,0,0,0,0,3,4,0,1,7,,N,,,,,,,,,,,
2006065600,1930.0,4,0,0,0,0,0,0,0,0,1,0,,67,5,2006,1,40.0372,-75.0868,1924.0,6,0,0,0,0,0,0,0,0,2.0,0,0,0,19,1,1,0,,2.0,40 02:14.096,1.0,0,75 05:12.314,4,0,0,0,67301,0,0,0,,0,0,0,1,67301,1,,1,1,,N,N,,1,,0,0,0,0,0,Y,1920,1,5,0,0,0,0,0,3,4,0,5,3,,N,,,,,,,,,,,
2006068228,210.0,2,0,0,0,0,0,0,0,0,7,0,,67,5,2006,2,39.9546,-75.1938,207.0,6,0,0,1,0,0,0,0,0,,0,0,0,2,3,1,0,,0.0,39 57:16.000,,0,75 11:37.545,4,0,0,0,67301,0,0,0,N,0,0,0,1,67504,1,,1,1,,N,N,,0,,0,0,0,0,0,,205,1,2,0,0,0,0,0,3,4,0,2,3,,N,,,,,,,,,,,
2006115581,2342.0,1,0,0,0,0,0,0,0,0,8,0,,67,10,2006,2,39.9047,-75.1686,2332.0,6,0,0,0,0,0,0,0,0,,0,0,0,23,3,1,2,,0.0,39 54:17.120,,0,75 10:06.834,8,0,0,0,67301,1,0,0,N,1,0,0,2,67301,0,,1,1,,N,N,,0,,0,0,0,9,2,,2330,1,2,0,0,0,1,0,3,4,0,1,3,,N,,,,,,,,,,,
2006112829,2218.0,2,0,0,0,0,0,0,0,0,4,0,,67,10,2006,5,40.0517,-75.194,2215.0,6,0,0,0,0,0,0,0,0,,0,0,0,22,3,0,1,,0.0,40 03:05.000,,0,75 11:38.640,0,0,0,0,67301,0,0,0,N,0,0,0,2,67301,0,,1,1,,N,N,,0,,0,0,1,0,0,,2214,0,3,0,0,0,0,0,3,4,0,3,3,,N,,,,,,,,,,,
2006112870,1905.0,1,0,0,1,0,0,0,0,0,4,0,,67,9,2006,7,40.0702,-75.0704,1855.0,6,0,0,0,0,0,0,1,0,,0,0,0,18,1,1,1,,0.0,40 04:12.000,,0,75 04:13.358,3,0,0,0,67301,1,0,0,N,0,0,0,4,67301,0,,1,1,,N,N,,0,,1,0,0,3,2,,1845,1,2,0,0,0,0,0,3,4,0,1,3,,N,,,,,,,,,,,
2006115118,700.0,2,0,0,0,0,0,0,0,0,4,0,,67,9,2006,7,40.0037,-75.1354,605.0,6,0,0,0,1,1,0,0,0,,0,0,0,99,4,0,2,,0.0,40 00:13.280,,0,75 08:07.429,0,0,0,0,67301,0,0,0,,0,0,0,2,67301,0,,1,9,,N,N,,0,,0,0,0,0,0,,9999,0,2,0,0,0,0,0,3,4,0,2,7,,N,,,,,,,,,,,
2006115119,736.0,2,0,0,0,0,0,0,0,0,4,0,,67,10,2006,7,39.944,-75.16,734.0,6,0,0,0,0,0,1,0,0,,0,0,0,7,1,1,1,,0.0,39 56:38.450,,0,75 09:36.017,4,0,0,0,67301,0,0,0,,0,0,0,2,67301,1,,1,1,,N,N,,0,,0,0,0,9,2,,730,1,2,0,0,0,0,0,3,4,0,2,3,,N,,,,,,,,,,,
2006117250,1810.0,1,0,0,0,0,0,0,0,0,8,0,,67,9,2006,6,40.0097,-75.1872,1806.0,6,0,0,0,0,0,0,0,0,,0,0,0,17,1,2,7,,0.0,40 00:34.000,,2,75 11:16.127,8,0,0,0,67301,2,0,0,N,2,0,0,3,67301,0,,1,1,,N,N,,0,,0,0,0,9,2,,1727,2,3,0,0,0,2,0,3,4,0,1,3,,N,,,,,,,,,,,
2006114817,955.0,1,0,0,0,0,0,0,0,0,4,0,,67,10,2006,6,40.0741,-75.1584,950.0,6,0,0,1,0,0,0,0,0,,0,0,0,9,1,1,10,,0.0,40 04:26.000,,0,75 09:30.131,8,0,0,0,67301,0,0,0,N,0,0,0,8,67301,0,,1,9,,N,N,,1,,0,0,0,3,2,,940,1,2,0,0,0,1,0,3,4,0,2,7,,N,,,,,,,,,,,
2006102607,1731.0,1,0,0,0,0,0,0,0,0,8,0,,67,9,2006,6,40.0328,-75.1428,1728.0,6,0,0,0,0,0,0,0,0,1.0,0,0,0,17,1,1,0,,1.0,40 01:57.919,3.0,0,75 08:34.123,8,0,0,0,67301,1,0,0,N,1,0,0,2,67301,0,,1,1,,N,N,,0,,0,0,0,0,0,N,1721,1,2,0,0,0,1,0,3,4,0,1,3,,N,,,,,,,,,,,
2006102619,2004.0,0,0,0,0,0,0,0,0,0,8,0,,67,9,2006,6,,,2000.0,6,0,0,0,0,0,0,0,0,,0,0,0,19,3,1,1,,0.0,,,0,,3,0,0,0,67301,1,0,0,N,1,0,0,2,67301,0,,1,1,,N,N,,0,,1,0,1,2,3,,1955,1,2,0,0,1,0,0,3,3,0,1,3,,N,,,,,,,,,,,
2006102626,1700.0,3,0,0,0,0,0,0,0,0,4,0,,67,9,2006,6,39.9751,-75.195,1655.0,6,0,0,0,0,0,2,0,0,3.0,0,0,0,16,1,1,5,,1.0,39 58:30.000,2.0,0,75 11:41.771,4,0,0,0,67301,0,0,0,N,0,0,0,3,67301,1,,1,1,,N,N,,0,,0,0,0,3,2,N,1659,1,3,0,0,0,0,0,3,4,0,3,3,,N,,,,,,,,,,,
2006105099,741.0,0,0,0,0,0,0,0,0,0,8,0,,67,9,2006,5,40.0404,-75.0655,736.0,6,0,0,0,0,0,0,0,0,,0,0,0,7,1,1,5,,0.0,40 02:25.000,,0,75 03:55.985,4,0,0,0,67301,1,0,0,N,1,0,0,2,67301,1,,1,9,,N,N,,1,,0,0,0,3,2,,713,1,2,0,0,0,0,0,3,4,0,1,7,,N,,,,,,,,,,,
2006105104,2000.0,1,0,0,0,0,0,0,0,0,8,0,,67,9,2006,3,40.0358,-75.0331,1950.0,6,0,0,0,0,0,1,0,0,,0,0,0,19,3,1,1,,0.0,40 02:08.757,,0,75 01:58.990,4,0,0,0,67301,1,0,0,N,1,0,0,2,67301,1,,1,9,,N,N,,0,,0,0,0,3,3,,1945,1,2,0,0,0,0,0,3,4,0,1,7,,N,,,,,,,,,,,
2006105144,630.0,0,0,0,0,0,0,0,0,0,8,0,,67,9,2006,5,40.0483,-75.0968,623.0,6,0,0,0,0,0,0,0,0,,0,0,0,6,1,1,1,,0.0,40 02:53.000,,0,75 05:48.622,3,0,0,0,67301,1,0,0,N,1,0,0,2,67301,0,,2,9,,N,N,,0,,1,0,1,3,2,,620,1,2,0,0,0,0,0,3,4,0,1,7,,N,,,,,,,,,,,
2006116238,511.0,3,0,0,0,0,0,0,0,0,4,0,,67,10,2006,5,39.9993,-75.1906,506.0,6,0,0,0,0,0,1,0,0,,0,0,0,5,6,1,0,,0.0,39 59:57.490,,0,75 11:26.085,3,0,0,0,67301,0,0,0,,0,0,0,3,67301,0,,1,9,,,,,0,,1,0,0,0,0,,504,1,3,0,0,1,0,0,3,4,0,3,3,,N,,,,,,,,,,,
2006123826,517.0,1,0,0,0,0,0,0,0,0,4,0,,67,10,2006,7,40.0415,-75.1584,515.0,6,0,0,0,0,0,0,0,0,,0,0,0,5,3,1,1,,0.0,40 02:29.000,,0,75 09:29.891,3,0,0,0,67301,0,0,0,N,0,0,0,2,67301,0,,1,9,,N,N,,1,,1,0,0,3,1,,514,1,2,0,0,0,0,0,3,4,0,2,7,,N,,,,,,,,,,,
2006054568,2259.0,2,0,0,0,0,0,0,0,0,5,0,,67,4,2006,2,39.8924,-75.1976,2256.0,6,0,0,0,0,0,0,0,0,,0,0,0,22,3,2,0,,0.0,39 53:33.000,,8,75 11:50.519,3,0,0,0,67301,0,0,0,N,0,0,0,2,67301,1,,1,9,,N,N,,0,,1,0,0,0,0,,2254,2,2,0,0,0,0,0,3,4,0,2,7,,N,,,,,,,,,,,
2006054608,139.0,1,0,0,1,0,0,0,0,0,4,0,,67,4,2006,1,39.94,-75.1662,137.0,6,0,0,0,0,0,0,0,0,,0,0,0,1,3,1,1,,0.0,39 56:23.000,,0,75 09:58.230,4,0,0,0,67301,1,0,0,,0,0,0,2,67301,1,,1,1,,N,N,,0,,0,0,0,3,2,,130,1,2,0,0,0,0,0,3,4,0,1,3,,N,,,,,,,,,,,
2006054632,1330.0,2,0,0,0,0,0,0,0,0,2,0,,67,4,2006,7,40.0992,-74.9954,1330.0,6,1,0,0,0,0,0,0,0,,0,0,0,13,1,1,1,,0.0,40 05:57.235,,0,74 59:43.576,4,0,0,0,67301,0,0,0,,0,0,0,3,67301,1,,1,9,,N,N,,0,,0,0,0,3,2,,1320,1,2,0,0,0,0,0,3,4,0,2,7,,N,,,,,,,,,,,
2006103665,838.0,1,0,0,0,0,0,0,0,0,7,0,,67,9,2006,7,39.9555,-75.1809,828.0,6,0,0,0,0,0,0,0,0,1.0,0,0,0,8,1,1,0,,2.0,39 57:24.000,1.0,0,75 10:49.648,4,0,0,0,67301,0,0,0,N,0,0,0,2,67301,1,,2,9,,N,N,,0,,0,0,0,3,8,N,816,1,1,0,0,0,0,0,3,4,0,1,7,,N,,,,,,,,,,,
2006106814,815.0,1,0,0,0,0,0,0,0,0,1,0,,67,8,2006,4,39.98,-75.1161,815.0,6,0,0,0,0,0,0,0,0,,0,0,0,8,1,0,1,,0.0,39 58:48.000,,0,75 06:58.028,0,0,0,0,67301,0,0,0,N,0,0,0,2,67301,0,,1,1,,N,N,,0,,0,0,1,3,2,,810,0,2,0,0,0,0,0,3,4,0,2,3,,N,,,,,,,,,,,
2006096431,123.0,1,0,0,0,0,0,0,0,0,7,0,,67,8,2006,1,39.9853,-75.0784,120.0,6,0,0,0,0,0,0,0,0,,0,0,0,0,3,2,0,,0.0,39 59:06.954,,0,75 04:42.330,8,0,0,0,67301,0,0,0,N,0,0,0,2,67301,0,,2,1,,N,N,,0,,0,0,0,0,0,,58,2,1,0,0,0,2,0,3,4,0,1,3,,N,,,,,,,,,,,
2006101823,1619.0,1,0,0,0,0,0,0,0,0,8,0,,67,9,2006,3,,,1610.0,6,0,0,0,0,0,0,0,0,,0,0,0,16,8,1,1,,0.0,,,0,,8,0,0,0,67301,1,0,0,N,1,0,0,2,67301,0,,1,9,,N,N,,0,,0,0,0,3,2,,1609,1,2,0,0,0,1,0,3,3,0,1,7,,N,,,,,,,,,,,
2006101843,1915.0,1,0,0,0,0,0,0,0,0,8,0,,67,9,2006,1,,,1912.0,6,0,0,0,0,0,0,0,1,,0,0,0,19,3,1,1,,0.0,,,0,,8,0,0,0,67301,1,0,0,N,1,0,0,2,67301,0,,1,9,,N,N,,0,,0,0,0,3,2,,1905,1,2,0,0,0,1,0,3,3,0,1,7,,N,,,,,,,,,,,
2006101907,805.0,2,0,0,0,0,0,0,0,0,4,0,,67,9,2006,4,40.0207,-75.1486,757.0,6,0,0,0,0,0,0,0,0,,0,0,0,7,1,1,10,,0.0,40 01:14.000,,0,75 08:55.205,4,0,0,0,67301,0,0,0,N,0,0,0,6,67301,1,,1,1,,N,N,,0,,0,0,0,0,0,,752,1,2,0,0,0,0,0,3,4,0,2,3,,N,,,,,,,,,,,
2006125509,2047.0,1,0,0,0,0,0,0,0,0,4,0,,67,11,2006,5,,,2042.0,6,0,0,0,0,0,0,0,0,,0,0,0,20,3,0,1,,0.0,,,0,,0,0,0,0,67301,0,0,0,N,0,0,0,2,67301,0,,1,1,,N,N,,0,,0,0,1,9,2,,2042,0,2,0,0,2,0,0,3,3,0,2,3,,N,,,,,,,,,,,
2006096942,1411.0,2,0,0,0,0,0,0,0,0,1,0,,67,9,2006,6,,,9999.0,6,0,0,0,0,0,1,1,0,2.0,0,0,0,14,1,2,0,,1.0,,2.0,0,,4,0,0,0,67301,0,0,0,N,0,0,0,6,46104,2,,1,1,,N,Y,,0,,0,0,0,0,0,N,1406,2,3,0,0,0,0,0,3,3,1,3,3,,N,,,,,,,,,,,
2006102827,1638.0,1,0,0,0,0,0,0,0,0,8,0,,67,8,2006,4,,,1635.0,6,0,0,0,0,0,0,0,0,,0,0,0,16,1,1,0,,0.0,,,0,,4,0,0,0,67301,1,0,0,N,1,0,0,2,67301,1,,1,1,,N,N,,0,,0,0,0,3,2,,1630,1,2,0,0,0,0,1,3,3,0,1,3,,N,,,,,,,,,,,
2006105308,1620.0,1,0,0,0,0,0,0,0,0,4,0,,67,9,2006,7,,,1614.0,6,0,1,0,0,0,0,0,0,,0,0,0,99,1,1,1,,0.0,,,0,,4,0,0,1,67301,0,0,0,N,0,0,0,2,67301,1,,1,9,,N,N,,0,,0,0,0,9,3,,9999,1,2,0,0,1,0,0,3,3,0,2,3,,N,,,,,,,,,,,
2006105325,1919.0,1,0,0,0,0,0,0,0,0,7,0,,67,8,2006,1,,,1915.0,6,0,0,0,0,1,0,0,0,,0,0,0,19,1,0,0,,0.0,,,0,,0,0,0,0,67301,0,0,0,N,0,0,0,1,67301,0,,5,1,,N,N,,0,,0,0,0,0,0,,1913,0,1,0,0,0,0,0,3,3,0,1,3,,N,,,,,,,,,,,
2006080551,610.0,2,0,0,0,0,0,0,0,0,5,0,,67,6,2006,7,39.9017,-75.1517,605.0,6,0,0,0,0,0,0,0,0,1.0,0,0,0,6,1,0,0,,1.0,39 54:07.000,1.0,0,75 09:04.983,0,0,0,0,67301,0,0,0,N,0,0,0,2,67301,0,,1,98,,N,N,,0,,0,0,0,0,0,Y,600,0,2,0,0,0,0,0,3,4,0,2,98,,N,,,,,,,,,,,
2006080680,1812.0,2,0,0,0,0,0,0,0,0,4,0,,67,6,2006,5,39.9847,-75.1565,1812.0,6,0,0,0,0,0,0,0,0,,0,0,0,18,1,1,1,,0.0,39 59:04.000,,0,75 09:23.445,8,0,0,0,67301,0,0,0,N,0,0,0,2,67301,0,,1,1,,N,N,,0,,0,0,0,3,2,,1812,1,2,0,0,0,1,0,3,4,0,2,3,,N,,,,,,,,,,,