CRN,ARRIVAL_TM,AUTOMOBILE_COUNT,BELTED_DEATH_COUNT,BELTED_SUSP_SERIOUS_INJ_COUNT,BICYCLE_COUNT,BICYCLE_DEATH_COUNT,BICYCLE_SUSP_SERIOUS_INJ_COUNT,BUS_COUNT,CHLDPAS_DEATH_COUNT,CHLDPAS_SUSP_SERIOUS_INJ_COUNT,COLLISION_TYPE,COMM_VEH_COUNT,CONS_ZONE_SPD_LIM,COUNTY,CRASH_MONTH,CRASH_YEAR,DAY_OF_WEEK,DEC_LAT,DEC_LONG,DISPATCH_TM,DISTRICT,DRIVER_COUNT_16YR,DRIVER_COUNT_17YR,DRIVER_COUNT_18YR,DRIVER_COUNT_19YR,DRIVER_COUNT_20YR,DRIVER_COUNT_50_64YR,DRIVER_COUNT_65_74YR,DRIVER_COUNT_75PLUS,EST_HRS_CLOSED,FATAL_COUNT,HEAVY_TRUCK_COUNT,HORSE_BUGGY_COUNT,HOUR_OF_DAY,ILLUMINATION,INJURY_COUNT,INTERSECT_TYPE,INTERSECTION_RELATED,LANE_CLOSED,LATITUDE,LN_CLOSE_DIR,LOCATION_TYPE,LONGITUDE,MAX_SEVERITY_LEVEL,MCYCLE_DEATH_COUNT,MCYCLE_SUSP_SERIOUS_INJ_COUNT,MOTORCYCLE_COUNT,MUNICIPALITY,NONMOTR_COUNT,NONMOTR_DEATH_COUNT,NONMOTR_SUSP_SERIOUS_INJ_COUNT,NTFY_HIWY_MAINT,PED_COUNT,PED_DEATH_COUNT,PED_SUSP_SERIOUS_INJ_COUNT,PERSON_COUNT,POLICE_AGCY,POSSIBLE_INJ_COUNT,RDWY_SURF_TYPE_CD,RELATION_TO_ROAD,ROAD_CONDITION,ROADWAY_CLEARED,SCH_BUS_IND,SCH_ZONE_IND,SECONDARY_CRASH,SMALL_TRUCK_COUNT,SPEC_JURIS_CD,SUSP_MINOR_INJ_COUNT,SUSP_SERIOUS_INJ_COUNT,SUV_COUNT,TCD_FUNC_CD,TCD_TYPE,TFC_DETOUR_IND,TIME_OF_DAY,TOT_INJ_COUNT,TOTAL_UNITS,UNB_DEATH_COUNT,UNB_SUSP_SERIOUS_INJ_COUNT,UNBELTED_OCC_COUNT,UNK_INJ_DEG_COUNT,UNK_INJ_PER_COUNT,URBAN_AREA,URBAN_RURAL,VAN_COUNT,VEHICLE_COUNT,WEATHER1,WEATHER2,WORK_ZONE_IND,WORK_ZONE_LOC,WORK_ZONE_TYPE,WORKERS_PRES,WZ_CLOSE_DETOUR,WZ_FLAGGER,WZ_LAW_OFFCR_IND,WZ_LN_CLOSURE,WZ_MOVING,WZ_OTHER,WZ_SHLDER_MDN,WZ_WORKERS_INJ_KILLED
2006082655,2047.0,1,0,0,0,0,0,0,0,0,8,0,,67,7,2006,4,40.022,-75.0835,2041.0,6,0,0,0,0,0,0,0,0,,0,0,0,20,4,1,1,,0.0,40 01:19.081,,0,75 05:00.736,4,0,0,0,67301,1,0,0,N,1,0,0,2,67301,1,,1,1,,N,N,,0,,0,0,0,3,3,,2035,1,2,0,0,0,0,0,3,4,0,1,3,,N,,,,,,,,,,,
2006080812,2030.0,2,0,0,0,0,0,0,0,0,2,0,,67,7,2006,3,40.0175,-75.1503,2023.0,6,0,0,0,0,0,0,0,0,,0,0,0,19,1,0,1,,0.0,40 01:02.946,,0,75 09:01.252,0,0,0,0,67301,0,0,0,N,0,0,0,3,67301,0,,1,1,,N,N,,0,,0,0,0,3,2,,1939,0,2,0,0,0,0,0,3,4,0,2,3,,N,,,,,,,,,,,
2006083163,1010.0,0,0,0,0,0,0,0,0,0,1,0,,67,6,2006,3,40.0163,-75.0618,1005.0,6,0,0,0,0,0,1,0,0,,0,0,0,10,1,1,1,,0.0,40 00:58.000,,0,75 03:42.607,3,0,0,0,67301,0,0,0,N,0,0,0,3,67301,0,,1,1,,N,N,,1,,1,0,2,3,2,,1000,1,3,0,0,0,0,2,3,4,0,3,3,,N,,,,,,,,,,,
2006083176,1905.0,3,0,0,0,0,0,0,0,0,4,0,,67,7,2006,4,40.0423,-75.1393,1900.0,6,0,1,0,0,0,0,0,0,,0,0,0,19,1,3,1,,0.0,40 02:32.283,,0,75 08:21.555,3,0,0,0,67301,0,0,0,N,0,0,0,3,67301,0,,1,1,,N,N,,0,,1,0,0,3,3,,1900,3,3,0,0,0,2,0,3,4,0,3,7,,N,,,,,,,,,,,
2006082976,2345.0,1,0,0,0,0,0,0,0,0,7,0,,67,7,2006,7,39.9578,-75.1489,2344.0,6,0,0,0,0,0,0,0,0,2.0,0,0,0,23,3,0,0,,2.0,39 57:28.000,2.0,0,75 08:55.881,0,0,0,0,67301,0,0,0,N,0,0,0,1,67301,0,,5,1,,N,N,,0,,0,0,0,0,0,N,2340,0,1,0,0,0,0,0,3,4,0,1,3,,N,,,,,,,,,,,
2006083008,1810.0,1,0,0,0,0,0,0,0,0,8,0,,67,5,2006,7,39.9377,-75.2229,1810.0,6,0,0,0,0,0,0,0,0,1.0,0,0,0,18,1,1,0,,1.0,39 56:15.720,3.0,0,75 13:22.440,8,0,0,0,67301,1,0,0,N,1,0,0,2,67301,0,,1,1,,N,N,,0,,0,0,0,0,0,N,1805,1,2,0,0,0,1,0,3,4,0,1,3,,N,,,,,,,,,,,
2006021632,9999.0,2,0,0,0,0,0,0,0,0,5,0,,67,1,2006,6,,,652.0,6,0,0,0,0,0,0,1,0,,0,0,0,6,1,1,0,,0.0,,,1,,8,0,0,0,67301,0,0,0,N,0,0,0,2,67301,0,,1,1,,N,N,,0,,0,0,0,0,0,,652,1,2,0,0,0,1,0,3,3,0,2,3,,N,,,,,,,,,,,
2006080084,1.0,2,0,0,0,0,0,0,0,0,4,0,,67,7,2006,5,,,2350.0,6,0,0,1,1,0,0,0,0,,0,0,0,23,3,1,1,,0.0,,,0,,4,0,0,0,67301,0,0,0,N,0,0,0,3,67301,1,,1,1,,N,N,,0,,0,0,0,3,2,,2330,1,2,0,0,0,0,0,3,3,0,2,3,,N,,,,,,,,,,,
2006080101,1246.0,1,0,0,0,0,0,1,0,0,1,1,,67,6,2006,2,40.0289,-75.106,1241.0,6,0,0,0,0,0,1,0,0,,0,0,0,12,1,6,1,,0.0,40 01:43.000,,0,75 06:21.910,8,0,0,0,67301,0,0,0,N,0,0,0,8,67301,0,,1,1,,N,N,,0,,0,0,0,3,2,,1241,6,2,0,0,0,6,0,3,4,0,2,3,,N,,,,,,,,,,,
2006082578,808.0,2,0,0,0,0,0,0,0,0,1,0,,67,7,2006,2,40.0362,-75.0642,750.0,6,0,0,0,0,0,0,0,0,,0,0,0,7,1,2,3,,0.0,40 02:10.000,,0,75 03:50.890,4,0,0,0,67301,0,0,0,N,0,0,0,2,67301,2,,1,1,,N,N,,0,,0,0,0,3,4,,740,2,2,0,0,2,0,0,3,4,0,2,3,,N,,,,,,,,,,,
2006125311,1735.0,2,0,0,0,0,0,0,0,0,1,0,,67,10,2006,6,39.9568,-75.1533,1728.0,6,0,0,1,0,0,0,0,0,1.0,0,0,0,17,1,0,0,,1.0,39 57:24.000,3.0,0,75 09:11.549,0,0,0,0,67301,0,0,0,N,0,0,0,2,67301,0,,1,1,,N,N,,0,,0,0,0,0,0,N,1725,0,2,0,0,0,0,0,3,4,0,2,3,,N,,,,,,,,,,,
2006125381,2305.0,0,0,0,0,0,0,0,0,0,7,0,,67,11,2006,3,,,2258.0,6,0,0,0,0,0,0,0,0,1.0,0,0,0,22,3,1,0,,1.0,,3.0,0,,4,0,0,0,67301,0,0,0,Y,0,0,0,1,67301,1,,2,9,,N,N,,0,,0,0,1,0,0,N,2258,1,1,0,0,0,0,0,3,3,0,1,7,,N,,,,,,,,,,,
2006082600,105.0,2,0,0,0,0,0,0,0,0,1,0,,67,7,2006,3,,,59.0,6,0,0,0,0,0,0,0,0,1.0,0,0,0,0,3,1,1,,1.0,,3.0,0,,4,0,0,0,67301,0,0,0,N,0,0,0,2,67301,1,,1,1,,N,N,,0,,0,0,0,3,2,N,49,1,2,0,0,0,0,1,3,3,0,2,3,,N,,,,,,,,,,,
2006082607,1628.0,2,0,0,0,0,0,0,0,0,4,0,,67,6,2006,3,40.1244,-75.0151,1618.0,6,0,0,0,0,0,0,0,0,2.0,0,0,0,16,1,0,2,,1.0,40 07:27.000,2.0,0,75 00:54.321,9,0,0,0,67301,0,0,0,N,0,0,0,2,67301,0,,1,1,,N,N,,0,,0,0,0,9,8,N,1617,0,2,0,0,0,0,1,3,4,0,2,3,,N,,,,,,,,,,,
2006082632,2135.0,2,0,0,0,0,0,0,0,0,5,0,,67,7,2006,7,40.035,-75.1192,2128.0,6,0,0,0,0,0,0,0,0,,0,0,0,21,3,1,0,,0.0,40 02:05.000,,0,75 07:09.401,4,0,0,0,67301,0,0,0,N,0,0,0,4,67301,1,,1,1,,N,N,,0,,0,0,1,0,0,,2126,1,4,0,0,0,0,1,3,4,1,4,3,,N,,,,,,,,,,,
2006115656,1115.0,2,0,0,0,0,0,0,0,0,4,0,,67,9,2006,1,40.0402,-75.1228,1111.0,6,0,0,0,0,0,0,0,1,,0,0,0,11,1,1,1,,0.0,40 02:24.799,,0,75 07:22.061,4,0,0,0,67301,0,0,0,N,0,0,0,2,67301,1,,1,1,,N,N,,0,,0,0,0,3,3,,1108,1,2,0,0,0,0,0,3,4,0,2,3,,N,,,,,,,,,,,
2006065747,1004.0,1,0,0,0,0,0,0,0,0,7,0,,67,5,2006,1,40.0003,-75.1064,959.0,6,0,0,0,0,0,0,0,0,,0,0,0,9,1,1,1,,0.0,40 00:01.004,,0,75 06:23.097,8,0,0,0,67301,0,0,0,N,0,0,0,1,67301,0,,2,1,,N,N,,0,,0,0,0,3,2,,955,1,1,0,0,0,1,0,3,4,0,1,3,,N,,,,,,,,,,,
2006065786,1153.0,2,0,0,0,0,0,0,0,0,4,0,,67,5,2006,2,39.9883,-75.254,1149.0,6,0,0,0,0,0,0,0,0,,0,0,0,11,1,2,1,,0.0,39 59:17.000,,0,75 15:14.303,4,0,0,0,67301,0,0,0,N,0,0,0,2,67301,2,,1,9,,N,N,,0,,0,0,0,3,2,,1140,2,2,0,0,0,0,0,3,4,0,2,7,,N,,,,,,,,,,,
2006112802,902.0,2,0,0,0,0,0,0,0,0,2,0,,67,10,2006,1,39.9764,-75.2641,850.0,6,0,0,0,0,0,0,0,0,,0,0,0,8,3,0,0,,0.0,39 58:35.030,,0,75 15:50.866,9,0,0,0,67301,0,0,0,N,0,0,0,1,67301,0,,6,1,,N,N,,0,,0,0,0,0,0,,845,0,2,0,0,0,0,1,3,4,0,2,3,,N,,,,,,,,,,,
2006112822,1420.0,1,0,0,1,0,0,0,0,0,4,0,,67,9,2006,1,39.9985,-75.1535,1405.0,6,0,0,0,0,0,0,0,0,,0,0,0,14,1,1,1,,0.0,39 59:54.554,,0,75 09:12.498,4,0,0,0,67301,1,0,0,N,0,0,0,2,67301,1,,1,1,,N,N,,0,,0,0,0,2,3,,1400,1,2,0,0,0,0,0,3,4,0,1,3,,N,,,,,,,,,,,
2006112823,1638.0,1,0,0,0,0,0,0,0,0,8,0,,67,9,2006,6,39.9863,-75.1044,1635.0,6,0,0,0,0,0,0,0,1,,0,0,0,16,1,1,1,,0.0,39 59:10.680,,0,75 06:15.840,3,0,0,0,67301,1,0,0,,1,0,0,2,67301,0,,1,1,,,,,0,,1,0,0,0,0,,1615,1,2,0,0,0,0,0,3,4,0,1,3,,N,,,,,,,,,,,
2006125428,1250.0,2,0,0,0,0,0,0,0,0,4,0,,67,11,2006,6,40.0312,-75.0217,1235.0,6,0,0,0,0,0,0,0,0,,0,0,0,12,1,2,2,,0.0,40 01:52.000,,0,75 01:18.797,8,0,0,0,67301,0,0,0,N,0,0,0,2,67301,0,,1,1,,N,N,,0,,0,0,0,3,2,,1235,2,2,0,0,0,2,0,3,4,0,2,3,,N,,,,,,,,,,,
2006125438,2020.0,2,0,0,0,0,0,0,0,0,6,0,,67,10,2006,7,40.0253,-75.1676,2020.0,6,0,0,0,0,0,0,0,0,,0,0,0,20,3,0,1,,0.0,40 01:31.000,,0,75 10:03.511,9,0,0,0,67301,0,0,0,N,0,0,0,3,67301,0,,1,1,,N,N,,0,,0,0,0,3,2,,2020,0,2,0,0,0,0,3,3,4,0,2,3,,N,,,,,,,,,,,
2006097877,155.0,2,0,0,0,0,0,0,0,0,1,0,,67,8,2006,4,,,152.0,6,0,0,0,0,0,0,0,0,,0,0,0,1,3,0,0,,0.0,,,0,,0,0,0,0,67301,0,0,0,N,0,0,0,3,67501,0,,1,9,,N,N,,0,,0,0,0,0,0,,151,0,2,0,0,0,0,0,3,3,0,2,7,,N,,,,,,,,,,,
2006102377,145.0,2,0,0,0,0,0,0,0,0,4,0,,67,9,2006,4,39.9579,-75.1623,138.0,6,0,0,0,0,0,1,0,0,1.0,0,0,0,0,3,2,5,,1.0,39 57:28.000,1.0,0,75 09:43.820,4,0,0,0,67301,0,0,0,N,0,0,0,3,67301,2,,1,1,,N,N,,0,,0,0,0,3,2,N,30,2,2,0,0,0,0,0,3,4,0,2,3,,N,,,,,,,,,,,
2006124384,9999.0,1,0,0,0,0,0,0,0,0,4,0,,67,10,2006,7,39.9885,-75.1607,2100.0,6,0,0,0,0,0,0,0,0,,0,0,0,21,3,7,1,,0.0,39 59:18.000,,0,75 09:38.448,8,0,0,0,67301,0,0,0,,0,0,0,9,67301,0,,1,1,,,,,1,,0,0,0,9,2,,2100,7,2,0,0,1,7,2,3,4,0,2,3,,N,,,,,,,,,,,
2006102182,1259.0,2,0,0,0,0,0,0,0,0,2,0,,67,9,2006,3,39.9463,-75.238,1142.0,6,0,0,0,0,0,0,0,1,,0,0,0,11,1,2,2,,0.0,39 56:46.000,,0,75 14:16.192,4,0,0,0,67301,0,0,0,N,0,0,0,2,67301,1,,1,1,,N,N,,0,,0,0,0,3,2,,1142,2,2,0,0,0,1,0,3,4,0,2,3,,N,,,,,,,,,,,
2006114815,2235.0,1,0,0,0,0,0,0,0,0,8,0,,67,10,2006,4,39.9215,-75.2314,2225.0,6,0,0,0,0,0,0,0,0,,0,0,0,16,1,1,0,,0.0,39 55:17.284,,0,75 13:52.938,3,0,0,0,67301,1,0,0,,1,0,0,2,67301,0,,6,1,,N,N,,0,,1,0,0,3,2,,1630,1,2,0,0,0,0,0,3,4,0,1,3,,N,,,,,,,,,,,
2006126210,1442.0,2,0,0,0,0,0,0,0,0,4,0,,67,11,2006,4,39.9716,-75.2428,1435.0,6,0,0,0,0,0,1,0,0,1.0,0,0,0,14,1,1,1,,1.0,39 58:17.000,3.0,0,75 14:33.934,4,0,0,0,67301,0,0,0,N,0,0,0,3,67301,1,,1,9,,N,N,,0,,0,0,0,3,2,Y,1415,1,2,0,0,1,0,0,3,4,0,2,7,,N,,,,,,,,,,,
2006116271,2302.0,2,0,0,0,0,0,0,0,0,1,0,,67,9,2006,4,39.9169,-75.216,2300.0,6,0,0,0,0,0,0,0,0,,0,0,0,22,3,2,1,,0.0,39 55:06.000,,0,75 12:31.679,4,0,0,0,67301,0,0,0,N,0,0,0,3,67301,2,,1,1,,N,N,,0,,0,0,0,9,2,,2250,2,2,0,0,0,0,0,3,4,0,2,3,,N,,,,,,,,,,,
2006103686,1243.0,1,0,0,0,0,0,0,0,0,4,0,,67,8,2006,3,40.0711,-75.0379,1242.0,6,0,0,0,0,1,1,0,0,1.0,0,0,0,12,1,1,1,,1.0,40 04:16.000,2.0,0,75 02:17.564,4,0,0,0,67301,0,0,0,N,0,0,0,4,67301,1,,1,1,,N,N,,0,,0,0,0,3,2,N,1240,1,2,0,0,0,0,0,3,4,1,2,3,,N,,,,,,,,,,,
2006103707,2120.0,1,0,0,0,0,0,0,0,0,8,0,,67,9,2006,6,,,2115.0,6,0,0,0,0,0,0,0,0,,0,0,0,21,3,1,8,,0.0,,,0,,8,0,0,0,67301,1,0,0,N,1,0,0,2,67301,0,,2,9,,N,N,,0,,0,0,0,3,4,,2112,1,2,0,0,0,1,0,3,3,0,1,7,,N,,,,,,,,,,,
2006102077,110.0,1,0,0,1,0,0,0,0,0,4,0,,67,7,2006,6,39.9872,-75.1505,110.0,6,0,0,0,0,0,0,0,0,1.0,0,0,0,1,3,1,1,,2.0,39 59:13.000,1.0,0,75 09:00.823,3,0,0,0,67301,1,0,0,N,0,0,0,3,67301,0,,1,1,,N,N,,0,,1,0,0,9,3,Y,110,1,2,0,0,0,0,0,3,4,0,1,3,,N,,,,,,,,,,,
2006104249,1534.0,0,0,0,0,0,0,0,0,0,8,0,,67,8,2006,5,40.0057,-75.099,1528.0,6,0,0,0,0,0,0,0,0,3.0,0,0,0,15,1,1,1,,1.0,40 00:20.000,1.0,0,75 05:56.408,2,0,0,0,67301,1,0,1,N,1,0,1,2,67301,0,,1,9,,N,N,,0,,0,1,1,3,2,Y,1525,1,2,0,0,0,0,0,3,4,0,1,7,,N,,,,,,,,,,,
2006104258,1825.0,2,0,0,0,0,0,0,0,0,4,0,,67,9,2006,1,,,1810.0,6,0,0,1,0,0,0,0,0,,0,0,0,17,1,2,0,,0.0,,,7,,4,0,0,0,67301,0,0,0,N,0,0,0,2,67301,2,,1,1,,N,N,,0,,0,0,0,0,0,,1735,2,2,0,0,0,0,0,3,3,0,2,3,,N,,,,,,,,,,,
2006104265,16.0,1,0,0,0,0,0,0,0,0,1,1,,67,8,2006,5,40.0446,-75.1434,15.0,6,0,0,1,0,0,0,0,0,,0,1,0,0,3,2,0,,0.0,40 02:40.000,,0,75 08:36.422,4,0,0,0,67301,0,0,0,N,0,0,0,3,67301,2,,1,1,,N,N,,0,,0,0,0,0,0,,15,2,2,0,0,1,0,0,3,4,0,2,3,,N,,,,,,,,,,,
2006101788,1620.0,2,0,0,0,0,0,0,0,0,4,0,,67,9,2006,2,40.0742,-75.0347,1614.0,6,0,0,0,0,0,1,0,1,,0,0,0,16,1,1,5,,0.0,40 04:26.000,,0,75 02:04.816,8,0,0,0,67301,0,0,0,,0,0,0,3,67301,0,,1,1,,,,,0,,0,0,0,3,2,,1605,1,2,0,0,0,1,0,3,4,0,2,3,,N,,,,,,,,,,,
2006103260,245.0,2,0,0,0,0,0,0,0,0,2,0,,67,8,2006,7,,,244.0,6,0,0,0,1,0,0,0,0,,0,0,0,2,3,1,0,,0.0,,,0,,8,0,0,0,67301,0,0,0,N,0,0,0,4,67301,0,,1,1,,N,N,,0,,0,0,0,0,0,,244,1,2,0,0,0,1,0,3,3,0,2,3,,N,,,,,,,,,,,
2006102851,1005.0,2,0,0,0,0,0,0,0,0,1,0,,67,9,2006,5,40.0109,-75.1647,1000.0,6,0,0,0,0,0,1,0,0,,0,0,0,99,2,1,0,,0.0,40 00:39.000,,0,75 09:53.742,4,0,0,0,67301,0,0,0,N,0,0,0,2,67301,1,,1,9,,N,N,,0,,0,0,0,0,0,,9999,1,2,0,0,0,0,0,3,4,0,2,7,,N,,,,,,,,,,,
2006097882,1814.0,3,0,0,0,0,0,0,0,0,1,0,,67,8,2006,4,,,1813.0,6,0,0,0,0,0,1,0,0,1.0,0,0,0,18,1,0,0,,2.0,,4.0,0,,0,0,0,0,67301,0,0,0,N,0,0,0,6,67501,0,,1,1,,N,N,,1,,0,0,0,3,8,N,1805,0,4,0,0,0,0,0,3,3,0,4,3,,N,,,,,,,,,,,
2006097883,156.0,0,0,0,0,0,0,0,0,0,5,0,,67,8,2006,5,,,156.0,6,0,0,0,0,0,0,0,0,,0,0,0,99,3,2,0,,0.0,,,0,,4,0,0,0,67301,0,0,0,N,0,0,0,7,67501,2,,1,1,,N,N,,0,,0,0,1,0,0,,9999,2,2,0,0,0,0,1,3,3,0,2,3,,N,,,,,,,,,,,
2006080545,1422.0,2,0,0,0,0,0,0,0,0,4,0,,67,7,2006,3,40.0506,-75.0916,1422.0,6,0,0,0,0,0,0,0,0,,0,0,0,14,1,2,5,,0.0,40 03:02.235,,0,75 05:29.824,4,0,0,0,67301,0,0,0,N,0,0,0,3,67301,2,,1,1,,N,N,,0,,0,0,0,3,2,,1415,2,2,0,0,0,0,0,3,4,0,2,3,,N,,,,,,,,,,,
2006083051,1620.0,1,0,0,0,0,0,0,0,0,8,0,,67,5,2006,1,39.9804,-75.234,1617.0,6,0,0,0,0,0,1,0,0,,0,0,0,16,1,1,1,,0.0,39 58:49.000,,0,75 14:02.963,4,0,0,0,67301,1,0,0,N,1,0,0,3,67301,1,,1,1,,N,N,,0,,0,0,0,0,0,,1612,1,2,0,0,1,0,0,3,4,0,1,3,,N,,,,,,,,,,,
2006080811,648.0,0,0,0,0,0,0,0,0,0,8,0,,67,6,2006,3,39.9835,-75.1019,642.0,6,0,0,0,0,0,0,0,0,,0,0,0,6,1,1,2,,0.0,39 59:00.000,,0,75 06:07.101,4,0,0,0,67301,1,0,0,,1,0,0,2,67301,1,,1,1,,N,N,,1,,0,0,0,9,3,,615,1,2,0,0,0,0,0,3,4,0,1,3,,N,,,,,,,,,,,
2006080836,1624.0,3,0,0,0,0,0,0,0,0,5,0,,67,6,2006,2,39.9557,-75.1582,1621.0,6,0,0,0,0,0,0,0,0,,0,0,0,16,1,2,2,,0.0,39 57:20.469,,0,75 09:29.674,4,0,0,0,67301,0,0,0,N,0,0,0,2,67301,2,,1,9,,N,N,,0,,0,0,0,0,0,,1619,2,3,0,0,0,0,0,3,4,0,3,7,,N,,,,,,,,,,,
2006083174,1035.0,1,0,0,0,0,0,0,0,0,7,0,,67,6,2006,5,40.0552,-75.0477,1033.0,6,0,0,0,0,0,0,0,0,,0,0,0,10,1,1,0,,0.0,40 03:18.000,,0,75 02:51.663,3,0,0,0,67301,0,0,0,N,0,0,0,2,67301,0,,5,1,,N,N,,0,,1,0,0,0,0,,1015,1,2,0,0,1,0,0,3,4,0,1,3,,N,,,,,,,,,,,
2006083005,1855.0,1,0,0,0,0,0,0,0,0,4,0,,67,5,2006,6,40.08,-74.9973,1845.0,6,0,0,0,0,0,1,0,0,2.0,0,0,0,18,1,0,2,,1.0,40 04:47.000,1.0,0,74 59:49.510,0,0,0,0,67301,0,0,0,N,0,0,0,2,67301,0,,1,1,,N,N,,1,,0,0,0,3,2,N,1842,0,2,0,0,0,0,0,3,4,0,2,3,,N,,,,,,,,,,,
2006083013,1732.0,2,0,0,0,0,0,0,0,0,5,0,,67,7,2006,1,39.9688,-75.1362,1730.0,6,0,0,0,0,0,0,0,0,,0,0,0,17,1,0,1,,0.0,39 58:07.000,,0,75 08:10.205,0,0,0,0,67301,0,0,0,N,0,0,0,5,67301,0,,1,1,,N,N,,0,,0,0,0,0,0,,1729,0,2,0,0,0,0,0,3,4,0,2,3,,N,,,,,,,,,,,
2006021595,118.0,1,0,0,0,0,0,0,0,0,1,1,,67,1,2006,1,40.0923,-75.0172,107.0,6,0,0,0,0,0,1,0,0,4.0,0,1,0,1,3,1,0,,2.0,40 05:32.000,1.0,0,75 01:01.385,3,0,0,0,67301,0,0,0,,0,0,0,2,67301,0,,1,7,,N,N,,0,,1,0,0,0,0,Y,105,1,2,0,0,1,0,0,3,4,0,2,10,,N,,,,,,,,,,,
2006021596,1456.0,2,0,0,0,0,0,0,0,0,1,0,,67,1,2006,2,40.0515,-74.9851,1454.0,6,0,0,0,0,1,1,0,0,1.0,0,0,0,14,1,2,2,,1.0,40 03:05.000,2.0,0,74 59:06.782,4,0,0,0,67301,0,0,0,,0,0,0,2,67301,1,,1,1,,N,N,,0,,0,0,0,0,0,N,1452,2,2,0,0,0,1,0,3,4,0,2,3,,N,,,,,,,,,,,
2006103519,1302.0,2,0,0,0,0,0,0,0,0,1,0,,67,8,2006,3,,,1255.0,6,0,0,0,0,0,0,0,1,,0,0,0,12,1,1,0,,0.0,,,0,,8,0,0,0,67301,0,0,0,N,0,0,0,3,67301,0,,1,1,,N,N,,0,,0,0,0,0,0,,1255,1,2,0,0,0,1,1,3,3,0,2,3,,N,,,,,,,,,,,
2006103523,815.0,3,0,0,0,0,0,0,0,0,5,0,,67,8,2006,3,40.0369,-75.0318,800.0,6,0,0,0,0,0,1,0,0,,0,0,0,7,1,0,0,,0.0,40 02:12.782,,0,75 01:54.498,0,0,0,0,67301,0,0,0,N,0,0,0,1,67301,0,,1,1,,N,N,,2,,0,0,0,0,0,,700,0,5,0,0,0,0,0,3,4,0,5,3,,N,,,,,,,,,,,
2006103545,1200.0,1,0,0,0,0,0,0,0,0,8,0,,67,8,2006,1,40.0382,-75.0371,1153.0,6,0,0,0,0,0,0,0,0,,0,0,0,11,1,1,0,,0.0,40 02:17.000,,0,75 02:13.803,4,0,0,0,67301,1,0,0,,1,0,0,2,67301,1,,1,1,,,N,,0,,0,0,0,0,0,,1145,1,2,0,0,0,0,0,3,4,0,1,3,,N,,,,,,,,,,,
2006125489,136.0,3,0,0,0,0,0,0,0,0,5,0,,67,10,2006,7,39.9407,-75.2102,136.0,6,0,0,0,0,0,0,0,0,2.0,0,0,0,1,3,0,0,,1.0,39 56:26.588,3.0,0,75 12:36.576,0,0,0,0,67301,0,0,0,N,0,0,0,1,67301,0,,1,9,,N,N,,0,,0,0,0,0,0,N,136,0,3,0,0,1,0,0,3,4,0,3,7,,N,,,,,,,,,,,
2006080079,1834.0,2,0,0,0,0,0,0,0,0,4,0,,67,5,2006,7,,,1829.0,6,0,0,0,0,0,1,0,0,9.0,0,0,0,18,1,3,1,,2.0,,7.0,0,,4,0,0,0,67301,0,0,0,N,0,0,0,3,67301,1,,1,1,,N,N,,0,,0,0,0,9,3,Y,1828,3,2,0,0,0,2,0,3,3,0,2,3,,N,,,,,,,,,,,
2006082546,1515.0,1,0,0,0,0,0,0,0,0,8,0,,67,6,2006,5,40.0431,-75.0738,1505.0,6,0,0,0,0,0,0,0,0,,0,0,0,99,1,1,1,,0.0,40 02:35.284,,0,75 04:25.695,8,0,0,0,67301,1,0,0,N,1,0,0,2,67301,0,,1,1,,N,N,,0,,0,0,0,3,2,,9999,1,2,0,0,0,1,0,3,4,0,1,3,,N,,,,,,,,,,,
2006082552,1705.0,2,0,0,0,0,0,0,0,0,4,0,,67,5,2006,5,40.0369,-75.1451,1700.0,6,0,0,0,0,0,1,0,0,,0,0,0,16,1,2,2,,0.0,40 02:13.000,,0,75 08:42.460,3,0,0,0,67301,1,0,0,N,0,0,0,4,67301,1,,1,1,,N,N,,0,,1,0,0,3,2,,1636,2,3,0,0,0,0,0,3,4,1,3,3,,N,,,,,,,,,,,
2006082566,810.0,2,0,0,0,0,0,0,0,0,4,0,,67,7,2006,4,40.0256,-75.1223,805.0,6,0,0,0,0,0,1,0,0,,0,0,0,8,1,1,1,,0.0,40 01:32.000,,0,75 07:20.437,4,0,0,0,67301,0,0,0,N,0,0,0,3,67301,1,,1,1,,N,N,,0,,0,0,0,0,0,,850,1,2,0,0,0,0,0,3,4,0,2,3,,N,,,,,,,,,,,
2006125356,1331.0,1,0,0,0,0,0,0,0,0,4,1,,67,10,2006,4,40.0044,-75.1385,1325.0,6,0,1,0,0,0,1,0,0,,0,1,0,13,1,1,2,,0.0,40 00:15.915,,0,75 08:18.693,4,0,0,0,67301,0,0,0,N,0,0,0,2,67301,1,,1,1,,N,N,,0,,0,0,0,9,3,,1310,1,2,0,0,0,0,0,3,4,0,2,3,,N,,,,,,,,,,,
2006125358,825.0,2,0,0,0,0,0,0,0,0,2,0,,67,10,2006,2,40.0218,-75.1127,822.0,6,0,1,0,0,0,0,0,0,,0,0,0,8,1,5,1,,0.0,40 01:18.000,,0,75 06:45.600,4,0,0,0,67301,0,0,0,N,0,0,0,8,67301,5,,1,1,,N,N,,1,,0,0,0,9,2,,812,5,3,0,0,0,0,0,3,4,0,3,3,,N,,,,,,,,,,,