CRN,ARRIVAL_TM,AUTOMOBILE_COUNT,BELTED_DEATH_COUNT,BELTED_SUSP_SERIOUS_INJ_COUNT,BICYCLE_COUNT,BICYCLE_DEATH_COUNT,BICYCLE_SUSP_SERIOUS_INJ_COUNT,BUS_COUNT,CHLDPAS_DEATH_COUNT,CHLDPAS_SUSP_SERIOUS_INJ_COUNT,COLLISION_TYPE,COMM_VEH_COUNT,CONS_ZONE_SPD_LIM,COUNTY,CRASH_MONTH,CRASH_YEAR,DAY_OF_WEEK,DEC_LAT,DEC_LONG,DISPATCH_TM,DISTRICT,DRIVER_COUNT_16YR,DRIVER_COUNT_17YR,DRIVER_COUNT_18YR,DRIVER_COUNT_19YR,DRIVER_COUNT_20YR,DRIVER_COUNT_50_64YR,DRIVER_COUNT_65_74YR,DRIVER_COUNT_75PLUS,EST_HRS_CLOSED,FATAL_COUNT,HEAVY_TRUCK_COUNT,HORSE_BUGGY_COUNT,HOUR_OF_DAY,ILLUMINATION,INJURY_COUNT,INTERSECT_TYPE,INTERSECTION_RELATED,LANE_CLOSED,LATITUDE,LN_CLOSE_DIR,LOCATION_TYPE,LONGITUDE,MAX_SEVERITY_LEVEL,MCYCLE_DEATH_COUNT,MCYCLE_SUSP_SERIOUS_INJ_COUNT,MOTORCYCLE_COUNT,MUNICIPALITY,NONMOTR_COUNT,NONMOTR_DEATH_COUNT,NONMOTR_SUSP_SERIOUS_INJ_COUNT,NTFY_HIWY_MAINT,PED_COUNT,PED_DEATH_COUNT,PED_SUSP_SERIOUS_INJ_COUNT,PERSON_COUNT,POLICE_AGCY,POSSIBLE_INJ_COUNT,RDWY_SURF_TYPE_CD,RELATION_TO_ROAD,ROAD_CONDITION,ROADWAY_CLEARED,SCH_BUS_IND,SCH_ZONE_IND,SECONDARY_CRASH,SMALL_TRUCK_COUNT,SPEC_JURIS_CD,SUSP_MINOR_INJ_COUNT,SUSP_SERIOUS_INJ_COUNT,SUV_COUNT,TCD_FUNC_CD,TCD_TYPE,TFC_DETOUR_IND,TIME_OF_DAY,TOT_INJ_COUNT,TOTAL_UNITS,UNB_DEATH_COUNT,UNB_SUSP_SERIOUS_INJ_COUNT,UNBELTED_OCC_COUNT,UNK_INJ_DEG_COUNT,UNK_INJ_PER_COUNT,URBAN_AREA,URBAN_RURAL,VAN_COUNT,VEHICLE_COUNT,WEATHER1,WEATHER2,WORK_ZONE_IND,WORK_ZONE_LOC,WORK_ZONE_TYPE,WORKERS_PRES,WZ_CLOSE_DETOUR,WZ_FLAGGER,WZ_LAW_OFFCR_IND,WZ_LN_CLOSURE,WZ_MOVING,WZ_OTHER,WZ_SHLDER_MDN,WZ_WORKERS_INJ_KILLED
2006082595,143.0,1,0,0,0,0,0,0,0,0,7,0,,67,6,2006,7,,,140.0,6,0,0,0,0,0,0,0,0,1.0,0,0,0,1,3,2,0,,1.0,,1.0,0,,2,0,0,0,67301,0,0,0,N,0,0,0,2,67301,1,,2,1,,N,N,,0,,0,1,0,0,0,N,139,2,1,0,1,2,0,0,3,3,0,1,3,,N,,,,,,,,,,,
2006082622,2155.0,2,0,0,0,0,0,0,0,0,4,0,,67,6,2006,3,40.0314,-75.1524,2147.0,6,0,0,0,0,0,2,0,0,,0,0,0,21,1,1,1,,0.0,40 01:52.935,,0,75 09:08.539,4,0,0,0,67301,0,0,0,N,0,0,0,3,67301,1,,1,1,,N,N,,0,,0,0,0,3,2,,2146,1,2,0,0,0,0,0,3,4,0,2,3,,N,,,,,,,,,,,
2006080179,1137.0,0,0,0,0,0,0,0,0,0,0,0,,67,7,2006,1,,,1136.0,6,0,0,0,0,0,0,0,0,,0,0,0,99,3,1,0,,0.0,,,0,,3,0,0,1,67301,0,0,0,N,0,0,0,1,67301,0,,1,1,,N,N,,0,,1,0,0,0,0,,9999,1,1,0,0,0,0,0,3,3,0,1,3,,N,,,,,,,,,,,
2006115620,1158.0,2,0,0,0,0,0,0,0,0,1,0,,67,9,2006,6,39.9776,-75.1822,1155.0,6,0,0,0,0,0,0,0,0,,0,0,0,11,1,2,0,,0.0,39 58:39.464,,7,75 10:55.927,8,0,0,0,67301,0,0,0,N,0,0,0,3,67301,0,,1,1,,N,N,,0,,0,0,0,0,0,,1148,2,2,0,0,0,2,0,3,4,0,2,3,,N,,,,,,,,,,,
2006125251,123.0,6,0,0,0,0,0,0,0,0,5,0,,67,10,2006,1,39.9526,-75.1781,116.0,6,0,0,0,0,0,0,0,0,,0,0,0,1,3,3,1,,0.0,39 57:09.000,,0,75 10:41.427,8,0,0,0,67301,1,0,0,N,0,0,0,3,67301,0,,1,1,,N,N,,0,,0,0,0,3,2,,116,3,6,0,0,0,3,0,3,4,0,6,3,,N,,,,,,,,,,,
2006065593,2355.0,2,0,0,0,0,0,0,0,0,4,0,,67,5,2006,7,40.0277,-75.11,2350.0,6,0,0,0,0,0,0,0,0,9.0,0,0,0,23,3,1,1,,1.0,40 01:40.000,2.0,0,75 06:36.118,4,0,0,0,67301,0,0,0,N,0,0,0,2,67301,1,,1,1,,N,N,,0,,0,0,0,3,2,N,2340,1,2,0,0,0,0,0,3,4,0,2,3,,N,,,,,,,,,,,
2006065601,1634.0,1,0,0,0,0,0,0,0,0,4,0,,67,5,2006,4,40.0367,-75.0645,1630.0,6,0,0,0,1,0,0,0,0,1.0,0,0,0,16,1,1,1,,2.0,40 02:12.000,4.0,0,75 03:51.897,8,0,0,0,67301,0,0,0,N,0,0,0,2,67301,0,,1,1,,N,N,,1,,0,0,0,3,2,Y,1627,1,2,0,0,0,1,0,3,4,0,2,3,,N,,,,,,,,,,,
2006065610,1129.0,2,0,0,0,0,0,0,0,0,4,0,,67,5,2006,6,40.0115,-75.0698,1127.0,6,0,0,0,0,0,0,1,1,,0,0,0,11,1,3,1,,0.0,40 00:42.000,,0,75 04:11.470,8,0,0,0,67301,0,0,0,N,0,0,0,4,67301,0,,1,1,,N,N,,0,,0,0,0,3,2,,1100,3,2,0,0,0,3,1,3,4,0,2,3,,N,,,,,,,,,,,
2006065634,835.0,1,0,0,0,0,0,0,0,0,8,0,,67,5,2006,4,39.9909,-75.1237,830.0,6,0,0,0,0,0,0,0,0,,0,0,0,8,1,1,2,,0.0,39 59:27.175,,0,75 07:25.355,4,0,0,0,67301,1,0,0,N,1,0,0,2,67301,1,,1,1,,N,N,,0,,0,0,0,9,3,,820,1,2,0,0,0,0,0,3,4,0,1,3,,N,,,,,,,,,,,
2006063238,1655.0,1,0,0,0,0,0,0,0,0,1,0,,67,5,2006,6,39.9536,-75.1732,1650.0,6,0,0,0,0,0,0,1,0,,0,0,0,16,1,1,1,,0.0,39 57:12.000,,0,75 10:23.808,4,0,0,1,67301,0,0,0,,0,0,0,2,67301,1,,1,1,,N,,,0,,0,0,0,3,2,,1645,1,2,0,0,0,0,0,3,4,0,2,3,,N,,,,,,,,,,,
2006125405,830.0,0,0,0,0,0,0,0,0,0,2,0,,67,11,2006,5,39.9899,-75.1037,830.0,6,0,0,0,0,0,0,0,0,,0,0,0,8,1,0,0,,0.0,39 59:23.788,,0,75 06:13.403,0,0,0,0,67301,0,0,0,N,0,0,0,3,67301,0,,1,9,,N,N,,0,,0,0,2,0,0,,825,0,2,0,0,0,0,0,3,4,0,2,7,,N,,,,,,,,,,,
2006114623,1725.0,1,0,0,0,0,0,0,0,0,2,0,,67,9,2006,7,40.0368,-75.0692,1725.0,6,0,0,0,0,0,0,0,0,,1,0,0,18,1,0,1,,0.0,40 02:12.000,,0,75 04:09.302,1,1,0,1,67301,0,0,0,,0,0,0,5,67301,0,2.0,1,9,,,,,0,0.0,0,0,0,3,3,,1826,0,2,0,0,0,0,0,3,4,0,2,7,,N,,,,,,,,,,,
2006105127,1430.0,1,0,0,0,0,0,0,0,0,1,0,,67,8,2006,2,39.935,-75.2352,1425.0,6,0,0,0,0,0,1,0,0,,0,0,0,13,1,0,3,,0.0,39 56:05.000,,0,75 14:07.043,0,0,0,0,67301,0,0,0,N,0,0,0,4,67301,0,,1,1,,N,N,,0,,0,0,1,0,0,,1330,0,2,0,0,0,0,0,3,4,0,2,3,,N,,,,,,,,,,,
2006114113,1839.0,1,0,0,1,0,0,0,0,0,4,0,,67,10,2006,5,39.9674,-75.2468,1837.0,6,0,0,0,0,0,0,0,0,,0,0,0,18,1,1,0,,0.0,39 58:02.819,,0,75 14:48.527,8,0,0,0,67301,1,0,0,N,0,0,0,2,67301,0,,1,1,,N,N,,0,,0,0,0,0,0,,1835,1,2,0,0,0,1,0,3,4,0,1,3,,N,,,,,,,,,,,
2006103667,1042.0,1,0,0,0,0,0,0,0,0,4,0,,67,9,2006,6,40.0612,-75.0483,1036.0,6,0,0,0,0,0,1,0,1,,0,0,0,10,1,1,1,,0.0,40 03:40.399,,0,75 02:53.933,4,0,0,0,67301,0,0,0,N,0,0,0,2,67301,1,,1,9,,N,N,,0,,0,0,0,3,3,,1035,1,2,0,0,0,0,0,3,4,1,2,7,,N,,,,,,,,,,,
2006096570,55.0,1,0,0,0,0,0,0,0,0,7,1,,67,8,2006,5,40.0079,-75.1723,45.0,6,0,0,0,0,0,0,0,0,2.0,0,1,0,0,3,1,1,,2.0,40 00:28.000,2.0,0,75 10:20.930,8,0,0,0,67301,0,0,0,N,0,0,0,2,67301,0,,4,1,,N,N,,0,,0,0,0,0,0,Y,40,1,2,0,0,1,1,0,3,4,0,2,3,,N,,,,,,,,,,,
2006096606,52.0,0,0,0,0,0,0,0,0,0,7,0,,67,7,2006,6,39.9126,-75.1484,30.0,6,0,0,0,0,0,0,0,0,1.0,0,0,0,0,3,4,3,,2.0,39 54:55.581,1.0,2,75 08:51.537,4,0,0,0,67301,0,0,0,Y,0,0,0,4,67301,4,,7,9,,N,N,,0,,0,0,1,0,0,Y,47,4,1,0,0,0,0,0,3,4,0,1,7,,N,,,,,,,,,,,
2006096617,1710.0,1,0,0,0,0,0,0,0,0,8,0,,67,6,2006,6,39.9844,-75.113,1658.0,6,0,0,0,0,0,0,0,0,,0,0,0,16,1,1,1,,0.0,39 59:03.710,,0,75 06:46.713,4,0,0,0,67301,1,0,0,N,1,0,0,2,67301,1,,1,9,,N,N,,0,,0,0,0,3,3,,1654,1,2,0,0,0,0,0,3,4,0,1,7,,N,,,,,,,,,,,
2006096428,810.0,1,0,0,0,0,0,0,0,0,8,0,,67,7,2006,6,40.0428,-75.1569,759.0,6,0,0,0,0,0,0,0,0,,0,0,0,7,1,1,2,,0.0,40 02:34.195,,0,75 09:24.728,4,0,0,0,67301,1,0,0,,1,0,0,2,67301,1,,1,1,,,,,0,,0,0,0,3,3,,750,1,2,0,0,0,0,0,3,4,0,1,3,,N,,,,,,,,,,,
2006102027,1729.0,2,0,0,0,0,0,0,0,0,4,0,,67,9,2006,5,39.9412,-75.2095,1718.0,6,0,0,0,0,0,0,0,0,3.0,0,0,0,17,1,3,1,,1.0,39 56:28.000,4.0,0,75 12:34.028,4,0,0,0,67301,0,0,0,N,0,0,0,5,67301,3,,1,1,,N,N,,0,,0,0,0,3,2,N,1710,3,2,0,0,3,0,0,3,4,0,2,3,,N,,,,,,,,,,,
2006101790,224.0,2,0,0,0,0,0,0,0,0,4,0,,67,9,2006,5,40.0946,-75.0152,224.0,6,0,0,0,0,0,0,0,0,,0,0,0,2,3,1,1,,0.0,40 05:41.000,,0,75 00:55.041,4,0,0,0,67301,0,0,0,N,0,0,0,3,67301,1,,1,1,,N,N,,0,,0,0,0,3,2,,222,1,2,0,0,0,0,0,3,4,0,2,3,,N,,,,,,,,,,,
2006104300,20.0,2,0,0,0,0,0,0,0,0,1,0,,67,9,2006,1,39.9561,-75.2064,20.0,6,0,0,0,0,0,0,0,0,,0,0,0,0,8,1,1,,0.0,39 57:22.000,,0,75 12:22.946,4,0,0,0,67301,0,0,0,N,0,0,0,2,67301,1,,1,1,,N,N,,0,,0,0,0,3,2,,19,1,2,0,0,0,0,0,3,4,0,2,3,,N,,,,,,,,,,,
2006101848,2138.0,0,0,0,0,0,0,0,0,0,8,0,,67,9,2006,3,,,2138.0,6,0,0,0,0,0,0,0,0,,0,0,0,23,3,1,2,,0.0,,,0,,4,0,0,0,67301,1,0,0,N,1,0,0,2,67301,1,,1,9,,N,N,,0,,0,0,1,9,3,,2300,1,2,0,0,0,0,0,3,3,0,1,7,,N,,,,,,,,,,,
2006065989,1142.0,0,0,0,0,0,0,2,0,0,1,2,,67,5,2006,2,39.9972,-75.1193,1135.0,6,0,0,0,0,0,0,0,0,,0,0,0,10,1,2,1,,0.0,39 59:50.000,,0,75 07:09.518,4,0,0,0,67301,0,0,0,N,0,0,0,4,67301,2,,1,1,,Y,N,,0,,0,0,0,9,2,,1035,2,2,0,0,0,0,0,3,4,0,2,3,,N,,,,,,,,,,,
2006105327,145.0,1,0,0,0,0,0,0,0,0,1,0,,67,9,2006,7,40.072,-75.0741,139.0,6,0,0,0,0,0,0,0,0,,0,0,0,1,3,1,0,,0.0,40 04:19.000,,0,75 04:26.803,3,0,0,0,67301,0,0,0,N,0,0,0,1,67301,0,,2,9,,N,N,,0,,1,0,1,0,0,,130,1,2,0,0,1,0,0,3,4,0,2,7,,N,,,,,,,,,,,
2006080575,750.0,1,0,0,0,0,0,0,0,0,4,0,,67,7,2006,6,39.9035,-75.1989,749.0,6,0,0,0,0,0,2,0,0,1.0,0,0,0,7,1,1,0,,1.0,39 54:12.000,3.0,3,75 11:56.150,8,0,0,0,67301,0,0,0,N,0,0,0,3,67301,0,,1,1,,N,N,,0,,0,0,1,0,0,Y,749,1,2,0,0,0,1,0,3,4,0,2,3,,N,,,,,,,,,,,
2006080669,2031.0,2,0,0,0,0,0,0,0,0,2,0,,67,6,2006,4,,,2025.0,6,0,0,0,0,1,1,0,0,,0,0,0,20,3,1,0,,0.0,,,0,,8,0,0,0,67301,0,0,0,N,0,0,0,3,67301,0,,1,9,,N,N,,0,,0,0,0,3,3,,2024,1,3,0,0,0,1,2,3,3,1,3,7,,N,,,,,,,,,,,
2006083087,1215.0,1,0,0,0,0,0,0,0,0,1,0,,67,7,2006,7,39.9233,-75.1817,1211.0,6,0,0,1,0,0,0,0,0,1.0,0,0,0,12,1,1,0,,1.0,39 55:24.000,3.0,0,75 10:47.585,4,0,0,0,67301,0,0,0,N,0,0,0,2,67301,1,,1,1,,N,N,,1,,0,0,0,3,2,N,1200,1,2,0,0,0,0,0,3,4,0,2,3,,N,,,,,,,,,,,
2006103884,255.0,2,0,0,0,0,0,0,0,0,6,0,,67,9,2006,1,40.0444,-75.1436,251.0,6,0,0,0,0,0,2,0,0,,0,0,0,99,3,0,1,,0.0,40 02:39.000,,0,75 08:36.941,0,0,0,0,67301,0,0,0,N,0,0,0,4,67301,0,,1,1,,N,N,,0,,0,0,1,9,2,,9999,0,3,0,0,1,0,0,3,4,0,3,3,,N,,,,,,,,,,,
2006103524,1635.0,2,0,0,0,0,0,0,0,0,4,0,,67,9,2006,2,40.0935,-74.9802,1635.0,6,0,0,0,0,0,0,0,0,,0,0,0,16,1,1,1,,0.0,40 05:36.000,,0,74 58:47.611,8,0,0,0,67301,0,0,0,N,0,0,0,4,67301,0,,1,1,,N,N,,0,,0,0,0,3,2,,1634,1,2,0,0,1,1,0,3,4,0,2,3,,N,,,,,,,,,,,
2006103541,1515.0,0,0,0,0,0,0,0,0,0,8,0,,67,9,2006,3,39.9568,-75.1995,1500.0,6,0,0,0,0,0,1,0,0,,0,0,0,15,1,1,1,,0.0,39 57:25.000,,0,75 11:58.558,8,0,0,0,67301,1,0,0,N,1,0,0,2,67301,0,,1,9,,N,N,,0,,0,0,1,9,2,,1500,1,2,0,0,1,1,0,3,4,0,1,7,,N,,,,,,,,,,,
2006080116,1642.0,1,0,0,0,0,0,0,0,0,0,0,,67,6,2006,1,39.9854,-75.1494,1642.0,6,0,0,0,0,0,0,0,0,9.0,0,0,0,16,1,1,0,,1.0,39 59:07.400,4.0,0,75 08:57.940,4,0,0,0,67301,0,0,0,N,0,0,0,2,67301,1,,4,9,,N,N,,0,,0,0,0,0,0,N,1640,1,1,0,0,0,0,1,3,4,0,1,7,,N,,,,,,,,,,,
2006082591,13.0,2,0,0,0,0,0,0,0,0,4,0,,67,6,2006,1,,,5.0,6,0,0,1,0,0,0,0,0,2.0,0,0,0,0,3,0,0,,1.0,,2.0,0,,0,0,0,0,67301,0,0,0,N,0,0,0,2,67301,0,,1,9,,N,N,,0,,0,0,0,0,0,N,0,0,2,0,0,0,0,0,3,3,0,2,3,,N,,,,,,,,,,,
2006125385,9999.0,1,0,0,0,0,0,0,0,0,4,0,,67,11,2006,4,40.0394,-75.0774,1950.0,6,0,0,0,0,0,0,0,0,1.0,0,0,0,19,3,1,0,,1.0,40 02:21.000,1.0,0,75 04:38.942,4,0,0,0,67301,0,0,0,N,0,0,0,3,67301,1,,1,1,,N,N,,0,,0,0,1,0,0,N,1948,1,2,0,0,0,0,0,3,4,0,2,3,,N,,,,,,,,,,,
2006082604,1410.0,1,0,0,0,0,0,0,0,0,8,0,,67,5,2006,7,40.0185,-75.0576,1406.0,6,0,0,0,0,0,0,0,0,,0,0,0,14,1,1,2,,0.0,40 01:06.000,,0,75 03:27.511,8,0,0,0,67301,1,0,0,N,1,0,0,2,67301,0,,1,1,,N,N,,0,,0,0,0,3,2,,1406,1,2,0,0,0,1,1,3,4,0,1,3,,N,,,,,,,,,,,
2006080131,1223.0,2,0,0,0,0,0,0,0,0,1,0,,67,6,2006,7,39.9074,-75.2348,1217.0,6,0,0,0,1,0,0,0,0,,0,0,0,12,1,0,0,,0.0,39 54:26.560,,0,75 14:05.100,0,0,0,0,67301,0,0,0,N,0,0,0,2,67301,0,,1,9,,N,N,,0,,0,0,0,3,2,,1207,0,2,0,0,0,0,0,3,4,0,2,7,,N,,,,,,,,,,,
2006080193,1650.0,3,0,0,0,0,0,0,0,0,1,0,,67,6,2006,5,39.9546,-75.1631,1645.0,6,0,0,0,0,0,0,0,0,,0,0,0,16,1,0,0,,0.0,39 57:16.617,,0,75 09:47.333,9,0,0,0,67301,0,0,0,N,0,0,0,6,67301,0,,1,1,,N,N,,0,,0,0,0,0,0,,1645,0,3,0,0,0,0,6,3,4,0,3,3,,N,,,,,,,,,,,
2006065640,1955.0,2,0,0,0,0,0,0,0,0,1,0,,67,5,2006,4,39.996,-75.0921,1930.0,6,0,0,0,0,0,0,0,0,,0,0,0,19,4,1,1,,0.0,39 59:45.000,,0,75 05:32.116,8,0,0,0,67301,0,0,0,N,0,0,0,2,67301,0,,1,1,,N,N,,0,,0,0,0,3,2,,1930,1,2,0,0,0,1,1,3,4,0,2,3,,N,,,,,,,,,,,
2006065653,1158.0,2,0,0,0,0,0,0,0,0,1,0,,67,5,2006,6,,,1146.0,6,0,0,0,0,0,0,0,0,,0,0,0,11,1,0,0,,0.0,,,0,,0,0,0,0,67301,0,0,0,N,0,0,0,5,67301,0,,1,1,,N,N,,0,,0,0,0,0,0,,1145,0,2,0,0,0,0,0,3,3,0,2,3,,N,,,,,,,,,,,
2006063232,1418.0,3,0,0,0,0,0,0,0,0,5,0,,67,5,2006,3,39.9771,-75.1133,1410.0,6,0,0,0,1,0,0,0,0,1.0,0,0,0,14,1,0,0,,2.0,39 58:23.880,2.0,0,75 07:14.160,0,0,0,0,67301,0,0,0,N,0,0,0,4,67301,0,,1,1,,N,N,,0,,0,0,0,0,0,Y,1410,0,3,0,0,0,0,0,3,4,0,3,3,,N,,,,,,,,,,,
2006065816,1408.0,0,0,0,0,0,0,0,0,0,6,0,,67,6,2006,6,39.9732,-75.1591,1358.0,6,0,0,0,0,0,0,0,0,,0,0,0,99,1,1,2,,0.0,39 58:23.000,,0,75 09:32.783,4,0,0,0,67301,1,0,0,N,0,0,0,2,67301,1,,1,1,,N,N,,1,,0,0,0,0,0,,9999,1,2,0,0,0,0,0,3,4,0,1,3,,N,,,,,,,,,,,
2006112838,925.0,1,0,0,0,0,0,0,0,0,4,0,,67,9,2006,6,40.0616,-74.9884,923.0,6,0,0,1,0,0,1,0,0,,0,0,0,9,1,1,1,,0.0,40 03:41.000,,0,74 59:17.307,8,0,0,0,67301,0,0,0,N,0,0,0,2,67301,0,,1,1,,N,N,,0,,0,0,1,3,2,,920,1,2,0,0,0,1,0,3,4,0,2,3,,N,,,,,,,,,,,
2006112848,1453.0,2,0,0,0,0,0,0,0,0,4,0,,67,10,2006,6,39.9875,-75.2557,1445.0,6,0,0,0,0,0,1,0,1,,0,0,0,13,1,2,2,,0.0,39 59:14.000,,0,75 15:20.342,4,0,0,0,67301,0,0,0,N,0,0,0,4,67301,1,,1,1,,N,N,,0,,0,0,0,0,0,,1350,2,3,0,0,0,1,1,3,4,1,3,3,,N,,,,,,,,,,,
2006125432,1926.0,1,0,0,0,0,0,0,0,0,7,0,,67,11,2006,5,40.0006,-75.1868,1926.0,6,0,0,0,0,0,0,0,0,2.0,0,0,0,19,3,3,0,,2.0,40 00:02.520,2.0,0,75 11:12.120,8,0,0,0,67301,0,0,0,N,0,0,0,3,67301,0,,5,1,,N,N,,0,,0,0,0,0,0,N,1925,3,1,0,0,0,3,0,3,4,0,1,3,,N,,,,,,,,,,,
2006102379,2348.0,4,0,0,0,0,0,0,0,0,4,0,,67,9,2006,6,40.0006,-75.1288,2345.0,6,0,0,1,1,0,0,0,0,9.0,0,0,0,23,3,1,0,,1.0,40 00:02.113,1.0,0,75 07:43.777,4,0,0,1,67301,0,0,0,N,0,0,0,2,67301,1,,1,1,,N,N,,0,,0,0,0,0,0,N,2339,1,5,0,0,1,0,0,3,4,0,5,3,,N,,,,,,,,,,,
2006114813,933.0,1,0,0,0,0,0,0,0,0,7,0,,67,9,2006,7,40.0872,-74.9716,925.0,6,0,0,0,0,0,0,0,0,1.0,0,0,0,9,1,0,0,,2.0,40 05:13.920,3.0,3,74 58:17.400,0,0,0,0,67301,0,0,0,N,0,0,0,1,67301,0,,3,1,,N,N,,0,,0,0,0,0,0,N,923,0,1,0,0,0,0,0,3,4,0,1,3,,N,,,,,,,,,,,
2006114740,922.0,1,0,0,0,0,0,0,0,0,1,0,,67,9,2006,2,40.0372,-75.1633,918.0,6,0,0,0,0,0,1,0,0,,0,0,0,9,1,1,1,,0.0,40 02:14.020,,0,75 09:47.714,8,0,0,0,67301,0,0,0,N,0,0,0,3,67301,0,,1,1,,N,N,,0,,0,0,0,0,0,,917,1,2,0,0,0,1,2,3,4,0,2,3,,N,,,,,,,,,,,
2006114387,2144.0,4,0,0,0,0,0,0,0,0,2,0,,67,10,2006,2,39.9486,-75.2171,9999.0,6,0,0,0,0,0,1,0,0,,0,0,0,21,3,1,1,,0.0,39 56:55.000,,0,75 13:01.680,8,0,0,0,67301,0,0,0,N,0,0,0,3,67301,0,,1,1,,N,N,,0,,0,0,0,3,2,,2144,1,4,0,0,1,1,1,3,4,0,4,3,,N,,,,,,,,,,,
2006102582,1649.0,2,0,0,0,0,0,0,0,0,4,0,,67,8,2006,3,39.9959,-75.0921,1646.0,6,0,0,0,0,0,1,0,0,,0,0,0,16,1,1,1,,0.0,39 59:45.000,,0,75 05:31.727,4,0,0,0,67301,0,0,0,N,0,0,0,2,67301,1,,1,9,,N,N,,0,,0,0,0,9,2,,1600,1,2,0,0,0,0,0,3,4,0,2,7,,N,,,,,,,,,,,
2006105147,1830.0,2,0,0,0,0,0,0,0,0,1,0,,67,9,2006,6,40.0272,-75.0989,1824.0,6,0,0,0,0,0,1,0,0,,0,0,0,99,3,1,1,,0.0,40 01:39.000,,0,75 05:57.216,8,0,0,0,67301,0,0,0,N,0,0,0,3,67301,0,,1,9,,N,N,,1,,0,0,0,3,2,,9999,1,3,0,0,0,1,0,3,4,0,3,7,,N,,,,,,,,,,,
2006126813,820.0,2,0,0,0,0,0,0,0,0,6,0,,67,10,2006,7,39.9531,-75.1819,815.0,6,0,0,1,0,0,0,0,0,,0,0,0,8,3,0,1,,0.0,39 57:11.000,,0,75 10:55.105,0,0,0,0,67301,0,0,0,N,0,0,0,4,67301,0,,1,1,,N,N,,0,,0,0,0,3,2,,815,0,2,0,0,0,0,0,3,4,0,2,3,,N,,,,,,,,,,,
2006116266,1725.0,2,0,0,0,0,0,0,0,0,2,0,,67,9,2006,7,40.0368,-75.0692,1725.0,6,0,0,0,1,0,1,0,0,,0,0,0,17,1,1,1,,0.0,40 02:12.000,,0,75 04:09.302,8,0,0,0,67301,0,0,0,,0,0,0,5,67301,0,,1,9,,,,,0,,0,0,0,3,3,,1725,1,2,0,0,0,1,0,3,4,0,2,7,,N,,,,,,,,,,,
2006123778,1839.0,1,0,0,0,0,0,0,0,0,4,0,,67,10,2006,1,39.9989,-75.1332,1838.0,6,0,0,0,0,1,0,0,0,2.0,0,0,0,18,4,4,1,,1.0,39 59:56.000,6.0,0,75 07:59.426,8,0,0,0,67301,0,0,0,N,0,0,0,8,67301,0,,1,1,,N,N,,0,,0,0,0,3,2,N,1835,4,2,0,0,1,4,0,3,4,1,2,3,,N,,,,,,,,,,,
2006093441,1455.0,0,0,0,0,0,0,0,0,0,7,0,,67,8,2006,7,,,1434.0,6,0,0,0,0,0,0,0,0,,0,0,0,14,1,1,0,,0.0,,,0,,2,0,1,1,67301,0,0,0,N,0,0,0,1,67301,0,,4,1,,N,N,,0,,0,1,0,0,0,,1403,1,1,0,0,0,0,0,3,3,0,1,3,,N,,,,,,,,,,,
2006093458,1855.0,1,0,0,0,0,0,0,0,0,8,0,,67,8,2006,5,39.9561,-75.1682,1644.0,6,0,0,0,0,0,0,0,0,9.0,0,0,0,16,1,1,5,,1.0,39 57:25.000,7.0,0,75 10:09.618,4,0,0,0,67301,1,0,0,N,1,0,0,2,67301,1,,1,1,,N,N,,0,,0,0,0,2,2,N,1635,1,2,0,0,0,0,0,3,4,0,1,3,,N,,,,,,,,,,,
2006054563,1504.0,0,0,0,0,0,0,0,0,0,8,0,,67,4,2006,7,39.9975,-75.1212,1502.0,6,0,0,0,0,0,0,0,0,,0,0,0,15,1,1,1,,0.0,39 59:51.000,,0,75 07:16.447,2,0,0,0,67301,1,0,1,,1,0,1,2,67301,0,,1,1,,N,N,,0,,0,1,1,3,2,,1500,1,2,0,0,0,0,0,3,4,0,1,3,,N,,,,,,,,,,,
2006103704,9999.0,1,0,0,1,0,0,0,0,0,4,0,,67,8,2006,5,39.9802,-75.1693,2358.0,6,0,0,0,0,0,0,0,0,,0,0,0,23,3,1,1,,0.0,39 58:48.569,,0,75 10:09.486,4,0,0,0,67301,2,0,0,N,0,0,0,3,67301,1,,1,1,,N,Y,,0,,0,0,0,3,3,,2358,1,2,0,0,0,0,0,3,4,0,1,3,,N,,,,,,,,,,,
2006103705,1400.0,5,0,0,0,0,0,0,0,0,1,0,,67,9,2006,1,39.9447,-75.1652,1355.0,6,0,0,0,0,0,0,0,0,2.0,0,0,0,12,1,0,1,,1.0,39 56:40.000,2.0,0,75 09:54.608,0,0,0,0,67301,0,0,0,N,0,0,0,2,67301,0,,2,1,,N,N,,0,,0,0,0,3,2,N,1224,0,5,0,0,0,0,0,3,4,0,5,3,,N,,,,,,,,,,,
2006106566,2245.0,2,0,0,0,0,0,0,0,0,5,0,,67,8,2006,2,39.886,-75.2132,2235.0,6,0,0,0,0,0,0,0,0,2.0,0,0,0,22,3,1,7,,2.0,39 53:09.240,2.0,2,75 12:47.160,4,0,0,0,67301,0,0,0,N,0,0,0,3,67301,1,,2,1,,N,N,,0,,0,0,1,0,0,Y,2228,1,3,0,0,0,0,0,3,4,0,3,3,,N,,,,,,,,,,,
2006104254,1942.0,2,0,0,0,0,0,0,0,0,1,0,,67,8,2006,3,39.9598,-75.1812,1931.0,6,0,0,0,0,0,1,0,0,1.0,0,0,0,19,3,1,0,,1.0,39 57:34.000,3.0,0,75 10:51.968,3,0,0,0,67301,0,0,0,,0,0,0,3,67301,0,,1,9,,,,,0,,1,0,0,0,0,N,1930,1,2,0,0,0,0,0,3,4,0,2,7,,N,,,,,,,,,,,