CRN,ARRIVAL_TM,AUTOMOBILE_COUNT,BELTED_DEATH_COUNT,BELTED_SUSP_SERIOUS_INJ_COUNT,BICYCLE_COUNT,BICYCLE_DEATH_COUNT,BICYCLE_SUSP_SERIOUS_INJ_COUNT,BUS_COUNT,CHLDPAS_DEATH_COUNT,CHLDPAS_SUSP_SERIOUS_INJ_COUNT,COLLISION_TYPE,COMM_VEH_COUNT,CONS_ZONE_SPD_LIM,COUNTY,CRASH_MONTH,CRASH_YEAR,DAY_OF_WEEK,DEC_LAT,DEC_LONG,DISPATCH_TM,DISTRICT,DRIVER_COUNT_16YR,DRIVER_COUNT_17YR,DRIVER_COUNT_18YR,DRIVER_COUNT_19YR,DRIVER_COUNT_20YR,DRIVER_COUNT_50_64YR,DRIVER_COUNT_65_74YR,DRIVER_COUNT_75PLUS,EST_HRS_CLOSED,FATAL_COUNT,HEAVY_TRUCK_COUNT,HORSE_BUGGY_COUNT,HOUR_OF_DAY,ILLUMINATION,INJURY_COUNT,INTERSECT_TYPE,INTERSECTION_RELATED,LANE_CLOSED,LATITUDE,LN_CLOSE_DIR,LOCATION_TYPE,LONGITUDE,MAX_SEVERITY_LEVEL,MCYCLE_DEATH_COUNT,MCYCLE_SUSP_SERIOUS_INJ_COUNT,MOTORCYCLE_COUNT,MUNICIPALITY,NONMOTR_COUNT,NONMOTR_DEATH_COUNT,NONMOTR_SUSP_SERIOUS_INJ_COUNT,NTFY_HIWY_MAINT,PED_COUNT,PED_DEATH_COUNT,PED_SUSP_SERIOUS_INJ_COUNT,PERSON_COUNT,POLICE_AGCY,POSSIBLE_INJ_COUNT,RDWY_SURF_TYPE_CD,RELATION_TO_ROAD,ROAD_CONDITION,ROADWAY_CLEARED,SCH_BUS_IND,SCH_ZONE_IND,SECONDARY_CRASH,SMALL_TRUCK_COUNT,SPEC_JURIS_CD,SUSP_MINOR_INJ_COUNT,SUSP_SERIOUS_INJ_COUNT,SUV_COUNT,TCD_FUNC_CD,TCD_TYPE,TFC_DETOUR_IND,TIME_OF_DAY,TOT_INJ_COUNT,TOTAL_UNITS,UNB_DEATH_COUNT,UNB_SUSP_SERIOUS_INJ_COUNT,UNBELTED_OCC_COUNT,UNK_INJ_DEG_COUNT,UNK_INJ_PER_COUNT,URBAN_AREA,URBAN_RURAL,VAN_COUNT,VEHICLE_COUNT,WEATHER1,WEATHER2,WORK_ZONE_IND,WORK_ZONE_LOC,WORK_ZONE_TYPE,WORKERS_PRES,WZ_CLOSE_DETOUR,WZ_FLAGGER,WZ_LAW_OFFCR_IND,WZ_LN_CLOSURE,WZ_MOVING,WZ_OTHER,WZ_SHLDER_MDN,WZ_WORKERS_INJ_KILLED
2006128123,752.0,1,0,0,0,0,0,0,0,0,4,0,,67,12,2006,5,39.9842,-75.2607,9999.0,6,0,0,0,0,0,0,0,0,1.0,0,0,0,7,1,1,1,,1.0,39 59:03.000,2.0,0,75 15:38.541,4,0,0,0,67301,0,0,0,N,0,0,0,3,46104,1,,1,9,,N,Y,,1,,0,0,0,3,2,N,745,1,2,0,0,0,0,0,3,4,0,2,3,,N,,,,,,,,,,,
2006101915,1520.0,1,0,0,0,0,0,0,0,0,3,0,,67,9,2006,3,39.9537,-75.1988,1520.0,6,0,0,0,0,0,0,0,0,,0,0,0,15,1,2,0,,0.0,39 57:14.000,,0,75 11:55.356,4,0,0,0,67301,1,0,0,N,1,0,0,2,67301,1,,1,1,,N,N,,1,,0,0,0,0,0,,1518,2,3,0,0,0,1,0,3,4,0,2,3,,N,,,,,,,,,,,
2006125493,1103.0,2,0,0,0,0,0,0,0,0,2,0,,67,11,2006,5,,,1103.0,6,0,0,0,0,0,1,0,0,9.0,0,0,0,11,1,1,10,,2.0,,6.0,0,,8,0,0,0,67301,0,0,0,,0,0,0,1,67301,0,,1,1,,,,,0,,0,0,0,0,0,Y,1100,1,3,0,0,0,1,0,3,3,1,3,3,,N,,,,,,,,,,,
2006106218,2320.0,2,0,0,0,0,0,0,0,0,2,0,,67,8,2006,3,39.9507,-75.1627,2319.0,6,0,0,0,1,0,0,0,0,,0,0,0,23,3,0,1,,0.0,39 57:02.000,,0,75 09:45.639,0,0,0,0,67301,0,0,0,,0,0,0,2,67301,0,,1,1,,,,,0,,0,0,0,9,2,,2315,0,2,0,0,0,0,0,3,4,0,2,3,,N,,,,,,,,,,,
2006106219,1955.0,1,0,0,0,0,0,0,0,0,8,0,,67,8,2006,7,39.9348,-75.192,1955.0,6,0,0,0,0,0,0,0,0,,0,0,0,99,1,1,1,,0.0,39 56:05.218,,0,75 11:31.232,8,0,0,0,67301,1,0,0,N,1,0,0,3,67301,0,,1,1,,N,N,,0,,0,0,0,0,0,,9999,1,2,0,0,0,1,0,3,4,0,1,3,,N,,,,,,,,,,,
2006065987,2120.0,1,0,0,0,0,0,0,0,0,4,0,,67,5,2006,6,40.0501,-75.0642,2120.0,6,0,0,0,0,0,1,0,0,1.0,0,0,0,21,3,3,1,,1.0,40 03:00.000,3.0,0,75 03:51.141,3,0,0,1,67301,1,0,0,,1,0,0,3,67301,0,,1,1,,,,,0,,2,0,0,2,2,N,2120,3,3,0,0,0,1,0,3,4,0,2,3,,N,,,,,,,,,,,
2006080582,950.0,2,0,0,0,0,0,0,0,0,6,0,,67,5,2006,4,,,933.0,6,0,0,0,0,0,0,0,0,,0,0,0,99,1,1,0,,0.0,,,0,,8,0,0,0,67301,0,0,0,N,0,0,0,1,67301,0,,5,1,,N,N,,0,,0,0,2,0,0,,9999,1,4,0,0,0,1,0,3,3,0,4,3,,N,,,,,,,,,,,
2006080697,1820.0,3,0,0,0,0,0,0,0,0,2,0,,67,6,2006,5,40.053,-74.9827,1818.0,6,0,0,0,0,0,0,1,0,1.0,0,0,0,18,1,2,1,,1.0,40 03:10.000,3.0,0,74 58:57.986,4,0,0,0,67301,0,0,0,N,0,0,0,5,67301,2,,1,1,,N,N,,0,,0,0,0,3,2,N,1800,2,3,0,0,0,0,0,3,4,0,3,3,,N,,,,,,,,,,,
2006083080,1705.0,0,0,0,0,0,0,0,0,0,7,0,,67,7,2006,3,39.9938,-75.1183,1704.0,6,0,0,0,0,0,0,0,0,,0,0,0,17,1,1,10,,0.0,39 59:37.726,,0,75 07:05.858,8,0,0,0,67301,0,0,0,N,0,0,0,1,67301,0,,4,1,,N,N,,0,,0,0,1,3,2,,1700,1,1,0,0,0,1,0,3,4,0,1,3,,N,,,,,,,,,,,
2006083173,1628.0,1,0,0,0,0,0,0,0,0,8,0,,67,7,2006,3,40.0131,-75.0704,1628.0,6,0,0,0,0,0,0,0,0,,0,0,0,16,1,1,0,,0.0,40 00:46.000,,0,75 04:13.239,4,0,0,0,67301,1,0,0,N,1,0,0,4,67301,1,,1,1,,N,N,,0,,0,0,0,3,2,,1615,1,2,0,0,0,0,0,3,4,0,1,3,,N,,,,,,,,,,,
2006082978,805.0,2,0,0,0,0,0,0,0,0,6,0,,67,7,2006,4,39.9379,-75.1667,805.0,6,0,0,0,0,0,1,0,0,1.0,0,0,0,7,1,1,1,,1.0,39 56:15.000,2.0,0,75 09:59.946,4,0,0,0,67301,0,0,0,N,0,0,0,2,67301,1,,1,9,,N,N,,0,,0,0,0,3,2,N,755,1,2,0,0,0,0,0,3,4,0,2,7,,N,,,,,,,,,,,
2006083009,2136.0,1,0,0,0,0,0,0,0,0,7,0,,67,7,2006,7,40.0049,-75.1961,2128.0,6,0,0,0,0,0,0,0,0,2.0,0,0,0,21,3,1,0,,2.0,40 00:16.200,3.0,0,75 11:44.520,4,0,0,0,67301,0,0,0,N,0,0,0,1,67301,1,,2,1,,N,N,,0,,0,0,0,3,8,N,2124,1,1,0,0,0,0,0,3,4,0,1,3,,N,,,,,,,,,,,
2006080848,1447.0,2,0,0,0,0,0,0,0,0,2,0,,67,7,2006,2,,,1446.0,6,0,0,0,0,0,0,0,0,,0,0,0,14,1,0,1,,0.0,,,0,,0,0,0,0,67301,0,0,0,N,0,0,0,2,67301,0,,1,1,,N,N,,0,,0,0,0,3,2,,1443,0,2,0,0,0,0,0,3,3,0,2,3,,N,,,,,,,,,,,
2006103108,2126.0,2,0,0,0,0,0,0,0,0,2,0,,67,8,2006,1,,,2125.0,6,0,0,0,0,0,0,0,0,,0,0,0,21,3,2,1,,0.0,,,0,,3,0,0,1,67301,0,0,0,N,0,0,0,4,67301,1,,1,1,,N,N,,0,,1,0,0,9,7,,2125,2,3,0,0,0,0,0,3,3,0,3,3,,N,,,,,,,,,,,
2006103872,110.0,1,0,0,0,0,0,0,0,0,4,0,,67,9,2006,2,40.0745,-75.035,105.0,6,0,0,0,0,0,0,0,0,,0,0,0,1,3,0,1,,0.0,40 04:28.000,,0,75 02:06.082,9,0,0,0,67301,0,0,0,,0,0,0,4,67301,0,,1,1,,,,,1,,0,0,0,9,2,,105,0,2,0,0,0,0,2,3,4,0,2,3,,N,,,,,,,,,,,
2006125469,705.0,3,0,0,0,0,0,0,0,0,4,0,,67,10,2006,6,39.9557,-75.2156,700.0,6,0,0,0,0,0,0,0,0,,0,0,0,6,1,0,1,,0.0,39 57:20.000,,0,75 12:56.225,0,0,0,0,67301,0,0,0,,0,0,0,2,67301,0,,1,9,,,,,0,,0,0,0,9,2,,637,0,3,0,0,0,0,0,3,4,0,3,7,,N,,,,,,,,,,,
2006125303,2128.0,2,0,0,0,0,0,0,0,0,4,0,,67,10,2006,5,39.9579,-75.1641,2128.0,6,0,0,0,0,0,1,0,0,,0,0,0,21,3,3,1,,0.0,39 57:27.000,,0,75 09:50.847,8,0,0,0,67301,0,0,0,N,0,0,0,3,67301,0,,1,1,,N,N,,0,,0,0,0,3,2,,2128,3,2,0,0,0,3,0,3,4,0,2,3,,N,,,,,,,,,,,
2006125346,1045.0,0,0,0,0,0,0,1,0,0,1,1,,67,11,2006,4,39.9724,-75.2174,1043.0,6,0,0,0,0,0,0,0,0,,0,0,0,10,1,24,1,,0.0,39 58:20.000,,0,75 13:03.212,4,0,0,0,67301,0,0,0,N,0,0,0,25,67301,24,,1,9,,Y,N,,0,,0,0,0,9,2,,1042,24,2,0,0,0,0,0,3,4,0,2,7,,N,,,,,,,,,,,
2006080214,1543.0,1,0,0,0,0,0,0,0,0,4,0,,67,5,2006,1,39.9541,-75.1897,1543.0,6,0,1,0,0,0,1,0,0,,0,0,0,15,1,1,1,,0.0,39 57:14.000,,0,75 11:23.262,4,0,0,0,67301,0,0,0,N,0,0,0,2,67301,1,,1,1,,N,N,,0,,0,0,0,3,2,,1540,1,2,0,0,0,0,0,3,4,1,2,3,,N,,,,,,,,,,,
2006065632,856.0,2,0,0,0,0,0,0,0,0,1,0,,67,5,2006,6,40.0468,-75.1375,854.0,6,0,0,0,0,0,0,0,0,,0,0,0,6,1,1,1,,0.0,40 02:48.000,,0,75 08:15.190,4,0,0,0,67301,0,0,0,N,0,0,0,2,67301,1,,1,9,,N,N,,0,,0,0,0,3,2,,616,1,2,0,0,0,0,0,3,4,0,2,7,,N,,,,,,,,,,,
2006065649,1940.0,2,0,0,0,0,0,0,0,0,5,0,,67,5,2006,6,40.0424,-75.0827,1940.0,6,0,0,0,0,0,0,0,0,,0,0,0,19,1,0,1,,0.0,40 02:32.000,,0,75 04:57.563,9,0,0,0,67301,0,0,0,,0,0,0,3,67301,0,,1,1,,,,,0,,0,0,0,3,2,,1915,0,2,0,0,0,0,2,3,4,0,2,3,,N,,,,,,,,,,,
2006063220,1053.0,1,0,0,0,0,0,0,0,0,4,0,,67,5,2006,6,39.965,-75.2246,1050.0,6,0,0,0,0,0,0,0,0,,0,0,0,10,1,2,1,,0.0,39 57:53.000,,0,75 13:28.378,4,0,0,0,67301,0,0,0,N,0,0,0,3,67301,1,,1,1,,N,N,,0,,0,0,0,3,2,,1048,2,2,0,0,0,1,0,3,4,1,2,3,,N,,,,,,,,,,,
2006112834,1930.0,2,0,0,0,0,0,0,0,0,6,0,,67,9,2006,6,40.0624,-75.1886,1930.0,6,0,0,0,0,0,1,0,0,,0,0,0,19,3,2,1,,0.0,40 03:44.768,,0,75 11:19.070,4,0,0,0,67301,0,0,0,N,0,0,0,3,67301,1,,1,1,,N,N,,0,,0,0,0,3,3,,1913,2,2,0,0,0,1,0,3,4,0,2,3,,N,,,,,,,,,,,
2006115377,9999.0,2,0,0,0,0,0,0,0,0,4,0,,67,10,2006,5,40.0814,-74.9941,9999.0,6,0,0,0,0,0,1,0,0,,0,0,0,99,1,1,0,,0.0,40 04:53.212,,7,74 59:38.821,3,0,0,0,67301,0,0,0,N,0,0,0,2,67301,0,,1,1,,N,N,,0,,1,0,0,0,0,,9999,1,2,0,0,0,0,0,3,4,0,2,3,,N,,,,,,,,,,,
2006112976,1924.0,2,0,0,0,0,0,0,0,0,6,0,,67,9,2006,5,39.9587,-75.2333,1922.0,6,0,0,0,0,0,0,0,0,,0,0,0,19,3,1,2,,0.0,39 57:31.337,,0,75 13:59.991,4,0,0,0,67301,0,0,0,N,0,0,0,3,67301,1,,1,1,,N,N,,0,,0,0,0,3,3,,1907,1,2,0,0,0,0,2,3,4,0,2,3,,N,,,,,,,,,,,
2006125446,1805.0,1,0,0,0,0,0,0,0,0,6,0,,67,10,2006,3,40.0331,-75.0888,1800.0,6,0,0,0,0,1,0,0,0,,0,0,0,17,1,1,2,,0.0,40 01:59.080,,0,75 05:19.604,4,0,0,0,67301,0,0,0,N,0,0,0,2,67301,1,,1,1,,N,N,,0,,0,0,1,3,3,,1750,1,2,0,0,0,0,0,3,4,0,2,3,,N,,,,,,,,,,,
2006124263,1624.0,1,0,0,0,0,0,0,0,0,4,0,,67,10,2006,7,40.0022,-75.1576,1622.0,6,0,0,0,1,0,0,0,0,2.0,0,0,0,16,3,1,1,,1.0,40 00:08.000,3.0,0,75 09:27.951,4,0,0,1,67301,0,0,0,N,0,0,0,3,67301,1,,1,1,,N,N,,0,,0,0,0,3,2,N,1600,1,2,0,0,2,0,0,3,4,0,2,3,,N,,,,,,,,,,,
2006102187,1230.0,0,0,0,0,0,0,0,0,0,8,0,,67,9,2006,3,39.998,-75.1254,1225.0,6,0,0,0,0,0,0,0,0,,0,0,0,12,1,1,1,,0.0,39 59:52.000,,0,75 07:31.319,4,0,0,0,67301,1,0,0,N,1,0,0,2,67301,1,,1,9,,N,N,,0,,0,0,1,3,2,,1220,1,2,0,0,0,0,0,3,4,0,1,7,,N,,,,,,,,,,,
2006114411,1615.0,2,0,0,0,0,0,0,0,0,5,0,,67,10,2006,7,39.9608,-75.1401,1610.0,6,0,0,0,0,0,0,1,0,1.0,0,0,0,16,1,1,0,,1.0,39 57:38.000,1.0,0,75 08:24.474,4,0,0,0,67301,0,0,0,N,0,0,0,3,67301,1,,1,1,,N,N,,0,,0,0,0,0,0,N,1605,1,2,0,0,0,0,0,3,4,0,2,3,,N,,,,,,,,,,,
2006105111,129.0,2,0,0,0,0,0,0,0,0,4,0,,67,9,2006,7,39.9608,-75.1434,124.0,6,0,0,0,0,0,0,1,0,2.0,0,0,0,1,3,1,1,,2.0,39 57:38.000,3.0,0,75 08:36.084,8,0,0,0,67301,0,0,0,N,0,0,0,3,67301,0,,1,9,,N,N,,0,,0,0,0,3,2,Y,115,1,2,0,0,0,1,0,3,4,0,2,7,,N,,,,,,,,,,,
2006123777,9999.0,2,0,0,0,0,0,0,0,0,4,0,,67,10,2006,1,,,9999.0,6,0,0,0,0,0,0,1,0,,0,0,0,99,1,1,1,,0.0,,,0,,4,0,0,0,67301,0,0,0,N,0,0,0,2,67301,1,,1,1,,N,N,,0,,0,0,0,3,2,,9999,1,2,0,0,0,0,1,3,3,0,2,3,,N,,,,,,,,,,,
2006093437,9999.0,0,0,0,0,0,0,0,0,0,8,0,,67,8,2006,1,39.9482,-75.1646,9999.0,6,0,0,0,0,0,0,0,0,,0,0,0,99,3,1,1,,0.0,39 56:53.000,,0,75 09:52.200,8,0,0,0,67301,1,0,0,N,1,0,0,2,67301,0,,1,1,,N,N,,1,,0,0,0,3,2,,9999,1,2,0,0,0,1,1,3,4,0,1,3,,N,,,,,,,,,,,
2006054548,1152.0,0,0,0,0,0,0,0,0,0,1,0,,67,4,2006,6,,,1147.0,6,0,0,0,0,1,0,0,0,,0,0,0,10,1,1,0,,0.0,,,0,,4,0,0,1,67301,0,0,0,,0,0,0,1,67301,1,,2,1,,N,N,,1,,0,0,0,0,0,,1055,1,2,0,0,0,0,0,3,3,0,2,3,,N,,,,,,,,,,,
2006080905,1849.0,1,0,0,1,0,0,0,0,0,4,0,,67,6,2006,7,39.9873,-75.1473,1847.0,6,0,0,0,0,0,0,0,0,,0,0,0,18,1,1,2,,0.0,39 59:14.287,,0,75 08:50.276,4,0,0,0,67301,1,0,0,N,0,0,0,2,67301,1,,1,1,,N,N,,0,,0,0,0,0,0,,1847,1,2,0,0,0,0,0,3,4,0,1,3,,N,,,,,,,,,,,
2006081022,1603.0,1,0,0,0,0,0,0,0,0,8,0,,67,7,2006,5,39.9889,-75.126,1602.0,6,0,0,0,1,0,0,0,0,,0,0,0,15,1,1,0,,0.0,39 59:19.874,,0,75 07:33.538,4,0,0,0,67301,1,0,0,N,1,0,0,2,67301,1,,1,1,,N,N,,0,,0,0,0,0,0,,1557,1,2,0,0,0,0,0,3,4,0,1,3,,N,,,,,,,,,,,
2006081024,905.0,1,0,0,0,0,0,0,0,0,4,0,,67,6,2006,5,39.924,-75.2455,857.0,6,0,0,0,0,0,0,0,0,,0,0,0,7,1,1,0,,0.0,39 55:26.000,,0,75 14:44.198,3,0,0,0,67301,0,0,0,N,0,0,0,2,67301,0,,1,1,,N,N,,0,,1,0,1,3,2,,730,1,2,0,0,0,0,0,3,4,0,2,3,,N,,,,,,,,,,,
2006081488,337.0,2,0,0,0,0,0,0,0,0,4,0,,67,7,2006,1,,,332.0,6,0,0,0,0,0,0,0,0,1.0,0,0,0,3,3,0,0,,1.0,,3.0,0,,0,0,0,0,67301,0,0,0,N,0,0,0,5,67301,0,,1,1,,N,N,,0,,0,0,0,0,0,N,330,0,2,0,0,0,0,0,3,3,0,2,3,,N,,,,,,,,,,,
2006081496,204.0,0,0,0,0,0,0,0,0,0,7,0,,67,6,2006,4,39.9785,-75.1107,9999.0,6,0,0,0,0,0,0,0,0,1.0,0,0,0,2,3,0,0,,2.0,39 58:42.560,2.0,0,75 06:38.423,0,0,0,0,67301,0,0,0,N,0,0,0,1,67301,0,,3,9,,N,N,,0,,0,0,1,0,0,N,204,0,1,0,0,0,0,0,3,4,0,1,7,,N,,,,,,,,,,,
2006081418,1305.0,1,0,0,0,0,0,0,0,0,8,0,,67,7,2006,6,,,1300.0,6,0,0,0,0,0,0,0,0,,0,0,0,11,1,1,1,,0.0,,,0,,4,0,0,0,67301,1,0,0,N,1,0,0,2,67301,1,,1,1,,N,N,,0,,0,0,0,3,2,,1100,1,2,0,0,0,0,1,3,3,0,1,3,,N,,,,,,,,,,,
2006114109,1828.0,2,0,0,0,0,0,0,0,0,1,0,,67,10,2006,4,,,1824.0,6,0,0,0,0,0,0,0,0,,0,0,0,18,3,2,0,,0.0,,,0,,8,0,0,0,67301,0,0,0,N,0,0,0,3,67301,0,,1,1,,N,N,,0,,0,0,0,2,2,,1820,2,2,0,0,1,2,0,3,3,0,2,3,,N,,,,,,,,,,,
2006102061,1849.0,3,0,0,0,0,0,0,0,0,1,0,,67,7,2006,6,,,1843.0,6,0,0,0,0,0,0,0,0,4.0,0,0,0,18,1,4,1,,2.0,,7.0,0,,2,0,0,0,67301,0,0,0,N,0,0,0,4,67301,1,,1,9,,N,N,,0,,2,1,0,3,2,Y,1843,4,3,0,1,3,0,0,3,3,0,3,7,,N,,,,,,,,,,,
2006101793,1635.0,0,0,0,0,0,0,0,0,0,8,0,,67,7,2006,3,,,1629.0,6,0,0,0,0,0,0,0,0,,0,0,0,16,1,1,2,,0.0,,,0,,3,0,0,0,67301,1,0,0,N,1,0,0,2,67301,0,,1,1,,N,N,,1,,1,0,0,0,0,,1625,1,2,0,0,0,0,0,3,3,0,1,3,,N,,,,,,,,,,,
2006104280,1558.0,2,0,0,0,0,0,0,0,0,4,0,,67,9,2006,4,39.95,-75.163,1534.0,6,0,0,0,1,0,1,0,0,,0,0,0,14,1,0,1,,0.0,39 56:59.866,,0,75 09:46.799,0,0,0,0,67301,0,0,0,N,0,0,0,2,67301,0,,1,1,,N,N,,0,,0,0,0,3,3,,1447,0,2,0,0,0,0,0,3,4,0,2,3,,N,,,,,,,,,,,
2006104285,1130.0,1,0,0,0,0,0,0,0,0,4,0,,67,9,2006,1,39.9866,-75.0944,9999.0,6,0,0,0,0,0,0,0,0,,0,0,0,11,1,0,1,,0.0,39 59:11.923,,0,75 05:39.698,9,0,0,0,67301,0,0,0,N,0,0,0,3,67301,0,,5,1,,N,N,,0,,0,0,0,9,3,,1127,0,2,0,0,0,0,3,3,4,1,2,3,,N,,,,,,,,,,,
2006104306,1950.0,1,0,0,0,0,0,0,0,0,8,0,,67,9,2006,7,39.9984,-75.1215,1945.0,6,0,0,0,0,0,0,0,0,,0,0,0,19,4,1,0,,0.0,39 59:54.186,,0,75 07:17.554,4,0,0,0,67301,1,0,0,N,1,0,0,2,67301,1,,1,1,,N,N,,0,,0,0,0,0,0,,1940,1,2,0,0,0,0,0,3,4,0,1,3,,N,,,,,,,,,,,
2006101836,920.0,2,0,0,0,0,0,0,0,0,4,0,,67,9,2006,5,40.0077,-75.0761,910.0,6,0,0,0,0,0,0,0,0,,0,0,0,9,1,0,1,,0.0,40 00:27.000,,0,75 04:33.600,0,0,0,0,67301,0,0,0,N,0,0,0,2,67301,0,,1,1,,N,N,,0,,0,0,0,3,2,,905,0,2,0,0,0,0,0,3,4,0,2,3,,N,,,,,,,,,,,
2006065984,620.0,3,0,0,0,0,0,0,0,0,1,0,,67,5,2006,4,39.9552,-75.1777,618.0,6,0,0,0,0,0,0,0,0,,0,0,0,6,1,2,0,,0.0,39 57:18.000,,3,75 10:39.740,8,0,0,0,67301,0,0,0,,0,0,0,3,67301,0,,1,1,,,,,0,,0,0,0,0,0,,617,2,3,0,0,0,2,0,3,4,0,3,3,,N,,,,,,,,,,,
2006080595,45.0,0,0,0,0,0,0,0,0,0,0,0,,67,7,2006,2,39.956,-75.1416,39.0,6,0,0,0,0,1,0,0,0,1.0,0,0,0,0,3,1,7,,2.0,39 57:21.000,4.0,2,75 08:29.701,4,0,0,1,67301,0,0,0,N,0,0,0,1,67301,1,,1,1,,N,N,,0,,0,0,0,9,8,Y,35,1,1,0,0,0,0,0,3,4,0,1,3,,N,,,,,,,,,,,
2006083057,309.0,1,0,0,0,0,0,0,0,0,1,0,,67,5,2006,1,39.974,-75.194,305.0,6,0,0,0,0,0,0,0,0,1.0,0,0,0,3,3,3,2,,1.0,39 58:31.080,4.0,0,75 11:39.840,3,0,0,0,67301,0,0,0,N,0,0,0,4,67301,2,,1,1,,N,N,,0,,1,0,0,0,0,N,304,3,2,0,0,0,0,0,3,4,0,1,3,,N,,,,,,,,,,,
2006083062,430.0,1,0,0,0,0,0,0,0,0,7,0,,67,6,2006,3,,,425.0,6,0,0,0,0,0,0,0,0,,0,0,0,4,3,0,0,,0.0,,,0,,0,0,0,0,67301,0,0,0,N,0,0,0,5,67301,0,,3,9,,N,N,,0,,0,0,0,0,0,,400,0,1,0,0,0,0,0,3,3,0,1,3,,N,,,,,,,,,,,
2006080819,1259.0,2,0,0,0,0,0,0,0,0,4,0,,67,6,2006,1,,,1249.0,6,0,0,0,0,0,0,0,0,,0,0,0,99,3,3,1,,0.0,,,0,,8,0,0,0,67301,0,0,0,N,0,0,0,6,67301,0,,1,1,,N,N,,0,,0,0,0,0,0,,9999,3,2,0,0,0,3,0,3,3,0,2,3,,N,,,,,,,,,,,
2006080835,1128.0,0,0,0,0,0,0,0,0,0,4,0,,67,6,2006,3,39.9571,-75.1511,1125.0,6,0,0,0,0,0,0,0,1,,0,0,0,11,1,0,1,,0.0,39 57:25.000,,0,75 09:04.052,0,0,0,0,67301,0,0,0,N,0,0,0,6,67301,0,,1,1,,N,N,,0,,0,0,1,3,2,,1122,0,2,0,0,0,0,0,3,4,1,2,3,,N,,,,,,,,,,,
2006080870,240.0,2,0,0,0,0,0,0,0,0,4,0,,67,7,2006,7,,,234.0,6,0,0,0,0,0,0,0,0,,0,0,0,2,3,1,0,,0.0,,,0,,3,0,0,0,67301,0,0,0,N,0,0,0,2,67301,0,,5,1,,N,N,,0,,1,0,0,0,0,,230,1,2,0,0,0,0,0,3,3,0,2,3,,N,,,,,,,,,,,
2006021597,705.0,1,0,0,0,0,0,0,0,0,8,0,,67,1,2006,2,40.0624,-75.0427,650.0,6,0,0,0,0,0,0,0,0,1.0,0,0,0,6,1,1,1,,1.0,40 03:44.000,2.0,0,75 02:34.983,3,0,0,0,67301,1,0,0,N,1,0,0,2,67301,0,,1,1,,N,N,,0,,1,0,0,3,2,N,650,1,2,0,0,0,0,0,3,4,0,1,3,,N,,,,,,,,,,,
2006103809,1122.0,1,0,0,0,0,0,0,0,0,8,0,,67,8,2006,3,,,1119.0,6,0,0,0,0,0,0,0,0,,0,0,0,12,1,1,1,,0.0,,,0,,2,0,0,0,67301,1,0,1,N,1,0,1,2,67301,0,,1,1,,N,N,,0,,0,1,0,3,2,,1200,1,2,0,0,0,0,0,3,3,0,1,3,,N,,,,,,,,,,,
2006103812,635.0,2,0,0,0,0,0,0,0,0,1,0,,67,9,2006,4,39.9566,-75.198,630.0,6,0,0,0,0,0,0,0,1,,0,0,0,6,1,1,1,,0.0,39 57:24.000,,0,75 11:52.898,8,0,0,0,67301,0,0,0,N,0,0,0,4,67301,0,,1,1,,N,N,,0,,0,0,0,3,2,,630,1,2,0,0,0,1,0,3,4,0,2,3,,N,,,,,,,,,,,
2006125464,1250.0,0,0,0,0,0,0,0,0,0,4,0,,67,11,2006,1,40.0332,-75.0378,1245.0,6,0,0,0,0,0,0,0,0,,0,0,0,12,1,1,1,,0.0,40 01:59.000,,0,75 02:16.250,8,0,0,0,67301,0,0,0,N,0,0,0,2,67301,0,,1,1,,N,N,,1,,0,0,1,3,2,,1240,1,2,0,0,0,1,0,3,4,0,2,3,,N,,,,,,,,,,,
2006125328,1637.0,0,0,0,0,0,0,0,0,0,8,0,,67,11,2006,3,40.0879,-74.9731,1633.0,6,0,0,0,0,0,0,0,0,,0,0,0,14,1,1,2,,0.0,40 05:16.400,,0,74 58:23.228,8,0,0,0,67301,1,0,0,N,1,0,0,6,67301,0,,1,1,,N,N,,0,,0,0,1,3,3,,1433,1,2,0,0,0,1,0,3,4,0,1,3,,N,,,,,,,,,,,
2006125329,1210.0,2,0,0,0,0,0,0,0,0,4,0,,67,11,2006,7,40.1141,-74.9877,1202.0,6,0,0,0,0,0,1,0,0,2.0,0,0,0,12,1,1,1,,1.0,40 06:50.000,1.0,0,74 59:15.144,8,0,0,0,67301,0,0,0,N,0,0,0,4,67301,0,,1,1,,N,N,,0,,0,0,0,3,2,N,1200,1,2,0,0,0,1,0,3,4,0,2,3,,N,,,,,,,,,,,
2006125364,2255.0,3,0,0,0,0,0,0,0,0,1,0,,67,10,2006,6,39.9597,-75.1809,2246.0,6,0,0,1,0,0,0,0,0,2.0,0,0,0,22,3,1,0,,2.0,39 57:34.858,4.0,0,75 10:51.114,4,0,0,0,67301,0,0,0,N,0,0,0,9,67301,1,,1,9,,N,N,,0,,0,0,1,0,0,N,2245,1,4,0,0,0,0,0,3,4,0,4,7,,N,,,,,,,,,,,