CRN,ARRIVAL_TM,AUTOMOBILE_COUNT,BELTED_DEATH_COUNT,BELTED_SUSP_SERIOUS_INJ_COUNT,BICYCLE_COUNT,BICYCLE_DEATH_COUNT,BICYCLE_SUSP_SERIOUS_INJ_COUNT,BUS_COUNT,CHLDPAS_DEATH_COUNT,CHLDPAS_SUSP_SERIOUS_INJ_COUNT,COLLISION_TYPE,COMM_VEH_COUNT,CONS_ZONE_SPD_LIM,COUNTY,CRASH_MONTH,CRASH_YEAR,DAY_OF_WEEK,DEC_LAT,DEC_LONG,DISPATCH_TM,DISTRICT,DRIVER_COUNT_16YR,DRIVER_COUNT_17YR,DRIVER_COUNT_18YR,DRIVER_COUNT_19YR,DRIVER_COUNT_20YR,DRIVER_COUNT_50_64YR,DRIVER_COUNT_65_74YR,DRIVER_COUNT_75PLUS,EST_HRS_CLOSED,FATAL_COUNT,HEAVY_TRUCK_COUNT,HORSE_BUGGY_COUNT,HOUR_OF_DAY,ILLUMINATION,INJURY_COUNT,INTERSECT_TYPE,INTERSECTION_RELATED,LANE_CLOSED,LATITUDE,LN_CLOSE_DIR,LOCATION_TYPE,LONGITUDE,MAX_SEVERITY_LEVEL,MCYCLE_DEATH_COUNT,MCYCLE_SUSP_SERIOUS_INJ_COUNT,MOTORCYCLE_COUNT,MUNICIPALITY,NONMOTR_COUNT,NONMOTR_DEATH_COUNT,NONMOTR_SUSP_SERIOUS_INJ_COUNT,NTFY_HIWY_MAINT,PED_COUNT,PED_DEATH_COUNT,PED_SUSP_SERIOUS_INJ_COUNT,PERSON_COUNT,POLICE_AGCY,POSSIBLE_INJ_COUNT,RDWY_SURF_TYPE_CD,RELATION_TO_ROAD,ROAD_CONDITION,ROADWAY_CLEARED,SCH_BUS_IND,SCH_ZONE_IND,SECONDARY_CRASH,SMALL_TRUCK_COUNT,SPEC_JURIS_CD,SUSP_MINOR_INJ_COUNT,SUSP_SERIOUS_INJ_COUNT,SUV_COUNT,TCD_FUNC_CD,TCD_TYPE,TFC_DETOUR_IND,TIME_OF_DAY,TOT_INJ_COUNT,TOTAL_UNITS,UNB_DEATH_COUNT,UNB_SUSP_SERIOUS_INJ_COUNT,UNBELTED_OCC_COUNT,UNK_INJ_DEG_COUNT,UNK_INJ_PER_COUNT,URBAN_AREA,URBAN_RURAL,VAN_COUNT,VEHICLE_COUNT,WEATHER1,WEATHER2,WORK_ZONE_IND,WORK_ZONE_LOC,WORK_ZONE_TYPE,WORKERS_PRES,WZ_CLOSE_DETOUR,WZ_FLAGGER,WZ_LAW_OFFCR_IND,WZ_LN_CLOSURE,WZ_MOVING,WZ_OTHER,WZ_SHLDER_MDN,WZ_WORKERS_INJ_KILLED
2006082599,310.0,1,0,0,0,0,0,0,0,0,7,0,,67,7,2006,2,,,302.0,6,0,0,0,0,0,0,0,0,1.0,0,0,0,3,3,1,0,,1.0,,4.0,0,,3,0,0,0,67301,0,0,0,N,0,0,0,1,67301,0,,2,9,,N,N,,0,,1,0,0,0,0,N,300,1,1,0,0,1,0,0,3,3,0,1,7,,N,,,,,,,,,,,
2006082601,1122.0,1,0,0,0,0,0,0,0,0,1,0,,67,7,2006,2,,,1120.0,6,0,0,0,0,0,0,0,1,1.0,0,0,0,11,1,8,0,,1.0,,4.0,0,,4,0,0,0,67301,0,0,0,N,0,0,0,8,67301,6,,1,1,,N,N,,0,,0,0,0,0,0,N,1115,8,2,0,0,0,2,0,3,3,1,2,3,,N,,,,,,,,,,,
2006082633,1954.0,1,0,0,0,0,0,0,0,0,4,0,,67,7,2006,1,40.0444,-75.1435,1951.0,6,0,0,0,0,0,0,0,0,,0,0,0,19,3,3,2,,0.0,40 02:39.900,,0,75 08:36.425,4,0,0,0,67301,0,0,0,N,0,0,0,6,67301,3,,1,9,,N,N,,0,,0,0,0,2,3,,1921,3,2,0,0,0,0,1,3,4,1,2,7,,N,,,,,,,,,,,
2006115675,2022.0,2,0,0,0,0,0,0,0,0,4,0,,67,10,2006,4,39.8933,-75.2361,2012.0,6,0,0,0,0,0,0,0,0,,0,0,0,20,3,1,2,,0.0,39 53:35.000,,0,75 14:09.824,3,0,0,0,67301,0,0,0,N,0,0,0,2,67301,0,,1,9,,N,N,,0,,1,0,0,3,3,,2008,1,2,0,0,2,0,0,3,4,0,2,7,,N,,,,,,,,,,,
2006125258,1225.0,3,0,0,0,0,0,0,0,0,1,0,,67,10,2006,1,40.0606,-75.0823,1222.0,6,0,0,0,0,1,1,0,0,2.0,0,0,0,12,1,0,1,,1.0,40 03:38.000,4.0,0,75 04:56.238,0,0,0,0,67301,0,0,0,N,0,0,0,3,67301,0,,1,1,,N,N,,0,,0,0,0,3,2,Y,1215,0,3,0,0,0,0,0,3,4,0,3,3,,N,,,,,,,,,,,
2006068244,1154.0,0,0,0,0,0,0,0,0,0,7,0,,67,5,2006,2,40.0205,-75.1548,1140.0,6,0,0,0,0,0,0,0,0,,0,0,0,11,1,2,0,,0.0,40 01:13.000,,0,75 09:17.860,8,0,0,0,67301,0,0,0,N,0,0,0,2,67301,0,,2,9,,N,N,,0,,0,0,1,0,0,,1140,2,1,0,0,0,2,0,3,4,0,1,3,,N,,,,,,,,,,,
2006095988,1726.0,2,0,0,0,0,0,0,0,0,1,0,,67,8,2006,3,40.0446,-75.1931,1726.0,6,0,0,0,0,0,0,1,0,,0,0,0,16,1,0,0,,0.0,40 02:40.200,,0,75 11:35.160,0,0,0,0,67301,0,0,0,,0,0,0,5,67301,0,,1,1,,N,N,,1,,0,0,1,0,0,,1640,0,4,0,0,0,0,0,3,4,0,4,3,,N,,,,,,,,,,,
2006112812,8.0,6,0,0,0,0,0,0,0,0,2,0,,67,10,2006,4,40.0668,-75.1505,3.0,6,0,0,0,0,0,0,0,0,,0,0,0,23,3,0,0,,0.0,40 04:00.440,,0,75 09:01.958,0,0,0,0,67301,0,0,0,N,0,0,0,2,67301,0,,6,9,,N,N,,0,,0,0,2,0,0,,2340,0,8,0,0,0,0,0,3,4,0,8,7,,N,,,,,,,,,,,
2006125429,1327.0,1,0,0,0,0,0,0,0,0,6,0,,67,11,2006,5,40.0169,-75.1495,1324.0,6,0,0,0,0,0,0,0,0,3.0,0,0,0,13,1,2,1,,2.0,40 01:01.000,2.0,0,75 08:58.575,3,0,0,0,67301,0,0,0,Y,0,0,0,4,67301,0,,1,1,,N,N,,0,,1,0,0,3,2,Y,1310,2,2,0,0,0,1,1,3,4,1,2,3,,N,,,,,,,,,,,
2006124276,652.0,1,0,0,1,0,0,0,0,0,5,0,,67,10,2006,6,,,651.0,6,0,0,0,0,0,0,0,0,,0,0,0,6,1,1,0,,0.0,,,0,,8,0,0,0,67301,1,0,0,N,0,0,0,3,67301,0,,1,1,,N,N,,0,,0,0,0,0,0,,647,1,2,0,0,0,1,0,3,3,0,1,3,,N,,,,,,,,,,,
2006115113,1130.0,1,0,0,0,0,0,0,0,0,1,0,,67,10,2006,3,40.0211,-75.1399,1127.0,6,0,0,0,0,0,0,0,0,,0,0,0,9,1,1,1,,0.0,40 01:15.000,,0,75 08:24.542,4,0,0,0,67301,0,0,0,N,0,0,0,2,67301,1,,1,1,,N,N,,1,,0,0,0,3,2,,945,1,2,0,0,0,0,0,3,4,0,2,3,,N,,,,,,,,,,,
2006114810,9999.0,2,0,0,0,0,0,0,0,0,1,0,,67,10,2006,7,40.0077,-75.1915,501.0,6,0,0,0,0,0,0,0,0,2.0,0,0,0,4,3,3,0,,2.0,40 00:28.000,1.0,0,75 11:28.526,8,0,0,0,67301,0,0,0,,0,0,0,3,67301,0,,1,1,,,,,0,,0,0,0,0,0,Y,450,3,2,0,0,0,3,0,3,4,0,2,3,,N,,,,,,,,,,,
2006116557,2314.0,0,0,0,0,0,0,0,0,0,7,0,,67,10,2006,6,40.0458,-75.1926,2310.0,6,0,0,0,0,0,0,0,0,,0,0,0,23,3,0,0,,0.0,40 02:44.000,,0,75 11:33.153,0,0,0,0,67301,0,0,0,,0,0,0,1,67301,0,,5,1,,,,,0,,0,0,1,0,0,,2306,0,1,0,0,0,0,0,3,4,0,1,3,,N,,,,,,,,,,,
2006105103,2303.0,2,0,0,0,0,0,0,0,0,4,0,,67,9,2006,7,40.0356,-75.0271,2258.0,6,0,0,0,0,1,1,0,0,,0,0,0,22,6,2,0,,0.0,40 02:08.116,,0,75 01:37.639,4,0,0,0,67301,0,0,0,N,0,0,0,4,67301,2,,1,9,,N,N,,0,,0,0,0,0,0,,2245,2,2,0,0,0,0,0,3,4,0,2,7,,N,,,,,,,,,,,
2006105168,1310.0,1,0,0,0,0,0,0,0,0,1,0,,67,8,2006,4,40.0406,-75.0988,1300.0,6,0,0,0,0,0,0,0,0,9.0,0,0,0,12,1,2,1,,1.0,40 02:26.120,2.0,0,75 05:55.834,4,0,0,0,67301,0,0,0,N,0,0,0,3,67301,2,,1,1,,N,N,,1,,0,0,0,0,0,N,1250,2,2,0,0,0,0,0,3,4,0,2,3,,N,,,,,,,,,,,
2006126211,452.0,1,0,0,0,0,0,0,0,0,7,0,,67,11,2006,7,40.0197,-75.0809,452.0,6,0,0,1,0,0,0,0,0,1.0,0,0,0,4,3,1,2,,1.0,40 01:11.000,2.0,0,75 04:51.205,3,0,0,0,67301,0,0,0,N,0,0,0,1,67301,0,,3,1,,N,N,,0,,1,0,0,0,0,Y,452,1,1,0,0,0,0,0,3,4,0,1,3,,N,,,,,,,,,,,
2006123995,1608.0,2,0,0,0,0,0,0,0,0,2,0,,67,10,2006,4,40.0412,-75.1156,1602.0,6,0,0,0,0,0,1,0,0,2.0,0,0,0,15,1,1,2,,1.0,40 02:28.377,3.0,0,75 06:56.005,8,0,0,0,67301,0,0,0,N,0,0,0,3,67301,0,,1,9,,N,N,,0,,0,0,0,3,2,N,1525,1,2,0,0,0,1,0,3,4,0,2,7,,N,,,,,,,,,,,
2006054536,2335.0,2,0,0,0,0,0,0,0,0,4,0,,67,4,2006,2,40.0899,-74.9842,2330.0,6,0,0,0,0,0,0,0,0,,0,0,0,23,3,0,2,,0.0,40 05:23.000,,0,74 59:02.352,0,0,0,0,67301,0,0,0,,0,0,0,5,67301,0,,1,1,,,,,1,,0,0,0,0,0,,2325,0,3,0,0,0,0,0,3,4,0,3,3,,N,,,,,,,,,,,
2006080917,9999.0,3,0,0,0,0,0,0,0,0,4,0,,67,6,2006,4,40.0958,-74.9912,9999.0,6,0,0,0,0,0,0,0,0,,0,0,0,99,1,1,2,,0.0,40 05:44.901,,0,74 59:28.492,4,0,0,0,67301,0,0,0,N,0,0,0,3,67301,1,,1,1,,N,N,,0,,0,0,0,3,2,,9999,1,3,0,0,0,0,0,3,4,0,3,3,,N,,,,,,,,,,,
2006080923,1.0,2,0,0,0,0,0,0,0,0,6,0,,67,6,2006,6,39.9606,-75.1414,0.0,6,0,0,0,0,0,0,0,0,,0,0,0,23,3,1,1,,0.0,39 57:38.000,,0,75 08:28.960,8,0,0,0,67301,0,0,0,N,0,0,0,3,67301,0,,1,9,,N,N,,0,,0,0,0,3,2,,2357,1,2,0,0,0,1,0,3,4,0,2,7,,N,,,,,,,,,,,
2006080929,0.0,1,0,0,0,0,0,0,0,0,4,0,40.0,67,5,2006,1,40.0976,-74.9847,20.0,6,0,0,0,0,0,0,0,0,2.0,0,0,0,0,2,0,0,,2.0,40 05:51.000,3.0,0,74 59:04.108,0,0,0,0,67301,1,0,0,N,0,0,0,4,67301,0,,1,1,,N,N,,0,,0,0,3,0,0,Y,20,0,4,0,0,0,0,0,3,4,0,4,3,,Y,4.0,1.0,N,,,N,,,,Y,
2006080931,625.0,2,0,0,0,0,0,0,0,0,1,0,,67,5,2006,2,40.0743,-75.0348,617.0,6,0,0,0,0,0,0,0,0,,0,0,0,6,1,1,1,,0.0,40 04:26.000,,0,75 02:05.075,8,0,0,0,67301,0,0,0,N,0,0,0,2,67301,0,,1,1,,N,N,,0,,0,0,0,3,2,,605,1,2,0,0,0,1,0,3,4,0,2,3,,N,,,,,,,,,,,
2006096565,1620.0,0,0,0,1,0,0,0,0,0,1,0,,67,7,2006,7,,,1623.0,6,0,0,0,0,0,0,1,0,,0,0,0,16,1,1,1,,0.0,,,0,,4,0,0,0,67301,1,0,0,N,0,0,0,2,67301,1,,1,9,,N,,,1,,0,0,0,3,3,,1610,1,2,0,0,1,0,0,3,3,0,1,7,,N,,,,,,,,,,,
2006096648,1540.0,0,0,0,0,0,0,0,0,0,8,0,,67,8,2006,3,39.9361,-75.2273,1534.0,6,0,0,0,0,0,0,0,0,,0,0,0,15,1,1,0,,0.0,39 56:09.967,,0,75 13:38.190,8,0,0,0,67301,1,0,0,N,1,0,0,2,67301,0,,1,1,,N,N,,1,,0,0,0,0,0,,1534,1,2,0,0,1,1,0,3,4,0,1,3,,N,,,,,,,,,,,
2006102075,52.0,4,0,0,0,0,0,0,0,0,4,0,,67,9,2006,6,40.0291,-75.1053,29.0,6,0,0,1,0,0,0,0,0,,0,0,0,0,3,1,1,,0.0,40 01:44.000,,0,75 06:19.204,3,0,0,0,67301,0,0,0,N,0,0,0,2,67301,0,,1,1,,N,N,,0,,1,0,0,3,2,,29,1,4,0,0,0,0,0,3,4,0,4,3,,N,,,,,,,,,,,
2006096430,1942.0,1,0,0,1,0,0,0,0,0,8,0,,67,8,2006,5,,,1940.0,6,0,0,0,0,0,0,1,0,,0,0,0,14,1,1,2,,0.0,,,0,,4,0,0,0,67301,1,0,0,N,0,0,0,2,67301,1,,1,2,,N,N,,0,,0,0,0,0,0,,1425,1,2,0,0,1,0,0,3,3,0,1,5,,N,,,,,,,,,,,
2006104252,1230.0,1,0,0,0,0,0,0,0,0,8,0,,67,8,2006,3,40.033,-75.0485,1223.0,6,0,0,0,0,0,0,0,0,,0,0,0,12,1,1,0,,0.0,40 01:58.000,,0,75 02:54.524,8,0,0,0,67301,1,0,0,N,1,0,0,3,67301,0,,6,1,,N,N,,0,,0,0,0,0,0,,1215,1,2,0,0,0,1,2,3,4,0,1,3,,N,,,,,,,,,,,
2006104259,1736.0,2,0,0,0,0,0,0,0,0,1,0,,67,9,2006,6,40.0427,-75.1219,1731.0,6,0,0,0,0,0,0,0,0,,0,0,0,16,1,3,1,,0.0,40 02:33.730,,0,75 07:18.764,8,0,0,0,67301,0,0,0,,0,0,0,3,67301,0,,2,1,,,,,1,,0,0,0,9,3,,1640,3,3,0,0,0,3,0,3,4,0,3,3,,N,,,,,,,,,,,
2006101612,2058.0,1,0,0,0,0,0,1,0,0,8,1,,67,9,2006,4,,,2058.0,6,0,0,0,0,0,1,0,0,3.0,1,0,0,20,3,1,0,,2.0,,5.0,0,,1,0,0,0,67301,1,1,0,,1,1,0,7,67301,0,2.0,1,1,,,,,0,0.0,0,0,0,0,0,Y,2050,1,3,0,0,0,1,0,3,3,0,2,3,,N,,,,,,,,,,,
2006097884,2239.0,1,0,0,0,0,0,0,0,0,7,0,,67,9,2006,3,,,2235.0,6,0,0,0,0,0,0,0,0,,0,0,0,22,3,0,0,,0.0,,,0,,0,0,0,0,67301,0,0,0,N,0,0,0,1,67501,0,,2,9,,N,,,0,,0,0,0,3,8,,2235,0,1,0,0,0,0,0,3,3,0,1,7,,N,,,,,,,,,,,
2006065997,120.0,2,0,0,0,0,0,0,0,0,4,0,,67,5,2006,7,40.0287,-75.0424,120.0,6,0,0,0,0,0,0,0,0,,0,0,0,1,3,0,1,,0.0,40 01:43.190,,0,75 02:32.729,0,0,0,0,67301,0,0,0,N,0,0,0,3,67301,0,,1,1,,N,N,,1,,0,0,0,3,3,,109,0,3,0,0,0,0,0,3,4,0,3,3,,N,,,,,,,,,,,
2006082644,0.0,0,0,0,0,0,0,0,0,0,8,0,,67,7,2006,4,39.954,-75.1767,0.0,6,0,0,0,0,1,0,0,0,,0,0,0,23,3,1,1,,0.0,39 57:14.000,,0,75 10:36.055,4,0,0,0,67301,1,0,0,N,1,0,0,2,67301,1,,1,9,,N,N,,0,,0,0,1,3,2,,2358,1,2,0,0,0,0,0,3,4,0,1,7,,N,,,,,,,,,,,
2006082657,2140.0,1,0,0,1,0,0,0,0,0,5,0,,67,7,2006,5,40.0132,-75.0711,2137.0,6,0,0,0,0,0,0,0,0,,0,0,0,20,4,1,0,,0.0,40 00:47.352,,0,75 04:16.080,4,0,0,0,67301,1,0,0,N,0,0,0,2,67301,1,,1,1,,N,N,,0,,0,0,0,0,0,,2012,1,2,0,0,0,0,0,3,4,0,1,3,,N,,,,,,,,,,,
2006082666,9999.0,2,0,0,0,0,0,0,0,0,1,0,,67,6,2006,5,,,1509.0,6,0,0,0,0,0,1,0,0,,0,0,0,99,1,1,2,,0.0,,,0,,4,0,0,0,67301,0,0,0,N,0,0,0,4,67301,1,,1,1,,N,N,,0,,0,0,0,3,3,,9999,1,2,0,0,1,0,2,3,3,0,2,3,,N,,,,,,,,,,,
2006080688,1824.0,2,0,0,0,0,0,0,0,0,2,0,,67,7,2006,7,40.0945,-75.015,1815.0,6,0,0,0,0,0,0,0,1,1.0,0,0,0,18,1,2,1,,1.0,40 05:40.000,4.0,0,75 00:53.758,4,0,0,0,67301,0,0,0,N,0,0,0,5,67301,2,,1,1,,N,N,,0,,0,0,0,3,2,N,1815,2,2,0,0,2,0,2,3,4,0,2,3,,N,,,,,,,,,,,
2006080705,1228.0,1,0,0,0,0,0,1,0,0,5,1,,67,7,2006,2,39.9907,-75.1779,1216.0,6,0,0,0,0,0,1,0,0,,0,0,0,12,1,1,0,,0.0,39 59:26.539,,0,75 10:40.281,8,0,0,0,67301,0,0,0,N,0,0,0,4,67301,0,,1,1,,N,N,,0,,0,0,0,0,0,,1210,1,2,0,0,0,1,2,3,4,0,2,3,,N,,,,,,,,,,,
2006080711,1552.0,2,0,0,0,0,0,0,0,0,5,0,,67,7,2006,6,,,1552.0,6,0,0,0,0,1,0,0,0,,0,0,0,15,1,1,0,,0.0,,,0,,8,0,0,0,67301,1,0,0,N,0,0,0,3,67301,0,,1,1,,N,N,,1,,0,0,0,0,0,,1549,1,3,0,0,0,1,0,3,3,0,3,3,,N,,,,,,,,,,,
2006080267,1227.0,1,0,0,0,0,0,0,0,0,3,1,,67,5,2006,6,40.0402,-75.0444,1225.0,6,0,0,0,0,0,0,0,0,,0,1,0,12,1,0,3,,0.0,40 02:24.756,,0,75 02:39.821,0,0,0,0,67301,0,0,0,N,0,0,0,2,67301,0,,1,1,,N,N,,0,,0,0,0,3,3,,1221,0,2,0,0,0,0,0,3,4,0,2,3,,N,,,,,,,,,,,
2006080276,750.0,2,0,0,0,0,0,0,0,0,1,0,,67,6,2006,2,40.0205,-75.1542,736.0,6,0,0,0,0,0,1,0,0,1.0,0,0,0,7,1,1,6,,1.0,40 01:14.160,2.0,2,75 09:15.480,8,0,0,0,67301,0,0,0,N,0,0,0,2,67301,0,,1,9,,N,N,,0,,0,0,0,0,0,N,735,1,2,0,0,0,1,0,3,4,0,2,7,,N,,,,,,,,,,,
2006080834,1406.0,2,0,2,0,0,0,0,0,0,4,0,,67,6,2006,7,39.9577,-75.1624,1404.0,6,0,0,0,0,0,0,0,1,,0,0,0,13,1,2,1,,0.0,39 57:27.000,,0,75 09:44.119,2,0,0,0,67301,0,0,0,N,0,0,0,3,67301,0,,1,1,,N,N,,0,,0,2,0,3,2,,1357,2,2,0,0,0,0,0,3,4,0,2,3,,N,,,,,,,,,,,
2006083091,1705.0,3,0,0,0,0,0,0,0,0,4,0,,67,6,2006,5,39.9247,-75.182,1655.0,6,0,0,1,0,0,0,0,0,,0,0,0,16,1,2,1,,0.0,39 55:28.952,,0,75 10:55.160,8,0,0,0,67301,0,0,0,,0,0,0,2,67301,0,,1,1,,,,,0,,0,0,0,3,2,,1650,2,3,0,0,0,2,0,3,4,0,3,3,,N,,,,,,,,,,,
2006083007,1928.0,0,0,0,0,0,0,0,0,0,1,0,,67,6,2006,3,40.0272,-75.0989,1928.0,6,0,0,0,0,0,0,0,0,1.0,0,1,0,18,3,1,1,,1.0,40 01:39.000,1.0,0,75 05:57.216,4,0,0,0,67301,0,0,0,Y,0,0,0,3,67301,1,,1,98,,N,N,,0,,0,0,1,3,2,N,1830,1,3,0,0,3,0,0,3,4,1,3,99,,N,,,,,,,,,,,
2006021647,326.0,1,0,0,0,0,0,0,0,0,1,0,,67,1,2006,1,,,316.0,6,0,0,0,1,0,0,0,0,9.0,0,0,0,99,3,0,0,,1.0,,3.0,0,,0,0,0,0,67301,0,0,0,N,0,0,0,5,67301,0,,1,1,,N,N,,0,,0,0,1,0,0,N,9999,0,2,0,0,0,0,0,3,3,0,2,3,,N,,,,,,,,,,,
2006103813,1615.0,0,0,0,0,0,0,0,0,0,8,0,,67,9,2006,2,,,1608.0,6,0,0,0,0,0,1,0,0,,0,0,0,16,1,1,2,,0.0,,,0,,4,0,0,0,67301,1,0,0,N,1,0,0,2,67301,1,,1,1,,N,N,,0,,0,0,1,3,3,,1608,1,2,0,0,0,0,0,3,3,0,1,3,,N,,,,,,,,,,,
2006125471,1654.0,2,0,0,0,0,0,0,0,0,4,0,,67,11,2006,5,40.122,-75.0161,1650.0,6,1,0,0,0,0,1,0,0,,0,0,0,16,1,1,0,,0.0,40 07:19.000,,0,75 00:58.051,4,0,0,0,67301,0,0,0,N,0,0,0,4,67301,1,,1,1,,N,N,,0,,0,0,0,0,0,,1648,1,2,0,0,0,0,0,3,4,0,2,3,,N,,,,,,,,,,,
2006125348,1030.0,1,0,0,0,0,0,0,0,0,8,0,,67,9,2006,6,40.0537,-75.1414,1021.0,6,0,0,0,0,0,1,0,0,,0,0,0,99,1,1,1,,0.0,40 03:13.000,,0,75 08:29.277,2,0,0,0,67301,1,0,1,N,1,0,1,2,67301,0,,1,9,,N,N,,0,,0,1,0,3,2,,9999,1,2,0,0,0,0,0,3,4,0,1,3,,N,,,,,,,,,,,
2006125365,645.0,2,0,0,0,0,0,0,0,0,4,0,,67,10,2006,7,,,640.0,6,0,0,0,0,0,0,0,1,1.0,0,0,0,6,5,0,6,,1.0,,4.0,0,,0,0,0,0,67301,0,0,0,N,0,0,0,2,67301,0,,1,1,,N,N,,0,,0,0,0,0,0,N,635,0,2,0,0,0,0,0,3,3,0,2,3,,N,,,,,,,,,,,
2006125395,122.0,2,0,0,0,0,0,0,0,0,4,0,,67,9,2006,1,40.0352,-75.1455,121.0,6,0,0,0,0,0,0,0,0,,0,0,0,1,3,2,1,,0.0,40 02:06.731,,0,75 08:43.670,8,0,0,0,67301,0,0,0,N,0,0,0,3,67301,0,,1,1,,N,N,,0,,0,0,0,3,2,,121,2,2,0,0,0,2,0,3,4,0,2,3,,N,,,,,,,,,,,
2006115676,2019.0,1,0,0,0,0,0,0,0,0,8,0,,67,9,2006,6,39.9816,-75.121,2016.0,6,0,0,0,0,0,0,0,0,,0,0,0,20,3,1,1,,0.0,39 58:53.587,,0,75 07:15.484,8,0,0,0,67301,1,0,0,,1,0,0,3,67301,0,,1,1,,N,N,,0,,0,0,0,3,3,,2012,1,2,0,0,0,1,0,3,4,0,1,3,,N,,,,,,,,,,,
2006065736,1523.0,0,0,0,0,0,0,0,0,0,8,0,,67,5,2006,6,39.9517,-75.1582,1518.0,6,0,0,0,0,0,0,0,0,,0,0,0,15,1,2,1,,0.0,39 57:05.000,,0,75 09:29.434,3,0,0,1,67301,1,0,0,,1,0,0,2,67301,1,,1,1,,,,,0,,1,0,0,0,0,,1510,2,2,0,0,0,0,0,3,4,0,1,3,,N,,,,,,,,,,,
2006065819,1950.0,1,0,0,1,0,0,0,0,0,3,0,,67,5,2006,7,39.9227,-75.1582,1947.0,6,0,0,0,0,0,0,0,0,,0,0,0,18,4,1,0,,0.0,39 55:21.670,,0,75 09:29.654,8,0,0,0,67301,1,0,0,N,0,0,0,2,67301,0,,1,9,,N,N,,0,,0,0,0,9,2,,1800,1,2,0,0,0,1,1,3,4,0,1,7,,N,,,,,,,,,,,
2006112807,1249.0,2,0,0,0,0,0,0,0,0,4,0,,67,9,2006,3,40.0882,-75.0727,1243.0,6,0,0,0,0,0,0,0,0,,0,0,0,99,1,1,0,,0.0,40 05:17.692,,0,75 04:21.680,8,0,0,0,67301,0,0,0,N,0,0,0,3,67301,0,,1,1,,N,N,,0,,0,0,0,0,0,,9999,1,2,0,0,0,1,0,3,4,0,2,3,,N,,,,,,,,,,,
2006112820,1151.0,1,0,0,0,0,0,0,0,0,1,0,,67,10,2006,7,40.0372,-75.0137,1143.0,6,0,0,0,0,0,0,0,0,1.0,0,0,0,11,1,2,0,,2.0,40 02:10.000,2.0,0,75 00:57.982,4,0,0,0,67301,0,0,0,N,0,0,0,4,67301,2,,1,1,,N,N,,0,,0,0,0,0,0,N,1142,2,2,0,0,0,0,0,3,4,1,2,3,,N,,,,,,,,,,,
2006112826,255.0,1,0,0,0,0,0,0,0,0,7,0,,67,9,2006,5,40.0646,-75.2389,250.0,6,0,0,0,0,0,0,0,0,,0,0,0,2,3,1,0,,0.0,40 03:52.628,,0,75 14:20.180,3,0,0,0,67301,0,0,0,N,0,0,0,1,67301,0,,4,1,,N,N,,0,,1,0,0,0,0,,245,1,1,0,0,1,0,0,3,4,0,1,3,,N,,,,,,,,,,,
2006130174,306.0,0,0,0,0,0,0,0,0,0,2,1,,67,6,2006,7,40.0455,-75.1128,304.0,6,0,0,0,0,0,0,0,0,2.0,0,1,0,3,3,2,2,,1.0,40 02:51.000,2.0,0,75 06:44.584,4,0,0,0,67301,0,0,0,N,0,0,0,2,46102,1,,1,9,,N,N,,0,,0,0,1,0,0,N,303,2,2,0,0,0,1,0,3,4,0,2,7,,N,,,,,,,,,,,
2006112973,2355.0,2,0,0,0,0,0,0,0,0,4,0,,67,10,2006,7,39.9435,-75.1488,2350.0,6,0,0,0,0,0,0,0,0,2.0,0,0,0,23,3,7,1,,2.0,39 56:36.682,3.0,0,75 08:55.532,3,0,0,0,67301,0,0,0,N,0,0,0,8,67301,4,,1,1,,N,N,,0,,3,0,0,3,2,Y,2345,7,2,0,0,0,0,0,3,4,0,2,3,,N,,,,,,,,,,,
2006112975,1550.0,2,0,0,0,0,0,0,0,0,8,0,,67,9,2006,2,39.9594,-75.2393,1545.0,6,0,1,1,0,0,0,0,0,,0,0,0,15,1,4,1,,0.0,39 57:34.005,,0,75 14:21.353,4,0,0,0,67301,0,0,0,N,0,0,0,6,67301,4,,1,1,,N,N,,0,,0,0,0,3,3,,1530,4,2,0,0,0,0,0,3,4,0,2,3,,N,,,,,,,,,,,
2006126808,1000.0,1,0,0,0,0,0,0,0,0,3,0,,67,10,2006,7,39.9585,-75.2252,1000.0,6,0,0,0,0,0,1,0,0,,0,0,0,10,1,1,1,,0.0,39 57:30.000,,0,75 13:30.707,4,0,0,0,67301,0,0,0,,0,0,0,2,67301,1,,1,1,,N,,,1,,0,0,0,3,2,,1000,1,2,0,0,0,0,0,3,4,0,2,3,,N,,,,,,,,,,,
2006124274,344.0,4,0,0,0,0,0,0,0,0,4,0,,67,10,2006,7,,,341.0,6,0,0,0,0,0,0,0,0,1.0,0,0,0,3,3,1,1,,2.0,,1.0,0,,8,0,0,0,67301,0,0,0,N,0,0,0,2,67301,0,,1,1,,N,N,,0,,0,0,1,3,3,Y,340,1,5,0,0,0,1,0,3,3,0,5,3,,N,,,,,,,,,,,
2006102346,737.0,1,0,0,0,0,0,0,0,0,6,0,,67,8,2006,5,40.0512,-75.0661,734.0,6,0,0,0,0,0,0,0,1,1.0,0,0,0,7,1,1,1,,1.0,40 03:04.000,4.0,0,75 03:58.040,8,0,0,0,67301,0,0,0,N,0,0,0,2,67301,0,,1,9,,N,N,,1,,0,0,0,3,2,N,730,1,2,0,0,0,1,1,3,4,0,2,3,,N,,,,,,,,,,,