CRN,ARRIVAL_TM,AUTOMOBILE_COUNT,BELTED_DEATH_COUNT,BELTED_SUSP_SERIOUS_INJ_COUNT,BICYCLE_COUNT,BICYCLE_DEATH_COUNT,BICYCLE_SUSP_SERIOUS_INJ_COUNT,BUS_COUNT,CHLDPAS_DEATH_COUNT,CHLDPAS_SUSP_SERIOUS_INJ_COUNT,COLLISION_TYPE,COMM_VEH_COUNT,CONS_ZONE_SPD_LIM,COUNTY,CRASH_MONTH,CRASH_YEAR,DAY_OF_WEEK,DEC_LAT,DEC_LONG,DISPATCH_TM,DISTRICT,DRIVER_COUNT_16YR,DRIVER_COUNT_17YR,DRIVER_COUNT_18YR,DRIVER_COUNT_19YR,DRIVER_COUNT_20YR,DRIVER_COUNT_50_64YR,DRIVER_COUNT_65_74YR,DRIVER_COUNT_75PLUS,EST_HRS_CLOSED,FATAL_COUNT,HEAVY_TRUCK_COUNT,HORSE_BUGGY_COUNT,HOUR_OF_DAY,ILLUMINATION,INJURY_COUNT,INTERSECT_TYPE,INTERSECTION_RELATED,LANE_CLOSED,LATITUDE,LN_CLOSE_DIR,LOCATION_TYPE,LONGITUDE,MAX_SEVERITY_LEVEL,MCYCLE_DEATH_COUNT,MCYCLE_SUSP_SERIOUS_INJ_COUNT,MOTORCYCLE_COUNT,MUNICIPALITY,NONMOTR_COUNT,NONMOTR_DEATH_COUNT,NONMOTR_SUSP_SERIOUS_INJ_COUNT,NTFY_HIWY_MAINT,PED_COUNT,PED_DEATH_COUNT,PED_SUSP_SERIOUS_INJ_COUNT,PERSON_COUNT,POLICE_AGCY,POSSIBLE_INJ_COUNT,RDWY_SURF_TYPE_CD,RELATION_TO_ROAD,ROAD_CONDITION,ROADWAY_CLEARED,SCH_BUS_IND,SCH_ZONE_IND,SECONDARY_CRASH,SMALL_TRUCK_COUNT,SPEC_JURIS_CD,SUSP_MINOR_INJ_COUNT,SUSP_SERIOUS_INJ_COUNT,SUV_COUNT,TCD_FUNC_CD,TCD_TYPE,TFC_DETOUR_IND,TIME_OF_DAY,TOT_INJ_COUNT,TOTAL_UNITS,UNB_DEATH_COUNT,UNB_SUSP_SERIOUS_INJ_COUNT,UNBELTED_OCC_COUNT,UNK_INJ_DEG_COUNT,UNK_INJ_PER_COUNT,URBAN_AREA,URBAN_RURAL,VAN_COUNT,VEHICLE_COUNT,WEATHER1,WEATHER2,WORK_ZONE_IND,WORK_ZONE_LOC,WORK_ZONE_TYPE,WORKERS_PRES,WZ_CLOSE_DETOUR,WZ_FLAGGER,WZ_LAW_OFFCR_IND,WZ_LN_CLOSURE,WZ_MOVING,WZ_OTHER,WZ_SHLDER_MDN,WZ_WORKERS_INJ_KILLED
2006124260,2353.0,1,0,0,0,0,0,0,0,0,8,0,,67,10,2006,6,40.0392,-75.11,2349.0,6,0,0,0,0,0,0,0,0,,0,0,0,23,3,1,1,,0.0,40 02:20.000,,0,75 06:36.032,4,0,0,0,67301,1,0,0,N,1,0,0,2,67301,1,,1,9,,N,N,,0,,0,0,0,3,2,,2348,1,2,0,0,0,0,1,3,4,0,1,7,,N,,,,,,,,,,,
2006115117,2000.0,1,0,0,0,0,0,0,0,0,2,0,,67,9,2006,7,40.015,-75.1352,9999.0,6,0,0,0,0,0,0,0,0,,0,0,0,99,3,1,1,,0.0,40 00:54.154,,0,75 08:06.604,8,0,0,0,67301,0,0,0,,0,0,0,2,67301,0,,1,1,,N,N,,0,,0,0,0,9,2,,9999,1,2,0,0,0,1,1,3,4,1,2,3,,N,,,,,,,,,,,
2006115144,1645.0,2,0,0,0,0,0,0,0,0,1,0,,67,10,2006,4,40.0104,-75.0792,1634.0,6,0,0,0,0,0,0,0,0,,0,0,0,15,1,2,0,,0.0,40 00:37.541,,0,75 04:45.166,8,0,0,0,67301,0,0,0,N,0,0,0,5,67301,0,,1,1,,N,N,,0,,0,0,0,0,0,,1540,2,2,0,0,0,2,0,3,4,0,2,3,,N,,,,,,,,,,,
2006110030,1035.0,1,0,0,0,0,0,0,0,0,5,1,,67,10,2006,4,,,1035.0,6,0,0,0,0,0,0,0,0,1.0,0,1,0,10,1,1,0,,1.0,,3.0,0,,4,0,0,0,67301,0,0,0,,0,0,0,2,67501,1,,1,1,,,,,0,,0,0,0,3,8,N,1035,1,2,0,0,0,0,0,3,3,0,2,3,,N,,,,,,,,,,,
2006114378,835.0,2,0,0,0,0,0,0,0,0,1,0,,67,10,2006,6,40.0495,-75.0785,830.0,6,0,0,0,0,0,0,0,0,,0,0,0,8,1,1,0,,0.0,40 02:58.335,,0,75 04:42.554,4,0,0,0,67301,0,0,0,N,0,0,0,2,67301,1,,1,1,,N,Y,,0,,0,0,0,3,2,,820,1,2,0,0,0,0,0,3,4,0,2,3,,N,,,,,,,,,,,
2006114077,1037.0,5,0,0,0,0,0,0,0,0,4,0,,67,10,2006,1,39.9597,-75.2352,1021.0,6,0,0,0,0,0,1,1,0,,0,0,0,10,1,0,1,,0.0,39 57:35.000,,0,75 14:06.695,9,0,0,0,67301,0,0,0,N,0,0,0,3,67301,0,,1,1,,N,N,,0,,0,0,0,3,2,,1021,0,5,0,0,0,0,3,3,4,0,5,3,,N,,,,,,,,,,,
2006096610,1202.0,1,0,0,0,0,0,0,0,0,4,0,,67,7,2006,6,39.9223,-75.1871,1159.0,6,0,0,0,0,0,0,1,0,,0,0,0,0,8,1,1,,0.0,39 55:20.000,,0,75 11:12.494,4,0,0,0,67301,0,0,0,N,0,0,0,3,67301,1,,1,1,,N,N,,0,,0,0,0,3,2,,0,1,2,0,0,1,0,0,3,4,0,2,3,,N,,,,,,,,,,,
2006102070,9999.0,1,0,0,0,0,0,0,0,0,8,0,,67,9,2006,4,,,1642.0,6,0,0,0,0,0,1,0,0,,0,0,0,99,1,1,0,,0.0,,,0,,8,0,0,0,67301,1,0,0,N,1,0,0,5,67301,0,,1,1,,N,N,,0,,0,0,0,0,0,,9999,1,2,0,0,4,1,0,3,3,0,1,3,,N,,,,,,,,,,,
2006101786,104.0,1,0,0,0,0,0,0,0,0,7,0,,67,7,2006,6,39.9865,-75.1562,101.0,6,0,0,0,0,0,0,0,0,2.0,0,0,0,0,3,1,0,,1.0,39 59:11.000,2.0,0,75 09:22.346,4,0,0,0,67301,0,0,0,N,0,0,0,4,67301,1,,3,9,,N,N,,0,,0,0,0,3,2,N,55,1,1,0,0,0,0,0,3,4,0,1,7,,N,,,,,,,,,,,
2006101787,2040.0,1,0,0,1,0,0,0,0,0,4,0,,67,7,2006,1,,,2033.0,6,0,0,0,0,0,0,0,0,,0,0,0,20,3,1,0,,0.0,,,0,,4,0,0,0,67301,1,0,0,N,0,0,0,2,67301,1,,1,1,,N,N,,0,,0,0,0,0,0,,2033,1,2,0,0,0,0,0,3,3,0,1,3,,N,,,,,,,,,,,
2006104314,250.0,3,0,0,0,0,0,0,0,0,1,0,,67,9,2006,2,,,240.0,6,0,0,0,0,0,0,0,0,9.0,0,0,0,2,3,1,0,,1.0,,7.0,0,,8,0,0,0,67301,0,0,0,N,0,0,0,3,67301,0,,1,1,,N,N,,0,,0,0,0,0,0,N,230,1,3,0,0,0,1,0,3,3,0,3,3,,N,,,,,,,,,,,
2006101845,851.0,1,0,0,0,0,0,0,0,0,7,0,,67,9,2006,2,,,838.0,6,0,0,0,0,0,0,0,0,1.0,0,0,0,8,1,1,0,,1.0,,2.0,0,,2,0,0,0,67301,0,0,0,N,0,0,0,1,67301,0,,5,1,,N,N,,0,,0,1,0,0,0,N,839,1,1,0,0,0,0,0,3,3,0,1,3,,N,,,,,,,,,,,
2006101888,1156.0,2,0,0,0,0,0,0,0,0,1,0,,67,9,2006,7,,,1152.0,6,0,0,0,0,0,2,0,0,,0,0,0,11,1,1,3,,0.0,,,0,,4,0,0,0,67301,0,0,0,N,0,0,0,3,67301,1,,1,1,,N,N,,0,,0,0,0,9,2,,1152,1,2,0,0,2,0,0,3,3,0,2,3,,N,,,,,,,,,,,
2006106269,112.0,1,0,0,0,0,0,0,0,0,4,0,,67,8,2006,6,39.9213,-75.2316,109.0,6,0,0,0,0,0,0,0,0,,0,0,0,0,3,1,1,,0.0,39 55:16.000,,0,75 13:54.076,8,0,0,0,67301,0,0,0,N,0,0,0,2,67301,0,,1,1,,N,N,,0,,0,0,0,3,2,,30,1,2,0,0,0,1,0,3,4,0,2,3,,N,,,,,,,,,,,
2006113963,2322.0,0,0,0,0,0,0,0,0,0,7,0,,67,8,2006,7,39.9358,-75.1992,2317.0,6,0,0,0,0,0,0,0,0,4.0,0,0,0,23,3,1,0,,2.0,39 56:08.982,4.0,8,75 11:57.232,2,0,1,1,67301,0,0,0,N,0,0,0,1,67301,0,,2,1,,N,N,,0,,0,1,0,0,0,N,2316,1,1,0,0,0,0,0,3,4,0,1,3,,N,,,,,,,,,,,
2006080672,1320.0,1,0,0,0,0,0,0,0,0,4,0,,67,7,2006,7,40.0438,-75.0127,1314.0,6,0,0,0,0,0,0,0,0,9.0,0,0,0,13,1,2,1,,1.0,40 02:37.669,7.0,0,75 00:45.698,4,0,0,0,67301,0,0,0,N,0,0,0,4,67301,1,,1,1,,N,N,,0,,0,0,1,3,3,N,1312,2,2,0,0,0,1,0,3,4,0,2,3,,N,,,,,,,,,,,
2006082660,1716.0,3,0,0,0,0,0,0,0,0,1,0,,67,7,2006,7,39.9939,-75.0802,1712.0,6,0,0,0,1,0,0,0,0,,0,0,0,17,1,2,2,,0.0,39 59:44.000,,0,75 04:35.222,4,0,0,0,67301,0,0,0,N,0,0,0,4,67301,2,,1,1,,N,N,,0,,0,0,0,0,0,,1705,2,4,0,0,0,0,0,3,4,1,4,3,,N,,,,,,,,,,,
2006080717,1358.0,1,0,0,0,0,0,0,0,0,7,0,,67,6,2006,2,40.048,-74.9974,1348.0,6,0,0,0,0,0,0,0,0,1.0,0,0,0,13,1,1,6,,2.0,40 02:52.000,1.0,2,74 59:49.404,3,0,0,0,67301,0,0,0,N,0,0,0,1,67301,0,,4,9,,N,N,,0,,1,0,0,0,0,N,1345,1,1,0,0,0,0,0,3,4,0,1,7,,N,,,,,,,,,,,
2006083165,840.0,2,0,0,0,0,0,0,0,0,5,0,,67,6,2006,6,39.9954,-75.2183,830.0,6,0,0,0,0,0,1,0,0,,0,0,0,8,1,2,0,,0.0,39 59:43.000,,0,75 13:06.338,8,0,0,0,67301,0,0,0,,0,0,0,2,67301,0,,1,1,,N,N,,0,,0,0,0,0,0,,830,2,2,0,0,0,2,0,3,4,0,2,3,,N,,,,,,,,,,,
2006080861,302.0,2,0,0,0,0,0,0,0,0,4,0,,67,5,2006,2,40.114,-74.9876,300.0,6,0,0,0,0,0,0,0,0,,0,0,0,2,3,1,1,,0.0,40 06:52.000,,0,74 59:17.073,8,0,0,0,67301,0,0,0,N,0,0,0,4,67301,0,,1,1,,N,N,,0,,0,0,0,3,2,,250,1,2,0,0,0,1,0,3,4,0,2,3,,N,,,,,,,,,,,
2006024107,1217.0,2,0,0,0,0,0,0,0,0,1,0,,67,1,2006,3,39.9804,-75.1179,1215.0,6,0,0,0,0,0,1,0,0,,0,0,0,12,1,1,1,,0.0,39 58:53.000,,0,75 07:02.615,8,0,0,0,67301,0,0,0,,0,0,0,2,67301,0,,1,9,,N,N,,0,,0,0,0,3,2,,1215,1,2,0,0,0,1,0,3,4,0,2,7,,N,,,,,,,,,,,
2006021635,825.0,2,0,0,0,0,0,0,0,0,4,0,,67,1,2006,1,40.0614,-75.0839,817.0,6,0,0,0,0,0,1,0,0,,0,0,0,8,1,1,1,,0.0,40 03:41.000,,0,75 05:02.008,3,0,0,0,67301,0,0,0,N,0,0,0,2,67301,0,,1,2,,N,N,,0,,1,0,0,3,2,,814,1,2,0,0,0,0,0,3,4,0,2,10,,N,,,,,,,,,,,
2006103873,841.0,4,0,0,0,0,0,0,0,0,3,0,,67,8,2006,2,40.0153,-75.2081,835.0,6,0,0,0,0,0,0,0,0,,0,0,0,8,1,0,3,,0.0,40 00:55.000,,0,75 12:30.141,9,0,0,0,67301,0,0,0,,0,0,0,4,67301,0,,1,1,,,,,0,,0,0,0,9,2,,820,0,4,0,0,0,0,1,3,4,0,4,3,,N,,,,,,,,,,,
2006096872,1419.0,1,0,0,0,0,0,0,0,0,4,0,,67,6,2006,5,40.1052,-75.0328,1417.0,6,0,0,0,0,0,0,0,0,9.0,1,0,0,14,1,2,1,,2.0,40 06:18.000,7.0,0,75 01:58.224,1,0,0,0,67301,1,1,0,N,1,1,0,4,67301,1,2.0,1,1,,N,N,,1,0.0,1,0,0,3,2,Y,1415,2,3,0,0,1,0,0,3,4,0,2,3,,N,,,,,,,,,,,
2006125479,2154.0,2,0,0,0,0,0,0,0,0,1,0,,67,10,2006,4,39.9404,-75.2366,2148.0,6,0,0,0,0,0,0,0,0,,0,0,0,21,3,0,1,,0.0,39 56:25.000,,0,75 14:11.962,9,0,0,0,67301,0,0,0,N,0,0,0,5,67301,0,,1,1,,N,N,,0,,0,0,0,3,2,,2123,0,2,0,0,0,0,1,3,4,0,2,3,,N,,,,,,,,,,,
2006082580,13.0,2,0,0,0,0,0,0,0,0,4,0,,67,7,2006,4,40.0296,-75.0868,11.0,6,0,0,0,0,1,0,0,0,,0,0,0,0,3,3,1,,0.0,40 01:46.000,,0,75 05:12.486,8,0,0,0,67301,0,0,0,N,0,0,0,10,67301,0,,1,9,,N,N,,0,,0,0,0,3,2,,10,3,2,0,0,0,3,0,3,4,0,2,7,,N,,,,,,,,,,,
2006125317,740.0,1,0,0,0,0,0,0,0,0,1,0,,67,11,2006,4,39.9509,-75.1411,732.0,6,0,0,0,0,0,0,0,0,1.0,0,0,0,7,1,1,3,,2.0,39 57:04.000,1.0,2,75 08:28.277,4,0,0,0,67301,0,0,0,N,0,0,0,2,67301,1,,1,9,,N,N,,0,,0,0,1,0,0,N,732,1,2,0,0,0,0,0,3,4,0,2,7,,N,,,,,,,,,,,
2006125326,925.0,2,0,0,0,0,0,0,0,0,1,0,,67,10,2006,6,39.9877,-75.2162,922.0,6,0,0,0,0,0,1,0,0,1.0,0,0,0,9,1,1,2,,1.0,39 59:15.000,2.0,0,75 12:58.636,4,0,0,0,67301,0,0,0,N,0,0,0,4,67301,1,,1,9,,N,N,,0,,0,0,0,3,2,N,921,1,3,0,0,0,0,1,3,4,1,3,7,,N,,,,,,,,,,,
2006125353,2050.0,1,0,0,0,0,0,0,0,0,7,0,,67,10,2006,1,,,2047.0,6,0,0,0,0,0,0,0,0,,0,0,0,20,3,1,1,,0.0,,,0,,8,0,0,0,67301,0,0,0,N,0,0,0,1,67301,0,,2,1,,N,N,,0,,0,0,0,9,2,,2030,1,1,0,0,0,1,0,3,3,0,1,3,,N,,,,,,,,,,,
2006082623,325.0,1,0,0,0,0,0,0,0,0,1,0,,67,7,2006,7,40.0313,-75.0849,320.0,6,0,0,0,0,0,0,0,0,,0,0,0,99,3,2,5,,0.0,40 01:53.078,,0,75 05:05.038,4,0,0,0,67301,0,0,0,N,0,0,0,2,67301,2,,1,1,,N,N,,1,,0,0,0,3,2,,9999,2,2,0,0,0,0,0,3,4,0,2,3,,N,,,,,,,,,,,
2006080172,2140.0,8,0,0,0,0,0,0,0,0,5,0,,67,7,2006,3,39.9738,-75.2453,2140.0,6,0,0,0,0,0,0,0,0,9.0,0,0,0,21,3,6,1,,2.0,39 58:20.000,7.0,0,75 14:42.135,3,0,0,0,67301,0,0,0,N,0,0,0,6,67301,0,,1,1,,N,N,,0,,6,0,0,3,2,Y,2140,6,9,0,0,0,0,0,3,4,0,9,3,,N,,,,,,,,,,,
2006080180,55.0,1,0,0,0,0,0,0,0,0,8,0,,67,6,2006,1,40.0466,-75.1649,45.0,6,0,0,0,0,1,0,0,0,,0,0,0,20,1,1,0,,0.0,40 02:47.598,,0,75 09:53.686,4,0,0,0,67301,1,0,0,N,1,0,0,2,67301,1,,1,1,,N,N,,0,,0,0,0,3,3,,2030,1,2,0,0,0,0,0,3,4,0,1,3,,N,,,,,,,,,,,
2006103515,708.0,0,0,0,0,0,0,0,0,0,4,0,,67,8,2006,4,40.0664,-75.0187,702.0,6,0,0,0,0,0,0,0,0,,0,0,0,0,6,0,1,,0.0,40 03:59.090,,0,75 01:07.291,0,0,0,0,67301,0,0,0,N,0,0,0,2,67301,0,,1,9,,N,N,,0,,0,0,1,3,3,,58,0,2,0,0,0,0,0,3,4,1,2,7,,N,,,,,,,,,,,
2006115635,855.0,1,0,0,0,0,0,0,0,0,4,0,,67,10,2006,6,40.053,-74.9827,843.0,6,0,0,0,0,0,0,0,1,,0,0,0,8,1,1,1,,0.0,40 03:10.000,,0,74 58:57.986,4,0,0,0,67301,0,0,0,N,0,0,0,2,67301,1,,1,9,,N,N,,0,,0,0,1,3,2,,811,1,2,0,0,0,0,0,3,4,0,2,7,,N,,,,,,,,,,,
2006115413,845.0,2,0,0,0,0,0,0,0,0,5,0,,67,10,2006,6,39.9968,-75.1538,840.0,6,0,0,0,0,0,0,0,0,,0,0,0,8,1,1,1,,0.0,39 59:48.000,,0,75 09:14.026,4,0,0,0,67301,0,0,0,N,0,0,0,3,67301,1,,1,9,,N,N,,0,,0,0,0,3,2,,800,1,2,0,0,2,0,1,3,4,0,2,7,,N,,,,,,,,,,,
2006115415,1910.0,2,0,0,0,0,0,0,0,0,5,0,,67,10,2006,5,40.0131,-75.202,1902.0,6,0,0,0,0,0,0,0,0,,0,0,0,19,3,1,2,,0.0,40 00:47.000,,0,75 12:07.284,4,0,0,0,67301,0,0,0,,0,0,0,6,67301,1,,1,1,,,,,0,,0,0,1,3,2,,1901,1,3,0,0,0,0,3,3,4,0,3,3,,N,,,,,,,,,,,
2006066000,10.0,2,0,0,0,0,0,0,0,0,4,0,,67,5,2006,4,,,6.0,6,0,0,0,0,0,0,0,0,,0,0,0,23,3,1,1,,0.0,,,0,,8,0,0,0,67301,0,0,0,,0,0,0,2,67301,0,,1,1,,,,,0,,0,0,0,3,2,,2320,1,2,0,0,0,1,1,3,3,0,2,3,,N,,,,,,,,,,,
2006112844,245.0,1,0,0,0,0,0,0,0,0,7,0,,67,9,2006,1,40.0688,-75.0302,240.0,6,0,0,0,0,0,0,0,0,,0,0,0,2,3,1,3,,0.0,40 04:07.000,,0,75 01:48.282,4,0,0,0,67301,0,0,0,,0,0,0,1,67301,1,,5,1,,N,N,,0,,0,0,0,0,0,,240,1,1,0,0,1,0,0,3,4,0,1,3,,N,,,,,,,,,,,
2006115133,1340.0,0,0,0,0,0,0,0,0,0,8,0,,67,10,2006,3,40.0013,-75.1402,1330.0,6,0,0,0,0,0,0,0,0,,0,0,0,12,1,1,2,,0.0,40 00:04.525,,0,75 08:24.835,4,0,0,0,67301,1,0,0,N,1,0,0,2,67301,1,,1,1,,N,N,,0,,0,0,0,3,3,,1254,1,2,0,0,0,0,0,3,4,0,1,3,,N,,,,,,,,,,,
2006114811,1335.0,0,0,0,0,0,0,0,0,0,1,0,,67,10,2006,4,40.0095,-75.2092,1330.0,6,0,0,0,0,0,1,0,0,1.0,0,1,0,13,1,2,0,,2.0,40 00:33.000,2.0,0,75 12:34.034,3,0,0,0,67301,0,0,0,N,0,0,0,4,67301,0,,1,1,,N,N,,0,,2,0,1,0,0,N,1325,2,2,0,0,0,0,0,3,4,0,2,3,,N,,,,,,,,,,,
2006114738,1930.0,2,0,0,0,0,0,0,0,0,6,0,,67,10,2006,6,39.9789,-75.1825,1923.0,6,0,0,0,0,0,0,0,0,,0,0,0,15,1,1,1,,0.0,39 58:44.214,,0,75 10:57.050,3,0,0,0,67301,0,0,0,N,0,0,0,2,67301,0,,1,9,,N,N,,0,,1,0,0,3,3,,1530,1,2,0,0,0,0,1,3,4,0,2,7,,N,,,,,,,,,,,
2006114409,1925.0,1,0,0,0,0,0,0,0,0,4,0,,67,10,2006,3,40.0431,-75.0794,1918.0,6,0,0,0,0,0,0,0,1,,0,0,0,19,3,1,1,,0.0,40 02:35.066,,0,75 04:45.674,4,0,0,0,67301,0,0,0,N,0,0,0,2,67301,1,,1,1,,N,N,,0,,0,0,0,9,3,,1918,1,2,0,0,0,0,1,3,4,0,2,3,,N,,,,,,,,,,,
2006123783,251.0,1,0,0,1,0,0,0,0,0,4,0,,67,10,2006,1,40.0703,-75.1554,248.0,6,0,0,0,0,0,0,0,0,,0,0,0,2,3,1,1,,0.0,40 04:13.096,,0,75 09:19.314,8,0,0,0,67301,1,0,0,N,0,0,0,2,67301,0,,1,1,,N,N,,0,,0,0,0,3,1,,240,1,2,0,0,0,1,0,3,4,0,1,3,,N,,,,,,,,,,,
2006054531,2203.0,1,0,0,0,0,0,0,0,0,7,0,,67,4,2006,6,,,2100.0,6,0,0,0,0,0,0,0,0,,0,0,0,99,3,1,0,,0.0,,,0,,4,0,0,0,67301,0,0,0,N,0,0,0,3,67501,1,,4,1,,N,N,,0,,0,0,0,3,8,,9999,1,1,0,0,0,0,0,3,3,0,1,3,,N,,,,,,,,,,,
2006054694,1034.0,0,0,0,0,0,0,0,0,0,6,0,,67,3,2006,5,40.0271,-75.1427,1033.0,6,0,0,0,0,0,1,0,0,,0,0,0,10,1,0,1,,0.0,40 01:37.398,,0,75 08:33.565,0,0,0,0,67301,0,0,0,,0,0,0,2,67301,0,,1,1,,,,,1,,0,0,0,3,3,,1015,0,2,0,0,0,0,0,3,4,1,2,3,,N,,,,,,,,,,,
2006081004,1215.0,2,0,0,0,0,0,0,0,0,4,0,,67,6,2006,1,40.0758,-74.9793,1212.0,6,0,0,0,0,1,0,0,1,,0,0,0,12,1,0,2,,0.0,40 04:32.000,,0,74 58:45.577,9,0,0,0,67301,0,0,0,N,0,0,0,3,67301,0,,1,1,,N,N,,0,,0,0,0,3,2,,1210,0,2,0,0,0,0,1,3,4,0,2,3,,N,,,,,,,,,,,
2006081018,117.0,1,0,0,0,0,0,0,0,0,7,0,,67,6,2006,7,39.9252,-75.147,115.0,6,0,0,0,1,0,0,0,0,1.0,0,0,0,1,3,1,0,,1.0,39 55:38.000,1.0,0,75 08:47.436,4,0,0,0,67301,0,0,0,N,0,0,0,2,67301,1,,3,9,,N,N,,0,,0,0,0,0,0,N,115,1,1,0,0,0,0,0,3,4,0,1,7,,N,,,,,,,,,,,
2006081056,424.0,3,0,0,0,0,0,0,0,0,4,0,,67,6,2006,7,,,424.0,6,0,0,0,0,0,0,0,0,,0,0,0,4,3,2,0,,0.0,,,0,,8,0,0,0,67301,0,0,0,,0,0,0,4,67301,0,,1,1,,N,,,0,,0,0,0,0,0,,426,2,3,0,0,3,2,0,3,3,0,3,3,,N,,,,,,,,,,,
2006106812,2355.0,1,0,0,0,0,0,0,0,0,1,0,,67,9,2006,4,40.0201,-75.2103,2351.0,6,0,0,0,0,0,0,0,0,,0,0,0,23,3,0,0,,0.0,40 01:12.000,,0,75 12:36.883,0,0,0,0,67301,0,0,0,N,0,0,0,1,67301,0,,6,1,,N,N,,0,,0,0,1,0,0,,2330,0,2,0,0,0,0,0,3,4,0,2,3,,N,,,,,,,,,,,
2006096647,1135.0,1,0,0,0,0,0,0,0,0,1,0,,67,8,2006,4,40.0081,-75.1514,1125.0,6,0,0,0,0,0,0,0,0,,0,0,0,11,1,1,0,,0.0,40 00:29.323,,0,75 09:04.939,4,0,0,0,67301,0,0,0,N,0,0,0,2,67301,1,,1,1,,N,N,,0,,0,0,0,0,0,,1100,1,2,0,0,0,0,1,3,4,1,2,3,,N,,,,,,,,,,,
2006096422,2217.0,2,0,0,0,0,0,0,0,0,6,0,,67,8,2006,7,40.0013,-75.1506,2155.0,6,0,0,0,0,0,0,0,0,,0,0,0,21,3,3,1,,0.0,40 00:05.000,,0,75 09:02.849,4,0,0,0,67301,0,0,0,N,0,0,0,3,67301,2,,1,1,,N,N,,0,,0,0,0,3,2,,2155,3,2,0,0,0,1,0,3,4,0,2,3,,N,,,,,,,,,,,
2006096526,1740.0,2,0,0,0,0,0,0,0,0,4,0,,67,8,2006,3,40.0826,-74.966,1735.0,6,0,0,0,0,0,0,0,0,,0,0,0,17,1,2,2,,0.0,40 04:57.327,,7,74 57:57.675,3,0,0,0,67301,0,0,0,,0,0,0,4,67301,1,,1,1,,,,,0,,1,0,0,0,0,,1725,2,2,0,0,0,0,1,3,4,0,2,3,,N,,,,,,,,,,,
2006104245,540.0,3,0,0,0,0,0,0,0,0,4,0,,67,7,2006,4,,,524.0,6,0,0,0,0,0,1,0,0,,0,0,0,5,3,1,0,,0.0,,,99,,3,0,0,0,67301,0,0,0,N,0,0,0,2,67301,0,,1,1,,N,N,,0,,1,0,0,0,0,,523,1,3,0,0,2,0,0,3,3,0,3,3,,N,,,,,,,,,,,
2006104297,1815.0,2,0,0,0,0,0,0,0,0,4,0,,67,8,2006,2,40.0443,-75.1215,1810.0,6,0,0,0,0,0,0,0,1,,0,0,0,17,1,1,1,,0.0,40 02:39.300,,0,75 07:17.576,8,0,0,0,67301,0,0,0,N,0,0,0,5,67301,0,,1,1,,N,N,,0,,0,0,0,3,3,,1710,1,2,0,0,0,1,2,3,4,0,2,3,,N,,,,,,,,,,,
2006104321,1701.0,1,0,0,0,0,0,0,0,0,4,0,,67,8,2006,3,40.032,-75.0881,1700.0,6,0,0,0,0,0,0,0,1,,0,0,0,99,1,2,1,,0.0,40 01:55.246,,0,75 05:17.095,4,0,0,0,67301,0,0,0,N,0,0,0,2,67301,2,,1,1,,N,N,,0,,0,0,1,0,0,,9999,2,2,0,0,0,0,0,3,4,0,2,3,,N,,,,,,,,,,,
2006106221,1610.0,1,0,0,0,0,0,0,0,0,4,0,,67,8,2006,7,40.0339,-75.0743,1610.0,6,0,0,1,0,0,0,0,0,,0,0,0,15,1,3,1,,0.0,40 02:01.000,,0,75 04:27.369,4,0,0,0,67301,0,0,0,N,0,0,0,3,67301,3,,1,1,,N,N,,0,,0,0,1,3,2,,1555,3,2,0,0,0,0,0,3,4,0,2,3,,N,,,,,,,,,,,
2006114012,850.0,1,0,0,0,0,0,0,0,0,6,0,,67,10,2006,4,39.9737,-75.2263,840.0,6,0,0,0,0,0,0,0,0,,0,0,0,8,1,1,1,,0.0,39 58:25.000,,0,75 13:34.625,4,0,0,0,67301,0,0,0,N,0,0,0,2,67301,1,,1,1,,N,N,,1,,0,0,0,3,3,,800,1,2,0,0,2,0,0,3,4,0,2,3,,N,,,,,,,,,,,
2006103262,950.0,1,0,0,1,0,0,0,0,0,8,0,,67,8,2006,4,40.0398,-75.1445,950.0,6,0,0,0,0,0,1,0,0,1.0,0,0,0,9,1,1,1,,1.0,40 02:23.373,3.0,0,75 08:40.028,8,0,0,0,67301,1,0,0,N,0,0,0,2,67301,0,,1,1,,N,N,,0,,0,0,0,3,2,N,950,1,2,0,0,0,1,0,3,4,0,1,3,,N,,,,,,,,,,,
2006105307,1320.0,0,0,0,0,0,0,0,0,0,7,0,,67,8,2006,5,,,1315.0,6,0,0,0,0,0,0,0,0,1.0,0,0,0,13,1,1,0,,1.0,,2.0,2,,8,0,0,1,67301,0,0,0,N,0,0,0,1,67301,0,,2,1,,N,N,,0,,0,0,0,0,0,N,1310,1,1,0,0,0,1,0,3,3,0,1,3,,N,,,,,,,,,,,
2006080569,1830.0,2,0,0,0,0,0,0,0,0,4,0,,67,6,2006,1,40.0177,-75.1571,1826.0,6,0,0,1,0,0,0,0,0,,0,0,0,18,1,2,1,,0.0,40 01:03.745,,0,75 09:25.585,8,0,0,0,67301,0,0,0,N,0,0,0,3,67301,0,,1,1,,N,N,,0,,0,0,0,0,0,,1822,2,2,0,0,0,2,0,3,4,0,2,3,,N,,,,,,,,,,,