CRN,ARRIVAL_TM,AUTOMOBILE_COUNT,BELTED_DEATH_COUNT,BELTED_SUSP_SERIOUS_INJ_COUNT,BICYCLE_COUNT,BICYCLE_DEATH_COUNT,BICYCLE_SUSP_SERIOUS_INJ_COUNT,BUS_COUNT,CHLDPAS_DEATH_COUNT,CHLDPAS_SUSP_SERIOUS_INJ_COUNT,COLLISION_TYPE,COMM_VEH_COUNT,CONS_ZONE_SPD_LIM,COUNTY,CRASH_MONTH,CRASH_YEAR,DAY_OF_WEEK,DEC_LAT,DEC_LONG,DISPATCH_TM,DISTRICT,DRIVER_COUNT_16YR,DRIVER_COUNT_17YR,DRIVER_COUNT_18YR,DRIVER_COUNT_19YR,DRIVER_COUNT_20YR,DRIVER_COUNT_50_64YR,DRIVER_COUNT_65_74YR,DRIVER_COUNT_75PLUS,EST_HRS_CLOSED,FATAL_COUNT,HEAVY_TRUCK_COUNT,HORSE_BUGGY_COUNT,HOUR_OF_DAY,ILLUMINATION,INJURY_COUNT,INTERSECT_TYPE,INTERSECTION_RELATED,LANE_CLOSED,LATITUDE,LN_CLOSE_DIR,LOCATION_TYPE,LONGITUDE,MAX_SEVERITY_LEVEL,MCYCLE_DEATH_COUNT,MCYCLE_SUSP_SERIOUS_INJ_COUNT,MOTORCYCLE_COUNT,MUNICIPALITY,NONMOTR_COUNT,NONMOTR_DEATH_COUNT,NONMOTR_SUSP_SERIOUS_INJ_COUNT,NTFY_HIWY_MAINT,PED_COUNT,PED_DEATH_COUNT,PED_SUSP_SERIOUS_INJ_COUNT,PERSON_COUNT,POLICE_AGCY,POSSIBLE_INJ_COUNT,RDWY_SURF_TYPE_CD,RELATION_TO_ROAD,ROAD_CONDITION,ROADWAY_CLEARED,SCH_BUS_IND,SCH_ZONE_IND,SECONDARY_CRASH,SMALL_TRUCK_COUNT,SPEC_JURIS_CD,SUSP_MINOR_INJ_COUNT,SUSP_SERIOUS_INJ_COUNT,SUV_COUNT,TCD_FUNC_CD,TCD_TYPE,TFC_DETOUR_IND,TIME_OF_DAY,TOT_INJ_COUNT,TOTAL_UNITS,UNB_DEATH_COUNT,UNB_SUSP_SERIOUS_INJ_COUNT,UNBELTED_OCC_COUNT,UNK_INJ_DEG_COUNT,UNK_INJ_PER_COUNT,URBAN_AREA,URBAN_RURAL,VAN_COUNT,VEHICLE_COUNT,WEATHER1,WEATHER2,WORK_ZONE_IND,WORK_ZONE_LOC,WORK_ZONE_TYPE,WORKERS_PRES,WZ_CLOSE_DETOUR,WZ_FLAGGER,WZ_LAW_OFFCR_IND,WZ_LN_CLOSURE,WZ_MOVING,WZ_OTHER,WZ_SHLDER_MDN,WZ_WORKERS_INJ_KILLED
2006098090,1820.0,3,0,0,0,0,0,0,0,0,4,0,,67,7,2006,7,,,1818.0,6,0,0,0,0,0,1,0,0,2.0,0,0,0,18,1,1,0,,2.0,,4.0,0,,8,0,0,0,67301,0,0,0,N,0,0,0,5,67501,0,,1,1,,N,N,,0,,0,0,0,3,8,N,1817,1,3,0,0,1,1,0,3,3,0,3,3,,N,,,,,,,,,,,
2006083168,1927.0,1,0,0,0,0,0,1,0,0,1,1,,67,6,2006,6,,,1924.0,6,0,0,0,0,0,0,0,0,,0,0,0,19,1,0,2,,0.0,,,0,,0,0,0,0,67301,0,0,0,N,0,0,0,4,67301,0,,1,1,,N,N,,0,,0,0,0,0,0,,1924,0,2,0,0,0,0,0,3,3,0,2,3,,N,,,,,,,,,,,
2006103542,1515.0,1,0,0,0,0,0,0,0,0,8,0,,67,8,2006,6,,,9999.0,6,0,0,0,0,0,0,0,0,,0,0,0,0,3,1,1,,0.0,,,0,,4,0,0,0,67301,1,0,0,N,1,0,0,2,67301,1,,1,1,,N,N,,0,,0,0,0,9,3,,30,1,2,0,0,1,0,0,3,3,0,1,3,,N,,,,,,,,,,,
2006080115,1410.0,2,0,0,0,0,0,0,0,0,2,0,,67,6,2006,3,39.9932,-75.1492,1404.0,6,0,0,0,0,0,0,0,0,,0,0,0,14,1,1,1,,0.0,39 59:35.000,,0,75 08:57.339,4,0,0,0,67301,0,0,0,N,0,0,0,5,67301,1,,1,1,,N,N,,0,,0,0,0,9,2,,1404,1,2,0,0,0,0,0,3,4,0,2,3,,N,,,,,,,,,,,
2006082555,1851.0,1,0,0,0,0,0,0,0,0,4,0,,67,5,2006,3,40.0237,-75.1335,1841.0,6,0,0,0,0,0,1,0,0,,0,0,0,99,1,2,1,,0.0,40 01:25.680,,0,75 08:01.320,3,0,0,0,67301,0,0,0,N,0,0,0,2,67301,0,,1,1,,N,N,,0,,2,0,1,3,2,,9999,2,2,0,0,0,0,0,3,4,0,2,3,,N,,,,,,,,,,,
2006082556,2350.0,0,0,0,0,0,0,0,0,0,8,0,,67,6,2006,1,40.0412,-75.1441,2347.0,6,0,0,1,0,0,0,0,0,,0,0,0,23,3,1,0,,0.0,40 02:28.381,,0,75 08:38.936,3,0,0,0,67301,1,0,0,N,1,0,0,3,67301,0,,1,1,,N,N,,0,,1,0,0,0,0,,2335,1,2,0,0,1,0,0,3,4,1,1,3,,N,,,,,,,,,,,
2006082560,2125.0,1,0,0,0,0,0,0,0,0,8,0,,67,6,2006,3,,,2125.0,6,0,0,0,0,0,0,0,0,,0,0,0,21,3,1,1,,0.0,,,0,,3,0,0,0,67301,1,0,0,N,1,0,0,2,67301,0,,1,9,,N,N,,0,,1,0,0,0,0,,2115,1,2,0,0,1,0,0,3,3,0,1,7,,N,,,,,,,,,,,
2006082573,1905.0,1,0,0,0,0,0,0,0,0,4,0,,67,6,2006,4,40.0265,-75.0422,1900.0,6,0,0,0,0,0,1,0,0,3.0,0,0,0,18,1,4,1,,1.0,40 01:35.000,2.0,0,75 02:31.971,8,0,0,0,67301,0,0,0,N,0,0,0,5,67301,0,,1,1,,N,N,,0,,0,0,0,3,3,N,1845,4,2,0,0,0,4,0,3,4,1,2,3,,N,,,,,,,,,,,
2006082597,210.0,0,0,0,0,0,0,0,0,0,7,0,,67,6,2006,4,,,207.0,6,0,0,0,0,0,0,0,0,1.0,0,0,0,2,3,0,0,,1.0,,3.0,0,,0,0,0,0,67301,0,0,0,N,0,0,0,1,67301,0,,2,9,,N,N,,0,,0,0,1,0,0,N,206,0,1,0,0,0,0,0,3,3,0,1,7,,N,,,,,,,,,,,
2006115671,1815.0,1,0,0,0,0,0,0,0,0,2,0,,67,10,2006,2,40.0599,-75.163,1813.0,6,0,0,0,0,1,0,0,0,,0,0,0,99,1,1,2,,0.0,40 03:35.528,,0,75 09:46.720,4,0,0,0,67301,0,0,0,,0,0,0,2,67301,1,,1,1,,,,,1,,0,0,0,0,0,,9999,1,2,0,0,0,0,0,3,4,0,2,3,,N,,,,,,,,,,,
2006125262,130.0,2,0,0,0,0,0,0,0,0,1,0,,67,10,2006,1,40.0016,-75.1528,126.0,6,0,0,0,0,0,0,0,0,,0,0,0,1,3,2,1,,0.0,40 00:06.000,,0,75 09:10.512,4,0,0,0,67301,0,0,0,N,0,0,0,3,67301,1,,1,1,,N,N,,0,,0,0,0,3,2,,120,2,2,0,0,0,1,0,3,4,0,2,3,,N,,,,,,,,,,,
2006125284,1740.0,0,0,0,0,0,0,0,0,0,1,0,,67,11,2006,6,39.9771,-75.1994,1735.0,6,0,0,0,0,0,0,0,0,,0,0,0,17,3,0,7,,0.0,39 58:39.000,,2,75 12:02.520,0,0,0,0,67301,0,0,0,N,0,0,0,2,67301,0,,1,1,,N,N,,0,,0,0,1,0,0,,1733,0,2,0,0,0,0,0,3,4,1,2,3,,N,,,,,,,,,,,
2006113033,9999.0,0,0,0,0,0,0,0,0,0,1,0,,67,9,2006,3,39.9996,-75.1905,1648.0,6,0,0,0,0,0,0,0,0,,0,0,0,16,1,0,2,,0.0,39 59:58.000,,7,75 11:26.016,0,0,0,0,67301,0,0,0,N,0,0,0,2,67301,0,,1,1,,N,N,,2,,0,0,0,0,0,,1641,0,2,0,0,0,0,0,3,4,0,2,3,,N,,,,,,,,,,,
2006125409,904.0,1,0,0,0,0,0,0,0,0,4,0,,67,11,2006,6,40.0101,-75.1214,902.0,6,0,0,0,0,0,0,0,0,,0,0,0,9,1,3,1,,0.0,40 00:36.435,,0,75 07:17.178,4,0,0,0,67301,0,0,0,N,0,0,0,3,67301,3,,1,1,,N,N,,0,,0,0,0,3,2,,900,3,2,0,0,0,0,0,3,4,1,2,3,,N,,,,,,,,,,,
2006125415,1500.0,1,0,0,0,0,0,0,0,0,5,0,,67,11,2006,4,39.9256,-75.2343,1500.0,6,0,0,0,0,1,0,0,0,,0,0,0,15,1,2,2,,0.0,39 55:32.060,,0,75 14:03.558,4,0,0,0,67301,0,0,0,N,0,0,0,4,67301,2,,1,9,,N,N,,0,,0,0,0,3,3,,1500,2,2,0,0,3,0,0,3,4,0,2,7,,N,,,,,,,,,,,
2006124285,1820.0,1,0,0,0,0,0,0,0,0,4,0,,67,10,2006,3,39.9172,-75.2463,1820.0,6,0,0,0,1,1,0,0,0,,0,0,0,18,3,7,1,,0.0,39 55:01.000,,0,75 14:46.549,3,0,0,0,67301,0,0,0,N,0,0,0,8,67301,6,,1,1,,N,N,,0,,1,0,2,3,2,,1803,7,3,0,0,0,0,0,3,4,0,3,3,,N,,,,,,,,,,,
2006104725,2019.0,1,0,0,0,0,0,0,0,0,1,0,,67,10,2006,3,40.0027,-75.2235,9999.0,6,0,0,0,0,0,0,0,0,,0,0,0,20,3,0,0,,0.0,40 00:09.000,,0,75 13:24.560,0,0,0,0,67301,0,0,0,N,0,0,0,3,46104,0,,1,1,,N,N,,0,,0,0,1,3,2,,2018,0,2,0,0,0,0,0,3,4,0,2,3,,N,,,,,,,,,,,
2006115108,1020.0,1,0,0,0,0,0,0,0,0,7,0,,67,9,2006,7,40.0667,-75.178,1017.0,6,0,0,0,0,0,0,0,0,,0,0,0,10,1,0,1,,0.0,40 04:00.000,,0,75 10:40.889,0,0,0,0,67301,0,0,0,N,0,0,0,1,67301,0,,4,9,,N,N,,0,,0,0,0,3,3,,1015,0,1,0,0,0,0,0,3,4,0,1,3,,N,,,,,,,,,,,
2006115141,1231.0,1,0,0,0,0,0,0,0,0,2,0,,67,9,2006,3,40.0414,-75.1314,1227.0,6,0,0,0,0,0,0,0,1,,0,0,0,12,1,1,0,,0.0,40 02:29.115,,0,75 07:53.209,3,0,0,0,67301,0,0,0,N,0,0,0,1,67301,0,,4,1,,N,N,,0,,1,0,1,0,0,,1224,1,3,0,0,0,0,0,3,4,1,3,3,,N,,,,,,,,,,,
2006117039,1545.0,2,0,0,0,0,0,0,0,0,1,0,,67,11,2006,6,39.9856,-75.2585,1545.0,6,0,0,0,0,0,1,0,0,,0,0,0,15,1,1,0,,0.0,39 59:08.000,,0,75 15:30.515,8,0,0,0,67301,0,0,0,N,0,0,0,3,46104,0,,1,1,,N,N,,0,,0,0,0,0,0,,1545,1,2,0,0,0,1,0,3,4,0,2,3,,N,,,,,,,,,,,
2006114595,2145.0,0,0,0,1,0,0,0,0,0,1,0,,67,10,2006,4,40.0336,-75.0755,2135.0,6,0,0,0,0,0,0,0,0,,0,0,0,99,3,1,1,,0.0,40 02:00.000,,0,75 04:31.884,4,0,0,0,67301,1,0,0,N,0,0,0,2,67301,1,,1,1,,N,N,,0,,0,0,0,0,0,,9999,1,2,0,0,0,0,1,3,4,1,1,3,,N,,,,,,,,,,,
2006114404,1929.0,1,0,0,0,0,0,0,0,0,8,0,,67,10,2006,2,40.0155,-75.0633,1925.0,6,0,0,0,0,0,0,0,0,1.0,0,0,0,19,3,1,1,,1.0,40 00:55.000,4.0,0,75 03:48.104,3,0,0,0,67301,1,0,0,N,1,0,0,2,67301,0,,1,1,,N,N,,0,,1,0,0,3,2,N,1921,1,2,0,0,0,0,0,3,4,0,1,3,,N,,,,,,,,,,,
2006105108,1700.0,1,0,0,0,0,0,1,0,0,4,1,,67,9,2006,5,39.9494,-75.1523,1657.0,6,0,0,0,0,0,1,0,0,,0,0,0,16,1,5,1,,0.0,39 56:57.000,,0,75 09:08.478,4,0,0,0,67301,0,0,0,N,0,0,0,7,67301,5,,1,1,,N,N,,0,,0,0,0,0,0,,1655,5,2,0,0,1,0,1,3,4,0,2,3,,N,,,,,,,,,,,
2006105141,739.0,2,0,0,0,0,0,0,0,0,4,0,,67,9,2006,6,40.0474,-75.078,728.0,6,0,0,0,0,0,0,0,0,1.0,0,0,0,7,1,1,1,,1.0,40 02:50.643,2.0,0,75 04:40.796,8,0,0,0,67301,0,0,0,N,0,0,0,2,67301,0,,1,1,,N,N,,0,,0,0,0,3,2,N,723,1,2,0,0,0,1,0,3,4,0,2,3,,N,,,,,,,,,,,
2006105166,9999.0,3,0,0,0,0,0,0,0,0,1,0,,67,9,2006,6,39.9211,-75.1942,2015.0,6,0,0,0,0,0,0,0,0,,0,0,0,99,3,0,0,,0.0,39 55:16.000,,3,75 11:38.985,0,0,0,0,67301,0,0,0,N,0,0,0,3,67301,0,,1,9,,N,N,,0,,0,0,0,0,0,,9999,0,3,0,0,0,0,0,3,4,0,3,7,,N,,,,,,,,,,,
2006126814,1420.0,3,0,0,0,0,0,0,0,0,1,0,,67,11,2006,6,39.9534,-75.1969,1420.0,6,0,0,0,0,0,1,0,1,,0,0,0,14,1,2,0,,0.0,39 57:12.288,,0,75 11:48.742,4,0,0,0,67301,0,0,0,N,0,0,0,3,67301,1,,1,1,,N,N,,0,,0,0,0,0,0,,1420,2,3,0,0,0,1,0,3,4,0,3,3,,N,,,,,,,,,,,
2006124013,741.0,1,0,0,0,0,0,1,0,0,5,1,,67,10,2006,3,39.9688,-75.1362,741.0,6,0,0,0,0,0,1,0,0,,0,0,0,7,1,1,1,,0.0,39 58:07.845,,0,75 08:10.373,4,0,0,0,67301,0,0,0,,0,0,0,4,67301,1,,1,1,,Y,,,0,,0,0,0,3,2,,739,1,2,0,0,0,0,0,3,4,0,2,3,,N,,,,,,,,,,,
2006054525,815.0,2,0,0,0,0,0,0,0,0,2,0,,67,4,2006,7,,,800.0,6,0,0,0,0,0,0,0,0,,0,0,0,8,1,2,0,,0.0,,,0,,8,0,0,0,67301,0,0,0,N,0,0,0,2,67301,0,,1,9,,N,N,,0,,0,0,0,0,0,,800,2,2,0,0,0,2,0,3,3,0,2,7,,N,,,,,,,,,,,
2006093582,207.0,2,0,0,0,0,0,0,0,0,1,0,,67,8,2006,6,39.9601,-75.1372,205.0,6,0,0,0,0,1,0,0,0,1.0,0,0,0,2,3,1,0,,1.0,39 57:35.000,1.0,0,75 08:14.197,4,0,0,0,67301,0,0,0,N,0,0,0,2,67301,1,,1,1,,N,N,,0,,0,0,0,0,0,N,200,1,2,0,0,0,0,0,3,4,0,2,3,,N,,,,,,,,,,,
2006054635,1805.0,1,0,0,0,0,0,0,0,0,4,0,,67,4,2006,3,39.9701,-75.1446,1800.0,6,0,0,0,0,0,1,0,0,,0,0,0,18,1,3,0,,0.0,39 58:11.000,,0,75 08:40.395,4,0,0,0,67301,0,0,0,N,0,0,0,5,67301,3,,1,1,,N,N,,0,,0,0,0,0,0,,1800,3,2,0,0,0,0,0,3,4,0,2,3,,N,,,,,,,,,,,
2006054650,1625.0,2,0,0,0,0,0,0,0,0,4,0,,67,4,2006,7,39.921,-75.2289,1623.0,6,0,0,1,0,0,0,0,0,,0,0,0,14,8,1,1,,0.0,39 55:15.688,,99,75 13:44.130,4,0,0,0,67301,0,0,0,,0,0,0,2,67301,1,,1,9,,,,,0,,0,0,0,3,2,,1415,1,2,0,0,0,0,0,3,4,0,2,7,,N,,,,,,,,,,,
2006103691,1530.0,1,0,0,0,0,0,0,0,0,1,0,,67,9,2006,2,40.0012,-75.0659,1525.0,6,0,0,0,0,0,2,0,0,,0,0,0,14,1,1,1,,0.0,40 00:04.000,,0,75 03:57.389,4,0,0,0,67301,0,0,0,,0,0,0,4,67301,1,,1,1,,N,N,,1,,0,0,0,0,0,,1420,1,2,0,0,0,0,2,3,4,0,2,3,,N,,,,,,,,,,,
2006101891,1250.0,1,0,0,0,0,0,0,0,0,5,0,,67,7,2006,4,39.9727,-75.2549,1245.0,6,0,0,0,0,0,0,1,0,,0,0,0,12,1,0,2,,0.0,39 58:21.000,,0,75 15:17.429,0,0,0,0,67301,1,0,0,N,0,0,0,2,67301,0,,1,1,,N,N,,1,,0,0,0,0,0,,1230,0,2,0,0,0,0,0,3,4,0,2,3,,N,,,,,,,,,,,
2006125735,1818.0,0,0,0,0,0,0,0,0,0,7,0,,67,9,2006,1,40.005,-75.0765,1814.0,6,0,0,0,0,0,0,0,0,3.0,0,0,0,18,1,1,0,,1.0,40 00:18.000,2.0,2,75 04:34.650,2,0,1,1,67301,0,0,0,N,0,0,0,1,67301,0,,2,1,,N,N,,0,,0,1,0,3,4,N,1813,1,1,0,0,0,0,0,3,4,0,1,3,,N,,,,,,,,,,,
2006080686,1858.0,1,0,0,0,0,0,0,0,0,4,0,,67,7,2006,6,40.0457,-75.0315,1850.0,6,0,0,0,0,1,0,0,0,1.0,0,0,0,18,1,1,1,,1.0,40 02:44.000,7.0,0,75 01:53.426,4,0,0,0,67301,0,0,0,N,0,0,0,4,67301,1,,1,1,,N,N,,1,,0,0,0,3,2,N,1845,1,2,0,0,0,0,0,3,4,0,2,3,,N,,,,,,,,,,,
2006082667,100.0,2,0,0,0,0,0,0,0,0,2,0,,67,6,2006,6,,,56.0,6,0,0,0,0,0,0,0,0,,0,0,0,0,2,0,1,,0.0,,,0,,9,0,0,0,67301,0,0,0,N,0,0,0,2,67301,0,,1,9,,N,N,,0,,0,0,0,2,2,,30,0,2,0,0,0,0,1,3,3,0,2,3,,N,,,,,,,,,,,
2006082680,1826.0,1,0,0,0,0,0,0,0,0,4,0,,67,7,2006,3,39.9459,-75.2403,1823.0,6,0,0,0,0,0,0,0,0,,0,0,0,99,1,0,1,,0.0,39 56:44.000,,0,75 14:24.143,0,0,0,0,67301,0,0,0,N,0,0,0,3,67301,0,,3,1,,N,N,,0,,0,0,1,3,2,,9999,0,2,0,0,0,0,0,3,4,0,2,3,,N,,,,,,,,,,,
2006080699,222.0,2,0,0,0,0,0,0,0,0,1,0,,67,5,2006,7,,,222.0,6,0,0,0,0,0,1,0,0,,0,0,0,2,3,2,1,,0.0,,,0,,4,0,0,0,67301,0,0,0,N,0,0,0,3,67301,2,,1,1,,N,N,,0,,0,0,0,3,2,,221,2,2,0,0,0,0,0,3,3,0,2,3,,N,,,,,,,,,,,
2006080714,1246.0,2,0,0,0,0,0,0,0,0,4,0,,67,6,2006,5,,,1244.0,6,0,0,0,0,0,1,0,0,,0,0,0,12,1,1,1,,0.0,,,0,,8,0,0,0,67301,0,0,0,N,0,0,0,2,67301,0,,1,1,,N,Y,,0,,0,0,0,3,2,,1240,1,2,0,0,0,1,0,3,3,0,2,3,,N,,,,,,,,,,,
2006082975,1303.0,1,0,1,0,0,0,0,0,0,4,0,,67,7,2006,6,39.9566,-75.1524,1259.0,6,0,0,0,0,0,1,1,0,,0,0,0,12,1,2,1,,0.0,39 57:26.000,,0,75 09:07.921,2,0,0,0,67301,0,0,0,N,0,0,0,4,67301,0,,1,1,,N,N,,0,,1,1,1,3,2,,1245,2,2,0,0,0,0,0,3,4,0,2,3,,N,,,,,,,,,,,
2006021591,1130.0,1,0,0,0,0,0,0,0,0,2,0,,67,1,2006,3,,,1123.0,6,0,0,0,0,0,0,0,0,,0,0,0,11,1,2,1,,0.0,,,0,,4,0,0,0,67301,0,0,0,N,0,0,0,3,67301,2,,1,1,,N,N,,0,,0,0,0,9,3,,1120,2,2,0,0,0,0,0,3,3,1,2,3,,N,,,,,,,,,,,
2006103535,9999.0,1,0,0,0,0,0,0,0,0,7,0,,67,8,2006,1,,,312.0,6,0,0,0,0,0,0,0,0,,0,0,0,99,3,0,10,,0.0,,,0,,9,0,0,0,67301,0,0,0,N,0,0,0,1,67301,0,,5,1,,N,,,0,,0,0,0,9,3,,9999,0,1,0,0,0,0,1,3,3,0,1,3,,N,,,,,,,,,,,
2006095451,2048.0,2,0,0,0,0,0,0,0,0,6,0,,67,7,2006,2,39.9759,-75.224,2045.0,6,0,0,0,0,0,1,0,0,,0,0,0,20,3,1,0,,0.0,39 58:33.000,,0,75 13:27.088,3,0,0,0,67301,1,0,0,N,0,0,0,2,67301,0,,1,1,,N,N,,0,,1,0,0,0,0,,2040,1,2,0,0,0,0,0,3,4,0,2,3,,N,,,,,,,,,,,
2006080092,735.0,1,0,0,0,0,0,0,0,0,7,0,,67,6,2006,4,40.049,-75.0516,722.0,6,0,0,0,0,1,0,0,0,3.0,0,0,0,7,1,1,0,,2.0,40 02:56.000,2.0,0,75 03:05.834,8,0,0,0,67301,0,0,0,N,0,0,0,1,67301,0,,2,1,,N,N,,0,,0,0,0,0,0,Y,715,1,1,0,0,0,1,0,3,4,0,1,3,,N,,,,,,,,,,,
2006080095,1406.0,2,0,0,0,0,0,0,0,0,6,0,,67,6,2006,5,40.0117,-75.1646,405.0,6,0,0,0,0,0,0,0,0,,0,0,0,14,1,2,2,,0.0,40 00:42.015,,7,75 09:52.675,4,0,0,0,67301,0,0,0,N,0,0,0,4,67301,2,,1,1,,N,N,,1,,0,0,0,0,0,,1404,2,3,0,0,2,0,0,3,4,0,3,3,,N,,,,,,,,,,,
2006082616,2206.0,2,0,0,0,0,0,0,0,0,2,0,,67,6,2006,3,39.9566,-75.166,2204.0,6,0,0,0,0,0,0,0,0,3.0,0,0,0,22,3,1,1,,1.0,39 57:23.000,3.0,0,75 09:57.347,4,0,0,0,67301,0,0,0,N,0,0,0,2,67301,1,,1,1,,N,N,,0,,0,0,0,3,2,N,2200,1,2,0,0,0,0,1,3,4,0,2,3,,N,,,,,,,,,,,
2006115632,1550.0,2,0,0,0,0,0,0,0,0,4,0,,67,10,2006,4,40.0807,-75.0285,1541.0,6,0,0,0,0,0,0,1,0,,0,0,0,15,1,1,5,,0.0,40 04:50.000,,0,75 01:41.384,4,0,0,0,67301,0,0,0,N,0,0,0,2,67301,1,,1,1,,N,N,,0,,0,0,0,3,2,,1503,1,2,0,0,0,0,0,3,4,0,2,3,,N,,,,,,,,,,,
2006125260,2250.0,3,0,0,0,0,0,0,0,0,4,0,,67,10,2006,5,40.0038,-75.1242,2245.0,6,0,0,0,0,0,0,0,0,1.0,0,0,0,22,3,1,2,,2.0,40 00:13.798,2.0,0,75 07:26.950,4,0,0,0,67301,0,0,0,N,0,0,0,6,67301,1,,1,1,,N,N,,0,,0,0,0,0,0,Y,2245,1,3,0,0,0,0,0,3,4,0,3,3,,N,,,,,,,,,,,
2006065644,1945.0,1,0,0,0,0,0,0,0,0,5,0,,67,5,2006,7,39.9184,-75.1728,1940.0,6,0,0,0,0,0,1,0,0,,0,1,0,19,4,0,0,,0.0,39 55:06.088,,0,75 10:22.058,0,0,0,0,67301,0,0,0,,0,0,0,1,67301,0,,1,1,,,,,0,,0,0,0,0,0,,1940,0,2,0,0,0,0,0,3,4,0,2,3,,N,,,,,,,,,,,
2006065807,2310.0,1,0,0,0,0,0,0,0,0,7,0,,67,5,2006,7,40.0375,-75.2104,2308.0,6,0,0,0,1,0,0,0,0,,0,0,0,23,3,1,2,,0.0,40 02:15.000,,0,75 12:37.378,8,0,0,0,67301,0,0,0,N,0,0,0,1,67301,0,,5,1,,N,N,,0,,0,0,0,3,2,,2355,1,2,0,0,0,1,0,3,4,0,1,3,,N,,,,,,,,,,,
2006124278,906.0,1,0,0,0,0,0,0,0,0,4,0,,67,10,2006,7,39.9627,-75.2039,905.0,6,0,0,0,0,0,0,0,0,,0,0,0,9,1,1,1,,0.0,39 57:45.000,,0,75 12:14.429,4,0,0,0,67301,0,0,0,N,0,0,0,3,67301,1,,1,9,,N,N,,1,,0,0,0,3,3,,900,1,2,0,0,0,0,0,3,4,0,2,7,,N,,,,,,,,,,,
2006102176,315.0,0,0,0,0,0,0,0,0,0,4,0,,67,9,2006,6,40.0177,-75.1571,309.0,6,0,0,0,0,0,0,0,0,,0,0,0,3,6,0,1,,0.0,40 01:03.745,,0,75 09:25.585,9,0,0,0,67301,0,0,0,,0,0,0,1,67301,0,,1,1,,N,N,,1,,0,0,0,9,3,,309,0,3,0,0,0,0,1,3,4,2,3,3,,N,,,,,,,,,,,
2006102179,144.0,2,0,0,0,0,0,0,0,0,4,0,,67,9,2006,7,40.0395,-75.0458,140.0,6,0,0,0,0,0,0,0,0,,0,0,0,1,3,1,1,,0.0,40 02:22.000,,0,75 02:45.213,4,0,0,0,67301,0,0,0,N,0,0,0,3,67301,1,,1,1,,N,N,,0,,0,0,0,2,2,,137,1,2,0,0,0,0,0,3,4,0,2,3,,N,,,,,,,,,,,
2006114818,1545.0,3,0,0,0,0,0,0,0,0,4,0,,67,9,2006,5,40.0344,-75.1727,1540.0,6,0,0,0,0,0,0,0,0,2.0,0,0,0,15,1,1,1,,1.0,40 02:03.000,2.0,0,75 10:21.895,8,0,0,0,67301,2,0,0,N,0,0,0,4,67301,0,,1,1,,N,N,,0,,0,0,0,3,2,Y,1540,1,3,0,0,0,1,0,3,4,0,3,3,,N,,,,,,,,,,,
2006102624,1620.0,0,0,0,1,0,0,1,0,0,4,1,,67,8,2006,6,39.9833,-75.1882,1620.0,6,0,0,0,0,0,0,0,0,,0,0,0,16,1,1,0,,0.0,39 58:59.000,,0,75 11:17.747,8,0,0,0,67301,1,0,0,N,0,0,0,2,67301,0,,1,1,,N,N,,0,,0,0,0,0,0,,1620,1,2,0,0,0,1,0,3,4,0,1,3,,N,,,,,,,,,,,
2006102625,1200.0,1,0,0,0,0,0,0,0,0,8,0,,67,8,2006,7,39.9778,-75.1839,2355.0,6,0,0,0,0,0,0,0,0,,0,0,0,23,3,1,0,,0.0,39 58:40.083,,0,75 11:01.968,4,0,0,0,67301,1,0,0,N,1,0,0,2,67301,1,,1,1,,N,N,,0,,0,0,0,0,0,,2345,1,2,0,0,0,0,1,3,4,0,1,3,,N,,,,,,,,,,,
2006105105,1623.0,1,0,0,0,0,0,0,0,0,7,0,,67,9,2006,7,40.0586,-75.0789,1620.0,6,0,0,0,0,0,0,0,0,,0,0,0,16,1,1,0,,0.0,40 03:31.000,,0,75 04:43.924,8,0,0,0,67301,0,0,0,,0,0,0,2,67301,0,,5,1,,N,N,,0,,0,0,0,0,0,,1620,1,1,0,0,0,1,0,3,4,0,1,3,,N,,,,,,,,,,,
2006126826,1608.0,3,0,0,0,0,0,0,0,0,4,0,,67,10,2006,1,40.0528,-75.1529,1558.0,6,0,0,0,0,0,1,0,1,,0,0,0,15,1,4,1,,0.0,40 03:10.000,,0,75 09:10.511,2,0,0,0,67301,0,0,0,N,0,0,0,4,67301,0,,1,1,,N,N,,0,,3,1,0,3,2,,1555,4,3,0,0,0,0,0,3,4,0,3,3,,N,,,,,,,,,,,
2006126395,2015.0,1,0,0,0,0,0,0,0,0,4,0,,67,10,2006,6,40.0071,-75.094,2012.0,6,0,0,0,0,0,0,0,0,,0,0,0,99,3,2,1,,0.0,40 00:25.549,,0,75 05:38.543,8,0,0,0,67301,0,0,0,N,0,0,0,6,67301,0,,1,9,,N,N,,0,,0,0,1,9,2,,9999,2,2,0,0,0,2,2,3,4,0,2,7,,N,,,,,,,,,,,
2006054566,1943.0,2,0,0,0,0,0,0,0,0,4,0,,67,4,2006,7,,,1923.0,6,0,0,0,0,0,0,0,0,,0,0,0,19,4,1,1,,0.0,,,0,,8,0,0,0,67301,0,0,0,,0,0,0,2,67301,0,,1,9,,,,,0,,0,0,0,9,3,,1922,1,2,0,0,2,1,1,3,3,0,2,7,,N,,,,,,,,,,,