CRN,ARRIVAL_TM,AUTOMOBILE_COUNT,BELTED_DEATH_COUNT,BELTED_SUSP_SERIOUS_INJ_COUNT,BICYCLE_COUNT,BICYCLE_DEATH_COUNT,BICYCLE_SUSP_SERIOUS_INJ_COUNT,BUS_COUNT,CHLDPAS_DEATH_COUNT,CHLDPAS_SUSP_SERIOUS_INJ_COUNT,COLLISION_TYPE,COMM_VEH_COUNT,CONS_ZONE_SPD_LIM,COUNTY,CRASH_MONTH,CRASH_YEAR,DAY_OF_WEEK,DEC_LAT,DEC_LONG,DISPATCH_TM,DISTRICT,DRIVER_COUNT_16YR,DRIVER_COUNT_17YR,DRIVER_COUNT_18YR,DRIVER_COUNT_19YR,DRIVER_COUNT_20YR,DRIVER_COUNT_50_64YR,DRIVER_COUNT_65_74YR,DRIVER_COUNT_75PLUS,EST_HRS_CLOSED,FATAL_COUNT,HEAVY_TRUCK_COUNT,HORSE_BUGGY_COUNT,HOUR_OF_DAY,ILLUMINATION,INJURY_COUNT,INTERSECT_TYPE,INTERSECTION_RELATED,LANE_CLOSED,LATITUDE,LN_CLOSE_DIR,LOCATION_TYPE,LONGITUDE,MAX_SEVERITY_LEVEL,MCYCLE_DEATH_COUNT,MCYCLE_SUSP_SERIOUS_INJ_COUNT,MOTORCYCLE_COUNT,MUNICIPALITY,NONMOTR_COUNT,NONMOTR_DEATH_COUNT,NONMOTR_SUSP_SERIOUS_INJ_COUNT,NTFY_HIWY_MAINT,PED_COUNT,PED_DEATH_COUNT,PED_SUSP_SERIOUS_INJ_COUNT,PERSON_COUNT,POLICE_AGCY,POSSIBLE_INJ_COUNT,RDWY_SURF_TYPE_CD,RELATION_TO_ROAD,ROAD_CONDITION,ROADWAY_CLEARED,SCH_BUS_IND,SCH_ZONE_IND,SECONDARY_CRASH,SMALL_TRUCK_COUNT,SPEC_JURIS_CD,SUSP_MINOR_INJ_COUNT,SUSP_SERIOUS_INJ_COUNT,SUV_COUNT,TCD_FUNC_CD,TCD_TYPE,TFC_DETOUR_IND,TIME_OF_DAY,TOT_INJ_COUNT,TOTAL_UNITS,UNB_DEATH_COUNT,UNB_SUSP_SERIOUS_INJ_COUNT,UNBELTED_OCC_COUNT,UNK_INJ_DEG_COUNT,UNK_INJ_PER_COUNT,URBAN_AREA,URBAN_RURAL,VAN_COUNT,VEHICLE_COUNT,WEATHER1,WEATHER2,WORK_ZONE_IND,WORK_ZONE_LOC,WORK_ZONE_TYPE,WORKERS_PRES,WZ_CLOSE_DETOUR,WZ_FLAGGER,WZ_LAW_OFFCR_IND,WZ_LN_CLOSURE,WZ_MOVING,WZ_OTHER,WZ_SHLDER_MDN,WZ_WORKERS_INJ_KILLED
2006054630,1905.0,1,0,0,0,0,0,0,0,0,4,0,,67,3,2006,7,40.0092,-75.1511,1853.0,6,0,0,0,1,0,0,0,0,,0,0,0,18,2,1,1,,0.0,40 00:33.000,,0,75 09:04.645,8,0,0,0,67301,1,0,0,,1,0,0,3,67301,0,,1,1,,,,,0,,0,0,0,3,2,,1830,1,2,0,0,0,1,0,3,4,0,1,3,,N,,,,,,,,,,,
2006054691,705.0,1,0,0,0,0,0,0,0,0,7,0,,67,4,2006,6,40.0613,-75.2362,700.0,6,0,0,0,0,0,0,0,0,,0,0,0,7,1,1,1,,0.0,40 03:39.960,,0,75 14:09.960,3,0,0,0,67301,0,0,0,,0,0,0,1,67301,0,,5,1,,N,N,,0,,1,0,0,3,2,,701,1,1,0,0,0,0,0,3,4,0,1,3,,N,,,,,,,,,,,
2006080956,1538.0,1,0,0,0,0,0,0,0,0,4,0,,67,7,2006,7,39.9746,-75.1995,1537.0,6,0,0,0,0,0,0,0,0,,0,0,0,15,1,1,1,,0.0,39 58:28.000,,0,75 11:57.416,4,0,0,0,67301,0,0,0,N,0,0,0,3,67301,1,,1,1,,N,N,,1,,0,0,0,3,2,,1554,1,2,0,0,0,0,0,3,4,0,2,3,,N,,,,,,,,,,,
2006080979,1000.0,2,0,0,0,0,0,0,0,0,4,0,,67,7,2006,3,39.9904,-75.1753,956.0,6,0,0,1,0,0,0,0,1,,0,0,0,9,1,2,1,,0.0,39 59:25.342,,0,75 10:30.922,3,0,0,0,67301,0,0,0,N,0,0,0,2,67301,0,,1,1,,N,N,,0,,2,0,0,3,2,,950,2,2,0,0,0,0,0,3,4,0,2,3,,N,,,,,,,,,,,
2006083564,1138.0,2,0,0,0,0,0,0,0,0,4,0,,67,6,2006,7,40.0374,-75.1909,1131.0,6,0,0,0,0,0,0,0,0,,0,0,0,11,1,1,1,,0.0,40 02:14.460,,0,75 11:27.412,4,0,0,0,67301,0,0,0,N,0,0,0,4,67301,1,,1,1,,N,N,,0,,0,0,0,3,2,,1129,1,2,0,0,0,0,0,3,4,0,2,3,,N,,,,,,,,,,,
2006081329,1450.0,0,0,0,0,0,0,0,0,0,8,0,,67,6,2006,7,,,1450.0,6,0,0,0,0,0,0,0,0,,0,0,0,12,1,1,1,,0.0,,,0,,8,0,0,0,67301,1,0,0,N,1,0,0,2,67301,0,,1,9,,N,N,,0,,0,0,0,3,2,,1210,1,2,0,0,0,1,0,3,3,1,1,7,,N,,,,,,,,,,,
2006081358,1520.0,1,0,0,0,0,0,0,0,0,7,0,,67,7,2006,3,40.0494,-74.9886,1656.0,6,0,0,0,0,0,0,0,1,,0,0,0,16,1,1,0,,0.0,40 02:57.000,,0,74 59:19.128,8,0,0,0,67301,0,0,0,N,0,0,0,1,67301,0,,5,1,,N,N,,0,,0,0,0,0,0,,1656,1,1,0,0,0,1,0,3,4,0,1,3,,N,,,,,,,,,,,
2006081398,2059.0,0,0,0,0,0,0,0,0,0,0,0,,67,5,2006,4,40.0814,-75.0414,2058.0,6,0,0,0,0,0,0,0,0,2.0,0,0,0,20,3,1,0,,1.0,40 04:53.040,1.0,0,75 02:28.680,2,0,1,1,67301,0,0,0,N,0,0,0,1,67301,0,,1,1,,N,N,,0,,0,1,0,0,0,N,2055,1,1,0,0,0,0,0,3,4,0,1,3,,N,,,,,,,,,,,
2006081430,1055.0,1,0,0,0,0,0,0,0,0,7,0,,67,7,2006,1,40.0178,-75.1721,1055.0,6,0,0,0,0,0,0,0,0,,0,0,0,11,1,1,0,,0.0,40 01:04.047,,0,75 10:19.660,4,0,0,0,67301,0,0,0,Y,0,0,0,1,67301,1,,1,1,,N,N,,0,,0,0,0,0,0,,1100,1,1,0,0,0,0,0,3,4,0,1,3,,N,,,,,,,,,,,
2006081566,2110.0,2,0,0,0,0,0,0,0,0,4,0,,67,6,2006,5,40.0411,-75.0649,2105.0,6,0,0,0,0,0,1,0,0,,0,0,0,19,3,2,1,,0.0,40 02:27.000,,0,75 03:53.736,8,0,0,0,67301,0,0,0,,0,0,0,2,67301,0,,1,1,,,,,0,,0,0,0,3,3,,1930,2,2,0,0,0,2,0,3,4,0,2,3,,N,,,,,,,,,,,
2006081570,1551.0,2,0,0,0,0,0,0,0,0,4,0,,67,6,2006,6,40.0423,-75.0571,1551.0,6,0,0,0,0,0,0,1,0,,0,0,0,15,1,1,2,,0.0,40 02:32.000,,0,75 03:25.692,4,0,0,0,67301,0,0,0,N,0,0,0,2,67301,1,,1,1,,N,N,,0,,0,0,0,3,3,,1545,1,2,0,0,0,0,0,3,4,0,2,3,,N,,,,,,,,,,,
2006081651,1001.0,2,0,0,0,0,0,0,0,0,4,0,,67,7,2006,4,40.0641,-75.2396,1000.0,6,0,0,0,0,1,0,0,1,,0,0,0,9,1,1,5,,0.0,40 03:50.000,,0,75 14:22.483,4,0,0,0,67301,0,0,0,N,0,0,0,2,67301,1,,1,9,,N,N,,0,,0,0,0,0,0,,959,1,2,0,0,0,0,0,3,4,0,2,7,,N,,,,,,,,,,,
2006113075,1400.0,2,0,0,0,0,0,0,0,0,6,0,,67,10,2006,5,39.9915,-75.1361,1400.0,6,0,0,0,1,0,0,0,0,,0,0,0,13,1,1,1,,0.0,39 59:29.000,,0,75 08:10.496,3,0,0,0,67301,0,0,0,N,0,0,0,2,67301,0,,1,1,,N,N,,0,,1,0,0,0,0,,1345,1,2,0,0,0,0,0,3,4,0,2,3,,N,,,,,,,,,,,
2006115766,2054.0,3,0,0,0,0,0,0,0,0,4,0,,67,9,2006,5,40.0306,-75.1661,2053.0,6,0,0,0,0,0,0,0,0,1.0,0,0,0,20,3,3,2,,2.0,40 01:50.000,5.0,0,75 09:57.959,3,0,0,0,67301,0,0,0,N,0,0,0,4,67301,2,,1,9,,N,N,,0,,1,0,1,3,3,Y,2050,3,4,0,0,1,0,0,3,4,0,4,7,,N,,,,,,,,,,,
2006114115,637.0,2,0,0,0,0,0,0,0,0,6,0,,67,10,2006,2,39.9945,-75.1588,627.0,6,0,0,0,0,0,0,0,0,,0,0,0,6,3,1,2,,0.0,39 59:39.000,,0,75 09:31.794,4,0,0,0,67301,0,0,0,N,0,0,0,2,67301,1,,1,1,,N,N,,0,,0,0,1,3,3,,627,1,3,0,0,1,0,0,3,4,0,3,3,,N,,,,,,,,,,,
2006103685,1405.0,3,0,0,0,0,0,0,0,0,1,0,,67,8,2006,4,40.071,-75.0378,1346.0,6,0,0,1,0,0,0,0,0,,0,0,0,99,1,1,1,,0.0,40 04:15.000,,0,75 02:15.971,4,0,0,0,67301,0,0,0,,0,0,0,4,67301,1,,1,1,,N,N,,0,,0,0,0,0,0,,9999,1,4,0,0,0,0,2,3,4,1,4,3,,N,,,,,,,,,,,
2006113912,2250.0,1,0,0,0,0,0,0,0,0,7,0,,67,10,2006,7,40.03,-75.0219,2241.0,6,0,0,0,0,0,0,0,0,1.0,0,0,0,22,3,0,0,,2.0,40 01:43.000,1.0,0,75 01:22.876,0,0,0,0,67301,0,0,0,N,0,0,0,1,67301,0,,2,1,,N,N,,0,,0,0,0,0,0,N,2239,0,1,0,0,0,0,0,3,4,0,1,3,,N,,,,,,,,,,,
2006096426,1758.0,3,0,0,0,0,0,0,0,0,1,0,,67,8,2006,3,,,1751.0,6,0,0,0,0,0,0,0,1,1.0,0,0,0,17,1,4,0,,1.0,,1.0,0,,4,0,0,0,67301,0,0,0,N,0,0,0,5,67301,3,,1,1,,N,N,,0,,0,0,0,0,0,Y,1745,4,3,0,0,0,1,0,3,3,0,3,3,,N,,,,,,,,,,,
2006106562,1355.0,1,0,0,0,0,0,0,0,0,8,0,,67,9,2006,2,40.0159,-75.1538,1353.0,6,0,0,0,0,0,0,0,0,,0,0,0,9,1,1,1,,0.0,40 00:57.000,,0,75 09:14.211,4,0,0,0,67301,1,0,0,,1,0,0,2,67301,1,,1,1,,,,,0,,0,0,0,3,2,,923,1,2,0,0,0,0,1,3,4,0,1,3,,N,,,,,,,,,,,
2006106573,2200.0,1,0,0,0,0,0,0,0,0,1,0,,67,9,2006,6,40.042,-75.137,9999.0,6,0,0,0,0,0,0,0,0,,0,0,0,17,1,1,1,,0.0,40 02:31.182,,0,75 08:13.030,4,0,0,0,67301,0,0,0,N,0,0,0,2,67301,1,,9,9,,N,N,,0,,0,0,0,3,2,,1700,1,2,0,0,0,0,1,3,4,1,2,7,,N,,,,,,,,,,,
2006102060,1710.0,1,0,0,0,0,0,0,0,0,3,0,,67,7,2006,5,,,1704.0,6,0,0,0,0,0,0,0,1,,0,0,0,17,1,1,0,,0.0,,,0,,4,0,0,0,67301,0,0,0,N,0,0,0,3,67301,1,,2,1,,N,N,,0,,0,0,0,0,0,,1704,1,2,0,0,1,0,0,3,3,1,2,3,,N,,,,,,,,,,,
2006104304,916.0,3,0,0,0,0,0,0,0,0,5,0,,67,9,2006,3,39.9986,-75.1306,914.0,6,0,0,0,0,0,0,0,0,,0,0,0,9,1,1,0,,0.0,39 59:55.000,,0,75 07:50.325,4,0,0,0,67301,0,0,0,,0,0,0,1,67301,1,,2,9,,,,,0,,0,0,0,0,0,,914,1,3,0,0,0,0,0,3,4,0,3,7,,N,,,,,,,,,,,
2006104312,1520.0,2,0,0,0,0,0,0,0,0,4,0,,67,9,2006,6,,,1510.0,6,0,0,0,0,0,0,0,0,,0,0,0,99,1,1,1,,0.0,,,0,,4,0,0,0,67301,0,0,0,N,0,0,0,2,67301,1,,1,1,,N,N,,0,,0,0,0,0,0,,9999,1,2,0,0,1,0,0,3,3,0,2,3,,N,,,,,,,,,,,
2006101889,2137.0,3,0,0,0,0,0,0,0,0,1,0,,67,9,2006,6,40.0294,-75.189,2132.0,6,0,0,0,0,0,1,1,0,1.0,0,0,0,21,3,0,2,,2.0,40 01:45.922,2.0,0,75 11:20.353,0,0,0,0,67301,0,0,0,N,0,0,0,7,67301,0,,1,1,,N,N,,0,,0,0,0,3,2,Y,2130,0,3,0,0,0,0,0,3,4,0,3,3,,N,,,,,,,,,,,
2006113966,640.0,2,0,0,0,0,0,0,0,0,1,0,,67,10,2006,7,,,620.0,6,0,0,0,0,0,0,0,0,,0,0,0,6,1,1,0,,0.0,,,0,,8,0,0,0,67301,0,0,0,N,0,0,0,2,67301,0,,1,9,,N,N,,0,,0,0,0,0,0,,619,1,2,0,0,0,1,0,3,3,0,2,7,,N,,,,,,,,,,,
2006087907,2255.0,0,0,0,0,0,0,0,0,0,5,0,,67,5,2006,4,40.0299,-75.1046,2255.0,6,0,0,0,0,0,1,0,0,3.0,1,0,0,22,3,0,1,,2.0,40 01:47.000,2.0,0,75 06:15.633,1,1,0,1,67301,0,0,0,N,0,0,0,2,67301,0,2.0,1,1,,N,N,,0,0.0,0,0,1,0,0,N,2248,0,2,0,0,0,0,0,3,4,0,2,3,,N,,,,,,,,,,,
2006080561,1629.0,1,0,0,0,0,0,0,0,0,1,0,,67,6,2006,2,40.0564,-75.0472,1628.0,6,0,0,0,0,0,0,0,0,1.0,0,0,0,16,4,1,0,,1.0,40 03:23.000,2.0,0,75 02:50.411,4,0,0,0,67301,0,0,0,N,0,0,0,2,67301,1,,1,9,,N,N,,1,,0,0,0,3,2,Y,1625,1,2,0,0,0,0,0,3,4,0,2,7,,N,,,,,,,,,,,
2006080591,1615.0,1,0,0,0,0,0,0,0,0,1,0,,67,6,2006,6,39.9106,-75.1491,1605.0,6,0,0,0,0,0,0,0,0,,0,0,0,16,1,5,7,,0.0,39 54:54.000,,2,75 08:52.898,4,0,0,0,67301,0,0,0,,0,0,0,6,67301,4,,1,1,,,,,1,,0,0,2,0,0,,1604,5,4,0,0,0,1,0,3,4,0,4,3,,N,,,,,,,,,,,
2006083058,1617.0,1,0,0,0,0,0,0,0,0,7,0,,67,7,2006,1,39.9125,-75.1484,1612.0,6,0,0,0,0,1,0,0,0,1.0,0,0,0,16,1,1,10,,2.0,39 54:47.520,1.0,0,75 08:53.520,3,0,0,0,67301,0,0,0,N,0,0,0,1,67301,0,,2,1,,N,N,,0,,1,0,0,0,0,Y,1610,1,1,0,0,0,0,0,3,4,0,1,3,,N,,,,,,,,,,,
2006082649,1657.0,1,0,0,0,0,0,0,0,0,8,0,,67,7,2006,3,39.9536,-75.165,1651.0,6,0,0,0,1,0,0,0,0,,0,0,0,16,1,1,1,,0.0,39 57:12.000,,0,75 09:54.013,3,0,0,0,67301,1,0,0,N,1,0,0,2,67301,0,,1,1,,N,N,,0,,1,0,0,3,2,,1650,1,2,0,0,0,0,0,3,4,0,1,3,,N,,,,,,,,,,,
2006080810,1242.0,4,0,0,0,0,0,0,0,0,5,0,,67,6,2006,3,,,1240.0,6,0,0,0,0,0,0,0,0,,0,0,0,12,1,1,0,,0.0,,,0,,8,0,0,0,67301,0,0,0,N,0,0,0,1,67301,0,,1,1,,N,N,,0,,0,0,0,0,0,,1230,1,4,0,0,1,1,0,3,3,0,4,3,,N,,,,,,,,,,,
2006082990,748.0,1,0,0,0,0,0,0,0,0,5,0,,67,5,2006,6,,,733.0,6,0,0,0,0,0,1,0,0,1.0,0,0,0,7,1,0,0,,2.0,,1.0,0,,0,0,0,0,67301,0,0,0,,0,0,0,2,67301,0,,1,9,,N,N,,1,,0,0,0,0,0,Y,733,0,2,0,0,1,0,0,3,3,0,2,7,,N,,,,,,,,,,,
2006082993,1835.0,1,0,0,0,0,0,1,0,0,1,1,,67,5,2006,1,40.0278,-75.1095,1828.0,6,0,0,0,0,0,0,0,0,,0,0,0,18,1,1,0,,0.0,40 01:39.000,,0,75 06:33.833,4,0,0,0,67301,0,0,0,N,0,0,0,12,67301,1,,1,1,,N,N,,0,,0,0,0,3,2,,1828,1,2,0,0,0,0,10,3,4,0,2,3,,N,,,,,,,,,,,
2006080844,912.0,2,0,0,0,0,0,0,0,0,5,0,,67,6,2006,2,39.9357,-75.1673,910.0,6,0,0,0,0,0,0,0,0,,0,0,0,9,1,2,1,,0.0,39 56:08.000,,0,75 10:02.078,4,0,0,0,67301,1,0,0,N,0,0,0,3,67301,1,,1,1,,N,N,,0,,0,0,0,3,3,,909,2,3,0,0,0,1,0,3,4,1,3,3,,N,,,,,,,,,,,
2006080845,1830.0,1,0,0,0,0,0,0,0,0,8,0,,67,6,2006,7,39.9768,-75.1841,1824.0,6,0,0,0,0,1,0,0,0,,0,0,0,18,1,1,0,,0.0,39 58:36.364,,0,75 11:02.781,4,0,0,0,67301,1,0,0,N,1,0,0,2,67301,1,,1,1,,N,N,,0,,0,0,0,0,0,,1823,1,2,0,0,0,0,0,3,4,0,1,3,,N,,,,,,,,,,,
2006080854,51.0,1,0,0,0,0,0,0,0,0,8,0,,67,6,2006,1,,,31.0,6,0,0,0,0,0,0,0,0,,0,0,0,99,3,1,0,,0.0,,,0,,3,0,0,0,67301,1,0,0,N,1,0,0,2,67301,0,,1,1,,N,N,,0,,1,0,0,0,0,,9999,1,2,0,0,0,0,1,3,3,0,1,3,,N,,,,,,,,,,,
2006021634,1800.0,2,0,0,0,0,0,0,0,0,1,0,,67,1,2006,5,40.0458,-75.0683,9999.0,6,0,0,0,0,0,0,1,0,,0,0,0,12,1,1,1,,0.0,40 02:44.703,,0,75 04:05.879,4,0,0,0,67301,0,0,0,N,0,0,0,4,67301,1,,1,1,,N,N,,0,,0,0,0,3,2,,1205,1,2,0,0,1,0,1,3,4,0,2,3,,N,,,,,,,,,,,
2006103874,1640.0,1,0,0,0,0,0,0,0,0,4,0,,67,8,2006,2,40.0536,-75.2034,1635.0,6,0,0,0,0,0,0,0,1,,0,0,0,16,1,1,1,,0.0,40 03:12.898,,0,75 12:12.110,3,0,0,0,67301,0,0,0,N,0,0,0,2,67301,0,,1,1,,N,N,,0,,1,0,0,0,0,,1629,1,2,0,0,2,0,0,3,4,1,2,3,,N,,,,,,,,,,,
2006116519,2039.0,1,0,0,0,0,0,0,0,0,8,0,,67,9,2006,7,39.9997,-75.2195,2036.0,6,0,0,0,0,0,0,0,0,,1,0,0,0,3,0,2,,0.0,39 59:59.000,,0,75 13:10.207,1,0,0,0,67301,1,1,0,N,1,1,0,2,67301,0,2.0,1,1,,N,N,,0,0.0,0,0,0,3,2,,36,0,2,0,0,0,0,0,3,4,0,1,3,,N,,,,,,,,,,,
2006103534,1320.0,1,0,0,0,0,0,0,0,0,8,0,,67,9,2006,1,40.13,-75.0186,1315.0,6,0,0,0,0,0,0,1,0,,0,0,0,13,1,1,2,,0.0,40 07:47.857,,0,75 01:06.909,4,0,0,0,67301,1,0,0,N,1,0,0,2,67301,1,,1,1,,N,N,,0,,0,0,0,0,0,,1315,1,2,0,0,0,0,0,3,4,0,1,3,,N,,,,,,,,,,,
2006096851,1935.0,0,0,0,1,0,0,0,0,0,8,0,,67,8,2006,3,,,1930.0,6,0,0,0,0,0,0,0,0,,0,1,0,18,1,1,0,,0.0,,,3,,4,0,0,0,67301,1,0,0,N,0,0,0,2,67301,1,,5,1,,N,N,,0,,0,0,0,0,0,,1800,1,2,0,0,0,0,0,3,3,0,1,3,,N,,,,,,,,,,,
2006125324,658.0,1,0,0,0,0,0,0,0,0,1,0,,67,11,2006,5,39.9877,-75.2162,658.0,6,0,0,0,0,0,2,0,0,2.0,0,0,0,6,1,0,3,,1.0,39 59:15.000,2.0,0,75 12:58.636,0,0,0,0,67301,0,0,0,N,0,0,0,2,67301,0,,1,9,,N,N,,0,,0,0,0,3,2,N,658,0,2,0,0,0,0,0,3,4,1,2,98,,N,,,,,,,,,,,
2006125379,128.0,1,0,0,0,0,0,0,0,0,4,0,,67,10,2006,7,,,125.0,6,0,0,0,0,0,0,0,0,1.0,0,0,0,1,3,0,0,,1.0,,4.0,0,,0,0,0,0,67301,0,0,0,N,0,0,0,5,67301,0,,1,9,,N,N,,1,,0,0,1,0,0,N,124,0,3,0,0,0,0,0,3,3,0,3,7,,N,,,,,,,,,,,
2006082635,1716.0,1,0,0,1,0,0,0,0,0,6,0,,67,7,2006,6,,,1711.0,6,0,0,0,0,0,1,0,0,,0,0,0,16,1,1,2,,0.0,,,0,,4,0,0,0,67301,1,0,0,N,0,0,0,2,67301,1,,1,1,,N,N,,0,,0,0,0,3,3,,1650,1,2,0,0,0,0,0,3,3,0,1,3,,N,,,,,,,,,,,
2006080132,1240.0,2,0,0,0,0,0,0,0,0,4,0,,67,6,2006,7,39.9261,-75.2248,1230.0,6,0,0,0,0,0,1,0,0,,0,0,0,99,1,2,1,,0.0,39 55:33.000,,0,75 13:29.786,4,0,0,0,67301,0,0,0,N,0,0,0,4,67301,2,,1,9,,N,N,,0,,0,0,0,3,2,,9999,2,2,0,0,0,0,0,3,4,0,2,7,,N,,,,,,,,,,,
2006080279,1808.0,1,0,0,0,0,0,0,0,0,8,0,,67,7,2006,2,39.9525,-75.177,1759.0,6,0,0,0,0,0,1,0,0,2.0,0,0,0,17,1,1,1,,1.0,39 57:09.000,1.0,0,75 10:37.155,8,0,0,0,67301,1,0,0,N,1,0,0,2,67301,0,,1,1,,N,N,,0,,0,0,0,3,2,N,1745,1,2,0,0,0,1,0,3,4,0,1,3,,N,,,,,,,,,,,
2006065783,1431.0,1,0,0,0,0,0,0,0,0,0,0,,67,5,2006,3,40.0229,-75.0339,1428.0,6,0,0,0,0,0,0,0,0,,0,0,0,99,1,0,0,,0.0,40 01:22.314,,0,75 02:02.187,0,0,0,0,67301,0,0,0,N,0,0,0,1,67301,0,,1,1,,N,N,,0,,0,0,0,0,0,,9999,0,1,0,0,0,0,0,3,4,0,1,3,,N,,,,,,,,,,,
2006065787,1455.0,0,0,0,0,0,0,0,0,0,1,0,,67,6,2006,6,40.0381,-75.0648,1450.0,6,0,0,0,0,0,0,0,1,,0,0,0,14,1,5,1,,0.0,40 02:17.289,,0,75 03:53.236,4,0,0,0,67301,0,0,0,N,0,0,0,8,67301,2,,1,1,,N,N,,0,,0,0,1,9,2,,1445,5,2,0,0,6,3,0,3,4,1,2,3,,N,,,,,,,,,,,
2006063266,2244.0,0,0,0,0,0,0,0,0,0,7,0,,67,5,2006,4,,,2239.0,6,0,0,0,0,0,0,0,0,,0,0,0,22,2,1,1,,0.0,,,0,,4,0,0,1,67301,0,0,0,N,0,0,0,1,67301,1,,2,1,,N,N,,0,,0,0,0,3,2,,2235,1,1,0,0,0,0,0,3,3,0,1,3,,N,,,,,,,,,,,
2006112808,1400.0,1,0,0,0,0,0,0,0,0,4,0,,67,9,2006,4,39.9572,-75.1587,1357.0,6,0,0,0,0,0,0,0,0,9.0,0,0,0,13,1,2,1,,2.0,39 57:25.881,3.0,0,75 09:31.332,3,0,0,0,67301,0,0,0,N,0,0,0,2,67301,0,,1,9,,N,N,,1,,2,0,0,3,2,Y,1357,2,2,0,0,0,0,0,3,4,0,2,7,,N,,,,,,,,,,,
2006112817,738.0,1,0,0,0,0,0,0,0,0,7,0,,67,10,2006,2,40.0331,-75.2147,238.0,6,0,0,0,0,0,0,0,0,,0,0,0,2,3,0,0,,0.0,40 01:59.042,,0,75 12:53.090,0,0,0,0,67301,0,0,0,N,0,0,0,1,67301,0,,5,1,,N,N,,0,,0,0,0,0,0,,238,0,1,0,0,1,0,0,3,4,0,1,3,,N,,,,,,,,,,,
2006125451,112.0,2,0,0,0,0,0,0,0,0,1,0,,67,11,2006,2,40.0743,-75.0348,109.0,6,0,0,0,0,0,0,0,0,,0,0,0,1,3,0,1,,0.0,40 04:28.000,,0,75 02:06.082,9,0,0,0,67301,0,0,0,N,0,0,0,3,67301,0,,1,1,,N,N,,0,,0,0,0,3,2,,100,0,2,0,0,0,0,3,3,4,0,2,3,,N,,,,,,,,,,,
2006097874,932.0,0,0,0,0,0,0,0,0,0,7,0,,67,9,2006,3,,,930.0,6,0,0,0,0,0,0,0,0,1.0,0,0,0,9,1,0,0,,2.0,,4.0,0,,0,0,0,0,67301,0,0,0,N,0,0,0,1,67501,0,,5,1,,N,N,,0,,0,0,1,0,0,N,930,0,1,0,0,0,0,0,3,3,0,1,3,,N,,,,,,,,,,,
2006126807,150.0,2,0,0,0,0,0,0,0,0,1,0,,67,10,2006,7,39.9549,-75.1664,146.0,6,0,0,0,0,0,0,0,0,3.0,0,0,0,1,3,0,0,,2.0,39 57:29.000,4.0,0,75 10:11.410,0,0,0,0,67301,0,0,0,,0,0,0,5,67301,0,,1,1,,N,N,,0,,0,0,0,0,0,N,140,0,2,0,0,0,0,0,3,4,0,2,3,,N,,,,,,,,,,,
2006124288,132.0,1,0,0,0,0,0,0,0,0,7,0,,67,10,2006,7,39.9212,-75.2466,129.0,6,0,0,0,0,0,0,0,0,1.0,0,0,0,1,3,1,0,,2.0,39 55:16.000,4.0,0,75 14:48.148,3,0,0,0,67301,0,0,0,,0,0,0,1,67301,0,,2,9,,N,N,,0,,1,0,0,0,0,Y,123,1,1,0,0,0,0,0,3,4,0,1,7,,N,,,,,,,,,,,
2006115137,415.0,1,0,0,0,0,0,0,0,0,0,0,,67,10,2006,7,,,406.0,6,0,0,0,0,0,0,0,0,1.0,0,0,0,4,2,1,0,,1.0,,4.0,0,,4,0,0,0,67301,0,0,0,N,0,0,0,1,67301,1,,1,9,,N,N,,0,,0,0,0,0,0,N,406,1,1,0,0,0,0,0,3,3,0,1,7,,N,,,,,,,,,,,
2006114806,1135.0,1,0,0,0,0,0,0,0,0,4,0,,67,10,2006,6,40.0507,-75.1733,1120.0,6,0,0,0,0,0,1,0,0,,0,0,0,11,1,1,1,,0.0,40 03:02.000,,0,75 10:23.918,8,0,0,0,67301,0,0,0,N,0,0,0,2,67301,0,,1,9,,N,N,,1,,0,0,0,9,2,,1120,1,2,0,0,0,1,0,3,4,0,2,7,,N,,,,,,,,,,,
2006103688,248.0,1,0,0,0,0,0,0,0,0,7,0,,67,9,2006,6,,,248.0,6,0,1,0,0,0,0,0,0,2.0,0,0,0,2,3,2,1,,2.0,,6.0,0,,4,0,0,0,67301,0,0,0,N,0,0,0,2,67301,2,,5,1,,N,N,,0,,0,0,0,3,2,Y,219,2,1,0,0,2,0,0,3,3,0,1,3,,N,,,,,,,,,,,
2006096611,522.0,4,0,0,0,0,0,0,0,0,4,0,,67,7,2006,7,,,517.0,6,0,0,0,0,0,0,0,0,9.0,0,0,0,5,3,0,0,,1.0,,1.0,0,,0,0,0,0,67301,0,0,0,N,0,0,0,1,67301,0,,4,1,,N,N,,0,,0,0,0,0,0,N,510,0,4,0,0,0,0,0,3,3,0,4,3,,N,,,,,,,,,,,
2006102030,2035.0,1,0,0,0,0,0,0,0,0,8,0,,67,9,2006,4,39.9965,-75.1039,2035.0,6,0,0,0,0,0,0,0,0,1.0,0,0,0,20,3,1,0,,1.0,39 59:47.291,2.0,0,75 06:13.908,4,0,0,0,67301,1,0,0,N,1,0,0,2,67301,1,,1,1,,N,N,,0,,0,0,0,0,0,N,2033,1,2,0,0,0,0,0,3,4,0,1,3,,N,,,,,,,,,,,
2006125702,1410.0,0,0,0,0,0,0,0,0,0,1,1,,67,12,2006,5,,,1400.0,6,0,0,0,0,0,1,0,0,,0,1,0,13,1,1,0,,0.0,,,0,,4,0,0,0,67301,0,0,0,N,0,0,0,2,46104,1,,1,1,,N,N,,1,,0,0,0,0,0,,1359,1,2,0,0,0,0,0,3,3,0,2,3,,N,,,,,,,,,,,