CRN,ARRIVAL_TM,AUTOMOBILE_COUNT,BELTED_DEATH_COUNT,BELTED_SUSP_SERIOUS_INJ_COUNT,BICYCLE_COUNT,BICYCLE_DEATH_COUNT,BICYCLE_SUSP_SERIOUS_INJ_COUNT,BUS_COUNT,CHLDPAS_DEATH_COUNT,CHLDPAS_SUSP_SERIOUS_INJ_COUNT,COLLISION_TYPE,COMM_VEH_COUNT,CONS_ZONE_SPD_LIM,COUNTY,CRASH_MONTH,CRASH_YEAR,DAY_OF_WEEK,DEC_LAT,DEC_LONG,DISPATCH_TM,DISTRICT,DRIVER_COUNT_16YR,DRIVER_COUNT_17YR,DRIVER_COUNT_18YR,DRIVER_COUNT_19YR,DRIVER_COUNT_20YR,DRIVER_COUNT_50_64YR,DRIVER_COUNT_65_74YR,DRIVER_COUNT_75PLUS,EST_HRS_CLOSED,FATAL_COUNT,HEAVY_TRUCK_COUNT,HORSE_BUGGY_COUNT,HOUR_OF_DAY,ILLUMINATION,INJURY_COUNT,INTERSECT_TYPE,INTERSECTION_RELATED,LANE_CLOSED,LATITUDE,LN_CLOSE_DIR,LOCATION_TYPE,LONGITUDE,MAX_SEVERITY_LEVEL,MCYCLE_DEATH_COUNT,MCYCLE_SUSP_SERIOUS_INJ_COUNT,MOTORCYCLE_COUNT,MUNICIPALITY,NONMOTR_COUNT,NONMOTR_DEATH_COUNT,NONMOTR_SUSP_SERIOUS_INJ_COUNT,NTFY_HIWY_MAINT,PED_COUNT,PED_DEATH_COUNT,PED_SUSP_SERIOUS_INJ_COUNT,PERSON_COUNT,POLICE_AGCY,POSSIBLE_INJ_COUNT,RDWY_SURF_TYPE_CD,RELATION_TO_ROAD,ROAD_CONDITION,ROADWAY_CLEARED,SCH_BUS_IND,SCH_ZONE_IND,SECONDARY_CRASH,SMALL_TRUCK_COUNT,SPEC_JURIS_CD,SUSP_MINOR_INJ_COUNT,SUSP_SERIOUS_INJ_COUNT,SUV_COUNT,TCD_FUNC_CD,TCD_TYPE,TFC_DETOUR_IND,TIME_OF_DAY,TOT_INJ_COUNT,TOTAL_UNITS,UNB_DEATH_COUNT,UNB_SUSP_SERIOUS_INJ_COUNT,UNBELTED_OCC_COUNT,UNK_INJ_DEG_COUNT,UNK_INJ_PER_COUNT,URBAN_AREA,URBAN_RURAL,VAN_COUNT,VEHICLE_COUNT,WEATHER1,WEATHER2,WORK_ZONE_IND,WORK_ZONE_LOC,WORK_ZONE_TYPE,WORKERS_PRES,WZ_CLOSE_DETOUR,WZ_FLAGGER,WZ_LAW_OFFCR_IND,WZ_LN_CLOSURE,WZ_MOVING,WZ_OTHER,WZ_SHLDER_MDN,WZ_WORKERS_INJ_KILLED
2006125503,56.0,1,0,0,0,0,0,0,0,0,1,0,,67,10,2006,7,40.0457,-75.1293,51.0,6,0,0,0,0,0,1,0,0,,0,0,0,0,3,1,0,,0.0,40 02:44.664,,0,75 07:45.624,4,0,0,0,67301,0,0,0,N,0,0,0,1,67301,1,,2,9,,N,N,,0,,0,0,1,0,0,,41,1,2,0,0,0,0,0,3,4,0,2,7,,N,,,,,,,,,,,
2006101617,1540.0,2,0,0,0,0,0,0,0,0,2,0,,67,8,2006,7,39.9838,-75.2345,1537.0,6,0,0,1,0,0,1,0,0,,1,0,0,15,1,3,0,,0.0,39 59:01.726,,0,75 14:04.354,1,0,0,0,67301,0,0,0,,0,0,0,4,67301,1,2.0,1,1,,,,,0,0.0,0,2,0,0,0,,1537,3,2,0,0,0,0,0,3,4,0,2,3,,N,,,,,,,,,,,
2006102831,2005.0,1,0,0,0,0,0,0,0,0,7,0,,67,9,2006,7,,,2000.0,6,0,0,0,0,0,0,0,0,1.0,0,0,0,19,3,0,0,,2.0,,2.0,0,,0,0,0,0,67301,0,0,0,N,0,0,0,1,67301,0,,1,1,,N,N,,0,,0,0,0,0,0,N,1955,0,1,0,0,0,0,0,3,3,0,1,3,,N,,,,,,,,,,,
2006102836,1530.0,2,0,0,0,0,0,0,0,0,4,0,,67,8,2006,1,39.9579,-75.1641,1515.0,6,0,0,0,0,0,0,0,0,,0,0,0,14,1,3,1,,0.0,39 57:27.000,,0,75 09:50.847,8,0,0,0,67301,0,0,0,N,0,0,0,6,67301,0,,1,1,,N,N,,0,,0,0,0,3,2,,1440,3,2,0,0,0,3,2,3,4,0,2,3,,N,,,,,,,,,,,
2006102839,345.0,0,0,0,0,0,0,0,0,0,7,0,,67,9,2006,5,,,250.0,6,0,0,0,1,0,0,0,0,,0,0,0,20,3,1,1,,0.0,,,0,,3,0,0,0,67301,0,0,0,N,0,0,0,1,67301,0,,4,1,,N,N,,0,,1,0,0,9,2,,2036,1,1,0,0,0,0,0,3,3,1,1,3,,N,,,,,,,,,,,
2006083063,948.0,1,0,0,0,0,0,0,0,0,8,0,,67,5,2006,5,40.0046,-75.1403,942.0,6,0,0,0,0,0,1,0,0,,0,0,0,9,1,1,1,,0.0,40 00:16.736,,0,75 08:25.220,8,0,0,0,67301,1,0,0,N,1,0,0,2,67301,0,,1,1,,N,N,,0,,0,0,0,9,3,,940,1,2,0,0,1,1,0,3,4,0,1,3,,N,,,,,,,,,,,
2006082671,1530.0,2,0,0,0,0,0,0,0,0,2,0,,67,6,2006,2,39.9459,-75.2403,1524.0,6,0,0,0,0,0,1,0,0,,0,0,0,15,1,3,1,,0.0,39 56:44.000,,0,75 14:24.143,4,0,0,0,67301,0,0,0,N,0,0,0,5,67301,1,,1,1,,N,N,,0,,0,0,0,3,2,,1520,3,2,0,0,0,2,0,3,4,0,2,3,,N,,,,,,,,,,,
2006082675,1321.0,2,0,0,0,0,0,0,0,0,4,0,,67,7,2006,2,,,1317.0,6,0,0,0,0,1,0,0,0,,0,0,0,12,1,0,1,,0.0,,,0,,0,0,0,0,67301,0,0,0,N,0,0,0,2,67301,0,,1,1,,N,N,,0,,0,0,0,3,2,,1225,0,2,0,0,0,0,0,3,3,0,2,3,,N,,,,,,,,,,,
2006083075,605.0,2,0,0,0,0,0,0,0,0,1,0,,67,6,2006,4,,,600.0,6,0,0,0,0,0,0,0,0,,0,0,0,6,1,2,1,,0.0,,,0,,4,0,0,0,67301,0,0,0,N,0,0,0,2,67301,2,,1,1,,N,N,,0,,0,0,0,9,2,,600,2,2,0,0,0,0,0,3,3,0,2,3,,N,,,,,,,,,,,
2006082961,359.0,1,0,0,0,0,0,0,0,0,7,0,,67,6,2006,2,39.9168,-75.1713,356.0,6,0,0,0,0,0,0,0,0,1.0,0,0,0,3,3,0,1,,2.0,39 55:00.000,2.0,0,75 10:16.768,0,0,0,0,67301,0,0,0,N,0,0,0,2,67301,0,,3,1,,N,N,,0,,0,0,0,3,3,Y,356,0,1,0,0,1,0,0,3,4,0,1,3,,N,,,,,,,,,,,
2006080850,1926.0,1,0,0,0,0,0,0,0,0,8,0,,67,7,2006,5,,,1921.0,6,0,0,0,0,0,1,0,0,,0,0,0,19,1,1,0,,0.0,,,0,,4,0,0,0,67301,1,0,0,N,1,0,0,2,67301,1,,1,1,,N,N,,0,,0,0,0,2,2,,1921,1,2,0,0,0,0,0,3,3,0,1,3,,N,,,,,,,,,,,
2006096840,921.0,3,0,0,0,0,0,0,0,0,1,0,,67,8,2006,4,39.9576,-75.1603,918.0,6,0,0,1,0,0,0,0,0,1.0,0,0,0,9,1,0,0,,1.0,39 57:27.000,3.0,0,75 09:36.987,0,0,0,0,67301,0,0,0,N,0,0,0,5,67301,0,,1,1,,N,N,,0,,0,0,0,0,0,N,916,0,3,0,0,0,0,0,3,4,0,3,3,,N,,,,,,,,,,,
2006125475,1545.0,1,0,0,0,0,0,0,0,0,4,0,,67,11,2006,4,40.125,-75.0147,1540.0,6,0,0,1,0,0,0,0,1,,0,0,0,15,1,1,2,,0.0,40 07:30.000,,0,75 00:52.992,4,0,0,0,67301,0,0,0,,0,0,0,4,67301,1,,1,9,,,,,0,,0,0,1,3,2,,1540,1,2,0,0,0,0,0,3,4,0,2,7,,N,,,,,,,,,,,
2006082571,1453.0,1,0,0,0,0,0,0,0,0,7,0,,67,6,2006,2,40.0309,-75.2304,1453.0,6,0,0,0,0,0,0,1,0,9.0,0,0,0,14,1,0,2,,2.0,40 01:51.412,7.0,0,75 13:49.565,0,0,0,0,67301,0,0,0,N,0,0,0,1,67301,0,,4,9,,N,N,,1,,0,0,0,3,3,Y,1448,0,2,0,0,0,0,0,3,4,0,2,7,,N,,,,,,,,,,,
2006082577,1320.0,1,0,0,1,0,0,0,0,0,4,0,,67,7,2006,1,40.0263,-75.0778,1315.0,6,0,0,0,0,0,0,0,0,,0,0,0,12,1,1,2,,0.0,40 01:34.615,,0,75 04:40.079,4,0,0,0,67301,1,0,0,N,0,0,0,2,67301,1,,1,1,,N,N,,0,,0,0,0,3,2,,1215,1,2,0,0,1,0,0,3,4,0,1,3,,N,,,,,,,,,,,
2006065592,2100.0,2,0,0,0,0,0,0,0,0,4,0,,67,5,2006,7,40.0614,-75.0839,2100.0,6,0,1,0,0,0,0,0,0,1.0,0,0,0,21,3,2,1,,1.0,40 03:41.000,2.0,0,75 05:02.008,8,0,0,0,67301,0,0,0,,0,0,0,2,67301,0,,1,1,,,,,0,,0,0,0,3,2,Y,2100,2,2,0,0,0,2,0,3,4,0,2,3,,N,,,,,,,,,,,
2006065623,1238.0,2,0,0,0,0,0,0,0,0,4,0,,67,5,2006,7,,,1234.0,6,0,0,0,0,0,0,0,0,,0,0,0,12,1,2,1,,0.0,,,0,,8,0,0,0,67301,0,0,0,N,0,0,0,5,67301,0,,1,1,,N,N,,0,,0,0,0,3,2,,1230,2,2,0,0,0,2,0,3,3,0,2,3,,N,,,,,,,,,,,
2006096033,1502.0,2,0,0,0,0,0,0,0,0,4,0,,67,7,2006,2,40.0456,-75.1285,1500.0,6,0,0,0,0,0,0,0,0,,0,0,0,14,1,1,1,,0.0,40 02:44.000,,0,75 07:42.525,8,0,0,0,67301,0,0,0,N,0,0,0,2,67301,0,,1,1,,N,N,,0,,0,0,0,3,2,,1455,1,2,0,0,2,1,0,3,4,0,2,3,,N,,,,,,,,,,,
2006112821,2020.0,0,0,0,0,0,0,0,0,0,8,0,,67,9,2006,2,39.9889,-75.1273,2015.0,6,0,0,0,0,0,0,0,0,,0,0,0,8,1,1,1,,0.0,39 59:19.892,,0,75 07:38.391,8,0,0,0,67301,1,0,0,N,1,0,0,2,67301,0,,1,1,,N,N,,0,,0,0,0,0,0,,830,1,2,0,0,0,1,0,3,4,1,1,3,,N,,,,,,,,,,,
2006112831,159.0,2,0,0,0,0,0,0,0,0,4,0,,67,9,2006,3,40.0314,-75.1548,157.0,6,0,0,1,0,0,0,0,0,,0,0,0,22,3,1,1,,0.0,40 01:53.151,,0,75 09:17.114,4,0,0,0,67301,0,0,0,,0,0,0,2,67301,1,,1,1,,N,N,,0,,0,0,0,9,2,,2200,1,2,0,0,0,0,1,3,4,0,2,3,,N,,,,,,,,,,,
2006112863,2200.0,0,0,0,0,0,0,0,0,0,1,0,,67,9,2006,7,39.954,-75.2261,2152.0,6,0,0,0,0,0,0,0,0,,0,0,0,21,3,3,2,,0.0,39 57:14.000,,0,75 13:34.118,4,0,0,0,67301,0,0,0,N,0,0,0,5,67301,3,,1,1,,N,N,,0,,0,0,2,0,0,,2100,3,3,0,0,1,0,2,3,4,1,3,3,,N,,,,,,,,,,,
2006125418,2203.0,2,0,0,0,0,0,0,0,0,2,0,,67,11,2006,1,40.0394,-75.0774,2157.0,6,0,0,0,0,1,0,0,0,1.0,0,0,0,21,3,1,1,,1.0,40 02:21.000,2.0,0,75 04:38.791,4,0,0,0,67301,0,0,0,N,0,0,0,2,67301,1,,1,1,,N,N,,0,,0,0,0,3,2,Y,2152,1,2,0,0,0,0,1,3,4,0,2,3,,N,,,,,,,,,,,
2006125420,954.0,2,0,0,0,0,0,0,0,0,1,0,,67,10,2006,6,40.0403,-75.079,952.0,6,0,0,0,0,0,0,1,1,,0,0,0,9,1,1,2,,0.0,40 02:24.000,,0,75 04:44.653,4,0,0,0,67301,0,0,0,N,0,0,0,3,67301,1,,1,9,,N,N,,0,,0,0,0,3,2,,952,1,2,0,0,0,0,0,3,4,0,2,7,,N,,,,,,,,,,,
2006124385,2043.0,2,0,0,0,0,0,0,0,0,1,0,,67,10,2006,2,39.9385,-75.1421,2033.0,6,0,0,1,0,0,0,0,0,,0,0,0,20,3,7,2,,0.0,39 56:18.000,,2,75 08:31.527,8,0,0,0,67301,0,0,0,N,0,0,0,8,67301,0,,1,1,,N,N,,0,,0,0,2,3,2,,2033,7,4,0,0,2,7,0,3,4,0,4,3,,N,,,,,,,,,,,
2006114799,820.0,2,0,0,0,0,0,0,0,0,4,0,,67,10,2006,7,39.9673,-75.1807,813.0,6,0,0,0,0,1,0,0,0,1.0,0,0,0,8,1,1,1,,1.0,39 58:02.000,3.0,0,75 10:51.357,8,0,0,0,67301,0,0,0,N,0,0,0,4,67301,0,,1,9,,N,N,,0,,0,0,0,0,0,Y,812,1,2,0,0,0,1,0,3,4,0,2,7,,N,,,,,,,,,,,
2006114807,46.0,3,0,0,0,0,0,0,0,0,1,0,,67,10,2006,2,40.0808,-75.1698,38.0,6,0,0,0,0,0,1,1,0,,0,0,0,23,3,1,2,,0.0,,,0,,8,0,0,0,67301,0,0,0,N,0,0,0,3,67301,0,,1,1,,N,N,,0,,0,0,0,3,2,,2300,1,3,0,0,0,1,0,3,4,0,3,3,,N,,,,,,,,,,,
2006114736,9999.0,1,0,0,0,0,0,0,0,0,8,0,,67,10,2006,7,40.0152,-75.2076,9999.0,6,0,0,0,0,0,0,0,0,,0,0,0,9,1,1,0,,0.0,40 00:54.000,,0,75 12:27.126,4,0,0,0,67301,1,0,0,N,1,0,0,2,67301,1,,1,1,,N,N,,0,,0,0,0,3,2,,900,1,2,0,0,0,0,1,3,4,0,1,3,,N,,,,,,,,,,,
2006114748,1619.0,0,0,0,0,0,0,0,0,0,8,0,,67,10,2006,4,39.9402,-75.168,1617.0,6,0,0,0,0,0,0,0,0,,0,0,0,16,1,1,10,,0.0,39 56:24.885,,0,75 10:04.702,3,0,0,0,67301,1,0,0,N,1,0,0,2,67301,0,,1,9,,N,N,,0,,1,0,0,3,2,,1613,1,2,0,0,0,0,1,3,4,1,1,7,,N,,,,,,,,,,,
2006114406,1758.0,1,0,0,0,0,0,0,0,0,7,0,,67,9,2006,7,39.9446,-75.2337,1756.0,6,0,0,0,0,0,1,0,0,,0,0,0,17,1,0,10,,0.0,39 56:40.549,,0,75 14:01.478,0,0,0,0,67301,0,0,0,,0,0,0,1,67301,0,,4,1,,N,N,,0,,0,0,0,0,0,,1756,0,1,0,0,0,0,0,3,4,0,1,3,,N,,,,,,,,,,,
2006105140,1230.0,0,0,0,0,0,0,0,0,0,0,0,,67,8,2006,7,40.0213,-75.1934,1224.0,6,0,0,0,0,0,0,0,0,,0,0,0,12,1,1,0,,0.0,40 01:16.000,,3,75 11:36.204,4,0,0,1,67301,0,0,0,,0,0,0,1,67301,1,,1,1,,,,,0,,0,0,0,0,0,,1218,1,1,0,0,0,0,0,3,4,0,1,3,,N,,,,,,,,,,,
2006093442,149.0,1,0,0,0,0,0,0,0,0,7,0,,67,8,2006,7,39.9598,-75.1782,142.0,6,0,0,1,0,0,0,0,0,2.0,0,0,0,1,3,0,0,,2.0,39 57:35.000,3.0,0,75 10:42.689,0,0,0,0,67301,0,0,0,N,0,0,0,2,67301,0,,2,1,,N,N,,0,,0,0,0,0,0,N,140,0,1,0,0,0,0,0,3,4,0,1,3,,N,,,,,,,,,,,
2006093453,2305.0,2,0,0,0,0,0,0,0,0,4,0,,67,8,2006,6,39.9613,-75.1752,2305.0,6,0,0,0,0,0,0,0,0,,0,0,0,23,3,0,1,,0.0,39 57:40.000,,0,75 10:31.301,0,0,0,0,67301,0,0,0,N,0,0,0,4,67301,0,,1,1,,N,N,,0,,0,0,0,3,2,,2300,0,2,0,0,0,0,0,3,4,0,2,3,,N,,,,,,,,,,,
2006093412,1530.0,2,0,0,0,0,0,0,0,0,4,0,,67,8,2006,3,40.0456,-75.0714,1525.0,6,0,0,0,0,1,1,0,0,,0,0,0,15,1,0,1,,0.0,40 02:44.000,,0,75 04:17.204,0,0,0,0,67301,0,0,0,N,0,0,0,6,67301,0,,1,1,,N,N,,0,,0,0,0,3,2,,1525,0,2,0,0,0,0,0,3,4,0,2,3,,N,,,,,,,,,,,
2006093589,824.0,1,0,0,0,0,0,0,0,0,4,0,,67,8,2006,2,,,812.0,6,0,0,0,0,0,0,0,0,,0,0,0,8,1,1,0,,0.0,,,0,,4,0,0,0,67301,0,0,0,N,0,0,0,5,67301,1,,2,1,,N,N,,1,,0,0,0,0,0,,810,1,2,0,0,0,0,0,3,3,0,2,3,,N,,,,,,,,,,,
2006054546,1945.0,3,0,0,0,0,0,0,0,0,1,0,,67,4,2006,7,40.0289,-75.0895,1940.0,6,0,0,0,0,0,0,0,0,,0,0,0,19,3,1,1,,0.0,40 01:43.000,,0,75 05:23.084,4,0,0,0,67301,0,0,0,,0,0,0,3,67301,1,,1,1,,,,,0,,0,0,0,3,2,,1930,1,3,0,0,0,0,0,3,4,0,3,3,,N,,,,,,,,,,,
2006093605,9999.0,2,0,0,0,0,0,0,0,0,1,0,,67,8,2006,6,40.0016,-75.1529,915.0,6,0,0,0,0,0,0,0,0,,0,0,0,8,1,1,0,,0.0,40 00:05.000,,0,75 09:10.929,3,0,0,0,67301,0,0,0,N,0,0,0,2,67301,0,,1,1,,N,N,,0,,1,0,0,3,2,,820,1,2,0,0,0,0,1,3,4,0,2,3,,N,,,,,,,,,,,
2006054613,1555.0,1,0,0,0,0,0,0,0,0,8,0,,67,4,2006,1,39.9185,-75.2259,1548.0,6,0,0,0,0,0,0,0,0,,0,0,0,15,1,1,1,,0.0,39 55:06.000,,0,75 13:33.315,4,0,0,0,67301,1,0,0,N,1,0,0,2,67301,1,,1,1,,N,N,,0,,0,0,0,3,2,,1518,1,2,0,0,0,0,0,3,4,0,1,3,,N,,,,,,,,,,,
2006054690,1255.0,2,0,0,0,0,0,0,0,0,4,0,,67,3,2006,7,39.9603,-75.1739,1226.0,6,0,0,0,0,0,2,0,0,,0,0,0,12,1,2,5,,0.0,39 57:37.000,,0,75 10:26.445,4,0,0,0,67301,0,0,0,N,0,0,0,2,67301,2,,1,1,,N,N,,0,,0,0,0,3,2,,1220,2,2,0,0,0,0,0,3,4,0,2,3,,N,,,,,,,,,,,
2006080899,1645.0,2,0,0,0,0,0,1,0,0,4,1,,67,5,2006,6,,,1642.0,6,0,0,0,0,0,1,0,0,,0,0,0,16,1,0,0,,0.0,,,0,,0,0,0,0,67301,0,0,0,N,0,0,0,3,67301,0,,1,9,,N,N,,0,,0,0,0,0,0,,1642,0,3,0,0,0,0,0,3,3,0,3,3,,N,,,,,,,,,,,
2006096644,2115.0,0,0,0,0,0,0,0,0,0,4,0,,67,7,2006,6,40.0018,-75.1545,2111.0,6,0,1,0,0,0,0,0,0,,0,0,0,21,3,1,2,,0.0,40 00:06.000,,0,75 09:16.596,3,0,0,0,67301,0,0,0,N,0,0,0,2,67301,0,,1,1,,N,N,,0,,1,0,1,0,0,,2111,1,2,0,0,0,0,1,3,4,0,2,3,,N,,,,,,,,,,,
2006102071,2145.0,1,0,0,0,0,0,0,0,0,8,0,,67,9,2006,5,39.9416,-75.1492,2135.0,6,0,0,0,0,0,0,0,0,,0,0,0,17,1,1,0,,0.0,39 56:29.709,,0,75 08:57.235,3,0,0,0,67301,1,0,0,,1,0,0,2,67301,0,,1,1,,,,,0,,1,0,0,3,2,,1745,1,2,0,0,0,0,0,3,4,0,1,3,,N,,,,,,,,,,,
2006101794,1355.0,1,0,0,1,0,0,0,0,0,8,0,,67,9,2006,1,,,1350.0,6,0,0,0,0,0,0,0,0,,0,0,0,13,1,1,0,,0.0,,,0,,4,0,0,0,67301,1,0,0,N,0,0,0,2,67301,1,,1,1,,N,N,,0,,0,0,0,0,0,,1350,1,2,0,0,0,0,0,3,3,0,1,3,,N,,,,,,,,,,,
2006101890,113.0,0,0,0,0,0,0,0,0,0,8,0,,67,9,2006,5,39.926,-75.1448,112.0,6,0,0,0,0,0,0,0,0,,0,0,0,1,3,1,0,,0.0,39 55:33.000,,0,75 08:40.628,4,0,0,0,67301,1,0,0,N,1,0,0,2,67301,1,,2,1,,N,N,,1,,0,0,0,0,0,,110,1,2,0,0,1,0,0,3,4,0,1,3,,N,,,,,,,,,,,
2006101916,105.0,0,0,0,0,0,0,0,0,0,7,0,,67,8,2006,5,39.9518,-75.1841,102.0,6,0,0,0,0,0,0,0,0,2.0,0,0,0,1,3,1,2,,1.0,39 57:06.000,4.0,0,75 10:59.624,8,0,0,0,67301,0,0,0,N,0,0,0,1,67301,0,,2,1,,N,N,,0,,0,0,0,3,3,Y,100,1,1,0,0,1,1,0,3,4,1,1,3,,N,,,,,,,,,,,
2006113974,418.0,1,0,0,0,0,0,0,0,0,7,0,,67,9,2006,7,39.9751,-75.1879,9999.0,6,0,0,0,0,0,0,0,0,3.0,2,0,0,4,3,2,0,,2.0,39 58:30.000,7.0,0,75 11:16.430,1,0,0,0,67301,0,0,0,Y,0,0,0,4,67301,0,2.0,5,1,,N,N,,0,0.0,2,0,0,0,0,Y,418,2,1,2,0,2,0,0,3,4,0,1,3,,N,,,,,,,,,,,
2006102852,1950.0,2,0,0,0,0,0,0,0,0,4,0,,67,9,2006,7,40.0209,-75.1487,1943.0,6,0,0,0,0,0,1,0,0,,0,0,0,19,3,0,2,,0.0,40 01:14.000,,0,75 08:55.662,0,0,0,0,67301,0,0,0,N,0,0,0,2,67301,0,,1,1,,N,N,,0,,0,0,0,0,0,,1939,0,2,0,0,0,0,0,3,4,0,2,3,,N,,,,,,,,,,,
2006080562,230.0,3,0,0,0,0,0,0,0,0,1,0,,67,6,2006,1,40.0401,-75.0469,223.0,6,0,0,0,0,0,0,0,0,2.0,0,0,0,2,3,0,0,,1.0,40 02:24.360,7.0,0,75 02:48.840,0,0,0,0,67301,0,0,0,N,0,0,0,1,67301,0,,6,1,,N,N,,0,,0,0,0,0,0,N,215,0,3,0,0,1,0,0,3,4,0,3,3,,N,,,,,,,,,,,
2006080592,638.0,1,0,0,1,0,0,0,0,0,4,0,,67,7,2006,5,,,635.0,6,0,0,0,0,0,0,0,0,,0,0,0,6,1,1,1,,0.0,,,0,,4,0,0,0,67301,1,0,0,,0,0,0,2,67301,1,,1,1,,,,,0,,0,0,0,9,3,,630,1,2,0,0,0,0,0,3,3,0,1,3,,N,,,,,,,,,,,
2006083064,1518.0,0,0,0,0,0,0,0,0,0,0,0,,67,6,2006,5,40.0194,-75.1463,1512.0,6,0,0,0,0,0,0,0,0,,0,0,0,15,1,1,10,,0.0,40 01:10.200,,0,75 08:47.400,4,0,0,1,67301,0,0,0,N,0,0,0,1,67301,1,,1,1,,N,N,,0,,0,0,0,0,0,,1500,1,1,0,0,0,0,0,3,4,0,1,3,,N,,,,,,,,,,,
2006082651,1336.0,0,0,0,0,0,0,0,0,0,8,1,,67,6,2006,6,40.0224,-75.0781,1330.0,6,0,0,0,0,0,1,0,0,,0,0,0,13,1,1,1,,0.0,40 01:20.000,,0,75 04:41.419,4,0,0,0,67301,1,0,0,N,1,0,0,2,67301,1,,1,1,,N,N,,1,,0,0,0,3,2,,1325,1,2,0,0,0,0,0,3,4,0,1,3,,N,,,,,,,,,,,
2006080803,58.0,0,0,0,0,0,0,0,0,0,7,0,,67,6,2006,1,,,55.0,6,0,0,0,0,0,0,0,0,,0,0,0,0,3,1,0,,0.0,,,0,,4,0,0,0,67301,0,0,0,N,0,0,0,1,67301,1,,5,1,,N,N,,0,,0,0,1,0,0,,50,1,1,0,0,0,0,0,3,3,0,1,3,,N,,,,,,,,,,,
2006021618,1632.0,1,0,0,0,0,0,0,0,0,7,0,,67,1,2006,5,40.0461,-75.0904,1628.0,6,0,0,0,0,0,0,0,0,,0,0,0,16,1,1,1,,0.0,40 02:46.078,,0,75 05:25.562,4,0,0,0,67301,0,0,0,N,0,0,0,1,67301,1,,4,1,,N,N,,0,,0,0,0,3,3,,1620,1,1,0,0,1,0,0,3,4,0,1,3,,N,,,,,,,,,,,
2006125465,1021.0,0,0,0,0,0,0,0,0,0,7,0,,67,10,2006,5,40.0016,-75.0668,1019.0,6,0,1,0,0,0,0,0,0,,0,0,0,10,1,0,2,,0.0,40 00:05.853,,0,75 04:00.404,0,0,0,0,67301,0,0,0,N,0,0,0,3,67301,0,,4,1,,N,N,,0,,0,0,1,0,0,,1015,0,1,0,0,0,0,0,3,4,0,1,3,,N,,,,,,,,,,,
2006082548,2308.0,2,0,0,0,0,0,0,0,0,1,0,,67,5,2006,6,40.0424,-75.0506,2307.0,6,0,0,1,0,0,0,0,0,,0,0,0,23,3,1,1,,0.0,40 02:32.000,,0,75 03:02.354,4,0,0,0,67301,0,0,0,N,0,0,0,2,67301,1,,1,1,,N,N,,0,,0,0,0,0,0,,2300,1,2,0,0,0,0,1,3,4,0,2,3,,N,,,,,,,,,,,
2006125321,2123.0,2,0,0,0,0,0,0,0,0,4,0,,67,11,2006,2,40.0517,-75.1503,2130.0,6,0,0,0,0,0,1,0,0,,0,0,0,19,3,2,3,,0.0,40 03:06.000,,0,75 09:01.523,4,0,0,0,67301,0,0,0,N,0,0,0,3,67301,2,,1,1,,N,N,,0,,0,0,0,3,2,,1930,2,2,0,0,0,0,0,3,4,0,2,3,,N,,,,,,,,,,,
2006125386,950.0,1,0,0,0,0,0,0,0,0,5,0,,67,11,2006,4,40.0203,-75.0804,949.0,6,0,0,0,0,1,0,0,0,,0,0,0,9,1,3,1,,0.0,40 01:13.000,,0,75 04:49.705,8,0,0,0,67301,0,0,0,,0,0,0,4,67301,0,,1,9,,,,,1,,0,0,0,0,0,,947,3,2,0,0,0,3,0,3,4,0,2,7,,N,,,,,,,,,,,
2006125392,845.0,2,0,0,0,0,0,1,0,0,1,1,,67,10,2006,3,40.0369,-75.0407,843.0,6,0,0,0,0,0,0,0,0,2.0,0,0,0,99,1,3,0,,2.0,40 02:12.689,5.0,0,75 02:26.562,4,0,0,0,67301,0,0,0,N,0,0,0,4,67301,3,,1,1,,N,,,0,,0,0,0,0,0,Y,9999,3,3,0,0,0,0,0,3,4,0,3,3,,N,,,,,,,,,,,
2006103510,1605.0,0,0,0,0,0,0,0,0,0,4,0,,67,9,2006,7,,,1603.0,6,0,0,0,0,0,0,0,0,,0,0,0,13,1,2,1,,0.0,,,0,,4,0,0,0,67301,0,0,0,N,0,0,0,3,67301,2,,1,9,,N,N,,0,,0,0,1,9,3,,1350,2,2,0,0,0,0,1,3,3,1,2,7,,N,,,,,,,,,,,
2006080281,2158.0,0,0,0,0,0,0,0,0,0,8,0,,67,6,2006,6,40.0432,-75.1437,2157.0,6,0,0,0,0,0,0,0,0,1.0,0,0,0,21,3,1,0,,2.0,40 02:35.520,1.0,0,75 08:37.680,4,0,0,0,67301,1,0,0,,1,0,0,2,67301,1,,1,9,,N,N,,0,,0,0,1,3,2,N,2155,1,2,0,0,1,0,0,3,4,0,1,7,,N,,,,,,,,,,,
2006115661,1630.0,1,0,0,0,0,0,0,0,0,8,0,,67,10,2006,1,40.0294,-75.1468,1628.0,6,0,0,0,0,0,1,0,0,,0,0,0,16,1,1,1,,0.0,40 01:46.000,,0,75 08:48.913,8,0,0,0,67301,1,0,0,N,1,0,0,2,67301,0,,1,1,,N,N,,0,,0,0,0,3,2,,1622,1,2,0,0,1,1,0,3,4,0,1,3,,N,,,,,,,,,,,