CRN,ARRIVAL_TM,AUTOMOBILE_COUNT,BELTED_DEATH_COUNT,BELTED_SUSP_SERIOUS_INJ_COUNT,BICYCLE_COUNT,BICYCLE_DEATH_COUNT,BICYCLE_SUSP_SERIOUS_INJ_COUNT,BUS_COUNT,CHLDPAS_DEATH_COUNT,CHLDPAS_SUSP_SERIOUS_INJ_COUNT,COLLISION_TYPE,COMM_VEH_COUNT,CONS_ZONE_SPD_LIM,COUNTY,CRASH_MONTH,CRASH_YEAR,DAY_OF_WEEK,DEC_LAT,DEC_LONG,DISPATCH_TM,DISTRICT,DRIVER_COUNT_16YR,DRIVER_COUNT_17YR,DRIVER_COUNT_18YR,DRIVER_COUNT_19YR,DRIVER_COUNT_20YR,DRIVER_COUNT_50_64YR,DRIVER_COUNT_65_74YR,DRIVER_COUNT_75PLUS,EST_HRS_CLOSED,FATAL_COUNT,HEAVY_TRUCK_COUNT,HORSE_BUGGY_COUNT,HOUR_OF_DAY,ILLUMINATION,INJURY_COUNT,INTERSECT_TYPE,INTERSECTION_RELATED,LANE_CLOSED,LATITUDE,LN_CLOSE_DIR,LOCATION_TYPE,LONGITUDE,MAX_SEVERITY_LEVEL,MCYCLE_DEATH_COUNT,MCYCLE_SUSP_SERIOUS_INJ_COUNT,MOTORCYCLE_COUNT,MUNICIPALITY,NONMOTR_COUNT,NONMOTR_DEATH_COUNT,NONMOTR_SUSP_SERIOUS_INJ_COUNT,NTFY_HIWY_MAINT,PED_COUNT,PED_DEATH_COUNT,PED_SUSP_SERIOUS_INJ_COUNT,PERSON_COUNT,POLICE_AGCY,POSSIBLE_INJ_COUNT,RDWY_SURF_TYPE_CD,RELATION_TO_ROAD,ROAD_CONDITION,ROADWAY_CLEARED,SCH_BUS_IND,SCH_ZONE_IND,SECONDARY_CRASH,SMALL_TRUCK_COUNT,SPEC_JURIS_CD,SUSP_MINOR_INJ_COUNT,SUSP_SERIOUS_INJ_COUNT,SUV_COUNT,TCD_FUNC_CD,TCD_TYPE,TFC_DETOUR_IND,TIME_OF_DAY,TOT_INJ_COUNT,TOTAL_UNITS,UNB_DEATH_COUNT,UNB_SUSP_SERIOUS_INJ_COUNT,UNBELTED_OCC_COUNT,UNK_INJ_DEG_COUNT,UNK_INJ_PER_COUNT,URBAN_AREA,URBAN_RURAL,VAN_COUNT,VEHICLE_COUNT,WEATHER1,WEATHER2,WORK_ZONE_IND,WORK_ZONE_LOC,WORK_ZONE_TYPE,WORKERS_PRES,WZ_CLOSE_DETOUR,WZ_FLAGGER,WZ_LAW_OFFCR_IND,WZ_LN_CLOSURE,WZ_MOVING,WZ_OTHER,WZ_SHLDER_MDN,WZ_WORKERS_INJ_KILLED
2006125253,1900.0,1,0,0,0,0,0,0,0,0,8,0,,67,11,2006,6,40.0689,-75.1817,1855.0,6,0,0,0,0,0,0,0,0,,0,0,0,18,3,1,0,,0.0,40 04:08.000,,0,75 10:54.364,3,0,0,0,67301,1,0,0,N,1,0,0,2,67301,0,,1,1,,N,N,,0,,1,0,0,0,0,,1835,1,2,0,0,1,0,0,3,4,0,1,3,,N,,,,,,,,,,,
2006095930,2025.0,2,0,0,0,0,0,0,0,0,2,0,,67,7,2006,5,39.94,-75.1662,2022.0,6,0,0,0,0,0,1,0,0,,0,0,0,20,3,0,1,,0.0,39 56:23.000,,0,75 09:58.230,0,0,0,0,67301,0,0,0,N,0,0,0,4,67301,0,,1,9,,N,N,,0,,0,0,0,3,2,,2010,0,2,0,0,2,0,0,3,4,0,2,7,,N,,,,,,,,,,,
2006065629,1343.0,0,0,0,0,0,0,0,0,0,1,0,,67,5,2006,1,40.0527,-75.2272,1340.0,6,0,0,0,0,0,0,0,0,,0,0,0,13,1,3,0,,0.0,40 03:09.360,,0,75 13:37.200,8,0,0,0,67301,0,0,0,N,0,0,0,4,67301,0,,1,1,,N,N,,1,,0,0,1,3,2,,1340,3,2,0,0,0,3,1,3,4,0,2,3,,N,,,,,,,,,,,
2006113031,233.0,4,0,0,0,0,0,0,0,0,5,0,,67,9,2006,1,39.978,-75.2506,232.0,6,0,0,0,0,0,0,0,0,,0,0,0,2,3,0,0,,0.0,39 58:40.854,,0,75 15:02.160,9,0,0,0,67301,0,0,0,N,0,0,0,1,67301,0,,1,1,,N,N,,0,,0,0,0,0,0,,232,0,4,0,0,0,0,1,3,4,0,4,3,,N,,,,,,,,,,,
2006115580,101.0,1,0,0,0,0,0,0,0,0,1,0,,67,10,2006,2,40.0299,-75.1046,1256.0,6,0,0,0,0,0,0,0,1,,0,0,0,12,1,1,3,,0.0,40 01:47.000,,0,75 06:15.633,4,0,0,0,67301,0,0,0,N,0,0,0,2,67301,1,,1,1,,N,N,,1,,0,0,0,3,2,,1235,1,2,0,0,0,0,1,3,4,0,2,3,,N,,,,,,,,,,,
2006066005,1633.0,2,0,0,0,0,0,0,0,0,4,0,,67,5,2006,7,40.0564,-75.1526,1629.0,6,0,0,0,0,0,1,0,0,,0,0,0,16,1,0,1,,0.0,40 03:22.935,,0,75 09:09.367,0,0,0,0,67301,0,0,0,N,0,0,0,2,67301,0,,1,1,,N,N,,0,,0,0,0,3,2,,1611,0,2,0,0,0,0,0,3,4,0,2,3,,N,,,,,,,,,,,
2006112841,1014.0,0,0,0,0,0,0,0,0,0,6,0,,67,9,2006,7,40.0673,-75.0282,1007.0,6,0,1,0,0,0,0,0,0,,0,0,0,10,1,1,2,,0.0,40 04:02.000,,7,75 01:41.178,4,0,0,0,67301,0,0,0,N,0,0,0,3,67301,1,,1,9,,N,N,,1,,0,0,1,3,2,,1005,1,2,0,0,0,0,0,3,4,0,2,7,,N,,,,,,,,,,,
2006112867,1710.0,2,0,0,0,0,0,0,0,0,4,0,,67,9,2006,3,39.956,-75.1606,1657.0,6,0,0,0,0,0,1,0,1,,0,0,0,16,1,1,1,,0.0,39 57:21.490,,0,75 09:38.204,4,0,0,0,67301,0,0,0,N,0,0,0,2,67301,1,,1,1,,N,N,,0,,0,0,0,3,2,,1650,1,2,0,0,0,0,0,3,4,0,2,3,,N,,,,,,,,,,,
2006114700,1831.0,2,0,0,0,0,0,0,0,0,5,0,,67,10,2006,2,40.0223,-75.162,1830.0,6,0,0,0,0,1,0,0,0,,0,0,0,18,4,2,3,,0.0,40 01:20.000,,0,75 09:43.405,4,0,0,0,67301,0,0,0,,0,0,0,3,67301,1,,1,1,,N,,,0,,0,0,0,3,2,,1825,2,2,0,0,0,1,0,3,4,0,2,3,,N,,,,,,,,,,,
2006116545,1315.0,2,0,0,0,0,0,0,0,0,1,0,,67,10,2006,3,40.0101,-75.1576,1312.0,6,0,0,0,0,0,2,0,0,,0,0,0,13,1,1,2,,0.0,40 00:35.000,,0,75 09:22.032,4,0,0,0,67301,0,0,0,N,0,0,0,2,67301,1,,1,1,,N,N,,0,,0,0,0,0,0,,1310,1,2,0,0,0,0,0,3,4,0,2,3,,N,,,,,,,,,,,
2006123749,723.0,1,0,0,0,0,0,0,0,0,4,0,,67,10,2006,2,39.9336,-75.1457,719.0,6,0,0,0,0,0,0,0,0,,0,0,0,7,1,1,1,,0.0,39 56:00.960,,0,75 08:44.440,4,0,0,0,67301,0,0,0,N,0,0,0,4,67301,1,,1,1,,N,N,,0,,0,0,0,3,3,,710,1,2,0,0,0,0,0,3,4,1,2,3,,N,,,,,,,,,,,
2006126393,1548.0,2,0,0,0,0,0,0,0,0,4,0,,67,11,2006,5,39.9589,-75.2353,1542.0,6,0,0,0,0,0,1,1,0,,0,0,0,15,1,1,1,,0.0,39 57:32.230,,0,75 14:07.234,8,0,0,0,67301,0,0,0,,0,0,0,3,67301,0,,1,1,,,,,0,,0,0,0,9,3,,1542,1,2,0,0,0,1,0,3,4,0,2,3,,N,,,,,,,,,,,
2006116240,1825.0,0,0,0,0,0,0,0,0,0,0,0,,67,10,2006,1,40.0105,-75.1611,1820.0,6,0,0,0,0,0,0,0,0,,0,0,0,18,1,1,0,,0.0,40 00:37.000,,0,75 09:40.667,3,0,0,1,67301,0,0,0,,0,0,0,1,67301,0,,1,1,,,,,0,,1,0,0,0,0,,1815,1,1,0,0,0,0,0,3,4,0,1,3,,N,,,,,,,,,,,
2006123788,2044.0,2,0,0,0,0,0,0,0,0,4,0,,67,10,2006,4,39.992,-75.1402,2044.0,6,0,0,0,0,0,1,0,0,,0,0,0,20,3,0,1,,0.0,39 59:30.000,,0,75 08:24.962,9,0,0,0,67301,0,0,0,N,0,0,0,4,67301,0,,1,1,,N,N,,0,,0,0,0,3,2,,2000,0,2,0,0,0,0,2,3,4,0,2,3,,N,,,,,,,,,,,
2006123790,1059.0,1,0,0,0,0,0,0,0,0,8,0,,67,10,2006,2,39.9263,-75.1845,1055.0,6,0,0,0,0,0,0,0,1,,0,0,0,10,1,1,1,,0.0,39 55:34.000,,0,75 11:04.122,8,0,0,0,67301,1,0,0,N,1,0,0,2,67301,0,,1,1,,N,N,,0,,0,0,0,3,2,,1053,1,2,0,0,0,1,0,3,4,0,1,3,,N,,,,,,,,,,,
2006093620,1809.0,3,0,0,0,0,0,0,0,0,1,0,,67,8,2006,5,40.0205,-75.1139,1807.0,6,0,0,0,0,0,0,0,0,,0,0,0,18,1,1,0,,0.0,40 01:13.000,,0,75 06:49.690,4,0,0,0,67301,0,0,0,N,0,0,0,5,67301,1,,1,9,,N,N,,0,,0,0,1,0,0,,1805,1,4,0,0,0,0,0,3,4,0,4,3,,N,,,,,,,,,,,
2006054629,1608.0,1,0,0,0,0,0,0,0,0,8,0,,67,3,2006,7,39.9978,-75.1281,1605.0,6,0,0,0,0,0,0,0,0,,0,0,0,16,1,1,0,,0.0,39 59:52.227,,0,75 07:41.001,8,0,0,0,67301,1,0,0,N,1,0,0,2,67301,0,,1,1,,N,N,,0,,0,0,0,0,0,,1600,1,2,0,0,0,1,0,3,4,0,1,3,,N,,,,,,,,,,,
2006080892,2008.0,1,0,0,0,0,0,0,0,0,1,0,,67,7,2006,2,40.0362,-75.0642,2008.0,6,0,0,0,0,1,0,0,0,,0,0,0,20,4,1,1,,0.0,40 02:12.000,,0,75 03:51.897,4,0,0,0,67301,0,0,0,N,0,0,0,2,67301,1,,2,1,,N,N,,0,,0,0,0,3,2,,2002,1,2,0,0,0,0,0,3,4,1,2,3,,N,,,,,,,,,,,
2006080894,220.0,4,0,0,0,0,0,0,0,0,5,0,,67,7,2006,2,40.0115,-75.0951,215.0,6,0,0,0,0,1,0,0,0,,0,0,0,2,3,0,0,,0.0,40 00:41.482,,0,75 05:42.342,0,0,0,0,67301,0,0,0,N,0,0,0,1,67301,0,,1,1,,N,N,,0,,0,0,0,0,0,,200,0,4,0,0,0,0,0,3,4,0,4,3,,N,,,,,,,,,,,
2006080906,1126.0,0,0,0,0,0,0,0,0,0,4,0,,67,6,2006,2,39.9626,-75.2114,1124.0,6,0,0,0,0,0,0,0,0,2.0,0,0,0,11,1,2,0,,2.0,39 57:45.000,3.0,0,75 12:41.554,8,0,0,0,67301,0,0,0,N,0,0,0,3,67301,0,,1,1,,N,N,,0,,0,0,1,0,0,Y,1115,2,2,0,0,0,2,1,3,4,1,2,3,,N,,,,,,,,,,,
2006080948,1056.0,3,0,0,0,0,0,0,0,0,1,0,,67,7,2006,4,40.0983,-75.0303,1054.0,6,0,0,0,0,0,1,0,0,,0,0,0,99,1,1,2,,0.0,40 05:52.000,,0,75 01:49.383,8,0,0,0,67301,0,0,0,,0,0,0,7,67301,0,,1,1,,N,N,,0,,0,0,0,3,2,,9999,1,3,0,0,0,1,0,3,4,0,3,3,,N,,,,,,,,,,,
2006081065,9999.0,1,0,0,0,0,0,0,0,0,8,0,,67,7,2006,3,,,9999.0,6,0,0,0,1,0,0,0,0,,0,0,0,20,2,1,0,,0.0,,,0,,4,0,0,0,67301,1,0,0,,1,0,0,3,67301,1,,4,1,,,,,0,,0,0,0,0,0,,2008,1,2,0,0,0,0,0,3,3,0,1,3,,N,,,,,,,,,,,
2006103656,1815.0,1,0,0,0,0,0,0,0,0,8,0,,67,9,2006,2,40.0518,-75.0415,1815.0,6,0,0,0,0,0,0,0,0,,0,0,0,18,1,1,5,,0.0,40 03:06.451,,0,75 02:29.529,3,0,0,0,67301,1,0,0,N,1,0,0,2,67301,0,,5,1,,N,N,,0,,1,0,0,3,3,,1815,1,2,0,0,0,0,0,3,4,0,1,3,,N,,,,,,,,,,,
2006103701,2305.0,2,0,0,0,0,0,0,0,0,1,0,,67,9,2006,7,39.9435,-75.2467,2300.0,6,0,0,0,0,0,0,0,0,,0,0,0,5,3,3,2,,0.0,39 56:36.000,,0,75 14:47.742,4,0,0,0,67301,0,0,0,N,0,0,0,4,67301,3,,1,9,,N,N,,0,,0,0,0,3,2,,536,3,2,0,0,0,0,0,3,4,0,2,7,,N,,,,,,,,,,,
2006109032,635.0,0,0,0,0,0,0,0,0,0,8,0,,67,1,2006,2,40.0414,-75.049,631.0,6,0,0,0,0,0,0,0,0,9.0,1,0,0,6,5,0,1,,2.0,40 02:28.000,7.0,0,75 02:56.698,1,0,0,0,67301,1,1,0,N,1,1,0,2,67301,0,9.0,1,1,,N,N,,1,0.0,0,0,0,3,2,Y,627,0,2,0,0,0,0,1,3,4,0,1,3,,N,,,,,,,,,,,
2006125736,1522.0,2,0,0,0,0,0,0,0,0,4,0,,67,11,2006,1,40.0577,-75.1661,1520.0,6,0,0,0,0,0,1,0,0,1.0,0,0,0,99,1,3,1,,1.0,40 03:27.000,5.0,0,75 09:58.032,4,0,0,0,67301,0,0,0,Y,0,0,0,3,67301,3,,1,2,,N,N,,0,,0,0,0,3,2,Y,9999,3,2,0,0,0,0,0,3,4,0,2,3,,N,,,,,,,,,,,
2006125504,1845.0,1,0,0,0,0,0,0,0,0,4,0,,67,10,2006,3,40.0581,-75.139,1840.0,6,1,0,0,0,0,1,0,0,,0,0,0,18,3,1,1,,0.0,40 03:29.000,,0,75 08:20.372,8,0,0,0,67301,0,0,0,N,0,0,0,2,67301,0,,1,1,,N,N,,0,,0,0,0,2,2,,1830,1,2,0,0,0,1,0,3,4,1,2,3,,N,,,,,,,,,,,
2006102849,1650.0,4,0,0,0,0,0,0,0,0,4,0,,67,9,2006,6,40.0617,-75.0798,1645.0,6,0,0,0,0,1,0,0,0,2.0,0,0,0,16,1,1,1,,2.0,40 03:42.148,7.0,0,75 04:47.330,4,0,0,0,67301,0,0,0,N,0,0,0,2,67301,1,,1,1,,N,N,,0,,0,0,0,9,3,Y,1640,1,4,0,0,0,0,0,3,4,0,4,3,,N,,,,,,,,,,,
2006083043,359.0,1,0,0,0,0,0,0,0,0,7,0,,67,6,2006,5,40.0089,-75.21,357.0,6,0,0,0,0,0,0,0,1,,0,0,0,3,3,1,7,,0.0,40 00:30.000,,0,75 12:38.581,8,0,0,0,67301,0,0,0,N,0,0,0,1,67301,0,,7,1,,N,N,,0,,0,0,0,9,3,,357,1,1,0,0,1,1,0,3,4,0,1,3,,N,,,,,,,,,,,
2006083048,1130.0,1,0,0,0,0,0,0,0,0,1,0,,67,6,2006,3,40.0077,-75.1388,1130.0,6,0,0,0,0,0,0,0,0,,0,0,0,11,1,2,1,,0.0,40 00:27.000,,0,75 08:19.880,4,0,0,0,67301,0,0,0,N,0,0,0,3,67301,2,,1,1,,N,N,,0,,0,0,1,0,0,,1130,2,2,0,0,3,0,0,3,4,0,2,3,,N,,,,,,,,,,,
2006080661,1955.0,1,0,0,0,0,0,0,0,0,1,0,,67,6,2006,3,40.005,-75.1786,1950.0,6,0,0,1,0,0,0,0,0,,0,0,0,19,1,2,2,,0.0,40 00:18.000,,0,75 10:43.535,4,0,0,0,67301,0,0,0,N,0,0,0,3,67301,2,,1,1,,N,N,,0,,0,0,0,3,2,,1945,2,2,0,0,0,0,0,3,4,1,2,3,,N,,,,,,,,,,,
2006080670,214.0,1,0,0,0,0,0,0,0,0,7,0,,67,7,2006,5,40.0845,-74.9738,210.0,6,0,0,0,0,0,0,0,0,,0,0,0,1,3,0,1,,0.0,40 05:04.000,,0,74 58:25.566,0,0,0,0,67301,0,0,0,N,0,0,0,1,67301,0,,5,1,,N,N,,0,,0,0,0,3,2,,149,0,1,0,0,0,0,0,3,4,0,1,3,,N,,,,,,,,,,,
2006082643,758.0,2,0,0,0,0,0,0,0,0,1,0,,67,7,2006,7,,,756.0,6,0,0,0,0,0,0,0,0,,0,0,0,7,1,1,1,,0.0,,,0,,4,0,0,0,67301,0,0,0,Y,0,0,0,2,67301,1,,1,1,,N,N,,0,,0,0,0,3,2,,747,1,2,0,0,0,0,0,3,3,0,2,3,,N,,,,,,,,,,,
2006083269,2038.0,3,0,0,0,0,0,0,0,0,4,0,,67,7,2006,7,,,2029.0,6,0,0,0,0,0,1,1,0,,0,0,0,20,3,1,1,,0.0,,,0,,8,0,0,0,67301,0,0,0,N,0,0,0,3,67301,0,,1,1,,N,N,,0,,0,0,0,2,3,,2025,1,3,0,0,0,1,2,3,3,0,3,3,,N,,,,,,,,,,,
2006082960,2230.0,2,0,0,0,0,0,0,0,0,2,0,,67,6,2006,3,40.0566,-75.0132,2226.0,6,0,0,0,0,1,0,0,0,,0,0,0,22,3,1,1,,0.0,40 03:23.000,,0,75 00:47.310,4,0,0,0,67301,0,0,0,N,0,0,0,2,67301,1,,1,1,,N,N,,0,,0,0,0,3,2,,2220,1,2,0,0,0,0,0,3,4,0,2,3,,N,,,,,,,,,,,
2006082992,2209.0,1,0,0,0,0,0,0,0,0,5,0,,67,6,2006,6,39.9903,-75.1867,2204.0,6,0,0,0,0,0,1,0,0,1.0,0,0,0,22,3,1,2,,1.0,39 59:24.000,4.0,0,75 11:12.083,4,0,0,0,67301,0,0,0,N,0,0,0,4,67301,1,,1,9,,N,N,,0,,0,0,0,0,0,N,2204,1,2,0,0,0,0,0,3,4,0,2,7,,N,,,,,,,,,,,
2006021593,118.0,0,0,0,0,0,0,0,0,0,7,0,,67,1,2006,1,40.0913,-75.0182,107.0,6,0,0,0,0,0,0,0,0,4.0,0,0,0,1,3,1,0,,2.0,40 05:28.000,1.0,0,75 01:04.951,3,0,0,0,67301,0,0,0,,0,0,0,1,67301,0,,2,7,,N,N,,1,,1,0,0,0,0,Y,100,1,1,0,0,0,0,0,3,4,0,1,10,,N,,,,,,,,,,,
2006103532,910.0,2,0,0,0,0,0,0,0,0,6,0,,67,8,2006,4,,,905.0,6,0,1,0,0,0,0,0,0,,0,0,0,9,1,1,1,,0.0,,,0,,8,0,0,0,67301,0,0,0,,0,0,0,2,67301,0,,1,1,,N,N,,0,,0,0,0,3,2,,900,1,2,0,0,0,1,0,3,3,0,2,3,,N,,,,,,,,,,,
2006096839,1740.0,3,0,0,0,0,0,0,0,0,1,0,,67,7,2006,6,,,1740.0,6,0,0,0,1,1,0,0,0,,0,0,0,17,1,0,0,,0.0,,,0,,0,0,0,0,67301,0,0,0,N,0,0,0,3,67301,0,,1,9,,N,N,,0,,0,0,0,0,0,,1738,0,3,0,0,0,0,0,3,3,0,3,7,,N,,,,,,,,,,,
2006080077,901.0,2,0,0,0,0,0,0,0,0,4,0,,67,6,2006,6,40.0184,-75.1491,901.0,6,0,0,0,0,1,0,0,0,,0,0,0,8,1,2,1,,0.0,40 01:06.000,,0,75 08:56.717,3,0,0,0,67301,0,0,0,N,0,0,0,2,67301,1,,1,1,,N,N,,0,,1,0,0,3,2,,850,2,2,0,0,0,0,0,3,4,0,2,3,,N,,,,,,,,,,,
2006080081,2031.0,1,0,0,0,0,0,0,0,0,8,0,,67,5,2006,1,39.9388,-75.226,2029.0,6,0,0,0,0,0,1,0,0,,0,0,0,20,3,1,0,,0.0,39 56:19.586,,0,75 13:33.459,4,0,0,0,67301,1,0,0,N,1,0,0,3,67301,1,,1,1,,N,N,,0,,0,0,0,0,0,,2028,1,2,0,0,0,0,0,3,4,0,1,3,,N,,,,,,,,,,,
2006082543,630.0,1,0,0,0,0,0,0,0,0,1,0,,67,6,2006,2,40.0026,-75.1244,620.0,6,0,0,1,0,0,0,0,0,,0,0,0,99,1,2,1,,0.0,40 00:09.000,,0,75 07:28.048,4,0,0,0,67301,0,0,0,N,0,0,0,2,67301,2,,1,9,,N,N,,0,,0,0,1,3,2,,9999,2,2,0,0,0,0,0,3,4,0,2,7,,N,,,,,,,,,,,
2006082557,1723.0,2,0,0,0,0,0,0,0,0,8,0,,67,7,2006,7,40.0567,-75.1399,1718.0,6,0,0,0,0,0,0,0,0,,0,0,0,16,1,1,0,,0.0,40 03:24.000,,0,75 08:23.446,3,0,0,0,67301,1,0,0,N,1,0,0,3,67301,0,,1,1,,N,N,,0,,1,0,0,0,0,,1635,1,3,0,0,0,0,0,3,4,0,2,3,,N,,,,,,,,,,,
2006082568,545.0,2,0,0,0,0,0,0,0,0,2,0,,67,6,2006,5,,,530.0,6,0,0,0,0,1,0,0,0,,0,0,0,5,1,2,2,,0.0,,,0,,3,0,0,0,67301,0,0,0,N,0,0,0,2,67301,1,,1,1,,N,N,,0,,1,0,0,3,2,,530,2,2,0,0,2,0,0,3,3,0,2,3,,N,,,,,,,,,,,
2006082576,1120.0,1,0,0,0,0,0,0,0,0,8,0,,67,6,2006,7,40.0233,-75.0484,1118.0,6,0,0,0,0,0,0,0,0,,0,0,0,10,1,1,1,,0.0,40 01:23.000,,0,75 02:54.156,4,0,0,0,67301,1,0,0,N,1,0,0,2,67301,1,,1,1,,N,N,,0,,0,0,0,3,2,,1020,1,2,0,0,0,0,1,3,4,0,1,3,,N,,,,,,,,,,,
2006082621,1330.0,1,0,0,0,0,0,0,0,0,2,0,,67,6,2006,7,,,1325.0,6,0,0,0,0,0,1,0,0,,0,0,0,13,1,2,0,,0.0,,,0,,3,0,0,0,67301,0,0,0,N,0,0,0,2,67301,1,,1,1,,N,N,,0,,1,0,0,3,2,,1320,2,2,0,0,1,0,0,3,3,1,2,7,,N,,,,,,,,,,,
2006080182,1235.0,2,0,0,0,0,0,0,0,0,1,0,,67,6,2006,7,,,1220.0,6,0,0,0,0,0,0,0,0,,0,0,0,12,1,1,1,,0.0,,,0,,3,0,0,0,67301,0,0,0,N,0,0,0,2,67301,0,,1,9,,N,N,,0,,1,0,0,3,2,,1215,1,2,0,0,0,0,0,3,3,0,2,7,,N,,,,,,,,,,,
2006080183,835.0,1,0,0,0,0,0,0,0,0,8,0,,67,6,2006,2,40.0606,-75.0823,824.0,6,0,0,0,0,0,0,0,0,,0,0,0,8,1,1,1,,0.0,40 03:38.000,,0,75 04:56.238,8,0,0,0,67301,1,0,0,N,1,0,0,2,67301,0,,1,1,,N,N,,0,,0,0,0,3,2,,815,1,2,0,0,0,1,0,3,4,0,1,3,,N,,,,,,,,,,,
2006080292,1355.0,1,0,0,0,0,0,0,0,0,7,0,,67,6,2006,4,,,1350.0,6,0,0,0,0,0,1,0,0,,0,0,0,13,1,1,0,,0.0,,,0,,8,0,0,0,67301,0,0,0,N,0,0,0,1,67301,0,,5,1,,N,N,,0,,0,0,0,0,0,,1345,1,1,0,0,0,1,0,3,3,0,1,3,,N,,,,,,,,,,,
2006125267,449.0,1,0,0,0,0,0,0,0,0,1,0,,67,10,2006,7,40.0235,-75.1335,446.0,6,0,0,0,0,0,1,0,0,,0,0,0,4,3,0,1,,0.0,40 01:24.000,,0,75 07:59.596,0,0,0,0,67301,0,0,0,N,0,0,0,2,67301,0,,1,1,,N,N,,0,,0,0,1,3,2,,442,0,2,0,0,0,0,0,3,4,0,2,3,,N,,,,,,,,,,,
2006125295,1405.0,2,0,0,0,0,0,0,0,0,8,0,,67,11,2006,2,39.9492,-75.1693,1405.0,6,0,0,0,0,0,1,0,0,,0,0,0,14,1,1,1,,0.0,39 56:57.004,,0,75 10:09.425,8,0,0,0,67301,1,0,0,N,1,0,0,2,67301,0,,1,1,,N,N,,0,,0,0,0,0,0,,1405,1,3,0,0,0,1,0,3,4,0,2,3,,N,,,,,,,,,,,
2006125296,9999.0,0,0,0,0,0,0,0,0,0,8,0,,67,10,2006,1,,,9999.0,6,0,0,0,0,0,0,0,0,,0,0,0,99,3,1,0,,0.0,,,0,,8,0,0,0,67301,1,0,0,N,1,0,0,2,67301,0,,1,1,,N,N,,0,,0,0,0,0,0,,9999,1,2,0,0,0,1,1,3,3,0,1,3,,N,,,,,,,,,,,
2006065598,1906.0,1,0,0,1,0,0,0,0,0,4,0,,67,5,2006,2,40.0484,-75.1048,1903.0,6,0,0,0,0,0,0,0,0,,0,0,0,19,1,1,0,,0.0,40 02:54.286,,0,75 06:17.308,4,0,0,0,67301,1,0,0,N,0,0,0,5,67301,1,,1,1,,N,N,,0,,0,0,0,0,0,,1900,1,2,0,0,0,0,0,3,4,0,1,3,,N,,,,,,,,,,,
2006065628,1426.0,2,0,0,0,0,0,0,0,0,1,0,,67,5,2006,7,40.0375,-75.2104,1423.0,6,0,0,0,0,0,0,0,0,,0,0,0,14,1,0,0,,0.0,40 02:14.640,,0,75 12:37.080,0,0,0,0,67301,0,0,0,N,0,0,0,2,67301,0,,1,9,,N,N,,0,,0,0,0,0,0,,1419,0,2,0,0,0,0,0,3,4,0,2,7,,N,,,,,,,,,,,
2006068224,240.0,2,0,0,0,0,0,0,0,0,4,0,,67,6,2006,6,40.0468,-75.0703,2240.0,6,0,0,0,0,0,1,0,0,,0,0,0,2,2,1,1,,0.0,40 02:48.000,,0,75 04:13.036,4,0,0,0,67301,0,0,0,N,0,0,0,2,67301,1,,1,98,,N,N,,0,,0,0,0,0,0,,240,1,2,0,0,0,0,0,3,4,0,2,7,,N,,,,,,,,,,,
2006063216,1510.0,1,0,0,0,0,0,0,0,0,1,0,,67,5,2006,6,39.9714,-75.1232,1448.0,6,0,0,0,0,0,0,0,0,1.0,0,0,0,14,1,0,0,,1.0,39 58:23.000,1.0,0,75 07:12.864,0,0,0,0,67301,0,0,0,,0,0,0,2,67301,0,,1,1,,N,N,,0,,0,0,1,0,0,N,1448,0,2,0,0,0,0,0,3,4,0,2,3,,N,,,,,,,,,,,
2006065817,1535.0,1,0,0,0,0,0,0,0,0,8,0,,67,5,2006,7,,,1530.0,6,0,0,0,0,0,0,0,0,,0,0,0,15,1,1,2,,0.0,,,0,,4,0,0,0,67301,1,0,0,N,1,0,0,2,67301,1,,1,9,,N,N,,0,,0,0,0,0,0,,1520,1,2,0,0,0,0,0,3,3,0,1,7,,N,,,,,,,,,,,
2006063254,2016.0,2,0,0,0,0,0,0,0,0,4,0,,67,5,2006,1,39.9077,-75.1526,2014.0,6,0,0,0,0,0,1,0,0,,0,0,0,20,3,2,0,,0.0,39 54:27.558,,0,75 09:09.457,8,0,0,0,67301,0,0,0,N,0,0,0,2,67301,0,,1,1,,N,N,,0,,0,0,0,0,0,,2004,2,2,0,0,0,2,0,3,4,0,2,3,,N,,,,,,,,,,,
2006112847,1010.0,1,0,0,0,0,0,0,0,0,8,0,,67,9,2006,7,39.9855,-75.2482,1000.0,6,0,0,0,0,0,0,0,1,,0,0,0,9,1,1,1,,0.0,39 59:07.000,,0,75 14:54.149,8,0,0,0,67301,1,0,0,N,1,0,0,2,67301,0,,1,1,,N,N,,0,,0,0,0,3,2,,957,1,2,0,0,0,1,0,3,4,0,1,3,,N,,,,,,,,,,,
2006115152,1427.0,1,0,0,0,0,0,1,0,0,4,1,,67,10,2006,1,40.0094,-75.1953,1422.0,6,0,0,0,0,0,0,0,0,,0,0,0,14,1,0,2,,0.0,40 00:33.000,,0,75 11:43.067,0,0,0,0,67301,0,0,0,N,0,0,0,2,67301,0,,1,8,,N,N,,0,,0,0,0,3,3,,1420,0,2,0,0,0,0,0,3,4,0,2,3,,N,,,,,,,,,,,