CRN,ARRIVAL_TM,AUTOMOBILE_COUNT,BELTED_DEATH_COUNT,BELTED_SUSP_SERIOUS_INJ_COUNT,BICYCLE_COUNT,BICYCLE_DEATH_COUNT,BICYCLE_SUSP_SERIOUS_INJ_COUNT,BUS_COUNT,CHLDPAS_DEATH_COUNT,CHLDPAS_SUSP_SERIOUS_INJ_COUNT,COLLISION_TYPE,COMM_VEH_COUNT,CONS_ZONE_SPD_LIM,COUNTY,CRASH_MONTH,CRASH_YEAR,DAY_OF_WEEK,DEC_LAT,DEC_LONG,DISPATCH_TM,DISTRICT,DRIVER_COUNT_16YR,DRIVER_COUNT_17YR,DRIVER_COUNT_18YR,DRIVER_COUNT_19YR,DRIVER_COUNT_20YR,DRIVER_COUNT_50_64YR,DRIVER_COUNT_65_74YR,DRIVER_COUNT_75PLUS,EST_HRS_CLOSED,FATAL_COUNT,HEAVY_TRUCK_COUNT,HORSE_BUGGY_COUNT,HOUR_OF_DAY,ILLUMINATION,INJURY_COUNT,INTERSECT_TYPE,INTERSECTION_RELATED,LANE_CLOSED,LATITUDE,LN_CLOSE_DIR,LOCATION_TYPE,LONGITUDE,MAX_SEVERITY_LEVEL,MCYCLE_DEATH_COUNT,MCYCLE_SUSP_SERIOUS_INJ_COUNT,MOTORCYCLE_COUNT,MUNICIPALITY,NONMOTR_COUNT,NONMOTR_DEATH_COUNT,NONMOTR_SUSP_SERIOUS_INJ_COUNT,NTFY_HIWY_MAINT,PED_COUNT,PED_DEATH_COUNT,PED_SUSP_SERIOUS_INJ_COUNT,PERSON_COUNT,POLICE_AGCY,POSSIBLE_INJ_COUNT,RDWY_SURF_TYPE_CD,RELATION_TO_ROAD,ROAD_CONDITION,ROADWAY_CLEARED,SCH_BUS_IND,SCH_ZONE_IND,SECONDARY_CRASH,SMALL_TRUCK_COUNT,SPEC_JURIS_CD,SUSP_MINOR_INJ_COUNT,SUSP_SERIOUS_INJ_COUNT,SUV_COUNT,TCD_FUNC_CD,TCD_TYPE,TFC_DETOUR_IND,TIME_OF_DAY,TOT_INJ_COUNT,TOTAL_UNITS,UNB_DEATH_COUNT,UNB_SUSP_SERIOUS_INJ_COUNT,UNBELTED_OCC_COUNT,UNK_INJ_DEG_COUNT,UNK_INJ_PER_COUNT,URBAN_AREA,URBAN_RURAL,VAN_COUNT,VEHICLE_COUNT,WEATHER1,WEATHER2,WORK_ZONE_IND,WORK_ZONE_LOC,WORK_ZONE_TYPE,WORKERS_PRES,WZ_CLOSE_DETOUR,WZ_FLAGGER,WZ_LAW_OFFCR_IND,WZ_LN_CLOSURE,WZ_MOVING,WZ_OTHER,WZ_SHLDER_MDN,WZ_WORKERS_INJ_KILLED
2006114392,2104.0,2,0,0,0,0,0,0,0,0,2,0,,67,10,2006,1,39.9864,-75.1696,2102.0,6,0,0,0,0,0,0,0,0,,0,0,0,99,3,0,1,,0.0,39 59:11.018,,0,75 10:10.592,9,0,0,0,67301,0,0,0,N,0,0,0,4,67301,0,,1,1,,N,N,,0,,0,0,0,3,2,,9999,0,2,0,0,2,0,1,3,4,0,2,3,,N,,,,,,,,,,,
2006116263,1018.0,0,0,0,1,0,0,0,0,0,4,0,,67,9,2006,7,39.9541,-75.1897,1018.0,6,0,0,0,0,0,0,0,0,,0,0,0,7,1,1,1,,0.0,39 57:14.000,,0,75 11:23.262,8,0,0,0,67301,1,0,0,N,0,0,0,2,67301,0,,1,1,,N,N,,0,,0,0,0,3,2,,700,1,2,0,0,0,1,1,3,4,0,1,3,,N,,,,,,,,,,,
2006054530,1030.0,2,0,0,0,0,0,0,0,0,4,0,,67,3,2006,7,40.0555,-75.1958,1025.0,6,0,1,0,0,0,0,0,0,1.0,0,0,0,10,1,4,1,,1.0,40 03:19.000,2.0,0,75 11:44.707,8,0,0,0,67301,0,0,0,N,0,0,0,5,67301,0,,1,1,,N,N,,0,,0,0,0,3,3,N,1010,4,2,0,0,0,4,0,3,4,0,2,3,,N,,,,,,,,,,,
2006083305,620.0,1,0,0,0,0,0,0,0,0,8,0,,67,6,2006,5,39.9732,-75.2122,617.0,6,0,0,0,0,0,1,0,0,,0,0,0,6,1,1,1,,0.0,39 58:23.000,,0,75 12:43.412,3,0,0,0,67301,1,0,0,N,1,0,0,2,67301,0,,1,1,,N,N,,0,,1,0,0,3,2,,610,1,2,0,0,0,0,0,3,4,0,1,3,,N,,,,,,,,,,,
2006080901,1635.0,1,0,0,0,0,0,0,0,0,7,0,,67,7,2006,6,,,1629.0,6,0,0,0,0,0,0,0,0,,0,0,0,16,1,1,0,,0.0,,,0,,4,0,0,0,67301,0,0,0,N,0,0,0,1,67301,1,,2,1,,N,N,,0,,0,0,0,0,0,,1629,1,1,0,0,1,0,0,3,3,0,1,3,,N,,,,,,,,,,,
2006103682,1525.0,2,0,0,0,0,0,0,0,0,1,0,,67,8,2006,1,40.1065,-74.9989,1514.0,6,0,0,0,0,0,1,1,0,,0,0,0,15,1,0,2,,0.0,40 06:23.000,,0,74 59:55.455,0,0,0,0,67301,0,0,0,N,0,0,0,2,67301,0,,1,1,,N,N,,0,,0,0,0,3,2,,1513,0,2,0,0,0,0,0,3,4,0,2,3,,N,,,,,,,,,,,
2006103702,2105.0,2,0,0,0,0,0,0,0,0,4,0,,67,9,2006,2,39.9453,-75.2418,2100.0,6,0,0,0,1,1,0,0,0,,0,0,0,20,3,3,1,,0.0,39 56:43.000,,0,75 14:29.815,4,0,0,0,67301,0,0,0,N,0,0,0,5,67301,3,,1,1,,N,N,,0,,0,0,0,3,2,,2000,3,2,0,0,0,0,0,3,4,0,2,3,,N,,,,,,,,,,,
2006101837,2215.0,1,0,0,0,0,0,0,0,0,4,0,,67,9,2006,3,39.9714,-75.1272,2215.0,6,0,0,0,0,1,0,0,0,,0,0,0,22,3,1,1,,0.0,39 58:17.000,,0,75 07:36.255,4,0,0,0,67301,0,0,0,N,0,0,0,2,67301,1,,1,9,,N,N,,0,,0,0,1,3,2,,2213,1,2,0,0,0,0,0,3,4,0,2,7,,N,,,,,,,,,,,
2006101917,1716.0,1,0,0,0,0,0,0,0,0,4,0,,67,9,2006,6,40.0548,-75.169,1716.0,6,0,0,0,0,0,1,0,0,,0,0,0,17,1,0,1,,0.0,40 03:17.000,,0,75 10:08.426,0,0,0,0,67301,0,0,0,N,0,0,0,2,67301,0,,1,9,,N,N,,0,,0,0,1,2,2,,1716,0,2,0,0,0,0,0,3,4,0,2,7,,N,,,,,,,,,,,
2006125505,820.0,0,0,0,0,0,0,0,0,0,8,0,,67,10,2006,2,40.0306,-75.1466,805.0,6,0,0,0,0,0,0,0,0,,0,0,0,6,1,1,5,,0.0,40 01:50.000,,0,75 08:47.968,8,0,0,0,67301,1,0,0,N,1,0,0,2,67301,0,,1,1,,N,N,,0,,0,0,1,3,2,,655,1,2,0,0,0,1,1,3,4,0,1,3,,N,,,,,,,,,,,
2006101608,823.0,2,0,0,0,0,0,0,0,0,6,0,,67,9,2006,3,40.0847,-75.0251,823.0,6,0,0,0,0,0,0,1,0,,1,0,0,8,1,1,2,,0.0,40 05:05.000,,0,75 01:30.412,1,0,0,0,67301,2,1,0,N,2,1,0,4,67301,0,2.0,1,1,,N,N,,0,0.0,1,0,0,3,2,,823,1,4,0,0,1,0,0,3,4,0,2,3,,N,,,,,,,,,,,
2006080572,1225.0,1,0,0,0,0,0,0,0,0,5,0,,67,5,2006,7,40.0362,-75.1287,1222.0,6,0,0,0,0,0,0,0,0,,0,1,0,11,1,2,1,,0.0,40 02:10.000,,0,75 07:43.569,4,0,0,0,67301,0,0,0,N,0,0,0,2,67301,2,,1,1,,N,N,,0,,0,0,0,3,2,,1150,2,2,0,0,0,0,0,3,4,0,2,3,,N,,,,,,,,,,,
2006080828,437.0,2,0,0,0,0,0,0,0,0,1,0,,67,7,2006,1,39.9577,-75.1624,435.0,6,0,0,0,0,0,0,0,0,,0,0,0,99,3,0,1,,0.0,39 57:27.000,,0,75 09:44.119,9,0,0,0,67301,0,0,0,,0,0,0,2,67301,0,,1,1,,N,N,,0,,0,0,0,3,2,,9999,0,2,0,0,0,0,1,3,4,0,2,3,,N,,,,,,,,,,,
2006083000,1247.0,1,0,0,0,0,0,0,0,0,8,0,,67,5,2006,3,40.0119,-75.1355,1245.0,6,0,0,0,0,0,0,0,0,,0,0,0,12,1,1,0,,0.0,40 00:42.906,,0,75 08:07.828,4,0,0,0,67301,1,0,0,N,1,0,0,2,67301,1,,1,1,,N,N,,0,,0,0,0,0,0,,1215,1,2,0,0,0,0,1,3,4,0,1,3,,N,,,,,,,,,,,
2006083003,255.0,0,0,0,0,0,0,0,0,0,5,0,,67,7,2006,2,39.948,-75.1414,250.0,6,0,0,0,0,0,0,0,0,3.0,0,0,0,2,3,2,1,,2.0,39 56:42.000,2.0,0,75 08:31.422,2,0,1,2,67301,0,0,0,N,0,0,0,2,67301,0,,1,1,,N,N,,0,,1,1,0,3,2,N,230,2,2,0,0,0,0,0,3,4,0,2,3,,N,,,,,,,,,,,
2006083011,1340.0,2,0,0,0,0,0,0,0,0,4,0,,67,7,2006,7,39.9929,-75.1461,1335.0,6,0,0,0,0,0,0,0,0,,0,0,0,13,1,1,1,,0.0,39 59:34.000,,0,75 08:46.071,8,0,0,0,67301,0,0,0,N,0,0,0,3,67301,0,,1,1,,N,N,,0,,0,0,0,0,0,,1330,1,2,0,0,1,1,0,3,4,0,2,3,,N,,,,,,,,,,,
2006021611,625.0,1,0,0,0,0,0,0,0,0,7,0,,67,1,2006,2,39.9264,-75.1469,622.0,6,0,0,1,0,0,0,0,0,1.0,0,0,0,6,1,1,0,,1.0,39 55:39.000,2.0,0,75 08:48.023,8,0,0,0,67301,0,0,0,N,0,0,0,1,67301,0,,3,1,,N,N,,0,,0,0,0,0,0,N,621,1,1,0,0,1,1,0,3,4,0,1,3,,N,,,,,,,,,,,
2006021659,2035.0,2,0,0,0,0,0,0,0,0,2,0,,67,1,2006,2,40.0032,-75.1526,2033.0,6,0,0,0,0,0,0,0,0,,0,0,0,20,3,0,1,,0.0,40 00:11.000,,0,75 09:09.678,0,0,0,0,67301,0,0,0,,0,0,0,2,67301,0,,1,9,,N,N,,0,,0,0,0,2,2,,2031,0,2,0,0,2,0,0,3,4,0,2,7,,N,,,,,,,,,,,
2006082565,1745.0,0,0,0,0,0,0,0,0,0,8,0,,67,7,2006,3,39.9722,-75.2372,1732.0,6,0,0,0,0,0,0,0,0,,0,0,0,3,3,1,0,,0.0,39 58:19.815,,0,75 14:13.974,8,0,0,0,67301,1,0,0,N,1,0,0,2,67301,0,,7,1,,N,N,,0,,0,0,1,0,0,,300,1,2,0,0,0,1,1,3,4,0,1,3,,N,,,,,,,,,,,
2006125372,900.0,1,0,0,0,0,0,0,0,0,1,0,,67,10,2006,6,40.0231,-75.036,857.0,6,0,0,0,0,0,2,0,0,,0,0,0,8,1,7,2,,0.0,40 01:22.000,,0,75 02:10.057,4,0,0,0,67301,0,0,0,N,0,0,0,10,67301,7,,1,9,,N,N,,0,,0,0,0,0,0,,837,7,2,0,0,0,0,0,3,4,1,2,7,,N,,,,,,,,,,,
2006118181,1207.0,2,0,0,0,0,0,1,0,0,1,1,,67,10,2006,1,39.9502,-75.1457,1145.0,6,0,0,0,0,0,0,0,0,2.0,0,0,0,11,1,1,1,,1.0,39 57:00.000,4.0,0,75 08:43.459,8,0,0,0,67301,0,0,0,,0,0,0,3,67301,0,,1,1,,,,,0,,0,0,0,3,2,N,1143,1,3,0,0,0,1,0,3,4,0,3,3,,N,,,,,,,,,,,
2006082639,9999.0,1,0,0,0,0,0,0,0,0,8,0,,67,7,2006,5,,,1838.0,6,0,0,0,0,0,0,0,0,,0,0,0,99,1,1,0,,0.0,,,0,,4,0,0,0,67301,1,0,0,N,1,0,0,2,67301,1,,1,1,,N,N,,0,,0,0,0,0,0,,9999,1,2,0,0,1,0,0,3,3,0,1,3,,N,,,,,,,,,,,
2006115657,1623.0,1,0,0,0,0,0,1,0,0,1,1,,67,9,2006,6,40.048,-74.9996,1623.0,6,0,0,0,0,0,0,0,0,,0,0,0,16,1,0,0,,0.0,40 02:52.974,,0,74 59:58.583,0,0,0,0,67301,0,0,0,N,0,0,0,2,67301,0,,1,1,,Y,N,,0,,0,0,0,0,0,,1620,0,2,0,0,0,0,0,3,4,0,2,3,,N,,,,,,,,,,,
2006065636,1340.0,1,0,0,0,0,0,0,0,0,4,0,,67,5,2006,6,40.0171,-75.1512,1328.0,6,0,0,0,0,0,0,0,0,2.0,0,0,0,13,1,1,1,,1.0,40 01:01.528,4.0,0,75 09:04.326,3,0,0,0,67301,0,0,0,,0,0,0,2,67301,0,,1,9,,,,,0,,1,0,0,9,2,N,1328,1,2,0,0,1,0,0,3,4,1,2,7,,N,,,,,,,,,,,
2006063218,943.0,3,0,0,0,0,0,0,0,0,1,0,,67,5,2006,4,,,1033.0,6,0,0,0,1,0,0,0,0,,0,0,0,10,1,0,0,,0.0,,,0,,0,0,0,0,67301,0,0,0,N,0,0,0,1,67301,0,,1,1,,N,N,,1,,0,0,0,0,0,,1030,0,4,0,0,0,0,0,3,3,0,4,3,,N,,,,,,,,,,,
2006063223,2114.0,2,0,0,0,0,0,0,0,0,4,0,,67,5,2006,5,39.9778,-75.1191,2110.0,6,0,0,0,0,0,0,0,0,,0,0,0,21,3,1,1,,0.0,39 58:45.000,,0,75 07:06.124,4,0,0,0,67301,0,0,0,N,0,0,0,4,67301,1,,1,9,,N,N,,0,,0,0,0,0,0,,2105,1,2,0,0,0,0,0,3,4,0,2,7,,N,,,,,,,,,,,
2006112811,919.0,2,0,0,0,0,0,0,0,0,4,0,,67,10,2006,3,40.0486,-75.1617,917.0,6,0,0,0,0,0,0,0,0,,0,0,0,8,1,4,1,,0.0,40 02:54.852,,0,75 09:42.008,4,0,0,0,67301,0,0,0,N,0,0,0,5,67301,4,,1,1,,N,N,,0,,0,0,0,3,2,,840,4,2,0,0,0,0,0,3,4,0,2,3,,N,,,,,,,,,,,
2006126806,2200.0,2,0,0,0,0,0,0,0,0,1,0,,67,10,2006,7,39.8968,-75.2531,2156.0,6,0,0,0,0,0,0,0,0,2.0,0,0,0,21,3,0,0,,2.0,39 53:48.480,1.0,0,75 15:11.037,9,0,0,0,67301,0,0,0,N,0,0,0,2,67301,0,,1,1,,N,N,,0,,0,0,0,0,0,Y,2145,0,2,0,0,0,0,1,3,4,0,2,3,,N,,,,,,,,,,,
2006102167,1835.0,2,0,0,0,0,0,0,0,0,4,0,,67,9,2006,1,39.9546,-75.2064,1832.0,6,0,0,0,0,1,0,0,0,1.0,0,0,0,18,1,1,1,,1.0,39 57:16.000,4.0,0,75 12:23.001,3,0,0,0,67301,0,0,0,N,0,0,0,2,67504,0,,1,1,,N,N,,0,,1,0,0,3,2,N,1830,1,2,0,0,1,0,0,3,4,0,2,3,,N,,,,,,,,,,,
2006114742,1419.0,2,0,0,0,0,0,0,0,0,4,0,,67,10,2006,6,39.9207,-75.1411,1415.0,6,0,0,0,0,0,1,0,0,1.0,0,0,0,14,1,4,2,,1.0,39 55:14.000,2.0,0,75 08:28.170,4,0,0,0,67301,0,0,0,N,0,0,0,4,67301,3,,1,9,,N,N,,0,,0,0,0,3,2,N,1412,4,2,0,0,1,1,0,3,4,0,2,7,,N,,,,,,,,,,,
2006102611,740.0,2,0,0,0,0,0,0,0,0,2,0,,67,9,2006,6,39.9996,-75.1905,735.0,6,0,0,0,0,0,1,0,0,,0,0,0,7,1,1,1,,0.0,39 59:58.000,,0,75 11:26.016,4,0,0,0,67301,0,0,0,N,0,0,0,2,67301,1,,1,9,,N,N,,0,,0,0,0,3,2,,730,1,2,0,0,1,0,0,3,4,0,2,7,,N,,,,,,,,,,,
2006105112,910.0,2,0,0,0,0,0,0,0,0,1,0,,67,8,2006,2,40.0652,-75.1681,907.0,6,0,0,0,0,0,0,0,0,,0,0,0,8,1,1,1,,0.0,40 03:54.789,,0,75 10:05.158,8,0,0,0,67301,0,0,0,N,0,0,0,3,67301,0,,1,1,,N,N,,0,,0,0,0,3,2,,832,1,2,0,0,0,1,0,3,4,0,2,3,,N,,,,,,,,,,,
2006105123,1220.0,1,0,0,0,0,0,0,0,0,7,0,,67,9,2006,3,39.8915,-75.2224,1212.0,6,0,0,0,0,0,0,0,0,,0,0,0,12,1,0,0,,0.0,39 53:29.000,,0,75 13:19.880,0,0,0,0,67301,0,0,0,N,0,0,0,2,67301,0,,2,9,,N,N,,0,,0,0,0,0,0,,1205,0,1,0,0,0,0,0,3,4,0,1,7,,N,,,,,,,,,,,
2006093420,20.0,1,0,0,0,0,0,0,0,0,7,0,,67,8,2006,1,,,11.0,6,0,0,0,0,0,0,0,0,1.0,0,0,0,0,3,0,0,,1.0,,2.0,0,,0,0,0,0,67301,0,0,0,N,0,0,0,1,67301,0,,3,1,,N,N,,0,,0,0,0,0,0,N,11,0,1,0,0,0,0,0,3,3,0,1,3,,N,,,,,,,,,,,
2006093854,9.0,0,0,0,0,0,0,0,0,0,7,0,,67,7,2006,1,39.9564,-75.1829,7.0,6,0,0,0,0,0,1,0,0,,0,0,0,0,3,1,0,,0.0,39 57:23.000,,0,75 10:58.545,4,0,0,0,67301,0,0,0,N,0,0,0,1,67301,1,,5,1,,N,N,,1,,0,0,0,0,0,,1,1,1,0,0,0,0,0,3,4,0,1,3,,N,,,,,,,,,,,
2006081066,1256.0,2,0,0,0,0,0,0,0,0,4,0,,67,7,2006,6,,,1247.0,6,0,0,0,0,0,0,0,0,,0,0,0,99,1,2,0,,0.0,,,0,,4,0,0,0,67301,0,0,0,,0,0,0,3,67301,1,,1,1,,N,N,,0,,0,0,0,0,0,,9999,2,2,0,0,0,1,0,3,3,0,2,3,,N,,,,,,,,,,,
2006081005,846.0,1,0,0,0,0,0,0,0,0,4,0,,67,5,2006,3,40.0869,-74.972,845.0,6,0,0,0,0,0,0,0,0,2.0,0,0,0,8,1,1,1,,1.0,40 05:12.000,5.0,0,74 58:19.042,4,0,0,0,67301,0,0,0,N,0,0,0,2,67301,1,,1,9,,N,N,,1,,0,0,0,3,2,N,843,1,2,0,0,0,0,0,3,4,0,2,3,,N,,,,,,,,,,,
2006081012,927.0,2,0,0,0,0,0,0,0,0,4,0,,67,5,2006,3,,,925.0,6,0,0,0,0,0,0,0,0,,0,0,0,9,1,1,0,,0.0,,,0,,8,0,0,0,67301,0,0,0,N,0,0,0,2,67301,0,,1,1,,N,N,,0,,0,0,0,0,0,,925,1,2,0,0,0,1,1,3,3,0,2,3,,N,,,,,,,,,,,
2006081043,2000.0,1,0,0,1,0,1,0,0,0,4,0,,67,6,2006,7,40.033,-75.1161,1945.0,6,0,0,0,1,0,0,0,0,,0,0,0,19,1,1,1,,0.0,40 01:58.000,,0,75 06:58.047,2,0,0,0,67301,1,0,1,N,0,0,0,3,67301,0,,1,1,,N,N,,0,,0,1,0,3,2,,1930,1,2,0,0,0,0,0,3,4,0,1,3,,N,,,,,,,,,,,
2006081057,1925.0,1,0,0,0,0,0,0,0,0,6,0,,67,5,2006,6,40.049,-75.158,1920.0,6,0,0,1,0,0,0,0,0,1.0,0,0,0,18,1,1,2,,2.0,40 02:56.389,6.0,0,75 09:28.713,4,0,0,0,67301,0,0,0,N,0,0,0,2,67301,1,,1,1,,N,N,,0,,0,0,0,3,3,Y,1833,1,2,0,0,0,0,1,3,4,1,2,3,,N,,,,,,,,,,,
2006081060,2028.0,0,0,0,0,0,0,0,0,0,7,0,,67,6,2006,7,,,2026.0,6,0,0,0,0,0,0,0,0,,0,0,0,20,4,1,0,,0.0,,,0,,8,0,0,0,67301,0,0,0,N,0,0,0,1,67301,0,,5,9,,N,N,,0,,0,0,1,0,0,,2020,1,2,0,0,0,1,0,3,3,0,1,7,,N,,,,,,,,,,,
2006081119,2215.0,1,0,0,0,0,0,0,0,0,8,0,,67,6,2006,6,,,2210.0,6,0,0,0,0,0,0,0,0,,0,0,0,99,2,1,0,,0.0,,,0,,4,0,0,0,67301,1,0,0,N,1,0,0,4,67301,1,,1,1,,N,N,,0,,0,0,0,0,0,,9999,1,2,0,0,0,0,0,3,3,0,1,3,,N,,,,,,,,,,,
2006081516,1505.0,0,0,0,0,0,0,0,0,0,1,0,,67,6,2006,6,39.9577,-75.1624,1436.0,6,0,0,0,0,0,0,0,0,,0,0,0,14,1,0,6,,0.0,39 57:28.000,,2,75 09:50.731,0,0,0,0,67301,0,0,0,N,0,0,0,2,67301,0,,1,1,,N,N,,0,,0,0,0,0,0,,1435,0,2,0,0,0,0,0,3,4,2,2,3,,N,,,,,,,,,,,
2006081471,2200.0,1,0,0,0,0,0,0,0,0,7,0,,67,7,2006,3,40.0396,-75.0458,2156.0,6,0,0,0,0,0,0,0,0,,0,0,0,21,3,1,0,,0.0,40 02:22.449,,0,75 02:45.055,8,0,0,0,67301,0,0,0,N,0,0,0,1,67301,0,,4,9,,N,N,,0,,0,0,0,0,0,,2156,1,1,0,0,1,1,0,3,4,0,1,7,,N,,,,,,,,,,,
2006081634,2125.0,2,0,0,0,0,0,0,0,0,4,0,,67,5,2006,1,39.9169,-75.216,2115.0,6,0,0,0,0,1,0,0,0,,0,0,0,21,3,3,1,,0.0,39 55:05.000,,0,75 12:30.961,4,0,0,0,67301,0,0,0,N,0,0,0,3,67301,3,,1,1,,N,N,,0,,0,0,0,3,2,,2105,3,2,0,0,0,0,0,3,4,0,2,3,,N,,,,,,,,,,,
2006081643,1800.0,1,0,0,1,0,0,0,0,0,6,0,,67,6,2006,5,,,1744.0,6,0,0,0,1,0,0,0,0,,0,0,0,17,1,1,2,,0.0,,,0,,4,0,0,0,67301,1,0,0,N,0,0,0,3,67301,1,,1,1,,N,N,,0,,0,0,0,3,3,,1744,1,2,0,0,0,0,0,3,3,0,1,3,,N,,,,,,,,,,,
2006115774,2010.0,1,0,0,0,0,0,0,0,0,8,0,,67,10,2006,5,40.0332,-75.0915,2006.0,6,0,0,0,0,0,0,0,0,,0,0,0,20,3,1,0,,0.0,40 01:59.663,,0,75 05:29.330,4,0,0,0,67301,1,0,0,N,1,0,0,2,67301,1,,1,1,,N,N,,0,,0,0,0,0,0,,2005,1,2,0,0,0,0,0,3,4,0,1,3,,N,,,,,,,,,,,
2006113289,1945.0,1,0,0,0,0,0,0,0,0,8,0,,67,9,2006,5,39.9949,-75.1129,1942.0,6,0,0,0,0,0,0,0,0,,0,0,0,19,3,1,2,,0.0,39 59:41.485,,0,75 06:46.267,3,0,0,0,67301,1,0,0,N,1,0,0,2,67301,0,,1,1,,N,N,,0,,1,0,0,3,3,,1942,1,2,0,0,0,0,0,3,4,0,1,3,,N,,,,,,,,,,,
2006103677,2345.0,1,0,0,0,0,0,0,0,0,7,0,,67,8,2006,7,40.0437,-75.0219,2334.0,6,0,0,0,0,0,0,0,0,,0,0,0,23,3,0,2,,0.0,40 02:37.000,,0,75 01:18.597,9,0,0,0,67301,0,0,0,N,0,0,0,2,67301,0,,5,1,,N,N,,0,,0,0,0,3,2,,2325,0,1,0,0,0,0,1,3,4,0,1,3,,N,,,,,,,,,,,
2006103706,1327.0,0,0,0,0,0,0,0,0,0,1,0,,67,8,2006,2,40.028,-75.0999,1324.0,6,0,0,0,0,0,1,0,0,,0,0,0,13,1,1,0,,0.0,40 01:41.000,,0,75 05:59.469,4,0,0,0,67301,0,0,0,N,0,0,0,2,67301,1,,1,1,,N,N,,0,,0,0,2,3,2,,1311,1,2,0,0,0,0,0,3,4,0,2,3,,N,,,,,,,,,,,
2006101825,845.0,2,0,0,0,0,0,0,0,0,5,0,,67,9,2006,6,40.0247,-75.1479,835.0,6,0,0,0,0,0,0,0,1,,0,0,0,8,1,1,0,,0.0,40 01:29.000,,0,75 08:52.711,8,0,0,0,67301,0,0,0,N,0,0,0,3,67301,0,,1,1,,N,N,,0,,0,0,0,0,0,,835,1,2,0,0,0,1,0,3,4,0,2,3,,N,,,,,,,,,,,
2006104298,1924.0,1,0,0,0,0,0,0,0,0,8,0,,67,8,2006,5,,,1918.0,6,0,0,0,0,0,0,0,0,,0,0,0,18,1,1,0,,0.0,,,0,,8,0,0,0,67301,1,0,0,N,1,0,0,2,67301,0,,1,1,,N,N,,0,,0,0,0,0,0,,1835,1,2,0,0,0,1,1,3,3,0,1,3,,N,,,,,,,,,,,
2006125763,18.0,0,0,0,0,0,0,0,0,0,7,0,,67,10,2006,4,40.0761,-75.165,14.0,6,0,0,0,0,0,0,0,0,9.0,0,0,0,22,3,0,0,,2.0,40 04:33.920,7.0,0,75 09:53.942,0,0,0,0,67301,0,0,0,N,0,0,0,1,67301,0,,5,1,,N,N,,1,,0,0,0,0,0,Y,2218,0,1,0,0,0,0,0,3,4,0,1,3,,N,,,,,,,,,,,
2006125495,750.0,2,0,0,0,0,0,0,0,0,8,0,,67,11,2006,3,39.926,-75.2311,747.0,6,0,0,0,0,0,0,0,0,,0,0,0,7,1,1,0,,0.0,39 55:33.500,,0,75 13:51.900,3,0,0,0,67301,1,0,0,,1,0,0,2,67301,0,,1,1,,,,,0,,1,0,1,0,0,,740,1,4,0,0,1,0,0,3,4,0,3,3,,N,,,,,,,,,,,
2006113973,1832.0,1,0,0,0,0,0,0,0,0,7,0,,67,10,2006,4,39.8918,-75.2361,1826.0,6,0,0,0,0,0,0,0,0,1.0,0,0,0,18,3,0,0,,1.0,39 53:30.432,2.0,0,75 14:10.116,0,0,0,0,67301,0,0,0,N,0,0,0,1,67301,0,,2,9,,N,N,,0,,0,0,0,0,0,Y,1822,0,1,0,0,1,0,0,3,4,0,1,7,,N,,,,,,,,,,,
2006080547,1357.0,2,0,0,0,0,0,0,0,0,1,1,,67,6,2006,2,40.071,-75.0378,1352.0,6,0,0,0,0,0,0,0,0,,0,1,0,13,1,2,1,,0.0,40 04:15.000,,0,75 02:15.971,8,0,0,0,67301,0,0,0,,0,0,0,3,67301,0,,1,1,,,,,0,,0,0,0,3,2,,1352,2,3,0,0,1,2,0,3,4,0,3,3,,N,,,,,,,,,,,
2006080552,1212.0,2,0,0,0,0,0,0,0,0,5,0,,67,5,2006,1,39.989,-75.1409,1212.0,6,0,0,0,0,0,0,0,0,,0,0,0,12,1,1,0,,0.0,39 59:20.410,,0,75 08:27.402,4,0,0,0,67301,0,0,0,N,0,0,0,2,67301,1,,1,1,,N,N,,0,,0,0,0,0,0,,1210,1,2,0,0,0,0,0,3,4,0,2,3,,N,,,,,,,,,,,
2006082682,1238.0,1,0,0,0,0,0,0,0,0,7,0,,67,7,2006,4,,,1232.0,6,0,0,0,0,0,1,0,0,1.0,0,0,0,99,1,2,0,,2.0,,1.0,0,,4,0,0,0,67301,0,0,0,N,0,0,0,2,67301,2,,2,1,,N,N,,0,,0,0,0,3,8,N,9999,2,1,0,0,0,0,0,3,3,0,1,3,,N,,,,,,,,,,,
2006082930,1604.0,2,0,0,0,0,0,0,0,0,4,0,,67,7,2006,5,39.9842,-75.2607,9999.0,6,0,1,0,0,0,0,0,0,,0,0,0,16,1,0,2,,0.0,39 59:03.000,,0,75 15:38.541,0,0,0,0,67301,0,0,0,N,0,0,0,3,46104,0,,1,1,,N,N,,0,,0,0,0,3,3,,1601,0,2,0,0,0,0,0,3,4,0,2,3,,N,,,,,,,,,,,
2006082977,858.0,1,0,0,0,0,0,0,0,0,4,0,,67,5,2006,6,39.9401,-75.2007,856.0,6,0,0,0,0,0,0,0,0,,0,0,0,8,1,1,2,,0.0,39 56:24.000,,0,75 12:02.589,8,0,0,0,67301,0,0,0,N,0,0,0,5,67301,0,,1,9,,N,N,,1,,0,0,0,3,3,,854,1,2,0,0,1,1,1,3,4,0,2,7,,N,,,,,,,,,,,