CRN,ARRIVAL_TM,AUTOMOBILE_COUNT,BELTED_DEATH_COUNT,BELTED_SUSP_SERIOUS_INJ_COUNT,BICYCLE_COUNT,BICYCLE_DEATH_COUNT,BICYCLE_SUSP_SERIOUS_INJ_COUNT,BUS_COUNT,CHLDPAS_DEATH_COUNT,CHLDPAS_SUSP_SERIOUS_INJ_COUNT,COLLISION_TYPE,COMM_VEH_COUNT,CONS_ZONE_SPD_LIM,COUNTY,CRASH_MONTH,CRASH_YEAR,DAY_OF_WEEK,DEC_LAT,DEC_LONG,DISPATCH_TM,DISTRICT,DRIVER_COUNT_16YR,DRIVER_COUNT_17YR,DRIVER_COUNT_18YR,DRIVER_COUNT_19YR,DRIVER_COUNT_20YR,DRIVER_COUNT_50_64YR,DRIVER_COUNT_65_74YR,DRIVER_COUNT_75PLUS,EST_HRS_CLOSED,FATAL_COUNT,HEAVY_TRUCK_COUNT,HORSE_BUGGY_COUNT,HOUR_OF_DAY,ILLUMINATION,INJURY_COUNT,INTERSECT_TYPE,INTERSECTION_RELATED,LANE_CLOSED,LATITUDE,LN_CLOSE_DIR,LOCATION_TYPE,LONGITUDE,MAX_SEVERITY_LEVEL,MCYCLE_DEATH_COUNT,MCYCLE_SUSP_SERIOUS_INJ_COUNT,MOTORCYCLE_COUNT,MUNICIPALITY,NONMOTR_COUNT,NONMOTR_DEATH_COUNT,NONMOTR_SUSP_SERIOUS_INJ_COUNT,NTFY_HIWY_MAINT,PED_COUNT,PED_DEATH_COUNT,PED_SUSP_SERIOUS_INJ_COUNT,PERSON_COUNT,POLICE_AGCY,POSSIBLE_INJ_COUNT,RDWY_SURF_TYPE_CD,RELATION_TO_ROAD,ROAD_CONDITION,ROADWAY_CLEARED,SCH_BUS_IND,SCH_ZONE_IND,SECONDARY_CRASH,SMALL_TRUCK_COUNT,SPEC_JURIS_CD,SUSP_MINOR_INJ_COUNT,SUSP_SERIOUS_INJ_COUNT,SUV_COUNT,TCD_FUNC_CD,TCD_TYPE,TFC_DETOUR_IND,TIME_OF_DAY,TOT_INJ_COUNT,TOTAL_UNITS,UNB_DEATH_COUNT,UNB_SUSP_SERIOUS_INJ_COUNT,UNBELTED_OCC_COUNT,UNK_INJ_DEG_COUNT,UNK_INJ_PER_COUNT,URBAN_AREA,URBAN_RURAL,VAN_COUNT,VEHICLE_COUNT,WEATHER1,WEATHER2,WORK_ZONE_IND,WORK_ZONE_LOC,WORK_ZONE_TYPE,WORKERS_PRES,WZ_CLOSE_DETOUR,WZ_FLAGGER,WZ_LAW_OFFCR_IND,WZ_LN_CLOSURE,WZ_MOVING,WZ_OTHER,WZ_SHLDER_MDN,WZ_WORKERS_INJ_KILLED
2006066012,2345.0,1,0,0,1,0,0,0,0,0,4,0,,67,6,2006,6,40.0175,-75.0855,2340.0,6,0,0,0,0,0,0,1,0,,0,0,0,23,3,1,1,,0.0,40 01:02.992,,0,75 05:07.954,3,0,0,0,67301,1,0,0,,0,0,0,2,67301,0,,1,9,,,,,0,,1,0,0,9,3,,2335,1,2,0,0,0,0,0,3,4,0,1,7,,N,,,,,,,,,,,
2006021623,1250.0,2,0,0,0,0,0,0,0,0,1,0,,67,1,2006,2,39.9594,-75.1986,1236.0,6,0,0,0,0,0,1,0,0,,0,0,0,12,1,1,0,,0.0,39 57:34.013,,0,75 11:54.885,4,0,0,0,67301,2,0,0,N,0,0,0,3,67301,1,,6,1,,N,N,,0,,0,0,0,0,0,,1230,1,2,0,0,0,0,0,3,4,0,2,3,,N,,,,,,,,,,,
2006103100,815.0,2,0,0,0,0,0,0,0,0,2,0,,67,9,2006,4,40.0702,-75.0313,811.0,6,0,0,0,0,0,1,1,0,,0,0,0,8,1,2,2,,0.0,40 04:12.678,,0,75 01:52.619,4,0,0,0,67301,0,0,0,N,0,0,0,2,67301,2,,1,1,,N,N,,0,,0,0,0,3,2,,802,2,2,0,0,0,0,0,3,4,0,2,3,,N,,,,,,,,,,,
2006103546,1737.0,2,0,0,0,0,0,0,0,0,1,0,,67,8,2006,5,40.1083,-74.9966,1721.0,6,0,0,0,0,0,0,0,0,2.0,0,0,0,17,1,2,0,,1.0,40 06:30.000,2.0,0,74 59:47.786,4,0,0,0,67301,0,0,0,N,0,0,0,4,67301,2,,1,1,,N,,,0,,0,0,1,0,0,N,1710,2,4,0,0,0,0,2,3,4,1,4,3,,N,,,,,,,,,,,
2006080104,2035.0,0,0,0,0,0,0,0,0,0,6,0,,67,6,2006,7,,,2030.0,6,0,0,0,0,0,1,0,0,,0,0,0,20,1,0,1,,0.0,,,0,,0,0,0,0,67301,0,0,0,N,0,0,0,2,67301,0,,1,1,,N,N,,1,,0,0,0,9,3,,2015,0,2,0,0,0,0,0,3,3,1,2,3,,N,,,,,,,,,,,
2006125378,1907.0,3,0,0,0,0,0,0,0,0,1,0,,67,10,2006,1,,,1907.0,6,0,0,0,0,0,0,0,0,1.0,0,0,0,19,3,0,0,,1.0,,3.0,0,,0,0,0,0,67301,0,0,0,N,0,0,0,9,67301,0,,1,1,,N,N,,0,,0,0,0,0,0,Y,1907,0,4,0,0,1,0,0,3,3,1,4,3,,N,,,,,,,,,,,
2006080174,1410.0,2,0,0,0,0,0,0,0,0,4,0,,67,6,2006,1,39.9855,-75.2585,1406.0,6,0,0,0,0,1,0,0,0,,0,0,0,14,1,1,1,,0.0,39 59:07.000,,0,75 15:30.518,4,0,0,0,67301,0,0,0,N,0,0,0,3,67301,1,,1,1,,N,N,,0,,0,0,0,3,2,,1400,1,2,0,0,0,0,0,3,4,0,2,3,,N,,,,,,,,,,,
2006080263,1310.0,1,0,0,0,0,0,1,0,0,4,1,,67,7,2006,6,40.0044,-75.1493,1259.0,6,0,0,0,0,0,0,0,0,,0,0,0,99,1,9,0,,0.0,40 00:15.775,,0,75 08:57.638,8,0,0,0,67301,0,0,0,,0,0,0,11,67301,0,,1,1,,,,,0,,0,0,0,0,0,,9999,9,2,0,0,0,9,0,3,4,0,2,3,,N,,,,,,,,,,,
2006103457,1055.0,2,0,0,0,0,0,0,0,0,1,0,,67,8,2006,4,40.0728,-75.0142,1049.0,6,0,0,0,0,0,1,0,0,1.0,0,0,0,10,1,0,0,,1.0,40 04:22.000,4.0,0,75 00:50.826,0,0,0,0,67301,0,0,0,N,0,0,0,3,67301,0,,1,1,,N,N,,0,,0,0,1,0,0,N,1030,0,3,0,0,0,0,0,3,4,0,3,3,,N,,,,,,,,,,,
2006096229,2115.0,1,0,0,0,0,0,0,0,0,8,0,,67,8,2006,5,,,2111.0,6,0,0,0,0,0,1,0,0,1.0,0,0,0,21,3,1,0,,1.0,,4.0,0,,3,0,0,0,67301,1,0,0,N,1,0,0,3,67301,0,,1,1,,N,N,,0,,1,0,0,4,7,Y,2111,1,2,0,0,0,0,0,3,3,0,1,3,,N,,,,,,,,,,,
2006125270,2024.0,2,0,0,0,0,0,0,0,0,4,0,,67,10,2006,4,40.0079,-75.1405,2024.0,6,0,0,1,0,0,0,0,0,,0,0,0,18,3,2,1,,0.0,40 00:28.000,,0,75 08:26.022,4,0,0,0,67301,0,0,0,N,0,0,0,3,67301,2,,1,1,,N,N,,0,,0,0,0,3,3,,1849,2,2,0,0,0,0,0,3,4,0,2,3,,N,,,,,,,,,,,
2006065621,1946.0,0,0,0,0,0,0,0,0,0,8,0,,67,5,2006,6,39.9296,-75.244,9999.0,6,0,0,0,0,0,0,0,0,,0,0,0,18,3,1,1,,0.0,39 55:46.000,,0,75 14:38.706,4,0,0,0,67301,1,0,0,N,1,0,0,2,67301,1,,1,1,,N,N,,0,,0,0,1,0,0,,1855,1,2,0,0,0,0,0,3,4,0,1,3,,N,,,,,,,,,,,
2006096032,9999.0,1,0,0,0,0,0,0,0,0,1,0,,67,8,2006,5,40.0269,-75.2094,9999.0,6,0,0,0,0,0,1,0,0,,0,0,0,14,1,1,1,,0.0,40 01:37.000,,0,75 12:33.951,4,0,0,0,67301,0,0,0,N,0,0,0,4,67301,1,,1,1,,N,N,,1,,0,0,1,0,0,,1450,1,3,0,0,0,0,0,3,4,0,3,3,,N,,,,,,,,,,,
2006112798,2330.0,1,0,0,0,0,0,0,0,0,4,0,,67,9,2006,5,39.9117,-75.1724,2325.0,6,0,0,0,0,0,0,0,0,2.0,0,0,0,23,3,0,1,,1.0,39 54:42.000,1.0,0,75 10:20.875,0,0,0,0,67301,0,0,0,N,0,0,0,4,67301,0,,1,9,,N,N,,0,,0,0,0,3,2,N,2320,0,2,0,0,0,0,0,3,4,1,2,7,,N,,,,,,,,,,,
2006125449,708.0,3,0,0,0,0,0,0,0,0,1,0,,67,11,2006,5,40.0287,-75.0379,700.0,6,0,0,0,0,0,0,0,0,,0,0,0,6,1,1,0,,0.0,40 01:43.358,,0,75 02:16.371,8,0,0,0,67301,0,0,0,N,0,0,0,3,67301,0,,1,1,,N,N,,0,,0,0,0,0,0,,658,1,3,0,0,1,1,0,3,4,0,3,3,,N,,,,,,,,,,,
2006124273,1635.0,0,0,0,0,0,0,0,0,0,7,0,,67,11,2006,6,39.9098,-75.1851,1625.0,6,0,0,0,0,0,0,0,0,,0,0,0,16,1,1,0,,0.0,39 54:35.300,,0,75 11:06.400,4,0,0,0,67301,0,0,0,N,0,0,0,1,67301,1,,5,1,,N,N,,0,,0,0,0,0,0,,1620,1,1,0,0,0,0,0,3,4,0,1,3,,N,,,,,,,,,,,
2006102372,1120.0,1,0,0,1,0,0,0,0,0,4,0,,67,8,2006,7,39.9504,-75.1601,1111.0,6,0,0,1,0,0,0,0,0,1.0,0,0,0,11,1,1,1,,1.0,39 57:01.383,3.0,1,75 09:36.443,4,0,0,0,67301,0,0,0,Y,0,0,0,2,67301,1,,1,1,,N,N,,0,,0,0,0,3,2,N,1109,1,2,0,0,0,0,0,3,4,0,2,3,,N,,,,,,,,,,,
2006115111,1420.0,1,0,0,0,0,0,0,0,0,6,0,,67,9,2006,7,40.0413,-75.1068,1415.0,6,0,0,0,0,0,0,0,0,,0,0,0,14,1,1,0,,0.0,40 02:28.000,,7,75 06:24.446,8,0,0,0,67301,0,0,0,,0,0,0,2,67301,0,,1,1,,N,N,,0,,0,0,1,3,2,,1400,1,2,0,0,0,1,0,3,4,0,2,3,,N,,,,,,,,,,,
2006115126,1545.0,1,0,0,0,0,0,0,0,0,4,0,,67,9,2006,6,39.9408,-75.1662,9999.0,6,0,0,0,0,0,1,0,0,,0,0,0,15,1,0,1,,0.0,39 56:26.901,,0,75 09:58.049,0,0,0,0,67301,0,0,0,N,0,0,0,2,67301,0,,1,1,,N,N,,1,,0,0,0,3,2,,1535,0,2,0,0,2,0,0,3,4,0,2,3,,N,,,,,,,,,,,
2006115131,1311.0,2,0,0,0,0,0,0,0,0,4,0,,67,9,2006,7,40.0736,-75.1582,1301.0,6,0,0,0,0,0,0,1,0,,0,0,0,12,1,0,0,,0.0,40 04:25.086,,0,75 09:29.665,0,0,0,0,67301,0,0,0,N,0,0,0,1,67301,0,,2,9,,N,N,,0,,0,0,0,0,0,,1259,0,2,0,0,0,0,0,3,4,0,2,7,,N,,,,,,,,,,,
2006105096,1847.0,1,0,0,0,0,0,1,0,0,5,1,,67,8,2006,5,40.0384,-75.1769,1839.0,6,0,0,0,0,0,0,0,0,,0,0,0,18,1,1,1,,0.0,40 02:18.000,,0,75 10:37.082,4,0,0,0,67301,1,0,0,,0,0,0,2,67301,1,,1,1,,N,N,,0,,0,0,0,3,2,,1815,1,2,0,0,0,0,0,3,4,0,2,3,,N,,,,,,,,,,,
2006126833,1417.0,2,1,0,0,0,0,0,0,0,4,0,,67,10,2006,3,39.9183,-75.2089,1415.0,6,0,0,0,0,0,0,1,0,,1,0,0,14,1,1,0,,0.0,39 55:05.962,,7,75 12:32.003,1,0,0,0,67301,0,0,0,N,0,0,0,2,67301,0,2.0,1,1,,N,N,,0,0.0,0,1,0,0,0,,1415,1,2,0,0,0,0,0,3,4,0,2,3,,N,,,,,,,,,,,
2006124008,2050.0,1,0,0,0,0,0,0,0,0,7,0,,67,10,2006,6,40.0339,-75.188,2041.0,6,0,0,0,0,0,0,0,0,,0,0,0,20,3,0,0,,0.0,40 02:01.890,,0,75 11:16.809,0,0,0,0,67301,0,0,0,N,0,0,0,1,67301,0,,4,9,,N,N,,0,,0,0,0,0,0,,2040,0,1,0,0,0,0,0,3,4,0,1,7,,N,,,,,,,,,,,
2006054526,1920.0,0,0,0,0,0,0,0,0,0,8,0,,67,3,2006,6,39.9983,-75.1274,1911.0,6,0,0,0,0,0,0,0,0,,0,0,0,16,4,1,1,,0.0,39 59:53.000,,0,75 07:38.390,4,0,0,0,67301,1,0,0,,1,0,0,2,67301,1,,1,1,,,,,1,,0,0,0,3,2,,1655,1,2,0,0,0,0,0,3,4,0,1,3,,N,,,,,,,,,,,
2006093416,758.0,1,0,0,0,0,0,1,0,0,1,1,,67,8,2006,7,40.0209,-75.1401,750.0,6,0,0,0,0,0,0,0,0,,0,0,0,7,1,2,5,,0.0,40 01:18.000,,0,75 08:22.870,8,0,0,0,67301,0,0,0,N,0,0,0,3,67301,0,,1,1,,Y,N,,0,,0,0,0,3,2,,750,2,2,0,0,0,2,0,3,4,0,2,3,,N,,,,,,,,,,,
2006054599,1230.0,1,0,0,0,0,0,0,0,0,1,0,,67,4,2006,5,39.9935,-75.1264,1227.0,6,0,0,0,0,0,2,0,0,,0,0,0,99,1,1,1,,0.0,39 59:36.492,,0,75 07:35.029,8,0,0,0,67301,0,0,0,N,0,0,0,4,67301,0,,1,1,,N,N,,0,,0,0,0,3,3,,9999,1,2,0,0,1,1,3,3,4,1,2,3,,N,,,,,,,,,,,
2006080967,1102.0,2,0,0,0,0,0,0,0,0,2,0,,67,4,2006,6,,,1050.0,6,0,0,0,0,0,0,0,0,,0,0,0,10,1,0,0,,0.0,,,0,,0,0,0,0,67301,0,0,0,N,0,0,0,2,67301,0,,1,1,,N,N,,0,,0,0,1,3,3,,1050,0,3,0,0,0,0,0,3,3,0,3,3,,N,,,,,,,,,,,
2006081032,653.0,1,0,0,0,0,0,0,0,0,1,0,,67,6,2006,7,39.9751,-75.195,650.0,6,0,0,0,0,0,0,0,0,,0,0,0,6,1,1,1,,0.0,39 58:30.360,,0,75 11:41.640,4,0,0,0,67301,0,0,0,N,0,0,0,2,67301,1,,1,9,,N,N,,1,,0,0,0,3,4,,650,1,2,0,0,1,0,0,3,4,0,2,98,,N,,,,,,,,,,,
2006081357,1346.0,2,0,0,0,0,0,0,0,0,4,0,,67,7,2006,7,40.0625,-74.987,1334.0,6,0,0,0,0,0,0,0,0,,0,0,0,13,1,0,1,,0.0,40 03:44.000,,0,74 59:12.567,0,0,0,0,67301,0,0,0,N,0,0,0,3,67301,0,,1,1,,N,N,,0,,0,0,0,3,2,,1331,0,2,0,0,0,0,0,3,4,0,2,3,,N,,,,,,,,,,,
2006081489,231.0,0,0,0,0,0,0,0,0,0,7,0,,67,7,2006,2,,,229.0,6,0,0,0,0,0,0,0,0,2.0,0,0,0,2,3,0,0,,2.0,,1.0,0,,9,0,0,0,67301,0,0,0,N,0,0,0,1,67301,0,,3,1,,N,N,,0,,0,0,1,0,0,N,227,0,1,0,0,0,0,1,3,3,0,1,3,,N,,,,,,,,,,,
2006081515,350.0,2,0,0,0,0,0,0,0,0,1,0,,67,6,2006,6,,,348.0,6,0,0,0,0,0,0,0,0,1.0,0,0,0,3,6,1,0,,1.0,,3.0,0,,4,0,0,0,67301,0,0,0,N,0,0,0,2,67301,1,,1,1,,N,N,,0,,0,0,0,0,0,N,347,1,2,0,0,0,0,0,3,3,0,2,3,,N,,,,,,,,,,,
2006114099,1445.0,2,0,0,0,0,0,0,0,0,4,0,,67,10,2006,1,40.0086,-75.0688,1440.0,6,0,0,1,0,0,0,0,0,,0,0,0,13,1,1,1,,0.0,40 00:31.000,,0,75 04:07.914,8,0,0,0,67301,0,0,0,N,0,0,0,3,67301,0,,1,1,,N,N,,0,,0,0,0,3,2,,1349,1,2,0,0,0,1,2,3,4,0,2,3,,N,,,,,,,,,,,
2006104241,1610.0,2,0,0,0,0,0,0,0,0,4,0,,67,6,2006,4,40.0256,-75.0317,1605.0,6,0,0,0,0,0,1,0,0,9.0,0,0,0,15,1,1,1,,1.0,40 01:32.000,4.0,0,75 01:54.133,8,0,0,0,67301,0,0,0,N,0,0,0,3,67301,0,,1,1,,N,N,,0,,0,0,0,9,2,N,1545,1,2,0,0,0,1,2,3,4,0,2,3,,N,,,,,,,,,,,
2006104251,1437.0,1,0,0,0,0,0,0,0,0,1,0,,67,8,2006,5,40.0554,-75.1263,1430.0,6,0,0,0,0,0,0,0,0,,0,0,0,14,1,1,1,,0.0,40 03:19.000,,0,75 07:34.809,3,0,0,0,67301,0,0,0,N,0,0,0,4,67301,0,,1,1,,N,N,,0,,1,0,1,0,0,,1430,1,2,0,0,1,0,0,3,4,0,2,3,,N,,,,,,,,,,,
2006104270,1745.0,1,0,0,0,0,0,0,0,0,8,0,,67,9,2006,6,40.0232,-75.0485,1740.0,6,0,0,0,0,0,0,0,1,,0,0,0,17,1,1,0,,0.0,40 01:23.000,,0,75 02:54.471,3,0,0,0,67301,1,0,0,N,1,0,0,2,67301,0,,1,1,,N,N,,0,,1,0,0,0,0,,1740,1,2,0,0,0,0,0,3,4,0,1,3,,N,,,,,,,,,,,
2006104295,1635.0,2,0,0,0,0,0,0,0,0,4,0,,67,9,2006,2,40.0259,-75.1231,1630.0,6,0,0,0,0,0,0,0,0,2.0,0,0,0,16,1,2,1,,2.0,40 01:33.000,3.0,0,75 07:24.484,3,0,0,0,67301,0,0,0,,0,0,0,2,67301,0,,1,1,,N,N,,0,,1,0,0,3,2,Y,1625,2,2,0,0,0,1,0,3,4,0,2,3,,N,,,,,,,,,,,
2006104331,1554.0,1,0,0,0,0,0,0,0,0,4,0,,67,9,2006,3,40.0171,-75.1586,1553.0,6,0,0,0,0,0,1,0,0,1.0,0,0,0,15,1,1,2,,1.0,40 01:01.000,1.0,0,75 09:30.766,3,0,0,1,67301,0,0,0,N,0,0,0,2,67301,0,,2,1,,N,N,,0,,1,0,0,9,3,Y,1550,1,2,0,0,0,0,0,3,4,0,2,3,,N,,,,,,,,,,,
2006101896,800.0,2,0,0,0,0,0,0,0,0,4,0,,67,9,2006,6,39.9478,-75.2254,752.0,6,0,0,0,0,0,0,0,0,,0,0,0,7,1,1,1,,0.0,39 56:52.000,,0,75 13:31.463,4,0,0,0,67301,0,0,0,N,0,0,0,3,67301,1,,1,1,,N,N,,0,,0,0,0,3,2,,750,1,2,0,0,0,0,0,3,4,0,2,3,,N,,,,,,,,,,,
2006101911,1115.0,3,0,0,0,0,0,0,0,0,1,0,,67,7,2006,2,39.9887,-75.1622,1106.0,6,0,0,0,0,0,0,0,0,,0,0,0,11,1,1,1,,0.0,39 59:19.000,,0,75 09:44.125,4,0,0,0,67301,0,0,0,N,0,0,0,2,67301,1,,1,1,,N,N,,0,,0,0,0,3,2,,1106,1,3,0,0,0,0,0,3,4,0,3,3,,N,,,,,,,,,,,
2006125632,815.0,1,0,0,0,0,0,0,0,0,4,0,,67,9,2006,7,39.9753,-75.2455,810.0,6,0,0,0,0,0,0,0,0,,0,0,0,8,1,0,1,,0.0,39 58:31.000,,0,75 14:43.859,0,0,0,0,67301,0,0,0,N,0,0,0,3,67301,0,,1,1,,N,N,,0,,0,0,0,3,2,,805,0,2,0,0,1,0,0,3,4,1,2,3,,N,,,,,,,,,,,
2006083060,355.0,1,0,0,0,0,0,0,0,0,7,0,,67,5,2006,1,,,350.0,6,0,0,0,0,0,0,0,0,,0,0,0,2,3,0,0,,0.0,,,0,,0,0,0,0,67301,0,0,0,N,0,0,0,1,67301,0,,2,1,,N,N,,0,,0,0,0,0,0,,250,0,1,0,0,0,0,0,3,3,0,1,3,,N,,,,,,,,,,,
2006080702,102.0,1,0,0,0,0,0,0,0,0,8,0,,67,5,2006,7,39.9943,-75.1606,100.0,6,0,0,0,0,0,0,0,0,,0,0,0,0,3,1,0,,0.0,39 59:39.595,,0,75 09:37.998,2,0,0,0,67301,1,0,1,N,1,0,1,2,67301,0,,1,1,,N,N,,0,,0,1,0,2,2,,43,1,2,0,0,0,0,1,3,4,0,1,7,,N,,,,,,,,,,,
2006080808,2331.0,3,0,0,0,0,0,0,0,0,1,0,,67,6,2006,6,39.9601,-75.1371,2320.0,6,0,0,0,1,0,0,0,0,,0,0,0,23,3,2,0,,0.0,39 57:36.269,,0,75 08:13.522,4,0,0,0,67301,0,0,0,,0,0,0,6,67301,2,,1,9,,N,N,,0,,0,0,0,3,2,,2320,2,3,0,0,0,0,0,3,4,0,3,7,,N,,,,,,,,,,,
2006083158,2005.0,2,0,0,0,0,0,0,0,0,2,0,,67,6,2006,2,39.9675,-75.1799,1953.0,6,0,0,0,0,0,1,0,0,,0,0,0,19,1,1,2,,0.0,39 58:03.000,,0,75 10:47.640,8,0,0,0,67301,0,0,0,N,0,0,0,2,67301,0,,1,9,,N,N,,0,,0,0,0,3,2,,1915,1,2,0,0,0,1,0,3,4,0,2,7,,N,,,,,,,,,,,
2006083161,1815.0,1,0,0,0,0,0,0,0,0,8,0,,67,7,2006,3,40.0179,-75.1087,1810.0,6,0,0,0,0,0,0,0,0,,0,0,0,17,1,1,0,,0.0,40 01:04.566,,0,75 06:31.453,4,0,0,0,67301,1,0,0,N,1,0,0,2,67301,1,,1,1,,N,N,,0,,0,0,0,0,0,,1750,1,2,0,0,0,0,1,3,4,0,1,3,,N,,,,,,,,,,,
2006096850,210.0,1,0,0,0,0,0,0,0,0,6,0,,67,7,2006,1,40.0151,-75.1359,210.0,6,0,0,0,0,0,0,0,0,,0,0,0,2,3,1,1,,0.0,40 00:54.471,,0,75 08:09.164,8,0,0,0,67301,0,0,0,N,0,0,0,2,67301,0,,1,1,,N,N,,1,,0,0,1,9,3,,205,1,4,0,0,0,1,0,3,4,1,4,3,,N,,,,,,,,,,,
2006080083,1456.0,0,0,0,0,0,0,0,0,0,8,0,,67,6,2006,5,,,1450.0,6,1,0,0,0,0,0,0,0,,0,0,0,14,1,1,0,,0.0,,,0,,8,0,0,0,67301,1,0,0,N,1,0,0,2,67301,0,,1,1,,N,N,,0,,0,0,1,0,0,,1440,1,2,0,0,0,1,0,3,3,0,1,3,,N,,,,,,,,,,,
2006080087,1218.0,0,0,0,0,0,0,1,0,0,5,1,,67,6,2006,4,40.0135,-75.159,1216.0,6,0,0,0,0,0,0,0,0,,0,0,0,99,1,2,0,,0.0,40 00:48.000,,0,75 09:32.681,4,0,0,0,67301,2,0,0,N,0,0,0,3,67301,2,,6,1,,N,N,,0,,0,0,1,0,0,,9999,2,2,0,0,0,0,0,3,4,0,2,3,,N,,,,,,,,,,,
2006125304,1415.0,2,0,0,0,0,0,0,0,0,4,0,,67,10,2006,7,,,1410.0,6,0,0,0,0,0,0,0,0,,0,0,0,99,1,0,1,,0.0,,,0,,0,0,0,0,67301,0,0,0,N,0,0,0,2,67301,0,,1,1,,N,N,,0,,0,0,0,3,2,,9999,0,2,0,0,0,0,0,3,3,0,2,3,,N,,,,,,,,,,,
2006125360,2126.0,1,0,0,0,0,0,0,0,0,8,0,,67,11,2006,2,39.9548,-75.1834,2125.0,6,0,0,0,0,0,0,0,1,,0,0,0,21,3,1,1,,0.0,39 57:17.000,,0,75 11:00.267,8,0,0,0,67301,1,0,0,N,1,0,0,2,67301,0,,1,1,,N,N,,0,,0,0,0,0,0,,2117,1,2,0,0,0,1,0,3,4,0,1,3,,N,,,,,,,,,,,
2006082618,1000.0,0,0,0,0,0,0,0,0,0,8,0,,67,6,2006,2,39.96,-75.1656,950.0,6,0,0,0,0,0,0,0,0,,0,0,0,9,1,1,0,,0.0,39 57:36.126,,0,75 09:56.077,3,0,0,0,67301,1,0,0,N,1,0,0,2,67301,0,,1,1,,N,N,,0,,1,0,0,0,0,,930,1,2,0,0,0,0,1,3,4,1,1,3,,N,,,,,,,,,,,
2006082620,1303.0,2,0,0,0,0,0,0,0,0,4,0,,67,6,2006,5,,,1302.0,6,0,0,0,0,0,0,0,0,,0,0,0,13,1,0,1,,0.0,,,0,,0,0,0,0,67301,0,0,0,N,0,0,0,2,67301,0,,1,1,,N,N,,0,,0,0,0,2,2,,1300,0,2,0,0,0,0,0,3,3,0,2,3,,N,,,,,,,,,,,
2006082642,100.0,0,0,0,0,0,0,0,0,0,8,0,,67,6,2006,5,,,100.0,6,0,0,0,0,0,0,0,0,,0,0,0,17,1,1,1,,0.0,,,0,,3,0,0,0,67301,1,0,0,N,1,0,0,2,67301,0,,1,1,,N,N,,0,,1,0,0,3,2,,1700,1,2,0,0,0,0,0,3,3,1,1,3,,N,,,,,,,,,,,
2006080261,1314.0,1,0,0,0,0,0,0,0,0,4,0,,67,6,2006,1,,,1310.0,6,1,0,0,0,0,0,0,0,,0,0,0,12,1,1,1,,0.0,,,0,,3,0,0,1,67301,0,0,0,N,0,0,0,2,67301,0,,1,1,,N,N,,0,,1,0,0,3,3,,1257,1,2,0,0,0,0,0,3,3,0,2,3,,N,,,,,,,,,,,
2006096225,1726.0,2,0,1,0,0,0,0,0,0,2,0,,67,7,2006,5,39.9678,-75.1602,1724.0,6,0,1,0,0,0,0,0,0,,0,0,0,17,1,1,1,,0.0,39 58:04.000,,0,75 09:36.555,2,0,0,0,67301,0,0,0,N,0,0,0,4,67301,0,,1,1,,N,N,,0,,0,1,0,0,0,,1720,1,2,0,0,0,0,1,3,4,0,2,3,,N,,,,,,,,,,,
2006125286,2029.0,1,0,0,0,0,0,0,0,0,0,0,,67,11,2006,3,,,2025.0,6,0,0,0,0,0,0,0,0,1.0,0,0,0,20,3,2,0,,2.0,,1.0,2,,4,0,0,0,67301,0,0,0,N,0,0,0,2,67301,2,,2,9,,N,N,,0,,0,0,0,0,0,Y,2023,2,1,0,0,0,0,0,3,3,0,1,7,,N,,,,,,,,,,,
2006125299,251.0,2,0,0,0,0,0,0,0,0,4,0,,67,10,2006,6,40.0136,-75.0685,248.0,6,0,0,0,0,0,0,0,0,,0,0,0,2,3,1,1,,0.0,40 00:48.000,,0,75 04:07.590,8,0,0,0,67301,0,0,0,,0,0,0,2,67301,0,,3,9,,,,,0,,0,0,0,9,2,,245,1,2,0,0,0,1,0,3,4,0,2,7,,N,,,,,,,,,,,
2006095970,730.0,1,0,0,0,0,0,0,0,0,7,0,,67,7,2006,7,39.9527,-75.1484,721.0,6,0,0,0,0,0,0,0,0,,0,0,0,7,1,1,0,,0.0,39 57:09.000,,0,75 08:54.364,4,0,0,0,67301,0,0,0,N,0,0,0,1,67301,1,,2,1,,N,N,,0,,0,0,0,0,0,,708,1,1,0,0,0,0,0,3,4,0,1,7,,N,,,,,,,,,,,
2006063219,26.0,2,0,0,0,0,0,0,0,0,4,0,,67,4,2006,1,40.0331,-75.0801,25.0,6,0,0,2,0,0,0,0,0,3.0,0,0,0,0,3,9,2,,2.0,40 01:59.000,6.0,0,75 04:48.567,2,0,0,0,67301,0,0,0,N,0,0,0,11,67301,3,,1,1,,N,N,,0,,1,3,0,3,2,Y,20,9,2,0,0,0,2,1,3,4,0,2,3,,N,,,,,,,,,,,
2006063231,616.0,2,0,0,0,0,0,0,0,0,4,0,,67,5,2006,6,40.044,-75.0719,614.0,6,0,0,0,0,0,0,0,0,,0,0,0,6,1,0,1,,0.0,40 02:38.392,,0,75 04:18.739,0,0,0,0,67301,0,0,0,N,0,0,0,2,67301,0,,1,1,,N,N,,0,,0,0,0,3,3,,607,0,2,0,0,0,0,0,3,4,0,2,3,,N,,,,,,,,,,,