CRN,ARRIVAL_TM,AUTOMOBILE_COUNT,BELTED_DEATH_COUNT,BELTED_SUSP_SERIOUS_INJ_COUNT,BICYCLE_COUNT,BICYCLE_DEATH_COUNT,BICYCLE_SUSP_SERIOUS_INJ_COUNT,BUS_COUNT,CHLDPAS_DEATH_COUNT,CHLDPAS_SUSP_SERIOUS_INJ_COUNT,COLLISION_TYPE,COMM_VEH_COUNT,CONS_ZONE_SPD_LIM,COUNTY,CRASH_MONTH,CRASH_YEAR,DAY_OF_WEEK,DEC_LAT,DEC_LONG,DISPATCH_TM,DISTRICT,DRIVER_COUNT_16YR,DRIVER_COUNT_17YR,DRIVER_COUNT_18YR,DRIVER_COUNT_19YR,DRIVER_COUNT_20YR,DRIVER_COUNT_50_64YR,DRIVER_COUNT_65_74YR,DRIVER_COUNT_75PLUS,EST_HRS_CLOSED,FATAL_COUNT,HEAVY_TRUCK_COUNT,HORSE_BUGGY_COUNT,HOUR_OF_DAY,ILLUMINATION,INJURY_COUNT,INTERSECT_TYPE,INTERSECTION_RELATED,LANE_CLOSED,LATITUDE,LN_CLOSE_DIR,LOCATION_TYPE,LONGITUDE,MAX_SEVERITY_LEVEL,MCYCLE_DEATH_COUNT,MCYCLE_SUSP_SERIOUS_INJ_COUNT,MOTORCYCLE_COUNT,MUNICIPALITY,NONMOTR_COUNT,NONMOTR_DEATH_COUNT,NONMOTR_SUSP_SERIOUS_INJ_COUNT,NTFY_HIWY_MAINT,PED_COUNT,PED_DEATH_COUNT,PED_SUSP_SERIOUS_INJ_COUNT,PERSON_COUNT,POLICE_AGCY,POSSIBLE_INJ_COUNT,RDWY_SURF_TYPE_CD,RELATION_TO_ROAD,ROAD_CONDITION,ROADWAY_CLEARED,SCH_BUS_IND,SCH_ZONE_IND,SECONDARY_CRASH,SMALL_TRUCK_COUNT,SPEC_JURIS_CD,SUSP_MINOR_INJ_COUNT,SUSP_SERIOUS_INJ_COUNT,SUV_COUNT,TCD_FUNC_CD,TCD_TYPE,TFC_DETOUR_IND,TIME_OF_DAY,TOT_INJ_COUNT,TOTAL_UNITS,UNB_DEATH_COUNT,UNB_SUSP_SERIOUS_INJ_COUNT,UNBELTED_OCC_COUNT,UNK_INJ_DEG_COUNT,UNK_INJ_PER_COUNT,URBAN_AREA,URBAN_RURAL,VAN_COUNT,VEHICLE_COUNT,WEATHER1,WEATHER2,WORK_ZONE_IND,WORK_ZONE_LOC,WORK_ZONE_TYPE,WORKERS_PRES,WZ_CLOSE_DETOUR,WZ_FLAGGER,WZ_LAW_OFFCR_IND,WZ_LN_CLOSURE,WZ_MOVING,WZ_OTHER,WZ_SHLDER_MDN,WZ_WORKERS_INJ_KILLED
2006112849,1005.0,3,0,0,0,0,0,0,0,0,4,0,,67,9,2006,4,39.9769,-75.2318,1804.0,6,0,0,0,0,1,0,0,0,,0,0,0,10,1,1,1,,0.0,39 58:36.757,,0,75 13:54.447,4,0,0,0,67301,0,0,0,N,0,0,0,3,67301,1,,1,1,,N,N,,0,,0,0,0,3,2,,1000,1,3,0,0,2,0,0,3,4,0,3,3,,N,,,,,,,,,,,
2006114803,1055.0,1,0,0,0,0,0,0,0,0,4,0,,67,10,2006,1,40.0363,-75.0718,1045.0,6,0,0,0,0,0,0,0,0,,0,0,0,10,1,1,1,,0.0,40 02:10.662,,6,75 04:18.319,8,0,0,0,67301,0,0,0,N,0,0,0,2,67301,0,,1,1,,N,N,,0,,0,0,0,0,0,,1015,1,2,0,0,0,1,0,3,4,1,2,3,,N,,,,,,,,,,,
2006114822,9999.0,2,0,0,0,0,0,0,0,0,5,0,,67,10,2006,7,39.9281,-75.2219,9999.0,6,0,1,0,0,0,0,0,0,,0,0,0,99,3,1,2,,0.0,39 55:41.000,,0,75 13:19.366,4,0,0,0,67301,0,0,0,N,0,0,0,5,67301,1,,1,1,,N,N,,0,,0,0,0,9,2,,9999,1,2,0,0,0,0,0,3,4,0,2,3,,N,,,,,,,,,,,
2006105101,1525.0,1,0,0,0,0,0,0,0,0,4,0,,67,9,2006,6,40.0272,-75.0989,1519.0,6,0,0,0,0,0,1,0,0,,0,0,0,14,1,1,1,,0.0,40 01:39.000,,0,75 05:57.216,4,0,0,0,67301,0,0,0,N,0,0,0,2,67301,1,,1,9,,N,N,,0,,0,0,0,3,2,,1405,1,2,0,0,0,0,0,3,4,1,2,7,,N,,,,,,,,,,,
2006105126,30.0,1,0,0,0,0,0,0,0,0,1,0,,67,8,2006,2,39.988,-75.0889,23.0,6,0,0,0,0,0,0,0,0,1.0,0,0,0,0,3,0,0,,2.0,39 59:17.000,1.0,0,75 05:19.709,0,0,0,0,67301,0,0,0,N,0,0,0,2,67301,0,,1,9,,N,N,,1,,0,0,0,0,0,N,22,0,2,0,0,0,0,0,3,4,0,2,7,,N,,,,,,,,,,,
2006105154,1351.0,1,0,0,0,0,0,0,0,0,7,0,,67,9,2006,6,39.9713,-75.1594,1350.0,6,0,0,0,0,0,0,0,0,,0,0,0,13,1,1,0,,0.0,39 58:16.000,,0,75 09:33.898,8,0,0,0,67301,0,0,0,N,0,0,0,1,67301,0,,1,9,,N,N,,0,,0,0,0,0,0,,1340,1,1,0,0,1,1,0,3,4,0,1,7,,N,,,,,,,,,,,
2006116241,1835.0,3,0,0,0,0,0,0,0,0,1,0,,67,9,2006,7,40.0437,-75.0219,1830.0,6,0,0,0,0,0,0,0,0,,0,0,0,18,4,1,2,,0.0,40 02:37.000,,0,75 01:18.597,8,0,0,0,67301,0,0,0,,0,0,0,4,67301,0,,1,9,,,,,0,,0,0,0,3,2,,1815,1,3,0,0,0,1,1,3,4,0,3,7,,N,,,,,,,,,,,
2006123945,918.0,1,0,0,0,0,0,1,0,0,6,1,,67,10,2006,2,,,913.0,6,0,0,0,0,0,1,0,0,,0,0,0,9,1,3,1,,0.0,,,0,,8,0,0,0,67301,0,0,0,N,0,0,0,5,67301,0,,1,1,,N,N,,0,,0,0,0,9,3,,913,3,2,0,0,0,3,1,3,3,0,2,3,,N,,,,,,,,,,,
2006093411,1619.0,1,0,0,0,0,0,0,0,0,8,0,,67,8,2006,6,40.0353,-75.1081,1614.0,6,0,0,0,0,0,0,0,0,,0,0,0,16,1,1,0,,0.0,40 02:07.004,,0,75 06:29.199,8,0,0,0,67301,1,0,0,N,1,0,0,3,67301,0,,1,1,,N,N,,0,,0,0,0,0,0,,1614,1,2,0,0,0,1,0,3,4,0,1,3,,N,,,,,,,,,,,
2006093586,222.0,1,0,0,0,0,0,0,0,0,7,0,,67,7,2006,1,40.043,-75.1811,225.0,6,0,0,0,0,0,1,0,0,,0,0,0,2,3,0,0,,0.0,40 02:35.000,,0,75 10:51.949,0,0,0,0,67301,0,0,0,N,0,0,0,2,67301,0,,4,1,,N,N,,0,,0,0,0,0,0,,210,0,1,0,0,2,0,0,3,4,0,1,3,,N,,,,,,,,,,,
2006054543,1620.0,1,0,0,0,0,0,0,0,0,5,0,,67,4,2006,4,39.9229,-75.1581,1617.0,6,0,0,0,0,0,0,0,0,,0,0,0,16,1,0,1,,0.0,39 55:22.000,,0,75 09:29.326,0,0,0,0,67301,0,0,0,N,0,0,0,3,67301,0,,1,1,,N,N,,0,,0,0,1,3,2,,1616,0,2,0,0,0,0,0,3,4,0,2,3,,N,,,,,,,,,,,
2006054556,1415.0,4,0,0,0,0,0,0,0,0,1,0,,67,4,2006,1,40.0789,-75.0414,1409.0,6,0,0,0,2,0,0,0,0,,0,0,0,14,1,1,0,,0.0,40 04:43.914,,0,75 02:28.896,4,0,0,0,67301,0,0,0,N,0,0,0,4,67301,1,,1,1,,N,N,,0,,0,0,0,0,0,,1405,1,4,0,0,0,0,0,3,4,0,4,3,,N,,,,,,,,,,,
2006054559,303.0,1,0,0,0,0,0,0,0,0,7,0,,67,4,2006,4,,,300.0,6,0,0,0,0,0,0,0,0,,0,0,0,3,2,0,0,,0.0,,,0,,0,0,0,0,67301,0,0,0,N,0,0,0,3,67301,0,,3,9,,N,N,,0,,0,0,0,0,0,,300,0,1,0,0,0,0,0,3,3,0,1,7,,N,,,,,,,,,,,
2006081008,1925.0,1,0,0,0,0,0,0,0,0,1,0,,67,5,2006,1,,,1920.0,6,0,0,0,0,0,1,0,0,,0,0,0,19,1,1,2,,0.0,,,0,,4,0,0,0,67301,1,0,0,N,0,0,0,2,67301,1,,1,1,,N,N,,0,,0,0,1,0,0,,1915,1,2,0,0,0,0,0,3,3,0,2,3,,N,,,,,,,,,,,
2006096581,1224.0,2,0,0,0,0,0,0,0,0,4,0,,67,7,2006,4,39.9773,-75.1581,1223.0,6,0,0,0,0,0,2,0,0,2.0,0,0,0,12,1,4,1,,2.0,39 58:38.000,5.0,0,75 09:29.196,4,0,0,0,67301,0,0,0,N,0,0,0,7,67301,1,,1,1,,N,N,,2,,0,0,1,3,2,Y,1222,4,5,0,0,1,3,0,3,4,0,5,3,,N,,,,,,,,,,,
2006096425,2030.0,1,0,0,0,0,0,0,0,0,1,0,,67,7,2006,7,40.0047,-75.0776,2012.0,6,0,1,0,0,0,0,0,0,,0,0,0,99,2,1,2,,0.0,40 00:16.952,,0,75 04:39.395,8,0,0,0,67301,0,0,0,N,0,0,0,2,67301,0,,1,9,,N,N,,1,,0,0,0,2,3,,9999,1,2,0,0,0,1,1,3,4,0,2,7,,N,,,,,,,,,,,
2006097024,1226.0,1,0,0,0,0,0,0,0,0,8,0,,67,8,2006,4,39.9612,-75.2345,1226.0,6,0,0,0,0,0,0,0,0,,0,0,0,12,1,1,0,,0.0,39 57:40.381,,0,75 14:04.137,4,0,0,0,67301,1,0,0,N,1,0,0,2,67301,1,,1,1,,N,N,,0,,0,0,0,0,0,,1210,1,2,0,0,0,0,0,3,4,0,1,3,,N,,,,,,,,,,,
2006104301,700.0,0,0,0,0,0,0,0,0,0,7,0,,67,9,2006,1,40.0942,-75.0161,643.0,6,0,0,0,1,0,0,0,0,1.0,0,0,0,6,1,1,0,,2.0,40 05:39.243,2.0,0,75 00:58.074,3,0,0,0,67301,0,0,0,N,0,0,0,1,67301,0,,5,1,,N,N,,0,,1,0,1,0,0,Y,643,1,1,0,0,0,0,0,3,4,0,1,3,,N,,,,,,,,,,,
2006101846,2023.0,3,0,0,0,0,0,0,0,0,1,0,,67,9,2006,7,,,2023.0,6,0,0,0,0,0,1,0,0,,0,0,0,20,3,2,1,,0.0,,,0,,4,0,0,0,67301,0,0,0,N,0,0,0,4,67301,1,,1,1,,N,N,,0,,0,0,0,3,2,,2015,2,3,0,0,0,1,0,3,3,0,3,3,,N,,,,,,,,,,,
2006101716,1425.0,0,0,0,0,0,0,0,0,0,8,0,,67,9,2006,1,39.9525,-75.2353,1420.0,6,0,0,0,0,0,0,0,0,,1,0,0,14,1,0,0,,0.0,39 57:09.126,,0,75 14:07.054,1,0,0,0,67301,1,1,0,N,1,1,0,2,67301,0,2.0,1,1,,N,N,,1,9.0,0,0,0,0,0,,1420,0,2,0,0,0,0,0,3,4,0,1,3,,N,,,,,,,,,,,
2006065996,421.0,2,0,0,0,0,0,0,0,0,2,0,,67,5,2006,6,40.0107,-75.1508,416.0,6,0,0,1,0,0,0,0,0,,0,0,0,0,3,3,1,,0.0,40 00:38.000,,0,75 09:03.485,4,0,0,0,67301,0,0,0,N,0,0,0,4,67301,2,,1,1,,N,N,,0,,0,0,0,3,2,,30,3,2,0,0,1,1,1,3,4,0,2,3,,N,,,,,,,,,,,
2006080567,1350.0,2,0,0,0,0,0,0,0,0,2,0,,67,6,2006,4,40.0638,-75.1729,1346.0,6,0,0,0,0,0,0,0,0,,0,0,0,13,1,1,1,,0.0,40 03:49.000,,0,75 10:22.328,4,0,0,0,67301,0,0,0,,0,0,0,3,67301,1,,1,9,,,,,0,,0,0,0,3,3,,1323,1,2,0,0,0,0,0,3,4,0,2,7,,N,,,,,,,,,,,
2006082654,614.0,2,0,0,0,0,0,0,0,0,4,0,,67,7,2006,2,40.012,-75.07,609.0,6,0,0,0,0,0,0,0,0,,0,0,0,6,5,3,1,,0.0,40 00:43.000,,0,75 04:11.840,4,0,0,0,67301,0,0,0,N,0,0,0,4,67301,3,,1,1,,N,N,,0,,0,0,0,0,0,,600,3,2,0,0,0,0,0,3,4,0,2,3,,N,,,,,,,,,,,
2006082658,913.0,2,0,0,0,0,0,0,0,0,4,0,,67,7,2006,6,40.0267,-75.0563,912.0,6,0,0,0,0,0,0,0,0,1.0,0,0,0,9,1,1,1,,2.0,40 01:36.480,4.0,0,75 03:22.320,8,0,0,0,67301,0,0,0,N,0,0,0,2,67501,0,,1,1,,N,N,,0,,0,0,0,3,3,Y,909,1,2,0,0,1,1,0,3,4,0,2,3,,N,,,,,,,,,,,
2006082669,2111.0,1,0,0,0,0,0,0,0,0,8,0,,67,7,2006,1,,,2111.0,6,0,0,0,0,0,1,0,0,,0,0,0,21,3,1,0,,0.0,,,0,,8,0,0,0,67301,1,0,0,N,1,0,0,4,67301,0,,1,9,,N,N,,0,,0,0,0,0,0,,2111,1,2,0,0,0,1,0,3,3,0,1,98,,N,,,,,,,,,,,
2006080798,904.0,3,0,0,0,0,0,0,0,0,4,0,,67,7,2006,1,39.9307,-75.1701,900.0,6,0,0,0,0,0,0,0,0,,0,0,0,8,1,0,0,,0.0,39 55:50.541,,0,75 10:12.403,9,0,0,0,67301,0,0,0,N,0,0,0,2,67301,0,,1,1,,N,N,,1,,0,0,0,0,0,,845,0,5,0,0,0,0,1,3,4,1,5,3,,N,,,,,,,,,,,
2006024110,1915.0,1,0,0,0,0,0,0,0,0,7,0,,67,1,2006,7,39.9931,-75.0817,1905.0,6,0,0,0,0,0,1,0,0,,0,0,0,19,3,1,2,,0.0,39 59:35.000,,0,75 04:53.245,4,0,0,0,67301,0,0,0,N,0,0,0,1,67301,1,,5,9,,N,N,,0,,0,0,0,3,3,,1905,1,1,0,0,0,0,0,3,4,0,1,7,,N,,,,,,,,,,,
2006021645,2323.0,2,0,0,0,0,0,0,0,0,5,0,,67,1,2006,2,39.9856,-75.0936,2323.0,6,0,0,0,0,0,0,0,0,1.0,0,0,0,23,3,0,0,,2.0,39 59:08.000,2.0,0,75 05:37.593,0,0,0,0,67301,0,0,0,N,0,0,0,4,67301,0,,1,9,,N,N,,0,,0,0,0,0,0,N,2323,0,2,0,0,0,0,0,3,4,0,2,7,,N,,,,,,,,,,,
2006103528,2032.0,2,0,0,0,0,0,0,0,0,4,0,,67,8,2006,1,39.9876,-75.1295,2032.0,6,0,0,0,0,0,1,0,0,,0,0,0,20,3,2,0,,0.0,39 59:15.338,,0,75 07:46.110,4,0,0,0,67301,0,0,0,,0,0,0,3,67301,2,,1,1,,,,,0,,0,0,0,0,0,,2031,2,2,0,0,3,0,0,3,4,0,2,3,,N,,,,,,,,,,,
2006125300,340.0,1,0,0,0,0,0,0,0,0,2,0,,67,11,2006,4,,,320.0,6,0,0,0,0,0,0,0,0,,0,0,0,99,3,0,0,,0.0,,,0,,0,0,0,0,67301,0,0,0,N,0,0,0,2,67301,0,,1,9,,N,N,,0,,0,0,1,0,0,,9999,0,2,0,0,0,0,0,3,3,0,2,7,,N,,,,,,,,,,,
2006080127,1713.0,2,0,0,0,0,0,0,0,0,4,0,,67,6,2006,3,,,1711.0,6,0,0,1,0,0,0,0,0,1.0,0,0,0,17,1,1,0,,1.0,,4.0,7,,4,0,0,0,67301,0,0,0,N,0,0,0,2,67301,1,,1,1,,N,N,,0,,0,0,0,0,0,N,1708,1,2,0,0,0,0,0,3,3,0,2,3,,N,,,,,,,,,,,
2006080156,405.0,1,0,0,0,0,0,0,0,0,4,1,,67,6,2006,3,39.9946,-75.0945,402.0,6,0,0,0,0,0,0,0,0,,0,1,0,99,3,2,1,,0.0,39 59:40.000,,0,75 05:40.360,8,0,0,0,67301,0,0,0,N,0,0,0,3,67301,0,,1,1,,N,N,,0,,0,0,0,3,2,,9999,2,2,0,0,0,2,1,3,4,0,2,3,,N,,,,,,,,,,,
2006080181,1422.0,2,0,0,0,0,0,0,0,0,6,0,,67,5,2006,3,40.0372,-75.1365,1420.0,6,0,0,0,0,0,0,0,1,3.0,1,0,0,14,1,0,2,,2.0,40 02:14.000,6.0,0,75 08:11.350,1,0,0,0,67301,0,0,0,N,0,0,0,4,67301,0,2.0,1,1,,N,N,,0,0.0,0,0,0,3,3,Y,1415,0,2,0,0,0,0,3,3,4,0,2,3,,N,,,,,,,,,,,
2006080192,1545.0,2,0,0,0,0,0,0,0,0,1,0,,67,6,2006,2,39.9201,-75.1564,1538.0,6,0,0,0,0,0,0,0,0,,0,0,0,15,1,1,0,,0.0,39 55:12.474,,0,75 09:23.059,8,0,0,0,67301,0,0,0,N,0,0,0,2,67301,0,,1,9,,N,N,,0,,0,0,0,0,0,,1538,1,2,0,0,0,1,0,3,4,0,2,7,,N,,,,,,,,,,,
2006080285,1645.0,3,0,0,0,0,0,0,0,0,1,0,,67,7,2006,6,39.9538,-75.1666,1635.0,6,0,0,0,0,0,1,0,0,,0,0,0,16,1,1,1,,0.0,39 57:13.000,,0,75 09:59.737,8,0,0,0,67301,0,0,0,N,0,0,0,4,67301,0,,1,1,,N,N,,0,,0,0,0,3,2,,1620,1,3,0,0,1,1,0,3,4,0,3,3,,N,,,,,,,,,,,
2006080286,1900.0,1,0,0,0,0,0,0,0,0,4,0,,67,7,2006,6,,,1857.0,6,0,0,0,0,0,0,0,1,,0,0,0,18,1,1,1,,0.0,,,0,,4,0,0,0,67301,0,0,0,N,0,0,0,2,67301,1,,1,1,,N,N,,0,,0,0,1,3,2,,1857,1,2,0,0,0,0,0,3,3,0,2,3,,N,,,,,,,,,,,
2006115634,840.0,2,0,0,0,0,0,0,0,0,4,0,,67,10,2006,1,40.0145,-75.1782,831.0,6,0,0,0,0,0,0,0,0,,0,0,0,8,1,1,0,,0.0,40 00:52.036,,0,75 10:41.489,4,0,0,0,67301,0,0,0,N,0,0,0,3,67301,1,,1,9,,N,N,,0,,0,0,0,0,0,,845,1,2,0,0,0,0,0,3,4,0,2,7,,N,,,,,,,,,,,
2006115677,1548.0,2,0,0,0,0,0,0,0,0,4,0,,67,10,2006,2,40.0086,-75.0835,1542.0,6,0,0,0,0,0,0,0,0,2.0,0,0,0,15,1,1,1,,1.0,40 00:30.000,2.0,0,75 05:01.786,8,0,0,0,67301,0,0,0,N,0,0,0,2,67301,0,,1,1,,N,N,,0,,0,0,0,3,2,N,1515,1,2,0,0,0,1,1,3,4,0,2,3,,N,,,,,,,,,,,
2006065626,738.0,2,0,0,0,0,0,0,0,0,4,0,,67,5,2006,2,40.03,-75.2113,735.0,6,0,0,0,0,0,1,0,1,,0,0,0,7,1,1,1,,0.0,40 01:47.000,,0,75 12:40.729,8,0,0,0,67301,0,0,0,N,0,0,0,2,67301,0,,1,9,,N,N,,0,,0,0,0,3,2,,730,1,2,0,0,0,1,0,3,4,0,2,7,,N,,,,,,,,,,,
2006112809,1950.0,0,0,0,0,0,0,0,0,0,7,0,,67,10,2006,5,40.0572,-75.2079,1935.0,6,0,0,0,0,0,0,0,0,,0,0,0,19,3,1,1,,0.0,40 03:26.064,,0,75 12:28.504,3,0,0,0,67301,0,0,0,N,0,0,0,1,67301,0,,5,1,,N,N,,1,,1,0,0,0,0,,1935,1,1,0,0,0,0,0,3,4,0,1,3,,N,,,,,,,,,,,
2006112865,1649.0,2,0,0,0,0,0,0,0,0,4,0,,67,10,2006,7,40.0445,-75.1931,1649.0,6,0,0,0,0,0,0,0,1,1.0,0,0,0,16,1,0,2,,1.0,40 02:39.000,4.0,0,75 11:35.319,0,0,0,0,67301,0,0,0,Y,0,0,0,3,67301,0,,1,1,,N,N,,0,,0,0,0,3,2,N,1649,0,2,0,0,0,0,0,3,4,0,2,3,,N,,,,,,,,,,,
2006114809,1054.0,2,0,0,0,0,0,0,0,0,1,0,,67,10,2006,3,,,1041.0,6,0,0,0,0,0,0,0,0,,0,0,0,99,1,5,2,,0.0,,,0,,8,0,0,0,67301,0,0,0,N,0,0,0,6,67301,0,,1,1,,N,N,,0,,0,0,0,0,0,,9999,5,2,0,0,1,5,0,3,3,0,2,3,,N,,,,,,,,,,,
2006114821,735.0,1,0,0,0,0,0,0,0,0,1,0,,67,9,2006,1,40.0184,-75.1491,730.0,6,0,0,0,0,0,0,0,0,,0,0,0,7,1,0,1,,0.0,40 01:06.000,,0,75 08:56.717,9,0,0,0,67301,0,0,0,N,0,0,0,2,67301,0,,1,1,,N,N,,0,,0,0,1,3,2,,725,0,2,0,0,0,0,1,3,4,0,2,3,,N,,,,,,,,,,,
2006114824,1100.0,1,0,0,0,0,0,0,0,0,7,0,,67,9,2006,5,39.913,-75.1819,1056.0,6,0,0,0,0,0,0,0,0,,0,0,0,10,1,0,5,,0.0,39 54:46.000,,0,75 10:55.051,0,0,0,0,67301,0,0,0,N,0,0,0,1,67301,0,,1,9,,N,N,,0,,0,0,0,3,2,,1055,0,1,0,0,0,0,0,3,4,0,1,7,,N,,,,,,,,,,,
2006114726,1222.0,0,0,0,0,0,0,0,0,0,4,1,,67,10,2006,5,39.9705,-75.151,1219.0,6,0,0,0,0,0,0,0,0,9.0,0,0,0,12,1,4,1,,2.0,39 58:13.000,4.0,0,75 09:03.367,4,0,0,0,67301,0,0,0,N,0,0,0,21,67301,4,,1,1,,N,N,,0,,0,0,0,0,0,N,1219,4,2,0,0,1,0,4,3,4,1,2,3,,N,,,,,,,,,,,
2006114744,1500.0,2,0,0,0,0,0,0,0,0,2,0,,67,10,2006,2,39.9805,-75.1285,1500.0,6,0,0,0,0,0,0,0,0,,0,0,0,15,1,1,1,,0.0,39 58:49.000,,0,75 07:42.683,4,0,0,0,67301,0,0,0,N,0,0,0,3,67301,1,,1,1,,N,N,,0,,0,0,0,3,2,,1500,1,2,0,0,0,0,0,3,4,0,2,3,,N,,,,,,,,,,,
2006114403,1949.0,2,0,0,0,0,0,0,0,0,1,0,,67,10,2006,5,,,1942.0,6,0,0,0,1,0,0,0,0,2.0,0,0,0,18,3,1,0,,1.0,,1.0,0,,8,0,0,0,67301,0,0,0,N,0,0,0,4,67301,0,,1,1,,N,N,,0,,0,0,2,0,0,N,1840,1,4,0,0,0,1,0,3,3,0,4,3,,N,,,,,,,,,,,
2006105102,1618.0,2,0,0,0,0,0,0,0,0,4,0,,67,9,2006,7,40.0285,-75.0818,1614.0,6,0,0,0,0,0,0,0,0,,0,0,0,16,1,1,1,,0.0,40 01:42.668,,0,75 04:54.562,8,0,0,0,67301,0,0,0,N,0,0,0,5,67301,0,,1,9,,N,N,,0,,0,0,0,3,3,,1610,1,2,0,0,0,1,0,3,4,0,2,7,,N,,,,,,,,,,,
2006105138,1612.0,0,0,0,0,0,0,0,0,0,0,0,,67,7,2006,7,40.1308,-75.0158,1610.0,6,0,0,0,0,0,0,0,0,,0,0,0,16,1,1,0,,0.0,40 07:50.000,,0,75 00:58.252,8,0,0,1,67301,0,0,0,N,0,0,0,1,67301,0,,2,1,,N,N,,0,,0,0,0,0,0,,1600,1,1,0,0,0,1,0,3,4,0,1,3,,N,,,,,,,,,,,
2006126829,1549.0,1,0,0,0,0,0,0,0,0,5,0,,67,11,2006,7,40.0009,-75.1287,1545.0,6,0,0,0,0,0,0,0,0,,0,0,0,15,1,1,0,,0.0,40 00:03.402,,1,75 07:43.327,4,0,0,0,67301,0,0,0,N,0,0,0,2,67301,1,,1,1,,N,N,,0,,0,0,0,3,2,,1537,1,2,0,0,0,0,0,3,4,1,2,3,,N,,,,,,,,,,,
2006123752,1406.0,1,0,0,1,0,0,0,0,0,5,0,,67,10,2006,1,39.924,-75.1477,1402.0,6,0,0,0,0,0,0,0,0,,0,0,0,13,1,1,1,,0.0,39 55:26.427,,0,75 08:51.613,8,0,0,0,67301,1,0,0,N,0,0,0,3,67301,0,,2,1,,N,N,,0,,0,0,0,9,3,,1358,1,3,0,0,1,1,0,3,4,1,2,3,,N,,,,,,,,,,,
2006116228,1209.0,1,0,0,0,0,0,0,0,0,5,0,,67,10,2006,2,39.9807,-75.1985,1208.0,6,0,0,1,0,0,0,0,0,,0,0,0,12,1,1,0,,0.0,39 58:50.000,,0,75 11:54.179,3,0,0,1,67301,0,0,0,,0,0,0,2,67301,0,,1,1,,,,,0,,1,0,0,0,0,,1200,1,2,0,0,0,0,0,3,4,0,2,3,,N,,,,,,,,,,,
2006093592,1351.0,2,0,0,0,0,0,0,0,0,4,0,,67,8,2006,7,39.9223,-75.1875,1350.0,6,0,0,0,0,0,0,0,0,,0,0,0,13,1,1,2,,0.0,39 55:19.000,,0,75 11:17.114,8,0,0,0,67301,0,0,0,N,0,0,0,2,67301,0,,1,1,,N,N,,0,,0,0,0,3,2,,1345,1,2,0,0,0,1,0,3,4,0,2,3,,N,,,,,,,,,,,
2006093861,2322.0,1,0,0,0,0,0,0,0,0,8,0,,67,8,2006,7,,,2321.0,6,0,0,1,0,0,0,0,0,,0,0,0,23,3,1,0,,0.0,,,0,,8,0,0,0,67301,1,0,0,N,1,0,0,2,67301,0,,1,1,,N,N,,0,,0,0,0,0,0,,2320,1,2,0,0,0,1,0,3,3,0,1,3,,N,,,,,,,,,,,
2006081036,320.0,1,0,0,1,0,0,0,0,0,4,0,,67,5,2006,1,,,315.0,6,0,0,0,1,0,0,0,0,,0,0,0,3,3,1,0,,0.0,,,0,,4,0,0,0,67301,1,0,0,N,0,0,0,2,67301,1,,1,1,,N,N,,0,,0,0,0,0,0,,300,1,2,0,0,0,0,1,3,3,0,1,3,,N,,,,,,,,,,,
2006081400,857.0,1,0,0,0,0,0,0,0,0,1,0,,67,5,2006,3,,,855.0,6,0,0,0,0,0,0,0,0,,0,0,0,99,1,2,0,,0.0,,,0,,3,0,0,0,67301,2,0,0,N,0,0,0,3,67301,0,,6,9,,N,N,,0,,2,0,1,0,0,,9999,2,2,0,0,0,0,0,3,3,0,2,7,,N,,,,,,,,,,,
2006081410,1235.0,2,0,0,0,0,0,0,0,0,5,0,,67,5,2006,2,39.9565,-75.1491,1227.0,6,0,0,0,0,0,0,0,0,,0,0,0,12,1,0,0,,0.0,39 57:23.760,,0,75 08:56.760,9,0,0,0,67301,0,0,0,N,0,0,0,4,67301,0,,1,1,,N,N,,0,,0,0,0,0,0,,1215,0,2,0,0,0,0,3,3,4,0,2,3,,N,,,,,,,,,,,
2006096421,250.0,4,0,0,0,0,0,0,0,0,1,0,,67,7,2006,5,39.989,-75.0897,240.0,6,0,0,0,0,0,0,0,1,,0,0,0,23,3,0,0,,0.0,39 59:20.000,,0,75 05:22.693,9,0,0,0,67301,0,0,0,N,0,0,0,4,67301,0,,1,1,,N,N,,0,,0,0,0,0,0,,2330,0,4,0,0,0,0,2,3,4,0,4,3,,N,,,,,,,,,,,
2006101898,1710.0,1,0,0,0,0,0,0,0,0,2,0,,67,9,2006,6,,,1705.0,6,0,0,0,0,0,0,0,0,,0,0,0,17,1,2,1,,0.0,,,0,,3,0,0,0,67301,0,0,0,N,0,0,0,3,67301,1,,1,1,,N,N,,0,,1,0,2,3,2,,1704,2,3,0,0,0,0,0,3,3,0,3,3,,N,,,,,,,,,,,
2006106425,41.0,1,0,0,0,0,0,0,0,0,7,0,,67,9,2006,4,39.9265,-75.2376,41.0,6,0,0,0,0,0,0,0,0,,0,0,0,0,3,2,1,,0.0,39 55:35.298,,0,75 14:15.471,4,0,0,0,67301,0,0,0,,0,0,0,4,67301,2,,2,9,,,,,0,,0,0,0,0,0,,41,2,1,0,0,3,0,1,3,4,0,1,98,,N,,,,,,,,,,,
2006102838,148.0,1,0,0,0,0,0,0,0,0,7,0,,67,9,2006,6,39.9494,-75.1645,137.0,6,0,0,0,0,0,0,0,0,,0,0,0,99,3,0,0,,0.0,39 56:57.000,,0,75 09:52.191,0,0,0,0,67301,0,0,0,,0,0,0,1,67301,0,,1,1,,,,,0,,0,0,0,0,0,,9999,0,1,0,0,0,0,0,3,4,0,1,3,,N,,,,,,,,,,,