CRN,ARRIVAL_TM,AUTOMOBILE_COUNT,BELTED_DEATH_COUNT,BELTED_SUSP_SERIOUS_INJ_COUNT,BICYCLE_COUNT,BICYCLE_DEATH_COUNT,BICYCLE_SUSP_SERIOUS_INJ_COUNT,BUS_COUNT,CHLDPAS_DEATH_COUNT,CHLDPAS_SUSP_SERIOUS_INJ_COUNT,COLLISION_TYPE,COMM_VEH_COUNT,CONS_ZONE_SPD_LIM,COUNTY,CRASH_MONTH,CRASH_YEAR,DAY_OF_WEEK,DEC_LAT,DEC_LONG,DISPATCH_TM,DISTRICT,DRIVER_COUNT_16YR,DRIVER_COUNT_17YR,DRIVER_COUNT_18YR,DRIVER_COUNT_19YR,DRIVER_COUNT_20YR,DRIVER_COUNT_50_64YR,DRIVER_COUNT_65_74YR,DRIVER_COUNT_75PLUS,EST_HRS_CLOSED,FATAL_COUNT,HEAVY_TRUCK_COUNT,HORSE_BUGGY_COUNT,HOUR_OF_DAY,ILLUMINATION,INJURY_COUNT,INTERSECT_TYPE,INTERSECTION_RELATED,LANE_CLOSED,LATITUDE,LN_CLOSE_DIR,LOCATION_TYPE,LONGITUDE,MAX_SEVERITY_LEVEL,MCYCLE_DEATH_COUNT,MCYCLE_SUSP_SERIOUS_INJ_COUNT,MOTORCYCLE_COUNT,MUNICIPALITY,NONMOTR_COUNT,NONMOTR_DEATH_COUNT,NONMOTR_SUSP_SERIOUS_INJ_COUNT,NTFY_HIWY_MAINT,PED_COUNT,PED_DEATH_COUNT,PED_SUSP_SERIOUS_INJ_COUNT,PERSON_COUNT,POLICE_AGCY,POSSIBLE_INJ_COUNT,RDWY_SURF_TYPE_CD,RELATION_TO_ROAD,ROAD_CONDITION,ROADWAY_CLEARED,SCH_BUS_IND,SCH_ZONE_IND,SECONDARY_CRASH,SMALL_TRUCK_COUNT,SPEC_JURIS_CD,SUSP_MINOR_INJ_COUNT,SUSP_SERIOUS_INJ_COUNT,SUV_COUNT,TCD_FUNC_CD,TCD_TYPE,TFC_DETOUR_IND,TIME_OF_DAY,TOT_INJ_COUNT,TOTAL_UNITS,UNB_DEATH_COUNT,UNB_SUSP_SERIOUS_INJ_COUNT,UNBELTED_OCC_COUNT,UNK_INJ_DEG_COUNT,UNK_INJ_PER_COUNT,URBAN_AREA,URBAN_RURAL,VAN_COUNT,VEHICLE_COUNT,WEATHER1,WEATHER2,WORK_ZONE_IND,WORK_ZONE_LOC,WORK_ZONE_TYPE,WORKERS_PRES,WZ_CLOSE_DETOUR,WZ_FLAGGER,WZ_LAW_OFFCR_IND,WZ_LN_CLOSURE,WZ_MOVING,WZ_OTHER,WZ_SHLDER_MDN,WZ_WORKERS_INJ_KILLED
2006080555,1610.0,2,0,0,0,0,0,0,0,0,1,0,,67,7,2006,3,40.0703,-75.0707,1606.0,6,0,0,0,0,0,0,0,0,,0,0,0,16,1,1,0,,0.0,40 04:13.000,,0,75 04:14.422,4,0,0,0,67301,0,0,0,N,0,0,0,2,67301,1,,1,1,,N,N,,0,,0,0,0,0,0,,1606,1,2,0,0,0,0,0,3,4,0,2,3,,N,,,,,,,,,,,
2006080663,2029.0,0,0,0,0,0,0,0,0,0,8,0,,67,7,2006,1,40.0151,-75.1359,2028.0,6,0,0,0,0,0,0,0,0,,0,0,0,20,1,1,1,,0.0,40 00:54.471,,0,75 08:09.164,4,0,0,0,67301,1,0,0,N,1,0,0,2,67301,1,,1,1,,N,N,,1,,0,0,0,0,0,,2019,1,2,0,0,0,0,1,3,4,0,1,3,,N,,,,,,,,,,,
2006080678,1640.0,2,0,0,0,0,0,0,0,0,4,0,,67,6,2006,6,,,1640.0,6,0,0,0,0,0,0,0,0,3.0,0,0,0,15,1,0,0,,2.0,,1.0,7,,0,0,0,0,67301,0,0,0,N,0,0,0,2,67301,0,,1,1,,N,N,,0,,0,0,0,0,0,N,1558,0,2,0,0,0,0,0,3,3,0,2,3,,N,,,,,,,,,,,
2006083090,1335.0,0,0,0,0,0,0,1,0,0,5,1,,67,5,2006,3,39.9526,-75.1655,1325.0,6,0,0,0,0,0,0,0,0,,0,0,0,13,1,1,0,,0.0,39 57:09.000,,0,75 09:56.069,4,0,0,0,67301,0,0,0,N,0,0,0,3,67301,1,,1,1,,N,N,,0,,0,0,1,0,0,,1315,1,2,0,0,0,0,1,3,4,0,2,3,,N,,,,,,,,,,,
2006082959,143.0,2,0,0,0,0,0,0,0,0,2,0,,67,5,2006,7,39.9979,-75.185,140.0,6,0,0,0,0,0,1,0,0,,0,0,0,1,6,5,2,,0.0,39 59:52.000,,0,75 11:06.488,4,0,0,0,67301,0,0,0,N,0,0,0,5,67301,5,,1,9,,N,N,,0,,0,0,0,3,2,,130,5,2,0,0,4,0,0,3,4,0,2,7,,N,,,,,,,,,,,
2006080867,1503.0,1,0,0,0,0,0,0,0,0,4,0,,67,6,2006,5,,,1455.0,6,0,0,0,0,0,0,0,0,,0,0,0,99,1,1,1,,0.0,,,0,,8,0,0,0,67301,0,0,0,N,0,0,0,2,67301,0,,1,9,,N,N,,1,,0,0,0,3,3,,9999,1,2,0,0,0,1,0,3,3,0,2,3,,N,,,,,,,,,,,
2006103875,1621.0,2,0,0,0,0,0,0,0,0,2,0,,67,8,2006,3,39.9816,-75.2005,1617.0,6,0,1,0,0,0,1,0,0,1.0,0,0,0,16,1,0,0,,1.0,39 58:53.000,5.0,0,75 12:01.359,0,0,0,0,67301,0,0,0,N,0,0,0,5,67301,0,,1,9,,N,N,,0,,0,0,1,0,0,N,1617,0,3,0,0,0,0,0,3,4,0,3,7,,N,,,,,,,,,,,
2006125490,1150.0,0,0,0,0,0,0,0,0,0,8,0,,67,11,2006,4,39.9463,-75.238,1141.0,6,0,0,0,0,0,0,0,0,,0,0,0,11,1,1,2,,0.0,39 56:46.000,,0,75 14:16.192,3,0,0,0,67301,1,0,0,,1,0,0,2,67301,0,,1,1,,N,N,,0,,1,0,1,3,2,,1138,1,2,0,0,0,0,0,3,4,0,1,3,,N,,,,,,,,,,,
2006082554,1010.0,2,0,0,0,0,0,0,0,0,4,0,,67,7,2006,1,40.0503,-75.1171,1000.0,6,0,0,0,0,0,1,0,1,,0,0,0,10,1,1,1,,0.0,40 03:01.000,,0,75 07:01.492,4,0,0,0,67301,0,0,0,N,0,0,0,3,67301,1,,1,1,,N,N,,0,,0,0,1,3,2,,1000,1,3,0,0,0,0,0,3,4,0,3,3,,N,,,,,,,,,,,
2006082585,1315.0,1,0,0,0,0,0,0,0,0,8,0,,67,7,2006,5,40.0139,-75.126,1310.0,6,0,0,0,0,0,1,0,0,,0,0,0,13,1,1,1,,0.0,40 00:49.975,,0,75 07:33.617,3,0,0,0,67301,1,0,0,N,1,0,0,2,67301,0,,1,1,,N,N,,0,,1,0,0,3,2,,1305,1,2,0,0,0,0,0,3,4,0,1,3,,N,,,,,,,,,,,
2006125363,258.0,2,0,0,0,0,0,0,0,0,1,1,,67,10,2006,1,39.9638,-75.1844,253.0,6,0,0,0,0,0,0,0,0,2.0,0,1,0,2,3,2,0,,1.0,39 57:50.000,3.0,0,75 11:04.510,3,0,0,0,67301,0,0,0,N,0,0,0,5,67301,1,,2,1,,N,N,,0,,1,0,0,0,0,N,252,2,4,0,0,1,0,1,3,4,1,4,3,,N,,,,,,,,,,,
2006115629,1100.0,2,0,0,0,0,0,0,0,0,4,0,,67,10,2006,1,40.0959,-75.0252,1057.0,6,0,0,0,0,0,0,0,0,,0,0,0,10,1,1,0,,0.0,40 05:45.250,,7,75 01:30.565,4,0,0,0,67301,0,0,0,N,0,0,0,4,67301,1,,1,1,,N,N,,0,,0,0,0,0,0,,1055,1,2,0,0,0,0,0,3,4,0,2,3,,N,,,,,,,,,,,
2006095971,9999.0,0,0,0,0,0,0,0,0,0,8,0,,67,8,2006,3,,,1335.0,6,0,0,0,0,0,1,0,0,,0,0,0,13,1,1,0,,0.0,,,0,,8,0,0,0,67301,1,0,0,N,1,0,0,2,67301,0,,1,1,,N,N,,0,,0,0,0,0,0,,1330,1,2,0,0,0,1,0,3,3,1,1,3,,N,,,,,,,,,,,
2006095984,1339.0,1,0,0,0,0,0,0,0,0,8,0,,67,8,2006,5,40.1244,-75.015,1337.0,6,0,0,0,1,0,0,0,0,1.0,0,0,0,13,1,1,2,,1.0,40 07:27.000,1.0,0,75 00:53.906,8,0,0,0,67301,1,0,0,N,1,0,0,5,67301,0,,1,1,,N,N,,0,,0,0,0,0,0,N,1335,1,2,0,0,0,1,0,3,4,0,1,3,,N,,,,,,,,,,,
2006125440,1547.0,2,0,0,0,0,0,0,0,0,4,0,,67,11,2006,6,40.0101,-75.1576,1544.0,6,0,0,0,0,0,0,0,0,,0,0,0,14,1,1,1,,0.0,40 00:34.000,,0,75 09:10.432,4,0,0,0,67301,0,0,0,N,0,0,0,3,67301,1,,1,1,,N,N,,0,,0,0,0,3,2,,1455,1,2,0,0,1,0,2,3,4,0,2,3,,N,,,,,,,,,,,
2006124395,104.0,1,0,0,0,0,0,0,0,0,7,0,,67,10,2006,1,40.0336,-75.0285,104.0,6,1,0,0,0,0,0,0,0,,0,0,0,1,3,0,2,,0.0,40 02:00.000,,0,75 01:42.856,0,0,0,0,67301,0,0,0,,0,0,0,1,67301,0,,2,1,,,,,0,,0,0,0,0,0,,104,0,1,0,0,0,0,0,3,4,0,1,3,,N,,,,,,,,,,,
2006102172,1630.0,1,0,0,0,0,0,0,0,0,8,0,,67,9,2006,5,,,1625.0,6,0,0,0,0,0,0,0,0,,0,0,0,16,1,1,1,,0.0,,,0,,2,0,0,0,67301,1,0,1,N,1,0,1,2,67301,0,,1,1,,N,N,,0,,0,1,0,0,0,,1625,1,2,0,0,0,0,0,3,3,0,1,3,,N,,,,,,,,,,,
2006115145,1310.0,0,0,0,0,0,0,0,0,0,7,1,,67,10,2006,3,39.9244,-75.1696,1300.0,6,0,0,0,0,0,0,0,0,1.0,0,1,0,12,1,1,5,,1.0,39 55:27.000,2.0,0,75 10:10.825,8,0,0,0,67301,1,0,0,Y,1,0,0,2,67301,0,,4,9,,N,N,,0,,0,0,0,0,0,N,1250,1,2,0,0,0,1,0,3,4,0,1,7,,N,,,,,,,,,,,
2006115148,614.0,1,0,0,0,0,0,0,0,0,1,0,,67,10,2006,6,39.8946,-75.2367,600.0,6,0,0,0,0,0,0,0,0,1.0,0,0,0,5,3,1,1,,1.0,39 53:40.000,1.0,0,75 14:12.237,8,0,0,0,67301,0,0,0,N,0,0,0,2,67301,0,,1,9,,N,N,,0,,0,0,1,3,2,N,555,1,2,0,0,0,1,1,3,4,0,2,7,,N,,,,,,,,,,,
2006114802,1612.0,3,0,0,0,0,0,0,0,0,2,0,,67,9,2006,6,39.9576,-75.1605,1610.0,6,0,0,0,1,0,1,0,0,,0,0,0,16,1,2,1,,0.0,39 57:27.353,,0,75 09:37.686,4,0,0,0,67301,0,0,0,N,0,0,0,2,67301,2,,1,1,,N,N,,0,,0,0,0,3,3,,1600,2,3,0,0,0,0,0,3,4,0,3,3,,N,,,,,,,,,,,
2006105131,1839.0,1,0,0,1,0,1,0,0,0,8,0,,67,8,2006,4,40.0599,-75.163,1838.0,6,0,0,0,0,0,0,0,0,9.0,0,0,0,18,1,1,2,,2.0,40 03:35.528,1.0,0,75 09:46.720,2,0,0,0,67301,1,0,1,,0,0,0,2,67301,0,,1,1,,,,,0,,0,1,0,0,0,Y,1835,1,2,0,0,0,0,1,3,4,0,1,3,,N,,,,,,,,,,,
2006116239,1841.0,2,0,0,0,0,0,0,0,0,4,0,,67,10,2006,3,39.9867,-75.2083,1809.0,6,0,0,0,0,0,0,0,0,1.0,0,0,0,18,1,2,1,,1.0,39 59:11.000,3.0,2,75 12:29.789,4,0,0,0,67301,0,0,0,N,0,0,0,4,67301,2,,1,1,,N,N,,0,,0,0,0,0,0,N,1807,2,2,0,0,0,0,0,3,4,0,2,3,,N,,,,,,,,,,,
2006123792,1540.0,2,0,0,0,0,0,0,0,0,4,0,,67,10,2006,1,40.0086,-75.0688,1537.0,6,0,0,0,0,0,0,0,0,,0,0,0,15,1,2,1,,0.0,40 00:31.000,,0,75 04:07.914,8,0,0,0,67301,0,0,0,N,0,0,0,3,67301,0,,1,1,,N,N,,0,,0,0,0,3,2,,1500,2,2,0,0,0,2,1,3,4,0,2,3,,N,,,,,,,,,,,
2006093451,1930.0,2,0,0,0,0,0,0,0,0,1,0,,67,8,2006,7,39.9581,-75.1657,1930.0,6,0,0,0,0,0,0,0,0,,0,0,0,2,3,1,1,,0.0,39 57:31.000,,0,75 09:55.750,4,0,0,0,67301,0,0,0,N,0,0,0,4,67301,1,,9,1,,N,N,,0,,0,0,0,3,4,,245,1,2,0,0,0,0,0,3,4,0,2,3,,N,,,,,,,,,,,
2006093390,925.0,2,0,0,0,0,0,0,0,0,1,0,,67,8,2006,6,39.9536,-75.1984,923.0,6,0,0,0,0,0,0,1,0,,0,0,0,9,1,1,0,,0.0,39 57:13.000,,0,75 11:54.425,8,0,0,0,67301,0,0,0,N,0,0,0,2,67504,0,,1,1,,N,N,,0,,0,0,0,3,2,,922,1,2,0,0,0,1,0,3,4,0,2,3,,N,,,,,,,,,,,
2006054652,1830.0,1,0,0,0,0,0,0,0,0,7,0,,67,4,2006,6,,,1826.0,6,0,0,0,0,0,0,0,0,2.0,0,0,0,18,1,0,0,,1.0,,3.0,0,,0,0,0,0,67301,0,0,0,,0,0,0,2,67501,0,,4,1,,,,,0,,0,0,0,3,8,N,1824,0,1,0,0,0,0,0,3,3,0,1,3,,N,,,,,,,,,,,
2006081107,746.0,1,0,0,0,0,0,1,0,0,4,1,,67,5,2006,5,,,743.0,6,0,0,0,0,0,0,0,0,,0,0,0,7,1,1,1,,0.0,,,0,,4,0,0,0,67301,0,0,0,N,0,0,0,6,67301,1,,1,1,,Y,N,,0,,0,0,0,3,2,,740,1,2,0,0,0,0,0,3,3,0,2,3,,N,,,,,,,,,,,
2006081369,1430.0,3,0,0,0,0,0,0,0,0,2,0,,67,5,2006,6,,,1415.0,6,0,0,0,0,0,0,0,0,,0,0,0,13,1,2,0,,0.0,,,0,,2,0,0,0,67301,0,0,0,N,0,0,0,2,67301,0,,1,9,,N,N,,0,,0,2,0,0,0,,1318,2,4,0,0,0,0,0,3,3,0,4,3,,N,,,,,,,,,,,
2006081375,37.0,0,0,0,1,0,0,0,0,0,4,0,,67,7,2006,5,39.9805,-75.2248,29.0,6,0,0,0,0,0,0,0,0,,0,0,0,0,3,1,1,,0.0,39 58:49.000,,0,75 13:29.059,4,0,0,0,67301,1,0,0,N,0,0,0,2,67301,1,,1,1,,N,N,,1,,0,0,0,9,2,,24,1,2,0,0,0,0,0,3,4,0,1,3,,N,,,,,,,,,,,
2006081391,1312.0,2,0,0,0,0,0,0,0,0,1,0,,67,6,2006,7,,,1303.0,6,0,0,0,0,0,1,0,0,,0,0,0,99,1,2,0,,0.0,,,0,,4,0,0,0,67301,0,0,0,N,0,0,0,4,67301,2,,1,9,,N,N,,0,,0,0,1,0,0,,9999,2,3,0,0,0,0,0,3,3,0,3,7,,N,,,,,,,,,,,
2006081509,2209.0,1,0,0,1,0,0,0,0,0,4,0,,67,7,2006,1,,,2208.0,6,0,0,0,0,0,0,0,0,,0,0,0,22,3,0,0,,0.0,,,0,,9,0,0,0,67301,1,0,0,N,0,0,0,2,67301,0,,1,1,,N,N,,0,,0,0,0,0,0,,2206,0,2,0,0,0,0,1,3,3,0,1,3,,N,,,,,,,,,,,
2006081413,1055.0,3,0,0,0,0,0,0,0,0,4,0,,67,5,2006,6,40.019,-75.1472,1054.0,6,0,0,0,0,0,1,0,0,,0,0,0,10,1,1,1,,0.0,40 01:08.000,,0,75 08:49.964,4,0,0,0,67301,0,0,0,N,0,0,0,4,67301,1,,1,9,,N,N,,0,,0,0,0,3,2,,1050,1,3,0,0,0,0,0,3,4,0,3,3,,N,,,,,,,,,,,
2006081598,18.0,1,0,0,1,0,0,0,0,0,5,0,,67,7,2006,4,,,15.0,6,0,0,0,0,0,0,0,0,,0,0,0,99,3,1,1,,0.0,,,0,,4,0,0,0,67301,1,0,0,N,0,0,0,2,67301,1,,1,1,,N,N,,0,,0,0,0,3,3,,9999,1,2,0,0,0,0,0,3,3,0,1,3,,N,,,,,,,,,,,
2006113277,2255.0,1,0,0,0,0,0,0,0,0,1,0,,67,9,2006,5,40.1186,-75.007,2249.0,6,0,0,0,0,0,0,0,0,1.0,0,0,0,22,3,0,2,,1.0,40 07:06.945,4.0,0,75 00:25.153,0,0,0,0,67301,0,0,0,N,0,0,0,4,67301,0,,1,9,,N,N,,1,,0,0,1,3,2,N,2245,0,3,0,0,0,0,0,3,4,0,3,7,,N,,,,,,,,,,,
2006115881,1931.0,1,0,0,1,0,0,0,0,0,4,0,,67,10,2006,4,39.9536,-75.1767,1929.0,6,0,0,0,0,0,0,0,0,,0,0,0,19,3,1,2,,0.0,39 57:12.881,,0,75 10:36.367,4,0,0,0,67301,1,0,0,N,0,0,0,2,67301,1,,1,1,,N,N,,0,,0,0,0,0,0,,1925,1,2,0,0,0,0,0,3,4,0,1,3,,N,,,,,,,,,,,
2006110817,35.0,0,0,0,0,0,0,0,0,0,1,1,,67,9,2006,3,,,30.0,6,0,0,0,0,0,0,0,0,1.0,0,1,0,0,3,0,0,,2.0,,3.0,0,,0,0,0,0,67301,0,0,0,N,0,0,0,3,67501,0,,1,1,,N,N,,1,,0,0,0,0,0,N,29,0,2,0,0,2,0,0,3,3,0,2,3,,N,,,,,,,,,,,
2006113437,1455.0,3,0,0,0,0,0,0,0,0,1,0,,67,10,2006,5,39.9816,-75.1172,1450.0,6,0,0,0,0,0,1,1,0,,0,0,0,14,1,2,0,,0.0,39 59:00.000,,1,75 06:56.681,3,0,0,0,67301,0,0,0,,0,0,0,4,67301,1,,1,1,,N,N,,0,,1,0,0,3,2,,1450,2,3,0,0,0,0,0,3,4,0,3,98,,N,,,,,,,,,,,
2006113438,8.0,2,0,0,0,0,0,0,0,0,1,0,,67,9,2006,2,40.0193,-75.0447,8.0,6,0,0,0,0,0,0,0,0,1.0,0,0,0,99,3,2,0,,2.0,40 01:09.374,2.0,0,75 02:40.873,3,0,0,0,67301,0,0,0,N,0,0,0,2,67301,1,,1,1,,N,N,,0,,1,0,0,0,0,N,9999,2,2,0,0,1,0,0,3,4,0,2,3,,N,,,,,,,,,,,
2006113449,859.0,0,0,0,0,0,0,0,0,0,7,1,,67,10,2006,7,39.9511,-75.1617,858.0,6,0,0,0,0,0,0,0,0,,0,1,0,8,1,0,2,,0.0,39 57:04.057,,0,75 09:41.997,0,0,0,0,67301,0,0,0,N,0,0,0,1,67301,0,,4,1,,N,N,,0,,0,0,0,9,3,,858,0,1,0,0,0,0,0,3,4,0,1,3,,N,,,,,,,,,,,
2006096621,2356.0,1,0,0,0,0,0,0,0,0,7,0,,67,8,2006,3,,,2355.0,6,0,0,0,0,0,0,0,0,,0,0,0,23,3,1,1,,0.0,,,0,,4,0,0,0,67301,0,0,0,N,0,0,0,1,67301,1,,4,1,,N,N,,0,,0,0,0,3,2,,2340,1,1,0,0,0,0,0,3,3,0,1,3,,N,,,,,,,,,,,
2006101792,1953.0,1,0,0,1,0,0,0,0,0,4,0,,67,9,2006,7,39.9939,-75.1787,1948.0,6,0,0,1,0,0,0,0,0,,0,0,0,19,2,1,2,,0.0,39 59:38.011,,0,75 10:43.244,8,0,0,0,67301,1,0,0,N,0,0,0,2,67301,0,,1,1,,N,N,,0,,0,0,0,0,0,,1940,1,2,0,0,0,1,0,3,4,0,1,3,,N,,,,,,,,,,,
2006125767,1926.0,2,0,0,0,0,0,0,0,0,1,0,,67,11,2006,3,,,1926.0,6,0,0,1,0,0,0,0,0,,0,0,0,19,2,1,0,,0.0,,,0,,4,0,0,0,67301,0,0,0,,0,0,0,2,67301,1,,1,9,,,,,0,,0,0,0,0,0,,1926,1,2,0,0,0,0,0,3,3,0,2,7,,N,,,,,,,,,,,
2006125498,1138.0,2,0,0,0,0,0,0,0,0,6,0,,67,11,2006,7,39.9616,-75.1545,1135.0,6,0,0,0,0,0,1,0,0,,0,0,0,11,1,1,1,,0.0,39 57:41.000,,0,75 09:16.224,4,0,0,0,67301,0,0,0,N,0,0,0,6,67301,1,,1,1,,N,N,,0,,0,0,0,3,2,,1133,1,2,0,0,0,0,0,3,4,0,2,3,,N,,,,,,,,,,,
2006125515,1023.0,1,0,0,0,0,0,0,0,0,1,0,,67,11,2006,1,39.9336,-75.1435,1021.0,6,0,0,0,0,0,1,0,0,,0,0,0,10,1,2,0,,0.0,39 56:01.000,,0,75 08:36.393,8,0,0,0,67301,0,0,0,,0,0,0,3,67301,0,,1,1,,,,,1,,0,0,0,3,2,,1021,2,2,0,0,3,2,0,3,4,0,2,3,,N,,,,,,,,,,,
2006080683,920.0,1,0,0,0,0,0,0,0,0,1,0,,67,6,2006,3,,,908.0,6,0,0,0,0,0,1,0,0,,0,0,0,9,1,0,0,,0.0,,,0,,0,0,0,0,67301,0,0,0,N,0,0,0,1,67301,0,,6,1,,N,N,,0,,0,0,1,0,0,,900,0,2,0,0,0,0,0,3,3,0,2,3,,N,,,,,,,,,,,
2006082652,216.0,1,0,0,0,0,0,0,0,0,2,0,,67,7,2006,7,40.0179,-75.0643,215.0,6,0,0,0,0,0,0,0,0,,0,0,0,2,3,1,0,,0.0,40 01:04.000,,0,75 03:52.160,3,0,0,0,67301,0,0,0,N,0,0,0,1,67301,0,,6,1,,N,N,,2,,1,0,0,0,0,,210,1,3,0,0,0,0,0,3,4,0,3,3,,N,,,,,,,,,,,
2006082677,38.0,1,0,0,0,0,0,0,0,0,4,0,,67,7,2006,6,,,34.0,6,0,0,0,0,0,0,0,0,,0,0,0,0,3,0,0,,0.0,,,0,,9,0,0,0,67301,2,0,0,N,0,0,0,3,67301,0,,6,1,,N,N,,0,,0,0,0,3,2,,22,0,2,0,0,0,0,1,3,3,0,2,3,,N,,,,,,,,,,,
2006021646,117.0,0,0,0,0,0,0,0,0,0,7,0,,67,1,2006,1,40.0347,-75.0191,117.0,6,0,0,0,0,1,0,0,0,,0,0,0,1,3,0,0,,0.0,40 02:04.000,,0,75 01:08.994,0,0,0,0,67301,0,0,0,N,0,0,0,1,67301,0,,3,7,,N,N,,1,,0,0,0,0,0,,117,0,1,0,0,0,0,0,3,4,0,1,10,,N,,,,,,,,,,,
2006103811,315.0,2,0,0,0,0,0,0,0,0,6,0,,67,9,2006,7,39.957,-75.2255,309.0,6,0,0,0,0,0,0,0,0,,0,0,0,3,3,2,1,,0.0,39 57:25.000,,0,75 13:31.920,8,0,0,0,67301,0,0,0,N,0,0,0,6,67301,0,,1,1,,N,N,,0,,0,0,0,9,2,,309,2,2,0,0,0,2,0,3,4,0,2,7,,N,,,,,,,,,,,
2006082553,1130.0,1,0,0,0,0,0,0,0,0,8,0,,67,5,2006,5,,,1119.0,6,0,0,0,0,0,0,0,0,,0,0,0,11,1,1,0,,0.0,,,0,,4,0,0,0,67301,1,0,0,N,1,0,0,2,67301,1,,1,9,,N,N,,0,,0,0,0,0,0,,1110,1,2,0,0,0,0,0,3,3,0,1,3,,N,,,,,,,,,,,
2006125373,1800.0,3,0,0,0,0,0,0,0,0,4,0,,67,10,2006,1,,,1752.0,6,0,0,0,0,0,0,0,0,1.0,0,0,0,17,4,2,0,,1.0,,3.0,0,,3,0,0,0,67301,0,0,0,N,0,0,0,6,67301,0,,1,1,,N,N,,0,,1,0,0,0,0,N,1751,2,3,0,0,0,1,3,3,3,0,3,3,,N,,,,,,,,,,,
2006080123,1610.0,3,0,0,0,0,0,0,0,0,4,0,,67,6,2006,7,40.0451,-75.1582,1601.0,6,0,1,0,0,0,0,1,0,1.0,0,0,0,13,1,0,2,,1.0,40 02:42.273,6.0,0,75 09:29.620,0,0,0,0,67301,0,0,0,N,0,0,0,5,67301,0,,4,1,,N,N,,0,,0,0,0,3,2,N,1356,0,3,0,0,0,0,0,3,4,0,3,3,,N,,,,,,,,,,,
2006080289,1947.0,2,0,0,0,0,0,0,0,0,2,0,,67,6,2006,6,40.0272,-75.0989,1944.0,6,0,1,0,0,0,0,0,0,,0,0,0,19,1,1,1,,0.0,40 01:39.000,,0,75 05:54.588,8,0,0,0,67301,0,0,0,N,0,0,0,2,67301,0,,1,1,,N,N,,0,,0,0,0,3,2,,1920,1,2,0,0,0,1,0,3,4,0,2,3,,N,,,,,,,,,,,
2006065596,1121.0,3,0,0,0,0,0,0,0,0,1,0,,67,6,2006,6,40.053,-75.053,1117.0,6,0,1,0,0,0,0,0,0,2.0,0,0,0,11,1,1,0,,1.0,40 03:10.818,1.0,0,75 03:10.630,8,0,0,0,67301,0,0,0,,0,0,0,1,67301,0,,6,1,,N,N,,0,,0,0,1,0,0,N,1115,1,4,0,0,0,1,0,3,4,0,4,3,,N,,,,,,,,,,,
2006065618,2115.0,0,0,0,1,0,0,0,0,0,4,0,,67,5,2006,5,39.9231,-75.2291,2105.0,6,0,0,0,0,0,0,0,0,,0,0,0,21,3,1,1,,0.0,39 55:22.000,,0,75 13:45.182,8,0,0,0,67301,1,0,0,N,0,0,0,2,67301,0,,1,1,,N,N,,0,,0,0,1,3,2,,2105,1,2,0,0,1,1,0,3,4,0,1,3,,N,,,,,,,,,,,
2006065627,1852.0,0,0,0,0,0,0,0,0,0,8,0,,67,5,2006,3,40.0449,-75.2312,1849.0,6,0,0,0,0,0,0,0,0,,0,0,0,18,1,2,10,,0.0,40 02:41.000,,0,75 13:52.375,3,0,0,0,67301,3,0,0,N,2,0,0,4,67301,0,,5,1,,N,N,,0,,1,0,1,0,0,,1845,2,4,0,0,0,1,2,3,4,1,2,3,,N,,,,,,,,,,,
2006095987,950.0,1,0,0,0,0,0,0,0,0,7,0,,67,5,2006,2,40.0431,-75.1672,950.0,6,0,0,0,0,0,0,0,0,,0,0,0,9,1,1,1,,0.0,40 02:35.289,,0,75 10:02.002,3,0,0,0,67301,0,0,0,N,0,0,0,2,67301,0,,5,1,,N,N,,0,,1,0,0,3,2,,950,1,1,0,0,0,0,0,3,4,0,1,7,,N,,,,,,,,,,,
2006095991,1930.0,6,0,0,0,0,0,0,0,0,6,0,,67,7,2006,5,39.9196,-75.1719,1925.0,6,0,0,0,0,0,0,0,0,1.0,0,0,0,19,1,1,2,,1.0,39 55:10.484,2.0,0,75 10:19.012,8,0,0,0,67301,0,0,0,N,0,0,0,2,67301,0,,1,1,,N,N,,0,,0,0,0,3,3,Y,1923,1,6,0,0,1,1,0,3,4,0,6,3,,N,,,,,,,,,,,
2006112845,1540.0,1,0,0,0,0,0,0,0,0,1,0,,67,9,2006,2,40.0692,-75.0073,1535.0,6,0,0,0,0,0,1,0,0,,0,0,0,15,1,2,1,,0.0,40 04:09.000,,0,75 00:26.039,4,0,0,0,67301,0,0,0,N,0,0,0,3,67301,2,,1,1,,N,N,,1,,0,0,0,3,2,,1510,2,2,0,0,0,0,0,3,4,0,2,3,,N,,,,,,,,,,,
2006115375,145.0,2,0,0,0,0,0,0,0,0,1,0,,67,6,2006,5,39.9472,-75.2341,137.0,6,0,0,0,0,0,0,0,0,,0,0,0,1,6,1,0,,0.0,39 56:50.000,,0,75 14:02.227,4,0,0,0,67301,3,0,0,N,0,0,0,4,67301,1,,6,1,,N,N,,0,,0,0,0,9,2,,130,1,2,0,0,0,0,0,3,4,0,2,9,,N,,,,,,,,,,,
2006125412,335.0,0,0,0,0,0,0,0,0,0,7,0,,67,11,2006,4,39.9297,-75.2284,331.0,6,0,0,0,0,0,1,0,0,,0,0,0,3,3,1,0,,0.0,39 55:47.067,,0,75 13:42.128,3,0,0,0,67301,0,0,0,N,0,0,0,1,67301,0,,5,9,,N,N,,1,,1,0,0,0,0,,325,1,1,0,0,1,0,0,3,4,0,1,7,,N,,,,,,,,,,,