CRN,ARRIVAL_TM,AUTOMOBILE_COUNT,BELTED_DEATH_COUNT,BELTED_SUSP_SERIOUS_INJ_COUNT,BICYCLE_COUNT,BICYCLE_DEATH_COUNT,BICYCLE_SUSP_SERIOUS_INJ_COUNT,BUS_COUNT,CHLDPAS_DEATH_COUNT,CHLDPAS_SUSP_SERIOUS_INJ_COUNT,COLLISION_TYPE,COMM_VEH_COUNT,CONS_ZONE_SPD_LIM,COUNTY,CRASH_MONTH,CRASH_YEAR,DAY_OF_WEEK,DEC_LAT,DEC_LONG,DISPATCH_TM,DISTRICT,DRIVER_COUNT_16YR,DRIVER_COUNT_17YR,DRIVER_COUNT_18YR,DRIVER_COUNT_19YR,DRIVER_COUNT_20YR,DRIVER_COUNT_50_64YR,DRIVER_COUNT_65_74YR,DRIVER_COUNT_75PLUS,EST_HRS_CLOSED,FATAL_COUNT,HEAVY_TRUCK_COUNT,HORSE_BUGGY_COUNT,HOUR_OF_DAY,ILLUMINATION,INJURY_COUNT,INTERSECT_TYPE,INTERSECTION_RELATED,LANE_CLOSED,LATITUDE,LN_CLOSE_DIR,LOCATION_TYPE,LONGITUDE,MAX_SEVERITY_LEVEL,MCYCLE_DEATH_COUNT,MCYCLE_SUSP_SERIOUS_INJ_COUNT,MOTORCYCLE_COUNT,MUNICIPALITY,NONMOTR_COUNT,NONMOTR_DEATH_COUNT,NONMOTR_SUSP_SERIOUS_INJ_COUNT,NTFY_HIWY_MAINT,PED_COUNT,PED_DEATH_COUNT,PED_SUSP_SERIOUS_INJ_COUNT,PERSON_COUNT,POLICE_AGCY,POSSIBLE_INJ_COUNT,RDWY_SURF_TYPE_CD,RELATION_TO_ROAD,ROAD_CONDITION,ROADWAY_CLEARED,SCH_BUS_IND,SCH_ZONE_IND,SECONDARY_CRASH,SMALL_TRUCK_COUNT,SPEC_JURIS_CD,SUSP_MINOR_INJ_COUNT,SUSP_SERIOUS_INJ_COUNT,SUV_COUNT,TCD_FUNC_CD,TCD_TYPE,TFC_DETOUR_IND,TIME_OF_DAY,TOT_INJ_COUNT,TOTAL_UNITS,UNB_DEATH_COUNT,UNB_SUSP_SERIOUS_INJ_COUNT,UNBELTED_OCC_COUNT,UNK_INJ_DEG_COUNT,UNK_INJ_PER_COUNT,URBAN_AREA,URBAN_RURAL,VAN_COUNT,VEHICLE_COUNT,WEATHER1,WEATHER2,WORK_ZONE_IND,WORK_ZONE_LOC,WORK_ZONE_TYPE,WORKERS_PRES,WZ_CLOSE_DETOUR,WZ_FLAGGER,WZ_LAW_OFFCR_IND,WZ_LN_CLOSURE,WZ_MOVING,WZ_OTHER,WZ_SHLDER_MDN,WZ_WORKERS_INJ_KILLED
2006115123,110.0,1,0,0,0,0,0,0,0,0,7,0,,67,9,2006,5,39.9131,-75.2433,55.0,6,0,0,0,0,0,0,0,0,,0,0,0,23,3,1,1,,0.0,39 54:47.000,,0,75 14:35.486,8,0,0,0,67301,0,0,0,N,0,0,0,1,67301,0,,2,9,,N,N,,0,,0,0,0,3,2,,2350,1,2,0,0,0,1,0,3,4,0,1,7,,N,,,,,,,,,,,
2006114739,2221.0,2,0,0,0,0,0,0,0,0,4,0,,67,9,2006,7,39.9807,-75.1227,2217.0,6,0,0,1,0,0,0,0,0,,0,0,0,22,3,0,1,,0.0,39 58:50.462,,0,75 07:21.590,9,0,0,0,67301,0,0,0,N,0,0,0,6,67301,0,,1,1,,N,N,,0,,0,0,0,3,3,,2216,0,2,0,0,0,0,5,3,4,0,2,3,,N,,,,,,,,,,,
2006105094,2059.0,1,0,0,0,0,0,0,0,0,7,0,,67,9,2006,7,39.9409,-75.195,2057.0,6,0,0,0,0,0,0,0,0,1.0,0,0,0,20,3,1,0,,1.0,39 56:34.440,4.0,0,75 11:34.800,8,0,0,0,67301,0,0,0,N,0,0,0,1,67301,0,,4,1,,N,N,,0,,0,0,0,0,0,N,2057,1,1,0,0,1,1,0,3,4,0,1,3,,N,,,,,,,,,,,
2006105113,2206.0,2,0,0,0,0,0,0,0,0,4,0,,67,9,2006,1,40.0548,-75.169,2204.0,6,0,0,0,0,0,1,0,0,,0,0,0,22,3,5,1,,0.0,40 03:17.448,,0,75 10:08.247,8,0,0,0,67301,0,0,0,N,0,0,0,5,67301,0,,1,1,,N,N,,0,,0,0,0,2,2,,2200,5,2,0,0,0,5,0,3,4,0,2,3,,N,,,,,,,,,,,
2006105155,1239.0,1,0,0,0,0,0,0,0,0,8,0,,67,9,2006,4,,,1239.0,6,0,0,0,0,0,0,1,0,,0,0,0,12,1,1,1,,0.0,,,0,,4,0,0,0,67301,1,0,0,N,1,0,0,4,67301,1,,1,1,,N,N,,0,,0,0,0,9,2,,1239,1,2,0,0,0,0,0,3,3,0,1,3,,N,,,,,,,,,,,
2006126825,1226.0,1,0,0,0,0,0,0,0,0,4,1,,67,11,2006,2,39.9566,-75.1524,1225.0,6,0,0,0,0,0,0,0,0,,0,1,0,12,1,1,1,,0.0,39 57:26.000,,0,75 09:07.921,4,0,0,0,67301,0,0,0,N,0,0,0,2,67301,1,,1,1,,N,N,,0,,0,0,0,3,2,,1207,1,2,0,0,0,0,0,3,4,0,2,3,,N,,,,,,,,,,,
2006123993,1110.0,2,0,0,0,0,0,0,0,0,1,0,,67,10,2006,5,40.0675,-75.0042,1101.0,6,0,0,0,0,0,0,1,0,1.0,0,0,0,10,1,1,0,,1.0,40 04:03.000,3.0,0,75 00:15.021,8,0,0,0,67301,0,0,0,N,0,0,0,1,67301,0,,2,1,,N,N,,0,,0,0,0,0,0,N,1054,1,2,0,0,0,1,0,3,4,0,2,3,,N,,,,,,,,,,,
2006093418,2057.0,1,0,0,0,0,0,0,0,0,2,0,,67,8,2006,3,40.0176,-75.065,2056.0,6,0,0,0,0,0,0,0,0,,0,0,0,20,4,2,1,,0.0,40 01:03.000,,0,75 03:54.200,3,0,0,0,67301,0,0,0,N,0,0,0,2,67301,0,,1,1,,N,N,,0,,2,0,1,3,2,,2055,2,2,0,0,2,0,0,3,4,0,2,3,,N,,,,,,,,,,,
2006054533,1035.0,3,0,0,0,0,0,0,0,0,5,0,,67,3,2006,7,39.9817,-75.102,1031.0,6,0,0,0,0,0,1,0,0,1.0,0,0,0,10,1,1,0,,2.0,39 58:56.000,2.0,0,75 06:02.928,4,0,0,0,67301,0,0,0,N,0,0,0,3,67301,1,,1,1,,N,N,,0,,0,0,0,0,0,Y,1031,1,3,0,0,0,0,0,3,4,0,3,3,,N,,,,,,,,,,,
2006054584,10.0,2,0,0,0,0,0,0,0,0,2,0,,67,4,2006,3,39.9477,-75.1511,0.0,6,0,0,0,0,0,0,0,0,,0,0,0,23,3,2,2,,0.0,39 56:51.000,,0,75 09:03.936,8,0,0,0,67301,0,0,0,N,0,0,0,5,67301,0,,1,9,,N,N,,0,,0,0,0,3,2,,2350,2,2,0,0,0,2,0,3,4,0,2,7,,N,,,,,,,,,,,
2006054598,1530.0,3,0,0,0,0,0,0,0,0,4,0,,67,3,2006,6,40.0115,-75.0698,1525.0,6,0,0,0,0,0,1,0,0,,0,0,0,15,1,2,1,,0.0,40 00:42.000,,0,75 04:11.470,8,0,0,0,67301,0,0,0,N,0,0,0,6,67301,0,,1,1,,N,N,,0,,0,0,0,3,2,,1510,2,3,0,0,0,2,0,3,4,0,3,3,,N,,,,,,,,,,,
2006093860,1830.0,2,0,0,0,0,0,0,0,0,1,0,,67,8,2006,3,40.0486,-75.1617,1804.0,6,0,0,0,1,0,0,0,0,,0,0,0,17,1,4,1,,0.0,40 02:54.852,,0,75 09:42.008,4,0,0,0,67301,0,0,0,,0,0,0,4,67301,4,,1,1,,,,,0,,0,0,0,3,2,,1750,4,2,0,0,0,0,0,3,4,0,2,3,,N,,,,,,,,,,,
2006081342,2100.0,2,0,0,0,0,0,0,0,0,1,0,,67,6,2006,6,40.0425,-75.0966,2050.0,6,0,0,0,0,0,0,0,0,1.0,0,0,0,20,3,1,2,,1.0,40 02:33.126,1.0,0,75 05:47.626,8,0,0,0,67301,0,0,0,N,0,0,0,2,67301,0,,1,1,,N,N,,0,,0,0,0,0,0,Y,2045,1,2,0,0,0,1,0,3,4,0,2,3,,N,,,,,,,,,,,
2006081353,847.0,1,0,0,0,0,0,0,0,0,8,0,,67,5,2006,5,40.0414,-75.0283,845.0,6,0,0,0,0,0,0,0,0,,0,0,0,8,1,1,1,,0.0,40 02:29.000,,0,75 01:41.703,4,0,0,0,67301,1,0,0,N,1,0,0,2,67301,1,,1,1,,N,N,,0,,0,0,0,3,2,,845,1,2,0,0,0,0,0,3,4,0,1,3,,N,,,,,,,,,,,
2006081387,2138.0,2,0,0,0,0,0,0,0,0,8,0,,67,6,2006,5,40.0424,-75.0828,2136.0,6,0,0,0,0,0,0,0,0,1.0,0,0,0,21,3,1,1,,2.0,40 02:32.000,4.0,0,75 04:58.172,4,0,0,0,67301,1,0,0,N,1,0,0,2,67301,1,,1,9,,N,N,,0,,0,0,0,3,2,N,2133,1,3,0,0,0,0,0,3,4,0,2,7,,N,,,,,,,,,,,
2006081427,743.0,1,0,0,0,0,0,0,0,0,8,0,,67,7,2006,5,39.9558,-75.1915,741.0,6,0,0,0,0,1,0,0,0,,0,0,0,7,1,1,1,,0.0,39 57:21.000,,0,75 11:29.294,8,0,0,0,67301,1,0,0,N,1,0,0,2,67301,0,,1,1,,N,N,,0,,0,0,0,3,2,,739,1,2,0,0,0,1,0,3,4,0,1,3,,N,,,,,,,,,,,
2006081618,17.0,2,0,0,0,0,0,0,0,0,7,0,,67,5,2006,2,,,15.0,6,0,0,0,0,0,0,0,0,,0,0,0,99,3,0,1,,0.0,,,0,,9,0,0,0,67301,0,0,0,N,0,0,0,2,67301,0,,2,1,,N,N,,0,,0,0,0,3,2,,9999,0,2,0,0,0,0,2,3,3,0,2,3,,N,,,,,,,,,,,
2006081667,357.0,1,0,0,0,0,0,0,0,0,4,0,,67,6,2006,4,39.9878,-75.1677,353.0,6,0,0,0,0,0,0,0,0,,0,1,0,3,3,1,0,,0.0,39 59:15.979,,0,75 10:03.828,8,0,0,0,67301,0,0,0,N,0,0,0,1,67301,0,,6,1,,N,N,,0,,0,0,0,0,0,,350,1,2,0,0,0,1,0,3,4,0,2,3,,N,,,,,,,,,,,
2006105733,1142.0,3,0,0,0,0,0,0,0,0,1,0,,67,9,2006,5,40.0541,-75.049,1139.0,6,0,0,0,0,0,1,0,0,1.0,0,0,0,11,1,1,1,,1.0,40 03:15.000,2.0,0,75 02:57.958,4,0,0,0,67301,0,0,0,N,0,0,0,3,67301,1,,1,1,,N,N,,0,,0,0,0,3,2,Y,1135,1,3,0,0,0,0,0,3,4,0,3,3,,N,,,,,,,,,,,
2006027969,838.0,1,0,0,0,0,0,1,0,0,5,1,,67,1,2006,2,39.9586,-75.2262,834.0,6,0,0,0,0,0,0,0,0,,0,0,0,8,1,1,0,,0.0,39 57:31.000,,0,75 13:34.507,4,0,0,0,67301,0,0,0,N,0,0,0,2,67301,1,,2,1,,N,N,,0,,0,0,0,0,0,,830,1,2,0,0,1,0,0,3,4,0,2,3,,N,,,,,,,,,,,
2006036825,707.0,2,0,0,0,0,0,0,0,0,5,0,,67,2,2006,7,39.9616,-75.2245,707.0,6,0,0,0,0,0,0,0,0,,0,0,0,7,1,0,1,,0.0,39 57:41.000,,0,75 13:28.301,9,0,0,0,67301,0,0,0,N,0,0,0,1,67301,0,,1,1,,N,N,,0,,0,0,0,0,0,,700,0,2,0,0,0,0,1,3,4,0,2,3,,N,,,,,,,,,,,
2006103657,1946.0,4,0,0,0,0,0,0,0,0,5,0,,67,9,2006,2,,,1944.0,6,0,0,0,0,0,0,0,0,,0,0,0,19,4,1,0,,0.0,,,0,,4,0,0,0,67301,0,0,0,N,0,0,0,1,67301,1,,6,1,,N,N,,0,,0,0,0,0,0,,1942,1,4,0,0,0,0,0,3,3,0,4,3,,N,,,,,,,,,,,
2006096603,1610.0,1,0,0,0,0,0,0,0,0,2,0,,67,7,2006,6,39.9578,-75.1472,1609.0,6,0,0,1,0,0,0,1,0,,0,0,0,16,1,1,1,,0.0,39 57:28.000,,0,75 08:50.199,8,0,0,0,67301,0,0,0,,0,0,0,3,67301,0,,1,9,,,,,1,,0,0,0,3,2,,1600,1,2,0,0,0,1,0,3,4,0,2,3,,N,,,,,,,,,,,
2006096538,214.0,1,0,0,0,0,0,0,0,0,7,0,,67,7,2006,2,,,213.0,6,0,0,0,0,0,0,0,0,,0,0,0,99,3,1,2,,0.0,,,0,,4,0,0,0,67301,0,0,0,N,0,0,0,2,67301,1,,5,1,,N,N,,0,,0,0,0,3,3,,9999,1,1,0,0,0,0,0,3,3,0,1,3,,N,,,,,,,,,,,
2006104281,1959.0,1,0,0,0,0,0,0,0,0,8,0,,67,9,2006,1,40.0506,-75.0102,1955.0,6,0,0,0,0,0,1,0,0,,0,0,0,99,3,1,2,,0.0,40 03:02.000,,0,75 00:36.484,4,0,0,0,67301,1,0,0,N,1,0,0,2,67301,1,,1,1,,N,N,,0,,0,0,0,3,2,,9999,1,2,0,0,0,0,0,3,4,0,1,3,,N,,,,,,,,,,,
2006104308,220.0,2,0,0,0,0,0,0,0,0,5,0,,67,9,2006,6,39.9992,-75.1474,219.0,6,0,0,0,0,0,0,0,0,,0,0,0,99,3,2,1,,0.0,39 59:57.271,,0,75 08:50.495,4,0,0,0,67301,0,0,0,,0,0,0,3,67301,1,,1,9,,,,,0,,0,0,0,9,2,,9999,2,2,0,0,0,1,1,3,4,0,2,7,,N,,,,,,,,,,,
2006125733,9999.0,2,0,0,0,0,0,0,0,0,1,0,,67,11,2006,7,40.0279,-75.2073,952.0,6,0,0,0,0,0,1,1,0,,0,0,0,9,1,0,0,,0.0,40 01:40.597,,0,75 12:26.177,0,0,0,0,67301,0,0,0,N,0,0,0,2,67301,0,,1,1,,N,N,,0,,0,0,0,0,0,,940,0,2,0,0,1,0,0,3,4,0,2,3,,N,,,,,,,,,,,
2006101611,430.0,0,0,0,0,0,0,1,0,0,7,1,,67,7,2006,1,39.9751,-75.188,425.0,6,0,0,0,0,0,0,0,0,,0,0,0,3,3,1,1,,0.0,39 58:30.000,,0,75 11:16.346,8,0,0,0,67301,0,0,0,N,0,0,0,2,67301,0,,4,1,,N,N,,0,,0,0,0,9,2,,300,1,1,0,0,0,1,0,3,4,0,1,3,,N,,,,,,,,,,,
2006102841,1322.0,1,0,0,1,0,0,0,0,0,4,0,99.0,67,9,2006,7,40.039,-75.1446,1319.0,6,0,0,0,0,0,0,1,0,,0,0,0,11,1,1,1,,0.0,40 02:20.000,,0,75 08:41.132,4,0,0,0,67301,1,0,0,N,0,0,0,2,67301,1,,1,1,,N,N,,0,,0,0,0,3,2,,1155,1,2,0,0,0,0,0,3,4,0,1,3,,Y,8.0,8.0,U,,,U,,,,,
2006080568,1940.0,0,0,0,1,0,0,0,0,0,4,0,,67,5,2006,4,39.9808,-75.2357,1940.0,6,0,0,0,0,0,0,0,0,,0,0,0,19,1,1,2,,0.0,39 58:51.000,,0,75 14:09.265,8,0,0,0,67301,1,0,0,,0,0,0,2,67301,0,,1,1,,,,,1,,0,0,0,0,0,,1940,1,2,0,0,0,1,0,3,4,0,1,3,,N,,,,,,,,,,,
2006080574,2338.0,0,0,0,0,0,0,0,0,0,7,0,,67,6,2006,4,40.013,-75.1193,2324.0,6,0,0,0,0,0,0,0,0,,1,0,0,23,3,0,0,,0.0,40 00:46.699,,0,75 07:09.566,1,1,0,1,67301,0,0,0,N,0,0,0,1,67301,0,2.0,4,1,,N,N,,0,0.0,0,0,0,0,0,,2324,0,1,0,0,0,0,0,3,4,0,1,3,,N,,,,,,,,,,,
2006080588,1731.0,2,0,0,0,0,0,0,0,0,1,0,,67,6,2006,6,40.0218,-75.1127,1724.0,6,0,0,0,0,0,0,0,0,,0,0,0,17,1,3,1,,0.0,40 01:18.000,,0,75 06:45.600,4,0,0,0,67301,0,0,0,N,0,0,0,3,67301,3,,1,1,,N,N,,0,,0,0,0,0,0,,1712,3,2,0,0,0,0,0,3,4,0,2,3,,N,,,,,,,,,,,
2006083044,1634.0,1,0,0,0,0,0,0,0,0,2,0,,67,6,2006,6,40.0635,-75.1698,1630.0,6,0,0,0,0,0,0,0,1,,0,0,0,16,1,0,1,,0.0,40 03:48.000,,0,75 10:11.208,0,0,0,0,67301,1,0,0,N,1,0,0,2,67301,0,,1,9,,N,N,,0,,0,0,0,3,2,,1630,0,2,0,0,0,0,0,3,4,0,1,7,,N,,,,,,,,,,,
2006080664,1746.0,2,0,0,0,0,0,0,0,0,1,0,,67,6,2006,4,40.1197,-75.0087,1745.0,6,0,0,0,0,0,0,0,0,,0,0,0,17,1,0,2,,0.0,40 07:10.776,,0,75 00:31.301,0,0,0,0,67301,0,0,0,N,0,0,0,6,67301,0,,1,1,,N,N,,0,,0,0,0,3,2,,1738,0,2,0,0,0,0,0,3,4,0,2,3,,N,,,,,,,,,,,
2006080822,1506.0,2,0,0,0,0,0,0,0,0,4,0,,67,7,2006,7,,,1530.0,6,0,0,0,0,0,0,1,0,,0,0,0,99,1,0,1,,0.0,,,0,,9,0,0,0,67301,0,0,0,N,0,0,0,2,67301,0,,1,1,,N,N,,0,,0,0,0,9,2,,9999,0,2,0,0,0,0,1,3,3,0,2,3,,N,,,,,,,,,,,
2006083004,2121.0,1,0,0,0,0,0,0,0,0,4,0,,67,6,2006,1,40.0566,-75.0138,2120.0,6,0,0,0,0,0,0,0,1,1.0,0,0,0,21,2,3,0,,1.0,40 03:23.000,4.0,0,75 00:49.884,8,0,0,0,67301,0,0,0,N,0,0,0,5,67301,0,,1,1,,N,N,,0,,0,0,0,0,0,Y,2118,3,2,0,0,0,3,0,3,4,1,2,3,,N,,,,,,,,,,,
2006103879,1800.0,1,0,0,0,0,0,0,0,0,8,0,,67,9,2006,4,39.95,-75.157,1754.0,6,0,0,0,0,0,0,0,0,,0,0,0,13,1,1,2,,0.0,39 56:59.000,,0,75 09:25.235,3,0,0,0,67301,1,0,0,,1,0,0,2,67301,0,,1,1,,N,N,,0,,1,0,0,3,2,,1305,1,2,0,0,0,0,1,3,4,0,1,3,,N,,,,,,,,,,,
2006103882,2030.0,1,0,0,0,0,0,0,0,0,6,0,,67,8,2006,1,39.9834,-75.1191,2030.0,6,0,0,0,0,0,0,0,0,2.0,0,0,0,20,3,1,1,,1.0,39 59:00.000,7.0,0,75 07:08.949,3,0,0,0,67301,0,0,0,N,0,0,0,2,67301,0,,1,1,,N,N,,1,,1,0,0,9,2,N,2025,1,2,0,0,1,0,0,3,4,0,2,3,,N,,,,,,,,,,,
2006103529,1055.0,2,0,0,0,0,0,0,0,0,4,0,,67,8,2006,2,39.9899,-75.1474,1044.0,6,0,0,0,0,0,2,0,0,,0,0,0,99,1,2,1,,0.0,39 59:23.560,,0,75 08:50.719,4,0,0,0,67301,0,0,0,,0,0,0,2,67301,2,,1,1,,N,N,,0,,0,0,0,3,2,,9999,2,2,0,0,0,0,0,3,4,0,2,3,,N,,,,,,,,,,,
2006125454,532.0,1,0,0,0,0,0,0,0,0,1,0,,67,11,2006,1,40.0405,-75.0474,530.0,6,0,0,0,0,0,0,0,0,,0,0,0,5,3,1,1,,0.0,40 02:25.000,,0,75 02:50.651,4,0,0,0,67301,0,0,0,N,0,0,0,2,67301,1,,1,1,,N,N,,0,,0,0,0,3,2,,528,1,2,0,0,0,0,1,3,4,1,2,3,,N,,,,,,,,,,,
2006125467,1554.0,1,0,0,0,0,0,0,0,0,8,0,,67,11,2006,4,,,1550.0,6,0,0,0,0,0,0,1,0,2.0,0,0,0,15,1,2,1,,2.0,,3.0,0,,3,0,0,0,67301,2,0,0,N,2,0,0,3,67301,1,,1,1,,N,N,,0,,1,0,0,3,2,Y,1540,2,3,0,0,0,0,0,3,3,0,1,3,,N,,,,,,,,,,,
2006080078,1448.0,1,0,0,0,0,0,0,0,0,8,0,,67,5,2006,7,,,1447.0,6,0,1,0,0,0,0,0,0,,0,0,0,14,1,1,0,,0.0,,,0,,4,0,0,0,67301,1,0,0,,1,0,0,2,67301,1,,1,1,,N,N,,0,,0,0,0,0,0,,1447,1,2,0,0,1,0,0,3,3,0,1,3,,N,,,,,,,,,,,
2006082608,1830.0,0,0,0,0,0,0,0,0,0,0,0,,67,6,2006,7,40.0904,-75.0562,1823.0,6,0,0,0,0,0,0,0,0,,0,0,0,18,1,2,0,,0.0,40 05:25.440,,0,75 03:22.320,3,0,0,2,67301,0,0,0,N,0,0,0,2,67301,1,,1,1,,N,N,,0,,1,0,0,3,2,,1821,2,2,0,0,0,0,0,3,4,0,2,3,,N,,,,,,,,,,,
2006080128,1137.0,3,0,0,0,0,0,0,0,0,5,0,,67,6,2006,2,,,1131.0,6,0,0,0,0,0,0,0,0,,0,0,0,11,1,0,2,,0.0,,,0,,0,0,0,0,67301,0,0,0,N,0,0,0,5,67301,0,,1,1,,N,N,,0,,0,0,0,0,0,,1115,0,3,0,0,0,0,0,3,3,0,3,3,,N,,,,,,,,,,,
2006080264,125.0,4,0,0,0,0,0,0,0,0,4,0,,67,7,2006,7,39.9251,-75.1752,125.0,6,0,0,0,0,0,0,0,0,,0,0,0,1,3,1,5,,0.0,39 55:30.000,,0,75 10:30.228,4,0,0,0,67301,0,0,0,N,0,0,0,3,67301,1,,2,1,,N,N,,0,,0,0,0,0,0,,125,1,5,0,0,2,0,2,3,4,1,5,3,,N,,,,,,,,,,,
2006115660,1315.0,3,0,0,0,0,0,0,0,0,1,0,,67,9,2006,6,40.0275,-75.1473,1340.0,6,0,0,1,0,0,1,0,0,1.0,0,0,0,13,1,1,0,,1.0,40 01:39.000,2.0,0,75 08:50.430,8,0,0,0,67301,0,0,0,N,0,0,0,5,67301,0,,1,1,,N,N,,2,,0,0,0,0,0,N,1335,1,5,0,0,0,1,0,3,4,0,5,3,,N,,,,,,,,,,,
2006065737,1839.0,2,0,0,0,0,0,0,0,0,4,0,,67,5,2006,6,,,1900.0,6,0,0,0,2,0,0,0,0,,0,0,0,19,1,1,2,,0.0,,,0,,3,0,0,0,67301,0,0,0,,0,0,0,2,67301,0,,1,1,,,,,0,,1,0,0,3,3,,1918,1,2,0,0,0,0,0,3,3,0,2,3,,N,,,,,,,,,,,
2006112827,2300.0,2,0,0,0,0,0,0,0,0,4,0,,67,10,2006,6,40.0392,-75.233,2245.0,6,0,0,1,0,0,0,0,0,1.0,0,0,0,22,3,0,0,,1.0,40 02:21.008,6.0,0,75 13:58.666,0,0,0,0,67301,0,0,0,N,0,0,0,1,67301,0,,1,1,,N,N,,0,,0,0,0,0,0,N,2230,0,2,0,0,1,0,0,3,4,0,2,3,,N,,,,,,,,,,,
2006112828,901.0,2,0,0,0,0,0,0,0,0,4,0,,67,10,2006,5,40.0336,-75.1821,901.0,6,0,0,0,0,0,0,0,0,,0,0,0,9,1,0,2,,0.0,40 02:00.000,,0,75 10:55.654,9,0,0,0,67301,0,0,0,N,0,0,0,3,67301,0,,1,1,,N,N,,0,,0,0,0,3,3,,901,0,2,0,0,0,0,1,3,4,0,2,3,,N,,,,,,,,,,,
2006112875,1210.0,2,0,0,0,0,0,0,0,0,1,0,,67,10,2006,4,39.9126,-75.2219,1205.0,6,0,0,0,0,0,2,0,0,,0,0,0,11,1,0,0,,0.0,39 54:50.000,,0,75 13:17.329,0,0,0,0,67301,0,0,0,N,0,0,0,4,67301,0,,1,9,,N,N,,0,,0,0,0,0,0,,1149,0,2,0,0,0,0,0,3,4,0,2,7,,N,,,,,,,,,,,
2006115378,105.0,0,0,0,0,0,0,0,0,0,9,0,,67,10,2006,7,39.9298,-75.2341,100.0,6,0,0,0,0,0,1,0,0,,0,0,0,0,3,1,0,,0.0,39 55:47.000,,0,75 14:03.228,3,0,0,0,67301,0,0,0,N,0,0,0,1,67301,0,,6,1,,N,N,,0,,1,0,1,0,0,,55,1,1,0,0,0,0,0,3,4,0,1,3,,N,,,,,,,,,,,
2006102376,500.0,0,0,0,0,0,0,0,0,0,4,0,,67,9,2006,1,39.9568,-75.1556,453.0,6,0,0,1,0,0,0,0,0,1.0,0,0,0,99,1,2,2,,1.0,39 57:25.000,4.0,0,75 09:19.625,3,0,0,0,67301,0,0,0,N,0,0,0,3,67301,0,,5,1,,N,N,,0,,2,0,2,3,2,Y,9999,2,2,0,0,0,0,0,3,4,0,2,3,,N,,,,,,,,,,,
2006124391,2207.0,1,0,0,0,0,0,0,0,0,4,0,,67,10,2006,1,39.9126,-75.1504,2205.0,6,0,0,0,1,0,0,0,0,1.0,0,0,0,99,3,1,2,,1.0,39 54:45.000,2.0,2,75 09:01.603,8,0,0,0,67301,0,0,0,N,0,0,0,3,67301,0,,7,1,,N,N,,0,,0,0,1,3,2,N,9999,1,2,0,0,0,1,2,3,4,0,2,3,,N,,,,,,,,,,,
2006102185,1855.0,2,0,0,0,0,0,0,0,0,1,0,,67,9,2006,5,39.9408,-75.1435,1845.0,6,0,0,0,0,1,0,0,0,1.0,0,0,0,18,1,1,7,,1.0,39 56:29.000,2.0,2,75 08:36.112,8,0,0,0,67301,0,0,0,N,0,0,0,2,67301,0,,3,9,,N,N,,0,,0,0,0,0,0,N,1840,1,2,0,0,2,1,0,3,4,0,2,7,,N,,,,,,,,,,,
2006115109,900.0,1,0,0,0,0,0,1,0,0,5,1,,67,10,2006,4,40.0594,-75.1762,855.0,6,0,0,0,0,0,0,1,0,,0,0,0,99,1,1,0,,0.0,40 03:33.922,,0,75 10:34.215,8,0,0,0,67301,0,0,0,,0,0,0,29,67301,0,,1,1,,Y,Y,,0,,0,0,0,0,0,,9999,1,2,0,0,1,1,26,3,4,0,2,3,,N,,,,,,,,,,,
2006114825,1649.0,1,0,0,0,0,0,0,0,0,8,0,,67,10,2006,5,40.0498,-75.0994,1644.0,6,0,0,1,0,0,0,0,0,,0,0,0,16,1,1,1,,0.0,40 02:59.128,,0,75 05:57.789,8,0,0,0,67301,1,0,0,N,1,0,0,2,67301,0,,1,1,,N,N,,0,,0,0,0,0,0,,1642,1,2,0,0,1,1,0,3,4,0,1,3,,N,,,,,,,,,,,
2006105115,1406.0,2,0,0,0,0,0,0,0,0,1,0,,67,9,2006,3,,,1406.0,6,0,0,0,0,0,0,0,0,,0,0,0,14,1,1,1,,0.0,,,0,,8,0,0,0,67301,0,0,0,N,0,0,0,4,67301,0,,1,1,,N,N,,0,,0,0,0,3,2,,1406,1,2,0,0,0,1,2,3,3,0,2,3,,N,,,,,,,,,,,
2006105117,940.0,1,0,0,0,0,0,0,0,0,8,0,,67,8,2006,3,,,931.0,6,0,0,0,0,0,0,0,0,9.0,0,0,0,9,1,1,0,,1.0,,1.0,0,,4,0,0,0,67301,1,0,0,,1,0,0,2,67301,1,,1,1,,N,N,,0,,0,0,0,0,0,N,920,1,2,0,0,0,0,1,3,3,0,1,3,,N,,,,,,,,,,,
2006105128,1655.0,1,0,0,1,0,1,0,0,0,8,0,,67,9,2006,7,,,1653.0,6,0,0,0,0,0,0,0,0,,0,0,0,16,1,1,0,,0.0,,,0,,2,0,0,0,67301,1,0,1,,0,0,0,2,67301,0,,1,9,,,,,0,,0,1,0,0,0,,1629,1,2,0,0,0,0,1,3,3,0,1,7,,N,,,,,,,,,,,
2006093435,857.0,1,0,0,1,0,0,0,0,0,4,0,,67,7,2006,2,39.9968,-75.1538,855.0,6,0,0,0,0,0,1,0,0,,0,0,0,8,1,1,1,,0.0,39 59:48.000,,0,75 09:14.026,4,0,0,0,67301,1,0,0,N,0,0,0,3,67301,1,,1,1,,N,N,,0,,0,0,0,3,2,,853,1,2,0,0,0,0,2,3,4,0,1,3,,N,,,,,,,,,,,