CRN,ARRIVAL_TM,AUTOMOBILE_COUNT,BELTED_DEATH_COUNT,BELTED_SUSP_SERIOUS_INJ_COUNT,BICYCLE_COUNT,BICYCLE_DEATH_COUNT,BICYCLE_SUSP_SERIOUS_INJ_COUNT,BUS_COUNT,CHLDPAS_DEATH_COUNT,CHLDPAS_SUSP_SERIOUS_INJ_COUNT,COLLISION_TYPE,COMM_VEH_COUNT,CONS_ZONE_SPD_LIM,COUNTY,CRASH_MONTH,CRASH_YEAR,DAY_OF_WEEK,DEC_LAT,DEC_LONG,DISPATCH_TM,DISTRICT,DRIVER_COUNT_16YR,DRIVER_COUNT_17YR,DRIVER_COUNT_18YR,DRIVER_COUNT_19YR,DRIVER_COUNT_20YR,DRIVER_COUNT_50_64YR,DRIVER_COUNT_65_74YR,DRIVER_COUNT_75PLUS,EST_HRS_CLOSED,FATAL_COUNT,HEAVY_TRUCK_COUNT,HORSE_BUGGY_COUNT,HOUR_OF_DAY,ILLUMINATION,INJURY_COUNT,INTERSECT_TYPE,INTERSECTION_RELATED,LANE_CLOSED,LATITUDE,LN_CLOSE_DIR,LOCATION_TYPE,LONGITUDE,MAX_SEVERITY_LEVEL,MCYCLE_DEATH_COUNT,MCYCLE_SUSP_SERIOUS_INJ_COUNT,MOTORCYCLE_COUNT,MUNICIPALITY,NONMOTR_COUNT,NONMOTR_DEATH_COUNT,NONMOTR_SUSP_SERIOUS_INJ_COUNT,NTFY_HIWY_MAINT,PED_COUNT,PED_DEATH_COUNT,PED_SUSP_SERIOUS_INJ_COUNT,PERSON_COUNT,POLICE_AGCY,POSSIBLE_INJ_COUNT,RDWY_SURF_TYPE_CD,RELATION_TO_ROAD,ROAD_CONDITION,ROADWAY_CLEARED,SCH_BUS_IND,SCH_ZONE_IND,SECONDARY_CRASH,SMALL_TRUCK_COUNT,SPEC_JURIS_CD,SUSP_MINOR_INJ_COUNT,SUSP_SERIOUS_INJ_COUNT,SUV_COUNT,TCD_FUNC_CD,TCD_TYPE,TFC_DETOUR_IND,TIME_OF_DAY,TOT_INJ_COUNT,TOTAL_UNITS,UNB_DEATH_COUNT,UNB_SUSP_SERIOUS_INJ_COUNT,UNBELTED_OCC_COUNT,UNK_INJ_DEG_COUNT,UNK_INJ_PER_COUNT,URBAN_AREA,URBAN_RURAL,VAN_COUNT,VEHICLE_COUNT,WEATHER1,WEATHER2,WORK_ZONE_IND,WORK_ZONE_LOC,WORK_ZONE_TYPE,WORKERS_PRES,WZ_CLOSE_DETOUR,WZ_FLAGGER,WZ_LAW_OFFCR_IND,WZ_LN_CLOSURE,WZ_MOVING,WZ_OTHER,WZ_SHLDER_MDN,WZ_WORKERS_INJ_KILLED
2006054564,1507.0,2,0,0,0,0,0,0,0,0,4,0,,67,5,2006,2,,,1502.0,6,0,0,0,0,0,0,0,1,,0,0,0,15,1,1,1,,0.0,,,0,,4,0,0,0,67301,0,0,0,N,0,0,0,2,67301,1,,1,1,,N,N,,0,,0,0,0,3,3,,1501,1,2,0,0,0,0,0,3,3,0,2,3,,N,,,,,,,,,,,
2006054587,1250.0,1,0,0,1,0,0,0,0,0,4,0,,67,3,2006,6,,,1249.0,6,0,0,0,0,0,0,0,0,,0,0,0,12,1,1,1,,0.0,,,0,,4,0,0,0,67301,1,0,0,N,0,0,0,3,67301,1,,1,1,,N,N,,0,,0,0,0,3,2,,1245,1,2,0,0,0,0,0,3,3,0,1,3,,N,,,,,,,,,,,
2006054637,1437.0,1,0,0,0,0,0,0,0,0,4,0,,67,4,2006,3,40.0235,-75.1335,1437.0,6,0,0,0,0,0,0,0,0,,0,0,0,14,1,3,1,,0.0,40 01:26.000,,0,75 07:59.381,4,0,0,0,67301,0,0,0,N,0,0,0,5,67301,3,,1,1,,N,N,,0,,0,0,1,0,0,,1437,3,3,0,0,0,0,0,3,4,1,3,3,,N,,,,,,,,,,,
2006054647,2204.0,2,0,0,0,0,0,0,0,0,4,0,,67,4,2006,6,,,2204.0,6,0,0,0,1,0,1,0,0,,0,0,0,22,3,1,2,,0.0,,,0,,4,0,0,0,67301,0,0,0,N,0,0,0,4,67301,1,,1,9,,N,N,,0,,0,0,0,0,0,,2204,1,2,0,0,0,0,0,3,3,0,2,7,,N,,,,,,,,,,,
2006096539,1213.0,1,0,0,0,0,0,0,0,0,4,0,,67,6,2006,4,40.0143,-75.1781,1209.0,6,0,0,0,0,0,0,0,0,,0,0,0,11,1,1,1,,0.0,40 00:51.570,,0,75 10:41.163,4,0,0,0,67301,0,0,0,N,0,0,0,3,67301,1,,1,1,,N,N,,0,,0,0,1,3,2,,1100,1,2,0,0,0,0,0,3,4,0,2,3,,N,,,,,,,,,,,
2006096652,1025.0,1,0,0,0,0,0,0,0,0,4,0,,67,8,2006,3,40.0353,-75.0252,1020.0,6,0,0,0,0,0,0,0,0,,0,0,0,10,1,4,1,,0.0,40 02:07.000,,0,75 01:30.753,4,0,0,0,67301,0,0,0,N,0,0,0,5,67301,4,,1,1,,N,N,,1,,0,0,1,3,2,,1016,4,3,0,0,5,0,0,3,4,0,3,3,,N,,,,,,,,,,,
2006104253,9999.0,4,0,0,0,0,0,0,0,0,9,1,,67,8,2006,5,40.0371,-75.014,9999.0,6,0,0,0,0,0,0,0,0,1.0,0,1,0,99,1,2,0,,2.0,40 02:14.000,2.0,0,75 00:47.057,4,0,0,0,67301,0,0,0,N,0,0,0,6,67301,2,,1,1,,N,N,,0,,0,0,0,0,0,N,9999,2,5,0,0,0,0,0,3,4,0,5,3,,N,,,,,,,,,,,
2006101822,127.0,0,0,0,0,0,0,0,0,0,8,0,,67,9,2006,7,,,115.0,6,0,0,0,0,0,0,0,0,,0,0,0,1,3,1,0,,0.0,,,0,,3,0,0,0,67301,1,0,0,N,1,0,0,2,67301,0,,1,9,,N,N,,1,,1,0,0,0,0,,115,1,2,0,0,1,0,0,3,3,0,1,7,,N,,,,,,,,,,,
2006125766,140.0,1,0,0,0,0,0,0,0,0,7,0,,67,10,2006,6,39.9638,-75.1843,135.0,6,0,0,0,0,0,0,0,0,1.0,0,0,0,1,3,0,1,,1.0,39 57:41.000,3.0,0,75 10:57.282,0,0,0,0,67301,0,0,0,N,0,0,0,1,67301,0,,3,9,,N,N,,0,,0,0,0,3,4,N,135,0,1,0,0,0,0,0,3,4,0,1,7,,N,,,,,,,,,,,
2006102840,305.0,2,0,0,0,0,0,0,0,0,5,0,,67,9,2006,7,40.0205,-75.0509,303.0,6,0,0,0,0,0,0,0,0,,0,0,0,3,3,4,1,,0.0,40 01:13.918,,0,75 03:03.260,4,0,0,0,67301,0,0,0,N,0,0,0,4,67301,4,,1,1,,N,N,,0,,0,0,0,9,3,,303,4,2,0,0,0,0,0,3,4,0,2,3,,N,,,,,,,,,,,
2006102842,1253.0,1,0,0,1,0,0,0,0,0,4,0,,67,9,2006,7,,,1248.0,6,0,0,0,0,0,0,0,0,,0,0,0,11,1,1,0,,0.0,,,0,,4,0,0,0,67301,1,0,0,N,0,0,0,3,67301,1,,1,1,,N,N,,0,,0,0,0,3,3,,1152,1,2,0,0,0,0,0,3,3,0,1,3,,N,,,,,,,,,,,
2006065994,1901.0,1,0,0,1,0,0,0,0,0,4,0,,67,5,2006,4,39.9979,-75.1043,1815.0,6,0,0,0,0,0,0,1,0,,0,0,0,18,1,1,0,,0.0,39 59:52.515,,0,75 06:15.454,8,0,0,0,67301,1,0,0,N,0,0,0,2,67301,0,,1,1,,N,N,,0,,0,0,0,0,0,,1815,1,2,0,0,0,1,0,3,4,0,1,3,,N,,,,,,,,,,,
2006080553,1913.0,2,0,0,0,0,0,0,0,0,1,0,,67,6,2006,2,40.0827,-75.0916,1906.0,6,0,0,0,0,0,0,0,0,,0,0,0,19,4,1,0,,0.0,40 04:57.633,,0,75 05:29.796,8,0,0,0,67301,0,0,0,N,0,0,0,3,67301,0,,1,1,,N,N,,0,,0,0,0,0,0,,1906,1,2,0,0,0,1,0,3,4,0,2,3,,N,,,,,,,,,,,
2006080268,1748.0,1,0,0,0,0,0,0,0,0,4,0,,67,7,2006,3,39.9809,-75.2465,1748.0,6,0,1,0,0,0,1,0,0,2.0,0,0,0,17,1,5,1,,2.0,39 58:51.000,7.0,0,75 14:47.882,8,0,0,0,67301,1,0,0,N,1,0,0,5,67301,0,,1,1,,N,N,,1,,0,0,0,3,2,Y,1747,5,3,0,0,2,5,0,3,4,0,2,3,,N,,,,,,,,,,,
2006080277,1639.0,1,0,0,0,0,0,0,0,0,1,0,,67,7,2006,3,40.1065,-74.9989,1633.0,6,0,0,0,0,0,1,1,0,2.0,0,0,0,16,1,0,2,,1.0,40 06:23.000,2.0,0,74 59:55.455,0,0,0,0,67301,0,0,0,N,0,0,0,3,67301,0,,1,1,,N,N,,0,,0,0,2,3,2,N,1633,0,3,0,0,0,0,0,3,4,0,3,3,,N,,,,,,,,,,,
2006083175,1330.0,2,0,0,0,0,0,0,0,0,4,0,,67,7,2006,3,40.0473,-75.1677,1330.0,6,0,0,0,0,0,0,0,1,,0,0,0,13,1,2,1,,0.0,40 02:50.000,,0,75 10:03.964,3,0,0,0,67301,0,0,0,N,0,0,0,2,67301,1,,7,1,,N,N,,0,,1,0,0,0,0,,1330,2,2,0,0,0,0,0,3,4,0,2,98,,N,,,,,,,,,,,
2006021612,1820.0,2,0,0,0,0,0,0,0,0,4,0,,67,1,2006,2,39.9252,-75.1472,1820.0,6,0,0,0,0,0,1,0,0,1.0,0,0,0,18,3,0,0,,2.0,39 55:18.000,2.0,0,75 08:52.660,0,0,0,0,67301,0,0,0,N,0,0,0,2,67301,0,,1,1,,N,N,,0,,0,0,0,0,0,N,1820,0,2,0,0,0,0,0,3,4,0,2,3,,N,,,,,,,,,,,
2006103537,108.0,2,0,0,0,0,0,0,0,0,5,0,,67,8,2006,6,40.0145,-75.0555,105.0,6,0,0,1,0,0,1,0,0,2.0,0,0,0,1,3,1,0,,2.0,40 00:52.000,2.0,0,75 03:19.933,4,0,0,0,67301,0,0,0,,0,0,0,3,67301,1,,1,1,,,,,0,,0,0,0,0,0,N,100,1,2,0,0,0,0,0,3,4,0,2,3,,N,,,,,,,,,,,
2006125466,1404.0,1,0,0,1,0,0,0,0,0,4,0,,67,11,2006,4,40.0205,-75.0537,1404.0,6,0,0,0,0,0,1,0,0,9.0,0,0,0,13,1,1,1,,1.0,40 01:13.000,2.0,0,75 03:13.463,4,0,0,0,67301,1,0,0,N,0,0,0,2,67301,1,,1,1,,N,N,,0,,0,0,0,3,2,N,1359,1,2,0,0,0,0,0,3,4,0,1,3,,N,,,,,,,,,,,
2006125486,1715.0,1,0,0,0,0,0,0,0,0,4,0,,67,11,2006,6,40.0542,-75.1463,1709.0,6,0,0,0,0,0,2,0,0,,0,0,0,17,2,3,1,,0.0,40 03:15.202,,0,75 08:46.780,4,0,0,0,67301,0,0,0,N,0,0,0,3,67301,3,,1,1,,N,N,,0,,0,0,1,9,3,,1700,3,2,0,0,2,0,0,3,4,0,2,3,,N,,,,,,,,,,,
2006095458,1645.0,0,0,0,1,0,0,0,0,0,4,0,,67,7,2006,6,,,1645.0,6,0,0,0,0,0,0,0,0,,0,0,0,16,1,1,1,,0.0,,,0,,8,0,0,0,67301,1,0,0,N,0,0,0,2,67301,0,,1,1,,N,N,,0,,0,0,1,3,3,,1644,1,2,0,0,0,1,0,3,3,0,1,3,,N,,,,,,,,,,,
2006082564,935.0,1,0,0,0,0,0,0,0,0,5,0,,67,6,2006,7,,,930.0,6,0,0,0,0,0,0,0,0,,0,0,0,9,1,1,1,,0.0,,,0,,8,0,0,0,67301,0,0,0,N,0,0,0,2,67301,0,,1,9,,N,N,,0,,0,0,0,3,3,,930,1,2,0,0,0,1,1,3,3,0,2,7,,N,,,,,,,,,,,
2006125374,1340.0,1,0,0,0,0,0,0,0,0,5,0,,67,10,2006,2,,,1332.0,6,0,0,0,0,0,1,0,0,,0,0,0,13,1,2,0,,0.0,,,0,,8,0,0,0,67301,0,0,0,N,0,0,0,3,67301,0,,1,1,,N,N,,1,,0,0,0,0,0,,1330,2,2,0,0,0,2,0,3,3,0,2,3,,N,,,,,,,,,,,
2006125384,858.0,2,0,0,0,0,0,0,0,0,4,0,,67,10,2006,6,40.0417,-75.0644,858.0,6,0,0,0,0,0,0,0,0,1.0,0,0,0,8,1,1,1,,1.0,40 02:30.078,5.0,0,75 03:51.754,4,0,0,0,67301,0,0,0,,0,0,0,4,67301,1,,1,1,,N,N,,0,,0,0,1,3,2,N,858,1,4,0,0,0,0,0,3,4,1,4,3,,N,,,,,,,,,,,
2006082637,234.0,2,0,0,0,0,0,0,0,0,6,0,,67,6,2006,5,40.0272,-75.1512,232.0,6,0,0,0,0,0,0,0,0,,0,0,0,2,3,1,1,,0.0,40 01:37.801,,0,75 09:04.478,4,0,0,0,67301,0,0,0,N,0,0,0,3,67301,1,,1,1,,N,N,,0,,0,0,0,2,2,,230,1,2,0,0,0,0,0,3,4,0,2,3,,N,,,,,,,,,,,
2006065587,1412.0,1,0,0,0,0,0,1,0,0,4,1,,67,5,2006,6,40.0034,-75.1666,1411.0,6,0,0,0,0,0,0,0,1,,0,0,0,14,1,1,0,,0.0,40 00:12.000,,0,75 10:00.119,8,0,0,0,67301,0,0,0,,0,0,0,2,67301,0,,1,1,,,,,0,,0,0,0,0,0,,1406,1,2,0,0,0,1,1,3,4,0,2,3,,N,,,,,,,,,,,
2006065808,1150.0,0,0,0,0,0,0,0,0,0,5,0,,67,5,2006,6,39.9553,-75.1629,1135.0,6,0,0,0,1,0,0,0,0,,0,0,0,11,1,1,1,,0.0,39 57:19.000,,0,75 09:45.961,4,0,0,0,67301,0,0,0,N,0,0,0,4,67301,1,,1,1,,N,N,,1,,0,0,0,0,0,,1130,1,2,0,0,0,0,0,3,4,1,2,3,,N,,,,,,,,,,,
2006112852,1557.0,2,0,0,0,0,0,0,0,0,1,0,,67,10,2006,3,39.909,-75.2419,1550.0,6,0,0,1,0,0,0,1,0,,0,0,0,15,1,2,2,,0.0,39 54:32.000,,0,75 14:30.689,8,0,0,0,67301,0,0,0,N,0,0,0,5,67301,0,,1,1,,N,N,,0,,0,0,0,3,2,,1530,2,2,0,0,0,2,1,3,4,0,2,3,,N,,,,,,,,,,,
2006125404,955.0,1,0,0,0,0,0,0,0,0,5,0,,67,10,2006,7,40.0012,-75.0972,950.0,6,0,0,0,0,0,0,0,0,,0,0,0,9,1,0,2,,0.0,40 00:04.157,,0,75 05:49.913,0,0,0,0,67301,0,0,0,N,0,0,0,2,67301,0,,1,9,,N,N,,0,,0,0,1,3,3,,950,0,2,0,0,0,0,0,3,4,0,2,7,,N,,,,,,,,,,,
2006125424,1655.0,2,0,0,0,0,0,0,0,0,1,0,,67,10,2006,4,,,1654.0,6,0,0,0,0,0,0,0,0,,0,0,0,16,1,2,0,,0.0,,,0,,3,0,0,0,67301,0,0,0,N,0,0,0,3,67301,0,,1,1,,N,N,,0,,1,0,0,0,0,,1650,2,2,0,0,0,1,0,3,3,0,2,3,,N,,,,,,,,,,,
2006125434,1446.0,0,0,0,0,0,0,0,0,0,4,0,,67,10,2006,4,,,1441.0,6,0,0,0,0,0,1,0,0,,0,0,0,99,1,2,1,,0.0,,,0,,8,0,0,0,67301,0,0,0,N,0,0,0,2,67301,0,,1,1,,N,N,,0,,0,0,1,3,2,,9999,2,2,0,0,0,2,0,3,3,1,2,3,,N,,,,,,,,,,,
2006124264,848.0,1,0,0,0,0,0,0,0,0,4,0,,67,10,2006,2,40.0153,-75.1499,843.0,6,0,0,0,0,0,0,0,0,,0,0,0,8,1,3,1,,0.0,40 00:55.000,,0,75 09:00.221,4,0,0,0,67301,0,0,0,N,0,0,0,4,67301,3,,1,1,,N,N,,0,,0,0,2,3,2,,840,3,3,0,0,0,0,1,3,4,0,3,3,,N,,,,,,,,,,,
2006124396,1022.0,2,0,0,0,0,0,0,0,0,6,0,,67,10,2006,4,40.0659,-75.1765,1015.0,6,0,0,0,0,0,0,1,0,,0,0,0,10,1,1,1,,0.0,40 03:57.000,,0,75 10:35.461,3,0,0,0,67301,0,0,0,N,0,0,0,4,67301,0,,1,9,,N,N,,0,,1,0,0,9,3,,1013,1,2,0,0,0,0,1,3,4,0,2,3,,N,,,,,,,,,,,
2006124256,1335.0,1,0,0,0,0,0,0,0,0,1,0,,67,10,2006,4,39.9913,-75.1008,1330.0,6,0,0,0,0,0,1,0,0,2.0,0,0,0,13,1,3,0,,1.0,39 59:28.000,1.0,0,75 06:02.987,4,0,0,0,67301,0,0,0,N,0,0,0,3,67301,1,,1,1,,N,N,,1,,0,0,0,0,0,N,1315,3,2,0,0,0,2,0,3,4,0,2,3,,N,,,,,,,,,,,
2006124262,2150.0,2,0,0,0,0,0,0,0,0,5,0,,67,10,2006,2,40.0506,-75.077,2150.0,6,0,0,0,0,0,0,0,0,,0,0,0,21,3,0,0,,0.0,40 03:02.026,,0,75 04:37.142,0,0,0,0,67301,0,0,0,N,0,0,0,1,67301,0,,1,1,,N,N,,0,,0,0,0,0,0,,2138,0,2,0,0,0,0,0,3,4,0,2,3,,N,,,,,,,,,,,
2006115114,1555.0,0,0,0,0,0,0,0,0,0,1,0,,67,10,2006,6,39.9941,-75.1544,1547.0,6,0,0,0,0,0,0,0,0,1.0,0,0,0,15,1,2,0,,1.0,39 59:38.000,1.0,0,75 09:16.236,8,0,0,0,67301,0,0,0,,0,0,0,4,67301,0,,1,1,,,,,0,,0,0,0,0,0,N,1535,2,3,0,0,0,2,0,3,4,2,3,3,,N,,,,,,,,,,,
2006114728,1905.0,1,0,0,0,0,0,0,0,0,8,0,,67,10,2006,1,40.0668,-75.1608,1900.0,6,0,0,0,0,0,0,1,0,,0,0,0,17,1,1,1,,0.0,40 04:00.354,,0,75 09:39.031,4,0,0,0,67301,1,0,0,N,1,0,0,2,67301,1,,1,1,,N,N,,0,,0,0,0,3,3,,1715,1,2,0,0,0,0,0,3,4,0,1,3,,N,,,,,,,,,,,
2006126830,1732.0,1,0,0,1,0,1,0,0,0,4,0,,67,11,2006,7,39.9949,-75.1367,1728.0,6,0,0,0,0,0,1,0,0,,0,0,0,17,3,1,2,,0.0,39 59:41.481,,0,75 08:12.040,2,0,0,0,67301,1,0,1,N,0,0,0,2,67301,0,,1,1,,N,N,,0,,0,1,0,3,3,,1725,1,2,0,0,0,0,0,3,4,0,1,3,,N,,,,,,,,,,,
2006093449,2155.0,1,0,0,1,0,0,0,0,0,8,0,,67,7,2006,2,,,2150.0,6,0,0,0,0,0,0,0,0,,0,0,0,21,3,1,1,,0.0,,,0,,4,0,0,0,67301,1,0,0,N,0,0,0,2,67301,1,,1,1,,N,N,,0,,0,0,0,0,0,,2148,1,2,0,0,0,0,0,3,3,0,1,3,,N,,,,,,,,,,,
2006093463,1815.0,1,0,0,0,0,0,0,0,0,4,0,,67,8,2006,6,,,1812.0,6,0,0,1,0,0,0,0,0,,0,0,0,18,1,1,0,,0.0,,,0,,3,0,0,1,67301,0,0,0,N,0,0,0,5,67301,0,,6,1,,N,N,,0,,1,0,0,0,0,,1812,1,2,0,0,0,0,0,3,3,0,2,3,,N,,,,,,,,,,,
2006093622,27.0,1,0,0,0,0,0,0,0,0,1,0,,67,8,2006,5,,,22.0,6,0,0,0,0,0,1,1,0,1.0,0,0,0,0,3,1,0,,1.0,,2.0,0,,4,0,0,1,67301,0,0,0,N,0,0,0,2,67301,1,,1,1,,N,N,,0,,0,0,0,0,0,N,18,1,2,0,0,0,0,0,3,3,0,2,3,,N,,,,,,,,,,,
2006093855,329.0,1,0,0,0,0,0,0,0,0,7,0,,67,7,2006,6,39.9616,-75.2245,325.0,6,0,0,1,0,0,0,0,0,,0,0,0,3,3,0,2,,0.0,39 57:41.000,,0,75 13:28.301,0,0,0,0,67301,0,0,0,N,0,0,0,1,67301,0,,5,1,,N,N,,0,,0,0,0,9,2,,325,0,1,0,0,0,0,0,3,4,0,1,3,,N,,,,,,,,,,,
2006081038,1057.0,0,0,0,0,0,0,0,0,0,8,0,,67,7,2006,7,39.9847,-75.1323,1057.0,6,0,0,0,0,0,0,0,0,,0,0,0,10,1,1,5,,0.0,39 59:04.000,,0,75 07:56.035,4,0,0,0,67301,1,0,0,N,1,0,0,2,67301,1,,1,1,,N,N,,1,,0,0,0,3,2,,1055,1,2,0,0,0,0,0,3,4,0,1,3,,N,,,,,,,,,,,
2006081431,159.0,0,0,0,0,0,0,0,0,0,7,0,,67,5,2006,3,,,155.0,6,0,0,0,1,0,0,0,0,2.0,0,0,0,1,3,1,0,,2.0,,3.0,0,,3,0,0,0,67301,0,0,0,N,0,0,0,1,67301,0,,2,9,,N,N,,0,,1,0,1,0,0,N,153,1,1,0,0,0,0,0,3,3,0,1,3,5.0,N,,,,,,,,,,,
2006081616,230.0,1,0,0,0,0,0,0,0,0,7,0,,67,7,2006,1,,,224.0,6,0,0,0,0,0,0,0,0,,0,0,0,2,3,1,0,,0.0,,,0,,3,0,0,0,67301,0,0,0,N,0,0,0,3,67301,0,,3,1,,N,N,,0,,1,0,0,3,4,,210,1,2,0,0,3,0,1,3,3,0,1,3,,N,,,,,,,,,,,
2006113268,1926.0,2,0,0,0,0,0,0,0,0,4,0,,67,9,2006,5,40.0399,-75.0628,1926.0,6,0,0,0,0,0,0,0,0,,0,0,0,18,1,1,1,,0.0,40 02:23.665,,0,75 03:46.259,4,0,0,0,67301,0,0,0,N,0,0,0,4,67301,1,,1,1,,N,N,,0,,0,0,0,3,3,,1800,1,2,0,0,0,0,0,3,4,0,2,3,,N,,,,,,,,,,,
2006113309,2127.0,2,0,0,0,0,0,0,0,0,1,0,,67,10,2006,7,39.9585,-75.2252,2110.0,6,0,0,0,0,0,0,0,0,,0,0,0,21,3,1,1,,0.0,39 57:30.000,,0,75 13:30.707,4,0,0,0,67301,0,0,0,N,0,0,0,3,67301,1,,1,1,,N,N,,0,,0,0,0,3,2,,2100,1,2,0,0,0,0,1,3,4,0,2,3,,N,,,,,,,,,,,
2006104282,1740.0,2,0,0,0,0,0,0,0,0,7,0,,67,9,2006,1,40.0435,-75.0278,1728.0,6,0,0,0,0,0,0,0,0,,0,0,0,99,1,0,2,,0.0,40 02:36.675,,0,75 01:39.903,0,0,0,0,67301,0,0,0,N,0,0,0,1,67301,0,,2,1,,N,N,,0,,0,0,0,0,0,,9999,0,2,0,0,0,0,0,3,4,0,2,3,,N,,,,,,,,,,,
2006104322,1930.0,0,0,0,0,0,0,0,0,0,7,0,,67,8,2006,3,40.0529,-75.0499,1928.0,6,0,0,0,0,0,0,0,0,,0,0,0,99,5,2,0,,0.0,40 03:10.000,,0,75 02:59.866,8,0,0,0,67301,0,0,0,,0,0,0,2,67301,0,,5,1,,N,N,,0,,0,0,1,0,0,,9999,2,1,0,0,0,2,0,3,4,0,1,3,,N,,,,,,,,,,,
2006104325,815.0,2,0,0,0,0,0,0,0,0,4,0,,67,9,2006,7,,,810.0,6,0,0,0,0,0,0,0,0,,0,0,0,7,1,1,7,,0.0,,,2,,3,0,0,0,67301,0,0,0,N,0,0,0,5,67301,0,,7,1,,N,N,,0,,1,0,0,3,2,,715,1,2,0,0,0,0,0,3,3,0,2,3,,N,,,,,,,,,,,
2006101903,1420.0,1,0,0,0,0,0,0,0,0,2,0,,67,9,2006,7,40.0581,-75.043,1415.0,6,0,0,0,0,0,0,0,0,,0,0,0,14,1,2,1,,0.0,40 03:29.000,,0,75 02:35.310,4,0,0,0,67301,0,0,0,N,0,0,0,4,67301,2,,1,1,,N,N,,1,,0,0,0,3,3,,1410,2,2,0,0,1,0,0,3,4,0,2,3,,N,,,,,,,,,,,
2006125769,620.0,0,0,0,0,0,0,1,0,0,1,1,,67,9,2006,5,39.9162,-75.1665,610.0,6,0,0,0,0,0,2,0,0,,0,1,0,6,3,1,0,,0.0,39 54:58.000,,0,75 09:59.638,8,0,0,0,67301,0,0,0,N,0,0,0,4,67301,0,,1,9,,N,N,,0,,0,0,0,0,0,,604,1,2,0,0,0,1,0,3,4,0,2,7,,N,,,,,,,,,,,
2006102835,1801.0,1,0,0,0,0,0,0,0,0,2,0,,67,9,2006,2,,,1749.0,6,0,0,0,0,0,0,0,0,,0,0,0,17,1,1,1,,0.0,,,0,,4,0,0,0,67301,0,0,0,N,0,0,0,2,67301,1,,1,1,,N,N,,1,,0,0,0,3,3,,1750,1,2,0,0,0,0,0,3,3,0,2,3,,N,,,,,,,,,,,
2006102853,1858.0,2,0,0,0,0,0,0,0,0,6,0,,67,9,2006,5,,,1856.0,6,0,0,0,0,0,0,0,0,,0,0,0,18,3,2,1,,0.0,,,0,,4,0,0,0,67301,0,0,0,N,0,0,0,3,67301,2,,1,9,,N,N,,0,,0,0,0,3,3,,1856,2,2,0,0,0,0,0,3,3,0,2,7,,N,,,,,,,,,,,
2006097879,2242.0,2,0,0,0,0,0,0,0,0,1,0,,67,8,2006,6,,,2240.0,6,0,0,0,0,0,1,0,0,,0,0,0,22,3,2,0,,0.0,,,0,,8,0,0,0,67301,0,0,0,N,0,0,0,2,67301,0,,1,1,,N,N,,0,,0,0,0,3,8,,2239,2,2,0,0,0,2,0,3,3,0,2,3,,N,,,,,,,,,,,
2006080666,1945.0,1,0,0,0,0,0,0,0,0,8,0,,67,5,2006,7,39.9825,-75.1095,1940.0,6,0,0,0,0,0,0,0,0,,0,0,0,19,1,1,1,,0.0,39 58:57.162,,0,75 06:34.235,4,0,0,0,67301,1,0,0,N,1,0,0,2,67301,1,,1,1,,N,N,,0,,0,0,0,3,3,,1937,1,2,0,0,0,0,0,3,4,0,1,3,,N,,,,,,,,,,,
2006080265,854.0,2,0,0,0,0,0,0,0,0,4,0,,67,5,2006,7,40.0088,-75.1386,854.0,6,0,0,0,0,0,0,0,0,,0,0,0,8,1,1,1,,0.0,40 00:31.603,,0,75 08:18.898,4,0,0,0,67301,0,0,0,N,0,0,0,1,67301,1,,1,1,,N,N,,0,,0,0,0,3,2,,849,1,2,0,0,1,0,0,3,4,0,2,3,,N,,,,,,,,,,,
2006083112,1315.0,1,0,0,0,0,0,0,0,0,7,0,,67,7,2006,5,,,1317.0,6,0,0,0,0,0,0,0,0,,0,0,0,13,1,1,2,,0.0,,,0,,8,0,0,0,67301,0,0,0,N,0,0,0,1,67301,0,,5,1,,N,N,,0,,0,0,0,3,3,,1315,1,1,0,0,0,1,0,3,3,0,1,3,,N,,,,,,,,,,,
2006083012,1818.0,1,0,0,0,0,0,0,0,0,1,0,,67,7,2006,7,,,810.0,6,0,0,0,1,0,0,0,0,,0,0,0,18,1,1,0,,0.0,,,0,,4,0,0,1,67301,0,0,0,N,0,0,0,1,67301,1,,1,1,,N,N,,0,,0,0,0,0,0,,1816,1,2,0,0,0,0,0,3,3,0,2,3,,N,,,,,,,,,,,
2006080841,52.0,2,0,0,0,0,0,0,0,0,1,0,,67,6,2006,6,,,45.0,6,0,0,0,0,0,0,0,0,,0,0,0,0,3,2,0,,0.0,,,0,,8,0,0,0,67301,0,0,0,N,0,0,0,6,67301,0,,1,9,,N,N,,0,,0,0,0,3,2,,42,2,2,0,0,0,2,0,3,3,0,2,7,,N,,,,,,,,,,,
2006103116,1525.0,0,0,0,0,0,0,0,0,0,7,0,,67,8,2006,1,40.0253,-75.1235,1524.0,6,0,0,0,0,0,0,0,0,,0,0,0,15,1,3,1,,0.0,40 01:31.152,,0,75 07:24.779,4,0,0,0,67301,0,0,0,N,0,0,0,3,67301,3,,2,1,,N,N,,1,,0,0,0,3,3,,1501,3,1,0,0,0,0,0,3,4,0,1,3,,N,,,,,,,,,,,