CRN,ARRIVAL_TM,AUTOMOBILE_COUNT,BELTED_DEATH_COUNT,BELTED_SUSP_SERIOUS_INJ_COUNT,BICYCLE_COUNT,BICYCLE_DEATH_COUNT,BICYCLE_SUSP_SERIOUS_INJ_COUNT,BUS_COUNT,CHLDPAS_DEATH_COUNT,CHLDPAS_SUSP_SERIOUS_INJ_COUNT,COLLISION_TYPE,COMM_VEH_COUNT,CONS_ZONE_SPD_LIM,COUNTY,CRASH_MONTH,CRASH_YEAR,DAY_OF_WEEK,DEC_LAT,DEC_LONG,DISPATCH_TM,DISTRICT,DRIVER_COUNT_16YR,DRIVER_COUNT_17YR,DRIVER_COUNT_18YR,DRIVER_COUNT_19YR,DRIVER_COUNT_20YR,DRIVER_COUNT_50_64YR,DRIVER_COUNT_65_74YR,DRIVER_COUNT_75PLUS,EST_HRS_CLOSED,FATAL_COUNT,HEAVY_TRUCK_COUNT,HORSE_BUGGY_COUNT,HOUR_OF_DAY,ILLUMINATION,INJURY_COUNT,INTERSECT_TYPE,INTERSECTION_RELATED,LANE_CLOSED,LATITUDE,LN_CLOSE_DIR,LOCATION_TYPE,LONGITUDE,MAX_SEVERITY_LEVEL,MCYCLE_DEATH_COUNT,MCYCLE_SUSP_SERIOUS_INJ_COUNT,MOTORCYCLE_COUNT,MUNICIPALITY,NONMOTR_COUNT,NONMOTR_DEATH_COUNT,NONMOTR_SUSP_SERIOUS_INJ_COUNT,NTFY_HIWY_MAINT,PED_COUNT,PED_DEATH_COUNT,PED_SUSP_SERIOUS_INJ_COUNT,PERSON_COUNT,POLICE_AGCY,POSSIBLE_INJ_COUNT,RDWY_SURF_TYPE_CD,RELATION_TO_ROAD,ROAD_CONDITION,ROADWAY_CLEARED,SCH_BUS_IND,SCH_ZONE_IND,SECONDARY_CRASH,SMALL_TRUCK_COUNT,SPEC_JURIS_CD,SUSP_MINOR_INJ_COUNT,SUSP_SERIOUS_INJ_COUNT,SUV_COUNT,TCD_FUNC_CD,TCD_TYPE,TFC_DETOUR_IND,TIME_OF_DAY,TOT_INJ_COUNT,TOTAL_UNITS,UNB_DEATH_COUNT,UNB_SUSP_SERIOUS_INJ_COUNT,UNBELTED_OCC_COUNT,UNK_INJ_DEG_COUNT,UNK_INJ_PER_COUNT,URBAN_AREA,URBAN_RURAL,VAN_COUNT,VEHICLE_COUNT,WEATHER1,WEATHER2,WORK_ZONE_IND,WORK_ZONE_LOC,WORK_ZONE_TYPE,WORKERS_PRES,WZ_CLOSE_DETOUR,WZ_FLAGGER,WZ_LAW_OFFCR_IND,WZ_LN_CLOSURE,WZ_MOVING,WZ_OTHER,WZ_SHLDER_MDN,WZ_WORKERS_INJ_KILLED
2006103120,1830.0,1,0,0,0,0,0,0,0,0,7,0,,67,9,2006,7,40.0991,-74.9954,1830.0,6,0,0,0,0,0,0,0,0,,0,0,0,18,1,1,0,,0.0,40 05:56.860,,0,74 59:43.497,3,0,0,0,67301,0,0,0,,0,0,0,1,67301,0,,5,1,,,,,0,,1,0,0,0,0,,1836,1,1,0,0,0,0,0,3,4,0,1,3,,N,,,,,,,,,,,
2006103855,2018.0,1,0,0,0,0,0,0,0,0,8,0,,67,8,2006,4,39.9669,-75.2299,2005.0,6,0,0,0,0,0,0,1,0,,0,0,0,0,3,1,1,,0.0,39 58:00.000,,0,75 13:47.614,4,0,0,0,67301,1,0,0,N,1,0,0,2,67301,1,,1,1,,N,N,,0,,0,0,0,3,2,,20,1,2,0,0,0,0,0,3,4,0,1,3,,N,,,,,,,,,,,
2006103887,2006.0,1,0,0,0,0,0,0,0,0,8,0,,67,9,2006,4,39.9804,-75.1709,2002.0,6,0,0,0,0,0,0,0,0,3.0,0,0,0,20,3,0,1,,2.0,39 58:49.322,2.0,0,75 10:15.323,9,0,0,0,67301,1,0,0,N,1,0,0,2,67301,0,,1,1,,N,N,,0,,0,0,0,9,3,Y,2000,0,2,0,0,0,0,1,3,4,0,1,3,,N,,,,,,,,,,,
2006125345,133.0,1,0,0,0,0,0,0,0,0,2,0,,67,11,2006,1,39.962,-75.2023,133.0,6,0,0,0,0,0,0,0,0,,0,0,0,1,3,0,0,,0.0,39 57:43.300,,0,75 12:08.100,9,0,0,0,67301,0,0,0,N,0,0,0,1,67301,0,,6,1,,N,N,,0,,0,0,1,0,0,,133,0,2,0,0,0,0,1,3,4,0,2,3,,N,,,,,,,,,,,
2006125349,1740.0,1,0,0,0,0,0,0,0,0,4,0,,67,10,2006,5,,,1735.0,6,0,0,0,0,0,1,0,0,,0,0,0,16,1,1,0,,0.0,,,0,,4,0,0,0,67301,0,0,0,N,0,0,0,2,67301,1,,1,1,,N,N,,0,,0,0,1,0,0,,1620,1,2,0,0,0,0,0,3,3,0,2,3,,N,,,,,,,,,,,
2006125361,753.0,1,0,0,0,0,0,0,0,0,6,0,,67,10,2006,3,39.973,-75.2185,741.0,6,0,0,0,0,0,0,0,0,,0,0,0,7,1,2,5,,0.0,39 58:22.000,,0,75 13:06.893,8,0,0,0,67301,0,0,0,N,0,0,0,3,67301,0,,4,1,,N,N,,0,,0,0,1,3,2,,741,2,2,0,0,0,2,0,3,4,0,2,3,,N,,,,,,,,,,,
2006125397,1850.0,1,0,0,0,0,0,1,0,0,6,1,,67,10,2006,2,,,1842.0,6,0,0,0,0,0,1,0,0,,0,0,0,18,3,2,1,,0.0,,,0,,4,0,0,0,67301,0,0,0,N,0,0,0,3,67301,2,,2,1,,N,N,,0,,0,0,0,9,2,,1810,2,2,0,0,0,0,0,3,3,0,2,3,,N,,,,,,,,,,,
2006118251,2014.0,2,0,0,0,0,0,0,0,0,4,0,,67,9,2006,5,40.0993,-74.9865,2010.0,6,0,0,0,1,0,0,0,0,1.0,0,0,0,20,3,1,0,,1.0,40 05:57.000,4.0,0,74 59:10.549,3,0,0,0,67301,0,0,0,N,0,0,0,7,67301,0,,1,1,,N,N,,0,,1,0,1,0,0,N,2005,1,3,0,0,0,0,0,3,4,0,3,3,,N,,,,,,,,,,,
2006080280,1725.0,0,0,0,0,0,0,0,0,0,8,0,,67,7,2006,2,39.9571,-75.1625,1718.0,6,0,0,0,0,0,0,0,0,,0,0,0,16,1,1,0,,0.0,39 57:25.560,,0,75 09:44.640,4,0,0,0,67301,1,0,0,,1,0,0,2,67301,1,,2,1,,N,N,,0,,0,0,1,0,0,,1615,1,2,0,0,0,0,1,3,4,0,1,3,,N,,,,,,,,,,,
2006068203,707.0,0,0,0,0,0,0,0,0,0,7,0,,67,6,2006,6,40.0039,-75.2207,9999.0,6,0,0,0,0,0,0,0,0,1.0,0,0,0,7,1,1,1,,2.0,40 00:13.000,4.0,0,75 13:14.458,4,0,0,1,67301,0,0,0,N,0,0,0,1,46104,1,,4,98,,N,N,,0,,0,0,0,3,2,N,704,1,1,0,0,0,0,0,3,4,0,1,3,,N,,,,,,,,,,,
2006112842,2052.0,1,0,0,0,0,0,0,0,0,5,0,,67,10,2006,6,40.0973,-74.9773,2048.0,6,0,0,0,0,0,0,0,0,,0,0,0,20,3,1,0,,0.0,40 05:50.437,,0,74 58:38.374,4,0,0,0,67301,0,0,0,N,0,0,0,1,67301,1,,1,1,,N,N,,0,,0,0,1,0,0,,2045,1,2,0,0,0,0,0,3,4,0,2,3,,N,,,,,,,,,,,
2006125427,940.0,1,0,0,0,0,0,0,0,0,4,0,,67,11,2006,2,40.0347,-75.0894,935.0,6,0,0,0,0,0,0,0,0,,0,0,0,9,1,1,1,,0.0,40 02:04.902,,0,75 05:21.843,4,0,0,0,67301,0,0,0,N,0,0,0,3,67301,1,,1,1,,N,N,,1,,0,0,0,3,2,,919,1,2,0,0,0,0,0,3,4,0,2,3,,N,,,,,,,,,,,
2006105150,1532.0,1,0,0,0,0,0,0,0,0,7,0,,67,9,2006,3,40.0361,-75.0648,1530.0,6,0,0,0,0,0,0,0,0,,0,0,0,15,1,1,0,,0.0,40 02:09.000,,0,75 03:53.530,4,0,0,0,67301,0,0,0,,0,0,0,1,67301,1,,4,9,,N,N,,0,,0,0,0,0,0,,1525,1,1,0,0,0,0,0,3,4,0,1,7,,N,,,,,,,,,,,
2006126815,2329.0,1,0,0,0,0,0,0,0,0,1,0,,67,11,2006,4,39.8927,-75.2229,2316.0,6,0,0,0,1,0,0,0,0,2.0,0,0,0,23,3,0,0,,1.0,39 53:22.940,4.0,3,75 14:01.053,0,0,0,0,67301,0,0,0,N,0,0,0,3,67301,0,,1,1,,N,N,,0,,0,0,1,0,0,N,2307,0,2,0,0,0,0,0,3,4,0,2,3,,N,,,,,,,,,,,
2006126836,1906.0,3,0,0,0,0,0,0,0,0,1,0,,67,11,2006,7,39.8978,-75.2115,1901.0,6,0,0,0,0,0,1,0,0,,0,0,0,19,3,4,0,,0.0,39 53:51.990,,3,75 12:41.470,8,0,0,0,67301,0,0,0,N,0,0,0,9,67301,0,,1,1,,N,N,,0,,0,0,1,0,0,,1900,4,4,0,0,0,4,0,3,4,0,4,3,,N,,,,,,,,,,,
2006123747,340.0,1,0,0,0,0,0,0,0,0,7,0,,67,10,2006,7,40.0142,-75.0562,335.0,6,0,0,0,0,0,0,0,0,1.0,0,0,0,3,3,0,0,,2.0,40 00:51.000,2.0,0,75 03:22.622,0,0,0,0,67301,0,0,0,,0,0,0,1,67301,0,,2,9,,,,,0,,0,0,0,0,0,N,332,0,1,0,0,0,0,0,3,4,0,1,7,,N,,,,,,,,,,,
2006123815,1935.0,1,0,0,0,0,0,0,0,0,7,0,,67,10,2006,4,40.0487,-74.9978,1930.0,6,0,0,1,0,0,0,0,0,1.0,0,0,0,19,3,1,0,,1.0,40 02:55.680,1.0,0,74 59:51.720,8,0,0,0,67301,0,0,0,N,0,0,0,2,67301,0,,2,1,,N,N,,0,,0,0,0,0,0,N,1925,1,1,0,0,0,1,0,3,4,0,1,3,,N,,,,,,,,,,,
2006123828,1040.0,2,0,0,0,0,0,0,0,0,2,0,,67,10,2006,2,40.028,-75.21,1032.0,6,0,0,0,0,0,0,0,1,1.0,0,0,0,10,1,2,2,,1.0,40 01:40.000,1.0,0,75 12:35.958,3,0,0,0,67301,0,0,0,N,0,0,0,2,67301,0,,1,1,,N,N,,0,,2,0,1,3,3,Y,1030,2,3,0,0,0,0,0,3,4,0,3,3,,N,,,,,,,,,,,
2006093438,1428.0,1,0,0,0,0,0,0,0,0,4,0,,67,8,2006,1,39.9281,-75.2194,1428.0,6,0,0,0,1,1,0,0,0,,0,0,0,14,1,1,1,,0.0,39 55:40.000,,0,75 13:10.366,8,0,0,0,67301,0,0,0,N,0,0,0,3,67301,0,,1,1,,N,N,,0,,0,0,1,3,2,,1400,1,2,0,0,0,1,0,3,4,0,2,3,,N,,,,,,,,,,,
2006054638,1915.0,2,0,2,0,0,0,0,0,0,4,0,,67,4,2006,1,39.9692,-75.1845,1911.0,6,0,0,0,1,0,0,0,0,,0,0,0,19,1,4,1,,0.0,39 58:09.000,,0,75 11:04.550,2,0,0,0,67301,0,0,0,N,0,0,0,6,67301,2,,1,1,,N,N,,0,,0,2,0,3,2,,1900,4,2,0,0,0,0,0,3,4,0,2,3,,N,,,,,,,,,,,
2006093856,1050.0,1,0,0,0,0,0,0,0,0,5,0,,67,8,2006,4,39.9747,-75.1993,1046.0,6,0,0,0,0,0,1,0,0,,0,0,0,10,1,1,0,,0.0,39 58:28.000,,0,75 11:56.695,4,0,0,0,67301,0,0,0,N,0,0,0,16,67301,1,,1,1,,N,N,,0,,0,0,0,3,2,,1040,1,2,0,0,0,0,0,3,4,0,2,3,,N,,,,,,,,,,,
2006093857,2136.0,1,0,0,0,0,0,0,0,0,8,0,,67,8,2006,6,39.9998,-75.1263,2133.0,6,0,0,0,0,0,0,0,0,,0,0,0,21,3,1,2,,0.0,39 59:59.438,,0,75 07:34.525,4,0,0,0,67301,1,0,0,N,1,0,0,2,67301,1,,1,1,,N,N,,0,,0,0,0,9,3,,2100,1,2,0,0,0,0,0,3,4,0,1,3,,N,,,,,,,,,,,
2006081002,1900.0,0,0,0,1,0,0,0,0,0,4,0,,67,6,2006,1,40.0979,-74.9834,1856.0,6,0,0,0,0,0,0,0,0,,0,0,0,18,1,1,2,,0.0,40 05:52.321,,0,74 59:00.164,4,0,0,0,67301,1,0,0,N,0,0,0,2,67301,1,,1,1,,N,N,,0,,0,0,1,0,0,,1845,1,2,0,0,0,0,0,3,4,0,1,3,,N,,,,,,,,,,,
2006081356,1810.0,1,0,0,0,0,0,0,0,0,4,0,,67,7,2006,6,,,1805.0,6,0,0,1,0,0,0,0,0,,0,0,0,17,1,1,0,,0.0,,,7,,4,0,0,0,67301,0,0,0,N,0,0,0,3,67301,1,,1,1,,N,N,,1,,0,0,0,9,2,,1755,1,2,0,0,0,0,0,3,3,0,2,3,,N,,,,,,,,,,,
2006081374,1745.0,1,0,0,0,0,0,0,0,0,8,0,,67,7,2006,3,39.975,-75.2392,1742.0,6,0,0,0,0,0,0,0,0,,0,0,0,99,1,1,0,,0.0,39 58:29.877,,0,75 14:21.217,4,0,0,0,67301,1,0,0,N,1,0,0,2,67301,1,,1,1,,N,N,,0,,0,0,0,0,0,,9999,1,2,0,0,0,0,0,3,4,0,1,3,,N,,,,,,,,,,,
2006081519,156.0,2,0,0,0,0,0,0,0,0,4,0,,67,5,2006,3,39.9641,-75.1745,155.0,6,0,0,0,0,0,0,0,0,,0,0,0,1,3,1,1,,0.0,39 57:50.000,,0,75 10:28.235,3,0,0,0,67301,0,0,0,N,0,0,0,8,67301,0,,1,1,,N,N,,0,,1,0,0,3,2,,155,1,2,0,0,2,0,0,3,4,0,2,3,,N,,,,,,,,,,,
2006081597,100.0,2,0,0,0,0,0,0,0,0,4,0,,67,7,2006,2,40.0203,-75.1628,57.0,6,1,0,0,0,0,0,0,0,,0,0,0,0,3,2,2,,0.0,40 01:12.000,,0,75 09:46.204,4,0,0,0,67301,0,0,0,N,0,0,0,3,67301,2,,1,1,,N,N,,0,,0,0,0,0,0,,57,2,2,0,0,0,0,0,3,4,0,2,3,,N,,,,,,,,,,,
2006081602,2032.0,0,0,0,0,0,0,0,0,0,8,0,,67,7,2006,6,40.0216,-75.1651,2030.0,6,0,0,0,0,0,1,0,0,,0,0,0,20,4,1,1,,0.0,40 01:17.857,,0,75 09:54.435,4,0,0,0,67301,1,0,0,N,1,0,0,2,67301,1,,1,1,,N,N,,0,,0,0,0,3,3,,2030,1,2,0,0,0,0,0,3,4,1,1,3,,N,,,,,,,,,,,
2006113318,2015.0,3,0,0,0,0,0,0,0,0,4,0,,67,9,2006,6,39.9296,-75.1976,2000.0,6,0,0,0,0,0,1,0,0,1.0,0,0,0,20,3,1,0,,1.0,39 55:48.000,4.0,0,75 11:53.768,4,0,0,0,67301,0,0,0,N,0,0,0,3,67301,1,,1,1,,N,N,,0,,0,0,0,0,0,N,2000,1,3,0,0,0,0,0,3,4,0,3,3,,N,,,,,,,,,,,
2006103693,2114.0,1,0,0,0,0,0,0,0,0,8,0,,67,8,2006,6,,,2107.0,6,0,0,0,0,0,0,0,0,,0,0,0,21,3,1,0,,0.0,,,0,,2,0,0,0,67301,1,0,1,N,1,0,1,2,67301,0,,1,1,,N,N,,0,,0,1,0,0,0,,2106,1,2,0,0,0,0,0,3,3,0,1,3,,N,,,,,,,,,,,
2006106560,2120.0,0,0,0,0,0,0,0,0,0,4,0,,67,8,2006,4,40.0321,-75.1462,2120.0,6,0,0,0,1,0,0,0,0,,0,0,0,21,3,4,1,,0.0,40 01:55.000,,0,75 08:46.721,4,0,0,0,67301,0,0,0,,0,0,0,6,67301,1,,1,1,,,,,1,,0,0,0,2,2,,2118,4,2,0,0,0,3,0,3,4,1,2,3,,N,,,,,,,,,,,
2006104238,1527.0,1,0,0,0,0,0,0,0,0,1,0,,67,9,2006,4,39.9538,-75.1751,1525.0,6,0,0,1,0,0,0,0,0,,0,0,0,15,1,1,1,,0.0,39 57:13.000,,0,75 10:30.675,8,0,0,0,67301,0,0,0,N,0,0,0,3,67301,0,,1,1,,N,N,,0,,0,0,1,3,2,,1510,1,2,0,0,0,1,0,3,4,0,2,3,,N,,,,,,,,,,,
2006104264,1814.0,1,0,0,0,0,0,0,0,0,1,0,,67,8,2006,1,40.0551,-75.1577,1812.0,6,0,0,0,0,0,1,0,0,,0,0,0,18,1,1,1,,0.0,40 03:18.000,,0,75 09:27.958,4,0,0,0,67301,0,0,0,,0,0,0,2,67301,1,,1,1,,,,,0,,0,0,0,3,2,,1812,1,2,0,0,0,0,1,3,4,1,2,3,,N,,,,,,,,,,,
2006065988,2056.0,2,0,0,0,0,0,0,0,0,4,0,,67,5,2006,6,40.0141,-75.1409,2045.0,6,0,0,0,0,0,0,0,0,,0,0,0,20,3,1,1,,0.0,40 00:50.918,,0,75 08:27.221,4,0,0,0,67301,0,0,0,N,0,0,0,3,67301,1,,1,1,,N,N,,0,,0,0,0,9,3,,2040,1,2,0,0,0,0,0,3,4,0,2,3,,N,,,,,,,,,,,
2006080576,910.0,1,0,0,0,0,0,0,0,0,7,0,,67,7,2006,3,40.0038,-75.0678,905.0,6,0,1,0,0,0,0,0,0,,0,0,0,9,1,1,0,,0.0,40 00:13.500,,0,75 04:04.069,8,0,0,0,67301,0,0,0,,0,0,0,1,67301,0,,4,1,,,,,0,,0,0,0,0,0,,900,1,1,0,0,0,1,0,3,4,0,1,3,,N,,,,,,,,,,,
2006080586,9.0,1,0,0,0,0,0,0,0,0,1,0,,67,5,2006,1,39.955,-75.1667,4.0,6,0,0,1,0,0,0,0,0,,0,0,0,0,3,1,5,,0.0,39 57:21.000,,0,75 10:04.217,8,0,0,3,67301,0,0,0,,0,0,0,6,67301,0,,1,1,,,,,0,,0,0,0,3,2,,4,1,4,0,0,0,1,0,3,4,0,4,3,,N,,,,,,,,,,,
2006080590,9999.0,2,0,0,0,0,0,0,0,0,4,0,,67,6,2006,2,40.0275,-75.0624,9999.0,6,0,0,0,0,0,0,0,1,,0,0,0,99,1,3,1,,0.0,40 01:38.000,,0,75 03:44.578,4,0,0,0,67301,0,0,0,N,0,0,0,3,67301,3,,1,1,,N,N,,0,,0,0,0,3,2,,9999,3,2,0,0,0,0,0,3,4,0,2,3,,N,,,,,,,,,,,
2006080679,2327.0,2,0,0,0,0,0,0,0,0,6,0,,67,4,2006,6,,,2325.0,6,0,0,0,0,0,0,0,0,2.0,0,0,0,23,3,2,1,,1.0,,3.0,0,,4,0,0,0,67301,0,0,0,N,0,0,0,3,67301,2,,1,1,,N,N,,0,,0,0,0,3,2,N,2320,2,2,0,0,2,0,0,3,3,0,2,3,,N,,,,,,,,,,,
2006080690,2355.0,2,0,0,0,0,0,0,0,0,1,0,,67,7,2006,4,40.0743,-75.0348,2348.0,6,0,0,0,0,0,1,0,1,,0,0,0,23,3,1,1,,0.0,40 04:27.120,,0,75 02:04.920,8,0,0,0,67301,0,0,0,,0,0,0,2,67301,0,,1,9,,N,N,,0,,0,0,0,9,2,,2345,1,2,0,0,0,1,0,3,4,0,2,7,,N,,,,,,,,,,,
2006082985,1515.0,2,0,0,0,0,0,0,0,0,1,0,,67,6,2006,4,39.9323,-75.1921,1512.0,6,0,0,0,0,0,0,0,0,,0,0,0,15,1,2,2,,0.0,39 55:56.186,,0,75 11:31.459,4,0,0,0,67301,1,0,0,N,0,0,0,3,67301,2,,1,9,,N,N,,0,,0,0,0,0,0,,1510,2,2,0,0,0,0,0,3,4,0,2,7,,N,,,,,,,,,,,
2006021652,40.0,2,0,0,0,0,0,0,0,0,5,0,,67,1,2006,7,39.9753,-75.2455,32.0,6,0,0,0,0,0,0,0,0,,0,0,0,20,3,1,0,,0.0,39 58:31.082,,0,75 14:43.767,4,0,0,0,67301,1,0,0,N,1,0,0,2,67301,1,,6,1,,N,N,,0,,0,0,0,0,0,,2000,1,3,0,0,0,0,1,3,4,0,2,3,,N,,,,,,,,,,,
2006103543,1630.0,3,0,0,0,0,0,0,0,0,4,0,,67,9,2006,5,40.0381,-75.0448,1625.0,6,0,0,1,0,0,0,0,1,,0,0,0,13,1,2,1,,0.0,40 02:17.019,,0,75 02:41.240,8,0,0,0,67301,0,0,0,N,0,0,0,3,67301,0,,1,9,,N,N,,0,,0,0,0,9,3,,1330,2,3,0,0,0,2,0,3,4,0,3,7,,N,,,,,,,,,,,
2006125470,916.0,1,0,0,0,0,0,0,0,0,7,0,,67,10,2006,7,40.0788,-75.0427,913.0,6,0,0,1,0,0,0,0,0,,0,0,0,9,1,1,0,,0.0,40 04:43.764,,0,75 02:33.603,3,0,0,0,67301,0,0,0,N,0,0,0,1,67301,0,,4,1,,N,N,,0,,1,0,0,0,0,,911,1,1,0,0,0,0,0,3,4,0,1,3,,N,,,,,,,,,,,
2006125481,2316.0,5,0,0,0,0,0,0,0,0,4,0,,67,10,2006,7,,,2315.0,6,0,0,0,0,0,0,0,0,,0,0,0,23,3,4,1,,0.0,,,0,,3,0,0,0,67301,0,0,0,N,0,0,0,4,67301,1,,1,1,,N,N,,0,,3,0,0,3,2,,2315,4,7,0,0,0,0,0,3,3,2,7,3,,N,,,,,,,,,,,
2006125485,1652.0,0,0,0,0,0,0,0,0,0,8,0,,67,10,2006,3,40.0368,-75.0407,1650.0,6,0,0,0,0,0,0,0,0,,0,0,0,16,4,1,1,,0.0,40 02:12.000,,0,75 02:27.049,8,0,0,0,67301,1,0,0,,1,0,0,2,67301,0,,1,1,,,,,1,,0,0,0,3,2,,1649,1,2,0,0,0,1,0,3,4,0,1,3,,N,,,,,,,,,,,
2006080098,836.0,0,0,0,0,0,0,1,0,0,8,1,,67,7,2006,3,40.0037,-75.1689,834.0,6,0,0,0,0,0,0,0,0,,0,0,0,8,1,1,1,,0.0,40 00:13.000,,0,75 10:08.533,3,0,0,0,67301,1,0,0,N,1,0,0,2,67301,0,,1,1,,N,N,,0,,1,0,0,3,2,,830,1,2,0,0,0,0,0,3,4,0,1,3,,N,,,,,,,,,,,
2006082559,1334.0,3,0,0,0,0,0,0,0,0,4,0,,67,7,2006,7,,,1331.0,6,0,0,0,0,0,0,0,0,,0,0,0,13,1,3,1,,0.0,,,0,,2,0,0,0,67301,0,0,0,N,0,0,0,3,67301,1,,2,1,,N,N,,0,,1,1,0,3,2,,1329,3,3,0,1,3,0,0,3,3,0,3,3,,N,,,,,,,,,,,
2006082570,1555.0,1,0,0,0,0,0,0,0,0,6,0,,67,6,2006,5,40.0466,-75.143,1555.0,6,0,0,0,0,0,1,0,0,,0,0,0,15,1,2,0,,0.0,40 02:47.000,,0,75 08:34.842,3,0,0,0,67301,0,0,0,N,0,0,0,2,67301,0,,1,1,,N,N,,0,,2,0,1,0,0,,1554,2,2,0,0,0,0,0,3,4,0,2,3,,N,,,,,,,,,,,
2006125315,1748.0,2,0,0,0,0,0,0,0,0,7,0,,67,10,2006,4,39.978,-75.2016,1746.0,6,0,0,0,0,0,0,0,0,2.0,0,0,0,17,1,1,0,,1.0,39 58:43.000,4.0,0,75 12:10.095,4,0,0,0,67301,0,0,0,Y,0,0,0,3,67301,1,,4,1,,N,N,,0,,0,0,0,0,0,N,1745,1,2,0,0,0,0,0,3,4,0,2,3,,N,,,,,,,,,,,
2006125370,302.0,1,0,0,0,0,0,0,0,0,7,0,,67,11,2006,4,,,300.0,6,0,0,0,0,0,0,0,0,,0,0,0,3,3,1,0,,0.0,,,0,,8,0,0,0,67301,0,0,0,N,0,0,0,2,67301,0,,2,9,,N,N,,0,,0,0,0,0,0,,300,1,1,0,0,0,1,0,3,3,0,1,7,,N,,,,,,,,,,,
2006082628,1230.0,2,0,0,0,0,0,0,0,0,1,0,,67,7,2006,6,,,9999.0,6,0,0,0,0,0,0,0,0,,0,0,0,12,1,1,0,,0.0,,,0,,8,0,0,0,67301,0,0,0,N,0,0,0,2,67301,0,,1,1,,N,N,,0,,0,0,0,0,0,,1220,1,2,0,0,0,1,1,3,3,0,2,3,,N,,,,,,,,,,,
2006082629,2315.0,1,0,0,0,0,0,0,0,0,4,0,,67,7,2006,5,,,2315.0,6,0,0,0,1,0,0,0,0,2.0,0,0,0,23,3,0,0,,1.0,,2.0,0,,0,0,0,0,67301,0,0,0,N,0,0,0,2,67301,0,,1,1,,N,N,,0,,0,0,1,0,0,Y,2300,0,2,0,0,1,0,0,3,3,0,2,3,,N,,,,,,,,,,,
2006103458,126.0,1,0,0,0,0,0,0,0,0,8,0,,67,8,2006,1,39.9147,-75.155,123.0,6,0,0,0,0,0,0,0,0,,0,0,0,1,3,1,1,,0.0,39 54:52.000,,0,75 09:17.799,2,0,0,0,67301,1,0,1,N,1,0,1,2,67301,0,,1,1,,N,N,,0,,0,1,0,3,2,,123,1,2,0,0,0,0,0,3,4,0,1,3,,N,,,,,,,,,,,
2006080288,810.0,1,0,0,1,0,0,0,0,0,4,0,,67,7,2006,3,39.9536,-75.1732,805.0,6,0,0,0,0,0,0,0,0,,0,0,0,8,1,1,1,,0.0,39 57:12.000,,0,75 10:23.808,8,0,0,0,67301,1,0,0,N,0,0,0,2,67301,0,,1,1,,N,N,,0,,0,0,0,3,2,,800,1,2,0,0,0,1,0,3,4,0,1,3,,N,,,,,,,,,,,
2006095931,1549.0,1,0,0,1,0,0,0,0,0,2,0,,67,8,2006,3,,,1540.0,6,0,0,0,0,0,0,0,0,,0,0,0,14,1,1,1,,0.0,,,0,,4,0,0,0,67301,1,0,0,N,0,0,0,2,67301,1,,1,1,,N,N,,0,,0,0,0,3,2,,1428,1,2,0,0,0,0,1,3,3,0,1,3,,N,,,,,,,,,,,
2006063215,1515.0,2,0,0,0,0,0,0,0,0,6,0,,67,5,2006,4,40.0026,-75.1608,1415.0,6,0,0,0,0,0,1,0,0,,0,0,0,14,1,0,2,,0.0,40 00:09.720,,0,75 09:39.240,0,0,0,0,67301,0,0,0,N,0,0,0,2,67301,0,,1,1,,N,N,,0,,0,0,0,0,0,,1415,0,2,0,0,0,0,0,3,4,0,2,3,,N,,,,,,,,,,,
2006125406,1112.0,1,0,0,0,0,0,0,0,0,2,0,,67,11,2006,7,39.9921,-75.1026,1110.0,6,0,0,0,0,0,0,0,0,,0,0,0,11,1,2,0,,0.0,39 59:31.480,,0,75 06:09.367,4,0,0,0,67301,0,0,0,N,0,0,0,2,67301,1,,1,1,,N,N,,0,,0,0,1,0,0,,1100,2,2,0,0,0,1,0,3,4,0,2,3,,N,,,,,,,,,,,
2006125442,904.0,0,0,0,0,0,0,0,0,0,2,0,,67,11,2006,6,40.0092,-75.069,903.0,6,0,0,0,0,0,0,0,0,1.0,0,0,0,8,1,1,1,,1.0,40 00:33.000,2.0,0,75 04:08.517,8,0,0,0,67301,0,0,0,N,0,0,0,3,67301,0,,1,1,,N,N,,1,,0,0,1,2,2,Y,840,1,2,0,0,0,1,0,3,4,0,2,3,,N,,,,,,,,,,,
2006102177,1931.0,3,0,0,0,0,0,0,0,0,1,0,,67,9,2006,5,40.0764,-75.195,1931.0,6,0,0,0,0,0,3,0,0,,0,0,0,19,4,1,1,,0.0,40 04:35.000,,0,75 11:41.885,3,0,0,0,67301,0,0,0,N,0,0,0,3,67301,0,,1,1,,N,N,,0,,1,0,0,3,2,,1930,1,3,0,0,0,0,0,3,4,0,3,3,,N,,,,,,,,,,,
2006115149,2004.0,1,0,0,0,0,0,0,0,0,1,0,,67,10,2006,6,39.9233,-75.2206,1952.0,6,0,0,0,0,0,0,0,0,,0,0,0,18,3,0,2,,0.0,39 55:23.732,,0,75 13:14.087,9,0,0,0,67301,0,0,0,N,0,0,0,3,67301,0,,1,1,,N,N,,0,,0,0,1,3,2,,1800,0,2,0,0,0,0,1,3,4,0,2,3,,N,,,,,,,,,,,