CRN,ARRIVAL_TM,AUTOMOBILE_COUNT,BELTED_DEATH_COUNT,BELTED_SUSP_SERIOUS_INJ_COUNT,BICYCLE_COUNT,BICYCLE_DEATH_COUNT,BICYCLE_SUSP_SERIOUS_INJ_COUNT,BUS_COUNT,CHLDPAS_DEATH_COUNT,CHLDPAS_SUSP_SERIOUS_INJ_COUNT,COLLISION_TYPE,COMM_VEH_COUNT,CONS_ZONE_SPD_LIM,COUNTY,CRASH_MONTH,CRASH_YEAR,DAY_OF_WEEK,DEC_LAT,DEC_LONG,DISPATCH_TM,DISTRICT,DRIVER_COUNT_16YR,DRIVER_COUNT_17YR,DRIVER_COUNT_18YR,DRIVER_COUNT_19YR,DRIVER_COUNT_20YR,DRIVER_COUNT_50_64YR,DRIVER_COUNT_65_74YR,DRIVER_COUNT_75PLUS,EST_HRS_CLOSED,FATAL_COUNT,HEAVY_TRUCK_COUNT,HORSE_BUGGY_COUNT,HOUR_OF_DAY,ILLUMINATION,INJURY_COUNT,INTERSECT_TYPE,INTERSECTION_RELATED,LANE_CLOSED,LATITUDE,LN_CLOSE_DIR,LOCATION_TYPE,LONGITUDE,MAX_SEVERITY_LEVEL,MCYCLE_DEATH_COUNT,MCYCLE_SUSP_SERIOUS_INJ_COUNT,MOTORCYCLE_COUNT,MUNICIPALITY,NONMOTR_COUNT,NONMOTR_DEATH_COUNT,NONMOTR_SUSP_SERIOUS_INJ_COUNT,NTFY_HIWY_MAINT,PED_COUNT,PED_DEATH_COUNT,PED_SUSP_SERIOUS_INJ_COUNT,PERSON_COUNT,POLICE_AGCY,POSSIBLE_INJ_COUNT,RDWY_SURF_TYPE_CD,RELATION_TO_ROAD,ROAD_CONDITION,ROADWAY_CLEARED,SCH_BUS_IND,SCH_ZONE_IND,SECONDARY_CRASH,SMALL_TRUCK_COUNT,SPEC_JURIS_CD,SUSP_MINOR_INJ_COUNT,SUSP_SERIOUS_INJ_COUNT,SUV_COUNT,TCD_FUNC_CD,TCD_TYPE,TFC_DETOUR_IND,TIME_OF_DAY,TOT_INJ_COUNT,TOTAL_UNITS,UNB_DEATH_COUNT,UNB_SUSP_SERIOUS_INJ_COUNT,UNBELTED_OCC_COUNT,UNK_INJ_DEG_COUNT,UNK_INJ_PER_COUNT,URBAN_AREA,URBAN_RURAL,VAN_COUNT,VEHICLE_COUNT,WEATHER1,WEATHER2,WORK_ZONE_IND,WORK_ZONE_LOC,WORK_ZONE_TYPE,WORKERS_PRES,WZ_CLOSE_DETOUR,WZ_FLAGGER,WZ_LAW_OFFCR_IND,WZ_LN_CLOSURE,WZ_MOVING,WZ_OTHER,WZ_SHLDER_MDN,WZ_WORKERS_INJ_KILLED
2006114624,1950.0,1,0,0,0,0,0,0,0,0,8,0,,67,10,2006,7,40.0643,-75.0648,1942.0,6,0,0,0,0,0,0,1,0,2.0,1,0,0,19,3,0,2,,2.0,40 03:51.357,5.0,0,75 03:53.323,1,0,0,0,67301,1,1,0,N,1,1,0,3,67301,0,2.0,1,1,,N,N,,0,9.0,0,0,0,0,0,N,1938,0,2,0,0,0,0,0,3,4,0,1,3,,N,,,,,,,,,,,
2006114389,45.0,2,0,0,0,0,0,0,0,0,5,0,,67,9,2006,6,39.9155,-75.1901,40.0,6,0,0,0,0,0,0,0,0,2.0,0,0,0,0,3,1,0,,2.0,39 54:41.644,3.0,0,75 09:58.512,4,0,0,0,67301,0,0,0,N,0,0,0,2,67301,1,,1,1,,N,N,,0,,0,0,0,0,0,N,39,1,2,0,0,0,0,1,3,4,0,2,3,,N,,,,,,,,,,,
2006114393,1614.0,1,0,0,0,0,0,0,0,0,4,0,,67,10,2006,3,40.1207,-75.0104,1614.0,6,0,0,0,0,0,0,0,0,,0,0,0,16,1,2,2,,0.0,40 07:14.487,,0,75 00:37.526,8,0,0,0,67301,0,0,0,N,0,0,0,6,67301,0,,1,1,,N,Y,,0,,0,0,1,3,3,,1614,2,3,0,0,0,2,0,3,4,1,3,3,,N,,,,,,,,,,,
2006102629,30.0,2,0,0,0,0,0,0,0,0,4,0,,67,9,2006,5,,,30.0,6,0,0,0,0,0,1,0,0,3.0,0,0,0,23,3,0,1,,1.0,,1.0,0,,0,0,0,0,67301,0,0,0,N,0,0,0,3,67301,0,,1,1,,N,N,,0,,0,0,0,3,2,Y,2335,0,2,0,0,0,0,0,3,3,0,2,3,,N,,,,,,,,,,,
2006105158,1215.0,2,0,0,0,0,0,0,0,0,4,0,,67,8,2006,7,40.0611,-75.1544,1205.0,6,0,0,0,0,0,1,0,0,,0,0,0,11,1,0,1,,0.0,40 03:40.129,,0,75 09:15.983,0,0,0,0,67301,0,0,0,N,0,0,0,2,67301,0,,1,1,,N,N,,0,,0,0,0,3,2,,1150,0,2,0,0,0,0,0,3,4,0,2,3,,N,,,,,,,,,,,
2006105162,651.0,1,0,0,0,0,0,0,0,0,1,0,,67,9,2006,5,,,650.0,6,0,0,0,0,0,0,0,0,1.0,0,0,0,6,1,0,0,,1.0,,3.0,3,,0,0,0,0,67301,0,0,0,N,0,0,0,4,67301,0,,1,1,,N,N,,0,,0,0,2,0,0,N,649,0,3,0,0,0,0,0,3,3,0,3,3,,N,,,,,,,,,,,
2006105165,1455.0,2,0,0,0,0,0,0,0,0,4,0,,67,8,2006,3,39.9057,-75.1939,1448.0,6,0,0,0,0,0,1,0,0,,0,0,0,99,1,1,1,,0.0,39 54:20.000,,0,75 11:37.765,8,0,0,0,67301,0,0,0,N,0,0,0,2,67301,0,,1,1,,N,N,,0,,0,0,0,3,2,,9999,1,2,0,0,0,1,0,3,4,0,2,3,,N,,,,,,,,,,,
2006124005,1630.0,2,0,0,0,0,0,0,0,0,6,0,,67,10,2006,7,39.9614,-75.1482,1629.0,6,0,0,0,0,0,1,0,0,,0,0,0,16,1,2,1,,0.0,39 57:41.000,,0,75 08:53.548,3,0,0,0,67301,0,0,0,N,0,0,0,3,67301,0,,1,1,,N,N,,0,,2,0,0,3,2,,1627,2,2,0,0,0,0,0,3,4,0,2,3,,N,,,,,,,,,,,
2006086087,938.0,1,0,0,0,0,0,0,0,0,1,0,,67,6,2006,6,,,932.0,6,0,0,0,0,0,0,0,0,,0,0,0,6,1,1,0,,0.0,,,0,,3,0,0,0,67301,0,0,0,N,0,0,0,2,67301,0,,1,1,,N,N,,0,,1,0,1,0,0,,635,1,2,0,0,0,0,0,3,3,0,2,3,,N,,,,,,,,,,,
2006080993,1418.0,2,0,0,0,0,0,0,0,0,1,0,,67,7,2006,6,40.0847,-75.0251,1413.0,6,0,0,0,0,1,0,0,1,1.0,0,0,0,14,1,1,2,,1.0,40 05:05.280,1.0,0,75 01:30.000,8,0,0,0,67301,0,0,0,N,0,0,0,4,67301,0,,1,1,,N,N,,0,,0,0,0,3,2,N,1408,1,2,0,0,0,1,1,3,4,0,2,3,,N,,,,,,,,,,,
2006081037,1540.0,1,0,0,0,0,0,0,0,0,5,0,,67,6,2006,3,,,1538.0,6,0,0,0,0,0,2,0,0,,0,0,0,15,1,1,0,,0.0,,,0,,4,0,0,0,67301,0,0,0,N,0,0,0,3,67301,1,,1,1,,N,N,,0,,0,0,0,0,0,,1525,1,2,0,0,0,0,0,3,3,1,2,3,,N,,,,,,,,,,,
2006081481,1338.0,0,0,0,0,0,0,0,0,0,7,0,,67,6,2006,2,,,1330.0,6,0,0,0,0,0,0,0,0,1.0,0,0,0,99,1,2,0,,1.0,,1.0,0,,2,0,1,1,67301,0,0,0,N,0,0,0,2,67301,0,,3,1,,N,N,,0,,0,1,0,0,0,N,9999,2,1,0,0,0,1,0,3,3,0,1,3,,N,,,,,,,,,,,
2006096566,2353.0,2,0,0,0,0,0,0,0,0,7,0,,67,7,2006,7,39.9684,-75.1295,2345.0,6,0,0,1,0,0,0,0,0,1.0,0,0,0,23,3,0,7,,1.0,39 57:36.000,2.0,2,75 08:27.163,0,0,0,0,67301,0,0,0,N,0,0,0,3,67301,0,,2,1,,N,N,,0,,0,0,0,0,0,N,2340,0,2,0,0,0,0,0,3,4,0,2,3,,N,,,,,,,,,,,
2006104263,2110.0,1,0,0,0,0,0,0,0,0,0,0,,67,8,2006,6,40.0367,-75.1584,2100.0,6,0,0,0,0,0,1,0,0,,0,0,0,17,1,0,1,,0.0,40 02:12.109,,0,75 09:30.211,0,0,0,0,67301,0,0,0,N,0,0,0,2,67301,0,,1,1,,N,N,,0,,0,0,0,0,0,,1700,0,1,0,0,0,0,0,3,4,0,1,3,,N,,,,,,,,,,,
2006080543,423.0,1,0,0,0,0,0,0,0,0,4,1,,67,6,2006,2,39.9887,-75.0881,422.0,6,0,0,0,0,0,0,0,0,2.0,0,1,0,4,3,0,0,,2.0,39 59:19.000,1.0,0,75 05:16.789,9,0,0,0,67301,0,0,0,N,0,0,0,2,67301,0,,1,1,,N,N,,0,,0,0,0,0,0,Y,421,0,2,0,0,0,0,1,3,4,0,2,3,,N,,,,,,,,,,,
2006080662,244.0,4,0,0,0,0,0,0,0,0,1,0,,67,7,2006,1,,,243.0,6,0,0,0,0,0,0,0,0,,0,0,0,2,3,3,0,,0.0,,,0,,4,0,0,0,67301,0,0,0,N,0,0,0,4,67301,1,,1,1,,N,N,,0,,0,0,0,3,2,,240,3,4,0,0,0,2,1,3,3,0,4,3,,N,,,,,,,,,,,
2006080674,2115.0,0,0,0,0,0,0,0,0,0,6,0,,67,7,2006,3,40.0381,-75.2228,2109.0,6,0,0,0,0,0,1,0,0,,0,0,0,21,3,1,1,,0.0,40 02:17.000,,0,75 13:22.206,4,0,0,1,67301,0,0,0,N,0,0,0,2,67301,1,,1,1,,N,N,,0,,0,0,1,3,2,,2100,1,2,0,0,0,0,0,3,4,0,2,3,,N,,,,,,,,,,,
2006082659,1732.0,1,0,0,0,0,0,0,0,0,8,0,,67,7,2006,6,39.9959,-75.0774,1720.0,6,0,0,0,0,0,0,0,0,,0,0,0,17,1,1,0,,0.0,39 59:45.391,,0,75 04:38.809,4,0,0,0,67301,1,0,0,N,1,0,0,2,67301,1,,1,1,,N,N,,0,,0,0,0,0,0,,1718,1,2,0,0,0,0,0,3,4,0,1,3,,N,,,,,,,,,,,
2006082979,9999.0,3,0,0,0,0,0,0,0,0,4,0,,67,6,2006,4,39.9152,-75.2403,9999.0,6,0,0,1,0,0,0,0,0,,0,0,0,99,1,1,1,,0.0,39 54:54.000,,0,75 14:25.063,4,0,0,0,67301,0,0,0,N,0,0,0,2,67301,1,,1,1,,N,N,,0,,0,0,0,3,2,,9999,1,3,0,0,0,0,0,3,4,0,3,99,,N,,,,,,,,,,,
2006080869,9999.0,2,0,0,0,0,0,0,0,0,6,0,,67,7,2006,4,40.1145,-75.0219,1856.0,6,0,0,0,1,0,0,1,0,1.0,0,0,0,18,1,2,0,,2.0,40 06:52.000,2.0,0,75 01:18.859,3,0,0,0,67301,0,0,0,N,0,0,0,2,67301,1,,1,9,,N,N,,0,,1,0,0,0,0,Y,1855,2,2,0,0,0,0,0,3,4,0,2,7,,N,,,,,,,,,,,
2006021641,1840.0,2,0,0,0,0,0,0,0,0,4,0,,67,1,2006,3,39.8924,-75.2228,1840.0,6,0,0,0,0,0,0,0,0,,0,0,0,18,1,0,1,,0.0,39 53:32.000,,0,75 13:22.259,9,0,0,0,67301,0,0,0,N,0,0,0,2,67301,0,,1,1,,N,N,,0,,0,0,0,9,2,,1840,0,2,0,0,0,0,1,3,4,0,2,3,,N,,,,,,,,,,,
2006125478,1041.0,1,0,0,0,0,0,0,0,0,1,1,,67,11,2006,7,39.9169,-75.216,1039.0,6,0,0,0,0,0,0,0,0,,0,1,0,10,1,0,1,,0.0,39 55:06.000,,0,75 12:31.679,0,0,0,0,67301,0,0,0,N,0,0,0,2,67301,0,,1,1,,N,N,,0,,0,0,0,3,2,,1038,0,2,0,0,0,0,0,3,4,0,2,3,,N,,,,,,,,,,,
2006125480,1517.0,1,0,0,0,0,0,0,0,0,4,0,,67,11,2006,4,39.9331,-75.2388,1510.0,6,0,0,0,0,0,0,0,0,1.0,0,0,0,15,1,2,0,,1.0,39 55:59.000,3.0,0,75 14:19.687,4,0,0,0,67301,0,0,0,N,0,0,0,2,67301,2,,1,9,,N,N,,0,,0,0,1,0,0,N,1510,2,2,0,0,0,0,0,3,4,0,2,7,,N,,,,,,,,,,,
2006080097,1552.0,0,0,0,0,0,0,1,0,0,8,1,,67,6,2006,4,40.0103,-75.1592,1550.0,6,0,0,0,0,0,0,0,0,,1,0,0,15,1,0,1,,0.0,40 00:37.000,,0,75 09:33.607,1,0,0,0,67301,1,1,0,N,1,1,0,26,67301,0,2.0,1,1,,Y,N,,0,0.0,0,0,0,3,2,,1536,0,2,0,0,0,0,0,3,4,0,1,3,,N,,,,,,,,,,,
2006080120,2130.0,2,0,0,0,0,0,0,0,0,6,0,,67,6,2006,4,40.0,-75.1531,2121.0,6,0,0,0,0,0,0,0,0,,0,0,0,21,3,2,1,,0.0,39 59:59.964,,0,75 09:11.322,8,0,0,0,67301,0,0,0,N,0,0,0,3,67301,0,,1,9,,N,N,,0,,0,0,0,3,3,,2121,2,3,0,0,0,2,1,3,4,1,3,7,,N,,,,,,,,,,,
2006125325,921.0,2,0,0,0,0,0,0,0,0,2,0,,67,11,2006,4,,,919.0,6,0,0,0,0,0,1,0,0,,0,0,0,9,1,0,0,,0.0,,,0,,0,0,0,0,67301,0,0,0,N,0,0,0,2,67301,0,,1,9,,N,N,,0,,0,0,0,0,0,,915,0,2,0,0,0,0,0,3,3,0,2,98,,N,,,,,,,,,,,
2006125399,2230.0,1,0,0,0,0,0,0,0,0,1,0,,67,10,2006,6,40.0364,-75.1305,2224.0,6,0,0,0,0,0,0,0,0,,0,0,0,19,3,1,1,,0.0,40 02:11.165,,0,75 07:49.937,4,0,0,0,67301,0,0,0,N,0,0,0,3,67301,1,,1,1,,N,N,,0,,0,0,1,3,2,,1900,1,2,0,0,0,0,0,3,4,0,2,3,,N,,,,,,,,,,,
2006082609,1545.0,1,0,0,0,0,0,0,0,0,7,0,,67,6,2006,4,40.0881,-75.0731,1235.0,6,0,0,0,0,0,1,0,0,,0,0,0,12,1,0,0,,0.0,40 05:16.998,,0,75 04:23.336,0,0,0,0,67301,0,0,0,,0,0,0,1,67301,0,,2,1,,N,N,,0,,0,0,0,0,0,,1233,0,1,0,0,0,0,0,3,4,0,1,3,,N,,,,,,,,,,,
2006080259,228.0,1,0,0,0,0,0,0,0,0,7,0,,67,6,2006,5,,,224.0,6,0,0,0,1,0,0,0,0,2.0,0,0,0,2,3,0,0,,2.0,,6.0,0,,0,0,0,0,67301,0,0,0,N,0,0,0,1,67301,0,,4,9,,N,N,,0,,0,0,0,0,0,N,220,0,1,0,0,0,0,0,3,3,0,1,3,,N,,,,,,,,,,,
2006080260,1415.0,1,0,0,1,0,0,0,0,0,6,0,,67,7,2006,6,40.0437,-75.0851,1415.0,6,0,0,0,0,0,1,0,0,,0,0,0,14,1,1,1,,0.0,40 02:37.000,,0,75 05:06.323,8,0,0,0,67301,1,0,0,N,0,0,0,2,67301,0,,1,1,,N,N,,0,,0,0,0,3,2,,1410,1,2,0,0,0,1,0,3,4,0,1,3,,N,,,,,,,,,,,
2006063252,202.0,1,0,0,0,0,0,0,0,0,8,0,,67,4,2006,1,39.9555,-75.2136,201.0,6,0,0,0,0,0,0,0,0,3.0,0,0,0,1,3,1,1,,2.0,39 57:19.000,7.0,0,75 12:49.048,2,0,0,0,67301,1,0,1,N,1,0,1,2,67301,0,,1,1,,N,N,,0,,0,1,0,3,2,Y,157,1,2,0,0,0,0,0,3,4,0,1,3,,N,,,,,,,,,,,
2006095744,9999.0,1,0,0,0,0,0,0,0,0,8,0,,67,7,2006,7,,,9999.0,6,0,0,0,0,0,0,0,0,,0,0,0,99,1,1,0,,0.0,,,0,,8,0,0,0,67301,1,0,0,N,1,0,0,2,67301,0,,1,1,,N,N,,0,,0,0,0,0,0,,9999,1,2,0,0,0,1,0,3,3,0,1,3,,N,,,,,,,,,,,
2006112860,757.0,1,0,0,0,0,0,0,0,0,8,0,,67,9,2006,6,40.0056,-75.1033,753.0,6,0,1,0,0,0,0,0,0,,0,0,0,7,1,0,1,,0.0,40 00:20.000,,0,75 06:11.669,0,0,0,0,67301,1,0,0,N,1,0,0,2,67301,0,,1,1,,N,N,,0,,0,0,0,3,2,,750,0,2,0,0,0,0,0,3,4,0,1,3,,N,,,,,,,,,,,
2006097875,1915.0,2,0,0,0,0,0,0,0,0,1,0,,67,8,2006,6,,,1912.0,6,0,0,0,1,0,1,0,0,,0,0,0,19,1,2,0,,0.0,,,3,,8,0,0,0,67301,0,0,0,N,0,0,0,8,67501,0,,1,1,,N,N,,0,,0,0,1,3,8,,1912,2,3,0,0,0,2,0,3,3,0,3,3,,N,,,,,,,,,,,
2006102188,2020.0,2,0,0,0,0,0,0,0,0,6,0,,67,6,2006,5,40.0031,-75.1645,2020.0,6,0,0,0,0,0,0,0,0,,0,0,0,18,1,0,0,,0.0,40 00:11.520,,0,75 09:52.560,0,0,0,0,67301,0,0,0,N,0,0,0,2,67301,0,,1,1,,N,N,,0,,0,0,0,0,0,,1800,0,2,0,0,0,0,0,3,4,0,2,3,,N,,,,,,,,,,,
2006115134,515.0,6,0,0,0,0,0,0,0,0,5,0,,67,10,2006,7,39.938,-75.2225,500.0,6,0,0,0,0,1,0,0,0,,0,0,0,5,3,0,0,,0.0,39 56:16.925,,0,75 13:20.841,0,0,0,0,67301,0,0,0,N,0,0,0,1,67301,0,,6,9,,N,N,,0,,0,0,0,0,0,,506,0,6,0,0,1,0,0,3,4,0,6,9,,N,,,,,,,,,,,
2006114814,1640.0,1,0,0,0,0,0,0,0,0,4,0,,67,9,2006,3,39.9834,-75.1007,1633.0,6,0,0,0,0,0,0,0,0,,0,0,0,16,1,0,0,,0.0,39 59:00.151,,0,75 06:02.426,9,0,0,0,67301,0,0,0,N,0,0,0,2,67301,0,,2,9,,N,N,,0,,0,0,1,3,8,,1630,0,2,0,0,0,0,1,3,4,0,2,7,,N,,,,,,,,,,,
2006114820,1059.0,1,0,0,0,0,0,1,0,0,4,1,,67,10,2006,3,39.9916,-75.1847,1046.0,6,0,0,1,0,0,0,0,0,,0,0,0,10,1,2,2,,0.0,39 59:29.000,,0,75 11:04.755,4,0,0,0,67301,0,0,0,N,0,0,0,2,67301,2,,1,9,,N,Y,,0,,0,0,0,3,2,,1045,2,2,0,0,0,0,0,3,4,0,2,7,,N,,,,,,,,,,,
2006126827,2235.0,0,0,0,0,0,0,0,0,0,8,0,,67,11,2006,2,39.9743,-75.2264,2232.0,6,0,0,0,0,0,0,0,0,,0,0,0,20,3,1,1,,0.0,39 58:27.359,,0,75 13:34.907,4,0,0,0,67301,1,0,0,N,1,0,0,2,67301,1,,1,1,,N,N,,0,,0,0,1,3,2,,2000,1,2,0,0,0,0,1,3,4,0,1,3,,N,,,,,,,,,,,
2006126828,1538.0,1,0,0,0,0,0,0,0,0,8,0,,67,11,2006,7,39.9986,-75.1174,1533.0,6,0,0,0,0,0,0,0,0,,0,0,0,15,1,1,2,,0.0,39 59:55.068,,0,75 07:02.675,4,0,0,0,67301,1,0,0,N,1,0,0,2,67301,1,,1,1,,N,N,,0,,0,0,0,0,0,,1511,1,2,0,0,0,0,0,3,4,0,1,3,,N,,,,,,,,,,,
2006126839,158.0,1,0,0,0,0,0,0,0,0,7,0,,67,11,2006,7,,,158.0,6,0,0,0,0,0,1,0,0,1.0,0,0,0,1,3,1,0,,2.0,,4.0,0,,3,0,0,0,67301,0,0,0,N,0,0,0,1,67301,0,,2,1,,N,N,,0,,1,0,0,0,0,Y,157,1,1,0,0,0,0,0,3,3,0,1,3,,N,,,,,,,,,,,
2006124003,1445.0,0,0,0,0,0,0,0,0,0,8,0,,67,10,2006,2,,,1441.0,6,0,0,0,0,0,0,0,0,,0,0,0,1,3,1,1,,0.0,,,0,,4,0,0,0,67301,1,0,0,N,1,0,0,2,67301,1,,1,1,,N,N,,0,,0,0,1,9,2,,130,1,2,0,0,0,0,1,3,3,0,1,99,,N,,,,,,,,,,,
2006080876,956.0,1,0,0,0,0,0,0,0,0,4,0,,67,6,2006,2,40.0477,-75.06,952.0,6,0,0,0,0,0,1,0,0,,0,0,0,9,1,1,1,,0.0,40 02:51.000,,0,75 03:35.110,8,0,0,0,67301,1,0,0,N,1,0,0,2,67301,0,,1,1,,N,N,,0,,0,0,0,3,2,,951,1,2,0,0,0,1,0,3,4,0,1,3,,N,,,,,,,,,,,
2006080992,2207.0,2,0,0,0,0,0,0,0,0,1,0,,67,6,2006,7,40.0599,-75.0184,2205.0,6,0,0,0,0,0,0,0,0,1.0,0,0,0,22,3,0,1,,1.0,40 03:35.000,3.0,0,75 01:06.515,9,0,0,0,67301,0,0,0,N,0,0,0,4,67301,0,,1,1,,N,N,,0,,0,0,0,3,2,N,2200,0,2,0,0,0,0,1,3,4,0,2,3,,N,,,,,,,,,,,
2006081027,1740.0,0,0,0,0,0,0,0,0,0,8,0,,67,6,2006,3,40.0292,-75.1746,1740.0,6,0,0,0,0,0,0,0,0,,0,0,0,17,1,1,1,,0.0,40 01:45.263,,0,75 10:28.501,3,0,0,0,67301,1,0,0,N,1,0,0,2,67301,0,,1,1,,N,N,,0,,1,0,1,3,2,,1735,1,2,0,0,0,0,0,3,4,0,1,3,,N,,,,,,,,,,,
2006081110,2010.0,2,0,0,0,0,0,0,0,0,2,0,,67,6,2006,6,40.0541,-75.1555,2008.0,6,0,0,0,0,0,0,0,0,1.0,0,0,0,19,4,1,1,,1.0,40 03:14.000,1.0,0,75 09:20.068,4,0,0,0,67301,0,0,0,N,0,0,0,2,67301,1,,1,1,,N,N,,0,,0,0,0,3,2,Y,1957,1,2,0,0,0,0,0,3,4,0,2,3,,N,,,,,,,,,,,
2006081141,2050.0,2,0,0,0,0,0,0,0,0,1,0,,67,4,2006,1,39.9379,-75.1667,2045.0,6,0,0,0,0,0,0,0,0,,0,0,0,8,3,1,1,,0.0,39 56:15.000,,0,75 09:59.946,8,0,0,0,67301,0,0,0,N,0,0,0,3,67301,0,,1,1,,N,N,,0,,0,0,0,3,2,,845,1,2,0,0,0,1,0,3,4,0,2,3,,N,,,,,,,,,,,
2006081388,2229.0,1,0,0,0,0,0,0,0,0,7,0,,67,6,2006,5,40.0215,-75.0518,2229.0,6,0,0,0,0,0,1,0,0,1.0,0,0,0,22,3,1,1,,1.0,40 01:17.000,2.0,0,75 03:06.321,4,0,0,0,67301,0,0,0,N,0,0,0,1,67301,1,,5,1,,N,N,,0,,0,0,0,0,0,Y,2225,1,1,0,0,0,0,0,3,4,0,1,3,,N,,,,,,,,,,,
2006081544,832.0,0,0,0,0,0,0,0,0,0,7,0,,67,6,2006,6,40.0192,-75.1638,827.0,6,0,0,0,0,0,0,0,0,,0,0,0,8,1,0,0,,0.0,40 01:09.253,,0,75 09:49.518,0,0,0,0,67301,0,0,0,N,0,0,0,1,67301,0,,4,1,,N,N,,1,,0,0,0,0,0,,800,0,1,0,0,0,0,0,3,4,0,1,3,,N,,,,,,,,,,,
2006081546,2303.0,2,0,1,0,0,0,0,0,0,4,0,,67,4,2006,4,39.9951,-75.1632,2300.0,6,0,0,0,0,0,0,0,0,,0,0,0,22,3,3,1,,0.0,39 59:42.000,,0,75 09:47.706,2,0,0,0,67301,0,0,0,N,0,0,0,3,67301,0,,1,1,,N,N,,0,,0,1,0,3,2,,2240,3,2,0,0,0,2,0,3,4,0,2,3,,N,,,,,,,,,,,
2006081414,942.0,1,0,0,0,0,0,0,0,0,8,0,,67,6,2006,2,40.0218,-75.1127,937.0,6,0,0,0,0,0,1,0,0,,0,0,0,9,1,1,1,,0.0,40 01:18.000,,0,75 06:45.600,4,0,0,0,67301,1,0,0,N,1,0,0,2,67301,1,,1,1,,N,N,,0,,0,0,0,9,2,,930,1,2,0,0,0,0,0,3,4,0,1,3,,N,,,,,,,,,,,
2006081425,1925.0,0,0,0,0,0,0,0,0,0,8,0,,67,5,2006,4,39.9616,-75.2444,1919.0,6,0,0,0,0,0,1,0,0,,0,0,0,19,1,1,0,,0.0,39 57:41.752,,0,75 14:39.699,4,0,0,0,67301,1,0,0,N,1,0,0,2,67301,1,,1,1,,N,N,,1,,0,0,0,0,0,,1910,1,2,0,0,0,0,0,3,4,0,1,3,,N,,,,,,,,,,,
2006115752,1720.0,0,0,0,0,0,0,1,0,0,5,1,,67,10,2006,6,40.0505,-75.1729,1720.0,6,0,0,0,0,0,0,0,0,,0,0,0,17,1,1,2,,0.0,40 03:01.625,,0,75 10:22.517,4,0,0,0,67301,0,0,0,N,0,0,0,4,67301,1,,1,1,,N,N,,0,,0,0,1,0,0,,1720,1,2,0,0,0,0,0,3,4,0,2,3,,N,,,,,,,,,,,
2006105729,1013.0,1,0,0,0,0,0,0,0,0,1,0,,67,8,2006,4,40.0395,-75.0458,1010.0,6,0,0,0,0,0,0,0,0,,0,0,0,10,1,1,1,,0.0,40 02:22.000,,0,75 02:45.213,3,0,0,0,67301,0,0,0,N,0,0,0,2,67301,0,,1,9,,N,N,,0,,1,0,0,0,0,,1005,1,2,0,0,0,0,0,3,4,1,2,7,,N,,,,,,,,,,,
2006113311,248.0,1,0,0,0,0,0,0,0,0,7,0,,67,9,2006,1,39.904,-75.2401,248.0,6,0,1,0,0,0,0,0,0,,0,0,0,2,3,1,1,,0.0,39 54:14.563,,0,75 14:24.409,4,0,0,0,67301,0,0,0,,0,0,0,1,67301,1,,5,1,,N,N,,0,,0,0,0,3,2,,248,1,1,0,0,1,0,0,3,4,0,1,3,,N,,,,,,,,,,,
2006103660,902.0,1,0,0,0,0,0,0,0,0,5,0,,67,8,2006,7,40.046,-75.1321,859.0,6,0,0,0,0,0,1,1,0,,0,0,0,8,1,1,1,,0.0,40 02:45.000,,0,75 07:55.661,4,0,0,0,67301,0,0,0,N,0,0,0,2,67301,1,,1,1,,N,N,,0,,0,0,0,0,0,,858,1,2,0,0,0,0,0,3,4,1,2,3,,N,,,,,,,,,,,
2006103673,635.0,4,0,0,0,0,0,0,0,0,4,0,,67,9,2006,7,40.0332,-75.0291,629.0,6,0,0,0,0,0,0,0,0,3.0,0,0,0,6,6,4,1,,2.0,40 01:59.000,5.0,0,75 01:45.064,2,0,0,0,67301,0,0,0,N,0,0,0,5,67301,0,,1,9,,N,N,,0,,2,1,0,2,2,Y,620,4,4,0,0,0,1,0,3,4,0,4,7,,N,,,,,,,,,,,
2006103684,1200.0,1,0,0,0,0,0,0,0,0,4,0,,67,9,2006,3,40.0584,-75.043,1149.0,6,0,0,0,0,0,0,1,1,1.0,0,0,0,11,1,0,5,,2.0,40 03:30.253,4.0,0,75 02:34.859,0,0,0,0,67301,0,0,0,N,0,0,0,2,67301,0,,1,9,,N,N,,0,,0,0,1,3,3,Y,1124,0,2,0,0,0,0,0,3,4,0,2,7,,N,,,,,,,,,,,
2006096564,1640.0,1,0,0,0,0,0,0,0,0,8,0,,67,7,2006,5,,,1630.0,6,0,0,0,0,0,0,0,0,,0,0,0,13,1,1,0,,0.0,,,0,,4,0,0,0,67301,1,0,0,N,1,0,0,2,67301,1,,1,1,,N,N,,0,,0,0,0,0,0,,1300,1,2,0,0,0,0,0,3,3,0,1,3,,N,,,,,,,,,,,
2006102068,1733.0,1,0,0,2,0,0,0,0,0,8,0,,67,9,2006,3,40.0234,-75.2199,1728.0,6,0,0,0,0,0,0,0,0,,0,0,0,17,1,1,0,,0.0,40 01:24.391,,0,75 13:11.514,8,0,0,0,67301,2,0,0,,0,0,0,4,67301,0,,1,1,,,,,0,,0,0,0,0,0,,1725,1,3,0,0,0,1,0,3,4,0,1,3,,N,,,,,,,,,,,