CRN,ARRIVAL_TM,AUTOMOBILE_COUNT,BELTED_DEATH_COUNT,BELTED_SUSP_SERIOUS_INJ_COUNT,BICYCLE_COUNT,BICYCLE_DEATH_COUNT,BICYCLE_SUSP_SERIOUS_INJ_COUNT,BUS_COUNT,CHLDPAS_DEATH_COUNT,CHLDPAS_SUSP_SERIOUS_INJ_COUNT,COLLISION_TYPE,COMM_VEH_COUNT,CONS_ZONE_SPD_LIM,COUNTY,CRASH_MONTH,CRASH_YEAR,DAY_OF_WEEK,DEC_LAT,DEC_LONG,DISPATCH_TM,DISTRICT,DRIVER_COUNT_16YR,DRIVER_COUNT_17YR,DRIVER_COUNT_18YR,DRIVER_COUNT_19YR,DRIVER_COUNT_20YR,DRIVER_COUNT_50_64YR,DRIVER_COUNT_65_74YR,DRIVER_COUNT_75PLUS,EST_HRS_CLOSED,FATAL_COUNT,HEAVY_TRUCK_COUNT,HORSE_BUGGY_COUNT,HOUR_OF_DAY,ILLUMINATION,INJURY_COUNT,INTERSECT_TYPE,INTERSECTION_RELATED,LANE_CLOSED,LATITUDE,LN_CLOSE_DIR,LOCATION_TYPE,LONGITUDE,MAX_SEVERITY_LEVEL,MCYCLE_DEATH_COUNT,MCYCLE_SUSP_SERIOUS_INJ_COUNT,MOTORCYCLE_COUNT,MUNICIPALITY,NONMOTR_COUNT,NONMOTR_DEATH_COUNT,NONMOTR_SUSP_SERIOUS_INJ_COUNT,NTFY_HIWY_MAINT,PED_COUNT,PED_DEATH_COUNT,PED_SUSP_SERIOUS_INJ_COUNT,PERSON_COUNT,POLICE_AGCY,POSSIBLE_INJ_COUNT,RDWY_SURF_TYPE_CD,RELATION_TO_ROAD,ROAD_CONDITION,ROADWAY_CLEARED,SCH_BUS_IND,SCH_ZONE_IND,SECONDARY_CRASH,SMALL_TRUCK_COUNT,SPEC_JURIS_CD,SUSP_MINOR_INJ_COUNT,SUSP_SERIOUS_INJ_COUNT,SUV_COUNT,TCD_FUNC_CD,TCD_TYPE,TFC_DETOUR_IND,TIME_OF_DAY,TOT_INJ_COUNT,TOTAL_UNITS,UNB_DEATH_COUNT,UNB_SUSP_SERIOUS_INJ_COUNT,UNBELTED_OCC_COUNT,UNK_INJ_DEG_COUNT,UNK_INJ_PER_COUNT,URBAN_AREA,URBAN_RURAL,VAN_COUNT,VEHICLE_COUNT,WEATHER1,WEATHER2,WORK_ZONE_IND,WORK_ZONE_LOC,WORK_ZONE_TYPE,WORKERS_PRES,WZ_CLOSE_DETOUR,WZ_FLAGGER,WZ_LAW_OFFCR_IND,WZ_LN_CLOSURE,WZ_MOVING,WZ_OTHER,WZ_SHLDER_MDN,WZ_WORKERS_INJ_KILLED
2006104283,651.0,0,0,0,0,0,0,0,0,0,4,0,,67,8,2006,7,39.9057,-75.1939,651.0,6,0,0,0,0,0,0,0,0,1.0,0,0,0,6,1,0,1,,1.0,39 54:20.000,4.0,0,75 11:38.632,0,0,0,0,67301,0,0,0,,0,0,0,2,67301,0,,1,1,,N,N,,0,,0,0,2,3,2,N,645,0,2,0,0,0,0,0,3,4,0,2,3,,N,,,,,,,,,,,
2006101892,1907.0,2,0,0,0,0,0,0,0,0,4,0,,67,9,2006,5,40.057,-75.0884,1859.0,6,0,0,0,0,0,0,0,0,,0,0,0,18,1,5,2,,0.0,40 03:25.000,,0,75 05:18.055,3,0,0,0,67301,0,0,0,N,0,0,0,5,67301,3,,1,1,,N,N,,0,,2,0,0,0,0,,1852,5,2,0,0,0,0,0,3,4,0,2,3,,N,,,,,,,,,,,
2006102832,1620.0,0,0,0,0,0,0,0,0,0,7,0,,67,9,2006,1,,,1614.0,6,0,0,0,1,0,0,0,0,,0,0,0,16,1,0,0,,0.0,,,0,,0,0,0,0,67301,0,0,0,N,0,0,0,4,67301,0,,2,1,,N,N,,0,,0,0,1,3,8,,1608,0,1,0,0,0,0,0,3,3,0,1,3,,N,,,,,,,,,,,
2006105309,48.0,2,0,0,0,0,0,0,0,0,4,0,,67,8,2006,7,40.0477,-75.1921,48.0,6,0,0,0,0,0,0,0,0,3.0,0,0,0,0,3,1,1,,2.0,40 02:51.000,7.0,0,75 11:31.642,8,0,0,0,67301,0,0,0,N,0,0,0,2,67301,0,,1,9,,N,N,,0,,0,0,0,3,3,Y,35,1,2,0,0,0,1,0,3,4,0,2,7,,N,,,,,,,,,,,
2006080826,1905.0,2,0,0,0,0,0,0,0,0,4,0,,67,6,2006,3,,,1900.0,6,0,0,0,0,0,1,0,0,,0,0,0,18,4,1,1,,0.0,,,0,,3,0,0,0,67301,0,0,0,N,0,0,0,2,67301,0,,1,9,,N,N,,0,,1,0,0,3,2,,1859,1,2,0,0,0,0,0,3,3,0,2,7,,N,,,,,,,,,,,
2006083166,1823.0,2,0,0,0,0,0,0,0,0,4,0,,67,6,2006,7,40.0272,-75.1512,1822.0,6,0,0,0,0,0,0,0,0,,0,0,0,15,1,1,1,,0.0,40 01:37.801,,0,75 09:04.478,3,0,0,0,67301,0,0,0,N,0,0,0,3,67301,0,,1,9,,N,N,,0,,1,0,0,3,2,,1530,1,2,0,0,0,0,0,3,4,0,2,7,,N,,,,,,,,,,,
2006082982,1128.0,2,0,0,0,0,0,0,0,0,1,0,,67,6,2006,6,40.0016,-75.1528,1113.0,6,0,0,0,0,0,0,0,0,,0,0,0,11,1,1,1,,0.0,40 00:06.000,,0,75 09:10.512,8,0,0,0,67301,0,0,0,N,0,0,0,3,67301,0,,1,1,,N,N,,1,,0,0,0,0,0,,1103,1,3,0,0,1,1,2,3,4,0,3,3,,N,,,,,,,,,,,
2006082983,833.0,0,0,0,0,0,0,0,0,0,1,0,,67,6,2006,4,40.0064,-75.1175,830.0,6,0,0,0,0,0,1,0,0,,0,0,0,8,1,0,0,,0.0,40 00:23.000,,0,75 07:03.102,0,0,0,0,67301,0,0,0,N,0,0,0,3,67301,0,,1,1,,N,N,,2,,0,0,0,0,0,,828,0,2,0,0,2,0,0,3,4,0,2,3,,N,,,,,,,,,,,
2006103886,1017.0,0,0,0,0,0,0,0,0,0,8,0,,67,9,2006,1,39.9144,-75.1531,1016.0,6,0,0,0,0,0,1,0,0,,0,0,0,10,1,1,2,,0.0,39 54:51.000,,0,75 09:10.979,4,0,0,0,67301,1,0,0,N,1,0,0,2,67301,1,,1,1,,N,N,,1,,0,0,0,3,2,,1015,1,2,0,0,0,0,0,3,4,0,1,3,,N,,,,,,,,,,,
2006082551,1508.0,1,0,0,0,0,0,0,0,0,1,0,,67,5,2006,4,40.039,-75.1446,1503.0,6,0,0,0,0,0,1,0,0,,0,0,0,15,1,1,1,,0.0,40 02:20.000,,0,75 08:40.752,4,0,0,0,67301,0,0,0,N,0,0,0,4,67301,1,,1,1,,N,N,,0,,0,0,2,3,2,,1500,1,4,0,0,0,0,0,3,4,1,4,3,,N,,,,,,,,,,,
2006082586,1345.0,1,0,0,0,0,0,0,0,0,4,0,,67,6,2006,6,40.0139,-75.126,1340.0,6,0,0,0,0,0,0,0,0,,0,0,0,13,1,1,1,,0.0,40 00:49.975,,0,75 07:33.617,8,0,0,0,67301,0,0,0,N,0,0,0,2,67301,0,,1,9,,N,N,,0,,0,0,1,3,2,,1330,1,2,0,0,0,1,0,3,4,0,2,3,,N,,,,,,,,,,,
2006125333,2331.0,1,0,0,0,0,0,0,0,0,7,0,,67,11,2006,6,39.888,-75.2421,2331.0,6,0,0,0,0,0,0,0,0,1.0,0,0,0,23,3,0,0,,2.0,39 53:16.677,2.0,99,75 14:31.499,0,0,0,0,67301,0,0,0,N,0,0,0,2,67301,0,,3,1,,N,N,,0,,0,0,0,0,0,N,2331,0,1,0,0,2,0,0,3,4,0,1,3,,N,,,,,,,,,,,
2006125341,2018.0,1,0,0,0,0,0,0,0,0,8,0,,67,11,2006,6,40.0246,-75.1306,2014.0,6,0,0,0,0,0,0,0,0,1.0,0,0,0,20,3,1,1,,1.0,40 01:28.000,2.0,6,75 07:50.390,4,0,0,0,67301,1,0,0,N,1,0,0,2,67301,1,,1,1,,N,N,,0,,0,0,0,3,2,N,2013,1,2,0,0,0,0,0,3,4,0,1,3,,N,,,,,,,,,,,
2006103514,1240.0,1,0,0,0,0,0,0,0,0,8,0,,67,8,2006,3,40.0788,-74.9986,1234.0,6,0,0,0,0,0,0,0,1,,0,0,0,12,1,1,1,,0.0,40 04:43.000,,0,74 59:54.482,4,0,0,0,67301,1,0,0,N,1,0,0,2,67301,1,,1,1,,N,N,,0,,0,0,0,3,2,,1234,1,2,0,0,0,0,0,3,4,0,1,3,,N,,,,,,,,,,,
2006115658,1710.0,2,0,0,0,0,0,0,0,0,1,0,,67,10,2006,7,40.0682,-75.0297,1704.0,6,0,0,0,0,1,1,0,0,2.0,0,0,0,16,1,1,3,,1.0,40 04:05.000,4.0,0,75 01:46.239,8,0,0,0,67301,0,0,0,,0,0,0,5,67301,0,,1,1,,N,N,,0,,0,0,1,2,2,N,1659,1,3,0,0,2,1,0,3,4,0,3,3,,N,,,,,,,,,,,
2006065643,1734.0,2,0,0,0,0,0,0,0,0,5,0,,67,5,2006,3,,,9999.0,6,0,0,0,0,0,1,0,0,,0,0,0,17,1,1,0,,0.0,,,0,,4,0,0,0,67301,1,0,0,N,1,0,0,2,67301,1,,1,1,,N,N,,0,,0,0,0,0,0,,1725,1,3,0,0,0,0,0,3,3,0,2,3,,N,,,,,,,,,,,
2006115416,9999.0,1,0,0,0,0,0,1,0,0,1,1,,67,9,2006,3,39.9242,-75.1779,849.0,6,0,0,0,0,0,0,0,0,,0,0,0,8,1,1,2,,0.0,39 55:26.990,,0,75 10:40.580,4,0,0,0,67301,0,0,0,,0,0,0,2,67301,1,,1,1,,,,,0,,0,0,0,3,2,,830,1,2,0,0,0,0,1,3,4,0,2,3,,N,,,,,,,,,,,
2006065789,2130.0,0,0,0,0,0,0,0,0,0,7,0,,67,5,2006,5,,,2125.0,6,0,0,0,0,0,0,0,0,1.0,0,0,0,21,3,1,0,,1.0,,2.0,0,,8,0,0,0,67301,0,0,0,N,0,0,0,4,67301,0,,2,9,,N,N,,0,,0,0,1,0,0,N,2125,1,1,0,0,0,1,0,3,3,0,1,7,,N,,,,,,,,,,,
2006065811,915.0,3,0,0,0,0,0,0,0,0,1,0,,67,3,2006,6,,,910.0,6,0,0,0,0,0,1,0,0,,0,0,0,9,1,1,0,,0.0,,,0,,4,0,0,0,67301,0,0,0,N,0,0,0,5,67301,1,,1,1,,N,N,,0,,0,0,0,0,0,,903,1,3,0,0,0,0,0,3,3,0,3,3,,N,,,,,,,,,,,
2006125403,1920.0,0,0,0,0,0,0,0,0,0,8,0,,67,10,2006,6,39.9843,-75.1062,1920.0,6,0,0,0,0,0,0,0,0,,0,0,0,18,3,1,1,,0.0,39 59:03.422,,0,75 06:22.237,3,0,0,0,67301,1,0,0,N,1,0,0,2,67301,0,,1,1,,N,N,,1,,1,0,0,3,3,,1830,1,2,0,0,0,0,0,3,4,0,1,3,,N,,,,,,,,,,,
2006125450,32.0,3,0,0,0,0,0,0,0,0,4,0,,67,10,2006,6,40.0357,-75.081,30.0,6,0,0,1,0,0,0,0,0,2.0,0,0,0,99,3,1,1,,2.0,40 02:08.000,5.0,0,75 04:51.539,4,0,0,0,67301,0,0,0,N,0,0,0,2,67301,1,,1,1,,N,N,,1,,0,0,0,3,2,Y,9999,1,5,0,0,0,0,1,3,4,1,5,3,,N,,,,,,,,,,,
2006124265,2255.0,2,0,0,0,0,0,0,0,0,4,0,,67,10,2006,1,,,2251.0,6,0,0,0,0,0,0,0,0,,0,0,0,22,3,0,1,,0.0,,,0,,9,0,0,0,67301,0,0,0,N,0,0,0,5,67301,0,,1,1,,N,N,,0,,0,0,0,3,3,,2224,0,2,0,0,0,0,4,3,3,0,2,3,,N,,,,,,,,,,,
2006124292,826.0,2,0,0,0,0,0,0,0,0,4,0,,67,10,2006,2,40.0384,-75.0362,825.0,6,0,0,0,0,0,0,0,1,,0,0,0,8,1,1,1,,0.0,40 02:18.000,,0,75 02:10.485,4,0,0,0,67301,0,0,0,N,0,0,0,2,67301,1,,1,1,,N,N,,0,,0,0,0,9,2,,815,1,2,0,0,0,0,0,3,4,0,2,3,,N,,,,,,,,,,,
2006102359,1417.0,0,0,0,0,0,0,1,0,0,8,1,,67,9,2006,4,,,1412.0,6,0,0,0,0,0,0,0,0,,0,0,0,14,1,1,1,,0.0,,,0,,4,0,0,0,67301,1,0,0,N,1,0,0,2,67301,1,,1,1,,N,N,,0,,0,0,0,9,3,,1410,1,2,0,0,0,0,1,3,3,0,1,3,,N,,,,,,,,,,,
2006124424,725.0,1,0,0,1,0,0,0,0,0,5,0,,67,10,2006,2,39.9576,-75.206,725.0,6,0,0,0,0,0,0,0,0,,0,0,0,99,1,1,1,,0.0,39 57:27.000,,0,75 12:21.753,4,0,0,0,67301,1,0,0,N,0,0,0,2,67301,1,,1,1,,N,N,,0,,0,0,0,9,2,,9999,1,2,0,0,0,0,0,3,4,0,1,3,,N,,,,,,,,,,,
2006102175,1450.0,2,0,0,0,0,0,0,0,0,4,0,,67,9,2006,2,40.0207,-75.1245,1450.0,6,0,0,0,0,1,0,0,0,,0,0,0,14,1,1,1,,0.0,40 01:14.667,,0,75 07:28.297,8,0,0,0,67301,0,0,0,N,0,0,0,2,67301,0,,1,1,,N,N,,0,,0,0,0,2,3,,1445,1,3,0,0,0,1,0,3,4,1,3,3,,N,,,,,,,,,,,
2006115135,119.0,2,0,0,0,0,0,0,0,0,7,0,,67,10,2006,4,39.9887,-75.2068,115.0,6,0,0,0,1,0,0,0,0,1.0,0,0,0,1,3,0,0,,1.0,39 59:20.706,3.0,0,75 12:23.204,9,0,0,0,67301,0,0,0,N,0,0,0,2,67301,0,,2,9,,N,N,,0,,0,0,0,0,0,N,115,0,2,0,0,0,0,1,3,4,0,2,7,,N,,,,,,,,,,,
2006114388,1604.0,2,0,0,0,0,0,0,0,0,1,0,,67,10,2006,1,39.958,-75.2216,1604.0,6,0,0,0,0,0,0,1,0,,0,0,0,14,1,0,0,,0.0,39 57:29.000,,0,75 13:17.880,0,0,0,0,67301,0,0,0,N,0,0,0,1,67301,0,,6,1,,N,N,,0,,0,0,0,0,0,,1421,0,2,0,0,0,0,0,3,4,0,2,3,,N,,,,,,,,,,,
2006102579,825.0,1,0,0,0,0,0,0,0,0,5,0,,67,8,2006,4,39.9599,-75.2368,820.0,6,0,0,0,0,0,0,0,1,,0,1,0,8,1,1,0,,0.0,39 57:35.000,,0,75 14:12.416,4,0,0,0,67301,0,0,0,N,0,0,0,4,67301,1,,1,1,,N,N,,0,,0,0,0,0,0,,817,1,2,0,0,2,0,0,3,4,0,2,99,,N,,,,,,,,,,,
2006102628,1608.0,1,0,0,0,0,0,0,0,0,8,0,,67,8,2006,1,,,1606.0,6,0,0,0,0,0,0,0,0,,0,0,0,16,1,0,1,,0.0,,,0,,9,0,0,0,67301,1,0,0,N,1,0,0,3,67301,0,,1,1,,N,N,,0,,0,0,0,3,3,,1605,0,2,0,0,0,0,1,3,3,0,1,3,,N,,,,,,,,,,,
2006105169,1550.0,2,0,0,0,0,0,0,0,0,1,0,,67,9,2006,6,40.0681,-75.0843,1523.0,6,0,0,0,0,0,0,0,1,,0,0,0,14,1,1,0,,0.0,40 04:05.000,,0,75 05:03.370,4,0,0,0,67301,0,0,0,N,0,0,0,3,67301,1,,1,1,,N,N,,0,,0,0,0,0,0,,1445,1,2,0,0,0,0,0,3,4,0,2,3,,N,,,,,,,,,,,
2006126831,240.0,1,0,0,0,0,0,0,0,0,8,0,,67,10,2006,6,40.0231,-75.1357,238.0,6,0,0,0,0,0,1,0,0,2.0,1,0,0,2,3,0,0,,2.0,40 01:23.160,1.0,0,75 08:08.520,1,0,0,0,67301,1,1,0,N,1,1,0,2,67301,0,2.0,1,1,,N,N,,0,0.0,0,0,0,0,0,Y,235,0,2,0,0,0,0,0,3,4,0,1,3,,N,,,,,,,,,,,
2006123813,9999.0,1,0,0,0,0,0,0,0,0,8,0,,67,10,2006,1,,,459.0,6,0,0,0,0,0,0,0,0,,0,0,0,99,3,1,1,,0.0,,,0,,4,0,0,0,67301,1,0,0,N,1,0,0,2,67301,1,,1,1,,N,N,,0,,0,0,0,3,2,,9999,1,2,0,0,0,0,0,3,3,0,1,3,,N,,,,,,,,,,,
2006123814,1615.0,2,0,0,0,0,0,0,0,0,6,0,,67,10,2006,1,,,1610.0,6,0,0,0,0,1,0,0,0,,0,0,0,16,1,1,1,,0.0,,,0,,4,0,0,0,67301,0,0,0,N,0,0,0,4,67301,1,,1,1,,N,N,,0,,0,0,0,3,2,,1607,1,2,0,0,0,0,0,3,3,0,2,3,,N,,,,,,,,,,,
2006093591,1722.0,0,0,0,0,0,0,0,0,0,8,0,,67,8,2006,4,40.0457,-75.0315,1718.0,6,0,0,0,0,0,0,0,0,,0,0,0,99,1,1,1,,0.0,40 02:44.000,,0,75 01:53.426,8,0,0,0,67301,1,0,0,,1,0,0,2,67301,0,,1,1,,N,N,,0,,0,0,1,3,2,,9999,1,2,0,0,0,1,0,3,4,0,1,3,,N,,,,,,,,,,,
2006054572,1325.0,2,0,0,0,0,0,0,0,0,1,0,,67,4,2006,5,39.9581,-75.164,1323.0,6,0,0,0,0,0,0,1,0,,0,0,0,13,1,2,0,,0.0,39 57:28.000,,0,75 09:50.350,8,0,0,0,67301,0,0,0,,0,0,0,3,67301,0,,1,1,,,,,0,,0,0,0,0,0,,1316,2,2,0,0,0,2,0,3,4,0,2,3,,N,,,,,,,,,,,
2006054600,617.0,1,0,0,0,0,0,0,0,0,4,0,,67,4,2006,6,40.0481,-75.0691,614.0,6,0,0,0,0,0,0,0,0,1.0,0,0,0,6,1,5,1,,1.0,40 02:52.988,1.0,0,75 04:08.639,8,0,0,0,67301,0,0,0,N,0,0,0,5,67301,0,,1,1,,N,N,,0,,0,0,0,3,2,N,611,5,2,0,0,0,5,0,3,4,1,2,3,,N,,,,,,,,,,,
2006080902,953.0,2,0,0,0,0,0,0,0,0,5,0,,67,6,2006,5,39.9778,-75.1191,940.0,6,0,0,0,0,0,0,0,0,,0,0,0,9,1,1,1,,0.0,39 58:45.000,,0,75 07:06.124,4,0,0,0,67301,0,0,0,N,0,0,0,2,67301,1,,1,1,,N,N,,0,,0,0,0,9,2,,950,1,2,0,0,0,0,0,3,4,0,2,3,,N,,,,,,,,,,,
2006103664,705.0,2,0,0,0,0,0,0,0,0,4,0,,67,9,2006,7,39.9532,-75.2487,704.0,6,0,0,0,0,0,0,0,0,,0,0,0,7,1,3,2,,0.0,39 57:11.000,,0,75 14:55.522,2,0,0,0,67301,0,0,0,N,0,0,0,3,67301,0,,1,9,,N,N,,0,,2,1,0,3,2,,703,3,2,0,0,0,0,0,3,4,0,2,7,,N,,,,,,,,,,,
2006103669,710.0,5,0,0,0,0,0,0,0,0,1,0,,67,9,2006,5,40.0991,-75.0205,705.0,6,0,0,0,1,0,0,0,0,,0,0,0,6,1,2,0,,0.0,40 05:56.911,,0,75 01:13.782,4,0,0,0,67301,0,0,0,N,0,0,0,5,67301,2,,1,9,,N,N,,0,,0,0,0,0,0,,650,2,5,0,0,0,0,0,3,4,0,5,7,,N,,,,,,,,,,,
2006096434,836.0,1,0,0,0,0,0,0,0,0,4,0,,67,8,2006,4,39.9746,-75.1995,834.0,6,0,0,0,0,0,1,0,0,,0,0,0,8,1,1,1,,0.0,39 58:28.000,,0,75 11:57.416,4,0,0,1,67301,0,0,0,N,0,0,0,2,67301,1,,1,1,,N,N,,0,,0,0,0,3,2,,834,1,2,0,0,1,0,0,3,4,0,2,3,,N,,,,,,,,,,,
2006096529,2301.0,1,0,0,0,0,0,0,0,0,7,0,,67,5,2006,4,39.9384,-75.1977,2250.0,6,0,0,0,0,0,1,0,0,2.0,0,0,0,22,3,2,0,,2.0,39 56:21.000,3.0,0,75 11:48.210,8,0,0,0,67301,0,0,0,Y,0,0,0,5,67301,0,,2,1,,N,N,,0,,0,0,0,0,0,N,2247,2,2,0,0,0,2,1,3,4,1,2,3,,N,,,,,,,,,,,
2006104329,941.0,1,0,0,0,0,0,0,0,0,4,0,,67,9,2006,4,40.0017,-75.1537,936.0,6,0,0,0,0,0,0,0,0,,0,0,0,8,1,2,2,,0.0,40 00:06.000,,0,75 09:14.437,4,0,0,0,67301,0,0,0,N,0,0,0,3,67301,2,,1,1,,N,N,,1,,0,0,0,0,0,,803,2,2,0,0,0,0,0,3,4,0,2,3,,N,,,,,,,,,,,
2006101840,754.0,2,0,0,0,0,0,0,0,0,5,0,,67,9,2006,5,39.9906,-75.1849,748.0,6,0,0,0,0,0,0,0,0,,0,0,0,99,3,0,1,,0.0,39 59:26.000,,0,75 11:05.464,0,0,0,0,67301,0,0,0,,0,0,0,2,67301,0,,1,1,,,,,0,,0,0,0,0,0,,9999,0,2,0,0,0,0,0,3,4,0,2,3,,N,,,,,,,,,,,
2006102834,1316.0,1,0,0,0,0,0,0,0,0,7,0,,67,9,2006,3,39.9788,-75.203,1311.0,6,0,0,0,0,0,0,0,0,1.0,0,0,0,13,1,1,1,,2.0,39 58:44.000,4.0,2,75 12:11.211,8,0,0,0,67301,0,0,0,N,0,0,0,1,67301,0,,2,1,,N,N,,0,,0,0,0,0,0,N,1310,1,1,0,0,0,1,0,3,4,0,1,3,,N,,,,,,,,,,,
2006082648,1445.0,1,0,0,0,0,0,0,0,0,8,0,,67,7,2006,6,39.9548,-75.1664,1440.0,6,0,0,0,0,0,0,0,0,,0,0,0,14,1,1,2,,0.0,39 57:17.215,,0,75 09:58.983,3,0,0,0,67301,1,0,0,N,1,0,0,3,67301,0,,1,1,,N,N,,0,,1,0,0,3,2,,1435,1,2,0,0,1,0,0,3,4,0,1,3,,N,,,,,,,,,,,
2006082674,7.0,1,0,0,0,0,0,0,0,0,7,0,,67,7,2006,5,,,5.0,6,0,0,0,0,0,0,0,0,,0,0,0,99,2,0,0,,0.0,,,0,,9,0,0,0,67301,0,0,0,N,0,0,0,1,67301,0,,5,1,,N,N,,0,,0,0,0,0,0,,9999,0,1,0,0,0,0,1,3,3,0,1,3,,N,,,,,,,,,,,
2006080827,1513.0,1,0,0,0,0,0,1,0,0,4,1,,67,7,2006,1,,,1511.0,6,0,0,0,0,0,0,0,0,1.0,0,0,0,15,1,8,1,,1.0,,4.0,0,,3,0,0,0,67301,0,0,0,N,0,0,0,8,67301,6,,1,1,,N,N,,0,,2,0,0,3,2,Y,1505,8,2,0,0,0,0,0,3,3,0,2,3,,N,,,,,,,,,,,
2006080838,1417.0,2,0,0,0,0,0,0,0,0,1,0,,67,6,2006,2,39.9525,-75.1625,1415.0,6,0,0,0,0,1,0,0,0,9.0,0,0,0,14,1,0,1,,1.0,39 57:08.000,4.0,0,75 09:44.926,0,0,0,0,67301,0,0,0,N,0,0,0,3,67301,0,,1,9,,N,N,,1,,0,0,0,0,0,N,1410,0,3,0,0,0,0,0,3,4,0,3,7,,N,,,,,,,,,,,
2006083113,2023.0,2,0,0,0,0,0,0,0,0,4,0,,67,7,2006,1,39.9636,-75.2466,2018.0,6,0,0,0,0,0,1,0,0,,0,0,0,20,1,0,0,,0.0,39 57:45.720,,0,75 14:48.480,9,0,0,0,67301,0,0,0,N,0,0,0,6,67301,0,,1,1,,N,N,,0,,0,0,0,0,0,,2010,0,2,0,0,0,0,5,3,4,0,2,3,,N,,,,,,,,,,,
2006021602,716.0,1,0,0,0,0,0,0,0,0,7,0,,67,1,2006,1,39.9789,-75.2031,706.0,6,0,0,0,0,0,0,0,0,2.0,0,0,0,7,1,1,0,,2.0,39 58:46.000,4.0,0,75 12:15.362,4,0,0,0,67301,0,0,0,N,0,0,0,1,67301,1,,2,1,,N,N,,0,,0,0,0,3,8,N,700,1,1,0,0,0,0,0,3,4,0,1,3,,N,,,,,,,,,,,
2006021615,1640.0,2,0,0,0,0,0,0,0,0,4,0,,67,1,2006,4,40.0371,-75.0765,1633.0,6,0,0,0,1,0,0,0,0,,0,0,0,14,1,0,1,,0.0,40 02:13.434,,0,75 04:35.432,0,0,0,0,67301,0,0,0,N,0,0,0,2,67301,0,,1,9,,N,N,,0,,0,0,0,3,3,,1445,0,2,0,0,0,0,0,3,4,0,2,7,,N,,,,,,,,,,,
2006103119,1205.0,0,0,0,0,0,0,0,0,0,8,0,,67,9,2006,2,,,1159.0,6,0,0,0,0,0,0,0,0,,0,0,0,11,1,1,0,,0.0,,,0,,8,0,0,0,67301,1,0,0,N,1,0,0,2,67301,0,,1,1,,N,N,,1,,0,0,0,9,3,,1158,1,2,0,0,0,1,0,3,3,0,1,3,,N,,,,,,,,,,,
2006103538,1715.0,2,0,0,0,0,0,0,0,0,4,0,,67,8,2006,5,40.0112,-75.0605,1710.0,6,0,0,0,1,1,0,0,0,1.0,0,0,0,16,1,1,0,,1.0,40 00:40.000,1.0,7,75 03:37.923,8,0,0,0,67301,0,0,0,N,0,0,0,2,67301,0,,1,1,,N,N,,0,,0,0,0,0,0,N,1655,1,2,0,0,0,1,1,3,4,0,2,3,,N,,,,,,,,,,,
2006080096,9999.0,2,0,0,0,0,0,0,0,0,4,0,,67,6,2006,6,40.0223,-75.162,9999.0,6,0,0,0,0,0,0,0,0,,0,0,0,99,1,5,1,,0.0,40 01:20.000,,0,75 09:43.405,8,0,0,0,67301,0,0,0,N,0,0,0,6,67301,0,,1,1,,N,N,,0,,0,0,0,0,0,,9999,5,2,0,0,0,5,0,3,4,0,2,3,,N,,,,,,,,,,,
2006080258,1955.0,2,0,0,0,0,0,0,0,0,1,0,,67,6,2006,6,40.0668,-75.1585,1950.0,6,0,0,0,1,0,0,0,0,,0,0,0,19,1,1,0,,0.0,40 04:00.480,,0,75 09:30.240,4,0,0,0,67301,0,0,0,N,0,0,0,3,67301,1,,1,1,,N,N,,0,,0,0,0,3,2,,1905,1,2,0,0,0,0,0,3,4,0,2,3,,N,,,,,,,,,,,
2006115672,2316.0,4,0,0,0,0,0,0,0,0,5,0,,67,9,2006,7,40.0328,-75.2163,2308.0,6,0,0,0,0,0,0,1,0,,0,0,0,23,3,0,0,,0.0,40 01:58.087,,0,75 12:58.586,0,0,0,0,67301,0,0,0,,0,0,0,1,67301,0,,1,1,,,,,0,,0,0,3,0,0,,2300,0,7,0,0,0,0,0,3,4,0,7,3,,N,,,,,,,,,,,
2006065604,359.0,2,0,0,0,0,0,0,0,0,4,0,,67,5,2006,1,40.0395,-75.0458,357.0,6,0,0,0,0,0,0,0,0,,0,0,0,3,3,0,1,,0.0,40 02:22.000,,0,75 02:45.213,0,0,0,0,67301,0,0,0,,0,0,0,2,67301,0,,1,1,,N,N,,0,,0,0,0,3,2,,350,0,2,0,0,0,0,0,3,4,0,2,3,,N,,,,,,,,,,,
2006065645,824.0,2,0,0,0,0,0,0,0,0,4,0,,67,5,2006,6,,,824.0,6,0,0,0,0,0,0,0,0,,0,0,0,8,1,1,1,,0.0,,,0,,4,0,0,0,67301,0,0,0,N,0,0,0,3,67301,1,,1,9,,N,N,,0,,0,0,0,9,3,,824,1,2,0,0,1,0,0,3,3,0,2,98,,N,,,,,,,,,,,
2006095972,1602.0,1,0,0,0,0,0,0,0,0,4,0,,67,8,2006,3,39.9787,-75.158,1602.0,6,0,0,0,0,0,0,0,0,,0,0,0,16,1,1,0,,0.0,39 58:43.000,,0,75 09:28.704,4,0,0,1,67301,0,0,0,N,0,0,0,2,67301,1,,2,1,,N,N,,0,,0,0,0,3,2,,1600,1,2,0,0,0,0,0,3,4,0,2,3,,N,,,,,,,,,,,
2006065740,1120.0,1,0,0,0,0,0,0,0,0,8,0,,67,5,2006,4,39.9592,-75.225,1116.0,6,0,0,0,0,0,0,0,0,,0,0,0,11,1,1,2,,0.0,39 57:33.000,,0,75 13:30.164,4,0,0,0,67301,1,0,0,N,1,0,0,2,67301,1,,1,1,,N,N,,0,,0,0,0,0,0,,1116,1,2,0,0,1,0,0,3,4,0,1,3,,N,,,,,,,,,,,