CRN,ARRIVAL_TM,AUTOMOBILE_COUNT,BELTED_DEATH_COUNT,BELTED_SUSP_SERIOUS_INJ_COUNT,BICYCLE_COUNT,BICYCLE_DEATH_COUNT,BICYCLE_SUSP_SERIOUS_INJ_COUNT,BUS_COUNT,CHLDPAS_DEATH_COUNT,CHLDPAS_SUSP_SERIOUS_INJ_COUNT,COLLISION_TYPE,COMM_VEH_COUNT,CONS_ZONE_SPD_LIM,COUNTY,CRASH_MONTH,CRASH_YEAR,DAY_OF_WEEK,DEC_LAT,DEC_LONG,DISPATCH_TM,DISTRICT,DRIVER_COUNT_16YR,DRIVER_COUNT_17YR,DRIVER_COUNT_18YR,DRIVER_COUNT_19YR,DRIVER_COUNT_20YR,DRIVER_COUNT_50_64YR,DRIVER_COUNT_65_74YR,DRIVER_COUNT_75PLUS,EST_HRS_CLOSED,FATAL_COUNT,HEAVY_TRUCK_COUNT,HORSE_BUGGY_COUNT,HOUR_OF_DAY,ILLUMINATION,INJURY_COUNT,INTERSECT_TYPE,INTERSECTION_RELATED,LANE_CLOSED,LATITUDE,LN_CLOSE_DIR,LOCATION_TYPE,LONGITUDE,MAX_SEVERITY_LEVEL,MCYCLE_DEATH_COUNT,MCYCLE_SUSP_SERIOUS_INJ_COUNT,MOTORCYCLE_COUNT,MUNICIPALITY,NONMOTR_COUNT,NONMOTR_DEATH_COUNT,NONMOTR_SUSP_SERIOUS_INJ_COUNT,NTFY_HIWY_MAINT,PED_COUNT,PED_DEATH_COUNT,PED_SUSP_SERIOUS_INJ_COUNT,PERSON_COUNT,POLICE_AGCY,POSSIBLE_INJ_COUNT,RDWY_SURF_TYPE_CD,RELATION_TO_ROAD,ROAD_CONDITION,ROADWAY_CLEARED,SCH_BUS_IND,SCH_ZONE_IND,SECONDARY_CRASH,SMALL_TRUCK_COUNT,SPEC_JURIS_CD,SUSP_MINOR_INJ_COUNT,SUSP_SERIOUS_INJ_COUNT,SUV_COUNT,TCD_FUNC_CD,TCD_TYPE,TFC_DETOUR_IND,TIME_OF_DAY,TOT_INJ_COUNT,TOTAL_UNITS,UNB_DEATH_COUNT,UNB_SUSP_SERIOUS_INJ_COUNT,UNBELTED_OCC_COUNT,UNK_INJ_DEG_COUNT,UNK_INJ_PER_COUNT,URBAN_AREA,URBAN_RURAL,VAN_COUNT,VEHICLE_COUNT,WEATHER1,WEATHER2,WORK_ZONE_IND,WORK_ZONE_LOC,WORK_ZONE_TYPE,WORKERS_PRES,WZ_CLOSE_DETOUR,WZ_FLAGGER,WZ_LAW_OFFCR_IND,WZ_LN_CLOSURE,WZ_MOVING,WZ_OTHER,WZ_SHLDER_MDN,WZ_WORKERS_INJ_KILLED
2006065745,1118.0,0,0,0,0,0,0,0,0,0,8,0,,67,5,2006,4,39.9488,-75.215,1118.0,6,0,0,0,0,0,0,0,0,1.0,0,0,0,11,1,1,5,,2.0,39 56:56.000,6.0,0,75 12:54.158,3,0,0,0,67301,1,0,0,,1,0,0,2,67301,0,,1,1,,N,N,,1,,1,0,0,3,2,Y,1118,1,2,0,0,0,0,0,3,4,0,1,3,,N,,,,,,,,,,,
2006065784,1717.0,1,0,0,0,0,0,0,0,0,4,0,,67,5,2006,4,40.0288,-75.0754,1717.0,6,0,0,0,0,1,0,0,0,,0,0,0,99,1,1,1,,0.0,40 01:43.798,,0,75 04:31.490,3,0,0,1,67301,0,0,0,N,0,0,0,2,67301,0,,1,1,,N,N,,0,,1,0,0,0,0,,9999,1,2,0,0,0,0,0,3,4,0,2,3,,N,,,,,,,,,,,
2006112790,1440.0,0,0,0,0,0,0,0,0,0,8,1,,67,9,2006,6,40.0653,-75.0904,1430.0,6,0,0,0,0,0,0,0,0,,0,1,0,14,1,1,1,,0.0,40 03:55.029,,0,75 05:25.275,8,0,0,0,67301,1,0,0,N,1,0,0,2,67301,0,,1,1,,N,N,,0,,0,0,0,3,2,,1425,1,2,0,0,0,1,0,3,4,0,1,3,,N,,,,,,,,,,,
2006112837,152.0,2,0,0,0,0,0,0,0,0,4,0,,67,9,2006,6,40.0407,-75.1584,149.0,6,0,0,0,0,0,0,0,0,,0,0,0,1,3,1,2,,0.0,40 02:26.566,,0,75 09:30.254,4,0,0,0,67301,0,0,0,N,0,0,0,2,67301,1,,1,9,,N,N,,0,,0,0,0,3,3,,145,1,2,0,0,0,0,0,3,4,0,2,7,,N,,,,,,,,,,,
2006125436,910.0,0,0,0,0,0,0,1,0,0,1,1,,67,11,2006,4,40.0128,-75.1745,907.0,6,0,0,0,0,0,0,0,0,,0,0,0,9,1,2,2,,0.0,40 00:46.062,,0,75 10:28.101,8,0,0,0,67301,0,0,0,,0,0,0,16,67301,0,,1,1,,Y,,,0,,0,0,0,0,0,,900,2,2,0,0,0,2,14,3,4,1,2,3,,N,,,,,,,,,,,
2006124289,220.0,1,0,0,0,0,0,0,0,0,8,0,,67,10,2006,6,40.0418,-75.027,217.0,6,0,0,0,0,0,0,0,0,,0,0,0,0,2,1,0,,0.0,40 02:30.585,,0,75 01:37.079,4,0,0,0,67301,1,0,0,N,1,0,0,2,67301,1,,1,1,,N,N,,0,,0,0,0,0,0,,5,1,2,0,0,0,0,0,3,4,0,1,3,,N,,,,,,,,,,,
2006122213,808.0,0,0,0,0,0,0,0,0,0,1,0,,67,8,2006,3,,,804.0,6,0,0,0,0,0,0,0,0,,0,0,0,8,1,1,0,,0.0,,,0,,8,0,0,0,67301,0,0,0,N,0,0,0,1,67301,0,,2,1,,N,N,,1,,0,0,0,0,0,,804,1,2,0,0,0,1,0,3,3,1,2,3,,N,,,,,,,,,,,
2006102356,2136.0,1,0,0,0,0,0,0,0,0,7,0,,67,8,2006,2,39.9273,-75.1448,2135.0,6,0,0,0,0,0,0,0,0,,0,0,0,99,3,1,9,,0.0,39 55:38.000,,0,75 08:40.870,8,0,0,0,67301,0,0,0,N,0,0,0,1,67301,0,,3,1,,N,N,,0,,0,0,0,0,0,,9999,1,1,0,0,0,1,0,3,4,0,1,3,,N,,,,,,,,,,,
2006102170,1557.0,1,0,0,0,0,0,0,0,0,8,0,,67,9,2006,4,,,1557.0,6,0,0,0,0,0,0,0,0,,0,0,0,15,1,1,1,,0.0,,,0,,8,0,0,0,67301,1,0,0,N,1,0,0,2,67301,0,,1,1,,N,N,,0,,0,0,0,3,2,,1553,1,2,0,0,0,1,0,3,3,0,1,3,,N,,,,,,,,,,,
2006102178,1510.0,1,0,0,0,0,0,0,0,0,4,0,,67,9,2006,3,40.0148,-75.0682,1506.0,6,0,0,0,0,0,0,0,0,1.0,0,0,0,15,1,1,1,,1.0,40 00:53.000,2.0,0,75 04:05.298,8,0,0,1,67301,0,0,0,N,0,0,0,2,67301,0,,1,1,,N,Y,,0,,0,0,0,3,2,Y,1505,1,2,0,0,0,1,1,3,4,0,2,3,,N,,,,,,,,,,,
2006115120,1735.0,2,0,0,0,0,0,0,0,0,5,0,,67,9,2006,6,40.0211,-75.1399,1730.0,6,0,0,0,0,1,0,0,0,,0,0,0,16,1,1,1,,0.0,40 01:15.000,,0,75 08:24.542,4,0,0,0,67301,0,0,0,N,0,0,0,2,67301,1,,1,9,,N,N,,0,,0,0,0,3,2,,1605,1,2,0,0,0,0,1,3,4,0,2,3,,N,,,,,,,,,,,
2006114800,2110.0,1,0,0,0,0,0,0,0,0,4,0,,67,10,2006,1,39.9865,-75.2051,2105.0,6,0,0,0,0,0,0,0,0,,0,0,0,21,3,1,1,,0.0,39 59:11.558,,0,75 12:18.363,8,0,0,0,67301,0,0,0,N,0,0,0,2,67301,0,,1,1,,N,N,,0,,0,0,0,3,2,,2105,1,2,0,0,1,1,1,3,4,1,2,3,,N,,,,,,,,,,,
2006105093,2239.0,1,0,0,0,0,0,0,0,0,7,0,,67,9,2006,7,40.012,-75.2033,2233.0,6,0,0,0,0,0,0,0,0,,0,0,0,22,3,0,6,,0.0,40 00:43.045,,2,75 12:11.870,0,0,0,0,67301,0,0,0,N,0,0,0,1,67301,0,,7,9,,N,N,,0,,0,0,0,0,0,,2220,0,1,0,0,0,0,0,3,4,0,1,7,,N,,,,,,,,,,,
2006105118,1144.0,2,0,0,0,0,0,0,0,0,4,0,,67,9,2006,7,,,1143.0,6,0,0,0,0,0,0,0,0,,0,0,0,11,1,3,1,,0.0,,,0,,4,0,0,0,67301,0,0,0,N,0,0,0,4,67301,3,,1,1,,N,N,,0,,0,0,0,9,2,,1143,3,2,0,0,0,0,0,3,3,0,2,3,,N,,,,,,,,,,,
2006126819,740.0,3,0,0,0,0,0,0,0,0,4,0,,67,11,2006,5,39.9778,-75.2134,735.0,6,0,0,0,0,0,0,0,0,2.0,0,0,0,7,1,1,1,,1.0,39 58:39.000,1.0,0,75 12:47.892,3,0,0,0,67301,0,0,0,N,0,0,0,7,67301,0,,1,9,,N,N,,1,,1,0,1,0,0,N,700,1,5,0,0,0,0,0,3,4,0,5,7,,N,,,,,,,,,,,
2006124006,1640.0,0,0,0,0,0,0,0,0,0,8,0,,67,10,2006,2,,,1632.0,6,0,0,0,0,0,0,0,0,,0,0,0,16,1,1,1,,0.0,,,0,,4,0,0,0,67301,1,0,0,N,1,0,0,2,67301,1,,1,1,,N,N,,0,,0,0,1,3,2,,1625,1,2,0,0,0,0,0,3,3,0,1,3,,N,,,,,,,,,,,
2006093431,1138.0,1,0,0,0,0,0,0,0,0,4,0,,67,8,2006,2,40.0556,-75.1856,1130.0,6,0,0,0,0,0,1,0,0,,0,1,0,11,1,3,1,,0.0,40 03:20.242,,0,75 11:08.253,4,0,0,0,67301,0,0,0,N,0,0,0,4,67301,2,,1,1,,N,N,,0,,0,0,0,9,3,,1111,3,2,0,0,0,1,0,3,4,0,2,3,,N,,,,,,,,,,,
2006091083,1649.0,2,0,0,0,0,0,0,0,0,4,0,,67,9,2006,6,39.9803,-75.269,9999.0,6,0,0,0,0,0,0,0,0,,0,0,0,16,1,0,0,,0.0,39 58:49.000,,0,75 16:08.374,0,0,0,0,67301,0,0,0,N,0,0,0,3,46104,0,,1,9,,N,N,,0,,0,0,0,0,0,,1645,0,2,0,0,1,0,0,3,4,0,2,7,,N,,,,,,,,,,,
2006054602,914.0,2,0,0,0,0,0,0,0,0,2,0,,67,4,2006,4,,,9999.0,6,0,0,0,0,0,0,0,0,,0,0,0,9,1,1,1,,0.0,,,0,,4,0,0,0,67301,0,0,0,N,0,0,0,2,67301,1,,1,1,,N,N,,0,,0,0,0,0,0,,900,1,2,0,0,0,0,0,3,3,0,2,3,,N,,,,,,,,,,,
2006080919,1325.0,2,0,0,0,0,0,0,0,0,2,0,,67,6,2006,3,,,325.0,6,0,0,0,0,0,0,0,0,,0,0,0,13,1,0,1,,0.0,,,7,,0,0,0,0,67301,0,0,0,N,0,0,0,2,67301,0,,1,1,,N,N,,0,,0,0,0,3,2,,1325,0,2,0,0,0,0,0,3,3,0,2,3,,N,,,,,,,,,,,
2006104277,1250.0,1,0,0,0,0,0,0,0,0,8,0,,67,8,2006,4,39.9636,-75.1588,1220.0,6,0,0,0,0,0,0,0,0,,0,0,0,99,1,1,1,,0.0,39 57:49.000,,0,75 09:31.134,4,0,0,0,67301,1,0,0,N,1,0,0,2,67301,1,,1,1,,N,N,,0,,0,0,0,9,2,,9999,1,2,0,0,0,0,0,3,4,0,1,3,,N,,,,,,,,,,,
2006125510,1515.0,4,0,0,0,0,0,0,0,0,1,0,,67,11,2006,2,40.0235,-75.1335,1505.0,6,0,0,0,1,0,1,0,0,,0,0,0,14,1,3,1,,0.0,40 01:24.000,,0,75 07:59.596,3,0,0,0,67301,0,0,0,,0,0,0,4,67301,2,,1,1,,N,,,0,,1,0,0,3,2,,1450,3,4,0,0,3,0,0,3,4,0,4,3,,N,,,,,,,,,,,
2006106268,1538.0,0,0,0,0,0,0,0,0,0,1,0,,67,8,2006,3,40.047,-75.1266,1532.0,6,0,0,0,0,0,0,0,0,,0,0,0,15,1,2,0,,0.0,40 02:49.192,,0,75 07:35.875,4,0,0,0,67301,0,0,0,N,0,0,0,2,67301,2,,1,1,,N,N,,0,,0,0,1,0,0,,1530,2,2,0,0,0,0,0,3,4,1,2,3,,N,,,,,,,,,,,
2006102823,210.0,5,0,0,0,0,0,0,0,0,6,0,,67,9,2006,3,40.0529,-75.1529,207.0,6,0,0,0,0,0,0,0,0,,0,0,0,2,3,1,0,,0.0,40 03:10.000,,0,75 09:10.735,4,0,0,0,67301,0,0,0,N,0,0,0,2,67301,1,,1,1,,N,N,,0,,0,0,0,0,0,,207,1,5,0,0,0,0,0,3,4,0,5,3,,N,,,,,,,,,,,
2006102846,1612.0,2,0,0,0,0,0,0,0,0,4,0,,67,9,2006,3,39.9169,-75.216,1610.0,6,0,0,0,0,0,0,0,0,,0,0,0,15,1,1,1,,0.0,39 55:06.000,,0,75 12:31.679,8,0,0,0,67301,0,0,0,N,0,0,0,3,67301,0,,1,1,,N,N,,0,,0,0,0,3,2,,1530,1,2,0,0,0,1,1,3,4,0,2,3,,N,,,,,,,,,,,
2006065983,1335.0,2,0,0,0,0,0,0,0,0,4,0,,67,5,2006,4,,,1330.0,6,0,0,0,0,0,0,1,0,,0,0,0,12,1,1,0,,0.0,,,0,,4,0,0,0,67301,0,0,0,N,0,0,0,3,67301,1,,1,1,,N,N,,0,,0,0,0,3,2,,1230,1,2,0,0,0,0,0,3,3,0,2,3,,N,,,,,,,,,,,
2006080546,1941.0,2,0,0,0,0,0,0,0,0,4,0,,67,6,2006,1,40.0601,-75.0463,1930.0,6,1,0,0,0,0,0,0,0,,0,0,0,19,1,1,1,,0.0,40 03:36.388,,0,75 02:46.694,4,0,0,0,67301,0,0,0,N,0,0,0,2,67301,1,,1,1,,N,N,,0,,0,0,0,3,3,,1927,1,2,0,0,0,0,0,3,4,0,2,3,,N,,,,,,,,,,,
2006080673,1218.0,1,0,0,0,0,0,0,0,0,4,0,,67,7,2006,2,40.0808,-75.0286,1157.0,6,0,0,0,0,0,0,1,0,,0,0,0,11,1,1,5,,0.0,40 04:50.000,,0,75 01:42.294,4,0,0,0,67301,0,0,0,N,0,0,0,3,67301,1,,1,1,,N,N,,1,,0,0,0,3,2,,1140,1,2,0,0,0,0,1,3,4,0,2,3,,N,,,,,,,,,,,
2006082679,9999.0,2,0,0,0,0,0,0,0,0,4,0,,67,7,2006,7,,,9999.0,6,0,0,0,0,1,1,0,0,,0,0,0,99,1,2,1,,0.0,,,0,,4,0,0,0,67301,0,0,0,N,0,0,0,5,67301,2,,1,1,,N,N,,0,,0,0,0,3,2,,9999,2,2,0,0,0,0,0,3,3,0,2,3,,N,,,,,,,,,,,
2006080799,1515.0,1,0,0,0,0,0,0,0,0,1,0,,67,7,2006,3,39.9388,-75.1984,1515.0,6,0,0,0,0,0,0,0,0,,0,0,0,15,1,0,1,,0.0,39 56:22.000,,0,75 11:53.449,0,0,0,0,67301,0,0,0,N,0,0,0,2,67301,0,,9,1,,N,N,,1,,0,0,0,0,0,,1515,0,2,0,0,0,0,0,3,4,0,2,3,,N,,,,,,,,,,,
2006080802,1537.0,0,0,0,0,0,0,0,0,0,4,0,,67,5,2006,2,40.087,-75.0357,1530.0,6,0,0,0,0,0,0,0,0,1.0,0,0,0,15,1,0,0,,1.0,40 05:13.318,2.0,0,75 02:08.531,0,0,0,0,67301,0,0,0,N,0,0,0,2,67301,0,,1,1,,N,N,,0,,0,0,1,0,0,N,1528,0,2,0,0,0,0,0,3,4,1,2,3,,N,,,,,,,,,,,
2006082958,853.0,2,0,0,0,0,0,0,0,0,1,0,,67,7,2006,7,40.0568,-75.0311,948.0,6,0,0,0,0,0,0,0,1,1.0,0,0,0,9,1,1,1,,2.0,40 03:24.000,4.0,0,75 01:51.716,8,0,0,0,67301,0,0,0,N,0,0,0,2,67301,0,,1,1,,N,N,,0,,0,0,0,3,2,Y,945,1,2,0,0,0,1,0,3,4,0,2,3,,N,,,,,,,,,,,
2006021606,255.0,1,0,0,0,0,0,0,0,0,7,0,,67,1,2006,3,39.9514,-75.1827,255.0,6,0,0,0,0,0,0,0,0,,0,0,0,2,3,0,7,,0.0,39 57:08.000,,2,75 10:55.228,0,0,0,0,67301,0,0,0,N,0,0,0,1,67301,0,,2,9,,N,N,,0,,0,0,0,0,0,,230,0,1,0,0,0,0,0,3,4,0,1,7,,N,,,,,,,,,,,
2006021624,1741.0,1,0,0,0,0,0,0,0,0,8,0,,67,1,2006,3,,,1739.0,6,0,0,0,0,0,1,0,0,,0,0,0,17,6,1,1,,0.0,,,0,,3,0,0,0,67301,1,0,0,N,1,0,0,2,67301,0,,1,9,,N,N,,0,,1,0,0,3,3,,1738,1,2,0,0,0,0,0,3,3,0,1,7,,N,,,,,,,,,,,
2006103110,612.0,1,0,0,0,0,0,0,0,0,7,0,,67,8,2006,1,39.9743,-75.202,608.0,6,0,0,0,0,1,0,0,0,,0,0,0,6,1,0,0,,0.0,39 58:27.000,,0,75 12:06.505,0,0,0,0,67301,0,0,0,N,0,0,0,1,67301,0,,5,1,,N,N,,0,,0,0,0,0,0,,606,0,1,0,0,0,0,0,3,4,0,1,3,,N,,,,,,,,,,,
2006103536,2308.0,1,0,0,0,0,0,0,0,0,7,0,,67,8,2006,2,40.0329,-75.176,2303.0,6,0,0,0,1,0,0,0,0,,0,0,0,23,3,1,0,,0.0,40 01:58.302,,0,75 10:33.707,3,0,0,0,67301,0,0,0,N,0,0,0,2,67301,0,,4,1,,N,N,,0,,1,0,0,0,0,,2300,1,1,0,0,0,0,0,3,4,0,1,3,,N,,,,,,,,,,,
2006080076,1732.0,1,0,0,0,0,0,0,0,0,8,0,,67,6,2006,7,40.0005,-75.1572,1727.0,6,0,0,0,0,0,0,0,1,,0,0,0,17,1,1,0,,0.0,40 00:01.843,,0,75 09:25.808,3,0,0,0,67301,1,0,0,N,1,0,0,2,67301,0,,1,1,,N,N,,0,,1,0,0,0,0,,1723,1,2,0,0,0,0,0,3,4,0,1,3,,N,,,,,,,,,,,
2006080082,8.0,2,0,0,0,0,0,0,0,0,4,0,,67,6,2006,5,39.9745,-75.2237,3.0,6,0,0,0,1,0,0,0,0,,0,0,0,0,3,0,0,,0.0,39 58:28.214,,0,75 13:25.431,0,0,0,0,67301,0,0,0,N,0,0,0,1,67301,0,,6,1,,N,N,,0,,0,0,0,0,0,,0,0,2,0,0,1,0,0,3,4,0,2,3,,N,,,,,,,,,,,
2006082542,155.0,1,0,0,0,0,0,0,0,0,4,0,,67,6,2006,1,40.0016,-75.1286,148.0,6,0,0,0,0,0,0,0,0,,0,0,0,99,3,0,1,,0.0,40 00:05.796,,0,75 07:42.898,0,0,0,0,67301,0,0,0,N,0,0,0,1,67301,0,,2,1,,N,N,,1,,0,0,0,0,0,,9999,0,3,0,0,0,0,0,3,4,1,3,3,,N,,,,,,,,,,,
2006125340,919.0,1,0,0,0,0,0,0,0,0,8,0,,67,10,2006,6,40.031,-75.1244,915.0,6,0,0,0,0,0,0,0,0,,0,0,0,8,1,1,1,,0.0,40 01:51.528,,0,75 07:27.728,4,0,0,0,67301,1,0,0,N,1,0,0,2,67301,1,,1,9,,N,N,,0,,0,0,0,3,2,,852,1,2,0,0,0,0,0,3,4,0,1,7,,N,,,,,,,,,,,
2006125362,1820.0,1,0,0,0,0,0,1,0,0,1,1,,67,11,2006,7,39.9285,-75.1964,1816.0,6,0,0,0,1,0,0,1,0,,0,0,0,18,3,0,0,,0.0,39 55:44.000,,0,75 11:49.399,0,0,0,0,67301,0,0,0,N,0,0,0,5,67301,0,,1,1,,N,N,,0,,0,0,0,0,0,,1810,0,2,0,0,0,0,0,3,4,0,2,3,,N,,,,,,,,,,,
2006082630,1343.0,2,0,0,0,0,0,0,0,0,4,0,,67,7,2006,7,40.0702,-75.1805,1335.0,6,0,0,0,0,0,0,0,0,,0,0,0,13,1,5,1,,0.0,40 04:12.000,,0,75 10:49.923,8,0,0,0,67301,0,0,0,N,0,0,0,8,67301,0,,1,1,,N,N,,0,,0,0,0,3,2,,1330,5,2,0,0,0,5,3,3,4,0,2,3,,N,,,,,,,,,,,
2006125255,2014.0,2,0,0,0,0,0,0,0,0,2,0,,67,11,2006,6,40.0428,-75.0631,2014.0,6,0,0,0,0,0,1,1,0,1.0,0,0,0,20,3,2,1,,2.0,40 02:34.113,3.0,0,75 03:47.339,4,0,0,0,67301,0,0,0,N,0,0,0,4,67301,1,,1,1,,N,N,,0,,0,0,0,3,2,Y,2010,2,2,0,0,0,1,0,3,4,0,2,3,,N,,,,,,,,,,,
2006065631,932.0,2,0,0,0,0,0,0,0,0,4,0,,67,5,2006,1,,,930.0,6,0,0,0,0,0,0,0,1,,0,0,0,9,1,1,0,,0.0,,,0,,8,0,0,0,67301,0,0,0,N,0,0,0,2,67301,0,,1,1,,N,N,,0,,0,0,1,0,0,,920,1,3,0,0,0,1,0,3,3,0,3,3,,N,,,,,,,,,,,
2006096031,337.0,3,0,0,0,0,0,0,0,0,2,0,,67,7,2006,1,39.9575,-75.2173,336.0,6,0,0,0,0,0,0,0,0,2.0,0,0,0,3,6,2,1,,1.0,39 57:27.000,3.0,0,75 13:02.452,4,0,0,0,67301,0,0,0,N,0,0,0,2,67301,2,,1,1,,N,N,,0,,0,0,0,3,2,Y,332,2,3,0,0,0,0,0,3,4,0,3,3,,N,,,,,,,,,,,
2006065742,1250.0,0,0,0,0,0,0,0,0,0,8,0,,67,5,2006,2,39.9556,-75.2024,1245.0,6,0,0,0,0,0,0,0,0,,0,0,0,12,1,1,0,,0.0,39 57:20.000,,0,75 12:08.565,3,0,0,0,67301,1,0,0,N,1,0,0,2,67501,0,,1,1,,N,N,,0,,1,0,0,0,0,,1230,1,2,0,0,0,0,0,3,4,0,1,3,,N,,,,,,,,,,,
2006125401,1045.0,2,0,0,0,0,0,0,0,0,4,0,,67,10,2006,5,40.0429,-75.1439,1039.0,6,0,0,0,0,0,0,0,0,,0,0,0,10,1,2,1,,0.0,40 02:34.384,,0,75 08:38.046,8,0,0,0,67301,0,0,0,N,0,0,0,2,67301,0,,1,1,,N,N,,0,,0,0,0,3,2,,1039,2,2,0,0,0,2,0,3,4,0,2,3,,N,,,,,,,,,,,
2006125419,1544.0,2,0,0,0,0,0,0,0,0,4,0,,67,10,2006,6,40.0616,-75.0727,1540.0,6,0,0,0,0,0,0,0,0,,0,0,0,15,1,0,1,,0.0,40 03:41.745,,0,75 04:21.896,9,0,0,0,67301,0,0,0,N,0,0,0,2,67301,0,,1,9,,N,N,,0,,0,0,0,3,3,,1513,0,2,0,0,0,0,2,3,4,0,2,7,,N,,,,,,,,,,,
2006124426,2216.0,1,0,0,0,0,0,0,0,0,8,0,,67,10,2006,5,39.9544,-75.1714,2210.0,6,0,0,0,0,0,0,0,0,,0,0,0,22,3,1,2,,0.0,39 57:15.000,,0,75 10:16.859,8,0,0,0,67301,1,0,0,,1,0,0,2,67301,0,,1,1,,N,N,,0,,0,0,0,3,2,,2205,1,2,0,0,0,1,0,3,4,0,1,3,,N,,,,,,,,,,,
2006102171,1448.0,1,0,0,0,0,0,0,0,0,1,0,,67,9,2006,1,40.0269,-75.0972,1444.0,6,0,0,0,0,0,0,0,0,,0,0,0,14,1,2,1,,0.0,40 01:36.000,,0,75 05:49.204,8,0,0,0,67301,1,0,0,N,1,0,0,4,67301,0,,1,1,,N,N,,0,,0,0,1,3,2,,1423,2,3,0,0,0,2,0,3,4,0,2,3,,N,,,,,,,,,,,
2006105156,740.0,3,0,0,0,0,0,0,0,0,2,0,,67,8,2006,3,,,736.0,6,0,0,0,0,1,1,1,0,,0,0,0,19,3,3,1,,0.0,,,0,,4,0,0,0,67301,0,0,0,N,0,0,0,4,67301,3,,1,9,,N,N,,0,,0,0,0,0,0,,1936,3,4,0,0,0,0,0,3,3,1,4,7,,N,,,,,,,,,,,
2006116211,115.0,1,0,0,0,0,0,0,0,0,7,0,,67,11,2006,4,39.9991,-75.2309,9999.0,6,0,0,0,0,0,0,0,0,,0,0,0,1,3,1,1,,0.0,39 59:57.000,,0,75 13:51.456,8,0,0,0,67301,0,0,0,N,0,0,0,2,46104,0,,5,9,,N,N,,0,,0,0,0,3,2,,114,1,1,0,0,0,1,0,3,4,0,1,7,,N,,,,,,,,,,,
2006116216,1647.0,2,0,0,0,0,0,0,0,0,1,0,,67,11,2006,4,39.9803,-75.2691,9999.0,6,0,0,0,0,0,1,0,0,,0,0,0,16,3,0,0,,0.0,39 58:49.000,,0,75 16:08.810,0,0,0,0,67301,0,0,0,N,0,0,0,2,46104,0,,1,9,,N,N,,0,,0,0,0,0,0,,1640,0,2,0,0,0,0,0,3,4,0,2,7,,N,,,,,,,,,,,
2006124012,1812.0,1,0,0,0,0,0,0,0,0,8,0,,67,10,2006,1,40.0863,-75.0461,1811.0,6,0,0,0,0,0,0,0,1,,0,0,0,18,3,1,2,,0.0,40 05:10.582,,0,75 02:45.913,3,0,0,0,67301,1,0,0,N,1,0,0,3,67301,0,,4,1,,N,N,,0,,1,0,0,3,2,,1810,1,2,0,0,0,0,0,3,4,0,1,3,,N,,,,,,,,,,,
2006093447,140.0,3,0,0,0,0,0,0,0,0,1,0,,67,8,2006,5,40.0461,-75.1329,140.0,6,0,0,0,0,0,0,0,0,,0,0,0,1,3,2,2,,0.0,40 02:46.000,,0,75 07:58.558,3,0,0,0,67301,0,0,0,N,0,0,0,2,67301,0,,2,1,,N,N,,0,,2,0,0,0,0,,140,2,3,0,0,0,0,0,3,4,0,3,3,,N,,,,,,,,,,,
2006054570,2245.0,1,0,0,0,0,0,0,0,0,8,0,,67,4,2006,2,40.0089,-75.194,2240.0,6,0,0,0,0,0,0,0,0,,0,0,0,22,3,1,1,,0.0,40 00:32.000,,0,75 11:38.284,3,0,0,0,67301,1,0,0,,1,0,0,2,67301,0,,1,9,,,,,0,,1,0,0,0,0,,2235,1,2,0,0,0,0,0,3,4,0,1,7,,N,,,,,,,,,,,
2006054619,1710.0,2,0,0,0,0,0,0,0,0,5,0,,67,4,2006,7,,,1703.0,6,0,0,0,0,0,1,0,0,,0,0,0,16,1,1,0,,0.0,,,0,,4,0,0,0,67301,0,0,0,N,0,0,0,2,67301,1,,1,1,,N,N,,0,,0,0,0,0,0,,1610,1,2,0,0,0,0,0,3,3,0,2,3,,N,,,,,,,,,,,
2006093859,1310.0,1,0,0,0,0,0,0,0,0,8,0,,67,8,2006,6,39.9944,-75.1317,1308.0,6,0,0,0,0,0,0,0,0,,0,0,0,13,1,1,0,,0.0,39 59:39.789,,0,75 07:54.030,4,0,0,0,67301,1,0,0,,1,0,0,2,67301,1,,4,1,,N,N,,0,,0,0,0,0,0,,1300,1,2,0,0,0,0,1,3,4,0,1,3,,N,,,,,,,,,,,
2006081071,1012.0,1,0,0,0,0,0,0,0,0,1,0,,67,7,2006,6,,,1011.0,6,0,0,0,0,0,0,0,0,1.0,0,0,0,10,1,2,1,,1.0,,1.0,0,,4,0,0,0,67301,0,0,0,N,0,0,0,3,67301,1,,1,1,,N,N,,0,,0,0,1,3,2,N,1008,2,2,0,0,0,1,0,3,3,0,2,3,,N,,,,,,,,,,,
2006080980,1615.0,2,0,0,0,0,0,0,0,0,4,0,,67,5,2006,5,40.0618,-75.0561,1615.0,6,0,0,0,0,0,0,0,0,,0,0,0,16,1,1,1,,0.0,40 03:42.000,,0,75 03:21.905,4,0,0,0,67301,0,0,0,N,0,0,0,2,67301,1,,1,1,,N,N,,0,,0,0,0,3,2,,1605,1,2,0,0,0,0,0,3,4,0,2,3,,N,,,,,,,,,,,