CRN,ARRIVAL_TM,AUTOMOBILE_COUNT,BELTED_DEATH_COUNT,BELTED_SUSP_SERIOUS_INJ_COUNT,BICYCLE_COUNT,BICYCLE_DEATH_COUNT,BICYCLE_SUSP_SERIOUS_INJ_COUNT,BUS_COUNT,CHLDPAS_DEATH_COUNT,CHLDPAS_SUSP_SERIOUS_INJ_COUNT,COLLISION_TYPE,COMM_VEH_COUNT,CONS_ZONE_SPD_LIM,COUNTY,CRASH_MONTH,CRASH_YEAR,DAY_OF_WEEK,DEC_LAT,DEC_LONG,DISPATCH_TM,DISTRICT,DRIVER_COUNT_16YR,DRIVER_COUNT_17YR,DRIVER_COUNT_18YR,DRIVER_COUNT_19YR,DRIVER_COUNT_20YR,DRIVER_COUNT_50_64YR,DRIVER_COUNT_65_74YR,DRIVER_COUNT_75PLUS,EST_HRS_CLOSED,FATAL_COUNT,HEAVY_TRUCK_COUNT,HORSE_BUGGY_COUNT,HOUR_OF_DAY,ILLUMINATION,INJURY_COUNT,INTERSECT_TYPE,INTERSECTION_RELATED,LANE_CLOSED,LATITUDE,LN_CLOSE_DIR,LOCATION_TYPE,LONGITUDE,MAX_SEVERITY_LEVEL,MCYCLE_DEATH_COUNT,MCYCLE_SUSP_SERIOUS_INJ_COUNT,MOTORCYCLE_COUNT,MUNICIPALITY,NONMOTR_COUNT,NONMOTR_DEATH_COUNT,NONMOTR_SUSP_SERIOUS_INJ_COUNT,NTFY_HIWY_MAINT,PED_COUNT,PED_DEATH_COUNT,PED_SUSP_SERIOUS_INJ_COUNT,PERSON_COUNT,POLICE_AGCY,POSSIBLE_INJ_COUNT,RDWY_SURF_TYPE_CD,RELATION_TO_ROAD,ROAD_CONDITION,ROADWAY_CLEARED,SCH_BUS_IND,SCH_ZONE_IND,SECONDARY_CRASH,SMALL_TRUCK_COUNT,SPEC_JURIS_CD,SUSP_MINOR_INJ_COUNT,SUSP_SERIOUS_INJ_COUNT,SUV_COUNT,TCD_FUNC_CD,TCD_TYPE,TFC_DETOUR_IND,TIME_OF_DAY,TOT_INJ_COUNT,TOTAL_UNITS,UNB_DEATH_COUNT,UNB_SUSP_SERIOUS_INJ_COUNT,UNBELTED_OCC_COUNT,UNK_INJ_DEG_COUNT,UNK_INJ_PER_COUNT,URBAN_AREA,URBAN_RURAL,VAN_COUNT,VEHICLE_COUNT,WEATHER1,WEATHER2,WORK_ZONE_IND,WORK_ZONE_LOC,WORK_ZONE_TYPE,WORKERS_PRES,WZ_CLOSE_DETOUR,WZ_FLAGGER,WZ_LAW_OFFCR_IND,WZ_LN_CLOSURE,WZ_MOVING,WZ_OTHER,WZ_SHLDER_MDN,WZ_WORKERS_INJ_KILLED
2006080986,916.0,1,0,0,1,0,0,0,0,0,1,0,,67,7,2006,5,39.9626,-75.2053,913.0,6,0,0,0,0,0,0,0,0,,0,0,0,9,1,1,0,,0.0,39 57:45.000,,0,75 12:19.432,8,0,0,0,67301,1,0,0,N,0,0,0,1,67301,0,,1,1,,N,N,,0,,0,0,0,3,2,,906,1,2,0,0,0,1,0,3,4,0,1,3,,N,,,,,,,,,,,
2006081092,1840.0,1,0,0,0,0,0,0,0,0,8,0,,67,6,2006,7,,,1820.0,6,0,0,0,0,0,0,1,0,,0,0,0,18,4,1,1,,0.0,,,0,,8,0,0,0,67301,1,0,0,N,1,0,0,2,67301,0,,1,9,,N,N,,0,,0,0,0,3,2,,1820,1,2,0,0,0,1,0,3,3,0,1,7,,N,,,,,,,,,,,
2006081404,9999.0,1,0,0,0,0,0,0,0,0,0,0,,67,6,2006,7,40.0476,-74.9919,40.0,6,0,0,0,0,0,0,0,0,,0,0,0,23,3,0,0,,0.0,40 02:51.000,,0,74 59:30.840,9,0,0,0,67301,0,0,0,N,0,0,0,1,67301,0,,4,9,,N,N,,0,,0,0,0,0,0,,2320,0,1,0,0,0,0,1,3,4,0,1,7,,N,,,,,,,,,,,
2006081055,800.0,0,0,0,0,0,0,0,0,0,8,0,,67,6,2006,2,40.0443,-75.166,757.0,6,0,0,0,0,0,0,0,0,,0,0,0,7,1,1,0,,0.0,40 02:39.648,,0,75 09:57.496,4,0,0,0,67301,1,0,0,N,1,0,0,2,67301,1,,5,1,,N,N,,0,,0,0,1,0,0,,713,1,2,0,0,0,0,0,3,4,0,1,3,,N,,,,,,,,,,,
2006081091,754.0,2,0,0,0,0,0,0,0,0,1,0,,67,6,2006,3,40.0495,-75.1465,754.0,6,0,0,0,0,0,1,0,0,,0,0,0,7,1,1,3,,0.0,40 02:58.000,,0,75 08:47.911,8,0,0,0,67301,0,0,0,,0,0,0,2,67301,0,,1,1,,,,,0,,0,0,0,3,2,,754,1,2,0,0,0,1,1,3,4,0,2,3,,N,,,,,,,,,,,
2006081394,1125.0,2,0,0,0,0,0,0,0,0,2,0,,67,6,2006,4,40.0512,-75.0661,1120.0,6,0,0,0,0,0,1,0,0,,0,0,0,99,1,3,1,,0.0,40 03:04.000,,0,75 03:58.040,3,0,0,0,67301,0,0,0,N,0,0,0,3,67301,1,,1,1,,N,N,,0,,2,0,0,3,2,,9999,3,2,0,0,1,0,0,3,4,0,2,3,,N,,,,,,,,,,,
2006081406,2126.0,1,0,0,0,0,0,0,0,0,8,0,,67,5,2006,7,40.0489,-75.0123,2125.0,6,0,0,0,0,0,0,1,0,,0,0,0,21,3,1,2,,0.0,40 02:55.898,,7,75 00:44.231,8,0,0,0,67301,1,0,0,N,1,0,0,3,67301,0,,1,1,,N,N,,0,,0,0,0,3,2,,2123,1,2,0,0,0,1,0,3,4,0,1,3,,N,,,,,,,,,,,
2006081424,2312.0,1,0,0,0,0,0,0,0,0,4,0,,67,6,2006,5,39.9273,-75.1448,2310.0,6,0,0,0,0,0,0,0,0,,0,0,0,23,3,0,1,,0.0,39 55:38.000,,0,75 08:40.870,9,0,0,0,67301,0,0,0,N,0,0,0,2,67301,0,,1,9,,N,N,,1,,0,0,0,3,2,,2309,0,2,0,0,0,0,1,3,4,0,2,7,,N,,,,,,,,,,,
2006081442,1340.0,2,0,0,0,0,0,0,0,0,1,0,,67,6,2006,2,,,1326.0,6,0,0,0,0,0,1,0,1,,0,0,0,13,1,1,0,,0.0,,,0,,4,0,0,0,67301,0,0,0,N,0,0,0,5,67301,1,,1,1,,N,N,,0,,0,0,0,0,0,,1324,1,2,0,0,0,0,1,3,3,0,2,3,,N,,,,,,,,,,,
2006081663,922.0,0,0,0,0,0,0,0,0,0,8,0,,67,5,2006,3,40.0009,-75.1474,922.0,6,0,0,0,0,0,0,0,0,9.0,0,0,0,9,1,1,5,,2.0,40 00:03.000,6.0,0,75 08:51.624,2,0,0,0,67301,1,0,1,N,1,0,1,2,67301,0,,1,1,,N,N,,0,,0,1,1,0,0,Y,922,1,2,0,0,0,0,0,3,4,0,1,3,,N,,,,,,,,,,,
2006113074,910.0,1,0,0,0,0,0,0,0,0,4,0,,67,10,2006,1,40.0252,-75.1254,906.0,6,0,0,0,0,0,1,0,0,2.0,0,0,0,8,1,2,1,,1.0,40 01:32.000,2.0,0,75 07:31.662,3,0,0,0,67301,0,0,0,N,0,0,0,4,67301,0,,1,1,,N,N,,0,,2,0,1,3,2,Y,857,2,2,0,0,0,0,0,3,4,0,2,3,,N,,,,,,,,,,,
2006115761,1635.0,1,0,0,0,0,0,0,0,0,8,0,,67,10,2006,5,39.9459,-75.1837,1633.0,6,0,0,1,0,0,0,0,0,,0,0,0,14,1,1,0,,0.0,39 56:45.337,,0,75 11:01.482,2,0,0,0,67301,1,0,1,N,1,0,1,2,67301,0,,1,1,,N,N,,0,,0,1,0,3,3,,1400,1,2,0,0,0,0,0,3,4,0,1,3,,N,,,,,,,,,,,
2006105721,520.0,1,0,0,0,0,0,0,0,0,8,0,,67,8,2006,6,40.045,-75.1719,514.0,6,0,0,0,0,1,0,0,0,,0,0,0,5,1,1,1,,0.0,40 02:42.018,,0,75 10:18.832,4,0,0,0,67301,1,0,0,,1,0,0,2,67301,1,,1,1,,,,,0,,0,0,0,9,3,,514,1,2,0,0,0,0,0,3,4,0,1,3,,N,,,,,,,,,,,
2006113266,2.0,1,0,0,0,0,0,0,0,0,1,0,,67,9,2006,4,40.0656,-75.0833,2042.0,6,0,0,0,0,0,0,0,0,,0,0,0,19,3,3,0,,0.0,40 03:56.012,,0,75 05:00.178,4,0,0,0,67301,0,0,0,N,0,0,0,3,67301,3,,1,1,,N,N,,0,,0,0,1,3,2,,1952,3,2,0,0,0,0,0,3,4,0,2,3,,N,,,,,,,,,,,
2006113313,1235.0,1,0,0,0,0,0,0,0,0,7,0,,67,10,2006,6,39.9466,-75.2461,1227.0,6,0,0,0,0,0,0,0,0,,0,0,0,12,1,0,0,,0.0,39 56:47.646,,0,75 14:45.816,0,0,0,0,67301,0,0,0,N,0,0,0,1,67301,0,,4,1,,N,N,,0,,0,0,0,0,0,,1200,0,1,0,0,1,0,0,3,4,0,1,3,,N,,,,,,,,,,,
2006103271,1712.0,2,0,0,0,0,0,0,0,0,4,0,,67,9,2006,7,39.9171,-75.2463,1712.0,6,0,0,0,0,0,0,0,0,,0,0,0,17,1,3,0,,0.0,39 55:01.594,,7,75 14:46.598,4,0,0,0,67301,0,0,0,N,0,0,0,3,67301,3,,1,1,,N,N,,0,,0,0,0,0,0,,1703,3,2,0,0,0,0,0,3,4,0,2,3,,N,,,,,,,,,,,
2006105752,1925.0,2,0,0,0,0,0,0,0,0,1,0,,67,9,2006,6,40.0096,-75.1873,1920.0,6,0,0,0,0,0,1,0,0,,0,0,0,19,3,3,6,,0.0,40 00:34.000,,2,75 11:14.245,4,0,0,0,67301,0,0,0,N,0,0,0,3,67301,1,,1,9,,N,N,,0,,0,0,0,0,0,,1915,3,2,0,0,0,2,0,3,4,0,2,7,,N,,,,,,,,,,,
2006105782,1457.0,0,0,0,0,0,0,0,0,0,2,0,,67,9,2006,3,39.9531,-75.1819,1349.0,6,0,0,0,0,0,0,0,0,,0,0,0,13,1,1,2,,0.0,39 57:11.000,,0,75 10:55.105,4,0,0,0,67301,0,0,0,,0,0,0,2,67301,1,,1,9,,N,N,,1,,0,0,1,9,2,,1340,1,2,0,0,0,0,0,3,4,0,2,7,,N,,,,,,,,,,,
2006113450,1216.0,2,0,0,0,0,0,0,0,0,2,0,,67,10,2006,7,39.9593,-75.1599,1208.0,6,0,0,0,0,0,0,0,0,,0,0,0,12,1,4,1,,0.0,39 57:33.501,,0,75 09:35.521,3,0,0,0,67301,0,0,0,N,0,0,0,4,67301,1,,1,1,,N,N,,0,,3,0,0,9,2,,1205,4,2,0,0,0,0,0,3,4,0,2,3,,N,,,,,,,,,,,
2006113457,958.0,2,0,0,0,0,0,0,0,0,4,0,,67,9,2006,4,39.9615,-75.1517,955.0,6,0,0,0,0,0,0,1,0,,0,0,0,9,1,1,1,,0.0,39 57:41.000,,0,75 09:06.379,8,0,0,0,67301,0,0,0,,0,0,0,3,67301,0,,1,1,,N,N,,0,,0,0,0,9,2,,952,1,2,0,0,0,1,1,3,4,0,2,3,,N,,,,,,,,,,,
2006116066,1215.0,1,0,0,1,0,0,0,0,0,4,0,,67,10,2006,1,40.0486,-75.1449,1215.0,6,0,0,0,0,0,0,0,0,,0,0,0,12,1,1,1,,0.0,40 02:55.097,,0,75 08:41.622,4,0,0,0,67301,1,0,0,N,0,0,0,2,67301,1,,1,1,,N,N,,0,,0,0,0,3,2,,1215,1,2,0,0,0,0,0,3,4,0,1,3,,N,,,,,,,,,,,
2006105866,1545.0,2,0,0,0,0,0,0,0,0,4,0,,67,9,2006,6,39.9522,-75.1735,1531.0,6,0,0,0,0,0,0,0,1,,0,0,0,15,1,0,0,,0.0,39 57:07.840,,0,75 10:24.456,0,0,0,0,67301,0,0,0,,0,0,0,1,67301,0,,6,1,,,,,0,,0,0,0,0,0,,1531,0,2,0,0,0,0,0,3,4,0,2,3,,N,,,,,,,,,,,
2006103373,1937.0,1,0,0,0,0,0,0,0,0,4,0,,67,9,2006,6,39.9316,-75.1804,1923.0,6,0,0,0,0,0,0,0,0,,0,0,0,19,1,3,0,,0.0,39 55:53.684,,0,75 10:49.357,3,0,0,0,67301,1,0,0,N,1,0,0,3,67301,0,,1,1,,N,N,,0,,1,0,0,0,0,,1919,3,2,0,0,0,2,0,3,4,0,1,3,,N,,,,,,,,,,,
2006103374,2031.0,1,0,0,1,0,0,0,0,0,4,0,,67,9,2006,4,39.9501,-75.1457,2025.0,6,0,0,0,0,0,0,0,0,,0,0,0,20,3,1,1,,0.0,39 57:00.000,,0,75 08:44.522,4,0,0,0,67301,1,0,0,N,0,0,0,2,67301,1,,1,98,,N,N,,0,,0,0,0,3,2,,2020,1,2,0,0,0,0,0,3,4,0,1,3,,N,,,,,,,,,,,
2006035755,1505.0,1,0,0,0,0,0,0,0,0,2,0,,67,1,2006,2,40.0637,-75.0516,1459.0,6,0,0,0,0,0,0,0,0,,0,0,0,14,1,0,0,,0.0,40 03:50.000,,0,75 03:05.653,0,0,0,0,67301,0,0,0,N,0,0,0,2,67301,0,,1,9,,N,N,,1,,0,0,0,3,2,,1455,0,2,0,0,0,0,0,3,4,0,2,99,,N,,,,,,,,,,,
2006093165,900.0,1,0,0,0,0,0,0,0,0,4,0,,67,7,2006,2,39.9456,-75.165,856.0,6,0,0,0,0,0,0,0,0,,0,0,0,8,1,1,1,,0.0,39 56:43.000,,0,75 09:54.269,8,0,0,0,67301,0,0,0,N,0,0,0,3,67301,0,,1,1,,N,N,,0,,0,0,0,3,2,,855,1,2,0,0,0,1,0,3,4,1,2,3,,N,,,,,,,,,,,
2006054068,1705.0,0,0,0,0,0,0,0,0,0,5,1,,67,3,2006,5,40.045,-75.1235,1620.0,6,0,0,0,0,0,0,0,0,,0,1,0,16,1,1,1,,0.0,40 02:41.000,,0,75 07:24.696,4,0,0,0,67301,0,0,0,,0,0,0,2,67301,1,,1,9,,,,,0,,0,0,1,3,2,,1615,1,2,0,0,0,0,0,3,4,0,2,3,,N,,,,,,,,,,,
2006054076,1038.0,2,0,0,0,0,0,0,0,0,4,0,,67,4,2006,4,39.96,-75.2371,1035.0,6,0,0,0,0,0,1,1,0,,0,0,0,99,1,2,1,,0.0,39 57:36.000,,0,75 14:13.735,8,0,0,0,67301,0,0,0,N,0,0,0,2,67301,0,,1,1,,N,N,,0,,0,0,0,3,2,,9999,2,2,0,0,0,2,0,3,4,0,2,3,,N,,,,,,,,,,,
2006036848,2015.0,2,0,0,0,0,0,0,0,0,1,0,,67,2,2006,2,40.0685,-75.0398,2010.0,6,0,0,0,0,0,1,0,0,,0,0,0,19,3,1,2,,0.0,40 04:05.000,,0,75 02:22.811,4,0,0,0,67301,0,0,0,N,0,0,0,2,67301,1,,1,1,,N,N,,0,,0,0,0,0,0,,1930,1,2,0,0,0,0,0,3,4,0,2,3,,N,,,,,,,,,,,
2006036868,635.0,1,0,0,0,0,0,1,0,0,1,1,,67,2,2006,5,39.9857,-75.2081,635.0,6,0,0,0,0,0,0,0,0,,0,0,0,99,3,1,0,,0.0,39 59:12.000,,0,75 12:27.411,4,0,0,0,67301,0,0,0,N,0,0,0,3,67301,1,,1,1,,N,N,,0,,0,0,0,0,0,,9999,1,2,0,0,0,0,0,3,4,0,2,3,,N,,,,,,,,,,,
2006039551,329.0,1,0,0,0,0,0,0,0,0,7,0,,67,2,2006,7,40.0905,-75.0101,324.0,6,0,0,0,0,0,0,0,0,,0,0,0,3,3,0,0,,0.0,40 05:25.785,,0,75 00:36.216,0,0,0,0,67301,0,0,0,N,0,0,0,1,67301,0,,5,1,,N,N,,0,,0,0,0,0,0,,324,0,1,0,0,0,0,0,3,4,0,1,3,,N,,,,,,,,,,,
2006037212,1200.0,1,0,0,0,0,0,0,0,0,8,0,,67,2,2006,7,,,1155.0,6,0,0,0,0,0,0,0,0,,0,0,0,11,1,1,0,,0.0,,,0,,4,0,0,0,67301,1,0,0,N,1,0,0,2,67301,1,,1,9,,N,N,,0,,0,0,0,0,0,,1145,1,2,0,0,0,0,0,3,3,0,1,7,,N,,,,,,,,,,,
2006037166,901.0,0,0,0,0,0,0,0,0,0,8,0,,67,3,2006,3,,,859.0,6,0,0,0,0,0,1,0,0,,0,0,0,8,1,1,1,,0.0,,,0,,4,0,0,0,67301,1,0,0,,1,0,0,2,67301,1,,1,1,,N,N,,0,,0,0,0,0,0,,858,1,2,0,0,0,0,0,3,3,1,1,3,,N,,,,,,,,,,,
2006037170,1400.0,0,0,0,0,0,0,1,0,0,8,1,,67,2,2006,5,39.9799,-75.2193,1355.0,6,0,0,0,0,0,0,0,0,,0,0,0,13,1,1,2,,0.0,39 58:47.000,,0,75 13:09.194,4,0,0,0,67301,1,0,0,,1,0,0,2,67301,1,,1,1,,,,,0,,0,0,0,0,0,,1353,1,2,0,0,0,0,0,3,4,0,1,3,,N,,,,,,,,,,,
2006018679,1007.0,2,0,0,0,0,0,0,0,0,4,0,,67,1,2006,1,40.0223,-75.162,1004.0,6,0,0,0,0,0,2,0,0,,0,0,0,10,1,1,1,,0.0,40 01:20.000,,0,75 09:43.405,4,0,0,0,67301,0,0,0,,0,0,0,5,67301,1,,1,1,,N,N,,0,,0,0,0,3,2,,1000,1,3,0,0,0,0,0,3,4,1,3,3,,N,,,,,,,,,,,
2006018826,1350.0,2,0,0,0,0,0,0,0,0,4,0,,67,1,2006,4,39.9976,-75.1467,1337.0,6,0,0,1,0,0,0,0,0,,0,0,0,99,1,3,1,,0.0,39 59:51.514,,0,75 08:48.199,3,0,0,0,67301,2,0,0,N,2,0,0,4,67301,1,,1,9,,N,N,,0,,1,0,0,9,3,,9999,3,4,0,0,2,1,0,3,4,0,2,3,,N,,,,,,,,,,,
2006082009,47.0,2,0,0,0,0,0,0,0,0,4,0,,67,7,2006,4,40.0206,-75.0566,40.0,6,0,0,0,1,0,0,0,0,,0,0,0,0,3,1,1,,0.0,40 01:14.070,,0,75 03:23.857,4,0,0,0,67301,0,0,0,N,0,0,0,3,67301,1,,1,9,,N,N,,0,,0,0,0,3,3,,30,1,2,0,0,0,0,2,3,4,0,2,7,,N,,,,,,,,,,,
2006082041,1820.0,1,0,0,0,0,0,0,0,0,4,0,,67,5,2006,2,39.9699,-75.189,1815.0,6,0,0,0,0,0,1,0,0,,0,0,0,18,1,0,0,,0.0,39 58:11.000,,0,75 11:20.499,0,0,0,0,67301,0,0,0,N,0,0,0,2,67301,0,,1,1,,N,N,,0,,0,0,1,0,0,,1810,0,2,0,0,0,0,0,3,4,0,2,3,,N,,,,,,,,,,,
2006053709,1330.0,1,0,0,0,0,0,0,0,0,6,0,,67,4,2006,7,39.9386,-75.1564,1327.0,6,0,0,0,0,0,1,1,0,,0,0,0,13,1,4,0,,0.0,39 56:18.816,,7,75 09:22.924,4,0,0,0,67301,0,0,0,N,0,0,0,7,67301,3,,1,1,,N,N,,1,,0,0,0,0,0,,1326,4,2,0,0,0,1,0,3,4,0,2,3,,N,,,,,,,,,,,
2006053718,1115.0,0,0,0,0,0,0,0,0,0,2,0,,67,5,2006,2,,,1113.0,6,0,0,0,0,0,0,0,0,,0,0,0,11,1,1,1,,0.0,,,0,,8,0,0,0,67301,0,0,0,N,0,0,0,2,67301,0,,1,1,,N,N,,2,,0,0,0,3,2,,1105,1,2,0,0,0,1,0,3,3,0,2,3,,N,,,,,,,,,,,
2006053755,1300.0,0,0,0,0,0,0,0,0,0,8,0,,67,4,2006,3,39.9293,-75.1687,1255.0,6,0,0,0,0,0,0,0,1,,0,0,0,12,1,1,1,,0.0,39 55:45.000,,0,75 10:07.459,4,0,0,0,67301,1,0,0,N,1,0,0,2,67301,1,,1,1,,N,N,,0,,0,0,0,3,2,,1245,1,2,0,0,0,0,0,3,4,1,1,3,,N,,,,,,,,,,,
2006053779,2250.0,1,0,0,0,0,0,0,0,0,1,0,,67,3,2006,6,40.0355,-75.1788,2250.0,6,0,1,0,0,0,1,0,0,,0,0,0,22,3,0,1,,0.0,40 02:07.796,,0,75 10:43.589,0,0,0,0,67301,0,0,0,N,0,0,0,4,67301,0,,1,1,,N,N,,0,,0,0,1,3,2,,2243,0,2,0,0,0,0,0,3,4,0,2,3,,N,,,,,,,,,,,
2006048583,9999.0,0,0,0,0,0,0,0,0,0,7,0,,67,4,2006,2,,,9999.0,6,0,0,1,0,0,0,0,0,2.0,1,0,0,22,3,0,0,,2.0,,6.0,0,,1,1,0,1,67301,0,0,0,N,0,0,0,1,67301,0,1.0,2,1,,N,N,,0,0.0,0,0,0,0,0,Y,2248,0,1,0,0,0,0,0,3,3,0,1,3,,N,,,,,,,,,,,
2006022086,1950.0,2,0,0,0,0,0,0,0,0,2,0,,67,1,2006,3,,,1950.0,6,0,0,0,0,0,0,0,0,,0,0,0,19,3,1,1,,0.0,,,0,,4,0,0,0,67301,0,0,0,N,0,0,0,2,67301,1,,1,1,,N,N,,0,,0,0,0,0,0,,1950,1,2,0,0,0,0,1,3,3,0,2,3,,N,,,,,,,,,,,
2006094950,1356.0,1,0,0,0,0,0,0,0,0,8,0,,67,7,2006,6,39.965,-75.1647,1355.0,6,0,0,0,0,0,0,0,0,,0,0,0,13,1,1,0,,0.0,39 57:53.827,,0,75 09:52.909,4,0,0,0,67301,1,0,0,N,1,0,0,2,67301,1,,1,1,,N,N,,0,,0,0,0,0,0,,1350,1,2,0,0,0,0,1,3,4,0,1,3,,N,,,,,,,,,,,
2006094959,1608.0,2,0,0,0,0,0,0,0,0,6,0,,67,7,2006,4,,,1602.0,6,0,0,0,0,0,0,0,0,,0,0,0,14,1,1,0,,0.0,,,0,,4,0,0,0,67301,0,0,0,N,0,0,0,2,67301,1,,1,2,,N,N,,0,,0,0,0,0,0,,1437,1,2,0,0,0,0,0,3,3,0,2,3,,N,,,,,,,,,,,
2006055818,1823.0,1,0,0,0,0,0,0,0,0,8,0,,67,4,2006,2,,,1757.0,6,0,0,0,0,0,0,0,0,,0,0,0,99,1,1,1,,0.0,,,0,,8,0,0,0,67301,1,0,0,N,1,0,0,2,67301,0,,9,1,,N,N,,0,,0,0,0,3,3,,9999,1,2,0,0,1,1,1,3,3,0,1,3,,N,,,,,,,,,,,
2006098987,253.0,1,0,0,0,0,0,0,0,0,7,0,,67,7,2006,6,39.9638,-75.1843,247.0,6,0,0,0,0,0,0,0,0,1.0,0,0,0,2,3,1,1,,1.0,39 57:41.000,3.0,0,75 10:57.282,4,0,0,0,67301,0,0,0,N,0,0,0,5,67301,1,,2,9,,N,N,,0,,0,0,0,0,0,N,245,1,1,0,0,0,0,0,3,4,0,1,7,,N,,,,,,,,,,,
2006103652,1510.0,1,0,0,0,0,0,0,0,0,0,0,,67,9,2006,7,39.9877,-75.2162,1500.0,6,0,0,0,0,0,0,0,0,3.0,0,0,0,14,1,2,2,,2.0,39 59:15.000,5.0,0,75 12:58.636,8,0,0,0,67301,0,0,0,N,0,0,0,2,67301,0,,1,9,,N,N,,0,,0,0,0,9,2,Y,1455,2,1,0,0,0,2,0,3,4,0,1,7,,N,,,,,,,,,,,
2006103654,2145.0,2,0,0,0,0,0,0,0,0,4,0,,67,7,2006,7,39.9054,-75.1736,2141.0,6,0,0,0,0,0,0,0,0,,0,0,0,21,3,1,1,,0.0,39 54:19.000,,0,75 10:25.072,4,0,0,0,67301,0,0,0,N,0,0,0,4,67301,1,,1,1,,N,N,,1,,0,0,0,2,2,,2135,1,3,0,0,0,0,0,3,4,0,3,3,,N,,,,,,,,,,,
2006103681,1203.0,1,0,0,0,0,0,0,0,0,4,0,,67,9,2006,2,40.0564,-75.0142,1203.0,6,0,0,0,0,1,0,0,0,,0,0,0,12,1,1,2,,0.0,40 03:23.000,,0,75 00:51.091,8,0,0,0,67301,0,0,0,,0,0,0,2,67301,0,,1,1,,N,N,,1,,0,0,0,3,3,,1203,1,2,0,0,0,1,0,3,4,0,2,3,,N,,,,,,,,,,,
2006103692,1627.0,0,0,0,0,0,0,0,0,0,7,0,,67,8,2006,1,40.0269,-75.093,1625.0,6,0,0,0,1,0,0,0,0,,0,0,0,16,1,1,0,,0.0,40 01:36.000,,0,75 05:35.362,4,0,0,0,67301,0,0,0,N,0,0,0,2,67301,1,,2,1,,N,N,,0,,0,0,1,0,0,,1615,1,1,0,0,1,0,0,3,4,0,1,3,,N,,,,,,,,,,,
2006104239,1805.0,2,0,0,0,0,0,0,0,0,4,0,,67,8,2006,6,40.072,-75.1649,1800.0,6,0,0,0,0,0,0,0,0,2.0,0,0,0,17,1,1,1,,2.0,40 04:19.322,7.0,0,75 09:53.722,3,0,0,0,67301,0,0,0,N,0,0,0,2,67301,0,,1,1,,N,N,,0,,1,0,0,9,3,Y,1750,1,2,0,0,0,0,0,3,4,0,2,3,,N,,,,,,,,,,,
2006104257,1820.0,1,0,0,0,0,0,0,0,0,8,0,,67,9,2006,1,39.95,-75.1642,1816.0,6,0,0,0,0,0,1,0,0,,0,0,0,18,1,1,0,,0.0,39 56:59.000,,0,75 09:50.789,4,0,0,0,67301,1,0,0,N,1,0,0,2,67301,1,,2,1,,N,N,,0,,0,0,0,0,0,,1815,1,2,0,0,0,0,0,3,4,0,1,3,,N,,,,,,,,,,,
2006104261,1856.0,3,0,0,0,0,0,0,0,0,2,0,,67,8,2006,3,40.0196,-75.1586,1855.0,6,0,0,0,0,0,1,0,0,2.0,0,0,0,18,1,3,2,,2.0,40 01:10.729,7.0,0,75 09:31.078,2,0,0,0,67301,0,0,0,N,0,0,0,5,67301,2,,1,1,,N,N,,0,,0,1,0,9,3,Y,1855,3,3,0,0,0,0,1,3,4,0,3,3,,N,,,,,,,,,,,
2006102024,2352.0,1,0,0,0,0,0,0,0,0,8,0,,67,9,2006,7,,,2349.0,6,0,0,0,0,0,0,0,0,,0,0,0,23,3,1,0,,0.0,,,0,,4,0,0,0,67301,1,0,0,N,1,0,0,2,67301,1,,1,1,,N,N,,0,,0,0,0,0,0,,2337,1,2,0,0,0,0,0,3,3,0,1,3,,N,,,,,,,,,,,
2006104291,1605.0,3,0,0,0,0,0,0,0,0,1,0,,67,8,2006,1,40.0233,-75.1364,1600.0,6,0,0,0,0,0,0,0,0,,0,0,0,15,1,3,1,,0.0,40 01:23.000,,0,75 08:12.164,3,0,0,0,67301,0,0,0,N,0,0,0,3,67301,1,,1,1,,N,N,,0,,2,0,0,3,2,,1550,3,3,0,0,0,0,0,3,4,0,3,3,,N,,,,,,,,,,,
2006104326,116.0,2,0,0,0,0,0,0,0,0,4,0,,67,9,2006,4,40.0369,-75.0558,118.0,6,0,0,0,1,0,0,0,0,,0,0,0,1,3,0,1,,0.0,40 02:12.858,,0,75 03:20.908,0,0,0,0,67301,0,0,0,N,0,0,0,3,67301,0,,1,1,,N,N,,0,,0,0,2,9,3,,116,0,4,0,0,0,0,0,3,4,0,4,3,,N,,,,,,,,,,,
2006080554,840.0,0,0,0,1,0,0,0,0,0,4,1,,67,6,2006,5,,,838.0,6,0,0,0,0,0,1,0,0,3.0,0,1,0,8,1,1,1,,2.0,,1.0,0,,8,0,0,0,67301,1,0,0,N,0,0,0,2,67301,0,,1,1,,N,N,,0,,0,0,0,3,2,Y,836,1,2,0,0,1,1,0,3,3,0,1,3,,N,,,,,,,,,,,
2006080570,1430.0,2,0,0,0,0,0,0,0,0,4,0,,67,6,2006,7,40.0116,-75.163,1428.0,6,0,0,0,0,0,1,0,0,,0,0,0,14,1,2,1,,0.0,40 00:42.000,,0,75 09:47.574,8,0,0,0,67301,0,0,0,N,0,0,0,4,67301,0,,1,1,,N,N,,0,,0,0,0,0,0,,1424,2,2,0,0,0,2,0,3,4,0,2,3,,N,,,,,,,,,,,