CRN,ARRIVAL_TM,AUTOMOBILE_COUNT,BELTED_DEATH_COUNT,BELTED_SUSP_SERIOUS_INJ_COUNT,BICYCLE_COUNT,BICYCLE_DEATH_COUNT,BICYCLE_SUSP_SERIOUS_INJ_COUNT,BUS_COUNT,CHLDPAS_DEATH_COUNT,CHLDPAS_SUSP_SERIOUS_INJ_COUNT,COLLISION_TYPE,COMM_VEH_COUNT,CONS_ZONE_SPD_LIM,COUNTY,CRASH_MONTH,CRASH_YEAR,DAY_OF_WEEK,DEC_LAT,DEC_LONG,DISPATCH_TM,DISTRICT,DRIVER_COUNT_16YR,DRIVER_COUNT_17YR,DRIVER_COUNT_18YR,DRIVER_COUNT_19YR,DRIVER_COUNT_20YR,DRIVER_COUNT_50_64YR,DRIVER_COUNT_65_74YR,DRIVER_COUNT_75PLUS,EST_HRS_CLOSED,FATAL_COUNT,HEAVY_TRUCK_COUNT,HORSE_BUGGY_COUNT,HOUR_OF_DAY,ILLUMINATION,INJURY_COUNT,INTERSECT_TYPE,INTERSECTION_RELATED,LANE_CLOSED,LATITUDE,LN_CLOSE_DIR,LOCATION_TYPE,LONGITUDE,MAX_SEVERITY_LEVEL,MCYCLE_DEATH_COUNT,MCYCLE_SUSP_SERIOUS_INJ_COUNT,MOTORCYCLE_COUNT,MUNICIPALITY,NONMOTR_COUNT,NONMOTR_DEATH_COUNT,NONMOTR_SUSP_SERIOUS_INJ_COUNT,NTFY_HIWY_MAINT,PED_COUNT,PED_DEATH_COUNT,PED_SUSP_SERIOUS_INJ_COUNT,PERSON_COUNT,POLICE_AGCY,POSSIBLE_INJ_COUNT,RDWY_SURF_TYPE_CD,RELATION_TO_ROAD,ROAD_CONDITION,ROADWAY_CLEARED,SCH_BUS_IND,SCH_ZONE_IND,SECONDARY_CRASH,SMALL_TRUCK_COUNT,SPEC_JURIS_CD,SUSP_MINOR_INJ_COUNT,SUSP_SERIOUS_INJ_COUNT,SUV_COUNT,TCD_FUNC_CD,TCD_TYPE,TFC_DETOUR_IND,TIME_OF_DAY,TOT_INJ_COUNT,TOTAL_UNITS,UNB_DEATH_COUNT,UNB_SUSP_SERIOUS_INJ_COUNT,UNBELTED_OCC_COUNT,UNK_INJ_DEG_COUNT,UNK_INJ_PER_COUNT,URBAN_AREA,URBAN_RURAL,VAN_COUNT,VEHICLE_COUNT,WEATHER1,WEATHER2,WORK_ZONE_IND,WORK_ZONE_LOC,WORK_ZONE_TYPE,WORKERS_PRES,WZ_CLOSE_DETOUR,WZ_FLAGGER,WZ_LAW_OFFCR_IND,WZ_LN_CLOSURE,WZ_MOVING,WZ_OTHER,WZ_SHLDER_MDN,WZ_WORKERS_INJ_KILLED
2006080573,2155.0,1,0,0,0,0,0,0,0,0,4,0,,67,4,2006,3,40.0369,-75.1451,2149.0,6,0,0,0,0,0,0,0,0,3.0,1,0,0,21,3,1,2,,2.0,40 02:13.000,1.0,0,75 08:42.460,1,1,0,1,67301,0,0,0,N,0,0,0,3,67301,0,2.0,1,1,,,N,,0,0.0,1,0,0,3,2,Y,2145,1,2,0,0,0,0,0,3,4,0,2,3,,N,,,,,,,,,,,
2006083059,1655.0,1,0,0,0,0,0,0,0,0,4,0,,67,6,2006,2,,,1643.0,6,0,0,0,0,0,0,0,0,1.0,0,0,0,16,1,0,0,,1.0,,2.0,0,,0,0,0,0,67301,0,0,0,N,0,0,0,1,67301,0,,2,1,,N,N,,1,,0,0,0,0,0,N,1635,0,2,0,0,0,0,0,3,3,0,2,3,,N,,,,,,,,,,,
2006080708,1258.0,1,0,0,0,0,0,0,0,0,6,0,,67,7,2006,1,,,1256.0,6,0,0,0,0,0,0,0,1,,0,0,0,12,1,2,1,,0.0,,,0,,8,0,0,0,67301,1,0,0,N,1,0,0,3,67301,0,,1,1,,N,N,,1,,0,0,0,3,3,,1250,2,3,0,0,1,2,0,3,3,0,2,3,,N,,,,,,,,,,,
2006080813,1250.0,0,0,0,0,0,0,0,0,0,1,0,,67,7,2006,2,39.9865,-75.076,1345.0,6,0,0,0,0,0,0,0,0,,0,0,0,12,1,1,2,,0.0,39 59:11.518,,0,75 04:33.585,4,0,0,0,67301,0,0,0,N,0,0,0,2,67301,1,,1,1,,N,N,,2,,0,0,0,3,3,,1250,1,2,0,0,0,0,1,3,4,0,2,3,,N,,,,,,,,,,,
2006083117,2239.0,1,0,0,0,0,0,0,0,0,8,0,,67,7,2006,1,,,2238.0,6,0,0,0,0,0,0,0,0,,0,0,0,22,3,1,0,,0.0,,,0,,3,0,0,0,67301,1,0,0,N,1,0,0,2,67301,0,,1,1,,N,N,,0,,1,0,0,0,0,,2212,1,2,0,0,1,0,0,3,3,0,1,3,,N,,,,,,,,,,,
2006083145,1426.0,1,0,0,0,0,0,0,0,0,6,0,,67,7,2006,2,,,1420.0,6,0,0,0,0,0,0,0,0,,0,0,0,14,1,0,0,,0.0,,,0,,9,0,0,0,67301,0,0,0,N,0,0,0,2,67504,0,,1,1,,N,N,,1,,0,0,0,0,0,,1415,0,2,0,0,0,0,1,3,3,0,2,3,,N,,,,,,,,,,,
2006066006,1036.0,1,0,0,0,0,0,0,0,0,8,0,,67,5,2006,2,,,1035.0,6,0,0,0,0,0,0,0,0,,0,0,0,10,1,1,2,,0.0,,,0,,4,0,0,0,67301,1,0,0,,1,0,0,2,67301,1,,1,1,,,,,0,,0,0,0,0,0,,1035,1,2,0,0,0,0,1,3,3,0,1,3,,N,,,,,,,,,,,
2006021643,807.0,0,0,0,0,0,0,0,0,0,7,0,,67,1,2006,7,39.96,-75.1799,800.0,6,0,0,0,0,0,0,0,0,1.0,0,0,0,7,1,1,6,,2.0,39 57:36.000,3.0,2,75 10:47.845,4,0,0,0,67301,0,0,0,N,0,0,0,1,67301,1,,4,9,,N,N,,1,,0,0,0,0,0,N,758,1,1,0,0,0,0,0,3,4,0,1,7,,N,,,,,,,,,,,
2006103857,1122.0,2,0,0,0,0,0,0,0,0,4,0,,67,8,2006,5,40.0325,-75.1242,1118.0,6,0,0,0,0,0,0,1,0,1.0,0,0,0,11,1,1,1,,1.0,40 01:57.154,4.0,0,75 07:27.076,8,0,0,0,67301,0,0,0,N,0,0,0,4,67301,0,,1,1,,N,N,,0,,0,0,0,3,2,N,1115,1,2,0,0,0,1,0,3,4,0,2,3,,N,,,,,,,,,,,
2006116518,1734.0,3,0,0,0,0,0,0,0,0,1,0,,67,10,2006,6,39.9397,-75.1982,1733.0,6,0,0,0,0,0,0,0,0,,0,0,0,17,1,2,0,,0.0,39 56:22.901,,0,75 11:53.554,8,0,0,0,67301,0,0,0,N,0,0,0,10,67301,0,,1,1,,N,N,,0,,0,0,0,0,0,,1730,2,4,0,0,4,2,0,3,4,1,4,3,,N,,,,,,,,,,,
2006103525,1810.0,2,0,0,0,0,0,0,0,0,4,0,,67,8,2006,7,40.0935,-74.9802,1810.0,6,0,0,0,0,0,0,0,1,,0,0,0,17,1,1,1,,0.0,40 05:36.000,,0,74 58:47.611,4,0,0,0,67301,0,0,0,N,0,0,0,3,67301,1,,7,1,,N,N,,0,,0,0,0,3,2,,1750,1,2,0,0,0,0,0,3,4,0,2,3,,N,,,,,,,,,,,
2006125463,1625.0,2,0,0,0,0,0,0,0,0,4,0,,67,11,2006,6,39.9867,-75.1595,1625.0,6,0,0,0,0,0,0,0,0,,0,0,0,16,1,1,1,,0.0,39 59:12.228,,0,75 09:34.174,4,0,0,0,67301,0,0,0,N,0,0,0,3,67301,1,,1,1,,N,N,,0,,0,0,0,9,2,,1600,1,2,0,0,0,0,0,3,4,0,2,3,,N,,,,,,,,,,,
2006095455,1641.0,2,0,0,0,0,0,0,0,0,1,0,,67,7,2006,6,40.0414,-75.0979,1638.0,6,0,0,0,0,0,1,0,0,,0,0,0,16,1,1,2,,0.0,40 02:28.885,,0,75 05:52.522,4,0,0,0,67301,0,0,0,N,0,0,0,2,67301,1,,1,9,,N,N,,0,,0,0,0,0,0,,1600,1,2,0,0,0,0,0,3,4,0,2,3,,N,,,,,,,,,,,
2006082592,420.0,1,0,0,0,0,0,0,0,0,7,0,,67,6,2006,4,,,400.0,6,0,0,0,0,0,0,0,0,,0,0,0,99,3,0,0,,0.0,,,0,,0,0,0,0,67301,0,0,0,N,0,0,0,1,67301,0,,2,9,,N,N,,0,,0,0,0,0,0,,9999,0,1,0,0,0,0,0,3,3,0,1,7,,N,,,,,,,,,,,
2006125305,2111.0,2,0,0,0,0,0,0,0,0,5,0,,67,10,2006,3,39.9592,-75.2434,2111.0,6,0,0,0,0,0,0,0,0,,0,0,0,21,3,2,1,,0.0,39 57:33.000,,0,75 14:36.304,8,0,0,0,67301,0,0,0,N,0,0,0,4,67301,0,,1,1,,N,N,,0,,0,0,0,3,2,,2105,2,2,0,0,0,2,1,3,4,0,2,3,,N,,,,,,,,,,,
2006125355,724.0,0,0,0,0,0,0,0,0,0,8,0,,67,10,2006,6,39.954,-75.1767,719.0,6,0,0,0,0,0,0,0,0,,0,0,0,7,1,1,1,,0.0,39 57:14.000,,0,75 10:36.055,3,0,0,0,67301,1,0,0,N,1,0,0,2,67301,0,,1,9,,N,N,,0,,1,0,1,3,2,,705,1,2,0,0,0,0,0,3,4,0,1,7,,N,,,,,,,,,,,
2006082610,1550.0,0,0,0,0,0,0,0,0,0,0,0,,67,7,2006,4,40.0775,-75.0438,1545.0,6,0,0,0,0,0,0,0,0,1.0,0,0,0,15,1,1,2,,1.0,40 04:39.000,2.0,0,75 02:37.217,3,0,0,1,67301,0,0,0,N,0,0,0,1,67301,0,,1,1,,N,N,,0,,1,0,0,3,2,N,1542,1,1,0,0,0,0,0,3,4,0,1,3,,N,,,,,,,,,,,
2006082613,2034.0,1,0,0,0,0,0,0,0,0,8,0,,67,6,2006,2,,,2030.0,6,0,0,0,0,0,0,0,0,,0,0,0,20,1,1,1,,0.0,,,0,,4,0,0,0,67301,1,0,0,N,1,0,0,2,67301,1,,1,1,,N,N,,0,,0,0,0,3,2,,2030,1,2,0,0,0,0,0,3,3,0,1,3,,N,,,,,,,,,,,
2006103449,1635.0,0,0,0,0,0,0,0,0,0,4,0,,67,9,2006,1,39.9878,-75.0921,1627.0,6,0,0,0,0,1,1,0,0,,0,0,0,15,1,0,2,,0.0,39 59:16.000,,0,75 05:31.296,0,0,0,0,67301,0,0,0,N,0,0,0,2,67301,0,,1,1,,N,N,,1,,0,0,1,3,2,,1525,0,2,0,0,0,0,0,3,4,0,2,3,,N,,,,,,,,,,,
2006125272,1755.0,2,0,0,0,0,0,0,0,0,4,0,,67,10,2006,6,40.0107,-75.1508,1740.0,6,0,0,0,0,0,1,0,0,,0,0,0,17,1,2,1,,0.0,40 00:38.000,,0,75 09:03.485,8,0,0,0,67301,0,0,0,N,0,0,0,5,67301,0,,1,1,,N,N,,0,,0,0,0,3,2,,1720,2,2,0,0,0,2,0,3,4,0,2,3,,N,,,,,,,,,,,
2006070595,1130.0,4,0,0,0,0,0,0,0,0,4,0,99.0,67,5,2006,2,39.9538,-75.1751,1120.0,6,0,0,0,0,0,0,0,0,2.0,0,0,0,11,1,0,1,,2.0,39 57:13.000,4.0,0,75 10:30.675,0,0,0,0,67301,0,0,0,N,0,0,0,9,67301,0,,1,9,,N,N,,0,,0,0,1,3,2,Y,1110,0,5,0,0,0,0,0,3,4,0,5,7,,Y,8.0,8.0,U,,,U,,,,,
2006070548,2212.0,1,0,0,0,0,0,0,0,0,1,0,,67,5,2006,1,,,2212.0,6,0,0,0,0,0,0,0,0,2.0,0,0,0,22,3,2,0,,2.0,,4.0,3,,3,0,0,1,67301,0,0,0,N,0,0,0,5,67501,1,,1,1,,N,N,,0,,1,0,0,3,8,N,2209,2,2,0,0,0,0,0,3,3,0,2,3,,N,,,,,,,,,,,
2006065615,1510.0,2,0,0,0,0,0,0,0,0,4,0,,67,5,2006,7,,,1506.0,6,0,0,0,0,0,1,0,0,,0,0,0,15,1,1,2,,0.0,,,0,,4,0,0,0,67301,0,0,0,N,0,0,0,2,67301,1,,1,1,,N,N,,0,,0,0,0,3,3,,1500,1,2,0,0,0,0,0,3,3,0,2,3,,N,,,,,,,,,,,
2006065654,1325.0,2,0,0,0,0,0,0,0,0,4,0,,67,4,2006,7,,,1319.0,6,0,0,0,0,0,0,0,0,,0,0,0,13,1,0,2,,0.0,,,0,,0,0,0,0,67301,0,0,0,,0,0,0,2,67301,0,,1,1,,,,,0,,0,0,0,0,0,,1315,0,2,0,0,0,0,0,3,3,0,2,3,,N,,,,,,,,,,,
2006068226,1205.0,0,0,0,0,0,0,0,0,0,1,0,,67,5,2006,6,,,1150.0,6,0,0,0,0,0,1,0,0,,0,0,0,11,1,1,0,,0.0,,,0,,8,0,0,0,67301,0,0,0,N,0,0,0,3,67301,0,,1,9,,N,N,,0,,0,0,2,0,0,,1150,1,2,0,0,0,1,0,3,3,0,2,7,,N,,,,,,,,,,,
2006115419,530.0,1,0,0,0,0,0,0,0,0,7,0,,67,10,2006,1,39.9564,-75.1445,524.0,6,0,0,0,0,0,0,0,0,2.0,0,0,0,5,3,0,0,,2.0,39 57:23.036,3.0,0,75 08:40.178,0,0,0,0,67301,0,0,0,N,0,0,0,1,67301,0,,5,1,,N,N,,0,,0,0,0,0,0,Y,515,0,1,0,0,1,0,0,3,4,0,1,3,,N,,,,,,,,,,,
2006063224,2054.0,1,0,0,0,0,0,0,0,0,1,0,,67,5,2006,1,39.9437,-75.1654,2052.0,6,0,0,0,0,0,0,0,0,2.0,0,0,0,20,3,1,2,,1.0,39 56:36.000,2.0,0,75 09:55.469,4,0,0,0,67301,0,0,0,,0,0,0,5,67301,1,,1,1,,,,,0,,0,0,0,3,2,Y,2050,1,2,0,0,0,0,1,3,4,1,2,3,,N,,,,,,,,,,,
2006063246,1815.0,1,0,0,0,0,0,0,0,0,8,0,,67,5,2006,6,40.0093,-75.099,1806.0,6,0,0,0,0,0,0,0,0,,0,0,0,18,1,1,0,,0.0,40 00:33.346,,0,75 05:56.378,8,0,0,0,67301,1,0,0,N,1,0,0,2,67301,0,,1,1,,N,N,,0,,0,0,0,0,0,,1800,1,2,0,0,0,1,0,3,4,0,1,3,,N,,,,,,,,,,,
2006125448,2015.0,1,0,0,0,0,0,0,0,0,8,0,,67,11,2006,2,40.0224,-75.061,2010.0,6,0,0,0,0,0,0,0,0,,0,0,0,20,3,1,0,,0.0,40 01:20.557,,0,75 03:39.574,4,0,0,0,67301,1,0,0,N,1,0,0,2,67301,1,,1,1,,N,N,,0,,0,0,0,0,0,,2005,1,2,0,0,0,0,1,3,4,0,1,3,,N,,,,,,,,,,,
2006125452,2050.0,1,0,0,0,0,0,0,0,0,8,0,,67,11,2006,4,,,2046.0,6,0,0,0,0,0,0,0,0,,0,0,0,99,4,1,0,,0.0,,,0,,4,0,0,0,67301,1,0,0,N,1,0,0,2,67301,1,,2,1,,N,N,,0,,0,0,0,3,3,,9999,1,2,0,0,0,0,1,3,3,0,1,3,,N,,,,,,,,,,,
2006096608,1210.0,3,0,0,0,0,0,0,0,0,2,0,,67,8,2006,7,40.0316,-75.2078,1300.0,6,0,1,0,0,0,1,0,0,,0,0,0,13,1,1,1,,0.0,40 01:53.000,,0,75 12:28.036,4,0,0,0,67301,0,0,0,N,0,0,0,4,67301,1,,1,1,,N,N,,0,,0,0,0,3,2,,1300,1,3,0,0,2,0,1,3,4,0,3,3,,N,,,,,,,,,,,
2006106846,1720.0,1,0,0,0,0,0,0,0,0,4,0,,67,8,2006,6,39.9419,-75.2255,1710.0,6,0,0,0,0,0,0,0,0,,0,0,0,17,1,3,1,,0.0,39 56:30.713,,0,75 13:31.922,4,0,0,0,67301,0,0,0,,0,0,0,5,67301,3,,1,1,,,,,1,,0,0,0,3,2,,1700,3,2,0,0,0,0,0,3,4,0,2,3,,N,,,,,,,,,,,
2006106559,2120.0,0,0,0,0,0,0,0,0,0,8,0,,67,8,2006,5,40.0077,-75.1515,2110.0,6,0,0,0,0,0,0,0,0,,0,0,0,18,1,1,0,,0.0,40 00:27.521,,0,75 09:05.551,4,0,0,0,67301,1,0,0,N,1,0,0,2,67301,1,,6,1,,N,N,,0,,0,0,1,0,0,,1849,1,2,0,0,0,0,0,3,4,0,1,3,,N,,,,,,,,,,,
2006104248,1413.0,1,0,0,1,0,0,0,0,0,4,0,,67,8,2006,3,40.0276,-75.0962,1408.0,6,0,0,0,0,0,0,0,1,,0,0,0,13,1,1,1,,0.0,40 01:39.432,,0,75 05:46.337,4,0,0,0,67301,1,0,0,N,0,0,0,2,67301,1,,1,1,,N,N,,0,,0,0,0,3,3,,1347,1,2,0,0,1,0,0,3,4,0,1,3,,N,,,,,,,,,,,
2006102029,1810.0,2,0,0,0,0,0,0,0,0,4,0,,67,9,2006,3,39.957,-75.2133,1803.0,6,0,0,0,1,0,0,0,0,,0,0,0,17,1,1,1,,0.0,39 57:25.000,,0,75 12:48.091,8,0,0,0,67301,0,0,0,,0,0,0,2,67301,0,,1,1,,N,N,,0,,0,0,0,3,2,,1758,1,2,0,0,0,1,0,3,4,0,2,3,,N,,,,,,,,,,,
2006101826,1950.0,2,0,0,0,0,0,0,0,0,6,0,,67,9,2006,2,,,1939.0,6,0,0,0,0,0,0,0,0,,0,0,0,19,3,1,5,,0.0,,,0,,8,0,0,0,67301,0,0,0,,0,0,0,2,67301,0,,1,1,,,,,0,,0,0,0,3,3,,1930,1,2,0,0,0,1,0,3,3,0,2,3,,N,,,,,,,,,,,
2006104313,114.0,2,0,0,0,0,0,0,0,0,4,0,,67,8,2006,7,,,113.0,6,0,0,0,0,0,0,0,0,,0,0,0,0,3,0,2,,0.0,,,0,,0,0,0,0,67301,0,0,0,N,0,0,0,2,67301,0,,2,1,,N,N,,0,,0,0,0,0,0,,46,0,2,0,0,0,0,0,3,3,0,2,3,,N,,,,,,,,,,,
2006125499,2221.0,2,0,0,0,0,0,0,0,0,4,0,,67,10,2006,6,40.0252,-75.1477,2219.0,6,0,0,0,0,0,0,1,0,1.0,0,0,0,22,3,1,0,,1.0,40 01:30.000,1.0,0,75 08:51.982,4,0,0,0,67301,0,0,0,N,0,0,0,5,67301,1,,1,1,,N,N,,0,,0,0,0,0,0,Y,2215,1,2,0,0,1,0,0,3,4,0,2,3,,N,,,,,,,,,,,
2006125500,1945.0,0,0,0,0,0,0,0,0,0,8,0,,67,10,2006,4,40.0283,-75.1201,1945.0,6,0,0,0,0,0,0,0,0,,0,0,0,19,3,1,1,,0.0,40 01:41.000,,0,75 07:12.416,8,0,0,0,67301,1,0,0,N,1,0,0,2,67301,0,,1,1,,N,N,,1,,0,0,0,3,2,,1943,1,2,0,0,1,1,0,3,4,0,1,3,,N,,,,,,,,,,,
2006101619,2150.0,0,0,0,0,0,0,0,0,0,8,0,,67,8,2006,6,,,2140.0,6,0,0,0,0,0,0,0,0,,0,0,0,21,3,1,0,,0.0,,,0,,8,0,0,0,67301,1,0,0,,1,0,0,2,67301,0,,6,1,,N,N,,0,,0,0,0,3,2,,2135,1,2,0,0,1,1,0,3,3,1,1,3,,N,,,,,,,,,,,
2006082683,232.0,1,0,0,0,0,0,0,0,0,7,0,,67,7,2006,4,40.0475,-74.9991,227.0,6,0,0,0,0,0,0,0,0,,0,0,0,2,3,0,6,,0.0,40 02:51.000,,2,74 59:56.588,0,0,0,0,67301,0,0,0,Y,0,0,0,1,67301,0,,4,1,,N,N,,0,,0,0,0,0,0,,227,0,1,0,0,0,0,0,3,4,0,1,3,,N,,,,,,,,,,,
2006080801,935.0,0,0,0,0,0,0,0,0,0,9,0,,67,5,2006,7,40.0897,-75.057,929.0,6,0,0,0,0,0,0,0,1,,0,0,0,9,1,1,5,,0.0,40 05:22.000,,0,75 03:25.159,8,0,0,0,67301,1,0,0,,1,0,0,2,67301,0,,1,1,,N,N,,0,,0,0,0,0,0,,950,1,2,0,0,0,1,0,3,4,0,1,3,,N,,,,,,,,,,,
2006083074,811.0,2,0,0,0,0,0,0,0,0,8,0,,67,7,2006,2,40.0047,-75.1522,800.0,6,0,0,0,0,1,0,0,0,,0,0,0,8,1,3,1,,0.0,40 00:17.000,,0,75 09:08.514,2,0,0,0,67301,1,0,1,Y,1,0,1,3,67301,1,,1,1,,N,N,,0,,1,1,0,9,2,,800,3,3,0,0,1,0,0,3,4,0,2,3,,N,,,,,,,,,,,
2006083010,710.0,0,0,0,0,0,0,0,0,0,8,0,,67,6,2006,7,40.0211,-75.1485,705.0,6,0,0,0,0,0,0,0,0,,0,0,0,99,1,1,0,,0.0,40 01:14.244,,0,75 08:55.549,8,0,0,0,67301,1,0,0,N,1,0,0,2,67301,0,,1,1,,N,N,,1,,0,0,0,0,0,,9999,1,2,0,0,0,1,0,3,4,0,1,3,,N,,,,,,,,,,,
2006125302,743.0,1,0,0,0,0,0,0,0,0,7,0,,67,10,2006,7,39.968,-75.1297,739.0,6,0,0,0,0,0,1,0,0,,0,0,0,7,1,0,7,,0.0,39 58:06.960,,2,75 07:42.240,9,0,0,0,67301,0,0,0,N,0,0,0,1,67301,0,,3,9,,N,N,,0,,0,0,0,0,0,,739,0,1,0,0,0,0,1,3,4,0,1,7,,N,,,,,,,,,,,
2006125357,744.0,1,0,0,0,0,0,0,0,0,1,1,,67,10,2006,1,40.0217,-75.1257,742.0,6,0,0,0,0,1,0,0,0,,0,1,0,7,1,0,1,,0.0,40 01:18.141,,0,75 07:32.411,0,0,0,0,67301,0,0,0,N,0,0,0,2,67301,0,,1,1,,N,N,,0,,0,0,0,9,2,,724,0,2,0,0,0,0,0,3,4,0,2,3,,N,,,,,,,,,,,
2006125383,1030.0,1,0,0,0,0,0,0,0,0,5,0,,67,11,2006,5,39.9881,-75.0888,1021.0,6,0,0,0,0,0,1,0,0,,0,0,0,10,1,0,2,,0.0,39 59:17.000,,2,75 05:19.389,0,0,0,0,67301,0,0,0,N,0,0,0,5,67301,0,,1,1,,N,N,,1,,0,0,0,0,0,,1019,0,2,0,0,0,0,0,3,4,0,2,3,,N,,,,,,,,,,,
2006082624,2031.0,2,0,0,0,0,0,0,0,0,1,0,,67,7,2006,3,40.0299,-75.0878,2030.0,6,0,0,0,0,0,0,0,0,1.0,0,0,0,99,4,1,1,,1.0,40 01:47.000,1.0,0,75 05:16.945,8,0,0,0,67301,0,0,0,N,0,0,0,3,67301,0,,1,1,,N,N,,0,,0,0,0,9,2,N,9999,1,2,0,0,0,1,0,3,4,0,2,3,,N,,,,,,,,,,,
2006125294,1701.0,0,0,0,1,0,0,0,0,0,4,0,,67,11,2006,6,39.9587,-75.1623,1657.0,6,0,0,0,0,0,0,0,0,,0,0,0,16,1,1,1,,0.0,39 57:31.000,,0,75 09:44.099,3,0,0,0,67301,1,0,0,N,0,0,0,2,67301,0,,1,1,,N,N,,1,,1,0,0,0,0,,1654,1,2,0,0,0,0,0,3,4,0,1,3,,N,,,,,,,,,,,
2006112868,922.0,1,0,0,0,0,0,0,0,0,1,0,,67,9,2006,3,39.9229,-75.1682,921.0,6,0,0,0,0,0,0,0,0,,0,0,0,9,1,1,0,,0.0,39 55:22.535,,0,75 10:05.473,3,0,0,1,67301,0,0,0,N,0,0,0,1,67301,0,,1,1,,N,Y,,0,,1,0,0,0,0,,918,1,2,0,0,0,0,0,3,4,0,2,3,,N,,,,,,,,,,,
2006124277,833.0,1,0,0,0,0,0,0,0,0,8,0,,67,10,2006,4,39.9365,-75.1487,828.0,6,0,0,0,0,0,0,0,0,1.0,0,0,0,8,1,1,1,,2.0,39 56:11.346,6.0,0,75 08:55.255,8,0,0,0,67301,1,0,0,N,1,0,0,2,67301,0,,1,1,,N,N,,0,,0,0,0,3,3,Y,828,1,2,0,0,0,1,0,3,4,0,1,3,,N,,,,,,,,,,,
2006124287,1700.0,2,0,0,0,0,0,0,0,0,4,0,,67,10,2006,3,39.9348,-75.2354,1700.0,6,0,0,0,0,0,0,1,0,,0,0,0,16,1,1,0,,0.0,39 56:05.000,,0,75 14:07.715,4,0,0,0,67301,0,0,0,,0,0,0,3,67301,1,,1,1,,N,N,,0,,0,0,0,0,0,,1645,1,2,0,0,0,0,1,3,4,0,2,3,,N,,,,,,,,,,,
2006124291,737.0,1,0,0,0,0,0,0,0,0,8,0,,67,10,2006,7,40.0242,-75.0955,730.0,6,0,0,0,0,0,1,0,0,,0,0,0,7,5,1,1,,0.0,40 01:27.102,,0,75 05:43.897,3,0,0,0,67301,1,0,0,,1,0,0,2,67301,0,,1,9,,N,N,,0,,1,0,0,9,2,,705,1,2,0,0,0,0,0,3,4,0,1,7,,N,,,,,,,,,,,
2006102184,1725.0,3,0,0,0,0,0,0,0,0,1,0,,67,9,2006,1,39.9452,-75.1908,1715.0,6,0,1,0,0,0,0,0,0,1.0,0,0,0,17,1,1,10,,1.0,39 56:42.720,4.0,0,75 11:26.880,4,0,0,0,67301,0,0,0,Y,0,0,0,3,67301,1,,1,1,,N,N,,0,,0,0,0,0,0,N,1712,1,3,0,0,0,0,1,3,4,0,3,3,,N,,,,,,,,,,,
2006122080,1933.0,2,0,0,0,0,0,0,0,0,1,0,,67,11,2006,5,40.0071,-75.214,9999.0,6,0,0,0,0,0,0,0,0,1.0,0,0,0,19,3,1,0,,1.0,40 00:25.000,2.0,0,75 12:50.602,4,0,0,0,67301,0,0,0,N,0,0,0,2,46104,1,,1,9,,N,N,,0,,0,0,0,0,0,N,1920,1,2,0,0,0,0,0,3,4,0,2,7,,N,,,,,,,,,,,
2006114379,203.0,1,0,0,0,0,0,0,0,0,7,0,,67,10,2006,6,,,157.0,6,0,0,0,0,0,0,0,0,1.0,0,0,0,1,3,2,0,,1.0,,3.0,0,,4,0,0,0,67301,0,0,0,N,0,0,0,2,67301,2,,2,9,,N,N,,0,,0,0,0,0,0,N,154,2,1,0,0,0,0,0,3,3,0,1,7,,N,,,,,,,,,,,
2006114724,2210.0,1,0,0,0,0,0,0,0,0,1,0,,67,9,2006,5,40.0041,-75.126,2205.0,6,0,0,0,0,0,0,0,0,,0,1,0,22,3,1,0,,0.0,40 00:14.580,,0,75 07:33.762,4,0,0,0,67301,0,0,0,N,0,0,0,1,67301,1,,1,9,,N,N,,0,,0,0,0,0,0,,2205,1,2,0,0,1,0,0,3,4,0,2,7,,N,,,,,,,,,,,
2006105120,1305.0,1,0,0,0,0,0,0,0,0,7,0,,67,9,2006,7,39.8908,-75.2282,1256.0,6,0,0,0,0,0,1,0,0,1.0,0,0,0,12,1,1,6,,1.0,39 53:26.000,3.0,2,75 13:41.220,3,0,0,0,67301,0,0,0,N,0,0,0,1,67301,0,,2,9,,N,N,,0,,1,0,0,0,0,N,1256,1,1,0,0,0,0,0,3,4,0,1,7,,N,,,,,,,,,,,
2006105122,1038.0,1,0,0,0,0,0,0,0,0,1,0,,67,8,2006,6,39.9671,-75.1329,1030.0,6,0,0,0,0,0,0,0,0,1.0,0,0,0,10,1,1,0,,1.0,39 58:02.000,1.0,0,75 07:55.980,4,0,0,0,67301,0,0,0,,0,0,0,2,67301,1,,1,1,,N,N,,0,,0,0,0,0,0,Y,1025,1,2,0,0,0,0,1,3,4,0,2,3,,N,,,,,,,,,,,
2006123779,1049.0,1,0,0,0,0,0,0,0,0,1,0,,67,10,2006,6,,,1046.0,6,0,0,0,0,0,1,1,0,1.0,0,0,0,10,1,1,0,,2.0,,6.0,0,,8,0,0,0,67301,0,0,0,N,0,0,0,2,67301,0,,1,1,,N,Y,,0,,0,0,1,3,2,N,1040,1,2,0,0,0,1,0,3,3,0,2,3,,N,,,,,,,,,,,
2006093425,1830.0,2,0,0,0,0,0,0,0,0,5,0,,67,7,2006,6,40.0255,-75.1235,1828.0,6,0,0,0,0,0,0,0,0,,0,0,0,16,1,1,5,,0.0,40 01:31.000,,0,75 07:24.864,4,0,0,0,67301,0,0,0,N,0,0,0,3,67301,1,,1,1,,N,N,,0,,0,0,0,3,1,,1628,1,2,0,0,0,0,0,3,4,0,2,3,,N,,,,,,,,,,,