CRN,ARRIVAL_TM,AUTOMOBILE_COUNT,BELTED_DEATH_COUNT,BELTED_SUSP_SERIOUS_INJ_COUNT,BICYCLE_COUNT,BICYCLE_DEATH_COUNT,BICYCLE_SUSP_SERIOUS_INJ_COUNT,BUS_COUNT,CHLDPAS_DEATH_COUNT,CHLDPAS_SUSP_SERIOUS_INJ_COUNT,COLLISION_TYPE,COMM_VEH_COUNT,CONS_ZONE_SPD_LIM,COUNTY,CRASH_MONTH,CRASH_YEAR,DAY_OF_WEEK,DEC_LAT,DEC_LONG,DISPATCH_TM,DISTRICT,DRIVER_COUNT_16YR,DRIVER_COUNT_17YR,DRIVER_COUNT_18YR,DRIVER_COUNT_19YR,DRIVER_COUNT_20YR,DRIVER_COUNT_50_64YR,DRIVER_COUNT_65_74YR,DRIVER_COUNT_75PLUS,EST_HRS_CLOSED,FATAL_COUNT,HEAVY_TRUCK_COUNT,HORSE_BUGGY_COUNT,HOUR_OF_DAY,ILLUMINATION,INJURY_COUNT,INTERSECT_TYPE,INTERSECTION_RELATED,LANE_CLOSED,LATITUDE,LN_CLOSE_DIR,LOCATION_TYPE,LONGITUDE,MAX_SEVERITY_LEVEL,MCYCLE_DEATH_COUNT,MCYCLE_SUSP_SERIOUS_INJ_COUNT,MOTORCYCLE_COUNT,MUNICIPALITY,NONMOTR_COUNT,NONMOTR_DEATH_COUNT,NONMOTR_SUSP_SERIOUS_INJ_COUNT,NTFY_HIWY_MAINT,PED_COUNT,PED_DEATH_COUNT,PED_SUSP_SERIOUS_INJ_COUNT,PERSON_COUNT,POLICE_AGCY,POSSIBLE_INJ_COUNT,RDWY_SURF_TYPE_CD,RELATION_TO_ROAD,ROAD_CONDITION,ROADWAY_CLEARED,SCH_BUS_IND,SCH_ZONE_IND,SECONDARY_CRASH,SMALL_TRUCK_COUNT,SPEC_JURIS_CD,SUSP_MINOR_INJ_COUNT,SUSP_SERIOUS_INJ_COUNT,SUV_COUNT,TCD_FUNC_CD,TCD_TYPE,TFC_DETOUR_IND,TIME_OF_DAY,TOT_INJ_COUNT,TOTAL_UNITS,UNB_DEATH_COUNT,UNB_SUSP_SERIOUS_INJ_COUNT,UNBELTED_OCC_COUNT,UNK_INJ_DEG_COUNT,UNK_INJ_PER_COUNT,URBAN_AREA,URBAN_RURAL,VAN_COUNT,VEHICLE_COUNT,WEATHER1,WEATHER2,WORK_ZONE_IND,WORK_ZONE_LOC,WORK_ZONE_TYPE,WORKERS_PRES,WZ_CLOSE_DETOUR,WZ_FLAGGER,WZ_LAW_OFFCR_IND,WZ_LN_CLOSURE,WZ_MOVING,WZ_OTHER,WZ_SHLDER_MDN,WZ_WORKERS_INJ_KILLED
2006093545,1624.0,4,0,0,0,0,0,0,0,0,1,0,,67,9,2006,2,39.9953,-75.2392,9999.0,6,0,0,0,0,0,2,0,0,9.0,0,0,0,16,1,0,0,,1.0,39 59:43.000,2.0,0,75 14:21.378,0,0,0,0,67301,0,0,0,N,0,0,0,7,46104,0,,1,98,,N,N,,0,,0,0,0,0,0,N,1622,0,4,0,0,0,0,0,3,4,0,4,3,,N,,,,,,,,,,,
2006054645,1530.0,0,0,0,1,0,0,0,0,0,4,0,,67,4,2006,4,40.0608,-75.0681,1522.0,6,0,0,0,0,0,0,1,0,,0,0,0,15,1,1,1,,0.0,40 03:38.955,,0,75 04:05.015,4,0,0,0,67301,1,0,0,N,0,0,0,2,67301,1,,1,1,,N,N,,0,,0,0,0,3,2,,1502,1,2,0,0,0,0,0,3,4,1,1,3,,N,,,,,,,,,,,
2006081074,840.0,2,0,0,0,0,0,0,0,0,6,0,,67,5,2006,4,,,837.0,6,0,0,0,0,0,1,0,0,,0,0,0,8,1,1,2,,0.0,,,0,,4,0,0,0,67301,0,0,0,N,0,0,0,1,67301,1,,1,1,,N,N,,0,,0,0,0,3,3,,835,1,2,0,0,0,0,0,3,3,0,2,3,,N,,,,,,,,,,,
2006081104,1235.0,2,0,0,0,0,0,0,0,0,1,0,,67,6,2006,3,40.041,-75.1637,1225.0,6,0,0,0,0,0,1,0,0,,0,0,0,12,1,1,2,,0.0,40 02:27.564,,0,75 09:49.334,4,0,0,0,67301,0,0,0,N,0,0,0,3,67301,1,,1,1,,N,N,,0,,0,0,0,9,3,,1224,1,2,0,0,0,0,0,3,4,0,2,3,,N,,,,,,,,,,,
2006081081,1147.0,1,0,0,0,0,0,0,0,0,7,0,,67,6,2006,5,,,1147.0,6,0,0,0,0,0,0,0,0,4.0,0,0,0,11,1,0,10,,2.0,,7.0,0,,0,0,0,0,67301,0,0,0,N,0,0,0,1,67301,0,,2,1,,N,N,,0,,0,0,0,0,0,Y,1152,0,1,0,0,0,0,0,3,3,0,1,3,,N,,,,,,,,,,,
2006081086,9999.0,6,0,0,0,0,0,0,0,0,2,0,,67,6,2006,7,,,9999.0,6,0,0,0,1,0,0,0,0,,0,0,0,99,3,2,0,,0.0,,,0,,8,0,0,0,67301,0,0,0,N,0,0,0,3,67301,0,,6,1,,N,N,,0,,0,0,0,0,0,,9999,2,6,0,0,0,2,0,3,3,0,6,3,,N,,,,,,,,,,,
2006081120,730.0,1,0,0,1,0,0,0,0,0,4,0,,67,6,2006,2,39.9702,-75.1451,724.0,6,0,0,0,0,0,0,0,0,,0,0,0,6,1,1,1,,0.0,39 58:12.000,,0,75 08:41.937,4,0,0,0,67301,1,0,0,,0,0,0,2,67301,1,,1,1,,,,,0,,0,0,0,3,2,,645,1,2,0,0,1,0,0,3,4,0,1,3,,N,,,,,,,,,,,
2006081368,1802.0,1,0,0,1,0,0,0,0,0,4,0,,67,5,2006,6,39.9636,-75.2349,1800.0,6,0,0,0,0,0,0,0,0,,0,0,0,17,1,1,1,,0.0,39 57:49.082,,0,75 14:05.485,3,0,0,0,67301,1,0,0,N,0,0,0,2,67301,0,,1,1,,N,N,,0,,1,0,0,0,0,,1718,1,2,0,0,0,0,0,3,4,0,1,3,,N,,,,,,,,,,,
2006081378,255.0,2,0,0,0,0,0,0,0,0,2,0,,67,6,2006,5,,,253.0,6,0,0,0,0,0,0,0,0,,0,0,0,2,3,1,0,,0.0,,,0,,4,0,0,0,67301,0,0,0,N,0,0,0,2,67301,1,,1,1,,N,N,,0,,0,0,0,0,0,,246,1,2,0,0,0,0,0,3,3,0,2,3,,N,,,,,,,,,,,
2006081508,1110.0,1,0,0,0,0,0,0,0,0,2,0,,67,6,2006,7,,,1109.0,6,0,0,0,0,0,1,0,1,,0,0,0,10,1,2,1,,0.0,,,0,,4,0,0,0,67301,0,0,0,N,0,0,0,2,67301,2,,1,1,,N,N,,0,,0,0,1,3,2,,1020,2,2,0,0,0,0,0,3,3,0,2,3,,N,,,,,,,,,,,
2006081526,1655.0,2,0,0,0,0,0,0,0,0,4,0,,67,5,2006,7,,,1644.0,6,0,0,0,0,0,0,0,0,,0,0,0,16,1,1,0,,0.0,,,0,,4,0,0,0,67301,0,0,0,N,0,0,0,4,67301,1,,1,1,,N,N,,0,,0,0,0,0,0,,1640,1,2,0,0,0,0,1,3,3,0,2,3,,N,,,,,,,,,,,
2006081426,9999.0,0,0,0,0,0,0,0,0,0,8,0,,67,6,2006,2,39.9578,-75.2325,1952.0,6,0,0,0,0,0,1,0,0,,0,0,0,7,1,1,0,,0.0,39 57:28.000,,0,75 13:57.037,4,0,0,0,67301,1,0,0,N,1,0,0,2,67301,1,,1,9,,N,N,,0,,0,0,1,0,0,,752,1,2,0,0,1,0,0,3,4,0,1,3,,N,,,,,,,,,,,
2006105161,1645.0,1,0,0,1,0,1,0,0,0,6,0,,67,8,2006,2,,,1637.0,6,0,0,0,0,0,1,0,0,,0,0,0,16,1,1,0,,0.0,,,7,,2,0,0,0,67301,1,0,1,N,0,0,0,2,67301,0,,1,1,,N,N,,0,,0,1,0,0,0,,1635,1,2,0,0,0,0,0,3,3,0,1,3,,N,,,,,,,,,,,
2006126823,612.0,1,0,0,0,0,0,0,0,0,7,0,,67,11,2006,4,40.062,-75.0094,605.0,6,0,0,0,0,0,0,0,0,,0,0,0,6,1,0,0,,0.0,40 03:43.095,,0,75 00:33.978,0,0,0,0,67301,0,0,0,N,0,0,0,1,67301,0,,5,9,,N,N,,0,,0,0,0,0,0,,600,0,1,0,0,0,0,0,3,4,0,1,3,,N,,,,,,,,,,,
2006123776,340.0,2,0,0,0,0,0,0,0,0,4,0,,67,10,2006,2,40.0135,-75.159,340.0,6,0,0,0,0,1,0,0,0,,0,0,0,3,3,0,0,,0.0,40 00:48.000,,0,75 09:32.598,9,0,0,0,67301,0,0,0,,0,0,0,2,67301,0,,1,9,,N,N,,0,,0,0,0,0,0,,335,0,2,0,0,0,0,1,3,4,0,2,7,,N,,,,,,,,,,,
2006123819,2343.0,4,0,0,0,0,0,0,0,0,1,0,,67,10,2006,5,40.0592,-75.0171,2338.0,6,0,0,1,0,0,0,0,0,,0,0,0,23,3,0,0,,0.0,40 03:32.983,,0,75 01:01.712,0,0,0,0,67301,0,0,0,N,0,0,0,2,67301,0,,1,1,,N,N,,0,,0,0,0,0,0,,2338,0,4,0,0,0,0,0,3,4,0,4,3,,N,,,,,,,,,,,
2006054561,1920.0,1,0,0,0,0,0,0,0,0,8,0,,67,4,2006,2,39.9243,-75.2334,1917.0,6,0,0,0,0,0,1,0,0,,0,0,0,99,1,1,0,,0.0,39 55:27.613,,0,75 14:00.301,3,0,0,0,67301,1,0,0,,1,0,0,2,67301,0,,1,1,,,,,0,,1,0,0,0,0,,9999,1,2,0,0,1,0,0,3,4,0,1,3,,N,,,,,,,,,,,
2006054621,2040.0,3,0,0,0,0,0,0,0,0,5,0,,67,4,2006,1,,,2020.0,6,0,0,0,0,0,0,0,0,,0,0,0,20,3,1,0,,0.0,,,0,,8,0,0,0,67301,0,0,0,N,0,0,0,1,67301,0,,1,1,,N,N,,0,,0,0,0,3,3,,2024,1,3,0,0,0,1,0,3,3,0,3,3,,N,,,,,,,,,,,
2006081062,1455.0,1,0,0,0,0,0,0,0,0,4,0,,67,5,2006,5,39.9804,-75.1822,1451.0,6,0,0,0,0,0,0,0,0,,0,0,0,14,1,2,1,,0.0,39 58:49.000,,0,75 10:56.007,3,0,0,0,67301,0,0,0,N,0,0,0,4,67301,1,,1,1,,N,N,,0,,1,0,0,3,2,,1451,2,2,0,0,0,0,0,3,4,1,2,3,,N,,,,,,,,,,,
2006081063,1846.0,2,0,0,0,0,0,0,0,0,4,0,,67,5,2006,7,39.9886,-75.1061,1844.0,6,0,0,0,0,0,0,0,0,,0,0,0,15,1,0,0,,0.0,39 59:19.000,,7,75 06:22.053,9,0,0,0,67301,0,0,0,N,0,0,0,2,67301,0,,1,1,,N,N,,0,,0,0,0,0,0,,1530,0,2,0,0,0,0,1,3,4,0,2,3,,N,,,,,,,,,,,
2006081025,2235.0,1,0,0,0,0,0,0,0,0,6,0,,67,6,2006,4,,,2228.0,6,0,0,0,0,0,0,0,0,,0,0,0,22,3,3,0,,0.0,,,0,,3,0,0,0,67301,0,0,0,N,0,0,0,5,67301,0,,1,1,,N,N,,0,,3,0,0,0,0,,2215,3,2,0,0,1,0,0,3,3,1,2,3,,N,,,,,,,,,,,
2006081100,1433.0,0,0,0,0,0,0,0,0,0,7,0,,67,6,2006,4,,,1428.0,6,0,0,0,0,0,0,0,0,,0,0,0,14,1,0,0,,0.0,,,0,,0,0,0,0,67301,0,0,0,N,0,0,0,3,67301,0,,5,9,,N,N,,1,,0,0,0,0,0,,1423,0,1,0,0,0,0,0,3,3,0,1,7,,N,,,,,,,,,,,
2006081336,850.0,0,0,0,0,0,0,0,0,0,7,0,,67,6,2006,7,40.1191,-75.0078,849.0,6,0,0,0,0,0,0,0,0,3.0,0,0,0,8,1,2,0,,1.0,40 07:08.688,3.0,0,75 00:28.087,4,0,0,0,67301,0,0,0,N,0,0,0,4,67301,2,,5,9,,N,N,,1,,0,0,1,0,0,N,845,2,2,0,0,0,0,0,3,4,0,2,7,,N,,,,,,,,,,,
2006081370,1714.0,1,0,0,0,0,0,0,0,0,8,0,,67,6,2006,6,,,1711.0,6,0,0,0,1,0,0,0,0,,0,0,0,17,1,1,0,,0.0,,,0,,4,0,0,0,67301,1,0,0,N,1,0,0,2,67301,1,,1,1,,N,N,,0,,0,0,0,0,0,,1710,1,2,0,0,0,0,0,3,3,0,1,3,,N,,,,,,,,,,,
2006081493,1217.0,2,0,0,0,0,0,0,0,0,7,0,,67,6,2006,1,,,1206.0,6,0,0,0,0,0,1,0,0,1.0,0,0,0,12,1,0,0,,1.0,,2.0,0,,0,0,0,0,67301,0,0,0,N,0,0,0,4,67301,0,,2,9,,N,N,,0,,0,0,0,0,0,Y,1202,0,2,0,0,0,0,0,3,3,0,2,7,,N,,,,,,,,,,,
2006081521,1710.0,2,0,0,0,0,0,0,0,0,1,0,,67,5,2006,6,39.9914,-75.0851,1705.0,6,0,0,0,0,0,1,0,0,,0,0,0,17,1,2,0,,0.0,39 59:29.040,,0,75 05:06.360,8,0,0,0,67301,0,0,0,N,0,0,0,5,67301,0,,1,1,,N,N,,0,,0,0,0,9,3,,1704,2,2,0,0,0,2,0,3,4,0,2,3,,N,,,,,,,,,,,
2006084070,2245.0,5,0,0,0,0,0,0,0,0,3,0,,67,6,2006,6,40.0505,-75.1175,2230.0,6,0,0,0,0,1,0,0,0,,0,0,0,22,3,2,0,,0.0,40 03:01.000,,0,75 07:03.136,4,0,0,0,67301,0,0,0,N,0,0,0,7,67301,2,,1,9,,N,N,,0,,0,0,0,0,0,,2230,2,5,0,0,0,0,0,3,4,0,5,7,,N,,,,,,,,,,,
2006081569,6.0,2,0,0,0,0,0,0,0,0,1,0,,67,6,2006,5,40.0383,-75.1016,1.0,6,0,0,0,1,0,0,0,0,,0,0,0,23,3,1,1,,0.0,40 02:17.754,,0,75 06:05.767,4,0,0,0,67301,0,0,0,,0,0,0,2,67301,1,,1,9,,N,N,,0,,0,0,0,3,2,,2336,1,2,0,0,0,0,0,3,4,0,2,7,,N,,,,,,,,,,,
2006113077,1623.0,1,0,0,0,0,0,0,0,0,1,0,,67,10,2006,3,39.9872,-75.1874,1623.0,6,0,0,0,0,0,0,0,0,,0,0,0,16,1,3,2,,0.0,39 59:13.920,,0,75 11:14.640,8,0,0,0,67301,0,0,0,N,0,0,0,3,67301,0,,1,9,,N,N,,0,,0,0,1,3,2,,1623,3,2,0,0,0,3,0,3,4,0,2,7,,N,,,,,,,,,,,
2006113338,9999.0,2,0,0,0,0,0,0,0,0,4,0,,67,10,2006,6,39.9752,-75.1882,1206.0,6,0,0,1,0,0,0,0,0,,0,0,0,12,1,3,2,,0.0,39 58:30.584,,0,75 11:17.385,3,0,0,0,67301,0,0,0,N,0,0,0,3,67301,0,,7,1,,N,N,,0,,3,0,0,3,4,,1206,3,2,0,0,0,0,0,3,4,0,2,3,,N,,,,,,,,,,,
2006105787,238.0,1,0,0,0,0,0,0,0,0,7,0,,67,9,2006,6,,,234.0,6,0,0,0,0,0,0,0,0,1.0,0,0,0,2,3,1,0,,1.0,,4.0,0,,4,0,0,0,67301,0,0,0,N,0,0,0,1,67301,1,,2,9,,N,N,,0,,0,0,0,0,0,N,229,1,1,0,0,0,0,0,3,3,0,1,7,,N,,,,,,,,,,,
2006113394,2025.0,1,0,0,0,0,0,0,0,0,8,0,,67,9,2006,2,40.0265,-75.0678,2020.0,6,0,0,0,0,0,0,0,0,,0,0,0,20,3,1,0,,0.0,40 01:35.243,,0,75 04:03.935,8,0,0,0,67301,1,0,0,N,1,0,0,2,67301,0,,1,1,,N,N,,0,,0,0,0,0,0,,2045,1,2,0,0,0,1,0,3,4,0,1,3,,N,,,,,,,,,,,
2006113395,1940.0,2,0,0,0,0,0,0,0,0,5,0,,67,9,2006,4,40.0248,-75.1096,1930.0,6,0,0,0,0,0,0,0,0,,0,0,0,19,3,1,3,,0.0,40 01:29.000,,0,75 06:34.308,8,0,0,0,67301,0,0,0,N,0,0,0,2,67301,0,,1,1,,N,N,,0,,0,0,0,3,2,,1920,1,2,0,0,0,1,0,3,4,0,2,3,,N,,,,,,,,,,,
2006116037,1405.0,1,0,0,0,0,0,0,0,0,8,0,,67,10,2006,3,40.0083,-75.1505,1402.0,6,0,0,0,0,0,0,0,0,,0,0,0,13,1,1,0,,0.0,40 00:29.812,,0,75 09:01.901,3,0,0,0,67301,1,0,0,,1,0,0,2,67301,0,,1,1,,N,,,0,,1,0,0,0,0,,1355,1,2,0,0,0,0,1,3,4,0,1,3,,N,,,,,,,,,,,
2006116061,854.0,1,0,0,0,0,0,0,0,0,8,0,,67,10,2006,4,39.9583,-75.1521,851.0,6,0,0,0,0,0,0,0,0,,0,0,0,8,1,1,1,,0.0,39 57:29.963,,0,75 09:07.439,4,0,0,0,67301,1,0,0,N,1,0,0,2,67301,1,,1,1,,N,N,,0,,0,0,0,3,2,,831,1,2,0,0,0,0,0,3,4,0,1,3,,N,,,,,,,,,,,
2006036805,2340.0,1,0,0,0,0,0,1,0,0,1,1,,67,2,2006,4,40.0429,-75.1043,2340.0,6,0,0,0,0,1,1,0,0,,0,0,0,23,3,6,1,,0.0,40 02:34.000,,0,75 06:15.724,4,0,0,0,67301,0,0,0,,0,0,0,11,67301,6,,1,1,,N,N,,0,,0,0,0,3,2,,2338,6,2,0,0,1,0,0,3,4,0,2,3,,N,,,,,,,,,,,
2006022202,1645.0,1,0,0,0,0,0,0,0,0,8,0,,67,1,2006,7,,,1639.0,6,0,0,0,0,0,0,0,0,,0,0,0,16,1,1,2,,0.0,,,0,,8,0,0,0,67301,1,0,0,N,1,0,0,2,67301,0,,1,1,,N,N,,0,,0,0,0,3,2,,1630,1,2,0,0,0,1,0,3,3,0,1,3,,N,,,,,,,,,,,
2006034810,948.0,1,0,0,0,0,0,1,0,0,1,1,,67,1,2006,2,40.0764,-75.2071,941.0,6,0,0,0,0,0,1,0,0,,0,0,0,9,1,1,0,,0.0,40 04:35.000,,0,75 12:25.558,8,0,0,0,67301,0,0,0,,0,0,0,3,67301,0,,1,9,,,,,0,,0,0,0,3,2,,941,1,2,0,0,0,1,0,3,4,0,2,3,,N,,,,,,,,,,,
2006021334,1135.0,2,0,0,0,0,0,0,0,0,5,0,,67,1,2006,7,40.0688,-75.1793,1130.0,6,0,0,0,0,0,0,0,0,,0,0,0,99,3,0,0,,0.0,40 04:07.582,,0,75 10:45.588,9,0,0,0,67301,0,0,0,N,0,0,0,2,67301,0,,5,1,,N,N,,0,,0,0,0,0,0,,9999,0,4,0,0,0,0,2,3,4,2,4,3,,N,,,,,,,,,,,
2006092382,1924.0,1,0,0,0,0,0,0,0,0,8,0,,67,8,2006,6,40.0423,-75.0256,1923.0,6,0,0,0,0,0,0,0,0,,0,0,0,19,1,1,1,,0.0,40 02:32.000,,0,75 01:32.096,8,0,0,0,67301,1,0,0,,1,0,0,2,67301,0,,1,1,,N,N,,0,,0,0,0,3,2,,1921,1,2,0,0,0,1,1,3,4,0,1,3,,N,,,,,,,,,,,
2006092388,228.0,1,0,0,0,0,0,0,0,0,7,0,,67,8,2006,7,40.0833,-75.2068,225.0,6,0,0,0,0,1,0,0,0,,0,0,0,2,3,1,0,,0.0,40 04:59.000,,0,75 12:24.009,4,0,0,0,67301,0,0,0,N,0,0,0,1,67301,1,,5,1,,N,N,,0,,0,0,0,0,0,,217,1,1,0,0,0,0,0,3,4,0,1,3,,N,,,,,,,,,,,
2006092399,1720.0,2,0,0,0,0,0,0,0,0,2,0,,67,8,2006,2,39.9826,-75.1644,1714.0,6,0,0,0,1,0,1,0,0,,0,0,0,16,1,2,1,,0.0,39 58:57.522,,0,75 09:51.872,4,0,0,0,67301,0,0,0,N,0,0,0,4,67301,2,,1,1,,N,N,,0,,0,0,0,9,3,,1630,2,2,0,0,0,0,2,3,4,0,2,3,,N,,,,,,,,,,,
2006092417,455.0,0,0,0,0,0,0,0,0,0,7,0,,67,8,2006,1,,,450.0,6,0,0,0,0,0,0,0,0,9.0,0,0,0,4,3,2,0,,1.0,,1.0,0,,2,0,0,0,67301,0,0,0,,0,0,0,2,67301,0,,2,1,,N,N,,0,,0,1,0,0,0,N,447,2,1,0,0,0,1,0,3,3,1,1,3,,N,,,,,,,,,,,
2006053842,1819.0,1,0,0,0,0,0,0,0,0,8,0,,67,4,2006,7,,,1812.0,6,0,0,0,0,0,0,0,0,,0,0,0,18,1,1,0,,0.0,,,0,,4,0,0,0,67301,1,0,0,N,1,0,0,2,67301,1,,1,1,,N,N,,0,,0,0,0,0,0,,1807,1,2,0,0,0,0,1,3,3,0,1,3,,N,,,,,,,,,,,
2006094845,808.0,1,0,0,0,0,0,0,0,0,6,0,,67,8,2006,4,39.9533,-75.1838,808.0,6,0,0,1,0,0,0,0,0,,0,0,0,8,1,0,2,,0.0,39 57:12.000,,0,75 11:01.789,0,0,0,0,67301,0,0,0,Y,0,0,0,2,67301,0,,1,1,,N,N,,0,,0,0,0,3,2,,808,0,2,0,0,0,0,0,3,4,1,2,3,,N,,,,,,,,,,,
2006094913,2350.0,1,0,0,0,0,0,0,0,0,6,0,,67,7,2006,6,39.9057,-75.1939,2343.0,6,0,0,0,0,0,1,0,0,2.0,0,0,0,23,3,1,1,,1.0,39 54:20.000,4.0,0,75 11:37.765,3,0,0,1,67301,0,0,0,N,0,0,0,4,67301,0,,1,1,,N,N,,1,,1,0,0,3,2,N,2340,1,3,0,0,0,0,1,3,4,0,3,3,,N,,,,,,,,,,,
2006094962,635.0,1,0,0,0,0,0,0,0,0,5,0,,67,7,2006,5,39.916,-75.2361,630.0,6,0,0,0,0,0,0,0,0,,0,0,0,6,1,1,0,,0.0,39 54:57.538,,0,75 14:09.895,8,0,0,0,67301,0,0,0,N,0,0,0,1,67301,0,,6,1,,N,Y,,0,,0,0,1,3,2,,629,1,2,0,0,0,1,0,3,4,0,2,3,,N,,,,,,,,,,,
2006055850,1700.0,1,0,0,0,0,0,0,0,0,7,0,,67,3,2006,1,40.0637,-75.0423,1647.0,6,0,0,0,0,0,0,0,0,3.0,0,0,0,16,1,1,0,,2.0,40 03:49.343,2.0,0,75 02:32.452,2,0,0,0,67301,0,0,0,N,0,0,0,1,67301,0,,4,1,,N,N,,0,,0,1,0,2,4,Y,1640,1,1,0,0,0,0,0,3,4,0,1,3,,N,,,,,,,,,,,
2006092491,9999.0,0,0,0,0,0,0,0,0,0,8,0,,67,8,2006,6,39.9868,-75.1808,1547.0,6,0,0,0,0,0,0,0,0,,0,0,0,99,1,1,1,,0.0,39 59:12.000,,0,75 10:51.028,4,0,0,0,67301,1,0,0,N,1,0,0,2,67301,1,,1,1,,N,N,,0,,0,0,1,9,2,,9999,1,2,0,0,0,0,0,3,4,0,1,3,,N,,,,,,,,,,,
2006094970,139.0,1,0,0,0,0,0,0,0,0,4,0,,67,7,2006,7,39.8919,-75.2419,126.0,6,0,0,0,0,0,0,0,0,,0,0,0,11,1,0,1,,0.0,39 53:30.000,,0,75 14:30.849,9,0,0,0,67301,0,0,0,N,0,0,0,4,67301,0,,1,1,,N,N,,0,,0,0,1,2,2,,1136,0,2,0,0,0,0,1,3,4,0,2,3,,N,,,,,,,,,,,
2006055951,735.0,2,0,0,0,0,0,0,0,0,1,0,,67,5,2006,4,,,731.0,6,0,0,0,0,0,0,0,0,1.0,0,0,0,7,1,1,0,,1.0,,1.0,0,,8,0,0,0,67301,0,0,0,N,0,0,0,2,67301,0,,1,1,,N,N,,0,,0,0,0,0,0,N,730,1,2,0,0,2,1,0,3,3,0,2,3,,N,,,,,,,,,,,
2006055976,2010.0,1,0,0,0,0,0,0,0,0,2,0,,67,3,2006,5,40.0353,-75.1214,2003.0,6,0,0,0,0,1,0,0,0,,0,0,0,19,3,3,1,,0.0,40 02:06.000,,0,75 07:17.299,8,0,0,0,67301,0,0,0,N,0,0,0,3,67301,0,,1,9,,N,N,,0,,0,0,1,3,2,,1945,3,2,0,0,0,3,0,3,4,0,2,7,,N,,,,,,,,,,,
2006056044,1554.0,1,0,0,0,0,0,0,0,0,4,0,,67,3,2006,5,40.0109,-75.1645,1549.0,6,0,0,1,0,0,0,0,0,,0,0,0,15,1,0,2,,0.0,40 00:39.000,,0,75 09:53.210,0,0,0,0,67301,0,0,0,N,0,0,0,5,67301,0,,1,1,,N,N,,0,,0,0,1,0,0,,1505,0,2,0,0,0,0,0,3,4,0,2,3,,N,,,,,,,,,,,
2006055982,1745.0,2,0,0,0,0,0,0,0,0,1,0,,67,4,2006,2,,,1737.0,6,0,0,0,0,0,0,0,0,,0,0,0,17,1,1,0,,0.0,,,0,,8,0,0,0,67301,0,0,0,N,0,0,0,2,67301,0,,1,1,,N,N,,0,,0,0,0,3,2,,1729,1,2,0,0,0,1,0,3,3,0,2,3,,N,,,,,,,,,,,
2006055988,2040.0,1,0,0,0,0,0,0,0,0,4,0,,67,4,2006,1,,,2035.0,6,0,0,0,0,0,0,1,0,,0,0,0,20,3,3,1,,0.0,,,0,,8,0,0,0,67301,0,0,0,N,0,0,0,4,67301,0,,1,1,,N,N,,0,,0,0,0,9,3,,2035,3,2,0,0,0,3,1,3,3,0,2,3,,N,,,,,,,,,,,
2006056035,844.0,2,0,0,0,0,0,0,0,0,4,0,,67,4,2006,7,40.0237,-75.1645,838.0,6,0,0,0,0,0,2,0,0,1.0,0,0,0,8,1,3,1,,1.0,40 01:25.320,1.0,0,75 09:52.560,4,0,0,0,67301,0,0,0,N,0,0,0,4,67301,1,,1,1,,N,N,,0,,0,0,0,3,3,N,835,3,2,0,0,1,2,0,3,4,0,2,3,,N,,,,,,,,,,,
2006105739,9999.0,0,0,0,0,0,0,0,0,0,2,0,,67,8,2006,7,40.0208,-75.1183,1600.0,6,0,0,0,0,0,0,0,0,,0,0,0,99,1,4,1,,0.0,40 01:14.970,,0,75 07:05.771,4,0,0,0,67301,0,0,0,,0,0,0,4,67301,4,,1,1,,,,,0,,0,0,2,3,2,,9999,4,2,0,0,1,0,0,3,4,0,2,3,,N,,,,,,,,,,,
2006105744,1550.0,1,0,0,0,0,0,0,0,0,8,0,,67,9,2006,4,39.9758,-75.2266,1545.0,6,0,0,0,0,0,0,0,0,,0,0,0,15,1,1,1,,0.0,39 58:32.000,,0,75 13:35.914,8,0,0,0,67301,1,0,0,N,1,0,0,2,67301,0,,1,1,,N,N,,0,,0,0,0,0,0,,1530,1,2,0,0,0,1,0,3,4,0,1,3,,N,,,,,,,,,,,
2006105767,2235.0,1,0,0,0,0,0,0,0,0,8,0,,67,7,2006,4,40.0109,-75.1647,2230.0,6,0,0,0,0,0,0,0,0,,0,0,0,22,3,1,0,,0.0,40 00:39.000,,0,75 09:53.742,2,0,0,0,67301,1,0,1,,1,0,1,2,67301,0,,1,1,,,,,0,,0,1,0,2,2,,2225,1,2,0,0,0,0,0,3,4,0,1,3,,N,,,,,,,,,,,
2006113401,50.0,1,0,0,0,0,0,0,0,0,7,0,,67,9,2006,1,39.9136,-75.2331,46.0,6,0,0,0,0,0,0,0,0,,0,0,0,0,3,1,0,,0.0,39 54:48.948,,0,75 13:59.272,8,0,0,0,67301,0,0,0,N,0,0,0,1,67301,0,,4,1,,N,N,,0,,0,0,0,0,0,,46,1,1,0,0,0,1,0,3,4,0,1,3,,N,,,,,,,,,,,
2006116045,2110.0,1,0,0,0,0,0,0,0,0,7,0,,67,10,2006,2,,,2101.0,6,0,0,0,0,0,0,0,0,1.0,0,0,0,21,3,0,0,,1.0,,4.0,0,,0,0,0,0,67301,0,0,0,N,0,0,0,1,67301,0,,2,1,,N,N,,0,,0,0,0,0,0,N,2100,0,1,0,0,0,0,0,3,3,0,1,3,,N,,,,,,,,,,,