CRN,ARRIVAL_TM,AUTOMOBILE_COUNT,BELTED_DEATH_COUNT,BELTED_SUSP_SERIOUS_INJ_COUNT,BICYCLE_COUNT,BICYCLE_DEATH_COUNT,BICYCLE_SUSP_SERIOUS_INJ_COUNT,BUS_COUNT,CHLDPAS_DEATH_COUNT,CHLDPAS_SUSP_SERIOUS_INJ_COUNT,COLLISION_TYPE,COMM_VEH_COUNT,CONS_ZONE_SPD_LIM,COUNTY,CRASH_MONTH,CRASH_YEAR,DAY_OF_WEEK,DEC_LAT,DEC_LONG,DISPATCH_TM,DISTRICT,DRIVER_COUNT_16YR,DRIVER_COUNT_17YR,DRIVER_COUNT_18YR,DRIVER_COUNT_19YR,DRIVER_COUNT_20YR,DRIVER_COUNT_50_64YR,DRIVER_COUNT_65_74YR,DRIVER_COUNT_75PLUS,EST_HRS_CLOSED,FATAL_COUNT,HEAVY_TRUCK_COUNT,HORSE_BUGGY_COUNT,HOUR_OF_DAY,ILLUMINATION,INJURY_COUNT,INTERSECT_TYPE,INTERSECTION_RELATED,LANE_CLOSED,LATITUDE,LN_CLOSE_DIR,LOCATION_TYPE,LONGITUDE,MAX_SEVERITY_LEVEL,MCYCLE_DEATH_COUNT,MCYCLE_SUSP_SERIOUS_INJ_COUNT,MOTORCYCLE_COUNT,MUNICIPALITY,NONMOTR_COUNT,NONMOTR_DEATH_COUNT,NONMOTR_SUSP_SERIOUS_INJ_COUNT,NTFY_HIWY_MAINT,PED_COUNT,PED_DEATH_COUNT,PED_SUSP_SERIOUS_INJ_COUNT,PERSON_COUNT,POLICE_AGCY,POSSIBLE_INJ_COUNT,RDWY_SURF_TYPE_CD,RELATION_TO_ROAD,ROAD_CONDITION,ROADWAY_CLEARED,SCH_BUS_IND,SCH_ZONE_IND,SECONDARY_CRASH,SMALL_TRUCK_COUNT,SPEC_JURIS_CD,SUSP_MINOR_INJ_COUNT,SUSP_SERIOUS_INJ_COUNT,SUV_COUNT,TCD_FUNC_CD,TCD_TYPE,TFC_DETOUR_IND,TIME_OF_DAY,TOT_INJ_COUNT,TOTAL_UNITS,UNB_DEATH_COUNT,UNB_SUSP_SERIOUS_INJ_COUNT,UNBELTED_OCC_COUNT,UNK_INJ_DEG_COUNT,UNK_INJ_PER_COUNT,URBAN_AREA,URBAN_RURAL,VAN_COUNT,VEHICLE_COUNT,WEATHER1,WEATHER2,WORK_ZONE_IND,WORK_ZONE_LOC,WORK_ZONE_TYPE,WORKERS_PRES,WZ_CLOSE_DETOUR,WZ_FLAGGER,WZ_LAW_OFFCR_IND,WZ_LN_CLOSURE,WZ_MOVING,WZ_OTHER,WZ_SHLDER_MDN,WZ_WORKERS_INJ_KILLED
2006038170,2254.0,2,0,0,0,0,0,0,0,0,5,0,,67,3,2006,3,39.9629,-75.1836,2250.0,6,0,0,0,0,0,0,0,0,,0,0,0,22,3,2,7,,0.0,39 57:48.000,,2,75 11:02.790,4,0,0,0,67301,0,0,0,N,0,0,0,6,67301,2,,1,1,,N,N,,0,,0,0,0,0,0,,2250,2,2,0,0,0,0,2,3,4,0,2,3,,N,,,,,,,,,,,
2006054054,50.0,1,0,0,0,0,0,0,0,0,4,0,,67,4,2006,6,39.9954,-75.1408,40.0,6,0,0,0,0,0,0,0,0,2.0,0,0,0,0,3,2,1,,2.0,39 59:43.335,3.0,0,75 08:27.045,4,0,0,0,67301,0,0,0,,0,0,0,4,67301,2,,1,1,,,,,1,,0,0,1,9,3,Y,35,2,3,0,0,0,0,0,3,4,0,3,3,,N,,,,,,,,,,,
2006054069,1042.0,2,0,0,0,0,0,0,0,0,1,0,,67,4,2006,6,40.0369,-75.1211,1040.0,6,0,0,0,0,0,0,0,0,1.0,0,0,0,10,1,1,2,,1.0,40 02:12.681,1.0,0,75 07:15.877,8,0,0,0,67301,0,0,0,N,0,0,0,2,67301,0,,1,1,,N,N,,0,,0,0,0,3,2,N,1039,1,2,0,0,0,1,0,3,4,0,2,3,,N,,,,,,,,,,,
2006041784,719.0,1,0,0,0,0,0,0,0,0,7,0,,67,3,2006,1,,,715.0,6,0,0,0,0,0,0,1,0,,0,0,0,7,1,0,3,,0.0,,,3,,9,0,0,0,67301,0,0,0,N,0,0,0,1,67501,0,,3,9,,N,N,,0,,0,0,0,0,0,,715,0,1,0,0,0,0,1,3,3,0,1,7,,N,,,,,,,,,,,
2006036820,134.0,1,0,0,0,0,0,0,0,0,7,0,,67,3,2006,1,39.9065,-75.1494,126.0,6,0,0,1,0,0,0,0,0,2.0,0,0,0,1,3,0,0,,2.0,39 54:17.000,1.0,2,75 08:59.324,0,0,0,0,67301,0,0,0,N,0,0,0,1,67301,0,,2,1,,N,N,,0,,0,0,0,0,0,N,126,0,1,0,0,0,0,0,3,4,0,1,3,,N,,,,,,,,,,,
2006036845,557.0,0,0,0,0,0,0,0,0,0,7,0,99.0,67,2,2006,3,40.0979,-74.9851,543.0,6,0,0,0,0,0,2,0,0,1.0,0,0,0,5,2,0,6,,2.0,40 05:53.000,3.0,0,74 59:06.415,0,0,0,0,67301,0,0,0,N,0,0,0,3,67301,0,,3,6,,N,N,,0,,0,0,2,9,3,N,542,0,2,0,0,0,0,0,3,4,0,2,3,,Y,8.0,8.0,U,,,U,,,,,
2006036904,1250.0,3,0,0,0,0,0,0,0,0,4,0,,67,2,2006,2,39.9579,-75.1641,1240.0,6,0,0,0,0,0,2,0,0,,0,0,0,12,1,3,2,,0.0,39 57:27.000,,0,75 09:50.847,3,0,0,0,67301,2,0,0,,2,0,0,6,67301,0,,1,9,,N,N,,0,,3,0,0,3,2,,1240,3,5,0,0,0,0,3,3,4,0,3,10,,N,,,,,,,,,,,
2006037208,2145.0,1,0,0,0,0,0,0,0,0,4,0,,67,1,2006,2,,,2141.0,6,0,0,0,0,0,0,0,0,,0,0,0,21,3,1,1,,0.0,,,0,,8,0,0,0,67301,0,0,0,,0,0,0,1,67301,0,,1,1,,,,,0,,0,0,0,3,3,,2145,1,2,0,0,1,1,0,3,3,0,1,3,,N,,,,,,,,,,,
2006022176,1930.0,1,0,0,0,0,0,0,0,0,8,0,,67,1,2006,5,40.0261,-75.1476,1921.0,6,0,0,1,0,0,0,0,0,,0,0,0,19,3,1,1,,0.0,40 01:34.320,,0,75 08:51.720,4,0,0,0,67301,1,0,0,N,1,0,0,5,67301,1,,1,1,,N,N,,0,,0,0,0,3,2,,1915,1,2,0,0,0,0,0,3,4,0,1,3,,N,,,,,,,,,,,
2006022199,31.0,0,0,0,0,0,0,0,0,0,8,0,,67,1,2006,6,39.9939,-75.1545,29.0,6,0,0,0,0,0,0,0,0,,0,0,0,99,3,1,1,,0.0,39 59:38.000,,0,75 09:16.780,4,0,0,0,67301,1,0,0,N,1,0,0,2,67301,1,,1,1,,N,N,,0,,0,0,1,3,2,,9999,1,2,0,0,0,0,0,3,4,0,1,3,,N,,,,,,,,,,,
2006022204,2110.0,0,0,0,0,0,0,0,0,0,8,0,,67,1,2006,6,39.9523,-75.1757,2105.0,6,0,0,0,0,0,0,0,0,,0,0,0,21,6,1,0,,0.0,39 57:08.000,,0,75 10:32.528,8,0,0,0,67301,1,0,0,,1,0,0,2,67301,0,,6,1,,,,,0,,0,0,1,0,0,,2100,1,2,0,0,0,1,0,3,4,0,1,3,,N,,,,,,,,,,,
2006021284,1755.0,2,0,0,0,0,0,0,0,0,4,0,,67,1,2006,4,,,1748.0,6,0,0,0,0,0,0,0,0,,0,0,0,17,3,2,1,,0.0,,,0,,4,0,0,0,67301,0,0,0,N,0,0,0,4,67301,2,,1,9,,N,N,,0,,0,0,0,3,2,,1745,2,2,0,0,0,0,0,3,3,0,2,7,,N,,,,,,,,,,,
2006021308,1426.0,2,0,0,0,0,0,0,0,0,1,0,,67,1,2006,5,40.0344,-75.0639,1420.0,6,0,0,0,0,0,0,0,1,,0,0,0,99,1,4,0,,0.0,40 02:03.000,,0,75 03:50.583,4,0,0,0,67301,0,0,0,N,0,0,0,4,67301,4,,1,1,,N,N,,0,,0,0,0,0,0,,9999,4,2,0,0,0,0,0,3,4,0,2,3,,N,,,,,,,,,,,
2006019035,1030.0,1,0,0,0,0,0,0,0,0,4,0,,67,1,2006,6,39.9719,-75.1487,1026.0,6,0,0,0,0,0,1,0,0,,0,0,0,10,1,1,1,,0.0,39 58:18.717,,0,75 08:55.168,3,0,0,0,67301,0,0,0,,0,0,0,3,67301,0,,1,1,,N,N,,0,,1,0,1,9,3,,1026,1,2,0,0,0,0,0,3,4,0,2,3,,N,,,,,,,,,,,
2006092418,25.0,2,0,0,0,0,0,0,0,0,2,0,,67,8,2006,5,39.9361,-75.2345,25.0,6,0,0,0,0,1,0,0,0,1.0,0,0,0,0,3,3,2,,2.0,39 56:09.000,2.0,0,75 14:04.091,3,0,0,0,67301,0,0,0,N,0,0,0,3,67301,0,,1,1,,N,N,,0,,3,0,0,0,0,N,20,3,2,0,0,0,0,0,3,4,0,2,3,,N,,,,,,,,,,,
2006053817,1945.0,1,0,0,0,0,0,0,0,0,8,0,,67,4,2006,3,40.0184,-75.1491,1935.0,6,0,0,0,0,0,1,0,0,,0,0,0,19,1,1,1,,0.0,40 01:06.000,,0,75 08:56.717,3,0,0,0,67301,1,0,0,N,1,0,0,2,67301,0,,1,1,,N,N,,0,,1,0,0,3,2,,1930,1,2,0,0,0,0,0,3,4,0,1,3,,N,,,,,,,,,,,
2006094901,48.0,2,0,0,0,0,0,0,0,0,4,0,,67,7,2006,3,40.0243,-75.1304,44.0,6,0,0,0,0,0,0,0,0,,0,0,0,0,3,2,1,,0.0,40 01:27.000,,0,75 07:49.991,8,0,0,0,67301,0,0,0,N,0,0,0,3,67301,0,,1,1,,N,N,,0,,0,0,0,3,2,,40,2,2,0,0,0,2,1,3,4,0,2,3,,N,,,,,,,,,,,
2006055919,1929.0,1,0,0,0,0,0,0,0,0,4,0,,67,3,2006,6,,,1925.0,6,0,0,0,0,0,1,0,0,,0,0,0,19,3,1,2,,0.0,,,0,,8,0,0,0,67301,0,0,0,N,0,0,0,4,67301,0,,1,1,,N,N,,0,,0,0,1,3,3,,1917,1,3,0,0,0,1,0,3,3,1,3,3,,N,,,,,,,,,,,
2006055971,1025.0,2,0,0,0,0,0,0,0,0,1,0,,67,3,2006,2,40.0251,-75.1252,1020.0,6,0,0,0,0,0,0,0,0,,0,0,0,9,1,0,0,,0.0,40 01:30.276,,0,75 07:30.809,0,0,0,0,67301,0,0,0,N,0,0,0,2,67301,0,,1,1,,N,N,,0,,0,0,0,3,2,,900,0,2,0,0,0,0,0,3,4,0,2,3,,N,,,,,,,,,,,
2006056018,730.0,1,0,0,0,0,0,0,0,0,8,0,,67,3,2006,4,39.9534,-75.1716,725.0,6,0,0,0,0,0,0,0,0,,0,0,0,7,1,1,1,,0.0,39 57:11.000,,0,75 10:17.983,4,0,0,0,67301,1,0,0,N,1,0,0,2,67301,1,,1,1,,N,N,,0,,0,0,0,3,2,,720,1,2,0,0,0,0,0,3,4,0,1,3,,N,,,,,,,,,,,
2006056077,1616.0,1,0,0,0,0,0,0,0,0,8,0,,67,3,2006,4,40.0252,-75.1673,1613.0,6,0,0,0,0,0,0,0,0,,0,0,0,16,1,1,0,,0.0,40 01:30.000,,0,75 10:02.222,8,0,0,0,67301,1,0,0,N,1,0,0,2,67301,0,,1,1,,N,Y,,0,,0,0,0,0,0,,1605,1,2,0,0,0,1,0,3,4,0,1,3,,N,,,,,,,,,,,
2006056134,1030.0,1,0,0,0,0,0,0,0,0,4,0,,67,3,2006,3,40.0355,-75.1085,1030.0,6,0,0,0,0,0,1,0,0,,0,0,0,10,1,2,0,,0.0,40 02:07.000,,7,75 06:30.712,4,0,0,0,67301,0,0,0,N,0,0,0,3,67301,2,,4,1,,N,N,,1,,0,0,0,3,3,,1000,2,2,0,0,0,0,0,3,4,0,2,3,,N,,,,,,,,,,,
2006095212,1030.0,0,0,0,0,0,0,0,0,0,0,0,,67,7,2006,7,39.8787,-75.25,1021.0,6,0,0,0,0,0,0,0,0,1.0,0,0,0,10,1,1,0,,1.0,39 52:44.040,2.0,0,75 14:59.280,3,0,0,1,67301,0,0,0,N,0,0,0,1,67301,0,,1,1,,N,N,,0,,1,0,0,0,0,N,1015,1,1,0,0,0,0,0,3,4,0,1,3,,N,,,,,,,,,,,
2006056138,1236.0,1,0,0,0,0,0,0,0,0,2,0,,67,4,2006,2,40.0069,-75.0684,1235.0,6,0,0,0,0,0,1,0,0,1.0,0,0,0,12,1,1,1,,1.0,40 00:24.000,2.0,0,75 04:05.705,4,0,0,0,67301,0,0,0,N,0,0,0,2,67301,1,,1,1,,N,N,,0,,0,0,1,3,2,Y,1235,1,2,0,0,0,0,0,3,4,0,2,3,,N,,,,,,,,,,,
2006036261,1502.0,3,0,0,0,0,0,0,0,0,1,0,,67,1,2006,1,39.931,-75.1726,1459.0,6,0,0,0,0,0,1,0,0,,0,0,0,14,1,1,1,,0.0,39 55:51.690,,0,75 10:21.201,8,0,0,0,67301,0,0,0,,0,0,0,2,67301,0,,1,9,,N,N,,1,,0,0,0,0,0,,1455,1,4,0,0,2,1,0,3,4,0,4,7,,N,,,,,,,,,,,
2006033415,1336.0,3,0,0,0,0,0,0,0,0,6,0,,67,1,2006,3,,,1333.0,6,0,0,0,0,0,0,1,0,,0,0,0,13,1,0,1,,0.0,,,0,,0,0,0,0,67301,0,0,0,N,0,0,0,3,67301,0,,1,9,,N,N,,0,,0,0,0,3,2,,1332,0,4,0,0,0,0,0,3,3,1,4,3,,N,,,,,,,,,,,
2006035648,2130.0,2,0,0,0,0,0,0,0,0,5,0,,67,2,2006,4,39.9963,-75.1122,2128.0,6,0,0,0,0,0,0,0,0,2.0,0,0,0,21,3,1,0,,1.0,39 59:46.582,1.0,0,75 06:44.010,4,0,0,0,67301,0,0,0,N,0,0,0,2,67301,1,,1,1,,N,N,,0,,0,0,0,0,0,Y,2128,1,2,0,0,0,0,0,3,4,0,2,3,,N,,,,,,,,,,,
2006035694,1804.0,2,0,0,0,0,0,0,0,0,1,0,,67,2,2006,6,40.0036,-75.1525,1800.0,6,0,0,0,0,0,1,0,0,2.0,0,0,0,18,1,2,0,,2.0,40 00:13.000,5.0,0,75 09:09.363,4,0,0,0,67301,0,0,0,N,0,0,0,2,67301,2,,1,1,,N,N,,0,,0,0,0,0,0,Y,1800,2,3,0,0,2,0,0,3,4,1,3,3,,N,,,,,,,,,,,
2006033313,2215.0,0,0,0,0,0,0,0,0,0,7,0,,67,2,2006,7,39.9596,-75.2213,2215.0,6,0,0,0,0,0,0,0,0,1.0,0,0,0,22,3,0,0,,2.0,39 57:34.000,4.0,0,75 13:16.505,9,0,0,0,67301,0,0,0,N,0,0,0,1,67301,0,,3,1,,N,N,,0,,0,0,0,0,0,Y,2200,0,1,0,0,0,0,1,3,4,1,1,3,,N,,,,,,,,,,,
2006033098,1550.0,1,0,0,0,0,0,0,0,0,8,0,,67,2,2006,6,39.9856,-75.0964,1545.0,6,0,0,0,0,0,0,0,0,3.0,0,0,0,15,1,2,0,,2.0,39 59:08.000,5.0,0,75 05:46.991,8,0,0,0,67301,2,0,0,,2,0,0,3,67301,0,,5,1,,N,Y,,0,,0,0,0,0,0,Y,1540,2,3,0,0,0,2,0,3,4,0,1,3,,N,,,,,,,,,,,
2006032841,1305.0,1,0,0,0,0,0,0,0,0,8,0,,67,3,2006,4,,,1300.0,6,0,0,0,0,0,0,0,0,,0,0,0,12,1,1,1,,0.0,,,0,,8,0,0,0,67301,1,0,0,N,1,0,0,2,67301,0,,1,1,,N,N,,0,,0,0,0,0,0,,1200,1,2,0,0,0,1,0,3,3,0,1,3,,N,,,,,,,,,,,
2006032866,1736.0,2,0,0,0,0,0,0,0,0,4,0,,67,2,2006,7,39.9871,-75.1223,1736.0,6,0,0,0,0,0,0,0,0,,0,0,0,17,8,4,1,,0.0,39 59:13.000,,0,75 07:21.188,4,0,0,0,67301,0,0,0,N,0,0,0,6,67301,4,,1,1,,N,N,,0,,0,0,0,3,2,,1736,4,2,0,0,0,0,2,3,4,0,2,3,,N,,,,,,,,,,,
2006053699,750.0,1,0,0,1,0,0,0,0,0,4,0,,67,4,2006,4,,,745.0,6,0,0,0,0,0,1,0,0,,0,0,0,7,1,1,2,,0.0,,,0,,4,0,0,0,67301,1,0,0,N,0,0,0,2,67301,1,,1,1,,N,N,,0,,0,0,0,3,3,,735,1,2,0,0,0,0,0,3,3,0,1,3,,N,,,,,,,,,,,
2006053704,2210.0,1,0,0,0,0,0,0,0,0,8,0,,67,2,2006,3,,,2200.0,6,0,0,0,0,0,0,0,0,,0,0,0,19,3,1,2,,0.0,,,0,,3,0,0,0,67301,1,0,0,N,1,0,0,2,67301,0,,1,7,,N,N,,0,,1,0,0,0,0,,1950,1,2,0,0,0,0,1,3,3,0,1,3,,N,,,,,,,,,,,
2006020116,1623.0,1,0,0,0,0,0,0,0,0,4,0,,67,1,2006,7,,,1600.0,6,0,0,0,0,0,1,0,0,,0,0,0,99,1,1,2,,0.0,,,0,,8,0,0,0,67301,0,0,0,N,0,0,0,3,67301,0,,1,1,,N,N,,0,,0,0,1,3,3,,9999,1,2,0,0,2,1,0,3,3,0,2,3,,N,,,,,,,,,,,
2006062716,954.0,0,0,0,1,0,0,0,0,0,5,0,99.0,67,5,2006,2,39.9455,-75.165,948.0,6,0,0,0,0,0,0,1,0,,0,0,0,9,1,1,0,,0.0,39 56:43.915,,0,75 09:54.108,4,0,0,0,67301,1,0,0,N,0,0,0,2,67301,1,,1,1,,N,N,,0,,0,0,1,0,0,,945,1,2,0,0,0,0,0,3,4,0,1,3,,Y,8.0,1.0,Y,,,U,Y,,,,
2006065437,1800.0,2,0,0,0,0,0,0,0,0,4,0,,67,3,2006,6,39.9848,-75.1446,1758.0,6,0,0,0,1,0,0,0,0,,0,0,0,17,1,2,1,,0.0,39 59:05.280,,0,75 08:40.739,4,0,0,0,67301,0,0,0,,0,0,0,2,67301,2,,1,1,,,,,0,,0,0,0,9,3,,1758,2,2,0,0,0,0,0,3,4,0,2,3,,N,,,,,,,,,,,
2006065515,1915.0,1,0,0,1,0,0,0,0,0,4,0,,67,5,2006,3,40.0722,-75.161,1913.0,6,0,0,0,0,0,0,0,0,,0,0,0,16,1,1,2,,0.0,40 04:20.024,,0,75 09:39.646,4,0,0,0,67301,1,0,0,N,0,0,0,2,67301,1,,1,1,,N,N,,0,,0,0,0,9,3,,1615,1,2,0,0,0,0,0,3,4,0,1,3,,N,,,,,,,,,,,
2006065517,1110.0,1,0,0,0,0,0,0,0,0,1,0,,67,5,2006,7,40.0272,-75.098,1108.0,6,0,0,0,0,0,1,0,0,,0,0,0,11,1,2,0,,0.0,40 01:38.000,,0,75 05:52.754,4,0,0,0,67301,0,0,0,N,0,0,0,6,67301,2,,1,1,,N,N,,0,,0,0,2,0,0,,1105,2,3,0,0,0,0,0,3,4,0,3,3,,N,,,,,,,,,,,
2006113072,1520.0,0,0,0,0,0,0,0,0,0,1,0,,67,9,2006,7,39.9583,-75.166,1453.0,6,0,0,0,0,0,0,0,0,1.0,0,0,0,15,1,2,0,,1.0,39 57:29.818,3.0,0,75 09:57.504,8,0,0,0,67301,0,0,0,N,0,0,0,6,67301,0,,1,1,,N,N,,0,,0,0,2,0,0,N,1550,2,2,0,0,0,2,0,3,4,0,2,3,,N,,,,,,,,,,,
2006113281,630.0,2,0,0,0,0,0,0,0,0,6,0,,67,9,2006,7,,,617.0,6,0,0,0,0,0,0,0,0,,0,0,0,6,1,0,0,,0.0,,,0,,9,0,0,0,67301,0,0,0,N,0,0,0,1,67301,0,,1,1,,N,N,,0,,0,0,0,0,0,,617,0,2,0,0,0,0,1,3,3,0,2,3,,N,,,,,,,,,,,
2006113367,1911.0,2,0,0,0,0,0,0,0,0,4,0,,67,9,2006,6,39.9419,-75.2091,1906.0,6,0,0,0,0,0,0,0,0,,0,0,0,18,3,1,0,,0.0,39 56:30.725,,0,75 12:32.757,4,0,0,0,67301,0,0,0,N,0,0,0,2,67301,1,,1,1,,N,N,,0,,0,0,0,0,0,,1841,1,2,0,0,0,0,0,3,4,0,2,3,,N,,,,,,,,,,,
2006105758,1435.0,1,0,0,0,0,0,0,0,0,4,0,,67,8,2006,4,40.0429,-75.1198,1430.0,6,0,0,0,0,0,0,0,0,,0,0,0,14,1,1,1,,0.0,40 02:34.612,,0,75 07:11.211,4,0,0,0,67301,0,0,0,N,0,0,0,2,67301,1,,1,1,,N,N,,0,,0,0,0,3,2,,1425,1,2,0,0,0,0,0,3,4,0,2,3,,N,,,,,,,,,,,
2006105781,2213.0,0,0,0,0,0,0,0,0,0,0,0,,67,9,2006,3,39.9074,-75.2343,2159.0,6,0,0,0,0,0,0,0,0,,0,0,0,21,3,1,1,,0.0,39 54:26.513,,0,75 14:03.508,3,0,0,1,67301,0,0,0,N,0,0,0,1,67301,0,,1,1,,N,N,,0,,1,0,0,3,2,,2150,1,1,0,0,0,0,0,3,4,0,1,3,,N,,,,,,,,,,,
2006105817,1234.0,3,0,0,0,0,0,0,0,0,6,0,,67,8,2006,3,39.992,-75.0857,1234.0,6,0,0,0,0,0,0,0,0,,0,0,0,12,1,1,0,,0.0,39 59:31.179,,0,75 05:08.454,4,0,0,0,67301,0,0,0,N,0,0,0,1,67301,1,,1,1,,N,N,,1,,0,0,0,0,0,,1230,1,4,0,0,0,0,0,3,4,0,4,3,,N,,,,,,,,,,,
2006113427,953.0,1,0,0,0,0,0,0,0,0,2,0,,67,10,2006,4,40.0136,-75.2004,958.0,6,0,0,0,0,0,2,0,0,1.0,0,0,0,9,1,1,0,,1.0,40 00:48.852,6.0,0,75 12:01.443,8,0,0,0,67301,0,0,0,,0,0,0,3,67301,0,,1,9,,,,,0,,0,0,1,0,0,N,937,1,2,0,0,0,1,1,3,4,0,2,7,,N,,,,,,,,,,,
2006113432,2101.0,0,0,0,0,0,0,0,0,0,8,0,,67,9,2006,5,39.9863,-75.1044,2053.0,6,0,0,0,0,0,0,0,0,1.0,0,0,0,20,3,1,1,,1.0,39 59:10.000,3.0,0,75 06:15.671,8,0,0,0,67301,1,0,0,N,1,0,0,2,67301,0,,1,1,,N,N,,0,,0,0,1,3,2,N,2051,1,2,0,0,0,1,0,3,4,0,1,3,,N,,,,,,,,,,,
2006124205,1410.0,1,0,0,0,0,0,0,0,0,8,0,,67,11,2006,7,39.9931,-75.1185,1405.0,6,0,0,0,0,0,0,0,0,,0,0,0,14,1,1,0,,0.0,39 59:35.134,,0,75 07:06.603,4,0,0,0,67301,1,0,0,N,1,0,0,2,67301,1,,1,1,,N,N,,0,,0,0,0,0,0,,1400,1,2,0,0,0,0,0,3,4,0,1,3,,N,,,,,,,,,,,
2006054229,1059.0,1,0,0,0,0,0,0,0,0,4,0,,67,4,2006,4,40.0455,-75.1274,1055.0,6,0,0,0,0,0,0,0,0,,0,0,0,10,1,2,2,,0.0,40 02:43.000,,0,75 07:38.645,4,0,0,0,67301,0,0,0,,0,0,0,3,67301,2,,1,9,,,,,1,,0,0,0,0,0,,1050,2,2,0,0,0,0,0,3,4,0,2,7,,N,,,,,,,,,,,
2006035776,1025.0,2,0,0,0,0,0,0,0,0,1,0,,67,1,2006,2,40.0459,-75.1432,1020.0,6,0,0,0,1,0,0,1,0,,0,0,0,10,1,1,0,,0.0,40 02:45.000,,0,75 08:35.788,4,0,0,0,67301,0,0,0,N,0,0,0,3,67301,1,,1,1,,N,N,,0,,0,0,1,0,0,,1005,1,3,0,0,0,0,0,3,4,0,3,3,,N,,,,,,,,,,,
2006054103,2153.0,1,0,0,0,0,0,0,0,0,8,0,,67,4,2006,6,39.9226,-75.1852,2147.0,6,0,0,0,0,0,0,0,0,,0,0,0,99,3,1,0,,0.0,39 55:22.080,,0,75 11:02.760,4,0,0,0,67301,1,0,0,N,1,0,0,2,67301,1,,1,1,,N,N,,0,,0,0,0,0,0,,9999,1,2,0,0,0,0,0,3,4,0,1,3,,N,,,,,,,,,,,
2006036832,1957.0,1,0,0,0,0,0,0,0,0,6,0,,67,2,2006,2,,,9999.0,6,0,0,0,0,0,0,0,0,,0,0,0,18,3,2,1,,0.0,,,0,,8,0,0,0,67301,0,0,0,N,0,0,0,4,67301,0,,1,1,,N,N,,1,,0,0,0,3,2,,1830,2,2,0,0,0,2,0,3,3,0,2,3,,N,,,,,,,,,,,
2006023901,1350.0,2,0,0,0,0,0,0,0,0,4,0,,67,1,2006,6,,,1343.0,6,0,0,0,0,0,1,0,0,,0,0,0,13,1,1,0,,0.0,,,0,,4,0,0,0,67301,0,0,0,Y,0,0,0,3,67301,1,,1,1,,N,N,,0,,0,0,0,0,0,,1340,1,2,0,0,0,0,0,3,3,0,2,3,,N,,,,,,,,,,,
2006021298,1622.0,1,0,0,0,0,0,0,0,0,4,0,,67,1,2006,2,40.0906,-74.9756,1606.0,6,0,0,1,0,0,0,0,0,,0,0,0,16,1,1,6,,0.0,40 05:27.000,,8,74 58:32.517,4,0,0,0,67301,0,0,0,N,0,0,0,3,67301,1,,1,1,,N,N,,0,,0,0,1,0,0,,1600,1,2,0,0,0,0,0,3,4,0,2,3,,N,,,,,,,,,,,
2006047962,238.0,0,0,0,0,0,0,0,0,0,1,0,,67,3,2006,4,39.9366,-75.2261,208.0,6,0,0,1,0,0,0,0,0,3.0,1,0,0,99,2,0,0,,2.0,39 56:11.932,5.0,0,75 13:33.805,1,1,0,1,67301,0,0,0,N,0,0,0,1,67301,0,2.0,6,1,,N,N,,0,0.0,0,0,1,3,3,Y,9999,0,2,0,0,0,0,0,3,4,0,2,3,,N,,,,,,,,,,,
2006092386,1558.0,3,0,0,0,0,0,0,0,0,4,0,,67,8,2006,3,40.0352,-75.1455,1552.0,6,0,0,0,0,0,0,1,0,,0,0,0,15,1,2,1,,0.0,40 02:06.000,,0,75 08:43.859,4,0,0,0,67301,0,0,0,N,0,0,0,7,67301,1,,1,1,,N,N,,0,,0,0,0,3,2,,1552,2,3,0,0,1,1,0,3,4,0,3,3,,N,,,,,,,,,,,
2006086999,1600.0,2,0,0,0,0,0,0,0,0,1,0,,67,6,2006,7,,,1553.0,6,0,0,0,0,1,0,0,0,,0,0,0,15,1,1,1,,0.0,,,0,,3,0,0,0,67301,0,0,0,Y,0,0,0,2,67301,0,,1,9,,N,N,,0,,1,0,1,3,3,,1546,1,3,0,0,0,0,0,3,3,0,3,7,,N,,,,,,,,,,,
2006053497,1855.0,1,0,0,0,0,0,0,0,0,6,0,,67,4,2006,5,39.9908,-75.1309,1853.0,6,0,1,0,0,0,0,0,0,,0,0,0,18,1,2,1,,0.0,39 59:26.000,,0,75 07:51.782,4,0,0,0,67301,0,0,0,,0,0,0,4,67301,2,,1,1,,,,,1,,0,0,0,3,2,,1850,2,2,0,0,0,0,0,3,4,0,2,3,,N,,,,,,,,,,,
2006053769,1122.0,2,0,0,0,0,0,0,0,0,1,0,,67,4,2006,3,40.0104,-75.1359,1118.0,6,0,0,0,0,0,0,0,0,,0,0,0,10,1,2,1,,0.0,40 00:37.472,,0,75 08:09.164,4,0,0,0,67301,0,0,0,N,0,0,0,3,67301,2,,1,1,,N,N,,0,,0,0,0,3,2,,1045,2,2,0,0,0,0,0,3,4,0,2,3,,N,,,,,,,,,,,
2006053841,1534.0,4,0,0,0,0,0,0,0,0,5,0,,67,4,2006,1,,,1528.0,6,0,0,0,0,0,1,0,0,,0,0,0,15,1,1,0,,0.0,,,0,,8,0,0,0,67301,1,0,0,N,0,0,0,3,67301,0,,1,1,,N,N,,1,,0,0,0,0,0,,1524,1,5,0,0,0,1,0,3,3,0,5,3,,N,,,,,,,,,,,
2006053849,1718.0,2,0,0,0,0,0,0,0,0,4,0,,67,4,2006,5,39.8987,-75.1706,1714.0,6,0,0,0,0,0,0,0,0,1.0,0,0,0,17,1,1,0,,1.0,39 53:55.457,1.0,0,75 10:12.993,4,0,0,0,67301,0,0,0,N,0,0,0,3,67301,1,,1,1,,N,N,,0,,0,0,0,0,0,Y,1710,1,2,0,0,0,0,0,3,4,0,2,3,,N,,,,,,,,,,,