CRN,ARRIVAL_TM,AUTOMOBILE_COUNT,BELTED_DEATH_COUNT,BELTED_SUSP_SERIOUS_INJ_COUNT,BICYCLE_COUNT,BICYCLE_DEATH_COUNT,BICYCLE_SUSP_SERIOUS_INJ_COUNT,BUS_COUNT,CHLDPAS_DEATH_COUNT,CHLDPAS_SUSP_SERIOUS_INJ_COUNT,COLLISION_TYPE,COMM_VEH_COUNT,CONS_ZONE_SPD_LIM,COUNTY,CRASH_MONTH,CRASH_YEAR,DAY_OF_WEEK,DEC_LAT,DEC_LONG,DISPATCH_TM,DISTRICT,DRIVER_COUNT_16YR,DRIVER_COUNT_17YR,DRIVER_COUNT_18YR,DRIVER_COUNT_19YR,DRIVER_COUNT_20YR,DRIVER_COUNT_50_64YR,DRIVER_COUNT_65_74YR,DRIVER_COUNT_75PLUS,EST_HRS_CLOSED,FATAL_COUNT,HEAVY_TRUCK_COUNT,HORSE_BUGGY_COUNT,HOUR_OF_DAY,ILLUMINATION,INJURY_COUNT,INTERSECT_TYPE,INTERSECTION_RELATED,LANE_CLOSED,LATITUDE,LN_CLOSE_DIR,LOCATION_TYPE,LONGITUDE,MAX_SEVERITY_LEVEL,MCYCLE_DEATH_COUNT,MCYCLE_SUSP_SERIOUS_INJ_COUNT,MOTORCYCLE_COUNT,MUNICIPALITY,NONMOTR_COUNT,NONMOTR_DEATH_COUNT,NONMOTR_SUSP_SERIOUS_INJ_COUNT,NTFY_HIWY_MAINT,PED_COUNT,PED_DEATH_COUNT,PED_SUSP_SERIOUS_INJ_COUNT,PERSON_COUNT,POLICE_AGCY,POSSIBLE_INJ_COUNT,RDWY_SURF_TYPE_CD,RELATION_TO_ROAD,ROAD_CONDITION,ROADWAY_CLEARED,SCH_BUS_IND,SCH_ZONE_IND,SECONDARY_CRASH,SMALL_TRUCK_COUNT,SPEC_JURIS_CD,SUSP_MINOR_INJ_COUNT,SUSP_SERIOUS_INJ_COUNT,SUV_COUNT,TCD_FUNC_CD,TCD_TYPE,TFC_DETOUR_IND,TIME_OF_DAY,TOT_INJ_COUNT,TOTAL_UNITS,UNB_DEATH_COUNT,UNB_SUSP_SERIOUS_INJ_COUNT,UNBELTED_OCC_COUNT,UNK_INJ_DEG_COUNT,UNK_INJ_PER_COUNT,URBAN_AREA,URBAN_RURAL,VAN_COUNT,VEHICLE_COUNT,WEATHER1,WEATHER2,WORK_ZONE_IND,WORK_ZONE_LOC,WORK_ZONE_TYPE,WORKERS_PRES,WZ_CLOSE_DETOUR,WZ_FLAGGER,WZ_LAW_OFFCR_IND,WZ_LN_CLOSURE,WZ_MOVING,WZ_OTHER,WZ_SHLDER_MDN,WZ_WORKERS_INJ_KILLED
2006094948,1901.0,0,0,0,0,0,0,0,0,0,3,0,,67,8,2006,7,40.0202,-75.1141,1900.0,6,0,0,0,0,0,0,0,0,,0,0,0,18,2,1,1,,0.0,40 01:12.877,,0,75 06:50.707,4,0,0,1,67301,0,0,0,N,0,0,0,2,67301,1,,1,1,,N,N,,0,,0,0,1,3,3,,1841,1,2,0,0,0,0,0,3,4,0,2,3,,N,,,,,,,,,,,
2006055824,1506.0,2,0,0,0,0,0,0,0,0,4,0,,67,4,2006,2,39.9772,-75.2268,1503.0,6,0,0,0,0,0,1,0,0,,0,0,0,14,1,1,5,,0.0,39 58:38.280,,0,75 13:36.840,8,0,0,0,67301,0,0,0,,0,0,0,3,67301,0,,1,1,,N,N,,0,,0,0,0,3,2,,1430,1,2,0,0,0,1,0,3,4,0,2,3,,N,,,,,,,,,,,
2006094977,2110.0,2,0,0,0,0,0,0,0,0,5,0,,67,7,2006,7,,,2100.0,6,0,0,0,0,0,0,0,0,,0,0,0,20,1,2,1,,0.0,,,0,,4,0,0,0,67301,0,0,0,N,0,0,0,3,67301,2,,4,1,,N,N,,0,,0,0,0,3,2,,2052,2,2,0,0,0,0,1,3,3,0,2,3,,N,,,,,,,,,,,
2006055966,9999.0,1,0,0,0,0,0,0,0,0,8,0,,67,3,2006,4,40.0354,-75.1226,9999.0,6,0,0,0,0,0,0,0,0,,0,0,0,99,1,1,0,,0.0,40 02:07.000,,0,75 07:21.510,2,0,0,0,67301,1,0,1,,1,0,1,3,67301,0,,1,1,,N,N,,0,,0,1,0,0,0,,9999,1,2,0,0,0,0,0,3,4,0,1,3,,N,,,,,,,,,,,
2006056053,2145.0,1,0,0,0,0,0,0,0,0,8,0,,67,4,2006,6,40.0317,-75.1789,2140.0,6,0,0,0,0,0,0,0,0,,0,0,0,99,3,1,1,,0.0,40 01:54.120,,0,75 10:44.040,8,0,0,0,67301,1,0,0,N,1,0,0,2,67301,0,,1,1,,N,N,,0,,0,0,0,3,2,,9999,1,2,0,0,0,1,0,3,4,0,1,3,,N,,,,,,,,,,,
2006056057,1524.0,1,0,0,0,0,0,0,0,0,7,0,,67,4,2006,1,,,1512.0,6,0,0,0,0,0,0,0,0,1.0,0,0,0,15,1,1,0,,2.0,,3.0,3,,4,0,0,0,67301,0,0,0,N,0,0,0,1,67301,1,,4,1,,N,N,,0,,0,0,0,3,8,N,1508,1,1,0,0,0,0,0,3,3,0,1,3,,N,,,,,,,,,,,
2006056078,2119.0,2,0,0,0,0,0,0,0,0,2,0,,67,3,2006,7,40.0223,-75.162,2115.0,6,0,0,0,0,0,0,0,0,,0,0,0,1,2,4,2,,0.0,40 01:20.000,,0,75 09:43.405,4,0,0,0,67301,0,0,0,,0,0,0,5,67301,4,,1,1,,,,,0,,0,0,0,9,3,,100,4,2,0,0,0,0,1,3,4,0,2,3,,N,,,,,,,,,,,
2006092784,1537.0,2,0,0,0,0,0,0,0,0,4,0,,67,8,2006,2,40.0115,-75.0698,1537.0,6,0,0,0,0,0,1,0,0,,0,0,0,15,1,3,1,,0.0,40 00:41.000,,0,75 04:11.189,4,0,0,0,67301,0,0,0,N,0,0,0,3,67301,2,,1,1,,N,N,,0,,0,0,0,9,2,,1535,3,2,0,0,0,1,0,3,4,0,2,3,,N,,,,,,,,,,,
2006053988,1223.0,1,0,0,0,0,0,0,0,0,8,0,,67,4,2006,6,,,1206.0,6,0,1,0,0,0,0,0,0,,0,0,0,12,1,1,2,,0.0,,,0,,4,0,0,0,67301,1,0,0,,1,0,0,2,67301,1,,1,1,,N,N,,0,,0,0,0,9,2,,1200,1,2,0,0,0,0,0,3,3,0,1,3,,N,,,,,,,,,,,
2006092925,810.0,1,0,0,0,0,0,1,0,0,5,1,,67,7,2006,2,40.0638,-75.1729,806.0,6,0,0,0,0,0,0,1,0,3.0,0,0,0,8,1,8,2,,2.0,40 03:49.000,1.0,0,75 10:22.328,3,0,0,0,67301,0,0,0,,0,0,0,9,67301,7,,1,1,,Y,N,,0,,1,0,0,9,3,Y,805,8,2,0,0,0,0,0,3,4,0,2,3,,N,,,,,,,,,,,
2006069428,1333.0,2,0,0,0,0,0,0,0,0,1,0,,67,7,2006,2,,,9999.0,6,0,1,0,0,0,1,0,0,,0,0,0,13,1,1,0,,0.0,,,0,,8,0,0,0,67301,0,0,0,N,0,0,0,5,46104,0,,1,1,,N,N,,0,,0,0,0,0,0,,1320,1,2,0,0,3,1,0,3,3,0,2,3,,N,,,,,,,,,,,
2006037955,305.0,2,0,0,0,0,0,0,0,0,5,0,,67,3,2006,7,,,305.0,6,0,0,0,0,0,0,0,0,,0,0,0,3,3,0,0,,0.0,,,0,,0,0,0,0,67301,0,0,0,,0,0,0,1,67301,0,,6,1,,,,,0,,0,0,0,0,0,,300,0,2,0,0,0,0,0,3,3,0,2,3,,N,,,,,,,,,,,
2006038035,119.0,1,0,0,0,0,0,0,0,0,1,0,,67,3,2006,3,39.9545,-75.1984,119.0,6,0,0,0,0,0,0,0,0,,0,0,0,1,3,1,1,,0.0,39 57:18.000,,0,75 11:53.970,8,0,0,0,67301,0,0,0,N,0,0,0,3,67504,0,,1,1,,N,N,,0,,0,0,0,3,2,,118,1,2,0,0,0,1,0,3,4,1,2,3,,N,,,,,,,,,,,
2006032974,1450.0,1,0,0,0,0,0,0,0,0,5,0,,67,2,2006,4,40.0227,-75.1482,1444.0,6,0,0,0,1,0,0,0,0,,0,0,0,14,1,0,1,,0.0,40 01:22.080,,0,75 08:53.880,0,0,0,0,67301,0,0,0,N,0,0,0,2,67301,0,,1,1,,N,N,,1,,0,0,0,3,2,,1417,0,2,0,0,0,0,0,3,4,0,2,3,,N,,,,,,,,,,,
2006032985,2035.0,0,0,0,0,0,0,0,0,0,8,0,,67,2,2006,7,,,2035.0,6,0,0,0,0,0,1,0,0,,0,0,0,20,3,1,2,,0.0,,,0,,4,0,0,0,67301,1,0,0,,1,0,0,2,67301,1,,1,1,,,,,0,,0,0,1,9,3,,2035,1,2,0,0,0,0,0,3,3,0,1,3,,N,,,,,,,,,,,
2006033102,2100.0,3,0,0,0,0,0,0,0,0,1,0,,67,2,2006,3,39.9742,-75.1181,2055.0,6,0,0,0,0,0,2,0,0,1.0,0,0,0,20,3,4,0,,2.0,39 58:30.000,1.0,0,75 07:00.391,4,0,0,0,67301,0,0,0,N,0,0,0,8,67301,3,,1,1,,N,N,,0,,0,0,1,0,0,N,2045,4,4,0,0,0,1,0,3,4,0,4,3,,N,,,,,,,,,,,
2006028553,1224.0,1,0,0,0,0,0,0,0,0,7,0,,67,1,2006,3,40.0119,-75.2049,1222.0,6,0,0,0,0,0,0,0,0,1.0,0,0,0,12,1,1,7,,2.0,40 00:46.000,1.0,8,75 12:16.228,3,0,0,0,67301,0,0,0,,0,0,0,1,67301,0,,3,9,,N,N,,0,,1,0,0,0,0,Y,1220,1,1,0,0,0,0,0,3,4,0,1,3,,N,,,,,,,,,,,
2006032956,1910.0,2,0,0,0,0,0,0,0,0,2,0,,67,2,2006,3,39.914,-75.1499,1901.0,6,0,0,0,0,0,0,0,0,,0,0,0,18,1,0,1,,0.0,39 54:50.000,,0,75 08:59.724,0,0,0,0,67301,0,0,0,N,0,0,0,2,67301,0,,1,1,,N,N,,0,,0,0,0,3,2,,1855,0,2,0,0,0,0,0,3,4,0,2,3,,N,,,,,,,,,,,
2006019894,953.0,1,0,0,0,0,0,0,0,0,4,0,,67,1,2006,6,40.0377,-75.1959,945.0,6,0,0,0,0,0,0,0,0,,0,0,0,9,1,1,2,,0.0,40 02:15.000,,0,75 11:45.359,3,0,0,1,67301,0,0,0,N,0,0,0,3,67301,0,,1,1,,N,N,,0,,1,0,0,3,3,,926,1,2,0,0,0,0,0,3,4,0,2,3,,N,,,,,,,,,,,
2006020115,249.0,3,0,0,0,0,0,0,0,0,6,0,,67,1,2006,6,40.0542,-75.0937,235.0,6,0,0,0,0,0,0,0,0,,0,0,0,2,3,1,1,,0.0,40 03:15.278,,0,75 05:37.219,4,0,0,0,67301,0,0,0,N,0,0,0,2,67301,1,,1,1,,N,N,,0,,0,0,1,0,0,,235,1,4,0,0,2,0,0,3,4,0,4,3,,N,,,,,,,,,,,
2006065328,1813.0,1,0,0,0,0,0,0,0,0,8,0,,67,5,2006,4,40.0,-75.1029,1810.0,6,0,0,0,0,0,1,0,0,,0,0,0,18,1,1,0,,0.0,39 59:59.978,,0,75 06:10.346,3,0,0,0,67301,1,0,0,N,1,0,0,2,67301,0,,1,1,,N,N,,0,,1,0,0,0,0,,1800,1,2,0,0,0,0,0,3,4,0,1,3,,N,,,,,,,,,,,
2006081392,2210.0,2,0,0,0,0,0,0,0,0,2,0,,67,6,2006,6,40.0357,-75.081,2208.0,6,0,0,0,1,0,0,0,0,,0,0,0,22,3,2,1,,0.0,40 02:08.000,,0,75 04:51.478,4,0,0,0,67301,0,0,0,N,0,0,0,3,67301,2,,1,1,,N,N,,0,,0,0,0,3,2,,2208,2,2,0,0,0,0,0,3,4,0,2,3,,N,,,,,,,,,,,
2006081536,1835.0,1,0,0,0,0,0,0,0,0,1,0,,67,5,2006,5,,,1831.0,6,0,0,0,0,0,0,0,0,,0,0,0,18,1,1,0,,0.0,,,0,,8,0,0,0,67301,0,0,0,N,0,0,0,4,67301,0,,1,1,,N,N,,1,,0,0,0,0,0,,1825,1,2,0,0,0,1,0,3,3,0,2,3,,N,,,,,,,,,,,
2006081561,2100.0,2,0,0,0,0,0,0,0,0,1,0,,67,6,2006,3,40.0025,-75.2236,2100.0,6,0,0,0,0,0,2,0,0,,0,0,0,15,1,1,2,,0.0,40 00:08.000,,7,75 13:24.731,8,0,0,0,67301,0,0,0,,0,0,0,2,67301,0,,1,1,,,,,0,,0,0,0,2,2,,1530,1,2,0,0,0,1,0,3,4,0,2,3,,N,,,,,,,,,,,
2006081587,301.0,2,0,0,0,0,0,0,0,0,2,0,,67,6,2006,6,,,257.0,6,0,0,0,0,0,0,0,0,,0,0,0,2,3,0,0,,0.0,,,0,,9,0,0,0,67301,0,0,0,N,0,0,0,1,67301,0,,1,9,,N,N,,1,,0,0,0,0,0,,252,0,3,0,0,0,0,1,3,3,0,3,98,,N,,,,,,,,,,,
2006113354,505.0,1,0,0,0,0,0,0,0,0,4,1,,67,9,2006,7,39.993,-75.1345,501.0,6,0,0,0,0,0,0,0,0,,0,1,0,4,3,2,1,,0.0,39 59:34.796,,0,75 08:04.250,4,0,0,0,67301,0,0,0,N,0,0,0,4,67301,2,,1,1,,N,N,,0,,0,0,0,3,2,,455,2,2,0,0,0,0,2,3,4,0,2,3,,N,,,,,,,,,,,
2006113387,1047.0,3,0,0,0,0,0,0,0,0,7,0,,67,9,2006,2,40.0061,-75.091,1043.0,6,0,0,0,0,0,0,0,0,,0,0,0,99,1,0,0,,0.0,40 00:21.900,,0,75 05:27.626,0,0,0,0,67301,0,0,0,N,0,0,0,1,67301,0,,5,1,,N,N,,0,,0,0,0,0,0,,9999,0,3,0,0,0,0,0,3,4,0,3,3,,N,,,,,,,,,,,
2006103272,1700.0,0,0,0,0,0,0,0,0,0,8,0,,67,9,2006,6,,,1700.0,6,0,0,0,0,0,0,0,0,,0,0,0,16,1,1,0,,0.0,,,0,,4,0,0,0,67301,1,0,0,N,1,0,0,2,67301,1,,1,1,,N,N,,0,,0,0,0,0,0,,1610,1,2,0,0,0,0,0,3,3,1,1,3,,N,,,,,,,,,,,
2006105841,1612.0,1,0,0,0,0,0,0,0,0,5,1,,67,8,2006,4,40.0277,-75.1471,1611.0,6,0,0,0,0,0,0,0,0,,0,1,0,99,1,1,0,,0.0,40 01:39.000,,0,75 08:49.976,4,0,0,0,67301,0,0,0,N,0,0,0,3,67301,1,,1,9,,N,N,,0,,0,0,0,3,2,,9999,1,2,0,0,1,0,0,3,4,0,2,3,,N,,,,,,,,,,,
2006105843,900.0,1,0,0,0,0,0,0,0,0,1,0,,67,8,2006,4,40.0458,-75.1127,854.0,6,0,0,0,0,0,0,0,0,,0,0,0,8,1,0,0,,0.0,40 02:51.000,,0,75 06:45.574,0,0,0,0,67301,0,0,0,,0,0,0,3,67301,0,,1,9,,N,N,,1,,0,0,0,0,0,,840,0,2,0,0,0,0,0,3,4,0,2,3,,N,,,,,,,,,,,
2006105845,803.0,1,0,0,0,0,0,0,0,0,4,0,,67,9,2006,7,40.0076,-75.1273,801.0,6,0,0,0,0,0,0,0,0,,0,0,0,8,8,1,1,,0.0,40 00:27.000,,0,75 07:38.390,4,0,0,0,67301,0,0,0,N,0,0,0,2,67301,1,,1,9,,N,N,,1,,0,0,0,0,0,,801,1,2,0,0,0,0,0,3,4,0,2,7,,N,,,,,,,,,,,
2006054245,1758.0,1,0,0,1,0,0,0,0,0,4,0,,67,3,2006,5,,,1755.0,6,0,0,0,0,0,0,0,0,,0,0,0,15,1,1,0,,0.0,,,0,,4,0,0,0,67301,1,0,0,,0,0,0,2,67301,1,,1,1,,,,,0,,0,0,0,0,0,,1525,1,2,0,0,0,0,1,3,3,0,1,3,,N,,,,,,,,,,,
2006036808,900.0,2,0,0,0,0,0,0,0,0,1,0,,67,2,2006,6,40.0473,-75.1429,847.0,6,0,0,0,0,0,1,0,0,,0,0,0,8,1,1,0,,0.0,40 02:50.000,,0,75 08:34.699,8,0,0,0,67301,0,0,0,N,0,0,0,3,67301,0,,1,6,,N,N,,0,,0,0,0,0,0,,845,1,2,0,0,0,1,0,3,4,0,2,10,,N,,,,,,,,,,,
2006036818,2214.0,1,0,0,0,0,0,0,0,0,1,0,,67,2,2006,4,39.9238,-75.1925,2207.0,6,0,0,0,0,0,1,0,0,1.0,0,0,0,22,3,0,0,,1.0,39 55:27.000,3.0,0,75 11:34.250,9,0,0,0,67301,0,0,0,N,0,0,0,7,67301,0,,1,1,,N,N,,1,,0,0,2,0,0,N,2205,0,4,0,0,0,0,1,3,4,0,4,3,,N,,,,,,,,,,,
2006036874,950.0,2,0,0,0,0,0,0,0,0,4,0,,67,1,2006,2,40.0015,-75.1042,945.0,6,0,0,1,0,0,0,0,0,,0,0,0,9,1,1,1,,0.0,40 00:05.418,,0,75 06:14.947,4,0,0,0,67301,0,0,0,N,0,0,0,4,67301,1,,1,1,,N,N,,0,,0,0,0,3,2,,930,1,2,0,0,0,0,0,3,4,0,2,3,,N,,,,,,,,,,,
2006037220,1130.0,0,0,0,0,0,0,0,0,0,8,0,,67,1,2006,5,,,1120.0,6,0,0,0,0,0,0,0,0,,0,0,0,10,1,1,2,,0.0,,,0,,4,0,0,0,67301,1,0,0,N,1,0,0,3,67301,1,,1,1,,N,N,,0,,0,0,0,3,3,,1001,1,2,0,0,0,0,0,3,3,1,1,3,,N,,,,,,,,,,,
2006037177,1056.0,1,0,1,0,0,0,0,0,0,4,0,,67,1,2006,3,39.957,-75.1572,1055.0,6,0,0,0,0,0,1,0,0,3.0,0,0,0,10,1,3,1,,2.0,39 57:26.000,1.0,0,75 09:25.248,2,0,0,0,67301,0,0,0,N,0,0,0,3,67301,0,,1,9,,N,N,,0,,0,2,1,3,2,Y,1053,3,2,0,1,1,1,0,3,4,0,2,7,,N,,,,,,,,,,,
2006021270,1715.0,2,0,0,0,0,0,0,0,0,4,0,,67,1,2006,2,40.0259,-75.1231,1707.0,6,0,0,0,0,0,0,0,0,1.0,0,0,0,17,3,2,1,,1.0,40 01:33.000,1.0,0,75 07:24.642,8,0,0,0,67301,0,0,0,N,0,0,0,3,67301,0,,1,9,,N,N,,0,,0,0,0,3,2,Y,1701,2,2,0,0,1,2,1,3,4,0,2,7,,N,,,,,,,,,,,
2006021297,1940.0,1,0,0,0,0,0,0,0,0,4,0,,67,1,2006,6,,,1935.0,6,0,0,0,1,0,0,0,0,,0,0,0,19,3,3,1,,0.0,,,0,,3,0,0,0,67301,0,0,0,,0,0,0,3,67301,2,,1,9,,N,N,,0,,1,0,1,3,3,,1930,3,2,0,0,1,0,0,3,3,0,2,5,,N,,,,,,,,,,,
2006079472,1920.0,2,0,0,0,0,0,0,0,0,2,0,,67,6,2006,4,40.0314,-75.1524,1905.0,6,0,0,0,0,0,1,0,0,,0,0,0,17,1,1,1,,0.0,40 01:52.935,,0,75 09:08.539,4,0,0,0,67301,0,0,0,N,0,0,0,3,67301,1,,1,9,,N,N,,0,,0,0,0,3,2,,1704,1,2,0,0,0,0,1,3,4,0,2,3,,N,,,,,,,,,,,
2006081930,1340.0,2,0,0,0,0,0,0,0,0,1,0,,67,6,2006,1,39.9461,-75.1985,1333.0,6,0,0,0,0,0,1,0,0,,0,0,0,13,1,0,1,,0.0,39 56:45.000,,0,75 11:54.625,0,0,0,0,67301,0,0,0,,0,0,0,2,67301,0,,1,9,,N,N,,0,,0,0,0,2,2,,1340,0,3,0,0,0,0,0,3,4,0,2,99,,N,,,,,,,,,,,
2006081938,1702.0,1,0,0,0,0,0,0,0,0,2,0,,67,7,2006,2,,,1702.0,6,0,0,0,0,0,0,0,0,,0,0,0,16,1,0,2,,0.0,,,0,,0,0,0,0,67301,0,0,0,N,0,0,0,2,67301,0,,1,1,,N,N,,0,,0,0,1,0,0,,1630,0,2,0,0,0,0,0,3,3,0,2,3,,N,,,,,,,,,,,
2006082030,2132.0,1,0,0,0,0,0,0,0,0,9,0,,67,5,2006,5,,,2132.0,6,0,0,0,0,0,1,0,0,9.0,0,0,0,21,3,1,0,,2.0,,4.0,0,,4,0,0,1,67301,0,0,0,N,0,0,0,2,67301,1,,1,1,,N,N,,0,,0,0,0,3,8,Y,2122,1,2,0,0,1,0,0,3,3,0,2,3,,N,,,,,,,,,,,
2006025406,15.0,1,0,0,0,0,0,0,0,0,7,0,,67,1,2006,5,40.025,-75.0311,9999.0,6,0,0,1,0,0,0,0,0,,0,0,0,0,3,0,3,,0.0,40 01:30.000,,0,75 01:52.024,0,0,0,0,67301,0,0,0,N,0,0,0,1,67301,0,,3,9,,N,N,,0,,0,0,0,0,0,,12,0,1,0,0,0,0,0,3,4,0,1,7,,N,,,,,,,,,,,
2006025413,559.0,2,0,0,0,0,0,0,0,0,3,0,,67,1,2006,1,40.0638,-75.1729,556.0,6,0,0,0,0,0,0,0,0,,0,0,0,99,3,1,1,,0.0,40 03:49.000,,0,75 10:22.328,3,0,0,0,67301,0,0,0,N,0,0,0,2,67301,0,,1,1,,N,N,,0,,1,0,0,0,0,,9999,1,2,0,0,0,0,1,3,4,0,2,3,,N,,,,,,,,,,,
2006053787,1750.0,1,0,0,0,0,0,0,0,0,1,0,,67,5,2006,2,,,1750.0,6,0,0,0,0,0,0,0,0,,0,0,0,17,1,1,0,,0.0,,,3,,8,0,0,0,67301,0,0,0,N,0,0,0,3,67501,0,,1,9,,N,N,,0,,0,0,2,3,8,,1750,1,3,0,0,0,1,0,3,3,0,3,7,,N,,,,,,,,,,,
2006094906,1244.0,2,0,0,0,0,0,0,0,0,1,0,,67,7,2006,3,,,1244.0,6,0,0,0,0,0,0,0,0,,0,0,0,17,1,1,1,,0.0,,,0,,3,0,0,0,67301,0,0,0,N,0,0,0,2,67301,0,,1,1,,N,N,,0,,1,0,0,3,3,,1730,1,2,0,0,0,0,1,3,3,0,2,3,,N,,,,,,,,,,,
2006094923,1035.0,2,0,0,0,0,0,0,0,0,2,0,,67,8,2006,3,,,1030.0,6,0,0,0,0,0,0,0,0,,0,0,0,10,1,1,1,,0.0,,,0,,2,0,0,0,67301,0,0,0,N,0,0,0,2,67301,0,,1,1,,N,N,,0,,0,1,0,3,2,,1030,1,2,0,0,0,0,1,3,3,0,2,3,,N,,,,,,,,,,,
2006094931,1508.0,1,0,0,0,0,0,0,0,0,7,0,,67,7,2006,7,40.0409,-75.0584,1458.0,6,0,0,0,0,0,0,0,0,1.0,0,0,0,14,1,2,0,,2.0,40 02:27.600,4.0,0,75 03:30.600,4,0,0,0,67301,0,0,0,N,0,0,0,3,67301,2,,2,1,,N,N,,0,,0,0,0,3,8,N,1445,2,1,0,0,0,0,0,3,4,0,1,3,,N,,,,,,,,,,,
2006094947,705.0,0,0,0,0,0,0,0,0,0,4,0,,67,8,2006,3,39.9992,-75.1474,700.0,6,0,0,0,0,0,1,0,0,2.0,0,0,0,99,1,0,1,,1.0,39 59:57.271,4.0,0,75 08:50.495,9,0,0,0,67301,0,0,0,N,0,0,0,2,67301,0,,1,1,,N,N,,0,,0,0,1,3,2,N,9999,0,2,0,0,0,0,1,3,4,1,2,3,,N,,,,,,,,,,,
2006094957,1155.0,2,0,0,0,0,0,0,0,0,4,0,99.0,67,7,2006,2,,,1150.0,6,0,0,0,0,0,1,0,1,,0,0,0,11,1,0,0,,0.0,,,1,,9,0,0,0,67301,0,0,0,N,0,0,0,2,67301,0,,1,1,,N,N,,0,,0,0,0,0,0,,1145,0,2,0,0,0,0,1,3,3,0,2,3,,Y,8.0,8.0,U,,,U,,,,,
2006055857,1530.0,1,0,0,0,0,0,0,0,0,7,0,,67,3,2006,5,40.0714,-75.0385,1830.0,6,0,0,0,0,0,0,0,1,,0,0,0,15,1,1,0,,0.0,40 04:17.169,,0,75 02:18.708,4,0,0,0,67301,0,0,0,,0,0,0,1,67301,1,,5,1,,N,N,,0,,0,0,0,0,0,,1530,1,1,0,0,0,0,0,3,4,0,1,3,,N,,,,,,,,,,,
2006055902,2033.0,2,0,0,0,0,0,0,0,0,2,0,,67,4,2006,6,,,2030.0,6,0,0,0,0,0,0,0,0,,0,0,0,20,3,2,1,,0.0,,,0,,3,0,0,0,67301,0,0,0,N,0,0,0,3,67301,0,,1,1,,N,N,,0,,2,0,0,3,3,,2025,2,2,0,0,2,0,1,3,3,0,2,3,,N,,,,,,,,,,,
2006055920,1555.0,2,0,0,0,0,0,0,0,0,4,0,,67,3,2006,2,,,1425.0,6,0,0,0,0,0,0,0,0,,0,0,0,14,1,1,1,,0.0,,,0,,8,0,0,0,67301,0,0,0,,0,0,0,2,67301,0,,1,1,,,N,,0,,0,0,0,3,3,,1425,1,2,0,0,0,1,0,3,3,0,2,3,,N,,,,,,,,,,,
2006095003,1654.0,0,0,0,0,0,0,0,0,0,4,0,,67,8,2006,2,39.9732,-75.2122,1652.0,6,0,0,0,0,0,0,0,0,,0,0,0,16,1,0,1,,0.0,39 58:23.000,,0,75 12:43.412,0,0,0,0,67301,0,0,0,N,0,0,0,3,67301,0,,1,1,,N,N,,1,,0,0,1,3,2,,1648,0,2,0,0,0,0,0,3,4,0,2,3,,N,,,,,,,,,,,
2006055995,1829.0,1,0,0,0,0,0,0,0,0,7,0,,67,4,2006,3,39.9806,-75.2469,1822.0,6,0,0,0,0,0,1,0,0,,0,0,0,18,1,1,3,,0.0,39 58:50.318,,0,75 14:48.807,3,0,0,0,67301,0,0,0,N,0,0,0,1,67301,0,,2,1,,N,N,,0,,1,0,0,0,0,,1818,1,1,0,0,0,0,0,3,4,0,1,3,,N,,,,,,,,,,,
2006095276,1250.0,3,0,0,0,0,0,0,0,0,1,0,,67,7,2006,6,,,1240.0,6,0,0,0,0,0,0,0,0,2.0,0,1,0,12,1,4,0,,1.0,,1.0,0,,8,0,0,0,67301,0,0,0,N,0,0,0,5,67301,0,,1,1,,N,N,,0,,0,0,0,0,0,Y,1235,4,4,0,0,0,4,0,3,3,0,4,3,,N,,,,,,,,,,,
2006056174,9999.0,2,0,0,0,0,0,0,0,0,4,0,,67,4,2006,7,39.9604,-75.2411,9999.0,6,0,0,0,0,0,1,1,0,,0,0,0,16,1,1,2,,0.0,39 57:37.000,,0,75 14:27.938,4,0,0,0,67301,0,0,0,N,0,0,0,2,67301,1,,1,1,,N,N,,0,,0,0,0,0,0,,1600,1,2,0,0,0,0,0,3,4,0,2,3,,N,,,,,,,,,,,
2006056314,2110.0,1,0,0,0,0,0,0,0,0,1,1,,67,3,2006,1,40.0289,-75.0895,2106.0,6,0,0,0,0,0,0,0,0,,0,1,0,20,3,2,1,,0.0,40 01:43.000,,0,75 05:23.084,4,0,0,0,67301,0,0,0,N,0,0,0,3,67301,2,,1,1,,N,N,,0,,0,0,0,3,2,,2030,2,2,0,0,0,0,0,3,4,0,2,3,,N,,,,,,,,,,,
2006056396,2110.0,2,0,0,0,0,0,0,0,0,6,0,,67,3,2006,3,39.9481,-75.1542,2105.0,6,0,0,0,0,0,0,0,0,,0,0,0,21,3,2,1,,0.0,39 56:53.160,,0,75 09:15.120,4,0,0,0,67301,0,0,0,N,0,0,0,3,67301,2,,1,1,,N,N,,0,,0,0,0,9,2,,2100,2,2,0,0,0,0,0,3,4,0,2,3,,N,,,,,,,,,,,
2006056407,1645.0,1,0,0,0,0,0,0,0,0,8,0,,67,3,2006,7,39.9932,-75.1212,1642.0,6,0,1,0,0,0,0,0,0,,0,0,0,16,1,2,0,,0.0,39 59:35.354,,0,75 07:16.496,8,0,0,0,67301,2,0,0,N,2,0,0,3,67301,0,,1,1,,N,N,,0,,0,0,0,0,0,,1642,2,3,0,0,0,2,0,3,4,0,1,3,,N,,,,,,,,,,,