CRN,ARRIVAL_TM,AUTOMOBILE_COUNT,BELTED_DEATH_COUNT,BELTED_SUSP_SERIOUS_INJ_COUNT,BICYCLE_COUNT,BICYCLE_DEATH_COUNT,BICYCLE_SUSP_SERIOUS_INJ_COUNT,BUS_COUNT,CHLDPAS_DEATH_COUNT,CHLDPAS_SUSP_SERIOUS_INJ_COUNT,COLLISION_TYPE,COMM_VEH_COUNT,CONS_ZONE_SPD_LIM,COUNTY,CRASH_MONTH,CRASH_YEAR,DAY_OF_WEEK,DEC_LAT,DEC_LONG,DISPATCH_TM,DISTRICT,DRIVER_COUNT_16YR,DRIVER_COUNT_17YR,DRIVER_COUNT_18YR,DRIVER_COUNT_19YR,DRIVER_COUNT_20YR,DRIVER_COUNT_50_64YR,DRIVER_COUNT_65_74YR,DRIVER_COUNT_75PLUS,EST_HRS_CLOSED,FATAL_COUNT,HEAVY_TRUCK_COUNT,HORSE_BUGGY_COUNT,HOUR_OF_DAY,ILLUMINATION,INJURY_COUNT,INTERSECT_TYPE,INTERSECTION_RELATED,LANE_CLOSED,LATITUDE,LN_CLOSE_DIR,LOCATION_TYPE,LONGITUDE,MAX_SEVERITY_LEVEL,MCYCLE_DEATH_COUNT,MCYCLE_SUSP_SERIOUS_INJ_COUNT,MOTORCYCLE_COUNT,MUNICIPALITY,NONMOTR_COUNT,NONMOTR_DEATH_COUNT,NONMOTR_SUSP_SERIOUS_INJ_COUNT,NTFY_HIWY_MAINT,PED_COUNT,PED_DEATH_COUNT,PED_SUSP_SERIOUS_INJ_COUNT,PERSON_COUNT,POLICE_AGCY,POSSIBLE_INJ_COUNT,RDWY_SURF_TYPE_CD,RELATION_TO_ROAD,ROAD_CONDITION,ROADWAY_CLEARED,SCH_BUS_IND,SCH_ZONE_IND,SECONDARY_CRASH,SMALL_TRUCK_COUNT,SPEC_JURIS_CD,SUSP_MINOR_INJ_COUNT,SUSP_SERIOUS_INJ_COUNT,SUV_COUNT,TCD_FUNC_CD,TCD_TYPE,TFC_DETOUR_IND,TIME_OF_DAY,TOT_INJ_COUNT,TOTAL_UNITS,UNB_DEATH_COUNT,UNB_SUSP_SERIOUS_INJ_COUNT,UNBELTED_OCC_COUNT,UNK_INJ_DEG_COUNT,UNK_INJ_PER_COUNT,URBAN_AREA,URBAN_RURAL,VAN_COUNT,VEHICLE_COUNT,WEATHER1,WEATHER2,WORK_ZONE_IND,WORK_ZONE_LOC,WORK_ZONE_TYPE,WORKERS_PRES,WZ_CLOSE_DETOUR,WZ_FLAGGER,WZ_LAW_OFFCR_IND,WZ_LN_CLOSURE,WZ_MOVING,WZ_OTHER,WZ_SHLDER_MDN,WZ_WORKERS_INJ_KILLED
2006053973,1547.0,1,0,0,0,0,0,1,0,0,1,1,,67,2,2006,3,40.0268,-75.0974,1542.0,6,0,0,0,0,0,0,0,0,1.0,0,0,0,15,1,3,1,,1.0,40 01:36.000,2.0,0,75 05:50.569,8,0,0,0,67301,0,0,0,N,0,0,0,34,67301,0,,1,1,,Y,N,,0,,0,0,0,3,2,N,1515,3,2,0,0,0,3,1,3,4,0,2,3,,N,,,,,,,,,,,
2006035697,904.0,2,0,0,0,0,0,0,0,0,4,0,,67,2,2006,7,40.0595,-75.1655,858.0,6,0,0,0,0,0,1,0,0,,0,0,0,8,1,0,1,,0.0,40 03:34.000,,0,75 09:55.601,0,0,0,0,67301,0,0,0,,0,0,0,3,67301,0,,1,1,,N,N,,0,,0,0,0,3,2,,852,0,2,0,0,0,0,0,3,4,0,2,3,,N,,,,,,,,,,,
2006033079,300.0,2,0,0,0,0,0,0,0,0,7,0,,67,2,2006,7,40.0166,-75.0837,258.0,6,0,0,0,0,0,0,0,0,,0,0,0,2,3,2,0,,0.0,40 01:00.000,,0,75 05:01.368,3,0,0,0,67301,0,0,0,N,0,0,0,5,67301,0,,3,1,,N,N,,0,,2,0,0,0,0,,257,2,2,0,0,0,0,1,3,4,0,2,3,,N,,,,,,,,,,,
2006032848,1743.0,0,0,0,0,0,0,0,0,0,8,0,,67,1,2006,7,40.0184,-75.0578,1240.0,6,0,0,0,0,0,0,0,0,,0,0,0,17,1,1,0,,0.0,40 01:06.000,,0,75 03:28.038,8,0,0,0,67301,1,0,0,,1,0,0,3,67301,0,,1,1,,N,N,,0,,0,0,0,0,0,,1735,1,2,0,0,0,1,0,3,4,1,1,3,,N,,,,,,,,,,,
2006081334,1036.0,1,0,0,0,0,0,0,0,0,8,0,,67,6,2006,2,40.0845,-75.0384,1032.0,6,0,0,0,0,0,0,0,1,,0,0,0,10,1,1,1,,0.0,40 05:04.000,,0,75 02:17.932,8,0,0,0,67301,1,0,0,N,1,0,0,2,67301,0,,1,1,,N,N,,0,,0,0,0,3,2,,1030,1,2,0,0,0,1,0,3,4,0,1,3,,N,,,,,,,,,,,
2006081363,2200.0,1,0,0,0,0,0,0,0,0,8,0,,67,6,2006,6,,,2158.0,6,0,0,0,0,0,0,1,0,,0,0,0,21,2,1,0,,0.0,,,0,,3,0,0,0,67301,1,0,0,N,1,0,0,2,67301,0,,1,1,,N,N,,0,,1,0,0,9,3,,2155,1,2,0,0,0,0,0,3,3,0,1,3,,N,,,,,,,,,,,
2006081464,1945.0,1,0,0,0,0,0,0,0,0,4,0,,67,6,2006,6,40.0798,-75.0523,1945.0,6,0,0,0,1,0,0,0,0,,0,0,0,19,1,2,2,,0.0,40 04:47.449,,0,75 03:08.261,4,0,0,0,67301,0,0,0,N,0,0,0,3,67301,2,,1,1,,N,N,,1,,0,0,0,0,0,,1945,2,2,0,0,2,0,0,3,4,0,2,3,,N,,,,,,,,,,,
2006081646,2133.0,1,0,0,1,0,0,0,0,0,6,0,,67,7,2006,2,39.9383,-75.222,2120.0,6,0,0,0,0,0,0,0,0,,0,0,0,21,2,1,0,,0.0,39 56:18.000,,0,75 13:19.264,4,0,0,0,67301,1,0,0,N,0,0,0,2,67301,1,,1,1,,N,N,,0,,0,0,0,0,0,,2120,1,2,0,0,0,0,1,3,4,0,1,3,,N,,,,,,,,,,,
2006115776,1135.0,1,0,0,0,0,0,0,0,0,8,0,,67,9,2006,7,40.0011,-75.1247,1253.0,6,0,0,0,0,0,0,0,0,,0,0,0,99,1,1,0,,0.0,40 00:04.054,,0,75 07:29.051,4,0,0,0,67301,1,0,0,,1,0,0,2,67301,1,,1,1,,,,,0,,0,0,0,0,0,,9999,1,2,0,0,0,0,1,3,4,0,1,3,,N,,,,,,,,,,,
2006113280,949.0,0,0,0,0,0,0,0,0,0,4,0,,67,10,2006,4,40.0255,-75.1235,947.0,6,0,0,0,0,0,1,0,0,,0,0,0,9,1,1,1,,0.0,40 01:33.000,,0,75 07:24.536,4,0,0,0,67301,0,0,0,N,0,0,0,2,67301,1,,1,1,,N,N,,0,,0,0,2,3,2,,945,1,2,0,0,0,0,0,3,4,0,2,3,,N,,,,,,,,,,,
2006113320,228.0,1,0,0,0,0,0,0,0,0,1,0,,67,9,2006,2,39.9823,-75.1003,222.0,6,0,0,0,0,0,0,0,0,1.0,0,0,0,99,3,0,1,,1.0,39 58:56.000,1.0,2,75 06:00.291,0,0,0,0,67301,0,0,0,N,0,0,0,4,67301,0,,1,1,,N,N,,1,,0,0,1,0,0,N,9999,0,3,0,0,0,0,0,3,4,0,3,3,,N,,,,,,,,,,,
2006113349,1909.0,1,0,0,0,0,0,0,0,0,1,0,,67,9,2006,2,39.9546,-75.1648,1959.0,6,0,0,0,0,0,0,0,0,,0,0,0,19,3,1,2,,0.0,39 57:17.000,,0,75 09:58.836,4,0,0,1,67301,0,0,0,N,0,0,0,4,67301,1,,1,1,,N,N,,0,,0,0,0,3,2,,1945,1,2,0,0,0,0,0,3,4,0,2,3,,N,,,,,,,,,,,
2006113372,220.0,1,0,0,0,0,0,0,0,0,8,0,,67,9,2006,6,39.9768,-75.1967,206.0,6,0,0,0,0,0,0,1,0,1.0,0,0,0,2,3,1,0,,2.0,39 58:36.365,4.0,0,75 11:48.243,4,0,0,0,67301,1,0,0,N,1,0,0,3,67301,1,,1,9,,N,N,,0,,0,0,0,0,0,Y,204,1,2,0,0,0,0,0,3,4,0,1,7,,N,,,,,,,,,,,
2006105768,2339.0,1,0,0,0,0,0,0,0,0,7,0,,67,8,2006,3,39.9982,-75.1586,2337.0,6,0,0,0,0,0,0,0,0,,0,0,0,23,3,1,0,,0.0,39 59:53.663,,0,75 09:30.876,4,0,0,0,67301,0,0,0,,0,0,0,1,67301,1,,2,9,,,,,0,,0,0,0,0,0,,2337,1,1,0,0,0,0,0,3,4,0,1,7,,N,,,,,,,,,,,
2006105807,1955.0,2,0,0,0,0,0,0,0,0,1,0,,67,9,2006,7,39.9212,-75.1941,1949.0,6,0,0,0,0,0,1,0,0,,0,0,0,19,3,0,0,,0.0,39 55:16.452,,0,75 11:38.648,0,0,0,0,67301,0,0,0,N,0,0,0,2,67301,0,,1,9,,N,N,,0,,0,0,0,0,0,,1940,0,2,0,0,0,0,0,3,4,0,2,7,,N,,,,,,,,,,,
2006116082,1543.0,1,0,0,0,0,0,0,0,0,1,0,,67,10,2006,3,39.9634,-75.1874,1541.0,6,0,0,0,0,0,2,0,0,,0,0,0,15,1,0,1,,0.0,39 57:48.000,,0,75 11:14.960,0,0,0,0,67301,0,0,0,N,0,0,0,4,67301,0,,1,1,,N,N,,0,,0,0,1,3,2,,1532,0,2,0,0,0,0,0,3,4,0,2,3,,N,,,,,,,,,,,
2006116086,1605.0,0,0,0,0,0,0,0,0,0,1,0,,67,10,2006,5,39.973,-75.1224,1555.0,6,0,0,0,0,0,2,0,0,1.0,0,0,0,15,1,1,0,,1.0,39 58:22.890,1.0,0,75 07:20.693,8,0,0,0,67301,0,0,0,N,0,0,0,2,67301,0,,1,1,,N,N,,0,,0,0,2,0,0,N,1550,1,2,0,0,1,1,0,3,4,0,2,3,,N,,,,,,,,,,,
2006035761,1134.0,3,0,0,0,0,0,0,0,0,4,0,,67,2,2006,2,40.0617,-74.9884,1125.0,6,0,0,1,0,0,0,0,0,,0,0,0,11,1,1,1,,0.0,40 03:41.000,,0,74 59:17.598,4,0,0,0,67301,0,0,0,N,0,0,0,2,67301,1,,1,1,,N,N,,0,,0,0,0,9,2,,1123,1,3,0,0,0,0,0,3,4,0,3,3,,N,,,,,,,,,,,
2006054101,1610.0,0,0,0,0,0,0,1,0,0,2,1,,67,4,2006,6,,,1605.0,6,0,0,0,0,0,1,0,0,,0,0,0,15,1,0,1,,0.0,,,0,,9,0,0,0,67301,0,0,0,N,0,0,0,7,67301,0,,1,9,,N,N,,0,,0,0,1,3,2,,1532,0,2,0,0,0,0,5,3,3,0,2,3,,N,,,,,,,,,,,
2006037214,2200.0,1,0,0,0,0,0,0,0,0,8,0,,67,2,2006,5,,,2155.0,6,0,0,0,0,1,0,0,0,,0,0,0,21,3,1,0,,0.0,,,0,,2,0,0,0,67301,1,0,1,,1,0,1,2,67301,0,,1,1,,N,N,,0,,0,1,0,0,0,,2149,1,2,0,0,0,0,0,3,3,0,1,3,,N,,,,,,,,,,,
2006022160,945.0,1,0,0,0,0,0,0,0,0,2,0,,67,1,2006,6,40.0322,-75.2242,942.0,6,0,0,0,0,0,1,0,0,,0,0,0,9,1,0,0,,0.0,40 01:55.786,,0,75 13:27.145,0,0,0,0,67301,0,0,0,,0,0,0,2,67301,0,,1,9,,,,,0,,0,0,2,0,0,,940,0,3,0,0,0,0,0,3,4,0,3,3,,N,,,,,,,,,,,
2006022163,1537.0,1,0,0,0,0,0,0,0,0,1,0,,67,1,2006,6,39.9505,-75.161,1535.0,6,0,0,0,0,0,0,0,0,,0,0,0,15,1,1,0,,0.0,39 57:01.000,,0,75 09:39.468,4,0,0,0,67301,1,0,0,N,1,0,0,2,67301,1,,1,1,,N,N,,0,,0,0,0,0,0,,1525,1,3,0,0,0,0,0,3,4,1,2,3,,N,,,,,,,,,,,
2006021249,9999.0,0,0,0,0,0,0,0,0,0,4,0,,67,1,2006,1,39.9992,-75.1344,2127.0,6,0,0,0,0,0,0,0,0,,0,0,0,21,3,1,1,,0.0,39 59:57.000,,0,75 08:03.649,8,0,0,0,67301,0,0,0,,0,0,0,3,67301,0,,1,1,,N,N,,0,,0,0,1,0,0,,2127,1,2,0,0,0,1,0,3,4,1,2,3,,N,,,,,,,,,,,
2006021366,9999.0,1,0,0,0,0,0,0,0,0,8,0,,67,1,2006,4,40.1292,-75.0249,1600.0,6,0,0,0,0,0,0,0,0,,0,0,0,16,4,1,0,,0.0,40 07:45.033,,7,75 01:29.488,4,0,0,0,67301,1,0,0,N,1,0,0,2,67301,1,,1,9,,N,N,,0,,0,0,0,3,5,,1600,1,2,0,0,0,0,0,3,4,0,1,7,,N,,,,,,,,,,,
2006021318,354.0,1,0,0,0,0,0,0,0,0,7,0,,67,1,2006,5,39.9806,-75.198,354.0,6,0,0,0,0,0,0,0,0,2.0,0,0,0,3,3,1,2,,1.0,39 58:49.000,2.0,0,75 11:52.571,4,0,0,0,67301,0,0,0,,0,0,0,1,67301,1,,5,9,,N,N,,0,,0,0,0,9,3,N,354,1,1,0,0,1,0,0,3,4,0,1,3,,N,,,,,,,,,,,
2006081921,754.0,0,0,0,0,0,0,0,0,0,6,0,,67,6,2006,6,39.9609,-75.245,747.0,6,0,0,0,0,0,0,0,0,,0,0,0,7,1,2,1,,0.0,39 57:39.000,,0,75 14:42.167,4,0,0,0,67301,0,0,0,N,0,0,0,2,67301,2,,1,1,,N,N,,0,,0,0,1,3,2,,747,2,2,0,0,0,0,0,3,4,1,2,3,,N,,,,,,,,,,,
2006082008,1605.0,1,0,0,0,0,0,0,0,0,8,0,,67,7,2006,3,40.0246,-75.0638,1600.0,6,0,0,0,0,0,0,1,0,,0,0,0,16,1,1,0,,0.0,40 01:28.632,,0,75 03:49.744,3,0,0,0,67301,1,0,0,N,1,0,0,2,67301,0,,1,9,,N,N,,0,,1,0,0,0,0,,1600,1,2,0,0,0,0,0,3,4,0,1,7,,N,,,,,,,,,,,
2006086998,2230.0,1,0,0,0,0,0,0,0,0,8,0,,67,6,2006,2,,,0.0,6,0,0,1,0,0,0,0,0,,0,0,0,99,3,1,0,,0.0,,,0,,8,0,0,0,67301,1,0,0,N,1,0,0,2,67301,0,,1,1,,N,N,,0,,0,0,0,0,0,,9999,1,2,0,0,0,1,0,3,3,0,1,3,,N,,,,,,,,,,,
2006092459,9999.0,1,0,0,0,0,0,0,0,0,8,0,,67,8,2006,7,40.0703,-75.1554,2145.0,6,0,0,0,0,0,0,0,0,,0,0,0,16,1,1,10,,0.0,40 04:13.096,,0,75 09:19.314,3,0,0,0,67301,1,0,0,N,1,0,0,2,67301,0,,1,1,,N,N,,0,,1,0,0,0,0,,1630,1,2,0,0,0,0,1,3,4,0,1,3,,N,,,,,,,,,,,
2006092466,2231.0,1,0,0,0,0,0,0,0,0,8,0,,67,8,2006,4,39.9634,-75.2392,2145.0,6,0,0,0,0,0,0,0,0,,0,0,0,21,3,1,1,,0.0,39 57:48.193,,0,75 14:20.972,8,0,0,0,67301,1,0,0,N,1,0,0,2,67301,0,,1,1,,N,N,,0,,0,0,0,0,0,,2145,1,2,0,0,0,1,1,3,4,0,1,3,,N,,,,,,,,,,,
2006092493,9999.0,2,0,0,0,0,0,0,0,0,2,0,,67,8,2006,5,,,2358.0,6,0,0,0,0,0,0,0,0,,0,0,0,23,3,1,1,,0.0,,,0,,4,0,0,0,67301,0,0,0,N,0,0,0,2,67301,1,,1,1,,N,N,,0,,0,0,0,3,2,,2340,1,2,0,0,1,0,0,3,3,0,2,3,,N,,,,,,,,,,,
2006094983,1220.0,1,0,0,0,0,0,0,0,0,5,0,,67,7,2006,5,39.9946,-75.0945,1215.0,6,0,0,0,0,0,0,0,0,,0,0,0,12,1,2,1,,0.0,39 59:40.000,,0,75 05:40.360,8,0,0,0,67301,0,0,0,N,0,0,0,5,67301,0,,1,1,,N,N,,1,,0,0,0,3,2,,1200,2,2,0,0,0,2,0,3,4,0,2,3,,N,,,,,,,,,,,
2006055958,1900.0,1,0,0,0,0,0,0,0,0,1,0,,67,3,2006,4,39.8931,-75.2222,1845.0,6,0,0,0,0,0,1,0,0,,0,0,0,17,3,1,7,,0.0,39 53:37.000,,2,75 13:14.305,4,0,0,0,67301,0,0,0,N,0,0,0,2,67301,1,,1,1,,N,N,,0,,0,0,1,3,4,,1745,1,2,0,0,0,0,0,3,4,0,2,3,,N,,,,,,,,,,,
2006055978,1124.0,2,0,0,0,0,0,0,0,0,1,0,,67,4,2006,3,40.0475,-75.1428,1121.0,6,0,0,0,0,0,0,0,0,,0,0,0,11,1,1,1,,0.0,40 02:51.000,,0,75 08:34.110,8,0,0,0,67301,0,0,0,N,0,0,0,3,67301,0,,1,1,,N,N,,0,,0,0,0,0,0,,1121,1,2,0,0,0,1,0,3,4,0,2,3,,N,,,,,,,,,,,
2006056007,1003.0,2,0,0,0,0,0,0,0,0,2,0,,67,3,2006,1,39.9512,-75.1669,1000.0,6,0,0,0,0,0,1,1,0,,0,0,0,5,2,2,0,,0.0,39 57:04.000,,0,75 10:00.822,3,0,0,0,67301,0,0,0,,0,0,0,3,67301,1,,1,1,,,,,0,,1,0,0,9,2,,500,2,2,0,0,2,0,0,3,4,0,2,3,,N,,,,,,,,,,,
2006056250,38.0,0,0,0,0,0,0,0,0,0,8,0,,67,3,2006,1,39.9213,-75.2316,30.0,6,0,0,0,0,0,0,0,0,,0,0,0,22,3,1,1,,0.0,39 55:16.000,,0,75 13:54.076,4,0,0,0,67301,1,0,0,N,1,0,0,2,67301,1,,1,1,,N,N,,0,,0,0,0,3,2,,2230,1,2,0,0,0,0,0,3,4,0,1,3,,N,,,,,,,,,,,
2006053911,22.0,0,0,0,0,0,0,0,0,0,7,0,,67,4,2006,6,,,20.0,6,0,0,0,0,0,0,1,0,,0,0,0,0,3,0,0,,0.0,,,2,,0,0,0,0,67301,0,0,0,N,0,0,0,1,67501,0,,2,1,,N,N,,0,,0,0,1,0,0,,20,0,1,0,0,0,0,0,3,3,0,1,3,,N,,,,,,,,,,,
2006053948,1037.0,2,0,0,0,0,0,0,0,0,1,0,,67,4,2006,4,40.0493,-75.0514,1030.0,6,0,0,0,0,0,0,1,0,1.0,0,0,0,10,1,2,0,,2.0,40 02:57.840,2.0,0,75 03:05.400,8,0,0,0,67301,0,0,0,N,0,0,0,3,67301,0,,1,1,,N,N,,0,,0,0,0,0,0,N,1028,2,3,0,0,0,2,0,3,4,1,3,3,,N,,,,,,,,,,,
2006053961,724.0,0,0,0,0,0,0,0,0,0,7,0,,67,4,2006,7,39.9612,-75.1824,701.0,6,0,0,0,0,0,0,0,0,2.0,0,0,0,7,1,2,0,,1.0,39 57:41.040,3.0,0,75 10:57.360,3,0,0,0,67301,0,0,0,N,0,0,0,2,67301,0,,2,9,,N,N,,1,,2,0,0,0,0,N,700,2,1,0,0,1,0,0,3,4,0,1,7,,N,,,,,,,,,,,
2006033419,740.0,0,0,0,0,0,0,0,0,0,1,0,,67,2,2006,4,40.0198,-75.1488,730.0,6,0,0,0,0,0,0,0,0,,0,0,0,7,1,2,0,,0.0,40 01:12.000,,0,75 08:56.400,4,0,0,0,67301,0,0,0,N,0,0,0,4,67301,2,,1,1,,N,N,,0,,0,0,1,0,0,,715,2,2,0,0,0,0,0,3,4,1,2,3,,N,,,,,,,,,,,
2006035652,1800.0,1,0,0,0,0,0,0,0,0,4,0,,67,1,2006,3,,,1755.0,6,0,0,0,0,0,0,0,0,,0,0,0,16,1,2,1,,0.0,,,0,,3,0,0,0,67301,0,0,0,N,0,0,0,4,67301,0,,1,9,,N,N,,1,,2,0,0,9,3,,1600,2,2,0,0,0,0,2,3,3,0,2,3,,N,,,,,,,,,,,
2006035687,1833.0,1,0,0,0,0,0,0,0,0,4,0,,67,2,2006,4,39.9992,-75.1356,1830.0,6,0,0,0,0,0,0,0,0,,0,0,0,17,3,1,2,,0.0,39 59:57.000,,0,75 08:08.063,4,0,0,0,67301,0,0,0,,0,0,0,2,67301,1,,1,9,,N,N,,0,,0,0,0,0,0,,1731,1,2,0,0,0,0,1,3,4,0,2,10,,N,,,,,,,,,,,
2006033338,235.0,1,0,0,0,0,0,0,0,0,7,0,,67,1,2006,1,39.9575,-75.1508,232.0,6,0,0,0,0,0,0,0,0,,0,0,0,2,3,1,0,,0.0,39 57:26.000,,0,75 09:02.249,4,0,0,0,67301,0,0,0,,0,0,0,1,67301,1,,2,1,,N,N,,0,,0,0,0,0,0,,230,1,1,0,0,0,0,0,3,4,0,1,3,,N,,,,,,,,,,,
2006035474,615.0,2,0,0,0,0,0,0,0,0,1,1,,67,2,2006,6,39.9408,-75.1435,609.0,6,0,0,0,0,0,0,0,0,2.0,0,1,0,6,5,1,7,,1.0,39 56:29.000,2.0,2,75 08:36.229,3,0,0,0,67301,0,0,0,N,0,0,0,5,67301,0,,1,1,,N,N,,1,,1,0,0,0,0,Y,600,1,4,0,0,0,0,0,3,4,0,4,3,,N,,,,,,,,,,,
2006032953,945.0,1,0,0,0,0,0,0,0,0,8,0,,67,1,2006,1,40.0729,-75.0759,942.0,6,0,0,0,0,0,0,1,0,,0,0,0,9,1,1,1,,0.0,40 04:22.000,,0,75 04:32.955,3,0,0,0,67301,1,0,0,N,1,0,0,2,67301,0,,1,1,,N,N,,0,,1,0,0,3,2,,935,1,2,0,0,0,0,0,3,4,0,1,3,,N,,,,,,,,,,,
2006032961,111.0,0,0,0,0,0,0,0,0,0,7,0,,67,1,2006,3,,,110.0,6,0,0,0,0,0,0,0,0,9.0,0,0,0,1,3,1,0,,1.0,,1.0,0,,8,0,0,0,67301,0,0,0,N,0,0,0,1,67301,0,,2,9,,N,N,,0,,0,0,1,0,0,N,108,1,1,0,0,0,1,0,3,3,0,1,7,,N,,,,,,,,,,,
2006022727,1535.0,1,0,0,0,0,0,0,0,0,4,1,,67,1,2006,2,40.0318,-75.1056,1524.0,6,0,0,0,0,0,0,1,0,,0,1,0,14,1,1,2,,0.0,40 01:53.000,,0,75 06:18.735,4,0,0,0,67301,0,0,0,,0,0,0,3,67301,1,,1,1,,N,N,,0,,0,0,0,0,0,,1450,1,2,0,0,0,0,0,3,4,0,2,3,,N,,,,,,,,,,,
2006083772,215.0,2,0,0,0,0,0,0,0,0,1,0,,67,6,2006,4,,,210.0,6,0,0,0,0,0,1,0,0,2.0,0,0,0,2,3,2,1,,1.0,,1.0,0,,3,0,0,1,67301,0,0,0,N,0,0,0,4,67301,1,,1,1,,N,N,,0,,1,0,0,3,2,Y,200,2,3,0,0,0,0,0,3,3,0,3,3,,N,,,,,,,,,,,
2006081534,1255.0,0,0,0,0,0,0,0,0,0,8,0,,67,7,2006,2,40.0003,-75.2284,1243.0,6,0,0,0,0,0,0,1,0,,0,0,0,12,1,1,2,,0.0,40 00:00.720,,0,75 13:42.240,8,0,0,0,67301,1,0,0,N,1,0,0,2,67301,0,,1,1,,N,N,,1,,0,0,0,3,2,,1242,1,2,0,0,1,1,0,3,4,0,1,3,,N,,,,,,,,,,,
2006081412,1330.0,2,0,0,0,0,0,0,0,0,1,0,,67,7,2006,7,40.0081,-75.0725,1325.0,6,0,0,0,0,0,0,0,0,,0,0,0,13,1,1,1,,0.0,40 00:29.000,,0,75 04:20.658,4,0,0,0,67301,0,0,0,N,0,0,0,4,67301,1,,1,1,,N,N,,0,,0,0,0,3,2,,1325,1,2,0,0,0,0,0,3,4,0,2,3,,N,,,,,,,,,,,
2006081642,1750.0,1,0,0,0,0,0,0,0,0,8,0,,67,6,2006,6,39.9318,-75.2167,1745.0,6,0,0,0,0,0,0,0,0,,0,0,0,17,1,1,3,,0.0,39 55:54.000,,0,75 13:00.642,3,0,0,0,67301,1,0,0,N,1,0,0,2,67301,0,,1,9,,N,N,,0,,1,0,0,3,2,,1745,1,2,0,0,0,0,0,3,4,0,1,7,,N,,,,,,,,,,,
2006081649,1320.0,1,0,0,0,0,0,1,0,0,4,1,,67,6,2006,4,40.0613,-75.2362,1320.0,6,0,0,0,0,0,2,0,0,,0,0,0,13,1,2,1,,0.0,40 03:40.000,,0,75 14:10.580,4,0,0,0,67301,0,0,0,N,0,0,0,3,67301,1,,1,9,,Y,N,,0,,0,0,0,3,2,,1315,2,2,0,0,1,1,0,3,4,0,2,7,,N,,,,,,,,,,,
2006115750,903.0,2,0,0,0,0,0,0,0,0,4,0,,67,10,2006,7,39.9593,-75.1599,900.0,6,0,0,0,0,0,1,0,0,,0,0,0,8,1,1,2,,0.0,39 57:33.501,,0,75 09:35.521,4,0,0,0,67301,0,0,0,N,0,0,0,2,67301,1,,1,9,,N,N,,0,,0,0,0,3,1,,855,1,2,0,0,0,0,0,3,4,0,2,3,,N,,,,,,,,,,,
2006113279,1215.0,1,0,0,0,0,0,0,0,0,3,0,,67,9,2006,7,,,1210.0,6,0,0,0,0,0,0,0,0,,0,0,0,11,1,1,0,,0.0,,,0,,4,0,0,0,67301,0,0,0,N,0,0,0,3,67301,1,,1,1,,,N,,1,,0,0,0,3,2,,1157,1,2,0,0,0,0,0,3,3,0,2,3,,N,,,,,,,,,,,
2006113291,853.0,0,0,0,0,0,0,0,0,0,8,0,,67,10,2006,4,39.9548,-75.2179,852.0,6,0,0,0,0,1,0,0,0,,0,0,0,8,1,1,1,,0.0,39 57:17.373,,0,75 13:04.418,4,0,0,0,67301,1,0,0,N,1,0,0,2,67301,1,,1,9,,N,Y,,0,,0,0,1,3,2,,852,1,2,0,0,0,0,0,3,4,0,1,3,,N,,,,,,,,,,,
2006113319,655.0,2,0,0,0,0,0,0,0,0,5,0,,67,9,2006,6,39.9509,-75.1411,650.0,6,0,0,0,0,0,1,0,0,1.0,0,0,0,6,1,0,3,,2.0,39 57:04.000,1.0,2,75 08:28.277,0,0,0,0,67301,0,0,0,N,0,0,0,2,67301,0,,1,1,,N,N,,0,,0,0,0,0,0,N,640,0,2,0,0,0,0,0,3,4,0,2,3,,N,,,,,,,,,,,
2006113353,219.0,1,0,0,0,0,0,0,0,0,2,0,,67,10,2006,7,39.9963,-75.1484,219.0,6,0,0,0,0,0,0,0,0,,0,0,0,2,3,1,1,,0.0,39 59:46.710,,0,75 08:54.089,8,0,0,0,67301,0,0,0,N,0,0,0,1,67301,0,,1,1,,N,N,,0,,0,0,0,3,2,,200,1,2,0,0,0,1,0,3,4,1,2,3,,N,,,,,,,,,,,
2006105748,1720.0,1,0,0,0,0,0,0,0,0,7,0,,67,9,2006,4,40.0157,-75.0526,1705.0,6,0,0,0,0,0,0,0,0,,0,0,0,17,1,0,0,,0.0,40 00:57.000,,0,75 03:07.811,0,0,0,0,67301,0,0,0,Y,0,0,0,1,67301,0,,2,1,,N,N,,0,,0,0,0,0,0,,1703,0,1,0,0,0,0,0,3,4,0,1,3,,N,,,,,,,,,,,
2006105765,1622.0,2,0,0,0,0,0,0,0,0,1,0,,67,8,2006,7,39.9952,-75.1641,1620.0,6,0,0,0,0,0,0,0,1,,0,0,0,16,1,1,2,,0.0,39 59:42.000,,0,75 09:50.830,4,0,0,0,67301,0,0,0,,0,0,0,3,67301,1,,1,1,,N,N,,0,,0,0,0,0,0,,1619,1,2,0,0,1,0,0,3,4,0,2,3,,N,,,,,,,,,,,
2006105822,1345.0,2,0,0,0,0,0,0,0,0,4,0,,67,8,2006,3,40.0361,-75.1277,1344.0,6,0,0,0,0,0,0,0,0,1.0,0,0,0,13,1,1,1,,2.0,40 02:09.000,1.0,0,75 07:39.909,8,0,0,0,67301,0,0,0,Y,0,0,0,2,67301,0,,1,1,,N,N,,0,,0,0,0,3,2,Y,1343,1,2,0,0,0,1,0,3,4,0,2,3,,N,,,,,,,,,,,