CRN,ARRIVAL_TM,AUTOMOBILE_COUNT,BELTED_DEATH_COUNT,BELTED_SUSP_SERIOUS_INJ_COUNT,BICYCLE_COUNT,BICYCLE_DEATH_COUNT,BICYCLE_SUSP_SERIOUS_INJ_COUNT,BUS_COUNT,CHLDPAS_DEATH_COUNT,CHLDPAS_SUSP_SERIOUS_INJ_COUNT,COLLISION_TYPE,COMM_VEH_COUNT,CONS_ZONE_SPD_LIM,COUNTY,CRASH_MONTH,CRASH_YEAR,DAY_OF_WEEK,DEC_LAT,DEC_LONG,DISPATCH_TM,DISTRICT,DRIVER_COUNT_16YR,DRIVER_COUNT_17YR,DRIVER_COUNT_18YR,DRIVER_COUNT_19YR,DRIVER_COUNT_20YR,DRIVER_COUNT_50_64YR,DRIVER_COUNT_65_74YR,DRIVER_COUNT_75PLUS,EST_HRS_CLOSED,FATAL_COUNT,HEAVY_TRUCK_COUNT,HORSE_BUGGY_COUNT,HOUR_OF_DAY,ILLUMINATION,INJURY_COUNT,INTERSECT_TYPE,INTERSECTION_RELATED,LANE_CLOSED,LATITUDE,LN_CLOSE_DIR,LOCATION_TYPE,LONGITUDE,MAX_SEVERITY_LEVEL,MCYCLE_DEATH_COUNT,MCYCLE_SUSP_SERIOUS_INJ_COUNT,MOTORCYCLE_COUNT,MUNICIPALITY,NONMOTR_COUNT,NONMOTR_DEATH_COUNT,NONMOTR_SUSP_SERIOUS_INJ_COUNT,NTFY_HIWY_MAINT,PED_COUNT,PED_DEATH_COUNT,PED_SUSP_SERIOUS_INJ_COUNT,PERSON_COUNT,POLICE_AGCY,POSSIBLE_INJ_COUNT,RDWY_SURF_TYPE_CD,RELATION_TO_ROAD,ROAD_CONDITION,ROADWAY_CLEARED,SCH_BUS_IND,SCH_ZONE_IND,SECONDARY_CRASH,SMALL_TRUCK_COUNT,SPEC_JURIS_CD,SUSP_MINOR_INJ_COUNT,SUSP_SERIOUS_INJ_COUNT,SUV_COUNT,TCD_FUNC_CD,TCD_TYPE,TFC_DETOUR_IND,TIME_OF_DAY,TOT_INJ_COUNT,TOTAL_UNITS,UNB_DEATH_COUNT,UNB_SUSP_SERIOUS_INJ_COUNT,UNBELTED_OCC_COUNT,UNK_INJ_DEG_COUNT,UNK_INJ_PER_COUNT,URBAN_AREA,URBAN_RURAL,VAN_COUNT,VEHICLE_COUNT,WEATHER1,WEATHER2,WORK_ZONE_IND,WORK_ZONE_LOC,WORK_ZONE_TYPE,WORKERS_PRES,WZ_CLOSE_DETOUR,WZ_FLAGGER,WZ_LAW_OFFCR_IND,WZ_LN_CLOSURE,WZ_MOVING,WZ_OTHER,WZ_SHLDER_MDN,WZ_WORKERS_INJ_KILLED
2006113460,1438.0,1,0,0,0,0,0,0,0,0,8,0,,67,9,2006,5,39.9552,-75.1559,1437.0,6,0,0,0,0,0,0,0,1,,0,0,0,14,1,1,0,,0.0,39 57:18.704,,0,75 09:21.340,3,0,0,0,67301,1,0,0,N,1,0,0,2,67301,0,,6,1,,,,,0,,1,0,0,0,0,,1425,1,2,0,0,1,0,0,3,4,0,1,3,,N,,,,,,,,,,,
2006105844,1118.0,2,0,0,0,0,0,0,0,0,4,0,,67,9,2006,6,39.9546,-75.173,1115.0,6,0,0,0,0,0,0,1,0,,0,0,0,11,1,1,1,,0.0,39 57:16.000,,0,75 10:22.499,4,0,0,0,67301,0,0,0,N,0,0,0,3,67301,1,,1,1,,N,N,,0,,0,0,0,3,2,,1112,1,2,0,0,0,0,0,3,4,0,2,3,,N,,,,,,,,,,,
2006105858,400.0,1,0,0,0,0,0,0,0,0,7,0,,67,9,2006,7,40.042,-75.0038,354.0,6,0,0,0,0,0,0,0,0,,0,0,0,99,3,0,0,,0.0,40 02:31.340,,0,75 00:13.570,0,0,0,0,67301,0,0,0,N,0,0,0,1,67301,0,,2,1,,N,N,,0,,0,0,0,0,0,,9999,0,1,0,0,0,0,0,3,4,0,1,3,,N,,,,,,,,,,,
2006054209,1415.0,2,0,0,0,0,0,0,0,0,2,0,,67,4,2006,6,40.0344,-75.0822,1405.0,6,0,0,0,0,0,0,0,1,,0,0,0,14,1,2,1,,0.0,40 02:03.000,,0,75 04:55.836,4,0,0,0,67301,0,0,0,,0,0,0,2,67301,2,,1,1,,,,,0,,0,0,0,9,2,,1405,2,2,0,0,1,0,0,3,4,0,2,3,,N,,,,,,,,,,,
2006035803,730.0,6,0,0,0,0,0,1,0,0,2,1,,67,2,2006,3,40.0149,-75.1859,631.0,6,0,0,0,0,0,1,0,0,,0,0,0,99,1,1,2,,0.0,40 00:53.000,,0,75 11:09.480,8,0,0,0,67301,0,0,0,,0,0,0,5,67301,0,,1,1,,N,N,,1,,0,0,1,2,2,,9999,1,9,0,0,0,1,1,3,4,0,9,3,,N,,,,,,,,,,,
2006054117,2346.0,0,0,0,0,0,0,0,0,0,7,0,,67,4,2006,4,39.9111,-75.2264,2344.0,6,0,0,0,0,0,0,0,0,,0,0,0,23,3,4,2,,0.0,39 54:40.018,,0,75 13:35.162,4,0,0,0,67301,0,0,0,N,0,0,0,4,67301,4,,2,1,,N,N,,0,,0,0,1,3,2,,2342,4,1,0,0,0,0,0,3,4,0,1,3,,N,,,,,,,,,,,
2006054124,1407.0,1,0,0,0,0,0,0,0,0,4,0,,67,4,2006,2,,,1551.0,6,0,0,0,0,0,0,0,0,,0,0,0,15,1,2,1,,0.0,,,0,,4,0,0,0,67301,0,0,0,N,0,0,0,3,67301,2,,1,1,,N,N,,0,,0,0,0,3,2,,1517,2,2,0,0,0,0,1,3,3,1,2,3,,N,,,,,,,,,,,
2006054046,1615.0,3,0,0,0,0,0,0,0,0,4,0,,67,3,2006,2,40.1076,-75.0537,1611.0,6,0,0,0,0,0,2,0,0,,0,0,0,16,1,3,2,,0.0,40 06:27.000,,0,75 03:13.324,3,0,0,0,67301,0,0,0,N,0,0,0,5,67301,2,,1,1,,N,N,,0,,1,0,0,9,2,,1611,3,3,0,0,0,0,1,3,4,0,3,3,,N,,,,,,,,,,,
2006036841,14.0,2,0,0,0,0,0,0,0,0,5,0,,67,2,2006,5,40.0299,-75.0875,14.0,6,0,0,0,0,0,0,0,0,1.0,0,0,0,0,3,0,1,,1.0,40 01:47.000,4.0,0,75 05:15.381,0,0,0,0,67301,0,0,0,N,0,0,0,2,67301,0,,1,1,,N,N,,0,,0,0,0,3,2,N,4,0,2,0,0,0,0,0,3,4,0,2,3,,N,,,,,,,,,,,
2006036849,2320.0,2,0,0,0,0,0,0,0,0,5,0,,67,2,2006,1,39.9571,-75.1511,2315.0,6,0,0,0,0,0,0,0,0,,0,0,0,23,3,0,1,,0.0,39 57:25.000,,0,75 09:03.874,0,0,0,0,67301,0,0,0,N,0,0,0,2,67301,0,,1,1,,N,N,,0,,0,0,0,3,2,,2310,0,2,0,0,0,0,0,3,4,0,2,3,,N,,,,,,,,,,,
2006036895,2355.0,1,0,0,0,0,0,0,0,0,7,0,,67,2,2006,6,40.0937,-75.0495,2350.0,6,0,0,0,0,0,0,0,0,,0,0,0,23,3,1,0,,0.0,40 05:37.370,,0,75 02:58.362,4,0,0,0,67301,0,0,0,N,0,0,0,1,67301,1,,5,1,,N,N,,0,,0,0,0,0,0,,2335,1,1,0,0,0,0,0,3,4,0,1,3,,N,,,,,,,,,,,
2006037169,2115.0,2,0,0,0,0,0,0,0,0,4,0,,67,2,2006,6,40.078,-75.0862,2110.0,6,0,0,0,0,0,0,0,1,,0,0,0,21,3,0,2,,0.0,40 04:40.000,,0,75 05:10.193,0,0,0,0,67301,0,0,0,N,0,0,0,2,67301,0,,1,1,,N,N,,0,,0,0,0,9,3,,2110,0,2,0,0,0,0,0,3,4,0,2,3,,N,,,,,,,,,,,
2006022166,1202.0,1,0,0,0,0,0,0,0,0,1,0,,67,1,2006,6,39.9584,-75.2375,1200.0,6,0,0,0,0,0,1,0,0,,0,0,0,12,1,0,0,,0.0,39 57:30.000,,0,75 14:15.123,0,0,0,0,67301,0,0,0,N,0,0,0,1,67301,0,,6,1,,N,Y,,0,,0,0,1,1,3,,1200,0,2,0,0,0,0,0,3,4,0,2,3,,N,,,,,,,,,,,
2006021256,307.0,2,0,0,0,0,0,0,0,0,6,0,,67,1,2006,1,39.9425,-75.197,305.0,6,0,0,0,0,0,0,0,0,,0,0,0,3,3,1,0,,0.0,39 56:30.000,,3,75 11:50.626,8,0,0,0,67301,0,0,0,,0,0,0,4,67301,0,,1,2,,N,N,,0,,0,0,0,0,0,,304,1,2,0,0,0,1,1,3,4,0,2,9,,N,,,,,,,,,,,
2006023912,1953.0,0,0,0,0,0,0,0,0,0,7,0,,67,2,2006,1,,,1944.0,6,0,0,0,0,0,0,0,0,,0,0,0,19,3,0,0,,0.0,,,2,,0,0,0,0,67301,0,0,0,N,0,0,0,1,67501,0,,7,9,,N,N,,1,,0,0,0,3,8,,1945,0,1,0,0,0,0,0,3,3,0,1,10,,N,,,,,,,,,,,
2006092375,2127.0,3,0,0,0,0,0,0,0,0,1,0,,67,8,2006,2,,,2127.0,6,0,0,0,0,0,1,0,0,,0,0,0,21,1,2,1,,0.0,,,0,,2,0,0,0,67301,0,0,0,N,0,0,0,2,67301,0,,1,1,,N,N,,0,,1,1,0,9,3,,2127,2,3,0,1,1,0,0,3,3,0,3,3,,N,,,,,,,,,,,
2006084516,1308.0,2,0,0,0,0,0,0,0,0,1,0,,67,8,2006,3,40.005,-75.2185,1308.0,6,0,0,0,0,0,1,0,1,2.0,0,0,0,13,1,0,0,,1.0,40 00:17.000,2.0,0,75 13:06.754,9,0,0,0,67301,0,0,0,N,0,0,0,3,46104,0,,1,1,,N,N,,0,,0,0,1,0,0,N,1308,0,3,0,0,0,0,1,3,4,0,3,3,,N,,,,,,,,,,,
2006020527,2255.0,0,0,0,0,0,0,0,0,0,8,0,,67,1,2006,3,39.9502,-75.1457,2250.0,6,0,0,0,0,0,0,0,0,,0,0,0,22,3,1,1,,0.0,39 57:00.000,,0,75 08:43.459,8,0,0,0,67301,1,0,0,,1,0,0,2,67301,0,,1,1,,,,,0,,0,0,1,3,2,,2250,1,2,0,0,0,1,0,3,4,0,1,3,,N,,,,,,,,,,,
2006055825,1620.0,1,0,0,0,0,0,0,0,0,1,0,,67,3,2006,5,39.9721,-75.2469,1614.0,6,0,0,0,0,1,0,0,0,,0,0,0,99,1,1,1,,0.0,39 58:19.560,,0,75 14:48.480,4,0,0,0,67301,0,0,0,N,0,0,0,6,67301,1,,1,1,,N,N,,0,,0,0,0,3,2,,9999,1,2,0,0,0,0,0,3,4,1,2,3,,N,,,,,,,,,,,
2006055887,340.0,2,0,0,0,0,0,0,0,0,1,0,,67,3,2006,1,39.9632,-75.1836,335.0,6,0,0,0,0,0,0,0,0,,0,0,0,3,3,0,0,,0.0,39 57:50.760,,0,75 11:04.200,0,0,0,0,67301,0,0,0,N,0,0,0,3,67301,0,,1,9,,N,N,,0,,0,0,0,0,0,,334,0,2,0,0,0,0,0,3,4,0,2,7,,N,,,,,,,,,,,
2006019766,16.0,1,0,0,0,0,0,0,0,0,4,0,,67,1,2006,3,40.0585,-75.0788,11.0,6,0,0,0,0,0,0,1,0,,0,0,0,0,3,1,1,,0.0,40 03:30.000,,0,75 04:43.961,4,0,0,0,67301,0,0,0,N,0,0,0,4,67301,1,,1,9,,N,N,,0,,0,0,1,3,3,,10,1,2,0,0,0,0,0,3,4,0,2,7,,N,,,,,,,,,,,
2006092472,825.0,2,0,0,0,0,0,0,0,0,4,0,,67,8,2006,2,40.0548,-75.169,818.0,6,0,0,0,0,0,0,0,0,,0,0,0,8,1,2,1,,0.0,40 03:17.000,,0,75 10:08.426,4,0,0,0,67301,0,0,0,N,0,0,0,3,67301,2,,1,1,,N,N,,0,,0,0,0,3,2,,816,2,2,0,0,0,0,0,3,4,0,2,3,,N,,,,,,,,,,,
2006094980,1125.0,2,0,0,0,0,0,0,0,0,1,0,,67,7,2006,2,40.0235,-75.1335,1124.0,6,0,0,0,0,0,0,0,0,,0,0,0,11,1,6,5,,0.0,40 01:26.000,,0,75 07:59.381,4,0,0,0,67301,0,0,0,N,0,0,0,6,67301,6,,1,1,,N,N,,0,,0,0,0,3,2,,1123,6,2,0,0,4,0,0,3,4,0,2,3,,N,,,,,,,,,,,
2006055940,1321.0,1,0,0,0,0,0,0,0,0,7,0,,67,4,2006,7,,,1314.0,6,0,0,0,0,0,0,0,0,,0,0,0,13,1,1,0,,0.0,,,0,,4,0,0,0,67301,0,0,0,N,0,0,0,1,67301,1,,2,1,,N,N,,0,,0,0,0,0,0,,1314,1,1,0,0,0,0,0,3,3,0,1,3,,N,,,,,,,,,,,
2006056103,810.0,2,0,0,0,0,0,0,0,0,4,0,,67,3,2006,1,39.9144,-75.1784,803.0,6,0,0,0,0,0,1,1,0,,0,0,0,8,1,1,1,,0.0,39 54:52.000,,0,75 10:42.252,8,0,0,0,67301,0,0,0,N,0,0,0,2,67301,0,,1,9,,N,N,,0,,0,0,0,3,2,,800,1,2,0,0,0,1,0,3,4,0,2,3,,N,,,,,,,,,,,
2006056131,1720.0,1,0,0,0,0,0,0,0,0,8,0,,67,3,2006,5,40.0257,-75.0554,1718.0,6,0,0,0,0,0,0,0,0,,0,0,0,17,1,1,1,,0.0,40 01:32.000,,0,75 03:19.287,8,0,0,0,67301,1,0,0,N,1,0,0,2,67301,0,,1,1,,N,N,,0,,0,0,0,3,2,,1715,1,2,0,0,1,1,0,3,4,0,1,3,,N,,,,,,,,,,,
2006095175,1217.0,2,0,0,0,0,0,0,0,0,4,0,,67,7,2006,1,39.991,-75.1799,1213.0,6,0,0,0,0,0,1,0,0,2.0,0,0,0,12,1,2,1,,2.0,39 59:27.000,3.0,0,75 10:47.596,4,0,0,0,67301,0,0,0,Y,0,0,0,3,67301,2,,1,1,,N,N,,0,,0,0,0,3,2,Y,1208,2,2,0,0,0,0,0,3,4,0,2,3,,N,,,,,,,,,,,
2006095184,1512.0,1,0,0,0,0,0,0,0,0,8,0,,67,7,2006,6,40.0039,-75.1707,1507.0,6,0,0,0,0,0,1,0,0,,0,0,0,15,1,1,1,,0.0,40 00:14.000,,0,75 10:14.821,8,0,0,0,67301,1,0,0,,1,0,0,2,67301,0,,1,9,,,,,0,,0,0,0,3,2,,1505,1,2,0,0,1,1,0,3,4,0,1,7,,N,,,,,,,,,,,
2006056374,1134.0,1,0,0,0,0,0,0,0,0,4,0,,67,3,2006,4,40.0277,-75.2262,1130.0,6,0,0,0,0,0,0,0,0,1.0,0,0,0,23,3,0,1,,1.0,40 01:39.565,4.0,0,75 13:34.370,0,0,0,0,67301,0,0,0,N,0,0,0,3,67301,0,,1,1,,N,N,,0,,0,0,0,3,3,N,2325,0,2,0,0,0,0,0,3,4,1,2,3,,N,,,,,,,,,,,
2006056393,1355.0,3,0,0,0,0,0,0,0,0,2,0,,67,4,2006,6,40.035,-75.1884,1349.0,6,0,0,0,0,0,0,0,0,1.0,0,0,0,13,1,3,2,,2.0,40 02:05.924,5.0,0,75 11:18.304,4,0,0,0,67301,0,0,0,N,0,0,0,3,67301,3,,4,9,,N,N,,0,,0,0,0,0,0,Y,1348,3,3,0,0,0,0,0,3,4,0,3,7,,N,,,,,,,,,,,
2006080976,1326.0,2,0,0,0,0,0,0,0,0,4,0,,67,6,2006,4,39.959,-75.217,1324.0,6,0,0,0,0,0,0,0,0,,0,0,0,13,1,1,1,,0.0,39 57:32.000,,0,75 13:01.290,4,0,0,0,67301,0,0,0,N,0,0,0,2,67301,1,,1,9,,N,N,,0,,0,0,0,3,2,,1324,1,2,0,0,0,0,0,3,4,0,2,7,,N,,,,,,,,,,,
2006080983,1618.0,2,0,0,0,0,0,0,0,0,4,0,,67,6,2006,4,40.1091,-75.0258,1616.0,6,0,0,0,0,1,0,0,0,,0,0,0,16,1,1,0,,0.0,40 06:32.000,,0,75 01:32.973,4,0,0,0,67301,0,0,0,N,0,0,0,2,67301,1,,1,1,,N,N,,0,,0,0,0,0,0,,1615,1,2,0,0,0,0,0,3,4,0,2,3,,N,,,,,,,,,,,
2006081031,625.0,1,0,0,0,0,0,0,0,0,1,0,,67,6,2006,3,39.9532,-75.1948,625.0,6,0,0,0,0,0,0,0,1,2.0,0,0,0,6,1,1,0,,2.0,39 57:11.000,4.0,0,75 11:41.430,4,0,0,0,67301,0,0,0,N,0,0,0,1,67504,1,,1,1,,N,N,,1,,0,0,0,0,0,Y,625,1,2,0,0,0,0,0,3,4,0,2,3,,N,,,,,,,,,,,
2006081149,540.0,1,0,0,0,0,0,0,0,0,7,0,,67,5,2006,6,40.0402,-75.0047,530.0,6,0,0,0,0,1,0,0,0,,0,0,0,5,1,1,2,,0.0,40 02:24.000,,0,75 00:17.420,3,0,0,0,67301,0,0,0,N,0,0,0,1,67301,0,,2,9,,N,N,,0,,1,0,0,3,3,,530,1,1,0,0,0,0,0,3,4,0,1,7,,N,,,,,,,,,,,
2006081557,1748.0,1,0,0,0,0,0,0,0,0,7,0,,67,6,2006,7,39.9674,-75.2329,1747.0,6,0,0,0,0,0,0,1,0,,0,0,0,17,1,1,0,,0.0,39 58:02.654,,0,75 13:58.425,4,0,0,0,67301,0,0,0,N,0,0,0,2,67301,1,,5,9,,N,N,,0,,0,0,0,0,0,,1743,1,1,0,0,0,0,0,3,4,0,1,7,,N,,,,,,,,,,,
2006081469,522.0,0,0,0,0,0,0,0,0,0,7,0,,67,5,2006,3,,,518.0,6,0,0,0,0,0,0,0,0,3.0,0,0,0,5,6,0,0,,2.0,,2.0,0,,9,0,0,0,67301,0,0,0,N,0,0,0,1,67301,0,,5,9,,N,N,,1,,0,0,0,0,0,Y,510,0,1,0,0,0,0,1,3,3,0,1,7,,N,,,,,,,,,,,
2006081477,2040.0,0,0,0,0,0,0,0,0,0,0,0,,67,5,2006,7,,,2030.0,6,0,0,0,0,0,0,0,0,1.0,0,0,0,20,2,1,0,,1.0,,1.0,0,,4,0,0,1,67301,0,0,0,N,0,0,0,2,67301,1,,1,1,,N,N,,0,,0,0,0,0,0,N,2020,1,2,0,0,0,0,1,3,3,0,2,3,,N,,,,,,,,,,,
2006081603,2309.0,3,0,0,0,0,0,0,0,0,1,0,,67,6,2006,7,40.0018,-75.1545,2305.0,6,0,0,0,0,0,1,0,0,2.0,0,0,0,23,2,2,1,,1.0,40 00:06.000,4.0,0,75 09:16.160,4,0,0,0,67301,0,0,0,N,0,0,0,3,67301,1,,1,1,,N,N,,0,,0,0,0,0,0,Y,2300,2,3,0,0,0,1,0,3,4,0,3,3,,N,,,,,,,,,,,
2006079069,1735.0,2,0,0,0,0,0,0,0,0,4,0,,67,7,2006,2,39.9883,-75.254,1730.0,6,0,0,0,0,0,0,0,0,,0,0,0,17,1,0,1,,0.0,39 59:17.000,,0,75 15:14.303,9,0,0,0,67301,0,0,0,N,0,0,0,2,46104,0,,1,1,,N,N,,0,,0,0,0,3,2,,1727,0,2,0,0,0,0,1,3,4,0,2,3,,N,,,,,,,,,,,
2006081631,125.0,2,0,0,0,0,0,0,0,0,1,0,,67,5,2006,2,39.9387,-75.2267,120.0,6,0,0,0,0,0,0,0,0,,0,0,0,1,3,1,0,,0.0,39 56:19.154,,0,75 13:36.174,4,0,0,0,67301,0,0,0,N,0,0,0,2,67301,1,,6,1,,N,N,,0,,0,0,1,3,2,,110,1,4,0,0,0,0,1,3,4,1,4,3,,N,,,,,,,,,,,
2006115772,2140.0,0,0,0,0,0,0,0,0,0,7,0,,67,10,2006,1,40.0637,-75.0422,2138.0,6,0,0,0,0,0,0,0,0,1.0,0,0,0,21,3,1,0,,1.0,40 03:48.000,2.0,0,75 02:31.281,4,0,0,0,67301,0,0,0,N,0,0,0,3,67301,1,,2,1,,N,N,,0,,0,0,1,0,0,Y,2137,1,1,0,0,0,0,0,3,4,0,1,3,,N,,,,,,,,,,,
2006113341,1332.0,2,0,0,0,0,0,0,0,0,4,0,,67,9,2006,4,40.0807,-75.0285,1330.0,6,0,0,0,0,0,1,1,0,1.0,0,0,0,13,1,2,1,,1.0,40 04:50.449,2.0,0,75 01:42.488,8,0,0,0,67301,0,0,0,N,0,0,0,3,67301,0,,1,1,,N,N,,0,,0,0,0,3,2,N,1328,2,2,0,0,0,2,0,3,4,0,2,3,,N,,,,,,,,,,,
2006113355,1325.0,2,0,0,0,0,0,0,0,0,1,1,,67,10,2006,1,40.0239,-75.1318,1316.0,6,0,0,0,1,0,0,0,0,,0,0,0,13,1,3,0,,0.0,40 01:25.958,,0,75 07:53.999,4,0,0,0,67301,0,0,0,N,0,0,0,4,67301,1,,1,1,,N,N,,0,,0,0,0,0,0,,1300,3,2,0,0,0,2,0,3,4,0,2,3,,N,,,,,,,,,,,
2006105801,1945.0,1,0,0,0,0,0,0,0,0,7,0,,67,9,2006,7,40.0077,-75.1915,1942.0,6,0,0,0,0,0,1,0,0,1.0,0,0,0,19,3,1,0,,1.0,40 00:28.000,1.0,0,75 11:28.602,4,0,0,0,67301,0,0,0,N,0,0,0,2,67301,1,,2,9,,N,N,,0,,0,0,0,0,0,N,1941,1,1,0,0,0,0,0,3,4,0,1,7,,N,,,,,,,,,,,
2006113407,1315.0,1,0,1,0,0,0,0,0,0,4,0,,67,10,2006,5,40.0334,-75.1011,1309.0,6,0,0,0,0,0,0,0,0,,0,0,0,12,1,1,0,,0.0,40 02:00.308,,7,75 06:04.003,2,0,0,0,67301,0,0,0,N,0,0,0,3,67301,0,,1,1,,N,N,,0,,0,1,0,3,3,,1247,1,2,0,0,0,0,0,3,4,1,2,3,,N,,,,,,,,,,,
2006116044,1300.0,1,0,0,0,0,0,0,0,0,1,0,,67,10,2006,1,39.9648,-75.1375,1257.0,6,0,0,0,0,0,0,0,0,1.0,0,0,0,12,1,0,7,,1.0,39 57:53.312,2.0,2,75 08:14.825,0,0,0,0,67301,0,0,0,N,0,0,0,2,67301,0,,1,1,,N,N,,1,,0,0,0,0,0,N,1255,0,2,0,0,0,0,0,3,4,0,2,3,,N,,,,,,,,,,,
2006116083,2314.0,1,0,0,0,0,0,0,0,0,7,0,,67,10,2006,3,39.9411,-75.195,2310.0,6,0,0,0,0,0,0,0,0,1.0,0,0,0,23,3,1,3,,1.0,39 56:36.892,3.0,8,75 11:33.166,8,0,0,0,67301,0,0,0,N,0,0,0,1,67301,0,,7,1,,N,N,,0,,0,0,0,0,0,N,2308,1,1,0,0,0,1,0,3,4,0,1,3,,N,,,,,,,,,,,
2006035779,1550.0,1,0,0,0,0,0,0,0,0,7,0,,67,3,2006,4,39.8861,-75.2119,1542.0,6,0,0,0,0,0,1,0,0,1.0,0,0,0,15,1,2,1,,1.0,39 53:10.000,2.0,0,75 12:44.536,4,0,0,0,67301,0,0,0,N,0,0,0,2,67301,2,,2,1,,N,N,,0,,0,0,0,0,0,N,1540,2,1,0,0,0,0,0,3,4,0,1,3,,N,,,,,,,,,,,
2006054051,1335.0,2,0,0,0,0,0,0,0,0,4,0,,67,4,2006,7,39.9674,-75.1809,1330.0,6,0,0,0,0,0,0,0,0,,0,0,0,13,1,1,2,,0.0,39 58:03.000,,0,75 10:51.875,8,0,0,0,67301,0,0,0,N,0,0,0,2,67301,0,,1,9,,N,N,,0,,0,0,0,3,2,,1330,1,2,0,0,0,1,1,3,4,0,2,7,,N,,,,,,,,,,,
2006036844,2308.0,2,0,0,0,0,0,0,0,0,1,0,,67,2,2006,4,,,2305.0,6,0,0,0,0,0,0,0,0,2.0,0,0,0,23,3,0,1,,1.0,,2.0,0,,0,0,0,0,67301,0,0,0,N,0,0,0,4,67301,0,,1,1,,N,N,,0,,0,0,0,3,3,N,2300,0,2,0,0,0,0,0,3,3,0,2,3,,N,,,,,,,,,,,
2006036871,28.0,1,0,0,0,0,0,0,0,0,7,0,,67,2,2006,1,39.9774,-75.2,28.0,6,0,0,0,1,0,0,0,0,1.0,0,0,0,0,3,0,0,,1.0,39 58:40.000,4.0,0,75 12:05.040,0,0,0,0,67301,0,0,0,,0,0,0,3,67301,0,,2,9,,N,N,,0,,0,0,0,0,0,N,28,0,1,0,0,0,0,0,3,4,0,1,7,,N,,,,,,,,,,,
2006022167,1909.0,1,0,0,0,0,0,0,0,0,8,0,,67,1,2006,2,39.9617,-75.1576,1909.0,6,0,0,0,0,0,0,0,0,,0,0,0,19,3,1,0,,0.0,39 57:42.248,,0,75 09:27.192,4,0,0,0,67301,1,0,0,,1,0,0,3,67301,1,,1,1,,,,,0,,0,0,0,0,0,,1908,1,2,0,0,0,0,0,3,4,0,1,3,,N,,,,,,,,,,,
2006022175,2140.0,1,0,0,0,0,0,0,0,0,5,0,,67,1,2006,5,40.0669,-75.1783,2130.0,6,0,0,0,0,0,0,1,0,,0,0,0,21,3,0,0,,0.0,40 04:01.001,,0,75 10:42.084,0,0,0,0,67301,0,0,0,N,0,0,0,1,67301,0,,6,1,,N,N,,0,,0,0,2,0,0,,2120,0,3,0,0,0,0,0,3,4,0,3,3,,N,,,,,,,,,,,
2006092369,835.0,1,0,0,0,0,0,0,0,0,5,0,,67,8,2006,6,39.9362,-75.1576,830.0,6,0,0,0,0,0,1,0,0,9.0,0,0,0,8,1,1,0,,1.0,39 56:10.165,4.0,0,75 09:27.414,8,0,0,0,67301,0,0,0,N,0,0,0,2,67301,0,,1,1,,N,N,,1,,0,0,0,0,0,N,815,1,2,0,0,0,1,0,3,4,0,2,3,,N,,,,,,,,,,,
2006082037,1504.0,4,0,0,0,0,0,0,0,0,5,0,,67,6,2006,7,,,1459.0,6,0,0,0,0,0,0,0,1,1.0,0,0,0,14,1,0,0,,1.0,,3.0,0,,0,0,0,0,67301,3,0,0,N,0,0,0,4,67301,0,,2,1,,N,N,,0,,0,0,0,0,0,N,1456,0,4,0,0,0,0,0,3,3,0,4,3,,N,,,,,,,,,,,
2006053712,2120.0,0,0,0,0,0,0,0,0,0,4,0,,67,4,2006,7,,,2116.0,6,0,0,0,0,0,1,0,0,,0,0,0,99,3,0,1,,0.0,,,0,,9,0,0,0,67301,0,0,0,N,0,0,0,2,67301,0,,1,1,,N,N,,0,,0,0,2,3,2,,9999,0,2,0,0,0,0,2,3,3,0,2,3,,N,,,,,,,,,,,
2006053489,1845.0,3,0,0,0,0,0,0,0,0,4,0,,67,3,2006,4,40.0407,-75.0762,1835.0,6,0,1,0,0,0,1,0,0,,0,0,0,18,4,1,1,,0.0,40 02:26.000,,0,75 04:34.461,4,0,0,0,67301,0,0,0,N,0,0,0,2,67301,1,,1,1,,N,N,,0,,0,0,0,3,2,,1835,1,3,0,0,0,0,0,3,4,0,3,3,,N,,,,,,,,,,,
2006053776,214.0,1,0,0,0,0,0,0,0,0,4,0,,67,4,2006,1,40.0509,-75.0775,210.0,6,0,0,0,0,0,0,0,0,,0,0,0,2,3,1,1,,0.0,40 03:03.078,,0,75 04:38.830,8,0,0,0,67301,0,0,0,N,0,0,0,2,67301,0,,1,1,,N,N,,0,,0,0,1,3,2,,209,1,2,0,0,0,1,0,3,4,0,2,3,,N,,,,,,,,,,,
2006053826,1030.0,3,0,0,0,0,0,0,0,0,1,0,,67,4,2006,3,40.1099,-75.0251,1026.0,6,0,0,0,0,0,1,0,0,2.0,0,0,0,10,1,2,2,,1.0,40 06:35.000,2.0,0,75 01:30.885,4,0,0,0,67301,0,0,0,N,0,0,0,4,67301,2,,1,1,,N,N,,0,,0,0,0,3,2,N,1025,2,3,0,0,0,0,0,3,4,0,3,3,,N,,,,,,,,,,,
2006053828,101.0,2,0,0,0,0,0,0,0,0,4,0,,67,4,2006,7,40.1229,-75.0143,101.0,6,0,0,0,0,0,0,0,0,,0,0,0,0,3,1,0,,0.0,40 07:22.576,,0,75 00:51.487,8,0,0,0,67301,0,0,0,N,0,0,0,2,67301,0,,1,9,,N,N,,0,,0,0,0,0,0,,55,1,2,0,0,0,1,0,3,4,0,2,7,,N,,,,,,,,,,,