CRN,ARRIVAL_TM,AUTOMOBILE_COUNT,BELTED_DEATH_COUNT,BELTED_SUSP_SERIOUS_INJ_COUNT,BICYCLE_COUNT,BICYCLE_DEATH_COUNT,BICYCLE_SUSP_SERIOUS_INJ_COUNT,BUS_COUNT,CHLDPAS_DEATH_COUNT,CHLDPAS_SUSP_SERIOUS_INJ_COUNT,COLLISION_TYPE,COMM_VEH_COUNT,CONS_ZONE_SPD_LIM,COUNTY,CRASH_MONTH,CRASH_YEAR,DAY_OF_WEEK,DEC_LAT,DEC_LONG,DISPATCH_TM,DISTRICT,DRIVER_COUNT_16YR,DRIVER_COUNT_17YR,DRIVER_COUNT_18YR,DRIVER_COUNT_19YR,DRIVER_COUNT_20YR,DRIVER_COUNT_50_64YR,DRIVER_COUNT_65_74YR,DRIVER_COUNT_75PLUS,EST_HRS_CLOSED,FATAL_COUNT,HEAVY_TRUCK_COUNT,HORSE_BUGGY_COUNT,HOUR_OF_DAY,ILLUMINATION,INJURY_COUNT,INTERSECT_TYPE,INTERSECTION_RELATED,LANE_CLOSED,LATITUDE,LN_CLOSE_DIR,LOCATION_TYPE,LONGITUDE,MAX_SEVERITY_LEVEL,MCYCLE_DEATH_COUNT,MCYCLE_SUSP_SERIOUS_INJ_COUNT,MOTORCYCLE_COUNT,MUNICIPALITY,NONMOTR_COUNT,NONMOTR_DEATH_COUNT,NONMOTR_SUSP_SERIOUS_INJ_COUNT,NTFY_HIWY_MAINT,PED_COUNT,PED_DEATH_COUNT,PED_SUSP_SERIOUS_INJ_COUNT,PERSON_COUNT,POLICE_AGCY,POSSIBLE_INJ_COUNT,RDWY_SURF_TYPE_CD,RELATION_TO_ROAD,ROAD_CONDITION,ROADWAY_CLEARED,SCH_BUS_IND,SCH_ZONE_IND,SECONDARY_CRASH,SMALL_TRUCK_COUNT,SPEC_JURIS_CD,SUSP_MINOR_INJ_COUNT,SUSP_SERIOUS_INJ_COUNT,SUV_COUNT,TCD_FUNC_CD,TCD_TYPE,TFC_DETOUR_IND,TIME_OF_DAY,TOT_INJ_COUNT,TOTAL_UNITS,UNB_DEATH_COUNT,UNB_SUSP_SERIOUS_INJ_COUNT,UNBELTED_OCC_COUNT,UNK_INJ_DEG_COUNT,UNK_INJ_PER_COUNT,URBAN_AREA,URBAN_RURAL,VAN_COUNT,VEHICLE_COUNT,WEATHER1,WEATHER2,WORK_ZONE_IND,WORK_ZONE_LOC,WORK_ZONE_TYPE,WORKERS_PRES,WZ_CLOSE_DETOUR,WZ_FLAGGER,WZ_LAW_OFFCR_IND,WZ_LN_CLOSURE,WZ_MOVING,WZ_OTHER,WZ_SHLDER_MDN,WZ_WORKERS_INJ_KILLED
2006053861,340.0,1,0,0,0,0,0,0,0,0,7,0,,67,4,2006,7,40.0563,-75.1971,336.0,6,0,0,0,0,0,0,0,0,,0,0,0,3,3,0,0,,0.0,40 03:22.000,,0,75 11:49.677,0,0,0,0,67301,0,0,0,N,0,0,0,1,67301,0,,5,1,,N,N,,0,,0,0,0,0,0,,330,0,1,0,0,0,0,0,3,4,0,1,3,,N,,,,,,,,,,,
2006053872,2043.0,2,0,0,0,0,0,0,0,0,4,0,,67,4,2006,6,40.0407,-75.1584,2040.0,6,0,0,0,0,0,0,0,0,,0,0,0,20,4,1,2,,0.0,40 02:26.566,,0,75 09:30.254,8,0,0,0,67301,0,0,0,N,0,0,0,4,67301,0,,1,1,,N,N,,0,,0,0,1,3,3,,2020,1,3,0,0,0,1,0,3,4,0,3,3,,N,,,,,,,,,,,
2006014536,2243.0,2,0,0,0,0,0,0,0,0,1,0,,67,1,2006,6,39.9884,-75.2539,2243.0,6,0,0,0,0,0,0,0,0,1.0,0,0,0,22,3,1,0,,1.0,39 59:18.000,2.0,0,75 15:14.094,4,0,0,0,67301,0,0,0,N,0,0,0,3,46104,1,,1,1,,N,N,,0,,0,0,0,3,2,N,2230,1,2,0,0,1,0,0,3,4,0,2,3,,N,,,,,,,,,,,
2006094928,1837.0,3,0,0,0,0,0,0,0,0,1,0,,67,7,2006,7,40.0061,-75.1708,1835.0,6,0,0,0,0,0,0,0,0,,0,0,0,17,1,1,1,,0.0,40 00:22.129,,0,75 10:14.757,4,0,0,0,67301,0,0,0,N,0,0,0,4,67301,1,,1,1,,N,N,,0,,0,0,0,0,0,,1757,1,4,0,0,0,0,3,3,4,0,4,3,,N,,,,,,,,,,,
2006092464,945.0,0,0,0,0,0,0,0,0,0,5,0,,67,8,2006,2,,,934.0,6,0,0,0,0,0,0,1,0,,0,0,0,9,1,2,0,,0.0,,,0,,8,0,0,0,67301,0,0,0,N,0,0,0,3,67301,0,,1,1,,N,N,,0,,0,0,0,0,0,,932,2,2,0,0,0,2,0,3,3,2,2,3,,N,,,,,,,,,,,
2006056042,20.0,1,0,0,0,0,0,0,0,0,7,0,,67,4,2006,6,40.0201,-75.1919,18.0,6,0,0,0,0,1,0,0,0,,0,0,0,0,3,0,0,,0.0,40 01:08.000,,0,75 11:25.597,0,0,0,0,67301,0,0,0,N,0,0,0,1,67301,0,,5,1,,N,N,,0,,0,0,0,3,8,,15,0,1,0,0,0,0,0,3,4,0,1,3,,N,,,,,,,,,,,
2006055986,1730.0,1,0,0,0,0,0,0,0,0,7,0,,67,4,2006,2,39.9662,-75.2278,1727.0,6,0,0,0,0,0,0,0,0,,0,0,0,17,1,1,1,,0.0,39 57:58.000,,0,75 13:40.276,4,0,0,0,67301,0,0,0,N,0,0,0,1,67301,1,,4,1,,N,N,,0,,0,0,0,0,0,,1725,1,1,0,0,1,0,0,3,4,0,1,3,,N,,,,,,,,,,,
2006056019,1421.0,1,0,0,0,0,0,0,0,0,4,0,,67,3,2006,7,,,1420.0,6,0,0,0,0,0,0,0,0,,0,0,0,14,1,0,0,,0.0,,,0,,0,0,0,0,67301,0,0,0,,0,0,0,2,67301,0,,1,9,,,,,0,,0,0,1,3,2,,1400,0,2,0,0,0,0,0,3,3,0,2,7,,N,,,,,,,,,,,
2006056071,1440.0,1,0,0,0,0,0,0,0,0,1,0,,67,3,2006,6,40.0059,-75.1877,1438.0,6,0,0,0,0,0,0,0,0,,0,0,0,14,1,3,0,,0.0,40 00:21.000,,0,75 11:16.534,8,0,0,0,67301,0,0,0,N,0,0,0,4,67301,0,,1,1,,N,N,,0,,0,0,1,0,0,,1420,3,2,0,0,0,3,0,3,4,0,2,3,,N,,,,,,,,,,,
2006056241,107.0,1,0,0,0,0,0,0,0,0,5,0,,67,3,2006,7,39.9606,-75.1414,103.0,6,0,0,0,0,0,0,0,0,,0,0,0,1,3,1,1,,0.0,39 57:38.000,,0,75 08:28.960,3,0,0,1,67301,0,0,0,N,0,0,0,2,67301,0,,1,1,,N,N,,0,,1,0,0,0,0,,103,1,2,0,0,0,0,0,3,4,0,2,3,,N,,,,,,,,,,,
2006095193,20.0,1,0,0,0,0,0,0,0,0,7,0,,67,7,2006,4,40.071,-75.038,10.0,6,0,0,1,0,0,0,0,0,,0,0,0,0,3,1,0,,0.0,40 04:14.880,,0,75 02:16.440,8,0,0,0,67301,0,0,0,N,0,0,0,3,67301,0,,5,9,,N,N,,0,,0,0,0,0,0,,5,1,1,0,0,0,1,1,3,4,0,1,7,,N,,,,,,,,,,,
2006095280,9999.0,0,0,0,0,0,0,0,0,0,5,0,,67,7,2006,3,39.9867,-75.1047,1418.0,6,0,0,0,0,0,0,0,0,,0,0,0,14,1,1,1,,0.0,39 59:11.000,,0,75 06:16.894,4,0,0,1,67301,0,0,0,,0,0,0,2,67301,1,,1,1,,N,N,,0,,0,0,0,0,0,,1418,1,2,0,0,0,0,0,3,4,1,2,3,,N,,,,,,,,,,,
2006056148,609.0,2,0,0,0,0,0,0,0,0,4,0,,67,3,2006,4,40.0372,-75.053,609.0,6,0,0,0,0,1,0,0,0,1.0,0,0,0,6,5,1,1,,1.0,40 02:13.966,4.0,0,75 03:10.861,8,0,0,0,67301,0,0,0,N,0,0,0,2,67301,0,,1,1,,N,N,,0,,0,0,0,3,2,N,609,1,2,0,0,0,1,0,3,4,0,2,3,,N,,,,,,,,,,,
2006113468,1900.0,1,0,0,0,0,0,0,0,0,8,0,,67,10,2006,5,39.9563,-75.2295,1900.0,6,0,0,0,0,0,0,0,0,,0,0,0,14,1,1,1,,0.0,39 57:22.618,,0,75 13:46.365,4,0,0,0,67301,1,0,0,N,1,0,0,2,67301,1,,1,98,,N,N,,0,,0,0,0,9,3,,1430,1,2,0,0,0,0,0,3,4,0,1,99,,N,,,,,,,,,,,
2006103391,2000.0,1,0,0,0,0,0,0,0,0,8,0,,67,9,2006,1,40.0385,-75.0359,2000.0,6,0,0,0,1,0,0,0,0,1.0,0,0,0,20,3,1,0,,1.0,40 02:18.000,1.0,0,75 02:09.339,3,0,0,0,67301,1,0,0,,1,0,0,2,67301,0,,1,1,,N,,,0,,1,0,0,0,0,N,2000,1,2,0,0,0,0,0,3,4,0,1,3,,N,,,,,,,,,,,
2006054222,2043.0,2,0,0,0,0,0,0,0,0,5,0,,67,4,2006,7,39.8988,-75.1693,2037.0,6,0,0,0,0,0,0,0,0,1.0,0,0,0,20,3,2,0,,2.0,39 53:55.680,2.0,0,75 10:08.040,4,0,0,0,67301,0,0,0,Y,0,0,0,2,67301,2,,1,1,,N,N,,0,,0,0,0,0,0,N,2034,2,2,0,0,0,0,0,3,4,0,2,3,,N,,,,,,,,,,,
2006054227,731.0,1,0,0,0,0,0,0,0,0,8,0,,67,4,2006,5,40.0266,-75.1395,728.0,6,0,0,0,0,0,0,0,0,,0,0,0,7,1,1,1,,0.0,40 01:35.925,,0,75 08:22.207,4,0,0,0,67301,1,0,0,N,1,0,0,3,67301,1,,1,1,,N,N,,0,,0,0,0,0,0,,720,1,2,0,0,0,0,0,3,4,0,1,3,,N,,,,,,,,,,,
2006054070,1249.0,2,0,0,0,0,0,0,0,0,4,0,,67,4,2006,3,,,1248.0,6,0,0,0,0,0,1,0,0,,0,0,0,12,1,2,1,,0.0,,,0,,8,0,0,0,67301,0,0,0,N,0,0,0,2,67301,0,,1,1,,N,N,,0,,0,0,0,3,2,,1246,2,2,0,0,0,2,0,3,3,0,2,3,,N,,,,,,,,,,,
2006036842,1110.0,1,0,0,0,0,0,0,0,0,4,0,,67,2,2006,5,39.9587,-75.2394,1109.0,6,0,0,0,0,0,0,0,0,,0,0,0,11,1,3,1,,0.0,39 57:31.320,,0,75 14:22.200,4,0,0,0,67301,0,0,0,N,0,0,0,4,67301,3,,1,1,,N,N,,0,,0,0,0,2,2,,1107,3,2,0,0,4,0,0,3,4,1,2,3,,N,,,,,,,,,,,
2006036891,1014.0,0,0,0,0,0,0,0,0,0,8,0,,67,2,2006,2,39.9631,-75.1662,1008.0,6,0,0,0,0,0,1,0,0,,0,0,0,10,1,1,1,,0.0,39 57:47.000,,0,75 09:58.329,4,0,0,0,67301,1,0,0,N,1,0,0,2,67301,1,,1,1,,N,N,,1,,0,0,0,3,2,,1000,1,2,0,0,0,0,0,3,4,0,1,3,,N,,,,,,,,,,,
2006036903,215.0,2,0,0,0,0,0,0,0,0,1,0,,67,2,2006,6,39.9627,-75.1631,213.0,6,0,0,0,0,1,0,0,0,,0,0,0,2,3,2,0,,0.0,39 57:45.000,,0,75 09:47.517,8,0,0,0,67301,0,0,0,N,0,0,0,2,67301,0,,6,9,,N,N,,0,,0,0,0,0,0,,212,2,2,0,0,0,2,0,3,4,0,2,98,,N,,,,,,,,,,,
2006092365,704.0,2,0,0,0,0,0,0,0,0,1,0,,67,8,2006,4,40.0344,-75.0748,701.0,6,0,0,0,0,0,0,2,0,,0,0,0,6,1,2,1,,0.0,40 02:03.000,,0,75 04:29.833,4,0,0,0,67301,0,0,0,N,0,0,0,3,67301,2,,1,1,,N,N,,0,,0,0,0,3,2,,658,2,2,0,0,0,0,0,3,4,0,2,3,,N,,,,,,,,,,,
2006092383,1935.0,1,0,0,0,0,0,0,0,0,4,0,,67,8,2006,4,,,1935.0,6,0,0,0,0,0,0,0,0,,0,0,0,19,1,2,1,,0.0,,,0,,4,0,0,0,67301,0,0,0,N,0,0,0,4,67301,2,,1,1,,N,N,,0,,0,0,0,3,3,,1934,2,2,0,0,0,0,0,3,3,1,2,3,,N,,,,,,,,,,,
2006094895,2135.0,1,0,0,0,0,0,0,0,0,8,0,,67,7,2006,5,40.0262,-75.1173,2129.0,6,0,0,0,0,0,0,0,0,,0,0,0,21,2,1,1,,0.0,40 01:34.000,,0,75 07:01.752,4,0,0,0,67301,1,0,0,N,1,0,0,2,67301,1,,1,1,,N,N,,0,,0,0,0,3,2,,2100,1,2,0,0,0,0,0,3,4,0,1,3,,N,,,,,,,,,,,
2006094897,816.0,3,0,0,0,0,0,0,0,0,1,0,,67,7,2006,4,39.9978,-75.1252,814.0,6,0,0,0,0,0,0,1,0,,0,0,0,8,1,1,0,,0.0,39 59:52.000,,0,75 07:30.620,4,0,0,0,67301,0,0,0,,0,0,0,6,67301,1,,1,1,,N,N,,0,,0,0,0,3,2,,810,1,4,0,0,0,0,0,3,4,1,4,3,,N,,,,,,,,,,,
2006094917,722.0,2,0,0,0,0,0,0,0,0,5,0,,67,7,2006,1,40.0795,-75.0692,715.0,6,0,0,1,0,0,0,0,0,,0,0,0,7,1,0,1,,0.0,40 04:45.000,,0,75 04:09.012,0,0,0,0,67301,0,0,0,N,0,0,0,1,67301,0,,1,1,,N,N,,0,,0,0,1,3,3,,709,0,3,0,0,0,0,0,3,4,0,3,3,,N,,,,,,,,,,,
2006055883,631.0,2,0,0,0,0,0,0,0,0,5,0,,67,3,2006,2,40.0202,-75.0434,623.0,6,0,0,0,0,0,1,0,0,1.0,0,0,0,6,1,0,0,,2.0,40 01:14.880,1.0,0,75 02:31.920,0,0,0,0,67301,0,0,0,N,0,0,0,3,67301,0,,1,1,,N,N,,0,,0,0,0,0,0,N,620,0,2,0,0,0,0,0,3,4,0,2,3,,N,,,,,,,,,,,
2006019772,2238.0,2,0,0,0,0,0,0,0,0,5,0,,67,1,2006,1,39.925,-75.1741,2236.0,6,0,0,0,0,0,0,0,1,,0,0,0,99,3,1,2,,0.0,39 55:29.000,,0,75 10:26.145,4,0,0,0,67301,0,0,0,,0,0,0,3,67301,1,,1,1,,N,N,,0,,0,0,0,9,3,,9999,1,2,0,0,0,0,0,3,4,0,2,3,,N,,,,,,,,,,,
2006055847,815.0,2,0,0,0,0,0,0,0,0,4,0,,67,3,2006,3,40.0729,-75.0759,810.0,6,0,0,0,0,0,0,0,0,,0,0,0,7,3,5,1,,0.0,40 04:22.440,,0,75 04:32.880,4,0,0,0,67301,0,0,0,,0,0,0,6,67301,5,,1,1,,N,N,,0,,0,0,0,3,2,,715,5,2,0,0,6,0,0,3,4,0,2,3,,N,,,,,,,,,,,
2006092479,1504.0,0,0,0,0,0,0,1,0,0,1,1,,67,8,2006,6,39.9715,-75.1933,1504.0,6,0,0,0,0,0,1,0,0,1.0,0,0,0,15,1,1,0,,1.0,39 58:22.000,4.0,0,75 11:37.092,4,0,0,0,67301,0,0,0,N,0,0,0,12,67301,1,,1,1,,Y,N,,0,,0,0,1,0,0,N,1504,1,3,0,0,0,0,1,3,4,1,3,3,,N,,,,,,,,,,,
2006092492,1520.0,1,0,0,0,0,0,0,0,0,4,0,,67,8,2006,5,40.0392,-75.0668,1518.0,6,0,0,0,0,1,0,0,0,1.0,0,0,0,15,1,2,1,,2.0,40 02:21.129,7.0,0,75 04:00.301,4,0,0,0,67301,0,0,0,N,0,0,0,2,67301,2,,1,1,,N,N,,0,,0,0,0,3,2,Y,1518,2,2,0,0,0,0,0,3,4,0,2,3,,N,,,,,,,,,,,
2006094976,1951.0,0,0,0,0,0,0,0,0,0,0,0,,67,7,2006,1,39.9342,-75.1452,1951.0,6,0,0,0,0,0,0,0,0,2.0,0,0,0,99,1,1,0,,1.0,39 56:13.000,2.0,0,75 08:39.417,2,0,1,1,67301,0,0,0,,0,0,0,1,67301,0,,1,1,,,,,0,,0,1,0,0,0,N,9999,1,1,0,0,0,0,0,3,4,0,1,3,,N,,,,,,,,,,,
2006056073,1100.0,1,0,0,0,0,0,0,0,0,4,0,,67,3,2006,4,40.0278,-75.1761,1058.0,6,0,0,0,0,0,1,0,0,,0,0,0,10,1,1,1,,0.0,40 01:40.105,,0,75 10:33.790,8,0,0,0,67301,0,0,0,N,0,0,0,2,67301,0,,1,1,,N,N,,0,,0,0,1,3,3,,1058,1,2,0,0,0,1,0,3,4,0,2,3,,N,,,,,,,,,,,
2006095239,6.0,2,0,0,0,0,0,0,0,0,4,0,,67,7,2006,6,40.0359,-75.1266,4.0,6,0,0,0,0,0,1,0,0,,0,0,0,23,3,3,1,,0.0,40 02:09.000,,0,75 07:35.932,8,0,0,0,67301,0,0,0,N,0,0,0,3,67301,0,,1,1,,N,N,,0,,0,0,0,0,0,,2320,3,2,0,0,0,3,0,3,4,0,2,3,,N,,,,,,,,,,,
2006095241,805.0,3,0,0,0,0,0,0,0,0,4,0,,67,7,2006,1,39.9502,-75.1586,800.0,6,0,0,0,0,0,0,0,0,,0,0,0,7,1,1,2,,0.0,39 57:00.000,,0,75 09:30.825,4,0,0,0,67301,0,0,0,N,0,0,0,3,67301,1,,1,1,,N,N,,0,,0,0,0,0,0,,738,1,3,0,0,0,0,0,3,4,0,3,3,,N,,,,,,,,,,,
2006056242,1330.0,1,0,0,0,0,0,1,0,0,6,1,,67,4,2006,7,,,1328.0,6,0,0,0,0,0,1,0,0,,0,0,0,13,1,1,1,,0.0,,,0,,4,0,0,0,67301,0,0,0,N,0,0,0,2,67301,1,,1,1,,N,N,,0,,0,0,0,0,0,,1300,1,2,0,0,0,0,0,3,3,0,2,3,,N,,,,,,,,,,,
2006095216,2216.0,3,0,0,0,0,0,0,0,0,1,0,,67,8,2006,7,39.947,-75.2349,2216.0,6,0,0,0,0,0,1,0,0,1.0,0,0,0,22,3,1,0,,1.0,39 56:49.000,3.0,0,75 14:04.924,4,0,0,0,67301,0,0,0,N,0,0,0,3,67301,1,,1,1,,N,N,,0,,0,0,0,0,0,N,2216,1,3,0,0,0,0,0,3,4,0,3,3,,N,,,,,,,,,,,
2006056154,238.0,1,0,0,0,0,0,0,0,0,4,0,,67,4,2006,6,39.9388,-75.2103,235.0,6,0,0,0,0,0,0,0,0,,0,0,0,2,3,1,1,,0.0,39 56:19.000,,0,75 12:37.190,8,0,0,0,67301,0,0,0,N,0,0,0,2,67301,0,,1,1,,N,N,,0,,0,0,0,3,2,,230,1,2,0,0,0,1,0,3,4,0,2,3,,N,,,,,,,,,,,
2006056360,1110.0,1,0,0,0,0,0,0,0,0,7,0,,67,4,2006,6,39.9673,-75.1807,1107.0,6,0,0,0,0,0,0,0,0,,0,0,0,11,1,0,3,,0.0,39 58:02.000,,0,75 10:51.357,0,0,0,0,67301,0,0,0,N,0,0,0,1,67301,0,,2,9,,N,N,,0,,0,0,0,3,2,,1107,0,1,0,0,0,0,0,3,4,0,1,7,,N,,,,,,,,,,,
2006056375,2148.0,0,0,0,0,0,0,0,0,0,7,0,,67,4,2006,2,40.0304,-75.2224,2145.0,6,0,0,0,0,0,0,0,0,2.0,0,0,0,21,3,0,2,,2.0,40 01:49.425,5.0,0,75 13:20.819,0,0,0,0,67301,0,0,0,,0,0,0,1,67301,0,,5,9,,N,N,,1,,0,0,0,0,0,Y,2145,0,1,0,0,0,0,0,3,4,0,1,7,,N,,,,,,,,,,,
2006092787,2132.0,4,0,0,0,0,0,0,0,0,1,0,,67,8,2006,2,40.0468,-75.0149,2132.0,6,1,0,1,1,0,0,0,0,1.0,0,0,0,21,3,1,1,,1.0,40 02:48.000,2.0,0,75 00:53.376,8,0,0,0,67301,0,0,0,N,0,0,0,9,67301,0,,1,1,,N,N,,0,,0,0,0,3,2,N,2127,1,4,0,0,9,1,0,3,4,0,4,3,,N,,,,,,,,,,,
2006092788,1240.0,1,0,0,0,0,0,0,0,0,8,0,,67,8,2006,3,40.043,-75.0238,1236.0,6,0,0,0,0,0,0,0,1,,0,0,0,12,1,1,0,,0.0,40 02:34.000,,0,75 01:25.517,4,0,0,0,67301,1,0,0,N,1,0,0,2,67301,1,,3,1,,N,N,,0,,0,0,0,3,2,,1233,1,2,0,0,0,0,0,3,4,0,1,3,,N,,,,,,,,,,,
2006092893,1252.0,3,0,0,0,0,0,0,0,0,5,0,,67,7,2006,7,40.0457,-75.1651,1242.0,6,0,0,0,0,0,0,0,0,,0,0,0,12,1,1,0,,0.0,40 02:44.000,,0,75 09:54.561,8,0,0,0,67301,0,0,0,,0,0,0,1,67301,0,,1,1,,N,,,0,,0,0,0,9,2,,1230,1,3,0,0,0,1,0,3,4,0,3,3,,N,,,,,,,,,,,
2006037921,1050.0,1,0,0,0,0,0,0,0,0,5,0,,67,2,2006,3,40.0056,-75.1093,1045.0,6,0,0,0,0,0,0,0,0,1.0,0,1,0,10,1,1,0,,1.0,40 00:19.980,2.0,0,75 06:33.638,8,0,0,0,67301,0,0,0,N,0,0,0,3,67301,0,,1,1,,N,N,,0,,0,0,0,0,0,N,1034,1,2,0,0,0,1,0,3,4,0,2,3,,N,,,,,,,,,,,
2006035688,1800.0,1,0,0,0,0,0,0,0,0,8,0,,67,2,2006,7,39.9587,-75.2272,1753.0,6,0,0,0,0,0,0,0,0,,0,0,0,17,3,1,0,,0.0,39 57:31.456,,0,75 13:37.978,8,0,0,0,67301,1,0,0,,1,0,0,2,67301,0,,1,9,,N,N,,0,,0,0,0,3,2,,1753,1,2,0,0,0,1,1,3,4,0,1,7,,N,,,,,,,,,,,
2006033285,1639.0,2,0,0,0,0,0,0,0,0,4,0,,67,2,2006,7,40.0086,-75.0688,1634.0,6,0,0,0,0,0,0,0,0,,0,0,0,99,1,0,1,,0.0,40 00:31.000,,0,75 04:07.885,0,0,0,0,67301,0,0,0,N,0,0,0,2,67301,0,,1,9,,N,N,,0,,0,0,0,3,2,,9999,0,2,0,0,0,0,0,3,4,0,2,10,,N,,,,,,,,,,,
2006032955,1750.0,1,0,0,0,0,0,0,0,0,6,0,,67,2,2006,6,,,1741.0,6,0,0,0,0,0,0,0,0,,0,0,0,19,1,0,1,,0.0,,,0,,0,0,0,0,67301,0,0,0,N,0,0,0,2,67301,0,,1,1,,N,N,,1,,0,0,0,3,3,,1937,0,2,0,0,0,0,0,3,3,0,2,3,,N,,,,,,,,,,,
2006019890,1153.0,1,0,0,0,0,0,0,0,0,4,0,,67,1,2006,4,40.1018,-75.0275,1148.0,6,0,0,0,0,0,0,0,0,,0,0,0,11,1,0,5,,0.0,40 06:06.588,,0,75 01:38.906,0,0,0,0,67301,0,0,0,N,0,0,0,3,67301,0,,1,1,,N,N,,0,,0,0,0,3,2,,1146,0,2,0,0,0,0,0,3,4,1,2,3,,N,,,,,,,,,,,
2006020492,1340.0,1,0,0,0,0,0,0,0,0,7,0,,67,1,2006,1,40.0124,-75.0691,1335.0,6,0,0,0,1,0,0,0,0,,0,0,0,13,1,0,1,,0.0,40 00:44.000,,0,75 04:08.626,0,0,0,0,67301,0,0,0,N,0,0,0,1,67301,0,,5,1,,N,N,,0,,0,0,0,3,2,,1315,0,1,0,0,1,0,0,3,4,0,1,3,,N,,,,,,,,,,,
2006062702,1232.0,1,0,0,0,0,0,0,0,0,8,0,,67,5,2006,1,,,1230.0,6,0,0,0,0,0,0,0,0,,0,0,0,12,1,1,0,,0.0,,,0,,8,0,0,0,67301,1,0,0,N,1,0,0,2,67301,0,,1,1,,N,N,,0,,0,0,0,0,0,,1210,1,2,0,0,0,1,0,3,3,0,1,3,,N,,,,,,,,,,,
2006065405,841.0,0,0,0,0,0,0,0,0,0,1,0,,67,5,2006,4,39.9625,-75.2068,841.0,6,0,0,0,0,0,1,0,0,,0,0,0,8,1,1,1,,0.0,39 57:45.000,,0,75 12:24.840,4,0,0,0,67301,0,0,0,N,0,0,0,3,67301,1,,1,9,,N,N,,0,,0,0,2,3,2,,841,1,2,0,0,0,0,0,3,4,0,2,3,,N,,,,,,,,,,,
2006065374,830.0,2,0,0,0,0,0,0,0,0,1,0,,67,5,2006,6,40.0403,-75.0585,820.0,6,0,0,0,0,0,1,0,0,,0,0,0,7,1,0,1,,0.0,40 02:25.000,,0,75 03:30.718,0,0,0,0,67301,0,0,0,N,0,0,0,2,67301,0,,1,1,,N,N,,0,,0,0,0,3,2,,750,0,2,0,0,0,0,0,3,4,0,2,3,,N,,,,,,,,,,,
2006065519,610.0,0,0,0,0,0,0,0,0,0,4,0,,67,6,2006,6,40.0383,-75.0754,610.0,6,0,0,0,0,0,1,0,0,,0,0,0,6,1,3,1,,0.0,40 02:17.896,,0,75 04:31.313,8,0,0,0,67301,0,0,0,N,0,0,0,4,67301,0,,1,1,,N,N,,0,,0,0,1,3,2,,610,3,2,0,0,0,3,0,3,4,1,2,3,,N,,,,,,,,,,,
2006055814,2035.0,1,0,0,0,0,0,0,0,0,8,0,,67,5,2006,4,39.9967,-75.1155,2030.0,6,0,0,0,0,0,0,0,0,,0,0,0,20,3,1,2,,0.0,39 59:48.000,,0,75 06:55.693,4,0,0,0,67301,1,0,0,,1,0,0,2,67301,1,,1,1,,,,,0,,0,0,0,3,2,,2020,1,2,0,0,0,0,1,3,4,0,1,3,,N,,,,,,,,,,,
2006124493,1910.0,1,0,0,0,0,0,0,0,0,4,0,,67,10,2006,3,40.0656,-74.9876,1858.0,6,0,0,0,0,0,2,0,0,,0,0,0,18,3,0,2,,0.0,40 03:56.095,,0,74 59:15.500,0,0,0,0,67301,0,0,0,N,0,0,0,2,67301,0,,1,1,,N,N,,1,,0,0,0,9,3,,1850,0,2,0,0,0,0,0,3,4,0,2,3,,N,,,,,,,,,,,
2006102213,2155.0,2,0,0,0,0,0,0,0,0,4,0,,67,9,2006,4,,,2151.0,6,0,0,0,0,0,0,0,0,,0,0,0,21,3,5,1,,0.0,,,0,,4,0,0,0,67301,0,0,0,N,0,0,0,5,67301,1,,1,1,,N,N,,0,,0,0,0,3,2,,2148,5,2,0,0,0,4,0,3,3,0,2,3,,N,,,,,,,,,,,
2006081050,1645.0,1,0,0,0,0,0,0,0,0,2,0,,67,7,2006,2,39.9996,-75.1905,1645.0,6,0,0,0,0,0,0,0,0,,0,0,0,99,1,1,0,,0.0,40 00:08.000,,0,75 11:25.674,3,0,0,0,67301,0,0,0,,0,0,0,2,67301,0,,1,1,,,,,1,,1,0,0,0,0,,9999,1,2,0,0,0,0,0,3,4,0,2,3,,N,,,,,,,,,,,
2006081117,730.0,2,0,0,0,0,0,0,0,0,4,0,,67,6,2006,6,39.986,-75.1415,725.0,6,0,0,0,0,0,0,0,0,,0,0,0,7,1,1,1,,0.0,39 59:09.000,,0,75 08:26.391,8,0,0,0,67301,0,0,0,,0,0,0,6,67501,0,,1,1,,,,,0,,0,0,0,3,2,,703,1,2,0,0,0,1,0,3,4,0,2,3,,N,,,,,,,,,,,
2006081136,1735.0,2,0,0,0,0,0,0,0,0,4,0,,67,6,2006,3,40.054,-75.0489,1730.0,6,0,0,0,0,0,1,0,0,,0,0,0,17,1,1,1,,0.0,40 03:14.000,,0,75 02:56.032,4,0,0,0,67301,0,0,0,N,0,0,0,2,67301,1,,1,1,,N,N,,0,,0,0,0,3,2,,1729,1,2,0,0,0,0,0,3,4,0,2,3,,N,,,,,,,,,,,