CRN,ARRIVAL_TM,AUTOMOBILE_COUNT,BELTED_DEATH_COUNT,BELTED_SUSP_SERIOUS_INJ_COUNT,BICYCLE_COUNT,BICYCLE_DEATH_COUNT,BICYCLE_SUSP_SERIOUS_INJ_COUNT,BUS_COUNT,CHLDPAS_DEATH_COUNT,CHLDPAS_SUSP_SERIOUS_INJ_COUNT,COLLISION_TYPE,COMM_VEH_COUNT,CONS_ZONE_SPD_LIM,COUNTY,CRASH_MONTH,CRASH_YEAR,DAY_OF_WEEK,DEC_LAT,DEC_LONG,DISPATCH_TM,DISTRICT,DRIVER_COUNT_16YR,DRIVER_COUNT_17YR,DRIVER_COUNT_18YR,DRIVER_COUNT_19YR,DRIVER_COUNT_20YR,DRIVER_COUNT_50_64YR,DRIVER_COUNT_65_74YR,DRIVER_COUNT_75PLUS,EST_HRS_CLOSED,FATAL_COUNT,HEAVY_TRUCK_COUNT,HORSE_BUGGY_COUNT,HOUR_OF_DAY,ILLUMINATION,INJURY_COUNT,INTERSECT_TYPE,INTERSECTION_RELATED,LANE_CLOSED,LATITUDE,LN_CLOSE_DIR,LOCATION_TYPE,LONGITUDE,MAX_SEVERITY_LEVEL,MCYCLE_DEATH_COUNT,MCYCLE_SUSP_SERIOUS_INJ_COUNT,MOTORCYCLE_COUNT,MUNICIPALITY,NONMOTR_COUNT,NONMOTR_DEATH_COUNT,NONMOTR_SUSP_SERIOUS_INJ_COUNT,NTFY_HIWY_MAINT,PED_COUNT,PED_DEATH_COUNT,PED_SUSP_SERIOUS_INJ_COUNT,PERSON_COUNT,POLICE_AGCY,POSSIBLE_INJ_COUNT,RDWY_SURF_TYPE_CD,RELATION_TO_ROAD,ROAD_CONDITION,ROADWAY_CLEARED,SCH_BUS_IND,SCH_ZONE_IND,SECONDARY_CRASH,SMALL_TRUCK_COUNT,SPEC_JURIS_CD,SUSP_MINOR_INJ_COUNT,SUSP_SERIOUS_INJ_COUNT,SUV_COUNT,TCD_FUNC_CD,TCD_TYPE,TFC_DETOUR_IND,TIME_OF_DAY,TOT_INJ_COUNT,TOTAL_UNITS,UNB_DEATH_COUNT,UNB_SUSP_SERIOUS_INJ_COUNT,UNBELTED_OCC_COUNT,UNK_INJ_DEG_COUNT,UNK_INJ_PER_COUNT,URBAN_AREA,URBAN_RURAL,VAN_COUNT,VEHICLE_COUNT,WEATHER1,WEATHER2,WORK_ZONE_IND,WORK_ZONE_LOC,WORK_ZONE_TYPE,WORKERS_PRES,WZ_CLOSE_DETOUR,WZ_FLAGGER,WZ_LAW_OFFCR_IND,WZ_LN_CLOSURE,WZ_MOVING,WZ_OTHER,WZ_SHLDER_MDN,WZ_WORKERS_INJ_KILLED
2006081150,1900.0,3,0,0,0,0,0,0,0,0,1,0,,67,6,2006,7,40.1143,-74.9879,1854.0,6,0,0,0,0,2,0,0,0,,0,0,0,18,1,3,1,,0.0,40 06:51.000,,0,74 59:16.414,8,0,0,0,67301,0,0,0,N,0,0,0,6,67301,0,,1,9,,N,N,,0,,0,0,0,3,2,,1854,3,3,0,0,0,3,0,3,4,0,3,7,,N,,,,,,,,,,,
2006081154,1609.0,1,0,0,0,0,0,1,0,0,1,1,,67,6,2006,2,40.0578,-75.045,1605.0,6,0,0,0,0,1,0,0,0,,0,0,0,15,1,1,0,,0.0,40 03:27.000,,0,75 02:42.642,8,0,0,0,67301,0,0,0,N,0,0,0,4,67301,0,,1,1,,N,N,,0,,0,0,1,0,0,,1555,1,3,0,0,0,1,0,3,4,0,3,3,,N,,,,,,,,,,,
2006081490,2215.0,0,0,0,0,0,0,0,0,0,7,0,,67,7,2006,5,,,2206.0,6,0,0,0,0,0,0,0,0,2.0,0,0,0,22,3,0,0,,2.0,,2.0,0,,0,0,0,0,67301,0,0,0,Y,0,0,0,1,67301,0,,2,1,,N,N,,0,,0,0,0,0,0,N,2203,0,1,0,0,0,0,0,3,3,1,1,3,,N,,,,,,,,,,,
2006081513,342.0,1,0,0,0,0,0,0,0,0,7,0,,67,6,2006,1,,,340.0,6,0,0,0,0,0,0,0,0,1.0,0,0,0,3,3,0,0,,1.0,,2.0,0,,9,0,0,0,67301,0,0,0,N,0,0,0,1,67301,0,,2,1,,N,N,,0,,0,0,0,0,0,N,340,0,1,0,0,0,0,1,3,3,0,1,3,,N,,,,,,,,,,,
2006081542,928.0,1,0,0,0,0,0,0,0,0,4,0,,67,6,2006,3,40.0003,-75.1677,934.0,6,0,0,0,0,0,0,1,0,,0,0,0,9,1,1,0,,0.0,40 00:01.188,,0,75 10:03.781,8,0,0,0,67301,0,0,0,N,0,0,0,1,67301,0,,4,1,,N,N,,1,,0,0,0,0,0,,937,1,3,0,0,1,1,0,3,4,1,3,3,,N,,,,,,,,,,,
2006081409,1445.0,2,0,0,0,0,0,0,0,0,4,0,,67,7,2006,1,39.9547,-75.1495,1442.0,6,0,0,0,0,0,0,0,0,,0,0,0,14,1,1,1,,0.0,39 57:18.000,,0,75 09:09.511,8,0,0,0,67301,0,0,0,,0,0,0,4,67301,0,,1,2,,N,N,,0,,0,0,0,3,2,,1430,1,2,0,0,0,1,0,3,4,0,2,3,,N,,,,,,,,,,,
2006081671,309.0,1,0,0,0,0,0,0,0,0,4,0,,67,6,2006,7,,,309.0,6,0,0,0,0,0,1,0,0,,0,0,0,3,3,1,1,,0.0,,,0,,4,0,0,0,67301,0,0,0,N,0,0,0,3,67301,1,,1,9,,N,N,,0,,0,0,0,3,3,,309,1,2,0,0,0,0,1,3,3,0,2,7,,N,,,,,,,,,,,
2006113300,2345.0,2,0,0,0,0,0,0,0,0,4,0,,67,10,2006,2,39.9582,-75.2355,2338.0,6,0,0,0,1,0,0,0,0,,0,0,0,23,3,1,1,,0.0,39 57:29.000,,0,75 14:08.001,4,0,0,0,67301,0,0,0,N,0,0,0,2,67301,1,,1,1,,N,N,,0,,0,0,0,9,2,,2338,1,2,0,0,0,0,1,3,4,0,2,3,,N,,,,,,,,,,,
2006113326,505.0,1,0,0,0,0,0,0,0,0,8,0,,67,10,2006,1,40.0152,-75.1552,500.0,6,0,0,0,0,0,0,0,0,,0,0,0,4,3,1,1,,0.0,40 00:54.834,,0,75 09:18.795,4,0,0,0,67301,1,0,0,N,1,0,0,1,67301,1,,1,1,,N,N,,0,,0,0,0,3,2,,455,1,2,0,0,0,0,0,3,4,0,1,3,,N,,,,,,,,,,,
2006105746,2035.0,2,0,0,0,0,0,0,0,0,1,0,,67,8,2006,1,,,2030.0,6,0,0,0,0,0,0,0,0,,0,0,0,20,3,0,0,,0.0,,,3,,0,0,0,0,67301,0,0,0,,0,0,0,2,67301,0,,1,1,,,,,0,,0,0,0,0,0,,2025,0,2,0,0,0,0,0,3,3,0,2,3,,N,,,,,,,,,,,
2006105804,1412.0,0,0,0,0,0,0,0,0,0,7,0,,67,9,2006,2,39.9615,-75.1529,1410.0,6,0,0,0,0,0,0,0,0,,0,0,0,14,1,1,1,,0.0,39 57:41.000,,0,75 09:10.545,4,0,0,0,67301,0,0,0,Y,0,0,0,1,67301,1,,4,1,,N,N,,0,,0,0,0,3,2,,1400,1,1,0,0,0,0,0,3,4,1,1,3,,N,,,,,,,,,,,
2006105887,1930.0,0,0,0,0,0,0,0,0,0,7,0,,67,9,2006,5,40.0321,-75.1081,1925.0,6,0,0,0,0,0,0,0,0,,0,0,0,19,3,2,0,,0.0,40 01:55.494,,0,75 06:29.123,4,0,0,0,67301,0,0,0,,0,0,0,2,67301,2,,5,1,,,,,0,,0,0,0,0,0,,1923,2,1,0,0,0,0,0,3,4,1,1,3,,N,,,,,,,,,,,
2006113406,1410.0,2,0,0,0,0,0,0,0,0,4,0,,67,9,2006,7,40.0581,-75.0597,1407.0,6,0,1,0,0,0,0,0,0,1.0,0,0,0,14,1,1,1,,1.0,40 03:29.000,1.0,0,75 03:35.095,4,0,0,0,67301,0,0,0,N,0,0,0,3,67301,1,,1,1,,N,N,,0,,0,0,0,3,2,N,1407,1,2,0,0,0,0,0,3,4,0,2,3,,N,,,,,,,,,,,
2006113429,1105.0,2,0,0,0,0,0,0,0,0,4,0,,67,9,2006,1,39.9918,-75.1186,1100.0,6,0,0,0,0,0,0,0,0,,0,0,0,10,1,1,1,,0.0,39 59:30.602,,0,75 07:07.017,4,0,0,0,67301,0,0,0,N,0,0,0,3,67301,1,,1,1,,N,N,,0,,0,0,0,9,3,,1055,1,2,0,0,1,0,0,3,4,0,2,3,,N,,,,,,,,,,,
2006113434,900.0,2,0,0,0,0,0,0,0,0,8,0,,67,9,2006,3,40.0198,-75.1105,855.0,6,0,0,0,0,0,0,0,0,,0,0,0,8,1,1,2,,0.0,40 01:11.456,,0,75 06:37.889,4,0,0,0,67301,1,0,0,N,1,0,0,3,67301,1,,1,1,,N,N,,0,,0,0,0,0,0,,830,1,3,0,0,0,0,0,3,4,0,2,3,,N,,,,,,,,,,,
2006116062,821.0,1,0,0,0,0,0,0,0,0,8,0,,67,10,2006,2,39.9442,-75.1772,820.0,6,0,0,0,0,0,0,0,0,,0,0,0,8,1,1,1,,0.0,39 56:39.121,,0,75 10:37.818,8,0,0,0,67301,1,0,0,,1,0,0,2,67301,0,,1,1,,N,N,,0,,0,0,0,9,3,,815,1,2,0,0,0,1,1,3,4,0,1,98,,N,,,,,,,,,,,
2006105852,1825.0,0,0,0,0,0,0,0,0,0,0,0,,67,9,2006,7,39.9126,-75.2219,1820.0,6,0,0,0,0,0,0,0,0,,0,0,0,18,1,2,1,,0.0,39 54:50.000,,0,75 13:17.252,3,0,0,1,67301,0,0,0,N,0,0,0,2,67301,0,,1,1,,N,N,,0,,2,0,0,3,2,,1815,2,1,0,0,0,0,0,3,4,0,1,3,,N,,,,,,,,,,,
2006105874,1812.0,1,0,0,0,0,0,0,0,0,8,0,,67,9,2006,7,39.9386,-75.2217,1805.0,6,0,0,0,0,0,0,0,0,,0,0,0,18,1,1,1,,0.0,39 56:18.896,,0,75 13:18.041,3,0,0,0,67301,1,0,0,N,1,0,0,3,67301,0,,1,1,,N,N,,0,,1,0,0,3,2,,1800,1,2,0,0,0,0,2,3,4,0,1,3,,N,,,,,,,,,,,
2006054203,1835.0,0,0,0,0,0,0,0,0,0,1,0,,67,5,2006,3,40.0277,-75.11,1828.0,6,0,0,0,0,0,0,0,0,,0,0,0,18,1,1,1,,0.0,40 01:39.000,,0,75 06:35.808,4,0,0,0,67301,0,0,0,N,0,0,0,2,67301,1,,1,1,,N,N,,0,,0,0,1,3,2,,1820,1,2,0,0,0,0,0,3,4,1,2,3,,N,,,,,,,,,,,
2006027929,2250.0,0,0,0,0,0,0,1,0,0,4,1,,67,1,2006,4,40.034,-75.0716,2248.0,6,0,0,0,0,1,0,0,0,,0,0,0,22,3,3,0,,0.0,40 02:02.000,,7,75 04:17.800,4,0,0,0,67301,0,0,0,N,0,0,0,5,67301,3,,1,9,,N,N,,1,,0,0,0,0,0,,2248,3,2,0,0,0,0,0,3,4,0,2,7,,N,,,,,,,,,,,
2006038176,1933.0,2,0,0,0,0,0,0,0,0,5,0,,67,3,2006,1,,,1928.0,6,0,0,0,0,0,1,0,0,,0,0,0,19,3,1,1,,0.0,,,0,,4,0,0,0,67301,0,0,0,,0,0,0,3,67301,1,,1,1,,N,N,,0,,0,0,0,0,0,,1925,1,2,0,0,0,0,0,3,3,0,2,3,,N,,,,,,,,,,,
2006035762,1229.0,2,0,0,0,0,0,0,0,0,2,0,,67,1,2006,3,40.0688,-75.0067,1226.0,6,0,0,0,0,0,1,0,0,,0,0,0,12,1,1,0,,0.0,40 04:07.000,,7,75 00:23.448,4,0,0,0,67301,0,0,0,N,0,0,0,3,67301,1,,1,9,,N,N,,0,,0,0,0,0,0,,1220,1,2,0,0,0,0,0,3,4,0,2,7,,N,,,,,,,,,,,
2006054119,1815.0,1,0,0,0,0,0,0,0,0,7,0,,67,3,2006,6,39.9095,-75.2362,1806.0,6,0,0,0,0,0,0,0,0,,0,0,0,17,1,0,0,,0.0,39 54:34.354,,7,75 14:10.435,0,0,0,0,67301,0,0,0,N,0,0,0,0,67301,0,,4,1,,N,N,,0,,0,0,0,0,0,,1744,0,1,0,0,0,0,0,3,4,0,1,3,,N,,,,,,,,,,,
2006054074,647.0,0,0,0,0,0,0,0,0,0,2,0,,67,4,2006,7,,,644.0,6,0,0,0,0,0,1,0,0,,0,0,0,6,1,1,2,,0.0,,,0,,8,0,0,0,67301,0,0,0,,0,0,0,2,67301,0,,1,9,,,,,1,,0,0,0,3,3,,641,1,2,0,0,0,1,1,3,3,1,2,7,,N,,,,,,,,,,,
2006036833,318.0,3,0,0,0,0,0,0,0,0,6,0,,67,3,2006,1,,,315.0,6,0,0,0,0,0,0,0,0,,0,0,0,3,3,1,1,,0.0,,,0,,4,0,0,0,67301,0,0,0,N,0,0,0,1,67301,1,,2,1,,N,N,,0,,0,0,0,0,0,,310,1,3,0,0,0,0,0,3,3,0,3,3,,N,,,,,,,,,,,
2006037164,1858.0,4,0,0,0,0,0,0,0,0,1,0,,67,2,2006,5,40.0311,-75.0221,1851.0,6,0,0,0,0,0,1,0,0,1.0,0,0,0,18,3,4,0,,1.0,40 01:52.000,2.0,0,75 01:19.822,3,0,0,0,67301,0,0,0,N,0,0,0,6,67301,2,,1,1,,N,N,,0,,1,0,0,0,0,N,1845,4,4,0,0,0,1,0,3,4,0,4,3,,N,,,,,,,,,,,
2006087000,1713.0,2,0,0,0,0,0,0,0,0,1,0,,67,6,2006,2,,,1704.0,6,0,0,0,0,0,0,0,0,,0,0,0,17,1,5,1,,0.0,,,0,,3,0,0,0,67301,4,0,0,N,4,0,0,6,67301,0,,1,9,,N,N,,0,,1,0,0,3,3,,1703,5,6,0,0,0,4,0,3,3,0,2,7,,N,,,,,,,,,,,
2006053495,1736.0,2,0,0,0,0,0,0,0,0,6,0,,67,3,2006,7,,,1735.0,6,0,1,0,0,0,0,0,0,,0,0,0,17,1,0,0,,0.0,,,0,,0,0,0,0,67301,0,0,0,,0,0,0,2,67301,0,,1,1,,,,,0,,0,0,2,0,0,,1734,0,4,0,0,0,0,0,3,3,0,4,3,,N,,,,,,,,,,,
2006053807,1152.0,3,0,0,0,0,0,0,0,0,1,0,,67,3,2006,5,39.965,-75.2054,1146.0,6,0,0,0,0,0,0,0,0,,0,0,0,11,8,1,0,,0.0,39 57:53.000,,0,75 12:19.123,3,0,0,0,67301,2,0,0,N,0,0,0,3,67301,0,,6,2,,N,N,,0,,1,0,0,0,0,,1146,1,3,0,0,1,0,0,3,4,0,3,98,,N,,,,,,,,,,,
2006053811,800.0,2,0,0,0,0,0,0,0,0,1,0,,67,3,2006,2,40.0077,-75.1389,749.0,6,0,0,0,0,0,0,0,0,,0,0,0,99,1,1,0,,0.0,40 00:27.000,,0,75 08:20.510,8,0,0,0,67301,0,0,0,N,0,0,0,5,67301,0,,1,1,,N,N,,0,,0,0,0,9,9,,9999,1,2,0,0,1,1,2,3,4,0,2,3,,N,,,,,,,,,,,
2006053815,852.0,2,0,0,0,0,0,0,0,0,1,0,,67,3,2006,2,,,843.0,6,0,0,0,0,0,0,0,0,,0,0,0,8,1,1,0,,0.0,,,0,,4,0,0,0,67301,0,0,0,N,0,0,0,2,67301,1,,1,9,,N,N,,0,,0,0,0,0,0,,840,1,2,0,0,1,0,1,3,3,0,2,10,,N,,,,,,,,,,,
2006053869,1217.0,2,0,0,0,0,0,0,0,0,4,0,,67,4,2006,4,39.9296,-75.244,1210.0,6,0,0,0,0,0,0,0,0,2.0,0,0,0,99,3,0,2,,1.0,39 55:46.000,5.0,0,75 14:38.706,0,0,0,0,67301,0,0,0,,0,0,0,1,67301,0,,2,1,,,,,0,,0,0,0,0,0,N,9999,0,3,0,0,0,0,0,3,4,0,3,3,,N,,,,,,,,,,,
2006094892,1422.0,1,0,0,0,0,0,0,0,0,2,0,,67,7,2006,5,39.9976,-75.1467,1417.0,6,0,0,0,0,1,0,0,0,1.0,0,0,0,14,1,3,1,,2.0,39 59:51.514,1.0,0,75 08:48.199,8,0,0,0,67301,0,0,0,N,0,0,0,4,67301,0,,1,1,,N,N,,0,,0,0,1,3,2,N,1410,3,2,0,0,0,3,0,3,4,0,2,3,,N,,,,,,,,,,,
2006055905,425.0,2,0,0,0,0,0,0,0,0,4,0,,67,3,2006,7,,,421.0,6,0,0,0,0,0,0,0,0,,0,0,0,4,3,1,1,,0.0,,,0,,8,0,0,0,67301,0,0,0,N,0,0,0,2,67301,0,,1,1,,N,N,,0,,0,0,0,3,2,,418,1,2,0,0,0,1,0,3,3,0,2,3,,N,,,,,,,,,,,
2006055912,1603.0,2,0,0,0,0,0,0,0,0,4,0,,67,3,2006,3,40.021,-75.1412,1600.0,6,0,0,0,0,0,0,0,0,,0,0,0,15,1,2,2,,0.0,40 01:14.000,,0,75 08:29.432,8,0,0,0,67301,0,0,0,N,0,0,0,3,67301,0,,1,1,,N,N,,0,,0,0,0,3,2,,1513,2,2,0,0,0,2,1,3,4,0,2,3,,N,,,,,,,,,,,
2006055933,2230.0,1,0,0,0,0,0,0,0,0,1,1,,67,4,2006,2,39.9474,-75.1877,2235.0,6,0,0,0,1,0,0,0,0,,0,1,0,22,3,0,0,,0.0,39 56:50.000,,0,75 11:15.505,0,0,0,0,67301,0,0,0,N,0,0,0,3,67301,0,,1,9,,N,N,,0,,0,0,0,0,0,,2230,0,2,0,0,0,0,0,3,4,0,2,7,,N,,,,,,,,,,,
2006055936,53.0,1,0,0,0,0,0,0,0,0,5,0,,67,5,2006,5,,,48.0,6,0,0,0,0,0,0,0,0,1.0,0,0,0,0,3,1,0,,1.0,,2.0,0,,4,0,0,0,67301,0,0,0,N,0,0,0,2,67301,1,,1,1,,N,N,,0,,0,0,0,0,0,N,45,1,2,0,0,0,0,1,3,3,0,2,3,,N,,,,,,,,,,,
2006056052,753.0,1,0,0,0,0,0,0,0,0,8,0,,67,3,2006,1,,,750.0,6,0,0,0,0,0,1,0,0,,0,0,0,7,1,1,1,,0.0,,,0,,8,0,0,0,67301,1,0,0,N,1,0,0,2,67301,0,,1,9,,N,N,,0,,0,0,0,3,2,,748,1,2,0,0,0,1,0,3,3,0,1,7,,N,,,,,,,,,,,
2006056165,1923.0,2,0,0,0,0,0,0,0,0,5,0,,67,4,2006,7,39.9194,-75.2344,1915.0,6,0,0,0,1,0,0,0,0,,0,0,0,19,1,1,2,,0.0,39 55:09.000,,0,75 14:03.943,8,0,0,0,67301,0,0,0,N,0,0,0,5,67301,0,,1,9,,N,N,,0,,0,0,0,0,0,,1915,1,2,0,0,0,1,1,3,4,0,2,7,,N,,,,,,,,,,,
2006056227,1009.0,1,0,0,0,0,0,0,0,0,2,0,,67,3,2006,5,39.9997,-75.099,1002.0,6,0,0,0,0,0,2,0,0,1.0,0,0,0,99,1,1,1,,1.0,39 59:58.000,5.0,0,75 05:56.259,4,0,0,0,67301,0,0,0,N,0,0,0,2,67301,1,,1,1,,N,N,,0,,0,0,0,3,2,N,9999,1,2,0,0,0,0,0,3,4,1,2,3,,N,,,,,,,,,,,
2006056358,1115.0,1,0,0,0,0,0,0,0,0,7,0,,67,5,2006,3,,,1109.0,6,0,0,0,0,0,0,0,0,1.0,0,0,0,99,1,1,1,,1.0,,7.0,0,,8,0,0,0,67301,0,0,0,N,0,0,0,1,67301,0,,5,1,,N,N,,0,,0,0,0,0,0,Y,9999,1,1,0,0,0,1,0,3,3,0,1,3,,N,,,,,,,,,,,
2006116063,750.0,1,0,0,0,0,0,0,0,0,8,0,,67,9,2006,4,40.039,-75.1504,749.0,6,0,0,0,0,0,0,0,0,,0,0,0,7,1,1,0,,0.0,40 02:20.332,,0,75 09:01.475,4,0,0,0,67301,1,0,0,N,1,0,0,2,67301,1,,1,1,,N,N,,0,,0,0,0,3,3,,737,1,2,0,0,0,0,1,3,4,0,1,3,,N,,,,,,,,,,,
2006105859,1535.0,1,0,0,0,0,0,0,0,0,1,0,,67,9,2006,7,39.9588,-75.1693,1530.0,6,0,0,0,0,1,0,0,0,1.0,0,0,0,15,1,1,0,,1.0,39 57:31.000,4.0,1,75 10:10.761,4,0,0,0,67301,0,0,0,N,0,0,0,6,67301,1,,1,1,,N,N,,0,,0,0,1,0,0,N,1520,1,3,0,0,0,0,0,3,4,0,3,3,,N,,,,,,,,,,,
2006054219,1832.0,2,0,0,0,0,0,0,0,0,4,0,,67,4,2006,1,40.0638,-75.1729,1832.0,6,0,0,0,0,0,0,0,0,,0,0,0,18,1,2,1,,0.0,40 03:49.000,,0,75 10:22.328,4,0,0,0,67301,0,0,0,N,0,0,0,3,67301,2,,1,1,,N,N,,0,,0,0,0,3,3,,1829,2,2,0,0,0,0,0,3,4,0,2,3,,N,,,,,,,,,,,
2006035754,1135.0,1,0,0,0,0,0,0,0,0,7,0,,67,1,2006,6,40.0736,-75.0378,1130.0,6,0,0,0,0,0,0,0,1,,0,0,0,11,1,0,0,,0.0,40 04:25.104,,0,75 02:16.072,0,0,0,0,67301,0,0,0,N,0,0,0,3,67301,0,,5,1,,N,N,,0,,0,0,0,0,0,,1130,0,1,0,0,3,0,0,3,4,0,1,3,,N,,,,,,,,,,,
2006054081,1410.0,1,0,0,0,0,0,0,0,0,1,0,,67,4,2006,4,,,1400.0,6,0,0,0,0,0,1,0,0,,0,0,0,13,1,1,0,,0.0,,,0,,8,0,0,0,67301,0,0,0,N,0,0,0,2,67301,0,,1,1,,N,N,,0,,0,0,0,0,0,,1350,1,2,0,0,0,1,0,3,3,1,2,3,,N,,,,,,,,,,,
2006054121,1245.0,2,0,0,0,0,0,0,0,0,4,0,,67,4,2006,2,39.9444,-75.2309,1235.0,6,0,0,0,0,0,1,1,0,,0,0,0,12,1,2,2,,0.0,39 56:39.000,,0,75 13:51.131,8,0,0,0,67301,0,0,0,N,0,0,0,4,67301,0,,1,1,,N,N,,0,,0,0,0,3,3,,1235,2,2,0,0,0,2,2,3,4,0,2,3,,N,,,,,,,,,,,
2006036846,815.0,1,0,0,0,0,0,1,0,0,2,1,,67,2,2006,3,40.0623,-75.0428,801.0,6,0,0,0,0,0,1,0,0,,0,0,0,7,1,4,0,,0.0,40 03:43.000,,0,75 02:33.620,4,0,0,0,67301,0,0,0,,0,0,0,6,67301,4,,1,6,,N,N,,0,,0,0,0,0,0,,750,4,2,0,0,0,0,0,3,4,0,2,98,,N,,,,,,,,,,,
2006036885,945.0,1,0,0,0,0,0,1,0,0,1,1,,67,3,2006,7,40.0325,-75.1897,935.0,6,0,0,0,0,0,1,0,0,,0,0,0,9,1,0,0,,0.0,40 01:57.047,,0,75 11:22.854,0,0,0,0,67301,0,0,0,N,0,0,0,2,67301,0,,1,1,,N,N,,0,,0,0,0,0,0,,932,0,2,0,0,0,0,0,3,4,0,2,3,,N,,,,,,,,,,,
2006037199,1509.0,1,0,0,0,0,0,0,0,0,1,0,,67,3,2006,1,40.0358,-75.2176,1509.0,6,0,0,0,0,0,0,1,0,,0,0,0,15,1,1,0,,0.0,40 02:09.000,,0,75 13:03.471,4,0,0,1,67301,0,0,0,N,0,0,0,1,67301,1,,6,1,,N,N,,0,,0,0,0,0,0,,1508,1,2,0,0,0,0,0,3,4,0,2,3,,N,,,,,,,,,,,
2006037110,2244.0,2,0,0,0,0,0,0,0,0,1,0,,67,3,2006,3,,,2240.0,6,0,0,0,0,0,0,0,0,,0,0,0,22,3,0,0,,0.0,,,0,,0,0,0,0,67301,0,0,0,N,0,0,0,1,67301,0,,1,1,,N,N,,0,,0,0,1,3,2,,2240,0,3,0,0,0,0,0,3,3,0,3,3,,N,,,,,,,,,,,
2006037163,1255.0,1,0,0,0,0,0,0,0,0,2,0,,67,2,2006,1,40.0063,-75.0899,1250.0,6,0,0,0,0,0,1,0,0,,0,0,0,12,1,3,0,,0.0,40 00:22.596,,0,75 05:23.748,8,0,0,0,67301,0,0,0,,0,0,0,3,67301,0,,1,1,,N,N,,1,,0,0,0,0,0,,1250,3,2,0,0,0,3,0,3,4,0,2,3,,N,,,,,,,,,,,
2006034889,1140.0,2,0,0,0,0,0,0,0,0,1,0,,67,1,2006,2,39.9807,-75.1283,1138.0,6,0,0,0,0,0,1,0,0,,0,0,0,11,1,0,0,,0.0,39 58:50.000,,0,75 07:41.911,0,0,0,0,67301,0,0,0,,0,0,0,2,67301,0,,1,9,,,,,0,,0,0,0,0,0,,1140,0,2,0,0,0,0,0,3,4,0,2,7,,N,,,,,,,,,,,
2006021363,909.0,2,0,0,0,0,0,0,0,0,6,0,,67,1,2006,1,40.1053,-75.0275,902.0,6,0,0,0,0,0,0,0,0,,0,0,0,8,1,1,0,,0.0,40 06:19.000,,0,75 01:39.016,4,0,0,0,67301,0,0,0,,0,0,0,2,67301,1,,6,2,,N,N,,0,,0,0,0,0,0,,845,1,2,0,0,0,0,0,3,4,0,2,98,,N,,,,,,,,,,,
2006092407,1550.0,2,0,0,0,0,0,0,0,0,1,0,,67,8,2006,2,40.0711,-75.0379,1545.0,6,0,0,0,0,0,0,0,0,,0,0,0,15,1,1,1,,0.0,40 04:15.000,,0,75 02:16.115,8,0,0,0,67301,0,0,0,,0,0,0,4,67301,0,,1,1,,N,N,,0,,0,0,0,3,2,,1538,1,2,0,0,0,1,0,3,4,0,2,3,,N,,,,,,,,,,,
2006092411,317.0,0,0,0,0,0,0,0,0,0,1,0,,67,8,2006,7,39.9471,-75.1416,313.0,6,0,0,0,0,0,0,0,0,1.0,0,0,0,3,3,1,5,,1.0,39 56:39.000,2.0,0,75 08:32.084,4,0,0,1,67301,0,0,0,N,0,0,0,2,67301,1,,1,1,,N,N,,0,,0,0,1,3,2,N,310,1,2,0,0,0,0,0,3,4,0,2,3,,N,,,,,,,,,,,
2006092427,1851.0,1,0,0,0,0,0,0,0,0,8,0,,67,8,2006,3,39.925,-75.2274,1848.0,6,0,0,0,0,0,0,0,0,,0,0,0,18,4,1,0,,0.0,39 55:30.140,,0,75 13:38.701,4,0,0,0,67301,1,0,0,N,1,0,0,2,67301,1,,1,98,,N,N,,0,,0,0,0,0,0,,1845,1,2,0,0,0,0,0,3,4,0,1,3,,N,,,,,,,,,,,
2006053843,9999.0,1,0,0,0,0,0,0,0,0,8,0,,67,4,2006,4,39.9708,-75.1284,1944.0,6,0,0,0,0,0,0,0,0,,0,0,0,19,4,1,0,,0.0,39 58:15.016,,0,75 07:42.256,4,0,0,0,67301,1,0,0,,1,0,0,2,67301,1,,1,1,,,,,0,,0,0,0,0,0,,1943,1,2,0,0,0,0,0,3,4,0,1,3,,N,,,,,,,,,,,
2006055842,906.0,0,0,0,0,0,0,0,0,0,4,0,,67,3,2006,4,,,905.0,6,0,0,0,0,0,0,0,0,2.0,0,1,0,9,1,4,1,,2.0,,7.0,0,,4,0,0,0,67301,0,0,0,N,0,0,0,8,67301,4,,1,1,,N,N,,0,,0,0,0,3,2,Y,900,4,2,0,0,0,0,0,3,3,1,2,3,,N,,,,,,,,,,,
2006056025,1112.0,2,0,0,0,0,0,0,0,0,1,0,,67,3,2006,7,39.9591,-75.1704,1110.0,6,0,0,0,0,0,0,0,0,,0,0,0,11,1,1,0,,0.0,39 57:33.000,,0,75 10:13.343,8,0,0,0,67301,0,0,0,N,0,0,0,4,67301,0,,1,1,,,N,,0,,0,0,0,0,0,,1110,1,2,0,0,0,1,0,3,4,0,2,3,,N,,,,,,,,,,,
2006056273,1410.0,2,0,0,0,0,0,0,0,0,1,0,,67,3,2006,7,40.0141,-75.1034,1406.0,6,0,0,0,0,0,0,0,0,,0,0,0,14,1,1,0,,0.0,40 00:50.828,,0,75 06:12.304,8,0,0,0,67301,0,0,0,N,0,0,0,2,67301,0,,1,1,,N,N,,0,,0,0,0,0,0,,1405,1,2,0,0,0,1,0,3,4,0,2,3,,N,,,,,,,,,,,