CRN,ARRIVAL_TM,AUTOMOBILE_COUNT,BELTED_DEATH_COUNT,BELTED_SUSP_SERIOUS_INJ_COUNT,BICYCLE_COUNT,BICYCLE_DEATH_COUNT,BICYCLE_SUSP_SERIOUS_INJ_COUNT,BUS_COUNT,CHLDPAS_DEATH_COUNT,CHLDPAS_SUSP_SERIOUS_INJ_COUNT,COLLISION_TYPE,COMM_VEH_COUNT,CONS_ZONE_SPD_LIM,COUNTY,CRASH_MONTH,CRASH_YEAR,DAY_OF_WEEK,DEC_LAT,DEC_LONG,DISPATCH_TM,DISTRICT,DRIVER_COUNT_16YR,DRIVER_COUNT_17YR,DRIVER_COUNT_18YR,DRIVER_COUNT_19YR,DRIVER_COUNT_20YR,DRIVER_COUNT_50_64YR,DRIVER_COUNT_65_74YR,DRIVER_COUNT_75PLUS,EST_HRS_CLOSED,FATAL_COUNT,HEAVY_TRUCK_COUNT,HORSE_BUGGY_COUNT,HOUR_OF_DAY,ILLUMINATION,INJURY_COUNT,INTERSECT_TYPE,INTERSECTION_RELATED,LANE_CLOSED,LATITUDE,LN_CLOSE_DIR,LOCATION_TYPE,LONGITUDE,MAX_SEVERITY_LEVEL,MCYCLE_DEATH_COUNT,MCYCLE_SUSP_SERIOUS_INJ_COUNT,MOTORCYCLE_COUNT,MUNICIPALITY,NONMOTR_COUNT,NONMOTR_DEATH_COUNT,NONMOTR_SUSP_SERIOUS_INJ_COUNT,NTFY_HIWY_MAINT,PED_COUNT,PED_DEATH_COUNT,PED_SUSP_SERIOUS_INJ_COUNT,PERSON_COUNT,POLICE_AGCY,POSSIBLE_INJ_COUNT,RDWY_SURF_TYPE_CD,RELATION_TO_ROAD,ROAD_CONDITION,ROADWAY_CLEARED,SCH_BUS_IND,SCH_ZONE_IND,SECONDARY_CRASH,SMALL_TRUCK_COUNT,SPEC_JURIS_CD,SUSP_MINOR_INJ_COUNT,SUSP_SERIOUS_INJ_COUNT,SUV_COUNT,TCD_FUNC_CD,TCD_TYPE,TFC_DETOUR_IND,TIME_OF_DAY,TOT_INJ_COUNT,TOTAL_UNITS,UNB_DEATH_COUNT,UNB_SUSP_SERIOUS_INJ_COUNT,UNBELTED_OCC_COUNT,UNK_INJ_DEG_COUNT,UNK_INJ_PER_COUNT,URBAN_AREA,URBAN_RURAL,VAN_COUNT,VEHICLE_COUNT,WEATHER1,WEATHER2,WORK_ZONE_IND,WORK_ZONE_LOC,WORK_ZONE_TYPE,WORKERS_PRES,WZ_CLOSE_DETOUR,WZ_FLAGGER,WZ_LAW_OFFCR_IND,WZ_LN_CLOSURE,WZ_MOVING,WZ_OTHER,WZ_SHLDER_MDN,WZ_WORKERS_INJ_KILLED
2006095183,206.0,1,0,0,0,0,0,0,0,0,4,0,,67,7,2006,6,40.0145,-75.1311,210.0,6,0,0,0,0,0,1,0,0,,0,0,0,13,1,1,5,,0.0,40 00:52.185,,0,75 07:52.121,4,0,0,0,67301,0,0,0,N,0,0,0,4,67301,1,,1,1,,N,N,,0,,0,0,1,0,0,,1330,1,2,0,0,0,0,0,3,4,0,2,3,,N,,,,,,,,,,,
2006056357,833.0,1,0,0,0,0,0,0,0,0,0,0,,67,2,2006,3,39.9959,-75.1914,828.0,6,0,0,0,0,0,0,0,0,1.0,0,0,0,8,1,0,3,,2.0,39 59:45.240,5.0,0,75 11:28.680,0,0,0,0,67301,0,0,0,N,0,0,0,1,67301,0,,1,1,,N,N,,0,,0,0,0,0,0,N,826,0,1,0,0,0,0,0,3,4,0,1,3,,N,,,,,,,,,,,
2006092791,1734.0,1,0,0,0,0,0,0,0,0,8,0,,67,8,2006,6,,,1729.0,6,0,0,0,0,0,0,0,0,,0,0,0,17,1,1,0,,0.0,,,0,,4,0,0,0,67301,1,0,0,N,1,0,0,2,67301,1,,1,1,,N,N,,0,,0,0,0,0,0,,1720,1,2,0,0,0,0,0,3,3,0,1,3,,N,,,,,,,,,,,
2006092898,1232.0,1,0,0,0,0,0,0,0,0,4,0,,67,8,2006,7,39.96,-75.1408,1230.0,6,0,1,0,0,0,0,0,0,1.0,0,0,0,12,1,2,0,,1.0,39 57:14.000,2.0,0,75 08:29.986,4,0,0,0,67301,0,0,0,,0,0,0,2,67301,2,,1,1,,,,,1,,0,0,0,0,0,N,1230,2,2,0,0,1,0,0,3,4,0,2,3,,N,,,,,,,,,,,
2006092910,300.0,1,0,0,0,0,0,0,0,0,4,0,,67,7,2006,7,40.0543,-75.0631,259.0,6,0,0,0,0,0,1,0,0,9.0,0,0,0,2,3,1,1,,2.0,40 03:15.000,2.0,0,75 03:47.104,8,0,0,1,67301,0,0,0,N,0,0,0,1,67301,0,,1,1,,N,N,,0,,0,0,0,9,7,Y,259,1,2,0,0,0,1,0,3,4,0,2,3,,N,,,,,,,,,,,
2006053886,1840.0,1,0,0,0,0,0,0,0,0,8,0,,67,3,2006,7,40.0626,-75.1708,1831.0,6,0,0,1,0,0,0,0,0,,0,0,0,18,3,1,1,,0.0,40 03:45.000,,0,75 10:14.653,3,0,0,0,67301,1,0,0,N,1,0,0,2,67301,0,,1,1,,N,N,,0,,1,0,0,9,2,,1830,1,2,0,0,0,0,0,3,4,0,1,3,,N,,,,,,,,,,,
2006036267,2107.0,0,0,0,0,0,0,0,0,0,4,0,,67,2,2006,3,40.0595,-75.0805,2106.0,6,0,0,0,0,0,0,0,0,2.0,0,0,0,21,3,2,1,,1.0,40 03:34.000,3.0,0,75 04:49.845,3,0,0,0,67301,0,0,0,Y,0,0,0,3,67301,1,,1,1,,N,N,,2,,1,0,0,3,2,Y,2105,2,2,0,0,0,0,1,3,4,0,2,3,,N,,,,,,,,,,,
2006033311,1410.0,0,0,0,0,0,0,0,0,0,2,0,,67,1,2006,3,39.9746,-75.1835,1405.0,6,0,0,0,0,0,1,0,0,1.0,0,0,0,14,1,1,2,,1.0,39 58:28.000,4.0,0,75 11:00.515,4,0,0,0,67301,0,0,0,N,0,0,0,2,67301,1,,1,1,,N,N,,0,,0,0,1,3,2,Y,1405,1,2,0,0,0,0,0,3,4,1,2,3,,N,,,,,,,,,,,
2006033340,1030.0,1,0,0,0,0,0,0,0,0,4,0,,67,1,2006,7,39.958,-75.2212,1027.0,6,0,0,0,0,0,1,0,0,2.0,0,0,0,10,1,4,1,,2.0,39 57:28.000,7.0,0,75 13:16.484,8,0,0,0,67301,0,0,0,N,0,0,0,8,67301,0,,1,1,,N,N,,0,,0,0,0,3,2,Y,1025,4,2,0,0,0,4,0,3,4,1,2,3,,N,,,,,,,,,,,
2006032978,1400.0,1,0,0,0,0,0,0,0,0,6,0,,67,2,2006,6,39.8984,-75.2384,9999.0,6,0,0,0,1,0,0,1,0,,0,1,0,13,1,1,1,,0.0,39 53:40.000,,0,75 14:11.740,8,0,0,0,67301,0,0,0,,0,0,0,3,67301,0,,2,1,,N,N,,0,,0,0,0,9,2,,1340,1,2,0,0,3,1,0,3,4,0,2,3,,N,,,,,,,,,,,
2006033085,2130.0,1,0,0,0,0,0,0,0,0,8,0,,67,2,2006,6,,,2130.0,6,0,0,0,0,0,0,0,0,,0,0,0,21,3,1,1,,0.0,,,0,,4,0,0,0,67301,1,0,0,N,1,0,0,2,67301,1,,1,98,,N,N,,0,,0,0,0,3,3,,2110,1,2,0,0,0,0,0,3,3,0,1,3,,N,,,,,,,,,,,
2006032845,1809.0,2,0,0,0,0,0,0,0,0,6,0,,67,2,2006,7,,,1805.0,6,0,0,0,0,0,0,0,0,,0,0,0,18,3,2,2,,0.0,,,0,,4,0,0,0,67301,0,0,0,N,0,0,0,3,67301,2,,1,9,,N,N,,0,,0,0,0,9,3,,1800,2,2,0,0,2,0,1,3,3,0,2,7,,N,,,,,,,,,,,
2006025170,9999.0,1,0,0,0,0,0,0,0,0,8,0,,67,1,2006,3,,,9999.0,6,0,0,0,0,0,0,0,0,,0,0,0,20,3,1,0,,0.0,,,0,,4,0,0,0,67301,1,0,0,N,1,0,0,2,67501,1,,1,1,,N,N,,0,,0,0,0,0,0,,2058,1,2,0,0,0,0,0,3,3,0,1,3,,N,,,,,,,,,,,
2006053543,1616.0,3,0,0,0,0,0,0,0,0,5,0,,67,3,2006,6,40.0541,-75.049,1606.0,6,0,1,0,0,0,3,0,0,2.0,0,0,0,99,1,2,1,,1.0,40 03:14.000,1.0,0,75 02:56.299,8,0,0,0,67301,0,0,0,N,0,0,0,15,67301,0,,1,1,,N,N,,0,,0,0,1,3,2,N,9999,2,5,0,0,0,2,0,3,4,1,5,3,,N,,,,,,,,,,,
2006020141,704.0,1,0,0,0,0,0,0,0,0,7,0,,67,1,2006,4,40.1025,-75.0504,650.0,6,0,0,0,0,0,1,0,0,1.0,0,0,0,6,5,0,0,,1.0,40 06:08.000,3.0,0,75 03:01.425,0,0,0,0,67301,0,0,0,N,0,0,0,1,67301,0,,5,2,,N,N,,0,,0,0,0,0,0,N,645,0,1,0,0,0,0,0,3,4,0,1,3,,N,,,,,,,,,,,
2006062683,2205.0,2,0,0,0,0,0,0,0,0,4,0,,67,5,2006,7,40.0446,-75.1931,2203.0,6,0,0,0,0,0,0,0,0,,0,0,0,21,3,1,1,,0.0,40 02:40.000,,0,75 11:35.275,4,0,0,0,67301,0,0,0,N,0,0,0,3,67301,1,,1,1,,N,N,,0,,0,0,0,9,2,,2158,1,2,0,0,3,0,0,3,4,0,2,3,,N,,,,,,,,,,,
2006065338,2130.0,1,0,0,0,0,0,0,0,0,7,0,,67,5,2006,4,39.9671,-75.1332,2120.0,6,0,0,0,0,0,0,0,0,1.0,0,0,0,21,3,1,0,,1.0,39 58:01.000,1.0,0,75 07:57.308,3,0,0,0,67301,0,0,0,N,0,0,0,1,67301,0,,2,1,,N,N,,0,,1,0,0,0,0,Y,2115,1,1,0,0,1,0,0,3,4,0,1,3,,N,,,,,,,,,,,
2006065433,1804.0,1,0,0,0,0,0,0,0,0,8,0,,67,6,2006,6,40.0507,-75.0101,1755.0,6,0,0,0,0,0,1,0,0,,0,0,0,13,1,1,0,,0.0,40 03:02.000,,0,75 00:36.043,8,0,0,0,67301,1,0,0,N,1,0,0,2,67301,0,,6,1,,N,N,,0,,0,0,0,0,0,,1300,1,2,0,0,0,1,0,3,4,0,1,3,,N,,,,,,,,,,,
2006065447,849.0,1,0,0,0,0,0,0,0,0,4,0,,67,5,2006,6,,,847.0,6,0,0,0,0,0,0,0,0,,0,0,0,8,1,1,1,,0.0,,,0,,4,0,0,0,67301,0,0,0,,0,0,0,2,67301,1,,1,1,,,,,0,,0,0,0,3,2,,845,1,2,0,0,0,0,0,3,3,0,2,3,,N,,,,,,,,,,,
2006065459,1357.0,1,0,0,0,0,0,0,0,0,7,0,,67,4,2006,1,40.0369,-75.1873,1357.0,6,0,0,0,0,0,0,0,0,,0,0,0,13,1,1,0,,0.0,40 02:12.000,,0,75 11:14.374,8,0,0,0,67301,0,0,0,N,0,0,0,1,67301,0,,2,1,,N,N,,0,,0,0,0,0,0,,1357,1,1,0,0,1,1,0,3,4,0,1,3,,N,,,,,,,,,,,
2006065376,9999.0,1,0,0,0,0,0,0,0,0,8,0,,67,5,2006,6,39.9161,-75.239,1224.0,6,0,0,0,0,0,0,0,0,,0,0,0,99,1,1,1,,0.0,39 54:58.320,,0,75 14:20.040,4,0,0,0,67301,1,0,0,N,1,0,0,2,67301,1,,1,1,,N,N,,0,,0,0,0,3,2,,9999,1,2,0,0,0,0,0,3,4,0,1,3,,N,,,,,,,,,,,
2006065390,2029.0,1,0,0,0,0,0,0,0,0,1,0,,67,5,2006,4,40.1235,-75.0263,2025.0,6,0,0,0,0,0,1,0,0,,0,0,0,20,3,1,1,,0.0,40 07:24.751,,0,75 01:34.708,8,0,0,1,67301,0,0,0,N,0,0,0,3,67301,0,,1,1,,N,N,,0,,0,0,0,3,3,,2022,1,2,0,0,0,1,0,3,4,0,2,3,,N,,,,,,,,,,,
2006065577,148.0,3,0,0,0,0,0,0,0,0,5,0,,67,5,2006,7,,,148.0,6,0,0,0,0,0,0,0,0,,0,0,0,0,3,0,0,,0.0,,,0,,0,0,0,0,67301,0,0,0,N,0,0,0,1,67301,0,,6,1,,N,N,,0,,0,0,0,3,3,,45,0,3,0,0,0,0,0,3,3,0,3,3,,N,,,,,,,,,,,
2006055341,1720.0,4,0,0,0,0,0,0,0,0,4,0,,67,4,2006,5,,,1715.0,6,0,0,0,0,0,0,0,0,,0,0,0,16,1,0,0,,0.0,,,0,,0,0,0,0,67301,0,0,0,,0,0,0,2,67301,0,,2,1,,,,,0,,0,0,0,0,0,,1650,0,4,0,0,0,0,0,3,3,0,4,3,,N,,,,,,,,,,,
2006081468,700.0,1,0,0,0,0,0,0,0,0,7,0,,67,7,2006,3,40.1044,-75.0518,654.0,6,0,0,0,0,1,0,0,0,,0,0,0,6,1,1,1,,0.0,40 06:15.000,,0,75 03:06.806,4,0,0,0,67301,0,0,0,N,0,0,0,1,67301,1,,4,1,,N,N,,0,,0,0,0,3,2,,640,1,1,0,0,1,0,0,3,4,0,1,3,,N,,,,,,,,,,,
2006081583,730.0,3,0,0,0,0,0,0,0,0,4,0,,67,5,2006,3,40.057,-75.0884,727.0,6,0,0,0,0,0,1,0,0,,0,0,0,6,1,5,1,,0.0,40 03:25.000,,0,75 05:18.055,4,0,0,0,67301,0,0,0,N,0,0,0,5,67301,5,,1,9,,N,N,,0,,0,0,0,3,2,,650,5,3,0,0,0,0,0,3,4,0,3,7,,N,,,,,,,,,,,
2006081592,1241.0,2,0,0,0,0,0,0,0,0,2,0,,67,7,2006,2,40.0169,-75.1516,1240.0,6,0,0,0,0,0,1,0,0,2.0,0,0,0,12,1,4,0,,1.0,40 01:01.000,3.0,0,75 09:06.041,4,0,0,0,67301,0,0,0,N,0,0,0,5,67301,4,,1,1,,N,N,,0,,0,0,1,0,0,Y,1238,4,3,0,0,0,0,0,3,4,0,3,3,,N,,,,,,,,,,,
2006081620,933.0,1,0,0,0,0,0,0,0,0,2,0,,67,6,2006,1,40.0283,-75.1201,931.0,6,0,0,0,0,0,0,1,0,,0,0,0,99,1,3,1,,0.0,40 01:41.000,,0,75 07:12.416,8,0,0,0,67301,0,0,0,N,0,0,0,3,67301,0,,1,1,,N,N,,0,,0,0,1,3,2,,9999,3,2,0,0,0,3,0,3,4,0,2,3,,N,,,,,,,,,,,
2006081658,1225.0,4,0,0,0,0,0,0,0,0,5,0,,67,6,2006,1,40.0264,-75.2106,1225.0,6,0,0,0,0,0,0,0,0,3.0,0,0,0,12,1,0,0,,1.0,40 01:34.932,3.0,0,75 12:38.260,0,0,0,0,67301,0,0,0,N,0,0,0,1,67301,0,,6,1,,N,N,,0,,0,0,0,0,0,N,1225,0,5,0,0,0,0,0,3,4,1,5,3,,N,,,,,,,,,,,
2006113310,2104.0,0,0,0,1,0,0,0,0,0,8,0,,67,10,2006,6,39.9497,-75.2331,2100.0,6,0,0,0,0,0,0,0,0,,0,0,0,20,3,1,1,,0.0,39 56:58.916,,0,75 13:59.286,4,0,0,0,67301,1,0,0,N,0,0,0,2,67301,1,,1,1,,N,N,,0,,0,0,1,3,3,,2055,1,2,0,0,0,0,0,3,4,0,1,3,,N,,,,,,,,,,,
2006113351,1542.0,2,0,0,0,0,0,0,0,0,4,0,,67,9,2006,4,39.9616,-75.175,1540.0,6,0,0,0,0,0,2,0,0,,0,0,0,99,1,1,5,,0.0,39 57:41.736,,0,75 10:30.090,4,0,0,0,67301,0,0,0,N,0,0,0,2,67301,1,,1,1,,N,N,,0,,0,0,0,3,2,,9999,1,2,0,0,0,0,0,3,4,0,2,3,,N,,,,,,,,,,,
2006113366,1756.0,0,0,0,0,0,0,0,0,0,4,0,,67,10,2006,1,39.9634,-75.1974,1755.0,6,0,0,0,0,0,1,0,0,,0,0,0,17,1,2,2,,0.0,39 57:48.280,,0,75 11:50.607,8,0,0,0,67301,0,0,0,N,0,0,0,4,67301,0,,1,1,,N,N,,0,,0,0,1,3,3,,1755,2,2,0,0,0,2,0,3,4,1,2,3,,N,,,,,,,,,,,
2006105793,1913.0,1,0,0,0,0,0,0,0,0,7,0,,67,8,2006,4,40.0013,-75.0791,1907.0,6,0,0,0,0,0,0,0,0,1.0,0,0,0,19,1,0,0,,1.0,40 00:04.850,2.0,0,75 04:44.624,9,0,0,0,67301,0,0,0,N,0,0,0,3,67301,0,,4,1,,N,N,,0,,0,0,0,0,0,Y,1905,0,1,0,0,0,0,3,3,4,0,1,3,,N,,,,,,,,,,,
2006113398,1612.0,1,0,0,0,0,0,0,0,0,5,1,,67,10,2006,6,39.9212,-75.1935,1610.0,6,0,0,0,0,0,1,0,0,,0,1,0,16,1,2,0,,0.0,39 55:16.000,,0,75 11:36.088,4,0,0,0,67301,0,0,0,N,0,0,0,3,67301,1,,1,1,,N,N,,0,,0,0,0,0,0,,1609,2,2,0,0,0,1,0,3,4,0,2,3,,N,,,,,,,,,,,
2006113424,440.0,1,0,0,0,0,0,0,0,0,0,0,,67,10,2006,7,40.0179,-75.1592,428.0,6,0,0,0,0,0,0,0,0,,0,0,0,4,3,1,0,,0.0,40 01:04.000,,0,75 09:33.147,8,0,0,0,67301,0,0,0,N,0,0,0,1,67301,0,,5,1,,N,N,,0,,0,0,0,0,0,,415,1,1,0,0,0,1,0,3,4,0,1,3,,N,,,,,,,,,,,
2006116058,25.0,1,0,1,0,0,0,0,0,0,6,0,,67,10,2006,4,40.0115,-75.1822,15.0,6,0,0,0,0,0,0,0,0,1.0,0,0,0,0,3,2,0,,2.0,40 00:42.062,1.0,0,75 10:56.014,2,0,0,0,67301,0,0,0,N,0,0,0,2,67301,1,,1,1,,N,N,,0,,0,1,1,0,0,N,15,2,2,0,0,0,0,0,3,4,0,2,3,,N,,,,,,,,,,,
2006116071,835.0,2,0,0,0,0,0,0,0,0,2,0,,67,10,2006,1,40.0245,-75.1478,830.0,6,0,0,0,0,0,0,0,0,,0,0,0,8,1,1,1,,0.0,40 01:28.000,,0,75 08:52.530,4,0,0,0,67301,0,0,0,N,0,0,0,4,67301,1,,1,9,,N,N,,0,,0,0,1,3,2,,825,1,3,0,0,0,0,1,3,4,0,3,7,,N,,,,,,,,,,,
2006124201,1337.0,1,0,0,0,0,0,0,0,0,8,0,,67,10,2006,6,,,1327.0,6,0,0,0,0,0,0,0,0,,0,0,0,22,3,1,1,,0.0,,,0,,3,0,0,0,67301,1,0,0,N,1,0,0,2,67301,0,,1,9,,N,N,,0,,1,0,0,3,3,,2200,1,2,0,0,0,0,0,3,3,0,1,7,,N,,,,,,,,,,,
2006054231,1825.0,2,0,0,0,0,0,0,0,0,1,0,,67,4,2006,1,39.9723,-75.1225,1817.0,6,0,0,0,1,0,1,0,0,1.0,0,0,0,18,1,0,0,,2.0,39 58:19.920,2.0,0,75 07:21.360,0,0,0,0,67301,0,0,0,N,0,0,0,13,67301,0,,1,1,,N,N,,0,,0,0,1,0,0,N,1817,0,4,0,0,0,0,0,3,4,1,4,3,,N,,,,,,,,,,,
2006035758,1849.0,1,0,0,0,0,0,0,0,0,1,0,,67,2,2006,6,40.0392,-75.11,1848.0,6,0,0,1,0,0,0,0,0,,0,0,0,99,2,1,2,,0.0,40 02:20.000,,0,75 06:36.378,8,0,0,0,67301,0,0,0,N,0,0,0,2,67301,0,,1,9,,N,N,,0,,0,0,1,9,2,,9999,1,2,0,0,0,1,0,3,4,0,2,3,,N,,,,,,,,,,,
2006035765,235.0,2,0,0,0,0,0,0,0,0,7,0,,67,2,2006,7,40.0157,-75.1766,231.0,6,0,0,0,1,0,0,0,0,1.0,0,0,0,2,3,0,0,,2.0,40 00:56.000,2.0,0,75 10:36.038,0,0,0,0,67301,0,0,0,N,0,0,0,2,67301,0,,2,1,,N,N,,0,,0,0,0,0,0,N,230,0,2,0,0,0,0,0,3,4,0,2,3,,N,,,,,,,,,,,
2006035805,1955.0,1,0,0,0,0,0,0,0,0,7,0,,67,2,2006,6,,,1952.0,6,0,0,0,0,0,0,0,0,,0,0,0,99,3,1,3,,0.0,,,0,,8,0,0,0,67301,0,0,0,,0,0,0,1,67301,0,,4,1,,N,N,,0,,0,0,0,0,0,,9999,1,1,0,0,1,1,0,3,3,0,1,3,,N,,,,,,,,,,,
2006059162,1013.0,1,0,0,0,0,0,0,0,0,4,0,,67,5,2006,6,40.0571,-75.129,1013.0,6,0,0,0,0,0,1,0,0,1.0,0,0,0,10,1,2,1,,1.0,40 03:25.000,4.0,0,75 07:44.035,8,0,0,0,67301,0,0,0,N,0,0,0,2,46102,0,,1,1,,N,N,,0,,0,0,0,3,2,N,1013,2,2,0,0,0,2,0,3,4,1,2,3,,N,,,,,,,,,,,
2006054087,1851.0,2,0,0,0,0,0,0,0,0,5,0,,67,5,2006,3,39.9871,-75.1812,1845.0,6,0,0,0,0,0,0,0,0,,0,0,0,18,1,1,0,,0.0,39 59:13.560,,0,75 10:52.320,4,0,0,0,67301,0,0,0,N,0,0,0,1,67301,1,,1,1,,N,N,,0,,0,0,0,0,0,,1845,1,2,0,0,0,0,0,3,4,0,2,3,,N,,,,,,,,,,,
2006037217,108.0,1,0,0,0,0,0,0,0,0,7,0,,67,2,2006,6,39.9576,-75.1486,59.0,6,0,0,0,0,0,0,1,0,1.0,0,0,0,0,3,1,10,,2.0,39 57:27.360,3.0,0,75 08:54.960,4,0,0,0,67301,0,0,0,N,0,0,0,1,67301,1,,2,1,,N,N,,0,,0,0,0,0,0,N,55,1,1,0,0,0,0,0,3,4,0,1,3,,N,,,,,,,,,,,
2006037116,1055.0,2,0,0,0,0,0,0,0,0,1,0,,67,3,2006,6,40.0252,-75.1252,1050.0,6,0,0,0,0,0,0,0,0,,0,0,0,10,1,1,0,,0.0,40 01:30.000,,0,75 07:31.289,4,0,0,0,67301,0,0,0,,0,0,0,2,67301,1,,1,1,,N,N,,0,,0,0,0,0,0,,1050,1,2,0,0,1,0,0,3,4,0,2,3,,N,,,,,,,,,,,
2006034881,355.0,0,0,0,0,0,0,0,0,0,7,0,,67,2,2006,6,,,345.0,6,0,0,0,0,0,0,0,0,,0,0,0,3,3,1,0,,0.0,,,0,,4,0,0,0,67301,0,0,0,,0,0,0,1,67301,1,,5,9,,N,N,,0,,0,0,1,3,3,,344,1,1,0,0,0,0,0,3,3,0,1,7,,N,,,,,,,,,,,
2006079468,1812.0,1,0,0,0,0,0,0,0,0,8,0,,67,6,2006,2,39.9683,-75.2044,1810.0,6,0,0,0,0,0,0,0,0,,0,0,0,18,1,1,2,,0.0,39 58:05.980,,0,75 12:15.721,8,0,0,0,67301,1,0,0,N,1,0,0,2,67601,0,,9,9,,N,N,,0,,0,0,0,3,3,,1808,1,2,0,0,0,1,0,3,4,0,1,7,,N,,,,,,,,,,,
2006081935,1710.0,2,0,0,0,0,0,0,0,0,1,0,,67,7,2006,5,40.0107,-75.1022,1705.0,6,0,0,0,0,0,2,0,0,,0,0,0,17,1,1,0,,0.0,40 00:38.685,,0,75 06:07.761,4,0,0,0,67301,0,0,0,N,0,0,0,2,67301,1,,1,1,,N,N,,0,,0,0,0,3,2,,1700,1,2,0,0,0,0,0,3,4,0,2,3,,N,,,,,,,,,,,
2006084529,2138.0,1,0,0,0,0,0,0,0,0,0,0,,67,7,2006,1,,,2137.0,6,0,0,0,0,0,0,0,0,,0,0,0,21,3,0,0,,0.0,,,5,,0,0,0,0,67301,0,0,0,N,0,0,0,5,67501,0,,5,1,,N,N,,0,,0,0,0,3,8,,2135,0,1,0,0,0,0,0,3,3,0,1,3,,N,,,,,,,,,,,
2006053710,1156.0,0,0,0,0,0,0,0,0,0,8,0,,67,4,2006,3,39.939,-75.1664,1154.0,6,0,0,0,0,0,0,0,0,,0,0,0,11,1,1,1,,0.0,39 56:20.518,,0,75 09:59.207,4,0,0,0,67301,1,0,0,N,1,0,0,2,67301,1,,1,1,,N,N,,0,,0,0,0,3,2,,1154,1,2,0,0,0,0,0,3,4,1,1,3,,N,,,,,,,,,,,
2006055917,1757.0,0,0,0,0,0,0,0,0,0,6,0,,67,4,2006,2,40.0332,-75.0378,1756.0,6,0,0,0,0,0,1,0,0,,0,0,0,17,1,0,1,,0.0,40 01:59.000,,0,75 02:16.250,0,0,0,0,67301,0,0,0,N,0,0,0,3,67301,0,,1,9,,N,N,,0,,0,0,0,3,2,,1745,0,2,0,0,0,0,0,3,4,2,2,7,,N,,,,,,,,,,,
2006055921,1020.0,2,0,0,0,0,0,0,0,0,1,0,,67,3,2006,5,40.0306,-75.1466,1015.0,6,0,0,0,0,0,0,1,0,,0,0,0,10,1,0,1,,0.0,40 01:50.000,,0,75 08:47.968,0,0,0,0,67301,0,0,0,N,0,0,0,2,67301,0,,1,1,,N,N,,0,,0,0,0,3,2,,1015,0,2,0,0,0,0,0,3,4,0,2,3,,N,,,,,,,,,,,
2006019765,2337.0,0,0,0,0,0,0,0,0,0,8,0,,67,1,2006,2,40.0322,-75.0918,2332.0,6,0,0,0,0,0,0,0,0,,0,0,0,18,3,1,1,,0.0,40 01:55.826,,0,75 05:30.584,4,0,0,0,67301,1,0,0,N,1,0,0,2,67301,1,,1,1,,N,N,,0,,0,0,1,3,2,,1800,1,2,0,0,0,0,0,3,4,0,1,3,,N,,,,,,,,,,,
2006019771,1546.0,2,0,0,0,0,0,0,0,0,4,0,,67,1,2006,2,,,1545.0,6,0,0,0,0,0,0,0,1,,0,0,0,13,1,1,1,,0.0,,,0,,4,0,0,0,67301,0,0,0,N,0,0,0,2,67301,1,,1,9,,N,N,,0,,0,0,0,3,2,,1342,1,2,0,0,0,0,0,3,3,0,2,7,,N,,,,,,,,,,,
2006055827,1305.0,1,0,0,0,0,0,0,0,0,6,0,,67,2,2006,3,40.0595,-75.1655,1257.0,6,0,0,0,0,0,1,0,0,,0,0,0,12,1,1,1,,0.0,40 03:34.200,,0,75 09:55.440,4,0,0,0,67301,0,0,0,N,0,0,0,2,67301,1,,1,1,,N,N,,1,,0,0,0,3,2,,1257,1,2,0,0,0,0,0,3,4,0,2,3,,N,,,,,,,,,,,
2006092444,1900.0,2,0,0,0,0,0,0,0,0,6,0,,67,8,2006,6,,,1857.0,6,0,0,0,1,0,1,0,0,,0,0,0,99,3,0,1,,0.0,,,0,,0,0,0,0,67301,0,0,0,N,0,0,0,4,67301,0,,4,1,,N,N,,0,,0,0,0,3,2,,9999,0,2,0,0,0,0,0,3,3,0,2,3,,N,,,,,,,,,,,
2006094972,1859.0,1,0,0,0,0,0,0,0,0,7,0,,67,7,2006,7,39.9629,-75.1646,1855.0,6,0,0,0,0,1,0,0,0,,0,0,0,18,1,2,1,,0.0,39 57:46.000,,0,75 09:52.601,4,0,0,0,67301,0,0,0,N,0,0,0,2,67301,2,,5,9,,N,N,,0,,0,0,0,3,2,,1845,2,1,0,0,0,0,0,3,4,0,1,7,,N,,,,,,,,,,,
2006056045,1651.0,2,0,0,0,0,0,0,0,0,1,0,,67,3,2006,6,,,1651.0,6,0,0,0,1,0,0,1,0,,0,0,0,15,1,0,0,,0.0,,,0,,0,0,0,0,67301,0,0,0,N,0,0,0,2,67301,0,,1,1,,N,N,,0,,0,0,0,3,2,,1540,0,2,0,0,0,0,0,3,3,0,2,3,,N,,,,,,,,,,,
2006056265,811.0,1,0,0,0,0,0,0,0,0,1,0,,67,4,2006,6,39.9513,-75.1993,807.0,6,0,0,0,0,0,1,0,0,,0,0,0,6,1,1,1,,0.0,39 57:04.640,,0,75 11:57.352,2,0,1,1,67301,0,0,0,N,0,0,0,2,67301,0,,1,1,,,,,0,,0,1,0,9,2,,652,1,2,0,0,0,0,1,3,4,0,2,98,,N,,,,,,,,,,,
2006056269,1305.0,2,0,0,0,0,0,0,0,0,1,0,,67,3,2006,2,39.9885,-75.1063,1256.0,6,0,0,0,0,0,0,2,0,,0,0,0,12,1,1,1,,0.0,39 59:18.000,,0,75 06:22.665,4,0,0,0,67301,0,0,0,N,0,0,0,4,67301,1,,1,1,,N,N,,1,,0,0,0,3,2,,1200,1,3,0,0,0,0,1,3,4,0,3,3,,N,,,,,,,,,,,