CRN,ARRIVAL_TM,AUTOMOBILE_COUNT,BELTED_DEATH_COUNT,BELTED_SUSP_SERIOUS_INJ_COUNT,BICYCLE_COUNT,BICYCLE_DEATH_COUNT,BICYCLE_SUSP_SERIOUS_INJ_COUNT,BUS_COUNT,CHLDPAS_DEATH_COUNT,CHLDPAS_SUSP_SERIOUS_INJ_COUNT,COLLISION_TYPE,COMM_VEH_COUNT,CONS_ZONE_SPD_LIM,COUNTY,CRASH_MONTH,CRASH_YEAR,DAY_OF_WEEK,DEC_LAT,DEC_LONG,DISPATCH_TM,DISTRICT,DRIVER_COUNT_16YR,DRIVER_COUNT_17YR,DRIVER_COUNT_18YR,DRIVER_COUNT_19YR,DRIVER_COUNT_20YR,DRIVER_COUNT_50_64YR,DRIVER_COUNT_65_74YR,DRIVER_COUNT_75PLUS,EST_HRS_CLOSED,FATAL_COUNT,HEAVY_TRUCK_COUNT,HORSE_BUGGY_COUNT,HOUR_OF_DAY,ILLUMINATION,INJURY_COUNT,INTERSECT_TYPE,INTERSECTION_RELATED,LANE_CLOSED,LATITUDE,LN_CLOSE_DIR,LOCATION_TYPE,LONGITUDE,MAX_SEVERITY_LEVEL,MCYCLE_DEATH_COUNT,MCYCLE_SUSP_SERIOUS_INJ_COUNT,MOTORCYCLE_COUNT,MUNICIPALITY,NONMOTR_COUNT,NONMOTR_DEATH_COUNT,NONMOTR_SUSP_SERIOUS_INJ_COUNT,NTFY_HIWY_MAINT,PED_COUNT,PED_DEATH_COUNT,PED_SUSP_SERIOUS_INJ_COUNT,PERSON_COUNT,POLICE_AGCY,POSSIBLE_INJ_COUNT,RDWY_SURF_TYPE_CD,RELATION_TO_ROAD,ROAD_CONDITION,ROADWAY_CLEARED,SCH_BUS_IND,SCH_ZONE_IND,SECONDARY_CRASH,SMALL_TRUCK_COUNT,SPEC_JURIS_CD,SUSP_MINOR_INJ_COUNT,SUSP_SERIOUS_INJ_COUNT,SUV_COUNT,TCD_FUNC_CD,TCD_TYPE,TFC_DETOUR_IND,TIME_OF_DAY,TOT_INJ_COUNT,TOTAL_UNITS,UNB_DEATH_COUNT,UNB_SUSP_SERIOUS_INJ_COUNT,UNBELTED_OCC_COUNT,UNK_INJ_DEG_COUNT,UNK_INJ_PER_COUNT,URBAN_AREA,URBAN_RURAL,VAN_COUNT,VEHICLE_COUNT,WEATHER1,WEATHER2,WORK_ZONE_IND,WORK_ZONE_LOC,WORK_ZONE_TYPE,WORKERS_PRES,WZ_CLOSE_DETOUR,WZ_FLAGGER,WZ_LAW_OFFCR_IND,WZ_LN_CLOSURE,WZ_MOVING,WZ_OTHER,WZ_SHLDER_MDN,WZ_WORKERS_INJ_KILLED
2006095218,1645.0,1,0,0,0,0,0,0,0,0,8,0,,67,7,2006,5,,,1645.0,6,0,0,0,0,0,0,0,0,,0,0,0,16,1,1,1,,0.0,,,0,,8,0,0,0,67301,1,0,0,N,1,0,0,2,67301,0,,1,1,,N,N,,0,,0,0,0,3,2,,1640,1,2,0,0,0,1,0,3,3,0,1,3,,N,,,,,,,,,,,
2006056136,1010.0,2,0,0,0,0,0,0,0,0,2,0,,67,4,2006,6,40.0228,-75.0702,1008.0,6,0,0,0,0,0,0,0,0,,0,0,0,99,1,2,2,,0.0,40 01:21.921,,0,75 04:12.734,4,0,0,0,67301,0,0,0,N,0,0,0,3,67301,2,,1,9,,N,N,,1,,0,0,0,0,0,,9999,2,3,0,0,0,0,0,3,4,0,3,7,,N,,,,,,,,,,,
2006092766,2150.0,5,0,0,0,0,0,0,0,0,4,0,,67,8,2006,6,40.0541,-75.049,2140.0,6,0,1,1,0,1,0,0,0,,0,0,0,21,3,1,1,,0.0,40 03:15.000,,0,75 02:57.958,8,0,0,0,67301,0,0,0,,0,0,0,6,67301,0,,1,1,,,,,0,,0,0,0,3,2,,2129,1,5,0,0,0,1,0,3,4,0,5,3,,N,,,,,,,,,,,
2006053953,741.0,1,0,0,0,0,0,0,0,0,7,0,,67,4,2006,4,40.0482,-75.0261,730.0,6,0,0,0,1,0,0,0,0,,0,0,0,7,1,1,5,,0.0,40 02:53.422,,8,75 01:33.866,3,0,0,0,67301,0,0,0,N,0,0,0,1,67301,0,,4,1,,N,N,,0,,1,0,0,0,0,,718,1,1,0,0,0,0,0,3,4,0,1,3,,N,,,,,,,,,,,
2006053987,100.0,1,0,0,0,0,0,0,0,0,8,0,,67,4,2006,1,40.0936,-74.98,1256.0,6,0,0,0,0,0,0,1,0,,0,0,0,12,1,2,0,,0.0,40 05:36.960,,1,74 58:47.280,3,0,0,0,67301,2,0,0,,2,0,0,3,67301,0,,1,9,,N,N,,0,,2,0,0,3,2,,1253,2,3,0,0,0,0,0,3,4,0,1,7,,N,,,,,,,,,,,
2006092924,1230.0,2,0,0,0,0,0,0,0,0,7,0,,67,8,2006,3,,,1221.0,6,0,0,0,0,0,0,1,0,,0,0,0,12,1,2,0,,0.0,,,0,,4,0,0,0,67301,0,0,0,N,0,0,0,2,67301,1,,2,1,,N,N,,1,,0,0,0,0,0,,1213,2,3,0,0,0,1,0,3,3,0,3,3,,N,,,,,,,,,,,
2006124206,1637.0,1,0,0,0,0,0,0,0,0,8,0,,67,10,2006,4,40.0372,-75.1237,1635.0,6,0,0,0,0,0,0,0,0,,0,0,0,16,1,1,1,,0.0,40 02:13.851,,0,75 07:25.305,8,0,0,0,67301,1,0,0,N,1,0,0,2,67301,0,,1,9,,N,N,,0,,0,0,0,3,2,,1625,1,2,0,0,0,1,0,3,4,0,1,7,,N,,,,,,,,,,,
2006054210,510.0,2,0,0,0,0,0,0,0,0,6,0,,67,4,2006,7,40.0624,-75.1553,504.0,6,0,0,0,0,0,0,0,0,1.0,0,0,0,4,3,1,0,,1.0,40 03:44.543,7.0,0,75 09:19.101,8,0,0,0,67301,0,0,0,N,0,0,0,1,67301,0,,6,1,,N,N,,0,,0,0,0,0,0,N,452,1,2,0,0,0,1,0,3,4,0,2,3,,N,,,,,,,,,,,
2006054236,912.0,1,0,0,0,0,0,0,0,0,4,0,,67,4,2006,2,39.976,-75.1371,901.0,6,0,0,0,0,0,0,0,0,,0,0,0,9,1,1,2,,0.0,39 58:33.744,,0,75 08:13.401,3,0,0,0,67301,0,0,0,N,0,0,0,2,67301,0,,1,1,,N,N,,0,,1,0,0,3,3,,901,1,2,0,0,0,0,1,3,4,1,2,3,,N,,,,,,,,,,,
2006054043,1303.0,2,0,0,0,0,0,0,0,0,4,0,,67,4,2006,5,40.0868,-75.0361,1303.0,6,0,0,0,0,0,0,0,0,,0,0,0,12,1,1,0,,0.0,40 05:12.120,,0,75 02:09.960,4,0,0,0,67301,0,0,0,,0,0,0,2,67301,1,,1,1,,N,N,,0,,0,0,0,0,0,,1245,1,2,0,0,0,0,0,3,4,0,2,3,,N,,,,,,,,,,,
2006054097,1952.0,2,0,0,0,0,0,0,0,0,4,0,,67,5,2006,5,39.9717,-75.1817,1945.0,6,0,0,1,0,0,0,0,0,,0,0,0,19,1,1,1,,0.0,39 58:18.127,,0,75 10:54.134,8,0,0,0,67301,0,0,0,N,0,0,0,3,67301,0,,1,1,,N,N,,0,,0,0,0,3,3,,1928,1,2,0,0,0,1,0,3,4,0,2,3,,N,,,,,,,,,,,
2006054120,1245.0,0,0,0,0,0,0,0,0,0,8,0,,67,4,2006,2,39.9383,-75.2163,1240.0,6,0,0,0,0,0,1,0,0,,0,0,0,12,1,1,0,,0.0,39 56:17.718,,0,75 12:58.633,4,0,0,0,67301,1,0,0,N,1,0,0,2,67301,1,,1,1,,N,N,,0,,0,0,0,0,0,,1230,1,2,0,0,0,0,1,3,4,1,1,3,,N,,,,,,,,,,,
2006054064,112.0,0,0,0,0,0,0,0,0,0,7,0,,67,4,2006,7,39.899,-75.1677,108.0,6,0,0,0,0,0,0,0,0,1.0,0,0,0,1,3,1,0,,2.0,39 53:56.760,1.0,0,75 10:01.920,4,0,0,0,67301,0,0,0,N,0,0,0,1,67301,1,,2,1,,N,N,,0,,0,0,1,0,0,N,106,1,1,0,0,0,0,0,3,4,0,1,3,,N,,,,,,,,,,,
2006036869,742.0,2,0,0,0,0,0,0,0,0,1,0,,67,2,2006,1,39.9739,-75.194,739.0,6,0,0,0,0,0,0,0,0,,0,1,0,99,1,0,0,,0.0,39 58:30.000,,0,75 11:39.608,0,0,0,0,67301,0,0,0,,0,0,0,6,67301,0,,1,1,,N,N,,0,,0,0,0,0,0,,9999,0,3,0,0,0,0,0,3,4,0,3,3,,N,,,,,,,,,,,
2006032206,2333.0,3,0,0,0,0,0,0,0,0,4,0,,67,1,2006,2,39.9142,-75.2417,2330.0,6,0,0,0,0,0,1,0,0,2.0,0,0,0,22,3,2,1,,1.0,39 54:51.000,1.0,0,75 14:29.997,4,0,0,0,67301,0,0,0,N,0,0,0,4,67301,2,,1,9,,N,N,,0,,0,0,0,3,2,Y,2259,2,3,0,0,0,0,0,3,4,0,3,7,,N,,,,,,,,,,,
2006021255,928.0,2,0,0,0,0,0,0,0,0,1,0,,67,1,2006,5,40.1019,-75.0397,920.0,6,0,0,0,0,0,2,0,0,,0,0,0,9,1,2,1,,0.0,40 06:06.000,,0,75 02:23.005,8,0,0,0,67301,0,0,0,,0,0,0,2,67301,0,,1,1,,N,N,,0,,0,0,0,3,2,,920,2,2,0,0,0,2,0,3,4,0,2,3,,N,,,,,,,,,,,
2006021330,44.0,1,0,0,0,0,0,0,0,0,7,0,,67,1,2006,7,40.0182,-75.1653,44.0,6,0,0,0,0,0,0,0,0,,0,0,0,0,3,0,6,,0.0,40 01:05.000,,2,75 09:55.664,0,0,0,0,67301,0,0,0,,0,0,0,1,67301,0,,4,9,,N,N,,0,,0,0,0,0,0,,40,0,1,0,0,0,0,0,3,4,0,1,7,,N,,,,,,,,,,,
2006092422,2125.0,2,0,0,0,0,0,0,0,0,4,0,,67,8,2006,7,40.0567,-75.0469,120.0,6,0,0,0,0,1,0,0,0,,0,0,0,21,3,6,1,,0.0,40 03:24.480,,0,75 02:49.200,2,0,0,0,67301,0,0,0,N,0,0,0,6,67301,1,,1,1,,N,N,,0,,3,1,0,3,2,,2120,6,2,0,0,0,1,0,3,4,0,2,3,,N,,,,,,,,,,,
2006053873,215.0,3,0,0,0,0,0,0,0,0,5,0,,67,4,2006,7,40.0745,-75.1706,214.0,6,0,0,0,0,0,0,0,0,,0,0,0,2,3,0,0,,0.0,40 04:28.300,,0,75 10:14.275,0,0,0,0,67301,0,0,0,,0,0,0,1,67301,0,,6,1,,,,,0,,0,0,1,0,0,,200,0,4,0,0,0,0,0,3,4,0,4,3,,N,,,,,,,,,,,
2006020536,1042.0,0,0,0,0,0,0,0,0,0,1,0,,67,1,2006,6,40.0314,-75.1524,1039.0,6,0,0,0,0,0,1,0,0,,0,0,0,10,1,1,1,,0.0,40 01:52.935,,0,75 09:08.539,4,0,0,0,67301,0,0,0,N,0,0,0,3,67301,1,,1,1,,N,N,,0,,0,0,0,3,2,,1000,1,2,0,0,0,0,0,3,4,2,2,3,,N,,,,,,,,,,,
2006022084,1615.0,1,0,0,0,0,0,0,0,0,2,0,,67,1,2006,5,40.0227,-75.0525,1610.0,6,0,0,0,0,0,0,0,1,,0,0,0,14,1,1,0,,0.0,40 01:21.727,,0,75 03:09.129,8,0,0,0,67301,0,0,0,,0,0,0,1,67301,0,,6,1,,,,,1,,0,0,0,0,0,,1409,1,2,0,0,0,1,0,3,4,0,2,3,,N,,,,,,,,,,,
2006055911,1450.0,1,0,0,0,0,0,0,0,0,8,0,,67,3,2006,6,40.0381,-75.1438,1443.0,6,0,0,0,0,0,0,0,0,,0,0,0,14,1,1,0,,0.0,40 02:17.260,,0,75 08:37.503,4,0,0,0,67301,1,0,0,N,1,0,0,2,67301,1,,1,1,,N,N,,0,,0,0,0,0,0,,1441,1,2,0,0,0,0,1,3,4,0,1,3,,N,,,,,,,,,,,
2006092487,1425.0,4,0,0,0,0,0,0,0,0,4,0,,67,7,2006,3,,,1415.0,6,0,0,0,0,1,0,0,0,,0,0,0,14,1,3,1,,0.0,,,0,,4,0,0,0,67301,0,0,0,N,0,0,0,6,67301,3,,1,1,,N,N,,0,,0,0,0,3,2,,1405,3,4,0,0,0,0,0,3,3,0,4,3,,N,,,,,,,,,,,
2006056058,958.0,2,0,0,0,0,0,0,0,0,4,0,,67,3,2006,4,39.9968,-75.1637,920.0,6,0,0,0,1,0,0,0,1,,0,0,0,9,1,0,1,,0.0,39 59:48.375,,0,75 09:49.460,0,0,0,0,67301,0,0,0,N,0,0,0,2,67301,0,,1,9,,N,N,,0,,0,0,0,3,3,,919,0,3,0,0,0,0,0,3,4,1,3,10,,N,,,,,,,,,,,
2006095191,909.0,2,0,0,0,0,0,0,0,0,1,0,,67,8,2006,5,39.9602,-75.1911,908.0,6,0,0,0,0,1,0,0,0,,0,0,0,9,1,1,0,,0.0,39 57:36.586,,0,75 11:28.136,3,0,0,0,67301,0,0,0,N,0,0,0,2,67301,0,,1,1,,N,N,,0,,1,0,0,0,0,,906,1,2,0,0,0,0,0,3,4,0,2,3,,N,,,,,,,,,,,
2006092711,1400.0,2,0,0,0,0,0,0,0,0,5,0,,67,8,2006,6,,,1355.0,6,0,0,0,0,0,1,0,0,,0,0,0,99,1,1,1,,0.0,,,0,,4,0,0,0,67301,0,0,0,,0,0,0,3,67301,1,,1,1,,,,,0,,0,0,0,3,2,,9999,1,2,0,0,0,0,0,3,3,0,2,3,,N,,,,,,,,,,,
2006056144,1326.0,2,0,0,0,0,0,0,0,0,1,0,,67,3,2006,6,40.0293,-75.1051,1318.0,6,0,0,0,0,0,1,0,1,,0,0,0,12,1,2,5,,0.0,40 01:45.000,,0,75 06:19.257,4,0,0,0,67301,0,0,0,N,0,0,0,3,67301,2,,1,1,,N,N,,0,,0,0,0,3,2,,1255,2,2,0,0,0,0,0,3,4,0,2,3,,N,,,,,,,,,,,
2006056346,1725.0,0,0,0,0,0,0,0,0,0,5,0,,67,3,2006,5,39.973,-75.2185,1720.0,6,0,0,0,0,0,0,0,0,,0,1,0,16,1,2,2,,0.0,39 58:22.000,,0,75 13:06.893,4,0,0,0,67301,0,0,0,N,0,0,0,4,67301,2,,1,1,,N,N,,0,,0,0,0,0,0,,1631,2,2,0,0,0,0,1,3,4,0,2,3,,N,,,,,,,,,,,
2006056376,1916.0,0,0,0,0,0,0,0,0,0,7,0,,67,2,2006,6,40.0331,-75.231,1915.0,6,0,0,0,0,1,0,0,0,,0,0,0,19,3,1,0,,0.0,40 01:59.318,,0,75 13:51.679,3,0,0,0,67301,0,0,0,N,0,0,0,3,67301,0,,5,1,,N,N,,1,,1,0,0,0,0,,1914,1,1,0,0,1,0,0,3,4,0,1,3,,N,,,,,,,,,,,
2006056380,1728.0,1,0,0,0,0,0,0,0,0,8,0,,67,3,2006,5,39.9575,-75.1613,1723.0,6,0,0,0,0,0,0,0,0,,0,0,0,17,4,1,2,,0.0,39 57:26.000,,0,75 09:40.297,8,0,0,0,67301,1,0,0,N,1,0,0,2,67301,0,,1,9,,N,N,,0,,0,0,0,3,3,,1721,1,2,0,0,0,1,0,3,4,0,1,7,,N,,,,,,,,,,,
2006092783,1254.0,1,0,0,0,0,0,0,0,0,8,0,,67,8,2006,6,40.1025,-75.0287,1252.0,6,0,0,0,0,0,1,0,0,,0,0,0,12,1,1,5,,0.0,40 06:09.000,,0,75 01:43.850,8,0,0,0,67301,1,0,0,,1,0,0,3,67301,0,,1,1,,N,N,,0,,0,0,0,3,2,,1250,1,2,0,0,0,1,0,3,4,0,1,3,,N,,,,,,,,,,,
2006053965,1630.0,0,0,0,0,0,0,1,0,0,4,1,,67,2,2006,2,40.0606,-75.1776,1629.0,6,0,0,0,0,0,0,1,0,,0,0,0,16,1,1,5,,0.0,40 03:38.260,,0,75 10:39.323,4,0,0,0,67301,0,0,0,N,0,0,0,3,67301,1,,1,1,,N,N,,0,,0,0,1,9,3,,1627,1,2,0,0,0,0,0,3,4,0,2,3,,N,,,,,,,,,,,
2006053966,935.0,2,0,0,0,0,0,0,0,0,2,0,,67,3,2006,7,40.0689,-75.1818,932.0,6,0,0,0,0,0,1,0,0,,0,0,0,9,1,0,1,,0.0,40 04:08.000,,0,75 10:54.519,0,0,0,0,67301,0,0,0,,0,0,0,2,67301,0,,1,1,,,,,0,,0,0,0,3,2,,930,0,2,0,0,0,0,0,3,4,0,2,3,,N,,,,,,,,,,,
2006053880,1514.0,0,0,0,0,0,0,0,0,0,8,0,,67,4,2006,1,40.079,-75.174,1512.0,6,0,0,0,0,0,0,0,0,,0,0,0,15,1,2,1,,0.0,40 04:44.000,,0,75 10:26.728,4,0,0,0,67301,2,0,0,,2,0,0,3,67301,2,,1,1,,,,,0,,0,0,1,3,2,,1511,2,3,0,0,0,0,0,3,4,0,1,3,,N,,,,,,,,,,,
2006066969,1600.0,3,0,0,0,0,0,0,0,0,1,0,,67,6,2006,2,,,1600.0,6,0,0,0,0,0,0,0,0,,0,0,0,16,1,1,2,,0.0,,,0,,8,0,0,0,67301,0,0,0,N,0,0,0,4,67301,0,,1,1,,N,N,,0,,0,0,0,0,0,,1600,1,3,0,0,4,1,0,3,3,0,3,3,,N,,,,,,,,,,,
2006037987,1214.0,1,0,0,0,0,0,0,0,0,1,0,,67,3,2006,2,39.9832,-75.1325,1212.0,6,0,0,0,0,0,0,0,0,,0,0,0,99,1,1,1,,0.0,39 58:59.552,,0,75 07:57.021,4,0,0,0,67301,0,0,0,N,0,0,0,3,67301,1,,1,1,,N,N,,0,,0,0,1,3,3,,9999,1,2,0,0,0,0,1,3,4,0,2,3,,N,,,,,,,,,,,
2006033317,1138.0,1,0,0,0,0,0,0,0,0,2,0,,67,2,2006,6,,,1126.0,6,0,0,0,0,0,1,0,0,,0,0,0,11,1,1,1,,0.0,,,0,,8,0,0,0,67301,0,0,0,N,0,0,0,2,67301,0,,1,1,,N,N,,1,,0,0,0,3,3,,1125,1,2,0,0,0,1,0,3,3,0,2,3,,N,,,,,,,,,,,
2006032973,2146.0,2,0,0,0,0,0,0,0,0,1,0,,67,2,2006,2,40.0245,-75.1478,2140.0,6,0,0,0,0,0,0,0,0,,0,0,0,21,3,1,1,,0.0,40 01:28.000,,0,75 08:52.530,4,0,0,0,67301,0,0,0,,0,0,0,2,67301,1,,1,1,,N,N,,0,,0,0,0,3,2,,2135,1,2,0,0,0,0,0,3,4,0,2,3,,N,,,,,,,,,,,
2006032870,2312.0,2,0,0,0,0,0,0,0,0,4,0,,67,1,2006,6,40.0515,-75.1501,2310.0,6,0,0,1,0,0,0,0,0,,0,0,0,23,3,2,1,,0.0,40 03:05.000,,0,75 09:00.657,8,0,0,0,67301,0,0,0,N,0,0,0,2,67301,0,,1,1,,N,N,,0,,0,0,0,3,2,,2308,2,2,0,0,0,2,0,3,4,0,2,3,,N,,,,,,,,,,,
2006032942,1625.0,1,0,0,0,0,0,0,0,0,5,0,,67,2,2006,2,40.0111,-75.0606,1622.0,6,0,0,0,0,0,1,0,0,2.0,0,0,0,16,1,0,2,,1.0,40 00:39.000,2.0,0,75 03:38.470,0,0,0,0,67301,0,0,0,,0,0,0,4,67301,0,,1,1,,N,N,,0,,0,0,1,0,0,N,1620,0,2,0,0,0,0,0,3,4,0,2,3,,N,,,,,,,,,,,
2006019874,1740.0,3,0,0,0,0,0,0,0,0,1,0,,67,1,2006,1,40.0244,-75.0344,1735.0,6,0,0,0,0,0,0,0,0,1.0,0,0,0,17,3,0,1,,1.0,40 01:34.000,3.0,0,75 02:13.860,0,0,0,0,67301,0,0,0,N,0,0,0,2,67301,0,,1,1,,N,N,,1,,0,0,0,0,0,N,1725,0,4,0,0,0,0,0,3,4,0,4,3,,N,,,,,,,,,,,
2006019891,2125.0,2,0,0,0,0,0,0,0,0,4,0,,67,1,2006,2,39.9547,-75.2484,2121.0,6,0,0,0,0,0,1,0,0,,0,0,0,21,3,2,2,,0.0,39 57:16.000,,0,75 14:54.439,3,0,0,0,67301,0,0,0,,0,0,0,4,67301,1,,1,1,,N,N,,0,,1,0,0,0,0,,2120,2,2,0,0,2,0,0,3,4,0,2,3,,N,,,,,,,,,,,
2006025184,1553.0,0,0,0,0,0,0,0,0,0,0,0,,67,1,2006,2,,,1552.0,6,0,0,0,0,0,0,0,0,,0,0,0,15,1,0,0,,0.0,,,0,,0,0,0,0,67301,0,0,0,N,0,0,0,1,67501,0,,2,1,,N,N,,0,,0,0,0,0,0,,1553,0,1,0,0,1,0,0,3,3,1,1,3,,N,,,,,,,,,,,
2006022771,729.0,1,0,0,0,0,0,0,0,0,8,0,,67,1,2006,3,40.0384,-75.2399,717.0,6,0,0,0,0,0,0,0,0,2.0,0,0,0,7,1,1,0,,1.0,40 02:18.316,2.0,0,75 14:23.653,3,0,0,0,67301,1,0,0,N,1,0,0,2,67301,0,,1,9,,N,N,,0,,1,0,0,0,0,N,717,1,2,0,0,0,0,0,3,4,0,1,7,,N,,,,,,,,,,,
2006053636,1130.0,1,0,0,0,0,0,0,0,0,1,1,,67,3,2006,1,39.973,-75.2185,1125.0,6,0,0,0,0,0,0,0,0,1.0,0,1,0,11,1,1,5,,1.0,39 58:22.000,3.0,0,75 13:06.893,4,0,0,0,67301,0,0,0,,0,0,0,3,67301,1,,1,1,,N,N,,0,,0,0,0,3,2,N,1120,1,2,0,0,0,0,0,3,4,0,2,3,,N,,,,,,,,,,,
2006020110,22.0,1,0,0,0,0,0,0,0,0,7,0,,67,1,2006,2,39.8945,-75.2189,13.0,6,0,0,0,0,0,0,0,0,1.0,0,0,0,0,3,0,0,,2.0,39 53:40.200,3.0,3,75 13:08.040,0,0,0,0,67301,0,0,0,,0,0,0,1,67301,0,,3,9,,N,N,,0,,0,0,0,0,0,N,10,0,1,0,0,0,0,0,3,4,0,1,7,,N,,,,,,,,,,,
2006065321,1446.0,2,0,0,0,0,0,0,0,0,1,0,,67,5,2006,7,40.1197,-75.0087,1445.0,6,0,0,0,0,0,0,1,0,,0,0,0,14,1,2,2,,0.0,40 07:10.776,,0,75 00:31.301,8,0,0,0,67301,0,0,0,N,0,0,0,6,67301,0,,1,9,,N,N,,0,,0,0,1,3,2,,1444,2,3,0,0,0,2,0,3,4,0,3,7,,N,,,,,,,,,,,
2006057913,526.0,0,0,0,0,0,0,0,0,0,8,0,,67,3,2006,1,,,516.0,6,0,0,0,0,0,0,0,0,,0,0,0,5,3,1,1,,0.0,,,0,,3,0,0,0,67301,1,0,0,,1,0,0,2,67301,0,,1,9,,,,,0,,1,0,1,9,3,,510,1,2,0,0,0,0,0,3,3,0,1,7,,N,,,,,,,,,,,
2006065381,1331.0,1,0,0,0,0,0,0,0,0,4,0,,67,5,2006,7,,,1317.0,6,0,0,0,0,0,0,0,0,,0,0,0,99,1,1,0,,0.0,,,0,,4,0,0,0,67301,3,0,0,N,0,0,0,5,67301,1,,1,1,,N,N,,0,,0,0,0,2,2,,9999,1,2,0,0,0,0,0,3,3,1,2,3,,N,,,,,,,,,,,
2006081522,1645.0,2,0,0,0,0,0,0,0,0,5,0,,67,5,2006,1,39.9509,-75.1411,1635.0,6,0,0,0,0,0,1,0,0,1.0,0,0,0,16,1,0,7,,1.0,39 56:59.000,2.0,2,75 08:29.136,9,0,0,0,67301,0,0,0,N,0,0,0,5,67301,0,,1,1,,N,N,,0,,0,0,1,0,0,N,1630,0,3,0,0,0,0,2,3,4,0,3,3,,N,,,,,,,,,,,
2006081437,1620.0,1,0,0,0,0,0,0,0,0,4,0,,67,7,2006,7,,,1611.0,6,0,0,0,0,0,2,0,0,1.0,0,0,0,16,1,0,0,,2.0,,2.0,0,,9,0,0,0,67301,0,0,0,N,0,0,0,5,67301,0,,1,9,,N,N,,1,,0,0,1,0,0,N,1608,0,4,0,0,0,0,1,3,3,1,4,7,,N,,,,,,,,,,,
2006081461,1203.0,2,0,0,0,0,0,0,0,0,1,0,,67,6,2006,2,40.0001,-75.1779,1203.0,6,0,0,0,0,0,0,0,0,9.0,0,0,0,23,3,1,2,,1.0,40 00:00.000,1.0,0,75 10:40.353,4,0,0,0,67301,0,0,0,N,0,0,0,2,67301,1,,1,1,,N,N,,0,,0,0,0,3,2,N,2300,1,2,0,0,0,0,0,3,4,0,2,3,,N,,,,,,,,,,,
2006081474,1226.0,2,0,0,0,0,0,0,0,0,1,0,,67,6,2006,7,,,1226.0,6,0,0,0,0,0,1,0,0,,0,0,0,12,1,0,0,,0.0,,,0,,0,0,0,0,67301,0,0,0,N,0,0,0,2,67301,0,,1,1,,N,N,,0,,0,0,0,0,0,,1226,0,2,0,0,0,0,0,3,3,0,2,3,,N,,,,,,,,,,,
2006081604,1106.0,2,0,0,0,0,0,0,0,0,5,0,,67,6,2006,4,40.0156,-75.1701,1106.0,6,0,0,0,0,0,0,0,0,,0,0,0,11,1,3,0,,0.0,40 00:56.299,,0,75 10:12.352,4,0,0,0,67301,0,0,0,N,0,0,0,4,67301,1,,1,9,,N,N,,0,,0,0,0,0,0,,1100,3,2,0,0,0,2,0,3,4,0,2,3,,N,,,,,,,,,,,
2006081635,2330.0,1,0,0,1,0,0,0,0,0,4,0,,67,5,2006,2,,,2316.0,6,0,0,0,0,0,0,0,0,,0,0,0,23,3,1,1,,0.0,,,0,,4,0,0,0,67301,1,0,0,N,0,0,0,2,67301,1,,1,1,,N,N,,0,,0,0,0,3,2,,2316,1,2,0,0,0,0,1,3,3,0,1,3,,N,,,,,,,,,,,
2006115745,1640.0,0,0,0,0,0,0,0,0,0,7,0,,67,10,2006,6,,,1630.0,6,0,0,0,0,0,0,0,0,,0,0,0,14,1,1,0,,0.0,,,0,,8,0,0,0,67301,0,0,0,,0,0,0,1,67301,0,,3,9,,,,,0,,0,0,0,0,0,,1450,1,1,0,0,0,1,0,3,3,1,1,7,,N,,,,,,,,,,,
2006115828,9999.0,1,0,0,1,0,0,0,0,0,5,0,,67,9,2006,6,39.9442,-75.1616,0.0,6,0,0,0,0,0,0,0,0,,0,0,0,16,1,1,0,,0.0,39 56:39.112,,0,75 09:41.896,4,0,0,0,67301,1,0,0,N,0,0,0,2,67301,1,,1,1,,N,N,,0,,0,0,0,0,0,,1600,1,2,0,0,0,0,1,3,4,0,1,3,,N,,,,,,,,,,,
2006105756,9999.0,3,0,0,0,0,0,0,0,0,1,0,,67,8,2006,2,,,9999.0,6,0,0,0,0,0,0,0,0,,0,0,0,99,1,1,2,,0.0,,,0,,4,0,0,0,67301,0,0,0,N,0,0,0,2,67301,1,,1,1,,N,N,,0,,0,0,0,2,3,,9999,1,3,0,0,0,0,0,3,3,0,3,3,,N,,,,,,,,,,,
2006116084,2300.0,0,0,0,0,0,0,0,0,0,7,0,,67,10,2006,4,39.9617,-75.183,2254.0,6,0,0,0,0,0,0,0,0,1.0,0,0,0,22,3,1,0,,1.0,39 57:33.514,3.0,0,75 10:51.450,4,0,0,0,67301,0,0,0,N,0,0,0,1,67301,1,,2,9,,N,N,,0,,0,0,0,0,0,N,2249,1,1,0,0,0,0,0,3,4,1,1,7,,N,,,,,,,,,,,
2006054200,1239.0,2,0,0,0,0,0,0,0,0,1,0,,67,4,2006,6,40.0512,-75.0661,1227.0,6,0,0,0,0,0,0,0,0,,0,0,0,12,1,1,1,,0.0,40 03:04.000,,0,75 03:57.730,4,0,0,0,67301,0,0,0,,0,0,0,2,67301,1,,1,9,,N,N,,0,,0,0,0,0,0,,1224,1,2,0,0,0,0,0,3,4,0,2,7,,N,,,,,,,,,,,