CRN,ARRIVAL_TM,AUTOMOBILE_COUNT,BELTED_DEATH_COUNT,BELTED_SUSP_SERIOUS_INJ_COUNT,BICYCLE_COUNT,BICYCLE_DEATH_COUNT,BICYCLE_SUSP_SERIOUS_INJ_COUNT,BUS_COUNT,CHLDPAS_DEATH_COUNT,CHLDPAS_SUSP_SERIOUS_INJ_COUNT,COLLISION_TYPE,COMM_VEH_COUNT,CONS_ZONE_SPD_LIM,COUNTY,CRASH_MONTH,CRASH_YEAR,DAY_OF_WEEK,DEC_LAT,DEC_LONG,DISPATCH_TM,DISTRICT,DRIVER_COUNT_16YR,DRIVER_COUNT_17YR,DRIVER_COUNT_18YR,DRIVER_COUNT_19YR,DRIVER_COUNT_20YR,DRIVER_COUNT_50_64YR,DRIVER_COUNT_65_74YR,DRIVER_COUNT_75PLUS,EST_HRS_CLOSED,FATAL_COUNT,HEAVY_TRUCK_COUNT,HORSE_BUGGY_COUNT,HOUR_OF_DAY,ILLUMINATION,INJURY_COUNT,INTERSECT_TYPE,INTERSECTION_RELATED,LANE_CLOSED,LATITUDE,LN_CLOSE_DIR,LOCATION_TYPE,LONGITUDE,MAX_SEVERITY_LEVEL,MCYCLE_DEATH_COUNT,MCYCLE_SUSP_SERIOUS_INJ_COUNT,MOTORCYCLE_COUNT,MUNICIPALITY,NONMOTR_COUNT,NONMOTR_DEATH_COUNT,NONMOTR_SUSP_SERIOUS_INJ_COUNT,NTFY_HIWY_MAINT,PED_COUNT,PED_DEATH_COUNT,PED_SUSP_SERIOUS_INJ_COUNT,PERSON_COUNT,POLICE_AGCY,POSSIBLE_INJ_COUNT,RDWY_SURF_TYPE_CD,RELATION_TO_ROAD,ROAD_CONDITION,ROADWAY_CLEARED,SCH_BUS_IND,SCH_ZONE_IND,SECONDARY_CRASH,SMALL_TRUCK_COUNT,SPEC_JURIS_CD,SUSP_MINOR_INJ_COUNT,SUSP_SERIOUS_INJ_COUNT,SUV_COUNT,TCD_FUNC_CD,TCD_TYPE,TFC_DETOUR_IND,TIME_OF_DAY,TOT_INJ_COUNT,TOTAL_UNITS,UNB_DEATH_COUNT,UNB_SUSP_SERIOUS_INJ_COUNT,UNBELTED_OCC_COUNT,UNK_INJ_DEG_COUNT,UNK_INJ_PER_COUNT,URBAN_AREA,URBAN_RURAL,VAN_COUNT,VEHICLE_COUNT,WEATHER1,WEATHER2,WORK_ZONE_IND,WORK_ZONE_LOC,WORK_ZONE_TYPE,WORKERS_PRES,WZ_CLOSE_DETOUR,WZ_FLAGGER,WZ_LAW_OFFCR_IND,WZ_LN_CLOSURE,WZ_MOVING,WZ_OTHER,WZ_SHLDER_MDN,WZ_WORKERS_INJ_KILLED
2006054228,1735.0,1,0,0,0,0,0,0,0,0,4,0,,67,4,2006,4,,,1727.0,6,0,0,0,0,0,0,1,0,,0,0,0,17,1,1,1,,0.0,,,0,,8,0,0,1,67301,0,0,0,N,0,0,0,2,67301,0,,1,1,,N,N,,0,,0,0,0,3,3,,1727,1,2,0,0,0,1,0,3,3,0,2,3,,N,,,,,,,,,,,
2006054242,1115.0,2,0,0,0,0,0,0,0,0,6,0,,67,3,2006,2,40.0598,-75.1334,1109.0,6,0,1,0,0,0,0,1,0,,0,0,0,11,1,1,1,,0.0,40 03:35.000,,0,75 07:59.994,4,0,0,0,67301,0,0,0,,0,0,0,3,67301,1,,1,1,,,,,0,,0,0,0,3,2,,1140,1,2,0,0,3,0,0,3,4,0,2,3,,N,,,,,,,,,,,
2006054265,237.0,2,0,0,0,0,0,0,0,0,5,0,,67,4,2006,7,39.9549,-75.1966,235.0,6,0,0,0,0,0,0,0,0,,0,0,0,2,3,1,0,,0.0,39 57:18.000,,0,75 11:47.760,4,0,0,0,67301,1,0,0,N,0,0,0,2,67504,1,,6,1,,N,N,,0,,0,0,0,0,0,,235,1,2,0,0,0,0,1,3,4,0,2,3,,N,,,,,,,,,,,
2006036858,1225.0,6,0,0,0,0,0,0,0,0,1,0,,67,2,2006,7,40.0468,-75.0524,1224.0,6,0,0,0,0,0,2,0,0,,0,0,0,12,1,1,0,,0.0,40 02:48.000,,0,75 03:08.857,3,0,0,0,67301,0,0,0,N,0,0,0,7,67301,0,,1,1,,N,N,,0,,1,0,0,3,2,,1224,1,6,0,0,0,0,0,3,4,0,6,3,,N,,,,,,,,,,,
2006034879,205.0,1,0,0,0,0,0,0,0,0,4,0,,67,1,2006,7,40.0229,-75.2193,204.0,6,0,0,0,0,0,0,0,0,,0,0,0,2,3,2,2,,0.0,40 01:22.616,,0,75 13:09.501,4,0,0,0,67301,0,0,0,N,0,0,0,3,67301,2,,1,1,,N,N,,0,,0,0,1,9,3,,200,2,2,0,0,0,0,0,3,4,0,2,3,,N,,,,,,,,,,,
2006022189,1809.0,1,0,0,0,0,0,0,0,0,7,0,,67,1,2006,3,39.9024,-75.1504,1808.0,6,0,0,0,0,0,0,0,0,,0,0,0,18,3,1,0,,0.0,39 54:08.715,,0,75 09:01.317,4,0,0,0,67301,0,0,0,N,0,0,0,1,67301,1,,3,1,,N,N,,0,,0,0,0,0,0,,1803,1,1,0,0,0,0,0,3,4,0,1,3,,N,,,,,,,,,,,
2006021341,731.0,1,0,0,0,0,0,0,0,0,6,0,,67,1,2006,5,39.9296,-75.244,731.0,6,0,0,0,0,0,0,0,0,,0,0,0,6,1,0,3,,0.0,39 55:46.000,,0,75 14:38.706,0,0,0,0,67301,0,0,0,N,0,0,0,2,67301,0,,1,9,,N,N,,0,,0,0,0,3,2,,645,0,2,0,0,0,0,0,3,4,0,2,7,,N,,,,,,,,,,,
2006021354,1145.0,1,0,0,0,0,0,0,0,0,8,0,,67,1,2006,7,39.9641,-75.2039,1142.0,6,0,0,0,0,0,0,0,0,,0,0,0,11,1,1,0,,0.0,39 57:50.000,,0,75 12:13.830,4,0,0,0,67301,1,0,0,N,1,0,0,2,67301,1,,1,1,,N,N,,0,,0,0,0,0,0,,1139,1,2,0,0,0,0,0,3,4,0,1,3,,N,,,,,,,,,,,
2006019032,1255.0,1,0,0,0,0,0,1,0,0,1,1,,67,1,2006,4,39.9511,-75.1536,1244.0,6,0,0,0,0,0,0,0,0,,0,0,0,12,1,2,1,,0.0,39 57:03.000,,0,75 09:12.884,4,0,0,0,67301,0,0,0,N,0,0,0,6,67301,2,,1,1,,N,N,,0,,0,0,0,3,2,,1244,2,2,0,0,3,0,0,3,4,0,2,3,,N,,,,,,,,,,,
2006081924,1040.0,3,0,0,0,0,0,0,0,0,4,0,,67,7,2006,6,39.958,-75.2212,1034.0,6,0,0,0,0,0,0,0,0,,0,0,0,10,1,2,1,,0.0,39 57:28.000,,0,75 13:16.484,4,0,0,0,67301,0,0,0,,0,0,0,6,67301,2,,1,1,,N,N,,0,,0,0,0,3,2,,1030,2,3,0,0,0,0,0,3,4,0,3,3,,N,,,,,,,,,,,
2006053717,1849.0,1,0,0,1,0,0,0,0,0,1,0,,67,4,2006,7,39.9709,-75.1222,1730.0,6,0,0,0,0,0,0,0,0,,0,0,0,17,1,1,0,,0.0,39 58:15.258,,0,75 07:20.031,4,0,0,0,67301,1,0,0,N,0,0,0,2,67301,1,,2,1,,N,N,,0,,0,0,0,0,0,,1700,1,2,0,0,0,0,0,3,4,0,1,3,,N,,,,,,,,,,,
2006053805,2040.0,1,0,0,0,0,0,0,0,0,5,0,,67,3,2006,7,40.0289,-75.0895,2033.0,6,0,0,0,0,0,0,0,0,2.0,0,0,0,20,3,1,1,,2.0,40 01:43.000,1.0,0,75 05:23.084,4,0,0,0,67301,0,0,0,N,0,0,0,5,67301,1,,1,1,,N,N,,0,,0,0,1,0,0,N,2015,1,2,0,0,2,0,1,3,4,0,2,3,,N,,,,,,,,,,,
2006053863,9999.0,1,0,0,0,0,0,0,0,0,8,0,,67,4,2006,4,,,918.0,6,0,0,0,0,0,1,0,0,,0,0,0,99,1,1,2,,0.0,,,0,,8,0,0,0,67301,1,0,0,,1,0,0,2,67301,0,,1,1,,,,,0,,0,0,0,2,3,,9999,1,2,0,0,0,1,0,3,3,0,1,3,,N,,,,,,,,,,,
2006020522,9999.0,0,0,0,0,0,0,0,0,0,8,0,,67,1,2006,1,39.9587,-75.1505,9999.0,6,0,0,0,0,0,0,0,0,,0,0,0,1,6,1,0,,0.0,39 57:31.226,,0,75 09:01.825,8,0,0,0,67301,1,0,0,N,1,0,0,2,67301,0,,1,1,,N,N,,0,,0,0,0,0,0,,120,1,2,0,0,0,1,1,3,4,0,1,99,,N,,,,,,,,,,,
2006094920,1807.0,1,0,0,0,0,0,0,0,0,8,0,,67,8,2006,3,,,1806.0,6,0,0,0,0,0,0,0,0,,0,0,0,18,1,1,2,,0.0,,,0,,8,0,0,0,67301,1,0,0,N,1,0,0,2,67301,0,,1,98,,N,N,,0,,0,0,0,3,3,,1800,1,2,0,0,0,1,0,3,3,0,1,3,,N,,,,,,,,,,,
2006094921,1205.0,5,0,0,0,0,0,0,0,0,4,0,,67,7,2006,1,,,1144.0,6,0,0,0,0,0,0,0,1,,0,0,0,11,1,2,1,,0.0,,,0,,4,0,0,0,67301,0,0,0,N,0,0,0,4,67301,1,,1,1,,N,N,,0,,0,0,0,1,2,,1143,2,5,0,0,0,1,0,3,3,0,5,3,,N,,,,,,,,,,,
2006094984,2304.0,3,0,0,0,0,0,0,0,0,1,0,,67,7,2006,6,39.9909,-75.1203,2304.0,6,0,0,0,0,0,0,0,0,2.0,0,0,0,22,3,1,0,,2.0,39 59:27.394,7.0,0,75 07:13.015,8,0,0,0,67301,0,0,0,N,0,0,0,2,67301,0,,6,1,,N,N,,0,,0,0,0,0,0,Y,2246,1,3,0,0,0,1,1,3,4,0,3,3,,N,,,,,,,,,,,
2006055947,2337.0,1,0,0,0,0,0,0,0,0,7,0,,67,4,2006,1,,,2335.0,6,0,0,0,0,0,0,0,0,1.0,0,0,0,23,6,0,1,,2.0,,2.0,0,,9,0,0,0,67301,0,0,0,N,0,0,0,1,67301,0,,3,1,,N,N,,0,,0,0,0,3,4,N,2335,0,1,0,0,0,0,1,3,3,0,1,3,,N,,,,,,,,,,,
2006056080,1550.0,2,0,0,0,0,0,0,0,0,4,0,,67,5,2006,2,40.0257,-75.0316,1530.0,6,0,1,0,1,0,0,0,0,,0,0,0,15,1,1,1,,0.0,40 01:41.000,,0,75 02:20.333,3,0,0,0,67301,0,0,0,,0,0,0,2,67301,0,,1,1,,,,,0,,1,0,0,3,2,,1515,1,2,0,0,0,0,0,3,4,0,2,3,,N,,,,,,,,,,,
2006056115,825.0,1,0,0,1,0,0,0,0,0,4,0,,67,4,2006,5,40.0172,-75.1511,819.0,6,0,0,0,0,0,1,0,0,,0,0,0,7,1,1,0,,0.0,40 01:02.280,,0,75 09:04.320,4,0,0,0,67301,1,0,0,N,0,0,0,2,67301,1,,1,1,,N,N,,0,,0,0,0,3,2,,755,1,2,0,0,0,0,0,3,4,0,1,3,,N,,,,,,,,,,,
2006056272,2115.0,1,0,0,0,0,0,0,0,0,1,0,,67,3,2006,6,39.9835,-75.1192,2109.0,6,0,0,0,0,0,0,0,0,,0,0,0,20,3,2,0,,0.0,39 59:00.533,,0,75 07:09.066,3,0,0,0,67301,0,0,0,N,0,0,0,3,67301,1,,1,1,,N,N,,0,,1,0,0,0,0,,2043,2,2,0,0,1,0,1,3,4,0,2,3,,N,,,,,,,,,,,
2006095187,1929.0,1,0,0,0,0,0,0,0,0,8,0,,67,7,2006,4,39.9823,-75.1195,18.0,6,0,0,0,1,0,0,0,0,,0,0,0,99,1,1,0,,0.0,39 58:56.233,,0,75 07:10.354,3,0,0,0,67301,1,0,0,N,1,0,0,3,67301,0,,1,1,,N,Y,,0,,1,0,0,0,0,,9999,1,2,0,0,0,0,0,3,4,0,1,3,,N,,,,,,,,,,,
2006056381,2105.0,2,0,0,0,0,0,0,0,0,5,0,,67,3,2006,3,,,2100.0,6,0,0,0,0,0,0,0,0,,0,0,0,20,3,0,1,,0.0,,,0,,0,0,0,0,67301,0,0,0,N,0,0,0,1,67301,0,,1,1,,N,N,,0,,0,0,0,3,2,,2052,0,2,0,0,0,0,0,3,3,0,2,3,,N,,,,,,,,,,,
2006053888,1819.0,1,0,0,0,0,0,1,0,0,4,1,,67,2,2006,5,39.9412,-75.2095,1818.0,6,0,0,0,0,0,0,0,0,,0,0,0,6,2,1,1,,0.0,39 56:28.000,,0,75 12:34.028,4,0,0,0,67301,0,0,0,,0,0,0,3,67301,1,,1,1,,Y,N,,0,,0,0,0,3,2,,618,1,2,0,0,0,0,0,3,4,0,2,3,,N,,,,,,,,,,,
2006092901,1020.0,0,0,0,0,0,0,0,0,0,7,1,,67,7,2006,6,,,1013.0,6,0,0,0,0,0,1,0,0,3.0,0,1,0,10,1,3,0,,2.0,,5.0,2,,8,0,0,0,67301,0,0,0,Y,0,0,0,3,67301,0,,2,1,,N,N,,0,,0,0,0,0,0,Y,1011,3,1,0,0,0,3,0,3,3,0,1,3,,N,,,,,,,,,,,
2006092902,311.0,0,0,0,0,0,0,0,0,0,7,0,,67,7,2006,6,40.0276,-75.1471,311.0,6,0,0,0,1,0,0,0,0,,0,0,0,3,3,1,1,,0.0,40 01:39.000,,0,75 08:50.041,4,0,0,0,67301,0,0,0,N,0,0,0,2,67301,1,,2,9,,N,N,,0,,0,0,2,3,2,,309,1,2,0,0,0,0,0,3,4,0,2,7,,N,,,,,,,,,,,
2006018415,1444.0,0,0,0,0,0,0,0,0,0,8,0,,67,1,2006,1,40.0047,-75.1521,1443.0,6,0,0,0,0,0,1,0,0,,0,0,0,14,1,1,1,,0.0,40 00:16.847,,0,75 09:07.652,4,0,0,0,67301,1,0,0,,1,0,0,2,67301,1,,1,1,,N,N,,1,,0,0,0,9,3,,1439,1,2,0,0,0,0,0,3,4,0,1,3,,N,,,,,,,,,,,
2006018426,233.0,1,0,0,0,0,0,0,0,0,7,0,,67,1,2006,7,40.0481,-74.9989,223.0,6,0,0,0,0,0,0,0,0,,0,0,0,2,3,0,0,,0.0,40 02:53.000,,0,74 59:54.035,0,0,0,0,67301,0,0,0,,0,0,0,1,67301,0,,1,1,,N,N,,0,,0,0,0,0,0,,220,0,1,0,0,0,0,0,3,4,0,1,3,,N,,,,,,,,,,,
2006035593,1503.0,1,0,0,0,0,0,0,0,0,4,0,,67,1,2006,7,,,1502.0,6,0,1,0,0,0,0,0,0,,0,0,0,15,1,0,2,,0.0,,,0,,0,0,0,0,67301,0,0,0,N,0,0,0,2,67301,0,,1,1,,N,N,,1,,0,0,0,3,2,,1502,0,2,0,0,0,0,0,3,3,0,2,3,,N,,,,,,,,,,,
2006035706,657.0,0,0,0,0,0,0,0,0,0,8,0,,67,1,2006,5,39.904,-75.2401,653.0,6,0,0,0,0,0,1,0,0,,0,0,0,6,1,1,1,,0.0,39 54:14.000,,0,75 14:26.266,2,0,0,0,67301,1,0,1,N,1,0,1,2,67301,0,,1,1,,N,N,,0,,0,1,1,9,2,,650,1,2,0,0,0,0,0,3,4,0,1,3,,N,,,,,,,,,,,
2006033342,2013.0,1,0,0,0,0,0,0,0,0,4,0,,67,1,2006,2,39.9212,-75.1935,2010.0,6,0,0,0,0,0,0,0,0,1.0,0,1,0,20,3,1,0,,1.0,39 55:16.000,3.0,7,75 11:36.381,4,0,0,0,67301,0,0,0,N,0,0,0,2,67301,1,,1,1,,N,N,,0,,0,0,0,2,2,N,2010,1,2,0,0,0,0,0,3,4,0,2,3,,N,,,,,,,,,,,
2006053526,1035.0,2,0,0,0,0,0,0,0,0,4,0,,67,3,2006,6,39.8999,-75.2442,1030.0,6,1,0,0,0,0,0,0,0,,0,0,0,10,1,0,0,,0.0,39 53:59.467,,0,75 14:39.274,0,0,0,0,67301,0,0,0,,0,0,0,1,67301,0,,1,1,,,,,0,,0,0,0,0,0,,1025,0,2,0,0,0,0,0,3,4,0,2,3,,N,,,,,,,,,,,
2006080038,2200.0,3,0,0,0,0,0,0,0,0,1,1,,67,6,2006,1,40.0978,-74.9847,2151.0,6,0,0,0,0,1,2,0,0,3.0,0,1,0,21,3,1,0,,2.0,40 05:52.440,3.0,0,74 59:04.200,3,0,0,0,67301,0,0,0,Y,0,0,0,5,67301,0,,1,1,,N,N,,0,,1,0,0,0,0,Y,2151,1,5,0,0,0,0,1,3,4,0,4,3,,N,,,,,,,,,,,
2006105109,1158.0,0,0,0,0,0,0,1,0,0,8,1,,67,8,2006,7,39.9528,-75.1499,1156.0,6,0,0,0,0,0,0,0,0,,0,0,0,11,1,1,1,,0.0,39 57:09.000,,0,75 08:59.981,4,0,0,0,67301,1,0,0,,1,0,0,3,67301,1,,1,1,,,,,0,,0,0,0,3,2,,1154,1,2,0,0,0,0,0,3,4,0,1,3,,N,,,,,,,,,,,
2006105119,635.0,1,0,0,0,0,0,0,0,0,0,0,,67,9,2006,7,40.0137,-75.1795,610.0,6,0,0,0,0,0,0,0,0,1.0,0,0,0,6,3,0,6,,2.0,40 00:49.000,2.0,2,75 10:46.839,0,0,0,0,67301,0,0,0,N,0,0,0,1,67301,0,,1,9,,N,N,,0,,0,0,0,0,0,N,610,0,1,0,0,0,0,0,3,4,0,1,7,,N,,,,,,,,,,,
2006105133,740.0,0,0,0,0,0,0,1,0,0,4,1,,67,9,2006,2,,,736.0,6,0,0,0,0,0,1,0,0,,0,0,0,7,1,1,1,,0.0,,,0,,4,0,0,0,67301,0,0,0,N,0,0,0,3,67301,1,,1,1,,N,N,,0,,0,0,1,3,3,,706,1,2,0,0,0,0,0,3,3,0,2,3,,N,,,,,,,,,,,
2006124010,403.0,1,0,0,0,0,0,0,0,0,7,0,,67,10,2006,7,40.118,-75.0068,401.0,6,0,0,0,0,0,0,0,0,1.0,0,0,0,3,3,1,0,,1.0,40 07:04.820,3.0,0,75 00:24.354,3,0,0,0,67301,0,0,0,N,0,0,0,2,67301,0,,4,9,,N,N,,0,,1,0,0,0,0,N,355,1,1,0,0,1,0,1,3,4,0,1,7,,N,,,,,,,,,,,
2006093445,1605.0,2,0,0,0,0,0,0,0,0,1,0,,67,7,2006,6,40.0598,-75.1334,1558.0,6,0,0,0,1,0,0,0,0,9.0,0,0,0,15,1,2,0,,2.0,40 03:35.000,3.0,0,75 07:59.834,4,0,0,0,67301,0,0,0,N,0,0,0,3,67301,1,,1,9,,N,N,,0,,0,0,0,0,0,Y,1510,2,2,0,0,0,1,0,3,4,0,2,7,,N,,,,,,,,,,,
2006093450,1136.0,2,0,0,0,0,0,0,0,0,1,0,,67,8,2006,6,39.9934,-75.1865,1134.0,6,0,0,0,0,0,0,0,0,,0,0,0,11,1,1,1,,0.0,39 59:36.000,,0,75 11:11.458,4,0,0,0,67301,0,0,0,N,0,0,0,3,67301,1,,1,1,,N,N,,0,,0,0,0,2,2,,1134,1,2,0,0,0,0,0,3,4,0,2,3,,N,,,,,,,,,,,
2006054583,1240.0,1,0,0,0,0,0,0,0,0,7,0,,67,4,2006,2,39.9534,-75.1633,1235.0,6,0,0,0,0,0,0,0,0,,0,0,0,12,1,0,1,,0.0,39 57:12.000,,0,75 09:47.221,0,0,0,0,67301,1,0,0,N,0,0,0,2,67301,0,,2,1,,N,N,,0,,0,0,0,0,0,,1230,0,2,0,0,0,0,0,3,4,0,1,3,,N,,,,,,,,,,,
2006054603,1507.0,2,0,0,0,0,0,1,0,0,1,1,,67,4,2006,4,39.9906,-75.1849,1505.0,6,0,0,0,1,0,1,0,0,,0,0,0,15,1,2,10,,0.0,39 59:26.000,,0,75 11:05.464,4,0,0,0,67301,0,0,0,,0,0,0,5,67301,2,,1,1,,,,,0,,0,0,0,2,2,,1505,2,3,0,0,0,0,0,3,4,0,3,3,,N,,,,,,,,,,,
2006054688,1629.0,0,0,0,0,0,0,0,0,0,5,0,,67,4,2006,2,40.0741,-75.1584,1608.0,6,0,1,0,0,0,0,0,0,,0,0,0,15,1,6,1,,0.0,40 04:26.865,,0,75 09:30.131,4,0,0,0,67301,0,0,0,N,0,0,0,9,67301,6,,1,1,,N,N,,0,,0,0,1,0,0,,1557,6,2,0,0,0,0,0,3,4,1,2,3,,N,,,,,,,,,,,
2006080913,855.0,1,0,0,0,0,0,0,0,0,0,0,,67,7,2006,5,40.1082,-74.9971,848.0,6,0,0,0,0,0,0,0,0,,0,0,0,8,1,1,7,,0.0,40 06:29.880,,2,74 59:49.560,4,0,0,0,67301,0,0,0,N,0,0,0,1,67301,1,,7,9,,N,N,,0,,0,0,0,3,4,,845,1,1,0,0,0,0,0,3,4,0,1,7,,N,,,,,,,,,,,
2006080973,320.0,2,0,0,0,0,0,0,0,0,1,0,,67,7,2006,4,40.0252,-75.1254,300.0,6,0,0,0,0,0,1,0,0,,0,0,0,99,3,2,5,,0.0,40 01:30.000,,0,75 07:31.903,8,0,0,0,67301,0,0,0,N,0,0,0,3,67301,0,,1,9,,N,N,,0,,0,0,0,3,2,,9999,2,2,0,0,0,2,0,3,4,0,2,7,,N,,,,,,,,,,,
2006081033,1535.0,2,0,0,0,0,0,0,0,0,4,0,,67,7,2006,3,39.9734,-75.2098,1529.0,6,0,0,0,0,0,0,0,0,,0,0,0,99,1,2,2,,0.0,39 58:24.000,,0,75 12:34.664,8,0,0,0,67301,0,0,0,N,0,0,0,2,67301,0,,1,1,,N,N,,0,,0,0,0,3,2,,9999,2,2,0,0,0,2,0,3,4,0,2,3,,N,,,,,,,,,,,
2006081047,1213.0,2,0,0,0,0,0,0,0,0,4,0,,67,6,2006,7,39.9914,-75.1831,1207.0,6,0,0,0,0,0,0,0,0,,0,0,0,12,1,0,1,,0.0,39 59:29.040,,0,75 10:59.160,0,0,0,0,67301,0,0,0,,0,0,0,3,67301,0,,1,9,,N,N,,0,,0,0,0,3,2,,1200,0,2,0,0,0,0,0,3,4,0,2,7,,N,,,,,,,,,,,
2006081093,525.0,0,0,0,0,0,0,0,0,0,7,0,,67,6,2006,4,39.9826,-75.2079,518.0,6,0,0,0,0,0,1,0,0,1.0,0,0,0,5,5,1,0,,1.0,39 59:01.000,3.0,0,75 12:29.791,4,0,0,0,67301,0,0,0,N,0,0,0,2,67301,1,,3,9,,N,N,,0,,0,0,1,0,0,N,518,1,2,0,0,0,0,0,3,4,1,2,7,,N,,,,,,,,,,,
2006081402,1746.0,1,0,0,0,0,0,0,0,0,7,0,,67,6,2006,4,,,1746.0,6,0,0,0,0,0,0,0,0,,0,0,0,17,1,0,0,,0.0,,,0,,0,0,0,0,67301,0,0,0,N,0,0,0,3,67301,0,,2,9,,N,N,,0,,0,0,0,0,0,,1730,0,1,0,0,0,0,0,3,3,0,1,7,,N,,,,,,,,,,,
2006081500,4.0,2,0,0,0,0,0,0,0,0,1,0,,67,6,2006,6,39.9653,-75.1857,1.0,6,0,0,0,0,0,0,0,0,,0,0,0,99,3,1,3,,0.0,39 58:01.077,,2,75 11:16.366,4,0,0,0,67301,0,0,0,N,0,0,0,5,67301,1,,1,1,,N,N,,0,,0,0,0,0,0,,9999,1,2,0,0,0,0,0,3,4,0,2,7,,N,,,,,,,,,,,
2006081501,934.0,3,0,0,0,0,0,0,0,0,1,0,,67,6,2006,4,,,932.0,6,0,0,0,0,0,1,0,0,,0,0,0,9,1,0,0,,0.0,,,0,,0,0,0,0,67301,0,0,0,N,0,0,0,3,67301,0,,1,9,,N,N,,0,,0,0,0,0,0,,932,0,3,0,0,0,0,0,3,3,0,3,7,,N,,,,,,,,,,,
2006081539,9999.0,2,0,0,0,0,0,0,0,0,5,0,,67,6,2006,1,,,9999.0,6,0,0,0,0,0,0,0,0,,0,0,0,99,1,1,0,,0.0,,,0,,4,0,0,0,67301,0,0,0,N,0,0,0,2,67301,1,,1,1,,N,N,,0,,0,0,1,0,0,,9999,1,3,0,0,0,0,0,3,3,0,3,3,,N,,,,,,,,,,,
2006081555,35.0,3,0,0,0,0,0,0,0,0,5,0,,67,6,2006,1,39.9753,-75.262,30.0,6,0,0,0,0,0,0,0,0,,0,0,0,0,3,0,0,,0.0,39 58:30.000,,0,75 15:42.827,0,0,0,0,67301,0,0,0,N,0,0,0,1,67301,0,,1,1,,,,,0,,0,0,0,0,0,,30,0,4,0,0,0,0,0,3,4,1,4,3,,N,,,,,,,,,,,
2006081456,816.0,1,0,0,0,0,0,0,0,0,4,0,,67,5,2006,6,40.0646,-75.1687,812.0,6,0,0,0,0,0,1,0,0,,0,0,0,8,1,2,0,,0.0,40 03:52.000,,0,75 10:07.199,8,0,0,0,67301,0,0,0,N,0,0,0,2,67301,0,,1,9,,N,N,,0,,0,0,1,0,0,,810,2,2,0,0,0,2,0,3,4,0,2,7,,N,,,,,,,,,,,
2006081574,1215.0,2,0,0,0,0,0,0,0,0,4,0,,67,6,2006,7,40.0437,-75.0713,1212.0,6,0,0,0,0,0,0,0,0,,0,0,0,11,1,0,1,,0.0,40 02:37.165,,0,75 04:16.550,0,0,0,0,67301,0,0,0,N,0,0,0,2,67301,0,,1,9,,,,,0,,0,0,0,9,3,,1155,0,2,0,0,0,0,0,3,4,0,2,7,,N,,,,,,,,,,,
2006105720,500.0,2,0,0,0,0,0,0,0,0,1,0,,67,8,2006,1,,,454.0,6,0,0,0,0,0,0,0,0,,0,0,0,4,3,1,0,,0.0,,,0,,8,0,0,0,67301,0,0,0,,0,0,0,4,67301,0,,1,1,,,,,0,,0,0,0,0,0,,445,1,2,0,0,0,1,0,3,3,0,2,3,,N,,,,,,,,,,,
2006113264,1556.0,2,0,0,0,0,0,0,0,0,4,0,,67,10,2006,2,39.9598,-75.1637,1550.0,6,0,0,0,0,0,2,0,0,,0,0,0,15,1,1,1,,0.0,39 57:35.320,,0,75 09:49.427,8,0,0,0,67301,0,0,0,N,0,0,0,2,67301,0,,1,1,,N,N,,0,,0,0,0,9,3,,1535,1,2,0,0,0,1,0,3,4,0,2,3,,N,,,,,,,,,,,
2006113360,1627.0,1,0,0,0,0,0,0,0,0,4,0,,67,10,2006,4,39.9751,-75.195,1623.0,6,0,0,0,0,0,0,0,0,,0,1,0,15,1,1,2,,0.0,39 58:30.000,,0,75 11:41.715,4,0,0,0,67301,0,0,0,N,0,0,0,2,67301,1,,1,1,,N,N,,0,,0,0,0,3,3,,1555,1,2,0,0,0,0,0,3,4,0,2,3,,N,,,,,,,,,,,
2006113385,1250.0,1,0,0,0,0,0,0,0,0,2,0,,67,10,2006,1,40.0334,-75.0465,1240.0,6,1,0,0,0,0,1,0,0,,0,0,0,12,1,1,0,,0.0,40 02:00.228,,7,75 02:47.531,4,0,0,1,67301,0,0,0,N,0,0,0,2,67301,1,,2,1,,N,N,,0,,0,0,0,0,0,,1235,1,2,0,0,0,0,0,3,4,0,2,3,,N,,,,,,,,,,,
2006105759,845.0,1,0,0,0,0,0,1,0,0,4,1,,67,9,2006,1,40.0395,-75.1544,840.0,6,0,0,0,0,1,0,0,0,,0,0,0,7,1,1,1,,0.0,40 02:22.000,,0,75 09:15.997,4,0,0,0,67301,0,0,0,N,0,0,0,2,67301,1,,1,1,,,,,0,,0,0,0,3,2,,740,1,2,0,0,0,0,0,3,4,0,2,3,,N,,,,,,,,,,,
2006105763,2310.0,2,0,0,0,0,0,0,0,0,5,0,,67,8,2006,3,,,2300.0,6,0,0,0,0,0,0,0,0,2.0,0,0,0,23,3,1,0,,2.0,,4.0,0,,8,0,0,0,67301,1,0,0,N,1,0,0,2,67301,0,,1,1,,N,N,,0,,0,0,0,0,0,Y,2300,1,3,0,0,0,1,0,3,3,0,2,3,,N,,,,,,,,,,,
2006116051,605.0,1,0,0,0,0,0,0,0,0,7,0,,67,10,2006,6,39.9409,-75.1952,600.0,6,0,0,0,0,0,0,0,0,,0,0,0,3,3,0,2,,0.0,39 56:29.760,,2,75 11:40.200,0,0,0,0,67301,0,0,0,N,0,0,0,1,67301,0,,7,1,,N,N,,0,,0,0,0,3,4,,300,0,1,0,0,0,0,0,3,4,0,1,3,,N,,,,,,,,,,,