CRN,ARRIVAL_TM,AUTOMOBILE_COUNT,BELTED_DEATH_COUNT,BELTED_SUSP_SERIOUS_INJ_COUNT,BICYCLE_COUNT,BICYCLE_DEATH_COUNT,BICYCLE_SUSP_SERIOUS_INJ_COUNT,BUS_COUNT,CHLDPAS_DEATH_COUNT,CHLDPAS_SUSP_SERIOUS_INJ_COUNT,COLLISION_TYPE,COMM_VEH_COUNT,CONS_ZONE_SPD_LIM,COUNTY,CRASH_MONTH,CRASH_YEAR,DAY_OF_WEEK,DEC_LAT,DEC_LONG,DISPATCH_TM,DISTRICT,DRIVER_COUNT_16YR,DRIVER_COUNT_17YR,DRIVER_COUNT_18YR,DRIVER_COUNT_19YR,DRIVER_COUNT_20YR,DRIVER_COUNT_50_64YR,DRIVER_COUNT_65_74YR,DRIVER_COUNT_75PLUS,EST_HRS_CLOSED,FATAL_COUNT,HEAVY_TRUCK_COUNT,HORSE_BUGGY_COUNT,HOUR_OF_DAY,ILLUMINATION,INJURY_COUNT,INTERSECT_TYPE,INTERSECTION_RELATED,LANE_CLOSED,LATITUDE,LN_CLOSE_DIR,LOCATION_TYPE,LONGITUDE,MAX_SEVERITY_LEVEL,MCYCLE_DEATH_COUNT,MCYCLE_SUSP_SERIOUS_INJ_COUNT,MOTORCYCLE_COUNT,MUNICIPALITY,NONMOTR_COUNT,NONMOTR_DEATH_COUNT,NONMOTR_SUSP_SERIOUS_INJ_COUNT,NTFY_HIWY_MAINT,PED_COUNT,PED_DEATH_COUNT,PED_SUSP_SERIOUS_INJ_COUNT,PERSON_COUNT,POLICE_AGCY,POSSIBLE_INJ_COUNT,RDWY_SURF_TYPE_CD,RELATION_TO_ROAD,ROAD_CONDITION,ROADWAY_CLEARED,SCH_BUS_IND,SCH_ZONE_IND,SECONDARY_CRASH,SMALL_TRUCK_COUNT,SPEC_JURIS_CD,SUSP_MINOR_INJ_COUNT,SUSP_SERIOUS_INJ_COUNT,SUV_COUNT,TCD_FUNC_CD,TCD_TYPE,TFC_DETOUR_IND,TIME_OF_DAY,TOT_INJ_COUNT,TOTAL_UNITS,UNB_DEATH_COUNT,UNB_SUSP_SERIOUS_INJ_COUNT,UNBELTED_OCC_COUNT,UNK_INJ_DEG_COUNT,UNK_INJ_PER_COUNT,URBAN_AREA,URBAN_RURAL,VAN_COUNT,VEHICLE_COUNT,WEATHER1,WEATHER2,WORK_ZONE_IND,WORK_ZONE_LOC,WORK_ZONE_TYPE,WORKERS_PRES,WZ_CLOSE_DETOUR,WZ_FLAGGER,WZ_LAW_OFFCR_IND,WZ_LN_CLOSURE,WZ_MOVING,WZ_OTHER,WZ_SHLDER_MDN,WZ_WORKERS_INJ_KILLED
2006116070,2155.0,2,0,0,0,0,0,0,0,0,2,0,,67,10,2006,6,40.0998,-75.0526,2149.0,6,0,0,0,0,0,0,0,0,,0,0,0,21,3,0,0,,0.0,40 05:59.319,,0,75 03:09.288,0,0,0,0,67301,0,0,0,N,0,0,0,1,67301,0,,1,1,,N,N,,0,,0,0,0,0,0,,2148,0,2,0,0,0,0,0,3,4,0,2,3,,N,,,,,,,,,,,
2006124199,1255.0,1,0,0,0,0,0,0,0,0,4,0,,67,10,2006,1,40.0543,-75.0631,1250.0,6,0,0,0,0,0,0,1,0,9.0,0,0,0,12,1,1,5,,1.0,40 03:15.000,1.0,0,75 03:47.104,8,0,0,0,67301,0,0,0,N,0,0,0,3,67301,0,,1,1,,N,N,,0,,0,0,1,3,2,N,1250,1,2,0,0,0,1,0,3,4,0,2,3,,N,,,,,,,,,,,
2006124200,945.0,2,0,0,0,0,0,0,0,0,2,0,,67,10,2006,7,40.0331,-75.1069,921.0,6,0,0,0,0,0,0,0,0,1.0,0,0,0,9,1,1,0,,2.0,40 01:58.000,4.0,7,75 06:24.142,3,0,0,0,67301,0,0,0,N,0,0,0,3,67301,0,,1,9,,N,N,,0,,1,0,0,0,0,N,915,1,3,0,0,0,0,0,3,4,0,3,7,,N,,,,,,,,,,,
2006038177,1337.0,2,0,0,0,0,0,0,0,0,6,0,,67,2,2006,4,39.97,-75.1891,1335.0,6,0,0,0,0,0,1,0,0,1.0,0,0,0,13,1,1,0,,2.0,39 58:12.000,1.0,0,75 11:21.148,4,0,0,0,67301,0,0,0,,0,0,0,2,67301,1,,1,9,,N,N,,0,,0,0,0,0,0,Y,1330,1,2,0,0,0,0,0,3,4,0,2,3,,N,,,,,,,,,,,
2006035769,915.0,1,0,0,0,0,0,0,0,0,4,0,,67,2,2006,3,39.9716,-75.2428,911.0,6,0,0,0,0,0,0,0,0,,0,0,0,9,1,3,1,,0.0,39 58:17.000,,0,75 14:33.934,8,0,0,0,67301,0,0,0,N,0,0,0,7,67301,0,,1,1,,N,N,,0,,0,0,1,0,0,,905,3,2,0,0,0,3,0,3,4,0,2,3,,N,,,,,,,,,,,
2006035781,132.0,2,0,0,0,0,0,0,0,0,5,0,,67,1,2006,1,39.9747,-75.1172,132.0,6,0,0,0,0,0,0,0,0,4.0,0,0,0,1,3,2,0,,1.0,39 58:31.000,1.0,0,75 06:57.949,3,0,0,0,67301,1,0,0,N,0,0,0,2,67301,1,,1,2,,N,N,,0,,1,0,0,0,0,N,132,2,2,0,0,0,0,0,3,4,0,2,10,,N,,,,,,,,,,,
2006093079,920.0,2,0,0,0,0,0,0,0,0,4,0,,67,8,2006,6,,,920.0,6,0,0,0,0,0,1,0,0,,0,0,0,9,1,1,2,,0.0,,,0,,3,0,0,0,67301,0,0,0,N,0,0,0,2,67301,0,,1,1,,N,N,,0,,1,0,0,2,2,,920,1,2,0,0,0,0,0,3,3,0,2,3,,N,,,,,,,,,,,
2006054110,1459.0,3,0,0,0,0,0,0,0,0,4,0,,67,3,2006,6,40.0289,-75.106,1455.0,6,0,0,0,0,0,1,0,0,2.0,0,0,0,14,1,1,1,,2.0,40 01:43.000,1.0,0,75 06:21.910,4,0,0,0,67301,0,0,0,N,0,0,0,3,67301,1,,1,1,,N,N,,0,,0,0,0,9,2,Y,1445,1,3,0,0,0,0,0,3,4,0,3,3,,N,,,,,,,,,,,
2006054065,140.0,1,0,0,0,0,0,0,0,0,7,0,,67,4,2006,1,39.8768,-75.2547,134.0,6,0,0,0,0,0,0,0,0,,0,0,0,1,3,1,7,,0.0,39 52:36.120,,2,75 15:16.200,4,0,0,0,67301,0,0,0,N,0,0,0,1,67301,1,,2,1,,N,N,,0,,0,0,0,0,0,,125,1,1,0,0,1,0,0,3,4,0,1,3,,N,,,,,,,,,,,
2006036823,615.0,1,0,0,0,0,0,0,0,0,7,0,,67,2,2006,4,40.0091,-75.0672,601.0,6,0,0,0,0,0,0,0,0,1.0,0,0,0,6,3,1,0,,1.0,40 00:31.000,1.0,0,75 04:06.841,4,0,0,0,67301,0,0,0,,0,0,0,1,67301,1,,2,2,,N,N,,0,,0,0,0,0,0,N,600,1,1,0,0,0,0,0,3,4,0,1,3,,N,,,,,,,,,,,
2006036850,2140.0,1,0,0,0,0,0,0,0,0,8,0,,67,2,2006,3,39.951,-75.152,2130.0,6,0,0,0,0,0,0,0,0,,0,0,0,21,3,1,1,,0.0,39 57:03.600,,0,75 09:07.200,4,0,0,0,67301,1,0,0,N,1,0,0,2,67301,1,,1,1,,N,N,,0,,0,0,0,3,2,,2130,1,2,0,0,0,0,0,3,4,0,1,3,,N,,,,,,,,,,,
2006036852,1435.0,1,0,0,0,0,0,0,0,0,8,0,,67,2,2006,3,,,1430.0,6,0,0,0,0,1,0,0,0,,0,0,0,14,1,1,0,,0.0,,,0,,4,0,0,0,67301,1,0,0,N,1,0,0,3,67301,1,,1,2,,N,N,,0,,0,0,0,0,0,,1415,1,2,0,0,0,0,0,3,3,0,1,3,,N,,,,,,,,,,,
2006036897,9999.0,2,0,0,0,0,0,0,0,0,1,0,,67,3,2006,1,40.0373,-75.048,1030.0,6,0,0,0,0,0,0,0,0,,0,0,0,0,3,1,1,,0.0,40 02:14.258,,0,75 02:52.702,8,0,0,0,67301,0,0,0,,0,0,0,2,67301,0,,1,1,,N,N,,0,,0,0,0,3,3,,5,1,2,0,0,0,1,0,3,4,0,2,3,,N,,,,,,,,,,,
2006036905,2220.0,0,0,0,0,0,0,0,0,0,2,0,,67,3,2006,1,40.0016,-75.1528,2217.0,6,0,0,0,0,0,0,0,0,,0,0,0,22,3,4,1,,0.0,40 00:06.000,,0,75 09:10.512,8,0,0,0,67301,0,0,0,,0,0,0,4,67301,0,,1,1,,,,,0,,0,0,1,3,2,,2210,4,2,0,0,0,4,0,3,4,1,2,3,,N,,,,,,,,,,,
2006039553,7.0,0,0,0,0,0,0,0,0,0,7,0,,67,2,2006,6,,,0.0,6,0,0,1,0,0,0,0,0,9.0,0,0,0,0,3,0,7,,1.0,,1.0,2,,0,0,0,0,67301,0,0,0,,0,0,0,1,67301,0,,7,1,,N,N,,0,,0,0,0,0,0,N,3,0,1,0,0,1,0,0,3,3,1,1,3,,N,,,,,,,,,,,
2006037229,510.0,1,0,0,0,0,0,0,0,0,8,0,,67,3,2006,4,39.9745,-75.1587,505.0,6,0,0,0,0,0,0,0,0,,0,0,0,99,1,1,1,,0.0,39 58:28.000,,0,75 09:31.415,8,0,0,0,67301,1,0,0,,1,0,0,2,67301,0,,1,1,,,,,0,,0,0,0,9,2,,9999,1,2,0,0,0,1,0,3,4,0,1,3,,N,,,,,,,,,,,
2006081395,1540.0,3,0,0,0,0,0,0,0,0,1,0,,67,7,2006,6,40.0311,-75.0361,1535.0,6,0,0,0,0,0,0,0,1,,0,0,0,14,1,1,1,,0.0,40 01:52.000,,0,75 02:10.009,4,0,0,0,67301,0,0,0,N,0,0,0,3,67301,1,,1,1,,N,N,,0,,0,0,0,3,3,,1445,1,3,0,0,0,0,1,3,4,0,3,3,,N,,,,,,,,,,,
2006081419,743.0,1,0,0,0,0,0,0,0,0,4,0,,67,6,2006,5,,,740.0,6,0,1,0,0,0,0,0,0,1.0,0,0,0,7,1,2,1,,1.0,,2.0,0,,3,0,0,0,67301,0,0,0,N,0,0,0,2,67301,0,,1,1,,N,N,,0,,2,0,0,3,2,Y,735,2,2,0,0,0,0,0,3,3,1,2,3,,N,,,,,,,,,,,
2006081650,1743.0,1,0,0,1,0,0,0,0,0,4,0,,67,6,2006,3,40.0079,-75.1913,1737.0,6,0,0,0,0,1,0,0,0,,0,0,0,16,1,1,2,,0.0,40 00:28.000,,2,75 11:29.146,3,0,0,0,67301,1,0,0,N,0,0,0,2,67301,0,,1,1,,N,N,,0,,1,0,0,0,0,,1630,1,2,0,0,0,0,0,3,4,0,1,3,,N,,,,,,,,,,,
2006105738,1832.0,1,0,0,0,0,0,0,0,0,1,0,,67,8,2006,6,,,1830.0,6,0,0,0,0,0,0,0,0,,0,0,0,18,1,3,1,,0.0,,,0,,4,0,0,0,67301,0,0,0,N,0,0,0,4,67301,3,,1,1,,N,N,,0,,0,0,1,3,2,,1820,3,2,0,0,0,0,0,3,3,0,2,3,,N,,,,,,,,,,,
2006113428,9999.0,3,0,0,0,0,0,0,0,0,4,0,,67,10,2006,6,40.019,-75.1601,9999.0,6,0,0,0,0,1,0,0,0,,0,0,0,99,3,0,10,,0.0,40 01:08.000,,0,75 09:36.187,9,0,0,0,67301,0,0,0,N,0,0,0,6,67301,0,,1,1,,N,N,,0,,0,0,1,0,0,,9999,0,4,0,0,0,0,1,3,4,0,4,3,,N,,,,,,,,,,,
2006116039,9999.0,0,0,0,0,0,0,0,0,0,8,0,,67,10,2006,2,40.0046,-75.1374,1509.0,6,0,0,0,0,0,0,0,0,,0,0,0,99,1,2,1,,0.0,40 00:16.686,,0,75 08:14.798,4,0,0,0,67301,2,0,0,N,2,0,0,4,67301,1,,1,1,,N,N,,1,,0,0,0,0,0,,9999,2,3,0,0,1,1,0,3,4,0,1,3,,N,,,,,,,,,,,
2006116076,145.0,1,0,0,0,0,0,1,0,0,1,1,,67,9,2006,6,40.0045,-75.1321,135.0,6,0,0,1,0,0,0,0,0,,0,0,0,99,1,3,0,,0.0,40 00:16.173,,0,75 07:55.480,4,0,0,0,67301,0,0,0,N,0,0,0,3,67301,3,,1,1,,N,N,,0,,0,0,0,3,2,,9999,3,2,0,0,0,0,0,3,4,0,2,3,,N,,,,,,,,,,,
2006105878,1955.0,1,0,0,0,0,0,0,0,0,8,0,,67,9,2006,1,40.0342,-75.0874,1951.0,6,0,0,0,0,0,0,0,0,,0,0,0,19,3,1,0,,0.0,40 02:03.213,,0,75 05:14.794,3,0,0,0,67301,1,0,0,N,1,0,0,3,67301,0,,1,1,,N,N,,0,,1,0,0,0,0,,1951,1,2,0,0,0,0,0,3,4,0,1,3,,N,,,,,,,,,,,
2006124213,505.0,1,0,0,0,0,0,0,0,0,1,0,,67,10,2006,7,39.9067,-75.1496,501.0,6,0,0,0,0,0,0,0,0,1.0,0,0,0,5,3,2,0,,1.0,39 54:26.000,2.0,0,75 08:58.238,3,0,0,0,67301,0,0,0,N,0,0,0,2,67301,1,,1,1,,N,N,,1,,1,0,0,0,0,N,500,2,2,0,0,1,0,0,3,4,0,2,7,,N,,,,,,,,,,,
2006124214,330.0,1,0,0,0,0,0,0,0,0,1,0,,67,10,2006,6,39.9594,-75.1738,325.0,6,0,0,0,0,0,0,0,0,1.0,0,0,0,3,3,0,0,,1.0,39 57:33.000,4.0,0,75 10:27.110,9,0,0,0,67301,0,0,0,N,0,0,0,2,67301,0,,1,1,,N,N,,0,,0,0,1,0,0,N,319,0,2,0,0,0,0,1,3,4,0,2,3,,N,,,,,,,,,,,
2006025522,843.0,2,0,0,0,0,0,0,0,0,4,0,,67,1,2006,5,40.0354,-75.166,840.0,6,0,0,0,0,0,0,0,0,,0,0,0,7,1,1,1,,0.0,40 02:07.411,,0,75 09:57.715,4,0,0,0,67301,0,0,0,N,0,0,0,3,67301,1,,1,9,,N,N,,0,,0,0,0,9,3,,738,1,2,0,0,0,0,0,3,4,0,2,3,,N,,,,,,,,,,,
2006035792,1953.0,2,0,0,0,0,0,0,0,0,4,0,,67,2,2006,4,39.9946,-75.1597,1923.0,6,0,0,0,0,0,0,0,0,,0,0,0,99,3,0,3,,0.0,39 59:40.000,,0,75 09:35.323,0,0,0,0,67301,0,0,0,N,0,0,0,2,67301,0,,1,1,,N,N,,0,,0,0,0,9,2,,9999,0,2,0,0,0,0,0,3,4,0,2,3,,N,,,,,,,,,,,
2006054082,1600.0,4,0,0,0,0,0,0,0,0,4,0,,67,4,2006,4,40.0149,-75.1706,1553.0,6,0,0,1,0,0,0,0,0,,0,0,0,15,1,1,0,,0.0,40 00:53.625,,0,75 10:14.044,8,0,0,0,67301,0,0,0,N,0,0,0,1,67301,0,,6,1,,N,N,,0,,0,0,0,0,0,,1548,1,4,0,0,0,1,0,3,4,0,4,3,,N,,,,,,,,,,,
2006054109,920.0,1,0,0,0,0,0,0,0,0,4,1,,67,4,2006,3,40.0339,-75.0743,915.0,6,0,0,0,0,0,0,0,0,1.0,0,1,0,9,1,1,2,,1.0,40 02:03.000,2.0,0,75 04:29.833,4,0,0,0,67301,0,0,0,N,0,0,0,2,67301,1,,1,1,,N,N,,0,,0,0,0,3,2,N,913,1,2,0,0,0,0,0,3,4,0,2,3,,N,,,,,,,,,,,
2006036830,1455.0,1,0,0,0,0,0,0,0,0,6,0,,67,1,2006,2,,,1446.0,6,0,0,0,0,0,0,1,1,,0,0,0,14,1,1,0,,0.0,,,7,,4,0,0,0,67301,0,0,0,,0,0,0,7,67301,1,,1,1,,N,N,,0,,0,0,1,0,0,,1411,1,2,0,0,0,0,1,3,3,0,2,3,,N,,,,,,,,,,,
2006036870,103.0,1,0,0,0,0,0,0,0,0,7,0,,67,2,2006,7,39.9591,-75.1716,57.0,6,0,0,0,0,0,0,0,0,1.0,0,0,0,0,3,0,0,,1.0,39 57:32.000,4.0,0,75 10:18.979,0,0,0,0,67301,0,0,0,N,0,0,0,1,67301,0,,2,1,,N,N,,0,,0,0,0,0,0,N,55,0,1,0,0,0,0,0,3,4,0,1,3,,N,,,,,,,,,,,
2006036876,1630.0,1,0,0,0,0,0,0,0,0,8,0,,67,2,2006,4,40.0058,-75.0964,1628.0,6,0,0,0,0,0,0,0,0,1.0,0,0,0,16,1,1,5,,1.0,40 00:21.000,2.0,0,75 05:47.081,4,0,0,0,67301,1,0,0,N,1,0,0,2,67301,1,,1,9,,N,N,,0,,0,0,0,3,2,N,1621,1,2,0,0,0,0,0,3,4,0,1,3,,N,,,,,,,,,,,
2006039550,1207.0,1,0,0,0,0,0,0,0,0,3,0,,67,2,2006,5,40.0481,-75.0301,2359.0,6,0,0,0,0,0,1,0,0,,0,0,0,23,3,0,0,,0.0,40 02:53.235,,0,75 01:48.208,0,0,0,0,67301,0,0,0,,0,0,0,1,67301,0,,4,1,,N,N,,1,,0,0,0,0,0,,2345,0,2,0,0,0,0,0,3,4,0,2,3,,N,,,,,,,,,,,
2006021320,1325.0,2,0,0,0,0,0,0,0,0,4,0,,67,1,2006,2,40.0242,-75.1328,1317.0,6,0,0,0,0,0,1,0,0,,0,0,0,13,1,1,1,,0.0,40 01:27.000,,0,75 08:00.693,4,0,0,0,67301,0,0,0,N,0,0,0,2,67301,1,,1,1,,N,N,,0,,0,0,0,3,2,,1315,1,2,0,0,0,0,0,3,4,0,2,3,,N,,,,,,,,,,,
2006018978,2020.0,0,0,0,0,0,0,0,0,0,8,0,,67,1,2006,4,40.0262,-75.0863,2016.0,6,0,0,0,0,0,0,0,0,,0,0,0,16,1,1,0,,0.0,40 01:34.194,,0,75 05:10.705,4,0,0,0,67301,1,0,0,,1,0,0,2,67301,1,,1,1,,,,,1,,0,0,0,0,0,,1605,1,2,0,0,0,0,0,3,4,0,1,3,,N,,,,,,,,,,,
2006082042,1255.0,1,0,0,0,0,0,0,0,0,7,0,,67,5,2006,7,40.0294,-75.189,1252.0,6,0,0,0,0,0,0,0,0,1.0,0,0,0,0,3,1,3,,2.0,40 01:45.922,2.0,0,75 11:20.353,4,0,0,0,67301,0,0,0,,0,0,0,1,67301,1,,3,1,,N,N,,0,,0,0,0,0,0,Y,52,1,1,0,0,0,0,0,3,4,0,1,3,,N,,,,,,,,,,,
2006053715,346.0,5,0,0,0,0,0,0,0,0,4,0,,67,4,2006,7,39.997,-75.1786,343.0,6,0,0,0,0,0,1,0,0,9.0,0,0,0,3,3,2,1,,1.0,39 59:49.000,3.0,0,75 10:42.921,4,0,0,0,67301,0,0,0,N,0,0,0,4,67301,2,,1,1,,N,N,,0,,0,0,0,3,2,N,340,2,5,0,0,0,0,2,3,4,0,5,3,,N,,,,,,,,,,,
2006053501,1345.0,1,0,0,0,0,0,1,0,0,5,1,,67,3,2006,6,,,1345.0,6,0,0,0,0,0,0,0,0,,0,0,0,13,1,1,1,,0.0,,,0,,8,0,0,0,67301,0,0,0,N,0,0,0,2,67301,0,,1,1,,N,N,,0,,0,0,0,9,2,,1300,1,2,0,0,0,1,1,3,3,0,2,3,,N,,,,,,,,,,,
2006055848,1943.0,2,0,0,0,0,0,0,0,0,1,0,,67,3,2006,6,40.0953,-75.0306,1943.0,6,0,0,0,1,0,0,0,0,,0,0,0,19,3,1,0,,0.0,40 05:43.248,,0,75 01:50.222,4,0,0,0,67301,0,0,0,,0,0,0,4,67301,1,,1,1,,N,N,,0,,0,0,0,0,0,,1943,1,2,0,0,0,0,0,3,4,0,2,3,,N,,,,,,,,,,,
2006092468,1930.0,1,0,0,0,0,0,0,0,0,8,0,,67,8,2006,6,39.9857,-75.2475,1928.0,6,0,0,0,0,0,0,0,0,,0,0,0,19,1,1,5,,0.0,39 59:08.456,,0,75 14:51.079,4,0,0,0,67301,1,0,0,N,1,0,0,2,67301,1,,1,1,,N,N,,0,,0,0,0,9,2,,1926,1,2,0,0,1,0,0,3,4,0,1,3,,N,,,,,,,,,,,
2006092485,1239.0,1,0,0,0,0,0,0,0,0,8,0,,67,8,2006,6,39.9504,-75.1472,1233.0,6,0,0,0,0,0,1,0,0,,0,0,0,99,1,1,1,,0.0,39 57:01.000,,0,75 08:49.475,4,0,0,0,67301,1,0,0,,1,0,0,2,67301,1,,1,1,,N,N,,0,,0,0,0,3,2,,9999,1,2,0,0,0,0,0,3,4,0,1,3,,N,,,,,,,,,,,
2006056056,9999.0,1,0,0,0,0,0,0,0,0,1,0,,67,3,2006,5,40.0182,-75.149,9999.0,6,0,0,0,0,0,1,0,0,1.0,0,0,0,99,1,0,0,,2.0,40 01:05.000,3.0,0,75 08:57.025,0,0,0,0,67301,0,0,0,N,0,0,0,2,67301,0,,1,1,,N,N,,0,,0,0,1,3,8,N,9999,0,2,0,0,0,0,0,3,4,0,2,3,,N,,,,,,,,,,,
2006055980,157.0,1,0,0,0,0,0,0,0,0,8,0,,67,3,2006,4,,,147.0,6,0,0,0,1,0,0,0,0,,0,0,0,1,3,1,1,,0.0,,,0,,3,0,0,0,67301,1,0,0,N,1,0,0,3,67301,0,,1,1,,N,N,,0,,1,0,0,3,2,,146,1,2,0,0,1,0,0,3,3,0,1,3,,N,,,,,,,,,,,
2006056033,1034.0,1,0,0,0,0,0,0,0,0,7,0,,67,2,2006,5,40.0367,-75.1875,1033.0,6,0,0,0,0,0,1,0,0,3.0,0,0,0,10,1,1,0,,2.0,40 02:12.000,5.0,0,75 11:14.969,8,0,0,0,67301,0,0,0,N,0,0,0,1,67301,0,,5,1,,N,N,,0,,0,0,0,0,0,Y,1030,1,1,0,0,1,1,0,3,4,0,1,3,,N,,,,,,,,,,,
2006056069,900.0,2,0,0,0,0,0,0,0,0,4,0,,67,3,2006,4,,,859.0,6,0,0,0,0,0,0,0,1,,0,0,0,8,1,3,2,,0.0,,,0,,8,0,0,0,67301,0,0,0,N,0,0,0,3,67301,0,,1,1,,N,N,,0,,0,0,0,3,3,,858,3,2,0,0,0,3,0,3,3,0,2,3,,N,,,,,,,,,,,
2006092707,240.0,6,0,0,0,0,0,0,0,0,0,0,,67,8,2006,5,39.9204,-75.1689,237.0,6,0,0,0,1,0,0,0,0,,0,0,0,2,3,1,0,,0.0,39 55:13.569,,0,75 10:08.007,8,0,0,0,67301,0,0,0,N,0,0,0,1,67301,0,,1,1,,N,N,,0,,0,0,0,9,3,,230,1,6,0,0,0,1,0,3,4,0,6,3,,N,,,,,,,,,,,
2006056153,655.0,1,0,0,0,0,0,0,0,0,7,0,,67,3,2006,1,39.9164,-75.2184,654.0,6,0,0,0,0,1,0,0,0,,0,0,0,6,1,1,0,,0.0,39 55:00.000,,0,75 12:56.230,4,0,0,0,67301,0,0,0,N,0,0,0,1,67301,1,,3,1,,N,N,,0,,0,0,0,0,0,,630,1,1,0,0,1,0,0,3,4,0,1,3,,N,,,,,,,,,,,
2006056162,1605.0,0,0,0,0,0,0,0,0,0,2,0,,67,4,2006,4,39.9172,-75.2374,1550.0,6,0,0,0,0,0,1,0,0,,0,0,0,15,1,1,1,,0.0,39 55:02.000,,0,75 14:14.657,3,0,0,0,67301,0,0,0,N,0,0,0,2,67301,0,,1,1,,N,N,,0,,1,0,2,3,2,,1500,1,2,0,0,0,0,0,3,4,0,2,3,,N,,,,,,,,,,,
2006056345,41.0,2,0,0,0,0,0,0,0,0,2,0,,67,3,2006,6,39.9753,-75.2455,39.0,6,0,0,0,0,0,0,0,0,,0,0,0,23,3,1,1,,0.0,39 58:31.000,,0,75 14:43.859,4,0,0,0,67301,0,0,0,N,0,0,0,2,67301,1,,1,1,,N,N,,0,,0,0,0,3,2,,2339,1,2,0,0,0,0,0,3,4,0,2,3,,N,,,,,,,,,,,
2006056417,2314.0,1,0,0,0,0,0,0,0,0,7,0,,67,3,2006,5,40.0322,-75.1998,2312.0,6,0,0,0,0,0,0,0,0,,0,0,0,23,3,2,0,,0.0,40 01:55.920,,3,75 11:59.280,4,0,0,0,67301,0,0,0,N,0,0,0,2,67301,2,,4,2,,N,N,,0,,0,0,0,0,0,,2311,2,1,0,0,0,0,0,3,4,0,1,10,,N,,,,,,,,,,,
2006053963,1248.0,3,0,0,0,0,0,0,0,0,2,0,,67,3,2006,4,40.0471,-75.1744,1246.0,6,0,0,0,0,0,0,0,0,1.0,0,0,0,12,1,1,0,,2.0,40 02:49.380,6.0,0,75 10:27.984,3,0,0,0,67301,0,0,0,,0,0,0,1,67301,0,,1,1,,,,,0,,1,0,0,0,0,N,1245,1,3,0,0,0,0,0,3,4,0,3,3,,N,,,,,,,,,,,
2006053972,1420.0,1,0,0,0,0,0,0,0,0,4,0,,67,4,2006,6,40.0334,-75.1071,1412.0,6,0,0,0,0,0,0,0,0,,0,0,0,14,1,1,0,,0.0,40 01:59.880,,0,75 06:25.200,3,0,0,1,67301,0,0,0,N,0,0,0,2,67301,0,,1,1,,N,N,,0,,1,0,0,3,2,,1410,1,2,0,0,0,0,0,3,4,0,2,3,,N,,,,,,,,,,,
2006053884,1510.0,4,0,0,0,0,0,0,0,0,1,0,,67,4,2006,7,40.0365,-75.2331,1504.0,6,0,0,0,0,0,0,0,1,,0,0,0,15,1,1,0,,0.0,40 02:11.396,,0,75 13:59.142,8,0,0,0,67301,0,0,0,,0,0,0,2,67301,0,,1,1,,,,,0,,0,0,0,0,0,,1502,1,4,0,0,0,1,0,3,4,0,4,3,,N,,,,,,,,,,,
2006035965,1630.0,2,0,0,0,0,0,0,0,0,2,0,,67,1,2006,6,39.9207,-75.1411,1628.0,6,0,0,0,0,1,1,0,0,,0,0,0,16,1,2,2,,0.0,39 55:14.000,,0,75 08:28.170,8,0,0,0,67301,0,0,0,N,0,0,0,3,67301,0,,1,1,,N,N,,0,,0,0,0,1,2,,1625,2,2,0,0,0,2,0,3,4,0,2,98,,N,,,,,,,,,,,
2006035701,1146.0,2,0,0,0,0,0,0,0,0,4,0,,67,2,2006,3,,,1146.0,6,0,0,0,0,0,1,0,1,1.0,0,0,0,11,1,1,1,,1.0,,5.0,0,,4,0,0,0,67301,0,0,0,,0,0,0,4,67301,1,,1,1,,N,N,,0,,0,0,1,3,2,Y,1146,1,3,0,0,0,0,0,3,3,0,3,3,,N,,,,,,,,,,,
2006035702,1308.0,1,0,0,1,0,0,0,0,0,4,0,,67,2,2006,7,,,1306.0,6,0,0,0,0,0,1,0,0,,0,0,0,13,1,1,1,,0.0,,,0,,4,0,0,0,67301,1,0,0,N,0,0,0,2,67301,1,,1,1,,N,N,,0,,0,0,0,3,2,,1304,1,2,0,0,0,0,0,3,3,0,1,3,,N,,,,,,,,,,,
2006033312,905.0,0,0,0,0,0,0,0,0,0,8,0,,67,1,2006,2,,,900.0,6,0,0,0,0,0,0,0,0,,0,0,0,9,1,1,1,,0.0,,,0,,4,0,0,0,67301,1,0,0,N,1,0,0,2,67301,1,,2,1,,N,N,,1,,0,0,0,0,0,,900,1,2,0,0,0,0,1,3,3,0,1,3,,N,,,,,,,,,,,
2006033336,1840.0,2,0,0,0,0,0,0,0,0,4,0,,67,2,2006,5,40.0578,-75.1849,1840.0,6,0,0,0,0,0,1,0,0,,0,0,0,18,3,0,1,,0.0,40 03:27.000,,0,75 11:05.612,0,0,0,0,67301,0,0,0,N,0,0,0,2,67301,0,,1,1,,N,N,,0,,0,0,0,3,3,,1820,0,2,0,0,0,0,0,3,4,0,2,3,,N,,,,,,,,,,,
2006080978,1020.0,2,0,0,0,0,0,0,0,0,6,0,,67,6,2006,3,,,1017.0,6,0,0,0,0,0,1,0,0,,0,0,0,10,1,2,1,,0.0,,,0,,8,0,0,0,67301,0,0,0,N,0,0,0,2,67301,0,,1,1,,N,N,,0,,0,0,0,3,2,,1017,2,2,0,0,0,2,0,3,3,0,2,99,,N,,,,,,,,,,,