CRN,ARRIVAL_TM,AUTOMOBILE_COUNT,BELTED_DEATH_COUNT,BELTED_SUSP_SERIOUS_INJ_COUNT,BICYCLE_COUNT,BICYCLE_DEATH_COUNT,BICYCLE_SUSP_SERIOUS_INJ_COUNT,BUS_COUNT,CHLDPAS_DEATH_COUNT,CHLDPAS_SUSP_SERIOUS_INJ_COUNT,COLLISION_TYPE,COMM_VEH_COUNT,CONS_ZONE_SPD_LIM,COUNTY,CRASH_MONTH,CRASH_YEAR,DAY_OF_WEEK,DEC_LAT,DEC_LONG,DISPATCH_TM,DISTRICT,DRIVER_COUNT_16YR,DRIVER_COUNT_17YR,DRIVER_COUNT_18YR,DRIVER_COUNT_19YR,DRIVER_COUNT_20YR,DRIVER_COUNT_50_64YR,DRIVER_COUNT_65_74YR,DRIVER_COUNT_75PLUS,EST_HRS_CLOSED,FATAL_COUNT,HEAVY_TRUCK_COUNT,HORSE_BUGGY_COUNT,HOUR_OF_DAY,ILLUMINATION,INJURY_COUNT,INTERSECT_TYPE,INTERSECTION_RELATED,LANE_CLOSED,LATITUDE,LN_CLOSE_DIR,LOCATION_TYPE,LONGITUDE,MAX_SEVERITY_LEVEL,MCYCLE_DEATH_COUNT,MCYCLE_SUSP_SERIOUS_INJ_COUNT,MOTORCYCLE_COUNT,MUNICIPALITY,NONMOTR_COUNT,NONMOTR_DEATH_COUNT,NONMOTR_SUSP_SERIOUS_INJ_COUNT,NTFY_HIWY_MAINT,PED_COUNT,PED_DEATH_COUNT,PED_SUSP_SERIOUS_INJ_COUNT,PERSON_COUNT,POLICE_AGCY,POSSIBLE_INJ_COUNT,RDWY_SURF_TYPE_CD,RELATION_TO_ROAD,ROAD_CONDITION,ROADWAY_CLEARED,SCH_BUS_IND,SCH_ZONE_IND,SECONDARY_CRASH,SMALL_TRUCK_COUNT,SPEC_JURIS_CD,SUSP_MINOR_INJ_COUNT,SUSP_SERIOUS_INJ_COUNT,SUV_COUNT,TCD_FUNC_CD,TCD_TYPE,TFC_DETOUR_IND,TIME_OF_DAY,TOT_INJ_COUNT,TOTAL_UNITS,UNB_DEATH_COUNT,UNB_SUSP_SERIOUS_INJ_COUNT,UNBELTED_OCC_COUNT,UNK_INJ_DEG_COUNT,UNK_INJ_PER_COUNT,URBAN_AREA,URBAN_RURAL,VAN_COUNT,VEHICLE_COUNT,WEATHER1,WEATHER2,WORK_ZONE_IND,WORK_ZONE_LOC,WORK_ZONE_TYPE,WORKERS_PRES,WZ_CLOSE_DETOUR,WZ_FLAGGER,WZ_LAW_OFFCR_IND,WZ_LN_CLOSURE,WZ_MOVING,WZ_OTHER,WZ_SHLDER_MDN,WZ_WORKERS_INJ_KILLED
2006081039,1918.0,1,0,0,0,0,0,0,0,0,1,0,,67,7,2006,3,39.9879,-75.1235,1900.0,6,0,0,0,0,0,1,0,0,,0,0,0,19,1,1,1,,0.0,39 59:16.000,,0,75 07:24.508,8,0,0,0,67301,0,0,0,,0,0,0,3,67301,0,,1,1,,,,,1,,0,0,0,3,2,,1918,1,3,0,0,0,1,0,3,4,1,3,3,,N,,,,,,,,,,,
2006081338,1329.0,3,0,0,0,0,0,0,0,0,4,0,,67,6,2006,2,40.0558,-75.0896,1325.0,6,0,0,0,0,0,1,0,0,,0,0,0,13,1,2,1,,0.0,40 03:20.000,,0,75 05:22.376,3,0,0,0,67301,0,0,0,N,0,0,0,4,67301,0,,1,1,,N,N,,0,,1,0,0,3,2,,1321,2,3,0,0,0,1,0,3,4,0,3,3,,N,,,,,,,,,,,
2006081347,1246.0,0,0,0,0,0,0,0,0,0,7,0,,67,5,2006,2,,,1243.0,6,0,0,0,0,0,0,0,0,,0,0,0,0,3,0,0,,0.0,,,0,,0,0,0,0,67301,0,0,0,N,0,0,0,1,67301,0,,5,1,,N,N,,0,,0,0,1,0,0,,43,0,1,0,0,0,0,0,3,3,0,1,3,,N,,,,,,,,,,,
2006081365,1017.0,1,0,0,0,0,0,0,0,0,4,0,,67,6,2006,1,39.9762,-75.2267,1014.0,6,0,0,0,0,0,0,0,0,,0,0,0,21,3,3,1,,0.0,39 58:34.000,,0,75 13:36.145,4,0,0,0,67301,0,0,0,N,0,0,0,4,67301,3,,1,1,,N,N,,0,,0,0,0,3,2,,2153,3,2,0,0,0,0,0,3,4,1,2,3,,N,,,,,,,,,,,
2006081381,1655.0,0,0,0,0,0,0,0,0,0,0,0,,67,6,2006,1,40.0504,-75.1885,1655.0,6,0,0,0,0,0,0,0,0,9.0,0,0,0,16,1,1,0,,2.0,40 03:01.349,6.0,0,75 11:18.508,4,0,0,0,67301,0,0,0,N,0,0,0,1,67301,1,,1,1,,N,N,,0,,0,0,1,0,0,Y,1655,1,1,0,0,0,0,0,3,4,0,1,3,,N,,,,,,,,,,,
2006081632,2049.0,2,0,0,0,0,0,0,0,0,1,0,,67,5,2006,4,,,2041.0,6,0,0,0,0,0,0,0,0,,0,0,0,20,3,0,0,,0.0,,,3,,0,0,0,1,67301,0,0,0,N,0,0,0,3,67301,0,,1,1,,N,N,,0,,0,0,0,0,0,,2039,0,3,0,0,0,0,0,3,3,0,3,3,,N,,,,,,,,,,,
2006081662,1125.0,1,0,0,0,0,0,0,0,0,5,1,,67,5,2006,3,40.034,-75.2158,1124.0,6,0,0,0,0,0,0,0,1,1.0,0,1,0,11,1,2,0,,2.0,40 02:02.000,5.0,0,75 12:56.826,4,0,0,0,67301,0,0,0,N,0,0,0,3,67301,2,,7,1,,N,N,,0,,0,0,0,3,2,Y,1123,2,2,0,0,0,0,0,3,4,0,2,3,,N,,,,,,,,,,,
2006113065,1445.0,1,0,0,0,0,0,0,0,0,4,0,,67,9,2006,2,40.0261,-75.2035,1443.0,6,0,0,0,0,0,1,0,0,,0,0,0,14,1,1,0,,0.0,40 01:33.960,,0,75 12:12.600,8,0,0,0,67301,0,0,0,N,0,0,0,3,67301,0,,1,1,,N,N,,0,,0,0,1,0,0,,1440,1,2,0,0,0,1,0,3,4,0,2,3,,N,,,,,,,,,,,
2006115744,2300.0,0,0,0,0,0,0,0,0,0,7,0,,67,9,2006,7,39.9953,-75.1937,2245.0,6,0,0,0,0,0,0,0,0,,0,0,0,22,3,2,0,,0.0,39 59:43.617,,0,75 11:38.730,8,0,0,0,67301,0,0,0,,0,0,0,2,67301,0,,5,9,,,,,0,,0,0,1,0,0,,2245,2,1,0,0,0,2,0,3,4,0,1,98,,N,,,,,,,,,,,
2006113306,2200.0,2,0,0,0,0,0,0,0,0,4,0,,67,9,2006,1,39.9504,-75.2452,2126.0,6,0,0,0,0,0,0,0,0,,0,0,0,21,3,2,1,,0.0,39 57:01.479,,0,75 14:42.730,4,0,0,0,67301,0,0,0,N,0,0,0,3,67301,2,,1,1,,N,N,,1,,0,0,0,0,0,,2125,2,3,0,0,0,0,0,3,4,0,3,3,,N,,,,,,,,,,,
2006113342,1841.0,3,0,0,0,0,0,0,0,0,1,0,,67,9,2006,6,40.0984,-75.0471,1836.0,6,0,0,0,0,0,0,0,0,1.0,0,0,0,18,3,2,1,,1.0,40 05:53.000,3.0,0,75 02:49.561,8,0,0,0,67301,0,0,0,N,0,0,0,7,67301,0,,1,1,,N,N,,0,,0,0,1,3,2,N,1832,2,4,0,0,1,2,0,3,4,0,4,3,,N,,,,,,,,,,,
2006105799,1750.0,1,0,0,0,0,0,0,0,0,7,0,,67,9,2006,6,39.9114,-75.1484,1740.0,6,0,0,1,0,0,0,0,0,1.0,0,0,0,17,1,0,0,,1.0,39 54:38.000,1.0,2,75 08:55.743,0,0,0,0,67301,0,0,0,,0,0,0,1,67301,0,,2,1,,,,,0,,0,0,0,0,0,N,1735,0,1,0,0,0,0,0,3,4,0,1,3,,N,,,,,,,,,,,
2006113412,1042.0,2,0,0,0,0,0,0,0,0,4,0,,67,10,2006,4,40.0102,-75.0981,1041.0,6,0,0,0,0,0,0,0,0,,0,0,0,10,1,1,0,,0.0,40 00:36.816,,7,75 05:53.123,4,0,0,0,67301,0,0,0,N,0,0,0,2,67301,1,,1,1,,N,N,,0,,0,0,0,0,0,,1040,1,2,0,0,0,0,1,3,4,0,2,3,,N,,,,,,,,,,,
2006113418,1135.0,2,0,0,0,0,0,0,0,0,4,0,,67,10,2006,2,40.0201,-75.1489,1130.0,6,0,0,0,0,0,1,1,0,,0,0,0,11,1,1,1,,0.0,40 01:12.000,,0,75 08:56.039,4,0,0,0,67301,0,0,0,N,0,0,0,4,67301,1,,1,1,,N,N,,0,,0,0,0,3,2,,1125,1,2,0,0,0,0,0,3,4,0,2,3,,N,,,,,,,,,,,
2006113420,932.0,1,0,0,0,0,0,0,0,0,8,0,,67,9,2006,5,39.9952,-75.1641,917.0,6,0,0,0,0,0,0,1,0,,0,0,0,9,1,1,1,,0.0,39 59:42.000,,0,75 09:50.830,3,0,0,0,67301,1,0,0,,1,0,0,2,67301,0,,1,1,,,,,0,,1,0,0,0,0,,915,1,2,0,0,0,0,0,3,4,0,1,3,,N,,,,,,,,,,,
2006113453,1625.0,1,0,0,0,0,0,0,0,0,1,0,,67,10,2006,2,39.9539,-75.1595,1618.0,6,0,0,0,0,1,0,0,0,,0,0,0,16,1,1,2,,0.0,39 57:14.000,,0,75 09:33.987,4,0,0,0,67301,0,0,0,N,0,0,0,2,67301,1,,1,1,,N,N,,0,,0,0,1,0,0,,1615,1,2,0,0,0,0,0,3,4,0,2,3,,N,,,,,,,,,,,
2006113455,1849.0,1,0,0,0,0,0,0,0,0,8,0,,67,10,2006,6,39.9515,-75.1568,1846.0,6,0,0,0,0,0,0,0,0,,0,0,0,18,3,1,0,,0.0,39 57:05.000,,0,75 09:24.170,2,0,0,0,67301,1,0,1,,1,0,1,2,67301,0,,1,1,,,,,0,,0,1,0,0,0,,1837,1,2,0,0,0,0,0,3,4,0,1,3,,N,,,,,,,,,,,
2006116033,1628.0,2,0,0,0,0,0,0,0,0,1,0,,67,10,2006,5,39.9538,-75.1751,1623.0,6,0,0,0,0,0,0,0,0,,0,0,0,15,1,2,1,,0.0,39 57:13.000,,0,75 10:30.675,8,0,0,0,67301,0,0,0,N,0,0,0,4,67301,0,,1,1,,N,N,,0,,0,0,1,3,2,,1508,2,3,0,0,0,2,1,3,4,0,3,3,,N,,,,,,,,,,,
2006116050,9999.0,2,0,0,0,0,0,0,0,0,4,0,,67,9,2006,7,39.9962,-75.1723,9999.0,6,0,0,0,0,0,0,0,0,9.0,0,0,0,99,1,2,1,,1.0,39 59:46.000,4.0,0,75 10:20.531,4,0,0,0,67301,0,0,0,N,0,0,0,3,67301,2,,1,9,,N,N,,0,,0,0,0,3,2,N,9999,2,2,0,0,0,0,0,3,4,0,2,7,,N,,,,,,,,,,,
2006105824,2100.0,1,0,0,0,0,0,0,0,0,7,0,,67,8,2006,2,40.0425,-75.1287,2100.0,6,1,0,0,0,0,0,0,0,,0,0,0,21,3,1,0,,0.0,40 02:33.033,,0,75 07:43.209,8,0,0,0,67301,0,0,0,N,0,0,0,5,67301,0,,5,1,,N,N,,0,,0,0,0,0,0,,2100,1,1,0,0,0,1,4,3,4,0,1,3,,N,,,,,,,,,,,
2006105848,710.0,1,0,0,0,0,0,0,0,0,8,0,,67,8,2006,1,39.9172,-75.2463,706.0,6,0,0,0,0,0,0,0,0,2.0,0,0,0,99,1,1,1,,1.0,39 55:01.000,2.0,0,75 14:46.549,2,0,0,0,67301,1,0,1,N,1,0,1,2,67301,0,,1,1,,N,N,,0,,0,1,0,3,2,N,9999,1,2,0,0,0,0,0,3,4,0,1,3,,N,,,,,,,,,,,
2006103385,1132.0,1,0,0,0,0,0,0,0,0,1,0,,67,9,2006,2,40.0076,-75.1273,1130.0,6,0,0,0,0,0,0,0,0,,0,0,0,11,1,1,1,,0.0,40 00:27.000,,0,75 07:38.390,3,0,0,0,67301,0,0,0,N,0,0,0,2,67301,0,,1,1,,N,N,,0,,1,0,0,1,2,,1130,1,2,0,0,1,0,1,3,4,1,2,3,,N,,,,,,,,,,,
2006124207,2207.0,1,0,0,1,0,0,0,0,0,5,0,,67,10,2006,6,40.0101,-75.1576,2205.0,6,0,0,1,0,0,0,0,0,,0,0,0,99,3,1,1,,0.0,40 00:35.000,,0,75 09:22.032,8,0,0,0,67301,1,0,0,N,0,0,0,2,67301,0,,1,9,,N,N,,0,,0,0,0,3,2,,9999,1,2,0,0,0,1,0,3,4,0,1,7,,N,,,,,,,,,,,
2006054224,932.0,1,0,0,0,0,0,0,0,0,4,0,,67,4,2006,2,39.9789,-75.1473,932.0,6,0,0,0,1,0,1,0,0,1.0,0,0,0,19,3,0,1,,1.0,39 58:44.040,2.0,0,75 08:50.377,9,0,0,0,67301,0,0,0,N,0,0,0,2,67301,0,,1,9,,N,N,,1,,0,0,0,3,3,Y,1950,0,2,0,0,0,0,2,3,4,0,2,7,,N,,,,,,,,,,,
2006038178,1835.0,1,0,0,0,0,0,0,0,0,8,0,,67,2,2006,3,40.0384,-75.1419,1827.0,6,0,0,0,0,0,0,0,0,,0,0,0,18,2,1,2,,0.0,40 02:18.000,,0,75 08:30.778,4,0,0,0,67301,1,0,0,,1,0,0,2,67301,1,,1,1,,N,N,,0,,0,0,0,3,3,,1825,1,2,0,0,0,0,0,3,4,0,1,3,,N,,,,,,,,,,,
2006035757,1710.0,2,0,0,0,0,0,0,0,0,4,0,,67,2,2006,7,40.0614,-75.0839,1709.0,6,0,0,0,0,1,0,0,0,,0,0,0,17,1,1,1,,0.0,40 03:41.000,,0,75 05:01.789,4,0,0,0,67301,0,0,0,,0,0,0,3,67301,1,,4,1,,N,N,,0,,0,0,0,3,2,,1704,1,2,0,0,2,0,1,3,4,0,2,3,,N,,,,,,,,,,,
2006054077,1559.0,1,0,0,0,0,0,0,0,0,8,0,,67,5,2006,4,,,1553.0,6,0,0,0,0,0,0,0,0,,0,0,0,15,1,1,1,,0.0,,,0,,4,0,0,0,67301,1,0,0,,1,0,0,2,67301,1,,1,1,,,,,0,,0,0,0,0,0,,1535,1,2,0,0,0,0,0,3,3,0,1,3,,N,,,,,,,,,,,
2006054063,2259.0,1,0,0,0,0,0,0,0,0,7,0,,67,4,2006,2,39.8768,-75.2547,2256.0,6,0,0,0,0,0,0,0,0,2.0,0,0,0,22,3,1,7,,2.0,39 52:36.000,2.0,0,75 15:16.318,3,0,0,0,67301,0,0,0,Y,0,0,0,1,67301,0,,7,9,,N,N,,0,,1,0,0,0,0,Y,2254,1,1,0,0,0,0,0,3,4,0,1,7,,N,,,,,,,,,,,
2006053763,9999.0,2,0,0,0,0,0,0,0,0,6,0,,67,4,2006,7,40.0241,-75.1306,1230.0,6,0,0,0,0,0,1,0,0,,0,0,0,11,1,1,1,,0.0,40 01:26.000,,0,75 07:49.002,8,0,0,0,67301,0,0,0,N,0,0,0,2,67301,0,,1,9,,N,N,,0,,0,0,0,3,2,,1130,1,2,0,0,0,1,0,3,4,0,2,7,,N,,,,,,,,,,,
2006020520,1251.0,3,0,0,0,0,0,0,0,0,4,0,,67,1,2006,5,40.0316,-75.2076,1250.0,6,0,0,0,0,0,1,1,0,,0,0,0,12,1,0,1,,0.0,40 01:53.000,,0,75 12:27.590,0,0,0,0,67301,0,0,0,N,0,0,0,3,67301,0,,1,1,,N,N,,0,,0,0,0,2,2,,1248,0,3,0,0,0,0,0,3,4,0,3,3,,N,,,,,,,,,,,
2006094880,1405.0,2,0,0,0,0,0,0,0,0,1,0,,67,7,2006,6,40.0464,-75.0467,1400.0,6,1,0,0,0,0,0,0,0,,0,0,0,13,1,2,0,,0.0,40 02:46.958,,0,75 02:48.076,4,0,0,0,67301,0,0,0,,0,0,0,2,67301,2,,6,9,,N,N,,0,,0,0,0,0,0,,1335,2,2,0,0,0,0,0,3,4,0,2,7,,N,,,,,,,,,,,
2006094888,2008.0,0,0,0,0,0,0,0,0,0,8,0,,67,7,2006,6,39.9976,-75.1173,2005.0,6,0,0,0,0,0,0,0,0,,0,0,0,20,1,1,1,,0.0,39 59:51.280,,0,75 07:02.132,3,0,0,0,67301,1,0,0,N,1,0,0,2,67301,0,,1,1,,N,N,,0,,1,0,0,0,0,,2001,1,2,0,0,0,0,0,3,4,1,1,3,,N,,,,,,,,,,,
2006055871,1732.0,1,0,0,0,0,0,0,0,0,8,0,,67,4,2006,5,39.982,-75.1744,1722.0,6,0,0,0,0,0,0,0,0,,0,0,0,17,1,1,0,,0.0,39 58:55.000,,0,75 10:28.055,4,0,0,0,67301,1,0,0,N,1,0,0,2,67301,1,,1,1,,N,N,,0,,0,0,0,0,0,,1722,1,2,0,0,0,0,0,3,4,0,1,3,,N,,,,,,,,,,,
2006055836,1315.0,2,0,0,0,0,0,0,0,0,4,0,,67,4,2006,6,40.0421,-75.1594,1309.0,6,0,0,0,0,0,0,0,0,,0,0,0,13,1,1,0,,0.0,40 02:31.737,,0,75 09:33.940,4,0,0,0,67301,0,0,0,N,0,0,0,2,67301,1,,1,9,,N,N,,0,,0,0,0,0,0,,1309,1,2,0,0,0,0,0,3,4,0,2,7,,N,,,,,,,,,,,
2006092467,1715.0,1,0,0,0,0,0,0,0,0,4,0,,67,8,2006,6,40.0085,-75.2107,1710.0,6,0,0,0,0,0,0,0,0,,0,0,0,17,1,1,1,,0.0,40 00:30.000,,0,75 12:39.792,4,0,0,0,67301,0,0,0,N,0,0,0,2,67301,1,,1,1,,N,N,,0,,0,0,1,3,2,,1705,1,2,0,0,0,0,0,3,4,0,2,3,,N,,,,,,,,,,,
2006055946,307.0,1,0,0,0,0,0,0,0,0,9,0,,67,4,2006,7,40.0103,-75.2071,305.0,6,0,0,0,0,1,0,0,0,1.0,0,0,0,2,3,1,1,,1.0,40 00:37.000,1.0,0,75 12:25.411,8,0,0,0,67301,0,0,0,N,0,0,0,3,67301,0,,1,1,,N,N,,0,,0,0,0,0,0,N,245,1,2,0,0,0,1,2,3,4,0,2,3,,N,,,,,,,,,,,
2006055972,252.0,2,0,0,0,0,0,0,0,0,4,0,,67,4,2006,7,40.0489,-75.1414,250.0,6,0,0,0,0,0,0,0,0,,0,0,0,2,3,5,1,,0.0,40 02:55.971,,0,75 08:28.928,4,0,0,0,67301,0,0,0,N,0,0,0,5,67301,5,,1,9,,N,N,,0,,0,0,0,3,3,,249,5,2,0,0,0,0,0,3,4,0,2,3,,N,,,,,,,,,,,
2006055984,255.0,2,0,1,0,0,0,0,0,0,4,0,,67,4,2006,7,39.9867,-75.2506,246.0,6,0,0,0,0,1,0,0,0,,0,0,0,2,3,1,1,,0.0,39 59:12.000,,0,75 15:02.682,2,0,0,0,67301,0,0,0,N,0,0,0,2,67301,0,,1,9,,N,N,,0,,0,1,0,9,3,,235,1,2,0,0,0,0,0,3,4,0,2,7,,N,,,,,,,,,,,
2006056085,1610.0,2,0,0,0,0,0,0,0,0,4,0,,67,5,2006,2,39.9968,-75.1034,1554.0,6,0,0,0,0,0,0,0,0,,0,0,0,15,1,1,0,,0.0,39 59:48.000,,0,75 06:12.168,4,0,0,0,67301,0,0,0,N,0,0,0,4,67301,1,,1,1,,N,N,,0,,0,0,0,3,2,,1530,1,2,0,0,3,0,0,3,4,0,2,3,,N,,,,,,,,,,,
2006056108,1622.0,1,0,0,0,0,0,0,0,0,1,0,,67,3,2006,5,40.0551,-75.1577,1618.0,6,0,0,0,0,0,0,0,0,,0,0,0,16,1,0,1,,0.0,40 03:18.000,,0,75 09:27.958,0,0,0,0,67301,0,0,0,N,0,0,0,3,67301,0,,1,1,,N,N,,0,,0,0,1,3,2,,1600,0,3,0,0,0,0,0,3,4,1,3,3,,N,,,,,,,,,,,
2006056122,1742.0,2,0,0,0,0,0,0,0,0,4,0,,67,4,2006,5,,,1740.0,6,0,0,0,0,0,0,0,0,,0,0,0,17,1,1,2,,0.0,,,0,,4,0,0,0,67301,0,0,0,N,0,0,0,2,67301,1,,1,1,,N,N,,0,,0,0,0,3,2,,1740,1,2,0,0,0,0,0,3,3,0,2,3,,N,,,,,,,,,,,
2006056129,1630.0,3,0,0,0,0,0,0,0,0,5,0,,67,3,2006,7,40.0272,-75.0251,1625.0,6,0,0,0,0,0,0,0,0,9.0,0,0,0,16,1,1,0,,1.0,40 01:38.280,3.0,1,75 01:30.000,4,0,0,0,67301,0,0,0,N,0,0,0,2,67301,1,,1,9,,N,N,,0,,0,0,0,0,0,N,1615,1,3,0,0,0,0,0,3,4,0,3,7,,N,,,,,,,,,,,
2006081562,2329.0,2,0,0,0,0,0,0,0,0,4,0,,67,5,2006,2,40.006,-75.1766,2328.0,6,0,0,0,1,0,0,0,0,,0,0,0,23,3,4,2,,0.0,40 00:22.000,,0,75 10:36.310,8,0,0,0,67301,0,0,0,N,0,0,0,4,67301,0,,1,1,,N,N,,0,,0,0,0,3,2,,2325,4,2,0,0,1,4,0,3,4,0,2,3,,N,,,,,,,,,,,
2006081432,855.0,2,0,0,0,0,0,0,0,0,1,0,,67,5,2006,7,,,847.0,6,0,0,0,0,0,0,0,0,1.0,0,0,0,8,1,0,0,,1.0,,3.0,3,,9,0,0,0,67301,0,0,0,N,0,0,0,2,67301,0,,1,1,,N,N,,0,,0,0,0,0,0,N,840,0,2,0,0,0,0,1,3,3,0,2,3,,N,,,,,,,,,,,
2006081484,418.0,0,0,0,0,0,0,0,0,0,7,0,,67,6,2006,6,39.9469,-75.1883,415.0,6,0,0,0,0,0,0,0,0,1.0,0,0,0,4,3,0,7,,2.0,39 56:48.840,4.0,0,75 11:17.880,0,0,0,0,67301,0,0,0,N,0,0,0,1,67301,0,,2,9,,N,N,,0,,0,0,1,0,0,N,415,0,1,0,0,0,0,0,3,4,0,1,7,,N,,,,,,,,,,,
2006081589,1728.0,2,0,0,0,0,0,0,0,0,5,0,,67,6,2006,7,40.0072,-75.1744,1725.0,6,0,0,0,0,0,1,1,0,1.0,0,0,0,17,1,2,1,,1.0,40 00:26.000,3.0,0,75 10:28.760,4,0,0,0,67301,0,0,0,N,0,0,0,3,67301,2,,1,1,,N,N,,0,,0,0,0,3,2,N,1721,2,2,0,0,1,0,0,3,4,0,2,3,,N,,,,,,,,,,,
2006081606,935.0,0,0,0,0,0,0,0,0,0,1,0,,67,6,2006,2,40.0036,-75.1812,929.0,6,0,0,0,0,0,0,0,0,,0,0,0,8,1,1,1,,0.0,40 00:13.000,,0,75 10:52.679,8,0,0,0,67301,0,0,0,N,0,0,0,2,67301,0,,1,1,,N,N,,0,,0,0,2,3,2,,845,1,2,0,0,0,1,0,3,4,0,2,3,,N,,,,,,,,,,,
2006081630,1803.0,1,0,0,0,0,0,0,0,0,8,0,,67,5,2006,7,,,1800.0,6,0,0,0,0,0,0,0,0,,0,0,0,17,1,1,0,,0.0,,,0,,4,0,0,0,67301,1,0,0,N,1,0,0,3,67301,1,,1,1,,N,N,,0,,0,0,0,0,0,,1700,1,2,0,0,0,0,0,3,3,0,1,3,,N,,,,,,,,,,,
2006081640,2125.0,0,0,0,1,0,0,0,0,0,8,0,,67,5,2006,2,39.9131,-75.2447,2116.0,6,0,0,0,0,0,0,0,0,,0,0,0,20,8,1,0,,0.0,39 54:47.030,,7,75 14:40.902,8,0,0,0,67301,1,0,0,N,0,0,0,2,67301,0,,1,1,,N,N,,1,,0,0,0,0,0,,2030,1,2,0,0,0,1,0,3,4,0,1,3,,N,,,,,,,,,,,
2006115782,1520.0,1,0,0,0,0,0,0,0,0,8,0,,67,9,2006,4,39.9122,-75.1753,1510.0,6,0,0,0,0,0,0,0,0,,0,0,0,15,1,1,1,,0.0,39 54:43.963,,0,75 10:31.115,4,0,0,0,67301,1,0,0,N,1,0,0,2,67301,1,,1,1,,N,N,,0,,0,0,0,3,2,,1510,1,2,0,0,0,0,0,3,4,0,1,3,,N,,,,,,,,,,,
2006105730,1243.0,0,0,0,0,0,0,1,0,0,1,1,,67,8,2006,4,40.0443,-75.0541,1238.0,6,0,0,0,0,0,0,0,0,,0,0,0,12,1,1,1,,0.0,40 02:39.000,,0,75 03:14.906,8,0,0,0,67301,0,0,0,N,0,0,0,2,67301,0,,1,9,,N,N,,0,,0,0,1,3,2,,1220,1,2,0,0,0,1,0,3,4,0,2,7,,N,,,,,,,,,,,
2006105760,1731.0,2,0,0,0,0,0,0,0,0,2,0,,67,9,2006,6,39.9662,-75.2278,1724.0,6,0,0,0,0,0,0,0,0,,0,0,0,17,2,1,1,,0.0,39 57:58.000,,0,75 13:40.276,4,0,0,0,67301,0,0,0,N,0,0,0,3,67301,1,,1,9,,N,N,,0,,0,0,0,3,2,,1720,1,2,0,0,0,0,1,3,4,0,2,7,,N,,,,,,,,,,,
2006113430,1640.0,2,0,0,0,0,0,0,0,0,4,0,,67,9,2006,5,39.9934,-75.097,1630.0,6,0,0,0,0,0,0,0,0,,0,0,0,16,1,2,1,,0.0,39 59:36.000,,0,75 05:49.122,4,0,0,0,67301,0,0,0,,0,0,0,3,67301,2,,1,1,,,,,0,,0,0,0,9,2,,1600,2,2,0,0,0,0,1,3,4,0,2,3,,N,,,,,,,,,,,
2006113472,1440.0,2,0,0,0,0,0,0,0,0,4,0,,67,10,2006,2,40.0292,-75.1227,1437.0,6,0,0,0,0,0,0,0,0,,0,0,0,14,1,1,1,,0.0,40 01:45.094,,0,75 07:21.831,4,0,0,0,67301,0,0,0,,0,0,0,5,67301,1,,1,1,,N,N,,0,,0,0,0,0,0,,1437,1,2,0,0,0,0,0,3,4,0,2,3,,N,,,,,,,,,,,
2006105871,333.0,2,0,0,0,0,0,0,0,0,5,0,,67,9,2006,4,39.9274,-75.1929,331.0,6,0,0,0,0,0,0,0,0,9.0,0,0,0,3,3,1,0,,2.0,39 55:38.000,3.0,0,75 11:35.229,4,0,0,0,67301,0,0,0,N,0,0,0,1,67301,1,,1,1,,N,N,,0,,0,0,1,0,0,N,330,1,3,0,0,1,0,0,3,4,0,3,3,,N,,,,,,,,,,,
2006103390,306.0,1,0,0,0,0,0,0,0,0,8,0,,67,9,2006,6,39.9909,-75.1016,355.0,6,0,0,0,0,0,0,0,0,,0,0,0,23,3,1,1,,0.0,39 59:27.381,,0,75 06:05.712,8,0,0,0,67301,1,0,0,N,1,0,0,2,67301,0,,1,1,,N,N,,0,,0,0,0,0,0,,2300,1,2,0,0,0,1,0,3,4,0,1,3,,N,,,,,,,,,,,
2006054093,1845.0,1,0,0,0,0,0,0,0,0,8,0,,67,4,2006,1,40.0532,-75.1588,1825.0,6,0,0,0,0,0,0,0,0,,0,0,0,22,3,1,5,,0.0,40 03:11.678,,0,75 09:31.625,2,0,0,0,67301,1,0,1,N,1,0,1,2,67301,0,,1,1,,N,N,,0,,0,1,0,3,3,,2200,1,2,0,0,0,0,1,3,4,0,1,99,,N,,,,,,,,,,,
2006054123,9999.0,2,0,0,0,0,0,0,0,0,4,0,,67,3,2006,6,,,9999.0,6,0,0,0,0,0,1,0,0,,0,0,0,99,1,1,1,,0.0,,,0,,2,0,0,0,67301,0,0,0,N,0,0,0,2,67301,0,,1,1,,N,N,,0,,0,1,0,3,2,,9999,1,2,0,0,0,0,0,3,3,0,2,3,,N,,,,,,,,,,,
2006037227,1653.0,2,0,0,0,0,0,0,0,0,4,0,,67,3,2006,7,40.074,-75.1586,1651.0,6,0,0,0,0,0,0,0,0,,0,0,0,16,1,1,0,,0.0,40 04:26.000,,0,75 09:30.599,4,0,0,0,67301,0,0,0,N,0,0,0,3,67301,1,,1,1,,N,N,,0,,0,0,0,0,0,,1639,1,2,0,0,0,0,0,3,4,0,2,3,,N,,,,,,,,,,,