CRN,ARRIVAL_TM,AUTOMOBILE_COUNT,BELTED_DEATH_COUNT,BELTED_SUSP_SERIOUS_INJ_COUNT,BICYCLE_COUNT,BICYCLE_DEATH_COUNT,BICYCLE_SUSP_SERIOUS_INJ_COUNT,BUS_COUNT,CHLDPAS_DEATH_COUNT,CHLDPAS_SUSP_SERIOUS_INJ_COUNT,COLLISION_TYPE,COMM_VEH_COUNT,CONS_ZONE_SPD_LIM,COUNTY,CRASH_MONTH,CRASH_YEAR,DAY_OF_WEEK,DEC_LAT,DEC_LONG,DISPATCH_TM,DISTRICT,DRIVER_COUNT_16YR,DRIVER_COUNT_17YR,DRIVER_COUNT_18YR,DRIVER_COUNT_19YR,DRIVER_COUNT_20YR,DRIVER_COUNT_50_64YR,DRIVER_COUNT_65_74YR,DRIVER_COUNT_75PLUS,EST_HRS_CLOSED,FATAL_COUNT,HEAVY_TRUCK_COUNT,HORSE_BUGGY_COUNT,HOUR_OF_DAY,ILLUMINATION,INJURY_COUNT,INTERSECT_TYPE,INTERSECTION_RELATED,LANE_CLOSED,LATITUDE,LN_CLOSE_DIR,LOCATION_TYPE,LONGITUDE,MAX_SEVERITY_LEVEL,MCYCLE_DEATH_COUNT,MCYCLE_SUSP_SERIOUS_INJ_COUNT,MOTORCYCLE_COUNT,MUNICIPALITY,NONMOTR_COUNT,NONMOTR_DEATH_COUNT,NONMOTR_SUSP_SERIOUS_INJ_COUNT,NTFY_HIWY_MAINT,PED_COUNT,PED_DEATH_COUNT,PED_SUSP_SERIOUS_INJ_COUNT,PERSON_COUNT,POLICE_AGCY,POSSIBLE_INJ_COUNT,RDWY_SURF_TYPE_CD,RELATION_TO_ROAD,ROAD_CONDITION,ROADWAY_CLEARED,SCH_BUS_IND,SCH_ZONE_IND,SECONDARY_CRASH,SMALL_TRUCK_COUNT,SPEC_JURIS_CD,SUSP_MINOR_INJ_COUNT,SUSP_SERIOUS_INJ_COUNT,SUV_COUNT,TCD_FUNC_CD,TCD_TYPE,TFC_DETOUR_IND,TIME_OF_DAY,TOT_INJ_COUNT,TOTAL_UNITS,UNB_DEATH_COUNT,UNB_SUSP_SERIOUS_INJ_COUNT,UNBELTED_OCC_COUNT,UNK_INJ_DEG_COUNT,UNK_INJ_PER_COUNT,URBAN_AREA,URBAN_RURAL,VAN_COUNT,VEHICLE_COUNT,WEATHER1,WEATHER2,WORK_ZONE_IND,WORK_ZONE_LOC,WORK_ZONE_TYPE,WORKERS_PRES,WZ_CLOSE_DETOUR,WZ_FLAGGER,WZ_LAW_OFFCR_IND,WZ_LN_CLOSURE,WZ_MOVING,WZ_OTHER,WZ_SHLDER_MDN,WZ_WORKERS_INJ_KILLED
2006022173,2147.0,1,0,0,0,0,0,0,0,0,1,0,,67,1,2006,5,39.9774,-75.1813,2146.0,6,0,0,0,0,0,0,0,0,,0,0,0,21,3,1,0,,0.0,39 58:38.510,,0,75 10:52.510,4,0,0,0,67301,0,0,0,N,0,0,0,2,67301,1,,1,1,,N,N,,0,,0,0,1,0,0,,2146,1,4,0,0,0,0,0,3,4,2,4,3,,N,,,,,,,,,,,
2006021348,1023.0,1,0,0,0,0,0,0,0,0,7,0,,67,1,2006,6,,,1017.0,6,0,0,0,0,0,1,0,0,,0,0,0,10,1,1,0,,0.0,,,7,,3,0,0,0,67301,0,0,0,N,0,0,0,1,67301,0,,5,9,,N,N,,0,,1,0,0,0,0,,1016,1,1,0,0,0,0,0,3,3,0,1,5,,N,,,,,,,,,,,
2006023989,431.0,1,0,0,0,0,0,0,0,0,5,1,,67,2,2006,6,,,428.0,6,0,1,0,0,0,0,0,0,2.0,0,1,0,4,3,2,0,,2.0,,3.0,3,,8,0,0,0,67301,0,0,0,N,0,0,0,6,67501,0,,1,9,,N,N,,0,,0,0,0,3,8,N,428,2,2,0,0,0,2,1,3,3,0,2,7,,N,,,,,,,,,,,
2006018828,2140.0,2,0,0,0,0,0,0,0,0,4,0,,67,1,2006,5,39.9921,-75.0993,2138.0,6,0,1,1,0,0,0,0,0,,0,0,0,21,3,1,1,,0.0,39 59:31.000,,0,75 05:57.323,4,0,0,0,67301,0,0,0,,0,0,0,6,67301,1,,1,1,,N,N,,0,,0,0,0,3,2,,2106,1,2,0,0,6,0,0,3,4,0,2,3,,N,,,,,,,,,,,
2006021323,835.0,1,0,0,0,0,0,0,0,0,6,0,,67,1,2006,5,40.0032,-75.1526,833.0,6,0,0,0,0,0,0,0,0,,0,0,0,8,1,1,5,,0.0,40 00:11.000,,0,75 09:09.678,8,0,0,0,67301,0,0,0,,0,0,0,2,67301,0,,1,1,,N,N,,1,,0,0,0,3,2,,825,1,2,0,0,0,1,0,3,4,0,2,3,,N,,,,,,,,,,,
2006021337,45.0,2,0,0,0,0,0,0,0,0,2,0,,67,1,2006,7,39.9239,-75.2221,45.0,6,0,0,0,0,0,0,0,0,,0,0,0,0,3,2,1,,0.0,39 55:26.000,,0,75 13:19.580,4,0,0,0,67301,0,0,0,N,0,0,0,3,67301,2,,1,9,,N,N,,0,,0,0,0,9,2,,30,2,2,0,0,0,0,1,3,4,0,2,7,,N,,,,,,,,,,,
2006092384,1518.0,1,0,0,0,0,0,0,0,0,4,0,,67,8,2006,1,,,1516.0,6,0,0,0,0,0,0,0,0,,0,0,0,15,1,1,1,,0.0,,,0,,8,0,0,0,67301,0,0,0,,0,0,0,4,67301,0,,1,1,,N,N,,0,,0,0,1,3,2,,1514,1,3,0,0,0,1,0,3,3,1,3,3,,N,,,,,,,,,,,
2006092385,1947.0,1,0,0,0,0,0,0,0,0,5,0,,67,8,2006,5,40.1292,-75.0249,1945.0,6,0,0,0,0,0,1,0,0,,0,0,0,19,4,1,2,,0.0,39 58:12.000,,2,75 07:27.732,3,0,0,1,67301,0,0,0,,0,0,0,2,67301,0,,1,1,,,,,0,,1,0,0,0,0,,1940,1,2,0,0,0,0,0,3,4,0,2,3,,N,,,,,,,,,,,
2006081918,1054.0,3,0,0,0,0,0,0,0,0,4,0,,67,7,2006,4,39.9624,-75.2447,1053.0,6,0,0,0,0,0,0,0,0,,0,0,0,10,1,1,1,,0.0,39 57:44.000,,0,75 14:40.896,4,0,0,0,67301,0,0,0,N,0,0,0,3,67301,1,,1,1,,N,N,,0,,0,0,1,3,2,,1040,1,4,0,0,0,0,0,3,4,0,4,3,,N,,,,,,,,,,,
2006053500,1615.0,2,0,0,0,0,0,0,0,0,1,0,,67,5,2006,3,39.9402,-75.2006,1610.0,6,0,0,0,0,0,2,0,0,2.0,0,0,0,16,1,3,2,,1.0,39 56:25.000,4.0,8,75 12:03.297,8,0,0,0,67301,0,0,0,N,0,0,0,5,67301,0,,1,1,,N,N,,0,,0,0,1,3,2,Y,1605,3,4,0,0,1,3,0,3,4,1,4,3,,N,,,,,,,,,,,
2006053818,1240.0,1,0,0,0,0,0,0,0,0,7,0,,67,3,2006,6,40.0234,-75.0334,1226.0,6,0,0,1,0,0,0,0,0,,0,0,0,12,1,1,7,,0.0,40 01:24.240,,0,75 02:00.600,4,0,0,0,67301,0,0,0,N,0,0,0,1,67301,1,,2,1,,N,N,,0,,0,0,0,0,0,,1226,1,1,0,0,0,0,0,3,4,0,1,3,,N,,,,,,,,,,,
2006094878,1147.0,2,0,0,0,0,0,0,0,0,4,0,,67,7,2006,2,40.0512,-75.0661,1143.0,6,0,1,0,0,0,0,0,0,,0,0,0,11,1,1,1,,0.0,40 03:04.000,,0,75 03:57.730,4,0,0,0,67301,0,0,0,N,0,0,0,3,67301,1,,1,1,,N,N,,0,,0,0,0,3,2,,1140,1,2,0,0,0,0,0,3,4,0,2,3,,N,,,,,,,,,,,
2006094903,1343.0,2,0,0,0,0,0,0,0,0,5,0,,67,7,2006,3,40.0473,-75.1428,1340.0,6,0,0,0,0,0,0,1,0,,0,0,0,13,1,1,0,,0.0,40 02:50.000,,7,75 08:34.270,4,0,0,0,67301,0,0,0,N,0,0,0,5,67301,1,,1,1,,N,N,,0,,0,0,0,0,0,,1335,1,2,0,0,0,0,0,3,4,0,2,3,,N,,,,,,,,,,,
2006094941,1350.0,1,0,0,0,0,0,0,0,0,4,0,,67,8,2006,2,,,1330.0,6,0,0,0,0,0,0,0,0,,0,0,0,13,1,2,1,,0.0,,,0,,4,0,0,0,67301,0,0,0,N,0,0,0,2,67301,1,,9,1,,N,N,,0,,0,0,1,3,1,,1330,2,2,0,0,0,1,0,3,3,0,2,3,,N,,,,,,,,,,,
2006094951,1835.0,1,0,0,0,0,0,0,0,0,8,0,,67,8,2006,4,39.9495,-75.1659,1824.0,6,0,0,0,0,0,0,0,0,,0,0,0,18,1,1,1,,0.0,39 56:58.000,,0,75 09:56.987,4,0,0,0,67301,1,0,0,N,1,0,0,2,67301,1,,1,1,,N,N,,0,,0,0,0,3,2,,1822,1,2,0,0,0,0,0,3,4,0,1,3,,N,,,,,,,,,,,
2006095000,2052.0,1,0,0,0,0,0,0,0,0,8,0,,67,8,2006,6,40.0231,-75.0588,2050.0,6,0,0,0,0,0,0,0,0,,0,0,0,20,3,1,1,,0.0,40 01:23.282,,0,75 03:31.838,4,0,0,0,67301,1,0,0,N,1,0,0,2,67301,1,,1,1,,N,N,,0,,0,0,0,3,3,,2030,1,2,0,0,0,0,1,3,4,0,1,3,,N,,,,,,,,,,,
2006055934,22.0,1,0,0,0,0,0,0,0,0,7,0,,67,4,2006,3,,,20.0,6,0,0,0,0,0,0,0,0,1.0,0,0,0,0,3,0,1,,1.0,,3.0,0,,9,0,0,0,67301,0,0,0,N,0,0,0,1,67301,0,,3,9,,N,N,,0,,0,0,0,3,4,N,20,0,1,0,0,0,0,1,3,3,0,1,7,,N,,,,,,,,,,,
2006055959,1708.0,2,0,0,0,0,0,0,0,0,4,0,,67,3,2006,7,,,1708.0,6,0,0,0,0,0,0,1,0,,0,0,0,17,1,1,2,,0.0,,,0,,4,0,0,0,67301,0,0,0,N,0,0,0,6,67301,1,,1,1,,N,N,,0,,0,0,0,3,2,,1700,1,3,0,0,0,0,0,3,3,1,3,3,,N,,,,,,,,,,,
2006056023,838.0,1,0,0,0,0,0,0,0,0,4,0,,67,4,2006,7,,,836.0,6,0,0,0,0,0,2,0,0,,0,0,0,8,1,2,1,,0.0,,,0,,4,0,0,0,67301,0,0,0,N,0,0,0,2,67301,2,,1,1,,N,N,,0,,0,0,0,3,2,,835,2,2,0,0,0,0,0,3,3,1,2,3,,N,,,,,,,,,,,
2006056072,9999.0,1,0,0,0,0,0,1,0,0,4,0,,67,3,2006,5,40.0229,-75.1632,9999.0,6,0,0,0,0,0,1,0,0,,0,0,0,99,1,2,2,,0.0,40 01:22.000,,0,75 09:47.680,4,0,0,0,67301,0,0,0,N,0,0,0,3,67301,2,,1,1,,Y,N,,0,,0,0,0,3,3,,9999,2,2,0,0,0,0,0,3,4,0,2,3,,N,,,,,,,,,,,
2006056097,1310.0,1,0,0,0,0,0,0,0,0,4,0,,67,4,2006,7,40.0215,-75.0632,1309.0,6,0,0,0,0,0,1,0,0,,0,0,0,13,1,2,1,,0.0,40 01:17.000,,0,75 03:47.584,4,0,0,0,67301,0,0,0,N,0,0,0,4,67301,2,,1,9,,N,N,,0,,0,0,1,0,0,,1306,2,2,0,0,0,0,0,3,4,0,2,7,,N,,,,,,,,,,,
2006092706,2247.0,2,0,0,0,0,0,0,0,0,4,0,,67,8,2006,4,40.0089,-75.0719,2245.0,6,0,0,0,0,1,1,0,0,,0,0,0,22,3,1,1,,0.0,40 00:31.000,,0,75 04:18.646,3,0,0,0,67301,0,0,0,N,0,0,0,6,67301,0,,1,1,,N,N,,1,,1,0,0,0,0,,2233,1,3,0,0,6,0,0,3,4,0,3,3,,N,,,,,,,,,,,
2006092878,1155.0,2,0,0,0,0,0,0,0,0,1,0,,67,8,2006,5,40.0536,-75.0704,1155.0,6,0,0,0,0,0,0,0,0,,0,0,0,11,1,1,0,,0.0,40 03:13.000,,0,75 04:13.353,8,0,0,0,67301,0,0,0,,0,0,0,2,67301,0,,1,1,,,,,0,,0,0,0,0,0,,1155,1,2,0,0,0,1,0,3,4,0,2,3,,N,,,,,,,,,,,
2006092879,1458.0,2,0,0,0,0,0,0,0,0,1,0,,67,7,2006,1,40.066,-75.1592,1455.0,6,0,0,0,0,0,0,1,0,,0,0,0,14,1,1,0,,0.0,40 03:57.000,,0,75 09:32.937,4,0,0,0,67301,0,0,0,N,0,0,0,2,67301,1,,1,1,,N,N,,0,,0,0,0,0,0,,1415,1,2,0,0,0,0,0,3,4,0,2,3,,N,,,,,,,,,,,
2006053898,1756.0,1,0,0,0,0,0,0,0,0,8,0,,67,4,2006,6,,,1752.0,6,0,0,0,0,0,0,0,0,,0,0,0,17,1,1,0,,0.0,,,0,,4,0,0,0,67301,1,0,0,N,1,0,0,5,67301,1,,1,1,,N,N,,0,,0,0,0,0,0,,1748,1,2,0,0,0,0,0,3,3,0,1,3,,N,,,,,,,,,,,
2006053959,1610.0,3,0,0,0,0,0,0,0,0,1,0,,67,4,2006,2,40.0075,-75.1924,1605.0,6,0,0,0,0,0,0,0,0,,0,0,0,16,1,2,0,,0.0,40 00:28.000,,0,75 11:30.108,4,0,0,0,67301,0,0,0,,0,0,0,4,67301,2,,1,1,,,,,0,,0,0,0,0,0,,1605,2,3,0,0,0,0,0,3,4,0,3,3,,N,,,,,,,,,,,
2006081078,2129.0,2,0,0,0,0,0,0,0,0,4,0,,67,7,2006,7,,,2127.0,6,0,0,0,0,0,0,1,0,1.0,0,0,0,21,3,1,1,,1.0,,3.0,0,,4,0,0,0,67301,0,0,0,N,0,0,0,1,67301,1,,1,1,,N,N,,0,,0,0,0,3,2,N,2119,1,2,0,0,0,0,0,3,3,0,2,3,,N,,,,,,,,,,,
2006081123,1930.0,0,0,0,0,0,0,0,0,0,5,0,,67,6,2006,5,,,1927.0,6,0,0,0,0,0,0,0,0,,0,0,0,19,1,1,0,,0.0,,,0,,3,0,0,1,67301,0,0,0,N,0,0,0,1,67301,0,,6,1,,N,N,,0,,1,0,0,0,0,,1925,1,2,0,0,0,0,0,3,3,1,2,3,,N,,,,,,,,,,,
2006081145,1915.0,2,0,0,1,0,0,0,0,0,4,0,,67,6,2006,2,,,1913.0,6,0,0,0,0,0,1,0,0,1.0,0,0,0,18,1,1,1,,1.0,,4.0,0,,8,0,0,0,67301,1,0,0,N,0,0,0,3,67301,0,,1,1,,N,N,,0,,0,0,0,3,2,N,1844,1,3,0,0,0,1,0,3,3,0,2,3,,N,,,,,,,,,,,
2006081550,1630.0,2,0,0,0,0,0,0,0,0,6,0,,67,6,2006,3,39.9915,-75.2266,1620.0,6,0,0,0,0,0,1,0,0,,0,0,0,15,1,1,1,,0.0,39 59:29.569,,0,75 13:35.687,4,0,0,0,67301,0,0,0,N,0,0,0,3,67301,1,,1,1,,N,N,,1,,0,0,0,3,2,,1551,1,3,0,0,0,0,1,3,4,0,3,3,,N,,,,,,,,,,,
2006081551,1639.0,1,0,0,0,0,0,0,0,0,1,0,,67,6,2006,7,,,1639.0,6,0,0,0,0,0,0,0,0,,0,0,0,16,1,1,0,,0.0,,,0,,3,0,0,1,67301,0,0,0,N,0,0,0,1,67301,0,,6,1,,N,N,,0,,1,0,0,0,0,,1637,1,2,0,0,0,0,0,3,3,0,2,3,,N,,,,,,,,,,,
2006081463,1720.0,1,0,0,0,0,0,0,0,0,8,0,,67,5,2006,5,,,1700.0,6,0,0,0,0,0,1,0,0,,0,0,0,16,1,0,1,,0.0,,,0,,9,0,0,0,67301,1,0,0,N,1,0,0,2,67301,0,,1,1,,N,N,,0,,0,0,0,3,2,,1658,0,2,0,0,1,0,1,3,3,0,1,3,,N,,,,,,,,,,,
2006081638,1844.0,1,0,0,0,0,0,0,0,0,4,0,,67,5,2006,3,,,1842.0,6,0,0,0,0,0,0,1,0,,0,0,0,18,1,2,2,,0.0,,,0,,4,0,0,0,67301,0,0,0,N,0,0,0,3,67301,2,,1,1,,N,N,,0,,0,0,0,3,3,,1842,2,2,0,0,1,0,0,3,3,0,2,99,,N,,,,,,,,,,,
2006113082,1010.0,1,0,0,1,0,0,0,0,0,2,0,,67,10,2006,3,39.954,-75.1767,1006.0,6,0,0,0,0,0,0,0,0,,0,0,0,9,1,1,1,,0.0,39 57:14.000,,0,75 10:36.430,4,0,0,0,67301,1,0,0,N,0,0,0,2,67301,1,,1,9,,N,N,,0,,0,0,0,3,2,,946,1,2,0,0,0,0,0,3,4,0,1,7,,N,,,,,,,,,,,
2006115758,1305.0,2,0,0,0,0,0,0,0,0,2,0,,67,10,2006,1,40.0908,-75.0685,1257.0,6,0,0,0,0,0,0,0,0,2.0,0,0,0,12,1,3,0,,1.0,40 05:26.782,1.0,0,75 04:06.740,2,0,0,0,67301,0,0,0,N,0,0,0,3,67301,0,,1,1,,N,N,,0,,2,1,0,0,0,N,1257,3,2,0,0,0,0,0,3,4,0,2,3,,N,,,,,,,,,,,
2006115779,213.0,1,0,0,0,0,0,0,0,0,8,0,,67,9,2006,5,39.957,-75.2194,311.0,6,0,0,0,0,0,0,0,0,,0,0,0,3,6,1,1,,0.0,39 57:25.138,,0,75 13:09.994,4,0,0,0,67301,1,0,0,N,1,0,0,2,67301,1,,1,1,,N,N,,0,,0,0,0,0,0,,311,1,2,0,0,0,0,0,3,4,0,1,3,,N,,,,,,,,,,,
2006113337,2243.0,0,0,0,0,0,0,0,0,0,7,0,,67,10,2006,4,39.9714,-75.1594,2242.0,6,0,0,0,0,0,1,0,0,,0,0,0,22,3,0,1,,0.0,39 58:17.205,,0,75 09:33.736,0,0,0,0,67301,0,0,0,N,0,0,0,1,67301,0,,3,9,,N,N,,0,,0,0,1,3,2,,2240,0,1,0,0,0,0,0,3,4,0,1,7,,N,,,,,,,,,,,
2006113371,1720.0,0,0,0,0,0,0,0,0,0,0,0,,67,9,2006,1,40.0237,-75.0312,1718.0,6,0,0,0,0,0,0,0,0,1.0,0,0,0,17,3,1,0,,1.0,40 01:34.831,1.0,2,75 01:40.041,8,0,0,0,67301,0,0,0,N,0,0,0,1,67301,0,,2,9,,N,N,,0,,0,0,1,0,0,N,1717,1,1,0,0,0,1,0,3,4,0,1,7,,N,,,,,,,,,,,
2006113382,1631.0,1,0,0,0,0,0,0,0,0,4,0,,67,10,2006,3,39.9075,-75.1512,1626.0,6,0,0,0,0,0,1,0,0,,0,0,0,16,1,1,1,,0.0,39 54:26.956,,0,75 09:04.460,3,0,0,0,67301,0,0,0,N,0,0,0,2,67301,0,,1,1,,N,N,,0,,1,0,0,9,2,,1624,1,2,0,0,0,0,1,3,4,1,2,3,,N,,,,,,,,,,,
2006116052,1835.0,1,0,0,0,0,0,0,0,0,8,0,,67,10,2006,2,40.0107,-75.1496,1816.0,6,0,0,0,0,0,0,0,0,,0,0,0,18,4,1,1,,0.0,40 00:38.383,,0,75 08:58.621,4,0,0,0,67301,1,0,0,N,1,0,0,2,67301,1,,1,1,,N,N,,0,,0,0,0,3,3,,1813,1,2,0,0,0,0,0,3,4,0,1,3,,N,,,,,,,,,,,
2006116074,1944.0,1,0,0,0,0,0,0,0,0,7,0,,67,9,2006,7,39.9671,-75.1604,1940.0,6,0,0,0,0,0,0,0,1,,0,0,0,19,3,1,1,,0.0,39 58:01.623,,0,75 09:37.609,4,0,0,0,67301,0,0,0,N,0,0,0,1,67301,1,,3,1,,N,N,,0,,0,0,0,3,2,,1920,1,1,0,0,0,0,0,3,4,0,1,3,,N,,,,,,,,,,,
2006105823,2000.0,1,0,0,0,0,0,0,0,0,8,0,,67,8,2006,1,40.0466,-75.1445,1945.0,6,0,0,0,0,0,0,1,0,,0,0,0,19,4,1,0,,0.0,40 02:47.838,,0,75 08:40.101,4,0,0,0,67301,1,0,0,N,1,0,0,2,67301,1,,1,9,,N,N,,0,,0,0,0,0,0,,1930,1,2,0,0,0,0,1,3,4,0,1,3,,N,,,,,,,,,,,
2006105850,1828.0,1,0,0,0,0,0,0,0,0,8,0,,67,9,2006,6,39.9256,-75.2343,1825.0,6,0,0,0,0,0,0,0,0,,0,0,0,18,1,1,1,,0.0,39 55:32.000,,0,75 14:03.806,4,0,0,0,67301,1,0,0,,1,0,0,2,67301,1,,1,9,,N,N,,0,,0,0,0,9,2,,1825,1,2,0,0,0,0,0,3,4,0,1,7,,N,,,,,,,,,,,
2006035782,125.0,1,0,0,0,0,0,0,0,0,7,0,,67,1,2006,6,39.9743,-75.1941,123.0,6,0,0,0,0,0,0,0,0,,0,0,0,1,3,0,0,,0.0,39 58:32.000,,0,75 11:40.412,0,0,0,0,67301,0,0,0,N,0,0,0,1,67301,0,,2,1,,N,N,,0,,0,0,0,0,0,,120,0,1,0,0,0,0,0,3,4,0,1,3,,N,,,,,,,,,,,
2006035800,1850.0,1,0,0,0,0,0,0,0,0,2,0,,67,1,2006,7,40.0389,-75.1448,1846.0,6,0,0,0,0,0,0,0,0,,0,0,0,18,3,1,0,,0.0,40 02:20.000,,0,75 08:41.240,4,0,0,1,67301,0,0,0,,0,0,0,1,67301,1,,6,1,,N,N,,0,,0,0,0,0,0,,1845,1,2,0,0,0,0,0,3,4,0,2,3,,N,,,,,,,,,,,
2006037197,30.0,4,0,0,0,0,0,0,0,0,5,0,,67,2,2006,5,40.0227,-75.2129,25.0,6,0,0,0,0,0,0,0,0,,0,0,0,0,3,0,0,,0.0,40 01:21.784,,0,75 12:46.465,0,0,0,0,67301,0,0,0,N,0,0,0,1,67301,0,,6,1,,N,N,,0,,0,0,0,0,0,,25,0,4,0,0,0,0,0,3,4,0,4,3,,N,,,,,,,,,,,
2006037219,1428.0,1,0,0,0,0,0,0,0,0,0,0,,67,2,2006,7,40.0251,-75.029,1422.0,6,0,0,1,0,0,0,0,0,,0,0,0,14,1,0,6,,0.0,40 01:30.000,,2,75 01:44.525,0,0,0,0,67301,0,0,0,N,0,0,0,1,67301,0,,2,9,,N,N,,0,,0,0,0,0,0,,1422,0,1,0,0,0,0,0,3,4,0,1,7,,N,,,,,,,,,,,
2006018674,2340.0,1,0,0,0,0,0,0,0,0,1,0,,67,1,2006,4,40.0015,-75.1042,2335.0,6,0,0,1,0,0,0,0,0,,0,0,0,22,3,0,1,,0.0,40 00:05.418,,0,75 06:14.947,9,0,0,0,67301,0,0,0,,0,0,0,3,67301,0,,1,1,,N,N,,0,,0,0,1,3,2,,2245,0,2,0,0,1,0,3,3,4,0,2,3,,N,,,,,,,,,,,
2006023913,2105.0,2,0,0,0,0,0,0,0,0,1,0,,67,1,2006,5,,,2105.0,6,0,0,0,0,0,0,0,1,,0,0,0,21,3,0,0,,0.0,,,0,,0,0,0,0,67301,0,0,0,N,0,0,0,2,67501,0,,1,1,,N,N,,0,,0,0,0,3,8,,2105,0,2,0,0,0,0,0,3,3,0,2,3,,N,,,,,,,,,,,
2006019033,920.0,2,0,0,0,0,0,0,0,0,4,0,,67,1,2006,3,39.9652,-75.1501,913.0,6,0,0,0,1,0,0,0,0,,0,0,0,9,1,1,1,,0.0,39 57:54.896,,0,75 09:00.374,4,0,0,0,67301,0,0,0,,0,0,0,3,67301,1,,1,1,,N,N,,0,,0,0,0,9,3,,912,1,2,0,0,1,0,1,3,4,0,2,3,,N,,,,,,,,,,,
2006047974,249.0,1,0,0,0,0,0,0,0,0,7,0,,67,1,2006,1,40.024,-75.134,243.0,6,0,0,0,0,0,0,0,0,3.0,1,0,0,2,3,1,0,,1.0,40 01:26.000,2.0,0,75 08:03.529,1,0,0,0,67301,0,0,0,N,0,0,0,2,67301,0,2.0,3,1,,N,N,,0,0.0,0,1,0,0,0,Y,230,1,1,0,0,0,0,0,3,4,0,1,3,,N,,,,,,,,,,,
2006079465,1202.0,1,0,0,0,0,0,0,0,0,7,0,,67,6,2006,7,,,1155.0,6,0,0,0,0,0,0,0,0,,0,0,0,10,1,0,1,,0.0,,,0,,0,0,0,0,67301,0,0,0,,0,0,0,1,67301,0,,4,9,,N,N,,0,,0,0,0,3,3,,1030,0,1,0,0,0,0,0,3,3,0,1,7,,N,,,,,,,,,,,
2006053751,1809.0,1,0,0,0,0,0,0,0,0,8,0,,67,3,2006,4,,,1807.0,6,0,0,1,0,0,0,0,0,,0,0,0,18,1,1,0,,0.0,,,0,,3,0,0,0,67301,1,0,0,N,1,0,0,3,67301,0,,1,1,,N,N,,0,,1,0,0,0,0,,1805,1,2,0,0,0,0,0,3,3,0,1,3,,N,,,,,,,,,,,
2006053868,1429.0,0,0,0,0,0,0,1,0,0,8,1,,67,3,2006,4,39.9531,-75.1818,1415.0,6,0,0,0,0,0,1,0,0,,0,0,0,14,1,1,1,,0.0,39 57:11.000,,2,75 10:53.620,8,0,0,0,67301,1,0,0,N,1,0,0,2,67301,0,,1,1,,Y,N,,0,,0,0,0,3,2,,1414,1,2,0,0,0,1,0,3,4,0,1,3,,N,,,,,,,,,,,
2006094894,52.0,1,0,0,0,0,0,0,0,0,5,0,,67,7,2006,7,40.0687,-75.1988,52.0,6,0,0,0,0,0,0,0,0,,0,1,0,0,3,2,1,,0.0,40 04:07.000,,0,75 11:55.679,8,0,0,0,67301,2,0,0,N,0,0,0,3,67301,0,,1,1,,N,N,,0,,0,0,0,9,2,,52,2,2,0,0,0,2,1,3,4,0,2,3,,N,,,,,,,,,,,
2006094919,1957.0,2,0,0,0,0,0,0,0,0,4,0,,67,7,2006,7,,,1955.0,6,0,0,0,0,0,1,0,0,2.0,0,0,0,19,4,1,1,,2.0,,4.0,0,,8,0,0,0,67301,0,0,0,N,0,0,0,3,67301,0,,1,1,,N,N,,0,,0,0,0,3,2,N,1947,1,2,0,0,0,1,0,3,3,0,2,3,,N,,,,,,,,,,,
2006094944,1210.0,1,0,0,0,0,0,0,0,0,8,0,,67,7,2006,2,39.9858,-75.181,1205.0,6,0,0,0,0,0,0,0,0,,0,0,0,12,1,2,1,,0.0,39 59:09.038,,0,75 10:51.648,3,0,0,0,67301,2,0,0,N,2,0,0,3,67301,1,,2,1,,N,N,,0,,1,0,0,0,0,,1200,2,3,0,0,0,0,1,3,4,0,1,3,,N,,,,,,,,,,,
2006055876,2058.0,1,0,0,1,0,0,0,0,0,4,0,,67,4,2006,2,40.024,-75.0649,2054.0,6,0,0,0,0,0,0,0,0,,0,0,0,20,3,1,0,,0.0,40 01:26.382,,0,75 03:53.640,4,0,0,0,67301,1,0,0,N,0,0,0,2,67301,1,,1,1,,N,N,,0,,0,0,0,0,0,,2050,1,2,0,0,1,0,1,3,4,0,1,3,,N,,,,,,,,,,,
2006055907,1700.0,1,0,0,0,0,0,0,0,0,4,0,,67,4,2006,4,40.0299,-75.1459,1640.0,6,0,0,0,0,0,0,0,0,,0,0,0,16,1,0,0,,0.0,40 01:47.804,,0,75 08:45.314,0,0,0,0,67301,0,0,0,N,0,0,0,2,67301,0,,1,1,,N,N,,0,,0,0,1,3,2,,1630,0,2,0,0,0,0,0,3,4,0,2,3,,N,,,,,,,,,,,
2006055833,1736.0,2,0,0,0,0,0,0,0,0,4,0,,67,3,2006,5,40.0594,-75.1855,1736.0,6,0,0,0,0,0,1,0,0,,0,0,0,17,1,0,2,,0.0,40 03:33.876,,0,75 11:07.688,0,0,0,0,67301,0,0,0,N,0,0,0,2,67301,0,,1,1,,N,N,,0,,0,0,0,3,2,,1730,0,2,0,0,0,0,0,3,4,0,2,3,,N,,,,,,,,,,,
2006055834,1320.0,2,0,0,0,0,0,0,0,0,1,0,,67,3,2006,3,40.0358,-75.1747,1320.0,6,0,0,0,0,0,1,0,0,,0,0,0,13,1,1,1,,0.0,40 02:08.880,,0,75 10:29.280,8,0,0,0,67301,0,0,0,N,0,0,0,2,67301,0,,1,1,,N,N,,0,,0,0,0,3,2,,1315,1,2,0,0,0,1,0,3,4,0,2,3,,N,,,,,,,,,,,