CRN,ARRIVAL_TM,AUTOMOBILE_COUNT,BELTED_DEATH_COUNT,BELTED_SUSP_SERIOUS_INJ_COUNT,BICYCLE_COUNT,BICYCLE_DEATH_COUNT,BICYCLE_SUSP_SERIOUS_INJ_COUNT,BUS_COUNT,CHLDPAS_DEATH_COUNT,CHLDPAS_SUSP_SERIOUS_INJ_COUNT,COLLISION_TYPE,COMM_VEH_COUNT,CONS_ZONE_SPD_LIM,COUNTY,CRASH_MONTH,CRASH_YEAR,DAY_OF_WEEK,DEC_LAT,DEC_LONG,DISPATCH_TM,DISTRICT,DRIVER_COUNT_16YR,DRIVER_COUNT_17YR,DRIVER_COUNT_18YR,DRIVER_COUNT_19YR,DRIVER_COUNT_20YR,DRIVER_COUNT_50_64YR,DRIVER_COUNT_65_74YR,DRIVER_COUNT_75PLUS,EST_HRS_CLOSED,FATAL_COUNT,HEAVY_TRUCK_COUNT,HORSE_BUGGY_COUNT,HOUR_OF_DAY,ILLUMINATION,INJURY_COUNT,INTERSECT_TYPE,INTERSECTION_RELATED,LANE_CLOSED,LATITUDE,LN_CLOSE_DIR,LOCATION_TYPE,LONGITUDE,MAX_SEVERITY_LEVEL,MCYCLE_DEATH_COUNT,MCYCLE_SUSP_SERIOUS_INJ_COUNT,MOTORCYCLE_COUNT,MUNICIPALITY,NONMOTR_COUNT,NONMOTR_DEATH_COUNT,NONMOTR_SUSP_SERIOUS_INJ_COUNT,NTFY_HIWY_MAINT,PED_COUNT,PED_DEATH_COUNT,PED_SUSP_SERIOUS_INJ_COUNT,PERSON_COUNT,POLICE_AGCY,POSSIBLE_INJ_COUNT,RDWY_SURF_TYPE_CD,RELATION_TO_ROAD,ROAD_CONDITION,ROADWAY_CLEARED,SCH_BUS_IND,SCH_ZONE_IND,SECONDARY_CRASH,SMALL_TRUCK_COUNT,SPEC_JURIS_CD,SUSP_MINOR_INJ_COUNT,SUSP_SERIOUS_INJ_COUNT,SUV_COUNT,TCD_FUNC_CD,TCD_TYPE,TFC_DETOUR_IND,TIME_OF_DAY,TOT_INJ_COUNT,TOTAL_UNITS,UNB_DEATH_COUNT,UNB_SUSP_SERIOUS_INJ_COUNT,UNBELTED_OCC_COUNT,UNK_INJ_DEG_COUNT,UNK_INJ_PER_COUNT,URBAN_AREA,URBAN_RURAL,VAN_COUNT,VEHICLE_COUNT,WEATHER1,WEATHER2,WORK_ZONE_IND,WORK_ZONE_LOC,WORK_ZONE_TYPE,WORKERS_PRES,WZ_CLOSE_DETOUR,WZ_FLAGGER,WZ_LAW_OFFCR_IND,WZ_LN_CLOSURE,WZ_MOVING,WZ_OTHER,WZ_SHLDER_MDN,WZ_WORKERS_INJ_KILLED
2006092462,1424.0,2,0,0,0,0,0,0,0,0,1,0,,67,8,2006,7,39.9526,-75.1781,1419.0,6,0,0,0,0,0,0,0,0,2.0,0,0,0,14,1,1,1,,1.0,39 57:09.720,4.0,0,75 10:41.520,4,0,0,0,67301,0,0,0,N,0,0,0,2,67301,1,,1,1,,N,N,,0,,0,0,0,3,2,N,1418,1,2,0,0,0,0,0,3,4,0,2,3,,N,,,,,,,,,,,
2006092494,9999.0,1,0,0,1,0,0,0,0,0,1,0,,67,8,2006,1,,,9999.0,6,0,0,0,0,0,0,0,0,,0,0,0,99,4,1,1,,0.0,,,0,,4,0,0,0,67301,2,0,0,N,0,0,0,3,67301,1,,1,1,,N,N,,0,,0,0,0,3,2,,9999,1,2,0,0,0,0,0,3,3,0,1,3,,N,,,,,,,,,,,
2006092495,1445.0,1,0,0,0,0,0,0,0,0,8,0,,67,8,2006,2,39.9346,-75.2273,1444.0,6,0,0,0,0,0,0,0,0,,0,0,0,14,1,1,1,,0.0,39 56:04.000,,0,75 13:38.423,3,0,0,0,67301,1,0,0,N,1,0,0,2,67301,0,,1,1,,N,N,,0,,1,0,0,3,2,,1434,1,2,0,0,0,0,0,3,4,0,1,3,,N,,,,,,,,,,,
2006094968,1632.0,1,0,0,0,0,0,0,0,0,8,0,,67,7,2006,7,,,1629.0,6,0,0,0,0,0,0,0,0,,0,0,0,16,1,1,0,,0.0,,,0,,4,0,0,0,67301,1,0,0,N,1,0,0,2,67301,1,,1,1,,N,N,,0,,0,0,0,0,0,,1626,1,2,0,0,0,0,0,3,3,0,1,3,,N,,,,,,,,,,,
2006055996,2224.0,3,0,0,0,0,0,0,0,0,1,0,,67,3,2006,2,40.0071,-75.2138,2154.0,6,0,0,1,0,0,1,0,0,1.0,0,0,0,99,3,2,0,,2.0,40 00:25.501,1.0,0,75 12:49.565,3,0,0,0,67301,0,0,0,,0,0,0,4,67301,0,,1,1,,,,,0,,2,0,0,0,0,Y,9999,2,3,0,0,0,0,1,3,4,0,3,3,,N,,,,,,,,,,,
2006056015,2007.0,1,0,0,0,0,0,0,0,0,8,0,,67,3,2006,4,,,2007.0,6,0,0,0,0,0,0,0,0,,0,0,0,20,3,1,1,,0.0,,,0,,3,0,0,0,67301,1,0,0,,1,0,0,2,67301,0,,1,1,,,,,0,,1,0,0,3,2,,2007,1,2,0,0,0,0,0,3,3,0,1,3,,N,,,,,,,,,,,
2006056112,1915.0,2,0,0,0,0,0,0,0,0,4,0,,67,4,2006,3,40.0339,-75.0742,1905.0,6,0,0,0,0,0,0,0,0,,0,0,0,19,1,1,0,,0.0,40 02:02.092,,0,75 04:27.140,4,0,0,0,67301,0,0,0,N,0,0,0,3,67301,1,,1,1,,N,N,,0,,0,0,0,0,0,,1900,1,2,0,0,1,0,0,3,4,0,2,3,,N,,,,,,,,,,,
2006056120,1953.0,1,0,0,0,0,0,0,0,0,4,0,,67,3,2006,5,,,1951.0,6,0,0,0,0,0,0,0,0,,0,0,0,19,3,2,2,,0.0,,,0,,4,0,0,1,67301,0,0,0,,0,0,0,3,67301,2,,1,1,,N,N,,0,,0,0,0,3,3,,1945,2,2,0,0,0,0,0,3,3,0,2,3,,N,,,,,,,,,,,
2006056261,2200.0,0,0,0,0,0,0,0,0,0,1,0,,67,4,2006,7,39.9497,-75.227,2159.0,6,0,0,0,0,0,0,0,0,,0,0,0,8,3,1,1,,0.0,39 56:59.000,,0,75 13:37.392,4,0,0,0,67301,0,0,0,,0,0,0,5,67301,1,,1,9,,N,N,,0,,0,0,1,0,0,,859,1,2,0,0,0,0,4,3,4,1,2,7,,N,,,,,,,,,,,
2006123787,920.0,1,0,0,0,0,0,0,0,0,4,0,,67,10,2006,5,40.0492,-75.1839,913.0,6,0,0,0,0,0,0,0,0,1.0,0,0,0,9,1,3,2,,1.0,40 02:57.000,5.0,0,75 11:02.308,3,0,0,0,67301,0,0,0,N,0,0,0,4,67301,2,,1,1,,N,N,,1,,1,0,0,3,3,Y,910,3,2,0,0,0,0,0,3,4,0,2,3,,N,,,,,,,,,,,
2006093443,1000.0,1,0,0,0,0,0,0,0,0,5,1,,67,8,2006,4,39.9577,-75.1485,950.0,6,0,0,0,0,0,1,0,0,1.0,0,1,0,9,1,1,0,,1.0,39 57:27.000,4.0,0,75 08:55.333,8,0,0,0,67301,0,0,0,,0,0,0,2,67301,0,,1,1,,,,,0,,0,0,0,0,0,N,948,1,2,0,0,0,1,0,3,4,0,2,3,,N,,,,,,,,,,,
2006093417,2125.0,2,0,0,0,0,0,0,0,0,4,0,,67,7,2006,1,40.006,-75.1766,2121.0,6,0,0,0,0,0,0,0,0,,0,0,0,21,4,2,1,,0.0,40 00:21.754,,0,75 10:35.816,8,0,0,0,67301,0,0,0,N,0,0,0,4,67301,0,,1,9,,N,N,,0,,0,0,0,1,2,,2109,2,2,0,0,0,2,0,3,4,0,2,99,,N,,,,,,,,,,,
2006093421,2059.0,3,0,0,0,0,0,0,0,0,1,0,,67,8,2006,5,39.9594,-75.1738,2055.0,6,0,0,0,0,1,0,0,0,1.0,0,0,0,20,3,1,0,,1.0,39 57:35.000,4.0,0,75 10:39.726,4,0,0,0,67301,0,0,0,N,0,0,0,9,67301,1,,1,1,,N,N,,0,,0,0,0,0,0,N,2053,1,3,0,0,0,0,0,3,4,0,3,3,,N,,,,,,,,,,,
2006054547,1929.0,2,0,0,0,0,0,0,0,0,1,0,,67,4,2006,7,40.029,-75.0891,1926.0,6,0,1,0,0,0,0,0,0,,0,0,0,19,3,1,0,,0.0,40 01:44.000,,0,75 05:21.270,4,0,0,0,67301,0,0,0,,0,0,0,2,67301,1,,1,1,,N,N,,0,,0,0,0,3,2,,1926,1,2,0,0,0,0,0,3,4,0,2,3,,N,,,,,,,,,,,
2006054631,615.0,1,0,0,0,0,0,0,0,0,5,1,,67,3,2006,2,39.9638,-75.1843,610.0,6,0,0,0,0,0,1,1,0,1.0,0,1,0,6,1,0,3,,1.0,39 57:53.000,4.0,0,75 11:06.490,0,0,0,0,67301,0,0,0,N,0,0,0,2,67301,0,,1,1,,N,N,,0,,0,0,0,0,0,N,615,0,2,0,0,0,0,0,3,4,0,2,3,,N,,,,,,,,,,,
2006080943,1657.0,2,0,0,0,0,0,0,0,0,4,0,,67,6,2006,5,40.1033,-75.0262,1647.0,6,0,0,0,0,0,1,0,0,,0,0,0,16,1,2,0,,0.0,40 06:11.833,,0,75 01:34.302,4,0,0,0,67301,0,0,0,N,0,0,0,5,67301,2,,4,1,,N,N,,0,,0,0,0,0,0,,1640,2,2,0,0,0,0,0,3,4,0,2,3,,N,,,,,,,,,,,
2006083578,1630.0,0,0,0,0,0,0,0,0,0,8,0,,67,6,2006,6,39.9194,-75.1707,1620.0,6,0,0,0,0,0,1,0,0,,0,0,0,99,1,1,1,,0.0,39 55:09.000,,0,75 10:14.607,8,0,0,0,67301,1,0,0,N,1,0,0,2,67301,0,,1,1,,N,N,,1,,0,0,0,3,2,,9999,1,2,0,0,1,1,0,3,4,0,1,3,,N,,,,,,,,,,,
2006081128,1556.0,2,0,0,0,0,0,0,0,0,5,0,,67,6,2006,7,39.9806,-75.1322,1555.0,6,0,0,0,0,0,0,1,0,,0,0,0,15,1,1,0,,0.0,39 58:50.073,,0,75 07:55.840,8,0,0,0,67301,0,0,0,N,0,0,0,1,67301,0,,1,9,,N,N,,0,,0,0,0,0,0,,1535,1,2,0,0,0,1,0,3,4,0,2,7,,N,,,,,,,,,,,
2006081157,622.0,1,0,0,0,0,0,0,0,0,7,0,,67,6,2006,3,40.0846,-75.0026,618.0,6,0,0,0,0,0,0,0,0,,0,0,0,6,1,1,10,,0.0,40 05:04.495,,0,75 00:09.457,4,0,0,0,67301,0,0,0,N,0,0,0,1,67301,1,,4,1,,N,N,,0,,0,0,0,9,3,,612,1,1,0,0,1,0,0,3,4,0,1,3,,N,,,,,,,,,,,
2006081408,805.0,1,0,0,0,0,0,0,0,0,1,0,,67,5,2006,3,39.9572,-75.1587,801.0,6,0,0,0,0,0,0,0,0,,0,0,0,7,1,1,2,,0.0,39 57:25.000,,0,75 09:31.098,4,0,0,0,67301,0,0,0,N,0,0,0,2,67301,1,,1,8,,N,N,,0,,0,0,1,3,2,,750,1,2,0,0,0,0,0,3,4,0,2,7,,N,,,,,,,,,,,
2006110604,747.0,3,0,0,0,0,0,0,0,0,1,0,,67,10,2006,3,,,743.0,6,0,0,0,0,0,0,1,0,1.0,0,0,0,7,1,2,0,,2.0,,4.0,3,,8,0,0,0,67301,0,0,0,N,0,0,0,4,67501,0,,1,1,,N,N,,0,,0,0,0,3,8,N,743,2,4,0,0,0,2,0,3,3,1,4,3,,N,,,,,,,,,,,
2006113297,1052.0,1,0,0,1,0,0,0,0,0,8,0,,67,10,2006,3,39.9434,-75.1674,1047.0,6,0,0,0,0,0,0,0,0,,0,0,0,10,1,1,0,,0.0,39 56:36.232,,99,75 10:02.506,3,0,0,0,67301,1,0,0,N,0,0,0,2,67301,0,,1,98,,N,Y,,0,,1,0,0,0,0,,1045,1,2,0,0,1,0,0,3,4,0,1,99,,N,,,,,,,,,,,
2006115866,1714.0,1,0,0,0,0,0,0,0,0,7,0,,67,10,2006,1,40.0462,-75.2178,1711.0,6,0,0,0,0,0,1,0,0,,0,0,0,17,1,2,0,,0.0,40 02:46.000,,0,75 13:04.100,8,0,0,0,67301,0,0,0,N,0,0,0,2,67301,0,,2,1,,N,N,,0,,0,0,0,0,0,,1709,2,1,0,0,0,2,0,3,4,0,1,3,,N,,,,,,,,,,,
2006113443,1327.0,0,0,0,0,0,0,0,0,0,8,0,,67,9,2006,6,40.0262,-75.0456,1322.0,6,0,0,0,0,0,0,0,0,,0,0,0,13,1,0,0,,0.0,40 01:34.366,,0,75 02:44.336,0,0,0,0,67301,1,0,0,N,1,0,0,2,67301,0,,1,1,,N,N,,0,,0,0,0,0,0,,1321,0,2,0,0,1,0,0,3,4,1,1,3,,N,,,,,,,,,,,
2006116043,1745.0,1,0,0,0,0,0,0,0,0,8,0,,67,10,2006,4,40.0428,-75.154,1744.0,6,0,0,0,0,0,1,0,0,,0,0,0,17,1,1,0,,0.0,40 02:34.094,,0,75 09:14.270,8,0,0,0,67301,1,0,0,N,1,0,0,2,67301,0,,1,1,,N,N,,0,,0,0,0,0,0,,1744,1,2,0,0,0,1,0,3,4,0,1,3,,N,,,,,,,,,,,
2006103378,630.0,1,0,0,0,0,0,0,0,0,2,0,,67,8,2006,2,40.026,-75.1984,626.0,6,0,0,0,0,0,0,0,0,,0,0,0,6,1,1,0,,0.0,40 01:33.000,,0,75 11:54.380,3,0,0,0,67301,0,0,0,N,0,0,0,2,67301,0,,1,9,,N,N,,1,,1,0,0,0,0,,621,1,2,0,0,0,0,0,3,4,0,2,7,,N,,,,,,,,,,,
2006054204,415.0,1,0,0,0,0,0,0,0,0,8,0,,67,4,2006,4,39.9346,-75.2273,410.0,6,0,0,0,0,0,0,0,0,,0,0,0,3,6,1,1,,0.0,39 56:04.000,,0,75 13:38.423,4,0,0,0,67301,1,0,0,N,1,0,0,2,67301,1,,1,1,,N,N,,0,,0,0,0,0,0,,300,1,2,0,0,0,0,1,3,4,0,1,3,,N,,,,,,,,,,,
2006054047,725.0,1,0,0,0,0,0,0,0,0,7,0,,67,4,2006,7,,,716.0,6,0,0,0,0,0,0,0,0,,0,0,0,7,1,1,0,,0.0,,,0,,8,0,0,0,67301,0,0,0,,0,0,0,1,67301,0,,4,1,,,,,0,,0,0,0,0,0,,710,1,1,0,0,0,1,0,3,3,0,1,3,,N,,,,,,,,,,,
2006036890,1016.0,2,0,0,0,0,0,0,0,0,2,0,,67,1,2006,7,,,1014.0,6,0,0,0,0,0,1,0,0,,0,0,0,10,1,7,2,,0.0,,,0,,2,0,0,0,67301,0,0,0,N,0,0,0,7,67301,3,,1,1,,N,N,,0,,3,1,0,3,2,,1013,7,2,0,0,0,0,0,3,3,0,2,3,,N,,,,,,,,,,,
2006037161,2007.0,0,0,0,0,0,0,0,0,0,5,0,,67,2,2006,6,40.0261,-75.1084,2004.0,6,0,0,1,0,0,0,0,0,,0,0,0,20,3,2,0,,0.0,40 01:33.000,,0,75 06:30.178,3,0,0,2,67301,0,0,0,N,0,0,0,5,67301,0,,1,1,,N,N,,1,,2,0,0,0,0,,2000,2,3,0,0,0,0,0,3,4,0,3,3,,N,,,,,,,,,,,
2006034882,1952.0,3,0,0,0,0,0,0,0,0,5,0,,67,2,2006,4,,,1950.0,6,0,0,0,0,0,0,0,0,,0,0,0,19,3,0,0,,0.0,,,0,,0,0,0,0,67301,0,0,0,N,0,0,0,1,67301,0,,6,1,,N,N,,0,,0,0,0,0,0,,1945,0,3,0,0,0,0,0,3,3,0,3,3,,N,,,,,,,,,,,
2006034883,9999.0,2,0,0,0,0,0,0,0,0,1,0,,67,2,2006,5,40.0079,-75.1723,9999.0,6,0,0,0,0,0,1,1,0,,0,0,0,10,1,1,1,,0.0,40 00:28.000,,0,75 10:20.669,8,0,0,0,67301,0,0,0,N,0,0,0,2,67301,0,,1,1,,N,N,,0,,0,0,0,2,2,,1010,1,2,0,0,0,1,1,3,4,0,2,3,,N,,,,,,,,,,,
2006023971,1830.0,0,0,0,0,0,0,1,0,0,2,1,,67,1,2006,3,39.9277,-75.1955,1825.0,6,0,0,0,0,0,0,0,0,1.0,0,0,0,99,3,1,2,,2.0,39 55:39.000,7.0,0,75 11:44.429,8,0,0,0,67301,0,0,0,,0,0,0,3,67301,0,,1,9,,N,N,,1,,0,0,0,9,3,Y,9999,1,2,0,0,2,1,0,3,4,0,2,7,,N,,,,,,,,,,,
2006021328,520.0,4,0,0,0,0,0,0,0,0,1,0,,67,1,2006,1,,,517.0,6,0,0,0,0,0,0,0,0,,0,0,0,5,3,1,0,,0.0,,,0,,4,0,0,0,67301,0,0,0,,0,0,0,1,67301,1,,1,1,,N,N,,0,,0,0,0,3,2,,517,1,4,0,0,0,0,0,3,3,0,4,98,,N,,,,,,,,,,,
2006092414,1800.0,2,0,0,0,0,0,0,0,0,2,0,,67,8,2006,7,40.0675,-75.1793,1754.0,6,0,0,0,1,0,0,0,0,2.0,0,0,0,17,1,2,1,,1.0,40 04:02.000,2.0,0,75 10:45.561,4,0,0,0,67301,0,0,0,N,0,0,0,3,67301,2,,1,1,,N,N,,0,,0,0,0,3,2,N,1718,2,2,0,0,0,0,0,3,4,0,2,3,,N,,,,,,,,,,,
2006092428,2000.0,1,0,0,0,0,0,0,0,0,7,0,,67,8,2006,3,39.9549,-75.1965,1956.0,6,0,0,0,0,1,0,0,0,,0,0,0,19,3,0,0,,0.0,39 57:18.000,,0,75 11:47.280,0,0,0,0,67301,0,0,0,N,0,0,0,1,67301,0,,4,1,,N,N,,0,,0,0,0,0,0,,1955,0,1,0,0,0,0,0,3,4,0,1,3,,N,,,,,,,,,,,
2006081936,12.0,0,0,0,0,0,0,0,0,0,7,1,,67,6,2006,3,39.9888,-75.1202,1203.0,6,0,0,0,0,0,1,0,0,,0,1,0,12,1,0,1,,0.0,39 59:19.000,,0,75 07:12.885,0,0,0,0,67301,0,0,0,,0,0,0,1,67301,0,,5,1,,N,Y,,0,,0,0,0,3,2,,1200,0,1,0,0,0,0,0,3,4,0,1,3,,N,,,,,,,,,,,
2006053758,1615.0,0,0,0,0,0,0,0,0,0,8,0,,67,4,2006,3,,,1615.0,6,0,0,0,0,0,0,0,0,,0,0,0,16,1,1,0,,0.0,,,0,,4,0,0,0,67301,1,0,0,N,1,0,0,2,67301,1,,1,1,,N,N,,1,,0,0,0,0,0,,1613,1,2,0,0,0,0,0,3,3,0,1,3,,N,,,,,,,,,,,
2006053810,1613.0,1,0,0,0,0,0,0,0,0,5,0,,67,3,2006,1,40.0168,-75.1472,1608.0,6,0,0,0,0,0,0,0,0,,0,0,0,16,1,0,0,,0.0,40 01:00.390,,0,75 08:49.898,0,0,0,0,67301,0,0,0,N,0,0,0,3,67301,0,,1,9,,N,N,,1,,0,0,0,0,0,,1600,0,2,0,0,0,0,0,3,4,0,2,7,,N,,,,,,,,,,,
2006094890,1005.0,2,0,0,0,0,0,0,0,0,4,0,,67,8,2006,3,39.9944,-75.1115,1003.0,6,0,0,0,0,0,0,0,0,,0,0,0,10,1,3,0,,0.0,39 59:39.000,,0,75 06:41.671,8,0,0,0,67301,0,0,0,N,0,0,0,3,67301,0,,1,1,,N,N,,0,,0,0,0,0,0,,1001,3,2,0,0,0,3,0,3,4,0,2,3,,N,,,,,,,,,,,
2006094914,57.0,0,0,0,0,0,0,0,0,0,5,1,,67,8,2006,4,,,50.0,6,0,0,0,0,0,1,1,0,1.0,0,1,0,0,3,0,0,,1.0,,3.0,0,,0,0,0,0,67301,0,0,0,N,0,0,0,2,67301,0,,1,1,,N,N,,0,,0,0,1,0,0,N,48,0,2,0,0,0,0,0,3,3,0,2,3,,N,,,,,,,,,,,
2006055997,1617.0,2,0,0,0,0,0,0,0,0,4,0,,67,3,2006,7,,,1613.0,6,0,0,0,0,0,0,0,0,,0,0,0,16,1,1,0,,0.0,,,0,,4,0,0,0,67301,0,0,0,N,0,0,0,2,67301,1,,1,9,,N,N,,0,,0,0,1,0,0,,1609,1,3,0,0,0,0,0,3,3,0,3,7,,N,,,,,,,,,,,
2006056013,202.0,1,0,0,0,0,0,0,0,0,7,0,,67,4,2006,3,,,200.0,6,0,0,0,0,0,0,0,0,,0,0,0,2,3,0,10,,0.0,,,0,,0,0,0,0,67301,0,0,0,N,0,0,0,1,67301,0,,2,9,,N,N,,0,,0,0,0,0,0,,200,0,1,0,0,0,0,0,3,3,0,1,7,,N,,,,,,,,,,,
2006056106,453.0,0,0,0,0,0,0,1,0,0,8,1,,67,4,2006,4,40.0322,-75.1461,1453.0,6,0,0,0,0,0,1,0,0,,0,0,0,14,1,1,0,,0.0,40 01:56.090,,0,75 08:46.001,4,0,0,0,67301,1,0,0,N,1,0,0,2,67301,1,,1,1,,N,N,,0,,0,0,0,0,0,,1445,1,2,0,0,0,0,0,3,4,0,1,3,,N,,,,,,,,,,,
2006095235,2219.0,1,0,0,1,0,0,0,0,0,4,0,,67,6,2006,4,,,2219.0,6,0,0,0,0,0,1,0,0,,0,0,0,22,3,1,1,,0.0,,,0,,8,0,0,0,67301,1,0,0,N,0,0,0,2,67301,0,,1,1,,N,N,,0,,0,0,0,9,2,,2218,1,2,0,0,0,1,0,3,3,0,1,3,,N,,,,,,,,,,,
2006095219,1254.0,0,0,0,0,0,0,0,0,0,1,0,,67,7,2006,6,,,1249.0,6,0,0,0,0,0,0,0,0,,0,0,0,12,1,2,0,,0.0,,,0,,8,0,0,0,67301,0,0,0,N,0,0,0,3,67301,0,,1,9,,N,N,,0,,0,0,2,0,0,,1254,2,2,0,0,0,2,0,3,3,0,2,7,,N,,,,,,,,,,,
2006095273,2010.0,2,0,0,0,0,0,0,0,0,4,0,99.0,67,8,2006,3,40.0263,-75.0973,2000.0,6,0,0,0,0,0,0,0,0,9.0,0,0,0,17,1,2,1,,1.0,40 01:35.000,1.0,0,75 05:51.625,3,0,0,0,67301,0,0,0,N,0,0,0,2,67301,0,,1,1,,N,N,,0,,2,0,0,3,2,N,1700,2,2,0,0,2,0,0,3,4,0,2,3,,Y,8.0,8.0,U,,,U,,,,,
2006056334,1850.0,2,0,0,0,0,0,0,0,0,4,0,,67,4,2006,5,40.0345,-75.0482,1835.0,6,0,0,0,0,0,0,0,0,,0,0,0,18,1,4,2,,0.0,40 02:04.164,,0,75 02:53.357,4,0,0,0,67301,0,0,0,N,0,0,0,4,67301,3,,1,1,,N,N,,0,,0,0,0,3,3,,1830,4,2,0,0,0,1,0,3,4,0,2,3,,N,,,,,,,,,,,
2006092792,1830.0,2,0,0,0,0,0,0,0,0,4,0,,67,8,2006,5,,,1830.0,6,0,0,0,0,0,1,0,0,,0,0,0,18,1,1,1,,0.0,,,0,,4,0,0,0,67301,0,0,0,,0,0,0,3,67301,1,,1,1,,,,,0,,0,0,0,9,3,,1830,1,2,0,0,0,0,2,3,3,0,2,3,,N,,,,,,,,,,,
2006092876,1709.0,0,0,0,0,0,0,0,0,0,1,0,,67,8,2006,2,,,1702.0,6,0,0,0,0,0,0,0,0,,0,0,0,17,1,3,1,,0.0,,,0,,2,0,0,0,67301,0,0,0,N,0,0,0,4,67301,0,,1,1,,N,N,,0,,0,3,2,3,2,,1701,3,2,0,0,0,0,0,3,3,0,2,3,,N,,,,,,,,,,,
2006053903,756.0,2,0,0,0,0,0,0,0,0,1,0,,67,4,2006,3,40.0742,-75.0347,738.0,6,0,0,0,0,0,1,0,0,1.0,0,0,0,7,1,2,1,,1.0,40 04:26.000,1.0,0,75 02:04.816,4,0,0,0,67301,0,0,0,,0,0,0,2,67301,2,,1,1,,,,,0,,0,0,0,3,2,N,732,2,2,0,0,0,0,0,3,4,0,2,3,,N,,,,,,,,,,,
2006053979,810.0,1,0,0,0,0,0,0,0,0,4,0,,67,4,2006,4,40.0634,-75.0656,805.0,6,0,0,0,0,0,1,0,0,,0,0,0,8,1,1,5,,0.0,40 03:48.117,,0,75 03:56.336,4,0,0,0,67301,0,0,0,,0,0,0,4,67301,1,,1,1,,,,,0,,0,0,0,9,2,,805,1,2,0,0,2,0,0,3,4,1,2,3,,N,,,,,,,,,,,
2006018378,1901.0,1,0,0,0,0,0,0,0,0,8,0,,67,1,2006,4,40.0184,-75.1491,1859.0,6,0,0,0,0,0,0,0,0,,0,0,0,18,3,0,1,,0.0,40 01:06.000,,0,75 08:57.415,0,0,0,0,67301,1,0,0,,1,0,0,2,67301,0,,1,1,,N,N,,0,,0,0,0,3,2,,1848,0,2,0,0,1,0,0,3,4,0,1,3,,N,,,,,,,,,,,
2006081507,1034.0,0,0,0,0,0,0,0,0,0,8,0,,67,6,2006,7,40.0303,-75.1172,30.0,6,0,0,0,0,0,0,0,0,,0,0,0,10,1,2,2,,0.0,40 01:49.234,,0,75 07:01.898,4,0,0,0,67301,2,0,0,N,2,0,0,3,67301,2,,1,1,,N,N,,0,,0,0,0,0,0,,1002,2,3,0,0,0,0,0,3,4,1,1,3,,N,,,,,,,,,,,
2006081552,1806.0,2,0,0,0,0,0,0,0,0,2,0,,67,5,2006,3,,,1802.0,6,0,0,0,0,0,0,0,0,,0,0,0,18,1,1,0,,0.0,,,0,,8,0,0,0,67301,0,0,0,N,0,0,0,2,67301,0,,1,1,,N,N,,0,,0,0,0,3,2,,1800,1,2,0,0,1,1,0,3,3,0,2,3,,N,,,,,,,,,,,
2006081553,940.0,2,0,0,0,0,0,0,0,0,1,0,,67,6,2006,7,39.9724,-75.2529,940.0,6,0,0,0,0,0,0,0,0,,0,0,0,7,1,1,0,,0.0,39 58:20.000,,7,75 15:10.402,4,0,0,0,67301,0,0,0,N,0,0,0,1,67301,1,,1,1,,N,N,,0,,0,0,0,0,0,,755,1,2,0,0,0,0,0,3,4,0,2,3,,N,,,,,,,,,,,
2006081558,2004.0,2,0,0,0,0,0,0,0,0,4,0,,67,7,2006,6,,,2000.0,6,0,0,0,0,0,0,0,0,,0,0,0,19,4,0,2,,0.0,,,0,,0,0,0,0,67301,0,0,0,,0,0,0,2,67301,0,,1,1,,,,,0,,0,0,0,3,3,,1920,0,3,0,0,0,0,0,3,3,0,3,3,,N,,,,,,,,,,,
2006081478,340.0,1,0,0,0,0,0,0,0,0,7,0,,67,6,2006,5,,,327.0,6,0,0,0,0,0,0,0,0,,0,0,0,3,3,1,0,,0.0,,,0,,3,0,0,0,67301,0,0,0,N,0,0,0,1,67301,0,,3,1,,N,N,,0,,1,0,0,0,0,,320,1,1,0,0,0,0,0,3,3,0,1,3,,N,,,,,,,,,,,
2006081485,2255.0,1,0,0,0,0,0,0,0,0,7,0,,67,6,2006,3,,,2252.0,6,0,0,0,0,0,0,0,0,1.0,0,0,0,22,3,0,0,,2.0,,4.0,0,,0,0,0,0,67301,0,0,0,N,0,0,0,1,67301,0,,2,1,,N,N,,0,,0,0,0,0,0,N,2249,0,1,0,0,0,0,0,3,3,0,1,3,,N,,,,,,,,,,,
2006081581,1846.0,2,0,0,0,0,0,0,0,0,1,0,,67,5,2006,3,40.0481,-75.0607,1842.0,6,0,1,0,0,0,0,0,0,9.0,0,0,0,18,1,0,0,,1.0,40 02:53.000,3.0,0,75 03:38.614,0,0,0,0,67301,0,0,0,N,0,0,0,5,67301,0,,1,1,,N,N,,0,,0,0,0,0,0,N,1839,0,2,0,0,0,0,0,3,4,0,2,3,,N,,,,,,,,,,,
2006081582,2152.0,2,0,0,0,0,0,0,0,0,5,0,,67,5,2006,7,40.0674,-75.0815,2148.0,6,0,0,0,0,0,0,0,0,,0,0,0,21,3,0,0,,0.0,40 04:02.747,,0,75 04:53.275,0,0,0,0,67301,0,0,0,,0,0,0,1,67301,0,,6,1,,,,,0,,0,0,0,0,0,,2115,0,2,0,0,0,0,0,3,4,0,2,3,,N,,,,,,,,,,,
2006113066,1215.0,1,0,0,1,0,0,0,0,0,5,0,,67,10,2006,2,,,1214.0,6,0,0,0,0,0,0,0,0,,0,0,0,12,1,1,0,,0.0,,,0,,4,0,0,0,67301,1,0,0,N,0,0,0,2,67301,1,,1,1,,N,N,,0,,0,0,0,0,0,,1213,1,2,0,0,1,0,0,3,3,0,1,3,,N,,,,,,,,,,,