CRN,ARRIVAL_TM,AUTOMOBILE_COUNT,BELTED_DEATH_COUNT,BELTED_SUSP_SERIOUS_INJ_COUNT,BICYCLE_COUNT,BICYCLE_DEATH_COUNT,BICYCLE_SUSP_SERIOUS_INJ_COUNT,BUS_COUNT,CHLDPAS_DEATH_COUNT,CHLDPAS_SUSP_SERIOUS_INJ_COUNT,COLLISION_TYPE,COMM_VEH_COUNT,CONS_ZONE_SPD_LIM,COUNTY,CRASH_MONTH,CRASH_YEAR,DAY_OF_WEEK,DEC_LAT,DEC_LONG,DISPATCH_TM,DISTRICT,DRIVER_COUNT_16YR,DRIVER_COUNT_17YR,DRIVER_COUNT_18YR,DRIVER_COUNT_19YR,DRIVER_COUNT_20YR,DRIVER_COUNT_50_64YR,DRIVER_COUNT_65_74YR,DRIVER_COUNT_75PLUS,EST_HRS_CLOSED,FATAL_COUNT,HEAVY_TRUCK_COUNT,HORSE_BUGGY_COUNT,HOUR_OF_DAY,ILLUMINATION,INJURY_COUNT,INTERSECT_TYPE,INTERSECTION_RELATED,LANE_CLOSED,LATITUDE,LN_CLOSE_DIR,LOCATION_TYPE,LONGITUDE,MAX_SEVERITY_LEVEL,MCYCLE_DEATH_COUNT,MCYCLE_SUSP_SERIOUS_INJ_COUNT,MOTORCYCLE_COUNT,MUNICIPALITY,NONMOTR_COUNT,NONMOTR_DEATH_COUNT,NONMOTR_SUSP_SERIOUS_INJ_COUNT,NTFY_HIWY_MAINT,PED_COUNT,PED_DEATH_COUNT,PED_SUSP_SERIOUS_INJ_COUNT,PERSON_COUNT,POLICE_AGCY,POSSIBLE_INJ_COUNT,RDWY_SURF_TYPE_CD,RELATION_TO_ROAD,ROAD_CONDITION,ROADWAY_CLEARED,SCH_BUS_IND,SCH_ZONE_IND,SECONDARY_CRASH,SMALL_TRUCK_COUNT,SPEC_JURIS_CD,SUSP_MINOR_INJ_COUNT,SUSP_SERIOUS_INJ_COUNT,SUV_COUNT,TCD_FUNC_CD,TCD_TYPE,TFC_DETOUR_IND,TIME_OF_DAY,TOT_INJ_COUNT,TOTAL_UNITS,UNB_DEATH_COUNT,UNB_SUSP_SERIOUS_INJ_COUNT,UNBELTED_OCC_COUNT,UNK_INJ_DEG_COUNT,UNK_INJ_PER_COUNT,URBAN_AREA,URBAN_RURAL,VAN_COUNT,VEHICLE_COUNT,WEATHER1,WEATHER2,WORK_ZONE_IND,WORK_ZONE_LOC,WORK_ZONE_TYPE,WORKERS_PRES,WZ_CLOSE_DETOUR,WZ_FLAGGER,WZ_LAW_OFFCR_IND,WZ_LN_CLOSURE,WZ_MOVING,WZ_OTHER,WZ_SHLDER_MDN,WZ_WORKERS_INJ_KILLED
2006113348,1853.0,1,0,0,0,0,0,0,0,0,8,0,,67,10,2006,2,39.9651,-75.1658,1848.0,6,0,0,0,0,0,1,0,0,,0,0,0,18,3,1,1,,0.0,39 57:54.259,,0,75 09:56.926,3,0,0,0,67301,1,0,0,N,1,0,0,2,67301,0,,1,1,,N,N,,0,,1,0,0,3,3,,1843,1,2,0,0,0,0,0,3,4,0,1,3,,N,,,,,,,,,,,
2006103274,1720.0,1,0,0,0,0,0,0,0,0,1,0,,67,9,2006,2,40.0315,-75.0632,1720.0,6,0,0,0,0,0,0,0,0,,0,0,0,17,1,1,0,,0.0,40 01:53.000,,0,75 03:47.951,4,0,0,0,67301,0,0,0,N,0,0,0,5,67301,1,,1,1,,N,N,,0,,0,0,1,3,2,,1720,1,2,0,0,0,0,1,3,4,0,2,3,,N,,,,,,,,,,,
2006105786,52.0,0,0,0,0,0,0,0,0,0,7,1,,67,9,2006,7,39.9601,-75.1807,50.0,6,0,0,0,0,0,1,0,0,3.0,0,1,0,0,3,0,0,,2.0,39 57:36.000,3.0,0,75 10:51.431,0,0,0,0,67301,0,0,0,Y,0,0,0,1,67301,0,,2,9,,N,N,,0,,0,0,0,0,0,Y,50,0,1,0,0,0,0,0,3,4,0,1,7,,N,,,,,,,,,,,
2006113414,714.0,1,0,0,0,0,0,0,0,0,8,0,,67,9,2006,6,40.0099,-75.1964,712.0,6,0,0,0,0,0,0,0,0,,0,0,0,7,1,1,2,,0.0,40 00:35.000,,0,75 11:47.299,8,0,0,0,67301,1,0,0,,1,0,0,2,67301,0,,1,9,,,,,0,,0,0,0,9,2,,711,1,2,0,0,0,1,0,3,4,0,1,7,,N,,,,,,,,,,,
2006025855,2048.0,0,0,0,0,0,0,1,0,0,8,1,,67,1,2006,4,39.9513,-75.1991,2044.0,6,0,0,0,0,0,0,0,0,,0,0,0,19,3,1,1,,0.0,39 57:04.584,,0,75 11:56.878,8,0,0,0,67301,1,0,0,N,1,0,0,2,67301,0,,1,9,,N,N,,0,,0,0,0,3,2,,1940,1,2,0,0,0,1,0,3,4,0,1,7,,N,,,,,,,,,,,
2006054083,136.0,1,0,0,0,0,0,0,0,0,7,0,,67,4,2006,6,40.0157,-75.17,131.0,6,0,0,0,0,0,0,0,0,,0,0,0,1,3,2,0,,0.0,40 00:56.375,,0,75 10:11.989,4,0,0,0,67301,0,0,0,N,0,0,0,2,67301,1,,5,1,,N,N,,0,,0,0,0,0,0,,125,2,1,0,0,0,1,0,3,4,0,1,3,,N,,,,,,,,,,,
2006054113,1526.0,0,0,0,0,0,0,0,0,0,8,0,,67,4,2006,4,,,1523.0,6,0,0,0,0,0,0,0,0,,0,0,0,15,1,1,2,,0.0,,,0,,4,0,0,0,67301,1,0,0,N,1,0,0,2,67301,1,,1,1,,N,Y,,0,,0,0,1,0,0,,1523,1,2,0,0,0,0,0,3,3,0,1,3,,N,,,,,,,,,,,
2006054050,2340.0,1,0,0,0,0,0,0,0,0,7,0,,67,5,2006,3,39.9753,-75.1947,2338.0,6,0,0,0,0,1,0,0,0,,0,0,0,23,3,2,0,,0.0,39 58:33.960,,0,75 11:44.160,4,0,0,0,67301,0,0,0,,0,0,0,2,67301,2,,2,1,,,,,0,,0,0,1,0,0,,2335,2,2,0,0,0,0,0,3,4,0,2,3,,N,,,,,,,,,,,
2006021350,1127.0,2,0,0,0,0,0,0,0,0,4,0,,67,1,2006,2,40.041,-75.1831,1127.0,6,0,0,0,0,1,1,0,0,,0,0,0,11,1,2,1,,0.0,40 02:28.000,,0,75 10:59.167,8,0,0,0,67301,0,0,0,N,0,0,0,4,67301,0,,1,1,,N,N,,0,,0,0,0,3,2,,1125,2,2,0,0,0,2,1,3,4,0,2,3,,N,,,,,,,,,,,
2006021361,1550.0,1,0,0,0,0,0,0,0,0,8,0,,67,1,2006,3,40.0242,-75.0955,1543.0,6,0,0,0,0,0,0,0,0,,0,0,0,15,1,1,1,,0.0,40 01:27.102,,0,75 05:43.897,8,0,0,0,67301,1,0,0,N,1,0,0,2,67301,0,,1,1,,N,N,,0,,0,0,0,9,2,,1530,1,2,0,0,0,1,0,3,4,0,1,3,,N,,,,,,,,,,,
2006019034,250.0,0,0,0,0,0,0,1,0,0,4,1,,67,1,2006,6,39.954,-75.1682,248.0,6,0,0,0,0,0,0,0,0,,0,0,0,2,3,1,1,,0.0,39 57:14.000,,0,75 10:05.486,4,0,0,0,67301,0,0,0,N,0,0,0,4,67301,1,,1,1,,N,N,,0,,0,0,1,3,2,,245,1,2,0,0,0,0,1,3,4,0,2,3,,N,,,,,,,,,,,
2006092381,1610.0,1,0,0,0,0,0,0,0,0,4,0,,67,8,2006,3,,,1542.0,6,0,0,0,0,0,0,0,0,2.0,0,0,0,15,1,1,1,,2.0,,3.0,0,,4,0,0,0,67301,0,0,0,N,0,0,0,2,67301,1,,1,1,,N,N,,1,,0,0,0,3,2,Y,1542,1,2,0,0,2,0,0,3,3,0,2,3,,N,,,,,,,,,,,
2006053711,1709.0,3,0,0,0,0,0,0,0,0,1,0,,67,3,2006,1,39.9277,-75.147,1709.0,6,0,0,0,0,0,0,0,0,,0,0,0,17,1,1,1,,0.0,39 55:39.619,,0,75 08:49.027,8,0,0,0,67301,0,0,0,N,0,0,0,4,67301,0,,1,1,,N,N,,0,,0,0,2,3,3,,1700,1,5,0,0,0,1,0,3,4,0,5,3,,N,,,,,,,,,,,
2006053783,1534.0,1,0,0,0,0,0,0,0,0,7,0,,67,4,2006,7,,,1534.0,6,0,0,0,0,0,0,0,0,,0,0,0,15,1,0,0,,0.0,,,3,,0,0,0,0,67301,0,0,0,N,0,0,0,2,67501,0,,3,9,,N,N,,0,,0,0,0,3,8,,1525,0,1,0,0,0,0,0,3,3,0,1,7,,N,,,,,,,,,,,
2006094875,1625.0,1,0,0,0,0,0,0,0,0,0,0,,67,8,2006,1,40.0367,-75.1584,1619.0,6,0,0,0,0,0,0,0,0,,0,0,0,16,1,1,0,,0.0,40 02:12.206,,0,75 09:30.214,8,0,0,0,67301,0,0,0,N,0,0,0,1,67301,0,,1,98,,N,N,,0,,0,0,0,0,0,,1600,1,1,0,0,0,1,0,3,4,0,1,3,,N,,,,,,,,,,,
2006094943,2135.0,1,0,0,0,0,0,0,0,0,1,0,,67,7,2006,6,,,2128.0,6,0,0,0,0,0,0,0,0,,0,0,0,21,3,1,1,,0.0,,,0,,4,0,0,1,67301,1,0,0,N,0,0,0,2,67301,1,,1,8,,N,N,,0,,0,0,0,3,3,,2123,1,2,0,0,0,0,1,3,3,0,2,3,,N,,,,,,,,,,,
2006055856,20.0,1,0,0,0,0,0,0,0,0,7,0,,67,3,2006,6,40.1079,-75.0264,20.0,6,0,0,0,0,0,0,0,0,,0,0,0,0,3,0,3,,0.0,40 06:28.000,,0,75 01:35.183,0,0,0,0,67301,0,0,0,N,0,0,0,1,67301,0,,3,1,,N,N,,0,,0,0,0,3,2,,20,0,1,0,0,0,0,0,3,4,0,1,3,,N,,,,,,,,,,,
2006055865,230.0,1,0,0,0,0,0,0,0,0,7,0,,67,4,2006,7,40.0386,-75.2402,229.0,6,0,0,0,0,0,0,0,0,,0,0,0,2,3,0,2,,0.0,40 02:18.931,,0,75 14:24.633,9,0,0,0,67301,0,0,0,N,0,0,0,1,67301,0,,5,9,,N,N,,0,,0,0,0,0,0,,229,0,1,0,0,0,0,1,3,4,0,1,7,,N,,,,,,,,,,,
2006092461,1626.0,0,0,0,0,0,0,0,0,0,4,0,,67,8,2006,2,40.1191,-75.0078,1619.0,6,0,1,0,0,0,0,0,0,,0,0,0,16,1,2,2,,0.0,40 07:08.922,,0,75 00:28.069,4,0,0,0,67301,0,0,0,N,0,0,0,4,67301,2,,1,1,,N,N,,0,,0,0,1,0,0,,1615,2,2,0,0,0,0,0,3,4,1,2,3,,N,,,,,,,,,,,
2006094964,1926.0,1,0,0,0,0,0,0,0,0,4,0,,67,7,2006,3,,,1927.0,6,1,0,0,0,0,0,0,0,,0,0,0,19,1,1,1,,0.0,,,0,,4,0,0,0,67301,0,0,0,N,0,0,0,2,67301,1,,1,1,,N,N,,0,,0,0,0,3,3,,1926,1,2,0,0,1,0,0,3,3,0,2,3,,N,,,,,,,,,,,
2006094967,2212.0,1,0,0,0,0,0,0,0,0,8,0,,67,7,2006,3,,,2206.0,6,0,0,0,0,0,0,0,0,,0,0,0,22,3,1,1,,0.0,,,0,,4,0,0,0,67301,1,0,0,N,1,0,0,2,67301,1,,1,1,,N,N,,0,,0,0,0,3,3,,2200,1,2,0,0,0,0,1,3,3,0,1,3,,N,,,,,,,,,,,
2006055941,142.0,0,0,0,0,0,0,0,0,0,5,1,,67,4,2006,4,39.9637,-75.1841,139.0,6,0,0,0,0,0,0,1,0,1.0,0,1,0,1,3,1,0,,2.0,39 57:50.000,4.0,0,75 11:04.401,4,0,0,0,67301,0,0,0,N,0,0,0,3,67301,1,,1,1,,N,N,,0,,0,0,1,0,0,N,138,1,2,0,0,0,0,0,3,4,0,2,3,,N,,,,,,,,,,,
2006056040,1734.0,0,0,0,0,0,0,1,0,0,5,1,,67,4,2006,5,40.0043,-75.1735,1733.0,6,0,0,0,0,0,0,0,0,,0,0,0,17,1,1,0,,0.0,40 00:15.480,,0,75 10:24.960,4,0,0,0,67301,0,0,0,N,0,0,0,3,67301,1,,1,1,,N,N,,0,,0,0,1,0,0,,1725,1,2,0,0,0,0,1,3,4,0,2,3,,N,,,,,,,,,,,
2006055992,740.0,1,0,0,0,0,0,0,0,0,2,0,,67,3,2006,1,39.9778,-75.2134,733.0,6,0,0,0,0,0,1,0,0,,0,0,0,7,1,1,2,,0.0,39 58:39.000,,0,75 12:47.892,8,0,0,0,67301,0,0,0,,0,0,0,4,67301,0,,1,1,,,,,0,,0,0,1,0,0,,730,1,2,0,0,0,1,0,3,4,0,2,3,,N,,,,,,,,,,,
2006056022,1047.0,1,0,0,0,0,0,0,0,0,4,0,,67,3,2006,6,,,1045.0,6,0,0,0,0,0,0,0,0,,0,0,0,10,1,1,0,,0.0,,,0,,8,0,0,0,67301,1,0,0,,0,0,0,2,67301,0,,1,1,,N,Y,,0,,0,0,1,0,0,,1040,1,2,0,0,0,1,0,3,3,0,2,3,,N,,,,,,,,,,,
2006056088,2014.0,2,0,0,0,0,0,0,0,0,2,0,,67,5,2006,4,40.0363,-75.0514,2014.0,6,0,0,0,0,0,0,0,0,9.0,0,0,0,20,3,5,1,,1.0,40 02:10.701,4.0,0,75 03:04.967,3,0,0,0,67301,0,0,0,N,0,0,0,5,67301,2,,1,1,,N,N,,0,,1,0,0,3,2,N,2010,5,2,0,0,0,2,0,3,4,0,2,3,,N,,,,,,,,,,,
2006092801,1815.0,0,0,0,0,0,0,0,0,0,8,0,,67,8,2006,2,40.0243,-75.0493,1805.0,6,0,0,0,0,0,0,0,0,,0,0,0,17,1,1,0,,0.0,40 01:27.400,,0,75 02:57.336,4,0,0,0,67301,1,0,0,N,1,0,0,2,67301,1,,1,1,,N,N,,1,,0,0,0,0,0,,1730,1,2,0,0,0,0,0,3,4,0,1,3,,N,,,,,,,,,,,
2006095330,928.0,2,0,0,0,0,0,0,0,0,4,0,,67,7,2006,2,39.9379,-75.1668,925.0,6,0,0,0,0,0,0,0,0,,0,0,0,9,1,1,1,,0.0,39 56:16.000,,0,75 10:00.309,4,0,0,0,67301,0,0,0,N,0,0,0,2,67301,1,,1,1,,N,N,,0,,0,0,0,3,2,,925,1,2,0,0,0,0,0,3,4,0,2,3,,N,,,,,,,,,,,
2006053897,2022.0,2,0,0,0,0,0,0,0,0,6,0,,67,4,2006,5,39.933,-75.1679,2016.0,6,0,0,0,0,0,0,0,0,,0,0,0,20,1,1,1,,0.0,39 55:58.000,,0,75 10:04.377,4,0,0,0,67301,0,0,0,,0,0,0,2,67301,1,,1,1,,N,N,,0,,0,0,0,9,2,,2009,1,2,0,0,0,0,0,3,4,0,2,3,,N,,,,,,,,,,,
2006053967,1755.0,2,0,0,0,0,0,0,0,0,4,0,,67,4,2006,2,40.0779,-75.175,1745.0,6,0,0,0,0,1,0,0,0,,0,0,0,17,1,1,1,,0.0,40 04:40.000,,0,75 10:30.440,4,0,0,0,67301,0,0,0,N,0,0,0,3,67301,1,,3,1,,N,N,,0,,0,0,0,0,0,,1740,1,2,0,0,0,0,0,3,4,0,2,3,,N,,,,,,,,,,,
2006053983,1950.0,4,0,0,0,0,0,0,0,0,1,0,,67,3,2006,6,39.9496,-75.1999,1945.0,6,0,0,0,0,0,1,0,0,,0,0,0,19,2,1,1,,0.0,39 56:59.000,,0,75 11:58.680,4,0,0,0,67301,0,0,0,N,0,0,0,8,67301,1,,1,1,,N,N,,0,,0,0,0,0,0,,1946,1,4,0,0,0,0,0,3,4,0,4,3,,N,,,,,,,,,,,
2006018367,1245.0,1,0,0,0,0,0,0,0,0,8,0,,67,1,2006,5,40.0189,-75.1471,1245.0,6,0,0,0,0,0,0,0,0,1.0,0,0,0,12,1,2,0,,1.0,40 01:08.000,3.0,0,75 08:50.016,3,0,0,0,67301,2,0,0,N,2,0,0,3,67301,1,,6,1,,N,N,,0,,1,0,0,0,0,Y,1244,2,3,0,0,0,0,0,3,4,0,1,3,,N,,,,,,,,,,,
2006037993,1750.0,1,0,0,0,0,0,0,0,0,8,0,,67,1,2006,5,39.9652,-75.1609,1740.0,6,0,0,0,0,0,1,0,0,,0,0,0,17,1,1,2,,0.0,39 57:54.000,,0,75 09:39.266,8,0,0,0,67301,1,0,0,N,1,0,0,2,67301,0,,1,1,,N,N,,0,,0,0,0,9,2,,1730,1,2,0,0,0,1,0,3,4,0,1,3,,N,,,,,,,,,,,
2006035667,559.0,1,0,0,1,0,0,0,0,0,6,0,,67,2,2006,4,39.9623,-75.1613,558.0,6,0,0,0,0,0,1,0,0,,0,0,0,5,5,1,1,,0.0,39 57:44.000,,0,75 09:40.892,8,0,0,0,67301,1,0,0,N,0,0,0,2,67301,0,,1,1,,N,N,,0,,0,0,0,3,2,,555,1,2,0,0,0,1,0,3,4,0,1,3,,N,,,,,,,,,,,
2006032982,2350.0,1,0,0,0,0,0,0,0,0,8,0,,67,2,2006,6,39.9504,-75.1727,2340.0,6,0,0,0,0,1,0,0,0,,0,0,0,23,3,1,2,,0.0,39 57:01.000,,0,75 10:21.466,3,0,0,0,67301,1,0,0,N,1,0,0,2,67301,0,,1,1,,N,N,,0,,1,0,0,0,0,,2340,1,2,0,0,0,0,0,3,4,0,1,3,,N,,,,,,,,,,,
2006080886,1433.0,1,0,0,0,0,0,0,0,0,4,0,,67,5,2006,6,39.8946,-75.2367,1435.0,6,0,0,0,0,0,1,0,0,,0,0,0,14,1,1,1,,0.0,39 53:40.000,,0,75 14:12.237,4,0,0,0,67301,0,0,0,N,0,0,0,2,67301,1,,1,1,,N,N,,0,,0,0,0,3,2,,1432,1,2,0,0,0,0,0,3,4,1,2,3,,N,,,,,,,,,,,
2006080924,706.0,0,0,0,0,0,0,0,0,0,8,0,,67,5,2006,3,40.0657,-75.0513,702.0,6,0,0,0,0,0,0,0,0,,0,0,0,7,1,1,2,,0.0,40 03:56.000,,0,75 03:05.123,2,0,0,0,67301,1,0,1,,1,0,1,2,67301,0,,1,9,,N,N,,0,,0,1,0,0,0,,700,1,2,0,0,0,0,0,3,4,0,1,7,,N,,,,,,,,,,,
2006080949,515.0,1,0,0,0,0,0,0,0,0,2,0,,67,7,2006,6,40.1177,-75.0371,510.0,6,0,0,0,0,0,0,0,0,,0,0,0,5,1,2,1,,0.0,40 07:03.702,,0,75 02:13.462,4,0,0,0,67301,0,0,0,,0,0,0,4,67301,2,,1,1,,N,N,,1,,0,0,0,3,3,,505,2,2,0,0,3,0,0,3,4,0,2,3,,N,,,,,,,,,,,
2006081013,2203.0,1,0,0,0,0,0,0,0,0,8,0,,67,6,2006,6,,,2200.0,6,0,0,0,0,0,0,1,0,,0,0,0,21,2,1,1,,0.0,,,0,,8,0,0,0,67301,1,0,0,N,1,0,0,2,67301,0,,1,9,,N,N,,0,,0,0,0,3,3,,2140,1,2,0,0,0,1,0,3,3,0,1,7,,N,,,,,,,,,,,
2006081116,849.0,2,0,0,0,0,0,0,0,0,4,0,,67,6,2006,6,39.9713,-75.1213,845.0,6,0,0,0,0,0,0,1,0,,0,0,0,8,1,1,5,,0.0,39 58:15.000,,0,75 07:18.883,4,0,0,0,67301,0,0,0,N,0,0,0,2,67301,1,,1,1,,N,N,,0,,0,0,0,0,0,,825,1,2,0,0,0,0,0,3,4,0,2,3,,N,,,,,,,,,,,
2006081548,1210.0,2,0,0,0,0,0,0,0,0,1,0,,67,6,2006,7,39.9443,-75.2444,1129.0,6,0,0,0,0,0,0,0,0,,0,0,0,11,1,0,3,,0.0,39 56:39.840,,0,75 14:39.480,9,0,0,0,67301,0,0,0,N,0,0,0,2,67301,0,,1,1,,N,N,,0,,0,0,0,3,2,,1118,0,2,0,0,0,0,1,3,4,0,2,3,,N,,,,,,,,,,,
2006081441,1745.0,0,0,0,1,0,0,0,0,0,2,0,,67,6,2006,3,40.009,-75.1011,1740.0,6,0,0,0,0,0,0,0,0,,0,0,0,16,1,1,1,,0.0,40 00:32.493,,0,75 06:03.887,4,0,0,0,67301,1,0,0,N,0,0,0,2,67301,1,,1,1,,N,N,,0,,0,0,1,0,0,,1640,1,2,0,0,0,0,0,3,4,0,1,3,,N,,,,,,,,,,,
2006081615,1740.0,2,0,0,0,0,0,0,0,0,4,0,,67,6,2006,6,40.0286,-75.0853,1733.0,6,0,0,0,0,0,1,0,0,,0,0,0,17,1,1,1,,0.0,40 01:42.798,,0,75 05:07.223,8,0,0,0,67301,0,0,0,N,0,0,0,2,67301,0,,1,1,,N,N,,0,,0,0,0,3,2,,1730,1,2,0,0,0,1,0,3,4,0,2,3,,N,,,,,,,,,,,
2006081627,1422.0,2,0,0,0,0,0,0,0,0,6,0,,67,6,2006,5,,,1413.0,6,0,0,0,1,0,0,0,0,,0,0,0,14,1,0,1,,0.0,,,8,,0,0,0,0,67301,0,0,0,N,0,0,0,3,67301,0,,1,1,,N,N,,0,,0,0,0,3,2,,1408,0,2,0,0,0,0,0,3,3,0,2,3,,N,,,,,,,,,,,
2006115753,1040.0,1,0,0,0,0,0,0,0,0,7,0,,67,10,2006,6,39.9464,-75.1986,1035.0,6,0,0,0,0,0,0,0,0,,0,0,0,10,1,4,0,,0.0,39 56:46.000,,0,75 11:54.866,8,0,0,0,67301,0,0,0,N,0,0,0,5,67301,0,,3,9,,N,N,,0,,0,0,0,0,0,,1030,4,1,0,0,0,4,0,3,4,0,1,7,,N,,,,,,,,,,,
2006115778,1706.0,1,0,0,0,0,0,0,0,0,1,0,,67,10,2006,1,40.0336,-75.2259,1705.0,6,0,0,0,0,0,1,0,0,,0,0,0,15,1,1,0,,0.0,40 02:00.858,,0,75 13:33.304,8,0,0,0,67301,0,0,0,N,0,0,0,1,67301,0,,2,1,,N,N,,2,,0,0,0,0,0,,1540,1,3,0,0,0,1,0,3,4,0,3,3,,N,,,,,,,,,,,
2006115830,735.0,1,0,0,0,0,0,0,0,0,5,0,,67,9,2006,7,40.0096,-75.0896,9999.0,6,0,0,0,0,0,0,0,0,,0,0,0,7,1,2,1,,0.0,40 00:34.514,,0,75 05:22.410,3,0,0,0,67301,0,0,0,N,0,0,0,2,67301,1,,1,9,,N,N,,1,,1,0,0,3,2,,725,2,2,0,0,0,0,0,3,4,0,2,3,,N,,,,,,,,,,,
2006113285,12.0,1,0,0,0,0,0,0,0,0,4,0,,67,9,2006,4,40.0689,-75.1818,1225.0,6,0,0,0,0,0,1,0,0,,0,0,0,99,1,1,1,,0.0,40 04:08.000,,0,75 10:54.519,4,0,0,0,67301,0,0,0,N,0,0,0,2,67301,1,,1,1,,N,N,,0,,0,0,1,3,2,,9999,1,2,0,0,0,0,0,3,4,0,2,3,,N,,,,,,,,,,,
2006113298,758.0,2,0,0,0,0,0,0,0,0,4,0,,67,10,2006,3,39.9639,-75.1677,755.0,6,0,0,0,0,0,0,1,0,,0,0,0,7,1,3,1,,0.0,39 57:50.137,,0,75 10:03.608,4,0,0,0,67301,0,0,0,N,0,0,0,4,67301,3,,1,1,,N,N,,0,,0,0,0,3,3,,755,3,2,0,0,0,0,1,3,4,0,2,3,,N,,,,,,,,,,,
2006113301,1400.0,2,0,0,0,0,0,0,0,0,4,0,,67,10,2006,7,39.958,-75.2273,1354.0,6,0,0,0,0,0,0,0,0,,0,0,0,13,1,3,1,,0.0,39 57:28.627,,0,75 13:38.423,8,0,0,0,67301,0,0,0,N,0,0,0,3,67301,0,,1,1,,N,N,,0,,0,0,0,3,3,,1330,3,2,0,0,0,3,0,3,4,0,2,3,,N,,,,,,,,,,,
2006113358,1215.0,2,0,0,0,0,0,0,0,0,4,0,,67,9,2006,3,40.0643,-75.0537,1213.0,6,0,0,0,0,1,0,1,0,1.0,0,0,0,12,1,2,1,,1.0,40 03:51.000,2.0,0,75 03:13.198,8,0,0,0,67301,0,0,0,N,0,0,0,2,67301,0,,1,1,,N,N,,0,,0,0,0,3,2,Y,1211,2,2,0,0,0,2,0,3,4,0,2,3,,N,,,,,,,,,,,
2006115878,236.0,2,0,0,0,0,0,0,0,0,4,0,,67,9,2006,7,39.9215,-75.1473,236.0,6,0,0,0,0,0,0,1,0,,0,0,0,2,3,2,1,,0.0,39 55:17.000,,0,75 08:50.340,4,0,0,0,67301,0,0,0,N,0,0,0,3,67301,2,,1,1,,N,N,,0,,0,0,0,0,0,,236,2,2,0,0,0,0,0,3,4,0,2,3,,N,,,,,,,,,,,
2006105797,1425.0,1,0,0,0,0,0,0,0,0,7,0,,67,8,2006,3,39.8993,-75.1756,1420.0,6,0,0,0,0,1,0,0,0,1.0,0,0,0,14,1,0,0,,1.0,39 53:57.000,2.0,0,75 10:30.610,0,0,0,0,67301,0,0,0,,0,0,0,1,67301,0,,2,1,,N,N,,0,,0,0,0,0,0,N,1420,0,1,0,0,0,0,0,3,4,0,1,3,,N,,,,,,,,,,,
2006113403,1846.0,3,0,0,0,0,0,0,0,0,4,0,,67,10,2006,6,39.9384,-75.2219,1840.0,6,0,0,0,1,0,1,0,0,9.0,0,0,0,18,1,1,0,,1.0,39 56:18.275,3.0,0,75 13:18.924,3,0,0,0,67301,0,0,0,N,0,0,0,3,67301,0,,1,9,,N,N,,0,,1,0,0,3,2,N,1830,1,3,0,0,0,0,1,3,4,0,3,7,,N,,,,,,,,,,,
2006113433,1745.0,2,0,0,0,0,0,0,0,0,4,0,,67,10,2006,3,40.0111,-75.1048,1742.0,6,0,0,0,0,0,2,0,0,,0,0,0,17,1,1,1,,0.0,40 00:40.035,,0,75 06:17.351,8,0,0,0,67301,0,0,0,N,0,0,0,2,67301,0,,1,1,,N,N,,0,,0,0,0,9,3,,1710,1,2,0,0,0,1,0,3,4,0,2,3,,N,,,,,,,,,,,
2006113462,1605.0,2,0,0,0,0,0,0,0,0,1,0,,67,10,2006,2,40.0324,-75.0635,1600.0,6,0,0,0,0,0,0,0,0,,0,0,0,15,1,0,0,,0.0,40 01:56.000,,0,75 03:48.923,0,0,0,0,67301,0,0,0,N,0,0,0,1,67301,0,,1,1,,N,N,,1,,0,0,0,0,0,,1550,0,3,0,0,0,0,0,3,4,0,3,3,,N,,,,,,,,,,,
2006105851,29.0,1,0,0,1,0,0,0,0,0,6,0,,67,8,2006,7,39.9367,-75.2272,24.0,6,0,0,0,0,1,0,0,0,,0,0,0,0,3,1,1,,0.0,39 56:12.159,,0,75 13:37.844,3,0,0,0,67301,1,0,0,N,0,0,0,2,67301,0,,1,9,,N,N,,0,,1,0,0,3,2,,20,1,2,0,0,0,0,0,3,4,0,1,7,,N,,,,,,,,,,,
2006093168,1120.0,1,0,0,0,0,0,0,0,0,7,0,,67,8,2006,3,,,1124.0,6,0,0,0,0,0,0,0,0,,0,0,0,11,1,0,0,,0.0,,,0,,0,0,0,0,67301,0,0,0,N,0,0,0,1,67301,0,,4,1,,N,N,,0,,0,0,0,0,0,,1120,0,1,0,0,0,0,0,3,3,0,1,3,,N,,,,,,,,,,,
2006054241,1732.0,1,0,0,0,0,0,0,0,0,8,0,,67,4,2006,5,,,1728.0,6,0,0,0,0,0,1,0,0,1.0,0,0,0,17,1,1,0,,2.0,,5.0,0,,8,0,0,0,67301,1,0,0,N,1,0,0,2,67301,0,,1,1,,N,N,,0,,0,0,0,0,0,Y,1705,1,2,0,0,0,1,0,3,3,0,1,3,,N,,,,,,,,,,,
2006035795,1821.0,2,0,0,0,0,0,0,0,0,4,0,,67,2,2006,3,,,1818.0,6,0,0,0,0,0,1,0,0,,0,0,0,17,3,0,1,,0.0,,,0,,0,0,0,0,67301,0,0,0,,0,0,0,2,67301,0,,1,1,,N,N,,0,,0,0,0,9,3,,1730,0,2,0,0,0,0,0,3,3,0,2,3,,N,,,,,,,,,,,