CRN,ARRIVAL_TM,AUTOMOBILE_COUNT,BELTED_DEATH_COUNT,BELTED_SUSP_SERIOUS_INJ_COUNT,BICYCLE_COUNT,BICYCLE_DEATH_COUNT,BICYCLE_SUSP_SERIOUS_INJ_COUNT,BUS_COUNT,CHLDPAS_DEATH_COUNT,CHLDPAS_SUSP_SERIOUS_INJ_COUNT,COLLISION_TYPE,COMM_VEH_COUNT,CONS_ZONE_SPD_LIM,COUNTY,CRASH_MONTH,CRASH_YEAR,DAY_OF_WEEK,DEC_LAT,DEC_LONG,DISPATCH_TM,DISTRICT,DRIVER_COUNT_16YR,DRIVER_COUNT_17YR,DRIVER_COUNT_18YR,DRIVER_COUNT_19YR,DRIVER_COUNT_20YR,DRIVER_COUNT_50_64YR,DRIVER_COUNT_65_74YR,DRIVER_COUNT_75PLUS,EST_HRS_CLOSED,FATAL_COUNT,HEAVY_TRUCK_COUNT,HORSE_BUGGY_COUNT,HOUR_OF_DAY,ILLUMINATION,INJURY_COUNT,INTERSECT_TYPE,INTERSECTION_RELATED,LANE_CLOSED,LATITUDE,LN_CLOSE_DIR,LOCATION_TYPE,LONGITUDE,MAX_SEVERITY_LEVEL,MCYCLE_DEATH_COUNT,MCYCLE_SUSP_SERIOUS_INJ_COUNT,MOTORCYCLE_COUNT,MUNICIPALITY,NONMOTR_COUNT,NONMOTR_DEATH_COUNT,NONMOTR_SUSP_SERIOUS_INJ_COUNT,NTFY_HIWY_MAINT,PED_COUNT,PED_DEATH_COUNT,PED_SUSP_SERIOUS_INJ_COUNT,PERSON_COUNT,POLICE_AGCY,POSSIBLE_INJ_COUNT,RDWY_SURF_TYPE_CD,RELATION_TO_ROAD,ROAD_CONDITION,ROADWAY_CLEARED,SCH_BUS_IND,SCH_ZONE_IND,SECONDARY_CRASH,SMALL_TRUCK_COUNT,SPEC_JURIS_CD,SUSP_MINOR_INJ_COUNT,SUSP_SERIOUS_INJ_COUNT,SUV_COUNT,TCD_FUNC_CD,TCD_TYPE,TFC_DETOUR_IND,TIME_OF_DAY,TOT_INJ_COUNT,TOTAL_UNITS,UNB_DEATH_COUNT,UNB_SUSP_SERIOUS_INJ_COUNT,UNBELTED_OCC_COUNT,UNK_INJ_DEG_COUNT,UNK_INJ_PER_COUNT,URBAN_AREA,URBAN_RURAL,VAN_COUNT,VEHICLE_COUNT,WEATHER1,WEATHER2,WORK_ZONE_IND,WORK_ZONE_LOC,WORK_ZONE_TYPE,WORKERS_PRES,WZ_CLOSE_DETOUR,WZ_FLAGGER,WZ_LAW_OFFCR_IND,WZ_LN_CLOSURE,WZ_MOVING,WZ_OTHER,WZ_SHLDER_MDN,WZ_WORKERS_INJ_KILLED
2006054055,1755.0,2,0,0,0,0,0,0,0,0,4,0,,67,3,2006,4,40.0515,-75.1501,1746.0,6,0,0,0,0,0,0,0,0,,0,0,0,99,4,2,1,,0.0,40 03:05.000,,0,75 09:00.657,8,0,0,0,67301,0,0,0,N,0,0,0,2,67301,0,,1,1,,N,N,,0,,0,0,0,3,2,,9999,2,2,0,0,0,2,0,3,4,0,2,3,,N,,,,,,,,,,,
2006041783,1022.0,2,0,1,0,0,0,0,0,0,7,0,,67,3,2006,5,,,1020.0,6,0,0,0,0,0,0,1,0,2.0,0,0,0,10,1,2,0,,2.0,,4.0,0,,2,0,0,0,67301,0,0,0,N,0,0,0,3,67501,1,,2,9,,N,N,,0,,0,1,0,3,8,N,1018,2,2,0,0,0,0,0,3,3,0,2,98,,N,,,,,,,,,,,
2006037207,1657.0,1,0,0,0,0,0,0,0,0,8,0,,67,2,2006,3,40.0511,-75.159,1655.0,6,0,0,0,0,0,0,0,0,,0,0,0,16,1,1,1,,0.0,40 03:03.985,,0,75 09:32.569,4,0,0,0,67301,1,0,0,N,1,0,0,2,67301,1,,1,1,,N,N,,0,,0,0,0,1,2,,1655,1,2,0,0,0,0,0,3,4,0,1,3,,N,,,,,,,,,,,
2006037210,1700.0,2,0,0,0,0,0,0,0,0,1,0,,67,2,2006,6,,,1700.0,6,0,0,0,0,0,2,0,0,,0,0,0,14,1,1,5,,0.0,,,0,,8,0,0,0,67301,0,0,0,N,0,0,0,2,67301,0,,1,1,,N,,,0,,0,0,0,3,2,,1445,1,2,0,0,0,1,0,3,3,0,2,3,,N,,,,,,,,,,,
2006034888,1552.0,2,0,0,0,0,0,0,0,0,6,0,,67,2,2006,4,40.0292,-75.1474,1548.0,6,1,0,0,0,0,0,0,0,,0,0,0,15,1,1,2,,0.0,40 01:45.048,,0,75 08:50.535,8,0,0,0,67301,0,0,0,N,0,0,0,5,67301,0,,1,1,,N,N,,0,,0,0,0,3,3,,1519,1,2,0,0,0,1,0,3,4,0,2,3,,N,,,,,,,,,,,
2006019030,1243.0,1,0,0,0,0,0,0,0,0,7,0,,67,1,2006,1,40.0435,-75.2362,1240.0,6,0,0,0,0,0,1,0,0,,0,0,0,99,1,1,0,,0.0,40 02:36.632,,0,75 14:10.395,8,0,0,0,67301,0,0,0,,0,0,0,1,67301,0,,4,98,,,,,0,,0,0,0,0,0,,9999,1,1,0,0,0,1,0,3,4,0,1,3,,N,,,,,,,,,,,
2006081931,1345.0,2,0,0,0,0,0,0,0,0,4,0,,67,7,2006,6,,,1342.0,6,0,0,0,0,0,0,0,0,,0,0,0,13,1,2,1,,0.0,,,0,,4,0,0,0,67301,0,0,0,N,0,0,0,4,67301,2,,1,1,,N,N,,0,,0,0,0,3,2,,1338,2,2,0,0,0,0,1,3,3,0,2,3,,N,,,,,,,,,,,
2006053496,2320.0,2,0,0,0,0,0,0,0,0,4,0,,67,4,2006,6,40.0599,-75.0184,2315.0,6,1,0,0,0,0,1,0,0,,0,0,0,23,3,0,1,,0.0,40 03:35.000,,0,75 01:06.515,0,0,0,0,67301,0,0,0,N,0,0,0,4,67301,0,,1,1,,N,N,,0,,0,0,0,3,2,,2300,0,2,0,0,0,0,0,3,4,0,2,3,,N,,,,,,,,,,,
2006053813,1823.0,2,0,0,0,0,0,0,0,0,1,0,,67,4,2006,5,40.0202,-75.1141,1820.0,6,0,0,0,0,0,1,0,0,,0,0,0,18,1,2,1,,0.0,40 01:12.877,,0,75 06:50.707,4,0,0,0,67301,0,0,0,N,0,0,0,3,67301,2,,1,1,,N,N,,1,,0,0,0,0,0,,1800,2,3,0,0,0,0,0,3,4,0,3,3,,N,,,,,,,,,,,
2006053864,1305.0,2,0,0,0,0,0,0,0,0,5,0,,67,4,2006,5,,,1305.0,6,0,0,0,0,0,0,0,1,,0,0,0,13,1,1,0,,0.0,,,0,,8,0,0,0,67301,0,0,0,,0,0,0,3,67301,0,,1,1,,,,,0,,0,0,0,0,0,,1300,1,2,0,0,0,1,0,3,3,0,2,3,,N,,,,,,,,,,,
2006019496,1525.0,1,0,0,0,0,0,0,0,0,1,0,,67,1,2006,5,,,1520.0,6,0,0,0,0,0,0,0,0,,0,0,0,15,1,1,0,,0.0,,,0,,8,0,0,1,67301,0,0,0,N,0,0,0,1,67301,0,,4,1,,,N,,0,,0,0,0,0,0,,1510,1,2,0,0,0,1,0,3,3,0,2,3,,N,,,,,,,,,,,
2006094876,746.0,1,0,0,0,0,0,0,0,0,4,0,,67,8,2006,5,40.0464,-75.0762,743.0,6,0,0,0,0,0,0,0,0,9.0,0,0,0,7,1,1,1,,1.0,40 02:47.054,1.0,0,75 04:34.337,8,0,0,0,67301,0,0,0,N,0,0,0,2,67301,0,,1,1,,N,N,,1,,0,0,0,3,3,N,743,1,2,0,0,0,1,0,3,4,0,2,3,,N,,,,,,,,,,,
2006094881,1010.0,0,0,0,0,0,0,0,0,0,8,0,,67,7,2006,3,40.0114,-75.0769,1000.0,6,0,0,0,0,0,1,0,0,,0,0,0,9,1,1,1,,0.0,40 00:40.000,,0,75 04:37.462,4,0,0,0,67301,1,0,0,N,1,0,0,2,67301,1,,1,1,,N,N,,1,,0,0,0,0,0,,957,1,2,0,0,0,0,0,3,4,0,1,3,,N,,,,,,,,,,,
2006055855,2118.0,1,0,0,0,0,0,0,0,0,7,0,,67,3,2006,1,,,2112.0,6,0,0,0,1,0,0,0,0,2.0,0,0,0,20,8,0,0,,1.0,,4.0,0,,0,0,0,0,67301,0,0,0,N,0,0,0,2,67301,0,,4,9,,N,N,,0,,0,0,0,0,0,N,2045,0,1,0,0,2,0,0,3,3,0,1,5,,N,,,,,,,,,,,
2006055879,1050.0,1,0,0,0,0,0,0,0,0,7,0,,67,4,2006,7,39.9632,-75.1836,1041.0,6,0,0,0,0,0,0,0,0,,0,0,0,99,1,3,0,,0.0,39 57:50.760,,0,75 11:04.200,4,0,0,0,67301,0,0,0,N,0,0,0,3,67301,3,,2,1,,N,N,,0,,0,0,0,0,0,,9999,3,2,0,0,0,0,0,3,4,0,1,3,,N,,,,,,,,,,,
2006055889,231.0,1,0,0,0,0,0,0,0,0,7,0,,67,4,2006,5,39.9884,-75.207,230.0,6,0,0,0,0,0,0,0,0,,0,0,0,2,3,0,0,,0.0,39 59:21.480,,0,75 12:21.600,0,0,0,0,67301,0,0,0,N,0,0,0,1,67301,0,,2,1,,N,N,,0,,0,0,0,0,0,,230,0,1,0,0,0,0,0,3,4,0,1,3,,N,,,,,,,,,,,
2006092465,910.0,1,0,0,0,0,0,0,0,0,2,0,,67,8,2006,6,39.9542,-75.1496,905.0,6,0,0,0,0,0,0,0,0,2.0,0,0,0,8,1,2,0,,1.0,39 57:15.000,5.0,0,75 08:58.511,4,0,0,0,67301,0,0,0,N,0,0,0,2,67301,2,,1,1,,N,N,,0,,0,0,1,0,0,Y,859,2,2,0,0,0,0,0,3,4,0,2,3,,N,,,,,,,,,,,
2006094997,1600.0,3,0,0,0,0,0,0,0,0,1,0,,67,8,2006,1,39.9741,-75.2043,1600.0,6,0,0,0,0,0,0,0,0,,0,0,0,15,1,1,1,,0.0,39 58:26.000,,0,75 12:14.290,4,0,0,0,67301,0,0,0,N,0,0,0,2,67301,1,,1,1,,N,N,,0,,0,0,0,3,2,,1550,1,3,0,0,0,0,0,3,4,0,3,3,,N,,,,,,,,,,,
2006055974,9999.0,2,0,0,0,0,0,0,0,0,4,0,,67,4,2006,6,40.0475,-75.1428,2020.0,6,0,0,0,0,0,0,0,0,,0,0,0,99,1,2,1,,0.0,40 02:51.000,,0,75 08:34.110,4,0,0,0,67301,0,0,0,N,0,0,0,4,67301,2,,1,1,,N,N,,0,,0,0,0,3,2,,9999,2,2,0,0,0,0,0,3,4,0,2,3,,N,,,,,,,,,,,
2006081483,428.0,1,0,0,0,0,0,0,0,0,1,0,,67,5,2006,7,,,413.0,6,0,0,0,0,0,0,0,0,1.0,0,0,0,4,3,0,0,,2.0,,4.0,0,,0,0,0,0,67301,0,0,0,N,0,0,0,2,67301,0,,1,1,,N,N,,1,,0,0,0,0,0,N,411,0,2,0,0,1,0,0,3,3,0,2,3,,N,,,,,,,,,,,
2006113304,3.0,4,0,0,0,0,0,0,0,0,5,0,,67,10,2006,3,39.9574,-75.2293,9999.0,6,0,0,0,0,0,0,0,0,,0,0,0,23,3,1,1,,0.0,39 57:26.000,,0,75 13:45.530,8,0,0,0,67301,0,0,0,N,0,0,0,2,67301,0,,1,1,,N,N,,0,,0,0,0,9,2,,2350,1,4,0,0,0,1,0,3,4,0,4,3,,N,,,,,,,,,,,
2006113327,1510.0,1,0,0,0,0,0,0,0,0,4,0,,67,9,2006,6,40.0067,-75.0951,1500.0,6,0,0,0,0,0,1,0,0,,0,0,0,12,1,1,2,,0.0,40 00:24.181,,0,75 05:42.507,8,0,0,0,67301,0,0,0,N,0,0,0,2,67301,0,,1,1,,N,N,,0,,0,0,1,0,0,,1200,1,2,0,0,1,1,1,3,4,0,2,3,,N,,,,,,,,,,,
2006105770,1816.0,1,0,0,0,0,0,0,0,0,8,0,,67,9,2006,6,40.0266,-75.174,1811.0,6,0,0,0,0,0,0,0,0,,0,0,0,17,1,1,2,,0.0,40 01:35.662,,0,75 10:26.500,4,0,0,0,67301,1,0,0,,1,0,0,3,67301,1,,4,98,,,,,0,,0,0,0,3,3,,1745,1,2,0,0,0,0,2,3,4,0,1,99,,N,,,,,,,,,,,
2006105791,1825.0,2,0,0,0,0,0,0,0,0,0,0,,67,8,2006,5,39.9934,-75.085,1819.0,6,0,0,0,0,0,0,0,0,1.0,0,0,0,18,1,0,0,,1.0,39 59:35.880,2.0,0,75 05:06.000,0,0,0,0,67301,0,0,0,N,0,0,0,2,67301,0,,1,1,,N,N,,0,,0,0,0,0,0,N,1819,0,2,0,0,0,0,0,3,4,0,2,3,,N,,,,,,,,,,,
2006116036,1123.0,1,0,0,0,0,0,0,0,0,8,0,,67,10,2006,3,40.0121,-75.1487,1119.0,6,0,0,0,0,0,0,0,0,,0,0,0,11,1,1,0,,0.0,40 00:43.545,,0,75 08:55.320,8,0,0,0,67301,1,0,0,,1,0,0,2,67301,0,,1,1,,,,,0,,0,0,0,0,0,,1115,1,2,0,0,0,1,1,3,4,0,1,3,,N,,,,,,,,,,,
2006105827,1728.0,1,0,0,0,0,0,0,0,0,8,0,,67,9,2006,6,39.9804,-75.1822,1727.0,6,0,0,0,0,0,0,0,0,,0,0,0,17,4,1,1,,0.0,39 58:49.000,,0,75 10:56.007,4,0,0,0,67301,1,0,0,,1,0,0,2,67301,1,,1,9,,N,N,,0,,0,0,0,3,2,,1720,1,2,0,0,0,0,0,3,4,0,1,7,,N,,,,,,,,,,,
2006054216,9999.0,2,0,0,0,0,0,0,0,0,4,0,,67,4,2006,4,39.9492,-75.1631,650.0,6,0,0,0,0,0,0,0,0,,0,0,0,6,1,0,2,,0.0,39 56:56.000,,0,75 09:46.907,9,0,0,0,67301,0,0,0,,0,0,0,3,67301,0,,1,1,,N,N,,0,,0,0,0,3,2,,650,0,2,0,0,0,0,1,3,4,0,2,3,,N,,,,,,,,,,,
2006054218,210.0,1,0,0,0,0,0,0,0,0,7,0,,67,4,2006,3,39.9517,-75.1582,210.0,6,0,0,0,0,1,0,0,0,,0,0,0,2,3,0,1,,0.0,39 57:05.000,,0,75 09:29.434,0,0,0,0,67301,0,0,0,,0,0,0,2,67301,0,,5,1,,,,,0,,0,0,0,3,2,,205,0,1,0,0,0,0,0,3,4,0,1,3,,N,,,,,,,,,,,
2006035772,2125.0,0,0,0,0,0,0,0,0,0,4,0,,67,2,2006,5,39.9399,-75.2114,2120.0,6,0,0,0,0,0,0,0,0,,0,0,0,21,3,1,1,,0.0,39 56:23.000,,0,75 12:41.028,3,0,0,0,67301,0,0,0,N,0,0,0,2,67301,0,,1,1,,N,N,,1,,1,0,1,3,2,,2115,1,2,0,0,0,0,0,3,4,0,2,3,,N,,,,,,,,,,,
2006035786,1725.0,2,0,0,0,0,0,0,0,0,4,0,,67,1,2006,6,40.0643,-75.169,1725.0,6,0,0,0,0,0,0,0,0,,0,0,0,17,4,0,2,,0.0,40 03:51.000,,0,75 10:08.389,0,0,0,0,67301,0,0,0,N,0,0,0,4,67301,0,,1,1,,N,N,,0,,0,0,0,0,0,,1720,0,2,0,0,0,0,0,3,4,0,2,3,,N,,,,,,,,,,,
2006036838,120.0,2,0,0,0,0,0,0,0,0,4,0,,67,2,2006,4,,,115.0,6,0,0,0,0,0,0,0,0,,0,0,0,12,1,0,0,,0.0,,,0,,0,0,0,0,67301,0,0,0,N,0,0,0,2,67301,0,,6,1,,N,N,,0,,0,0,1,0,0,,1252,0,3,0,0,0,0,0,3,3,0,3,3,,N,,,,,,,,,,,
2006021261,2210.0,2,0,0,0,0,0,0,0,0,1,0,,67,1,2006,6,39.9403,-75.2014,2200.0,6,0,0,0,0,0,0,0,1,,0,0,0,21,3,1,1,,0.0,39 56:25.000,,0,75 12:05.018,4,0,0,0,67301,0,0,0,,0,0,0,2,67301,1,,1,1,,N,N,,0,,0,0,0,3,2,,2155,1,2,0,0,0,0,1,3,4,0,2,3,,N,,,,,,,,,,,
2006021360,1720.0,3,0,0,0,0,0,0,0,0,1,0,,67,1,2006,4,,,1715.0,6,0,0,0,0,1,1,0,1,2.0,0,0,0,17,1,3,0,,1.0,,4.0,3,,4,0,0,0,67301,0,0,0,N,0,0,0,4,67301,1,,1,9,,N,N,,0,,0,0,0,0,0,N,1705,3,3,0,0,0,2,0,3,3,0,3,7,,N,,,,,,,,,,,
2006021367,105.0,0,0,0,0,0,0,0,0,0,4,0,,67,1,2006,7,39.9187,-75.2469,102.0,6,0,0,0,0,0,1,0,0,,0,0,0,1,3,4,2,,0.0,39 55:07.000,,0,75 14:49.172,3,0,0,0,67301,0,0,0,N,0,0,0,4,67301,3,,1,1,,N,N,,1,,1,0,1,3,3,,100,4,2,0,0,0,0,0,3,4,0,2,3,,N,,,,,,,,,,,
2006021294,2040.0,2,0,0,0,0,0,0,0,0,4,0,,67,1,2006,6,40.1059,-75.0529,2035.0,6,0,0,0,0,0,0,0,1,2.0,0,0,0,20,3,1,2,,1.0,40 06:21.000,6.0,0,75 03:10.428,4,0,0,0,67301,0,0,0,N,0,0,0,3,67301,1,,1,1,,N,N,,0,,0,0,0,3,3,N,2035,1,2,0,0,0,0,0,3,4,0,2,5,,N,,,,,,,,,,,
2006021322,1630.0,1,0,0,0,0,0,0,0,0,1,0,,67,1,2006,7,39.995,-75.1625,1505.0,6,0,0,0,0,0,0,0,0,,0,0,0,15,1,1,1,,0.0,39 59:41.000,,0,75 09:45.227,8,0,0,0,67301,0,0,0,,0,0,0,4,67301,0,,1,9,,N,N,,1,,0,0,0,3,2,,1500,1,2,0,0,0,1,0,3,4,0,2,7,,N,,,,,,,,,,,
2006019038,1833.0,1,0,0,0,0,0,0,0,0,5,0,,67,1,2006,5,39.9721,-75.1248,1825.0,6,0,0,0,1,0,0,0,0,,0,0,0,18,3,1,0,,0.0,39 58:20.000,,0,75 07:28.115,4,0,0,0,67301,0,0,0,,0,0,0,3,67301,1,,1,1,,,,,0,,0,0,0,0,0,,1800,1,2,0,0,0,0,0,3,4,0,2,3,,N,,,,,,,,,,,
2006092370,800.0,1,0,0,0,0,0,0,0,0,4,0,,67,8,2006,3,,,755.0,6,0,0,0,0,0,1,0,0,,0,0,0,8,1,1,0,,0.0,,,0,,8,0,0,0,67301,0,0,0,N,0,0,0,3,67301,0,,1,1,,N,N,,1,,0,0,0,0,0,,800,1,2,0,0,0,1,0,3,3,0,2,3,,N,,,,,,,,,,,
2006081915,1615.0,0,0,0,0,0,0,1,0,0,5,1,,67,5,2006,7,39.9571,-75.2143,1610.0,6,0,0,0,0,0,1,0,0,,0,0,0,16,1,1,1,,0.0,39 57:25.000,,0,75 12:51.656,4,0,0,0,67301,0,0,0,N,0,0,0,3,67301,1,,1,1,,N,N,,0,,0,0,1,3,2,,1600,1,2,0,0,0,0,0,3,4,0,2,3,,N,,,,,,,,,,,
2006053857,1522.0,2,0,0,0,0,0,0,0,0,1,0,,67,4,2006,7,40.063,-75.1715,1519.0,6,0,1,0,0,1,0,0,0,,0,0,0,15,1,1,0,,0.0,40 03:46.000,,0,75 10:17.259,4,0,0,0,67301,0,0,0,,0,0,0,4,67301,1,,1,1,,,,,0,,0,0,1,3,2,,1503,1,3,0,0,0,0,0,3,4,0,3,7,,N,,,,,,,,,,,
2006020523,1115.0,1,0,0,0,0,0,1,0,0,5,1,,67,1,2006,4,39.9491,-75.162,1100.0,6,0,0,0,0,0,1,0,0,,0,0,0,11,1,1,1,,0.0,39 56:56.000,,0,75 09:43.241,4,0,0,0,67301,0,0,0,N,0,0,0,3,67301,1,,1,1,,N,N,,0,,0,0,0,3,2,,1100,1,2,0,0,0,0,0,3,4,0,2,3,,N,,,,,,,,,,,
2006020531,610.0,1,0,0,0,0,0,0,0,0,7,0,,67,1,2006,2,39.9978,-75.0817,554.0,6,0,0,0,0,0,0,0,0,,0,0,0,5,3,1,0,,0.0,39 59:52.000,,0,75 04:54.691,4,0,0,0,67301,0,0,0,N,0,0,0,1,67301,1,,2,9,,N,N,,0,,0,0,0,0,0,,554,1,1,0,0,1,0,0,3,4,0,1,7,,N,,,,,,,,,,,
2006094915,1743.0,4,0,0,0,0,0,0,0,0,1,0,,67,8,2006,3,39.9562,-75.1805,1736.0,6,0,0,0,0,0,0,0,0,2.0,0,0,0,17,3,2,0,,2.0,39 57:27.000,4.0,0,75 10:48.893,3,0,0,0,67301,0,0,0,N,0,0,0,5,67301,0,,1,1,,N,N,,0,,2,0,0,0,0,Y,1735,2,4,0,0,0,0,0,3,4,0,4,3,,N,,,,,,,,,,,
2006055891,1925.0,1,0,0,0,0,0,0,0,0,5,0,,67,3,2006,1,39.9669,-75.1345,1919.0,6,0,0,0,0,0,0,0,0,1.0,0,0,0,19,2,1,0,,1.0,39 58:00.480,2.0,0,75 08:04.920,4,0,0,0,67301,0,0,0,N,0,0,0,2,67301,1,,1,1,,N,N,,1,,0,0,0,0,0,N,1915,1,2,0,0,1,0,0,3,4,0,2,3,,N,,,,,,,,,,,
2006055923,2320.0,2,0,0,0,0,0,0,0,0,6,0,,67,3,2006,4,40.0456,-75.1285,2314.0,6,0,0,0,0,0,0,0,0,1.0,0,0,0,99,3,1,5,,1.0,40 02:44.000,5.0,0,75 07:42.525,3,0,0,0,67301,0,0,0,N,0,0,0,3,67301,0,,1,1,,N,N,,0,,1,0,0,3,2,Y,9999,1,2,0,0,1,0,0,3,4,0,2,3,,N,,,,,,,,,,,
2006092474,1656.0,1,0,0,0,0,0,0,0,0,8,0,,67,7,2006,1,40.0475,-75.1428,1646.0,6,0,0,0,0,0,1,0,0,,0,0,0,16,1,1,2,,0.0,40 02:51.000,,0,75 08:34.489,3,0,0,0,67301,1,0,0,N,1,0,0,3,67301,0,,1,1,,N,N,,0,,1,0,0,3,3,,1630,1,2,0,0,0,0,0,3,4,0,1,3,,N,,,,,,,,,,,
2006055942,332.0,1,0,0,0,0,0,0,0,0,7,0,,67,4,2006,4,,,329.0,6,0,0,0,0,0,0,1,0,1.0,0,0,0,3,3,1,0,,2.0,,3.0,0,,4,0,0,0,67301,0,0,0,N,0,0,0,1,67301,1,,2,9,,N,N,,0,,0,0,0,0,0,N,327,1,1,0,0,0,0,0,3,3,0,1,7,,N,,,,,,,,,,,
2006056055,1106.0,2,0,0,0,0,0,0,0,0,5,0,,67,3,2006,2,40.0195,-75.1472,1104.0,6,0,0,0,0,0,1,0,0,1.0,0,0,0,10,1,1,0,,2.0,40 01:10.920,4.0,0,75 08:50.640,4,0,0,0,67301,0,0,0,N,0,0,0,3,67301,1,,1,1,,N,N,,0,,0,0,0,3,8,N,1054,1,2,0,0,0,0,1,3,4,0,2,3,,N,,,,,,,,,,,
2006055981,1208.0,0,0,0,0,0,0,0,0,0,8,0,,67,3,2006,1,,,1205.0,6,0,0,0,0,0,0,0,0,,0,0,0,12,1,1,1,,0.0,,,0,,8,0,0,0,67301,1,0,0,N,1,0,0,2,67301,0,,1,9,,N,N,,0,,0,0,1,3,2,,1200,1,2,0,0,0,1,1,3,3,0,1,7,,N,,,,,,,,,,,
2006056006,1640.0,0,0,0,0,0,0,0,0,0,7,0,,67,3,2006,6,,,1638.0,6,0,0,0,0,0,0,0,0,1.0,0,0,0,16,1,2,2,,1.0,,1.0,0,,2,0,1,1,67301,0,0,0,N,0,0,0,2,67301,0,,4,1,,N,N,,0,,1,1,0,0,0,N,1625,2,1,0,0,0,0,0,3,3,0,1,3,,N,,,,,,,,,,,
2006056020,37.0,2,0,0,0,0,0,0,0,0,1,0,,67,3,2006,1,40.0169,-75.1517,33.0,6,0,0,0,0,0,0,0,0,,0,0,0,0,3,1,0,,0.0,40 01:01.000,,0,75 09:06.115,4,0,0,0,67301,0,0,0,,0,0,0,2,67301,1,,1,9,,,,,0,,0,0,0,9,2,,33,1,2,0,0,0,0,1,3,4,0,2,7,,N,,,,,,,,,,,
2006056237,1630.0,1,0,0,0,0,0,0,0,0,8,0,,67,2,2006,3,,,1550.0,6,0,0,0,0,0,0,0,0,,0,0,0,14,1,1,0,,0.0,,,0,,4,0,0,0,67301,1,0,0,N,1,0,0,2,67301,1,,1,1,,N,N,,0,,0,0,0,0,0,,1445,1,2,0,0,0,0,0,3,3,0,1,3,,N,,,,,,,,,,,
2006056244,1449.0,3,0,0,0,0,0,0,0,0,5,0,,67,2,2006,3,39.9412,-75.2095,1445.0,6,0,0,0,0,0,1,0,0,,0,0,0,14,1,2,1,,0.0,39 56:28.000,,0,75 12:34.028,4,0,0,0,67301,0,0,0,N,0,0,0,4,67301,2,,1,1,,N,N,,0,,0,0,0,3,2,,1440,2,3,0,0,0,0,0,3,4,0,3,3,,N,,,,,,,,,,,
2006092759,1543.0,2,0,0,0,0,0,0,0,0,4,0,,67,8,2006,5,39.9402,-75.2006,1539.0,6,0,0,0,0,0,0,0,1,,0,0,0,15,1,1,2,,0.0,39 56:25.000,,0,75 12:03.297,2,0,0,0,67301,0,0,0,N,0,0,0,2,67301,0,,1,1,,N,N,,0,,0,1,0,0,0,,1538,1,2,0,0,0,0,0,3,4,0,2,3,,N,,,,,,,,,,,
2006053946,1840.0,1,0,0,0,0,0,0,0,0,4,0,,67,4,2006,6,40.0356,-75.0808,1835.0,6,0,0,0,0,0,0,0,0,,0,0,0,18,1,1,0,,0.0,40 02:08.156,,0,75 04:50.872,4,0,0,0,67301,1,0,0,N,1,0,0,2,67301,1,,1,1,,N,N,,0,,0,0,0,0,0,,1833,1,2,0,0,0,0,0,3,4,0,1,3,,N,,,,,,,,,,,
2006092890,1125.0,2,0,0,0,0,0,0,0,0,4,0,,67,8,2006,4,40.0487,-75.1891,1115.0,6,0,0,0,0,0,1,0,0,,0,0,0,11,1,0,0,,0.0,40 02:55.348,,0,75 11:20.673,0,0,0,0,67301,0,0,0,N,0,0,0,2,67301,0,,6,1,,N,N,,0,,0,0,1,9,3,,1110,0,3,0,0,0,0,0,3,4,0,3,3,,N,,,,,,,,,,,
2006092897,1343.0,1,0,0,0,0,0,0,0,0,8,0,,67,7,2006,6,39.9926,-75.1415,1330.0,6,0,0,0,0,0,1,0,0,,0,0,0,13,1,1,0,,0.0,39 59:33.180,,0,75 08:29.263,3,0,0,0,67301,1,0,0,,1,0,0,2,67301,0,,1,9,,N,N,,0,,1,0,0,0,0,,1330,1,2,0,0,1,0,0,3,4,0,1,7,,N,,,,,,,,,,,
2006092907,153.0,1,0,0,0,0,0,0,0,0,7,0,,67,8,2006,1,,,149.0,6,0,0,0,0,0,0,0,0,,0,0,0,0,3,1,0,,0.0,,,0,,3,0,0,0,67301,0,0,0,Y,0,0,0,1,67301,0,,4,1,,N,Y,,0,,1,0,0,0,0,,54,1,1,0,0,0,0,0,3,3,0,1,3,,N,,,,,,,,,,,
2006066971,1522.0,0,0,0,0,0,0,0,0,0,6,0,,67,6,2006,3,,,1515.0,6,0,0,0,0,0,0,0,0,,0,0,0,15,1,1,1,,0.0,,,0,,8,0,0,1,67301,0,0,0,N,0,0,0,2,67301,0,,1,1,,N,N,,1,,0,0,0,3,3,,1515,1,2,0,0,0,1,0,3,3,0,2,3,,N,,,,,,,,,,,
2006069432,1742.0,2,0,0,0,0,0,0,0,0,4,0,,67,7,2006,6,40.0,-75.2292,9999.0,6,0,0,0,0,0,0,0,0,,0,0,0,17,1,1,0,,0.0,40 00:00.000,,0,75 13:45.154,4,0,0,0,67301,0,0,0,N,0,0,0,4,46104,1,,1,1,,N,N,,0,,0,0,0,0,0,,1738,1,2,0,0,0,0,0,3,4,0,2,3,,N,,,,,,,,,,,
2006018414,1545.0,2,0,0,0,0,0,0,0,0,4,0,,67,1,2006,3,,,1543.0,6,0,0,0,0,0,1,0,0,,0,0,0,15,1,3,1,,0.0,,,0,,4,0,0,0,67301,0,0,0,N,0,0,0,6,67301,3,,1,1,,N,N,,0,,0,0,0,3,2,,1530,3,2,0,0,0,0,0,3,3,0,2,3,,N,,,,,,,,,,,