CRN,ARRIVAL_TM,AUTOMOBILE_COUNT,BELTED_DEATH_COUNT,BELTED_SUSP_SERIOUS_INJ_COUNT,BICYCLE_COUNT,BICYCLE_DEATH_COUNT,BICYCLE_SUSP_SERIOUS_INJ_COUNT,BUS_COUNT,CHLDPAS_DEATH_COUNT,CHLDPAS_SUSP_SERIOUS_INJ_COUNT,COLLISION_TYPE,COMM_VEH_COUNT,CONS_ZONE_SPD_LIM,COUNTY,CRASH_MONTH,CRASH_YEAR,DAY_OF_WEEK,DEC_LAT,DEC_LONG,DISPATCH_TM,DISTRICT,DRIVER_COUNT_16YR,DRIVER_COUNT_17YR,DRIVER_COUNT_18YR,DRIVER_COUNT_19YR,DRIVER_COUNT_20YR,DRIVER_COUNT_50_64YR,DRIVER_COUNT_65_74YR,DRIVER_COUNT_75PLUS,EST_HRS_CLOSED,FATAL_COUNT,HEAVY_TRUCK_COUNT,HORSE_BUGGY_COUNT,HOUR_OF_DAY,ILLUMINATION,INJURY_COUNT,INTERSECT_TYPE,INTERSECTION_RELATED,LANE_CLOSED,LATITUDE,LN_CLOSE_DIR,LOCATION_TYPE,LONGITUDE,MAX_SEVERITY_LEVEL,MCYCLE_DEATH_COUNT,MCYCLE_SUSP_SERIOUS_INJ_COUNT,MOTORCYCLE_COUNT,MUNICIPALITY,NONMOTR_COUNT,NONMOTR_DEATH_COUNT,NONMOTR_SUSP_SERIOUS_INJ_COUNT,NTFY_HIWY_MAINT,PED_COUNT,PED_DEATH_COUNT,PED_SUSP_SERIOUS_INJ_COUNT,PERSON_COUNT,POLICE_AGCY,POSSIBLE_INJ_COUNT,RDWY_SURF_TYPE_CD,RELATION_TO_ROAD,ROAD_CONDITION,ROADWAY_CLEARED,SCH_BUS_IND,SCH_ZONE_IND,SECONDARY_CRASH,SMALL_TRUCK_COUNT,SPEC_JURIS_CD,SUSP_MINOR_INJ_COUNT,SUSP_SERIOUS_INJ_COUNT,SUV_COUNT,TCD_FUNC_CD,TCD_TYPE,TFC_DETOUR_IND,TIME_OF_DAY,TOT_INJ_COUNT,TOTAL_UNITS,UNB_DEATH_COUNT,UNB_SUSP_SERIOUS_INJ_COUNT,UNBELTED_OCC_COUNT,UNK_INJ_DEG_COUNT,UNK_INJ_PER_COUNT,URBAN_AREA,URBAN_RURAL,VAN_COUNT,VEHICLE_COUNT,WEATHER1,WEATHER2,WORK_ZONE_IND,WORK_ZONE_LOC,WORK_ZONE_TYPE,WORKERS_PRES,WZ_CLOSE_DETOUR,WZ_FLAGGER,WZ_LAW_OFFCR_IND,WZ_LN_CLOSURE,WZ_MOVING,WZ_OTHER,WZ_SHLDER_MDN,WZ_WORKERS_INJ_KILLED
2006036270,1306.0,1,0,0,0,0,0,0,0,0,7,0,,67,2,2006,7,40.0159,-75.1538,1302.0,6,0,0,0,0,0,0,0,0,,0,0,0,99,1,1,1,,0.0,40 00:57.000,,0,75 09:14.211,8,0,0,0,67301,0,0,0,,0,0,0,1,67301,0,,2,1,,N,N,,0,,0,0,0,0,0,,9999,1,1,0,0,0,1,0,3,4,0,1,3,,N,,,,,,,,,,,
2006035653,1335.0,4,0,0,0,0,0,0,0,0,6,0,,67,2,2006,6,40.0238,-75.1349,1332.0,6,0,0,0,0,1,1,0,0,,0,0,0,13,1,2,1,,0.0,40 01:25.000,,0,75 08:08.444,8,0,0,0,67301,0,0,0,,0,0,0,3,67301,0,,1,1,,N,N,,0,,0,0,0,3,2,,1329,2,4,0,0,0,2,0,3,4,0,4,3,,N,,,,,,,,,,,
2006105890,9999.0,1,0,0,1,0,0,0,0,0,4,0,,67,9,2006,7,40.0152,-75.1699,9999.0,6,0,0,0,0,0,0,0,0,,0,0,0,99,1,1,1,,0.0,40 00:54.000,,0,75 10:11.699,4,0,0,0,67301,1,0,0,N,0,0,0,2,67301,1,,1,1,,N,N,,0,,0,0,0,3,2,,9999,1,2,0,0,0,0,0,3,4,0,1,3,,N,,,,,,,,,,,
2006105837,2000.0,1,0,0,1,0,0,0,0,0,4,0,,67,9,2006,3,39.9301,-75.1852,1958.0,6,0,0,0,0,0,0,0,0,,0,0,0,19,3,1,1,,0.0,39 55:48.529,,0,75 11:06.863,3,0,0,0,67301,1,0,0,N,0,0,0,2,67301,0,,1,9,,N,N,,0,,1,0,0,3,3,,1957,1,2,0,0,0,0,0,3,4,0,1,7,,N,,,,,,,,,,,
2006124198,1602.0,1,0,0,0,0,0,0,0,0,1,0,,67,10,2006,7,40.074,-75.1584,1557.0,6,0,0,0,1,0,0,0,0,,0,0,0,15,1,2,0,,0.0,40 04:26.468,,0,75 09:30.157,4,0,0,0,67301,0,0,0,N,0,0,0,2,67301,2,,1,1,,N,N,,0,,0,0,1,3,2,,1530,2,2,0,0,0,0,0,3,4,0,2,3,,N,,,,,,,,,,,
2006054234,852.0,2,0,0,0,0,0,0,0,0,2,0,,67,4,2006,7,40.0791,-75.0368,842.0,6,0,0,0,1,0,0,1,0,,0,0,0,8,1,0,2,,0.0,40 04:44.000,,0,75 02:12.505,0,0,0,0,67301,0,0,0,N,0,0,0,2,67301,0,,1,9,,N,N,,0,,0,0,0,3,3,,840,0,2,0,0,0,0,0,3,4,0,2,7,,N,,,,,,,,,,,
2006054238,1316.0,1,0,0,0,0,0,0,0,0,8,0,,67,4,2006,4,39.9249,-75.1579,1310.0,6,0,0,0,0,0,0,0,0,,0,0,0,99,1,1,0,,0.0,39 55:29.600,,0,75 09:28.512,4,0,0,0,67301,1,0,0,N,1,0,0,2,67301,1,,1,1,,N,N,,0,,0,0,0,0,0,,9999,1,2,0,0,0,0,0,3,4,0,1,3,,N,,,,,,,,,,,
2006038179,2154.0,1,0,0,0,0,0,0,0,0,4,0,,67,3,2006,2,39.9579,-75.1641,2148.0,6,0,0,0,0,1,0,0,0,,0,0,0,21,3,1,3,,0.0,39 57:27.000,,0,75 09:50.847,8,0,0,0,67301,0,0,0,N,0,0,0,2,67301,0,,1,1,,N,N,,0,,0,0,1,3,2,,2140,1,2,0,0,1,1,0,3,4,0,2,3,,N,,,,,,,,,,,
2006035791,1550.0,2,0,0,0,0,0,0,0,0,1,0,,67,2,2006,6,40.0214,-75.1935,1545.0,6,0,0,0,1,0,0,1,0,,0,0,0,15,1,0,0,,0.0,40 01:17.000,,7,75 11:36.611,0,0,0,0,67301,0,0,0,,0,0,0,5,67301,0,,1,1,,N,N,,1,,0,0,0,3,2,,1500,0,3,0,0,0,0,0,3,4,0,3,3,,N,,,,,,,,,,,
2006054061,1445.0,3,0,0,0,0,0,0,0,0,4,0,,67,4,2006,5,,,1445.0,6,0,0,0,0,0,0,1,0,,0,0,0,14,1,0,2,,0.0,,,0,,9,0,0,0,67301,0,0,0,N,0,0,0,2,67301,0,,1,1,,N,N,,0,,0,0,0,3,3,,1440,0,3,0,0,0,0,1,3,3,0,3,3,,N,,,,,,,,,,,
2006036851,1147.0,0,0,0,0,0,0,0,0,0,5,0,,67,1,2006,1,,,1145.0,6,0,0,0,0,0,1,0,0,,0,0,0,11,1,1,0,,0.0,,,7,,3,0,0,0,67301,0,0,0,,0,0,0,1,67301,0,,2,1,,N,N,,1,,1,0,0,0,0,,1137,1,2,0,0,0,0,0,3,3,1,2,3,,N,,,,,,,,,,,
2006037117,1020.0,1,0,0,0,0,0,0,0,0,8,0,,67,2,2006,2,39.9571,-75.2019,1009.0,6,0,0,0,0,0,1,0,0,,0,0,0,10,1,1,1,,0.0,39 57:25.599,,0,75 12:06.942,8,0,0,0,67301,1,0,0,,1,0,0,2,67301,0,,1,1,,,,,0,,0,0,0,9,9,,1009,1,2,0,0,0,1,1,3,4,0,1,3,,N,,,,,,,,,,,
2006022156,1632.0,2,0,0,0,0,0,0,0,0,4,0,,67,1,2006,4,40.0316,-75.2076,1630.0,6,0,0,0,0,0,2,0,0,,0,0,0,16,3,0,1,,0.0,40 01:53.000,,0,75 12:27.590,0,0,0,0,67301,0,0,0,,0,0,0,2,67301,0,,1,9,,N,N,,0,,0,0,0,3,2,,1600,0,2,0,0,0,0,0,3,4,0,2,7,,N,,,,,,,,,,,
2006022158,915.0,2,0,0,0,0,0,0,0,0,4,0,,67,1,2006,6,40.0526,-75.2272,910.0,6,0,0,0,0,0,1,0,0,,0,0,0,9,1,1,1,,0.0,40 03:09.000,,0,75 13:37.372,3,0,0,0,67301,0,0,0,N,0,0,0,2,67301,0,,1,1,,N,N,,0,,1,0,0,3,2,,905,1,2,0,0,0,0,0,3,4,0,2,5,,N,,,,,,,,,,,
2006022161,1136.0,0,0,0,0,0,0,0,0,0,8,0,,67,1,2006,3,,,1126.0,6,0,0,0,0,0,0,1,0,,0,0,0,11,1,1,0,,0.0,,,0,,4,0,0,0,67301,1,0,0,,1,0,0,2,67301,1,,5,1,,,,,0,,0,0,0,0,0,,1126,1,2,0,0,0,0,0,3,3,1,1,99,,N,,,,,,,,,,,
2006047971,1643.0,1,0,0,0,0,0,0,0,0,7,0,,67,3,2006,4,40.0179,-75.1493,1639.0,6,0,0,0,0,0,0,1,0,3.0,1,0,0,16,1,0,1,,1.0,40 01:05.000,4.0,0,75 08:57.036,1,0,0,0,67301,0,0,0,Y,0,0,0,1,67301,0,2.0,5,1,,N,N,,0,0.0,0,0,0,3,2,Y,1635,0,1,0,0,0,0,0,3,4,0,1,3,,N,,,,,,,,,,,
2006092424,2120.0,2,0,0,0,0,0,0,0,0,2,0,,67,8,2006,6,,,2115.0,6,0,0,0,0,0,0,0,0,,0,0,0,99,3,1,1,,0.0,,,0,,2,0,0,0,67301,0,0,0,N,0,0,0,2,67301,0,,1,1,,N,N,,0,,0,1,0,3,3,,9999,1,2,0,0,0,0,0,3,3,0,2,3,,N,,,,,,,,,,,
2006053713,954.0,1,0,0,0,0,0,0,0,0,8,0,,67,4,2006,1,39.9498,-75.1414,952.0,6,0,0,0,0,0,1,0,0,,0,0,0,9,1,1,1,,0.0,39 56:59.280,,0,75 08:29.040,4,0,0,0,67301,1,0,0,N,1,0,0,3,67301,1,,7,1,,N,N,,0,,0,0,0,2,2,,950,1,2,0,0,0,0,0,3,4,0,1,3,,N,,,,,,,,,,,
2006053753,2315.0,2,0,0,0,0,0,0,0,0,1,0,,67,3,2006,1,39.9401,-75.1979,2310.0,6,0,0,1,0,0,0,0,0,,0,0,0,23,3,1,0,,0.0,39 56:22.000,,0,75 11:53.434,8,0,0,0,67301,0,0,0,N,0,0,0,2,67301,0,,1,1,,N,N,,0,,0,0,0,3,2,,2310,1,2,0,0,0,1,1,3,4,0,2,3,,N,,,,,,,,,,,
2006053502,823.0,1,0,0,0,0,0,0,0,0,8,0,,67,2,2006,3,40.0309,-75.0931,821.0,6,0,0,0,0,0,0,0,0,,0,0,0,8,1,1,1,,0.0,40 01:51.272,,0,75 05:35.008,8,0,0,0,67301,1,0,0,,1,0,0,2,67301,0,,1,1,,,,,0,,0,0,0,3,2,,815,1,2,0,0,0,1,0,3,4,0,1,3,,N,,,,,,,,,,,
2006053822,1140.0,2,0,0,0,0,0,0,0,0,1,0,,67,4,2006,7,40.0535,-75.07,1135.0,6,0,0,0,1,0,0,0,0,,0,0,0,11,1,1,0,,0.0,40 03:12.479,,0,75 04:11.948,4,0,0,0,67301,0,0,0,N,0,0,0,2,67301,1,,1,1,,N,N,,0,,0,0,0,0,0,,1125,1,2,0,0,0,0,0,3,4,0,2,3,,N,,,,,,,,,,,
2006055852,1715.0,1,0,0,0,0,0,0,0,0,7,0,,67,4,2006,1,40.0789,-75.0697,1709.0,6,0,0,1,0,0,0,0,0,,0,0,0,17,1,0,0,,0.0,40 04:44.168,,0,75 04:11.025,0,0,0,0,67301,0,0,0,,0,0,0,1,67301,0,,4,1,,N,N,,0,,0,0,0,0,0,,1709,0,1,0,0,0,0,0,3,4,0,1,3,,N,,,,,,,,,,,
2006055882,625.0,1,0,0,0,0,0,0,0,0,7,0,,67,3,2006,1,40.0253,-75.0285,616.0,6,0,0,0,0,0,0,0,0,,0,0,0,6,1,0,6,,0.0,40 01:30.360,,2,75 01:44.400,0,0,0,0,67301,0,0,0,Y,0,0,0,1,67301,0,,2,9,,N,N,,0,,0,0,0,0,0,,610,0,1,0,0,0,0,0,3,4,0,1,3,,N,,,,,,,,,,,
2006055837,9999.0,1,0,0,0,0,0,0,0,0,8,0,,67,2,2006,5,39.9939,-75.1545,1740.0,6,0,0,0,0,0,0,0,0,,0,0,0,14,1,1,1,,0.0,39 59:38.040,,0,75 09:16.560,4,0,0,0,67301,1,0,0,N,1,0,0,1,67301,1,,1,1,,N,N,,0,,0,0,0,9,2,,1445,1,2,0,0,0,0,0,3,4,0,1,3,,N,,,,,,,,,,,
2006055840,1400.0,2,0,0,0,0,0,0,0,0,2,0,,67,3,2006,6,40.0317,-75.1789,1345.0,6,0,0,0,0,0,0,0,0,,0,0,0,13,1,0,1,,0.0,40 01:54.120,,0,75 10:44.040,0,0,0,0,67301,0,0,0,,0,0,0,2,67301,0,,1,1,,N,N,,0,,0,0,0,3,2,,1330,0,2,0,0,2,0,0,3,4,0,2,3,,N,,,,,,,,,,,
2006092478,1230.0,1,0,0,0,0,0,0,0,0,2,0,,67,8,2006,7,,,1224.0,6,0,0,0,0,0,0,0,0,,0,0,0,12,1,2,0,,0.0,,,0,,3,0,0,0,67301,0,0,0,N,0,0,0,2,67301,0,,1,1,,N,N,,0,,2,0,0,0,0,,1210,2,2,0,0,0,0,0,3,3,1,2,3,,N,,,,,,,,,,,
2006094965,1727.0,1,0,0,0,0,0,0,0,0,8,0,,67,7,2006,1,39.9041,-75.2403,1727.0,6,0,0,0,0,0,0,0,0,2.0,0,0,0,17,1,1,2,,1.0,39 54:14.619,1.0,0,75 14:25.049,4,0,0,0,67301,1,0,0,N,1,0,0,2,67301,1,,1,1,,N,N,,0,,0,0,0,3,2,N,1725,1,2,0,0,1,0,0,3,4,0,1,3,,N,,,,,,,,,,,
2006094989,1850.0,0,0,0,0,0,0,0,0,0,8,0,,67,8,2006,6,,,1848.0,6,0,0,0,0,0,0,0,0,,0,0,0,99,1,1,0,,0.0,,,0,,3,0,0,0,67301,1,0,0,N,1,0,0,3,67301,0,,1,1,,N,N,,0,,1,0,1,0,0,,9999,1,2,0,0,0,0,0,3,3,0,1,3,,N,,,,,,,,,,,
2006055954,920.0,2,0,0,0,0,0,0,0,0,1,0,,67,3,2006,6,,,910.0,6,0,0,0,0,0,1,0,0,,0,0,0,7,1,1,1,,0.0,,,0,,4,0,0,0,67301,0,0,0,N,0,0,0,2,67301,1,,1,9,,N,N,,0,,0,0,0,0,0,,715,1,2,0,0,0,0,0,3,3,0,2,3,,N,,,,,,,,,,,
2006056036,1530.0,2,0,0,0,0,0,0,0,0,8,0,,67,3,2006,2,40.01,-75.1668,1528.0,6,0,0,0,0,0,1,0,0,1.0,0,0,0,15,1,1,0,,1.0,40 00:36.000,4.0,0,75 10:01.014,8,0,0,0,67301,1,0,0,N,1,0,0,3,67301,0,,1,1,,N,N,,0,,0,0,0,0,0,Y,1528,1,3,0,0,0,1,1,3,4,0,2,3,,N,,,,,,,,,,,
2006056093,1141.0,1,0,0,0,0,0,0,0,0,4,0,,67,4,2006,1,40.0016,-75.1286,1136.0,6,0,0,0,0,0,0,1,0,,0,0,0,11,1,1,1,,0.0,40 00:05.796,,0,75 07:42.898,4,0,0,0,67301,0,0,0,Y,0,0,0,2,67301,1,,1,1,,,,,1,,0,0,0,0,0,,1133,1,2,0,0,0,0,0,3,4,0,2,3,,N,,,,,,,,,,,
2006056256,1625.0,1,0,0,0,0,0,0,0,0,8,0,,67,5,2006,3,,,1623.0,6,0,0,0,0,0,0,0,0,,0,0,0,16,1,1,1,,0.0,,,0,,4,0,0,0,67301,1,0,0,N,1,0,0,4,67301,1,,1,1,,N,N,,0,,0,0,0,0,0,,1623,1,2,0,0,0,0,0,3,3,0,1,3,,N,,,,,,,,,,,
2006056347,1820.0,1,0,0,0,0,0,0,0,0,8,0,,67,3,2006,6,40.0414,-75.1201,1817.0,6,0,0,0,0,0,0,0,0,,0,0,0,18,3,1,1,,0.0,40 02:29.198,,0,75 07:12.381,4,0,0,0,67301,1,0,0,N,1,0,0,2,67301,1,,1,1,,N,N,,0,,0,0,0,3,2,,1810,1,2,0,0,0,0,0,3,4,0,1,3,,N,,,,,,,,,,,
2006092798,1810.0,0,0,0,0,0,0,0,0,0,7,0,,67,8,2006,6,40.0566,-75.1969,1806.0,6,0,0,0,0,0,0,0,0,,0,0,0,18,1,1,0,,0.0,40 03:23.000,,0,75 11:48.886,4,0,0,0,67301,0,0,0,N,0,0,0,1,67301,1,,5,1,,N,N,,0,,0,0,1,0,0,,1800,1,1,0,0,0,0,0,3,4,0,1,3,,N,,,,,,,,,,,
2006095360,2144.0,1,0,0,0,0,0,0,0,0,1,0,,67,8,2006,6,39.9803,-75.2142,2140.0,6,0,0,0,0,0,0,0,0,,0,0,0,20,3,1,1,,0.0,39 58:49.000,,0,75 12:51.001,4,0,0,0,67301,0,0,0,N,0,0,0,2,67301,1,,1,1,,N,N,,0,,0,0,0,3,2,,2058,1,2,0,0,0,0,1,3,4,0,2,3,,N,,,,,,,,,,,
2006036259,1505.0,1,0,0,0,0,0,0,0,0,1,0,,67,1,2006,2,39.933,-75.1679,1458.0,6,0,0,0,0,0,0,0,0,,0,0,0,14,1,1,1,,0.0,39 55:58.000,,0,75 10:04.377,4,0,0,0,67301,0,0,0,N,0,0,0,2,67301,1,,1,1,,N,N,,0,,0,0,0,3,2,,1430,1,2,0,0,0,0,0,3,4,1,2,3,,N,,,,,,,,,,,
2006037990,314.0,2,0,0,0,0,0,0,0,0,1,0,,67,3,2006,1,39.9771,-75.1994,314.0,6,0,0,0,0,0,0,0,0,2.0,0,0,0,3,3,0,7,,2.0,39 58:37.000,3.0,2,75 11:59.702,9,0,0,0,67301,0,0,0,N,0,0,0,4,67301,0,,1,1,,N,N,,0,,0,0,0,4,7,Y,314,0,2,0,0,0,0,4,3,4,0,2,3,,N,,,,,,,,,,,
2006035683,1432.0,2,0,0,0,0,0,0,0,0,2,0,,67,2,2006,5,,,1430.0,6,0,0,0,0,0,0,1,0,,0,0,0,14,1,2,1,,0.0,,,0,,4,0,0,0,67301,0,0,0,N,0,0,0,3,67301,2,,1,1,,N,N,,0,,0,0,0,3,2,,1430,2,2,0,0,0,0,0,3,3,0,2,3,,N,,,,,,,,,,,
2006033283,1235.0,2,0,0,0,0,0,0,0,0,1,0,,67,2,2006,1,40.0262,-75.1082,1225.0,6,0,0,0,0,0,0,0,0,,0,0,0,12,1,2,0,,0.0,40 01:34.000,,0,75 06:29.285,8,0,0,0,67301,0,0,0,N,0,0,0,4,67301,0,,1,1,,N,N,,0,,0,0,0,0,0,,1215,2,2,0,0,0,2,0,3,4,0,2,3,,N,,,,,,,,,,,
2006032877,1947.0,1,0,0,0,0,0,0,0,0,8,0,,67,2,2006,3,,,1947.0,6,0,0,0,0,0,0,1,0,,0,0,0,19,3,1,1,,0.0,,,0,,4,0,0,0,67301,1,0,0,N,1,0,0,2,67301,1,,1,1,,N,N,,0,,0,0,0,0,0,,1920,1,2,0,0,0,0,0,3,3,0,1,3,,N,,,,,,,,,,,
2006019901,1852.0,1,0,0,0,0,0,0,0,0,7,0,,67,1,2006,1,40.0983,-75.0472,1848.0,6,0,0,1,0,0,0,0,0,,0,0,0,18,3,1,0,,0.0,40 05:53.000,,0,75 02:49.963,3,0,0,0,67301,0,0,0,,0,0,0,2,67301,0,,2,1,,N,N,,0,,1,0,0,3,2,,1842,1,1,0,0,2,0,0,3,4,0,1,3,,N,,,,,,,,,,,
2006053529,9999.0,1,0,0,0,0,0,0,0,0,4,0,,67,4,2006,7,,,2106.0,6,0,1,0,0,0,0,0,0,1.0,0,0,0,21,2,2,0,,2.0,,6.0,0,,8,0,0,0,67301,0,0,0,,0,0,0,3,67301,0,,1,9,,,,,1,,0,0,0,0,0,Y,2104,2,2,0,0,0,2,0,3,3,0,2,7,,N,,,,,,,,,,,
2006020109,1447.0,1,0,0,0,0,0,0,0,0,4,0,,67,1,2006,3,39.9602,-75.1407,1437.0,6,0,0,0,0,0,0,0,0,1.0,0,1,0,14,1,1,0,,1.0,39 57:32.000,2.0,0,75 08:28.163,8,0,0,0,67301,0,0,0,N,0,0,0,2,67301,0,,1,9,,N,N,,0,,0,0,0,0,0,N,1431,1,2,0,0,0,1,0,3,4,0,2,7,,N,,,,,,,,,,,
2006020127,1903.0,2,0,0,0,0,0,0,0,0,1,0,,67,1,2006,3,40.0373,-75.1125,1857.0,6,0,0,0,0,0,1,0,0,,0,0,0,18,3,1,0,,0.0,40 02:14.000,,0,75 06:45.336,4,0,0,0,67301,0,0,0,N,0,0,0,2,67301,1,,1,9,,N,N,,0,,0,0,0,3,2,,1845,1,2,0,0,0,0,0,3,4,0,2,7,,N,,,,,,,,,,,
2006020128,1810.0,1,0,0,0,0,0,0,0,0,8,0,,67,1,2006,5,40.0574,-75.0767,1800.0,6,0,0,0,0,0,0,1,0,,0,0,0,18,3,1,1,,0.0,40 03:26.000,,0,75 04:36.166,4,0,0,0,67301,1,0,0,,1,0,0,2,67301,1,,1,1,,N,N,,0,,0,0,0,3,2,,1800,1,2,0,0,0,0,0,3,4,0,1,3,,N,,,,,,,,,,,
2006081505,1650.0,2,0,0,0,0,0,0,0,0,4,0,,67,6,2006,6,,,1650.0,6,0,0,0,0,0,0,0,0,,0,0,0,16,1,0,1,,0.0,,,0,,9,0,0,0,67301,0,0,0,N,0,0,0,3,67301,0,,1,1,,N,N,,0,,0,0,0,3,3,,1645,0,2,0,0,0,0,2,3,3,0,2,3,,N,,,,,,,,,,,
2006081476,1205.0,1,0,0,0,0,0,0,0,0,7,1,,67,5,2006,5,39.931,-75.1459,2358.0,6,0,0,0,0,0,1,0,0,2.0,0,1,0,23,3,4,0,,2.0,39 56:00.000,2.0,0,75 08:43.181,4,0,0,0,67301,0,0,0,,0,0,0,6,67301,4,,3,1,,N,N,,0,,0,0,0,0,0,Y,2358,4,2,0,0,3,0,1,3,4,0,2,3,,N,,,,,,,,,,,
2006115755,1630.0,2,0,0,0,0,0,0,0,0,1,0,,67,10,2006,2,40.0363,-75.2366,1630.0,6,0,1,0,0,0,0,0,0,,0,0,0,16,1,1,2,,0.0,40 02:10.579,,0,75 14:11.882,4,0,0,0,67301,0,0,0,N,0,0,0,3,67301,1,,1,1,,N,N,,0,,0,0,0,0,0,,1628,1,2,0,0,0,0,0,3,4,0,2,3,,N,,,,,,,,,,,
2006113374,945.0,2,0,0,0,0,0,0,0,0,4,0,,67,10,2006,6,39.998,-75.1254,934.0,6,0,0,0,0,0,1,0,0,,0,0,0,9,1,1,1,,0.0,39 59:52.000,,0,75 07:31.319,4,0,0,0,67301,0,0,0,N,0,0,0,2,67301,1,,1,9,,N,N,,0,,0,0,0,0,0,,900,1,2,0,0,0,0,0,3,4,0,2,7,,N,,,,,,,,,,,
2006115879,837.0,1,0,0,1,0,0,0,0,0,4,0,,67,10,2006,2,39.9274,-75.174,835.0,6,0,0,0,0,0,1,0,0,,0,0,0,99,1,1,1,,0.0,39 55:38.800,,0,75 10:26.358,4,0,0,0,67301,1,0,0,N,0,0,0,2,67301,1,,1,1,,N,N,,0,,0,0,0,3,3,,9999,1,2,0,0,0,0,0,3,4,0,1,3,,N,,,,,,,,,,,
2006105771,1350.0,2,0,0,0,0,0,0,0,0,4,0,,67,9,2006,2,40.0122,-75.1505,1342.0,6,0,0,0,1,0,1,0,0,,0,0,0,13,1,2,1,,0.0,40 00:44.000,,0,75 09:02.606,8,0,0,0,67301,0,0,0,,0,0,0,6,67301,0,,1,1,,,,,1,,0,0,0,9,2,,1339,2,3,0,0,0,2,3,3,4,0,3,3,,N,,,,,,,,,,,
2006113469,1543.0,1,0,0,0,0,0,0,0,0,8,0,,67,10,2006,3,39.9517,-75.2286,1532.0,6,0,0,0,0,0,0,0,0,,0,0,0,15,1,1,2,,0.0,39 57:06.138,,0,75 13:43.118,3,0,0,0,67301,1,0,0,N,1,0,0,2,67301,0,,1,9,,N,Y,,0,,1,0,0,9,9,,1530,1,2,0,0,0,0,1,3,4,0,1,7,,N,,,,,,,,,,,
2006054060,1720.0,3,0,0,0,0,0,0,0,0,1,0,,67,3,2006,2,40.0486,-75.1449,1717.0,6,0,0,0,0,0,2,1,0,,0,0,0,17,1,0,1,,0.0,40 02:55.000,,0,75 08:42.274,9,0,0,0,67301,0,0,0,,0,0,0,3,67301,0,,1,1,,N,,,0,,0,0,0,3,2,,1715,0,3,0,0,0,0,1,3,4,0,3,3,,N,,,,,,,,,,,
2006036809,9999.0,2,0,0,0,0,0,0,0,0,1,0,,67,2,2006,7,40.0291,-75.1469,1053.0,6,0,0,0,0,0,0,0,0,,0,0,0,99,1,4,1,,0.0,40 01:45.000,,0,75 08:49.187,8,0,0,0,67301,0,0,0,N,0,0,0,4,67301,0,,1,9,,N,N,,0,,0,0,0,3,2,,9999,4,2,0,0,0,4,0,3,4,0,2,7,,N,,,,,,,,,,,
2006036880,1623.0,2,0,0,0,0,0,0,0,0,4,0,,67,2,2006,4,39.9774,-75.2271,1623.0,6,0,0,0,0,0,1,0,0,,0,0,0,16,1,2,2,,0.0,39 58:38.000,,0,75 13:37.964,3,0,0,0,67301,0,0,0,,0,0,0,3,67301,0,,1,1,,N,N,,0,,2,0,0,3,2,,1600,2,2,0,0,0,0,0,3,4,0,2,3,,N,,,,,,,,,,,
2006036882,655.0,4,0,0,0,0,0,0,0,0,7,0,,67,3,2006,5,,,648.0,6,0,0,1,0,0,0,0,0,3.0,0,0,0,6,1,1,0,,2.0,,5.0,0,,4,0,0,0,67301,0,0,0,N,0,0,0,4,67301,1,,5,2,,N,N,,0,,0,0,0,0,0,Y,645,1,4,0,0,0,0,0,3,3,0,4,9,,N,,,,,,,,,,,
2006036889,1420.0,1,0,0,0,0,0,0,0,0,8,0,,67,2,2006,3,,,1416.0,6,0,0,0,0,0,0,1,0,,0,0,0,14,1,1,0,,0.0,,,0,,8,0,0,0,67301,1,0,0,N,1,0,0,2,67301,0,,1,9,,N,N,,0,,0,0,0,3,3,,1406,1,2,0,0,0,1,0,3,3,0,1,3,,N,,,,,,,,,,,
2006021309,1429.0,1,0,0,0,0,0,0,0,0,2,0,,67,1,2006,3,40.029,-75.0892,1426.0,6,0,0,0,0,0,0,0,0,,0,0,0,14,1,2,1,,0.0,40 01:44.000,,0,75 05:21.645,8,0,0,0,67301,0,0,0,,0,0,0,4,67301,0,,1,9,,N,N,,0,,0,0,0,9,2,,1426,2,2,0,0,4,2,0,3,4,1,2,7,,N,,,,,,,,,,,
2006021326,1135.0,1,0,0,0,0,0,0,0,0,6,0,,67,1,2006,6,40.0261,-75.1778,1126.0,6,0,0,0,0,0,0,1,0,,0,0,0,10,1,0,0,,0.0,40 01:34.034,,0,75 10:39.937,0,0,0,0,67301,0,0,0,,0,0,0,1,67301,0,,2,1,,N,N,,0,,0,0,1,0,0,,1050,0,2,0,0,0,0,0,3,4,0,2,3,,N,,,,,,,,,,,
2006084447,315.0,1,0,0,0,0,0,0,0,0,7,0,,67,7,2006,2,40.0234,-75.1341,308.0,6,0,0,0,0,0,0,0,0,,1,0,0,3,3,3,0,,0.0,40 01:24.000,,0,75 08:01.529,1,0,0,0,67301,0,0,0,N,0,0,0,5,67301,0,2.0,4,1,,N,N,,0,0.0,1,2,0,0,0,,305,3,1,0,0,0,0,1,3,4,0,1,3,,N,,,,,,,,,,,
2006092378,1114.0,2,0,0,0,0,0,0,0,0,4,0,,67,8,2006,5,,,1114.0,6,0,0,0,0,1,0,0,0,,0,0,0,11,1,1,1,,0.0,,,0,,8,0,0,0,67301,0,0,0,,0,0,0,2,67301,0,,1,1,,,,,0,,0,0,0,3,2,,1112,1,2,0,0,0,1,0,3,3,0,2,3,,N,,,,,,,,,,,