CRN,ARRIVAL_TM,AUTOMOBILE_COUNT,BELTED_DEATH_COUNT,BELTED_SUSP_SERIOUS_INJ_COUNT,BICYCLE_COUNT,BICYCLE_DEATH_COUNT,BICYCLE_SUSP_SERIOUS_INJ_COUNT,BUS_COUNT,CHLDPAS_DEATH_COUNT,CHLDPAS_SUSP_SERIOUS_INJ_COUNT,COLLISION_TYPE,COMM_VEH_COUNT,CONS_ZONE_SPD_LIM,COUNTY,CRASH_MONTH,CRASH_YEAR,DAY_OF_WEEK,DEC_LAT,DEC_LONG,DISPATCH_TM,DISTRICT,DRIVER_COUNT_16YR,DRIVER_COUNT_17YR,DRIVER_COUNT_18YR,DRIVER_COUNT_19YR,DRIVER_COUNT_20YR,DRIVER_COUNT_50_64YR,DRIVER_COUNT_65_74YR,DRIVER_COUNT_75PLUS,EST_HRS_CLOSED,FATAL_COUNT,HEAVY_TRUCK_COUNT,HORSE_BUGGY_COUNT,HOUR_OF_DAY,ILLUMINATION,INJURY_COUNT,INTERSECT_TYPE,INTERSECTION_RELATED,LANE_CLOSED,LATITUDE,LN_CLOSE_DIR,LOCATION_TYPE,LONGITUDE,MAX_SEVERITY_LEVEL,MCYCLE_DEATH_COUNT,MCYCLE_SUSP_SERIOUS_INJ_COUNT,MOTORCYCLE_COUNT,MUNICIPALITY,NONMOTR_COUNT,NONMOTR_DEATH_COUNT,NONMOTR_SUSP_SERIOUS_INJ_COUNT,NTFY_HIWY_MAINT,PED_COUNT,PED_DEATH_COUNT,PED_SUSP_SERIOUS_INJ_COUNT,PERSON_COUNT,POLICE_AGCY,POSSIBLE_INJ_COUNT,RDWY_SURF_TYPE_CD,RELATION_TO_ROAD,ROAD_CONDITION,ROADWAY_CLEARED,SCH_BUS_IND,SCH_ZONE_IND,SECONDARY_CRASH,SMALL_TRUCK_COUNT,SPEC_JURIS_CD,SUSP_MINOR_INJ_COUNT,SUSP_SERIOUS_INJ_COUNT,SUV_COUNT,TCD_FUNC_CD,TCD_TYPE,TFC_DETOUR_IND,TIME_OF_DAY,TOT_INJ_COUNT,TOTAL_UNITS,UNB_DEATH_COUNT,UNB_SUSP_SERIOUS_INJ_COUNT,UNBELTED_OCC_COUNT,UNK_INJ_DEG_COUNT,UNK_INJ_PER_COUNT,URBAN_AREA,URBAN_RURAL,VAN_COUNT,VEHICLE_COUNT,WEATHER1,WEATHER2,WORK_ZONE_IND,WORK_ZONE_LOC,WORK_ZONE_TYPE,WORKERS_PRES,WZ_CLOSE_DETOUR,WZ_FLAGGER,WZ_LAW_OFFCR_IND,WZ_LN_CLOSURE,WZ_MOVING,WZ_OTHER,WZ_SHLDER_MDN,WZ_WORKERS_INJ_KILLED
2006092416,2020.0,1,0,0,0,0,0,0,0,0,8,0,,67,7,2006,5,40.0325,-75.1242,2014.0,6,0,0,0,0,0,0,0,0,,0,0,0,19,3,1,1,,0.0,40 01:57.154,,0,75 07:27.076,4,0,0,0,67301,1,0,0,N,1,0,0,2,67301,1,,1,9,,N,N,,0,,0,0,0,3,2,,1950,1,2,0,0,0,0,1,3,4,0,1,7,,N,,,,,,,,,,,
2006081941,910.0,2,0,0,0,0,0,0,0,0,4,0,,67,5,2006,2,39.9909,-75.0912,900.0,6,0,0,0,0,0,1,0,0,,0,0,0,6,1,2,1,,0.0,39 59:27.000,,0,75 05:28.578,4,0,0,0,67301,0,0,0,N,0,0,0,4,67301,2,,1,1,,N,N,,1,,0,0,0,3,2,,649,2,3,0,0,2,0,0,3,4,0,3,3,,N,,,,,,,,,,,
2006053756,1250.0,1,0,0,0,0,0,0,0,0,4,0,,67,4,2006,6,39.9426,-75.187,1228.0,6,0,0,0,0,0,0,0,0,,0,0,0,12,1,2,0,,0.0,39 56:33.435,,0,75 11:13.221,8,0,0,0,67301,0,0,0,N,0,0,0,3,67301,0,,6,1,,N,N,,1,,0,0,1,3,3,,1221,2,3,0,0,0,2,0,3,4,0,3,3,,N,,,,,,,,,,,
2006053760,1845.0,1,0,0,0,0,0,0,0,0,8,0,,67,5,2006,2,,,1843.0,6,0,0,0,0,0,0,0,0,,0,0,0,7,1,1,0,,0.0,,,0,,4,0,0,0,67301,1,0,0,N,1,0,0,2,67301,1,,6,1,,N,N,,0,,0,0,0,0,0,,700,1,2,0,0,0,0,0,3,3,0,1,99,,N,,,,,,,,,,,
2006053847,1705.0,1,0,0,0,0,0,0,0,0,4,0,,67,4,2006,3,40.0488,-75.1792,1705.0,6,0,0,0,0,0,1,0,0,,0,0,0,16,1,0,1,,0.0,40 02:55.856,,0,75 10:45.195,0,0,0,0,67301,0,0,0,N,0,0,0,2,67301,0,,1,1,,N,N,,0,,0,0,1,3,2,,1655,0,2,0,0,0,0,0,3,4,0,2,3,,N,,,,,,,,,,,
2006094936,1743.0,2,0,0,0,0,0,0,0,0,2,0,,67,7,2006,1,,,1740.0,6,0,0,0,0,0,1,0,0,,0,0,0,15,1,1,1,,0.0,,,0,,4,0,0,0,67301,0,0,0,N,0,0,0,2,67301,1,,1,1,,N,N,,0,,0,0,0,3,3,,1550,1,2,0,0,0,0,0,3,3,0,2,3,,N,,,,,,,,,,,
2006055828,1720.0,2,0,0,0,0,0,0,0,0,1,0,,67,3,2006,7,40.0255,-75.1594,1712.0,6,0,0,0,0,0,0,1,0,,0,0,0,16,1,0,2,,0.0,40 01:31.735,,0,75 09:33.681,0,0,0,0,67301,0,0,0,N,0,0,0,4,67301,0,,1,1,,N,N,,0,,0,0,0,3,3,,1656,0,2,0,0,0,0,0,3,4,0,2,3,,N,,,,,,,,,,,
2006092440,1835.0,1,0,0,0,0,0,0,0,0,8,0,,67,8,2006,2,,,1830.0,6,0,0,0,0,0,0,0,0,,0,0,0,18,1,1,0,,0.0,,,0,,8,0,0,0,67301,1,0,0,N,1,0,0,2,67301,0,,1,1,,N,N,,0,,0,0,0,0,0,,1830,1,2,0,0,0,1,0,3,3,0,1,3,,N,,,,,,,,,,,
2006094987,1245.0,2,0,0,0,0,0,0,0,0,4,0,,67,8,2006,6,,,1240.0,6,0,0,0,0,0,0,0,1,,0,0,0,12,1,2,1,,0.0,,,0,,4,0,0,0,67301,0,0,0,N,0,0,0,2,67301,2,,1,1,,N,N,,0,,0,0,0,9,3,,1235,2,2,0,0,0,0,0,3,3,0,2,3,,N,,,,,,,,,,,
2006055969,2150.0,2,0,0,0,0,0,0,0,0,4,0,,67,3,2006,4,,,2145.0,6,0,0,0,0,0,0,0,0,,0,0,0,21,3,1,1,,0.0,,,0,,8,0,0,0,67301,0,0,0,N,0,0,0,2,67301,0,,1,1,,N,N,,0,,0,0,0,3,3,,2100,1,2,0,0,0,1,0,3,3,0,2,3,,N,,,,,,,,,,,
2006056034,1610.0,2,0,0,0,0,0,0,0,0,4,0,,67,3,2006,7,40.0024,-75.1716,1608.0,6,0,0,0,0,0,1,0,0,1.0,0,0,0,16,1,1,1,,1.0,40 00:08.460,4.0,0,75 10:17.698,8,0,0,0,67301,0,0,0,N,0,0,0,2,67301,0,,1,1,,N,N,,0,,0,0,0,3,3,N,1600,1,2,0,0,0,1,1,3,4,0,2,3,,N,,,,,,,,,,,
2006056076,1757.0,2,0,0,0,0,0,0,0,0,4,0,,67,4,2006,3,40.0135,-75.159,0.0,6,0,0,0,0,0,0,0,0,,0,0,0,17,1,1,0,,0.0,40 00:48.000,,7,75 09:32.598,4,0,0,0,67301,0,0,0,,0,0,0,4,67301,1,,1,1,,,,,0,,0,0,0,0,0,,1755,1,2,0,0,1,0,0,3,4,0,2,3,,N,,,,,,,,,,,
2006056100,1850.0,2,0,0,0,0,0,0,0,0,5,0,,67,4,2006,1,,,1836.0,6,0,0,0,0,0,0,0,0,,0,0,0,99,1,1,0,,0.0,,,0,,8,0,0,0,67301,0,0,0,N,0,0,0,2,67301,0,,1,1,,N,N,,0,,0,0,0,0,0,,9999,1,2,0,0,0,1,0,3,3,0,2,3,,N,,,,,,,,,,,
2006056274,1450.0,2,0,0,0,0,0,0,0,0,4,0,,67,3,2006,2,40.0127,-75.1045,1445.0,6,0,0,0,0,0,0,0,0,,0,0,0,14,1,1,1,,0.0,40 00:45.824,,0,75 06:16.138,4,0,0,0,67301,0,0,0,N,0,0,0,4,67301,1,,1,1,,N,N,,0,,0,0,0,3,3,,1440,1,2,0,0,0,0,0,3,4,0,2,3,,N,,,,,,,,,,,
2006092789,2042.0,1,0,0,1,0,0,0,0,0,8,0,,67,8,2006,4,,,2040.0,6,0,0,0,0,0,0,0,0,,0,0,0,99,5,1,1,,0.0,,,0,,3,0,0,0,67301,1,0,0,N,0,0,0,2,67301,0,,1,1,,N,N,,0,,1,0,0,9,3,,9999,1,2,0,0,0,0,0,3,3,0,1,3,,N,,,,,,,,,,,
2006092899,1445.0,0,0,0,0,0,0,0,0,0,0,0,,67,8,2006,4,40.098,-74.9849,1441.0,6,0,0,0,0,0,1,0,0,1.0,0,0,0,14,1,1,0,,1.0,40 05:52.000,4.0,0,74 59:04.780,4,0,0,0,67301,0,0,0,N,0,0,0,2,67301,1,,1,1,,N,N,,1,,0,0,1,0,0,N,1441,1,2,0,0,1,0,0,3,4,0,2,3,,N,,,,,,,,,,,
2006092919,930.0,1,0,0,0,0,0,0,0,0,2,0,,67,7,2006,2,40.0314,-75.1524,930.0,6,0,0,0,0,0,0,0,0,,0,0,0,9,1,1,1,,0.0,40 01:52.935,,0,75 09:08.539,8,0,0,0,67301,0,0,0,N,0,0,0,3,67301,0,,1,1,,N,N,,0,,0,0,1,9,2,,925,1,2,0,0,0,1,1,3,4,0,2,3,,N,,,,,,,,,,,
2006035659,1903.0,2,0,0,0,0,0,0,0,0,4,0,,67,2,2006,2,39.9169,-75.216,1900.0,6,0,0,0,0,0,0,0,0,1.0,0,0,0,18,3,3,1,,2.0,39 55:05.880,3.0,0,75 12:30.960,8,0,0,0,67301,0,0,0,N,0,0,0,4,67301,0,,1,1,,N,N,,0,,0,0,0,3,2,Y,1850,3,2,0,0,0,3,0,3,4,0,2,3,,N,,,,,,,,,,,
2006032855,1714.0,0,0,0,0,0,0,0,0,0,8,0,,67,2,2006,4,39.996,-75.0921,1717.0,6,0,0,0,0,0,0,0,0,,0,0,0,17,1,1,1,,0.0,39 59:45.000,,0,75 05:32.073,3,0,0,0,67301,1,0,0,,1,0,0,2,67301,0,,1,1,,N,N,,0,,1,0,0,3,2,,1705,1,2,0,0,0,0,1,3,4,0,1,3,,N,,,,,,,,,,,
2006032869,1115.0,1,0,0,0,0,0,0,0,0,7,0,,67,1,2006,7,40.024,-75.0322,1106.0,6,0,0,0,0,0,0,0,1,9.0,0,0,0,11,1,0,0,,1.0,40 01:26.000,2.0,0,75 01:56.160,0,0,0,0,67301,0,0,0,Y,0,0,0,1,67301,0,,2,1,,N,,,0,,0,0,0,0,0,N,1105,0,1,0,0,0,0,0,3,4,0,1,3,,N,,,,,,,,,,,
2006019879,620.0,0,0,0,0,0,0,0,0,0,4,0,,67,1,2006,5,40.0537,-75.1414,613.0,6,0,0,0,0,0,1,0,0,,0,0,0,6,3,1,1,,0.0,40 03:13.000,,0,75 08:29.277,4,0,0,0,67301,0,0,0,N,0,0,0,2,67301,1,,1,1,,N,N,,0,,0,0,2,2,2,,613,1,2,0,0,0,0,0,3,4,0,2,3,,N,,,,,,,,,,,
2006080068,1105.0,1,0,0,0,0,0,0,0,0,8,0,,67,6,2006,2,39.9039,-75.2402,1100.0,6,0,0,0,0,0,0,0,0,,1,0,0,11,1,1,0,,0.0,39 54:13.000,,0,75 14:25.233,1,0,0,0,67301,1,1,0,N,1,1,0,2,67301,0,2.0,3,9,,N,N,,0,0.0,0,0,0,0,0,,1100,1,2,0,0,0,1,0,3,4,0,1,7,,N,,,,,,,,,,,
2006065018,658.0,1,0,0,0,0,0,0,0,0,4,1,,67,5,2006,7,40.0441,-75.1436,650.0,6,0,0,0,0,0,1,0,0,,0,1,0,6,1,1,0,,0.0,40 02:39.120,,0,75 08:37.320,4,0,0,0,67301,0,0,0,N,0,0,0,2,67301,1,,1,1,,N,N,,0,,0,0,0,0,0,,650,1,2,0,0,0,0,0,3,4,0,2,3,,N,,,,,,,,,,,
2006062686,1750.0,0,0,0,0,0,0,0,0,0,0,0,,67,5,2006,1,,,1740.0,6,0,0,0,0,0,0,0,0,,0,0,0,17,1,1,0,,0.0,,,0,,8,0,0,1,67301,0,0,0,N,0,0,0,1,67301,0,,1,1,,N,N,,0,,0,0,0,3,2,,1730,1,1,0,0,0,1,0,3,3,0,1,3,,N,,,,,,,,,,,
2006062711,1905.0,2,0,0,0,0,0,0,0,0,2,0,,67,5,2006,3,39.98,-75.1161,1900.0,6,0,0,0,0,1,0,0,0,1.0,0,0,0,19,1,0,1,,2.0,39 58:48.000,2.0,0,75 06:58.028,0,0,0,0,67301,0,0,0,N,0,0,0,4,67301,0,,1,1,,N,N,,0,,0,0,0,3,2,Y,1900,0,2,0,0,0,0,0,3,4,0,2,3,,N,,,,,,,,,,,
2006065413,2059.0,1,0,0,1,0,0,0,0,0,8,0,,67,5,2006,7,39.9609,-75.2117,2056.0,6,0,0,0,0,0,1,0,0,,0,0,0,20,3,1,0,,0.0,39 57:39.315,,0,75 12:42.076,4,0,0,0,67301,1,0,0,N,0,0,0,2,67301,1,,1,1,,N,N,,0,,0,0,0,0,0,,2053,1,2,0,0,0,0,0,3,4,0,1,3,,N,,,,,,,,,,,
2006065522,1652.0,2,0,0,0,0,0,0,0,0,4,0,,67,5,2006,2,39.9681,-75.2068,1648.0,6,0,0,0,0,0,1,0,0,,0,0,0,16,1,1,2,,0.0,39 58:05.019,,0,75 12:24.436,4,0,0,0,67301,0,0,0,N,0,0,0,2,67301,1,,1,1,,N,N,,0,,0,0,0,3,3,,1629,1,2,0,0,0,0,0,3,4,0,2,3,,N,,,,,,,,,,,
2006065555,1139.0,2,0,1,0,0,0,0,0,0,4,0,,67,5,2006,4,40.0462,-75.1661,1137.0,6,0,0,0,0,0,1,0,0,,0,0,0,99,1,2,1,,0.0,40 02:46.000,,0,75 09:57.925,2,0,0,0,67301,0,0,0,N,0,0,0,3,67301,0,,1,1,,N,N,,0,,1,1,0,9,3,,9999,2,2,0,0,0,0,0,3,4,0,2,3,,N,,,,,,,,,,,
2006081017,1210.0,0,0,0,0,0,0,0,0,0,4,0,,67,5,2006,7,39.97,-75.143,1200.0,6,0,0,0,0,0,0,0,0,,0,0,0,11,1,1,1,,0.0,39 58:11.000,,0,75 08:34.799,8,0,0,0,67301,0,0,0,N,0,0,0,4,67301,0,,1,1,,N,N,,0,,0,0,0,3,2,,1150,1,2,0,0,0,1,0,3,4,2,2,3,,N,,,,,,,,,,,
2006081023,1420.0,2,0,0,0,0,0,0,0,0,4,0,,67,6,2006,4,,,1428.0,6,0,0,0,0,0,2,0,0,,0,0,0,14,1,3,0,,0.0,,,0,,3,0,0,0,67301,0,0,0,N,0,0,0,3,67301,0,,1,1,,N,N,,0,,3,0,0,3,2,,1400,3,2,0,0,0,0,0,3,3,0,2,3,,N,,,,,,,,,,,
2006081097,1715.0,2,0,0,0,0,0,0,0,0,4,0,,67,7,2006,1,40.0728,-75.1676,1636.0,6,0,0,0,0,0,0,0,0,,0,0,0,16,1,1,1,,0.0,40 04:22.015,,0,75 10:03.525,8,0,0,0,67301,0,0,0,N,0,0,0,3,67301,0,,1,1,,N,N,,1,,0,0,0,3,2,,1600,1,3,0,0,2,1,0,3,4,0,3,3,,N,,,,,,,,,,,
2006081164,354.0,1,0,0,0,0,0,0,0,0,7,0,,67,7,2006,3,,,352.0,6,0,0,1,0,0,0,0,0,,0,0,0,3,3,1,0,,0.0,,,0,,8,0,0,0,67301,0,0,0,N,0,0,0,1,67301,0,,4,9,,N,N,,0,,0,0,0,0,0,,349,1,1,0,0,0,1,0,3,3,0,1,7,,N,,,,,,,,,,,
2006081367,33.0,5,0,0,0,0,0,0,0,0,5,0,,67,7,2006,7,39.9726,-75.2461,29.0,6,0,0,0,0,0,0,0,0,,0,0,0,0,3,1,0,,0.0,39 58:21.226,,0,75 14:46.035,8,0,0,0,67301,2,0,0,N,0,0,0,3,67301,0,,6,1,,N,N,,0,,0,0,0,0,0,,16,1,5,0,0,0,1,1,3,4,0,5,3,,N,,,,,,,,,,,
2006081379,2150.0,2,0,0,0,0,0,0,0,0,6,0,,67,7,2006,7,40.0463,-75.1606,2150.0,6,0,0,0,0,0,0,0,0,,0,0,0,21,3,0,2,,0.0,40 02:46.503,,0,75 09:38.073,0,0,0,0,67301,0,0,0,N,0,0,0,1,67301,0,,1,1,,N,N,,0,,0,0,0,0,0,,2146,0,2,0,0,0,0,0,3,4,0,2,3,,N,,,,,,,,,,,
2006081537,2158.0,1,0,0,0,0,0,0,0,0,8,0,,67,6,2006,6,39.9778,-75.2134,2147.0,6,0,0,0,1,0,0,0,0,,0,0,0,21,3,1,1,,0.0,39 58:39.720,,0,75 12:47.880,4,0,0,0,67301,1,0,0,N,1,0,0,2,67301,1,,1,9,,N,N,,0,,0,0,0,0,0,,2110,1,2,0,0,0,0,0,3,4,0,1,7,,N,,,,,,,,,,,
2006081637,1352.0,2,0,0,0,0,0,0,0,0,1,0,,67,6,2006,6,39.9291,-75.2363,1318.0,6,0,0,0,0,0,0,0,0,,0,0,0,13,1,1,2,,0.0,39 55:44.688,,0,75 14:10.737,4,0,0,0,67301,0,0,0,N,0,0,0,3,67301,1,,1,1,,N,N,,0,,0,0,0,0,0,,1318,1,2,0,0,0,0,0,3,4,0,2,3,,N,,,,,,,,,,,
2006105728,1810.0,1,0,0,0,0,0,0,0,0,4,0,,67,8,2006,3,,,1805.0,6,0,0,0,0,0,0,0,0,,0,0,0,18,1,1,2,,0.0,,,0,,4,0,0,0,67301,0,0,0,,0,0,0,2,67301,1,,1,9,,N,N,,0,,0,0,0,9,3,,1800,1,2,0,0,0,0,0,3,3,1,2,7,,N,,,,,,,,,,,
2006113271,130.0,1,0,0,0,0,0,0,0,0,4,0,,67,10,2006,5,40.0026,-75.1244,1225.0,6,0,0,0,0,0,1,0,0,,0,0,0,12,1,1,1,,0.0,40 00:09.455,,0,75 07:27.886,4,0,0,0,67301,0,0,0,N,0,0,0,5,67301,1,,1,1,,N,N,,1,,0,0,0,3,2,,1220,1,3,0,0,0,0,1,3,4,1,3,3,,N,,,,,,,,,,,
2006113328,1145.0,0,0,0,0,0,0,0,0,0,7,0,,67,10,2006,1,40.0001,-75.0961,1139.0,6,0,0,0,0,0,1,0,0,,0,0,0,10,1,2,0,,0.0,40 00:00.524,,0,75 05:45.959,4,0,0,0,67301,0,0,0,N,0,0,0,2,67301,1,,5,9,,N,N,,0,,0,0,1,0,0,,1030,2,1,0,0,0,1,0,3,4,0,1,7,,N,,,,,,,,,,,
2006113331,1504.0,0,0,0,0,0,0,0,0,0,5,0,,67,9,2006,5,40.0347,-75.1309,1504.0,6,0,0,0,0,0,1,0,0,,0,0,0,15,1,2,0,,0.0,40 02:05.085,,0,75 07:51.146,4,0,0,0,67301,0,0,0,N,0,0,0,2,67301,1,,6,1,,N,N,,0,,0,0,1,0,0,,1500,2,3,0,0,1,1,0,3,4,2,3,3,,N,,,,,,,,,,,
2006113388,805.0,0,0,0,0,0,0,0,0,0,8,0,,67,10,2006,3,40.0126,-75.0732,800.0,6,0,0,0,0,0,0,0,0,,0,0,0,7,1,1,1,,0.0,40 00:45.000,,0,75 04:23.913,4,0,0,0,67301,1,0,0,N,1,0,0,2,67301,1,,1,1,,N,N,,0,,0,0,1,9,2,,750,1,2,0,0,0,0,0,3,4,0,1,3,,N,,,,,,,,,,,
2006113391,940.0,1,0,0,0,0,0,0,0,0,8,0,,67,10,2006,2,40.0252,-75.0447,940.0,6,0,0,0,0,0,1,0,0,,0,0,0,9,1,1,1,,0.0,40 01:30.000,,0,75 02:41.122,3,0,0,0,67301,1,0,0,N,1,0,0,2,67301,0,,1,1,,N,N,,0,,1,0,0,3,2,,935,1,2,0,0,1,0,0,3,4,0,1,3,,N,,,,,,,,,,,
2006116064,1805.0,2,0,0,0,0,0,0,0,0,4,0,,67,9,2006,4,40.0505,-75.1555,1755.0,6,0,0,0,0,0,1,0,0,,0,0,0,17,1,1,1,,0.0,40 03:01.778,,0,75 09:19.630,8,0,0,0,67301,0,0,0,N,0,0,0,2,67301,0,,1,1,,N,N,,0,,0,0,0,3,3,,1745,1,2,0,0,1,1,0,3,4,0,2,3,,N,,,,,,,,,,,
2006116080,130.0,1,0,0,1,0,0,0,0,0,4,0,,67,10,2006,1,40.0159,-75.1497,1258.0,6,0,0,0,0,0,0,0,0,,0,0,0,12,1,2,2,,0.0,40 00:57.000,,0,75 08:59.177,8,0,0,0,67301,2,0,0,N,0,0,0,3,67301,0,,1,1,,N,N,,0,,0,0,0,0,0,,1255,2,2,0,0,0,2,0,3,4,0,1,3,,N,,,,,,,,,,,
2006105879,1944.0,1,0,0,0,0,0,0,0,0,8,0,,67,9,2006,5,40.04,-75.0701,1940.0,6,0,0,0,0,0,0,0,0,,0,0,0,19,3,1,0,,0.0,40 02:24.010,,0,75 04:12.385,4,0,0,0,67301,1,0,0,N,1,0,0,2,67301,1,,1,1,,N,N,,0,,0,0,0,0,0,,1919,1,2,0,0,0,0,0,3,4,0,1,3,,N,,,,,,,,,,,
2006093166,2013.0,1,0,0,0,0,0,0,0,0,4,0,,67,8,2006,1,,,2008.0,6,0,0,0,0,0,0,0,1,,0,0,0,20,3,1,2,,0.0,,,0,,4,0,0,0,67301,0,0,0,N,0,0,0,1,67301,1,,4,1,,N,N,,1,,0,0,0,0,0,,2000,1,2,0,0,1,0,0,3,3,0,2,3,,N,,,,,,,,,,,
2006035799,1959.0,2,0,0,0,0,0,0,0,0,4,0,,67,2,2006,2,40.0554,-75.1407,1951.0,6,0,0,0,0,0,1,0,0,,0,0,0,19,3,0,0,,0.0,40 03:19.422,,0,75 08:26.399,0,0,0,0,67301,0,0,0,,0,0,0,2,67301,0,,1,1,,N,N,,0,,0,0,1,0,0,,1935,0,3,0,0,0,0,0,3,4,0,3,3,,N,,,,,,,,,,,
2006035804,2127.0,4,0,0,0,0,0,0,0,0,1,0,,67,2,2006,6,,,2120.0,6,0,0,0,0,0,0,1,0,2.0,0,0,0,21,3,1,0,,2.0,,5.0,0,,4,0,0,0,67301,0,0,0,N,0,0,0,2,67301,1,,1,1,,N,N,,0,,0,0,0,0,0,Y,2115,1,4,0,0,0,0,0,3,3,0,4,3,,N,,,,,,,,,,,
2006054167,2348.0,3,0,0,0,0,0,0,0,0,2,0,,67,4,2006,2,40.0145,-75.0972,2344.0,6,0,0,0,0,0,0,0,0,,0,0,0,23,3,1,0,,0.0,40 00:52.560,,0,75 05:49.920,4,0,0,0,67301,0,0,0,N,0,0,0,2,67301,1,,6,1,,N,N,,0,,0,0,0,0,0,,2330,1,3,0,0,2,0,1,3,4,0,3,3,,N,,,,,,,,,,,
2006018827,2000.0,2,0,0,0,0,0,0,0,0,1,0,,67,1,2006,3,39.98,-75.1161,1950.0,6,0,0,0,0,0,0,0,0,,0,0,0,19,3,1,1,,0.0,39 58:48.000,,0,75 06:58.028,8,0,0,0,67301,0,0,0,,0,0,0,2,67301,0,,1,1,,N,N,,0,,0,0,0,3,2,,1950,1,2,0,0,1,1,0,3,4,0,2,3,,N,,,,,,,,,,,
2006021271,930.0,1,0,0,0,0,0,0,0,0,8,0,,67,1,2006,5,,,926.0,6,0,0,0,0,0,0,0,0,,0,0,0,9,1,1,0,,0.0,,,0,,4,0,0,0,67301,1,0,0,N,1,0,0,2,67301,1,,6,1,,N,N,,0,,0,0,0,0,0,,926,1,2,0,0,0,0,0,3,3,0,1,3,,N,,,,,,,,,,,
2006021296,1735.0,1,0,0,0,0,0,0,0,0,1,0,,67,1,2006,7,40.1004,-75.0224,1730.0,6,0,0,0,0,0,2,0,0,1.0,0,0,0,17,3,1,0,,1.0,40 06:01.559,3.0,0,75 01:20.545,8,0,0,0,67301,0,0,0,N,0,0,0,4,67301,0,,1,9,,N,N,,2,,0,0,0,0,0,N,1715,1,3,0,0,0,1,0,3,4,0,3,7,5.0,N,,,,,,,,,,,
2006047968,1604.0,1,0,0,0,0,0,0,0,0,4,0,,67,1,2006,1,39.9905,-75.2492,1558.0,6,0,0,0,0,0,1,0,0,2.0,1,0,0,15,1,0,1,,1.0,39 59:25.000,3.0,0,75 14:57.128,1,0,0,0,67301,0,0,0,N,0,0,0,2,67301,0,2.0,1,1,,N,N,,1,0.0,0,0,0,3,2,Y,1550,0,2,1,0,1,0,0,3,4,0,2,3,,N,,,,,,,,,,,
2006092413,1315.0,2,0,0,0,0,0,0,0,0,4,0,,67,8,2006,2,39.9898,-75.1039,1305.0,6,0,0,0,0,0,0,1,0,,0,0,0,13,1,1,1,,0.0,39 59:23.000,,0,75 06:13.859,3,0,0,0,67301,0,0,0,,0,0,0,3,67301,0,,1,1,,,,,0,,1,0,0,9,2,,1300,1,2,0,0,0,0,0,3,4,0,2,3,,N,,,,,,,,,,,
2006053855,1303.0,2,0,0,0,0,0,0,0,0,4,0,,67,4,2006,3,40.0772,-75.2081,1301.0,6,0,0,0,0,0,1,0,0,,0,0,0,12,1,2,0,,0.0,40 04:37.000,,0,75 12:29.245,4,0,0,0,67301,0,0,0,N,0,0,0,4,67301,2,,1,1,,N,N,,0,,0,0,0,9,2,,1253,2,2,0,0,1,0,0,3,4,0,2,3,,N,,,,,,,,,,,
2006055862,422.0,1,0,0,0,0,0,0,0,0,1,0,,67,2,2006,7,40.0153,-75.2081,421.0,6,0,0,0,0,0,0,0,0,,0,0,0,4,3,1,3,,0.0,40 00:55.440,,0,75 12:30.240,4,0,0,0,67301,0,0,0,,0,0,0,2,67301,1,,1,1,,N,N,,0,,0,0,1,3,2,,421,1,2,0,0,0,0,0,3,4,0,2,3,,N,,,,,,,,,,,
2006055880,327.0,1,0,0,0,0,0,0,0,0,1,0,,67,4,2006,4,40.0117,-75.1822,324.0,6,0,0,0,0,0,0,0,0,9.0,0,0,0,3,3,1,0,,1.0,40 00:42.120,1.0,0,75 10:56.280,3,0,0,0,67301,0,0,0,N,0,0,0,1,67301,0,,2,1,,N,N,,0,,1,0,1,0,0,N,320,1,2,0,0,0,0,0,3,4,0,2,3,,N,,,,,,,,,,,
2006092456,1958.0,0,0,0,0,0,0,0,0,0,7,0,,67,8,2006,7,,,1945.0,6,0,0,0,0,0,0,0,0,,0,0,0,19,1,1,0,,0.0,,,0,,4,0,0,1,67301,0,0,0,N,0,0,0,1,67301,1,,2,1,,N,N,,0,,0,0,0,0,0,,1940,1,1,0,0,0,0,0,3,3,0,1,3,,N,,,,,,,,,,,
2006092477,1108.0,2,0,0,0,0,0,0,0,0,4,0,,67,8,2006,1,39.9992,-75.1474,1105.0,6,0,0,0,0,0,0,0,0,3.0,0,0,0,10,1,2,5,,2.0,39 59:57.271,3.0,0,75 08:50.495,4,0,0,0,67301,0,0,0,N,0,0,0,5,67301,2,,1,1,,N,N,,0,,0,0,0,3,2,Y,1040,2,3,0,0,0,0,0,3,4,1,3,3,,N,,,,,,,,,,,
2006095002,1835.0,1,0,0,0,0,0,0,0,0,0,0,,67,8,2006,4,,,1829.0,6,0,0,0,0,0,0,0,0,,0,0,0,18,1,1,0,,0.0,,,7,,2,0,0,0,67301,0,0,0,N,0,0,0,1,67301,0,,5,1,,N,N,,0,,0,1,0,0,0,,1825,1,1,0,0,0,0,0,3,3,0,1,3,,N,,,,,,,,,,,
2006056024,1359.0,1,0,0,0,0,0,0,0,0,2,0,,67,2,2006,4,39.9565,-75.1644,1355.0,6,0,0,0,0,0,0,1,0,,0,0,0,13,1,1,1,,0.0,39 57:22.000,,0,75 09:51.936,3,0,0,0,67301,0,0,0,,0,0,0,3,67301,0,,1,9,,,,,0,,1,0,1,0,0,,1350,1,2,0,0,0,0,0,3,4,0,2,7,,N,,,,,,,,,,,