CRN,ARRIVAL_TM,AUTOMOBILE_COUNT,BELTED_DEATH_COUNT,BELTED_SUSP_SERIOUS_INJ_COUNT,BICYCLE_COUNT,BICYCLE_DEATH_COUNT,BICYCLE_SUSP_SERIOUS_INJ_COUNT,BUS_COUNT,CHLDPAS_DEATH_COUNT,CHLDPAS_SUSP_SERIOUS_INJ_COUNT,COLLISION_TYPE,COMM_VEH_COUNT,CONS_ZONE_SPD_LIM,COUNTY,CRASH_MONTH,CRASH_YEAR,DAY_OF_WEEK,DEC_LAT,DEC_LONG,DISPATCH_TM,DISTRICT,DRIVER_COUNT_16YR,DRIVER_COUNT_17YR,DRIVER_COUNT_18YR,DRIVER_COUNT_19YR,DRIVER_COUNT_20YR,DRIVER_COUNT_50_64YR,DRIVER_COUNT_65_74YR,DRIVER_COUNT_75PLUS,EST_HRS_CLOSED,FATAL_COUNT,HEAVY_TRUCK_COUNT,HORSE_BUGGY_COUNT,HOUR_OF_DAY,ILLUMINATION,INJURY_COUNT,INTERSECT_TYPE,INTERSECTION_RELATED,LANE_CLOSED,LATITUDE,LN_CLOSE_DIR,LOCATION_TYPE,LONGITUDE,MAX_SEVERITY_LEVEL,MCYCLE_DEATH_COUNT,MCYCLE_SUSP_SERIOUS_INJ_COUNT,MOTORCYCLE_COUNT,MUNICIPALITY,NONMOTR_COUNT,NONMOTR_DEATH_COUNT,NONMOTR_SUSP_SERIOUS_INJ_COUNT,NTFY_HIWY_MAINT,PED_COUNT,PED_DEATH_COUNT,PED_SUSP_SERIOUS_INJ_COUNT,PERSON_COUNT,POLICE_AGCY,POSSIBLE_INJ_COUNT,RDWY_SURF_TYPE_CD,RELATION_TO_ROAD,ROAD_CONDITION,ROADWAY_CLEARED,SCH_BUS_IND,SCH_ZONE_IND,SECONDARY_CRASH,SMALL_TRUCK_COUNT,SPEC_JURIS_CD,SUSP_MINOR_INJ_COUNT,SUSP_SERIOUS_INJ_COUNT,SUV_COUNT,TCD_FUNC_CD,TCD_TYPE,TFC_DETOUR_IND,TIME_OF_DAY,TOT_INJ_COUNT,TOTAL_UNITS,UNB_DEATH_COUNT,UNB_SUSP_SERIOUS_INJ_COUNT,UNBELTED_OCC_COUNT,UNK_INJ_DEG_COUNT,UNK_INJ_PER_COUNT,URBAN_AREA,URBAN_RURAL,VAN_COUNT,VEHICLE_COUNT,WEATHER1,WEATHER2,WORK_ZONE_IND,WORK_ZONE_LOC,WORK_ZONE_TYPE,WORKERS_PRES,WZ_CLOSE_DETOUR,WZ_FLAGGER,WZ_LAW_OFFCR_IND,WZ_LN_CLOSURE,WZ_MOVING,WZ_OTHER,WZ_SHLDER_MDN,WZ_WORKERS_INJ_KILLED
2006056254,1247.0,2,0,0,0,0,0,0,0,0,4,0,,67,3,2006,6,39.9547,-75.1944,124.0,6,0,0,0,0,0,1,0,0,,0,0,0,12,1,5,2,,0.0,39 57:17.000,,0,75 11:40.079,4,0,0,0,67301,1,0,0,N,1,0,0,5,67301,5,,1,1,,N,N,,0,,0,0,0,3,2,,1245,5,3,0,0,0,0,0,3,4,0,2,3,,N,,,,,,,,,,,
2006056397,312.0,1,0,0,0,0,0,0,0,0,5,0,,67,3,2006,1,39.9213,-75.2316,312.0,6,0,0,0,0,0,2,0,0,,0,0,0,99,3,2,2,,0.0,39 55:16.784,,0,75 13:53.649,4,0,0,0,67301,0,0,0,N,0,0,0,4,67301,2,,1,1,,N,N,,0,,0,0,1,0,0,,9999,2,2,0,0,0,0,0,3,4,0,2,3,,N,,,,,,,,,,,
2006056409,1620.0,1,0,0,0,0,0,0,0,0,4,0,,67,3,2006,6,40.0455,-75.1274,1602.0,6,0,0,0,0,0,0,0,0,,0,0,0,16,1,1,2,,0.0,40 02:43.000,,0,75 07:38.645,2,0,1,1,67301,0,0,0,N,0,0,0,3,67301,0,,1,1,,N,N,,0,,0,1,0,0,0,,1602,1,2,0,0,0,0,0,3,4,0,2,3,,N,,,,,,,,,,,
2006053891,738.0,2,0,0,0,0,0,0,0,0,4,0,,67,4,2006,3,,,737.0,6,0,0,0,0,0,0,0,0,1.0,0,0,0,99,1,0,0,,1.0,,3.0,0,,0,0,0,0,67301,0,0,0,N,0,0,0,3,67301,0,,1,1,,N,N,,0,,0,0,0,0,0,N,9999,0,2,0,0,0,0,0,3,3,0,2,3,,N,,,,,,,,,,,
2006018363,2342.0,1,0,0,0,0,0,0,0,0,7,0,,67,1,2006,7,40.1151,-74.9869,2335.0,6,0,1,0,0,0,0,0,0,1.0,0,0,0,23,3,0,0,,1.0,40 06:55.000,2.0,0,74 59:13.046,0,0,0,0,67301,0,0,0,N,0,0,0,2,67301,0,,3,1,,N,N,,0,,0,0,0,0,0,N,2300,0,1,0,0,0,0,0,3,4,0,1,3,,N,,,,,,,,,,,
2006036268,1300.0,0,0,0,0,0,0,0,0,0,8,0,,67,2,2006,5,39.9964,-75.1135,1252.0,6,0,0,0,0,0,0,0,0,,0,0,0,16,1,1,1,,0.0,39 59:47.000,,0,75 06:48.513,4,0,0,0,67301,1,0,0,N,1,0,0,2,67301,1,,1,1,,N,N,,0,,0,0,0,3,2,,1615,1,2,0,0,0,0,1,3,4,0,1,3,,N,,,,,,,,,,,
2006037920,1610.0,1,0,0,0,0,0,0,0,0,1,0,,67,3,2006,3,39.9879,-75.1235,1605.0,6,0,0,0,0,0,0,1,0,,0,0,0,15,1,1,1,,0.0,39 59:16.000,,0,75 07:24.508,8,0,0,0,67301,0,0,0,,0,0,0,2,67301,0,,1,1,,,,,0,,0,0,0,3,2,,1545,1,2,0,0,0,1,0,3,4,1,2,3,,N,,,,,,,,,,,
2006033482,2355.0,2,0,0,0,0,0,0,0,0,1,0,,67,2,2006,1,39.8827,-75.245,2345.0,6,0,0,0,0,0,0,0,0,,0,0,0,23,3,0,3,,0.0,39 52:58.000,,0,75 14:41.642,0,0,0,0,67301,0,0,0,N,0,0,0,2,67301,0,,7,2,,N,N,,0,,0,0,0,0,0,,2330,0,2,0,0,0,0,0,3,4,0,2,98,,N,,,,,,,,,,,
2006033030,2003.0,3,0,0,0,0,0,0,0,0,4,0,,67,2,2006,6,40.0076,-75.1273,2002.0,6,0,0,0,0,0,0,0,0,,0,0,0,20,3,2,1,,0.0,40 00:27.000,,0,75 07:38.390,3,0,0,0,67301,0,0,0,N,0,0,0,4,67301,0,,1,1,,N,N,,0,,2,0,0,3,2,,2002,2,3,0,0,0,0,0,3,4,0,3,3,,N,,,,,,,,,,,
2006033043,1750.0,2,0,0,0,0,0,0,0,0,2,0,,67,2,2006,2,39.999,-75.115,1750.0,6,0,0,0,0,0,0,0,0,,0,0,0,17,1,0,2,,0.0,39 59:56.238,,0,75 06:54.064,9,0,0,0,67301,0,0,0,N,0,0,0,2,67301,0,,1,1,,N,N,,0,,0,0,0,0,0,,1751,0,2,0,0,0,0,1,3,4,0,2,3,,N,,,,,,,,,,,
2006032840,1940.0,2,0,0,0,0,0,0,0,0,5,0,,67,2,2006,6,,,1930.0,6,0,0,0,0,0,0,0,0,,0,0,0,19,3,1,1,,0.0,,,0,,4,0,0,0,67301,0,0,0,N,0,0,0,2,67301,1,,1,1,,N,N,,0,,0,0,0,9,3,,1900,1,2,0,0,2,0,0,3,3,0,2,3,,N,,,,,,,,,,,
2006081459,1806.0,1,0,0,0,0,0,0,0,0,8,0,,67,6,2006,2,40.0727,-75.1885,1803.0,6,0,0,0,0,0,0,0,0,1.0,0,0,0,17,1,1,2,,1.0,40 04:21.000,1.0,0,75 11:18.628,3,0,0,0,67301,1,0,0,N,1,0,0,2,67301,0,,1,1,,N,N,,0,,1,0,0,3,2,N,1742,1,2,0,0,0,0,1,3,4,0,1,3,,N,,,,,,,,,,,
2006081480,1946.0,2,0,0,0,0,0,0,0,0,1,0,,67,6,2006,6,,,1942.0,6,0,0,0,0,0,0,0,0,1.0,0,0,0,19,4,1,0,,1.0,,3.0,0,,8,0,0,0,67301,0,0,0,N,0,0,0,3,67301,0,,1,1,,N,N,,0,,0,0,0,0,0,N,1935,1,2,0,0,0,1,0,3,3,0,2,3,,N,,,,,,,,,,,
2006081600,1750.0,1,0,0,0,0,0,0,0,0,4,0,,67,7,2006,5,40.0079,-75.1723,1745.0,6,0,0,0,0,0,0,0,0,2.0,0,0,0,17,1,7,1,,2.0,40 00:28.000,7.0,0,75 10:20.930,3,0,0,0,67301,0,0,0,N,0,0,0,8,67301,5,,1,1,,N,N,,0,,1,0,1,3,2,Y,1743,7,2,0,0,7,1,0,3,4,0,2,3,,N,,,,,,,,,,,
2006113287,1340.0,0,0,0,0,0,0,0,0,0,8,0,,67,10,2006,1,39.9964,-75.1453,1337.0,6,0,0,0,0,0,0,0,0,,0,0,0,13,1,1,2,,0.0,39 59:47.004,,0,75 08:43.097,3,0,0,0,67301,1,0,0,N,1,0,0,2,67301,0,,1,1,,N,N,,0,,1,0,1,0,0,,1335,1,2,0,0,1,0,0,3,4,0,1,3,,N,,,,,,,,,,,
2006105777,1720.0,3,0,0,0,0,0,0,0,0,1,0,,67,8,2006,2,39.998,-75.1256,1715.0,6,0,1,0,0,0,1,0,0,,0,0,0,16,1,1,0,,0.0,39 59:52.000,,0,75 07:31.949,4,0,0,0,67301,0,0,0,,0,0,0,6,67301,1,,1,1,,N,N,,0,,0,0,0,0,0,,1640,1,3,0,0,0,0,0,3,4,0,3,3,,N,,,,,,,,,,,
2006105816,2301.0,1,0,0,0,0,0,0,0,0,4,0,,67,8,2006,2,39.9949,-75.1543,2301.0,6,0,0,0,0,0,0,0,0,,0,0,0,17,1,1,2,,0.0,39 59:41.473,,0,75 09:15.341,8,0,0,0,67301,1,0,0,N,1,0,0,2,67301,0,,9,1,,N,N,,0,,0,0,0,3,3,,1700,1,2,0,0,0,1,0,3,4,0,1,3,,N,,,,,,,,,,,
2006110818,937.0,2,0,0,0,0,0,0,0,0,1,0,,67,9,2006,4,,,935.0,6,0,0,0,0,0,3,0,0,2.0,0,0,0,9,1,0,0,,1.0,,4.0,0,,9,0,0,0,67301,0,0,0,N,0,0,0,4,67501,0,,1,1,,N,N,,1,,0,0,1,0,0,N,930,0,4,0,0,0,0,1,3,3,0,4,3,,N,,,,,,,,,,,
2006113447,1615.0,1,0,0,1,0,0,0,0,0,8,0,,67,10,2006,5,39.9526,-75.1566,1613.0,6,0,0,0,1,0,0,0,0,,0,0,0,16,1,1,0,,0.0,39 57:09.320,,0,75 09:23.763,4,0,0,0,67301,1,0,0,N,0,0,0,3,67301,1,,1,1,,N,N,,0,,0,0,0,0,0,,1609,1,2,0,0,2,0,0,3,4,0,1,3,,N,,,,,,,,,,,
2006124165,2253.0,1,0,0,0,0,0,0,0,0,8,0,,67,10,2006,3,39.9528,-75.1921,2250.0,6,0,0,0,0,0,0,0,0,,0,0,0,22,3,1,1,,0.0,39 57:10.000,,0,75 11:31.577,4,0,0,0,67301,1,0,0,N,1,0,0,2,67504,1,,1,1,,N,N,,0,,0,0,0,3,2,,2245,1,2,0,0,0,0,0,3,4,0,1,3,,N,,,,,,,,,,,
2006035764,25.0,2,0,0,0,0,0,0,0,0,5,0,,67,2,2006,1,40.0097,-75.1872,25.0,6,0,0,0,0,1,0,0,0,1.0,0,0,0,0,3,1,7,,2.0,40 00:34.000,2.0,2,75 11:16.127,4,0,0,0,67301,0,0,0,N,0,0,0,3,67301,1,,1,9,,N,N,,0,,0,0,0,0,0,N,21,1,2,0,0,0,0,1,3,4,0,2,7,,N,,,,,,,,,,,
2006035788,1900.0,0,0,0,0,0,0,0,0,0,4,0,,67,2,2006,6,40.0687,-75.1641,1856.0,6,0,1,0,0,0,1,0,0,,0,0,0,99,3,4,1,,0.0,40 04:07.000,,0,75 09:50.613,2,0,0,0,67301,0,0,0,N,0,0,0,5,67301,3,,1,1,,N,N,,1,,0,1,1,3,2,,9999,4,3,0,0,0,0,1,3,4,1,3,3,,N,,,,,,,,,,,
2006037204,902.0,1,0,0,0,0,0,0,0,0,8,0,,67,1,2006,2,39.952,-75.1626,850.0,6,0,0,0,0,0,0,0,0,,0,0,0,8,1,1,2,,0.0,39 57:07.268,,0,75 09:45.490,4,0,0,0,67301,1,0,0,N,1,0,0,2,67301,1,,1,1,,N,N,,0,,0,0,0,0,0,,845,1,2,0,0,0,0,0,3,4,0,1,3,,N,,,,,,,,,,,
2006037224,1724.0,2,0,0,0,0,0,0,0,0,1,0,,67,1,2006,5,,,1720.0,6,0,0,0,0,0,1,0,0,,0,0,0,17,4,1,1,,0.0,,,0,,4,0,0,0,67301,0,0,0,,0,0,0,4,67301,1,,1,1,,N,N,,0,,0,0,0,9,3,,1715,1,3,0,0,0,0,2,3,3,1,3,3,,N,,,,,,,,,,,
2006037230,1609.0,1,0,0,0,0,0,0,0,0,8,0,,67,2,2006,6,39.9234,-75.1526,1608.0,6,0,0,0,0,0,1,0,0,,0,0,0,16,1,1,1,,0.0,39 55:24.272,,0,75 09:09.287,4,0,0,0,67301,1,0,0,N,1,0,0,2,67301,1,,1,1,,N,N,,0,,0,0,0,9,3,,1605,1,2,0,0,0,0,0,3,4,0,1,3,,N,,,,,,,,,,,
2006022185,1440.0,1,0,0,0,0,0,0,0,0,1,0,,67,1,2006,5,,,1430.0,6,0,0,0,0,0,0,0,0,,0,0,0,14,1,1,1,,0.0,,,0,,4,0,0,0,67301,0,0,0,N,0,0,0,2,67301,1,,1,1,,N,N,,0,,0,0,0,9,3,,1430,1,2,0,0,0,0,0,3,3,1,2,3,,N,,,,,,,,,,,
2006021345,700.0,2,0,0,0,0,0,0,0,0,4,0,,67,1,2006,4,,,654.0,6,0,0,0,0,0,2,0,0,1.0,0,0,0,6,3,2,0,,1.0,,2.0,0,,4,0,0,0,67301,0,0,0,N,0,0,0,2,67301,2,,1,1,,N,N,,0,,0,0,0,0,0,N,650,2,2,0,0,0,0,0,3,3,0,2,3,,N,,,,,,,,,,,
2006021347,820.0,3,0,0,0,0,0,0,0,0,4,0,,67,1,2006,6,40.0497,-75.1717,814.0,6,0,0,0,0,0,0,0,0,,0,0,0,8,1,2,1,,0.0,40 02:58.000,,0,75 10:18.361,3,0,0,0,67301,0,0,0,N,0,0,0,6,67301,1,,1,9,,N,N,,0,,1,0,0,3,3,,813,2,3,0,0,0,0,1,3,4,0,3,5,,N,,,,,,,,,,,
2006021336,1800.0,1,0,0,0,0,0,0,0,0,8,0,,67,1,2006,5,,,1755.0,6,0,0,0,0,0,0,0,0,,0,0,0,16,1,1,0,,0.0,,,0,,4,0,0,0,67301,1,0,0,,1,0,0,2,67301,1,,1,1,,N,N,,0,,0,0,0,0,0,,1630,1,2,0,0,0,0,0,3,3,0,1,3,,N,,,,,,,,,,,
2006092419,1000.0,1,0,0,0,0,0,0,0,0,8,0,,67,8,2006,5,40.0027,-75.2078,945.0,6,0,0,0,0,0,1,0,0,,0,0,0,9,1,1,0,,0.0,40 00:09.619,,0,75 12:27.979,3,0,0,0,67301,1,0,0,N,1,0,0,2,67301,0,,2,1,,N,N,,0,,1,0,0,0,0,,935,1,2,0,0,0,0,1,3,4,0,1,3,,N,,,,,,,,,,,
2006092420,19.0,3,0,0,0,0,0,0,0,0,1,0,,67,8,2006,7,40.072,-75.013,19.0,6,0,0,0,0,0,0,0,0,,0,0,0,0,3,1,1,,0.0,40 04:19.000,,0,75 00:46.805,8,0,0,0,67301,0,0,0,N,0,0,0,3,67301,0,,1,1,,N,N,,0,,0,0,0,3,2,,19,1,3,0,0,0,1,0,3,4,0,3,3,,N,,,,,,,,,,,
2006079469,1338.0,1,0,0,0,0,0,0,0,0,8,0,,67,6,2006,7,,,1335.0,6,0,0,0,0,0,0,0,0,2.0,0,0,0,13,1,1,0,,2.0,,2.0,0,,2,0,0,0,67301,1,0,1,N,1,0,1,2,67301,0,,1,1,,N,N,,0,,0,1,0,0,0,Y,1333,1,2,0,0,0,0,0,3,3,0,1,3,,N,,,,,,,,,,,
2006082007,2007.0,1,0,0,0,0,0,0,0,0,7,0,,67,4,2006,6,,,2000.0,6,0,0,1,0,0,0,0,0,,0,0,0,19,3,2,0,,0.0,,,0,,2,0,0,0,67301,0,0,0,N,0,0,0,2,67301,0,,3,1,,N,N,,0,,0,1,0,3,2,,1955,2,1,0,0,0,1,0,3,3,0,1,3,,N,,,,,,,,,,,
2006053804,1724.0,1,0,0,0,0,0,0,0,0,4,0,,67,3,2006,4,40.0398,-75.0577,1721.0,6,0,0,0,0,0,1,0,0,,0,0,0,17,4,1,0,,0.0,40 02:23.359,,0,75 03:27.597,3,0,0,0,67301,0,0,0,N,0,0,0,2,67301,0,,1,1,,N,N,,0,,1,0,0,0,0,,1715,1,2,0,0,0,0,0,3,4,1,2,3,,N,,,,,,,,,,,
2006053858,9999.0,1,0,0,0,0,0,0,0,0,6,0,,67,4,2006,5,,,1816.0,6,0,0,0,0,0,1,0,0,9.0,0,0,0,18,4,1,1,,1.0,,4.0,0,,8,0,0,1,67301,0,0,0,N,0,0,0,2,67301,0,,1,1,,N,N,,0,,0,0,0,9,2,N,1816,1,2,0,0,0,1,0,3,3,0,2,3,,N,,,,,,,,,,,
2006053862,2222.0,1,0,0,0,0,0,0,0,0,7,0,,67,4,2006,7,40.0476,-75.1788,2218.0,6,0,0,0,0,0,0,0,0,,0,0,0,21,3,0,2,,0.0,40 02:51.180,,0,75 10:43.838,0,0,0,0,67301,0,0,0,N,0,0,0,1,67301,0,,4,9,,N,N,,0,,0,0,0,0,0,,2125,0,1,0,0,0,0,0,3,4,0,1,7,,N,,,,,,,,,,,
2006022088,1522.0,3,0,0,0,0,0,0,0,0,5,0,,67,1,2006,5,,,1519.0,6,0,0,0,0,0,1,1,0,,0,0,0,15,1,2,0,,0.0,,,0,,4,0,0,0,67301,0,0,0,N,0,0,0,3,67301,2,,1,1,,N,N,,0,,0,0,0,0,0,,1514,2,3,0,0,0,0,0,3,3,0,3,3,,N,,,,,,,,,,,
2006092480,1603.0,1,0,0,0,0,0,0,0,0,8,0,,67,7,2006,4,,,1558.0,6,0,0,0,0,0,1,0,0,,0,0,0,15,1,1,0,,0.0,,,0,,3,0,0,0,67301,1,0,0,N,1,0,0,2,67301,0,,1,1,,N,N,,0,,1,0,0,0,0,,1555,1,2,0,0,0,0,0,3,3,0,1,3,,N,,,,,,,,,,,
2006056048,1831.0,5,0,0,0,0,0,0,0,0,1,0,,67,3,2006,4,40.0205,-75.1924,1821.0,6,0,0,0,0,0,3,0,0,,0,0,0,18,4,1,1,,0.0,40 01:13.000,,0,75 11:32.906,4,0,0,0,67301,0,0,0,N,0,0,0,5,67301,1,,1,1,,N,N,,0,,0,0,0,0,0,,1817,1,5,0,0,0,0,0,3,4,0,5,3,,N,,,,,,,,,,,
2006056070,1708.0,2,0,0,0,0,0,0,0,0,4,0,,67,4,2006,3,40.0049,-75.1786,1705.0,6,0,0,0,0,0,2,0,0,,0,0,0,17,1,1,1,,0.0,40 00:17.000,,0,75 10:42.993,4,0,0,0,67301,0,0,0,N,0,0,0,3,67301,1,,1,1,,N,N,,0,,0,0,0,3,2,,1700,1,2,0,0,3,0,0,3,4,0,2,3,,N,,,,,,,,,,,
2006056128,1150.0,1,0,0,0,0,0,0,0,0,2,0,,67,3,2006,7,40.0413,-75.1067,1147.0,6,0,0,0,0,0,0,0,0,,0,0,0,99,1,1,1,,0.0,40 02:28.680,,0,75 06:24.120,8,0,0,0,67301,0,0,0,N,0,0,0,2,67301,0,,1,1,,N,N,,0,,0,0,1,3,2,,9999,1,2,0,0,0,1,0,3,4,0,2,3,,N,,,,,,,,,,,
2006095213,1557.0,2,0,0,0,0,0,0,0,0,4,0,,67,7,2006,7,,,1555.0,6,0,0,0,0,1,0,0,0,,0,0,0,15,1,2,1,,0.0,,,0,,8,0,0,0,67301,0,0,0,N,0,0,0,3,67301,0,,1,9,,N,N,,0,,0,0,0,3,3,,1550,2,2,0,0,0,2,1,3,3,0,2,7,,N,,,,,,,,,,,
2006092704,1830.0,3,0,0,0,0,0,0,0,0,7,0,,67,7,2006,5,40.0793,-75.0257,1825.0,6,0,0,0,0,0,0,0,0,,0,0,0,18,1,1,0,,0.0,40 04:45.000,,0,75 01:32.651,8,0,0,0,67301,0,0,0,N,0,0,0,1,67301,0,,5,1,,N,N,,0,,0,0,0,3,2,,1828,1,3,0,0,0,1,0,3,4,0,3,3,,N,,,,,,,,,,,
2006095260,1503.0,2,0,0,0,0,0,0,0,0,1,0,,67,8,2006,4,39.9513,-75.1991,9999.0,6,0,0,1,0,0,0,0,0,,0,0,0,15,1,2,1,,0.0,39 57:04.584,,0,75 11:56.878,4,0,0,0,67301,0,0,0,N,0,0,0,3,67301,1,,1,1,,N,N,,0,,0,0,0,3,2,,1503,2,3,0,0,3,1,0,3,4,1,3,3,,N,,,,,,,,,,,
2006053962,1913.0,2,0,0,0,0,0,0,0,0,4,0,,67,4,2006,4,39.9634,-75.2269,1912.0,6,0,0,0,0,0,0,0,0,,0,0,0,18,1,2,1,,0.0,39 57:48.297,,0,75 13:36.803,4,0,0,0,67301,0,0,0,,0,0,0,3,67301,1,,1,1,,,,,0,,0,0,0,0,0,,1825,2,2,0,0,1,1,0,3,4,0,2,3,,N,,,,,,,,,,,
2006092883,1705.0,0,0,0,1,0,0,0,0,0,8,0,,67,8,2006,6,40.018,-75.0543,1643.0,6,0,0,0,0,0,0,0,0,,0,0,0,16,1,1,2,,0.0,40 01:04.785,,0,75 03:15.631,8,0,0,0,67301,1,0,0,N,0,0,0,2,67301,0,,1,1,,N,N,,0,,0,0,1,9,3,,1615,1,2,0,0,0,1,0,3,4,0,1,3,,N,,,,,,,,,,,
2006092891,2.0,1,0,0,0,0,0,0,0,0,1,0,,67,8,2006,6,39.9764,-75.1139,0.0,6,0,0,0,0,0,0,0,0,2.0,0,1,0,0,3,0,0,,1.0,39 58:37.000,1.0,0,75 06:48.040,0,0,0,0,67301,0,0,0,N,0,0,0,2,67301,0,,1,1,,N,N,,0,,0,0,0,0,0,N,0,0,2,0,0,0,0,0,3,4,0,2,3,,N,,,,,,,,,,,
2006092917,1111.0,2,0,0,0,0,0,0,0,0,4,0,,67,7,2006,2,40.0264,-75.1172,1111.0,6,0,0,0,0,0,2,0,0,1.0,0,0,0,11,1,2,5,,1.0,40 01:36.000,2.0,0,75 07:02.232,4,0,0,0,67301,0,0,0,N,0,0,0,4,67301,1,,1,1,,N,,,0,,0,0,0,3,2,N,1100,2,2,0,0,0,1,0,3,4,0,2,3,,N,,,,,,,,,,,
2006033424,210.0,1,0,0,0,0,0,1,0,0,6,1,,67,2,2006,7,39.8975,-75.2525,205.0,6,0,0,0,0,0,0,0,0,9.0,0,0,0,2,3,1,1,,1.0,39 53:51.000,1.0,0,75 15:08.939,4,0,0,0,67301,0,0,0,N,0,0,0,2,67301,1,,1,1,,N,N,,0,,0,0,0,3,2,N,200,1,2,0,0,0,0,0,3,4,0,2,3,,N,,,,,,,,,,,
2006033032,1600.0,1,0,0,0,0,0,0,0,0,7,0,,67,2,2006,7,40.0241,-75.1311,1552.0,6,0,0,0,0,0,0,0,0,2.0,0,0,0,15,1,0,0,,2.0,40 01:27.000,1.0,0,75 07:52.730,0,0,0,0,67301,0,0,0,,0,0,0,4,67501,0,,3,1,,,,,0,,0,0,0,2,2,N,1530,0,1,0,0,0,0,0,3,4,0,1,3,,N,,,,,,,,,,,
2006032879,2123.0,1,0,0,0,0,0,0,0,0,4,0,,67,2,2006,3,,,2120.0,6,0,0,0,0,0,0,0,0,1.0,0,0,0,21,3,1,1,,2.0,,6.0,0,,4,0,0,0,67301,0,0,0,N,0,0,0,2,67301,1,,1,1,,N,N,,0,,0,0,1,3,3,Y,2119,1,2,0,0,0,0,0,3,3,0,2,3,,N,,,,,,,,,,,
2006032887,1942.0,3,0,0,0,0,0,0,0,0,2,0,,67,2,2006,6,40.095,-75.0154,1942.0,6,0,0,0,0,0,3,0,0,1.0,0,0,0,19,3,1,1,,2.0,40 05:42.000,3.0,0,75 00:55.313,3,0,0,0,67301,0,0,0,N,0,0,0,7,67301,0,,1,1,,N,N,,0,,1,0,1,3,2,Y,1940,1,4,0,0,0,0,0,3,4,0,4,3,,N,,,,,,,,,,,
2006053547,10.0,1,0,0,0,0,0,0,0,0,8,0,,67,4,2006,2,39.9155,-75.1615,6.0,6,0,0,0,0,0,0,0,0,,0,0,0,12,1,1,1,,0.0,39 54:55.000,,0,75 09:41.278,3,0,0,0,67301,1,0,0,,1,0,0,2,67301,0,,1,9,,,,,0,,1,0,0,3,2,,1200,1,2,0,0,0,0,1,3,4,0,1,7,,N,,,,,,,,,,,
2006080036,1322.0,2,0,0,0,0,0,0,0,0,4,0,,67,6,2006,1,,,1318.0,6,0,0,0,0,0,1,1,0,,0,0,0,13,1,1,2,,0.0,,,0,,4,0,0,0,67301,0,0,0,N,0,0,0,4,67301,1,,1,9,,N,N,,0,,0,0,0,3,3,,1316,1,2,0,0,0,0,0,3,3,0,2,3,,N,,,,,,,,,,,
2006080070,1235.0,1,0,0,0,0,0,0,0,0,8,0,,67,5,2006,6,,,1235.0,6,0,0,0,0,0,0,0,0,,0,0,0,12,1,1,1,,0.0,,,0,,4,0,0,0,67301,1,0,0,N,1,0,0,2,67301,1,,1,9,,N,N,,0,,0,0,0,0,0,,1230,1,2,0,0,1,0,0,3,3,0,1,7,,N,,,,,,,,,,,
2006080918,1320.0,1,0,0,0,0,0,0,0,0,8,0,,67,6,2006,6,40.0933,-74.9621,1309.0,6,0,0,0,0,0,0,0,0,,0,0,0,18,1,1,1,,0.0,40 05:35.000,,0,74 57:43.134,3,0,0,0,67301,1,0,0,,1,0,0,3,67301,0,,1,1,,N,N,,0,,1,0,0,3,2,,1805,1,2,0,0,0,0,0,3,4,0,1,3,,N,,,,,,,,,,,
2006081019,31.0,1,0,0,0,0,0,0,0,0,7,0,,67,7,2006,7,39.9573,-75.1439,32.0,6,0,0,0,0,0,0,0,0,,0,0,0,0,3,1,7,,0.0,39 57:21.000,,2,75 08:29.701,3,0,0,0,67301,0,0,0,Y,0,0,0,1,67301,0,,7,1,,N,N,,0,,1,0,0,0,0,,32,1,1,0,0,0,0,0,3,4,0,1,3,,N,,,,,,,,,,,
2006083577,1113.0,1,0,0,0,0,0,0,0,0,4,0,,67,6,2006,3,39.9751,-75.195,1111.0,6,0,0,0,0,0,0,0,0,,0,0,0,11,1,1,0,,0.0,39 58:30.360,,0,75 11:42.000,8,0,0,0,67301,0,0,0,N,0,0,0,12,67301,0,,3,1,,N,N,,0,,0,0,0,0,0,,1105,1,2,0,0,0,1,6,3,4,0,2,3,,N,,,,,,,,,,,
2006083773,1425.0,1,0,0,0,0,0,0,0,0,4,1,,67,6,2006,5,,,1415.0,6,0,0,0,0,0,0,1,0,2.0,0,1,0,14,1,1,0,,2.0,,4.0,0,,8,0,0,0,67301,0,0,0,N,0,0,0,2,67301,0,,1,1,,N,N,,0,,0,0,0,0,0,N,1414,1,2,0,0,0,1,0,3,3,0,2,3,,N,,,,,,,,,,,
2006081133,1624.0,2,0,0,0,0,0,0,0,0,6,0,,67,7,2006,3,39.9117,-75.1724,1621.0,6,0,0,0,0,0,0,0,0,,0,0,0,14,1,0,2,,0.0,39 54:42.000,,0,75 10:21.915,0,0,0,0,67301,0,0,0,N,0,0,0,2,67301,0,,1,1,,,,,0,,0,0,0,3,2,,1403,0,2,0,0,1,0,0,3,4,0,2,3,,N,,,,,,,,,,,