CRN,ARRIVAL_TM,AUTOMOBILE_COUNT,BELTED_DEATH_COUNT,BELTED_SUSP_SERIOUS_INJ_COUNT,BICYCLE_COUNT,BICYCLE_DEATH_COUNT,BICYCLE_SUSP_SERIOUS_INJ_COUNT,BUS_COUNT,CHLDPAS_DEATH_COUNT,CHLDPAS_SUSP_SERIOUS_INJ_COUNT,COLLISION_TYPE,COMM_VEH_COUNT,CONS_ZONE_SPD_LIM,COUNTY,CRASH_MONTH,CRASH_YEAR,DAY_OF_WEEK,DEC_LAT,DEC_LONG,DISPATCH_TM,DISTRICT,DRIVER_COUNT_16YR,DRIVER_COUNT_17YR,DRIVER_COUNT_18YR,DRIVER_COUNT_19YR,DRIVER_COUNT_20YR,DRIVER_COUNT_50_64YR,DRIVER_COUNT_65_74YR,DRIVER_COUNT_75PLUS,EST_HRS_CLOSED,FATAL_COUNT,HEAVY_TRUCK_COUNT,HORSE_BUGGY_COUNT,HOUR_OF_DAY,ILLUMINATION,INJURY_COUNT,INTERSECT_TYPE,INTERSECTION_RELATED,LANE_CLOSED,LATITUDE,LN_CLOSE_DIR,LOCATION_TYPE,LONGITUDE,MAX_SEVERITY_LEVEL,MCYCLE_DEATH_COUNT,MCYCLE_SUSP_SERIOUS_INJ_COUNT,MOTORCYCLE_COUNT,MUNICIPALITY,NONMOTR_COUNT,NONMOTR_DEATH_COUNT,NONMOTR_SUSP_SERIOUS_INJ_COUNT,NTFY_HIWY_MAINT,PED_COUNT,PED_DEATH_COUNT,PED_SUSP_SERIOUS_INJ_COUNT,PERSON_COUNT,POLICE_AGCY,POSSIBLE_INJ_COUNT,RDWY_SURF_TYPE_CD,RELATION_TO_ROAD,ROAD_CONDITION,ROADWAY_CLEARED,SCH_BUS_IND,SCH_ZONE_IND,SECONDARY_CRASH,SMALL_TRUCK_COUNT,SPEC_JURIS_CD,SUSP_MINOR_INJ_COUNT,SUSP_SERIOUS_INJ_COUNT,SUV_COUNT,TCD_FUNC_CD,TCD_TYPE,TFC_DETOUR_IND,TIME_OF_DAY,TOT_INJ_COUNT,TOTAL_UNITS,UNB_DEATH_COUNT,UNB_SUSP_SERIOUS_INJ_COUNT,UNBELTED_OCC_COUNT,UNK_INJ_DEG_COUNT,UNK_INJ_PER_COUNT,URBAN_AREA,URBAN_RURAL,VAN_COUNT,VEHICLE_COUNT,WEATHER1,WEATHER2,WORK_ZONE_IND,WORK_ZONE_LOC,WORK_ZONE_TYPE,WORKERS_PRES,WZ_CLOSE_DETOUR,WZ_FLAGGER,WZ_LAW_OFFCR_IND,WZ_LN_CLOSURE,WZ_MOVING,WZ_OTHER,WZ_SHLDER_MDN,WZ_WORKERS_INJ_KILLED
2006081331,1035.0,1,0,0,0,0,0,0,0,0,8,0,,67,6,2006,7,39.9827,-75.1753,1030.0,6,0,0,0,0,0,0,0,0,,0,0,0,10,1,1,1,,0.0,39 58:57.000,,0,75 10:31.272,4,0,0,0,67301,1,0,0,N,1,0,0,2,67301,1,,1,1,,N,N,,0,,0,0,0,0,0,,1025,1,2,0,0,0,0,1,3,4,0,1,3,,N,,,,,,,,,,,
2006081492,819.0,2,0,0,0,0,0,0,0,0,1,0,,67,6,2006,3,,,821.0,6,0,0,0,0,0,1,0,0,1.0,0,0,0,8,1,1,0,,1.0,,2.0,0,,3,0,0,0,67301,0,0,0,N,0,0,0,2,67301,0,,1,1,,N,N,,0,,1,0,0,0,0,Y,819,1,2,0,0,0,0,0,3,3,0,2,3,,N,,,,,,,,,,,
2006081416,2000.0,1,0,0,0,0,0,0,0,0,8,0,,67,5,2006,2,40.0363,-75.1295,1956.0,6,0,0,0,0,0,0,0,0,,0,0,0,19,3,1,0,,0.0,40 02:10.681,,0,75 07:46.214,4,0,0,0,67301,1,0,0,N,1,0,0,2,67301,1,,1,1,,N,N,,0,,0,0,0,0,0,,1955,1,2,0,0,0,0,0,3,4,0,1,3,,N,,,,,,,,,,,
2006081436,1900.0,0,0,0,0,0,0,0,0,0,7,0,,67,5,2006,3,,,1900.0,6,0,0,0,0,0,0,0,0,,0,0,0,19,1,1,0,,0.0,,,0,,4,0,0,0,67301,0,0,0,N,0,0,0,1,67301,1,,2,1,,N,N,,1,,0,0,0,0,0,,1900,1,1,0,0,0,0,0,3,3,0,1,3,,N,,,,,,,,,,,
2006081444,825.0,1,0,0,0,0,0,1,0,0,2,1,,67,6,2006,3,39.993,-75.1103,820.0,6,0,0,0,0,0,0,0,0,,0,0,0,99,1,1,1,,0.0,39 59:34.000,,0,75 06:36.944,3,0,0,0,67301,0,0,0,N,0,0,0,2,67301,0,,1,1,,N,N,,0,,1,0,0,3,2,,9999,1,2,0,0,1,0,0,3,4,0,2,3,,N,,,,,,,,,,,
2006079148,1246.0,2,0,0,0,0,0,0,0,0,4,0,,67,6,2006,1,39.9133,-75.1745,1242.0,6,0,0,0,1,0,0,0,0,,0,0,0,12,1,2,1,,0.0,39 54:47.894,,0,75 10:28.149,4,0,0,0,67301,0,0,0,N,0,0,0,3,67301,2,,1,9,,N,N,,0,,0,0,0,3,3,,1212,2,2,0,0,3,0,0,3,4,0,2,7,,N,,,,,,,,,,,
2006081567,2020.0,1,0,0,0,0,0,0,0,0,4,0,,67,6,2006,1,40.0273,-75.1129,2015.0,6,0,0,0,0,0,0,0,0,,0,1,0,99,1,0,0,,0.0,40 01:38.000,,0,75 06:46.439,0,0,0,0,67301,0,0,0,N,0,0,0,1,67301,0,,1,1,,N,N,,0,,0,0,0,0,0,,9999,0,2,0,0,1,0,0,3,4,0,2,3,,N,,,,,,,,,,,
2006081596,2218.0,1,0,0,0,0,0,0,0,0,7,0,,67,7,2006,4,39.9958,-75.1693,2216.0,6,0,0,0,0,0,0,0,0,,0,0,0,22,3,0,0,,0.0,39 59:44.000,,0,75 10:09.725,0,0,0,0,67301,0,0,0,N,0,0,0,1,67301,0,,5,1,,N,N,,0,,0,0,0,0,0,,2218,0,1,0,0,1,0,0,3,4,0,1,3,,N,,,,,,,,,,,
2006081608,1310.0,1,0,0,0,0,0,0,0,0,8,0,,67,7,2006,1,39.9996,-75.0713,1306.0,6,0,0,0,0,0,0,0,0,,0,0,0,13,1,1,0,,0.0,39 59:58.416,,0,75 04:16.838,4,0,0,0,67301,1,0,0,N,1,0,0,2,67301,1,,1,1,,N,N,,0,,0,0,0,3,3,,1300,1,2,0,0,0,0,0,3,4,0,1,3,,N,,,,,,,,,,,
2006081612,1420.0,1,0,0,1,0,0,0,0,0,4,0,,67,5,2006,3,40.0295,-75.0562,1415.0,6,0,0,0,0,0,0,0,1,,0,0,0,14,1,1,1,,0.0,40 01:46.000,,0,75 03:22.361,4,0,0,0,67301,1,0,0,N,0,0,0,2,67301,1,,1,1,,N,N,,0,,0,0,0,3,2,,1400,1,2,0,0,0,0,0,3,4,0,1,3,,N,,,,,,,,,,,
2006105723,738.0,0,0,0,0,0,0,0,0,0,7,0,,67,8,2006,3,40.0383,-75.1016,733.0,6,0,0,0,0,0,1,0,0,,0,0,0,7,1,1,0,,0.0,40 02:17.952,,0,75 06:05.634,8,0,0,0,67301,0,0,0,N,0,0,0,1,67301,0,,4,1,,,,,0,,0,0,0,0,0,,733,1,1,0,0,0,1,0,3,4,1,1,3,,N,,,,,,,,,,,
2006113263,940.0,2,0,0,0,0,0,0,0,0,4,0,,67,9,2006,6,39.9486,-75.1778,935.0,6,0,0,0,0,0,0,0,0,,0,0,0,9,1,3,1,,0.0,39 56:54.990,,0,75 10:40.195,3,0,0,0,67301,0,0,0,N,0,0,0,7,67301,0,,1,1,,N,N,,0,,3,0,1,3,2,,929,3,3,0,0,0,0,0,3,4,0,3,3,,N,,,,,,,,,,,
2006113386,1235.0,2,0,0,0,0,0,0,0,0,4,0,,67,9,2006,2,40.0096,-75.0641,1230.0,6,0,0,0,0,0,1,0,0,,0,0,0,12,1,2,1,,0.0,40 00:34.000,,0,75 03:51.118,4,0,0,0,67301,0,0,0,N,0,0,0,2,67301,2,,1,1,,N,N,,0,,0,0,0,9,2,,1220,2,2,0,0,0,0,0,3,4,0,2,3,,N,,,,,,,,,,,
2006105778,858.0,1,0,0,0,0,0,0,0,0,7,0,,67,9,2006,6,39.9295,-75.2434,841.0,6,0,0,0,0,0,0,0,0,,0,0,0,99,1,0,0,,0.0,39 55:46.229,,0,75 14:36.319,0,0,0,0,67301,0,0,0,N,0,0,0,1,67301,0,,5,9,,N,N,,0,,0,0,0,0,0,,9999,0,1,0,0,0,0,0,3,4,0,1,7,,N,,,,,,,,,,,
2006105806,333.0,3,0,0,0,0,0,0,0,0,5,0,,67,9,2006,3,39.9194,-75.1806,333.0,6,0,0,1,0,0,0,0,0,2.0,0,0,0,3,2,2,1,,1.0,39 55:09.804,1.0,0,75 10:50.091,4,0,0,0,67301,0,0,0,N,0,0,0,3,67301,2,,1,1,,N,N,,0,,0,0,0,3,3,Y,333,2,3,0,0,2,0,0,3,4,0,3,3,,N,,,,,,,,,,,
2006113415,1936.0,1,0,0,0,0,0,0,0,0,7,0,,67,10,2006,6,40.0156,-75.1766,1930.0,6,0,0,0,0,0,1,0,0,,0,0,0,19,3,0,0,,0.0,40 00:56.000,,0,75 10:36.049,0,0,0,0,67301,0,0,0,N,0,0,0,2,67301,0,,2,98,,N,N,,0,,0,0,0,3,8,,1924,0,1,0,0,0,0,0,3,4,0,1,3,,N,,,,,,,,,,,
2006113452,652.0,0,0,0,0,0,0,0,0,0,4,0,,67,10,2006,1,39.9593,-75.1599,649.0,6,0,0,0,0,0,0,0,0,1.0,0,0,0,6,1,0,1,,1.0,39 57:33.541,1.0,0,75 09:35.559,0,0,0,0,67301,0,0,0,Y,0,0,0,2,67301,0,,1,1,,N,N,,1,,0,0,0,1,1,Y,647,0,2,0,0,0,0,0,3,4,1,2,3,,N,,,,,,,,,,,
2006113471,935.0,2,0,0,0,0,0,0,0,0,4,0,,67,10,2006,3,40.0352,-75.1456,935.0,6,0,0,0,0,0,1,0,1,,0,0,0,9,1,1,1,,0.0,40 02:06.000,,0,75 08:44.230,2,0,0,0,67301,0,0,0,N,0,0,0,2,67301,0,,1,1,,N,N,,0,,0,1,0,3,2,,932,1,2,0,0,0,0,0,3,4,0,2,3,,N,,,,,,,,,,,
2006116046,1105.0,2,0,0,0,0,0,0,0,0,5,0,,67,9,2006,7,40.0851,-75.0022,1100.0,6,0,0,0,1,0,0,0,0,,0,0,0,11,1,0,0,,0.0,40 05:06.345,,99,75 00:07.837,0,0,0,0,67301,0,0,0,N,0,0,0,4,67301,0,,1,1,,N,N,,1,,0,0,0,0,0,,1100,0,3,0,0,0,0,0,3,4,0,3,3,,N,,,,,,,,,,,
2006035760,2025.0,2,0,0,0,0,0,0,0,0,2,0,,67,2,2006,7,40.0459,-74.9946,2015.0,6,0,0,0,0,0,1,0,0,,0,0,0,20,3,1,1,,0.0,40 02:44.000,,0,74 59:40.975,8,0,0,0,67301,0,0,0,N,0,0,0,2,67301,0,,1,1,,N,N,,0,,0,0,0,3,2,,2000,1,2,0,0,0,1,0,3,4,0,2,3,,N,,,,,,,,,,,
2006035774,1210.0,1,0,0,0,0,0,0,0,0,1,0,,67,2,2006,6,40.0555,-75.1263,1201.0,6,0,0,1,0,0,0,0,0,,0,0,0,12,1,1,1,,0.0,40 03:19.000,,0,75 07:34.290,4,0,0,0,67301,0,0,0,N,0,0,0,1,67301,1,,2,1,,N,N,,1,,0,0,0,3,2,,1201,1,2,0,0,0,0,0,3,4,0,2,3,,N,,,,,,,,,,,
2006054079,1514.0,4,0,0,0,0,0,0,0,0,1,0,,67,4,2006,3,40.0447,-75.1214,1513.0,6,0,0,0,0,1,0,0,0,1.0,0,0,0,15,1,3,1,,1.0,40 02:41.000,3.0,0,75 07:17.024,8,0,0,0,67301,0,0,0,N,0,0,0,5,67301,0,,1,1,,N,N,,0,,0,0,0,3,3,N,1501,3,5,0,0,0,3,1,3,4,0,5,3,,N,,,,,,,,,,,
2006054080,1004.0,1,0,0,0,0,0,0,0,0,8,0,,67,4,2006,2,39.9579,-75.1641,959.0,6,0,0,0,1,0,0,0,0,,0,0,0,9,1,1,2,,0.0,39 57:30.000,,0,75 09:50.391,3,0,0,0,67301,1,0,0,N,1,0,0,2,67301,0,,1,1,,N,N,,0,,1,0,0,3,2,,959,1,2,0,0,0,0,0,3,4,0,1,3,,N,,,,,,,,,,,
2006054057,1810.0,2,0,0,0,0,0,0,0,0,4,0,,67,4,2006,6,40.0465,-75.1583,1800.0,6,0,0,0,0,0,1,0,0,,0,0,0,17,1,1,0,,0.0,40 02:47.396,,0,75 09:29.844,4,0,0,0,67301,0,0,0,,0,0,0,2,67301,1,,1,9,,,,,0,,0,0,0,0,0,,1725,1,2,0,0,0,0,0,3,4,0,2,7,,N,,,,,,,,,,,
2006036840,1613.0,1,0,0,0,0,0,0,0,0,8,0,,67,2,2006,4,40.0529,-75.092,1612.0,6,0,0,0,0,0,0,0,0,,0,0,0,16,1,1,0,,0.0,40 03:10.268,,0,75 05:31.367,4,0,0,0,67301,1,0,0,N,1,0,0,2,67301,1,,1,1,,N,N,,0,,0,0,0,0,0,,1611,1,2,0,0,0,0,1,3,4,0,1,3,,N,,,,,,,,,,,
2006023862,918.0,1,0,0,0,0,0,0,0,0,1,0,,67,1,2006,5,40.0933,-75.0315,915.0,6,0,0,0,0,0,1,0,0,,0,0,0,9,1,2,0,,0.0,40 05:35.000,,0,75 01:53.399,4,0,0,0,67301,0,0,0,N,0,0,0,6,67301,2,,1,1,,N,N,,0,,0,0,1,0,0,,910,2,3,0,0,0,0,0,3,4,1,3,3,,N,,,,,,,,,,,
2006047964,2050.0,0,0,0,0,0,0,0,0,0,7,0,,67,3,2006,6,40.0549,-74.9847,2042.0,6,0,0,0,0,0,0,0,0,3.0,1,0,0,20,3,0,0,,1.0,40 03:18.000,1.0,0,74 59:04.379,1,0,0,0,67301,0,0,0,Y,0,0,0,1,67301,0,2.0,3,1,,N,N,,1,9.0,0,0,0,0,0,N,2040,0,1,0,0,0,0,0,3,4,0,1,3,,N,,,,,,,,,,,
2006092389,1220.0,2,0,0,0,0,0,0,0,0,1,0,,67,8,2006,7,40.0704,-75.1701,1214.0,6,0,0,0,0,0,1,0,0,,0,0,0,12,1,3,1,,0.0,40 04:13.429,,0,75 10:12.323,3,0,0,0,67301,0,0,0,,0,0,0,3,67301,2,,1,1,,,,,0,,1,0,0,0,0,,1214,3,2,0,0,0,0,0,3,4,0,2,3,,N,,,,,,,,,,,
2006053871,244.0,3,0,0,0,0,0,0,0,0,1,0,,67,3,2006,6,,,244.0,6,0,0,0,0,0,0,0,0,,0,0,0,2,3,0,0,,0.0,,,0,,0,0,0,0,67301,0,0,0,,0,0,0,1,67301,0,,6,1,,N,N,,0,,0,0,0,0,0,,240,0,3,0,0,0,0,0,3,3,0,3,3,,N,,,,,,,,,,,
2006094940,1422.0,1,0,0,0,0,0,0,0,0,2,0,,67,7,2006,5,,,1417.0,6,0,0,0,0,1,0,0,0,1.0,0,0,0,14,1,3,1,,2.0,,1.0,0,,8,0,0,0,67301,0,0,0,N,0,0,0,4,67301,0,,1,1,,N,N,,0,,0,0,1,3,2,N,1410,3,2,0,0,0,3,0,3,3,0,2,3,,N,,,,,,,,,,,
2006055864,225.0,1,0,0,0,0,0,0,0,0,7,0,,67,3,2006,2,40.0646,-75.2484,225.0,6,0,0,0,0,0,0,0,0,,0,0,0,2,3,1,0,,0.0,40 03:52.585,,0,75 14:54.272,2,0,0,0,67301,0,0,0,N,0,0,0,1,67301,0,,5,1,,N,N,,0,,0,1,0,0,0,,215,1,1,0,0,0,0,0,3,4,0,1,5,,N,,,,,,,,,,,
2006094986,1740.0,1,0,0,0,0,0,0,0,0,8,0,,67,8,2006,2,,,1729.0,6,0,0,0,0,0,0,0,0,,0,0,0,17,1,1,0,,0.0,,,0,,4,0,0,0,67301,1,0,0,,1,0,0,2,67301,1,,1,1,,,,,0,,0,0,0,9,3,,1720,1,2,0,0,0,0,1,3,3,0,1,3,,N,,,,,,,,,,,
2006056043,620.0,2,0,0,0,0,0,0,0,0,4,0,,67,3,2006,3,40.0203,-75.1628,615.0,6,0,0,0,0,0,1,0,0,1.0,0,0,0,6,1,2,2,,1.0,40 01:12.000,4.0,0,75 09:46.204,4,0,0,0,67301,0,0,0,N,0,0,0,3,67301,2,,1,1,,N,N,,0,,0,0,0,0,0,Y,611,2,2,0,0,0,0,0,3,4,0,2,3,,N,,,,,,,,,,,
2006056325,1620.0,1,0,0,0,0,0,0,0,0,8,0,,67,5,2006,4,,,1610.0,6,0,0,0,0,0,0,0,0,,0,0,0,16,1,1,1,,0.0,,,0,,3,0,0,0,67301,1,0,0,N,1,0,0,2,67301,0,,1,1,,N,N,,0,,1,0,0,3,2,,1605,1,2,0,0,0,0,0,3,3,0,1,3,,N,,,,,,,,,,,
2006056382,1440.0,0,0,0,0,0,0,0,0,0,8,0,,67,3,2006,3,39.9558,-75.1591,1430.0,6,0,0,0,0,0,0,0,0,,0,0,0,13,8,1,0,,0.0,39 57:20.786,,0,75 09:32.860,8,0,0,0,67301,1,0,0,N,1,0,0,2,67301,0,,5,1,,N,N,,0,,0,0,0,0,0,,1300,1,2,0,0,0,1,0,3,4,0,1,98,,N,,,,,,,,,,,
2006056404,1225.0,1,0,0,0,0,0,0,0,0,8,0,,67,3,2006,7,,,1220.0,6,0,0,0,0,0,1,0,0,,0,0,0,12,1,1,0,,0.0,,,0,,4,0,0,0,67301,1,0,0,N,1,0,0,2,67301,1,,1,1,,N,N,,0,,0,0,0,0,0,,1210,1,2,0,0,0,0,0,3,3,0,1,3,,N,,,,,,,,,,,
2006053947,1319.0,2,0,0,0,0,0,0,0,0,4,0,,67,4,2006,3,40.0773,-75.0854,1309.0,6,0,0,1,0,0,0,0,0,,0,0,0,99,1,2,0,,0.0,40 04:38.640,,0,75 05:07.800,3,0,0,0,67301,0,0,0,,0,0,0,2,67301,1,,1,1,,N,,,0,,1,0,0,0,0,,9999,2,2,0,0,0,0,0,3,4,0,2,3,,N,,,,,,,,,,,
2006053985,1200.0,0,0,0,0,0,0,0,0,0,8,0,,67,5,2006,5,40.0606,-74.9902,1154.0,6,0,0,0,0,0,0,1,0,1.0,0,0,0,99,1,1,0,,1.0,40 03:38.123,2.0,0,74 59:24.650,8,0,0,0,67301,1,0,0,N,1,0,0,2,67301,0,,1,1,,N,N,,0,,0,0,1,0,0,N,9999,1,2,0,0,0,1,0,3,4,0,1,3,,N,,,,,,,,,,,
2006033463,1725.0,1,0,0,0,0,0,0,0,0,4,0,,67,2,2006,3,39.9961,-75.0959,1718.0,6,0,0,0,0,0,0,0,0,1.0,0,0,0,16,4,1,0,,1.0,39 59:46.000,6.0,0,75 05:44.995,2,0,0,0,67301,0,0,0,N,0,0,0,2,67301,0,,1,1,,N,N,,1,,0,1,0,0,0,N,1605,1,2,0,0,0,0,0,3,4,0,2,3,,N,,,,,,,,,,,
2006054615,812.0,2,0,0,0,0,0,0,0,0,5,0,,67,3,2006,5,40.0006,-75.1082,810.0,6,0,0,0,0,0,0,0,0,,0,0,0,8,1,1,0,,0.0,40 00:02.030,,0,75 06:29.541,4,0,0,0,67301,0,0,0,N,0,0,0,1,67301,1,,1,1,,N,N,,1,,0,0,0,0,0,,800,1,4,0,0,1,0,0,3,4,1,4,3,,N,,,,,,,,,,,
2006080969,1640.0,0,0,0,0,0,0,0,0,0,8,0,,67,5,2006,3,39.9985,-75.1293,1630.0,6,0,0,0,0,0,0,0,0,,0,0,0,16,1,1,1,,0.0,39 59:54.000,,0,75 07:45.319,4,0,0,0,67301,1,0,0,N,1,0,0,2,67301,1,,1,1,,N,N,,0,,0,0,0,3,2,,1630,1,2,0,0,0,0,0,3,4,0,1,3,,N,,,,,,,,,,,
2006081137,415.0,2,0,0,0,0,0,1,0,0,4,1,,67,6,2006,2,,,400.0,6,0,0,1,0,0,0,0,0,,0,0,0,2,3,1,1,,0.0,,,0,,4,0,0,0,67301,0,0,0,,0,0,0,2,67301,1,,1,1,,,,,0,,0,0,0,9,3,,200,1,3,0,0,0,0,1,3,3,0,3,3,,N,,,,,,,,,,,
2006081390,1440.0,0,0,0,0,0,0,1,0,0,8,1,,67,6,2006,6,40.0605,-75.0823,1435.0,6,0,0,0,0,0,0,0,0,,0,0,0,14,1,1,1,,0.0,40 03:38.000,,0,75 04:56.416,4,0,0,0,67301,1,0,0,N,1,0,0,2,67301,1,,1,1,,Y,Y,,0,,0,0,0,3,2,,1430,1,2,0,0,0,0,0,3,4,0,1,3,,N,,,,,,,,,,,
2006081454,1755.0,2,0,0,0,0,0,0,0,0,2,0,,67,2,2006,6,,,1755.0,6,0,0,0,0,0,0,1,0,,0,0,0,17,3,0,1,,0.0,,,0,,0,0,0,0,67301,0,0,0,N,0,0,0,2,67301,0,,1,1,,N,N,,0,,0,0,0,3,3,,1745,0,2,0,0,0,0,0,3,3,0,2,3,,N,,,,,,,,,,,
2006081470,41.0,2,0,0,0,0,0,0,0,0,7,0,,67,6,2006,1,39.9714,-75.1594,41.0,6,0,0,0,0,1,0,0,0,2.0,0,0,0,0,3,2,1,,2.0,39 58:17.000,7.0,0,75 09:33.789,4,0,0,0,67301,0,0,0,N,0,0,0,2,67301,2,,3,1,,N,N,,0,,0,0,0,3,2,Y,41,2,2,0,0,1,0,0,3,4,0,2,3,,N,,,,,,,,,,,
2006081565,1550.0,2,0,0,0,0,0,0,0,0,4,0,,67,7,2006,6,40.0036,-75.1812,1547.0,6,0,0,0,0,0,1,0,0,,0,0,0,15,1,2,1,,0.0,40 00:13.000,,0,75 10:52.679,8,0,0,0,67301,0,0,0,N,0,0,0,5,67301,0,,1,1,,N,N,,0,,0,0,0,3,2,,1537,2,2,0,0,0,2,0,3,4,0,2,3,,N,,,,,,,,,,,
2006081624,2155.0,1,0,0,0,0,0,0,0,0,1,0,,67,5,2006,2,,,2150.0,6,0,0,0,0,0,0,0,0,,0,0,0,21,3,1,0,,0.0,,,0,,4,0,0,0,67301,0,0,0,N,0,0,0,5,67301,1,,1,9,,N,N,,0,,0,0,2,3,3,,2149,1,3,0,0,0,0,0,3,3,0,3,3,,N,,,,,,,,,,,
2006081669,911.0,1,0,0,0,0,0,0,0,0,4,0,,67,6,2006,5,39.997,-75.1786,910.0,6,0,0,0,0,1,0,0,0,,0,0,0,9,1,1,1,,0.0,39 59:49.000,,0,75 10:42.921,4,0,0,0,67301,0,0,0,N,0,0,0,2,67301,1,,1,1,,N,N,,0,,0,0,1,2,3,,910,1,2,0,0,0,0,0,3,4,0,2,3,,N,,,,,,,,,,,
2006113073,615.0,1,0,0,0,0,0,0,0,0,5,0,,67,9,2006,7,39.9339,-75.1693,611.0,6,0,0,0,0,0,0,0,0,1.0,0,0,0,6,5,0,0,,2.0,39 56:02.083,2.0,0,75 10:09.647,0,0,0,0,67301,0,0,0,N,0,0,0,1,67301,0,,1,1,,N,N,,0,,0,0,1,0,0,Y,609,0,2,0,0,0,0,0,3,4,0,2,3,,N,,,,,,,,,,,
2006115773,2306.0,4,0,0,0,0,0,0,0,0,2,0,,67,9,2006,7,39.9606,-75.2286,2303.0,6,0,0,0,0,0,0,0,0,,0,0,0,22,3,0,0,,0.0,39 57:38.286,,0,75 13:42.906,9,0,0,0,67301,0,0,0,,0,0,0,4,67301,0,,1,1,,,,,0,,0,0,0,0,0,,2216,0,4,0,0,0,0,4,3,4,0,4,3,,N,,,,,,,,,,,
2006113303,1815.0,1,0,0,0,0,0,0,0,0,4,0,,67,10,2006,7,39.9573,-75.2153,1813.0,6,0,0,0,0,0,0,0,0,,0,0,0,17,1,0,1,,0.0,39 57:26.000,,0,75 12:55.208,9,0,0,0,67301,0,0,0,N,0,0,0,2,67301,0,,1,1,,N,N,,0,,0,0,1,3,2,,1755,0,2,0,0,0,0,2,3,4,0,2,3,,N,,,,,,,,,,,
2006113376,2213.0,2,0,0,0,0,0,0,0,0,4,0,,67,9,2006,6,39.9579,-75.1641,2210.0,6,0,0,0,0,0,0,0,0,,0,0,0,22,3,3,2,,0.0,39 57:27.000,,0,75 09:50.847,3,0,0,0,67301,0,0,0,N,0,0,0,6,67301,1,,1,1,,N,N,,0,,2,0,0,3,2,,2210,3,2,0,0,0,0,2,3,4,0,2,3,,N,,,,,,,,,,,
2006113379,1430.0,1,0,0,0,0,0,0,0,0,1,0,,67,10,2006,2,39.9583,-75.1658,1425.0,6,0,0,0,0,0,0,0,0,,0,0,0,14,1,2,3,,0.0,39 57:30.445,,0,75 09:54.640,8,0,0,0,67301,0,0,0,N,0,0,0,3,67301,0,,1,1,,N,N,,0,,0,0,1,3,2,,1415,2,2,0,0,0,2,0,3,4,0,2,3,,N,,,,,,,,,,,
2006105811,1735.0,2,0,0,0,0,0,0,0,0,2,0,,67,8,2006,1,39.9074,-75.1903,1724.0,6,0,0,0,0,0,0,0,0,,0,0,0,17,1,5,0,,0.0,39 54:27.000,,7,75 11:24.720,3,0,0,0,67301,0,0,0,,0,0,0,6,67301,0,,1,1,,N,N,,0,,1,0,0,0,0,,1700,5,2,0,0,1,4,1,3,4,0,2,3,,N,,,,,,,,,,,
2006105825,1120.0,2,0,0,0,0,0,0,0,0,4,0,,67,8,2006,2,40.0325,-75.1242,1118.0,6,0,0,0,0,0,1,0,0,,0,0,0,11,1,2,1,,0.0,40 01:57.154,,0,75 07:27.076,4,0,0,0,67301,0,0,0,N,0,0,0,3,67301,2,,1,1,,N,N,,0,,0,0,0,3,2,,1117,2,2,0,0,0,0,0,3,4,0,2,3,,N,,,,,,,,,,,
2006105834,901.0,1,0,0,0,0,0,0,0,0,1,0,,67,8,2006,1,39.9289,-75.1974,855.0,6,0,0,0,0,0,1,0,0,,0,0,0,8,1,2,3,,0.0,39 55:44.158,,0,75 11:50.517,3,0,0,0,67301,0,0,0,N,0,0,0,2,67301,0,,1,9,,N,N,,0,,1,0,1,0,0,,844,2,2,0,0,0,1,0,3,4,0,2,7,,N,,,,,,,,,,,
2006105838,1020.0,2,0,0,0,0,0,0,0,0,4,0,,67,8,2006,6,40.0356,-75.1383,1015.0,6,0,0,0,0,0,2,0,0,,0,0,0,10,1,2,5,,0.0,40 02:08.293,,0,75 08:17.987,3,0,0,0,67301,0,0,0,N,0,0,0,2,67301,1,,1,1,,N,N,,0,,1,0,0,3,2,,1005,2,2,0,0,2,0,0,3,4,0,2,3,,N,,,,,,,,,,,
2006124202,1750.0,1,0,0,0,0,0,0,0,0,8,0,,67,10,2006,3,,,1724.0,6,0,0,0,0,0,0,0,0,,0,0,0,17,1,1,0,,0.0,,,0,,4,0,0,0,67301,1,0,0,N,1,0,0,2,67301,1,,1,9,,N,Y,,0,,0,0,0,0,0,,1720,1,2,0,0,0,0,0,3,3,0,1,7,,N,,,,,,,,,,,
2006035793,1550.0,2,0,0,0,0,0,0,0,0,7,0,,67,2,2006,7,40.0321,-75.1456,1500.0,6,0,0,0,0,0,1,0,0,,0,0,0,15,1,2,2,,0.0,40 01:55.606,,0,75 08:44.332,3,0,0,0,67301,0,0,0,N,0,0,0,3,67301,1,,5,1,,N,N,,0,,1,0,0,0,0,,1545,2,2,0,0,1,0,0,3,4,0,2,3,,N,,,,,,,,,,,
2006054045,1814.0,1,0,0,0,0,0,0,0,0,7,0,,67,5,2006,3,40.1288,-75.0089,1806.0,6,0,0,0,0,0,0,0,0,,0,0,0,18,1,0,0,,0.0,40 07:43.820,,0,75 00:32.036,0,0,0,0,67301,0,0,0,,0,0,0,2,67301,0,,2,1,,,,,0,,0,0,0,0,0,,1804,0,1,0,0,0,0,0,3,4,0,1,3,,N,,,,,,,,,,,