CRN,ARRIVAL_TM,AUTOMOBILE_COUNT,BELTED_DEATH_COUNT,BELTED_SUSP_SERIOUS_INJ_COUNT,BICYCLE_COUNT,BICYCLE_DEATH_COUNT,BICYCLE_SUSP_SERIOUS_INJ_COUNT,BUS_COUNT,CHLDPAS_DEATH_COUNT,CHLDPAS_SUSP_SERIOUS_INJ_COUNT,COLLISION_TYPE,COMM_VEH_COUNT,CONS_ZONE_SPD_LIM,COUNTY,CRASH_MONTH,CRASH_YEAR,DAY_OF_WEEK,DEC_LAT,DEC_LONG,DISPATCH_TM,DISTRICT,DRIVER_COUNT_16YR,DRIVER_COUNT_17YR,DRIVER_COUNT_18YR,DRIVER_COUNT_19YR,DRIVER_COUNT_20YR,DRIVER_COUNT_50_64YR,DRIVER_COUNT_65_74YR,DRIVER_COUNT_75PLUS,EST_HRS_CLOSED,FATAL_COUNT,HEAVY_TRUCK_COUNT,HORSE_BUGGY_COUNT,HOUR_OF_DAY,ILLUMINATION,INJURY_COUNT,INTERSECT_TYPE,INTERSECTION_RELATED,LANE_CLOSED,LATITUDE,LN_CLOSE_DIR,LOCATION_TYPE,LONGITUDE,MAX_SEVERITY_LEVEL,MCYCLE_DEATH_COUNT,MCYCLE_SUSP_SERIOUS_INJ_COUNT,MOTORCYCLE_COUNT,MUNICIPALITY,NONMOTR_COUNT,NONMOTR_DEATH_COUNT,NONMOTR_SUSP_SERIOUS_INJ_COUNT,NTFY_HIWY_MAINT,PED_COUNT,PED_DEATH_COUNT,PED_SUSP_SERIOUS_INJ_COUNT,PERSON_COUNT,POLICE_AGCY,POSSIBLE_INJ_COUNT,RDWY_SURF_TYPE_CD,RELATION_TO_ROAD,ROAD_CONDITION,ROADWAY_CLEARED,SCH_BUS_IND,SCH_ZONE_IND,SECONDARY_CRASH,SMALL_TRUCK_COUNT,SPEC_JURIS_CD,SUSP_MINOR_INJ_COUNT,SUSP_SERIOUS_INJ_COUNT,SUV_COUNT,TCD_FUNC_CD,TCD_TYPE,TFC_DETOUR_IND,TIME_OF_DAY,TOT_INJ_COUNT,TOTAL_UNITS,UNB_DEATH_COUNT,UNB_SUSP_SERIOUS_INJ_COUNT,UNBELTED_OCC_COUNT,UNK_INJ_DEG_COUNT,UNK_INJ_PER_COUNT,URBAN_AREA,URBAN_RURAL,VAN_COUNT,VEHICLE_COUNT,WEATHER1,WEATHER2,WORK_ZONE_IND,WORK_ZONE_LOC,WORK_ZONE_TYPE,WORKERS_PRES,WZ_CLOSE_DETOUR,WZ_FLAGGER,WZ_LAW_OFFCR_IND,WZ_LN_CLOSURE,WZ_MOVING,WZ_OTHER,WZ_SHLDER_MDN,WZ_WORKERS_INJ_KILLED
2006054086,1050.0,0,0,0,0,0,0,0,0,0,8,0,,67,4,2006,7,39.9945,-75.1593,1045.0,6,0,0,0,0,0,0,0,0,,0,0,0,10,1,1,1,,0.0,39 59:40.200,,0,75 09:33.840,4,0,0,0,67301,1,0,0,N,1,0,0,9,67301,1,,1,9,,N,N,,0,,0,0,0,3,2,,1040,1,2,0,0,0,0,0,3,4,1,1,7,,N,,,,,,,,,,,
2006054122,840.0,0,0,0,0,0,0,0,0,0,4,0,,67,5,2006,4,,,837.0,6,0,0,0,0,0,0,0,0,,0,0,0,8,1,1,1,,0.0,,,0,,4,0,0,0,67301,0,0,0,N,0,0,0,2,67301,1,,1,1,,N,N,,1,,0,0,0,3,3,,835,1,2,0,0,0,0,0,3,3,1,2,3,,N,,,,,,,,,,,
2006054048,1850.0,1,0,0,0,0,0,0,0,0,1,0,,67,4,2006,1,39.9574,-75.1587,1845.0,6,0,0,0,0,0,0,0,0,1.0,0,0,0,18,1,0,0,,1.0,39 57:26.280,4.0,0,75 09:31.320,0,0,0,0,67301,0,0,0,N,0,0,0,4,67301,0,,1,1,,N,N,,1,,0,0,0,0,0,N,1844,0,2,0,0,0,0,0,3,4,0,2,3,,N,,,,,,,,,,,
2006036837,750.0,0,0,0,0,0,0,0,0,0,8,0,,67,1,2006,6,40.0612,-75.0789,750.0,6,0,0,0,0,0,0,0,0,,0,0,0,7,1,1,1,,0.0,40 03:40.392,,0,75 04:44.129,3,0,0,0,67301,1,0,0,N,1,0,0,2,67301,0,,1,9,,N,Y,,1,,1,0,0,3,3,,748,1,2,0,0,0,0,0,3,4,0,1,5,,N,,,,,,,,,,,
2006036865,2145.0,1,0,0,0,0,0,0,0,0,5,0,,67,3,2006,3,39.8934,-75.2214,2139.0,6,0,0,0,0,0,0,0,0,1.0,0,0,0,21,3,2,0,,2.0,39 53:38.000,3.0,0,75 14:09.815,4,0,0,0,67301,0,0,0,N,0,0,0,3,67301,2,,1,1,,N,N,,0,,0,0,1,0,0,N,2137,2,2,0,0,2,0,0,3,4,0,2,3,,N,,,,,,,,,,,
2006037222,1540.0,1,0,0,1,0,0,0,0,0,4,0,,67,2,2006,4,39.9508,-75.1638,1535.0,6,0,0,0,0,0,0,0,0,,0,0,0,15,1,1,1,,0.0,39 57:03.000,,0,75 09:49.675,4,0,0,0,67301,1,0,0,,0,0,0,2,67301,1,,1,1,,N,N,,0,,0,0,0,3,2,,1532,1,2,0,0,0,0,1,3,4,0,1,3,,N,,,,,,,,,,,
2006037235,2248.0,2,0,0,0,0,0,0,0,0,4,0,,67,1,2006,2,,,2246.0,6,0,0,0,0,0,0,0,0,,0,0,0,22,3,0,1,,0.0,,,0,,0,0,0,0,67301,0,0,0,,0,0,0,2,67301,0,,1,1,,N,N,,0,,0,0,0,2,2,,2246,0,2,0,0,0,0,0,3,3,0,2,3,,N,,,,,,,,,,,
2006037368,1401.0,2,0,0,0,0,0,0,0,0,4,0,,67,2,2006,4,,,1339.0,6,0,0,0,0,0,0,0,0,,0,0,0,13,1,1,0,,0.0,,,0,,4,0,0,0,67301,0,0,0,N,0,0,0,2,67301,1,,1,1,,N,N,,0,,0,0,0,0,0,,1339,1,2,0,0,0,0,0,3,3,0,2,3,,N,,,,,,,,,,,
2006018676,2108.0,2,0,0,0,0,0,0,0,0,4,0,,67,1,2006,4,39.9738,-75.2582,106.0,6,0,0,0,0,0,0,0,0,,0,0,0,20,6,2,1,,0.0,39 58:25.000,,0,75 15:29.444,8,0,0,0,67301,0,0,0,N,0,0,0,3,67301,0,,1,1,,N,N,,0,,0,0,0,3,2,,2000,2,2,0,0,0,2,0,3,4,0,2,3,,N,,,,,,,,,,,
2006018678,755.0,2,0,0,0,0,0,0,0,0,4,0,,67,1,2006,3,40.0606,-75.1776,745.0,6,0,0,0,1,0,0,0,0,,0,0,0,7,1,2,1,,0.0,40 03:38.260,,0,75 10:39.323,4,0,0,0,67301,0,0,0,N,0,0,0,2,67301,2,,1,9,,N,N,,0,,0,0,0,9,3,,728,2,2,0,0,2,0,0,3,4,0,2,7,,N,,,,,,,,,,,
2006092368,241.0,0,0,0,0,0,0,0,0,0,0,0,,67,8,2006,4,39.9348,-75.1426,240.0,6,0,0,0,0,0,0,0,0,,0,0,0,2,3,1,2,,0.0,39 56:05.000,,0,75 08:32.651,3,0,0,1,67301,0,0,0,N,0,0,0,1,67301,0,,1,1,,N,N,,0,,1,0,0,3,2,,230,1,2,0,0,0,0,0,3,4,0,1,3,,N,,,,,,,,,,,
2006053766,1540.0,1,0,0,0,0,0,0,0,0,8,0,,67,4,2006,6,,,1530.0,6,0,0,0,0,1,0,0,0,,0,0,0,15,1,1,1,,0.0,,,0,,4,0,0,0,67301,1,0,0,N,1,0,0,2,67301,1,,1,1,,N,N,,0,,0,0,0,3,2,,1510,1,2,0,0,0,0,0,3,3,0,1,3,,N,,,,,,,,,,,
2006053784,1307.0,1,0,0,0,0,0,0,0,0,7,0,,67,4,2006,1,,,1306.0,6,0,0,0,0,0,0,0,0,2.0,0,0,0,13,1,4,0,,1.0,,4.0,0,,3,0,0,0,67301,0,0,0,N,0,0,0,4,67501,0,,5,1,,N,N,,0,,4,0,0,0,0,N,1304,4,1,0,0,3,0,0,3,3,0,1,3,,N,,,,,,,,,,,
2006053803,1705.0,1,0,0,1,0,0,0,0,0,4,0,,67,4,2006,1,40.0443,-75.0541,1658.0,6,0,0,0,0,0,0,0,0,,0,0,0,16,1,1,1,,0.0,40 02:40.000,,0,75 03:16.876,4,0,0,0,67301,1,0,0,N,0,0,0,2,67301,1,,1,1,,N,N,,0,,0,0,0,3,2,,1658,1,2,0,0,0,0,0,3,4,0,1,3,,N,,,,,,,,,,,
2006020528,1831.0,3,0,0,0,0,0,0,0,0,1,0,,67,1,2006,4,39.9623,-75.1613,830.0,6,0,0,0,0,0,0,0,0,,0,0,0,8,1,1,1,,0.0,39 57:44.000,,0,75 09:40.892,4,0,0,0,67301,0,0,0,N,0,0,0,4,67301,1,,1,9,,N,N,,0,,0,0,0,0,0,,820,1,3,0,0,4,0,0,3,4,0,3,7,,N,,,,,,,,,,,
2006020532,1402.0,2,0,0,0,0,0,0,0,0,1,0,,67,1,2006,7,40.032,-75.0211,1349.0,6,0,0,2,0,0,0,0,0,1.0,0,0,0,13,1,0,0,,1.0,40 01:54.000,1.0,0,75 01:16.174,0,0,0,0,67301,0,0,0,N,0,0,0,2,67301,0,,1,1,,N,N,,0,,0,0,0,0,0,N,1349,0,2,0,0,0,0,0,3,4,0,2,3,,N,,,,,,,,,,,
2006094877,726.0,1,0,0,0,0,0,0,0,0,4,0,,67,7,2006,2,40.0594,-75.0859,725.0,6,0,0,0,0,0,0,0,0,,0,0,0,7,1,1,1,,0.0,40 03:33.000,,0,75 05:09.201,4,0,0,0,67301,0,0,0,N,0,0,0,2,67301,1,,1,1,,N,N,,0,,0,0,1,3,2,,720,1,2,0,0,0,0,0,3,4,0,2,3,,N,,,,,,,,,,,
2006094912,108.0,2,0,0,0,0,0,0,0,0,1,0,,67,8,2006,6,40.0145,-75.0555,105.0,6,0,0,1,0,0,0,0,0,2.0,0,0,0,1,3,3,0,,2.0,40 00:52.000,2.0,0,75 03:20.186,4,0,0,0,67301,0,0,0,N,0,0,0,3,67301,2,,1,1,,N,N,,0,,0,0,0,0,0,N,100,3,2,0,0,0,1,0,3,4,0,2,3,,N,,,,,,,,,,,
2006094918,1739.0,1,0,0,0,0,0,0,0,0,4,0,,67,7,2006,7,40.1167,-75.0198,1730.0,6,0,0,0,0,1,0,0,0,3.0,0,0,0,17,1,2,1,,1.0,40 06:59.000,2.0,0,75 01:11.219,4,0,0,0,67301,0,0,0,N,0,0,0,3,67301,2,,1,1,,N,N,,0,,0,0,1,3,2,Y,1730,2,2,0,0,0,0,0,3,4,0,2,3,,N,,,,,,,,,,,
2006094922,1702.0,1,0,0,0,0,0,0,0,0,4,0,,67,8,2006,7,39.9809,-75.2465,1655.0,6,0,0,0,0,0,0,0,0,,0,0,0,15,1,1,1,,0.0,39 58:51.252,,0,75 14:47.556,2,0,0,0,67301,0,0,0,N,0,0,0,3,67301,0,,1,1,,N,N,,1,,0,1,0,3,2,,1503,1,2,0,0,0,0,2,3,4,0,2,3,,N,,,,,,,,,,,
2006055832,1935.0,0,0,0,0,0,0,0,0,0,8,0,,67,3,2006,4,40.0758,-75.2097,1929.0,6,0,0,0,0,0,1,0,0,,0,0,0,99,1,1,0,,0.0,40 04:32.948,,0,75 12:34.776,4,0,0,0,67301,1,0,0,N,1,0,0,2,67301,1,,6,1,,N,N,,0,,0,0,1,0,0,,9999,1,2,0,0,0,0,1,3,4,0,1,3,,N,,,,,,,,,,,
2006056255,1343.0,2,0,0,0,0,0,0,0,0,1,0,,67,4,2006,7,,,1332.0,6,0,0,0,0,0,0,0,0,,0,0,0,13,1,1,1,,0.0,,,0,,4,0,0,0,67301,0,0,0,N,0,0,0,3,67301,1,,1,1,,N,N,,0,,0,0,0,3,3,,1330,1,2,0,0,0,0,0,3,3,0,2,3,,N,,,,,,,,,,,
2006092875,1645.0,2,0,0,0,0,0,0,0,0,4,0,,67,8,2006,6,40.049,-75.0947,1639.0,6,0,1,1,0,0,0,0,0,,0,0,0,15,1,2,1,,0.0,40 02:56.557,,0,75 05:40.778,4,0,0,0,67301,0,0,0,N,0,0,0,3,67301,1,,1,1,,N,N,,0,,0,0,0,9,3,,1550,2,2,0,0,0,1,0,3,4,0,2,3,,N,,,,,,,,,,,
2006081130,1730.0,0,0,0,0,0,0,0,0,0,8,0,,67,7,2006,4,,,1720.0,6,0,0,0,0,0,0,0,0,,0,0,0,99,1,1,1,,0.0,,,0,,4,0,0,0,67301,1,0,0,N,1,0,0,2,67301,1,,1,1,,N,N,,0,,0,0,0,0,0,,9999,1,2,0,0,0,0,1,3,3,0,1,3,,N,,,,,,,,,,,
2006081386,1303.0,1,0,0,0,0,0,0,0,0,8,0,,67,7,2006,3,40.0453,-75.0588,1252.0,6,0,0,0,0,0,0,0,0,,0,0,0,12,1,1,0,,0.0,40 02:43.242,,0,75 03:31.816,3,0,0,0,67301,1,0,0,N,1,0,0,3,67301,0,,1,1,,N,N,,0,,1,0,0,0,0,,1248,1,2,0,0,0,0,0,3,4,0,1,3,,N,,,,,,,,,,,
2006081528,1935.0,2,0,0,0,0,0,0,0,0,1,0,,67,5,2006,7,,,1908.0,6,0,0,0,1,0,0,0,0,,0,0,0,19,1,1,0,,0.0,,,0,,4,0,0,0,67301,0,0,0,N,0,0,0,3,67301,1,,1,1,,N,N,,0,,0,0,0,0,0,,1908,1,2,0,0,0,0,0,3,3,0,2,3,,N,,,,,,,,,,,
2006081423,1940.0,1,0,0,0,0,0,0,0,0,2,0,,67,4,2006,2,40.0707,-75.0714,1936.0,6,0,0,0,0,0,1,0,1,,0,0,0,17,4,1,1,,0.0,40 04:14.000,,0,75 04:16.970,2,0,0,1,67301,0,0,0,N,0,0,0,2,67301,0,,1,1,,N,N,,0,,0,1,0,0,0,,1730,1,2,0,1,1,0,0,3,4,0,2,3,,N,,,,,,,,,,,
2006081571,2224.0,1,0,0,0,0,0,0,0,0,8,0,,67,6,2006,6,40.0444,-75.0761,2220.0,6,0,0,0,0,0,0,0,0,,0,0,0,22,3,1,0,,0.0,40 02:39.897,,0,75 04:34.132,8,0,0,0,67301,1,0,0,N,1,0,0,2,67301,0,,1,1,,N,N,,0,,0,0,0,0,0,,2200,1,2,0,0,1,1,0,3,4,0,1,3,,N,,,,,,,,,,,
2006081613,231.0,2,0,0,0,0,0,0,0,0,6,0,,67,5,2006,6,40.0423,-75.0289,227.0,6,0,0,0,1,0,0,0,0,,0,0,0,2,3,1,1,,0.0,40 02:32.000,,0,75 01:44.144,8,0,0,0,67301,0,0,0,N,0,0,0,2,67301,0,,1,9,,N,N,,0,,0,0,0,3,3,,224,1,2,0,0,0,1,0,3,4,0,2,7,,N,,,,,,,,,,,
2006081655,1548.0,2,0,0,0,0,0,0,0,0,4,0,,67,7,2006,4,40.0097,-75.1965,1545.0,6,0,0,0,0,0,0,1,0,,0,0,0,15,1,2,3,,0.0,40 00:35.000,,0,75 11:47.299,8,0,0,0,67301,0,0,0,N,0,0,0,4,67301,0,,1,1,,N,N,,0,,0,0,0,3,4,,1530,2,2,0,0,0,2,0,3,4,0,2,3,,N,,,,,,,,,,,
2006081675,1130.0,0,0,0,0,0,0,0,0,0,8,0,,67,7,2006,7,,,1127.0,6,0,0,0,0,0,0,0,0,1.0,0,0,0,11,1,1,1,,2.0,,7.0,0,,8,0,0,0,67301,1,0,0,N,1,0,0,2,67301,0,,1,1,,N,N,,0,,0,0,0,3,3,N,1123,1,2,0,0,0,1,0,3,3,1,1,3,,N,,,,,,,,,,,
2006113079,757.0,0,0,0,1,0,0,0,0,0,4,0,,67,9,2006,6,39.9274,-75.1604,752.0,6,0,0,0,0,0,0,0,0,,0,0,0,7,1,1,1,,0.0,39 55:38.623,,0,75 09:37.450,3,0,0,0,67301,1,0,0,N,0,0,0,3,67301,0,,1,9,,N,N,,0,,1,0,1,0,0,,750,1,2,0,0,0,0,0,3,4,0,1,3,,N,,,,,,,,,,,
2006113330,825.0,2,0,0,0,0,0,0,0,0,4,0,,67,10,2006,2,40.0358,-75.1255,821.0,6,0,0,0,0,0,0,0,0,,0,0,0,8,1,2,1,,0.0,40 02:08.000,,0,75 07:31.840,3,0,0,0,67301,0,0,0,N,0,0,0,3,67301,1,,1,1,,N,N,,0,,1,0,0,3,2,,817,2,2,0,0,0,0,0,3,4,0,2,3,,N,,,,,,,,,,,
2006113346,1530.0,2,0,0,0,0,0,0,0,0,1,0,,67,9,2006,6,40.1224,-74.9989,1518.0,6,0,0,1,0,0,0,0,0,,0,0,0,99,1,2,2,,0.0,40 07:20.666,,0,74 59:56.071,8,0,0,0,67301,0,0,0,N,0,0,0,3,67301,0,,1,1,,N,N,,0,,0,0,0,0,0,,9999,2,2,0,0,0,2,0,3,4,0,2,3,,N,,,,,,,,,,,
2006115859,1935.0,1,0,0,0,0,0,0,0,0,8,0,,67,10,2006,3,40.0383,-75.1446,1927.0,6,0,0,0,0,0,0,0,0,,0,0,0,7,1,1,2,,0.0,40 02:17.739,,0,75 08:40.646,8,0,0,0,67301,1,0,0,N,1,0,0,2,67301,0,,1,1,,N,Y,,0,,0,0,0,3,3,,745,1,2,0,0,0,1,1,3,4,0,1,3,,N,,,,,,,,,,,
2006116077,1701.0,1,0,0,0,0,0,0,0,0,4,0,,67,10,2006,5,40.0023,-75.1338,1658.0,6,0,0,0,0,0,1,0,0,,0,0,0,16,1,1,1,,0.0,40 00:08.150,,0,75 08:01.561,4,0,0,0,67301,0,0,0,N,0,0,0,3,67301,1,,1,1,,N,N,,0,,0,0,0,3,3,,1656,1,2,0,0,1,0,1,3,4,1,2,3,,N,,,,,,,,,,,
2006093167,1735.0,1,0,0,0,0,0,0,0,0,2,0,,67,7,2006,6,40.0283,-75.1201,1733.0,6,0,0,0,0,0,1,0,0,,0,0,0,15,1,1,1,,0.0,40 01:41.000,,0,75 07:12.416,4,0,0,0,67301,0,0,0,N,0,0,0,2,67301,1,,1,9,,N,N,,0,,0,0,0,3,2,,1546,1,2,0,0,0,0,0,3,4,1,2,7,,N,,,,,,,,,,,
2006054235,1753.0,3,0,0,0,0,0,0,0,0,4,0,,67,4,2006,5,39.9708,-75.1223,1750.0,6,0,0,0,0,0,2,0,0,,0,0,0,17,1,2,1,,0.0,39 58:14.817,,0,75 07:20.188,4,0,0,0,67301,0,0,0,,0,0,0,5,67301,2,,1,1,,N,N,,0,,0,0,0,0,0,,1749,2,3,0,0,0,0,0,3,4,0,3,3,,N,,,,,,,,,,,
2006025517,1850.0,2,0,0,0,0,0,0,0,0,4,0,,67,1,2006,4,40.0538,-75.2312,1847.0,6,0,0,0,0,0,1,0,0,2.0,0,0,0,18,3,0,1,,1.0,40 03:13.000,2.0,0,75 13:51.734,0,0,0,0,67301,0,0,0,N,0,0,0,2,67301,0,,1,9,,N,N,,0,,0,0,0,3,2,N,1845,0,2,0,0,0,0,0,3,4,0,2,7,,N,,,,,,,,,,,
2006035780,1105.0,2,0,0,0,0,0,0,0,0,1,0,,67,2,2006,3,40.0192,-75.1442,1059.0,6,0,0,0,0,1,1,0,0,,0,0,0,99,1,1,1,,0.0,40 01:09.000,,0,75 08:37.486,4,0,0,0,67301,0,0,0,N,0,0,0,2,67301,1,,1,1,,N,N,,0,,0,0,0,0,0,,9999,1,2,0,0,0,0,0,3,4,0,2,3,,N,,,,,,,,,,,
2006093139,1500.0,2,0,0,0,0,0,0,0,0,4,0,,67,6,2006,6,40.0942,-75.0308,1450.0,6,0,1,0,0,0,0,0,0,,0,0,0,14,1,1,1,,0.0,40 05:38.000,,0,75 01:51.337,8,0,0,0,67301,0,0,0,N,0,0,0,2,67301,0,,1,1,,N,N,,0,,0,0,0,9,2,,1440,1,2,0,0,2,1,0,3,4,0,2,3,,N,,,,,,,,,,,
2006054044,2036.0,0,0,0,0,0,0,0,0,0,8,0,,67,4,2006,1,,,2028.0,6,0,0,0,0,0,0,0,0,,0,0,0,20,3,1,0,,0.0,,,0,,8,0,0,0,67301,1,0,0,,1,0,0,2,67301,0,,1,1,,,,,1,,0,0,0,0,0,,2027,1,2,0,0,0,1,0,3,3,0,1,3,,N,,,,,,,,,,,
2006036892,1705.0,1,0,0,0,0,0,0,0,0,8,0,,67,3,2006,2,39.9518,-75.1718,1700.0,6,0,0,0,0,0,1,0,0,,0,0,0,16,1,1,1,,0.0,39 57:06.000,,0,75 10:18.415,3,0,0,0,67301,1,0,0,N,1,0,0,2,67301,0,,1,1,,N,N,,0,,1,0,0,0,0,,1645,1,2,0,0,1,0,0,3,4,0,1,3,,N,,,,,,,,,,,
2006039552,2215.0,3,0,0,0,0,0,0,0,0,1,0,,67,2,2006,5,,,2212.0,6,0,0,1,0,0,0,0,0,,0,0,0,22,3,0,0,,0.0,,,0,,0,0,0,0,67301,0,0,0,N,0,0,0,1,67301,0,,6,9,,N,N,,0,,0,0,0,0,0,,2212,0,3,0,0,0,0,0,3,3,0,3,3,,N,,,,,,,,,,,
2006037233,1850.0,1,0,0,0,0,0,0,0,0,8,0,,67,2,2006,6,,,1830.0,6,0,0,0,0,0,0,0,0,,0,0,0,99,5,1,0,,0.0,,,0,,8,0,0,0,67301,1,0,0,,1,0,0,2,67301,0,,1,1,,,,,0,,0,0,0,0,0,,9999,1,2,0,0,0,1,0,3,3,0,1,3,,N,,,,,,,,,,,
2006037176,1905.0,0,0,0,0,0,0,0,0,0,8,0,,67,2,2006,4,40.0431,-75.0738,1900.0,6,0,0,0,0,0,0,0,0,,0,0,0,18,3,1,1,,0.0,40 02:35.000,,0,75 04:25.810,4,0,0,0,67301,1,0,0,,1,0,0,2,67301,1,,1,1,,,,,0,,0,0,1,9,2,,1855,1,2,0,0,0,0,0,3,4,0,1,3,,N,,,,,,,,,,,
2006034887,2052.0,0,0,0,0,0,0,0,0,0,4,0,,67,2,2006,2,,,2050.0,6,0,0,0,0,0,1,0,0,,0,0,0,20,3,2,1,,0.0,,,0,,4,0,0,0,67301,0,0,0,N,0,0,0,2,67301,2,,1,1,,N,N,,2,,0,0,0,3,2,,2045,2,2,0,0,0,0,0,3,3,0,2,3,,N,,,,,,,,,,,
2006021267,923.0,2,0,0,0,0,0,0,0,0,5,0,,67,1,2006,1,40.0047,-75.1521,922.0,6,0,0,0,0,0,0,0,0,,0,0,0,9,1,1,1,,0.0,40 00:16.847,,0,75 09:07.652,8,0,0,0,67301,0,0,0,N,0,0,0,2,67301,0,,1,1,,N,N,,0,,0,0,0,3,3,,922,1,2,0,0,0,1,0,3,4,0,2,3,,N,,,,,,,,,,,
2006019131,1433.0,2,0,0,0,0,0,0,0,0,4,0,,67,1,2006,6,,,1429.0,6,0,0,0,0,0,1,0,0,,0,0,0,14,1,1,0,,0.0,,,0,,8,0,0,0,67301,0,0,0,N,0,0,0,3,67504,0,,1,1,,N,N,,0,,0,0,0,0,0,,1425,1,2,0,0,0,1,0,3,3,0,2,3,,N,,,,,,,,,,,
2006047958,128.0,1,0,0,0,0,0,0,0,0,8,0,,67,1,2006,7,40.014,-75.1579,120.0,6,0,0,0,0,0,0,0,0,9.0,1,0,0,1,3,1,1,,2.0,40 00:50.000,3.0,0,75 09:28.709,1,0,0,0,67301,2,1,0,N,2,1,0,3,67301,0,2.0,1,1,,N,N,,0,0.0,0,0,0,0,0,Y,115,1,3,0,0,0,1,0,3,4,0,1,3,,N,,,,,,,,,,,
2006079473,220.0,2,0,0,0,0,0,0,0,0,4,0,,67,6,2006,6,39.9217,-75.1492,219.0,6,0,1,0,0,0,0,0,0,,0,0,0,2,3,2,1,,0.0,39 55:18.120,,0,75 08:57.480,4,0,0,0,67301,0,0,0,N,0,0,0,3,67301,2,,1,1,,N,N,,0,,0,0,0,3,2,,218,2,2,0,0,1,0,0,3,4,0,2,3,,N,,,,,,,,,,,
2006081911,1415.0,2,0,0,0,0,0,0,0,0,4,0,,67,5,2006,3,39.9597,-75.2352,1415.0,6,0,0,0,0,0,0,0,0,,0,0,0,14,1,0,1,,0.0,39 57:35.000,,0,75 14:06.754,9,0,0,0,67301,0,0,0,N,0,0,0,3,67301,0,,1,1,,N,N,,0,,0,0,0,3,2,,1415,0,2,0,0,0,0,2,3,4,0,2,3,,N,,,,,,,,,,,
2006081940,1330.0,3,0,0,0,0,0,0,0,0,1,0,,67,5,2006,1,39.9964,-75.1135,1330.0,6,0,0,0,0,0,1,0,0,,0,0,0,13,1,2,1,,0.0,39 59:47.000,,0,75 06:48.513,4,0,0,0,67301,0,0,0,N,0,0,0,3,67301,2,,1,1,,N,N,,0,,0,0,0,3,2,,1320,2,3,0,0,1,0,0,3,4,0,3,3,,N,,,,,,,,,,,
2006082032,159.0,2,0,0,0,0,0,0,0,0,7,0,,67,5,2006,3,39.9858,-75.2488,151.0,6,0,0,0,0,0,0,0,0,,0,0,0,1,3,1,0,,0.0,39 59:08.880,,0,75 14:56.400,8,0,0,0,67301,0,0,0,N,0,0,0,1,67301,0,,5,1,,N,N,,0,,0,0,0,0,0,,121,1,2,0,0,0,1,0,3,4,0,2,3,,N,,,,,,,,,,,
2006025408,1903.0,2,0,0,0,0,0,0,0,0,1,0,,67,1,2006,2,40.0538,-75.0491,1901.0,6,0,0,1,0,0,0,0,0,1.0,0,0,0,19,3,1,0,,1.0,40 03:13.000,1.0,0,75 02:56.795,4,0,0,0,67301,0,0,0,N,0,0,0,2,67301,1,,1,1,,N,N,,0,,0,0,0,0,0,N,1901,1,2,0,0,2,0,0,3,4,0,2,3,,N,,,,,,,,,,,
2006022969,1730.0,2,0,0,0,0,0,0,0,0,4,0,,67,1,2006,6,40.0501,-75.0642,1730.0,6,0,0,0,0,0,0,0,0,,0,0,0,17,3,0,1,,0.0,40 03:00.000,,0,75 03:50.378,0,0,0,0,67301,0,0,0,N,0,0,0,6,67301,0,,1,9,,N,N,,1,,0,0,0,3,2,,1730,0,3,0,0,0,0,0,3,4,0,3,5,,N,,,,,,,,,,,
2006053486,9999.0,1,0,0,0,0,0,0,0,0,8,0,,67,4,2006,3,,,806.0,6,0,1,0,0,0,0,0,0,,0,0,0,99,1,2,1,,0.0,,,0,,4,0,0,0,67301,1,0,0,,1,0,0,4,67301,2,,1,1,,,,,0,,0,0,0,9,2,,9999,2,2,0,0,0,0,2,3,3,0,1,3,,N,,,,,,,,,,,
2006094952,1220.0,1,0,0,0,0,0,0,0,0,2,0,,67,7,2006,1,39.9416,-75.238,1214.0,6,0,0,0,0,0,0,1,0,,0,0,0,12,1,1,2,,0.0,39 56:29.602,,0,75 14:16.923,4,0,0,0,67301,0,0,0,Y,0,0,0,3,67301,1,,1,1,,N,N,,0,,0,0,0,3,3,,1214,1,2,0,0,0,0,1,3,4,1,2,3,,N,,,,,,,,,,,
2006055906,1330.0,2,0,0,0,0,0,0,0,0,4,0,,67,3,2006,4,40.0314,-75.1548,1328.0,6,0,0,0,0,0,0,0,1,1.0,0,0,0,13,1,0,1,,1.0,40 01:53.151,3.0,0,75 09:17.114,0,0,0,0,67301,0,0,0,N,0,0,0,3,67301,0,,1,1,,N,N,,0,,0,0,0,3,2,Y,1328,0,2,0,0,0,0,0,3,4,0,2,3,,N,,,,,,,,,,,
2006055838,129.0,1,0,0,0,0,0,0,0,0,7,0,,67,3,2006,1,40.0172,-75.1921,128.0,6,0,0,0,0,0,1,0,0,3.0,0,0,0,1,3,2,0,,2.0,40 01:01.826,6.0,0,75 11:31.513,3,0,0,0,67301,0,0,0,N,0,0,0,2,67301,0,,5,1,,N,N,,1,,2,0,0,0,0,N,125,2,2,0,0,0,0,0,3,4,0,2,3,,N,,,,,,,,,,,
2006092469,1635.0,0,0,0,0,0,0,0,0,0,0,0,,67,8,2006,5,40.0139,-75.1848,1628.0,6,0,0,0,0,0,0,0,0,,0,0,0,16,1,1,0,,0.0,40 00:49.000,,0,75 11:05.443,4,0,0,1,67301,0,0,0,N,0,0,0,1,67301,1,,1,9,,N,N,,0,,0,0,0,0,0,,1625,1,1,0,0,0,0,0,3,4,0,1,3,,N,,,,,,,,,,,