CRN,ARRIVAL_TM,AUTOMOBILE_COUNT,BELTED_DEATH_COUNT,BELTED_SUSP_SERIOUS_INJ_COUNT,BICYCLE_COUNT,BICYCLE_DEATH_COUNT,BICYCLE_SUSP_SERIOUS_INJ_COUNT,BUS_COUNT,CHLDPAS_DEATH_COUNT,CHLDPAS_SUSP_SERIOUS_INJ_COUNT,COLLISION_TYPE,COMM_VEH_COUNT,CONS_ZONE_SPD_LIM,COUNTY,CRASH_MONTH,CRASH_YEAR,DAY_OF_WEEK,DEC_LAT,DEC_LONG,DISPATCH_TM,DISTRICT,DRIVER_COUNT_16YR,DRIVER_COUNT_17YR,DRIVER_COUNT_18YR,DRIVER_COUNT_19YR,DRIVER_COUNT_20YR,DRIVER_COUNT_50_64YR,DRIVER_COUNT_65_74YR,DRIVER_COUNT_75PLUS,EST_HRS_CLOSED,FATAL_COUNT,HEAVY_TRUCK_COUNT,HORSE_BUGGY_COUNT,HOUR_OF_DAY,ILLUMINATION,INJURY_COUNT,INTERSECT_TYPE,INTERSECTION_RELATED,LANE_CLOSED,LATITUDE,LN_CLOSE_DIR,LOCATION_TYPE,LONGITUDE,MAX_SEVERITY_LEVEL,MCYCLE_DEATH_COUNT,MCYCLE_SUSP_SERIOUS_INJ_COUNT,MOTORCYCLE_COUNT,MUNICIPALITY,NONMOTR_COUNT,NONMOTR_DEATH_COUNT,NONMOTR_SUSP_SERIOUS_INJ_COUNT,NTFY_HIWY_MAINT,PED_COUNT,PED_DEATH_COUNT,PED_SUSP_SERIOUS_INJ_COUNT,PERSON_COUNT,POLICE_AGCY,POSSIBLE_INJ_COUNT,RDWY_SURF_TYPE_CD,RELATION_TO_ROAD,ROAD_CONDITION,ROADWAY_CLEARED,SCH_BUS_IND,SCH_ZONE_IND,SECONDARY_CRASH,SMALL_TRUCK_COUNT,SPEC_JURIS_CD,SUSP_MINOR_INJ_COUNT,SUSP_SERIOUS_INJ_COUNT,SUV_COUNT,TCD_FUNC_CD,TCD_TYPE,TFC_DETOUR_IND,TIME_OF_DAY,TOT_INJ_COUNT,TOTAL_UNITS,UNB_DEATH_COUNT,UNB_SUSP_SERIOUS_INJ_COUNT,UNBELTED_OCC_COUNT,UNK_INJ_DEG_COUNT,UNK_INJ_PER_COUNT,URBAN_AREA,URBAN_RURAL,VAN_COUNT,VEHICLE_COUNT,WEATHER1,WEATHER2,WORK_ZONE_IND,WORK_ZONE_LOC,WORK_ZONE_TYPE,WORKERS_PRES,WZ_CLOSE_DETOUR,WZ_FLAGGER,WZ_LAW_OFFCR_IND,WZ_LN_CLOSURE,WZ_MOVING,WZ_OTHER,WZ_SHLDER_MDN,WZ_WORKERS_INJ_KILLED
2006055944,1247.0,1,0,0,0,0,0,0,0,0,1,0,,67,3,2006,1,,,1245.0,6,0,0,0,0,0,0,0,0,1.0,0,0,0,12,1,0,1,,2.0,,1.0,0,,9,0,0,0,67301,0,0,0,N,0,0,0,5,67301,0,,1,9,,N,N,,0,,0,0,2,0,0,N,1240,0,3,0,0,0,0,5,3,3,0,3,7,,N,,,,,,,,,,,
2006055977,1246.0,2,0,0,0,0,0,0,0,0,6,0,,67,3,2006,1,40.0356,-75.1239,1243.0,6,0,0,0,1,1,0,0,0,,0,0,0,12,1,3,1,,0.0,40 02:07.000,,0,75 07:26.064,3,0,0,0,67301,0,0,0,N,0,0,0,4,67301,2,,1,1,,N,N,,0,,1,0,0,3,2,,1247,3,2,0,0,1,0,1,3,4,0,2,3,,N,,,,,,,,,,,
2006055994,1649.0,3,0,0,0,0,0,1,0,0,5,1,,67,3,2006,3,39.9695,-75.2254,1647.0,6,0,0,0,0,0,0,0,0,,0,0,0,16,1,1,0,,0.0,39 58:10.182,,0,75 13:31.324,8,0,0,0,67301,1,0,0,N,0,0,0,2,67301,0,,1,1,,Y,N,,0,,0,0,0,0,0,,1622,1,4,0,0,0,1,0,3,4,0,4,3,,N,,,,,,,,,,,
2006056005,828.0,2,0,0,0,0,0,0,0,0,4,0,,67,3,2006,2,40.0244,-75.1314,824.0,6,0,0,0,0,0,0,0,0,1.0,0,0,0,7,1,2,0,,1.0,40 01:27.000,2.0,0,75 07:53.284,8,0,0,0,67301,0,0,0,N,0,0,0,3,67301,0,,1,1,,N,N,,0,,0,0,0,0,0,N,718,2,2,0,0,0,2,0,3,4,0,2,3,,N,,,,,,,,,,,
2006056111,1700.0,2,0,0,0,0,0,0,0,0,6,0,,67,3,2006,4,,,0.0,6,0,0,0,0,0,0,0,0,,0,0,0,16,1,1,0,,0.0,,,0,,4,0,0,0,67301,0,0,0,,0,0,0,2,67301,1,,1,1,,N,N,,0,,0,0,0,0,0,,1600,1,2,0,0,0,0,0,3,3,0,2,3,,N,,,,,,,,,,,
2006080944,716.0,2,0,0,0,0,0,0,0,0,1,0,,67,6,2006,2,40.0817,-75.0662,714.0,6,0,0,0,0,0,0,0,0,,0,0,0,7,1,1,0,,0.0,40 04:54.000,,0,75 03:58.194,4,0,0,0,67301,0,0,0,,0,0,0,2,67301,1,,1,1,,,,,0,,0,0,0,0,0,,711,1,2,0,0,0,0,0,3,4,0,2,3,,N,,,,,,,,,,,
2006080999,105.0,1,0,0,0,0,0,0,0,0,1,0,,67,6,2006,4,40.0618,-75.0561,105.0,6,0,0,0,0,0,1,0,0,2.0,0,0,0,1,3,1,1,,1.0,40 03:42.000,2.0,0,75 03:22.507,2,0,0,0,67301,0,0,0,N,0,0,0,6,67301,0,,1,1,,N,N,,0,,0,1,0,3,2,N,100,1,2,0,0,0,0,0,3,4,1,2,3,,N,,,,,,,,,,,
2006081156,433.0,1,0,0,0,0,0,0,0,0,1,0,,67,6,2006,4,40.0537,-75.0036,431.0,6,0,0,0,0,0,0,0,0,,0,0,0,4,3,0,0,,0.0,40 03:13.000,,0,75 00:13.046,0,0,0,0,67301,0,0,0,N,0,0,0,1,67301,0,,2,1,,N,N,,1,,0,0,0,0,0,,426,0,2,0,0,0,0,0,3,4,0,2,3,,N,,,,,,,,,,,
2006081354,450.0,0,0,0,0,0,0,0,0,0,7,0,,67,6,2006,1,40.0596,-75.0444,445.0,6,0,0,0,0,0,0,0,0,,0,0,0,4,3,0,0,,0.0,40 03:34.582,,0,75 02:39.728,9,0,0,0,67301,0,0,0,,0,0,0,1,67301,0,,5,1,,N,N,,1,,0,0,0,0,0,,430,0,1,0,0,0,0,1,3,4,0,1,3,,N,,,,,,,,,,,
2006081364,1715.0,0,0,0,0,0,0,0,0,0,8,0,,67,4,2006,6,39.9721,-75.2514,1714.0,6,0,0,0,0,0,0,0,0,,0,0,0,17,1,1,1,,0.0,39 58:19.000,,0,75 15:04.927,4,0,0,0,67301,1,0,0,N,1,0,0,2,67301,1,,1,1,,N,N,,0,,0,0,1,3,2,,1711,1,2,0,0,0,0,1,3,4,0,1,3,,N,,,,,,,,,,,
2006081403,1122.0,1,0,0,0,0,0,0,0,0,5,0,,67,6,2006,4,40.0531,-75.0086,1116.0,6,0,0,0,0,0,0,0,0,,0,0,0,11,1,0,0,,0.0,40 03:11.520,,0,75 00:30.600,0,0,0,0,67301,1,0,0,N,0,0,0,2,67301,0,,1,1,,N,N,,1,,0,0,0,0,0,,1110,0,2,0,0,0,0,0,3,4,0,2,3,,N,,,,,,,,,,,
2006081527,1245.0,1,0,0,0,0,0,0,0,0,4,0,,67,7,2006,5,39.9423,-75.2338,1229.0,6,0,0,0,0,0,0,1,0,,0,0,0,12,1,2,1,,0.0,39 56:32.000,,0,75 14:01.557,3,0,0,0,67301,0,0,0,N,0,0,0,2,67301,1,,1,1,,N,N,,1,,1,0,0,9,2,,1215,2,3,0,0,0,0,0,3,4,1,3,3,,N,,,,,,,,,,,
2006081429,1635.0,0,0,0,0,0,0,0,0,0,1,0,,67,7,2006,2,,,1628.0,6,0,0,0,0,0,0,0,0,1.0,0,0,0,16,1,1,0,,1.0,,2.0,0,,4,0,0,0,67301,0,0,0,N,0,0,0,6,67301,1,,1,1,,N,N,,1,,0,0,0,0,0,Y,1628,1,2,0,0,0,0,0,3,3,1,2,3,,N,,,,,,,,,,,
2006079152,1755.0,2,0,0,0,0,0,0,0,0,4,0,,67,6,2006,4,39.9593,-75.1885,1753.0,6,0,0,0,0,0,0,0,0,,0,0,0,17,1,0,2,,0.0,39 57:33.559,,0,75 11:18.607,9,0,0,0,67301,0,0,0,N,0,0,0,2,67301,0,,3,1,,N,N,,0,,0,0,0,3,3,,1745,0,2,0,0,0,0,1,3,4,0,2,3,,N,,,,,,,,,,,
2006081672,1340.0,0,0,0,0,0,0,0,0,0,8,0,,67,7,2006,4,,,1332.0,6,0,0,0,0,0,1,0,0,,0,0,0,13,1,1,2,,0.0,,,0,,8,0,0,0,67301,1,0,0,N,1,0,0,2,67301,0,,1,1,,N,N,,0,,0,0,1,0,0,,1332,1,2,0,0,0,1,0,3,3,0,1,10,,N,,,,,,,,,,,
2006115762,642.0,2,0,0,0,0,0,0,0,0,4,0,,67,10,2006,7,39.9883,-75.254,637.0,6,0,0,0,0,0,0,0,0,,0,0,0,99,1,0,1,,0.0,39 59:17.000,,0,75 15:14.303,9,0,0,0,67301,0,0,0,N,0,0,0,2,67301,0,,1,9,,N,N,,0,,0,0,0,3,2,,9999,0,2,0,0,0,0,1,3,4,0,2,7,,N,,,,,,,,,,,
2006105724,1930.0,1,0,0,0,0,0,0,0,0,1,0,,67,9,2006,4,40.0553,-75.0858,1920.0,6,0,0,1,0,0,0,0,0,,0,0,0,18,4,2,0,,0.0,40 03:18.000,,0,75 05:08.980,4,0,0,0,67301,0,0,0,,0,0,0,3,67301,2,,1,1,,,,,1,,0,0,0,9,2,,1847,2,2,0,0,0,0,0,3,4,0,2,3,,N,,,,,,,,,,,
2006113308,1248.0,1,0,0,0,0,0,0,0,0,8,0,,67,9,2006,5,40.0287,-75.2055,1213.0,6,0,0,0,0,0,0,0,0,,0,0,0,9,1,1,1,,0.0,40 01:43.000,,0,75 12:20.440,8,0,0,0,67301,1,0,0,N,1,0,0,2,67301,0,,1,1,,N,N,,0,,0,0,0,9,2,,900,1,2,0,0,0,1,1,3,4,0,1,3,,N,,,,,,,,,,,
2006113369,2235.0,2,0,0,0,0,0,0,0,0,1,0,,67,10,2006,2,39.9454,-75.1904,2229.0,6,0,0,0,0,0,0,0,0,1.0,0,0,0,22,3,1,7,,1.0,39 56:43.369,4.0,2,75 11:25.410,4,0,0,0,67301,0,0,0,N,0,0,0,2,67301,1,,7,1,,N,N,,0,,0,0,0,0,0,N,2229,1,2,0,0,0,0,0,3,4,0,2,3,,N,,,,,,,,,,,
2006113390,1925.0,1,0,0,0,0,0,0,0,0,8,0,,67,9,2006,7,40.0168,-75.0668,1922.0,6,0,0,0,0,0,0,0,0,,0,0,0,99,3,1,0,,0.0,40 01:00.310,,0,75 04:00.389,4,0,0,0,67301,1,0,0,N,1,0,0,2,67301,1,,1,1,,N,N,,0,,0,0,0,3,7,,9999,1,2,0,0,0,0,0,3,4,0,1,3,,N,,,,,,,,,,,
2006105814,2036.0,0,0,0,0,0,0,0,0,0,4,0,,67,8,2006,3,39.9894,-75.1072,2036.0,6,0,0,0,0,0,1,0,0,,0,0,0,20,3,3,1,,0.0,39 59:22.000,,0,75 06:26.056,8,0,0,0,67301,0,0,0,N,0,0,0,3,67301,0,,1,1,,N,N,,0,,0,0,0,3,2,,2032,3,2,0,0,0,3,0,3,4,2,2,3,,N,,,,,,,,,,,
2006113461,900.0,2,0,0,0,0,0,0,0,0,1,0,,67,10,2006,6,40.0353,-75.0252,807.0,6,0,0,0,0,0,0,0,0,,0,0,0,8,1,1,1,,0.0,40 02:07.000,,0,75 01:30.753,8,0,0,0,67301,0,0,0,,0,0,0,6,67301,0,,1,1,,N,Y,,0,,0,0,0,3,2,,855,1,2,0,0,0,1,0,3,4,0,2,3,,N,,,,,,,,,,,
2006124211,835.0,1,0,0,0,0,0,0,0,0,7,0,,67,10,2006,7,40.1002,-74.9876,825.0,6,0,0,1,0,0,0,0,0,,0,0,0,8,1,0,6,,0.0,40 06:00.720,,2,74 59:15.360,9,0,0,0,67301,0,0,0,N,0,0,0,1,67301,0,,3,9,,N,N,,0,,0,0,0,0,0,,824,0,1,0,0,0,0,1,3,4,0,1,7,,N,,,,,,,,,,,
2006037218,505.0,1,0,0,0,0,0,0,0,0,7,0,,67,2,2006,4,40.018,-75.0486,500.0,6,0,0,0,0,0,0,0,0,1.0,0,0,0,5,3,0,0,,1.0,40 01:04.000,2.0,0,75 02:55.582,9,0,0,0,67301,0,0,0,Y,0,0,0,1,67301,0,,2,1,,N,N,,0,,0,0,0,0,0,N,500,0,1,0,0,0,0,1,3,4,0,1,3,,N,,,,,,,,,,,
2006022165,1458.0,2,0,0,0,0,0,0,0,0,1,0,,67,1,2006,7,39.9564,-75.1627,1457.0,6,0,0,0,0,1,0,0,0,,0,0,0,14,1,1,0,,0.0,39 57:22.000,,0,75 09:45.149,8,0,0,0,67301,0,0,0,N,0,0,0,3,67301,0,,1,9,,N,N,,0,,0,0,0,0,0,,1445,1,2,0,0,0,1,0,3,4,0,2,7,,N,,,,,,,,,,,
2006023988,1549.0,1,0,0,0,0,0,0,0,0,6,0,,67,2,2006,7,,,1545.0,6,0,0,0,0,0,0,0,0,2.0,0,0,0,15,1,0,0,,1.0,,3.0,0,,0,0,0,0,67301,0,0,0,N,0,0,0,2,67501,0,,1,9,,N,N,,0,,0,0,1,3,8,N,1543,0,2,0,0,0,0,0,3,3,0,2,7,,N,,,,,,,,,,,
2006021324,1650.0,1,0,0,0,0,0,0,0,0,1,0,,67,1,2006,3,40.1104,-74.9929,1642.0,6,0,0,0,0,0,0,0,0,,0,0,0,16,1,1,0,,0.0,40 06:28.000,,2,74 59:40.721,8,0,0,0,67301,0,0,0,N,0,0,0,3,67301,0,,7,1,,N,N,,1,,0,0,0,0,0,,1642,1,2,0,0,0,1,1,3,4,0,2,3,,N,,,,,,,,,,,
2006092367,1600.0,2,0,0,0,0,0,0,0,0,2,0,,67,8,2006,5,,,1556.0,6,0,0,1,0,0,0,0,0,,0,0,0,15,1,4,1,,0.0,,,0,,4,0,0,0,67301,0,0,0,N,0,0,0,4,67301,4,,1,1,,N,N,,0,,0,0,0,3,2,,1520,4,2,0,0,0,0,0,3,3,0,2,3,,N,,,,,,,,,,,
2006092393,1549.0,1,0,0,0,0,0,0,0,0,8,0,,67,8,2006,4,39.9376,-75.2231,1538.0,6,0,0,0,0,0,0,0,0,,0,0,0,15,1,1,1,,0.0,39 56:15.000,,0,75 13:22.974,3,0,0,0,67301,1,0,0,,1,0,0,2,67301,0,,1,1,,,,,0,,1,0,0,3,2,,1507,1,2,0,0,0,0,0,3,4,0,1,3,,N,,,,,,,,,,,
2006081916,1205.0,2,0,0,0,0,0,0,0,0,1,0,,67,6,2006,2,,,1200.0,6,0,0,0,0,0,0,0,0,,0,0,0,12,1,0,1,,0.0,,,0,,0,0,0,0,67301,0,0,0,N,0,0,0,1,67301,0,,1,1,,N,N,,0,,0,0,0,0,0,,1200,0,2,0,0,0,0,0,3,3,0,2,3,,N,,,,,,,,,,,
2006082034,2130.0,0,0,0,0,0,0,0,0,0,8,0,,67,5,2006,2,39.9976,-75.2341,2119.0,6,0,0,0,0,0,0,0,0,,0,0,0,21,3,1,0,,0.0,39 59:51.360,,0,75 14:02.760,4,0,0,0,67301,1,0,0,N,1,0,0,2,67301,1,,1,9,,N,N,,1,,0,0,0,3,7,,2119,1,2,0,0,0,0,0,3,4,0,1,3,,N,,,,,,,,,,,
2006053499,22.0,2,0,0,0,0,0,0,0,0,4,0,,67,4,2006,1,40.0673,-75.1658,12.0,6,0,1,0,0,0,0,0,0,,0,0,0,0,3,4,0,,0.0,40 04:02.000,,0,75 09:56.867,4,0,0,0,67301,0,0,0,N,0,0,0,5,67301,4,,1,9,,N,N,,0,,0,0,0,0,0,,10,4,2,0,0,0,0,0,3,4,0,2,7,,N,,,,,,,,,,,
2006053827,34.0,2,0,0,0,0,0,0,0,0,6,0,,67,4,2006,4,40.1323,-74.9977,32.0,6,0,0,0,0,0,0,0,0,,0,0,0,0,3,1,0,,0.0,40 07:56.143,,0,74 59:51.892,8,0,0,0,67301,0,0,0,N,0,0,0,2,67301,0,,1,1,,N,N,,0,,0,0,0,0,0,,30,1,2,0,0,0,1,0,3,4,0,2,3,,N,,,,,,,,,,,
2006053874,930.0,0,0,0,0,0,0,0,0,0,7,1,,67,4,2006,6,,,920.0,6,0,0,0,0,0,1,0,0,4.0,0,1,0,9,1,0,0,,1.0,,4.0,1,,0,0,0,0,67301,0,0,0,,0,0,0,1,67301,0,,4,1,,,,,0,,0,0,0,0,0,Y,910,0,1,0,0,0,0,0,3,3,0,1,3,,N,,,,,,,,,,,
2006094955,36.0,1,0,0,0,0,0,0,0,0,7,0,,67,7,2006,5,,,9999.0,6,0,0,0,0,0,1,0,0,,0,0,0,0,3,1,0,,0.0,,,0,,8,0,0,0,67301,0,0,0,N,0,0,0,1,67301,0,,5,1,,N,N,,0,,0,0,0,0,0,,36,1,1,0,0,1,1,0,3,3,0,1,3,,N,,,,,,,,,,,
2006055875,406.0,2,0,0,0,0,0,0,0,0,4,0,,67,3,2006,1,40.0148,-75.0855,404.0,6,0,0,0,0,0,0,0,0,,0,0,0,4,3,1,1,,0.0,40 00:53.000,,0,75 05:07.996,4,0,0,0,67301,0,0,0,N,0,0,0,2,67301,1,,1,1,,N,N,,0,,0,0,0,0,0,,402,1,2,0,0,0,0,0,3,4,0,2,3,,N,,,,,,,,,,,
2006055908,1857.0,2,0,0,0,0,0,0,0,0,1,0,,67,3,2006,4,,,1857.0,6,0,0,0,0,0,0,0,0,,0,0,0,20,3,1,0,,0.0,,,0,,8,0,0,0,67301,0,0,0,N,0,0,0,3,67301,0,,1,1,,N,N,,0,,0,0,0,3,2,,2030,1,2,0,0,0,1,1,3,3,0,2,3,,N,,,,,,,,,,,
2006055964,1405.0,1,0,0,0,0,0,0,0,0,8,0,,67,3,2006,7,39.9352,-75.2264,1357.0,6,0,0,0,0,0,0,0,0,,0,0,0,14,1,1,2,,0.0,39 56:06.000,,0,75 13:35.209,4,0,0,0,67301,1,0,0,N,1,0,0,2,67301,1,,1,1,,N,N,,0,,0,0,0,3,3,,1445,1,2,0,0,0,0,0,3,4,0,1,3,,N,,,,,,,,,,,
2006056017,1655.0,3,0,0,0,0,0,0,0,0,1,0,,67,3,2006,5,39.9592,-75.1621,1648.0,6,0,0,0,0,0,0,0,0,,0,0,0,13,1,3,0,,0.0,39 57:33.000,,0,75 09:43.699,8,0,0,0,67301,0,0,0,,0,0,0,5,67301,0,,1,98,,N,N,,0,,0,0,0,0,0,,1330,3,3,0,0,0,3,2,3,4,0,3,3,,N,,,,,,,,,,,
2006092705,759.0,1,0,0,0,0,0,0,0,0,1,0,,67,8,2006,2,40.0441,-75.0543,757.0,6,0,0,0,0,0,0,0,0,,0,0,0,7,1,1,0,,0.0,40 02:38.000,,7,75 03:15.524,8,0,0,0,67301,0,0,0,N,0,0,0,2,67301,0,,1,1,,N,N,,1,,0,0,0,0,0,,757,1,2,0,0,0,1,0,3,4,0,2,3,,N,,,,,,,,,,,
2006056142,1815.0,0,0,0,0,0,0,0,0,0,2,0,,67,4,2006,6,40.0089,-75.0719,1815.0,6,0,0,0,0,0,0,0,0,,0,0,0,18,1,2,1,,0.0,40 00:31.000,,0,75 04:18.646,8,0,0,0,67301,0,0,0,N,0,0,0,3,67301,0,,1,1,,N,N,,1,,0,0,0,0,0,,1814,2,2,0,0,2,2,0,3,4,1,2,3,,N,,,,,,,,,,,
2006056150,115.0,2,0,0,0,0,0,0,0,0,6,0,,67,3,2006,1,,,57.0,6,0,0,0,0,0,0,0,0,,0,0,0,0,3,0,0,,0.0,,,0,,0,0,0,0,67301,0,0,0,N,0,0,0,1,67301,0,,6,1,,N,N,,0,,0,0,1,0,0,,45,0,3,0,0,0,0,0,3,3,0,3,7,,N,,,,,,,,,,,
2006056167,1025.0,2,0,0,0,0,0,0,0,0,1,0,,67,5,2006,4,39.9585,-75.2252,1020.0,6,0,0,0,0,0,1,0,0,,0,0,0,11,1,1,1,,0.0,39 57:30.000,,0,75 13:30.770,4,0,0,0,67301,0,0,0,N,0,0,0,3,67301,1,,1,1,,N,N,,0,,0,0,0,3,2,,1105,1,2,0,0,0,0,0,3,4,0,2,3,,N,,,,,,,,,,,
2006056313,737.0,1,0,0,1,0,0,0,0,0,2,0,,67,5,2006,2,40.0328,-75.0621,735.0,6,0,0,0,0,0,0,0,0,,0,0,0,7,1,1,1,,0.0,40 01:58.098,,0,75 03:43.448,3,0,0,0,67301,1,0,0,N,0,0,0,2,67301,0,,1,1,,N,N,,0,,1,0,0,3,3,,730,1,2,0,0,1,0,0,3,4,0,1,3,,N,,,,,,,,,,,
2006056316,137.0,2,0,0,0,0,0,0,0,0,4,0,,67,2,2006,7,40.0128,-75.069,133.0,6,0,0,0,1,0,0,0,0,,0,0,0,0,3,0,3,,0.0,40 00:46.000,,0,75 04:08.530,0,0,0,0,67301,0,0,0,N,0,0,0,3,67301,0,,1,1,,N,N,,0,,0,0,0,0,0,,50,0,2,0,0,0,0,0,3,4,0,2,3,,N,,,,,,,,,,,
2006056371,1633.0,2,0,0,0,0,0,0,0,0,4,0,,67,4,2006,7,40.0287,-75.2055,1626.0,6,0,0,0,0,0,0,0,0,,0,0,0,16,1,3,1,,0.0,40 01:43.000,,0,75 12:19.998,4,0,0,0,67301,0,0,0,N,0,0,0,4,67301,3,,1,1,,N,N,,0,,0,0,0,9,2,,1626,3,2,0,0,1,0,0,3,4,0,2,3,,N,,,,,,,,,,,
2006056379,2140.0,2,0,0,0,0,0,0,0,0,6,0,,67,2,2006,3,39.957,-75.1572,2140.0,6,0,0,0,0,0,0,0,0,,0,0,0,21,3,0,1,,0.0,39 57:26.000,,0,75 09:25.248,0,0,0,0,67301,0,0,0,N,0,0,0,3,67301,0,,1,1,,N,N,,0,,0,0,0,3,2,,2140,0,2,0,0,0,0,0,3,4,0,2,3,,N,,,,,,,,,,,
2006092796,2000.0,2,0,0,0,0,0,0,0,0,1,0,,67,8,2006,5,40.0463,-75.1924,2000.0,6,0,0,0,0,0,2,0,0,,0,0,0,20,4,0,1,,0.0,40 02:46.000,,0,75 11:32.508,0,0,0,0,67301,0,0,0,N,0,0,0,2,67301,0,,1,1,,N,N,,0,,0,0,0,3,2,,2000,0,2,0,0,0,0,0,3,4,0,2,3,,N,,,,,,,,,,,
2006083312,1046.0,2,0,0,0,0,0,0,0,0,4,0,,67,6,2006,6,39.9773,-75.1694,1041.0,6,0,0,0,0,0,1,0,0,,0,0,0,10,1,4,1,,0.0,39 58:38.000,,0,75 10:09.797,3,0,0,0,67301,0,0,0,N,0,0,0,4,67301,0,,1,1,,N,N,,0,,4,0,0,0,0,,1040,4,2,0,0,0,0,0,3,4,0,2,3,,N,,,,,,,,,,,
2006093853,1335.0,2,0,0,0,0,0,0,0,0,5,0,,67,7,2006,1,,,1327.0,6,0,0,0,0,0,0,0,0,,0,0,0,13,1,0,1,,0.0,,,0,,0,0,0,0,67301,0,0,0,N,0,0,0,2,67301,0,,1,1,,N,N,,0,,0,0,0,2,3,,1325,0,2,0,0,2,0,0,3,3,0,2,3,,N,,,,,,,,,,,
2006080963,1121.0,0,0,0,0,0,0,0,0,0,5,0,,67,7,2006,7,39.9747,-75.1995,1119.0,6,0,0,0,0,0,0,0,0,,0,0,0,11,1,1,2,,0.0,39 58:28.000,,0,75 11:57.569,3,0,0,0,67301,0,0,0,N,0,0,0,7,67301,0,,1,1,,N,N,,0,,1,0,1,3,2,,1119,1,2,0,0,1,0,0,3,4,1,2,3,,N,,,,,,,,,,,
2006081070,9999.0,0,0,0,0,0,0,0,0,0,1,0,,67,6,2006,7,39.9296,-75.244,9999.0,6,0,0,0,0,0,0,0,0,1.0,0,0,0,99,1,5,3,,1.0,39 55:46.000,2.0,0,75 14:38.706,4,0,0,0,67301,0,0,0,N,0,0,0,6,67301,5,,1,1,,N,N,,0,,0,0,0,3,2,Y,9999,5,2,0,0,0,0,0,3,4,0,2,3,,N,,,,,,,,,,,
2006080984,1510.0,2,0,0,0,0,0,0,0,0,2,0,,67,6,2006,5,40.1318,-75.0127,1506.0,6,0,0,0,0,0,0,1,0,2.0,0,0,0,14,1,1,0,,1.0,40 07:54.426,2.0,0,75 00:45.665,4,0,0,0,67301,0,0,0,N,0,0,0,2,67301,1,,1,1,,N,N,,0,,0,0,0,2,3,N,1449,1,2,0,0,0,0,0,3,4,0,2,3,,N,,,,,,,,,,,
2006081090,1710.0,2,0,0,0,0,0,0,0,0,7,0,,67,6,2006,5,40.0619,-75.1632,1704.0,6,0,0,0,0,1,0,0,0,,0,0,0,16,1,1,1,,0.0,40 03:42.905,,0,75 09:47.363,4,0,0,0,67301,0,0,0,Y,0,0,0,1,67301,1,,2,1,,N,N,,0,,0,0,0,3,2,,1614,1,2,0,0,1,0,0,3,4,0,2,3,,N,,,,,,,,,,,
2006081355,2345.0,1,0,0,0,0,0,0,0,0,8,0,,67,6,2006,4,40.074,-75.0346,2342.0,6,0,0,0,0,0,1,0,0,,0,0,0,23,3,1,0,,0.0,40 04:26.000,,0,75 02:04.355,3,0,0,0,67301,1,0,0,N,1,0,0,2,67301,0,,1,9,,N,N,,0,,1,0,0,0,0,,2340,1,2,0,0,0,0,0,3,4,0,1,7,,N,,,,,,,,,,,
2006081498,515.0,1,0,0,0,0,0,0,0,0,7,0,,67,6,2006,4,39.9537,-75.1409,512.0,6,0,0,0,0,0,0,0,0,1.0,0,0,0,5,5,1,0,,1.0,39 57:15.000,1.0,0,75 08:27.489,4,0,0,0,67301,0,0,0,N,0,0,0,1,67301,1,,2,1,,N,N,,0,,0,0,0,0,0,N,512,1,1,0,0,0,0,0,3,4,0,1,3,,N,,,,,,,,,,,
2006081628,2055.0,0,0,0,0,0,0,0,0,0,0,0,,67,7,2006,2,39.9072,-75.2411,2047.0,6,0,0,0,0,0,0,0,0,,0,0,0,20,3,1,0,,0.0,39 54:25.920,,0,75 14:28.320,3,0,0,1,67301,0,0,0,N,0,0,0,1,67301,0,,1,1,,N,N,,0,,1,0,0,3,2,,2040,1,1,0,0,0,0,0,3,4,0,1,3,,N,,,,,,,,,,,
2006081641,9999.0,2,0,0,0,0,0,0,0,0,1,0,,67,5,2006,3,,,852.0,6,0,0,0,0,0,0,0,0,,0,0,0,8,1,1,1,,0.0,,,0,,4,0,0,0,67301,0,0,0,N,0,0,0,4,67301,1,,1,1,,N,N,,0,,0,0,0,3,2,,840,1,2,0,0,0,0,2,3,3,0,2,3,,N,,,,,,,,,,,
2006081661,2216.0,3,0,0,0,0,0,0,0,0,5,0,,67,6,2006,3,40.0279,-75.2169,2214.0,6,0,0,0,0,0,0,0,0,,0,0,0,22,3,0,0,,0.0,40 01:40.393,,0,75 13:00.861,0,0,0,0,67301,0,0,0,N,0,0,0,1,67301,0,,6,9,,N,N,,0,,0,0,0,0,0,,2213,0,3,0,0,0,0,0,3,4,0,3,7,,N,,,,,,,,,,,
2006081670,1715.0,2,0,0,0,0,0,0,0,0,4,0,,67,6,2006,7,39.9939,-75.1787,1707.0,6,0,0,0,1,0,0,0,0,,0,0,0,17,1,1,1,,0.0,39 59:38.011,,0,75 10:43.244,4,0,0,0,67301,0,0,0,N,0,0,0,3,67301,1,,1,1,,N,N,,0,,0,0,0,3,3,,1705,1,2,0,0,0,0,0,3,4,0,2,3,,N,,,,,,,,,,,