CRN,ARRIVAL_TM,AUTOMOBILE_COUNT,BELTED_DEATH_COUNT,BELTED_SUSP_SERIOUS_INJ_COUNT,BICYCLE_COUNT,BICYCLE_DEATH_COUNT,BICYCLE_SUSP_SERIOUS_INJ_COUNT,BUS_COUNT,CHLDPAS_DEATH_COUNT,CHLDPAS_SUSP_SERIOUS_INJ_COUNT,COLLISION_TYPE,COMM_VEH_COUNT,CONS_ZONE_SPD_LIM,COUNTY,CRASH_MONTH,CRASH_YEAR,DAY_OF_WEEK,DEC_LAT,DEC_LONG,DISPATCH_TM,DISTRICT,DRIVER_COUNT_16YR,DRIVER_COUNT_17YR,DRIVER_COUNT_18YR,DRIVER_COUNT_19YR,DRIVER_COUNT_20YR,DRIVER_COUNT_50_64YR,DRIVER_COUNT_65_74YR,DRIVER_COUNT_75PLUS,EST_HRS_CLOSED,FATAL_COUNT,HEAVY_TRUCK_COUNT,HORSE_BUGGY_COUNT,HOUR_OF_DAY,ILLUMINATION,INJURY_COUNT,INTERSECT_TYPE,INTERSECTION_RELATED,LANE_CLOSED,LATITUDE,LN_CLOSE_DIR,LOCATION_TYPE,LONGITUDE,MAX_SEVERITY_LEVEL,MCYCLE_DEATH_COUNT,MCYCLE_SUSP_SERIOUS_INJ_COUNT,MOTORCYCLE_COUNT,MUNICIPALITY,NONMOTR_COUNT,NONMOTR_DEATH_COUNT,NONMOTR_SUSP_SERIOUS_INJ_COUNT,NTFY_HIWY_MAINT,PED_COUNT,PED_DEATH_COUNT,PED_SUSP_SERIOUS_INJ_COUNT,PERSON_COUNT,POLICE_AGCY,POSSIBLE_INJ_COUNT,RDWY_SURF_TYPE_CD,RELATION_TO_ROAD,ROAD_CONDITION,ROADWAY_CLEARED,SCH_BUS_IND,SCH_ZONE_IND,SECONDARY_CRASH,SMALL_TRUCK_COUNT,SPEC_JURIS_CD,SUSP_MINOR_INJ_COUNT,SUSP_SERIOUS_INJ_COUNT,SUV_COUNT,TCD_FUNC_CD,TCD_TYPE,TFC_DETOUR_IND,TIME_OF_DAY,TOT_INJ_COUNT,TOTAL_UNITS,UNB_DEATH_COUNT,UNB_SUSP_SERIOUS_INJ_COUNT,UNBELTED_OCC_COUNT,UNK_INJ_DEG_COUNT,UNK_INJ_PER_COUNT,URBAN_AREA,URBAN_RURAL,VAN_COUNT,VEHICLE_COUNT,WEATHER1,WEATHER2,WORK_ZONE_IND,WORK_ZONE_LOC,WORK_ZONE_TYPE,WORKERS_PRES,WZ_CLOSE_DETOUR,WZ_FLAGGER,WZ_LAW_OFFCR_IND,WZ_LN_CLOSURE,WZ_MOVING,WZ_OTHER,WZ_SHLDER_MDN,WZ_WORKERS_INJ_KILLED
2006081674,1616.0,3,0,0,0,0,0,0,0,0,1,0,,67,7,2006,7,39.9941,-75.1562,1614.0,6,0,0,0,0,0,1,1,0,,0,0,0,15,1,5,1,,0.0,39 59:38.000,,0,75 09:22.472,4,0,0,0,67301,0,0,0,N,0,0,0,8,67301,5,,1,1,,N,N,,0,,0,0,0,3,2,,1520,5,3,0,0,0,0,0,3,4,0,3,3,,N,,,,,,,,,,,
2006105736,1428.0,1,0,0,0,0,0,0,0,0,6,0,,67,9,2006,6,40.0128,-75.1195,1423.0,6,0,0,0,0,0,0,0,0,,0,0,0,13,1,1,0,,0.0,40 00:46.000,,7,75 07:10.207,4,0,0,0,67301,0,0,0,N,0,0,0,4,67301,1,,1,9,,N,N,,0,,0,0,1,3,2,,1300,1,2,0,0,0,0,0,3,4,0,2,7,,N,,,,,,,,,,,
2006105742,2037.0,1,0,0,0,0,0,0,0,0,5,0,,67,9,2006,4,,,2034.0,6,0,0,0,0,0,0,0,0,1.0,0,0,0,20,3,2,0,,2.0,,2.0,0,,4,0,0,0,67301,0,0,0,N,0,0,0,4,67301,1,,1,1,,N,N,,0,,0,0,0,3,2,Y,2020,2,2,0,0,0,1,0,3,3,1,2,3,,N,,,,,,,,,,,
2006115867,2335.0,2,0,0,0,0,0,0,0,0,2,0,,67,10,2006,5,40.0581,-75.0782,2330.0,6,0,0,0,1,0,0,0,0,,0,0,0,23,3,2,1,,0.0,40 03:29.000,,0,75 04:41.481,3,0,0,0,67301,0,0,0,N,0,0,0,4,67301,1,,1,9,,N,N,,0,,1,0,0,3,3,,2330,2,2,0,0,0,0,0,3,4,0,2,7,,N,,,,,,,,,,,
2006105800,452.0,1,0,0,0,0,0,0,0,0,7,0,,67,9,2006,1,39.9055,-75.1946,444.0,6,0,0,0,0,0,0,0,0,1.0,0,0,0,4,3,1,0,,1.0,39 54:20.000,4.0,0,75 11:40.020,4,0,0,0,67301,0,0,0,,0,0,0,2,67301,1,,3,9,,N,N,,0,,0,0,0,0,0,N,444,1,1,0,0,0,0,0,3,4,0,1,98,,N,,,,,,,,,,,
2006105892,1935.0,2,0,0,0,0,0,0,0,0,4,0,,67,9,2006,5,40.0382,-75.0786,1935.0,6,0,0,0,0,0,0,0,0,,0,0,0,19,3,1,1,,0.0,40 02:17.000,,0,75 04:43.339,4,0,0,0,67301,0,0,0,N,0,0,0,2,67301,1,,1,1,,N,N,,0,,0,0,0,0,0,,1932,1,2,0,0,1,0,0,3,4,0,2,3,,N,,,,,,,,,,,
2006113425,1340.0,2,0,0,0,0,0,0,0,0,1,0,,67,10,2006,2,40.0178,-75.1725,1332.0,6,0,0,0,0,0,1,0,0,,0,0,0,13,1,4,2,,0.0,40 01:04.000,,0,75 10:21.808,8,0,0,0,67301,0,0,0,N,0,0,0,4,67301,0,,1,1,,N,N,,0,,0,0,0,0,0,,1330,4,2,0,0,0,4,0,3,4,0,2,3,,N,,,,,,,,,,,
2006113441,555.0,3,0,0,0,0,0,0,0,0,2,0,,67,9,2006,2,39.9071,-75.1937,541.0,6,0,0,1,0,0,0,0,0,,0,0,0,5,5,0,0,,0.0,39 54:25.000,,0,75 11:37.619,0,0,0,0,67301,0,0,0,,0,0,0,4,67301,0,,1,1,,,,,0,,0,0,0,0,0,,530,0,3,0,0,0,0,0,3,4,0,3,3,,N,,,,,,,,,,,
2006025534,111.0,1,0,0,0,0,0,0,0,0,7,0,,67,1,2006,7,39.9583,-75.1658,110.0,6,0,0,0,0,0,0,0,0,1.0,0,0,0,1,3,0,10,,2.0,39 57:29.000,3.0,0,75 09:56.740,9,0,0,0,67301,0,0,0,Y,0,0,0,1,67301,0,,3,9,,N,N,,0,,0,0,0,9,4,N,109,0,1,0,0,0,0,1,3,4,0,1,7,5.0,N,,,,,,,,,,,
2006035798,230.0,2,0,0,0,0,0,0,0,0,5,0,,67,2,2006,7,40.0376,-75.138,229.0,6,0,0,0,0,1,0,0,0,,0,0,0,2,3,3,1,,0.0,40 02:15.000,,0,75 08:16.849,4,0,0,0,67301,0,0,0,N,0,0,0,4,67301,3,,1,1,,N,N,,0,,0,0,0,3,2,,228,3,2,0,0,0,0,1,3,4,0,2,3,,N,,,,,,,,,,,
2006036887,9999.0,1,0,0,0,0,0,0,0,0,8,0,,67,2,2006,6,,,2002.0,6,0,0,0,0,0,0,0,0,,0,0,0,99,3,1,0,,0.0,,,0,,3,0,0,0,67301,1,0,0,,1,0,0,2,67301,0,,1,1,,N,N,,0,,1,0,0,0,0,,9999,1,2,0,0,0,0,0,3,3,0,1,3,,N,,,,,,,,,,,
2006037221,1532.0,1,0,0,0,0,0,0,0,0,8,0,,67,2,2006,5,39.9546,-75.173,1525.0,6,0,0,0,0,0,1,0,0,,0,0,0,15,1,1,1,,0.0,39 57:16.000,,0,75 10:22.499,4,0,0,0,67301,1,0,0,N,1,0,0,2,67301,1,,1,1,,N,N,,0,,0,0,0,9,2,,1505,1,2,0,0,0,0,0,3,4,0,1,3,,N,,,,,,,,,,,
2006034662,1820.0,1,0,0,0,0,0,0,0,0,8,0,,67,2,2006,4,,,1810.0,6,0,1,0,0,0,0,0,0,,0,0,0,20,1,1,0,,0.0,,,0,,3,0,0,0,67301,1,0,0,N,1,0,0,2,67301,0,,1,98,,N,N,,0,,1,0,0,0,0,,2040,1,2,0,0,0,0,0,3,3,0,1,3,,N,,,,,,,,,,,
2006022194,1327.0,2,0,0,0,0,0,0,0,0,4,0,,67,1,2006,3,40.0554,-75.1263,1318.0,6,0,0,0,0,0,0,0,1,,0,0,0,12,1,2,2,,0.0,40 03:19.000,,0,75 07:34.809,8,0,0,0,67301,0,0,0,N,0,0,0,3,67301,0,,1,9,,N,N,,0,,0,0,0,3,2,,1250,2,2,0,0,0,2,0,3,4,0,2,7,,N,,,,,,,,,,,
2006021316,1615.0,1,0,0,0,0,0,0,0,0,8,0,,67,1,2006,5,,,1600.0,6,0,0,0,0,0,0,0,0,,0,0,0,15,1,1,1,,0.0,,,0,,4,0,0,0,67301,1,0,0,N,1,0,0,4,67301,1,,1,1,,N,N,,0,,0,0,0,9,3,,1550,1,2,0,0,0,0,0,3,3,0,1,3,,N,,,,,,,,,,,
2006019031,1903.0,2,0,0,0,0,0,0,0,0,5,0,,67,1,2006,1,40.0239,-75.2078,1858.0,6,0,0,0,0,0,0,0,0,,0,0,0,18,3,1,0,,0.0,40 01:26.000,,0,75 12:28.231,2,0,0,0,67301,0,0,0,,0,0,0,3,67301,0,,1,1,,N,N,,0,,0,1,0,0,0,,1849,1,2,0,0,0,0,0,3,4,0,2,3,,N,,,,,,,,,,,
2006053765,1650.0,1,0,0,0,0,0,0,0,0,5,0,,67,4,2006,3,,,1640.0,6,0,0,0,0,0,0,0,0,9.0,0,0,0,16,1,1,0,,1.0,,2.0,0,,4,0,0,1,67301,0,0,0,N,0,0,0,1,67301,1,,1,1,,N,N,,0,,0,0,0,0,0,N,1600,1,2,0,0,0,0,0,3,3,0,2,3,,N,,,,,,,,,,,
2006053772,1008.0,4,0,0,0,0,0,0,0,0,1,0,,67,4,2006,7,40.0444,-75.0726,958.0,6,0,0,0,0,0,1,0,0,,0,0,0,9,1,1,1,,0.0,40 02:39.000,,0,75 04:21.534,4,0,0,0,67301,0,0,0,N,0,0,0,4,67301,1,,1,1,,N,N,,0,,0,0,0,3,2,,958,1,4,0,0,0,0,0,3,4,0,4,3,,N,,,,,,,,,,,
2006053854,1442.0,2,0,0,0,0,0,0,0,0,5,0,,67,4,2006,7,39.9692,-75.1845,1440.0,6,0,0,0,0,0,0,0,0,1.0,0,0,0,14,1,1,10,,1.0,39 58:09.120,2.0,0,75 11:04.560,4,0,0,1,67301,0,0,0,N,0,0,0,5,67301,1,,1,9,,N,,,1,,0,0,0,0,0,N,1440,1,4,0,0,1,0,0,3,4,0,4,7,,N,,,,,,,,,,,
2006053860,2223.0,2,0,0,0,0,0,0,0,0,4,0,,67,4,2006,7,40.0431,-75.1672,2217.0,6,0,0,0,0,0,0,0,0,,0,0,0,99,3,3,1,,0.0,40 02:35.289,,0,75 10:02.002,4,0,0,0,67301,0,0,0,,0,0,0,4,67301,2,,1,9,,,,,0,,0,0,0,0,0,,9999,3,2,0,0,0,1,0,3,4,0,2,7,,N,,,,,,,,,,,
2006053879,1534.0,1,0,0,0,0,0,0,0,0,8,0,,67,4,2006,3,39.9149,-75.1566,1534.0,6,0,0,0,0,0,0,0,0,,0,0,0,15,1,1,10,,0.0,39 54:53.602,,0,75 09:23.840,4,0,0,0,67301,1,0,0,N,1,0,0,2,67301,1,,1,1,,N,N,,0,,0,0,0,0,0,,1530,1,2,0,0,0,0,0,3,4,0,1,3,,N,,,,,,,,,,,
2006094893,10.0,1,0,0,0,0,0,0,0,0,8,0,,67,7,2006,6,,,6.0,6,0,0,0,0,0,0,0,0,,0,0,0,0,3,1,0,,0.0,,,0,,3,0,0,0,67301,1,0,0,N,1,0,0,2,67301,0,,1,1,,N,N,,0,,1,0,0,0,0,,1,1,2,0,0,1,0,0,3,3,0,1,7,,N,,,,,,,,,,,
2006094909,0.0,1,0,0,0,0,0,0,0,0,1,0,,67,8,2006,3,,,2353.0,6,0,0,0,0,0,0,0,0,1.0,0,0,0,23,3,1,0,,1.0,,4.0,0,,4,0,0,0,67301,0,0,0,N,0,0,0,2,67301,1,,1,1,,N,N,,0,,0,0,1,0,0,N,2353,1,2,0,0,0,0,0,3,3,0,2,3,,N,,,,,,,,,,,
2006055821,818.0,0,0,0,0,0,0,1,0,0,8,1,,67,2,2006,6,39.9836,-75.247,815.0,6,0,0,0,0,0,0,0,0,,0,0,0,8,1,1,1,,0.0,39 59:00.960,,0,75 14:49.920,4,0,0,0,67301,1,0,0,N,1,0,0,2,67301,1,,1,1,,N,N,,0,,0,0,0,3,2,,815,1,2,0,0,0,0,0,3,4,0,1,3,,N,,,,,,,,,,,
2006094990,536.0,2,0,0,0,0,0,0,0,0,4,0,,67,8,2006,4,40.0276,-75.1471,532.0,6,0,0,0,0,0,0,0,0,,0,0,0,5,3,1,1,,0.0,40 01:39.000,,0,75 08:50.041,4,0,0,0,67301,0,0,0,N,0,0,0,2,67301,1,,1,1,,N,N,,0,,0,0,0,3,2,,518,1,2,0,0,0,0,0,3,4,0,2,3,,N,,,,,,,,,,,
2006055931,1430.0,1,0,0,0,0,0,1,0,0,5,1,,67,4,2006,4,40.04,-75.1444,1428.0,6,0,0,0,0,0,0,0,1,,0,0,0,14,1,1,0,,0.0,40 02:23.000,,0,75 08:40.034,4,0,0,0,67301,0,0,0,N,0,0,0,3,67301,1,,1,1,,N,N,,0,,0,0,0,0,0,,1425,1,2,0,0,0,0,0,3,4,0,2,3,,N,,,,,,,,,,,
2006055952,935.0,2,0,0,0,0,0,0,0,0,6,0,,67,4,2006,2,,,934.0,6,0,0,0,0,0,0,0,1,1.0,0,0,0,9,1,2,1,,1.0,,1.0,0,,8,0,0,0,67301,0,0,0,N,0,0,0,2,67301,0,,1,1,,N,N,,0,,0,0,0,3,2,N,929,2,2,0,0,0,2,0,3,3,0,2,3,,N,,,,,,,,,,,
2006056039,1055.0,2,0,0,0,0,0,0,0,0,4,0,,67,4,2006,7,40.0233,-75.179,1045.0,6,0,0,0,0,0,0,0,0,,0,0,0,10,1,1,2,,0.0,40 01:24.000,,0,75 10:44.638,3,0,0,0,67301,0,0,0,N,0,0,0,2,67301,0,,1,1,,N,N,,0,,1,0,0,0,0,,1040,1,2,0,0,0,0,0,3,4,0,2,3,,N,,,,,,,,,,,
2006056065,9999.0,1,0,0,0,0,0,0,0,0,2,0,,67,3,2006,5,40.0133,-75.1841,9999.0,6,0,0,0,0,0,1,1,0,,0,0,0,99,3,2,2,,0.0,40 00:47.000,,0,75 11:03.224,8,0,0,0,67301,0,0,0,N,0,0,0,2,67301,0,,1,1,,N,N,,0,,0,0,1,0,0,,9999,2,2,0,0,0,2,0,3,4,0,2,3,,N,,,,,,,,,,,
2006056140,1612.0,2,0,0,0,0,0,0,0,0,1,0,,67,4,2006,6,40.034,-75.0744,1604.0,6,0,0,0,0,0,1,0,0,,0,0,0,15,1,1,1,,0.0,40 02:02.000,,0,75 04:27.841,4,0,0,0,67301,0,0,0,N,0,0,0,3,67301,1,,1,1,,N,N,,0,,0,0,0,0,0,,1510,1,2,0,0,0,0,0,3,4,0,2,3,,N,,,,,,,,,,,
2006092790,1408.0,0,0,0,1,0,1,0,0,0,4,0,,67,8,2006,6,,,1407.0,6,0,0,0,0,0,0,0,0,,0,0,0,14,1,1,1,,0.0,,,0,,2,0,0,0,67301,1,0,1,N,0,0,0,2,67301,0,,1,1,,N,N,,0,,0,1,0,9,3,,1406,1,2,0,0,0,0,0,3,3,1,1,3,,N,,,,,,,,,,,
2006123829,1142.0,2,0,0,0,0,0,0,0,0,4,0,,67,10,2006,1,40.0321,-75.219,1140.0,6,0,0,0,1,0,0,0,1,,0,0,0,11,1,1,1,,0.0,40 01:55.534,,0,75 13:08.504,4,0,0,0,67301,0,0,0,N,0,0,0,2,67301,1,,1,1,,N,N,,0,,0,0,0,3,3,,1130,1,2,0,0,0,0,0,3,4,0,2,3,,N,,,,,,,,,,,
2006093423,1829.0,2,0,0,0,0,0,0,0,0,6,0,,67,7,2006,7,40.0308,-75.112,1825.0,6,0,0,0,1,0,0,0,0,,0,0,0,18,1,2,1,,0.0,40 01:50.847,,0,75 06:43.088,8,0,0,0,67301,0,0,0,N,0,0,0,3,67301,0,,2,1,,N,N,,0,,0,0,0,3,2,,1810,2,2,0,0,0,2,0,3,4,0,2,3,,N,,,,,,,,,,,
2006054537,930.0,2,0,0,0,0,0,0,0,0,4,0,,67,4,2006,5,39.921,-75.2289,929.0,6,0,0,1,0,0,0,0,0,1.0,0,0,0,9,1,2,1,,1.0,39 55:15.688,6.0,0,75 13:44.130,4,0,0,0,67301,0,0,0,N,0,0,0,3,67301,1,,1,1,,N,N,,0,,0,0,1,3,2,Y,927,2,3,0,0,2,1,0,3,4,0,3,3,,N,,,,,,,,,,,
2006054640,2130.0,1,0,0,0,0,0,0,0,0,5,1,,67,3,2006,6,39.9333,-75.1998,2118.0,6,0,0,0,0,0,0,0,1,,0,1,0,99,3,0,2,,0.0,39 56:10.000,,0,75 11:57.334,0,0,0,0,67301,0,0,0,N,0,0,0,3,67301,0,,1,1,,N,N,,0,,0,0,0,3,3,,9999,0,2,0,0,0,0,0,3,4,0,2,3,,N,,,,,,,,,,,
2006080908,658.0,1,0,0,0,0,0,0,0,0,2,0,,67,6,2006,5,40.0353,-75.0781,655.0,6,0,0,0,0,0,0,0,0,,0,0,0,6,1,1,2,,0.0,40 02:07.252,,0,75 04:41.296,8,0,0,0,67301,0,0,0,N,0,0,0,2,67301,0,,1,1,,N,N,,0,,0,0,1,3,3,,652,1,2,0,0,0,1,0,3,4,0,2,3,,N,,,,,,,,,,,
2006093851,1902.0,1,0,0,1,0,0,0,0,0,5,0,,67,7,2006,2,40.0635,-75.0835,1857.0,6,0,0,0,0,0,0,0,0,,0,0,0,18,1,1,0,,0.0,40 03:48.589,,0,75 05:00.504,4,0,0,0,67301,1,0,0,N,0,0,0,2,67301,1,,1,1,,N,N,,0,,0,0,0,0,0,,1854,1,2,0,0,1,0,0,3,4,0,1,3,,N,,,,,,,,,,,
2006080934,15.0,1,0,0,0,0,0,0,0,0,5,1,,67,6,2006,6,40.0566,-75.0132,11.0,6,0,0,1,0,0,0,0,0,,0,1,0,0,3,1,1,,0.0,40 03:23.000,,0,75 00:46.083,8,0,0,0,67301,0,0,0,N,0,0,0,2,67301,0,,1,1,,N,N,,0,,0,0,0,9,2,,5,1,2,0,0,0,1,0,3,4,0,2,3,,N,,,,,,,,,,,
2006080951,2239.0,2,0,0,0,0,0,0,0,0,5,0,,67,7,2006,1,39.971,-75.215,2233.0,6,0,0,0,0,0,0,0,0,,0,0,0,23,3,3,2,,0.0,39 58:15.000,,0,75 12:54.286,4,0,0,0,67301,2,0,0,N,0,0,0,3,67301,1,,1,1,,N,N,,0,,0,0,0,9,3,,2330,3,3,0,0,0,2,0,3,4,1,3,3,,N,,,,,,,,,,,
2006080954,1429.0,1,0,0,0,0,0,0,0,0,6,0,,67,5,2006,5,,,1427.0,6,0,0,0,0,0,1,0,0,,0,0,0,14,1,0,2,,0.0,,,0,,0,0,0,0,67301,0,0,0,N,0,0,0,3,67301,0,,1,1,,N,N,,1,,0,0,0,0,0,,1423,0,2,0,0,0,0,0,3,3,0,2,3,,N,,,,,,,,,,,
2006081072,2215.0,2,0,0,0,0,0,0,0,0,1,0,,67,7,2006,2,,,2213.0,6,0,0,0,0,0,0,0,0,,0,0,0,2,3,1,0,,0.0,,,0,,8,0,0,0,67301,0,0,0,N,0,0,0,3,67301,0,,1,1,,N,N,,0,,0,0,0,0,0,,221,1,2,0,0,1,1,1,3,3,0,2,3,,N,,,,,,,,,,,
2006081059,1716.0,1,0,0,0,0,0,0,0,0,2,0,,67,7,2006,3,39.9765,-75.1894,1715.0,6,0,0,0,0,0,1,0,0,,0,0,0,17,1,2,3,,0.0,39 58:34.000,,0,75 11:21.462,3,0,0,0,67301,0,0,0,,0,0,0,5,67301,0,,1,1,,,,,0,,2,0,1,3,3,,1715,2,2,0,0,1,0,0,3,4,0,2,3,,N,,,,,,,,,,,
2006081096,2048.0,3,0,0,0,0,0,0,0,0,5,0,,67,6,2006,5,39.9933,-75.1468,2045.0,6,0,0,0,0,0,0,1,0,,0,0,0,20,1,0,0,,0.0,39 59:35.757,,0,75 08:48.598,0,0,0,0,67301,0,0,0,,0,0,0,1,67301,0,,6,1,,N,N,,0,,0,0,0,0,0,,2038,0,3,0,0,0,0,0,3,4,0,3,3,,N,,,,,,,,,,,
2006081135,931.0,2,0,0,0,0,0,0,0,0,4,0,,67,6,2006,6,40.0115,-75.0698,928.0,6,0,0,0,0,0,1,0,0,,0,0,0,9,1,1,1,,0.0,40 00:41.000,,0,75 04:11.189,4,0,0,0,67301,0,0,0,N,0,0,0,2,67301,1,,1,1,,N,N,,0,,0,0,0,3,2,,925,1,2,0,0,0,0,0,3,4,0,2,3,,N,,,,,,,,,,,
2006081146,340.0,1,0,0,0,0,0,0,0,0,4,0,,67,6,2006,1,40.1114,-75.0007,330.0,6,0,0,0,0,1,0,0,0,,0,0,0,3,3,1,2,,0.0,40 06:41.000,,0,75 00:02.458,8,0,0,1,67301,0,0,0,N,0,0,0,2,67301,0,,1,1,,N,N,,0,,0,0,0,3,3,,325,1,2,0,0,1,1,0,3,4,0,2,3,,N,,,,,,,,,,,
2006081155,630.0,1,0,0,0,0,0,0,0,0,4,0,,67,6,2006,7,40.0598,-75.0092,625.0,6,0,0,0,0,0,1,0,0,,0,0,0,6,1,1,2,,0.0,40 03:35.000,,0,75 00:32.720,8,0,0,0,67301,0,0,0,,0,0,0,3,67301,0,,1,1,,N,N,,0,,0,0,1,3,2,,620,1,2,0,0,0,1,0,3,4,0,2,3,,N,,,,,,,,,,,
2006081372,2330.0,3,0,0,0,0,0,0,0,0,1,0,,67,7,2006,3,39.9753,-75.2455,2324.0,6,0,0,0,0,0,1,0,0,9.0,0,0,0,23,3,1,1,,1.0,39 58:31.000,3.0,0,75 14:43.859,3,0,0,0,67301,0,0,0,N,0,0,0,4,67301,0,,1,1,,N,N,,0,,1,0,0,0,0,N,2323,1,3,0,0,0,0,0,3,4,0,3,3,,N,,,,,,,,,,,
2006081397,818.0,1,0,0,0,0,0,0,0,0,8,0,,67,6,2006,4,40.0651,-75.0613,813.0,6,0,0,0,0,0,0,0,0,,0,0,0,8,1,1,1,,0.0,40 03:53.000,,0,75 03:40.908,8,0,0,0,67301,1,0,0,,1,0,0,2,67301,0,,1,1,,N,N,,0,,0,0,0,3,2,,812,1,2,0,0,0,1,0,3,4,0,1,3,,N,,,,,,,,,,,
2006081517,817.0,1,0,0,0,0,0,0,0,0,1,0,,67,7,2006,1,39.9834,-75.208,811.0,6,0,0,0,0,0,0,0,0,1.0,0,0,0,8,1,0,0,,1.0,39 59:04.200,3.0,0,75 12:29.160,9,0,0,0,67301,0,0,0,N,0,0,0,2,67301,0,,1,1,,N,N,,0,,0,0,1,0,0,N,811,0,2,0,0,0,0,1,3,4,0,2,3,,N,,,,,,,,,,,
2006081549,1425.0,1,0,0,0,0,0,0,0,0,1,0,,67,7,2006,1,40.0098,-75.151,1400.0,6,0,0,0,0,0,0,0,0,,0,0,0,13,1,1,1,,0.0,40 00:35.000,,0,75 09:04.496,4,0,0,0,67301,0,0,0,N,0,0,0,2,67301,1,,1,1,,N,N,,0,,0,0,0,3,2,,1350,1,2,0,0,0,0,0,3,4,1,2,3,,N,,,,,,,,,,,
2006073823,2224.0,3,0,0,0,0,0,0,0,0,1,0,,67,7,2006,6,39.9803,-75.2692,2220.0,6,0,1,0,0,0,0,1,1,1.0,0,0,0,22,3,2,0,,2.0,39 58:49.000,2.0,0,75 16:08.919,8,0,0,0,67301,0,0,0,N,0,0,0,6,46104,0,,1,1,,N,N,,0,,0,0,0,0,0,N,2223,2,3,0,0,0,2,0,3,4,0,3,3,,N,,,,,,,,,,,
2006081451,1343.0,2,0,0,0,0,0,0,0,0,4,0,,67,6,2006,6,40.0564,-75.1526,1340.0,6,0,0,0,0,0,1,0,1,,0,0,0,12,1,1,1,,0.0,40 03:22.935,,0,75 09:09.367,4,0,0,0,67301,0,0,0,N,0,0,0,2,67301,1,,1,1,,N,N,,0,,0,0,0,3,2,,1255,1,2,0,0,0,0,0,3,4,0,2,3,,N,,,,,,,,,,,
2006081588,1555.0,1,0,0,0,0,0,1,0,0,5,1,,67,5,2006,3,40.1018,-75.0063,1550.0,6,0,0,0,0,0,0,0,0,,0,0,0,15,1,1,3,,0.0,40 06:06.544,,0,75 00:22.727,8,0,0,0,67301,0,0,0,N,0,0,0,2,67301,0,,1,1,,Y,N,,0,,0,0,0,0,0,,1540,1,2,0,0,0,1,0,3,4,0,2,3,,N,,,,,,,,,,,
2006081625,602.0,6,0,0,0,0,0,0,0,0,4,0,,67,5,2006,6,40.0453,-75.1256,600.0,6,0,0,0,0,0,0,0,0,,0,0,0,6,1,1,1,,0.0,40 02:42.000,,0,75 07:32.191,4,0,0,0,67301,0,0,0,N,0,0,0,1,67301,1,,1,1,,N,N,,0,,0,0,0,3,2,,600,1,6,0,0,0,0,0,3,4,0,6,3,,N,,,,,,,,,,,
2006113067,952.0,1,0,0,0,0,0,0,0,0,8,0,,67,9,2006,3,39.945,-75.1487,947.0,6,0,0,0,0,0,0,0,0,1.0,0,0,0,9,1,1,0,,2.0,39 56:41.971,4.0,0,75 08:55.420,3,0,0,0,67301,1,0,0,N,1,0,0,3,67301,0,,1,1,,N,N,,0,,1,0,0,3,2,N,943,1,2,0,0,1,0,0,3,4,0,1,3,,N,,,,,,,,,,,
2006105735,518.0,1,0,0,0,0,0,0,0,0,7,0,,67,8,2006,7,,,516.0,6,0,0,0,0,0,0,0,0,,0,0,0,5,3,1,0,,0.0,,,0,,3,0,0,0,67301,0,0,0,N,0,0,0,1,67301,0,,2,9,,N,N,,0,,1,0,0,0,0,,510,1,1,0,0,0,0,0,3,3,0,1,7,,N,,,,,,,,,,,
2006113302,653.0,2,0,0,0,0,0,0,0,0,6,0,,67,10,2006,2,39.9546,-75.226,651.0,6,0,0,0,0,0,2,0,0,,0,0,0,6,1,1,1,,0.0,39 57:16.000,,0,75 13:33.707,8,0,0,0,67301,0,0,0,N,0,0,0,2,67301,0,,1,1,,N,N,,0,,0,0,0,3,2,,651,1,2,0,0,0,1,0,3,4,0,2,3,,N,,,,,,,,,,,
2006113377,935.0,2,0,0,0,0,0,0,0,0,4,0,,67,9,2006,5,39.9701,-75.1687,930.0,6,0,0,0,1,0,0,0,0,,0,0,0,9,1,1,1,,0.0,39 58:12.334,,0,75 10:07.499,3,0,0,0,67301,0,0,0,N,0,0,0,3,67301,0,,1,1,,N,N,,0,,1,0,0,3,3,,925,1,2,0,0,2,0,0,3,4,0,2,3,,N,,,,,,,,,,,
2006115875,916.0,1,0,0,0,0,0,0,0,0,8,0,,67,10,2006,4,40.0245,-75.1479,916.0,6,0,0,0,0,0,1,0,0,1.0,0,0,0,9,1,1,1,,1.0,40 01:28.000,2.0,0,75 08:52.877,8,0,0,0,67301,1,0,0,N,1,0,0,2,67301,0,,1,1,,N,N,,0,,0,0,0,3,2,Y,915,1,2,0,0,0,1,0,3,4,0,1,3,,N,,,,,,,,,,,
2006105868,1048.0,2,0,0,0,0,0,0,0,0,4,0,,67,9,2006,5,40.0542,-75.1463,1046.0,6,0,0,0,0,1,1,0,0,,0,0,0,10,1,1,1,,0.0,40 03:15.188,,0,75 08:46.802,4,0,0,0,67301,0,0,0,N,0,0,0,3,67301,1,,1,9,,N,N,,0,,0,0,0,9,3,,1022,1,2,0,0,0,0,0,3,4,0,2,7,,N,,,,,,,,,,,
2006054225,1738.0,1,0,0,0,0,0,0,0,0,4,0,,67,4,2006,5,39.9764,-75.1198,1736.0,6,0,0,0,0,0,0,0,0,,0,0,0,17,1,2,0,,0.0,39 58:36.000,,7,75 07:10.795,4,0,0,0,67301,0,0,0,N,0,0,0,4,67301,2,,1,1,,N,N,,0,,0,0,1,0,0,,1731,2,2,0,0,0,0,0,3,4,0,2,3,,N,,,,,,,,,,,