CRN,ARRIVAL_TM,AUTOMOBILE_COUNT,BELTED_DEATH_COUNT,BELTED_SUSP_SERIOUS_INJ_COUNT,BICYCLE_COUNT,BICYCLE_DEATH_COUNT,BICYCLE_SUSP_SERIOUS_INJ_COUNT,BUS_COUNT,CHLDPAS_DEATH_COUNT,CHLDPAS_SUSP_SERIOUS_INJ_COUNT,COLLISION_TYPE,COMM_VEH_COUNT,CONS_ZONE_SPD_LIM,COUNTY,CRASH_MONTH,CRASH_YEAR,DAY_OF_WEEK,DEC_LAT,DEC_LONG,DISPATCH_TM,DISTRICT,DRIVER_COUNT_16YR,DRIVER_COUNT_17YR,DRIVER_COUNT_18YR,DRIVER_COUNT_19YR,DRIVER_COUNT_20YR,DRIVER_COUNT_50_64YR,DRIVER_COUNT_65_74YR,DRIVER_COUNT_75PLUS,EST_HRS_CLOSED,FATAL_COUNT,HEAVY_TRUCK_COUNT,HORSE_BUGGY_COUNT,HOUR_OF_DAY,ILLUMINATION,INJURY_COUNT,INTERSECT_TYPE,INTERSECTION_RELATED,LANE_CLOSED,LATITUDE,LN_CLOSE_DIR,LOCATION_TYPE,LONGITUDE,MAX_SEVERITY_LEVEL,MCYCLE_DEATH_COUNT,MCYCLE_SUSP_SERIOUS_INJ_COUNT,MOTORCYCLE_COUNT,MUNICIPALITY,NONMOTR_COUNT,NONMOTR_DEATH_COUNT,NONMOTR_SUSP_SERIOUS_INJ_COUNT,NTFY_HIWY_MAINT,PED_COUNT,PED_DEATH_COUNT,PED_SUSP_SERIOUS_INJ_COUNT,PERSON_COUNT,POLICE_AGCY,POSSIBLE_INJ_COUNT,RDWY_SURF_TYPE_CD,RELATION_TO_ROAD,ROAD_CONDITION,ROADWAY_CLEARED,SCH_BUS_IND,SCH_ZONE_IND,SECONDARY_CRASH,SMALL_TRUCK_COUNT,SPEC_JURIS_CD,SUSP_MINOR_INJ_COUNT,SUSP_SERIOUS_INJ_COUNT,SUV_COUNT,TCD_FUNC_CD,TCD_TYPE,TFC_DETOUR_IND,TIME_OF_DAY,TOT_INJ_COUNT,TOTAL_UNITS,UNB_DEATH_COUNT,UNB_SUSP_SERIOUS_INJ_COUNT,UNBELTED_OCC_COUNT,UNK_INJ_DEG_COUNT,UNK_INJ_PER_COUNT,URBAN_AREA,URBAN_RURAL,VAN_COUNT,VEHICLE_COUNT,WEATHER1,WEATHER2,WORK_ZONE_IND,WORK_ZONE_LOC,WORK_ZONE_TYPE,WORKERS_PRES,WZ_CLOSE_DETOUR,WZ_FLAGGER,WZ_LAW_OFFCR_IND,WZ_LN_CLOSURE,WZ_MOVING,WZ_OTHER,WZ_SHLDER_MDN,WZ_WORKERS_INJ_KILLED
2006054049,144.0,0,0,0,0,0,0,0,0,0,7,0,,67,4,2006,7,39.9406,-75.1954,139.0,6,0,0,0,0,0,0,0,0,,0,0,0,1,3,4,0,,0.0,39 56:31.286,,0,75 11:38.678,4,0,0,0,67301,0,0,0,,0,0,0,4,67301,4,,2,1,,,,,0,,0,0,1,0,0,,136,4,1,0,0,0,0,0,3,4,0,1,3,,N,,,,,,,,,,,
2006054056,1245.0,0,0,0,0,0,0,0,0,0,1,0,,67,4,2006,1,40.043,-75.1444,1215.0,6,0,0,0,0,0,1,0,0,,0,0,0,12,1,1,1,,0.0,40 02:34.692,,0,75 08:39.933,4,0,0,0,67301,0,0,0,N,0,0,0,2,67301,1,,1,1,,N,N,,1,,0,0,1,3,3,,1200,1,2,0,0,0,0,0,3,4,0,2,3,,N,,,,,,,,,,,
2006054163,1155.0,3,0,0,0,0,0,0,0,0,4,0,,67,4,2006,5,,,1152.0,6,0,0,0,0,0,0,0,0,,0,0,0,11,1,3,2,,0.0,,,0,,8,0,0,0,67301,0,0,0,N,0,0,0,3,67301,0,,1,1,,N,N,,0,,0,0,0,3,3,,1149,3,3,0,0,2,3,0,3,3,0,3,3,,N,,,,,,,,,,,
2006036884,1840.0,1,0,0,0,0,0,0,0,0,8,0,,67,2,2006,7,40.0536,-75.178,1838.0,6,0,0,0,0,0,0,0,0,,0,0,0,18,3,2,1,,0.0,40 03:12.000,,0,75 10:40.711,8,0,0,0,67301,2,0,0,N,2,0,0,3,67301,0,,1,9,,N,N,,0,,0,0,0,3,2,,1834,2,3,0,0,0,2,0,3,4,0,1,10,,N,,,,,,,,,,,
2006037215,1059.0,1,0,0,0,0,0,0,0,0,1,0,,67,2,2006,2,40.0595,-75.0519,9999.0,6,0,0,0,0,0,1,0,0,,0,0,0,10,1,1,0,,0.0,40 03:34.200,,0,75 03:07.200,8,0,0,0,67301,0,0,0,,0,0,0,2,67301,0,,1,6,,,,,1,,0,0,0,3,2,,1054,1,2,0,0,0,1,0,3,4,0,2,10,,N,,,,,,,,,,,
2006037174,9999.0,0,0,0,0,0,0,0,0,0,8,0,,67,2,2006,3,40.0768,-75.2078,9999.0,6,0,0,0,0,0,0,0,0,,0,0,0,99,1,1,2,,0.0,40 04:36.609,,0,75 12:28.031,8,0,0,0,67301,1,0,0,,1,0,0,2,67301,0,,1,1,,N,N,,0,,0,0,0,3,2,,9999,1,2,0,0,0,1,0,3,4,1,1,3,,N,,,,,,,,,,,
2006022184,1510.0,1,0,0,0,0,0,0,0,0,7,0,,67,1,2006,2,39.9333,-75.2001,1504.0,6,0,0,0,0,0,0,0,0,1.0,0,0,0,99,1,0,3,,1.0,39 56:00.000,3.0,0,75 12:00.448,0,0,0,0,67301,0,0,0,N,0,0,0,5,67301,0,,2,9,,N,N,,0,,0,0,0,0,0,Y,9999,0,1,0,0,0,0,0,3,4,0,1,7,,N,,,,,,,,,,,
2006022195,138.0,1,0,0,0,0,0,0,0,0,7,0,,67,1,2006,1,40.0392,-75.1524,137.0,6,0,0,0,0,0,0,0,0,,0,0,0,1,3,1,0,,0.0,40 02:21.000,,0,75 09:08.776,3,0,0,0,67301,0,0,0,,0,0,0,1,67301,0,,5,1,,,,,0,,1,0,0,0,0,,135,1,1,0,0,1,0,0,3,4,0,1,3,,N,,,,,,,,,,,
2006019040,2125.0,0,0,0,0,0,0,0,0,0,8,0,,67,1,2006,5,39.9296,-75.1713,2116.0,6,0,0,0,0,0,0,0,0,,0,0,0,19,3,1,2,,0.0,39 55:46.592,,0,75 10:16.651,4,0,0,0,67301,1,0,0,N,1,0,0,2,67301,1,,1,1,,N,N,,0,,0,0,0,0,0,,1930,1,2,0,0,0,0,0,3,4,1,1,3,,N,,,,,,,,,,,
2006092395,1545.0,2,0,0,0,0,0,0,0,0,5,0,,67,8,2006,1,39.9857,-75.1211,1540.0,6,0,0,0,0,0,0,0,0,,0,0,0,15,1,3,0,,0.0,39 59:08.000,,0,75 07:16.117,4,0,0,0,67301,4,0,0,N,0,0,0,5,67301,2,,1,1,,N,N,,0,,0,0,0,0,0,,1530,3,2,0,0,0,1,0,3,4,0,2,3,,N,,,,,,,,,,,
2006081917,2340.0,1,0,0,0,0,0,0,0,0,8,0,,67,6,2006,5,,,2339.0,6,0,0,0,0,0,0,0,0,,0,0,0,23,3,1,0,,0.0,,,0,,8,0,0,0,67301,1,0,0,N,1,0,0,1,67301,0,,1,9,,N,N,,0,,0,0,0,0,0,,2330,1,2,0,0,0,1,0,3,3,0,1,7,,N,,,,,,,,,,,
2006053762,1755.0,0,0,0,0,0,0,0,0,0,8,0,,67,4,2006,1,,,1750.0,6,0,0,1,0,0,0,0,0,,0,0,0,17,1,1,0,,0.0,,,0,,8,0,0,0,67301,1,0,0,N,1,0,0,2,67301,0,,1,1,,N,N,,0,,0,0,0,0,0,,1745,1,2,0,0,1,1,0,3,3,1,1,3,,N,,,,,,,,,,,
2006053774,923.0,0,0,0,0,0,0,1,0,0,4,1,,67,4,2006,2,39.8975,-75.2525,919.0,6,0,0,0,0,0,0,0,0,,0,0,0,18,1,3,1,,0.0,39 53:51.000,,0,75 15:09.280,8,0,0,0,67301,0,0,0,N,0,0,0,4,67301,0,,1,1,,N,N,,0,,0,0,1,9,2,,1800,3,2,0,0,0,3,1,3,4,0,2,3,,N,,,,,,,,,,,
2006105171,1215.0,1,0,0,0,0,0,0,0,0,1,0,,67,9,2006,7,40.0518,-75.0673,1212.0,6,0,1,0,0,0,0,0,0,,0,0,0,12,8,1,0,,0.0,40 03:06.000,,0,75 04:02.184,8,0,0,0,67301,1,0,0,N,0,0,0,2,67301,0,,6,9,,N,N,,1,,0,0,0,0,0,,1212,1,2,0,0,0,1,0,3,4,0,2,7,,N,,,,,,,,,,,
2006126816,755.0,2,0,0,0,0,0,0,0,0,1,0,,67,10,2006,6,39.9486,-75.1856,742.0,6,0,0,0,1,0,0,0,0,1.0,0,0,0,7,1,1,6,,1.0,39 56:54.810,4.0,2,75 11:08.203,4,0,0,0,67301,0,0,0,N,0,0,0,2,67301,1,,1,1,,N,N,,0,,0,0,0,0,0,N,742,1,2,0,0,0,0,0,3,4,0,2,3,,N,,,,,,,,,,,
2006126817,1315.0,1,0,0,0,0,0,0,0,0,7,0,,67,11,2006,4,40.0374,-75.1909,1306.0,6,0,0,0,0,1,0,0,0,,0,0,0,13,1,0,1,,0.0,40 02:14.460,,0,75 11:27.412,0,0,0,0,67301,0,0,0,N,0,0,0,1,67301,0,,2,9,,N,N,,0,,0,0,0,3,2,,1305,0,1,0,0,0,0,0,3,4,0,1,7,,N,,,,,,,,,,,
2006118775,1650.0,0,0,0,0,0,0,0,0,0,1,0,,67,9,2006,6,40.0615,-75.1871,1647.0,6,0,0,0,0,0,0,0,0,,0,1,0,99,1,1,2,,0.0,40 03:41.421,,0,75 11:13.592,8,0,0,1,67301,0,0,0,N,0,0,0,1,67301,0,,1,1,,N,N,,0,,0,0,0,0,0,,9999,1,2,0,0,0,1,0,3,4,0,2,3,,N,,,,,,,,,,,
2006093550,1511.0,3,0,0,0,0,0,0,0,0,1,0,,67,9,2006,1,40.0038,-75.2212,9999.0,6,0,0,0,0,0,1,0,0,,0,0,0,15,1,1,0,,0.0,40 00:13.000,,0,75 13:16.293,4,0,0,0,67301,0,0,0,N,0,0,0,5,46104,1,,1,1,,N,N,,0,,0,0,0,0,0,,1500,1,3,0,0,1,0,0,3,4,0,3,3,,N,,,,,,,,,,,
2006093623,1350.0,3,0,0,0,0,0,0,0,0,1,0,,67,8,2006,5,40.0457,-75.0563,1345.0,6,0,0,0,0,0,0,0,0,,0,0,0,13,1,1,1,,0.0,40 02:44.000,,0,75 03:22.659,4,0,0,0,67301,0,0,0,N,0,0,0,4,67301,1,,1,1,,N,N,,0,,0,0,0,9,2,,1340,1,3,0,0,0,0,0,3,4,0,3,3,,N,,,,,,,,,,,
2006093833,1135.0,1,0,0,0,0,0,0,0,0,1,0,,67,8,2006,5,,,1130.0,6,0,0,0,0,0,1,0,0,,0,0,0,11,1,1,0,,0.0,,,0,,8,0,0,0,67301,0,0,0,,0,0,0,1,67301,0,,1,1,,N,N,,0,,0,0,1,0,0,,1100,1,2,0,0,0,1,0,3,3,0,2,3,,N,,,,,,,,,,,
2006093846,1440.0,1,0,0,0,0,0,0,0,0,1,0,,67,7,2006,3,39.9145,-75.1529,1435.0,6,0,0,0,0,0,0,0,0,2.0,0,0,0,14,1,4,0,,1.0,39 54:51.000,3.0,0,75 09:10.111,4,0,0,0,67301,0,0,0,N,0,0,0,4,67301,2,,1,1,,N,N,,0,,0,0,1,0,0,N,1430,4,2,0,0,0,2,0,3,4,0,2,3,,N,,,,,,,,,,,
2006080933,10.0,4,0,0,0,0,0,0,0,0,1,0,,67,6,2006,6,40.1002,-75.008,5.0,6,0,0,0,1,1,1,0,0,,0,0,0,23,3,4,0,,0.0,40 06:00.000,,0,75 00:28.101,8,0,0,0,67301,0,0,0,N,0,0,0,7,67301,0,,1,1,,N,N,,0,,0,0,0,0,0,,2350,4,4,0,0,0,4,1,3,4,0,4,3,,N,,,,,,,,,,,
2006080942,126.0,1,0,0,0,0,0,0,0,0,6,0,,67,7,2006,7,,,125.0,6,0,0,0,0,0,0,0,0,,0,0,0,1,3,1,2,,0.0,,,0,,4,0,0,0,67301,0,0,0,,0,0,0,2,67301,1,,1,1,,,,,0,,0,0,0,0,0,,125,1,2,0,0,0,0,0,3,3,0,2,3,,N,,,,,,,,,,,
2006080990,125.0,1,0,0,0,0,0,0,0,0,8,0,,67,7,2006,1,39.9607,-75.1416,122.0,6,0,0,0,0,1,0,0,0,,0,0,0,1,3,1,2,,0.0,39 57:38.000,,0,75 08:30.021,8,0,0,0,67301,1,0,0,N,1,0,0,2,67301,0,,1,1,,N,N,,0,,0,0,0,0,0,,120,1,2,0,0,0,1,0,3,4,0,1,3,,N,,,,,,,,,,,
2006081021,1330.0,2,0,0,0,0,0,0,0,0,6,0,,67,7,2006,4,39.9804,-75.1709,1330.0,6,0,0,0,0,0,0,1,0,2.0,0,0,0,13,1,0,1,,1.0,39 58:49.322,4.0,0,75 10:15.323,0,0,0,0,67301,0,0,0,N,0,0,0,2,67301,0,,1,1,,N,N,,0,,0,0,0,3,2,N,1315,0,2,0,0,0,0,0,3,4,0,2,3,,N,,,,,,,,,,,
2006081030,1035.0,2,0,0,0,0,0,0,0,0,4,0,,67,6,2006,1,40.0128,-75.1546,1032.0,6,0,0,0,1,0,0,0,0,1.0,0,0,0,10,1,3,1,,1.0,40 00:46.191,7.0,0,75 09:16.516,4,0,0,0,67301,0,0,0,N,0,0,0,4,67301,3,,1,1,,N,N,,0,,0,0,0,3,3,N,1020,3,2,0,0,0,0,1,3,4,0,2,3,,N,,,,,,,,,,,
2006081538,855.0,2,0,0,0,0,0,0,0,0,1,0,,67,6,2006,2,40.0014,-75.2261,848.0,6,0,0,0,0,0,1,0,0,,0,0,0,8,1,1,0,,0.0,40 00:04.000,,0,75 13:33.741,8,0,0,0,67301,0,0,0,N,0,0,0,3,67301,0,,1,1,,N,N,,0,,0,0,1,0,0,,848,1,3,0,0,0,1,2,3,4,0,3,3,,N,,,,,,,,,,,
2006081448,1818.0,1,0,0,1,0,0,0,0,0,5,0,,67,7,2006,1,,,1808.0,6,0,0,0,0,0,0,0,0,,0,0,0,18,1,0,0,,0.0,,,0,,9,0,0,0,67301,1,0,0,N,0,0,0,2,67301,0,,1,1,,N,N,,0,,0,0,0,0,0,,1800,0,2,0,0,0,0,1,3,3,0,1,3,,N,,,,,,,,,,,
2006081590,1300.0,2,0,0,0,0,0,0,0,0,4,0,,67,6,2006,5,40.0107,-75.1627,1238.0,6,0,0,0,0,0,0,2,0,,0,0,0,12,1,2,1,,0.0,40 00:38.000,,0,75 09:46.295,4,0,0,0,67301,0,0,0,N,0,0,0,2,67301,1,,1,1,,N,N,,0,,0,0,0,3,3,,1230,2,2,0,0,0,1,0,3,4,0,2,3,,N,,,,,,,,,,,
2006113069,1715.0,2,0,0,0,0,0,0,0,0,4,0,,67,10,2006,2,40.0014,-75.1515,1712.0,6,0,0,0,0,0,0,0,0,,0,0,0,17,1,0,1,,0.0,40 00:05.000,,0,75 09:06.099,9,0,0,0,67301,0,0,0,N,0,0,0,5,67301,0,,1,1,,N,N,,0,,0,0,0,3,3,,1708,0,2,0,0,0,0,3,3,4,0,2,3,,N,,,,,,,,,,,
2006113286,1620.0,1,0,0,0,0,0,0,0,0,7,0,,67,9,2006,1,39.9997,-75.1462,1605.0,6,0,0,0,0,0,0,0,0,,0,0,0,15,1,2,2,,0.0,39 59:58.829,,0,75 08:46.348,3,0,0,0,67301,0,0,0,N,0,0,0,2,67301,0,,5,9,,N,N,,0,,2,0,0,0,0,,1550,2,1,0,0,0,0,0,3,4,0,1,7,,N,,,,,,,,,,,
2006113375,1250.0,2,0,0,0,0,0,0,0,0,4,0,,67,10,2006,6,39.9933,-75.0973,1245.0,6,0,0,0,0,0,0,0,0,,0,0,0,12,1,0,0,,0.0,39 59:36.000,,0,75 05:50.554,0,0,0,0,67301,0,0,0,N,0,0,0,4,67301,0,,1,9,,N,N,,0,,0,0,0,0,0,,1235,0,2,0,0,0,0,0,3,4,0,2,7,,N,,,,,,,,,,,
2006103275,1248.0,2,0,0,0,0,0,0,0,0,4,0,,67,9,2006,6,40.0313,-75.0662,1245.0,6,0,0,0,0,0,1,0,0,,0,0,0,12,1,2,1,,0.0,40 01:52.000,,0,75 03:58.353,8,0,0,0,67301,0,0,0,N,0,0,0,2,67301,0,,1,1,,N,N,,0,,0,0,0,9,3,,1217,2,2,0,0,0,2,0,3,4,0,2,3,,N,,,,,,,,,,,
2006113475,2040.0,2,0,0,0,0,0,0,0,0,1,0,,67,10,2006,1,39.9449,-75.2392,2030.0,6,0,0,0,0,0,1,0,0,,0,0,0,20,3,2,2,,0.0,39 56:41.000,,0,75 14:20.614,8,0,0,0,67301,0,0,0,,0,0,0,3,67301,0,,1,1,,N,N,,0,,0,0,0,0,0,,2030,2,2,0,0,0,2,0,3,4,0,2,3,,N,,,,,,,,,,,
2006105877,2200.0,1,0,0,0,0,0,0,0,0,7,0,,67,9,2006,7,40.0323,-75.0848,2155.0,6,0,0,0,0,0,0,0,0,2.0,0,0,0,21,3,1,2,,1.0,40 01:56.000,2.0,0,75 05:05.416,4,0,0,0,67301,0,0,0,N,0,0,0,3,67301,1,,2,9,,N,N,,0,,0,0,0,3,2,Y,2153,1,1,0,0,0,0,0,3,4,0,1,7,,N,,,,,,,,,,,
2006124204,9999.0,2,0,0,0,0,0,0,0,0,4,0,,67,10,2006,3,,,2206.0,6,0,0,0,0,0,1,0,0,,0,0,0,99,5,2,0,,0.0,,,7,,3,0,0,0,67301,0,0,0,N,0,0,0,3,67301,1,,1,9,,N,N,,0,,1,0,1,0,0,,9999,2,3,0,0,0,0,0,3,3,0,3,7,,N,,,,,,,,,,,
2006054098,1159.0,2,0,0,0,0,0,0,0,0,2,0,,67,4,2006,7,,,1154.0,6,0,0,0,0,0,0,1,0,,0,0,0,11,1,1,2,,0.0,,,0,,4,0,0,0,67301,0,0,0,N,0,0,0,5,67301,1,,1,9,,N,N,,0,,0,0,0,0,0,,1152,1,2,0,0,0,0,0,3,3,0,2,7,,N,,,,,,,,,,,
2006054108,1315.0,1,0,0,0,0,0,0,0,0,7,0,,67,4,2006,3,40.0542,-75.067,1310.0,6,0,0,0,0,0,0,0,0,,0,0,0,13,1,1,10,,0.0,40 03:15.238,,0,75 04:01.181,4,0,0,0,67301,0,0,0,N,0,0,0,1,67301,1,,2,1,,N,N,,0,,0,0,0,0,0,,1300,1,1,0,0,0,0,0,3,4,0,1,3,,N,,,,,,,,,,,
2006041796,2222.0,3,0,0,0,0,0,0,0,0,1,0,,67,2,2006,6,,,2220.0,6,0,0,0,0,0,0,0,0,1.0,0,0,0,22,3,1,0,,2.0,,3.0,0,,8,0,0,0,67301,0,0,0,N,0,0,0,7,67501,0,,1,1,,N,N,,0,,0,0,1,2,2,N,2220,1,4,0,0,0,1,0,3,3,0,4,3,,N,,,,,,,,,,,
2006036866,1055.0,2,0,0,0,0,0,0,0,0,5,0,,67,3,2006,3,39.9302,-75.1458,1045.0,6,0,0,0,0,0,0,0,0,,0,0,0,10,1,1,0,,0.0,39 56:00.000,,0,75 08:42.427,8,0,0,0,67301,0,0,0,,0,0,0,2,67301,0,,1,1,,N,N,,0,,0,0,0,0,0,,1025,1,2,0,0,0,1,0,3,4,0,2,3,,N,,,,,,,,,,,
2006036877,827.0,1,0,0,0,0,0,0,0,0,8,0,,67,1,2006,3,39.9799,-75.2327,825.0,6,0,0,0,0,0,1,0,0,,0,0,0,8,1,1,0,,0.0,39 58:47.000,,0,75 13:58.322,2,0,0,0,67301,1,0,1,N,1,0,1,2,67301,0,,1,1,,N,N,,0,,0,1,0,0,0,,825,1,2,0,0,1,0,0,3,4,0,1,3,,N,,,,,,,,,,,
2006036907,55.0,4,0,0,0,0,0,0,0,0,2,0,,67,2,2006,6,39.9968,-75.1538,50.0,6,0,0,0,0,0,1,0,0,,0,0,0,0,3,1,1,,0.0,39 59:48.000,,0,75 09:14.026,8,0,0,0,67301,0,0,0,N,0,0,0,4,67301,0,,1,1,,N,N,,0,,0,0,0,3,2,,45,1,4,0,0,0,1,2,3,4,0,4,3,,N,,,,,,,,,,,
2006037113,618.0,1,0,0,0,0,0,0,0,0,4,0,,67,2,2006,6,39.9562,-75.1627,618.0,6,0,0,0,0,0,1,0,0,1.0,0,0,0,6,3,1,1,,1.0,39 57:22.000,1.0,0,75 09:45.258,8,0,0,0,67301,0,0,0,N,0,0,0,4,67301,0,,1,1,,N,N,,0,,0,0,1,3,2,N,618,1,2,0,0,0,1,0,3,4,0,2,3,,N,,,,,,,,,,,
2006037118,1840.0,3,0,0,0,0,0,0,0,0,1,0,,67,2,2006,6,40.0057,-75.099,1820.0,6,0,0,0,0,0,0,0,0,,0,0,0,18,3,3,1,,0.0,40 00:20.000,,0,75 05:56.408,8,0,0,0,67301,0,0,0,N,0,0,0,5,67301,0,,1,1,,N,N,,0,,0,0,0,3,2,,1810,3,3,0,0,0,3,1,3,4,0,3,3,,N,,,,,,,,,,,
2006022206,1500.0,1,0,0,0,0,0,0,0,0,8,0,,67,1,2006,5,,,1450.0,6,0,0,0,0,0,0,0,0,,0,0,0,14,1,1,1,,0.0,,,0,,8,0,0,0,67301,1,0,0,N,1,0,0,2,67301,0,,1,1,,N,N,,0,,0,0,0,3,3,,1450,1,2,0,0,0,1,0,3,3,0,1,3,,N,,,,,,,,,,,
2006022207,1655.0,1,0,0,0,0,0,0,0,0,7,0,,67,1,2006,6,39.954,-75.1767,1647.0,6,0,0,0,0,0,1,0,0,,0,0,0,16,3,0,1,,0.0,39 57:14.553,,0,75 10:36.065,0,0,0,0,67301,0,0,0,,0,0,0,1,67301,0,,2,1,,N,N,,0,,0,0,0,2,2,,1645,0,1,0,0,0,0,0,3,4,0,1,5,,N,,,,,,,,,,,
2006021282,2115.0,1,0,0,0,0,0,0,0,0,1,0,,67,1,2006,3,39.9192,-75.2055,2100.0,6,0,0,0,0,0,0,0,0,,0,0,0,20,3,0,0,,0.0,39 55:09.000,,3,75 12:19.530,0,0,0,0,67301,0,0,0,N,0,0,0,1,67301,0,,1,9,,N,N,,0,,0,0,1,0,0,,2045,0,2,0,0,0,0,0,3,4,0,2,7,,N,,,,,,,,,,,
2006021329,315.0,2,0,0,0,0,0,0,0,0,4,0,,67,1,2006,1,40.06,-75.17,100.0,6,0,0,0,0,0,1,0,0,,0,0,0,0,3,2,1,,0.0,40 03:36.165,,0,75 10:12.032,4,0,0,0,67301,0,0,0,N,0,0,0,2,67301,2,,1,9,,N,N,,0,,0,0,0,9,3,,30,2,2,0,0,1,0,0,3,4,0,2,7,,N,,,,,,,,,,,
2006092412,805.0,0,0,0,0,0,0,0,0,0,4,0,,67,8,2006,4,40.0556,-75.1856,800.0,6,0,0,0,0,0,0,0,0,,0,0,0,8,1,1,1,,0.0,40 03:20.242,,0,75 11:08.253,4,0,0,0,67301,0,0,0,N,0,0,0,2,67301,1,,1,1,,N,N,,0,,0,0,1,9,3,,800,1,2,0,0,0,0,0,3,4,1,2,3,,N,,,,,,,,,,,
2006081929,1745.0,2,0,0,0,0,0,0,0,0,4,0,,67,6,2006,4,,,1741.0,6,0,0,0,0,1,0,0,0,,0,0,0,16,4,1,2,,0.0,,,0,,4,0,0,0,67301,0,0,0,N,0,0,0,4,67301,1,,1,9,,N,N,,0,,0,0,0,0,0,,1630,1,2,0,0,0,0,2,3,3,0,2,7,,N,,,,,,,,,,,
2006084537,801.0,1,0,0,0,0,0,0,0,0,7,0,,67,7,2006,5,39.9216,-75.1904,756.0,6,0,0,0,1,0,0,0,0,1.0,0,0,0,8,1,1,7,,2.0,39 55:16.000,3.0,2,75 11:31.894,4,0,0,0,67301,0,0,0,N,0,0,0,1,67501,1,,2,1,,N,N,,0,,0,0,0,0,0,N,801,1,1,0,0,0,0,0,3,4,0,1,3,,N,,,,,,,,,,,
2006053852,9999.0,1,0,0,0,0,0,0,0,0,8,0,,67,3,2006,5,,,9999.0,6,0,0,0,0,0,0,0,0,,0,0,0,99,1,2,0,,0.0,,,0,,4,0,0,0,67301,2,0,0,,2,0,0,3,67301,2,,4,1,,,,,0,,0,0,0,0,0,,9999,2,3,0,0,0,0,1,3,3,0,1,3,,N,,,,,,,,,,,
2006094904,1749.0,1,0,0,0,0,0,0,0,0,8,0,,67,7,2006,5,39.9682,-75.2251,1744.0,6,0,0,0,0,0,0,0,0,,0,0,0,99,1,1,1,,0.0,39 58:05.000,,0,75 13:30.512,8,0,0,0,67301,1,0,0,N,1,0,0,2,67301,0,,1,9,,N,N,,0,,0,0,0,3,2,,9999,1,2,0,0,0,1,1,3,4,0,1,7,,N,,,,,,,,,,,
2006094945,1306.0,2,0,0,0,0,0,0,0,0,1,0,,67,7,2006,3,40.0077,-75.1388,1305.0,6,0,0,0,0,0,0,0,0,,0,0,0,13,1,0,1,,0.0,40 00:27.000,,0,75 08:19.880,0,0,0,0,67301,0,0,0,N,0,0,0,5,67301,0,,1,1,,N,N,,0,,0,0,0,3,2,,1305,0,3,0,0,5,0,0,3,4,1,3,3,,N,,,,,,,,,,,
2006092455,1720.0,2,0,0,0,0,0,0,0,0,1,0,,67,8,2006,2,40.0459,-75.0891,1714.0,6,0,0,0,1,1,0,0,0,,0,0,0,17,1,2,0,,0.0,40 02:45.000,,0,75 05:20.848,4,0,0,0,67301,0,0,0,N,0,0,0,3,67301,2,,1,1,,N,,,0,,0,0,1,3,2,,1711,2,3,0,0,0,0,0,3,4,0,3,3,,N,,,,,,,,,,,
2006092460,741.0,2,0,0,0,0,0,0,0,0,2,0,,67,8,2006,5,,,738.0,6,0,0,0,0,0,0,0,0,1.0,0,0,0,7,1,2,1,,1.0,,1.0,0,,4,0,0,0,67301,0,0,0,N,0,0,0,2,67301,2,,1,1,,N,N,,0,,0,0,0,3,2,N,735,2,2,0,0,0,0,0,3,3,0,2,3,,N,,,,,,,,,,,
2006092488,1040.0,1,0,0,0,0,0,0,0,0,8,0,,67,7,2006,4,,,1030.0,6,0,0,0,0,0,0,0,0,,0,0,0,9,1,1,0,,0.0,,,0,,8,0,0,0,67301,1,0,0,N,1,0,0,2,67301,0,,1,1,,N,N,,0,,0,0,0,3,2,,955,1,2,0,0,0,1,0,3,3,0,1,3,,N,,,,,,,,,,,
2006080947,1727.0,1,0,0,0,0,0,0,0,0,4,0,,67,7,2006,5,40.1061,-75.0523,1724.0,6,0,0,0,0,0,0,0,0,,0,0,0,17,1,1,0,,0.0,40 06:21.880,,0,75 03:08.118,3,0,0,1,67301,0,0,0,N,0,0,0,3,67301,0,,4,1,,N,N,,0,,1,0,0,0,0,,1723,1,2,0,0,0,0,0,3,4,0,2,3,,N,,,,,,,,,,,
2006081001,2045.0,1,0,0,0,0,0,0,0,0,1,0,,67,6,2006,7,40.0472,-74.9926,2038.0,6,0,0,0,0,0,1,0,0,,0,0,0,20,3,3,0,,0.0,40 02:49.000,,0,74 59:33.327,8,0,0,0,67301,0,0,0,N,0,0,0,3,67301,0,,1,1,,N,N,,1,,0,0,0,0,0,,2020,3,3,0,0,0,3,0,3,4,1,3,3,,N,,,,,,,,,,,
2006081006,2105.0,3,0,0,0,0,0,0,0,0,5,0,,67,5,2006,3,,,2100.0,6,0,0,0,0,0,0,0,0,,0,0,0,20,3,0,0,,0.0,,,0,,0,0,0,0,67301,0,0,0,N,0,0,0,1,67301,0,,1,1,,N,N,,0,,0,0,0,0,0,,2050,0,3,0,0,0,0,0,3,3,0,3,3,,N,,,,,,,,,,,