CRN,ARRIVAL_TM,AUTOMOBILE_COUNT,BELTED_DEATH_COUNT,BELTED_SUSP_SERIOUS_INJ_COUNT,BICYCLE_COUNT,BICYCLE_DEATH_COUNT,BICYCLE_SUSP_SERIOUS_INJ_COUNT,BUS_COUNT,CHLDPAS_DEATH_COUNT,CHLDPAS_SUSP_SERIOUS_INJ_COUNT,COLLISION_TYPE,COMM_VEH_COUNT,CONS_ZONE_SPD_LIM,COUNTY,CRASH_MONTH,CRASH_YEAR,DAY_OF_WEEK,DEC_LAT,DEC_LONG,DISPATCH_TM,DISTRICT,DRIVER_COUNT_16YR,DRIVER_COUNT_17YR,DRIVER_COUNT_18YR,DRIVER_COUNT_19YR,DRIVER_COUNT_20YR,DRIVER_COUNT_50_64YR,DRIVER_COUNT_65_74YR,DRIVER_COUNT_75PLUS,EST_HRS_CLOSED,FATAL_COUNT,HEAVY_TRUCK_COUNT,HORSE_BUGGY_COUNT,HOUR_OF_DAY,ILLUMINATION,INJURY_COUNT,INTERSECT_TYPE,INTERSECTION_RELATED,LANE_CLOSED,LATITUDE,LN_CLOSE_DIR,LOCATION_TYPE,LONGITUDE,MAX_SEVERITY_LEVEL,MCYCLE_DEATH_COUNT,MCYCLE_SUSP_SERIOUS_INJ_COUNT,MOTORCYCLE_COUNT,MUNICIPALITY,NONMOTR_COUNT,NONMOTR_DEATH_COUNT,NONMOTR_SUSP_SERIOUS_INJ_COUNT,NTFY_HIWY_MAINT,PED_COUNT,PED_DEATH_COUNT,PED_SUSP_SERIOUS_INJ_COUNT,PERSON_COUNT,POLICE_AGCY,POSSIBLE_INJ_COUNT,RDWY_SURF_TYPE_CD,RELATION_TO_ROAD,ROAD_CONDITION,ROADWAY_CLEARED,SCH_BUS_IND,SCH_ZONE_IND,SECONDARY_CRASH,SMALL_TRUCK_COUNT,SPEC_JURIS_CD,SUSP_MINOR_INJ_COUNT,SUSP_SERIOUS_INJ_COUNT,SUV_COUNT,TCD_FUNC_CD,TCD_TYPE,TFC_DETOUR_IND,TIME_OF_DAY,TOT_INJ_COUNT,TOTAL_UNITS,UNB_DEATH_COUNT,UNB_SUSP_SERIOUS_INJ_COUNT,UNBELTED_OCC_COUNT,UNK_INJ_DEG_COUNT,UNK_INJ_PER_COUNT,URBAN_AREA,URBAN_RURAL,VAN_COUNT,VEHICLE_COUNT,WEATHER1,WEATHER2,WORK_ZONE_IND,WORK_ZONE_LOC,WORK_ZONE_TYPE,WORKERS_PRES,WZ_CLOSE_DETOUR,WZ_FLAGGER,WZ_LAW_OFFCR_IND,WZ_LN_CLOSURE,WZ_MOVING,WZ_OTHER,WZ_SHLDER_MDN,WZ_WORKERS_INJ_KILLED
2006081079,2143.0,1,0,0,1,0,0,0,0,0,4,0,,67,6,2006,5,39.9583,-75.2363,2143.0,6,0,0,0,0,0,0,0,0,,0,0,0,21,2,1,0,,0.0,39 57:30.000,,0,75 14:10.969,4,0,0,0,67301,1,0,0,,0,0,0,2,67301,1,,2,1,,N,N,,0,,0,0,0,0,0,,2115,1,2,0,0,0,0,0,3,4,0,1,3,,N,,,,,,,,,,,
2006081332,2120.0,1,0,0,0,0,0,0,0,0,4,0,,67,5,2006,3,,,2000.0,6,0,1,0,0,0,0,0,0,,0,0,0,21,3,1,2,,0.0,,,0,,2,0,1,1,67301,0,0,0,N,0,0,0,2,67301,0,,1,1,,N,N,,0,,0,1,0,3,2,,2100,1,2,0,0,0,0,0,3,3,0,2,3,,N,,,,,,,,,,,
2006081384,2002.0,2,0,0,0,0,0,0,0,0,2,0,,67,5,2006,6,40.0853,-75.2104,1959.0,6,0,0,0,0,0,2,0,0,,0,0,0,19,1,4,1,,0.0,40 05:07.000,,0,75 12:37.560,4,0,0,0,67301,0,0,0,,0,0,0,5,67301,4,,1,1,,N,N,,0,,0,0,0,3,2,,1957,4,2,0,0,0,0,0,3,4,0,2,3,,N,,,,,,,,,,,
2006081530,1515.0,0,0,0,0,0,0,0,0,0,8,0,,67,5,2006,7,39.9772,-75.2268,1509.0,6,0,0,0,0,0,0,0,0,,0,0,0,99,1,1,1,,0.0,39 58:38.280,,0,75 13:36.840,8,0,0,0,67301,1,0,0,N,1,0,0,2,67301,0,,1,1,,N,N,,1,,0,0,0,3,2,,9999,1,2,0,0,0,1,0,3,4,0,1,3,,N,,,,,,,,,,,
2006081545,2116.0,1,0,0,0,0,0,0,0,0,1,0,,67,6,2006,3,40.0001,-75.1779,2112.0,6,0,0,0,0,0,0,0,1,,0,0,0,21,3,3,2,,0.0,40 00:00.360,,0,75 10:40.440,8,0,0,0,67301,0,0,0,N,0,0,0,4,67301,0,,1,1,,N,N,,0,,0,0,1,3,2,,2111,3,2,0,0,0,3,0,3,4,0,2,3,,N,,,,,,,,,,,
2006081465,1225.0,0,0,0,0,0,0,0,0,0,1,0,,67,7,2006,4,40.102,-75.0061,1225.0,6,0,0,0,0,0,1,0,0,,0,0,0,12,1,0,1,,0.0,40 06:07.023,,0,75 00:22.025,0,0,0,0,67301,0,0,0,N,0,0,0,16,67301,0,,1,9,,N,N,,1,,0,0,1,3,2,,1225,0,3,0,0,0,0,0,3,4,1,3,7,,N,,,,,,,,,,,
2006079149,1215.0,1,0,0,0,0,0,0,0,0,8,0,,67,5,2006,1,39.9327,-75.1563,1226.0,6,0,0,0,0,0,0,0,0,,0,0,0,12,1,1,0,,0.0,39 55:57.561,,0,75 09:22.528,8,0,0,0,67301,1,0,0,N,1,0,0,2,67301,0,,1,1,,N,N,,0,,0,0,0,2,3,,1215,1,2,0,0,0,1,0,3,4,0,1,3,,N,,,,,,,,,,,
2006081623,1838.0,2,0,0,0,0,0,0,0,0,4,0,,67,6,2006,5,40.0445,-75.1194,1838.0,6,0,0,0,0,0,0,0,0,,0,0,0,18,1,1,1,,0.0,40 02:40.000,,0,75 07:09.950,4,0,0,0,67301,0,0,0,N,0,0,0,5,67301,1,,1,9,,N,N,,0,,0,0,0,3,2,,1836,1,2,0,0,0,0,0,3,4,0,2,3,,N,,,,,,,,,,,
2006113274,1950.0,5,0,0,0,0,0,0,0,0,4,0,,67,6,2006,3,40.0034,-75.0821,1946.0,6,0,0,0,0,0,0,0,0,,0,0,0,19,1,2,2,,0.0,40 00:12.297,,0,75 04:55.599,8,0,0,0,67301,0,0,0,N,0,0,0,2,67301,0,,1,1,,N,N,,0,,0,0,0,0,0,,1946,2,5,0,0,0,2,0,3,4,0,5,3,,N,,,,,,,,,,,
2006113340,1033.0,1,0,0,0,0,0,0,0,0,1,0,,67,10,2006,3,39.9569,-75.1996,1033.0,6,0,0,0,0,1,0,0,0,,0,0,0,15,1,1,1,,0.0,39 57:24.833,,0,75 11:58.490,4,0,0,0,67301,0,0,0,N,0,0,0,2,67301,1,,1,1,,N,N,,0,,0,0,1,0,0,,1550,1,2,0,0,0,0,1,3,4,0,2,99,,N,,,,,,,,,,,
2006113347,2120.0,2,0,0,0,0,0,0,0,0,4,0,,67,9,2006,3,,,2114.0,6,0,0,0,0,0,0,0,0,,0,0,0,20,3,2,2,,0.0,,,0,,8,0,0,0,67301,0,0,0,N,0,0,0,2,67301,0,,1,1,,N,N,,0,,0,0,0,0,0,,2020,2,2,0,0,0,2,0,3,3,0,2,3,,N,,,,,,,,,,,
2006113361,1254.0,0,0,0,0,0,0,0,0,0,8,0,,67,10,2006,1,,,1253.0,6,0,0,0,0,0,0,0,0,,0,0,0,12,1,1,0,,0.0,,,0,,4,0,0,0,67301,1,0,0,N,1,0,0,2,67301,1,,1,1,,N,N,,1,,0,0,0,0,0,,1252,1,2,0,0,0,0,0,3,3,0,1,3,,N,,,,,,,,,,,
2006105808,1602.0,3,0,0,0,0,0,0,0,0,1,0,,67,8,2006,7,39.9247,-75.1718,1602.0,6,0,0,0,0,0,0,0,0,,0,0,0,15,1,0,2,,0.0,39 55:28.767,,0,75 10:18.575,9,0,0,0,67301,0,0,0,N,0,0,0,2,67301,0,,1,1,,N,N,,0,,0,0,0,3,3,,1550,0,3,0,0,0,0,1,3,4,0,3,3,,N,,,,,,,,,,,
2006113422,605.0,2,0,0,0,0,0,0,0,0,4,0,,67,10,2006,4,40.0223,-75.162,600.0,6,0,0,0,0,0,0,0,0,2.0,0,0,0,5,3,2,1,,1.0,40 01:20.000,7.0,0,75 09:43.405,8,0,0,0,67301,0,0,0,N,0,0,0,2,67301,0,,1,1,,N,N,,0,,0,0,0,3,2,Y,559,2,2,0,0,0,2,0,3,4,0,2,3,,N,,,,,,,,,,,
2006116075,155.0,2,0,0,0,0,0,0,0,0,7,0,,67,10,2006,2,39.9566,-75.1745,151.0,6,0,0,0,0,0,0,0,0,3.0,0,0,0,1,3,0,0,,2.0,39 57:23.848,2.0,0,75 10:28.044,0,0,0,0,67301,0,0,0,N,0,0,0,1,67301,0,,5,1,,N,N,,0,,0,0,0,0,0,Y,148,0,2,0,0,0,0,0,3,4,0,2,3,,N,,,,,,,,,,,
2006105855,1231.0,2,0,0,0,0,0,0,0,0,1,0,,67,9,2006,4,39.9092,-75.2416,1228.0,6,0,0,0,0,0,0,0,0,,0,0,0,12,1,0,0,,0.0,39 54:33.154,,7,75 14:29.691,0,0,0,0,67301,0,0,0,N,0,0,0,2,67301,0,,1,9,,N,N,,0,,0,0,0,0,0,,1215,0,2,0,0,0,0,0,3,4,0,2,7,,N,,,,,,,,,,,
2006054102,1316.0,1,0,0,0,0,0,0,0,0,1,0,,67,4,2006,6,39.926,-75.1694,1314.0,6,0,0,0,0,0,0,0,0,,0,0,0,13,1,2,0,,0.0,39 56:07.440,,0,75 10:02.280,8,0,0,0,67301,0,0,0,N,0,0,0,3,67301,0,,1,1,,N,N,,0,,0,0,1,3,2,,1310,2,2,0,0,0,2,0,3,4,0,2,3,,N,,,,,,,,,,,
2006054111,1913.0,1,0,0,0,0,0,1,0,0,4,1,,67,3,2006,6,40.0096,-75.0896,1907.0,6,0,0,0,0,0,1,0,0,,0,0,0,18,3,6,3,,0.0,40 00:34.000,,0,75 05:22.414,4,0,0,0,67301,0,0,0,N,0,0,0,8,67301,1,,1,1,,N,N,,0,,0,0,0,0,0,,1845,6,2,0,0,0,5,1,3,4,0,2,3,,N,,,,,,,,,,,
2006054114,820.0,1,0,0,0,0,0,0,0,0,8,0,,67,4,2006,5,39.9247,-75.2333,817.0,6,0,0,0,0,0,0,0,0,,0,0,0,8,1,1,0,,0.0,39 55:28.000,,0,75 13:59.831,3,0,0,0,67301,1,0,0,N,1,0,0,2,67301,0,,1,1,,N,N,,0,,1,0,0,3,3,,817,1,2,0,0,0,0,1,3,4,0,1,3,,N,,,,,,,,,,,
2006054168,2030.0,0,0,0,1,0,0,0,0,0,2,0,,67,4,2006,4,,,2015.0,6,0,0,0,0,0,1,0,0,,0,0,0,18,4,1,2,,0.0,,,0,,8,0,0,0,67301,1,0,0,N,0,0,0,2,67301,0,,1,1,,N,N,,0,,0,0,0,0,0,,1840,1,2,0,0,0,1,0,3,3,1,1,3,,N,,,,,,,,,,,
2006036811,1125.0,1,0,0,0,0,0,0,0,0,2,0,,67,2,2006,4,40.0915,-74.9656,1120.0,6,0,0,0,0,0,0,0,0,,0,0,0,11,1,1,1,,0.0,40 05:29.000,,0,74 57:56.230,4,0,0,0,67301,0,0,0,N,0,0,0,2,67301,1,,1,1,,N,N,,0,,0,0,1,3,2,,1119,1,2,0,0,0,0,0,3,4,0,2,3,,N,,,,,,,,,,,
2006036864,840.0,0,0,0,0,0,0,0,0,0,8,0,,67,2,2006,5,40.0227,-75.2176,835.0,6,0,0,0,0,0,0,0,0,,0,0,0,8,1,1,2,,0.0,40 01:21.781,,0,75 13:03.226,8,0,0,0,67301,1,0,0,N,1,0,0,2,67301,0,,1,1,,N,N,,0,,0,0,0,0,0,,800,1,2,0,0,0,1,1,3,4,0,1,3,,N,,,,,,,,,,,
2006022174,1750.0,2,0,0,0,0,0,0,0,0,4,0,,67,1,2006,5,40.0729,-75.158,1740.0,6,0,0,0,0,0,0,0,0,,0,0,0,17,4,0,0,,0.0,40 04:22.292,,0,75 09:28.771,9,0,0,0,67301,0,0,0,N,0,0,0,2,67301,0,,1,1,,N,N,,0,,0,0,0,0,0,,1735,0,2,0,0,0,0,2,3,4,0,2,3,,N,,,,,,,,,,,
2006021356,757.0,2,0,0,0,0,0,0,0,0,1,0,,67,1,2006,7,39.961,-75.1822,756.0,6,0,0,0,0,0,0,1,0,,0,0,0,7,1,0,0,,0.0,39 57:40.000,,0,75 10:56.560,0,0,0,0,67301,0,0,0,,0,0,0,2,67301,0,,1,9,,N,N,,0,,0,0,0,0,0,,755,0,2,0,0,0,0,0,3,4,0,2,7,,N,,,,,,,,,,,
2006021357,1125.0,2,0,0,0,0,0,0,0,0,5,0,,67,1,2006,5,39.9246,-75.1807,1122.0,6,0,0,0,0,0,0,1,1,,0,0,0,11,1,2,2,,0.0,39 55:28.394,,0,75 10:50.476,4,0,0,0,67301,0,0,0,N,0,0,0,2,67301,2,,1,1,,N,N,,0,,0,0,0,9,3,,1119,2,2,0,0,0,0,0,3,4,0,2,3,,N,,,,,,,,,,,
2006019039,700.0,0,0,0,0,0,0,0,0,0,8,0,,67,1,2006,3,39.9246,-75.1711,655.0,6,0,0,0,0,0,0,0,0,,0,0,0,6,1,1,2,,0.0,39 55:27.000,,0,75 10:06.390,4,0,0,0,67301,1,0,0,,1,0,0,2,67301,1,,4,1,,,,,0,,0,0,1,0,0,,650,1,2,0,0,0,0,0,3,4,0,1,3,,N,,,,,,,,,,,
2006082006,9999.0,1,0,0,0,0,0,0,0,0,8,0,,67,6,2006,6,40.039,-75.0563,9999.0,6,0,0,0,0,0,0,0,0,,0,0,0,99,3,1,1,,0.0,40 02:20.475,,0,75 03:22.611,4,0,0,0,67301,1,0,0,N,1,0,0,2,67301,1,,1,9,,N,N,,0,,0,0,0,2,2,,9999,1,2,0,0,0,0,0,3,4,0,1,7,,N,,,,,,,,,,,
2006053836,1650.0,2,0,0,0,0,0,0,0,0,2,0,,67,4,2006,7,40.0789,-75.0253,1638.0,6,0,0,0,0,0,2,0,0,1.0,0,0,0,16,1,0,1,,1.0,40 04:43.000,1.0,0,75 01:30.802,0,0,0,0,67301,0,0,0,N,0,0,0,3,67301,0,,1,9,,N,N,,0,,0,0,1,3,2,Y,1630,0,3,0,0,0,0,0,3,4,0,3,7,,N,,,,,,,,,,,
2006053838,245.0,2,0,0,0,0,0,0,0,0,9,0,,67,4,2006,6,40.0924,-75.0125,236.0,6,0,0,0,0,0,0,0,0,,0,0,0,2,3,2,0,,0.0,40 05:32.773,,0,75 00:45.172,8,0,0,0,67301,0,0,0,,0,0,0,4,67301,0,,1,1,,,,,0,,0,0,0,0,0,,230,2,2,0,0,0,2,0,3,4,0,2,3,,N,,,,,,,,,,,
2006053845,607.0,1,0,0,0,0,0,0,0,0,7,0,,67,4,2006,2,39.9039,-75.2402,602.0,6,0,0,0,0,0,0,0,0,,0,0,0,5,5,0,0,,0.0,39 54:13.000,,0,75 14:25.191,0,0,0,0,67301,0,0,0,N,0,0,0,1,67301,0,,5,9,,N,,,0,,0,0,0,3,2,,545,0,1,0,0,0,0,0,3,4,0,1,7,,N,,,,,,,,,,,
2006053870,1115.0,3,0,0,0,0,0,1,0,0,1,1,,67,3,2006,6,40.0664,-75.1589,1105.0,6,0,0,0,0,0,1,1,0,,0,0,0,9,1,3,0,,0.0,40 03:58.000,,0,75 09:31.782,8,0,0,0,67301,0,0,0,N,0,0,0,3,67301,0,,1,1,,N,N,,0,,0,0,0,0,0,,950,3,4,0,0,0,3,0,3,4,0,4,3,,N,,,,,,,,,,,
2006055859,826.0,2,0,0,0,0,0,0,0,0,1,0,,67,3,2006,3,40.0456,-75.128,824.0,6,0,0,1,0,0,0,0,0,1.0,0,0,0,8,1,1,0,,1.0,40 02:43.000,3.0,0,75 07:40.936,8,0,0,0,67301,0,0,0,N,0,0,0,4,67301,0,,1,1,,N,N,,0,,0,0,0,3,2,N,815,1,2,0,0,0,1,0,3,4,0,2,3,,N,,,,,,,,,,,
2006055868,1729.0,0,0,0,0,0,0,1,0,0,8,1,,67,3,2006,2,40.0236,-75.2202,1726.0,6,0,0,0,0,0,1,0,0,,0,0,0,17,1,1,2,,0.0,40 01:25.060,,0,75 13:12.611,3,0,0,0,67301,1,0,0,N,1,0,0,3,67301,0,,1,1,,N,N,,0,,1,0,0,3,3,,1722,1,2,0,0,0,0,0,3,4,0,1,3,,N,,,,,,,,,,,
2006055918,1313.0,4,0,0,0,0,0,0,0,0,1,0,,67,4,2006,1,40.0396,-75.0457,1312.0,6,0,0,0,0,1,0,0,0,,0,0,0,99,1,2,1,,0.0,40 02:22.000,,0,75 02:44.861,8,0,0,0,67301,0,0,0,N,0,0,0,8,67301,0,,1,1,,N,N,,0,,0,0,0,3,2,,9999,2,4,0,0,0,2,0,3,4,0,4,3,,N,,,,,,,,,,,
2006092482,1039.0,1,0,0,0,0,0,0,0,0,6,0,,67,8,2006,1,40.0868,-74.9656,1035.0,6,0,0,0,0,0,0,0,1,,0,0,0,10,1,1,0,,0.0,40 05:12.602,,0,74 57:56.163,8,0,0,0,67301,0,0,0,N,0,0,0,6,67301,0,,1,1,,N,N,,1,,0,0,0,0,0,,1030,1,2,0,0,0,1,0,3,4,0,2,3,,N,,,,,,,,,,,
2006094971,800.0,2,0,0,0,0,0,0,0,0,5,0,,67,8,2006,3,39.9135,-75.2434,755.0,6,0,0,0,0,0,0,0,0,2.0,0,0,0,7,1,1,0,,1.0,39 54:48.000,2.0,0,75 14:36.456,2,0,0,0,67301,0,0,0,N,0,0,0,2,67301,0,,1,1,,N,N,,0,,0,1,0,0,0,N,730,1,2,0,1,1,0,1,3,4,0,2,3,,N,,,,,,,,,,,
2006094985,2015.0,2,0,0,0,0,0,0,0,0,2,0,,67,7,2006,2,39.999,-75.1,2010.0,6,0,0,0,0,0,0,0,0,,0,0,0,19,1,3,1,,0.0,39 59:56.000,,0,75 06:00.023,4,0,0,0,67301,0,0,0,N,0,0,0,5,67301,3,,1,1,,N,N,,0,,0,0,0,3,3,,1945,3,2,0,0,0,0,0,3,4,0,2,3,,N,,,,,,,,,,,
2006056038,131.0,2,0,0,0,0,0,0,0,0,2,0,,67,4,2006,1,40.0116,-75.163,130.0,6,0,0,0,1,0,1,0,0,2.0,0,0,0,1,3,3,1,,2.0,40 00:42.000,6.0,0,75 09:47.574,4,0,0,0,67301,0,0,0,N,0,0,0,5,67301,1,,1,1,,N,N,,0,,0,0,0,3,3,Y,129,3,2,0,0,0,2,0,3,4,0,2,3,,N,,,,,,,,,,,
2006056029,1623.0,2,0,0,0,0,0,0,0,0,6,0,,67,4,2006,4,40.0079,-75.1723,1620.0,6,0,0,0,0,0,0,0,0,3.0,0,0,0,99,1,6,1,,1.0,40 00:28.000,2.0,0,75 10:20.930,8,0,0,0,67301,0,0,0,N,0,0,0,7,67301,0,,1,1,,N,N,,0,,0,0,0,3,2,N,9999,6,2,0,0,0,6,0,3,4,0,2,3,,N,,,,,,,,,,,
2006056119,1725.0,2,0,0,0,0,0,0,0,0,1,0,,67,3,2006,5,39.9494,-75.1643,1722.0,6,0,0,0,0,0,0,0,0,,0,0,0,17,1,1,0,,0.0,39 56:57.000,,0,75 09:51.249,4,0,0,0,67301,0,0,0,N,0,0,0,2,67301,1,,1,1,,N,N,,0,,0,0,0,3,2,,1712,1,2,0,0,0,0,0,3,4,0,2,3,,N,,,,,,,,,,,
2006081457,2137.0,4,0,0,0,0,0,0,0,0,1,0,,67,5,2006,6,40.0748,-75.1596,2133.0,6,0,0,0,1,0,1,0,0,,0,0,0,21,3,1,0,,0.0,40 04:29.359,,0,75 09:34.484,4,0,0,0,67301,0,0,0,N,0,0,0,4,67301,1,,1,1,,N,N,,0,,0,0,0,0,0,,2115,1,4,0,0,0,0,0,3,4,0,4,3,,N,,,,,,,,,,,
2006081572,2300.0,2,0,0,0,0,0,0,0,0,4,0,,67,6,2006,7,40.0416,-75.0675,2255.0,6,0,0,0,0,0,0,0,0,,0,0,0,22,3,0,0,,0.0,40 02:29.581,,0,75 04:02.945,0,0,0,0,67301,0,0,0,N,0,0,0,1,67301,0,,1,1,,N,N,,0,,0,0,0,0,0,,2247,0,2,0,0,0,0,0,3,4,0,2,3,,N,,,,,,,,,,,
2006081601,2130.0,2,0,0,0,0,0,0,0,0,2,0,,67,7,2006,3,40.0125,-75.1504,2130.0,6,0,0,0,0,0,0,1,0,,0,0,0,21,3,2,0,,0.0,40 00:44.000,,0,75 09:02.103,4,0,0,0,67301,0,0,0,N,0,0,0,3,67301,2,,1,9,,N,N,,0,,0,0,0,0,0,,2130,2,2,0,0,1,0,0,3,4,0,2,7,,N,,,,,,,,,,,
2006081609,2210.0,2,0,0,0,0,0,0,0,0,1,0,,67,5,2006,5,40.0251,-75.033,2205.0,6,0,0,0,0,0,1,0,0,,0,0,0,22,3,0,1,,0.0,40 01:37.000,,0,75 02:17.148,0,0,0,0,67301,0,0,0,N,0,0,0,2,67301,0,,1,1,,N,N,,0,,0,0,0,3,2,,2200,0,2,0,0,0,0,0,3,4,0,2,3,,N,,,,,,,,,,,
2006105731,1550.0,4,0,0,0,0,0,0,0,0,1,0,,67,8,2006,4,40.0278,-75.0986,1545.0,6,0,0,0,0,0,0,0,0,,0,0,0,15,1,1,2,,0.0,40 01:39.000,,0,75 05:57.216,8,0,0,0,67301,0,0,0,,0,0,0,4,67301,0,,1,1,,N,N,,0,,0,0,0,3,2,,1525,1,4,0,0,2,1,0,3,4,0,4,3,,N,,,,,,,,,,,
2006113283,1636.0,2,0,0,0,0,0,0,0,0,6,0,,67,8,2006,2,40.0239,-75.1644,1635.0,6,0,0,0,0,0,0,0,1,,0,0,0,16,1,0,0,,0.0,40 01:26.039,,0,75 09:51.714,0,0,0,0,67301,0,0,0,,0,0,0,1,67301,0,,1,1,,,,,0,,0,0,0,0,0,,1635,0,2,0,0,0,0,0,3,4,0,2,3,,N,,,,,,,,,,,
2006113293,1305.0,2,0,0,0,0,0,0,0,0,4,0,,67,10,2006,6,39.9238,-75.2397,1257.0,6,0,0,0,1,0,1,0,0,,0,0,0,12,1,1,1,,0.0,39 55:25.806,,0,75 14:22.876,8,0,0,0,67301,0,0,0,N,0,0,0,2,67301,0,,1,9,,N,N,,0,,0,0,0,3,3,,1255,1,2,0,0,0,1,0,3,4,0,2,7,,N,,,,,,,,,,,
2006113323,1925.0,1,0,0,0,0,0,0,0,0,8,0,,67,10,2006,4,40.0483,-75.0116,1923.0,6,0,0,0,0,0,0,0,0,,0,0,0,19,2,1,1,,0.0,40 02:53.937,,0,75 00:41.835,8,0,0,0,67301,1,0,0,N,1,0,0,2,67301,0,,1,9,,N,N,,0,,0,0,0,3,3,,1922,1,2,0,0,0,1,0,3,4,0,1,7,,N,,,,,,,,,,,
2006113364,1825.0,2,0,0,0,0,0,0,0,0,5,0,,67,9,2006,2,39.9672,-75.1922,1720.0,6,0,0,0,0,0,0,0,0,,0,0,0,17,1,0,0,,0.0,39 58:29.711,,0,75 11:41.767,0,0,0,0,67301,0,0,0,N,0,0,0,2,67301,0,,1,1,,N,N,,0,,0,0,0,3,2,,1705,0,2,0,0,0,0,0,3,4,0,2,3,,N,,,,,,,,,,,
2006105745,1140.0,2,0,0,0,0,0,0,0,0,5,0,,67,8,2006,7,,,1130.0,6,0,0,0,0,0,0,0,0,,0,0,0,11,1,0,1,,0.0,,,0,,0,0,0,0,67301,0,0,0,N,0,0,0,3,67301,0,,1,1,,N,N,,0,,0,0,0,2,2,,1100,0,2,0,0,1,0,0,3,3,0,2,3,,N,,,,,,,,,,,
2006105773,1300.0,0,0,0,0,0,0,0,0,0,5,0,,67,8,2006,6,40.0205,-75.1924,1343.0,6,0,0,0,0,0,2,0,0,,0,0,0,13,1,1,1,,0.0,40 01:13.000,,0,75 11:32.906,4,0,0,2,67301,0,0,0,N,0,0,0,2,67301,1,,1,1,,N,N,,0,,0,0,0,3,2,,1343,1,2,0,0,0,0,0,3,4,0,2,3,,N,,,,,,,,,,,
2006105818,1643.0,1,0,0,0,0,0,0,0,0,8,0,,67,8,2006,1,40.0454,-75.1266,1641.0,6,0,0,0,0,1,0,0,0,,0,0,0,16,1,1,1,,0.0,40 02:43.000,,0,75 07:35.855,4,0,0,0,67301,1,0,0,N,1,0,0,2,67301,1,,1,1,,N,N,,0,,0,0,0,0,0,,1641,1,2,0,0,1,0,0,3,4,0,1,3,,N,,,,,,,,,,,
2006105839,100.0,1,0,0,0,0,0,0,0,0,2,0,,67,8,2006,6,40.0404,-75.1242,1244.0,6,0,0,0,0,0,0,0,0,,0,0,0,23,3,1,1,,0.0,40 02:25.287,,0,75 07:26.991,4,0,0,0,67301,0,0,0,N,0,0,0,8,67301,1,,1,1,,N,N,,0,,0,0,1,3,2,,2343,1,2,0,0,0,0,0,3,4,0,2,3,,N,,,,,,,,,,,
2006124216,2335.0,2,0,0,0,0,0,0,0,0,1,0,,67,10,2006,6,39.9556,-75.1807,2328.0,6,0,0,0,0,0,0,0,0,1.0,0,0,0,23,3,0,0,,2.0,39 57:26.000,4.0,0,75 10:49.078,0,0,0,0,67301,0,0,0,N,0,0,0,3,67301,0,,1,9,,N,N,,0,,0,0,0,0,0,N,2304,0,2,0,0,0,0,0,3,4,0,2,7,,N,,,,,,,,,,,
2006124218,1640.0,0,0,0,0,0,0,0,0,0,5,0,,67,10,2006,6,,,1630.0,6,0,0,0,0,0,0,0,0,,0,0,0,16,1,1,0,,0.0,,,0,,4,0,0,0,67301,0,0,0,,0,0,0,2,67301,1,,1,9,,N,N,,1,,0,0,1,0,0,,1625,1,2,0,0,0,0,0,3,3,0,2,7,,N,,,,,,,,,,,
2006054217,246.0,4,0,0,0,0,0,0,0,0,1,0,,67,3,2006,1,40.041,-75.2249,244.0,6,0,0,0,0,0,0,0,0,,0,0,0,2,3,0,0,,0.0,40 02:27.600,,0,75 13:30.000,0,0,0,0,67301,0,0,0,N,0,0,0,1,67301,0,,6,1,,N,N,,0,,0,0,1,0,0,,243,0,5,0,0,0,0,0,3,4,0,5,3,,N,,,,,,,,,,,
2006036802,1829.0,2,0,0,0,0,0,0,0,0,4,0,,67,2,2006,4,40.063,-75.055,1826.0,6,0,0,0,0,0,0,0,0,,0,0,0,18,3,2,1,,0.0,40 03:46.000,,0,75 03:18.397,8,0,0,0,67301,0,0,0,,0,0,0,3,67301,0,,1,1,,N,N,,0,,0,0,0,9,3,,1824,2,2,0,0,0,2,0,3,4,0,2,3,,N,,,,,,,,,,,
2006036819,635.0,1,0,0,0,0,0,0,0,0,1,0,,67,2,2006,4,40.0486,-74.9986,629.0,6,0,0,0,0,0,0,0,0,,0,0,0,6,3,0,0,,0.0,40 02:54.000,,0,74 59:52.872,9,0,0,0,67301,0,0,0,N,0,0,0,2,67301,0,,1,1,,N,N,,1,,0,0,0,0,0,,629,0,2,0,0,0,0,1,3,4,0,2,3,,N,,,,,,,,,,,
2006037200,2310.0,1,0,0,0,0,0,0,0,0,4,0,,67,2,2006,7,40.0455,-75.2323,2308.0,6,0,0,0,0,1,0,0,0,,0,0,0,23,3,1,0,,0.0,40 02:43.000,,0,75 13:56.224,4,0,0,0,67301,0,0,0,,0,0,0,2,67301,1,,1,7,,,,,0,,0,0,1,3,2,,2300,1,2,0,0,0,0,0,3,4,0,2,10,,N,,,,,,,,,,,
2006022198,1108.0,2,0,0,0,0,0,0,0,0,4,0,,67,1,2006,3,40.0314,-75.1275,1058.0,6,0,0,0,0,0,0,0,0,,0,0,0,10,1,1,1,,0.0,40 01:52.924,,0,75 07:38.996,8,0,0,0,67301,0,0,0,,0,0,0,2,67301,0,,1,9,,N,N,,0,,0,0,0,3,3,,1050,1,2,0,0,0,1,0,3,4,0,2,7,,N,,,,,,,,,,,