CRN,ARRIVAL_TM,AUTOMOBILE_COUNT,BELTED_DEATH_COUNT,BELTED_SUSP_SERIOUS_INJ_COUNT,BICYCLE_COUNT,BICYCLE_DEATH_COUNT,BICYCLE_SUSP_SERIOUS_INJ_COUNT,BUS_COUNT,CHLDPAS_DEATH_COUNT,CHLDPAS_SUSP_SERIOUS_INJ_COUNT,COLLISION_TYPE,COMM_VEH_COUNT,CONS_ZONE_SPD_LIM,COUNTY,CRASH_MONTH,CRASH_YEAR,DAY_OF_WEEK,DEC_LAT,DEC_LONG,DISPATCH_TM,DISTRICT,DRIVER_COUNT_16YR,DRIVER_COUNT_17YR,DRIVER_COUNT_18YR,DRIVER_COUNT_19YR,DRIVER_COUNT_20YR,DRIVER_COUNT_50_64YR,DRIVER_COUNT_65_74YR,DRIVER_COUNT_75PLUS,EST_HRS_CLOSED,FATAL_COUNT,HEAVY_TRUCK_COUNT,HORSE_BUGGY_COUNT,HOUR_OF_DAY,ILLUMINATION,INJURY_COUNT,INTERSECT_TYPE,INTERSECTION_RELATED,LANE_CLOSED,LATITUDE,LN_CLOSE_DIR,LOCATION_TYPE,LONGITUDE,MAX_SEVERITY_LEVEL,MCYCLE_DEATH_COUNT,MCYCLE_SUSP_SERIOUS_INJ_COUNT,MOTORCYCLE_COUNT,MUNICIPALITY,NONMOTR_COUNT,NONMOTR_DEATH_COUNT,NONMOTR_SUSP_SERIOUS_INJ_COUNT,NTFY_HIWY_MAINT,PED_COUNT,PED_DEATH_COUNT,PED_SUSP_SERIOUS_INJ_COUNT,PERSON_COUNT,POLICE_AGCY,POSSIBLE_INJ_COUNT,RDWY_SURF_TYPE_CD,RELATION_TO_ROAD,ROAD_CONDITION,ROADWAY_CLEARED,SCH_BUS_IND,SCH_ZONE_IND,SECONDARY_CRASH,SMALL_TRUCK_COUNT,SPEC_JURIS_CD,SUSP_MINOR_INJ_COUNT,SUSP_SERIOUS_INJ_COUNT,SUV_COUNT,TCD_FUNC_CD,TCD_TYPE,TFC_DETOUR_IND,TIME_OF_DAY,TOT_INJ_COUNT,TOTAL_UNITS,UNB_DEATH_COUNT,UNB_SUSP_SERIOUS_INJ_COUNT,UNBELTED_OCC_COUNT,UNK_INJ_DEG_COUNT,UNK_INJ_PER_COUNT,URBAN_AREA,URBAN_RURAL,VAN_COUNT,VEHICLE_COUNT,WEATHER1,WEATHER2,WORK_ZONE_IND,WORK_ZONE_LOC,WORK_ZONE_TYPE,WORKERS_PRES,WZ_CLOSE_DETOUR,WZ_FLAGGER,WZ_LAW_OFFCR_IND,WZ_LN_CLOSURE,WZ_MOVING,WZ_OTHER,WZ_SHLDER_MDN,WZ_WORKERS_INJ_KILLED
2006022200,1725.0,0,0,0,0,0,0,0,0,0,4,0,,67,1,2006,6,39.9579,-75.1641,1723.0,6,0,0,0,0,0,0,0,0,,0,0,0,17,1,2,5,,0.0,39 57:27.000,,0,75 09:50.847,4,0,0,0,67301,0,0,0,N,0,0,0,4,67301,2,,1,1,,N,N,,1,,0,0,1,3,2,,1720,2,2,0,0,1,0,0,3,4,0,2,5,,N,,,,,,,,,,,
2006021353,2059.0,2,0,0,0,0,0,0,0,0,1,0,,67,1,2006,4,39.9416,-75.2089,2057.0,6,0,0,0,0,0,1,0,0,,0,0,0,20,3,1,0,,0.0,39 56:29.835,,0,75 12:31.978,4,0,0,0,67301,0,0,0,N,0,0,0,2,67301,1,,1,9,,N,N,,0,,0,0,0,3,2,,2057,1,2,0,0,2,0,0,3,4,0,2,7,,N,,,,,,,,,,,
2006023973,1640.0,1,0,0,0,0,0,1,0,0,1,1,,67,1,2006,2,40.0395,-75.0455,1633.0,6,0,0,0,0,0,0,0,0,,0,0,0,15,1,1,0,,0.0,40 02:22.000,,0,75 02:44.083,8,0,0,0,67301,0,0,0,N,0,0,0,3,67301,0,,2,1,,Y,N,,0,,0,0,0,0,0,,1529,1,3,0,0,0,1,0,3,4,0,3,7,,N,,,,,,,,,,,
2006021364,1333.0,1,0,0,0,0,0,0,0,0,1,0,,67,1,2006,5,40.0087,-75.0832,1327.0,6,0,0,0,0,0,0,0,1,,0,1,0,13,1,1,0,,0.0,40 00:31.000,,0,75 05:00.665,3,0,0,0,67301,0,0,0,N,0,0,0,3,67301,0,,1,1,,N,N,,0,,1,0,0,0,0,,1325,1,2,0,0,0,0,0,3,4,0,2,3,,N,,,,,,,,,,,
2006092366,1508.0,1,0,0,0,0,0,0,0,0,1,1,,67,7,2006,2,40.0483,-74.9904,1449.0,6,0,0,0,0,0,0,0,0,,0,1,0,14,1,1,2,,0.0,40 02:53.993,,0,74 59:25.348,3,0,0,0,67301,0,0,0,N,0,0,0,2,67301,0,,1,1,,N,N,,0,,1,0,0,3,2,,1400,1,2,0,0,0,0,0,3,4,0,2,3,,N,,,,,,,,,,,
2006092377,1916.0,3,0,0,0,0,0,0,0,0,4,0,,67,1,2006,3,39.9925,-75.083,1915.0,6,0,0,0,0,0,1,0,0,9.0,1,0,0,19,3,2,1,,1.0,39 59:32.889,7.0,0,75 04:58.651,1,0,0,0,67301,0,0,0,,0,0,0,5,67301,1,2.0,1,1,,N,,,0,0.0,1,0,1,3,3,N,1914,2,4,0,0,0,0,0,3,4,0,4,3,,N,,,,,,,,,,,
2006092392,1152.0,1,0,0,0,0,0,0,0,0,8,0,,67,8,2006,6,,,1150.0,6,0,0,0,0,0,1,0,0,,0,0,0,11,1,1,0,,0.0,,,0,,4,0,0,0,67301,1,0,0,N,1,0,0,2,67301,1,,1,1,,N,N,,0,,0,0,0,0,0,,1146,1,2,0,0,0,0,0,3,3,0,1,3,,N,,,,,,,,,,,
2006053820,55.0,0,0,0,0,0,0,0,0,0,0,1,,67,3,2006,7,39.89,-75.2306,20.0,6,0,0,0,0,0,0,0,0,5.0,0,1,0,0,3,0,0,,2.0,39 53:25.000,1.0,2,75 13:49.242,0,0,0,0,67301,0,0,0,,0,0,0,1,67301,0,,1,1,,N,N,,0,,0,0,0,3,8,Y,5,0,1,0,0,0,0,0,3,4,0,1,3,,N,,,,,,,,,,,
2006094905,2100.0,0,0,0,0,0,0,0,0,0,1,0,,67,7,2006,3,40.0418,-75.1124,2100.0,6,0,0,0,0,0,0,0,0,,0,0,0,20,3,1,1,,0.0,40 02:30.000,,1,75 06:44.799,3,0,0,0,67301,0,0,0,N,0,0,0,3,67301,0,,1,1,,N,N,,0,,1,0,1,0,0,,2000,1,3,0,0,0,0,2,3,4,2,3,3,,N,,,,,,,,,,,
2006055867,433.0,1,0,0,0,0,0,0,0,0,1,0,,67,3,2006,5,40.0468,-75.2293,425.0,6,0,0,0,0,0,1,0,0,,0,0,0,4,3,1,0,,0.0,40 02:48.541,,0,75 13:45.526,3,0,0,0,67301,0,0,0,N,0,0,0,1,67301,0,,6,1,,N,N,,0,,1,0,0,0,0,,425,1,2,0,0,1,0,0,3,4,1,2,3,,N,,,,,,,,,,,
2006092471,1505.0,1,0,0,0,0,0,0,0,0,8,0,,67,8,2006,6,40.0116,-75.163,1505.0,6,0,0,0,0,0,0,0,0,,0,0,0,15,1,1,1,,0.0,40 00:42.000,,0,75 09:47.574,4,0,0,0,67301,1,0,0,N,1,0,0,2,67301,1,,1,1,,N,N,,0,,0,0,0,0,0,,1500,1,2,0,0,0,0,0,3,4,0,1,3,,N,,,,,,,,,,,
2006055938,1530.0,1,0,0,1,0,0,0,0,0,2,0,,67,3,2006,7,,,1530.0,6,0,0,0,0,0,0,0,0,,0,0,0,15,1,1,0,,0.0,,,0,,4,0,0,0,67301,1,0,0,N,0,0,0,3,67301,1,,1,1,,N,N,,0,,0,0,0,0,0,,1515,1,2,0,0,0,0,0,3,3,0,1,3,,N,,,,,,,,,,,
2006055939,820.0,1,0,0,0,0,0,0,0,0,4,0,,67,3,2006,4,,,802.0,6,0,0,0,0,0,0,0,0,1.0,0,0,0,8,1,1,0,,1.0,,4.0,0,,4,0,0,0,67301,0,0,0,N,0,0,0,2,67301,1,,1,1,,N,N,,1,,0,0,0,0,0,N,800,1,2,0,0,0,0,0,3,3,0,2,3,,N,,,,,,,,,,,
2006056066,405.0,2,0,0,0,0,0,0,0,0,1,0,,67,3,2006,1,40.0158,-75.1497,400.0,6,0,0,0,0,0,1,0,0,,0,0,0,4,3,1,0,,0.0,40 00:56.000,,0,75 08:59.395,8,0,0,0,67301,0,0,0,N,0,0,0,2,67301,0,,1,1,,N,N,,0,,0,0,0,0,0,,400,1,2,0,0,0,1,0,3,4,0,2,3,,N,,,,,,,,,,,
2006056079,1932.0,1,0,0,0,0,0,0,0,0,8,0,,67,4,2006,7,,,1931.0,6,0,0,0,0,0,0,0,0,,0,0,0,19,4,1,1,,0.0,,,0,,4,0,0,0,67301,1,0,0,,1,0,0,2,67301,1,,2,1,,,,,0,,0,0,0,0,0,,1931,1,2,0,0,0,0,1,3,3,0,1,3,,N,,,,,,,,,,,
2006056104,1451.0,1,0,0,0,0,0,0,0,0,7,0,,67,3,2006,7,39.9197,-75.203,1448.0,6,0,0,0,0,0,0,0,0,,0,0,0,14,1,0,0,,0.0,39 55:10.000,,3,75 12:10.828,0,0,0,0,67301,0,0,0,N,0,0,0,1,67301,0,,2,9,,N,N,,0,,0,0,0,0,0,,1447,0,1,0,0,0,0,0,3,4,0,1,7,,N,,,,,,,,,,,
2006056133,25.0,0,0,0,1,0,0,0,0,0,8,0,,67,3,2006,7,40.0307,-75.0548,24.0,6,0,0,0,0,0,0,0,0,,0,0,0,0,3,1,1,,0.0,40 01:50.000,,0,75 03:17.421,8,0,0,0,67301,1,0,0,N,0,0,0,2,67301,0,,1,1,,N,N,,0,,0,0,1,3,2,,20,1,2,0,0,0,1,1,3,4,0,1,3,,N,,,,,,,,,,,
2006056245,2135.0,2,0,0,0,0,0,0,0,0,4,0,,67,3,2006,5,39.9609,-75.245,2127.0,6,0,0,0,0,0,2,0,0,,0,0,0,21,3,1,1,,0.0,39 57:39.000,,0,75 14:42.167,8,0,0,0,67301,0,0,0,N,0,0,0,3,67301,0,,1,1,,N,N,,0,,0,0,0,3,2,,2127,1,2,0,0,0,1,1,3,4,0,2,3,,N,,,,,,,,,,,
2006056267,1930.0,1,0,0,0,0,0,0,0,0,4,0,,67,4,2006,4,,,1930.0,6,0,0,0,0,0,0,0,0,,0,0,0,19,1,0,1,,0.0,,,0,,9,0,0,0,67301,0,0,0,N,0,0,0,5,67301,0,,1,1,,N,N,,0,,0,0,0,3,2,,1930,0,2,0,0,0,0,2,3,3,0,2,3,,N,,,,,,,,,,,
2006056338,1140.0,1,0,0,0,0,0,0,0,0,2,0,,67,3,2006,3,,,1140.0,6,0,0,0,0,0,1,0,0,,0,0,0,11,1,1,1,,0.0,,,0,,4,0,0,0,67301,0,0,0,N,0,0,0,2,67301,1,,1,1,,N,N,,1,,0,0,0,3,2,,1135,1,2,0,0,0,0,0,3,3,0,2,3,,N,,,,,,,,,,,
2006092756,2030.0,2,0,0,0,0,0,0,0,0,4,0,,67,8,2006,2,39.9383,-75.1987,2025.0,6,0,0,0,0,0,0,0,0,,0,0,0,20,3,3,1,,0.0,39 56:17.000,,0,75 11:55.311,3,0,0,0,67301,0,0,0,N,0,0,0,3,67301,0,,1,1,,N,N,,0,,3,0,0,3,2,,2015,3,2,0,0,0,0,0,3,4,0,2,3,,N,,,,,,,,,,,
2006056403,1005.0,0,0,0,0,0,0,0,0,0,1,0,,67,4,2006,2,39.9507,-75.1504,1000.0,6,0,0,0,0,0,0,0,0,,0,0,0,9,1,1,2,,0.0,39 57:02.000,,0,75 09:01.520,4,0,0,0,67301,0,0,0,N,0,0,0,3,67301,1,,1,1,,N,N,,0,,0,0,2,0,0,,950,1,2,0,0,0,0,0,3,4,0,2,3,,N,,,,,,,,,,,
2006053984,1614.0,0,0,0,0,0,0,0,0,0,2,0,,67,4,2006,3,40.072,-75.013,1609.0,6,0,0,0,0,0,1,0,0,,0,0,0,15,1,1,1,,0.0,40 04:19.000,,0,75 00:46.805,8,0,0,0,67301,0,0,0,N,0,0,0,2,67301,0,,1,1,,N,N,,2,,0,0,0,9,2,,1542,1,2,0,0,0,1,0,3,4,0,2,3,,N,,,,,,,,,,,
2006033168,727.0,2,0,0,0,0,0,0,0,0,4,0,,67,1,2006,2,,,726.0,6,0,0,0,0,0,0,0,0,,0,0,0,7,1,3,1,,0.0,,,0,,8,0,0,0,67301,0,0,0,N,0,0,0,5,67504,0,,1,9,,N,Y,,0,,0,0,0,3,3,,724,3,2,0,0,1,3,0,3,3,0,2,3,,N,,,,,,,,,,,
2006081026,9999.0,0,0,0,0,0,0,0,0,0,8,0,,67,6,2006,4,39.904,-75.2401,1222.0,6,0,0,0,0,0,0,0,0,,0,0,0,12,1,1,1,,0.0,39 54:14.000,,0,75 14:24.588,4,0,0,0,67301,1,0,0,N,1,0,0,2,67301,1,,3,9,,N,N,,0,,0,0,0,3,2,,1220,1,2,0,0,0,0,0,3,4,0,1,7,,N,,,,,,,,,,,
2006081049,1724.0,2,0,0,0,0,0,0,0,0,4,0,,67,6,2006,6,40.0374,-75.1909,1721.0,6,0,0,0,0,0,2,0,0,1.0,0,0,0,17,1,0,1,,1.0,40 02:14.460,1.0,0,75 11:27.412,9,0,0,0,67301,0,0,0,N,0,0,0,3,67301,0,,1,9,,N,N,,0,,0,0,0,0,0,N,1700,0,3,0,0,0,0,1,3,4,0,3,7,,N,,,,,,,,,,,
2006081085,755.0,1,0,0,0,0,0,0,0,0,2,0,,67,6,2006,5,39.9197,-75.225,740.0,6,0,0,1,0,0,1,0,0,,0,0,0,7,1,2,1,,0.0,39 55:11.000,,0,75 13:29.926,3,0,0,0,67301,0,0,0,,0,0,0,2,67301,0,,1,1,,,,,0,,2,0,0,2,2,,720,2,2,0,0,0,0,0,3,4,1,2,3,,N,,,,,,,,,,,
2006081088,2108.0,1,0,0,0,0,0,0,0,0,4,0,,67,7,2006,5,,,2108.0,6,0,0,0,0,0,0,0,0,,0,0,0,21,6,3,1,,0.0,,,0,,8,0,0,0,67301,0,0,0,N,0,0,0,3,67301,0,,1,1,,N,N,,0,,0,0,1,3,2,,2107,3,2,0,0,1,3,0,3,3,0,2,3,,N,,,,,,,,,,,
2006081510,1411.0,2,0,0,0,0,0,0,0,0,4,0,,67,7,2006,3,40.0327,-75.1242,1401.0,6,0,0,0,0,0,0,0,0,,0,0,0,99,1,2,0,,0.0,40 01:57.716,,7,75 07:27.087,4,0,0,0,67301,0,0,0,N,0,0,0,4,67301,2,,1,1,,N,N,,0,,0,0,0,0,0,,9999,2,2,0,0,0,0,0,3,4,0,2,3,,N,,,,,,,,,,,
2006081559,1111.0,1,0,0,0,0,0,0,0,0,7,0,,67,5,2006,7,39.9674,-75.2457,1059.0,6,0,0,0,0,0,1,0,0,,0,0,0,10,1,2,1,,0.0,39 58:02.000,,0,75 14:44.794,4,0,0,0,67301,0,0,0,N,0,0,0,2,67301,2,,5,1,,N,N,,0,,0,0,0,3,2,,1055,2,1,0,0,0,0,0,3,4,0,1,3,,N,,,,,,,,,,,
2006081417,1840.0,1,0,0,0,0,0,0,0,0,4,0,,67,7,2006,1,,,1834.0,6,0,0,0,0,0,0,0,0,,0,0,0,18,1,1,1,,0.0,,,0,,4,0,0,0,67301,0,0,0,N,0,0,0,3,67301,1,,1,1,,N,N,,0,,0,0,1,3,2,,1830,1,2,0,0,0,0,1,3,3,0,2,3,,N,,,,,,,,,,,
2006081636,1134.0,1,0,0,1,0,0,0,0,0,4,0,,67,5,2006,3,,,1131.0,6,0,0,0,0,0,0,0,0,,0,0,0,11,1,1,0,,0.0,,,0,,4,0,0,0,67301,1,0,0,N,0,0,0,2,67301,1,,1,1,,N,N,,0,,0,0,0,0,0,,1128,1,2,0,0,0,0,0,3,3,0,1,3,,N,,,,,,,,,,,
2006115780,2130.0,6,0,0,0,0,0,1,0,0,6,1,,67,9,2006,3,39.9555,-75.234,2130.0,6,0,1,0,0,0,0,0,0,,0,0,0,21,3,1,0,,0.0,39 57:19.743,,0,75 14:02.415,8,0,0,0,67301,0,0,0,,0,0,0,14,67301,0,,1,1,,,,,0,,0,0,0,0,0,,2130,1,7,0,0,0,1,13,3,4,0,7,3,,N,,,,,,,,,,,
2006105743,900.0,2,0,0,0,0,0,0,0,0,1,0,,67,7,2006,1,,,845.0,6,0,0,0,0,0,0,0,0,,0,0,0,7,1,0,0,,0.0,,,0,,0,0,0,0,67301,0,0,0,N,0,0,0,1,67301,0,,2,1,,N,N,,0,,0,0,0,0,0,,715,0,2,0,0,0,0,0,3,3,0,2,3,,N,,,,,,,,,,,
2006113267,1830.0,1,0,0,0,0,0,0,0,0,1,0,,67,9,2006,2,40.0608,-75.0826,1824.0,6,0,0,0,0,0,0,0,1,,0,0,0,18,1,2,0,,0.0,40 03:38.000,,0,75 04:57.249,8,0,0,0,67301,0,0,0,,0,0,0,2,67601,0,,1,1,,,,,0,,0,0,1,0,0,,1815,2,2,0,0,0,2,0,3,4,0,2,3,,N,,,,,,,,,,,
2006113334,825.0,1,0,0,0,0,0,0,0,0,8,0,,67,10,2006,4,39.9932,-75.1613,820.0,6,0,0,0,0,0,0,0,0,,0,0,0,8,1,1,1,,0.0,39 59:35.502,,0,75 09:40.669,8,0,0,0,67301,1,0,0,N,1,0,0,2,67301,0,,9,1,,N,N,,0,,0,0,0,3,3,,810,1,2,0,0,0,1,0,3,4,0,1,3,,N,,,,,,,,,,,
2006113451,1550.0,1,0,0,0,0,0,0,0,0,4,0,,67,10,2006,7,39.9568,-75.1556,1545.0,6,0,0,0,0,0,0,0,0,,0,0,0,15,1,1,2,,0.0,39 57:25.000,,0,75 09:19.625,4,0,0,0,67301,0,0,0,N,0,0,0,2,67301,1,,1,1,,N,N,,0,,0,0,1,3,2,,1540,1,2,0,0,0,0,0,3,4,0,2,3,,N,,,,,,,,,,,
2006103379,2357.0,1,0,0,0,0,0,0,0,0,4,0,,67,9,2006,7,40.0445,-75.1194,2349.0,6,1,0,0,0,0,1,0,0,,0,0,0,22,3,2,1,,0.0,40 02:40.000,,0,75 07:09.950,4,0,0,0,67301,0,0,0,N,0,0,0,2,67301,1,,1,9,,N,N,,0,,0,0,1,3,2,,2247,2,2,0,0,0,1,0,3,4,0,2,7,,N,,,,,,,,,,,
2006124221,1318.0,0,0,0,0,0,0,0,0,0,0,0,,67,10,2006,1,40.1004,-74.9968,1313.0,6,0,0,0,0,0,0,0,0,,0,0,0,13,1,1,0,,0.0,40 06:01.386,,0,74 59:48.494,3,0,0,1,67301,0,0,0,N,0,0,0,1,67301,0,,1,1,,N,N,,0,,1,0,0,0,0,,1300,1,1,0,0,0,0,0,3,4,0,1,98,,N,,,,,,,,,,,
2006035790,1920.0,2,0,0,0,0,0,0,0,0,4,0,,67,2,2006,7,40.0517,-75.1941,1915.0,6,0,0,0,0,0,0,0,1,,0,0,0,19,3,1,1,,0.0,40 03:05.000,,0,75 11:38.550,4,0,0,0,67301,0,0,0,N,0,0,0,2,67301,1,,1,1,,N,N,,0,,0,0,0,3,2,,1900,1,2,0,0,0,0,0,3,4,0,2,3,,N,,,,,,,,,,,
2006036812,1345.0,1,0,0,0,0,0,0,0,0,1,0,,67,2,2006,3,40.0395,-75.0143,1330.0,6,0,0,0,0,0,0,0,0,,0,0,0,99,1,0,1,,0.0,40 02:22.074,,0,75 00:51.519,9,0,0,0,67301,0,0,0,N,0,0,0,2,67301,0,,1,1,,N,N,,0,,0,0,0,2,3,,9999,0,2,0,0,1,0,1,3,4,0,2,3,,N,,,,,,,,,,,
2006036899,1640.0,0,0,0,0,0,0,0,0,0,8,1,,67,2,2006,2,,,1628.0,6,0,0,0,0,0,0,0,0,,0,1,0,14,1,1,1,,0.0,,,0,,4,0,0,0,67301,1,0,0,,1,0,0,2,67301,1,,2,6,,N,N,,0,,0,0,0,9,3,,1430,1,2,0,0,0,0,0,3,3,0,1,10,,N,,,,,,,,,,,
2006037201,339.0,2,0,0,0,0,0,0,0,0,1,0,,67,2,2006,6,,,339.0,6,0,0,0,0,0,0,0,0,,0,0,0,3,3,1,0,,0.0,,,0,,3,0,0,0,67301,0,0,0,,0,0,0,2,67301,0,,6,9,,,,,0,,1,0,0,0,0,,335,1,2,0,0,1,0,0,3,3,0,2,7,,N,,,,,,,,,,,
2006037206,1435.0,1,0,0,0,0,0,0,0,0,1,0,,67,1,2006,1,39.9537,-75.1397,1429.0,6,0,0,0,0,0,1,0,0,,0,0,0,14,1,1,0,,0.0,39 57:12.000,,0,75 08:22.993,4,0,0,1,67301,2,0,0,N,0,0,0,4,67301,1,,6,1,,N,N,,0,,0,0,1,0,0,,1429,1,3,0,0,0,0,0,3,4,0,3,3,,N,,,,,,,,,,,
2006037172,1634.0,1,0,0,0,0,0,0,0,0,4,0,,67,3,2006,3,,,1628.0,6,0,0,0,0,0,0,0,0,,0,0,0,16,1,1,1,,0.0,,,1,,3,0,0,0,67301,1,0,0,,0,0,0,2,67301,0,,1,1,,N,N,,0,,1,0,0,2,2,,1625,1,2,0,0,0,0,0,3,3,0,1,3,,N,,,,,,,,,,,
2006037178,1050.0,2,0,0,0,0,0,0,0,0,1,0,,67,2,2006,6,,,1045.0,6,0,0,0,0,0,1,0,0,,0,0,0,10,1,2,2,,0.0,,,0,,8,0,0,0,67301,0,0,0,,0,0,0,2,67301,0,,1,9,,,,,0,,0,0,0,0,0,,1030,2,2,0,0,0,2,0,3,3,0,2,7,,N,,,,,,,,,,,
2006022187,1645.0,2,0,0,0,0,0,0,0,0,4,0,,67,1,2006,5,39.9579,-75.1641,1641.0,6,0,0,0,0,0,1,0,0,,0,0,0,99,4,3,1,,0.0,39 57:27.000,,0,75 09:50.916,8,0,0,0,67301,0,0,0,N,0,0,0,4,67301,0,,1,9,,N,N,,0,,0,0,0,3,2,,9999,3,2,0,0,0,3,0,3,4,0,2,7,,N,,,,,,,,,,,
2006018677,611.0,0,0,0,0,0,0,0,0,0,7,0,,67,1,2006,4,,,609.0,6,0,0,0,0,0,0,0,0,,0,0,0,6,3,1,0,,0.0,,,0,,3,0,0,0,67301,0,0,0,N,0,0,0,1,67301,0,,4,2,,N,N,,0,,1,0,1,0,0,,605,1,1,0,0,0,0,0,3,3,0,1,98,,N,,,,,,,,,,,
2006021259,1102.0,1,0,0,0,0,0,0,0,0,8,0,,67,1,2006,3,,,1053.0,6,0,0,0,0,0,0,0,0,,0,0,0,10,1,1,1,,0.0,,,0,,4,0,0,0,67301,1,0,0,,1,0,0,2,67301,1,,1,1,,N,N,,0,,0,0,0,9,3,,1050,1,2,0,0,0,0,0,3,3,0,1,3,,N,,,,,,,,,,,
2006021362,1211.0,2,0,0,0,0,0,0,0,0,2,0,,67,1,2006,5,40.0313,-75.0849,1205.0,6,0,0,0,0,0,0,0,0,,0,0,0,11,1,2,5,,0.0,40 01:53.078,,0,75 05:05.038,4,0,0,0,67301,0,0,0,N,0,0,0,4,67301,2,,1,1,,N,N,,0,,0,0,0,3,2,,1150,2,2,0,0,0,0,1,3,4,0,2,3,,N,,,,,,,,,,,
2006021325,1606.0,1,0,0,0,0,0,0,0,0,8,0,,67,1,2006,2,39.9956,-75.1675,1602.0,6,0,0,0,0,0,0,0,0,,0,0,0,19,3,1,1,,0.0,39 59:44.000,,0,75 10:03.328,3,0,0,0,67301,1,0,0,,1,0,0,2,67301,0,,1,9,,N,N,,0,,1,0,0,3,2,,1930,1,2,0,0,0,0,0,3,4,0,1,7,,N,,,,,,,,,,,
2006019036,1855.0,2,0,0,0,0,0,0,0,0,1,0,,67,1,2006,5,39.9985,-75.0812,1847.0,6,0,1,0,0,0,0,0,0,,0,0,0,18,3,0,0,,0.0,39 59:54.000,,0,75 04:52.511,0,0,0,0,67301,0,0,0,N,0,0,0,3,67301,0,,1,1,,N,N,,1,,0,0,0,0,0,,1847,0,3,0,0,0,0,0,3,4,0,3,3,,N,,,,,,,,,,,
2006053819,1906.0,2,0,0,0,0,0,0,0,0,1,0,,67,4,2006,6,,,1859.0,6,0,0,0,0,0,0,0,0,,0,0,0,18,1,1,0,,0.0,,,0,,4,0,0,0,67301,0,0,0,N,0,0,0,2,67301,1,,1,1,,N,N,,0,,0,0,0,0,0,,1859,1,2,0,0,0,0,0,3,3,0,2,3,,N,,,,,,,,,,,
2006094887,642.0,2,0,0,0,0,0,0,0,0,6,0,,67,7,2006,2,40.0468,-75.0703,640.0,6,0,0,0,0,0,0,0,0,2.0,0,0,0,4,6,2,1,,2.0,40 02:48.000,7.0,1,75 04:13.036,3,0,0,0,67301,0,0,0,N,0,0,0,3,67301,1,,1,1,,N,N,,0,,1,0,1,3,2,Y,435,2,3,0,0,0,0,0,3,4,0,3,3,,N,,,,,,,,,,,
2006094949,1400.0,2,0,0,0,0,0,0,0,0,4,0,,67,8,2006,1,39.9961,-75.1471,1330.0,6,0,0,0,0,0,1,0,0,,0,0,0,13,1,1,1,,0.0,39 59:46.100,,0,75 08:49.451,3,0,0,0,67301,0,0,0,N,0,0,0,4,67301,0,,1,1,,N,N,,0,,1,0,0,3,2,,1330,1,2,0,0,0,0,3,3,4,0,2,3,,N,,,,,,,,,,,
2006019775,1120.0,1,0,0,0,0,0,0,0,0,5,0,,67,1,2006,2,,,1115.0,6,0,0,0,0,0,1,0,1,,0,0,0,11,1,1,1,,0.0,,,0,,8,0,0,0,67301,0,0,0,,0,0,0,2,67301,0,,1,9,,N,N,,0,,0,0,1,9,2,,1100,1,2,0,0,1,1,0,3,3,0,2,7,,N,,,,,,,,,,,
2006092496,9999.0,1,0,0,0,0,0,0,0,0,8,0,,67,8,2006,4,,,9999.0,6,0,0,0,0,0,0,0,0,,0,0,0,19,3,1,0,,0.0,,,0,,4,0,0,0,67301,1,0,0,N,1,0,0,2,67301,1,,1,1,,N,N,,0,,0,0,0,0,0,,1955,1,2,0,0,0,0,0,3,3,0,1,3,,N,,,,,,,,,,,
2006056037,1410.0,2,0,0,0,0,0,0,0,0,4,0,,67,4,2006,7,40.0211,-75.1575,1405.0,6,0,0,0,0,0,1,0,0,,0,0,0,14,1,4,2,,0.0,40 01:15.000,,0,75 09:26.993,8,0,0,0,67301,0,0,0,,0,0,0,5,67301,0,,1,1,,,,,0,,0,0,0,0,0,,1400,4,2,0,0,0,4,0,3,4,0,2,3,,N,,,,,,,,,,,
2006056012,2346.0,1,0,0,0,0,0,0,0,0,7,0,,67,4,2006,1,40.0103,-75.2071,2338.0,6,0,0,0,0,0,0,0,0,1.0,0,0,0,23,3,0,10,,2.0,40 00:37.000,1.0,0,75 12:25.411,9,0,0,0,67301,0,0,0,N,0,0,0,1,67301,0,,3,1,,N,N,,0,,0,0,0,0,0,N,2336,0,1,0,0,0,0,1,3,4,0,1,3,,N,,,,,,,,,,,
2006056021,2208.0,6,0,0,0,0,0,0,0,0,6,0,,67,3,2006,1,,,2205.0,6,0,0,0,0,0,0,0,0,,0,0,0,22,3,1,0,,0.0,,,0,,4,0,0,0,67301,0,0,0,,0,0,0,1,67301,1,,1,1,,N,N,,1,,0,0,1,0,0,,2204,1,8,0,0,1,0,0,3,3,0,8,3,,N,,,,,,,,,,,
2006056074,1920.0,1,0,0,0,0,0,0,0,0,2,0,,67,3,2006,4,40.006,-75.1766,1913.0,6,0,0,0,0,0,0,0,0,,0,0,0,99,3,1,2,,0.0,40 00:22.000,,0,75 10:36.366,8,0,0,0,67301,0,0,0,N,0,0,0,3,67301,0,,1,1,,N,N,,0,,0,0,0,3,2,,9999,1,2,0,0,0,1,0,3,4,1,2,3,,N,,,,,,,,,,,
2006056253,40.0,2,0,0,0,0,0,0,0,0,4,0,,67,4,2006,7,,,38.0,6,0,0,0,0,0,1,0,0,,0,0,0,23,3,1,1,,0.0,,,0,,4,0,0,0,67301,0,0,0,N,0,0,0,2,67301,1,,1,1,,N,N,,0,,0,0,0,3,3,,2332,1,2,0,0,0,0,0,3,3,0,2,3,,N,,,,,,,,,,,