CRN,ARRIVAL_TM,AUTOMOBILE_COUNT,BELTED_DEATH_COUNT,BELTED_SUSP_SERIOUS_INJ_COUNT,BICYCLE_COUNT,BICYCLE_DEATH_COUNT,BICYCLE_SUSP_SERIOUS_INJ_COUNT,BUS_COUNT,CHLDPAS_DEATH_COUNT,CHLDPAS_SUSP_SERIOUS_INJ_COUNT,COLLISION_TYPE,COMM_VEH_COUNT,CONS_ZONE_SPD_LIM,COUNTY,CRASH_MONTH,CRASH_YEAR,DAY_OF_WEEK,DEC_LAT,DEC_LONG,DISPATCH_TM,DISTRICT,DRIVER_COUNT_16YR,DRIVER_COUNT_17YR,DRIVER_COUNT_18YR,DRIVER_COUNT_19YR,DRIVER_COUNT_20YR,DRIVER_COUNT_50_64YR,DRIVER_COUNT_65_74YR,DRIVER_COUNT_75PLUS,EST_HRS_CLOSED,FATAL_COUNT,HEAVY_TRUCK_COUNT,HORSE_BUGGY_COUNT,HOUR_OF_DAY,ILLUMINATION,INJURY_COUNT,INTERSECT_TYPE,INTERSECTION_RELATED,LANE_CLOSED,LATITUDE,LN_CLOSE_DIR,LOCATION_TYPE,LONGITUDE,MAX_SEVERITY_LEVEL,MCYCLE_DEATH_COUNT,MCYCLE_SUSP_SERIOUS_INJ_COUNT,MOTORCYCLE_COUNT,MUNICIPALITY,NONMOTR_COUNT,NONMOTR_DEATH_COUNT,NONMOTR_SUSP_SERIOUS_INJ_COUNT,NTFY_HIWY_MAINT,PED_COUNT,PED_DEATH_COUNT,PED_SUSP_SERIOUS_INJ_COUNT,PERSON_COUNT,POLICE_AGCY,POSSIBLE_INJ_COUNT,RDWY_SURF_TYPE_CD,RELATION_TO_ROAD,ROAD_CONDITION,ROADWAY_CLEARED,SCH_BUS_IND,SCH_ZONE_IND,SECONDARY_CRASH,SMALL_TRUCK_COUNT,SPEC_JURIS_CD,SUSP_MINOR_INJ_COUNT,SUSP_SERIOUS_INJ_COUNT,SUV_COUNT,TCD_FUNC_CD,TCD_TYPE,TFC_DETOUR_IND,TIME_OF_DAY,TOT_INJ_COUNT,TOTAL_UNITS,UNB_DEATH_COUNT,UNB_SUSP_SERIOUS_INJ_COUNT,UNBELTED_OCC_COUNT,UNK_INJ_DEG_COUNT,UNK_INJ_PER_COUNT,URBAN_AREA,URBAN_RURAL,VAN_COUNT,VEHICLE_COUNT,WEATHER1,WEATHER2,WORK_ZONE_IND,WORK_ZONE_LOC,WORK_ZONE_TYPE,WORKERS_PRES,WZ_CLOSE_DETOUR,WZ_FLAGGER,WZ_LAW_OFFCR_IND,WZ_LN_CLOSURE,WZ_MOVING,WZ_OTHER,WZ_SHLDER_MDN,WZ_WORKERS_INJ_KILLED
2006056152,1152.0,2,0,0,0,0,0,0,0,0,4,0,,67,3,2006,1,39.9222,-75.2303,1152.0,6,0,0,0,0,0,2,0,0,1.0,0,0,0,11,1,1,1,,1.0,39 55:19.000,6.0,0,75 13:49.682,8,0,0,0,67301,0,0,0,N,0,0,0,2,67301,0,,1,1,,N,N,,0,,0,0,0,3,2,Y,1150,1,2,0,0,0,1,0,3,4,0,2,3,,N,,,,,,,,,,,
2006092765,720.0,1,0,0,0,0,0,0,0,0,7,0,,67,8,2006,3,40.0165,-75.0511,715.0,6,0,0,0,0,0,0,0,0,,0,0,0,7,1,0,0,,0.0,40 01:00.000,,0,75 03:02.048,0,0,0,0,67301,0,0,0,N,0,0,0,1,67301,0,,2,1,,N,N,,0,,0,0,0,0,0,,715,0,1,0,0,0,0,0,3,4,0,1,3,,N,,,,,,,,,,,
2006092884,2019.0,0,0,0,1,0,0,0,0,0,4,0,,67,8,2006,6,40.0205,-75.0537,1956.0,6,0,0,0,0,0,0,0,0,,0,0,0,20,1,1,1,,0.0,40 01:13.000,,0,75 03:13.463,8,0,0,0,67301,1,0,0,,0,0,0,2,67301,0,,1,1,,N,N,,0,,0,0,0,3,2,,2000,1,2,0,0,0,1,0,3,4,1,1,3,,N,,,,,,,,,,,
2006035599,1100.0,3,0,0,0,0,0,0,0,0,5,0,,67,2,2006,4,,,1059.0,6,0,0,0,0,0,0,0,0,2.0,0,0,0,10,1,1,0,,2.0,,1.0,0,,3,0,0,0,67301,0,0,0,,0,0,0,1,67301,0,,1,1,,N,N,,0,,1,0,1,0,0,Y,1057,1,4,0,0,0,0,0,3,3,0,4,3,,N,,,,,,,,,,,
2006035644,2024.0,2,0,0,0,0,0,0,0,0,4,0,,67,2,2006,2,,,2019.0,6,0,0,0,0,0,1,0,0,,0,0,0,20,3,0,1,,0.0,,,0,,9,0,0,0,67301,0,0,0,N,0,0,0,2,67301,0,,1,1,,N,N,,0,,0,0,0,3,3,,2016,0,2,0,0,0,0,2,3,3,0,2,3,,N,,,,,,,,,,,
2006032983,1125.0,2,0,0,0,0,0,0,0,0,4,0,,67,2,2006,1,40.0031,-75.1773,1120.0,6,0,0,0,0,0,2,0,0,,0,0,0,11,1,1,1,,0.0,40 00:11.000,,0,75 10:38.363,8,0,0,0,67301,0,0,0,,0,0,0,3,67301,0,,1,7,,N,N,,0,,0,0,0,9,2,,1105,1,2,0,0,0,1,0,3,4,0,2,10,,N,,,,,,,,,,,
2006114734,1918.0,1,0,0,0,0,0,0,0,0,4,0,,67,10,2006,5,39.9554,-75.1808,1918.0,6,0,0,0,0,0,0,0,0,,0,0,0,18,4,0,2,,0.0,39 57:19.756,,0,75 10:50.512,0,0,0,0,67301,0,0,0,N,0,0,0,2,67301,0,,1,1,,N,N,,0,,0,0,1,0,0,,1800,0,2,0,0,0,0,0,3,4,0,2,3,,N,,,,,,,,,,,
2006114399,7.0,2,0,0,0,0,0,0,0,0,1,0,,67,10,2006,1,,,1.0,6,0,0,0,0,0,1,0,0,1.0,0,0,0,0,3,0,0,,1.0,,4.0,0,,0,0,0,0,67301,0,0,0,N,0,0,0,2,67301,0,,1,1,,N,N,,0,,0,0,0,0,0,N,1,0,2,0,0,0,0,0,3,3,0,2,3,,N,,,,,,,,,,,
2006123784,1013.0,1,0,0,0,0,0,0,0,0,4,0,,67,10,2006,7,39.9383,-75.1986,1011.0,6,0,0,0,0,0,0,0,0,,0,0,0,10,1,0,1,,0.0,39 56:20.000,,0,75 11:53.904,9,0,0,0,67301,0,0,0,N,0,0,0,2,67301,0,,1,1,,N,N,,0,,0,0,0,0,0,,1008,0,2,0,0,0,0,1,3,4,1,2,3,,N,,,,,,,,,,,
2006093590,1035.0,3,0,0,0,0,0,0,0,0,1,0,,67,8,2006,2,39.9613,-75.1825,1025.0,6,0,0,0,0,0,0,0,0,,0,0,0,10,1,1,3,,0.0,39 57:41.000,,0,75 10:57.282,3,0,0,0,67301,0,0,0,N,0,0,0,5,67301,0,,1,1,,N,N,,0,,1,0,0,0,0,,1015,1,3,0,0,0,0,0,3,4,0,3,3,,N,,,,,,,,,,,
2006054527,217.0,0,0,0,0,0,0,0,0,0,7,0,,67,4,2006,7,,,215.0,6,0,0,0,0,0,0,0,0,9.0,0,0,0,2,6,1,0,,2.0,,6.0,0,,4,0,0,0,67301,0,0,0,N,0,0,0,1,67301,1,,4,9,,N,N,,1,,0,0,0,0,0,Y,208,1,1,0,0,0,0,0,3,3,0,1,7,,N,,,,,,,,,,,
2006080920,2052.0,1,0,0,1,0,0,0,0,0,4,0,,67,7,2006,7,39.9237,-75.1844,2048.0,6,0,0,0,0,0,0,0,0,,0,0,0,20,3,1,1,,0.0,39 55:25.442,,0,75 11:03.785,4,0,0,0,67301,1,0,0,,0,0,0,3,67301,1,,1,1,,,,,0,,0,0,0,3,3,,2045,1,2,0,0,0,0,0,3,4,0,1,3,,N,,,,,,,,,,,
2006080966,1445.0,1,0,0,0,0,0,0,0,0,4,0,,67,6,2006,1,40.0576,-75.1549,1439.0,6,0,0,0,0,0,1,0,0,1.0,0,0,0,14,1,1,2,,2.0,40 03:27.370,7.0,0,75 09:17.632,8,0,0,0,67301,0,0,0,N,0,0,0,2,67301,0,,1,1,,N,N,,1,,0,0,0,3,3,Y,1435,1,2,0,0,0,1,0,3,4,0,2,3,,N,,,,,,,,,,,
2006081051,415.0,2,0,0,0,0,0,0,0,0,2,0,,67,5,2006,7,39.9935,-75.1871,408.0,6,0,0,0,0,0,0,0,0,,0,0,0,4,3,2,1,,0.0,39 59:36.661,,0,75 11:13.689,4,0,0,0,67301,0,0,0,,0,0,0,3,67301,2,,1,1,,N,N,,0,,0,0,0,0,0,,408,2,2,0,0,0,0,1,3,4,0,2,3,,N,,,,,,,,,,,
2006081112,2015.0,2,0,0,0,0,0,0,0,0,2,0,,67,7,2006,3,40.0514,-75.1634,2006.0,6,0,0,0,0,0,0,1,1,,0,0,0,20,4,1,1,,0.0,40 03:05.090,,0,75 09:48.178,8,0,0,0,67301,0,0,0,,0,0,0,2,67301,0,,1,9,,,,,0,,0,0,0,3,2,,2001,1,2,0,0,0,1,0,3,4,0,2,3,,N,,,,,,,,,,,
2006081396,1629.0,3,0,0,0,0,0,0,0,0,2,0,,67,6,2006,2,40.1071,-75.0288,1629.0,6,0,0,0,0,0,2,0,1,,0,0,0,16,1,3,0,,0.0,40 06:25.000,,0,75 01:43.656,4,0,0,0,67301,0,0,0,N,0,0,0,3,67301,3,,1,1,,N,N,,0,,0,0,0,0,0,,1629,3,3,0,0,0,0,0,3,4,0,3,3,,N,,,,,,,,,,,
2006081494,940.0,1,0,0,0,0,0,0,0,0,7,0,,67,6,2006,2,,,928.0,6,0,0,0,1,0,0,0,0,1.0,0,0,0,9,1,0,0,,1.0,,2.0,0,,0,0,0,0,67301,0,0,0,N,0,0,0,2,67301,0,,2,9,,N,N,,0,,0,0,0,0,0,N,920,0,1,0,0,0,0,0,3,3,0,1,7,,N,,,,,,,,,,,
2006081502,1055.0,2,0,0,0,0,0,0,0,0,1,0,,67,5,2006,1,,,1045.0,6,0,0,0,0,0,1,0,1,9.0,0,0,0,10,1,1,0,,1.0,,2.0,0,,4,0,0,0,67301,0,0,0,N,0,0,0,4,67301,1,,1,1,,N,N,,1,,0,0,0,0,0,N,1030,1,3,0,0,0,0,0,3,3,0,3,3,,N,,,,,,,,,,,
2006081652,1056.0,2,0,0,0,0,0,0,0,0,4,0,,67,6,2006,1,40.0641,-75.2396,1053.0,6,0,0,0,0,0,1,0,1,,0,0,0,99,1,2,1,,0.0,40 03:50.000,,0,75 14:22.483,8,0,0,0,67301,0,0,0,N,0,0,0,4,67301,0,,1,1,,N,N,,0,,0,0,0,3,2,,9999,2,2,0,0,0,2,0,3,4,0,2,3,,N,,,,,,,,,,,
2006081676,130.0,1,0,0,1,0,0,0,0,0,4,0,,67,5,2006,1,39.9837,-75.1767,1111.0,6,0,0,0,0,0,1,0,0,,0,0,0,11,1,1,2,,0.0,39 59:01.000,,0,75 10:36.476,3,0,0,0,67301,1,0,0,N,0,0,0,2,67301,0,,1,1,,N,N,,0,,1,0,0,0,0,,1111,1,2,0,0,0,0,0,3,4,0,1,3,,N,,,,,,,,,,,
2006113064,1312.0,2,0,0,0,0,0,0,0,0,4,0,,67,9,2006,2,40.0287,-75.2055,1311.0,6,0,0,0,0,0,0,1,0,1.0,0,0,0,13,1,1,1,,2.0,40 01:43.000,7.0,0,75 12:19.998,8,0,0,0,67301,0,0,0,N,0,0,0,2,67301,0,,1,1,,N,N,,0,,0,0,0,3,2,N,1309,1,2,0,0,0,1,0,3,4,0,2,3,,N,,,,,,,,,,,
2006113225,1928.0,1,0,0,1,0,0,0,0,0,5,0,,67,10,2006,5,39.9525,-75.1897,1920.0,6,0,0,0,1,0,0,0,0,,0,0,0,19,3,1,0,,0.0,39 57:09.000,,0,75 11:22.886,4,0,0,0,67301,1,0,0,N,0,0,0,2,67301,1,,1,1,,N,N,,0,,0,0,0,0,0,,1920,1,2,0,0,0,0,0,3,4,0,1,3,,N,,,,,,,,,,,
2006115759,902.0,0,0,0,0,0,0,0,0,0,8,0,,67,9,2006,4,39.9818,-75.1819,901.0,6,0,0,0,0,0,1,0,0,,0,0,0,99,1,1,2,,0.0,39 58:54.000,,0,75 10:54.916,2,0,0,0,67301,1,0,1,N,1,0,1,2,67301,0,,1,1,,N,N,,1,,0,1,0,3,2,,9999,1,2,0,0,0,0,0,3,4,0,1,3,,N,,,,,,,,,,,
2006105737,1915.0,2,0,0,0,0,0,0,0,0,1,0,,67,9,2006,6,40.0074,-75.1368,1911.0,6,0,0,0,0,0,0,0,0,,0,0,0,19,1,1,1,,0.0,40 00:26.000,,0,75 08:12.854,4,0,0,0,67301,0,0,0,N,0,0,0,5,67301,1,,1,9,,N,N,,0,,0,0,0,3,2,,1905,1,2,0,0,4,0,0,3,4,0,2,7,,N,,,,,,,,,,,
2006113378,848.0,2,0,0,0,0,0,0,0,0,4,0,,67,10,2006,1,39.9579,-75.1641,845.0,6,0,0,0,0,0,1,0,0,,0,0,0,8,1,1,2,,0.0,39 57:27.000,,0,75 09:50.847,3,0,0,0,67301,0,0,0,N,0,0,0,3,67301,0,,1,1,,Y,N,,0,,1,0,0,3,2,,844,1,3,0,0,0,0,0,3,4,0,3,3,,N,,,,,,,,,,,
2006105764,1911.0,1,0,0,0,0,0,0,0,0,0,0,99.0,67,8,2006,4,40.0208,-75.1554,1908.0,6,0,0,0,0,0,0,0,0,1.0,0,0,0,19,1,1,0,,1.0,40 01:14.899,4.0,0,75 09:19.589,8,0,0,0,67301,0,0,0,Y,0,0,0,1,67301,0,,1,98,,N,N,,0,,0,0,0,0,0,N,1905,1,2,0,0,0,1,0,3,4,1,2,3,,Y,8.0,8.0,U,,,U,,,,,
2006105774,1030.0,1,0,0,0,0,0,0,0,0,4,0,,67,8,2006,7,40.06,-75.1662,1030.0,6,0,1,0,0,0,0,0,0,,0,0,0,10,1,1,2,,0.0,40 03:35.000,,0,75 09:58.384,4,0,0,0,67301,0,0,0,N,0,0,0,3,67301,1,,2,1,,N,N,,1,,0,0,0,3,3,,1026,1,2,0,0,0,0,0,3,4,0,2,3,,N,,,,,,,,,,,
2006105886,1734.0,2,0,0,0,0,0,0,0,0,1,0,,67,9,2006,5,40.0786,-75.0869,1724.0,6,0,0,0,0,0,2,0,0,,0,0,0,17,1,1,1,,0.0,40 04:43.134,,0,75 05:12.863,4,0,0,0,67301,0,0,0,N,0,0,0,3,67301,1,,1,1,,N,N,,0,,0,0,0,9,3,,1730,1,2,0,0,0,0,0,3,4,0,2,3,,N,,,,,,,,,,,
2006116042,1748.0,0,0,0,1,0,0,0,0,0,4,0,,67,10,2006,4,40.0332,-75.1241,1748.0,6,0,0,0,0,0,0,0,0,1.0,0,0,0,17,1,1,0,,1.0,40 01:59.498,1.0,0,75 07:26.695,4,0,0,0,67301,1,0,0,N,0,0,0,2,67301,1,,1,1,,N,N,,0,,0,0,1,0,0,Y,1748,1,2,0,0,0,0,0,3,4,0,1,3,,N,,,,,,,,,,,
2006054208,2200.0,3,0,0,0,0,0,0,0,0,6,0,,67,4,2006,1,40.0577,-75.1525,2155.0,6,0,2,0,0,0,0,0,0,,0,0,0,21,3,1,0,,0.0,40 03:27.583,,0,75 09:09.147,4,0,0,0,67301,0,0,0,N,0,0,0,3,67301,1,,1,1,,N,N,,1,,0,0,0,0,0,,2132,1,4,0,0,0,0,0,3,4,0,4,3,,N,,,,,,,,,,,
2006035796,1630.0,2,0,0,0,0,0,0,0,0,4,0,,67,3,2006,5,,,1630.0,6,0,0,0,0,0,0,0,0,,0,0,0,16,1,0,0,,0.0,,,0,,0,0,0,0,67301,0,0,0,N,0,0,0,2,67301,0,,1,1,,N,N,,0,,0,0,0,0,0,,1600,0,2,0,0,0,0,0,3,3,0,2,3,,N,,,,,,,,,,,
2006054041,2036.0,1,0,0,0,0,0,0,0,0,8,0,,67,4,2006,7,40.0442,-75.1627,2034.0,6,0,0,0,0,0,1,0,0,,0,0,0,20,3,1,1,,0.0,40 02:39.000,,0,75 09:45.896,4,0,0,0,67301,1,0,0,N,1,0,0,2,67301,1,,1,9,,N,N,,0,,0,0,0,0,0,,2034,1,2,0,0,0,0,0,3,4,0,1,7,,N,,,,,,,,,,,
2006036824,1235.0,0,0,0,0,0,0,0,0,0,7,0,,67,2,2006,4,39.9509,-75.1411,9999.0,6,0,0,0,0,0,0,0,0,2.0,0,0,0,99,1,0,7,,1.0,39 57:04.000,1.0,2,75 08:28.277,9,0,0,0,67301,0,0,0,,0,0,0,1,67301,0,,3,1,,N,N,,0,,0,0,1,0,0,N,9999,0,1,0,0,1,0,1,3,4,0,1,3,,N,,,,,,,,,,,
2006037167,928.0,2,0,0,0,0,0,0,0,0,2,0,,67,2,2006,6,40.0422,-75.0503,956.0,6,0,0,0,0,1,0,0,0,,0,0,0,9,1,3,0,,0.0,40 02:32.000,,0,75 03:01.339,4,0,0,0,67301,0,0,0,N,0,0,0,3,67301,3,,1,9,,N,N,,0,,0,0,0,0,0,,956,3,2,0,0,0,0,0,3,4,0,2,3,,N,,,,,,,,,,,
2006037171,813.0,3,0,0,0,0,0,0,0,0,4,0,,67,2,2006,6,,,810.0,6,0,0,0,0,0,0,0,0,,0,0,0,8,1,0,1,,0.0,,,0,,9,0,0,0,67301,0,0,0,,0,0,0,3,67301,0,,1,1,,,,,0,,0,0,0,9,3,,805,0,3,0,0,0,0,1,3,3,0,3,3,,N,,,,,,,,,,,
2006037173,150.0,0,0,0,0,0,0,0,0,0,5,0,,67,2,2006,7,39.9492,-75.2484,150.0,6,0,0,0,0,0,0,0,0,,0,0,0,1,3,0,0,,0.0,39 56:57.267,,0,75 14:54.272,0,0,0,0,67301,0,0,0,N,0,0,0,1,67301,0,,2,1,,N,N,,1,,0,0,1,0,0,,149,0,2,0,0,1,0,0,3,4,0,2,3,,N,,,,,,,,,,,
2006022164,1314.0,2,0,0,0,0,0,0,0,0,1,0,,67,1,2006,3,39.9612,-75.1466,1314.0,6,0,0,0,0,0,1,0,0,,0,0,0,13,1,1,2,,0.0,39 57:40.000,,0,75 08:47.806,4,0,0,0,67301,0,0,0,N,0,0,0,3,67301,1,,1,9,,N,N,,0,,0,0,0,9,2,,1314,1,2,0,0,0,0,0,3,4,0,2,7,,N,,,,,,,,,,,
2006021313,1933.0,1,0,0,0,0,0,0,0,0,7,0,,67,1,2006,2,40.0197,-75.1436,1929.0,6,0,0,0,0,0,0,0,0,2.0,0,0,0,19,3,1,0,,1.0,40 01:11.000,2.0,0,75 08:37.073,4,0,0,0,67301,0,0,0,N,0,0,0,1,67301,1,,2,9,,N,N,,0,,0,0,0,0,0,N,1926,1,1,0,0,0,0,0,3,4,0,1,7,,N,,,,,,,,,,,
2006092401,1923.0,2,0,0,0,0,0,0,0,0,4,0,,67,8,2006,2,39.9783,-75.2461,1921.0,6,0,0,0,0,0,0,0,0,,0,0,0,19,1,2,1,,0.0,39 58:36.000,,0,75 14:45.403,4,0,0,0,67301,0,0,0,,0,0,0,3,67301,2,,1,1,,N,N,,0,,0,0,0,2,2,,1919,2,2,0,0,2,0,0,3,4,0,2,3,,N,,,,,,,,,,,
2006079467,1940.0,1,0,0,1,0,0,0,0,0,4,0,,67,6,2006,3,39.9537,-75.1579,1935.0,6,0,0,0,0,0,0,0,0,,0,0,0,19,1,1,1,,0.0,39 57:13.496,,0,75 09:28.376,4,0,0,0,67301,1,0,0,N,0,0,0,2,67301,1,,1,1,,N,N,,0,,0,0,0,3,2,,1930,1,2,0,0,0,0,0,3,4,0,1,3,,N,,,,,,,,,,,
2006081932,1032.0,2,0,0,0,0,0,0,0,0,4,0,,67,5,2006,3,,,1032.0,6,0,0,0,0,0,0,0,0,,0,0,0,18,8,5,1,,0.0,,,0,,8,0,0,0,67301,0,0,0,N,0,0,0,6,67301,0,,1,1,,N,N,,0,,0,0,0,3,3,,1800,5,2,0,0,0,5,0,3,3,0,2,3,,N,,,,,,,,,,,
2006053754,1852.0,1,0,0,0,0,0,0,0,0,8,0,,67,4,2006,5,,,1850.0,6,0,0,0,0,0,0,0,0,,0,0,0,18,1,1,0,,0.0,,,0,,8,0,0,0,67301,1,0,0,N,1,0,0,2,67301,0,,1,1,,N,N,,0,,0,0,0,0,0,,1845,1,2,0,0,0,1,0,3,3,0,1,3,,N,,,,,,,,,,,
2006053801,1210.0,2,0,0,0,0,0,0,0,0,4,0,,67,4,2006,3,,,1207.0,6,0,0,0,0,0,1,0,0,,0,0,0,12,1,1,2,,0.0,,,0,,4,0,0,0,67301,0,0,0,N,0,0,0,3,67301,1,,1,1,,N,N,,0,,0,0,0,3,2,,1200,1,2,0,0,2,0,1,3,3,0,2,3,,N,,,,,,,,,,,
2006094885,1845.0,0,0,0,0,0,0,0,0,0,4,0,,67,7,2006,7,40.0093,-75.069,1842.0,6,0,0,0,0,0,0,0,0,1.0,0,0,0,18,1,2,1,,1.0,40 00:33.000,4.0,2,75 04:08.517,8,0,0,0,67301,0,0,0,N,0,0,0,3,67301,0,,1,1,,N,N,,0,,0,0,1,3,2,Y,1840,2,2,0,0,0,2,1,3,4,1,2,3,,N,,,,,,,,,,,
2006055869,2255.0,1,0,0,0,0,0,0,0,0,2,0,,67,3,2006,5,40.0444,-75.2177,2251.0,6,0,0,0,0,0,0,0,0,2.0,0,0,0,22,3,0,0,,2.0,40 02:39.874,2.0,0,75 13:03.740,0,0,0,0,67301,0,0,0,N,0,0,0,2,67301,0,,1,2,,N,N,,0,,0,0,1,0,0,Y,2250,0,2,0,0,0,0,0,3,4,0,2,10,,N,,,,,,,,,,,
2006055961,455.0,1,0,0,0,0,0,0,0,0,7,0,,67,3,2006,7,39.8961,-75.228,455.0,6,0,0,0,0,0,0,0,0,,0,0,0,4,3,0,0,,0.0,39 53:45.000,,0,75 13:41.130,0,0,0,0,67301,0,0,0,N,0,0,0,1,67301,0,,2,1,,N,N,,0,,0,0,0,0,0,,440,0,1,0,0,0,0,0,3,4,0,1,3,,N,,,,,,,,,,,
2006055962,219.0,2,0,0,0,0,0,0,0,0,4,0,,67,1,2006,1,39.8984,-75.2384,202.0,6,0,0,0,0,0,1,0,0,,0,0,0,1,3,1,1,,0.0,39 53:40.000,,0,75 14:12.418,3,0,0,0,67301,0,0,0,N,0,0,0,3,67301,0,,1,1,,N,N,,0,,1,0,0,3,2,,111,1,2,0,0,0,0,0,3,4,0,2,3,,N,,,,,,,,,,,
2006055987,2010.0,2,0,0,0,0,0,0,0,0,2,0,,67,5,2006,3,39.9772,-75.2268,2008.0,6,0,0,0,0,0,0,0,0,1.0,0,0,0,20,3,1,1,,1.0,39 58:38.000,1.0,0,75 13:36.778,8,0,0,0,67301,0,0,0,N,0,0,0,3,67301,0,,1,1,,N,N,,0,,0,0,0,3,2,Y,2030,1,2,0,0,0,1,0,3,4,0,2,3,,N,,,,,,,,,,,
2006056000,1200.0,2,0,0,0,0,0,0,0,0,1,0,,67,4,2006,4,39.997,-75.2353,1150.0,6,0,0,0,0,0,0,0,0,,0,0,0,11,1,0,10,,0.0,39 59:49.000,,0,75 14:06.938,0,0,0,0,67301,0,0,0,,0,0,0,3,67301,0,,1,1,,,,,0,,0,0,0,0,0,,1150,0,2,0,0,1,0,0,3,4,0,2,3,,N,,,,,,,,,,,
2006081148,1130.0,1,0,0,0,0,0,0,0,0,7,0,,67,7,2006,2,40.0958,-74.9912,1125.0,6,0,0,0,0,0,1,0,0,,0,0,0,11,1,0,2,,0.0,40 05:44.901,,0,74 59:28.492,0,0,0,0,67301,0,0,0,N,0,0,0,2,67301,0,,5,1,,N,N,,0,,0,0,0,3,2,,1120,0,1,0,0,0,0,0,3,4,0,1,3,,N,,,,,,,,,,,
2006081341,1046.0,2,0,0,0,0,0,0,0,0,1,0,,67,6,2006,3,40.0296,-75.1032,1037.0,6,0,0,0,0,0,2,0,0,,0,0,0,10,1,4,10,,0.0,40 01:47.000,,0,75 06:11.085,4,0,0,0,67301,0,0,0,N,0,0,0,4,67301,4,,1,1,,N,N,,0,,0,0,0,3,2,,1027,4,2,0,0,0,0,0,3,4,0,2,3,,N,,,,,,,,,,,
2006081371,1820.0,0,0,0,0,0,0,0,0,0,8,0,,67,6,2006,6,,,1816.0,6,0,0,0,0,0,0,0,0,,0,0,0,18,1,1,0,,0.0,,,0,,4,0,0,1,67301,1,0,0,N,1,0,0,2,67301,1,,4,1,,N,N,,0,,0,0,0,0,0,,1814,1,2,0,0,0,0,0,3,3,0,1,3,,N,,,,,,,,,,,
2006081541,1451.0,3,0,0,0,0,0,0,0,0,1,0,,67,6,2006,7,40.0636,-75.1726,1451.0,6,0,0,0,0,0,3,0,0,1.0,0,0,0,14,1,1,0,,1.0,40 03:49.000,2.0,0,75 10:21.204,8,0,0,0,67301,0,0,0,N,0,0,0,4,67301,0,,1,1,,N,N,,0,,0,0,1,0,0,N,1445,1,4,0,0,0,1,0,3,4,0,4,3,,N,,,,,,,,,,,
2006115751,1035.0,0,0,0,0,0,0,2,0,0,1,2,,67,10,2006,1,39.9541,-75.1529,1030.0,6,0,0,0,0,0,0,0,0,,0,0,0,10,1,8,2,,0.0,39 57:14.760,,0,75 09:10.572,4,0,0,0,67301,0,0,0,,0,0,0,24,67301,8,,1,9,,N,N,,0,,0,0,0,0,0,,1025,8,2,0,0,0,0,0,3,4,0,2,3,,N,,,,,,,,,,,
2006115873,631.0,1,0,0,0,0,0,0,0,0,7,0,,67,10,2006,1,39.9356,-75.1673,629.0,6,0,0,0,0,0,1,0,0,,0,0,0,6,1,1,0,,0.0,39 56:08.091,,0,75 10:02.298,8,0,0,0,67301,0,0,0,N,0,0,0,1,67301,0,,1,1,,N,N,,0,,0,0,0,0,0,,626,1,1,0,0,0,1,0,3,4,0,1,3,,N,,,,,,,,,,,
2006105821,1608.0,2,0,0,0,0,0,0,0,0,1,0,,67,9,2006,7,40.0357,-75.1307,1607.0,6,0,0,0,0,0,0,1,0,1.0,0,0,0,16,1,1,0,,1.0,40 02:08.530,2.0,0,75 07:50.399,8,0,0,0,67301,1,0,0,,0,0,0,2,67301,0,,6,1,,,,,0,,0,0,0,0,0,N,1607,1,2,0,0,0,1,0,3,4,0,2,3,,N,,,,,,,,,,,
2006113431,1110.0,2,0,0,0,0,0,0,0,0,1,0,,67,9,2006,4,40.001,-75.1001,1108.0,6,0,0,0,0,0,1,0,0,,0,0,0,11,1,2,1,,0.0,40 00:03.000,,0,75 06:00.147,4,0,0,0,67301,0,0,0,,0,0,0,4,67301,2,,1,1,,N,N,,0,,0,0,1,0,0,,1105,2,3,0,0,0,0,0,3,4,0,3,3,,N,,,,,,,,,,,
2006105847,1635.0,1,0,0,0,0,0,0,0,0,4,1,,67,8,2006,3,40.0068,-75.1316,1630.0,6,0,0,0,0,0,0,0,0,,0,1,0,16,1,1,1,,0.0,40 00:24.000,,0,75 07:53.820,4,0,0,0,67301,0,0,0,N,0,0,0,2,67301,1,,1,9,,N,N,,0,,0,0,0,3,2,,1630,1,2,0,0,2,0,0,3,4,0,2,7,,N,,,,,,,,,,,
2006113478,1810.0,1,0,0,0,0,0,0,0,0,4,0,,67,10,2006,4,39.9041,-75.2262,1810.0,6,0,0,0,0,0,0,0,0,,0,1,0,18,1,3,2,,0.0,39 54:14.630,,0,75 13:34.143,4,0,0,0,67301,0,0,0,N,0,0,0,3,67301,2,,1,9,,N,N,,0,,0,0,0,3,3,,1800,3,2,0,0,0,1,0,3,4,0,2,7,,N,,,,,,,,,,,
2006103388,1108.0,1,0,0,0,0,0,0,0,0,8,0,,67,8,2006,7,,,1108.0,6,0,0,0,0,0,0,0,0,,0,0,0,15,1,1,0,,0.0,,,0,,2,0,0,0,67301,1,0,1,N,1,0,1,2,67301,0,,1,1,,N,N,,0,,0,1,0,0,0,,1500,1,2,0,0,0,0,1,3,3,0,1,3,,N,,,,,,,,,,,