CRN,ARRIVAL_TM,AUTOMOBILE_COUNT,BELTED_DEATH_COUNT,BELTED_SUSP_SERIOUS_INJ_COUNT,BICYCLE_COUNT,BICYCLE_DEATH_COUNT,BICYCLE_SUSP_SERIOUS_INJ_COUNT,BUS_COUNT,CHLDPAS_DEATH_COUNT,CHLDPAS_SUSP_SERIOUS_INJ_COUNT,COLLISION_TYPE,COMM_VEH_COUNT,CONS_ZONE_SPD_LIM,COUNTY,CRASH_MONTH,CRASH_YEAR,DAY_OF_WEEK,DEC_LAT,DEC_LONG,DISPATCH_TM,DISTRICT,DRIVER_COUNT_16YR,DRIVER_COUNT_17YR,DRIVER_COUNT_18YR,DRIVER_COUNT_19YR,DRIVER_COUNT_20YR,DRIVER_COUNT_50_64YR,DRIVER_COUNT_65_74YR,DRIVER_COUNT_75PLUS,EST_HRS_CLOSED,FATAL_COUNT,HEAVY_TRUCK_COUNT,HORSE_BUGGY_COUNT,HOUR_OF_DAY,ILLUMINATION,INJURY_COUNT,INTERSECT_TYPE,INTERSECTION_RELATED,LANE_CLOSED,LATITUDE,LN_CLOSE_DIR,LOCATION_TYPE,LONGITUDE,MAX_SEVERITY_LEVEL,MCYCLE_DEATH_COUNT,MCYCLE_SUSP_SERIOUS_INJ_COUNT,MOTORCYCLE_COUNT,MUNICIPALITY,NONMOTR_COUNT,NONMOTR_DEATH_COUNT,NONMOTR_SUSP_SERIOUS_INJ_COUNT,NTFY_HIWY_MAINT,PED_COUNT,PED_DEATH_COUNT,PED_SUSP_SERIOUS_INJ_COUNT,PERSON_COUNT,POLICE_AGCY,POSSIBLE_INJ_COUNT,RDWY_SURF_TYPE_CD,RELATION_TO_ROAD,ROAD_CONDITION,ROADWAY_CLEARED,SCH_BUS_IND,SCH_ZONE_IND,SECONDARY_CRASH,SMALL_TRUCK_COUNT,SPEC_JURIS_CD,SUSP_MINOR_INJ_COUNT,SUSP_SERIOUS_INJ_COUNT,SUV_COUNT,TCD_FUNC_CD,TCD_TYPE,TFC_DETOUR_IND,TIME_OF_DAY,TOT_INJ_COUNT,TOTAL_UNITS,UNB_DEATH_COUNT,UNB_SUSP_SERIOUS_INJ_COUNT,UNBELTED_OCC_COUNT,UNK_INJ_DEG_COUNT,UNK_INJ_PER_COUNT,URBAN_AREA,URBAN_RURAL,VAN_COUNT,VEHICLE_COUNT,WEATHER1,WEATHER2,WORK_ZONE_IND,WORK_ZONE_LOC,WORK_ZONE_TYPE,WORKERS_PRES,WZ_CLOSE_DETOUR,WZ_FLAGGER,WZ_LAW_OFFCR_IND,WZ_LN_CLOSURE,WZ_MOVING,WZ_OTHER,WZ_SHLDER_MDN,WZ_WORKERS_INJ_KILLED
2006035763,1220.0,1,0,0,0,0,0,0,0,0,2,0,,67,1,2006,5,40.0453,-75.016,1211.0,6,0,0,0,0,0,1,1,0,,0,0,0,12,1,0,0,,0.0,40 02:43.242,,0,75 00:57.664,0,0,0,0,67301,0,0,0,,0,0,0,2,67301,0,,1,1,,N,N,,0,,0,0,1,0,0,,1201,0,2,0,0,0,0,0,3,4,0,2,3,,N,,,,,,,,,,,
2006035767,2043.0,1,0,0,0,0,0,0,0,0,7,0,,67,2,2006,2,40.0168,-75.1744,2040.0,6,0,0,0,0,0,0,0,0,1.0,0,0,0,20,3,1,6,,2.0,40 01:00.000,3.0,2,75 10:28.094,4,0,0,0,67301,0,0,0,N,0,0,0,1,67301,1,,2,98,,N,N,,0,,0,0,0,3,8,N,2035,1,1,0,0,0,0,0,3,4,0,1,3,,N,,,,,,,,,,,
2006054104,1202.0,1,0,0,1,0,0,0,0,0,5,0,,67,4,2006,3,39.9246,-75.1744,1155.0,6,0,0,0,0,0,0,0,0,,0,0,0,11,1,1,0,,0.0,39 55:28.507,,0,75 10:27.199,8,0,0,0,67301,1,0,0,N,0,0,0,3,67301,0,,2,1,,N,N,,0,,0,0,0,0,0,,1145,1,2,0,0,0,1,0,3,4,0,1,3,,N,,,,,,,,,,,
2006036806,344.0,2,0,0,0,0,0,0,0,0,4,0,,67,2,2006,5,40.0089,-75.0718,340.0,6,0,0,0,0,0,0,0,0,,0,0,0,3,3,3,3,,0.0,40 00:32.000,,0,75 04:18.501,4,0,0,0,67301,0,0,0,N,0,0,0,4,67301,1,,1,1,,N,N,,0,,0,0,0,2,2,,340,3,2,0,0,0,2,0,3,4,0,2,3,,N,,,,,,,,,,,
2006036853,825.0,1,0,0,0,0,0,0,0,0,8,0,,67,2,2006,6,40.061,-75.1372,817.0,6,0,0,0,0,0,0,0,0,,0,0,0,8,1,1,0,,0.0,40 03:39.000,,0,75 08:13.902,4,0,0,0,67301,1,0,0,,1,0,0,2,67301,1,,1,9,,N,N,,0,,0,0,0,0,0,,812,1,2,0,0,0,0,0,3,4,0,1,7,,N,,,,,,,,,,,
2006037213,1842.0,2,0,0,0,0,0,0,0,0,2,0,,67,2,2006,2,39.9782,-75.1248,1837.0,6,0,0,0,1,0,0,0,0,,0,0,0,18,3,2,1,,0.0,39 58:41.545,,0,75 07:29.175,4,0,0,0,67301,0,0,0,N,0,0,0,3,67301,2,,1,1,,N,N,,0,,0,0,0,9,3,,1835,2,2,0,0,0,0,0,3,4,0,2,3,,N,,,,,,,,,,,
2006037162,1515.0,8,0,0,0,0,0,0,0,0,4,0,,67,2,2006,2,40.0312,-75.0855,1450.0,6,0,0,0,0,1,4,0,0,2.0,0,0,0,14,1,5,0,,2.0,40 01:51.000,1.0,0,75 05:08.543,4,0,0,0,67301,0,0,0,N,0,0,0,8,67301,5,,1,9,,N,N,,0,,0,0,0,0,0,N,1448,5,8,0,0,0,0,0,3,4,0,8,10,,N,,,,,,,,,,,
2006027149,801.0,1,0,0,0,0,0,0,0,0,4,0,,67,1,2006,2,39.9034,-75.2246,751.0,6,0,0,0,0,0,0,0,0,9.0,0,0,0,7,1,1,0,,1.0,39 54:12.000,4.0,0,75 13:28.683,4,0,0,0,67301,0,0,0,,0,0,0,2,67301,1,,1,9,,N,N,,1,,0,0,0,0,0,N,720,1,2,0,0,0,0,0,3,4,0,2,7,,N,,,,,,,,,,,
2006021253,236.0,1,0,0,0,0,0,0,0,0,8,0,,67,1,2006,7,40.071,-75.0378,233.0,6,0,0,0,0,0,0,0,0,,0,0,0,2,3,1,5,,0.0,40 04:16.000,,0,75 02:17.829,8,0,0,0,67301,1,0,0,,1,0,0,4,67301,0,,4,9,,N,N,,0,,0,0,0,3,2,,233,1,2,0,0,0,1,3,3,4,0,1,7,,N,,,,,,,,,,,
2006023914,1359.0,2,0,0,0,0,0,0,0,0,1,0,35.0,67,1,2006,6,,,1355.0,6,0,0,0,0,0,0,0,0,1.0,0,0,0,99,1,4,0,,1.0,,3.0,0,,8,0,0,0,67301,0,0,0,,0,0,0,5,67501,0,,1,1,,N,N,,0,,0,0,0,3,8,N,9999,4,2,0,0,0,4,0,3,3,0,2,3,,Y,8.0,2.0,Y,,,N,Y,,,,
2006092374,1305.0,3,0,0,0,0,0,0,0,0,4,0,,67,8,2006,3,40.0746,-75.0351,1253.0,6,0,0,0,0,0,0,1,0,,0,0,0,12,1,2,5,,0.0,40 04:28.000,,0,75 02:06.297,8,0,0,0,67301,0,0,0,N,0,0,0,5,67301,0,,1,1,,N,N,,0,,0,0,0,3,2,,1245,2,3,0,0,0,2,3,3,4,0,3,3,,N,,,,,,,,,,,
2006092391,702.0,1,0,0,0,0,0,0,0,0,4,0,,67,8,2006,4,39.939,-75.1983,659.0,6,0,0,0,0,0,0,0,0,9.0,0,0,0,6,1,1,0,,1.0,39 56:18.000,1.0,0,75 11:54.568,4,0,0,1,67301,0,0,0,N,0,0,0,2,67301,1,,3,1,,N,N,,0,,0,0,0,0,0,N,655,1,2,0,0,0,0,0,3,4,0,2,3,,N,,,,,,,,,,,
2006092403,2012.0,2,0,0,0,0,0,0,0,0,4,0,,67,8,2006,6,40.0549,-75.1845,2004.0,6,0,0,0,0,0,1,0,0,,0,0,0,20,4,1,1,,0.0,40 03:17.730,,0,75 11:04.052,8,0,0,0,67301,0,0,0,N,0,0,0,4,67301,0,,1,1,,N,N,,0,,0,0,0,3,3,,2003,1,2,0,0,0,1,0,3,4,0,2,3,,N,,,,,,,,,,,
2006081913,1031.0,3,0,0,0,0,0,0,0,0,5,0,,67,5,2006,7,39.9549,-75.2087,1029.0,6,0,0,0,0,0,1,0,1,2.0,0,0,0,10,1,0,1,,1.0,39 57:17.000,4.0,0,75 12:31.399,0,0,0,0,67301,1,0,0,N,0,0,0,4,67301,0,,5,1,,N,N,,0,,0,0,0,3,2,N,1026,0,4,0,0,0,0,0,3,4,1,4,3,,N,,,,,,,,,,,
2006053492,514.0,0,0,0,0,0,0,0,0,0,7,0,,67,4,2006,1,,,514.0,6,0,0,0,0,0,0,0,0,,0,1,0,5,3,0,0,,0.0,,,0,,0,0,0,0,67301,0,0,0,N,0,0,0,1,67501,0,,2,9,,N,N,,0,,0,0,0,3,8,,514,0,1,0,0,0,0,0,3,3,0,1,7,,N,,,,,,,,,,,
2006053800,846.0,1,0,0,0,0,0,0,0,0,4,0,,67,4,2006,4,39.9975,-75.1819,845.0,6,0,0,0,0,0,0,0,0,,0,0,0,8,1,1,0,,0.0,39 59:50.000,,0,75 10:55.269,8,0,0,0,67301,0,0,0,N,0,0,0,1,67301,0,,6,9,,N,N,,0,,0,0,0,3,2,,843,1,2,0,0,0,1,0,3,4,1,2,7,,N,,,,,,,,,,,
2006053850,1408.0,1,0,0,0,0,0,0,0,0,4,0,,67,4,2006,3,39.9918,-75.1383,1348.0,6,0,0,1,0,0,0,1,0,,0,0,0,13,1,1,1,,0.0,39 59:30.000,,0,75 08:18.309,4,0,0,0,67301,0,0,0,N,0,0,0,8,67301,1,,1,1,,Y,Y,,0,,0,0,0,3,2,,1348,1,2,0,0,0,0,0,3,4,1,2,3,,N,,,,,,,,,,,
2006053865,1824.0,3,0,0,0,0,0,0,0,0,1,0,,67,4,2006,4,39.9447,-75.1652,1822.0,6,0,0,0,0,0,0,0,0,,0,0,0,18,1,3,1,,0.0,39 56:40.000,,0,75 09:54.608,8,0,0,0,67301,0,0,0,,0,0,0,10,67301,0,,1,1,,,,,1,,0,0,1,0,0,,1815,3,5,0,0,0,3,2,3,4,0,5,3,,N,,,,,,,,,,,
2006094953,500.0,3,0,0,0,0,0,0,0,0,5,0,,67,7,2006,7,39.9046,-75.2386,456.0,6,0,0,0,0,0,0,0,0,,0,0,0,4,3,0,2,,0.0,39 54:16.583,,0,75 14:18.924,0,0,0,0,67301,0,0,0,N,0,0,0,3,67301,0,,1,1,,N,N,,0,,0,0,0,0,0,,450,0,3,0,0,1,0,0,3,4,0,3,3,,N,,,,,,,,,,,
2006055822,956.0,2,0,0,0,0,0,0,0,0,4,0,,67,4,2006,6,39.9842,-75.2607,953.0,6,0,0,0,0,0,1,0,0,,0,0,0,9,1,4,1,,0.0,39 59:03.120,,0,75 15:38.160,4,0,0,0,67301,0,0,0,,0,0,0,4,67301,4,,2,1,,N,N,,0,,0,0,0,0,0,,953,4,2,0,0,0,0,0,3,4,0,2,3,,N,,,,,,,,,,,
2006055846,2130.0,2,0,0,0,0,0,0,0,0,1,0,,67,4,2006,6,39.9464,-75.1795,2113.0,6,0,0,0,0,0,0,0,0,,0,0,0,21,2,1,0,,0.0,39 56:47.216,,0,75 10:46.358,3,0,0,0,67301,0,0,0,,0,0,0,3,67301,0,,1,1,,N,N,,0,,1,0,0,0,0,,2105,1,2,0,0,3,0,0,3,4,0,2,3,,N,,,,,,,,,,,
2006055985,1636.0,1,0,0,0,0,0,0,0,0,8,0,,67,4,2006,5,,,1634.0,6,0,0,0,0,0,0,0,0,,0,0,0,99,1,1,2,,0.0,,,0,,3,0,0,0,67301,1,0,0,,1,0,0,2,67301,0,,1,1,,N,N,,0,,1,0,0,0,0,,9999,1,2,0,0,0,0,0,3,3,0,1,3,,N,,,,,,,,,,,
2006055989,1105.0,2,0,0,0,0,0,0,0,0,1,0,,67,4,2006,6,39.9852,-75.2401,1100.0,6,0,0,0,0,1,1,0,0,,0,0,0,11,1,1,1,,0.0,39 59:06.759,,0,75 14:24.496,8,0,0,0,67301,0,0,0,N,0,0,0,3,67301,0,,1,9,,N,N,,0,,0,0,0,9,3,,1100,1,2,0,0,0,1,1,3,4,0,2,7,,N,,,,,,,,,,,
2006056016,858.0,1,0,0,0,0,0,0,0,0,8,0,,67,3,2006,2,39.9518,-75.1718,851.0,6,0,0,0,0,0,1,0,0,,0,0,0,8,1,1,1,,0.0,39 57:06.000,,0,75 10:18.415,4,0,0,0,67301,1,0,0,,1,0,0,2,67301,1,,1,1,,N,N,,0,,0,0,0,3,2,,850,1,2,0,0,0,0,0,3,4,0,1,3,,N,,,,,,,,,,,
2006056126,1123.0,1,0,0,0,0,0,0,0,0,6,0,,67,3,2006,5,40.0543,-75.0632,1120.0,6,0,0,0,0,0,0,1,1,,0,0,0,11,1,1,1,,0.0,40 03:15.840,,0,75 03:47.880,4,0,0,1,67301,0,0,0,N,0,0,0,2,67301,1,,1,1,,N,N,,0,,0,0,0,3,2,,1115,1,2,0,0,0,0,0,3,4,0,2,3,,N,,,,,,,,,,,
2006095186,315.0,0,0,0,0,0,0,0,0,0,2,0,,67,7,2006,6,,,300.0,6,0,0,0,0,0,1,0,0,,0,0,0,3,3,1,1,,0.0,,,0,,3,0,0,0,67301,1,0,0,N,1,0,0,2,67301,0,,1,1,,N,N,,1,,1,0,0,9,3,,300,1,2,0,0,0,0,0,3,3,0,1,3,,N,,,,,,,,,,,
2006095192,340.0,1,0,0,0,0,0,0,0,0,7,0,,67,7,2006,6,40.0085,-75.0696,328.0,6,0,1,0,0,0,0,0,0,,0,0,0,3,3,0,0,,0.0,40 00:30.000,,0,75 04:10.342,0,0,0,0,67301,0,0,0,Y,0,0,0,2,67301,0,,5,9,,N,N,,0,,0,0,0,0,0,,328,0,1,0,0,1,0,0,3,4,0,1,98,,N,,,,,,,,,,,
2006095221,1732.0,0,0,0,1,0,0,0,0,0,5,0,,67,8,2006,3,39.9536,-75.1987,1729.0,6,0,0,0,0,0,0,0,0,,0,0,0,17,1,1,0,,0.0,39 57:13.000,,0,75 11:55.424,4,0,0,0,67301,1,0,0,N,0,0,0,2,67301,1,,1,1,,N,N,,0,,0,0,0,0,0,,1725,1,2,0,0,0,0,1,3,4,0,1,3,,N,,,,,,,,,,,
2006092712,2137.0,1,0,0,0,0,0,0,0,0,4,0,,67,8,2006,4,39.9324,-75.1456,2130.0,6,0,0,0,0,0,0,0,0,,0,0,0,21,3,2,0,,0.0,39 56:06.000,,0,75 08:41.982,4,0,0,0,67301,0,0,0,N,0,0,0,6,67301,2,,1,1,,N,N,,0,,0,0,1,0,0,,2130,2,2,0,0,0,0,0,3,4,0,2,3,,N,,,,,,,,,,,
2006056155,1705.0,2,0,0,0,0,0,0,0,0,4,0,,67,4,2006,4,39.9014,-75.2393,9999.0,6,0,0,0,0,0,0,0,0,,0,0,0,99,1,0,3,,0.0,39 54:04.000,,0,75 14:21.518,9,0,0,0,67301,0,0,0,N,0,0,0,2,67301,0,,1,1,,N,N,,0,,0,0,0,3,4,,9999,0,2,0,0,0,0,1,3,4,0,2,3,,N,,,,,,,,,,,
2006056312,1633.0,0,0,0,0,0,0,0,0,0,4,1,,67,5,2006,3,40.0101,-75.0893,1627.0,6,0,0,0,0,0,1,0,0,,0,1,0,16,1,1,0,,0.0,40 00:36.000,,0,75 05:21.446,8,0,0,0,67301,0,0,0,N,0,0,0,2,67301,0,,1,1,,N,N,,0,,0,0,0,0,0,,1620,1,2,0,0,0,1,0,3,4,0,2,3,,N,,,,,,,,,,,
2006056387,1322.0,2,0,0,0,0,0,0,0,0,1,0,,67,3,2006,2,39.953,-75.1685,1320.0,6,0,0,0,0,0,0,0,0,,0,0,0,13,1,1,10,,0.0,39 57:10.000,,0,75 10:06.620,4,0,0,0,67301,0,0,0,N,0,0,0,5,67301,1,,1,1,,N,N,,0,,0,0,0,3,2,,1305,1,2,0,0,4,0,1,3,4,0,2,3,,N,,,,,,,,,,,
2006081029,9999.0,1,0,0,0,0,0,0,0,0,1,0,,67,5,2006,3,39.9967,-75.11,9999.0,6,0,0,0,0,0,0,0,0,9.0,0,0,0,99,5,0,0,,1.0,39 59:48.120,4.0,0,75 06:36.111,9,0,0,0,67301,0,0,0,,0,0,0,1,67301,0,,1,9,,,,,0,,0,0,0,0,0,N,9999,0,2,0,0,0,0,1,3,4,1,2,3,,N,,,,,,,,,,,
2006081089,1515.0,1,0,0,0,0,0,0,0,0,1,0,,67,7,2006,4,40.0455,-75.1649,1511.0,6,0,0,0,0,0,1,0,0,,0,0,0,15,1,1,1,,0.0,40 02:43.000,,0,75 09:53.565,8,0,0,0,67301,0,0,0,,0,0,0,3,67301,0,,1,1,,,,,0,,0,0,0,3,2,,1500,1,2,0,0,0,1,0,3,4,1,2,3,,N,,,,,,,,,,,
2006081126,1412.0,2,0,0,0,0,0,0,0,0,4,0,,67,6,2006,7,39.9708,-75.1254,1410.0,6,0,0,0,0,0,0,0,0,,0,0,0,14,1,1,1,,0.0,39 58:14.750,,0,75 07:31.317,4,0,0,0,67301,0,0,0,,0,0,0,3,67301,1,,1,1,,,,,0,,0,0,0,3,3,,1408,1,2,0,0,0,0,0,3,4,0,2,3,,N,,,,,,,,,,,
2006081330,1020.0,2,0,0,0,0,0,0,0,0,4,0,,67,6,2006,3,,,1017.0,6,0,0,0,0,0,1,0,0,,0,0,0,10,1,2,1,,0.0,,,0,,4,0,0,0,67301,0,0,0,N,0,0,0,2,67301,2,,1,1,,N,N,,0,,0,0,0,3,2,,1017,2,2,0,0,0,0,0,3,3,0,2,99,,N,,,,,,,,,,,
2006081633,1505.0,1,0,0,0,0,0,0,0,0,4,0,,67,5,2006,5,39.9398,-75.2359,1500.0,6,0,0,0,0,1,0,0,0,,0,0,0,15,1,1,2,,0.0,39 56:23.000,,0,75 14:08.962,8,0,0,0,67301,0,0,0,N,0,0,0,6,67301,0,,1,1,,N,N,,0,,0,0,2,3,3,,1500,1,3,0,0,0,1,2,3,4,0,3,3,,N,,,,,,,,,,,
2006115756,410.0,1,0,0,0,0,0,0,0,0,7,0,,67,10,2006,3,40.0708,-75.2411,408.0,6,0,0,1,0,0,0,0,0,,0,0,0,4,3,1,0,,0.0,40 04:15.016,,0,75 14:27.820,4,0,0,0,67301,0,0,0,N,0,0,0,1,67301,1,,2,1,,N,N,,0,,0,0,0,0,0,,405,1,1,0,0,1,0,0,3,4,0,1,3,,N,,,,,,,,,,,
2006115764,1830.0,1,0,0,0,0,0,0,0,0,8,0,,67,10,2006,1,40.0558,-75.1589,9999.0,6,0,0,0,0,0,1,0,0,,0,0,0,15,1,1,1,,0.0,40 03:20.000,,0,75 09:32.058,4,0,0,0,67301,1,0,0,N,1,0,0,2,67301,1,,1,1,,N,N,,0,,0,0,0,3,2,,1500,1,2,0,0,1,0,0,3,4,0,1,3,,N,,,,,,,,,,,
2006115765,1248.0,1,0,0,0,0,0,0,0,0,1,0,,67,10,2006,6,,,1248.0,6,0,0,0,0,0,1,0,1,,0,0,0,12,1,1,2,,0.0,,,0,,4,0,0,0,67301,0,0,0,N,0,0,0,4,67301,1,,1,9,,N,N,,0,,0,0,0,3,2,,1224,1,3,0,0,0,0,0,3,3,2,3,7,,N,,,,,,,,,,,
2006105725,2025.0,1,0,0,0,0,0,0,0,0,5,0,,67,8,2006,6,40.015,-75.0853,2020.0,6,0,0,0,0,0,0,0,0,,0,0,0,20,3,1,0,,0.0,40 00:54.000,,0,75 05:06.941,2,0,1,1,67301,0,0,0,N,0,0,0,1,67301,0,,1,1,,N,N,,0,,0,1,0,0,0,,2000,1,2,0,0,0,0,0,3,4,0,2,3,,N,,,,,,,,,,,
2006105734,1806.0,2,0,0,0,0,0,0,0,0,4,0,,67,9,2006,1,40.0497,-75.0839,1800.0,6,0,0,0,0,0,0,0,1,,0,0,0,17,1,1,1,,0.0,40 02:59.060,,0,75 05:02.101,3,0,0,0,67301,0,0,0,N,0,0,0,2,67301,0,,1,1,,N,N,,0,,1,0,0,3,3,,1757,1,2,0,0,0,0,0,3,4,0,2,3,,N,,,,,,,,,,,
2006113332,1600.0,2,0,0,0,0,0,0,0,0,4,0,,67,9,2006,2,40.0294,-75.1247,1541.0,6,0,0,0,0,0,0,0,0,9.0,0,0,0,15,1,3,1,,1.0,40 01:45.919,3.0,0,75 07:28.901,8,0,0,0,67301,0,0,0,N,0,0,0,4,67301,0,,1,1,,N,N,,0,,0,0,0,3,2,N,1540,3,2,0,0,0,3,0,3,4,0,2,3,,N,,,,,,,,,,,
2006105802,1355.0,3,0,0,0,0,0,0,0,0,1,0,,67,9,2006,1,40.0051,-75.1964,1347.0,6,0,0,0,0,0,1,0,0,1.0,0,0,0,13,1,1,0,,1.0,40 00:16.920,3.0,2,75 11:45.240,3,0,0,0,67301,0,0,0,N,0,0,0,5,67301,0,,1,1,,N,N,,0,,1,0,0,0,0,N,1345,1,3,0,0,0,0,1,3,4,0,3,3,,N,,,,,,,,,,,
2006113404,1716.0,2,0,0,0,0,0,0,0,0,4,0,,67,9,2006,5,39.9217,-75.2427,1716.0,6,0,0,0,0,0,0,0,0,,0,0,0,17,1,1,1,,0.0,39 55:17.939,,0,75 14:33.701,3,0,0,0,67301,0,0,0,N,0,0,0,4,67301,0,,1,1,,N,N,,0,,1,0,1,9,2,,1716,1,3,0,0,0,0,0,3,4,0,3,3,,N,,,,,,,,,,,
2006116047,1700.0,1,0,0,0,0,0,0,0,0,4,0,,67,10,2006,7,40.0808,-75.0284,1652.0,6,0,0,0,0,0,0,0,0,,0,0,0,16,1,0,5,,0.0,40 04:51.000,,0,75 01:43.681,0,0,0,0,67301,0,0,0,N,0,0,0,2,67301,0,,1,1,,N,N,,0,,0,0,1,3,2,,1606,0,2,0,0,0,0,0,3,4,0,2,3,,N,,,,,,,,,,,
2006116079,1127.0,1,0,0,0,0,0,0,0,0,4,0,,67,9,2006,7,39.992,-75.1402,1124.0,6,0,0,0,0,0,0,0,0,,0,0,0,11,1,0,1,,0.0,39 59:31.000,,0,75 08:24.916,9,0,0,0,67301,0,0,0,N,0,0,0,2,67301,0,,1,1,,N,N,,1,,0,0,0,9,2,,1121,0,2,0,0,0,0,1,3,4,0,2,3,,N,,,,,,,,,,,
2006124220,1845.0,2,0,0,0,0,0,0,0,0,6,0,,67,10,2006,6,39.9919,-75.2128,1830.0,6,0,0,0,0,1,0,0,0,,0,0,0,18,2,0,0,,0.0,39 59:30.696,,0,75 12:46.242,0,0,0,0,67301,0,0,0,N,0,0,0,2,67301,0,,1,9,,N,N,,0,,0,0,0,0,0,,1825,0,2,0,0,0,0,0,3,4,0,2,7,,N,,,,,,,,,,,
2006054202,325.0,2,0,0,0,0,0,0,0,0,2,0,,67,4,2006,1,39.9706,-75.233,320.0,6,0,0,0,0,0,0,0,0,,0,0,0,99,3,2,0,,0.0,39 58:14.332,,0,75 13:58.886,4,0,0,0,67301,0,0,0,,0,0,0,3,67301,2,,2,1,,,,,0,,0,0,0,3,2,,9999,2,2,0,0,3,0,0,3,4,0,2,3,,N,,,,,,,,,,,
2006054239,2355.0,1,0,0,0,0,0,0,0,0,5,0,,67,4,2006,7,39.9671,-75.1605,2354.0,6,0,0,0,0,0,0,0,0,,0,0,0,22,3,1,1,,0.0,39 58:01.000,,0,75 09:37.757,3,0,0,2,67301,0,0,0,N,0,0,0,3,67301,0,,1,1,,N,N,,0,,1,0,0,9,2,,2220,1,3,0,0,0,0,1,3,4,0,3,3,,N,,,,,,,,,,,
2006035785,1605.0,2,0,0,0,0,0,0,0,0,4,0,,67,2,2006,7,40.0638,-75.1729,1559.0,6,0,0,0,1,0,0,0,0,,0,0,0,15,1,1,1,,0.0,40 03:49.000,,0,75 10:22.328,4,0,0,0,67301,0,0,0,,0,0,0,3,67301,1,,1,1,,N,N,,0,,0,0,0,3,3,,1555,1,2,0,0,0,0,1,3,4,0,2,3,,N,,,,,,,,,,,
2006093164,1144.0,3,0,0,0,0,0,0,0,0,4,0,,67,7,2006,7,40.0764,-75.195,1131.0,6,0,0,0,0,0,0,0,1,,0,0,0,11,1,1,1,,0.0,40 04:35.000,,0,75 11:41.885,8,0,0,0,67301,0,0,0,N,0,0,0,3,67301,0,,1,1,,N,N,,0,,0,0,0,3,2,,1131,1,3,0,0,3,1,0,3,4,0,3,3,,N,,,,,,,,,,,
2006054088,1852.0,2,0,0,0,0,0,0,0,0,2,0,,67,4,2006,7,,,1842.0,6,0,0,0,0,0,0,0,0,,0,0,0,18,1,1,0,,0.0,,,0,,3,0,0,1,67301,0,0,0,N,0,0,0,1,67301,0,,1,1,,N,N,,0,,1,0,0,0,0,,1840,1,3,0,0,0,0,0,3,3,0,3,3,,N,,,,,,,,,,,
2006054118,1627.0,2,0,0,0,0,0,0,0,0,2,0,,67,4,2006,6,,,1625.0,6,0,0,0,0,0,1,0,0,,0,0,0,15,1,1,0,,0.0,,,0,,4,0,0,0,67301,0,0,0,,0,0,0,3,67301,1,,2,9,,N,N,,0,,0,0,0,0,0,,1545,1,2,0,0,1,0,0,3,3,0,2,7,,N,,,,,,,,,,,
2006036827,1240.0,2,0,0,0,0,0,0,0,0,4,0,,67,2,2006,3,40.0085,-75.2107,1240.0,6,0,0,0,0,0,1,0,0,,0,0,0,12,1,0,1,,0.0,40 00:30.000,,0,75 12:38.490,0,0,0,0,67301,1,0,0,N,0,0,0,3,67301,0,,1,1,,N,N,,0,,0,0,1,3,2,,1239,0,3,0,0,0,0,0,3,4,0,3,3,,N,,,,,,,,,,,
2006036828,1050.0,4,0,0,0,0,0,0,0,0,6,0,,67,2,2006,6,,,1050.0,6,0,0,0,0,0,0,0,0,,0,0,0,10,1,0,0,,0.0,,,0,,0,0,0,0,67301,0,0,0,N,0,0,0,1,67301,0,,1,1,,N,N,,0,,0,0,0,0,0,,1050,0,4,0,0,0,0,0,3,3,0,4,3,,N,,,,,,,,,,,
2006039549,650.0,2,0,0,0,0,0,0,0,0,2,0,,67,2,2006,7,,,619.0,6,0,0,0,0,0,0,0,0,,0,0,0,6,1,0,0,,0.0,,,0,,9,0,0,0,67301,1,0,0,N,0,0,0,2,67301,0,,6,9,,N,N,,0,,0,0,0,0,0,,614,0,2,0,0,0,0,1,3,3,0,2,7,,N,,,,,,,,,,,
2006034665,1700.0,1,0,0,0,0,0,1,0,0,4,1,,67,2,2006,6,39.9973,-75.0894,1648.0,6,0,0,0,0,0,0,0,0,,0,0,0,16,1,0,1,,0.0,39 59:49.000,,0,75 05:22.542,0,0,0,0,67301,0,0,0,N,0,0,0,3,67301,0,,1,1,,Y,N,,0,,0,0,0,3,2,,1647,0,2,0,0,1,0,0,3,4,0,2,3,,N,,,,,,,,,,,
2006037115,1455.0,1,0,0,0,0,0,0,0,0,8,0,,67,2,2006,3,,,1445.0,6,0,0,0,0,0,0,0,0,,0,0,0,99,1,1,1,,0.0,,,0,,4,0,0,0,67301,1,0,0,N,1,0,0,2,67301,1,,1,1,,N,N,,0,,0,0,0,9,2,,9999,1,2,0,0,0,0,0,3,3,0,1,3,,N,,,,,,,,,,,
2006037168,1445.0,2,0,0,0,0,0,0,0,0,4,0,,67,2,2006,7,40.1079,-75.0264,1435.0,6,0,0,0,0,0,1,0,0,,0,0,0,14,1,1,2,,0.0,40 06:28.000,,0,75 01:35.466,8,0,0,0,67301,0,0,0,N,0,0,0,3,67301,0,,1,9,,N,N,,0,,0,0,0,9,2,,1415,1,2,0,0,1,1,0,3,4,0,2,7,,N,,,,,,,,,,,