CRN,ARRIVAL_TM,AUTOMOBILE_COUNT,BELTED_DEATH_COUNT,BELTED_SUSP_SERIOUS_INJ_COUNT,BICYCLE_COUNT,BICYCLE_DEATH_COUNT,BICYCLE_SUSP_SERIOUS_INJ_COUNT,BUS_COUNT,CHLDPAS_DEATH_COUNT,CHLDPAS_SUSP_SERIOUS_INJ_COUNT,COLLISION_TYPE,COMM_VEH_COUNT,CONS_ZONE_SPD_LIM,COUNTY,CRASH_MONTH,CRASH_YEAR,DAY_OF_WEEK,DEC_LAT,DEC_LONG,DISPATCH_TM,DISTRICT,DRIVER_COUNT_16YR,DRIVER_COUNT_17YR,DRIVER_COUNT_18YR,DRIVER_COUNT_19YR,DRIVER_COUNT_20YR,DRIVER_COUNT_50_64YR,DRIVER_COUNT_65_74YR,DRIVER_COUNT_75PLUS,EST_HRS_CLOSED,FATAL_COUNT,HEAVY_TRUCK_COUNT,HORSE_BUGGY_COUNT,HOUR_OF_DAY,ILLUMINATION,INJURY_COUNT,INTERSECT_TYPE,INTERSECTION_RELATED,LANE_CLOSED,LATITUDE,LN_CLOSE_DIR,LOCATION_TYPE,LONGITUDE,MAX_SEVERITY_LEVEL,MCYCLE_DEATH_COUNT,MCYCLE_SUSP_SERIOUS_INJ_COUNT,MOTORCYCLE_COUNT,MUNICIPALITY,NONMOTR_COUNT,NONMOTR_DEATH_COUNT,NONMOTR_SUSP_SERIOUS_INJ_COUNT,NTFY_HIWY_MAINT,PED_COUNT,PED_DEATH_COUNT,PED_SUSP_SERIOUS_INJ_COUNT,PERSON_COUNT,POLICE_AGCY,POSSIBLE_INJ_COUNT,RDWY_SURF_TYPE_CD,RELATION_TO_ROAD,ROAD_CONDITION,ROADWAY_CLEARED,SCH_BUS_IND,SCH_ZONE_IND,SECONDARY_CRASH,SMALL_TRUCK_COUNT,SPEC_JURIS_CD,SUSP_MINOR_INJ_COUNT,SUSP_SERIOUS_INJ_COUNT,SUV_COUNT,TCD_FUNC_CD,TCD_TYPE,TFC_DETOUR_IND,TIME_OF_DAY,TOT_INJ_COUNT,TOTAL_UNITS,UNB_DEATH_COUNT,UNB_SUSP_SERIOUS_INJ_COUNT,UNBELTED_OCC_COUNT,UNK_INJ_DEG_COUNT,UNK_INJ_PER_COUNT,URBAN_AREA,URBAN_RURAL,VAN_COUNT,VEHICLE_COUNT,WEATHER1,WEATHER2,WORK_ZONE_IND,WORK_ZONE_LOC,WORK_ZONE_TYPE,WORKERS_PRES,WZ_CLOSE_DETOUR,WZ_FLAGGER,WZ_LAW_OFFCR_IND,WZ_LN_CLOSURE,WZ_MOVING,WZ_OTHER,WZ_SHLDER_MDN,WZ_WORKERS_INJ_KILLED
2006021279,1535.0,2,0,0,0,0,0,0,0,0,1,0,,67,1,2006,4,40.0289,-75.1073,1531.0,6,0,0,0,0,0,0,0,0,,0,0,0,15,8,1,0,,0.0,40 01:43.000,,0,75 06:26.191,4,0,0,0,67301,0,0,0,N,0,0,0,5,67301,1,,1,9,,N,N,,0,,0,0,0,0,0,,1530,1,2,0,0,0,0,0,3,4,0,2,7,,N,,,,,,,,,,,
2006022967,652.0,2,0,0,0,0,0,1,0,0,5,1,,67,1,2006,1,39.8984,-75.2384,629.0,6,0,0,0,0,0,2,0,0,,0,0,0,6,5,0,1,,0.0,39 53:40.000,,0,75 14:11.740,0,0,0,0,67301,0,0,0,,0,0,0,3,67301,0,,1,9,,N,N,,0,,0,0,0,0,0,,614,0,3,0,0,0,0,0,3,4,0,3,3,,N,,,,,,,,,,,
2006053832,2031.0,1,0,0,0,0,0,0,0,0,4,0,,67,4,2006,5,40.0474,-75.0129,2028.0,6,0,0,0,0,0,0,0,0,,0,0,0,19,6,1,0,,0.0,40 02:50.650,,0,75 00:46.526,8,0,0,1,67301,0,0,0,,0,0,0,2,67301,0,,1,1,,N,N,,0,,0,0,0,0,0,,1951,1,2,0,0,0,1,0,3,4,0,2,3,,N,,,,,,,,,,,
2006053853,1510.0,1,0,0,0,0,0,0,0,0,8,0,,67,3,2006,6,39.996,-75.1913,1503.0,6,0,0,0,0,1,0,0,0,,0,0,0,15,1,1,0,,0.0,39 59:45.000,,0,75 11:28.415,4,0,0,0,67301,1,0,0,,1,0,0,2,67301,1,,1,1,,,,,0,,0,0,0,0,0,,1550,1,2,0,0,0,0,0,3,4,0,1,3,,N,,,,,,,,,,,
2006094926,943.0,1,0,0,0,0,0,0,0,0,1,0,,67,7,2006,2,40.0152,-75.1699,940.0,6,0,0,0,0,0,0,1,0,,0,0,0,9,1,1,1,,0.0,40 00:55.000,,0,75 10:11.309,4,0,0,0,67301,0,0,0,N,0,0,0,2,67301,1,,1,1,,N,N,,0,,0,0,0,0,0,,932,1,2,0,0,0,0,0,3,4,1,2,3,,N,,,,,,,,,,,
2006094929,1350.0,2,0,0,0,0,0,0,0,0,4,0,,67,7,2006,1,40.0331,-75.1812,1344.0,6,0,0,0,0,0,1,0,0,,0,0,0,13,1,4,2,,0.0,40 01:58.000,,0,75 10:52.620,4,0,0,0,67301,0,0,0,N,0,0,0,7,67301,4,,1,1,,N,N,,1,,0,0,0,3,2,,1330,4,3,0,0,3,0,0,3,4,0,3,3,,N,,,,,,,,,,,
2006055861,1239.0,2,0,0,0,0,0,0,0,0,4,0,,67,2,2006,7,40.0386,-75.2402,1237.0,6,0,0,0,1,0,0,1,0,,0,0,0,12,1,2,2,,0.0,40 02:18.931,,0,75 14:24.633,4,0,0,0,67301,0,0,0,,0,0,0,3,67301,1,,4,1,,N,N,,0,,0,0,1,0,0,,1237,2,3,0,0,2,1,0,3,4,0,3,3,,N,,,,,,,,,,,
2006092476,333.0,1,0,0,0,0,0,0,0,0,2,0,,67,8,2006,7,40.009,-75.1355,332.0,6,0,0,0,0,0,0,0,0,,0,0,0,3,3,1,0,,0.0,40 00:32.310,,0,75 08:07.947,3,0,0,1,67301,0,0,0,N,0,0,0,2,67301,0,,2,1,,N,N,,0,,1,0,0,0,0,,330,1,2,0,0,0,0,1,3,4,0,2,3,,N,,,,,,,,,,,
2006055945,250.0,4,0,0,0,0,0,0,0,0,1,0,,67,3,2006,1,,,245.0,6,0,0,0,1,0,0,0,0,1.0,0,0,0,2,3,0,0,,2.0,,4.0,0,,9,0,0,0,67301,0,0,0,N,0,0,0,7,67301,0,,1,9,,N,N,,0,,0,0,0,0,0,N,245,0,4,0,0,0,0,7,3,3,0,4,7,,N,,,,,,,,,,,
2006092586,830.0,1,0,0,0,0,0,0,0,0,8,0,,67,8,2006,4,40.0608,-75.0681,830.0,6,0,0,0,0,0,0,0,1,,0,0,0,8,1,1,1,,0.0,40 03:38.955,,0,75 04:05.015,8,0,0,0,67301,1,0,0,,1,0,0,2,67301,0,,1,1,,,,,0,,0,0,0,2,2,,830,1,2,0,0,0,1,0,3,4,0,1,3,,N,,,,,,,,,,,
2006056107,230.0,0,0,0,0,0,0,0,0,0,7,0,,67,4,2006,7,,,230.0,6,0,0,0,0,0,0,0,0,,0,0,0,99,3,0,0,,0.0,,,0,,0,0,0,0,67301,0,0,0,N,0,0,0,1,67301,0,,5,9,,N,N,,1,,0,0,0,0,0,,9999,0,1,0,0,0,0,0,3,3,0,1,7,,N,,,,,,,,,,,
2006056117,630.0,2,0,0,0,0,0,0,0,0,1,0,,67,4,2006,6,39.9492,-75.1843,629.0,6,0,0,1,0,0,0,0,0,1.0,0,0,0,6,1,1,6,,1.0,39 56:57.000,4.0,2,75 11:03.568,8,0,0,0,67301,0,0,0,N,0,0,0,3,67301,0,,1,1,,N,N,,0,,0,0,0,3,4,N,627,1,2,0,0,0,1,0,3,4,0,2,3,,N,,,,,,,,,,,
2006095188,239.0,1,0,0,0,0,0,0,0,0,7,0,,67,8,2006,2,,,232.0,6,0,0,0,0,0,0,0,0,,0,0,0,2,3,1,0,,0.0,,,0,,4,0,0,0,67301,0,0,0,N,0,0,0,1,67301,1,,4,1,,N,N,,0,,0,0,0,0,0,,229,1,1,0,0,0,0,0,3,3,0,1,3,,N,,,,,,,,,,,
2006056143,1243.0,2,0,0,0,0,0,0,0,0,4,0,,67,3,2006,7,40.0257,-75.0316,1240.0,6,0,0,0,1,0,0,0,0,1.0,0,0,0,0,3,2,1,,1.0,40 01:41.000,2.0,0,75 02:20.333,4,0,0,0,67301,0,0,0,N,0,0,0,3,67301,2,,1,1,,N,N,,0,,0,0,0,3,2,N,40,2,2,0,0,0,0,0,3,4,0,2,3,,N,,,,,,,,,,,
2006056158,1650.0,1,0,0,0,0,0,0,0,0,8,0,,67,4,2006,2,39.918,-75.2384,1646.0,6,0,0,0,0,0,0,0,0,,0,0,0,15,1,1,1,,0.0,39 55:04.951,,0,75 14:18.110,4,0,0,0,67301,1,0,0,N,1,0,0,4,67301,1,,1,9,,N,Y,,0,,0,0,0,0,0,,1540,1,2,0,0,0,0,0,3,4,0,1,7,,N,,,,,,,,,,,
2006113273,1855.0,1,0,0,0,0,0,0,0,0,8,0,,67,10,2006,4,39.9849,-75.2371,1842.0,6,0,0,0,0,0,0,0,0,,0,0,0,17,2,1,1,,0.0,39 59:05.715,,0,75 14:13.549,8,0,0,0,67301,1,0,0,N,1,0,0,2,67301,0,,1,9,,N,N,,0,,0,0,0,3,2,,1700,1,2,0,0,0,1,0,3,4,0,1,7,,N,,,,,,,,,,,
2006113357,628.0,1,0,0,0,0,0,0,0,0,6,0,,67,9,2006,2,40.0108,-75.1422,626.0,6,0,0,0,0,0,0,0,0,,0,0,0,6,1,0,0,,0.0,40 00:38.828,,0,75 08:31.956,9,0,0,0,67301,2,0,0,N,0,0,0,3,67301,0,,1,1,,N,N,,0,,0,0,1,0,0,,626,0,2,0,0,0,0,1,3,4,0,2,3,,N,,,,,,,,,,,
2006113370,11.0,3,0,0,0,0,0,0,0,0,6,1,,67,9,2006,6,40.0056,-75.075,9.0,6,0,0,1,0,0,1,0,0,1.0,0,1,0,0,3,2,0,,2.0,40 00:20.288,2.0,0,75 04:30.086,4,0,0,0,67301,0,0,0,N,0,0,0,5,67301,1,,1,9,,N,N,,0,,0,0,0,0,0,N,9,2,4,0,0,0,1,1,3,4,0,4,7,,N,,,,,,,,,,,
2006105888,1650.0,1,0,0,0,0,0,0,0,0,8,0,,67,9,2006,2,40.0384,-75.0773,1647.0,6,0,0,0,0,0,0,0,0,,0,0,0,16,1,1,0,,0.0,40 02:18.345,,0,75 04:38.109,4,0,0,0,67301,1,0,0,N,1,0,0,2,67301,1,,1,1,,N,N,,0,,0,0,0,0,0,,1620,1,2,0,0,0,0,0,3,4,0,1,3,,N,,,,,,,,,,,
2006113440,1652.0,2,0,0,0,0,0,0,0,0,6,0,,67,9,2006,1,39.926,-75.1727,1648.0,6,0,0,0,0,0,0,0,0,,0,0,0,16,1,1,1,,0.0,39 55:33.679,,0,75 10:21.611,8,0,0,0,67301,0,0,0,N,0,0,0,4,67301,0,,1,9,,N,N,,0,,0,0,0,3,2,,1624,1,2,0,0,0,1,0,3,4,0,2,7,,N,,,,,,,,,,,
2006113464,9999.0,1,0,0,0,0,0,0,0,0,4,0,,67,10,2006,6,39.9547,-75.2403,9999.0,6,0,0,0,0,0,0,0,0,,0,0,0,13,1,1,2,,0.0,39 57:16.988,,0,75 14:24.950,4,0,0,0,67301,0,0,0,N,0,0,0,2,67301,1,,1,98,,N,N,,0,,0,0,0,9,3,,1330,1,2,0,0,0,0,1,3,4,0,2,99,,N,,,,,,,,,,,
2006105860,825.0,1,0,0,0,0,0,0,0,0,8,0,,67,9,2006,2,39.913,-75.1819,825.0,6,0,0,0,0,0,0,0,0,,0,0,0,8,1,1,3,,0.0,39 54:46.000,,0,75 10:55.051,4,0,0,0,67301,1,0,0,N,1,0,0,2,67301,1,,1,1,,N,N,,0,,0,0,0,3,3,,820,1,2,0,0,0,0,0,3,4,0,1,3,,N,,,,,,,,,,,
2006124215,2239.0,1,0,0,0,0,0,0,0,0,1,0,,67,10,2006,6,39.9746,-75.1943,2227.0,6,0,0,0,0,0,0,0,0,1.0,0,0,0,22,3,0,0,,1.0,39 58:31.000,3.0,0,75 11:41.671,0,0,0,0,67301,0,0,0,N,0,0,0,3,67301,0,,1,9,,N,N,,0,,0,0,1,0,0,N,2224,0,2,0,0,0,0,0,3,4,0,2,7,,N,,,,,,,,,,,
2006054199,1953.0,4,0,0,0,0,0,0,0,0,4,0,,67,3,2006,6,40.0138,-75.0706,1950.0,6,0,0,0,0,0,0,0,0,,0,0,0,19,1,3,0,,0.0,40 00:49.000,,0,75 04:14.201,3,0,0,0,67301,0,0,0,N,0,0,0,4,67301,0,,4,1,,N,N,,0,,3,0,0,0,0,,1935,3,4,0,0,0,0,0,3,4,0,4,3,,N,,,,,,,,,,,
2006025548,1608.0,1,0,0,0,0,0,0,0,0,8,0,,67,1,2006,6,39.9589,-75.1691,1551.0,6,0,0,0,0,0,1,0,0,,0,0,0,15,1,1,0,,0.0,39 57:32.000,,0,75 10:08.618,8,0,0,0,67301,1,0,0,,1,0,0,3,67301,0,,6,1,,N,N,,0,,0,0,0,3,2,,1505,1,2,0,0,0,1,0,3,4,0,1,3,,N,,,,,,,,,,,
2006038164,9999.0,0,0,0,0,0,0,0,0,0,4,0,,67,2,2006,6,40.0024,-75.0797,9999.0,6,0,0,0,0,0,0,0,0,,0,0,0,20,3,1,2,,0.0,40 00:08.000,,7,75 04:47.556,8,0,0,1,67301,0,0,0,N,0,0,0,3,67301,0,,1,1,,N,N,,0,,0,0,1,0,0,,2055,1,2,0,0,0,1,0,3,4,0,2,3,,N,,,,,,,,,,,
2006038165,1005.0,3,0,0,0,0,0,0,0,0,1,0,,67,3,2006,3,39.9576,-75.1605,955.0,6,0,0,0,0,0,1,0,0,2.0,0,0,0,9,1,4,6,,1.0,39 57:28.000,3.0,2,75 09:49.008,4,0,0,0,67301,0,0,0,,0,0,0,20,67301,4,,1,1,,N,N,,0,,0,0,0,0,0,Y,950,4,4,0,0,15,0,0,3,4,1,4,3,,N,,,,,,,,,,,
2006035771,1528.0,1,0,0,0,0,0,0,0,0,8,0,,67,2,2006,6,40.0543,-75.0716,1527.0,6,0,0,0,0,0,0,0,0,,0,0,0,15,1,1,1,,0.0,40 03:15.000,,0,75 04:16.987,4,0,0,0,67301,1,0,0,N,1,0,0,2,67301,1,,1,1,,N,Y,,0,,0,0,0,3,2,,1519,1,2,0,0,0,0,1,3,4,0,1,3,,N,,,,,,,,,,,
2006035775,1145.0,3,0,0,0,0,0,0,0,0,4,0,,67,1,2006,6,40.0281,-75.1592,1141.0,6,0,0,0,0,0,1,0,0,,0,0,0,11,1,0,0,,0.0,40 01:41.271,,0,75 09:32.950,0,0,0,0,67301,0,0,0,,0,0,0,2,67301,0,,4,1,,N,N,,0,,0,0,0,0,0,,1140,0,3,0,0,0,0,0,3,4,0,3,3,,N,,,,,,,,,,,
2006054078,9999.0,2,0,0,0,0,0,0,0,0,1,0,,67,5,2006,3,39.9693,-75.2274,9999.0,6,0,0,0,0,0,0,0,0,,0,0,0,99,1,1,0,,0.0,39 58:09.526,,0,75 13:38.618,4,0,0,0,67301,1,0,0,N,0,0,0,2,67301,1,,6,1,,N,N,,0,,0,0,0,0,0,,9999,1,2,0,0,0,0,0,3,4,0,2,3,,N,,,,,,,,,,,
2006054090,1300.0,2,0,0,0,0,0,0,0,0,6,0,,67,4,2006,5,39.9997,-75.1385,1250.0,6,0,0,0,0,0,1,0,0,,0,0,0,12,1,1,1,,0.0,39 59:59.000,,0,75 08:18.464,8,0,0,0,67301,0,0,0,,0,0,0,4,67301,0,,1,1,,,,,0,,0,0,0,0,0,,1200,1,2,0,0,0,1,0,3,4,0,2,3,,N,,,,,,,,,,,
2006041782,19.0,1,0,0,0,0,0,0,0,0,7,0,,67,3,2006,6,,,18.0,6,0,0,0,0,0,0,0,0,,0,0,0,0,3,0,0,,0.0,,,2,,0,0,0,0,67301,0,0,0,N,0,0,0,1,67501,0,,7,9,,N,N,,0,,0,0,0,0,0,,18,0,1,0,0,0,0,0,3,3,0,1,7,,N,,,,,,,,,,,
2006036854,1622.0,4,0,0,0,0,0,0,0,0,5,0,,67,2,2006,7,40.0276,-75.1101,1620.0,6,0,0,0,0,0,0,0,0,,0,0,0,16,1,2,1,,0.0,40 01:39.000,,0,75 06:35.901,3,0,0,0,67301,0,0,0,,0,0,0,2,67301,1,,1,1,,N,N,,0,,1,0,1,3,1,,1619,2,5,0,0,1,0,0,3,4,0,5,3,,N,,,,,,,,,,,
2006036894,1914.0,1,0,0,0,0,0,0,0,0,4,0,,67,2,2006,3,40.1292,-75.0249,1911.0,6,0,0,0,0,0,1,0,0,,0,0,0,19,3,1,0,,0.0,40 07:45.033,,0,75 01:29.488,4,0,0,0,67301,0,0,0,N,0,0,0,4,67301,1,,1,2,,N,N,,1,,0,0,0,0,0,,1911,1,2,0,0,0,0,0,3,4,0,2,3,,N,,,,,,,,,,,
2006037209,1433.0,0,0,0,0,0,0,0,0,0,4,0,,67,2,2006,3,40.088,-74.9646,1433.0,6,0,0,0,0,0,1,1,0,,0,0,0,99,1,0,1,,0.0,40 05:16.782,,0,74 57:52.474,0,0,0,0,67301,0,0,0,N,0,0,0,2,67301,0,,1,1,,N,N,,0,,0,0,2,3,2,,9999,0,2,0,0,0,0,0,3,4,0,2,3,,N,,,,,,,,,,,
2006023990,1145.0,3,0,0,0,0,0,0,0,0,1,0,99.0,67,1,2006,5,,,1143.0,6,0,0,0,0,0,1,0,0,,0,0,0,11,1,1,0,,0.0,,,0,,4,0,0,0,67301,0,0,0,N,0,0,0,2,67501,1,,5,1,,N,N,,1,,0,0,0,3,8,,1143,1,4,0,0,0,0,0,3,3,0,4,3,,Y,8.0,8.0,U,,,U,,,,,
2006021315,1535.0,2,0,0,0,0,0,0,0,0,1,0,,67,1,2006,1,40.0772,-75.0338,1500.0,6,0,0,0,0,0,1,0,0,,0,0,0,15,1,0,0,,0.0,40 04:37.858,,0,75 02:01.794,0,0,0,0,67301,0,0,0,N,0,0,0,1,67301,0,,6,2,,N,N,,0,,0,0,0,0,0,,1515,0,2,0,0,0,0,0,3,4,0,2,98,,N,,,,,,,,,,,
2006081914,840.0,3,0,0,0,0,0,0,0,0,5,0,,67,4,2006,5,39.9561,-75.2064,840.0,6,0,0,0,0,0,0,0,0,,0,0,0,8,1,1,1,,0.0,39 57:22.000,,0,75 12:22.946,4,0,0,0,67301,0,0,0,N,0,0,0,2,67301,1,,1,1,,N,N,,0,,0,0,0,3,2,,828,1,3,0,0,0,0,0,3,4,0,3,3,,N,,,,,,,,,,,
2006084543,2040.0,1,0,0,0,0,0,0,0,0,4,0,,67,6,2006,7,40.0331,-75.107,2035.0,6,0,0,0,0,0,1,0,0,,1,0,0,20,1,0,1,,0.0,40 01:58.000,,0,75 06:24.220,1,1,0,1,67301,0,0,0,,0,0,0,2,67301,0,2.0,1,1,,N,N,,0,0.0,0,0,0,3,2,,2035,0,2,0,0,0,0,0,3,4,0,2,3,,N,,,,,,,,,,,
2006053799,1554.0,1,0,0,0,0,0,0,0,0,8,0,,67,4,2006,4,,,1552.0,6,0,0,0,0,1,0,0,0,,0,0,0,15,1,1,0,,0.0,,,0,,4,0,0,0,67301,1,0,0,N,1,0,0,2,67301,1,,1,1,,N,N,,0,,0,0,0,0,0,,1545,1,2,0,0,0,0,0,3,3,0,1,3,,N,,,,,,,,,,,
2006053839,812.0,1,0,0,0,0,0,0,0,0,1,0,,67,4,2006,7,39.9723,-75.2323,810.0,6,1,0,0,0,0,0,0,0,,0,0,0,8,1,0,0,,0.0,39 58:20.222,,0,75 13:56.240,0,0,0,0,67301,0,0,0,,0,0,0,2,67301,0,,6,9,,,,,0,,0,0,0,0,0,,809,0,3,0,0,2,0,0,3,4,1,3,7,,N,,,,,,,,,,,
2006053877,2350.0,0,0,0,0,0,0,0,0,0,7,0,,67,4,2006,6,39.9786,-75.0977,2347.0,6,0,0,0,0,0,0,0,0,,0,0,0,11,1,1,0,,0.0,39 58:43.000,,0,75 05:51.623,8,0,0,1,67301,0,0,0,N,0,0,0,1,67301,0,,4,1,,N,N,,0,,0,0,0,0,0,,1140,1,1,0,0,0,1,0,3,4,0,1,3,,N,,,,,,,,,,,
2006094900,1335.0,0,0,0,0,0,0,0,0,0,4,1,,67,7,2006,4,40.0108,-75.1266,1328.0,6,0,0,0,0,0,0,0,0,,0,1,0,13,1,1,1,,0.0,40 00:38.808,,0,75 07:35.921,8,0,0,0,67301,0,0,0,N,0,0,0,2,67301,0,,1,1,,N,N,,1,,0,0,0,3,2,,1328,1,2,0,0,2,1,0,3,4,0,2,3,,N,,,,,,,,,,,
2006055823,1445.0,2,0,0,0,0,0,0,0,0,5,0,,67,3,2006,7,40.0039,-75.2144,1436.0,6,0,0,0,0,0,0,0,0,,0,0,0,14,1,1,0,,0.0,40 00:14.191,,0,75 12:51.962,8,0,0,0,67301,0,0,0,N,0,0,0,3,67301,0,,1,1,,N,N,,0,,0,0,0,0,0,,1415,1,2,0,0,0,1,0,3,4,0,2,3,,N,,,,,,,,,,,
2006055935,211.0,1,0,0,0,0,0,0,0,0,7,0,,67,4,2006,1,39.9555,-75.1808,210.0,6,0,0,0,0,0,1,0,0,1.0,0,0,0,2,3,0,1,,2.0,39 57:19.768,4.0,0,75 10:50.830,0,0,0,0,67301,0,0,0,N,0,0,0,1,67301,0,,3,9,,N,N,,0,,0,0,0,0,0,Y,205,0,1,0,0,0,0,0,3,4,0,1,7,,N,,,,,,,,,,,
2006055937,235.0,2,0,0,0,0,0,0,0,0,1,0,,67,4,2006,1,,,230.0,6,0,0,0,0,0,0,0,0,1.0,0,0,0,2,3,1,0,,2.0,,1.0,0,,3,0,0,0,67301,0,0,0,N,0,0,0,3,67301,0,,1,1,,N,N,,0,,1,0,0,0,0,N,228,1,2,0,0,1,0,0,3,3,0,2,3,,N,,,,,,,,,,,
2006055950,1820.0,2,0,0,0,0,0,0,0,0,4,0,,67,4,2006,5,,,1815.0,6,0,0,0,0,1,0,0,0,,0,0,0,18,1,1,1,,0.0,,,0,,8,0,0,0,67301,0,0,0,N,0,0,0,2,67301,0,,1,1,,N,N,,0,,0,0,0,3,3,,1805,1,2,0,0,0,1,0,3,3,0,2,3,,N,,,,,,,,,,,
2006092600,2120.0,1,0,0,1,0,0,0,0,0,8,0,,67,7,2006,1,40.0253,-75.1278,1914.0,6,0,0,0,0,0,0,0,0,,0,0,0,21,3,1,2,,0.0,40 01:30.000,,0,75 07:41.221,3,0,0,0,67301,1,0,0,N,0,0,0,2,67301,0,,1,1,,N,N,,0,,1,0,0,9,3,,2114,1,2,0,0,0,0,0,3,4,0,1,3,,N,,,,,,,,,,,
2006056001,1300.0,2,0,0,0,0,0,0,0,0,8,0,,67,4,2006,7,39.9979,-75.2333,1255.0,6,0,0,0,0,0,0,0,1,,0,0,0,12,1,1,0,,0.0,39 59:52.590,,0,75 13:59.991,4,0,0,0,67301,1,0,0,,1,0,0,4,67301,1,,9,1,,,,,0,,0,0,0,0,0,,1230,1,3,0,0,0,0,0,3,4,0,2,3,,N,,,,,,,,,,,
2006056081,2010.0,2,0,0,0,0,0,0,0,0,4,0,,67,5,2006,2,40.0347,-75.0894,2007.0,6,0,0,0,0,0,0,0,0,,0,0,0,99,1,1,1,,0.0,40 02:04.902,,0,75 05:21.843,8,0,0,0,67301,0,0,0,,0,0,0,2,67301,0,,1,1,,,,,0,,0,0,0,0,0,,9999,1,2,0,0,1,1,0,3,4,0,2,3,,N,,,,,,,,,,,
2006056173,1652.0,1,0,0,0,0,0,0,0,0,8,0,,67,3,2006,5,39.9403,-75.2337,1648.0,6,0,0,0,0,0,0,0,0,,0,0,0,16,1,1,1,,0.0,39 56:25.108,,0,75 14:01.197,4,0,0,0,67301,1,0,0,N,1,0,0,2,67301,1,,1,1,,N,N,,0,,0,0,0,3,2,,1600,1,2,0,0,1,0,0,3,4,0,1,3,,N,,,,,,,,,,,
2006056378,2138.0,2,0,0,0,0,0,0,0,0,6,0,,67,2,2006,2,39.9614,-75.1482,2138.0,6,0,0,0,0,0,0,0,0,,0,0,0,21,3,0,1,,0.0,39 57:41.000,,0,75 08:53.548,0,0,0,0,67301,0,0,0,N,0,0,0,4,67301,0,,1,1,,N,N,,0,,0,0,0,3,2,,2136,0,2,0,0,0,0,0,3,4,0,2,3,,N,,,,,,,,,,,
2006056384,1603.0,2,0,0,0,0,0,0,0,0,4,0,,67,2,2006,1,39.9572,-75.1587,1600.0,6,0,0,0,0,0,0,0,0,,0,0,0,15,1,1,1,,0.0,39 57:27.000,,0,75 09:30.873,4,0,0,0,67301,0,0,0,N,0,0,0,2,67301,1,,1,1,,N,N,,0,,0,0,0,9,2,,1556,1,2,0,0,2,0,0,3,4,0,2,3,,N,,,,,,,,,,,
2006056415,2006.0,1,0,0,0,0,0,0,0,0,5,0,,67,4,2006,6,,,2005.0,6,0,0,0,0,0,1,0,0,1.0,0,0,0,20,3,0,7,,2.0,,2.0,8,,0,0,0,0,67301,0,0,0,N,0,0,0,1,67301,0,,1,9,,N,N,,0,,0,0,0,9,4,Y,2003,0,2,0,0,0,0,0,3,3,0,2,7,,N,,,,,,,,,,,
2006053974,832.0,1,0,0,0,0,0,0,0,0,2,0,,67,4,2006,2,40.0501,-75.0642,831.0,6,0,0,0,0,0,0,0,0,1.0,0,0,0,8,1,1,1,,1.0,40 03:00.000,4.0,0,75 03:50.378,4,0,0,0,67301,0,0,0,N,0,0,0,3,67301,1,,1,1,,N,N,,0,,0,0,0,3,2,N,830,1,2,0,0,2,0,1,3,4,0,2,3,,N,,,,,,,,,,,
2006018423,1945.0,2,0,0,0,0,0,0,0,0,1,0,,67,1,2006,4,39.9719,-75.2449,1937.0,6,0,0,0,0,0,1,0,0,,0,0,0,19,3,3,1,,0.0,39 58:18.000,,0,75 14:41.327,8,0,0,0,67301,0,0,0,N,0,0,0,4,67301,0,,1,1,,N,N,,0,,0,0,0,3,2,,1935,3,2,0,0,0,3,0,3,4,0,2,3,,N,,,,,,,,,,,
2006037992,113.0,5,0,0,0,0,0,0,0,0,4,0,,67,2,2006,4,39.924,-75.1671,109.0,6,0,0,0,0,1,0,0,0,3.0,0,0,0,1,3,2,1,,2.0,39 55:25.000,7.0,0,75 09:51.816,8,0,0,0,67301,0,0,0,N,0,0,0,5,67301,0,,1,1,,N,N,,0,,0,0,0,0,0,Y,108,2,5,0,0,0,2,1,3,4,0,5,3,,N,,,,,,,,,,,
2006035638,1408.0,2,0,0,0,0,0,0,0,0,4,0,,67,2,2006,1,39.9397,-75.1981,1404.0,6,0,0,0,0,0,0,0,0,,0,0,0,14,1,1,0,,0.0,39 56:21.000,,0,75 11:53.741,8,0,0,0,67301,0,0,0,N,0,0,0,4,67301,0,,1,1,,N,N,,0,,0,0,0,0,0,,1400,1,2,0,0,0,1,0,3,4,0,2,3,,N,,,,,,,,,,,
2006102605,200.0,2,0,0,0,0,0,0,0,0,2,0,,67,9,2006,1,,,142.0,6,0,0,0,0,0,0,0,0,,0,0,0,1,3,0,0,,0.0,,,0,,0,0,0,0,67301,0,0,0,N,0,0,0,1,67301,0,,4,1,,N,N,,0,,0,0,0,0,0,,140,0,2,0,0,0,0,0,3,3,0,2,3,,N,,,,,,,,,,,
2006105146,1800.0,1,0,0,0,0,0,0,0,0,8,0,,67,9,2006,2,40.0113,-75.1811,1752.0,6,0,0,0,0,0,0,0,0,,0,0,0,17,1,1,0,,0.0,40 00:40.672,,0,75 10:51.913,8,0,0,0,67301,1,0,0,,1,0,0,2,67301,0,,1,1,,,,,0,,0,0,0,0,0,,1745,1,2,0,0,0,1,0,3,4,0,1,3,,N,,,,,,,,,,,