CRN,ARRIVAL_TM,AUTOMOBILE_COUNT,BELTED_DEATH_COUNT,BELTED_SUSP_SERIOUS_INJ_COUNT,BICYCLE_COUNT,BICYCLE_DEATH_COUNT,BICYCLE_SUSP_SERIOUS_INJ_COUNT,BUS_COUNT,CHLDPAS_DEATH_COUNT,CHLDPAS_SUSP_SERIOUS_INJ_COUNT,COLLISION_TYPE,COMM_VEH_COUNT,CONS_ZONE_SPD_LIM,COUNTY,CRASH_MONTH,CRASH_YEAR,DAY_OF_WEEK,DEC_LAT,DEC_LONG,DISPATCH_TM,DISTRICT,DRIVER_COUNT_16YR,DRIVER_COUNT_17YR,DRIVER_COUNT_18YR,DRIVER_COUNT_19YR,DRIVER_COUNT_20YR,DRIVER_COUNT_50_64YR,DRIVER_COUNT_65_74YR,DRIVER_COUNT_75PLUS,EST_HRS_CLOSED,FATAL_COUNT,HEAVY_TRUCK_COUNT,HORSE_BUGGY_COUNT,HOUR_OF_DAY,ILLUMINATION,INJURY_COUNT,INTERSECT_TYPE,INTERSECTION_RELATED,LANE_CLOSED,LATITUDE,LN_CLOSE_DIR,LOCATION_TYPE,LONGITUDE,MAX_SEVERITY_LEVEL,MCYCLE_DEATH_COUNT,MCYCLE_SUSP_SERIOUS_INJ_COUNT,MOTORCYCLE_COUNT,MUNICIPALITY,NONMOTR_COUNT,NONMOTR_DEATH_COUNT,NONMOTR_SUSP_SERIOUS_INJ_COUNT,NTFY_HIWY_MAINT,PED_COUNT,PED_DEATH_COUNT,PED_SUSP_SERIOUS_INJ_COUNT,PERSON_COUNT,POLICE_AGCY,POSSIBLE_INJ_COUNT,RDWY_SURF_TYPE_CD,RELATION_TO_ROAD,ROAD_CONDITION,ROADWAY_CLEARED,SCH_BUS_IND,SCH_ZONE_IND,SECONDARY_CRASH,SMALL_TRUCK_COUNT,SPEC_JURIS_CD,SUSP_MINOR_INJ_COUNT,SUSP_SERIOUS_INJ_COUNT,SUV_COUNT,TCD_FUNC_CD,TCD_TYPE,TFC_DETOUR_IND,TIME_OF_DAY,TOT_INJ_COUNT,TOTAL_UNITS,UNB_DEATH_COUNT,UNB_SUSP_SERIOUS_INJ_COUNT,UNBELTED_OCC_COUNT,UNK_INJ_DEG_COUNT,UNK_INJ_PER_COUNT,URBAN_AREA,URBAN_RURAL,VAN_COUNT,VEHICLE_COUNT,WEATHER1,WEATHER2,WORK_ZONE_IND,WORK_ZONE_LOC,WORK_ZONE_TYPE,WORKERS_PRES,WZ_CLOSE_DETOUR,WZ_FLAGGER,WZ_LAW_OFFCR_IND,WZ_LN_CLOSURE,WZ_MOVING,WZ_OTHER,WZ_SHLDER_MDN,WZ_WORKERS_INJ_KILLED
2006105170,1000.0,2,0,0,0,0,0,0,0,0,4,0,,67,8,2006,2,40.0261,-75.0948,951.0,6,0,0,0,0,0,0,0,0,,0,0,0,9,1,1,1,,0.0,40 01:33.940,,0,75 05:41.207,4,0,0,0,67301,0,0,0,N,0,0,0,2,67301,1,,1,1,,N,N,,0,,0,0,0,3,2,,947,1,2,0,0,0,0,0,3,4,0,2,3,,N,,,,,,,,,,,
2006054529,800.0,2,0,0,0,0,0,0,0,0,1,0,,67,5,2006,5,40.0478,-74.9995,752.0,6,0,0,0,0,0,0,0,0,,0,0,0,7,1,1,0,,0.0,40 02:51.000,,0,74 59:56.588,4,0,0,0,67301,0,0,0,N,0,0,0,3,67301,1,,1,9,,N,N,,0,,0,0,0,0,0,,752,1,3,0,0,0,0,0,3,4,1,3,3,,N,,,,,,,,,,,
2006054620,1615.0,2,0,0,0,0,0,0,0,0,4,0,,67,4,2006,7,,,1608.0,6,0,0,0,0,1,0,0,0,,0,0,0,15,1,1,2,,0.0,,,0,,4,0,0,0,67301,0,0,0,,0,0,0,3,67301,1,,1,9,,,,,0,,0,0,0,0,0,,1550,1,2,0,0,0,0,2,3,3,0,2,7,,N,,,,,,,,,,,
2006054692,421.0,0,0,0,0,0,0,0,0,0,7,0,,67,4,2006,1,39.9684,-75.1295,417.0,6,0,0,0,0,0,0,0,0,2.0,0,0,0,4,3,1,7,,2.0,39 57:36.000,2.0,0,75 08:27.163,2,0,0,0,67301,0,0,0,Y,0,0,0,1,67301,0,,7,9,,N,N,,0,,0,1,1,0,0,Y,415,1,1,0,1,1,0,0,3,4,0,1,7,,N,,,,,,,,,,,
2006081102,1224.0,2,0,0,0,0,0,0,0,0,4,0,,67,6,2006,3,40.0306,-75.1769,1224.0,6,0,0,0,1,0,0,0,0,,0,0,0,12,1,0,0,,0.0,40 01:50.000,,7,75 10:37.202,0,0,0,0,67301,0,0,0,N,0,0,0,3,67301,0,,1,1,,N,N,,0,,0,0,0,0,0,,1200,0,2,0,0,0,0,0,3,4,0,2,3,,N,,,,,,,,,,,
2006081114,1720.0,1,0,0,0,0,0,0,0,0,8,0,,67,5,2006,2,39.9778,-75.1192,1717.0,6,0,0,0,0,0,0,0,0,,0,0,0,17,1,1,0,,0.0,39 58:42.000,,0,75 07:08.022,8,0,0,0,67301,1,0,0,N,1,0,0,2,67301,0,,1,1,,N,N,,0,,0,0,0,0,0,,1716,1,2,0,0,0,1,0,3,4,0,1,3,,N,,,,,,,,,,,
2006081161,30.0,1,0,0,1,0,0,0,0,0,6,0,,67,6,2006,7,,,30.0,6,0,0,0,0,0,0,0,0,,0,0,0,21,1,1,0,,0.0,,,0,,4,0,0,0,67301,1,0,0,N,0,0,0,2,67301,1,,1,1,,N,N,,0,,0,0,0,0,0,,2135,1,2,0,0,0,0,0,3,3,0,1,3,,N,,,,,,,,,,,
2006081380,844.0,3,0,0,0,0,0,0,0,0,1,0,,67,5,2006,3,40.0446,-75.1931,841.0,6,0,0,0,0,0,1,1,0,2.0,0,0,0,8,1,2,1,,1.0,40 02:40.000,1.0,0,75 11:35.275,4,0,0,0,67301,0,0,0,N,0,0,0,4,67301,2,,1,1,,N,N,,0,,0,0,1,3,2,N,822,2,4,0,0,0,0,0,3,4,0,4,3,,N,,,,,,,,,,,
2006081529,1410.0,2,0,0,0,0,0,1,0,0,6,1,,67,5,2006,7,,,1405.0,6,0,0,0,0,0,0,1,0,2.0,0,0,0,13,1,7,1,,2.0,,6.0,0,,4,0,0,0,67301,0,0,0,N,0,0,0,12,67301,7,,1,1,,N,N,,0,,0,0,0,3,2,Y,1358,7,3,0,0,0,0,0,3,3,0,3,3,,N,,,,,,,,,,,
2006079150,1720.0,1,0,0,0,0,0,1,0,0,5,1,,67,5,2006,5,39.9392,-75.1599,1717.0,6,0,0,0,0,0,0,0,0,,0,0,0,17,1,2,0,,0.0,39 56:21.130,,0,75 09:35.463,4,0,0,0,67301,0,0,0,N,0,0,0,3,67301,2,,6,1,,N,N,,0,,0,0,0,0,0,,1715,2,2,0,0,0,0,0,3,4,0,2,3,,N,,,,,,,,,,,
2006081593,1343.0,2,0,0,0,0,0,0,0,0,4,0,,67,6,2006,4,40.0097,-75.196,1340.0,6,0,0,0,0,0,0,0,0,,0,0,0,13,1,1,1,,0.0,40 00:34.000,,0,75 11:45.648,8,0,0,0,67301,0,0,0,N,0,0,0,4,67301,0,,1,9,,N,N,,0,,0,0,0,3,2,,1330,1,2,0,0,0,1,2,3,4,0,2,7,,N,,,,,,,,,,,
2006081599,1848.0,1,0,0,0,0,0,0,0,0,1,0,,67,7,2006,5,40.0176,-75.1723,1846.0,6,0,0,0,0,0,1,0,0,,0,0,0,18,1,1,3,,0.0,40 01:03.000,,2,75 10:20.430,4,0,0,0,67301,0,0,0,N,0,0,0,2,67301,1,,1,1,,N,N,,0,,0,0,1,3,4,,1845,1,2,0,0,0,0,0,3,4,0,2,3,,N,,,,,,,,,,,
2006081621,805.0,1,0,0,0,0,0,0,0,0,6,0,,67,5,2006,4,40.0255,-75.1235,805.0,6,0,0,0,0,0,0,0,0,,0,0,0,8,1,3,2,,0.0,40 01:31.000,,0,75 07:24.864,4,0,0,0,67301,0,0,0,N,0,0,0,5,67301,3,,1,1,,N,Y,,0,,0,0,0,3,2,,800,3,2,0,0,0,0,0,3,4,1,2,3,,N,,,,,,,,,,,
2006115754,1119.0,2,0,0,0,0,0,1,0,0,5,1,,67,10,2006,1,39.9604,-75.2406,1117.0,6,0,0,0,0,0,0,0,0,1.0,0,0,0,11,1,1,0,,1.0,39 57:37.397,3.0,0,75 14:26.249,4,0,0,0,67301,0,0,0,N,0,0,0,2,67301,1,,1,1,,N,N,,0,,0,0,0,3,2,N,1115,1,3,0,0,0,0,0,3,4,0,3,3,,N,,,,,,,,,,,
2006115775,1515.0,2,0,0,0,0,0,0,0,0,1,0,,67,10,2006,1,40.0293,-75.09,1510.0,6,0,0,0,0,0,1,0,0,,0,0,0,15,1,1,1,,0.0,40 01:46.000,,0,75 05:22.905,8,0,0,0,67301,0,0,0,,0,0,0,3,67301,0,,1,1,,,,,0,,0,0,0,3,2,,1500,1,2,0,0,0,1,0,3,4,0,2,3,,N,,,,,,,,,,,
2006105726,2307.0,1,0,0,0,0,0,0,0,0,7,0,,67,8,2006,7,40.0272,-75.0935,2303.0,6,0,1,0,0,0,0,0,0,,0,0,0,22,3,1,0,,0.0,40 01:37.000,,0,75 05:36.419,4,0,0,0,67301,0,0,0,N,0,0,0,1,67301,1,,3,1,,N,N,,0,,0,0,0,0,0,,2250,1,1,0,0,0,0,0,3,4,0,1,3,,N,,,,,,,,,,,
2006113284,500.0,2,0,0,0,0,0,0,0,0,1,0,,67,7,2006,7,39.9971,-75.1721,450.0,6,0,0,0,0,0,0,0,0,9.0,0,0,0,99,3,0,0,,1.0,39 59:49.690,1.0,0,75 10:19.663,9,0,0,0,67301,0,0,0,N,0,0,0,1,67301,0,,6,1,,N,N,,0,,0,0,1,0,0,N,9999,0,3,0,0,0,0,1,3,4,0,3,3,,N,,,,,,,,,,,
2006113402,9999.0,2,0,0,0,0,0,0,0,0,6,0,,67,9,2006,1,39.9207,-75.2146,33.0,6,0,0,0,0,0,0,0,0,,0,0,0,99,3,2,0,,0.0,39 55:14.699,,0,75 12:52.727,8,0,0,0,67301,0,0,0,N,0,0,0,2,67301,0,,1,1,,N,N,,0,,0,0,0,0,0,,9999,2,2,0,0,0,2,0,3,4,0,2,3,,N,,,,,,,,,,,
2006113408,1925.0,0,0,0,1,0,0,0,0,0,4,0,,67,10,2006,6,40.0553,-75.0566,1920.0,6,0,0,0,0,0,1,0,0,,0,0,0,99,3,1,5,,0.0,40 03:19.087,,0,75 03:23.630,3,0,0,0,67301,1,0,0,N,0,0,0,2,67301,0,,1,1,,N,N,,0,,1,0,1,9,3,,9999,1,2,0,0,0,0,0,3,4,0,1,3,,N,,,,,,,,,,,
2006113458,1140.0,1,0,0,0,0,0,0,0,0,8,0,,67,10,2006,6,39.9496,-75.1539,1131.0,6,0,0,0,0,0,0,0,0,,0,0,0,11,1,1,1,,0.0,39 56:58.000,,0,75 09:14.055,4,0,0,0,67301,1,0,0,N,1,0,0,2,67301,1,,1,1,,N,N,,0,,0,0,0,0,0,,1125,1,2,0,0,1,0,0,3,4,0,1,3,,N,,,,,,,,,,,
2006116056,2340.0,1,0,0,0,0,0,0,0,0,4,0,,67,10,2006,1,39.9566,-75.2098,2334.0,6,0,0,0,0,0,0,0,0,,0,0,0,22,3,0,1,,0.0,39 57:23.000,,0,75 12:35.137,0,0,0,0,67301,0,0,0,N,0,0,0,3,67301,0,,1,1,,N,N,,0,,0,0,0,3,2,,2234,0,2,0,0,2,0,0,3,4,0,2,3,,N,,,,,,,,,,,
2006105873,9999.0,1,0,0,0,0,0,0,0,0,1,0,,67,9,2006,6,39.9131,-75.2433,1732.0,6,0,0,0,0,0,1,0,0,,0,0,0,99,1,0,1,,0.0,39 54:47.000,,0,75 14:35.486,9,0,0,0,67301,0,0,0,N,0,0,0,2,67301,0,,9,1,,N,N,,0,,0,0,0,3,2,,9999,0,2,0,0,0,0,2,3,4,0,2,3,,N,,,,,,,,,,,
2006054243,2000.0,2,0,0,0,0,0,0,0,0,2,0,,67,4,2006,3,39.914,-75.1499,2000.0,6,0,0,0,0,0,0,1,0,,0,0,0,17,3,1,1,,0.0,39 54:50.000,,0,75 08:59.724,3,0,0,0,67301,0,0,0,N,0,0,0,3,67301,0,,1,1,,N,N,,0,,1,0,0,3,2,,1759,1,2,0,0,0,0,1,3,4,0,2,3,,N,,,,,,,,,,,
2006054066,1345.0,3,0,0,0,0,0,0,0,0,1,0,,67,3,2006,6,39.9631,-75.1838,1339.0,6,0,0,0,1,0,0,0,0,1.0,0,0,0,13,1,2,0,,2.0,39 57:46.000,3.0,0,75 11:01.485,4,0,0,0,67301,0,0,0,,0,0,0,5,67301,2,,1,1,,,,,0,,0,0,0,0,0,N,1338,2,4,0,0,0,0,0,3,4,1,4,3,,N,,,,,,,,,,,
2006036814,855.0,1,0,0,0,0,0,1,0,0,1,1,,67,2,2006,3,40.109,-74.9803,845.0,6,0,0,0,0,0,1,0,0,,0,0,0,99,1,1,2,,0.0,40 06:32.230,,0,74 58:49.209,4,0,0,0,67301,0,0,0,,0,0,0,3,67301,1,,1,2,,N,N,,0,,0,0,0,0,0,,9999,1,2,0,0,0,0,0,3,4,0,2,10,,N,,,,,,,,,,,
2006036847,1925.0,2,0,0,0,0,0,0,0,0,1,0,,67,3,2006,3,40.043,-75.0236,1920.0,6,0,0,0,0,0,1,0,0,,0,0,0,19,3,1,0,,0.0,40 02:34.000,,0,75 01:24.921,8,0,0,0,67301,0,0,0,,0,0,0,2,67301,0,,1,1,,N,N,,0,,0,0,0,0,0,,1915,1,2,0,0,0,1,0,3,4,0,2,3,,N,,,,,,,,,,,
2006021331,1054.0,2,0,0,0,0,0,0,0,0,1,0,,67,1,2006,3,40.0299,-75.1533,1050.0,6,0,0,0,1,0,0,0,0,,0,0,0,9,1,2,5,,0.0,40 01:47.791,,0,75 09:11.771,4,0,0,0,67301,0,0,0,N,0,0,0,3,67301,2,,1,9,,N,N,,0,,0,0,0,2,2,,953,2,2,0,0,0,0,1,3,4,0,2,7,,N,,,,,,,,,,,
2006092379,1724.0,2,0,0,0,0,0,0,0,0,4,0,,67,6,2006,6,40.0374,-75.1909,1721.0,6,0,0,0,0,0,2,0,0,1.0,0,0,0,17,1,0,1,,1.0,40 02:14.460,1.0,0,75 11:27.412,9,0,0,0,67301,0,0,0,,0,0,0,3,67301,0,,1,9,,,,,1,,0,0,0,0,0,N,1700,0,3,0,0,0,0,1,3,4,0,3,7,,N,,,,,,,,,,,
2006092425,141.0,2,0,0,0,0,0,0,0,0,4,0,,67,8,2006,1,,,140.0,6,0,0,0,0,0,0,0,0,1.0,0,0,0,1,3,4,1,,1.0,,1.0,0,,2,0,0,0,67301,1,0,0,N,0,0,0,5,67301,0,,1,1,,N,N,,0,,3,1,0,0,0,N,140,4,2,0,1,3,0,0,3,3,0,2,3,,N,,,,,,,,,,,
2006081939,1800.0,1,0,0,0,0,0,0,0,0,8,0,,67,6,2006,2,39.9897,-75.1073,1750.0,6,0,0,0,0,0,0,1,0,,0,0,0,17,1,1,1,,0.0,39 59:22.000,,0,75 06:26.395,3,0,0,0,67301,1,0,0,,1,0,0,2,67301,0,,1,1,,N,N,,0,,1,0,0,3,2,,1740,1,2,0,0,0,0,0,3,4,0,1,3,,N,,,,,,,,,,,
2006053764,1003.0,4,0,0,0,0,0,0,0,0,2,0,,67,4,2006,2,39.9964,-75.1135,1003.0,6,0,0,0,0,0,1,1,0,,0,0,0,10,1,2,1,,0.0,39 59:47.000,,0,75 06:48.513,3,0,0,0,67301,0,0,0,N,0,0,0,4,67301,1,,1,1,,N,N,,0,,1,0,0,3,2,,1003,2,4,0,0,1,0,0,3,4,0,4,3,,N,,,,,,,,,,,
2006053773,1610.0,3,0,0,0,0,0,0,0,0,1,0,,67,4,2006,6,40.0396,-75.0844,1600.0,6,0,0,0,0,0,0,0,0,,0,0,0,15,1,2,1,,0.0,40 02:22.401,,0,75 05:03.893,4,0,0,0,67301,0,0,0,N,0,0,0,4,67301,2,,1,1,,N,N,,0,,0,0,0,3,2,,1559,2,3,0,0,4,0,0,3,4,0,3,3,,N,,,,,,,,,,,
2006053840,901.0,2,0,0,0,0,0,1,0,0,2,0,,67,4,2006,2,39.9835,-75.1192,858.0,6,0,0,0,0,0,0,0,0,,0,0,0,8,1,1,0,,0.0,39 59:00.000,,0,75 07:09.189,8,0,0,0,67301,0,0,0,N,0,0,0,1,67301,0,,1,9,,N,N,,0,,0,0,0,0,0,,855,1,3,0,0,0,1,0,3,4,0,3,7,,N,,,,,,,,,,,
2006020525,140.0,1,0,0,0,0,0,0,0,0,4,0,,67,1,2006,1,39.9614,-75.1498,140.0,6,0,0,0,0,0,0,0,0,,0,0,0,1,3,2,1,,0.0,39 57:40.000,,0,75 08:59.490,8,0,0,0,67301,0,0,0,,0,0,0,2,67301,0,,1,1,,,,,0,,0,0,0,3,2,,140,2,2,0,0,0,2,0,3,4,1,2,3,,N,,,,,,,,,,,
2006020529,1205.0,1,0,0,0,0,0,0,0,0,8,0,,67,1,2006,4,39.9537,-75.1579,1200.0,6,0,0,0,0,0,0,0,0,,0,0,0,11,1,1,1,,0.0,39 57:13.496,,0,75 09:28.376,4,0,0,0,67301,1,0,0,N,1,0,0,2,67301,1,,1,9,,N,N,,0,,0,0,0,3,2,,1155,1,2,0,0,1,0,0,3,4,0,1,7,,N,,,,,,,,,,,
2006022081,217.0,2,0,0,0,0,0,0,0,0,4,0,,67,1,2006,3,,,216.0,6,0,0,0,0,0,0,0,0,,0,0,0,2,3,1,3,,0.0,,,0,,8,0,0,0,67301,0,0,0,N,0,0,0,2,67301,0,,1,1,,N,N,,0,,0,0,0,0,0,,215,1,2,0,0,0,1,0,3,3,0,2,3,,N,,,,,,,,,,,
2006094886,653.0,1,0,0,0,0,0,0,0,0,2,0,,67,7,2006,6,40.0471,-75.0911,650.0,6,0,0,0,0,0,1,0,0,,0,0,0,6,1,2,1,,0.0,40 02:49.000,,0,75 05:28.084,4,0,0,0,67301,0,0,0,N,0,0,0,2,67301,2,,1,1,,N,N,,1,,0,0,0,3,2,,649,2,2,0,0,0,0,0,3,4,0,2,3,,N,,,,,,,,,,,
2006055922,2155.0,1,0,0,0,0,0,0,0,0,4,1,,67,3,2006,7,40.0325,-75.1365,2150.0,6,0,0,0,0,0,1,0,0,,0,1,0,21,3,1,0,,0.0,40 01:57.050,,0,75 08:11.464,4,0,0,0,67301,0,0,0,N,0,0,0,3,67301,1,,1,9,,N,N,,0,,0,0,0,0,0,,2150,1,2,0,0,0,0,0,3,4,0,2,7,,N,,,,,,,,,,,
2006095001,2140.0,2,0,0,0,0,0,0,0,0,5,0,,67,8,2006,4,,,2131.0,6,0,0,0,0,0,1,0,0,,0,0,0,21,3,0,0,,0.0,,,0,,0,0,0,0,67301,0,0,0,N,0,0,0,2,67301,0,,1,1,,N,N,,0,,0,0,0,0,0,,2125,0,2,0,0,0,0,0,3,3,0,2,3,,N,,,,,,,,,,,
2006055998,2235.0,1,0,0,0,0,0,0,0,0,2,0,,67,3,2006,3,39.9817,-75.2384,2230.0,6,0,0,0,0,0,0,0,0,,0,0,0,22,2,0,5,,0.0,39 58:54.000,,0,75 14:19.171,9,0,0,0,67301,0,0,0,,0,0,0,3,67301,0,,2,1,,,,,0,,0,0,1,9,2,,2220,0,2,0,0,0,0,1,3,4,0,2,3,,N,,,,,,,,,,,
2006095211,513.0,2,0,0,0,0,0,0,0,0,2,0,,67,7,2006,2,40.071,-75.0378,507.0,6,0,0,0,0,1,0,0,0,,0,0,0,5,5,2,1,,0.0,40 04:15.000,,0,75 02:15.971,4,0,0,0,67301,0,0,0,N,0,0,0,2,67301,2,,1,1,,N,N,,0,,0,0,0,3,2,,503,2,2,0,0,0,0,0,3,4,0,2,3,,N,,,,,,,,,,,
2006056317,142.0,1,0,0,0,0,0,0,0,0,7,0,,67,2,2006,1,40.0082,-75.0716,133.0,6,0,0,0,0,0,0,0,0,,0,0,0,1,3,1,2,,0.0,40 00:29.000,,0,75 04:17.583,4,0,0,0,67301,0,0,0,N,0,0,0,2,67301,1,,2,1,,N,N,,0,,0,0,0,0,0,,130,1,1,0,0,0,0,0,3,4,0,1,3,,N,,,,,,,,,,,
2006081069,2309.0,1,0,0,0,0,0,0,0,0,7,0,,67,6,2006,6,,,9999.0,6,0,0,0,0,0,0,0,0,,0,0,0,23,3,0,0,,0.0,,,0,,0,0,0,0,67301,0,0,0,,0,0,0,1,67301,0,,4,1,,,,,0,,0,0,0,0,0,,2307,0,1,0,0,1,0,0,3,3,0,1,3,,N,,,,,,,,,,,
2006080996,1409.0,0,0,0,0,0,0,0,0,0,7,0,,67,6,2006,4,,,1407.0,6,0,0,0,0,0,1,0,0,,0,0,0,13,1,1,0,,0.0,,,0,,4,0,0,0,67301,0,0,0,N,0,0,0,1,67301,1,,2,9,,N,N,,0,,0,0,1,0,0,,1355,1,1,0,0,0,0,0,3,3,0,1,7,,N,,,,,,,,,,,
2006083576,1625.0,1,0,0,0,0,0,0,0,0,8,0,,67,6,2006,1,39.9751,-75.195,1621.0,6,0,0,0,0,0,0,0,0,,0,0,0,14,1,1,1,,0.0,39 58:30.000,,0,75 11:41.771,3,0,0,0,67301,1,0,0,N,1,0,0,2,67301,0,,1,1,,N,N,,0,,1,0,0,0,0,,1420,1,2,0,0,0,0,1,3,4,0,1,3,,N,,,,,,,,,,,
2006083894,1016.0,1,0,0,0,0,0,0,0,0,1,0,,67,7,2006,5,40.0017,-75.2255,9999.0,6,0,0,0,0,0,2,0,0,,0,0,0,10,1,2,0,,0.0,40 00:06.000,,0,75 13:31.962,8,0,0,0,67301,0,0,0,N,0,0,0,3,46104,0,,1,1,,N,N,,0,,0,0,1,0,0,,1010,2,2,0,0,0,2,0,3,4,0,2,3,,N,,,,,,,,,,,
2006081121,744.0,2,0,0,0,0,0,0,0,0,6,0,,67,6,2006,5,,,742.0,6,0,0,0,0,0,1,0,0,,0,0,0,7,1,1,2,,0.0,,,0,,4,0,0,0,67301,0,0,0,N,0,0,0,2,67301,1,,1,1,,N,N,,0,,0,0,0,1,2,,740,1,2,0,0,0,0,0,3,3,0,2,3,,N,,,,,,,,,,,
2006081163,1124.0,2,0,0,0,0,0,0,0,0,1,0,,67,5,2006,7,,,1122.0,6,0,0,0,0,0,0,0,0,,0,0,0,11,1,1,1,,0.0,,,0,,8,0,0,0,67301,0,0,0,N,0,0,0,2,67301,0,,1,1,,N,N,,0,,0,0,0,3,2,,1121,1,2,0,0,0,1,0,3,3,0,2,3,,N,,,,,,,,,,,
2006081540,1318.0,5,0,0,0,0,0,0,0,0,4,0,,67,6,2006,4,,,1312.0,6,0,0,0,0,0,0,0,0,,0,0,0,13,1,1,0,,0.0,,,0,,8,0,0,0,67301,0,0,0,N,0,0,0,2,67301,0,,6,9,,N,N,,0,,0,0,0,0,0,,1305,1,5,0,0,0,1,1,3,3,0,5,7,,N,,,,,,,,,,,
2006081420,1703.0,1,0,0,0,0,0,0,0,0,1,0,,67,6,2006,2,39.9489,-75.1605,1703.0,6,0,0,0,0,0,0,0,0,,0,0,0,17,1,1,1,,0.0,39 56:55.000,,0,75 09:37.618,4,0,0,0,67301,0,0,0,N,0,0,0,3,67301,1,,1,1,,N,N,,0,,0,0,0,3,2,,1700,1,2,0,0,0,0,1,3,4,1,2,3,,N,,,,,,,,,,,
2006081475,1535.0,1,0,0,0,0,0,0,0,0,5,0,,67,6,2006,2,,,1530.0,6,0,0,0,0,0,1,0,0,,0,0,0,15,1,0,0,,0.0,,,0,,0,0,0,0,67301,0,0,0,N,0,0,0,2,67301,0,,1,1,,N,N,,1,,0,0,0,0,0,,1520,0,2,0,0,0,0,0,3,3,0,2,3,,N,,,,,,,,,,,
2006081619,2036.0,2,0,0,0,0,0,0,0,0,4,0,,67,6,2006,5,39.9915,-75.1349,2021.0,6,0,0,0,0,0,0,0,0,,0,0,0,20,3,0,5,,0.0,39 59:29.000,,0,75 08:05.806,9,0,0,0,67301,0,0,0,N,0,0,0,5,67301,0,,1,9,,N,N,,0,,0,0,0,0,0,,2015,0,2,0,0,0,0,5,3,4,0,2,7,,N,,,,,,,,,,,
2006081664,1227.0,2,0,0,0,0,0,0,0,0,9,0,,67,6,2006,7,40.0246,-75.1232,1224.0,6,0,0,0,0,0,0,0,0,9.0,0,0,0,11,1,3,1,,2.0,40 01:28.513,7.0,0,75 07:23.473,3,0,0,0,67301,0,0,0,N,0,0,0,8,67301,2,,1,1,,N,N,,0,,1,0,0,3,2,Y,1130,3,2,0,0,0,0,0,3,4,0,2,3,,N,,,,,,,,,,,
2006113178,227.0,1,0,0,0,0,0,0,0,0,8,0,,67,10,2006,6,39.9541,-75.2023,224.0,6,0,0,0,0,0,0,0,0,,0,0,0,2,3,1,0,,0.0,39 57:14.000,,0,75 12:08.632,4,0,0,0,67301,1,0,0,N,1,0,0,1,67504,1,,6,1,,N,N,,0,,0,0,0,0,0,,222,1,2,0,0,0,0,0,3,4,0,1,3,,N,,,,,,,,,,,
2006105722,1625.0,1,0,0,0,0,0,0,0,0,0,0,,67,8,2006,1,40.0367,-75.1584,1619.0,6,0,0,0,0,0,1,0,0,,0,0,0,8,1,0,0,,0.0,40 02:12.206,,0,75 09:30.214,0,0,0,0,67301,0,0,0,N,0,0,0,2,67301,0,,1,98,,N,N,,0,,0,0,0,0,0,,800,0,1,0,0,0,0,0,3,4,0,1,3,,N,,,,,,,,,,,
2006105727,1714.0,1,0,0,0,0,0,0,0,0,1,0,,67,8,2006,3,40.044,-75.1026,1711.0,6,0,0,0,0,1,0,0,0,,0,0,0,17,1,1,1,,0.0,40 02:38.000,,0,75 06:09.532,4,0,0,0,67301,0,0,0,N,0,0,0,2,67301,1,,1,9,,N,N,,0,,0,0,1,3,2,,1708,1,2,0,0,0,0,0,3,4,0,2,7,,N,,,,,,,,,,,
2006113296,835.0,0,0,0,0,0,0,0,0,0,7,0,,67,10,2006,3,39.9496,-75.1664,829.0,6,0,0,0,0,0,0,0,0,,0,0,0,8,1,1,0,,0.0,39 56:58.000,,0,75 09:58.981,8,0,0,0,67301,0,0,0,N,0,0,0,1,67301,0,,4,9,,N,N,,0,,0,0,1,0,0,,829,1,1,0,0,0,1,0,3,4,0,1,3,,N,,,,,,,,,,,
2006105753,1305.0,1,0,0,0,0,0,0,0,0,8,0,,67,9,2006,7,40.0184,-75.0802,1258.0,6,0,0,0,0,0,0,0,0,,0,0,0,12,1,1,1,,0.0,40 01:06.384,,0,75 04:48.547,4,0,0,0,67301,1,0,0,N,1,0,0,2,67301,1,,1,9,,N,N,,0,,0,0,0,3,3,,1258,1,2,0,0,0,0,0,3,4,0,1,7,,N,,,,,,,,,,,
2006113459,2029.0,2,0,0,0,0,0,0,0,0,1,0,,67,10,2006,3,39.9521,-75.1614,2027.0,6,0,0,0,0,0,0,0,0,,0,0,0,20,1,1,1,,0.0,39 57:07.000,,0,75 09:40.741,4,0,0,0,67301,0,0,0,N,0,0,0,4,67301,1,,1,9,,N,N,,0,,0,0,0,0,0,,2025,1,2,0,0,4,0,0,3,4,0,2,7,,N,,,,,,,,,,,
2006105831,940.0,2,0,0,0,0,0,0,0,0,1,0,,67,8,2006,3,40.0096,-75.1873,930.0,6,0,0,0,1,0,0,0,0,,0,0,0,8,1,1,6,,0.0,40 00:34.000,,2,75 11:14.245,8,0,0,0,67301,0,0,0,N,0,0,0,3,67301,0,,1,1,,N,N,,0,,0,0,0,3,4,,850,1,2,0,0,0,1,0,3,4,0,2,3,,N,,,,,,,,,,,