CRN,ARRIVAL_TM,AUTOMOBILE_COUNT,BELTED_DEATH_COUNT,BELTED_SUSP_SERIOUS_INJ_COUNT,BICYCLE_COUNT,BICYCLE_DEATH_COUNT,BICYCLE_SUSP_SERIOUS_INJ_COUNT,BUS_COUNT,CHLDPAS_DEATH_COUNT,CHLDPAS_SUSP_SERIOUS_INJ_COUNT,COLLISION_TYPE,COMM_VEH_COUNT,CONS_ZONE_SPD_LIM,COUNTY,CRASH_MONTH,CRASH_YEAR,DAY_OF_WEEK,DEC_LAT,DEC_LONG,DISPATCH_TM,DISTRICT,DRIVER_COUNT_16YR,DRIVER_COUNT_17YR,DRIVER_COUNT_18YR,DRIVER_COUNT_19YR,DRIVER_COUNT_20YR,DRIVER_COUNT_50_64YR,DRIVER_COUNT_65_74YR,DRIVER_COUNT_75PLUS,EST_HRS_CLOSED,FATAL_COUNT,HEAVY_TRUCK_COUNT,HORSE_BUGGY_COUNT,HOUR_OF_DAY,ILLUMINATION,INJURY_COUNT,INTERSECT_TYPE,INTERSECTION_RELATED,LANE_CLOSED,LATITUDE,LN_CLOSE_DIR,LOCATION_TYPE,LONGITUDE,MAX_SEVERITY_LEVEL,MCYCLE_DEATH_COUNT,MCYCLE_SUSP_SERIOUS_INJ_COUNT,MOTORCYCLE_COUNT,MUNICIPALITY,NONMOTR_COUNT,NONMOTR_DEATH_COUNT,NONMOTR_SUSP_SERIOUS_INJ_COUNT,NTFY_HIWY_MAINT,PED_COUNT,PED_DEATH_COUNT,PED_SUSP_SERIOUS_INJ_COUNT,PERSON_COUNT,POLICE_AGCY,POSSIBLE_INJ_COUNT,RDWY_SURF_TYPE_CD,RELATION_TO_ROAD,ROAD_CONDITION,ROADWAY_CLEARED,SCH_BUS_IND,SCH_ZONE_IND,SECONDARY_CRASH,SMALL_TRUCK_COUNT,SPEC_JURIS_CD,SUSP_MINOR_INJ_COUNT,SUSP_SERIOUS_INJ_COUNT,SUV_COUNT,TCD_FUNC_CD,TCD_TYPE,TFC_DETOUR_IND,TIME_OF_DAY,TOT_INJ_COUNT,TOTAL_UNITS,UNB_DEATH_COUNT,UNB_SUSP_SERIOUS_INJ_COUNT,UNBELTED_OCC_COUNT,UNK_INJ_DEG_COUNT,UNK_INJ_PER_COUNT,URBAN_AREA,URBAN_RURAL,VAN_COUNT,VEHICLE_COUNT,WEATHER1,WEATHER2,WORK_ZONE_IND,WORK_ZONE_LOC,WORK_ZONE_TYPE,WORKERS_PRES,WZ_CLOSE_DETOUR,WZ_FLAGGER,WZ_LAW_OFFCR_IND,WZ_LN_CLOSURE,WZ_MOVING,WZ_OTHER,WZ_SHLDER_MDN,WZ_WORKERS_INJ_KILLED
2006105861,2115.0,2,0,0,0,0,0,0,0,0,4,0,,67,9,2006,6,40.033,-75.1161,2110.0,6,0,0,0,0,0,0,0,0,,0,0,0,20,3,1,1,,0.0,40 01:58.000,,0,75 06:58.047,4,0,0,0,67301,0,0,0,N,0,0,0,4,67301,1,,1,9,,N,N,,0,,0,0,0,3,2,,2041,1,2,0,0,0,0,2,3,4,0,2,7,,N,,,,,,,,,,,
2006054096,2359.0,1,0,0,0,0,0,0,0,0,7,0,,67,4,2006,1,40.0548,-75.169,2354.0,6,0,0,0,0,0,0,0,0,9.0,0,0,0,23,3,3,1,,1.0,40 03:17.000,1.0,0,75 10:08.426,4,0,0,0,67301,0,0,0,N,0,0,0,3,67301,3,,3,1,,N,N,,0,,0,0,0,0,0,N,2347,3,1,0,0,0,0,0,3,4,0,1,3,,N,,,,,,,,,,,
2006037231,2100.0,1,0,0,0,0,0,0,0,0,8,0,,67,2,2006,3,,,2055.0,6,0,0,0,0,0,0,0,0,,0,0,0,19,3,1,1,,0.0,,,0,,4,0,0,0,67301,1,0,0,,1,0,0,2,67301,1,,1,7,,N,N,,0,,0,0,0,3,3,,1930,1,2,0,0,0,0,0,3,3,0,1,3,,N,,,,,,,,,,,
2006022179,1805.0,3,0,0,0,0,0,0,0,0,1,0,,67,1,2006,7,40.0211,-75.1399,1758.0,6,0,0,0,0,0,1,0,0,,0,0,0,99,3,1,1,,0.0,40 01:17.000,,0,75 08:23.815,4,0,0,0,67301,0,0,0,N,0,0,0,4,67301,1,,1,1,,N,N,,0,,0,0,0,3,2,,9999,1,3,0,0,0,0,0,3,4,0,3,3,,N,,,,,,,,,,,
2006022183,617.0,1,0,0,0,0,0,0,0,0,7,0,,67,1,2006,5,40.0177,-75.0486,611.0,6,0,0,0,0,0,0,0,0,,0,0,0,6,3,1,0,,0.0,40 01:04.000,,0,75 02:54.861,4,0,0,0,67301,0,0,0,N,0,0,0,1,67301,1,,2,1,,N,N,,0,,0,0,0,0,0,,611,1,1,0,0,1,0,0,3,4,0,1,3,,N,,,,,,,,,,,
2006021289,46.0,2,0,0,0,0,0,0,0,0,4,0,,67,1,2006,3,40.0117,-75.1823,46.0,6,0,0,0,0,1,0,0,0,,0,0,0,0,3,0,0,,0.0,40 00:42.000,,0,75 10:56.572,0,0,0,0,67301,0,0,0,N,0,0,0,3,67301,0,,1,1,,N,N,,0,,0,0,0,0,0,,40,0,2,0,0,0,0,0,3,4,0,2,3,,N,,,,,,,,,,,
2006021291,308.0,1,0,0,0,0,0,0,0,0,2,0,,67,1,2006,7,40.0262,-75.1216,305.0,6,0,0,1,1,0,0,0,0,2.0,0,0,0,99,3,3,1,,1.0,40 01:34.000,1.0,0,75 07:18.874,3,0,0,0,67301,0,0,0,N,0,0,0,4,67301,2,,1,1,,N,N,,0,,1,0,2,3,2,Y,9999,3,3,0,0,0,0,0,3,4,0,3,3,,N,,,,,,,,,,,
2006042962,145.0,1,0,0,0,0,0,0,0,0,1,1,,67,4,2006,2,40.0073,-75.2137,144.0,6,0,0,0,0,0,0,0,0,,0,1,0,1,3,0,0,,0.0,40 00:26.000,,0,75 12:49.481,0,0,0,0,67301,0,0,0,N,0,0,0,2,46104,0,,1,1,,N,N,,0,,0,0,0,0,0,,135,0,2,0,0,0,0,0,3,4,0,2,3,,N,,,,,,,,,,,
2006092387,2122.0,1,0,0,0,0,0,0,0,0,7,0,,67,8,2006,1,39.9996,-75.1905,2111.0,6,0,0,0,0,0,0,1,0,,0,0,0,21,3,1,2,,0.0,39 59:58.000,,0,75 11:26.016,4,0,0,0,67301,0,0,0,,0,0,0,1,67301,1,,2,1,,N,N,,0,,0,0,0,2,2,,2109,1,1,0,0,0,0,0,3,4,0,1,3,,N,,,,,,,,,,,
2006084535,1735.0,0,0,0,0,0,0,0,0,0,1,0,,67,5,2006,2,39.9787,-75.1458,1730.0,6,0,0,0,0,0,0,0,0,,1,0,0,17,1,0,0,,0.0,39 58:43.424,,0,75 08:44.768,1,0,0,0,67301,0,0,0,N,0,0,0,1,67301,0,2.0,6,1,,N,N,,0,0.0,0,0,1,3,3,,1725,0,2,0,0,0,0,0,3,4,0,2,3,,N,,,,,,,,,,,
2006084536,648.0,1,0,0,0,0,0,0,0,0,7,0,,67,7,2006,2,,,645.0,6,0,0,0,0,0,0,0,0,,0,0,0,6,1,0,0,,0.0,,,0,,0,0,0,0,67301,0,0,0,N,0,0,0,1,67301,0,,3,9,,N,N,,0,,0,0,0,3,8,,645,0,1,0,0,0,0,0,3,3,0,1,7,,N,,,,,,,,,,,
2006053856,1402.0,0,0,0,0,0,0,0,0,0,7,0,,67,4,2006,7,,,1355.0,6,0,1,0,0,0,0,0,0,,0,0,0,13,1,1,0,,0.0,,,1,,8,0,0,0,67301,0,0,0,N,0,0,0,1,67301,0,,2,9,,N,N,,0,,0,0,1,0,0,,1330,1,1,0,0,0,1,0,3,3,0,1,7,,N,,,,,,,,,,,
2006053878,1420.0,1,0,0,0,0,0,0,0,0,8,0,,67,4,2006,7,,,1413.0,6,0,0,1,0,0,0,0,0,,0,0,0,14,1,1,0,,0.0,,,0,,4,0,0,0,67301,1,0,0,N,1,0,0,3,67301,1,,1,1,,N,N,,0,,0,0,0,0,0,,1410,1,2,0,0,0,0,0,3,3,0,1,3,,N,,,,,,,,,,,
2006094939,1235.0,2,0,0,0,0,0,0,0,0,1,0,,67,7,2006,2,40.0591,-75.1384,1230.0,6,0,0,0,0,0,0,0,0,,0,0,0,12,1,0,0,,0.0,40 03:32.774,,0,75 08:18.208,9,0,0,0,67301,0,0,0,,0,0,0,1,67301,0,,1,1,,N,N,,1,,0,0,0,3,2,,1215,0,3,0,0,0,0,1,3,4,0,3,3,,N,,,,,,,,,,,
2006055866,1149.0,1,0,0,0,0,0,0,0,0,5,0,,67,3,2006,5,40.0426,-75.2265,1147.0,6,0,0,0,0,0,0,0,0,,0,0,0,11,1,0,0,,0.0,40 02:33.000,,0,75 13:35.438,0,0,0,0,67301,0,0,0,N,0,0,0,1,67301,0,,6,9,,N,N,,0,,0,0,3,0,0,,1142,0,4,0,0,0,0,0,3,4,0,4,7,,N,,,,,,,,,,,
2006019768,1333.0,2,0,0,0,0,0,0,0,0,2,0,,67,1,2006,4,40.0115,-75.0698,1333.0,6,0,0,0,0,0,1,0,0,,0,0,0,13,1,1,1,,0.0,40 00:42.000,,0,75 04:11.470,8,0,0,0,67301,0,0,0,N,0,0,0,3,67301,0,,1,9,,N,N,,0,,0,0,0,1,2,,1330,1,2,0,0,0,1,1,3,4,0,2,3,,N,,,,,,,,,,,
2006094978,244.0,0,0,0,0,0,0,0,0,0,4,0,,67,7,2006,7,40.0314,-75.1548,241.0,6,0,0,0,0,0,0,0,0,,0,0,0,2,3,2,1,,0.0,40 01:53.151,,0,75 09:17.114,4,0,0,0,67301,0,0,0,,0,0,0,4,67301,2,,1,1,,,,,0,,0,0,2,3,2,,239,2,2,0,0,0,0,0,3,4,0,2,3,,N,,,,,,,,,,,
2006055975,1414.0,4,0,0,0,0,0,0,0,0,4,0,,67,2,2006,1,,,1404.0,6,0,0,0,0,0,0,0,0,2.0,0,0,0,14,1,2,0,,1.0,,1.0,0,,8,0,0,0,67301,0,0,0,N,0,0,0,2,67301,0,,1,1,,N,N,,0,,0,0,0,3,2,Y,1403,2,4,0,0,0,2,0,3,3,0,4,3,,N,,,,,,,,,,,
2006056062,248.0,2,0,0,0,0,0,0,0,0,2,0,,67,3,2006,7,39.9968,-75.1538,242.0,6,0,0,0,0,0,0,0,0,,0,0,0,2,3,0,1,,0.0,39 59:48.000,,0,75 09:14.026,0,0,0,0,67301,0,0,0,N,0,0,0,3,67301,0,,1,1,,N,N,,0,,0,0,0,3,2,,230,0,2,0,0,0,0,0,3,4,0,2,3,,N,,,,,,,,,,,
2006092599,1840.0,1,0,0,0,0,0,0,0,0,8,0,,67,7,2006,1,40.0435,-75.1367,1837.0,6,0,0,0,0,0,0,0,0,,0,0,0,99,1,1,0,,0.0,40 02:36.690,,0,75 08:12.228,4,0,0,0,67301,1,0,0,N,1,0,0,2,67301,1,,1,1,,N,N,,0,,0,0,0,0,0,,9999,1,2,0,0,0,0,0,3,4,0,1,3,,N,,,,,,,,,,,
2006056075,1407.0,2,0,0,0,0,0,0,0,0,1,0,,67,4,2006,2,,,1405.0,6,0,0,0,0,0,1,0,0,,0,0,0,14,1,1,1,,0.0,,,0,,8,0,0,0,67301,0,0,0,N,0,0,0,2,67301,0,,1,9,,N,N,,0,,0,0,0,3,2,,1405,1,2,0,0,0,1,0,3,3,0,2,7,,N,,,,,,,,,,,
2006056318,2356.0,2,0,0,0,0,0,0,0,0,1,0,,67,3,2006,4,40.0223,-75.0562,2349.0,6,0,0,0,0,0,0,0,0,,0,0,0,23,6,0,2,,0.0,40 01:20.294,,0,75 03:22.251,0,0,0,0,67301,0,0,0,N,0,0,0,1,67301,0,,1,1,,N,N,,0,,0,0,0,0,0,,2349,0,2,0,0,1,0,0,3,4,0,2,3,,N,,,,,,,,,,,
2006053894,1324.0,1,0,0,0,0,0,0,0,0,8,0,99.0,67,4,2006,6,39.9586,-75.214,1324.0,6,0,0,0,0,0,0,0,0,,0,0,0,13,1,1,1,,0.0,39 57:31.000,,0,75 12:50.362,8,0,0,0,67301,1,0,0,N,1,0,0,2,67301,0,,1,1,,N,N,,0,,0,0,0,3,2,,1324,1,2,0,0,0,1,1,3,4,0,1,3,,Y,8.0,8.0,U,,,U,,,,,
2006037983,124.0,1,0,0,0,0,0,0,0,0,4,0,,67,2,2006,6,39.9547,-75.1495,123.0,6,0,0,0,0,0,0,0,0,,0,0,0,1,2,2,1,,0.0,39 57:16.781,,0,75 08:58.276,4,0,0,0,67301,0,0,0,N,0,0,0,4,67301,2,,1,9,,N,N,,0,,0,0,1,1,2,,120,2,2,0,0,0,0,0,3,4,0,2,7,,N,,,,,,,,,,,
2006033477,1116.0,1,0,0,0,0,0,0,0,0,1,0,,67,2,2006,5,39.9266,-75.1947,1106.0,6,0,0,0,0,0,0,1,0,1.0,0,0,0,11,1,1,3,,2.0,39 55:37.000,4.0,0,75 11:42.292,8,0,0,0,67301,0,0,0,N,0,0,0,2,67301,0,,1,1,,N,N,,0,,0,0,1,9,4,N,1106,1,2,0,0,0,1,0,3,4,0,2,3,,N,,,,,,,,,,,
2006035709,41.0,1,0,0,0,0,0,0,0,0,7,0,,67,2,2006,1,40.0299,-75.1037,39.0,6,0,1,0,0,0,0,0,0,2.0,0,0,0,2,2,0,0,,1.0,40 01:47.000,2.0,0,75 06:13.280,0,0,0,0,67301,0,0,0,N,0,0,0,1,67301,0,,5,1,,N,N,,0,,0,0,0,3,2,Y,239,0,1,0,0,0,0,0,3,4,0,1,3,,N,,,,,,,,,,,
2006081067,1454.0,1,0,0,0,0,0,0,0,0,8,0,,67,7,2006,6,,,1450.0,6,0,0,0,0,0,1,0,0,,0,0,0,14,1,1,1,,0.0,,,0,,8,0,0,0,67301,1,0,0,N,1,0,0,2,67301,0,,4,1,,N,N,,0,,0,0,0,9,3,,1445,1,2,0,0,0,1,0,3,3,0,1,3,,N,,,,,,,,,,,
2006080989,1157.0,1,0,0,0,0,0,1,0,0,4,0,,67,6,2006,2,40.0363,-75.0514,1154.0,6,0,0,0,0,0,0,0,0,3.0,0,0,0,11,1,9,1,,1.0,40 02:10.701,6.0,0,75 03:04.967,3,0,0,0,67301,0,0,0,N,0,0,0,9,67301,0,,1,1,,Y,N,,0,,9,0,0,3,2,Y,1154,9,2,0,0,0,0,0,3,4,0,2,3,,N,,,,,,,,,,,
2006081035,121.0,1,0,0,0,0,0,0,0,0,4,0,,67,5,2006,7,,,120.0,6,0,0,0,0,0,0,0,0,,0,0,0,1,3,2,1,,0.0,,,0,,3,0,0,0,67301,0,0,0,N,0,0,0,2,67301,1,,1,1,,N,N,,1,,1,0,0,3,3,,120,2,2,0,0,0,0,0,3,3,0,2,3,,N,,,,,,,,,,,
2006081048,1708.0,3,0,0,0,0,0,0,0,0,4,0,,67,6,2006,4,39.9693,-75.1846,1705.0,6,0,0,0,0,0,1,0,0,,0,0,0,16,1,2,1,,0.0,39 58:09.000,,0,75 11:05.090,4,0,0,0,67301,0,0,0,N,0,0,0,3,67301,1,,1,1,,N,N,,0,,0,0,0,3,2,,1658,2,3,0,0,0,1,0,3,4,0,3,3,,N,,,,,,,,,,,
2006081554,1645.0,1,0,0,0,0,0,0,0,0,8,0,,67,6,2006,7,39.9821,-75.2533,1638.0,6,0,0,0,0,0,1,0,0,,0,0,0,16,1,1,0,,0.0,39 58:55.585,,0,75 15:11.815,4,0,0,0,67301,1,0,0,N,1,0,0,2,67301,1,,1,1,,N,N,,0,,0,0,0,0,0,,1638,1,2,0,0,0,0,0,3,4,0,1,3,,N,,,,,,,,,,,
2006081591,9999.0,0,0,0,0,0,0,0,0,0,7,0,,67,7,2006,1,40.0268,-75.1639,9999.0,6,0,0,0,0,0,0,0,0,,0,0,0,6,1,1,1,,0.0,40 01:36.372,,0,75 09:49.953,8,0,0,0,67301,0,0,0,N,0,0,0,1,67301,0,,5,1,,N,N,,1,,0,0,0,9,2,,620,1,1,0,0,0,1,0,3,4,0,1,3,,N,,,,,,,,,,,
2006081666,2110.0,1,0,0,0,0,0,0,0,0,4,1,,67,6,2006,6,,,2104.0,6,0,0,0,1,0,0,0,0,,0,1,0,19,1,1,1,,0.0,,,0,,4,0,0,0,67301,0,0,0,N,0,0,0,2,67301,1,,1,1,,N,N,,0,,0,0,0,3,3,,1900,1,2,0,0,0,0,1,3,3,0,2,3,,N,,,,,,,,,,,
2006115770,1408.0,1,0,0,0,0,0,0,0,0,4,0,,67,9,2006,6,40.0808,-75.0284,1401.0,6,0,0,0,0,0,0,0,0,9.0,0,0,0,13,1,0,1,,1.0,40 04:50.000,1.0,0,75 01:41.524,0,0,0,0,67301,0,0,0,N,0,0,0,2,67301,0,,1,1,,N,N,,0,,0,0,1,3,2,N,1357,0,2,0,0,0,0,0,3,4,0,2,3,,N,,,,,,,,,,,
2006113343,1605.0,3,0,0,0,0,0,0,0,0,1,0,,67,10,2006,3,40.0808,-75.0286,1600.0,6,0,0,0,0,1,0,0,0,,0,0,0,16,1,3,1,,0.0,40 04:50.000,,0,75 01:42.294,4,0,0,0,67301,0,0,0,N,0,0,0,5,67301,3,,1,9,,N,N,,0,,0,0,0,3,2,,1606,3,3,0,0,0,0,0,3,4,0,3,7,,N,,,,,,,,,,,
2006103273,506.0,1,0,0,0,0,0,0,0,0,5,0,,67,8,2006,3,40.0387,-75.0442,500.0,6,0,0,0,0,0,0,0,0,1.0,0,0,0,5,3,0,1,,1.0,40 02:19.000,4.0,0,75 02:39.371,9,0,0,0,67301,0,0,0,N,0,0,0,2,67301,0,,1,1,,N,N,,1,,0,0,0,0,0,N,500,0,3,0,0,0,0,1,3,4,0,3,3,,N,,,,,,,,,,,
2006105794,1531.0,2,0,0,0,0,0,0,0,0,1,0,,67,9,2006,7,39.9316,-75.1458,1526.0,6,0,0,0,0,0,1,0,0,1.0,0,0,0,15,1,0,0,,1.0,39 56:03.000,2.0,0,75 08:42.620,0,0,0,0,67301,0,0,0,N,0,0,0,4,67301,0,,1,9,,N,N,,0,,0,0,0,0,0,Y,1517,0,2,0,0,0,0,0,3,4,0,2,7,,N,,,,,,,,,,,
2006105813,1235.0,1,0,0,0,0,0,0,0,0,8,0,,67,8,2006,7,39.9982,-75.1013,1230.0,6,0,0,0,0,0,0,0,0,,0,0,0,12,1,1,1,,0.0,39 59:53.463,,0,75 06:04.518,4,0,0,0,67301,1,0,0,N,1,0,0,2,67301,1,,1,1,,N,N,,0,,0,0,0,3,2,,1223,1,2,0,0,0,0,0,3,4,0,1,3,,N,,,,,,,,,,,
2006113393,1836.0,1,0,0,1,0,0,0,0,0,4,0,,67,9,2006,2,40.0136,-75.0802,1831.0,6,0,0,0,0,0,1,0,0,,0,0,0,99,1,1,1,,0.0,40 00:49.132,,0,75 04:48.856,4,0,0,0,67301,1,0,0,N,0,0,0,2,67301,1,,1,1,,N,N,,0,,0,0,0,3,3,,9999,1,2,0,0,1,0,0,3,4,0,1,3,,N,,,,,,,,,,,
2006113426,26.0,1,0,0,0,0,0,0,0,0,5,0,,67,10,2006,3,40.0155,-75.1867,21.0,6,0,0,0,0,0,0,0,0,,0,0,0,0,3,0,0,,0.0,40 00:55.000,,0,75 11:12.207,0,0,0,0,67301,0,0,0,N,0,0,0,3,67301,0,,1,1,,N,N,,0,,0,0,1,0,0,,15,0,2,0,0,0,0,0,3,4,0,2,3,,N,,,,,,,,,,,
2006113474,2015.0,1,0,0,0,0,0,0,0,0,1,0,,67,10,2006,1,40.0556,-74.985,2010.0,6,0,0,0,0,1,0,0,0,,0,0,0,20,3,0,2,,0.0,40 03:20.000,,0,74 59:05.989,0,0,0,0,67301,0,0,0,N,0,0,0,2,67301,0,,1,1,,N,N,,0,,0,0,1,0,0,,2010,0,2,0,0,0,0,0,3,4,0,2,3,,N,,,,,,,,,,,
2006105828,1132.0,1,0,0,0,0,0,0,0,0,7,0,,67,9,2006,7,39.9862,-75.1596,1130.0,6,0,0,0,0,0,0,0,0,9.0,0,0,0,11,1,1,2,,1.0,39 59:10.255,1.0,0,75 09:34.585,8,0,0,0,67301,0,0,0,,0,0,0,1,67301,0,,2,9,,N,Y,,0,,0,0,0,0,0,N,1130,1,1,0,0,0,1,0,3,4,0,1,7,,N,,,,,,,,,,,
2006054233,1043.0,1,0,0,0,0,0,0,0,0,5,0,,67,4,2006,2,39.9194,-75.1707,1035.0,6,0,0,0,0,0,2,0,0,,0,0,0,10,1,0,1,,0.0,39 55:09.000,,0,75 10:14.607,0,0,0,0,67301,0,0,0,N,0,0,0,3,67301,0,,1,9,,N,N,,1,,0,0,0,3,2,,1010,0,2,0,0,0,0,0,3,4,0,2,7,,N,,,,,,,,,,,
2006035777,807.0,2,0,0,0,0,0,0,0,0,4,0,,67,2,2006,5,,,802.0,6,0,0,0,0,0,1,0,0,,0,0,0,8,1,2,1,,0.0,,,0,,4,0,0,0,67301,0,0,0,N,0,0,0,3,67301,2,,1,1,,N,N,,0,,0,0,0,3,3,,800,2,2,0,0,0,0,0,3,3,0,2,3,,N,,,,,,,,,,,
2006093137,1855.0,1,0,0,0,0,0,0,0,0,8,0,,67,8,2006,4,40.0194,-75.068,1900.0,6,0,0,0,0,0,0,0,0,,0,0,0,19,1,1,0,,0.0,40 01:09.807,,0,75 04:04.814,4,0,0,0,67301,1,0,0,N,1,0,0,2,67301,1,,1,1,,N,N,,0,,0,0,0,0,0,,1900,1,2,0,0,0,0,0,3,4,0,1,3,,N,,,,,,,,,,,
2006054105,627.0,1,0,0,0,0,0,0,0,0,8,0,,67,4,2006,1,39.9227,-75.1872,623.0,6,0,0,0,0,0,0,0,0,,0,0,0,6,1,2,0,,0.0,39 55:21.860,,0,75 11:13.909,8,0,0,0,67301,1,0,0,,1,0,0,2,67301,0,,6,1,,,,,1,,0,0,0,9,1,,620,2,3,0,0,0,2,0,3,4,0,2,3,,N,,,,,,,,,,,
2006054112,234.0,0,0,0,0,0,0,1,0,0,8,1,,67,3,2006,7,40.0222,-75.0784,234.0,6,0,0,0,0,0,0,0,0,,0,0,0,2,3,1,0,,0.0,40 01:20.000,,0,75 04:42.122,8,0,0,0,67301,1,0,0,N,1,0,0,2,67301,0,,1,1,,N,N,,0,,0,0,0,0,0,,233,1,2,0,0,0,1,1,3,4,0,1,3,,N,,,,,,,,,,,
2006036902,2205.0,2,0,0,0,0,0,0,0,0,1,0,,67,2,2006,6,40.0384,-75.1418,2146.0,6,0,0,0,0,0,0,0,0,,0,0,0,21,3,1,0,,0.0,40 02:18.000,,0,75 08:30.656,4,0,0,0,67301,0,0,0,,0,0,0,2,67301,1,,1,1,,N,N,,0,,0,0,0,9,2,,2130,1,2,0,0,2,0,0,3,4,0,2,3,,N,,,,,,,,,,,
2006023967,905.0,1,0,0,0,0,0,0,0,0,7,0,,67,1,2006,4,39.9559,-75.1806,900.0,6,0,0,0,0,0,1,0,0,1.0,0,0,0,8,1,1,7,,2.0,39 57:26.000,4.0,3,75 10:49.007,3,0,0,0,67301,0,0,0,Y,0,0,0,1,67301,0,,7,1,,N,N,,0,,1,0,0,0,0,N,855,1,1,0,0,0,0,0,3,4,0,1,3,,N,,,,,,,,,,,
2006092390,1925.0,1,0,0,0,0,0,0,0,0,3,0,,67,8,2006,5,,,1920.0,6,0,0,0,0,0,0,0,0,,0,0,0,19,1,0,0,,0.0,,,0,,0,0,0,0,67301,0,0,0,,0,0,0,1,67301,0,,1,1,,N,N,,1,,0,0,0,0,0,,1910,0,2,0,0,0,0,0,3,3,0,2,3,,N,,,,,,,,,,,
2006053767,1323.0,1,0,0,0,0,0,1,0,0,1,1,,67,4,2006,3,40.0246,-75.1232,1320.0,6,0,0,0,0,0,0,0,0,,0,0,0,13,1,1,1,,0.0,40 01:28.513,,0,75 07:23.473,4,0,0,0,67301,0,0,0,N,0,0,0,2,67301,1,,1,1,,N,Y,,0,,0,0,0,3,2,,1310,1,2,0,0,0,0,0,3,4,0,2,3,,N,,,,,,,,,,,
2006053479,640.0,2,0,0,0,0,0,1,0,0,4,1,,67,5,2006,4,,,637.0,6,0,0,0,0,0,0,0,0,,0,0,0,6,1,4,1,,0.0,,,0,,4,0,0,0,67301,0,0,0,,0,0,0,4,67301,4,,2,1,,N,N,,0,,0,0,0,3,2,,630,4,4,0,0,0,0,0,3,3,1,4,3,,N,,,,,,,,,,,
2006053797,233.0,1,0,0,0,0,0,0,0,0,4,0,,67,4,2006,6,,,231.0,6,0,0,0,0,0,0,0,0,,0,0,0,2,3,0,1,,0.0,,,0,,0,0,0,0,67301,0,0,0,N,0,0,0,3,67301,0,,4,1,,N,N,,0,,0,0,1,0,0,,228,0,2,0,0,0,0,0,3,3,0,2,3,,N,,,,,,,,,,,
2006053859,1720.0,1,0,0,0,0,0,0,0,0,8,0,,67,4,2006,7,40.057,-75.1526,1720.0,6,0,0,0,0,0,0,0,0,,0,0,0,17,1,1,0,,0.0,40 03:25.167,,0,75 09:09.237,4,0,0,0,67301,1,0,0,,1,0,0,2,67301,1,,1,1,,N,N,,0,,0,0,0,0,0,,1720,1,2,0,0,0,0,1,3,4,0,1,3,,N,,,,,,,,,,,
2006094925,818.0,1,0,0,0,0,0,0,0,0,7,0,,67,8,2006,4,40.0204,-75.1544,812.0,6,0,0,0,0,0,0,0,0,1.0,0,0,0,8,1,2,7,,2.0,40 01:13.800,3.0,2,75 09:16.200,4,0,0,0,67301,0,0,0,N,0,0,0,2,67301,2,,7,1,,N,N,,0,,0,0,0,3,8,Y,810,2,1,0,0,0,0,0,3,4,0,1,3,,N,,,,,,,,,,,
2006055893,2154.0,1,0,0,0,0,0,0,0,0,7,0,,67,4,2006,1,39.9964,-75.197,2154.0,6,0,0,0,0,0,0,0,0,1.0,0,0,0,21,2,2,0,,1.0,39 59:47.000,3.0,0,75 11:48.728,4,0,0,0,67301,0,0,0,N,0,0,0,2,67301,1,,1,1,,N,N,,0,,0,0,0,0,0,N,2154,2,1,0,0,0,1,0,3,4,0,1,3,,N,,,,,,,,,,,
2006092454,941.0,2,0,0,0,0,0,0,0,0,4,0,,67,8,2006,3,40.0403,-75.0584,938.0,6,0,0,0,0,0,1,0,0,,0,0,0,9,1,1,1,,0.0,40 02:24.000,,0,75 03:30.458,4,0,0,0,67301,0,0,0,N,0,0,0,2,67301,1,,1,1,,N,N,,0,,0,0,0,3,2,,937,1,2,0,0,0,0,0,3,4,0,2,3,,N,,,,,,,,,,,
2006092470,1101.0,1,0,0,0,0,0,0,0,0,8,0,,67,8,2006,5,40.0179,-75.1493,1058.0,6,0,0,0,0,0,0,0,1,,0,0,0,99,1,1,1,,0.0,40 01:04.000,,0,75 08:57.510,4,0,0,0,67301,1,0,0,N,1,0,0,2,67301,1,,1,1,,N,N,,0,,0,0,0,3,2,,9999,1,2,0,0,1,0,0,3,4,0,1,3,,N,,,,,,,,,,,
2006094969,110.0,2,0,0,0,0,0,0,0,0,1,0,,67,7,2006,4,,,105.0,6,0,0,0,0,0,1,0,0,,0,0,0,1,3,2,0,,0.0,,,1,,8,0,0,0,67301,0,0,0,N,0,0,0,3,67301,0,,1,9,,N,N,,0,,0,0,0,3,2,,100,2,2,0,0,0,2,0,3,3,0,2,7,,N,,,,,,,,,,,
2006055953,1533.0,2,0,0,0,0,0,0,0,0,4,0,,67,4,2006,4,40.0252,-75.1254,1530.0,6,0,0,0,0,0,0,0,0,1.0,0,0,0,15,1,3,1,,1.0,40 01:30.000,1.0,0,75 07:31.903,8,0,0,0,67301,0,0,0,N,0,0,0,6,67301,0,,1,1,,N,N,,0,,0,0,0,3,2,Y,1528,3,2,0,0,3,3,0,3,4,0,2,3,,N,,,,,,,,,,,