CRN,ARRIVAL_TM,AUTOMOBILE_COUNT,BELTED_DEATH_COUNT,BELTED_SUSP_SERIOUS_INJ_COUNT,BICYCLE_COUNT,BICYCLE_DEATH_COUNT,BICYCLE_SUSP_SERIOUS_INJ_COUNT,BUS_COUNT,CHLDPAS_DEATH_COUNT,CHLDPAS_SUSP_SERIOUS_INJ_COUNT,COLLISION_TYPE,COMM_VEH_COUNT,CONS_ZONE_SPD_LIM,COUNTY,CRASH_MONTH,CRASH_YEAR,DAY_OF_WEEK,DEC_LAT,DEC_LONG,DISPATCH_TM,DISTRICT,DRIVER_COUNT_16YR,DRIVER_COUNT_17YR,DRIVER_COUNT_18YR,DRIVER_COUNT_19YR,DRIVER_COUNT_20YR,DRIVER_COUNT_50_64YR,DRIVER_COUNT_65_74YR,DRIVER_COUNT_75PLUS,EST_HRS_CLOSED,FATAL_COUNT,HEAVY_TRUCK_COUNT,HORSE_BUGGY_COUNT,HOUR_OF_DAY,ILLUMINATION,INJURY_COUNT,INTERSECT_TYPE,INTERSECTION_RELATED,LANE_CLOSED,LATITUDE,LN_CLOSE_DIR,LOCATION_TYPE,LONGITUDE,MAX_SEVERITY_LEVEL,MCYCLE_DEATH_COUNT,MCYCLE_SUSP_SERIOUS_INJ_COUNT,MOTORCYCLE_COUNT,MUNICIPALITY,NONMOTR_COUNT,NONMOTR_DEATH_COUNT,NONMOTR_SUSP_SERIOUS_INJ_COUNT,NTFY_HIWY_MAINT,PED_COUNT,PED_DEATH_COUNT,PED_SUSP_SERIOUS_INJ_COUNT,PERSON_COUNT,POLICE_AGCY,POSSIBLE_INJ_COUNT,RDWY_SURF_TYPE_CD,RELATION_TO_ROAD,ROAD_CONDITION,ROADWAY_CLEARED,SCH_BUS_IND,SCH_ZONE_IND,SECONDARY_CRASH,SMALL_TRUCK_COUNT,SPEC_JURIS_CD,SUSP_MINOR_INJ_COUNT,SUSP_SERIOUS_INJ_COUNT,SUV_COUNT,TCD_FUNC_CD,TCD_TYPE,TFC_DETOUR_IND,TIME_OF_DAY,TOT_INJ_COUNT,TOTAL_UNITS,UNB_DEATH_COUNT,UNB_SUSP_SERIOUS_INJ_COUNT,UNBELTED_OCC_COUNT,UNK_INJ_DEG_COUNT,UNK_INJ_PER_COUNT,URBAN_AREA,URBAN_RURAL,VAN_COUNT,VEHICLE_COUNT,WEATHER1,WEATHER2,WORK_ZONE_IND,WORK_ZONE_LOC,WORK_ZONE_TYPE,WORKERS_PRES,WZ_CLOSE_DETOUR,WZ_FLAGGER,WZ_LAW_OFFCR_IND,WZ_LN_CLOSURE,WZ_MOVING,WZ_OTHER,WZ_SHLDER_MDN,WZ_WORKERS_INJ_KILLED
2006056030,2002.0,2,0,0,0,0,0,0,0,0,4,0,,67,4,2006,1,40.0171,-75.1586,1957.0,6,0,0,0,0,0,1,0,0,3.0,0,0,0,19,3,3,2,,2.0,40 01:01.000,7.0,0,75 09:30.766,4,0,0,0,67301,0,0,0,,0,0,0,4,67301,3,,1,1,,,,,0,,0,0,0,0,0,Y,1953,3,3,0,0,1,0,0,3,4,1,3,3,,N,,,,,,,,,,,
2006056094,9999.0,2,0,0,0,0,0,0,0,0,4,0,,67,4,2006,5,39.9932,-75.1358,1215.0,6,0,0,0,0,0,0,0,0,,0,0,0,11,1,2,1,,0.0,39 59:35.354,,0,75 08:08.984,8,0,0,0,67301,1,0,0,N,0,0,0,3,67301,0,,1,1,,N,N,,0,,0,0,0,3,3,,1130,2,3,0,0,0,2,0,3,4,1,3,3,,N,,,,,,,,,,,
2006056109,1140.0,4,0,0,0,0,0,0,0,0,2,0,,67,3,2006,3,,,1135.0,6,0,0,0,0,0,0,0,0,2.0,0,0,0,23,3,1,0,,2.0,,5.0,0,,3,0,0,0,67301,0,0,0,N,0,0,0,3,67301,0,,1,1,,N,N,,0,,1,0,0,0,0,Y,2330,1,4,0,0,0,0,0,3,3,0,4,3,,N,,,,,,,,,,,
2006095278,1948.0,3,0,0,0,0,0,0,0,0,2,0,,67,8,2006,4,39.9254,-75.1469,1942.0,6,0,0,0,0,1,0,0,0,2.0,0,0,0,19,3,7,0,,2.0,39 55:39.000,1.0,0,75 08:47.244,3,0,0,0,67301,0,0,0,N,0,0,0,8,67301,1,,1,1,,N,N,,0,,6,0,0,0,0,Y,1938,7,3,0,0,0,0,1,3,4,0,3,3,,N,,,,,,,,,,,
2006056356,1716.0,3,0,0,0,0,0,0,0,0,1,0,,67,3,2006,4,39.9644,-75.1777,1713.0,6,0,0,0,0,0,1,0,0,,0,0,0,17,1,0,5,,0.0,39 57:52.000,,0,75 10:40.530,0,0,0,0,67301,0,0,0,N,0,0,0,3,67301,0,,1,98,,N,N,,0,,0,0,0,3,2,,1705,0,3,0,0,0,0,0,3,4,0,3,99,,N,,,,,,,,,,,
2006053945,745.0,2,0,0,0,0,0,0,0,0,4,0,,67,4,2006,4,40.0417,-75.0802,744.0,6,0,0,0,0,0,1,0,0,,0,0,0,7,1,1,1,,0.0,40 02:30.120,,0,75 04:48.835,4,0,0,0,67301,0,0,0,N,0,0,0,3,67301,1,,1,1,,N,N,,0,,0,0,0,3,3,,739,1,2,0,0,0,0,0,3,4,0,2,99,,N,,,,,,,,,,,
2006092930,1224.0,1,0,0,0,0,0,0,0,0,4,0,,67,8,2006,7,40.0279,-75.0602,324.0,6,0,0,0,0,1,0,0,0,,0,0,0,3,3,1,1,,0.0,40 01:40.000,,0,75 03:36.065,8,0,0,0,67301,0,0,0,,0,0,0,3,67301,0,,1,1,,N,N,,0,,0,0,1,3,2,,324,1,2,0,0,0,1,0,3,4,0,2,3,,N,,,,,,,,,,,
2006018428,1745.0,0,0,0,0,0,0,0,0,0,8,0,,67,1,2006,3,40.0341,-75.1765,1745.0,6,0,0,0,0,0,0,0,0,,0,0,0,17,3,2,1,,0.0,40 02:02.652,,0,75 10:35.500,4,0,0,0,67301,2,0,0,,2,0,0,3,67301,2,,1,9,,N,N,,0,,0,0,1,9,2,,1745,2,3,0,0,0,0,0,3,4,0,1,7,,N,,,,,,,,,,,
2006033417,24.0,1,0,0,0,0,0,0,0,0,1,0,,67,2,2006,2,39.9583,-75.1648,21.0,6,0,0,0,0,0,0,1,0,2.0,0,0,0,0,3,1,0,,2.0,39 57:29.000,4.0,0,75 09:54.784,4,0,0,0,67301,0,0,0,Y,0,0,0,2,67301,1,,1,1,,N,N,,0,,0,0,0,0,0,Y,21,1,2,0,0,0,0,1,3,4,0,2,3,,N,,,,,,,,,,,
2006080985,825.0,2,0,0,0,0,0,0,0,0,1,0,,67,7,2006,4,,,818.0,6,0,0,0,0,0,0,0,0,,0,0,0,8,1,1,0,,0.0,,,0,,3,0,0,0,67301,0,0,0,N,0,0,0,3,67301,0,,1,9,,N,N,,0,,1,0,0,3,2,,818,1,2,0,0,0,0,0,3,3,0,2,7,,N,,,,,,,,,,,
2006080995,9999.0,2,0,0,0,0,0,0,0,0,6,0,,67,5,2006,5,40.0462,-75.0157,9999.0,6,0,0,0,0,1,1,0,0,,0,0,0,15,1,4,2,,0.0,40 02:46.000,,0,75 00:56.453,8,0,0,0,67301,0,0,0,N,0,0,0,4,67301,0,,1,1,,N,N,,0,,0,0,0,3,3,,1511,4,2,0,0,0,4,0,3,4,0,2,3,,N,,,,,,,,,,,
2006081506,1547.0,2,0,0,0,0,0,0,0,0,1,0,,67,6,2006,2,,,1540.0,6,0,0,1,0,0,1,0,0,,0,0,0,15,1,1,1,,0.0,,,0,,8,0,0,0,67301,0,0,0,N,0,0,0,2,67301,0,,1,9,,N,N,,0,,0,0,0,3,2,,1535,1,2,0,0,0,1,0,3,3,0,2,7,,N,,,,,,,,,,,
2006081514,200.0,1,0,0,0,0,0,0,0,0,7,0,,67,6,2006,1,,,200.0,6,0,0,0,0,0,0,0,0,1.0,0,0,0,2,3,0,0,,2.0,,2.0,0,,9,0,0,0,67301,0,0,0,N,0,0,0,1,67301,0,,2,1,,N,N,,0,,0,0,0,0,0,N,200,0,1,0,0,0,0,1,3,3,0,1,3,,N,,,,,,,,,,,
2006081453,1722.0,1,0,0,0,0,0,0,0,0,1,0,,67,7,2006,7,40.0604,-75.1505,1722.0,6,0,0,0,0,0,0,0,0,,0,0,0,17,1,2,0,,0.0,40 03:37.310,,0,75 09:01.803,4,0,0,0,67301,0,0,0,N,0,0,0,3,67301,2,,1,1,,N,N,,0,,0,0,1,0,0,,1700,2,2,0,0,0,0,0,3,4,0,2,3,,N,,,,,,,,,,,
2006081585,9999.0,1,0,0,0,0,0,0,0,0,7,0,,67,5,2006,3,40.0126,-75.161,9999.0,6,0,0,0,0,0,0,0,0,,0,0,0,99,1,0,2,,0.0,40 00:45.000,,0,75 09:39.839,9,0,0,0,67301,0,0,0,,0,0,0,2,67301,0,,5,9,,N,N,,0,,0,0,0,9,2,,9999,0,1,0,0,0,0,1,3,4,0,1,7,,N,,,,,,,,,,,
2006081648,2050.0,1,0,0,0,0,0,0,0,0,4,0,,67,6,2006,1,,,2050.0,6,0,0,0,0,0,1,0,0,,0,0,0,20,3,1,1,,0.0,,,0,,8,0,0,0,67301,0,0,0,N,0,0,0,2,67301,0,,1,1,,N,N,,0,,0,0,0,3,3,,2049,1,2,0,0,0,1,1,3,3,0,2,3,,N,,,,,,,,,,,
2006115777,9999.0,0,0,0,0,0,0,0,0,0,8,0,,67,10,2006,2,39.9392,-75.2308,9999.0,6,0,0,0,0,0,0,0,0,,0,0,0,99,1,1,0,,0.0,39 56:21.120,,0,75 13:50.894,4,0,0,0,67301,1,0,0,N,1,0,0,2,67301,1,,1,1,,N,N,,0,,0,0,0,0,0,,9999,1,2,0,0,0,0,1,3,4,0,1,3,,N,,,,,,,,,,,
2006115781,2321.0,2,0,0,0,0,0,0,0,0,4,0,,67,10,2006,7,39.9213,-75.1934,2320.0,6,0,0,0,0,0,0,0,0,1.0,0,0,0,23,3,1,0,,2.0,39 55:16.680,4.0,0,75 11:36.240,3,0,0,0,67301,0,0,0,N,0,0,0,2,67301,0,,1,1,,N,N,,0,,1,0,0,3,2,N,2319,1,2,0,0,1,0,0,3,4,0,2,3,,N,,,,,,,,,,,
2006115874,1754.0,1,0,0,0,0,0,0,0,0,5,0,,67,10,2006,2,39.99,-75.185,1752.0,6,0,0,0,0,0,1,0,0,,0,0,0,17,1,1,1,,0.0,39 59:24.028,,0,75 11:06.172,3,0,0,0,67301,0,0,0,N,0,0,0,2,67301,0,,1,1,,N,N,,1,,1,0,0,3,3,,1750,1,2,0,0,1,0,0,3,4,0,2,3,,N,,,,,,,,,,,
2006105884,1925.0,1,0,0,1,0,0,0,0,0,4,0,,67,9,2006,6,40.0427,-75.073,1923.0,6,0,0,0,0,0,0,1,0,,0,0,0,19,3,1,2,,0.0,40 02:33.824,,0,75 04:22.947,4,0,0,0,67301,1,0,0,N,0,0,0,2,67301,1,,1,1,,N,N,,0,,0,0,0,0,0,,1923,1,2,0,0,0,0,0,3,4,0,1,3,,N,,,,,,,,,,,
2006113448,2005.0,2,0,0,0,0,0,0,0,0,4,0,,67,10,2006,6,40.0532,-75.1221,2000.0,6,0,0,0,0,0,1,0,0,,0,0,0,19,3,1,1,,0.0,40 03:11.661,,0,75 07:19.546,8,0,0,0,67301,0,0,0,N,0,0,0,6,67301,0,,1,1,,N,N,,0,,0,0,0,0,0,,1955,1,2,0,0,0,1,0,3,4,0,2,3,,N,,,,,,,,,,,
2006116034,1100.0,2,0,0,0,0,0,0,0,0,1,0,,67,9,2006,7,40.0354,-75.1085,1100.0,6,0,0,0,0,0,1,0,0,,0,0,0,99,1,1,1,,0.0,40 02:07.000,,0,75 06:30.529,4,0,0,0,67301,0,0,0,N,0,0,0,3,67301,1,,1,1,,N,N,,0,,0,0,0,3,2,,9999,1,2,0,0,0,0,0,3,4,0,2,3,,N,,,,,,,,,,,
2006116085,320.0,1,0,0,0,0,0,0,0,0,7,0,,67,10,2006,1,39.964,-75.1845,311.0,6,0,0,0,0,0,0,0,0,1.0,0,0,0,3,3,1,0,,1.0,39 57:50.471,4.0,0,75 11:04.333,3,0,0,0,67301,0,0,0,N,0,0,0,1,67301,0,,2,1,,N,N,,0,,1,0,0,0,0,N,310,1,1,0,0,0,0,0,3,4,0,1,3,,N,,,,,,,,,,,
2006105830,1803.0,2,0,0,0,0,0,0,0,0,4,0,,67,9,2006,4,39.9746,-75.1598,1800.0,6,0,0,0,0,1,0,0,0,,0,0,0,18,1,1,1,,0.0,39 58:28.588,,0,75 09:35.171,8,0,0,0,67301,0,0,0,N,0,0,0,2,67301,0,,1,1,,N,N,,0,,0,0,0,0,0,,1800,1,2,0,0,0,1,0,3,4,0,2,3,,N,,,,,,,,,,,
2006105836,600.0,2,0,0,0,0,0,0,0,0,1,0,,67,9,2006,5,39.8993,-75.1755,538.0,6,0,0,0,0,0,2,0,0,,0,0,0,5,3,2,1,,0.0,39 53:57.000,,0,75 10:31.770,8,0,0,0,67301,0,0,0,N,0,0,0,4,67301,0,,1,9,,N,N,,0,,0,0,1,3,2,,538,2,3,0,0,0,2,2,3,4,0,3,7,,N,,,,,,,,,,,
2006105840,1840.0,1,0,0,0,0,0,0,0,0,2,0,,67,8,2006,3,40.0315,-75.1548,1845.0,6,0,0,0,0,0,0,0,0,2.0,0,0,0,18,1,1,0,,1.0,40 01:53.219,4.0,0,75 09:17.182,4,0,0,0,67301,0,0,0,N,0,0,0,6,67301,1,,1,9,,N,N,,0,,0,0,1,0,0,N,1820,1,2,0,0,0,0,0,3,4,0,2,7,,N,,,,,,,,,,,
2006105862,1125.0,2,0,0,0,0,0,0,0,0,4,0,,67,9,2006,4,39.9678,-75.1636,1123.0,6,0,0,1,0,0,0,0,0,,0,0,0,11,1,1,1,,0.0,39 58:04.027,,0,75 09:48.923,3,0,0,0,67301,0,0,0,N,0,0,0,2,67301,0,,1,1,,N,N,,0,,1,0,0,9,3,,1122,1,2,0,0,0,0,0,3,4,0,2,3,,N,,,,,,,,,,,
2006105872,1715.0,0,0,0,0,0,0,1,0,0,8,1,,67,9,2006,4,39.9282,-75.2307,1651.0,6,0,0,0,0,0,0,0,0,,0,0,0,16,1,1,2,,0.0,39 55:41.349,,0,75 13:50.358,4,0,0,0,67301,1,0,0,,1,0,0,2,67301,1,,1,1,,N,N,,0,,0,0,0,9,2,,1651,1,2,0,0,0,0,0,3,4,0,1,3,,N,,,,,,,,,,,
2006124166,820.0,0,0,0,1,0,0,0,0,0,5,0,,67,10,2006,5,,,818.0,6,0,0,0,0,0,0,0,0,,0,0,0,8,1,1,0,,0.0,,,0,,8,0,0,0,67301,1,0,0,N,0,0,0,2,67504,0,,4,1,,N,N,,0,,0,0,1,3,8,,815,1,2,0,0,0,1,0,3,3,0,1,3,,N,,,,,,,,,,,
2006124219,1945.0,2,0,0,0,0,0,0,0,0,4,0,,67,10,2006,6,39.9858,-75.2157,1937.0,6,0,0,1,0,1,0,0,0,,0,0,0,99,3,0,1,,0.0,39 59:08.000,,0,75 12:56.714,0,0,0,0,67301,0,0,0,N,0,0,0,5,67301,0,,1,9,,N,N,,0,,0,0,0,9,2,,9999,0,2,0,0,0,0,0,3,4,0,2,7,,N,,,,,,,,,,,
2006054201,1926.0,1,0,0,0,0,0,0,0,0,8,0,,67,4,2006,5,,,1924.0,6,0,0,0,0,0,1,0,0,,0,0,0,18,1,1,1,,0.0,,,0,,3,0,0,0,67301,1,0,0,N,1,0,0,2,67301,0,,1,1,,N,N,,0,,1,0,0,3,3,,1830,1,2,0,0,0,0,0,3,3,0,1,3,,N,,,,,,,,,,,
2006054244,626.0,2,0,0,0,0,0,0,0,0,4,0,,67,4,2006,7,39.9263,-75.1464,624.0,6,0,0,0,0,0,0,0,0,,0,0,0,6,1,1,2,,0.0,39 55:34.782,,0,75 08:46.917,8,0,0,0,67301,0,0,0,N,0,0,0,3,67301,0,,1,1,,N,N,,0,,0,0,0,3,3,,623,1,2,0,0,0,1,1,3,4,0,2,3,,N,,,,,,,,,,,
2006025532,230.0,2,0,0,0,0,0,0,0,0,4,0,,67,1,2006,1,40.0572,-75.0764,226.0,6,0,0,0,0,0,0,0,0,,0,0,0,2,3,1,0,,0.0,40 03:25.920,,0,75 04:35.040,4,0,0,0,67301,0,0,0,,0,0,0,5,67301,1,,1,2,,,,,0,,0,0,0,0,0,,224,1,2,0,0,4,0,1,3,4,0,2,10,,N,,,,,,,,,,,
2006021338,1920.0,3,0,0,0,0,0,0,0,0,1,0,,67,1,2006,2,39.9113,-75.2427,1914.0,6,0,0,0,0,0,2,0,0,,0,0,0,18,3,2,1,,0.0,39 54:41.000,,0,75 14:35.120,4,0,0,0,67301,0,0,0,,0,0,0,5,67301,1,,1,9,,N,N,,0,,0,0,0,0,0,,1852,2,3,0,0,0,1,0,3,4,0,3,7,,N,,,,,,,,,,,
2006047972,1706.0,1,0,0,0,0,0,0,0,0,4,0,,67,2,2006,4,40.0128,-75.1176,1659.0,6,0,0,0,1,0,0,0,0,9.0,1,1,0,16,1,2,0,,2.0,40 00:46.049,6.0,0,75 07:03.356,1,0,0,0,67301,0,0,0,N,0,0,0,3,67301,1,2.0,1,1,,N,N,,0,0.0,0,1,0,0,0,Y,1656,2,2,0,0,1,0,0,3,4,0,2,3,,N,,,,,,,,,,,
2006092426,1535.0,1,0,0,0,0,0,0,0,0,8,0,,67,8,2006,2,39.9272,-75.2233,1535.0,6,0,0,0,0,0,1,0,0,,0,0,0,15,1,1,1,,0.0,39 55:37.560,,0,75 13:24.240,4,0,0,0,67301,1,0,0,N,1,0,0,2,67301,1,,1,1,,N,N,,0,,0,0,0,0,0,,1530,1,2,0,0,0,0,0,3,4,0,1,3,,N,,,,,,,,,,,
2006079470,1145.0,1,0,0,0,0,0,0,0,0,7,0,,67,6,2006,2,40.0243,-75.1952,1134.0,6,0,0,0,0,0,0,0,0,,0,0,0,11,1,1,0,,0.0,40 01:27.535,,0,75 11:42.887,8,0,0,0,67301,0,0,0,N,0,0,0,1,67301,0,,4,9,,N,N,,0,,0,0,0,0,0,,1130,1,1,0,0,0,1,0,3,4,0,1,7,,N,,,,,,,,,,,
2006079471,754.0,1,0,0,0,0,0,1,0,0,1,1,,67,5,2006,5,40.093,-75.0525,749.0,6,0,0,0,0,0,1,0,0,,0,0,0,7,1,1,0,,0.0,40 05:34.943,,0,75 03:09.135,8,0,0,0,67301,0,0,0,N,0,0,0,4,67301,0,,1,1,,N,Y,,0,,0,0,0,3,2,,748,1,2,0,0,0,1,0,3,4,0,2,3,,N,,,,,,,,,,,
2006081912,1911.0,2,0,0,0,0,0,0,0,0,4,0,,67,4,2006,7,39.9566,-75.2098,1857.0,6,0,0,0,0,0,0,0,0,3.0,0,0,0,18,4,1,1,,2.0,39 57:23.000,2.0,0,75 12:35.137,4,0,0,0,67301,0,0,0,N,0,0,0,4,67301,1,,1,1,,N,N,,0,,0,0,0,3,2,Y,1856,1,2,0,0,0,0,0,3,4,0,2,3,,N,,,,,,,,,,,
2006081919,829.0,2,0,0,0,0,0,0,0,0,4,0,,67,6,2006,6,,,824.0,6,0,0,0,0,0,1,0,0,2.0,0,0,0,8,1,2,2,,1.0,,2.0,0,,4,0,0,0,67301,0,0,0,N,0,0,0,2,67301,2,,1,1,,N,N,,0,,0,0,0,3,3,Y,824,2,2,0,0,0,0,0,3,3,0,2,3,,N,,,,,,,,,,,
2006082047,1637.0,1,0,0,0,0,0,0,0,0,4,0,,67,7,2006,4,39.9996,-75.1905,1629.0,6,0,0,0,0,0,0,1,0,,0,0,0,16,1,1,0,,0.0,39 59:59.640,,0,75 11:25.800,2,0,0,0,67301,0,0,0,N,0,0,0,4,67301,0,,1,1,,N,N,,0,,0,1,0,0,0,,1629,1,2,0,0,0,0,0,3,4,1,2,3,,N,,,,,,,,,,,
2006014539,2049.0,2,0,0,0,0,0,0,0,0,5,0,,67,1,2006,2,39.9905,-75.2495,2046.0,6,0,0,0,0,0,0,0,0,2.0,0,0,0,20,3,0,0,,1.0,39 59:25.000,2.0,0,75 14:58.208,0,0,0,0,67301,0,0,0,N,0,0,0,2,46104,0,,1,1,,N,N,,0,,0,0,0,0,0,N,2045,0,2,0,0,0,0,0,3,4,0,2,3,,N,,,,,,,,,,,
2006094879,2331.0,1,0,0,0,0,0,0,0,0,5,0,,67,7,2006,2,40.0392,-75.0668,2330.0,6,0,0,0,0,0,0,0,0,,0,0,0,22,3,1,1,,0.0,40 02:21.000,,0,75 04:00.418,8,0,0,0,67301,0,0,0,N,0,0,0,2,67301,0,,1,1,,N,N,,0,,0,0,0,3,2,,2205,1,2,0,0,0,1,0,3,4,1,2,3,,N,,,,,,,,,,,
2006094924,1505.0,1,0,0,0,0,0,0,0,0,4,0,,67,8,2006,5,39.9802,-75.2693,1455.0,6,0,0,0,0,0,0,0,1,,0,0,0,14,1,1,1,,0.0,39 58:48.000,,0,75 16:09.256,4,0,0,0,67301,1,0,0,N,1,0,0,2,67301,1,,7,1,,N,N,,0,,0,0,0,3,1,,1430,1,2,0,0,0,0,1,3,4,0,1,3,,N,,,,,,,,,,,
2006094996,1215.0,3,0,0,0,0,0,0,0,0,1,0,,67,8,2006,6,39.9627,-75.2039,1215.0,6,0,0,0,0,0,0,0,0,,0,0,0,12,1,1,2,,0.0,39 57:45.000,,0,75 12:14.429,8,0,0,0,67301,0,0,0,N,0,0,0,1,67301,0,,1,1,,N,N,,1,,0,0,0,3,3,,1215,1,4,0,0,0,1,0,3,4,0,4,3,,N,,,,,,,,,,,
2006056026,1545.0,0,0,0,1,0,0,0,0,0,9,0,,67,4,2006,5,,,1531.0,6,0,0,0,0,0,0,0,0,,0,0,0,15,1,1,0,,0.0,,,0,,4,0,0,0,67301,1,0,0,N,0,0,0,2,67301,1,,1,1,,N,N,,0,,0,0,0,0,0,,1530,1,2,0,0,0,0,0,3,3,0,1,3,,N,,,,,,,,,,,
2006056238,844.0,2,0,0,0,0,0,0,0,0,1,0,,67,3,2006,2,39.957,-75.2133,844.0,6,0,0,0,0,0,0,0,0,,0,0,0,8,1,1,1,,0.0,39 57:25.000,,0,75 12:48.091,4,0,0,0,67301,0,0,0,N,0,0,0,9,67301,1,,1,8,,N,N,,0,,0,0,0,3,2,,820,1,2,0,0,0,0,0,3,4,0,2,3,,N,,,,,,,,,,,
2006056258,1845.0,2,0,0,0,0,0,0,0,0,4,0,,67,3,2006,3,39.9578,-75.2193,1833.0,6,0,0,0,0,0,0,0,0,,0,0,0,18,3,1,1,,0.0,39 57:28.000,,0,75 13:09.430,3,0,0,0,67301,0,0,0,N,0,0,0,2,67301,0,,1,1,,N,N,,0,,1,0,0,3,2,,1813,1,2,0,0,0,0,1,3,4,0,2,3,,N,,,,,,,,,,,
2006092880,55.0,1,0,0,0,0,0,0,0,0,4,0,,67,8,2006,3,40.0317,-75.1789,53.0,6,0,0,0,0,0,0,0,0,,0,0,0,22,3,2,1,,0.0,40 01:54.000,,0,75 10:44.130,3,0,0,0,67301,0,0,0,,0,0,0,2,67601,1,,1,1,,,,,0,,1,0,1,3,2,,2258,2,2,0,0,0,0,0,3,4,0,2,3,,N,,,,,,,,,,,
2006056408,1944.0,1,0,0,0,0,0,0,0,0,8,0,,67,3,2006,2,40.0269,-75.1213,1935.0,6,0,0,0,0,0,1,0,0,,0,0,0,18,3,1,2,,0.0,40 01:36.000,,0,75 07:16.684,8,0,0,0,67301,1,0,0,N,1,0,0,2,67301,0,,1,1,,N,N,,0,,0,0,0,9,3,,1845,1,2,0,0,0,1,0,3,4,0,1,3,,N,,,,,,,,,,,
2006053955,1555.0,0,0,0,0,0,0,0,0,0,0,0,,67,4,2006,4,40.0823,-74.9666,9999.0,6,0,0,0,0,0,0,0,0,,0,0,0,15,1,1,2,,0.0,40 04:56.640,,0,74 57:59.400,3,0,0,1,67301,0,0,0,,0,0,0,1,67301,0,,1,1,,N,,,0,,1,0,0,9,2,,1555,1,1,0,0,0,0,0,3,4,0,1,3,,N,,,,,,,,,,,
2006092928,1355.0,1,0,0,0,0,0,0,0,0,2,0,,67,7,2006,1,,,1349.0,6,0,0,0,0,0,0,1,0,,0,0,0,13,1,1,1,,0.0,,,0,,4,0,0,0,67301,1,0,0,N,0,0,0,2,67301,1,,1,9,,N,N,,0,,0,0,0,9,3,,1348,1,2,0,0,0,0,0,3,3,0,1,3,,N,,,,,,,,,,,
2006113329,303.0,1,0,0,0,0,0,0,0,0,7,0,,67,9,2006,2,40.0531,-75.1367,300.0,6,0,0,0,0,0,0,0,0,,0,0,0,2,3,1,1,,0.0,40 03:11.120,,0,75 08:11.965,4,0,0,0,67301,0,0,0,N,0,0,0,1,67301,1,,5,1,,N,N,,0,,0,0,0,9,2,,257,1,1,0,0,0,0,0,3,4,0,1,3,,N,,,,,,,,,,,
2006113333,947.0,1,0,0,0,0,0,0,0,0,4,0,,67,10,2006,4,39.9728,-75.1695,945.0,6,0,0,0,0,0,1,0,0,,0,0,0,9,1,0,0,,0.0,39 58:21.951,,0,75 10:10.240,0,0,0,0,67301,0,0,0,N,0,0,0,2,67301,0,,1,1,,N,N,,0,,0,0,1,0,0,,945,0,2,0,0,0,0,0,3,4,0,2,3,,N,,,,,,,,,,,
2006113359,2058.0,2,0,0,0,0,0,0,0,0,4,0,,67,10,2006,4,39.9041,-75.2403,2053.0,6,0,0,0,0,0,1,0,0,,0,0,0,20,3,0,1,,0.0,39 54:14.619,,0,75 14:25.049,0,0,0,0,67301,0,0,0,N,0,0,0,2,67301,0,,1,9,,N,N,,0,,0,0,0,3,2,,2008,0,2,0,0,0,0,0,3,4,0,2,7,,N,,,,,,,,,,,
2006113381,1255.0,1,0,0,0,0,0,0,0,0,4,0,,67,9,2006,1,40.0348,-75.0711,1250.0,6,0,0,0,0,0,0,0,0,,0,0,0,12,1,3,1,,0.0,40 02:05.000,,0,75 04:15.829,3,0,0,0,67301,0,0,0,N,0,0,0,3,67301,0,,1,1,,N,N,,0,,3,0,1,3,2,,1250,3,2,0,0,0,0,0,3,4,0,2,3,,N,,,,,,,,,,,
2006113533,1820.0,1,0,0,0,0,0,0,0,0,8,0,,67,10,2006,4,40.0042,-75.1803,1811.0,6,0,0,0,0,0,0,0,0,,0,0,0,18,4,1,0,,0.0,40 00:15.000,,0,75 10:49.108,8,0,0,0,67301,1,0,0,N,1,0,0,2,67301,0,,1,9,,N,N,,0,,0,0,0,3,2,,1805,1,2,0,0,0,1,0,3,4,0,1,7,,N,,,,,,,,,,,
2006105769,1730.0,2,0,0,0,0,0,0,0,0,5,0,,67,8,2006,4,40.0109,-75.1647,1730.0,6,0,0,0,0,0,0,0,0,,0,0,0,15,1,0,0,,0.0,40 00:39.000,,0,75 09:53.742,9,0,0,0,67301,0,0,0,N,0,0,0,4,67301,0,,6,1,,,,,0,,0,0,0,0,0,,1555,0,2,0,0,1,0,4,3,4,0,2,3,,N,,,,,,,,,,,
2006113467,2137.0,1,0,0,0,0,0,0,0,0,7,0,,67,10,2006,2,39.9608,-75.2375,2135.0,6,0,0,0,1,0,0,0,0,,0,0,0,21,6,2,0,,0.0,39 57:38.746,,0,75 14:15.158,8,0,0,0,67301,0,0,0,,0,0,0,2,67301,0,,4,1,,,,,0,,0,0,0,0,0,,2130,2,1,0,0,1,2,0,3,4,0,1,3,,N,,,,,,,,,,,
2006116068,1550.0,1,0,0,0,0,0,0,0,0,4,0,,67,10,2006,1,40.0946,-75.0152,1540.0,6,0,0,0,0,0,0,0,0,1.0,0,0,0,15,1,3,1,,1.0,40 05:41.000,2.0,0,75 00:55.041,4,0,0,0,67301,0,0,0,N,0,0,0,3,67301,3,,1,1,,N,N,,0,,0,0,1,3,2,N,1530,3,2,0,0,0,0,0,3,4,0,2,3,,N,,,,,,,,,,,