CRN,ARRIVAL_TM,AUTOMOBILE_COUNT,BELTED_DEATH_COUNT,BELTED_SUSP_SERIOUS_INJ_COUNT,BICYCLE_COUNT,BICYCLE_DEATH_COUNT,BICYCLE_SUSP_SERIOUS_INJ_COUNT,BUS_COUNT,CHLDPAS_DEATH_COUNT,CHLDPAS_SUSP_SERIOUS_INJ_COUNT,COLLISION_TYPE,COMM_VEH_COUNT,CONS_ZONE_SPD_LIM,COUNTY,CRASH_MONTH,CRASH_YEAR,DAY_OF_WEEK,DEC_LAT,DEC_LONG,DISPATCH_TM,DISTRICT,DRIVER_COUNT_16YR,DRIVER_COUNT_17YR,DRIVER_COUNT_18YR,DRIVER_COUNT_19YR,DRIVER_COUNT_20YR,DRIVER_COUNT_50_64YR,DRIVER_COUNT_65_74YR,DRIVER_COUNT_75PLUS,EST_HRS_CLOSED,FATAL_COUNT,HEAVY_TRUCK_COUNT,HORSE_BUGGY_COUNT,HOUR_OF_DAY,ILLUMINATION,INJURY_COUNT,INTERSECT_TYPE,INTERSECTION_RELATED,LANE_CLOSED,LATITUDE,LN_CLOSE_DIR,LOCATION_TYPE,LONGITUDE,MAX_SEVERITY_LEVEL,MCYCLE_DEATH_COUNT,MCYCLE_SUSP_SERIOUS_INJ_COUNT,MOTORCYCLE_COUNT,MUNICIPALITY,NONMOTR_COUNT,NONMOTR_DEATH_COUNT,NONMOTR_SUSP_SERIOUS_INJ_COUNT,NTFY_HIWY_MAINT,PED_COUNT,PED_DEATH_COUNT,PED_SUSP_SERIOUS_INJ_COUNT,PERSON_COUNT,POLICE_AGCY,POSSIBLE_INJ_COUNT,RDWY_SURF_TYPE_CD,RELATION_TO_ROAD,ROAD_CONDITION,ROADWAY_CLEARED,SCH_BUS_IND,SCH_ZONE_IND,SECONDARY_CRASH,SMALL_TRUCK_COUNT,SPEC_JURIS_CD,SUSP_MINOR_INJ_COUNT,SUSP_SERIOUS_INJ_COUNT,SUV_COUNT,TCD_FUNC_CD,TCD_TYPE,TFC_DETOUR_IND,TIME_OF_DAY,TOT_INJ_COUNT,TOTAL_UNITS,UNB_DEATH_COUNT,UNB_SUSP_SERIOUS_INJ_COUNT,UNBELTED_OCC_COUNT,UNK_INJ_DEG_COUNT,UNK_INJ_PER_COUNT,URBAN_AREA,URBAN_RURAL,VAN_COUNT,VEHICLE_COUNT,WEATHER1,WEATHER2,WORK_ZONE_IND,WORK_ZONE_LOC,WORK_ZONE_TYPE,WORKERS_PRES,WZ_CLOSE_DETOUR,WZ_FLAGGER,WZ_LAW_OFFCR_IND,WZ_LN_CLOSURE,WZ_MOVING,WZ_OTHER,WZ_SHLDER_MDN,WZ_WORKERS_INJ_KILLED
2006105870,2300.0,2,0,0,0,0,0,0,0,0,2,0,,67,9,2006,2,39.9075,-75.19,2250.0,6,0,0,0,0,0,1,0,0,1.0,0,0,0,22,3,0,5,,2.0,39 54:27.000,3.0,0,75 11:24.063,9,0,0,0,67301,0,0,0,N,0,0,0,4,67301,0,,1,1,,N,N,,0,,0,0,0,3,2,Y,2245,0,2,0,0,0,0,2,3,4,0,2,3,,N,,,,,,,,,,,
2006103387,1720.0,4,0,0,0,0,0,0,0,0,1,0,,67,9,2006,6,39.9883,-75.0888,1709.0,6,0,0,0,0,0,1,0,0,1.0,0,0,0,17,1,0,0,,1.0,39 59:17.000,2.0,0,75 05:20.145,0,0,0,0,67301,0,0,0,,0,0,0,4,67301,0,,1,1,,N,N,,0,,0,0,0,0,0,Y,1705,0,4,0,0,0,0,0,3,4,0,4,3,,N,,,,,,,,,,,
2006054084,1128.0,3,0,0,0,0,0,0,0,0,1,1,,67,3,2006,2,40.0068,-75.1934,1126.0,6,0,0,0,0,0,0,1,0,2.0,0,1,0,99,1,5,0,,2.0,40 00:25.000,4.0,3,75 11:35.306,4,0,0,0,67301,0,0,0,N,0,0,0,7,67301,5,,1,1,,N,N,,0,,0,0,0,3,8,N,9999,5,4,0,0,0,0,0,3,4,0,4,3,,N,,,,,,,,,,,
2006054106,1740.0,1,0,0,0,0,0,0,0,0,8,0,,67,4,2006,5,40.0361,-75.0879,1732.0,6,0,0,0,0,0,0,0,0,,0,0,0,17,1,1,1,,0.0,40 02:09.000,,0,75 05:16.251,4,0,0,0,67301,1,0,0,,1,0,0,2,67301,1,,1,1,,,,,0,,0,0,0,0,0,,1732,1,2,0,0,0,0,1,3,4,0,1,3,,N,,,,,,,,,,,
2006054052,9999.0,1,0,0,0,0,0,0,0,0,4,1,,67,3,2006,6,40.0246,-75.1232,1144.0,6,0,0,0,0,0,0,1,0,,0,1,0,99,1,1,1,,0.0,40 01:28.513,,0,75 07:23.473,4,0,0,0,67301,0,0,0,N,0,0,0,2,67301,1,,1,1,,N,N,,0,,0,0,0,3,2,,9999,1,2,0,0,0,0,0,3,4,0,2,3,,N,,,,,,,,,,,
2006036804,1831.0,2,0,0,0,0,0,0,0,0,4,0,,67,2,2006,3,40.0808,-75.0284,1830.0,6,0,0,0,1,0,0,0,0,,0,0,0,18,3,2,1,,0.0,40 04:50.000,,0,75 01:41.993,4,0,0,0,67301,0,0,0,,0,0,0,2,67301,2,,1,1,,N,N,,0,,0,0,0,9,2,,1830,2,2,0,0,0,0,0,3,4,0,2,3,,N,,,,,,,,,,,
2006036898,1450.0,2,0,0,0,0,0,0,0,0,0,0,,67,3,2006,1,39.9658,-75.1864,1442.0,6,0,0,0,0,0,0,0,0,1.0,0,0,0,14,1,6,0,,2.0,39 57:57.000,3.0,0,75 11:12.010,3,0,0,0,67301,0,0,0,N,0,0,0,6,67301,5,,1,1,,N,N,,0,,1,0,0,0,0,N,1441,6,2,0,0,4,0,0,3,4,0,2,3,,N,,,,,,,,,,,
2006037205,850.0,2,0,0,0,0,0,0,0,0,4,0,,67,1,2006,4,39.9568,-75.1556,847.0,6,0,0,0,0,0,0,0,0,,0,0,0,8,1,0,1,,0.0,39 57:24.000,,0,75 09:19.902,0,0,0,0,67301,0,0,0,N,0,0,0,3,67301,0,,1,1,,N,N,,1,,0,0,0,3,2,,840,0,3,0,0,3,0,0,3,4,0,3,3,,N,,,,,,,,,,,
2006034890,815.0,1,0,0,0,0,0,0,0,0,8,0,,67,2,2006,6,,,853.0,6,0,1,0,0,0,0,0,0,,0,0,0,7,1,1,1,,0.0,,,0,,4,0,0,0,67301,1,0,0,N,1,0,0,2,67301,1,,1,1,,N,Y,,0,,0,0,0,9,3,,755,1,2,0,0,0,0,0,3,3,0,1,3,,N,,,,,,,,,,,
2006022190,9999.0,1,0,0,0,0,0,0,0,0,4,0,,67,1,2006,2,39.9624,-75.1615,9999.0,6,0,0,0,0,0,0,0,0,,0,0,0,99,3,1,1,,0.0,39 57:44.000,,0,75 09:41.412,8,0,0,0,67301,0,0,0,,0,0,0,4,67301,0,,1,1,,N,N,,1,,0,0,0,9,3,,9999,1,2,0,0,0,1,0,3,4,0,2,3,,N,,,,,,,,,,,
2006018672,820.0,4,0,0,0,0,0,0,0,0,1,0,,67,1,2006,3,39.9857,-75.2083,815.0,6,0,0,0,0,0,1,0,0,,0,0,0,8,1,5,0,,0.0,39 59:12.000,,0,75 12:28.222,4,0,0,0,67301,0,0,0,,0,0,0,7,67301,5,,1,1,,N,N,,0,,0,0,0,0,0,,815,5,4,0,0,0,0,0,3,4,0,4,3,,N,,,,,,,,,,,
2006018980,1628.0,2,0,0,0,0,0,0,0,0,5,0,,67,1,2006,3,40.0452,-75.1601,1622.0,6,0,0,0,0,0,0,0,0,,0,0,0,15,1,0,0,,0.0,40 02:42.612,,0,75 09:36.352,9,0,0,0,67301,0,0,0,N,0,0,0,1,67301,0,,1,1,,N,N,,0,,0,0,0,0,0,,1500,0,2,0,0,1,0,1,3,4,0,2,3,,N,,,,,,,,,,,
2006092409,1349.0,1,0,0,1,0,0,0,0,0,4,0,,67,8,2006,5,40.0491,-75.0071,1346.0,6,0,0,0,0,0,0,0,1,,0,0,0,13,1,1,0,,0.0,40 02:56.745,,0,75 00:25.506,4,0,0,0,67301,1,0,0,N,0,0,0,2,67301,1,,1,1,,N,N,,0,,0,0,0,0,0,,1345,1,2,0,0,0,0,0,3,4,0,1,3,,N,,,,,,,,,,,
2006092415,2134.0,1,0,0,0,0,0,0,0,0,4,0,,67,8,2006,7,40.0821,-75.2198,2131.0,6,0,0,0,0,0,0,0,0,,0,0,0,21,3,0,1,,0.0,40 04:55.524,,0,75 13:11.308,0,0,0,0,67301,0,0,0,N,0,0,0,3,67301,0,,1,1,,N,N,,0,,0,0,1,3,2,,2121,0,2,0,0,0,0,0,3,4,0,2,3,,N,,,,,,,,,,,
2006053830,227.0,1,0,0,0,0,0,0,0,0,7,0,,67,4,2006,5,,,226.0,6,0,0,0,0,0,0,0,0,,0,0,0,99,3,0,0,,0.0,,,0,,0,0,0,0,67301,0,0,0,,0,0,0,1,67301,0,,4,1,,,,,0,,0,0,0,0,0,,9999,0,1,0,0,0,0,0,3,3,0,1,3,,N,,,,,,,,,,,
2006020535,440.0,1,0,0,0,0,0,0,0,0,7,0,,67,1,2006,4,39.9436,-75.143,434.0,6,0,0,0,0,0,0,0,0,,0,0,0,4,3,4,0,,0.0,39 56:40.000,,0,75 08:33.768,4,0,0,0,67301,0,0,0,N,0,0,0,4,67301,4,,2,1,,N,N,,0,,0,0,0,0,0,,440,4,1,0,0,1,0,0,3,4,0,1,3,,N,,,,,,,,,,,
2006055858,1511.0,2,0,0,0,0,0,0,0,0,2,0,,67,3,2006,6,,,1509.0,6,0,0,0,0,1,0,0,0,,0,0,0,14,1,5,1,,0.0,,,0,,8,0,0,0,67301,0,0,0,N,0,0,0,5,67301,0,,1,1,,N,N,,0,,0,0,0,3,2,,1437,5,2,0,0,0,5,0,3,3,0,2,3,,N,,,,,,,,,,,
2006055916,1352.0,1,0,0,0,0,0,0,0,0,5,0,,67,3,2006,6,40.0196,-75.0529,1345.0,6,0,0,0,0,0,0,1,0,,0,0,0,13,1,1,0,,0.0,40 01:10.000,,0,75 03:10.633,4,0,0,0,67301,0,0,0,N,0,0,0,3,67301,1,,4,1,,N,N,,0,,0,0,0,0,0,,1340,1,2,0,0,0,0,0,3,4,1,2,3,,N,,,,,,,,,,,
2006056068,1110.0,0,0,0,1,0,0,0,0,0,1,0,,67,3,2006,6,,,1105.0,6,0,0,0,0,0,0,0,0,,0,0,0,10,1,1,0,,0.0,,,0,,4,0,0,0,67301,1,0,0,N,0,0,0,2,67301,1,,1,1,,N,N,,0,,0,0,0,0,0,,1030,1,2,0,0,0,0,0,3,3,1,1,3,,N,,,,,,,,,,,
2006056089,1847.0,2,0,0,0,0,0,0,0,0,4,0,,67,4,2006,3,,,1846.0,6,0,0,0,0,0,0,0,0,,0,0,0,18,1,0,0,,0.0,,,0,,9,0,0,0,67301,0,0,0,N,0,0,0,3,67301,0,,1,2,,N,N,,0,,0,0,0,0,0,,1846,0,2,0,0,0,0,3,3,3,0,2,3,,N,,,,,,,,,,,
2006056248,1414.0,0,0,0,0,0,0,0,0,0,7,0,,67,3,2006,4,39.959,-75.217,1409.0,6,0,0,0,0,0,0,0,0,,0,0,0,14,1,1,1,,0.0,39 57:32.000,,0,75 13:01.290,4,0,0,0,67301,0,0,0,N,0,0,0,1,67301,1,,5,1,,N,N,,0,,0,0,1,2,2,,1409,1,1,0,0,1,0,0,3,4,0,1,3,,N,,,,,,,,,,,
2006095220,1217.0,2,0,0,0,0,0,0,0,0,5,0,,67,7,2006,1,39.9557,-75.1582,1149.0,6,0,0,0,0,0,2,0,0,1.0,0,0,0,11,1,4,0,,2.0,39 57:20.429,3.0,0,75 09:29.341,4,0,0,0,67301,0,0,0,N,0,0,0,5,67301,4,,1,1,,N,N,,0,,0,0,0,0,0,Y,1149,4,2,0,0,0,0,0,3,4,0,2,3,,N,,,,,,,,,,,
2006056386,2110.0,2,0,0,0,0,0,0,0,0,4,0,,67,3,2006,3,39.9541,-75.161,2100.0,6,0,0,0,0,0,1,0,0,,0,0,0,21,3,1,1,,0.0,39 57:15.120,,0,75 09:39.600,4,0,0,0,67301,0,0,0,N,0,0,0,2,67301,1,,1,1,,N,N,,0,,0,0,0,3,2,,2100,1,2,0,0,1,0,0,3,4,0,2,3,,N,,,,,,,,,,,
2006092767,844.0,2,0,0,0,0,0,0,0,0,4,0,,67,8,2006,4,,,842.0,6,0,0,0,0,0,0,0,0,1.0,0,0,0,8,1,1,1,,2.0,,5.0,0,,8,0,0,0,67301,0,0,0,N,0,0,0,2,67301,0,,1,1,,N,N,,0,,0,0,0,3,2,Y,840,1,2,0,0,0,1,0,3,3,0,2,3,,N,,,,,,,,,,,
2006018421,1530.0,1,0,0,0,0,0,0,0,0,2,0,,67,1,2006,6,,,1528.0,6,0,0,0,0,0,0,0,1,,0,0,0,15,1,3,0,,0.0,,,0,,3,0,0,0,67301,0,0,0,,0,0,0,3,67301,1,,1,1,,N,N,,0,,1,0,0,0,0,,1528,3,2,0,0,2,1,0,3,3,1,2,3,,N,,,,,,,,,,,
2006018425,1852.0,1,0,0,0,0,0,0,0,0,8,0,,67,1,2006,3,39.9951,-75.1632,1848.0,6,0,0,0,0,0,0,1,0,,0,0,0,18,3,1,1,,0.0,39 59:42.000,,0,75 09:47.706,4,0,0,0,67301,1,0,0,,1,0,0,2,67301,1,,1,9,,N,N,,0,,0,0,0,3,2,,1846,1,2,0,0,1,0,0,3,4,0,1,7,,N,,,,,,,,,,,
2006033107,927.0,1,0,0,0,0,0,0,0,0,8,0,,67,2,2006,5,39.9701,-75.1304,921.0,6,0,0,0,0,0,1,0,0,,0,0,0,9,1,1,1,,0.0,39 58:12.000,,0,75 07:48.593,4,0,0,0,67301,1,0,0,N,1,0,0,2,67301,1,,1,9,,N,N,,0,,0,0,0,0,0,,917,1,2,0,0,0,0,0,3,4,0,1,10,,N,,,,,,,,,,,
2006032963,1424.0,1,0,0,0,0,0,0,0,0,1,0,,67,3,2006,6,39.9763,-75.114,1415.0,6,0,0,0,0,0,0,0,0,,0,0,0,14,1,0,0,,0.0,39 58:36.000,,0,75 06:48.502,0,0,0,0,67301,0,0,0,N,0,0,0,2,67301,0,,1,1,,N,N,,1,,0,0,0,0,0,,1415,0,2,0,0,0,0,0,3,4,0,2,3,,N,,,,,,,,,,,
2006022704,2115.0,1,0,0,0,0,0,0,0,0,1,0,,67,1,2006,3,39.9182,-75.2088,2100.0,6,0,0,0,0,0,1,0,0,,0,0,0,21,3,0,0,,0.0,39 55:05.578,,0,75 12:31.701,9,0,0,0,67301,0,0,0,N,0,0,0,2,67301,0,,1,9,,N,N,,0,,0,0,0,0,0,,2130,0,2,0,0,0,0,1,3,4,0,2,7,,N,,,,,,,,,,,
2006053544,1637.0,1,0,0,0,0,0,0,0,0,6,0,,67,3,2006,6,39.9726,-75.2178,1629.0,6,0,0,0,0,0,0,0,0,,0,0,0,15,1,1,2,,0.0,39 58:21.000,,0,75 13:04.469,4,0,0,0,67301,0,0,0,N,0,0,0,1,67301,1,,1,1,,N,N,,0,,0,0,0,0,0,,1550,1,2,0,0,0,0,0,3,4,0,1,3,,N,,,,,,,,,,,
2006080059,829.0,1,0,0,0,0,0,0,0,0,8,0,,67,3,2006,4,40.0299,-75.1533,824.0,6,0,0,1,0,0,0,0,0,,0,0,0,99,1,1,1,,0.0,40 01:47.791,,0,75 09:11.771,4,0,0,0,67301,1,0,0,,1,0,0,2,67301,1,,1,9,,N,Y,,0,,0,0,0,3,2,,9999,1,2,0,0,0,0,0,3,4,0,1,10,,N,,,,,,,,,,,
2006065438,1839.0,1,0,0,0,0,0,0,0,0,5,0,,67,5,2006,4,39.9894,-75.1437,1836.0,6,0,0,0,0,1,1,0,0,,0,0,0,18,1,2,1,,0.0,39 59:21.811,,0,75 08:37.251,4,0,0,0,67301,0,0,0,N,0,0,0,5,67301,2,,1,1,,N,,,0,,0,0,1,9,3,,1836,2,2,0,0,2,0,0,3,4,0,2,3,,N,,,,,,,,,,,
2006065451,1404.0,2,0,0,0,0,0,0,0,0,4,0,,67,5,2006,7,39.9371,-75.2207,1350.0,6,0,0,1,0,0,0,0,0,2.0,0,0,0,13,1,1,2,,1.0,39 56:13.675,4.0,0,75 13:14.638,4,0,0,0,67301,0,0,0,N,0,0,0,4,67301,1,,1,1,,N,N,,0,,0,0,0,9,3,N,1330,1,2,0,0,0,0,0,3,4,0,2,3,,N,,,,,,,,,,,
2006065455,1754.0,2,0,0,0,0,0,0,0,0,4,0,,67,5,2006,5,40.0524,-75.1577,1752.0,6,0,0,0,0,0,0,0,0,,0,0,0,17,1,1,5,,0.0,40 03:08.460,,0,75 09:27.889,8,0,0,0,67301,0,0,0,N,0,0,0,2,67301,0,,1,1,,N,N,,0,,0,0,0,3,2,,1750,1,2,0,0,0,1,0,3,4,0,2,3,,N,,,,,,,,,,,
2006062904,745.0,1,0,0,0,0,0,1,0,0,1,1,,67,5,2006,5,40.0293,-75.09,738.0,6,0,0,0,0,0,0,0,0,,0,0,0,7,1,1,1,,0.0,40 01:46.000,,0,75 05:22.905,4,0,0,0,67301,0,0,0,N,0,0,0,2,67301,1,,1,1,,Y,N,,0,,0,0,0,0,0,,735,1,2,0,0,0,0,0,3,4,0,2,3,,N,,,,,,,,,,,
2006079147,2005.0,1,0,0,0,0,0,0,0,0,7,0,,67,6,2006,7,,,2101.0,6,0,0,0,0,0,1,0,0,,0,0,0,20,2,1,0,,0.0,,,0,,4,0,0,0,67301,0,0,0,N,0,0,0,1,67301,1,,3,9,,N,N,,0,,0,0,0,3,2,,2055,1,1,0,0,0,0,0,3,3,0,1,7,,N,,,,,,,,,,,
2006113076,1140.0,0,0,0,0,0,0,0,0,0,1,0,,67,10,2006,6,39.9835,-75.1882,1130.0,6,0,0,0,0,0,1,0,0,,0,0,0,11,1,1,2,,0.0,39 59:00.000,,0,75 11:17.582,8,0,0,0,67301,0,0,0,N,0,0,0,2,67301,0,,1,9,,N,N,,1,,0,0,0,3,2,,1130,1,2,0,0,0,1,0,3,4,1,2,7,,N,,,,,,,,,,,
2006113278,745.0,2,0,0,0,0,0,0,0,0,1,0,,67,9,2006,3,39.9753,-75.1947,738.0,6,0,0,0,0,0,0,0,0,1.0,0,0,0,7,1,1,3,,1.0,39 58:34.000,3.0,2,75 11:44.128,8,0,0,0,67301,0,0,0,N,0,0,0,2,67301,0,,7,1,,N,N,,0,,0,0,0,0,0,N,738,1,2,0,0,1,1,0,3,4,0,2,3,,N,,,,,,,,,,,
2006113336,1107.0,1,0,0,0,0,0,0,0,0,7,0,,67,10,2006,7,39.9867,-75.172,1105.0,6,0,0,0,0,0,0,0,0,,0,0,0,11,1,2,1,,0.0,39 59:12.202,,0,75 10:19.063,2,0,0,0,67301,2,0,1,N,2,0,1,3,67301,1,,5,1,,N,N,,0,,0,1,0,0,0,,1100,2,3,0,0,0,0,0,3,4,0,1,3,,N,,,,,,,,,,,
2006105788,2005.0,2,0,0,0,0,0,0,0,0,5,0,,67,9,2006,7,40.0197,-75.1488,200.0,6,0,0,0,0,0,0,0,0,1.0,0,0,0,2,3,2,0,,1.0,40 01:11.000,1.0,0,75 08:55.798,4,0,0,0,67301,0,0,0,,0,0,0,2,67301,2,,1,9,,N,,,0,,0,0,0,0,0,Y,200,2,2,0,0,0,0,0,3,4,0,2,7,,N,,,,,,,,,,,
2006025540,1148.0,2,0,0,0,0,0,0,0,0,4,0,,67,1,2006,7,39.9689,-75.1362,1145.0,6,0,0,0,0,0,0,0,0,,0,0,0,11,1,0,1,,0.0,39 58:07.000,,0,75 08:10.226,0,0,0,0,67301,0,0,0,N,0,0,0,2,67301,0,,1,9,,N,N,,0,,0,0,0,3,2,,1145,0,2,0,0,0,0,0,3,4,0,2,3,,N,,,,,,,,,,,
2006035797,2135.0,3,0,0,0,0,0,0,0,0,4,0,,67,2,2006,5,,,2133.0,6,0,0,0,0,0,0,0,0,,0,0,0,21,3,0,0,,0.0,,,0,,0,0,0,0,67301,0,0,0,,0,0,0,1,67301,0,,6,1,,N,N,,0,,0,0,0,0,0,,2115,0,4,0,0,0,0,0,3,3,1,4,3,,N,,,,,,,,,,,
2006054075,405.0,1,0,0,0,0,0,0,0,0,7,0,,67,4,2006,1,39.9825,-75.231,400.0,6,0,0,0,0,0,0,0,0,,0,0,0,3,3,1,0,,0.0,39 58:57.025,,0,75 13:51.718,4,0,0,0,67301,0,0,0,,0,0,0,1,67301,1,,5,9,,,,,0,,0,0,0,3,2,,345,1,1,0,0,0,0,0,3,4,0,1,7,,N,,,,,,,,,,,
2006054166,2105.0,1,0,0,0,0,0,0,0,0,4,0,,67,5,2006,2,,,2055.0,6,0,0,0,0,0,1,0,0,,0,0,0,20,3,1,1,,0.0,,,0,,3,0,0,0,67301,0,0,0,N,0,0,0,3,67301,0,,9,1,,N,N,,0,,1,0,1,0,0,,2050,1,2,0,0,0,0,0,3,3,0,2,3,,N,,,,,,,,,,,
2006036843,1808.0,2,0,0,0,0,0,0,0,0,1,0,,67,2,2006,2,,,1805.0,6,0,0,0,0,0,0,0,0,,0,0,0,18,3,1,1,,0.0,,,0,,8,0,0,0,67301,0,0,0,N,0,0,0,3,67301,0,,1,1,,N,N,,0,,0,0,0,3,2,,1800,1,2,0,0,3,1,0,3,3,0,2,3,,N,,,,,,,,,,,
2006036872,218.0,1,0,0,0,0,0,0,0,0,7,0,,67,2,2006,7,39.9836,-75.2083,212.0,6,0,0,0,0,0,0,0,0,1.0,0,0,0,2,3,1,0,,2.0,39 59:04.000,3.0,0,75 12:29.908,4,0,0,0,67301,0,0,0,N,0,0,0,1,67301,1,,2,1,,N,N,,0,,0,0,0,0,0,N,210,1,1,0,0,0,0,0,3,4,0,1,3,,N,,,,,,,,,,,
2006036900,2020.0,1,0,0,0,0,0,0,0,0,7,0,,67,1,2006,5,40.0395,-75.1416,2015.0,6,0,0,0,0,0,0,0,0,,0,0,0,20,3,1,1,,0.0,40 02:22.070,,0,75 08:29.633,4,0,0,0,67301,0,0,0,N,0,0,0,1,67301,1,,4,1,,N,N,,0,,0,0,0,0,0,,2015,1,1,0,0,0,0,0,3,4,0,1,3,,N,,,,,,,,,,,
2006037165,2116.0,2,0,0,0,0,0,0,0,0,1,0,,67,1,2006,7,40.0143,-75.0846,2111.0,6,0,0,0,0,0,0,0,0,2.0,0,0,0,22,3,1,0,,2.0,40 00:51.372,3.0,0,75 05:04.498,8,0,0,0,67301,0,0,0,,0,0,0,1,67301,0,,1,1,,,,,0,,0,0,0,0,0,Y,2225,1,2,0,0,0,1,0,3,4,0,2,3,,N,,,,,,,,,,,
2006034809,700.0,2,0,0,0,0,0,0,0,0,4,0,,67,2,2006,5,40.0614,-75.1775,658.0,6,0,0,0,0,0,0,0,0,2.0,0,0,0,6,1,2,2,,2.0,40 03:41.184,6.0,0,75 10:38.989,4,0,0,0,67301,0,0,0,N,0,0,0,5,67301,1,,1,1,,N,N,,0,,0,0,0,0,0,N,658,2,2,0,0,0,1,0,3,4,0,2,3,,N,,,,,,,,,,,
2006034884,952.0,2,0,0,0,0,0,0,0,0,6,0,,67,2,2006,6,,,952.0,6,0,0,0,0,0,0,0,0,,0,0,0,99,1,1,1,,0.0,,,0,,4,0,0,0,67301,0,0,0,N,0,0,0,2,67301,1,,1,1,,N,N,,0,,0,0,0,3,2,,9999,1,2,0,0,0,0,0,3,3,0,2,3,,N,,,,,,,,,,,
2006022169,1715.0,1,0,0,0,0,0,0,0,0,8,0,,67,1,2006,5,39.9724,-75.1775,1712.0,6,0,0,0,0,0,0,0,0,,0,0,0,99,1,1,1,,0.0,39 58:20.810,,0,75 10:39.131,4,0,0,0,67301,1,0,0,N,1,0,0,2,67301,1,,1,1,,N,N,,0,,0,0,0,3,3,,9999,1,2,0,0,0,0,0,3,4,0,1,3,,N,,,,,,,,,,,
2006021314,1130.0,1,0,0,0,0,0,0,0,0,8,0,,67,1,2006,6,40.0555,-75.0858,1125.0,6,0,0,0,0,0,0,0,0,,0,0,0,17,1,1,1,,0.0,40 03:19.000,,0,75 05:08.899,4,0,0,0,67301,1,0,0,N,1,0,0,2,67301,1,,1,98,,N,N,,0,,0,0,0,3,2,,1719,1,2,0,0,0,0,1,3,4,0,1,99,,N,,,,,,,,,,,
2006019041,1805.0,2,0,0,0,0,0,0,0,0,6,0,,67,1,2006,6,39.9101,-75.1633,1802.0,6,0,0,0,0,0,1,0,0,,0,0,0,18,3,1,1,,0.0,39 54:36.252,,0,75 09:48.020,8,0,0,0,67301,0,0,0,N,0,0,0,2,67301,0,,1,1,,N,N,,0,,0,0,0,3,2,,1800,1,2,0,0,0,1,0,3,4,0,2,3,,N,,,,,,,,,,,
2006092394,1035.0,2,0,0,0,0,0,0,0,0,1,0,,67,8,2006,6,40.0368,-75.0407,1030.0,6,0,0,0,0,0,1,1,0,,0,0,0,10,1,1,1,,0.0,40 02:12.000,,0,75 02:27.782,3,0,0,0,67301,0,0,0,,0,0,0,2,67301,0,,1,1,,,,,0,,1,0,0,0,0,,1030,1,2,0,0,0,0,0,3,4,0,2,3,,N,,,,,,,,,,,
2006092396,1432.0,3,0,0,0,0,0,0,0,0,2,0,,67,8,2006,3,40.0789,-75.0253,1424.0,6,0,0,1,0,0,0,0,0,,0,0,0,14,1,1,2,,0.0,40 04:43.000,,0,75 01:30.802,8,0,0,0,67301,0,0,0,N,0,0,0,5,67301,0,,1,1,,,N,,0,,0,0,0,3,2,,1415,1,3,0,0,0,1,0,3,4,0,3,3,,N,,,,,,,,,,,
2006053716,836.0,1,0,0,0,0,0,0,0,0,1,0,,67,4,2006,7,39.9311,-75.1682,836.0,6,0,0,0,0,0,0,0,0,1.0,0,0,0,8,1,3,0,,2.0,39 55:51.000,1.0,0,75 10:05.436,4,0,0,0,67301,0,0,0,N,0,0,0,5,67301,3,,1,1,,N,N,,1,,0,0,1,0,0,N,836,3,3,0,0,0,0,1,3,4,0,3,3,,N,,,,,,,,,,,
2006053778,2135.0,1,0,0,0,0,0,0,0,0,2,0,,67,4,2006,1,,,2132.0,6,0,0,0,0,0,1,0,0,,0,0,0,21,3,2,0,,0.0,,,0,,8,0,0,0,67301,1,0,0,N,1,0,0,2,67301,0,,6,1,,N,N,,0,,0,0,1,0,0,,2131,2,3,0,0,0,2,0,3,3,0,2,3,,N,,,,,,,,,,,
2006053829,1950.0,2,0,0,0,0,0,0,0,0,6,0,,67,3,2006,3,40.0042,-75.0968,1945.0,6,0,0,0,1,0,0,0,0,,0,0,0,19,3,2,2,,0.0,40 00:15.087,,0,75 05:48.465,8,0,0,0,67301,0,0,0,,0,0,0,4,67301,0,,1,1,,,,,0,,0,0,0,9,3,,1945,2,2,0,0,0,2,0,3,4,0,2,3,,N,,,,,,,,,,,
2006053831,1918.0,1,0,0,0,0,0,0,0,0,8,0,,67,4,2006,7,40.0506,-75.0102,1912.0,6,0,0,0,0,0,0,1,0,,0,0,0,19,4,1,1,,0.0,40 03:02.000,,0,75 00:36.484,8,0,0,0,67301,1,0,0,N,1,0,0,3,67301,0,,1,9,,N,N,,0,,0,0,0,3,2,,1911,1,2,0,0,0,1,0,3,4,0,1,7,,N,,,,,,,,,,,
2006053851,1133.0,2,0,0,0,0,0,0,0,0,4,0,,67,4,2006,1,39.9934,-75.1748,1130.0,6,0,0,0,0,0,1,0,0,,0,0,0,11,1,1,0,,0.0,39 59:36.164,,0,75 10:29.168,4,0,0,0,67301,0,0,0,N,0,0,0,1,67301,1,,6,1,,N,N,,0,,0,0,0,0,0,,1128,1,4,0,0,0,0,0,3,4,2,4,3,,N,,,,,,,,,,,