CRN,ARRIVAL_TM,AUTOMOBILE_COUNT,BELTED_DEATH_COUNT,BELTED_SUSP_SERIOUS_INJ_COUNT,BICYCLE_COUNT,BICYCLE_DEATH_COUNT,BICYCLE_SUSP_SERIOUS_INJ_COUNT,BUS_COUNT,CHLDPAS_DEATH_COUNT,CHLDPAS_SUSP_SERIOUS_INJ_COUNT,COLLISION_TYPE,COMM_VEH_COUNT,CONS_ZONE_SPD_LIM,COUNTY,CRASH_MONTH,CRASH_YEAR,DAY_OF_WEEK,DEC_LAT,DEC_LONG,DISPATCH_TM,DISTRICT,DRIVER_COUNT_16YR,DRIVER_COUNT_17YR,DRIVER_COUNT_18YR,DRIVER_COUNT_19YR,DRIVER_COUNT_20YR,DRIVER_COUNT_50_64YR,DRIVER_COUNT_65_74YR,DRIVER_COUNT_75PLUS,EST_HRS_CLOSED,FATAL_COUNT,HEAVY_TRUCK_COUNT,HORSE_BUGGY_COUNT,HOUR_OF_DAY,ILLUMINATION,INJURY_COUNT,INTERSECT_TYPE,INTERSECTION_RELATED,LANE_CLOSED,LATITUDE,LN_CLOSE_DIR,LOCATION_TYPE,LONGITUDE,MAX_SEVERITY_LEVEL,MCYCLE_DEATH_COUNT,MCYCLE_SUSP_SERIOUS_INJ_COUNT,MOTORCYCLE_COUNT,MUNICIPALITY,NONMOTR_COUNT,NONMOTR_DEATH_COUNT,NONMOTR_SUSP_SERIOUS_INJ_COUNT,NTFY_HIWY_MAINT,PED_COUNT,PED_DEATH_COUNT,PED_SUSP_SERIOUS_INJ_COUNT,PERSON_COUNT,POLICE_AGCY,POSSIBLE_INJ_COUNT,RDWY_SURF_TYPE_CD,RELATION_TO_ROAD,ROAD_CONDITION,ROADWAY_CLEARED,SCH_BUS_IND,SCH_ZONE_IND,SECONDARY_CRASH,SMALL_TRUCK_COUNT,SPEC_JURIS_CD,SUSP_MINOR_INJ_COUNT,SUSP_SERIOUS_INJ_COUNT,SUV_COUNT,TCD_FUNC_CD,TCD_TYPE,TFC_DETOUR_IND,TIME_OF_DAY,TOT_INJ_COUNT,TOTAL_UNITS,UNB_DEATH_COUNT,UNB_SUSP_SERIOUS_INJ_COUNT,UNBELTED_OCC_COUNT,UNK_INJ_DEG_COUNT,UNK_INJ_PER_COUNT,URBAN_AREA,URBAN_RURAL,VAN_COUNT,VEHICLE_COUNT,WEATHER1,WEATHER2,WORK_ZONE_IND,WORK_ZONE_LOC,WORK_ZONE_TYPE,WORKERS_PRES,WZ_CLOSE_DETOUR,WZ_FLAGGER,WZ_LAW_OFFCR_IND,WZ_LN_CLOSURE,WZ_MOVING,WZ_OTHER,WZ_SHLDER_MDN,WZ_WORKERS_INJ_KILLED
2006053876,1201.0,1,0,0,0,0,0,0,0,0,4,0,,67,4,2006,7,39.9229,-75.1581,1201.0,6,0,0,0,1,0,0,0,0,,0,0,0,12,1,1,1,,0.0,39 55:22.000,,0,75 09:29.326,4,0,0,0,67301,0,0,0,N,0,0,0,2,67301,1,,1,1,,N,N,,0,,0,0,0,3,2,,1201,1,2,0,0,1,0,0,3,4,0,2,3,,N,,,,,,,,,,,
2006094908,1240.0,1,0,0,0,0,0,0,0,0,0,0,,67,8,2006,6,40.0083,-75.0705,1235.0,6,0,0,0,0,0,0,0,0,,0,0,0,12,1,1,0,,0.0,40 00:28.000,,0,75 04:16.723,4,0,0,0,67301,0,0,0,N,0,0,0,2,67301,1,,1,1,,N,N,,0,,0,0,0,0,0,,1233,1,1,0,0,1,0,0,3,4,0,1,3,,N,,,,,,,,,,,
2006055901,1230.0,1,0,0,0,0,0,0,0,0,6,0,,67,4,2006,7,40.004,-75.1241,1230.0,6,0,1,0,0,0,0,0,0,2.0,0,0,0,12,1,1,0,,1.0,40 00:14.400,2.0,0,75 07:26.760,8,0,0,0,67301,0,0,0,N,0,0,0,4,67301,0,,1,1,,N,N,,0,,0,0,0,3,3,N,1228,1,2,0,0,0,1,0,3,4,1,2,3,,N,,,,,,,,,,,
2006055904,620.0,1,0,0,0,0,0,0,0,0,1,0,,67,4,2006,1,39.9916,-75.1362,620.0,6,0,0,0,0,0,2,0,0,,0,0,0,6,1,0,1,,0.0,39 59:29.000,,0,75 08:10.419,0,0,0,0,67301,0,0,0,N,0,0,0,3,67301,0,,1,9,,N,N,,0,,0,0,0,3,2,,610,0,2,0,0,0,0,0,3,4,1,2,7,,N,,,,,,,,,,,
2006055909,905.0,2,0,0,0,0,0,0,0,0,4,0,,67,3,2006,4,40.0321,-75.1461,857.0,6,0,0,0,0,0,0,0,0,,0,0,0,8,1,1,1,,0.0,40 01:55.000,,0,75 08:46.351,8,0,0,0,67301,0,0,0,N,0,0,0,3,67301,0,,1,1,,N,N,,0,,0,0,0,3,2,,857,1,2,0,0,0,1,2,3,4,0,2,3,,N,,,,,,,,,,,
2006055924,1445.0,1,0,0,0,0,0,0,0,0,4,0,,67,3,2006,6,40.0428,-75.1553,1442.0,6,0,0,0,0,0,1,1,0,,0,0,0,14,1,2,1,,0.0,40 02:33.990,,0,75 09:18.928,8,0,0,0,67301,0,0,0,N,0,0,0,3,67301,0,,1,1,,N,N,,0,,0,0,1,3,3,,1442,2,2,0,0,0,2,0,3,4,0,2,3,,N,,,,,,,,,,,
2006019769,339.0,0,0,0,0,0,0,0,0,0,7,0,,67,1,2006,2,40.0496,-75.0956,334.0,6,0,0,0,0,0,0,0,0,,0,0,0,3,3,1,1,,0.0,40 02:58.000,,0,75 05:44.347,8,0,0,0,67301,0,0,0,N,0,0,0,1,67301,0,,5,9,,N,N,,0,,0,0,1,3,2,,330,1,1,0,0,0,1,0,3,4,0,1,7,,N,,,,,,,,,,,
2006092601,1740.0,1,0,0,0,0,0,0,0,0,8,0,,67,8,2006,3,,,1734.0,6,0,0,0,0,0,1,0,0,,0,0,0,17,1,1,0,,0.0,,,0,,4,0,0,0,67301,1,0,0,N,1,0,0,2,67301,1,,1,1,,N,N,,0,,0,0,0,0,0,,1710,1,2,0,0,0,0,0,3,3,0,1,3,,N,,,,,,,,,,,
2006056002,1510.0,1,0,0,0,0,0,0,0,0,8,0,,67,5,2006,3,39.9997,-75.2101,1500.0,6,0,0,0,0,0,0,0,0,,0,0,0,99,1,1,0,,0.0,39 59:59.046,,0,75 12:36.187,3,0,0,0,67301,1,0,0,,1,0,0,2,67301,0,,1,1,,,,,0,,1,0,0,0,0,,9999,1,2,0,0,0,0,0,3,4,0,1,3,,N,,,,,,,,,,,
2006056102,835.0,1,0,0,0,0,0,1,0,0,4,1,,67,4,2006,5,40.0238,-75.1337,822.0,6,0,0,0,0,0,1,0,0,,0,0,0,8,1,4,1,,0.0,40 01:25.680,,0,75 08:01.320,4,0,0,0,67301,0,0,0,N,0,0,0,6,67301,4,,1,1,,N,N,,0,,0,0,0,3,2,,815,4,2,0,0,0,0,0,3,4,0,2,3,,N,,,,,,,,,,,
2006056240,831.0,1,0,0,1,0,0,0,0,0,4,0,,67,4,2006,6,39.9545,-75.1931,824.0,6,0,0,0,0,0,0,0,0,,0,0,0,8,1,1,0,,0.0,39 57:16.000,,0,75 11:35.010,4,0,0,0,67301,1,0,0,N,0,0,0,3,67301,1,,1,1,,N,N,,0,,0,0,0,2,2,,820,1,2,0,0,0,0,0,3,4,0,1,3,,N,,,,,,,,,,,
2006056161,2206.0,2,0,0,0,0,0,0,0,0,4,0,,67,3,2006,5,39.8898,-75.2338,2152.0,6,0,0,0,0,0,1,0,0,,0,0,0,21,3,2,1,,0.0,39 53:23.198,,0,75 14:01.809,3,0,0,0,67301,0,0,0,N,0,0,0,2,67301,0,,1,1,,N,N,,0,,2,0,0,3,2,,2137,2,2,0,0,1,0,0,3,4,0,2,3,,N,,,,,,,,,,,
2006056372,242.0,2,0,1,0,0,0,0,0,0,4,0,,67,1,2006,7,40.0461,-75.2178,240.0,6,0,0,0,0,0,0,0,0,,0,0,0,2,3,1,1,,0.0,40 02:46.000,,0,75 13:04.095,2,0,0,0,67301,0,0,0,N,0,0,0,2,67301,0,,1,9,,N,N,,0,,0,1,0,3,2,,239,1,2,0,0,0,0,0,3,4,0,2,7,,N,,,,,,,,,,,
2006056391,958.0,2,0,0,0,0,0,0,0,0,4,0,,67,3,2006,2,39.963,-75.1584,953.0,6,0,0,0,0,0,1,1,0,,0,0,0,9,1,1,2,,0.0,39 57:47.000,,0,75 09:29.799,3,0,0,0,67301,0,0,0,N,0,0,0,3,67301,0,,1,1,,N,N,,0,,1,0,0,3,3,,948,1,2,0,0,0,0,0,3,4,0,2,3,,N,,,,,,,,,,,
2006056405,1630.0,1,0,0,0,0,0,0,0,0,8,0,,67,3,2006,7,39.9614,-75.1482,1625.0,6,0,0,0,0,0,0,0,0,,0,0,0,16,1,1,1,,0.0,39 57:40.000,,0,75 08:53.647,8,0,0,0,67301,1,0,0,N,1,0,0,2,67301,0,,1,1,,N,N,,0,,0,0,0,3,2,,1615,1,2,0,0,0,1,1,3,4,0,1,3,,N,,,,,,,,,,,
2006053889,2057.0,1,0,0,0,0,0,0,0,0,4,0,,67,4,2006,3,40.054,-75.0489,2053.0,6,0,0,0,0,0,0,0,0,,0,0,0,20,3,1,1,,0.0,40 03:14.000,,0,75 02:56.032,8,0,0,0,67301,0,0,0,N,0,0,0,5,67301,0,,1,1,,N,N,,0,,0,0,0,3,2,,2050,1,2,0,0,0,1,0,3,4,1,2,3,,N,,,,,,,,,,,
2006092887,1527.0,2,0,0,0,0,0,0,0,0,4,0,,67,8,2006,3,,,1517.0,6,0,0,0,0,0,1,0,0,,0,0,0,14,1,1,1,,0.0,,,0,,4,0,0,0,67301,0,0,0,N,0,0,0,3,67301,1,,1,1,,N,N,,0,,0,0,0,3,2,,1444,1,2,0,0,0,0,0,3,3,0,2,3,,N,,,,,,,,,,,
2006092904,1442.0,1,0,0,0,0,0,1,0,0,5,1,,67,8,2006,3,40.0715,-75.0374,1433.0,6,0,0,0,0,0,0,0,0,1.0,0,0,0,99,1,1,0,,1.0,40 04:16.000,1.0,0,75 02:14.444,4,0,0,0,67301,0,0,0,N,0,0,0,4,67301,1,,1,1,,Y,N,,0,,0,0,0,0,0,N,9999,1,2,0,0,0,0,3,3,4,0,2,3,,N,,,,,,,,,,,
2006081028,1619.0,2,0,0,0,0,0,0,0,0,1,0,,67,5,2006,4,39.9857,-75.2081,1612.0,6,0,0,0,0,0,0,1,0,1.0,0,0,0,16,1,1,0,,1.0,39 59:12.000,4.0,0,75 12:27.411,4,0,0,0,67301,0,0,0,N,0,0,0,2,67301,1,,1,1,,N,N,,0,,0,0,0,0,0,N,1610,1,2,0,0,0,0,0,3,4,0,2,3,,N,,,,,,,,,,,
2006081160,205.0,2,0,0,0,0,0,0,0,0,1,0,,67,7,2006,7,40.0673,-75.0282,200.0,6,0,0,0,0,0,1,0,0,,0,0,0,1,3,4,2,,0.0,40 04:01.920,,0,75 01:41.160,8,0,0,0,67301,0,0,0,N,0,0,0,5,67301,0,,1,1,,N,N,,0,,0,0,0,3,2,,150,4,2,0,0,1,4,0,3,4,0,2,3,,N,,,,,,,,,,,
2006081533,1415.0,1,0,0,0,0,0,1,0,0,5,1,,67,6,2006,3,40.0086,-75.2108,1352.0,6,0,0,0,0,0,1,0,0,,0,0,0,13,1,4,1,,0.0,40 00:30.600,,0,75 12:39.960,4,0,0,0,67301,0,0,0,N,0,0,0,7,67301,4,,1,1,,N,N,,0,,0,0,0,9,2,,1300,4,2,0,0,0,0,0,3,4,0,2,3,,N,,,,,,,,,,,
2006081415,1925.0,2,0,0,0,0,0,0,0,0,2,0,,67,6,2006,3,40.0026,-75.1244,1925.0,6,0,0,0,0,0,0,0,0,1.0,0,0,0,19,1,1,1,,1.0,40 00:09.000,1.0,0,75 07:28.048,4,0,0,0,67301,0,0,0,N,0,0,0,3,67301,1,,1,1,,N,N,,0,,0,0,0,2,2,N,1920,1,2,0,0,0,0,0,3,4,0,2,3,,N,,,,,,,,,,,
2006081450,548.0,1,0,0,0,0,0,0,0,0,1,0,,67,5,2006,1,,,548.0,6,0,0,0,0,0,0,0,0,,0,0,0,5,6,0,0,,0.0,,,0,,9,0,0,0,67301,0,0,0,N,0,0,0,1,67301,0,,6,1,,N,N,,0,,0,0,1,0,0,,548,0,2,0,0,0,0,1,3,3,0,2,3,,N,,,,,,,,,,,
2006081473,1415.0,2,0,0,0,0,0,0,0,0,1,0,,67,5,2006,2,,,1404.0,6,0,0,0,0,0,1,0,1,1.0,0,0,0,14,1,2,0,,1.0,,4.0,0,,4,0,0,0,67301,0,0,0,N,0,0,0,3,67301,2,,1,1,,N,N,,0,,0,0,0,0,0,N,1403,2,2,0,0,0,0,0,3,3,0,2,3,,N,,,,,,,,,,,
2006081647,2022.0,1,0,0,0,0,0,0,0,0,8,0,,67,5,2006,2,,,2018.0,6,0,0,0,0,0,0,0,0,,0,0,0,20,4,1,0,,0.0,,,0,,4,0,0,0,67301,1,0,0,N,1,0,0,2,67301,1,,1,1,,N,N,,0,,0,0,0,0,0,,2017,1,2,0,0,0,0,0,3,3,0,1,3,,N,,,,,,,,,,,
2006113276,705.0,2,0,0,0,0,0,0,0,0,1,0,,67,10,2006,7,39.8857,-75.2082,700.0,6,0,0,1,0,0,0,0,0,1.0,0,0,0,7,1,0,0,,2.0,39 53:33.887,1.0,3,75 11:49.283,0,0,0,0,67301,0,0,0,N,0,0,0,3,67301,0,,1,1,,N,N,,0,,0,0,0,0,0,N,700,0,2,0,0,0,0,0,3,4,0,2,3,,N,,,,,,,,,,,
2006115877,1801.0,1,0,0,0,0,0,0,0,0,8,0,,67,9,2006,4,39.9716,-75.1602,1753.0,6,0,0,0,0,0,0,0,0,,0,0,0,99,1,1,1,,0.0,39 58:17.000,,0,75 09:36.860,3,0,0,0,67301,1,0,0,N,1,0,0,2,67301,0,,1,1,,N,N,,0,,1,0,0,0,0,,9999,1,2,0,0,0,0,0,3,4,0,1,3,,N,,,,,,,,,,,
2006105812,1020.0,1,0,0,0,0,0,1,0,0,5,1,,67,9,2006,2,39.9255,-75.1881,1011.0,6,0,0,0,0,0,0,0,0,3.0,0,0,0,99,1,4,2,,1.0,39 55:31.701,1.0,0,75 11:16.994,8,0,0,0,67301,0,0,0,N,0,0,0,5,67301,0,,1,1,,N,N,,0,,0,0,0,3,2,Y,9999,4,2,0,0,0,4,0,3,4,0,2,3,,N,,,,,,,,,,,
2006113409,759.0,1,0,0,0,0,0,0,0,0,4,0,,67,9,2006,3,40.0407,-75.0882,753.0,6,0,0,0,0,0,0,0,0,,0,0,0,20,3,1,0,,0.0,40 02:26.631,,0,75 05:17.412,4,0,0,0,67301,0,0,0,N,0,0,0,1,67301,1,,5,1,,N,N,,0,,0,0,0,0,0,,2040,1,2,0,0,0,0,0,3,4,0,2,3,,N,,,,,,,,,,,
2006116065,1832.0,0,0,0,0,0,0,1,0,0,8,1,,67,9,2006,6,40.0533,-75.1393,831.0,6,0,0,0,0,0,0,0,0,,0,0,0,8,1,1,1,,0.0,40 03:11.936,,0,75 08:21.621,8,0,0,0,67301,1,0,0,N,1,0,0,3,67301,0,,1,1,,N,N,,0,,0,0,0,3,3,,830,1,2,0,0,0,1,0,3,4,0,1,3,,N,,,,,,,,,,,
2006105863,2128.0,1,0,0,0,0,0,0,0,0,8,0,,67,9,2006,5,39.9582,-75.1699,2125.0,6,0,0,0,0,0,1,0,0,,0,0,0,21,3,1,5,,0.0,39 57:32.495,,0,75 10:19.021,8,0,0,0,67301,1,0,0,,1,0,0,2,67301,0,,1,9,,,,,0,,0,0,0,9,2,,2122,1,2,0,0,0,1,0,3,4,0,1,7,,N,,,,,,,,,,,
2006113477,2358.0,1,0,0,0,0,0,0,0,0,1,0,,67,10,2006,6,39.9091,-75.2332,2353.0,6,0,0,0,0,0,0,0,0,,0,0,0,23,3,1,2,,0.0,39 54:32.832,,0,75 13:59.411,8,0,0,0,67301,0,0,0,N,0,0,0,2,67301,0,,1,1,,N,N,,0,,0,0,1,9,2,,2300,1,2,0,0,0,1,0,3,4,0,2,3,,N,,,,,,,,,,,
2006025529,1520.0,2,0,0,0,0,0,0,0,0,1,0,,67,1,2006,6,40.0245,-75.1317,1515.0,6,0,0,0,0,0,0,0,0,,0,0,0,15,1,1,0,,0.0,40 01:27.840,,0,75 07:55.200,4,0,0,0,67301,0,0,0,N,0,0,0,2,67301,1,,1,1,,N,N,,0,,0,0,0,3,2,,1515,1,2,0,0,0,0,0,3,4,0,2,3,,N,,,,,,,,,,,
2006025546,1935.0,2,0,0,0,0,0,0,0,0,1,0,,67,1,2006,3,40.0444,-75.1436,1930.0,6,0,0,0,0,0,0,0,0,,0,0,0,19,3,1,0,,0.0,40 02:39.967,,0,75 08:36.780,8,0,0,0,67301,0,0,0,,0,0,0,2,67301,0,,1,9,,N,N,,0,,0,0,0,0,0,,1920,1,3,0,0,1,1,0,3,4,0,3,7,,N,,,,,,,,,,,
2006093081,1311.0,1,0,0,0,0,0,0,0,0,1,0,,67,8,2006,7,39.9927,-75.1203,1310.0,6,0,0,0,0,0,0,0,0,,0,0,0,12,1,1,1,,0.0,39 59:33.831,,0,75 07:13.101,4,0,0,0,67301,0,0,0,N,0,0,0,2,67301,1,,1,1,,N,N,,1,,0,0,0,3,2,,1245,1,2,0,0,1,0,0,3,4,0,2,3,,N,,,,,,,,,,,
2006054062,415.0,1,0,0,0,0,0,0,0,0,4,0,,67,4,2006,7,40.0252,-75.1254,407.0,6,0,0,0,0,0,0,0,0,,0,0,0,2,3,4,5,,0.0,40 01:32.000,,0,75 07:31.662,4,0,0,0,67301,0,0,0,N,0,0,0,4,67301,1,,1,1,,N,N,,0,,0,0,1,3,2,,200,4,2,0,0,0,3,0,3,4,0,2,3,,N,,,,,,,,,,,
2006036875,1225.0,0,0,0,0,0,0,0,0,0,8,0,,67,2,2006,5,39.9964,-75.1135,1225.0,6,0,0,0,0,0,0,0,0,,0,0,0,12,1,1,5,,0.0,39 59:47.000,,0,75 06:48.513,4,0,0,0,67301,1,0,0,N,1,0,0,2,67301,1,,1,1,,N,N,,1,,0,0,0,3,2,,1225,1,2,0,0,1,0,0,3,4,0,1,3,,N,,,,,,,,,,,
2006036879,917.0,3,0,0,0,0,0,0,0,0,5,0,,67,2,2006,6,,,911.0,6,0,0,0,1,0,0,0,0,,0,0,0,9,1,1,1,,0.0,,,0,,8,0,0,0,67301,0,0,0,,0,0,0,2,67301,0,,1,9,,N,N,,0,,0,0,0,0,0,,905,1,3,0,0,0,1,0,3,3,0,3,7,,N,,,,,,,,,,,
2006034664,1405.0,2,0,0,0,0,0,0,0,0,4,0,,67,2,2006,5,39.9934,-75.097,1400.0,6,0,0,0,1,0,0,0,0,,0,0,0,14,1,3,1,,0.0,39 59:36.000,,0,75 05:49.505,4,0,0,0,67301,0,0,0,N,0,0,0,3,67301,3,,1,9,,N,N,,0,,0,0,0,3,2,,1400,3,2,0,0,0,0,0,3,4,0,2,7,,N,,,,,,,,,,,
2006037175,1925.0,2,0,0,0,0,0,0,0,0,6,0,,67,3,2006,6,,,1921.0,6,0,0,0,0,0,1,0,0,,0,0,0,99,1,0,1,,0.0,,,0,,0,0,0,0,67301,0,0,0,N,0,0,0,3,67301,0,,1,2,,N,N,,0,,0,0,0,9,3,,9999,0,2,0,0,0,0,0,3,3,0,2,98,,N,,,,,,,,,,,
2006022172,1548.0,1,0,0,0,0,0,0,0,0,8,0,,67,1,2006,5,39.9903,-75.1847,1547.0,6,0,0,0,0,0,0,0,0,,0,0,0,15,1,1,0,,0.0,39 59:25.080,,0,75 11:04.920,4,0,0,0,67301,1,0,0,N,1,0,0,3,67301,1,,1,1,,N,Y,,0,,0,0,0,0,0,,1520,1,2,0,0,0,0,2,3,4,0,1,3,,N,,,,,,,,,,,
2006021248,1953.0,3,0,0,0,0,0,0,0,0,4,0,,67,1,2006,3,40.0854,-75.0374,1949.0,6,0,0,0,0,0,0,0,0,2.0,0,0,0,19,3,1,1,,1.0,40 05:07.000,2.0,0,75 02:14.803,4,0,0,0,67301,0,0,0,,0,0,0,3,67301,1,,1,1,,N,N,,0,,0,0,0,3,2,N,1948,1,3,0,0,0,0,0,3,4,0,3,3,,N,,,,,,,,,,,
2006021358,2009.0,2,0,0,0,0,0,0,0,0,5,0,,67,1,2006,5,,,2004.0,6,0,0,0,0,0,0,0,0,,0,0,0,20,3,1,0,,0.0,,,0,,8,0,0,0,67301,0,0,0,N,0,0,0,3,67301,0,,1,1,,N,N,,0,,0,0,0,3,2,,2000,1,2,0,0,0,1,1,3,3,0,2,3,,N,,,,,,,,,,,
2006018825,815.0,2,0,0,0,0,0,0,0,0,4,0,,67,1,2006,7,39.9912,-75.1329,806.0,6,0,0,0,0,0,0,0,0,,0,0,0,7,1,1,1,,0.0,39 59:28.000,,0,75 07:58.684,4,0,0,0,67301,0,0,0,N,0,0,0,4,67301,1,,1,9,,N,N,,0,,0,0,0,2,2,,755,1,2,0,0,0,0,1,3,4,0,2,7,,N,,,,,,,,,,,
2006047973,1129.0,1,0,0,0,0,0,1,0,0,2,1,,67,1,2006,4,40.037,-75.1649,1128.0,6,0,0,0,0,0,1,0,0,3.0,1,0,0,11,1,5,0,,2.0,40 02:13.088,5.0,0,75 09:53.776,1,0,0,0,67301,0,0,0,,0,0,0,7,67301,5,2.0,1,1,,N,N,,0,0.0,0,0,0,0,0,Y,1128,5,2,0,0,0,0,0,3,4,0,2,3,,N,,,,,,,,,,,
2006053768,1620.0,0,0,0,0,0,0,0,0,0,8,0,,67,4,2006,5,,,1605.0,6,0,0,0,0,0,1,0,0,,0,0,0,15,1,1,1,,0.0,,,0,,4,0,0,0,67301,1,0,0,N,1,0,0,2,67301,1,,1,1,,N,N,,0,,0,0,0,0,0,,1513,1,2,0,0,0,0,0,3,3,1,1,3,,N,,,,,,,,,,,
2006053770,9999.0,1,0,0,0,0,0,0,0,0,8,0,,67,4,2006,4,40.0003,-75.1186,830.0,6,0,0,0,0,0,0,0,0,,0,0,0,16,1,1,0,,0.0,40 00:01.177,,0,75 07:06.891,3,0,0,0,67301,1,0,0,N,1,0,0,2,67301,0,,1,1,,N,N,,0,,1,0,0,0,0,,1600,1,2,0,0,0,0,0,3,4,0,1,99,,N,,,,,,,,,,,
2006053771,1425.0,2,0,0,0,0,0,0,0,0,1,0,,67,4,2006,1,40.1214,-75.0118,1424.0,6,0,0,1,0,0,0,1,0,1.0,0,0,0,14,1,2,0,,2.0,40 07:17.151,4.0,0,75 00:42.447,4,0,0,0,67301,0,0,0,N,0,0,0,4,67301,2,,1,1,,N,N,,0,,0,0,0,0,0,Y,1422,2,3,0,0,0,0,0,3,4,0,2,3,,N,,,,,,,,,,,
2006020526,230.0,1,0,0,0,0,0,0,0,0,4,0,,67,1,2006,2,,,239.0,6,0,0,0,0,0,0,0,0,,0,0,0,99,3,0,1,,0.0,,,0,,0,0,0,0,67301,0,0,0,N,0,0,0,3,67301,0,,1,1,,N,N,,0,,0,0,1,2,3,,9999,0,2,0,0,0,0,0,3,3,0,2,3,,N,,,,,,,,,,,
2006022083,1753.0,2,0,0,0,0,0,0,0,0,4,0,,67,1,2006,4,40.0115,-75.0698,1749.0,6,0,0,0,0,0,0,0,0,1.0,0,0,0,17,3,3,1,,1.0,40 00:42.000,6.0,0,75 04:11.470,4,0,0,0,67301,0,0,0,N,0,0,0,3,67301,2,,1,1,,N,N,,0,,0,0,0,3,2,Y,1748,3,2,0,0,0,1,0,3,4,0,2,3,,N,,,,,,,,,,,
2006094883,1930.0,0,0,0,0,0,0,0,0,0,0,0,,67,7,2006,1,40.0086,-75.0688,1925.0,6,0,0,0,0,0,0,0,0,,0,0,0,19,1,1,0,,0.0,40 00:31.050,,0,75 04:07.681,8,0,0,1,67301,0,0,0,N,0,0,0,1,67301,0,,1,1,,N,N,,0,,0,0,0,0,0,,1915,1,1,0,0,0,1,0,3,4,0,1,3,,N,,,,,,,,,,,
2006094896,1825.0,2,0,0,0,0,0,0,0,0,4,0,,67,7,2006,7,40.012,-75.1365,1825.0,6,0,0,1,0,0,0,0,0,,0,1,0,18,1,1,1,,0.0,40 00:43.344,,0,75 08:11.385,8,0,0,0,67301,0,0,0,N,0,0,0,3,67301,0,,1,1,,N,N,,0,,0,0,0,3,3,,1825,1,4,0,0,1,1,0,3,4,1,4,3,,N,,,,,,,,,,,
2006094954,1720.0,0,0,0,0,0,0,0,0,0,1,0,,67,7,2006,7,,,1713.0,6,0,0,0,0,0,2,0,0,,0,0,0,14,1,2,0,,0.0,,,0,,4,0,0,0,67301,0,0,0,N,0,0,0,2,67301,1,,1,1,,N,N,,1,,0,0,1,0,0,,1429,2,2,0,0,0,1,0,3,3,0,2,3,,N,,,,,,,,,,,
2006019773,1211.0,2,0,0,0,0,0,0,0,0,4,0,,67,1,2006,7,40.1101,-75.0271,1204.0,6,0,0,0,0,1,0,0,0,,0,0,0,12,1,2,0,,0.0,40 06:36.446,,7,75 01:37.380,4,0,0,0,67301,0,0,0,,0,0,0,2,67301,2,,1,1,,N,N,,0,,0,0,0,0,0,,1202,2,2,0,0,0,0,0,3,4,0,2,3,,N,,,,,,,,,,,
2006019774,1802.0,2,0,0,0,0,0,0,0,0,1,0,,67,1,2006,4,40.0758,-75.0334,1752.0,6,0,0,0,0,0,0,0,0,,0,0,0,17,2,1,8,,0.0,40 04:32.160,,6,75 01:59.880,4,0,0,0,67301,0,0,0,,0,0,0,3,67301,1,,1,1,,N,N,,0,,0,0,0,0,0,,1752,1,2,0,0,0,0,0,3,4,0,2,3,,N,,,,,,,,,,,
2006094992,1406.0,1,0,0,1,0,0,0,0,0,4,0,,67,7,2006,2,,,1403.0,6,0,0,0,0,0,1,0,0,,0,0,0,20,3,1,2,,0.0,,,0,,4,0,0,0,67301,1,0,0,N,0,0,0,2,67301,1,,1,1,,N,N,,0,,0,0,0,3,3,,2020,1,2,0,0,0,0,0,3,3,0,1,99,,N,,,,,,,,,,,
2006056060,2141.0,2,0,0,0,0,0,0,0,0,6,0,,67,3,2006,6,40.0016,-75.1528,2137.0,6,0,0,0,0,0,1,0,0,1.0,0,0,0,21,3,3,1,,1.0,40 00:06.000,2.0,0,75 09:10.512,4,0,0,0,67301,0,0,0,,0,0,0,3,67301,2,,1,1,,,,,0,,0,0,0,3,2,N,2135,3,2,0,0,0,1,0,3,4,0,2,3,,N,,,,,,,,,,,
2006053895,1009.0,1,0,0,0,0,0,0,0,0,7,0,,67,4,2006,3,40.0572,-75.0467,1009.0,6,0,0,0,0,0,0,0,0,1.0,0,0,0,10,1,1,0,,1.0,40 03:25.560,2.0,1,75 02:48.120,8,0,0,0,67301,0,0,0,N,0,0,0,1,67301,0,,2,1,,N,N,,0,,0,0,0,0,0,N,1009,1,1,0,0,0,1,0,3,4,0,1,3,,N,,,,,,,,,,,
2006053899,1705.0,1,0,0,0,0,0,0,0,0,8,0,,67,4,2006,1,39.9381,-75.1767,1702.0,6,0,0,0,0,0,0,1,0,,0,0,0,17,1,1,0,,0.0,39 56:17.034,,0,75 10:36.249,8,0,0,0,67301,1,0,0,,1,0,0,2,67301,0,,1,1,,N,N,,0,,0,0,0,0,0,,1701,1,2,0,0,0,1,0,3,4,0,1,3,,N,,,,,,,,,,,
2006053960,1151.0,1,0,0,0,0,0,0,0,0,7,0,,67,4,2006,7,39.9814,-75.207,1150.0,6,0,0,0,0,0,0,0,0,1.0,0,0,0,11,1,1,0,,1.0,39 58:56.280,4.0,0,75 12:28.080,8,0,0,0,67301,0,0,0,Y,0,0,0,1,67301,0,,2,9,,N,N,,0,,0,0,0,0,0,N,1148,1,1,0,0,0,1,0,3,4,0,1,7,,N,,,,,,,,,,,