CRN,ARRIVAL_TM,AUTOMOBILE_COUNT,BELTED_DEATH_COUNT,BELTED_SUSP_SERIOUS_INJ_COUNT,BICYCLE_COUNT,BICYCLE_DEATH_COUNT,BICYCLE_SUSP_SERIOUS_INJ_COUNT,BUS_COUNT,CHLDPAS_DEATH_COUNT,CHLDPAS_SUSP_SERIOUS_INJ_COUNT,COLLISION_TYPE,COMM_VEH_COUNT,CONS_ZONE_SPD_LIM,COUNTY,CRASH_MONTH,CRASH_YEAR,DAY_OF_WEEK,DEC_LAT,DEC_LONG,DISPATCH_TM,DISTRICT,DRIVER_COUNT_16YR,DRIVER_COUNT_17YR,DRIVER_COUNT_18YR,DRIVER_COUNT_19YR,DRIVER_COUNT_20YR,DRIVER_COUNT_50_64YR,DRIVER_COUNT_65_74YR,DRIVER_COUNT_75PLUS,EST_HRS_CLOSED,FATAL_COUNT,HEAVY_TRUCK_COUNT,HORSE_BUGGY_COUNT,HOUR_OF_DAY,ILLUMINATION,INJURY_COUNT,INTERSECT_TYPE,INTERSECTION_RELATED,LANE_CLOSED,LATITUDE,LN_CLOSE_DIR,LOCATION_TYPE,LONGITUDE,MAX_SEVERITY_LEVEL,MCYCLE_DEATH_COUNT,MCYCLE_SUSP_SERIOUS_INJ_COUNT,MOTORCYCLE_COUNT,MUNICIPALITY,NONMOTR_COUNT,NONMOTR_DEATH_COUNT,NONMOTR_SUSP_SERIOUS_INJ_COUNT,NTFY_HIWY_MAINT,PED_COUNT,PED_DEATH_COUNT,PED_SUSP_SERIOUS_INJ_COUNT,PERSON_COUNT,POLICE_AGCY,POSSIBLE_INJ_COUNT,RDWY_SURF_TYPE_CD,RELATION_TO_ROAD,ROAD_CONDITION,ROADWAY_CLEARED,SCH_BUS_IND,SCH_ZONE_IND,SECONDARY_CRASH,SMALL_TRUCK_COUNT,SPEC_JURIS_CD,SUSP_MINOR_INJ_COUNT,SUSP_SERIOUS_INJ_COUNT,SUV_COUNT,TCD_FUNC_CD,TCD_TYPE,TFC_DETOUR_IND,TIME_OF_DAY,TOT_INJ_COUNT,TOTAL_UNITS,UNB_DEATH_COUNT,UNB_SUSP_SERIOUS_INJ_COUNT,UNBELTED_OCC_COUNT,UNK_INJ_DEG_COUNT,UNK_INJ_PER_COUNT,URBAN_AREA,URBAN_RURAL,VAN_COUNT,VEHICLE_COUNT,WEATHER1,WEATHER2,WORK_ZONE_IND,WORK_ZONE_LOC,WORK_ZONE_TYPE,WORKERS_PRES,WZ_CLOSE_DETOUR,WZ_FLAGGER,WZ_LAW_OFFCR_IND,WZ_LN_CLOSURE,WZ_MOVING,WZ_OTHER,WZ_SHLDER_MDN,WZ_WORKERS_INJ_KILLED
2006092922,1053.0,2,0,0,0,0,0,0,0,0,6,0,,67,8,2006,3,39.9613,-75.2471,1049.0,6,0,0,0,0,0,2,0,0,,0,0,0,10,1,2,2,,0.0,39 57:34.000,,7,75 14:50.863,8,0,0,0,67301,0,0,0,N,0,0,0,4,67301,0,,1,1,,N,N,,0,,0,0,0,9,2,,1045,2,3,0,0,0,2,0,3,4,1,3,3,,N,,,,,,,,,,,
2006081445,2324.0,4,0,0,0,0,0,0,0,0,1,0,,67,5,2006,6,40.0085,-75.2107,2319.0,6,0,0,0,0,1,0,0,0,,0,0,0,22,3,4,1,,0.0,40 00:30.000,,0,75 12:38.490,4,0,0,0,67301,0,0,0,N,0,0,0,8,67301,4,,1,1,,N,N,,0,,0,0,0,0,0,,2230,4,4,0,0,0,0,1,3,4,0,4,3,,N,,,,,,,,,,,
2006081458,440.0,1,0,0,0,0,0,0,0,0,7,0,,67,7,2006,5,40.0428,-75.1934,435.0,6,0,0,0,0,0,0,0,0,9.0,0,0,0,4,3,1,0,,2.0,40 02:34.002,5.0,0,75 11:36.368,4,0,0,0,67301,0,0,0,N,0,0,0,1,67301,1,,4,9,,N,N,,0,,0,0,0,0,0,Y,430,1,1,0,0,0,0,0,3,4,0,1,3,,N,,,,,,,,,,,
2006081605,1400.0,0,0,0,0,0,0,0,0,0,2,0,,67,7,2006,6,40.0018,-75.1547,1354.0,6,0,0,0,0,1,0,0,0,,0,0,0,13,1,1,0,,0.0,40 00:06.576,,0,75 09:16.896,8,0,0,0,67301,1,0,0,N,0,0,0,2,67301,0,,1,1,,N,N,,0,,0,0,1,0,0,,1345,1,2,0,0,1,1,0,3,4,1,2,3,,N,,,,,,,,,,,
2006113224,926.0,1,0,0,0,0,0,0,0,0,8,0,,67,9,2006,3,39.9508,-75.1951,926.0,6,0,0,0,0,0,0,0,0,,0,0,0,9,1,1,1,,0.0,39 57:02.701,,0,75 11:42.354,8,0,0,0,67301,1,0,0,N,1,0,0,2,67504,0,,1,1,,N,N,,0,,0,0,0,3,2,,925,1,2,0,0,0,1,0,3,4,0,1,3,,N,,,,,,,,,,,
2006115829,1330.0,2,0,0,0,0,0,0,0,0,4,0,,67,10,2006,7,40.0071,-75.094,1326.0,6,0,0,0,0,0,0,0,0,,0,0,0,13,1,2,1,,0.0,40 00:25.549,,0,75 05:38.543,3,0,0,0,67301,0,0,0,N,0,0,0,3,67301,1,,1,9,,N,N,,0,,1,0,0,3,2,,1322,2,2,0,0,0,0,1,3,4,0,2,3,,N,,,,,,,,,,,
2006113321,705.0,2,0,0,0,0,0,0,0,0,1,0,,67,10,2006,2,40.0196,-75.1474,648.0,6,0,0,0,0,0,0,0,0,2.0,0,0,0,6,1,0,0,,2.0,40 01:10.663,2.0,0,75 08:50.789,0,0,0,0,67301,0,0,0,N,0,0,0,2,67301,0,,1,1,,N,N,,0,,0,0,0,0,0,N,647,0,2,0,0,0,0,0,3,4,0,2,3,,N,,,,,,,,,,,
2006113335,9999.0,2,0,0,0,0,0,0,0,0,4,0,,67,9,2006,6,39.9879,-75.1558,1909.0,6,0,0,1,0,0,0,0,0,,0,0,0,99,4,2,1,,0.0,39 59:16.000,,0,75 09:20.996,4,0,0,0,67301,0,0,0,N,0,0,0,3,67301,2,,1,1,,N,N,,0,,0,0,0,9,2,,9999,2,2,0,0,2,0,1,3,4,0,2,3,,N,,,,,,,,,,,
2006113396,9999.0,3,0,0,0,0,0,0,0,0,1,0,,67,9,2006,5,40.0636,-75.1398,2148.0,6,0,0,0,0,0,0,0,0,,0,0,0,21,3,0,0,,0.0,40 03:48.913,,0,75 08:23.449,9,0,0,0,67301,0,0,0,N,0,0,0,5,67301,0,,1,9,,N,N,,0,,0,0,0,0,0,,2130,0,3,0,0,0,0,4,3,4,0,3,7,,N,,,,,,,,,,,
2006116072,1125.0,2,0,0,0,0,0,0,0,0,4,0,,67,9,2006,6,39.9579,-75.1641,1115.0,6,0,0,0,0,0,0,0,0,9.0,0,0,0,11,1,4,1,,1.0,39 57:27.000,3.0,0,75 09:50.847,4,0,0,0,67301,0,0,0,N,0,0,0,5,67301,4,,1,1,,N,N,,0,,0,0,0,2,2,N,1110,4,2,0,0,0,0,1,3,4,0,2,3,,N,,,,,,,,,,,
2006124197,9999.0,3,0,0,0,0,0,0,0,0,2,0,,67,10,2006,1,40.0436,-75.1734,44.0,6,0,0,0,0,0,1,0,0,3.0,0,0,0,1,3,3,1,,2.0,40 02:37.039,6.0,0,75 10:24.124,4,0,0,0,67301,0,0,0,N,0,0,0,4,67301,3,,1,1,,N,N,,0,,0,0,0,3,3,Y,100,3,3,0,0,0,0,0,3,4,0,3,3,,N,,,,,,,,,,,
2006025523,1137.0,0,0,0,0,0,0,0,0,0,7,0,,67,1,2006,3,,,1132.0,6,0,0,0,0,0,0,0,0,,0,0,0,11,1,0,0,,0.0,,,0,,0,0,0,0,67301,0,0,0,N,0,0,0,1,67301,0,,4,9,,N,N,,0,,0,0,1,0,0,,1127,0,1,0,0,0,0,0,3,3,0,1,7,,N,,,,,,,,,,,
2006038171,1640.0,1,0,0,0,0,0,0,0,0,2,0,,67,3,2006,3,40.0458,-75.0683,1633.0,6,0,0,0,0,0,0,0,1,1.0,0,0,0,16,1,1,1,,1.0,40 02:44.703,3.0,0,75 04:05.879,8,0,0,0,67301,0,0,0,N,0,0,0,2,67301,0,,1,1,,N,N,,0,,0,0,1,3,2,N,1624,1,2,0,0,0,1,0,3,4,0,2,3,,N,,,,,,,,,,,
2006054059,340.0,2,0,0,0,0,0,0,0,0,4,0,,67,4,2006,6,40.0384,-75.1419,334.0,6,0,0,0,0,1,0,0,0,,0,0,0,3,6,4,3,,0.0,40 02:18.000,,0,75 08:30.778,8,0,0,0,67301,0,0,0,N,0,0,0,4,67301,0,,1,9,,N,N,,0,,0,0,0,3,3,,330,4,2,0,0,1,4,0,3,4,0,2,7,,N,,,,,,,,,,,
2006036834,1859.0,3,0,0,0,0,0,0,0,0,2,0,,67,3,2006,6,,,1858.0,6,0,0,0,0,0,0,0,0,,0,0,0,99,3,5,0,,0.0,,,7,,4,0,0,0,67301,0,0,0,N,0,0,0,6,67301,5,,1,1,,N,N,,0,,0,0,0,0,0,,9999,5,3,0,0,0,0,0,3,3,0,3,3,,N,,,,,,,,,,,
2006036861,1555.0,2,0,0,0,0,0,0,0,0,6,0,,67,1,2006,5,39.9182,-75.1711,1543.0,6,0,0,0,0,0,1,0,0,,0,0,0,15,1,1,1,,0.0,39 55:05.000,,0,75 10:16.102,4,0,0,0,67301,0,0,0,,0,0,0,2,67301,1,,1,1,,N,N,,0,,0,0,0,9,2,,1518,1,2,0,0,0,0,0,3,4,0,2,3,,N,,,,,,,,,,,
2006036893,2048.0,2,0,0,0,0,0,0,0,0,1,0,,67,2,2006,1,40.12,-75.0093,2040.0,6,0,0,0,0,0,1,0,0,,0,0,0,20,3,1,0,,0.0,40 07:11.942,,0,75 00:33.580,8,0,0,0,67301,0,0,0,,0,0,0,4,67301,0,,1,1,,N,N,,0,,0,0,0,0,0,,2035,1,2,0,0,0,1,0,3,4,0,2,3,,N,,,,,,,,,,,
2006037198,2000.0,2,0,0,0,0,0,0,0,0,2,0,,67,2,2006,7,40.0407,-75.215,1956.0,6,0,0,0,0,0,0,0,0,2.0,0,0,0,19,3,5,0,,2.0,40 02:26.000,5.0,0,75 12:53.808,2,0,0,0,67301,0,0,0,,0,0,0,5,67301,0,,1,2,,,,,0,,3,2,0,0,0,Y,1950,5,2,0,0,0,0,0,3,4,0,2,10,,N,,,,,,,,,,,
2006037179,1740.0,1,0,0,0,0,0,0,0,0,7,0,,67,2,2006,5,,,1735.0,6,0,0,0,0,0,0,0,0,,0,0,0,17,1,0,0,,0.0,,,0,,0,0,0,0,67301,0,0,0,N,0,0,0,1,67301,0,,2,1,,N,N,,0,,0,0,0,0,0,,1735,0,1,0,0,0,0,0,3,3,0,1,3,,N,,,,,,,,,,,
2006034880,529.0,2,0,0,0,0,0,0,0,0,2,0,,67,1,2006,6,40.0641,-75.2396,527.0,6,0,0,0,0,0,0,0,0,,0,0,0,5,3,2,1,,0.0,40 03:50.000,,0,75 14:22.483,4,0,0,0,67301,0,0,0,N,0,0,0,2,67301,2,,1,1,,N,N,,0,,0,0,0,9,2,,527,2,2,0,0,0,0,0,3,4,0,2,3,,N,,,,,,,,,,,
2006022197,1650.0,2,0,0,0,0,0,0,0,0,2,0,,67,1,2006,4,40.047,-75.1429,1640.0,6,0,0,0,0,0,0,0,0,,0,0,0,99,1,3,0,,0.0,40 02:49.000,,0,75 08:34.536,4,0,0,0,67301,0,0,0,N,0,0,0,5,67301,2,,1,1,,N,N,,0,,0,0,0,0,0,,9999,3,2,0,0,0,1,0,3,4,0,2,3,,N,,,,,,,,,,,
2006021339,311.0,2,0,0,0,0,0,0,0,0,2,0,,67,1,2006,7,,,304.0,6,0,0,0,0,0,0,0,0,2.0,0,0,0,3,3,1,1,,2.0,,7.0,0,,4,0,0,0,67301,0,0,0,N,0,0,0,2,67301,1,,1,9,,N,N,,0,,0,0,0,9,3,Y,300,1,2,0,0,1,0,0,3,3,0,2,7,,N,,,,,,,,,,,
2006021344,2355.0,2,0,0,0,0,0,0,0,0,1,0,,67,1,2006,4,,,2350.0,6,0,0,0,1,0,1,0,0,1.0,0,0,0,99,3,0,0,,1.0,,2.0,0,,0,0,0,0,67301,0,0,0,N,0,0,0,3,67301,0,,1,1,,N,N,,0,,0,0,0,0,0,N,9999,0,2,0,0,2,0,0,3,3,0,2,3,,N,,,,,,,,,,,
2006021268,852.0,5,0,0,0,0,0,0,0,0,5,0,,67,1,2006,1,40.0014,-75.1459,851.0,6,0,0,0,0,0,0,0,0,,0,0,0,8,3,0,0,,0.0,40 00:05.092,,0,75 08:45.171,0,0,0,0,67301,0,0,0,,0,0,0,1,67301,0,,1,1,,N,N,,0,,0,0,0,0,0,,850,0,5,0,0,1,0,0,3,4,0,5,3,,N,,,,,,,,,,,
2006025414,9999.0,1,0,0,0,0,0,0,0,0,7,0,,67,1,2006,1,40.0767,-75.1762,310.0,6,0,0,0,0,0,0,0,0,,0,0,0,99,3,0,1,,0.0,40 04:36.212,,0,75 10:34.207,0,0,0,0,67301,0,0,0,N,0,0,0,1,67301,0,,5,1,,N,N,,0,,0,0,0,0,0,,9999,0,1,0,0,0,0,0,3,4,0,1,3,,N,,,,,,,,,,,
2006094942,1907.0,0,0,0,0,0,0,0,0,0,8,0,,67,8,2006,3,,,1903.0,6,0,0,0,0,0,0,0,0,,0,0,0,15,1,1,0,,0.0,,,0,,4,0,0,0,67301,1,0,0,N,1,0,0,2,67301,1,,1,9,,N,N,,0,,0,0,1,0,0,,1558,1,2,0,0,0,0,0,3,3,0,1,3,,N,,,,,,,,,,,
2006055900,9999.0,1,0,0,0,0,0,0,0,0,2,0,,67,3,2006,5,40.017,-75.1495,9999.0,6,0,0,0,0,0,0,0,0,,0,0,0,99,3,1,0,,0.0,40 01:01.000,,0,75 08:58.440,8,0,0,0,67301,0,0,0,N,0,0,0,2,67301,0,,1,1,,N,N,,1,,0,0,0,3,2,,9999,1,2,0,0,0,1,0,3,4,0,2,3,,N,,,,,,,,,,,
2006055929,825.0,1,0,0,0,0,0,0,0,0,8,0,,67,3,2006,3,,,819.0,6,0,0,0,0,0,1,0,0,,0,0,0,99,1,1,1,,0.0,,,0,,8,0,0,0,67301,1,0,0,N,1,0,0,2,67301,0,,1,1,,N,Y,,0,,0,0,0,3,3,,9999,1,2,0,0,0,1,0,3,3,0,1,3,,N,,,,,,,,,,,
2006094966,1348.0,1,0,0,0,0,0,0,0,0,4,0,,67,7,2006,2,39.9041,-75.2403,1345.0,6,0,0,0,0,1,0,0,0,,0,0,0,13,1,2,1,,0.0,39 54:14.619,,0,75 14:25.049,4,0,0,0,67301,0,0,0,N,0,0,0,4,67301,2,,1,1,,N,N,,1,,0,0,0,3,2,,1345,2,2,0,0,0,0,0,3,4,0,2,3,,N,,,,,,,,,,,
2006055930,1030.0,2,0,0,0,0,0,0,0,0,4,0,,67,3,2006,3,40.0618,-75.1368,1030.0,6,0,0,0,0,0,0,0,1,,0,0,0,10,1,0,1,,0.0,40 03:42.000,,0,75 08:11.968,0,0,0,0,67301,0,0,0,N,0,0,0,2,67301,0,,1,1,,N,N,,0,,0,0,0,3,2,,1015,0,2,0,0,0,0,0,3,4,0,2,3,,N,,,,,,,,,,,
2006056116,1830.0,2,0,0,0,0,0,0,0,0,5,0,,67,5,2006,3,39.9634,-75.1694,1821.0,6,0,0,0,0,0,1,0,0,,0,0,0,18,1,1,1,,0.0,39 57:48.000,,0,75 10:09.975,8,0,0,0,67301,0,0,0,N,0,0,0,3,67301,0,,1,1,,N,N,,0,,0,0,0,3,2,,1815,1,2,0,0,0,1,0,3,4,0,2,3,,N,,,,,,,,,,,
2006056268,45.0,0,0,0,0,0,0,0,0,0,8,0,,67,3,2006,3,39.9858,-75.1115,30.0,6,0,0,0,0,0,0,0,0,,0,0,0,23,3,1,1,,0.0,39 59:08.000,,0,75 06:41.500,8,0,0,0,67301,1,0,0,N,1,0,0,2,67301,0,,1,1,,N,N,,0,,0,0,0,3,2,,2330,1,2,0,0,0,1,1,3,4,1,1,3,,N,,,,,,,,,,,
2006053975,830.0,2,0,0,0,0,0,0,0,0,1,0,,67,4,2006,6,40.0715,-75.0731,825.0,6,0,0,0,0,0,0,0,0,,0,0,0,8,1,1,0,,0.0,40 04:17.400,,0,75 04:23.160,8,0,0,0,67301,0,0,0,N,0,0,0,2,67301,0,,1,1,,Y,N,,0,,0,0,0,0,0,,825,1,2,0,0,0,1,0,3,4,0,2,3,,N,,,,,,,,,,,
2006018416,842.0,2,0,0,0,0,0,0,0,0,1,0,,67,1,2006,5,39.9587,-75.1684,835.0,6,0,0,0,0,0,0,0,0,1.0,0,0,0,8,1,2,0,,1.0,39 57:31.000,4.0,0,75 10:07.549,3,0,0,0,67301,0,0,0,,0,0,0,2,67301,1,,1,1,,N,N,,0,,1,0,0,0,0,N,833,2,2,0,0,1,0,0,3,4,0,2,3,,N,,,,,,,,,,,
2006036262,1030.0,0,0,0,0,0,0,0,0,0,8,0,,67,2,2006,1,40.0405,-75.1878,1023.0,6,0,0,0,0,0,0,0,0,1.0,0,0,0,10,1,1,0,,1.0,40 02:25.731,4.0,0,75 11:15.939,4,0,0,0,67301,1,0,0,N,1,0,0,2,67301,1,,1,7,,N,N,,0,,0,0,1,0,0,N,1007,1,2,0,0,0,0,0,3,4,0,1,10,,N,,,,,,,,,,,
2006035657,1808.0,1,0,0,0,0,0,0,0,0,8,0,,67,2,2006,5,39.9232,-75.2379,1806.0,6,0,0,0,0,0,0,0,0,,0,0,0,18,3,1,2,,0.0,39 55:23.350,,0,75 14:16.425,8,0,0,0,67301,1,0,0,,1,0,0,2,67301,0,,1,1,,N,N,,0,,0,0,0,0,0,,1801,1,2,0,0,0,1,0,3,4,0,1,3,,N,,,,,,,,,,,
2006032844,850.0,1,0,0,0,0,0,0,0,0,1,0,,67,1,2006,6,40.0166,-75.1472,842.0,6,0,0,0,0,0,0,0,0,,0,0,0,8,1,1,1,,0.0,40 00:59.814,,0,75 08:49.815,8,0,0,0,67301,0,0,0,,0,0,0,2,67301,0,,1,1,,N,N,,0,,0,0,0,3,2,,833,1,2,0,0,0,1,0,3,4,1,2,3,,N,,,,,,,,,,,
2006032851,1434.0,2,0,0,0,0,0,0,0,0,4,0,,67,2,2006,3,,,1430.0,6,0,0,1,0,0,0,0,0,,0,0,0,14,1,2,2,,0.0,,,0,,4,0,0,0,67301,0,0,0,,0,0,0,3,67301,2,,1,1,,N,N,,0,,0,0,0,9,3,,1410,2,2,0,0,0,0,0,3,3,0,2,3,,N,,,,,,,,,,,
2006022693,1419.0,3,0,0,0,0,0,0,0,0,1,1,,67,1,2006,3,40.0219,-75.138,1417.0,6,0,0,0,0,0,0,0,0,1.0,0,1,0,19,1,1,0,,1.0,40 01:19.000,1.0,0,75 08:15.878,4,0,0,0,67301,0,0,0,N,0,0,0,3,67301,1,,2,1,,N,N,,0,,0,0,0,0,0,N,1916,1,4,0,0,3,0,0,3,4,0,4,3,,N,,,,,,,,,,,
2006022710,1253.0,2,0,0,0,0,0,0,0,0,2,0,,67,1,2006,2,39.9503,-75.1917,1251.0,6,0,0,0,0,0,1,0,0,,0,0,0,12,1,3,2,,0.0,39 57:01.000,,0,75 11:30.136,4,0,0,0,67301,0,0,0,N,0,0,0,3,67301,3,,1,9,,N,N,,0,,0,0,0,3,2,,1251,3,2,0,0,0,0,0,3,4,0,2,7,,N,,,,,,,,,,,
2006018273,520.0,3,0,0,0,0,0,0,0,0,6,0,,67,1,2006,3,40.0663,-75.008,509.0,6,0,0,0,0,0,0,0,0,,0,0,0,5,3,0,0,,0.0,40 03:58.579,,0,75 00:28.882,9,0,0,0,67301,0,0,0,,0,0,0,1,67301,0,,1,1,,N,N,,0,,0,0,1,0,0,,507,0,4,0,0,0,0,1,3,4,0,4,3,,N,,,,,,,,,,,
2006020415,52.0,0,0,0,0,0,0,0,0,0,5,0,,67,1,2006,1,,,48.0,6,0,0,0,0,0,0,0,0,,0,0,0,0,3,1,0,,0.0,,,0,,4,0,0,0,67301,0,0,0,,0,0,0,2,67301,1,,6,9,,,,,0,,0,0,1,3,2,,45,1,2,0,0,0,0,0,3,3,1,2,7,,N,,,,,,,,,,,
2006080042,1829.0,1,0,0,0,0,0,0,0,0,9,0,,67,6,2006,4,39.9632,-75.225,1825.0,6,0,0,0,0,0,0,0,0,,0,0,0,18,1,2,1,,0.0,39 57:47.466,,0,75 13:30.104,8,0,0,0,67301,0,0,0,N,0,0,0,2,67301,0,,1,9,,N,N,,0,,0,0,0,0,0,,1815,2,2,0,0,0,2,0,3,4,0,1,7,,N,,,,,,,,,,,
2006080060,1540.0,2,0,0,0,0,0,0,0,0,4,0,,67,5,2006,4,,,1532.0,6,0,0,0,0,0,0,0,0,,0,0,0,15,1,4,5,,0.0,,,0,,4,0,0,0,67301,0,0,0,N,0,0,0,5,67301,2,,1,1,,N,N,,0,,0,0,0,9,2,,1532,4,2,0,0,0,2,0,3,3,0,2,3,,N,,,,,,,,,,,
2006065013,2204.0,1,0,0,0,0,0,0,0,0,1,0,,67,5,2006,7,39.9508,-75.1638,2159.0,6,0,0,0,0,0,0,1,0,,0,0,0,21,3,1,1,,0.0,39 57:03.000,,0,75 09:49.675,2,0,1,1,67301,0,0,0,,0,0,0,2,67301,0,,1,1,,,,,0,,0,1,0,3,2,,2150,1,2,0,0,0,0,1,3,4,0,2,3,,N,,,,,,,,,,,
2006054206,405.0,2,0,0,0,0,0,0,0,0,6,0,,67,4,2006,6,39.9996,-75.2195,357.0,6,0,0,0,0,0,0,0,0,2.0,0,0,0,1,3,0,0,,1.0,39 59:58.560,2.0,0,75 13:10.560,0,0,0,0,67301,0,0,0,,0,0,0,1,67301,0,,6,1,,N,N,,0,,0,0,0,0,0,N,100,0,2,0,0,0,0,0,3,4,0,2,3,,N,,,,,,,,,,,
2006035756,1334.0,2,0,0,0,0,0,0,0,0,4,0,,67,1,2006,1,,,1330.0,6,0,0,0,0,0,0,0,0,,0,0,0,13,1,1,0,,0.0,,,7,,4,0,0,0,67301,0,0,0,N,0,0,0,3,67301,1,,1,9,,N,N,,0,,0,0,0,0,0,,1325,1,2,0,0,0,0,0,3,3,0,2,7,,N,,,,,,,,,,,
2006035770,1525.0,1,0,0,0,0,0,0,0,0,1,0,,67,2,2006,2,40.0345,-75.0719,1520.0,6,0,0,0,0,0,1,0,0,,0,0,0,15,1,1,2,,0.0,40 02:04.000,,0,75 04:18.855,8,0,0,0,67301,0,0,0,N,0,0,0,2,67301,0,,1,1,,N,N,,1,,0,0,0,3,2,,1520,1,2,0,0,0,1,0,3,4,0,2,3,,N,,,,,,,,,,,
2006035773,502.0,0,0,0,0,0,0,0,0,0,8,0,,67,2,2006,6,39.955,-75.184,459.0,6,0,0,0,0,0,0,0,0,,0,1,0,4,3,1,1,,0.0,39 57:17.881,,0,75 11:02.278,3,0,0,0,67301,1,0,0,N,1,0,0,2,67301,0,,1,1,,N,N,,0,,1,0,0,3,2,,445,1,2,0,0,0,0,1,3,4,0,1,3,,N,,,,,,,,,,,
2006093138,1908.0,2,0,0,0,0,0,0,0,0,4,0,,67,8,2006,6,39.9653,-75.2255,1905.0,6,0,0,0,0,0,0,0,0,,0,0,0,19,1,1,1,,0.0,39 57:54.913,,0,75 13:31.791,8,0,0,0,67301,0,0,0,N,0,0,0,3,67301,0,,1,1,,N,N,,0,,0,0,0,3,2,,1900,1,2,0,0,0,1,0,3,4,0,2,3,,N,,,,,,,,,,,
2006036813,1810.0,1,0,0,0,0,0,0,0,0,8,0,,67,2,2006,2,40.0933,-74.9621,1805.0,6,0,0,0,0,0,0,1,0,,0,0,0,18,3,2,2,,0.0,40 05:36.345,,7,74 57:43.771,4,0,0,0,67301,2,0,0,,2,0,0,3,67301,2,,1,1,,N,N,,0,,0,0,0,9,2,,1800,2,3,0,0,0,0,0,3,4,0,1,3,,N,,,,,,,,,,,
2006023966,35.0,1,0,0,0,0,0,0,0,0,5,1,,67,1,2006,2,40.0051,-75.1964,30.0,6,0,1,0,0,0,1,0,0,1.0,0,1,0,0,3,0,6,,1.0,40 00:16.000,3.0,2,75 11:45.179,0,0,0,0,67301,0,0,0,N,0,0,0,2,67301,0,,1,1,,N,N,,0,,0,0,0,0,0,N,30,0,2,0,0,1,0,0,3,4,0,2,3,,N,,,,,,,,,,,
2006021269,1139.0,2,0,0,0,0,0,0,0,0,4,0,,67,1,2006,1,40.0068,-75.1316,1137.0,6,0,0,0,0,0,0,1,0,,0,0,0,10,1,0,1,,0.0,40 00:24.000,,0,75 07:53.820,0,0,0,0,67301,0,0,0,N,0,0,0,2,67301,0,,1,1,,N,N,,0,,0,0,0,3,2,,1043,0,2,0,0,0,0,0,3,4,0,2,3,,N,,,,,,,,,,,
2006021285,1042.0,2,0,0,0,0,0,0,0,0,4,0,,67,1,2006,5,39.9112,-75.2306,1032.0,6,0,0,0,0,0,0,0,0,,0,0,0,99,1,1,2,,0.0,39 54:40.341,,0,75 13:50.008,4,0,0,0,67301,0,0,0,,0,0,0,3,67301,1,,1,98,,N,N,,0,,0,0,0,3,2,,9999,1,2,0,0,0,0,1,3,4,0,2,99,,N,,,,,,,,,,,
2006042968,1954.0,1,0,0,0,0,0,0,0,0,4,0,,67,4,2006,1,40.0085,-75.2107,9999.0,6,0,0,0,0,0,0,0,0,,0,0,0,19,3,2,1,,0.0,40 00:30.000,,0,75 12:38.490,4,0,0,0,67301,0,0,0,N,0,0,0,4,46104,2,,1,1,,N,N,,0,,0,0,1,3,2,,1947,2,2,0,0,0,0,0,3,4,0,2,3,,N,,,,,,,,,,,
2006081926,516.0,2,0,0,0,0,0,0,0,0,2,0,,67,7,2006,7,,,509.0,6,0,0,0,0,0,1,0,0,,0,0,0,5,1,2,1,,0.0,,,0,,4,0,0,0,67301,0,0,0,N,0,0,0,5,67301,2,,1,1,,N,N,,0,,0,0,0,3,2,,509,2,2,0,0,0,0,0,3,3,0,2,3,,N,,,,,,,,,,,
2006081933,1.0,2,0,0,0,0,0,0,0,0,2,0,,67,5,2006,2,39.9278,-75.237,1.0,6,0,0,0,0,1,0,0,0,,0,0,0,0,3,1,1,,0.0,39 55:40.000,,0,75 14:13.508,3,0,0,0,67301,0,0,0,N,0,0,0,3,67301,0,,1,1,,N,N,,0,,1,0,0,3,2,,1,1,2,0,0,0,0,0,3,4,0,2,3,,N,,,,,,,,,,,
2006053498,1554.0,1,0,0,0,0,0,0,0,0,4,0,,67,3,2006,1,,,1551.0,6,1,0,0,0,0,0,0,0,2.0,0,0,0,15,1,1,0,,1.0,,4.0,0,,3,0,0,0,67301,0,0,0,N,0,0,0,2,67301,0,,1,9,,N,N,,0,,1,0,0,0,0,N,1520,1,2,0,0,0,0,0,3,3,0,2,7,,N,,,,,,,,,,,
2006020533,1500.0,2,0,0,0,0,0,0,0,0,2,0,,67,1,2006,5,,,1458.0,6,0,0,0,0,0,1,0,0,1.0,0,0,0,14,1,1,1,,1.0,,1.0,0,,4,0,0,0,67301,0,0,0,N,0,0,0,2,67301,1,,1,1,,N,N,,0,,0,0,0,9,2,N,1456,1,2,0,0,0,0,0,3,3,0,2,3,,N,,,,,,,,,,,
2006022077,1950.0,1,0,0,0,0,0,0,0,0,4,0,,67,1,2006,3,40.0315,-75.0325,1947.0,6,0,0,0,0,0,0,0,0,2.0,0,0,0,19,3,1,1,,2.0,40 01:53.000,7.0,0,75 01:57.135,8,0,0,1,67301,0,0,0,N,0,0,0,2,67301,0,,1,1,,N,N,,0,,0,0,0,3,2,Y,1945,1,2,0,0,0,1,0,3,4,0,2,3,,N,,,,,,,,,,,
2006094961,2346.0,2,0,0,0,0,0,0,0,0,4,0,,67,7,2006,7,39.9014,-75.2393,2345.0,6,0,0,0,1,0,0,0,0,,0,0,0,23,3,3,2,,0.0,39 54:04.000,,0,75 14:21.554,3,0,0,0,67301,0,0,0,N,0,0,0,6,67301,2,,1,1,,N,N,,0,,1,0,0,3,2,,2345,3,2,0,0,4,0,0,3,4,0,2,3,,N,,,,,,,,,,,