CRN,ARRIVAL_TM,AUTOMOBILE_COUNT,BELTED_DEATH_COUNT,BELTED_SUSP_SERIOUS_INJ_COUNT,BICYCLE_COUNT,BICYCLE_DEATH_COUNT,BICYCLE_SUSP_SERIOUS_INJ_COUNT,BUS_COUNT,CHLDPAS_DEATH_COUNT,CHLDPAS_SUSP_SERIOUS_INJ_COUNT,COLLISION_TYPE,COMM_VEH_COUNT,CONS_ZONE_SPD_LIM,COUNTY,CRASH_MONTH,CRASH_YEAR,DAY_OF_WEEK,DEC_LAT,DEC_LONG,DISPATCH_TM,DISTRICT,DRIVER_COUNT_16YR,DRIVER_COUNT_17YR,DRIVER_COUNT_18YR,DRIVER_COUNT_19YR,DRIVER_COUNT_20YR,DRIVER_COUNT_50_64YR,DRIVER_COUNT_65_74YR,DRIVER_COUNT_75PLUS,EST_HRS_CLOSED,FATAL_COUNT,HEAVY_TRUCK_COUNT,HORSE_BUGGY_COUNT,HOUR_OF_DAY,ILLUMINATION,INJURY_COUNT,INTERSECT_TYPE,INTERSECTION_RELATED,LANE_CLOSED,LATITUDE,LN_CLOSE_DIR,LOCATION_TYPE,LONGITUDE,MAX_SEVERITY_LEVEL,MCYCLE_DEATH_COUNT,MCYCLE_SUSP_SERIOUS_INJ_COUNT,MOTORCYCLE_COUNT,MUNICIPALITY,NONMOTR_COUNT,NONMOTR_DEATH_COUNT,NONMOTR_SUSP_SERIOUS_INJ_COUNT,NTFY_HIWY_MAINT,PED_COUNT,PED_DEATH_COUNT,PED_SUSP_SERIOUS_INJ_COUNT,PERSON_COUNT,POLICE_AGCY,POSSIBLE_INJ_COUNT,RDWY_SURF_TYPE_CD,RELATION_TO_ROAD,ROAD_CONDITION,ROADWAY_CLEARED,SCH_BUS_IND,SCH_ZONE_IND,SECONDARY_CRASH,SMALL_TRUCK_COUNT,SPEC_JURIS_CD,SUSP_MINOR_INJ_COUNT,SUSP_SERIOUS_INJ_COUNT,SUV_COUNT,TCD_FUNC_CD,TCD_TYPE,TFC_DETOUR_IND,TIME_OF_DAY,TOT_INJ_COUNT,TOTAL_UNITS,UNB_DEATH_COUNT,UNB_SUSP_SERIOUS_INJ_COUNT,UNBELTED_OCC_COUNT,UNK_INJ_DEG_COUNT,UNK_INJ_PER_COUNT,URBAN_AREA,URBAN_RURAL,VAN_COUNT,VEHICLE_COUNT,WEATHER1,WEATHER2,WORK_ZONE_IND,WORK_ZONE_LOC,WORK_ZONE_TYPE,WORKERS_PRES,WZ_CLOSE_DETOUR,WZ_FLAGGER,WZ_LAW_OFFCR_IND,WZ_LN_CLOSURE,WZ_MOVING,WZ_OTHER,WZ_SHLDER_MDN,WZ_WORKERS_INJ_KILLED
2006055890,2215.0,1,0,0,0,0,0,0,0,0,1,0,,67,4,2006,6,39.9451,-75.1908,2205.0,6,0,0,0,0,0,0,0,0,,0,0,0,22,3,2,6,,0.0,39 56:42.360,,2,75 11:26.880,4,0,0,0,67301,0,0,0,N,0,0,0,4,67301,2,,1,1,,N,N,,0,,0,0,2,0,0,,2200,2,3,0,0,0,0,1,3,4,0,3,3,,N,,,,,,,,,,,
2006055943,332.0,1,0,0,0,0,0,0,0,0,7,1,,67,4,2006,4,39.9613,-75.1825,329.0,6,0,0,0,0,0,0,1,0,1.0,0,1,0,3,3,1,3,,2.0,39 57:41.000,3.0,0,75 10:57.282,4,0,0,0,67301,0,0,0,N,0,0,0,2,67301,1,,2,9,,N,N,,0,,0,0,0,0,0,N,328,1,2,0,0,0,0,0,3,4,0,2,7,,N,,,,,,,,,,,
2006092585,2158.0,1,0,0,1,0,0,0,0,0,4,0,,67,8,2006,7,40.0105,-75.1608,2158.0,6,0,0,0,0,0,1,0,0,1.0,0,0,0,21,3,1,1,,1.0,40 00:37.000,5.0,0,75 09:39.407,4,0,0,0,67301,1,0,0,N,0,0,0,3,67301,1,,1,1,,N,N,,0,,0,0,0,3,3,N,2152,1,2,0,0,0,0,0,3,4,0,1,3,,N,,,,,,,,,,,
2006092587,1454.0,0,0,0,0,0,0,0,0,0,4,0,,67,4,2006,1,40.0287,-75.1177,1450.0,6,0,0,0,0,0,1,0,0,,1,0,0,14,1,1,1,,0.0,40 01:43.284,,0,75 07:03.795,1,0,0,0,67301,0,0,0,,0,0,0,3,67301,0,2.0,1,1,,,,,0,0.0,0,0,2,3,2,,1445,1,2,0,0,0,1,1,3,4,0,2,3,,N,,,,,,,,,,,
2006092710,2041.0,1,0,0,1,0,0,0,0,0,4,0,,67,8,2006,6,39.927,-75.1802,2036.0,6,0,0,0,0,0,0,0,0,,0,0,0,19,1,1,2,,0.0,39 55:37.182,,0,75 10:48.824,3,0,0,0,67301,1,0,0,,0,0,0,2,67301,0,,1,1,,,,,0,,1,0,0,0,0,,1915,1,2,0,0,0,0,0,3,4,0,1,3,,N,,,,,,,,,,,
2006095450,915.0,3,0,0,0,0,0,0,0,0,4,0,,67,7,2006,6,40.0496,-75.0956,908.0,6,0,0,1,0,0,1,0,0,,0,0,0,9,1,1,1,,0.0,40 02:58.000,,0,75 05:44.347,4,0,0,0,67301,0,0,0,N,0,0,0,5,67301,1,,1,1,,N,N,,0,,0,0,0,3,2,,906,1,3,0,0,5,0,0,3,4,0,3,3,,N,,,,,,,,,,,
2006056319,1510.0,1,0,0,0,0,0,0,0,0,8,0,,67,3,2006,4,40.0285,-75.0579,1505.0,6,0,0,0,0,0,0,0,0,,0,0,0,15,1,1,2,,0.0,40 01:40.000,,0,75 03:36.065,3,0,0,0,67301,1,0,0,N,1,0,0,2,67301,0,,1,1,,N,N,,0,,1,0,0,0,0,,1500,1,2,0,0,0,0,0,3,4,0,1,3,,N,,,,,,,,,,,
2006092913,1804.0,0,0,0,0,0,0,0,0,0,2,0,,67,8,2006,3,40.0666,-75.0511,1758.0,6,0,0,0,0,0,0,0,0,,0,0,0,99,1,1,1,,0.0,40 04:00.000,,0,75 03:04.287,8,0,0,0,67301,0,0,0,N,0,0,0,3,67301,0,,1,1,,N,N,,1,,0,0,0,3,2,,9999,1,2,0,0,0,1,0,3,4,1,2,3,,N,,,,,,,,,,,
2006066974,558.0,2,0,0,0,0,0,0,0,0,4,0,,67,6,2006,5,,,555.0,6,0,0,0,0,0,0,0,0,,0,0,0,5,1,0,1,,0.0,,,0,,0,0,0,0,67301,0,0,0,N,0,0,0,2,67301,0,,1,1,,N,N,,0,,0,0,0,3,2,,554,0,2,0,0,0,0,0,3,3,0,2,3,,N,,,,,,,,,,,
2006033282,2107.0,2,0,0,0,0,0,0,0,0,1,0,,67,3,2006,6,39.999,-75.0984,2100.0,6,0,0,0,0,0,0,0,0,,0,0,0,20,3,1,2,,0.0,39 59:56.000,,0,75 05:54.260,4,0,0,0,67301,0,0,0,N,0,0,0,2,67301,1,,1,1,,N,N,,0,,0,0,0,3,2,,2059,1,2,0,0,0,0,0,3,4,0,2,3,,N,,,,,,,,,,,
2006033286,9999.0,1,0,0,0,0,0,0,0,0,1,0,,67,2,2006,2,,,17.0,6,0,0,0,1,0,1,0,0,,0,0,0,99,1,2,0,,0.0,,,0,,4,0,0,0,67301,0,0,0,N,0,0,0,3,67301,2,,1,1,,N,N,,0,,0,0,0,0,0,,9999,2,2,0,0,0,0,0,3,3,1,2,3,,N,,,,,,,,,,,
2006033097,1224.0,2,0,0,0,0,0,0,0,0,6,0,,67,2,2006,3,39.9542,-75.1395,1223.0,6,0,0,0,0,0,0,0,0,,0,0,0,12,1,4,1,,0.0,39 57:14.000,,0,75 08:22.341,4,0,0,0,67301,0,0,0,,0,0,0,6,67301,4,,1,1,,,,,0,,0,0,0,0,0,,1222,4,2,0,0,2,0,0,3,4,0,2,3,,N,,,,,,,,,,,
2006033109,422.0,1,0,0,0,0,0,0,0,0,7,0,,67,2,2006,2,,,412.0,6,0,0,0,0,0,0,0,0,,0,0,0,4,3,1,0,,0.0,,,0,,2,0,0,0,67301,0,0,0,,0,0,0,1,67301,0,,5,1,,N,,,0,,0,1,0,0,0,,410,1,1,0,1,1,0,0,3,3,0,1,3,,N,,,,,,,,,,,
2006019870,207.0,6,0,0,0,0,0,0,0,0,6,0,,67,1,2006,7,,,205.0,6,0,0,0,0,0,0,0,0,,0,0,0,2,3,0,0,,0.0,,,0,,0,0,0,0,67301,0,0,0,,0,0,0,2,67301,0,,6,1,,N,N,,0,,0,0,0,0,0,,201,0,6,0,0,0,0,0,3,3,0,6,3,,N,,,,,,,,,,,
2006019884,1346.0,1,0,0,0,0,0,0,0,0,5,0,,67,1,2006,1,39.9662,-75.1792,1338.0,6,0,0,0,0,0,0,0,0,1.0,0,0,0,99,1,1,2,,1.0,39 57:58.000,1.0,0,75 10:45.659,4,0,0,1,67301,0,0,0,,0,0,0,2,67301,1,,1,1,,N,N,,0,,0,0,0,3,2,N,9999,1,2,0,0,0,0,0,3,4,0,2,3,,N,,,,,,,,,,,
2006018272,1128.0,1,0,0,0,0,0,0,0,0,1,0,,67,1,2006,3,40.0256,-75.0317,1120.0,6,0,0,0,0,0,0,0,0,,0,0,0,11,1,1,1,,0.0,40 01:32.000,,0,75 01:54.133,3,0,0,0,67301,0,0,0,N,0,0,0,2,67301,0,,1,1,,N,N,,0,,1,0,0,3,2,,1100,1,2,0,0,0,0,1,3,4,0,2,3,,N,,,,,,,,,,,
2006053514,2135.0,2,0,0,0,0,0,0,0,0,4,0,,67,4,2006,5,40.0363,-75.0643,2135.0,6,0,1,0,0,0,1,0,0,,0,0,0,21,3,1,1,,0.0,40 02:10.000,,0,75 03:51.302,4,0,0,0,67301,0,0,0,N,0,0,0,4,67301,1,,1,1,,N,N,,0,,0,0,0,3,2,,2115,1,2,0,0,4,0,0,3,4,0,2,3,,N,,,,,,,,,,,
2006020416,2310.0,0,0,0,1,0,0,0,0,0,4,0,,67,1,2006,3,,,2309.0,6,0,0,0,0,0,0,0,0,,0,0,0,23,3,1,0,,0.0,,,0,,8,0,0,0,67301,1,0,0,,0,0,0,2,67301,0,,1,9,,N,N,,0,,0,0,1,3,2,,2300,1,2,0,0,0,1,0,3,3,0,1,7,,N,,,,,,,,,,,
2006053692,1850.0,1,0,0,0,0,0,0,0,0,8,0,,67,4,2006,3,39.9979,-75.1043,1843.0,6,0,0,0,0,0,0,0,0,,0,0,0,18,1,1,1,,0.0,39 59:52.368,,0,75 06:15.638,3,0,0,0,67301,1,0,0,N,1,0,0,2,67301,0,,1,1,,N,N,,0,,1,0,0,3,2,,1841,1,2,0,0,0,0,0,3,4,0,1,3,,N,,,,,,,,,,,
2006020111,207.0,1,0,0,0,0,0,0,0,0,7,0,,67,1,2006,4,39.9602,-75.181,205.0,6,0,0,0,0,0,0,0,0,1.0,0,0,0,2,3,0,0,,2.0,39 57:37.000,3.0,0,75 10:52.511,0,0,0,0,67301,0,0,0,N,0,0,0,1,67301,0,,3,9,,N,N,,0,,0,0,0,0,0,N,203,0,1,0,0,1,0,0,3,4,0,1,7,,N,,,,,,,,,,,
2006062878,244.0,2,0,0,0,0,0,0,0,0,1,0,,67,5,2006,6,,,242.0,6,0,0,0,0,0,0,0,0,2.0,0,0,0,2,3,1,2,,1.0,,3.0,0,,3,0,0,0,67301,0,0,0,N,0,0,0,1,67301,0,,1,1,,N,N,,1,,1,0,0,0,0,N,240,1,3,0,0,0,0,0,3,3,0,3,3,,N,,,,,,,,,,,
2006065445,1955.0,1,0,0,0,0,0,0,0,0,4,0,,67,5,2006,5,40.0043,-75.1281,1950.0,6,0,0,0,0,0,0,0,0,,0,0,0,19,1,1,1,,0.0,40 00:15.609,,0,75 07:41.037,4,0,0,1,67301,0,0,0,,0,0,0,2,67301,1,,1,1,,,,,0,,0,0,0,9,2,,1950,1,2,0,0,1,0,0,3,4,0,2,3,,N,,,,,,,,,,,
2006065457,2044.0,1,0,0,0,0,0,0,0,0,8,0,,67,5,2006,1,39.9162,-75.1602,2043.0,6,0,0,0,0,0,0,0,0,,0,0,0,20,2,1,0,,0.0,39 54:58.251,,0,75 09:36.712,3,0,0,0,67301,1,0,0,N,1,0,0,2,67301,0,,1,1,,N,N,,0,,1,0,0,9,3,,2042,1,2,0,0,0,0,0,3,4,0,1,3,,N,,,,,,,,,,,
2006065382,1559.0,2,0,0,0,0,0,0,0,0,4,0,,67,5,2006,7,39.9399,-75.1663,1558.0,6,0,0,0,0,0,0,0,0,,0,0,0,15,1,1,0,,0.0,39 56:23.722,,0,75 09:58.512,4,0,0,0,67301,0,0,0,N,0,0,0,4,67301,1,,1,1,,N,N,,0,,0,0,0,3,2,,1554,1,2,0,0,0,0,0,3,4,0,2,3,,N,,,,,,,,,,,
2006055350,238.0,1,0,0,0,0,0,0,0,0,2,0,,67,3,2006,2,,,234.0,6,0,0,0,0,0,0,0,0,4.0,0,0,0,2,3,1,0,,2.0,,6.0,0,,3,0,0,0,67301,0,0,0,,0,0,0,1,67301,0,,1,1,,,,,0,,1,0,0,0,0,Y,234,1,2,0,0,0,0,0,3,3,1,2,3,,N,,,,,,,,,,,
2006055452,1944.0,1,0,0,0,0,0,0,0,0,2,0,,67,4,2006,7,,,1940.0,6,0,0,0,0,0,0,0,0,,0,0,0,7,3,0,1,,0.0,,,0,,0,0,0,0,67301,0,0,0,N,0,0,0,2,67301,0,,1,2,,N,N,,0,,0,0,1,3,3,,740,0,2,0,0,0,0,0,3,3,0,2,7,,N,,,,,,,,,,,
2006055459,1800.0,1,0,0,0,0,0,0,0,0,8,0,,67,2,2006,7,40.0915,-74.9656,1748.0,6,0,0,0,0,0,0,0,0,,0,0,0,17,3,1,1,,0.0,40 05:29.000,,0,74 57:55.773,4,0,0,0,67301,1,0,0,N,1,0,0,2,67301,1,,1,9,,N,N,,0,,0,0,0,3,2,,1736,1,2,0,0,0,0,0,3,4,0,1,7,,N,,,,,,,,,,,
2006094612,629.0,0,0,0,0,0,0,0,0,0,7,0,,67,8,2006,3,39.9891,-75.2225,629.0,6,0,0,0,0,0,0,0,0,,0,0,0,6,5,1,3,,0.0,39 59:20.810,,0,75 13:21.014,2,0,0,0,67301,0,0,0,N,0,0,0,1,67301,0,,4,1,,N,N,,0,,0,1,1,0,0,,626,1,1,0,0,0,0,0,3,4,0,1,3,,N,,,,,,,,,,,
2006037211,12.0,1,0,0,0,0,0,0,0,0,7,0,,67,2,2006,6,39.9762,-75.1199,0.0,6,0,0,0,0,0,0,0,0,,0,0,0,1,3,0,0,,0.0,39 58:32.880,,0,75 07:13.440,0,0,0,0,67301,0,0,0,N,0,0,0,1,67301,0,,2,9,,N,N,,0,,0,0,0,0,0,,105,0,1,0,0,0,0,0,3,4,0,1,7,,N,,,,,,,,,,,
2006037109,1806.0,2,0,0,0,0,0,0,0,0,1,0,,67,2,2006,5,,,1600.0,6,0,0,0,0,0,0,0,0,,0,0,0,15,1,1,0,,0.0,,,0,,4,0,0,0,67301,0,0,0,,0,0,0,2,67301,1,,1,1,,N,N,,0,,0,0,0,0,0,,1500,1,2,0,0,0,0,0,3,3,0,2,3,,N,,,,,,,,,,,
2006027150,650.0,1,0,0,0,0,0,0,0,0,2,0,,67,1,2006,5,,,650.0,6,0,0,0,0,0,0,0,0,,0,0,0,6,6,1,1,,0.0,,,0,,4,0,0,0,67301,0,0,0,N,0,0,0,2,67301,1,,2,2,,N,N,,1,,0,0,0,3,2,,645,1,2,0,0,0,0,0,3,3,0,2,7,,N,,,,,,,,,,,
2006021351,824.0,0,0,0,1,0,0,0,0,0,4,0,,67,1,2006,2,39.9596,-75.1957,824.0,6,0,0,1,0,0,0,0,0,,0,0,0,8,1,1,1,,0.0,39 57:35.000,,0,75 11:45.060,4,0,0,0,67301,1,0,0,N,0,0,0,2,67301,1,,1,1,,N,N,,0,,0,0,1,3,2,,824,1,2,0,0,0,0,0,3,4,0,1,3,,N,,,,,,,,,,,
2006026442,23.0,1,0,0,0,0,0,0,0,0,7,0,,67,1,2006,1,39.9979,-75.0816,21.0,6,0,0,0,0,0,0,0,0,,0,0,0,0,3,0,0,,0.0,39 59:52.000,,0,75 04:54.410,0,0,0,0,67301,0,0,0,Y,0,0,0,2,67301,0,,2,2,,N,N,,0,,0,0,0,0,0,,20,0,1,0,0,2,0,0,3,4,0,1,10,,N,,,,,,,,,,,
2006021252,2225.0,1,0,0,0,0,0,0,0,0,7,0,,67,1,2006,4,40.0769,-75.0798,2220.0,6,0,0,0,1,0,0,0,0,,0,0,0,22,3,1,2,,0.0,40 04:36.811,,0,75 04:47.110,4,0,0,0,67301,0,0,0,N,0,0,0,1,67301,1,,5,9,,N,N,,0,,0,0,0,0,0,,2215,1,1,0,0,1,0,0,3,4,0,1,7,,N,,,,,,,,,,,
2006021310,756.0,1,0,0,0,0,0,0,0,0,8,0,,67,1,2006,3,39.9647,-75.2081,754.0,6,0,0,0,0,0,0,0,1,,0,0,0,7,1,1,2,,0.0,39 57:53.046,,0,75 12:29.113,4,0,0,0,67301,1,0,0,N,1,0,0,2,67301,1,,1,1,,N,N,,0,,0,0,0,3,3,,751,1,2,0,0,0,0,0,3,4,0,1,3,,N,,,,,,,,,,,
2006081920,1942.0,1,0,0,0,0,0,0,0,0,4,0,,67,6,2006,1,,,1942.0,6,0,0,0,0,1,0,0,0,1.0,1,0,0,19,1,0,1,,2.0,,7.0,0,,1,1,0,1,67301,0,0,0,N,0,0,0,2,67301,0,2.0,1,1,,N,N,,0,0.0,0,0,0,9,2,Y,1942,0,2,0,0,0,0,0,3,3,0,2,3,,N,,,,,,,,,,,
2006053757,2352.0,4,0,0,0,0,0,0,0,0,4,0,,67,4,2006,7,,,2348.0,6,0,0,0,0,0,0,0,0,,0,0,0,23,8,0,1,,0.0,,,0,,9,0,0,0,67301,0,0,0,N,0,0,0,2,67301,0,,1,1,,N,N,,0,,0,0,0,3,2,,2340,0,4,0,0,0,0,1,3,3,0,4,3,,N,,,,,,,,,,,
2006053759,1755.0,1,0,0,0,0,0,0,0,0,8,0,,67,4,2006,4,39.9352,-75.1884,1754.0,6,0,0,0,0,0,0,0,0,,0,0,0,17,1,1,0,,0.0,39 56:06.550,,0,75 11:18.117,8,0,0,0,67301,1,0,0,N,1,0,0,3,67301,0,,1,1,,N,N,,0,,0,0,0,0,0,,1753,1,2,0,0,0,1,0,3,4,0,1,3,,N,,,,,,,,,,,
2006053478,824.0,1,0,0,0,0,0,1,0,0,4,1,,67,4,2006,1,,,822.0,6,0,0,0,0,0,0,0,0,1.0,0,0,0,8,1,2,1,,2.0,,7.0,0,,8,0,0,0,67301,0,0,0,N,0,0,0,17,67301,0,,1,1,,N,N,,0,,0,0,0,3,2,Y,822,2,2,0,0,0,2,0,3,3,0,2,3,,N,,,,,,,,,,,
2006053798,2306.0,0,0,0,0,0,0,0,0,0,8,0,,67,4,2006,6,39.9411,-75.1451,2306.0,6,0,0,0,0,0,0,0,0,,0,0,0,23,3,1,0,,0.0,39 56:27.992,,0,75 08:42.432,3,0,0,0,67301,1,0,0,N,1,0,0,2,67301,0,,1,9,,N,N,,1,,1,0,0,0,0,,2306,1,2,0,0,0,0,0,3,4,0,1,7,,N,,,,,,,,,,,
2006020521,1900.0,2,0,0,0,0,0,0,0,0,1,0,,67,1,2006,2,39.9549,-75.1511,1855.0,6,0,0,0,0,0,0,0,0,,0,0,0,99,3,2,2,,0.0,39 57:17.488,,0,75 09:04.083,4,0,0,0,67301,0,0,0,N,0,0,0,4,67301,2,,1,9,,N,N,,0,,0,0,0,9,2,,9999,2,2,0,0,0,0,0,3,4,0,2,7,,N,,,,,,,,,,,
2006022078,37.0,2,0,0,0,0,0,0,0,0,1,0,,67,1,2006,6,40.0273,-75.1111,25.0,6,0,0,0,0,0,0,0,0,,0,0,0,22,3,1,0,,0.0,40 01:37.000,,0,75 06:39.508,4,0,0,0,67301,0,0,0,N,0,0,0,2,67301,1,,6,9,,N,N,,0,,0,0,0,0,0,,2230,1,2,0,0,0,0,1,3,4,0,2,7,5.0,N,,,,,,,,,,,
2006022090,2135.0,2,0,0,0,0,0,0,0,0,1,0,,67,1,2006,1,,,2130.0,6,0,0,0,0,0,0,0,0,9.0,0,0,0,21,3,1,0,,1.0,,1.0,0,,4,0,0,0,67301,0,0,0,,0,0,0,2,67301,1,,5,1,,,,,0,,0,0,0,0,0,N,2130,1,2,0,0,0,0,0,3,3,0,2,3,,N,,,,,,,,,,,
2006094932,100.0,1,0,0,0,0,0,0,0,0,7,0,,67,7,2006,1,39.977,-75.1991,1255.0,6,0,0,0,1,0,0,0,0,,0,0,0,12,1,3,0,,0.0,39 58:38.640,,0,75 12:01.800,8,0,0,0,67301,0,0,0,N,0,0,0,3,67301,0,,4,1,,N,N,,0,,0,0,0,3,4,,1255,3,1,0,0,0,3,0,3,4,0,1,3,,N,,,,,,,,,,,
2006056315,2022.0,1,0,0,0,0,0,0,0,0,1,0,,67,3,2006,1,40.0278,-75.0852,2020.0,6,0,0,0,0,0,0,0,0,,0,0,0,20,3,3,1,,0.0,40 01:40.026,,0,75 05:06.849,3,0,0,0,67301,0,0,0,N,0,0,0,3,67301,0,,1,1,,N,N,,0,,1,0,1,3,2,,2000,3,2,0,0,0,2,0,3,4,0,2,3,,N,,,,,,,,,,,
2006018420,1737.0,2,0,0,0,0,0,0,0,0,1,0,,67,1,2006,4,,,1733.0,6,0,0,0,1,0,0,0,0,,0,0,0,17,4,1,0,,0.0,,,0,,8,0,0,0,67301,0,0,0,,0,0,0,2,67301,0,,1,9,,N,N,,0,,0,0,0,0,0,,1733,1,2,0,0,0,1,0,3,3,0,2,3,,N,,,,,,,,,,,
2006035647,1925.0,2,0,0,0,0,0,0,0,0,2,0,,67,1,2006,2,,,1919.0,6,0,0,0,0,0,0,0,0,1.0,0,0,0,99,3,1,2,,2.0,,6.0,0,,4,0,0,0,67301,0,0,0,N,0,0,0,4,67301,1,,1,1,,N,N,,0,,0,0,0,9,3,Y,9999,1,2,0,0,0,0,0,3,3,0,2,3,,N,,,,,,,,,,,
2006035708,835.0,0,0,0,0,0,0,0,0,0,4,0,,67,2,2006,6,40.0635,-75.1698,828.0,6,0,0,0,0,0,0,0,0,,0,0,0,8,1,0,1,,0.0,40 03:48.000,,0,75 10:11.208,0,0,0,0,67301,0,0,0,N,0,0,0,5,67301,0,,1,1,,N,N,,0,,0,0,1,3,2,,810,0,2,0,0,0,0,0,3,4,1,2,3,,N,,,,,,,,,,,
2006033304,1029.0,1,0,0,0,0,0,0,0,0,4,0,,67,2,2006,2,40.0661,-75.063,1021.0,6,0,0,0,0,0,0,0,0,,0,0,0,10,1,1,1,,0.0,40 03:57.000,,0,75 03:47.105,4,0,0,0,67301,0,0,0,N,0,0,0,5,67301,1,,1,1,,N,N,,0,,0,0,1,3,2,,1020,1,2,0,0,0,0,0,3,4,0,2,3,,N,,,,,,,,,,,
2006032984,858.0,1,0,0,0,0,0,0,0,0,7,0,,67,2,2006,2,40.0017,-75.1528,857.0,6,0,0,0,0,1,0,0,0,1.0,0,0,0,8,1,1,0,,1.0,40 00:06.000,2.0,0,75 09:10.409,8,0,0,0,67301,0,0,0,N,0,0,0,1,67301,0,,5,1,,N,N,,0,,0,0,0,0,0,Y,855,1,1,0,0,0,1,0,3,4,0,1,3,,N,,,,,,,,,,,
2006032837,814.0,2,0,0,0,0,0,0,0,0,1,0,,67,2,2006,6,40.1318,-75.012,813.0,6,0,0,0,0,0,0,0,0,,0,0,0,8,1,1,0,,0.0,40 07:54.000,,0,75 00:43.323,4,0,0,0,67301,0,0,0,N,0,0,0,2,67301,1,,1,1,,N,N,,0,,0,0,0,0,0,,810,1,2,0,0,0,0,0,3,4,0,2,3,,N,,,,,,,,,,,
2006032849,1713.0,1,0,0,0,0,0,0,0,0,8,0,,67,2,2006,6,40.0308,-75.0484,1712.0,6,0,0,0,0,0,1,0,0,,0,0,0,17,1,1,1,,0.0,40 01:50.948,,0,75 02:54.167,8,0,0,0,67301,1,0,0,N,1,0,0,2,67301,0,,1,1,,N,N,,0,,0,0,0,3,3,,1712,1,2,0,0,1,1,0,3,4,0,1,3,,N,,,,,,,,,,,
2006019892,2115.0,1,0,0,0,0,0,0,0,0,4,0,,67,1,2006,2,39.9573,-75.2479,2105.0,6,0,0,0,0,0,0,0,0,,0,0,0,21,3,2,1,,0.0,39 57:26.000,,0,75 14:52.592,8,0,0,0,67301,0,0,0,N,0,0,0,3,67301,0,,1,9,,N,N,,0,,0,0,1,3,2,,2105,2,2,0,0,0,2,0,3,4,0,2,7,,N,,,,,,,,,,,
2006053697,2310.0,1,0,0,0,0,0,0,0,0,0,0,,67,4,2006,4,40.0507,-75.0653,2305.0,6,0,0,0,1,0,0,0,0,,0,0,0,22,3,1,0,,0.0,40 03:02.520,,0,75 03:54.720,4,0,0,0,67301,0,0,0,N,0,0,0,1,67301,1,,1,1,,N,N,,0,,0,0,0,3,2,,2230,1,1,0,0,1,0,0,3,4,0,1,3,,N,,,,,,,,,,,
2006053702,1827.0,2,0,0,0,0,0,0,0,0,4,0,,67,4,2006,4,,,1825.0,6,0,0,0,1,0,0,1,0,1.0,0,0,0,18,1,3,1,,2.0,,7.0,0,,4,0,0,0,67301,0,0,0,N,0,0,0,3,67301,3,,1,1,,N,N,,0,,0,0,0,3,2,N,1822,3,2,0,0,1,0,0,3,3,0,2,3,,N,,,,,,,,,,,
2006019861,2154.0,2,0,0,0,0,0,0,0,0,4,0,,67,1,2006,2,39.9386,-75.2217,2154.0,6,0,0,0,0,0,0,0,0,,0,0,0,21,2,0,1,,0.0,39 56:19.000,,0,75 13:17.892,9,0,0,0,67301,0,0,0,,0,0,0,3,67301,0,,1,9,,N,N,,0,,0,0,0,3,2,,2130,0,2,0,0,0,0,1,3,4,0,2,7,,N,,,,,,,,,,,
2006020137,1322.0,1,0,0,0,0,0,0,0,0,4,0,,67,1,2006,2,,,1322.0,6,0,0,0,0,0,0,0,1,,0,0,0,13,1,1,1,,0.0,,,0,,4,0,0,0,67301,0,0,0,N,0,0,0,2,67301,1,,1,9,,N,N,,0,,0,0,0,9,3,,1307,1,2,0,0,0,0,0,3,3,1,2,7,,N,,,,,,,,,,,
2006080030,705.0,1,0,0,0,0,0,0,0,0,4,0,,67,6,2006,3,40.0086,-75.0688,652.0,6,0,0,0,0,0,0,0,0,,0,0,0,99,1,1,1,,0.0,40 00:31.000,,0,75 04:07.914,8,0,0,0,67301,0,0,0,N,0,0,0,2,67301,0,,1,1,,N,N,,0,,0,0,1,3,2,,9999,1,2,0,0,0,1,0,3,4,0,2,3,,N,,,,,,,,,,,
2006062701,1033.0,1,0,0,0,0,0,1,0,0,4,0,,67,5,2006,2,39.9473,-75.1479,1030.0,6,0,0,0,0,0,1,1,0,,0,0,0,10,1,1,1,,0.0,39 56:50.000,,0,75 08:52.605,8,0,0,0,67301,0,0,0,N,0,0,0,3,67301,0,,1,1,,N,N,,0,,0,0,0,3,2,,1028,1,2,0,0,0,1,0,3,4,0,2,3,,N,,,,,,,,,,,
2006065520,1555.0,1,0,0,0,0,0,0,0,0,4,0,,67,5,2006,6,40.0388,-75.0694,1555.0,6,0,0,0,0,0,0,0,0,,0,0,0,15,1,1,2,,0.0,40 02:19.690,,0,75 04:09.821,4,0,0,1,67301,0,0,0,N,0,0,0,2,67301,1,,1,1,,N,N,,0,,0,0,0,3,3,,1550,1,2,0,0,0,0,0,3,4,0,2,3,,N,,,,,,,,,,,
2006055340,1440.0,2,0,0,0,0,0,0,0,0,6,0,,67,4,2006,2,39.9708,-75.1223,1440.0,6,0,0,0,0,0,0,0,0,1.0,0,0,0,14,1,1,2,,1.0,39 58:14.817,3.0,0,75 07:20.188,8,0,0,0,67301,0,0,0,Y,0,0,0,3,67301,0,,7,1,,N,N,,0,,0,0,0,0,0,Y,1440,1,2,0,0,2,1,0,3,4,0,2,3,,N,,,,,,,,,,,