CRN,ARRIVAL_TM,AUTOMOBILE_COUNT,BELTED_DEATH_COUNT,BELTED_SUSP_SERIOUS_INJ_COUNT,BICYCLE_COUNT,BICYCLE_DEATH_COUNT,BICYCLE_SUSP_SERIOUS_INJ_COUNT,BUS_COUNT,CHLDPAS_DEATH_COUNT,CHLDPAS_SUSP_SERIOUS_INJ_COUNT,COLLISION_TYPE,COMM_VEH_COUNT,CONS_ZONE_SPD_LIM,COUNTY,CRASH_MONTH,CRASH_YEAR,DAY_OF_WEEK,DEC_LAT,DEC_LONG,DISPATCH_TM,DISTRICT,DRIVER_COUNT_16YR,DRIVER_COUNT_17YR,DRIVER_COUNT_18YR,DRIVER_COUNT_19YR,DRIVER_COUNT_20YR,DRIVER_COUNT_50_64YR,DRIVER_COUNT_65_74YR,DRIVER_COUNT_75PLUS,EST_HRS_CLOSED,FATAL_COUNT,HEAVY_TRUCK_COUNT,HORSE_BUGGY_COUNT,HOUR_OF_DAY,ILLUMINATION,INJURY_COUNT,INTERSECT_TYPE,INTERSECTION_RELATED,LANE_CLOSED,LATITUDE,LN_CLOSE_DIR,LOCATION_TYPE,LONGITUDE,MAX_SEVERITY_LEVEL,MCYCLE_DEATH_COUNT,MCYCLE_SUSP_SERIOUS_INJ_COUNT,MOTORCYCLE_COUNT,MUNICIPALITY,NONMOTR_COUNT,NONMOTR_DEATH_COUNT,NONMOTR_SUSP_SERIOUS_INJ_COUNT,NTFY_HIWY_MAINT,PED_COUNT,PED_DEATH_COUNT,PED_SUSP_SERIOUS_INJ_COUNT,PERSON_COUNT,POLICE_AGCY,POSSIBLE_INJ_COUNT,RDWY_SURF_TYPE_CD,RELATION_TO_ROAD,ROAD_CONDITION,ROADWAY_CLEARED,SCH_BUS_IND,SCH_ZONE_IND,SECONDARY_CRASH,SMALL_TRUCK_COUNT,SPEC_JURIS_CD,SUSP_MINOR_INJ_COUNT,SUSP_SERIOUS_INJ_COUNT,SUV_COUNT,TCD_FUNC_CD,TCD_TYPE,TFC_DETOUR_IND,TIME_OF_DAY,TOT_INJ_COUNT,TOTAL_UNITS,UNB_DEATH_COUNT,UNB_SUSP_SERIOUS_INJ_COUNT,UNBELTED_OCC_COUNT,UNK_INJ_DEG_COUNT,UNK_INJ_PER_COUNT,URBAN_AREA,URBAN_RURAL,VAN_COUNT,VEHICLE_COUNT,WEATHER1,WEATHER2,WORK_ZONE_IND,WORK_ZONE_LOC,WORK_ZONE_TYPE,WORKERS_PRES,WZ_CLOSE_DETOUR,WZ_FLAGGER,WZ_LAW_OFFCR_IND,WZ_LN_CLOSURE,WZ_MOVING,WZ_OTHER,WZ_SHLDER_MDN,WZ_WORKERS_INJ_KILLED
2006055464,820.0,2,0,0,0,0,0,0,0,0,4,0,,67,3,2006,7,,,814.0,6,0,0,0,0,0,2,0,0,1.0,0,0,0,8,1,2,1,,1.0,,1.0,0,,4,0,0,0,67301,0,0,0,N,0,0,0,3,67301,2,,1,1,,N,N,,0,,0,0,0,3,2,N,813,2,2,0,0,0,0,0,3,3,0,2,3,,N,,,,,,,,,,,
2006102220,1440.0,1,0,0,0,0,0,1,0,0,5,1,,67,9,2006,5,39.9244,-75.1696,1435.0,6,0,0,0,0,0,1,0,0,,0,0,0,14,1,1,1,,0.0,39 55:27.000,,0,75 10:10.825,8,0,0,0,67301,0,0,0,N,0,0,0,3,67301,0,,1,1,,N,N,,0,,0,0,0,0,0,,1435,1,2,0,0,0,1,0,3,4,0,2,3,,N,,,,,,,,,,,
2006124623,1125.0,2,0,0,0,0,0,0,0,0,4,0,,67,10,2006,7,40.0367,-75.1584,1117.0,6,0,0,0,0,0,0,0,0,,0,0,0,11,1,1,1,,0.0,40 02:12.109,,0,75 09:30.211,8,0,0,0,67301,0,0,0,N,0,0,0,5,67301,0,,1,9,,N,N,,0,,0,0,0,3,2,,1114,1,2,0,0,0,1,0,3,4,0,2,7,,N,,,,,,,,,,,
2006124225,1338.0,2,0,0,0,0,0,0,0,0,1,0,,67,10,2006,6,39.9752,-75.154,1336.0,6,0,0,0,0,0,2,0,0,2.0,0,0,0,13,1,1,0,,2.0,39 58:30.889,3.0,7,75 09:14.270,4,0,0,0,67301,0,0,0,N,0,0,0,5,67301,1,,1,9,,N,N,,0,,0,0,0,0,0,Y,1336,1,3,0,0,0,0,0,3,4,1,3,7,,N,,,,,,,,,,,
2006127140,1730.0,1,0,0,0,0,0,0,0,0,4,0,,67,10,2006,3,40.013,-75.1194,1720.0,6,0,0,0,0,0,1,0,0,,0,0,0,17,2,1,1,,0.0,40 00:46.000,,0,75 07:09.727,4,0,0,0,67301,0,0,0,,0,0,0,3,67301,1,,1,1,,N,N,,0,,0,0,1,3,2,,1720,1,2,0,0,0,0,0,3,4,0,2,3,,N,,,,,,,,,,,
2006125027,1330.0,1,0,0,0,0,0,0,0,0,8,0,,67,11,2006,4,,,1316.0,6,0,0,0,0,0,1,0,0,,0,0,0,13,1,1,1,,0.0,,,0,,8,0,0,0,67301,1,0,0,N,1,0,0,2,67301,0,,1,1,,N,N,,0,,0,0,0,3,2,,1300,1,2,0,0,0,1,0,3,3,0,1,3,,N,,,,,,,,,,,
2006122560,1530.0,1,0,0,1,1,0,0,0,0,4,0,,67,9,2006,1,,,1527.0,6,0,0,0,0,0,0,0,0,3.0,1,0,0,14,1,0,1,,2.0,,2.0,0,,1,0,0,0,67301,1,1,0,N,0,0,0,2,67301,0,2.0,1,1,,N,N,,0,0.0,0,0,0,3,2,Y,1459,0,2,0,0,0,0,0,3,3,0,1,3,,N,,,,,,,,,,,
2006062286,325.0,1,0,0,0,0,0,0,0,0,1,0,,67,5,2006,1,39.9386,-75.2345,320.0,6,0,0,0,0,0,0,0,0,,0,0,0,3,3,0,2,,0.0,39 56:19.000,,0,75 14:03.662,0,0,0,0,67301,0,0,0,N,0,0,0,1,67301,0,,1,1,,N,N,,0,,0,0,1,0,0,,315,0,2,0,0,0,0,0,3,4,0,2,3,,N,,,,,,,,,,,
2006062451,725.0,1,0,0,0,0,0,0,0,0,1,0,,67,5,2006,3,,,719.0,6,0,0,0,0,0,1,0,0,1.0,0,0,0,7,1,2,0,,1.0,,2.0,0,,8,0,0,0,67301,0,0,0,N,0,0,0,4,67301,0,,1,1,,N,N,,0,,0,0,0,0,0,N,719,2,2,0,0,0,2,0,3,3,1,2,3,,N,,,,,,,,,,,
2006062504,937.0,0,0,0,0,0,0,0,0,0,8,0,,67,5,2006,2,,,929.0,6,0,0,0,0,0,0,0,0,,0,0,0,9,1,1,0,,0.0,,,0,,4,0,0,0,67301,1,0,0,N,1,0,0,2,67301,1,,4,1,,N,N,,0,,0,0,1,0,0,,900,1,2,0,0,0,0,0,3,3,0,1,3,,N,,,,,,,,,,,
2006055128,1330.0,5,0,0,0,0,0,0,0,0,4,0,,67,3,2006,5,39.9125,-75.2441,1324.0,6,0,0,0,0,0,0,0,0,,0,0,0,13,1,1,2,,0.0,39 54:45.122,,0,75 14:38.619,8,0,0,0,67301,0,0,0,N,0,0,0,3,67301,0,,1,1,,N,N,,0,,0,0,0,3,3,,1315,1,5,0,0,0,1,1,3,4,0,5,3,,N,,,,,,,,,,,
2006081014,2050.0,2,0,0,0,0,0,0,0,0,1,0,,67,7,2006,3,39.9911,-75.1329,2048.0,6,0,0,0,0,0,0,0,0,,0,0,0,20,3,0,1,,0.0,39 59:27.000,,0,75 07:58.763,0,0,0,0,67301,0,0,0,N,0,0,0,5,67301,0,,1,1,,N,N,,0,,0,0,0,3,2,,2048,0,2,0,0,0,0,0,3,4,0,2,3,,N,,,,,,,,,,,
2006081346,1927.0,1,0,0,0,0,0,0,0,0,7,0,,67,6,2006,1,40.0374,-75.1909,1922.0,6,0,0,0,0,0,0,0,0,,0,0,0,19,1,2,1,,0.0,40 02:14.460,,0,75 11:27.412,8,0,0,0,67301,0,0,0,N,0,0,0,2,67301,0,,4,9,,N,N,,0,,0,0,0,3,2,,1922,2,1,0,0,1,2,0,3,4,0,1,7,,N,,,,,,,,,,,
2006081377,1107.0,1,0,0,0,0,0,0,0,0,6,0,,67,4,2006,5,40.0569,-75.1881,1101.0,6,0,0,0,0,0,0,1,0,,0,0,0,11,1,1,1,,0.0,40 03:24.000,,0,75 11:17.494,4,0,0,0,67301,0,0,0,N,0,0,0,3,67301,1,,1,1,,N,N,,1,,0,0,0,3,2,,1100,1,2,0,0,0,0,0,3,4,0,2,3,,N,,,,,,,,,,,
2006081393,810.0,2,0,0,0,0,0,0,0,0,7,0,,67,6,2006,3,40.0635,-75.0835,805.0,6,0,0,0,0,0,0,0,0,,0,0,0,8,1,1,0,,0.0,40 03:48.960,,0,75 05:00.600,4,0,0,0,67301,0,0,0,N,0,0,0,2,67301,1,,4,1,,N,N,,0,,0,0,0,3,2,,800,1,2,0,0,0,0,0,3,4,0,2,3,,N,,,,,,,,,,,
2006081399,1142.0,2,0,0,0,0,0,0,0,0,1,0,,67,6,2006,4,,,1142.0,6,0,0,0,0,0,0,0,0,,0,0,0,11,1,1,1,,0.0,,,0,,8,0,0,0,67301,0,0,0,N,0,0,0,2,67301,0,,1,1,,N,N,,0,,0,0,0,3,2,,1140,1,2,0,0,0,1,0,3,3,0,2,3,,N,,,,,,,,,,,
2006113290,1250.0,1,0,0,1,0,0,0,0,0,4,0,,67,9,2006,4,39.9554,-75.163,1245.0,6,0,0,0,0,0,1,0,0,,0,0,0,12,1,1,1,,0.0,39 57:19.000,,0,75 09:46.631,4,0,0,0,67301,1,0,0,N,0,0,0,3,67301,1,,1,1,,N,N,,0,,0,0,0,3,2,,1240,1,2,0,0,2,0,0,3,4,0,1,3,,N,,,,,,,,,,,
2006113362,1549.0,1,0,0,0,0,0,0,0,0,4,0,,67,9,2006,2,39.969,-75.208,1547.0,6,0,0,0,0,0,0,0,0,,0,0,0,15,1,2,1,,0.0,39 58:08.299,,0,75 12:28.925,8,0,0,0,67301,0,0,0,N,0,0,0,3,67301,0,,1,1,,N,N,,1,,0,0,0,3,3,,1500,2,2,0,0,0,2,0,3,4,0,2,3,,N,,,,,,,,,,,
2006105749,1958.0,1,0,0,0,0,0,0,0,0,7,0,,67,8,2006,4,40.0124,-75.1814,1950.0,6,0,0,1,0,0,0,0,0,2.0,0,0,0,19,4,1,0,,2.0,40 00:51.000,4.0,0,75 10:43.558,3,0,0,0,67301,0,0,0,N,0,0,0,1,67301,0,,2,1,,N,N,,0,,1,0,0,3,8,N,1946,1,1,0,0,1,0,0,3,4,0,1,3,,N,,,,,,,,,,,
2006105810,1752.0,2,0,0,0,0,0,0,0,0,4,0,,67,8,2006,1,39.9401,-75.1712,1747.0,6,0,0,0,0,0,1,0,0,,0,0,0,17,1,2,1,,0.0,39 56:24.529,,0,75 10:16.431,8,0,0,0,67301,0,0,0,N,0,0,0,6,67301,0,,1,1,,N,N,,0,,0,0,0,3,3,,1745,2,2,0,0,0,2,1,3,4,0,2,3,,N,,,,,,,,,,,
2006113442,1739.0,2,0,0,0,0,0,0,0,0,4,0,,67,9,2006,3,40.0132,-75.0849,1739.0,6,0,0,0,0,0,0,0,1,3.0,0,0,0,16,1,2,0,,2.0,40 00:47.548,4.0,7,75 05:05.758,4,0,0,0,67301,0,0,0,,0,0,0,2,67301,2,,5,1,,N,N,,0,,0,0,0,0,0,Y,1605,2,2,0,0,2,0,0,3,4,0,2,3,,N,,,,,,,,,,,
2006113446,610.0,1,0,0,0,0,0,0,0,0,7,0,,67,9,2006,1,40.0319,-75.083,610.0,6,0,0,0,0,0,0,0,0,,0,0,0,6,5,0,0,,0.0,40 01:54.000,,0,75 04:59.626,0,0,0,0,67301,0,0,0,,0,0,0,1,67301,0,,2,1,,N,N,,0,,0,0,0,0,0,,610,0,1,0,0,1,0,0,3,4,0,1,3,,N,,,,,,,,,,,
2006116038,1414.0,2,0,0,0,0,0,0,0,0,4,0,,67,10,2006,3,40.0092,-75.1379,1404.0,6,0,0,0,1,0,0,0,0,,0,0,0,13,1,1,3,,0.0,40 00:33.000,,0,75 08:16.328,8,0,0,0,67301,0,0,0,,0,0,0,2,67301,0,,1,1,,N,,,0,,0,0,0,0,0,,1345,1,2,0,0,0,1,0,3,4,0,2,3,,N,,,,,,,,,,,
2006116069,1513.0,3,0,0,0,0,0,0,0,0,4,0,,67,10,2006,4,40.1288,-75.0137,1510.0,6,0,0,0,0,0,2,0,0,2.0,0,0,0,15,1,2,1,,2.0,40 07:43.000,1.0,0,75 00:49.390,3,0,0,0,67301,1,0,0,N,1,0,0,4,67301,1,,1,1,,N,N,,0,,1,0,0,3,2,Y,1508,2,4,0,0,0,0,0,3,4,0,3,3,,N,,,,,,,,,,,
2006116073,2210.0,2,0,0,0,0,0,0,0,0,4,0,,67,10,2006,5,39.954,-75.1682,2200.0,6,0,0,0,0,0,1,0,0,,0,0,0,21,3,1,1,,0.0,39 57:14.000,,0,75 10:05.486,8,0,0,0,67301,0,0,0,N,0,0,0,2,67301,0,,1,1,,N,N,,0,,0,0,0,3,2,,2140,1,2,0,0,0,1,0,3,4,0,2,3,,N,,,,,,,,,,,
2006103375,1113.0,2,0,0,0,0,0,0,0,0,1,0,,67,8,2006,7,40.0353,-75.1214,1113.0,6,0,0,0,0,0,1,0,0,,0,0,0,11,1,3,0,,0.0,40 02:06.000,,0,75 07:17.299,4,0,0,1,67301,0,0,0,,0,0,0,3,67301,3,,1,1,,,,,0,,0,0,0,3,1,,1112,3,3,0,0,0,0,0,3,4,0,3,3,,N,,,,,,,,,,,
2006035768,850.0,2,0,0,0,0,0,0,0,0,1,0,,67,3,2006,4,40.0163,-75.1755,844.0,6,0,0,0,0,0,0,0,0,1.0,0,0,0,8,1,1,0,,2.0,40 00:58.000,4.0,0,75 10:32.307,4,0,0,0,67301,0,0,0,N,0,0,0,2,67301,1,,1,1,,N,N,,0,,0,0,0,3,8,N,842,1,2,0,0,0,0,0,3,4,0,2,3,,N,,,,,,,,,,,
2006035789,1428.0,1,0,0,0,0,0,0,0,0,4,0,,67,1,2006,3,40.0619,-75.1632,1423.0,6,0,0,0,0,0,0,0,0,1.0,0,0,0,14,1,3,1,,2.0,40 03:42.000,7.0,0,75 09:47.303,8,0,0,0,67301,0,0,0,N,0,0,0,4,67301,0,,1,1,,N,N,,0,,0,0,2,3,2,Y,1423,3,3,0,0,0,3,1,3,4,0,3,3,,N,,,,,,,,,,,
2006054085,1450.0,1,0,0,0,0,0,0,0,0,8,0,,67,4,2006,6,,,1445.0,6,0,0,0,0,0,0,0,0,,0,0,0,14,1,1,0,,0.0,,,0,,4,0,0,0,67301,1,0,0,,1,0,0,2,67301,1,,1,1,,N,N,,0,,0,0,0,0,0,,1435,1,2,0,0,0,0,0,3,3,0,1,3,,N,,,,,,,,,,,
2006037203,830.0,1,0,0,0,0,0,0,0,0,8,0,,67,2,2006,4,39.9568,-75.1556,830.0,6,0,0,0,0,0,0,0,0,,0,0,0,8,1,1,1,,0.0,39 57:24.000,,0,75 09:19.902,3,0,0,0,67301,1,0,0,,1,0,0,2,67301,0,,1,7,,N,N,,0,,1,0,0,3,2,,830,1,2,0,0,0,0,0,3,4,0,1,98,,N,,,,,,,,,,,
2006034885,1542.0,2,0,0,0,0,0,0,0,0,2,0,,67,2,2006,2,39.9817,-75.1452,1540.0,6,0,1,0,0,0,1,0,0,,0,0,0,15,1,2,2,,0.0,39 58:54.156,,0,75 08:42.853,4,0,0,0,67301,0,0,0,,0,0,0,4,67301,2,,1,1,,N,N,,0,,0,0,0,9,3,,1540,2,2,0,0,0,0,0,3,4,0,2,3,,N,,,,,,,,,,,
2006022188,830.0,2,0,0,0,0,0,0,0,0,5,0,,67,1,2006,3,39.9265,-75.1665,825.0,6,1,0,0,0,0,0,0,0,,0,0,0,8,1,0,0,,0.0,39 55:35.263,,0,75 09:59.482,0,0,0,0,67301,0,0,0,,0,0,0,1,67301,0,,6,1,,,,,0,,0,0,0,0,0,,820,0,2,0,0,0,0,0,3,4,0,2,3,,N,,,,,,,,,,,
2006023958,655.0,1,0,0,0,0,0,0,0,0,7,0,,67,1,2006,3,39.914,-75.2216,645.0,6,0,0,0,0,0,1,0,0,,0,0,0,6,5,1,0,,0.0,39 54:55.000,,0,75 13:16.361,8,0,0,0,67301,0,0,0,Y,0,0,0,1,67301,0,,5,1,,N,N,,0,,0,0,0,0,0,,638,1,1,0,0,0,1,0,3,4,0,1,3,,N,,,,,,,,,,,
2006053788,1602.0,2,0,0,0,0,0,0,0,0,4,0,,67,4,2006,6,39.9575,-75.1469,1600.0,6,0,0,1,0,0,0,0,0,,0,0,0,15,1,1,0,,0.0,39 57:27.360,,8,75 08:51.360,8,0,0,0,67301,0,0,0,N,0,0,0,7,67501,0,,1,1,,N,N,,0,,0,0,1,0,0,,1558,1,3,0,0,0,1,0,3,4,0,3,3,,N,,,,,,,,,,,
2006020534,1007.0,2,0,0,0,0,0,0,0,0,1,0,,67,1,2006,5,39.9223,-75.1533,1004.0,6,0,0,1,0,0,0,0,0,,0,0,0,10,1,1,1,,0.0,39 55:20.000,,0,75 09:12.186,4,0,0,0,67301,0,0,0,N,0,0,0,4,67301,1,,1,9,,N,N,,0,,0,0,0,3,2,,1000,1,2,0,0,0,0,0,3,4,0,2,3,,N,,,,,,,,,,,
2006022082,2300.0,1,0,0,0,0,0,0,0,0,1,0,,67,1,2006,3,40.0565,-75.0464,2300.0,6,0,0,0,0,0,0,0,0,2.0,0,0,0,23,3,1,1,,1.0,40 03:23.000,1.0,0,75 02:47.198,8,0,0,0,67301,0,0,0,N,0,0,0,3,67301,0,,1,1,,N,N,,1,,0,0,0,3,2,N,2300,1,2,0,0,1,1,2,3,4,0,2,3,,N,,,,,,,,,,,
2006055892,220.0,2,0,0,0,0,0,0,0,0,1,0,,67,4,2006,7,,,211.0,6,0,0,0,0,0,0,0,0,1.0,0,0,0,2,3,0,0,,1.0,,1.0,3,,9,0,0,0,67301,0,0,0,N,0,0,0,3,67301,0,,1,1,,N,N,,0,,0,0,0,0,0,N,211,0,3,0,0,0,0,1,3,3,0,3,3,,N,,,,,,,,,,,
2006092447,1505.0,1,0,0,0,0,0,0,0,0,8,0,,67,8,2006,4,,,1500.0,6,0,0,0,0,0,1,0,0,,0,0,0,14,1,1,1,,0.0,,,0,,4,0,0,0,67301,1,0,0,N,1,0,0,2,67301,1,,1,1,,N,N,,0,,0,0,0,0,0,,1445,1,2,0,0,0,0,0,3,3,0,1,3,,N,,,,,,,,,,,
2006092588,1705.0,1,0,0,0,0,0,0,0,0,6,0,,67,8,2006,2,40.0425,-75.1023,1658.0,6,0,0,0,0,0,0,0,0,,0,0,0,20,3,1,1,,0.0,40 02:33.115,,0,75 06:08.409,3,0,0,1,67301,0,0,0,,0,0,0,2,67301,0,,1,98,,,,,0,,1,0,0,0,0,,2030,1,2,0,0,0,0,0,3,4,0,2,99,,N,,,,,,,,,,,
2006056406,236.0,1,0,0,0,0,0,0,0,0,4,0,,67,4,2006,7,39.9681,-75.2068,235.0,6,0,0,0,0,0,0,0,0,,0,0,0,2,3,1,1,,0.0,39 58:05.019,,0,75 12:24.436,8,0,0,0,67301,0,0,0,N,0,0,0,3,67301,0,,1,1,,N,N,,0,,0,0,1,3,3,,230,1,2,0,0,0,1,0,3,4,0,2,3,,N,,,,,,,,,,,
2006053902,1430.0,2,0,0,0,0,0,0,0,0,4,0,,67,4,2006,1,40.0534,-74.9831,1412.0,6,0,0,0,0,0,1,0,0,1.0,0,0,0,14,1,2,0,,1.0,40 03:12.393,4.0,0,74 58:59.189,4,0,0,0,67301,0,0,0,,0,0,0,2,67301,2,,1,1,,,,,0,,0,0,0,0,0,N,1410,2,2,0,0,0,0,0,3,4,0,2,3,,N,,,,,,,,,,,
2006053968,2008.0,0,0,0,0,0,0,0,0,0,8,0,,67,4,2006,6,40.0468,-75.0703,2008.0,6,0,0,0,1,0,0,0,0,,0,0,0,20,3,1,1,,0.0,40 02:48.000,,0,75 04:13.036,4,0,0,0,67301,1,0,0,N,1,0,0,2,67301,1,,1,1,,N,N,,0,,0,0,0,3,2,,2008,1,2,0,0,0,0,0,3,4,1,1,3,,N,,,,,,,,,,,
2006092912,1414.0,2,0,0,0,0,0,0,0,0,4,0,,67,8,2006,7,40.0197,-75.1657,1413.0,6,0,0,0,0,0,2,0,0,,0,0,0,14,1,0,1,,0.0,40 01:10.999,,0,75 09:56.602,0,0,0,0,67301,0,0,0,N,0,0,0,2,67301,0,,1,1,,N,N,,0,,0,0,0,2,3,,1410,0,2,0,0,0,0,0,3,4,0,2,3,,N,,,,,,,,,,,
2006053883,2218.0,1,0,0,0,0,0,0,0,0,8,0,,67,4,2006,5,40.0558,-75.159,2210.0,6,0,0,0,0,0,0,0,0,,0,0,0,22,3,1,0,,0.0,40 03:20.000,,0,75 09:32.397,8,0,0,0,67301,1,0,0,N,1,0,0,3,67301,0,,1,1,,N,N,,0,,0,0,0,0,0,,2208,1,2,0,0,0,1,0,3,4,0,1,3,,N,,,,,,,,,,,
2006018437,552.0,0,0,0,0,0,0,1,0,0,4,1,,67,1,2006,4,40.0115,-75.0698,551.0,6,0,0,0,0,0,1,0,0,1.0,0,0,0,5,3,0,1,,1.0,40 00:41.000,2.0,0,75 04:11.189,0,0,0,0,67301,0,0,0,N,0,0,0,4,67301,0,,1,9,,N,N,,0,,0,0,0,3,2,N,548,0,2,0,0,0,0,0,3,4,1,2,99,,N,,,,,,,,,,,
2006033041,816.0,0,0,0,0,0,0,0,0,0,0,0,,67,1,2006,6,,,815.0,6,0,0,0,0,0,1,0,0,3.0,0,1,0,8,1,1,0,,2.0,,2.0,0,,4,0,0,0,67301,1,0,0,,1,0,0,2,67301,1,,5,1,,N,N,,0,,0,0,0,0,0,Y,800,1,2,0,0,0,0,0,3,3,0,1,3,,N,,,,,,,,,,,
2006032808,1725.0,2,0,0,0,0,0,0,0,0,4,0,,67,2,2006,2,40.0527,-75.0074,1417.0,6,0,0,0,0,0,0,0,0,,0,0,0,17,1,0,0,,0.0,40 03:09.000,,0,75 00:27.120,0,0,0,0,67301,0,0,0,N,0,0,0,2,67301,0,,1,1,,N,N,,0,,0,0,0,0,0,,1700,0,2,0,0,0,0,0,3,4,0,2,3,,N,,,,,,,,,,,
2006053524,1900.0,1,0,0,0,0,0,0,0,0,7,0,,67,4,2006,4,39.9869,-75.0912,1852.0,6,0,1,0,0,0,0,0,0,1.0,0,0,0,18,1,0,0,,1.0,39 59:12.000,2.0,0,75 05:28.298,0,0,0,0,67301,0,0,0,N,0,0,0,4,67301,0,,2,1,,N,N,,0,,0,0,0,0,0,N,1850,0,1,0,0,0,0,0,3,4,0,1,3,,N,,,,,,,,,,,
2006020103,1802.0,2,0,0,0,0,0,0,0,0,1,0,,67,1,2006,7,,,1800.0,6,0,0,0,0,0,0,0,0,,0,0,0,17,2,1,1,,0.0,,,0,,4,0,0,0,67301,0,0,0,N,0,0,0,5,67301,1,,1,1,,N,N,,0,,0,0,0,9,3,,1759,1,2,0,0,0,0,1,3,3,0,2,3,,N,,,,,,,,,,,
2006019859,1530.0,2,0,0,0,0,0,0,0,0,1,0,,67,1,2006,1,,,1530.0,6,0,0,0,0,0,0,0,0,,0,0,0,15,1,0,0,,0.0,,,0,,9,0,0,0,67301,0,0,0,N,0,0,0,1,67301,0,,6,1,,N,N,,0,,0,0,0,9,3,,1530,0,2,0,0,1,0,1,3,3,0,2,3,,N,,,,,,,,,,,
2006080041,1855.0,1,0,0,0,0,0,0,0,0,7,0,,67,6,2006,4,39.9073,-75.1497,1850.0,6,0,0,0,0,0,0,0,0,1.0,0,0,0,18,1,2,0,,1.0,39 54:26.280,2.0,0,75 08:58.920,3,0,0,0,67301,0,0,0,N,0,0,0,2,67301,0,,2,1,,N,N,,0,,2,0,0,0,0,N,1845,2,1,0,0,0,0,0,3,4,0,1,3,,N,,,,,,,,,,,
2006065400,2105.0,1,0,0,0,0,0,0,0,0,8,0,,67,5,2006,4,39.9417,-75.1501,2100.0,6,0,0,0,0,0,0,0,0,,0,0,0,21,3,1,0,,0.0,39 56:30.217,,0,75 09:00.514,8,0,0,0,67301,1,0,0,N,1,0,0,2,67301,0,,2,1,,N,N,,0,,0,0,0,0,0,,2100,1,2,0,0,0,1,1,3,4,0,1,3,,N,,,,,,,,,,,
2006065465,810.0,1,0,0,0,0,0,0,0,0,1,0,,67,5,2006,4,40.0181,-75.0511,805.0,6,0,0,0,0,0,1,0,0,,0,0,0,8,1,1,0,,0.0,40 01:05.000,,0,75 03:04.143,8,0,0,0,67301,0,0,0,N,0,0,0,3,67301,0,,1,1,,N,N,,1,,0,0,0,0,0,,800,1,2,0,0,0,1,2,3,4,0,2,3,,N,,,,,,,,,,,
2006055471,1935.0,2,0,0,0,0,0,0,0,0,1,0,,67,3,2006,2,40.0697,-75.039,1929.0,6,0,0,0,0,0,0,0,0,,0,0,0,19,2,2,0,,0.0,40 04:11.060,,0,75 02:20.460,4,0,0,0,67301,0,0,0,N,0,0,0,3,67301,2,,1,1,,N,N,,0,,0,0,0,0,0,,1928,2,2,0,0,0,0,0,3,4,0,2,3,,N,,,,,,,,,,,
2006055631,1435.0,2,0,0,0,0,0,0,0,0,4,0,,67,2,2006,2,39.9573,-75.2479,1430.0,6,0,0,0,0,0,0,0,0,,0,0,0,12,1,2,1,,0.0,39 57:26.000,,0,75 14:52.592,8,0,0,0,67301,0,0,0,N,0,0,0,3,67301,0,,1,1,,N,N,,0,,0,0,0,3,2,,1255,2,2,0,0,0,2,0,3,4,0,2,3,,N,,,,,,,,,,,
2006113380,703.0,5,0,0,0,0,0,0,0,0,4,0,,67,9,2006,7,40.0248,-75.1097,700.0,6,0,1,0,0,0,0,0,0,,0,0,0,7,3,3,1,,0.0,40 01:29.000,,0,75 06:34.979,8,0,0,0,67301,0,0,0,,0,0,0,3,67301,0,,1,1,,N,N,,0,,0,0,0,3,2,,700,3,6,0,0,0,3,0,3,4,1,6,3,,N,,,,,,,,,,,
2006113421,2019.0,1,0,0,0,0,0,0,0,0,1,0,,67,10,2006,5,39.9974,-75.1588,2016.0,6,0,0,0,0,0,0,0,0,1.0,0,0,0,20,3,1,0,,2.0,39 59:50.570,5.0,0,75 09:31.512,4,0,0,0,67301,0,0,0,,0,0,0,2,67301,1,,1,1,,,,,0,,0,0,0,0,0,Y,2005,1,2,0,0,0,0,0,3,4,1,2,3,,N,,,,,,,,,,,
2006116032,1635.0,1,0,0,1,0,0,0,0,0,5,0,,67,10,2006,5,39.9501,-75.164,1627.0,6,0,0,0,0,0,0,0,0,,0,0,0,16,1,1,1,,0.0,39 57:00.000,,0,75 09:50.299,4,0,0,0,67301,1,0,0,N,0,0,0,2,67301,1,,1,1,,N,N,,0,,0,0,0,3,1,,1620,1,2,0,0,1,0,0,3,4,0,1,3,,N,,,,,,,,,,,
2006116060,441.0,1,0,0,0,0,0,0,0,0,4,0,,67,9,2006,7,40.0363,-75.0258,441.0,6,0,0,0,1,0,0,0,0,2.0,0,0,0,4,3,0,1,,2.0,40 02:10.516,6.0,0,75 01:32.995,0,0,0,0,67301,0,0,0,N,0,0,0,5,67301,0,,1,1,,N,N,,0,,0,0,1,3,3,Y,441,0,2,0,0,0,0,0,3,4,0,2,3,,N,,,,,,,,,,,
2006054207,851.0,2,0,0,0,0,0,0,0,0,4,0,,67,4,2006,1,39.9867,-75.2506,847.0,6,0,0,0,0,0,0,0,0,,0,0,0,8,1,1,1,,0.0,39 59:12.000,,0,75 15:02.682,4,0,0,0,67301,0,0,0,N,0,0,0,2,67301,1,,1,9,,N,N,,0,,0,0,0,3,3,,845,1,2,0,0,0,0,0,3,4,0,2,7,,N,,,,,,,,,,,