CRN,ARRIVAL_TM,AUTOMOBILE_COUNT,BELTED_DEATH_COUNT,BELTED_SUSP_SERIOUS_INJ_COUNT,BICYCLE_COUNT,BICYCLE_DEATH_COUNT,BICYCLE_SUSP_SERIOUS_INJ_COUNT,BUS_COUNT,CHLDPAS_DEATH_COUNT,CHLDPAS_SUSP_SERIOUS_INJ_COUNT,COLLISION_TYPE,COMM_VEH_COUNT,CONS_ZONE_SPD_LIM,COUNTY,CRASH_MONTH,CRASH_YEAR,DAY_OF_WEEK,DEC_LAT,DEC_LONG,DISPATCH_TM,DISTRICT,DRIVER_COUNT_16YR,DRIVER_COUNT_17YR,DRIVER_COUNT_18YR,DRIVER_COUNT_19YR,DRIVER_COUNT_20YR,DRIVER_COUNT_50_64YR,DRIVER_COUNT_65_74YR,DRIVER_COUNT_75PLUS,EST_HRS_CLOSED,FATAL_COUNT,HEAVY_TRUCK_COUNT,HORSE_BUGGY_COUNT,HOUR_OF_DAY,ILLUMINATION,INJURY_COUNT,INTERSECT_TYPE,INTERSECTION_RELATED,LANE_CLOSED,LATITUDE,LN_CLOSE_DIR,LOCATION_TYPE,LONGITUDE,MAX_SEVERITY_LEVEL,MCYCLE_DEATH_COUNT,MCYCLE_SUSP_SERIOUS_INJ_COUNT,MOTORCYCLE_COUNT,MUNICIPALITY,NONMOTR_COUNT,NONMOTR_DEATH_COUNT,NONMOTR_SUSP_SERIOUS_INJ_COUNT,NTFY_HIWY_MAINT,PED_COUNT,PED_DEATH_COUNT,PED_SUSP_SERIOUS_INJ_COUNT,PERSON_COUNT,POLICE_AGCY,POSSIBLE_INJ_COUNT,RDWY_SURF_TYPE_CD,RELATION_TO_ROAD,ROAD_CONDITION,ROADWAY_CLEARED,SCH_BUS_IND,SCH_ZONE_IND,SECONDARY_CRASH,SMALL_TRUCK_COUNT,SPEC_JURIS_CD,SUSP_MINOR_INJ_COUNT,SUSP_SERIOUS_INJ_COUNT,SUV_COUNT,TCD_FUNC_CD,TCD_TYPE,TFC_DETOUR_IND,TIME_OF_DAY,TOT_INJ_COUNT,TOTAL_UNITS,UNB_DEATH_COUNT,UNB_SUSP_SERIOUS_INJ_COUNT,UNBELTED_OCC_COUNT,UNK_INJ_DEG_COUNT,UNK_INJ_PER_COUNT,URBAN_AREA,URBAN_RURAL,VAN_COUNT,VEHICLE_COUNT,WEATHER1,WEATHER2,WORK_ZONE_IND,WORK_ZONE_LOC,WORK_ZONE_TYPE,WORKERS_PRES,WZ_CLOSE_DETOUR,WZ_FLAGGER,WZ_LAW_OFFCR_IND,WZ_LN_CLOSURE,WZ_MOVING,WZ_OTHER,WZ_SHLDER_MDN,WZ_WORKERS_INJ_KILLED
2006054053,2210.0,1,0,0,0,0,0,0,0,0,7,0,,67,4,2006,3,40.0107,-75.1508,2140.0,6,0,0,0,0,0,0,0,0,,0,0,0,21,3,2,1,,0.0,40 00:38.000,,0,75 09:03.485,4,0,0,0,67301,0,0,0,,0,0,0,8,67301,2,,2,9,,N,N,,0,,0,0,0,0,0,,2145,2,1,0,0,1,0,0,3,4,0,1,7,,N,,,,,,,,,,,
2006054072,1900.0,1,0,0,0,0,0,0,0,0,8,0,,67,4,2006,2,40.0339,-75.1164,1908.0,6,0,1,0,0,0,0,0,0,,0,0,0,19,1,2,0,,0.0,40 02:01.993,,7,75 06:58.917,2,0,0,0,67301,2,0,1,N,2,0,1,3,67301,0,,1,1,,N,N,,0,,0,1,0,0,0,,1900,2,3,0,0,0,1,0,3,4,0,1,3,,N,,,,,,,,,,,
2006036855,1532.0,1,0,0,0,0,0,0,0,0,8,0,,67,2,2006,3,39.9522,-75.1452,1525.0,6,0,0,0,0,0,1,0,0,,0,0,0,15,1,1,1,,0.0,39 57:07.560,,0,75 08:43.080,4,0,0,0,67301,1,0,0,,1,0,0,2,67301,1,,1,1,,N,N,,0,,0,0,0,3,2,,1523,1,2,0,0,0,0,0,3,4,0,1,3,,N,,,,,,,,,,,
2006036856,735.0,2,0,0,0,0,0,0,0,0,1,0,,67,2,2006,4,,,732.0,6,0,0,0,0,0,3,0,0,1.0,0,0,0,7,1,1,0,,1.0,,3.0,0,,8,0,0,0,67301,0,0,0,N,0,0,0,4,67301,0,,1,1,,N,N,,1,,0,0,0,0,0,Y,700,1,4,0,0,0,1,0,3,3,1,4,7,5.0,N,,,,,,,,,,,
2006021365,359.0,3,0,0,0,0,0,0,0,0,1,0,,67,1,2006,1,39.9858,-75.2156,351.0,6,0,0,0,0,1,0,0,0,,0,0,0,22,8,2,1,,0.0,39 59:08.000,,0,75 12:56.367,8,0,0,0,67301,0,0,0,,0,0,0,5,67301,0,,1,98,,N,N,,0,,0,0,0,0,0,,2200,2,4,0,0,0,2,3,3,4,1,4,98,,N,,,,,,,,,,,
2006053487,1635.0,0,0,0,0,0,0,1,0,0,8,1,,67,3,2006,5,,,1630.0,6,0,0,0,0,0,0,1,0,,0,0,0,16,1,1,0,,0.0,,,0,,8,0,0,0,67301,1,0,0,N,1,0,0,2,67301,0,,1,1,,N,N,,0,,0,0,0,0,0,,1630,1,2,0,0,0,1,0,3,3,0,1,3,,N,,,,,,,,,,,
2006014540,1821.0,3,0,0,0,0,0,0,0,0,1,0,,67,1,2006,3,39.9962,-75.2372,9999.0,6,0,0,0,0,0,0,0,0,,0,0,0,18,3,1,0,,0.0,39 59:46.000,,0,75 14:14.254,4,0,0,0,67301,0,0,0,N,0,0,0,3,46104,1,,1,1,,N,N,,0,,0,0,0,0,0,,1819,1,3,0,0,0,0,0,3,4,0,3,3,,N,,,,,,,,,,,
2006094882,9999.0,2,0,0,0,0,0,0,0,0,1,0,,67,7,2006,1,40.0276,-75.1101,9999.0,6,0,0,0,0,0,0,1,0,,0,0,0,1,3,2,5,,0.0,40 01:39.000,,0,75 06:35.901,8,0,0,0,67301,0,0,0,N,0,0,0,2,67301,0,,1,1,,N,N,,0,,0,0,0,3,2,,112,2,2,0,0,0,2,0,3,4,0,2,3,,N,,,,,,,,,,,
2006055898,123.0,0,0,0,0,0,0,0,0,0,7,0,,67,3,2006,6,40.0218,-75.1126,120.0,6,0,0,0,0,0,1,0,0,,0,0,0,1,3,1,0,,0.0,40 01:18.000,,0,75 06:45.037,8,0,0,0,67301,0,0,0,N,0,0,0,1,67301,0,,2,1,,N,N,,1,,0,0,0,0,0,,120,1,1,0,0,0,1,0,3,4,0,1,3,,N,,,,,,,,,,,
2006055913,2110.0,3,0,0,0,0,0,0,0,0,4,0,,67,3,2006,7,,,2045.0,6,0,0,0,0,0,0,0,0,1.0,0,0,0,20,3,1,0,,2.0,,1.0,0,,4,0,0,0,67301,0,0,0,N,0,0,0,3,67301,1,,1,1,,N,N,,0,,0,0,0,0,0,Y,2035,1,3,0,0,0,0,0,3,3,0,3,3,,N,,,,,,,,,,,
2006053896,105.0,2,0,0,0,0,0,0,0,0,4,0,,67,3,2006,7,40.0374,-75.0479,105.0,6,0,0,0,0,0,0,0,0,,0,0,0,1,3,0,0,,0.0,40 02:14.506,,0,75 02:52.558,0,0,0,0,67301,0,0,0,N,0,0,0,1,67301,0,,6,1,,N,N,,0,,0,0,0,0,0,,102,0,2,0,0,0,0,0,3,4,0,2,3,,N,,,,,,,,,,,
2006053881,1630.0,1,0,0,0,0,0,0,0,0,8,0,,67,4,2006,6,40.042,-75.1768,1623.0,6,0,0,0,0,0,0,1,0,,0,0,0,16,1,1,1,,0.0,40 02:31.156,,0,75 10:36.627,3,0,0,0,67301,1,0,0,N,1,0,0,2,67301,0,,1,1,,N,N,,0,,1,0,0,3,2,,1613,1,2,0,0,0,0,0,3,4,0,1,3,,N,,,,,,,,,,,
2006033409,256.0,1,0,0,0,0,0,0,0,0,7,0,,67,1,2006,7,39.9514,-75.1827,252.0,6,0,0,0,0,0,0,0,0,1.0,0,0,0,2,3,1,7,,1.0,39 57:08.000,4.0,2,75 10:55.228,8,0,0,0,67301,0,0,0,Y,0,0,0,2,67301,0,,3,1,,N,N,,0,,0,0,0,0,0,N,249,1,1,0,0,0,1,0,3,4,0,1,3,,N,,,,,,,,,,,
2006035695,9999.0,2,0,0,0,0,0,0,0,0,5,0,,67,2,2006,7,40.001,-75.148,9999.0,6,0,0,0,0,0,0,0,0,,0,0,0,23,3,2,1,,0.0,40 00:03.000,,0,75 08:53.711,8,0,0,0,67301,0,0,0,,0,0,0,3,67301,0,,1,7,,N,N,,0,,0,0,0,9,2,,2330,2,2,0,0,0,2,0,3,4,0,2,10,,N,,,,,,,,,,,
2006033281,237.0,1,0,0,0,0,0,0,0,0,7,0,,67,2,2006,2,40.0805,-74.9771,233.0,6,0,0,0,0,0,0,0,0,,0,0,0,2,3,0,0,,0.0,40 04:49.669,,0,74 58:37.660,0,0,0,0,67301,0,0,0,N,0,0,0,1,67301,0,,5,1,,N,N,,0,,0,0,0,0,0,,230,0,1,0,0,0,0,0,3,4,0,1,3,,N,,,,,,,,,,,
2006033303,810.0,1,0,0,0,0,0,0,0,0,8,0,,67,3,2006,4,,,805.0,6,0,0,0,0,0,1,0,0,,0,0,0,7,1,1,1,,0.0,,,0,,4,0,0,0,67301,1,0,0,N,1,0,0,2,67301,1,,1,1,,N,N,,0,,0,0,0,9,3,,755,1,2,0,0,0,0,0,3,3,0,1,3,,N,,,,,,,,,,,
2006019842,728.0,2,0,0,0,0,0,0,0,0,1,0,,67,1,2006,4,40.0765,-75.0821,713.0,6,0,0,0,0,0,1,0,0,,0,0,0,7,1,1,0,,0.0,40 04:35.000,,0,75 04:55.919,8,0,0,0,67301,0,0,0,,0,0,0,2,67301,0,,1,9,,N,N,,0,,0,0,0,0,0,,710,1,2,0,0,0,1,0,3,4,0,2,7,,N,,,,,,,,,,,
2006019848,1906.0,2,0,0,0,0,0,0,0,0,4,0,,67,1,2006,2,40.087,-75.0358,1853.0,6,0,0,0,0,0,0,0,0,2.0,0,0,0,18,3,4,1,,1.0,40 05:12.000,5.0,0,75 02:08.655,4,0,0,0,67301,0,0,0,,0,0,0,4,67301,4,,1,9,,N,N,,0,,0,0,0,9,3,N,1853,4,2,0,0,0,0,0,3,4,0,2,7,,N,,,,,,,,,,,
2006080020,1723.0,1,0,0,0,0,0,1,0,0,5,1,,67,5,2006,5,40.0489,-75.1838,1719.0,6,0,0,0,0,0,1,0,0,,0,0,0,17,1,1,0,,0.0,40 02:56.000,,0,75 11:01.979,4,0,0,0,67301,0,0,0,N,0,0,0,2,67301,1,,1,1,,N,N,,0,,0,0,0,0,0,,1708,1,2,0,0,0,0,0,3,4,0,2,3,,N,,,,,,,,,,,
2006065011,1445.0,1,0,0,0,0,0,0,0,0,4,0,,67,5,2006,7,40.0903,-75.0609,1440.0,6,0,1,0,0,0,1,0,0,,0,0,0,14,1,1,2,,0.0,40 05:25.231,,0,75 03:39.293,8,0,0,0,67301,0,0,0,N,0,0,0,2,67301,0,,1,9,,N,N,,1,,0,0,0,9,3,,1430,1,2,0,0,0,1,0,3,4,0,2,3,,N,,,,,,,,,,,
2006065326,1705.0,2,0,0,0,0,0,0,0,0,4,0,,67,5,2006,3,40.0113,-75.1061,1700.0,6,0,0,0,0,0,0,0,0,,0,0,0,16,1,0,0,,0.0,40 00:40.528,,0,75 06:21.819,0,0,0,0,67301,0,0,0,N,0,0,0,2,67301,0,,1,1,,N,N,,0,,0,0,0,0,0,,1618,0,2,0,0,0,0,0,3,4,0,2,3,,N,,,,,,,,,,,
2006065334,1808.0,1,0,0,0,0,0,0,0,0,8,0,,67,6,2006,6,,,1806.0,6,0,0,0,0,0,0,0,0,,0,0,0,18,1,1,1,,0.0,,,0,,8,0,0,0,67301,1,0,0,N,1,0,0,2,67301,0,,1,9,,N,N,,0,,0,0,0,3,3,,1806,1,2,0,0,0,1,0,3,3,0,1,7,,N,,,,,,,,,,,
2006055474,309.0,1,0,0,0,0,0,0,0,0,7,0,,67,3,2006,7,40.0904,-75.0091,307.0,6,0,0,0,0,0,0,0,0,,0,0,0,3,3,1,10,,0.0,40 05:25.357,,0,75 00:32.853,3,0,0,0,67301,0,0,0,,0,0,0,1,67301,0,,5,1,,,,,0,,1,0,0,0,0,,305,1,1,0,0,0,0,0,3,4,0,1,3,,N,,,,,,,,,,,
2006126458,1530.0,2,0,0,0,0,0,0,0,0,4,0,,67,10,2006,7,39.9773,-75.1694,1528.0,6,0,0,0,1,0,0,0,0,,0,0,0,15,1,3,1,,0.0,39 58:38.000,,0,75 10:09.797,3,0,0,0,67301,0,0,0,N,0,0,0,3,67301,2,,1,1,,N,N,,0,,1,0,0,3,2,,1502,3,2,0,0,0,0,0,3,4,0,2,3,,N,,,,,,,,,,,
2006104925,1150.0,2,0,0,0,0,0,0,0,0,5,0,99.0,67,9,2006,4,40.0274,-75.0981,1143.0,6,0,0,0,0,0,1,0,0,,0,0,0,11,1,1,0,,0.0,40 01:38.000,,0,75 05:52.441,4,0,0,0,67301,0,0,0,N,0,0,0,4,67301,1,,1,1,,N,N,,0,,0,0,0,0,0,,1135,1,2,0,0,0,0,0,3,4,0,2,3,,Y,8.0,3.0,N,,,N,Y,,,,
2006102474,1715.0,1,0,0,0,0,0,0,0,0,4,1,,67,8,2006,2,39.9404,-75.198,1657.0,6,0,1,0,0,0,0,1,0,9.0,0,1,0,15,1,0,0,,1.0,39 56:24.000,1.0,0,75 11:53.000,0,0,0,0,67301,0,0,0,N,0,0,0,4,67301,0,,1,1,,N,N,,0,,0,0,0,0,0,Y,1511,0,2,0,0,0,0,0,3,4,0,2,3,,N,,,,,,,,,,,
2006124233,1344.0,2,0,0,0,0,0,0,0,0,4,0,,67,10,2006,2,39.9613,-75.1752,1342.0,6,0,0,0,0,0,0,2,0,,0,0,0,13,1,3,1,,0.0,39 57:40.000,,0,75 10:31.301,4,0,0,0,67301,0,0,0,N,0,0,0,3,67301,3,,1,1,,N,N,,0,,0,0,0,3,2,,1342,3,2,0,0,0,0,0,3,4,0,2,3,,N,,,,,,,,,,,
2006124235,1020.0,1,0,0,0,0,0,0,0,0,8,0,,67,10,2006,2,,,1015.0,6,0,0,0,0,0,0,0,0,,0,0,0,10,1,1,1,,0.0,,,0,,4,0,0,0,67301,1,0,0,N,1,0,0,2,67301,1,,1,1,,N,N,,0,,0,0,0,3,3,,1010,1,2,0,0,0,0,0,3,3,0,1,3,,N,,,,,,,,,,,
2006115160,1712.0,1,0,0,0,0,0,0,0,0,8,0,,67,10,2006,6,40.0066,-75.076,1710.0,6,0,0,0,0,0,0,0,0,,0,0,0,16,1,1,0,,0.0,40 00:23.904,,0,75 04:33.456,8,0,0,0,67301,1,0,0,N,1,0,0,3,67301,0,,1,1,,N,N,,0,,0,0,0,0,0,,1640,1,2,0,0,0,1,0,3,4,0,1,3,,N,,,,,,,,,,,
2006127097,808.0,2,0,0,0,0,0,0,0,0,5,0,,67,10,2006,6,39.9543,-75.1915,802.0,6,0,0,0,0,0,1,0,0,,0,0,0,7,3,2,0,,0.0,39 57:15.000,,0,75 11:29.330,4,0,0,0,67301,0,0,0,N,0,0,0,4,67301,2,,1,9,,N,N,,0,,0,0,0,3,2,,745,2,2,0,0,0,0,0,3,4,0,2,7,,N,,,,,,,,,,,
2006127111,1938.0,1,0,0,0,0,0,0,0,0,4,0,,67,10,2006,6,40.0619,-75.235,1934.0,6,0,0,0,0,0,0,0,0,4.0,1,0,0,99,3,1,0,,2.0,40 03:42.955,6.0,7,75 14:06.129,1,1,0,1,67301,0,0,0,,0,0,0,4,67301,0,1.0,1,1,,N,N,,0,9.0,0,0,0,0,0,Y,9999,1,2,0,0,2,1,0,3,4,0,2,3,,N,,,,,,,,,,,
2006062200,1903.0,1,0,0,0,0,0,0,0,0,8,0,,67,5,2006,4,,,1900.0,6,0,0,0,0,0,1,0,0,,0,0,0,19,1,1,0,,0.0,,,0,,4,0,0,0,67301,1,0,0,,1,0,0,2,67301,1,,1,1,,N,N,,0,,0,0,0,0,0,,1900,1,2,0,0,0,0,0,3,3,0,1,3,,N,,,,,,,,,,,
2006062449,2247.0,1,0,0,0,0,0,0,0,0,1,0,,67,5,2006,5,39.9559,-75.1806,2236.0,6,0,0,0,0,0,0,0,0,1.0,0,0,0,22,3,0,6,,2.0,39 57:26.000,3.0,2,75 10:49.007,0,0,0,0,67301,0,0,0,N,0,0,0,2,67301,0,,1,9,,N,N,,0,,0,0,0,9,4,N,2233,0,2,0,0,0,0,0,3,4,1,2,7,,N,,,,,,,,,,,
2006062479,1233.0,3,0,0,0,0,0,0,0,0,1,0,,67,5,2006,2,40.0077,-75.1516,1230.0,6,0,0,0,0,0,0,0,0,,0,0,0,12,1,2,1,,0.0,40 00:27.000,,0,75 09:06.233,8,0,0,0,67301,0,0,0,,0,0,0,4,67301,0,,1,9,,,,,0,,0,0,0,3,2,,1225,2,3,0,0,1,2,0,3,4,0,3,7,,N,,,,,,,,,,,
2006093922,607.0,1,0,0,0,0,0,0,0,0,0,0,99.0,67,8,2006,6,40.0293,-75.0896,605.0,6,0,0,0,0,0,0,0,0,2.0,0,0,0,6,1,1,0,,1.0,40 01:45.000,3.0,6,75 05:23.150,3,0,0,0,67301,0,0,0,Y,0,0,0,5,67301,0,,1,98,,N,N,,0,,1,0,1,0,0,Y,602,1,3,0,0,0,0,0,3,4,0,2,3,,Y,4.0,2.0,N,,,U,,Y,Y,,
2006054990,452.0,0,0,0,0,0,0,0,0,0,1,0,,67,4,2006,1,,,450.0,6,0,0,0,0,0,0,0,0,,0,0,0,4,3,0,1,,0.0,,,0,,0,0,0,0,67301,2,0,0,N,0,0,0,3,67301,0,,9,1,,N,N,,0,,0,0,3,3,3,,448,0,3,0,0,0,0,0,3,3,0,3,3,,N,,,,,,,,,,,
2006055109,1247.0,2,0,0,0,0,0,0,0,0,5,0,,67,3,2006,2,40.0217,-75.1257,1245.0,6,0,0,0,0,0,0,0,0,,0,0,0,12,1,1,1,,0.0,40 01:18.141,,0,75 07:32.411,8,0,0,0,67301,0,0,0,N,0,0,0,3,67301,0,,1,1,,N,N,,0,,0,0,0,3,2,,1240,1,2,0,0,0,1,0,3,4,0,2,3,,N,,,,,,,,,,,
2006094079,842.0,1,0,0,0,0,0,0,0,0,4,0,,67,7,2006,5,40.0567,-75.0284,828.0,6,0,0,0,0,0,0,0,0,,0,0,0,8,1,1,5,,0.0,40 03:24.231,,0,75 01:42.351,4,0,0,0,67301,0,0,0,N,0,0,0,3,67301,1,,1,1,,N,N,,0,,0,0,1,3,2,,820,1,3,0,0,0,0,0,3,4,1,3,3,,N,,,,,,,,,,,
2006113413,206.0,0,0,0,0,0,0,0,0,0,1,0,,67,10,2006,6,40.0179,-75.1493,204.0,6,0,0,0,0,0,0,0,0,,0,0,0,99,3,1,1,,0.0,40 01:04.000,,0,75 08:57.510,8,0,0,0,67301,0,0,0,N,0,0,0,2,67301,0,,1,9,,N,N,,0,,0,0,2,3,2,,9999,1,2,0,0,0,1,0,3,4,0,2,3,,N,,,,,,,,,,,
2006113419,1617.0,1,0,0,0,0,0,0,0,0,4,0,,67,9,2006,3,,,1550.0,6,0,0,0,0,0,1,0,0,,0,0,0,9,1,1,0,,0.0,,,0,,8,0,0,0,67301,0,0,0,N,0,0,0,3,67301,0,,1,1,,N,N,,0,,0,0,0,0,0,,935,1,2,0,0,0,1,1,3,3,1,2,3,,N,,,,,,,,,,,
2006116067,9999.0,1,0,0,0,0,0,0,0,0,8,0,,67,10,2006,1,40.0344,-75.1177,1804.0,6,0,0,0,0,0,0,0,0,,0,0,0,99,1,1,0,,0.0,40 02:03.714,,0,75 07:03.547,3,0,0,0,67301,1,0,0,N,1,0,0,2,67301,0,,1,1,,N,N,,0,,1,0,0,3,3,,9999,1,2,0,0,0,0,0,3,4,0,1,3,,N,,,,,,,,,,,
2006034666,1827.0,1,0,0,0,0,0,0,0,0,4,0,,67,1,2006,6,40.0152,-75.1552,1823.0,6,0,0,0,0,0,1,0,0,2.0,0,0,0,18,3,1,1,,1.0,40 00:54.834,6.0,0,75 09:18.795,8,0,0,0,67301,0,0,0,N,0,0,0,2,67301,0,,1,1,,N,N,,0,,0,0,0,9,3,Y,1821,1,2,0,0,0,1,1,3,4,1,2,3,,N,,,,,,,,,,,
2006037111,1515.0,1,0,0,0,0,0,0,0,0,7,0,,67,2,2006,2,,,1510.0,6,0,0,0,0,0,0,0,0,,0,0,0,15,1,1,0,,0.0,,,0,,3,0,0,0,67301,0,0,0,,0,0,0,1,67301,0,,4,6,,N,N,,0,,1,0,0,0,0,,1500,1,1,0,0,0,0,0,3,3,0,1,99,,N,,,,,,,,,,,
2006032166,821.0,3,0,0,0,0,0,1,0,0,1,1,,67,1,2006,5,,,817.0,6,0,0,0,0,0,0,0,0,,0,0,0,7,1,2,1,,0.0,,,0,,4,0,0,0,67301,0,0,0,,0,0,0,6,67301,2,,1,1,,N,N,,0,,0,0,0,3,3,,755,2,4,0,0,0,0,2,3,3,0,4,3,,N,,,,,,,,,,,
2006018675,430.0,1,0,0,0,0,0,0,0,0,7,0,,67,1,2006,5,,,429.0,6,0,0,0,0,0,0,0,0,,0,0,0,4,3,1,0,,0.0,,,0,,4,0,0,0,67301,0,0,0,,0,0,0,1,67301,1,,4,1,,N,N,,0,,0,0,0,0,0,,429,1,1,0,0,0,0,0,3,3,0,1,3,,N,,,,,,,,,,,
2006021288,155.0,3,0,0,0,0,0,0,0,0,1,0,,67,1,2006,3,40.011,-75.1644,155.0,6,0,0,0,0,0,1,0,0,,0,0,0,1,3,1,0,,0.0,40 00:40.000,,0,75 09:52.660,8,0,0,0,67301,0,0,0,N,0,0,0,3,67301,0,,1,1,,N,N,,0,,0,0,0,3,2,,155,1,3,0,0,0,1,1,3,4,0,3,3,,N,,,,,,,,,,,
2006082031,746.0,1,0,0,0,0,0,0,0,0,8,0,,67,5,2006,3,,,735.0,6,0,0,0,0,0,1,0,0,,0,0,0,7,1,1,0,,0.0,,,0,,8,0,0,0,67301,1,0,0,N,1,0,0,2,67301,0,,1,1,,N,N,,0,,0,0,0,0,0,,733,1,2,0,0,0,1,0,3,3,0,1,3,,N,,,,,,,,,,,
2006082039,1850.0,1,0,0,0,0,0,0,0,0,8,0,,67,5,2006,1,40.0477,-75.0853,1845.0,6,0,0,0,0,0,1,0,0,,0,0,0,14,1,1,0,,0.0,40 02:51.583,,0,75 05:07.155,4,0,0,0,67301,1,0,0,N,1,0,0,2,67301,1,,5,1,,N,N,,0,,0,0,0,0,0,,1400,1,2,0,0,0,0,0,3,4,0,1,3,,N,,,,,,,,,,,
2006084517,1355.0,1,0,0,0,0,0,0,0,0,1,0,,67,8,2006,3,40.0071,-75.2137,1353.0,6,0,0,0,0,0,0,0,0,,0,0,0,13,1,1,1,,0.0,40 00:25.000,,0,75 12:50.314,8,0,0,0,67301,0,0,0,N,0,0,0,2,46104,0,,1,1,,N,N,,0,,0,0,1,3,2,,1353,1,2,0,0,0,1,0,3,4,0,2,3,,N,,,,,,,,,,,
2006053370,304.0,1,0,0,0,0,0,0,0,0,7,0,,67,2,2006,6,,,303.0,6,0,0,0,0,0,0,0,0,3.0,1,0,0,2,3,1,0,,2.0,,4.0,3,,1,0,0,0,67301,0,0,0,N,0,0,0,2,67501,0,1.0,3,9,,N,N,,0,0.0,1,0,0,3,1,Y,252,1,1,1,0,1,0,0,3,3,0,1,7,,N,,,,,,,,,,,
2006053714,1753.0,2,0,0,0,0,0,0,0,0,4,0,,67,4,2006,3,39.9955,-75.1541,1749.0,6,0,0,0,0,1,0,0,0,,0,0,0,14,1,1,1,,0.0,39 59:43.000,,0,75 09:15.103,4,0,0,0,67301,0,0,0,,0,0,0,2,67301,1,,1,1,,,,,0,,0,0,0,2,2,,1445,1,2,0,0,1,0,0,3,4,0,2,3,,N,,,,,,,,,,,
2006053775,1733.0,3,0,0,0,0,0,0,0,0,1,0,,67,3,2006,7,40.0279,-75.1065,1725.0,6,0,0,0,1,0,0,0,0,,0,0,0,17,4,0,2,,0.0,40 01:40.000,,0,75 06:23.264,0,0,0,0,67301,0,0,0,N,0,0,0,3,67301,0,,1,1,,N,N,,0,,0,0,0,3,2,,1720,0,3,0,0,0,0,0,3,4,0,3,3,,N,,,,,,,,,,,
2006053785,2228.0,1,0,0,0,0,0,0,0,0,9,0,,67,5,2006,3,,,2226.0,6,0,0,1,0,0,0,0,0,2.0,0,0,0,22,3,1,0,,2.0,,3.0,3,,4,0,0,0,67301,0,0,0,N,0,0,0,9,67501,1,,1,1,,N,N,,0,,0,0,3,3,8,N,2224,1,4,0,0,0,0,0,3,3,0,4,3,,N,,,,,,,,,,,
2006020530,703.0,2,0,0,0,0,0,0,0,0,4,0,,67,1,2006,4,,,658.0,6,0,0,0,0,0,0,0,0,,0,0,0,6,5,1,1,,0.0,,,0,,4,0,0,0,67301,0,0,0,N,0,0,0,3,67301,1,,1,1,,N,N,,0,,0,0,0,3,3,,655,1,2,0,0,0,0,0,3,3,0,2,3,,N,,,,,,,,,,,
2006094889,1000.0,0,0,0,0,0,0,0,0,0,7,0,,67,8,2006,3,,,1000.0,6,0,0,0,0,0,0,0,0,,0,0,0,9,1,1,0,,0.0,,,0,,3,0,0,0,67301,0,0,0,N,0,0,0,1,67301,0,,5,1,,N,N,,1,,1,0,0,0,0,,955,1,1,0,0,0,0,0,3,3,0,1,3,,N,,,,,,,,,,,
2006094933,1613.0,1,0,0,0,0,0,0,0,0,5,0,,67,7,2006,4,,,1611.0,6,0,0,0,0,0,0,0,0,,0,0,0,16,1,1,1,,0.0,,,0,,4,0,0,1,67301,0,0,0,N,0,0,0,2,67301,1,,1,1,,N,N,,0,,0,0,0,3,2,,1609,1,2,0,0,0,0,0,3,3,0,2,3,,N,,,,,,,,,,,
2006094935,9999.0,2,0,0,0,0,0,0,0,0,4,0,,67,7,2006,7,,,1548.0,6,0,0,0,0,0,2,0,0,,0,0,0,99,1,1,2,,0.0,,,0,,4,0,0,0,67301,0,0,0,,0,0,0,2,67301,1,,1,1,,N,N,,0,,0,0,0,9,2,,9999,1,2,0,0,1,0,0,3,3,0,2,3,,N,,,,,,,,,,,
2006055914,413.0,1,0,0,0,0,0,0,0,0,7,0,,67,3,2006,4,,,413.0,6,0,0,0,0,0,0,0,0,1.0,0,0,0,4,3,2,0,,1.0,,4.0,0,,3,0,0,0,67301,0,0,0,N,0,0,0,3,67301,0,,5,1,,N,N,,0,,2,0,0,0,0,N,410,2,1,0,0,0,0,0,3,3,0,1,3,,N,,,,,,,,,,,
2006056168,9999.0,2,0,0,0,0,0,0,0,0,4,0,,67,3,2006,5,39.9261,-75.2248,2108.0,6,0,0,0,0,0,0,0,0,2.0,0,0,0,21,1,1,1,,1.0,39 55:33.000,3.0,0,75 13:29.786,8,0,0,0,67301,0,0,0,N,0,0,0,2,67301,0,,1,1,,N,N,,0,,0,0,0,3,2,Y,2100,1,2,0,0,0,1,0,3,4,0,2,3,,N,,,,,,,,,,,
2006053978,1140.0,1,0,0,0,0,0,0,0,0,1,0,,67,4,2006,1,40.0491,-75.0625,1140.0,6,0,0,0,0,0,0,0,0,,0,0,0,11,1,1,1,,0.0,40 02:56.000,,0,75 03:44.714,8,0,0,0,67301,0,0,0,N,0,0,0,2,67301,0,,1,1,,N,N,,1,,0,0,0,3,2,,1115,1,2,0,0,0,1,1,3,4,0,2,3,,N,,,,,,,,,,,
2006092926,1615.0,2,0,0,0,0,0,0,0,0,2,0,,67,8,2006,6,40.0339,-75.0743,1610.0,6,0,0,0,0,0,0,0,0,,0,0,0,16,1,2,1,,0.0,40 02:01.000,,0,75 04:27.369,4,0,0,0,67301,0,0,0,N,0,0,0,3,67301,2,,1,1,,N,N,,0,,0,0,0,3,2,,1600,2,2,0,0,0,0,0,3,4,0,2,3,,N,,,,,,,,,,,