CRN,ARRIVAL_TM,AUTOMOBILE_COUNT,BELTED_DEATH_COUNT,BELTED_SUSP_SERIOUS_INJ_COUNT,BICYCLE_COUNT,BICYCLE_DEATH_COUNT,BICYCLE_SUSP_SERIOUS_INJ_COUNT,BUS_COUNT,CHLDPAS_DEATH_COUNT,CHLDPAS_SUSP_SERIOUS_INJ_COUNT,COLLISION_TYPE,COMM_VEH_COUNT,CONS_ZONE_SPD_LIM,COUNTY,CRASH_MONTH,CRASH_YEAR,DAY_OF_WEEK,DEC_LAT,DEC_LONG,DISPATCH_TM,DISTRICT,DRIVER_COUNT_16YR,DRIVER_COUNT_17YR,DRIVER_COUNT_18YR,DRIVER_COUNT_19YR,DRIVER_COUNT_20YR,DRIVER_COUNT_50_64YR,DRIVER_COUNT_65_74YR,DRIVER_COUNT_75PLUS,EST_HRS_CLOSED,FATAL_COUNT,HEAVY_TRUCK_COUNT,HORSE_BUGGY_COUNT,HOUR_OF_DAY,ILLUMINATION,INJURY_COUNT,INTERSECT_TYPE,INTERSECTION_RELATED,LANE_CLOSED,LATITUDE,LN_CLOSE_DIR,LOCATION_TYPE,LONGITUDE,MAX_SEVERITY_LEVEL,MCYCLE_DEATH_COUNT,MCYCLE_SUSP_SERIOUS_INJ_COUNT,MOTORCYCLE_COUNT,MUNICIPALITY,NONMOTR_COUNT,NONMOTR_DEATH_COUNT,NONMOTR_SUSP_SERIOUS_INJ_COUNT,NTFY_HIWY_MAINT,PED_COUNT,PED_DEATH_COUNT,PED_SUSP_SERIOUS_INJ_COUNT,PERSON_COUNT,POLICE_AGCY,POSSIBLE_INJ_COUNT,RDWY_SURF_TYPE_CD,RELATION_TO_ROAD,ROAD_CONDITION,ROADWAY_CLEARED,SCH_BUS_IND,SCH_ZONE_IND,SECONDARY_CRASH,SMALL_TRUCK_COUNT,SPEC_JURIS_CD,SUSP_MINOR_INJ_COUNT,SUSP_SERIOUS_INJ_COUNT,SUV_COUNT,TCD_FUNC_CD,TCD_TYPE,TFC_DETOUR_IND,TIME_OF_DAY,TOT_INJ_COUNT,TOTAL_UNITS,UNB_DEATH_COUNT,UNB_SUSP_SERIOUS_INJ_COUNT,UNBELTED_OCC_COUNT,UNK_INJ_DEG_COUNT,UNK_INJ_PER_COUNT,URBAN_AREA,URBAN_RURAL,VAN_COUNT,VEHICLE_COUNT,WEATHER1,WEATHER2,WORK_ZONE_IND,WORK_ZONE_LOC,WORK_ZONE_TYPE,WORKERS_PRES,WZ_CLOSE_DETOUR,WZ_FLAGGER,WZ_LAW_OFFCR_IND,WZ_LN_CLOSURE,WZ_MOVING,WZ_OTHER,WZ_SHLDER_MDN,WZ_WORKERS_INJ_KILLED
2006035595,330.0,2,0,0,0,0,0,0,0,0,1,0,,67,2,2006,7,39.9672,-75.1293,328.0,6,0,0,0,0,0,0,0,0,,0,0,0,3,3,1,1,,0.0,39 58:04.000,,0,75 07:43.149,8,0,0,0,67301,0,0,0,N,0,0,0,2,67301,0,,1,1,,N,N,,0,,0,0,0,3,2,,328,1,2,0,0,0,1,0,3,4,0,2,3,,N,,,,,,,,,,,
2006035696,117.0,0,0,0,0,0,0,0,0,0,7,0,,67,1,2006,5,,,115.0,6,0,0,0,0,0,0,0,0,,0,0,0,1,3,1,0,,0.0,,,0,,8,0,0,0,67301,0,0,0,,0,0,0,1,67301,0,,4,1,,N,N,,0,,0,0,1,0,0,,110,1,1,0,0,0,1,0,3,3,0,1,3,,N,,,,,,,,,,,
2006032839,1340.0,1,0,0,0,0,0,0,0,0,8,0,,67,2,2006,6,,,1330.0,6,0,0,0,0,0,0,1,0,,0,0,0,99,1,1,0,,0.0,,,0,,4,0,0,0,67301,1,0,0,N,1,0,0,2,67301,1,,6,1,,N,N,,0,,0,0,0,1,3,,9999,1,2,0,0,0,0,0,3,3,0,1,3,,N,,,,,,,,,,,
2006019881,735.0,2,0,0,0,0,0,0,0,0,1,0,,67,1,2006,5,40.1021,-75.0497,735.0,6,0,0,0,0,0,1,0,0,,0,0,0,7,1,1,0,,0.0,40 06:07.000,,0,75 02:59.183,8,0,0,0,67301,0,0,0,N,0,0,0,2,67301,0,,1,9,,N,N,,0,,0,0,0,0,0,,735,1,2,0,0,0,1,0,3,4,0,2,7,,N,,,,,,,,,,,
2006018274,1809.0,0,0,0,0,0,0,0,0,0,1,0,,67,1,2006,6,40.0302,-75.2115,1807.0,6,0,1,0,0,0,1,0,0,,0,0,0,18,3,2,0,,0.0,40 01:48.000,,0,75 12:41.523,4,0,0,0,67301,0,0,0,N,0,0,0,3,67301,2,,1,1,,N,N,,0,,0,0,1,3,2,,1806,2,2,0,0,0,0,0,3,4,1,2,3,,N,,,,,,,,,,,
2006053750,2227.0,1,0,0,0,0,0,0,0,0,7,0,,67,4,2006,1,40.0823,-75.0274,2223.0,6,0,0,0,0,0,0,0,0,,0,0,0,22,3,1,0,,0.0,40 04:56.000,,0,75 01:38.410,2,0,0,0,67301,0,0,0,N,0,0,0,1,67301,0,,3,1,,N,N,,0,,0,1,0,2,2,,2223,1,1,0,0,0,0,0,3,4,0,1,3,,N,,,,,,,,,,,
2006020100,1457.0,1,0,0,0,0,0,0,0,0,1,0,,67,1,2006,1,40.0393,-75.0839,1456.0,6,0,0,0,0,0,0,0,0,,0,0,0,14,1,1,0,,0.0,40 02:21.346,,0,75 05:02.130,4,0,0,0,67301,0,0,0,N,0,0,0,1,67301,1,,6,1,,N,N,,1,,0,0,0,0,0,,1455,1,2,0,0,0,0,0,3,4,0,2,3,,N,,,,,,,,,,,
2006020138,1455.0,2,0,0,0,0,0,0,0,0,4,0,,67,1,2006,4,,,1450.0,6,0,0,1,0,0,0,0,0,,0,0,0,14,1,1,1,,0.0,,,0,,8,0,0,0,67301,0,0,0,,0,0,0,2,67301,0,,1,1,,N,N,,0,,0,0,0,9,3,,1440,1,2,0,0,1,1,0,3,3,0,2,3,,N,,,,,,,,,,,
2006069781,1327.0,2,0,0,0,0,0,0,0,0,1,0,,67,6,2006,5,,,1237.0,6,0,0,0,0,1,1,0,0,,0,0,0,12,1,0,0,,0.0,,,0,,0,0,0,0,67301,0,0,0,,0,0,0,4,67501,0,,1,1,,N,N,,0,,0,0,0,0,0,,1237,0,2,0,0,0,0,0,3,3,0,2,3,,N,,,,,,,,,,,
2006062682,1826.0,2,0,0,0,0,0,0,0,0,5,0,,67,5,2006,5,,,1821.0,6,0,0,0,0,0,0,0,0,,0,0,0,18,1,1,1,,0.0,,,0,,4,0,0,0,67301,2,0,0,N,0,0,0,4,67301,1,,1,1,,N,N,,0,,0,0,0,0,0,,1815,1,2,0,0,2,0,1,3,3,0,2,3,,N,,,,,,,,,,,
2006062710,2228.0,1,0,0,0,0,0,1,0,0,5,1,,67,4,2006,7,,,2223.0,6,0,0,0,1,0,0,0,0,,0,0,0,22,6,0,0,,0.0,,,0,,9,0,0,0,67301,0,0,0,N,0,0,0,9,67301,0,,1,9,,N,N,,0,,0,0,0,0,0,,2206,0,2,0,0,0,0,1,3,3,0,2,7,,N,,,,,,,,,,,
2006062725,2130.0,1,0,0,0,0,0,0,0,0,1,0,,67,5,2006,5,39.9551,-75.1769,2120.0,6,0,0,0,0,0,0,0,0,,0,0,0,20,3,0,0,,0.0,39 57:17.000,,3,75 10:26.470,0,0,0,0,67301,0,0,0,,0,0,0,3,67301,0,,1,9,,,,,0,,0,0,1,3,2,,2045,0,2,0,0,0,0,0,3,4,0,2,7,,N,,,,,,,,,,,
2006065324,1933.0,1,0,0,0,0,0,0,0,0,8,0,,67,5,2006,1,39.992,-75.1179,1931.0,6,0,0,0,0,0,1,0,0,,0,0,0,19,4,1,0,,0.0,39 59:31.189,,0,75 07:04.562,4,0,0,0,67301,1,0,0,N,1,0,0,3,67301,1,,1,1,,N,N,,0,,0,0,0,0,0,,1930,1,2,0,0,2,0,0,3,4,0,1,3,,N,,,,,,,,,,,
2006065508,1900.0,2,0,0,0,0,0,0,0,0,4,0,,67,5,2006,4,40.0591,-75.0447,1855.0,6,0,0,0,0,0,0,0,0,1.0,0,0,0,18,1,1,5,,1.0,40 03:32.505,2.0,0,75 02:41.288,4,0,0,0,67301,0,0,0,N,0,0,0,3,67301,1,,1,1,,N,N,,0,,0,0,0,3,2,Y,1853,1,2,0,0,0,0,0,3,4,0,2,3,,N,,,,,,,,,,,
2006065516,1730.0,1,0,0,0,0,0,0,0,0,1,0,,67,5,2006,4,40.0398,-75.0712,1723.0,6,0,0,0,0,0,0,0,0,,0,0,0,17,1,1,1,,0.0,40 02:23.298,,0,75 04:16.265,8,0,0,0,67301,0,0,0,N,0,0,0,2,67301,0,,1,1,,N,N,,1,,0,0,0,3,3,,1700,1,2,0,0,0,1,1,3,4,0,2,3,,N,,,,,,,,,,,
2006065546,742.0,2,0,0,0,0,0,0,0,0,1,0,,67,5,2006,6,,,737.0,6,0,0,0,0,0,0,0,0,1.0,0,0,0,7,1,1,0,,1.0,,3.0,0,,3,0,0,0,67301,0,0,0,N,0,0,0,4,67301,0,,1,1,,N,N,,1,,1,0,0,0,0,N,732,1,3,0,0,0,0,0,3,3,0,3,3,,N,,,,,,,,,,,
2006055580,1622.0,2,0,0,0,0,0,0,0,0,4,0,,67,3,2006,5,,,1618.0,6,0,0,0,0,0,0,0,0,,0,0,0,16,1,2,1,,0.0,,,0,,4,0,0,0,67301,3,0,0,N,0,0,0,5,67301,2,,1,1,,N,N,,0,,0,0,0,0,0,,1600,2,3,0,0,0,0,0,3,3,0,2,3,,N,,,,,,,,,,,
2006055702,1406.0,3,0,0,0,0,0,0,0,0,0,0,,67,4,2006,5,40.0277,-75.0996,1406.0,6,0,0,0,0,0,1,1,0,,0,0,0,13,1,1,0,,0.0,40 01:40.000,,0,75 05:59.668,8,0,0,0,67301,0,0,0,N,0,0,0,3,67301,0,,1,1,,N,N,,0,,0,0,0,0,0,,1355,1,3,0,0,0,1,0,3,4,0,3,3,,N,,,,,,,,,,,
2006060833,201.0,2,0,0,0,0,0,0,0,0,6,0,,67,5,2006,1,,,200.0,6,0,0,0,0,0,0,0,0,2.0,0,0,0,1,3,2,0,,2.0,,6.0,0,,8,0,0,0,67301,0,0,0,N,0,0,0,5,67301,0,,1,1,,N,N,,0,,0,0,0,0,0,Y,159,2,2,0,0,0,2,0,3,3,0,2,3,,N,,,,,,,,,,,
2006104823,2234.0,1,0,0,0,0,0,0,0,0,8,0,,67,8,2006,5,39.9898,-75.1177,2230.0,6,0,0,0,0,0,1,0,0,,0,0,0,22,3,1,1,,0.0,39 59:23.112,,0,75 07:03.787,8,0,0,0,67301,1,0,0,,1,0,0,2,67301,0,,1,1,,,,,0,,0,0,0,0,0,,2226,1,2,0,0,0,1,0,3,4,0,1,3,,N,,,,,,,,,,,
2006104929,2350.0,1,0,0,0,0,0,0,0,0,7,0,,67,8,2006,1,40.1026,-74.9904,2343.0,6,0,0,0,1,0,0,0,0,,0,0,0,23,3,0,0,,0.0,40 06:09.000,,0,74 59:24.449,0,0,0,0,67301,0,0,0,N,0,0,0,1,67301,0,,2,9,,N,N,,0,,0,0,0,0,0,,2342,0,1,0,0,0,0,0,3,4,0,1,7,,N,,,,,,,,,,,
2006081611,1605.0,2,0,0,0,0,0,0,0,0,4,0,,67,6,2006,1,40.0148,-75.0855,1558.0,6,0,0,0,1,0,0,0,0,,0,0,0,15,1,1,1,,0.0,40 00:53.000,,0,75 05:07.674,4,0,0,0,67301,0,0,0,N,0,0,0,4,67301,1,,1,1,,N,N,,0,,0,0,0,3,2,,1545,1,2,0,0,0,0,0,3,4,0,2,3,,N,,,,,,,,,,,
2006113288,1045.0,0,0,0,0,0,0,0,0,0,6,0,,67,10,2006,7,39.9939,-75.1419,1039.0,6,0,0,0,0,0,0,0,0,2.0,0,0,0,10,1,4,1,,2.0,39 59:38.137,4.0,0,75 08:30.674,2,0,0,0,67301,0,0,0,N,0,0,0,4,67301,3,,1,1,,N,N,,1,,0,1,0,3,2,N,1036,4,2,0,0,0,0,0,3,4,1,2,3,,N,,,,,,,,,,,
2006113363,1345.0,1,0,0,0,0,0,0,0,0,8,0,,67,9,2006,7,39.9656,-75.1904,1343.0,6,0,0,0,0,0,1,0,0,,0,0,0,13,1,1,2,,0.0,39 57:56.315,,0,75 11:25.496,8,0,0,0,67301,1,0,0,N,1,0,0,2,67301,0,,1,1,,N,N,,0,,0,0,0,3,3,,1330,1,2,0,0,1,1,0,3,4,0,1,3,,N,,,,,,,,,,,
2006113368,1815.0,2,0,0,0,0,0,0,0,0,4,0,,67,10,2006,1,,,1805.0,6,0,0,0,0,0,0,0,0,,0,0,0,18,1,1,0,,0.0,,,0,,4,0,0,0,67301,0,0,0,N,0,0,0,6,67301,1,,1,1,,N,N,,1,,0,0,0,0,0,,1800,1,3,0,0,0,0,0,3,3,0,3,3,,N,,,,,,,,,,,
2006113384,2012.0,3,0,0,0,0,0,0,0,0,4,0,,67,6,2006,5,40.017,-75.0664,2010.0,6,0,0,0,0,0,0,0,0,,0,0,0,20,6,2,0,,0.0,40 01:01.138,,0,75 03:58.941,3,0,0,0,67301,0,0,0,N,0,0,0,3,67301,1,,1,1,,N,N,,0,,1,0,0,0,0,,2010,2,3,0,0,0,0,0,3,4,0,3,3,,N,,,,,,,,,,,
2006115871,1236.0,2,0,0,0,0,0,0,0,0,1,0,,67,10,2006,5,39.9231,-75.1596,1234.0,6,0,0,0,0,0,1,0,0,,0,0,0,12,1,1,1,,0.0,39 55:23.000,,0,75 09:34.904,4,0,0,0,67301,0,0,0,N,0,0,0,3,67301,1,,1,1,,N,N,,0,,0,0,0,3,2,,1229,1,2,0,0,0,0,2,3,4,0,2,3,,N,,,,,,,,,,,
2006115876,940.0,1,0,0,0,0,0,0,0,0,8,0,,67,9,2006,7,39.9796,-75.1711,930.0,6,0,0,0,0,0,0,0,0,,0,0,0,9,1,1,1,,0.0,39 58:46.000,,0,75 10:16.138,4,0,0,0,67301,1,0,0,N,1,0,0,2,67301,1,,1,1,,N,N,,0,,0,0,0,0,0,,910,1,2,0,0,0,0,0,3,4,0,1,3,,N,,,,,,,,,,,
2006113410,1548.0,1,0,0,0,0,0,0,0,0,8,0,,67,10,2006,3,40.0367,-75.0854,1544.0,6,0,0,0,0,0,0,0,0,,0,0,0,15,1,1,0,,0.0,40 02:12.004,,0,75 05:07.461,3,0,0,0,67301,1,0,0,N,1,0,0,2,67301,0,,1,1,,N,N,,0,,1,0,0,0,0,,1524,1,2,0,0,0,0,0,3,4,0,1,3,,N,,,,,,,,,,,
2006054205,1632.0,2,0,0,0,0,0,0,0,0,4,0,,67,5,2006,3,39.9643,-75.2464,1625.0,6,0,0,0,0,0,0,2,0,,0,0,0,16,1,1,1,,0.0,39 57:51.442,,0,75 14:46.946,4,0,0,0,67301,0,0,0,N,0,0,0,2,67301,1,,1,1,,N,N,,0,,0,0,0,0,0,,1607,1,2,0,0,0,0,1,3,4,0,2,3,,N,,,,,,,,,,,
2006054230,106.0,2,0,0,0,0,0,0,0,0,5,0,,67,4,2006,1,40.0081,-75.2028,100.0,6,0,0,0,0,0,0,0,0,1.0,0,0,0,1,3,0,6,,2.0,40 00:29.000,4.0,0,75 12:09.190,0,0,0,0,67301,0,0,0,N,0,0,0,3,67301,0,,1,9,,N,N,,0,,0,0,0,0,0,N,100,0,2,0,0,0,0,0,3,4,0,2,7,,N,,,,,,,,,,,
2006038173,235.0,2,0,0,0,0,0,0,0,0,3,0,,67,3,2006,1,39.9755,-75.1949,230.0,6,0,0,0,0,0,1,0,0,,0,0,0,2,3,0,0,,0.0,39 58:34.000,,0,75 11:45.042,0,0,0,0,67301,0,0,0,,0,0,0,2,67301,0,,1,1,,N,N,,0,,0,0,0,0,0,,225,0,2,0,0,0,0,0,3,4,0,2,3,,N,,,,,,,,,,,
2006035766,2225.0,2,0,0,0,0,0,0,0,0,1,0,,67,2,2006,3,40.0096,-75.1873,2218.0,6,0,0,0,0,0,0,0,0,,0,0,0,22,3,0,6,,0.0,40 00:34.000,,2,75 11:14.281,0,0,0,0,67301,0,0,0,,0,0,0,2,67301,0,,1,1,,N,N,,0,,0,0,0,0,0,,2217,0,2,0,0,0,0,0,3,4,0,2,3,,N,,,,,,,,,,,
2006035802,1314.0,3,0,0,0,0,0,0,0,0,2,0,,67,2,2006,4,40.0359,-75.1261,1313.0,6,0,0,0,0,0,0,0,0,1.0,0,0,0,13,1,5,0,,2.0,40 02:09.000,6.0,0,75 07:34.027,8,0,0,0,67301,0,0,0,N,0,0,0,7,67301,0,,1,9,,N,N,,0,,0,0,0,0,0,Y,1310,5,3,0,0,2,5,1,3,4,0,3,7,,N,,,,,,,,,,,
2006054099,1435.0,2,0,0,0,0,0,0,0,0,4,0,,67,4,2006,4,,,1430.0,6,0,0,0,0,1,1,0,0,,0,0,0,14,1,4,1,,0.0,,,0,,4,0,0,0,67301,0,0,0,N,0,0,0,5,67301,4,,1,1,,N,N,,0,,0,0,0,3,2,,1430,4,2,0,0,0,0,0,3,3,0,2,3,,N,,,,,,,,,,,
2006054172,1415.0,0,0,0,0,0,0,0,0,0,1,0,,67,4,2006,6,,,1415.0,6,0,0,0,0,0,0,1,0,,0,0,0,14,1,1,0,,0.0,,,5,,4,0,0,0,67301,0,0,0,N,0,0,0,5,67501,1,,1,9,,N,N,,0,,0,0,2,9,8,,1414,1,2,0,0,0,0,1,3,3,0,2,7,,N,,,,,,,,,,,
2006036803,1452.0,3,0,0,0,0,0,0,0,0,4,0,,67,2,2006,2,40.113,-75.0231,1447.0,6,0,1,0,0,0,1,0,0,1.0,0,0,0,14,1,2,1,,2.0,40 06:46.000,2.0,0,75 01:23.239,4,0,0,0,67301,0,0,0,,0,0,0,5,67301,1,,1,9,,N,N,,0,,0,0,0,3,2,Y,1445,2,3,0,0,0,1,0,3,4,0,3,98,,N,,,,,,,,,,,
2006037202,1828.0,1,0,0,0,0,0,0,0,0,8,0,,67,2,2006,5,39.9496,-75.1539,1827.0,6,0,0,0,0,0,0,0,0,,0,0,0,14,1,1,1,,0.0,39 56:58.000,,0,75 09:14.055,3,0,0,0,67301,1,0,0,,1,0,0,2,67301,0,,1,1,,,,,0,,1,0,0,9,2,,1445,1,2,0,0,0,0,0,3,4,0,1,3,,N,,,,,,,,,,,
2006023721,1608.0,1,0,0,0,0,0,1,0,0,4,1,,67,1,2006,5,40.0037,-75.1689,1603.0,6,0,0,0,0,0,0,0,0,,0,0,0,15,1,3,1,,0.0,40 00:13.000,,0,75 10:08.533,8,0,0,0,67301,0,0,0,,0,0,0,4,67301,0,,1,1,,N,N,,0,,0,0,0,3,2,,1504,3,2,0,0,0,3,1,3,4,0,2,3,,N,,,,,,,,,,,
2006053490,1550.0,2,0,0,0,0,0,0,0,0,5,1,,67,4,2006,3,39.8947,-75.2184,1530.0,6,0,0,0,0,0,1,0,0,1.0,0,1,0,15,1,0,0,,2.0,39 53:40.000,3.0,3,75 13:06.548,0,0,0,0,67301,0,0,0,N,0,0,0,3,67301,0,,1,1,,N,N,,0,,0,0,0,0,0,N,1525,0,3,0,0,0,0,0,3,4,0,3,3,,N,,,,,,,,,,,
2006053786,309.0,0,0,0,0,0,0,0,0,0,7,0,,67,4,2006,7,,,309.0,6,0,0,0,0,0,0,0,0,1.0,0,0,0,3,3,2,0,,2.0,,4.0,0,,3,0,0,0,67301,0,0,0,N,0,0,0,3,67501,1,,2,9,,N,N,,0,,1,0,1,3,8,Y,309,2,1,0,0,0,0,0,3,3,0,1,7,,N,,,,,,,,,,,
2006094874,1205.0,2,0,0,0,0,0,0,0,0,4,0,,67,7,2006,1,,,1200.0,6,0,0,0,2,0,0,0,0,,0,0,0,99,3,2,1,,0.0,,,0,,3,0,0,0,67301,0,0,0,N,0,0,0,4,67301,0,,1,9,,N,N,,0,,1,0,0,3,3,,9999,2,2,0,0,0,1,0,3,3,0,2,7,,N,,,,,,,,,,,
2006094902,1923.0,3,0,0,0,0,0,0,0,0,4,0,,67,7,2006,7,40.0444,-75.1435,1922.0,6,0,0,0,1,0,0,0,0,,0,0,0,19,1,2,1,,0.0,40 02:40.000,,0,75 08:36.527,8,0,0,0,67301,0,0,0,N,0,0,0,6,67301,0,,1,1,,N,N,,0,,0,0,0,3,2,,1920,2,3,0,0,0,2,0,3,4,0,3,3,,N,,,,,,,,,,,
2006094907,1625.0,2,0,0,0,0,0,0,0,0,4,0,,67,7,2006,2,40.0169,-75.1495,1625.0,6,0,0,0,0,0,0,0,0,,0,0,0,16,1,0,1,,0.0,40 01:00.000,,0,75 08:58.212,0,0,0,0,67301,0,0,0,N,0,0,0,2,67301,0,,1,1,,N,N,,0,,0,0,0,3,2,,1620,0,2,0,0,2,0,0,3,4,0,2,3,,N,,,,,,,,,,,
2006055895,1655.0,1,0,0,0,0,0,0,0,0,5,1,,67,3,2006,3,40.0072,-75.1234,1650.0,6,0,0,0,0,0,0,0,0,1.0,0,1,0,99,1,3,1,,1.0,40 00:26.000,1.0,0,75 07:24.342,8,0,0,0,67301,3,0,0,N,0,0,0,4,67301,0,,2,1,,N,N,,0,,0,0,0,3,4,N,9999,3,2,0,0,0,3,0,3,4,0,2,3,,N,,,,,,,,,,,
2006055948,330.0,1,0,0,0,0,0,0,0,0,7,0,,67,4,2006,2,,,330.0,6,0,0,0,0,0,0,0,0,1.0,0,0,0,3,3,0,1,,1.0,,1.0,0,,9,0,0,0,67301,0,0,0,N,0,0,0,1,67301,0,,3,1,,N,N,,0,,0,0,0,0,0,N,330,0,1,0,0,0,0,1,3,3,0,1,3,,N,,,,,,,,,,,
2006092598,1856.0,1,0,0,0,0,0,0,0,0,1,0,,67,8,2006,7,40.0412,-75.1156,1855.0,6,0,0,0,0,0,0,0,0,,0,0,0,18,1,3,2,,0.0,40 02:28.377,,0,75 06:56.005,4,0,0,0,67301,0,0,0,,0,0,0,6,67301,1,,1,1,,,,,0,,0,0,0,3,2,,1820,3,2,0,0,0,2,0,3,4,1,2,3,,N,,,,,,,,,,,
2006056118,1728.0,3,0,0,0,0,0,0,0,0,1,0,,67,3,2006,5,,,1723.0,6,0,0,0,0,0,0,0,0,,0,0,0,16,1,1,0,,0.0,,,0,,8,0,0,0,67301,0,0,0,N,0,0,0,1,67301,0,,6,1,,N,N,,0,,0,0,0,3,3,,1650,1,3,0,0,0,1,0,3,3,0,3,3,,N,,,,,,,,,,,
2006095243,1300.0,2,0,0,0,0,0,0,0,0,4,0,,67,8,2006,6,39.9219,-75.1702,1253.0,6,0,0,0,1,0,0,0,0,,0,0,0,12,1,2,1,,0.0,39 55:18.000,,0,75 10:12.714,4,0,0,0,67301,0,0,0,N,0,0,0,3,67301,2,,1,1,,N,N,,0,,0,0,0,3,2,,1253,2,2,0,0,0,0,0,3,4,0,2,3,,N,,,,,,,,,,,
2006061904,2325.0,2,0,0,0,0,0,0,0,0,1,0,,67,6,2006,5,40.0074,-75.2135,9999.0,6,0,0,0,0,0,1,0,0,,0,0,0,23,3,1,0,,0.0,40 00:26.000,,0,75 12:48.648,4,0,0,0,67301,0,0,0,N,0,0,0,2,46104,1,,1,9,,N,N,,0,,0,0,0,0,0,,2319,1,2,0,0,0,0,0,3,4,0,2,7,,N,,,,,,,,,,,
2006018383,1605.0,1,0,0,0,0,0,0,0,0,4,0,,67,1,2006,7,40.0808,-75.0284,1555.0,6,0,0,0,0,1,0,0,0,,0,0,0,15,1,1,5,,0.0,40 04:50.000,,0,75 01:41.993,4,0,0,0,67301,0,0,0,N,0,0,0,2,67301,1,,1,1,,N,N,,1,,0,0,0,3,2,,1530,1,2,0,0,0,0,0,3,4,0,2,3,,N,,,,,,,,,,,
2006018422,440.0,2,0,0,0,0,0,0,0,0,1,0,,67,1,2006,6,39.9684,-75.2353,440.0,6,0,0,0,0,0,1,0,0,,0,0,0,4,6,2,1,,0.0,39 58:06.000,,0,75 14:07.279,8,0,0,0,67301,0,0,0,N,0,0,0,2,67301,0,,1,1,,N,N,,0,,0,0,0,3,2,,448,2,2,0,0,0,2,0,3,4,0,2,3,,N,,,,,,,,,,,
2006018427,1840.0,0,0,0,0,0,0,0,0,0,4,0,,67,1,2006,2,40.0543,-75.0632,1835.0,6,0,0,0,0,0,0,0,0,,0,0,0,18,3,1,1,,0.0,40 03:15.000,,0,75 03:47.741,8,0,0,0,67301,0,0,0,N,0,0,0,2,67301,0,,1,1,,N,N,,1,,0,0,1,3,2,,1830,1,2,0,0,0,1,0,3,4,0,2,3,,N,,,,,,,,,,,
2006038665,1835.0,2,0,0,0,0,0,0,0,0,2,0,,67,2,2006,3,40.0446,-75.1446,1830.0,6,0,0,0,0,0,0,0,0,,0,0,0,18,1,1,1,,0.0,40 02:40.423,,0,75 08:40.657,4,0,0,0,67301,0,0,0,N,0,0,0,2,67301,1,,1,9,,N,N,,0,,0,0,0,9,3,,1828,1,2,0,0,0,0,0,3,4,0,2,3,,N,,,,,,,,,,,
2006035658,9999.0,2,0,0,0,0,0,0,0,0,1,0,,67,1,2006,5,39.9125,-75.243,1733.0,6,0,0,0,0,0,0,0,0,,0,0,0,17,1,1,2,,0.0,39 54:26.640,,0,75 14:28.680,8,0,0,0,67301,0,0,0,N,0,0,0,2,67301,0,,1,1,,N,N,,0,,0,0,0,3,2,,1713,1,2,0,0,0,1,1,3,4,0,2,3,,N,,,,,,,,,,,
2006035699,1618.0,1,0,0,0,0,0,0,0,0,8,0,,67,1,2006,7,,,1615.0,6,0,0,0,0,0,0,0,0,,0,0,0,16,1,1,0,,0.0,,,0,,3,0,0,0,67301,1,0,0,N,1,0,0,2,67301,0,,1,1,,N,N,,0,,1,0,0,0,0,,1615,1,2,0,0,0,0,0,3,3,0,1,3,,N,,,,,,,,,,,
2006033305,1248.0,1,0,0,0,0,0,0,0,0,8,0,,67,1,2006,3,,,1243.0,6,0,0,0,0,0,0,0,0,,0,0,0,12,1,1,1,,0.0,,,0,,4,0,0,0,67301,1,0,0,N,1,0,0,2,67301,1,,1,9,,N,N,,0,,0,0,0,3,3,,1240,1,2,0,0,0,0,0,3,3,0,1,7,,N,,,,,,,,,,,
2006019885,1450.0,2,0,0,0,0,0,0,0,0,2,0,,67,1,2006,2,40.0406,-75.2146,1448.0,6,0,0,1,0,0,0,0,0,,0,0,0,14,1,3,0,,0.0,40 02:25.000,,0,75 12:52.206,8,0,0,0,67301,0,0,0,N,0,0,0,3,67301,0,,1,8,,N,N,,0,,0,0,0,0,0,,1445,3,2,0,0,0,3,0,3,4,0,2,7,,N,,,,,,,,,,,
2006020490,1355.0,2,0,0,0,0,0,0,0,0,1,0,,67,1,2006,1,,,1350.0,6,0,0,0,0,0,0,0,0,,0,0,0,13,1,1,1,,0.0,,,0,,4,0,0,0,67301,0,0,0,,0,0,0,2,67301,1,,1,1,,,,,0,,0,0,0,9,2,,1348,1,2,0,0,0,0,0,3,3,0,2,3,,N,,,,,,,,,,,
2006020121,1625.0,2,0,0,0,0,0,0,0,0,4,0,,67,1,2006,2,40.0868,-74.9718,1610.0,6,0,0,0,0,0,0,0,0,,0,0,0,16,4,2,2,,0.0,40 05:12.000,,0,74 58:18.460,4,0,0,0,67301,0,0,0,N,0,0,0,3,67301,2,,1,9,,N,N,,0,,0,0,0,3,2,,1600,2,2,0,0,0,0,0,3,4,0,2,7,,N,,,,,,,,,,,
2006018360,1625.0,1,0,0,0,0,0,0,0,0,8,0,,67,1,2006,2,40.1235,-75.0154,1625.0,6,0,0,1,0,0,0,0,0,,0,0,0,16,3,1,1,,0.0,40 07:24.000,,0,75 00:55.665,8,0,0,0,67301,1,0,0,,1,0,0,2,67301,0,,1,9,,N,N,,0,,0,0,0,3,2,,1625,1,2,0,0,0,1,0,3,4,0,1,7,,N,,,,,,,,,,,