CRN,ARRIVAL_TM,AUTOMOBILE_COUNT,BELTED_DEATH_COUNT,BELTED_SUSP_SERIOUS_INJ_COUNT,BICYCLE_COUNT,BICYCLE_DEATH_COUNT,BICYCLE_SUSP_SERIOUS_INJ_COUNT,BUS_COUNT,CHLDPAS_DEATH_COUNT,CHLDPAS_SUSP_SERIOUS_INJ_COUNT,COLLISION_TYPE,COMM_VEH_COUNT,CONS_ZONE_SPD_LIM,COUNTY,CRASH_MONTH,CRASH_YEAR,DAY_OF_WEEK,DEC_LAT,DEC_LONG,DISPATCH_TM,DISTRICT,DRIVER_COUNT_16YR,DRIVER_COUNT_17YR,DRIVER_COUNT_18YR,DRIVER_COUNT_19YR,DRIVER_COUNT_20YR,DRIVER_COUNT_50_64YR,DRIVER_COUNT_65_74YR,DRIVER_COUNT_75PLUS,EST_HRS_CLOSED,FATAL_COUNT,HEAVY_TRUCK_COUNT,HORSE_BUGGY_COUNT,HOUR_OF_DAY,ILLUMINATION,INJURY_COUNT,INTERSECT_TYPE,INTERSECTION_RELATED,LANE_CLOSED,LATITUDE,LN_CLOSE_DIR,LOCATION_TYPE,LONGITUDE,MAX_SEVERITY_LEVEL,MCYCLE_DEATH_COUNT,MCYCLE_SUSP_SERIOUS_INJ_COUNT,MOTORCYCLE_COUNT,MUNICIPALITY,NONMOTR_COUNT,NONMOTR_DEATH_COUNT,NONMOTR_SUSP_SERIOUS_INJ_COUNT,NTFY_HIWY_MAINT,PED_COUNT,PED_DEATH_COUNT,PED_SUSP_SERIOUS_INJ_COUNT,PERSON_COUNT,POLICE_AGCY,POSSIBLE_INJ_COUNT,RDWY_SURF_TYPE_CD,RELATION_TO_ROAD,ROAD_CONDITION,ROADWAY_CLEARED,SCH_BUS_IND,SCH_ZONE_IND,SECONDARY_CRASH,SMALL_TRUCK_COUNT,SPEC_JURIS_CD,SUSP_MINOR_INJ_COUNT,SUSP_SERIOUS_INJ_COUNT,SUV_COUNT,TCD_FUNC_CD,TCD_TYPE,TFC_DETOUR_IND,TIME_OF_DAY,TOT_INJ_COUNT,TOTAL_UNITS,UNB_DEATH_COUNT,UNB_SUSP_SERIOUS_INJ_COUNT,UNBELTED_OCC_COUNT,UNK_INJ_DEG_COUNT,UNK_INJ_PER_COUNT,URBAN_AREA,URBAN_RURAL,VAN_COUNT,VEHICLE_COUNT,WEATHER1,WEATHER2,WORK_ZONE_IND,WORK_ZONE_LOC,WORK_ZONE_TYPE,WORKERS_PRES,WZ_CLOSE_DETOUR,WZ_FLAGGER,WZ_LAW_OFFCR_IND,WZ_LN_CLOSURE,WZ_MOVING,WZ_OTHER,WZ_SHLDER_MDN,WZ_WORKERS_INJ_KILLED
2006080049,908.0,1,0,0,0,0,0,0,0,0,4,0,,67,6,2006,7,40.0615,-75.1547,906.0,6,0,0,0,0,0,1,1,0,2.0,0,0,0,8,1,1,0,,2.0,40 03:41.292,2.0,0,75 09:16.808,4,0,0,0,67301,0,0,0,N,0,0,0,2,67301,1,,1,9,,N,N,,0,,0,0,0,0,0,N,855,1,2,0,0,0,0,0,3,4,1,2,7,,N,,,,,,,,,,,
2006065036,1938.0,2,0,0,0,0,0,0,0,0,1,0,,67,5,2006,2,40.0686,-75.244,1933.0,6,0,1,0,0,0,0,0,0,,0,0,0,19,4,2,0,,0.0,40 04:06.955,,0,75 14:38.514,4,0,0,0,67301,0,0,0,N,0,0,0,2,67301,2,,1,9,,N,N,,0,,0,0,0,0,0,,1925,2,2,0,0,0,0,0,3,4,0,2,7,,N,,,,,,,,,,,
2006055482,2341.0,2,0,0,0,0,0,0,0,0,5,0,,67,4,2006,6,39.9545,-75.1984,2339.0,6,0,0,0,0,0,1,0,0,,0,0,0,23,3,0,1,,0.0,39 57:18.000,,0,75 11:53.970,0,0,0,0,67301,0,0,0,N,0,0,0,2,67301,0,,1,1,,N,N,,0,,0,0,0,3,2,,2337,0,2,0,0,0,0,0,3,4,0,2,3,,N,,,,,,,,,,,
2006055585,2332.0,2,0,0,0,0,0,0,0,0,2,0,,67,3,2006,6,40.0601,-75.1538,2330.0,6,0,0,0,0,0,0,0,0,,0,0,0,23,3,0,10,,0.0,40 03:36.439,,0,75 09:13.575,9,0,0,0,67301,0,0,0,N,0,0,0,2,67301,0,,5,1,,N,N,,0,,0,0,0,0,0,,2320,0,2,0,0,0,0,1,3,4,0,2,3,,N,,,,,,,,,,,
2006113312,1409.0,0,0,0,0,0,0,0,0,0,8,0,,67,9,2006,7,39.9302,-75.222,1403.0,6,0,0,0,0,0,0,0,0,,0,0,0,13,1,1,2,,0.0,39 55:48.814,,0,75 13:19.146,4,0,0,0,67301,1,0,0,N,1,0,0,2,67301,1,,2,1,,N,N,,0,,0,0,0,3,3,,1355,1,2,0,0,0,0,1,3,4,1,1,3,,N,,,,,,,,,,,
2006115870,316.0,1,0,0,0,0,0,0,0,0,0,0,,67,10,2006,3,39.9642,-75.1842,311.0,6,0,0,0,1,0,0,0,0,2.0,0,0,0,3,6,1,0,,1.0,39 57:50.944,3.0,0,75 11:02.976,4,0,0,0,67301,0,0,0,Y,0,0,0,2,67301,1,,1,9,,N,N,,0,,0,0,0,0,0,N,311,1,1,0,0,0,0,0,3,4,0,1,7,,N,,,,,,,,,,,
2006105747,748.0,1,0,0,0,0,0,0,0,0,1,0,,67,8,2006,3,39.9594,-75.1738,745.0,6,0,0,0,0,0,0,0,0,,0,0,0,7,1,0,0,,0.0,39 57:35.000,,0,75 10:39.529,0,0,0,0,67301,0,0,0,,0,0,0,3,67301,0,,1,1,,,,,0,,0,0,1,0,0,,740,0,2,0,0,0,0,0,3,4,0,2,3,,N,,,,,,,,,,,
2006113435,1230.0,3,0,0,0,0,0,0,0,0,2,0,,67,9,2006,5,40.0003,-75.0995,1227.0,6,0,0,0,0,0,0,1,0,,0,0,0,12,1,0,0,,0.0,40 00:00.000,,0,75 05:58.001,0,0,0,0,67301,0,0,0,N,0,0,0,3,67301,0,,1,1,,N,N,,0,,0,0,0,0,0,,1205,0,3,0,0,0,0,0,3,4,0,3,3,,N,,,,,,,,,,,
2006105853,1700.0,1,0,0,0,0,0,0,0,0,4,0,,67,9,2006,2,39.921,-75.2289,1658.0,6,0,0,0,0,0,0,0,0,,0,0,0,16,1,0,1,,0.0,39 55:15.711,,0,75 13:44.158,0,0,0,0,67301,0,0,0,N,0,0,0,2,67301,0,,1,1,,N,N,,0,,0,0,0,3,2,,1650,0,2,0,0,0,0,0,3,4,1,2,3,,N,,,,,,,,,,,
2006054221,956.0,1,0,0,0,0,0,0,0,0,7,0,,67,4,2006,1,39.9967,-75.1972,951.0,6,0,0,0,0,0,0,0,0,9.0,0,0,0,9,1,0,0,,1.0,39 59:48.084,3.0,0,75 11:49.970,9,0,0,0,67301,0,0,0,N,0,0,0,5,67301,0,,9,9,,N,N,,0,,0,0,0,0,0,N,951,0,1,0,0,5,0,5,3,4,0,1,7,,N,,,,,,,,,,,
2006035783,1300.0,1,0,0,1,0,0,0,0,0,1,0,,67,1,2006,1,39.9927,-75.1203,1252.0,6,0,0,0,0,0,0,0,0,,0,0,0,12,1,1,1,,0.0,39 59:33.831,,0,75 07:13.101,3,0,0,0,67301,1,0,0,N,0,0,0,2,67301,0,,1,9,,N,N,,0,,1,0,0,3,2,,1240,1,2,0,0,0,0,0,3,4,0,1,7,,N,,,,,,,,,,,
2006054115,1634.0,0,0,0,0,0,0,0,0,0,8,0,,67,4,2006,4,,,1619.0,6,0,0,0,0,0,0,0,0,,0,0,0,16,1,1,0,,0.0,,,0,,2,0,0,0,67301,1,0,1,,1,0,1,2,67301,0,,9,1,,N,N,,1,,0,1,0,3,3,,1600,1,2,0,0,0,0,1,3,3,0,1,3,,N,,,,,,,,,,,
2006036867,1905.0,1,0,0,0,0,0,0,0,0,5,1,,67,2,2006,5,39.8886,-75.2181,1854.0,6,0,0,0,0,1,0,0,0,2.0,0,1,0,18,3,2,0,,1.0,39 53:17.000,2.0,0,75 13:03.759,3,0,0,0,67301,0,0,0,,0,0,0,3,67301,0,,1,1,,N,N,,0,,2,0,0,0,0,N,1853,2,2,0,0,0,0,1,3,4,0,2,3,,N,,,,,,,,,,,
2006036906,1233.0,2,0,0,0,0,0,0,0,0,5,0,,67,2,2006,3,40.0214,-75.1603,1231.0,6,0,0,0,0,0,1,0,0,2.0,0,0,0,12,1,0,0,,1.0,40 01:16.000,1.0,0,75 09:37.369,9,0,0,0,67301,1,0,0,N,0,0,0,2,67301,0,,1,1,,N,N,,0,,0,0,0,0,0,Y,1230,0,2,0,0,0,0,1,3,4,0,2,3,,N,,,,,,,,,,,
2006036908,9999.0,2,0,0,0,0,0,0,0,0,1,0,,67,3,2006,3,40.0029,-75.1839,1009.0,6,0,0,0,0,0,0,0,0,,0,0,0,99,1,1,1,,0.0,40 00:01.000,,0,75 11:13.336,4,0,0,0,67301,0,0,0,N,0,0,0,2,67301,1,,1,1,,N,N,,0,,0,0,0,3,2,,9999,1,2,0,0,0,0,0,3,4,0,2,3,,N,,,,,,,,,,,
2006092405,841.0,2,0,0,0,0,0,0,0,0,4,0,,67,8,2006,6,40.0795,-75.1735,840.0,6,0,0,0,0,0,0,0,0,,0,0,0,8,1,2,2,,0.0,40 04:46.334,,0,75 10:24.572,8,0,0,0,67301,0,0,0,N,0,0,0,2,67301,0,,1,1,,N,N,,0,,0,0,1,0,0,,835,2,3,0,0,0,2,0,3,4,0,3,3,,N,,,,,,,,,,,
2006081922,558.0,1,0,0,0,0,0,0,0,0,8,0,,67,7,2006,2,39.9566,-75.2098,555.0,6,0,0,0,0,0,0,0,0,,0,0,0,5,1,1,1,,0.0,39 57:23.000,,0,75 12:35.137,3,0,0,0,67301,1,0,0,N,1,0,0,4,67301,0,,1,1,,N,N,,0,,1,0,0,3,2,,555,1,2,0,0,0,0,0,3,4,0,1,3,,N,,,,,,,,,,,
2006081934,1655.0,3,0,0,0,0,0,0,0,0,4,0,,67,5,2006,6,40.0091,-75.1016,1645.0,6,0,0,0,0,0,0,0,0,,0,0,0,16,1,1,2,,0.0,40 00:32.738,,0,75 06:05.835,4,0,0,0,67301,0,0,0,N,0,0,0,2,67301,1,,1,1,,N,N,,0,,0,0,0,9,3,,1600,1,3,0,0,1,0,0,3,4,0,3,3,,N,,,,,,,,,,,
2006022080,1350.0,1,0,0,0,0,0,0,0,0,8,0,,67,1,2006,4,40.0196,-75.0899,1346.0,6,0,0,0,0,0,0,0,0,,0,0,0,13,1,1,0,,0.0,40 01:10.534,,0,75 05:23.650,8,0,0,0,67301,1,0,0,,1,0,0,2,67301,0,,1,1,,,,,0,,0,0,0,0,0,,1346,1,2,0,0,0,1,0,3,4,0,1,3,,N,,,,,,,,,,,
2006094891,1825.0,1,0,0,1,0,0,0,0,0,4,0,,67,8,2006,4,39.9966,-75.1225,1806.0,6,0,0,0,0,0,0,0,0,,0,0,0,99,1,1,0,,0.0,39 59:47.774,,0,75 07:20.866,4,0,0,0,67301,1,0,0,N,0,0,0,2,67301,1,,1,1,,N,N,,0,,0,0,0,0,0,,9999,1,2,0,0,0,0,1,3,4,0,1,3,,N,,,,,,,,,,,
2006055899,1330.0,1,0,0,0,0,0,0,0,0,8,0,,67,3,2006,4,40.0039,-75.1405,1325.0,6,0,0,0,1,0,0,0,0,,0,0,0,13,1,1,0,,0.0,40 00:14.094,,0,75 08:25.688,4,0,0,0,67301,1,0,0,Y,1,0,0,2,67301,1,,1,1,,N,N,,0,,0,0,0,0,0,,1335,1,2,0,0,0,0,0,3,4,0,1,3,,N,,,,,,,,,,,
2006055926,718.0,1,0,0,0,0,0,0,0,0,4,0,,67,3,2006,4,,,711.0,6,0,0,0,0,0,1,0,0,,0,0,0,7,1,1,1,,0.0,,,0,,4,0,0,0,67301,0,0,0,N,0,0,0,2,67301,1,,1,1,,N,N,,1,,0,0,0,3,2,,700,1,2,0,0,0,0,0,3,3,0,2,3,,N,,,,,,,,,,,
2006055835,1115.0,1,0,0,0,0,0,0,0,0,8,0,,67,4,2006,7,40.055,-75.1576,1102.0,6,0,0,0,0,0,0,0,0,,0,0,0,10,1,1,1,,0.0,40 03:18.000,,0,75 09:27.360,3,0,0,0,67301,1,0,0,N,1,0,0,2,67301,0,,1,1,,N,N,,0,,1,0,0,3,2,,1035,1,2,0,0,0,0,1,3,4,0,1,3,,N,,,,,,,,,,,
2006092490,2025.0,1,0,0,0,0,0,0,0,0,5,0,,67,8,2006,3,,,2020.0,6,0,0,0,0,0,0,0,0,,0,0,0,20,1,1,1,,0.0,,,0,,8,0,0,1,67301,0,0,0,N,0,0,0,2,67301,0,,1,1,,N,N,,0,,0,0,0,3,2,,2015,1,2,0,0,0,1,0,3,3,0,2,3,,N,,,,,,,,,,,
2006056125,2051.0,1,0,0,0,0,0,0,0,0,4,0,,67,3,2006,3,40.0444,-75.0727,2051.0,6,0,0,0,0,0,1,0,0,2.0,0,0,0,20,3,3,1,,2.0,40 02:39.840,7.0,0,75 04:21.720,4,0,0,0,67301,0,0,0,N,0,0,0,3,67301,3,,1,1,,N,N,,1,,0,0,0,2,2,Y,2049,3,2,0,0,0,0,0,3,4,0,2,3,,N,,,,,,,,,,,
2006095234,108.0,2,0,0,0,0,0,0,0,0,1,0,,67,6,2006,1,39.9539,-75.2287,107.0,6,0,0,0,0,0,0,0,0,,0,0,0,1,3,1,0,,0.0,39 57:13.860,,0,75 13:43.399,3,0,0,0,67301,0,0,0,N,0,0,0,1,67301,0,,6,9,,N,N,,1,,1,0,0,0,0,,105,1,3,0,0,0,0,0,3,4,0,3,7,,N,,,,,,,,,,,
2006092757,1535.0,1,0,0,0,0,0,0,0,0,7,0,,67,8,2006,1,,,1530.0,6,0,0,0,0,0,0,0,0,,0,0,0,15,1,4,2,,0.0,,,0,,3,0,0,0,67301,0,0,0,N,0,0,0,5,67301,1,,5,1,,N,N,,0,,1,0,0,0,0,,1515,4,1,0,0,4,2,0,3,3,0,1,3,,N,,,,,,,,,,,
2006018362,1458.0,2,0,0,0,0,0,0,0,0,4,0,,67,1,2006,3,40.1321,-75.0101,1450.0,6,0,0,0,1,0,0,0,0,,0,0,0,14,1,1,0,,0.0,40 07:55.000,,0,75 00:36.128,4,0,0,0,67301,0,0,0,,0,0,0,2,67301,1,,1,1,,N,N,,0,,0,0,0,0,0,,1445,1,2,0,0,0,0,0,3,4,0,2,3,,N,,,,,,,,,,,
2006018432,1610.0,1,0,0,0,0,0,1,0,0,3,1,,67,1,2006,3,40.0388,-75.1733,1608.0,6,0,0,0,0,0,0,0,0,,0,0,0,16,1,2,0,,0.0,40 02:19.626,,0,75 10:23.739,8,0,0,0,67301,0,0,0,N,0,0,0,4,67301,0,,1,1,,Y,N,,0,,0,0,0,0,0,,1606,2,2,0,0,0,2,0,3,4,0,2,3,,N,,,,,,,,,,,
2006018436,1620.0,2,0,0,0,0,0,0,0,0,2,0,,67,1,2006,3,40.022,-75.0766,1609.0,6,0,0,0,0,0,0,0,0,,0,0,0,16,1,1,1,,0.0,40 01:19.344,,0,75 04:35.907,3,0,0,0,67301,0,0,0,N,0,0,0,3,67301,0,,1,1,,N,N,,0,,1,0,0,9,3,,1605,1,2,0,0,0,0,0,3,4,0,2,3,,N,,,,,,,,,,,
2006035597,1844.0,1,0,0,0,0,0,0,0,0,8,0,,67,1,2006,2,39.9289,-75.1504,1840.0,6,0,0,0,0,0,1,0,0,,0,0,0,18,3,1,1,,0.0,39 55:44.022,,0,75 09:01.508,4,0,0,0,67301,1,0,0,N,1,0,0,2,67301,1,,1,1,,N,N,,0,,0,0,0,9,3,,1838,1,2,0,0,0,0,0,3,4,0,1,3,,N,,,,,,,,,,,
2006033309,1350.0,2,0,0,0,0,0,0,0,0,4,0,,67,2,2006,5,40.0039,-75.1492,1346.0,6,0,0,0,0,0,1,0,0,,0,0,0,13,1,1,1,,0.0,40 00:14.047,,0,75 08:57.044,4,0,0,0,67301,0,0,0,,0,0,0,2,67301,1,,1,1,,N,N,,0,,0,0,0,3,2,,1340,1,2,0,0,0,0,0,3,4,0,2,3,,N,,,,,,,,,,,
2006025173,1942.0,1,0,0,0,0,0,0,0,0,7,0,,67,1,2006,6,40.0071,-75.094,1941.0,6,0,0,0,0,0,0,0,0,2.0,0,0,0,19,3,1,1,,1.0,40 00:25.549,1.0,0,75 05:38.543,3,0,0,0,67301,0,0,0,N,0,0,0,1,67301,0,,3,1,,N,N,,0,,1,0,0,3,2,N,1939,1,1,0,0,1,0,0,3,4,0,1,3,,N,,,,,,,,,,,
2006053545,2210.0,1,0,0,0,0,0,0,0,0,5,1,,67,4,2006,6,40.1074,-74.9972,2204.0,6,0,0,0,0,0,1,0,0,3.0,0,1,0,22,3,0,0,,2.0,40 06:27.000,1.0,3,74 59:49.502,9,0,0,0,67301,0,0,0,N,0,0,0,3,67301,0,,1,1,,N,N,,1,,0,0,0,0,0,Y,2204,0,3,0,0,0,0,1,3,4,0,3,3,,N,,,,,,,,,,,
2006053701,1502.0,2,0,0,0,0,0,0,0,0,1,0,,67,4,2006,4,39.9556,-75.1831,1501.0,6,0,0,0,0,0,0,0,0,,0,0,0,13,1,1,2,,0.0,39 57:20.000,,0,75 10:59.008,8,0,0,0,67301,0,0,0,N,0,0,0,2,67301,0,,1,1,,N,N,,0,,0,0,0,0,0,,1340,1,2,0,0,0,1,1,3,4,0,2,3,,N,,,,,,,,,,,
2006020120,1754.0,3,0,0,0,0,0,0,0,0,2,0,,67,1,2006,5,40.0564,-75.019,1750.0,6,0,0,0,0,0,0,0,1,,0,0,0,17,2,3,1,,0.0,40 03:22.000,,0,75 01:08.941,3,0,0,0,67301,0,0,0,,0,0,0,7,67301,1,,1,1,,N,N,,0,,2,0,0,3,2,,1746,3,3,0,0,0,0,0,3,4,0,3,3,,N,,,,,,,,,,,
2006065016,2020.0,1,0,0,0,0,0,0,0,0,7,0,,67,5,2006,2,39.8991,-75.1743,2014.0,6,0,0,1,0,0,0,0,0,1.0,0,0,0,20,2,2,0,,1.0,39 53:56.000,1.0,0,75 10:25.611,8,0,0,0,67301,0,0,0,N,0,0,0,4,67301,0,,2,1,,N,N,,0,,0,0,0,0,0,N,2012,2,1,0,0,4,2,0,3,4,0,1,3,,N,,,,,,,,,,,
2006065380,847.0,0,0,0,0,0,0,0,0,0,8,0,,67,5,2006,6,39.9879,-75.1326,845.0,6,0,0,0,0,0,0,0,0,,0,0,0,8,1,1,1,,0.0,39 59:16.584,,0,75 07:57.424,4,0,0,0,67301,1,0,0,,1,0,0,2,67301,1,,1,1,,,,,0,,0,0,1,9,3,,840,1,2,0,0,0,0,0,3,4,0,1,3,,N,,,,,,,,,,,
2006065529,1755.0,2,0,0,0,0,0,0,0,0,5,0,,67,5,2006,4,40.0894,-75.02,1741.0,6,0,0,0,0,0,1,0,0,,0,0,0,17,1,1,0,,0.0,40 05:21.840,,6,75 01:11.280,4,0,0,0,67301,0,0,0,N,0,0,0,2,67301,1,,1,1,,N,N,,0,,0,0,0,0,0,,1730,1,2,0,0,0,0,0,3,4,0,2,3,,N,,,,,,,,,,,
2006065572,1509.0,2,0,0,0,0,0,0,0,0,4,0,,67,5,2006,7,39.9534,-75.1633,1506.0,6,0,0,1,0,0,0,0,0,3.0,0,0,0,15,1,4,2,,2.0,39 57:12.000,5.0,0,75 09:49.540,8,0,0,0,67301,0,0,0,N,0,0,0,5,67301,0,,1,1,,N,N,,0,,0,0,0,0,0,Y,1506,4,2,0,0,0,4,0,3,4,0,2,3,,N,,,,,,,,,,,
2006055445,2030.0,1,0,0,0,0,0,0,0,0,4,0,,67,3,2006,7,,,2030.0,6,0,0,0,0,0,0,0,0,,0,0,0,20,3,7,1,,0.0,,,0,,8,0,0,0,67301,3,0,0,N,3,0,0,8,67301,0,,1,1,,N,N,,0,,0,0,1,3,2,,2015,7,5,0,0,0,7,0,3,3,0,2,3,,N,,,,,,,,,,,
2006055473,11.0,1,0,0,0,0,0,0,0,0,7,0,,67,3,2006,2,40.0566,-75.0287,4.0,6,0,0,0,0,0,0,0,0,,0,0,0,0,3,1,5,,0.0,40 03:23.774,,0,75 01:43.818,4,0,0,0,67301,0,0,0,,0,0,0,2,67301,1,,5,9,,,,,0,,0,0,0,2,2,,1,1,1,0,0,0,0,0,3,4,0,1,5,,N,,,,,,,,,,,
2006055518,1720.0,1,0,0,0,0,0,0,0,0,8,0,,67,2,2006,3,40.1193,-75.0177,1700.0,6,0,0,0,0,0,0,0,0,,0,0,0,16,1,1,0,,0.0,40 07:09.000,,0,75 01:03.921,3,0,0,0,67301,1,0,0,N,1,0,0,2,67301,0,,1,1,,N,N,,0,,1,0,0,3,2,,1658,1,2,0,0,1,0,0,3,4,0,1,3,,N,,,,,,,,,,,
2006055668,40.0,1,0,0,0,0,0,0,0,0,7,0,,67,4,2006,4,40.0183,-75.0983,30.0,6,0,0,0,0,0,0,0,0,,0,0,0,0,3,1,0,,0.0,40 01:05.854,,0,75 05:53.937,4,0,0,0,67301,0,0,0,N,0,0,0,1,67301,1,,5,1,,N,N,,0,,0,0,0,0,0,,22,1,1,0,0,0,0,0,3,4,0,1,3,,N,,,,,,,,,,,
2006055657,1035.0,1,0,0,0,0,0,0,0,0,1,0,,67,5,2006,5,40.0523,-75.008,1032.0,6,0,0,0,0,0,0,0,0,,0,0,0,10,1,1,2,,0.0,40 03:08.000,,0,75 00:28.236,8,0,0,0,67301,0,0,0,N,0,0,0,2,67301,0,,1,1,,N,N,,0,,0,0,0,3,2,,1030,1,2,0,0,0,1,0,3,4,1,2,3,,N,,,,,,,,,,,
2006055729,2053.0,1,0,0,0,0,0,0,0,0,5,0,,67,4,2006,4,39.9607,-75.243,2043.0,6,0,0,0,0,0,0,0,0,,0,0,0,20,3,4,1,,0.0,39 57:38.000,,0,75 14:35.046,4,0,0,0,67301,0,0,0,N,0,0,0,4,67301,4,,1,1,,N,N,,1,,0,0,0,3,2,,2039,4,2,0,0,0,0,0,3,4,0,2,3,,N,,,,,,,,,,,
2006055734,1112.0,1,0,0,0,0,0,0,0,0,4,0,,67,3,2006,1,39.9587,-75.2272,1107.0,6,0,0,0,0,0,0,1,0,,0,0,0,11,1,1,1,,0.0,39 57:31.000,,0,75 13:37.853,8,0,0,0,67301,0,0,0,N,0,0,0,3,67301,0,,1,9,,N,N,,1,,0,0,0,2,2,,1107,1,2,0,0,0,1,2,3,4,0,2,98,,N,,,,,,,,,,,
2006083409,1838.0,1,0,0,0,0,0,0,0,0,7,0,,67,6,2006,1,39.9584,-75.2375,1834.0,6,0,0,0,0,1,0,0,0,,0,0,0,6,1,2,10,,0.0,39 57:30.000,,0,75 14:14.997,4,0,0,0,67301,0,0,0,N,0,0,0,2,67301,2,,5,1,,N,N,,0,,0,0,0,3,2,,634,2,1,0,0,1,0,0,3,4,0,1,3,,N,,,,,,,,,,,
2006081053,2218.0,1,0,0,0,0,0,0,0,0,7,0,,67,6,2006,6,,,2216.0,6,0,0,0,0,1,0,0,0,,0,0,0,22,3,1,0,,0.0,,,0,,3,0,0,0,67301,0,0,0,N,0,0,0,1,67301,0,,5,9,,N,N,,0,,1,0,0,0,0,,2210,1,1,0,0,0,0,0,3,3,0,1,7,,N,,,,,,,,,,,
2006081109,1215.0,1,0,0,0,0,0,0,0,0,5,0,,67,5,2006,5,40.0667,-75.178,1209.0,6,0,0,0,0,0,1,0,0,,0,0,0,12,1,1,1,,0.0,40 04:00.000,,0,75 10:40.889,8,0,0,1,67301,0,0,0,N,0,0,0,1,67301,0,,1,1,,N,N,,0,,0,0,0,3,3,,1205,1,2,0,0,0,1,0,3,4,0,2,3,,N,,,,,,,,,,,
2006081080,1034.0,1,0,0,0,0,0,0,0,0,4,0,,67,7,2006,3,,,1034.0,6,0,0,0,0,0,1,0,1,1.0,0,0,0,10,1,0,1,,1.0,,5.0,0,,9,0,0,0,67301,0,0,0,N,0,0,0,3,67301,0,,1,1,,N,N,,0,,0,0,1,3,2,N,1030,0,2,0,0,0,0,1,3,3,0,2,3,,N,,,,,,,,,,,
2006081087,8.0,2,0,0,0,0,0,0,0,0,4,0,,67,7,2006,4,,,3.0,6,0,0,0,0,0,1,0,0,,0,0,0,23,3,2,1,,0.0,,,0,,4,0,0,0,67301,0,0,0,N,0,0,0,4,67301,2,,1,1,,N,N,,0,,0,0,0,3,2,,2345,2,2,0,0,0,0,2,3,3,0,2,3,,N,,,,,,,,,,,
2006081344,1640.0,2,0,0,0,0,0,0,0,0,1,0,,67,6,2006,7,40.0499,-75.0638,1640.0,6,0,0,0,0,0,1,0,0,,0,0,0,16,1,1,0,,0.0,40 03:00.000,,0,75 03:49.320,4,0,0,0,67301,0,0,0,N,0,0,0,2,67301,1,,1,1,,N,N,,0,,0,0,0,0,0,,1615,1,2,0,0,0,0,0,3,4,0,2,3,,N,,,,,,,,,,,
2006081359,2243.0,1,0,0,0,0,0,0,0,0,7,0,,67,5,2006,1,,,2241.0,6,0,0,0,0,0,0,0,0,1.0,0,0,0,22,3,0,0,,1.0,,1.0,0,,0,0,0,0,67301,0,0,0,N,0,0,0,3,67301,0,,2,1,,N,N,,0,,0,0,0,0,0,N,2241,0,1,0,0,0,0,0,3,3,0,1,3,,N,,,,,,,,,,,
2006081433,1455.0,1,0,0,0,0,0,0,0,0,1,0,,67,7,2006,7,,,1445.0,6,0,0,0,0,0,1,0,0,1.0,0,0,0,14,1,3,0,,1.0,,3.0,2,,8,0,0,0,67301,0,0,0,N,0,0,0,3,67301,0,,7,1,,N,N,,0,,0,0,0,0,0,N,1434,3,2,0,0,0,3,0,3,3,1,2,3,,N,,,,,,,,,,,
2006081439,2139.0,2,0,0,0,0,0,0,0,0,1,0,,67,6,2006,2,39.9431,-75.1947,2130.0,6,0,0,0,0,0,0,0,0,3.0,0,0,0,21,1,3,0,,2.0,39 56:35.333,3.0,2,75 11:41.087,3,0,0,0,67301,0,0,0,N,0,0,0,4,67301,0,,1,1,,N,N,,1,,1,0,0,0,0,Y,2129,3,3,0,0,0,2,0,3,4,0,3,7,,N,,,,,,,,,,,
2006081443,2130.0,1,0,0,0,0,0,0,0,0,7,0,,67,5,2006,2,39.997,-75.1174,2130.0,6,0,0,0,0,0,0,0,0,1.0,0,0,0,21,3,1,1,,1.0,39 59:49.000,2.0,0,75 07:02.609,4,0,0,0,67301,0,0,0,N,0,0,0,1,67301,1,,4,1,,N,N,,0,,0,0,0,3,2,Y,2130,1,1,0,0,1,0,0,3,4,0,1,3,,N,,,,,,,,,,,
2006081446,1756.0,3,0,0,0,0,0,0,0,0,1,0,,67,6,2006,7,,,1754.0,6,0,0,0,0,0,0,0,0,,0,0,0,17,1,3,1,,0.0,,,0,,8,0,0,0,67301,0,0,0,N,0,0,0,10,67301,0,,1,9,,N,N,,0,,0,0,0,3,2,,1748,3,3,0,0,1,3,7,3,3,0,3,7,,N,,,,,,,,,,,
2006081665,1230.0,1,0,0,0,0,0,0,0,0,8,0,,67,6,2006,1,40.0203,-75.1141,1223.0,6,0,0,0,0,0,1,0,0,,0,0,0,12,1,0,1,,0.0,40 01:13.000,,0,75 06:50.629,0,0,0,0,67301,1,0,0,N,1,0,0,2,67301,0,,1,9,,N,N,,0,,0,0,0,3,2,,1220,0,2,0,0,0,0,0,3,4,0,1,7,,N,,,,,,,,,,,
2006081673,9999.0,1,0,0,0,0,0,0,0,0,8,0,,67,6,2006,1,,,9999.0,6,0,0,0,0,0,0,0,0,,0,0,0,16,1,1,0,,0.0,,,0,,4,0,0,0,67301,1,0,0,N,1,0,0,2,67301,1,,1,1,,N,N,,0,,0,0,0,0,0,,1621,1,2,0,0,1,0,0,3,3,0,1,3,,N,,,,,,,,,,,