CRN,ARRIVAL_TM,AUTOMOBILE_COUNT,BELTED_DEATH_COUNT,BELTED_SUSP_SERIOUS_INJ_COUNT,BICYCLE_COUNT,BICYCLE_DEATH_COUNT,BICYCLE_SUSP_SERIOUS_INJ_COUNT,BUS_COUNT,CHLDPAS_DEATH_COUNT,CHLDPAS_SUSP_SERIOUS_INJ_COUNT,COLLISION_TYPE,COMM_VEH_COUNT,CONS_ZONE_SPD_LIM,COUNTY,CRASH_MONTH,CRASH_YEAR,DAY_OF_WEEK,DEC_LAT,DEC_LONG,DISPATCH_TM,DISTRICT,DRIVER_COUNT_16YR,DRIVER_COUNT_17YR,DRIVER_COUNT_18YR,DRIVER_COUNT_19YR,DRIVER_COUNT_20YR,DRIVER_COUNT_50_64YR,DRIVER_COUNT_65_74YR,DRIVER_COUNT_75PLUS,EST_HRS_CLOSED,FATAL_COUNT,HEAVY_TRUCK_COUNT,HORSE_BUGGY_COUNT,HOUR_OF_DAY,ILLUMINATION,INJURY_COUNT,INTERSECT_TYPE,INTERSECTION_RELATED,LANE_CLOSED,LATITUDE,LN_CLOSE_DIR,LOCATION_TYPE,LONGITUDE,MAX_SEVERITY_LEVEL,MCYCLE_DEATH_COUNT,MCYCLE_SUSP_SERIOUS_INJ_COUNT,MOTORCYCLE_COUNT,MUNICIPALITY,NONMOTR_COUNT,NONMOTR_DEATH_COUNT,NONMOTR_SUSP_SERIOUS_INJ_COUNT,NTFY_HIWY_MAINT,PED_COUNT,PED_DEATH_COUNT,PED_SUSP_SERIOUS_INJ_COUNT,PERSON_COUNT,POLICE_AGCY,POSSIBLE_INJ_COUNT,RDWY_SURF_TYPE_CD,RELATION_TO_ROAD,ROAD_CONDITION,ROADWAY_CLEARED,SCH_BUS_IND,SCH_ZONE_IND,SECONDARY_CRASH,SMALL_TRUCK_COUNT,SPEC_JURIS_CD,SUSP_MINOR_INJ_COUNT,SUSP_SERIOUS_INJ_COUNT,SUV_COUNT,TCD_FUNC_CD,TCD_TYPE,TFC_DETOUR_IND,TIME_OF_DAY,TOT_INJ_COUNT,TOTAL_UNITS,UNB_DEATH_COUNT,UNB_SUSP_SERIOUS_INJ_COUNT,UNBELTED_OCC_COUNT,UNK_INJ_DEG_COUNT,UNK_INJ_PER_COUNT,URBAN_AREA,URBAN_RURAL,VAN_COUNT,VEHICLE_COUNT,WEATHER1,WEATHER2,WORK_ZONE_IND,WORK_ZONE_LOC,WORK_ZONE_TYPE,WORKERS_PRES,WZ_CLOSE_DETOUR,WZ_FLAGGER,WZ_LAW_OFFCR_IND,WZ_LN_CLOSURE,WZ_MOVING,WZ_OTHER,WZ_SHLDER_MDN,WZ_WORKERS_INJ_KILLED
2006115746,236.0,3,0,0,0,0,0,0,0,0,4,0,,67,10,2006,4,39.9136,-75.1463,236.0,6,0,0,0,0,0,0,0,0,,0,0,0,99,3,1,0,,0.0,39 54:48.000,,0,75 08:46.578,4,0,0,0,67301,0,0,0,,0,0,0,1,67301,1,,4,1,,,,,0,,0,0,0,0,0,,9999,1,3,0,0,0,0,0,3,4,0,3,3,,N,,,,,,,,,,,
2006115747,1905.0,1,0,0,1,0,0,0,0,0,4,0,,67,10,2006,1,40.0522,-75.0901,1855.0,6,0,0,0,0,0,0,0,1,,0,0,0,18,3,1,1,,0.0,40 03:08.060,,0,75 05:24.478,8,0,0,0,67301,1,0,0,N,0,0,0,2,67301,0,,1,1,,N,N,,0,,0,0,0,3,3,,1850,1,2,0,0,0,1,0,3,4,0,1,3,,N,,,,,,,,,,,
2006113282,1005.0,2,0,0,0,0,0,0,0,0,4,0,,67,9,2006,4,40.0215,-75.158,957.0,6,0,0,0,0,1,0,0,0,,0,0,0,9,1,2,2,,0.0,40 01:17.000,,0,75 09:28.584,2,0,0,0,67301,0,0,0,N,0,0,0,3,67301,0,,1,9,,N,N,,0,,0,1,0,0,0,,952,2,2,0,0,0,1,0,3,4,0,2,7,,N,,,,,,,,,,,
2006113295,1813.0,1,0,0,0,0,0,0,0,0,2,0,,67,9,2006,4,39.9373,-75.2176,1813.0,6,0,0,0,0,0,1,0,0,,0,0,0,18,1,1,1,,0.0,39 56:14.434,,0,75 13:03.453,4,0,0,0,67301,1,0,0,N,1,0,0,2,67301,1,,1,1,,N,N,,0,,0,0,0,3,3,,1810,1,2,0,0,1,0,0,3,4,0,1,3,,N,,,,,,,,,,,
2006113356,935.0,2,0,0,0,0,0,0,0,0,4,0,,67,9,2006,6,39.9932,-75.1492,927.0,6,0,0,0,0,0,1,0,0,,0,0,0,9,1,3,1,,0.0,39 59:35.000,,0,75 08:57.339,4,0,0,0,67301,1,0,0,N,1,0,0,5,67301,3,,1,1,,N,N,,1,,0,0,0,3,2,,906,3,4,0,0,0,0,0,3,4,0,3,3,,N,,,,,,,,,,,
2006113392,330.0,2,0,0,0,0,0,0,0,0,4,0,,67,10,2006,1,40.0445,-75.1194,324.0,6,0,0,0,0,0,0,0,0,,0,0,0,3,3,2,1,,0.0,40 02:40.000,,0,75 07:09.950,4,0,0,0,67301,0,0,0,N,0,0,0,3,67301,2,,1,1,,N,N,,0,,0,0,0,3,2,,320,2,2,0,0,0,0,0,3,4,0,2,3,,N,,,,,,,,,,,
2006105809,1800.0,4,0,0,0,0,0,0,0,0,5,0,,67,8,2006,7,39.9442,-75.1774,1745.0,6,0,1,0,0,0,0,0,0,,0,0,0,17,1,0,0,,0.0,39 56:39.285,,0,75 10:38.708,0,0,0,0,67301,0,0,0,,0,0,0,3,67301,0,,1,1,,N,N,,0,,0,0,0,0,0,,1740,0,5,0,0,0,0,0,3,4,1,5,3,,N,,,,,,,,,,,
2006113399,9999.0,1,0,0,1,0,0,0,0,0,4,0,,67,9,2006,6,39.9214,-75.1914,1730.0,6,0,0,0,0,0,1,0,0,1.0,0,0,0,5,1,1,5,,1.0,39 55:17.183,4.0,0,75 11:29.074,4,0,0,0,67301,1,0,0,N,0,0,0,2,67301,1,,1,1,,N,N,,0,,0,0,0,3,2,N,537,1,2,0,0,0,0,0,3,4,0,1,3,,N,,,,,,,,,,,
2006116078,1700.0,1,0,0,0,0,0,0,0,0,8,0,,67,10,2006,2,39.9988,-75.1184,1656.0,6,0,0,0,0,0,0,0,0,,0,0,0,16,1,1,0,,0.0,39 59:55.626,,0,75 07:06.330,4,0,0,0,67301,1,0,0,N,1,0,0,2,67301,1,,1,1,,N,N,,0,,0,0,0,0,0,,1655,1,2,0,0,1,0,0,3,4,0,1,3,,N,,,,,,,,,,,
2006105829,1830.0,2,0,0,0,0,0,0,0,0,1,0,,67,8,2006,4,39.9754,-75.1902,1825.0,6,0,0,0,1,0,0,0,0,9.0,0,0,0,99,1,3,0,,1.0,39 58:31.329,6.0,0,75 11:24.685,3,0,0,0,67301,0,0,0,N,0,0,0,4,67301,2,,1,9,,N,N,,0,,1,0,0,0,0,N,9999,3,2,0,0,0,0,0,3,4,0,2,3,,N,,,,,,,,,,,
2006105867,816.0,2,0,0,0,0,0,0,0,0,1,0,,67,9,2006,6,39.9631,-75.1662,815.0,6,0,0,0,0,0,1,0,0,,0,0,0,8,1,1,1,,0.0,39 57:47.000,,0,75 09:58.329,3,0,0,0,67301,0,0,0,N,0,0,0,2,67301,0,,1,9,,N,N,,0,,1,0,0,0,0,,814,1,2,0,0,0,0,0,3,4,0,2,7,,N,,,,,,,,,,,
2006124209,1047.0,2,0,0,0,0,0,0,0,0,4,0,,67,10,2006,7,,,1042.0,6,0,0,0,0,0,0,1,0,,0,0,0,99,1,1,1,,0.0,,,0,,8,0,0,0,67301,0,0,0,N,0,0,0,3,67301,0,,1,9,,N,N,,0,,0,0,0,3,2,,9999,1,2,0,0,0,1,2,3,3,0,2,7,,N,,,,,,,,,,,
2006124210,1400.0,1,0,0,0,0,0,0,0,0,4,0,,67,10,2006,3,,,1400.0,6,0,0,0,0,0,0,0,0,,0,0,0,13,1,1,0,,0.0,,,7,,4,0,0,0,67301,0,0,0,N,0,0,0,4,67301,1,,1,1,,N,N,,0,,0,0,1,3,2,,1330,1,2,0,0,0,0,0,3,3,0,2,3,,N,,,,,,,,,,,
2006025549,9999.0,2,0,0,0,0,0,0,0,0,1,0,99.0,67,1,2006,7,39.9519,-75.1601,9999.0,6,0,0,0,0,0,0,0,0,,0,0,0,21,3,1,0,,0.0,39 57:06.000,,0,75 09:35.974,4,0,0,0,67301,1,0,0,N,0,0,0,2,67301,1,,6,9,,N,N,,0,,0,0,0,0,0,,2130,1,2,0,0,0,0,0,3,4,0,2,10,,Y,8.0,8.0,U,,,U,,,,,
2006035801,2315.0,2,0,0,0,0,0,0,0,0,4,0,,67,1,2006,7,,,2305.0,6,0,0,0,0,0,0,0,0,,0,0,0,23,3,2,0,,0.0,,,0,,4,0,0,0,67301,0,0,0,,0,0,0,3,67301,2,,1,1,,N,N,,0,,0,0,0,3,2,,2300,2,2,0,0,3,0,0,3,3,0,2,3,,N,,,,,,,,,,,
2006054095,1500.0,1,0,0,0,0,0,0,0,0,8,0,,67,3,2006,6,40.0542,-75.1605,1500.0,6,0,0,1,0,0,0,0,0,,0,0,0,14,1,1,2,,0.0,40 03:15.289,,0,75 09:37.670,4,0,0,0,67301,1,0,0,N,1,0,0,2,67301,1,,1,1,,N,Y,,0,,0,0,0,0,0,,1458,1,2,0,0,0,0,0,3,4,0,1,3,,N,,,,,,,,,,,
2006054073,1617.0,1,0,0,0,0,0,0,0,0,8,0,,67,4,2006,5,40.0329,-75.1399,1610.0,6,0,0,0,0,0,0,0,0,,0,0,0,99,1,1,0,,0.0,40 01:58.422,,0,75 08:23.802,3,0,0,0,67301,1,0,0,N,1,0,0,2,67301,0,,1,1,,N,N,,0,,1,0,0,0,0,,9999,1,2,0,0,0,0,0,3,4,0,1,3,,N,,,,,,,,,,,
2006036817,1910.0,1,0,0,0,0,0,1,0,0,1,1,99.0,67,2,2006,4,40.0977,-74.9846,1905.0,6,0,0,0,0,0,0,0,0,1.0,0,0,0,19,3,1,6,,2.0,40 05:53.000,3.0,2,74 59:05.362,8,0,0,0,67301,0,0,0,N,0,0,0,2,67301,0,,1,1,,N,N,,0,,0,0,0,3,2,N,1902,1,2,0,0,0,1,0,3,4,0,2,3,,Y,8.0,8.0,U,,,U,,,,,
2006036896,321.0,1,0,0,0,0,0,0,0,0,2,0,,67,2,2006,7,40.0513,-75.2363,515.0,6,0,0,0,0,0,0,0,0,,0,0,0,3,3,1,0,,0.0,40 03:04.000,,0,75 14:10.792,4,0,0,0,67301,0,0,0,N,0,0,0,1,67301,1,,2,1,,N,N,,0,,0,0,1,0,0,,315,1,2,0,0,1,0,0,3,4,0,2,3,,N,,,,,,,,,,,
2006037225,140.0,1,0,0,0,0,0,0,0,0,4,0,,67,2,2006,7,,,139.0,6,0,0,0,0,0,0,0,0,,0,0,0,1,3,1,1,,0.0,,,0,,2,0,0,0,67301,0,0,0,N,0,0,0,4,67301,0,,1,1,,N,N,,0,,0,1,1,9,2,,130,1,2,0,0,0,0,0,3,3,0,2,3,,N,,,,,,,,,,,
2006037114,1648.0,1,0,0,0,0,0,1,0,0,5,1,,67,2,2006,2,40.0224,-75.1309,1643.0,6,0,0,0,0,0,1,0,0,,0,0,0,16,1,1,0,,0.0,40 01:20.542,,0,75 07:51.157,8,0,0,0,67301,2,0,0,N,0,0,0,8,67301,0,,1,1,,Y,N,,0,,0,0,0,3,3,,1643,1,2,0,0,0,1,0,3,4,0,2,3,,N,,,,,,,,,,,
2006037369,702.0,0,0,0,0,0,0,0,0,0,7,0,,67,2,2006,6,,,701.0,6,0,0,1,0,0,0,0,0,,0,0,0,6,1,0,0,,0.0,,,0,,0,0,0,0,67301,0,0,0,N,0,0,0,1,67504,0,,5,1,,N,N,,0,,0,0,0,0,0,,659,0,1,0,0,0,0,0,3,3,1,1,3,,N,,,,,,,,,,,
2006022205,840.0,1,0,0,0,0,0,0,0,0,8,0,,67,1,2006,6,39.9534,-75.1716,825.0,6,0,0,0,0,0,0,0,0,,0,0,0,8,1,1,10,,0.0,39 57:11.000,,0,75 10:17.983,4,0,0,0,67301,1,0,0,N,1,0,0,2,67301,1,,1,1,,N,N,,0,,0,0,0,9,2,,825,1,2,0,0,0,0,0,3,4,0,1,3,,N,,,,,,,,,,,
2006021340,1555.0,1,0,0,0,0,0,0,0,0,4,0,,67,1,2006,3,,,1545.0,6,0,0,0,0,0,0,0,0,,0,0,0,15,1,3,1,,0.0,,,0,,4,0,0,0,67301,0,0,0,N,0,0,0,4,67301,1,,1,1,,N,N,,0,,0,0,1,3,3,,1521,3,2,0,0,0,2,0,3,3,0,2,3,,N,,,,,,,,,,,
2006021250,2050.0,1,0,0,0,0,0,0,0,0,8,0,,67,1,2006,3,,,2045.0,6,0,0,0,0,0,0,0,0,,0,0,0,20,3,1,2,,0.0,,,0,,3,0,0,0,67301,1,0,0,N,1,0,0,2,67301,0,,1,9,,N,N,,0,,1,0,0,3,2,,2045,1,2,0,0,0,0,0,3,3,0,1,3,,N,,,,,,,,,,,
2006023863,1834.0,1,0,0,0,0,0,1,0,0,5,1,,67,1,2006,3,40.0092,-75.1508,1834.0,6,0,0,0,1,0,0,0,0,,0,0,0,99,3,1,0,,0.0,40 00:33.133,,0,75 09:02.943,4,0,0,0,67301,0,0,0,N,0,0,0,3,67301,1,,1,9,,N,N,,0,,0,0,0,0,0,,9999,1,2,0,0,1,0,2,3,4,0,2,7,,N,,,,,,,,,,,
2006019037,934.0,1,0,0,0,0,0,0,0,0,8,0,,67,1,2006,4,,,925.0,6,0,0,0,0,0,0,0,0,,0,0,0,9,1,1,1,,0.0,,,0,,4,0,0,0,67301,1,0,0,N,1,0,0,2,67301,1,,1,9,,N,N,,0,,0,0,0,3,3,,925,1,2,0,0,0,0,0,3,3,0,1,7,,N,,,,,,,,,,,
2006086996,1545.0,2,0,0,0,0,0,0,0,0,1,0,,67,6,2006,2,,,1535.0,6,0,0,0,1,0,0,0,0,,0,0,0,15,1,2,0,,0.0,,,0,,8,0,0,0,67301,0,0,0,N,0,0,0,6,67301,0,,1,9,,N,N,,0,,0,0,1,0,0,,1525,2,4,0,0,0,2,0,3,3,1,4,7,,N,,,,,,,,,,,
2006082036,745.0,2,0,0,0,0,0,0,0,0,6,0,,67,6,2006,2,,,742.0,6,0,0,0,0,0,0,0,0,,0,0,0,7,1,2,1,,0.0,,,0,,4,0,0,0,67301,0,0,0,N,0,0,0,3,67301,2,,1,9,,N,N,,0,,0,0,0,3,3,,735,2,2,0,0,0,0,0,3,3,0,2,7,,N,,,,,,,,,,,
2006082044,1649.0,1,0,0,0,0,0,0,0,0,4,0,,67,6,2006,4,39.9763,-75.1831,1647.0,6,0,0,0,0,0,0,0,0,,0,0,0,16,1,1,1,,0.0,39 58:34.000,,0,75 10:59.160,2,0,1,1,67301,0,0,0,N,0,0,0,4,67301,0,,1,1,,N,N,,0,,0,1,0,3,2,,1644,1,3,0,0,0,0,0,3,4,0,2,3,,N,,,,,,,,,,,
2006053491,715.0,0,0,0,0,0,0,0,0,0,0,1,,67,3,2006,4,39.8956,-75.2335,701.0,6,0,0,0,0,0,0,0,0,4.0,0,1,0,7,1,0,1,,1.0,39 53:44.000,2.0,0,75 14:01.013,0,0,0,0,67301,0,0,0,N,0,0,0,1,67301,0,,1,1,,N,N,,0,,0,0,0,0,0,N,700,0,1,0,0,0,0,0,3,4,0,1,3,,N,,,,,,,,,,,
2006083412,1610.0,2,0,0,0,0,0,0,0,0,1,0,,67,7,2006,4,39.9574,-75.1472,1604.0,6,0,0,0,0,0,0,0,0,1.0,0,0,0,16,1,1,0,,1.0,39 57:27.000,3.0,0,75 08:51.000,8,0,0,0,67301,0,0,0,N,0,0,0,4,67301,0,,1,1,,N,N,,0,,0,0,0,0,0,N,1603,1,2,0,0,2,1,0,3,4,0,2,3,,N,,,,,,,,,,,
2006081518,1208.0,1,0,0,0,0,0,0,0,0,1,0,,67,7,2006,3,39.9483,-75.1864,1157.0,6,0,0,0,0,0,1,0,0,1.0,0,0,0,11,1,1,0,,1.0,39 56:53.880,3.0,0,75 11:11.040,3,0,0,0,67301,0,0,0,N,0,0,0,2,67301,0,,1,1,,N,N,,0,,1,0,0,3,2,N,1157,1,2,0,0,0,0,0,3,4,1,2,3,,N,,,,,,,,,,,
2006081421,255.0,2,0,0,0,0,0,0,0,0,6,0,,67,7,2006,7,40.0283,-75.0358,245.0,6,0,0,0,0,0,0,0,0,2.0,0,0,0,2,3,0,0,,1.0,40 01:41.862,4.0,0,75 02:08.750,0,0,0,0,67301,0,0,0,N,0,0,0,1,67301,0,,6,1,,N,N,,0,,0,0,0,0,0,N,209,0,2,0,0,0,0,0,3,4,0,2,3,,N,,,,,,,,,,,
2006081482,312.0,1,0,0,0,0,0,0,0,0,7,0,,67,5,2006,6,,,302.0,6,0,0,0,0,0,0,0,0,1.0,0,0,0,2,3,0,0,,1.0,,3.0,0,,0,0,0,0,67301,0,0,0,N,0,0,0,1,67301,0,,2,9,,N,N,,0,,0,0,0,0,0,N,259,0,1,0,0,0,0,0,3,3,0,1,7,,N,,,,,,,,,,,
2006081614,2000.0,2,0,0,0,0,0,0,0,0,4,0,,67,6,2006,4,40.0179,-75.0826,1958.0,6,0,0,0,0,0,0,0,0,,0,0,0,19,1,1,1,,0.0,40 01:04.000,,0,75 04:57.362,8,0,0,0,67301,0,0,0,N,0,0,0,2,67301,0,,1,1,,N,N,,0,,0,0,0,3,2,,1955,1,2,0,0,0,1,1,3,4,0,2,3,,N,,,,,,,,,,,
2006081622,1243.0,1,0,0,0,0,0,0,0,0,4,1,,67,5,2006,2,40.0255,-75.126,1241.0,6,0,0,0,0,0,0,0,0,1.0,0,1,0,12,1,1,2,,2.0,40 01:32.000,2.0,0,75 07:34.835,8,0,0,0,67301,0,0,0,N,0,0,0,2,67301,0,,1,9,,N,N,,0,,0,0,0,0,0,Y,1236,1,2,0,0,0,1,0,3,4,0,2,3,,N,,,,,,,,,,,
2006081657,1433.0,0,0,0,0,0,0,0,0,0,5,0,,67,6,2006,1,40.0244,-75.2212,1431.0,6,0,0,0,0,0,0,0,0,,0,0,0,14,1,0,0,,0.0,40 01:27.977,,0,75 13:16.331,9,0,0,0,67301,0,0,0,N,0,0,0,1,67301,0,,6,1,,N,N,,0,,0,0,2,0,0,,1430,0,2,0,0,0,0,1,3,4,0,2,3,,N,,,,,,,,,,,
2006113081,1200.0,1,0,0,0,0,0,0,0,0,8,0,,67,9,2006,5,39.9532,-75.17,1157.0,6,0,0,0,0,0,0,0,0,,0,0,0,11,1,1,1,,0.0,39 57:11.000,,0,75 10:12.311,4,0,0,0,67301,1,0,0,N,1,0,0,2,67301,1,,1,1,,N,N,,0,,0,0,0,3,2,,1155,1,2,0,0,0,0,0,3,4,0,1,3,,N,,,,,,,,,,,
2006113292,1745.0,2,0,0,0,0,0,0,0,0,4,0,,67,10,2006,2,39.9185,-75.2259,1745.0,6,0,0,0,1,0,0,0,0,,0,0,0,17,1,0,1,,0.0,39 55:06.000,,0,75 13:33.315,0,0,0,0,67301,0,0,0,N,0,0,0,2,67301,0,,1,1,,N,N,,0,,0,0,0,3,2,,1735,0,2,0,0,0,0,0,3,4,0,2,3,,N,,,,,,,,,,,
2006113352,2023.0,1,0,0,1,0,0,0,0,0,4,0,,67,9,2006,7,,,2019.0,6,0,0,0,0,0,1,0,0,,0,0,0,19,3,1,2,,0.0,,,0,,4,0,0,0,67301,1,0,0,N,0,0,0,2,67301,1,,1,1,,N,N,,0,,0,0,0,3,2,,1930,1,2,0,0,1,0,0,3,3,0,1,3,,N,,,,,,,,,,,
2006105789,2148.0,2,0,0,0,0,0,0,0,0,7,0,,67,8,2006,6,39.9669,-75.188,2140.0,6,0,0,1,0,0,0,0,0,,0,0,0,21,3,0,7,,0.0,39 58:00.480,,0,75 11:16.440,0,0,0,0,67301,0,0,0,N,0,0,0,2,67301,0,,3,1,,N,N,,0,,0,0,0,0,0,,2138,0,2,0,0,0,0,0,3,4,0,2,3,,N,,,,,,,,,,,
2006113465,411.0,5,0,0,0,0,0,0,0,0,5,0,,67,10,2006,7,39.9548,-75.2077,409.0,6,0,0,1,0,0,0,0,0,,0,0,0,4,3,1,0,,0.0,39 57:17.000,,0,75 12:27.987,4,0,0,0,67301,0,0,0,,0,0,0,1,67301,1,,1,1,,,,,0,,0,0,0,0,0,,408,1,5,0,0,1,0,0,3,4,0,5,3,,N,,,,,,,,,,,
2006113473,1442.0,2,0,0,0,0,0,0,0,0,6,0,,67,10,2006,3,40.0437,-75.1498,1440.0,6,0,0,0,0,1,1,0,0,1.0,0,0,0,14,1,1,1,,1.0,40 02:37.165,2.0,0,75 08:59.326,3,0,0,0,67301,0,0,0,N,0,0,0,3,67301,0,,1,1,,N,N,,0,,1,0,0,3,2,N,1437,1,2,0,0,1,0,0,3,4,0,2,3,,N,,,,,,,,,,,
2006113476,1610.0,0,0,0,0,0,0,0,0,0,1,0,,67,10,2006,2,39.9461,-75.2422,1558.0,6,0,0,0,0,0,1,1,0,,0,0,0,15,1,2,0,,0.0,39 56:45.960,,0,75 14:31.200,4,0,0,0,67301,0,0,0,N,0,0,0,6,67301,2,,1,1,,N,N,,2,,0,0,1,0,0,,1515,2,4,0,0,1,0,1,3,4,0,4,3,,N,,,,,,,,,,,
2006036822,1435.0,0,0,0,0,0,0,0,0,0,0,0,,67,2,2006,5,39.9964,-75.197,1425.0,6,0,0,0,0,0,0,0,0,1.0,0,0,0,14,1,2,0,,1.0,39 59:47.000,3.0,0,75 11:48.698,8,0,0,0,67301,0,0,0,N,0,0,0,2,67301,0,,2,1,,N,N,,0,,0,0,0,0,0,N,1422,2,1,0,0,0,2,0,3,4,1,1,3,,N,,,,,,,,,,,
2006022201,1203.0,2,0,0,0,0,0,0,0,0,1,0,,67,1,2006,3,39.9635,-75.1695,1200.0,6,0,0,0,0,0,1,0,0,,0,0,0,12,1,2,0,,0.0,39 57:48.000,,0,75 10:10.403,8,0,0,0,67301,0,0,0,N,0,0,0,3,67301,0,,1,1,,N,N,,0,,0,0,1,0,0,,1200,2,3,0,0,0,2,0,3,4,0,3,3,,N,,,,,,,,,,,
2006021352,942.0,2,0,0,0,0,0,0,0,0,4,0,,67,1,2006,5,,,940.0,6,0,0,0,0,0,0,0,1,,0,0,0,9,1,0,1,,0.0,,,0,,9,0,0,0,67301,0,0,0,N,0,0,0,3,67301,0,,1,1,,N,N,,0,,0,0,0,9,3,,935,0,2,0,0,0,0,2,3,3,0,2,3,,N,,,,,,,,,,,
2006023968,1836.0,1,0,0,0,0,0,0,0,0,8,0,,67,1,2006,4,40.0196,-75.0586,1834.0,6,0,0,0,0,0,0,0,0,,0,0,0,18,3,1,1,,0.0,40 01:10.430,,0,75 03:30.887,8,0,0,0,67301,1,0,0,N,1,0,0,2,67301,0,,1,9,,N,N,,0,,0,0,0,9,3,,1834,1,2,0,0,0,1,0,3,4,0,1,7,,N,,,,,,,,,,,
2006021319,1026.0,1,0,0,0,0,0,0,0,0,5,1,,67,1,2006,5,39.9725,-75.1675,1025.0,6,0,0,0,0,0,0,0,0,,0,1,0,10,1,0,0,,0.0,39 58:21.000,,0,75 10:03.189,0,0,0,0,67301,0,0,0,N,0,0,0,2,67301,0,,1,8,,N,N,,0,,0,0,0,0,0,,1023,0,2,0,0,0,0,0,3,4,0,2,3,,N,,,,,,,,,,,
2006092408,1750.0,1,0,0,0,0,0,0,0,0,1,0,,67,8,2006,2,40.1,-75.0083,1745.0,6,0,0,0,0,0,0,0,0,,0,1,0,16,1,1,1,,0.0,40 05:59.000,,0,75 00:28.979,4,0,0,0,67301,0,0,0,N,0,0,0,2,67301,1,,1,1,,N,N,,0,,0,0,0,3,2,,1600,1,2,0,0,0,0,0,3,4,0,2,3,,N,,,,,,,,,,,
2006081928,1940.0,1,0,0,1,0,0,0,0,0,1,0,,67,7,2006,2,39.9509,-75.2307,1917.0,6,0,0,0,0,0,0,0,0,,0,0,0,19,1,1,1,,0.0,39 57:03.319,,0,75 13:50.365,8,0,0,0,67301,1,0,0,N,0,0,0,2,67301,0,,1,1,,N,N,,0,,0,0,0,3,2,,1934,1,2,0,0,0,1,0,3,4,0,1,3,,N,,,,,,,,,,,
2006082011,1306.0,2,0,0,0,0,0,0,0,0,4,0,,67,7,2006,6,40.0432,-75.0523,1305.0,6,0,0,0,0,0,1,0,0,,0,0,0,13,1,1,1,,0.0,40 02:35.000,,0,75 03:08.307,3,0,0,0,67301,0,0,0,N,0,0,0,2,67301,0,,1,1,,N,N,,0,,1,0,0,3,2,,1305,1,2,0,0,0,0,0,3,4,0,2,3,,N,,,,,,,,,,,
2006086997,1153.0,1,0,0,0,0,0,0,0,0,5,0,,67,7,2006,1,40.0138,-75.056,1151.0,6,0,0,0,0,0,0,0,0,,0,0,0,11,1,3,1,,0.0,40 00:50.000,,0,75 03:21.526,8,0,0,0,67301,0,0,0,,0,0,0,3,67301,0,,1,1,,N,N,,0,,0,0,1,9,2,,1145,3,2,0,0,0,3,0,3,4,0,2,3,,N,,,,,,,,,,,
2006053503,941.0,0,0,0,0,0,0,0,0,0,1,0,,67,4,2006,4,39.9254,-75.2258,938.0,6,0,0,0,0,0,1,0,0,,0,0,0,9,1,1,2,,0.0,39 55:31.000,,0,75 13:33.389,4,0,0,0,67301,0,0,0,N,0,0,0,2,67301,1,,1,1,,N,N,,0,,0,0,0,0,0,,935,1,2,0,0,0,0,0,3,4,1,2,3,,N,,,,,,,,,,,
2006053782,1042.0,2,0,0,0,0,0,0,0,0,1,0,,67,4,2006,3,40.0624,-75.0427,1036.0,6,0,0,0,0,0,0,0,1,,0,0,0,10,1,3,5,,0.0,40 03:44.280,,0,75 02:33.360,4,0,0,0,67301,0,0,0,N,0,0,0,4,67301,3,,1,1,,N,N,,0,,0,0,0,3,2,,1035,3,2,0,0,1,0,0,3,4,0,2,3,,N,,,,,,,,,,,
2006053875,255.0,2,0,0,0,0,0,0,0,0,1,0,,67,4,2006,5,,,255.0,6,0,0,0,0,0,1,0,0,1.0,0,0,0,2,3,1,0,,2.0,,4.0,0,,8,0,0,0,67301,0,0,0,N,0,0,0,2,67301,0,,1,1,,N,N,,0,,0,0,0,0,0,Y,255,1,2,0,0,0,1,1,3,3,0,2,3,,N,,,,,,,,,,,
2006094934,2147.0,0,0,0,0,0,0,0,0,0,8,0,,67,7,2006,6,,,2146.0,6,0,0,0,0,0,0,0,0,,0,0,0,21,2,1,0,,0.0,,,0,,8,0,0,0,67301,1,0,0,N,1,0,0,2,67301,0,,2,1,,N,N,,0,,0,0,1,0,0,,2139,1,2,0,0,0,1,0,3,3,0,1,3,,N,,,,,,,,,,,
2006019770,2005.0,1,0,0,0,0,0,0,0,0,4,0,,67,1,2006,2,40.0344,-75.2162,2004.0,6,0,0,0,0,0,0,0,0,,0,0,0,20,3,0,0,,0.0,40 02:03.000,,0,75 12:58.510,0,0,0,0,67301,0,0,0,N,0,0,0,6,67301,0,,1,9,,N,N,,0,,0,0,1,0,0,,2000,0,2,0,0,0,0,0,3,4,0,2,7,,N,,,,,,,,,,,
2006055843,1858.0,1,0,0,0,0,0,0,0,0,8,0,,67,3,2006,5,40.0094,-75.1953,1856.0,6,0,0,0,0,0,0,0,0,,0,0,0,18,3,1,2,,0.0,40 00:33.840,,0,75 11:43.080,8,0,0,0,67301,1,0,0,N,1,0,0,2,67301,0,,1,1,,N,N,,0,,0,0,0,0,0,,1855,1,2,0,0,0,1,1,3,4,0,1,3,,N,,,,,,,,,,,
2006092483,819.0,0,0,0,0,0,0,0,0,0,8,0,,67,8,2006,2,39.9487,-75.159,815.0,6,0,0,0,0,0,0,0,0,,0,0,0,8,1,1,1,,0.0,39 56:55.283,,0,75 09:32.299,8,0,0,0,67301,1,0,0,N,1,0,0,2,67301,0,,1,1,,N,N,,0,,0,0,0,3,2,,800,1,2,0,0,0,1,0,3,4,1,1,3,,N,,,,,,,,,,,