CRN,ARRIVAL_TM,AUTOMOBILE_COUNT,BELTED_DEATH_COUNT,BELTED_SUSP_SERIOUS_INJ_COUNT,BICYCLE_COUNT,BICYCLE_DEATH_COUNT,BICYCLE_SUSP_SERIOUS_INJ_COUNT,BUS_COUNT,CHLDPAS_DEATH_COUNT,CHLDPAS_SUSP_SERIOUS_INJ_COUNT,COLLISION_TYPE,COMM_VEH_COUNT,CONS_ZONE_SPD_LIM,COUNTY,CRASH_MONTH,CRASH_YEAR,DAY_OF_WEEK,DEC_LAT,DEC_LONG,DISPATCH_TM,DISTRICT,DRIVER_COUNT_16YR,DRIVER_COUNT_17YR,DRIVER_COUNT_18YR,DRIVER_COUNT_19YR,DRIVER_COUNT_20YR,DRIVER_COUNT_50_64YR,DRIVER_COUNT_65_74YR,DRIVER_COUNT_75PLUS,EST_HRS_CLOSED,FATAL_COUNT,HEAVY_TRUCK_COUNT,HORSE_BUGGY_COUNT,HOUR_OF_DAY,ILLUMINATION,INJURY_COUNT,INTERSECT_TYPE,INTERSECTION_RELATED,LANE_CLOSED,LATITUDE,LN_CLOSE_DIR,LOCATION_TYPE,LONGITUDE,MAX_SEVERITY_LEVEL,MCYCLE_DEATH_COUNT,MCYCLE_SUSP_SERIOUS_INJ_COUNT,MOTORCYCLE_COUNT,MUNICIPALITY,NONMOTR_COUNT,NONMOTR_DEATH_COUNT,NONMOTR_SUSP_SERIOUS_INJ_COUNT,NTFY_HIWY_MAINT,PED_COUNT,PED_DEATH_COUNT,PED_SUSP_SERIOUS_INJ_COUNT,PERSON_COUNT,POLICE_AGCY,POSSIBLE_INJ_COUNT,RDWY_SURF_TYPE_CD,RELATION_TO_ROAD,ROAD_CONDITION,ROADWAY_CLEARED,SCH_BUS_IND,SCH_ZONE_IND,SECONDARY_CRASH,SMALL_TRUCK_COUNT,SPEC_JURIS_CD,SUSP_MINOR_INJ_COUNT,SUSP_SERIOUS_INJ_COUNT,SUV_COUNT,TCD_FUNC_CD,TCD_TYPE,TFC_DETOUR_IND,TIME_OF_DAY,TOT_INJ_COUNT,TOTAL_UNITS,UNB_DEATH_COUNT,UNB_SUSP_SERIOUS_INJ_COUNT,UNBELTED_OCC_COUNT,UNK_INJ_DEG_COUNT,UNK_INJ_PER_COUNT,URBAN_AREA,URBAN_RURAL,VAN_COUNT,VEHICLE_COUNT,WEATHER1,WEATHER2,WORK_ZONE_IND,WORK_ZONE_LOC,WORK_ZONE_TYPE,WORKERS_PRES,WZ_CLOSE_DETOUR,WZ_FLAGGER,WZ_LAW_OFFCR_IND,WZ_LN_CLOSURE,WZ_MOVING,WZ_OTHER,WZ_SHLDER_MDN,WZ_WORKERS_INJ_KILLED
2006055993,857.0,2,0,0,0,0,0,0,0,0,4,0,,67,3,2006,6,39.981,-75.2243,857.0,6,0,0,0,0,0,0,0,0,,0,0,0,99,1,1,2,,0.0,39 58:51.000,,0,75 13:27.503,4,0,0,0,67301,0,0,0,N,0,0,0,4,67301,1,,1,1,,N,N,,0,,0,0,0,9,3,,9999,1,2,0,0,0,0,0,3,4,0,2,3,,N,,,,,,,,,,,
2006056083,2213.0,2,0,0,0,0,0,0,0,0,5,0,,67,4,2006,5,,,2213.0,6,0,0,0,0,0,0,0,0,1.0,0,0,0,22,3,0,1,,2.0,,1.0,0,,0,0,0,0,67301,0,0,0,N,0,0,0,1,67301,0,,1,1,,N,N,,1,,0,0,1,0,0,N,2213,0,4,0,0,0,0,0,3,3,0,4,3,,N,,,,,,,,,,,
2006056243,1232.0,1,0,0,1,0,0,0,0,0,1,0,,67,3,2006,4,39.9492,-75.1508,1206.0,6,0,0,0,0,0,0,0,0,,0,0,0,12,1,1,1,,0.0,39 56:57.000,,0,75 09:02.751,8,0,0,0,67301,1,0,0,N,0,0,0,2,67301,0,,1,1,,N,N,,0,,0,0,0,3,2,,1203,1,2,0,0,0,1,1,3,4,0,1,3,,N,,,,,,,,,,,
2006056247,1455.0,0,0,0,0,0,0,0,0,0,0,0,,67,4,2006,6,39.9439,-75.1977,1451.0,6,0,0,0,0,0,1,0,0,1.0,0,0,0,14,1,1,0,,1.0,39 56:38.000,2.0,2,75 11:51.572,4,0,0,1,67301,0,0,0,N,0,0,0,1,67301,1,,2,1,,N,N,,0,,0,0,0,0,0,N,1450,1,1,0,0,0,0,0,3,4,0,1,3,,N,,,,,,,,,,,
2006056257,915.0,2,0,0,0,0,0,0,0,0,4,0,,67,2,2006,3,39.9585,-75.213,906.0,6,0,0,0,0,0,0,1,0,,0,0,0,9,1,2,2,,0.0,39 57:30.000,,0,75 12:46.950,4,0,0,0,67301,0,0,0,N,0,0,0,3,67301,2,,1,1,,N,N,,0,,0,0,0,0,0,,900,2,2,0,0,0,0,0,3,4,0,2,3,,N,,,,,,,,,,,
2006092708,1255.0,1,0,0,0,0,0,0,0,0,4,0,,67,8,2006,4,40.0768,-75.033,1245.0,6,0,0,0,0,0,1,0,0,1.0,0,0,0,12,1,3,1,,2.0,40 04:36.000,2.0,0,75 01:58.717,4,0,0,0,67301,0,0,0,N,0,0,0,3,67301,1,,1,1,,N,N,,0,,0,0,1,3,2,N,1235,3,2,0,0,0,2,0,3,4,0,2,3,,N,,,,,,,,,,,
2006056351,1.0,5,0,0,0,0,0,0,0,0,4,0,,67,4,2006,7,40.0659,-75.1765,0.0,6,0,0,0,0,0,0,1,0,,0,0,0,23,3,2,1,,0.0,40 03:57.000,,0,75 10:35.461,8,0,0,0,67301,0,0,0,N,0,0,0,2,67301,0,,1,1,,N,N,,0,,0,0,1,3,3,,2345,2,6,0,0,0,2,0,3,4,0,6,3,,N,,,,,,,,,,,
2006092758,1617.0,1,0,0,0,0,0,0,0,0,1,0,,67,8,2006,7,39.9198,-75.2251,1615.0,6,0,0,0,0,0,2,0,0,,0,0,0,16,1,1,1,,0.0,39 55:11.000,,0,75 13:30.375,4,0,0,0,67301,0,0,0,,0,0,0,2,67301,1,,1,1,,,,,0,,0,0,1,9,2,,1600,1,2,0,0,0,0,0,3,4,0,2,3,,N,,,,,,,,,,,
2006053900,1329.0,1,0,0,0,0,0,0,0,0,7,0,,67,4,2006,4,40.0782,-74.9742,1322.0,6,0,0,0,0,0,0,0,0,2.0,0,0,0,13,1,2,2,,2.0,40 04:41.480,6.0,0,74 58:27.026,2,0,0,0,67301,0,0,0,N,0,0,0,2,67301,0,,4,1,,N,N,,0,,0,1,0,0,0,Y,1321,2,1,0,0,0,1,0,3,4,0,1,3,,N,,,,,,,,,,,
2006053964,1500.0,2,0,0,0,0,0,0,0,0,4,0,,67,4,2006,6,40.0475,-75.1303,1454.0,6,0,0,0,0,0,1,0,0,,0,0,0,14,1,1,0,,0.0,40 02:51.144,,0,75 07:48.997,8,0,0,0,67301,0,0,0,N,0,0,0,8,67301,0,,1,1,,N,N,,1,,0,0,0,0,0,,1452,1,3,0,0,0,1,0,3,4,0,3,3,,N,,,,,,,,,,,
2006053995,219.0,1,0,0,0,0,0,0,0,0,8,0,,67,4,2006,6,,,219.0,6,0,0,0,0,0,1,0,0,,0,0,0,2,3,1,0,,0.0,,,0,,4,0,0,0,67301,1,0,0,N,1,0,0,2,67301,1,,1,1,,N,N,,0,,0,0,0,0,0,,218,1,2,0,0,0,0,0,3,3,0,1,3,,N,,,,,,,,,,,
2006092920,1207.0,2,0,0,0,0,0,0,0,0,2,0,,67,7,2006,7,,,1205.0,6,0,0,0,0,0,0,0,0,,0,0,0,11,1,1,2,,0.0,,,0,,4,0,0,0,67301,0,0,0,N,0,0,0,2,67301,1,,1,1,,N,N,,0,,0,0,0,0,0,,1150,1,2,0,0,0,0,0,3,3,0,2,3,,N,,,,,,,,,,,
2006037984,1120.0,2,0,0,0,0,0,0,0,0,4,0,,67,3,2006,3,39.9571,-75.1511,1103.0,6,0,0,0,0,0,0,0,0,,0,0,0,11,1,2,7,,0.0,39 57:23.000,,2,75 09:04.856,4,0,0,0,67301,0,0,0,N,0,0,0,3,67301,1,,7,1,,N,N,,0,,0,0,0,3,2,,1103,2,2,0,0,0,1,0,3,4,0,2,3,,N,,,,,,,,,,,
2006035684,1523.0,1,0,0,0,0,0,0,0,0,6,0,,67,2,2006,1,40.0659,-75.1593,1520.0,6,0,0,0,0,0,0,0,0,,0,0,0,15,1,2,1,,0.0,40 03:57.000,,0,75 09:33.314,4,0,0,0,67301,0,0,0,N,0,0,0,2,67301,2,,1,1,,N,N,,0,,0,0,0,3,2,,1520,2,2,0,0,0,0,0,3,4,1,2,3,,N,,,,,,,,,,,
2006113269,1035.0,1,0,0,0,0,0,0,0,0,1,0,,67,10,2006,5,39.9989,-75.0703,1030.0,6,0,0,0,0,0,1,0,0,,0,0,0,10,1,2,0,,0.0,39 59:56.000,,0,75 04:13.148,4,0,0,0,67301,0,0,0,N,0,0,0,4,67301,2,,1,1,,N,N,,0,,0,0,1,0,0,,1020,2,2,0,0,0,0,0,3,4,0,2,3,,N,,,,,,,,,,,
2006113299,2043.0,1,0,0,0,0,0,0,0,0,8,0,,67,10,2006,3,39.9631,-75.1662,2040.0,6,0,0,0,0,0,0,0,0,,0,0,0,20,3,2,1,,0.0,39 57:47.000,,0,75 09:58.329,4,0,0,0,67301,2,0,0,N,2,0,0,3,67301,2,,1,9,,N,N,,0,,0,0,0,3,2,,2038,2,3,0,0,0,0,1,3,4,0,1,7,,N,,,,,,,,,,,
2006113339,1304.0,2,0,0,0,0,0,0,0,0,4,0,,67,10,2006,5,39.9762,-75.161,1300.0,6,0,0,1,0,0,0,0,0,,0,0,0,99,1,4,1,,0.0,39 58:34.219,,0,75 09:39.495,3,0,0,0,67301,0,0,0,N,0,0,0,4,67301,1,,1,1,,N,N,,0,,1,0,0,0,0,,9999,4,2,0,0,0,2,0,3,4,0,2,3,,N,,,,,,,,,,,
2006113416,607.0,1,0,0,0,0,0,0,0,0,7,0,,67,9,2006,7,40.0169,-75.1516,605.0,6,0,0,0,0,0,0,0,0,,0,0,0,6,3,2,1,,0.0,40 01:01.000,,0,75 09:05.749,3,0,0,0,67301,0,0,0,,0,0,0,2,67301,0,,5,9,,,,,0,,1,0,0,0,0,,600,2,1,0,0,0,1,0,3,4,0,1,7,,N,,,,,,,,,,,
2006113444,1830.0,2,0,0,0,0,0,0,0,0,5,0,,67,9,2006,7,40.0089,-75.0718,1822.0,6,0,0,0,0,0,0,0,0,,0,0,0,99,4,1,1,,0.0,40 00:32.000,,0,75 04:18.501,4,0,0,0,67301,0,0,0,N,0,0,0,3,67301,1,,1,9,,N,N,,0,,0,0,0,3,2,,9999,1,2,0,0,0,0,0,3,4,0,2,7,,N,,,,,,,,,,,
2006116053,123.0,1,0,0,0,0,0,1,0,0,2,1,,67,10,2006,5,40.0085,-75.0915,121.0,6,0,0,0,0,0,1,0,0,,0,0,0,1,3,7,0,,0.0,40 00:30.776,,0,75 05:29.493,4,0,0,0,67301,0,0,0,N,0,0,0,12,67301,6,,1,1,,N,N,,0,,0,0,0,0,0,,109,7,2,0,0,0,1,0,3,4,0,2,3,,N,,,,,,,,,,,
2006116059,1205.0,1,0,0,0,0,0,0,0,0,4,1,,67,10,2006,4,39.9651,-75.1608,1155.0,6,0,0,0,0,0,0,0,0,,0,1,0,11,1,1,1,,0.0,39 57:54.000,,0,75 09:38.639,4,0,0,0,67301,0,0,0,N,0,0,0,5,67301,1,,1,1,,N,N,,0,,0,0,0,9,2,,1155,1,2,0,0,1,0,0,3,4,0,2,3,,N,,,,,,,,,,,
2006116081,1859.0,2,0,0,0,0,0,0,0,0,4,0,,67,10,2006,2,39.9744,-75.2017,1858.0,6,0,0,0,0,0,0,1,0,,0,0,0,18,4,1,5,,0.0,39 58:27.000,,0,75 12:05.543,4,0,0,0,67301,0,0,0,N,0,0,0,4,67301,1,,1,1,,N,N,,0,,0,0,0,0,0,,1857,1,2,0,0,0,0,0,3,4,0,2,3,,N,,,,,,,,,,,
2006054232,1820.0,1,0,0,0,0,0,0,0,0,8,0,,67,4,2006,2,39.915,-75.1566,1817.0,6,0,0,0,0,0,1,0,0,,0,0,0,18,1,1,2,,0.0,39 54:53.000,,0,75 09:23.607,4,0,0,0,67301,1,0,0,,1,0,0,2,67301,1,,1,1,,N,N,,0,,0,0,0,0,0,,1815,1,2,0,0,1,0,0,3,4,0,1,3,,N,,,,,,,,,,,
2006054246,1255.0,2,0,0,0,0,0,0,0,0,4,0,,67,4,2006,1,39.9215,-75.1473,1250.0,6,1,0,0,0,0,0,0,0,,0,0,0,12,1,2,2,,0.0,39 55:17.000,,0,75 08:50.340,4,0,0,0,67301,0,0,0,,0,0,0,3,67301,2,,1,1,,,,,0,,0,0,0,9,3,,1250,2,2,0,0,0,0,0,3,4,0,2,3,,N,,,,,,,,,,,
2006054247,804.0,3,0,0,0,0,0,0,0,0,4,0,,67,4,2006,2,39.951,-75.1779,802.0,6,0,0,0,0,0,0,0,0,,0,0,0,6,1,0,0,,0.0,39 57:03.600,,0,75 10:40.080,9,0,0,0,67301,0,0,0,N,0,0,0,3,67301,0,,1,9,,,,,0,,0,0,0,3,2,,650,0,3,0,0,0,0,1,3,4,0,3,7,,N,,,,,,,,,,,
2006038169,1630.0,2,0,0,0,0,0,0,0,0,1,0,,67,3,2006,3,40.0457,-75.0563,1627.0,6,0,0,0,0,0,1,0,0,,0,0,0,16,4,0,1,,0.0,40 02:44.000,,0,75 03:22.659,0,0,0,0,67301,0,0,0,,0,0,0,3,67301,0,,1,1,,N,N,,0,,0,0,1,9,2,,1625,0,3,0,0,0,0,0,3,4,0,3,3,,N,,,,,,,,,,,
2006054092,1137.0,1,0,0,0,0,0,0,0,0,8,0,,67,3,2006,6,40.0388,-75.1631,1137.0,6,0,0,0,0,0,0,0,0,,0,0,0,3,6,1,2,,0.0,40 02:19.629,,0,75 09:47.174,4,0,0,0,67301,1,0,0,,1,0,0,2,67301,1,,5,1,,,,,0,,0,0,0,9,9,,345,1,2,0,0,0,0,1,3,4,0,1,99,,N,,,,,,,,,,,
2006090516,2009.0,3,0,0,0,0,0,0,0,0,2,0,,67,6,2006,6,39.9939,-75.1545,2007.0,6,0,0,0,0,0,1,0,0,,0,0,0,20,1,3,1,,0.0,39 59:38.000,,0,75 09:16.780,3,0,0,0,67301,0,0,0,N,0,0,0,4,67301,0,,1,1,,N,N,,0,,3,0,0,3,2,,2005,3,4,0,0,2,0,0,3,4,0,4,3,,N,,,,,,,,,,,
2006036807,555.0,3,0,0,0,0,0,0,0,0,4,0,,67,2,2006,7,40.0105,-75.0791,548.0,6,0,0,0,0,0,1,0,0,3.0,0,0,0,99,3,1,1,,2.0,40 00:37.000,5.0,0,75 04:45.408,8,0,0,0,67301,0,0,0,N,0,0,0,4,67301,0,,1,1,,N,N,,0,,0,0,0,3,2,Y,9999,1,3,0,0,2,1,0,3,4,0,3,3,,N,,,,,,,,,,,
2006036878,1244.0,1,0,0,0,0,0,0,0,0,7,0,,67,2,2006,7,39.9723,-75.2441,1238.0,6,0,0,0,0,0,0,0,0,,0,0,0,12,1,0,2,,0.0,39 58:20.247,,0,75 14:38.914,9,0,0,0,67301,0,0,0,N,0,0,0,1,67301,0,,2,1,,N,N,,0,,0,0,0,0,0,,1220,0,1,0,0,0,0,1,3,4,0,1,3,,N,,,,,,,,,,,
2006037223,2240.0,3,0,0,0,0,0,0,0,0,4,0,,67,1,2006,5,,,2230.0,6,0,0,0,1,0,0,0,0,3.0,0,0,0,22,3,3,1,,2.0,,7.0,0,,4,0,0,0,67301,0,0,0,N,0,0,0,4,67301,3,,1,1,,N,N,,0,,0,0,0,3,2,Y,2230,3,3,0,0,3,0,1,3,3,0,3,3,,N,,,,,,,,,,,
2006021359,2150.0,3,0,0,0,0,0,0,0,0,1,0,,67,1,2006,4,,,2145.0,6,0,0,0,0,0,0,0,0,,0,0,0,9,1,1,1,,0.0,,,0,,4,0,0,0,67301,0,0,0,N,0,0,0,1,67301,1,,1,1,,N,N,,0,,0,0,0,3,3,,940,1,3,0,0,1,0,0,3,3,0,3,3,,N,,,,,,,,,,,
2006021332,120.0,2,0,0,0,0,0,0,0,0,2,0,,67,1,2006,4,40.046,-75.1431,120.0,6,0,0,0,0,0,1,1,0,,0,0,0,0,3,1,0,,0.0,40 02:45.000,,7,75 08:35.261,3,0,0,0,67301,0,0,0,N,0,0,0,2,67301,0,,1,9,,N,N,,0,,1,0,0,0,0,,19,1,2,0,0,1,0,0,3,4,0,2,7,,N,,,,,,,,,,,
2006081942,1800.0,1,0,0,0,0,0,0,0,0,8,0,,67,6,2006,2,39.9904,-75.1161,1756.0,6,0,0,0,0,0,0,0,0,,0,0,0,17,1,1,2,,0.0,39 59:25.000,,0,75 06:58.274,4,0,0,0,67301,1,0,0,N,1,0,0,2,67301,1,,1,9,,N,N,,0,,0,0,0,3,2,,1753,1,2,0,0,0,0,0,3,4,0,1,7,,N,,,,,,,,,,,
2006082040,421.0,0,0,0,0,0,0,0,0,0,7,0,,67,6,2006,3,40.0727,-75.1885,430.0,6,0,0,0,0,0,0,0,0,,0,0,0,99,3,1,2,,0.0,40 04:21.000,,0,75 11:18.628,8,0,0,0,67301,0,0,0,,0,0,0,6,67301,0,,2,1,,N,N,,0,,0,0,0,2,2,,9999,1,1,0,0,0,1,0,3,4,1,1,3,,N,,,,,,,,,,,
2006082046,1445.0,1,0,0,0,0,0,0,0,0,8,0,,67,5,2006,6,39.9756,-75.1919,1435.0,6,0,0,0,0,0,0,0,0,,0,0,0,14,1,1,2,,0.0,39 58:31.000,,0,75 11:30.586,4,0,0,0,67301,1,0,0,,1,0,0,2,67301,1,,1,1,,N,N,,0,,0,0,0,0,0,,1435,1,2,0,0,0,0,0,3,4,0,1,3,,N,,,,,,,,,,,
2006053808,9999.0,2,0,0,0,0,0,0,0,0,1,0,,67,4,2006,5,40.0074,-75.1369,1257.0,6,0,0,0,0,0,0,0,1,1.0,0,0,0,99,1,1,0,,1.0,40 00:26.000,3.0,0,75 08:13.482,4,0,0,0,67301,0,0,0,N,0,0,0,4,67301,1,,1,1,,N,Y,,0,,0,0,0,0,0,N,9999,1,2,0,0,0,0,0,3,4,0,2,3,,N,,,,,,,,,,,
2006053816,1544.0,2,0,0,0,0,0,0,0,0,4,0,,67,4,2006,6,39.9831,-75.144,1541.0,6,0,0,0,0,0,1,0,0,,0,0,0,15,1,2,1,,0.0,39 58:59.055,,0,75 08:38.421,4,0,0,0,67301,0,0,0,N,0,0,0,4,67301,1,,1,9,,N,N,,0,,0,0,0,3,2,,1530,2,2,0,0,0,1,0,3,4,0,2,7,,N,,,,,,,,,,,
2006053846,116.0,1,0,0,0,0,0,0,0,0,6,0,,67,4,2006,7,40.025,-75.1599,114.0,6,0,0,0,0,0,0,0,0,,0,0,0,21,2,2,0,,0.0,40 01:29.000,,0,75 09:35.697,3,0,0,0,67301,0,0,0,,0,0,0,2,67301,1,,1,1,,,,,3,,1,0,0,0,0,,2130,2,4,0,0,2,0,0,3,4,0,4,3,,N,,,,,,,,,,,
2006022089,1704.0,2,0,0,0,0,0,0,0,0,4,0,,67,1,2006,5,39.9828,-75.2063,1659.0,6,0,0,0,0,0,0,0,0,,0,0,0,16,4,2,2,,0.0,39 58:58.072,,0,75 12:22.561,3,0,0,0,67301,0,0,0,N,0,0,0,2,67301,1,,1,1,,N,N,,0,,1,0,0,3,3,,1656,2,2,0,0,0,0,0,3,4,0,2,3,,N,,,,,,,,,,,
2006094938,1810.0,2,0,0,0,0,0,0,0,0,1,0,,67,7,2006,7,40.0345,-75.1149,1748.0,6,0,0,0,0,0,0,1,0,,0,0,0,17,1,4,1,,0.0,40 02:03.000,,0,75 06:53.820,3,0,0,0,67301,0,0,0,N,0,0,0,5,67301,3,,1,9,,N,N,,0,,1,0,0,3,2,,1748,4,3,0,0,4,0,0,3,4,1,3,7,,N,,,,,,,,,,,
2006055894,9999.0,2,0,0,0,0,0,0,0,0,1,0,,67,3,2006,2,40.0222,-75.1375,9999.0,6,0,0,0,0,0,1,0,0,,0,1,0,99,1,1,2,,0.0,40 01:20.000,,0,75 08:14.045,4,0,0,0,67301,0,0,0,N,0,0,0,3,67301,1,,1,1,,N,N,,0,,0,0,0,3,2,,9999,1,3,0,0,0,0,0,3,4,0,3,3,,N,,,,,,,,,,,
2006055896,1730.0,1,0,0,0,0,0,0,0,0,1,0,,67,3,2006,6,,,1623.0,6,0,0,0,0,0,1,0,0,,0,0,0,14,1,1,0,,0.0,,,99,,4,0,0,0,67301,0,0,0,N,0,0,0,2,67301,1,,1,1,,N,N,,0,,0,0,0,0,0,,1410,1,2,0,0,0,0,0,3,3,0,2,3,,N,,,,,,,,,,,
2006055928,935.0,2,0,0,0,0,0,0,0,0,4,0,,67,3,2006,2,40.035,-75.144,935.0,6,0,0,0,0,1,0,0,0,,0,0,0,9,1,1,0,,0.0,40 02:06.122,,0,75 08:38.256,8,0,0,0,67301,0,0,0,N,0,0,0,3,67301,0,,1,1,,N,N,,0,,0,0,0,0,0,,915,1,2,0,0,0,1,0,3,4,0,2,3,,N,,,,,,,,,,,
2006055841,1630.0,1,0,0,0,0,0,0,0,0,1,0,,67,3,2006,4,40.0119,-75.1823,1628.0,6,0,0,0,0,0,0,0,0,,0,0,0,15,1,1,0,,0.0,40 00:42.685,,0,75 10:56.434,4,0,0,0,67301,0,0,0,N,0,0,0,2,67301,1,,1,1,,N,N,,0,,0,0,0,3,2,,1530,1,2,0,0,0,0,0,3,4,1,2,3,,N,,,,,,,,,,,
2006092441,1000.0,2,0,0,0,0,0,0,0,0,4,0,,67,8,2006,6,,,1250.0,6,0,0,0,0,0,1,0,0,,0,0,0,12,1,3,1,,0.0,,,0,,8,0,0,0,67301,0,0,0,N,0,0,0,5,67301,0,,1,1,,N,N,,0,,0,0,0,3,2,,1250,3,2,0,0,0,3,2,3,3,0,2,3,,N,,,,,,,,,,,
2006094999,1950.0,2,0,0,0,0,0,0,0,0,4,0,,67,8,2006,3,40.0092,-75.0691,1942.0,6,0,0,0,0,0,1,0,0,,0,0,0,19,1,1,1,,0.0,40 00:33.120,,0,75 04:08.400,4,0,0,0,67301,0,0,0,N,0,0,0,5,67301,1,,1,1,,N,N,,0,,0,0,0,3,2,,1930,1,2,0,0,0,0,0,3,4,0,2,3,,N,,,,,,,,,,,
2006055956,416.0,1,0,0,0,0,0,0,0,0,7,0,,67,4,2006,7,40.0465,-75.1363,415.0,6,0,0,0,0,0,0,0,0,9.0,0,0,0,4,3,0,2,,2.0,40 02:47.000,7.0,0,75 08:10.918,0,0,0,0,67301,0,0,0,N,0,0,0,1,67301,0,,2,9,,N,N,,0,,0,0,0,3,2,Y,411,0,1,0,0,0,0,0,3,4,0,1,7,,N,,,,,,,,,,,
2006056050,1225.0,4,0,0,0,0,0,0,0,0,1,0,,67,3,2006,2,,,1222.0,6,0,0,0,0,0,1,2,0,2.0,0,0,0,12,1,2,0,,2.0,,6.0,0,,4,0,0,0,67301,0,0,0,N,0,0,0,5,67301,2,,1,1,,N,N,,0,,0,0,0,0,0,Y,1222,2,4,0,0,0,0,0,3,3,0,4,3,,N,,,,,,,,,,,
2006056003,1905.0,1,0,0,0,0,0,0,0,0,1,0,,67,3,2006,3,,,1855.0,6,0,0,0,0,0,0,0,0,,0,0,0,18,3,0,0,,0.0,,,1,,0,0,0,0,67301,0,0,0,N,0,0,0,2,67301,0,,1,1,,N,N,,0,,0,0,1,0,0,,1850,0,2,0,0,0,0,0,3,3,0,2,3,,N,,,,,,,,,,,
2006056324,737.0,1,0,0,0,0,0,0,0,0,5,0,,67,3,2006,4,40.0281,-75.0335,730.0,6,0,0,0,0,0,0,0,0,,0,0,0,7,1,1,2,,0.0,40 01:43.000,,0,75 02:16.360,3,0,0,1,67301,0,0,0,N,0,0,0,3,67301,0,,1,1,,N,N,,0,,1,0,0,0,0,,725,1,3,0,0,0,0,0,3,4,1,3,3,,N,,,,,,,,,,,
2006053892,841.0,0,0,0,0,0,0,0,0,0,8,1,,67,2,2006,3,40.0105,-75.0791,835.0,6,0,0,0,0,0,0,0,0,,0,1,0,99,1,1,1,,0.0,40 00:37.000,,0,75 04:45.408,8,0,0,0,67301,1,0,0,,1,0,0,2,67301,0,,1,1,,,,,0,,0,0,0,3,2,,9999,1,2,0,0,0,1,0,3,4,0,1,3,,N,,,,,,,,,,,
2006037954,1845.0,2,0,0,0,0,0,0,0,0,7,0,,67,3,2006,3,,,1845.0,6,0,0,0,0,0,0,0,1,,0,0,0,18,6,1,1,,0.0,,,0,,8,0,0,0,67301,0,0,0,,0,0,0,1,67301,0,,5,98,,N,N,,0,,0,0,0,3,3,,1845,1,2,0,0,0,1,0,3,3,0,2,99,,N,,,,,,,,,,,
2006033414,1706.0,1,0,0,0,0,0,0,0,0,2,0,,67,2,2006,3,40.0551,-75.051,1701.0,6,0,0,0,0,0,0,0,0,1.0,0,0,0,16,1,1,1,,1.0,40 03:18.504,1.0,0,75 03:03.549,4,0,0,0,67301,0,0,0,N,0,0,0,2,67301,1,,1,1,,N,N,,0,,0,0,1,3,3,N,1645,1,2,0,0,0,0,0,3,4,0,2,3,,N,,,,,,,,,,,
2006035641,1940.0,1,0,0,1,0,0,0,0,0,4,0,,67,2,2006,7,39.9507,-75.1504,1936.0,6,0,0,0,0,1,0,0,0,,0,0,0,19,3,1,1,,0.0,39 57:02.520,,0,75 09:01.440,4,0,0,0,67301,1,0,0,N,0,0,0,3,67301,1,,1,1,,N,N,,0,,0,0,0,3,2,,1934,1,2,0,0,0,0,0,3,4,0,1,3,,N,,,,,,,,,,,
2006035654,952.0,2,0,0,0,0,0,0,0,0,4,0,,67,1,2006,3,39.9941,-75.218,949.0,6,0,0,1,0,0,0,0,0,,0,0,0,9,1,0,1,,0.0,39 59:38.000,,0,75 13:05.085,0,0,0,0,67301,0,0,0,N,0,0,0,3,67301,0,,1,9,,N,N,,0,,0,0,0,3,3,,945,0,2,0,0,1,0,0,3,4,0,2,7,,N,,,,,,,,,,,
2006033320,1850.0,1,0,0,0,0,0,0,0,0,1,0,,67,2,2006,7,39.9741,-75.2043,1850.0,6,0,0,0,0,0,0,0,0,,0,0,0,16,3,0,1,,0.0,39 58:26.830,,0,75 12:15.528,9,0,0,0,67301,0,0,0,N,0,0,0,2,67301,0,,1,9,,N,N,,0,,0,0,1,3,2,,1640,0,2,0,0,0,0,1,3,4,0,2,10,,N,,,,,,,,,,,
2006055925,1745.0,1,0,0,1,0,0,0,0,0,4,0,,67,3,2006,2,40.0381,-75.1237,1745.0,6,0,0,0,0,0,0,0,0,,0,0,0,17,1,0,0,,0.0,40 02:17.188,,0,75 07:25.165,0,0,0,0,67301,1,0,0,N,0,0,0,3,67301,0,,1,1,,N,N,,0,,0,0,0,0,0,,1735,0,2,0,0,1,0,0,3,4,0,1,3,,N,,,,,,,,,,,
2006092481,1425.0,2,0,0,0,0,0,0,0,0,1,0,,67,7,2006,1,40.0337,-75.1458,1443.0,6,0,0,0,0,0,1,0,0,,0,0,0,14,1,1,1,,0.0,40 02:01.000,,0,75 08:45.097,4,0,0,0,67301,0,0,0,N,0,0,0,4,67301,1,,1,1,,N,N,,0,,0,0,0,3,2,,1440,1,2,0,0,0,0,0,3,4,0,2,3,,N,,,,,,,,,,,
2006092486,200.0,1,0,0,0,0,0,0,0,0,8,0,,67,8,2006,7,,,229.0,6,0,0,0,0,0,0,0,0,,0,0,0,2,3,1,0,,0.0,,,0,,3,0,0,0,67301,1,0,0,N,1,0,0,3,67501,0,,1,1,,N,N,,0,,1,0,0,0,0,,200,1,2,0,0,0,0,0,3,3,0,1,3,,N,,,,,,,,,,,