CRN,ARRIVAL_TM,AUTOMOBILE_COUNT,BELTED_DEATH_COUNT,BELTED_SUSP_SERIOUS_INJ_COUNT,BICYCLE_COUNT,BICYCLE_DEATH_COUNT,BICYCLE_SUSP_SERIOUS_INJ_COUNT,BUS_COUNT,CHLDPAS_DEATH_COUNT,CHLDPAS_SUSP_SERIOUS_INJ_COUNT,COLLISION_TYPE,COMM_VEH_COUNT,CONS_ZONE_SPD_LIM,COUNTY,CRASH_MONTH,CRASH_YEAR,DAY_OF_WEEK,DEC_LAT,DEC_LONG,DISPATCH_TM,DISTRICT,DRIVER_COUNT_16YR,DRIVER_COUNT_17YR,DRIVER_COUNT_18YR,DRIVER_COUNT_19YR,DRIVER_COUNT_20YR,DRIVER_COUNT_50_64YR,DRIVER_COUNT_65_74YR,DRIVER_COUNT_75PLUS,EST_HRS_CLOSED,FATAL_COUNT,HEAVY_TRUCK_COUNT,HORSE_BUGGY_COUNT,HOUR_OF_DAY,ILLUMINATION,INJURY_COUNT,INTERSECT_TYPE,INTERSECTION_RELATED,LANE_CLOSED,LATITUDE,LN_CLOSE_DIR,LOCATION_TYPE,LONGITUDE,MAX_SEVERITY_LEVEL,MCYCLE_DEATH_COUNT,MCYCLE_SUSP_SERIOUS_INJ_COUNT,MOTORCYCLE_COUNT,MUNICIPALITY,NONMOTR_COUNT,NONMOTR_DEATH_COUNT,NONMOTR_SUSP_SERIOUS_INJ_COUNT,NTFY_HIWY_MAINT,PED_COUNT,PED_DEATH_COUNT,PED_SUSP_SERIOUS_INJ_COUNT,PERSON_COUNT,POLICE_AGCY,POSSIBLE_INJ_COUNT,RDWY_SURF_TYPE_CD,RELATION_TO_ROAD,ROAD_CONDITION,ROADWAY_CLEARED,SCH_BUS_IND,SCH_ZONE_IND,SECONDARY_CRASH,SMALL_TRUCK_COUNT,SPEC_JURIS_CD,SUSP_MINOR_INJ_COUNT,SUSP_SERIOUS_INJ_COUNT,SUV_COUNT,TCD_FUNC_CD,TCD_TYPE,TFC_DETOUR_IND,TIME_OF_DAY,TOT_INJ_COUNT,TOTAL_UNITS,UNB_DEATH_COUNT,UNB_SUSP_SERIOUS_INJ_COUNT,UNBELTED_OCC_COUNT,UNK_INJ_DEG_COUNT,UNK_INJ_PER_COUNT,URBAN_AREA,URBAN_RURAL,VAN_COUNT,VEHICLE_COUNT,WEATHER1,WEATHER2,WORK_ZONE_IND,WORK_ZONE_LOC,WORK_ZONE_TYPE,WORKERS_PRES,WZ_CLOSE_DETOUR,WZ_FLAGGER,WZ_LAW_OFFCR_IND,WZ_LN_CLOSURE,WZ_MOVING,WZ_OTHER,WZ_SHLDER_MDN,WZ_WORKERS_INJ_KILLED
2006094988,1740.0,1,0,0,0,0,0,0,0,0,4,0,,67,8,2006,4,40.0352,-75.1455,1738.0,6,0,0,0,0,0,1,0,0,,0,0,0,17,1,2,1,,0.0,40 02:06.000,,0,75 08:43.859,8,0,0,0,67301,0,0,0,,0,0,0,4,67301,0,,1,1,,N,N,,0,,0,0,1,3,2,,1730,2,2,0,0,0,2,1,3,4,0,2,3,,N,,,,,,,,,,,
2006055949,1430.0,1,0,0,0,0,0,0,0,0,4,0,,67,3,2006,7,,,1425.0,6,0,0,0,0,0,1,0,0,,0,0,0,13,1,0,0,,0.0,,,0,,9,0,0,0,67301,0,0,0,N,0,0,0,3,67301,0,,1,1,,N,N,,1,,0,0,0,0,0,,1350,0,2,0,0,0,0,1,3,3,0,2,3,,N,,,,,,,,,,,
2006055955,1119.0,1,0,0,0,0,0,0,0,0,1,0,,67,3,2006,6,,,1119.0,6,0,0,0,0,0,0,0,0,,0,0,0,99,1,1,0,,0.0,,,0,,4,0,0,0,67301,0,0,0,N,0,0,0,2,67301,1,,1,1,,N,N,,0,,0,0,0,3,2,,9999,1,2,0,0,1,0,0,3,3,1,2,3,,N,,,,,,,,,,,
2006056113,1125.0,1,0,0,0,0,0,1,0,0,2,1,,67,4,2006,7,,,1123.0,6,0,0,0,0,0,2,0,0,1.0,0,0,0,11,1,0,1,,2.0,,4.0,0,,0,0,0,0,67301,0,0,0,N,0,0,0,4,67301,0,,1,9,,N,N,,0,,0,0,0,3,2,Y,1120,0,2,0,0,0,0,0,3,3,0,2,7,,N,,,,,,,,,,,
2006056271,1724.0,2,0,0,0,0,0,0,0,0,4,0,,67,4,2006,2,39.9955,-75.1089,1716.0,6,0,0,0,0,0,0,0,0,1.0,0,0,0,17,1,2,1,,1.0,39 59:43.731,3.0,0,75 06:32.155,4,0,0,0,67301,0,0,0,N,0,0,0,2,67301,2,,1,1,,N,N,,0,,0,0,0,3,2,N,1700,2,2,0,0,0,0,0,3,4,0,2,3,,N,,,,,,,,,,,
2006056321,1415.0,2,0,0,0,0,0,0,0,0,1,0,,67,4,2006,1,40.0288,-75.0899,1410.0,6,0,0,0,0,0,0,1,0,,0,0,0,14,1,1,0,,0.0,40 01:43.000,,0,75 05:23.990,4,0,0,0,67301,0,0,0,N,0,0,0,5,67301,1,,1,1,,N,N,,0,,0,0,0,0,0,,1405,1,2,0,0,0,0,0,3,4,0,2,3,,N,,,,,,,,,,,
2006053980,1256.0,3,0,0,0,0,0,0,0,0,1,0,,67,5,2006,4,40.0625,-75.0431,1248.0,6,0,0,0,0,0,2,0,0,1.0,0,0,0,12,1,1,2,,1.0,40 03:45.000,2.0,0,75 02:35.160,4,0,0,0,67301,0,0,0,,0,0,0,3,67301,1,,1,1,,,,,0,,0,0,0,3,2,N,1240,1,3,0,0,0,0,0,3,4,0,3,3,,N,,,,,,,,,,,
2006053992,1532.0,0,0,0,0,0,0,0,0,0,8,0,,67,4,2006,7,39.9666,-75.1604,1530.0,6,0,0,0,0,0,0,0,0,,0,0,0,15,1,1,3,,0.0,39 57:59.000,,0,75 09:37.393,2,0,0,0,67301,1,0,1,N,1,0,1,2,67301,0,,1,1,,N,N,,1,,0,1,0,3,2,,1525,1,2,0,0,0,0,0,3,4,0,1,3,,N,,,,,,,,,,,
2006054007,1825.0,3,0,0,0,0,0,0,0,0,2,0,,67,4,2006,7,40.0392,-75.11,1824.0,6,0,0,0,0,0,0,0,0,,0,0,0,18,1,3,1,,0.0,40 02:20.000,,0,75 06:36.032,4,0,0,0,67301,0,0,0,N,0,0,0,5,67301,3,,1,9,,N,N,,0,,0,0,0,3,2,,1815,3,3,0,0,0,0,0,3,4,0,3,7,,N,,,,,,,,,,,
2006053887,2007.0,0,0,0,0,0,0,0,0,0,8,0,,67,4,2006,6,39.9776,-75.126,1826.0,6,0,0,0,0,0,0,0,0,,0,0,0,1,3,1,1,,0.0,39 58:39.298,,0,75 07:33.440,3,0,0,0,67301,1,0,0,N,1,0,0,3,67301,0,,1,1,,N,N,,0,,1,0,1,3,3,,130,1,2,0,0,0,0,0,3,4,0,1,3,,N,,,,,,,,,,,
2006018424,1705.0,1,0,0,0,0,0,0,0,0,4,0,,67,1,2006,7,,,1655.0,6,0,0,0,0,0,0,0,0,,0,0,0,16,1,1,1,,0.0,,,0,,3,0,0,1,67301,0,0,0,N,0,0,0,3,67301,0,,1,1,,N,N,,0,,1,0,0,9,3,,1650,1,2,0,0,0,0,0,3,3,0,2,3,,N,,,,,,,,,,,
2006018435,2345.0,0,0,0,0,0,0,0,0,0,8,1,,67,1,2006,7,40.013,-75.0711,2341.0,6,0,0,0,0,0,0,0,0,,0,1,0,23,3,1,1,,0.0,40 00:46.000,,0,75 04:15.927,3,0,0,0,67301,1,0,0,N,1,0,0,2,67301,0,,1,1,,N,N,,0,,1,0,0,0,0,,2337,1,2,0,0,0,0,0,3,4,0,1,3,,N,,,,,,,,,,,
2006037953,803.0,0,0,0,0,0,0,0,0,0,8,0,,67,1,2006,5,40.0556,-75.0447,757.0,6,0,0,0,0,0,1,0,0,,0,0,0,7,1,1,0,,0.0,40 03:19.000,,0,75 02:40.945,4,0,0,0,67301,1,0,0,N,1,0,0,2,67301,1,,1,1,,N,N,,0,,0,0,0,0,0,,756,1,2,0,0,1,0,0,3,4,1,1,3,,N,,,,,,,,,,,
2006035887,2200.0,2,0,0,0,0,0,0,0,0,1,0,,67,2,2006,7,40.0035,-75.1406,2150.0,6,0,0,0,0,0,2,0,0,,0,0,0,21,3,1,2,,0.0,40 00:12.513,,0,75 08:26.134,4,0,0,0,67301,0,0,0,,0,0,0,2,67301,1,,2,1,,N,N,,0,,0,0,0,0,0,,2150,1,3,0,0,0,0,0,3,4,1,3,3,,N,,,,,,,,,,,
2006033423,1000.0,0,0,0,0,0,0,0,0,0,4,0,,67,1,2006,3,40.053,-75.2284,958.0,6,0,0,0,0,0,0,1,0,2.0,0,0,0,9,1,0,0,,1.0,40 03:10.000,5.0,0,75 13:42.209,0,0,0,0,67301,0,0,0,N,0,0,0,2,67301,0,,1,9,,N,N,,0,,0,0,1,0,0,N,958,0,2,0,0,0,0,0,3,4,1,2,7,,N,,,,,,,,,,,
2006033112,200.0,1,0,0,0,0,0,0,0,0,7,0,99.0,67,2,2006,7,39.921,-75.1433,200.0,6,0,0,0,0,0,0,0,0,,0,0,0,1,3,1,2,,0.0,39 55:15.000,,0,75 08:36.090,4,0,0,0,67301,0,0,0,,0,0,0,1,67301,1,,1,1,,,,,0,,0,0,0,0,0,,155,1,1,0,0,0,0,0,3,4,0,1,3,,Y,8.0,8.0,U,,,U,,,,,
2006032890,1204.0,0,0,0,0,0,0,0,0,0,1,0,,67,2,2006,6,39.9151,-75.2447,1156.0,6,0,0,0,0,0,1,0,0,,0,0,0,9,1,0,2,,0.0,39 54:54.000,,0,75 14:41.398,0,0,0,0,67301,0,0,0,N,0,0,0,2,67301,0,,1,1,,N,N,,1,,0,0,1,0,0,,950,0,2,0,0,0,0,0,3,4,0,2,3,,N,,,,,,,,,,,
2006022706,1550.0,3,0,0,0,0,0,0,0,0,1,0,,67,1,2006,5,39.9663,-75.1355,1545.0,6,0,0,0,0,1,0,0,0,,0,0,0,15,1,0,0,,0.0,39 57:59.000,,0,75 08:07.089,0,0,0,0,67301,0,0,0,N,0,0,0,7,67301,0,,1,1,,N,N,,0,,0,0,1,0,0,,1540,0,5,0,0,0,0,0,3,4,1,5,3,,N,,,,,,,,,,,
2006053521,1206.0,1,0,0,0,0,0,0,0,0,1,0,,67,4,2006,7,,,1151.0,6,0,0,0,0,0,0,0,0,,0,0,0,11,1,1,0,,0.0,,,0,,8,0,0,0,67301,0,0,0,,0,0,0,3,67301,0,,1,9,,,,,0,,0,0,0,0,0,,1148,1,2,0,0,0,1,1,3,3,1,2,7,,N,,,,,,,,,,,
2006020101,1939.0,1,0,0,0,0,0,0,0,0,8,0,,67,1,2006,7,,,1938.0,6,0,0,0,0,0,0,0,0,,0,0,0,19,3,1,0,,0.0,,,1,,8,0,0,0,67301,1,0,0,N,1,0,0,5,67301,0,,1,1,,N,N,,0,,0,0,0,0,0,,1933,1,2,0,0,0,1,0,3,3,0,1,3,,N,,,,,,,,,,,
2006080057,927.0,2,0,0,0,0,0,0,0,0,1,1,,67,6,2006,2,,,925.0,6,0,0,0,0,0,1,1,0,1.0,0,1,0,9,1,7,0,,2.0,,3.0,0,,2,0,0,0,67301,0,0,0,Y,0,0,0,8,67301,1,,1,1,,N,N,,1,,5,1,0,0,0,Y,924,7,4,0,0,0,0,0,3,3,0,4,3,,N,,,,,,,,,,,
2006080066,1510.0,1,0,0,0,0,0,1,0,0,1,1,,67,6,2006,1,40.039,-75.1446,1500.0,6,0,0,0,0,0,0,0,0,,0,0,0,99,1,3,10,,0.0,40 02:20.000,,0,75 08:41.132,4,0,0,0,67301,0,0,0,N,0,0,0,6,67301,3,,1,1,,N,N,,0,,0,0,0,3,2,,9999,3,2,0,0,0,0,0,3,4,0,2,3,,N,,,,,,,,,,,
2006062680,520.0,1,0,0,0,0,0,0,0,0,7,0,,67,4,2006,3,39.9152,-75.2341,513.0,6,0,0,0,0,0,0,0,0,,0,0,0,5,1,0,0,,0.0,39 54:54.766,,0,75 14:02.914,0,0,0,0,67301,0,0,0,N,0,0,0,1,67301,0,,5,1,,N,N,,0,,0,0,0,0,0,,500,0,2,0,0,0,0,0,3,4,0,1,3,,N,,,,,,,,,,,
2006062714,517.0,0,0,0,0,0,0,0,0,0,7,0,99.0,67,5,2006,6,39.8931,-75.2222,508.0,6,0,0,0,0,0,1,0,0,2.0,0,0,0,5,5,1,7,,2.0,39 53:35.000,4.0,2,75 13:19.881,3,0,0,0,67301,0,0,0,Y,0,0,0,1,67301,0,,2,1,,N,N,,1,,1,0,0,0,0,Y,506,1,1,0,0,0,0,0,3,4,0,1,3,,Y,8.0,8.0,U,,,U,,,,,
2006065410,2018.0,2,0,0,0,0,0,0,0,0,1,0,,67,5,2006,1,39.957,-75.2133,2015.0,6,0,0,0,0,0,0,0,0,9.0,0,0,0,20,3,3,1,,1.0,39 57:25.560,3.0,0,75 12:48.240,4,0,0,0,67301,0,0,0,N,0,0,0,4,67301,3,,1,1,,N,N,,0,,0,0,0,3,2,N,2015,3,2,0,0,1,0,0,3,4,0,2,3,,N,,,,,,,,,,,
2006065424,135.0,0,0,0,0,0,0,0,0,0,8,0,,67,5,2006,7,,,130.0,6,0,0,0,0,0,0,0,0,,0,0,0,1,3,1,1,,0.0,,,0,,4,0,0,0,67301,1,0,0,N,1,0,0,3,67301,1,,1,1,,N,N,,1,,0,0,0,3,2,,120,1,2,0,0,0,0,0,3,3,0,1,3,,N,,,,,,,,,,,
2006065467,1110.0,1,0,0,0,0,0,0,0,0,4,0,,67,6,2006,6,40.0415,-75.0133,1058.0,6,0,0,0,0,0,0,1,0,1.0,0,0,0,11,1,1,1,,1.0,40 02:29.000,1.0,0,75 00:47.649,4,0,0,0,67301,0,0,0,N,0,0,0,2,67301,1,,1,1,,N,N,,0,,0,0,1,3,2,N,1100,1,2,0,0,0,0,0,3,4,0,2,3,,N,,,,,,,,,,,
2006065530,1632.0,1,0,0,0,0,0,0,0,0,4,0,,67,6,2006,5,40.0616,-74.9884,1632.0,6,0,0,0,1,0,0,0,0,,0,0,0,99,1,1,1,,0.0,40 03:41.000,,0,74 59:17.307,3,0,0,1,67301,0,0,0,N,0,0,0,2,67301,0,,1,1,,N,N,,0,,1,0,0,3,2,,9999,1,2,0,0,0,0,0,3,4,0,2,3,,N,,,,,,,,,,,
2006065559,2251.0,1,0,0,0,0,0,0,0,0,7,0,,67,5,2006,4,40.0203,-75.1593,2242.0,6,0,0,0,1,0,0,0,0,2.0,0,0,0,22,3,2,0,,1.0,40 01:13.000,2.0,3,75 09:33.560,4,0,0,0,67301,0,0,0,N,0,0,0,5,67301,1,,2,1,,,,,0,,0,0,0,0,0,N,2242,2,1,0,0,1,1,0,3,4,0,1,3,,N,,,,,,,,,,,
2006055431,1519.0,2,0,0,0,0,0,0,0,0,1,0,,67,2,2006,4,40.0296,-75.1032,1516.0,6,0,0,0,0,0,0,0,0,2.0,0,0,0,15,1,2,5,,1.0,40 01:46.000,1.0,0,75 06:11.771,4,0,0,0,67301,0,0,0,Y,0,0,0,2,67301,1,,1,9,,N,N,,0,,0,0,0,3,2,Y,1514,2,2,0,0,0,1,0,3,4,0,2,7,,N,,,,,,,,,,,
2006055527,1921.0,2,0,0,0,0,0,0,0,0,4,0,,67,4,2006,6,,,1921.0,6,0,0,0,0,0,1,0,0,,0,0,0,16,1,1,1,,0.0,,,0,,4,0,0,0,67301,0,0,0,,0,0,0,2,67301,1,,1,1,,,,,0,,0,0,0,0,0,,1600,1,2,0,0,0,0,0,3,3,0,2,3,,N,,,,,,,,,,,
2006055618,755.0,0,0,0,0,0,0,0,0,0,8,0,,67,3,2006,2,40.0344,-75.0822,748.0,6,0,0,0,0,0,1,0,0,9.0,0,0,0,7,1,3,1,,2.0,40 02:03.000,5.0,0,75 04:55.836,2,0,0,0,67301,3,0,3,N,3,0,3,4,67301,0,,1,1,,N,N,,0,,0,3,0,3,2,Y,745,3,4,0,0,0,0,0,3,4,1,1,3,,N,,,,,,,,,,,
2006055676,1744.0,2,0,0,0,0,0,0,0,0,1,0,,67,3,2006,7,,,1742.0,6,0,0,0,0,0,0,0,0,,0,0,0,17,1,0,0,,0.0,,,0,,0,0,0,0,67301,0,0,0,N,0,0,0,3,67301,0,,1,1,,N,N,,0,,0,0,1,0,0,,1740,0,3,0,0,0,0,0,3,3,0,3,3,,N,,,,,,,,,,,
2006055626,1645.0,1,0,0,0,0,0,0,0,0,6,0,,67,3,2006,1,40.0369,-75.0691,1640.0,6,0,0,0,0,0,1,0,0,,0,0,0,16,1,3,0,,0.0,40 02:12.757,,0,75 04:08.911,4,0,0,0,67301,0,0,0,N,0,0,0,5,67301,3,,1,1,,N,N,,0,,0,0,0,0,0,,1638,3,2,0,0,0,0,0,3,4,1,2,3,,N,,,,,,,,,,,
2006055632,1052.0,1,0,0,0,0,0,0,0,0,7,0,,67,3,2006,7,39.9511,-75.24,1038.0,6,0,0,0,0,0,0,0,0,,0,0,0,10,1,0,0,,0.0,39 57:03.898,,0,75 14:23.978,0,0,0,0,67301,0,0,0,,0,0,0,4,67301,0,,4,1,,N,,,0,,0,0,0,0,0,,1020,0,1,0,0,1,0,0,3,4,0,1,3,,N,,,,,,,,,,,
2006055727,1832.0,4,0,0,0,0,0,0,0,0,2,0,,67,4,2006,1,,,1831.0,6,0,0,0,0,0,0,0,0,1.0,0,0,0,18,1,1,0,,1.0,,1.0,0,,4,0,0,0,67301,0,0,0,N,0,0,0,2,67301,1,,1,1,,N,N,,0,,0,0,0,0,0,Y,1829,1,4,0,0,1,0,0,3,3,0,4,3,,N,,,,,,,,,,,
2006055744,825.0,2,0,0,0,0,0,0,0,0,6,0,,67,4,2006,7,39.9587,-75.2272,825.0,6,0,0,0,0,0,0,0,0,,0,0,0,8,1,1,1,,0.0,39 57:31.000,,0,75 13:37.853,8,0,0,0,67301,0,0,0,N,0,0,0,2,67301,0,,1,1,,N,N,,0,,0,0,0,3,2,,825,1,2,0,0,2,1,0,3,4,0,2,3,,N,,,,,,,,,,,
2006104822,1708.0,3,0,0,0,0,0,1,0,0,2,1,,67,9,2006,3,40.073,-75.0145,1705.0,6,0,0,0,0,0,3,0,0,,0,0,0,16,1,6,0,,0.0,40 04:22.000,,7,75 00:52.034,4,0,0,0,67301,0,0,0,,0,0,0,6,67301,4,,1,9,,,,,0,,0,0,0,0,0,,1645,6,4,0,0,0,2,0,3,4,0,4,7,,N,,,,,,,,,,,
2006102425,1717.0,2,0,0,0,0,0,0,0,0,2,0,,67,8,2006,6,,,1713.0,6,0,0,0,0,0,1,0,0,,0,0,0,17,1,0,2,,0.0,,,0,,0,0,0,0,67301,0,0,0,N,0,0,0,2,67301,0,,1,1,,N,N,,0,,0,0,0,9,3,,1710,0,3,0,0,0,0,0,3,3,1,3,3,,N,,,,,,,,,,,
2006102481,1150.0,0,0,0,0,0,0,0,0,0,8,0,,67,8,2006,5,,,1146.0,6,0,0,0,0,0,0,0,0,,0,0,0,11,1,1,0,,0.0,,,0,,4,0,0,0,67301,1,0,0,N,1,0,0,2,67301,1,,1,1,,N,N,,1,,0,0,0,0,0,,1146,1,2,0,0,0,0,0,3,3,0,1,3,,N,,,,,,,,,,,
2006124271,835.0,2,0,0,0,0,0,0,0,0,4,0,,67,10,2006,6,40.0507,-75.1177,828.0,6,0,0,0,0,0,0,0,0,,0,0,0,23,3,0,0,,0.0,40 03:02.419,,0,75 07:03.713,9,0,0,0,67301,0,0,0,N,0,0,0,1,67301,0,,6,9,,N,N,,0,,0,0,0,0,0,,2300,0,3,0,0,0,0,1,3,4,0,3,99,,N,,,,,,,,,,,
2006114912,420.0,1,0,0,0,0,0,0,0,0,7,0,,67,10,2006,1,39.9384,-75.1977,415.0,6,0,0,0,0,0,0,0,0,2.0,0,0,0,4,3,6,0,,2.0,39 56:21.000,3.0,0,75 11:48.210,3,0,0,0,67301,0,0,0,Y,0,0,0,6,67301,2,,3,1,,N,N,,0,,4,0,0,0,0,N,410,6,1,0,0,0,0,0,3,4,0,1,3,,N,,,,,,,,,,,
2006114735,142.0,2,0,0,0,0,0,0,0,0,4,0,,67,9,2006,7,40.0196,-75.1473,142.0,6,0,0,0,0,0,0,0,0,,0,0,0,1,3,2,1,,0.0,40 01:10.560,,0,75 08:50.280,4,0,0,0,67301,0,0,0,N,0,0,0,5,67301,2,,1,1,,N,N,,0,,0,0,0,3,2,,140,2,2,0,0,0,0,3,3,4,0,2,3,,N,,,,,,,,,,,
2006114398,1811.0,2,0,0,0,0,0,0,0,0,4,0,,67,10,2006,5,,,1808.0,6,0,0,0,0,0,1,0,0,,0,0,0,17,1,2,1,,0.0,,,0,,8,0,0,0,67301,0,0,0,N,0,0,0,3,67301,0,,1,1,,N,N,,0,,0,0,0,3,3,,1750,2,2,0,0,0,2,0,3,3,0,2,3,,N,,,,,,,,,,,
2006123753,456.0,3,0,0,0,0,0,0,0,0,5,0,,67,10,2006,5,39.9315,-75.1682,455.0,6,0,0,0,0,0,1,0,0,,0,0,0,99,3,0,0,,0.0,39 55:53.000,,0,75 10:05.565,0,0,0,0,67301,0,0,0,,0,0,0,1,67301,0,,3,1,,N,N,,0,,0,0,0,3,2,,9999,0,3,0,0,1,0,0,3,4,0,3,3,,N,,,,,,,,,,,
2006054614,325.0,1,0,0,0,0,0,0,0,0,5,0,,67,4,2006,4,39.9481,-75.1542,320.0,6,0,0,0,0,0,0,0,0,,0,0,0,3,3,0,1,,0.0,39 56:53.160,,0,75 09:15.120,0,0,0,0,67301,0,0,0,N,0,0,0,1,67301,0,,7,1,,N,N,,0,,0,0,1,3,2,,315,0,2,0,0,0,0,0,3,4,0,2,3,,N,,,,,,,,,,,
2006080903,959.0,0,0,0,0,0,0,0,0,0,1,0,,67,5,2006,5,40.0071,-75.0732,946.0,6,0,0,0,0,0,1,0,0,1.0,0,0,0,9,1,1,0,,1.0,40 00:25.000,2.0,0,75 04:24.263,8,0,0,0,67301,0,0,0,,0,0,0,2,67301,0,,1,1,,,,,1,,0,0,0,0,0,N,946,1,2,0,0,0,1,0,3,4,1,2,3,,N,,,,,,,,,,,
2006083410,528.0,0,0,0,0,0,0,0,0,0,7,0,,67,6,2006,7,39.9638,-75.1843,525.0,6,0,0,0,1,0,0,0,0,1.0,0,0,0,5,3,0,10,,1.0,39 57:41.000,3.0,0,75 10:57.282,0,0,0,0,67301,0,0,0,N,0,0,0,1,67301,0,,2,9,,N,N,,1,,0,0,0,0,0,N,525,0,1,0,0,0,0,0,3,4,0,1,7,,N,,,,,,,,,,,
2006080994,259.0,1,0,0,0,0,0,0,0,0,7,0,,67,5,2006,7,40.093,-75.0045,239.0,6,0,0,0,0,1,0,0,0,,0,0,0,2,3,1,0,,0.0,40 05:34.962,,0,75 00:16.164,8,0,0,0,67301,0,0,0,N,0,0,0,1,67301,0,,4,1,,N,N,,0,,0,0,0,0,0,,225,1,1,0,0,1,1,0,3,4,0,1,3,,N,,,,,,,,,,,
2006081011,1450.0,1,0,0,0,0,0,0,0,0,8,0,,67,6,2006,1,,,1450.0,6,0,0,0,0,0,0,0,0,,0,0,0,14,1,1,0,,0.0,,,0,,4,0,0,0,67301,1,0,0,N,1,0,0,2,67301,1,,1,1,,N,N,,0,,0,0,0,0,0,,1445,1,2,0,0,0,0,1,3,3,0,1,3,,N,,,,,,,,,,,
2006081487,2304.0,1,0,0,0,0,0,0,0,0,1,0,,67,7,2006,1,,,2300.0,6,0,0,0,0,0,0,0,0,2.0,0,0,0,23,3,0,0,,1.0,,4.0,0,,0,0,0,0,67301,0,0,0,N,0,0,0,3,67301,0,,1,1,,N,N,,1,,0,0,0,0,0,N,2300,0,2,0,0,0,0,0,3,3,0,2,3,,N,,,,,,,,,,,
2006081523,1500.0,0,0,0,0,0,0,0,0,0,7,0,,67,7,2006,1,40.0324,-75.1461,1450.0,6,0,0,0,0,0,1,0,0,,0,0,0,99,1,2,0,,0.0,40 01:56.000,,0,75 08:46.134,4,0,0,0,67301,0,0,0,N,0,0,0,2,67301,1,,2,1,,N,N,,0,,0,0,0,0,0,,9999,2,1,0,0,0,1,0,3,4,1,1,3,,N,,,,,,,,,,,
2006081524,2310.0,0,0,0,0,0,0,0,0,0,7,0,,67,6,2006,4,39.933,-75.2383,2259.0,6,0,0,0,0,0,0,0,0,,0,0,0,22,3,0,1,,0.0,39 55:58.000,,0,75 14:18.080,0,0,0,0,67301,0,0,0,,0,0,0,1,67301,0,,2,1,,N,N,,1,,0,0,0,0,0,,2200,0,1,0,0,0,0,0,3,4,0,1,7,,N,,,,,,,,,,,
2006081407,2110.0,1,0,0,0,0,0,0,0,0,8,0,99.0,67,6,2006,6,40.0808,-75.0286,2107.0,6,0,0,0,0,0,0,0,0,9.0,0,0,0,21,3,1,1,,2.0,40 04:50.000,1.0,0,75 01:42.294,4,0,0,0,67301,1,0,0,N,1,0,0,2,67301,1,,1,1,,N,N,,0,,0,0,0,3,2,Y,2105,1,2,0,0,0,0,0,3,4,0,1,3,,Y,8.0,8.0,U,,,U,,,,,
2006081629,930.0,1,0,0,0,0,0,0,0,0,1,0,,67,5,2006,4,,,9999.0,6,0,0,0,0,0,0,0,0,,0,0,0,9,1,0,2,,0.0,,,0,,9,0,0,0,67301,0,0,0,N,0,0,0,1,67301,0,,1,1,,N,N,,0,,0,0,2,3,2,,930,0,3,0,0,0,0,1,3,3,0,3,3,,N,,,,,,,,,,,
2006081656,1633.0,0,0,0,0,0,0,0,0,0,6,0,,67,7,2006,6,40.0249,-75.2224,1627.0,6,0,0,0,0,0,0,0,0,,0,0,0,14,1,1,0,,0.0,40 01:29.794,,0,75 13:20.614,4,0,0,0,67301,0,0,0,N,0,0,0,2,67301,1,,1,1,,N,N,,2,,0,0,0,0,0,,1420,1,2,0,0,0,0,0,3,4,0,2,3,,N,,,,,,,,,,,
2006116000,2108.0,1,0,0,1,0,0,0,0,0,5,0,,67,10,2006,6,39.9542,-75.2028,2106.0,6,0,0,0,0,0,1,0,0,,0,0,0,21,3,1,0,,0.0,39 57:15.000,,0,75 12:10.390,4,0,0,0,67301,1,0,0,N,0,0,0,2,67504,1,,1,1,,N,N,,0,,0,0,0,0,0,,2106,1,2,0,0,0,0,0,3,4,0,1,3,,N,,,,,,,,,,,
2006105751,918.0,1,0,0,0,0,0,0,0,0,7,0,,67,9,2006,3,39.8919,-75.2247,842.0,6,0,0,0,0,0,0,0,0,1.0,0,0,0,8,1,0,0,,2.0,39 53:30.000,3.0,0,75 13:29.029,0,0,0,0,67301,0,0,0,Y,0,0,0,1,67301,0,,2,9,,N,N,,0,,0,0,0,0,0,N,840,0,1,0,0,0,0,0,3,4,0,1,7,,N,,,,,,,,,,,
2006105761,1840.0,2,0,0,0,0,0,0,0,0,4,0,,67,8,2006,2,40.0107,-75.1627,1834.0,6,0,0,0,0,0,1,0,1,9.0,0,0,0,18,1,1,1,,1.0,40 00:38.000,3.0,0,75 09:46.295,4,0,0,0,67301,0,0,0,,0,0,0,3,67301,1,,1,1,,,,,0,,0,0,0,9,3,N,1833,1,2,0,0,0,0,0,3,4,0,2,3,,N,,,,,,,,,,,
2006113454,1130.0,2,0,0,0,0,0,0,0,0,4,0,,67,10,2006,3,39.9435,-75.1488,1124.0,6,0,1,0,0,0,0,0,0,,0,0,0,11,1,1,1,,0.0,39 56:36.682,,0,75 08:55.532,8,0,0,0,67301,0,0,0,N,0,0,0,4,67301,0,,1,1,,N,N,,0,,0,0,0,3,2,,1124,1,2,0,0,0,1,0,3,4,0,2,3,,N,,,,,,,,,,,
2006116048,9999.0,2,0,0,0,0,0,0,0,0,4,0,,67,9,2006,7,40.0151,-75.1698,58.0,6,0,0,1,0,1,0,0,0,,0,0,0,0,3,2,0,,0.0,40 00:54.000,,0,75 10:11.255,8,0,0,0,67301,0,0,0,N,0,0,0,3,67301,0,,1,1,,N,N,,0,,0,0,0,0,0,,45,2,2,0,0,3,2,0,3,4,0,2,3,,N,,,,,,,,,,,