CRN,ARRIVAL_TM,AUTOMOBILE_COUNT,BELTED_DEATH_COUNT,BELTED_SUSP_SERIOUS_INJ_COUNT,BICYCLE_COUNT,BICYCLE_DEATH_COUNT,BICYCLE_SUSP_SERIOUS_INJ_COUNT,BUS_COUNT,CHLDPAS_DEATH_COUNT,CHLDPAS_SUSP_SERIOUS_INJ_COUNT,COLLISION_TYPE,COMM_VEH_COUNT,CONS_ZONE_SPD_LIM,COUNTY,CRASH_MONTH,CRASH_YEAR,DAY_OF_WEEK,DEC_LAT,DEC_LONG,DISPATCH_TM,DISTRICT,DRIVER_COUNT_16YR,DRIVER_COUNT_17YR,DRIVER_COUNT_18YR,DRIVER_COUNT_19YR,DRIVER_COUNT_20YR,DRIVER_COUNT_50_64YR,DRIVER_COUNT_65_74YR,DRIVER_COUNT_75PLUS,EST_HRS_CLOSED,FATAL_COUNT,HEAVY_TRUCK_COUNT,HORSE_BUGGY_COUNT,HOUR_OF_DAY,ILLUMINATION,INJURY_COUNT,INTERSECT_TYPE,INTERSECTION_RELATED,LANE_CLOSED,LATITUDE,LN_CLOSE_DIR,LOCATION_TYPE,LONGITUDE,MAX_SEVERITY_LEVEL,MCYCLE_DEATH_COUNT,MCYCLE_SUSP_SERIOUS_INJ_COUNT,MOTORCYCLE_COUNT,MUNICIPALITY,NONMOTR_COUNT,NONMOTR_DEATH_COUNT,NONMOTR_SUSP_SERIOUS_INJ_COUNT,NTFY_HIWY_MAINT,PED_COUNT,PED_DEATH_COUNT,PED_SUSP_SERIOUS_INJ_COUNT,PERSON_COUNT,POLICE_AGCY,POSSIBLE_INJ_COUNT,RDWY_SURF_TYPE_CD,RELATION_TO_ROAD,ROAD_CONDITION,ROADWAY_CLEARED,SCH_BUS_IND,SCH_ZONE_IND,SECONDARY_CRASH,SMALL_TRUCK_COUNT,SPEC_JURIS_CD,SUSP_MINOR_INJ_COUNT,SUSP_SERIOUS_INJ_COUNT,SUV_COUNT,TCD_FUNC_CD,TCD_TYPE,TFC_DETOUR_IND,TIME_OF_DAY,TOT_INJ_COUNT,TOTAL_UNITS,UNB_DEATH_COUNT,UNB_SUSP_SERIOUS_INJ_COUNT,UNBELTED_OCC_COUNT,UNK_INJ_DEG_COUNT,UNK_INJ_PER_COUNT,URBAN_AREA,URBAN_RURAL,VAN_COUNT,VEHICLE_COUNT,WEATHER1,WEATHER2,WORK_ZONE_IND,WORK_ZONE_LOC,WORK_ZONE_TYPE,WORKERS_PRES,WZ_CLOSE_DETOUR,WZ_FLAGGER,WZ_LAW_OFFCR_IND,WZ_LN_CLOSURE,WZ_MOVING,WZ_OTHER,WZ_SHLDER_MDN,WZ_WORKERS_INJ_KILLED
2006116049,9999.0,2,0,0,0,0,0,0,0,0,1,0,,67,10,2006,2,40.012,-75.176,9999.0,6,0,0,0,0,0,1,0,0,,0,0,0,21,3,1,1,,0.0,40 00:43.064,,0,75 10:33.675,4,0,0,0,67301,0,0,0,N,0,0,0,6,67301,1,,1,1,,N,N,,0,,0,0,0,3,2,,2104,1,2,0,0,1,0,0,3,4,0,2,3,,N,,,,,,,,,,,
2006105826,1245.0,4,0,0,0,0,0,0,0,0,1,0,,67,8,2006,6,39.994,-75.1112,1236.0,6,0,0,0,0,0,0,0,0,1.0,0,0,0,12,1,1,0,,1.0,39 59:38.000,4.0,0,75 06:40.427,4,0,0,0,67301,0,0,0,N,0,0,0,1,67301,1,,2,1,,N,N,,0,,0,0,0,0,0,N,1226,1,4,0,0,0,0,0,3,4,0,4,3,,N,,,,,,,,,,,
2006124208,1013.0,1,0,0,0,0,0,0,0,0,8,0,,67,10,2006,2,,,1013.0,6,0,0,0,0,0,0,0,0,,0,0,0,10,1,1,1,,0.0,,,0,,4,0,0,0,67301,1,0,0,N,1,0,0,2,67301,1,,1,1,,N,N,,0,,0,0,0,3,3,,1012,1,2,0,0,0,0,0,3,3,0,1,3,,N,,,,,,,,,,,
2006054240,1844.0,2,0,0,0,0,0,0,0,0,2,0,,67,4,2006,7,39.9754,-75.19,1831.0,6,0,0,0,0,0,0,0,0,2.0,0,0,0,8,6,0,1,,1.0,39 58:31.000,4.0,0,75 11:23.848,0,0,0,0,67301,0,0,0,N,0,0,0,4,67301,0,,1,9,,N,N,,0,,0,0,0,9,2,N,825,0,2,0,0,0,0,0,3,4,0,2,7,,N,,,,,,,,,,,
2006054107,1350.0,2,0,0,0,0,0,0,0,0,4,0,,67,4,2006,5,40.0392,-75.11,1350.0,6,0,1,0,0,1,0,0,0,,0,0,0,13,1,0,1,,0.0,40 02:20.000,,0,75 06:36.032,0,0,0,0,67301,0,0,0,,0,0,0,4,67301,0,,1,1,,,,,0,,0,0,0,3,2,,1340,0,2,0,0,0,0,0,3,4,0,2,3,,N,,,,,,,,,,,
2006039181,1759.0,3,0,0,0,0,0,0,0,0,4,0,,67,1,2006,6,,,1732.0,6,0,0,0,0,0,0,0,0,3.0,0,0,0,17,3,0,1,,1.0,,2.0,0,,0,0,0,0,67301,0,0,0,,0,0,0,3,67301,0,,1,9,,N,N,,0,,0,0,0,3,3,Y,1732,0,3,0,0,1,0,0,3,3,0,3,5,,N,,,,,,,,,,,
2006041798,755.0,3,0,0,0,0,0,0,0,0,1,0,,67,3,2006,4,,,753.0,6,0,0,1,0,0,0,0,0,,0,0,0,7,1,0,0,,0.0,,,3,,0,0,0,0,67301,0,0,0,N,0,0,0,4,67501,0,,1,1,,N,N,,0,,0,0,0,3,8,,755,0,3,0,0,0,0,0,3,3,0,3,3,,N,,,,,,,,,,,
2006036815,1800.0,0,0,0,0,0,0,0,0,0,8,0,,67,2,2006,1,40.0742,-75.0347,1750.0,6,0,0,0,0,0,0,0,0,,0,0,0,17,3,1,0,,0.0,40 04:27.064,,0,75 02:04.962,8,0,0,0,67301,1,0,0,N,1,0,0,2,67301,0,,5,1,,N,N,,0,,0,0,1,0,0,,1750,1,2,0,0,0,1,1,3,4,0,1,3,,N,,,,,,,,,,,
2006036883,1902.0,1,0,0,0,0,0,0,0,0,8,0,,67,2,2006,2,,,1902.0,6,0,0,0,0,0,0,0,0,,0,0,0,16,1,1,1,,0.0,,,0,,4,0,0,0,67301,1,0,0,N,1,0,0,2,67301,1,,1,1,,N,N,,0,,0,0,0,3,3,,1630,1,2,0,0,0,0,0,3,3,0,1,3,,N,,,,,,,,,,,
2006037232,1154.0,1,0,0,0,0,0,0,0,0,7,0,,67,1,2006,2,,,1154.0,6,0,0,0,0,0,0,0,0,,0,0,0,11,1,1,3,,0.0,,,0,,8,0,0,0,67301,0,0,0,,0,0,0,1,67301,0,,5,9,,,,,0,,0,0,0,9,3,,1154,1,2,0,0,0,1,0,3,3,0,1,3,,N,,,,,,,,,,,
2006022170,1043.0,2,0,0,0,0,0,0,0,0,5,0,,67,1,2006,2,,,1038.0,6,0,0,0,0,0,0,0,1,,0,0,0,10,1,0,0,,0.0,,,0,,0,0,0,0,67301,0,0,0,,0,0,0,2,67301,0,,1,1,,,,,0,,0,0,0,0,0,,1035,0,2,0,0,0,0,0,3,3,0,2,3,,N,,,,,,,,,,,
2006022191,1043.0,1,0,0,0,0,0,0,0,0,4,0,,67,1,2006,2,39.9612,-75.1748,1037.0,6,0,0,0,0,0,0,0,0,2.0,0,0,0,10,1,1,1,,1.0,39 57:40.000,4.0,0,75 10:30.567,4,0,0,0,67301,0,0,0,N,0,0,0,4,67301,1,,1,1,,N,N,,0,,0,0,0,3,2,Y,1036,1,2,0,0,0,0,0,3,4,1,2,3,,N,,,,,,,,,,,
2006023987,1904.0,2,0,0,0,0,0,0,0,0,1,0,,67,1,2006,4,,,1900.0,6,0,0,1,0,0,0,0,0,,0,0,0,19,3,0,0,,0.0,,,0,,0,0,0,0,67301,0,0,0,N,0,0,0,4,67501,0,,1,9,,N,N,,0,,0,0,0,0,0,,1900,0,2,0,0,0,0,0,3,3,0,2,7,,N,,,,,,,,,,,
2006023891,155.0,3,0,0,0,0,0,0,0,0,4,0,,67,1,2006,6,39.9357,-75.2312,150.0,6,0,0,0,0,0,0,0,0,,0,0,0,1,3,0,0,,0.0,39 56:08.451,,0,75 13:52.449,0,0,0,0,67301,0,0,0,N,0,0,0,1,67301,0,,6,1,,N,N,,0,,0,0,1,0,0,,150,0,4,0,0,0,0,0,3,4,0,4,3,,N,,,,,,,,,,,
2006020519,1640.0,2,0,0,0,0,0,0,0,0,4,0,,67,1,2006,5,40.0684,-75.2403,1632.0,6,0,0,0,0,0,1,0,0,3.0,0,0,0,16,4,1,1,,1.0,40 04:07.000,2.0,0,75 14:25.364,8,0,0,0,67301,0,0,0,N,0,0,0,6,67301,0,,1,1,,N,N,,0,,0,0,1,3,2,N,1630,1,3,0,0,0,1,1,3,4,0,3,3,,N,,,,,,,,,,,
2006022079,1235.0,3,0,0,0,0,0,0,0,0,2,0,,67,1,2006,4,40.028,-75.0574,1230.0,6,0,0,0,0,0,0,1,1,,0,0,0,12,1,1,1,,0.0,40 01:40.000,,0,75 03:26.576,3,0,0,0,67301,0,0,0,N,0,0,0,3,67301,0,,1,1,,N,N,,0,,1,0,0,3,2,,1215,1,3,0,0,0,0,0,3,4,0,3,3,,N,,,,,,,,,,,
2006055888,2220.0,1,0,0,0,0,0,0,0,0,1,0,,67,4,2006,5,39.9752,-75.1946,2210.0,6,0,0,0,0,0,0,0,1,,0,0,0,22,3,0,0,,0.0,39 58:33.600,,0,75 11:43.800,0,0,0,0,67301,0,0,0,N,0,0,0,2,67301,0,,1,1,,N,N,,0,,0,0,1,0,0,,2200,0,2,0,0,0,0,0,3,4,0,2,3,,N,,,,,,,,,,,
2006092489,905.0,1,0,0,0,0,0,0,0,0,1,0,,67,8,2006,7,40.0292,-75.1227,900.0,6,0,0,0,0,0,0,0,0,,0,0,0,23,3,1,1,,0.0,40 01:45.094,,0,75 07:21.831,4,0,0,0,67301,0,0,0,N,0,0,0,2,67301,1,,1,1,,N,N,,0,,0,0,1,3,2,,2300,1,2,0,0,0,0,0,3,4,0,2,3,,N,,,,,,,,,,,
2006094979,2004.0,2,0,0,0,0,0,0,0,0,4,0,,67,7,2006,1,,,2004.0,6,0,0,0,1,1,0,0,0,,0,0,0,20,1,1,1,,0.0,,,0,,3,0,0,0,67301,0,0,0,N,0,0,0,2,67301,0,,1,1,,N,N,,0,,1,0,0,3,3,,2004,1,2,0,0,0,0,0,3,3,0,2,3,,N,,,,,,,,,,,
2006095271,1610.0,2,0,0,0,0,0,0,0,0,4,0,,67,7,2006,6,,,1600.0,6,0,0,0,0,0,1,0,0,9.0,0,0,0,15,1,2,2,,1.0,,1.0,0,,4,0,0,0,67301,0,0,0,N,0,0,0,4,67301,2,,1,1,,N,N,,0,,0,0,0,3,3,N,1550,2,2,0,0,2,0,0,3,3,0,2,3,,N,,,,,,,,,,,
2006095277,1446.0,1,0,0,0,0,0,0,0,0,4,0,,67,7,2006,2,,,1445.0,6,0,0,0,0,0,0,0,0,,0,0,0,14,1,1,1,,0.0,,,0,,8,0,0,0,67301,0,0,0,N,0,0,0,2,67301,0,,1,9,,N,N,,0,,0,0,1,0,0,,1440,1,2,0,0,0,1,0,3,3,0,2,3,,N,,,,,,,,,,,
2006056157,1415.0,1,0,0,0,0,0,0,0,0,4,0,,67,3,2006,1,39.9194,-75.2344,1410.0,6,0,0,0,0,0,0,0,0,,0,0,0,14,1,3,1,,0.0,39 55:09.000,,0,75 14:03.943,8,0,0,0,67301,0,0,0,N,0,0,0,3,67301,0,,1,1,,N,N,,0,,0,0,1,3,2,,1410,3,2,0,0,0,3,0,3,4,0,2,3,,N,,,,,,,,,,,
2006056164,1335.0,1,0,0,0,0,0,0,0,0,4,0,,67,3,2006,7,,,1330.0,6,0,0,0,0,0,1,0,0,,0,0,0,13,1,1,0,,0.0,,,0,,4,0,0,0,67301,0,0,0,N,0,0,0,2,67301,1,,1,9,,N,N,,0,,0,0,0,0,0,,1315,1,2,0,0,0,0,0,3,3,1,2,7,,N,,,,,,,,,,,
2006081428,230.0,2,0,0,0,0,0,0,0,0,4,0,,67,5,2006,2,,,220.0,6,0,0,0,0,0,0,0,0,,0,0,0,2,3,1,2,,0.0,,,0,,4,0,0,0,67301,0,0,0,N,0,0,0,3,67301,1,,1,1,,N,N,,0,,0,0,0,3,3,,215,1,2,0,0,0,0,0,3,3,0,2,3,,N,,,,,,,,,,,
2006081434,1805.0,3,0,0,0,0,0,0,0,0,1,0,,67,6,2006,6,,,1750.0,6,0,0,0,1,0,0,0,0,1.0,0,0,0,17,1,1,0,,1.0,,4.0,0,,3,0,0,0,67301,0,0,0,N,0,0,0,3,67301,0,,1,1,,N,N,,0,,1,0,0,0,0,N,1750,1,3,0,0,0,0,0,3,3,0,3,3,,N,,,,,,,,,,,
2006081466,340.0,3,0,0,0,0,0,0,0,0,7,0,,67,4,2006,3,40.0979,-75.0476,334.0,6,0,0,0,0,0,0,0,0,,0,0,0,3,3,1,0,,0.0,40 05:51.000,,0,75 02:51.601,3,0,0,0,67301,0,0,0,N,0,0,0,1,67301,0,,5,1,,N,N,,0,,1,0,0,0,0,,325,1,3,0,0,1,0,0,3,4,0,3,3,,N,,,,,,,,,,,
2006081467,108.0,1,0,0,0,0,0,0,0,0,7,0,,67,6,2006,5,40.0919,-75.0474,106.0,6,0,0,0,0,1,0,0,0,,0,0,0,1,3,1,2,,0.0,40 05:30.000,,0,75 02:50.819,4,0,0,0,67301,0,0,0,N,0,0,0,1,67301,1,,5,1,,N,N,,0,,0,0,0,3,2,,101,1,1,0,0,0,0,0,3,4,0,1,3,,N,,,,,,,,,,,
2006081472,1716.0,3,0,0,0,0,0,0,0,0,5,0,,67,5,2006,5,,,1707.0,6,0,0,0,0,0,1,0,1,1.0,0,0,0,17,1,2,0,,1.0,,2.0,0,,4,0,0,0,67301,0,0,0,N,0,0,0,4,67301,2,,1,1,,N,N,,0,,0,0,0,0,0,N,1705,2,3,0,0,1,0,0,3,3,0,3,3,,N,,,,,,,,,,,
2006081479,505.0,1,0,0,0,0,0,0,0,0,7,0,,67,6,2006,7,,,457.0,6,0,0,0,0,0,0,0,0,,0,0,0,4,3,2,0,,0.0,,,0,,4,0,0,0,67301,0,0,0,N,0,0,0,2,67301,2,,2,1,,N,N,,0,,0,0,0,0,0,,450,2,1,0,0,0,0,0,3,3,0,1,3,,N,,,,,,,,,,,
2006081584,135.0,1,0,0,0,0,0,0,0,0,4,0,,67,5,2006,1,40.0407,-75.0762,135.0,6,0,0,0,0,0,0,0,0,1.0,0,0,0,1,3,2,1,,1.0,40 02:26.000,2.0,0,75 04:34.461,4,0,0,0,67301,0,0,0,N,0,0,0,4,67301,2,,1,1,,N,N,,0,,0,0,0,3,2,N,126,2,2,0,0,0,0,0,3,4,1,2,3,,N,,,,,,,,,,,
2006081586,655.0,0,0,0,0,0,0,1,0,0,8,1,,67,5,2006,2,40.0047,-75.1769,658.0,6,0,0,0,0,0,0,0,0,,0,0,0,6,1,2,1,,0.0,40 00:17.000,,0,75 10:37.304,4,0,0,0,67301,2,0,0,N,2,0,0,3,67301,2,,1,1,,N,Y,,0,,0,0,0,3,2,,655,2,3,0,0,0,0,0,3,4,0,1,3,,N,,,,,,,,,,,
2006081610,2147.0,0,0,0,0,0,0,0,0,0,8,0,,67,6,2006,6,40.0233,-75.0768,2145.0,6,0,0,0,0,0,0,0,0,,0,0,0,13,1,1,1,,0.0,40 01:23.000,,0,75 04:36.879,3,0,0,0,67301,1,0,0,N,1,0,0,2,67301,0,,9,98,,N,N,,0,,1,0,0,9,9,,1300,1,2,0,0,0,0,1,3,4,0,1,99,,N,,,,,,,,,,,
2006081644,1615.0,1,0,0,0,0,0,0,0,0,6,1,,67,6,2006,2,39.9014,-75.2393,1559.0,6,0,0,0,0,0,0,0,0,,0,1,0,14,1,0,1,,0.0,39 54:04.000,,0,75 14:21.554,0,0,0,0,67301,0,0,0,N,0,0,0,2,67301,0,,1,9,,N,N,,0,,0,0,0,3,2,,1430,0,2,0,0,0,0,0,3,4,0,2,7,,N,,,,,,,,,,,
2006081660,1722.0,0,0,0,0,0,0,0,0,0,6,0,,67,6,2006,6,40.0239,-75.2154,1716.0,6,0,0,0,0,0,0,0,0,,0,0,0,17,1,0,1,,0.0,40 01:25.993,,0,75 12:55.277,0,0,0,0,67301,0,0,0,N,0,0,0,2,67501,0,,1,1,,N,N,,0,,0,0,2,3,3,,1710,0,2,0,0,0,0,0,3,4,0,2,3,,N,,,,,,,,,,,
2006115749,739.0,1,0,0,0,0,0,0,0,0,4,0,,67,10,2006,6,40.0857,-75.0267,739.0,6,0,0,0,0,0,1,0,0,1.0,0,0,0,7,1,0,1,,1.0,40 05:08.473,4.0,0,75 01:36.199,0,0,0,0,67301,0,0,0,N,0,0,0,3,67301,0,,1,9,,N,N,,0,,0,0,1,3,3,N,700,0,2,0,0,0,0,0,3,4,0,2,7,,N,,,,,,,,,,,
2006115783,810.0,1,0,0,0,0,0,0,0,0,1,0,,67,10,2006,4,39.9459,-75.2403,800.0,6,0,0,0,0,0,2,0,0,,0,0,0,7,1,1,1,,0.0,39 56:44.000,,0,75 14:24.143,4,0,0,0,67301,0,0,0,N,0,0,0,3,67301,1,,1,1,,N,N,,1,,0,0,0,3,2,,753,1,2,0,0,0,0,0,3,4,0,2,3,,N,,,,,,,,,,,
2006113272,2125.0,0,0,0,0,0,0,0,0,0,0,0,,67,9,2006,1,40.0063,-75.133,2120.0,6,0,0,0,0,0,0,0,0,,0,0,0,21,3,1,0,,0.0,40 00:22.682,,0,75 07:58.857,2,0,1,1,67301,0,0,0,N,0,0,0,1,67301,0,,1,1,,N,N,,0,,0,1,0,0,0,,2111,1,1,0,0,0,0,0,3,4,0,1,3,,N,,,,,,,,,,,
2006113305,1235.0,3,0,0,0,0,0,0,0,0,5,0,,67,9,2006,1,39.9606,-75.2424,1231.0,6,0,0,0,0,0,0,0,0,,0,0,0,11,1,1,0,,0.0,39 57:38.176,,0,75 14:32.577,4,0,0,0,67301,0,0,0,N,0,0,0,3,67301,1,,1,1,,N,N,,0,,0,0,0,0,0,,1145,1,3,0,0,0,0,2,3,4,0,3,3,,N,,,,,,,,,,,
2006113325,1750.0,1,0,0,0,0,0,0,0,0,7,0,,67,9,2006,3,39.9842,-75.0991,1747.0,6,0,0,0,0,0,0,0,0,,0,0,0,17,1,1,1,,0.0,39 59:03.000,,0,75 05:56.373,2,0,0,0,67301,0,0,0,N,0,0,0,1,67301,0,,2,1,,N,N,,0,,0,1,0,0,0,,1742,1,1,0,0,0,0,0,3,4,0,1,3,,N,,,,,,,,,,,
2006115865,1230.0,2,0,0,0,0,0,0,0,0,4,0,,67,10,2006,7,40.0281,-75.2255,1227.0,6,0,0,0,0,1,0,0,0,,0,0,0,12,1,2,2,,0.0,40 01:41.293,,0,75 13:31.670,4,0,0,0,67301,0,0,0,N,0,0,0,3,67301,2,,1,1,,N,N,,0,,0,0,0,3,3,,1225,2,2,0,0,0,0,0,3,4,0,2,3,,N,,,,,,,,,,,
2006105820,1515.0,1,0,0,0,0,0,0,0,0,8,0,,67,8,2006,6,40.0292,-75.1279,1515.0,6,0,0,0,0,0,0,0,0,,0,0,0,17,1,1,0,,0.0,40 01:45.246,,0,75 07:40.615,4,0,0,0,67301,1,0,0,N,1,0,0,2,67301,1,,1,1,,N,N,,0,,0,0,0,0,0,,1730,1,2,0,0,0,0,0,3,4,0,1,3,,N,,,,,,,,,,,
2006113405,1906.0,3,0,1,0,0,0,0,0,0,1,0,,67,9,2006,2,40.0299,-75.0878,1900.0,6,0,0,0,0,0,1,0,0,2.0,0,0,0,18,3,1,1,,1.0,40 01:48.000,2.0,0,75 05:17.987,2,0,0,0,67301,0,0,0,N,0,0,0,4,67301,0,,1,1,,N,N,,0,,0,1,0,3,2,Y,1855,1,3,0,0,0,0,3,3,4,0,3,3,,N,,,,,,,,,,,
2006054226,55.0,2,0,0,0,0,0,0,0,0,1,0,,67,4,2006,1,,,45.0,6,0,0,0,0,0,0,0,0,,0,0,0,0,3,2,0,,0.0,,,0,,4,0,0,0,67301,0,0,0,N,0,0,0,5,67301,2,,1,1,,N,N,,0,,0,0,0,0,0,,45,2,2,0,0,3,0,2,3,3,0,2,7,,N,,,,,,,,,,,
2006038172,1645.0,0,0,0,0,0,0,0,0,0,8,0,,67,2,2006,4,40.0079,-75.1028,1645.0,6,0,0,0,0,0,0,0,0,,0,0,0,16,1,1,0,,0.0,40 00:28.288,,0,75 06:10.101,4,0,0,0,67301,1,0,0,,1,0,0,2,67301,1,,1,1,,N,N,,0,,0,0,0,0,0,,1640,1,2,0,0,0,0,0,3,4,1,1,3,,N,,,,,,,,,,,
2006035784,9999.0,2,0,0,0,0,0,0,0,0,4,0,,67,1,2006,3,39.983,-75.2484,9999.0,6,0,0,0,0,0,0,0,0,,0,0,0,11,1,0,1,,0.0,39 58:58.728,,0,75 14:54.135,9,0,0,0,67301,0,0,0,N,0,0,0,2,67301,0,,1,9,,N,N,,0,,0,0,0,9,3,,1100,0,2,0,0,0,0,2,3,4,0,2,7,,N,,,,,,,,,,,
2006036826,9999.0,1,0,0,0,0,0,0,0,0,1,0,,67,2,2006,7,,,9999.0,6,0,0,0,0,0,0,0,0,,0,0,0,11,1,2,0,,0.0,,,0,,4,0,0,0,67301,0,0,0,N,0,0,0,4,67301,2,,1,9,,N,N,,0,,0,0,1,3,2,,1140,2,2,0,0,0,0,0,3,3,0,2,7,,N,,,,,,,,,,,
2006036831,634.0,1,0,0,0,0,0,0,0,0,7,0,,67,2,2006,7,40.0429,-75.1935,623.0,6,0,0,0,0,1,0,0,0,,0,0,0,6,5,1,10,,0.0,40 02:33.000,,0,75 11:36.308,8,0,0,0,67301,0,0,0,N,0,0,0,1,67301,0,,4,1,,N,N,,0,,0,0,0,0,0,,622,1,1,0,0,0,1,0,3,4,0,1,3,,N,,,,,,,,,,,
2006036881,1609.0,3,0,0,0,0,0,0,0,0,5,0,,67,2,2006,6,39.9766,-75.2471,1604.0,6,0,0,0,1,0,0,0,0,,0,0,0,16,1,1,0,,0.0,39 58:35.752,,0,75 14:49.556,4,0,0,0,67301,0,0,0,N,0,0,0,2,67301,1,,1,1,,N,N,,0,,0,0,1,0,0,,1600,1,5,0,0,0,0,0,3,4,1,5,3,,N,,,,,,,,,,,
2006037234,930.0,1,0,0,0,0,0,0,0,0,1,0,,67,2,2006,4,,,925.0,6,0,0,0,0,0,0,0,0,,0,0,0,9,1,2,1,,0.0,,,0,,4,0,0,0,67301,0,0,0,N,0,0,0,3,67301,2,,1,1,,N,N,,0,,0,0,0,0,0,,920,2,2,0,0,3,0,0,3,3,1,2,3,,N,,,,,,,,,,,
2006037112,952.0,1,0,1,0,0,0,0,0,0,1,1,,67,3,2006,3,39.9578,-75.1472,947.0,6,0,0,0,0,0,0,0,0,,0,1,0,9,1,2,1,,0.0,39 57:28.000,,0,75 08:50.199,2,0,0,0,67301,0,0,0,,0,0,0,3,67301,0,,1,1,,,,,0,,1,1,0,3,2,,940,2,2,0,0,0,0,0,3,4,0,2,3,,N,,,,,,,,,,,
2006022203,915.0,2,0,0,0,0,0,0,0,0,4,0,,67,1,2006,7,39.9624,-75.1615,910.0,6,0,0,0,0,0,1,0,0,,0,0,0,9,1,2,1,,0.0,39 57:44.000,,0,75 09:41.412,4,0,0,0,67301,0,0,0,,0,0,0,2,67301,2,,1,1,,,,,0,,0,0,0,3,2,,905,2,2,0,0,0,0,0,3,4,0,2,3,,N,,,,,,,,,,,
2006021275,2242.0,2,0,0,0,0,0,0,0,0,4,0,,67,1,2006,3,40.0341,-75.124,2239.0,6,0,0,0,0,0,0,0,0,,0,0,0,21,3,1,1,,0.0,40 02:02.731,,0,75 07:26.425,4,0,0,0,67301,0,0,0,,0,0,0,2,67301,1,,1,1,,N,N,,0,,0,0,0,9,3,,2138,1,2,0,0,0,0,1,3,4,0,2,3,,N,,,,,,,,,,,
2006018979,129.0,1,0,0,0,0,0,0,0,0,7,0,,67,1,2006,6,40.0856,-75.0394,127.0,6,0,0,0,0,0,0,0,0,,0,0,0,1,3,1,2,,0.0,40 05:08.000,,0,75 02:21.932,3,0,0,0,67301,0,0,0,N,0,0,0,1,67301,0,,5,1,,,,,0,,1,0,0,9,3,,127,1,1,0,0,0,0,0,3,4,0,1,3,,N,,,,,,,,,,,
2006082043,2016.0,1,0,0,1,0,0,0,0,0,4,0,,67,6,2006,2,39.9489,-75.2456,2016.0,6,0,0,0,0,0,0,0,0,9.0,0,0,0,20,4,1,1,,2.0,39 56:56.040,5.0,0,75 14:44.033,3,0,0,0,67301,1,0,0,,0,0,0,5,67301,0,,1,1,,N,N,,0,,1,0,0,3,3,Y,2016,1,2,0,0,0,0,0,3,4,0,1,3,,N,,,,,,,,,,,
2006053802,1023.0,2,0,0,0,0,0,0,0,0,4,0,,67,4,2006,4,39.9629,-75.1913,1018.0,6,0,0,0,0,0,0,0,0,,0,0,0,10,1,1,2,,0.0,39 57:46.000,,0,75 11:28.924,3,0,0,0,67301,0,0,0,N,0,0,0,2,67301,0,,1,1,,N,N,,0,,1,0,0,3,2,,1011,1,2,0,0,0,0,0,3,4,0,2,3,,N,,,,,,,,,,,
2006053806,1104.0,1,0,0,0,0,0,0,0,0,1,0,,67,4,2006,5,40.0495,-75.0516,1059.0,6,0,0,0,0,0,0,1,0,,0,0,0,10,1,1,8,,0.0,40 02:58.000,,0,75 03:05.677,8,0,0,0,67301,0,0,0,N,0,0,0,2,67301,0,,1,1,,N,N,,0,,0,0,1,0,0,,1055,1,2,0,0,0,1,0,3,4,0,2,3,,N,,,,,,,,,,,
2006094930,1604.0,2,0,0,0,0,0,0,0,0,4,0,,67,7,2006,4,40.0253,-75.1676,1559.0,6,0,0,0,0,0,1,0,1,,0,0,0,99,1,3,2,,0.0,40 01:31.232,,0,75 10:03.294,2,0,0,0,67301,0,0,0,N,0,0,0,4,67301,1,,1,1,,N,N,,0,,0,2,0,3,2,,9999,3,2,0,0,0,0,0,3,4,0,2,3,,N,,,,,,,,,,,
2006094946,810.0,1,0,0,0,0,0,0,0,0,8,0,,67,8,2006,4,,,805.0,6,0,0,0,0,0,0,0,0,,0,0,0,99,1,1,1,,0.0,,,0,,4,0,0,0,67301,1,0,0,N,1,0,0,2,67301,1,,1,1,,N,N,,0,,0,0,0,3,2,,9999,1,2,0,0,0,0,0,3,3,0,1,3,,N,,,,,,,,,,,
2006055874,410.0,1,0,0,0,0,0,0,0,0,7,0,,67,3,2006,6,40.0551,-75.0487,400.0,6,0,0,0,0,1,0,0,0,,0,0,0,4,6,1,3,,0.0,40 03:18.360,,6,75 02:55.320,4,0,0,0,67301,0,0,0,N,0,0,0,1,67301,1,,5,1,,N,N,,0,,0,0,0,3,4,,400,1,1,0,0,1,0,0,3,4,0,1,3,,N,,,,,,,,,,,
2006019767,1225.0,1,0,0,0,0,0,0,0,0,7,0,,67,1,2006,2,39.9991,-75.1087,1222.0,6,0,0,0,0,0,0,0,0,,0,0,0,12,1,1,0,,0.0,39 59:56.817,,0,75 06:31.316,2,0,0,0,67301,0,0,0,,0,0,0,1,67301,0,,4,9,,N,N,,0,,0,1,0,0,0,,1222,1,1,0,1,1,0,0,3,4,0,1,7,,N,,,,,,,,,,,
2006094963,2157.0,1,0,0,0,0,0,0,0,0,1,0,,67,7,2006,7,39.9249,-75.2265,2150.0,6,0,0,1,0,0,0,0,0,,0,0,0,21,3,2,2,,0.0,39 55:29.000,,0,75 13:35.715,3,0,0,0,67301,0,0,0,N,0,0,0,3,67301,0,,1,9,,N,N,,0,,2,0,0,3,2,,2150,2,2,0,0,0,0,0,3,4,0,2,7,,N,,,,,,,,,,,