CRN,ARRIVAL_TM,AUTOMOBILE_COUNT,BELTED_DEATH_COUNT,BELTED_SUSP_SERIOUS_INJ_COUNT,BICYCLE_COUNT,BICYCLE_DEATH_COUNT,BICYCLE_SUSP_SERIOUS_INJ_COUNT,BUS_COUNT,CHLDPAS_DEATH_COUNT,CHLDPAS_SUSP_SERIOUS_INJ_COUNT,COLLISION_TYPE,COMM_VEH_COUNT,CONS_ZONE_SPD_LIM,COUNTY,CRASH_MONTH,CRASH_YEAR,DAY_OF_WEEK,DEC_LAT,DEC_LONG,DISPATCH_TM,DISTRICT,DRIVER_COUNT_16YR,DRIVER_COUNT_17YR,DRIVER_COUNT_18YR,DRIVER_COUNT_19YR,DRIVER_COUNT_20YR,DRIVER_COUNT_50_64YR,DRIVER_COUNT_65_74YR,DRIVER_COUNT_75PLUS,EST_HRS_CLOSED,FATAL_COUNT,HEAVY_TRUCK_COUNT,HORSE_BUGGY_COUNT,HOUR_OF_DAY,ILLUMINATION,INJURY_COUNT,INTERSECT_TYPE,INTERSECTION_RELATED,LANE_CLOSED,LATITUDE,LN_CLOSE_DIR,LOCATION_TYPE,LONGITUDE,MAX_SEVERITY_LEVEL,MCYCLE_DEATH_COUNT,MCYCLE_SUSP_SERIOUS_INJ_COUNT,MOTORCYCLE_COUNT,MUNICIPALITY,NONMOTR_COUNT,NONMOTR_DEATH_COUNT,NONMOTR_SUSP_SERIOUS_INJ_COUNT,NTFY_HIWY_MAINT,PED_COUNT,PED_DEATH_COUNT,PED_SUSP_SERIOUS_INJ_COUNT,PERSON_COUNT,POLICE_AGCY,POSSIBLE_INJ_COUNT,RDWY_SURF_TYPE_CD,RELATION_TO_ROAD,ROAD_CONDITION,ROADWAY_CLEARED,SCH_BUS_IND,SCH_ZONE_IND,SECONDARY_CRASH,SMALL_TRUCK_COUNT,SPEC_JURIS_CD,SUSP_MINOR_INJ_COUNT,SUSP_SERIOUS_INJ_COUNT,SUV_COUNT,TCD_FUNC_CD,TCD_TYPE,TFC_DETOUR_IND,TIME_OF_DAY,TOT_INJ_COUNT,TOTAL_UNITS,UNB_DEATH_COUNT,UNB_SUSP_SERIOUS_INJ_COUNT,UNBELTED_OCC_COUNT,UNK_INJ_DEG_COUNT,UNK_INJ_PER_COUNT,URBAN_AREA,URBAN_RURAL,VAN_COUNT,VEHICLE_COUNT,WEATHER1,WEATHER2,WORK_ZONE_IND,WORK_ZONE_LOC,WORK_ZONE_TYPE,WORKERS_PRES,WZ_CLOSE_DETOUR,WZ_FLAGGER,WZ_LAW_OFFCR_IND,WZ_LN_CLOSURE,WZ_MOVING,WZ_OTHER,WZ_SHLDER_MDN,WZ_WORKERS_INJ_KILLED
2006062398,1520.0,1,0,0,0,0,0,0,0,0,6,0,,67,5,2006,2,,,1500.0,6,0,0,0,0,0,0,1,0,,0,0,0,14,1,0,0,,0.0,,,0,,0,0,0,0,67301,0,0,0,,0,0,0,3,67301,0,,1,1,,,,,0,,0,0,0,0,0,,1455,0,2,0,0,0,0,0,3,3,1,2,3,,N,,,,,,,,,,,
2006062473,714.0,3,0,0,0,0,0,0,0,0,0,0,,67,5,2006,6,39.8933,-75.2317,709.0,6,0,0,0,0,1,0,0,1,2.0,0,0,0,99,1,1,7,,1.0,39 53:35.880,2.0,2,75 13:55.200,4,0,0,0,67301,0,0,0,N,0,0,0,4,67301,1,,1,1,,N,N,,0,,0,0,0,0,0,N,9999,1,3,0,0,1,0,0,3,4,0,3,3,,N,,,,,,,,,,,
2006062495,1330.0,2,0,0,0,0,0,0,0,0,1,0,,67,4,2006,6,,,1325.0,6,0,0,0,0,0,0,1,0,,0,0,0,16,1,1,0,,0.0,,,0,,8,0,0,0,67301,0,0,0,N,0,0,0,2,67301,0,,1,1,,N,N,,0,,0,0,0,0,0,,1600,1,2,0,0,0,1,0,3,3,0,2,3,,N,,,,,,,,,,,
2006062506,2040.0,2,0,0,0,0,0,0,0,0,4,0,,67,5,2006,6,,,2039.0,6,0,0,0,0,0,1,0,0,,0,0,0,20,1,4,1,,0.0,,,0,,3,0,0,0,67301,0,0,0,N,0,0,0,5,67301,1,,1,1,,N,N,,0,,1,0,0,3,3,,2037,4,2,0,0,0,2,0,3,3,0,2,3,,N,,,,,,,,,,,
2006062519,1105.0,1,0,0,0,0,0,0,0,0,6,0,,67,5,2006,6,,,1100.0,6,0,1,0,0,0,0,0,0,,0,0,0,10,1,1,1,,0.0,,,0,,4,0,0,0,67301,0,0,0,,0,0,0,2,67301,1,,1,1,,N,N,,0,,0,0,0,9,3,,1050,1,2,0,0,0,0,0,3,3,1,2,3,,N,,,,,,,,,,,
2006054964,1309.0,2,0,0,0,0,0,0,0,0,1,0,,67,3,2006,7,,,1306.0,6,0,0,0,0,0,0,0,1,,0,0,0,12,1,1,0,,0.0,,,0,,8,0,0,0,67301,0,0,0,N,0,0,0,2,67301,0,,1,1,,N,N,,0,,0,0,0,0,0,,1259,1,2,0,0,0,1,1,3,3,0,2,3,,N,,,,,,,,,,,
2006055089,1555.0,1,0,0,0,0,0,0,0,0,8,0,,67,3,2006,6,,,1555.0,6,0,0,0,0,0,0,0,0,,0,0,0,15,1,1,0,,0.0,,,0,,3,0,0,0,67301,1,0,0,,1,0,0,3,67301,0,,1,1,,,,,0,,1,0,0,3,2,,1530,1,2,0,0,0,0,0,3,3,0,1,3,,N,,,,,,,,,,,
2006055112,815.0,1,0,0,0,0,0,0,0,0,8,0,,67,4,2006,6,40.0274,-75.1208,811.0,6,0,0,0,0,0,1,0,0,,0,0,0,8,1,1,1,,0.0,40 01:38.773,,0,75 07:14.771,8,0,0,0,67301,1,0,0,N,1,0,0,2,67301,0,,1,1,,N,N,,0,,0,0,0,3,3,,805,1,2,0,0,0,1,0,3,4,0,1,3,,N,,,,,,,,,,,
2006055130,2315.0,2,0,0,0,0,0,0,0,0,4,0,,67,3,2006,1,39.9194,-75.2344,2313.0,6,0,0,0,0,0,1,0,0,,0,0,0,23,3,1,2,,0.0,39 55:09.000,,0,75 14:03.943,4,0,0,0,67301,0,0,0,N,0,0,0,9,67301,1,,1,1,,N,N,,0,,0,0,1,3,2,,2310,1,4,0,0,0,0,0,3,4,0,4,3,,N,,,,,,,,,,,
2006094083,923.0,0,0,0,1,0,0,0,0,0,7,1,,67,7,2006,6,39.9251,-75.1466,923.0,6,0,0,0,0,0,1,0,0,5.0,0,1,0,9,1,0,2,,2.0,39 55:30.388,1.0,0,75 08:47.936,9,0,0,0,67301,1,0,0,Y,0,0,0,2,67301,0,,5,1,,N,N,,0,,0,0,0,0,0,Y,921,0,2,0,0,0,0,1,3,4,0,1,3,,N,,,,,,,,,,,
2006094131,1131.0,1,0,0,0,0,0,0,0,0,4,0,,67,7,2006,7,39.9475,-75.1877,1127.0,6,0,0,0,0,0,0,0,0,,0,0,0,11,1,1,1,,0.0,39 56:50.000,,2,75 11:15.319,3,0,0,0,67301,0,0,0,N,0,0,0,5,67301,0,,1,9,,N,N,,1,,1,0,0,0,0,,1124,1,2,0,0,0,0,0,3,4,0,2,7,,N,,,,,,,,,,,
2006055164,1835.0,0,0,0,0,0,0,0,0,0,8,0,,67,3,2006,5,40.0373,-75.0599,1828.0,6,0,0,0,0,0,0,0,0,,0,0,0,18,1,1,2,,0.0,40 02:14.229,,0,75 03:35.535,4,0,0,0,67301,1,0,0,N,1,0,0,2,67301,1,,1,1,,N,N,,0,,0,0,1,0,0,,1810,1,2,0,0,0,0,0,3,4,0,1,3,,N,,,,,,,,,,,
2006055304,645.0,1,0,0,0,0,0,0,0,0,7,0,,67,3,2006,1,40.0092,-75.2098,639.0,6,0,0,0,0,0,0,0,0,,0,0,0,6,1,0,6,,0.0,40 00:33.120,,0,75 12:35.280,0,0,0,0,67301,0,0,0,Y,0,0,0,1,67301,0,,7,9,,N,N,,0,,0,0,0,0,0,,630,0,1,0,0,0,0,0,3,4,0,1,7,,N,,,,,,,,,,,
2006094190,1014.0,2,0,0,0,0,0,0,0,0,4,0,,67,7,2006,2,39.9554,-75.1882,1009.0,6,0,0,0,0,0,0,0,0,,0,0,0,9,1,0,2,,0.0,39 57:19.000,,0,75 11:17.648,0,0,0,0,67301,0,0,0,N,0,0,0,2,67301,0,,1,1,,N,N,,0,,0,0,0,3,2,,930,0,2,0,0,0,0,0,3,4,0,2,3,,N,,,,,,,,,,,
2006055211,1225.0,2,0,0,0,0,0,0,0,0,4,0,,67,5,2006,2,39.9671,-75.2066,1215.0,6,0,0,0,0,0,0,0,0,,0,0,0,12,1,0,1,,0.0,39 58:01.531,,0,75 12:23.921,9,0,0,0,67301,0,0,0,N,0,0,0,2,67301,0,,1,1,,N,N,,0,,0,0,0,2,3,,1200,0,2,0,0,1,0,1,3,4,0,2,3,,N,,,,,,,,,,,
2006094370,1311.0,1,0,0,0,0,0,0,0,0,2,0,,67,7,2006,2,40.0481,-75.0691,1310.0,6,0,0,0,0,0,0,0,0,,0,0,0,13,1,1,1,,0.0,40 02:53.000,,0,75 04:08.598,3,0,0,0,67301,0,0,0,N,0,0,0,3,67301,0,,1,1,,N,N,,1,,1,0,0,3,2,,1310,1,2,0,0,0,0,0,3,4,0,2,3,,N,,,,,,,,,,,
2006032860,1650.0,0,0,0,0,0,0,0,0,0,8,0,,67,2,2006,3,40.0092,-75.1508,1647.0,6,0,0,0,0,0,0,0,0,,0,0,0,99,1,1,5,,0.0,40 00:33.000,,0,75 09:03.561,3,0,0,0,67301,1,0,0,,1,0,0,2,67301,0,,1,1,,N,N,,0,,1,0,0,0,0,,9999,1,2,0,0,0,0,1,3,4,1,1,3,,N,,,,,,,,,,,
2006032971,1225.0,1,0,0,0,0,0,0,0,0,7,0,,67,1,2006,3,40.0366,-75.1982,1218.0,6,0,0,0,0,0,0,0,0,,0,0,0,12,1,0,2,,0.0,40 02:11.673,,0,75 11:53.559,0,0,0,0,67301,0,0,0,,0,0,0,2,67301,0,,2,9,,N,N,,0,,0,0,0,0,0,,1200,0,1,0,0,0,0,0,3,4,0,1,3,,N,,,,,,,,,,,
2006019872,750.0,1,0,0,0,0,0,0,0,0,7,0,,67,1,2006,4,40.0075,-75.1923,745.0,6,0,0,0,0,0,0,0,0,,0,0,0,7,1,1,0,,0.0,40 00:28.000,,0,75 11:30.011,4,0,0,0,67301,0,0,0,N,0,0,0,1,67301,1,,2,2,,N,N,,0,,0,0,0,0,0,,743,1,1,0,0,0,0,0,3,4,0,1,98,,N,,,,,,,,,,,
2006020130,2017.0,2,0,0,0,0,0,0,0,0,1,0,,67,1,2006,7,40.0403,-75.0585,2014.0,6,0,0,0,0,0,0,0,0,2.0,0,0,0,20,3,3,1,,1.0,40 02:25.000,2.0,0,75 03:32.310,8,0,0,0,67301,0,0,0,,0,0,0,4,67301,0,,1,1,,N,N,,0,,0,0,0,3,2,N,2010,3,3,0,0,0,3,0,3,4,1,3,3,,N,,,,,,,,,,,
2006020132,1850.0,2,0,0,0,0,0,0,0,0,4,0,,67,1,2006,3,39.9101,-75.1633,1843.0,6,0,0,0,0,0,0,1,0,,0,0,0,99,3,1,1,,0.0,39 54:36.252,,0,75 09:48.020,4,0,0,0,67301,0,0,0,N,0,0,0,2,67301,1,,1,9,,N,N,,0,,0,0,0,3,2,,9999,1,2,0,0,1,0,1,3,4,0,2,7,,N,,,,,,,,,,,
2006080051,2058.0,3,0,0,0,0,0,0,0,0,5,0,,67,6,2006,3,40.0162,-75.0761,2053.0,6,0,0,0,0,0,0,0,0,3.0,0,0,0,20,3,1,0,,2.0,40 00:58.489,4.0,0,75 04:33.780,4,0,0,0,67301,0,0,0,,0,0,0,1,67301,1,,1,1,,N,N,,0,,0,0,0,0,0,Y,2051,1,3,0,0,1,0,0,3,4,0,3,3,,N,,,,,,,,,,,
2006080061,740.0,1,0,0,0,0,0,0,0,0,1,1,,67,5,2006,4,,,731.0,6,0,0,0,0,0,0,0,0,1.0,0,1,0,7,1,2,0,,1.0,,4.0,0,,4,0,0,0,67301,0,0,0,N,0,0,0,4,67301,1,,1,1,,N,N,,0,,0,0,1,0,0,N,731,2,3,0,0,1,1,1,3,3,0,3,3,,N,,,,,,,,,,,
2006069780,1707.0,2,0,0,0,0,0,0,0,0,1,0,,67,5,2006,2,,,1705.0,6,0,1,0,0,0,0,0,0,,0,0,0,7,1,0,0,,0.0,,,0,,9,0,0,0,67301,0,0,0,N,0,0,0,2,67501,0,,1,9,,N,N,,0,,0,0,0,3,8,,705,0,2,0,0,0,0,1,3,3,0,2,7,,N,,,,,,,,,,,
2006065012,623.0,1,0,0,0,0,0,1,0,0,1,1,,67,5,2006,1,40.0808,-75.0284,619.0,6,0,0,0,0,0,0,0,0,,0,0,0,6,1,0,1,,0.0,40 04:50.000,,0,75 01:41.524,0,0,0,0,67301,0,0,0,N,0,0,0,3,67301,0,,1,1,,N,N,,0,,0,0,0,3,2,,617,0,2,0,0,0,0,0,3,4,0,2,3,,N,,,,,,,,,,,
2006062873,1209.0,2,0,0,0,0,0,0,0,0,5,0,,67,5,2006,2,39.9513,-75.1549,1201.0,6,0,0,0,0,0,0,0,0,,0,0,0,12,1,0,0,,0.0,39 57:04.000,,0,75 09:17.023,0,0,0,0,67301,0,0,0,N,0,0,0,1,67301,0,,6,1,,N,N,,0,,0,0,0,0,0,,1201,0,2,0,0,0,0,0,3,4,0,2,3,,N,,,,,,,,,,,
2006062901,1715.0,1,0,0,0,0,0,0,0,0,8,0,,67,5,2006,2,40.0051,-75.1484,1702.0,6,0,0,0,0,0,0,0,0,,0,0,0,16,1,1,2,,0.0,40 00:18.428,,0,75 08:54.337,4,0,0,0,67301,1,0,0,N,1,0,0,2,67301,1,,1,1,,N,N,,0,,0,0,0,0,0,,1645,1,2,0,0,0,0,0,3,4,0,1,3,,N,,,,,,,,,,,
2006065368,1655.0,1,0,0,0,0,0,0,0,0,8,0,,67,5,2006,3,39.9419,-75.1667,1652.0,6,0,0,0,0,0,0,0,0,1.0,0,0,0,16,1,1,0,,2.0,39 56:30.793,4.0,0,75 10:00.148,3,0,0,0,67301,1,0,0,N,1,0,0,2,67301,0,,1,1,,N,N,,0,,1,0,0,3,2,Y,1645,1,2,0,0,0,0,1,3,4,0,1,3,,N,,,,,,,,,,,
2006055342,1550.0,1,0,0,1,0,0,0,0,0,5,0,,67,3,2006,6,40.0205,-75.0509,1545.0,6,0,0,0,0,0,0,0,0,,0,0,0,15,1,1,1,,0.0,40 01:13.918,,0,75 03:03.260,4,0,0,0,67301,1,0,0,N,0,0,0,2,67301,1,,1,1,,N,N,,0,,0,0,0,3,3,,1530,1,2,0,0,0,0,0,3,4,0,1,3,,N,,,,,,,,,,,
2006055406,836.0,2,0,0,0,0,0,0,0,0,4,0,,67,3,2006,3,40.0581,-75.1743,833.0,6,0,0,0,0,0,0,0,0,,0,0,0,8,1,1,1,,0.0,40 03:29.000,,0,75 10:27.845,8,0,0,0,67301,0,0,0,N,0,0,0,2,67301,0,,1,1,,N,N,,0,,0,0,0,3,2,,830,1,2,0,0,0,1,0,3,4,0,2,3,,N,,,,,,,,,,,
2006055424,1800.0,1,0,0,0,0,0,0,0,0,8,0,,67,3,2006,5,,,1800.0,6,0,0,0,0,0,0,0,0,,0,0,0,17,3,1,1,,0.0,,,0,,8,0,0,0,67301,1,0,0,N,1,0,0,2,67301,0,,2,1,,N,N,,0,,0,0,0,0,0,,1750,1,2,0,0,0,1,0,3,3,0,1,3,,N,,,,,,,,,,,
2006055450,850.0,2,0,0,0,0,0,0,0,0,1,0,,67,3,2006,3,39.9551,-75.1853,840.0,6,0,0,0,0,0,0,0,0,,0,0,0,8,1,1,2,,0.0,39 57:18.000,,0,75 11:07.121,8,0,0,0,67301,0,0,0,N,0,0,0,2,67301,0,,1,1,,N,N,,0,,0,0,0,9,2,,840,1,2,0,0,0,1,0,3,4,0,2,3,,N,,,,,,,,,,,
2006055613,1952.0,1,0,0,0,0,0,0,0,0,4,0,,67,3,2006,6,40.019,-75.0524,945.0,6,0,0,0,0,0,1,0,1,,0,0,0,9,1,1,1,,0.0,40 01:08.324,,0,75 03:08.584,4,0,0,0,67301,0,0,0,N,0,0,0,2,67301,1,,1,1,,N,N,,1,,0,0,0,0,0,,940,1,2,0,0,0,0,1,3,4,0,2,3,,N,,,,,,,,,,,
2006055625,1601.0,2,0,0,0,0,0,0,0,0,1,0,,67,3,2006,1,40.0379,-75.061,1557.0,6,0,0,0,0,0,0,0,0,,0,0,0,15,1,2,0,,0.0,40 02:16.293,,0,75 03:39.464,8,0,0,0,67301,0,0,0,,0,0,0,4,67301,0,,1,9,,,,,0,,0,0,0,0,0,,1541,2,2,0,0,0,2,0,3,4,0,2,7,,N,,,,,,,,,,,
2006055653,1430.0,2,0,0,0,0,0,0,0,0,4,0,,67,3,2006,2,40.0647,-74.9823,1415.0,6,0,0,0,0,0,1,0,0,,0,0,0,14,1,1,1,,0.0,40 03:52.000,,0,74 58:56.205,4,0,0,0,67301,0,0,0,N,0,0,0,2,67301,1,,1,1,,N,N,,0,,0,0,0,9,2,,1410,1,2,0,0,0,0,0,3,4,0,2,3,,N,,,,,,,,,,,
2006055708,425.0,2,0,0,0,0,0,0,0,0,2,0,,67,4,2006,3,40.0402,-75.0049,424.0,6,0,0,0,0,0,1,0,0,,0,0,0,4,3,2,0,,0.0,40 02:24.720,,0,75 00:17.280,3,0,0,0,67301,0,0,0,N,0,0,0,2,67301,0,,1,1,,N,N,,0,,2,0,0,0,0,,423,2,2,0,0,0,0,0,3,4,0,2,3,,N,,,,,,,,,,,
2006055736,138.0,1,0,0,0,0,0,0,0,0,7,0,,67,4,2006,2,,,130.0,6,0,0,0,0,0,0,0,0,,0,0,0,1,6,2,0,,0.0,,,0,,4,0,0,0,67301,0,0,0,N,0,0,0,2,67301,2,,4,1,,N,N,,0,,0,0,0,0,0,,100,2,2,0,0,0,0,0,3,3,0,1,3,,N,,,,,,,,,,,
2006055753,245.0,1,0,0,0,0,0,0,0,0,7,0,,67,3,2006,4,40.0861,-74.9703,225.0,6,0,0,0,0,0,0,0,0,2.0,0,0,0,2,3,0,0,,2.0,40 05:10.000,3.0,0,74 58:12.877,9,0,0,0,67301,0,0,0,Y,0,0,0,1,67301,0,,2,1,,N,N,,0,,0,0,0,0,0,Y,225,0,1,0,0,0,0,1,3,4,0,1,3,,N,,,,,,,,,,,
2006055790,1329.0,1,0,0,0,0,0,0,0,0,7,0,,67,5,2006,4,40.0071,-75.073,1322.0,6,0,0,0,1,0,0,0,0,,0,0,0,13,1,0,0,,0.0,40 00:25.920,,0,75 04:22.080,0,0,0,0,67301,0,0,0,N,0,0,0,1,67301,0,,2,1,,N,N,,0,,0,0,0,0,0,,1322,0,1,0,0,0,0,0,3,4,0,1,3,,N,,,,,,,,,,,
2006126455,1235.0,1,0,0,0,0,0,0,0,0,4,0,,67,11,2006,4,39.9895,-75.1445,1230.0,6,0,0,0,0,0,0,0,0,,0,0,0,12,1,1,1,,0.0,39 59:22.207,,0,75 08:40.232,8,0,0,0,67301,0,0,0,,0,0,0,3,67301,0,,1,9,,,,,0,,0,0,1,9,2,,1215,1,2,0,0,3,1,0,3,4,0,2,7,,N,,,,,,,,,,,
2006102424,1545.0,2,0,0,0,0,0,0,0,0,1,0,,67,9,2006,6,39.9606,-75.1976,1541.0,6,0,0,0,0,0,1,0,0,,0,0,0,15,1,1,1,,0.0,39 57:38.000,,0,75 11:51.884,8,0,0,0,67301,0,0,0,N,0,0,0,2,67301,0,,1,1,,N,N,,0,,0,0,0,3,3,,1525,1,2,0,0,0,1,0,3,4,0,2,3,,N,,,,,,,,,,,
2006102512,552.0,1,0,0,0,0,0,0,0,0,4,0,,67,9,2006,2,39.9675,-75.1893,549.0,6,0,0,0,0,0,2,0,0,2.0,0,0,0,5,3,1,0,,2.0,39 58:03.000,4.0,0,75 11:22.540,8,0,0,0,67301,0,0,0,N,0,0,0,3,67301,0,,1,1,,N,N,,3,,0,0,0,0,0,N,546,1,4,0,0,0,1,0,3,4,0,4,3,,N,,,,,,,,,,,
2006115158,1116.0,2,0,0,0,0,0,0,0,0,1,0,,67,10,2006,3,40.0268,-75.0982,1111.0,6,0,0,0,0,0,1,0,0,1.0,0,0,0,11,1,1,0,,1.0,40 01:37.000,1.0,0,75 05:54.532,4,0,0,0,67301,0,0,0,N,0,0,0,3,67301,1,,1,1,,N,N,,0,,0,0,0,3,2,N,1100,1,2,0,0,0,0,0,3,4,0,2,3,,N,,,,,,,,,,,
2006124714,2355.0,1,0,0,0,0,0,0,0,0,4,0,,67,10,2006,3,40.0564,-75.0283,2353.0,6,0,0,0,1,0,0,0,0,,0,0,0,23,3,1,1,,0.0,40 03:22.956,,0,75 01:41.888,4,0,0,0,67301,0,0,0,N,0,0,0,2,67301,1,,1,1,,N,N,,1,,0,0,0,3,2,,2353,1,2,0,0,0,0,0,3,4,0,2,3,,N,,,,,,,,,,,
2006062113,1555.0,1,0,0,1,0,0,0,0,0,4,0,,67,5,2006,4,,,1550.0,6,0,0,0,0,0,0,0,0,,0,0,0,15,1,1,2,,0.0,,,0,,8,0,0,0,67301,1,0,0,N,0,0,0,2,67301,0,,1,1,,N,N,,0,,0,0,0,9,3,,1550,1,2,0,0,0,1,0,3,3,0,1,3,,N,,,,,,,,,,,
2006062221,107.0,2,0,0,0,0,0,0,0,0,5,0,,67,5,2006,1,39.9866,-75.1464,102.0,6,0,0,0,0,0,0,0,0,,0,0,0,0,3,1,1,,0.0,39 59:11.000,,0,75 08:45.076,8,0,0,0,67301,0,0,0,N,0,0,0,2,67301,0,,1,1,,N,N,,0,,0,0,0,3,3,,30,1,2,0,0,0,1,1,3,4,0,2,3,,N,,,,,,,,,,,
2006054668,2100.0,1,0,0,0,0,0,0,0,0,5,0,,67,4,2006,4,39.9731,-75.2139,2057.0,6,0,0,0,0,0,0,1,0,,0,0,0,20,3,1,2,,0.0,39 58:23.000,,0,75 12:49.761,8,0,0,0,67301,0,0,0,N,0,0,0,1,67301,0,,1,1,,N,N,,1,,0,0,0,0,0,,2034,1,2,0,0,0,1,0,3,4,0,2,3,,N,,,,,,,,,,,
2006062416,1015.0,2,0,0,0,0,0,0,0,0,1,0,,67,4,2006,2,39.9964,-75.1135,1005.0,6,0,0,0,0,0,0,1,0,,0,0,0,10,1,1,5,,0.0,39 59:47.157,,0,75 06:48.512,4,0,0,0,67301,0,0,0,N,0,0,0,3,67301,1,,1,9,,N,N,,0,,0,0,0,0,0,,1010,1,2,0,0,0,0,0,3,4,0,2,3,,N,,,,,,,,,,,
2006062434,1813.0,1,0,0,0,0,0,0,0,0,8,0,,67,5,2006,3,40.0497,-75.1605,1739.0,6,0,0,0,0,0,0,0,0,,0,0,0,17,1,2,1,,0.0,40 02:58.768,,0,75 09:37.864,4,0,0,0,67301,2,0,0,N,2,0,0,3,67301,2,,1,1,,N,N,,0,,0,0,0,3,2,,1736,2,3,0,0,0,0,0,3,4,0,1,3,,N,,,,,,,,,,,
2006054945,1152.0,1,0,0,0,0,0,0,0,0,8,0,,67,3,2006,2,40.0038,-75.0943,1150.0,6,0,0,0,0,0,0,1,0,,0,0,0,11,1,1,2,,0.0,40 00:13.000,,0,75 05:39.517,8,0,0,0,67301,1,0,0,,1,0,0,2,67301,0,,1,1,,N,N,,0,,0,0,0,3,2,,1145,1,2,0,0,0,1,0,3,4,0,1,3,,N,,,,,,,,,,,
2006054975,2020.0,2,0,0,0,0,0,0,0,0,1,0,,67,2,2006,6,,,2018.0,6,0,0,0,0,0,0,0,0,,0,0,0,20,3,1,1,,0.0,,,0,,8,0,0,0,67301,0,0,0,,0,0,0,3,67301,0,,1,2,,N,N,,0,,0,0,0,3,2,,2010,1,2,0,0,0,1,1,3,3,0,2,3,,N,,,,,,,,,,,
2006094192,235.0,1,0,0,0,0,0,0,0,0,7,0,,67,7,2006,1,,,223.0,6,0,0,0,0,0,0,0,0,,0,0,0,99,3,0,0,,0.0,,,0,,0,0,0,0,67301,0,0,0,N,0,0,0,3,67301,0,,3,1,,N,N,,1,,0,0,0,0,0,,9999,0,2,0,0,0,0,0,3,3,0,2,3,,N,,,,,,,,,,,
2006055216,2200.0,0,0,0,0,0,0,0,0,0,7,0,,67,4,2006,1,,,2157.0,6,0,0,0,0,0,1,0,0,,0,0,0,99,3,1,0,,0.0,,,0,,4,0,0,0,67301,0,0,0,N,0,0,0,1,67301,1,,4,1,,N,,,0,,0,0,1,3,2,,9999,1,1,0,0,1,0,0,3,3,0,1,3,,N,,,,,,,,,,,
2006094388,2334.0,0,0,0,0,0,0,0,0,0,7,0,,67,7,2006,7,,,2334.0,6,0,0,0,1,0,0,0,0,,0,0,0,23,2,1,1,,0.0,,,0,,4,0,0,0,67301,0,0,0,N,0,0,0,1,67301,1,,2,1,,N,N,,0,,0,0,0,0,0,,2334,1,1,0,0,0,0,0,3,3,0,1,3,,N,,,,,,,,,,,
2006094482,1001.0,1,0,0,0,0,0,0,0,0,2,0,,67,7,2006,1,40.054,-75.0489,1000.0,6,0,0,0,0,0,1,0,0,2.0,0,0,0,9,1,1,1,,1.0,40 03:15.000,4.0,0,75 02:58.334,8,0,0,0,67301,0,0,0,N,0,0,0,2,67301,0,,1,1,,N,N,,0,,0,0,1,3,2,Y,955,1,2,0,0,0,1,0,3,4,0,2,3,,N,,,,,,,,,,,
2006094484,1632.0,1,0,0,0,0,0,0,0,0,7,0,,67,7,2006,2,40.0288,-75.108,1628.0,6,0,0,0,0,0,1,0,0,1.0,0,0,0,16,1,2,8,,1.0,40 01:43.000,2.0,0,75 06:28.358,8,0,0,0,67301,0,0,0,N,0,0,0,2,67301,0,,3,1,,N,N,,0,,0,0,0,0,0,Y,1626,2,1,0,0,0,2,0,3,4,0,1,3,,N,,,,,,,,,,,
2006081709,1637.0,1,0,0,0,0,0,0,0,0,7,0,,67,7,2006,3,39.9458,-75.1984,1628.0,6,0,0,0,1,0,0,0,0,2.0,0,0,0,16,1,1,0,,1.0,39 56:46.000,1.0,0,75 11:54.217,4,0,0,0,67301,0,0,0,N,0,0,0,1,67301,1,,3,9,,N,N,,0,,0,0,0,0,0,N,1609,1,1,0,0,0,0,0,3,4,0,1,7,,N,,,,,,,,,,,
2006126308,1425.0,1,0,0,0,0,0,0,0,0,8,0,,67,11,2006,5,40.0729,-75.0759,1425.0,6,0,0,0,0,0,0,0,1,,0,0,0,14,1,1,1,,0.0,40 04:22.000,,0,75 04:32.955,8,0,0,0,67301,1,0,0,N,1,0,0,2,67301,0,,1,1,,N,N,,0,,0,0,0,3,2,,1425,1,2,0,0,1,1,0,3,4,0,1,3,,N,,,,,,,,,,,
2006123837,633.0,2,0,0,0,0,0,0,0,0,4,0,,67,10,2006,1,40.0072,-75.1234,630.0,6,0,0,0,0,0,1,0,0,,0,0,0,6,1,2,1,,0.0,40 00:26.000,,0,75 07:24.342,4,0,0,0,67301,0,0,0,N,0,0,0,3,67301,2,,1,1,,N,N,,0,,0,0,0,3,2,,630,2,2,0,0,0,0,1,3,4,0,2,3,,N,,,,,,,,,,,
2006022789,1800.0,1,0,0,0,0,0,0,0,0,8,0,,67,1,2006,3,,,1756.0,6,0,0,0,0,0,1,0,0,,0,0,0,17,3,1,1,,0.0,,,0,,3,0,0,0,67301,1,0,0,N,1,0,0,2,67504,0,,1,9,,N,N,,0,,1,0,0,9,2,,1753,1,2,0,0,0,0,0,3,3,0,1,7,,N,,,,,,,,,,,
2006020124,653.0,3,0,0,0,0,0,0,0,0,5,0,,67,1,2006,2,40.0307,-75.0548,650.0,6,0,0,0,0,0,1,0,1,,0,0,0,6,1,1,1,,0.0,40 01:50.000,,0,75 03:17.421,4,0,0,0,67301,0,0,0,,0,0,0,3,67301,1,,1,9,,N,N,,0,,0,0,0,3,2,,650,1,3,0,0,0,0,0,3,4,0,3,7,,N,,,,,,,,,,,