CRN,ARRIVAL_TM,AUTOMOBILE_COUNT,BELTED_DEATH_COUNT,BELTED_SUSP_SERIOUS_INJ_COUNT,BICYCLE_COUNT,BICYCLE_DEATH_COUNT,BICYCLE_SUSP_SERIOUS_INJ_COUNT,BUS_COUNT,CHLDPAS_DEATH_COUNT,CHLDPAS_SUSP_SERIOUS_INJ_COUNT,COLLISION_TYPE,COMM_VEH_COUNT,CONS_ZONE_SPD_LIM,COUNTY,CRASH_MONTH,CRASH_YEAR,DAY_OF_WEEK,DEC_LAT,DEC_LONG,DISPATCH_TM,DISTRICT,DRIVER_COUNT_16YR,DRIVER_COUNT_17YR,DRIVER_COUNT_18YR,DRIVER_COUNT_19YR,DRIVER_COUNT_20YR,DRIVER_COUNT_50_64YR,DRIVER_COUNT_65_74YR,DRIVER_COUNT_75PLUS,EST_HRS_CLOSED,FATAL_COUNT,HEAVY_TRUCK_COUNT,HORSE_BUGGY_COUNT,HOUR_OF_DAY,ILLUMINATION,INJURY_COUNT,INTERSECT_TYPE,INTERSECTION_RELATED,LANE_CLOSED,LATITUDE,LN_CLOSE_DIR,LOCATION_TYPE,LONGITUDE,MAX_SEVERITY_LEVEL,MCYCLE_DEATH_COUNT,MCYCLE_SUSP_SERIOUS_INJ_COUNT,MOTORCYCLE_COUNT,MUNICIPALITY,NONMOTR_COUNT,NONMOTR_DEATH_COUNT,NONMOTR_SUSP_SERIOUS_INJ_COUNT,NTFY_HIWY_MAINT,PED_COUNT,PED_DEATH_COUNT,PED_SUSP_SERIOUS_INJ_COUNT,PERSON_COUNT,POLICE_AGCY,POSSIBLE_INJ_COUNT,RDWY_SURF_TYPE_CD,RELATION_TO_ROAD,ROAD_CONDITION,ROADWAY_CLEARED,SCH_BUS_IND,SCH_ZONE_IND,SECONDARY_CRASH,SMALL_TRUCK_COUNT,SPEC_JURIS_CD,SUSP_MINOR_INJ_COUNT,SUSP_SERIOUS_INJ_COUNT,SUV_COUNT,TCD_FUNC_CD,TCD_TYPE,TFC_DETOUR_IND,TIME_OF_DAY,TOT_INJ_COUNT,TOTAL_UNITS,UNB_DEATH_COUNT,UNB_SUSP_SERIOUS_INJ_COUNT,UNBELTED_OCC_COUNT,UNK_INJ_DEG_COUNT,UNK_INJ_PER_COUNT,URBAN_AREA,URBAN_RURAL,VAN_COUNT,VEHICLE_COUNT,WEATHER1,WEATHER2,WORK_ZONE_IND,WORK_ZONE_LOC,WORK_ZONE_TYPE,WORKERS_PRES,WZ_CLOSE_DETOUR,WZ_FLAGGER,WZ_LAW_OFFCR_IND,WZ_LN_CLOSURE,WZ_MOVING,WZ_OTHER,WZ_SHLDER_MDN,WZ_WORKERS_INJ_KILLED
2006080013,100.0,2,0,0,0,0,0,0,0,0,4,0,,67,7,2006,5,40.0444,-75.0305,53.0,6,0,0,1,0,0,0,0,0,,0,0,0,0,3,2,1,,0.0,40 02:39.000,,0,75 01:49.886,4,0,0,0,67301,0,0,0,,0,0,0,5,67301,2,,1,9,,N,N,,0,,0,0,0,9,3,,30,2,2,0,0,0,0,2,3,4,0,2,7,,N,,,,,,,,,,,
2006080031,140.0,2,0,0,0,0,0,0,0,0,5,0,,67,6,2006,5,39.9529,-75.1516,135.0,6,0,0,0,0,0,0,0,0,,0,0,0,1,6,1,1,,0.0,39 57:10.440,,0,75 09:05.760,8,0,0,0,67301,0,0,0,N,0,0,0,2,67301,0,,1,1,,N,N,,0,,0,0,0,3,2,,130,1,2,0,0,0,1,0,3,4,0,2,3,,N,,,,,,,,,,,
2006065322,1715.0,2,0,0,0,0,0,0,0,0,1,0,,67,5,2006,1,39.9942,-75.1078,1705.0,6,0,0,0,0,0,0,0,0,,0,0,0,13,1,1,1,,0.0,39 59:39.000,,0,75 06:28.313,4,0,0,0,67301,0,0,0,N,0,0,0,3,67301,1,,1,1,,N,Y,,0,,0,0,0,3,2,,1358,1,2,0,0,0,0,0,3,4,0,2,3,,N,,,,,,,,,,,
2006065429,1641.0,1,0,0,0,0,0,0,0,0,1,0,,67,5,2006,6,40.0471,-75.0048,1636.0,6,0,0,0,0,0,0,0,0,,0,0,0,99,1,1,1,,0.0,40 02:49.000,,0,75 00:17.276,4,0,0,0,67301,0,0,0,N,0,0,0,3,67301,1,,1,1,,N,N,,1,,0,0,0,3,2,,9999,1,2,0,0,1,0,0,3,4,0,2,3,,N,,,,,,,,,,,
2006062898,1821.0,1,0,0,0,0,0,0,0,0,8,0,,67,5,2006,1,40.0118,-75.1099,1820.0,6,0,0,0,0,0,0,0,0,,0,0,0,18,1,1,0,,0.0,40 00:42.354,,0,75 06:35.805,4,0,0,0,67301,1,0,0,N,1,0,0,2,67301,1,,1,1,,N,N,,0,,0,0,0,0,0,,1820,1,2,0,0,0,0,0,3,4,0,1,3,,N,,,,,,,,,,,
2006055392,1345.0,0,0,0,0,0,0,0,0,0,4,0,,67,3,2006,1,,,1340.0,6,0,0,0,0,0,2,0,0,,0,0,0,13,1,1,1,,0.0,,,0,,4,0,0,0,67301,0,0,0,N,0,0,0,2,67301,1,,1,1,,N,N,,1,,0,0,0,3,2,,1335,1,2,0,0,0,0,0,3,3,1,2,3,,N,,,,,,,,,,,
2006055425,1636.0,2,0,0,0,0,0,0,0,0,4,0,,67,3,2006,5,,,1631.0,6,0,0,0,0,0,2,0,0,,0,0,0,16,1,1,2,,0.0,,,0,,8,0,0,0,67301,0,0,0,N,0,0,0,2,67301,0,,1,9,,N,N,,0,,0,0,0,3,3,,1611,1,2,0,0,0,1,0,3,3,0,2,7,,N,,,,,,,,,,,
2006055439,715.0,1,0,0,0,0,0,0,0,0,7,0,,67,3,2006,3,39.9576,-75.206,712.0,6,0,0,0,0,0,0,0,0,,0,0,0,7,1,2,1,,0.0,39 57:27.000,,0,75 12:21.666,3,0,0,0,67301,0,0,0,N,0,0,0,2,67301,0,,2,9,,N,N,,0,,2,0,0,3,2,,711,2,1,0,0,2,0,0,3,4,0,1,7,,N,,,,,,,,,,,
2006055447,2220.0,0,0,0,0,0,0,0,0,0,4,0,,67,2,2006,6,39.9556,-75.2146,2207.0,6,0,0,0,0,1,1,0,0,,0,0,0,22,3,1,1,,0.0,39 57:20.000,,0,75 12:52.637,8,0,0,0,67301,0,0,0,N,0,0,0,2,67301,0,,1,1,,N,N,,0,,0,0,2,3,2,,2204,1,2,0,0,0,1,0,3,4,0,2,3,,N,,,,,,,,,,,
2006055472,525.0,1,0,0,0,0,0,0,0,0,0,0,,67,3,2006,7,40.0797,-74.9654,514.0,6,0,0,0,0,0,0,0,0,,0,0,0,4,3,0,0,,0.0,40 04:47.000,,0,74 57:55.194,0,0,0,0,67301,0,0,0,Y,0,0,0,3,67301,0,,4,1,,N,,,0,,0,0,0,0,0,,455,0,1,0,0,0,0,0,3,4,0,1,3,,N,,,,,,,,,,,
2006094610,1530.0,0,0,0,0,0,0,1,0,0,1,1,,67,8,2006,5,39.9745,-75.2602,1523.0,6,0,0,0,0,0,0,0,0,,0,0,0,15,1,2,2,,0.0,39 58:28.000,,0,75 15:36.401,8,0,0,0,67301,0,0,0,N,0,0,0,3,67301,0,,1,1,,N,N,,0,,0,0,1,3,2,,1500,2,2,0,0,0,2,0,3,4,0,2,3,,N,,,,,,,,,,,
2006055519,1000.0,1,0,0,0,0,0,0,0,0,1,0,,67,2,2006,3,40.0661,-75.1442,945.0,6,0,0,0,0,0,0,0,0,,0,0,0,9,1,1,0,,0.0,40 03:57.888,,0,75 08:39.044,3,0,0,0,67301,0,0,0,N,0,0,0,3,67301,0,,1,1,,N,N,,2,,1,0,0,0,0,,930,1,3,0,0,0,0,0,3,4,0,3,3,,N,,,,,,,,,,,
2006055523,1432.0,1,0,0,0,0,0,0,0,0,4,0,,67,4,2006,5,40.0897,-75.057,1431.0,6,0,0,0,0,1,0,0,0,1.0,0,0,0,14,1,1,1,,1.0,40 05:22.000,4.0,0,75 03:25.159,3,0,0,0,67301,0,0,0,N,0,0,0,2,67301,0,,1,1,,N,N,,0,,1,0,1,3,2,N,1425,1,2,0,0,0,0,0,3,4,0,2,3,,N,,,,,,,,,,,
2006055606,1357.0,1,0,0,0,0,0,0,0,0,6,0,,67,3,2006,7,40.0318,-75.1056,1353.0,6,0,0,0,0,0,0,0,0,,0,0,0,13,1,1,1,,0.0,40 01:53.000,,0,75 06:18.531,8,0,0,0,67301,0,0,0,N,0,0,0,3,67301,0,,1,1,,N,N,,1,,0,0,0,0,0,,1347,1,2,0,0,0,1,0,3,4,0,2,3,,N,,,,,,,,,,,
2006055681,2300.0,1,0,0,0,0,0,0,0,0,7,0,,67,5,2006,3,39.9507,-75.1504,2257.0,6,0,0,0,0,0,0,0,0,,0,0,0,22,3,0,1,,0.0,39 57:02.520,,0,75 09:01.440,0,0,0,0,67301,0,0,0,N,0,0,0,1,67301,0,,4,1,,N,N,,0,,0,0,0,0,0,,2245,0,1,0,0,0,0,0,3,4,0,1,3,,N,,,,,,,,,,,
2006055798,822.0,0,0,0,0,0,0,0,0,0,8,0,,67,4,2006,4,39.9991,-75.1088,822.0,6,0,0,0,0,0,0,0,0,,0,0,0,8,1,1,5,,0.0,39 59:56.641,,0,75 06:31.521,4,0,0,0,67301,1,0,0,,1,0,0,2,67301,1,,1,1,,,,,1,,0,0,0,3,2,,822,1,2,0,0,0,0,0,3,4,0,1,3,,N,,,,,,,,,,,
2006055801,1730.0,1,0,0,0,0,0,0,0,0,4,0,,67,4,2006,7,39.9887,-75.0996,1723.0,6,0,0,0,0,0,0,0,0,,0,0,0,17,4,2,1,,0.0,39 59:19.482,,0,75 05:58.675,8,0,0,0,67301,0,0,0,N,0,0,0,4,67301,0,,1,9,,N,N,,0,,0,0,0,9,3,,1721,2,2,0,0,0,2,0,3,4,1,2,7,,N,,,,,,,,,,,
2006102411,1850.0,1,0,0,0,0,0,0,0,0,8,0,,67,8,2006,4,40.0066,-75.0883,1843.0,6,0,0,0,0,0,0,0,0,,0,0,0,18,1,1,2,,0.0,40 00:23.000,,0,75 05:19.570,2,0,0,0,67301,1,0,1,N,1,0,1,2,67301,0,,1,1,,N,N,,0,,0,1,0,9,3,,1842,1,2,0,0,0,0,0,3,4,0,1,3,,N,,,,,,,,,,,
2006102416,1400.0,1,0,0,0,0,0,0,0,0,7,0,,67,9,2006,5,,,1356.0,6,0,0,0,0,0,0,0,0,,0,0,0,13,1,2,0,,0.0,,,0,,4,0,0,0,67301,0,0,0,N,0,0,0,2,67301,2,,4,9,,N,N,,0,,0,0,0,9,2,,1350,2,1,0,0,0,0,0,3,3,0,1,7,,N,,,,,,,,,,,
2006104948,220.0,2,0,0,0,0,0,0,0,0,6,0,,67,7,2006,2,40.0565,-75.1805,217.0,6,0,0,0,0,0,0,0,0,,0,0,0,2,3,0,0,,0.0,40 03:23.220,,0,75 10:49.713,0,0,0,0,67301,0,0,0,N,0,0,0,1,67301,0,,1,1,,N,N,,0,,0,0,0,0,0,,217,0,2,0,0,0,0,0,3,4,0,2,3,,N,,,,,,,,,,,
2006124541,1131.0,1,0,0,0,0,0,0,0,0,4,0,,67,10,2006,1,,,1128.0,6,0,0,0,0,0,1,0,0,,0,0,0,11,1,2,1,,0.0,,,0,,8,0,0,0,67301,0,0,0,N,0,0,0,3,67301,0,,1,1,,N,N,,0,,0,0,1,9,3,,1126,2,2,0,0,0,2,0,3,3,0,2,3,,N,,,,,,,,,,,
2006124605,2100.0,1,0,1,0,0,0,0,0,0,7,0,,67,9,2006,7,39.9863,-75.1561,2100.0,6,0,0,0,0,0,0,0,0,3.0,0,0,0,20,3,2,1,,2.0,39 59:10.000,2.0,0,75 09:22.220,2,0,0,0,67301,0,0,0,N,0,0,0,2,67301,1,,3,1,,N,N,,0,,0,1,0,3,2,Y,2057,2,1,0,0,0,0,0,3,4,0,1,3,,N,,,,,,,,,,,
2006124619,1648.0,0,0,0,0,0,0,0,0,0,8,0,,67,10,2006,3,,,1632.0,6,0,0,0,0,0,0,0,0,,0,0,0,15,1,1,0,,0.0,,,0,,8,0,0,0,67301,1,0,0,N,1,0,0,2,67301,0,,1,9,,N,N,,0,,0,0,1,0,0,,1517,1,2,0,0,0,1,0,3,3,0,1,7,,N,,,,,,,,,,,
2006124625,2010.0,2,0,0,0,0,0,0,0,0,2,0,,67,11,2006,1,40.0241,-75.0569,2000.0,6,0,0,0,0,0,0,0,0,1.0,0,0,0,20,3,5,1,,1.0,40 01:26.830,3.0,0,75 03:24.736,8,0,0,0,67301,0,0,0,N,0,0,0,6,67301,0,,1,1,,N,N,,0,,0,0,0,3,3,N,2000,5,2,0,0,0,5,0,3,4,0,2,3,,N,,,,,,,,,,,
2006124223,450.0,1,0,0,0,0,0,0,0,0,7,0,,67,10,2006,7,,,446.0,6,0,0,0,0,0,0,0,0,1.0,0,0,0,4,3,1,0,,2.0,,1.0,0,,8,0,0,0,67301,0,0,0,Y,0,0,0,1,67301,0,,3,9,,N,N,,0,,0,0,0,0,0,N,443,1,1,0,0,0,1,0,3,3,0,1,7,,N,,,,,,,,,,,
2006124244,620.0,2,0,0,0,0,0,0,0,0,7,0,,67,10,2006,7,39.9638,-75.1843,615.0,6,0,0,0,0,0,0,1,0,1.0,0,0,0,6,5,1,0,,1.0,39 57:53.000,4.0,0,75 11:06.490,8,0,0,0,67301,0,0,0,N,0,0,0,3,67301,0,,2,9,,N,N,,0,,0,0,0,0,0,N,615,1,2,0,0,1,1,0,3,4,0,2,7,,N,,,,,,,,,,,
2006112649,2115.0,1,0,0,0,0,0,0,0,0,4,0,,67,10,2006,6,39.9963,-75.1243,2105.0,6,0,0,0,0,0,1,0,0,,0,0,0,15,1,1,2,,0.0,39 59:46.503,,0,75 07:27.397,8,0,0,0,67301,0,0,0,N,0,0,0,2,67301,0,,1,9,,N,N,,0,,0,0,1,3,3,,1535,1,2,0,0,0,1,1,3,4,0,2,7,,N,,,,,,,,,,,
2006112703,1620.0,0,0,0,0,0,0,0,0,0,5,0,,67,9,2006,6,40.0279,-75.0244,1611.0,6,0,0,0,0,0,0,0,0,,0,1,0,16,1,1,7,,0.0,40 01:40.000,,2,75 01:27.328,8,0,0,0,67301,0,0,0,,0,0,0,2,67301,0,,1,1,,,,,1,,0,0,0,0,0,,1611,1,2,0,0,0,1,0,3,4,0,2,3,,N,,,,,,,,,,,
2006112720,1250.0,2,0,0,0,0,0,0,0,0,1,0,,67,10,2006,5,40.0558,-75.0473,1240.0,6,0,0,0,0,0,0,0,0,9.0,0,0,0,12,1,2,0,,1.0,40 03:20.000,1.0,0,75 02:50.140,8,0,0,0,67301,0,0,0,,0,0,0,3,67301,0,,1,1,,,,,0,,0,0,0,0,0,N,1230,2,2,0,0,0,2,0,3,4,0,2,3,,N,,,,,,,,,,,
2006124929,2031.0,1,0,0,0,0,0,0,0,0,8,0,,67,11,2006,6,39.974,-75.1788,2022.0,6,0,0,0,0,0,0,0,0,,0,0,0,20,2,1,1,,0.0,39 58:26.000,,0,75 10:43.863,4,0,0,0,67301,1,0,0,N,1,0,0,2,67301,1,,1,1,,N,N,,0,,0,0,0,3,2,,2015,1,2,0,0,0,0,0,3,4,0,1,3,,N,,,,,,,,,,,
2006062247,2250.0,1,0,0,0,0,0,0,0,0,7,0,,67,5,2006,2,39.968,-75.1298,2243.0,6,0,0,0,0,0,0,0,0,,0,0,0,22,3,1,7,,0.0,39 58:02.000,,2,75 07:55.981,3,0,0,0,67301,0,0,0,N,0,0,0,3,67301,0,,2,1,,N,N,,0,,1,0,0,0,0,,2243,1,1,0,0,0,0,0,3,4,0,1,3,,N,,,,,,,,,,,
2006054751,1040.0,0,0,0,0,0,0,0,0,0,8,0,,67,3,2006,5,,,1035.0,6,0,0,0,0,0,0,0,0,,0,0,0,12,1,1,1,,0.0,,,0,,3,0,0,0,67301,1,0,0,N,1,0,0,2,67301,0,,1,1,,N,N,,0,,1,0,0,9,2,,1230,1,2,0,0,0,0,0,3,3,0,1,3,,N,,,,,,,,,,,
2006062513,2120.0,1,0,0,0,0,0,0,0,0,1,0,,67,5,2006,5,39.951,-75.1774,2105.0,6,0,0,0,0,0,1,0,0,,0,0,0,21,3,3,0,,0.0,39 57:03.000,,0,75 10:38.306,8,0,0,0,67301,0,0,0,N,0,0,0,3,67301,0,,1,9,,N,N,,0,,0,0,0,3,2,,2100,3,2,0,0,0,3,0,3,4,1,2,7,,N,,,,,,,,,,,
2006054938,1615.0,1,0,0,0,0,0,0,0,0,1,0,,67,3,2006,6,40.0521,-75.0678,1615.0,6,0,0,0,0,0,1,1,0,,0,0,0,16,1,1,1,,0.0,40 03:07.000,,0,75 04:03.996,8,0,0,0,67301,0,0,0,N,0,0,0,2,67301,0,,1,1,,N,N,,1,,0,0,0,3,2,,1615,1,2,0,0,0,1,0,3,4,0,2,3,,N,,,,,,,,,,,
2006055123,439.0,1,0,0,0,0,0,0,0,0,7,0,,67,3,2006,7,,,438.0,6,0,0,1,0,0,0,0,0,,0,0,0,4,3,1,0,,0.0,,,0,,4,0,0,0,67301,0,0,0,N,0,0,0,2,67301,1,,5,1,,N,N,,0,,0,0,0,0,0,,438,1,1,0,0,2,0,0,3,3,0,1,3,,N,,,,,,,,,,,
2006055151,1552.0,2,0,0,0,0,0,0,0,0,4,0,,67,4,2006,5,40.0323,-75.0456,1547.0,6,0,0,0,0,0,0,1,0,,0,0,0,15,1,1,1,,0.0,40 01:56.128,,0,75 02:44.077,4,0,0,0,67301,0,0,0,N,0,0,0,2,67301,1,,1,1,,N,N,,0,,0,0,0,3,2,,1525,1,2,0,0,0,0,0,3,4,0,2,3,,N,,,,,,,,,,,
2006094075,2340.0,2,0,0,0,0,0,0,0,0,1,0,,67,7,2006,7,39.9909,-75.1551,2336.0,6,0,0,0,1,0,0,0,0,,0,0,0,22,3,0,2,,0.0,39 59:27.000,,0,75 09:19.111,9,0,0,0,67301,0,0,0,N,0,0,0,3,67301,0,,1,9,,N,N,,0,,0,0,0,3,2,,2247,0,3,0,0,0,0,1,3,4,1,3,7,,N,,,,,,,,,,,
2006055157,1845.0,3,0,0,0,0,0,0,0,0,4,0,,67,3,2006,7,39.9744,-75.2539,1840.0,6,0,0,0,0,0,0,1,0,,0,0,0,18,3,1,0,,0.0,39 58:27.876,,0,75 15:13.899,8,0,0,0,67301,0,0,0,Y,0,0,0,2,67301,0,,1,9,,N,N,,0,,0,0,0,0,0,,1830,1,3,0,0,0,1,0,3,4,0,3,7,,N,,,,,,,,,,,
2006055187,55.0,2,0,0,0,0,0,0,0,0,2,0,,67,4,2006,1,,,50.0,6,0,0,0,0,0,0,0,0,,0,0,0,23,3,0,0,,0.0,,,0,,9,0,0,0,67301,0,0,0,,0,0,0,1,67301,0,,6,1,,N,,,0,,0,0,0,0,0,,2306,0,2,0,0,0,0,1,3,3,0,2,3,,N,,,,,,,,,,,
2006055302,1659.0,2,0,0,0,0,0,0,0,0,4,0,,67,5,2006,4,40.0523,-75.008,1657.0,6,0,0,0,0,0,0,0,0,,0,0,0,16,1,1,1,,0.0,40 03:08.000,,0,75 00:28.678,8,0,0,0,67301,0,0,0,N,0,0,0,4,67301,0,,1,1,,N,N,,1,,0,0,0,3,2,,1650,1,3,0,0,0,1,1,3,4,0,3,3,,N,,,,,,,,,,,
2006055318,1616.0,2,0,0,0,0,0,0,0,0,2,0,,67,4,2006,3,39.9791,-75.1256,1616.0,6,0,0,0,0,0,1,0,0,,0,0,0,16,1,2,1,,0.0,39 58:44.868,,0,75 07:32.152,4,0,0,0,67301,0,0,0,N,0,0,0,3,67301,2,,1,1,,N,N,,0,,0,0,0,3,3,,1615,2,2,0,0,0,0,0,3,4,0,2,3,,N,,,,,,,,,,,
2006055062,1549.0,2,0,0,0,0,0,0,0,0,1,0,,67,4,2006,1,40.006,-75.1766,1539.0,6,0,0,0,0,0,0,0,0,,0,0,0,15,1,3,1,,0.0,40 00:21.754,,0,75 10:35.816,4,0,0,0,67301,0,0,0,N,0,0,0,3,67301,3,,1,1,,,,,0,,0,0,0,9,2,,1530,3,3,0,0,3,0,0,3,4,1,3,3,,N,,,,,,,,,,,
2006056413,1758.0,1,0,0,0,0,0,0,0,0,1,0,,67,4,2006,3,39.8758,-75.2539,1756.0,6,0,0,0,0,0,2,0,0,,0,0,0,17,1,2,0,,0.0,39 52:33.000,,0,75 15:13.999,4,0,0,0,67301,0,0,0,N,0,0,0,3,67301,2,,1,1,,N,N,,1,,0,0,0,0,0,,1750,2,2,0,0,0,0,0,3,4,0,2,3,,N,,,,,,,,,,,
2006092921,2008.0,3,0,0,0,0,0,0,0,0,4,0,,67,8,2006,2,,,2004.0,6,0,0,0,0,0,0,0,0,,0,0,0,19,1,1,0,,0.0,,,0,,4,0,0,0,67301,0,0,0,N,0,0,0,1,67301,1,,6,1,,N,N,,0,,0,0,0,0,0,,1940,1,3,0,0,0,0,0,3,3,0,3,3,,N,,,,,,,,,,,
2006033426,9999.0,0,0,0,0,0,0,1,0,0,1,0,,67,3,2006,4,40.0141,-75.1576,1607.0,6,0,0,0,0,0,0,0,0,,0,0,0,16,1,1,0,,0.0,40 00:51.000,,0,75 09:27.608,8,0,0,0,67301,1,0,0,,0,0,0,2,67301,0,,6,1,,N,N,,1,,0,0,0,0,0,,1600,1,2,0,0,0,1,0,3,4,0,2,3,,N,,,,,,,,,,,
2006032980,58.0,2,0,0,0,0,0,0,0,0,1,0,,67,2,2006,7,,,56.0,6,0,0,0,0,0,0,0,0,1.0,0,0,0,0,3,4,0,,2.0,,5.0,0,,3,0,0,0,67301,0,0,0,,0,0,0,5,67301,1,,1,1,,N,N,,0,,3,0,0,3,2,Y,50,4,2,0,0,0,0,0,3,3,0,2,3,,N,,,,,,,,,,,
2006035495,1441.0,1,0,0,0,0,0,0,0,0,2,0,,67,2,2006,3,39.9169,-75.216,1431.0,6,0,0,0,0,0,0,0,0,,0,0,0,11,1,1,1,,0.0,39 55:06.240,,0,75 12:31.680,8,0,0,0,67301,0,0,0,N,0,0,0,2,67301,0,,1,1,,N,N,,1,,0,0,0,3,2,,1145,1,2,0,0,0,1,0,3,4,0,2,3,,N,,,,,,,,,,,
2006033080,1702.0,1,0,0,0,0,0,0,0,0,4,0,,67,2,2006,5,40.0082,-75.0726,1654.0,6,0,0,0,0,0,0,0,0,,0,0,0,16,1,1,0,,0.0,40 00:29.000,,7,75 04:21.322,4,0,0,0,67301,0,0,0,N,0,0,0,2,67301,1,,1,1,,N,N,,1,,0,0,0,0,0,,1637,1,2,0,0,0,0,0,3,4,0,2,3,,N,,,,,,,,,,,
2006022790,957.0,1,0,0,1,0,0,0,0,0,3,0,,67,1,2006,5,,,955.0,6,0,0,0,0,0,1,0,0,,0,0,0,9,1,1,0,,0.0,,,0,,4,0,0,0,67301,1,0,0,,0,0,0,2,67504,1,,1,1,,,,,0,,0,0,0,0,0,,953,1,2,0,0,0,0,0,3,3,0,1,3,,N,,,,,,,,,,,
2006053689,2248.0,2,0,0,0,0,0,0,0,0,2,0,,67,4,2006,1,40.0875,-74.9711,2243.0,6,0,0,2,0,0,0,0,0,1.0,0,0,0,22,3,0,1,,1.0,40 05:15.133,5.0,0,74 58:16.083,9,0,0,0,67301,0,0,0,N,0,0,0,5,67301,0,,1,1,,N,N,,0,,0,0,0,3,1,Y,2243,0,2,0,0,0,0,5,3,4,0,2,3,,N,,,,,,,,,,,
2006053695,734.0,2,0,0,0,0,0,0,0,0,5,0,,67,4,2006,4,,,722.0,6,0,0,0,0,1,0,0,0,,0,0,0,7,1,1,2,,0.0,,,0,,4,0,0,0,67301,0,0,0,N,0,0,0,2,67301,1,,1,1,,N,N,,0,,0,0,0,3,3,,719,1,2,0,0,0,0,0,3,3,0,2,3,,N,,,,,,,,,,,
2006053698,740.0,1,0,0,0,0,0,0,0,0,8,0,,67,5,2006,5,40.0655,-75.0024,732.0,6,0,0,0,0,0,0,0,0,,0,0,0,7,1,1,0,,0.0,40 03:55.638,,0,75 00:08.550,4,0,0,0,67301,1,0,0,N,1,0,0,2,67301,1,,1,1,,N,N,,0,,0,0,0,0,0,,725,1,2,0,0,0,0,0,3,4,0,1,3,,N,,,,,,,,,,,
2006019845,1752.0,0,0,0,0,0,0,0,0,0,8,0,,67,1,2006,3,,,1748.0,6,0,0,0,0,0,0,0,0,,0,0,0,17,3,1,1,,0.0,,,0,,8,0,0,0,67301,1,0,0,N,1,0,0,2,67301,0,,1,9,,N,N,,0,,0,0,0,0,0,,1740,1,2,0,0,0,1,0,3,3,1,1,7,,N,,,,,,,,,,,
2006019847,55.0,2,0,0,0,0,0,0,0,0,2,0,,67,1,2006,6,40.1114,-75.0009,50.0,6,0,0,0,0,1,0,0,0,2.0,0,0,0,0,2,1,2,,2.0,40 06:41.000,5.0,0,75 00:03.270,8,0,0,0,67301,0,0,0,N,0,0,0,2,67301,0,,1,9,,N,N,,0,,0,0,0,3,2,Y,50,1,2,0,0,0,1,0,3,4,0,2,3,,N,,,,,,,,,,,
2006080033,945.0,2,0,0,0,0,0,0,0,0,4,0,,67,6,2006,7,40.0403,-75.0789,944.0,6,0,0,0,0,0,1,0,0,,0,0,0,9,1,2,1,,0.0,40 02:25.000,,0,75 04:44.170,4,0,0,0,67301,0,0,0,N,0,0,0,3,67301,2,,1,9,,N,N,,0,,0,0,0,9,2,,935,2,2,0,0,0,0,0,3,4,0,2,7,,N,,,,,,,,,,,
2006062718,1706.0,2,0,0,0,0,0,0,0,0,6,0,,67,5,2006,2,39.9786,-75.1148,1706.0,6,0,0,0,0,0,0,0,0,,0,0,0,99,1,0,0,,0.0,39 58:43.000,,0,75 06:53.720,0,0,0,0,67301,0,0,0,N,0,0,0,1,67301,0,,1,1,,N,N,,0,,0,0,0,9,2,,9999,0,3,0,0,1,0,0,3,4,1,3,3,,N,,,,,,,,,,,
2006055353,1235.0,2,0,0,0,0,0,0,0,0,6,0,,67,3,2006,3,39.9895,-75.1689,1230.0,6,0,0,0,0,1,0,0,1,,0,0,0,12,1,3,1,,0.0,39 59:22.000,,0,75 10:07.914,3,0,0,0,67301,0,0,0,N,0,0,0,3,67301,0,,1,1,,N,N,,0,,3,0,0,3,2,,1230,3,3,0,0,0,0,0,3,4,0,3,3,,N,,,,,,,,,,,
2006055401,1340.0,2,0,0,0,0,0,0,0,0,4,0,,67,3,2006,5,39.9331,-75.2386,1332.0,6,0,0,0,0,0,0,0,0,2.0,0,0,0,12,1,4,0,,2.0,39 55:59.000,6.0,0,75 14:19.061,3,0,0,0,67301,0,0,0,N,0,0,0,4,67301,3,,1,1,,N,N,,0,,1,0,0,0,0,Y,1256,4,2,0,0,0,0,0,3,4,0,2,3,,N,,,,,,,,,,,
2006055457,2140.0,2,0,0,0,0,0,0,0,0,1,0,,67,2,2006,6,40.0478,-75.0316,2136.0,6,0,0,0,0,0,1,0,0,,0,0,0,21,3,2,0,,0.0,40 02:51.000,,0,75 01:54.095,4,0,0,0,67301,0,0,0,N,0,0,0,7,67301,2,,1,1,,N,N,,0,,0,0,1,3,2,,2136,2,3,0,0,0,0,0,3,4,0,3,3,,N,,,,,,,,,,,
2006055468,742.0,1,0,0,0,0,0,0,0,0,8,0,,67,3,2006,6,40.0737,-74.9883,739.0,6,0,0,0,0,0,0,0,0,,0,0,0,7,1,1,0,,0.0,40 04:25.244,,7,74 59:17.937,4,0,0,0,67301,1,0,0,N,1,0,0,2,67301,1,,6,1,,N,N,,0,,0,0,0,0,0,,738,1,2,0,0,0,0,0,3,4,0,1,3,,N,,,,,,,,,,,
2006094575,250.0,1,0,0,0,0,0,0,0,0,8,0,,67,7,2006,3,,,241.0,6,0,0,0,0,0,0,0,0,,0,0,0,14,1,1,1,,0.0,,,0,,8,0,0,0,67301,1,0,0,N,1,0,0,2,67301,0,,1,1,,N,N,,0,,0,0,0,0,0,,1430,1,2,0,0,0,1,0,3,3,0,1,3,5.0,N,,,,,,,,,,,