CRN,ARRIVAL_TM,AUTOMOBILE_COUNT,BELTED_DEATH_COUNT,BELTED_SUSP_SERIOUS_INJ_COUNT,BICYCLE_COUNT,BICYCLE_DEATH_COUNT,BICYCLE_SUSP_SERIOUS_INJ_COUNT,BUS_COUNT,CHLDPAS_DEATH_COUNT,CHLDPAS_SUSP_SERIOUS_INJ_COUNT,COLLISION_TYPE,COMM_VEH_COUNT,CONS_ZONE_SPD_LIM,COUNTY,CRASH_MONTH,CRASH_YEAR,DAY_OF_WEEK,DEC_LAT,DEC_LONG,DISPATCH_TM,DISTRICT,DRIVER_COUNT_16YR,DRIVER_COUNT_17YR,DRIVER_COUNT_18YR,DRIVER_COUNT_19YR,DRIVER_COUNT_20YR,DRIVER_COUNT_50_64YR,DRIVER_COUNT_65_74YR,DRIVER_COUNT_75PLUS,EST_HRS_CLOSED,FATAL_COUNT,HEAVY_TRUCK_COUNT,HORSE_BUGGY_COUNT,HOUR_OF_DAY,ILLUMINATION,INJURY_COUNT,INTERSECT_TYPE,INTERSECTION_RELATED,LANE_CLOSED,LATITUDE,LN_CLOSE_DIR,LOCATION_TYPE,LONGITUDE,MAX_SEVERITY_LEVEL,MCYCLE_DEATH_COUNT,MCYCLE_SUSP_SERIOUS_INJ_COUNT,MOTORCYCLE_COUNT,MUNICIPALITY,NONMOTR_COUNT,NONMOTR_DEATH_COUNT,NONMOTR_SUSP_SERIOUS_INJ_COUNT,NTFY_HIWY_MAINT,PED_COUNT,PED_DEATH_COUNT,PED_SUSP_SERIOUS_INJ_COUNT,PERSON_COUNT,POLICE_AGCY,POSSIBLE_INJ_COUNT,RDWY_SURF_TYPE_CD,RELATION_TO_ROAD,ROAD_CONDITION,ROADWAY_CLEARED,SCH_BUS_IND,SCH_ZONE_IND,SECONDARY_CRASH,SMALL_TRUCK_COUNT,SPEC_JURIS_CD,SUSP_MINOR_INJ_COUNT,SUSP_SERIOUS_INJ_COUNT,SUV_COUNT,TCD_FUNC_CD,TCD_TYPE,TFC_DETOUR_IND,TIME_OF_DAY,TOT_INJ_COUNT,TOTAL_UNITS,UNB_DEATH_COUNT,UNB_SUSP_SERIOUS_INJ_COUNT,UNBELTED_OCC_COUNT,UNK_INJ_DEG_COUNT,UNK_INJ_PER_COUNT,URBAN_AREA,URBAN_RURAL,VAN_COUNT,VEHICLE_COUNT,WEATHER1,WEATHER2,WORK_ZONE_IND,WORK_ZONE_LOC,WORK_ZONE_TYPE,WORKERS_PRES,WZ_CLOSE_DETOUR,WZ_FLAGGER,WZ_LAW_OFFCR_IND,WZ_LN_CLOSURE,WZ_MOVING,WZ_OTHER,WZ_SHLDER_MDN,WZ_WORKERS_INJ_KILLED
2006055555,2300.0,1,0,0,0,0,0,0,0,0,7,0,,67,4,2006,3,,,2251.0,6,0,0,0,0,0,0,0,0,2.0,0,0,0,99,3,0,0,,1.0,,1.0,0,,0,0,0,0,67301,0,0,0,N,0,0,0,1,67301,0,,2,1,,N,N,,0,,0,0,0,0,0,N,9999,0,1,0,0,0,0,0,3,3,0,1,3,,N,,,,,,,,,,,
2006060721,406.0,1,0,0,0,0,0,0,0,0,4,0,,67,4,2006,7,40.0546,-75.125,404.0,6,0,0,0,0,1,0,0,0,1.0,0,0,0,4,3,1,1,,1.0,40 03:16.000,4.0,0,75 07:29.331,8,0,0,0,67301,0,0,0,N,0,0,0,2,46102,0,,1,1,,N,N,,0,,0,0,1,3,2,N,404,1,2,0,0,0,1,0,3,4,0,2,3,,N,,,,,,,,,,,
2006055698,1304.0,1,0,0,0,0,0,0,0,0,1,0,,67,3,2006,7,40.0272,-75.0989,1301.0,6,0,0,0,0,0,0,0,0,,0,0,0,12,1,1,1,,0.0,40 01:39.000,,0,75 05:57.216,8,0,0,0,67301,0,0,0,N,0,0,0,5,67301,0,,1,9,,N,N,,0,,0,0,1,3,2,,1230,1,2,0,0,0,1,1,3,4,0,2,3,,N,,,,,,,,,,,
2006055706,1748.0,1,0,0,1,0,0,0,0,0,4,0,,67,4,2006,2,40.0204,-75.0554,1746.0,6,0,0,0,0,0,0,0,0,,0,0,0,99,1,1,2,,0.0,40 01:13.609,,0,75 03:19.493,3,0,0,0,67301,1,0,0,N,0,0,0,2,67301,0,,1,1,,N,N,,0,,1,0,0,0,0,,9999,1,2,0,0,0,0,0,3,4,0,1,3,,N,,,,,,,,,,,
2006055749,2035.0,2,0,0,0,0,0,0,0,0,5,0,,67,3,2006,6,,,2030.0,6,0,0,0,0,0,0,0,0,,0,0,0,20,3,1,0,,0.0,,,0,,3,0,0,0,67301,0,0,0,N,0,0,0,2,67301,0,,1,1,,N,N,,0,,1,0,0,0,0,,2030,1,2,0,0,0,0,0,3,3,0,2,3,,N,,,,,,,,,,,
2006055773,124.0,2,0,0,0,0,0,0,0,0,1,0,,67,4,2006,3,40.025,-75.029,124.0,6,0,0,0,0,0,0,0,0,1.0,0,0,0,1,3,0,0,,1.0,40 01:28.000,1.0,2,75 01:47.279,0,0,0,0,67301,0,0,0,N,0,0,0,1,67301,0,,2,9,,N,N,,0,,0,0,0,0,0,N,122,0,2,0,0,0,0,0,3,4,0,2,3,,N,,,,,,,,,,,
2006055793,2035.0,2,0,0,0,0,0,0,0,0,5,0,,67,2,2006,2,39.9458,-75.1896,2030.0,6,0,0,0,1,0,0,0,0,1.0,0,0,0,20,3,0,6,,1.0,39 56:45.000,4.0,2,75 11:22.488,0,0,0,0,67301,0,0,0,N,0,0,0,2,67301,0,,1,1,,N,N,,0,,0,0,0,3,4,N,2029,0,2,0,0,0,0,0,3,4,0,2,3,,N,,,,,,,,,,,
2006126844,9999.0,2,0,0,0,0,0,0,0,0,4,0,,67,10,2006,2,40.0224,-75.0782,,6,0,0,0,0,0,0,0,0,,0,0,0,99,3,0,1,,0.0,40 01:20.000,,0,75 04:41.706,9,0,0,0,67301,0,0,0,N,0,0,0,3,67301,0,,1,1,,N,N,,0,,0,0,0,3,2,,9999,0,2,0,0,0,0,1,3,4,0,2,3,,N,,,,,,,,,,,
2006102404,1321.0,0,0,0,0,0,0,0,0,0,8,0,,67,8,2006,5,,,1318.0,6,0,0,0,0,0,0,0,0,,0,0,0,13,1,1,2,,0.0,,,0,,4,0,0,0,67301,1,0,0,N,1,0,0,2,67301,1,,1,1,,N,N,,0,,0,0,1,9,2,,1315,1,2,0,0,0,0,0,3,3,0,1,3,,N,,,,,,,,,,,
2006102415,2156.0,1,0,1,0,0,0,0,0,0,7,0,,67,9,2006,4,40.0814,-74.9762,2141.0,6,0,0,0,0,0,0,0,0,2.0,0,0,0,21,3,1,2,,2.0,40 04:52.000,1.0,0,74 58:34.332,2,0,0,0,67301,0,0,0,,0,0,0,1,67301,0,,4,1,,N,N,,0,,0,1,0,3,2,Y,2141,1,1,0,0,0,0,0,3,4,0,1,3,,N,,,,,,,,,,,
2006104932,1600.0,1,0,0,0,0,0,0,0,0,4,0,,67,8,2006,1,,,1558.0,6,0,0,0,1,0,0,0,0,,0,0,0,15,1,4,1,,0.0,,,0,,2,0,0,0,67301,0,0,0,,0,0,0,5,67301,0,,1,1,,N,N,,0,,0,1,1,3,2,,1555,4,2,0,1,1,3,1,3,3,0,2,3,,N,,,,,,,,,,,
2006104972,2319.0,1,0,0,0,0,0,1,0,0,5,1,,67,8,2006,6,39.979,-75.1599,2317.0,6,0,0,0,0,0,1,0,0,9.0,0,0,0,23,3,1,0,,1.0,39 58:44.000,3.0,0,75 09:35.890,8,0,0,0,67301,0,0,0,N,0,0,0,2,67301,0,,1,1,,N,N,,0,,0,0,0,0,0,N,2301,1,2,0,0,0,1,0,3,4,0,2,3,,N,,,,,,,,,,,
2006102504,1003.0,3,0,0,0,0,0,0,0,0,4,0,,67,9,2006,2,39.9562,-75.2196,1002.0,6,0,0,0,0,1,0,0,0,,0,0,0,10,1,3,1,,0.0,39 57:22.000,,0,75 13:10.503,2,0,0,0,67301,0,0,0,N,0,0,0,3,67301,0,,1,1,,N,N,,2,,0,2,1,3,2,,1001,3,6,0,0,0,1,0,3,4,0,6,3,,N,,,,,,,,,,,
2006102194,1313.0,1,0,0,0,0,0,0,0,0,4,0,,67,9,2006,3,,,1301.0,6,0,0,0,0,0,1,0,0,1.0,0,0,0,13,1,0,1,,1.0,,4.0,0,,0,0,0,0,67301,0,0,0,N,0,0,0,5,67301,0,,1,9,,N,N,,0,,0,0,3,9,3,N,1300,0,4,0,0,0,0,0,3,3,0,4,7,,N,,,,,,,,,,,
2006124604,1350.0,0,0,0,0,0,0,0,0,0,1,0,,67,10,2006,6,39.9858,-75.2157,1346.0,6,0,0,0,0,0,0,0,0,,0,0,0,13,1,0,1,,0.0,39 59:08.000,,0,75 12:56.714,0,0,0,0,67301,0,0,0,N,0,0,0,2,67301,0,,1,9,,N,N,,0,,0,0,1,3,2,,1345,0,2,0,0,0,0,0,3,4,1,2,7,,N,,,,,,,,,,,
2006124612,923.0,2,0,0,0,0,0,0,0,0,2,0,,67,10,2006,2,40.0456,-75.1285,908.0,6,0,0,0,0,0,2,1,0,,0,0,0,9,1,1,1,,0.0,40 02:44.254,,0,75 07:42.459,8,0,0,0,67301,0,0,0,N,0,0,0,3,67301,0,,1,1,,N,N,,0,,0,0,1,3,2,,908,1,3,0,0,0,1,0,3,4,0,3,3,,N,,,,,,,,,,,
2006120090,1608.0,1,0,0,0,0,0,0,0,0,8,0,,67,11,2006,5,39.997,-75.2353,9999.0,6,0,0,0,0,0,0,0,0,1.0,0,0,0,16,3,1,1,,1.0,39 59:49.000,2.0,0,75 14:07.354,8,0,0,0,67301,1,0,0,N,1,0,0,2,46104,0,,1,9,,N,N,,0,,0,0,0,3,2,N,1607,1,2,0,0,0,1,1,3,4,0,1,7,,N,,,,,,,,,,,
2006124910,1605.0,1,0,0,0,0,0,0,0,0,7,0,,67,10,2006,1,40.0276,-75.1914,1559.0,6,0,0,0,1,0,0,0,0,,0,0,0,15,1,1,0,,0.0,40 01:39.371,,0,75 11:29.087,4,0,0,0,67301,0,0,0,N,0,0,0,3,67301,1,,5,1,,N,N,,0,,0,0,0,0,0,,1555,1,1,0,0,0,0,0,3,4,0,1,3,,N,,,,,,,,,,,
2006124919,1535.0,1,0,0,0,0,0,0,0,0,8,0,,67,10,2006,6,39.987,-75.1275,1530.0,6,0,0,0,0,0,0,0,1,,0,0,0,15,1,1,0,,0.0,39 59:13.315,,0,75 07:39.000,3,0,0,0,67301,1,0,0,N,1,0,0,2,67301,0,,1,1,,N,N,,0,,1,0,0,0,0,,1520,1,2,0,0,0,0,0,3,4,0,1,3,,N,,,,,,,,,,,
2006124743,106.0,2,0,0,0,0,0,0,0,0,4,0,,67,9,2006,1,40.0395,-75.0334,104.0,6,0,0,0,0,0,0,0,0,4.0,0,0,0,1,3,0,1,,1.0,40 02:22.000,1.0,0,75 02:00.242,0,0,0,0,67301,0,0,0,N,0,0,0,2,67301,0,,1,1,,N,N,,0,,0,0,0,3,2,N,104,0,2,0,0,1,0,0,3,4,0,2,3,,N,,,,,,,,,,,
2006054757,1132.0,1,0,0,0,0,0,0,0,0,1,1,99.0,67,1,2006,3,39.9666,-75.1604,1128.0,6,0,0,0,0,0,0,1,0,,0,1,0,11,1,0,1,,0.0,39 58:00.000,,0,75 09:38.089,0,0,0,0,67301,0,0,0,N,0,0,0,3,67301,0,,1,9,,N,N,,0,,0,0,0,9,2,,1115,0,2,0,0,0,0,0,3,4,0,2,7,,Y,8.0,8.0,U,,,U,,,,,
2006054764,1440.0,0,0,0,0,0,0,0,0,0,1,0,,67,4,2006,5,39.9536,-75.1984,1436.0,6,0,0,0,0,0,0,0,0,,0,0,0,14,1,2,0,,0.0,39 57:13.000,,0,75 11:54.217,8,0,0,0,67301,0,0,0,N,0,0,0,4,67504,0,,1,1,,N,N,,0,,0,0,2,0,0,,1432,2,2,0,0,0,2,0,3,4,0,2,3,,N,,,,,,,,,,,
2006093868,2015.0,1,0,0,0,0,0,0,0,0,8,0,,67,7,2006,4,39.9277,-75.1717,2000.0,6,0,0,0,0,0,0,0,0,1.0,0,0,0,20,1,1,0,,2.0,39 55:39.856,2.0,0,75 10:18.296,8,0,0,0,67301,1,0,0,,1,0,0,2,67301,0,,1,1,,,,,0,,0,0,0,0,0,Y,2000,1,2,0,0,1,1,0,3,4,0,1,3,,N,,,,,,,,,,,
2006093873,2315.0,2,0,0,0,0,0,0,0,0,2,0,,67,7,2006,5,40.0368,-75.0407,2315.0,6,1,1,0,0,0,0,0,0,1.0,0,0,0,23,3,1,5,,1.0,40 02:12.000,1.0,0,75 02:27.049,4,0,0,0,67301,0,0,0,N,0,0,0,3,67301,1,,1,1,,N,N,,0,,0,0,0,3,2,N,2310,1,2,0,0,0,0,0,3,4,0,2,3,,N,,,,,,,,,,,
2006062474,2217.0,1,0,0,0,0,0,0,0,0,8,0,,67,4,2006,6,40.01,-75.1665,2217.0,6,0,0,0,0,0,0,1,0,,0,0,0,22,3,1,0,,0.0,40 00:36.000,,0,75 10:00.272,8,0,0,0,67301,1,0,0,N,1,0,0,2,67301,0,,1,1,,N,N,,0,,0,0,0,0,0,,2217,1,2,0,0,0,1,0,3,4,0,1,3,,N,,,,,,,,,,,
2006056172,1907.0,2,0,0,0,0,0,0,0,0,4,0,,67,3,2006,5,39.926,-75.2249,1907.0,6,0,0,0,0,0,0,0,0,,0,0,0,19,4,0,0,,0.0,39 55:33.000,,0,75 13:30.067,0,0,0,0,67301,0,0,0,N,0,0,0,3,67301,0,,1,1,,N,N,,0,,0,0,0,0,0,,1900,0,2,0,0,0,0,0,3,4,0,2,3,,N,,,,,,,,,,,
2006036278,1215.0,2,0,0,0,0,0,0,0,0,4,0,,67,3,2006,3,,,1214.0,6,0,0,0,0,0,1,0,0,,0,0,0,12,1,1,1,,0.0,,,0,,4,0,0,0,67301,0,0,0,N,0,0,0,3,67301,1,,1,1,,N,N,,0,,0,0,0,3,2,,1212,1,2,0,0,0,0,2,3,3,0,2,3,,N,,,,,,,,,,,
2006037989,1750.0,2,0,0,0,0,0,0,0,0,6,0,,67,2,2006,5,40.0283,-75.1408,1745.0,6,0,0,0,0,0,0,0,0,,0,0,0,17,4,1,2,,0.0,40 01:41.966,,0,75 08:26.725,4,0,0,0,67301,0,0,0,,0,0,0,2,67301,1,,1,1,,,,,0,,0,0,0,9,3,,1745,1,2,0,0,0,0,0,3,4,0,2,3,,N,,,,,,,,,,,
2006033413,1026.0,1,0,0,0,0,0,0,0,0,8,0,,67,1,2006,3,39.9851,-75.2474,959.0,6,0,0,0,0,0,0,0,0,,0,0,0,8,1,1,1,,0.0,39 59:06.000,,0,75 14:51.395,4,0,0,0,67301,1,0,0,,1,0,0,2,67301,1,,1,9,,N,N,,0,,0,0,0,9,2,,810,1,2,0,0,0,0,0,3,4,0,1,7,,N,,,,,,,,,,,
2006033425,615.0,1,0,0,0,0,0,0,0,0,8,0,,67,2,2006,4,,,345.0,6,0,0,0,0,0,0,0,0,,0,0,0,99,8,1,1,,0.0,,,0,,8,0,0,0,67301,1,0,0,,1,0,0,2,67301,0,,1,1,,N,N,,0,,0,0,0,0,0,,9999,1,2,0,0,0,1,1,3,3,0,1,3,,N,,,,,,,,,,,
2006035650,2130.0,2,0,0,0,0,0,0,0,0,4,0,,67,2,2006,7,39.9172,-75.2463,2103.0,6,0,0,0,0,0,0,0,0,,0,0,0,21,3,1,1,,0.0,39 55:01.000,,0,75 14:46.549,8,0,0,0,67301,0,0,0,N,0,0,0,2,67301,0,,1,7,,N,N,,0,,0,0,0,3,2,,2100,1,2,0,0,0,1,0,3,4,0,2,10,,N,,,,,,,,,,,
2006035685,53.0,2,0,0,0,0,0,0,0,0,6,0,,67,3,2006,7,40.0026,-75.1244,45.0,6,0,0,0,0,0,0,0,0,,0,0,0,0,3,0,1,,0.0,40 00:09.000,,0,75 07:28.048,0,0,0,0,67301,0,0,0,N,0,0,0,5,67301,0,,1,1,,N,N,,1,,0,0,0,9,2,,40,0,3,0,0,0,0,0,3,4,0,3,3,,N,,,,,,,,,,,
2006033086,108.0,3,0,0,0,0,0,0,0,0,6,0,,67,1,2006,7,40.0563,-75.1556,105.0,6,0,0,0,0,0,0,0,0,,0,0,0,1,3,1,0,,0.0,40 03:22.575,,0,75 09:20.232,4,0,0,0,67301,0,0,0,N,0,0,0,1,67301,1,,1,1,,N,N,,0,,0,0,0,0,0,,100,1,3,0,0,0,0,0,3,4,0,3,3,,N,,,,,,,,,,,
2006038762,1658.0,2,0,0,0,0,0,0,0,0,4,0,,67,2,2006,7,40.0105,-75.1608,1656.0,6,0,0,0,0,0,0,0,1,,0,0,0,16,1,1,1,,0.0,40 00:37.000,,0,75 09:39.407,8,0,0,0,67301,0,0,0,,0,0,0,2,67301,0,,1,1,,N,N,,0,,0,0,0,9,3,,1655,1,2,0,0,0,1,1,3,4,0,2,3,,N,,,,,,,,,,,
2006019851,106.0,2,0,0,0,0,0,0,0,0,5,0,,67,1,2006,1,39.9623,-75.1613,1350.0,6,0,0,1,0,0,0,0,0,,0,0,0,99,1,0,1,,0.0,39 57:44.000,,0,75 09:40.892,9,0,0,0,67301,0,0,0,,0,0,0,2,67301,0,,1,1,,N,N,,0,,0,0,0,9,2,,9999,0,2,0,0,0,0,1,3,4,0,2,3,,N,,,,,,,,,,,
2006080018,1850.0,1,0,0,0,0,0,0,0,0,6,0,,67,6,2006,4,39.9636,-75.2349,1847.0,6,0,0,0,0,0,0,0,0,,0,0,0,18,1,1,1,,0.0,39 57:49.082,,0,75 14:05.485,4,0,0,0,67301,0,0,0,N,0,0,0,2,67301,1,,1,9,,N,N,,0,,0,0,0,9,3,,1847,1,2,0,0,0,0,0,3,4,0,2,7,,N,,,,,,,,,,,
2006080073,1350.0,1,0,0,0,0,0,0,0,0,7,0,,67,7,2006,5,40.0515,-75.0091,1340.0,6,0,0,0,0,0,0,0,0,,0,0,0,13,1,0,1,,0.0,40 03:05.231,,0,75 00:32.643,9,0,0,0,67301,0,0,0,,0,0,0,1,67301,0,,9,98,,N,N,,0,,0,0,0,3,2,,1330,0,1,0,0,0,0,1,3,4,0,1,3,,N,,,,,,,,,,,
2006065408,837.0,2,0,0,0,0,0,0,0,0,1,0,,67,5,2006,3,39.9555,-75.1882,833.0,6,0,0,0,0,0,0,0,0,,0,0,0,8,1,1,2,,0.0,39 57:20.160,,0,75 11:17.520,8,0,0,0,67301,0,0,0,N,0,0,0,2,67301,0,,1,1,,N,N,,0,,0,0,0,3,2,,825,1,2,0,0,0,1,1,3,4,0,2,3,,N,,,,,,,,,,,
2006065562,335.0,1,0,0,0,0,0,0,0,0,7,0,,67,5,2006,1,39.8988,-75.1715,335.0,6,0,0,0,0,0,0,0,0,1.0,0,0,0,3,3,3,0,,1.0,39 53:55.000,2.0,0,75 10:15.820,3,0,0,0,67301,0,0,0,N,0,0,0,3,67301,0,,2,1,,N,N,,0,,3,0,0,0,0,Y,333,3,1,0,0,2,0,0,3,4,0,1,3,,N,,,,,,,,,,,
2006055417,28.0,1,0,0,0,0,0,0,0,0,7,0,,67,4,2006,3,40.045,-75.1867,26.0,6,0,0,1,0,0,0,0,0,,0,0,0,0,3,3,1,,0.0,40 02:42.021,,0,75 11:12.148,8,0,0,0,67301,0,0,0,N,0,0,0,3,67301,0,,4,1,,N,N,,0,,0,0,0,3,3,,24,3,1,0,0,0,3,0,3,4,0,1,3,,N,,,,,,,,,,,
2006055575,1250.0,2,0,0,0,0,0,1,0,0,1,1,,67,4,2006,6,40.0063,-75.1939,1246.0,6,0,0,0,0,0,1,1,0,,0,0,0,12,1,1,10,,0.0,40 00:22.000,,0,75 11:37.938,8,0,0,0,67301,0,0,0,N,0,0,0,3,67301,0,,1,1,,Y,N,,0,,0,0,0,0,0,,1245,1,3,0,0,0,1,0,3,4,0,3,3,,N,,,,,,,,,,,
2006055666,1547.0,1,0,0,0,0,0,0,0,0,8,0,,67,2,2006,6,,,1545.0,6,0,0,0,0,0,0,0,0,,0,0,0,15,1,1,0,,0.0,,,0,,4,0,0,0,67301,1,0,0,N,1,0,0,2,67301,1,,1,1,,N,N,,0,,0,0,0,0,0,,1545,1,2,0,0,0,0,0,3,3,0,1,3,,N,,,,,,,,,,,
2006055691,1623.0,0,0,0,0,0,0,0,0,0,2,0,,67,3,2006,2,40.0228,-75.0421,1618.0,6,0,0,0,0,0,0,0,0,,0,0,0,16,1,1,0,,0.0,40 01:22.136,,0,75 02:31.729,4,0,0,0,67301,1,0,0,N,1,0,0,2,67301,1,,1,1,,N,N,,0,,0,0,1,0,0,,1617,1,2,0,0,0,0,0,3,4,0,1,3,,N,,,,,,,,,,,
2006055629,9999.0,1,0,0,0,0,0,0,0,0,8,0,,67,3,2006,3,,,9999.0,6,0,0,0,0,0,1,0,0,,0,0,0,20,3,1,0,,0.0,,,0,,4,0,0,0,67301,1,0,0,N,1,0,0,2,67301,1,,1,1,,N,N,,0,,0,0,0,0,0,,2010,1,2,0,0,0,0,0,3,3,0,1,3,,N,,,,,,,,,,,
2006055656,655.0,1,0,0,0,0,0,0,0,0,2,0,,67,4,2006,2,40.046,-74.9945,652.0,6,0,0,0,0,0,1,0,0,,0,0,0,6,1,2,0,,0.0,40 02:45.516,,0,74 59:40.307,4,0,0,0,67301,0,0,0,N,0,0,0,2,67301,2,,1,1,,N,N,,1,,0,0,0,0,0,,650,2,2,0,0,0,0,0,3,4,0,2,3,,N,,,,,,,,,,,
2006124912,1927.0,1,0,0,0,0,0,0,0,0,4,0,,67,9,2006,6,39.9997,-75.099,1920.0,6,0,0,0,0,0,1,0,0,,0,0,0,19,3,1,1,,0.0,39 59:58.000,,0,75 05:56.259,3,0,0,1,67301,0,0,0,N,0,0,0,2,67301,0,,1,1,,N,N,,0,,1,0,0,3,2,,1912,1,2,0,0,0,0,0,3,4,0,2,3,,N,,,,,,,,,,,
2006124732,249.0,1,0,0,0,0,0,0,0,0,0,0,,67,11,2006,1,39.9591,-75.1716,245.0,6,0,0,0,0,0,0,0,0,2.0,0,0,0,2,3,0,0,,1.0,39 57:32.000,4.0,1,75 10:19.082,0,0,0,0,67301,0,0,0,,0,0,0,0,67301,0,,1,1,,N,N,,0,,0,0,0,0,0,N,240,0,1,0,0,0,0,0,3,4,0,1,3,,N,,,,,,,,,,,
2006062415,1120.0,1,0,0,0,0,0,0,0,0,4,1,,67,5,2006,6,39.9065,-75.1496,1111.0,6,0,0,0,0,0,2,0,0,1.0,0,1,0,11,1,1,0,,1.0,39 54:25.000,1.0,0,75 08:58.381,4,0,0,0,67301,0,0,0,N,0,0,0,2,67301,1,,1,1,,N,N,,0,,0,0,0,0,0,N,1105,1,2,0,0,0,0,0,3,4,0,2,3,,N,,,,,,,,,,,
2006062382,1612.0,0,0,0,0,0,0,1,0,0,6,1,,67,5,2006,1,40.0146,-75.1567,1611.0,6,0,0,0,0,0,0,0,0,,0,0,0,16,1,1,1,,0.0,40 00:52.000,,0,75 09:24.112,4,0,0,0,67301,0,0,0,N,0,0,0,3,67301,1,,1,1,,N,N,,0,,0,0,0,0,0,,1611,1,2,0,0,0,0,0,3,4,1,2,3,5.0,N,,,,,,,,,,,
2006062444,1027.0,1,0,0,0,0,0,0,0,0,4,0,,67,5,2006,2,40.0473,-75.1291,1020.0,6,0,0,0,0,1,0,0,0,,0,0,0,10,1,1,1,,0.0,40 02:50.204,,0,75 07:44.921,4,0,0,0,67301,0,0,0,N,0,0,0,2,67301,1,,1,1,,N,N,,0,,0,0,0,0,0,,1020,1,2,0,0,0,0,0,3,4,1,2,3,,N,,,,,,,,,,,
2006055175,1805.0,1,0,0,0,0,0,0,0,0,4,0,,67,4,2006,6,40.0666,-75.0613,1756.0,6,0,0,0,0,0,0,0,0,,0,0,0,17,1,1,1,,0.0,40 03:59.583,,0,75 03:40.564,8,0,0,0,67301,0,0,0,N,0,0,0,2,67301,0,,1,1,,N,N,,0,,0,0,0,9,3,,1753,1,2,0,0,0,1,0,3,4,1,2,3,,N,,,,,,,,,,,
2006094189,1105.0,0,0,0,0,0,0,0,0,0,8,0,,67,7,2006,4,,,1105.0,6,0,0,0,0,0,0,0,0,,0,0,0,11,1,1,0,,0.0,,,0,,4,0,0,0,67301,1,0,0,N,1,0,0,2,67301,1,,1,1,,N,N,,1,,0,0,0,3,2,,1100,1,2,0,0,0,0,0,3,3,0,1,3,,N,,,,,,,,,,,
2006094199,320.0,2,0,0,0,0,0,0,0,0,1,0,,67,7,2006,3,39.923,-75.2313,313.0,6,0,0,0,0,0,0,0,0,,0,0,0,2,3,3,1,,0.0,39 55:22.000,,0,75 13:52.957,8,0,0,0,67301,3,0,0,N,0,0,0,4,67301,0,,1,1,,N,N,,0,,0,0,0,0,0,,250,3,2,0,0,0,3,1,3,4,0,2,3,,N,,,,,,,,,,,
2006055250,1903.0,1,0,0,0,0,0,0,0,0,8,0,,67,4,2006,1,40.0243,-75.1198,1859.0,6,0,0,0,0,0,0,0,0,,0,0,0,18,1,1,0,,0.0,40 01:27.508,,0,75 07:11.301,2,0,0,0,67301,1,0,1,N,1,0,1,2,67301,0,,1,1,,N,N,,0,,0,1,0,3,3,,1810,1,2,0,0,0,0,0,3,4,0,1,3,,N,,,,,,,,,,,
2006055271,2221.0,1,0,0,0,0,0,0,0,0,7,0,,67,3,2006,3,39.9985,-75.1293,2219.0,6,0,0,0,0,0,0,0,0,,0,0,0,22,3,2,1,,0.0,39 59:54.000,,0,75 07:45.319,4,0,0,0,67301,0,0,0,N,0,0,0,2,67301,2,,2,1,,N,N,,0,,0,0,0,3,2,,2208,2,1,0,0,0,0,0,3,4,0,1,3,,N,,,,,,,,,,,
2006094379,1045.0,2,0,0,0,0,0,0,0,0,4,0,,67,8,2006,3,,,1045.0,6,0,0,0,0,0,0,0,0,,0,0,0,10,1,1,2,,0.0,,,0,,8,0,0,0,67301,0,0,0,N,0,0,0,5,67301,0,,1,1,,N,N,,0,,0,0,0,3,3,,1040,1,2,0,0,4,1,1,3,3,0,2,3,,N,,,,,,,,,,,
2006126176,1103.0,1,0,0,0,0,0,0,0,0,6,0,,67,9,2006,1,39.9263,-75.1845,1100.0,6,0,0,0,0,0,1,0,0,,0,0,0,11,1,1,1,,0.0,39 55:34.000,,0,75 11:04.122,8,0,0,0,67301,0,0,0,N,0,0,0,2,67301,0,,1,9,,N,N,,0,,0,0,0,3,2,,1100,1,2,0,0,0,1,1,3,4,1,2,7,,N,,,,,,,,,,,
2006056430,826.0,1,0,0,0,0,0,0,0,0,8,0,,67,3,2006,5,,,823.0,6,0,0,0,0,0,0,0,0,,0,0,0,99,3,1,0,,0.0,,,0,,4,0,0,0,67301,1,0,0,N,1,0,0,2,67301,1,,1,1,,N,N,,0,,0,0,0,0,0,,9999,1,2,0,0,0,0,0,3,3,0,1,3,,N,,,,,,,,,,,
2006056436,1840.0,1,0,0,0,0,0,0,0,0,1,0,,67,4,2006,4,39.9867,-75.2083,1833.0,6,0,0,0,0,0,0,0,0,,0,0,0,18,1,2,1,,0.0,39 59:11.000,,0,75 12:29.789,8,0,0,0,67301,0,0,0,N,0,0,0,3,67301,0,,1,1,,N,N,,0,,0,0,1,0,0,,1833,2,2,0,0,0,2,0,3,4,0,2,3,,N,,,,,,,,,,,
2006054017,202.0,1,0,0,0,0,0,0,0,0,7,0,,67,4,2006,1,39.9602,-75.1407,151.0,6,0,0,0,0,0,0,0,0,1.0,0,0,0,1,3,0,0,,1.0,39 57:28.000,1.0,0,75 08:28.615,0,0,0,0,67301,0,0,0,Y,0,0,0,1,67301,0,,2,9,,N,N,,0,,0,0,0,0,0,N,146,0,1,0,0,1,0,0,3,4,0,1,7,,N,,,,,,,,,,,