CRN,ARRIVAL_TM,AUTOMOBILE_COUNT,BELTED_DEATH_COUNT,BELTED_SUSP_SERIOUS_INJ_COUNT,BICYCLE_COUNT,BICYCLE_DEATH_COUNT,BICYCLE_SUSP_SERIOUS_INJ_COUNT,BUS_COUNT,CHLDPAS_DEATH_COUNT,CHLDPAS_SUSP_SERIOUS_INJ_COUNT,COLLISION_TYPE,COMM_VEH_COUNT,CONS_ZONE_SPD_LIM,COUNTY,CRASH_MONTH,CRASH_YEAR,DAY_OF_WEEK,DEC_LAT,DEC_LONG,DISPATCH_TM,DISTRICT,DRIVER_COUNT_16YR,DRIVER_COUNT_17YR,DRIVER_COUNT_18YR,DRIVER_COUNT_19YR,DRIVER_COUNT_20YR,DRIVER_COUNT_50_64YR,DRIVER_COUNT_65_74YR,DRIVER_COUNT_75PLUS,EST_HRS_CLOSED,FATAL_COUNT,HEAVY_TRUCK_COUNT,HORSE_BUGGY_COUNT,HOUR_OF_DAY,ILLUMINATION,INJURY_COUNT,INTERSECT_TYPE,INTERSECTION_RELATED,LANE_CLOSED,LATITUDE,LN_CLOSE_DIR,LOCATION_TYPE,LONGITUDE,MAX_SEVERITY_LEVEL,MCYCLE_DEATH_COUNT,MCYCLE_SUSP_SERIOUS_INJ_COUNT,MOTORCYCLE_COUNT,MUNICIPALITY,NONMOTR_COUNT,NONMOTR_DEATH_COUNT,NONMOTR_SUSP_SERIOUS_INJ_COUNT,NTFY_HIWY_MAINT,PED_COUNT,PED_DEATH_COUNT,PED_SUSP_SERIOUS_INJ_COUNT,PERSON_COUNT,POLICE_AGCY,POSSIBLE_INJ_COUNT,RDWY_SURF_TYPE_CD,RELATION_TO_ROAD,ROAD_CONDITION,ROADWAY_CLEARED,SCH_BUS_IND,SCH_ZONE_IND,SECONDARY_CRASH,SMALL_TRUCK_COUNT,SPEC_JURIS_CD,SUSP_MINOR_INJ_COUNT,SUSP_SERIOUS_INJ_COUNT,SUV_COUNT,TCD_FUNC_CD,TCD_TYPE,TFC_DETOUR_IND,TIME_OF_DAY,TOT_INJ_COUNT,TOTAL_UNITS,UNB_DEATH_COUNT,UNB_SUSP_SERIOUS_INJ_COUNT,UNBELTED_OCC_COUNT,UNK_INJ_DEG_COUNT,UNK_INJ_PER_COUNT,URBAN_AREA,URBAN_RURAL,VAN_COUNT,VEHICLE_COUNT,WEATHER1,WEATHER2,WORK_ZONE_IND,WORK_ZONE_LOC,WORK_ZONE_TYPE,WORKERS_PRES,WZ_CLOSE_DETOUR,WZ_FLAGGER,WZ_LAW_OFFCR_IND,WZ_LN_CLOSURE,WZ_MOVING,WZ_OTHER,WZ_SHLDER_MDN,WZ_WORKERS_INJ_KILLED
2006033795,1845.0,1,0,0,0,0,0,0,0,0,1,0,,67,1,2006,1,39.9703,-75.1928,1833.0,6,0,0,0,0,0,1,0,0,1.0,0,0,0,18,3,2,0,,1.0,39 58:17.000,4.0,0,75 11:35.853,8,0,0,0,67301,0,0,0,,0,0,0,4,67301,0,,1,9,,N,N,,0,,0,0,1,0,0,N,1830,2,2,0,0,0,2,0,3,4,0,2,3,,N,,,,,,,,,,,
2006033804,449.0,1,0,0,0,0,0,0,0,0,7,0,,67,2,2006,6,39.9014,-75.2393,445.0,6,0,0,0,0,0,0,0,0,,0,0,0,4,3,0,2,,0.0,39 54:04.000,,0,75 14:22.188,0,0,0,0,67301,0,0,0,,0,0,0,2,67301,0,,2,1,,N,N,,0,,0,0,0,0,0,,445,0,1,0,0,0,0,0,3,4,0,1,3,,N,,,,,,,,,,,
2006036479,2105.0,2,0,0,0,0,0,0,0,0,1,0,,67,3,2006,1,40.0206,-75.1627,2100.0,6,0,0,0,0,0,0,0,0,,0,0,0,20,3,2,0,,0.0,40 01:14.146,,0,75 09:45.793,4,0,0,0,67301,0,0,0,N,0,0,0,5,67301,2,,1,1,,N,N,,0,,0,0,0,0,0,,2030,2,2,0,0,0,0,0,3,4,0,2,3,,N,,,,,,,,,,,
2006036594,2129.0,1,0,0,0,0,0,0,0,0,8,0,,67,2,2006,6,39.9852,-75.1112,2125.0,6,0,0,0,0,0,0,0,0,,0,0,0,21,3,1,0,,0.0,39 59:06.611,,0,75 06:40.259,4,0,0,0,67301,1,0,0,,1,0,0,2,67301,1,,1,1,,N,N,,0,,0,0,0,0,0,,2120,1,2,0,0,0,0,0,3,4,0,1,3,,N,,,,,,,,,,,
2006034196,1816.0,2,0,0,0,0,0,0,0,0,5,0,,67,1,2006,3,40.0854,-75.0469,1813.0,6,0,0,0,0,0,0,1,0,,0,0,0,18,3,1,0,,0.0,40 05:07.519,,0,75 02:48.750,3,0,0,0,67301,0,0,0,N,0,0,0,3,67301,0,,1,1,,N,N,,0,,1,0,0,0,0,,1810,1,2,0,0,1,0,0,3,4,0,2,3,,N,,,,,,,,,,,
2006036643,554.0,1,0,0,0,0,0,0,0,0,8,0,,67,2,2006,7,,,550.0,6,0,0,0,0,0,0,0,0,,0,0,0,5,3,1,1,,0.0,,,0,,4,0,0,0,67301,1,0,0,N,1,0,0,2,67301,1,,1,9,,N,N,,0,,0,0,0,3,2,,550,1,2,0,0,0,0,0,3,3,0,1,7,,N,,,,,,,,,,,
2006036646,2129.0,1,0,0,1,0,0,0,0,0,4,0,,67,2,2006,4,,,2121.0,6,0,0,0,0,0,0,0,0,,0,0,0,21,3,1,2,,0.0,,,0,,4,0,0,0,67301,1,0,0,N,0,0,0,2,67301,1,,1,1,,N,N,,0,,0,0,0,0,0,,2110,1,2,0,0,0,0,0,3,3,0,1,3,,N,,,,,,,,,,,
2006036658,1100.0,0,0,0,0,0,0,0,0,0,7,0,,67,3,2006,3,,,1100.0,6,0,0,0,1,0,0,0,0,,0,0,0,10,1,1,1,,0.0,,,0,,3,0,0,0,67301,0,0,0,N,0,0,0,2,67301,0,,5,1,,N,N,,0,,1,0,0,9,2,,1050,1,2,0,0,0,0,0,3,3,1,1,3,,N,,,,,,,,,,,
2006034204,1811.0,3,0,0,0,0,0,0,0,0,1,0,,67,2,2006,7,39.9107,-75.2309,1804.0,6,0,0,0,0,0,0,0,0,,0,0,0,18,3,1,0,,0.0,39 54:38.466,,0,75 13:51.193,4,0,0,0,67301,0,0,0,,0,0,0,6,67301,1,,1,1,,N,N,,0,,0,0,0,0,0,,1801,1,3,0,0,0,0,2,3,4,0,3,3,,N,,,,,,,,,,,
2006112657,1841.0,2,0,0,0,0,0,0,0,0,4,0,,67,10,2006,2,40.079,-75.0252,1840.0,6,0,0,0,0,1,0,0,0,1.0,0,0,0,18,1,2,2,,1.0,40 04:44.000,2.0,0,75 01:30.352,4,0,0,0,67301,0,0,0,,0,0,0,2,67301,2,,1,1,,,,,0,,0,0,0,3,2,N,1837,2,2,0,0,0,0,0,3,4,0,2,3,,N,,,,,,,,,,,
2006124777,9999.0,1,0,0,0,0,0,0,0,0,4,0,,67,11,2006,1,39.9566,-75.166,,6,0,0,0,0,0,1,0,0,,0,0,0,99,1,2,2,,0.0,39 57:23.890,,0,75 09:57.538,3,0,0,0,67301,0,0,0,N,0,0,0,3,67301,0,,1,1,,N,N,,1,,2,0,0,3,2,,9999,2,2,0,0,0,0,0,3,4,0,2,3,,N,,,,,,,,,,,
2006113866,926.0,2,0,0,0,0,0,0,0,0,4,0,,67,10,2006,2,40.0278,-75.1761,921.0,6,0,0,0,0,0,2,0,0,,0,0,0,9,1,2,1,,0.0,40 01:40.105,,0,75 10:33.790,8,0,0,0,67301,0,0,0,N,0,0,0,2,67301,0,,1,1,,N,N,,0,,0,0,0,9,3,,921,2,2,0,0,1,2,0,3,4,0,2,3,,N,,,,,,,,,,,
2006062215,1552.0,0,0,0,0,0,0,0,0,0,1,0,,67,5,2006,1,40.0825,-75.0405,1550.0,6,0,0,1,0,0,0,0,0,,0,0,0,99,1,2,2,,0.0,40 04:57.000,,0,75 02:26.286,4,0,0,0,67301,0,0,0,N,0,0,0,3,67301,2,,1,1,,N,N,,0,,0,0,0,3,2,,9999,2,2,0,0,0,0,0,3,4,2,2,3,,N,,,,,,,,,,,
2006062273,2140.0,2,0,0,0,0,0,0,0,0,5,0,,67,5,2006,2,,,2132.0,6,0,0,1,0,0,0,0,0,,0,0,0,21,3,1,0,,0.0,,,0,,8,0,0,0,67301,0,0,0,N,0,0,0,2,67301,0,,6,1,,N,N,,0,,0,0,0,0,0,,2105,1,2,0,0,2,1,0,3,3,0,2,3,,N,,,,,,,,,,,
2006062421,1430.0,2,0,0,0,0,0,0,0,0,1,0,,67,5,2006,3,39.9947,-75.1118,425.0,6,0,0,0,0,0,0,0,0,,0,0,0,13,1,2,0,,0.0,39 59:40.000,,0,75 06:42.605,8,0,0,0,67301,0,0,0,,0,0,0,3,67301,0,,1,1,,,,,0,,0,0,0,0,0,,1340,2,2,0,0,0,2,1,3,4,0,2,3,,N,,,,,,,,,,,
2006062430,1320.0,1,0,0,0,0,0,1,0,0,1,0,,67,5,2006,2,40.0013,-75.2151,1313.0,6,0,0,0,0,0,1,0,0,,0,0,0,13,1,3,0,,0.0,40 00:04.825,,0,75 12:54.289,8,0,0,0,67301,0,0,0,N,0,0,0,3,67301,0,,1,1,,N,N,,0,,0,0,0,0,0,,1305,3,2,0,0,0,3,0,3,4,0,2,3,,N,,,,,,,,,,,
2006062386,1845.0,1,0,1,0,0,0,0,0,0,1,0,,67,4,2006,7,40.0256,-75.0723,1845.0,6,0,0,0,0,0,0,0,0,,0,1,0,18,4,3,0,,0.0,40 01:31.000,,0,75 04:20.112,2,0,0,0,67301,0,0,0,N,0,0,0,4,67301,0,,1,9,,N,N,,0,,1,2,0,0,0,,1844,3,2,0,0,0,0,1,3,4,0,2,7,,N,,,,,,,,,,,
2006062391,1135.0,2,0,0,0,0,0,0,0,0,6,0,,67,3,2006,6,40.054,-75.0489,1126.0,6,0,0,0,0,0,0,0,1,,0,0,0,11,1,2,1,,0.0,40 03:14.000,,0,75 02:56.032,8,0,0,0,67301,0,0,0,N,0,0,0,4,67301,0,,1,1,,N,N,,0,,0,0,0,3,2,,1124,2,2,0,0,0,2,0,3,4,0,2,3,,N,,,,,,,,,,,
2006093865,1920.0,0,0,0,0,0,0,0,0,0,1,0,,67,7,2006,2,39.9746,-75.1995,1925.0,6,0,0,0,0,0,0,0,0,,0,0,0,99,1,1,1,,0.0,39 58:28.000,,0,75 11:57.416,8,0,0,0,67301,0,0,0,N,0,0,0,2,67301,0,,1,1,,N,N,,0,,0,0,2,9,2,,9999,1,2,0,0,0,1,0,3,4,0,2,3,,N,,,,,,,,,,,
2006054937,153.0,2,0,0,0,0,0,0,0,0,4,0,,67,2,2006,7,40.0512,-75.0661,153.0,6,0,0,0,1,0,0,0,0,,0,0,0,99,3,1,1,,0.0,40 03:04.000,,0,75 03:58.040,3,0,0,0,67301,0,0,0,N,0,0,0,3,67301,0,,1,1,,N,N,,0,,1,0,0,3,2,,9999,1,2,0,0,0,0,0,3,4,0,2,3,,N,,,,,,,,,,,
2006054959,913.0,2,0,0,0,0,0,0,0,0,4,0,,67,3,2006,5,40.0341,-75.2084,909.0,6,0,0,0,0,0,0,0,0,,0,0,0,8,1,1,2,,0.0,40 02:02.000,,0,75 12:30.271,4,0,0,0,67301,0,0,0,,0,0,0,2,67301,1,,1,1,,,,,0,,0,0,0,0,0,,848,1,2,0,0,0,0,0,3,4,0,2,3,,N,,,,,,,,,,,
2006054988,2012.0,1,0,0,0,0,0,0,0,0,8,0,,67,4,2006,1,40.0419,-75.0365,2000.0,6,0,0,0,0,0,1,0,0,,0,0,0,19,4,1,0,,0.0,40 02:30.998,,0,75 02:11.378,4,0,0,0,67301,1,0,0,N,1,0,0,2,67301,1,,1,1,,N,N,,0,,0,0,0,0,0,,1951,1,2,0,0,0,0,0,3,4,0,1,3,,N,,,,,,,,,,,
2006055105,1219.0,1,0,0,0,0,0,0,0,0,1,0,,67,3,2006,1,40.0012,-75.1254,1218.0,6,0,0,0,0,0,0,0,0,,0,0,0,12,1,2,2,,0.0,40 00:04.269,,0,75 07:31.511,4,0,0,0,67301,1,0,0,,1,0,0,3,67301,2,,9,9,,,,,0,,0,0,1,3,3,,1218,2,3,0,0,0,0,1,3,4,0,2,7,,N,,,,,,,,,,,
2006055146,216.0,0,0,0,1,0,0,0,0,0,2,0,,67,3,2006,6,,,209.0,6,0,0,0,0,0,0,0,0,,0,0,0,99,2,1,0,,0.0,,,0,,4,0,0,0,67301,1,0,0,N,0,0,0,2,67301,1,,1,1,,N,N,,0,,0,0,0,3,2,,9999,1,2,0,0,0,0,0,3,3,0,1,3,,N,,,,,,,,,,,
2006055178,9999.0,1,0,0,0,0,0,1,0,0,4,1,,67,4,2006,6,40.1065,-75.0301,1034.0,6,0,0,0,0,0,1,0,0,,0,0,0,10,1,0,2,,0.0,40 06:23.000,,0,75 01:48.380,9,0,0,0,67301,0,0,0,N,0,0,0,3,67301,0,,1,1,,N,N,,0,,0,0,0,0,0,,1025,0,2,0,0,0,0,2,3,4,0,2,3,,N,,,,,,,,,,,
2006055320,9999.0,1,0,0,0,0,0,0,0,0,8,0,,67,3,2006,5,39.9707,-75.1541,1354.0,6,0,0,0,0,0,0,0,0,,0,0,0,7,1,1,1,,0.0,39 58:14.000,,0,75 09:14.792,4,0,0,0,67301,1,0,0,N,1,0,0,2,67301,1,,1,1,,N,N,,0,,0,0,0,3,2,,745,1,2,0,0,0,0,1,3,4,0,1,3,,N,,,,,,,,,,,
2006094146,1930.0,1,0,0,0,0,0,0,0,0,8,0,,67,7,2006,1,,,1924.0,6,0,0,0,0,0,0,0,0,,0,0,0,19,4,1,2,,0.0,,,0,,4,0,0,0,67301,1,0,0,,1,0,0,2,67301,1,,1,1,,N,N,,0,,0,0,0,9,2,,1900,1,2,0,0,0,0,0,3,3,0,1,3,,N,,,,,,,,,,,
2006094187,2256.0,1,0,0,0,0,0,0,0,0,8,0,,67,8,2006,6,,,2253.0,6,0,0,0,0,0,0,0,0,,0,0,0,22,3,1,1,,0.0,,,0,,8,0,0,0,67301,1,0,0,N,1,0,0,2,67301,0,,1,1,,N,N,,0,,0,0,0,0,0,,2245,1,2,0,0,0,1,1,3,3,0,1,3,,N,,,,,,,,,,,
2006055204,1735.0,0,0,0,0,0,0,0,0,0,8,0,,67,4,2006,3,40.0255,-75.1077,1732.0,6,0,0,0,1,0,0,0,0,,0,0,0,17,1,2,0,,0.0,40 01:31.623,,0,75 06:27.777,3,0,0,1,67301,1,0,0,N,1,0,0,2,67301,0,,1,1,,N,N,,0,,2,0,0,0,0,,1732,2,2,0,0,0,0,0,3,4,0,1,3,,N,,,,,,,,,,,
2006055227,220.0,2,0,0,0,0,0,0,0,0,5,0,,67,3,2006,4,40.0369,-75.0558,215.0,6,0,0,0,0,0,0,0,0,,0,0,0,99,3,0,0,,0.0,40 02:12.726,,0,75 03:21.032,0,0,0,0,67301,0,0,0,N,0,0,0,1,67301,0,,1,1,,N,N,,0,,0,0,0,0,0,,9999,0,2,0,0,1,0,0,3,4,0,2,3,,N,,,,,,,,,,,
2006055237,942.0,2,0,0,0,0,0,0,0,1,4,0,,67,2,2006,7,40.0433,-75.1613,941.0,6,0,0,0,0,0,0,1,0,9.0,0,0,0,9,1,3,1,,2.0,40 02:36.000,7.0,0,75 09:40.868,2,0,0,0,67301,0,0,0,,0,0,0,5,67301,2,,1,1,,,,,0,,0,1,0,2,2,Y,940,3,2,0,0,0,0,0,3,4,0,2,3,,N,,,,,,,,,,,
2006094479,1700.0,0,0,0,0,0,0,0,0,0,8,0,,67,7,2006,3,40.0615,-75.1871,1653.0,6,0,0,0,0,0,1,0,0,,0,0,0,16,1,1,1,,0.0,40 03:41.421,,0,75 11:13.592,4,0,0,0,67301,1,0,0,N,1,0,0,2,67301,1,,1,1,,N,N,,0,,0,0,1,0,0,,1653,1,2,0,0,1,0,0,3,4,0,1,3,,N,,,,,,,,,,,
2006081704,245.0,0,0,0,0,0,0,0,0,0,8,1,,67,6,2006,3,39.9876,-75.1184,240.0,6,0,0,0,0,0,0,1,0,,0,1,0,2,2,1,0,,0.0,39 59:15.460,,0,75 07:06.207,8,0,0,0,67301,1,0,0,N,1,0,0,2,67301,0,,1,1,,N,N,,0,,0,0,0,0,0,,235,1,2,0,0,0,1,0,3,4,0,1,3,,N,,,,,,,,,,,
2006126244,1210.0,0,0,0,0,0,0,0,0,0,1,0,,67,11,2006,7,40.0825,-75.0405,1159.0,6,0,0,0,0,0,1,0,0,,0,0,0,11,1,1,2,,0.0,40 04:57.000,,6,75 02:25.498,4,0,0,0,67301,0,0,0,N,0,0,0,4,67301,1,,1,1,,N,N,,2,,0,0,0,3,2,,1157,1,2,0,0,0,0,0,3,4,0,2,3,,N,,,,,,,,,,,
2006126310,754.0,2,0,0,0,0,0,0,0,0,1,0,,67,11,2006,2,40.0169,-75.1519,751.0,6,0,0,0,0,0,1,0,0,,0,0,0,7,1,1,0,,0.0,40 01:01.000,,0,75 09:07.000,8,0,0,0,67301,0,0,0,N,0,0,0,3,67301,0,,1,1,,N,N,,0,,0,0,0,3,8,,740,1,2,0,0,0,1,0,3,4,0,2,3,,N,,,,,,,,,,,
2006126316,1625.0,1,0,0,0,0,0,0,0,0,2,0,,67,9,2006,4,39.9298,-75.192,1625.0,6,0,0,0,0,0,0,0,0,,0,0,0,16,1,1,1,,0.0,39 55:47.172,,0,75 11:31.412,4,0,0,0,67301,0,0,0,N,0,0,0,3,67301,1,,1,1,,N,N,,0,,0,0,0,9,3,,1625,1,2,0,0,1,0,0,3,4,1,2,3,,N,,,,,,,,,,,
2006032452,2012.0,0,0,0,0,0,0,1,0,0,2,1,,67,2,2006,6,40.065,-75.1549,2000.0,6,0,0,0,0,0,0,0,0,,0,0,0,99,3,1,2,,0.0,40 03:54.140,,0,75 09:17.614,3,0,0,0,67301,0,0,0,,0,0,0,2,67301,0,,1,1,,N,N,,0,,1,0,1,3,2,,9999,1,2,0,0,0,0,1,3,4,0,2,3,,N,,,,,,,,,,,
2006066204,1220.0,1,0,0,0,0,0,0,0,0,8,0,,67,5,2006,4,40.078,-75.0862,1212.0,6,0,0,0,0,0,0,1,0,,0,0,0,11,1,1,2,,0.0,40 04:40.758,,0,75 05:10.164,3,0,0,0,67301,1,0,0,N,1,0,0,2,67301,0,,2,1,,N,N,,0,,1,0,0,3,3,,1147,1,2,0,0,0,0,1,3,4,0,1,3,,N,,,,,,,,,,,
2006054023,835.0,3,0,0,0,0,0,0,0,0,1,0,,67,4,2006,5,,,825.0,6,0,0,0,0,0,0,0,0,,0,0,0,8,1,1,0,,0.0,,,0,,8,0,0,0,67301,0,0,0,N,0,0,0,3,67301,0,,1,1,,N,N,,0,,0,0,0,0,0,,815,1,3,0,0,0,1,0,3,3,0,3,3,,N,,,,,,,,,,,
2006033808,545.0,0,0,0,0,0,0,0,0,0,0,0,,67,2,2006,7,,,540.0,6,0,0,0,0,0,0,0,0,1.0,0,0,0,5,3,1,0,,2.0,,2.0,0,,3,0,0,0,67301,0,0,0,N,0,0,0,1,67301,0,,1,1,,N,N,,1,,1,0,0,0,0,N,535,1,1,0,0,0,0,0,3,3,0,1,3,,N,,,,,,,,,,,
2006036652,1712.0,2,0,0,0,0,0,0,0,0,1,0,,67,3,2006,5,,,1710.0,6,0,0,0,0,0,0,0,0,,0,0,0,14,1,3,1,,0.0,,,0,,3,0,0,0,67301,0,0,0,N,0,0,0,4,67301,1,,1,9,,N,N,,0,,2,0,0,3,3,,1430,3,2,0,0,0,0,0,3,3,0,2,7,,N,,,,,,,,,,,
2006024232,1842.0,2,0,0,0,0,0,0,0,0,1,0,,67,1,2006,2,39.9536,-75.1857,1843.0,6,0,0,0,0,0,1,0,0,,0,0,0,18,3,1,0,,0.0,39 57:13.000,,0,75 11:08.624,4,0,0,0,67301,0,0,0,N,0,0,0,2,67301,1,,1,1,,N,N,,0,,0,0,0,3,2,,1843,1,2,0,0,0,0,0,3,4,0,2,3,,N,,,,,,,,,,,
2006024612,109.0,1,0,0,0,0,0,0,0,0,7,0,,67,1,2006,5,39.9767,-75.1964,105.0,6,0,0,0,0,1,0,0,0,,0,0,0,2,3,0,0,,0.0,39 58:37.000,,0,75 11:52.678,0,0,0,0,67301,0,0,0,N,0,0,0,1,67301,0,,2,9,,N,N,,0,,0,0,0,0,0,,204,0,1,0,0,0,0,0,3,4,0,1,7,,N,,,,,,,,,,,
2006103223,9999.0,2,0,0,0,0,0,0,0,0,4,0,,67,8,2006,1,40.0018,-75.1545,9999.0,6,0,0,0,0,0,0,0,0,1.0,0,0,0,99,2,1,1,,1.0,40 00:06.000,5.0,0,75 09:16.596,8,0,0,0,67301,0,0,0,,0,0,0,4,67301,0,,1,1,,,,,0,,0,0,0,3,2,Y,9999,1,2,0,0,0,1,2,3,4,0,2,3,,N,,,,,,,,,,,
2006103255,2114.0,1,0,0,0,0,0,0,0,0,8,0,,67,8,2006,2,40.0009,-75.1172,2112.0,6,0,0,0,0,0,0,0,0,9.0,0,0,0,21,3,1,0,,2.0,40 00:03.409,1.0,0,75 07:01.833,2,0,0,0,67301,1,0,1,N,1,0,1,2,67301,0,,1,1,,N,N,,0,,0,1,0,0,0,Y,2112,1,2,0,0,1,0,0,3,4,0,1,3,,N,,,,,,,,,,,
2006041282,1902.0,2,0,0,0,0,0,0,0,0,1,0,,67,3,2006,4,40.0037,-75.2213,1855.0,6,0,0,0,0,0,2,0,0,1.0,0,0,0,18,3,5,0,,1.0,40 00:13.000,2.0,0,75 13:16.852,3,0,0,0,67301,0,0,0,N,0,0,0,5,46104,2,,1,1,,N,N,,0,,1,0,1,0,0,N,1854,5,3,0,0,1,2,0,3,4,0,3,3,,N,,,,,,,,,,,
2006032579,1558.0,2,0,0,0,0,0,0,0,0,4,0,,67,2,2006,7,40.0558,-75.1762,1556.0,6,0,0,0,0,0,1,0,0,,0,0,0,15,1,2,1,,0.0,40 03:20.000,,0,75 10:34.576,3,0,0,0,67301,0,0,0,N,0,0,0,4,67301,0,,1,1,,N,N,,0,,2,0,0,3,2,,1554,2,2,0,0,0,0,0,3,4,0,2,3,,N,,,,,,,,,,,
2006037674,630.0,2,0,0,0,0,0,0,0,0,1,0,,67,2,2006,7,40.0946,-75.0152,30.0,6,0,0,0,0,0,0,0,0,,0,0,0,6,1,1,1,,0.0,40 05:40.000,,0,75 00:53.997,8,0,0,0,67301,0,0,0,N,0,0,0,2,67301,0,,1,1,,N,N,,0,,0,0,0,2,2,,630,1,2,0,0,0,1,0,3,4,0,2,3,,N,,,,,,,,,,,
2006079276,1200.0,1,0,0,0,0,0,0,0,0,0,0,,67,5,2006,6,,,1156.0,6,0,0,0,0,0,0,0,0,1.0,0,0,0,11,1,1,0,,2.0,,4.0,0,,4,0,0,0,67301,0,0,0,N,0,0,0,1,67301,1,,1,1,,N,N,,0,,0,0,0,0,0,Y,1155,1,1,0,0,0,0,0,3,3,0,1,3,,N,,,,,,,,,,,
2006079183,2153.0,1,0,0,0,0,0,0,0,0,4,0,,67,6,2006,7,39.9629,-75.2023,2151.0,6,0,0,1,0,0,0,0,0,2.0,0,0,0,21,3,1,1,,2.0,39 57:46.440,7.0,0,75 12:08.640,4,0,0,0,67301,0,0,0,N,0,0,0,3,67301,1,,1,1,,N,N,,0,,0,0,1,3,2,Y,2130,1,2,0,0,0,0,1,3,4,0,2,3,,N,,,,,,,,,,,
2006079403,2333.0,1,0,0,0,0,0,0,0,0,4,0,,67,6,2006,1,39.9567,-75.2235,2331.0,6,0,0,0,1,0,0,0,0,1.0,0,0,0,23,3,0,1,,2.0,39 57:24.000,7.0,0,75 13:24.781,0,0,0,0,67301,0,0,0,N,0,0,0,4,67301,0,,1,1,,N,N,,0,,0,0,1,3,2,Y,2330,0,2,0,0,0,0,0,3,4,0,2,3,,N,,,,,,,,,,,
2006079620,204.0,1,0,0,0,0,0,0,0,0,1,0,,67,6,2006,7,39.9978,-75.1232,204.0,6,0,0,0,0,0,0,0,0,,0,0,0,1,3,5,2,,0.0,39 59:52.000,,0,75 07:23.423,3,0,0,0,67301,0,0,0,N,0,0,0,5,67301,4,,1,9,,N,N,,0,,1,0,1,3,2,,135,5,2,0,0,0,0,0,3,4,0,2,7,,N,,,,,,,,,,,
2006079633,1545.0,1,0,0,0,0,0,0,0,0,7,0,40.0,67,6,2006,7,,,1537.0,6,0,0,0,0,0,0,0,0,,0,0,0,15,1,1,0,,0.0,,,0,,8,0,0,0,67301,0,0,0,Y,0,0,0,1,67301,0,,2,1,,N,N,,0,,0,0,0,3,8,,1537,1,1,0,0,0,1,0,3,3,0,1,3,,Y,1.0,1.0,N,,,N,Y,,,Y,
2006036269,207.0,1,0,0,0,0,0,0,0,0,7,0,,67,2,2006,6,40.0353,-75.1886,205.0,6,0,0,0,0,0,0,0,0,,0,0,0,1,3,0,0,,0.0,40 02:07.021,,0,75 11:19.040,0,0,0,0,67301,0,0,0,Y,0,0,0,1,67301,0,,5,9,,N,N,,0,,0,0,0,0,0,,156,0,1,0,0,0,0,0,3,4,0,1,98,,N,,,,,,,,,,,
2006037988,1318.0,1,0,0,0,0,0,0,0,0,8,0,,67,3,2006,2,,,1315.0,6,0,0,0,0,0,0,0,0,,0,0,0,13,1,1,0,,0.0,,,0,,8,0,0,0,67301,1,0,0,N,1,0,0,2,67301,0,,1,1,,N,N,,0,,0,0,0,0,0,,1315,1,2,0,0,0,1,0,3,3,0,1,3,,N,,,,,,,,,,,
2006033287,1335.0,1,0,0,0,0,0,0,0,0,4,0,,67,2,2006,6,,,1331.0,6,0,0,0,0,0,1,1,0,9.0,0,0,0,99,1,4,1,,2.0,,1.0,0,,4,0,0,0,67301,0,0,0,,0,0,0,5,67301,3,,1,1,,N,N,,0,,0,0,1,9,3,Y,9999,4,2,0,0,0,1,0,3,3,0,2,3,,N,,,,,,,,,,,
2006033324,955.0,2,0,0,0,0,0,0,0,0,2,0,99.0,67,2,2006,2,40.0751,-75.2049,953.0,6,0,0,0,0,0,0,0,1,,0,0,0,9,1,1,1,,0.0,40 04:30.000,,0,75 12:17.634,8,0,0,0,67301,0,0,0,N,0,0,0,2,67301,0,,1,1,,N,N,,0,,0,0,0,9,2,,953,1,2,0,0,0,1,0,3,4,0,2,3,,Y,8.0,8.0,U,,,U,,,,,
2006033038,1640.0,0,0,0,0,0,0,0,0,0,4,0,,67,2,2006,6,39.9891,-75.0896,1630.0,6,0,0,0,0,0,1,0,0,,0,0,0,16,1,1,1,,0.0,39 59:20.000,,0,75 05:22.831,8,0,0,0,67301,0,0,0,N,0,0,0,2,67301,0,,1,1,,N,N,,0,,0,0,2,0,0,,1600,1,2,0,0,0,1,0,3,4,0,2,3,,N,,,,,,,,,,,
2006033106,1309.0,0,0,0,0,0,0,0,0,0,7,0,,67,1,2006,1,39.9233,-75.1922,1305.0,6,0,0,0,0,1,0,0,0,1.0,0,0,0,13,1,1,7,,1.0,39 55:26.000,3.0,2,75 11:33.171,4,0,0,0,67301,0,0,0,,0,0,0,3,67301,1,,2,9,,,,,1,,0,0,0,0,0,N,1303,1,1,0,0,0,0,0,3,4,0,1,7,,N,,,,,,,,,,,
2006032883,2305.0,1,0,0,0,0,0,0,0,0,8,0,,67,1,2006,6,,,2300.0,6,0,0,0,0,0,0,0,0,,0,0,0,22,3,1,0,,0.0,,,0,,8,0,0,0,67301,1,0,0,N,1,0,0,2,67301,0,,1,1,,N,N,,0,,0,0,0,0,0,,2245,1,2,0,0,0,1,1,3,3,0,1,3,,N,,,,,,,,,,,