CRN,ARRIVAL_TM,AUTOMOBILE_COUNT,BELTED_DEATH_COUNT,BELTED_SUSP_SERIOUS_INJ_COUNT,BICYCLE_COUNT,BICYCLE_DEATH_COUNT,BICYCLE_SUSP_SERIOUS_INJ_COUNT,BUS_COUNT,CHLDPAS_DEATH_COUNT,CHLDPAS_SUSP_SERIOUS_INJ_COUNT,COLLISION_TYPE,COMM_VEH_COUNT,CONS_ZONE_SPD_LIM,COUNTY,CRASH_MONTH,CRASH_YEAR,DAY_OF_WEEK,DEC_LAT,DEC_LONG,DISPATCH_TM,DISTRICT,DRIVER_COUNT_16YR,DRIVER_COUNT_17YR,DRIVER_COUNT_18YR,DRIVER_COUNT_19YR,DRIVER_COUNT_20YR,DRIVER_COUNT_50_64YR,DRIVER_COUNT_65_74YR,DRIVER_COUNT_75PLUS,EST_HRS_CLOSED,FATAL_COUNT,HEAVY_TRUCK_COUNT,HORSE_BUGGY_COUNT,HOUR_OF_DAY,ILLUMINATION,INJURY_COUNT,INTERSECT_TYPE,INTERSECTION_RELATED,LANE_CLOSED,LATITUDE,LN_CLOSE_DIR,LOCATION_TYPE,LONGITUDE,MAX_SEVERITY_LEVEL,MCYCLE_DEATH_COUNT,MCYCLE_SUSP_SERIOUS_INJ_COUNT,MOTORCYCLE_COUNT,MUNICIPALITY,NONMOTR_COUNT,NONMOTR_DEATH_COUNT,NONMOTR_SUSP_SERIOUS_INJ_COUNT,NTFY_HIWY_MAINT,PED_COUNT,PED_DEATH_COUNT,PED_SUSP_SERIOUS_INJ_COUNT,PERSON_COUNT,POLICE_AGCY,POSSIBLE_INJ_COUNT,RDWY_SURF_TYPE_CD,RELATION_TO_ROAD,ROAD_CONDITION,ROADWAY_CLEARED,SCH_BUS_IND,SCH_ZONE_IND,SECONDARY_CRASH,SMALL_TRUCK_COUNT,SPEC_JURIS_CD,SUSP_MINOR_INJ_COUNT,SUSP_SERIOUS_INJ_COUNT,SUV_COUNT,TCD_FUNC_CD,TCD_TYPE,TFC_DETOUR_IND,TIME_OF_DAY,TOT_INJ_COUNT,TOTAL_UNITS,UNB_DEATH_COUNT,UNB_SUSP_SERIOUS_INJ_COUNT,UNBELTED_OCC_COUNT,UNK_INJ_DEG_COUNT,UNK_INJ_PER_COUNT,URBAN_AREA,URBAN_RURAL,VAN_COUNT,VEHICLE_COUNT,WEATHER1,WEATHER2,WORK_ZONE_IND,WORK_ZONE_LOC,WORK_ZONE_TYPE,WORKERS_PRES,WZ_CLOSE_DETOUR,WZ_FLAGGER,WZ_LAW_OFFCR_IND,WZ_LN_CLOSURE,WZ_MOVING,WZ_OTHER,WZ_SHLDER_MDN,WZ_WORKERS_INJ_KILLED
2006032940,1800.0,1,0,0,0,0,0,0,0,0,8,0,,67,1,2006,3,,,1747.0,6,0,0,0,0,0,1,0,0,,0,0,0,17,1,1,1,,0.0,,,0,,8,0,0,0,67301,1,0,0,N,1,0,0,3,67301,0,,1,1,,N,N,,0,,0,0,0,3,2,,1740,1,2,0,0,0,1,0,3,3,0,1,3,,N,,,,,,,,,,,
2006032944,1325.0,0,0,0,0,0,0,0,0,0,7,0,,67,2,2006,1,40.0204,-75.154,1318.0,6,0,0,0,0,0,0,0,0,1.0,0,0,0,13,1,1,0,,2.0,40 01:13.000,1.0,0,75 09:14.760,4,0,0,0,67301,0,0,0,Y,0,0,0,1,67301,1,,2,6,,N,N,,0,,0,0,1,0,0,Y,1318,1,1,0,0,0,0,0,3,4,0,1,10,,N,,,,,,,,,,,
2006053532,1720.0,1,0,0,0,0,0,0,0,0,8,0,,67,3,2006,6,,,1711.0,6,0,1,0,0,0,0,0,0,,0,0,0,17,1,1,1,,0.0,,,0,,8,0,0,0,67301,1,0,0,N,1,0,0,2,67301,0,,1,1,,N,N,,0,,0,0,0,9,3,,1706,1,2,0,0,0,1,0,3,3,0,1,3,,N,,,,,,,,,,,
2006053747,1711.0,1,0,0,0,0,0,1,0,0,4,1,,67,4,2006,7,,,1708.0,6,0,0,0,0,0,0,0,0,,0,0,0,17,1,1,1,,0.0,,,0,,8,0,0,0,67301,0,0,0,N,0,0,0,4,67301,0,,1,9,,N,N,,0,,0,0,0,3,3,,1702,1,2,0,0,2,1,1,3,3,0,2,7,,N,,,,,,,,,,,
2006069785,2231.0,1,0,0,0,0,0,0,0,0,7,0,,67,6,2006,6,,,2230.0,6,0,0,0,0,0,0,0,0,,0,0,0,99,3,1,0,,0.0,,,2,,8,0,0,0,67301,0,0,0,N,0,0,0,3,67501,0,,2,9,,N,N,,0,,0,0,0,0,0,,9999,1,1,0,0,0,1,1,3,3,0,1,7,,N,,,,,,,,,,,
2006094472,1100.0,0,0,0,1,0,0,0,0,0,5,0,,67,6,2006,3,39.9571,-75.2143,1056.0,6,0,0,0,0,0,0,0,0,,0,0,0,10,1,1,1,,0.0,39 57:25.688,,0,75 12:51.554,4,0,0,0,67301,1,0,0,N,0,0,0,2,67301,1,,1,1,,N,N,,1,,0,0,0,3,2,,1054,1,2,0,0,0,0,0,3,4,0,1,3,,N,,,,,,,,,,,
2006055344,2255.0,2,0,0,0,0,0,0,0,0,4,0,,67,3,2006,5,40.0403,-75.0789,2248.0,6,0,0,0,0,0,0,0,0,,0,0,0,22,3,1,1,,0.0,40 02:25.000,,0,75 04:44.170,4,0,0,0,67301,0,0,0,,0,0,0,3,67301,1,,1,9,,,,,0,,0,0,0,3,2,,2230,1,2,0,0,0,0,0,3,4,0,2,7,,N,,,,,,,,,,,
2006055411,1020.0,0,0,0,0,0,0,0,0,0,0,1,,67,2,2006,3,39.9295,-75.1977,1020.0,6,0,0,0,0,0,0,0,0,4.0,0,1,0,10,1,1,3,,2.0,39 55:45.000,3.0,0,75 11:51.053,4,0,0,0,67301,0,0,0,Y,0,0,0,1,67301,1,,1,1,,N,N,,0,,0,0,0,0,0,Y,1020,1,1,0,0,0,0,0,3,4,0,1,3,,N,,,,,,,,,,,
2006055442,924.0,2,0,0,0,0,0,0,0,0,4,0,,67,3,2006,3,,,923.0,6,0,0,0,0,0,1,0,0,,0,0,0,9,1,1,2,,0.0,,,0,,8,0,0,0,67301,0,0,0,N,0,0,0,2,67301,0,,1,1,,N,N,,0,,0,0,0,3,3,,922,1,2,0,0,0,1,0,3,3,0,2,3,,N,,,,,,,,,,,
2006094625,840.0,4,0,0,0,0,0,0,0,0,4,0,,67,7,2006,1,40.0199,-75.2139,835.0,6,0,0,0,0,1,0,0,0,,0,0,0,8,1,1,2,,0.0,40 01:11.499,,0,75 12:50.162,4,0,0,0,67301,0,0,0,N,0,0,0,1,67301,1,,1,1,,N,N,,0,,0,0,0,3,3,,830,1,4,0,0,0,0,0,3,4,0,4,3,,N,,,,,,,,,,,
2006055545,1000.0,1,0,0,0,0,0,0,0,0,2,0,,67,4,2006,7,40.0564,-75.0287,957.0,6,0,0,0,0,0,1,0,0,,0,0,0,9,1,3,5,,0.0,40 03:23.039,,0,75 01:43.855,4,0,0,0,67301,0,0,0,,0,0,0,5,67301,2,,1,1,,N,N,,0,,0,0,0,3,2,,957,3,2,0,0,3,1,1,3,4,1,2,3,,N,,,,,,,,,,,
2006055640,1347.0,1,0,0,0,0,0,0,0,0,7,0,,67,2,2006,2,39.9624,-75.2156,1342.0,6,0,0,0,0,0,0,1,0,,0,0,0,13,1,1,2,,0.0,39 57:44.000,,0,75 12:56.740,3,0,0,0,67301,0,0,0,N,0,0,0,1,67301,0,,5,1,,N,N,,0,,1,0,0,3,3,,1340,1,1,0,0,0,0,0,3,4,0,1,3,,N,,,,,,,,,,,
2006055652,145.0,1,0,0,0,0,0,0,0,0,7,0,,67,3,2006,1,40.1077,-74.9966,140.0,6,0,0,0,0,0,0,0,0,,0,0,0,1,3,0,1,,0.0,40 06:27.747,,0,74 59:47.678,0,0,0,0,67301,0,0,0,N,0,0,0,2,67301,0,,2,9,,N,N,,0,,0,0,0,0,0,,140,0,1,0,0,0,0,0,3,4,0,1,7,,N,,,,,,,,,,,
2006116697,743.0,2,0,1,0,0,0,0,0,0,4,0,,67,10,2006,6,39.9867,-75.2083,740.0,6,0,0,1,0,0,0,0,0,,0,0,0,7,1,1,6,,0.0,39 59:11.000,,0,75 12:29.789,2,0,0,0,67301,0,0,0,N,0,0,0,2,67301,0,,7,9,,N,N,,0,,0,1,0,0,0,,740,1,2,0,0,0,0,0,3,4,0,2,7,,N,,,,,,,,,,,
2006124495,9999.0,2,0,0,0,0,0,0,0,0,1,0,,67,11,2006,3,39.945,-75.1908,1826.0,6,0,0,1,0,0,0,0,0,,0,0,0,18,3,1,6,,0.0,39 56:42.000,,2,75 11:26.961,8,0,0,0,67301,0,0,0,N,0,0,0,3,67301,0,,7,9,,N,N,,0,,0,0,0,9,4,,1826,1,2,0,0,0,1,0,3,4,0,2,7,,N,,,,,,,,,,,
2006124602,1600.0,0,0,0,1,0,0,0,0,0,5,0,,67,10,2006,3,,,1545.0,6,0,0,0,0,0,0,0,0,,0,0,0,15,1,1,0,,0.0,,,0,,4,0,0,0,67301,1,0,0,N,0,0,0,2,67301,1,,1,1,,N,N,,0,,0,0,1,3,2,,1545,1,2,0,0,0,0,0,3,3,0,1,3,,N,,,,,,,,,,,
2006124227,1950.0,0,0,0,0,0,0,0,0,0,5,0,,67,10,2006,4,39.9778,-75.1845,1943.0,6,0,0,0,0,0,0,0,0,,0,0,0,19,3,0,0,,0.0,39 58:40.044,,0,75 11:04.131,0,0,0,0,67301,0,0,0,N,0,0,0,1,67301,0,,1,1,,N,N,,0,,0,0,1,0,0,,1940,0,2,0,0,1,0,0,3,4,1,2,3,,N,,,,,,,,,,,
2006112723,1816.0,1,0,0,0,0,0,0,0,0,8,0,,67,10,2006,6,39.9246,-75.1477,1815.0,6,0,0,0,0,1,0,0,0,,0,0,0,17,1,1,0,,0.0,39 55:28.452,,0,75 08:51.849,8,0,0,0,67301,1,0,0,N,1,0,0,2,67301,0,,1,9,,N,N,,0,,0,0,0,9,2,,1733,1,2,0,0,0,1,1,3,4,0,1,7,,N,,,,,,,,,,,
2006124922,1535.0,2,0,0,0,0,0,0,0,0,4,0,,67,11,2006,4,39.9665,-75.1369,1535.0,6,0,0,0,0,1,0,0,0,,0,0,0,15,1,1,2,,0.0,39 57:59.536,,0,75 08:12.911,4,0,0,0,67301,0,0,0,N,0,0,0,2,67301,1,,1,9,,N,N,,0,,0,0,0,3,3,,1530,1,2,0,0,0,0,0,3,4,0,2,7,,N,,,,,,,,,,,
2006124755,1535.0,1,0,0,0,0,0,0,0,0,4,0,,67,11,2006,7,40.0711,-75.1616,1530.0,6,0,0,0,1,0,0,0,0,,0,0,0,15,1,1,2,,0.0,40 04:16.000,,0,75 09:41.548,8,0,0,0,67301,0,0,0,N,0,0,0,2,67301,0,,1,1,,N,N,,0,,0,0,0,3,3,,1520,1,2,0,0,0,1,1,3,4,1,2,3,,N,,,,,,,,,,,
2006062242,9999.0,1,0,0,0,0,0,0,0,0,4,0,,67,5,2006,5,39.9802,-75.2693,751.0,6,0,0,0,0,1,1,0,0,,0,0,0,99,1,1,2,,0.0,39 58:48.000,,0,75 16:09.256,4,0,0,0,67301,0,0,0,N,0,0,0,2,67301,1,,1,1,,,,,0,,0,0,1,9,2,,9999,1,2,0,0,0,0,0,3,4,0,2,3,,N,,,,,,,,,,,
2006062259,353.0,1,0,0,0,0,0,0,0,0,7,0,,67,4,2006,1,40.0428,-75.1135,350.0,6,0,0,0,0,0,0,0,0,,0,0,0,3,3,1,2,,0.0,40 02:33.000,,0,75 06:48.999,3,0,0,0,67301,0,0,0,N,0,0,0,1,67301,0,,2,1,,N,N,,0,,1,0,0,3,2,,345,1,1,0,0,0,0,0,3,4,0,1,3,,N,,,,,,,,,,,
2006059616,9999.0,2,0,0,0,0,0,1,0,0,4,1,,67,5,2006,2,40.0546,-75.125,9999.0,6,0,0,0,0,0,1,0,2,1.0,0,0,0,99,1,2,1,,1.0,40 03:16.000,2.0,0,75 07:29.331,2,0,0,0,67301,0,0,0,Y,0,0,0,9,46102,0,,1,1,,N,N,,0,,1,1,0,3,2,Y,9999,2,3,0,1,1,0,0,3,4,0,3,3,,N,,,,,,,,,,,
2006062407,1100.0,1,0,0,0,0,0,0,0,0,2,0,,67,5,2006,5,,,1055.0,6,0,0,0,0,0,1,0,0,,0,0,0,10,1,1,5,,0.0,,,0,,4,0,0,0,67301,0,0,0,,0,0,0,3,67301,1,,1,1,,,,,0,,0,0,0,3,2,,1053,1,2,0,0,3,0,0,3,3,1,2,3,,N,,,,,,,,,,,
2006062487,333.0,1,0,0,0,0,0,0,0,0,7,0,,67,5,2006,2,40.0144,-75.153,332.0,6,0,0,0,0,0,0,0,0,,0,0,0,3,3,1,1,,0.0,40 00:51.708,,0,75 09:10.931,4,0,0,0,67301,0,0,0,N,0,0,0,1,67301,1,,4,9,,N,N,,0,,0,0,0,0,0,,300,1,1,0,0,0,0,0,3,4,0,1,7,,N,,,,,,,,,,,
2006055002,1451.0,2,0,0,0,0,0,0,0,0,1,0,,67,4,2006,7,,,1448.0,6,0,0,0,0,0,1,0,0,,0,0,0,14,1,0,0,,0.0,,,0,,0,0,0,0,67301,0,0,0,N,0,0,0,3,67301,0,,1,9,,N,N,,0,,0,0,0,0,0,,1430,0,2,0,0,0,0,0,3,3,0,2,7,,N,,,,,,,,,,,
2006055114,1839.0,2,0,0,0,0,0,0,0,0,2,0,,67,3,2006,6,40.1125,-75.0223,1838.0,6,0,0,1,0,0,0,0,0,,0,0,0,18,3,1,1,,0.0,40 06:45.082,,0,75 01:20.258,8,0,0,0,67301,0,0,0,N,0,0,0,5,67301,0,,1,1,,N,N,,0,,0,0,0,3,3,,1838,1,2,0,0,0,1,0,3,4,0,2,3,,N,,,,,,,,,,,
2006094167,600.0,1,0,0,0,0,0,0,0,0,7,0,,67,7,2006,5,39.9244,-75.1927,554.0,6,0,0,0,0,0,1,0,0,1.0,0,0,0,5,3,1,0,,1.0,39 55:29.000,4.0,0,75 11:34.750,8,0,0,0,67301,0,0,0,N,0,0,0,1,67301,0,,3,9,,N,N,,0,,0,0,0,0,0,N,550,1,1,0,0,0,1,0,3,4,0,1,7,,N,,,,,,,,,,,
2006094204,1655.0,0,0,0,0,0,0,0,0,0,8,0,,67,7,2006,4,,,1645.0,6,0,0,0,0,0,0,0,0,,0,0,0,19,1,1,1,,0.0,,,0,,4,0,0,0,67301,1,0,0,N,1,0,0,2,67301,1,,1,1,,N,N,,0,,0,0,0,9,3,,1930,1,2,0,0,0,0,1,3,3,1,1,3,,N,,,,,,,,,,,
2006055242,1925.0,2,0,0,0,0,0,0,0,0,4,0,,67,2,2006,5,,,1921.0,6,0,0,0,0,0,1,0,0,,0,0,0,19,3,2,2,,0.0,,,0,,3,0,0,0,67301,0,0,0,N,0,0,0,4,67301,0,,4,1,,N,N,,0,,2,0,0,0,0,,1910,2,2,0,0,4,0,0,3,3,0,2,3,,N,,,,,,,,,,,
2006094225,1720.0,0,0,0,0,0,0,0,0,0,4,0,,67,7,2006,1,40.0598,-75.2095,1717.0,6,0,0,0,0,0,0,0,0,,0,0,0,17,1,0,1,,0.0,40 03:35.316,,0,75 12:34.340,0,0,0,0,67301,0,0,0,N,0,0,0,2,67301,0,,1,1,,N,N,,0,,0,0,2,3,3,,1715,0,2,0,0,0,0,0,3,4,0,2,3,,N,,,,,,,,,,,
2006081719,120.0,1,0,0,0,0,0,0,0,0,1,0,,67,6,2006,4,40.076,-75.1768,9999.0,6,0,0,0,0,0,0,0,0,,0,0,0,1,3,0,2,,0.0,40 04:33.000,,0,75 10:36.758,0,0,0,0,67301,0,0,0,N,0,0,0,4,67301,0,,1,1,,N,N,,1,,0,0,0,0,0,,120,0,2,0,0,0,0,0,3,4,0,2,3,,N,,,,,,,,,,,
2006126234,915.0,2,0,0,0,0,0,0,0,0,4,0,,67,11,2006,5,40.029,-75.0892,915.0,6,0,0,0,0,0,0,1,0,1.0,0,0,0,99,1,1,1,,2.0,40 01:46.000,2.0,0,75 05:22.905,4,0,0,0,67301,0,0,0,N,0,0,0,3,67301,1,,1,1,,N,N,,0,,0,0,0,3,2,N,9999,1,2,0,0,0,0,0,3,4,0,2,3,,N,,,,,,,,,,,
2006036560,1425.0,2,0,0,0,0,0,0,0,0,4,0,,67,2,2006,2,40.1082,-75.054,1419.0,6,0,0,0,0,0,2,0,0,,0,0,0,14,1,2,0,,0.0,40 06:29.000,,0,75 03:14.267,8,0,0,0,67301,0,0,0,,0,0,0,3,67301,0,,1,1,,N,N,,0,,0,0,0,0,0,,1415,2,2,0,0,0,2,0,3,4,0,2,3,,N,,,,,,,,,,,
2006036621,1552.0,2,0,0,0,0,0,0,0,0,4,0,,67,1,2006,4,,,1551.0,6,0,0,0,0,0,0,0,0,1.0,0,0,0,15,1,1,1,,1.0,,3.0,0,,4,0,0,0,67301,0,0,0,N,0,0,0,3,67301,1,,1,9,,N,N,,0,,0,0,0,3,2,N,1549,1,2,0,0,0,0,2,3,3,0,2,7,,N,,,,,,,,,,,
2006026872,414.0,6,0,0,0,0,0,0,0,0,4,0,,67,1,2006,1,,,410.0,6,0,0,1,0,0,0,0,0,,0,0,0,4,3,3,1,,0.0,,,0,,3,0,0,0,67301,0,0,0,Y,0,0,0,5,67301,1,,1,1,,N,N,,0,,2,0,0,9,3,,409,3,6,0,0,1,0,0,3,3,0,6,98,,N,,,,,,,,,,,
2006055546,1147.0,1,0,0,0,0,0,0,0,0,1,0,,67,4,2006,7,40.1047,-75.0015,1141.0,6,0,0,0,0,0,2,0,0,,0,0,0,10,1,0,1,,0.0,40 06:16.000,,0,75 00:04.652,0,0,0,0,67301,0,0,0,,0,0,0,3,67301,0,,1,1,,,,,2,,0,0,0,3,2,,1043,0,3,0,0,0,0,0,3,4,0,3,3,,N,,,,,,,,,,,
2006055550,2000.0,1,0,0,0,0,0,0,0,0,1,0,,67,3,2006,6,40.0585,-75.0433,1950.0,6,0,0,0,0,0,0,0,0,,0,0,0,19,3,1,0,,0.0,40 03:31.000,,0,75 02:36.049,8,0,0,0,67301,0,0,0,N,0,0,0,3,67301,0,,1,1,,N,N,,1,,0,0,0,0,0,,1946,1,2,0,0,0,1,0,3,4,0,2,3,,N,,,,,,,,,,,
2006055595,1330.0,2,0,0,0,0,0,0,0,0,4,0,,67,3,2006,2,40.0465,-75.073,1319.0,6,0,0,0,0,0,0,0,0,,0,0,0,13,1,1,1,,0.0,40 02:47.547,,0,75 04:22.886,4,0,0,0,67301,0,0,0,N,0,0,0,4,67301,1,,1,1,,N,N,,0,,0,0,0,3,3,,1312,1,2,0,0,0,0,0,3,4,0,2,3,,N,,,,,,,,,,,
2006055608,1630.0,3,0,0,0,0,0,0,0,0,9,0,,67,5,2006,4,40.0451,-75.101,1622.0,6,0,0,0,0,0,0,0,0,,0,0,0,99,1,0,0,,0.0,40 02:42.000,,1,75 06:03.464,0,0,0,0,67301,0,0,0,,0,0,0,1,67301,0,,2,1,,N,N,,0,,0,0,0,0,0,,9999,0,3,0,0,0,0,0,3,4,0,3,3,,N,,,,,,,,,,,
2006055723,908.0,0,0,0,0,0,0,0,0,0,1,0,,67,3,2006,2,39.9399,-75.2114,901.0,6,0,0,0,0,0,0,0,0,,0,0,0,8,1,1,1,,0.0,39 56:23.000,,0,75 12:40.990,4,0,0,0,67301,0,0,0,N,0,0,0,3,67301,1,,1,1,,N,N,,0,,0,0,1,3,2,,825,1,2,0,0,0,0,0,3,4,1,2,3,,N,,,,,,,,,,,
2006055739,1400.0,1,0,0,0,0,0,0,0,0,4,0,,67,4,2006,1,,,1400.0,6,0,0,0,0,0,0,0,0,,0,0,0,2,3,4,1,,0.0,,,0,,4,0,0,0,67301,0,0,0,N,0,0,0,5,67301,3,,1,1,,N,N,,0,,0,0,0,3,2,,251,4,2,0,0,0,1,0,3,3,1,2,3,,N,,,,,,,,,,,
2006055750,5.0,1,0,0,0,0,0,0,0,0,5,0,,67,2,2006,2,39.9567,-75.1423,2357.0,6,0,0,0,0,0,0,0,0,1.0,0,0,0,23,3,0,0,,2.0,39 57:26.000,2.0,2,75 08:33.364,9,0,0,0,67301,0,0,0,N,0,0,0,2,67301,0,,1,1,,N,N,,0,,0,0,1,0,0,N,2357,0,2,0,0,1,0,1,3,4,0,2,3,,N,,,,,,,,,,,
2006104832,203.0,1,0,0,0,0,0,0,0,0,7,0,,67,9,2006,1,,,203.0,6,0,0,0,0,0,0,0,0,,0,0,0,2,3,0,5,,0.0,,,0,,0,0,0,0,67301,0,0,0,,0,0,0,5,67301,0,,5,1,,N,N,,0,,0,0,0,9,2,,200,0,1,0,0,0,0,0,3,3,0,1,3,,N,,,,,,,,,,,
2006104954,713.0,1,0,0,0,0,0,0,0,0,4,0,,67,9,2006,6,,,711.0,6,0,0,0,0,0,0,0,0,,0,1,0,7,1,1,1,,0.0,,,0,,8,0,0,0,67301,0,0,0,,0,0,0,2,67301,0,,1,1,,,,,0,,0,0,0,9,2,,709,1,2,0,0,1,1,0,3,3,0,2,3,,N,,,,,,,,,,,
2006124616,155.0,0,0,0,0,0,0,1,0,0,5,1,,67,11,2006,7,39.9375,-75.2306,155.0,6,0,0,0,0,0,0,0,0,2.0,0,0,0,1,3,0,1,,2.0,39 56:15.072,7.0,0,75 13:50.239,0,0,0,0,67301,0,0,0,N,0,0,0,4,67301,0,,1,1,,N,N,,1,,0,0,0,0,0,Y,154,0,2,0,0,0,0,0,3,4,0,2,3,,N,,,,,,,,,,,
2006062243,1358.0,1,0,0,0,0,0,0,0,0,1,0,,67,5,2006,5,,,1354.0,6,0,0,0,0,0,1,0,0,,0,1,0,99,1,1,0,,0.0,,,0,,4,0,0,0,67301,1,0,0,,0,0,0,3,67301,1,,6,1,,,,,1,,0,0,0,0,0,,9999,1,3,0,0,0,0,0,3,3,0,3,3,,N,,,,,,,,,,,
2006054664,746.0,1,0,0,1,0,0,0,0,0,4,0,,67,4,2006,6,40.0192,-75.1442,745.0,6,0,0,0,0,0,0,0,0,,0,0,0,7,1,1,5,,0.0,40 01:09.000,,0,75 08:37.486,3,0,0,0,67301,1,0,0,N,0,0,0,2,67301,0,,1,1,,N,N,,0,,1,0,0,3,2,,735,1,2,0,0,0,0,0,3,4,0,1,3,,N,,,,,,,,,,,
2006062420,1422.0,1,0,0,0,0,0,0,0,0,4,0,,67,5,2006,2,40.0042,-75.0994,1416.0,6,0,0,0,0,0,1,0,0,1.0,0,0,0,14,1,1,1,,1.0,40 00:15.000,1.0,0,75 05:57.638,4,0,0,0,67301,0,0,0,N,0,0,0,5,67301,1,,1,1,,N,N,,0,,0,0,1,3,2,N,1414,1,3,0,0,0,0,0,3,4,1,3,3,,N,,,,,,,,,,,
2006054754,133.0,2,0,0,0,0,0,0,0,0,4,0,,67,4,2006,1,,,130.0,6,0,0,0,0,0,0,0,0,1.0,0,0,0,1,3,0,0,,2.0,,2.0,0,,0,0,0,0,67301,0,0,0,,0,0,0,2,67301,0,,1,1,,,,,0,,0,0,0,0,0,Y,130,0,2,0,0,0,0,0,3,3,0,2,3,,N,,,,,,,,,,,
2006093898,2320.0,2,0,0,0,0,0,0,0,0,1,0,,67,8,2006,2,39.9211,-75.1938,2315.0,6,0,0,0,0,0,0,0,0,,0,0,0,23,3,3,2,,0.0,39 55:16.000,,0,75 11:37.333,8,0,0,0,67301,0,0,0,N,0,0,0,5,67301,0,,1,1,,N,N,,0,,0,0,0,0,0,,2315,3,2,0,0,0,3,1,3,4,0,2,3,,N,,,,,,,,,,,
2006054978,858.0,2,0,0,0,0,0,0,0,0,4,0,,67,3,2006,3,39.9864,-75.1803,855.0,6,0,0,0,0,0,0,0,0,,0,0,0,8,1,1,1,,0.0,39 59:10.000,,0,75 10:49.003,4,0,0,0,67301,0,0,0,N,0,0,0,2,67301,1,,1,1,,,N,,0,,0,0,0,3,2,,854,1,2,0,0,0,0,0,3,4,0,2,3,,N,,,,,,,,,,,
2006055024,110.0,1,0,0,0,0,0,0,0,0,7,0,,67,3,2006,6,40.1083,-74.9867,9999.0,6,0,0,0,1,0,0,0,0,,0,0,0,99,3,1,0,,0.0,40 06:29.912,,0,74 59:12.264,4,0,0,0,67301,0,0,0,,0,0,0,2,67301,1,,2,1,,N,N,,0,,0,0,0,0,0,,9999,1,1,0,0,2,0,0,3,4,0,1,3,,N,,,,,,,,,,,
2006055267,1610.0,1,0,0,0,0,0,0,0,0,8,0,,67,3,2006,3,40.0139,-75.126,1610.0,6,0,0,0,0,0,0,0,0,,0,0,0,16,1,1,1,,0.0,40 00:49.975,,0,75 07:33.617,8,0,0,0,67301,1,0,0,N,1,0,0,3,67301,0,,1,1,,N,N,,0,,0,0,0,3,2,,1600,1,2,0,0,0,1,0,3,4,0,1,3,,N,,,,,,,,,,,
2006094414,920.0,2,0,0,0,0,0,0,0,0,2,0,,67,7,2006,2,,,913.0,6,0,0,0,0,0,1,0,0,,0,0,0,9,1,0,0,,0.0,,,7,,0,0,0,0,67301,0,0,0,N,0,0,0,2,67301,0,,1,1,,N,N,,0,,0,0,0,0,0,,920,0,2,0,0,0,0,0,3,3,0,2,3,,N,,,,,,,,,,,
2006126233,2025.0,0,0,0,0,0,0,0,0,0,8,0,,67,11,2006,4,40.0291,-75.1781,2020.0,6,0,0,0,0,0,0,1,0,,0,0,0,20,3,1,1,,0.0,40 01:44.659,,0,75 10:41.278,4,0,0,0,67301,1,0,0,N,1,0,0,2,67301,1,,1,8,,N,N,,1,,0,0,0,3,3,,2015,1,2,0,0,0,0,0,3,4,0,1,7,,N,,,,,,,,,,,
2006123847,1355.0,2,0,0,0,0,0,0,0,0,4,0,,67,10,2006,2,40.048,-75.0928,1354.0,6,0,0,0,0,0,0,0,0,,0,0,0,13,1,3,1,,0.0,40 02:52.000,,0,75 05:34.347,4,0,0,0,67301,0,0,0,N,0,0,0,4,67301,3,,1,1,,N,N,,0,,0,0,0,3,3,,1330,3,2,0,0,0,0,0,3,4,0,2,3,,N,,,,,,,,,,,
2006027466,828.0,3,0,0,0,0,0,0,0,0,4,0,,67,1,2006,3,40.0364,-75.1306,827.0,6,0,0,0,0,0,1,0,0,,0,0,0,8,1,1,1,,0.0,40 02:11.000,,0,75 07:50.219,8,0,0,0,67301,0,0,0,N,0,0,0,4,67301,0,,1,1,,N,N,,0,,0,0,0,3,2,,800,1,3,0,0,0,1,0,3,4,0,3,3,,N,,,,,,,,,,,
2006066199,1617.0,1,0,0,0,0,0,0,0,0,1,0,,67,5,2006,3,40.0205,-75.1139,1615.0,6,0,0,0,0,0,0,0,0,,0,0,0,16,1,1,0,,0.0,40 01:13.000,,0,75 06:49.690,4,0,0,0,67301,0,0,0,N,0,0,0,4,67301,1,,1,1,,N,N,,0,,0,0,1,0,0,,1613,1,3,0,0,0,0,0,3,4,1,3,3,,N,,,,,,,,,,,
2006056420,915.0,1,0,0,0,0,0,0,0,0,8,0,,67,3,2006,4,,,904.0,6,0,0,0,0,0,0,0,0,,0,0,0,8,1,1,0,,0.0,,,0,,4,0,0,0,67301,1,0,0,N,1,0,0,2,67301,1,,1,1,,N,N,,0,,0,0,0,0,0,,820,1,2,0,0,0,0,0,3,3,0,1,3,,N,,,,,,,,,,,
2006036557,1115.0,0,0,0,0,0,0,0,0,0,4,0,,67,2,2006,1,40.0108,-75.1266,1110.0,6,0,1,0,0,0,0,0,0,1.0,0,0,0,11,1,4,1,,1.0,40 00:38.808,1.0,0,75 07:35.921,4,0,0,0,67301,0,0,0,N,0,0,0,4,67301,3,,1,1,,N,N,,0,,0,0,0,3,2,Y,1108,4,2,0,0,0,1,0,3,4,2,2,3,,N,,,,,,,,,,,
2006036604,933.0,1,0,0,0,0,0,0,0,0,4,0,,67,2,2006,6,,,933.0,6,0,0,0,0,0,0,0,1,,0,0,0,9,1,1,1,,0.0,,,0,,3,0,0,0,67301,0,0,0,N,0,0,0,2,67301,0,,1,9,,N,N,,1,,1,0,0,9,3,,926,1,2,0,0,0,0,0,3,3,0,2,7,,N,,,,,,,,,,,