CRN,ARRIVAL_TM,AUTOMOBILE_COUNT,BELTED_DEATH_COUNT,BELTED_SUSP_SERIOUS_INJ_COUNT,BICYCLE_COUNT,BICYCLE_DEATH_COUNT,BICYCLE_SUSP_SERIOUS_INJ_COUNT,BUS_COUNT,CHLDPAS_DEATH_COUNT,CHLDPAS_SUSP_SERIOUS_INJ_COUNT,COLLISION_TYPE,COMM_VEH_COUNT,CONS_ZONE_SPD_LIM,COUNTY,CRASH_MONTH,CRASH_YEAR,DAY_OF_WEEK,DEC_LAT,DEC_LONG,DISPATCH_TM,DISTRICT,DRIVER_COUNT_16YR,DRIVER_COUNT_17YR,DRIVER_COUNT_18YR,DRIVER_COUNT_19YR,DRIVER_COUNT_20YR,DRIVER_COUNT_50_64YR,DRIVER_COUNT_65_74YR,DRIVER_COUNT_75PLUS,EST_HRS_CLOSED,FATAL_COUNT,HEAVY_TRUCK_COUNT,HORSE_BUGGY_COUNT,HOUR_OF_DAY,ILLUMINATION,INJURY_COUNT,INTERSECT_TYPE,INTERSECTION_RELATED,LANE_CLOSED,LATITUDE,LN_CLOSE_DIR,LOCATION_TYPE,LONGITUDE,MAX_SEVERITY_LEVEL,MCYCLE_DEATH_COUNT,MCYCLE_SUSP_SERIOUS_INJ_COUNT,MOTORCYCLE_COUNT,MUNICIPALITY,NONMOTR_COUNT,NONMOTR_DEATH_COUNT,NONMOTR_SUSP_SERIOUS_INJ_COUNT,NTFY_HIWY_MAINT,PED_COUNT,PED_DEATH_COUNT,PED_SUSP_SERIOUS_INJ_COUNT,PERSON_COUNT,POLICE_AGCY,POSSIBLE_INJ_COUNT,RDWY_SURF_TYPE_CD,RELATION_TO_ROAD,ROAD_CONDITION,ROADWAY_CLEARED,SCH_BUS_IND,SCH_ZONE_IND,SECONDARY_CRASH,SMALL_TRUCK_COUNT,SPEC_JURIS_CD,SUSP_MINOR_INJ_COUNT,SUSP_SERIOUS_INJ_COUNT,SUV_COUNT,TCD_FUNC_CD,TCD_TYPE,TFC_DETOUR_IND,TIME_OF_DAY,TOT_INJ_COUNT,TOTAL_UNITS,UNB_DEATH_COUNT,UNB_SUSP_SERIOUS_INJ_COUNT,UNBELTED_OCC_COUNT,UNK_INJ_DEG_COUNT,UNK_INJ_PER_COUNT,URBAN_AREA,URBAN_RURAL,VAN_COUNT,VEHICLE_COUNT,WEATHER1,WEATHER2,WORK_ZONE_IND,WORK_ZONE_LOC,WORK_ZONE_TYPE,WORKERS_PRES,WZ_CLOSE_DETOUR,WZ_FLAGGER,WZ_LAW_OFFCR_IND,WZ_LN_CLOSURE,WZ_MOVING,WZ_OTHER,WZ_SHLDER_MDN,WZ_WORKERS_INJ_KILLED
2006036648,2225.0,1,0,0,0,0,0,0,0,0,2,0,,67,2,2006,1,40.0633,-75.1721,2222.0,6,0,0,0,0,0,0,0,0,,0,0,0,22,3,1,0,,0.0,40 03:48.000,,0,75 10:19.426,8,0,0,0,67301,0,0,0,N,0,0,0,3,67301,0,,1,1,,N,N,,0,,0,0,0,0,0,,2221,1,2,0,0,0,1,0,3,4,1,2,3,,N,,,,,,,,,,,
2006036674,1240.0,1,0,0,0,0,0,0,0,0,2,0,,67,2,2006,5,40.0164,-75.0466,1230.0,6,0,0,0,0,1,0,0,0,1.0,0,0,0,99,3,1,0,,2.0,40 00:59.183,4.0,3,75 02:47.910,4,0,0,0,67301,0,0,0,N,0,0,0,2,67301,1,,1,1,,N,N,,0,,0,0,0,0,0,Y,9999,1,2,0,0,0,0,1,3,4,0,2,3,,N,,,,,,,,,,,
2006103146,9999.0,3,0,0,0,0,0,0,0,0,5,0,,67,9,2006,5,,,9999.0,6,0,0,0,0,0,0,0,0,,0,0,0,0,6,0,2,,0.0,,,0,,0,0,0,0,67301,0,0,0,N,0,0,0,2,67301,0,,1,9,,N,N,,0,,0,0,0,9,3,,2,0,3,0,0,0,0,0,3,3,0,3,7,,N,,,,,,,,,,,
2006102791,1440.0,1,0,0,0,0,0,0,0,0,5,1,,67,8,2006,3,39.9528,-75.1669,1435.0,6,0,0,0,0,0,0,0,0,,0,1,0,14,1,1,1,,0.0,39 57:09.000,,0,75 10:00.877,4,0,0,0,67301,0,0,0,N,0,0,0,2,67301,1,,1,1,,N,N,,0,,0,0,0,3,2,,1430,1,2,0,0,0,0,0,3,4,0,2,3,,N,,,,,,,,,,,
2006102796,1414.0,0,0,0,1,0,0,0,0,0,8,0,,67,8,2006,2,,,1359.0,6,0,0,0,0,0,0,1,0,,0,0,0,13,1,1,1,,0.0,,,0,,4,0,0,0,67301,1,0,0,N,0,0,0,2,67301,1,,1,1,,N,N,,0,,0,0,0,3,2,,1335,1,2,0,0,0,0,0,3,3,1,1,3,,N,,,,,,,,,,,
2006042534,1201.0,0,0,0,0,0,0,0,0,0,5,0,,67,3,2006,7,,,1201.0,6,0,0,0,0,0,1,0,0,,0,0,0,12,1,0,0,,0.0,,,5,,9,0,0,0,67301,0,0,0,,0,0,0,4,67501,0,,1,1,,N,N,,0,,0,0,1,3,2,,1201,0,2,0,0,0,0,1,3,3,1,2,3,,N,,,,,,,,,,,
2006037678,217.0,2,0,0,0,0,0,0,0,0,1,0,,67,3,2006,1,39.9218,-75.1897,216.0,6,0,0,0,0,0,0,0,0,,0,0,0,2,3,4,0,,0.0,39 55:18.000,,7,75 11:22.699,4,0,0,0,67301,0,0,0,N,0,0,0,4,67301,4,,1,1,,N,N,,0,,0,0,0,0,0,,215,4,2,0,0,2,0,0,3,4,0,2,3,,N,,,,,,,,,,,
2006079279,1158.0,2,0,0,0,0,0,0,0,0,4,0,,67,6,2006,6,,,1153.0,6,0,0,0,0,0,0,0,0,1.0,0,0,0,11,1,5,0,,1.0,,1.0,0,,3,0,0,0,67301,0,0,0,Y,0,0,0,6,67301,1,,1,1,,N,N,,0,,4,0,0,0,0,N,1151,5,2,0,0,0,0,1,3,3,0,2,3,,N,,,,,,,,,,,
2006079182,854.0,1,0,0,0,0,0,0,0,0,1,0,,67,6,2006,6,,,854.0,6,0,0,0,0,0,0,0,0,,0,0,0,8,1,1,0,,0.0,,,0,,3,0,0,0,67301,0,0,0,N,0,0,0,3,67301,0,,1,1,,N,Y,,0,,1,0,0,0,0,,840,1,2,0,0,0,0,0,3,3,1,2,3,,N,,,,,,,,,,,
2006081729,325.0,1,0,0,0,0,0,0,0,0,7,0,,67,6,2006,2,39.9214,-75.1922,325.0,6,0,0,0,0,0,0,0,0,,0,0,0,3,3,0,0,,0.0,39 55:17.000,,0,75 11:31.874,0,0,0,0,67301,0,0,0,N,0,0,0,1,67301,0,,5,1,,N,N,,0,,0,0,0,0,0,,320,0,1,0,0,0,0,0,3,4,0,1,3,,N,,,,,,,,,,,
2006079212,2057.0,2,0,0,0,0,0,0,0,0,4,1,,67,6,2006,3,39.9533,-75.1838,2051.0,6,0,0,0,0,0,0,0,0,,0,0,0,20,3,2,10,,0.0,39 57:12.000,,0,75 11:01.789,4,0,0,0,67301,0,0,0,N,0,0,0,2,67301,2,,1,1,,N,N,,0,,0,0,0,3,2,,2048,2,2,0,0,0,0,0,3,4,0,2,3,,N,,,,,,,,,,,
2006079631,137.0,1,0,0,0,0,0,0,0,0,7,0,,67,6,2006,5,39.9974,-75.082,133.0,6,0,0,0,0,0,0,0,0,2.0,0,0,0,1,3,0,0,,1.0,39 59:50.000,5.0,2,75 04:55.920,0,0,0,0,67301,0,0,0,Y,0,0,0,3,67301,0,,5,1,,N,N,,0,,0,0,0,0,0,N,133,0,1,0,0,0,0,0,3,4,0,1,3,,N,,,,,,,,,,,
2006082080,1645.0,0,0,0,0,0,0,0,0,0,7,0,,67,5,2006,7,,,1630.0,6,0,0,0,0,0,0,0,0,4.0,0,0,0,16,1,1,0,,2.0,,5.0,0,,8,0,0,0,67301,0,0,0,,0,0,0,1,67301,0,,3,9,,N,N,,0,,0,0,0,0,0,Y,1625,1,1,0,0,0,1,0,3,3,1,1,7,,N,,,,,,,,,,,
2006082100,1128.0,2,0,0,0,0,0,0,0,0,1,0,,67,5,2006,7,40.0431,-75.1456,1125.0,6,0,0,0,0,0,0,0,0,,0,0,0,11,1,1,0,,0.0,40 02:35.138,,0,75 08:44.145,8,0,0,0,67301,0,0,0,N,0,0,0,1,67301,0,,1,1,,N,N,,0,,0,0,0,0,0,,1125,1,3,0,0,0,1,0,3,4,1,3,3,,N,,,,,,,,,,,
2006079935,1152.0,2,0,0,0,0,0,0,0,0,4,0,,67,5,2006,3,,,1152.0,6,0,0,0,0,0,0,0,0,,0,0,0,99,1,0,1,,0.0,,,0,,0,0,0,0,67301,0,0,0,N,0,0,0,2,67301,0,,1,1,,N,N,,0,,0,0,1,3,3,,9999,0,4,0,0,0,0,0,3,3,1,4,3,,N,,,,,,,,,,,
2006079939,1026.0,1,0,0,0,0,0,0,0,0,4,0,,67,6,2006,7,40.0486,-75.1617,1023.0,6,0,0,1,0,0,0,0,0,,0,0,0,10,1,1,1,,0.0,40 02:54.852,,0,75 09:42.008,8,0,0,0,67301,0,0,0,N,0,0,0,2,67301,0,,1,9,,N,N,,0,,0,0,0,3,2,,1020,1,2,0,0,0,1,0,3,4,1,2,7,,N,,,,,,,,,,,
2006082528,920.0,2,0,0,0,0,0,0,0,0,1,0,,67,7,2006,7,40.0129,-75.1505,915.0,6,0,0,0,0,1,0,0,0,,0,0,0,9,1,1,0,,0.0,40 00:46.080,,0,75 09:02.160,4,0,0,0,67301,0,0,0,N,0,0,0,1,67301,1,,1,1,,N,N,,0,,0,0,0,0,0,,915,1,2,0,0,0,0,0,3,4,0,2,3,,N,,,,,,,,,,,
2006092929,1940.0,2,0,0,0,0,0,0,0,0,4,0,,67,8,2006,2,40.0521,-75.0678,1925.0,6,0,0,0,0,0,0,0,1,,0,0,0,19,1,1,0,,0.0,40 03:07.667,,0,75 04:03.984,3,0,0,0,67301,0,0,0,N,0,0,0,1,67301,0,,6,1,,N,N,,0,,1,0,0,0,0,,1921,1,2,0,0,0,0,0,3,4,0,2,3,,N,,,,,,,,,,,
2006035700,1140.0,2,0,0,0,0,0,0,0,0,4,0,,67,2,2006,3,,,1128.0,6,0,0,0,0,0,0,0,0,,0,0,0,11,1,0,1,,0.0,,,0,,0,0,0,0,67301,0,0,0,N,0,0,0,2,67301,0,,1,1,,N,N,,0,,0,0,0,9,3,,1115,0,2,0,0,0,0,0,3,3,0,2,3,,N,,,,,,,,,,,
2006033330,930.0,2,0,0,0,0,0,0,0,0,4,0,,67,2,2006,5,39.9751,-75.195,925.0,6,0,0,0,0,0,1,0,0,,0,0,0,9,1,0,1,,0.0,39 58:30.000,,0,75 11:41.771,0,0,0,0,67301,0,0,0,N,0,0,0,4,67301,0,,9,1,,N,N,,0,,0,0,0,3,2,,923,0,3,0,0,0,0,0,3,4,1,3,3,,N,,,,,,,,,,,
2006033335,1457.0,2,0,0,0,0,0,0,0,0,4,0,,67,2,2006,7,,,1444.0,6,0,0,0,0,0,0,0,0,,0,0,0,13,1,0,1,,0.0,,,0,,9,0,0,0,67301,0,0,0,,0,0,0,2,67301,0,,1,9,,N,N,,0,,0,0,0,3,2,,1357,0,2,0,0,0,0,1,3,3,0,2,7,,N,,,,,,,,,,,
2006032871,1720.0,2,0,0,0,0,0,0,0,0,4,0,,67,2,2006,7,,,1705.0,6,0,0,0,0,0,0,0,0,,0,0,0,17,1,4,1,,0.0,,,0,,4,0,0,0,67301,0,0,0,N,0,0,0,5,67301,1,,1,1,,N,N,,0,,0,0,0,3,2,,1705,4,2,0,0,0,3,0,3,3,0,2,3,,N,,,,,,,,,,,
2006032962,1539.0,1,0,0,0,0,0,0,0,0,4,0,,67,2,2006,1,39.8769,-75.2551,1539.0,6,0,0,0,0,0,1,0,0,,0,0,0,15,1,0,6,,0.0,39 52:37.000,,2,75 15:17.094,0,0,0,0,67301,0,0,0,N,0,0,0,2,67301,0,,1,2,,N,N,,1,,0,0,0,0,0,,1539,0,2,0,0,0,0,0,3,4,0,2,10,,N,,,,,,,,,,,
2006019871,2336.0,2,0,0,0,0,0,0,0,0,1,0,,67,1,2006,5,40.0407,-75.0762,2333.0,6,0,0,0,0,0,0,0,0,,0,0,0,23,3,3,1,,0.0,40 02:26.000,,0,75 04:34.461,4,0,0,0,67301,0,0,0,N,0,0,0,3,67301,3,,1,1,,N,N,,0,,0,0,0,3,2,,2306,3,2,0,0,0,0,0,3,4,0,2,3,,N,,,,,,,,,,,
2006020099,750.0,2,0,0,0,0,0,0,0,0,4,0,,67,1,2006,4,40.0876,-75.074,745.0,6,0,0,0,0,0,2,0,0,,0,0,0,7,1,1,2,,0.0,40 05:15.316,,0,75 04:26.446,8,0,0,0,67301,0,0,0,,0,0,0,2,67301,0,,1,9,,N,N,,0,,0,0,0,9,3,,740,1,2,0,0,0,1,1,3,4,0,2,3,,N,,,,,,,,,,,
2006020105,1245.0,2,0,0,0,0,0,0,0,0,4,0,,67,1,2006,2,40.069,-75.007,1237.0,6,0,0,0,0,0,2,0,0,,0,0,0,12,1,2,0,,0.0,40 04:08.000,,0,75 00:24.511,4,0,0,0,67301,0,0,0,,0,0,0,2,67301,2,,1,9,,N,N,,0,,0,0,0,0,0,,1235,2,2,0,0,0,0,0,3,4,0,2,7,,N,,,,,,,,,,,
2006020123,1427.0,2,0,0,0,0,0,0,0,0,3,0,,67,1,2006,6,40.0227,-75.1482,1424.0,6,0,0,0,0,0,0,0,0,,0,0,0,14,1,3,0,,0.0,40 01:22.000,,0,75 08:53.975,8,0,0,0,67301,1,0,0,N,0,0,0,3,67301,0,,6,1,,N,N,,0,,0,0,0,9,2,,1401,3,2,0,0,0,3,0,3,4,0,2,3,,N,,,,,,,,,,,
2006062707,1058.0,1,0,0,0,0,0,0,0,0,1,0,,67,4,2006,7,40.0003,-75.2285,1050.0,6,0,0,0,0,0,1,1,0,1.0,0,0,0,10,1,2,0,,1.0,40 00:01.080,2.0,0,75 13:43.320,4,0,0,0,67301,0,0,0,N,0,0,0,4,67301,2,,1,1,,N,N,,0,,0,0,0,0,0,N,1050,2,2,0,0,0,0,0,3,4,1,2,3,,N,,,,,,,,,,,
2006065461,110.0,1,0,0,0,0,0,0,0,0,8,0,,67,5,2006,6,40.0539,-75.1591,50.0,6,0,0,0,0,0,0,0,0,,0,0,0,22,3,1,0,,0.0,40 03:14.079,,0,75 09:32.648,4,0,0,0,67301,1,0,0,,1,0,0,2,67301,1,,1,1,,,,,0,,0,0,0,0,0,,2230,1,2,0,0,0,0,1,3,4,0,1,3,,N,,,,,,,,,,,
2006094474,902.0,1,0,0,0,0,0,0,0,0,8,0,,67,8,2006,7,39.955,-75.21,902.0,6,0,0,0,0,0,0,0,0,,0,0,0,9,1,1,1,,0.0,39 57:18.000,,0,75 12:36.107,8,0,0,0,67301,1,0,0,N,1,0,0,2,67301,0,,1,1,,N,N,,0,,0,0,0,3,2,,902,1,2,0,0,0,1,0,3,4,0,1,3,,N,,,,,,,,,,,
2006055419,1416.0,2,0,0,0,0,0,0,0,0,4,0,,67,3,2006,7,39.9752,-75.1211,1415.0,6,0,0,0,0,0,1,0,0,,0,0,0,14,1,0,1,,0.0,39 58:34.000,,0,75 07:11.189,9,0,0,0,67301,0,0,0,N,0,0,0,8,67301,0,,1,1,,N,N,,0,,0,0,0,3,2,,1414,0,2,0,0,0,0,1,3,4,0,2,3,,N,,,,,,,,,,,
2006094572,0.0,2,0,0,0,0,0,0,0,0,4,0,,67,7,2006,1,39.9533,-75.1838,145.0,6,0,0,0,0,0,0,0,0,1.0,0,0,0,1,3,3,1,,1.0,39 57:12.000,3.0,0,75 11:01.789,3,0,0,0,67301,0,0,0,N,0,0,0,3,67301,1,,1,1,,N,N,,0,,2,0,0,3,2,Y,133,3,2,0,0,3,0,0,3,4,0,2,3,,N,,,,,,,,,,,
2006055539,1550.0,1,0,0,0,0,0,0,0,0,8,0,,67,2,2006,6,39.965,-75.2246,1547.0,6,0,0,0,0,0,0,0,0,,0,0,0,15,1,1,1,,0.0,39 57:53.000,,0,75 13:28.378,4,0,0,0,67301,1,0,0,N,1,0,0,3,67301,1,,1,1,,N,N,,0,,0,0,0,3,2,,1530,1,2,0,0,0,0,0,3,4,0,1,3,,N,,,,,,,,,,,
2006055686,902.0,2,0,0,0,0,0,0,0,0,5,0,,67,5,2006,4,,,900.0,6,0,0,0,0,0,1,0,0,1.0,0,0,0,99,1,0,0,,1.0,,1.0,0,,0,0,0,0,67301,0,0,0,N,0,0,0,2,67301,0,,1,1,,N,N,,0,,0,0,0,0,0,N,9999,0,2,0,0,0,0,0,3,3,0,2,3,,N,,,,,,,,,,,
2006055647,1931.0,3,0,0,0,0,0,0,0,0,4,0,,67,4,2006,3,,,1924.0,6,0,0,0,0,1,0,0,0,,0,0,0,19,1,1,1,,0.0,,,0,,8,0,0,0,67301,0,0,0,,0,0,0,2,67301,0,,1,1,,,,,0,,0,0,0,9,3,,1905,1,3,0,0,0,1,0,3,3,0,3,3,,N,,,,,,,,,,,
2006055728,1100.0,1,0,0,0,0,0,0,0,0,7,0,,67,4,2006,4,39.9459,-75.1984,1040.0,6,0,0,0,0,0,1,0,0,1.0,0,0,0,10,1,1,0,,1.0,39 56:44.589,1.0,0,75 11:54.242,3,0,0,0,67301,0,0,0,N,0,0,0,1,67301,0,,2,1,,N,N,,0,,1,0,0,0,0,Y,1039,1,1,0,0,1,0,0,3,4,0,1,3,,N,,,,,,,,,,,
2006055743,5.0,2,0,0,0,0,0,0,0,0,4,0,,67,3,2006,2,39.9597,-75.2352,2357.0,6,0,0,0,0,0,0,0,0,,0,0,0,11,1,2,10,,0.0,39 57:35.000,,0,75 14:06.754,4,0,0,0,67301,0,0,0,N,0,0,0,3,67301,2,,1,1,,N,N,,0,,0,0,0,3,2,,1137,2,2,0,0,0,0,1,3,4,0,2,3,,N,,,,,,,,,,,
2006102427,724.0,2,0,0,0,0,0,0,0,0,1,0,,67,8,2006,1,40.0742,-75.0347,724.0,6,0,0,0,0,0,1,0,0,,0,0,0,7,1,1,1,,0.0,40 08:03.000,,0,75 00:32.780,4,0,0,0,67301,0,0,0,N,0,0,0,2,67301,1,,1,9,,N,N,,0,,0,0,0,3,2,,724,1,2,0,0,0,0,0,3,4,0,2,3,,N,,,,,,,,,,,
2006104966,2058.0,0,0,0,0,0,0,0,0,0,7,0,,67,9,2006,6,,,2055.0,6,0,0,0,0,0,0,1,0,,0,0,0,20,3,1,1,,0.0,,,0,,4,0,0,0,67301,0,0,0,,0,0,0,1,67301,1,,5,9,,,,,1,,0,0,0,3,3,,2052,1,1,0,0,0,0,0,3,3,0,1,7,,N,,,,,,,,,,,
2006104971,1226.0,0,0,0,0,0,0,1,0,0,5,1,,67,9,2006,6,40.0595,-75.0444,1224.0,6,0,0,0,0,0,2,0,0,,0,0,0,12,1,1,5,,0.0,40 03:33.649,,0,75 02:40.261,8,0,0,0,67301,0,0,0,N,0,0,0,5,67301,0,,1,1,,N,N,,0,,0,0,1,3,2,,1200,1,2,0,0,0,1,0,3,4,0,2,3,,N,,,,,,,,,,,
2006102497,1402.0,2,0,0,0,0,0,0,0,0,6,0,,67,9,2006,1,39.9753,-75.2455,1358.0,6,0,0,0,0,0,1,0,0,,0,0,0,13,1,4,1,,0.0,39 58:26.000,,0,75 14:43.248,3,0,0,0,67301,0,0,0,N,0,0,0,4,67301,0,,1,1,,N,N,,0,,1,0,0,9,2,,1358,4,2,0,0,0,3,0,3,4,0,2,3,,N,,,,,,,,,,,
2006102218,1539.0,2,0,0,0,0,0,0,0,0,1,0,,67,9,2006,3,40.0289,-75.106,1530.0,6,0,0,0,0,0,0,0,0,,0,0,0,16,1,1,2,,0.0,40 01:43.000,,0,75 06:21.910,4,0,0,0,67301,0,0,0,N,0,0,0,3,67301,1,,1,1,,N,N,,0,,0,0,0,3,2,,1630,1,3,0,0,0,0,2,3,4,1,3,3,,N,,,,,,,,,,,
2006054666,1242.0,2,0,0,0,0,0,0,0,0,4,0,,67,5,2006,5,40.0808,-75.0286,1242.0,6,0,0,0,0,0,0,0,0,1.0,0,0,0,12,1,0,5,,1.0,40 04:50.000,3.0,0,75 01:42.294,9,0,0,0,67301,0,0,0,,0,0,0,4,67301,0,,1,1,,,,,0,,0,0,0,3,2,N,1240,0,2,0,0,0,0,1,3,4,0,2,3,,N,,,,,,,,,,,
2006054700,820.0,1,0,0,0,0,0,0,0,0,8,0,,67,4,2006,2,40.0022,-75.2207,810.0,6,0,0,0,0,0,0,0,0,,0,0,0,7,1,1,0,,0.0,40 00:07.995,,0,75 13:14.448,4,0,0,0,67301,1,0,0,,1,0,0,2,67301,1,,1,8,,,,,0,,0,0,0,0,0,,745,1,2,0,0,0,0,0,3,4,0,1,7,,N,,,,,,,,,,,
2006062196,153.0,1,0,0,0,0,0,0,0,0,1,1,,67,2,2006,6,40.072,-75.0373,153.0,6,0,0,0,0,0,1,0,0,,0,1,0,1,3,1,0,,0.0,40 04:19.000,,0,75 02:14.583,3,0,0,0,67301,0,0,0,,0,0,0,2,67301,0,,1,1,,,,,0,,1,0,0,0,0,,152,1,2,0,0,0,0,0,3,4,0,2,3,,N,,,,,,,,,,,
2006062439,9999.0,2,0,0,0,0,0,0,0,0,6,0,,67,5,2006,6,39.9778,-75.1525,9999.0,6,0,0,0,0,0,0,0,0,,0,0,0,99,1,1,1,,0.0,39 58:40.000,,0,75 09:09.071,4,0,0,0,67301,0,0,0,N,0,0,0,2,67301,1,,1,1,,N,N,,0,,0,0,0,3,2,,9999,1,3,0,0,0,0,1,3,4,0,3,3,,N,,,,,,,,,,,
2006062440,1635.0,1,0,0,0,0,0,0,0,0,1,0,,67,5,2006,6,40.0123,-75.0586,1631.0,6,0,0,0,0,0,0,0,0,,0,0,0,16,1,2,0,,0.0,40 00:44.000,,0,75 03:31.070,4,0,0,0,67301,0,0,0,N,0,0,0,3,67301,1,,1,1,,N,N,,0,,0,0,0,3,2,,1624,2,2,0,0,0,1,0,3,4,1,2,3,,N,,,,,,,,,,,
2006062458,814.0,2,0,0,0,0,0,0,0,0,2,0,,67,4,2006,5,,,812.0,6,0,0,0,1,0,0,0,0,1.0,0,0,0,8,1,6,1,,1.0,,2.0,0,,8,0,0,0,67301,0,0,0,N,0,0,0,6,67301,0,,1,1,,N,N,,0,,0,0,0,3,2,N,810,6,2,0,0,0,6,0,3,3,0,2,3,,N,,,,,,,,,,,
2006062477,451.0,2,0,0,0,0,0,0,0,0,1,0,,67,5,2006,1,,,450.0,6,0,0,0,0,0,0,0,0,,0,0,0,4,3,2,0,,0.0,,,0,,4,0,0,0,67301,0,0,0,N,0,0,0,2,67301,1,,2,1,,N,N,,0,,0,0,0,0,0,,450,2,2,0,0,1,1,0,3,3,0,2,3,,N,,,,,,,,,,,
2006062512,1920.0,0,0,0,0,0,0,0,0,0,7,0,,67,5,2006,5,,,1913.0,6,0,0,0,0,0,0,0,0,3.0,0,0,0,19,3,0,0,,1.0,,2.0,0,,0,0,0,0,67301,0,0,0,N,0,0,0,1,67301,0,,5,1,,N,N,,0,,0,0,1,3,2,Y,1913,0,1,0,0,0,0,0,3,3,0,1,3,,N,,,,,,,,,,,
2006055006,1008.0,3,0,1,0,0,0,0,0,0,1,0,,67,3,2006,2,,,1008.0,6,0,0,0,0,0,0,1,0,9.0,0,0,0,10,1,3,0,,2.0,,3.0,0,,2,0,0,0,67301,0,0,0,,0,0,0,5,67301,1,,1,1,,N,N,,0,,1,1,0,3,3,Y,1008,3,3,0,0,2,0,1,3,3,0,3,3,,N,,,,,,,,,,,
2006055111,734.0,2,0,0,0,0,0,0,0,0,4,0,,67,4,2006,4,,,732.0,6,0,0,0,0,0,0,0,0,,0,0,0,7,1,3,0,,0.0,,,7,,4,0,0,0,67301,0,0,0,N,0,0,0,3,67301,3,,9,1,,N,N,,0,,0,0,0,0,0,,710,3,2,0,0,0,0,0,3,3,0,2,3,,N,,,,,,,,,,,
2006094065,740.0,1,0,0,0,0,0,0,0,0,8,0,,67,7,2006,7,,,730.0,6,0,0,0,0,0,0,1,0,,0,0,0,4,6,1,1,,0.0,,,0,,3,0,0,0,67301,1,0,0,N,1,0,0,2,67301,0,,1,1,,N,N,,0,,1,0,0,0,0,,450,1,2,0,0,0,0,0,3,3,0,1,3,,N,,,,,,,,,,,
2006055316,1515.0,1,0,0,0,0,0,0,0,0,8,0,,67,3,2006,2,40.0356,-75.2174,1515.0,6,0,0,0,0,0,0,0,0,1.0,0,0,0,15,1,1,1,,2.0,40 02:08.000,2.0,0,75 13:02.577,3,0,0,0,67301,1,0,0,N,1,0,0,2,67301,0,,1,1,,N,N,,0,,1,0,0,3,2,Y,1510,1,2,0,0,0,0,0,3,4,0,1,3,,N,,,,,,,,,,,
2006055226,1135.0,1,0,0,0,0,0,0,0,0,8,0,,67,4,2006,6,40.0289,-75.077,1127.0,6,0,0,0,0,0,0,0,0,,0,0,0,17,1,1,0,,0.0,40 01:43.903,,0,75 04:37.045,4,0,0,0,67301,1,0,0,,1,0,0,2,67301,1,,1,1,,,,,0,,0,0,0,0,0,,1700,1,2,0,0,0,0,0,3,4,0,1,3,,N,,,,,,,,,,,
2006094406,1348.0,1,0,0,0,0,0,0,0,0,7,0,,67,6,2006,5,40.0406,-75.1698,1344.0,6,0,0,0,0,0,0,0,0,,0,0,0,13,1,0,1,,0.0,40 02:26.242,,0,75 10:11.315,9,0,0,0,67301,0,0,0,N,0,0,0,1,67301,0,,4,1,,N,N,,0,,0,0,0,3,2,,1340,0,1,0,0,0,0,1,3,4,0,1,3,,N,,,,,,,,,,,
2006116089,1240.0,1,0,0,0,0,0,0,0,0,7,0,,67,10,2006,7,,,1234.0,6,0,0,0,0,1,0,0,0,2.0,0,0,0,99,2,2,0,,1.0,,4.0,0,,4,0,0,0,67301,0,0,0,Y,0,0,0,4,67301,2,,7,1,,N,N,,0,,0,0,0,0,0,N,9999,2,1,0,0,1,0,0,3,3,0,1,3,,N,,,,,,,,,,,
2006116101,1555.0,1,0,0,0,0,0,0,0,0,4,0,,67,10,2006,1,40.0271,-75.0411,1555.0,6,0,0,0,0,0,0,1,0,,0,0,0,15,1,1,1,,0.0,40 01:37.000,,0,75 02:28.110,4,0,0,1,67301,0,0,0,N,0,0,0,2,67301,1,,1,1,,N,N,,0,,0,0,0,3,2,,1545,1,2,0,0,1,0,0,3,4,0,2,3,,N,,,,,,,,,,,
2006056428,10.0,2,0,0,0,0,0,0,0,0,1,0,,67,3,2006,7,40.0288,-75.147,2359.0,6,0,0,0,0,0,0,0,0,,0,0,0,23,3,0,0,,0.0,40 01:44.000,,0,75 08:49.379,9,0,0,0,67301,0,0,0,N,0,0,0,3,67301,0,,1,1,,N,N,,0,,0,0,0,0,0,,2359,0,4,0,0,0,0,2,3,4,2,4,3,,N,,,,,,,,,,,
2006033793,1500.0,0,0,0,0,0,0,0,0,0,4,1,,67,2,2006,2,39.9683,-75.2044,1452.0,6,0,0,0,0,0,2,0,0,,0,1,0,14,1,1,1,,0.0,39 58:05.980,,0,75 12:15.721,8,0,0,0,67301,0,0,0,N,0,0,0,2,67301,0,,1,1,,N,N,,1,,0,0,0,9,3,,1440,1,2,0,0,0,1,0,3,4,0,2,3,,N,,,,,,,,,,,
2006034179,920.0,0,0,0,0,0,0,0,0,0,1,0,,67,2,2006,5,39.9603,-75.1969,915.0,6,0,0,0,0,0,0,0,0,,0,0,0,9,1,1,1,,0.0,39 57:37.000,,0,75 11:49.126,4,0,0,0,67301,0,0,0,N,0,0,0,3,67301,1,,1,1,,N,N,,0,,0,0,0,3,2,,900,1,2,0,0,0,0,0,3,4,1,2,99,,N,,,,,,,,,,,