CRN,ARRIVAL_TM,AUTOMOBILE_COUNT,BELTED_DEATH_COUNT,BELTED_SUSP_SERIOUS_INJ_COUNT,BICYCLE_COUNT,BICYCLE_DEATH_COUNT,BICYCLE_SUSP_SERIOUS_INJ_COUNT,BUS_COUNT,CHLDPAS_DEATH_COUNT,CHLDPAS_SUSP_SERIOUS_INJ_COUNT,COLLISION_TYPE,COMM_VEH_COUNT,CONS_ZONE_SPD_LIM,COUNTY,CRASH_MONTH,CRASH_YEAR,DAY_OF_WEEK,DEC_LAT,DEC_LONG,DISPATCH_TM,DISTRICT,DRIVER_COUNT_16YR,DRIVER_COUNT_17YR,DRIVER_COUNT_18YR,DRIVER_COUNT_19YR,DRIVER_COUNT_20YR,DRIVER_COUNT_50_64YR,DRIVER_COUNT_65_74YR,DRIVER_COUNT_75PLUS,EST_HRS_CLOSED,FATAL_COUNT,HEAVY_TRUCK_COUNT,HORSE_BUGGY_COUNT,HOUR_OF_DAY,ILLUMINATION,INJURY_COUNT,INTERSECT_TYPE,INTERSECTION_RELATED,LANE_CLOSED,LATITUDE,LN_CLOSE_DIR,LOCATION_TYPE,LONGITUDE,MAX_SEVERITY_LEVEL,MCYCLE_DEATH_COUNT,MCYCLE_SUSP_SERIOUS_INJ_COUNT,MOTORCYCLE_COUNT,MUNICIPALITY,NONMOTR_COUNT,NONMOTR_DEATH_COUNT,NONMOTR_SUSP_SERIOUS_INJ_COUNT,NTFY_HIWY_MAINT,PED_COUNT,PED_DEATH_COUNT,PED_SUSP_SERIOUS_INJ_COUNT,PERSON_COUNT,POLICE_AGCY,POSSIBLE_INJ_COUNT,RDWY_SURF_TYPE_CD,RELATION_TO_ROAD,ROAD_CONDITION,ROADWAY_CLEARED,SCH_BUS_IND,SCH_ZONE_IND,SECONDARY_CRASH,SMALL_TRUCK_COUNT,SPEC_JURIS_CD,SUSP_MINOR_INJ_COUNT,SUSP_SERIOUS_INJ_COUNT,SUV_COUNT,TCD_FUNC_CD,TCD_TYPE,TFC_DETOUR_IND,TIME_OF_DAY,TOT_INJ_COUNT,TOTAL_UNITS,UNB_DEATH_COUNT,UNB_SUSP_SERIOUS_INJ_COUNT,UNBELTED_OCC_COUNT,UNK_INJ_DEG_COUNT,UNK_INJ_PER_COUNT,URBAN_AREA,URBAN_RURAL,VAN_COUNT,VEHICLE_COUNT,WEATHER1,WEATHER2,WORK_ZONE_IND,WORK_ZONE_LOC,WORK_ZONE_TYPE,WORKERS_PRES,WZ_CLOSE_DETOUR,WZ_FLAGGER,WZ_LAW_OFFCR_IND,WZ_LN_CLOSURE,WZ_MOVING,WZ_OTHER,WZ_SHLDER_MDN,WZ_WORKERS_INJ_KILLED
2006065544,740.0,2,0,0,0,0,0,0,0,0,4,0,,67,5,2006,4,39.9533,-75.1838,929.0,6,0,0,0,1,0,0,0,0,,0,0,0,9,1,1,1,,0.0,39 57:12.000,,0,75 11:01.789,4,0,0,0,67301,0,0,0,N,0,0,0,2,67301,1,,1,1,,N,N,,0,,0,0,0,3,2,,910,1,2,0,0,0,0,0,3,4,0,2,3,,N,,,,,,,,,,,
2006055358,1447.0,2,0,0,0,0,0,0,0,0,4,0,,67,2,2006,3,39.9966,-75.1755,1444.0,6,0,0,0,0,0,0,0,0,,0,0,0,14,1,2,1,,0.0,39 59:47.000,,0,75 10:31.991,4,0,0,0,67301,0,0,0,,0,0,0,4,67301,2,,1,1,,,,,0,,0,0,0,3,2,,1420,2,2,0,0,0,0,0,3,4,0,2,3,,N,,,,,,,,,,,
2006055615,1255.0,2,0,0,0,0,0,0,0,0,1,0,,67,4,2006,6,40.0363,-75.0643,1245.0,6,0,0,0,0,0,1,0,0,,0,0,0,12,1,1,10,,0.0,40 02:10.000,,6,75 03:51.302,3,0,0,0,67301,0,0,0,N,0,0,0,3,67301,0,,1,1,,N,N,,0,,1,0,0,0,0,,1235,1,2,0,0,1,0,1,3,4,0,2,3,,N,,,,,,,,,,,
2006055638,1305.0,1,0,0,0,0,0,0,0,0,5,0,,67,4,2006,3,39.9597,-75.2352,1254.0,6,0,0,0,0,0,1,0,0,,0,0,0,12,1,2,1,,0.0,39 57:35.000,,0,75 14:06.754,4,0,0,0,67301,0,0,0,N,0,0,0,3,67301,2,,1,1,,N,N,,0,,0,0,1,3,2,,1252,2,2,0,0,2,0,0,3,4,0,2,3,,N,,,,,,,,,,,
2006055650,2039.0,3,0,0,0,0,0,0,0,0,2,0,,67,2,2006,4,39.9594,-75.1987,2037.0,6,0,0,0,0,0,0,0,0,,0,0,0,20,3,2,2,,0.0,39 57:33.984,,0,75 11:55.262,4,0,0,0,67301,0,0,0,N,0,0,0,2,67301,2,,1,1,,N,N,,0,,0,0,0,3,3,,2037,2,3,0,0,0,0,0,3,4,0,3,3,,N,,,,,,,,,,,
2006055716,2206.0,1,0,0,0,0,0,0,0,0,5,0,,67,5,2006,3,39.9244,-75.1696,2205.0,6,0,0,0,0,0,1,0,0,,0,0,0,22,3,2,1,,0.0,39 55:27.000,,0,75 10:11.204,8,0,0,1,67301,0,0,0,N,0,0,0,3,67301,0,,1,1,,N,N,,0,,0,0,0,3,2,,2200,2,2,0,0,0,2,0,3,4,0,2,3,,N,,,,,,,,,,,
2006055768,1725.0,0,0,0,0,0,0,0,0,0,5,0,,67,4,2006,4,,,1720.0,6,0,0,0,0,0,1,0,0,,0,0,0,17,1,0,0,,0.0,,,7,,0,0,0,0,67301,0,0,0,N,0,0,0,4,67301,0,,1,1,,N,N,,1,,0,0,0,0,0,,1718,0,2,0,0,0,0,0,3,3,0,2,3,,N,,,,,,,,,,,
2006055774,356.0,1,0,0,0,0,0,0,0,0,7,0,,67,4,2006,7,40.01,-75.0643,352.0,6,0,0,0,0,0,0,0,0,1.0,0,0,0,3,3,0,0,,2.0,40 00:34.000,2.0,0,75 03:56.185,0,0,0,0,67301,0,0,0,N,0,0,0,2,67301,0,,2,9,,N,N,,0,,0,0,0,0,0,N,350,0,1,0,0,0,0,0,3,4,0,1,7,,N,,,,,,,,,,,
2006104951,2003.0,2,0,0,0,0,0,0,0,0,3,0,,67,7,2006,5,,,2000.0,6,0,0,0,0,0,0,0,0,,0,0,0,19,3,1,0,,0.0,,,0,,8,0,0,0,67301,0,0,0,N,0,0,0,3,67301,0,,1,9,,N,N,,0,,0,0,0,9,3,,1955,1,2,0,0,0,1,0,3,3,0,2,7,,N,,,,,,,,,,,
2006126888,1310.0,2,0,0,0,0,0,0,0,0,2,0,,67,10,2006,4,39.8975,-75.2523,1305.0,6,0,0,0,0,0,0,0,0,,0,0,0,12,1,1,1,,0.0,39 53:50.935,,0,75 15:08.445,4,0,0,0,67301,0,0,0,N,0,0,0,2,67301,1,,1,1,,N,N,,0,,0,0,0,3,2,,1245,1,2,0,0,0,0,1,3,4,0,2,3,,N,,,,,,,,,,,
2006102480,855.0,0,0,0,1,0,0,1,0,0,4,1,,67,8,2006,6,39.9738,-75.2582,851.0,6,0,0,0,0,0,0,0,0,,0,0,0,8,1,1,3,,0.0,39 58:25.000,,0,75 15:29.444,3,0,0,0,67301,1,0,0,N,0,0,0,2,67301,0,,4,1,,N,N,,0,,1,0,0,0,0,,847,1,2,0,0,0,0,0,3,4,0,1,3,,N,,,,,,,,,,,
2006102192,1820.0,3,0,0,0,0,0,0,0,0,4,0,,67,7,2006,5,39.9862,-75.1044,1811.0,6,0,0,1,0,0,0,0,0,,0,0,0,18,1,2,1,,0.0,39 59:10.485,,0,75 06:15.828,4,0,0,0,67301,0,0,0,N,0,0,0,4,67301,2,,1,1,,N,N,,0,,0,0,0,3,2,,1811,2,3,0,0,0,0,0,3,4,0,3,3,,N,,,,,,,,,,,
2006102204,807.0,4,0,0,0,0,0,0,0,0,4,0,,67,9,2006,1,,,805.0,6,0,0,0,0,0,0,0,0,,0,0,0,7,5,0,0,,0.0,,,0,,0,0,0,0,67301,0,0,0,N,0,0,0,1,67301,0,,2,1,,N,N,,1,,0,0,0,0,0,,720,0,5,0,0,0,0,0,3,3,0,5,3,,N,,,,,,,,,,,
2006102216,1755.0,2,0,0,0,0,0,0,0,0,1,0,,67,9,2006,1,39.9639,-75.1847,1349.0,6,0,0,0,0,0,1,0,0,2.0,0,0,0,13,1,2,2,,1.0,39 57:50.000,3.0,2,75 11:05.169,8,0,0,0,67301,0,0,0,N,0,0,0,6,67301,0,,1,1,,N,N,,1,,0,0,0,3,2,N,1323,2,3,0,0,0,2,0,3,4,0,3,3,,N,,,,,,,,,,,
2006124628,9999.0,1,0,0,0,0,0,0,0,0,1,0,,67,11,2006,1,,,9999.0,6,0,0,0,0,0,0,0,0,,0,0,0,99,3,2,2,,0.0,,,0,,3,0,0,0,67301,0,0,0,N,0,0,0,3,67301,0,,1,1,,N,N,,0,,2,0,0,3,2,,9999,2,2,0,0,0,0,0,3,3,0,2,3,,N,,,,,,,,,,,
2006124917,758.0,1,0,0,0,0,0,1,0,0,1,1,,67,10,2006,3,39.9613,-75.1752,751.0,6,0,0,0,0,0,1,0,1,,0,0,0,6,1,1,1,,0.0,39 57:40.000,,0,75 10:31.301,4,0,0,0,67301,0,0,0,N,0,0,0,2,67301,1,,1,1,,N,N,,0,,0,0,0,3,2,,636,1,2,0,0,0,0,0,3,4,0,2,3,,N,,,,,,,,,,,
2006062244,534.0,1,0,0,0,0,0,0,0,0,2,0,,67,5,2006,1,,,527.0,6,0,0,0,0,0,0,0,0,,0,0,0,5,1,2,1,,0.0,,,0,,4,0,0,0,67301,0,0,0,N,0,0,0,3,67301,1,,1,1,,N,N,,0,,0,0,1,3,2,,525,2,2,0,0,3,1,0,3,3,0,2,3,,N,,,,,,,,,,,
2006062277,2035.0,1,0,0,0,0,0,0,0,0,8,0,,67,5,2006,4,40.0497,-75.1605,2027.0,6,0,0,0,0,0,0,0,0,,0,0,0,20,3,1,1,,0.0,40 02:58.768,,0,75 09:37.864,3,0,0,0,67301,1,0,0,N,1,0,0,2,67301,0,,1,1,,N,N,,0,,1,0,0,3,2,,2021,1,2,0,0,0,0,0,3,4,0,1,3,,N,,,,,,,,,,,
2006054710,1040.0,1,0,0,0,0,0,0,0,0,4,0,,67,4,2006,6,40.0511,-75.0745,2233.0,6,0,0,0,0,0,0,0,0,,0,0,0,22,3,2,1,,0.0,40 03:04.104,,0,75 04:28.081,8,0,0,0,67301,0,0,0,N,0,0,0,3,67301,0,,1,1,,N,N,,0,,0,0,1,0,0,,2230,2,2,0,0,0,2,1,3,4,0,2,3,,N,,,,,,,,,,,
2006062203,625.0,2,0,0,0,0,0,0,0,0,6,0,,67,4,2006,1,40.0232,-75.1367,623.0,6,0,0,0,0,0,1,0,0,,0,0,0,6,1,3,1,,0.0,40 01:23.000,,0,75 08:13.201,4,0,0,0,67301,0,0,0,N,0,0,0,4,67301,1,,1,1,,N,N,,0,,0,0,0,3,2,,620,3,2,0,0,0,2,1,3,4,0,2,3,,N,,,,,,,,,,,
2006062384,1712.0,1,0,0,0,0,0,1,0,0,6,1,,67,5,2006,3,40.0677,-75.1554,1709.0,6,0,0,0,0,0,0,1,0,,0,0,0,16,1,1,0,,0.0,40 04:03.896,,0,75 09:19.389,3,0,0,0,67301,1,0,0,N,0,0,0,2,67301,0,,1,9,,Y,N,,0,,1,0,0,0,0,,1600,1,2,0,0,0,0,1,3,4,0,2,3,,N,,,,,,,,,,,
2006054752,2322.0,0,0,0,0,0,0,1,0,0,8,1,,67,3,2006,6,39.9541,-75.178,2318.0,6,0,0,0,0,0,0,0,0,2.0,0,0,0,23,3,1,0,,1.0,39 57:14.000,3.0,0,75 10:41.218,3,0,0,0,67301,1,0,0,N,1,0,0,6,67301,0,,1,1,,N,N,,0,,1,0,0,0,0,N,2310,1,2,0,0,0,0,0,3,4,0,1,3,,N,,,,,,,,,,,
2006062493,1920.0,2,0,0,0,0,0,0,0,0,4,0,,67,4,2006,3,,,1910.0,6,0,0,0,0,0,0,1,0,,0,0,0,16,1,0,2,,0.0,,,0,,9,0,0,0,67301,0,0,0,N,0,0,0,3,67301,0,,1,1,,N,N,,0,,0,0,0,3,3,,1600,0,2,0,0,0,0,3,3,3,0,2,3,,N,,,,,,,,,,,
2006094005,808.0,0,0,0,1,0,0,0,0,0,6,0,,67,7,2006,2,39.9378,-75.1667,807.0,6,0,0,0,0,0,0,0,0,,0,0,0,8,1,1,0,,0.0,39 56:16.199,,0,75 10:00.143,4,0,0,0,67301,1,0,0,N,0,0,0,2,67301,1,,4,1,,N,N,,0,,0,0,1,0,0,,800,1,2,0,0,1,0,0,3,4,0,1,3,,N,,,,,,,,,,,
2006055017,831.0,1,0,0,0,0,0,0,0,0,4,0,,67,4,2006,6,39.9858,-75.181,830.0,6,0,0,0,0,0,0,0,0,,0,0,0,8,1,3,1,,0.0,39 59:09.000,,0,75 10:51.763,3,0,0,0,67301,0,0,0,N,0,0,0,4,67301,2,,1,1,,N,N,,0,,1,0,0,3,2,,828,3,2,0,0,0,0,0,3,4,1,2,3,,N,,,,,,,,,,,
2006055079,800.0,1,0,0,0,0,0,0,0,0,8,0,,67,3,2006,4,,,757.0,6,0,0,0,0,0,0,0,0,,0,0,0,7,1,1,2,,0.0,,,0,,4,0,0,0,67301,1,0,0,N,1,0,0,2,67301,1,,1,1,,N,N,,0,,0,0,0,3,2,,755,1,2,0,0,0,0,0,3,3,0,1,3,,N,,,,,,,,,,,
2006055080,1451.0,2,0,0,0,0,0,0,0,0,4,0,,67,4,2006,1,39.8978,-75.2529,1446.0,6,0,0,0,1,0,1,0,0,,0,0,0,14,1,1,0,,0.0,39 53:52.080,,0,75 15:10.800,8,0,0,0,67301,0,0,0,,0,0,0,3,67301,0,,1,1,,N,N,,0,,0,0,1,3,2,,1440,1,3,0,0,0,1,0,3,4,0,3,3,,N,,,,,,,,,,,
2006055208,1630.0,2,0,0,0,0,0,0,0,0,4,0,,67,2,2006,2,39.9686,-75.2021,1611.0,6,0,0,0,1,0,0,0,0,,0,0,0,16,1,1,2,,0.0,39 58:06.913,,0,75 12:07.693,8,0,0,0,67301,0,0,0,,0,0,0,2,67301,0,,1,1,,N,N,,0,,0,0,0,9,3,,1600,1,2,0,0,0,1,0,3,4,0,2,3,,N,,,,,,,,,,,
2006055244,1610.0,0,0,0,0,0,0,0,0,0,8,0,,67,3,2006,4,39.9741,-75.2043,1604.0,6,0,0,0,0,0,0,0,0,,0,0,0,99,1,1,1,,0.0,39 58:26.000,,0,75 12:14.694,3,0,0,0,67301,1,0,0,,1,0,0,2,67301,0,,7,1,,,,,0,,1,0,0,0,0,,9999,1,2,0,0,0,0,1,3,4,0,1,3,,N,,,,,,,,,,,
2006094361,48.0,2,0,0,0,0,0,0,0,0,4,0,,67,7,2006,7,39.9258,-75.1693,46.0,6,0,0,0,0,0,0,0,0,1.0,0,0,0,0,3,1,0,,2.0,39 55:32.000,2.0,0,75 10:09.847,8,0,0,0,67301,0,0,0,N,0,0,0,1,67301,0,,3,1,,N,N,,1,,0,0,0,0,0,Y,18,1,3,0,0,0,1,0,3,4,0,3,3,,N,,,,,,,,,,,
2006094418,1255.0,2,0,0,0,0,0,0,0,0,4,0,,67,8,2006,7,40.1223,-75.0131,1253.0,6,0,0,0,0,0,0,0,0,1.0,0,0,0,12,1,5,2,,1.0,40 07:20.334,3.0,0,75 00:47.260,4,0,0,0,67301,0,0,0,N,0,0,0,6,67301,5,,1,1,,N,N,,0,,0,0,0,0,0,N,1245,5,2,0,0,0,0,1,3,4,0,2,3,,N,,,,,,,,,,,
2006094425,1115.0,1,0,0,0,0,0,0,0,0,4,0,,67,7,2006,7,40.0319,-75.1088,1108.0,6,0,0,0,0,0,1,0,0,,0,0,0,11,1,1,0,,0.0,40 01:54.690,,0,75 06:31.721,8,0,0,0,67301,0,0,0,N,0,0,0,3,67301,0,,1,1,,N,N,,0,,0,0,0,0,0,,1100,1,2,0,0,1,1,0,3,4,1,2,3,,N,,,,,,,,,,,
2006126172,1148.0,0,0,0,0,0,0,1,0,0,8,1,,67,11,2006,4,40.0016,-75.1528,1147.0,6,0,0,0,0,0,0,0,0,,0,0,0,11,1,1,2,,0.0,40 00:06.000,,0,75 09:10.512,4,0,0,0,67301,1,0,0,N,1,0,0,2,67301,1,,1,9,,N,N,,0,,0,0,0,9,2,,1145,1,2,0,0,0,0,0,3,4,0,1,7,,N,,,,,,,,,,,
2006126175,1255.0,1,0,0,0,0,0,0,0,0,4,0,,67,11,2006,4,39.9392,-75.1594,1245.0,6,0,0,0,0,0,0,1,0,,0,0,0,12,1,1,1,,0.0,39 56:21.058,,0,75 09:33.879,4,0,0,0,67301,0,0,0,N,0,0,0,2,67301,1,,1,9,,N,N,,1,,0,0,0,3,2,,1240,1,2,0,0,2,0,0,3,4,0,2,7,,N,,,,,,,,,,,
2006056487,1218.0,0,0,0,0,0,0,0,0,0,7,0,,67,3,2006,5,39.9714,-75.1594,1218.0,6,0,0,0,0,0,0,0,0,,0,0,0,12,1,1,1,,0.0,39 58:17.000,,0,75 09:34.169,4,0,0,0,67301,0,0,0,N,0,0,0,1,67301,1,,3,1,,N,N,,0,,0,0,1,3,2,,1217,1,1,0,0,0,0,0,3,4,0,1,3,,N,,,,,,,,,,,
2006054030,216.0,2,0,0,0,0,0,0,0,0,1,0,,67,4,2006,7,39.9891,-75.0896,215.0,6,0,0,0,0,0,0,0,0,1.0,0,0,0,2,3,1,1,,1.0,39 59:20.000,2.0,0,75 05:22.482,3,0,0,0,67301,0,0,0,N,0,0,0,4,67301,0,,1,9,,N,N,,0,,1,0,0,3,2,N,212,1,2,0,0,1,0,0,3,4,0,2,98,,N,,,,,,,,,,,
2006036483,930.0,3,0,0,0,0,0,0,0,0,1,0,,67,2,2006,4,40.0479,-75.0135,827.0,6,0,0,0,0,0,1,0,0,,0,0,0,9,1,1,0,,0.0,40 02:52.000,,0,75 00:48.775,4,0,0,0,67301,0,0,0,,0,0,0,3,67301,1,,1,1,,N,N,,0,,0,0,0,3,2,,927,1,3,0,0,0,0,0,3,4,0,3,3,,N,,,,,,,,,,,
2006036637,110.0,2,0,0,0,0,0,0,0,0,4,0,,67,2,2006,7,40.0713,-75.1545,1257.0,6,0,0,0,0,0,1,0,0,,0,0,0,12,1,1,2,,0.0,40 04:16.000,,0,75 09:16.040,4,0,0,0,67301,0,0,0,N,0,0,0,5,67301,1,,1,9,,N,N,,0,,0,0,0,9,3,,1245,1,3,0,0,0,0,1,3,4,1,3,7,,N,,,,,,,,,,,
2006019449,40.0,1,0,0,0,0,0,0,0,0,1,1,,67,1,2006,6,39.9045,-75.2404,29.0,6,0,0,0,0,0,0,0,0,,0,1,0,0,3,1,0,,0.0,39 54:16.000,,0,75 14:26.716,8,0,0,0,67301,0,0,0,N,0,0,0,2,67301,0,,1,1,,N,N,,0,,0,0,0,0,0,,5,1,2,0,0,0,1,1,3,4,0,2,3,,N,,,,,,,,,,,
2006024631,2017.0,1,0,0,0,0,0,0,0,0,4,0,,67,1,2006,7,40.0146,-75.1567,2015.0,6,0,0,0,0,0,0,0,0,1.0,0,0,0,20,3,2,1,,2.0,40 00:52.000,6.0,0,75 09:24.112,4,0,0,0,67301,0,0,0,N,0,0,0,4,67301,2,,1,1,,N,N,,0,,0,0,0,3,2,Y,2014,2,2,0,0,0,0,2,3,4,1,2,3,,N,,,,,,,,,,,
2006103193,2326.0,2,0,0,0,0,0,0,0,0,5,0,,67,8,2006,1,40.0083,-75.1944,2322.0,6,0,0,0,1,0,0,0,0,,0,0,0,23,3,1,2,,0.0,40 00:26.000,,0,75 11:31.377,3,0,0,0,67301,0,0,0,N,0,0,0,4,67301,0,,1,1,,N,N,,0,,1,0,0,3,2,,2320,1,2,0,0,0,0,0,3,4,0,2,3,,N,,,,,,,,,,,
2006103240,1546.0,2,0,0,0,0,0,0,0,0,1,0,,67,9,2006,5,39.9566,-75.1439,1545.0,6,0,0,0,0,0,0,1,0,,0,0,0,15,1,1,5,,0.0,39 57:23.760,,0,75 08:38.040,4,0,0,0,67301,0,0,0,N,0,0,0,3,67301,1,,1,1,,N,N,,1,,0,0,0,3,2,,1500,1,3,0,0,0,0,0,3,4,0,3,3,,N,,,,,,,,,,,
2006033666,1233.0,2,0,0,0,0,0,0,0,0,4,0,,67,2,2006,6,39.9299,-75.1635,1230.0,6,0,0,0,0,0,0,0,0,,0,0,0,12,1,1,1,,0.0,39 55:47.470,,0,75 09:48.661,8,0,0,0,67301,0,0,0,N,0,0,0,2,67301,0,,1,1,,N,N,,0,,0,0,0,3,2,,1230,1,2,0,0,0,1,0,3,4,0,2,3,,N,,,,,,,,,,,
2006036160,2226.0,2,0,0,0,0,0,0,0,0,4,0,,67,2,2006,1,39.9784,-75.1146,2223.0,6,0,0,0,0,0,0,0,0,1.0,0,0,0,22,3,1,1,,1.0,39 58:42.000,6.0,0,75 06:53.012,4,0,0,0,67301,0,0,0,N,0,0,0,2,67301,1,,1,1,,N,N,,0,,0,0,0,3,2,N,2223,1,2,0,0,1,0,0,3,4,0,2,3,,N,,,,,,,,,,,
2006065014,1724.0,1,0,0,0,0,0,0,0,0,8,0,,67,5,2006,1,40.0432,-75.067,1720.0,6,0,1,0,0,0,0,0,0,,0,0,0,17,1,1,0,,0.0,40 02:35.690,,0,75 04:01.220,4,0,0,0,67301,1,0,0,N,1,0,0,2,67301,1,,1,1,,N,N,,0,,0,0,0,0,0,,1720,1,2,0,0,0,0,0,3,4,0,1,3,,N,,,,,,,,,,,
2006065064,1855.0,1,0,0,1,0,0,0,0,0,4,0,,67,5,2006,3,39.998,-75.1212,1850.0,6,0,1,0,0,0,0,0,0,,0,0,0,18,1,1,2,,0.0,39 59:52.746,,0,75 07:16.370,8,0,0,0,67301,1,0,0,N,0,0,0,3,67301,0,,1,1,,N,N,,0,,0,0,0,9,9,,1850,1,2,0,0,2,1,0,3,4,0,1,3,,N,,,,,,,,,,,
2006065428,2208.0,2,0,0,0,0,0,0,0,0,1,0,,67,5,2006,4,39.9574,-75.1408,2201.0,6,0,0,0,0,0,0,0,0,1.0,0,0,0,21,3,0,0,,2.0,39 57:28.000,1.0,0,75 08:26.553,0,0,0,0,67301,0,0,0,N,0,0,0,4,67301,0,,1,1,,N,N,,0,,0,0,0,0,0,N,2150,0,2,0,0,0,0,0,3,4,0,2,3,,N,,,,,,,,,,,
2006062902,1935.0,1,0,0,0,0,0,0,0,0,8,0,,67,5,2006,2,40.0208,-75.1162,1934.0,6,0,0,0,0,0,0,0,0,,0,0,0,19,1,1,0,,0.0,40 01:14.739,,0,75 06:58.356,4,0,0,0,67301,1,0,0,N,1,0,0,2,67301,1,,1,1,,N,N,,0,,0,0,0,0,0,,1933,1,2,0,0,0,0,1,3,4,0,1,3,,N,,,,,,,,,,,
2006065514,1638.0,1,0,0,0,0,0,0,0,0,8,0,,67,5,2006,4,40.054,-75.1787,1634.0,6,0,0,0,0,0,0,0,0,1.0,0,0,0,16,1,1,0,,2.0,40 03:14.000,5.0,0,75 10:43.296,3,0,0,0,67301,1,0,0,N,1,0,0,3,67301,0,,1,1,,N,Y,,0,,1,0,0,0,0,Y,1631,1,2,0,0,0,0,0,3,4,0,1,3,,N,,,,,,,,,,,
2006065556,1944.0,1,0,0,0,0,0,0,0,0,7,0,,67,5,2006,1,40.0231,-75.0588,1939.0,6,0,0,0,0,0,0,0,0,,0,0,0,19,1,0,1,,0.0,40 01:23.282,,0,75 03:31.838,9,0,0,0,67301,0,0,0,,0,0,0,2,67301,0,,5,1,,,,,0,,0,0,0,9,3,,1935,0,1,0,0,2,0,2,3,4,0,1,3,,N,,,,,,,,,,,
2006055477,1201.0,1,0,0,0,0,0,0,0,0,8,0,,67,3,2006,2,,,1128.0,6,0,0,0,0,0,0,0,0,,0,0,0,19,3,2,2,,0.0,,,0,,8,0,0,0,67301,3,0,0,N,3,0,0,4,67301,0,,1,1,,N,N,,0,,0,0,0,9,3,,1937,2,4,0,0,0,2,1,3,3,0,1,99,,N,,,,,,,,,,,
2006055516,2345.0,1,0,0,0,0,0,0,0,0,2,0,,67,3,2006,6,40.0808,-75.0286,2340.0,6,0,0,1,0,0,1,0,0,1.0,0,0,0,23,3,1,1,,1.0,40 04:50.000,2.0,0,75 01:42.294,3,0,0,0,67301,0,0,0,N,0,0,0,7,67301,0,,1,1,,N,N,,0,,1,0,1,3,2,N,2338,1,2,0,0,0,0,0,3,4,0,2,3,,N,,,,,,,,,,,
2006055609,2334.0,3,0,0,0,0,0,0,0,0,1,0,,67,3,2006,7,,,2327.0,6,0,0,0,0,0,0,0,0,1.0,0,0,0,23,3,0,0,,1.0,,1.0,0,,0,0,0,0,67301,0,0,0,N,0,0,0,1,67301,0,,4,1,,N,N,,0,,0,0,0,0,0,N,2320,0,3,0,0,0,0,0,3,3,0,3,3,,N,,,,,,,,,,,
2006055660,2314.0,2,0,0,0,0,0,0,0,0,7,0,,67,4,2006,2,,,2310.0,6,0,0,0,0,0,0,0,0,2.0,0,0,0,23,3,1,0,,1.0,,1.0,0,,3,0,0,0,67301,0,0,0,N,0,0,0,2,67301,0,,3,1,,N,N,,0,,1,0,0,0,0,N,2310,1,2,0,0,0,0,0,3,3,0,2,3,,N,,,,,,,,,,,
2006126846,1410.0,0,0,0,0,0,0,0,0,0,6,0,,67,10,2006,6,39.9989,-75.1052,1400.0,6,0,0,0,0,0,0,0,0,,0,0,0,12,1,2,1,,0.0,39 59:55.935,,0,75 06:18.644,4,0,0,0,67301,0,0,0,N,0,0,0,3,67301,2,,1,9,,N,N,,0,,0,0,0,3,2,,1230,2,2,0,0,0,0,1,3,4,1,2,7,,N,,,,,,,,,,,
2006104968,1118.0,2,0,0,0,0,0,0,0,0,3,0,,67,9,2006,1,,,1113.0,6,0,0,0,0,0,0,0,0,,0,0,0,11,1,3,0,,0.0,,,0,,4,0,0,0,67301,0,0,0,,0,0,0,3,67301,3,,4,1,,,,,0,,0,0,0,0,0,,1113,3,2,0,0,0,0,0,3,3,0,2,3,,N,,,,,,,,,,,
2006102499,1953.0,2,0,0,0,0,0,0,0,0,1,0,,67,9,2006,3,40.0405,-75.111,1943.0,6,0,0,0,0,0,0,0,0,1.0,0,0,0,19,3,2,0,,1.0,40 02:25.000,3.0,0,75 06:40.134,8,0,0,0,67301,0,0,0,N,0,0,0,3,67301,0,,1,1,,N,N,,0,,0,0,0,0,0,N,1934,2,2,0,0,0,2,0,3,4,0,2,3,,N,,,,,,,,,,,
2006124544,1651.0,2,0,0,0,0,0,0,0,0,4,0,,67,10,2006,3,40.0341,-75.2159,1649.0,6,0,0,0,0,0,1,0,0,,0,0,0,16,1,0,1,,0.0,40 02:02.000,,0,75 12:57.187,9,0,0,0,67301,0,0,0,,0,0,0,2,67301,0,,1,1,,N,N,,0,,0,0,0,9,3,,1615,0,2,0,0,0,0,1,3,4,0,2,3,,N,,,,,,,,,,,
2006102198,1603.0,1,0,0,0,0,0,0,0,0,7,0,,67,9,2006,6,,,9999.0,6,0,0,0,0,0,0,0,0,1.0,0,0,0,16,1,0,2,,1.0,,3.0,0,,0,0,0,0,67301,0,0,0,N,0,0,0,1,67301,0,,4,9,,N,N,,0,,0,0,0,9,3,N,1601,0,1,0,0,0,0,0,3,3,0,1,7,,N,,,,,,,,,,,
2006102214,1308.0,1,0,0,0,0,0,0,0,0,1,0,,67,9,2006,3,39.9597,-75.1959,1306.0,6,0,0,0,0,0,0,0,0,,0,0,0,13,1,1,1,,0.0,39 57:35.036,,0,75 11:45.125,4,0,0,0,67301,0,0,0,N,0,0,0,3,67301,1,,1,1,,N,N,,1,,0,0,0,0,0,,1304,1,2,0,0,0,0,0,3,4,0,2,3,,N,,,,,,,,,,,