CRN,ARRIVAL_TM,AUTOMOBILE_COUNT,BELTED_DEATH_COUNT,BELTED_SUSP_SERIOUS_INJ_COUNT,BICYCLE_COUNT,BICYCLE_DEATH_COUNT,BICYCLE_SUSP_SERIOUS_INJ_COUNT,BUS_COUNT,CHLDPAS_DEATH_COUNT,CHLDPAS_SUSP_SERIOUS_INJ_COUNT,COLLISION_TYPE,COMM_VEH_COUNT,CONS_ZONE_SPD_LIM,COUNTY,CRASH_MONTH,CRASH_YEAR,DAY_OF_WEEK,DEC_LAT,DEC_LONG,DISPATCH_TM,DISTRICT,DRIVER_COUNT_16YR,DRIVER_COUNT_17YR,DRIVER_COUNT_18YR,DRIVER_COUNT_19YR,DRIVER_COUNT_20YR,DRIVER_COUNT_50_64YR,DRIVER_COUNT_65_74YR,DRIVER_COUNT_75PLUS,EST_HRS_CLOSED,FATAL_COUNT,HEAVY_TRUCK_COUNT,HORSE_BUGGY_COUNT,HOUR_OF_DAY,ILLUMINATION,INJURY_COUNT,INTERSECT_TYPE,INTERSECTION_RELATED,LANE_CLOSED,LATITUDE,LN_CLOSE_DIR,LOCATION_TYPE,LONGITUDE,MAX_SEVERITY_LEVEL,MCYCLE_DEATH_COUNT,MCYCLE_SUSP_SERIOUS_INJ_COUNT,MOTORCYCLE_COUNT,MUNICIPALITY,NONMOTR_COUNT,NONMOTR_DEATH_COUNT,NONMOTR_SUSP_SERIOUS_INJ_COUNT,NTFY_HIWY_MAINT,PED_COUNT,PED_DEATH_COUNT,PED_SUSP_SERIOUS_INJ_COUNT,PERSON_COUNT,POLICE_AGCY,POSSIBLE_INJ_COUNT,RDWY_SURF_TYPE_CD,RELATION_TO_ROAD,ROAD_CONDITION,ROADWAY_CLEARED,SCH_BUS_IND,SCH_ZONE_IND,SECONDARY_CRASH,SMALL_TRUCK_COUNT,SPEC_JURIS_CD,SUSP_MINOR_INJ_COUNT,SUSP_SERIOUS_INJ_COUNT,SUV_COUNT,TCD_FUNC_CD,TCD_TYPE,TFC_DETOUR_IND,TIME_OF_DAY,TOT_INJ_COUNT,TOTAL_UNITS,UNB_DEATH_COUNT,UNB_SUSP_SERIOUS_INJ_COUNT,UNBELTED_OCC_COUNT,UNK_INJ_DEG_COUNT,UNK_INJ_PER_COUNT,URBAN_AREA,URBAN_RURAL,VAN_COUNT,VEHICLE_COUNT,WEATHER1,WEATHER2,WORK_ZONE_IND,WORK_ZONE_LOC,WORK_ZONE_TYPE,WORKERS_PRES,WZ_CLOSE_DETOUR,WZ_FLAGGER,WZ_LAW_OFFCR_IND,WZ_LN_CLOSURE,WZ_MOVING,WZ_OTHER,WZ_SHLDER_MDN,WZ_WORKERS_INJ_KILLED
2006124630,245.0,2,0,0,0,0,0,0,0,0,1,0,,67,10,2006,7,39.958,-75.2342,246.0,6,0,0,0,0,0,0,0,0,,0,0,0,2,3,1,2,,0.0,39 57:29.000,,0,75 14:03.253,3,0,0,0,67301,1,0,0,N,0,0,0,2,67301,0,,1,1,,N,N,,0,,1,0,0,0,0,,235,1,2,0,0,0,0,0,3,4,0,2,3,,N,,,,,,,,,,,
2006112706,430.0,0,0,0,0,0,0,0,0,0,1,0,,67,9,2006,6,,,430.0,6,0,0,0,0,0,1,0,0,,0,0,0,4,6,2,0,,0.0,,,0,,4,0,0,0,67301,0,0,0,N,0,0,0,6,67301,2,,1,1,,N,N,,0,,0,0,3,0,0,,430,2,3,0,0,1,0,0,3,3,0,3,3,,N,,,,,,,,,,,
2006129356,2352.0,3,0,0,0,0,0,0,0,0,6,0,,67,11,2006,6,39.916,-75.1663,2346.0,6,0,0,0,0,0,0,0,0,,0,0,0,23,2,0,0,,0.0,39 54:57.500,,0,75 09:58.600,9,0,0,0,67301,0,0,0,,0,0,0,1,67301,0,,1,1,,N,N,,0,,0,0,0,9,2,,2335,0,3,0,0,0,0,1,3,4,0,3,3,,N,,,,,,,,,,,
2006127112,807.0,1,0,0,0,0,0,0,0,0,5,1,,67,10,2006,4,39.9213,-75.1461,801.0,6,0,0,0,0,0,1,0,0,,0,1,0,99,1,0,0,,0.0,39 55:16.794,,7,75 08:46.005,0,0,0,0,67301,0,0,0,N,0,0,0,2,67301,0,,1,1,,N,N,,0,,0,0,0,0,0,,9999,0,2,0,0,0,0,0,3,4,0,2,3,,N,,,,,,,,,,,
2006124740,15.0,2,0,0,0,0,0,0,0,0,5,0,,67,11,2006,7,,,12.0,6,0,0,0,0,0,0,0,0,2.0,0,0,0,0,3,6,0,,2.0,,1.0,0,,3,0,0,0,67301,0,0,0,Y,0,0,0,6,67301,4,,1,1,,N,N,,0,,2,0,0,0,0,Y,10,6,2,0,0,0,0,0,3,3,0,2,3,,N,,,,,,,,,,,
2006113845,1916.0,1,0,0,1,0,0,0,0,0,4,0,,67,10,2006,4,40.0316,-75.2131,1915.0,6,0,0,0,0,0,0,0,0,,0,0,0,19,3,1,1,,0.0,40 01:53.000,,0,75 12:47.157,4,0,0,0,67301,1,0,0,,0,0,0,2,67301,1,,1,9,,,,,0,,0,0,0,0,0,,1914,1,2,0,0,0,0,1,3,4,0,1,7,,N,,,,,,,,,,,
2006057034,1754.0,3,0,0,0,0,0,0,0,0,1,0,,67,3,2006,2,,,1749.0,6,0,0,0,0,0,0,0,0,,0,0,0,17,1,0,1,,0.0,,,0,,9,0,0,0,67301,3,0,0,,0,0,0,5,67301,0,,9,1,,N,N,,0,,0,0,0,3,3,,1748,0,3,0,0,0,0,2,3,3,0,3,3,,N,,,,,,,,,,,
2006062217,1450.0,0,0,0,0,0,0,0,0,0,7,0,,67,5,2006,5,39.9783,-75.2022,1445.0,6,0,0,0,0,0,0,0,0,1.0,0,0,0,14,1,1,0,,1.0,39 58:44.000,4.0,0,75 12:12.091,8,0,0,0,67301,0,0,0,N,0,0,0,1,67301,0,,2,1,,N,N,,0,,0,0,1,0,0,N,1445,1,1,0,0,0,1,0,3,4,0,1,3,,N,,,,,,,,,,,
2006054669,1720.0,2,0,0,0,0,0,0,0,0,6,0,,67,4,2006,1,39.9576,-75.206,1716.0,6,0,0,0,0,0,0,0,0,,0,0,0,16,1,2,1,,0.0,39 57:27.000,,0,75 12:21.666,3,0,0,0,67301,0,0,0,,0,0,0,3,67301,1,,1,1,,N,N,,0,,1,0,0,3,2,,1655,2,2,0,0,0,0,0,3,4,0,2,3,,N,,,,,,,,,,,
2006054680,235.0,2,0,0,0,0,0,0,0,0,6,0,,67,3,2006,7,39.9496,-75.1999,230.0,6,0,1,0,0,0,1,0,0,1.0,0,0,0,2,6,1,2,,1.0,39 56:59.000,3.0,0,75 11:58.680,4,0,0,0,67301,0,0,0,N,0,0,0,3,67301,1,,1,9,,N,N,,0,,0,0,0,3,2,Y,230,1,2,0,0,0,0,0,3,4,0,2,7,,N,,,,,,,,,,,
2006054681,1230.0,1,0,0,0,0,0,0,0,0,4,0,,67,4,2006,2,40.0232,-75.1367,1230.0,6,0,0,0,0,0,1,0,0,1.0,0,0,0,12,1,0,2,,1.0,40 01:23.000,2.0,0,75 08:13.201,0,0,0,0,67301,0,0,0,N,0,0,0,2,67301,0,,1,1,,N,N,,0,,0,0,1,3,2,Y,1225,0,2,0,0,0,0,0,3,4,0,2,3,,N,,,,,,,,,,,
2006062408,1837.0,0,0,0,0,0,0,0,0,0,8,0,,67,5,2006,7,40.0298,-75.1404,1835.0,6,0,0,0,1,0,0,0,0,,0,0,0,18,1,1,1,,0.0,40 01:47.384,,0,75 08:25.573,4,0,0,0,67301,1,0,0,N,1,0,0,2,67301,1,,1,1,,N,N,,0,,0,0,0,3,3,,1834,1,2,0,0,0,0,0,3,4,1,1,3,,N,,,,,,,,,,,
2006064907,248.0,2,0,0,0,0,0,0,0,0,5,0,,67,5,2006,1,,,242.0,6,0,0,0,0,0,0,0,0,,0,0,0,2,3,0,1,,0.0,,,0,,0,0,0,0,67301,0,0,0,N,0,0,0,1,67301,0,,1,1,,N,N,,0,,0,0,0,0,0,,240,0,2,0,0,0,0,0,3,3,0,2,3,,N,,,,,,,,,,,
2006062455,1137.0,0,0,0,0,0,0,0,0,0,4,0,,67,5,2006,7,39.9699,-75.2393,1135.0,6,0,0,0,0,0,0,0,0,,0,0,0,11,1,2,1,,0.0,39 58:11.000,,0,75 14:21.328,3,0,0,0,67301,0,0,0,,0,0,0,3,67301,0,,1,1,,,,,0,,2,0,0,3,2,,1130,2,2,0,0,2,0,1,3,4,2,2,3,,N,,,,,,,,,,,
2006093876,1500.0,1,0,0,0,0,0,0,0,0,8,0,,67,7,2006,4,,,1450.0,6,0,0,0,0,0,0,0,0,,0,0,0,11,1,1,2,,0.0,,,0,,4,0,0,0,67301,1,0,0,N,1,0,0,2,67301,1,,1,1,,N,N,,0,,0,0,0,3,3,,1100,1,2,0,0,0,0,0,3,3,0,1,3,,N,,,,,,,,,,,
2006093896,2220.0,1,0,0,0,0,0,0,0,0,2,0,,67,7,2006,4,39.9117,-75.1724,2214.0,6,0,0,0,0,0,0,0,0,,0,0,0,21,3,0,5,,0.0,39 54:42.000,,0,75 10:21.915,0,0,0,0,67301,0,0,0,N,0,0,0,4,67301,0,,1,1,,N,N,,0,,0,0,1,3,2,,2155,0,2,0,0,0,0,0,3,4,0,2,3,,N,,,,,,,,,,,
2006055001,1957.0,2,0,0,0,0,0,0,0,0,6,0,,67,3,2006,2,,,1952.0,6,0,0,0,0,0,0,0,0,,0,0,0,19,3,0,1,,0.0,,,0,,9,0,0,0,67301,0,0,0,,0,0,0,3,67301,0,,1,1,,N,N,,0,,0,0,0,3,2,,1945,0,2,0,0,0,0,3,3,3,0,2,3,,N,,,,,,,,,,,
2006055098,1017.0,2,0,0,0,0,0,0,0,0,1,0,,67,3,2006,4,39.9256,-75.2343,1015.0,6,0,0,0,0,0,0,0,0,,0,0,0,10,1,1,1,,0.0,39 55:32.060,,0,75 14:03.558,8,0,0,0,67301,0,0,0,N,0,0,0,1,67301,0,,9,1,,N,N,,0,,0,0,0,2,2,,1015,1,2,0,0,0,1,0,3,4,0,2,3,,N,,,,,,,,,,,
2006055120,1229.0,2,0,0,0,0,0,0,0,0,4,0,,67,3,2006,6,,,1228.0,6,0,0,0,0,0,0,0,1,,0,0,0,99,1,2,1,,0.0,,,0,,4,0,0,0,67301,0,0,0,N,0,0,0,3,67301,2,,1,1,,N,N,,0,,0,0,0,3,3,,9999,2,2,0,0,0,0,1,3,3,0,2,3,,N,,,,,,,,,,,
2006055144,2150.0,1,0,0,0,0,0,0,0,0,8,0,,67,4,2006,7,,,2145.0,6,0,0,0,0,0,0,0,0,,0,0,0,99,3,1,2,,0.0,,,0,,8,0,0,0,67301,1,0,0,N,1,0,0,2,67301,0,,1,1,,N,N,,0,,0,0,0,0,0,,9999,1,2,0,0,1,1,1,3,3,0,1,3,,N,,,,,,,,,,,
2006094157,407.0,3,0,0,0,0,0,0,0,0,5,0,,67,7,2006,5,,,407.0,6,0,0,0,0,0,0,0,0,,0,0,0,99,3,0,0,,0.0,,,0,,9,0,0,0,67301,0,0,0,N,0,0,0,1,67301,0,,1,1,,N,N,,0,,0,0,0,0,0,,9999,0,3,0,0,0,0,1,3,3,0,3,3,,N,,,,,,,,,,,
2006094364,1303.0,2,0,0,0,0,0,0,0,0,6,0,,67,7,2006,7,,,1259.0,6,0,0,0,0,0,0,0,1,,0,0,0,12,1,1,1,,0.0,,,0,,4,0,0,0,67301,0,0,0,N,0,0,0,4,67301,1,,1,1,,N,N,,0,,0,0,0,0,0,,1249,1,2,0,0,4,0,0,3,3,0,2,3,,N,,,,,,,,,,,
2006094421,1536.0,2,0,1,0,0,0,0,0,0,4,0,,67,7,2006,6,,,1410.0,6,0,0,0,0,0,1,0,0,1.0,0,0,0,99,1,5,1,,1.0,,6.0,0,,2,0,0,0,67301,0,0,0,N,0,0,0,5,67301,4,,1,1,,N,N,,0,,0,1,0,3,2,Y,9999,5,2,0,0,0,0,0,3,3,0,2,3,,N,,,,,,,,,,,
2006094432,1315.0,1,0,0,0,0,0,0,0,0,7,0,,67,7,2006,1,40.0058,-75.0987,1310.0,6,0,0,0,0,0,0,0,0,,0,0,0,13,1,2,0,,0.0,40 00:20.741,,0,75 05:55.251,8,0,0,0,67301,0,0,0,N,0,0,0,2,67301,0,,2,1,,N,N,,0,,0,0,0,0,0,,1309,2,1,0,0,1,2,0,3,4,0,1,3,,N,,,,,,,,,,,
2006081699,1810.0,2,0,0,0,0,0,0,0,0,4,0,,67,7,2006,2,39.9833,-75.1042,1800.0,6,0,0,0,0,1,0,0,0,,0,0,0,18,1,3,1,,0.0,39 58:59.959,,0,75 06:15.080,8,0,0,0,67301,0,0,0,N,0,0,0,3,67301,0,,1,1,,N,N,,0,,0,0,0,3,3,,1800,3,2,0,0,1,3,0,3,4,0,2,3,,N,,,,,,,,,,,
2006126174,1240.0,2,0,0,0,0,0,0,0,0,1,0,,67,11,2006,5,40.072,-74.9812,1235.0,6,0,0,0,0,0,0,2,0,,0,0,0,12,1,2,1,,0.0,40 04:18.000,,0,74 58:51.446,8,0,0,0,67301,0,0,0,N,0,0,0,4,67301,0,,1,1,,N,N,,1,,0,0,0,9,2,,1230,2,3,0,0,0,2,0,3,4,0,3,3,,N,,,,,,,,,,,
2006123692,415.0,2,0,0,0,0,0,0,0,0,1,0,,67,12,2006,7,40.005,-75.2183,9999.0,6,0,0,0,0,0,0,0,0,1.0,0,0,0,4,3,0,2,,1.0,40 00:18.000,2.0,0,75 13:06.466,0,0,0,0,67301,0,0,0,N,0,0,0,2,46104,0,,1,1,,N,N,,0,,0,0,0,3,2,N,411,0,2,0,0,1,0,0,3,4,0,2,3,,N,,,,,,,,,,,
2006021260,1150.0,1,0,0,0,0,0,0,0,0,7,0,,67,1,2006,3,39.9333,-75.1998,1146.0,6,0,0,0,0,0,0,0,0,,0,0,0,11,1,1,0,,0.0,39 55:59.737,,0,75 11:59.133,8,0,0,0,67301,0,0,0,N,0,0,0,1,67301,0,,2,9,,N,N,,0,,0,0,0,0,0,,1145,1,1,0,0,1,1,0,3,4,0,1,7,,N,,,,,,,,,,,
2006021280,1125.0,2,0,0,0,0,0,0,0,0,4,0,,67,1,2006,2,39.9867,-75.2076,1119.0,6,0,0,0,0,1,0,0,0,,0,0,0,11,1,0,1,,0.0,39 59:12.000,,2,75 12:26.563,0,0,0,0,67301,0,0,0,N,0,0,0,2,67301,0,,1,1,,N,N,,0,,0,0,0,3,2,,1116,0,2,0,0,0,0,0,3,4,0,2,3,,N,,,,,,,,,,,
2006084374,1145.0,0,0,0,0,0,0,0,0,0,4,2,,67,7,2006,6,,,1141.0,6,0,0,0,0,0,1,0,0,2.0,0,2,0,11,1,0,0,,1.0,,3.0,0,,0,0,0,0,67301,0,0,0,N,0,0,0,2,67501,0,,1,1,,N,N,,0,,0,0,0,3,8,N,1140,0,2,0,0,0,0,0,3,3,0,2,3,,N,,,,,,,,,,,
2006053761,1745.0,1,0,0,0,0,0,0,0,0,4,0,,67,3,2006,5,,,1741.0,6,0,1,0,0,0,0,0,0,,0,0,0,17,1,1,1,,0.0,,,0,,4,0,0,0,67301,0,0,0,N,0,0,0,6,67301,1,,1,1,,N,N,,0,,0,0,1,3,2,,1741,1,2,0,0,3,0,2,3,3,0,2,3,,N,,,,,,,,,,,
2006094884,1501.0,3,0,0,0,0,0,0,0,0,1,0,,67,7,2006,2,40.0224,-75.0502,1500.0,6,0,0,0,0,0,2,0,1,,0,0,0,14,1,1,0,,0.0,40 01:20.000,,0,75 03:00.585,3,0,0,0,67301,0,0,0,N,0,0,0,4,67301,0,,1,1,,N,N,,0,,1,0,0,0,0,,1445,1,3,0,0,0,0,0,3,4,0,3,3,,N,,,,,,,,,,,
2006094911,2215.0,2,0,0,0,0,0,0,0,0,4,0,,67,8,2006,2,40.0209,-75.1401,2037.0,6,0,0,1,0,1,0,0,0,9.0,0,0,0,22,3,2,1,,1.0,40 01:15.000,7.0,0,75 08:23.476,8,0,0,0,67301,0,0,0,N,0,0,0,3,67301,0,,1,1,,N,N,,0,,0,0,0,3,2,N,2233,2,2,0,0,0,2,0,3,4,0,2,3,,N,,,,,,,,,,,
2006094960,1504.0,2,0,0,0,0,0,0,0,0,4,0,,67,7,2006,6,39.9589,-75.2416,1500.0,6,0,0,0,0,0,0,0,0,,0,0,0,14,1,1,0,,0.0,39 57:32.400,,0,75 14:29.760,4,0,0,0,67301,0,0,0,N,0,0,0,2,67301,1,,1,9,,N,N,,0,,0,0,0,0,0,,1450,1,2,0,0,0,0,0,3,4,0,2,7,,N,,,,,,,,,,,
2006055819,100.0,0,0,0,0,0,0,0,0,0,7,0,,67,2,2006,7,39.9775,-75.2273,1254.0,6,0,0,0,0,0,0,0,0,,0,0,0,99,3,1,0,,0.0,39 58:38.838,,0,75 13:38.185,4,0,0,0,67301,0,0,0,N,0,0,0,1,67301,1,,5,1,,N,N,,0,,0,0,1,0,0,,9999,1,1,0,0,0,0,0,3,4,0,1,3,,N,,,,,,,,,,,
2006055881,1843.0,2,0,0,0,0,0,0,0,0,1,0,40.0,67,2,2006,5,,,1826.0,6,0,0,0,0,0,0,0,0,1.0,0,0,0,18,3,0,0,,1.0,,3.0,1,,0,0,0,0,67301,0,0,0,N,0,0,0,3,67301,0,,1,1,,N,N,,0,,0,0,0,0,0,N,1803,0,2,0,0,0,0,0,3,3,0,2,3,,Y,4.0,1.0,N,,,N,,,,Y,
2006055886,41.0,2,0,0,0,0,0,0,0,0,7,0,,67,3,2006,6,40.0096,-75.1872,38.0,6,0,0,0,0,0,1,0,0,,0,0,0,0,3,6,0,,0.0,40 00:34.000,,0,75 11:13.730,4,0,0,0,67301,0,0,0,,0,0,0,6,67301,6,,2,1,,,,,0,,0,0,0,0,0,,36,6,2,0,0,4,0,0,3,4,0,2,3,,N,,,,,,,,,,,
2006055897,52.0,2,0,0,0,0,0,0,0,0,5,0,,67,3,2006,1,39.9979,-75.1294,47.0,6,0,0,0,0,0,0,0,0,,0,0,0,99,3,0,0,,0.0,39 59:52.342,,0,75 07:45.927,9,0,0,0,67301,0,0,0,N,0,0,0,4,67301,0,,1,9,,N,N,,0,,0,0,0,3,3,,9999,0,2,0,0,0,0,1,3,4,0,2,7,,N,,,,,,,,,,,
2006055845,1226.0,1,0,0,0,0,0,0,0,0,8,0,,67,3,2006,6,39.9538,-75.1666,1225.0,6,0,0,0,0,0,0,0,0,1.0,0,0,0,12,1,1,0,,2.0,39 57:13.680,1.0,0,75 09:59.760,4,0,0,0,67301,1,0,0,N,1,0,0,2,67301,1,,1,1,,N,N,,0,,0,0,0,3,2,Y,1224,1,2,0,0,0,0,0,3,4,0,1,3,,N,,,,,,,,,,,
2006094994,1335.0,2,0,4,0,0,0,0,0,0,4,0,,67,8,2006,2,39.9741,-75.2042,1331.0,6,0,0,0,0,0,1,0,0,,0,0,0,13,1,4,0,,0.0,39 58:26.000,,0,75 12:14.416,2,0,0,0,67301,0,0,0,N,0,0,0,6,67301,0,,9,1,,N,N,,0,,0,4,0,3,2,,1329,4,2,0,0,0,0,2,3,4,0,2,3,,N,,,,,,,,,,,
2006056090,750.0,0,0,0,0,0,0,0,0,0,6,0,,67,5,2006,4,,,745.0,6,0,0,0,0,0,0,0,0,,0,0,0,7,1,1,3,,0.0,,,0,,4,0,0,0,67301,0,0,0,N,0,0,0,2,67301,1,,1,1,,N,N,,0,,0,0,2,0,0,,745,1,2,0,0,2,0,0,3,3,0,2,3,,N,,,,,,,,,,,
2006056101,1624.0,1,0,0,0,0,0,0,0,0,8,0,,67,4,2006,3,,,1600.0,6,0,0,0,0,0,0,0,0,,0,0,0,16,1,1,0,,0.0,,,0,,8,0,0,0,67301,1,0,0,N,1,0,0,3,67301,0,,1,1,,N,N,,0,,0,0,0,0,0,,1600,1,2,0,0,0,1,0,3,3,0,1,3,,N,,,,,,,,,,,
2006095214,1340.0,1,0,0,0,0,0,0,0,0,1,1,,67,7,2006,7,40.0136,-75.0685,1335.0,6,0,0,0,0,0,0,1,0,,0,1,0,13,1,1,1,,0.0,40 00:48.000,,0,75 04:06.763,8,0,0,0,67301,0,0,0,N,0,0,0,2,67301,0,,1,1,,N,N,,0,,0,0,0,3,2,,1325,1,2,0,0,0,1,0,3,4,0,2,3,,N,,,,,,,,,,,
2006095222,0.0,2,0,0,0,0,0,0,0,0,6,0,,67,7,2006,1,39.904,-75.2401,405.0,6,0,0,0,0,0,0,0,0,,0,0,0,4,3,1,5,,0.0,39 54:14.000,,0,75 14:24.588,4,0,0,0,67301,0,0,0,,0,0,0,4,67301,1,,1,9,,N,N,,0,,0,0,0,3,2,,400,1,2,0,0,0,0,0,3,4,0,2,7,,N,,,,,,,,,,,
2006056322,1622.0,1,0,0,0,0,0,0,0,0,1,0,,67,3,2006,7,40.0081,-75.0848,1616.0,6,0,0,0,0,0,0,0,0,,0,0,0,16,1,2,0,,0.0,40 00:28.000,,0,75 05:06.357,4,0,0,0,67301,0,0,0,N,0,0,0,9,67301,2,,1,1,,N,N,,0,,0,0,0,0,0,,1600,2,3,0,0,0,0,1,3,4,2,3,3,,N,,,,,,,,,,,
2006056383,1415.0,1,0,0,0,0,0,0,0,0,8,0,,67,4,2006,4,39.9512,-75.167,1414.0,6,0,0,0,0,0,0,0,0,,0,0,0,14,1,1,1,,0.0,39 57:04.000,,0,75 10:01.238,4,0,0,0,67301,1,0,0,N,1,0,0,2,67301,1,,1,1,,N,N,,0,,0,0,0,0,0,,1405,1,2,0,0,0,0,0,3,4,0,1,3,,N,,,,,,,,,,,
2006092877,1540.0,0,0,0,1,0,0,0,0,0,4,0,,67,8,2006,5,40.0482,-75.0931,1535.0,6,0,0,0,0,0,1,0,0,,0,0,0,15,1,1,0,,0.0,40 02:53.000,,0,75 05:35.128,4,0,0,0,67301,1,0,0,N,0,0,0,2,67301,1,,1,1,,N,N,,1,,0,0,0,0,0,,1532,1,2,0,0,0,0,0,3,4,0,1,3,,N,,,,,,,,,,,
2006056401,1656.0,1,0,0,1,0,1,0,0,0,4,0,,67,3,2006,2,39.9573,-75.1523,1653.0,6,0,0,0,0,0,0,0,0,,0,0,0,16,1,1,1,,0.0,39 57:26.406,,0,75 09:08.016,2,0,0,0,67301,1,0,1,N,0,0,0,2,67301,0,,1,1,,N,N,,0,,0,1,0,3,2,,1647,1,2,0,0,0,0,0,3,4,0,1,3,,N,,,,,,,,,,,
2006054006,2049.0,1,0,0,0,0,0,0,0,0,4,0,,67,4,2006,2,40.0252,-75.0447,2047.0,6,0,1,0,0,0,0,0,0,,0,0,0,20,3,1,1,,0.0,40 01:30.000,,0,75 02:41.122,8,0,0,0,67301,0,0,0,,0,0,0,8,67301,0,,1,1,,N,N,,0,,0,0,1,3,2,,2049,1,2,0,0,0,1,1,3,4,0,2,3,,N,,,,,,,,,,,
2006018366,1833.0,1,0,0,0,0,0,0,0,0,8,0,,67,1,2006,4,40.0107,-75.1261,1828.0,6,0,0,0,0,0,0,0,0,,0,0,0,18,4,1,0,,0.0,40 00:38.656,,0,75 07:34.125,3,0,0,0,67301,1,0,0,N,1,0,0,2,67301,0,,1,1,,N,Y,,0,,1,0,0,9,2,,1800,1,2,0,0,0,0,1,3,4,0,1,3,,N,,,,,,,,,,,
2006035592,19.0,1,0,0,0,0,0,0,0,0,7,0,,67,1,2006,2,40.0028,-75.1843,14.0,6,0,0,0,0,0,0,0,0,,0,0,0,0,3,0,0,,0.0,40 00:09.000,,0,75 11:03.611,0,0,0,0,67301,0,0,0,N,0,0,0,3,67301,0,,5,9,,N,N,,0,,0,0,0,0,0,,10,0,1,0,0,0,0,0,3,4,0,1,5,,N,,,,,,,,,,,
2006035596,1448.0,1,0,0,0,0,0,0,0,0,4,0,,67,2,2006,2,,,1445.0,6,0,0,0,0,0,0,0,0,,0,0,0,14,1,1,1,,0.0,,,0,,4,0,0,0,67301,0,0,0,N,0,0,0,3,67301,1,,1,1,,N,N,,0,,0,0,1,3,3,,1445,1,2,0,0,0,0,0,3,3,0,2,3,,N,,,,,,,,,,,
2006035601,9999.0,1,0,0,0,0,0,0,0,0,7,0,,67,2,2006,5,39.9416,-75.1426,210.0,6,0,0,0,0,0,0,0,0,,0,0,0,2,3,1,0,,0.0,39 56:29.000,,8,75 08:33.257,3,0,0,0,67301,0,0,0,N,0,0,0,1,67301,0,,7,9,,N,N,,0,,1,0,0,3,2,,210,1,1,0,0,1,0,0,3,4,0,1,5,,N,,,,,,,,,,,
2006033410,2156.0,2,0,0,0,0,0,0,0,0,5,0,,67,2,2006,1,39.9598,-75.1784,2150.0,6,0,0,0,0,0,0,0,0,,0,0,0,21,3,3,7,,0.0,39 57:35.000,,2,75 10:42.445,4,0,0,0,67301,0,0,0,,0,0,0,6,67301,3,,1,1,,N,N,,0,,0,0,0,0,0,,2148,3,2,0,0,0,0,0,3,4,0,2,3,,N,,,,,,,,,,,
2006033421,1119.0,1,0,0,0,0,0,0,0,0,4,0,,67,2,2006,5,40.0626,-75.1929,1118.0,6,0,0,0,0,0,0,1,0,,0,0,0,10,1,0,1,,0.0,40 03:45.000,,0,75 11:34.528,0,0,0,0,67301,0,0,0,N,0,0,0,2,67301,0,,1,9,,N,N,,0,,0,0,0,3,2,,1034,0,2,0,0,0,0,0,3,4,1,2,3,,N,,,,,,,,,,,
2006033422,130.0,2,0,0,0,0,0,0,0,0,6,0,,67,3,2006,6,40.0032,-75.165,100.0,6,0,0,0,0,0,0,0,0,,0,0,0,0,3,0,0,,0.0,40 00:11.000,,0,75 09:54.353,0,0,0,0,67301,0,0,0,Y,0,0,0,2,67301,0,,5,2,,N,N,,0,,0,0,0,0,0,,30,0,2,0,0,0,0,0,3,4,0,2,98,,N,,,,,,,,,,,
2006035646,2230.0,1,0,0,0,0,0,0,0,0,7,0,,67,2,2006,5,,,2220.0,6,0,0,0,1,0,0,0,0,1.0,0,0,0,22,3,1,0,,1.0,,1.0,0,,4,0,0,0,67301,0,0,0,,0,0,0,1,67301,1,,2,1,,N,N,,0,,0,0,0,0,0,N,2220,1,1,0,0,1,0,0,3,3,0,1,3,,N,,,,,,,,,,,
2006032857,824.0,2,0,0,0,0,0,0,0,0,1,0,,67,2,2006,7,,,823.0,6,0,0,0,0,0,0,0,0,,0,0,0,8,1,1,2,,0.0,,,0,,8,0,0,0,67301,0,0,0,N,0,0,0,2,67301,0,,1,1,,N,N,,0,,0,0,0,0,0,,830,1,2,0,0,0,1,1,3,3,0,2,3,,N,,,,,,,,,,,
2006032947,9999.0,2,0,0,0,0,0,0,0,0,5,0,,67,2,2006,6,40.0708,-75.1942,2100.0,6,0,0,0,0,0,0,0,0,,0,0,0,99,3,1,2,,0.0,40 04:14.905,,0,75 11:38.990,4,0,0,0,67301,0,0,0,N,0,0,0,1,67301,1,,1,1,,N,N,,0,,0,0,0,3,3,,9999,1,2,0,0,0,0,0,3,4,0,2,3,,N,,,,,,,,,,,
2006019875,1210.0,1,0,0,0,0,0,0,0,0,2,0,,67,1,2006,5,40.0649,-75.0515,1205.0,6,0,0,0,0,0,0,1,0,,0,0,0,12,1,0,1,,0.0,40 03:54.000,,0,75 03:05.340,0,0,0,0,67301,0,0,0,N,0,0,0,2,67301,0,,1,1,,N,N,,0,,0,0,0,3,2,,1200,0,2,0,0,0,0,0,3,4,1,2,3,,N,,,,,,,,,,,
2006019900,2340.0,1,0,0,0,0,0,0,0,0,4,0,,67,1,2006,6,39.9247,-75.1727,2335.0,6,0,0,0,0,0,0,0,0,,0,0,0,23,3,1,5,,0.0,39 55:29.000,,0,75 10:21.614,8,0,0,0,67301,0,0,0,N,0,0,0,2,67301,0,,1,1,,N,N,,0,,0,0,1,3,2,,2330,1,2,0,0,0,1,0,3,4,0,2,3,,N,,,,,,,,,,,
2006069777,1227.0,2,0,0,0,0,0,0,0,0,1,0,,67,5,2006,6,,,1224.0,6,0,0,0,0,0,1,0,0,1.0,0,0,0,12,1,1,0,,2.0,,3.0,0,,8,0,0,0,67301,0,0,0,N,0,0,0,3,67501,0,,1,9,,N,N,,0,,0,0,0,3,8,N,1224,1,3,0,0,0,1,1,3,3,1,3,7,,N,,,,,,,,,,,