CRN,ARRIVAL_TM,AUTOMOBILE_COUNT,BELTED_DEATH_COUNT,BELTED_SUSP_SERIOUS_INJ_COUNT,BICYCLE_COUNT,BICYCLE_DEATH_COUNT,BICYCLE_SUSP_SERIOUS_INJ_COUNT,BUS_COUNT,CHLDPAS_DEATH_COUNT,CHLDPAS_SUSP_SERIOUS_INJ_COUNT,COLLISION_TYPE,COMM_VEH_COUNT,CONS_ZONE_SPD_LIM,COUNTY,CRASH_MONTH,CRASH_YEAR,DAY_OF_WEEK,DEC_LAT,DEC_LONG,DISPATCH_TM,DISTRICT,DRIVER_COUNT_16YR,DRIVER_COUNT_17YR,DRIVER_COUNT_18YR,DRIVER_COUNT_19YR,DRIVER_COUNT_20YR,DRIVER_COUNT_50_64YR,DRIVER_COUNT_65_74YR,DRIVER_COUNT_75PLUS,EST_HRS_CLOSED,FATAL_COUNT,HEAVY_TRUCK_COUNT,HORSE_BUGGY_COUNT,HOUR_OF_DAY,ILLUMINATION,INJURY_COUNT,INTERSECT_TYPE,INTERSECTION_RELATED,LANE_CLOSED,LATITUDE,LN_CLOSE_DIR,LOCATION_TYPE,LONGITUDE,MAX_SEVERITY_LEVEL,MCYCLE_DEATH_COUNT,MCYCLE_SUSP_SERIOUS_INJ_COUNT,MOTORCYCLE_COUNT,MUNICIPALITY,NONMOTR_COUNT,NONMOTR_DEATH_COUNT,NONMOTR_SUSP_SERIOUS_INJ_COUNT,NTFY_HIWY_MAINT,PED_COUNT,PED_DEATH_COUNT,PED_SUSP_SERIOUS_INJ_COUNT,PERSON_COUNT,POLICE_AGCY,POSSIBLE_INJ_COUNT,RDWY_SURF_TYPE_CD,RELATION_TO_ROAD,ROAD_CONDITION,ROADWAY_CLEARED,SCH_BUS_IND,SCH_ZONE_IND,SECONDARY_CRASH,SMALL_TRUCK_COUNT,SPEC_JURIS_CD,SUSP_MINOR_INJ_COUNT,SUSP_SERIOUS_INJ_COUNT,SUV_COUNT,TCD_FUNC_CD,TCD_TYPE,TFC_DETOUR_IND,TIME_OF_DAY,TOT_INJ_COUNT,TOTAL_UNITS,UNB_DEATH_COUNT,UNB_SUSP_SERIOUS_INJ_COUNT,UNBELTED_OCC_COUNT,UNK_INJ_DEG_COUNT,UNK_INJ_PER_COUNT,URBAN_AREA,URBAN_RURAL,VAN_COUNT,VEHICLE_COUNT,WEATHER1,WEATHER2,WORK_ZONE_IND,WORK_ZONE_LOC,WORK_ZONE_TYPE,WORKERS_PRES,WZ_CLOSE_DETOUR,WZ_FLAGGER,WZ_LAW_OFFCR_IND,WZ_LN_CLOSURE,WZ_MOVING,WZ_OTHER,WZ_SHLDER_MDN,WZ_WORKERS_INJ_KILLED
2006069779,1918.0,2,0,0,0,0,0,0,0,0,1,0,,67,6,2006,3,,,1918.0,6,0,0,0,0,0,0,0,0,,0,0,0,19,1,0,0,,0.0,,,0,,0,0,0,0,67301,0,0,0,N,0,0,0,2,67301,0,,1,1,,N,N,,0,,0,0,0,3,8,,1905,0,2,0,0,0,0,0,3,3,0,2,3,,N,,,,,,,,,,,
2006062685,1505.0,2,0,0,0,0,0,0,0,0,4,0,,67,5,2006,2,40.0333,-75.1012,1500.0,6,0,0,0,0,0,1,0,0,,0,0,0,14,1,1,1,,0.0,40 02:00.042,,0,75 06:04.179,4,0,0,0,67301,0,0,0,,0,0,0,2,67301,1,,1,1,,,,,0,,0,0,0,0,0,,1450,1,2,0,0,0,0,0,3,4,0,2,3,,N,,,,,,,,,,,
2006065521,725.0,1,0,0,1,0,0,0,0,0,5,0,,67,6,2006,6,39.9256,-75.1693,720.0,6,0,0,0,0,0,0,0,0,,0,0,0,7,1,1,3,,0.0,39 56:05.000,,0,75 10:02.263,4,0,0,0,67301,1,0,0,N,0,0,0,2,67301,1,,4,1,,N,N,,0,,0,0,0,3,2,,715,1,2,0,0,1,0,0,3,4,0,1,3,,N,,,,,,,,,,,
2006065561,2337.0,1,0,0,0,0,0,0,0,0,4,0,,67,6,2006,6,39.9278,-75.1959,2326.0,6,0,0,0,0,0,0,0,0,1.0,0,0,0,23,3,1,0,,1.0,39 55:38.000,3.0,0,75 11:43.909,4,0,0,0,67301,0,0,0,,0,0,0,2,67301,1,,1,9,,,,,1,,0,0,0,0,0,N,2326,1,2,0,0,0,0,0,3,4,0,2,7,,N,,,,,,,,,,,
2006055366,231.0,1,0,0,0,0,0,0,0,0,7,0,,67,4,2006,7,39.9644,-75.1777,227.0,6,0,0,0,0,0,0,0,0,1.0,0,0,0,2,3,0,5,,2.0,39 57:52.244,4.0,0,75 10:40.261,0,0,0,0,67301,0,0,0,N,0,0,0,1,67301,0,,5,9,,N,N,,0,,0,0,0,3,2,Y,227,0,1,0,0,0,0,0,3,4,0,1,3,,N,,,,,,,,,,,
2006055367,647.0,1,0,0,0,0,0,0,0,0,2,0,,67,3,2006,6,,,644.0,6,0,0,0,0,0,0,0,0,2.0,0,0,0,6,1,2,0,,1.0,,5.0,0,,8,0,0,0,67301,0,0,0,N,0,0,0,2,67301,0,,1,2,,N,N,,0,,0,0,1,0,0,Y,644,2,2,0,0,0,2,0,3,3,0,2,3,,N,,,,,,,,,,,
2006055427,1859.0,3,0,0,0,0,0,0,0,0,1,0,,67,3,2006,6,39.9268,-75.1692,1856.0,6,0,0,0,0,0,0,0,0,,0,0,0,18,3,0,1,,0.0,39 55:36.000,,0,75 10:09.344,0,0,0,0,67301,0,0,0,N,0,0,0,5,67301,0,,1,1,,N,N,,0,,0,0,0,3,2,,1853,0,3,0,0,0,0,0,3,4,0,3,3,,N,,,,,,,,,,,
2006055441,2240.0,2,0,0,0,0,0,0,0,0,4,0,,67,4,2006,3,39.9585,-75.2252,2234.0,6,0,0,0,0,0,0,0,0,9.0,0,0,0,22,3,3,2,,1.0,39 57:30.000,2.0,0,75 13:30.770,8,0,0,0,67301,0,0,0,N,0,0,0,4,67301,0,,1,1,,N,N,,0,,0,0,0,3,2,Y,2234,3,2,0,0,0,3,0,3,4,0,2,3,,N,,,,,,,,,,,
2006032874,137.0,1,0,0,0,0,0,0,0,0,7,0,,67,2,2006,1,39.9996,-75.1905,128.0,6,0,0,0,0,0,0,0,0,2.0,0,0,0,1,3,0,0,,1.0,39 59:58.920,1.0,0,75 11:25.800,0,0,0,0,67301,0,0,0,N,0,0,0,1,67301,0,,2,1,,N,N,,0,,0,0,0,0,0,N,115,0,1,0,0,0,0,0,3,4,0,1,3,,N,,,,,,,,,,,
2006032889,1512.0,1,0,0,0,0,0,0,0,0,8,0,,67,1,2006,6,,,1509.0,6,0,0,0,0,0,0,0,0,,0,0,0,13,1,1,0,,0.0,,,0,,4,0,0,0,67301,1,0,0,N,1,0,0,5,67301,1,,1,1,,N,Y,,0,,0,0,0,0,0,,1305,1,2,0,0,0,0,0,3,3,0,1,3,,N,,,,,,,,,,,
2006019889,1642.0,1,0,0,0,0,0,0,0,0,7,0,,67,1,2006,2,39.9806,-75.198,1636.0,6,0,0,1,0,0,0,0,0,,0,0,0,16,1,0,1,,0.0,39 58:49.000,,0,75 11:52.571,0,0,0,0,67301,0,0,0,,0,0,0,1,67301,0,,5,9,,N,N,,0,,0,0,0,0,0,,1636,0,1,0,0,0,0,0,3,4,0,1,7,,N,,,,,,,,,,,
2006053523,453.0,0,0,0,0,0,0,0,0,0,7,1,,67,4,2006,5,39.9673,-75.1322,453.0,6,0,0,0,0,0,0,0,0,1.0,0,1,0,4,3,0,0,,2.0,39 58:03.000,1.0,0,75 07:52.390,0,0,0,0,67301,0,0,0,N,0,0,0,3,67301,0,,3,1,,N,N,,0,,0,0,1,0,0,N,453,0,2,0,0,3,0,0,3,4,0,2,3,,N,,,,,,,,,,,
2006019843,955.0,0,0,0,0,0,0,0,0,0,4,0,,67,1,2006,4,40.0811,-75.0289,949.0,6,0,0,0,0,0,0,0,0,2.0,0,0,0,9,1,0,1,,1.0,40 04:51.000,2.0,0,75 01:43.681,9,0,0,0,67301,0,0,0,N,0,0,0,3,67301,0,,1,2,,N,N,,1,,0,0,0,3,2,N,948,0,2,0,0,0,0,1,3,4,1,2,3,,N,,,,,,,,,,,
2006080010,1610.0,1,0,0,0,0,0,0,0,0,4,0,,67,6,2006,5,40.0631,-75.0516,1604.0,6,1,0,0,0,0,0,0,0,1.0,0,0,0,16,1,1,1,,1.0,40 03:47.000,2.0,0,75 03:06.129,4,0,0,0,67301,0,0,0,N,0,0,0,2,67301,1,,1,1,,N,N,,0,,0,0,0,3,2,N,1600,1,2,0,0,0,0,0,3,4,1,2,3,,N,,,,,,,,,,,
2006065401,2035.0,1,0,0,0,0,0,0,0,0,8,0,,67,5,2006,7,,,2030.0,6,0,0,0,0,0,0,0,0,,0,0,0,20,3,1,1,,0.0,,,0,,2,0,0,0,67301,1,0,1,N,1,0,1,2,67301,0,,1,1,,N,N,,0,,0,1,0,3,3,,2030,1,2,0,0,0,0,1,3,3,0,1,3,,N,,,,,,,,,,,
2006055372,451.0,1,0,0,0,0,0,0,0,0,7,0,,67,3,2006,4,,,416.0,6,0,0,0,0,0,0,0,0,,0,0,0,4,3,1,0,,0.0,,,0,,4,0,0,0,67301,0,0,0,N,0,0,0,2,67301,1,,2,1,,N,N,,0,,0,0,0,0,0,,412,1,1,0,0,2,0,0,3,3,0,1,3,,N,,,,,,,,,,,
2006055451,1227.0,2,0,0,0,0,0,0,0,0,4,0,,67,4,2006,2,,,1223.0,6,0,0,0,0,0,0,1,0,1.0,0,0,0,12,1,2,1,,2.0,,7.0,0,,8,0,0,0,67301,0,0,0,N,0,0,0,3,67301,0,,1,1,,N,N,,0,,0,0,0,3,3,N,1220,2,3,0,0,0,2,0,3,3,0,2,3,,N,,,,,,,,,,,
2006094573,2210.0,1,0,0,0,0,0,0,0,0,8,0,,67,8,2006,4,,,2205.0,6,0,0,0,0,0,0,0,0,,0,0,0,22,3,1,0,,0.0,,,0,,4,0,0,0,67301,1,0,0,N,1,0,0,2,67301,1,,1,1,,N,N,,0,,0,0,0,0,0,,2200,1,2,0,0,0,0,0,3,3,0,1,3,,N,,,,,,,,,,,
2006055587,2121.0,0,0,0,0,0,0,0,0,0,1,0,,67,3,2006,7,40.0523,-75.2015,2114.0,6,0,0,0,0,0,0,0,0,,0,0,0,21,3,1,1,,0.0,40 03:08.305,,0,75 12:05.257,4,0,0,0,67301,0,0,0,N,0,0,0,2,67301,1,,1,9,,N,N,,0,,0,0,2,3,3,,2111,1,2,0,0,0,0,1,3,4,0,2,7,,N,,,,,,,,,,,
2006055590,1026.0,3,0,0,0,0,0,0,0,0,4,0,,67,3,2006,7,40.0689,-75.1818,1026.0,6,0,0,0,0,0,0,1,0,,0,0,0,10,1,0,1,,0.0,40 04:08.000,,0,75 10:54.519,9,0,0,0,67301,0,0,0,N,0,0,0,4,67301,0,,1,1,,N,N,,0,,0,0,0,0,0,,1025,0,3,0,0,0,0,1,3,4,0,3,3,,N,,,,,,,,,,,
2006055782,325.0,1,0,0,0,0,0,0,0,0,7,0,,67,3,2006,4,39.9383,-75.1978,322.0,6,0,0,0,0,0,0,0,0,1.0,0,0,0,3,3,0,0,,1.0,39 56:21.000,3.0,0,75 11:48.597,0,0,0,0,67301,0,0,0,N,0,0,0,1,67301,0,,2,1,,N,N,,0,,0,0,0,0,0,N,321,0,1,0,0,0,0,0,3,4,0,1,3,,N,,,,,,,,,,,
2006126451,2022.0,1,0,0,0,0,0,0,0,0,1,0,,67,11,2006,6,39.9764,-75.1197,2022.0,6,0,0,0,0,0,1,0,0,1.0,0,0,0,20,3,3,0,,2.0,39 58:41.000,5.0,0,75 07:08.316,4,0,0,0,67301,0,0,0,N,0,0,0,3,67301,3,,1,1,,N,N,,0,,0,0,0,0,0,Y,2021,3,2,0,0,0,0,0,3,4,1,2,3,,N,,,,,,,,,,,
2006126873,1250.0,1,0,0,0,0,0,0,0,0,8,0,,67,10,2006,5,39.9647,-75.2081,1230.0,6,0,0,0,0,0,0,0,0,,0,0,0,2,3,1,1,,0.0,39 57:53.046,,0,75 12:29.113,4,0,0,0,67301,1,0,0,N,1,0,0,2,67301,1,,1,9,,N,N,,0,,0,0,0,3,3,,200,1,2,0,0,0,0,1,3,4,0,1,7,,N,,,,,,,,,,,
2006104943,1305.0,2,0,0,0,0,0,0,0,0,5,0,,67,8,2006,5,39.9898,-75.1255,1300.0,6,0,0,0,0,0,0,0,0,1.0,0,0,0,12,1,0,1,,1.0,39 59:23.000,3.0,0,75 07:32.329,9,0,0,0,67301,0,0,0,N,0,0,0,2,67301,0,,1,1,,N,N,,0,,0,0,0,3,2,N,1250,0,2,0,0,0,0,1,3,4,0,2,3,,N,,,,,,,,,,,
2006104962,56.0,1,0,0,0,0,0,0,0,0,7,0,,67,8,2006,7,40.0075,-75.1923,53.0,6,0,0,1,0,0,0,0,0,1.0,0,0,0,0,3,2,0,,2.0,40 00:28.000,2.0,0,75 11:30.030,4,0,0,0,67301,0,0,0,,0,0,0,2,67301,2,,2,1,,N,N,,0,,0,0,0,0,0,N,50,2,1,0,0,0,0,0,3,4,0,1,3,,N,,,,,,,,,,,
2006102515,1702.0,2,0,0,0,0,0,0,0,0,5,0,,67,8,2006,6,40.0344,-75.0742,1659.0,6,0,0,0,0,0,1,1,0,,0,0,0,15,1,1,0,,0.0,40 02:03.697,,0,75 04:27.248,4,0,0,0,67301,0,0,0,N,0,0,0,4,67301,1,,1,1,,N,N,,0,,0,0,1,0,0,,1538,1,3,0,0,0,0,0,3,4,0,3,3,,N,,,,,,,,,,,
2006124496,15.0,1,0,0,0,0,0,0,0,0,4,0,,67,11,2006,6,39.9346,-75.1604,14.0,6,0,0,0,0,0,0,0,0,1.0,0,0,0,0,3,0,1,,2.0,39 56:04.383,7.0,0,75 09:37.587,0,0,0,0,67301,0,0,0,N,0,0,0,3,67301,0,,1,1,,N,N,,0,,0,0,1,3,3,Y,13,0,3,0,0,0,0,0,3,4,1,3,3,,N,,,,,,,,,,,
2006124542,1248.0,0,0,0,0,0,0,0,0,0,4,1,,67,10,2006,4,39.9453,-75.2295,1237.0,6,0,0,0,0,0,0,1,0,,0,1,0,12,1,2,1,,0.0,39 56:43.000,,0,75 13:46.156,8,0,0,0,67301,0,0,0,,0,0,0,2,67301,0,,1,9,,N,N,,0,,0,0,0,2,2,,1230,2,2,0,0,0,2,0,3,4,1,2,3,,N,,,,,,,,,,,
2006102189,2327.0,1,0,0,0,0,0,0,0,0,8,0,,67,9,2006,1,40.0088,-75.0995,2320.0,6,0,0,0,0,0,0,0,0,,0,0,0,10,1,1,0,,0.0,40 00:31.669,,0,75 05:58.052,3,0,0,0,67301,1,0,0,N,1,0,0,2,67301,0,,1,1,,N,N,,0,,1,0,0,0,0,,1040,1,2,0,0,0,0,0,3,4,0,1,3,,N,,,,,,,,,,,
2006115170,2120.0,2,0,0,0,0,0,0,0,0,4,0,,67,10,2006,6,39.9663,-75.2029,2117.0,6,0,0,0,0,0,1,0,0,,0,0,0,99,3,0,2,,0.0,39 57:58.608,,0,75 12:10.313,0,0,0,0,67301,0,0,0,N,0,0,0,2,67301,0,,1,1,,N,N,,0,,0,0,0,9,3,,9999,0,2,0,0,0,0,0,3,4,0,2,3,,N,,,,,,,,,,,
2006124918,1830.0,1,0,0,0,0,0,0,0,0,8,0,,67,11,2006,3,39.9917,-75.1373,1825.0,6,0,0,0,0,0,1,0,0,2.0,0,0,0,18,3,2,1,,2.0,39 59:29.000,7.0,0,75 08:14.730,3,0,0,0,67301,1,0,0,N,1,0,0,2,67301,0,,1,9,,N,N,,0,,2,0,0,9,3,Y,1820,2,2,0,0,1,0,0,3,4,0,1,7,,N,,,,,,,,,,,
2006122576,1307.0,1,0,0,0,0,0,0,0,0,1,0,,67,5,2006,1,39.9913,-75.101,1305.0,6,0,0,0,0,0,0,0,1,,1,0,0,13,1,2,0,,0.0,39 59:28.827,,0,75 06:03.767,1,0,0,0,67301,0,0,0,N,0,0,0,7,67301,2,2.0,1,1,,N,N,,1,0.0,0,0,1,0,0,,1300,2,4,1,0,7,0,0,3,4,1,4,3,,N,,,,,,,,,,,
2006124723,1318.0,1,0,0,0,0,0,0,0,0,4,0,,67,11,2006,2,40.0353,-75.1627,1315.0,6,0,0,0,0,0,1,0,0,,0,0,0,13,1,3,1,,0.0,40 02:07.065,,0,75 09:45.845,8,0,0,0,67301,0,0,0,N,0,0,0,3,67301,0,,1,1,,N,N,,0,,0,0,0,3,3,,1314,3,2,0,0,0,3,0,3,4,1,2,3,,N,,,,,,,,,,,
2006113862,1852.0,1,0,0,0,0,0,0,0,0,7,0,,67,9,2006,7,39.9632,-75.1467,1846.0,6,0,0,0,0,0,0,0,0,,0,0,0,99,3,1,1,,0.0,39 57:47.518,,0,75 08:48.043,4,0,0,0,67301,0,0,0,N,0,0,0,1,67301,1,,5,9,,N,N,,0,,0,0,0,3,2,,9999,1,1,0,0,0,0,0,3,4,0,1,7,,N,,,,,,,,,,,
2006054753,1813.0,0,0,0,0,0,0,0,0,0,0,0,,67,4,2006,1,,,1809.0,6,0,0,0,0,0,0,0,0,,0,0,0,18,1,1,0,,0.0,,,0,,3,0,0,1,67301,0,0,0,N,0,0,0,1,67301,0,,1,1,,N,N,,0,,1,0,0,3,3,,1805,1,1,0,0,0,0,0,3,3,0,1,3,,N,,,,,,,,,,,
2006093917,1628.0,1,0,0,0,0,0,0,0,0,8,0,,67,7,2006,1,39.952,-75.173,1620.0,6,0,0,0,0,0,0,0,0,,0,0,0,16,1,1,0,,0.0,39 57:07.000,,0,75 10:22.976,4,0,0,0,67301,1,0,0,N,1,0,0,2,67301,1,,1,1,,N,N,,0,,0,0,0,3,2,,1615,1,2,0,0,0,0,0,3,4,0,1,3,,N,,,,,,,,,,,
2006055093,720.0,1,0,0,0,0,0,0,0,0,8,0,,67,1,2006,5,39.9131,-75.2433,718.0,6,0,0,0,0,0,0,0,0,3.0,0,0,0,7,1,1,1,,1.0,39 54:47.000,1.0,0,75 14:35.486,3,0,0,0,67301,1,0,0,N,1,0,0,4,67301,0,,1,1,,N,N,,0,,1,0,0,3,2,N,715,1,2,0,0,0,0,0,3,4,0,1,99,,N,,,,,,,,,,,
2006055142,1345.0,1,0,0,0,0,0,0,0,0,7,0,,67,4,2006,6,39.9754,-75.19,1343.0,6,0,0,0,0,0,0,0,0,,0,0,0,13,1,1,2,,0.0,39 58:31.000,,0,75 11:23.848,4,0,0,0,67301,0,0,0,N,0,0,0,1,67301,1,,2,1,,N,N,,0,,0,0,0,9,9,,1343,1,1,0,0,0,0,0,3,4,0,1,7,,N,,,,,,,,,,,
2006055287,2034.0,2,0,0,0,0,0,0,0,0,1,0,,67,4,2006,1,40.0363,-75.0643,2034.0,6,0,1,0,1,0,0,0,0,,0,0,0,20,3,1,1,,0.0,40 02:10.000,,0,75 03:51.302,8,0,0,0,67301,0,0,0,,0,0,0,6,67301,0,,1,1,,,,,0,,0,0,0,3,2,,2030,1,2,0,0,0,1,0,3,4,0,2,3,,N,,,,,,,,,,,
2006094071,1316.0,1,0,0,0,0,0,0,0,0,8,0,,67,7,2006,6,,,1312.0,6,0,0,0,0,0,0,0,0,,0,0,0,13,1,1,0,,0.0,,,0,,4,0,0,0,67301,1,0,0,N,1,0,0,2,67301,1,,6,1,,N,N,,0,,0,0,0,0,0,,1302,1,2,0,0,0,0,1,3,3,0,1,3,,N,,,,,,,,,,,
2006055189,40.0,2,0,0,0,0,0,0,0,0,1,0,,67,4,2006,7,40.0625,-74.987,35.0,6,0,0,0,0,0,0,0,0,,0,0,0,0,3,2,1,,0.0,40 03:44.000,,0,74 59:12.567,4,0,0,0,67301,0,0,0,N,0,0,0,4,67301,2,,1,1,,N,N,,0,,0,0,0,9,2,,30,2,2,0,0,0,0,0,3,4,0,2,3,,N,,,,,,,,,,,
2006055329,1228.0,2,0,0,0,0,0,0,0,0,4,0,,67,3,2006,1,,,1224.0,6,0,0,0,0,1,1,0,0,,0,0,0,99,1,3,1,,0.0,,,0,,4,0,0,0,67301,0,0,0,N,0,0,0,5,67301,3,,1,9,,N,N,,0,,0,0,0,3,3,,9999,3,2,0,0,0,0,0,3,3,0,2,7,,N,,,,,,,,,,,
2006055055,9999.0,1,0,0,0,0,0,0,0,0,7,0,,67,4,2006,6,40.0022,-75.1096,1725.0,6,0,0,0,0,0,0,0,0,9.0,0,0,0,17,1,1,0,,2.0,40 00:08.056,4.0,0,75 06:34.527,4,0,0,0,67301,0,0,0,N,0,0,0,1,67301,1,,2,9,,N,N,,0,,0,0,0,0,0,Y,1720,1,1,0,0,0,0,0,3,4,0,1,7,,N,,,,,,,,,,,
2006094205,9999.0,0,0,0,0,0,0,0,0,0,0,0,,67,7,2006,6,39.9989,-75.1332,1236.0,6,0,0,0,0,0,0,0,0,,0,0,0,16,1,1,1,,0.0,39 59:56.000,,0,75 07:59.426,4,0,0,1,67301,0,0,0,N,0,0,0,1,67301,1,,1,1,,N,N,,0,,0,0,0,3,2,,1645,1,1,0,0,0,0,0,3,4,0,1,3,,N,,,,,,,,,,,
2006062619,1315.0,0,0,0,0,0,0,0,0,0,7,0,,67,5,2006,3,39.9964,-75.1611,1315.0,6,0,0,0,0,0,0,0,0,,0,0,0,13,1,0,0,,0.0,39 59:47.115,,0,75 09:40.132,9,0,0,0,67301,0,0,0,,0,0,0,1,67301,0,,5,1,,,,,0,,0,0,0,0,0,,1300,0,1,0,0,0,0,1,3,4,0,1,3,,N,,,,,,,,,,,
2006094233,1535.0,1,0,0,0,0,0,0,0,0,4,0,,67,7,2006,6,40.0207,-75.0461,1530.0,6,0,0,0,0,0,0,0,0,,0,0,0,15,1,1,1,,0.0,40 01:14.448,,0,75 02:45.985,4,0,0,0,67301,0,0,0,N,0,0,0,2,67301,1,,1,1,,N,N,,0,,0,0,1,2,3,,1510,1,2,0,0,0,0,0,3,4,0,2,3,,N,,,,,,,,,,,
2006126201,1744.0,1,0,0,1,0,0,0,0,0,4,0,,67,10,2006,6,39.9346,-75.1809,1744.0,6,0,0,0,0,0,0,0,0,,0,0,0,17,1,1,2,,0.0,39 56:04.561,,0,75 10:51.190,8,0,0,0,67301,1,0,0,N,0,0,0,2,67301,0,,2,1,,N,N,,0,,0,0,0,3,2,,1740,1,2,0,0,0,1,0,3,4,0,1,3,,N,,,,,,,,,,,
2006126303,1446.0,1,0,0,0,0,0,0,0,0,1,0,,67,11,2006,7,40.0435,-75.0028,1445.0,6,0,0,0,0,0,1,0,0,9.0,0,0,0,14,1,2,0,,1.0,40 02:38.000,1.0,0,75 00:09.069,8,0,0,0,67301,0,0,0,N,0,0,0,6,67301,0,,1,1,,,,,0,,0,0,1,0,0,N,1445,2,2,0,0,0,2,0,3,4,0,2,3,,N,,,,,,,,,,,
2006036489,610.0,2,0,0,0,0,0,0,0,0,1,0,,67,3,2006,1,40.0564,-75.019,555.0,6,0,1,0,0,0,0,0,0,,0,0,0,5,5,1,1,,0.0,40 03:23.000,,0,75 01:09.032,8,0,0,0,67301,0,0,0,N,0,0,0,2,67301,0,,1,1,,N,N,,0,,0,0,0,3,2,,545,1,2,0,0,0,1,0,3,4,0,2,3,,N,,,,,,,,,,,
2006036616,1439.0,1,0,0,0,0,0,0,0,0,7,0,,67,1,2006,1,40.0234,-75.0334,1427.0,6,0,0,0,0,0,0,0,0,1.0,0,0,0,14,1,1,7,,1.0,40 01:22.000,1.0,2,75 02:09.552,4,0,0,0,67301,0,0,0,,0,0,0,1,67301,1,,5,9,,N,N,,0,,0,0,0,0,0,N,1425,1,1,0,0,0,0,0,3,4,0,1,7,,N,,,,,,,,,,,
2006024113,1901.0,2,0,0,0,0,0,0,0,0,2,0,,67,1,2006,4,40.0143,-75.1781,1900.0,6,0,0,0,0,0,0,0,1,,0,0,0,16,3,4,1,,0.0,40 00:51.570,,0,75 10:41.163,4,0,0,0,67301,0,0,0,N,0,0,0,5,67301,4,,1,1,,N,N,,0,,0,0,0,3,2,,1653,4,2,0,0,1,0,0,3,4,0,2,3,,N,,,,,,,,,,,
2006024151,1342.0,0,0,0,0,0,0,0,0,0,8,0,,67,1,2006,1,,,1341.0,6,0,0,0,0,0,0,0,0,,0,0,0,99,1,1,0,,0.0,,,0,,8,0,0,0,67301,1,0,0,N,1,0,0,2,67301,0,,1,1,,N,N,,0,,0,0,1,0,0,,9999,1,2,0,0,0,1,0,3,3,0,1,3,,N,,,,,,,,,,,
2006095272,16.0,2,0,0,0,0,0,0,0,0,1,0,,67,7,2006,6,40.009,-75.1491,15.0,6,0,0,0,0,0,0,0,0,,0,0,0,0,3,1,1,,0.0,40 00:32.000,,0,75 08:57.202,4,0,0,0,67301,0,0,0,,0,0,0,2,67301,1,,1,1,,,,,0,,0,0,0,3,2,,1,1,2,0,0,0,0,1,3,4,0,2,3,,N,,,,,,,,,,,
2006053893,1629.0,2,0,0,0,0,0,0,0,0,6,0,,67,2,2006,1,39.9547,-75.2484,1623.0,6,1,0,0,0,0,0,0,0,,0,0,0,16,1,2,2,,0.0,39 57:16.000,,0,75 14:54.427,4,0,0,0,67301,0,0,0,N,0,0,0,3,67301,1,,1,1,,N,N,,0,,0,0,0,9,3,,1610,2,2,0,0,1,1,0,3,4,0,2,3,,N,,,,,,,,,,,
2006018429,1450.0,0,0,0,0,0,0,0,0,0,8,0,,67,1,2006,6,,,1445.0,6,0,0,0,0,0,0,0,0,,0,0,0,14,1,1,0,,0.0,,,0,,4,0,0,0,67301,1,0,0,N,1,0,0,2,67301,1,,6,1,,N,N,,0,,0,0,0,3,2,,1443,1,2,0,0,0,0,0,3,3,1,1,3,,N,,,,,,,,,,,
2006018431,700.0,1,0,0,0,0,0,0,0,0,8,0,,67,1,2006,5,40.0568,-75.1607,655.0,6,0,0,0,0,0,1,0,0,,0,0,0,6,1,1,2,,0.0,40 03:24.000,,0,75 09:38.545,4,0,0,0,67301,1,0,0,,1,0,0,2,67301,1,,1,1,,N,N,,0,,0,0,0,3,2,,655,1,2,0,0,0,0,0,3,4,0,1,3,,N,,,,,,,,,,,
2006035886,952.0,2,0,0,0,0,0,0,0,0,4,0,,67,2,2006,1,,,950.0,6,0,0,0,0,0,0,0,0,,0,0,0,9,1,1,1,,0.0,,,0,,8,0,0,0,67301,0,0,0,N,0,0,0,6,67301,0,,1,1,,N,N,,0,,0,0,0,9,2,,950,1,2,0,0,0,1,2,3,3,0,2,3,,N,,,,,,,,,,,
2006035642,1038.0,2,0,0,0,0,0,0,0,0,4,0,,67,1,2006,5,39.9638,-75.1486,1030.0,6,0,0,0,0,0,0,0,0,,0,0,0,10,1,1,2,,0.0,39 57:49.568,,0,75 08:54.909,4,0,0,0,67301,0,0,0,N,0,0,0,2,67301,1,,1,1,,N,N,,0,,0,0,0,0,0,,1025,1,2,0,0,0,0,1,3,4,0,2,3,,N,,,,,,,,,,,
2006033316,10.0,1,0,0,0,0,0,0,0,0,2,0,,67,2,2006,6,39.9732,-75.2122,8.0,6,0,0,0,0,0,1,0,0,,0,0,0,0,3,2,1,,0.0,39 58:23.000,,0,75 12:43.412,4,0,0,0,67301,0,0,0,N,0,0,0,2,67301,2,,1,1,,N,N,,0,,0,0,0,3,2,,3,2,2,0,0,0,0,0,3,4,1,2,3,,N,,,,,,,,,,,
2006032867,1701.0,0,0,0,0,0,0,0,0,0,8,0,,67,3,2006,4,,,1700.0,6,0,0,0,0,0,0,0,0,,0,0,0,17,4,1,0,,0.0,,,0,,4,0,0,0,67301,1,0,0,,1,0,0,2,67301,1,,6,1,,N,N,,0,,0,0,1,0,0,,1700,1,2,0,0,1,0,0,3,3,0,1,3,,N,,,,,,,,,,,