CRN,ARRIVAL_TM,AUTOMOBILE_COUNT,BELTED_DEATH_COUNT,BELTED_SUSP_SERIOUS_INJ_COUNT,BICYCLE_COUNT,BICYCLE_DEATH_COUNT,BICYCLE_SUSP_SERIOUS_INJ_COUNT,BUS_COUNT,CHLDPAS_DEATH_COUNT,CHLDPAS_SUSP_SERIOUS_INJ_COUNT,COLLISION_TYPE,COMM_VEH_COUNT,CONS_ZONE_SPD_LIM,COUNTY,CRASH_MONTH,CRASH_YEAR,DAY_OF_WEEK,DEC_LAT,DEC_LONG,DISPATCH_TM,DISTRICT,DRIVER_COUNT_16YR,DRIVER_COUNT_17YR,DRIVER_COUNT_18YR,DRIVER_COUNT_19YR,DRIVER_COUNT_20YR,DRIVER_COUNT_50_64YR,DRIVER_COUNT_65_74YR,DRIVER_COUNT_75PLUS,EST_HRS_CLOSED,FATAL_COUNT,HEAVY_TRUCK_COUNT,HORSE_BUGGY_COUNT,HOUR_OF_DAY,ILLUMINATION,INJURY_COUNT,INTERSECT_TYPE,INTERSECTION_RELATED,LANE_CLOSED,LATITUDE,LN_CLOSE_DIR,LOCATION_TYPE,LONGITUDE,MAX_SEVERITY_LEVEL,MCYCLE_DEATH_COUNT,MCYCLE_SUSP_SERIOUS_INJ_COUNT,MOTORCYCLE_COUNT,MUNICIPALITY,NONMOTR_COUNT,NONMOTR_DEATH_COUNT,NONMOTR_SUSP_SERIOUS_INJ_COUNT,NTFY_HIWY_MAINT,PED_COUNT,PED_DEATH_COUNT,PED_SUSP_SERIOUS_INJ_COUNT,PERSON_COUNT,POLICE_AGCY,POSSIBLE_INJ_COUNT,RDWY_SURF_TYPE_CD,RELATION_TO_ROAD,ROAD_CONDITION,ROADWAY_CLEARED,SCH_BUS_IND,SCH_ZONE_IND,SECONDARY_CRASH,SMALL_TRUCK_COUNT,SPEC_JURIS_CD,SUSP_MINOR_INJ_COUNT,SUSP_SERIOUS_INJ_COUNT,SUV_COUNT,TCD_FUNC_CD,TCD_TYPE,TFC_DETOUR_IND,TIME_OF_DAY,TOT_INJ_COUNT,TOTAL_UNITS,UNB_DEATH_COUNT,UNB_SUSP_SERIOUS_INJ_COUNT,UNBELTED_OCC_COUNT,UNK_INJ_DEG_COUNT,UNK_INJ_PER_COUNT,URBAN_AREA,URBAN_RURAL,VAN_COUNT,VEHICLE_COUNT,WEATHER1,WEATHER2,WORK_ZONE_IND,WORK_ZONE_LOC,WORK_ZONE_TYPE,WORKERS_PRES,WZ_CLOSE_DETOUR,WZ_FLAGGER,WZ_LAW_OFFCR_IND,WZ_LN_CLOSURE,WZ_MOVING,WZ_OTHER,WZ_SHLDER_MDN,WZ_WORKERS_INJ_KILLED
2006032888,9999.0,1,0,0,0,0,0,0,0,0,1,0,,67,2,2006,2,39.957,-75.2255,9999.0,6,0,0,0,0,0,1,0,0,,0,1,0,11,1,2,1,,0.0,39 57:25.000,,0,75 13:31.920,8,0,0,0,67301,0,0,0,N,0,0,0,3,67301,0,,1,9,,N,N,,0,,0,0,0,0,0,,1128,2,2,0,0,0,2,0,3,4,0,2,3,,N,,,,,,,,,,,
2006032970,1328.0,4,0,0,0,0,0,0,0,0,1,0,,67,1,2006,6,40.0011,-75.2154,1321.0,6,0,0,0,0,0,3,1,0,,0,0,0,13,1,1,5,,0.0,40 00:03.902,,0,75 12:55.382,8,0,0,0,67301,0,0,0,N,0,0,0,4,67301,0,,1,1,,N,N,,0,,0,0,0,3,2,,1305,1,4,0,0,0,1,0,3,4,0,4,3,,N,,,,,,,,,,,
2006019886,1115.0,1,0,0,0,0,0,0,0,0,1,0,,67,1,2006,3,40.0255,-75.1227,1107.0,6,0,0,0,0,0,1,0,0,,0,0,0,11,1,1,1,,0.0,40 01:31.000,,0,75 07:20.700,4,0,0,0,67301,0,0,0,N,0,0,0,2,67301,1,,1,1,,N,N,,0,,0,0,0,3,2,,1110,1,2,0,0,0,0,0,3,4,1,2,3,,N,,,,,,,,,,,
2006053746,1744.0,2,0,0,0,0,0,0,0,0,4,0,,67,4,2006,4,,,1741.0,6,0,0,0,0,0,0,0,0,,0,0,0,17,1,1,0,,0.0,,,0,,8,0,0,0,67301,0,0,0,N,0,0,0,2,67301,0,,1,1,,N,N,,0,,0,0,0,3,3,,1740,1,2,0,0,0,1,0,3,3,0,2,3,,N,,,,,,,,,,,
2006018358,1705.0,1,0,0,0,0,0,0,0,0,8,0,,67,1,2006,1,40.01,-75.143,1659.0,6,0,0,0,0,0,0,0,0,,0,0,0,16,1,1,0,,0.0,40 00:35.899,,0,75 08:34.724,4,0,0,0,67301,1,0,0,N,1,0,0,2,67301,1,,1,1,,N,N,,0,,0,0,0,0,0,,1655,1,2,0,0,0,0,0,3,4,0,1,3,,N,,,,,,,,,,,
2006020135,930.0,1,0,0,0,0,0,0,0,0,7,0,,67,1,2006,3,39.8911,-75.229,921.0,6,0,0,0,0,0,0,0,0,1.0,0,0,0,9,1,1,0,,2.0,39 53:27.000,4.0,0,75 13:44.419,4,0,0,0,67301,0,0,0,N,0,0,0,1,67301,1,,2,9,,N,N,,0,,0,0,0,0,0,N,921,1,1,0,0,0,0,0,3,4,0,1,7,,N,,,,,,,,,,,
2006080044,750.0,1,0,0,0,0,0,2,0,0,1,2,,67,5,2006,2,40.0643,-75.1942,743.0,6,0,0,0,0,0,1,0,0,,0,0,0,99,1,19,1,,0.0,40 03:51.000,,0,75 11:39.151,4,0,0,0,67301,0,0,0,N,0,0,0,21,67301,19,,1,1,,N,N,,1,,0,0,0,0,0,,9999,19,4,0,0,0,0,1,3,4,0,4,3,,N,,,,,,,,,,,
2006075096,1345.0,1,0,0,0,0,0,0,0,0,5,0,,67,7,2006,6,39.9851,-75.2592,9999.0,6,0,0,0,0,0,1,0,0,,0,0,0,13,1,1,0,,0.0,39 59:06.000,,0,75 15:33.160,4,0,0,1,67301,0,0,0,N,0,0,0,4,46104,1,,1,1,,N,N,,0,,0,0,0,0,0,,1340,1,2,0,0,0,0,0,3,4,0,2,3,,N,,,,,,,,,,,
2006065419,1007.0,2,0,0,0,0,0,0,0,0,1,0,,67,5,2006,5,,,1706.0,6,0,0,0,0,0,1,0,0,1.0,0,0,0,17,1,0,0,,1.0,,2.0,0,,0,0,0,0,67301,0,0,0,Y,0,0,0,2,67301,0,,1,1,,N,N,,0,,0,0,0,0,0,N,1705,0,2,0,0,0,0,0,3,3,0,2,3,,N,,,,,,,,,,,
2006065552,1327.0,1,0,0,0,0,0,0,0,0,8,0,,67,5,2006,5,40.0586,-75.1897,1317.0,6,0,0,0,0,0,0,0,0,,0,0,0,13,1,1,0,,0.0,40 03:30.000,,0,75 11:23.137,4,0,0,0,67301,1,0,0,N,1,0,0,2,67301,1,,6,1,,N,N,,0,,0,0,0,0,0,,1302,1,2,0,0,0,0,0,3,4,0,1,3,,N,,,,,,,,,,,
2006055532,1840.0,1,0,0,1,0,0,0,0,0,4,0,,67,5,2006,3,40.0391,-75.1099,1836.0,6,0,0,0,0,0,0,0,0,,0,0,0,18,1,1,0,,0.0,40 02:20.803,,0,75 06:35.793,4,0,0,0,67301,1,0,0,N,0,0,0,2,67301,1,,1,1,,N,N,,0,,0,0,0,0,0,,1835,1,2,0,0,0,0,0,3,4,0,1,3,,N,,,,,,,,,,,
2006055738,2245.0,2,0,0,0,0,0,0,0,0,1,0,,67,4,2006,1,39.9409,-75.1952,2245.0,6,0,0,0,0,0,1,0,0,,0,0,0,22,3,5,7,,0.0,39 56:29.760,,2,75 11:40.200,8,0,0,0,67301,0,0,0,N,0,0,0,6,67301,0,,1,1,,N,N,,0,,0,0,0,0,0,,2245,5,2,0,0,0,5,0,3,4,0,2,3,,N,,,,,,,,,,,
2006055783,202.0,2,0,0,0,0,0,0,0,0,1,0,,67,3,2006,7,39.9456,-75.1901,158.0,6,0,0,0,0,0,0,0,0,1.0,0,0,0,1,3,2,0,,1.0,39 56:44.000,3.0,0,75 11:24.356,4,0,0,0,67301,0,0,0,N,0,0,0,5,67301,2,,1,1,,N,N,,0,,0,0,0,0,0,N,157,2,2,0,0,0,0,0,3,4,0,2,3,,N,,,,,,,,,,,
2006055791,1027.0,1,0,0,0,0,0,0,0,0,7,0,,67,4,2006,6,,,1019.0,6,0,0,0,0,1,0,0,0,1.0,0,0,0,10,1,0,0,,2.0,,2.0,3,,0,0,0,0,67301,0,0,0,N,0,0,0,1,67301,0,,2,1,,N,N,,0,,0,0,0,0,0,N,1019,0,1,0,0,1,0,0,3,3,0,1,3,,N,,,,,,,,,,,
2006126858,810.0,2,0,0,0,0,0,0,0,0,1,0,,67,11,2006,5,40.0072,-75.1744,804.0,6,0,0,0,0,0,0,0,0,,0,0,0,8,1,3,1,,0.0,40 00:26.000,,0,75 10:28.760,8,0,0,0,67301,0,0,0,,0,0,0,4,67301,0,,1,1,,,,,0,,0,0,0,9,3,,800,3,2,0,0,0,3,0,3,4,0,2,3,,N,,,,,,,,,,,
2006126859,9999.0,2,0,0,0,0,0,0,0,0,4,0,,67,11,2006,7,40.0215,-75.1682,9999.0,6,0,0,0,0,0,0,0,0,,0,0,0,99,3,0,1,,0.0,40 01:17.500,,0,75 10:05.491,0,0,0,0,67301,0,0,0,,0,0,0,2,67301,0,,1,9,,,,,0,,0,0,0,0,0,,9999,0,2,0,0,0,0,0,3,4,0,2,7,,N,,,,,,,,,,,
2006104941,220.0,2,0,0,0,0,0,0,0,0,4,0,,67,8,2006,7,39.9763,-75.1197,218.0,6,0,0,0,0,0,0,0,0,,0,0,0,2,3,2,1,,0.0,39 58:38.000,,0,75 07:09.332,8,0,0,0,67301,0,0,0,N,0,0,0,3,67301,0,,1,9,,N,N,,0,,0,0,0,3,2,,208,2,2,0,0,0,2,0,3,4,0,2,7,,N,,,,,,,,,,,
2006126880,526.0,2,0,0,0,0,0,0,0,0,5,0,,67,10,2006,6,39.9596,-75.2472,523.0,6,0,0,0,0,0,0,0,0,,0,0,0,5,3,1,0,,0.0,39 57:34.000,,0,75 14:50.238,8,0,0,0,67301,0,0,0,N,0,0,0,2,67301,0,,1,1,,N,N,,0,,0,0,0,0,0,,520,1,2,0,0,0,1,1,3,4,0,2,3,,N,,,,,,,,,,,
2006126894,1701.0,1,0,0,0,0,0,0,0,0,8,0,,67,11,2006,7,39.9982,-75.1254,1656.0,6,0,0,0,0,0,0,0,0,,0,0,0,16,1,1,0,,0.0,39 59:53.525,,0,75 07:31.321,4,0,0,0,67301,1,0,0,,1,0,0,2,67301,1,,1,1,,N,N,,0,,0,0,0,0,0,,1652,1,2,0,0,0,0,1,3,4,0,1,3,,N,,,,,,,,,,,
2006124563,1550.0,2,0,0,0,0,0,0,0,0,5,0,,67,10,2006,6,39.9702,-75.1451,1524.0,6,0,0,0,1,0,0,0,0,,0,0,0,14,1,2,1,,0.0,39 58:12.569,,0,75 08:42.214,4,0,0,0,67301,0,0,0,N,0,0,0,2,67301,2,,1,1,,N,N,,0,,0,0,0,3,2,,1422,2,2,0,0,0,0,0,3,4,0,2,3,,N,,,,,,,,,,,
2006120095,1233.0,1,0,0,0,0,0,0,0,0,1,0,,67,11,2006,7,39.9922,-75.2457,9999.0,6,0,0,0,0,0,0,0,0,1.0,0,0,0,12,1,0,0,,1.0,39 59:32.000,2.0,0,75 14:44.483,0,0,0,0,67301,0,0,0,N,0,0,0,2,46104,0,,1,1,,N,N,,0,,0,0,1,0,0,N,1231,0,2,0,0,0,0,0,3,4,0,2,3,,N,,,,,,,,,,,
2006112652,1654.0,1,0,0,1,0,0,0,0,0,4,0,,67,5,2006,7,40.049,-75.0509,1633.0,6,0,0,0,0,0,0,0,0,,0,0,0,16,1,1,2,,0.0,40 02:56.000,,0,75 03:03.107,4,0,0,0,67301,1,0,0,,0,0,0,2,67301,1,,1,1,,,,,0,,0,0,0,9,3,,1602,1,2,0,0,0,0,0,3,4,0,1,3,,N,,,,,,,,,,,
2006122591,1854.0,0,0,0,0,0,0,0,0,0,8,0,,67,10,2006,3,40.0241,-75.1306,1851.0,6,0,0,0,0,0,0,0,0,3.0,1,0,0,18,2,0,1,,2.0,40 01:26.000,1.0,0,75 07:49.002,1,0,0,0,67301,1,1,0,N,1,1,0,2,67301,0,2.0,1,1,,N,N,,0,0.0,0,0,1,3,2,Y,1851,0,2,0,0,1,0,0,3,4,0,1,3,,N,,,,,,,,,,,
2006124766,200.0,2,0,0,0,0,0,0,0,0,5,0,,67,11,2006,1,40.0969,-75.0223,156.0,6,0,0,0,0,0,0,0,0,,0,0,0,99,3,1,0,,0.0,40 05:48.667,,0,75 01:20.132,4,0,0,0,67301,0,0,0,N,0,0,0,1,67301,1,,6,1,,N,N,,0,,0,0,0,0,0,,9999,1,2,0,0,0,0,0,3,4,0,2,3,,N,,,,,,,,,,,
2006054707,9999.0,1,0,0,0,0,0,0,0,0,1,0,,67,4,2006,4,39.952,-75.1734,9999.0,6,0,0,0,0,0,0,1,0,,0,0,0,7,1,1,1,,0.0,39 57:07.000,,0,75 10:24.223,4,0,0,0,67301,0,0,0,N,0,0,0,3,67301,1,,1,1,,N,N,,0,,0,0,0,3,2,,710,1,2,0,0,0,0,0,3,4,1,2,3,,N,,,,,,,,,,,
2006062201,1412.0,1,0,0,1,0,0,0,0,0,4,0,,67,5,2006,1,,,1407.0,6,0,1,0,0,0,0,0,0,,0,0,0,14,1,1,1,,0.0,,,0,,4,0,0,0,67301,1,0,0,N,0,0,0,2,67301,1,,1,1,,N,N,,0,,0,0,0,0,0,,1400,1,2,0,0,0,0,0,3,3,0,1,3,,N,,,,,,,,,,,
2006062441,157.0,1,0,0,0,0,0,0,0,0,7,0,,67,5,2006,6,39.8896,-75.2316,151.0,6,0,0,0,0,0,0,0,0,1.0,0,0,0,1,3,1,0,,2.0,39 53:22.000,4.0,0,75 13:53.880,4,0,0,0,67301,0,0,0,N,0,0,0,1,67301,1,,2,9,,N,N,,0,,0,0,0,0,0,N,145,1,1,0,0,0,0,0,3,4,0,1,7,,N,,,,,,,,,,,
2006054745,937.0,1,0,0,0,0,0,0,0,0,7,0,,67,4,2006,7,40.0164,-75.2105,927.0,6,0,0,0,0,0,0,0,0,,0,0,0,9,1,0,1,,0.0,40 00:59.000,,0,75 12:38.465,0,0,0,0,67301,0,0,0,N,0,0,0,1,67301,0,,2,9,,N,N,,0,,0,0,0,0,0,,927,0,1,0,0,0,0,0,3,4,0,1,7,,N,,,,,,,,,,,
2006093881,825.0,3,0,0,0,0,0,0,0,0,1,0,,67,8,2006,3,,,820.0,6,0,0,0,0,0,1,0,0,1.0,0,0,0,8,1,2,0,,2.0,,2.0,0,,3,0,0,0,67301,0,0,0,N,0,0,0,3,67301,0,,1,1,,N,N,,0,,2,0,0,0,0,N,816,2,3,0,0,0,0,0,3,3,0,3,3,,N,,,,,,,,,,,
2006062496,1412.0,2,0,0,0,0,0,0,0,0,4,0,,67,5,2006,2,40.0546,-75.125,1409.0,6,0,0,0,0,1,0,0,0,,0,0,0,14,1,1,1,,0.0,40 03:16.000,,0,75 07:29.331,8,0,0,0,67301,0,0,0,N,0,0,0,3,67301,0,,1,1,,N,N,,0,,0,0,0,1,2,,1400,1,2,0,0,0,1,0,3,4,0,2,3,,N,,,,,,,,,,,
2006062502,1900.0,0,0,0,0,0,0,0,0,0,7,0,,67,5,2006,6,40.0266,-75.2244,1841.0,6,0,0,0,0,0,0,0,0,,0,0,0,18,1,1,3,,0.0,40 01:35.673,,0,75 13:27.706,8,0,0,1,67301,0,0,0,N,0,0,0,1,67301,0,,5,1,,N,N,,0,,0,0,0,0,0,,1840,1,1,0,0,0,1,0,3,4,0,1,3,,N,,,,,,,,,,,
2006054948,1400.0,0,0,0,0,0,0,0,0,0,1,1,,67,3,2006,7,40.019,-75.1107,1348.0,6,0,0,0,0,0,0,0,0,3.0,0,1,0,13,1,1,0,,2.0,40 01:08.392,1.0,0,75 06:38.401,8,0,0,0,67301,0,0,0,N,0,0,0,2,67301,0,,1,1,,N,N,,0,,0,0,1,0,0,N,1345,1,2,0,0,0,1,0,3,4,0,2,3,,N,,,,,,,,,,,
2006055150,2155.0,2,0,0,0,0,0,0,0,0,4,0,,67,3,2006,6,,,2142.0,6,0,0,0,0,0,0,0,0,,0,0,0,99,3,1,0,,0.0,,,7,,4,0,0,0,67301,0,0,0,N,0,0,0,3,67301,1,,1,1,,N,N,,0,,0,0,0,3,2,,9999,1,2,0,0,1,0,0,3,3,0,2,3,,N,,,,,,,,,,,
2006055154,2104.0,0,0,0,0,0,0,0,0,0,5,0,,67,4,2006,1,40.0205,-75.0907,2102.0,6,0,0,0,0,0,0,0,0,,0,0,0,20,3,1,0,,0.0,40 01:13.728,,0,75 05:26.599,8,0,0,1,67301,0,0,0,N,0,0,0,2,67301,0,,1,1,,N,N,,1,,0,0,0,0,0,,2058,1,2,0,0,1,1,0,3,4,0,2,3,,N,,,,,,,,,,,
2006094093,1552.0,3,0,0,0,0,0,0,0,0,1,0,,67,7,2006,4,,,1548.0,6,0,0,0,0,0,0,0,0,,0,0,0,15,1,1,0,,0.0,,,0,,8,0,0,0,67301,0,0,0,N,0,0,0,3,67301,0,,1,1,,N,N,,0,,0,0,0,3,2,,1548,1,3,0,0,0,1,0,3,3,0,3,3,,N,,,,,,,,,,,
2006094143,735.0,0,0,0,0,0,0,0,0,0,2,0,,67,7,2006,6,,,725.0,6,0,0,0,0,0,0,0,0,,0,0,0,0,3,1,3,,0.0,,,0,,8,0,0,1,67301,0,0,0,,0,0,0,2,67301,0,,1,1,,,,,0,,0,0,0,3,2,,30,1,2,0,0,0,1,0,3,3,0,2,3,,N,,,,,,,,,,,
2006053885,1034.0,0,0,0,0,0,0,0,0,0,8,1,,67,3,2006,4,40.0358,-75.1747,1030.0,6,0,0,0,0,0,0,0,0,,0,1,0,10,1,1,1,,0.0,40 02:08.000,,0,75 10:29.359,4,0,0,0,67301,1,0,0,,1,0,0,2,67301,1,,1,1,,,,,0,,0,0,0,3,2,,1026,1,2,0,0,1,0,0,3,4,0,1,3,,N,,,,,,,,,,,
2006018369,758.0,1,0,0,0,0,0,0,0,0,8,0,,67,1,2006,6,40.1058,-75.0338,756.0,6,0,0,0,0,0,0,0,0,,0,0,0,7,1,2,2,,0.0,40 06:20.757,,0,75 02:01.553,8,0,0,0,67301,2,0,0,N,2,0,0,3,67301,0,,1,1,,N,N,,0,,0,0,0,3,3,,749,2,3,0,0,0,2,0,3,4,0,1,3,,N,,,,,,,,,,,
2006035639,1920.0,2,0,0,0,0,0,0,0,0,4,0,,67,2,2006,3,39.9449,-75.1676,1915.0,6,0,0,0,0,0,0,0,0,,0,0,0,19,3,1,0,,0.0,39 56:41.719,,0,75 10:03.342,4,0,0,0,67301,0,0,0,N,0,0,0,2,67301,1,,1,1,,N,N,,0,,0,0,1,0,0,,1905,1,3,0,0,0,0,0,3,4,0,3,3,,N,,,,,,,,,,,
2006033028,9999.0,1,0,0,1,0,0,0,0,0,6,0,,67,1,2006,7,,,9999.0,6,0,0,0,0,0,0,0,0,,0,0,0,99,3,1,1,,0.0,,,0,,4,0,0,0,67301,1,0,0,N,0,0,0,2,67301,1,,1,1,,N,N,,0,,0,0,0,3,2,,9999,1,2,0,0,0,0,1,3,3,0,1,3,,N,,,,,,,,,,,
2006032865,1310.0,2,0,0,0,0,0,0,0,0,4,0,,67,1,2006,5,,,1308.0,6,0,0,0,0,0,0,0,0,,0,0,0,13,1,1,1,,0.0,,,0,,4,0,0,0,67301,0,0,0,N,0,0,0,2,67301,1,,1,1,,N,N,,0,,0,0,0,3,3,,1308,1,2,0,0,2,0,0,3,3,0,2,3,,N,,,,,,,,,,,
2006032950,850.0,2,0,0,0,0,0,0,0,0,1,0,,67,1,2006,5,40.0318,-75.053,845.0,6,0,0,0,0,0,0,0,0,9.0,0,0,0,8,1,1,0,,1.0,40 01:54.000,2.0,0,75 03:10.306,4,0,0,0,67301,0,0,0,N,0,0,0,2,67301,1,,1,1,,N,N,,0,,0,0,0,0,0,N,845,1,2,0,0,0,0,1,3,4,0,2,3,,N,,,,,,,,,,,
2006032952,1033.0,1,0,0,0,0,0,0,0,0,8,0,,67,2,2006,3,39.9815,-75.1886,1026.0,6,0,0,0,0,0,0,0,1,,0,0,0,10,1,1,10,,0.0,39 58:52.000,,7,75 11:19.274,4,0,0,0,67301,1,0,0,N,1,0,0,2,67301,1,,1,1,,N,N,,0,,0,0,0,0,0,,1026,1,2,0,0,0,0,0,3,4,0,1,3,,N,,,,,,,,,,,
2006023366,240.0,1,0,0,0,0,0,0,0,0,7,1,,67,1,2006,3,39.9884,-75.0888,230.0,6,0,0,0,1,0,1,0,0,1.0,0,1,0,2,3,1,0,,1.0,39 59:17.000,2.0,0,75 05:20.080,3,0,0,0,67301,0,0,0,N,0,0,0,2,67301,0,,2,1,,N,N,,0,,1,0,0,0,0,N,230,1,2,0,0,1,0,0,3,4,0,2,3,,N,,,,,,,,,,,
2006020119,2102.0,1,0,0,0,0,0,0,0,0,4,0,,67,1,2006,1,40.0604,-74.9904,2100.0,6,0,0,0,0,0,1,0,0,1.0,0,0,0,21,3,1,5,,2.0,40 03:37.000,7.0,0,74 59:24.731,4,0,0,0,67301,0,0,0,N,0,0,0,2,67301,1,,1,1,,N,N,,0,,0,0,1,3,2,Y,2100,1,2,0,0,0,0,0,3,4,0,2,3,,N,,,,,,,,,,,
2006020126,1225.0,0,0,0,0,0,0,0,0,0,7,0,,67,1,2006,2,40.0502,-75.0861,1222.0,6,0,0,0,0,0,0,0,0,9.0,0,0,0,12,1,1,0,,1.0,40 03:00.000,1.0,0,75 05:10.192,3,0,0,0,67301,0,0,0,,0,0,0,1,67301,0,,5,1,,N,N,,0,,1,0,0,0,0,N,1220,1,1,0,0,0,0,0,3,4,1,1,3,,N,,,,,,,,,,,
2006020140,2145.0,2,0,0,0,0,0,0,0,0,4,0,,67,1,2006,6,,,2135.0,6,0,0,0,0,0,0,0,0,,0,0,0,21,3,0,2,,0.0,,,0,,0,0,0,0,67301,0,0,0,N,0,0,0,2,67301,0,,1,1,,N,N,,0,,0,0,0,3,3,,2125,0,2,0,0,0,0,0,3,3,0,2,3,,N,,,,,,,,,,,
2006020143,1809.0,2,0,0,0,0,0,0,0,0,1,0,,67,1,2006,5,,,1805.0,6,0,0,0,0,0,0,0,0,,0,0,0,18,4,2,0,,0.0,,,0,,8,0,0,0,67301,0,0,0,,0,0,0,3,67301,0,,1,1,,N,N,,0,,0,0,0,0,0,,1800,2,3,0,0,0,2,0,3,3,0,3,3,,N,,,,,,,,,,,
2006065407,1037.0,1,0,0,0,0,0,0,0,0,7,0,,67,5,2006,2,39.9625,-75.2162,1036.0,6,0,0,0,0,0,0,0,0,,0,0,0,10,1,1,1,,0.0,39 57:45.000,,0,75 12:58.680,4,0,0,0,67301,0,0,0,N,0,0,0,1,67301,1,,4,9,,N,N,,0,,0,0,0,3,2,,1035,1,1,0,0,0,0,0,3,4,0,1,7,,N,,,,,,,,,,,
2006065414,2040.0,1,0,0,1,0,0,0,0,0,2,0,,67,5,2006,6,,,2040.0,6,0,0,0,1,0,0,0,0,,0,0,0,20,3,1,1,,0.0,,,0,,4,0,0,0,67301,1,0,0,N,0,0,0,5,67301,1,,1,1,,N,N,,0,,0,0,0,3,3,,2038,1,2,0,0,0,0,0,3,3,0,1,3,,N,,,,,,,,,,,
2006065431,1005.0,1,0,0,0,0,0,0,0,0,1,0,,67,6,2006,6,40.0699,-75.0389,950.0,6,0,0,0,0,0,0,0,0,,0,0,0,10,1,1,0,,0.0,40 04:11.000,,0,75 02:19.621,8,0,0,0,67301,0,0,0,,0,0,0,3,67301,0,,1,1,,,,,1,,0,0,0,3,2,,1000,1,2,0,0,0,1,0,3,4,0,2,3,,N,,,,,,,,,,,
2006062903,935.0,1,0,0,0,0,0,0,0,0,8,0,,67,5,2006,5,40.0219,-75.0788,931.0,6,0,0,0,0,0,0,0,0,,0,0,0,8,1,1,0,,0.0,40 01:18.000,,0,75 04:43.682,4,0,0,0,67301,1,0,0,N,1,0,0,2,67301,1,,1,1,,N,N,,0,,0,0,0,0,0,,830,1,2,0,0,0,0,0,3,4,0,1,3,,N,,,,,,,,,,,
2006065527,1750.0,2,0,0,0,0,0,0,0,0,6,0,,67,6,2006,6,,,1742.0,6,0,0,0,0,0,0,0,0,,0,0,0,17,1,1,1,,0.0,,,0,,8,0,0,0,67301,0,0,0,N,0,0,0,2,67301,0,,1,1,,N,N,,0,,0,0,0,3,2,,1740,1,2,0,0,0,1,0,3,3,0,2,3,,N,,,,,,,,,,,
2006055456,1452.0,2,0,0,0,0,0,0,0,0,4,0,,67,5,2006,3,,,1456.0,6,0,0,0,0,0,0,0,0,,0,0,0,14,1,1,1,,0.0,,,0,,8,0,0,0,67301,0,0,0,Y,0,0,0,3,67301,0,,1,1,,N,N,,0,,0,0,0,2,2,,1455,1,2,0,0,0,1,0,3,3,0,2,3,,N,,,,,,,,,,,
2006055460,47.0,2,0,0,0,0,0,0,0,0,4,0,,67,3,2006,1,40.0889,-75.0207,47.0,6,0,0,0,0,0,0,0,0,1.0,0,0,0,0,3,1,2,,1.0,40 05:20.000,5.0,0,75 01:15.182,4,0,0,0,67301,0,0,0,N,0,0,0,4,67301,1,,1,9,,N,N,,0,,0,0,0,2,2,N,45,1,2,0,0,0,0,0,3,4,0,2,7,,N,,,,,,,,,,,
2006055671,1802.0,1,0,0,0,0,0,0,0,0,7,0,,67,3,2006,6,,,1801.0,6,0,0,0,0,0,1,0,0,2.0,0,0,0,18,4,1,0,,2.0,,1.0,0,,4,0,0,0,67301,0,0,0,N,0,0,0,1,67301,1,,4,1,,N,N,,0,,0,0,0,0,0,Y,1800,1,1,0,0,0,0,0,3,3,0,1,3,,N,,,,,,,,,,,
2006055630,1241.0,2,0,0,0,0,0,0,0,0,4,0,,67,2,2006,2,,,1241.0,6,0,0,0,0,0,0,0,0,,0,0,0,12,1,5,1,,0.0,,,0,,4,0,0,0,67301,0,0,0,N,0,0,0,5,67301,5,,1,1,,N,N,,0,,0,0,0,3,2,,1240,5,2,0,0,0,0,0,3,3,0,2,3,,N,,,,,,,,,,,
2006055641,2040.0,5,0,0,0,0,0,0,0,0,6,0,,67,2,2006,5,,,1750.0,6,0,0,0,0,0,1,0,0,,0,0,0,17,3,0,0,,0.0,,,0,,0,0,0,0,67301,0,0,0,,0,0,0,2,67301,0,,1,1,,,,,0,,0,0,0,9,2,,1730,0,5,0,0,0,0,0,3,3,0,5,3,,N,,,,,,,,,,,
2006055644,1827.0,1,0,0,0,0,0,0,0,0,7,0,,67,3,2006,7,39.9606,-75.1407,1821.0,6,0,0,0,1,0,0,0,0,,0,0,0,18,4,1,0,,0.0,39 57:38.160,,3,75 08:26.520,8,0,0,0,67301,0,0,0,N,0,0,0,1,67301,0,,2,9,,N,N,,0,,0,0,0,0,0,,1820,1,1,0,0,0,1,0,3,4,0,1,7,,N,,,,,,,,,,,
2006055719,939.0,2,0,0,0,0,0,0,0,0,5,0,,67,3,2006,5,,,933.0,6,0,0,0,0,0,0,0,0,,0,0,0,9,1,1,2,,0.0,,,0,,4,0,0,0,67301,0,0,0,N,0,0,0,2,67301,1,,1,1,,N,N,,0,,0,0,0,9,3,,929,1,2,0,0,0,0,0,3,3,0,2,3,,N,,,,,,,,,,,
2006055740,1758.0,1,0,0,0,0,0,0,0,0,1,0,,67,4,2006,2,39.9493,-75.2424,1753.0,6,0,0,0,0,0,0,0,0,,0,0,0,17,1,3,0,,0.0,39 56:57.386,,0,75 14:32.582,8,0,0,0,67301,0,0,0,N,0,0,0,3,67301,0,,1,1,,N,N,,0,,0,0,0,0,0,,1750,3,2,0,0,1,3,0,3,4,1,2,3,,N,,,,,,,,,,,