CRN,ARRIVAL_TM,AUTOMOBILE_COUNT,BELTED_DEATH_COUNT,BELTED_SUSP_SERIOUS_INJ_COUNT,BICYCLE_COUNT,BICYCLE_DEATH_COUNT,BICYCLE_SUSP_SERIOUS_INJ_COUNT,BUS_COUNT,CHLDPAS_DEATH_COUNT,CHLDPAS_SUSP_SERIOUS_INJ_COUNT,COLLISION_TYPE,COMM_VEH_COUNT,CONS_ZONE_SPD_LIM,COUNTY,CRASH_MONTH,CRASH_YEAR,DAY_OF_WEEK,DEC_LAT,DEC_LONG,DISPATCH_TM,DISTRICT,DRIVER_COUNT_16YR,DRIVER_COUNT_17YR,DRIVER_COUNT_18YR,DRIVER_COUNT_19YR,DRIVER_COUNT_20YR,DRIVER_COUNT_50_64YR,DRIVER_COUNT_65_74YR,DRIVER_COUNT_75PLUS,EST_HRS_CLOSED,FATAL_COUNT,HEAVY_TRUCK_COUNT,HORSE_BUGGY_COUNT,HOUR_OF_DAY,ILLUMINATION,INJURY_COUNT,INTERSECT_TYPE,INTERSECTION_RELATED,LANE_CLOSED,LATITUDE,LN_CLOSE_DIR,LOCATION_TYPE,LONGITUDE,MAX_SEVERITY_LEVEL,MCYCLE_DEATH_COUNT,MCYCLE_SUSP_SERIOUS_INJ_COUNT,MOTORCYCLE_COUNT,MUNICIPALITY,NONMOTR_COUNT,NONMOTR_DEATH_COUNT,NONMOTR_SUSP_SERIOUS_INJ_COUNT,NTFY_HIWY_MAINT,PED_COUNT,PED_DEATH_COUNT,PED_SUSP_SERIOUS_INJ_COUNT,PERSON_COUNT,POLICE_AGCY,POSSIBLE_INJ_COUNT,RDWY_SURF_TYPE_CD,RELATION_TO_ROAD,ROAD_CONDITION,ROADWAY_CLEARED,SCH_BUS_IND,SCH_ZONE_IND,SECONDARY_CRASH,SMALL_TRUCK_COUNT,SPEC_JURIS_CD,SUSP_MINOR_INJ_COUNT,SUSP_SERIOUS_INJ_COUNT,SUV_COUNT,TCD_FUNC_CD,TCD_TYPE,TFC_DETOUR_IND,TIME_OF_DAY,TOT_INJ_COUNT,TOTAL_UNITS,UNB_DEATH_COUNT,UNB_SUSP_SERIOUS_INJ_COUNT,UNBELTED_OCC_COUNT,UNK_INJ_DEG_COUNT,UNK_INJ_PER_COUNT,URBAN_AREA,URBAN_RURAL,VAN_COUNT,VEHICLE_COUNT,WEATHER1,WEATHER2,WORK_ZONE_IND,WORK_ZONE_LOC,WORK_ZONE_TYPE,WORKERS_PRES,WZ_CLOSE_DETOUR,WZ_FLAGGER,WZ_LAW_OFFCR_IND,WZ_LN_CLOSURE,WZ_MOVING,WZ_OTHER,WZ_SHLDER_MDN,WZ_WORKERS_INJ_KILLED
2006055758,220.0,1,0,0,0,0,0,0,0,0,1,1,,67,3,2006,7,,,215.0,6,0,0,0,0,0,0,0,0,1.0,0,1,0,2,3,2,0,,1.0,,3.0,0,,4,0,0,0,67301,0,0,0,N,0,0,0,3,67301,2,,1,1,,N,N,,0,,0,0,0,0,0,N,213,2,2,0,0,0,0,1,3,3,0,2,3,,N,,,,,,,,,,,
2006104825,2200.0,2,0,0,0,0,0,0,0,0,1,0,,67,9,2006,3,40.036,-75.1745,1530.0,6,0,0,0,0,0,0,0,0,,0,0,0,15,1,1,0,,0.0,40 02:09.648,,0,75 10:28.298,3,0,0,0,67301,0,0,0,,0,0,0,2,67301,0,,1,9,,N,N,,0,,1,0,0,0,0,,1525,1,2,0,0,0,0,1,3,4,0,2,7,,N,,,,,,,,,,,
2006126865,1544.0,2,0,0,0,0,0,0,0,0,4,0,,67,10,2006,2,40.049,-75.0707,1535.0,6,0,0,1,0,0,0,0,0,,0,0,0,15,1,2,1,,0.0,40 02:56.508,,0,75 04:14.447,8,0,0,0,67301,0,0,0,,0,0,0,3,67301,0,,1,1,,,,,0,,0,0,0,9,3,,1530,2,2,0,0,0,2,0,3,4,0,2,3,,N,,,,,,,,,,,
2006102423,1643.0,1,0,0,1,0,0,0,0,0,4,0,,67,8,2006,7,,,1641.0,6,0,0,0,0,0,0,0,0,,0,0,0,16,1,1,1,,0.0,,,0,,4,0,0,0,67301,1,0,0,N,0,0,0,2,67301,1,,1,1,,N,N,,0,,0,0,0,9,3,,1640,1,2,0,0,0,0,0,3,3,0,1,3,,N,,,,,,,,,,,
2006102465,1230.0,4,0,0,0,0,0,0,0,0,4,0,,67,9,2006,2,39.98,-75.2193,1230.0,6,0,0,0,0,0,1,0,0,,0,0,0,12,1,1,0,,0.0,39 58:48.000,,0,75 13:09.465,8,0,0,0,67301,0,0,0,N,0,0,0,2,67301,0,,1,1,,N,N,,0,,0,0,0,0,0,,1230,1,4,0,0,0,1,0,3,4,0,4,3,,N,,,,,,,,,,,
2006104940,1440.0,2,0,0,0,0,0,0,0,0,4,0,,67,7,2006,3,39.9785,-75.1216,1434.0,6,0,0,0,0,0,0,0,0,,0,0,0,1,3,1,1,,0.0,39 58:42.420,,0,75 07:17.759,3,0,0,0,67301,1,0,0,N,1,0,0,3,67301,0,,4,1,,N,N,,0,,1,0,0,0,0,,100,1,3,0,0,0,0,2,3,4,0,2,3,,N,,,,,,,,,,,
2006102506,1148.0,0,0,0,0,0,0,1,0,0,8,1,,67,9,2006,1,39.9508,-75.1994,1144.0,6,0,0,0,0,0,0,0,0,,0,0,0,10,1,1,1,,0.0,39 57:04.000,,0,75 11:57.421,4,0,0,0,67301,1,0,0,N,1,0,0,2,67301,1,,1,1,,N,N,,0,,0,0,0,3,2,,1035,1,2,0,0,0,0,0,3,4,0,1,3,,N,,,,,,,,,,,
2006102221,1715.0,1,0,0,0,0,0,0,0,0,8,0,,67,9,2006,4,39.9213,-75.1655,1713.0,6,0,0,0,0,0,0,0,0,,0,0,0,99,1,1,0,,0.0,39 55:16.626,,0,75 09:55.677,4,0,0,0,67301,1,0,0,N,1,0,0,2,67301,1,,1,1,,N,N,,0,,0,0,0,0,0,,9999,1,2,0,0,0,0,0,3,4,0,1,3,,N,,,,,,,,,,,
2006124606,1510.0,2,0,0,0,0,0,0,0,0,2,0,,67,10,2006,3,39.9748,-75.2502,1500.0,6,0,0,0,0,1,0,0,1,,0,0,0,15,1,2,2,,0.0,39 58:29.377,,0,75 15:00.568,8,0,0,0,67301,0,0,0,N,0,0,0,2,67301,0,,1,1,,N,Y,,0,,0,0,0,0,0,,1500,2,2,0,0,0,2,0,3,4,0,2,3,,N,,,,,,,,,,,
2006112658,9999.0,1,0,0,0,0,0,0,0,0,8,0,,67,10,2006,2,39.9915,-75.1601,9999.0,6,0,0,0,0,0,0,0,0,,0,0,0,99,1,1,1,,0.0,39 59:29.432,,0,75 09:36.226,4,0,0,0,67301,1,0,0,,1,0,0,2,67301,1,,1,1,,,,,0,,0,0,0,3,2,,9999,1,2,0,0,0,0,0,3,4,0,1,3,,N,,,,,,,,,,,
2006124904,2147.0,2,0,0,0,0,0,0,0,0,6,0,,67,10,2006,6,,,2144.0,6,0,0,0,0,0,1,0,0,1.0,0,0,0,21,3,1,2,,2.0,,2.0,0,,3,0,0,0,67301,0,0,0,N,0,0,0,2,67301,0,,1,1,,N,N,,0,,1,0,0,3,2,Y,2140,1,2,0,0,0,0,0,3,3,0,2,3,,N,,,,,,,,,,,
2006124774,1825.0,1,0,0,0,0,0,0,0,0,8,0,,67,11,2006,4,39.9714,-75.1594,1819.0,6,0,0,0,0,0,0,0,0,,0,0,0,18,3,2,1,,0.0,39 58:17.000,,0,75 09:33.789,3,0,0,0,67301,1,0,0,N,1,0,0,2,67301,0,,3,1,,N,N,,0,,2,0,0,3,2,,1815,2,2,0,0,0,0,0,3,4,0,1,3,,N,,,,,,,,,,,
2006062272,1140.0,2,0,0,0,0,0,0,0,0,5,0,,67,5,2006,6,40.0469,-75.1264,1140.0,6,0,0,1,0,0,0,0,0,,0,0,0,11,1,1,0,,0.0,40 02:48.973,,0,75 07:34.993,8,0,0,0,67301,0,0,0,,0,0,0,4,67301,0,,1,1,,,,,0,,0,0,0,0,0,,1135,1,2,0,0,0,1,0,3,4,0,2,3,,N,,,,,,,,,,,
2006054748,1100.0,1,0,0,0,0,0,0,0,0,8,0,,67,4,2006,4,39.9516,-75.1575,1100.0,6,0,0,0,0,0,0,0,0,,0,0,0,10,1,1,0,,0.0,39 57:05.760,,0,75 09:27.000,8,0,0,0,67301,1,0,0,,1,0,0,2,67301,0,,1,1,,,,,0,,0,0,0,0,0,,1042,1,2,0,0,0,1,0,3,4,0,1,3,,N,,,,,,,,,,,
2006055139,1655.0,2,0,0,0,0,0,0,0,0,4,0,,67,3,2006,5,40.0774,-75.1755,1649.0,6,0,0,0,0,0,0,0,0,,0,0,0,99,1,0,1,,0.0,40 04:38.000,,0,75 10:32.222,0,0,0,0,67301,0,0,0,N,0,0,0,2,67301,0,,1,1,,N,N,,0,,0,0,0,3,2,,9999,0,2,0,0,0,0,0,3,4,0,2,3,,N,,,,,,,,,,,
2006094140,1728.0,2,0,0,0,0,0,0,0,0,4,0,,67,7,2006,1,,,1726.0,6,0,0,0,0,0,1,0,0,,0,0,0,17,1,1,2,,0.0,,,0,,4,0,0,0,67301,0,0,0,N,0,0,0,3,67301,1,,1,1,,N,N,,0,,0,0,0,3,2,,1720,1,2,0,0,0,0,0,3,3,0,2,3,,N,,,,,,,,,,,
2006055162,1458.0,0,0,0,0,0,0,0,0,0,4,0,,67,4,2006,5,39.9688,-75.2454,1447.0,6,0,0,0,0,0,1,0,0,,0,0,0,14,1,1,1,,0.0,39 58:02.000,,0,75 14:45.053,4,0,0,0,67301,0,0,0,N,0,0,0,3,67301,1,,1,1,,N,N,,1,,0,0,0,0,0,,1445,1,2,0,0,0,0,0,3,4,1,2,3,,N,,,,,,,,,,,
2006094170,1315.0,3,0,0,0,0,0,0,0,0,1,0,,67,7,2006,1,39.978,-75.1526,1310.0,6,0,0,0,0,0,0,0,0,,0,0,0,13,1,4,1,,0.0,39 58:40.000,,0,75 09:09.122,4,0,0,0,67301,0,0,0,,0,0,0,5,67301,1,,1,1,,,,,0,,0,0,0,3,2,,1309,4,3,0,0,0,3,0,3,4,0,3,3,,N,,,,,,,,,,,
2006094365,804.0,3,0,0,0,0,0,0,0,0,4,0,,67,8,2006,7,,,800.0,6,0,0,0,0,0,0,0,0,,0,0,0,7,1,3,1,,0.0,,,0,,3,0,0,0,67301,0,0,0,N,0,0,0,3,67301,2,,1,1,,N,N,,0,,1,0,0,3,2,,758,3,3,0,0,2,0,0,3,3,0,3,3,,N,,,,,,,,,,,
2006056169,1435.0,2,0,0,0,0,0,0,0,0,4,0,,67,3,2006,6,39.9197,-75.225,1430.0,6,0,0,0,0,0,0,0,0,,0,0,0,14,1,1,1,,0.0,39 55:11.000,,0,75 13:29.926,4,0,0,0,67301,0,0,0,N,0,0,0,2,67301,1,,1,9,,N,N,,0,,0,0,0,3,2,,1425,1,2,0,0,0,0,0,3,4,0,2,3,,N,,,,,,,,,,,
2006092881,1010.0,1,0,0,0,0,0,0,0,0,5,0,,67,8,2006,5,40.0632,-75.1619,1005.0,6,0,0,0,0,0,0,0,0,,0,0,0,10,1,0,0,,0.0,40 03:47.000,,0,75 09:42.825,0,0,0,0,67301,0,0,0,N,0,0,0,1,67301,0,,1,1,,N,N,,1,,0,0,2,0,0,,1000,0,5,0,0,0,0,0,3,4,1,5,3,,N,,,,,,,,,,,
2006056392,1430.0,0,0,0,0,0,0,0,0,0,0,0,,67,3,2006,6,40.0156,-75.2087,1427.0,6,0,0,0,0,0,0,0,0,,0,0,0,14,1,1,0,,0.0,40 00:55.000,,0,75 12:31.280,8,0,0,1,67301,0,0,0,N,0,0,0,1,67301,0,,1,1,,N,N,,0,,0,0,0,0,0,,1426,1,2,0,0,0,1,0,3,4,0,1,3,,N,,,,,,,,,,,
2006056394,1659.0,1,0,0,0,0,0,0,0,0,8,0,,67,3,2006,5,39.955,-75.1527,1654.0,6,0,0,0,0,0,1,0,0,1.0,0,0,0,16,1,1,0,,1.0,39 57:18.170,3.0,0,75 09:09.818,4,0,0,0,67301,1,0,0,N,1,0,0,3,67301,1,,1,1,,N,N,,0,,0,0,0,0,0,N,1652,1,2,0,0,0,0,0,3,4,0,1,3,,N,,,,,,,,,,,
2006018380,1730.0,1,0,0,0,0,0,0,0,0,8,0,,67,1,2006,7,40.0192,-75.0666,1717.0,6,0,0,0,0,0,0,0,0,,0,0,0,17,1,1,0,,0.0,40 01:09.235,,0,75 03:59.803,8,0,0,0,67301,1,0,0,N,1,0,0,2,67301,0,,1,1,,N,N,,0,,0,0,0,0,0,,1720,1,2,0,0,1,1,0,3,4,0,1,3,,N,,,,,,,,,,,
2006038756,948.0,1,0,0,0,0,0,1,0,0,4,1,,67,2,2006,4,39.9647,-75.2245,9999.0,6,0,0,0,0,1,0,0,0,,0,0,0,9,1,1,0,,0.0,39 57:52.000,,0,75 13:28.200,4,0,0,0,67301,0,0,0,N,0,0,0,7,67301,1,,1,1,,N,N,,0,,0,0,0,0,0,,936,1,2,0,0,0,0,0,3,4,0,2,3,,N,,,,,,,,,,,
2006037956,900.0,1,0,0,0,0,0,0,0,0,4,0,,67,1,2006,3,,,853.0,6,0,0,0,0,0,0,0,0,,0,0,0,8,1,2,2,,0.0,,,0,,4,0,0,0,67301,0,0,0,,0,0,0,4,67301,2,,1,9,,N,N,,0,,0,0,0,3,3,,830,2,2,0,0,0,0,0,3,3,1,2,7,,N,,,,,,,,,,,
2006035691,1740.0,2,0,0,0,0,0,0,0,0,4,0,,67,2,2006,7,,,1735.0,6,0,0,0,0,0,0,0,0,,0,0,0,99,4,1,1,,0.0,,,0,,4,0,0,0,67301,0,0,0,N,0,0,0,3,67301,1,,1,1,,N,N,,0,,0,0,0,3,3,,9999,1,2,0,0,0,0,0,3,3,0,2,3,,N,,,,,,,,,,,
2006035698,1648.0,1,0,0,0,0,0,0,0,0,8,0,,67,1,2006,3,,,1644.0,6,0,0,0,0,0,0,0,0,,0,0,0,16,1,1,1,,0.0,,,0,,8,0,0,0,67301,1,0,0,N,1,0,0,2,67301,0,,1,1,,N,N,,0,,0,0,0,9,3,,1630,1,2,0,0,1,1,0,3,3,0,1,3,,N,,,,,,,,,,,
2006033306,1646.0,1,0,0,1,0,0,0,0,0,4,0,,67,1,2006,1,39.9335,-75.1918,1641.0,6,0,0,0,0,0,0,0,0,,0,0,0,16,1,1,1,,0.0,39 56:00.596,,0,75 11:30.487,8,0,0,0,67301,1,0,0,N,0,0,0,2,67301,0,,1,9,,N,N,,0,,0,0,0,9,3,,1635,1,2,0,0,0,1,0,3,4,0,1,7,,N,,,,,,,,,,,
2006033081,2210.0,2,0,0,0,0,0,0,0,0,1,0,,67,2,2006,7,40.0294,-75.0627,2203.0,6,0,0,1,0,0,1,0,0,,0,0,0,99,3,1,1,,0.0,40 01:45.000,,0,75 03:46.681,8,0,0,0,67301,0,0,0,N,0,0,0,4,67301,0,,1,1,,N,N,,0,,0,0,0,3,2,,9999,1,2,0,0,0,1,0,3,4,0,2,3,,N,,,,,,,,,,,
2006032804,1800.0,2,0,0,0,0,0,0,0,0,4,0,,67,2,2006,2,40.0011,-75.101,1755.0,6,0,0,0,0,0,0,0,0,,0,0,0,17,3,1,3,,0.0,40 00:03.999,,0,75 06:03.513,8,0,0,0,67301,0,0,0,N,0,0,0,3,67301,0,,1,1,,N,N,,0,,0,0,0,0,0,,1750,1,2,0,0,0,1,0,3,4,0,2,3,,N,,,,,,,,,,,
2006032964,1007.0,2,0,0,0,0,0,0,0,0,1,0,,67,1,2006,5,39.9621,-75.1829,1000.0,6,0,0,0,0,0,0,0,0,,0,0,0,10,1,1,0,,0.0,39 57:52.000,,0,75 11:05.569,4,0,0,0,67301,0,0,0,,0,0,0,4,67301,1,,1,1,,N,N,,0,,0,0,0,0,0,,1000,1,3,0,0,0,0,1,3,4,0,3,3,,N,,,,,,,,,,,
2006025951,1851.0,0,0,0,0,0,0,0,0,0,0,1,,67,1,2006,2,,,1820.0,6,0,0,0,0,0,0,0,0,3.0,0,1,0,18,3,0,0,,1.0,,7.0,2,,0,0,0,0,67301,0,0,0,N,0,0,0,1,67501,0,,1,1,,N,N,,0,,0,0,0,3,8,N,1820,0,1,0,0,0,0,0,3,3,0,1,3,,N,,,,,,,,,,,
2006019887,820.0,2,0,0,0,0,0,0,0,0,4,0,,67,1,2006,5,40.0314,-75.1275,818.0,6,0,0,0,0,0,0,0,0,,0,0,0,99,1,4,1,,0.0,40 01:52.924,,0,75 07:38.996,4,0,0,0,67301,0,0,0,N,0,0,0,4,67301,4,,1,1,,N,N,,0,,0,0,0,9,3,,9999,4,2,0,0,0,0,0,3,4,0,2,3,,N,,,,,,,,,,,
2006020107,2200.0,2,0,0,0,0,0,0,0,0,2,0,,67,1,2006,4,,,2155.0,6,0,0,0,0,0,0,0,0,2.0,0,0,0,21,3,1,0,,2.0,,6.0,0,,8,0,0,0,67301,0,0,0,N,0,0,0,1,67301,0,,2,1,,N,N,,0,,0,0,0,0,0,Y,2155,1,2,0,0,1,1,0,3,3,0,2,3,,N,,,,,,,,,,,
2006080046,1208.0,1,0,0,0,0,0,0,0,0,7,0,,67,6,2006,2,40.0813,-75.2212,1206.0,6,0,0,0,0,0,0,0,0,2.0,0,0,0,12,1,0,0,,2.0,40 04:52.568,6.0,0,75 13:16.222,0,0,0,0,67301,0,0,0,N,0,0,0,1,67301,0,,4,9,,N,N,,0,,0,0,0,0,0,Y,1204,0,1,0,0,0,0,0,3,4,0,1,7,,N,,,,,,,,,,,
2006080058,1654.0,1,0,0,0,0,0,0,0,0,8,0,,67,5,2006,7,40.0216,-75.1366,1653.0,6,0,0,0,0,0,0,0,0,3.0,1,0,0,16,1,0,0,,2.0,40 01:17.878,4.0,0,75 08:11.630,1,0,0,0,67301,1,1,0,,1,1,0,5,67301,0,2.0,1,1,,,,,0,0.0,0,0,0,0,0,Y,1653,0,2,0,0,0,0,0,3,4,0,1,3,,N,,,,,,,,,,,
2006080069,220.0,1,0,0,0,0,0,1,0,0,6,1,,67,5,2006,6,39.9941,-75.2416,220.0,6,0,0,0,0,0,1,0,0,,0,0,0,2,3,1,2,,0.0,39 59:38.000,,0,75 14:29.944,4,0,0,0,67301,0,0,0,N,0,0,0,2,67301,1,,1,1,,N,N,,0,,0,0,0,0,0,,215,1,2,0,0,0,0,0,3,4,0,2,3,,N,,,,,,,,,,,
2006065325,2030.0,1,0,0,0,0,0,0,0,0,1,0,,67,5,2006,4,39.9863,-75.1044,2028.0,6,0,0,0,0,0,0,0,0,,0,0,0,20,3,2,1,,0.0,39 59:10.000,,0,75 06:15.298,4,0,0,0,67301,0,0,0,,0,0,0,3,67301,1,,1,1,,,,,0,,0,0,0,3,2,,2025,2,2,0,0,0,1,1,3,4,1,2,3,,N,,,,,,,,,,,
2006065435,2225.0,1,0,0,0,0,0,0,0,0,4,0,,67,6,2006,5,40.0543,-75.028,2220.0,6,0,0,0,0,1,0,0,1,,0,0,0,22,3,1,0,,0.0,40 03:15.483,,0,75 01:40.656,8,0,0,1,67301,0,0,0,N,0,0,0,2,67301,0,,1,9,,N,N,,0,,0,0,0,0,0,,2215,1,2,0,0,0,1,0,3,4,0,2,7,,N,,,,,,,,,,,
2006065507,1120.0,3,0,0,0,0,0,0,0,0,1,0,,67,5,2006,1,,,1120.0,6,0,0,0,0,0,0,0,1,,0,0,0,11,1,1,0,,0.0,,,0,,4,0,0,0,67301,0,0,0,N,0,0,0,1,67301,1,,6,1,,N,N,,0,,0,0,0,3,2,,1110,1,3,0,0,0,0,0,3,3,0,3,3,,N,,,,,,,,,,,
2006062905,1947.0,2,0,0,0,0,0,0,0,0,4,0,,67,5,2006,3,,,1940.0,6,0,0,0,0,0,0,0,1,,0,0,0,19,1,2,2,,0.0,,,0,,8,0,0,0,67301,0,0,0,N,0,0,0,2,67301,0,,1,1,,N,N,,0,,0,0,0,3,3,,1930,2,2,0,0,0,2,0,3,3,0,2,3,,N,,,,,,,,,,,
2006065569,330.0,0,0,0,0,0,0,0,0,0,7,0,,67,5,2006,6,40.0235,-75.0319,330.0,6,0,0,0,0,0,0,0,0,,0,0,0,3,3,0,0,,0.0,40 01:23.000,,2,75 02:02.859,0,0,0,0,67301,0,0,0,N,0,0,0,1,67301,0,,2,9,,N,N,,1,,0,0,0,0,0,,330,0,1,0,0,0,0,0,3,4,0,1,7,,N,,,,,,,,,,,
2006055533,205.0,4,0,0,0,0,0,0,0,0,6,0,,67,4,2006,5,40.0255,-75.0638,201.0,6,0,0,0,0,0,0,0,0,,0,0,0,2,3,0,1,,0.0,40 01:31.807,,0,75 03:49.539,9,0,0,0,67301,0,0,0,,0,0,0,2,67301,0,,1,1,,,,,0,,0,0,0,3,3,,200,0,4,0,0,0,0,2,3,4,0,4,3,,N,,,,,,,,,,,
2006055578,825.0,1,0,0,0,0,0,0,0,0,8,0,,67,3,2006,5,,,821.0,6,0,0,0,0,0,0,0,0,,0,0,0,8,1,1,1,,0.0,,,0,,4,0,0,0,67301,1,0,0,N,1,0,0,2,67301,1,,1,1,,N,N,,0,,0,0,0,0,0,,817,1,2,0,0,0,0,1,3,3,0,1,3,,N,,,,,,,,,,,
2006055591,1350.0,2,0,0,0,0,0,0,0,0,2,0,,67,3,2006,7,40.0658,-75.1617,1345.0,6,0,0,1,0,0,0,0,1,,0,0,0,13,1,2,1,,0.0,40 03:56.998,,0,75 09:42.220,4,0,0,0,67301,0,0,0,N,0,0,0,2,67301,2,,1,1,,N,N,,0,,0,0,0,3,3,,1345,2,2,0,0,0,0,0,3,4,0,2,3,,N,,,,,,,,,,,
2006055603,1229.0,2,0,0,0,0,0,0,0,0,6,0,,67,2,2006,1,40.0272,-75.0989,1226.0,6,0,0,0,0,0,1,0,0,9.0,0,0,0,12,1,1,2,,1.0,40 01:39.000,2.0,0,75 05:54.588,8,0,0,0,67301,0,0,0,N,0,0,0,2,67301,0,,1,1,,N,N,,0,,0,0,0,3,2,N,1223,1,2,0,0,1,1,1,3,4,0,2,3,,N,,,,,,,,,,,
2006094711,1010.0,2,0,0,0,0,0,0,0,0,1,0,,67,7,2006,7,39.9541,-75.2024,1004.0,6,0,0,0,0,0,0,1,0,,0,0,0,10,1,1,0,,0.0,39 57:15.120,,0,75 12:09.000,8,0,0,0,67301,0,0,0,N,0,0,0,3,67301,0,,1,9,,N,N,,0,,0,0,0,3,2,,1000,1,2,0,0,0,1,0,3,4,0,2,7,,N,,,,,,,,,,,
2006055756,410.0,0,0,0,0,0,0,0,0,0,7,0,,67,4,2006,1,39.9974,-75.082,407.0,6,0,0,0,0,0,0,0,0,1.0,0,0,0,4,3,4,0,,2.0,39 59:50.000,5.0,2,75 04:55.920,8,0,0,0,67301,0,0,0,Y,0,0,0,5,67301,0,,3,1,,N,N,,0,,0,0,1,0,0,N,407,4,1,0,0,0,4,1,3,4,0,1,3,,N,,,,,,,,,,,
2006104821,2215.0,1,0,0,0,0,0,0,0,0,7,0,,67,8,2006,1,40.0071,-75.094,2203.0,6,0,0,0,0,0,0,0,0,,0,0,0,99,3,3,1,,0.0,40 00:25.549,,0,75 05:38.543,4,0,0,0,67301,0,0,0,N,0,0,0,4,67301,3,,3,1,,N,N,,0,,0,0,0,9,2,,9999,3,1,0,0,1,0,0,3,4,0,1,3,,N,,,,,,,,,,,
2006104831,1025.0,2,0,0,0,0,0,0,0,0,4,0,,67,9,2006,1,39.8866,-75.2426,1018.0,6,0,0,0,0,0,0,0,0,,0,0,0,10,1,0,0,,0.0,39 53:12.000,,0,75 14:34.368,0,0,0,0,67301,0,0,0,Y,0,0,0,2,67301,0,,1,1,,N,N,,0,,0,0,0,0,0,,1018,0,2,0,0,0,0,0,3,4,0,2,3,,N,,,,,,,,,,,
2006104927,2320.0,0,0,0,0,0,0,0,0,0,7,0,,67,8,2006,3,39.9761,-75.1195,2315.0,6,0,0,0,0,0,0,0,0,,0,0,0,23,3,0,1,,0.0,39 58:33.909,,0,75 07:10.289,9,0,0,0,67301,0,0,0,,0,0,0,1,67301,0,,5,1,,N,N,,1,,0,0,0,3,2,,2315,0,1,0,0,0,0,1,3,4,0,1,3,,N,,,,,,,,,,,
2006104930,525.0,1,0,0,0,0,0,0,0,0,7,0,,67,8,2006,2,40.0514,-74.9889,515.0,6,0,0,0,0,0,0,0,0,1.0,0,0,0,5,3,1,0,,1.0,40 03:05.000,1.0,0,74 59:19.321,8,0,0,0,67301,0,0,0,Y,0,0,0,1,67301,0,,3,9,,N,N,,0,,0,0,0,0,0,N,514,1,1,0,0,1,1,0,3,4,0,1,7,,N,,,,,,,,,,,
2006126878,935.0,1,0,0,0,0,0,0,0,0,8,0,,67,10,2006,3,39.9495,-75.2093,930.0,6,0,0,0,0,0,0,0,0,,0,0,0,9,1,1,1,,0.0,39 56:58.000,,0,75 12:33.271,8,0,0,0,67301,1,0,0,,1,0,0,2,67301,0,,1,1,,,,,0,,0,0,0,2,2,,920,1,2,0,0,0,1,0,3,4,0,1,3,,N,,,,,,,,,,,
2006102463,1825.0,2,0,0,0,0,0,0,0,0,4,0,,67,8,2006,2,39.9828,-75.2063,1820.0,6,0,0,0,0,0,1,0,0,1.0,0,0,0,99,1,2,1,,1.0,39 58:58.072,2.0,0,75 12:22.561,4,0,0,0,67301,0,0,0,N,0,0,0,2,67301,2,,1,1,,N,N,,0,,0,0,0,0,0,N,9999,2,2,0,0,0,0,0,3,4,0,2,3,,N,,,,,,,,,,,
2006102508,820.0,0,0,0,0,0,0,1,0,0,8,1,,67,9,2006,6,39.9461,-75.2421,816.0,6,0,0,0,0,0,1,0,0,,0,0,0,8,1,1,1,,0.0,39 56:45.000,,0,75 14:30.637,8,0,0,0,67301,1,0,0,N,1,0,0,3,67301,0,,1,1,,Y,N,,0,,0,0,0,3,2,,800,1,2,0,0,0,1,0,3,4,0,1,3,,N,,,,,,,,,,,
2006124497,805.0,2,0,0,0,0,0,0,0,0,4,0,,67,9,2006,5,,,759.0,6,0,0,0,0,0,1,0,0,,0,0,0,7,1,3,1,,0.0,,,0,,4,0,0,0,67301,0,0,0,,0,0,0,3,67301,3,,1,98,,,,,0,,0,0,0,3,2,,757,3,3,0,0,0,0,0,3,3,1,3,99,,N,,,,,,,,,,,
2006124626,733.0,2,0,0,0,0,0,0,0,0,4,0,,67,11,2006,2,40.0231,-75.056,730.0,6,0,0,0,0,0,1,0,0,,0,0,0,7,1,1,1,,0.0,40 01:23.000,,0,75 03:21.590,4,0,0,0,67301,0,0,0,N,0,0,0,2,67301,1,,1,1,,N,N,,0,,0,0,0,0,0,,730,1,2,0,0,0,0,0,3,4,0,2,3,,N,,,,,,,,,,,
2006124905,1225.0,1,0,0,0,0,0,0,0,0,7,0,,67,11,2006,7,40.0579,-75.1574,1223.0,6,0,0,0,0,0,0,0,0,,0,0,0,12,1,1,0,,0.0,40 03:28.548,,0,75 09:26.733,4,0,0,0,67301,0,0,0,N,0,0,0,1,67301,1,,5,1,,N,N,,0,,0,0,0,0,0,,1200,1,1,0,0,0,0,0,3,4,0,1,3,,N,,,,,,,,,,,
2006124727,1740.0,2,0,0,0,0,0,0,0,0,4,0,,67,11,2006,1,40.0407,-75.1584,1730.0,6,0,0,2,0,0,0,0,0,,0,0,0,17,3,2,2,,0.0,40 02:26.566,,0,75 09:30.254,4,0,0,0,67301,0,0,0,N,0,0,0,6,67301,2,,1,1,,N,N,,0,,0,0,1,3,3,,1730,2,3,0,0,0,0,0,3,4,0,3,3,,N,,,,,,,,,,,
2006124749,1808.0,1,0,0,0,0,0,0,0,0,6,0,,67,10,2006,1,40.0425,-75.1856,1808.0,6,0,0,0,0,0,0,0,0,,0,0,0,17,3,0,0,,0.0,40 02:33.145,,0,75 11:08.203,0,0,0,0,67301,0,0,0,N,0,0,0,4,67301,0,,1,1,,N,N,,0,,0,0,1,0,0,,1759,0,2,0,0,4,0,0,3,4,0,2,3,,N,,,,,,,,,,,