CRN,ARRIVAL_TM,AUTOMOBILE_COUNT,BELTED_DEATH_COUNT,BELTED_SUSP_SERIOUS_INJ_COUNT,BICYCLE_COUNT,BICYCLE_DEATH_COUNT,BICYCLE_SUSP_SERIOUS_INJ_COUNT,BUS_COUNT,CHLDPAS_DEATH_COUNT,CHLDPAS_SUSP_SERIOUS_INJ_COUNT,COLLISION_TYPE,COMM_VEH_COUNT,CONS_ZONE_SPD_LIM,COUNTY,CRASH_MONTH,CRASH_YEAR,DAY_OF_WEEK,DEC_LAT,DEC_LONG,DISPATCH_TM,DISTRICT,DRIVER_COUNT_16YR,DRIVER_COUNT_17YR,DRIVER_COUNT_18YR,DRIVER_COUNT_19YR,DRIVER_COUNT_20YR,DRIVER_COUNT_50_64YR,DRIVER_COUNT_65_74YR,DRIVER_COUNT_75PLUS,EST_HRS_CLOSED,FATAL_COUNT,HEAVY_TRUCK_COUNT,HORSE_BUGGY_COUNT,HOUR_OF_DAY,ILLUMINATION,INJURY_COUNT,INTERSECT_TYPE,INTERSECTION_RELATED,LANE_CLOSED,LATITUDE,LN_CLOSE_DIR,LOCATION_TYPE,LONGITUDE,MAX_SEVERITY_LEVEL,MCYCLE_DEATH_COUNT,MCYCLE_SUSP_SERIOUS_INJ_COUNT,MOTORCYCLE_COUNT,MUNICIPALITY,NONMOTR_COUNT,NONMOTR_DEATH_COUNT,NONMOTR_SUSP_SERIOUS_INJ_COUNT,NTFY_HIWY_MAINT,PED_COUNT,PED_DEATH_COUNT,PED_SUSP_SERIOUS_INJ_COUNT,PERSON_COUNT,POLICE_AGCY,POSSIBLE_INJ_COUNT,RDWY_SURF_TYPE_CD,RELATION_TO_ROAD,ROAD_CONDITION,ROADWAY_CLEARED,SCH_BUS_IND,SCH_ZONE_IND,SECONDARY_CRASH,SMALL_TRUCK_COUNT,SPEC_JURIS_CD,SUSP_MINOR_INJ_COUNT,SUSP_SERIOUS_INJ_COUNT,SUV_COUNT,TCD_FUNC_CD,TCD_TYPE,TFC_DETOUR_IND,TIME_OF_DAY,TOT_INJ_COUNT,TOTAL_UNITS,UNB_DEATH_COUNT,UNB_SUSP_SERIOUS_INJ_COUNT,UNBELTED_OCC_COUNT,UNK_INJ_DEG_COUNT,UNK_INJ_PER_COUNT,URBAN_AREA,URBAN_RURAL,VAN_COUNT,VEHICLE_COUNT,WEATHER1,WEATHER2,WORK_ZONE_IND,WORK_ZONE_LOC,WORK_ZONE_TYPE,WORKERS_PRES,WZ_CLOSE_DETOUR,WZ_FLAGGER,WZ_LAW_OFFCR_IND,WZ_LN_CLOSURE,WZ_MOVING,WZ_OTHER,WZ_SHLDER_MDN,WZ_WORKERS_INJ_KILLED
2006113820,940.0,0,0,0,0,0,0,0,0,0,1,0,,67,9,2006,3,40.003,-75.0743,940.0,6,0,0,1,0,0,0,0,0,,0,0,0,9,1,1,0,,0.0,40 00:10.944,,0,75 04:27.516,8,0,0,0,67301,0,0,0,N,0,0,0,1,67301,0,,2,1,,N,N,,1,,0,0,0,0,0,,929,1,2,0,0,1,1,0,3,4,0,2,3,,N,,,,,,,,,,,
2006018417,1710.0,2,0,0,0,0,0,0,0,0,2,0,,67,1,2006,4,39.976,-75.1584,1705.0,6,0,0,0,1,0,0,0,0,2.0,0,0,0,99,1,2,0,,1.0,39 58:33.000,1.0,7,75 09:30.158,8,0,0,0,67301,0,0,0,N,0,0,0,4,67301,0,,3,1,,N,N,,0,,0,0,0,0,0,N,9999,2,2,0,0,0,2,0,3,4,0,2,3,,N,,,,,,,,,,,
2006033341,700.0,1,0,0,0,0,0,0,0,0,7,0,,67,1,2006,2,39.9216,-75.1906,655.0,6,0,0,0,0,0,0,0,0,,0,0,0,99,5,1,0,,0.0,39 55:18.000,,1,75 11:25.962,8,0,0,0,67301,0,0,0,N,0,0,0,1,67301,0,,2,9,,N,N,,0,,0,0,0,0,0,,9999,1,1,0,0,0,1,0,3,4,0,1,5,,N,,,,,,,,,,,
2006032872,1830.0,1,0,0,0,0,0,0,0,0,8,0,,67,1,2006,2,40.0,-75.1533,1824.0,6,0,0,0,0,0,1,0,0,,0,0,0,18,3,1,1,,0.0,40 00:00.000,,0,75 09:11.986,4,0,0,0,67301,1,0,0,,1,0,0,2,67301,1,,5,1,,N,N,,0,,0,0,0,3,1,,1815,1,2,0,0,0,0,0,3,4,0,1,3,,N,,,,,,,,,,,
2006023312,908.0,0,0,0,0,0,0,0,0,0,1,1,,67,1,2006,5,,,904.0,6,0,0,0,0,0,0,0,0,,0,1,0,9,1,0,2,,0.0,,,3,,0,0,0,0,67301,0,0,0,N,0,0,0,2,67501,0,,1,1,,N,N,,0,,0,0,1,0,0,,901,0,2,0,0,0,0,0,3,3,0,2,3,,N,,,,,,,,,,,
2006022709,251.0,1,0,0,0,0,0,0,0,0,7,0,,67,1,2006,7,39.9675,-75.1812,246.0,6,0,0,0,0,0,0,0,0,,0,0,0,2,3,1,0,,0.0,39 58:03.000,,0,75 10:52.838,8,0,0,0,67301,0,0,0,N,0,0,0,1,67301,0,,4,9,,N,N,,0,,0,0,0,0,0,,246,1,1,0,0,0,1,0,3,4,0,1,7,5.0,N,,,,,,,,,,,
2006053515,1925.0,2,0,0,0,0,0,0,0,0,2,0,,67,3,2006,6,,,1925.0,6,1,0,0,0,0,0,0,0,,0,0,0,19,3,2,1,,0.0,,,0,,8,0,0,0,67301,0,0,0,,0,0,0,6,67301,0,,1,1,,N,N,,0,,0,0,0,9,2,,1925,2,2,0,0,0,2,0,3,3,0,2,3,,N,,,,,,,,,,,
2006053549,444.0,2,0,0,0,0,0,0,0,0,2,0,,67,1,2006,3,,,443.0,6,0,0,0,0,0,0,0,1,9.0,0,0,0,4,3,2,2,,2.0,,7.0,0,,2,0,0,0,67301,0,0,0,,0,0,0,3,67504,0,,1,1,,N,N,,0,,0,1,0,3,2,Y,443,2,2,0,0,0,1,1,3,3,0,2,3,,N,,,,,,,,,,,
2006053744,1410.0,1,0,0,0,0,0,0,0,0,7,0,,67,4,2006,2,,,1408.0,6,0,0,0,0,0,0,0,0,,0,0,0,14,1,1,0,,0.0,,,0,,3,0,0,0,67301,0,0,0,N,0,0,0,1,67301,0,,5,9,,N,N,,0,,1,0,0,0,0,,1405,1,1,0,0,0,0,0,3,3,0,1,3,,N,,,,,,,,,,,
2006020136,2005.0,2,0,0,0,0,0,0,0,0,2,0,,67,1,2006,2,39.9771,-75.2268,1958.0,6,0,0,1,0,0,1,0,0,,0,0,0,19,3,2,0,,0.0,39 58:37.000,,0,75 13:36.697,4,0,0,0,67301,0,0,0,,0,0,0,2,67301,2,,1,9,,N,N,,0,,0,0,0,0,0,,1946,2,2,0,0,0,0,0,3,4,0,2,7,,N,,,,,,,,,,,
2006080012,315.0,1,0,0,0,0,0,0,0,0,7,0,,67,6,2006,7,40.0388,-75.0184,311.0,6,0,1,0,0,0,0,0,0,,0,0,0,99,3,3,2,,0.0,40 02:19.000,,0,75 01:06.389,4,0,0,0,67301,0,0,0,N,0,0,0,3,67301,2,,5,1,,N,N,,0,,0,0,0,0,0,,9999,3,1,0,0,0,1,0,3,4,0,1,3,,N,,,,,,,,,,,
2006065506,2305.0,1,0,0,0,0,0,0,0,0,4,0,,67,5,2006,4,40.0983,-75.0303,2300.0,6,0,0,0,0,0,0,0,0,,0,0,0,22,3,3,2,,0.0,40 05:52.000,,0,75 01:49.383,8,0,0,0,67301,0,0,0,N,0,0,0,6,67301,0,,1,1,,N,N,,0,,0,0,0,3,2,,2250,3,2,0,0,0,3,2,3,4,1,2,3,,N,,,,,,,,,,,
2006065363,125.0,1,0,0,0,0,0,0,0,0,4,0,,67,5,2006,7,39.9603,-75.1381,121.0,6,0,0,0,0,0,0,0,0,,0,0,0,1,3,0,1,,0.0,39 57:37.000,,0,75 08:18.609,0,0,0,0,67301,0,0,0,N,0,0,0,2,67301,0,,1,1,,N,N,,0,,0,0,1,0,0,,121,0,2,0,0,0,0,0,3,4,0,2,3,,N,,,,,,,,,,,
2006055351,910.0,1,0,0,0,0,0,0,0,0,4,0,,67,3,2006,4,39.9915,-75.1355,905.0,6,0,0,0,0,0,1,0,0,,0,0,0,8,1,2,2,,0.0,39 59:29.000,,0,75 08:07.899,4,0,0,0,67301,0,0,0,N,0,0,0,5,67301,2,,1,1,,N,N,,0,,0,0,1,0,0,,830,2,2,0,0,0,0,0,3,4,0,2,3,,N,,,,,,,,,,,
2006055357,1750.0,2,0,0,0,0,0,0,0,0,5,0,,67,3,2006,6,,,1746.0,6,0,0,0,0,0,0,0,0,,0,0,0,17,1,0,0,,0.0,,,0,,0,0,0,0,67301,0,0,0,N,0,0,0,1,67301,0,,6,1,,N,N,,0,,0,0,0,0,0,,1746,0,2,0,0,0,0,0,3,3,0,2,3,,N,,,,,,,,,,,
2006055361,1240.0,2,0,0,0,0,0,0,0,0,5,0,,67,3,2006,4,39.9894,-75.1556,1236.0,6,0,0,1,0,0,0,0,0,,0,0,0,12,1,0,1,,0.0,39 59:21.000,,0,75 09:20.248,0,0,0,0,67301,0,0,0,N,0,0,0,5,67301,0,,1,1,,N,N,,0,,0,0,0,0,0,,1230,0,2,0,0,0,0,0,3,4,0,2,3,,N,,,,,,,,,,,
2006055443,858.0,2,0,0,0,0,0,0,0,0,2,0,,67,4,2006,1,39.9484,-75.2356,853.0,6,0,0,0,0,0,0,0,0,,0,0,0,8,1,1,0,,0.0,39 56:54.373,,0,75 14:08.239,4,0,0,0,67301,0,0,0,N,0,0,0,1,67301,1,,5,9,,N,N,,0,,0,0,0,3,2,,852,1,2,0,0,0,0,0,3,4,0,2,7,,N,,,,,,,,,,,
2006094604,1210.0,1,0,0,0,0,0,0,0,0,7,0,,67,7,2006,5,40.018,-75.097,1208.0,6,0,0,0,0,0,0,0,1,,0,0,0,12,1,1,12,,0.0,40 01:05.386,,7,75 05:49.167,4,0,0,0,67301,0,0,0,N,0,0,0,1,67301,1,,5,1,,N,N,,0,,0,0,0,3,4,,1200,1,1,0,0,1,0,0,3,4,0,1,3,,N,,,,,,,,,,,
2006055508,1720.0,2,0,0,0,0,0,0,0,0,1,0,,67,3,2006,6,40.1178,-75.0067,1704.0,6,0,0,0,0,0,2,0,0,,0,0,0,16,1,0,0,,0.0,40 07:03.950,,0,75 00:24.156,0,0,0,0,67301,0,0,0,,0,0,0,2,67301,0,,1,1,,,,,0,,0,0,0,0,0,,1645,0,2,0,0,0,0,0,3,4,0,2,3,,N,,,,,,,,,,,
2006055552,1035.0,2,0,0,0,0,0,0,0,0,1,0,,67,4,2006,3,40.109,-74.9958,1028.0,6,0,0,0,0,0,0,0,0,,0,0,0,10,1,1,6,,0.0,40 06:31.000,,2,74 59:47.040,4,0,0,0,67301,0,0,0,N,0,0,0,3,67301,1,,7,1,,N,N,,0,,0,0,0,0,0,,1025,1,2,0,0,0,0,0,3,4,0,2,3,,N,,,,,,,,,,,
2006055677,1628.0,3,0,0,0,0,0,0,0,0,1,0,,67,3,2006,1,39.9549,-75.1511,1624.0,6,0,0,0,0,0,1,0,0,,0,0,0,16,1,0,1,,0.0,39 57:17.000,,0,75 09:03.855,0,0,0,0,67301,0,0,0,N,0,0,0,5,67301,0,,1,1,,N,N,,0,,0,0,0,3,2,,1620,0,3,0,0,0,0,0,3,4,0,3,3,,N,,,,,,,,,,,
2006055645,1455.0,1,0,0,0,0,0,0,0,0,8,0,,67,4,2006,7,39.9499,-75.2036,1451.0,6,0,0,0,0,0,0,0,0,,0,0,0,14,1,1,1,,0.0,39 56:59.000,,0,75 12:12.774,4,0,0,0,67301,1,0,0,N,1,0,0,2,67301,1,,1,1,,N,N,,0,,0,0,0,3,2,,1435,1,2,0,0,0,0,1,3,4,0,1,3,,N,,,,,,,,,,,
2006055649,2220.0,2,0,0,0,0,0,0,0,0,4,0,,67,4,2006,3,39.9638,-75.22,2219.0,6,0,0,1,0,0,0,0,0,,0,0,0,22,3,1,1,,0.0,39 57:49.000,,0,75 13:12.631,4,0,0,0,67301,0,0,0,N,0,0,0,2,67301,1,,1,1,,N,N,,0,,0,0,0,0,0,,2210,1,2,0,0,0,0,1,3,4,0,2,3,,N,,,,,,,,,,,
2006102468,1600.0,2,0,0,0,0,0,0,0,0,4,0,,67,8,2006,7,40.0337,-75.0467,1548.0,6,0,0,0,0,0,0,0,0,,0,0,0,15,1,3,1,,0.0,40 02:01.000,,0,75 02:48.217,8,0,0,0,67301,0,0,0,N,0,0,0,3,67301,0,,1,1,,N,N,,0,,0,0,0,3,2,,1530,3,2,0,0,0,3,0,3,4,0,2,3,,N,,,,,,,,,,,
2006126881,2017.0,0,0,0,0,0,0,0,0,0,0,0,,67,11,2006,1,39.9496,-75.2004,9999.0,6,0,0,0,0,0,0,0,0,,0,0,0,20,3,1,0,,0.0,39 56:58.660,,0,75 12:01.447,4,0,0,1,67301,0,0,0,,0,0,0,2,67301,1,,1,1,,,,,0,,0,0,0,0,0,,2015,1,1,0,0,0,0,0,3,4,0,1,3,,N,,,,,,,,,,,
2006124560,9999.0,0,0,0,0,0,0,0,0,0,8,0,,67,11,2006,4,40.0111,-75.1642,,6,0,0,0,0,0,0,0,0,,0,0,0,99,3,1,0,,0.0,40 00:40.320,,0,75 09:51.840,4,0,0,0,67301,1,0,0,N,1,0,0,2,67301,1,,1,9,,N,N,,0,,0,0,0,3,2,,9999,1,2,0,0,0,0,0,3,4,1,1,3,,N,,,,,,,,,,,
2006124236,1918.0,1,0,0,0,0,0,0,0,0,7,0,,67,10,2006,6,,,1910.0,6,0,0,0,0,0,0,0,0,,0,0,0,16,3,0,0,,0.0,,,0,,0,0,0,0,67301,0,0,0,Y,0,0,0,1,67301,0,,5,9,,N,N,,0,,0,0,0,0,0,,1655,0,1,0,0,0,0,0,3,3,0,1,7,,N,,,,,,,,,,,
2006115162,735.0,1,0,0,0,0,0,0,0,0,1,0,,67,10,2006,7,40.0118,-75.0759,724.0,6,0,0,0,1,0,0,0,0,,0,0,0,7,1,1,0,,0.0,40 00:42.480,,0,75 04:33.960,8,0,0,0,67301,0,0,0,N,0,0,0,3,67301,0,,1,1,,N,N,,0,,0,0,0,0,0,,724,1,2,0,0,0,1,0,3,4,0,2,3,,N,,,,,,,,,,,
2006112730,1417.0,3,0,0,0,0,0,0,0,0,2,0,,67,9,2006,4,39.9382,-75.2211,1413.0,6,0,0,0,0,0,0,0,0,,0,0,0,14,1,1,2,,0.0,39 56:17.433,,0,75 13:16.111,8,0,0,0,67301,0,0,0,N,0,0,0,1,67301,0,,1,1,,N,N,,0,,0,0,0,0,0,,1410,1,3,0,0,0,1,0,3,4,0,3,3,,N,,,,,,,,,,,
2006124887,1111.0,1,0,0,0,0,0,1,0,0,1,1,,67,11,2006,2,39.9877,-75.2162,1110.0,6,0,0,0,0,0,0,0,0,1.0,0,0,0,11,1,1,3,,1.0,39 59:15.000,2.0,0,75 12:58.636,4,0,0,0,67301,0,0,0,N,0,0,0,4,67301,1,,1,1,,N,N,,1,,0,0,0,3,2,N,1110,1,3,0,0,0,0,0,3,4,0,3,3,,N,,,,,,,,,,,
2006124759,1748.0,1,0,0,0,0,0,0,0,0,1,0,,67,10,2006,6,40.0889,-74.9696,1745.0,6,0,0,0,0,0,1,0,0,,0,0,0,14,1,1,2,,0.0,40 05:20.000,,0,74 58:10.251,8,0,0,0,67301,0,0,0,N,0,0,0,2,67301,0,,1,2,,N,N,,1,,0,0,0,3,2,,1435,1,2,0,0,1,1,1,3,4,0,2,98,,N,,,,,,,,,,,
2006057033,9999.0,1,0,0,0,0,0,0,0,0,8,0,,67,4,2006,7,,,9999.0,6,0,0,0,0,0,1,0,0,,0,0,0,21,3,1,0,,0.0,,,0,,4,0,0,0,67301,1,0,0,N,1,0,0,2,67301,1,,1,1,,N,N,,0,,0,0,0,0,0,,2100,1,2,0,0,1,0,0,3,3,0,1,3,,N,,,,,,,,,,,
2006062276,215.0,1,0,0,0,0,0,0,0,0,7,0,,67,5,2006,2,,,215.0,6,0,0,0,0,1,0,0,0,,0,0,0,2,3,1,1,,0.0,,,0,,4,0,0,0,67301,0,0,0,N,0,0,0,1,67301,1,,5,9,,N,N,,0,,0,0,0,0,0,,215,1,1,0,0,0,0,0,3,3,0,1,7,,N,,,,,,,,,,,
2006054661,1405.0,2,0,0,0,0,0,0,0,0,1,0,,67,5,2006,2,40.0362,-75.0642,1358.0,6,0,0,0,0,0,2,0,0,,0,0,0,13,1,2,5,,0.0,40 02:12.000,,0,75 03:51.897,4,0,0,0,67301,0,0,0,N,0,0,0,3,67301,2,,1,1,,N,N,,0,,0,0,0,3,2,,1345,2,2,0,0,0,0,0,3,4,0,2,3,,N,,,,,,,,,,,
2006054676,1159.0,1,0,0,0,0,0,0,0,0,3,1,,67,4,2006,6,,,1152.0,6,0,0,0,0,0,0,0,0,,0,1,0,11,1,1,0,,0.0,,,0,,4,0,0,0,67301,0,0,0,,0,0,0,2,67301,1,,1,1,,,,,0,,0,0,0,0,0,,1150,1,2,0,0,0,0,1,3,3,0,2,3,,N,,,,,,,,,,,
2006054684,2336.0,1,0,0,0,0,0,0,0,0,4,0,,67,3,2006,7,39.9905,-75.0942,2332.0,6,0,0,0,0,0,0,0,0,,0,0,0,23,3,0,0,,0.0,39 59:25.854,,0,75 05:39.228,0,0,0,0,67301,0,0,0,N,0,0,0,1,67301,0,,1,1,,N,N,,1,,0,0,1,0,0,,2329,0,4,0,0,0,0,0,3,4,1,4,3,,N,,,,,,,,,,,
2006062412,205.0,2,0,0,0,0,0,0,0,0,1,0,,67,3,2006,6,40.0331,-75.0801,202.0,6,0,0,0,0,0,1,0,0,,0,0,0,1,3,0,2,,0.0,40 01:59.000,,0,75 04:48.567,9,0,0,0,67301,0,0,0,N,0,0,0,2,67301,0,,1,1,,N,N,,0,,0,0,0,3,2,,154,0,2,0,0,0,0,2,3,4,0,2,3,,N,,,,,,,,,,,
2006057107,1322.0,1,0,0,0,0,0,0,0,0,5,0,,67,1,2006,6,39.9864,-75.1803,1318.0,6,0,0,0,0,0,0,0,0,,0,0,0,12,1,0,1,,0.0,39 59:10.000,,0,75 10:49.003,9,0,0,0,67301,0,0,0,,0,0,0,4,67301,0,,2,1,,,,,0,,0,0,0,3,2,,1200,0,2,0,0,0,0,1,3,4,0,2,3,,N,,,,,,,,,,,
2006062453,658.0,1,0,0,0,0,0,0,0,0,7,0,,67,5,2006,2,39.9733,-75.1206,653.0,6,0,0,0,0,0,0,0,0,1.0,0,0,0,6,1,0,0,,1.0,39 58:24.000,2.0,0,75 07:13.350,0,0,0,0,67301,0,0,0,,0,0,0,1,67301,0,,2,9,,N,N,,0,,0,0,0,0,0,N,650,0,1,0,0,0,0,0,3,4,0,1,7,,N,,,,,,,,,,,
2006062501,1350.0,1,0,0,0,0,0,0,0,0,4,0,,67,5,2006,4,,,1337.0,6,0,0,0,0,0,0,0,0,2.0,0,0,0,13,1,2,0,,1.0,,1.0,0,,3,0,0,0,67301,0,0,0,N,0,0,0,2,67301,0,,1,1,,N,N,,1,,1,0,0,0,0,Y,1318,2,2,0,0,0,1,0,3,3,0,2,3,,N,,,,,,,,,,,
2006062517,1715.0,1,0,0,0,0,0,0,0,0,4,0,,67,5,2006,4,40.0086,-75.0688,1712.0,6,0,0,0,0,0,0,0,0,,0,0,0,17,1,0,1,,0.0,40 00:31.000,,0,75 04:07.885,0,0,0,0,67301,0,0,0,N,0,0,0,3,67301,0,,1,1,,N,N,,1,,0,0,0,3,2,,1708,0,2,0,0,0,0,0,3,4,0,2,3,,N,,,,,,,,,,,
2006054944,1550.0,1,0,0,0,0,0,0,0,0,2,1,,67,3,2006,3,39.9891,-75.0896,1545.0,6,0,0,0,0,0,1,0,0,1.0,0,1,0,15,1,1,1,,1.0,39 59:20.000,1.0,0,75 05:22.831,8,0,0,0,67301,0,0,0,,0,0,0,2,67301,0,,1,1,,N,N,,0,,0,0,0,3,2,Y,1545,1,2,0,0,0,1,1,3,4,0,2,3,,N,,,,,,,,,,,
2006054999,1745.0,3,0,0,0,0,0,0,0,0,1,0,,67,4,2006,1,39.9753,-75.1947,1740.0,6,0,0,0,0,0,0,0,0,,0,0,0,17,1,1,0,,0.0,39 58:33.960,,0,75 11:44.160,8,0,0,0,67301,0,0,0,,0,0,0,3,67301,0,,1,1,,,,,0,,0,0,0,9,8,,1740,1,3,0,0,1,1,0,3,4,0,3,3,,N,,,,,,,,,,,
2006055126,1232.0,0,0,0,0,0,0,0,0,0,4,0,,67,3,2006,5,39.9296,-75.244,1230.0,6,0,0,0,0,0,2,0,0,1.0,0,1,0,12,1,1,2,,2.0,39 55:46.000,5.0,0,75 14:38.706,8,0,0,0,67301,0,0,0,N,0,0,0,3,67301,0,,1,1,,N,N,,0,,0,0,0,0,0,Y,1225,1,2,0,0,1,1,0,3,4,0,2,3,,N,,,,,,,,,,,
2006033100,1528.0,0,0,0,0,0,0,0,0,0,8,0,,67,3,2006,5,39.9689,-75.1363,1523.0,6,0,0,0,0,0,0,0,0,,0,0,0,15,8,1,1,,0.0,39 58:07.000,,0,75 08:10.392,4,0,0,0,67301,1,0,0,N,1,0,0,2,67301,1,,1,9,,N,N,,0,,0,0,0,0,0,,1515,1,2,0,0,0,0,0,3,4,1,1,7,,N,,,,,,,,,,,
2006033105,1830.0,1,0,0,0,0,0,0,0,0,1,0,,67,2,2006,3,39.9762,-75.1151,1820.0,6,0,0,0,0,0,1,0,0,1.0,0,0,0,18,1,0,0,,1.0,39 58:37.000,2.0,0,75 06:48.472,0,0,0,0,67301,0,0,0,N,0,0,0,2,67301,0,,1,1,,N,N,,1,,0,0,0,0,0,N,1815,0,2,0,0,2,0,0,3,4,0,2,3,,N,,,,,,,,,,,
2006032859,849.0,1,0,0,0,0,0,0,0,0,2,0,,67,1,2006,5,40.041,-75.1637,846.0,6,0,0,0,0,0,0,0,0,,0,0,0,8,1,1,2,,0.0,40 02:27.564,,0,75 09:49.334,4,0,0,0,67301,0,0,0,,0,0,0,5,67301,1,,1,1,,N,N,,0,,0,0,0,0,0,,828,1,2,0,0,0,0,0,3,4,1,2,3,,N,,,,,,,,,,,
2006018276,504.0,1,0,0,0,0,0,0,0,0,8,0,,67,1,2006,3,,,500.0,6,0,0,0,0,0,0,0,1,,0,0,0,6,3,1,3,,0.0,,,0,,4,0,0,0,67301,1,0,0,,1,0,0,2,67301,1,,1,9,,N,N,,0,,0,0,0,0,0,,648,1,2,0,0,0,0,0,3,3,0,1,7,,N,,,,,,,,,,,
2006053516,1755.0,0,0,0,0,0,0,0,0,0,8,0,,67,3,2006,6,39.9651,-75.2054,1755.0,6,0,0,0,0,0,0,0,0,,0,0,0,8,1,1,1,,0.0,39 57:54.000,,0,75 12:19.620,3,0,0,0,67301,1,0,0,N,1,0,0,2,67301,0,,1,1,,N,N,,0,,1,0,0,0,0,,800,1,2,0,0,0,0,0,3,4,0,1,3,,N,,,,,,,,,,,
2006053694,1935.0,2,0,0,0,0,0,0,0,0,4,0,,67,5,2006,4,40.0391,-75.11,1935.0,6,0,0,0,0,0,2,0,0,,0,0,0,19,1,1,0,,0.0,40 02:20.747,,0,75 06:36.013,8,0,0,0,67301,0,0,0,N,0,0,0,3,67301,0,,1,1,,N,N,,0,,0,0,0,0,0,,1920,1,2,0,0,0,1,0,3,4,0,2,3,,N,,,,,,,,,,,
2006080062,1802.0,1,1,1,0,0,0,0,0,0,6,0,,67,5,2006,4,39.96,-75.1412,1757.0,6,0,0,0,0,0,1,0,0,9.0,1,0,0,17,1,2,0,,2.0,39 57:30.000,2.0,2,75 08:29.071,1,0,0,0,67301,0,0,0,N,0,0,0,3,67301,0,1.0,1,1,,N,N,,0,0.0,0,1,1,0,0,Y,1755,2,2,0,0,0,1,0,3,4,0,2,3,,N,,,,,,,,,,,
2006069778,114.0,1,0,0,0,0,0,0,0,0,5,1,,67,6,2006,7,,,114.0,6,0,0,0,0,0,0,0,0,,0,1,0,1,3,0,0,,0.0,,,0,,0,0,0,0,67301,0,0,0,N,0,0,0,2,67501,0,,1,9,,N,N,,0,,0,0,0,3,8,,114,0,2,0,0,0,0,0,3,3,0,2,7,,N,,,,,,,,,,,
2006057897,9999.0,1,0,1,0,0,0,0,0,0,2,0,,67,2,2006,6,39.9996,-75.1905,1904.0,6,0,0,0,0,0,0,0,0,2.0,0,0,0,19,3,2,1,,2.0,39 59:58.000,7.0,0,75 11:26.016,2,0,0,0,67301,0,0,0,N,0,0,0,4,67301,0,,1,1,,N,N,,1,,1,1,0,0,0,N,1900,2,2,0,0,0,0,1,3,4,0,2,3,,N,,,,,,,,,,,
2006065377,1435.0,2,0,0,0,0,0,0,0,0,1,0,,67,5,2006,7,39.9325,-75.2303,1427.0,6,0,0,0,0,0,0,1,0,,0,0,0,13,1,1,1,,0.0,39 55:57.360,,0,75 13:49.080,4,0,0,0,67301,0,0,0,N,0,0,0,3,67301,1,,1,9,,N,N,,0,,0,0,0,3,2,,1359,1,2,0,0,0,0,1,3,4,0,2,3,,N,,,,,,,,,,,
2006055347,1457.0,2,0,0,0,0,0,0,0,0,4,0,,67,3,2006,2,,,1455.0,6,0,0,0,0,0,1,0,0,9.0,0,0,0,14,1,1,1,,2.0,,5.0,0,,8,0,0,0,67301,0,0,0,N,0,0,0,2,67301,0,,1,1,,N,N,,0,,0,0,0,3,2,Y,1453,1,2,0,0,0,1,1,3,3,0,2,3,,N,,,,,,,,,,,
2006055403,1404.0,2,0,0,0,0,0,0,0,0,1,0,,67,3,2006,4,,,1402.0,6,0,0,0,0,0,1,0,0,,0,0,0,13,1,1,9,,0.0,,,0,,3,0,0,0,67301,0,0,0,N,0,0,0,2,67301,0,,1,1,,N,N,,0,,1,0,0,3,5,,1355,1,2,0,0,0,0,0,3,3,0,2,3,,N,,,,,,,,,,,
2006055433,35.0,1,0,0,0,0,0,0,0,0,7,0,,67,3,2006,6,40.011,-75.0607,24.0,6,0,0,0,0,0,0,0,0,,0,0,0,0,3,1,0,,0.0,40 00:39.000,,0,75 03:38.699,8,0,0,0,67301,0,0,0,N,0,0,0,1,67301,0,,5,1,,N,N,,0,,0,0,0,0,0,,18,1,1,0,0,0,1,0,3,4,0,1,3,,N,,,,,,,,,,,
2006094634,2040.0,1,0,0,0,0,0,0,0,0,7,0,,67,7,2006,4,,,2030.0,6,0,0,0,0,0,0,0,0,1.0,0,0,0,20,3,0,0,,1.0,,1.0,0,,0,0,0,0,67301,0,0,0,N,0,0,0,2,67301,0,,3,1,,N,N,,0,,0,0,0,0,0,N,2040,0,1,0,0,1,0,0,3,3,0,1,3,,N,,,,,,,,,,,
2006055663,10.0,1,0,0,0,0,0,0,0,0,4,0,,67,4,2006,3,39.9955,-75.1543,4.0,6,0,0,0,0,0,0,0,0,,0,0,0,99,3,1,1,,0.0,39 59:43.000,,0,75 09:15.489,8,0,0,0,67301,0,0,0,N,0,0,0,4,67301,0,,1,9,,N,N,,0,,0,0,0,3,2,,9999,1,2,0,0,0,1,0,3,4,1,2,7,,N,,,,,,,,,,,
2006104917,1145.0,1,0,0,0,0,0,0,0,0,4,1,,67,8,2006,3,,,1144.0,6,0,0,0,0,0,0,0,0,2.0,0,1,0,99,1,0,1,,2.0,,3.0,0,,0,0,0,0,67301,0,0,0,N,0,0,0,4,67301,0,,1,1,,N,N,,0,,0,0,0,9,3,Y,9999,0,2,0,0,0,0,0,3,3,0,2,3,,N,,,,,,,,,,,