CRN,ARRIVAL_TM,AUTOMOBILE_COUNT,BELTED_DEATH_COUNT,BELTED_SUSP_SERIOUS_INJ_COUNT,BICYCLE_COUNT,BICYCLE_DEATH_COUNT,BICYCLE_SUSP_SERIOUS_INJ_COUNT,BUS_COUNT,CHLDPAS_DEATH_COUNT,CHLDPAS_SUSP_SERIOUS_INJ_COUNT,COLLISION_TYPE,COMM_VEH_COUNT,CONS_ZONE_SPD_LIM,COUNTY,CRASH_MONTH,CRASH_YEAR,DAY_OF_WEEK,DEC_LAT,DEC_LONG,DISPATCH_TM,DISTRICT,DRIVER_COUNT_16YR,DRIVER_COUNT_17YR,DRIVER_COUNT_18YR,DRIVER_COUNT_19YR,DRIVER_COUNT_20YR,DRIVER_COUNT_50_64YR,DRIVER_COUNT_65_74YR,DRIVER_COUNT_75PLUS,EST_HRS_CLOSED,FATAL_COUNT,HEAVY_TRUCK_COUNT,HORSE_BUGGY_COUNT,HOUR_OF_DAY,ILLUMINATION,INJURY_COUNT,INTERSECT_TYPE,INTERSECTION_RELATED,LANE_CLOSED,LATITUDE,LN_CLOSE_DIR,LOCATION_TYPE,LONGITUDE,MAX_SEVERITY_LEVEL,MCYCLE_DEATH_COUNT,MCYCLE_SUSP_SERIOUS_INJ_COUNT,MOTORCYCLE_COUNT,MUNICIPALITY,NONMOTR_COUNT,NONMOTR_DEATH_COUNT,NONMOTR_SUSP_SERIOUS_INJ_COUNT,NTFY_HIWY_MAINT,PED_COUNT,PED_DEATH_COUNT,PED_SUSP_SERIOUS_INJ_COUNT,PERSON_COUNT,POLICE_AGCY,POSSIBLE_INJ_COUNT,RDWY_SURF_TYPE_CD,RELATION_TO_ROAD,ROAD_CONDITION,ROADWAY_CLEARED,SCH_BUS_IND,SCH_ZONE_IND,SECONDARY_CRASH,SMALL_TRUCK_COUNT,SPEC_JURIS_CD,SUSP_MINOR_INJ_COUNT,SUSP_SERIOUS_INJ_COUNT,SUV_COUNT,TCD_FUNC_CD,TCD_TYPE,TFC_DETOUR_IND,TIME_OF_DAY,TOT_INJ_COUNT,TOTAL_UNITS,UNB_DEATH_COUNT,UNB_SUSP_SERIOUS_INJ_COUNT,UNBELTED_OCC_COUNT,UNK_INJ_DEG_COUNT,UNK_INJ_PER_COUNT,URBAN_AREA,URBAN_RURAL,VAN_COUNT,VEHICLE_COUNT,WEATHER1,WEATHER2,WORK_ZONE_IND,WORK_ZONE_LOC,WORK_ZONE_TYPE,WORKERS_PRES,WZ_CLOSE_DETOUR,WZ_FLAGGER,WZ_LAW_OFFCR_IND,WZ_LN_CLOSURE,WZ_MOVING,WZ_OTHER,WZ_SHLDER_MDN,WZ_WORKERS_INJ_KILLED
2006104933,1857.0,2,0,0,0,0,0,0,0,0,4,0,,67,8,2006,7,40.0345,-75.1149,1856.0,6,0,0,0,2,0,0,0,0,,0,0,0,18,1,1,1,,0.0,40 02:03.000,,0,75 06:53.820,4,0,0,0,67301,0,0,0,N,0,0,0,2,67301,1,,1,9,,N,N,,0,,0,0,0,3,2,,1856,1,2,0,0,0,0,0,3,4,0,2,3,,N,,,,,,,,,,,
2006104955,2147.0,3,0,0,0,0,0,0,0,0,5,0,,67,8,2006,6,,,2141.0,6,0,0,0,0,0,0,0,0,2.0,0,0,0,99,3,1,0,,2.0,,6.0,0,,4,0,0,0,67301,0,0,0,N,0,0,0,1,67301,1,,6,1,,N,N,,0,,0,0,0,0,0,Y,9999,1,5,0,0,1,0,0,3,3,2,5,3,,N,,,,,,,,,,,
2006104959,1336.0,3,0,0,0,0,0,0,0,0,1,0,,67,8,2006,5,40.0414,-75.1441,1330.0,6,0,0,0,0,0,0,1,0,,0,0,0,13,1,2,1,,0.0,40 02:28.000,,0,75 08:39.342,8,0,0,0,67301,0,0,0,,0,0,0,3,67301,0,,1,1,,,,,0,,0,0,0,3,2,,1330,2,3,0,0,2,2,1,3,4,0,3,3,,N,,,,,,,,,,,
2006104973,900.0,2,0,0,0,0,0,1,0,0,5,1,,67,9,2006,6,40.0734,-75.0472,853.0,6,0,0,0,0,0,0,0,0,,0,0,0,8,1,2,0,,0.0,40 04:24.000,,0,75 02:49.474,8,0,0,0,67301,2,0,0,N,0,0,0,8,67301,0,,6,1,,N,N,,0,,0,0,0,0,0,,850,2,4,0,0,0,2,4,3,4,1,4,3,,N,,,,,,,,,,,
2006102513,1615.0,0,0,0,0,0,0,0,0,0,4,0,,67,8,2006,2,,,1615.0,6,0,0,0,0,0,0,0,0,1.0,0,0,0,16,1,1,2,,1.0,,1.0,0,,4,0,0,0,67301,0,0,0,N,0,0,0,3,67301,1,,1,1,,N,N,,0,,0,0,1,3,3,N,1615,1,2,0,0,0,0,0,3,3,0,2,3,,N,,,,,,,,,,,
2006124249,900.0,2,0,0,0,0,0,0,0,0,4,0,,67,10,2006,7,40.1186,-75.007,851.0,6,0,0,0,0,0,1,0,0,2.0,0,0,0,8,1,4,2,,1.0,40 07:06.945,4.0,0,75 00:25.153,3,0,0,0,67301,0,0,0,N,0,0,0,5,67301,1,,1,9,,N,N,,0,,2,0,0,3,2,N,850,4,2,0,0,0,1,0,3,4,0,2,7,,N,,,,,,,,,,,
2006112664,1559.0,1,0,0,0,0,0,0,0,0,8,0,,67,9,2006,2,39.9355,-75.1672,1557.0,6,0,0,0,0,0,0,0,0,,0,0,0,15,1,1,0,,0.0,39 56:07.000,,0,75 10:01.874,4,0,0,0,67301,1,0,0,N,1,0,0,2,67301,1,,1,1,,N,N,,0,,0,0,0,0,0,,1554,1,2,0,0,0,0,0,3,4,0,1,3,,N,,,,,,,,,,,
2006112704,2245.0,1,0,0,0,0,0,0,0,0,1,0,,67,10,2006,4,40.0181,-75.1345,2238.0,6,0,0,0,1,0,1,0,0,,0,0,0,22,3,1,1,,0.0,40 01:05.185,,0,75 08:04.246,8,0,0,0,67301,0,0,0,N,0,0,0,3,67301,0,,1,9,,N,N,,0,,0,0,1,3,2,,2235,1,2,0,0,0,1,0,3,4,0,2,7,,N,,,,,,,,,,,
2006124734,1422.0,2,0,0,0,0,0,0,0,0,1,0,,67,10,2006,3,39.9456,-75.1901,1419.0,6,0,0,0,0,1,0,0,0,,0,0,0,14,1,2,0,,0.0,39 56:44.000,,0,75 11:24.422,4,0,0,0,67301,0,0,0,,0,0,0,7,67301,2,,1,9,,,,,1,,0,0,0,0,0,,1415,2,3,0,0,0,0,0,3,4,0,3,3,,N,,,,,,,,,,,
2006113814,1845.0,1,0,0,1,0,0,0,0,0,1,0,,67,10,2006,7,,,1843.0,6,0,0,0,0,0,0,0,0,,0,0,0,19,2,1,3,,0.0,,,0,,8,0,0,0,67301,1,0,0,N,0,0,0,2,67301,0,,1,1,,N,N,,0,,0,0,0,9,3,,1943,1,2,0,0,1,1,0,3,3,0,1,3,,N,,,,,,,,,,,
2006062106,1220.0,3,0,0,0,0,0,0,0,0,1,0,,67,5,2006,4,39.9897,-75.1038,1210.0,6,0,0,0,0,0,0,1,0,,0,0,0,12,1,1,1,,0.0,39 59:22.920,,0,75 06:13.680,4,0,0,0,67301,0,0,0,,0,0,0,3,67301,1,,1,1,,N,N,,0,,0,0,0,3,2,,1205,1,3,0,0,0,0,0,3,4,0,3,3,,N,,,,,,,,,,,
2006062250,1732.0,2,0,0,0,0,0,0,0,0,2,0,,67,5,2006,7,39.9335,-75.2155,1729.0,6,0,0,0,0,0,0,0,0,1.0,0,0,0,17,1,1,2,,1.0,39 56:00.000,6.0,0,75 12:56.185,4,0,0,0,67301,0,0,0,N,0,0,0,3,67301,1,,1,1,,N,N,,0,,0,0,0,3,2,N,1725,1,2,0,0,0,0,2,3,4,0,2,3,,N,,,,,,,,,,,
2006062254,1830.0,2,0,0,0,0,0,0,0,0,4,0,,67,5,2006,2,39.9923,-75.1422,1826.0,6,0,0,0,0,0,0,0,0,,0,0,0,99,1,1,1,,0.0,39 59:31.000,,0,75 08:32.146,4,0,0,0,67301,0,0,0,N,0,0,0,2,67301,1,,1,1,,N,N,,0,,0,0,0,3,2,,9999,1,2,0,0,0,0,0,3,4,0,2,3,,N,,,,,,,,,,,
2006062401,2040.0,1,0,0,1,0,0,0,0,0,2,0,,67,5,2006,6,40.0798,-74.9883,2035.0,6,0,0,0,0,0,1,0,0,,0,0,0,20,3,1,0,,0.0,40 04:47.380,,0,74 59:17.916,3,0,0,0,67301,1,0,0,N,0,0,0,2,67301,0,,1,1,,N,N,,0,,1,0,0,0,0,,2027,1,2,0,0,0,0,0,3,4,0,1,3,,N,,,,,,,,,,,
2006054742,59.0,1,0,0,0,0,0,0,0,0,1,0,,67,3,2006,6,40.0681,-75.1826,59.0,6,0,0,0,0,0,0,0,0,,0,0,0,99,3,3,0,,0.0,40 04:04.000,,0,75 10:57.746,8,0,0,0,67301,0,0,0,N,0,0,0,4,67301,0,,1,1,,N,N,,0,,0,0,1,0,0,,9999,3,2,0,0,0,3,0,3,4,0,2,3,,N,,,,,,,,,,,
2006093890,1205.0,2,0,0,0,0,0,0,0,0,4,0,,67,8,2006,5,40.0071,-75.094,1202.0,6,0,0,0,0,0,1,0,0,1.0,0,0,0,11,1,2,1,,1.0,40 00:25.549,7.0,0,75 05:38.543,8,0,0,0,67301,0,0,0,N,0,0,0,4,67301,0,,1,1,,N,N,,0,,0,0,0,3,2,N,1152,2,2,0,0,0,2,0,3,4,0,2,3,,N,,,,,,,,,,,
2006062500,2240.0,2,0,0,0,0,0,0,0,0,4,0,,67,5,2006,3,,,2230.0,6,0,0,0,1,0,0,0,0,,0,0,0,22,3,2,1,,0.0,,,0,,4,0,0,0,67301,0,0,0,N,0,0,0,3,67301,2,,1,1,,N,N,,0,,0,0,0,3,2,,2210,2,2,0,0,0,0,0,3,3,0,2,3,,N,,,,,,,,,,,
2006093894,2230.0,3,0,0,0,0,0,0,0,0,4,0,,67,7,2006,2,39.9577,-75.2314,2215.0,6,0,0,0,0,0,1,0,0,1.0,0,0,0,10,1,1,1,,2.0,39 57:27.000,4.0,0,75 13:53.312,4,0,0,0,67301,0,0,0,N,0,0,0,2,67301,1,,1,1,,N,N,,0,,0,0,0,9,2,Y,1000,1,3,0,0,0,0,1,3,4,0,3,3,,N,,,,,,,,,,,
2006093933,320.0,2,0,0,0,0,0,0,0,0,1,0,,67,7,2006,6,40.0198,-75.1496,315.0,6,0,0,0,0,0,0,0,0,1.0,0,0,0,3,3,0,0,,2.0,40 01:11.000,2.0,0,75 08:58.869,0,0,0,0,67301,0,0,0,N,0,0,0,2,67301,0,,1,1,,N,N,,0,,0,0,0,0,0,N,315,0,2,0,0,0,0,0,3,4,0,2,3,,N,,,,,,,,,,,
2006054980,813.0,1,0,0,0,0,0,0,0,0,8,0,,67,2,2006,3,40.0414,-75.0283,808.0,6,0,0,0,0,0,0,0,0,,0,0,0,7,1,1,1,,0.0,40 02:29.000,,0,75 01:41.703,4,0,0,0,67301,1,0,0,N,1,0,0,2,67301,1,,9,1,,N,N,,0,,0,0,0,9,2,,750,1,2,0,0,0,0,1,3,4,0,1,3,,N,,,,,,,,,,,
2006055106,40.0,2,0,0,0,0,0,0,0,0,4,0,,67,4,2006,7,,,34.0,6,0,0,0,0,0,0,0,0,1.0,0,0,0,0,3,2,1,,1.0,,1.0,0,,3,0,0,0,67301,0,0,0,N,0,0,0,2,67301,0,,1,1,,N,N,,0,,2,0,0,3,2,N,29,2,2,0,0,2,0,0,3,3,0,2,3,,N,,,,,,,,,,,
2006055279,1300.0,1,0,0,0,0,0,0,0,0,8,0,,67,3,2006,2,,,1255.0,6,0,0,0,0,0,1,0,0,,0,0,0,12,1,1,0,,0.0,,,0,,8,0,0,0,67301,1,0,0,N,1,0,0,2,67301,0,,1,1,,N,N,,0,,0,0,0,3,2,,1230,1,2,0,0,0,1,0,3,3,0,1,3,,N,,,,,,,,,,,
2006055290,1603.0,2,0,0,0,0,0,0,0,0,1,0,,67,4,2006,2,40.054,-75.0489,1602.0,6,0,0,0,0,0,0,0,0,,0,0,0,16,1,1,1,,0.0,40 03:14.000,,0,75 02:56.032,8,0,0,0,67301,0,0,0,N,0,0,0,5,67301,0,,1,1,,N,N,,0,,0,0,0,0,0,,1600,1,2,0,0,0,1,4,3,4,0,2,3,,N,,,,,,,,,,,
2006055160,859.0,1,0,0,0,0,0,0,0,0,1,0,,67,3,2006,3,40.0846,-75.0026,855.0,6,0,0,0,0,0,1,1,0,,0,0,0,8,1,1,2,,0.0,40 05:04.495,,0,75 00:09.457,8,0,0,0,67301,0,0,0,N,0,0,0,2,67301,0,,1,1,,N,N,,0,,0,0,1,3,3,,850,1,2,0,0,0,1,0,3,4,0,2,3,,N,,,,,,,,,,,
2006055060,1132.0,1,0,0,0,0,0,0,0,0,8,0,,67,3,2006,2,,,1130.0,6,0,0,0,0,0,0,0,0,3.0,0,0,0,99,3,1,0,,2.0,,4.0,0,,8,0,0,0,67301,1,0,0,,1,0,0,4,67301,0,,1,1,,,,,0,,0,0,0,0,0,Y,9999,1,3,0,0,0,1,0,3,3,1,2,10,,N,,,,,,,,,,,
2006094174,1254.0,2,0,0,0,0,0,0,0,0,1,0,,67,7,2006,6,40.0414,-75.0283,1253.0,6,0,0,0,0,0,0,1,0,,0,0,0,22,3,1,1,,0.0,40 02:29.000,,0,75 01:41.703,4,0,0,0,67301,0,0,0,N,0,0,0,2,67301,1,,1,1,,N,N,,0,,0,0,0,3,2,,2230,1,2,0,0,0,0,0,3,4,0,2,3,,N,,,,,,,,,,,
2006094198,1655.0,2,0,0,0,0,0,0,0,0,1,0,,67,8,2006,5,39.9835,-75.1192,1655.0,6,0,0,0,0,0,0,1,0,,0,0,0,16,1,1,0,,0.0,39 59:01.000,,0,75 07:09.309,8,0,0,0,67301,0,0,0,N,0,0,0,3,67301,0,,1,1,,N,N,,0,,0,0,0,0,0,,1630,1,2,0,0,0,1,0,3,4,0,2,3,,N,,,,,,,,,,,
2006056059,51.0,1,0,0,0,0,0,0,0,0,4,0,,67,3,2006,6,40.016,-75.1535,51.0,6,0,0,0,0,0,0,0,0,2.0,0,0,0,0,3,2,0,,1.0,40 00:57.000,3.0,0,75 09:13.107,4,0,0,0,67301,0,0,0,N,0,0,0,3,67301,2,,1,1,,N,N,,1,,0,0,0,0,0,N,51,2,2,0,0,0,0,0,3,4,0,2,3,,N,,,,,,,,,,,
2006095275,1707.0,5,0,0,0,0,0,0,0,0,5,0,,67,7,2006,4,40.0213,-75.1586,1703.0,6,0,0,0,0,0,1,0,0,,0,0,0,16,1,0,2,,0.0,40 01:16.672,,0,75 09:30.985,0,0,0,0,67301,0,0,0,N,0,0,0,1,67301,0,,1,1,,N,N,,0,,0,0,0,0,0,,1652,0,6,0,0,0,0,0,3,4,0,6,3,,N,,,,,,,,,,,
2006056137,1304.0,1,0,0,0,0,0,0,0,0,4,0,,67,4,2006,7,,,1303.0,6,0,0,0,0,0,0,0,0,1.0,0,0,0,13,1,1,0,,1.0,,4.0,0,,4,0,0,0,67301,0,0,0,N,0,0,0,3,67301,1,,1,1,,N,N,,0,,0,0,0,3,3,Y,1301,1,2,0,0,0,0,0,3,3,0,2,3,,N,,,,,,,,,,,
2006056333,1532.0,2,0,0,0,0,0,0,0,0,4,0,,67,4,2006,2,40.0317,-75.0669,1530.0,6,0,0,0,0,0,1,0,0,,0,0,0,15,1,1,2,,0.0,40 01:53.000,,0,75 04:00.880,8,0,0,0,67301,0,0,0,N,0,0,0,2,67301,0,,1,1,,N,N,,0,,0,0,0,3,3,,1530,1,2,0,0,0,1,0,3,4,0,2,3,,N,,,,,,,,,,,
2006056410,1515.0,1,0,0,0,0,0,0,0,0,8,0,,67,3,2006,4,39.9901,-75.1732,1514.0,6,0,0,0,0,0,0,0,0,,0,0,0,15,1,1,1,,0.0,39 59:24.000,,0,75 10:23.553,4,0,0,0,67301,1,0,0,,1,0,0,2,67301,1,,1,1,,,,,0,,0,0,0,3,2,,1510,1,2,0,0,0,0,0,3,4,0,1,3,,N,,,,,,,,,,,
2006053991,1535.0,1,0,0,0,0,0,0,0,0,4,0,,67,4,2006,5,,,1530.0,6,0,0,0,0,1,0,0,0,,0,0,0,14,1,3,2,,0.0,,,0,,4,0,0,0,67301,0,0,0,N,0,0,0,4,67301,3,,1,1,,N,N,,0,,0,0,1,3,3,,1429,3,2,0,0,0,0,1,3,3,0,2,3,,N,,,,,,,,,,,
2006018433,1808.0,4,0,0,0,0,0,0,0,0,1,0,,67,1,2006,7,,,1759.0,6,0,1,0,1,0,0,0,0,1.0,0,0,0,17,3,0,0,,1.0,,3.0,3,,0,0,0,0,67301,0,0,0,N,0,0,0,6,67301,0,,1,1,,N,N,,0,,0,0,0,0,0,Y,1756,0,4,0,0,0,0,0,3,3,0,4,3,,N,,,,,,,,,,,
2006037982,44.0,2,0,0,0,0,0,0,0,0,5,0,,67,1,2006,5,40.0492,-75.2198,44.0,6,0,0,0,0,0,1,0,0,,0,0,0,99,3,0,0,,0.0,40 02:57.102,,0,75 13:11.106,0,0,0,0,67301,0,0,0,N,0,0,0,3,67301,0,,1,9,,N,N,,0,,0,0,0,0,0,,9999,0,2,0,0,2,0,0,3,4,0,2,7,,N,,,,,,,,,,,
2006035681,1309.0,0,0,0,0,0,0,0,0,0,4,0,,67,2,2006,7,,,1309.0,6,0,0,0,0,0,1,0,0,,0,0,0,13,1,2,1,,0.0,,,0,,3,0,0,0,67301,0,0,0,,0,0,0,3,67301,1,,1,9,,N,N,,1,,1,0,0,9,3,,1309,2,2,0,0,2,0,1,3,3,1,2,7,,N,,,,,,,,,,,
2006035693,9999.0,1,0,0,0,0,0,0,0,0,4,0,,67,2,2006,7,40.0152,-75.1498,9999.0,6,0,0,0,0,0,0,0,0,,0,0,0,99,3,1,1,,0.0,40 00:54.000,,0,75 08:59.934,4,0,0,0,67301,0,0,0,,0,0,0,2,67301,1,,4,9,,N,N,,1,,0,0,0,3,1,,9999,1,2,0,0,0,0,1,3,4,0,2,7,,N,,,,,,,,,,,
2006033307,1430.0,1,0,0,1,0,0,0,0,0,4,0,,67,2,2006,5,,,1424.0,6,0,0,0,0,0,0,0,0,,0,0,0,14,1,1,2,,0.0,,,0,,4,0,0,0,67301,1,0,0,,0,0,0,3,67301,1,,1,1,,N,N,,0,,0,0,0,9,3,,1420,1,2,0,0,0,0,0,3,3,0,1,3,,N,,,,,,,,,,,
2006032975,1110.0,1,0,0,0,0,0,0,0,0,8,0,,67,2,2006,6,40.0411,-75.1295,1105.0,6,0,0,0,0,0,0,0,0,,0,0,0,11,1,1,1,,0.0,40 02:27.780,,0,75 07:46.232,4,0,0,0,67301,1,0,0,,1,0,0,2,67301,1,,1,1,,N,N,,0,,0,0,0,9,2,,1100,1,2,0,0,0,0,1,3,4,0,1,3,,N,,,,,,,,,,,
2006033111,1230.0,1,0,0,0,0,0,0,0,0,1,0,,67,1,2006,3,39.9162,-75.1669,1221.0,6,0,0,0,0,0,0,0,0,1.0,0,0,0,12,1,1,2,,1.0,39 54:58.000,3.0,0,75 10:00.883,4,0,0,0,67301,0,0,0,,0,0,0,3,67301,1,,2,1,,N,N,,1,,0,0,0,0,0,N,1221,1,2,0,0,2,0,0,3,4,0,2,3,,N,,,,,,,,,,,
2006032959,1640.0,3,0,0,0,0,0,0,0,0,4,0,,67,1,2006,1,40.042,-75.075,1638.0,6,0,0,0,0,0,0,0,0,,0,0,0,16,1,2,1,,0.0,40 02:30.000,,0,75 04:30.378,8,0,0,0,67301,0,0,0,N,0,0,0,4,67301,0,,2,9,,N,N,,0,,0,0,1,3,2,,1615,2,4,0,0,0,2,0,3,4,0,4,7,,N,,,,,,,,,,,
2006032969,1545.0,1,0,0,0,0,0,0,0,0,8,0,,67,1,2006,5,,,1537.0,6,0,0,0,0,0,0,0,0,,0,0,0,15,1,1,2,,0.0,,,0,,8,0,0,0,67301,1,0,0,N,1,0,0,2,67301,0,,1,1,,N,N,,0,,0,0,0,0,0,,1530,1,2,0,0,0,1,0,3,3,0,1,3,,N,,,,,,,,,,,
2006025188,1528.0,1,0,0,0,0,0,0,0,0,1,0,,67,1,2006,5,,,1527.0,6,0,0,0,0,0,2,0,0,,0,0,0,15,1,0,0,,0.0,,,3,,9,0,0,0,67301,0,0,0,N,0,0,0,4,67501,0,,1,1,,N,N,,1,,0,0,0,3,8,,1527,0,3,0,0,0,0,1,3,3,0,3,3,,N,,,,,,,,,,,
2006022728,222.0,0,0,0,0,0,0,0,0,0,7,0,,67,1,2006,1,39.9744,-75.1949,222.0,6,0,0,0,0,0,0,0,0,1.0,0,0,0,2,3,0,2,,1.0,39 58:27.000,4.0,2,75 11:41.211,0,0,0,0,67301,0,0,0,N,0,0,0,4,67301,0,,2,1,,N,N,,0,,0,0,0,0,0,N,221,0,1,0,0,0,0,0,3,4,1,1,3,,N,,,,,,,,,,,
2006043824,825.0,1,0,0,0,0,0,0,0,0,1,0,,67,1,2006,2,40.0571,-75.129,825.0,6,0,0,0,0,0,0,0,0,,0,0,0,8,1,0,1,,0.0,40 03:25.000,,0,75 07:44.035,0,0,0,0,67301,0,0,0,N,0,0,0,4,46102,0,,1,9,,N,N,,1,,0,0,2,3,2,,825,0,4,0,0,0,0,0,3,4,0,4,3,,N,,,,,,,,,,,
2006080009,1420.0,1,0,0,0,0,0,0,0,0,4,0,,67,5,2006,2,,,1413.0,6,0,0,0,0,0,0,0,0,,0,0,0,14,1,0,0,,0.0,,,7,,0,0,0,0,67301,0,0,0,N,0,0,0,3,67301,0,,1,1,,N,N,,0,,0,0,0,0,0,,1410,0,2,0,0,0,0,0,3,3,0,2,3,,N,,,,,,,,,,,
2006065015,646.0,0,0,0,0,0,0,1,0,0,4,1,,67,4,2006,1,39.9831,-75.1126,641.0,6,0,0,0,1,0,0,0,0,,0,0,0,6,1,0,1,,0.0,39 58:59.253,,0,75 06:45.406,0,0,0,0,67301,0,0,0,N,0,0,0,3,67301,0,,1,1,,N,N,,0,,0,0,1,3,3,,632,0,2,0,0,2,0,0,3,4,0,2,3,,N,,,,,,,,,,,
2006067890,1508.0,0,0,0,1,0,0,0,0,0,5,0,,67,5,2006,3,,,1510.0,6,0,0,0,0,0,1,0,0,,0,0,0,15,1,1,1,,0.0,,,0,,8,0,0,0,67301,1,0,0,N,0,0,0,2,67301,0,,1,1,,N,N,,0,,0,0,0,3,3,,1506,1,2,0,0,0,1,0,3,3,1,1,3,,N,,,,,,,,,,,
2006065542,2124.0,0,0,0,0,0,0,0,0,0,8,0,,67,5,2006,7,39.9591,-75.2366,2119.0,6,0,0,0,0,0,0,0,0,,0,0,0,21,3,1,2,,0.0,39 57:32.828,,0,75 14:11.831,8,0,0,0,67301,1,0,0,,1,0,0,2,67301,0,,1,1,,N,N,,0,,0,0,1,0,0,,2100,1,2,0,0,0,1,1,3,4,0,1,3,,N,,,,,,,,,,,
2006055478,1037.0,1,0,0,0,0,0,0,0,0,2,0,,67,3,2006,2,39.8876,-75.248,1027.0,6,0,0,0,0,0,0,0,0,,0,0,0,99,3,1,2,,0.0,39 53:15.447,,0,75 14:52.947,4,0,0,0,67301,0,0,0,N,0,0,0,2,67301,1,,1,1,,N,N,,0,,0,0,1,3,2,,9999,1,2,0,0,0,0,0,3,4,0,2,3,,N,,,,,,,,,,,
2006055588,759.0,2,0,0,0,0,0,0,0,0,4,0,,67,4,2006,1,40.0689,-75.1818,751.0,6,0,0,0,0,0,1,0,0,,0,0,0,99,1,1,1,,0.0,40 04:08.000,,0,75 10:54.519,4,0,0,0,67301,0,0,0,N,0,0,0,3,67301,1,,1,1,,N,N,,0,,0,0,0,3,2,,9999,1,2,0,0,2,0,0,3,4,0,2,3,,N,,,,,,,,,,,
2006055600,1938.0,4,0,0,0,0,0,0,0,0,1,0,,67,4,2006,5,40.0272,-75.0989,1937.0,6,0,0,0,0,0,1,0,0,,0,0,0,19,2,3,2,,0.0,40 01:39.000,,0,75 05:57.216,4,0,0,0,67301,0,0,0,N,0,0,0,5,67301,3,,1,1,,N,N,,0,,0,0,0,0,0,,1935,3,4,0,0,1,0,0,3,4,0,4,3,,N,,,,,,,,,,,
2006055685,1530.0,1,0,0,0,0,0,0,0,0,1,0,,67,4,2006,2,39.9666,-75.1604,1520.0,6,0,0,0,0,0,1,0,0,,0,0,0,15,1,2,1,,0.0,39 57:59.000,,0,75 09:37.393,8,0,0,0,67301,0,0,0,N,0,0,0,4,67301,0,,1,1,,N,N,,1,,0,0,0,3,2,,1500,2,2,0,0,2,2,0,3,4,0,2,3,,N,,,,,,,,,,,
2006055628,1255.0,0,0,0,0,0,0,0,0,0,1,0,,67,3,2006,1,39.9577,-75.2316,1249.0,6,0,0,0,1,0,1,0,0,,0,0,0,12,1,1,0,,0.0,39 57:27.779,,0,75 13:53.721,8,0,0,0,67301,0,0,0,N,0,0,0,2,67301,0,,1,9,,N,N,,2,,0,0,0,0,0,,1245,1,2,0,0,0,1,0,3,4,0,2,7,,N,,,,,,,,,,,
2006055655,1603.0,2,0,0,0,0,0,0,0,0,4,0,,67,3,2006,2,,,1551.0,6,0,0,0,0,0,0,0,0,,0,0,0,15,1,2,0,,0.0,,,1,,4,0,0,0,67301,0,0,0,N,0,0,0,3,67301,2,,1,1,,N,N,,0,,0,0,0,0,0,,1551,2,2,0,0,0,0,0,3,3,0,2,3,,N,,,,,,,,,,,
2006055785,700.0,0,0,0,0,0,0,0,0,0,1,0,,67,3,2006,4,39.9839,-75.2083,651.0,6,0,0,0,1,0,0,0,0,1.0,0,0,0,6,1,1,0,,1.0,39 59:05.000,3.0,0,75 12:29.683,4,0,0,0,67301,0,0,0,N,0,0,0,3,67301,1,,1,1,,N,N,,1,,0,0,1,0,0,N,651,1,2,0,0,0,0,0,3,4,0,2,3,,N,,,,,,,,,,,
2006055807,25.0,2,0,0,0,0,0,0,0,0,2,0,,67,3,2006,1,39.9967,-75.1155,21.0,6,0,0,0,0,0,0,0,0,2.0,0,0,0,0,3,4,1,,1.0,39 59:48.000,4.0,0,75 06:55.448,8,0,0,0,67301,0,0,0,N,0,0,0,4,67301,0,,1,1,,N,N,,0,,0,0,0,3,2,Y,21,4,2,0,0,0,4,0,3,4,0,2,3,,N,,,,,,,,,,,
2006104829,1840.0,1,0,0,0,0,0,0,0,0,8,0,,67,9,2006,2,,,1837.0,6,0,0,0,0,0,0,0,0,,0,0,0,99,1,1,1,,0.0,,,0,,3,0,0,0,67301,1,0,0,N,1,0,0,2,67301,0,,1,1,,N,N,,0,,1,0,0,3,2,,9999,1,2,0,0,0,0,0,3,3,0,1,3,,N,,,,,,,,,,,
2006102419,1359.0,0,0,0,0,0,0,0,0,0,5,1,,67,8,2006,7,,,1358.0,6,0,0,0,0,0,0,0,0,,0,1,0,13,1,1,0,,0.0,,,0,,8,0,0,0,67301,0,0,0,N,0,0,0,3,67301,0,,1,1,,N,N,,0,,0,0,0,0,0,,1358,1,2,0,0,0,1,0,3,3,0,2,3,,N,,,,,,,,,,,
2006102461,1550.0,0,0,0,0,0,0,0,0,0,5,0,,67,8,2006,7,,,1537.0,6,0,0,0,0,0,0,0,0,,0,0,0,15,1,1,0,,0.0,,,0,,4,0,0,0,67301,0,0,0,N,0,0,0,2,67301,1,,3,1,,N,N,,1,,0,0,0,0,0,,1535,1,2,0,0,0,0,0,3,3,1,2,3,,N,,,,,,,,,,,
2006102491,1735.0,1,0,0,0,0,0,0,0,0,5,0,,67,8,2006,5,,,1732.0,6,0,0,0,0,0,0,0,0,,0,0,0,17,1,1,0,,0.0,,,0,,8,0,0,0,67301,0,0,0,N,0,0,0,2,67301,0,,2,1,,N,N,,0,,0,0,0,0,0,,1725,1,2,0,0,0,1,0,3,3,0,2,3,,N,,,,,,,,,,,
2006102501,1659.0,2,0,0,0,0,0,0,0,0,2,0,,67,8,2006,2,40.0019,-75.1676,1655.0,6,0,0,0,0,0,1,0,0,,0,0,0,16,1,1,0,,0.0,40 00:06.710,,0,75 10:03.478,8,0,0,0,67301,0,0,0,N,0,0,0,2,67301,0,,1,1,,N,N,,0,,0,0,0,0,0,,1645,1,2,0,0,0,1,1,3,4,0,2,3,,N,,,,,,,,,,,