CRN,ARRIVAL_TM,AUTOMOBILE_COUNT,BELTED_DEATH_COUNT,BELTED_SUSP_SERIOUS_INJ_COUNT,BICYCLE_COUNT,BICYCLE_DEATH_COUNT,BICYCLE_SUSP_SERIOUS_INJ_COUNT,BUS_COUNT,CHLDPAS_DEATH_COUNT,CHLDPAS_SUSP_SERIOUS_INJ_COUNT,COLLISION_TYPE,COMM_VEH_COUNT,CONS_ZONE_SPD_LIM,COUNTY,CRASH_MONTH,CRASH_YEAR,DAY_OF_WEEK,DEC_LAT,DEC_LONG,DISPATCH_TM,DISTRICT,DRIVER_COUNT_16YR,DRIVER_COUNT_17YR,DRIVER_COUNT_18YR,DRIVER_COUNT_19YR,DRIVER_COUNT_20YR,DRIVER_COUNT_50_64YR,DRIVER_COUNT_65_74YR,DRIVER_COUNT_75PLUS,EST_HRS_CLOSED,FATAL_COUNT,HEAVY_TRUCK_COUNT,HORSE_BUGGY_COUNT,HOUR_OF_DAY,ILLUMINATION,INJURY_COUNT,INTERSECT_TYPE,INTERSECTION_RELATED,LANE_CLOSED,LATITUDE,LN_CLOSE_DIR,LOCATION_TYPE,LONGITUDE,MAX_SEVERITY_LEVEL,MCYCLE_DEATH_COUNT,MCYCLE_SUSP_SERIOUS_INJ_COUNT,MOTORCYCLE_COUNT,MUNICIPALITY,NONMOTR_COUNT,NONMOTR_DEATH_COUNT,NONMOTR_SUSP_SERIOUS_INJ_COUNT,NTFY_HIWY_MAINT,PED_COUNT,PED_DEATH_COUNT,PED_SUSP_SERIOUS_INJ_COUNT,PERSON_COUNT,POLICE_AGCY,POSSIBLE_INJ_COUNT,RDWY_SURF_TYPE_CD,RELATION_TO_ROAD,ROAD_CONDITION,ROADWAY_CLEARED,SCH_BUS_IND,SCH_ZONE_IND,SECONDARY_CRASH,SMALL_TRUCK_COUNT,SPEC_JURIS_CD,SUSP_MINOR_INJ_COUNT,SUSP_SERIOUS_INJ_COUNT,SUV_COUNT,TCD_FUNC_CD,TCD_TYPE,TFC_DETOUR_IND,TIME_OF_DAY,TOT_INJ_COUNT,TOTAL_UNITS,UNB_DEATH_COUNT,UNB_SUSP_SERIOUS_INJ_COUNT,UNBELTED_OCC_COUNT,UNK_INJ_DEG_COUNT,UNK_INJ_PER_COUNT,URBAN_AREA,URBAN_RURAL,VAN_COUNT,VEHICLE_COUNT,WEATHER1,WEATHER2,WORK_ZONE_IND,WORK_ZONE_LOC,WORK_ZONE_TYPE,WORKERS_PRES,WZ_CLOSE_DETOUR,WZ_FLAGGER,WZ_LAW_OFFCR_IND,WZ_LN_CLOSURE,WZ_MOVING,WZ_OTHER,WZ_SHLDER_MDN,WZ_WORKERS_INJ_KILLED
2006124556,1310.0,2,0,0,0,0,0,0,0,0,1,0,,67,11,2006,3,39.8975,-75.2525,1301.0,6,0,0,0,0,0,1,1,0,,0,0,0,13,1,1,1,,0.0,39 53:51.000,,0,75 15:08.941,8,0,0,0,67301,0,0,0,N,0,0,0,2,67301,0,,1,1,,N,N,,0,,0,0,0,3,2,,1301,1,2,0,0,0,1,0,3,4,0,2,3,,N,,,,,,,,,,,
2006112660,1322.0,0,0,0,0,0,0,0,0,0,6,0,,67,9,2006,3,39.9067,-75.1937,1315.0,6,0,0,0,0,0,0,0,0,,0,0,0,13,1,1,0,,0.0,39 54:24.032,,0,75 11:37.369,8,0,0,0,67301,0,0,0,,0,0,0,2,67301,0,,3,1,,,,,1,,0,0,1,0,0,,1310,1,2,0,0,1,1,0,3,4,0,2,3,,N,,,,,,,,,,,
2006112731,2040.0,0,0,0,0,0,0,0,0,0,2,0,,67,9,2006,3,40.125,-75.0028,2035.0,6,0,0,0,0,0,0,0,0,9.0,0,0,0,20,3,1,2,,1.0,40 07:30.133,3.0,0,75 00:09.975,4,0,0,0,67301,0,0,0,N,0,0,0,2,67301,1,,1,9,,N,N,,1,,0,0,1,0,0,Y,2035,1,2,0,0,0,0,0,3,4,0,2,7,,N,,,,,,,,,,,
2006112736,1255.0,2,0,0,0,0,0,0,0,0,4,0,,67,9,2006,2,40.0282,-75.1621,1243.0,6,0,0,0,0,0,0,0,0,,0,0,0,12,1,1,1,,0.0,40 01:41.000,,0,75 09:43.645,8,0,0,0,67301,0,0,0,N,0,0,0,2,67301,0,,1,1,,N,N,,0,,0,0,0,3,2,,1200,1,2,0,0,0,1,0,3,4,0,2,3,,N,,,,,,,,,,,
2006124712,1420.0,1,0,0,0,0,0,0,0,0,1,0,,67,11,2006,6,,,1415.0,6,0,0,0,0,0,0,0,0,,0,0,0,13,1,2,0,,0.0,,,0,,3,0,0,0,67301,0,0,0,N,0,0,0,3,67301,1,,1,1,,N,N,,1,,1,0,0,0,0,,1357,2,2,0,0,0,0,0,3,3,0,2,3,,N,,,,,,,,,,,
2006124758,1400.0,1,0,0,0,0,0,0,0,0,1,0,,67,10,2006,6,40.0546,-75.0046,1356.0,6,0,0,0,0,0,0,0,1,,0,0,0,13,1,2,0,,0.0,40 03:16.000,,0,75 00:16.566,3,0,0,0,67301,0,0,0,N,0,0,0,2,67301,0,,2,9,,N,N,,1,,2,0,0,0,0,,1350,2,2,0,0,0,0,0,3,4,0,2,7,,N,,,,,,,,,,,
2006124769,50.0,1,0,0,1,0,0,0,0,0,4,0,,67,10,2006,7,40.0272,-75.171,48.0,6,0,0,0,0,0,0,0,0,,0,0,0,0,3,1,1,,0.0,40 01:38.000,,0,75 10:15.808,8,0,0,0,67301,1,0,0,N,0,0,0,2,67301,0,,1,1,,N,N,,0,,0,0,0,9,2,,45,1,2,0,0,0,1,1,3,4,0,1,3,,N,,,,,,,,,,,
2006113827,237.0,1,0,0,0,0,0,0,0,0,5,0,,67,10,2006,7,40.0091,-75.0671,234.0,6,0,0,0,0,0,0,0,0,,0,0,0,2,3,0,10,,0.0,40 00:33.000,,8,75 04:01.127,0,0,0,0,67301,0,0,0,N,0,0,0,4,67301,0,,1,1,,N,N,,0,,0,0,1,3,4,,233,0,2,0,0,0,0,0,3,4,0,2,3,,N,,,,,,,,,,,
2006035664,1350.0,0,0,0,0,0,0,0,0,0,0,1,,67,1,2006,6,40.0456,-75.2484,1334.0,6,0,0,0,0,0,0,0,0,4.0,0,1,0,13,1,0,0,,2.0,40 02:44.235,7.0,0,75 14:54.366,0,0,0,0,67301,0,0,0,Y,0,0,0,1,67301,0,,1,1,,N,N,,0,,0,0,0,3,8,Y,1319,0,1,0,0,0,0,0,3,4,0,1,3,,N,,,,,,,,,,,
2006033308,2230.0,2,0,0,0,0,0,0,0,0,2,0,,67,2,2006,5,39.8919,-75.2419,2221.0,6,0,0,0,0,0,0,1,0,,0,0,0,20,3,1,1,,0.0,39 53:31.000,,0,75 14:33.203,8,0,0,0,67301,0,0,0,N,0,0,0,3,67301,0,,1,1,,N,N,,1,,0,0,0,3,2,,2055,1,3,0,0,0,1,0,3,4,0,3,3,,N,,,,,,,,,,,
2006033329,1310.0,1,0,0,0,0,0,0,0,0,1,0,,67,1,2006,7,40.0347,-75.0446,1306.0,6,0,0,0,0,0,1,0,0,,0,0,0,13,1,1,1,,0.0,40 02:05.000,,0,75 02:40.899,8,0,0,0,67301,0,0,0,N,0,0,0,2,67301,0,,1,1,,N,N,,0,,0,0,0,9,2,,1300,1,2,0,0,0,1,0,3,4,1,2,3,,N,,,,,,,,,,,
2006019876,450.0,3,0,0,0,0,0,0,0,0,2,0,,67,1,2006,1,40.0372,-75.1237,445.0,6,0,0,0,1,0,0,0,0,,0,0,0,2,3,3,1,,0.0,40 02:13.851,,0,75 07:25.305,3,0,0,0,67301,0,0,0,N,0,0,0,3,67301,1,,1,1,,N,N,,0,,2,0,0,3,2,,241,3,3,0,0,0,0,0,3,4,0,3,3,,N,,,,,,,,,,,
2006019878,1730.0,2,0,0,0,0,0,0,0,0,4,0,,67,1,2006,3,,,721.0,6,0,0,0,0,0,0,0,0,,0,0,0,99,1,1,1,,0.0,,,0,,8,0,0,0,67301,0,0,0,N,0,0,0,4,67301,0,,1,1,,N,N,,0,,0,0,0,3,3,,9999,1,2,0,0,0,1,0,3,3,0,2,3,,N,,,,,,,,,,,
2006025189,2158.0,2,0,0,0,0,0,0,0,0,4,0,,67,1,2006,2,,,2158.0,6,0,0,0,0,0,0,0,0,,0,0,0,21,3,1,0,,0.0,,,0,,8,0,0,0,67301,0,0,0,N,0,0,0,1,67501,0,,1,1,,N,N,,0,,0,0,0,3,3,,2158,1,2,0,0,1,1,0,3,3,0,2,3,,N,,,,,,,,,,,
2006018359,2302.0,2,0,0,0,0,0,0,0,0,4,0,,67,1,2006,3,,,2254.0,6,0,0,0,0,0,0,0,0,,0,0,0,22,3,1,0,,0.0,,,0,,8,0,0,0,67301,0,0,0,,0,0,0,1,67301,0,,5,1,,N,N,,0,,0,0,2,0,0,,2254,1,6,0,0,0,1,0,3,3,2,6,3,,N,,,,,,,,,,,
2006065417,1747.0,1,0,0,0,0,0,0,0,0,4,0,,67,5,2006,7,,,1747.0,6,0,0,0,0,0,0,0,0,,0,0,0,17,1,1,1,,0.0,,,0,,2,0,1,1,67301,0,0,0,,0,0,0,3,67301,0,,1,1,,N,N,,0,,0,1,0,3,2,,1745,1,2,0,0,0,0,0,3,3,0,2,3,,N,,,,,,,,,,,
2006065463,805.0,2,0,0,0,0,0,0,0,0,1,0,,67,5,2006,3,40.0446,-75.1931,754.0,6,0,0,0,0,0,0,0,0,,0,0,0,7,1,1,1,,0.0,40 02:40.000,,0,75 11:35.275,8,0,0,0,67301,0,0,0,N,0,0,0,4,67301,0,,1,1,,N,N,,0,,0,0,0,3,2,,744,1,2,0,0,0,1,0,3,4,0,2,3,,N,,,,,,,,,,,
2006055416,300.0,3,0,0,0,0,0,0,0,0,4,0,,67,3,2006,7,,,255.0,6,0,0,0,0,0,0,0,0,2.0,0,0,0,2,3,1,0,,2.0,,5.0,0,,4,0,0,0,67301,0,0,0,N,0,0,0,1,67301,1,,4,1,,N,N,,0,,0,0,0,0,0,Y,250,1,3,0,0,0,0,0,3,3,0,3,3,,N,,,,,,,,,,,
2006055561,130.0,2,0,0,0,0,0,0,0,0,1,0,,67,2,2006,1,39.9756,-75.1949,124.0,6,0,0,0,0,0,0,0,0,,0,0,0,1,3,2,0,,0.0,39 58:34.000,,0,75 11:45.380,4,0,0,0,67301,0,0,0,,0,0,0,3,67301,2,,1,1,,,,,0,,0,0,0,0,0,,121,2,2,0,0,0,0,0,3,4,0,2,3,,N,,,,,,,,,,,
2006055634,1329.0,0,0,0,0,0,0,0,0,0,5,0,,67,2,2006,3,39.9604,-75.2473,1319.0,6,0,0,0,0,0,0,0,0,,0,0,0,13,1,0,10,,0.0,39 57:37.600,,0,75 14:50.200,9,0,0,0,67301,1,0,0,N,0,0,0,2,67301,0,,1,1,,N,N,,0,,0,0,0,9,3,,1310,0,2,0,0,0,0,1,3,4,1,2,3,,N,,,,,,,,,,,
2006055747,2025.0,2,0,0,0,0,0,0,0,0,1,0,,67,3,2006,1,40.0341,-75.1829,2018.0,6,0,0,0,0,0,0,0,0,,0,0,0,20,3,1,1,,0.0,40 02:02.000,,1,75 10:58.638,3,0,0,0,67301,0,0,0,N,0,0,0,2,67301,0,,1,1,,N,N,,0,,1,0,0,3,1,,2018,1,2,0,0,0,0,0,3,4,0,2,3,,N,,,,,,,,,,,
2006055784,311.0,0,0,0,0,0,0,0,0,0,7,0,,67,3,2006,2,39.9296,-75.1978,307.0,6,0,0,0,0,0,0,0,0,3.0,0,0,0,3,3,1,0,,2.0,39 55:44.000,6.0,0,75 11:50.237,8,0,0,0,67301,0,0,0,Y,0,0,0,1,67301,0,,3,1,,N,N,,1,,0,0,0,0,0,Y,307,1,1,0,0,0,1,0,3,4,0,1,3,,N,,,,,,,,,,,
2006055811,1010.0,6,0,0,0,0,0,0,0,0,5,0,,67,4,2006,2,,,947.0,6,0,0,0,0,0,0,0,0,2.0,0,0,0,9,1,0,0,,2.0,,1.0,0,,0,0,0,0,67301,0,0,0,N,0,0,0,2,67301,0,,1,9,,N,N,,0,,0,0,0,0,0,Y,938,0,6,0,0,0,0,0,3,3,0,6,7,,N,,,,,,,,,,,
2006126541,1345.0,0,0,0,0,0,0,0,0,0,8,0,,67,11,2006,6,39.9522,-75.1873,1339.0,6,0,0,0,0,0,0,0,0,,0,0,0,13,1,1,0,,0.0,39 57:08.000,,0,75 11:14.364,8,0,0,0,67301,1,0,0,,1,0,0,2,67301,0,,2,1,,,N,,0,,0,0,1,0,0,,1335,1,2,0,0,0,1,0,3,4,0,1,3,,N,,,,,,,,,,,
2006116700,1658.0,3,0,0,0,0,0,0,0,0,6,0,,67,10,2006,7,39.998,-75.1488,1650.0,6,0,0,0,0,0,0,0,0,,0,0,0,16,1,1,0,,0.0,39 59:52.663,,0,75 08:55.651,4,0,0,0,67301,0,0,0,,0,0,0,1,67301,1,,1,1,,,,,0,,0,0,1,0,0,,1650,1,5,0,0,1,0,0,3,4,1,5,3,,N,,,,,,,,,,,
2006126857,1025.0,3,0,0,0,0,0,0,0,0,4,0,,67,11,2006,2,40.0244,-75.1849,1020.0,6,0,0,0,1,0,0,0,0,,0,0,0,10,1,1,2,,0.0,40 01:27.900,,0,75 11:05.800,8,0,0,0,67301,0,0,0,N,0,0,0,2,67301,0,,1,1,,N,N,,0,,0,0,0,0,0,,1015,1,3,0,0,2,1,1,3,4,0,3,3,,N,,,,,,,,,,,
2006126879,1927.0,1,0,0,0,0,0,0,0,0,8,0,,67,10,2006,3,39.957,-75.2255,1920.0,6,0,0,0,0,0,1,0,0,,0,0,0,19,3,1,2,,0.0,39 57:25.000,,0,75 13:31.920,4,0,0,0,67301,1,0,0,N,1,0,0,2,67301,1,,1,1,,N,N,,0,,0,0,0,3,2,,1915,1,2,0,0,0,0,0,3,4,0,1,3,,N,,,,,,,,,,,
2006124620,1628.0,2,0,0,0,0,0,0,0,0,4,0,,67,11,2006,1,39.9317,-75.1493,1625.0,6,0,0,1,0,0,0,0,0,1.0,0,0,0,15,1,1,1,,1.0,39 55:54.242,1.0,0,75 08:57.454,4,0,0,0,67301,0,0,0,N,0,0,0,2,67301,1,,1,1,,N,N,,0,,0,0,0,9,9,N,1530,1,2,0,0,0,0,0,3,4,0,2,3,,N,,,,,,,,,,,
2006124882,228.0,2,0,0,0,0,0,0,0,0,2,0,,67,11,2006,1,39.9742,-75.1333,226.0,6,0,0,0,0,0,0,0,0,1.0,0,0,0,2,3,4,1,,1.0,39 58:26.000,7.0,0,75 07:59.663,4,0,0,0,67301,0,0,0,N,0,0,0,5,67301,4,,1,1,,N,N,,0,,0,0,0,3,2,N,226,4,2,0,0,2,0,0,3,4,0,2,3,,N,,,,,,,,,,,
2006124920,1836.0,1,0,0,0,0,0,0,0,0,8,0,,67,10,2006,7,39.9828,-75.128,1833.0,6,0,0,1,0,0,0,0,0,,0,0,0,18,3,1,2,,0.0,39 58:58.015,,0,75 07:40.717,8,0,0,0,67301,1,0,0,N,1,0,0,3,67301,0,,1,1,,N,N,,0,,0,0,0,0,0,,1829,1,2,0,0,0,1,0,3,4,0,1,3,,N,,,,,,,,,,,
2006124764,1545.0,2,0,0,0,0,0,0,0,0,1,0,,67,11,2006,6,40.0685,-75.0398,1540.0,6,0,0,0,0,0,1,1,0,,0,0,0,15,1,2,3,,0.0,40 04:05.000,,0,75 02:22.811,4,0,0,0,67301,0,0,0,N,0,0,0,2,67301,1,,1,1,,N,N,,0,,0,0,0,0,0,,1515,2,2,0,0,0,1,0,3,4,0,2,3,,N,,,,,,,,,,,
2006124767,300.0,1,0,0,0,0,0,0,0,0,7,0,,67,11,2006,5,39.8946,-75.2367,300.0,6,0,0,0,0,0,0,0,0,2.0,0,0,0,3,3,1,1,,1.0,39 53:40.000,1.0,0,75 14:12.237,4,0,0,0,67301,0,0,0,N,0,0,0,1,67301,1,,7,1,,N,N,,0,,0,0,0,3,2,N,300,1,1,0,0,0,0,0,3,4,0,1,3,,N,,,,,,,,,,,
2006124849,1323.0,1,0,0,0,0,0,0,0,0,4,0,,67,9,2006,4,39.9949,-75.0947,1319.0,6,0,0,0,0,0,0,0,0,3.0,0,0,0,13,1,1,0,,2.0,39 59:41.000,6.0,7,75 05:41.061,3,0,0,1,67301,0,0,0,N,0,0,0,2,67301,0,,1,1,,N,N,,0,,1,0,0,0,0,Y,1319,1,2,0,0,0,0,0,3,4,0,2,3,,N,,,,,,,,,,,
2006062118,1358.0,0,0,0,0,0,0,0,0,0,1,0,,67,5,2006,6,39.9238,-75.1787,1356.0,6,0,0,1,0,0,1,0,0,,0,0,0,13,1,1,0,,0.0,39 55:26.760,,0,75 10:37.200,4,0,0,1,67301,0,0,0,,0,0,0,2,67301,1,,1,1,,N,N,,0,,0,0,0,3,2,,1354,1,2,0,0,0,0,0,3,4,1,2,3,,N,,,,,,,,,,,
2006054685,2109.0,1,0,0,0,0,0,0,0,0,8,0,,67,3,2006,5,39.9889,-75.1273,2102.0,6,0,0,0,0,0,0,0,0,,0,0,0,20,3,1,1,,0.0,39 59:19.892,,0,75 07:38.391,4,0,0,0,67301,1,0,0,,1,0,0,1,67301,1,,1,1,,,,,0,,0,0,0,0,0,,2020,1,2,0,0,0,0,0,3,4,0,1,3,,N,,,,,,,,,,,
2006062199,1630.0,1,0,0,0,0,0,0,0,0,1,0,,67,4,2006,4,40.0107,-75.1508,1600.0,6,0,0,0,0,0,0,0,0,,0,0,0,13,1,1,1,,0.0,40 00:38.520,,0,75 09:03.600,3,0,0,0,67301,0,0,0,N,0,0,0,2,67301,0,,1,9,,N,N,,1,,1,0,0,3,2,,1315,1,2,0,0,0,0,1,3,4,0,2,3,,N,,,,,,,,,,,
2006054734,2107.0,1,0,0,1,0,0,0,0,0,4,0,,67,3,2006,6,39.983,-75.1014,2107.0,6,0,0,0,0,0,0,0,0,,0,0,0,21,3,1,1,,0.0,39 58:58.000,,0,75 06:05.310,8,0,0,0,67301,1,0,0,N,0,0,0,3,67301,0,,1,1,,N,N,,0,,0,0,0,3,2,,2105,1,2,0,0,2,1,0,3,4,0,1,3,,N,,,,,,,,,,,
2006093867,1120.0,1,0,0,0,0,0,0,0,0,2,0,,67,7,2006,1,40.0239,-75.0354,1115.0,6,0,0,0,0,0,0,0,0,,0,0,0,11,1,1,1,,0.0,40 01:26.000,,0,75 02:07.427,3,0,0,0,67301,0,0,0,N,0,0,0,3,67301,0,,1,1,,N,N,,1,,1,0,0,3,2,,1110,1,2,0,0,0,0,0,3,4,0,2,3,,N,,,,,,,,,,,
2006093930,1715.0,1,0,0,0,0,0,0,0,0,8,0,,67,8,2006,6,,,1700.0,6,0,0,0,0,0,0,0,0,,0,0,0,16,1,1,0,,0.0,,,0,,3,0,0,0,67301,1,0,0,N,1,0,0,2,67301,0,,1,1,,N,N,,0,,1,0,0,0,0,,1650,1,2,0,0,0,0,0,3,3,0,1,3,,N,,,,,,,,,,,
2006055283,1128.0,2,0,0,0,0,0,0,0,0,1,0,,67,3,2006,1,39.9803,-75.1574,1123.0,6,0,0,0,0,0,0,0,0,,0,0,0,10,1,2,0,,0.0,39 58:49.080,,0,75 09:27.000,8,0,0,0,67301,0,0,0,N,0,0,0,4,67301,0,,1,1,,N,N,,0,,0,0,0,9,2,,1050,2,2,0,0,0,2,2,3,4,0,2,3,,N,,,,,,,,,,,
2006093992,950.0,1,0,0,0,0,0,0,0,0,5,0,,67,8,2006,4,40.0087,-75.2108,9999.0,6,0,0,0,0,0,1,0,0,,0,0,0,9,1,0,0,,0.0,40 00:30.000,,0,75 12:39.575,0,0,0,0,67301,0,0,0,N,0,0,0,2,46104,0,,1,1,,N,N,,0,,0,0,0,0,0,,935,0,2,0,0,0,0,0,3,4,1,2,3,,N,,,,,,,,,,,
2006055019,1952.0,1,0,0,0,0,0,0,0,0,7,0,,67,3,2006,6,,,1951.0,6,0,0,0,0,0,0,1,0,1.0,0,0,0,19,3,0,2,,1.0,,2.0,0,,0,0,0,0,67301,0,0,0,N,0,0,0,1,67301,0,,5,1,,N,N,,0,,0,0,0,3,3,N,1945,0,1,0,0,0,0,0,3,3,0,1,3,,N,,,,,,,,,,,
2006055044,2248.0,0,0,0,0,0,0,0,0,0,1,0,,67,4,2006,5,,,2224.0,6,0,0,0,0,0,0,0,0,1.0,0,0,0,22,3,0,0,,2.0,,3.0,3,,0,0,0,0,67301,0,0,0,N,0,0,0,6,67301,0,,1,1,,N,N,,1,,0,0,1,3,8,N,2244,0,2,0,0,0,0,0,3,3,0,2,3,,N,,,,,,,,,,,
2006055159,1910.0,2,0,0,0,0,0,0,0,0,1,0,,67,3,2006,5,40.0479,-75.0316,1904.0,6,0,0,0,0,0,0,1,0,,0,0,0,19,3,1,2,,0.0,40 02:52.000,,0,75 01:54.098,4,0,0,0,67301,0,0,0,N,0,0,0,2,67301,1,,1,9,,N,N,,0,,0,0,0,3,2,,1900,1,2,0,0,0,0,0,3,4,0,2,7,,N,,,,,,,,,,,
2006094355,1430.0,1,0,0,0,0,0,0,0,0,8,0,,67,7,2006,1,40.0424,-75.0827,1426.0,6,0,0,0,0,0,0,0,0,,0,0,0,14,1,1,1,,0.0,40 02:32.000,,0,75 04:57.563,3,0,0,0,67301,1,0,0,N,1,0,0,2,67301,0,,1,1,,N,N,,0,,1,0,0,3,2,,1423,1,2,0,0,0,0,1,3,4,0,1,3,,N,,,,,,,,,,,
2006066195,1713.0,1,0,0,0,0,0,0,0,0,4,0,,67,5,2006,2,,,1711.0,6,0,0,0,0,0,0,0,0,,0,0,0,17,1,2,1,,0.0,,,0,,4,0,0,0,67301,0,0,0,,0,0,0,4,67301,2,,1,1,,N,N,,0,,0,0,0,3,2,,1708,2,2,0,0,2,0,0,3,3,1,2,3,,N,,,,,,,,,,,
2006056480,935.0,1,0,0,0,0,0,0,0,0,8,0,,67,3,2006,2,40.0468,-75.1375,935.0,6,0,0,0,0,0,0,0,0,,0,0,0,9,1,1,1,,0.0,40 02:48.000,,0,75 08:15.190,4,0,0,0,67301,1,0,0,N,1,0,0,2,67301,1,,1,1,,N,N,,0,,0,0,0,3,2,,932,1,2,0,0,0,0,0,3,4,0,1,3,,N,,,,,,,,,,,
2006056517,1216.0,0,0,0,0,0,0,0,0,0,4,0,,67,4,2006,1,39.9544,-75.2045,1216.0,6,0,0,0,0,0,1,0,0,,0,0,0,12,1,0,0,,0.0,39 57:15.000,,0,75 12:16.239,0,0,0,0,67301,0,0,0,N,0,0,0,2,67504,0,,1,1,,N,N,,0,,0,0,1,0,0,,1216,0,2,0,0,0,0,0,3,4,1,2,3,,N,,,,,,,,,,,
2006033807,830.0,1,0,0,0,0,0,0,0,0,1,0,,67,1,2006,3,,,827.0,6,0,0,0,0,0,1,0,0,9.0,0,0,0,7,1,3,2,,1.0,,3.0,0,,3,0,0,0,67301,0,0,0,N,0,0,0,5,67301,1,,1,9,,N,N,,1,,2,0,1,9,3,N,759,3,3,0,0,0,0,0,3,3,0,3,7,,N,,,,,,,,,,,
2006033810,945.0,1,0,0,0,0,0,1,0,0,4,1,,67,1,2006,2,40.0115,-75.0698,945.0,6,0,0,0,0,0,0,0,0,,0,0,0,9,1,1,1,,0.0,40 00:42.000,,0,75 04:11.470,8,0,0,0,67301,0,0,0,,0,0,0,4,67301,0,,1,1,,N,N,,1,,0,0,0,3,2,,940,1,3,0,0,0,1,1,3,4,0,3,3,,N,,,,,,,,,,,
2006036662,2055.0,1,0,0,0,0,0,0,0,0,4,0,,67,2,2006,7,40.0344,-75.0822,1941.0,6,0,0,0,0,0,0,0,0,,0,0,0,19,3,2,1,,0.0,40 02:03.000,,0,75 04:55.836,8,0,0,0,67301,0,0,0,,0,0,0,5,67301,0,,1,9,,N,N,,0,,0,0,0,3,2,,1924,2,2,0,0,0,2,0,3,4,1,2,7,,N,,,,,,,,,,,
2006080017,1051.0,1,0,0,0,0,0,1,0,0,4,1,,67,5,2006,6,,,1051.0,6,0,0,0,0,0,0,0,0,,0,0,0,10,1,2,1,,0.0,,,0,,3,0,0,0,67301,0,0,0,N,0,0,0,3,67301,1,,1,1,,Y,N,,0,,1,0,0,3,3,,1051,2,2,0,0,0,0,0,3,3,0,2,3,,N,,,,,,,,,,,
2006062679,1852.0,3,0,0,0,0,0,0,0,0,4,0,,67,5,2006,5,40.0397,-75.0328,1845.0,6,0,0,0,1,0,0,0,0,,0,0,0,18,1,2,0,,0.0,40 02:22.000,,7,75 01:58.057,4,0,0,0,67301,0,0,0,N,0,0,0,4,67301,2,,1,1,,N,N,,0,,0,0,0,0,0,,1824,2,3,0,0,1,0,0,3,4,0,3,3,,N,,,,,,,,,,,
2006065448,20.0,0,0,0,0,0,0,0,0,0,1,0,,67,5,2006,5,39.919,-75.2234,10.0,6,0,0,0,1,0,0,0,0,,0,1,0,99,3,1,0,,0.0,39 55:08.364,,0,75 13:24.247,4,0,0,0,67301,0,0,0,N,0,0,0,1,67301,1,,6,1,,N,N,,0,,0,0,1,0,0,,9999,1,2,0,0,1,0,0,3,4,0,2,3,,N,,,,,,,,,,,
2006065449,7.0,0,0,0,0,0,0,0,0,0,8,0,,67,6,2006,5,39.9342,-75.1676,5.0,6,0,0,0,0,0,0,0,0,,0,0,0,23,3,1,1,,0.0,39 56:37.000,,0,75 09:55.648,4,0,0,1,67301,1,0,0,N,1,0,0,2,67301,1,,1,9,,,N,,0,,0,0,0,3,2,,2341,1,2,0,0,0,0,1,3,4,0,1,7,,N,,,,,,,,,,,
2006065504,25.0,1,0,0,0,0,0,0,0,0,4,0,,67,6,2006,5,,,16.0,6,0,0,0,0,0,1,0,0,,0,0,0,0,3,1,0,,0.0,,,0,,2,0,1,1,67301,0,0,0,,0,0,0,2,67301,0,,1,1,,,,,0,,0,1,0,0,0,,14,1,2,0,0,0,0,1,3,3,0,2,3,,N,,,,,,,,,,,
2006065509,1005.0,0,0,0,1,0,0,0,0,0,4,0,,67,5,2006,6,40.1244,-75.015,1000.0,6,0,0,0,0,0,0,0,0,,0,0,0,9,1,1,2,,0.0,40 07:27.000,,0,75 00:53.906,4,0,0,0,67301,1,0,0,N,0,0,0,2,67301,1,,1,1,,N,N,,0,,0,0,0,3,3,,955,1,2,0,0,0,0,0,3,4,1,1,3,,N,,,,,,,,,,,
2006062897,1612.0,2,0,0,0,0,0,0,0,0,4,0,,67,5,2006,7,40.0231,-75.124,1608.0,6,0,0,0,0,0,1,0,0,,0,0,0,14,1,1,1,,0.0,40 01:23.210,,0,75 07:26.428,8,0,0,0,67301,0,0,0,,0,0,0,5,67301,0,,1,1,,,,,0,,0,0,0,9,3,,1406,1,2,0,0,0,1,0,3,4,0,2,3,,N,,,,,,,,,,,
2006065369,1427.0,1,0,0,0,0,0,0,0,0,4,0,,67,6,2006,5,,,1423.0,6,0,0,0,0,0,0,0,0,,0,0,0,14,1,1,1,,0.0,,,0,,8,0,0,0,67301,0,0,0,N,0,0,0,3,67301,0,,1,1,,N,N,,1,,0,0,0,3,2,,1423,1,2,0,0,0,1,0,3,3,0,2,3,,N,,,,,,,,,,,
2006065567,215.0,2,0,0,0,0,0,0,0,0,4,0,,67,4,2006,2,40.0456,-75.1285,209.0,6,0,0,0,0,0,0,0,0,,0,0,0,2,3,4,1,,0.0,40 02:44.000,,0,75 07:42.525,4,0,0,0,67301,0,0,0,N,0,0,0,6,67301,4,,1,1,,N,N,,0,,0,0,0,3,2,,205,4,2,0,0,0,0,0,3,4,0,2,3,,N,,,,,,,,,,,
2006065573,905.0,1,0,0,0,0,0,0,0,0,8,0,,67,5,2006,3,39.9647,-75.2081,900.0,6,0,0,0,0,0,0,0,0,,0,0,0,8,1,1,10,,0.0,39 57:53.046,,0,75 12:29.113,4,0,0,0,67301,1,0,0,N,1,0,0,2,67301,1,,1,1,,N,N,,0,,0,0,0,9,3,,830,1,2,0,0,0,0,0,3,4,0,1,3,,N,,,,,,,,,,,