CRN,ARRIVAL_TM,AUTOMOBILE_COUNT,BELTED_DEATH_COUNT,BELTED_SUSP_SERIOUS_INJ_COUNT,BICYCLE_COUNT,BICYCLE_DEATH_COUNT,BICYCLE_SUSP_SERIOUS_INJ_COUNT,BUS_COUNT,CHLDPAS_DEATH_COUNT,CHLDPAS_SUSP_SERIOUS_INJ_COUNT,COLLISION_TYPE,COMM_VEH_COUNT,CONS_ZONE_SPD_LIM,COUNTY,CRASH_MONTH,CRASH_YEAR,DAY_OF_WEEK,DEC_LAT,DEC_LONG,DISPATCH_TM,DISTRICT,DRIVER_COUNT_16YR,DRIVER_COUNT_17YR,DRIVER_COUNT_18YR,DRIVER_COUNT_19YR,DRIVER_COUNT_20YR,DRIVER_COUNT_50_64YR,DRIVER_COUNT_65_74YR,DRIVER_COUNT_75PLUS,EST_HRS_CLOSED,FATAL_COUNT,HEAVY_TRUCK_COUNT,HORSE_BUGGY_COUNT,HOUR_OF_DAY,ILLUMINATION,INJURY_COUNT,INTERSECT_TYPE,INTERSECTION_RELATED,LANE_CLOSED,LATITUDE,LN_CLOSE_DIR,LOCATION_TYPE,LONGITUDE,MAX_SEVERITY_LEVEL,MCYCLE_DEATH_COUNT,MCYCLE_SUSP_SERIOUS_INJ_COUNT,MOTORCYCLE_COUNT,MUNICIPALITY,NONMOTR_COUNT,NONMOTR_DEATH_COUNT,NONMOTR_SUSP_SERIOUS_INJ_COUNT,NTFY_HIWY_MAINT,PED_COUNT,PED_DEATH_COUNT,PED_SUSP_SERIOUS_INJ_COUNT,PERSON_COUNT,POLICE_AGCY,POSSIBLE_INJ_COUNT,RDWY_SURF_TYPE_CD,RELATION_TO_ROAD,ROAD_CONDITION,ROADWAY_CLEARED,SCH_BUS_IND,SCH_ZONE_IND,SECONDARY_CRASH,SMALL_TRUCK_COUNT,SPEC_JURIS_CD,SUSP_MINOR_INJ_COUNT,SUSP_SERIOUS_INJ_COUNT,SUV_COUNT,TCD_FUNC_CD,TCD_TYPE,TFC_DETOUR_IND,TIME_OF_DAY,TOT_INJ_COUNT,TOTAL_UNITS,UNB_DEATH_COUNT,UNB_SUSP_SERIOUS_INJ_COUNT,UNBELTED_OCC_COUNT,UNK_INJ_DEG_COUNT,UNK_INJ_PER_COUNT,URBAN_AREA,URBAN_RURAL,VAN_COUNT,VEHICLE_COUNT,WEATHER1,WEATHER2,WORK_ZONE_IND,WORK_ZONE_LOC,WORK_ZONE_TYPE,WORKERS_PRES,WZ_CLOSE_DETOUR,WZ_FLAGGER,WZ_LAW_OFFCR_IND,WZ_LN_CLOSURE,WZ_MOVING,WZ_OTHER,WZ_SHLDER_MDN,WZ_WORKERS_INJ_KILLED
2006055526,1550.0,1,0,0,0,0,0,0,0,0,8,0,,67,3,2006,6,40.0442,-75.103,1549.0,6,0,0,0,0,0,0,0,0,,0,0,0,15,1,1,0,,0.0,40 02:39.260,,0,75 06:10.868,4,0,0,0,67301,1,0,0,N,1,0,0,2,67301,1,,1,1,,N,N,,0,,0,0,0,0,0,,1512,1,2,0,0,0,0,0,3,4,0,1,3,,N,,,,,,,,,,,
2006055534,645.0,1,0,0,0,0,0,0,0,0,5,1,,67,2,2006,2,40.0239,-75.0354,637.0,6,0,0,0,0,0,0,1,0,,0,1,0,6,5,1,1,,0.0,40 01:26.000,,0,75 02:07.427,8,0,0,0,67301,0,0,0,N,0,0,0,2,67301,0,,1,1,,N,N,,0,,0,0,0,3,2,,637,1,2,0,0,0,1,0,3,4,0,2,3,,N,,,,,,,,,,,
2006055596,220.0,2,0,0,0,0,0,0,0,0,1,0,,67,4,2006,6,40.0177,-75.0754,9999.0,6,0,0,0,0,0,0,0,0,,0,0,0,2,3,0,2,,0.0,40 01:03.540,,0,75 04:31.526,0,0,0,0,67301,0,0,0,N,0,0,0,1,67301,0,,1,1,,N,N,,0,,0,0,0,9,3,,220,0,2,0,0,0,0,0,3,4,0,2,3,,N,,,,,,,,,,,
2006055611,1235.0,1,0,0,0,0,0,0,0,0,8,0,,67,3,2006,6,40.059,-75.0613,1230.0,6,0,0,0,0,0,0,0,0,,0,0,0,12,1,1,1,,0.0,40 03:32.281,,0,75 03:40.665,3,0,0,0,67301,1,0,0,,1,0,0,2,67301,0,,1,1,,,,,0,,1,0,0,9,3,,1230,1,2,0,0,0,0,0,3,4,0,1,3,,N,,,,,,,,,,,
2006055642,1713.0,1,0,0,0,0,0,0,0,0,8,0,,67,4,2006,4,39.971,-75.215,1709.0,6,0,0,0,0,0,0,0,0,,0,0,0,17,1,1,2,,0.0,39 58:15.000,,0,75 12:54.286,4,0,0,0,67301,1,0,0,N,1,0,0,2,67301,1,,1,1,,N,N,,0,,0,0,0,0,0,,1707,1,2,0,0,0,0,0,3,4,0,1,3,,N,,,,,,,,,,,
2006055730,9999.0,1,0,0,0,0,0,0,0,0,4,0,,67,3,2006,1,,,1330.0,6,0,0,0,0,0,0,0,0,,0,0,0,13,1,4,1,,0.0,,,0,,8,0,0,0,67301,0,0,0,,0,0,0,4,67301,0,,1,1,,,,,0,,0,0,1,9,3,,1330,4,2,0,0,0,4,0,3,3,0,2,99,,N,,,,,,,,,,,
2006055746,2113.0,2,0,1,0,0,0,0,0,0,2,0,,67,3,2006,6,40.026,-75.1995,2112.0,6,0,0,0,0,0,0,0,0,,0,0,0,21,3,4,2,,0.0,40 01:33.000,,0,75 11:58.180,2,0,0,0,67301,0,0,0,N,0,0,0,4,67301,1,,1,1,,N,N,,0,,2,1,0,3,2,,2110,4,2,0,0,2,0,0,3,4,0,2,3,,N,,,,,,,,,,,
2006104824,9999.0,3,0,0,0,0,0,0,0,0,1,0,,67,9,2006,2,40.0496,-75.0582,9999.0,6,0,0,0,0,0,1,0,0,,0,0,0,14,1,2,1,,0.0,40 02:58.000,,0,75 03:29.870,4,0,0,0,67301,0,0,0,N,0,0,0,4,67301,2,,1,1,,N,N,,1,,0,0,0,3,2,,1415,2,4,0,0,0,0,0,3,4,0,4,3,,N,,,,,,,,,,,
2006104903,9999.0,0,0,0,0,0,0,0,0,0,5,0,,67,9,2006,2,,,9999.0,6,0,0,0,0,0,0,0,0,9.0,0,0,0,13,1,3,1,,2.0,,4.0,0,,4,0,0,0,67301,0,0,0,N,0,0,0,5,67301,3,,1,1,,N,N,,0,,0,0,1,0,0,Y,1307,3,2,0,0,0,0,1,3,3,1,2,3,,N,,,,,,,,,,,
2006126864,830.0,2,0,0,0,0,0,0,0,0,4,0,,67,10,2006,5,40.0138,-75.056,830.0,6,0,0,0,0,0,0,0,0,,0,0,0,8,1,1,1,,0.0,40 00:49.000,,0,75 03:21.958,4,0,0,0,67301,0,0,0,N,0,0,0,2,67301,1,,1,1,,N,N,,0,,0,0,0,0,0,,825,1,2,0,0,0,0,1,3,4,0,2,3,,N,,,,,,,,,,,
2006102467,210.0,0,0,0,0,0,0,0,0,0,8,0,,67,9,2006,6,39.9738,-75.2582,206.0,6,0,0,0,0,0,0,0,0,,0,0,0,2,3,1,5,,0.0,39 58:25.000,,0,75 15:29.444,8,0,0,0,67301,1,0,0,N,1,0,0,2,67301,0,,2,9,,N,N,,0,,0,0,1,3,2,,200,1,2,0,0,1,1,0,3,4,0,1,7,,N,,,,,,,,,,,
2006126886,726.0,2,0,0,0,0,0,0,0,0,2,0,,67,11,2006,4,39.9421,-75.2387,725.0,6,0,0,0,0,0,0,0,0,,0,0,0,7,1,2,0,,0.0,39 56:31.535,,0,75 14:19.295,8,0,0,0,67301,0,0,0,,0,0,0,2,67301,0,,1,9,,,,,0,,0,0,0,0,0,,716,2,2,0,0,1,2,0,3,4,0,2,99,,N,,,,,,,,,,,
2006124728,1740.0,1,0,0,0,0,0,0,0,0,8,0,,67,11,2006,5,40.0641,-75.2396,1736.0,6,0,0,0,0,0,0,0,0,,0,0,0,17,2,1,2,,0.0,40 03:50.000,,0,75 14:22.483,2,0,0,0,67301,1,0,1,N,1,0,1,3,67301,0,,1,1,,N,N,,0,,0,1,0,3,2,,1720,1,2,0,0,1,0,0,3,4,0,1,3,,N,,,,,,,,,,,
2006124733,335.0,2,0,0,0,0,0,0,0,0,1,0,,67,11,2006,7,39.9764,-75.1139,326.0,6,0,1,0,0,0,0,0,0,1.0,0,0,0,99,3,1,0,,1.0,39 58:37.000,1.0,3,75 06:48.074,4,0,0,0,67301,0,0,0,N,0,0,0,5,67301,1,,1,1,,N,N,,0,,0,0,0,0,0,N,9999,1,2,0,0,0,0,0,3,4,0,2,3,,N,,,,,,,,,,,
2006124748,800.0,0,0,0,0,0,0,0,0,0,8,0,,67,10,2006,3,,,800.0,6,0,0,0,0,0,0,0,0,,0,0,0,7,1,1,1,,0.0,,,0,,4,0,0,0,67301,1,0,0,N,1,0,0,2,67301,1,,1,9,,N,N,,0,,0,0,1,3,2,,755,1,2,0,0,0,0,0,3,3,0,1,7,,N,,,,,,,,,,,
2006062465,1857.0,1,0,0,0,0,0,0,0,0,8,0,,67,5,2006,3,40.0289,-75.1694,1856.0,6,0,0,0,0,0,0,0,0,,0,0,0,18,1,1,1,,0.0,40 01:43.878,,0,75 10:09.821,2,0,0,0,67301,1,0,1,N,1,0,1,2,67301,0,,1,1,,N,N,,0,,0,1,0,3,3,,1850,1,2,0,0,0,0,0,3,4,0,1,3,,N,,,,,,,,,,,
2006054750,27.0,1,0,0,0,0,0,1,0,0,5,1,,67,3,2006,4,39.9519,-75.1598,21.0,6,0,0,0,1,0,0,0,0,,0,0,0,0,3,1,1,,0.0,39 57:06.000,,0,75 09:35.009,4,0,0,0,67301,0,0,0,N,0,0,0,4,67501,1,,1,1,,N,N,,0,,0,0,0,3,2,,15,1,2,0,0,0,0,0,3,4,0,2,3,,N,,,,,,,,,,,
2006055087,2352.0,2,0,0,0,0,0,0,0,0,1,0,,67,3,2006,7,39.94,-75.1996,2349.0,6,0,0,0,0,0,0,0,0,,0,0,0,23,3,2,1,,0.0,39 56:24.000,,0,75 11:59.233,8,0,0,0,67301,0,0,0,,0,0,0,3,67301,0,,1,9,,N,N,,0,,0,0,0,3,2,,2337,2,2,0,0,0,2,1,3,4,0,2,7,,N,,,,,,,,,,,
2006055293,946.0,2,0,0,0,0,0,0,0,0,4,0,,67,3,2006,4,40.1147,-75.0216,942.0,6,0,0,0,0,0,0,0,1,1.0,0,0,0,9,1,2,0,,1.0,40 06:52.920,1.0,0,75 01:17.760,4,0,0,0,67301,0,0,0,N,0,0,0,2,67301,2,,1,1,,N,N,,0,,0,0,0,0,0,N,940,2,2,0,0,0,0,0,3,4,0,2,3,,N,,,,,,,,,,,
2006094018,2225.0,1,0,0,0,0,0,0,0,0,8,0,,67,8,2006,3,39.9697,-75.213,2222.0,6,0,0,0,0,0,0,0,0,,0,0,0,22,3,1,0,,0.0,39 58:11.061,,0,75 12:46.776,4,0,0,0,67301,1,0,0,N,1,0,0,2,67301,1,,1,1,,N,N,,0,,0,0,0,3,2,,2220,1,2,0,0,0,0,1,3,4,0,1,3,,N,,,,,,,,,,,
2006094080,430.0,1,0,0,0,0,0,0,0,0,4,1,,67,8,2006,1,40.0246,-75.03,420.0,6,0,0,0,0,0,1,0,0,,0,1,0,4,3,0,0,,0.0,40 01:27.000,,0,75 01:49.592,0,0,0,0,67301,0,0,0,N,0,0,0,2,67301,0,,1,1,,N,N,,0,,0,0,0,0,0,,415,0,2,0,0,0,0,0,3,4,0,2,3,,N,,,,,,,,,,,
2006094130,2202.0,2,0,0,0,0,0,0,0,0,5,0,,67,7,2006,7,,,2200.0,6,0,0,0,0,0,1,0,0,,0,0,0,15,1,3,0,,0.0,,,0,,8,0,0,0,67301,0,0,0,N,0,0,0,4,67301,0,,1,9,,N,N,,0,,0,0,0,0,0,,1530,3,2,0,0,0,3,0,3,3,0,2,99,,N,,,,,,,,,,,
2006094141,50.0,1,0,0,0,0,0,0,0,0,7,0,,67,7,2006,7,39.9487,-75.1589,45.0,6,0,0,0,0,0,0,0,0,,0,0,0,0,3,0,1,,0.0,39 56:55.000,,0,75 09:32.002,0,0,0,0,67301,0,0,0,N,0,0,0,1,67301,0,,5,9,,N,N,,0,,0,0,0,3,2,,40,0,1,0,0,0,0,0,3,4,0,1,7,,N,,,,,,,,,,,
2006094358,1545.0,1,0,0,0,0,0,0,0,0,6,0,,67,8,2006,4,40.0392,-75.1917,1540.0,6,0,0,0,0,0,1,0,0,,0,0,0,15,1,1,1,,0.0,40 02:20.000,,0,75 11:29.918,8,0,0,0,67301,0,0,0,N,0,0,0,2,67301,0,,1,1,,N,N,,1,,0,0,0,3,2,,1540,1,2,0,0,2,1,0,3,4,0,2,3,,N,,,,,,,,,,,
2006094241,1925.0,1,0,0,1,0,0,0,0,0,5,0,,67,7,2006,4,40.0482,-75.0261,1918.0,6,0,0,0,0,0,0,0,1,,0,0,0,18,1,1,1,,0.0,40 02:53.422,,0,75 01:33.866,4,0,0,0,67301,1,0,0,N,0,0,0,2,67301,1,,1,1,,N,N,,0,,0,0,0,0,0,,1830,1,2,0,0,0,0,0,3,4,0,1,3,,N,,,,,,,,,,,
2006094380,1706.0,2,0,0,0,0,0,0,0,0,4,0,,67,7,2006,2,,,1652.0,6,0,0,0,0,0,0,0,0,,0,0,0,16,1,0,1,,0.0,,,0,,0,0,0,0,67301,0,0,0,N,0,0,0,2,67301,0,,1,1,,N,N,,0,,0,0,0,3,2,,1650,0,2,0,0,0,0,0,3,3,0,2,3,,N,,,,,,,,,,,
2006094386,1843.0,3,0,0,0,0,0,0,0,0,4,0,,67,7,2006,4,,,1836.0,6,0,0,0,0,0,1,0,0,,0,0,0,18,4,0,2,,0.0,,,0,,0,0,0,0,67301,0,0,0,N,0,0,0,3,67301,0,,1,1,,N,N,,0,,0,0,0,0,0,,1836,0,3,0,0,0,0,0,3,3,0,3,3,,N,,,,,,,,,,,
2006094438,1708.0,2,0,0,0,0,0,0,0,0,1,0,,67,7,2006,4,,,1703.0,6,0,0,0,0,0,0,0,0,,0,0,0,16,1,0,0,,0.0,,,0,,9,0,0,0,67301,0,0,0,N,0,0,0,3,67301,0,,1,1,,N,N,,0,,0,0,0,0,0,,1655,0,3,0,0,0,0,3,3,3,1,3,3,,N,,,,,,,,,,,
2006094478,1215.0,2,0,0,0,0,0,0,0,0,4,0,,67,7,2006,5,,,1204.0,6,0,0,0,0,0,0,0,0,,0,0,0,99,3,1,2,,0.0,,,0,,4,0,0,0,67301,0,0,0,N,0,0,0,2,67301,1,,9,9,,N,N,,0,,0,0,0,0,0,,9999,1,2,0,0,0,0,0,3,3,0,2,7,,N,,,,,,,,,,,
2006081701,105.0,1,0,0,0,0,0,0,0,0,4,0,,67,7,2006,5,40.0042,-75.0968,102.0,6,0,0,0,0,1,0,0,0,,0,0,0,1,3,1,1,,0.0,40 00:15.087,,0,75 05:48.465,4,0,0,0,67301,0,0,0,N,0,0,0,2,67301,1,,1,9,,N,N,,0,,0,0,1,3,3,,100,1,2,0,0,0,0,0,3,4,0,2,7,,N,,,,,,,,,,,
2006081711,2036.0,2,0,0,0,0,0,0,0,0,4,0,,67,6,2006,7,39.9594,-75.2453,2035.0,6,0,0,0,0,1,0,0,0,,0,0,0,20,3,2,1,,0.0,39 57:33.000,,0,75 14:43.431,8,0,0,0,67301,0,0,0,N,0,0,0,2,67301,0,,1,9,,N,N,,0,,0,0,0,3,2,,2000,2,2,0,0,1,2,0,3,4,0,2,7,,N,,,,,,,,,,,
2006089275,2017.0,2,0,0,0,0,0,0,0,0,1,0,,67,8,2006,3,,,9999.0,6,0,1,0,0,0,0,0,0,,0,0,0,20,3,0,0,,0.0,,,0,,0,0,0,0,67301,0,0,0,N,0,0,0,4,46104,0,,1,1,,N,N,,0,,0,0,0,0,0,,2016,0,2,0,0,1,0,0,3,3,0,2,3,,N,,,,,,,,,,,
2006126295,1215.0,1,0,0,0,0,0,0,0,0,2,0,,67,11,2006,5,39.9699,-75.2393,1215.0,6,0,0,0,0,0,2,0,0,,0,0,0,12,1,1,3,,0.0,39 58:11.000,,0,75 14:21.328,8,0,0,0,67301,0,0,0,N,0,0,0,2,67301,0,,1,1,,N,N,,0,,0,0,1,3,2,,1210,1,2,0,0,0,1,0,3,4,0,2,3,,N,,,,,,,,,,,
2006066179,1253.0,2,0,0,0,0,0,0,0,0,5,0,,67,5,2006,7,39.933,-75.1597,1251.0,6,0,0,0,0,0,0,0,1,,0,0,0,99,1,0,0,,0.0,39 55:58.834,,0,75 09:34.863,0,0,0,0,67301,0,0,0,,0,0,0,1,67301,0,,1,1,,,,,0,,0,0,0,0,0,,9999,0,2,0,0,0,0,0,3,4,0,2,3,,N,,,,,,,,,,,
2006055362,9999.0,2,0,0,0,0,0,0,0,0,4,0,,67,3,2006,3,40.0279,-75.1065,9999.0,6,0,0,1,0,0,0,0,0,,0,0,0,99,3,1,2,,0.0,40 01:40.000,,0,75 06:23.264,8,0,0,0,67301,0,0,0,N,0,0,0,2,67301,0,,1,1,,N,N,,0,,0,0,1,3,2,,9999,1,3,0,0,0,1,0,3,4,0,3,3,,N,,,,,,,,,,,
2006055446,1758.0,1,0,0,1,0,0,0,0,0,4,0,,67,4,2006,5,,,1700.0,6,0,0,0,0,0,0,0,0,,0,0,0,16,1,1,2,,0.0,,,0,,8,0,0,0,67301,1,0,0,N,0,0,0,2,67301,0,,1,1,,N,N,,0,,0,0,0,3,3,,1645,1,2,0,0,0,1,0,3,3,0,1,3,,N,,,,,,,,,,,
2006055453,549.0,1,0,0,0,0,0,0,0,0,8,0,,67,3,2006,6,39.9523,-75.2372,547.0,6,0,0,0,0,0,1,0,0,,0,0,0,5,1,1,0,,0.0,39 57:08.236,,0,75 14:13.880,3,0,0,0,67301,1,0,0,N,1,0,0,2,67301,0,,1,1,,N,N,,0,,1,0,0,3,3,,547,1,2,0,0,1,0,0,3,4,0,1,3,,N,,,,,,,,,,,
2006055469,1932.0,1,0,0,0,0,0,0,0,0,2,0,,67,4,2006,1,40.0431,-74.9902,1925.0,6,0,0,0,0,0,0,0,0,,0,0,0,18,1,1,0,,0.0,40 02:35.016,,0,74 59:24.561,3,0,0,1,67301,1,0,0,N,0,0,0,2,67301,0,,6,1,,N,N,,0,,1,0,0,0,0,,1852,1,2,0,0,0,0,1,3,4,0,2,3,,N,,,,,,,,,,,
2006055543,105.0,2,0,0,0,0,0,0,0,0,1,0,,67,3,2006,7,40.0708,-75.0378,102.0,6,0,0,0,0,0,0,0,0,,0,0,0,0,3,0,1,,0.0,40 04:15.000,,0,75 02:15.971,0,0,0,0,67301,0,0,0,N,0,0,0,4,67301,0,,1,1,,N,N,,0,,0,0,0,3,2,,55,0,2,0,0,0,0,0,3,4,0,2,3,,N,,,,,,,,,,,
2006055581,1909.0,2,0,0,0,0,0,0,0,0,4,0,,67,3,2006,1,,,1905.0,6,0,0,0,1,0,0,0,0,,0,0,0,19,3,1,1,,0.0,,,0,,4,0,0,0,67301,0,0,0,,0,0,0,5,67301,1,,1,1,,N,N,,0,,0,0,0,3,2,,1903,1,2,0,0,4,0,0,3,3,0,2,3,,N,,,,,,,,,,,
2006055705,905.0,0,0,0,0,0,0,0,0,0,8,0,,67,4,2006,2,40.0414,-75.0283,900.0,6,0,0,0,0,0,0,0,0,,0,0,0,8,1,1,1,,0.0,40 02:29.000,,0,75 01:41.703,3,0,0,0,67301,1,0,0,N,1,0,0,2,67301,0,,1,9,,N,N,,0,,1,0,1,3,2,,845,1,2,0,0,0,0,0,3,4,0,1,7,,N,,,,,,,,,,,
2006055731,832.0,1,0,0,0,0,0,0,0,0,4,0,99.0,67,4,2006,6,,,830.0,6,0,0,0,0,0,0,0,0,,0,0,0,8,1,4,1,,0.0,,,0,,4,0,0,0,67301,0,0,0,N,0,0,0,5,67301,3,,1,1,,N,N,,1,,0,0,0,9,3,,830,4,3,0,0,1,1,0,3,3,1,3,3,,Y,8.0,8.0,U,,,U,,,,,
2006055732,2143.0,1,0,0,0,0,0,0,0,0,1,0,,67,4,2006,5,,,2135.0,6,0,0,0,0,0,0,0,0,,0,0,0,21,3,1,0,,0.0,,,0,,8,0,0,0,67301,0,0,0,N,0,0,0,3,67301,0,,1,1,,N,N,,2,,0,0,0,3,2,,2125,1,3,0,0,0,1,0,3,3,0,3,3,,N,,,,,,,,,,,
2006126452,1715.0,3,0,0,0,0,0,0,0,0,4,0,,67,11,2006,1,40.0272,-75.1442,1715.0,6,0,0,0,0,0,0,0,0,,0,0,0,99,1,0,0,,0.0,40 01:38.096,,0,75 08:39.011,9,0,0,0,67301,0,0,0,N,0,0,0,2,67301,0,,1,1,,N,N,,0,,0,0,1,0,0,,9999,0,4,0,0,1,0,2,3,4,0,4,3,,N,,,,,,,,,,,
2006126457,616.0,0,0,0,0,0,0,0,0,0,8,1,,67,11,2006,5,39.9125,-75.1381,613.0,6,0,0,0,0,0,1,0,0,1.0,0,1,0,6,1,1,1,,1.0,39 54:45.000,3.0,0,75 08:17.052,4,0,0,0,67301,1,0,0,N,1,0,0,2,67301,1,,5,1,,N,N,,0,,0,0,0,0,0,N,613,1,2,0,0,0,0,0,3,4,0,1,3,,N,,,,,,,,,,,
2006104937,2105.0,2,0,0,0,0,0,0,0,0,6,0,,67,8,2006,2,,,2057.0,6,0,0,0,0,0,1,0,0,,0,0,0,20,2,2,1,,0.0,,,0,,4,0,0,0,67301,0,0,0,N,0,0,0,2,67301,2,,1,1,,N,N,,0,,0,0,0,3,2,,2055,2,2,0,0,0,0,0,3,3,0,2,3,,N,,,,,,,,,,,
2006104942,1937.0,1,0,0,0,0,0,0,0,0,8,0,,67,8,2006,4,39.9763,-75.1394,1933.0,6,0,0,0,0,0,0,0,0,,0,0,0,19,3,0,1,,0.0,39 58:34.842,,0,75 08:21.879,9,0,0,0,67301,1,0,0,N,1,0,0,2,67301,0,,1,1,,N,N,,0,,0,0,0,9,3,,1930,0,2,0,0,0,0,1,3,4,0,1,3,,N,,,,,,,,,,,
2006126883,1251.0,2,0,0,0,0,0,0,0,0,2,0,,67,10,2006,3,40.1167,-75.0199,1247.0,6,0,0,0,0,0,1,0,0,9.0,0,0,0,99,1,0,1,,1.0,40 07:00.000,5.0,0,75 01:11.647,0,0,0,0,67301,0,0,0,,0,0,0,2,67301,0,,1,1,,,,,0,,0,0,0,3,2,N,9999,0,2,0,0,0,0,0,3,4,0,2,3,,N,,,,,,,,,,,
2006124600,1704.0,2,0,0,0,0,0,0,0,0,4,0,,67,10,2006,6,39.9296,-75.1713,1659.0,6,0,0,0,2,0,0,0,0,,0,0,0,16,1,4,2,,0.0,39 55:46.592,,0,75 10:16.651,3,0,0,0,67301,0,0,0,N,0,0,0,9,67301,0,,1,9,,N,N,,0,,2,0,0,3,3,,1655,4,2,0,0,0,2,0,3,4,0,2,7,,N,,,,,,,,,,,
2006124228,1630.0,1,0,0,0,0,0,0,0,0,8,0,,67,10,2006,2,39.9242,-75.1785,1624.0,6,0,0,0,0,0,1,0,0,,0,0,0,16,1,1,2,,0.0,39 55:27.271,,0,75 10:42.437,8,0,0,0,67301,1,0,0,N,1,0,0,2,67301,0,,1,1,,N,N,,0,,0,0,0,0,0,,1624,1,2,0,0,0,1,0,3,4,0,1,3,,N,,,,,,,,,,,
2006124246,525.0,1,0,0,0,0,0,0,0,0,7,0,,67,10,2006,1,39.8783,-75.251,520.0,6,0,0,0,0,0,0,0,0,1.0,0,0,0,5,3,0,2,,2.0,39 52:42.000,4.0,0,75 15:02.350,0,0,0,0,67301,0,0,0,Y,0,0,0,1,67301,0,,2,1,,N,N,,0,,0,0,0,0,0,N,518,0,1,0,0,0,0,0,3,4,0,1,3,,N,,,,,,,,,,,
2006124742,2035.0,1,0,0,0,0,0,0,0,0,8,0,,67,10,2006,5,40.0266,-75.1392,2035.0,6,0,0,0,0,0,0,0,0,9.0,0,0,0,20,3,1,0,,2.0,40 01:35.745,6.0,0,75 08:21.217,8,0,0,0,67301,1,0,0,N,1,0,0,2,67301,0,,1,1,,N,N,,0,,0,0,0,0,0,Y,2035,1,2,0,0,1,1,0,3,4,0,1,3,,N,,,,,,,,,,,
2006062211,344.0,2,0,0,0,0,0,0,0,0,2,0,,67,5,2006,2,,,342.0,6,0,0,0,0,0,0,0,0,,0,0,0,3,3,2,0,,0.0,,,0,,4,0,0,0,67301,0,0,0,,0,0,0,2,67301,2,,1,9,,N,N,,0,,0,0,0,0,0,,342,2,2,0,0,0,0,0,3,3,0,2,7,,N,,,,,,,,,,,
2006062269,1145.0,1,0,0,0,0,0,0,0,0,8,0,,67,5,2006,3,40.0327,-75.178,1140.0,6,0,0,0,0,0,1,0,0,,0,0,0,11,1,1,0,,0.0,40 01:57.590,,0,75 10:40.671,8,0,0,0,67301,1,0,0,N,1,0,0,3,67301,0,,6,1,,N,N,,0,,0,0,0,0,0,,1125,1,2,0,0,0,1,0,3,4,0,1,3,,N,,,,,,,,,,,
2006062281,2055.0,2,0,0,0,0,0,0,0,0,4,0,,67,5,2006,5,,,2050.0,6,0,0,0,0,0,1,0,0,,0,0,0,20,3,3,0,,0.0,,,7,,8,0,0,0,67301,0,0,0,N,0,0,0,3,67301,0,,1,9,,N,N,,0,,0,0,0,0,0,,2045,3,2,0,0,0,3,0,3,3,0,2,7,,N,,,,,,,,,,,
2006062402,1550.0,2,0,0,0,0,0,0,0,0,5,0,,67,5,2006,3,40.1017,-74.9982,1541.0,6,0,0,0,0,0,0,1,0,,0,0,0,15,1,2,2,,0.0,40 06:06.066,,0,74 59:53.375,4,0,0,0,67301,0,0,0,N,0,0,0,2,67301,2,,1,1,,N,N,,0,,0,0,0,9,3,,1532,2,2,0,0,0,0,0,3,4,0,2,3,,N,,,,,,,,,,,
2006062445,1918.0,2,0,0,0,0,0,0,0,0,1,0,,67,5,2006,5,40.025,-75.1257,1907.0,6,0,0,0,0,0,0,0,0,,0,0,0,99,1,0,1,,0.0,40 01:32.000,,0,75 07:31.552,0,0,0,0,67301,0,0,0,,0,0,0,2,67301,0,,1,1,,,,,0,,0,0,0,3,2,,9999,0,2,0,0,0,0,0,3,4,0,2,3,,N,,,,,,,,,,,
2006054981,1143.0,1,0,0,0,0,0,0,0,0,7,0,,67,3,2006,4,40.0629,-75.0429,1136.0,6,0,0,0,0,1,0,0,0,2.0,0,0,0,11,1,1,0,,2.0,40 03:46.080,1.0,0,75 02:34.800,3,0,0,0,67301,0,0,0,N,0,0,0,1,67301,0,,4,1,,N,N,,0,,1,0,0,0,0,Y,1136,1,1,0,0,0,0,0,3,4,0,1,3,,N,,,,,,,,,,,
2006054991,405.0,3,0,0,0,0,0,0,0,0,5,0,,67,3,2006,6,39.9287,-75.1607,401.0,6,0,0,0,0,0,0,0,0,,0,0,0,4,3,1,0,,0.0,39 55:43.190,,0,75 09:38.635,4,0,0,0,67301,0,0,0,,0,0,0,1,67301,1,,5,1,,,,,0,,0,0,0,0,0,,401,1,3,0,0,0,0,0,3,4,0,3,3,,N,,,,,,,,,,,
2006055090,1600.0,2,0,0,0,0,0,0,0,0,1,0,,67,3,2006,3,,,1555.0,6,0,0,0,0,0,0,0,1,,0,0,0,15,1,1,0,,0.0,,,0,,8,0,0,0,67301,1,0,0,N,0,0,0,2,67301,0,,2,1,,N,N,,0,,0,0,0,0,0,,1535,1,2,0,0,0,1,0,3,3,0,2,3,,N,,,,,,,,,,,
2006055102,1605.0,0,0,0,0,0,0,0,0,0,4,0,,67,3,2006,7,,,1600.0,6,0,0,0,0,0,0,0,0,,0,0,0,16,1,0,1,,0.0,,,0,,9,0,0,0,67301,0,0,0,,0,0,0,3,67301,0,,1,1,,N,N,,0,,0,0,2,3,2,,1600,0,2,0,0,0,0,1,3,3,0,2,3,,N,,,,,,,,,,,