CRN,ARRIVAL_TM,AUTOMOBILE_COUNT,BELTED_DEATH_COUNT,BELTED_SUSP_SERIOUS_INJ_COUNT,BICYCLE_COUNT,BICYCLE_DEATH_COUNT,BICYCLE_SUSP_SERIOUS_INJ_COUNT,BUS_COUNT,CHLDPAS_DEATH_COUNT,CHLDPAS_SUSP_SERIOUS_INJ_COUNT,COLLISION_TYPE,COMM_VEH_COUNT,CONS_ZONE_SPD_LIM,COUNTY,CRASH_MONTH,CRASH_YEAR,DAY_OF_WEEK,DEC_LAT,DEC_LONG,DISPATCH_TM,DISTRICT,DRIVER_COUNT_16YR,DRIVER_COUNT_17YR,DRIVER_COUNT_18YR,DRIVER_COUNT_19YR,DRIVER_COUNT_20YR,DRIVER_COUNT_50_64YR,DRIVER_COUNT_65_74YR,DRIVER_COUNT_75PLUS,EST_HRS_CLOSED,FATAL_COUNT,HEAVY_TRUCK_COUNT,HORSE_BUGGY_COUNT,HOUR_OF_DAY,ILLUMINATION,INJURY_COUNT,INTERSECT_TYPE,INTERSECTION_RELATED,LANE_CLOSED,LATITUDE,LN_CLOSE_DIR,LOCATION_TYPE,LONGITUDE,MAX_SEVERITY_LEVEL,MCYCLE_DEATH_COUNT,MCYCLE_SUSP_SERIOUS_INJ_COUNT,MOTORCYCLE_COUNT,MUNICIPALITY,NONMOTR_COUNT,NONMOTR_DEATH_COUNT,NONMOTR_SUSP_SERIOUS_INJ_COUNT,NTFY_HIWY_MAINT,PED_COUNT,PED_DEATH_COUNT,PED_SUSP_SERIOUS_INJ_COUNT,PERSON_COUNT,POLICE_AGCY,POSSIBLE_INJ_COUNT,RDWY_SURF_TYPE_CD,RELATION_TO_ROAD,ROAD_CONDITION,ROADWAY_CLEARED,SCH_BUS_IND,SCH_ZONE_IND,SECONDARY_CRASH,SMALL_TRUCK_COUNT,SPEC_JURIS_CD,SUSP_MINOR_INJ_COUNT,SUSP_SERIOUS_INJ_COUNT,SUV_COUNT,TCD_FUNC_CD,TCD_TYPE,TFC_DETOUR_IND,TIME_OF_DAY,TOT_INJ_COUNT,TOTAL_UNITS,UNB_DEATH_COUNT,UNB_SUSP_SERIOUS_INJ_COUNT,UNBELTED_OCC_COUNT,UNK_INJ_DEG_COUNT,UNK_INJ_PER_COUNT,URBAN_AREA,URBAN_RURAL,VAN_COUNT,VEHICLE_COUNT,WEATHER1,WEATHER2,WORK_ZONE_IND,WORK_ZONE_LOC,WORK_ZONE_TYPE,WORKERS_PRES,WZ_CLOSE_DETOUR,WZ_FLAGGER,WZ_LAW_OFFCR_IND,WZ_LN_CLOSURE,WZ_MOVING,WZ_OTHER,WZ_SHLDER_MDN,WZ_WORKERS_INJ_KILLED
2006055137,1503.0,1,0,0,0,0,0,0,0,0,1,0,,67,3,2006,7,40.0257,-75.0316,1500.0,6,0,0,0,0,0,1,0,0,2.0,0,0,0,14,1,1,1,,2.0,40 01:41.000,5.0,0,75 02:20.333,8,0,0,0,67301,0,0,0,N,0,0,0,3,67301,0,,1,1,,N,N,,0,,0,0,2,3,2,Y,1450,1,3,0,0,0,1,0,3,4,0,3,3,,N,,,,,,,,,,,
2006094133,752.0,0,0,0,0,0,0,0,0,0,8,0,,67,6,2006,5,39.9335,-75.2155,745.0,6,0,0,0,0,0,0,0,0,3.0,0,0,0,7,1,1,2,,1.0,39 56:00.000,6.0,0,75 12:56.185,2,0,0,0,67301,1,0,1,N,1,0,1,3,67301,0,,4,1,,N,N,,0,,0,1,0,3,2,N,726,1,2,0,0,0,0,0,3,4,1,1,3,,N,,,,,,,,,,,
2006055081,9999.0,1,0,0,0,0,0,0,0,0,8,0,,67,4,2006,3,39.9356,-75.2259,9999.0,6,0,0,0,0,0,0,0,0,,0,0,0,11,1,1,1,,0.0,39 56:08.000,,0,75 13:33.430,4,0,0,0,67301,1,0,0,N,1,0,0,2,67301,1,,1,1,,N,N,,0,,0,0,0,3,3,,1100,1,2,0,0,0,0,1,3,4,0,1,3,,N,,,,,,,,,,,
2006094193,1555.0,1,0,0,0,0,0,0,0,0,2,0,,67,7,2006,6,40.0995,-74.9864,1550.0,6,0,0,0,0,0,1,0,0,,0,1,0,15,1,1,2,,0.0,40 05:58.224,,0,74 59:10.989,4,0,0,0,67301,0,0,0,N,0,0,0,2,67301,1,,1,9,,N,N,,0,,0,0,0,0,0,,1545,1,2,0,0,0,0,0,3,4,0,2,3,,N,,,,,,,,,,,
2006094373,1250.0,1,0,0,0,0,0,0,0,0,5,0,,67,7,2006,2,39.9553,-75.1871,1243.0,6,0,0,0,0,1,1,0,0,,0,0,0,12,1,1,0,,0.0,39 57:19.000,,0,75 11:13.533,4,0,0,1,67301,0,0,0,N,0,0,0,2,67301,1,,1,1,,N,N,,0,,0,0,0,3,2,,1235,1,2,0,0,0,0,0,3,4,0,2,3,,N,,,,,,,,,,,
2006094435,1637.0,1,0,0,0,0,0,0,0,0,7,0,,67,7,2006,6,40.0146,-75.1567,1636.0,6,0,0,0,0,0,0,0,0,,0,0,0,16,1,2,1,,0.0,40 00:52.000,,0,75 09:23.913,3,0,0,0,67301,0,0,0,N,0,0,0,3,67301,0,,5,1,,N,N,,0,,1,0,0,3,2,,1634,2,1,0,0,2,1,0,3,4,0,1,3,,N,,,,,,,,,,,
2006126297,952.0,1,0,0,0,0,0,0,0,0,8,0,,67,11,2006,2,39.9846,-75.2314,949.0,6,0,0,0,0,0,1,0,0,,0,0,0,9,1,1,0,,0.0,39 59:04.400,,0,75 13:53.100,8,0,0,0,67301,1,0,0,,1,0,0,2,67301,0,,6,1,,,,,0,,0,0,0,0,0,,945,1,2,0,0,1,1,0,3,4,0,1,3,,N,,,,,,,,,,,
2006123839,1125.0,2,0,0,0,0,0,0,0,0,4,0,,67,10,2006,1,40.0889,-74.9694,1119.0,6,0,0,0,0,0,1,0,0,2.0,0,0,0,11,1,0,2,,1.0,40 05:19.000,1.0,0,74 58:09.785,0,0,0,0,67301,0,0,0,N,0,0,0,2,67301,0,,1,1,,N,N,,0,,0,0,0,3,2,N,1115,0,2,0,0,0,0,0,3,4,0,2,3,,N,,,,,,,,,,,
2006123843,1825.0,1,0,0,0,0,0,0,0,0,8,0,,67,10,2006,6,,,1833.0,6,0,0,0,0,0,0,1,0,,0,0,0,18,3,1,1,,0.0,,,0,,4,0,0,0,67301,1,0,0,N,1,0,0,2,67301,1,,1,9,,N,N,,0,,0,0,0,3,3,,1825,1,2,0,0,0,0,0,3,3,0,1,7,,N,,,,,,,,,,,
2006056429,1545.0,2,0,0,0,0,0,0,0,0,4,0,,67,4,2006,4,40.0277,-75.123,1512.0,6,0,0,0,0,0,0,0,0,,0,0,0,15,1,1,2,,0.0,40 01:39.741,,0,75 07:22.954,4,0,0,0,67301,0,0,0,N,0,0,0,2,67301,1,,5,1,,N,N,,0,,0,0,1,3,3,,1512,1,3,0,0,0,0,0,3,4,0,3,3,,N,,,,,,,,,,,
2006056514,1809.0,1,0,0,0,0,0,0,0,0,0,0,,67,3,2006,3,,,1808.0,6,0,0,0,0,0,0,0,0,,0,0,0,18,1,1,0,,0.0,,,0,,8,0,0,0,67301,0,0,0,,0,0,0,1,67301,0,,4,1,,N,N,,0,,0,0,0,0,0,,1807,1,1,0,0,0,1,0,3,3,0,1,3,,N,,,,,,,,,,,
2006034193,46.0,4,0,0,0,0,0,0,0,0,6,0,,67,2,2006,6,40.014,-75.158,46.0,6,0,0,0,0,0,0,0,0,,0,0,0,0,3,2,1,,0.0,40 00:50.000,,0,75 09:28.945,4,0,0,0,67301,0,0,0,,0,0,0,2,67301,1,,1,1,,N,N,,0,,0,0,0,3,2,,45,2,4,0,0,0,1,0,3,4,0,4,3,,N,,,,,,,,,,,
2006036628,1015.0,2,0,0,0,0,0,0,0,0,4,0,,67,3,2006,1,40.0101,-75.1576,1012.0,6,0,0,0,0,0,0,0,1,2.0,0,0,0,99,1,2,1,,2.0,40 00:34.200,7.0,0,75 09:10.440,4,0,0,0,67301,0,0,0,N,0,0,0,3,67301,2,,1,1,,N,N,,0,,0,0,0,2,2,Y,9999,2,2,0,0,3,0,0,3,4,0,2,3,,N,,,,,,,,,,,
2006034207,1900.0,2,0,0,0,0,0,0,0,0,4,0,,67,1,2006,4,40.0352,-75.1455,1900.0,6,0,0,0,0,0,1,0,0,,0,0,0,19,3,0,1,,0.0,40 02:06.000,,0,75 08:43.859,0,0,0,0,67301,0,0,0,N,0,0,0,3,67301,0,,1,1,,N,N,,0,,0,0,0,3,2,,1900,0,2,0,0,0,0,0,3,4,0,2,3,,N,,,,,,,,,,,
2006024161,2010.0,0,0,0,0,0,0,0,0,0,8,0,,67,1,2006,5,39.9913,-75.1338,2208.0,6,0,0,0,0,0,1,0,0,,0,0,0,20,3,1,1,,0.0,39 59:28.000,,0,75 08:01.962,4,0,0,0,67301,1,0,0,N,1,0,0,2,67301,1,,1,1,,N,N,,0,,0,0,1,0,0,,2008,1,2,0,0,0,0,0,3,4,0,1,3,,N,,,,,,,,,,,
2006024209,558.0,2,0,0,0,0,0,0,0,0,1,0,,67,1,2006,6,39.9753,-75.1947,552.0,6,0,0,0,0,0,0,0,0,1.0,0,0,0,5,3,2,6,,1.0,39 58:34.000,3.0,2,75 11:44.128,4,0,0,0,67301,0,0,0,N,0,0,0,6,67301,2,,1,1,,N,N,,0,,0,0,0,9,4,Y,545,2,2,0,0,0,0,0,3,4,0,2,5,,N,,,,,,,,,,,
2006032880,1714.0,0,0,0,0,0,0,0,0,0,7,0,,67,1,2006,1,39.8907,-75.2284,1707.0,6,0,0,0,0,0,0,0,0,,0,0,0,17,1,0,0,,0.0,39 53:25.000,,0,75 13:42.049,9,0,0,0,67301,0,0,0,Y,0,0,0,1,67301,0,,2,9,,N,N,,1,,0,0,0,0,0,,1707,0,1,0,0,0,0,1,3,4,0,1,3,,N,,,,,,,,,,,
2006023317,1605.0,0,0,0,0,0,0,0,0,0,8,0,,67,1,2006,7,40.025,-75.0791,1602.0,6,0,0,0,1,0,0,0,0,,0,0,0,16,1,1,0,,0.0,40 01:30.026,,0,75 04:44.701,4,0,0,0,67301,1,0,0,N,1,0,0,2,67301,1,,1,9,,N,N,,0,,0,0,0,3,2,,1600,1,2,0,0,0,0,0,3,4,1,1,7,,N,,,,,,,,,,,
2006019888,1728.0,1,0,0,0,0,0,0,0,0,2,0,,67,1,2006,3,40.0088,-75.1386,1723.0,6,0,0,1,0,0,0,0,0,,0,0,0,99,1,1,1,,0.0,40 00:31.603,,0,75 08:18.898,4,0,0,1,67301,0,0,0,,0,0,0,1,67301,1,,1,1,,N,N,,0,,0,0,0,3,2,,9999,1,2,0,0,0,0,0,3,4,0,2,3,,N,,,,,,,,,,,
2006022767,1820.0,1,0,0,0,0,0,0,0,0,4,0,,67,1,2006,4,40.0573,-75.1406,1817.0,6,0,0,0,0,0,0,0,0,,0,0,0,18,3,2,1,,0.0,40 03:26.326,,0,75 08:26.228,4,0,0,0,67301,0,0,0,N,0,0,0,3,67301,2,,1,9,,N,N,,0,,0,0,0,0,0,,1810,2,2,0,0,0,0,1,3,4,1,2,7,,N,,,,,,,,,,,
2006053509,855.0,1,0,0,0,0,0,0,0,0,4,0,,67,4,2006,4,40.0399,-75.1023,854.0,6,0,1,0,0,0,0,0,0,,0,0,0,8,1,1,1,,0.0,40 02:23.802,,7,75 06:08.348,4,0,0,1,67301,0,0,0,,0,0,0,2,67301,1,,1,1,,N,N,,0,,0,0,1,9,3,,849,1,3,0,0,0,0,0,3,4,0,3,3,,N,,,,,,,,,,,
2006053640,850.0,2,0,0,0,0,0,0,0,0,6,0,,67,4,2006,6,40.114,-74.9876,845.0,6,0,0,1,0,0,1,0,0,,0,0,0,8,1,4,1,,0.0,40 06:50.000,,0,74 59:14.868,3,0,0,0,67301,0,0,0,,0,0,0,4,67301,1,,1,9,,N,N,,0,,1,0,0,9,2,,840,4,2,0,0,2,2,0,3,4,0,2,3,,N,,,,,,,,,,,
2006053696,1040.0,0,0,0,0,0,0,0,0,0,0,0,,67,4,2006,5,40.0595,-75.0805,1033.0,6,0,0,0,0,0,0,0,0,,0,0,0,10,1,1,1,,0.0,40 03:34.000,,0,75 04:50.071,3,0,0,1,67301,0,0,0,N,0,0,0,1,67301,0,,1,1,,N,N,,0,,1,0,0,3,2,,1028,1,1,0,0,0,0,0,3,4,0,1,3,,N,,,,,,,,,,,
2006062717,740.0,1,0,0,0,0,0,0,0,0,5,0,,67,3,2006,5,,,735.0,6,0,0,0,0,0,1,0,0,,0,1,0,7,1,3,0,,0.0,,,0,,4,0,0,0,67301,0,0,0,N,0,0,0,4,67301,3,,1,1,,N,N,,0,,0,0,0,0,0,,730,3,2,0,0,2,0,0,3,3,0,2,3,,N,,,,,,,,,,,
2006065458,1605.0,2,0,0,0,0,0,0,0,0,4,0,,67,5,2006,2,,,1603.0,6,0,0,0,0,1,1,0,0,,0,0,0,16,1,1,1,,0.0,,,0,,8,0,0,0,67301,0,0,0,N,0,0,0,4,67301,0,,1,1,,N,N,,0,,0,0,0,9,3,,1600,1,2,0,0,0,1,0,3,3,0,2,3,,N,,,,,,,,,,,
2006057902,40.0,2,0,0,0,0,0,0,0,0,4,0,,67,3,2006,5,40.0079,-75.2015,40.0,6,0,0,0,0,0,0,0,0,2.0,0,0,0,0,3,2,0,,1.0,40 00:26.000,4.0,0,75 12:00.419,3,0,0,0,67301,0,0,0,N,0,0,0,2,67301,1,,2,1,,N,N,,0,,1,0,0,0,0,N,40,2,2,0,0,0,0,0,3,4,0,2,3,,N,,,,,,,,,,,
2006065388,655.0,2,0,0,0,0,0,0,0,0,1,0,,67,5,2006,6,40.1048,-75.0336,654.0,6,0,0,0,1,0,0,0,0,2.0,0,0,0,99,1,2,0,,2.0,40 06:17.000,7.0,0,75 02:00.929,3,0,0,0,67301,1,0,0,N,0,0,0,2,67301,0,,5,1,,N,N,,0,,2,0,0,0,0,Y,9999,2,2,0,0,0,0,0,3,4,0,2,3,,N,,,,,,,,,,,
2006065579,1625.0,0,0,0,0,0,0,0,0,0,2,0,,67,5,2006,7,40.0039,-75.2207,1617.0,6,0,0,0,0,0,0,0,0,2.0,0,0,0,16,1,1,1,,1.0,40 00:13.000,1.0,0,75 13:14.458,8,0,0,0,67301,0,0,0,N,0,0,0,3,67301,0,,1,1,,N,N,,0,,0,0,2,3,2,Y,1610,1,2,0,0,0,1,1,3,4,0,2,3,,N,,,,,,,,,,,
2006055412,1400.0,2,0,0,0,0,0,0,0,0,4,0,,67,4,2006,4,40.0802,-75.2034,1350.0,6,0,0,0,0,0,0,0,0,,0,0,0,12,1,1,1,,0.0,40 04:48.612,,0,75 12:12.236,8,0,0,0,67301,0,0,0,N,0,0,0,2,67301,0,,1,1,,N,N,,0,,0,0,0,3,3,,1255,1,2,0,0,0,1,1,3,4,0,2,3,,N,,,,,,,,,,,
2006055467,1558.0,2,0,0,0,0,0,0,0,0,2,0,,67,3,2006,4,40.0581,-74.9983,1552.0,6,0,0,0,0,0,0,0,0,,0,0,0,15,1,1,2,,0.0,40 03:28.000,,0,74 59:53.344,8,0,0,0,67301,0,0,0,N,0,0,0,3,67301,0,,1,1,,N,N,,0,,0,0,0,3,2,,1550,1,2,0,0,0,1,0,3,4,0,2,3,,N,,,,,,,,,,,
2006094576,1720.0,2,0,0,0,0,0,0,0,0,4,0,,67,7,2006,7,39.9842,-75.1083,1719.0,6,0,0,0,1,0,0,0,0,,0,0,0,17,1,3,1,,0.0,39 59:03.192,,0,75 06:29.825,3,0,0,0,67301,0,0,0,N,0,0,0,5,67301,2,,1,1,,N,N,,0,,1,0,0,3,3,,1712,3,2,0,0,0,0,2,3,4,0,2,98,,N,,,,,,,,,,,
2006055623,1958.0,2,0,0,0,0,0,0,0,0,0,0,,67,3,2006,3,,,1958.0,6,0,0,0,0,0,0,0,0,,0,0,0,19,3,1,0,,0.0,,,0,,4,0,0,0,67301,0,0,0,N,0,0,0,2,67301,1,,1,1,,N,N,,0,,0,0,0,0,0,,1950,1,2,0,0,0,0,0,3,3,0,2,3,,N,,,,,,,,,,,
2006055742,1020.0,2,0,0,0,0,0,0,0,0,6,0,,67,3,2006,5,39.9626,-75.2406,1017.0,6,0,0,0,0,0,0,0,0,,0,0,0,10,1,3,0,,0.0,39 57:45.248,,0,75 14:26.314,4,0,0,0,67301,2,0,0,N,2,0,0,4,67301,3,,1,1,,N,N,,0,,0,0,0,0,0,,1012,3,4,0,0,1,0,0,3,4,0,2,3,,N,,,,,,,,,,,
2006055804,9999.0,0,0,0,0,0,0,0,0,0,8,0,,67,3,2006,6,39.9946,-75.0945,9999.0,6,0,0,0,0,0,0,0,0,,0,0,0,10,1,1,0,,0.0,39 59:40.445,,0,75 05:40.110,4,0,0,0,67301,1,0,0,,1,0,0,2,67301,1,,1,9,,N,,,0,,0,0,1,0,0,,1030,1,3,0,0,0,0,0,3,4,0,1,3,,N,,,,,,,,,,,
2006102388,1633.0,1,0,0,0,0,0,0,0,0,8,0,,67,8,2006,1,39.9639,-75.2035,1631.0,6,0,0,0,0,0,0,0,0,1.0,0,0,0,16,1,1,1,,1.0,39 57:50.000,6.0,0,75 12:12.833,8,0,0,0,67301,1,0,0,N,1,0,0,4,67301,0,,1,9,,N,N,,0,,0,0,0,9,3,N,1630,1,2,0,0,0,1,0,3,4,0,1,3,,N,,,,,,,,,,,
2006102390,2337.0,1,0,0,0,0,0,0,0,0,4,0,,67,8,2006,7,,,2336.0,6,0,0,0,0,0,1,0,0,1.0,0,0,0,23,3,3,1,,2.0,,7.0,0,,8,0,0,0,67301,0,0,0,N,0,0,0,4,67301,0,,1,1,,N,N,,0,,0,0,0,3,2,Y,2312,3,2,0,0,0,3,0,3,3,1,2,3,,N,,,,,,,,,,,
2006126842,531.0,1,0,0,0,0,0,0,0,0,7,0,,67,11,2006,7,39.9239,-75.1436,531.0,6,0,0,0,0,0,0,0,0,,0,0,0,5,3,0,0,,0.0,39 55:26.215,,0,75 08:36.796,0,0,0,0,67301,0,0,0,N,0,0,0,1,67301,0,,3,1,,N,N,,0,,0,0,0,0,0,,530,0,1,0,0,0,0,0,3,4,0,1,3,,N,,,,,,,,,,,
2006126890,827.0,2,0,0,0,0,0,0,0,0,3,0,,67,11,2006,7,40.0177,-75.0803,823.0,6,0,0,1,0,0,0,0,0,,0,0,0,8,1,2,0,,0.0,40 01:03.622,,0,75 04:48.932,4,0,0,0,67301,0,0,0,,0,0,0,2,67301,2,,1,1,,N,N,,0,,0,0,0,0,0,,815,2,2,0,0,2,0,0,3,4,0,2,3,,N,,,,,,,,,,,
2006124489,1844.0,1,0,0,1,0,0,0,0,0,4,0,,67,10,2006,4,,,1840.0,6,0,0,0,0,0,0,0,0,,0,0,0,18,4,1,2,,0.0,,,7,,8,0,0,0,67301,1,0,0,,0,0,0,2,67301,0,,1,1,,N,N,,0,,0,0,0,9,3,,1840,1,2,0,0,0,1,0,3,3,0,1,3,,N,,,,,,,,,,,
2006124494,1130.0,1,0,0,0,0,0,0,0,0,5,0,,67,10,2006,5,40.0088,-75.0688,1120.0,6,0,0,0,0,0,1,0,0,3.0,0,0,0,11,1,1,0,,2.0,40 00:30.000,1.0,0,75 04:12.723,8,0,0,0,67301,0,0,0,Y,0,0,0,3,67301,0,,1,1,,N,N,,0,,0,0,0,0,0,Y,1120,1,2,0,0,2,1,0,3,4,1,2,3,,N,,,,,,,,,,,
2006124706,1355.0,2,0,0,0,0,0,0,0,0,4,0,,67,10,2006,2,40.0608,-75.1373,1353.0,6,0,0,0,0,0,0,1,1,9.0,0,0,0,13,1,2,0,,1.0,40 03:39.000,1.0,0,75 08:14.222,8,0,0,0,67301,0,0,0,N,0,0,0,3,67301,0,,1,1,,N,N,,0,,0,0,0,3,2,N,1330,2,2,0,0,0,2,0,3,4,0,2,3,,N,,,,,,,,,,,
2006124725,1025.0,0,0,0,0,0,0,0,0,0,8,0,,67,10,2006,1,40.028,-75.1725,1022.0,6,0,0,0,0,0,0,0,0,,0,0,0,10,1,1,1,,0.0,40 01:40.000,,0,75 10:21.087,8,0,0,0,67301,1,0,0,N,1,0,0,2,67301,0,,1,1,,N,N,,1,,0,0,0,3,2,,1021,1,2,0,0,0,1,0,3,4,0,1,3,,N,,,,,,,,,,,
2006059491,1715.0,1,0,0,0,0,0,0,0,0,8,0,,67,4,2006,2,40.0517,-75.1194,1700.0,6,0,0,0,0,0,1,0,0,,0,0,0,16,1,1,0,,0.0,40 03:06.000,,0,75 07:09.778,8,0,0,0,67301,1,0,0,N,1,0,0,2,46102,0,,1,9,,N,N,,0,,0,0,0,0,0,,1600,1,2,0,0,0,1,0,3,4,0,1,7,,N,,,,,,,,,,,
2006054708,2131.0,1,0,0,1,0,0,0,0,0,4,0,,67,4,2006,6,39.9684,-75.1602,2130.0,6,0,0,0,0,0,0,0,0,,0,0,0,21,3,1,0,,0.0,39 58:06.000,,0,75 09:36.718,8,0,0,0,67301,2,0,0,N,0,0,0,2,67301,0,,1,1,,N,N,,0,,0,0,0,0,0,,2128,1,2,0,0,0,1,0,3,4,0,1,3,,N,,,,,,,,,,,
2006062460,247.0,2,0,0,0,0,0,0,0,0,4,0,,67,3,2006,6,,,246.0,6,0,0,0,0,0,0,0,0,,0,0,0,2,3,1,1,,0.0,,,0,,3,0,0,0,67301,0,0,0,N,0,0,0,2,67301,0,,1,1,,N,N,,0,,1,0,0,0,0,,246,1,2,0,0,0,0,1,3,3,0,2,3,,N,,,,,,,,,,,
2006093921,805.0,2,0,0,0,0,0,0,0,0,4,1,,67,8,2006,4,40.034,-75.0744,802.0,6,0,0,0,0,0,0,0,0,,0,1,0,8,1,2,1,,0.0,40 02:02.000,,0,75 04:27.841,4,0,0,0,67301,0,0,0,N,0,0,0,3,67301,2,,1,1,,N,N,,0,,0,0,0,3,2,,801,2,3,0,0,0,0,0,3,4,0,3,3,,N,,,,,,,,,,,
2006055147,2130.0,1,0,0,0,0,0,0,0,0,8,0,,67,3,2006,2,39.9415,-75.166,2130.0,6,0,0,0,0,0,0,0,0,,0,0,0,21,3,1,0,,0.0,39 56:46.320,,0,75 09:53.640,4,0,0,0,67301,1,0,0,N,1,0,0,2,67301,1,,1,1,,N,N,,0,,0,0,0,0,0,,2130,1,2,0,0,0,0,0,3,4,0,1,3,,N,,,,,,,,,,,
2006055276,350.0,3,0,0,0,0,0,0,0,0,1,0,,67,4,2006,3,,,343.0,6,0,0,0,0,0,1,0,0,1.0,0,0,0,3,6,1,0,,1.0,,2.0,0,,4,0,0,0,67301,0,0,0,N,0,0,0,4,67301,1,,1,1,,N,N,,0,,0,0,0,0,0,N,343,1,3,0,0,1,0,0,3,3,0,3,3,,N,,,,,,,,,,,
2006094089,9999.0,0,0,0,0,0,0,0,0,0,5,0,,67,7,2006,3,39.9216,-75.1482,9999.0,6,0,0,0,0,0,1,0,0,,0,0,0,99,1,1,1,,0.0,39 55:17.000,,0,75 08:53.634,4,0,0,1,67301,0,0,0,Y,0,0,0,2,67301,1,,1,1,,N,N,,1,,0,0,0,3,2,,9999,1,2,0,0,0,0,0,3,4,0,2,3,,N,,,,,,,,,,,
2006055009,110.0,1,0,0,0,0,0,0,0,0,2,0,,67,4,2006,1,39.9927,-75.1862,102.0,6,0,0,0,0,0,0,0,0,2.0,0,0,0,12,1,3,5,,1.0,39 59:33.000,1.0,0,75 11:10.256,4,0,0,0,67301,0,0,0,N,0,0,0,4,67301,3,,1,1,,N,N,,1,,0,0,0,3,2,N,1258,3,2,0,0,0,0,0,3,4,0,2,3,,N,,,,,,,,,,,
2006055182,1838.0,0,0,0,0,0,0,0,0,0,8,0,,67,4,2006,1,40.0669,-75.0157,1836.0,6,0,0,0,0,0,0,0,0,,0,0,0,18,1,1,0,,0.0,40 04:00.944,,0,75 00:56.595,4,0,0,0,67301,1,0,0,N,1,0,0,2,67301,1,,1,1,,N,N,,0,,0,0,0,0,0,,1830,1,2,0,0,0,0,0,3,4,1,1,3,,N,,,,,,,,,,,
2006055183,1645.0,2,0,0,0,0,0,0,0,0,4,0,,67,3,2006,2,40.0436,-75.0159,1642.0,6,0,0,1,0,0,0,0,0,,0,0,0,99,1,0,2,,0.0,40 02:36.985,,0,75 00:57.229,0,0,0,0,67301,0,0,0,N,0,0,0,2,67301,0,,1,1,,N,N,,0,,0,0,0,3,3,,9999,0,2,0,0,0,0,0,3,4,0,2,3,,N,,,,,,,,,,,
2006094208,149.0,2,0,0,0,0,0,0,0,0,4,0,,67,8,2006,3,,,147.0,6,0,0,0,1,0,1,0,0,,0,0,0,13,1,1,0,,0.0,,,0,,8,0,0,0,67301,0,0,0,N,0,0,0,3,67301,0,,1,1,,N,N,,0,,0,0,0,0,0,,1340,1,2,0,0,0,1,0,3,3,0,2,3,,N,,,,,,,,,,,
2006055241,1625.0,1,0,0,0,0,0,0,0,0,2,0,,67,4,2006,5,39.9762,-75.213,1621.0,6,0,0,0,0,0,1,1,0,,0,0,0,16,1,2,2,,0.0,39 58:34.000,,0,75 12:46.300,3,0,0,0,67301,0,0,0,N,0,0,0,2,67301,0,,1,1,,N,N,,0,,2,0,1,0,0,,1616,2,2,0,0,0,0,0,3,4,0,2,3,,N,,,,,,,,,,,
2006094362,1638.0,1,0,0,0,0,0,1,0,0,4,1,,67,5,2006,4,40.0314,-75.1548,1636.0,6,0,0,0,0,0,1,0,0,,0,0,0,16,1,1,1,,0.0,40 01:53.151,,0,75 09:17.114,8,0,0,0,67301,0,0,0,N,0,0,0,4,67301,0,,1,1,,Y,N,,0,,0,0,1,3,2,,1603,1,3,0,0,0,1,0,3,4,0,3,3,,N,,,,,,,,,,,
2006094387,1658.0,1,0,0,0,0,0,0,0,0,1,0,,67,6,2006,6,,,1657.0,6,0,0,0,0,0,0,0,0,,0,0,0,16,1,1,2,,0.0,,,0,,4,0,0,0,67301,0,0,0,N,0,0,0,1,67301,1,,1,1,,N,N,,1,,0,0,0,0,0,,1655,1,3,0,0,0,0,0,3,3,0,3,3,,N,,,,,,,,,,,
2006081691,1250.0,1,0,0,0,0,0,0,0,0,1,0,,67,7,2006,1,40.0056,-75.1033,1245.0,6,0,0,0,0,0,0,0,0,,0,0,0,12,1,1,1,,0.0,40 00:20.000,,0,75 06:11.669,4,0,0,1,67301,0,0,0,N,0,0,0,2,67301,1,,1,1,,N,N,,0,,0,0,0,3,2,,1240,1,2,0,0,0,0,0,3,4,0,2,3,,N,,,,,,,,,,,
2006126314,658.0,4,0,0,0,0,0,0,0,0,1,0,,67,10,2006,1,39.9553,-75.2117,654.0,6,0,0,0,0,1,0,0,0,,0,0,0,6,1,2,0,,0.0,39 57:19.000,,0,75 12:42.245,3,0,0,0,67301,0,0,0,N,0,0,0,5,67301,1,,2,1,,N,N,,0,,1,0,2,0,0,,653,2,6,0,0,0,0,0,3,4,0,6,3,,N,,,,,,,,,,,
2006123844,1025.0,2,0,0,0,0,0,0,0,0,5,0,,67,10,2006,1,39.9716,-75.2318,1020.0,6,0,0,0,0,0,1,0,0,,0,0,0,10,1,2,0,,0.0,39 58:17.680,,0,75 13:54.375,2,0,0,0,67301,0,0,0,N,0,0,0,2,67301,0,,1,1,,N,N,,0,,0,1,0,0,0,,1018,2,2,0,0,0,1,0,3,4,0,2,3,,N,,,,,,,,,,,
2006062720,1219.0,2,0,0,0,0,0,0,0,0,1,0,,67,5,2006,6,40.026,-75.1217,1217.0,6,0,0,0,0,0,0,0,0,1.0,0,0,0,12,1,2,0,,1.0,40 01:33.000,2.0,0,75 07:18.115,8,0,0,0,67301,2,0,0,N,0,0,0,4,67301,0,,1,1,,N,N,,0,,0,0,0,3,2,N,1210,2,2,0,0,2,2,0,3,4,0,2,3,,N,,,,,,,,,,,