CRN,ARRIVAL_TM,AUTOMOBILE_COUNT,BELTED_DEATH_COUNT,BELTED_SUSP_SERIOUS_INJ_COUNT,BICYCLE_COUNT,BICYCLE_DEATH_COUNT,BICYCLE_SUSP_SERIOUS_INJ_COUNT,BUS_COUNT,CHLDPAS_DEATH_COUNT,CHLDPAS_SUSP_SERIOUS_INJ_COUNT,COLLISION_TYPE,COMM_VEH_COUNT,CONS_ZONE_SPD_LIM,COUNTY,CRASH_MONTH,CRASH_YEAR,DAY_OF_WEEK,DEC_LAT,DEC_LONG,DISPATCH_TM,DISTRICT,DRIVER_COUNT_16YR,DRIVER_COUNT_17YR,DRIVER_COUNT_18YR,DRIVER_COUNT_19YR,DRIVER_COUNT_20YR,DRIVER_COUNT_50_64YR,DRIVER_COUNT_65_74YR,DRIVER_COUNT_75PLUS,EST_HRS_CLOSED,FATAL_COUNT,HEAVY_TRUCK_COUNT,HORSE_BUGGY_COUNT,HOUR_OF_DAY,ILLUMINATION,INJURY_COUNT,INTERSECT_TYPE,INTERSECTION_RELATED,LANE_CLOSED,LATITUDE,LN_CLOSE_DIR,LOCATION_TYPE,LONGITUDE,MAX_SEVERITY_LEVEL,MCYCLE_DEATH_COUNT,MCYCLE_SUSP_SERIOUS_INJ_COUNT,MOTORCYCLE_COUNT,MUNICIPALITY,NONMOTR_COUNT,NONMOTR_DEATH_COUNT,NONMOTR_SUSP_SERIOUS_INJ_COUNT,NTFY_HIWY_MAINT,PED_COUNT,PED_DEATH_COUNT,PED_SUSP_SERIOUS_INJ_COUNT,PERSON_COUNT,POLICE_AGCY,POSSIBLE_INJ_COUNT,RDWY_SURF_TYPE_CD,RELATION_TO_ROAD,ROAD_CONDITION,ROADWAY_CLEARED,SCH_BUS_IND,SCH_ZONE_IND,SECONDARY_CRASH,SMALL_TRUCK_COUNT,SPEC_JURIS_CD,SUSP_MINOR_INJ_COUNT,SUSP_SERIOUS_INJ_COUNT,SUV_COUNT,TCD_FUNC_CD,TCD_TYPE,TFC_DETOUR_IND,TIME_OF_DAY,TOT_INJ_COUNT,TOTAL_UNITS,UNB_DEATH_COUNT,UNB_SUSP_SERIOUS_INJ_COUNT,UNBELTED_OCC_COUNT,UNK_INJ_DEG_COUNT,UNK_INJ_PER_COUNT,URBAN_AREA,URBAN_RURAL,VAN_COUNT,VEHICLE_COUNT,WEATHER1,WEATHER2,WORK_ZONE_IND,WORK_ZONE_LOC,WORK_ZONE_TYPE,WORKERS_PRES,WZ_CLOSE_DETOUR,WZ_FLAGGER,WZ_LAW_OFFCR_IND,WZ_LN_CLOSURE,WZ_MOVING,WZ_OTHER,WZ_SHLDER_MDN,WZ_WORKERS_INJ_KILLED
2006062900,9999.0,2,0,0,0,0,0,0,0,0,4,0,,67,5,2006,4,40.011,-75.1509,1615.0,6,0,0,0,0,0,0,0,0,,0,0,0,17,1,1,1,,0.0,40 00:39.000,,0,75 09:03.796,8,0,0,0,67301,0,0,0,N,0,0,0,4,67301,0,,1,1,,N,N,,0,,0,0,0,0,0,,1745,1,2,0,0,0,1,3,3,4,0,2,3,,N,,,,,,,,,,,
2006065580,1146.0,2,0,0,0,0,0,0,0,0,4,0,,67,5,2006,1,39.9786,-75.2298,1145.0,6,0,0,0,0,1,0,0,0,,0,0,0,11,1,1,0,,0.0,39 58:43.000,,0,75 13:48.197,4,0,0,0,67301,0,0,0,N,0,0,0,3,67301,1,,1,8,,N,N,,0,,0,0,0,0,0,,1140,1,2,0,0,0,0,0,3,4,0,2,3,5.0,N,,,,,,,,,,,
2006055434,925.0,2,0,0,0,0,0,0,0,0,4,0,,67,3,2006,3,40.034,-75.0744,920.0,6,0,0,0,0,0,0,0,1,,0,0,0,99,1,2,5,,0.0,40 02:02.039,,0,75 04:27.141,3,0,0,0,67301,0,0,0,N,0,0,0,2,67301,1,,1,9,,N,N,,0,,1,0,0,3,2,,9999,2,2,0,0,0,0,0,3,4,0,2,3,,N,,,,,,,,,,,
2006094578,2215.0,2,0,0,0,0,0,0,0,0,1,0,,67,8,2006,5,39.9885,-75.1063,2200.0,6,0,0,0,0,0,0,0,1,,0,0,0,21,3,1,1,,0.0,39 59:18.000,,0,75 06:22.665,4,0,0,0,67301,0,0,0,N,0,0,0,2,67301,1,,1,1,,N,N,,0,,0,0,0,0,0,,2155,1,2,0,0,0,0,0,3,4,0,2,3,,N,,,,,,,,,,,
2006094606,254.0,1,0,0,0,0,0,0,0,0,5,0,,67,8,2006,1,40.0351,-75.0392,251.0,6,0,0,0,0,0,0,0,0,,0,0,0,2,3,0,0,,0.0,40 02:06.000,,0,75 02:21.413,0,0,0,0,67301,0,0,0,N,0,0,0,1,67301,0,,6,1,,N,N,,1,,0,0,0,0,0,,218,0,2,0,0,0,0,0,3,4,0,2,3,,N,,,,,,,,,,,
2006055574,1315.0,3,0,0,0,0,0,0,0,0,1,0,,67,3,2006,6,39.9771,-75.1996,1306.0,6,0,0,0,0,0,1,1,0,1.0,0,0,0,13,1,1,0,,1.0,39 58:39.000,3.0,0,75 12:03.125,8,0,0,0,67301,0,0,0,N,0,0,0,5,67301,0,,1,1,,N,N,,0,,0,0,0,0,0,N,1300,1,4,0,0,0,1,0,3,4,1,4,3,,N,,,,,,,,,,,
2006126856,1720.0,2,0,0,0,0,0,0,0,0,4,0,,67,11,2006,6,40.0196,-75.1605,1705.0,6,0,1,0,0,1,0,0,0,,0,0,0,99,2,4,0,,0.0,40 01:10.000,,7,75 09:37.941,4,0,0,0,67301,0,0,0,,0,0,0,6,67301,3,,1,1,,,,,0,,0,0,0,0,0,,9999,4,2,0,0,2,1,2,3,4,0,2,3,,N,,,,,,,,,,,
2006126876,1827.0,2,0,0,0,0,0,0,0,0,4,0,,67,11,2006,4,39.9685,-75.2032,1825.0,6,0,0,0,0,0,1,0,0,,0,0,0,18,3,0,2,,0.0,39 58:06.452,,0,75 12:11.674,9,0,0,0,67301,0,0,0,,0,0,0,2,67301,0,,1,9,,N,N,,0,,0,0,0,3,2,,1824,0,2,0,0,0,0,2,3,4,0,2,7,,N,,,,,,,,,,,
2006102464,1943.0,2,0,0,0,0,0,0,0,0,1,0,,67,5,2006,1,40.0506,-75.0102,1940.0,6,0,0,1,0,0,1,0,0,,0,0,0,19,1,0,2,,0.0,40 03:02.000,,0,75 00:36.484,0,0,0,0,67301,0,0,0,N,0,0,0,3,67301,0,,1,1,,N,N,,0,,0,0,1,3,2,,1958,0,3,0,0,0,0,0,3,4,0,3,3,,N,,,,,,,,,,,
2006104949,1941.0,1,0,0,1,0,0,0,0,0,5,0,,67,8,2006,2,,,1937.0,6,0,0,0,0,0,0,0,0,,0,0,0,19,4,1,1,,0.0,,,0,,8,0,0,0,67301,1,0,0,N,0,0,0,2,67301,0,,1,1,,N,N,,0,,0,0,0,2,3,,1935,1,2,0,0,0,1,1,3,3,0,1,3,,N,,,,,,,,,,,
2006126884,1515.0,1,0,0,0,0,0,0,0,0,1,0,,67,10,2006,3,40.0845,-75.0384,1515.0,6,0,0,0,0,0,0,0,0,,0,0,0,15,1,1,1,,0.0,40 05:04.000,,0,75 02:17.932,4,0,0,0,67301,0,0,0,,0,0,0,4,67301,1,,1,1,,,N,,1,,0,0,0,3,2,,1515,1,2,0,0,0,0,0,3,4,0,2,3,,N,,,,,,,,,,,
2006102490,2327.0,2,0,0,0,0,0,0,0,0,1,0,,67,8,2006,7,39.9691,-75.1632,2321.0,6,0,0,0,1,0,0,0,0,2.0,0,0,0,23,3,3,1,,1.0,39 58:08.760,1.0,0,75 09:47.880,4,0,0,0,67301,1,0,0,N,0,0,0,6,67301,3,,1,1,,N,N,,0,,0,0,1,3,2,N,2315,3,3,0,0,0,0,0,3,4,0,3,3,,N,,,,,,,,,,,
2006102498,2223.0,2,0,0,0,0,0,0,0,0,2,0,,67,9,2006,4,39.9675,-75.232,2216.0,6,0,0,0,0,0,0,0,0,,0,0,0,22,3,1,1,,0.0,39 58:02.000,,0,75 13:55.008,2,0,0,0,67301,0,0,0,N,0,0,0,2,67301,0,,7,1,,N,N,,0,,0,1,0,3,2,,2214,1,2,0,0,0,0,0,3,4,0,2,3,,N,,,,,,,,,,,
2006102511,1640.0,1,0,0,0,0,0,0,0,0,8,0,,67,9,2006,4,39.9537,-75.1579,1634.0,6,0,0,0,0,0,0,0,0,,0,0,0,16,1,1,1,,0.0,39 57:13.000,,0,75 09:28.385,4,0,0,0,67301,1,0,0,N,1,0,0,2,67301,1,,1,1,,N,N,,0,,0,0,0,3,2,,1630,1,2,0,0,0,0,0,3,4,0,1,3,,N,,,,,,,,,,,
2006102190,103.0,1,0,0,0,0,0,0,0,0,4,0,,67,9,2006,6,39.9885,-75.1063,103.0,6,0,0,0,0,0,0,0,0,,0,0,0,1,3,1,1,,0.0,39 59:18.000,,0,75 06:22.665,8,0,0,0,67301,1,0,0,N,1,0,0,2,67301,0,,1,1,,N,N,,0,,0,0,0,3,2,,100,1,2,0,0,1,1,0,3,4,0,1,3,,N,,,,,,,,,,,
2006124229,1748.0,2,0,0,0,0,0,0,0,0,1,0,,67,11,2006,7,39.9213,-75.1753,1746.0,6,0,0,1,0,0,0,0,0,,0,0,0,17,4,3,1,,0.0,39 55:16.521,,0,75 10:30.986,8,0,0,0,67301,0,0,0,N,0,0,0,4,67301,0,,1,1,,N,N,,0,,0,0,0,3,2,,1742,3,2,0,0,0,3,0,3,4,0,2,3,,N,,,,,,,,,,,
2006112686,2235.0,2,0,0,0,0,0,0,0,0,4,0,,67,9,2006,5,39.9391,-75.1917,2231.0,6,0,0,0,0,0,1,0,0,,0,0,0,22,3,0,1,,0.0,39 56:20.590,,0,75 11:29.990,0,0,0,0,67301,0,0,0,N,0,0,0,2,67301,0,,1,9,,N,N,,0,,0,0,0,0,0,,2200,0,2,0,0,0,0,0,3,4,0,2,7,,N,,,,,,,,,,,
2006112735,1312.0,1,0,0,0,0,0,0,0,0,7,0,,67,10,2006,1,,,1302.0,6,0,0,0,0,0,0,0,0,,0,0,0,12,1,0,0,,0.0,,,0,,0,0,0,0,67301,0,0,0,N,0,0,0,1,67301,0,,5,1,,N,N,,0,,0,0,0,3,3,,1205,0,1,0,0,0,0,0,3,3,0,1,3,,N,,,,,,,,,,,
2006054673,226.0,2,0,0,0,0,0,0,0,0,4,0,,67,4,2006,6,39.9571,-75.1511,224.0,6,0,0,0,0,0,1,0,0,1.0,0,0,0,2,3,0,5,,1.0,39 57:23.000,1.0,0,75 09:04.856,0,0,0,0,67301,0,0,0,N,0,0,0,2,67301,0,,1,1,,N,N,,0,,0,0,0,3,2,N,224,0,2,0,0,0,0,0,3,4,0,2,3,,N,,,,,,,,,,,
2006062388,1644.0,0,0,0,0,0,0,0,0,0,1,0,,67,5,2006,5,40.0439,-75.0953,1637.0,6,0,0,0,0,0,1,0,0,,0,0,0,15,1,1,0,,0.0,40 02:37.964,,0,75 05:43.011,8,0,0,0,67301,0,0,0,N,0,0,0,3,67301,0,,1,1,,N,N,,0,,0,0,1,0,0,,1555,1,2,0,0,0,1,0,3,4,1,2,3,,N,,,,,,,,,,,
2006094137,1635.0,1,0,0,0,0,0,1,0,0,5,1,,67,7,2006,4,39.9623,-75.1613,1631.0,6,0,0,0,0,0,0,0,0,,0,0,0,16,1,3,1,,0.0,39 57:44.000,,0,75 09:40.892,3,0,0,0,67301,0,0,0,N,0,0,0,5,67301,0,,1,1,,N,N,,0,,3,0,0,3,2,,1625,3,2,0,0,0,0,0,3,4,0,2,3,,N,,,,,,,,,,,
2006055022,9999.0,1,0,0,0,0,0,0,0,0,8,0,,67,3,2006,6,39.9519,-75.1598,1235.0,6,0,0,0,0,0,0,0,0,,0,0,0,12,1,1,1,,0.0,39 57:06.000,,0,75 09:35.009,3,0,0,0,67301,1,0,0,N,1,0,0,2,67301,0,,1,1,,N,N,,0,,1,0,0,3,2,,1235,1,2,0,0,0,0,0,3,4,0,1,3,,N,,,,,,,,,,,
2006055023,2155.0,1,0,0,0,0,0,0,0,0,4,0,,67,5,2006,2,39.9216,-75.1915,2153.0,6,0,0,0,0,0,0,0,0,,0,0,0,21,3,1,2,,0.0,39 55:17.000,,0,75 11:29.464,4,0,0,0,67301,0,0,0,N,0,0,0,3,67301,1,,1,1,,N,N,,0,,0,0,1,3,2,,2152,1,2,0,0,0,0,0,3,4,0,2,3,,N,,,,,,,,,,,
2006094454,1453.0,1,0,0,0,0,0,0,0,0,4,0,,67,7,2006,2,,,1448.0,6,0,0,0,0,0,0,0,0,,0,0,0,14,1,1,1,,0.0,,,0,,4,0,0,0,67301,0,0,0,N,0,0,0,2,67301,1,,1,1,,N,N,,0,,0,0,1,3,2,,1400,1,2,0,0,0,0,0,3,3,0,2,3,,N,,,,,,,,,,,
2006094172,740.0,3,0,0,0,0,0,0,0,0,4,0,,67,7,2006,4,40.0309,-75.1065,720.0,6,0,0,0,0,0,0,0,0,,0,0,0,7,1,1,0,,0.0,40 01:51.111,,0,75 06:23.412,4,0,0,0,67301,0,0,0,,0,0,0,1,67301,1,,6,1,,,,,0,,0,0,0,0,0,,700,1,3,0,0,0,0,0,3,4,0,3,3,,N,,,,,,,,,,,
2006094175,204.0,1,0,0,0,0,0,0,0,0,7,0,,67,8,2006,3,40.0797,-75.0294,204.0,6,0,0,0,0,1,0,0,0,,0,0,0,1,3,1,0,,0.0,40 04:46.000,,0,75 01:45.746,3,0,0,0,67301,0,0,0,N,0,0,0,1,67301,0,,3,1,,N,N,,0,,1,0,0,0,0,,150,1,1,0,0,0,0,0,3,4,0,1,3,,N,,,,,,,,,,,
2006094179,1851.0,3,0,0,0,0,0,0,0,0,4,0,,67,8,2006,5,40.0368,-75.0407,1850.0,6,0,0,0,0,0,1,0,0,,0,0,0,18,1,1,1,,0.0,40 02:12.000,,0,75 02:27.049,4,0,0,0,67301,0,0,0,,0,0,0,4,67301,1,,1,1,,N,,,0,,0,0,1,3,2,,1845,1,4,0,0,0,0,0,3,4,0,4,3,,N,,,,,,,,,,,
2006055198,235.0,1,0,0,1,0,0,0,0,0,5,0,,67,4,2006,1,,,210.0,6,0,0,0,0,0,0,0,0,,0,0,0,2,3,1,1,,0.0,,,0,,4,0,0,0,67301,1,0,0,N,0,0,0,2,67301,1,,4,1,,N,N,,0,,0,0,0,9,2,,210,1,2,0,0,0,0,0,3,3,0,1,3,,N,,,,,,,,,,,
2006055202,1040.0,3,0,0,0,0,0,0,0,0,4,0,,67,3,2006,7,40.017,-75.0605,1036.0,6,0,0,0,0,0,0,0,0,,0,0,0,10,1,3,0,,0.0,40 01:01.186,,0,75 03:37.940,4,0,0,0,67301,0,0,0,N,0,0,0,3,67301,2,,1,1,,N,N,,0,,0,0,0,0,0,,1036,3,3,0,0,3,1,0,3,4,0,3,3,,N,,,,,,,,,,,
2006055213,1402.0,1,0,0,0,0,0,0,0,0,4,0,,67,3,2006,7,39.9664,-75.2075,1359.0,6,0,0,0,0,0,1,0,0,,0,0,0,13,1,6,0,,0.0,39 57:58.000,,0,75 12:26.977,4,0,0,0,67301,0,0,0,,0,0,0,7,67301,6,,1,1,,N,N,,0,,0,0,0,0,0,,1357,6,2,0,0,0,0,0,3,4,0,2,3,,N,,,,,,,,,,,
2006055234,1250.0,3,0,0,0,0,0,0,0,0,1,0,,67,4,2006,7,40.0393,-75.1848,1246.0,6,0,0,0,0,0,0,0,1,,0,0,0,99,3,3,1,,0.0,40 02:21.000,,0,75 11:05.353,4,0,0,0,67301,0,0,0,N,0,0,0,7,67301,2,,1,1,,N,N,,1,,0,0,0,3,2,,9999,3,4,0,0,0,1,0,3,4,0,4,3,,N,,,,,,,,,,,
2006094434,1830.0,1,0,0,0,0,0,0,0,0,8,0,,67,7,2006,1,40.0303,-75.1655,1815.0,6,0,0,0,0,0,0,0,0,,0,0,0,99,1,1,2,,0.0,40 01:48.000,,0,75 09:55.742,4,0,0,0,67301,1,0,0,N,1,0,0,2,67301,1,,1,1,,N,N,,0,,0,0,0,0,0,,9999,1,2,0,0,0,0,0,3,4,0,1,3,,N,,,,,,,,,,,
2006094640,2351.0,0,0,0,0,0,0,0,0,0,2,0,,67,7,2006,4,39.9211,-75.2242,2349.0,6,0,0,0,0,0,0,0,0,,0,0,0,23,3,1,1,,0.0,39 55:15.000,,0,75 13:27.223,8,0,0,0,67301,0,0,0,N,0,0,0,2,67301,0,,1,1,,N,N,,0,,0,0,0,3,2,,2349,1,2,0,0,0,1,0,3,4,0,2,3,,N,,,,,,,,,,,
2006126237,1535.0,0,0,0,0,0,0,0,0,0,8,0,,67,11,2006,6,39.9241,-75.1611,1530.0,6,0,0,0,0,0,0,0,0,,0,0,0,15,1,1,0,,0.0,39 55:26.778,,0,75 09:39.823,4,0,0,0,67301,1,0,0,N,1,0,0,2,67301,1,,1,1,,N,N,,0,,0,0,1,0,0,,1530,1,2,0,0,1,0,0,3,4,0,1,3,,N,,,,,,,,,,,
2006056445,1510.0,2,0,0,0,0,0,0,0,0,5,1,,67,3,2006,5,39.9083,-75.1495,1505.0,6,0,0,0,0,0,0,0,0,2.0,0,1,0,14,1,1,6,,1.0,39 54:29.000,2.0,2,75 08:58.379,8,0,0,0,67301,2,0,0,N,0,0,0,4,67301,0,,2,9,,N,N,,1,,0,0,0,0,0,N,1431,1,4,0,0,0,1,0,3,4,0,4,7,,N,,,,,,,,,,,
2006054020,230.0,1,0,0,0,0,0,0,0,0,7,0,,67,4,2006,3,,,228.0,6,0,0,0,0,0,0,0,0,1.0,0,0,0,2,3,0,0,,1.0,,3.0,0,,0,0,0,0,67301,0,0,0,N,0,0,0,1,67301,0,,2,9,,N,N,,0,,0,0,0,0,0,N,228,0,1,0,0,0,0,0,3,3,0,1,7,,N,,,,,,,,,,,
2006024237,643.0,2,0,0,0,0,0,0,0,0,1,0,,67,1,2006,6,39.9447,-75.191,643.0,6,0,0,0,0,0,0,0,0,9.0,0,0,0,6,1,2,6,,1.0,39 56:41.000,4.0,2,75 11:27.678,8,0,0,0,67301,0,0,0,N,0,0,0,4,67301,0,,1,1,,N,N,,0,,0,0,0,3,4,N,643,2,2,0,0,0,2,0,3,4,0,2,3,,N,,,,,,,,,,,
2006024240,2035.0,1,0,0,0,0,0,0,0,0,8,0,,67,1,2006,2,39.957,-75.2258,2033.0,6,0,0,0,0,0,1,0,0,,0,0,0,20,3,1,0,,0.0,39 57:25.000,,0,75 13:32.885,4,0,0,0,67301,1,0,0,N,1,0,0,2,67301,1,,1,1,,N,N,,0,,0,0,0,0,0,,2030,1,2,0,0,0,0,0,3,4,0,1,3,,N,,,,,,,,,,,
2006024627,903.0,2,0,0,0,0,0,1,0,0,4,1,,67,1,2006,3,40.0345,-75.1837,900.0,6,0,0,0,0,0,2,0,0,,0,0,0,7,1,1,0,,0.0,40 02:04.000,,7,75 11:01.714,4,0,0,0,67301,0,0,0,,0,0,0,6,67301,1,,1,9,,N,N,,0,,0,0,0,0,0,,730,1,3,0,0,0,0,0,3,4,0,3,7,,N,,,,,,,,,,,
2006102769,1525.0,1,0,0,0,0,0,0,0,0,7,0,,67,8,2006,2,39.9678,-75.1283,1523.0,6,0,0,0,0,0,0,0,0,,0,0,0,15,1,1,0,,0.0,39 58:04.000,,2,75 07:41.817,8,0,0,0,67301,0,0,0,,0,0,0,1,67301,0,,4,1,,,,,0,,0,0,0,0,0,,1523,1,1,0,0,0,1,0,3,4,0,1,3,,N,,,,,,,,,,,
2006103134,1910.0,2,0,0,0,0,0,0,0,0,1,0,,67,8,2006,6,,,1904.0,6,0,0,0,1,0,0,0,0,,0,0,0,18,1,2,2,,0.0,,,0,,4,0,0,0,67301,0,0,0,N,0,0,0,5,67301,2,,1,1,,N,N,,0,,0,0,0,0,0,,1840,2,2,0,0,2,0,0,3,3,0,2,3,,N,,,,,,,,,,,
2006103242,1350.0,2,0,0,0,0,0,0,0,0,6,0,,67,9,2006,4,,,1340.0,6,0,0,0,0,0,1,0,0,,0,0,0,13,1,0,0,,0.0,,,0,,0,0,0,0,67301,0,0,0,N,0,0,0,1,67301,0,,1,1,,N,N,,0,,0,0,0,0,0,,1340,0,2,0,0,0,0,0,3,3,0,2,3,,N,,,,,,,,,,,
2006033339,1201.0,1,0,0,0,0,0,0,0,0,7,0,,67,2,2006,3,40.0,-75.0801,1159.0,6,0,0,0,0,0,1,0,0,,0,0,0,11,1,0,0,,0.0,40 00:00.000,,0,75 04:48.336,0,0,0,0,67301,0,0,0,Y,0,0,0,1,67301,0,,5,1,,N,N,,0,,0,0,0,0,0,,1155,0,1,0,0,0,0,0,3,4,0,1,3,,N,,,,,,,,,,,
2006033344,5.0,2,0,0,0,0,0,0,0,0,4,0,,67,1,2006,5,40.0327,-75.0722,2358.0,6,0,0,0,0,0,0,0,0,,0,0,0,22,3,0,1,,0.0,40 01:57.000,,0,75 04:20.335,0,0,0,0,67301,0,0,0,N,0,0,0,2,67301,0,,1,1,,N,N,,0,,0,0,0,3,2,,2200,0,2,0,0,0,0,0,3,4,0,2,99,,N,,,,,,,,,,,
2006033040,1435.0,1,0,0,0,0,0,0,0,0,3,1,,67,2,2006,4,40.005,-75.1429,1435.0,6,0,0,0,0,0,0,0,0,,0,1,0,14,1,1,0,,0.0,40 00:17.960,,0,75 08:34.404,4,0,0,0,67301,0,0,0,,0,0,0,9,67301,1,,1,1,,,,,0,,0,0,0,0,0,,1431,1,2,0,0,0,0,0,3,4,0,2,3,,N,,,,,,,,,,,
2006032868,1053.0,1,0,0,0,0,0,0,0,0,1,0,,67,1,2006,6,39.9534,-75.1967,1052.0,6,0,0,0,0,0,1,0,0,,0,0,0,10,1,1,1,,0.0,39 57:12.000,,0,75 11:48.219,4,0,0,0,67301,0,0,0,N,0,0,0,2,67301,1,,1,1,,N,N,,0,,0,0,1,3,2,,1052,1,2,0,0,0,0,0,3,4,0,2,3,,N,,,,,,,,,,,
2006032946,9999.0,1,0,0,0,0,0,0,0,0,4,0,,67,2,2006,7,40.0691,-75.1678,1119.0,6,0,0,0,0,0,0,0,0,,0,0,0,11,1,1,2,,0.0,40 04:08.738,,0,75 10:03.928,4,0,0,0,67301,0,0,0,N,0,0,0,2,67301,1,,1,1,,N,N,,1,,0,0,0,3,3,,1100,1,2,0,0,0,0,0,3,4,0,2,3,,N,,,,,,,,,,,
2006020122,1059.0,0,0,0,0,0,0,0,0,0,8,0,,67,1,2006,7,40.0361,-75.1296,1055.0,6,0,0,0,0,0,0,0,0,,0,0,0,10,1,1,0,,0.0,40 02:09.949,,0,75 07:46.381,4,0,0,0,67301,1,0,0,N,1,0,0,2,67301,1,,1,1,,N,N,,0,,0,0,0,0,0,,1049,1,2,0,0,1,0,0,3,4,1,1,3,,N,,,,,,,,,,,
2006080016,1430.0,1,0,0,0,0,0,0,0,0,2,0,,67,6,2006,5,40.0978,-74.9647,1425.0,6,0,1,0,0,1,0,0,0,,0,0,0,14,1,1,1,,0.0,40 05:52.069,,0,74 57:52.952,4,0,0,1,67301,0,0,0,N,0,0,0,2,67301,1,,1,1,,N,N,,0,,0,0,0,3,3,,1410,1,2,0,0,0,0,0,3,4,0,2,3,,N,,,,,,,,,,,
2006080056,43.0,1,0,0,0,0,0,1,0,0,1,1,,67,7,2006,4,39.9751,-75.1164,43.0,6,0,0,0,0,0,0,0,0,2.0,0,0,0,0,3,0,6,,2.0,39 58:33.240,1.0,2,75 06:55.440,0,0,0,0,67301,0,0,0,N,0,0,0,3,67301,0,,1,1,,N,N,,0,,0,0,0,0,0,N,43,0,2,0,0,0,0,0,3,4,0,2,3,,N,,,,,,,,,,,
2006062713,1517.0,1,0,0,0,0,0,0,0,0,4,0,,67,5,2006,4,,,1518.0,6,0,0,0,1,0,0,0,0,,0,0,0,14,1,2,1,,0.0,,,0,,4,0,0,0,67301,0,0,0,N,0,0,0,2,67301,2,,1,1,,N,N,,0,,0,0,1,3,3,,1400,2,2,0,0,0,0,0,3,3,0,2,3,,N,,,,,,,,,,,
2006065404,1150.0,2,0,0,0,0,0,0,0,0,2,0,,67,5,2006,1,39.9596,-75.197,1148.0,6,0,0,0,0,0,0,0,0,,0,0,0,11,1,0,1,,0.0,39 57:34.200,,0,75 11:49.560,9,0,0,0,67301,0,0,0,N,0,0,0,5,67301,0,,1,1,,N,N,,0,,0,0,1,9,2,,1148,0,3,0,0,1,0,1,3,4,0,3,3,,N,,,,,,,,,,,
2006065549,1830.0,2,0,0,0,0,0,0,0,0,4,0,,67,5,2006,2,39.9838,-75.1141,1825.0,6,0,0,0,0,0,0,0,0,,0,0,0,18,1,1,2,,0.0,39 59:01.600,,0,75 06:50.731,4,0,0,0,67301,0,0,0,N,0,0,0,2,67301,1,,1,1,,N,N,,0,,0,0,0,0,0,,1800,1,2,0,0,0,0,0,3,4,0,2,3,,N,,,,,,,,,,,
2006055463,1710.0,1,0,0,0,0,0,0,0,0,8,0,,67,3,2006,7,40.0935,-74.9802,1706.0,6,0,0,0,0,0,0,0,0,,0,0,0,17,8,1,1,,0.0,40 05:36.000,,0,74 58:47.611,4,0,0,0,67301,1,0,0,N,1,0,0,2,67301,1,,1,1,,N,N,,0,,0,0,0,3,2,,1705,1,2,0,0,0,0,0,3,4,0,1,3,,N,,,,,,,,,,,
2006094605,954.0,0,0,0,1,0,0,0,0,0,4,1,,67,8,2006,3,39.9855,-75.2482,952.0,6,0,0,0,0,0,0,0,0,,0,1,0,9,1,1,1,,0.0,39 59:07.000,,0,75 14:54.149,3,0,0,0,67301,1,0,0,,0,0,0,3,67301,0,,1,1,,,N,,0,,1,0,0,3,2,,952,1,2,0,0,0,0,0,3,4,0,1,3,,N,,,,,,,,,,,
2006094626,840.0,1,0,0,0,0,0,0,0,0,7,0,,67,7,2006,2,,,836.0,6,0,0,0,0,0,0,0,0,,0,0,0,8,1,0,2,,0.0,,,0,,0,0,0,0,67301,0,0,0,N,0,0,0,1,67301,0,,3,1,,N,N,,0,,0,0,0,3,2,,825,0,1,0,0,0,0,0,3,3,0,1,3,,N,,,,,,,,,,,
2006055567,2308.0,1,0,0,0,0,0,0,0,0,7,0,,67,4,2006,7,,,2306.0,6,0,0,0,0,0,0,0,0,3.0,0,0,0,23,3,4,10,,2.0,,2.0,0,,3,0,0,0,67301,0,0,0,N,0,0,0,5,67301,0,,2,1,,N,N,,0,,4,0,0,0,0,N,2306,4,1,0,0,4,0,0,3,3,0,1,3,,N,,,,,,,,,,,
2006055601,1055.0,3,0,0,0,0,0,0,0,0,4,0,,67,2,2006,2,40.0472,-75.081,1051.0,6,0,0,0,0,0,1,0,1,,0,0,0,10,1,1,1,,0.0,40 02:49.750,,0,75 04:51.470,4,0,0,0,67301,0,0,0,N,0,0,0,3,67301,1,,1,1,,N,N,,0,,0,0,0,3,2,,1041,1,3,0,0,1,0,0,3,4,0,3,3,,N,,,,,,,,,,,
2006055627,1525.0,1,0,0,0,0,0,0,0,0,1,0,,67,5,2006,5,40.0686,-75.04,1521.0,6,0,0,0,0,0,0,0,0,,0,0,0,15,1,1,0,,0.0,40 04:06.000,,0,75 02:23.035,4,0,0,0,67301,0,0,0,,0,0,0,3,67301,1,,1,1,,,,,0,,0,0,1,3,2,,1520,1,2,0,0,0,0,0,3,4,0,2,3,,N,,,,,,,,,,,
2006102227,1955.0,1,0,0,0,0,0,0,0,0,8,0,,67,9,2006,6,39.9172,-75.2463,1951.0,6,0,0,0,0,0,1,0,0,,0,0,0,19,3,1,1,,0.0,39 55:01.859,,0,75 14:46.691,4,0,0,0,67301,1,0,0,N,1,0,0,2,67301,1,,1,1,,N,N,,0,,0,0,0,0,0,,1948,1,2,0,0,1,0,0,3,4,0,1,3,,N,,,,,,,,,,,