CRN,ARRIVAL_TM,AUTOMOBILE_COUNT,BELTED_DEATH_COUNT,BELTED_SUSP_SERIOUS_INJ_COUNT,BICYCLE_COUNT,BICYCLE_DEATH_COUNT,BICYCLE_SUSP_SERIOUS_INJ_COUNT,BUS_COUNT,CHLDPAS_DEATH_COUNT,CHLDPAS_SUSP_SERIOUS_INJ_COUNT,COLLISION_TYPE,COMM_VEH_COUNT,CONS_ZONE_SPD_LIM,COUNTY,CRASH_MONTH,CRASH_YEAR,DAY_OF_WEEK,DEC_LAT,DEC_LONG,DISPATCH_TM,DISTRICT,DRIVER_COUNT_16YR,DRIVER_COUNT_17YR,DRIVER_COUNT_18YR,DRIVER_COUNT_19YR,DRIVER_COUNT_20YR,DRIVER_COUNT_50_64YR,DRIVER_COUNT_65_74YR,DRIVER_COUNT_75PLUS,EST_HRS_CLOSED,FATAL_COUNT,HEAVY_TRUCK_COUNT,HORSE_BUGGY_COUNT,HOUR_OF_DAY,ILLUMINATION,INJURY_COUNT,INTERSECT_TYPE,INTERSECTION_RELATED,LANE_CLOSED,LATITUDE,LN_CLOSE_DIR,LOCATION_TYPE,LONGITUDE,MAX_SEVERITY_LEVEL,MCYCLE_DEATH_COUNT,MCYCLE_SUSP_SERIOUS_INJ_COUNT,MOTORCYCLE_COUNT,MUNICIPALITY,NONMOTR_COUNT,NONMOTR_DEATH_COUNT,NONMOTR_SUSP_SERIOUS_INJ_COUNT,NTFY_HIWY_MAINT,PED_COUNT,PED_DEATH_COUNT,PED_SUSP_SERIOUS_INJ_COUNT,PERSON_COUNT,POLICE_AGCY,POSSIBLE_INJ_COUNT,RDWY_SURF_TYPE_CD,RELATION_TO_ROAD,ROAD_CONDITION,ROADWAY_CLEARED,SCH_BUS_IND,SCH_ZONE_IND,SECONDARY_CRASH,SMALL_TRUCK_COUNT,SPEC_JURIS_CD,SUSP_MINOR_INJ_COUNT,SUSP_SERIOUS_INJ_COUNT,SUV_COUNT,TCD_FUNC_CD,TCD_TYPE,TFC_DETOUR_IND,TIME_OF_DAY,TOT_INJ_COUNT,TOTAL_UNITS,UNB_DEATH_COUNT,UNB_SUSP_SERIOUS_INJ_COUNT,UNBELTED_OCC_COUNT,UNK_INJ_DEG_COUNT,UNK_INJ_PER_COUNT,URBAN_AREA,URBAN_RURAL,VAN_COUNT,VEHICLE_COUNT,WEATHER1,WEATHER2,WORK_ZONE_IND,WORK_ZONE_LOC,WORK_ZONE_TYPE,WORKERS_PRES,WZ_CLOSE_DETOUR,WZ_FLAGGER,WZ_LAW_OFFCR_IND,WZ_LN_CLOSURE,WZ_MOVING,WZ_OTHER,WZ_SHLDER_MDN,WZ_WORKERS_INJ_KILLED
2006112729,1554.0,1,0,0,0,0,0,0,0,0,8,0,,67,10,2006,3,39.9381,-75.1765,1552.0,6,0,0,0,0,0,1,0,0,,0,0,0,15,1,1,1,,0.0,39 56:17.001,,0,75 10:35.547,4,0,0,0,67301,1,0,0,N,1,0,0,2,67301,1,,1,1,,N,N,,0,,0,0,0,9,3,,1538,1,2,0,0,0,0,0,3,4,0,1,3,,N,,,,,,,,,,,
2006124729,1950.0,1,0,0,0,0,0,0,0,0,1,0,,67,11,2006,5,40.071,-75.2413,1943.0,6,0,0,0,0,0,0,0,0,,0,0,0,19,3,1,0,,0.0,40 04:15.000,,0,75 14:28.788,8,0,0,1,67301,0,0,0,N,0,0,0,2,67301,0,,1,1,,N,N,,0,,0,0,0,0,0,,1940,1,2,0,0,1,1,0,3,4,0,2,3,,N,,,,,,,,,,,
2006062116,843.0,3,0,0,0,0,0,0,0,0,5,0,,67,5,2006,7,,,841.0,6,0,0,0,0,0,0,0,0,,0,0,0,8,1,0,0,,0.0,,,0,,0,0,0,0,67301,0,0,0,N,0,0,0,1,67301,0,,1,1,,N,N,,0,,0,0,0,0,0,,841,0,3,0,0,1,0,0,3,3,0,3,3,,N,,,,,,,,,,,
2006054663,1120.0,2,0,0,0,0,0,0,0,0,2,0,,67,4,2006,3,40.072,-75.0844,1120.0,6,0,0,0,0,0,0,0,1,1.0,0,0,0,11,1,2,2,,1.0,40 04:19.000,5.0,0,75 05:03.863,4,0,0,0,67301,0,0,0,N,0,0,0,2,67301,2,,1,1,,,N,,0,,0,0,0,9,3,Y,1115,2,2,0,0,0,0,0,3,4,0,2,3,,N,,,,,,,,,,,
2006062428,2240.0,1,0,0,0,0,0,0,0,0,0,0,,67,5,2006,7,40.0045,-75.0956,2235.0,6,0,0,0,1,0,0,0,0,,0,0,0,22,3,1,0,,0.0,40 00:16.236,,0,75 05:44.091,2,0,0,0,67301,0,0,0,N,0,0,0,2,67301,0,,1,1,,N,N,,0,,0,1,0,0,0,,2216,1,1,0,1,1,0,0,3,4,0,1,3,,N,,,,,,,,,,,
2006062454,723.0,1,0,0,0,0,0,0,0,0,1,0,,67,5,2006,3,,,718.0,6,0,0,0,0,0,1,0,0,,0,0,0,7,1,2,0,,0.0,,,0,,4,0,0,0,67301,0,0,0,N,0,0,0,3,67301,2,,1,1,,N,N,,0,,0,0,1,0,0,,717,2,2,0,0,0,0,0,3,3,0,2,3,,N,,,,,,,,,,,
2006062461,1317.0,2,0,0,0,0,0,0,0,0,6,0,,67,4,2006,1,40.0047,-75.1769,1315.0,6,1,0,0,0,0,0,0,0,1.0,0,0,0,13,1,2,1,,2.0,40 00:17.000,6.0,0,75 10:37.304,3,0,0,0,67301,0,0,0,N,0,0,0,2,67301,0,,1,1,,N,N,,0,,2,0,0,3,2,Y,1307,2,2,0,0,0,0,0,3,4,0,2,3,,N,,,,,,,,,,,
2006093864,1907.0,1,0,0,0,0,0,0,0,0,8,0,,67,7,2006,6,40.0369,-75.1584,1904.0,6,0,0,0,0,0,0,0,0,,0,0,0,19,1,3,0,,0.0,40 02:12.983,,0,75 09:30.244,4,0,0,0,67301,3,0,0,N,3,0,0,4,67301,2,,1,1,,N,N,,0,,0,0,0,0,0,,1900,3,4,0,0,0,1,1,3,4,0,1,3,,N,,,,,,,,,,,
2006093882,204.0,0,0,0,0,0,0,0,0,0,1,0,,67,7,2006,7,40.0137,-75.1001,200.0,6,0,0,1,0,0,0,0,0,,0,0,0,23,3,1,2,,0.0,40 00:49.338,,0,75 06:00.320,4,0,0,1,67301,0,0,0,N,0,0,0,1,67301,1,,2,1,,N,N,,0,,0,0,1,0,0,,2300,1,2,0,0,0,0,0,3,4,0,2,3,,N,,,,,,,,,,,
2006062503,1243.0,2,0,0,0,0,0,0,0,0,1,0,,67,5,2006,2,40.0075,-75.1515,1241.0,6,0,0,0,0,0,0,0,0,1.0,0,0,0,12,1,0,0,,1.0,40 00:27.000,1.0,0,75 09:05.985,9,0,0,0,67301,0,0,0,N,0,0,0,3,67301,0,,1,9,,N,N,,0,,0,0,1,0,0,N,1220,0,3,0,0,0,0,2,3,4,0,3,3,,N,,,,,,,,,,,
2006055275,1340.0,3,0,0,0,0,0,0,0,0,1,0,,67,3,2006,1,40.0277,-75.11,1335.0,6,0,0,0,0,0,1,0,0,,0,0,0,13,1,2,1,,0.0,40 01:39.000,,0,75 06:35.808,4,0,0,0,67301,0,0,0,,0,0,0,3,67301,2,,1,9,,,,,0,,0,0,0,0,0,,1334,2,3,0,0,0,0,0,3,4,0,3,7,,N,,,,,,,,,,,
2006055291,850.0,2,0,0,0,0,0,0,0,0,4,0,,67,4,2006,2,40.0649,-75.0515,846.0,6,0,0,0,0,0,0,1,0,,0,0,0,8,1,1,1,,0.0,40 03:53.000,,0,75 03:05.476,4,0,0,0,67301,0,0,0,,0,0,0,2,67301,1,,1,1,,,,,0,,0,0,0,3,2,,840,1,2,0,0,0,0,0,3,4,0,2,3,,N,,,,,,,,,,,
2006055310,1250.0,2,0,0,0,0,0,0,0,0,4,0,,67,4,2006,5,,,1247.0,6,0,0,0,0,0,0,0,0,,0,0,0,99,1,1,1,,0.0,,,0,,8,0,0,0,67301,0,0,0,,0,0,0,3,67301,0,,3,1,,,,,0,,0,0,0,3,3,,9999,1,2,0,0,0,1,0,3,3,0,2,3,,N,,,,,,,,,,,
2006094158,2015.0,1,0,0,1,0,0,0,0,0,4,0,,67,7,2006,5,40.0128,-75.2051,2014.0,6,0,0,0,0,0,0,0,0,1.0,0,0,0,20,1,1,6,,1.0,40 00:40.000,2.0,2,75 12:00.300,3,0,0,0,67301,1,0,0,N,0,0,0,2,67301,0,,1,1,,N,N,,0,,1,0,0,0,0,Y,2005,1,2,0,0,0,0,1,3,4,0,1,3,,N,,,,,,,,,,,
2006055206,1729.0,1,0,0,0,0,0,0,0,0,2,0,,67,3,2006,6,,,1726.0,6,0,0,0,1,0,0,0,0,,0,0,0,17,1,2,1,,0.0,,,0,,4,0,0,0,67301,0,0,0,N,0,0,0,6,67301,2,,1,1,,N,N,,0,,0,0,0,3,2,,1722,2,2,0,0,6,0,0,3,3,1,2,3,,N,,,,,,,,,,,
2006055215,2105.0,2,0,0,0,0,0,0,0,0,7,0,,67,3,2006,6,39.9742,-75.2032,2056.0,6,0,0,0,0,0,0,0,0,,0,0,0,20,3,0,2,,0.0,39 58:26.000,,0,75 12:10.220,9,0,0,0,67301,0,0,0,N,0,0,0,5,67301,0,,5,1,,N,N,,0,,0,0,0,0,0,,2059,0,2,0,0,0,0,2,3,4,0,2,3,,N,,,,,,,,,,,
2006094422,746.0,1,0,0,0,0,0,0,0,0,1,0,,67,7,2006,6,,,745.0,6,0,0,0,0,0,0,0,0,,0,0,0,7,1,1,0,,0.0,,,0,,3,0,0,0,67301,0,0,0,N,0,0,0,1,67301,0,,2,9,,N,N,,0,,1,0,0,0,0,,740,1,2,0,0,0,0,0,3,3,1,2,3,,N,,,,,,,,,,,
2006126300,1901.0,2,0,0,0,0,0,0,0,0,1,0,,67,10,2006,6,40.0433,-75.0523,1900.0,6,0,0,0,0,0,0,0,0,,0,0,0,18,3,2,0,,0.0,40 02:36.000,,0,75 03:08.621,4,0,0,0,67301,0,0,0,N,0,0,0,6,67301,1,,1,1,,,N,,0,,0,0,0,0,0,,1855,2,2,0,0,2,1,0,3,4,0,2,3,,N,,,,,,,,,,,
2006056466,1134.0,1,0,0,0,0,0,0,0,0,1,0,,67,4,2006,6,,,1125.0,6,0,0,0,0,0,0,0,0,,0,0,0,11,1,1,2,,0.0,,,0,,8,0,0,0,67301,0,0,0,N,0,0,0,3,67301,0,,1,1,,N,N,,0,,0,0,0,3,2,,1115,1,2,0,0,0,1,0,3,3,1,2,3,,N,,,,,,,,,,,
2006056490,945.0,1,0,0,0,0,0,0,0,0,8,0,,67,2,2006,3,,,940.0,6,0,0,0,0,0,0,0,0,,0,0,0,9,1,1,1,,0.0,,,0,,4,0,0,0,67301,1,0,0,N,1,0,0,2,67301,1,,1,1,,N,Y,,0,,0,0,0,9,3,,930,1,2,0,0,0,0,1,3,3,0,1,3,,N,,,,,,,,,,,
2006036630,1522.0,2,0,0,0,0,0,0,0,0,1,0,,67,2,2006,4,40.0492,-74.996,1519.0,6,0,0,0,0,0,1,0,0,,0,0,0,15,1,0,6,,0.0,40 02:56.000,,2,74 59:43.603,9,0,0,0,67301,0,0,0,N,0,0,0,4,67301,0,,7,1,,N,N,,0,,0,0,0,0,0,,1519,0,2,0,0,0,0,1,3,4,0,2,3,,N,,,,,,,,,,,
2006036641,1540.0,1,0,0,0,0,0,0,0,0,2,0,,67,2,2006,5,,,1532.0,6,0,0,0,0,0,0,1,0,,0,0,0,15,1,1,1,,0.0,,,0,,4,0,0,0,67301,0,0,0,N,0,0,0,2,67301,1,,1,1,,N,N,,0,,0,0,0,2,3,,1522,1,2,0,0,0,0,1,3,3,0,2,3,,N,,,,,,,,,,,
2006024236,1425.0,2,0,0,0,0,0,0,0,0,1,0,,67,1,2006,1,39.9814,-75.207,1415.0,6,0,0,0,1,0,0,0,0,,0,0,0,13,1,0,6,,0.0,39 59:04.000,,2,75 12:29.902,0,0,0,0,67301,0,0,0,,0,0,0,3,67301,0,,1,1,,N,N,,0,,0,0,0,0,0,,1348,0,2,0,0,0,0,0,3,4,0,2,3,,N,,,,,,,,,,,
2006103125,1155.0,0,0,0,1,0,0,0,0,0,4,0,,67,8,2006,3,40.0612,-75.0483,1145.0,6,0,0,0,0,0,1,0,0,,0,0,0,11,1,1,1,,0.0,40 03:40.399,,0,75 02:53.933,8,0,0,0,67301,1,0,0,N,0,0,0,3,67301,0,,4,1,,N,N,,1,,0,0,0,3,3,,1140,1,2,0,0,0,1,0,3,4,0,1,3,,N,,,,,,,,,,,
2006103173,1235.0,5,0,0,0,0,0,0,0,0,2,0,,67,9,2006,2,40.0403,-75.0585,1230.0,6,0,0,0,0,0,1,1,0,,0,0,0,12,1,1,1,,0.0,40 02:25.000,,0,75 03:30.718,4,0,0,0,67301,0,0,0,N,0,0,0,5,67301,1,,1,1,,N,N,,0,,0,0,0,3,2,,1220,1,5,0,0,3,0,0,3,4,0,5,3,,N,,,,,,,,,,,
2006053905,1342.0,2,0,0,0,0,0,0,0,0,2,0,,67,4,2006,1,39.9256,-75.2343,1339.0,6,0,0,0,0,0,0,0,1,,0,0,0,13,1,1,1,,0.0,39 55:32.000,,0,75 14:03.806,8,0,0,0,67301,0,0,0,N,0,0,0,2,67301,0,,1,1,,N,N,,0,,0,0,0,9,2,,1339,1,2,0,0,0,1,0,3,4,0,2,3,,N,,,,,,,,,,,
2006053906,2020.0,1,0,0,0,0,0,0,0,0,8,0,,67,4,2006,7,39.9335,-75.2155,2014.0,6,0,0,0,0,0,0,0,0,,0,0,0,20,3,1,2,,0.0,39 56:00.000,,0,75 12:56.185,4,0,0,0,67301,1,0,0,N,1,0,0,2,67301,1,,5,9,,N,N,,0,,0,0,0,0,0,,2014,1,2,0,0,0,0,0,3,4,0,1,7,,N,,,,,,,,,,,
2006053982,1434.0,3,0,0,0,0,0,0,0,0,4,0,,67,4,2006,1,,,1426.0,6,0,0,1,0,0,1,0,1,,0,0,0,2,6,1,0,,0.0,,,0,,4,0,0,0,67301,0,0,0,N,0,0,0,4,67301,1,,1,1,,N,N,,0,,0,0,0,9,3,,226,1,3,0,0,0,0,0,3,3,0,3,3,,N,,,,,,,,,,,
2006092916,1732.0,1,0,0,1,0,0,0,0,0,4,0,,67,7,2006,2,40.0553,-75.0732,1730.0,6,0,0,0,0,0,1,0,0,,0,0,0,17,1,1,0,,0.0,40 03:19.166,,7,75 04:23.445,3,0,0,0,67301,1,0,0,N,0,0,0,2,67301,0,,1,1,,N,N,,0,,1,0,0,0,0,,1725,1,2,0,0,1,0,0,3,4,0,1,3,,N,,,,,,,,,,,
2006037919,1310.0,2,0,0,0,0,0,0,0,0,4,0,,67,2,2006,5,40.0021,-75.1143,1310.0,6,0,0,0,0,2,0,0,0,,0,0,0,13,1,1,2,,0.0,40 00:07.462,,0,75 06:51.541,4,0,0,0,67301,0,0,0,,0,0,0,2,67301,1,,1,1,,,,,0,,0,0,0,0,0,,1300,1,2,0,0,0,0,0,3,4,0,2,3,,N,,,,,,,,,,,
2006035559,9999.0,0,0,0,0,0,0,0,0,0,7,0,,67,2,2006,4,39.9857,-75.1236,9999.0,6,0,0,0,0,0,0,0,0,,0,0,0,12,1,1,0,,0.0,39 59:08.000,,0,75 07:25.179,3,0,0,0,67301,0,0,0,N,0,0,0,1,67301,0,,5,1,,N,N,,1,,1,0,0,0,0,,1200,1,1,0,0,0,0,0,3,4,0,1,3,,N,,,,,,,,,,,
2006035649,700.0,2,0,0,0,0,0,0,0,0,1,0,,67,2,2006,1,40.0262,-75.1216,700.0,6,0,0,0,0,0,0,0,0,,0,0,0,6,5,1,1,,0.0,40 01:34.000,,0,75 07:18.874,4,0,0,0,67301,0,0,0,N,0,0,0,2,67301,1,,1,1,,N,N,,0,,0,0,0,3,2,,645,1,2,0,0,0,0,0,3,4,0,2,3,,N,,,,,,,,,,,
2006035714,1850.0,1,0,0,0,0,0,0,0,0,8,0,,67,1,2006,7,39.9346,-75.2273,1842.0,6,0,0,0,0,0,1,0,0,,0,0,0,18,3,1,1,,0.0,39 56:04.000,,0,75 13:38.328,4,0,0,0,67301,1,0,0,N,1,0,0,2,67301,1,,1,1,,N,N,,0,,0,0,0,3,2,,1835,1,2,0,0,0,0,0,3,4,0,1,3,,N,,,,,,,,,,,
2006035494,800.0,2,0,0,0,0,0,0,0,0,4,0,,67,2,2006,5,,,815.0,6,0,0,0,0,0,1,0,0,,0,0,0,8,1,2,1,,0.0,,,0,,4,0,0,0,67301,0,0,0,N,0,0,0,2,67301,1,,1,9,,N,N,,0,,0,0,0,3,3,,815,2,2,0,0,0,1,0,3,3,0,2,7,,N,,,,,,,,,,,
2006033108,1132.0,2,0,0,0,0,0,0,0,0,1,0,,67,2,2006,6,39.9896,-75.1332,1130.0,6,0,0,0,0,0,1,0,0,,0,0,0,11,1,1,5,,0.0,39 59:22.423,,0,75 07:59.631,4,0,0,0,67301,0,0,0,N,0,0,0,2,67301,1,,1,1,,N,N,,0,,0,0,0,9,3,,1125,1,2,0,0,0,0,0,3,4,0,2,3,,N,,,,,,,,,,,
2006032806,1715.0,0,0,0,0,0,0,1,0,0,5,1,,67,2,2006,5,,,1712.0,6,0,0,0,0,0,0,0,0,,0,0,0,17,1,0,0,,0.0,,,0,,9,0,0,0,67301,0,0,0,,0,0,0,3,67301,0,,1,1,,N,N,,1,,0,0,0,0,0,,1707,0,2,0,0,0,0,1,3,3,0,2,3,,N,,,,,,,,,,,
2006019895,1605.0,1,0,0,0,0,0,0,0,0,8,0,,67,1,2006,6,40.0358,-75.1747,1605.0,6,0,0,0,0,0,1,0,0,,0,0,0,16,1,1,1,,0.0,40 02:08.000,,0,75 10:29.359,4,0,0,0,67301,1,0,0,N,1,0,0,2,67301,1,,1,1,,N,N,,0,,0,0,0,3,2,,1600,1,2,0,0,0,0,0,3,4,0,1,3,,N,,,,,,,,,,,
2006080006,1030.0,0,0,0,0,0,0,1,0,0,9,1,,67,6,2006,6,40.1236,-75.0153,1025.0,6,0,0,0,0,0,0,0,0,,0,0,0,10,1,2,0,,0.0,40 07:24.960,,0,75 00:55.080,8,0,0,0,67301,0,0,0,N,0,0,0,3,67301,0,,1,1,,N,N,,0,,0,0,0,0,0,,1015,2,2,0,0,0,2,0,3,4,0,1,3,,N,,,,,,,,,,,
2006080032,1718.0,1,0,0,0,0,0,0,0,0,1,0,,67,7,2006,6,39.9519,-75.1434,1716.0,6,0,0,0,0,0,1,0,0,,0,0,0,17,1,1,0,,0.0,39 57:06.840,,0,75 08:36.600,4,0,0,0,67301,0,0,0,N,0,0,0,1,67301,1,,5,1,,N,N,,1,,0,0,0,3,2,,1700,1,2,0,0,0,0,0,3,4,0,2,3,,N,,,,,,,,,,,
2006080071,1550.0,1,0,0,0,0,0,0,0,0,8,0,,67,5,2006,3,,,1550.0,6,0,0,0,0,0,0,0,0,,0,0,0,15,1,1,1,,0.0,,,0,,8,0,0,0,67301,1,0,0,,1,0,0,2,67301,0,,9,1,,N,N,,0,,0,0,0,0,0,,1550,1,2,0,0,0,1,1,3,3,0,1,3,,N,,,,,,,,,,,
2006065323,1840.0,1,0,0,0,0,0,0,0,0,8,0,,67,5,2006,3,39.9913,-75.1166,1830.0,6,0,0,0,0,0,0,0,0,,0,0,0,18,1,1,0,,0.0,39 59:28.838,,0,75 06:59.814,4,0,0,0,67301,1,0,0,N,1,0,0,2,67301,1,,1,1,,N,Y,,0,,0,0,0,3,2,,1814,1,2,0,0,0,0,0,3,4,0,1,3,,N,,,,,,,,,,,
2006065371,1918.0,0,0,0,0,0,0,0,0,0,8,0,,67,5,2006,6,,,1913.0,6,0,0,0,0,0,1,0,0,,0,0,0,18,1,1,1,,0.0,,,0,,4,0,0,0,67301,1,0,0,N,1,0,0,2,67301,1,,1,1,,N,N,,1,,0,0,0,0,0,,1857,1,2,0,0,0,0,1,3,3,0,1,3,,N,,,,,,,,,,,
2006065379,544.0,2,0,0,0,0,0,0,0,0,5,0,,67,5,2006,2,39.9609,-75.1405,542.0,6,0,0,0,1,0,0,0,0,1.0,0,0,0,5,5,0,0,,2.0,39 57:37.000,2.0,0,75 08:26.928,0,0,0,0,67301,0,0,0,N,0,0,0,3,67301,0,,1,8,,N,N,,0,,0,0,0,0,0,N,541,0,2,0,0,0,0,0,3,4,0,2,7,5.0,N,,,,,,,,,,,
2006065384,1401.0,1,0,0,0,0,0,0,0,0,7,1,,67,5,2006,1,39.928,-75.1466,1357.0,6,0,0,0,0,0,0,0,0,1.0,0,1,0,13,1,1,0,,2.0,39 55:47.000,2.0,0,75 08:46.122,4,0,0,0,67301,0,0,0,N,0,0,0,4,67301,1,,2,1,,N,N,,0,,0,0,0,0,0,N,1357,1,2,0,0,0,0,0,3,4,0,2,3,,N,,,,,,,,,,,
2006065526,855.0,0,0,0,0,0,0,0,0,0,5,0,,67,6,2006,5,,,850.0,6,0,0,0,0,0,0,0,0,,0,0,0,8,1,0,3,,0.0,,,0,,9,0,0,0,67301,0,0,0,N,0,0,0,2,67301,0,,1,1,,N,N,,0,,0,0,2,3,3,,840,0,2,0,0,0,0,2,3,3,0,2,3,,N,,,,,,,,,,,
2006055364,11.0,1,0,0,0,0,0,0,0,0,7,0,,67,4,2006,1,,,6.0,6,0,0,0,0,0,0,0,0,9.0,0,0,0,0,3,0,0,,2.0,,5.0,0,,9,0,0,0,67301,0,0,0,N,0,0,0,1,67301,0,,5,1,,N,N,,0,,0,0,0,0,0,Y,6,0,1,0,0,0,0,1,3,3,0,1,3,,N,,,,,,,,,,,
2006055410,1610.0,1,0,0,0,0,0,0,0,0,7,0,,67,4,2006,7,39.8904,-75.2343,1602.0,6,0,0,0,0,0,0,0,1,,0,0,0,16,1,1,6,,0.0,39 53:25.000,,2,75 13:42.990,8,0,0,0,67301,0,0,0,N,0,0,0,1,67301,0,,2,9,,N,N,,0,,0,0,0,0,0,,1602,1,1,0,0,0,1,0,3,4,0,1,7,,N,,,,,,,,,,,
2006055432,9999.0,2,0,0,0,0,0,0,0,0,4,0,,67,2,2006,5,40.019,-75.0496,2.0,6,0,0,0,0,0,0,1,0,,0,0,0,99,3,1,1,,0.0,40 01:08.000,,0,75 02:58.401,4,0,0,0,67301,0,0,0,N,0,0,0,2,67301,1,,1,1,,N,N,,0,,0,0,0,3,3,,9999,1,2,0,0,0,0,0,3,4,0,2,3,,N,,,,,,,,,,,
2006055573,1245.0,0,0,0,0,0,0,0,0,0,1,0,,67,2,2006,7,39.9771,-75.1996,1240.0,6,0,0,0,1,0,1,0,0,1.0,0,0,0,12,1,1,0,,1.0,39 58:39.000,3.0,0,75 12:03.125,8,0,0,0,67301,0,0,0,N,0,0,0,3,67301,0,,1,1,,N,N,,2,,0,0,1,0,0,N,1233,1,3,0,0,0,1,0,3,4,0,3,3,,N,,,,,,,,,,,
2006055815,1750.0,2,0,0,0,0,0,0,0,0,1,0,,67,4,2006,5,40.0011,-75.1051,1745.0,6,0,0,0,0,0,1,0,0,,0,0,0,17,1,2,0,,0.0,40 00:04.024,,0,75 06:18.190,4,0,0,0,67301,0,0,0,N,0,0,0,3,67301,2,,1,1,,N,N,,0,,0,0,0,3,2,,1740,2,2,0,0,0,0,0,3,4,0,2,3,,N,,,,,,,,,,,
2006126454,1147.0,2,0,0,0,0,0,0,0,0,1,1,,67,10,2006,2,39.9486,-75.1857,1143.0,6,0,0,0,0,0,1,0,0,,0,1,0,11,1,1,6,,0.0,39 56:55.000,,2,75 11:08.525,4,0,0,0,67301,0,0,0,N,0,0,0,3,67301,1,,1,1,,N,N,,0,,0,0,0,0,0,,1141,1,3,0,0,0,0,0,3,4,0,3,3,,N,,,,,,,,,,,
2006126459,2248.0,2,0,0,0,0,0,0,0,0,1,0,,67,11,2006,2,39.9719,-75.1593,2246.0,6,0,0,0,0,0,1,0,0,1.0,0,0,0,22,3,0,0,,1.0,39 58:18.000,5.0,0,75 09:33.446,0,0,0,0,67301,0,0,0,N,0,0,0,3,67301,0,,1,1,,N,N,,0,,0,0,0,3,2,N,2240,0,3,0,0,0,0,0,3,4,1,3,3,,N,,,,,,,,,,,
2006109588,107.0,0,0,0,0,0,0,0,0,0,7,0,,67,10,2006,2,,,105.0,6,0,0,0,0,0,0,0,0,,0,0,0,1,3,0,0,,0.0,,,5,,0,0,0,0,67301,0,0,0,N,0,0,0,1,67501,0,,2,1,,N,N,,0,,0,0,1,3,8,,105,0,1,0,0,0,0,0,3,3,0,1,3,,N,,,,,,,,,,,
2006102509,938.0,1,0,0,0,0,0,0,0,0,4,0,,67,8,2006,3,,,928.0,6,0,0,0,0,0,0,0,0,,0,1,0,9,1,1,0,,0.0,,,0,,8,0,0,0,67301,0,0,0,N,0,0,0,2,67301,0,,1,1,,N,N,,0,,0,0,0,0,0,,927,1,2,0,0,0,1,0,3,3,0,2,3,,N,,,,,,,,,,,
2006124239,1204.0,1,0,0,0,0,0,0,0,0,7,0,,67,10,2006,3,,,1201.0,6,0,0,0,0,0,1,0,0,1.0,0,0,0,11,1,1,0,,1.0,,1.0,3,,8,0,0,0,67301,0,0,0,N,0,0,0,1,67301,0,,2,9,,N,N,,0,,0,0,0,0,0,N,1150,1,1,0,0,0,1,0,3,3,0,1,7,,N,,,,,,,,,,,
2006124243,2228.0,1,0,0,0,0,0,0,0,0,1,0,,67,10,2006,5,,,2214.0,6,0,0,0,0,0,1,0,0,2.0,0,0,0,22,3,5,0,,2.0,,3.0,0,,4,0,0,0,67301,0,0,0,N,0,0,0,5,67301,5,,1,9,,N,N,,0,,0,0,0,0,0,N,2214,5,2,0,0,0,0,0,3,3,1,2,7,,N,,,,,,,,,,,
2006124253,1301.0,2,0,0,0,0,0,0,0,0,1,0,,67,10,2006,3,,,1301.0,6,0,0,0,0,0,0,0,0,,0,0,0,12,1,1,1,,0.0,,,0,,8,0,0,0,67301,0,0,0,N,0,0,0,2,67301,0,,2,9,,N,N,,1,,0,0,0,3,3,,1255,1,4,0,0,0,1,0,3,3,1,4,7,,N,,,,,,,,,,,
2006115155,1100.0,2,0,0,0,0,0,0,0,0,2,0,,67,9,2006,3,39.9921,-75.0993,1055.0,6,0,0,0,1,0,0,0,0,,0,0,0,99,1,0,1,,0.0,39 59:31.000,,0,75 05:57.386,9,0,0,0,67301,0,0,0,N,0,0,0,4,67301,0,,1,1,,N,N,,0,,0,0,0,3,2,,9999,0,2,0,0,0,0,2,3,4,0,2,3,,N,,,,,,,,,,,
2006115164,1440.0,3,0,0,0,0,0,0,0,0,4,0,,67,10,2006,1,40.0435,-75.0984,1437.0,6,0,0,0,0,0,0,0,0,,0,0,0,14,1,0,1,,0.0,40 02:36.643,,0,75 05:54.077,0,0,0,0,67301,0,0,0,N,0,0,0,2,67301,0,,1,1,,N,N,,0,,0,0,0,9,3,,1437,0,3,0,0,0,0,0,3,4,0,3,3,,N,,,,,,,,,,,
2006112685,410.0,0,0,0,0,0,0,0,0,0,2,0,,67,9,2006,6,40.076,-75.0781,400.0,6,0,0,0,0,0,1,0,0,,0,0,0,4,3,1,1,,0.0,40 04:33.474,,0,75 04:41.217,8,0,0,0,67301,0,0,0,N,0,0,0,2,67301,0,,1,9,,N,N,,2,,0,0,0,3,3,,400,1,2,0,0,0,1,0,3,4,0,2,7,,N,,,,,,,,,,,
2006124900,230.0,2,0,0,0,0,0,0,0,0,4,0,,67,11,2006,1,39.9541,-75.1395,227.0,6,0,1,0,0,0,0,0,0,,0,0,0,2,3,3,1,,0.0,39 57:15.000,,2,75 08:22.435,8,0,0,0,67301,0,0,0,N,0,0,0,3,67301,0,,1,1,,N,N,,0,,0,0,0,0,0,,225,3,2,0,0,0,3,0,3,4,0,2,3,,N,,,,,,,,,,,