CRN,ARRIVAL_TM,AUTOMOBILE_COUNT,BELTED_DEATH_COUNT,BELTED_SUSP_SERIOUS_INJ_COUNT,BICYCLE_COUNT,BICYCLE_DEATH_COUNT,BICYCLE_SUSP_SERIOUS_INJ_COUNT,BUS_COUNT,CHLDPAS_DEATH_COUNT,CHLDPAS_SUSP_SERIOUS_INJ_COUNT,COLLISION_TYPE,COMM_VEH_COUNT,CONS_ZONE_SPD_LIM,COUNTY,CRASH_MONTH,CRASH_YEAR,DAY_OF_WEEK,DEC_LAT,DEC_LONG,DISPATCH_TM,DISTRICT,DRIVER_COUNT_16YR,DRIVER_COUNT_17YR,DRIVER_COUNT_18YR,DRIVER_COUNT_19YR,DRIVER_COUNT_20YR,DRIVER_COUNT_50_64YR,DRIVER_COUNT_65_74YR,DRIVER_COUNT_75PLUS,EST_HRS_CLOSED,FATAL_COUNT,HEAVY_TRUCK_COUNT,HORSE_BUGGY_COUNT,HOUR_OF_DAY,ILLUMINATION,INJURY_COUNT,INTERSECT_TYPE,INTERSECTION_RELATED,LANE_CLOSED,LATITUDE,LN_CLOSE_DIR,LOCATION_TYPE,LONGITUDE,MAX_SEVERITY_LEVEL,MCYCLE_DEATH_COUNT,MCYCLE_SUSP_SERIOUS_INJ_COUNT,MOTORCYCLE_COUNT,MUNICIPALITY,NONMOTR_COUNT,NONMOTR_DEATH_COUNT,NONMOTR_SUSP_SERIOUS_INJ_COUNT,NTFY_HIWY_MAINT,PED_COUNT,PED_DEATH_COUNT,PED_SUSP_SERIOUS_INJ_COUNT,PERSON_COUNT,POLICE_AGCY,POSSIBLE_INJ_COUNT,RDWY_SURF_TYPE_CD,RELATION_TO_ROAD,ROAD_CONDITION,ROADWAY_CLEARED,SCH_BUS_IND,SCH_ZONE_IND,SECONDARY_CRASH,SMALL_TRUCK_COUNT,SPEC_JURIS_CD,SUSP_MINOR_INJ_COUNT,SUSP_SERIOUS_INJ_COUNT,SUV_COUNT,TCD_FUNC_CD,TCD_TYPE,TFC_DETOUR_IND,TIME_OF_DAY,TOT_INJ_COUNT,TOTAL_UNITS,UNB_DEATH_COUNT,UNB_SUSP_SERIOUS_INJ_COUNT,UNBELTED_OCC_COUNT,UNK_INJ_DEG_COUNT,UNK_INJ_PER_COUNT,URBAN_AREA,URBAN_RURAL,VAN_COUNT,VEHICLE_COUNT,WEATHER1,WEATHER2,WORK_ZONE_IND,WORK_ZONE_LOC,WORK_ZONE_TYPE,WORKERS_PRES,WZ_CLOSE_DETOUR,WZ_FLAGGER,WZ_LAW_OFFCR_IND,WZ_LN_CLOSURE,WZ_MOVING,WZ_OTHER,WZ_SHLDER_MDN,WZ_WORKERS_INJ_KILLED
2006124928,1329.0,1,0,0,0,0,0,1,0,0,8,1,,67,11,2006,4,39.9794,-75.1746,1329.0,6,0,0,0,0,0,0,0,0,,0,0,0,13,1,1,0,,0.0,39 58:45.858,,0,75 10:28.437,8,0,0,0,67301,1,0,0,N,1,0,0,2,67301,0,,1,1,,Y,N,,0,,0,0,0,0,0,,1329,1,3,0,0,0,1,1,3,4,0,2,3,,N,,,,,,,,,,,
2006124722,25.0,1,0,0,0,0,0,0,0,0,1,0,,67,11,2006,3,40.057,-75.1397,20.0,6,0,0,0,0,0,0,0,0,2.0,0,0,0,0,3,2,0,,2.0,40 03:25.050,5.0,0,75 08:22.946,4,0,0,0,67301,0,0,0,N,0,0,0,2,67301,2,,1,1,,N,N,,0,,0,0,1,3,2,Y,10,2,2,0,0,1,0,0,3,4,0,2,3,,N,,,,,,,,,,,
2006124753,9999.0,1,0,0,0,0,0,0,0,0,4,0,,67,11,2006,4,40.0687,-75.1641,1511.0,6,0,0,0,0,0,0,0,0,,0,0,0,15,1,1,1,,0.0,40 04:07.000,,0,75 09:50.613,8,0,0,0,67301,0,0,0,N,0,0,0,2,67301,0,,1,9,,N,N,,0,,0,0,1,2,2,,1530,1,2,0,0,0,1,0,3,4,0,2,3,,N,,,,,,,,,,,
2006124756,813.0,0,0,0,0,0,0,1,0,0,8,1,,67,11,2006,4,40.0522,-75.1758,809.0,6,0,0,0,0,0,0,0,1,,0,0,0,7,1,1,1,,0.0,40 03:07.000,,0,75 10:33.008,4,0,0,0,67301,1,0,0,N,1,0,0,10,67301,1,,1,9,,Y,N,,0,,0,0,0,3,2,,750,1,2,0,0,0,0,0,3,4,0,1,7,,N,,,,,,,,,,,
2006124852,240.0,1,0,0,0,0,0,0,0,0,8,0,,67,10,2006,1,39.9409,-75.2126,238.0,6,0,0,0,0,0,0,0,0,9.0,0,0,0,2,3,1,2,,1.0,39 56:27.000,2.0,0,75 12:45.074,4,0,0,0,67301,1,0,0,N,1,0,0,2,67301,1,,1,1,,N,N,,0,,0,0,0,0,0,N,236,1,2,0,0,1,0,0,3,4,0,1,3,,N,,,,,,,,,,,
2006113828,2016.0,1,0,0,1,0,0,0,0,0,8,0,,67,9,2006,2,40.0964,-74.9589,2006.0,6,0,0,0,0,0,0,0,0,,0,0,0,20,3,1,0,,0.0,40 05:47.000,,0,74 57:31.988,4,0,0,0,67301,2,0,0,N,0,0,0,3,67301,1,,1,1,,N,N,,0,,0,0,0,0,0,,2005,1,2,0,0,0,0,1,3,4,0,1,3,,N,,,,,,,,,,,
2006062212,629.0,1,0,0,0,0,0,0,0,0,7,0,,67,5,2006,3,39.9169,-75.216,628.0,6,0,0,0,0,0,0,0,0,,0,0,0,99,1,1,1,,0.0,39 55:05.000,,0,75 12:30.961,4,0,0,0,67301,0,0,0,,0,0,0,1,67301,1,,2,1,,N,N,,0,,0,0,0,0,0,,9999,1,1,0,0,0,0,0,3,4,0,1,3,,N,,,,,,,,,,,
2006056114,2055.0,1,0,0,1,0,0,0,0,0,5,0,,67,4,2006,2,39.9631,-75.1662,2048.0,6,0,0,0,0,0,0,0,0,,0,0,0,20,1,1,2,,0.0,39 57:47.000,,0,75 09:58.329,8,0,0,0,67301,1,0,0,N,0,0,0,2,67301,0,,5,1,,N,N,,0,,0,0,0,0,0,,2035,1,2,0,0,0,1,0,3,4,0,1,3,,N,,,,,,,,,,,
2006095185,1920.0,1,0,0,0,0,0,0,0,0,8,0,,67,1,2006,7,,,1914.0,6,0,0,0,0,0,0,0,0,,0,0,0,19,1,1,0,,0.0,,,0,,8,0,0,0,67301,1,0,0,N,1,0,0,2,67301,0,,1,1,,N,N,,0,,0,0,0,0,0,,1912,1,2,0,0,0,1,0,3,3,0,1,3,,N,,,,,,,,,,,
2006095270,1600.0,3,0,0,0,0,0,0,0,0,1,0,,67,7,2006,4,40.0343,-75.0747,1556.0,6,0,0,0,0,0,1,0,0,,0,0,0,15,1,1,0,,0.0,40 02:03.000,,0,75 04:29.731,4,0,0,0,67301,0,0,0,N,0,0,0,3,67301,1,,1,1,,N,N,,0,,0,0,0,0,0,,1550,1,3,0,0,0,0,0,3,4,0,3,3,,N,,,,,,,,,,,
2006056151,120.0,1,0,0,0,0,0,0,0,0,7,0,,67,3,2006,6,,,113.0,6,0,0,0,0,0,0,0,0,1.0,0,0,0,99,3,1,0,,1.0,,5.0,0,,2,0,0,0,67301,0,0,0,N,0,0,0,1,67301,0,,5,1,,N,N,,0,,0,1,0,0,0,Y,9999,1,1,0,0,0,0,0,3,3,0,1,3,,N,,,,,,,,,,,
2006056170,2210.0,2,0,0,0,0,0,0,0,0,4,0,,67,3,2006,2,,,2205.0,6,0,0,0,0,0,0,0,0,,0,0,0,21,3,0,1,,0.0,,,0,,0,0,0,0,67301,0,0,0,N,0,0,0,2,67301,0,,1,1,,N,N,,0,,0,0,0,3,2,,2155,0,2,0,0,0,0,0,3,3,0,2,3,,N,,,,,,,,,,,
2006056340,210.0,3,0,0,0,0,0,0,0,0,4,0,,67,4,2006,6,40.0368,-75.0439,201.0,6,0,0,0,0,1,0,0,0,,0,0,0,2,3,0,1,,0.0,40 02:12.433,,0,75 02:37.913,0,0,0,0,67301,0,0,0,N,0,0,0,2,67301,0,,1,1,,N,N,,0,,0,0,0,3,3,,200,0,3,0,0,1,0,0,3,4,0,3,3,,N,,,,,,,,,,,
2006053901,1035.0,2,0,0,0,0,0,0,0,0,4,0,,67,4,2006,7,40.096,-74.9768,1033.0,6,0,0,0,0,0,0,0,1,1.0,0,0,0,10,1,1,1,,1.0,40 05:45.000,5.0,0,74 58:35.492,4,0,0,0,67301,0,0,0,N,0,0,0,4,67301,1,,1,9,,N,N,,0,,0,0,0,0,0,N,1032,1,2,0,0,0,0,2,3,4,0,2,7,,N,,,,,,,,,,,
2006092900,1145.0,1,0,0,0,0,0,0,0,0,7,0,,67,8,2006,2,39.9059,-75.1498,1135.0,6,0,0,0,0,0,1,0,0,,0,0,0,11,1,0,0,,0.0,39 54:23.000,,0,75 08:58.849,0,0,0,0,67301,0,0,0,N,0,0,0,1,67301,0,,3,1,,N,N,,0,,0,0,0,0,0,,1125,0,1,0,0,0,0,0,3,4,0,1,3,,N,,,,,,,,,,,
2006018364,1245.0,1,0,0,0,0,0,1,0,0,1,1,,67,1,2006,6,,,1241.0,6,0,0,0,0,0,0,0,0,1.0,0,0,0,12,1,2,0,,2.0,,4.0,0,,8,0,0,0,67301,0,0,0,N,0,0,0,24,67301,0,,1,1,,Y,N,,0,,0,0,0,0,0,Y,1241,2,2,0,0,0,2,0,3,3,0,2,3,,N,,,,,,,,,,,
2006018439,1500.0,1,0,0,0,0,0,0,0,0,8,0,,67,1,2006,7,40.0276,-75.0665,1500.0,6,0,0,0,0,0,0,0,0,,0,0,0,15,1,1,0,,0.0,40 01:39.496,,0,75 03:59.324,4,0,0,0,67301,1,0,0,N,1,0,0,2,67301,1,,1,1,,N,N,,0,,0,0,0,0,0,,1500,1,2,0,0,0,0,0,3,4,0,1,3,,N,,,,,,,,,,,
2006038661,2155.0,2,0,0,0,0,0,0,0,0,5,0,,67,3,2006,1,,,2145.0,6,0,0,0,0,0,0,0,0,,0,0,0,20,3,0,0,,0.0,,,0,,0,0,0,0,67301,0,0,0,,0,0,0,1,67301,0,,2,1,,N,N,,0,,0,0,0,0,0,,2028,0,2,0,0,0,0,0,3,3,0,2,3,,N,,,,,,,,,,,
2006038669,1116.0,7,0,0,0,0,0,0,0,0,4,0,,67,2,2006,6,40.0508,-75.2362,1112.0,6,0,0,0,0,0,0,0,1,,0,0,0,11,1,2,0,,0.0,40 03:02.000,,0,75 14:10.300,3,0,0,0,67301,0,0,0,N,0,0,0,2,67301,1,,1,9,,N,N,,0,,1,0,0,0,0,,1110,2,7,0,0,0,0,0,3,4,0,7,7,,N,,,,,,,,,,,
2006033314,1600.0,1,0,0,0,0,0,0,0,0,6,0,,67,2,2006,2,,,1552.0,6,0,0,0,0,0,0,0,1,,0,0,0,15,1,5,2,,0.0,,,0,,8,0,0,0,67301,0,0,0,N,0,0,0,6,67301,0,,1,1,,N,N,,0,,0,0,0,9,3,,1552,5,2,0,0,0,5,0,3,3,1,2,3,,N,,,,,,,,,,,
2006032968,815.0,1,0,0,0,0,0,0,0,0,8,0,,67,1,2006,2,39.9737,-75.2463,805.0,6,0,0,0,0,0,0,0,0,,0,0,0,8,1,1,1,,0.0,39 58:25.183,,0,75 14:46.708,8,0,0,0,67301,1,0,0,N,1,0,0,3,67301,0,,1,1,,N,N,,0,,0,0,0,0,0,,805,1,2,0,0,0,1,0,3,4,0,1,3,,N,,,,,,,,,,,
2006023364,900.0,1,0,0,0,0,0,0,0,0,8,0,,67,1,2006,2,39.9721,-75.2469,851.0,6,0,0,0,0,0,0,0,0,,0,0,0,8,1,1,1,,0.0,39 58:19.000,,0,75 14:48.610,3,0,0,0,67301,1,0,0,N,1,0,0,2,67301,0,,1,1,,N,N,,0,,1,0,0,0,0,,850,1,2,0,0,1,0,1,3,4,0,1,3,,N,,,,,,,,,,,
2006043882,845.0,1,0,0,0,0,0,0,0,0,1,0,,67,2,2006,4,40.0571,-75.1289,842.0,6,0,0,0,0,0,0,1,0,,0,0,0,8,1,1,0,,0.0,40 03:25.000,,0,75 07:43.837,8,0,0,0,67301,0,0,0,N,0,0,0,2,46102,0,,1,1,,N,N,,1,,0,0,0,3,2,,842,1,2,0,0,0,1,0,3,4,0,2,3,,N,,,,,,,,,,,
2006080028,1828.0,1,0,0,0,0,0,0,0,0,1,0,,67,6,2006,2,40.0576,-74.9999,1825.0,6,0,1,0,0,0,0,0,0,,0,0,0,18,1,1,2,,0.0,40 03:27.000,,0,74 59:59.184,8,0,0,0,67301,0,0,0,N,0,0,0,5,67301,0,,1,1,,N,N,,0,,0,0,1,0,0,,1824,1,2,0,0,0,1,0,3,4,0,2,3,,N,,,,,,,,,,,
2006065002,2206.0,2,0,0,0,0,0,0,0,0,4,0,,67,6,2006,6,40.0557,-75.0589,2203.0,6,1,0,0,0,0,0,0,0,2.0,0,0,0,22,3,2,1,,1.0,40 03:20.430,1.0,0,75 03:32.144,8,0,0,0,67301,0,0,0,,0,0,0,5,67301,0,,1,9,,N,N,,0,,0,0,0,3,2,Y,2200,2,2,0,0,3,2,0,3,4,0,2,7,,N,,,,,,,,,,,
2006065432,2332.0,2,0,0,0,0,0,0,0,0,4,0,,67,5,2006,3,40.1018,-75.0063,2325.0,6,0,0,0,0,0,0,0,1,1.0,0,0,0,23,3,2,2,,1.0,40 06:06.000,2.0,0,75 00:22.387,3,0,0,0,67301,0,0,0,N,0,0,0,2,67301,1,,1,1,,N,N,,0,,1,0,0,3,2,N,2324,2,2,0,0,0,0,0,3,4,0,2,3,,N,,,,,,,,,,,
2006065505,1144.0,1,0,0,0,0,0,0,0,0,8,0,,67,5,2006,6,40.1189,-75.018,1142.0,6,0,0,0,0,0,0,0,0,,0,0,0,11,1,1,1,,0.0,40 07:08.000,,0,75 01:04.773,8,0,0,0,67301,1,0,0,N,1,0,0,2,67301,0,,1,1,,N,N,,0,,0,0,0,3,2,,1135,1,2,0,0,0,1,0,3,4,0,1,3,,N,,,,,,,,,,,
2006057916,614.0,0,0,0,0,0,0,0,0,0,0,1,,67,3,2006,4,,,610.0,6,0,0,0,0,0,0,0,0,3.0,0,1,0,6,5,1,0,,2.0,,3.0,0,,8,0,0,0,67301,0,0,0,,0,0,0,1,67301,0,,1,1,,N,N,,0,,0,0,0,3,8,Y,604,1,1,0,0,0,1,0,3,3,0,1,3,,N,,,,,,,,,,,
2006065560,2341.0,2,0,0,0,0,0,0,0,0,1,0,,67,6,2006,5,40.0183,-75.1688,2330.0,6,0,0,0,0,0,0,0,0,1.0,0,0,0,23,3,0,0,,1.0,40 01:05.000,1.0,0,75 10:08.059,0,0,0,0,67301,0,0,0,N,0,0,0,2,67301,0,,1,9,,N,N,,0,,0,0,0,0,0,N,2330,0,2,0,0,0,0,0,3,4,0,2,7,,N,,,,,,,,,,,
2006055476,525.0,1,0,0,0,0,0,0,0,0,1,0,,67,4,2006,4,,,621.0,6,0,0,0,0,0,0,0,0,,0,0,0,6,1,0,0,,0.0,,,0,,9,0,0,0,67301,0,0,0,N,0,0,0,3,67301,0,,1,1,,N,N,,1,,0,0,2,0,0,,620,0,4,0,0,0,0,1,3,3,0,4,3,,N,,,,,,,,,,,
2006055511,1525.0,3,0,0,0,0,0,0,0,0,1,0,,67,4,2006,2,40.1014,-75.006,1515.0,6,0,0,0,0,0,1,0,0,,0,0,0,15,1,2,1,,0.0,40 06:05.040,,0,75 00:20.880,8,0,0,0,67301,0,0,0,N,0,0,0,4,67301,0,,1,1,,N,N,,0,,0,0,0,9,2,,1510,2,3,0,0,0,2,0,3,4,0,3,3,,N,,,,,,,,,,,
2006055598,1750.0,1,0,0,1,0,0,0,0,0,4,0,,67,4,2006,1,40.0296,-75.1032,1742.0,6,0,0,0,0,0,0,0,0,,0,0,0,17,1,1,1,,0.0,40 01:46.545,,0,75 06:13.959,4,0,0,0,67301,1,0,0,N,0,0,0,2,67301,1,,1,1,,N,N,,0,,0,0,0,3,2,,1735,1,2,0,0,0,0,0,3,4,0,1,3,,N,,,,,,,,,,,
2006104827,1849.0,0,0,0,0,0,0,0,0,0,1,0,,67,9,2006,6,,,1847.0,6,0,0,0,0,0,2,0,0,,0,0,0,18,1,1,0,,0.0,,,0,,4,0,0,0,67301,0,0,0,N,0,0,0,4,67301,1,,1,9,,N,N,,0,,0,0,0,3,3,,1847,1,2,0,0,1,0,0,3,3,2,2,7,,N,,,,,,,,,,,
2006104911,600.0,2,0,0,0,0,0,0,0,0,5,0,,67,8,2006,6,40.0184,-75.1596,555.0,6,0,0,0,0,0,0,0,0,,0,0,0,4,5,0,2,,0.0,40 01:06.000,,0,75 09:34.551,0,0,0,0,67301,0,0,0,N,0,0,0,1,67301,0,,1,1,,N,N,,0,,0,0,0,0,0,,440,0,3,0,0,0,0,0,3,4,0,2,3,,N,,,,,,,,,,,
2006126891,1055.0,0,0,0,0,0,0,0,0,0,8,0,,67,10,2006,7,39.9458,-75.2403,1050.0,6,0,0,0,0,0,0,0,0,,0,0,0,10,1,1,0,,0.0,39 56:44.000,,0,75 14:24.618,8,0,0,0,67301,1,0,0,N,1,0,0,2,67301,0,,1,9,,N,N,,0,,0,0,1,3,2,,1045,1,2,0,0,0,1,0,3,4,0,1,7,,N,,,,,,,,,,,
2006126895,2332.0,1,0,0,0,0,0,0,0,0,8,0,,67,11,2006,6,40.0233,-75.1243,2327.0,6,0,0,0,0,0,0,0,0,2.0,0,0,0,99,3,1,0,,1.0,40 01:23.900,1.0,0,75 07:27.500,3,0,0,0,67301,1,0,0,N,1,0,0,2,67301,0,,1,1,,N,N,,0,,1,0,0,0,0,N,9999,1,2,0,0,0,0,0,3,4,0,1,3,,N,,,,,,,,,,,
2006102473,1540.0,1,0,0,0,0,0,0,0,0,2,0,,67,7,2006,5,39.9578,-75.2193,1533.0,6,0,0,0,0,0,1,0,0,,0,1,0,15,1,1,1,,0.0,39 57:28.000,,0,75 13:09.430,8,0,0,0,67301,0,0,0,N,0,0,0,5,67301,0,,1,1,,N,N,,0,,0,0,0,3,2,,1530,1,2,0,0,0,1,0,3,4,0,2,3,,N,,,,,,,,,,,
2006102484,333.0,0,0,0,0,0,0,0,0,0,7,0,,67,8,2006,6,39.9082,-75.1493,326.0,6,0,0,0,0,0,0,0,0,2.0,0,0,0,3,3,1,7,,2.0,39 54:32.040,7.0,2,75 08:57.120,3,0,0,0,67301,0,0,0,N,0,0,0,1,67301,0,,2,1,,N,N,,0,,1,0,1,0,0,Y,326,1,1,0,0,0,0,0,3,4,0,1,3,,N,,,,,,,,,,,
2006109411,1850.0,0,0,0,0,0,0,0,0,0,0,1,,67,10,2006,5,,,1840.0,6,0,0,0,0,0,0,0,0,,0,1,0,18,4,0,0,,0.0,,,3,,0,0,0,0,67301,0,0,0,N,0,0,0,1,67501,0,,1,1,,N,N,,0,,0,0,0,0,0,,1840,0,1,0,0,1,0,0,3,3,0,1,3,,N,,,,,,,,,,,
2006124230,959.0,2,0,0,0,0,0,0,0,0,4,0,,67,11,2006,1,39.9198,-75.1883,954.0,6,0,0,0,0,0,1,0,0,,0,0,0,9,1,2,1,,0.0,39 55:11.208,,0,75 11:17.768,8,0,0,0,67301,0,0,0,N,0,0,0,3,67301,0,,1,1,,N,N,,0,,0,0,0,3,2,,945,2,2,0,0,0,2,0,3,4,0,2,3,,N,,,,,,,,,,,
2006124255,755.0,2,0,0,0,0,0,0,0,0,5,0,,67,10,2006,7,,,751.0,6,0,0,0,0,0,0,0,0,,0,0,0,7,1,1,0,,0.0,,,0,,3,0,0,0,67301,0,0,0,N,0,0,0,1,67301,0,,1,9,,N,N,,0,,1,0,3,3,3,,745,1,5,0,0,0,0,0,3,3,0,5,7,,N,,,,,,,,,,,
2006112665,1215.0,2,0,0,0,0,0,0,0,0,2,0,,67,9,2006,7,39.9754,-75.19,1213.0,6,0,0,0,0,0,0,0,0,,0,0,0,12,1,1,1,,0.0,39 58:31.000,,0,75 11:23.848,4,0,0,0,67301,0,0,0,N,0,0,0,2,67301,1,,1,1,,N,N,,0,,0,0,0,3,2,,1211,1,2,0,0,0,0,0,3,4,0,2,3,,N,,,,,,,,,,,
2006124702,730.0,1,0,0,0,0,0,0,0,0,4,1,,67,11,2006,7,40.1015,-75.0061,730.0,6,0,0,0,0,0,0,0,0,,0,1,0,7,1,0,2,,0.0,40 06:05.400,,0,75 00:21.240,0,0,0,0,67301,0,0,0,N,0,0,0,2,67301,0,,1,9,,N,N,,0,,0,0,0,3,2,,730,0,2,0,0,0,0,0,3,4,0,2,5,,N,,,,,,,,,,,
2006124747,1307.0,0,0,0,0,0,0,0,0,0,0,0,,67,10,2006,7,40.0487,-74.9977,1302.0,6,0,0,0,0,0,0,0,0,2.0,0,0,0,13,1,1,0,,2.0,40 02:55.680,2.0,0,74 59:51.360,3,0,0,0,67301,0,0,0,Y,0,0,0,2,67301,0,,1,1,,N,N,,1,,1,0,0,0,0,Y,1300,1,1,0,0,0,0,0,3,4,0,1,3,,N,,,,,,,,,,,
2006124851,1845.0,2,0,0,0,0,0,0,0,0,4,0,,67,11,2006,5,39.9572,-75.2025,1845.0,6,0,0,0,0,0,1,0,0,,0,0,0,18,3,1,0,,0.0,39 57:25.855,,0,75 12:09.020,4,0,0,0,67301,0,0,0,N,0,0,0,3,67301,1,,1,1,,N,N,,0,,0,0,0,0,0,,1840,1,2,0,0,1,0,2,3,4,0,2,3,,N,,,,,,,,,,,
2006062117,1411.0,2,0,0,0,0,0,0,0,0,4,0,,67,5,2006,5,39.9339,-75.1655,1407.0,6,0,0,0,0,0,0,0,0,,0,0,0,14,1,1,0,,0.0,39 56:01.892,,0,75 09:55.713,8,0,0,0,67301,0,0,0,N,0,0,0,2,67301,0,,1,1,,,,,0,,0,0,0,9,3,,1407,1,2,0,0,0,1,0,3,4,0,2,3,,N,,,,,,,,,,,
2006055136,759.0,1,0,0,0,0,0,0,0,0,4,0,,67,2,2006,2,40.0443,-75.0541,757.0,6,0,0,1,0,0,0,0,0,2.0,0,0,0,7,1,0,1,,1.0,40 02:39.000,1.0,0,75 03:14.664,0,0,0,0,67301,0,0,0,N,0,0,0,2,67301,0,,1,1,,N,N,,0,,0,0,1,3,2,N,700,0,2,0,0,0,0,0,3,4,0,2,3,,N,,,,,,,,,,,
2006057453,1440.0,2,0,0,0,0,0,0,0,0,1,0,,67,2,2006,6,40.0341,-75.2083,1432.0,6,0,0,0,0,0,1,0,0,,0,0,0,14,1,1,2,,0.0,40 02:02.000,,0,75 12:29.775,8,0,0,0,67301,0,0,0,N,0,0,0,2,67301,0,,1,1,,N,N,,0,,0,0,0,0,0,,1420,1,2,0,0,0,1,0,3,4,0,2,3,,N,,,,,,,,,,,
2006094073,1442.0,2,0,0,0,0,0,0,0,0,1,0,,67,7,2006,5,39.9754,-75.19,1429.0,6,0,0,0,0,0,1,0,0,,0,0,0,15,1,0,3,,0.0,39 58:31.000,,0,75 11:23.848,0,0,0,0,67301,0,0,0,N,0,0,0,2,67301,0,,1,1,,N,N,,0,,0,0,0,3,4,,1542,0,2,0,0,0,0,0,3,4,0,2,3,,N,,,,,,,,,,,
2006055166,1650.0,1,0,0,1,0,0,0,0,0,4,0,,67,4,2006,5,39.9842,-75.099,1632.0,6,0,0,0,0,0,0,0,0,,0,0,0,15,1,1,1,,0.0,39 59:03.239,,0,75 05:56.509,4,0,0,0,67301,1,0,0,N,0,0,0,3,67301,1,,1,1,,N,N,,0,,0,0,0,3,3,,1550,1,2,0,0,0,0,2,3,4,0,1,3,,N,,,,,,,,,,,
2006055321,1654.0,2,0,0,0,0,0,0,0,0,6,0,,67,4,2006,3,,,1648.0,6,0,1,0,0,0,1,0,0,1.0,0,0,0,16,1,0,6,,1.0,,2.0,2,,0,0,0,0,67301,0,0,0,N,0,0,0,2,67301,0,,1,1,,N,N,,0,,0,0,0,3,2,N,1630,0,2,0,0,0,0,0,3,3,0,2,3,,N,,,,,,,,,,,
2006053882,1555.0,1,0,0,0,0,0,0,0,0,7,0,,67,4,2006,6,40.0407,-75.1788,1555.0,6,0,0,0,0,0,1,0,0,,0,0,0,15,1,1,0,,0.0,40 02:26.000,,0,75 10:43.766,4,0,0,0,67301,0,0,0,N,0,0,0,1,67301,1,,4,9,,N,N,,0,,0,0,0,0,0,,1552,1,1,0,0,0,0,0,3,4,0,1,7,,N,,,,,,,,,,,
2006018418,1145.0,1,0,0,0,0,0,0,0,0,4,0,,67,1,2006,4,40.0713,-75.0383,1140.0,6,0,0,0,0,0,1,0,0,,0,0,0,11,1,2,1,,0.0,40 04:16.000,,0,75 02:17.829,4,0,0,0,67301,0,0,0,N,0,0,0,3,67301,1,,1,1,,N,N,,0,,0,0,0,3,2,,1135,2,2,0,0,0,1,0,3,4,1,2,3,,N,,,,,,,,,,,
2006033420,1710.0,1,0,0,0,0,0,1,0,0,6,1,,67,1,2006,5,40.0358,-75.1747,1705.0,6,0,0,0,0,0,1,0,0,,0,0,0,17,1,5,1,,0.0,40 02:08.000,,0,75 10:29.359,8,0,0,0,67301,0,0,0,N,0,0,0,7,67301,0,,1,1,,N,N,,0,,0,0,0,3,2,,1700,5,2,0,0,0,5,2,3,4,0,2,3,,N,,,,,,,,,,,
2006035682,845.0,2,0,0,0,0,0,0,0,0,4,0,,67,1,2006,6,40.0406,-75.1746,841.0,6,0,0,0,0,0,0,0,0,,0,0,0,8,1,1,1,,0.0,40 02:26.250,,0,75 10:28.527,4,0,0,0,67301,0,0,0,,0,0,0,2,67301,1,,1,1,,N,N,,0,,0,0,0,2,2,,828,1,2,0,0,0,0,0,3,4,0,2,3,,N,,,,,,,,,,,
2006035711,1815.0,1,0,0,0,0,0,0,0,0,7,0,,67,1,2006,3,40.0978,-75.0122,1802.0,6,0,0,0,0,0,0,0,0,1.0,0,0,0,17,3,0,2,,2.0,40 05:52.000,2.0,0,75 00:43.350,0,0,0,0,67301,0,0,0,N,0,0,0,1,67301,0,,3,1,,N,N,,0,,0,0,0,3,3,N,1745,0,2,0,0,0,0,0,3,4,0,1,3,,N,,,,,,,,,,,
2006032981,1820.0,1,0,0,0,0,0,0,0,0,8,0,,67,2,2006,3,,,1815.0,6,0,0,0,0,0,0,0,1,,0,0,0,18,1,1,0,,0.0,,,0,,4,0,0,0,67301,1,0,0,,1,0,0,2,67301,1,,1,1,,N,N,,0,,0,0,0,3,1,,1805,1,2,0,0,1,0,0,3,3,0,1,3,,N,,,,,,,,,,,
2006032852,1342.0,2,0,0,0,0,0,0,0,0,6,0,,67,2,2006,5,39.933,-75.2382,1337.0,6,0,0,0,0,0,1,0,0,,0,0,0,13,1,1,0,,0.0,39 55:58.800,,0,75 14:17.880,8,0,0,0,67301,0,0,0,N,0,0,0,2,67301,0,,1,9,,N,N,,0,,0,0,0,0,0,,1327,1,2,0,0,0,1,1,3,4,0,2,7,,N,,,,,,,,,,,
2006032941,1213.0,2,0,0,0,0,0,0,0,0,4,0,,67,1,2006,1,40.0397,-75.0676,1210.0,6,0,0,0,0,0,1,0,0,,0,0,0,12,1,1,1,,0.0,40 02:22.948,,0,75 04:03.327,4,0,0,0,67301,0,0,0,,0,0,0,3,67301,1,,1,9,,N,N,,0,,0,0,0,9,3,,1200,1,2,0,0,0,0,0,3,4,0,2,7,,N,,,,,,,,,,,
2006032949,1856.0,4,0,0,0,0,0,0,0,0,1,0,,67,1,2006,7,40.0401,-75.0785,1851.0,6,0,0,1,0,0,0,0,0,,0,0,0,18,3,1,0,,0.0,40 02:24.000,,0,75 04:42.648,3,0,0,0,67301,0,0,0,N,0,0,0,4,67301,0,,1,1,,N,N,,0,,1,0,0,0,0,,1810,1,4,0,0,0,0,0,3,4,0,4,3,,N,,,,,,,,,,,