CRN,ARRIVAL_TM,AUTOMOBILE_COUNT,BELTED_DEATH_COUNT,BELTED_SUSP_SERIOUS_INJ_COUNT,BICYCLE_COUNT,BICYCLE_DEATH_COUNT,BICYCLE_SUSP_SERIOUS_INJ_COUNT,BUS_COUNT,CHLDPAS_DEATH_COUNT,CHLDPAS_SUSP_SERIOUS_INJ_COUNT,COLLISION_TYPE,COMM_VEH_COUNT,CONS_ZONE_SPD_LIM,COUNTY,CRASH_MONTH,CRASH_YEAR,DAY_OF_WEEK,DEC_LAT,DEC_LONG,DISPATCH_TM,DISTRICT,DRIVER_COUNT_16YR,DRIVER_COUNT_17YR,DRIVER_COUNT_18YR,DRIVER_COUNT_19YR,DRIVER_COUNT_20YR,DRIVER_COUNT_50_64YR,DRIVER_COUNT_65_74YR,DRIVER_COUNT_75PLUS,EST_HRS_CLOSED,FATAL_COUNT,HEAVY_TRUCK_COUNT,HORSE_BUGGY_COUNT,HOUR_OF_DAY,ILLUMINATION,INJURY_COUNT,INTERSECT_TYPE,INTERSECTION_RELATED,LANE_CLOSED,LATITUDE,LN_CLOSE_DIR,LOCATION_TYPE,LONGITUDE,MAX_SEVERITY_LEVEL,MCYCLE_DEATH_COUNT,MCYCLE_SUSP_SERIOUS_INJ_COUNT,MOTORCYCLE_COUNT,MUNICIPALITY,NONMOTR_COUNT,NONMOTR_DEATH_COUNT,NONMOTR_SUSP_SERIOUS_INJ_COUNT,NTFY_HIWY_MAINT,PED_COUNT,PED_DEATH_COUNT,PED_SUSP_SERIOUS_INJ_COUNT,PERSON_COUNT,POLICE_AGCY,POSSIBLE_INJ_COUNT,RDWY_SURF_TYPE_CD,RELATION_TO_ROAD,ROAD_CONDITION,ROADWAY_CLEARED,SCH_BUS_IND,SCH_ZONE_IND,SECONDARY_CRASH,SMALL_TRUCK_COUNT,SPEC_JURIS_CD,SUSP_MINOR_INJ_COUNT,SUSP_SERIOUS_INJ_COUNT,SUV_COUNT,TCD_FUNC_CD,TCD_TYPE,TFC_DETOUR_IND,TIME_OF_DAY,TOT_INJ_COUNT,TOTAL_UNITS,UNB_DEATH_COUNT,UNB_SUSP_SERIOUS_INJ_COUNT,UNBELTED_OCC_COUNT,UNK_INJ_DEG_COUNT,UNK_INJ_PER_COUNT,URBAN_AREA,URBAN_RURAL,VAN_COUNT,VEHICLE_COUNT,WEATHER1,WEATHER2,WORK_ZONE_IND,WORK_ZONE_LOC,WORK_ZONE_TYPE,WORKERS_PRES,WZ_CLOSE_DETOUR,WZ_FLAGGER,WZ_LAW_OFFCR_IND,WZ_LN_CLOSURE,WZ_MOVING,WZ_OTHER,WZ_SHLDER_MDN,WZ_WORKERS_INJ_KILLED
2006020494,1213.0,2,0,0,0,0,0,0,0,0,4,0,,67,1,2006,1,40.0338,-75.0716,1203.0,6,0,0,0,0,0,0,0,1,,0,0,0,12,1,3,0,,0.0,40 02:01.000,,0,75 04:17.854,3,0,0,0,67301,0,0,0,N,0,0,0,4,67301,2,,1,1,,N,N,,0,,1,0,0,0,0,,1203,3,2,0,0,4,0,0,3,4,0,2,3,,N,,,,,,,,,,,
2006048497,2030.0,1,0,0,0,0,0,0,0,0,8,0,,67,1,2006,7,,,2020.0,6,0,0,0,0,0,0,0,0,,0,0,0,8,3,1,0,,0.0,,,0,,8,0,0,0,67301,1,0,0,,1,0,0,2,67301,0,,1,7,,,,,0,,0,0,0,0,0,,817,1,2,0,0,0,1,1,3,3,0,1,9,,N,,,,,,,,,,,
2006080015,1655.0,1,0,1,0,0,0,0,0,0,1,0,,67,6,2006,1,,,1650.0,6,0,0,0,0,0,0,0,0,,0,0,0,14,1,2,1,,0.0,,,0,,2,0,0,0,67301,0,0,0,N,0,0,0,5,67301,0,,1,1,,N,N,,1,,1,1,0,3,2,,1435,2,2,0,0,0,0,0,3,3,0,2,3,,N,,,,,,,,,,,
2006080053,1522.0,3,0,0,0,0,0,0,0,0,1,0,,67,6,2006,4,39.9482,-75.1417,1518.0,6,0,0,0,0,0,1,0,0,2.0,0,0,0,15,1,0,0,,1.0,39 56:53.880,1.0,0,75 08:30.120,0,0,0,0,67301,0,0,0,N,0,0,0,4,67301,0,,1,1,,N,N,,0,,0,0,1,0,0,N,1515,0,4,0,0,0,0,0,3,4,0,4,3,,N,,,,,,,,,,,
2006065466,658.0,2,0,0,0,0,0,0,0,0,4,0,,67,5,2006,6,,,656.0,6,0,0,0,0,0,1,0,0,,0,0,0,6,1,2,1,,0.0,,,0,,8,0,0,0,67301,0,0,0,N,0,0,0,2,67301,0,,1,9,,N,N,,0,,0,0,0,3,2,,655,2,2,0,0,0,2,0,3,3,0,2,3,,N,,,,,,,,,,,
2006065512,2221.0,3,0,0,0,0,0,0,0,0,4,0,,67,5,2006,7,39.9555,-75.1809,2206.0,6,0,0,0,0,0,0,0,0,1.0,0,0,0,22,3,1,0,,2.0,39 57:24.000,3.0,0,75 10:49.648,4,0,0,0,67301,0,0,0,N,0,0,0,3,67301,1,,1,1,,N,N,,0,,0,0,0,0,0,Y,2206,1,3,0,0,0,0,0,3,4,0,3,3,,N,,,,,,,,,,,
2006055368,1135.0,1,0,0,0,0,0,0,0,0,0,0,,67,4,2006,4,,,1122.0,6,0,0,0,1,0,0,0,0,1.0,0,0,0,99,1,2,0,,2.0,,5.0,0,,4,0,0,0,67301,0,0,0,N,0,0,0,2,67301,2,,1,9,,N,N,,0,,0,0,0,0,0,Y,9999,2,1,0,0,2,0,0,3,3,0,1,7,,N,,,,,,,,,,,
2006055440,1134.0,2,0,0,0,0,0,0,0,0,6,0,,67,3,2006,7,39.9497,-75.227,1129.0,6,0,0,0,0,0,1,0,0,,0,0,0,11,1,2,1,,0.0,39 56:59.000,,0,75 13:37.392,3,0,0,0,67301,0,0,0,N,0,0,0,2,67301,0,,1,1,,N,N,,0,,2,0,0,3,3,,1129,2,2,0,0,0,0,0,3,4,0,2,3,,N,,,,,,,,,,,
2006055466,1235.0,2,0,0,0,0,0,0,0,0,4,0,,67,3,2006,6,40.0937,-74.9802,1229.0,6,0,0,0,1,0,0,0,0,2.0,0,0,0,12,1,1,1,,2.0,40 05:37.000,2.0,0,74 58:47.836,8,0,0,0,67301,0,0,0,N,0,0,0,3,67301,0,,1,1,,N,N,,0,,0,0,0,3,2,Y,1229,1,2,0,0,0,1,0,3,4,0,2,3,,N,,,,,,,,,,,
2006055513,750.0,4,0,0,0,0,0,0,0,0,1,0,,67,3,2006,5,40.1289,-75.0089,748.0,6,0,0,0,0,0,0,0,0,,0,0,0,99,1,1,0,,0.0,40 07:43.863,,0,75 00:31.942,4,0,0,0,67301,0,0,0,,0,0,0,4,67301,1,,1,2,,,,,0,,0,0,0,0,0,,9999,1,4,0,0,0,0,0,3,4,0,4,7,,N,,,,,,,,,,,
2006055551,815.0,1,0,0,0,0,0,0,0,0,1,0,,67,4,2006,3,40.1081,-74.9968,815.0,6,0,0,0,0,0,1,0,0,1.0,0,0,0,8,1,1,0,,1.0,40 06:29.880,4.0,0,74 59:48.120,4,0,0,0,67301,0,0,0,N,0,0,0,2,67301,1,,1,1,,N,N,,1,,0,0,0,0,0,N,805,1,2,0,0,0,0,0,3,4,0,2,3,,N,,,,,,,,,,,
2006055593,1120.0,0,0,0,0,0,0,0,0,0,1,0,,67,3,2006,6,,,1059.0,6,0,0,0,0,0,1,0,0,,0,0,0,9,1,1,0,,0.0,,,0,,8,0,0,0,67301,0,0,0,N,0,0,0,3,67301,0,,1,1,,N,N,,0,,0,0,1,0,0,,945,1,2,0,0,0,1,0,3,3,1,2,3,,N,,,,,,,,,,,
2006055709,1300.0,2,0,0,0,0,0,0,0,0,2,0,,67,4,2006,5,40.0265,-75.0975,1300.0,6,0,0,0,0,0,0,0,0,,0,0,0,12,1,2,1,,0.0,40 01:36.000,,0,75 05:52.074,4,0,0,0,67301,0,0,0,N,0,0,0,4,67301,2,,1,1,,N,N,,0,,0,0,0,3,2,,1255,2,2,0,0,0,0,0,3,4,0,2,3,,N,,,,,,,,,,,
2006055724,541.0,2,0,0,0,0,0,0,0,0,2,0,,67,3,2006,7,39.9412,-75.2123,538.0,6,0,0,0,1,0,1,0,0,,0,0,0,5,5,3,3,,0.0,39 56:28.000,,0,75 12:44.122,3,0,0,0,67301,0,0,0,,0,0,0,4,67301,2,,1,1,,N,N,,0,,1,0,0,0,0,,513,3,2,0,0,4,0,0,3,4,0,2,3,,N,,,,,,,,,,,
2006055741,805.0,2,0,0,0,0,0,0,0,0,4,0,,67,4,2006,1,,,801.0,6,0,0,0,0,0,1,0,0,,0,0,0,7,1,1,1,,0.0,,,0,,8,0,0,0,67301,0,0,0,N,0,0,0,4,67301,0,,1,9,,N,N,,0,,0,0,0,3,3,,752,1,2,0,0,0,1,1,3,3,0,2,7,,N,,,,,,,,,,,
2006126845,1835.0,2,0,0,0,0,0,0,0,0,1,0,,67,11,2006,6,39.9881,-75.1179,1829.0,6,0,1,0,0,0,0,0,0,,0,0,0,99,4,1,1,,0.0,39 59:17.055,,0,75 07:04.551,3,0,0,0,67301,0,0,0,N,0,0,0,2,67301,0,,1,1,,N,N,,0,,1,0,0,9,3,,9999,1,2,0,0,0,0,0,3,4,0,2,3,,N,,,,,,,,,,,
2006102422,1241.0,2,0,0,0,0,0,0,0,0,4,0,,67,9,2006,7,40.0638,-75.1729,1236.0,6,0,0,0,0,0,0,0,1,,0,0,0,12,1,4,2,,0.0,40 03:49.000,,0,75 10:22.328,4,0,0,0,67301,0,0,0,N,0,0,0,4,67301,4,,1,1,,N,N,,0,,0,0,0,9,3,,1230,4,2,0,0,0,0,0,3,4,0,2,3,,N,,,,,,,,,,,
2006102208,1800.0,1,0,0,0,0,0,0,0,0,8,0,,67,9,2006,3,,,1727.0,6,0,0,0,0,0,0,0,0,,0,0,0,99,1,1,0,,0.0,,,0,,4,0,0,0,67301,1,0,0,N,1,0,0,2,67301,1,,1,1,,N,N,,0,,0,0,0,0,0,,9999,1,2,0,0,0,0,1,3,3,0,1,3,,N,,,,,,,,,,,
2006124908,643.0,1,0,0,0,0,0,0,0,0,2,0,,67,10,2006,5,39.9702,-75.1451,639.0,6,0,0,0,0,0,0,0,0,,0,0,0,6,1,0,1,,0.0,39 58:12.000,,0,75 08:41.937,9,0,0,0,67301,0,0,0,N,0,0,0,2,67301,0,,1,1,,N,N,,0,,0,0,0,3,2,,635,0,2,0,0,1,0,1,3,4,1,2,3,,N,,,,,,,,,,,
2006124710,245.0,3,0,0,0,0,0,0,0,0,5,0,,67,11,2006,4,,,235.0,6,0,0,0,0,0,0,0,0,,0,0,0,2,3,3,0,,0.0,,,0,,3,0,0,0,67301,0,0,0,N,0,0,0,3,67301,1,,6,9,,N,N,,0,,2,0,0,0,0,,235,3,3,0,0,2,0,0,3,3,0,3,7,,N,,,,,,,,,,,
2006113864,940.0,1,0,0,0,0,0,0,0,0,4,0,,67,9,2006,7,40.0286,-75.0853,940.0,6,0,0,0,0,0,0,0,0,,0,0,0,9,1,3,1,,0.0,40 01:42.798,,0,75 05:07.223,4,0,0,0,67301,0,0,0,,0,0,0,3,67301,3,,1,1,,N,N,,1,,0,0,0,3,2,,940,3,2,0,0,0,0,0,3,4,0,2,3,,N,,,,,,,,,,,
2006054687,2016.0,2,0,0,0,0,0,0,0,0,4,0,,67,4,2006,5,,,2009.0,6,0,1,0,0,0,0,0,0,,0,0,0,20,3,1,1,,0.0,,,0,,4,0,0,0,67301,0,0,0,N,0,0,0,2,67301,1,,1,1,,N,N,,0,,0,0,0,3,3,,2000,1,2,0,0,0,0,0,3,3,0,2,3,,N,,,,,,,,,,,
2006054713,1735.0,0,0,0,0,0,0,0,0,0,4,0,,67,4,2006,1,39.9604,-75.2411,1730.0,6,0,0,0,0,0,0,1,0,1.0,0,1,0,17,1,1,2,,1.0,39 57:37.000,5.0,0,75 14:27.938,3,0,0,1,67301,0,0,0,N,0,0,0,2,67301,0,,1,1,,N,N,,0,,1,0,0,0,0,Y,1705,1,2,0,0,0,0,0,3,4,0,2,3,,N,,,,,,,,,,,
2006062442,2250.0,1,0,0,0,0,0,0,0,0,8,0,,67,5,2006,1,39.9997,-75.1385,2245.0,6,0,0,0,0,0,0,0,0,,0,0,0,22,3,1,1,,0.0,39 59:58.000,,0,75 08:18.618,4,0,0,0,67301,1,0,0,N,1,0,0,3,67301,1,,1,1,,N,N,,0,,0,0,0,0,0,,2245,1,2,0,0,2,0,0,3,4,0,1,3,,N,,,,,,,,,,,
2006062464,2001.0,1,0,0,1,0,0,0,0,0,8,0,,67,5,2006,2,,,1955.0,6,0,0,0,0,0,0,0,0,,0,0,0,99,4,1,0,,0.0,,,0,,4,0,0,0,67301,1,0,0,N,0,0,0,3,67301,1,,1,1,,N,N,,0,,0,0,0,0,0,,9999,1,2,0,0,0,0,0,3,3,0,1,3,,N,,,,,,,,,,,
2006062467,956.0,1,0,0,0,0,0,0,0,0,7,0,,67,4,2006,6,39.9871,-75.1051,954.0,6,0,0,0,0,0,0,0,0,,0,0,0,9,1,1,1,,0.0,39 59:13.200,,0,75 06:18.000,8,0,0,0,67301,0,0,0,N,0,0,0,1,67301,0,,5,1,,N,N,,0,,0,0,0,0,0,,952,1,1,0,0,0,1,0,3,4,0,1,3,,N,,,,,,,,,,,
2006062510,900.0,4,0,0,0,0,0,0,0,0,5,0,,67,5,2006,5,40.0287,-75.1629,857.0,6,0,0,0,0,0,0,0,0,,0,0,0,7,1,0,0,,0.0,40 01:43.000,,0,75 09:46.242,9,0,0,0,67301,0,0,0,N,0,0,0,1,67301,0,,4,1,,N,N,,0,,0,0,0,0,0,,757,0,4,0,0,0,0,1,3,4,0,4,3,,N,,,,,,,,,,,
2006062511,2028.0,1,0,0,0,0,0,0,0,0,4,0,,67,5,2006,7,,,2022.0,6,0,0,0,0,0,1,0,0,,0,0,0,19,4,1,0,,0.0,,,0,,4,0,0,0,67301,0,0,0,N,0,0,0,2,67301,1,,1,1,,N,N,,1,,0,0,1,0,0,,1948,1,3,0,0,0,0,0,3,3,0,3,3,,N,,,,,,,,,,,
2006054940,2040.0,1,0,0,0,0,0,0,0,0,8,0,,67,3,2006,6,40.0666,-75.0511,2035.0,6,0,0,0,0,0,0,0,0,,0,0,0,20,3,1,1,,0.0,40 04:00.000,,0,75 03:04.287,8,0,0,0,67301,1,0,0,,1,0,0,2,67301,0,,1,1,,N,N,,0,,0,0,0,3,2,,2025,1,2,0,0,0,1,0,3,4,0,1,3,,N,,,,,,,,,,,
2006054950,1715.0,1,0,0,0,0,0,0,0,0,8,0,,67,4,2006,1,40.0066,-75.0883,1712.0,6,0,0,0,0,0,0,0,0,,0,0,0,17,1,1,1,,0.0,40 00:23.000,,0,75 05:19.570,8,0,0,0,67301,1,0,0,N,1,0,0,2,67301,0,,1,1,,N,N,,0,,0,0,0,0,0,,1710,1,2,0,0,0,1,1,3,4,0,1,3,,N,,,,,,,,,,,
2006054963,312.0,2,0,0,0,0,0,0,0,0,5,0,,67,3,2006,5,,,308.0,6,0,0,0,0,0,0,0,0,,0,0,0,8,3,1,0,,0.0,,,0,,2,0,0,0,67301,1,0,1,N,0,0,0,2,67301,0,,6,1,,N,N,,0,,0,1,0,0,0,,805,1,2,0,0,0,0,1,3,3,0,2,3,,N,,,,,,,,,,,
2006094076,9999.0,1,0,0,0,0,0,0,0,0,8,0,,67,8,2006,1,,,400.0,6,0,0,0,0,0,0,0,0,,0,0,0,21,3,1,1,,0.0,,,0,,4,0,0,0,67301,1,0,0,N,1,0,0,2,67301,1,,1,1,,N,N,,0,,0,0,0,9,9,,2130,1,2,0,0,0,0,0,3,3,0,1,3,,N,,,,,,,,,,,
2006055181,1910.0,3,0,0,0,0,0,0,0,0,1,0,,67,3,2006,2,40.1002,-75.0217,1900.0,6,0,0,0,0,1,0,0,0,,0,0,0,19,4,1,1,,0.0,40 06:00.676,,0,75 01:18.249,8,0,0,0,67301,0,0,0,N,0,0,0,4,67301,0,,1,1,,N,N,,0,,0,0,0,3,2,,1900,1,3,0,0,0,1,0,3,4,0,3,3,,N,,,,,,,,,,,
2006055299,2255.0,2,0,0,0,0,0,0,0,0,6,0,,67,4,2006,6,40.042,-75.0041,2249.0,6,0,0,0,0,0,0,0,0,3.0,0,0,0,22,3,0,0,,2.0,40 02:31.000,2.0,0,75 00:13.386,0,0,0,0,67301,0,0,0,N,0,0,0,3,67301,0,,1,1,,N,N,,0,,0,0,0,0,0,N,2245,0,2,0,0,1,0,0,3,4,0,2,3,,N,,,,,,,,,,,
2006055319,945.0,1,0,0,0,0,0,0,0,0,6,0,,67,4,2006,3,,,938.0,6,0,0,0,0,0,0,0,0,,0,0,0,99,1,1,2,,0.0,,,0,,4,0,0,0,67301,0,0,0,,0,0,0,6,67301,1,,1,1,,,,,0,,0,0,0,1,3,,9999,1,2,0,0,0,0,0,3,3,1,2,3,,N,,,,,,,,,,,
2006092800,220.0,1,0,0,0,0,0,0,0,0,7,0,,67,8,2006,4,39.9763,-75.1197,220.0,6,0,0,0,0,0,0,0,0,,0,0,0,2,3,0,1,,0.0,39 58:38.000,,0,75 07:09.332,0,0,0,0,67301,0,0,0,N,0,0,0,1,67301,0,,5,1,,N,N,,0,,0,0,0,3,2,,220,0,1,0,0,0,0,0,3,4,0,1,3,,N,,,,,,,,,,,
2006053890,640.0,2,0,0,0,0,0,0,0,0,4,0,,67,5,2006,4,39.9214,-75.1914,632.0,6,0,0,0,0,1,0,0,1,1.0,0,0,0,6,1,0,1,,1.0,39 55:17.000,3.0,0,75 11:28.706,0,0,0,0,67301,0,0,0,N,0,0,0,2,67301,0,,1,1,,N,N,,0,,0,0,0,0,0,Y,625,0,2,0,0,0,0,0,3,4,0,2,3,,N,,,,,,,,,,,
2006053944,744.0,0,0,0,0,0,0,0,0,0,7,0,,67,5,2006,3,40.112,-74.9905,740.0,6,0,0,0,0,0,0,0,0,1.0,0,0,0,7,1,1,1,,1.0,40 06:43.000,2.0,0,74 59:25.275,3,0,0,0,67301,0,0,0,N,0,0,0,1,67301,0,,2,1,,N,N,,0,,1,0,1,3,2,N,735,1,1,0,0,0,0,0,3,4,0,1,3,,N,,,,,,,,,,,
2006053950,916.0,0,0,2,0,0,0,0,0,1,4,2,,67,2,2006,2,39.9103,-75.1509,910.0,6,0,0,0,0,0,1,0,0,,0,2,0,99,1,5,1,,0.0,39 54:37.000,,2,75 09:03.431,2,0,0,0,67301,0,0,0,N,0,0,0,7,67301,3,,1,7,,N,N,,0,,0,2,1,3,2,,9999,5,3,0,0,0,0,1,3,4,0,3,10,,N,,,,,,,,,,,
2006053954,59.0,1,0,0,0,0,0,0,0,0,1,0,,67,2,2006,5,40.0819,-74.9995,56.0,6,0,0,0,0,0,0,0,0,,0,1,0,0,3,2,0,,0.0,40 04:54.976,,0,74 59:58.277,4,0,0,0,67301,1,0,0,N,0,0,0,3,67301,2,,6,1,,N,N,,0,,0,0,0,0,0,,55,2,2,0,0,0,0,0,3,4,0,2,3,,N,,,,,,,,,,,
2006092892,935.0,1,0,0,0,0,0,1,0,0,1,1,,67,8,2006,6,39.9751,-75.2615,930.0,6,0,0,0,0,1,1,0,0,1.0,0,0,0,9,1,2,0,,1.0,39 58:30.000,4.0,0,75 15:41.176,8,0,0,0,67301,0,0,0,N,0,0,0,3,67301,0,,1,1,,N,N,,0,,0,0,0,0,0,N,922,2,2,0,0,0,2,0,3,4,0,2,3,,N,,,,,,,,,,,
2006092894,1934.0,1,0,0,0,0,0,0,0,0,4,0,,67,7,2006,2,40.0432,-75.1809,1934.0,6,0,0,0,0,1,0,0,0,,0,0,0,19,1,2,1,,0.0,40 02:36.000,,0,75 10:51.172,4,0,0,0,67301,0,0,0,N,0,0,0,5,67301,2,,1,1,,N,N,,0,,0,0,1,3,2,,1915,2,2,0,0,0,0,0,3,4,0,2,3,,N,,,,,,,,,,,
2006092915,9999.0,2,0,0,0,0,0,0,0,0,1,0,,67,8,2006,6,40.0241,-75.0876,137.0,6,0,0,0,0,0,0,0,0,,0,0,0,99,1,1,0,,0.0,40 01:26.914,,0,75 05:15.496,4,0,0,0,67301,0,0,0,,0,0,0,1,67301,1,,6,1,,,,,0,,0,0,0,0,0,,9999,1,2,0,0,0,0,0,3,4,0,2,3,,N,,,,,,,,,,,
2006018381,1410.0,0,0,0,1,0,0,0,0,0,4,0,,67,1,2006,3,,,1410.0,6,0,0,0,0,0,0,0,0,,0,0,0,14,1,1,1,,0.0,,,0,,4,0,0,0,67301,1,0,0,N,0,0,0,3,67301,1,,1,1,,N,N,,1,,0,0,0,3,2,,1410,1,2,0,0,2,0,0,3,3,0,1,3,,N,,,,,,,,,,,
2006018365,1727.0,1,0,0,0,0,0,0,0,0,8,0,,67,1,2006,3,40.0225,-75.1367,1725.0,6,0,0,0,0,0,0,0,0,,0,0,0,17,1,1,0,,0.0,40 01:21.155,,0,75 08:12.153,4,0,0,0,67301,1,0,0,,1,0,0,2,67301,1,,1,1,,N,N,,0,,0,0,0,0,0,,1725,1,2,0,0,0,0,0,3,4,0,1,3,,N,,,,,,,,,,,
2006018419,725.0,2,0,0,0,0,0,0,0,0,1,0,,67,1,2006,5,40.1021,-75.0498,720.0,6,0,1,0,0,0,0,0,0,,0,0,0,7,3,1,0,,0.0,40 06:07.000,,0,75 02:59.408,4,0,0,0,67301,0,0,0,,0,0,0,2,67301,1,,1,9,,N,N,,0,,0,0,0,0,0,,715,1,2,0,0,0,0,0,3,4,0,2,7,,N,,,,,,,,,,,
2006036263,2016.0,2,0,0,0,0,0,0,0,0,2,0,,67,3,2006,2,,,2014.0,6,0,0,0,0,0,1,0,0,,0,0,0,20,3,2,0,,0.0,,,0,,4,0,0,0,67301,0,0,0,N,0,0,0,3,67301,2,,1,1,,N,N,,0,,0,0,0,0,0,,2014,2,3,0,0,3,0,0,3,3,1,3,3,,N,,,,,,,,,,,
2006036279,220.0,1,0,0,0,0,0,0,0,0,1,0,,67,2,2006,1,39.9238,-75.1655,219.0,6,0,0,1,0,0,0,0,0,,0,0,0,1,8,1,1,,0.0,39 55:24.000,,0,75 09:46.136,8,0,0,0,67301,0,0,0,,0,0,0,3,67301,0,,9,7,,,,,0,,0,0,0,9,2,,145,1,2,0,0,0,1,0,3,4,1,2,10,,N,,,,,,,,,,,
2006033408,341.0,1,0,0,0,0,0,0,0,0,8,0,,67,2,2006,1,39.9734,-75.2098,339.0,6,0,0,0,0,0,0,0,0,,0,0,0,3,3,1,2,,0.0,39 58:24.435,,0,75 12:35.240,8,0,0,0,67301,1,0,0,N,1,0,0,2,67301,0,,1,7,,N,N,,0,,0,0,0,3,2,,300,1,2,0,0,0,1,1,3,4,0,1,10,,N,,,,,,,,,,,
2006033412,625.0,1,0,0,0,0,0,0,0,0,1,0,,67,2,2006,5,39.8922,-75.2347,623.0,6,0,0,0,0,0,0,0,1,1.0,0,0,0,6,1,2,7,,1.0,39 53:32.000,1.0,2,75 14:05.016,4,0,0,0,67301,0,0,0,N,0,0,0,2,67301,2,,1,1,,N,N,,0,,0,0,0,0,0,N,625,2,2,0,0,0,0,0,3,4,1,2,3,,N,,,,,,,,,,,
2006033416,1230.0,2,0,0,0,0,0,0,0,0,5,0,,67,2,2006,3,40.0089,-75.1485,1226.0,6,0,0,0,0,0,0,0,0,,0,0,0,99,1,1,0,,0.0,40 00:32.000,,0,75 08:54.996,4,0,0,0,67301,1,0,0,,0,0,0,2,67301,1,,1,1,,N,N,,0,,0,0,0,0,0,,9999,1,2,0,0,1,0,0,3,4,0,2,3,,N,,,,,,,,,,,
2006033480,1830.0,1,0,0,0,0,0,0,0,0,1,0,,67,1,2006,2,39.9932,-75.1194,1828.0,6,0,0,0,0,0,0,0,0,,0,0,0,99,3,1,0,,0.0,39 59:35.484,,0,75 07:09.890,4,0,0,1,67301,0,0,0,,0,0,0,2,67301,1,,1,1,,N,N,,0,,0,0,0,0,0,,9999,1,2,0,0,0,0,0,3,4,0,2,3,,N,,,,,,,,,,,
2006035704,9999.0,2,0,0,0,0,0,0,0,0,4,0,,67,2,2006,4,39.9568,-75.2114,9999.0,6,0,0,0,0,0,0,0,0,,0,0,0,16,1,2,1,,0.0,39 57:24.000,,0,75 12:40.973,8,0,0,0,67301,0,0,0,N,0,0,0,6,67301,0,,5,9,,N,N,,0,,0,0,0,3,2,,1634,2,2,0,0,2,2,0,3,4,0,2,7,,N,,,,,,,,,,,
2006035707,1920.0,2,0,0,0,0,0,0,0,0,1,0,,67,1,2006,3,40.0929,-74.9788,1910.0,6,0,0,0,0,0,1,0,0,2.0,0,0,0,19,3,1,0,,1.0,40 05:34.000,4.0,2,74 58:42.682,3,0,0,0,67301,0,0,0,N,0,0,0,2,67301,0,,1,1,,N,N,,0,,1,0,0,3,4,N,1905,1,2,0,0,0,0,0,3,4,0,2,3,,N,,,,,,,,,,,
2006032979,2211.0,1,0,0,0,0,0,0,0,0,8,0,,67,2,2006,6,39.904,-75.2401,2155.0,6,0,0,0,0,0,0,0,0,,0,0,0,13,1,1,2,,0.0,39 54:14.000,,7,75 14:26.266,4,0,0,0,67301,1,0,0,N,1,0,0,2,67301,1,,1,1,,N,N,,0,,0,0,0,0,0,,1320,1,2,0,0,0,0,1,3,4,0,1,3,,N,,,,,,,,,,,
2006033099,1640.0,2,0,0,0,0,0,0,0,0,1,0,,67,2,2006,7,39.9915,-75.1355,1638.0,6,0,0,0,0,1,0,0,0,,0,0,0,0,8,1,0,,0.0,39 59:29.400,,0,75 08:08.160,4,0,0,0,67301,0,0,0,N,0,0,0,4,67301,1,,1,1,,N,N,,0,,0,0,0,9,9,,38,1,3,0,0,0,0,0,3,4,1,3,3,,N,,,,,,,,,,,
2006022766,1350.0,0,0,0,0,0,0,0,0,0,1,0,,67,1,2006,1,40.0267,-75.0677,1345.0,6,0,0,0,1,0,0,0,0,,0,0,0,13,1,1,0,,0.0,40 01:36.000,,0,75 04:03.687,4,0,0,0,67301,0,0,0,N,0,0,0,2,67301,1,,2,1,,N,N,,2,,0,0,0,0,0,,1320,1,2,0,0,1,0,0,3,4,0,2,3,,N,,,,,,,,,,,
2006053527,1630.0,1,0,0,0,0,0,0,0,0,4,0,,67,3,2006,7,,,1620.0,6,0,1,0,0,0,0,0,0,,0,0,0,99,1,4,1,,0.0,,,0,,4,0,0,0,67301,0,0,0,,0,0,0,4,67301,1,,1,1,,N,N,,1,,0,0,0,0,0,,9999,4,2,0,0,4,3,0,3,3,0,2,3,,N,,,,,,,,,,,
2006053749,1957.0,1,0,0,0,0,0,0,0,0,2,0,,67,4,2006,7,,,1955.0,6,0,0,0,0,0,0,0,0,,0,0,0,19,3,1,1,,0.0,,,0,,8,0,0,0,67301,0,0,0,N,0,0,0,2,67301,0,,1,1,,N,N,,1,,0,0,0,3,2,,1955,1,2,0,0,0,1,0,3,3,0,2,3,,N,,,,,,,,,,,
2006020118,1455.0,1,0,0,0,0,0,0,0,0,4,0,,67,1,2006,2,39.9724,-75.2174,1446.0,6,0,0,0,0,0,0,0,0,,0,0,0,14,1,1,1,,0.0,39 58:20.000,,0,75 13:03.212,8,0,0,0,67301,0,0,0,N,0,0,0,3,67301,0,,1,1,,N,N,,0,,0,0,0,3,2,,1440,1,2,0,0,0,1,0,3,4,0,2,3,,N,,,,,,,,,,,
2006020139,1159.0,2,0,0,0,0,0,0,0,0,1,0,,67,1,2006,1,39.9997,-75.1385,1152.0,6,0,0,0,0,0,0,0,0,,0,0,0,99,3,1,2,,0.0,39 59:58.000,,0,75 08:18.618,8,0,0,0,67301,0,0,0,,0,0,0,2,67301,0,,1,1,,N,N,,0,,0,0,0,9,2,,9999,1,2,0,0,0,1,1,3,4,0,2,3,,N,,,,,,,,,,,