CRN,ARRIVAL_TM,AUTOMOBILE_COUNT,BELTED_DEATH_COUNT,BELTED_SUSP_SERIOUS_INJ_COUNT,BICYCLE_COUNT,BICYCLE_DEATH_COUNT,BICYCLE_SUSP_SERIOUS_INJ_COUNT,BUS_COUNT,CHLDPAS_DEATH_COUNT,CHLDPAS_SUSP_SERIOUS_INJ_COUNT,COLLISION_TYPE,COMM_VEH_COUNT,CONS_ZONE_SPD_LIM,COUNTY,CRASH_MONTH,CRASH_YEAR,DAY_OF_WEEK,DEC_LAT,DEC_LONG,DISPATCH_TM,DISTRICT,DRIVER_COUNT_16YR,DRIVER_COUNT_17YR,DRIVER_COUNT_18YR,DRIVER_COUNT_19YR,DRIVER_COUNT_20YR,DRIVER_COUNT_50_64YR,DRIVER_COUNT_65_74YR,DRIVER_COUNT_75PLUS,EST_HRS_CLOSED,FATAL_COUNT,HEAVY_TRUCK_COUNT,HORSE_BUGGY_COUNT,HOUR_OF_DAY,ILLUMINATION,INJURY_COUNT,INTERSECT_TYPE,INTERSECTION_RELATED,LANE_CLOSED,LATITUDE,LN_CLOSE_DIR,LOCATION_TYPE,LONGITUDE,MAX_SEVERITY_LEVEL,MCYCLE_DEATH_COUNT,MCYCLE_SUSP_SERIOUS_INJ_COUNT,MOTORCYCLE_COUNT,MUNICIPALITY,NONMOTR_COUNT,NONMOTR_DEATH_COUNT,NONMOTR_SUSP_SERIOUS_INJ_COUNT,NTFY_HIWY_MAINT,PED_COUNT,PED_DEATH_COUNT,PED_SUSP_SERIOUS_INJ_COUNT,PERSON_COUNT,POLICE_AGCY,POSSIBLE_INJ_COUNT,RDWY_SURF_TYPE_CD,RELATION_TO_ROAD,ROAD_CONDITION,ROADWAY_CLEARED,SCH_BUS_IND,SCH_ZONE_IND,SECONDARY_CRASH,SMALL_TRUCK_COUNT,SPEC_JURIS_CD,SUSP_MINOR_INJ_COUNT,SUSP_SERIOUS_INJ_COUNT,SUV_COUNT,TCD_FUNC_CD,TCD_TYPE,TFC_DETOUR_IND,TIME_OF_DAY,TOT_INJ_COUNT,TOTAL_UNITS,UNB_DEATH_COUNT,UNB_SUSP_SERIOUS_INJ_COUNT,UNBELTED_OCC_COUNT,UNK_INJ_DEG_COUNT,UNK_INJ_PER_COUNT,URBAN_AREA,URBAN_RURAL,VAN_COUNT,VEHICLE_COUNT,WEATHER1,WEATHER2,WORK_ZONE_IND,WORK_ZONE_LOC,WORK_ZONE_TYPE,WORKERS_PRES,WZ_CLOSE_DETOUR,WZ_FLAGGER,WZ_LAW_OFFCR_IND,WZ_LN_CLOSURE,WZ_MOVING,WZ_OTHER,WZ_SHLDER_MDN,WZ_WORKERS_INJ_KILLED
2006080029,1340.0,1,0,0,0,0,0,0,0,0,8,0,,67,7,2006,2,39.9536,-75.1567,1330.0,6,0,0,0,0,0,0,0,0,,0,0,0,13,1,1,0,,0.0,39 57:12.960,,0,75 09:24.120,4,0,0,0,67301,1,0,0,N,1,0,0,2,67301,1,,1,1,,N,N,,0,,0,0,0,0,0,,1325,1,2,0,0,1,0,0,3,4,0,1,3,,N,,,,,,,,,,,
2006065065,1921.0,2,0,0,0,0,0,0,0,0,4,0,,67,5,2006,6,40.0473,-75.1428,1915.0,6,0,1,0,0,0,0,0,0,,0,0,0,18,1,1,0,,0.0,40 02:50.000,,0,75 08:34.235,8,0,0,0,67301,0,0,0,N,0,0,0,4,67301,0,,1,1,,N,N,,0,,0,0,0,0,0,,1830,1,2,0,0,0,1,0,3,4,0,2,3,,N,,,,,,,,,,,
2006062724,2105.0,1,0,0,0,0,0,0,0,0,8,0,,67,5,2006,6,,,2100.0,6,0,0,0,0,0,0,0,0,,0,0,0,20,3,1,1,,0.0,,,0,,3,0,0,0,67301,1,0,0,N,1,0,0,2,67301,0,,1,1,,N,N,,0,,1,0,0,9,3,,2035,1,2,0,0,0,0,0,3,3,0,1,3,,N,,,,,,,,,,,
2006065416,1414.0,2,0,0,0,0,0,0,0,0,4,0,,67,5,2006,4,,,1413.0,6,0,0,0,0,0,0,1,1,,0,0,0,14,1,2,1,,0.0,,,0,,3,0,0,0,67301,0,0,0,N,0,0,0,3,67301,1,,1,1,,N,N,,0,,1,0,0,3,3,,1412,2,2,0,0,0,0,0,3,3,0,2,3,,N,,,,,,,,,,,
2006065454,120.0,1,0,0,0,0,0,0,0,0,6,0,,67,5,2006,5,40.0548,-75.169,116.0,6,0,0,0,0,0,0,0,0,,0,0,0,99,3,2,1,,0.0,40 03:17.000,,0,75 10:08.426,4,0,0,0,67301,0,0,0,N,0,0,0,3,67301,1,,1,1,,N,N,,0,,0,0,0,3,2,,9999,2,2,0,0,2,1,1,3,4,0,2,3,,N,,,,,,,,,,,
2006055405,2034.0,2,0,0,0,0,0,0,0,0,4,0,,67,3,2006,4,40.0645,-75.1607,2032.0,6,0,0,0,0,0,0,0,0,,0,0,0,20,3,1,1,,0.0,40 03:52.000,,0,75 09:38.357,8,0,0,0,67301,0,0,0,N,0,0,0,2,67301,0,,1,1,,N,N,,0,,0,0,0,3,2,,2027,1,2,0,0,0,1,0,3,4,0,2,3,,N,,,,,,,,,,,
2006055421,1734.0,2,0,0,0,0,0,0,0,0,5,0,,67,3,2006,6,39.9828,-75.1186,1729.0,6,0,0,0,0,0,0,0,0,,0,0,0,17,3,0,2,,0.0,39 58:58.000,,0,75 07:06.820,9,0,0,0,67301,0,0,0,N,0,0,0,2,67301,0,,1,1,,N,N,,0,,0,0,0,0,0,,1729,0,2,0,0,0,0,2,3,4,0,2,3,,N,,,,,,,,,,,
2006055558,2215.0,2,0,0,0,0,0,0,0,0,4,0,,67,3,2006,4,40.0205,-75.1549,2200.0,6,0,0,0,0,0,0,0,0,1.0,0,0,0,21,3,0,0,,1.0,40 01:13.000,1.0,0,75 09:18.150,9,0,0,0,67301,0,0,0,N,0,0,0,2,67301,0,,1,1,,N,N,,0,,0,0,0,0,0,N,2151,0,2,0,0,0,0,1,3,4,0,2,3,,N,,,,,,,,,,,
2006055661,1440.0,1,0,0,0,0,0,0,0,0,4,0,,67,4,2006,7,40.0026,-75.1244,1436.0,6,0,0,0,0,0,0,0,0,1.0,0,0,0,14,1,1,1,,1.0,40 00:09.000,1.0,0,75 07:28.048,4,0,0,0,67301,0,0,0,,0,0,0,2,67301,1,,1,9,,,,,0,,0,0,1,3,2,N,1436,1,2,0,0,2,0,0,3,4,0,2,7,,N,,,,,,,,,,,
2006055682,1726.0,1,0,0,0,0,0,0,0,0,7,0,,67,4,2006,5,,,1720.0,6,0,0,0,0,1,0,0,0,,0,0,0,17,1,3,0,,0.0,,,0,,3,0,0,0,67301,0,0,0,N,0,0,0,3,67301,1,,5,1,,N,Y,,0,,2,0,0,0,0,,1715,3,1,0,0,0,0,0,3,3,0,1,3,,N,,,,,,,,,,,
2006055683,217.0,4,0,0,0,0,0,0,0,0,4,0,,67,4,2006,7,39.9829,-75.1221,214.0,6,0,0,0,0,1,0,0,0,,0,0,0,99,3,2,1,,0.0,39 58:58.274,,0,75 07:19.513,4,0,0,0,67301,0,0,0,N,0,0,0,3,67301,2,,1,1,,N,N,,0,,0,0,0,0,0,,9999,2,4,0,0,1,0,0,3,4,0,4,3,,N,,,,,,,,,,,
2006055760,2210.0,2,0,0,0,0,0,0,0,0,1,0,,67,4,2006,1,39.9409,-75.1952,2155.0,6,0,0,0,0,0,0,0,0,2.0,0,0,0,21,3,2,7,,2.0,39 56:29.760,4.0,2,75 11:40.200,8,0,0,0,67301,0,0,0,N,0,0,0,2,67301,0,,1,1,,N,N,,0,,0,0,0,0,0,N,2150,2,2,0,0,0,2,0,3,4,0,2,3,,N,,,,,,,,,,,
2006055803,1704.0,1,0,0,0,0,0,0,0,0,4,0,,67,2,2006,2,39.9969,-75.1164,1703.0,6,0,0,0,0,0,0,0,0,,0,0,0,16,1,1,2,,0.0,39 59:49.000,,0,75 06:59.082,4,0,0,0,67301,0,0,0,N,0,0,0,6,67301,1,,1,1,,N,N,,0,,0,0,0,3,3,,1658,1,2,0,0,0,0,0,3,4,1,2,3,,N,,,,,,,,,,,
2006055813,942.0,1,0,0,0,0,0,0,0,0,8,0,,67,3,2006,4,39.9864,-75.1009,938.0,6,0,0,0,1,0,0,0,0,,0,0,0,99,1,1,1,,0.0,39 59:11.076,,0,75 06:03.394,3,0,0,0,67301,1,0,0,N,1,0,0,6,67301,0,,1,1,,N,N,,0,,1,0,0,9,9,,9999,1,2,0,0,0,0,0,3,4,0,1,3,,N,,,,,,,,,,,
2006060836,1637.0,1,0,0,0,0,0,0,0,0,1,0,,67,5,2006,2,,,1637.0,6,0,0,0,0,0,1,0,0,1.0,0,0,0,16,1,2,1,,2.0,,3.0,0,,4,0,0,0,67301,2,0,0,N,2,0,0,4,67301,2,,1,1,,N,N,,0,,0,0,0,3,2,Y,1637,2,4,0,0,0,0,0,3,3,1,2,3,,N,,,,,,,,,,,
2006126851,817.0,1,0,0,0,0,0,0,0,0,1,1,,67,11,2006,5,40.0296,-75.1032,810.0,6,0,0,0,0,0,0,1,0,,0,0,0,7,1,3,8,,0.0,40 01:46.000,,0,75 06:11.771,4,0,0,0,67301,0,0,0,N,0,0,0,4,67301,3,,1,1,,N,N,,0,,0,0,0,3,2,,730,3,2,0,0,0,0,0,3,4,0,2,3,,N,,,,,,,,,,,
2006104956,633.0,1,0,0,0,0,0,0,0,0,7,0,,67,8,2006,2,39.927,-75.2435,627.0,6,0,0,0,0,0,0,0,0,,0,0,0,6,3,1,3,,0.0,39 55:37.000,,0,75 14:36.674,3,0,0,0,67301,0,0,0,N,0,0,0,1,67301,0,,5,9,,N,N,,0,,1,0,0,0,0,,615,1,1,0,0,0,0,0,3,4,0,1,7,,N,,,,,,,,,,,
2006104969,732.0,2,0,0,0,0,0,0,0,0,4,0,,67,8,2006,5,39.9214,-75.1914,730.0,6,0,0,0,0,0,1,0,0,,0,0,0,7,1,0,2,,0.0,39 55:17.000,,0,75 11:28.706,0,0,0,0,67301,0,0,0,N,0,0,0,2,67301,0,,1,1,,N,N,,0,,0,0,0,0,0,,730,0,2,0,0,0,0,0,3,4,0,2,3,,N,,,,,,,,,,,
2006053780,1645.0,1,0,0,0,0,0,0,0,0,4,0,,67,4,2006,2,40.0692,-75.1789,1638.0,6,0,0,0,0,0,1,0,0,,0,0,0,16,1,2,1,,0.0,40 04:08.958,,0,75 10:44.068,4,0,0,0,67301,0,0,0,N,0,0,0,2,67301,2,,1,1,,N,N,,0,,0,0,1,3,3,,1605,2,2,0,0,0,0,0,3,4,0,2,3,,N,,,,,,,,,,,
2006094898,1618.0,1,0,0,0,0,0,0,0,0,8,0,,67,7,2006,5,,,1615.0,6,0,0,0,0,0,0,0,1,1.0,0,0,0,16,1,1,0,,1.0,,1.0,0,,8,0,0,0,67301,1,0,0,,1,0,0,2,67301,0,,1,1,,N,N,,0,,0,0,0,3,2,N,1610,1,2,0,0,0,1,0,3,3,0,1,3,,N,,,,,,,,,,,
2006094927,1520.0,3,0,0,0,0,0,0,0,0,1,0,,67,7,2006,6,40.0107,-75.1508,1520.0,6,0,0,0,0,0,0,0,0,2.0,0,0,0,15,1,6,1,,2.0,40 00:38.000,1.0,0,75 09:03.485,3,0,0,0,67301,0,0,0,,0,0,0,7,67301,0,,1,9,,N,,,0,,4,0,0,3,2,Y,1520,6,3,0,0,0,2,0,3,4,0,3,3,,N,,,,,,,,,,,
2006055863,1659.0,1,0,0,0,0,0,0,0,0,9,0,,67,3,2006,6,40.0521,-75.2386,1657.0,6,0,0,0,0,0,0,0,0,,0,0,0,99,1,2,1,,0.0,40 03:07.390,,0,75 14:19.021,4,0,0,0,67301,0,0,0,,0,0,0,3,67301,2,,1,1,,N,N,,0,,0,0,0,0,0,,9999,2,1,0,0,3,0,0,3,4,0,1,3,,N,,,,,,,,,,,
2006055872,42.0,1,0,0,0,0,0,0,0,0,6,0,,67,2,2006,2,40.0115,-75.0698,235.0,6,0,0,0,0,0,0,0,0,,0,0,0,2,6,2,1,,0.0,40 00:41.000,,0,75 04:11.189,4,0,0,0,67301,0,0,0,N,0,0,0,3,67301,2,,1,1,,N,N,,0,,0,0,0,3,2,,225,2,2,0,0,0,0,0,3,4,1,2,3,,N,,,,,,,,,,,
2006055910,1355.0,2,0,0,0,0,0,0,0,0,4,0,,67,4,2006,4,40.0474,-75.1428,1352.0,6,0,0,0,0,0,1,0,0,,0,0,0,13,1,2,0,,0.0,40 02:50.000,,0,75 08:34.165,3,0,0,0,67301,0,0,0,N,0,0,0,3,67301,0,,1,1,,N,N,,0,,1,0,0,0,0,,1342,2,2,0,0,0,1,1,3,4,0,2,3,,N,,,,,,,,,,,
2006055826,252.0,2,0,0,0,0,0,0,0,0,1,0,,67,3,2006,7,,,223.0,6,0,0,0,0,0,0,0,0,,0,0,0,2,3,0,0,,0.0,,,0,,0,0,0,0,67301,0,0,0,,0,0,0,1,67301,0,,6,1,,N,N,,0,,0,0,0,0,0,,220,0,2,0,0,0,0,0,3,3,0,2,3,,N,,,,,,,,,,,
2006092453,2000.0,2,0,0,0,0,0,0,0,0,1,0,,67,8,2006,1,40.0296,-75.1032,2000.0,6,0,0,0,0,0,1,0,0,,0,0,0,20,3,3,1,,0.0,40 01:47.000,,0,75 06:11.085,4,0,0,0,67301,0,0,0,N,0,0,0,4,67301,3,,1,1,,N,N,,0,,0,0,0,9,2,,2050,3,2,0,0,0,0,1,3,4,0,2,3,,N,,,,,,,,,,,
2006094982,251.0,1,0,0,0,0,0,0,0,0,7,0,,67,7,2006,2,39.9626,-75.2463,250.0,6,0,0,0,0,0,0,0,0,,0,0,0,2,3,2,0,,0.0,39 57:45.360,,0,75 14:47.040,3,0,0,0,67301,0,0,0,N,0,0,0,2,67301,1,,4,1,,N,N,,0,,1,0,0,3,3,,245,2,1,0,0,0,0,0,3,4,0,1,3,,N,,,,,,,,,,,
2006094995,2345.0,1,0,0,1,0,0,0,0,0,4,0,,67,8,2006,3,,,2343.0,6,0,0,0,0,0,0,0,0,,0,0,0,23,3,1,1,,0.0,,,0,,4,0,0,0,67301,1,0,0,N,0,0,0,2,67301,1,,1,1,,N,N,,0,,0,0,0,3,3,,2334,1,2,0,0,0,0,0,3,3,0,1,3,,N,,,,,,,,,,,
2006094998,1457.0,1,0,0,0,0,0,0,0,0,8,0,,67,8,2006,3,39.9645,-75.2045,1456.0,6,0,0,0,0,0,0,0,0,,0,0,0,14,1,1,2,,0.0,39 57:52.225,,0,75 12:16.248,4,0,0,0,67301,1,0,0,N,1,0,0,2,67301,1,,1,1,,N,N,,0,,0,0,0,0,0,,1454,1,2,0,0,0,0,0,3,4,0,1,3,,N,,,,,,,,,,,
2006056041,2055.0,1,0,0,0,0,0,0,0,0,8,0,,67,4,2006,6,39.997,-75.1786,2045.0,6,0,0,0,0,0,0,0,0,,0,0,0,20,3,1,1,,0.0,39 59:49.000,,0,75 10:42.921,4,0,0,0,67301,1,0,0,N,1,0,0,2,67301,1,,1,1,,N,N,,0,,0,0,0,3,2,,2010,1,2,0,0,0,0,0,3,4,0,1,3,,N,,,,,,,,,,,
2006056063,1935.0,2,0,0,0,0,0,0,0,0,4,0,,67,3,2006,2,40.0205,-75.1924,1930.0,6,0,0,0,0,0,0,0,0,1.0,0,0,0,19,3,0,1,,1.0,40 01:13.000,2.0,0,75 11:33.064,0,0,0,0,67301,0,0,0,N,0,0,0,2,67301,0,,1,1,,N,N,,0,,0,0,0,3,2,N,1920,0,2,0,0,0,0,0,3,4,0,2,3,,N,,,,,,,,,,,
2006056084,1357.0,1,0,0,0,0,0,0,0,0,4,0,,67,5,2006,5,40.0444,-75.0726,1354.0,6,0,0,0,0,0,0,0,0,,0,0,0,13,1,0,1,,0.0,40 02:39.000,,0,75 04:21.836,0,0,0,0,67301,0,0,0,,0,0,0,3,67301,0,,1,1,,N,N,,0,,0,0,1,3,2,,1350,0,2,0,0,0,0,0,3,4,0,2,3,,N,,,,,,,,,,,
2006056127,1255.0,3,0,0,0,0,0,0,0,0,4,0,,67,3,2006,6,40.0296,-75.1032,1251.0,6,0,0,0,1,1,0,0,0,,0,0,0,12,1,1,5,,0.0,40 01:47.000,,0,75 06:11.085,8,0,0,0,67301,0,0,0,N,0,0,0,4,67301,0,,1,1,,N,N,,0,,0,0,0,3,2,,1248,1,3,0,0,0,1,0,3,4,0,3,3,,N,,,,,,,,,,,
2006056163,1435.0,1,0,0,0,0,0,0,0,0,4,0,,67,3,2006,6,39.9291,-75.2205,1430.0,6,0,0,0,0,0,0,0,0,,0,0,0,14,1,1,1,,0.0,39 55:44.000,,0,75 13:14.352,4,0,0,0,67301,0,0,0,N,0,0,0,3,67301,1,,1,1,,N,N,,1,,0,0,0,3,2,,1430,1,2,0,0,0,0,0,3,4,0,2,3,,N,,,,,,,,,,,
2006092797,1729.0,1,0,0,0,0,0,0,0,0,4,0,,67,8,2006,5,,,1725.0,6,0,0,0,0,0,0,0,0,,0,0,0,17,1,1,1,,0.0,,,0,,4,0,0,0,67301,0,0,0,N,0,0,0,4,67301,1,,1,1,,N,N,,0,,0,0,0,3,3,,1720,1,2,0,0,0,0,1,3,3,1,2,3,,N,,,,,,,,,,,
2006053958,415.0,0,0,0,0,0,0,0,0,0,7,1,,67,3,2006,4,40.0101,-75.0641,337.0,6,0,0,0,0,0,0,0,0,4.0,0,1,0,3,3,1,7,,2.0,40 00:36.000,2.0,2,75 03:51.269,2,0,0,0,67301,0,0,0,Y,0,0,0,1,67301,0,,1,1,,N,N,,0,,0,1,0,0,0,Y,337,1,1,0,1,1,0,0,3,4,0,1,3,,N,,,,,,,,,,,
2006053999,1153.0,2,0,0,0,0,0,0,0,0,4,0,,67,4,2006,7,39.9572,-75.1587,1152.0,6,0,0,0,0,0,0,0,0,,0,0,0,11,1,1,1,,0.0,39 57:25.000,,0,75 09:31.098,8,0,0,0,67301,0,0,0,N,0,0,0,5,67301,0,,1,1,,N,N,,0,,0,0,0,9,2,,1145,1,2,0,0,0,1,1,3,4,0,2,3,,N,,,,,,,,,,,
2006033167,107.0,0,0,0,0,0,0,0,0,0,8,0,,67,1,2006,1,,,100.0,6,0,0,0,0,0,1,0,0,,0,0,0,1,3,1,1,,0.0,,,0,,8,0,0,0,67301,1,0,0,N,1,0,0,3,67504,0,,1,1,,N,N,,0,,0,0,1,3,2,,105,1,2,0,0,0,1,0,3,3,0,1,3,,N,,,,,,,,,,,
2006035690,1147.0,1,0,0,0,0,0,0,0,0,7,0,,67,2,2006,7,,,1145.0,6,0,0,0,0,0,0,0,0,,0,0,0,11,1,1,0,,0.0,,,0,,4,0,0,0,67301,0,0,0,N,0,0,0,2,67301,1,,5,1,,N,N,,0,,0,0,0,0,0,,1141,1,1,0,0,0,0,0,3,3,0,1,3,,N,,,,,,,,,,,
2006035705,843.0,1,0,0,0,0,0,0,0,0,8,0,,67,2,2006,3,39.9595,-75.2332,832.0,6,0,0,0,0,0,0,0,0,,0,0,0,8,1,2,1,,0.0,39 57:34.000,,0,75 13:59.506,4,0,0,0,67301,2,0,0,N,2,0,0,3,67301,2,,1,7,,N,N,,0,,0,0,0,3,2,,832,2,3,0,0,0,0,0,3,4,0,1,10,,N,,,,,,,,,,,
2006033322,1232.0,1,0,0,0,0,0,0,0,0,4,0,,67,2,2006,2,40.0659,-75.1765,1225.0,6,0,0,0,0,1,1,0,0,,0,0,0,12,1,0,1,,0.0,40 03:57.000,,0,75 10:35.461,9,0,0,0,67301,0,0,0,,0,0,0,2,67301,0,,1,1,,N,N,,0,,0,0,0,9,3,,1215,0,2,0,0,0,0,1,3,4,1,2,3,,N,,,,,,,,,,,
2006033333,538.0,1,0,0,0,0,0,0,0,0,1,0,,67,3,2006,5,39.8838,-75.2233,530.0,6,0,0,0,0,0,1,0,0,,0,0,0,5,3,0,2,,0.0,39 53:01.744,,0,75 13:23.905,0,0,0,0,67301,0,0,0,,0,0,0,3,67301,0,,1,1,,N,N,,1,,0,0,0,3,3,,528,0,2,0,0,0,0,0,3,4,0,2,3,,N,,,,,,,,,,,
2006032977,1928.0,4,0,0,0,0,0,0,0,0,5,0,,67,3,2006,5,,,1927.0,6,0,0,0,0,0,1,0,0,,0,0,0,19,3,3,1,,0.0,,,0,,4,0,0,0,67301,0,0,0,,0,0,0,6,67301,3,,1,9,,N,N,,0,,0,0,0,0,0,,1926,3,5,0,0,0,0,1,3,3,1,5,7,,N,,,,,,,,,,,
2006033103,1845.0,2,0,0,0,0,0,0,0,0,1,0,,67,2,2006,4,39.9701,-75.1304,1842.0,6,0,0,0,0,0,1,0,0,,0,0,0,18,3,2,1,,0.0,39 58:12.000,,0,75 07:48.593,8,0,0,0,67301,0,0,0,,0,0,0,3,67301,0,,1,9,,,,,0,,0,0,0,0,0,,1840,2,2,0,0,1,2,0,3,4,0,2,3,,N,,,,,,,,,,,
2006019896,1730.0,1,0,0,0,0,0,0,0,0,8,0,,67,1,2006,1,39.9563,-75.1628,1721.0,6,0,0,0,0,0,0,0,0,,0,0,0,9,1,1,1,,0.0,39 57:22.000,,0,75 09:45.955,8,0,0,0,67301,1,0,0,,1,0,0,2,67301,0,,1,9,,N,N,,0,,0,0,0,3,2,,900,1,2,0,0,0,1,1,3,4,0,1,7,,N,,,,,,,,,,,
2006053706,750.0,0,0,0,0,0,0,0,0,0,4,0,,67,4,2006,4,39.9847,-75.1566,745.0,6,0,0,0,0,0,0,0,0,,0,0,0,7,1,1,1,,0.0,39 59:04.000,,0,75 09:23.784,8,0,0,0,67301,0,0,0,N,0,0,0,3,67301,0,,1,1,,N,N,,0,,0,0,2,3,2,,745,1,2,0,0,0,1,0,3,4,0,2,3,,N,,,,,,,,,,,
2006053707,2348.0,2,0,0,0,0,0,0,0,0,5,0,,67,5,2006,5,,,2344.0,6,0,0,0,0,0,0,0,0,,0,0,0,23,3,0,1,,0.0,,,0,,9,0,0,0,67301,0,0,0,N,0,0,0,1,67301,0,,1,1,,N,N,,0,,0,0,0,3,3,,2344,0,2,0,0,0,0,1,3,3,0,2,3,,N,,,,,,,,,,,
2006080037,2109.0,2,0,0,0,0,0,0,0,0,4,0,,67,5,2006,5,,,2100.0,6,0,0,0,0,0,1,0,0,,0,0,0,21,3,1,0,,0.0,,,0,,4,0,0,0,67301,0,0,0,N,0,0,0,2,67301,1,,6,9,,N,N,,0,,0,0,0,0,0,,2100,1,3,0,0,0,0,0,3,3,1,3,98,,N,,,,,,,,,,,
2006065019,1905.0,1,0,0,1,0,0,0,0,0,5,0,,67,5,2006,5,,,1852.0,6,0,0,0,0,0,0,0,0,,0,0,0,17,1,1,2,,0.0,,,0,,4,0,0,0,67301,1,0,0,N,0,0,0,2,67301,1,,1,1,,N,N,,0,,0,0,0,3,3,,1740,1,2,0,0,0,0,0,3,3,0,1,3,,N,,,,,,,,,,,
2006062703,1850.0,2,0,0,0,0,0,0,0,0,4,0,,67,5,2006,2,40.0358,-75.1747,1846.0,6,0,0,0,0,0,1,0,0,,0,0,0,18,4,1,1,,0.0,40 02:08.000,,0,75 10:29.359,4,0,0,0,67301,0,0,0,N,0,0,0,2,67301,1,,1,1,,N,N,,0,,0,0,0,3,2,,1843,1,2,0,0,0,0,0,3,4,0,2,3,,N,,,,,,,,,,,
2006065441,413.0,2,0,0,0,0,0,0,0,0,2,0,,67,5,2006,2,39.9585,-75.1689,410.0,6,0,0,0,0,0,0,0,0,2.0,0,0,0,4,3,1,2,,1.0,39 57:32.000,4.0,0,75 10:07.359,4,0,0,0,67301,0,0,0,,0,0,0,4,67301,1,,1,1,,,,,0,,0,0,0,3,2,N,410,1,2,0,0,0,0,0,3,4,0,2,3,,N,,,,,,,,,,,
2006065453,1706.0,1,0,0,0,0,0,0,0,0,8,0,,67,5,2006,5,40.0341,-75.1766,1702.0,6,0,0,0,0,0,0,0,1,,0,0,0,17,1,1,0,,0.0,40 02:02.837,,0,75 10:35.793,8,0,0,0,67301,1,0,0,N,1,0,0,2,67301,0,,1,1,,N,N,,0,,0,0,0,0,0,,1700,1,2,0,0,0,1,0,3,4,0,1,3,,N,,,,,,,,,,,
2006065550,1815.0,1,0,0,0,0,0,0,0,0,1,0,,67,5,2006,4,39.9851,-75.2474,1809.0,6,0,0,0,0,0,0,0,0,,0,0,0,15,1,1,1,,0.0,39 59:06.000,,0,75 14:51.395,8,0,0,0,67301,0,0,0,,0,0,0,2,67301,0,,1,1,,N,N,,0,,0,0,1,3,2,,1557,1,2,0,0,0,1,1,3,4,0,2,3,,N,,,,,,,,,,,
2006055436,2140.0,2,0,0,0,0,0,0,0,0,4,0,,67,4,2006,4,40.0296,-75.0868,2136.0,6,0,0,0,0,0,0,0,0,,0,0,0,21,3,2,1,,0.0,40 01:46.000,,0,75 05:12.486,8,0,0,0,67301,0,0,0,N,0,0,0,4,67301,0,,1,1,,N,N,,0,,0,0,0,3,2,,2136,2,2,0,0,0,2,0,3,4,0,2,3,,N,,,,,,,,,,,
2006094574,1757.0,1,0,0,0,0,0,0,0,0,8,0,,67,8,2006,5,39.9573,-75.2153,1753.0,6,0,0,0,0,0,1,0,0,1.0,0,0,0,17,1,1,2,,1.0,39 57:26.000,3.0,0,75 12:55.208,4,0,0,0,67301,1,0,0,N,1,0,0,2,67301,1,,1,1,,N,N,,0,,0,0,0,3,2,Y,1752,1,2,0,0,0,0,0,3,4,0,1,3,,N,,,,,,,,,,,
2006055541,1618.0,1,0,0,0,0,0,0,0,0,1,0,,67,3,2006,1,,,1613.0,6,0,0,0,0,0,0,0,0,2.0,0,0,0,16,1,0,0,,1.0,,1.0,0,,0,0,0,0,67301,0,0,0,N,0,0,0,1,67301,0,,2,9,,N,N,,1,,0,0,0,3,2,N,1605,0,2,0,0,0,0,0,3,3,0,2,3,,N,,,,,,,,,,,
2006055576,1612.0,0,0,0,0,0,0,0,0,0,0,0,,67,3,2006,6,39.9737,-75.1199,1610.0,6,0,0,0,0,0,0,0,0,1.0,0,0,0,16,1,1,0,,2.0,39 58:26.000,2.0,0,75 07:09.336,4,0,0,0,67301,0,0,0,,0,0,0,1,67301,1,,1,1,,N,,,0,,0,0,1,0,0,Y,1610,1,1,0,0,0,0,0,3,4,0,1,3,,N,,,,,,,,,,,
2006055735,2307.0,2,0,0,0,0,0,0,0,0,5,0,,67,4,2006,7,,,9999.0,6,0,0,0,0,0,0,0,1,,0,0,0,23,3,2,3,,0.0,,,0,,4,0,0,0,67301,0,0,0,N,0,0,0,2,67301,2,,1,1,,N,N,,0,,0,0,0,3,2,,2307,2,2,0,0,0,0,0,3,3,0,2,3,,N,,,,,,,,,,,
2006055761,2359.0,3,0,0,0,0,0,0,0,0,1,0,,67,4,2006,1,40.0177,-75.1722,2345.0,6,0,0,0,1,0,0,0,0,3.0,0,0,0,23,3,0,0,,2.0,40 01:03.000,1.0,0,75 10:20.129,9,0,0,0,67301,0,0,0,,0,0,0,4,67301,0,,1,1,,,,,0,,0,0,0,0,0,Y,2339,0,3,0,0,0,0,2,3,4,0,3,3,,N,,,,,,,,,,,
2006126863,821.0,1,0,0,0,0,0,0,0,0,8,0,,67,10,2006,4,39.9296,-75.1905,819.0,6,0,0,0,0,0,0,0,0,,0,0,0,8,1,1,1,,0.0,39 55:46.446,,0,75 11:25.717,8,0,0,0,67301,1,0,0,N,1,0,0,2,67301,0,,1,1,,N,N,,0,,0,0,0,9,3,,819,1,2,0,0,0,1,0,3,4,0,1,3,,N,,,,,,,,,,,
2006102228,10.0,0,0,0,0,0,0,0,0,0,8,0,,67,9,2006,1,39.9169,-75.216,5.0,6,0,0,0,0,0,0,0,0,,0,0,0,0,3,1,1,,0.0,39 55:05.880,,0,75 12:30.960,8,0,0,0,67301,1,0,0,N,1,0,0,2,67301,0,,1,1,,N,N,,0,,0,0,1,0,0,,0,1,2,0,0,0,1,0,3,4,0,1,3,,N,,,,,,,,,,,