CRN,ARRIVAL_TM,AUTOMOBILE_COUNT,BELTED_DEATH_COUNT,BELTED_SUSP_SERIOUS_INJ_COUNT,BICYCLE_COUNT,BICYCLE_DEATH_COUNT,BICYCLE_SUSP_SERIOUS_INJ_COUNT,BUS_COUNT,CHLDPAS_DEATH_COUNT,CHLDPAS_SUSP_SERIOUS_INJ_COUNT,COLLISION_TYPE,COMM_VEH_COUNT,CONS_ZONE_SPD_LIM,COUNTY,CRASH_MONTH,CRASH_YEAR,DAY_OF_WEEK,DEC_LAT,DEC_LONG,DISPATCH_TM,DISTRICT,DRIVER_COUNT_16YR,DRIVER_COUNT_17YR,DRIVER_COUNT_18YR,DRIVER_COUNT_19YR,DRIVER_COUNT_20YR,DRIVER_COUNT_50_64YR,DRIVER_COUNT_65_74YR,DRIVER_COUNT_75PLUS,EST_HRS_CLOSED,FATAL_COUNT,HEAVY_TRUCK_COUNT,HORSE_BUGGY_COUNT,HOUR_OF_DAY,ILLUMINATION,INJURY_COUNT,INTERSECT_TYPE,INTERSECTION_RELATED,LANE_CLOSED,LATITUDE,LN_CLOSE_DIR,LOCATION_TYPE,LONGITUDE,MAX_SEVERITY_LEVEL,MCYCLE_DEATH_COUNT,MCYCLE_SUSP_SERIOUS_INJ_COUNT,MOTORCYCLE_COUNT,MUNICIPALITY,NONMOTR_COUNT,NONMOTR_DEATH_COUNT,NONMOTR_SUSP_SERIOUS_INJ_COUNT,NTFY_HIWY_MAINT,PED_COUNT,PED_DEATH_COUNT,PED_SUSP_SERIOUS_INJ_COUNT,PERSON_COUNT,POLICE_AGCY,POSSIBLE_INJ_COUNT,RDWY_SURF_TYPE_CD,RELATION_TO_ROAD,ROAD_CONDITION,ROADWAY_CLEARED,SCH_BUS_IND,SCH_ZONE_IND,SECONDARY_CRASH,SMALL_TRUCK_COUNT,SPEC_JURIS_CD,SUSP_MINOR_INJ_COUNT,SUSP_SERIOUS_INJ_COUNT,SUV_COUNT,TCD_FUNC_CD,TCD_TYPE,TFC_DETOUR_IND,TIME_OF_DAY,TOT_INJ_COUNT,TOTAL_UNITS,UNB_DEATH_COUNT,UNB_SUSP_SERIOUS_INJ_COUNT,UNBELTED_OCC_COUNT,UNK_INJ_DEG_COUNT,UNK_INJ_PER_COUNT,URBAN_AREA,URBAN_RURAL,VAN_COUNT,VEHICLE_COUNT,WEATHER1,WEATHER2,WORK_ZONE_IND,WORK_ZONE_LOC,WORK_ZONE_TYPE,WORKERS_PRES,WZ_CLOSE_DETOUR,WZ_FLAGGER,WZ_LAW_OFFCR_IND,WZ_LN_CLOSURE,WZ_MOVING,WZ_OTHER,WZ_SHLDER_MDN,WZ_WORKERS_INJ_KILLED
2006124241,2348.0,0,0,0,0,0,0,0,0,0,7,0,,67,10,2006,6,39.9758,-75.1159,2338.0,6,0,0,0,0,0,0,0,0,,0,0,0,23,3,0,2,,0.0,39 58:15.000,,2,75 07:27.683,0,0,0,0,67301,0,0,0,N,0,0,0,1,67301,0,,2,9,,N,N,,0,,0,0,1,0,0,,2335,0,1,0,0,0,0,0,3,4,0,1,7,,N,,,,,,,,,,,
2006056096,1545.0,1,0,0,0,0,0,0,0,0,8,0,,67,5,2006,5,39.9815,-75.1796,1541.0,6,0,0,0,0,0,1,0,0,,0,0,0,15,1,1,1,,0.0,39 58:53.364,,0,75 10:46.527,8,0,0,0,67301,1,0,0,N,1,0,0,2,67301,0,,1,1,,N,Y,,0,,0,0,0,3,3,,1512,1,2,0,0,0,1,0,3,4,0,1,3,,N,,,,,,,,,,,
2006095217,2145.0,0,0,0,0,0,0,0,0,0,8,0,,67,8,2006,7,39.9567,-75.2328,2145.0,6,0,0,0,0,0,0,0,0,,0,0,0,21,3,1,0,,0.0,39 57:24.026,,0,75 13:58.108,4,0,0,1,67301,1,0,0,N,1,0,0,2,67301,1,,1,1,,N,N,,0,,0,0,0,0,0,,2145,1,2,0,0,0,0,0,3,4,0,1,3,,N,,,,,,,,,,,
2006092713,1901.0,1,0,0,0,0,0,0,0,0,8,0,,67,8,2006,1,40.0713,-75.1545,1358.0,6,0,0,0,0,0,0,0,0,,0,0,0,13,1,1,2,,0.0,40 04:16.695,,0,75 09:16.031,2,0,0,0,67301,1,0,1,N,1,0,1,2,67301,0,,1,1,,N,N,,0,,0,1,0,2,2,,1354,1,2,0,0,0,0,0,3,4,0,1,3,,N,,,,,,,,,,,
2006056139,1445.0,2,0,0,0,0,0,0,0,0,4,0,,67,3,2006,3,,,1440.0,6,0,0,0,0,0,0,1,0,,0,0,0,99,1,1,0,,0.0,,,0,,2,0,0,0,67301,0,0,0,N,0,0,0,2,67301,0,,1,1,,N,N,,0,,0,1,0,3,2,,9999,1,2,0,0,0,0,1,3,3,0,2,3,,N,,,,,,,,,,,
2006056166,2010.0,2,0,0,0,0,0,0,0,0,1,0,,67,3,2006,5,39.8946,-75.2367,2000.0,6,0,0,0,0,0,0,0,0,,0,0,0,19,2,2,3,,0.0,39 53:40.000,,0,75 14:12.237,8,0,0,0,67301,0,0,0,N,0,0,0,3,67301,0,,2,1,,N,N,,0,,0,0,0,3,4,,1957,2,2,0,0,0,2,0,3,4,0,2,3,,N,,,,,,,,,,,
2006056349,701.0,2,0,0,0,0,0,0,0,0,5,0,,67,4,2006,7,40.0687,-75.1568,700.0,6,0,0,0,0,0,0,0,0,,0,0,0,6,1,1,1,,0.0,40 04:07.000,,0,75 09:24.425,8,0,0,0,67301,0,0,0,N,0,0,0,2,67301,0,,1,1,,N,N,,0,,0,0,0,3,2,,659,1,2,0,0,0,1,1,3,4,0,2,3,,N,,,,,,,,,,,
2006056373,1201.0,2,0,0,0,0,0,0,0,0,6,0,,67,2,2006,2,40.0242,-75.2043,1154.0,6,0,0,0,0,0,0,0,0,,0,0,0,11,1,0,0,,0.0,40 01:27.044,,0,75 12:15.400,9,0,0,0,67301,0,0,0,N,0,0,0,1,67301,0,,1,1,,N,N,,0,,0,0,0,0,0,,1130,0,2,0,0,0,0,1,3,4,0,2,3,,N,,,,,,,,,,,
2006092795,1528.0,0,0,0,0,0,0,0,0,0,8,0,,67,8,2006,4,39.9182,-75.1711,1524.0,6,0,0,0,0,0,0,0,0,,0,0,0,15,1,1,1,,0.0,39 55:05.000,,0,75 10:16.102,3,0,0,0,67301,1,0,0,N,1,0,0,2,67301,0,,1,1,,N,N,,1,,1,0,0,3,2,,1500,1,2,0,0,1,0,0,3,4,0,1,3,,N,,,,,,,,,,,
2006092799,2138.0,2,0,0,0,0,0,0,0,0,4,0,,67,8,2006,3,40.0473,-75.1677,2138.0,6,0,0,0,0,0,0,0,0,,0,0,0,21,3,1,1,,0.0,40 02:50.000,,0,75 10:03.964,4,0,0,0,67301,0,0,0,,0,0,0,3,67301,1,,1,1,,,,,0,,0,0,0,3,2,,2135,1,2,0,0,0,0,0,3,4,0,2,3,,N,,,,,,,,,,,
2006018368,2200.0,2,0,0,0,0,0,0,0,0,4,0,,67,1,2006,2,40.0945,-75.0158,2150.0,6,0,0,0,0,1,0,0,0,,0,0,0,21,3,1,0,,0.0,40 05:40.000,,7,75 00:56.878,8,0,0,0,67301,0,0,0,,0,0,0,2,67301,0,,1,9,,N,N,,0,,0,0,0,1,3,,2150,1,2,0,0,0,1,0,3,4,0,2,7,,N,,,,,,,,,,,
2006035966,635.0,0,0,0,1,0,0,0,0,0,4,0,,67,1,2006,6,,,630.0,6,0,0,0,0,0,0,0,0,,0,0,0,6,5,1,1,,0.0,,,0,,8,0,0,0,67301,1,0,0,N,0,0,0,2,67301,0,,1,1,,N,N,,0,,0,0,1,3,2,,628,1,2,0,0,0,1,0,3,3,0,1,3,,N,,,,,,,,,,,
2006033101,811.0,1,0,0,0,0,0,0,0,0,1,0,,67,1,2006,5,,,805.0,6,0,0,0,0,0,1,0,0,,0,0,0,7,1,1,1,,0.0,,,0,,8,0,0,0,67301,0,0,0,,0,0,0,2,67301,0,,1,1,,N,N,,0,,0,0,0,2,2,,750,1,3,0,0,0,1,0,3,3,2,3,3,,N,,,,,,,,,,,
2006032965,206.0,1,0,0,0,0,0,0,0,0,7,0,,67,2,2006,1,39.9745,-75.1941,204.0,6,0,0,0,0,0,0,0,0,1.0,0,0,0,2,3,1,0,,1.0,39 58:32.000,4.0,0,75 11:40.748,4,0,0,0,67301,0,0,0,N,0,0,0,1,67301,1,,2,1,,N,N,,0,,0,0,0,0,0,N,203,1,1,0,0,0,0,0,3,4,0,1,3,,N,,,,,,,,,,,
2006023365,950.0,1,0,0,0,0,0,0,0,0,4,1,,67,1,2006,6,40.0729,-75.0759,945.0,6,0,0,0,1,0,0,0,0,2.0,0,1,0,9,1,1,2,,1.0,40 04:22.000,3.0,0,75 04:32.955,4,0,0,0,67301,0,0,0,N,0,0,0,2,67301,1,,1,1,,N,N,,0,,0,0,0,3,2,Y,940,1,2,0,0,0,0,0,3,4,0,2,5,,N,,,,,,,,,,,
2006053742,1330.0,1,0,0,0,0,0,0,0,0,2,0,,67,4,2006,4,39.9947,-75.1355,1328.0,6,0,0,0,1,0,0,0,0,1.0,0,0,0,13,1,1,1,,2.0,39 59:40.815,7.0,0,75 08:07.803,2,0,1,1,67301,0,0,0,N,0,0,0,2,67301,0,,1,1,,,,,0,,0,1,0,9,3,Y,1328,1,2,0,0,0,0,0,3,4,0,2,3,,N,,,,,,,,,,,
2006020104,1754.0,3,0,0,0,0,0,0,0,0,1,0,,67,1,2006,3,40.0436,-75.0221,1749.0,6,0,0,0,0,0,1,0,0,,0,0,0,17,3,1,0,,0.0,40 02:36.000,,0,75 01:19.153,8,0,0,0,67301,0,0,0,N,0,0,0,3,67301,0,,1,1,,N,N,,0,,0,0,0,0,0,,1720,1,3,0,0,0,1,0,3,4,0,3,3,,N,,,,,,,,,,,
2006069784,842.0,0,0,0,0,0,0,0,0,0,7,0,,67,6,2006,4,,,842.0,6,0,0,0,0,0,0,0,0,,0,0,0,8,1,1,0,,0.0,,,0,,8,0,0,0,67301,0,0,0,N,0,0,0,1,67501,0,,2,9,,N,N,,0,,0,0,0,9,8,,842,1,1,0,0,0,1,0,3,3,1,1,7,,N,,,,,,,,,,,
2006065004,2345.0,1,0,0,0,0,0,0,0,0,1,1,,67,5,2006,7,40.1114,-75.0007,2337.0,6,0,0,0,0,0,1,0,0,,0,1,0,23,3,4,2,,0.0,40 06:41.000,,0,75 00:02.458,8,0,0,0,67301,0,0,0,N,0,0,0,5,67301,0,,1,1,,N,N,,0,,0,0,0,0,0,,2320,4,2,0,0,0,4,0,3,4,0,2,3,,N,,,,,,,,,,,
2006062708,1652.0,1,0,0,0,0,0,0,0,0,4,0,,67,4,2006,6,40.0642,-75.0836,1652.0,6,0,0,0,0,0,1,0,0,,0,0,0,16,1,1,0,,0.0,40 03:51.000,,0,75 05:00.887,4,0,0,0,67301,0,0,0,,0,0,0,2,67301,1,,1,1,,,,,0,,0,0,1,4,8,,1652,1,2,0,0,1,0,0,3,4,0,2,3,,N,,,,,,,,,,,
2006065402,1547.0,1,0,0,0,0,0,0,0,0,8,0,,67,5,2006,2,,,1547.0,6,0,0,0,0,0,0,0,0,,0,0,0,99,1,1,1,,0.0,,,0,,4,0,0,0,67301,1,0,0,N,1,0,0,2,67301,1,,1,1,,N,N,,0,,0,0,0,3,2,,9999,1,2,0,0,0,0,0,3,3,0,1,3,,N,,,,,,,,,,,
2006065412,302.0,2,0,0,0,0,0,0,0,0,2,0,,67,5,2006,1,40.07,-75.1627,258.0,6,0,0,0,0,0,1,0,0,,0,0,0,2,3,5,1,,0.0,40 04:12.000,,0,75 09:45.594,8,0,0,0,67301,0,0,0,N,0,0,0,5,67301,0,,1,1,,N,N,,0,,0,0,0,3,2,,255,5,2,0,0,0,5,0,3,4,0,2,3,,N,,,,,,,,,,,
2006065418,1420.0,2,0,0,0,0,0,0,0,0,5,0,,67,5,2006,7,,,1408.0,6,0,0,0,1,0,1,0,0,,0,0,0,13,1,0,0,,0.0,,,3,,9,0,0,0,67301,0,0,0,N,0,0,0,6,67301,0,,1,1,,N,N,,0,,0,0,0,0,0,,1355,0,2,0,0,0,0,1,3,3,0,2,3,,N,,,,,,,,,,,
2006062781,1626.0,1,0,0,0,0,0,0,0,0,1,0,,67,5,2006,3,39.9543,-75.1918,1625.0,6,0,0,0,0,0,1,0,0,,0,0,0,16,1,2,1,,0.0,39 57:15.000,,0,75 11:30.577,8,0,0,0,67301,0,0,0,N,0,0,0,2,67301,0,,2,1,,N,N,,0,,0,0,0,3,2,,1622,2,2,0,0,0,2,0,3,4,1,2,3,,N,,,,,,,,,,,
2006065331,1745.0,2,0,0,0,0,0,0,0,0,5,0,,67,6,2006,5,,,1735.0,6,0,0,1,0,0,0,0,0,,0,0,0,17,1,1,0,,0.0,,,0,,4,0,0,0,67301,0,0,0,,0,0,0,2,67301,1,,1,1,,,,,0,,0,0,0,0,0,,1730,1,2,0,0,0,0,0,3,3,0,2,3,,N,,,,,,,,,,,
2006062876,1232.0,2,0,0,0,0,0,0,0,0,4,0,,67,5,2006,7,,,1230.0,6,0,0,0,0,1,0,0,0,,0,0,0,12,1,1,0,,0.0,,,0,,8,0,0,0,67301,0,0,0,N,0,0,0,4,67301,0,,1,1,,N,N,,0,,0,0,0,3,3,,1230,1,2,0,0,0,1,1,3,3,0,2,3,,N,,,,,,,,,,,
2006062879,1036.0,1,0,0,0,0,0,0,0,0,4,0,,67,5,2006,4,,,1035.0,6,0,0,0,0,0,0,1,0,,0,0,0,10,1,0,1,,0.0,,,0,,0,0,0,0,67301,0,0,0,N,0,0,0,2,67301,0,,1,1,,N,N,,1,,0,0,0,3,3,,1031,0,2,0,0,0,0,0,3,3,0,2,3,,N,,,,,,,,,,,
2006065462,48.0,0,0,0,1,0,0,0,0,0,8,0,,67,5,2006,7,40.0591,-75.1721,46.0,6,0,0,0,0,0,0,0,0,,0,0,0,20,4,1,1,,0.0,40 03:32.587,,0,75 10:19.588,4,0,0,0,67301,1,0,0,N,0,0,0,2,67301,1,,1,1,,N,N,,0,,0,0,0,3,3,,2030,1,2,0,0,0,0,1,3,4,1,1,3,,N,,,,,,,,,,,
2006065525,411.0,1,0,0,0,0,0,0,0,0,9,0,,67,5,2006,1,,,410.0,6,0,0,0,0,0,0,0,0,,0,0,0,99,3,0,1,,0.0,,,0,,0,0,0,0,67301,0,0,0,Y,0,0,0,1,67301,0,,5,1,,N,N,,0,,0,0,0,3,2,,9999,0,1,0,0,0,0,0,3,3,0,1,3,,N,,,,,,,,,,,
2006055415,1539.0,1,0,0,0,0,0,0,0,0,8,0,,67,2,2006,5,40.0376,-75.171,1539.0,6,0,0,0,0,0,0,0,0,2.0,0,0,0,15,1,1,0,,1.0,40 02:15.388,3.0,0,75 10:15.762,8,0,0,0,67301,1,0,0,N,1,0,0,2,67301,0,,1,9,,N,N,,0,,0,0,0,0,0,N,1535,1,2,0,0,0,1,0,3,4,0,1,7,,N,,,,,,,,,,,
2006094579,1330.0,2,0,0,0,0,0,0,0,0,1,0,,67,7,2006,3,39.9926,-75.1646,1325.0,6,0,0,0,0,0,0,0,0,,0,0,0,13,1,1,0,,0.0,39 59:33.338,,0,75 09:52.588,4,0,0,0,67301,0,0,0,N,0,0,0,2,67301,1,,1,1,,N,N,,0,,0,0,0,3,2,,1320,1,2,0,0,0,0,0,3,4,0,2,3,,N,,,,,,,,,,,
2006094636,1401.0,2,0,0,0,0,0,0,0,0,4,0,,67,7,2006,7,39.992,-75.1402,1359.0,6,0,0,0,0,0,1,0,0,,0,0,0,13,1,1,1,,0.0,39 59:30.000,,0,75 08:24.962,4,0,0,0,67301,0,0,0,N,0,0,0,2,67301,1,,1,1,,N,N,,0,,0,0,0,3,2,,1358,1,2,0,0,2,0,0,3,4,0,2,3,,N,,,,,,,,,,,
2006055515,1850.0,2,0,0,0,0,0,0,0,0,4,0,,67,3,2006,5,40.0666,-75.0511,1843.0,6,0,0,0,0,0,1,0,0,,0,0,0,18,3,0,1,,0.0,40 04:00.000,,0,75 03:04.287,0,0,0,0,67301,0,0,0,N,0,0,0,2,67301,0,,1,9,,N,N,,0,,0,0,0,3,2,,1843,0,2,0,0,0,0,0,3,4,0,2,7,,N,,,,,,,,,,,
2006055662,755.0,1,0,0,0,0,0,0,0,0,8,0,,67,3,2006,5,39.998,-75.1254,755.0,6,0,0,0,0,0,0,0,0,,0,0,0,7,1,1,1,,0.0,39 59:52.000,,0,75 07:31.319,4,0,0,0,67301,1,0,0,N,1,0,0,2,67301,1,,1,1,,N,Y,,0,,0,0,0,3,2,,755,1,2,0,0,0,0,0,3,4,0,1,3,,N,,,,,,,,,,,
2006055690,1645.0,2,0,0,0,0,0,0,0,0,4,0,,67,2,2006,7,40.0742,-75.0347,1634.0,6,0,0,0,0,0,0,1,0,,0,0,0,99,1,1,1,,0.0,40 04:26.000,,0,75 02:05.075,4,0,0,0,67301,0,0,0,N,0,0,0,2,67301,1,,1,1,,N,N,,0,,0,0,0,3,2,,9999,1,2,0,0,1,0,0,3,4,0,2,3,,N,,,,,,,,,,,
2006055715,1235.0,0,0,0,0,0,0,1,0,0,8,1,,67,4,2006,7,39.9277,-75.147,1231.0,6,0,0,0,0,0,0,0,0,,0,0,0,11,1,1,1,,0.0,39 55:39.619,,0,75 08:49.027,8,0,0,0,67301,1,0,0,N,1,0,0,2,67301,0,,1,1,,N,N,,0,,0,0,0,2,3,,1140,1,2,0,0,0,1,0,3,4,0,1,3,,N,,,,,,,,,,,
2006055786,605.0,1,0,0,0,0,0,0,0,0,7,0,,67,4,2006,3,40.0244,-75.0309,551.0,6,0,0,0,0,0,0,0,0,,0,0,0,5,1,4,0,,0.0,40 01:27.000,,0,75 01:51.693,4,0,0,0,67301,0,0,0,N,0,0,0,4,67301,4,,2,1,,N,N,,0,,0,0,0,0,0,,551,4,1,0,0,0,0,0,3,4,0,1,3,,N,,,,,,,,,,,
2006126449,1150.0,1,0,0,0,0,0,0,0,0,8,0,,67,11,2006,4,39.9466,-75.1465,1145.0,6,0,0,0,0,0,0,0,0,,0,0,0,11,1,1,2,,0.0,39 56:47.878,,0,75 08:47.270,4,0,0,0,67301,1,0,0,N,1,0,0,2,67301,1,,2,9,,N,N,,0,,0,0,0,0,0,,1140,1,2,0,0,0,0,0,3,4,0,1,7,,N,,,,,,,,,,,
2006104926,110.0,1,0,0,0,0,0,0,0,0,7,0,,67,8,2006,2,,,106.0,6,0,0,0,0,0,0,0,0,,0,0,0,1,3,0,0,,0.0,,,0,,0,0,0,0,67301,0,0,0,N,0,0,0,1,67301,0,,2,1,,N,N,,0,,0,0,0,0,0,,100,0,1,0,0,0,0,0,3,3,0,1,3,,N,,,,,,,,,,,
2006104936,1550.0,2,0,0,0,0,0,0,0,0,2,0,,67,8,2006,2,,,1545.0,6,0,0,0,0,0,0,0,0,,0,0,0,15,1,1,1,,0.0,,,0,,4,0,0,0,67301,0,0,0,,0,0,0,3,67301,1,,1,1,,,,,0,,0,0,0,3,2,,1500,1,2,0,0,1,0,0,3,3,0,2,3,,N,,,,,,,,,,,
2006102486,650.0,1,0,0,0,0,0,0,0,0,1,0,,67,9,2006,2,40.0185,-75.1671,647.0,6,0,0,0,0,0,1,0,0,,0,0,0,6,1,1,6,,0.0,40 01:06.156,,2,75 10:06.756,8,0,0,0,67301,0,0,0,N,0,0,0,2,67301,0,,1,1,,N,N,,0,,0,0,1,3,4,,638,1,2,0,0,0,1,0,3,4,0,2,3,,N,,,,,,,,,,,
2006102200,2256.0,1,0,0,0,0,0,0,0,0,2,0,,67,9,2006,6,40.0854,-75.0374,2256.0,6,0,0,0,0,0,1,0,0,,0,0,0,22,3,3,1,,0.0,40 05:06.000,,0,75 02:14.277,4,0,0,0,67301,0,0,0,N,0,0,0,3,67301,3,,1,1,,N,N,,1,,0,0,0,3,2,,2256,3,2,0,0,0,0,0,3,4,0,2,3,,N,,,,,,,,,,,
2006112738,1612.0,1,0,0,0,0,0,0,0,0,4,0,,67,9,2006,3,39.9919,-75.1384,1544.0,6,0,0,0,0,0,0,0,0,,0,0,0,3,6,1,3,,0.0,39 59:30.000,,0,75 08:18.273,3,0,0,0,67301,0,0,0,N,0,0,0,2,67301,0,,1,1,,N,N,,0,,1,0,0,3,2,,344,1,2,0,0,1,0,0,3,4,1,2,3,,N,,,,,,,,,,,
2006124884,855.0,3,0,0,0,0,0,0,0,0,6,0,,67,11,2006,5,40.0301,-75.0352,840.0,6,0,0,1,0,0,0,0,0,,0,0,0,7,1,1,0,,0.0,40 01:48.000,,0,75 02:06.878,4,0,0,0,67301,0,0,0,N,0,0,0,2,67301,1,,1,9,,N,N,,0,,0,0,0,0,0,,753,1,3,0,0,0,0,0,3,4,0,3,3,,N,,,,,,,,,,,
2006056149,1937.0,1,0,0,0,0,0,0,0,0,4,0,,67,3,2006,3,40.0363,-75.0514,1937.0,6,0,0,0,0,0,1,0,0,2.0,0,0,0,99,3,3,1,,1.0,40 02:10.701,4.0,0,75 03:04.967,3,0,0,0,67301,0,0,0,N,0,0,0,3,67301,0,,1,1,,N,N,,0,,3,0,0,3,2,Y,9999,3,2,0,0,0,0,0,3,4,1,2,3,,N,,,,,,,,,,,
2006056336,821.0,1,0,0,0,0,0,0,0,0,8,0,,67,4,2006,2,39.9637,-75.2293,820.0,6,0,0,0,0,0,0,0,0,,0,0,0,8,1,1,0,,0.0,39 57:49.395,,0,75 13:45.364,4,0,0,0,67301,1,0,0,N,1,0,0,2,67301,1,,1,1,,N,N,,0,,0,0,0,0,0,,810,1,2,0,0,0,0,1,3,4,0,1,3,,N,,,,,,,,,,,
2006092781,1755.0,2,0,0,0,0,0,0,0,0,1,0,,67,7,2006,4,40.087,-75.0358,1755.0,6,0,0,0,0,0,1,1,0,1.0,0,0,0,17,1,1,1,,1.0,40 05:13.000,5.0,0,75 02:09.222,4,0,0,0,67301,0,0,0,N,0,0,0,3,67301,1,,1,1,,N,N,,0,,0,0,1,0,0,N,1754,1,3,0,0,0,0,0,3,4,0,3,3,,N,,,,,,,,,,,
2006053949,1550.0,0,0,0,0,0,0,0,0,0,8,0,,67,4,2006,4,39.9558,-75.1915,1543.0,6,0,0,0,0,1,0,0,0,,0,0,0,99,1,1,1,,0.0,39 57:21.000,,0,75 11:29.226,8,0,0,0,67301,1,0,0,N,1,0,0,2,67301,0,,1,1,,N,N,,0,,0,0,0,3,2,,9999,1,2,0,0,0,1,0,3,4,1,1,3,,N,,,,,,,,,,,
2006054000,2100.0,2,0,0,0,0,0,0,0,0,1,0,,67,5,2006,2,39.9549,-75.1512,2059.0,6,0,0,0,0,0,0,1,0,,0,0,0,20,3,1,0,,0.0,39 57:17.512,,0,75 09:04.284,3,0,0,0,67301,0,0,0,N,0,0,0,2,67301,0,,1,1,,N,N,,0,,1,0,0,0,0,,2050,1,2,0,0,0,0,1,3,4,0,2,3,,N,,,,,,,,,,,
2006037986,528.0,1,0,0,0,0,0,0,0,0,4,0,,67,2,2006,1,40.0276,-75.1471,248.0,6,0,0,0,0,0,0,0,0,,0,0,0,22,3,2,1,,0.0,40 01:39.000,,0,75 08:50.041,8,0,0,0,67301,0,0,0,N,0,0,0,4,67301,0,,1,7,,N,N,,0,,0,0,0,3,2,,2230,2,2,0,0,0,2,1,3,4,1,2,10,,N,,,,,,,,,,,
2006035703,910.0,2,0,0,0,0,0,0,0,0,4,0,,67,2,2006,4,39.9533,-75.1838,900.0,6,0,0,0,0,0,0,0,0,,0,0,0,9,1,1,2,,0.0,39 57:12.000,,0,75 11:01.870,3,0,0,0,67301,0,0,0,,0,0,0,2,67301,0,,1,9,,N,N,,0,,1,0,0,9,2,,903,1,2,0,0,2,0,0,3,4,0,2,3,,N,,,,,,,,,,,
2006035710,1832.0,1,0,0,0,0,0,0,0,0,2,0,,67,1,2006,1,40.1186,-75.007,1827.0,6,0,0,0,1,0,0,0,0,4.0,0,0,0,18,3,2,2,,2.0,40 07:06.945,6.0,0,75 00:25.153,3,0,0,0,67301,0,0,0,,0,0,0,2,67301,1,,1,9,,N,N,,0,,1,0,1,3,2,Y,1825,2,2,0,0,0,0,0,3,4,0,2,7,,N,,,,,,,,,,,
2006035712,1725.0,3,0,0,0,0,0,0,0,0,1,0,,67,2,2006,6,39.9463,-75.238,1700.0,6,0,0,0,0,0,0,1,0,2.0,0,0,0,17,1,4,2,,1.0,39 56:46.000,4.0,0,75 14:16.192,4,0,0,0,67301,0,0,0,,0,0,0,5,67301,4,,1,1,,N,N,,0,,0,0,0,3,2,N,1700,4,3,0,0,0,0,0,3,4,0,3,3,,N,,,,,,,,,,,
2006033031,9999.0,1,0,0,0,0,0,0,0,0,8,0,,67,2,2006,5,40.0077,-75.1388,920.0,6,0,0,0,0,0,0,0,0,,0,0,0,9,1,1,1,,0.0,40 00:27.000,,0,75 08:19.880,4,0,0,0,67301,1,0,0,,1,0,0,2,67301,1,,1,1,,,,,0,,0,0,0,9,2,,920,1,2,0,0,0,0,0,3,4,0,1,3,,N,,,,,,,,,,,
2006033035,1910.0,1,0,0,0,0,0,0,0,0,8,0,,67,2,2006,6,39.9979,-75.1108,1905.0,6,0,0,0,0,0,0,0,0,,0,0,0,19,3,1,0,,0.0,39 59:52.490,,0,75 06:38.957,2,0,0,0,67301,1,0,1,N,1,0,1,2,67301,0,,1,1,,N,N,,0,,0,1,0,0,0,,1900,1,2,0,0,0,0,0,3,4,0,1,3,,N,,,,,,,,,,,
2006033104,2235.0,1,0,0,0,0,0,0,0,0,1,0,,67,2,2006,3,39.9784,-75.1109,2230.0,6,0,0,0,0,0,1,0,0,1.0,0,0,0,22,3,0,6,,1.0,39 58:41.160,1.0,0,75 06:40.680,9,0,0,0,67301,0,0,0,N,0,0,0,2,67301,0,,1,1,,N,N,,0,,0,0,0,9,4,N,2230,0,3,0,0,0,0,2,3,4,1,2,3,,N,,,,,,,,,,,
2006032838,1837.0,2,0,0,0,0,0,0,0,0,2,0,,67,2,2006,2,40.0767,-75.0361,1837.0,6,0,0,0,0,0,0,0,1,,0,0,0,18,1,0,2,,0.0,40 04:35.000,,0,75 02:10.179,9,0,0,0,67301,0,0,0,,0,0,0,3,67301,0,,1,1,,N,N,,0,,0,0,0,0,0,,1837,0,2,0,0,0,0,1,3,4,0,2,3,,N,,,,,,,,,,,
2006019880,1140.0,1,0,1,0,0,0,0,0,0,7,0,,67,1,2006,4,40.0477,-74.9996,1135.0,6,0,0,0,0,0,0,0,0,,0,0,0,11,1,1,0,,0.0,40 02:52.000,,0,74 59:56.972,2,0,0,0,67301,0,0,0,N,0,0,0,1,67301,0,,3,9,,N,N,,0,,0,1,0,0,0,,1135,1,1,0,0,0,0,0,3,4,0,1,7,,N,,,,,,,,,,,
2006053510,830.0,0,0,0,0,0,0,1,0,0,8,1,,67,3,2006,3,39.9231,-75.1596,830.0,6,0,0,0,0,0,0,0,0,,0,0,0,8,1,1,2,,0.0,39 55:23.000,,0,75 09:34.904,4,0,0,0,67301,1,0,0,N,1,0,0,2,67301,1,,1,1,,N,N,,0,,0,0,0,9,2,,815,1,2,0,0,0,0,1,3,4,0,1,3,,N,,,,,,,,,,,
2006053518,650.0,1,0,0,0,0,0,0,0,0,4,1,,67,4,2006,2,39.9524,-75.1468,650.0,6,0,0,0,0,0,0,0,0,1.0,0,1,0,6,1,0,1,,1.0,39 57:08.000,4.0,0,75 08:48.617,0,0,0,0,67301,0,0,0,,0,0,0,2,67301,0,,1,1,,,,,0,,0,0,0,3,2,N,645,0,2,0,0,0,0,0,3,4,0,2,3,,N,,,,,,,,,,,
2006053705,1815.0,1,0,0,0,0,0,0,0,0,8,0,,67,4,2006,4,,,1810.0,6,0,0,0,0,0,0,0,1,,0,0,0,18,1,1,1,,0.0,,,0,,4,0,0,0,67301,1,0,0,N,1,0,0,2,67301,1,,1,1,,N,N,,0,,0,0,0,0,0,,1810,1,2,0,0,0,0,0,3,3,0,1,3,,N,,,,,,,,,,,