CRN,ARRIVAL_TM,AUTOMOBILE_COUNT,BELTED_DEATH_COUNT,BELTED_SUSP_SERIOUS_INJ_COUNT,BICYCLE_COUNT,BICYCLE_DEATH_COUNT,BICYCLE_SUSP_SERIOUS_INJ_COUNT,BUS_COUNT,CHLDPAS_DEATH_COUNT,CHLDPAS_SUSP_SERIOUS_INJ_COUNT,COLLISION_TYPE,COMM_VEH_COUNT,CONS_ZONE_SPD_LIM,COUNTY,CRASH_MONTH,CRASH_YEAR,DAY_OF_WEEK,DEC_LAT,DEC_LONG,DISPATCH_TM,DISTRICT,DRIVER_COUNT_16YR,DRIVER_COUNT_17YR,DRIVER_COUNT_18YR,DRIVER_COUNT_19YR,DRIVER_COUNT_20YR,DRIVER_COUNT_50_64YR,DRIVER_COUNT_65_74YR,DRIVER_COUNT_75PLUS,EST_HRS_CLOSED,FATAL_COUNT,HEAVY_TRUCK_COUNT,HORSE_BUGGY_COUNT,HOUR_OF_DAY,ILLUMINATION,INJURY_COUNT,INTERSECT_TYPE,INTERSECTION_RELATED,LANE_CLOSED,LATITUDE,LN_CLOSE_DIR,LOCATION_TYPE,LONGITUDE,MAX_SEVERITY_LEVEL,MCYCLE_DEATH_COUNT,MCYCLE_SUSP_SERIOUS_INJ_COUNT,MOTORCYCLE_COUNT,MUNICIPALITY,NONMOTR_COUNT,NONMOTR_DEATH_COUNT,NONMOTR_SUSP_SERIOUS_INJ_COUNT,NTFY_HIWY_MAINT,PED_COUNT,PED_DEATH_COUNT,PED_SUSP_SERIOUS_INJ_COUNT,PERSON_COUNT,POLICE_AGCY,POSSIBLE_INJ_COUNT,RDWY_SURF_TYPE_CD,RELATION_TO_ROAD,ROAD_CONDITION,ROADWAY_CLEARED,SCH_BUS_IND,SCH_ZONE_IND,SECONDARY_CRASH,SMALL_TRUCK_COUNT,SPEC_JURIS_CD,SUSP_MINOR_INJ_COUNT,SUSP_SERIOUS_INJ_COUNT,SUV_COUNT,TCD_FUNC_CD,TCD_TYPE,TFC_DETOUR_IND,TIME_OF_DAY,TOT_INJ_COUNT,TOTAL_UNITS,UNB_DEATH_COUNT,UNB_SUSP_SERIOUS_INJ_COUNT,UNBELTED_OCC_COUNT,UNK_INJ_DEG_COUNT,UNK_INJ_PER_COUNT,URBAN_AREA,URBAN_RURAL,VAN_COUNT,VEHICLE_COUNT,WEATHER1,WEATHER2,WORK_ZONE_IND,WORK_ZONE_LOC,WORK_ZONE_TYPE,WORKERS_PRES,WZ_CLOSE_DETOUR,WZ_FLAGGER,WZ_LAW_OFFCR_IND,WZ_LN_CLOSURE,WZ_MOVING,WZ_OTHER,WZ_SHLDER_MDN,WZ_WORKERS_INJ_KILLED
2006080014,205.0,3,0,0,0,0,0,0,0,0,1,0,,67,7,2006,1,40.0673,-75.0088,157.0,6,0,0,0,0,0,1,0,0,,0,0,0,1,3,1,0,,0.0,40 04:02.280,,0,75 00:31.680,8,0,0,0,67301,0,0,0,,0,0,0,1,67301,0,,2,1,,N,N,,0,,0,0,0,0,0,,155,1,3,0,0,0,1,0,3,4,0,3,3,,N,,,,,,,,,,,
2006080043,1525.0,1,0,0,0,0,0,0,0,0,8,0,,67,6,2006,5,,,1509.0,6,0,0,0,0,0,0,0,0,,0,0,0,15,1,1,0,,0.0,,,0,,4,0,0,0,67301,1,0,0,,1,0,0,2,67301,1,,1,1,,N,Y,,0,,0,0,0,0,0,,1509,1,2,0,0,0,0,0,3,3,0,1,3,,N,,,,,,,,,,,
2006080050,20.0,1,0,0,0,0,0,0,0,0,7,0,,67,6,2006,1,40.13,-75.0132,17.0,6,0,0,0,0,0,0,0,0,,0,0,0,0,3,0,0,,0.0,40 07:48.000,,0,75 00:47.520,9,0,0,0,67301,0,0,0,N,0,0,0,1,67301,0,,5,1,,N,N,,0,,0,0,0,0,0,,11,0,1,0,0,0,0,1,3,4,0,1,3,,N,,,,,,,,,,,
2006080064,800.0,4,0,0,0,0,0,0,0,0,1,0,,67,5,2006,3,39.8987,-75.1799,750.0,6,0,0,0,0,0,0,0,0,1.0,0,0,0,7,1,0,0,,1.0,39 53:55.320,1.0,0,75 10:46.560,0,0,0,0,67301,0,0,0,N,0,0,0,7,67301,0,,7,9,,N,N,,0,,0,0,0,3,4,N,748,0,4,0,0,0,0,0,3,4,0,4,3,,N,,,,,,,,,,,
2006065533,155.0,2,0,0,0,0,0,0,0,0,1,0,,67,5,2006,4,,,145.0,6,0,0,0,0,0,0,0,0,,0,0,0,99,3,2,2,,0.0,,,0,,4,0,0,0,67301,0,0,0,N,0,0,0,3,67301,2,,1,1,,N,N,,0,,0,0,0,0,0,,9999,2,2,0,0,0,0,1,3,3,0,2,3,,N,,,,,,,,,,,
2006065574,1245.0,2,0,0,0,0,0,0,0,0,5,0,,67,5,2006,1,39.9495,-75.1414,1234.0,6,0,0,0,0,0,1,0,0,2.0,0,0,0,12,1,2,0,,1.0,39 56:59.000,1.0,0,75 08:29.136,8,0,0,0,67301,0,0,0,,0,0,0,3,67301,0,,1,1,,,,,0,,0,0,0,0,0,N,1230,2,2,0,0,1,2,0,3,4,0,2,3,,N,,,,,,,,,,,
2006055391,748.0,0,0,0,0,0,0,0,0,0,8,0,,67,2,2006,5,,,737.0,6,0,0,0,0,0,1,0,0,,0,0,0,7,1,1,0,,0.0,,,0,,4,0,0,0,67301,1,0,0,N,1,0,0,2,67301,1,,1,1,,N,N,,0,,0,0,1,3,2,,735,1,2,0,0,0,0,0,3,3,0,1,3,,N,,,,,,,,,,,
2006055461,158.0,0,0,0,0,0,0,0,0,0,8,0,,67,3,2006,1,,,153.0,6,0,0,0,0,0,0,0,0,,0,0,0,1,3,1,2,,0.0,,,0,,4,0,0,0,67301,1,0,0,N,1,0,0,2,67301,1,,1,1,,N,N,,0,,0,0,0,3,3,,150,1,2,0,0,0,0,0,3,3,0,1,3,,N,,,,,,,,,,,
2006055479,1458.0,1,0,0,0,0,0,0,0,0,4,0,,67,3,2006,1,39.9463,-75.238,1451.0,6,0,0,0,0,1,0,0,0,,0,0,0,14,1,1,2,,0.0,39 56:46.000,,0,75 14:16.192,4,0,0,0,67301,0,0,0,,0,0,0,2,67301,1,,1,1,,N,N,,1,,0,0,0,3,2,,1438,1,2,0,0,0,0,0,3,4,0,2,3,,N,,,,,,,,,,,
2006055688,1635.0,2,0,0,0,0,0,0,0,0,1,0,,67,3,2006,5,39.9515,-75.1688,1630.0,6,0,0,0,0,0,0,0,0,,0,0,0,16,1,1,0,,0.0,39 57:05.000,,0,75 10:08.162,4,0,0,0,67301,0,0,0,N,0,0,0,5,67301,1,,1,1,,N,N,,0,,0,0,0,3,2,,1600,1,2,0,0,0,0,0,3,4,0,2,3,,N,,,,,,,,,,,
2006055692,2028.0,1,0,0,0,0,0,0,0,0,7,0,,67,3,2006,3,40.025,-75.0332,2027.0,6,0,0,0,0,0,0,0,0,2.0,0,0,0,20,3,1,0,,2.0,40 01:37.200,5.0,0,75 02:16.800,3,0,0,0,67301,0,0,0,N,0,0,0,1,67301,0,,4,1,,N,N,,0,,1,0,0,0,0,Y,2025,1,1,0,0,0,0,0,3,4,0,1,3,,N,,,,,,,,,,,
2006055648,236.0,1,0,0,0,0,0,0,0,0,2,0,,67,4,2006,4,39.9545,-75.1984,236.0,6,0,0,0,0,0,0,0,0,,0,0,0,23,3,2,1,,0.0,39 57:18.000,,0,75 11:53.970,4,0,0,0,67301,0,0,0,N,0,0,0,2,67301,2,,1,1,,N,N,,0,,0,0,1,3,2,,2300,2,2,0,0,0,0,0,3,4,0,2,3,,N,,,,,,,,,,,
2006055703,840.0,2,0,0,0,0,0,0,0,0,4,0,,67,4,2006,5,40.0233,-75.0484,836.0,6,0,0,1,0,0,0,0,0,,0,0,0,99,3,2,1,,0.0,40 01:23.000,,0,75 02:54.156,4,0,0,0,67301,0,0,0,N,0,0,0,3,67301,2,,1,1,,N,N,,0,,0,0,0,3,2,,9999,2,2,0,0,0,0,1,3,4,0,2,3,,N,,,,,,,,,,,
2006055748,1027.0,1,0,0,0,0,0,0,0,0,4,0,,67,3,2006,5,,,1023.0,6,0,0,0,0,0,0,0,0,,0,0,0,10,1,1,0,,0.0,,,0,,8,0,0,0,67301,0,0,0,N,0,0,0,2,67301,0,,1,1,,N,N,,0,,0,0,0,0,0,,1015,1,2,0,0,2,1,0,3,3,1,2,3,,N,,,,,,,,,,,
2006055771,350.0,3,0,0,0,0,0,0,0,0,5,0,,67,3,2006,7,39.9821,-75.1006,344.0,6,0,0,0,0,0,0,0,0,2.0,0,0,0,3,3,2,0,,2.0,39 58:56.000,1.0,0,75 06:01.144,8,0,0,0,67301,0,0,0,N,0,0,0,4,67301,0,,1,1,,N,Y,,0,,0,0,0,0,0,Y,340,2,3,0,0,0,2,0,3,4,0,3,3,,N,,,,,,,,,,,
2006055788,1140.0,2,0,0,0,0,0,0,0,0,1,0,,67,4,2006,4,,,1137.0,6,0,0,0,0,0,0,0,0,,0,0,0,11,1,1,0,,0.0,,,0,,3,0,0,0,67301,0,0,0,N,0,0,0,2,67301,0,,1,1,,N,N,,0,,1,0,0,0,0,,1137,1,2,0,0,2,0,0,3,3,0,2,3,,N,,,,,,,,,,,
2006104907,507.0,1,0,0,0,0,0,0,0,0,7,0,,67,9,2006,1,40.0059,-75.1135,501.0,6,0,0,0,0,0,0,0,0,,0,0,0,4,3,1,1,,0.0,40 00:21.000,,0,75 06:48.506,4,0,0,0,67301,0,0,0,N,0,0,0,1,67301,1,,5,9,,N,N,,0,,0,0,0,3,2,,450,1,1,0,0,0,0,0,3,4,0,1,3,,N,,,,,,,,,,,
2006102406,230.0,2,0,0,0,0,0,0,0,0,1,0,,67,8,2006,1,39.903,-75.1506,217.0,6,0,0,0,0,0,0,0,0,2.0,0,0,0,2,3,3,10,,1.0,39 54:12.960,1.0,0,75 09:01.440,8,0,0,0,67301,0,0,0,N,0,0,0,3,67301,0,,1,1,,N,N,,0,,0,0,0,0,0,N,216,3,2,0,0,0,3,0,3,4,0,2,3,,N,,,,,,,,,,,
2006104947,15.0,1,0,0,0,0,0,0,0,0,1,0,,67,9,2006,1,40.049,-75.1931,1.0,6,0,0,0,0,0,0,0,0,,0,0,0,21,3,1,1,,0.0,40 02:55.000,,0,75 11:35.449,4,0,0,0,67301,0,0,0,N,0,0,0,3,67301,1,,1,1,,N,N,,0,,0,0,1,3,2,,2100,1,2,0,0,0,0,1,3,4,0,2,3,,N,,,,,,,,,,,
2006104970,1705.0,2,0,0,0,0,0,0,0,0,4,0,,67,8,2006,4,40.0528,-75.0896,1705.0,6,0,0,0,0,0,0,0,2,,0,0,0,17,1,1,1,,0.0,40 03:10.137,,0,75 05:22.473,8,0,0,0,67301,0,0,0,,0,0,0,2,67301,0,,1,1,,,,,0,,0,0,0,3,3,,1700,1,2,0,0,0,1,0,3,4,0,2,3,,N,,,,,,,,,,,
2006102475,440.0,2,0,0,0,0,0,0,0,0,4,0,,67,9,2006,7,,,439.0,6,0,0,0,0,0,0,0,0,,0,0,0,3,3,0,1,,0.0,,,0,,0,0,0,0,67301,0,0,0,N,0,0,0,2,67301,0,,1,1,,N,N,,0,,0,0,0,3,2,,330,0,2,0,0,0,0,0,3,3,0,2,3,,N,,,,,,,,,,,
2006102226,1520.0,2,0,0,0,0,0,0,0,0,4,0,,67,9,2006,2,,,1516.0,6,0,0,0,0,0,0,0,0,1.0,0,0,0,15,1,1,2,,1.0,,2.0,0,,8,0,0,0,67301,0,0,0,N,0,0,0,5,67301,0,,1,1,,N,N,,0,,0,0,0,9,3,N,1515,1,2,0,0,0,1,0,3,3,0,2,3,,N,,,,,,,,,,,
2006102230,1700.0,1,0,0,0,0,0,0,0,0,4,0,,67,9,2006,6,40.0428,-75.0631,1655.0,6,0,0,0,0,0,0,0,0,,0,0,0,99,1,1,1,,0.0,40 02:34.000,,0,75 03:47.621,4,0,0,0,67301,0,0,0,N,0,0,0,2,67301,1,,1,1,,N,N,,0,,0,0,0,3,2,,9999,1,2,0,0,0,0,0,3,4,1,2,3,,N,,,,,,,,,,,
2006102231,1409.0,1,0,0,0,0,0,0,0,0,8,0,,67,9,2006,4,40.0166,-75.1523,1408.0,6,0,0,0,0,0,0,0,0,,0,0,0,14,1,1,0,,0.0,40 00:59.000,,0,75 09:08.524,8,0,0,0,67301,1,0,0,N,1,0,0,2,67301,0,,1,1,,N,N,,0,,0,0,0,0,0,,1405,1,2,0,0,0,1,0,3,4,0,1,3,,N,,,,,,,,,,,
2006112727,9999.0,1,0,0,0,0,0,0,0,0,1,0,,67,6,2006,2,39.9944,-75.1824,9999.0,6,0,0,0,0,0,1,0,0,,0,0,0,4,6,1,1,,0.0,39 59:39.840,,0,75 10:56.801,4,0,0,0,67301,0,0,0,N,0,0,0,3,67301,1,,1,9,,N,N,,1,,0,0,0,3,3,,400,1,2,0,0,0,0,0,3,4,0,2,3,,N,,,,,,,,,,,
2006124856,705.0,2,0,0,0,0,0,1,0,0,2,1,,67,10,2006,2,39.9979,-75.1109,705.0,6,0,0,0,0,0,1,0,0,,0,0,0,7,1,2,0,,0.0,39 59:52.382,,0,75 06:39.348,2,0,0,0,67301,0,0,0,N,0,0,0,3,67301,1,,1,1,,Y,N,,0,,0,1,0,0,0,,705,2,3,0,0,0,0,0,3,4,0,3,3,,N,,,,,,,,,,,
2006127148,1150.0,2,0,0,0,0,0,0,0,0,1,0,,67,11,2006,2,39.9573,-75.1523,1141.0,6,0,0,0,0,0,1,0,0,,0,0,0,11,1,1,1,,0.0,39 57:26.000,,0,75 09:07.921,4,0,0,0,67301,0,0,0,,0,0,0,2,67301,1,,1,1,,,,,0,,0,0,0,9,2,,1140,1,2,0,0,1,0,1,3,4,0,2,3,,N,,,,,,,,,,,
2006033034,1951.0,1,0,0,0,0,0,0,0,0,4,0,,67,1,2006,7,39.9541,-75.2025,1950.0,6,0,0,0,0,0,1,0,0,,0,0,0,19,3,1,1,,0.0,39 57:15.000,,0,75 12:09.131,8,0,0,0,67301,0,0,0,,0,0,0,2,67301,0,,1,1,,,,,0,,0,0,0,3,2,,1945,1,2,0,0,0,1,0,3,4,1,2,3,,N,,,,,,,,,,,
2006032958,835.0,1,0,0,0,0,0,0,0,0,4,0,,67,2,2006,3,40.0975,-74.983,825.0,6,0,0,0,0,0,0,0,0,,0,0,0,8,1,0,0,,0.0,40 05:51.154,,0,74 58:58.663,0,0,0,0,67301,0,0,0,N,0,0,0,5,67301,0,,1,1,,N,N,,1,,0,0,0,0,0,,815,0,2,0,0,0,0,0,3,4,0,2,3,,N,,,,,,,,,,,
2006019897,1626.0,2,0,0,0,0,0,0,0,0,2,0,,67,1,2006,3,40.0444,-75.0726,1620.0,6,0,0,0,1,0,0,0,0,,0,0,0,15,1,1,1,,0.0,40 02:39.000,,0,75 04:21.534,8,0,0,0,67301,0,0,0,N,0,0,0,2,67301,0,,1,9,,N,N,,0,,0,0,0,3,2,,1553,1,2,0,0,0,1,0,3,4,0,2,7,,N,,,,,,,,,,,
2006053512,1604.0,2,0,0,0,0,0,0,0,0,1,1,,67,4,2006,3,39.9579,-75.1626,1556.0,6,0,0,0,0,0,1,0,0,,0,1,0,15,1,2,0,,0.0,39 57:28.000,,0,75 09:45.461,8,0,0,0,67301,0,0,0,N,0,0,0,3,67301,0,,1,1,,N,N,,0,,0,0,0,0,0,,1515,2,3,0,0,0,2,0,3,4,0,3,3,,N,,,,,,,,,,,
2006019849,2109.0,2,0,0,0,0,0,0,0,0,4,0,,67,1,2006,6,39.9594,-75.2453,2109.0,6,0,0,0,0,0,0,0,0,,0,0,0,21,3,2,1,,0.0,39 57:33.000,,0,75 14:43.431,4,0,0,0,67301,0,0,0,N,0,0,0,2,67301,2,,1,1,,N,N,,0,,0,0,0,3,2,,2105,2,2,0,0,0,0,0,3,4,0,2,3,,N,,,,,,,,,,,
2006080055,1445.0,1,0,0,0,0,0,0,0,0,7,0,,67,5,2006,7,39.8817,-75.2462,1432.0,6,0,0,0,0,0,0,0,0,2.0,0,0,0,14,1,4,0,,1.0,39 52:54.120,2.0,0,75 14:46.320,3,0,0,0,67301,0,0,0,N,0,0,0,5,67301,3,,2,1,,N,N,,0,,1,0,0,0,0,N,1425,4,1,0,0,0,0,0,3,4,0,1,3,,N,,,,,,,,,,,
2006072387,2139.0,3,0,0,0,0,0,0,0,0,4,0,,67,7,2006,1,40.0085,-75.2107,9999.0,6,0,0,0,0,1,1,0,0,2.0,0,0,0,21,3,1,1,,2.0,40 00:30.000,2.0,0,75 12:39.792,4,0,0,0,67301,0,0,0,N,0,0,0,5,46104,1,,1,1,,N,N,,0,,0,0,0,3,2,Y,2137,1,3,0,0,0,0,0,3,4,0,3,3,,N,,,,,,,,,,,
2006062704,1641.0,3,0,0,0,0,0,0,0,0,1,0,,67,5,2006,2,40.0508,-75.1773,1637.0,6,0,0,0,0,0,2,0,0,,0,0,0,16,1,1,0,,0.0,40 03:02.736,,0,75 10:38.161,4,0,0,0,67301,0,0,0,N,0,0,0,5,67301,1,,1,1,,N,N,,0,,0,0,0,3,2,,1600,1,3,0,0,0,0,1,3,4,0,3,3,,N,,,,,,,,,,,
2006065464,1355.0,2,0,0,0,0,0,0,0,0,4,0,,67,6,2006,5,39.9249,-75.174,1352.0,6,0,0,0,0,1,0,0,0,,0,0,0,13,1,1,2,,0.0,39 55:28.000,,0,75 10:19.002,8,0,0,0,67301,0,0,0,N,0,0,0,4,67301,0,,1,1,,N,N,,0,,0,0,0,0,0,,1345,1,2,0,0,2,1,0,3,4,0,2,3,,N,,,,,,,,,,,
2006065548,1653.0,0,0,0,0,0,0,0,0,0,8,0,,67,5,2006,2,,,1650.0,6,0,0,0,0,0,0,0,0,,0,0,0,16,1,1,1,,0.0,,,0,,4,0,0,0,67301,1,0,0,N,1,0,0,2,67301,1,,4,1,,N,N,,1,,0,0,0,3,3,,1650,1,2,0,0,0,0,0,3,3,0,1,3,,N,,,,,,,,,,,
2006065558,1903.0,1,0,0,0,0,0,0,0,0,7,0,40.0,67,5,2006,2,40.0859,-74.9701,1903.0,6,0,0,0,0,0,0,0,0,,0,0,0,19,1,0,7,,0.0,40 05:09.000,,2,74 58:11.904,0,0,0,0,67301,0,0,0,N,0,0,0,2,67301,0,,2,1,,N,N,,0,,0,0,0,0,0,,1900,0,1,0,0,0,0,0,3,4,0,1,3,,Y,4.0,1.0,N,,,N,,,,Y,
2006055370,1117.0,0,0,0,0,0,0,0,0,0,7,0,,67,3,2006,1,,,1116.0,6,0,0,0,0,0,0,0,0,,0,0,0,11,1,1,0,,0.0,,,0,,3,0,0,1,67301,0,0,0,N,0,0,0,1,67301,0,,2,1,,N,N,,0,,1,0,0,0,0,,1114,1,1,0,0,0,0,0,3,3,0,1,3,,N,,,,,,,,,,,
2006055388,1355.0,2,0,0,0,0,0,0,0,0,4,0,,67,4,2006,6,,,1353.0,6,0,0,0,0,0,0,0,0,,0,0,0,13,1,1,1,,0.0,,,0,,4,0,0,0,67301,0,0,0,N,0,0,0,4,67301,1,,1,2,,N,N,,0,,0,0,0,3,3,,1350,1,2,0,0,0,0,0,3,3,0,2,3,,N,,,,,,,,,,,
2006055408,802.0,2,0,0,0,0,0,0,0,0,4,0,,67,3,2006,6,40.0526,-75.1806,758.0,6,0,0,0,0,0,0,0,0,,0,0,0,7,1,2,1,,0.0,40 03:09.223,,0,75 10:50.329,3,0,0,0,67301,1,0,0,N,0,0,0,4,67301,1,,1,1,,N,N,,1,,1,0,0,3,3,,755,2,3,0,0,0,0,0,3,4,0,3,3,,N,,,,,,,,,,,
2006055506,1758.0,2,0,0,0,0,0,0,0,0,4,0,,67,3,2006,6,39.9979,-75.185,1744.0,6,0,0,0,0,0,1,0,0,1.0,0,0,0,17,3,2,2,,1.0,39 59:52.000,3.0,0,75 11:06.488,8,0,0,0,67301,0,0,0,,0,0,0,4,67301,0,,1,1,,N,N,,0,,0,0,0,3,2,N,1738,2,2,0,0,0,2,1,3,4,0,2,3,,N,,,,,,,,,,,
2006055584,1435.0,1,0,0,0,0,0,0,0,0,9,0,,67,4,2006,4,,,1424.0,6,0,0,0,0,0,1,0,0,,0,0,0,13,1,0,0,,0.0,,,0,,0,0,0,0,67301,0,0,0,N,0,0,0,1,67301,0,,1,1,,N,N,,0,,0,0,0,0,0,,1310,0,1,0,0,0,0,0,3,3,0,1,3,,N,,,,,,,,,,,
2006055733,1013.0,2,0,0,0,0,0,0,0,0,4,0,,67,3,2006,7,,,1010.0,6,0,0,0,0,0,0,0,0,,0,0,0,10,1,1,1,,0.0,,,0,,8,0,0,0,67301,0,0,0,N,0,0,0,2,67301,0,,1,1,,N,N,,0,,0,0,0,3,2,,1010,1,2,0,0,0,1,1,3,3,0,2,3,,N,,,,,,,,,,,
2006055775,1614.0,1,0,0,0,0,0,0,0,0,1,0,,67,4,2006,3,,,1612.0,6,0,0,0,0,0,0,0,0,1.0,0,0,0,16,1,1,0,,1.0,,1.0,0,,4,0,0,1,67301,0,0,0,N,0,0,0,2,67301,1,,1,1,,N,N,,0,,0,0,0,0,0,N,1610,1,2,0,0,0,0,0,3,3,0,2,3,,N,,,,,,,,,,,
2006104817,2300.0,1,0,0,0,0,0,1,0,0,4,1,,67,8,2006,7,40.0107,-75.1627,2250.0,6,0,0,0,0,0,1,0,0,,0,0,0,22,3,5,1,,0.0,40 00:38.000,,0,75 09:46.295,8,0,0,0,67301,0,0,0,N,0,0,0,7,67301,0,,1,1,,N,N,,0,,0,0,0,9,3,,2245,5,2,0,0,0,5,0,3,4,0,2,3,,N,,,,,,,,,,,
2006124252,1246.0,1,0,0,0,0,0,0,0,0,1,0,,67,10,2006,7,40.0225,-75.0679,1242.0,6,0,0,0,0,0,1,0,0,,0,0,0,12,1,0,0,,0.0,40 01:21.007,,0,75 04:04.494,0,0,0,0,67301,0,0,0,N,0,0,0,1,67301,0,,6,1,,N,N,,1,,0,0,0,0,0,,1230,0,2,0,0,0,0,0,3,4,0,2,3,,N,,,,,,,,,,,
2006112648,1915.0,2,0,0,0,0,0,0,0,0,1,0,,67,9,2006,3,39.996,-75.1027,1915.0,6,0,0,0,0,0,0,0,0,,0,0,0,19,1,1,0,,0.0,39 59:45.520,,0,75 06:09.586,4,0,0,0,67301,0,0,0,N,0,0,0,1,67301,1,,6,1,,N,N,,0,,0,0,1,0,0,,1910,1,3,0,0,0,0,0,3,4,0,3,3,,N,,,,,,,,,,,
2006112734,758.0,1,0,0,0,0,0,0,0,0,4,0,,67,10,2006,7,40.0459,-75.1822,754.0,6,0,0,0,0,0,1,0,0,,0,1,0,6,1,1,1,,0.0,40 02:45.000,,0,75 10:56.285,8,0,0,0,67301,0,0,0,N,0,0,0,2,67301,0,,1,9,,N,N,,0,,0,0,0,3,2,,657,1,2,0,0,0,1,0,3,4,0,2,7,,N,,,,,,,,,,,
2006127085,2351.0,3,0,0,0,0,0,0,0,0,1,0,,67,10,2006,1,40.114,-74.9876,2346.0,6,0,0,0,0,0,0,0,0,1.0,0,0,0,23,3,0,1,,1.0,40 06:50.000,1.0,0,74 59:14.868,9,0,0,0,67301,0,0,0,N,0,0,0,4,67301,0,,1,1,,N,N,,0,,0,0,1,3,2,N,2340,0,4,0,0,0,0,1,3,4,0,4,3,,N,,,,,,,,,,,
2006124782,955.0,3,0,0,0,0,0,0,0,0,4,0,,67,11,2006,6,40.0272,-75.0989,947.0,6,0,0,0,0,0,1,0,0,,0,0,0,9,1,2,1,,0.0,40 01:39.000,,0,75 05:57.216,4,0,0,0,67301,0,0,0,N,0,0,0,3,67301,2,,1,1,,N,N,,0,,0,0,0,3,2,,945,2,3,0,0,0,0,1,3,4,0,3,3,,N,,,,,,,,,,,
2006124855,1050.0,0,0,0,0,0,0,0,0,0,7,0,,67,10,2006,7,39.9909,-75.1049,1048.0,6,0,0,0,0,0,0,0,0,,0,0,0,10,1,1,1,,0.0,39 59:27.276,,0,75 06:17.600,2,0,0,0,67301,1,0,1,N,1,0,1,2,67301,0,,4,1,,N,N,,0,,0,1,0,2,3,,1045,1,2,0,0,0,0,0,3,4,0,1,3,,N,,,,,,,,,,,
2006113863,252.0,1,0,0,0,0,0,0,0,0,1,0,,67,10,2006,1,40.0096,-75.1873,248.0,6,0,0,0,0,0,0,0,0,1.0,0,0,0,99,3,1,6,,2.0,40 00:34.000,1.0,2,75 11:14.245,4,0,0,0,67301,0,0,0,N,0,0,0,3,67301,1,,1,1,,N,N,,0,,0,0,1,0,0,N,9999,1,2,0,0,0,0,1,3,4,0,2,3,,N,,,,,,,,,,,
2006062240,1632.0,0,0,0,0,0,0,0,0,0,7,0,,67,5,2006,6,,,1629.0,6,0,0,0,0,0,0,0,0,,0,0,0,16,1,2,0,,0.0,,,0,,2,0,0,0,67301,0,0,0,N,0,0,0,2,67301,0,,2,1,,N,N,,0,,1,1,0,0,0,,1605,2,1,0,0,0,0,0,3,3,0,1,3,,N,,,,,,,,,,,
2006062257,917.0,0,0,0,0,0,0,0,0,0,5,0,,67,5,2006,3,39.9693,-75.1382,915.0,6,0,0,0,0,0,0,0,0,,0,0,0,9,1,1,0,,0.0,39 58:08.000,,0,75 08:17.441,4,0,0,0,67301,0,0,0,N,0,0,0,1,67301,1,,2,1,,N,N,,2,,0,0,0,0,0,,915,1,2,0,0,1,0,0,3,4,0,2,3,,N,,,,,,,,,,,
2006054701,1840.0,2,0,0,0,0,0,0,0,0,1,0,,67,4,2006,7,40.0079,-75.1723,1840.0,6,0,0,0,0,0,0,0,0,,0,0,0,18,1,1,1,,0.0,40 00:28.314,,0,75 10:20.141,3,0,0,0,67301,0,0,0,N,0,0,0,3,67301,0,,1,9,,N,N,,0,,1,0,0,0,0,,1830,1,2,0,0,3,0,0,3,4,0,2,7,,N,,,,,,,,,,,
2006062456,815.0,3,0,0,0,0,0,0,0,0,1,0,,67,5,2006,3,39.9819,-75.239,812.0,6,0,0,0,0,0,3,0,0,1.0,0,0,0,8,1,2,1,,1.0,39 58:54.000,1.0,0,75 14:21.165,4,0,0,0,67301,0,0,0,N,0,0,0,4,67301,2,,1,1,,N,N,,0,,0,0,1,3,2,Y,808,2,4,0,0,0,0,0,3,4,0,4,3,,N,,,,,,,,,,,
2006062457,818.0,2,0,0,0,0,0,0,0,0,4,0,,67,4,2006,2,40.0438,-75.139,815.0,6,0,0,1,0,0,0,0,0,,0,0,0,8,1,1,1,,0.0,40 02:37.809,,0,75 08:20.356,8,0,0,0,67301,0,0,0,N,0,0,0,2,67301,0,,1,9,,N,N,,0,,0,0,0,3,3,,811,1,2,0,0,0,1,0,3,4,0,2,7,,N,,,,,,,,,,,
2006093916,1800.0,1,0,0,1,0,0,0,0,0,8,0,,67,7,2006,1,,,1757.0,6,0,0,0,1,0,0,0,0,,0,0,0,17,1,2,1,,0.0,,,0,,4,0,0,0,67301,2,0,0,N,0,0,0,3,67301,2,,1,1,,N,N,,0,,0,0,0,3,3,,1750,2,2,0,0,1,0,0,3,3,0,1,3,,N,,,,,,,,,,,
2006054979,805.0,2,0,0,0,0,0,0,0,0,4,0,,67,3,2006,5,40.0743,-75.0348,757.0,6,0,0,0,0,0,1,0,0,,0,0,0,7,1,0,1,,0.0,40 04:26.000,,0,75 02:05.075,9,0,0,0,67301,0,0,0,N,0,0,0,4,67301,0,,1,9,,N,N,,0,,0,0,0,3,2,,750,0,2,0,0,0,0,1,3,4,0,2,7,,N,,,,,,,,,,,