CRN,ARRIVAL_TM,AUTOMOBILE_COUNT,BELTED_DEATH_COUNT,BELTED_SUSP_SERIOUS_INJ_COUNT,BICYCLE_COUNT,BICYCLE_DEATH_COUNT,BICYCLE_SUSP_SERIOUS_INJ_COUNT,BUS_COUNT,CHLDPAS_DEATH_COUNT,CHLDPAS_SUSP_SERIOUS_INJ_COUNT,COLLISION_TYPE,COMM_VEH_COUNT,CONS_ZONE_SPD_LIM,COUNTY,CRASH_MONTH,CRASH_YEAR,DAY_OF_WEEK,DEC_LAT,DEC_LONG,DISPATCH_TM,DISTRICT,DRIVER_COUNT_16YR,DRIVER_COUNT_17YR,DRIVER_COUNT_18YR,DRIVER_COUNT_19YR,DRIVER_COUNT_20YR,DRIVER_COUNT_50_64YR,DRIVER_COUNT_65_74YR,DRIVER_COUNT_75PLUS,EST_HRS_CLOSED,FATAL_COUNT,HEAVY_TRUCK_COUNT,HORSE_BUGGY_COUNT,HOUR_OF_DAY,ILLUMINATION,INJURY_COUNT,INTERSECT_TYPE,INTERSECTION_RELATED,LANE_CLOSED,LATITUDE,LN_CLOSE_DIR,LOCATION_TYPE,LONGITUDE,MAX_SEVERITY_LEVEL,MCYCLE_DEATH_COUNT,MCYCLE_SUSP_SERIOUS_INJ_COUNT,MOTORCYCLE_COUNT,MUNICIPALITY,NONMOTR_COUNT,NONMOTR_DEATH_COUNT,NONMOTR_SUSP_SERIOUS_INJ_COUNT,NTFY_HIWY_MAINT,PED_COUNT,PED_DEATH_COUNT,PED_SUSP_SERIOUS_INJ_COUNT,PERSON_COUNT,POLICE_AGCY,POSSIBLE_INJ_COUNT,RDWY_SURF_TYPE_CD,RELATION_TO_ROAD,ROAD_CONDITION,ROADWAY_CLEARED,SCH_BUS_IND,SCH_ZONE_IND,SECONDARY_CRASH,SMALL_TRUCK_COUNT,SPEC_JURIS_CD,SUSP_MINOR_INJ_COUNT,SUSP_SERIOUS_INJ_COUNT,SUV_COUNT,TCD_FUNC_CD,TCD_TYPE,TFC_DETOUR_IND,TIME_OF_DAY,TOT_INJ_COUNT,TOTAL_UNITS,UNB_DEATH_COUNT,UNB_SUSP_SERIOUS_INJ_COUNT,UNBELTED_OCC_COUNT,UNK_INJ_DEG_COUNT,UNK_INJ_PER_COUNT,URBAN_AREA,URBAN_RURAL,VAN_COUNT,VEHICLE_COUNT,WEATHER1,WEATHER2,WORK_ZONE_IND,WORK_ZONE_LOC,WORK_ZONE_TYPE,WORKERS_PRES,WZ_CLOSE_DETOUR,WZ_FLAGGER,WZ_LAW_OFFCR_IND,WZ_LN_CLOSURE,WZ_MOVING,WZ_OTHER,WZ_SHLDER_MDN,WZ_WORKERS_INJ_KILLED
2006054987,1136.0,2,0,0,0,0,0,0,0,0,4,0,,67,3,2006,2,40.0105,-75.0791,1136.0,6,0,0,0,0,0,0,0,0,,0,0,0,11,1,3,1,,0.0,40 00:37.000,,0,75 04:45.408,4,0,0,0,67301,0,0,0,N,0,0,0,3,67301,3,,1,1,,N,N,,0,,0,0,0,3,2,,1136,3,2,0,0,2,0,0,3,4,0,2,3,,N,,,,,,,,,,,
2006055100,1655.0,1,0,0,0,0,0,1,0,0,1,1,,67,4,2006,7,39.9927,-75.1452,1650.0,6,0,0,0,0,0,0,0,0,,0,0,0,16,1,2,0,,0.0,39 59:33.000,,0,75 08:42.933,4,0,0,0,67301,0,0,0,N,0,0,0,8,67301,2,,1,1,,N,N,,0,,0,0,0,3,2,,1645,2,2,0,0,2,0,0,3,4,0,2,3,,N,,,,,,,,,,,
2006094061,1155.0,2,0,0,0,0,0,0,0,0,4,0,,67,7,2006,4,40.0592,-75.0522,1151.0,6,0,0,0,0,0,0,0,0,,0,0,0,11,1,1,0,,0.0,40 03:33.480,,0,75 03:07.920,3,0,0,0,67301,0,0,0,N,0,0,0,2,67301,0,,1,1,,N,N,,0,,1,0,0,0,0,,1151,1,2,0,0,0,0,0,3,4,0,2,3,,N,,,,,,,,,,,
2006094456,1625.0,1,0,0,1,0,0,0,0,0,4,0,,67,7,2006,4,,,1612.0,6,0,0,0,0,0,0,0,1,,0,0,0,16,1,1,0,,0.0,,,0,,4,0,0,0,67301,1,0,0,N,0,0,0,2,67301,1,,6,1,,N,N,,0,,0,0,0,0,0,,1600,1,2,0,0,1,0,0,3,3,0,1,3,,N,,,,,,,,,,,
2006094460,1940.0,0,0,0,0,0,0,0,0,0,8,0,,67,8,2006,6,39.9956,-75.1114,1935.0,6,0,0,0,0,0,0,0,0,,0,0,0,19,1,1,0,,0.0,39 59:44.268,,0,75 06:40.989,4,0,0,0,67301,1,0,0,N,1,0,0,2,67301,1,,1,1,,N,N,,0,,0,0,1,0,0,,1935,1,2,0,0,0,0,0,3,4,0,1,3,,N,,,,,,,,,,,
2006094464,1455.0,1,0,0,0,0,0,0,0,0,8,0,,67,7,2006,3,39.993,-75.1103,1450.0,6,0,0,0,0,0,0,0,0,,0,0,0,14,1,1,1,,0.0,39 59:34.000,,0,75 06:37.258,4,0,0,0,67301,1,0,0,N,1,0,0,2,67301,1,,1,1,,N,N,,0,,0,0,0,3,2,,1445,1,2,0,0,0,0,0,3,4,0,1,3,,N,,,,,,,,,,,
2006091622,1827.0,2,0,0,0,0,0,0,0,0,4,0,,67,6,2006,2,40.0321,-75.2078,1755.0,6,0,0,0,0,0,0,0,0,,0,0,0,17,1,0,2,,0.0,40 01:55.000,,0,75 12:27.964,0,0,0,0,67301,0,0,0,N,0,0,0,3,68K01,0,,1,9,,N,N,,0,,0,0,0,0,0,,1734,0,2,0,0,0,0,0,3,4,0,2,3,,N,,,,,,,,,,,
2006094215,811.0,2,0,0,0,0,0,0,0,0,2,0,,67,7,2006,1,,,810.0,6,0,0,0,0,1,0,0,0,,0,0,0,8,1,2,1,,0.0,,,0,,8,0,0,0,67301,0,0,0,N,0,0,0,4,67301,0,,1,1,,N,N,,0,,0,0,0,3,3,,808,2,2,0,0,4,2,0,3,3,0,2,3,,N,,,,,,,,,,,
2006094378,1611.0,2,0,0,0,0,0,0,0,0,4,0,,67,8,2006,4,,,1611.0,6,0,0,0,0,0,2,0,0,,0,0,0,16,1,1,0,,0.0,,,0,,8,0,0,0,67301,0,0,0,N,0,0,0,2,67301,0,,1,1,,N,N,,0,,0,0,0,0,0,,1611,1,2,0,0,0,1,0,3,3,0,2,3,,N,,,,,,,,,,,
2006094402,142.0,1,0,0,0,0,0,0,0,0,7,0,,67,7,2006,6,,,137.0,6,0,0,0,0,0,0,0,0,,0,0,0,1,3,0,0,,0.0,,,0,,0,0,0,0,67301,0,0,0,N,0,0,0,2,67301,0,,3,9,,N,N,,0,,0,0,0,0,0,,137,0,1,0,0,2,0,0,3,3,0,1,7,,N,,,,,,,,,,,
2006025167,1610.0,0,0,0,0,0,0,1,0,0,8,1,,67,1,2006,3,39.96,-75.2249,1603.0,6,0,0,0,0,0,0,0,0,,0,0,0,15,1,1,1,,0.0,39 57:35.000,,0,75 13:29.530,4,0,0,0,67301,1,0,0,N,1,0,0,2,67301,1,,5,1,,N,N,,0,,0,0,0,3,2,,1530,1,2,0,0,0,0,1,3,4,0,1,3,,N,,,,,,,,,,,
2006020106,508.0,3,0,0,0,0,0,0,0,0,2,0,,67,1,2006,4,40.058,-75.0414,503.0,6,0,0,0,0,0,0,1,0,,0,0,0,3,3,1,1,,0.0,40 03:28.000,,0,75 02:29.802,4,0,0,0,67301,0,0,0,N,0,0,0,3,67301,1,,1,1,,N,N,,0,,0,0,0,3,2,,300,1,3,0,0,0,0,0,3,4,0,3,3,,N,,,,,,,,,,,
2006080023,2050.0,1,0,0,0,0,0,0,0,0,8,0,,67,6,2006,5,40.0585,-75.0536,2046.0,6,0,0,0,0,0,0,0,1,1.0,0,0,0,99,3,1,1,,2.0,40 03:30.538,5.0,0,75 03:12.902,4,0,0,0,67301,1,0,0,N,1,0,0,2,67301,1,,1,1,,N,N,,0,,0,0,0,3,3,Y,9999,1,2,0,0,0,0,0,3,4,0,1,3,,N,,,,,,,,,,,
2006080025,816.0,1,0,0,0,0,0,0,0,0,5,0,,67,7,2006,6,40.017,-75.0691,815.0,6,0,0,0,0,0,0,0,0,,0,0,0,6,1,0,1,,0.0,40 01:01.293,,0,75 04:08.648,9,0,0,0,67301,0,0,0,N,0,0,0,1,67301,0,,1,1,,N,N,,1,,0,0,0,3,3,,630,0,2,0,0,0,0,1,3,4,0,2,3,,N,,,,,,,,,,,
2006080048,1258.0,0,0,0,0,0,0,0,0,0,8,0,,67,6,2006,2,40.078,-75.2106,1255.0,6,0,0,1,0,0,0,0,0,,0,0,0,12,1,1,1,,0.0,40 04:40.774,,0,75 12:38.329,3,0,0,0,67301,1,0,0,N,1,0,0,2,67301,0,,1,9,,N,N,,0,,1,0,0,3,2,,1235,1,2,0,0,0,0,0,3,4,1,1,7,,N,,,,,,,,,,,
2006065436,1330.0,0,0,0,1,0,0,0,0,0,4,0,,67,5,2006,6,,,1325.0,6,0,0,0,0,0,0,0,0,,0,0,0,13,1,1,0,,0.0,,,7,,4,0,0,0,67301,1,0,0,N,0,0,0,2,67301,1,,1,1,,N,N,,1,,0,0,0,0,0,,1325,1,2,0,0,0,0,0,3,3,0,1,3,,N,,,,,,,,,,,
2006065442,728.0,1,0,0,0,0,0,0,0,0,1,0,,67,6,2006,5,39.9307,-75.1988,725.0,6,0,0,0,0,0,1,0,0,1.0,0,1,0,7,1,1,0,,1.0,39 55:53.000,4.0,0,75 11:57.849,4,0,0,0,67301,0,0,0,N,0,0,0,3,67301,1,,1,1,,N,N,,1,,0,0,0,0,0,N,725,1,3,0,0,0,0,0,3,4,0,3,3,,N,,,,,,,,,,,
2006065513,1435.0,1,0,0,0,0,0,0,0,0,4,0,,67,5,2006,7,40.0667,-75.178,1431.0,6,0,0,0,0,0,0,0,0,,0,0,0,14,1,0,1,,0.0,40 04:00.000,,0,75 10:40.889,0,0,0,0,67301,0,0,0,N,0,0,0,2,67301,0,,1,1,,N,N,,1,,0,0,0,3,3,,1429,0,2,0,0,0,0,0,3,4,0,2,3,,N,,,,,,,,,,,
2006065366,1150.0,1,0,0,0,0,0,0,0,0,4,0,,67,5,2006,3,,,1150.0,6,0,0,0,1,0,1,0,0,,0,0,0,11,1,1,1,,0.0,,,0,,4,0,0,1,67301,0,0,0,N,0,0,0,2,67301,1,,1,1,,N,N,,0,,0,0,0,3,3,,1145,1,2,0,0,0,0,0,3,3,0,2,3,,N,,,,,,,,,,,
2006065541,301.0,3,0,0,0,0,0,0,0,0,4,0,,67,5,2006,1,,,259.0,6,0,0,0,0,0,0,0,0,,0,0,0,2,2,2,0,,0.0,,,0,,8,0,0,0,67301,2,0,0,N,0,0,0,3,67301,0,,6,1,,N,N,,0,,0,0,0,0,0,,254,2,3,0,0,1,2,0,3,3,0,3,3,,N,,,,,,,,,,,
2006065578,1519.0,2,0,0,0,0,0,0,0,0,6,0,,67,5,2006,6,39.9674,-75.2457,1510.0,6,0,0,0,0,0,0,0,0,,0,0,0,15,1,1,1,,0.0,39 58:02.000,,0,75 14:44.794,3,0,0,0,67301,0,0,0,N,0,0,0,2,67301,0,,1,1,,N,N,,0,,1,0,0,2,2,,1500,1,2,0,0,0,0,0,3,4,0,2,3,,N,,,,,,,,,,,
2006055354,1606.0,2,0,0,0,0,0,0,0,0,1,0,,67,3,2006,3,39.988,-75.1567,1500.0,6,0,0,0,0,0,0,1,0,,0,0,0,15,1,1,1,,0.0,39 59:16.000,,0,75 09:24.253,4,0,0,0,67301,0,0,0,N,0,0,0,2,67301,1,,1,1,,N,N,,0,,0,0,0,0,0,,1500,1,2,0,0,0,0,0,3,4,0,2,3,,N,,,,,,,,,,,
2006055369,414.0,2,0,0,0,0,0,0,0,0,1,0,,67,3,2006,7,40.0083,-75.1944,411.0,6,0,0,0,0,0,0,0,0,,0,0,0,4,3,5,2,,0.0,40 00:26.000,,0,75 11:31.377,4,0,0,0,67301,0,0,0,N,0,0,0,6,67301,5,,1,1,,N,N,,0,,0,0,0,3,2,,404,5,2,0,0,1,0,1,3,4,0,2,3,,N,,,,,,,,,,,
2006055375,308.0,0,0,0,0,0,0,0,0,0,7,0,,67,4,2006,1,40.0358,-75.1972,302.0,6,0,0,0,0,0,0,0,0,,0,0,0,99,3,1,0,,0.0,40 02:08.988,,0,75 11:49.891,4,0,0,0,67301,0,0,0,N,0,0,0,2,67301,1,,2,1,,N,N,,0,,0,0,0,0,0,,9999,1,1,0,0,0,0,0,3,4,1,1,3,,N,,,,,,,,,,,
2006055592,10.0,2,0,0,0,0,0,0,0,0,2,0,,67,4,2006,1,40.0339,-75.0743,8.0,6,0,0,0,0,0,0,0,0,1.0,0,0,0,0,3,2,2,,1.0,40 02:03.000,2.0,0,75 04:29.833,8,0,0,0,67301,0,0,0,N,0,0,0,2,67301,0,,1,1,,N,N,,0,,0,0,0,3,2,Y,4,2,2,0,0,0,2,0,3,4,0,2,3,,N,,,,,,,,,,,
2006055659,2251.0,3,0,0,0,0,0,0,0,0,5,0,,67,4,2006,4,39.9784,-75.1109,2247.0,6,0,0,0,0,0,0,0,0,2.0,0,0,0,22,3,2,6,,1.0,39 58:41.160,1.0,2,75 06:40.680,3,0,0,0,67301,1,0,0,N,0,0,0,8,67301,1,,1,1,,N,N,,0,,1,0,0,0,0,N,2247,2,3,0,0,0,0,0,3,4,0,3,3,,N,,,,,,,,,,,
2006055665,1920.0,2,0,0,0,0,0,0,0,0,4,0,,67,3,2006,3,,,1912.0,6,0,0,0,0,0,0,0,0,2.0,0,0,0,17,3,3,0,,2.0,,7.0,0,,3,0,0,0,67301,0,0,0,N,0,0,0,4,67301,0,,1,1,,N,N,,0,,3,0,0,0,0,Y,1711,3,2,0,0,0,0,1,3,3,0,2,3,,N,,,,,,,,,,,
2006055684,555.0,1,0,0,0,0,0,0,0,0,1,0,,67,4,2006,5,39.9621,-75.1421,546.0,6,0,0,0,0,0,0,0,0,,0,0,0,5,1,1,2,,0.0,39 57:43.642,,0,75 08:31.667,3,0,0,1,67301,0,0,0,N,0,0,0,2,67301,0,,1,1,,N,N,,0,,1,0,0,3,3,,546,1,3,0,0,0,0,0,3,4,0,2,3,,N,,,,,,,,,,,
2006055694,15.0,1,0,0,0,0,0,0,0,0,8,0,,67,5,2006,4,40.0506,-75.0509,10.0,6,0,0,0,0,0,0,0,0,1.0,0,0,0,0,2,1,2,,2.0,40 03:02.218,1.0,6,75 03:03.371,3,0,0,0,67301,1,0,0,N,1,0,0,2,67301,0,,1,1,,N,N,,0,,1,0,0,0,0,N,5,1,2,0,0,0,0,0,3,4,0,1,3,,N,,,,,,,,,,,
2006055646,1737.0,1,0,0,0,0,0,0,0,0,8,0,,67,4,2006,2,39.9631,-75.2242,1733.0,6,0,0,0,0,0,0,0,0,,0,0,0,10,1,1,1,,0.0,39 57:47.000,,0,75 13:27.159,4,0,0,0,67301,1,0,0,N,1,0,0,2,67301,1,,2,1,,N,N,,0,,0,0,0,2,2,,1000,1,2,0,0,0,0,1,3,4,0,1,3,,N,,,,,,,,,,,
2006104915,1030.0,1,0,0,0,0,0,0,0,0,0,0,,67,8,2006,3,40.0486,-74.9986,1028.0,6,0,0,0,0,0,1,0,0,9.0,0,0,0,10,1,1,7,,1.0,40 02:55.000,2.0,2,74 59:54.698,4,0,0,0,67301,0,0,0,Y,0,0,0,2,67301,1,,1,1,,N,N,,1,,0,0,0,0,0,N,1028,1,2,0,0,0,0,0,3,4,0,2,3,,N,,,,,,,,,,,
2006102412,133.0,2,0,0,0,0,0,0,0,0,4,0,,67,8,2006,1,39.9614,-75.1482,130.0,6,0,0,1,0,0,0,0,0,2.0,0,0,0,1,3,0,1,,1.0,39 57:40.000,3.0,0,75 08:53.647,0,0,0,0,67301,0,0,0,N,0,0,0,3,67301,0,,1,1,,N,N,,0,,0,0,0,3,2,N,129,0,2,0,0,0,0,0,3,4,0,2,3,,N,,,,,,,,,,,
2006102462,256.0,2,0,0,0,0,0,0,0,0,7,0,,67,8,2006,5,40.0294,-75.189,254.0,6,0,0,0,0,0,0,0,0,,0,0,0,2,3,1,2,,0.0,40 01:45.922,,0,75 11:20.353,8,0,0,0,67301,0,0,0,N,0,0,0,2,67301,0,,4,1,,N,N,,0,,0,0,0,3,2,,254,1,2,0,0,0,1,0,3,4,0,2,3,,N,,,,,,,,,,,
2006124610,1909.0,2,0,0,0,0,0,0,0,0,4,0,,67,11,2006,5,40.0363,-75.0514,1903.0,6,0,0,0,0,0,0,0,0,,0,0,0,19,3,2,1,,0.0,40 02:10.701,,0,75 03:04.967,3,0,0,0,67301,0,0,0,N,0,0,0,3,67301,0,,1,1,,N,N,,0,,1,0,0,3,2,,1900,2,2,0,0,0,1,0,3,4,0,2,3,,N,,,,,,,,,,,
2006112684,2345.0,2,0,0,0,0,0,0,0,0,4,0,,67,10,2006,4,39.9385,-75.1421,2342.0,6,0,0,0,0,0,0,0,0,,0,0,0,23,3,0,1,,0.0,39 56:18.600,,0,75 08:31.560,0,0,0,0,67301,0,0,0,N,0,0,0,6,67301,0,,1,9,,N,N,,0,,0,0,0,3,1,,2342,0,2,0,0,0,0,0,3,4,0,2,7,,N,,,,,,,,,,,
2006112739,730.0,1,0,0,0,0,0,0,0,0,2,0,,67,10,2006,7,39.9764,-75.1198,9999.0,6,0,0,0,0,0,0,0,0,,0,0,0,7,1,1,1,,0.0,39 58:37.000,,0,75 07:10.352,4,0,0,0,67301,0,0,0,N,0,0,0,2,67301,1,,1,1,,N,N,,1,,0,0,0,3,2,,720,1,2,0,0,0,0,0,3,4,0,2,3,,N,,,,,,,,,,,
2006124885,2243.0,2,0,0,0,0,0,0,0,0,4,0,,67,10,2006,3,39.9746,-75.2383,2241.0,6,0,0,0,0,0,0,0,0,,0,0,0,22,3,3,1,,0.0,39 58:28.437,,0,75 14:17.876,4,0,0,0,67301,0,0,0,N,0,0,0,3,67301,2,,1,1,,N,N,,0,,0,0,0,3,2,,2240,3,2,0,0,0,1,0,3,4,0,2,3,,N,,,,,,,,,,,
2006124763,2032.0,1,0,0,0,0,0,0,0,0,8,0,,67,11,2006,4,39.9987,-75.0709,2031.0,6,0,0,0,0,0,0,1,0,,0,0,0,12,1,1,1,,0.0,39 59:54.960,,0,75 04:15.240,4,0,0,0,67301,1,0,0,N,1,0,0,2,67301,1,,1,9,,N,N,,0,,0,0,0,0,0,,1245,1,2,0,0,0,0,0,3,4,0,1,7,,N,,,,,,,,,,,
2006062268,1525.0,2,0,0,0,0,0,0,0,0,4,0,,67,5,2006,6,40.0319,-75.1629,1520.0,6,0,0,0,0,0,1,0,0,,0,0,0,15,1,1,1,,0.0,40 01:54.915,,0,75 09:46.429,3,0,0,0,67301,0,0,0,,0,0,0,2,67301,0,,1,1,,,,,0,,1,0,0,3,3,,1500,1,2,0,0,0,0,0,3,4,0,2,3,,N,,,,,,,,,,,
2006054679,1120.0,0,0,0,0,0,0,0,0,0,1,0,,67,4,2006,7,40.0288,-75.108,1102.0,6,0,0,0,0,0,0,0,0,,0,0,0,10,1,2,1,,0.0,40 01:43.000,,0,75 06:28.358,4,0,0,0,67301,0,0,0,N,0,0,0,3,67301,2,,1,1,,N,N,,0,,0,0,2,0,0,,1043,2,2,0,0,0,0,1,3,4,0,2,3,,N,,,,,,,,,,,
2006062425,255.0,2,0,0,0,0,0,0,0,0,5,0,,67,5,2006,7,39.9895,-75.1003,252.0,6,0,0,0,0,0,0,0,0,,0,0,0,2,3,1,0,,0.0,39 59:22.142,,0,75 06:01.177,4,0,0,0,67301,0,0,0,N,0,0,0,2,67301,1,,1,1,,N,N,,0,,0,0,1,0,0,,250,1,3,0,0,0,0,0,3,4,0,3,3,,N,,,,,,,,,,,
2006054702,1635.0,2,0,0,0,0,0,0,0,0,5,0,,67,4,2006,2,,,1630.0,6,0,0,0,0,1,0,0,0,,0,0,0,16,1,3,1,,0.0,,,0,,4,0,0,0,67301,0,0,0,N,0,0,0,4,67301,3,,1,9,,N,N,,0,,0,0,0,3,2,,1615,3,3,0,0,2,0,0,3,3,0,3,7,,N,,,,,,,,,,,
2006062393,1450.0,2,0,0,0,0,0,0,0,0,4,0,,67,5,2006,7,40.0811,-75.0289,1445.0,6,0,0,0,0,0,0,0,0,,0,0,0,14,1,1,1,,0.0,40 04:51.000,,0,75 01:43.681,4,0,0,0,67301,0,0,0,N,0,0,0,2,67301,1,,1,1,,N,N,,0,,0,0,0,3,2,,1444,1,2,0,0,0,0,0,3,4,0,2,3,,N,,,,,,,,,,,
2006062463,112.0,2,0,0,0,0,0,0,0,0,4,0,,67,4,2006,6,40.0235,-75.1603,108.0,6,0,0,0,0,0,0,0,0,,0,0,0,99,3,0,2,,0.0,40 01:24.000,,0,75 09:37.493,0,0,0,0,67301,0,0,0,N,0,0,0,3,67301,0,,1,1,,N,N,,0,,0,0,0,0,0,,9999,0,2,0,0,0,0,0,3,4,0,2,3,,N,,,,,,,,,,,
2006062515,1205.0,2,0,0,0,0,0,0,0,0,4,0,,67,5,2006,2,40.0556,-75.062,1158.0,6,0,0,0,0,0,0,0,0,,0,0,0,11,1,1,1,,0.0,40 03:20.000,,0,75 03:43.526,4,0,0,0,67301,0,0,0,N,0,0,0,3,67301,1,,1,1,,N,N,,0,,0,0,0,3,3,,1155,1,2,0,0,0,0,0,3,4,0,2,3,,N,,,,,,,,,,,
2006093899,1520.0,3,0,0,0,0,0,0,0,0,8,0,,67,7,2006,6,40.0614,-75.0839,1517.0,6,0,0,0,0,0,0,0,0,,0,0,0,99,1,1,0,,0.0,40 03:41.169,,0,75 05:01.899,3,0,0,0,67301,1,0,0,N,1,0,0,2,67301,0,,1,1,,N,N,,0,,1,0,0,3,2,,9999,1,4,0,0,0,0,0,3,4,0,3,3,,N,,,,,,,,,,,
2006054953,1700.0,1,0,0,0,0,0,0,0,0,8,0,99.0,67,2,2006,5,40.0392,-75.1032,9999.0,6,0,0,0,0,0,1,0,0,9.0,0,0,0,15,1,1,0,,1.0,40 02:21.282,4.0,0,75 06:11.617,3,0,0,0,67301,1,0,0,N,1,0,0,2,67301,0,,1,1,,N,N,,0,,1,0,0,3,7,N,1500,1,2,0,0,0,0,1,3,4,0,1,3,,Y,4.0,2.0,Y,,Y,U,,,,,
2006055056,1218.0,2,0,0,0,0,0,0,0,0,4,0,,67,4,2006,6,40.0074,-75.1368,1215.0,6,0,0,0,0,0,0,0,0,,0,0,0,12,1,2,1,,0.0,40 00:26.000,,0,75 08:12.854,4,0,0,0,67301,0,0,0,N,0,0,0,3,67301,2,,1,9,,N,N,,0,,0,0,0,0,0,,1210,2,2,0,0,1,0,0,3,4,0,2,7,,N,,,,,,,,,,,
2006055219,340.0,2,0,0,0,0,0,0,0,0,4,0,,67,4,2006,1,39.9625,-75.2162,336.0,6,0,0,0,0,0,0,0,0,,0,0,0,3,3,7,1,,0.0,39 57:45.000,,0,75 12:58.665,3,0,0,0,67301,0,0,0,N,0,0,0,7,67301,0,,5,1,,N,N,,0,,1,0,0,3,2,,330,7,2,0,0,0,6,0,3,4,0,2,3,,N,,,,,,,,,,,
2006055257,1322.0,2,0,0,0,0,0,0,0,0,6,0,,67,3,2006,7,,,1320.0,6,0,0,0,0,0,0,0,0,,0,0,0,13,1,2,0,,0.0,,,0,,3,0,0,0,67301,0,0,0,N,0,0,0,3,67301,1,,1,9,,N,N,,0,,1,0,0,0,0,,1310,2,2,0,0,0,0,0,3,3,0,2,7,,N,,,,,,,,,,,
2006094390,537.0,2,0,0,0,0,0,0,0,0,4,0,,67,5,2006,1,39.9982,-75.1012,536.0,6,0,0,0,0,0,0,0,0,1.0,0,0,0,5,5,0,1,,1.0,39 59:53.000,2.0,0,75 06:04.465,0,0,0,0,67301,0,0,0,N,0,0,0,2,67301,0,,1,1,,N,N,,0,,0,0,0,2,2,N,536,0,2,0,0,1,0,0,3,4,0,2,3,,N,,,,,,,,,,,
2006094394,653.0,1,0,0,0,0,0,0,0,0,4,0,,67,7,2006,3,40.0702,-75.1805,653.0,6,0,0,0,0,0,0,0,0,,0,0,0,99,1,1,1,,0.0,40 04:12.000,,0,75 10:49.923,8,0,0,0,67301,0,0,0,N,0,0,0,2,67301,0,,1,1,,N,N,,0,,0,0,1,1,2,,9999,1,2,0,0,0,1,0,3,4,0,2,3,,N,,,,,,,,,,,
2006081683,805.0,2,0,0,0,0,0,0,0,0,4,0,,67,6,2006,7,40.0312,-75.1458,759.0,6,0,0,0,0,0,0,1,0,,0,0,0,7,1,1,1,,0.0,40 01:52.420,,0,75 08:44.761,4,0,0,0,67301,0,0,0,N,0,0,0,2,67301,1,,1,9,,N,N,,0,,0,0,0,3,2,,750,1,2,0,0,0,0,0,3,4,0,2,7,,N,,,,,,,,,,,
2006056130,1633.0,0,0,0,0,0,0,0,0,0,7,0,,67,3,2006,7,40.0275,-75.0285,9999.0,6,0,0,0,0,0,1,0,0,,0,0,0,16,1,1,0,,0.0,40 01:39.154,,0,75 01:42.664,4,0,0,0,67301,0,0,0,N,0,0,0,1,67301,1,,5,9,,N,N,,0,,0,0,0,0,0,,1630,1,1,0,0,0,0,0,3,4,1,1,7,,N,,,,,,,,,,,
2006056132,138.0,2,0,0,0,0,0,0,0,0,4,0,,67,4,2006,1,40.0195,-75.0528,135.0,6,0,0,0,0,1,0,0,0,,0,0,0,1,3,1,2,,0.0,40 01:10.000,,0,75 03:10.276,8,0,0,0,67301,0,0,0,N,0,0,0,5,67301,0,,1,1,,N,N,,0,,0,0,0,3,3,,130,1,2,0,0,0,1,0,3,4,0,2,3,,N,,,,,,,,,,,
2006056252,21.0,1,0,0,0,0,0,0,0,0,4,0,,67,4,2006,7,,,19.0,6,0,0,0,0,0,0,0,0,,0,0,0,23,3,0,1,,0.0,,,0,,0,0,0,0,67301,0,0,0,N,0,0,0,2,67301,0,,7,1,,N,N,,0,,0,0,1,3,3,,2312,0,2,0,0,0,0,0,3,3,0,2,3,,N,,,,,,,,,,,
2006056266,1730.0,2,0,0,0,0,0,0,0,0,4,0,,67,4,2006,1,39.9586,-75.214,1718.0,6,0,0,0,0,0,1,0,0,,0,0,0,17,1,0,1,,0.0,39 57:30.000,,0,75 12:50.515,0,0,0,0,67301,0,0,0,N,0,0,0,2,67301,0,,1,1,,N,N,,0,,0,0,0,3,2,,1718,0,2,0,0,2,0,0,3,4,0,2,3,,N,,,,,,,,,,,
2006092714,2245.0,3,0,0,0,0,0,0,0,0,1,0,,67,8,2006,4,39.9598,-75.1784,2237.0,6,0,0,0,0,0,0,0,0,,0,0,0,22,3,6,7,,0.0,39 57:35.000,,2,75 10:45.225,4,0,0,0,67301,0,0,0,,0,0,0,6,67301,6,,1,1,,N,N,,0,,0,0,0,0,0,,2237,6,3,0,0,0,0,0,3,4,0,3,3,,N,,,,,,,,,,,
2006056141,806.0,2,0,0,0,0,0,0,0,0,4,0,,67,4,2006,4,40.0086,-75.0688,1800.0,6,0,0,0,1,0,1,0,0,,0,0,0,17,1,1,1,,0.0,40 00:31.000,,0,75 04:07.914,4,0,0,0,67301,0,0,0,N,0,0,0,3,67301,1,,1,1,,N,N,,0,,0,0,0,0,0,,1748,1,2,0,0,2,0,0,3,4,0,2,3,,N,,,,,,,,,,,
2006053912,2301.0,1,0,0,0,0,0,0,0,0,4,0,,67,5,2006,2,,,2301.0,6,0,0,0,0,0,1,0,0,,0,0,0,23,3,1,10,,0.0,,,5,,8,0,0,0,67301,0,0,0,N,0,0,0,2,67501,0,,1,1,,N,N,,1,,0,0,0,3,8,,2301,1,2,0,0,0,1,0,3,3,0,2,3,,N,,,,,,,,,,,
2006053981,923.0,1,0,0,0,0,0,0,0,0,4,0,,67,4,2006,7,,,920.0,6,0,0,0,0,0,0,0,0,,0,0,0,9,1,1,10,,0.0,,,0,,4,0,0,0,67301,0,0,0,N,0,0,0,4,67301,1,,1,9,,N,N,,0,,0,0,1,3,2,,920,1,2,0,0,0,0,0,3,3,0,2,7,,N,,,,,,,,,,,