CRN,ARRIVAL_TM,AUTOMOBILE_COUNT,BELTED_DEATH_COUNT,BELTED_SUSP_SERIOUS_INJ_COUNT,BICYCLE_COUNT,BICYCLE_DEATH_COUNT,BICYCLE_SUSP_SERIOUS_INJ_COUNT,BUS_COUNT,CHLDPAS_DEATH_COUNT,CHLDPAS_SUSP_SERIOUS_INJ_COUNT,COLLISION_TYPE,COMM_VEH_COUNT,CONS_ZONE_SPD_LIM,COUNTY,CRASH_MONTH,CRASH_YEAR,DAY_OF_WEEK,DEC_LAT,DEC_LONG,DISPATCH_TM,DISTRICT,DRIVER_COUNT_16YR,DRIVER_COUNT_17YR,DRIVER_COUNT_18YR,DRIVER_COUNT_19YR,DRIVER_COUNT_20YR,DRIVER_COUNT_50_64YR,DRIVER_COUNT_65_74YR,DRIVER_COUNT_75PLUS,EST_HRS_CLOSED,FATAL_COUNT,HEAVY_TRUCK_COUNT,HORSE_BUGGY_COUNT,HOUR_OF_DAY,ILLUMINATION,INJURY_COUNT,INTERSECT_TYPE,INTERSECTION_RELATED,LANE_CLOSED,LATITUDE,LN_CLOSE_DIR,LOCATION_TYPE,LONGITUDE,MAX_SEVERITY_LEVEL,MCYCLE_DEATH_COUNT,MCYCLE_SUSP_SERIOUS_INJ_COUNT,MOTORCYCLE_COUNT,MUNICIPALITY,NONMOTR_COUNT,NONMOTR_DEATH_COUNT,NONMOTR_SUSP_SERIOUS_INJ_COUNT,NTFY_HIWY_MAINT,PED_COUNT,PED_DEATH_COUNT,PED_SUSP_SERIOUS_INJ_COUNT,PERSON_COUNT,POLICE_AGCY,POSSIBLE_INJ_COUNT,RDWY_SURF_TYPE_CD,RELATION_TO_ROAD,ROAD_CONDITION,ROADWAY_CLEARED,SCH_BUS_IND,SCH_ZONE_IND,SECONDARY_CRASH,SMALL_TRUCK_COUNT,SPEC_JURIS_CD,SUSP_MINOR_INJ_COUNT,SUSP_SERIOUS_INJ_COUNT,SUV_COUNT,TCD_FUNC_CD,TCD_TYPE,TFC_DETOUR_IND,TIME_OF_DAY,TOT_INJ_COUNT,TOTAL_UNITS,UNB_DEATH_COUNT,UNB_SUSP_SERIOUS_INJ_COUNT,UNBELTED_OCC_COUNT,UNK_INJ_DEG_COUNT,UNK_INJ_PER_COUNT,URBAN_AREA,URBAN_RURAL,VAN_COUNT,VEHICLE_COUNT,WEATHER1,WEATHER2,WORK_ZONE_IND,WORK_ZONE_LOC,WORK_ZONE_TYPE,WORKERS_PRES,WZ_CLOSE_DETOUR,WZ_FLAGGER,WZ_LAW_OFFCR_IND,WZ_LN_CLOSURE,WZ_MOVING,WZ_OTHER,WZ_SHLDER_MDN,WZ_WORKERS_INJ_KILLED
2006018430,2335.0,1,0,0,1,0,0,0,0,0,8,0,,67,1,2006,7,,,2335.0,6,0,0,0,0,0,0,0,0,,0,0,0,23,3,1,1,,0.0,,,0,,3,0,0,0,67301,1,0,0,N,0,0,0,2,67301,0,,1,1,,N,Y,,0,,1,0,0,3,3,,2330,1,2,0,0,0,0,1,3,3,0,1,3,,N,,,,,,,,,,,
2006038666,1630.0,0,0,0,0,0,0,0,0,0,4,0,,67,1,2006,3,,,1626.0,6,0,0,0,0,0,0,0,0,,0,0,0,99,1,0,2,,0.0,,,0,,0,0,0,0,67301,0,0,0,,0,0,0,3,67301,0,,1,9,,N,N,,0,,0,0,2,0,0,,9999,0,2,0,0,0,0,0,3,3,0,2,3,,N,,,,,,,,,,,
2006037991,2248.0,1,0,0,0,0,0,0,0,0,1,0,,67,3,2006,1,39.9217,-75.1905,2246.0,6,0,0,0,0,0,0,0,0,1.0,0,0,0,22,3,0,0,,2.0,39 55:18.000,4.0,1,75 11:25.410,9,0,0,0,67301,0,0,0,N,0,0,0,2,67301,0,,1,1,,N,N,,0,,0,0,0,0,0,N,2244,0,2,0,0,0,0,2,3,4,0,2,3,,N,,,,,,,,,,,
2006035598,1217.0,2,0,0,0,0,0,0,0,0,1,0,,67,2,2006,6,39.9311,-75.1442,1215.0,6,0,0,0,0,0,1,0,0,,0,0,0,12,1,1,0,,0.0,39 55:52.000,,0,75 08:38.409,8,0,0,0,67301,0,0,0,N,0,0,0,3,67301,0,,1,1,,N,N,,0,,0,0,0,0,0,,1205,1,2,0,0,0,1,0,3,4,0,2,3,,N,,,,,,,,,,,
2006032967,1220.0,2,0,0,0,0,0,0,0,0,4,0,,67,1,2006,1,39.983,-75.2484,1207.0,6,0,0,0,0,0,0,0,0,,0,0,0,11,1,1,1,,0.0,39 58:58.728,,0,75 14:54.135,4,0,0,0,67301,0,0,0,N,0,0,0,5,67301,1,,1,9,,N,N,,0,,0,0,0,9,3,,1150,1,2,0,0,0,0,2,3,4,0,2,7,,N,,,,,,,,,,,
2006019902,1935.0,2,0,0,0,0,0,0,0,0,4,0,,67,1,2006,6,40.0265,-75.0422,1932.0,6,0,0,0,0,0,0,0,0,,0,0,0,19,3,4,1,,0.0,40 01:35.000,,0,75 02:31.971,8,0,0,0,67301,0,0,0,N,0,0,0,6,67301,0,,1,1,,N,N,,0,,0,0,0,3,3,,1930,4,2,0,0,0,4,0,3,4,0,2,3,,N,,,,,,,,,,,
2006020491,515.0,1,0,0,0,0,0,0,0,0,7,0,,67,1,2006,7,40.0332,-75.0237,506.0,6,0,0,0,0,0,0,0,0,,0,0,0,5,3,0,0,,0.0,40 01:59.000,,0,75 01:25.202,0,0,0,0,67301,0,0,0,,0,0,0,1,67301,0,,4,1,,,,,0,,0,0,0,0,0,,500,0,1,0,0,0,0,0,3,4,0,1,3,,N,,,,,,,,,,,
2006019844,2115.0,1,0,0,0,0,0,0,0,0,4,0,,67,1,2006,2,40.0068,-75.1316,2115.0,6,0,0,0,0,0,0,0,0,,0,0,0,20,3,1,1,,0.0,40 00:24.000,,0,75 07:53.820,4,0,0,0,67301,0,0,0,N,0,0,0,3,67301,1,,1,9,,N,N,,1,,0,0,0,3,2,,2010,1,2,0,0,0,0,1,3,4,0,2,7,,N,,,,,,,,,,,
2006080039,1220.0,1,0,0,0,0,0,0,0,0,7,0,,67,5,2006,7,39.9262,-75.1945,1216.0,6,0,0,0,0,0,0,0,0,2.0,0,0,0,12,1,2,0,,2.0,39 55:35.400,3.0,0,75 11:41.280,8,0,0,0,67301,0,0,0,,0,0,0,2,67301,0,,3,1,,N,N,,0,,0,0,0,0,0,N,1214,2,1,0,0,0,2,0,3,4,0,1,3,,N,,,,,,,,,,,
2006065003,50.0,0,0,0,1,0,0,0,0,0,4,0,,67,5,2006,7,39.9588,-75.2063,42.0,6,0,0,0,0,0,0,1,0,,0,0,0,0,3,1,1,,0.0,39 57:31.834,,0,75 12:22.607,3,0,0,0,67301,1,0,0,,0,0,0,2,67301,0,,1,1,,N,N,,0,,1,0,1,3,2,,38,1,2,0,0,0,0,0,3,4,0,1,3,,N,,,,,,,,,,,
2006065017,1552.0,1,0,0,0,0,0,0,0,0,4,0,,67,5,2006,2,40.0007,-75.1248,1547.0,6,0,0,0,0,0,0,0,0,,0,0,0,15,1,0,0,,0.0,40 00:02.520,,0,75 07:29.640,9,0,0,0,67301,0,0,0,,0,0,0,1,67301,0,,6,1,,N,N,,0,,0,0,0,3,2,,1545,0,2,0,0,1,0,1,3,4,1,2,3,,N,,,,,,,,,,,
2006065320,9999.0,1,0,0,0,0,0,0,0,0,7,0,,67,5,2006,7,40.0292,-75.1051,9999.0,6,0,0,1,0,0,0,0,0,,0,0,0,99,3,1,0,,0.0,40 01:45.000,,0,75 06:18.615,4,0,0,0,67301,0,0,0,,0,0,0,1,67301,1,,5,1,,N,N,,0,,0,0,0,0,0,,9999,1,1,0,0,0,0,0,3,4,0,1,3,,N,,,,,,,,,,,
2006065557,1259.0,2,0,0,0,0,0,0,0,0,5,0,,67,5,2006,3,40.0242,-75.0309,1257.0,6,0,0,0,0,1,0,1,0,1.0,0,0,0,12,1,0,0,,2.0,40 01:27.000,1.0,0,75 01:51.549,0,0,0,0,67301,0,0,0,N,0,0,0,3,67301,0,,1,1,,N,N,,1,,0,0,0,0,0,N,1255,0,3,0,0,0,0,0,3,4,0,3,3,,N,,,,,,,,,,,
2006055428,626.0,1,0,0,0,0,0,0,0,0,7,0,,67,4,2006,7,39.96,-75.1799,625.0,6,0,0,0,0,0,0,0,0,1.0,0,0,0,6,5,1,6,,1.0,39 57:36.000,3.0,2,75 10:47.831,8,0,0,0,67301,0,0,0,N,0,0,0,1,67301,0,,2,9,,N,N,,0,,0,0,0,0,0,N,625,1,1,0,0,0,1,0,3,4,0,1,7,,N,,,,,,,,,,,
2006055636,1231.0,0,0,0,0,0,0,0,0,0,8,0,,67,2,2006,3,39.952,-75.2265,1230.0,6,0,0,0,0,0,0,0,0,,0,0,0,12,1,1,1,,0.0,39 57:07.000,,0,75 13:35.652,4,0,0,0,67301,1,0,0,N,1,0,0,2,67301,1,,1,1,,N,N,,1,,0,0,0,3,2,,1215,1,2,0,0,0,0,0,3,4,0,1,3,,N,,,,,,,,,,,
2006055764,1310.0,2,0,0,0,0,0,0,0,0,1,0,,67,4,2006,7,40.0177,-75.1723,1305.0,6,0,0,0,1,0,0,0,0,,0,0,0,0,3,0,0,,0.0,40 01:03.000,,0,75 10:20.439,0,0,0,0,67301,0,0,0,N,0,0,0,2,67301,0,,1,1,,N,N,,0,,0,0,0,0,0,,55,0,2,0,0,0,0,0,3,4,0,2,3,,N,,,,,,,,,,,
2006055772,2237.0,1,0,0,0,0,0,0,0,0,7,0,,67,3,2006,2,40.0361,-75.0157,2227.0,6,0,0,0,0,0,0,0,0,1.0,0,0,0,22,3,1,0,,1.0,40 02:10.000,1.0,0,75 00:54.443,4,0,0,0,67301,0,0,0,N,0,0,0,1,67301,1,,2,1,,N,N,,0,,0,0,0,0,0,N,2225,1,1,0,0,0,0,0,3,4,0,1,3,,N,,,,,,,,,,,
2006055780,32.0,1,0,0,0,0,0,0,0,0,7,0,,67,3,2006,4,39.9739,-75.194,28.0,6,0,0,0,0,0,1,0,0,1.0,0,0,0,0,3,0,0,,1.0,39 58:30.000,4.0,0,75 11:39.603,0,0,0,0,67301,0,0,0,N,0,0,0,1,67301,0,,2,1,,N,N,,0,,0,0,0,0,0,N,27,0,1,0,0,0,0,0,3,4,0,1,3,,N,,,,,,,,,,,
2006104818,1956.0,3,0,0,0,0,0,0,0,0,4,0,,67,8,2006,6,40.0255,-75.1679,1956.0,6,0,0,0,0,0,1,0,0,,0,0,0,19,1,1,0,,0.0,40 01:31.000,,0,75 10:04.542,4,0,0,0,67301,0,0,0,N,0,0,0,2,67301,1,,1,1,,N,N,,0,,0,0,0,0,0,,1950,1,3,0,0,0,0,0,3,4,0,3,3,,N,,,,,,,,,,,
2006126843,607.0,0,0,0,0,0,0,0,0,0,8,0,,67,10,2006,3,40.0272,-75.1139,605.0,6,0,0,0,0,0,0,0,0,,0,0,0,6,3,1,0,,0.0,40 01:37.885,,0,75 06:50.157,4,0,0,0,67301,1,0,0,N,1,0,0,2,67301,1,,1,1,,N,N,,0,,0,0,0,0,0,,605,1,2,0,0,0,0,0,3,4,1,1,3,,N,,,,,,,,,,,
2006126866,750.0,2,0,0,0,0,0,0,0,0,4,0,,67,11,2006,6,40.0392,-75.0668,745.0,6,0,0,0,0,0,0,0,0,,0,0,0,7,1,1,1,,0.0,40 02:21.000,,0,75 04:00.418,4,0,0,0,67301,0,0,0,N,0,0,0,3,67301,1,,1,1,,N,Y,,0,,0,0,0,3,2,,730,1,2,0,0,0,0,1,3,4,0,2,3,,N,,,,,,,,,,,
2006102407,1842.0,2,0,0,0,0,0,0,0,0,4,0,,67,9,2006,3,39.8993,-75.1755,1842.0,6,0,0,0,0,0,1,0,0,,0,0,0,18,1,0,1,,0.0,39 53:57.000,,1,75 10:31.770,0,0,0,0,67301,0,0,0,N,0,0,0,4,67301,0,,1,1,,N,N,,0,,0,0,0,3,2,,1830,0,2,0,0,0,0,0,3,4,0,2,3,,N,,,,,,,,,,,
2006102426,1550.0,4,0,0,0,0,0,0,0,0,1,0,,67,8,2006,2,40.0419,-75.0497,1545.0,6,0,0,1,0,0,1,0,0,,0,0,0,15,1,2,0,,0.0,40 02:30.000,,0,75 02:59.273,4,0,0,0,67301,0,0,0,N,0,0,0,5,67301,2,,1,1,,N,N,,0,,0,0,0,0,0,,1540,2,4,0,0,0,0,0,3,4,0,4,3,,N,,,,,,,,,,,
2006124562,45.0,1,0,0,0,0,0,0,0,0,5,0,,67,10,2006,1,40.0565,-75.0464,42.0,6,0,0,0,0,0,1,0,0,,0,0,0,0,3,0,0,,0.0,40 03:23.000,,0,75 02:46.995,0,0,0,0,67301,0,0,0,N,0,0,0,3,67301,0,,1,1,,N,N,,1,,0,0,0,0,0,,1,0,2,0,0,0,0,0,3,4,0,2,3,,N,,,,,,,,,,,
2006124231,2012.0,1,0,0,0,0,0,0,0,0,4,0,,67,10,2006,1,40.0506,-75.1422,2008.0,6,0,0,0,0,0,0,0,1,,0,0,0,20,3,1,1,,0.0,40 03:02.000,,0,75 08:32.076,4,0,0,0,67301,0,0,0,N,0,0,0,3,67301,1,,1,1,,N,N,,0,,0,0,0,3,2,,2000,1,2,0,0,0,0,0,3,4,1,2,3,,N,,,,,,,,,,,
2006120100,1012.0,1,0,0,0,0,0,0,0,0,1,0,,67,11,2006,3,39.9923,-75.2456,9999.0,6,0,0,0,0,0,0,0,0,,0,0,0,10,1,1,0,,0.0,39 59:32.000,,0,75 14:44.055,4,0,0,0,67301,0,0,0,N,0,0,0,2,46104,1,,1,1,,N,N,,0,,0,0,0,0,0,,1010,1,2,0,0,0,0,0,3,4,1,2,3,,N,,,,,,,,,,,
2006112693,849.0,2,0,0,0,0,0,0,0,0,2,0,,67,10,2006,4,39.9759,-75.2008,842.0,6,0,0,0,0,0,1,0,0,1.0,0,0,0,8,1,1,0,,1.0,39 58:34.174,4.0,0,75 12:05.638,3,0,0,0,67301,0,0,0,N,0,0,0,4,67301,0,,1,9,,N,N,,0,,1,0,0,0,0,Y,840,1,3,0,0,0,0,0,3,4,1,3,7,,N,,,,,,,,,,,
2006112714,755.0,2,0,0,0,0,0,0,0,0,4,0,,67,9,2006,1,40.0252,-75.1254,749.0,6,0,0,0,0,0,0,0,0,3.0,0,0,0,7,1,2,5,,1.0,40 01:30.000,4.0,0,75 07:31.903,8,0,0,0,67301,0,0,0,N,0,0,0,2,67301,0,,1,1,,N,N,,0,,0,0,0,3,2,N,720,2,2,0,0,0,2,0,3,4,0,2,3,,N,,,,,,,,,,,
2006124916,809.0,1,0,0,0,0,0,1,0,0,5,1,,67,11,2006,5,40.0296,-75.1032,758.0,6,0,0,0,0,0,1,0,0,,0,0,0,7,1,1,10,,0.0,40 01:46.000,,0,75 06:11.771,4,0,0,0,67301,0,0,0,N,0,0,0,3,67301,1,,1,1,,N,N,,0,,0,0,0,0,0,,757,1,2,0,0,0,0,0,3,4,0,2,3,,N,,,,,,,,,,,
2006062230,9999.0,1,0,0,1,0,0,0,0,0,8,0,,67,5,2006,1,40.0042,-75.1729,9999.0,6,0,0,0,0,0,1,0,0,,0,0,0,99,1,1,1,,0.0,40 00:15.000,,0,75 10:22.798,4,0,0,0,67301,1,0,0,N,0,0,0,2,67301,1,,1,1,,N,N,,0,,0,0,0,0,0,,9999,1,2,0,0,0,0,0,3,4,0,1,3,,N,,,,,,,,,,,
2006062266,1030.0,1,0,0,0,0,0,0,0,0,8,0,,67,5,2006,1,40.0659,-75.1593,1025.0,6,0,0,0,0,0,0,1,0,,0,0,0,10,1,2,1,,0.0,40 03:57.000,,0,75 09:33.314,4,0,0,0,67301,2,0,0,N,2,0,0,3,67301,2,,1,1,,N,N,,0,,0,0,0,3,2,,1023,2,3,0,0,0,0,0,3,4,0,1,3,,N,,,,,,,,,,,
2006054660,1225.0,2,0,0,0,0,0,0,0,0,9,2,,67,4,2006,6,,,1220.0,6,0,0,0,0,0,1,0,0,1.0,0,2,0,12,1,1,0,,1.0,,1.0,0,,8,0,0,0,67301,0,0,0,N,0,0,0,4,67301,0,,1,9,,N,N,,0,,0,0,0,0,0,N,1215,1,4,0,0,0,1,0,3,3,0,4,7,,N,,,,,,,,,,,
2006054662,1640.0,2,0,0,0,0,0,0,0,0,1,0,,67,4,2006,7,40.0522,-75.0679,1630.0,6,0,0,0,0,1,1,1,0,,0,0,0,16,1,1,0,,0.0,40 03:08.000,,0,75 04:04.335,8,0,0,0,67301,0,0,0,N,0,0,0,3,67301,0,,1,1,,N,N,,1,,0,0,0,3,2,,1620,1,3,0,0,0,1,0,3,4,0,3,3,,N,,,,,,,,,,,
2006062438,1722.0,1,0,0,0,0,0,0,0,0,4,0,,67,5,2006,1,40.0808,-75.0284,1720.0,6,0,0,0,0,0,1,0,0,1.0,0,0,0,17,1,2,1,,1.0,40 04:51.000,5.0,0,75 01:44.143,8,0,0,0,67301,0,0,0,,0,0,0,6,67301,0,,1,1,,,,,1,,0,0,1,3,2,N,1719,2,3,0,0,0,2,0,3,4,0,3,3,,N,,,,,,,,,,,
2006093903,1048.0,1,0,0,0,0,0,0,0,0,7,0,,67,8,2006,3,40.0136,-75.078,1045.0,6,0,0,0,0,0,0,0,1,,0,0,0,10,1,1,0,,0.0,40 00:49.093,,0,75 04:40.832,8,0,0,0,67301,0,0,0,N,0,0,0,1,67301,0,,4,1,,N,N,,0,,0,0,0,0,0,,1040,1,1,0,0,1,1,0,3,4,0,1,3,,N,,,,,,,,,,,
2006093932,1831.0,0,0,0,1,0,0,0,0,0,4,0,,67,8,2006,2,,,1830.0,6,0,0,0,0,0,0,0,0,,0,0,0,99,1,1,0,,0.0,,,7,,8,0,0,0,67301,1,0,0,N,0,0,0,3,67301,0,,1,1,,N,N,,0,,0,0,1,9,2,,9999,1,2,0,0,0,1,0,3,3,0,1,3,,N,,,,,,,,,,,
2006092794,1510.0,0,0,0,1,0,0,1,0,0,4,1,,67,8,2006,3,39.922,-75.151,1505.0,6,0,0,0,0,0,0,0,0,,0,0,0,15,1,2,1,,0.0,39 55:18.000,,0,75 09:03.610,4,0,0,0,67301,1,0,0,N,0,0,0,3,67301,2,,1,1,,N,N,,0,,0,0,0,9,2,,1504,2,2,0,0,0,0,0,3,4,0,1,3,,N,,,,,,,,,,,
2006092911,2318.0,1,0,0,0,0,0,0,0,0,8,0,,67,8,2006,7,40.0331,-75.1069,2318.0,6,0,0,0,1,0,0,0,0,,0,0,0,23,3,1,0,,0.0,40 01:59.005,,0,75 06:24.825,8,0,0,0,67301,1,0,0,N,1,0,0,2,67301,0,,1,1,,N,N,,0,,0,0,0,0,0,,2315,1,2,0,0,0,1,0,3,4,0,1,3,,N,,,,,,,,,,,
2006037994,2305.0,2,0,0,0,0,0,0,0,0,5,0,,67,3,2006,1,39.9528,-75.1669,2300.0,6,0,0,0,0,0,1,0,0,,0,0,0,22,3,2,2,,0.0,39 57:09.000,,0,75 10:00.877,8,0,0,0,67301,0,0,0,N,0,0,0,4,67301,0,,1,1,,N,N,,0,,0,0,0,3,2,,2255,2,2,0,0,2,2,0,3,4,0,2,3,,N,,,,,,,,,,,
2006035475,1230.0,2,0,0,0,0,0,0,0,0,1,0,,67,1,2006,1,39.9616,-75.1397,1222.0,6,0,0,0,0,0,0,0,0,,0,0,0,12,1,1,7,,0.0,39 57:41.760,,0,75 08:22.920,8,0,0,0,67301,0,0,0,N,0,0,0,3,67301,0,,1,1,,N,N,,0,,0,0,0,0,0,,1215,1,2,0,0,0,1,1,3,4,0,2,3,,N,,,,,,,,,,,
2006033036,928.0,2,0,0,0,0,0,0,0,0,4,0,,67,2,2006,3,40.0149,-75.1093,920.0,6,0,0,0,0,0,0,0,0,,0,0,0,9,1,1,1,,0.0,40 00:53.607,,0,75 06:33.559,4,0,0,0,67301,0,0,0,N,0,0,0,2,67301,1,,1,1,,N,N,,0,,0,0,0,3,3,,920,1,2,0,0,0,0,1,3,4,0,2,3,,N,,,,,,,,,,,
2006032876,1455.0,2,0,0,0,0,0,0,0,0,1,0,,67,1,2006,7,,,1453.0,6,0,0,0,0,0,0,0,1,,0,0,0,14,1,0,0,,0.0,,,0,,0,0,0,0,67301,0,0,0,,0,0,0,2,67301,0,,1,1,,N,N,,0,,0,0,0,0,0,,1424,0,2,0,0,0,0,0,3,3,0,2,3,,N,,,,,,,,,,,
2006032885,9999.0,2,0,0,0,0,0,0,0,0,5,0,,67,2,2006,7,40.04,-75.0446,118.0,6,0,0,0,0,0,0,0,0,,0,0,0,0,3,1,3,,0.0,40 02:23.910,,0,75 02:40.689,4,0,0,0,67301,0,0,0,N,0,0,0,1,67301,1,,1,1,,N,N,,0,,0,0,0,0,0,,53,1,2,0,0,0,0,0,3,4,0,2,3,,N,,,,,,,,,,,
2006022729,1653.0,0,0,0,0,0,0,0,0,0,8,0,,67,1,2006,2,40.0153,-75.1553,1649.0,6,0,0,0,0,0,0,0,0,,0,0,0,16,1,1,2,,0.0,40 00:55.000,,0,75 09:19.180,3,0,0,0,67301,1,0,0,,1,0,0,2,67301,0,,1,1,,N,N,,1,,1,0,0,3,2,,1648,1,2,0,0,0,0,0,3,4,0,1,3,,N,,,,,,,,,,,
2006053519,1550.0,1,0,0,0,0,0,0,0,0,4,1,,67,5,2006,2,40.0071,-75.1998,1536.0,6,0,0,0,0,0,1,0,0,2.0,0,1,0,15,1,1,0,,1.0,40 00:24.000,3.0,0,75 11:56.890,4,0,0,0,67301,0,0,0,N,0,0,0,3,67301,1,,1,1,,N,N,,0,,0,0,0,0,0,N,1536,1,2,0,0,0,0,0,3,4,0,2,3,,N,,,,,,,,,,,
2006053525,300.0,0,0,0,0,0,0,0,0,0,0,1,,67,4,2006,2,39.9079,-75.1525,243.0,6,0,0,0,0,0,0,0,0,5.0,0,1,0,2,3,1,0,,2.0,39 54:25.000,1.0,2,75 08:58.429,3,0,0,0,67301,0,0,0,Y,0,0,0,1,67301,0,,2,1,,N,N,,0,,1,0,0,3,8,Y,219,1,1,0,0,0,0,0,3,4,0,1,3,,N,,,,,,,,,,,
2006053643,1250.0,0,0,0,0,0,0,1,0,0,8,1,,67,4,2006,5,40.039,-75.1446,1250.0,6,0,0,0,0,0,1,0,0,,0,0,0,12,1,3,1,,0.0,40 02:20.000,,0,75 08:41.132,4,0,0,0,67301,3,0,0,N,3,0,0,4,67301,2,,1,1,,Y,N,,0,,0,0,0,3,2,,1230,3,4,0,0,0,1,0,3,4,0,1,3,,N,,,,,,,,,,,
2006038772,4.0,1,0,0,0,0,0,0,0,0,8,0,,67,1,2006,1,40.0408,-75.2249,0.0,6,0,0,0,0,0,0,0,0,,0,0,0,23,3,1,0,,0.0,40 02:27.000,,7,75 13:29.582,2,0,0,0,67301,1,0,1,N,1,0,1,2,67301,0,,1,9,,N,N,,0,,0,1,0,0,0,,2333,1,2,0,0,0,0,0,3,4,0,1,10,,N,,,,,,,,,,,
2006020102,1645.0,2,0,0,0,0,0,0,0,0,6,0,,67,1,2006,1,40.0456,-75.1285,1642.0,6,0,0,0,0,0,0,0,0,,0,0,0,15,1,1,1,,0.0,40 02:44.000,,0,75 07:42.525,8,0,0,0,67301,0,0,0,N,0,0,0,2,67301,0,,1,1,,N,N,,0,,0,0,0,3,2,,1558,1,2,0,0,0,1,0,3,4,0,2,3,,N,,,,,,,,,,,
2006020114,2245.0,0,0,0,0,0,0,0,0,0,9,0,,67,1,2006,7,40.0564,-75.0533,2245.0,6,0,0,0,0,0,0,0,0,,0,0,0,22,3,1,1,,0.0,40 03:23.000,,0,75 03:12.113,8,0,0,0,67301,0,0,0,,0,0,0,1,67301,0,,1,9,,N,N,,1,,0,0,0,3,2,,2245,1,1,0,0,0,1,0,3,4,0,1,3,,N,,,,,,,,,,,
2006020117,830.0,3,0,0,0,0,0,0,0,0,1,0,,67,1,2006,2,,,810.0,6,0,0,0,0,0,0,0,0,,0,0,0,8,1,1,2,,0.0,,,0,,4,0,0,0,67301,0,0,0,N,0,0,0,3,67301,1,,1,9,,N,N,,0,,0,0,0,3,2,,800,1,3,0,0,0,0,0,3,3,0,3,7,,N,,,,,,,,,,,
2006080021,920.0,2,0,0,0,0,0,0,0,0,1,0,,67,6,2006,5,40.0581,-75.2,920.0,6,0,0,1,0,0,0,0,0,,0,0,0,9,1,1,0,,0.0,40 03:29.155,,0,75 12:00.167,4,0,0,0,67301,0,0,0,N,0,0,0,3,67301,1,,1,1,,N,N,,0,,0,0,0,0,0,,915,1,2,0,0,0,0,0,3,4,0,2,3,,N,,,,,,,,,,,
2006065318,9999.0,1,0,0,0,0,0,0,0,0,8,0,,67,5,2006,7,40.0406,-75.0278,2150.0,6,0,0,0,0,0,0,0,0,,0,0,0,21,3,1,0,,0.0,40 02:26.000,,0,75 01:40.256,8,0,0,0,67301,1,0,0,,1,0,0,5,67301,0,,1,1,,N,N,,0,,0,0,0,0,0,,2145,1,2,0,0,0,1,0,3,4,0,1,3,,N,,,,,,,,,,,
2006065452,1402.0,1,0,0,0,0,0,0,0,0,8,0,,67,5,2006,3,40.0623,-75.1532,1359.0,6,0,0,0,0,0,0,0,0,,0,0,0,13,1,1,0,,0.0,40 03:44.452,,0,75 09:11.552,4,0,0,0,67301,1,0,0,N,1,0,0,2,67301,1,,1,1,,N,N,,0,,0,0,0,0,0,,1350,1,2,0,0,0,0,0,3,4,0,1,3,,N,,,,,,,,,,,
2006065386,1205.0,0,0,0,1,0,0,0,0,0,6,0,,67,5,2006,6,40.1026,-75.0289,1202.0,6,0,0,0,0,0,0,0,0,,0,0,0,11,1,1,1,,0.0,40 06:09.000,,0,75 01:43.680,8,0,0,0,67301,1,0,0,N,0,0,0,2,67301,0,,2,9,,N,N,,0,,0,0,1,3,2,,1155,1,2,0,0,0,1,0,3,4,0,1,7,,N,,,,,,,,,,,
2006055393,932.0,3,0,0,0,0,0,0,0,0,6,0,,67,3,2006,3,39.9609,-75.2472,930.0,6,0,0,0,0,0,1,0,0,2.0,0,0,0,9,1,1,2,,2.0,39 57:40.320,2.0,0,75 14:49.560,4,0,0,0,67301,0,0,0,N,0,0,0,3,67301,1,,1,1,,N,N,,0,,0,0,0,3,2,Y,925,1,3,0,0,0,0,0,3,4,0,3,3,,N,,,,,,,,,,,
2006055398,1014.0,1,0,0,0,0,0,1,0,0,4,1,,67,3,2006,7,39.9489,-75.214,1014.0,6,0,0,0,0,0,0,0,0,3.0,0,0,0,10,1,7,2,,2.0,39 56:56.000,4.0,0,75 12:50.435,4,0,0,0,67301,0,0,0,N,0,0,0,8,67301,7,,1,1,,N,N,,0,,0,0,0,3,3,Y,1014,7,2,0,0,1,0,0,3,4,0,2,3,,N,,,,,,,,,,,
2006055454,644.0,2,0,0,0,0,0,0,0,0,1,0,,67,4,2006,7,39.9397,-75.1987,429.0,6,0,0,0,0,0,0,0,0,,0,0,0,99,1,2,0,,0.0,39 56:22.000,,0,75 11:55.380,4,0,0,0,67301,0,0,0,N,0,0,0,2,67301,1,,1,1,,N,N,,0,,0,0,0,3,2,,9999,2,2,0,0,0,1,0,3,4,0,2,3,,N,,,,,,,,,,,
2006094577,1440.0,1,0,0,1,0,0,0,0,0,4,0,,67,7,2006,2,39.9896,-75.1169,1438.0,6,0,0,0,0,0,0,0,0,,0,0,0,14,1,1,2,,0.0,39 59:22.531,,0,75 07:00.775,3,0,0,0,67301,1,0,0,N,0,0,0,2,67301,0,,1,1,,N,N,,0,,1,0,0,0,0,,1435,1,2,0,0,0,0,0,3,4,0,1,3,,N,,,,,,,,,,,