CRN,ARRIVAL_TM,AUTOMOBILE_COUNT,BELTED_DEATH_COUNT,BELTED_SUSP_SERIOUS_INJ_COUNT,BICYCLE_COUNT,BICYCLE_DEATH_COUNT,BICYCLE_SUSP_SERIOUS_INJ_COUNT,BUS_COUNT,CHLDPAS_DEATH_COUNT,CHLDPAS_SUSP_SERIOUS_INJ_COUNT,COLLISION_TYPE,COMM_VEH_COUNT,CONS_ZONE_SPD_LIM,COUNTY,CRASH_MONTH,CRASH_YEAR,DAY_OF_WEEK,DEC_LAT,DEC_LONG,DISPATCH_TM,DISTRICT,DRIVER_COUNT_16YR,DRIVER_COUNT_17YR,DRIVER_COUNT_18YR,DRIVER_COUNT_19YR,DRIVER_COUNT_20YR,DRIVER_COUNT_50_64YR,DRIVER_COUNT_65_74YR,DRIVER_COUNT_75PLUS,EST_HRS_CLOSED,FATAL_COUNT,HEAVY_TRUCK_COUNT,HORSE_BUGGY_COUNT,HOUR_OF_DAY,ILLUMINATION,INJURY_COUNT,INTERSECT_TYPE,INTERSECTION_RELATED,LANE_CLOSED,LATITUDE,LN_CLOSE_DIR,LOCATION_TYPE,LONGITUDE,MAX_SEVERITY_LEVEL,MCYCLE_DEATH_COUNT,MCYCLE_SUSP_SERIOUS_INJ_COUNT,MOTORCYCLE_COUNT,MUNICIPALITY,NONMOTR_COUNT,NONMOTR_DEATH_COUNT,NONMOTR_SUSP_SERIOUS_INJ_COUNT,NTFY_HIWY_MAINT,PED_COUNT,PED_DEATH_COUNT,PED_SUSP_SERIOUS_INJ_COUNT,PERSON_COUNT,POLICE_AGCY,POSSIBLE_INJ_COUNT,RDWY_SURF_TYPE_CD,RELATION_TO_ROAD,ROAD_CONDITION,ROADWAY_CLEARED,SCH_BUS_IND,SCH_ZONE_IND,SECONDARY_CRASH,SMALL_TRUCK_COUNT,SPEC_JURIS_CD,SUSP_MINOR_INJ_COUNT,SUSP_SERIOUS_INJ_COUNT,SUV_COUNT,TCD_FUNC_CD,TCD_TYPE,TFC_DETOUR_IND,TIME_OF_DAY,TOT_INJ_COUNT,TOTAL_UNITS,UNB_DEATH_COUNT,UNB_SUSP_SERIOUS_INJ_COUNT,UNBELTED_OCC_COUNT,UNK_INJ_DEG_COUNT,UNK_INJ_PER_COUNT,URBAN_AREA,URBAN_RURAL,VAN_COUNT,VEHICLE_COUNT,WEATHER1,WEATHER2,WORK_ZONE_IND,WORK_ZONE_LOC,WORK_ZONE_TYPE,WORKERS_PRES,WZ_CLOSE_DETOUR,WZ_FLAGGER,WZ_LAW_OFFCR_IND,WZ_LN_CLOSURE,WZ_MOVING,WZ_OTHER,WZ_SHLDER_MDN,WZ_WORKERS_INJ_KILLED
2006094607,1615.0,1,0,0,0,0,0,0,0,0,8,0,,67,7,2006,1,40.0196,-75.0733,1615.0,6,0,0,0,0,0,0,0,0,,0,0,0,16,1,1,1,,0.0,40 01:10.000,,0,75 04:24.303,4,0,0,0,67301,1,0,0,N,1,0,0,2,67301,1,,1,1,,N,N,,0,,0,0,0,0,0,,1610,1,2,0,0,0,0,0,3,4,0,1,3,,N,,,,,,,,,,,
2006094635,1151.0,2,0,0,0,0,0,0,0,0,4,0,,67,7,2006,5,39.9725,-75.1435,1145.0,6,0,0,0,0,0,0,0,0,,0,0,0,11,1,1,1,,0.0,39 58:21.061,,0,75 08:36.700,8,0,0,0,67301,0,0,0,N,0,0,0,2,67301,0,,1,1,,N,N,,0,,0,0,0,3,3,,1135,1,2,0,0,0,1,0,3,4,0,2,3,,N,,,,,,,,,,,
2006055522,922.0,2,0,0,0,0,0,0,0,0,4,0,,67,4,2006,5,40.1295,-75.0076,921.0,6,0,0,0,0,0,0,0,1,,0,0,0,9,1,1,2,,0.0,40 07:46.034,,0,75 00:27.388,4,0,0,0,67301,0,0,0,N,0,0,0,3,67301,1,,1,1,,N,N,,0,,0,0,0,3,3,,910,1,2,0,0,1,0,0,3,4,0,2,3,,N,,,,,,,,,,,
2006055540,1345.0,2,0,0,0,0,0,0,0,0,4,0,,67,3,2006,1,39.922,-75.151,1340.0,6,0,0,0,0,0,0,0,0,,0,0,0,13,1,1,1,,0.0,39 55:18.000,,0,75 09:03.610,8,0,0,0,67301,0,0,0,N,0,0,0,3,67301,0,,1,1,,N,N,,0,,0,0,0,3,2,,1335,1,3,0,0,0,1,0,3,4,1,3,3,,N,,,,,,,,,,,
2006055586,938.0,3,0,0,0,0,0,0,0,0,4,0,,67,4,2006,2,40.0506,-75.1775,936.0,6,0,0,0,0,0,1,0,0,,0,0,0,9,1,2,1,,0.0,40 03:02.196,,0,75 10:38.823,4,0,0,0,67301,0,0,0,N,0,0,0,4,67301,1,,1,9,,N,N,,0,,0,0,0,3,2,,928,2,3,0,0,0,1,0,3,4,0,3,7,,N,,,,,,,,,,,
2006060755,2311.0,2,0,0,0,0,0,0,0,0,1,0,,67,5,2006,2,40.0571,-75.129,2311.0,6,0,0,0,0,0,1,0,0,2.0,0,0,0,23,3,1,1,,1.0,40 03:25.000,6.0,0,75 07:44.035,4,0,0,0,67301,0,0,0,N,0,0,0,2,46102,1,,1,1,,N,N,,0,,0,0,0,3,2,N,2311,1,2,0,0,0,0,0,3,4,0,2,3,,N,,,,,,,,,,,
2006104924,1636.0,3,0,0,0,0,0,0,0,0,5,0,,67,8,2006,5,40.0766,-75.0329,1632.0,6,0,0,0,0,0,1,0,0,,0,0,0,16,1,2,8,,0.0,40 04:36.120,,6,75 01:58.440,4,0,0,0,67301,0,0,0,,0,0,0,3,67301,2,,1,1,,,,,0,,0,0,0,0,0,,1630,2,3,0,0,0,0,0,3,4,0,3,3,,N,,,,,,,,,,,
2006126875,212.0,2,0,0,0,0,0,0,0,0,4,0,,67,10,2006,7,39.9588,-75.1909,206.0,6,0,0,0,0,1,0,0,0,,0,0,0,2,3,3,1,,0.0,39 57:31.532,,0,75 11:27.131,4,0,0,0,67301,0,0,0,N,0,0,0,3,67301,3,,1,1,,N,N,,0,,0,0,0,0,0,,206,3,2,0,0,1,0,0,3,4,0,2,3,,N,,,,,,,,,,,
2006126892,9999.0,2,0,0,0,0,0,0,0,0,5,0,,67,10,2006,1,40.0395,-75.1544,659.0,6,0,0,0,0,1,0,0,0,,0,0,0,6,1,1,1,,0.0,40 02:22.000,,0,75 09:15.997,8,0,0,0,67301,0,0,0,N,0,0,0,1,67301,0,,1,1,,N,N,,2,,0,0,0,3,2,,642,1,4,0,0,0,1,0,3,4,0,4,3,,N,,,,,,,,,,,
2006102225,1830.0,1,0,0,0,0,0,0,0,0,8,0,,67,9,2006,3,39.957,-75.2255,1827.0,6,0,0,0,0,0,0,0,0,,0,0,0,18,1,0,1,,0.0,39 57:25.000,,0,75 13:31.920,9,0,0,0,67301,1,0,0,N,1,0,0,2,67301,0,,1,1,,N,N,,0,,0,0,0,1,2,,1825,0,2,0,0,0,0,1,3,4,0,1,3,,N,,,,,,,,,,,
2006124611,1205.0,0,0,0,0,0,0,1,0,0,1,1,,67,10,2006,4,40.054,-75.0489,1202.0,6,0,0,0,0,0,1,0,0,,0,0,0,12,1,1,1,,0.0,40 03:14.000,,0,75 02:56.032,8,0,0,0,67301,0,0,0,N,0,0,0,8,67301,0,,1,1,,Y,N,,0,,0,0,1,3,2,,1200,1,2,0,0,0,1,0,3,4,0,2,3,,N,,,,,,,,,,,
2006113856,2200.0,1,0,0,0,0,0,0,0,0,5,0,,67,9,2006,7,40.0153,-75.1775,2154.0,6,0,0,0,0,0,1,0,0,2.0,0,0,0,21,3,1,6,,2.0,40 00:55.000,2.0,2,75 10:38.954,4,0,0,1,67301,0,0,0,N,0,0,0,6,67301,1,,1,1,,N,N,,0,,0,0,0,9,4,N,2150,1,2,0,0,0,0,0,3,4,0,2,3,,N,,,,,,,,,,,
2006062237,0.0,1,0,0,0,0,0,0,0,0,8,0,,67,5,2006,5,39.9993,-75.1717,2356.0,6,0,0,0,0,0,0,0,0,,0,0,0,23,3,1,1,,0.0,39 59:57.649,,0,75 10:17.972,4,0,0,0,67301,1,0,0,N,1,0,0,3,67301,1,,1,9,,,,,0,,0,0,0,9,3,,2355,1,2,0,0,1,0,0,3,4,0,1,7,,N,,,,,,,,,,,
2006062271,936.0,0,0,0,0,0,0,0,0,0,8,0,,67,5,2006,4,40.036,-75.1745,926.0,6,0,0,0,0,0,0,0,0,,0,0,0,8,1,1,0,,0.0,40 02:09.648,,0,75 10:28.298,4,0,0,0,67301,1,0,0,N,1,0,0,2,67301,1,,3,1,,N,N,,0,,0,0,1,0,0,,800,1,2,0,0,0,0,1,3,4,0,1,3,,N,,,,,,,,,,,
2006054741,2310.0,2,0,0,0,0,0,0,0,0,5,0,,67,4,2006,4,40.0744,-74.9848,2309.0,6,0,0,0,0,0,0,0,0,2.0,0,0,0,23,3,1,0,,2.0,40 04:27.843,6.0,0,74 59:05.287,8,0,0,0,67301,0,0,0,N,0,0,0,1,67301,0,,2,1,,N,N,,1,,0,0,2,0,0,Y,2309,1,5,0,0,0,1,0,3,4,0,5,3,,N,,,,,,,,,,,
2006062483,9999.0,0,0,0,1,0,0,0,0,0,8,0,,67,5,2006,7,40.044,-75.0316,1700.0,6,0,0,0,0,0,1,0,0,,0,0,0,16,1,1,10,,0.0,40 02:38.360,,0,75 01:53.896,4,0,0,0,67301,1,0,0,N,0,0,0,2,67301,1,,1,1,,N,N,,0,,0,0,0,0,0,,1638,1,2,0,0,0,0,0,3,4,1,1,3,,N,,,,,,,,,,,
2006054971,1903.0,1,0,0,0,0,0,0,0,0,8,0,,67,5,2006,2,,,1858.0,6,0,0,0,0,0,0,0,0,,0,0,0,18,1,1,2,,0.0,,,0,,4,0,0,0,67301,1,0,0,,1,0,0,2,67301,1,,1,1,,,,,0,,0,0,0,3,3,,1850,1,2,0,0,0,0,0,3,3,0,1,98,,N,,,,,,,,,,,
2006054973,1510.0,0,0,0,0,0,0,0,0,0,8,0,,67,2,2006,7,39.9931,-75.1479,1440.0,6,0,0,0,0,0,0,0,1,,0,0,0,14,1,1,1,,0.0,39 59:34.000,,0,75 08:52.453,2,0,0,0,67301,1,0,1,N,1,0,1,2,67301,0,,1,1,,N,N,,0,,0,1,0,3,2,,1440,1,2,0,0,1,0,0,3,4,1,1,3,,N,,,,,,,,,,,
2006054974,1056.0,2,0,0,0,0,0,0,0,0,4,0,,67,4,2006,7,39.9886,-75.1804,56.0,6,0,0,0,0,0,0,0,0,,0,0,0,10,1,1,2,,0.0,39 59:18.000,,0,75 10:49.570,4,0,0,0,67301,0,0,0,N,0,0,0,2,67301,1,,1,9,,N,N,,0,,0,0,0,0,0,,1055,1,2,0,0,1,0,0,3,4,0,2,7,,N,,,,,,,,,,,
2006055101,9999.0,1,0,0,0,0,0,0,0,0,8,0,,67,3,2006,4,39.9709,-75.1557,9999.0,6,0,0,0,0,0,0,0,0,,0,0,0,16,1,1,1,,0.0,39 58:15.000,,0,75 09:20.462,4,0,0,0,67301,1,0,0,,1,0,0,2,67301,1,,4,1,,N,N,,0,,0,0,0,3,2,,1600,1,2,0,0,0,0,1,3,4,0,1,3,,N,,,,,,,,,,,
2006094129,1745.0,1,0,0,0,0,0,0,0,0,0,0,,67,7,2006,7,39.9307,-75.1701,1743.0,6,0,0,0,0,0,0,0,0,,0,0,0,17,1,2,0,,0.0,39 55:50.541,,0,75 10:12.403,4,0,0,0,67301,0,0,0,N,0,0,0,4,67301,2,,1,1,,N,N,,0,,0,0,0,0,0,,1730,2,1,0,0,0,0,0,3,4,0,1,3,,N,,,,,,,,,,,
2006056331,1640.0,1,0,0,0,0,0,0,0,0,1,0,,67,2,2006,5,40.0115,-75.0698,1638.0,6,0,0,1,0,0,0,0,0,,0,0,0,16,1,1,1,,0.0,40 00:42.000,,0,75 04:11.470,4,0,0,0,67301,0,0,0,N,0,0,0,3,67301,1,,1,1,,N,N,,1,,0,0,0,0,0,,1630,1,2,0,0,0,0,0,3,4,0,2,3,,N,,,,,,,,,,,
2006056344,19.0,1,0,0,0,0,0,0,0,0,8,0,,67,3,2006,4,,,1942.0,6,0,0,0,0,0,0,0,0,,0,0,0,17,3,1,2,,0.0,,,0,,4,0,0,0,67301,1,0,0,N,1,0,0,2,67301,1,,2,1,,N,N,,0,,0,0,0,3,2,,1715,1,2,0,0,0,0,0,3,3,0,1,3,,N,,,,,,,,,,,
2006056359,826.0,2,0,1,0,0,0,0,0,0,2,0,,67,3,2006,7,40.0056,-75.1909,825.0,6,0,0,0,0,0,0,0,0,3.0,0,0,0,8,3,2,10,,2.0,40 00:20.317,5.0,0,75 11:27.417,2,0,0,0,67301,0,0,0,N,0,0,0,4,67301,0,,1,1,,N,N,,0,,1,1,0,0,0,Y,820,2,2,0,0,0,0,2,3,4,0,2,3,,N,,,,,,,,,,,
2006092785,1636.0,2,0,0,0,0,0,0,0,0,2,0,,67,7,2006,6,40.0445,-75.1931,1636.0,6,0,0,0,0,0,0,0,0,,0,0,0,15,1,1,1,,0.0,40 02:39.000,,0,75 11:35.319,3,0,0,0,67301,0,0,0,,0,0,0,2,67301,0,,1,9,,N,N,,0,,1,0,0,3,2,,1550,1,2,0,0,0,0,0,3,4,0,2,7,,N,,,,,,,,,,,
2006092909,1035.0,1,0,0,0,0,0,0,0,0,4,0,,67,6,2006,3,40.005,-75.1786,1029.0,6,0,0,0,0,0,0,0,0,,0,0,0,99,1,1,1,,0.0,40 00:17.000,,0,75 10:43.582,8,0,0,0,67301,0,0,0,N,0,0,0,2,67301,0,,1,1,,N,N,,0,,0,0,1,0,0,,9999,1,2,0,0,0,1,0,3,4,0,2,3,,N,,,,,,,,,,,
2006018379,905.0,1,0,0,0,0,0,0,0,0,2,0,,67,1,2006,4,40.0265,-75.0406,904.0,6,0,0,0,0,1,1,0,0,2.0,0,0,0,9,1,2,1,,1.0,40 01:35.554,3.0,0,75 02:26.224,4,0,0,0,67301,0,0,0,,0,0,0,3,67301,2,,1,9,,N,N,,1,,0,0,0,9,3,N,903,2,2,0,0,0,0,0,3,4,0,2,7,,N,,,,,,,,,,,
2006037918,938.0,2,0,0,0,0,0,0,0,0,2,0,,67,3,2006,2,39.9623,-75.1383,936.0,6,0,0,0,0,0,0,0,0,,0,0,0,9,1,1,2,,0.0,39 57:44.344,,0,75 08:17.757,4,0,0,0,67301,0,0,0,,0,0,0,2,67301,1,,1,1,,N,N,,0,,0,0,0,0,0,,936,1,2,0,0,0,0,0,3,4,0,2,3,,N,,,,,,,,,,,
2006035663,19.0,1,0,0,0,0,0,0,0,0,2,0,,67,1,2006,3,39.9817,-75.1038,18.0,6,0,0,0,0,0,0,0,0,2.0,0,1,0,23,3,0,1,,1.0,39 58:54.000,5.0,0,75 06:14.047,9,0,0,0,67301,0,0,0,N,0,0,0,3,67301,0,,1,9,,N,N,,1,,0,0,0,3,2,Y,2306,0,3,0,0,0,0,1,3,4,0,3,7,,N,,,,,,,,,,,
2006035689,223.0,2,0,0,0,0,0,0,0,0,4,0,,67,2,2006,1,,,220.0,6,0,0,0,0,0,1,0,0,,0,0,0,2,3,1,1,,0.0,,,0,,4,0,0,0,67301,0,0,0,N,0,0,0,3,67301,1,,1,1,,N,N,,0,,0,0,0,3,2,,217,1,3,0,0,0,0,0,3,3,1,3,3,,N,,,,,,,,,,,
2006033326,810.0,1,0,0,0,0,0,0,0,0,8,0,,67,2,2006,3,39.9702,-75.1451,805.0,6,0,0,0,0,0,0,0,0,,0,0,0,8,1,1,1,,0.0,39 58:12.000,,0,75 08:41.937,3,0,0,0,67301,1,0,0,,1,0,0,2,67301,0,,1,1,,N,N,,0,,1,0,0,3,2,,800,1,2,0,0,0,0,0,3,4,0,1,3,,N,,,,,,,,,,,
2006032864,2230.0,2,0,0,0,0,0,0,0,0,4,0,,67,1,2006,7,,,9999.0,6,0,0,0,0,0,0,0,0,2.0,0,0,0,22,3,3,1,,1.0,,2.0,0,,4,0,0,0,67301,0,0,0,N,0,0,0,4,67301,3,,1,1,,N,N,,0,,0,0,0,3,3,N,2230,3,2,0,0,0,0,0,3,3,0,2,3,,N,,,,,,,,,,,
2006032957,230.0,0,0,0,0,0,0,0,0,0,7,0,,67,2,2006,7,39.9829,-75.098,223.0,6,0,0,0,0,0,0,0,0,,0,0,0,2,3,1,2,,0.0,39 58:58.000,,0,75 05:52.913,3,0,0,0,67301,0,0,0,N,0,0,0,2,67301,0,,7,1,,N,N,,1,,1,0,0,3,3,,223,1,1,0,0,1,0,0,3,4,0,1,3,,N,,,,,,,,,,,
2006020493,330.0,4,0,0,0,0,0,0,0,0,4,0,,67,1,2006,1,40.0337,-75.0305,320.0,6,0,0,0,0,0,0,0,0,1.0,0,0,0,2,3,0,1,,1.0,40 02:01.446,7.0,0,75 01:49.641,0,0,0,0,67301,0,0,0,N,0,0,0,2,67301,0,,1,1,,N,N,,0,,0,0,0,9,3,Y,200,0,4,0,0,0,0,0,3,4,0,4,3,,N,,,,,,,,,,,
2006019852,1350.0,1,0,0,0,0,0,0,0,0,8,0,,67,1,2006,7,40.0201,-75.1129,1343.0,6,0,0,0,0,0,0,0,0,1.0,0,0,0,13,1,1,1,,1.0,40 01:12.525,3.0,0,75 06:46.605,8,0,0,0,67301,1,0,0,N,1,0,0,3,67301,0,,1,9,,N,N,,0,,0,0,0,9,3,N,1335,1,2,0,0,0,1,0,3,4,0,1,3,,N,,,,,,,,,,,
2006020134,116.0,1,0,0,0,0,0,0,0,0,7,0,,67,1,2006,4,39.9604,-75.1814,111.0,6,0,0,0,0,1,0,0,0,,0,0,0,1,3,0,0,,0.0,39 57:37.000,,0,75 10:53.812,0,0,0,0,67301,0,0,0,N,0,0,0,1,67301,0,,2,9,,N,N,,0,,0,0,0,0,0,,110,0,1,0,0,0,0,0,3,4,0,1,7,,N,,,,,,,,,,,
2006080054,1525.0,2,0,0,0,0,0,0,0,0,1,0,,67,6,2006,5,39.9578,-75.1616,1519.0,6,0,0,0,0,0,2,0,0,1.0,0,0,0,15,1,0,0,,1.0,39 57:28.080,3.0,0,75 09:41.760,0,0,0,0,67301,0,0,0,N,0,0,0,3,67301,0,,1,1,,N,N,,1,,0,0,0,0,0,N,1515,0,3,0,0,0,0,0,3,4,0,3,3,,N,,,,,,,,,,,
2006080072,1825.0,1,0,0,0,0,0,0,0,0,2,0,,67,5,2006,4,39.9807,-75.2214,810.0,6,0,0,0,0,0,0,0,0,,0,0,0,17,1,3,2,,0.0,39 58:50.000,,0,75 13:17.021,3,0,0,0,67301,0,0,0,N,0,0,0,4,67301,2,,1,1,,N,N,,1,,1,0,0,0,0,,1755,3,2,0,0,0,0,1,3,4,0,2,3,,N,,,,,,,,,,,
2006062705,740.0,1,0,0,0,0,0,0,0,0,7,0,,67,3,2006,7,40.0264,-75.1163,657.0,6,0,0,0,0,0,0,0,0,3.0,0,0,0,99,1,1,0,,2.0,40 01:35.040,2.0,0,75 06:57.240,3,0,0,0,67301,0,0,0,N,0,0,0,1,67301,0,,1,1,,N,N,,0,,1,0,0,0,0,Y,9999,1,1,0,0,0,0,0,3,4,0,1,3,,N,,,,,,,,,,,
2006065523,1130.0,1,0,0,1,0,0,0,0,0,1,0,,67,5,2006,5,39.9677,-75.2097,1127.0,6,0,0,0,0,0,0,0,0,,0,0,0,11,1,1,2,,0.0,39 58:03.000,,0,75 12:35.001,4,0,0,0,67301,1,0,0,N,0,0,0,2,67301,1,,4,9,,N,N,,0,,0,0,0,0,0,,1120,1,2,0,0,1,0,0,3,4,0,1,7,,N,,,,,,,,,,,
2006065566,1545.0,0,0,0,0,0,0,0,0,0,2,0,,67,5,2006,4,,,1530.0,6,0,0,0,0,0,0,0,0,,0,0,0,99,1,1,0,,0.0,,,0,,8,0,0,1,67301,0,0,0,,0,0,0,1,67301,0,,1,1,,N,N,,0,,0,0,0,0,0,,9999,1,2,0,0,0,1,0,3,3,1,2,3,,N,,,,,,,,,,,
2006055359,741.0,2,0,0,0,0,0,0,0,0,4,0,,67,3,2006,5,,,735.0,6,0,0,0,1,0,1,0,0,,0,0,0,7,1,1,1,,0.0,,,0,,4,0,0,0,67301,0,0,0,N,0,0,0,3,67301,1,,1,1,,N,N,,0,,0,0,0,3,3,,721,1,2,0,0,0,0,0,3,3,0,2,3,,N,,,,,,,,,,,
2006055404,835.0,1,0,0,0,0,0,0,0,0,8,0,,67,3,2006,3,40.0394,-75.1777,831.0,6,0,0,0,0,0,0,0,0,,0,0,0,8,1,1,2,,0.0,40 02:22.000,,0,75 10:39.991,8,0,0,0,67301,1,0,0,Y,1,0,0,2,67301,0,,1,9,,N,N,,0,,0,0,0,3,2,,825,1,2,0,0,0,1,0,3,4,0,1,7,,N,,,,,,,,,,,
2006055589,1645.0,1,0,0,0,0,0,0,0,0,8,0,,67,3,2006,3,40.0404,-75.1666,1640.0,6,0,0,0,0,0,0,0,0,,0,0,0,16,1,1,2,,0.0,40 02:25.339,,0,75 09:59.853,4,0,0,0,67301,1,0,0,N,1,0,0,2,67301,1,,1,1,,N,N,,0,,0,0,0,9,3,,1630,1,2,0,0,0,0,0,3,4,0,1,3,,N,,,,,,,,,,,
2006055680,1121.0,3,0,0,0,0,0,0,0,0,1,0,,67,3,2006,6,,,1121.0,6,0,0,0,0,0,0,0,0,,0,0,0,11,1,1,1,,0.0,,,0,,4,0,0,0,67301,0,0,0,N,0,0,0,6,67301,1,,1,1,,N,N,,0,,0,0,0,3,2,,1120,1,3,0,0,1,0,0,3,3,0,3,3,,N,,,,,,,,,,,
2006055700,935.0,1,0,0,0,0,0,0,0,0,4,0,,67,3,2006,2,,,927.0,6,0,0,0,0,0,1,0,0,,0,0,0,9,1,1,0,,0.0,,,7,,4,0,0,0,67301,0,0,0,N,0,0,0,2,67301,1,,1,1,,N,N,,0,,0,0,1,3,3,,925,1,2,0,0,0,0,0,3,3,0,2,3,,N,,,,,,,,,,,
2006055707,2009.0,1,0,0,1,0,0,0,0,0,4,0,,67,4,2006,2,40.0126,-75.0915,2003.0,6,0,0,0,0,0,1,0,0,,0,0,0,20,4,1,1,,0.0,40 00:45.370,,0,75 05:29.291,8,0,0,0,67301,1,0,0,,0,0,0,2,67301,0,,1,1,,N,N,,0,,0,0,0,9,3,,2000,1,2,0,0,0,1,0,3,4,0,1,3,,N,,,,,,,,,,,
2006055737,2258.0,0,0,0,0,0,0,0,0,0,8,0,,67,4,2006,3,39.9556,-75.2023,2258.0,6,0,0,0,0,0,0,0,0,,0,0,0,12,1,1,1,,0.0,39 57:20.000,,0,75 12:08.229,4,0,0,0,67301,1,0,0,N,1,0,0,1,67301,1,,9,1,,N,N,,0,,0,0,0,3,2,,1200,1,2,0,0,0,0,0,3,4,0,1,3,,N,,,,,,,,,,,
2006102389,1559.0,3,0,0,0,0,0,0,0,0,6,0,,67,8,2006,1,40.0007,-75.0724,1547.0,6,0,0,0,0,0,0,0,0,,0,0,0,13,1,3,1,,0.0,40 00:02.512,,0,75 04:20.683,4,0,0,0,67301,0,0,0,N,0,0,0,5,67301,3,,1,9,,N,N,,0,,0,0,0,0,0,,1342,3,3,0,0,0,0,0,3,4,0,3,7,,N,,,,,,,,,,,
2006102471,1523.0,1,0,0,0,0,0,0,0,0,8,0,,67,8,2006,7,40.0271,-75.1145,1522.0,6,0,0,0,0,0,0,0,0,,0,0,0,15,1,1,0,,0.0,40 01:37.000,,0,75 06:52.319,8,0,0,0,67301,1,0,0,N,1,0,0,2,67301,0,,1,1,,N,N,,0,,0,0,0,0,0,,1516,1,2,0,0,1,1,0,3,4,0,1,3,,N,,,,,,,,,,,
2006102485,835.0,0,0,0,0,0,0,0,0,0,7,0,,67,8,2006,4,40.0994,-74.9866,832.0,6,0,0,0,0,0,0,0,0,1.0,0,0,0,8,1,1,10,,1.0,40 05:58.200,4.0,0,74 59:10.680,8,0,0,0,67301,0,0,0,N,0,0,0,1,67301,0,,2,1,,N,N,,1,,0,0,0,0,0,N,832,1,1,0,0,0,1,0,3,4,0,1,3,,N,,,,,,,,,,,
2006102507,2232.0,1,0,0,1,0,0,0,0,0,8,0,,67,9,2006,5,,,2230.0,6,0,0,0,0,0,0,0,0,,0,0,0,22,3,1,1,,0.0,,,0,,8,0,0,0,67301,1,0,0,N,0,0,0,2,67301,0,,1,1,,N,N,,0,,0,0,0,3,2,,2230,1,2,0,0,0,1,0,3,3,0,1,3,,N,,,,,,,,,,,
2006124491,0.0,3,0,0,0,0,0,0,0,0,1,0,,67,10,2006,6,40.0617,-74.9884,2355.0,6,0,0,0,0,0,0,0,0,,0,0,0,99,3,2,1,,0.0,40 03:41.000,,0,74 59:17.598,4,0,0,0,67301,0,0,0,N,0,0,0,3,67301,2,,1,1,,N,N,,0,,0,0,0,3,2,,9999,2,3,0,0,0,0,0,3,4,0,3,3,,N,,,,,,,,,,,
2006124564,2028.0,3,0,0,0,0,0,0,0,0,1,0,,67,11,2006,6,39.9889,-75.1273,2024.0,6,0,0,0,0,0,0,0,0,,0,0,0,20,3,1,0,,0.0,39 59:19.885,,0,75 07:38.132,4,0,0,0,67301,0,0,0,N,0,0,0,4,67301,1,,1,1,,N,N,,0,,0,0,0,3,2,,2022,1,3,0,0,0,0,1,3,4,0,3,3,,N,,,,,,,,,,,
2006102199,1016.0,0,0,0,0,0,0,0,0,0,1,0,,67,9,2006,6,40.0844,-75.0352,1009.0,6,0,0,0,0,0,0,0,0,,0,0,0,10,1,1,0,,0.0,40 05:03.000,,0,75 02:06.279,8,0,0,0,67301,0,0,0,N,0,0,0,2,67301,0,,1,1,,N,N,,0,,0,0,2,0,0,,1007,1,2,0,0,0,1,0,3,4,0,2,3,,N,,,,,,,,,,,
2006124608,2258.0,3,0,0,0,0,0,0,0,0,4,0,,67,9,2006,6,40.0074,-75.0781,2255.0,6,0,0,0,0,0,0,0,0,,0,0,0,22,3,3,1,,0.0,40 00:26.000,,0,75 04:40.844,3,0,0,0,67301,0,0,0,N,0,0,0,3,67301,1,,1,1,,N,N,,0,,2,0,0,3,2,,2255,3,3,0,0,0,0,0,3,4,0,3,3,,N,,,,,,,,,,,
2006124232,1021.0,2,0,0,0,0,0,0,0,0,4,0,,67,10,2006,2,39.9579,-75.1641,1018.0,6,0,0,0,0,0,1,0,0,1.0,0,0,0,10,1,2,1,,2.0,39 57:27.000,2.0,2,75 09:50.847,4,0,0,0,67301,0,0,0,N,0,0,0,3,67301,2,,1,1,,N,N,,0,,0,0,0,3,2,Y,1015,2,2,0,0,0,0,0,3,4,0,2,3,,N,,,,,,,,,,,
2006112659,910.0,0,0,0,0,0,0,0,0,0,8,0,,67,10,2006,4,40.0687,-75.1568,905.0,6,0,0,0,0,0,1,0,0,,0,0,0,9,1,2,1,,0.0,40 04:07.262,,0,75 09:24.365,3,0,0,0,67301,2,0,0,N,2,0,0,3,67301,0,,1,1,,N,N,,1,,1,0,0,9,2,,900,2,3,0,0,0,1,0,3,4,0,1,3,,N,,,,,,,,,,,
2006112717,9999.0,1,0,0,0,0,0,0,0,0,7,0,,67,10,2006,4,40.0875,-74.9711,9999.0,6,0,0,0,0,0,0,0,0,,0,0,0,99,1,1,1,,0.0,40 05:15.000,,0,74 58:15.960,4,0,0,0,67301,0,0,0,,0,0,0,1,67301,1,,5,9,,N,N,,0,,0,0,0,9,2,,9999,1,1,0,0,0,0,0,3,4,0,1,3,,N,,,,,,,,,,,
2006110329,906.0,0,0,0,0,0,0,0,0,0,1,1,,67,9,2006,3,,,906.0,6,0,0,0,0,0,1,0,0,1.0,0,1,0,9,1,0,0,,1.0,,3.0,0,,0,0,0,0,67301,0,0,0,,0,0,0,4,67501,0,,1,1,,,,,1,,0,0,0,3,2,N,906,0,2,0,0,2,0,0,3,3,0,2,3,,N,,,,,,,,,,,