CRN,ARRIVAL_TM,AUTOMOBILE_COUNT,BELTED_DEATH_COUNT,BELTED_SUSP_SERIOUS_INJ_COUNT,BICYCLE_COUNT,BICYCLE_DEATH_COUNT,BICYCLE_SUSP_SERIOUS_INJ_COUNT,BUS_COUNT,CHLDPAS_DEATH_COUNT,CHLDPAS_SUSP_SERIOUS_INJ_COUNT,COLLISION_TYPE,COMM_VEH_COUNT,CONS_ZONE_SPD_LIM,COUNTY,CRASH_MONTH,CRASH_YEAR,DAY_OF_WEEK,DEC_LAT,DEC_LONG,DISPATCH_TM,DISTRICT,DRIVER_COUNT_16YR,DRIVER_COUNT_17YR,DRIVER_COUNT_18YR,DRIVER_COUNT_19YR,DRIVER_COUNT_20YR,DRIVER_COUNT_50_64YR,DRIVER_COUNT_65_74YR,DRIVER_COUNT_75PLUS,EST_HRS_CLOSED,FATAL_COUNT,HEAVY_TRUCK_COUNT,HORSE_BUGGY_COUNT,HOUR_OF_DAY,ILLUMINATION,INJURY_COUNT,INTERSECT_TYPE,INTERSECTION_RELATED,LANE_CLOSED,LATITUDE,LN_CLOSE_DIR,LOCATION_TYPE,LONGITUDE,MAX_SEVERITY_LEVEL,MCYCLE_DEATH_COUNT,MCYCLE_SUSP_SERIOUS_INJ_COUNT,MOTORCYCLE_COUNT,MUNICIPALITY,NONMOTR_COUNT,NONMOTR_DEATH_COUNT,NONMOTR_SUSP_SERIOUS_INJ_COUNT,NTFY_HIWY_MAINT,PED_COUNT,PED_DEATH_COUNT,PED_SUSP_SERIOUS_INJ_COUNT,PERSON_COUNT,POLICE_AGCY,POSSIBLE_INJ_COUNT,RDWY_SURF_TYPE_CD,RELATION_TO_ROAD,ROAD_CONDITION,ROADWAY_CLEARED,SCH_BUS_IND,SCH_ZONE_IND,SECONDARY_CRASH,SMALL_TRUCK_COUNT,SPEC_JURIS_CD,SUSP_MINOR_INJ_COUNT,SUSP_SERIOUS_INJ_COUNT,SUV_COUNT,TCD_FUNC_CD,TCD_TYPE,TFC_DETOUR_IND,TIME_OF_DAY,TOT_INJ_COUNT,TOTAL_UNITS,UNB_DEATH_COUNT,UNB_SUSP_SERIOUS_INJ_COUNT,UNBELTED_OCC_COUNT,UNK_INJ_DEG_COUNT,UNK_INJ_PER_COUNT,URBAN_AREA,URBAN_RURAL,VAN_COUNT,VEHICLE_COUNT,WEATHER1,WEATHER2,WORK_ZONE_IND,WORK_ZONE_LOC,WORK_ZONE_TYPE,WORKERS_PRES,WZ_CLOSE_DETOUR,WZ_FLAGGER,WZ_LAW_OFFCR_IND,WZ_LN_CLOSURE,WZ_MOVING,WZ_OTHER,WZ_SHLDER_MDN,WZ_WORKERS_INJ_KILLED
2006124906,1111.0,1,0,0,0,0,0,0,0,0,4,0,,67,11,2006,6,40.0915,-74.9656,1109.0,6,0,0,0,1,0,0,0,0,2.0,0,0,0,11,1,0,2,,2.0,40 05:29.000,1.0,0,74 57:55.773,0,0,0,0,67301,0,0,0,N,0,0,0,2,67301,0,,1,1,,N,N,,1,,0,0,0,3,2,Y,1108,0,2,0,0,0,0,0,3,4,0,2,3,,N,,,,,,,,,,,
2006124907,550.0,2,0,0,0,0,0,0,0,0,4,0,,67,10,2006,4,40.0524,-75.1577,545.0,6,0,0,0,0,0,0,0,0,,0,0,0,5,3,1,1,,0.0,40 03:08.460,,0,75 09:27.889,4,0,0,0,67301,0,0,0,N,0,0,0,2,67301,1,,1,1,,N,N,,0,,0,0,0,3,2,,540,1,2,0,0,0,0,0,3,4,0,2,3,,N,,,,,,,,,,,
2006127145,1750.0,2,0,0,0,0,0,0,0,0,4,0,,67,10,2006,1,39.9443,-75.1973,1748.0,6,0,0,0,0,0,0,0,0,,0,0,0,16,1,0,0,,0.0,39 56:35.000,,2,75 11:34.727,9,0,0,0,67301,0,0,0,,0,0,0,2,67301,0,,7,1,,,,,0,,0,0,0,0,0,,1600,0,2,0,0,0,0,1,3,4,0,2,3,,N,,,,,,,,,,,
2006124736,1815.0,1,0,0,0,0,0,0,0,0,8,0,,67,10,2006,6,39.9838,-75.1158,1806.0,6,0,0,0,0,0,0,0,0,,0,0,0,18,4,1,0,,0.0,39 59:01.684,,0,75 06:56.963,4,0,0,0,67301,1,0,0,N,1,0,0,2,67301,1,,1,1,,N,N,,0,,0,0,0,0,0,,1800,1,2,0,0,0,0,1,3,4,0,1,3,,N,,,,,,,,,,,
2006062282,1953.0,1,0,0,0,0,0,0,0,0,5,0,,67,5,2006,2,40.0629,-75.0427,1951.0,6,0,0,0,1,1,0,0,0,2.0,0,0,0,19,4,2,0,,1.0,40 03:46.000,2.0,0,75 02:34.426,8,0,0,2,67301,0,0,0,N,0,0,0,4,67301,0,,1,9,,N,N,,0,,0,0,0,0,0,N,1950,2,3,0,0,0,2,0,3,4,0,3,3,,N,,,,,,,,,,,
2006033321,238.0,2,0,0,0,0,0,0,0,0,2,0,,67,2,2006,1,39.9747,-75.1984,238.0,6,0,0,0,0,0,0,0,0,,0,0,0,2,3,7,1,,0.0,39 58:29.000,,0,75 11:53.904,4,0,0,0,67301,0,0,0,N,0,0,0,7,67301,6,,1,1,,N,N,,0,,0,0,0,3,2,,235,7,2,0,0,0,1,0,3,4,0,2,3,,N,,,,,,,,,,,
2006053513,903.0,1,0,0,0,0,0,0,0,0,2,0,,67,3,2006,3,39.9711,-75.2412,903.0,6,0,0,0,0,0,2,0,0,,0,0,0,9,1,0,0,,0.0,39 58:15.000,,0,75 14:28.224,9,0,0,0,67301,0,0,0,N,0,0,0,3,67301,0,,1,1,,N,N,,0,,0,0,0,3,2,,900,0,2,0,0,0,0,1,3,4,0,2,3,,N,,,,,,,,,,,
2006053690,820.0,2,0,0,0,0,0,0,0,0,2,0,,67,4,2006,1,40.0429,-75.0239,815.0,6,0,0,0,0,0,0,0,0,1.0,0,0,0,8,3,4,1,,1.0,40 02:34.000,1.0,0,75 01:25.940,2,0,0,0,67301,0,0,0,N,0,0,0,5,67301,3,,1,9,,N,N,,0,,0,1,0,3,2,N,815,4,2,0,0,0,0,0,3,4,0,2,3,,N,,,,,,,,,,,
2006020142,3.0,2,0,0,0,0,0,0,0,0,2,0,,67,1,2006,6,40.0171,-75.1512,1.0,6,0,0,0,0,0,0,0,0,,0,0,0,0,3,2,1,,0.0,40 01:01.000,,0,75 09:04.402,4,0,0,0,67301,0,0,0,,0,0,0,3,67301,2,,1,1,,N,N,,0,,0,0,0,3,2,,0,2,2,0,0,0,0,0,3,4,0,2,3,,N,,,,,,,,,,,
2006080074,139.0,1,0,0,0,0,0,0,0,0,7,0,,67,7,2006,2,39.9593,-75.1732,130.0,6,0,0,0,0,0,0,0,0,,0,0,0,1,3,0,7,,0.0,39 57:33.480,,0,75 10:23.520,0,0,0,0,67301,0,0,0,N,0,0,0,1,67301,0,,4,1,,N,N,,0,,0,0,0,0,0,,114,0,1,0,0,1,0,0,3,4,0,1,3,,N,,,,,,,,,,,
2006065411,2056.0,2,0,0,0,0,0,0,0,0,5,0,,67,5,2006,1,,,2052.0,6,0,0,0,0,0,0,0,0,,0,0,0,20,3,1,0,,0.0,,,0,,8,0,0,0,67301,0,0,0,N,0,0,0,2,67301,0,,9,1,,N,N,,0,,0,0,0,0,0,,2050,1,2,0,0,1,1,1,3,3,0,2,3,,N,,,,,,,,,,,
2006065330,341.0,2,0,0,0,0,0,0,0,0,4,0,,67,5,2006,3,,,341.0,6,0,0,0,0,0,0,0,0,,0,0,0,3,3,0,1,,0.0,,,0,,0,0,0,0,67301,0,0,0,,0,0,0,2,67301,0,,1,1,,,,,0,,0,0,0,3,2,,338,0,2,0,0,0,0,0,3,3,0,2,3,,N,,,,,,,,,,,
2006065443,1430.0,1,0,0,0,0,0,0,0,0,1,0,,67,5,2006,7,39.975,-75.1872,1420.0,6,0,0,0,0,0,0,0,0,,0,0,0,14,1,2,0,,0.0,39 58:30.000,,0,75 11:14.116,4,0,0,0,67301,0,0,0,N,0,0,0,4,67301,2,,1,1,,N,N,,0,,0,0,0,0,0,,1418,2,2,0,0,0,0,2,3,4,0,2,3,,N,,,,,,,,,,,
2006065373,1950.0,0,0,0,0,0,0,0,0,0,8,0,,67,5,2006,6,40.0076,-75.1469,1945.0,6,0,0,0,0,1,0,0,0,,0,0,0,18,1,1,0,,0.0,40 00:27.320,,0,75 08:48.944,4,0,0,0,67301,1,0,0,N,1,0,0,2,67301,1,,1,1,,N,N,,0,,0,0,0,0,0,,1849,1,2,0,0,0,0,0,3,4,1,1,3,,N,,,,,,,,,,,
2006065538,30.0,2,0,0,0,0,0,0,0,0,4,0,,67,4,2006,1,,,24.0,6,0,0,0,0,0,0,0,0,,0,0,0,0,3,2,1,,0.0,,,0,,4,0,0,0,67301,0,0,0,N,0,0,0,3,67301,1,,1,1,,N,N,,0,,0,0,0,3,3,,10,2,2,0,0,0,1,0,3,3,0,2,3,,N,,,,,,,,,,,
2006065571,1622.0,2,0,0,0,0,0,0,0,0,1,0,,67,5,2006,6,39.9555,-75.1803,1617.0,6,0,0,0,0,0,0,0,0,,0,0,0,15,1,2,0,,0.0,39 57:19.000,,0,75 10:48.879,8,0,0,0,67301,0,0,0,N,0,0,0,3,67301,0,,1,1,,N,N,,0,,0,0,0,3,2,,1545,2,2,0,0,1,2,0,3,4,0,2,3,,N,,,,,,,,,,,
2006055395,1556.0,1,0,0,0,0,0,0,0,0,8,0,,67,2,2006,7,39.954,-75.2261,1544.0,6,0,0,0,0,0,0,0,0,,0,0,0,99,3,1,1,,0.0,39 57:14.000,,0,75 13:34.118,2,0,0,0,67301,1,0,1,N,1,0,1,2,67301,0,,1,1,,N,Y,,0,,0,1,0,3,2,,9999,1,2,0,0,0,0,0,3,4,0,1,3,,N,,,,,,,,,,,
2006094613,2217.0,2,0,0,0,0,0,0,0,0,6,0,,67,7,2006,3,40.0531,-75.1772,2210.0,6,0,0,0,0,0,0,0,0,,0,0,0,21,1,1,2,,0.0,40 03:10.000,,0,75 10:37.888,8,0,0,0,67301,0,0,0,N,0,0,0,2,67301,0,,1,9,,N,N,,0,,0,0,0,0,0,,2145,1,2,0,0,0,1,0,3,4,0,2,7,,N,,,,,,,,,,,
2006094630,2039.0,1,0,0,1,0,0,0,0,0,4,0,,67,7,2006,7,40.0631,-75.1496,2029.0,6,0,0,0,0,0,0,0,0,,0,0,0,20,1,1,2,,0.0,40 03:47.098,,0,75 08:58.387,4,0,0,0,67301,2,0,0,N,0,0,0,3,67301,1,,1,1,,N,N,,0,,0,0,0,0,0,,2026,1,2,0,0,0,0,0,3,4,0,1,3,,N,,,,,,,,,,,
2006055559,2227.0,2,0,0,0,0,0,0,0,0,1,0,,67,3,2006,4,,,2222.0,6,0,0,0,0,0,0,0,0,,0,0,0,22,3,1,10,,0.0,,,0,,8,0,0,0,67301,0,0,0,N,0,0,0,5,67301,0,,1,1,,N,N,,0,,0,0,0,0,0,,2222,1,2,0,0,0,1,2,3,3,0,2,3,,N,,,,,,,,,,,
2006055577,1812.0,1,0,0,0,0,0,0,0,0,8,0,,67,4,2006,1,,,1808.0,6,0,0,0,0,0,0,0,0,,0,0,0,18,1,1,0,,0.0,,,0,,4,0,0,0,67301,1,0,0,N,1,0,0,2,67301,1,,1,9,,N,N,,0,,0,0,0,0,0,,1800,1,2,0,0,0,0,0,3,3,0,1,3,,N,,,,,,,,,,,
2006055620,2359.0,2,0,0,0,0,0,0,0,0,4,0,,67,3,2006,6,40.0351,-75.0709,2359.0,6,0,0,0,1,1,0,0,0,,0,0,0,23,3,1,1,,0.0,40 02:06.000,,0,75 04:15.464,8,0,0,0,67301,0,0,0,,0,0,0,7,67301,0,,1,1,,,,,0,,0,0,0,3,2,,2358,1,2,0,0,0,1,0,3,4,0,2,3,,N,,,,,,,,,,,
2006055697,1625.0,2,0,0,0,0,0,0,0,0,4,0,,67,4,2006,4,39.9959,-75.0921,1620.0,6,0,0,0,1,0,0,0,0,1.0,0,0,0,16,1,6,5,,2.0,39 59:45.000,1.0,0,75 05:31.727,3,0,0,0,67301,0,0,0,N,0,0,0,6,67301,1,,1,1,,N,N,,0,,2,0,0,3,2,Y,1605,6,2,0,0,2,3,0,3,4,0,2,3,,N,,,,,,,,,,,
2006055699,1339.0,0,0,0,0,0,0,0,0,0,4,0,,67,3,2006,7,40.0458,-75.0683,1336.0,6,0,0,0,0,0,0,1,0,,0,0,0,13,1,1,1,,0.0,40 02:44.703,,0,75 04:05.879,4,0,0,0,67301,0,0,0,N,0,0,0,4,67301,1,,1,1,,N,N,,1,,0,0,1,3,2,,1330,1,3,0,0,0,0,0,3,4,1,3,3,,N,,,,,,,,,,,
2006055711,724.0,2,0,0,0,0,0,0,0,0,6,0,,67,3,2006,6,40.0351,-75.0729,721.0,6,0,0,0,0,0,0,0,0,,0,0,0,7,1,0,1,,0.0,40 02:06.230,,0,75 04:22.540,9,0,0,0,67301,0,0,0,N,0,0,0,2,67301,0,,1,1,,N,N,,0,,0,0,0,3,3,,713,0,2,0,0,0,0,1,3,4,0,2,3,,N,,,,,,,,,,,
2006055808,1958.0,0,0,0,1,0,0,0,0,0,2,0,,67,3,2006,5,39.9925,-75.1174,1955.0,6,0,0,0,0,0,0,0,0,,0,0,0,19,3,1,1,,0.0,39 59:32.971,,0,75 07:02.582,4,0,0,1,67301,1,0,0,,0,0,0,1,67301,1,,4,1,,,,,0,,0,0,0,0,0,,1947,1,2,0,0,0,0,0,3,4,0,1,3,,N,,,,,,,,,,,
2006055810,9999.0,0,0,0,0,0,0,0,0,0,8,0,,67,4,2006,7,39.9979,-75.1043,9999.0,6,0,0,0,0,0,0,0,0,,0,0,0,99,1,1,1,,0.0,39 59:52.368,,0,75 06:15.638,4,0,0,0,67301,1,0,0,,1,0,0,2,67301,1,,5,1,,,,,0,,0,0,0,0,0,,9999,1,2,0,0,0,0,0,3,4,0,1,3,,N,,,,,,,,,,,
2006126450,1316.0,1,0,0,0,0,0,0,0,0,8,0,,67,11,2006,4,39.9471,-75.1464,1314.0,6,0,0,0,0,0,0,0,0,,0,0,0,99,1,1,1,,0.0,39 56:49.000,,0,75 08:47.012,4,0,0,0,67301,1,0,0,,1,0,0,2,67301,1,,1,1,,,,,0,,0,0,0,0,0,,9999,1,2,0,0,0,0,1,3,4,0,1,7,,N,,,,,,,,,,,
2006126456,258.0,1,0,0,0,0,0,0,0,0,7,0,,67,11,2006,1,39.9204,-75.1412,257.0,6,0,0,0,0,0,0,0,0,4.0,1,0,0,2,3,4,0,,2.0,39 55:13.280,2.0,0,75 08:28.144,1,0,0,0,67301,0,0,0,Y,0,0,0,5,67301,0,2.0,4,1,,N,N,,0,9.0,2,1,0,0,0,Y,257,4,1,0,0,0,1,0,3,4,0,1,3,,N,,,,,,,,,,,
2006126850,1343.0,1,0,0,0,0,0,0,0,0,4,0,,67,10,2006,3,40.0506,-75.0667,1337.0,6,0,0,0,0,0,0,1,0,,0,0,0,13,1,1,2,,0.0,40 03:02.000,,0,75 04:00.259,4,0,0,0,67301,0,0,0,N,0,0,0,2,67301,1,,1,1,,N,N,,1,,0,0,0,3,3,,1330,1,2,0,0,0,0,0,3,4,0,2,3,,N,,,,,,,,,,,
2006126853,1745.0,1,0,0,0,0,0,0,0,0,8,0,,67,10,2006,6,40.041,-75.0719,1738.0,6,0,0,0,1,0,0,0,0,,0,0,0,17,1,1,0,,0.0,40 02:27.520,,0,75 04:18.872,4,0,0,0,67301,1,0,0,N,1,0,0,2,67301,1,,1,1,,N,N,,0,,0,0,0,0,0,,1733,1,2,0,0,1,0,0,3,4,0,1,3,,N,,,,,,,,,,,
2006126855,1628.0,1,0,0,0,0,0,0,0,0,8,0,,67,11,2006,6,,,1627.0,6,0,0,0,0,0,0,0,0,,0,0,0,15,1,0,10,,0.0,,,0,,9,0,0,0,67301,1,0,0,N,1,0,0,2,67301,0,,9,1,,N,N,,0,,0,0,0,3,3,,1515,0,2,0,0,0,0,2,3,3,0,1,3,,N,,,,,,,,,,,
2006102510,130.0,0,0,0,0,0,0,0,0,0,8,0,,67,7,2006,6,,,128.0,6,0,0,0,0,0,0,0,0,2.0,0,0,0,1,3,1,0,,2.0,,1.0,0,,4,0,0,0,67301,1,0,0,N,1,0,0,3,67301,1,,1,9,,N,N,,0,,0,0,1,3,2,Y,128,1,2,0,0,0,0,0,3,3,0,1,7,,N,,,,,,,,,,,
2006124551,752.0,1,0,0,0,0,0,0,0,0,7,0,,67,10,2006,6,39.9169,-75.216,749.0,6,0,0,0,0,0,0,0,0,,0,0,0,7,5,1,2,,0.0,39 55:05.000,,0,75 12:30.961,4,0,0,0,67301,0,0,0,N,0,0,0,1,67301,1,,4,9,,N,N,,0,,0,0,0,0,0,,730,1,1,0,0,0,0,0,3,4,0,1,7,,N,,,,,,,,,,,
2006124598,1600.0,1,0,0,0,0,0,0,0,0,8,0,,67,10,2006,2,,,1600.0,6,0,0,0,0,0,0,0,0,,0,0,0,99,1,1,0,,0.0,,,0,,8,0,0,0,67301,1,0,0,N,1,0,0,2,67301,0,,1,1,,N,N,,0,,0,0,0,0,0,,9999,1,2,0,0,1,1,0,3,3,0,1,3,,N,,,,,,,,,,,
2006124226,803.0,2,0,0,0,0,0,0,0,0,4,0,,67,10,2006,1,39.9776,-75.1606,800.0,6,0,0,0,0,0,1,0,0,,0,0,0,8,1,2,1,,0.0,39 58:39.345,,0,75 09:38.332,8,0,0,0,67301,0,0,0,N,0,0,0,2,67301,0,,1,1,,N,N,,0,,0,0,0,3,3,,800,2,2,0,0,0,2,0,3,4,0,2,3,,N,,,,,,,,,,,
2006124247,525.0,1,0,0,0,0,0,0,0,0,7,0,,67,10,2006,7,39.9594,-75.1751,522.0,6,0,0,0,0,0,0,0,0,1.0,0,0,0,5,3,1,0,,2.0,39 57:33.000,3.0,0,75 10:31.675,3,0,0,0,67301,0,0,0,N,0,0,0,1,67301,0,,2,9,,N,N,,0,,1,0,0,0,0,N,522,1,1,0,0,0,0,0,3,4,0,1,7,,N,,,,,,,,,,,
2006124251,736.0,3,0,0,0,0,0,0,0,0,4,0,,67,10,2006,7,40.034,-75.0744,736.0,6,0,0,0,0,0,0,0,0,1.0,0,0,0,7,1,2,1,,1.0,40 02:02.000,1.0,0,75 04:27.841,4,0,0,0,67301,0,0,0,N,0,0,0,3,67301,1,,1,9,,N,N,,0,,0,0,0,3,2,Y,730,2,3,0,0,0,1,0,3,4,0,3,7,,N,,,,,,,,,,,
2006115169,2005.0,2,0,0,0,0,0,0,0,0,1,0,,67,10,2006,2,40.0336,-75.0759,1935.0,6,0,0,0,0,0,0,0,0,,0,0,0,19,3,2,0,,0.0,40 02:01.067,,6,75 04:33.452,8,0,0,0,67301,0,0,0,N,0,0,0,3,67301,0,,1,1,,N,N,,0,,0,0,0,0,0,,1930,2,2,0,0,1,2,0,3,4,0,2,3,,N,,,,,,,,,,,
2006124757,1043.0,2,0,0,0,0,0,0,0,0,4,0,,67,11,2006,2,40.0522,-75.1758,1038.0,6,0,0,0,0,0,0,0,0,,0,0,0,99,1,1,2,,0.0,40 03:07.000,,0,75 10:33.008,4,0,0,0,67301,0,0,0,N,0,0,0,2,67301,1,,1,1,,N,N,,0,,0,0,0,3,2,,9999,1,2,0,0,2,0,0,3,4,0,2,3,,N,,,,,,,,,,,
2006124853,1905.0,0,0,0,0,0,0,0,0,0,8,0,,67,11,2006,5,39.9556,-75.2146,1902.0,6,0,0,0,0,0,0,0,0,,0,0,0,18,3,1,1,,0.0,39 57:20.000,,0,75 12:52.637,8,0,0,0,67301,1,0,0,N,1,0,0,2,67301,0,,1,1,,N,N,,0,,0,0,1,3,2,,1855,1,2,0,0,0,1,0,3,4,0,1,3,,N,,,,,,,,,,,
2006113831,2135.0,0,0,0,0,0,0,0,0,0,2,1,,67,8,2006,3,40.0201,-75.0431,2132.0,6,0,0,0,0,0,0,0,0,9.0,0,1,0,21,3,1,1,,2.0,40 01:12.000,7.0,0,75 02:35.309,2,0,0,0,67301,0,0,0,N,0,0,0,3,67301,0,,1,1,,N,N,,0,,0,1,1,0,0,Y,2130,1,2,0,1,3,0,0,3,4,0,2,3,,N,,,,,,,,,,,
2006062258,1440.0,2,0,0,0,0,0,0,0,0,4,0,,67,5,2006,5,39.9781,-75.1222,1437.0,6,0,0,0,0,0,0,0,0,,0,0,0,14,1,1,1,,0.0,39 58:41.235,,0,75 07:19.945,4,0,0,0,67301,0,0,0,,0,0,0,2,67301,1,,1,1,,,,,0,,0,0,0,9,3,,1425,1,2,0,0,0,0,0,3,4,0,2,3,,N,,,,,,,,,,,
2006062270,1734.0,3,0,0,0,0,0,0,0,0,5,0,,67,5,2006,2,39.914,-75.2216,1730.0,6,0,0,0,0,0,0,0,0,,0,0,0,17,1,3,0,,0.0,39 54:49.000,,0,75 13:17.869,3,0,0,0,67301,0,0,0,,0,0,0,3,67301,2,,1,1,,N,N,,0,,1,0,0,0,0,,1715,3,3,0,0,0,0,0,3,4,0,3,3,,N,,,,,,,,,,,
2006093886,1325.0,0,0,0,0,0,0,0,0,0,1,0,,67,8,2006,4,40.0554,-75.1583,1317.0,6,0,0,0,0,0,1,0,0,,0,0,0,13,1,0,2,,0.0,40 03:19.000,,0,75 09:29.967,9,0,0,0,67301,0,0,0,N,0,0,0,3,67301,0,,1,1,,N,N,,0,,0,0,1,3,2,,1317,0,2,0,0,0,0,3,3,4,0,2,3,,N,,,,,,,,,,,
2006055118,2137.0,1,0,0,0,0,0,0,0,0,4,0,,67,3,2006,7,40.0516,-75.0962,2128.0,6,0,0,0,0,0,0,0,0,,0,0,0,21,4,1,1,,0.0,40 03:05.580,,0,75 05:46.381,4,0,0,0,67301,0,0,0,N,0,0,0,3,67301,1,,1,1,,N,N,,0,,0,0,0,2,3,,2128,1,2,0,0,0,0,0,3,4,0,2,3,,N,,,,,,,,,,,
2006055122,2335.0,1,0,0,0,0,0,0,0,0,0,0,,67,3,2006,6,39.9858,-75.2156,2332.0,6,0,0,0,0,0,0,0,0,,0,0,0,23,3,1,1,,0.0,39 59:08.000,,0,75 12:56.367,8,0,0,0,67301,0,0,0,N,0,0,0,1,67301,0,,1,1,,N,N,,0,,0,0,0,0,0,,2332,1,1,0,0,0,1,0,3,4,0,1,3,,N,,,,,,,,,,,
2006094013,1130.0,0,0,0,0,0,0,0,0,0,4,0,,67,7,2006,4,39.8931,-75.2222,1124.0,6,0,0,0,0,0,1,0,0,1.0,0,0,0,11,1,1,2,,1.0,39 53:35.160,2.0,2,75 13:19.920,4,0,0,0,67301,0,0,0,N,0,0,0,3,67301,1,,1,1,,N,N,,0,,0,0,0,3,2,N,1110,1,2,0,0,0,0,0,3,4,2,2,3,,N,,,,,,,,,,,
2006094088,2100.0,1,0,0,0,0,0,0,0,0,8,0,,67,7,2006,2,39.9189,-75.1484,2059.0,6,0,0,0,0,0,0,0,0,,0,0,0,20,3,1,0,,0.0,39 55:08.205,,0,75 08:54.085,4,0,0,0,67301,1,0,0,N,1,0,0,2,67301,1,,1,1,,N,N,,0,,0,0,0,0,0,,2058,1,2,0,0,0,0,1,3,4,0,1,3,,N,,,,,,,,,,,
2006056337,45.0,2,0,0,0,0,0,0,0,0,4,0,,67,5,2006,2,39.9994,-75.2088,39.0,6,0,0,0,0,0,0,0,0,,0,0,0,99,3,0,2,,0.0,39 59:57.991,,0,75 12:31.766,0,0,0,0,67301,0,0,0,N,0,0,0,2,67301,0,,1,1,,N,N,,0,,0,0,0,3,3,,9999,0,2,0,0,1,0,0,3,4,0,2,3,,N,,,,,,,,,,,
2006092760,1621.0,0,0,0,0,0,0,0,0,0,2,0,,67,8,2006,3,,,1621.0,6,0,0,0,0,0,0,0,0,,0,0,0,16,1,1,1,,0.0,,,0,,4,0,0,0,67301,0,0,0,N,0,0,0,2,67301,1,,1,1,,N,N,,2,,0,0,0,3,2,,1618,1,2,0,0,0,0,0,3,3,0,2,3,,N,,,,,,,,,,,
2006092782,32.0,1,0,0,0,0,0,0,0,0,4,0,,67,8,2006,2,40.1025,-75.0287,30.0,6,0,0,0,0,0,1,0,0,,0,1,0,0,3,4,1,,0.0,40 06:08.000,,0,75 01:43.185,3,0,0,0,67301,0,0,0,,0,0,0,4,67301,0,,1,1,,N,N,,0,,4,0,1,3,2,,27,4,3,0,0,0,0,0,3,4,0,3,3,,N,,,,,,,,,,,
2006054003,1530.0,1,0,0,0,0,0,0,0,0,4,0,,67,4,2006,6,40.044,-75.0719,1523.0,6,0,0,0,0,0,0,0,0,,0,0,0,99,1,1,1,,0.0,40 02:38.392,,0,75 04:18.739,8,0,0,0,67301,0,0,0,,0,0,0,2,67301,0,,1,1,,,,,0,,0,0,1,9,3,,9999,1,2,0,0,0,1,0,3,4,0,2,3,,N,,,,,,,,,,,
2006018438,2140.0,2,0,0,0,0,0,0,0,0,5,0,,67,1,2006,4,40.0256,-75.0317,2135.0,6,0,0,0,0,0,1,0,0,,0,0,0,21,4,4,2,,0.0,40 01:32.000,,6,75 01:54.133,4,0,0,0,67301,0,0,0,N,0,0,0,6,67301,4,,1,1,,N,N,,0,,0,0,0,0,0,,2130,4,2,0,0,1,0,0,3,4,0,2,3,,N,,,,,,,,,,,
2006035651,1.0,2,0,0,0,0,0,0,0,0,2,0,,67,1,2006,4,40.0442,-75.1435,0.0,6,0,0,0,0,0,0,1,0,,0,0,0,0,3,2,0,,0.0,40 02:39.000,,0,75 08:36.737,8,0,0,0,67301,0,0,0,N,0,0,0,2,67501,0,,1,9,,N,N,,0,,0,0,0,0,0,,0,2,2,0,0,0,2,0,3,4,0,2,7,,N,,,,,,,,,,,
2006032943,2020.0,2,0,0,0,0,0,0,0,0,1,0,,67,1,2006,7,,,2007.0,6,0,0,0,0,0,0,0,0,1.0,0,0,0,20,3,1,0,,1.0,,3.0,3,,4,0,0,0,67301,0,0,0,,0,0,0,3,67301,1,,1,1,,,N,,0,,0,0,0,0,0,N,2007,1,2,0,0,1,0,0,3,3,0,2,99,,N,,,,,,,,,,,
2006022765,2340.0,1,0,0,0,0,0,0,0,0,7,0,,67,1,2006,6,39.9974,-75.0733,2335.0,6,0,0,0,1,0,0,0,0,,0,0,0,23,3,2,1,,0.0,39 59:50.000,,0,75 04:24.004,2,0,0,0,67301,0,0,0,N,0,0,0,2,67301,1,,5,1,,N,N,,0,,0,1,0,9,2,,2335,2,1,0,0,0,0,0,3,4,0,1,3,,N,,,,,,,,,,,
2006053546,1805.0,1,0,0,0,0,0,0,0,0,8,0,,67,4,2006,4,40.0364,-75.1306,1805.0,6,0,0,0,0,0,0,0,0,,0,0,0,18,1,1,1,,0.0,40 02:11.000,,0,75 07:50.219,4,0,0,0,67301,1,0,0,N,1,0,0,2,67301,1,,1,1,,N,N,,0,,0,0,0,3,2,,1805,1,2,0,0,0,0,0,3,4,0,1,3,,N,,,,,,,,,,,
2006053743,1930.0,1,0,0,0,0,0,0,0,0,8,0,,67,4,2006,2,,,1929.0,6,0,0,0,0,0,0,0,0,,0,0,0,19,3,1,1,,0.0,,,0,,4,0,0,0,67301,1,0,0,N,1,0,0,2,67301,1,,1,1,,N,N,,0,,0,0,0,3,3,,1925,1,2,0,0,0,0,1,3,3,0,1,3,,N,,,,,,,,,,,
2006019863,535.0,2,0,0,0,0,0,0,0,0,4,0,,67,1,2006,7,,,530.0,6,0,0,1,0,0,1,0,0,,0,0,0,5,3,1,0,,0.0,,,0,,4,0,0,0,67301,0,0,0,,0,0,0,2,67301,1,,1,1,,N,N,,0,,0,0,0,0,0,,530,1,2,0,0,0,0,0,3,3,0,2,3,,N,,,,,,,,,,,