CRN,ARRIVAL_TM,AUTOMOBILE_COUNT,BELTED_DEATH_COUNT,BELTED_SUSP_SERIOUS_INJ_COUNT,BICYCLE_COUNT,BICYCLE_DEATH_COUNT,BICYCLE_SUSP_SERIOUS_INJ_COUNT,BUS_COUNT,CHLDPAS_DEATH_COUNT,CHLDPAS_SUSP_SERIOUS_INJ_COUNT,COLLISION_TYPE,COMM_VEH_COUNT,CONS_ZONE_SPD_LIM,COUNTY,CRASH_MONTH,CRASH_YEAR,DAY_OF_WEEK,DEC_LAT,DEC_LONG,DISPATCH_TM,DISTRICT,DRIVER_COUNT_16YR,DRIVER_COUNT_17YR,DRIVER_COUNT_18YR,DRIVER_COUNT_19YR,DRIVER_COUNT_20YR,DRIVER_COUNT_50_64YR,DRIVER_COUNT_65_74YR,DRIVER_COUNT_75PLUS,EST_HRS_CLOSED,FATAL_COUNT,HEAVY_TRUCK_COUNT,HORSE_BUGGY_COUNT,HOUR_OF_DAY,ILLUMINATION,INJURY_COUNT,INTERSECT_TYPE,INTERSECTION_RELATED,LANE_CLOSED,LATITUDE,LN_CLOSE_DIR,LOCATION_TYPE,LONGITUDE,MAX_SEVERITY_LEVEL,MCYCLE_DEATH_COUNT,MCYCLE_SUSP_SERIOUS_INJ_COUNT,MOTORCYCLE_COUNT,MUNICIPALITY,NONMOTR_COUNT,NONMOTR_DEATH_COUNT,NONMOTR_SUSP_SERIOUS_INJ_COUNT,NTFY_HIWY_MAINT,PED_COUNT,PED_DEATH_COUNT,PED_SUSP_SERIOUS_INJ_COUNT,PERSON_COUNT,POLICE_AGCY,POSSIBLE_INJ_COUNT,RDWY_SURF_TYPE_CD,RELATION_TO_ROAD,ROAD_CONDITION,ROADWAY_CLEARED,SCH_BUS_IND,SCH_ZONE_IND,SECONDARY_CRASH,SMALL_TRUCK_COUNT,SPEC_JURIS_CD,SUSP_MINOR_INJ_COUNT,SUSP_SERIOUS_INJ_COUNT,SUV_COUNT,TCD_FUNC_CD,TCD_TYPE,TFC_DETOUR_IND,TIME_OF_DAY,TOT_INJ_COUNT,TOTAL_UNITS,UNB_DEATH_COUNT,UNB_SUSP_SERIOUS_INJ_COUNT,UNBELTED_OCC_COUNT,UNK_INJ_DEG_COUNT,UNK_INJ_PER_COUNT,URBAN_AREA,URBAN_RURAL,VAN_COUNT,VEHICLE_COUNT,WEATHER1,WEATHER2,WORK_ZONE_IND,WORK_ZONE_LOC,WORK_ZONE_TYPE,WORKERS_PRES,WZ_CLOSE_DETOUR,WZ_FLAGGER,WZ_LAW_OFFCR_IND,WZ_LN_CLOSURE,WZ_MOVING,WZ_OTHER,WZ_SHLDER_MDN,WZ_WORKERS_INJ_KILLED
2006080034,1501.0,2,0,0,0,0,0,0,0,0,5,0,,67,6,2006,4,40.0392,-75.0451,1500.0,6,0,0,0,0,0,1,0,0,,0,0,0,15,1,1,0,,0.0,40 02:21.120,,0,75 02:42.720,8,0,0,0,67301,0,0,0,,0,0,0,2,67301,0,,6,1,,N,N,,0,,0,0,1,0,0,,1500,1,3,0,0,0,1,0,3,4,0,3,3,,N,,,,,,,,,,,
2006062723,1537.0,1,0,0,1,0,0,0,0,0,4,0,,67,5,2006,6,,,1532.0,6,0,0,0,0,0,1,0,0,9.0,0,0,0,15,1,1,1,,2.0,,1.0,0,,4,0,0,0,67301,1,0,0,N,0,0,0,2,67301,1,,2,1,,N,N,,0,,0,0,0,9,2,Y,1524,1,2,0,0,0,0,0,3,3,0,1,3,,N,,,,,,,,,,,
2006067845,1823.0,2,0,0,0,0,0,0,0,0,4,0,,67,5,2006,4,40.0869,-74.972,1820.0,6,0,0,0,0,0,0,0,1,2.0,0,0,0,18,1,0,1,,2.0,40 05:12.000,1.0,0,74 58:19.042,0,0,0,0,67301,0,0,0,N,0,0,0,2,67301,0,,1,1,,N,N,,0,,0,0,0,3,2,Y,1809,0,2,0,0,0,0,0,3,4,0,2,3,,N,,,,,,,,,,,
2006065426,102.0,1,0,0,0,0,0,0,0,0,7,0,40.0,67,5,2006,7,40.0963,-74.9831,55.0,6,0,0,1,0,0,0,0,0,4.0,0,0,0,0,3,0,0,,2.0,40 05:46.000,3.0,0,74 58:58.253,0,0,0,0,67301,0,0,0,N,0,0,0,6,67301,0,,2,1,,N,N,,0,,0,0,0,0,0,Y,52,0,1,0,0,0,0,0,3,4,0,1,3,,Y,4.0,1.0,N,,,N,,Y,,Y,
2006065434,1220.0,1,0,0,0,0,0,0,0,0,4,0,,67,5,2006,1,40.0515,-74.9851,1215.0,6,0,0,0,0,0,0,0,0,,0,0,0,12,1,1,2,,0.0,40 03:05.000,,0,74 59:06.782,4,0,0,0,67301,0,0,0,N,0,0,0,2,67301,1,,1,1,,,,,1,,0,0,0,0,0,,1210,1,2,0,0,0,0,0,3,4,0,2,3,,N,,,,,,,,,,,
2006065563,1915.0,1,0,0,0,0,0,0,0,0,7,0,,67,5,2006,1,39.9589,-75.1701,1905.0,6,0,0,0,0,0,0,0,0,1.0,0,0,0,18,4,0,0,,2.0,39 57:32.000,4.0,0,75 10:13.669,0,0,0,0,67301,0,0,0,N,0,0,0,1,67301,0,,2,1,,N,N,,0,,0,0,0,0,0,N,1859,0,1,0,0,0,0,0,3,4,0,1,3,,N,,,,,,,,,,,
2006065565,2036.0,2,0,0,0,0,0,0,0,0,6,0,,67,3,2006,6,40.0,-75.1531,2032.0,6,0,0,0,0,0,0,0,0,,0,0,0,20,3,1,1,,0.0,40 00:00.000,,0,75 09:11.621,4,0,0,0,67301,0,0,0,,0,0,0,2,67301,1,,1,1,,,,,0,,0,0,0,3,2,,2032,1,2,0,0,0,0,1,3,4,0,2,3,,N,,,,,,,,,,,
2006055387,159.0,0,0,0,0,0,0,0,0,0,8,0,,67,3,2006,3,,,159.0,6,0,0,0,0,0,0,0,0,,0,0,0,1,3,1,1,,0.0,,,0,,4,0,0,0,67301,1,0,0,N,1,0,0,2,67301,1,,1,1,,N,N,,0,,0,0,0,3,3,,155,1,2,0,0,0,0,0,3,3,1,1,3,,N,,,,,,,,,,,
2006055420,934.0,1,0,0,0,0,0,0,0,0,4,0,,67,4,2006,4,39.9708,-75.1223,930.0,6,0,0,0,1,0,0,0,0,,0,0,0,8,1,0,5,,0.0,39 58:14.817,,0,75 07:20.188,0,0,0,0,67301,0,0,0,N,0,0,0,3,67301,0,,1,9,,N,N,,0,,0,0,0,3,2,,837,0,2,0,0,0,0,0,3,4,1,2,7,,N,,,,,,,,,,,
2006055423,1545.0,2,0,0,0,0,0,0,0,0,2,0,,67,4,2006,4,39.9697,-75.2115,1542.0,6,0,0,0,0,0,0,0,0,,0,0,0,15,1,2,1,,0.0,39 58:10.000,,0,75 12:41.345,8,0,0,0,67301,0,0,0,N,0,0,0,2,67301,0,,1,1,,N,N,,0,,0,0,0,3,2,,1525,2,2,0,0,1,2,0,3,4,0,2,3,,N,,,,,,,,,,,
2006055562,110.0,1,0,0,0,0,0,0,0,0,7,0,,67,1,2006,7,39.957,-75.1525,110.0,6,0,0,0,0,0,0,0,0,9.0,0,0,0,1,2,1,7,,2.0,39 57:25.200,3.0,0,75 09:08.640,2,0,0,0,67301,0,0,0,Y,0,0,0,1,67301,0,,7,1,,N,N,,0,,0,1,0,0,0,Y,110,1,1,0,0,0,0,0,3,4,0,1,3,,N,,,,,,,,,,,
2006055569,2133.0,2,0,0,0,0,0,0,0,0,5,0,,67,3,2006,2,39.9404,-75.1956,2129.0,6,0,0,0,0,1,0,0,0,2.0,0,0,0,21,3,0,0,,1.0,39 56:29.000,4.0,0,75 11:40.931,0,0,0,0,67301,0,0,0,N,0,0,0,2,67301,0,,1,1,,N,N,,0,,0,0,0,0,0,N,2127,0,2,0,0,1,0,0,3,4,0,2,3,,N,,,,,,,,,,,
2006055571,1246.0,1,0,0,0,0,0,0,0,0,7,0,,67,3,2006,5,39.9857,-75.2083,1230.0,6,0,0,0,0,0,1,0,0,,0,0,0,12,1,1,0,,0.0,39 59:12.000,,0,75 12:28.231,4,0,0,0,67301,0,0,0,,0,0,0,1,67301,1,,2,1,,N,N,,0,,0,0,0,0,0,,1230,1,1,0,0,0,0,0,3,4,0,1,3,,N,,,,,,,,,,,
2006055720,1330.0,2,0,0,0,0,0,0,0,0,4,0,,67,4,2006,2,,,1321.0,6,0,0,0,0,0,1,0,0,,0,0,0,13,1,2,2,,0.0,,,0,,4,0,0,0,67301,0,0,0,N,0,0,0,4,67301,2,,1,9,,N,N,,0,,0,0,0,3,3,,1315,2,2,0,0,0,0,0,3,3,0,2,7,,N,,,,,,,,,,,
2006126885,1604.0,2,0,0,0,0,0,0,0,0,4,0,,67,10,2006,6,39.9072,-75.228,1603.0,6,0,0,0,0,0,0,0,0,1.0,0,0,0,16,1,1,2,,1.0,39 54:26.074,1.0,0,75 13:40.897,4,0,0,0,67301,0,0,0,,0,0,0,2,67301,1,,1,9,,,,,0,,0,0,0,3,3,Y,1602,1,2,0,0,0,0,0,3,4,0,2,3,,N,,,,,,,,,,,
2006102483,1051.0,1,0,0,0,0,0,0,0,0,8,0,,67,9,2006,5,40.0595,-75.052,1044.0,6,0,0,0,0,0,0,0,1,,0,0,0,10,1,1,1,,0.0,40 03:34.000,,0,75 03:07.428,3,0,0,0,67301,1,0,0,N,1,0,0,2,67301,0,,1,1,,N,N,,0,,1,0,0,3,2,,1042,1,2,0,0,1,0,0,3,4,0,1,3,,N,,,,,,,,,,,
2006112726,2157.0,3,0,0,0,0,0,0,0,0,4,0,,67,8,2006,5,39.9883,-75.1355,2155.0,6,0,0,0,0,0,0,0,0,2.0,0,0,0,21,3,2,1,,2.0,39 59:17.962,3.0,0,75 08:07.915,4,0,0,0,67301,0,0,0,N,0,0,0,3,67301,2,,1,1,,N,N,,0,,0,0,0,3,2,Y,2155,2,3,0,0,0,0,0,3,4,0,3,3,,N,,,,,,,,,,,
2006112732,1842.0,1,0,0,0,0,0,0,0,0,8,0,,67,10,2006,4,39.9229,-75.1581,1831.0,6,0,0,0,0,0,0,0,0,,0,0,0,18,3,1,2,,0.0,39 55:22.000,,0,75 09:29.326,4,0,0,0,67301,1,0,0,N,1,0,0,2,67301,1,,1,9,,N,N,,0,,0,0,0,9,2,,1827,1,2,0,0,0,0,0,3,4,0,1,7,,N,,,,,,,,,,,
2006124752,850.0,1,0,0,0,0,0,0,0,0,1,0,,67,11,2006,4,,,845.0,6,0,0,0,1,0,0,0,0,,0,0,0,8,1,1,0,,0.0,,,0,,4,0,0,0,67301,0,0,0,N,0,0,0,1,67301,1,,1,9,,N,N,,0,,0,0,0,0,0,,830,1,2,0,0,0,0,0,3,3,1,2,7,,N,,,,,,,,,,,
2006124770,1712.0,2,0,0,0,0,0,0,0,0,2,0,,67,11,2006,4,40.0421,-75.1027,1710.0,6,0,0,0,0,0,0,0,0,,0,0,0,17,4,1,1,,0.0,40 02:31.570,,0,75 06:09.871,8,0,0,0,67301,0,0,0,N,0,0,0,4,67301,0,,1,1,,N,N,,0,,0,0,0,3,3,,1705,1,2,0,0,0,1,3,3,4,0,2,3,,N,,,,,,,,,,,
2006113818,1854.0,1,0,0,0,0,0,0,0,0,6,0,,67,10,2006,5,39.9321,-75.161,1852.0,6,0,0,0,0,0,0,0,0,,0,0,0,18,3,2,1,,0.0,39 55:55.383,,0,75 09:39.553,3,0,0,0,67301,1,0,0,N,0,0,0,2,67301,0,,5,1,,N,N,,0,,1,0,2,3,2,,1845,2,4,0,0,0,1,0,3,4,1,4,3,,N,,,,,,,,,,,
2006062218,153.0,1,0,0,0,0,0,0,0,0,4,0,,67,3,2006,7,40.0626,-75.1708,151.0,6,0,0,0,0,0,0,0,0,,0,0,0,1,3,2,1,,0.0,40 03:45.000,,0,75 10:14.653,8,0,0,0,67301,0,0,0,N,0,0,0,4,67301,0,,1,1,,N,N,,0,,0,0,1,3,2,,151,2,2,0,0,0,2,0,3,4,0,2,3,,N,,,,,,,,,,,
2006062220,315.0,1,0,0,0,0,0,0,0,0,7,0,,67,5,2006,6,39.9741,-75.1179,313.0,6,0,0,0,0,0,0,0,0,,0,0,0,3,3,1,2,,0.0,39 58:28.000,,0,75 07:04.027,4,0,0,0,67301,0,0,0,,0,0,0,1,67301,1,,5,1,,N,N,,0,,0,0,0,0,0,,310,1,1,0,0,0,0,0,3,4,0,1,3,,N,,,,,,,,,,,
2006054712,1055.0,1,0,0,0,0,0,0,0,0,7,0,,67,4,2006,1,39.8925,-75.2226,1055.0,6,0,0,0,0,0,0,0,0,,0,0,0,10,1,0,6,,0.0,39 53:32.000,,2,75 13:22.259,0,0,0,0,67301,0,0,0,N,0,0,0,1,67301,0,,2,9,,N,N,,0,,0,0,0,3,2,,1040,0,1,0,0,0,0,0,3,4,0,1,7,,N,,,,,,,,,,,
2006062446,617.0,2,0,0,0,0,0,0,0,0,1,0,,67,5,2006,5,39.9867,-75.2079,615.0,6,0,0,0,0,0,0,0,0,1.0,0,0,0,6,1,1,0,,2.0,39 59:15.000,4.0,0,75 12:25.638,8,0,0,0,67301,0,0,0,N,0,0,0,1,67301,0,,2,1,,N,N,,0,,0,0,0,0,0,N,615,1,2,0,0,1,1,0,3,4,0,2,3,,N,,,,,,,,,,,
2006093879,817.0,1,0,0,1,0,0,0,0,0,4,0,,67,7,2006,4,39.9528,-75.1499,813.0,6,0,0,0,0,0,1,0,0,,0,0,0,99,1,1,2,,0.0,39 57:09.921,,0,75 08:59.708,4,0,0,0,67301,1,0,0,Y,0,0,0,2,67301,1,,1,1,,N,N,,0,,0,0,0,0,0,,9999,1,2,0,0,0,0,0,3,4,0,1,3,,N,,,,,,,,,,,
2006062480,2215.0,1,0,0,0,0,0,0,0,0,8,0,,67,5,2006,5,40.0181,-75.0556,2206.0,6,0,0,0,0,0,0,0,0,,0,0,0,22,3,1,0,,0.0,40 01:05.052,,0,75 03:20.307,3,0,0,0,67301,1,0,0,N,1,0,0,2,67301,0,,6,9,,N,N,,0,,1,0,0,0,0,,2200,1,2,0,0,0,0,1,3,4,0,1,7,,N,,,,,,,,,,,
2006062482,27.0,2,0,0,0,0,0,0,0,0,4,0,,67,5,2006,7,40.0335,-75.0718,22.0,6,0,0,0,0,0,0,1,0,,0,0,0,99,3,2,2,,0.0,40 02:00.000,,0,75 04:18.474,3,0,0,0,67301,0,0,0,N,0,0,0,2,67301,0,,1,1,,N,N,,0,,2,0,0,0,0,,9999,2,2,0,0,2,0,0,3,4,0,2,3,,N,,,,,,,,,,,
2006062486,1057.0,0,0,0,0,0,0,0,0,0,8,0,,67,5,2006,4,,,1055.0,6,0,0,0,0,0,0,0,0,,0,0,0,9,1,1,0,,0.0,,,0,,8,0,0,0,67301,1,0,0,N,1,0,0,2,67301,0,,1,1,,N,N,,0,,0,0,0,0,0,,954,1,2,0,0,0,1,1,3,3,1,1,3,,N,,,,,,,,,,,
2006054943,1816.0,1,0,0,0,0,0,0,0,0,8,0,,67,3,2006,2,39.9974,-75.1024,1814.0,6,0,0,0,0,0,0,0,0,,0,0,0,18,1,1,1,,0.0,39 59:50.000,,1,75 06:08.690,4,0,0,0,67301,1,0,0,N,1,0,0,2,67301,1,,1,1,,N,N,,0,,0,0,0,3,2,,1810,1,2,0,0,0,0,1,3,4,0,1,3,,N,,,,,,,,,,,
2006054997,1146.0,2,0,0,0,0,0,0,0,0,2,0,,67,4,2006,3,39.9859,-75.1533,1144.0,6,0,0,0,0,0,0,0,0,,0,0,0,11,1,1,1,,0.0,39 59:09.340,,0,75 09:11.779,3,0,0,0,67301,0,0,0,,0,0,0,2,67301,0,,1,1,,,,,0,,1,0,0,3,3,,1144,1,2,0,0,0,0,1,3,4,0,2,3,,N,,,,,,,,,,,
2006094064,1401.0,1,0,0,0,0,0,0,0,0,7,0,,67,7,2006,5,40.0976,-74.9844,1358.0,6,0,0,1,0,0,0,0,0,,0,0,0,13,1,1,0,,0.0,40 05:51.202,,0,74 59:03.740,4,0,0,0,67301,0,0,0,N,0,0,0,1,67301,1,,5,1,,N,N,,0,,0,0,0,0,0,,1355,1,1,0,0,1,0,0,3,4,0,1,3,,N,,,,,,,,,,,
2006033327,1042.0,0,0,0,0,0,0,1,0,0,5,1,,67,2,2006,6,,,1040.0,6,0,0,0,0,0,0,0,0,,0,0,0,10,1,1,0,,0.0,,,0,,4,0,0,0,67301,1,0,0,,1,0,0,2,67301,1,,1,1,,N,N,,1,,0,0,0,3,3,,1035,1,3,0,0,0,0,0,3,3,0,2,3,,N,,,,,,,,,,,
2006033332,204.0,1,0,0,0,0,0,0,0,0,8,0,,67,1,2006,3,,,200.0,6,0,0,0,0,0,0,0,0,,0,0,0,1,3,1,2,,0.0,,,0,,8,0,0,0,67301,1,0,0,,1,0,0,2,67301,0,,1,1,,N,N,,0,,0,0,0,3,2,,158,1,2,0,0,0,1,1,3,3,0,1,3,,N,,,,,,,,,,,
2006025169,9999.0,1,0,0,0,0,0,0,0,0,4,1,,67,1,2006,6,40.0213,-75.1396,9999.0,6,0,0,0,0,0,1,0,0,,0,1,0,9,1,2,5,,0.0,40 01:16.000,,0,75 08:23.481,3,0,0,0,67301,0,0,0,N,0,0,0,3,67301,0,,1,1,,N,N,,0,,2,0,0,3,2,,905,2,2,0,0,0,0,0,3,4,0,2,3,,N,,,,,,,,,,,
2006080035,2135.0,1,0,0,0,0,0,0,0,0,7,0,,67,7,2006,2,,,2130.0,6,0,1,0,0,0,0,0,0,,0,0,0,21,3,1,0,,0.0,,,0,,8,0,0,0,67301,0,0,0,N,0,0,0,2,67301,0,,3,1,,N,N,,0,,0,0,0,0,0,,2120,1,1,0,0,0,1,0,3,3,0,1,3,,N,,,,,,,,,,,
2006065421,1920.0,1,0,0,1,0,0,0,0,0,4,0,,67,6,2006,5,,,1919.0,6,0,0,0,0,0,0,0,0,,0,0,0,99,1,1,0,,0.0,,,0,,3,0,0,0,67301,1,0,0,,0,0,0,2,67301,0,,1,1,,N,N,,0,,1,0,0,0,0,,9999,1,2,0,0,0,0,0,3,3,0,1,3,,N,,,,,,,,,,,
2006065423,1340.0,1,0,0,1,0,0,0,0,0,4,0,,67,5,2006,3,40.0579,-75.0541,1340.0,6,0,0,0,0,0,0,0,0,,0,0,0,13,1,1,1,,0.0,40 03:28.400,,0,75 03:14.903,8,0,0,0,67301,1,0,0,,0,0,0,2,67301,0,,1,1,,,,,0,,0,0,0,3,3,,1340,1,2,0,0,0,1,0,3,4,0,1,3,,N,,,,,,,,,,,
2006065524,1600.0,1,0,0,1,0,0,0,0,0,2,0,,67,5,2006,6,39.9666,-75.2209,1557.0,6,0,0,0,0,0,1,0,0,,0,0,0,99,1,1,0,,0.0,39 57:59.796,,0,75 13:15.175,4,0,0,0,67301,1,0,0,N,0,0,0,2,67301,1,,1,1,,N,N,,0,,0,0,0,0,0,,9999,1,2,0,0,0,0,0,3,4,0,1,3,,N,,,,,,,,,,,
2006065539,54.0,1,0,0,0,0,0,0,0,0,8,0,,67,5,2006,7,,,53.0,6,0,0,0,0,1,0,0,0,,0,0,0,0,3,1,0,,0.0,,,0,,3,0,0,0,67301,1,0,0,N,1,0,0,2,67301,0,,1,1,,N,N,,0,,1,0,0,0,0,,53,1,2,0,0,0,0,0,3,3,0,1,3,,N,,,,,,,,,,,
2006055721,1730.0,2,0,0,0,0,0,0,0,0,5,0,,67,3,2006,5,,,1724.0,6,0,0,0,0,0,1,0,0,,0,0,0,17,1,0,0,,0.0,,,0,,0,0,0,0,67301,0,0,0,N,0,0,0,2,67301,0,,1,1,,N,N,,0,,0,0,1,0,0,,1718,0,3,0,0,0,0,0,3,3,0,3,3,,N,,,,,,,,,,,
2006055777,9999.0,1,0,0,0,0,0,0,0,0,7,0,,67,3,2006,7,39.8909,-75.2282,1522.0,6,0,0,0,0,1,0,0,0,,0,0,0,99,1,1,0,,0.0,39 53:28.000,,2,75 13:45.800,8,0,0,0,67301,0,0,0,N,0,0,0,2,67301,0,,2,9,,N,N,,0,,0,0,0,0,0,,9999,1,1,0,0,0,1,0,3,4,0,1,7,,N,,,,,,,,,,,
2006126448,1125.0,1,0,0,1,0,0,0,0,0,4,0,,67,11,2006,3,39.9503,-75.1917,1120.0,6,0,0,0,0,0,0,0,0,,0,0,0,11,1,1,1,,0.0,39 57:01.208,,0,75 11:30.109,4,0,0,0,67301,1,0,0,N,0,0,0,2,67301,1,,1,1,,N,N,,0,,0,0,0,3,2,,1110,1,2,0,0,0,0,0,3,4,0,1,3,,N,,,,,,,,,,,
2006104913,825.0,1,0,0,0,0,0,0,0,0,1,0,,67,8,2006,5,,,821.0,6,0,0,0,0,1,0,0,0,,0,0,0,8,1,4,1,,0.0,,,0,,4,0,0,0,67301,0,0,0,,0,0,0,4,67301,4,,1,1,,,,,0,,0,0,1,3,2,,821,4,2,0,0,0,0,0,3,3,0,2,3,,N,,,,,,,,,,,
2006104928,550.0,1,0,0,0,0,0,0,0,0,7,0,,67,8,2006,1,39.9895,-75.0873,542.0,6,0,0,0,0,0,0,0,0,2.0,0,0,0,5,3,1,0,,1.0,39 59:22.000,1.0,0,75 05:14.121,8,0,0,0,67301,0,0,0,N,0,0,0,1,67301,0,,2,9,,N,N,,0,,0,0,0,0,0,N,541,1,1,0,0,0,1,0,3,4,0,1,7,,N,,,,,,,,,,,
2006102500,1545.0,1,0,0,0,0,0,0,0,0,5,0,,67,8,2006,1,40.0363,-75.0643,1540.0,6,0,0,0,0,0,1,0,0,,0,0,0,15,1,1,1,,0.0,40 02:10.000,,0,75 03:51.302,4,0,0,0,67301,0,0,0,N,0,0,0,3,67301,1,,1,1,,N,N,,0,,0,0,1,3,2,,1520,1,2,0,0,0,0,0,3,4,0,2,3,,N,,,,,,,,,,,
2006124567,1830.0,1,0,0,0,0,0,0,0,0,4,0,,67,11,2006,6,40.0767,-75.1762,1828.0,6,0,0,0,0,0,0,0,0,,0,0,0,18,3,1,1,,0.0,40 04:35.000,,0,75 10:34.528,8,0,0,0,67301,0,0,0,N,0,0,0,3,67301,0,,1,1,,N,N,,0,,0,0,1,3,3,,1820,1,2,0,0,0,1,0,3,4,0,2,3,,N,,,,,,,,,,,
2006102215,1947.0,0,0,0,0,0,0,0,0,0,8,0,,67,9,2006,4,,,1942.0,6,0,0,0,0,0,0,0,0,,0,0,0,19,3,1,1,,0.0,,,0,,3,0,0,0,67301,1,0,0,N,1,0,0,2,67301,0,,1,1,,N,N,,0,,1,0,1,1,3,,1938,1,2,0,0,1,0,0,3,3,0,1,3,,N,,,,,,,,,,,
2006102217,913.0,0,0,0,0,0,0,0,0,0,4,0,,67,9,2006,1,40.0129,-75.0871,913.0,6,0,0,0,0,0,0,0,0,,0,0,0,9,1,1,0,,0.0,40 00:46.000,,0,75 05:13.665,8,0,0,0,67301,0,0,0,,0,0,0,1,67301,0,,1,1,,,,,0,,0,0,1,0,0,,910,1,2,0,0,0,1,0,3,4,1,2,3,,N,,,,,,,,,,,
2006124615,1324.0,1,0,0,1,0,0,0,0,0,5,0,,67,11,2006,5,39.9442,-75.1654,1321.0,6,0,0,0,0,0,1,0,0,,0,0,0,13,1,1,0,,0.0,39 56:39.000,,0,75 09:55.308,4,0,0,0,67301,1,0,0,N,0,0,0,2,67301,1,,1,1,,N,N,,0,,0,0,0,0,0,,1307,1,2,0,0,0,0,0,3,4,0,1,3,,N,,,,,,,,,,,
2006124704,2041.0,0,0,0,0,0,0,0,0,0,7,0,,67,11,2006,4,40.0138,-75.205,2037.0,6,0,0,0,0,0,0,0,0,1.0,0,0,0,20,3,1,0,,2.0,40 00:47.000,1.0,3,75 12:17.756,8,0,0,1,67301,0,0,0,,0,0,0,1,67301,0,,2,1,,N,N,,0,,0,0,0,0,0,Y,2037,1,1,0,0,0,1,0,3,4,0,1,3,,N,,,,,,,,,,,
2006113816,1325.0,1,0,0,0,0,0,0,0,0,8,0,,67,9,2006,7,39.943,-75.1602,1320.0,6,0,0,0,0,0,0,0,0,,0,0,0,13,1,1,1,,0.0,39 56:34.759,,0,75 09:36.778,8,0,0,0,67301,1,0,0,,1,0,0,2,67301,0,,1,9,,,,,0,,0,0,0,9,2,,1315,1,2,0,0,0,1,0,3,4,0,1,7,,N,,,,,,,,,,,
2006062265,1105.0,2,0,0,0,0,0,0,0,0,1,0,,67,5,2006,3,40.0599,-75.1734,1102.0,6,0,0,0,0,0,1,0,0,,0,0,0,10,1,1,1,,0.0,40 03:35.000,,0,75 10:24.329,4,0,0,0,67301,0,0,0,N,0,0,0,3,67301,1,,1,1,,N,N,,0,,0,0,0,3,2,,1050,1,2,0,0,0,0,0,3,4,0,2,3,,N,,,,,,,,,,,
2006054678,1825.0,0,0,0,0,0,0,0,0,0,8,0,,67,4,2006,6,39.9997,-75.1035,1815.0,6,0,0,0,0,0,0,0,0,,0,0,0,17,1,1,0,,0.0,39 59:59.038,,0,75 06:12.506,4,0,0,0,67301,1,0,0,N,1,0,0,2,67301,1,,1,1,,N,N,,1,,0,0,0,0,0,,1730,1,2,0,0,0,0,0,3,4,0,1,3,,N,,,,,,,,,,,
2006054682,1700.0,0,0,0,0,0,0,0,0,0,1,0,,67,4,2006,6,39.9785,-75.1216,1700.0,6,0,0,0,0,0,0,0,0,,0,0,0,16,1,1,1,,0.0,39 58:42.420,,0,75 07:17.759,8,0,0,0,67301,0,0,0,N,0,0,0,4,67301,0,,1,1,,N,N,,0,,0,0,0,3,3,,1650,1,2,0,0,0,1,0,3,4,2,2,3,,N,,,,,,,,,,,
2006062436,1215.0,1,0,0,0,0,0,0,0,0,1,0,,67,5,2006,7,,,1210.0,6,0,0,0,0,0,0,0,0,,0,0,0,11,1,0,0,,0.0,,,0,,0,0,0,0,67301,1,0,0,N,0,0,0,2,67301,0,,1,1,,N,N,,1,,0,0,0,0,0,,1149,0,2,0,0,0,0,0,3,3,0,2,3,,N,,,,,,,,,,,
2006062443,1630.0,2,0,0,0,0,0,0,0,0,5,0,,67,5,2006,7,,,1625.0,6,0,0,0,0,0,0,0,0,,0,0,0,16,1,1,0,,0.0,,,0,,8,0,0,0,67301,0,0,0,,0,0,0,1,67301,0,,1,1,,,,,0,,0,0,0,0,0,,1625,1,3,0,0,1,1,0,3,3,1,3,3,,N,,,,,,,,,,,
2006093887,200.0,2,0,0,0,0,0,0,0,0,6,0,99.0,67,8,2006,6,40.0116,-75.163,200.0,6,0,0,0,0,0,0,0,0,,0,0,0,1,3,1,2,,0.0,40 00:42.000,,0,75 09:47.574,8,0,0,0,67301,0,0,0,N,0,0,0,3,67301,0,,1,1,,N,N,,0,,0,0,0,3,3,,158,1,2,0,0,0,1,1,3,4,0,2,3,,Y,8.0,8.0,U,,,U,,,,,
2006093924,1944.0,2,0,0,0,0,0,0,0,0,1,0,,67,8,2006,3,40.0316,-75.0532,1944.0,6,0,0,0,1,0,1,0,0,,0,0,0,17,1,1,5,,0.0,40 01:53.000,,0,75 03:11.436,4,0,0,0,67301,0,0,0,N,0,0,0,2,67301,1,,1,1,,N,N,,0,,0,0,0,3,2,,1715,1,2,0,0,0,0,0,3,4,0,2,3,,N,,,,,,,,,,,
2006094142,227.0,2,0,0,0,0,0,0,0,0,1,0,,67,7,2006,7,39.9471,-75.1416,225.0,6,0,0,0,1,0,0,0,0,,0,0,0,2,3,0,1,,0.0,39 56:39.000,,0,75 08:32.084,0,0,0,0,67301,0,0,0,N,0,0,0,5,67301,0,,1,1,,N,N,,0,,0,0,0,3,2,,220,0,2,0,0,0,0,0,3,4,0,2,3,,N,,,,,,,,,,,
2006055173,134.0,1,0,0,0,0,0,0,0,0,8,0,,67,3,2006,1,,,125.0,6,0,0,0,0,0,0,0,0,,0,0,0,1,6,1,1,,0.0,,,0,,4,0,0,0,67301,1,0,0,N,1,0,0,2,67301,1,,1,1,,N,N,,0,,0,0,0,3,2,,125,1,2,0,0,0,0,1,3,3,0,1,99,,N,,,,,,,,,,,