CRN,ARRIVAL_TM,AUTOMOBILE_COUNT,BELTED_DEATH_COUNT,BELTED_SUSP_SERIOUS_INJ_COUNT,BICYCLE_COUNT,BICYCLE_DEATH_COUNT,BICYCLE_SUSP_SERIOUS_INJ_COUNT,BUS_COUNT,CHLDPAS_DEATH_COUNT,CHLDPAS_SUSP_SERIOUS_INJ_COUNT,COLLISION_TYPE,COMM_VEH_COUNT,CONS_ZONE_SPD_LIM,COUNTY,CRASH_MONTH,CRASH_YEAR,DAY_OF_WEEK,DEC_LAT,DEC_LONG,DISPATCH_TM,DISTRICT,DRIVER_COUNT_16YR,DRIVER_COUNT_17YR,DRIVER_COUNT_18YR,DRIVER_COUNT_19YR,DRIVER_COUNT_20YR,DRIVER_COUNT_50_64YR,DRIVER_COUNT_65_74YR,DRIVER_COUNT_75PLUS,EST_HRS_CLOSED,FATAL_COUNT,HEAVY_TRUCK_COUNT,HORSE_BUGGY_COUNT,HOUR_OF_DAY,ILLUMINATION,INJURY_COUNT,INTERSECT_TYPE,INTERSECTION_RELATED,LANE_CLOSED,LATITUDE,LN_CLOSE_DIR,LOCATION_TYPE,LONGITUDE,MAX_SEVERITY_LEVEL,MCYCLE_DEATH_COUNT,MCYCLE_SUSP_SERIOUS_INJ_COUNT,MOTORCYCLE_COUNT,MUNICIPALITY,NONMOTR_COUNT,NONMOTR_DEATH_COUNT,NONMOTR_SUSP_SERIOUS_INJ_COUNT,NTFY_HIWY_MAINT,PED_COUNT,PED_DEATH_COUNT,PED_SUSP_SERIOUS_INJ_COUNT,PERSON_COUNT,POLICE_AGCY,POSSIBLE_INJ_COUNT,RDWY_SURF_TYPE_CD,RELATION_TO_ROAD,ROAD_CONDITION,ROADWAY_CLEARED,SCH_BUS_IND,SCH_ZONE_IND,SECONDARY_CRASH,SMALL_TRUCK_COUNT,SPEC_JURIS_CD,SUSP_MINOR_INJ_COUNT,SUSP_SERIOUS_INJ_COUNT,SUV_COUNT,TCD_FUNC_CD,TCD_TYPE,TFC_DETOUR_IND,TIME_OF_DAY,TOT_INJ_COUNT,TOTAL_UNITS,UNB_DEATH_COUNT,UNB_SUSP_SERIOUS_INJ_COUNT,UNBELTED_OCC_COUNT,UNK_INJ_DEG_COUNT,UNK_INJ_PER_COUNT,URBAN_AREA,URBAN_RURAL,VAN_COUNT,VEHICLE_COUNT,WEATHER1,WEATHER2,WORK_ZONE_IND,WORK_ZONE_LOC,WORK_ZONE_TYPE,WORKERS_PRES,WZ_CLOSE_DETOUR,WZ_FLAGGER,WZ_LAW_OFFCR_IND,WZ_LN_CLOSURE,WZ_MOVING,WZ_OTHER,WZ_SHLDER_MDN,WZ_WORKERS_INJ_KILLED
2006055303,2340.0,1,0,0,0,0,0,0,0,0,7,0,,67,3,2006,5,39.9642,-75.1801,2332.0,6,0,0,0,0,0,1,0,0,,0,0,0,23,3,0,10,,0.0,39 57:51.000,,0,75 10:47.415,0,0,0,0,67301,0,0,0,N,0,0,0,1,67301,0,,5,2,,N,N,,0,,0,0,0,0,0,,2325,0,1,0,0,0,0,0,3,4,0,1,98,,N,,,,,,,,,,,
2006055249,1633.0,2,0,0,0,0,0,0,0,0,4,0,,67,3,2006,3,,,1628.0,6,0,0,0,0,0,2,0,0,1.0,0,0,0,16,1,1,1,,1.0,,5.0,0,,4,0,0,0,67301,0,0,0,,0,0,0,4,67301,1,,1,1,,,,,0,,0,0,0,9,2,Y,1620,1,2,0,0,0,0,1,3,3,0,2,3,,N,,,,,,,,,,,
2006055272,347.0,2,0,0,0,0,0,0,0,0,1,0,,67,3,2006,1,40.0137,-75.1502,347.0,6,0,0,0,0,0,1,0,0,,0,0,0,99,3,1,1,,0.0,40 00:49.000,,0,75 09:01.110,8,0,0,0,67301,0,0,0,N,0,0,0,3,67301,0,,9,1,,N,N,,0,,0,0,0,2,3,,9999,1,2,0,0,3,1,0,3,4,0,2,3,,N,,,,,,,,,,,
2006094239,1730.0,1,0,0,0,0,0,0,0,0,4,0,,67,7,2006,4,40.0808,-75.0284,1717.0,6,0,0,0,0,0,0,0,0,,0,0,0,17,1,6,1,,0.0,40 04:51.000,,0,75 01:44.143,4,0,0,0,67301,0,0,0,N,0,0,0,7,67301,5,,1,1,,N,N,,0,,0,0,1,3,2,,1715,6,2,0,0,0,1,0,3,4,0,2,3,,N,,,,,,,,,,,
2006081693,2243.0,2,0,0,0,0,0,0,0,0,1,0,,67,7,2006,7,40.0077,-75.1028,2243.0,6,0,0,0,0,0,0,0,0,1.0,0,0,0,22,3,1,1,,1.0,40 00:27.734,4.0,0,75 06:10.133,8,0,0,0,67301,0,0,0,N,0,0,0,2,67301,0,,1,1,,N,N,,0,,0,0,0,3,2,N,2235,1,2,0,0,0,1,1,3,4,0,2,3,,N,,,,,,,,,,,
2006056437,2025.0,2,0,0,0,0,0,0,0,0,5,0,,67,4,2006,2,40.0204,-75.1544,2018.0,6,0,0,0,0,0,0,0,0,2.0,0,0,0,20,3,1,7,,1.0,40 01:13.000,1.0,2,75 09:16.022,3,0,0,0,67301,0,0,0,,0,0,0,2,67301,0,,1,1,,N,N,,0,,1,0,0,0,0,N,2018,1,2,0,0,1,0,0,3,4,0,2,3,,N,,,,,,,,,,,
2006054024,1547.0,1,0,0,0,0,0,0,0,0,5,0,,67,3,2006,7,40.0234,-75.1242,1545.0,6,0,0,0,0,0,0,0,0,,0,0,0,15,1,1,0,,0.0,40 01:24.289,,0,75 07:27.186,4,0,0,0,67301,0,0,0,N,0,0,0,3,67301,1,,1,1,,N,N,,1,,0,0,0,0,0,,1529,1,2,0,0,0,0,0,3,4,0,2,3,,N,,,,,,,,,,,
2006033811,2237.0,2,0,0,0,0,0,0,0,0,4,0,,67,2,2006,6,40.0226,-75.0937,2235.0,6,0,1,0,0,0,0,0,0,,0,0,0,22,3,0,1,,0.0,40 01:21.000,,0,75 05:37.010,0,0,0,0,67301,0,0,0,N,0,0,0,2,67301,0,,1,1,,N,N,,0,,0,0,0,3,2,,2233,0,2,0,0,0,0,0,3,4,0,2,3,,N,,,,,,,,,,,
2006033812,1501.0,2,0,0,0,0,0,0,0,0,4,0,,67,2,2006,7,,,1500.0,6,0,1,0,0,0,0,0,0,2.0,0,0,0,15,1,2,2,,1.0,,2.0,0,,8,0,0,0,67301,0,0,0,N,0,0,0,4,67301,0,,1,9,,N,N,,0,,0,0,0,9,3,Y,1500,2,2,0,0,0,2,0,3,3,0,2,10,,N,,,,,,,,,,,
2006036490,2343.0,2,0,0,0,0,0,0,0,0,4,0,,67,2,2006,3,39.9233,-75.1612,2335.0,6,0,0,0,0,1,0,0,0,,0,0,0,99,3,1,2,,0.0,39 55:23.000,,0,75 09:40.597,4,0,0,0,67301,0,0,0,N,0,0,0,3,67301,1,,1,9,,N,N,,0,,0,0,0,3,2,,9999,1,2,0,0,0,0,0,3,4,0,2,3,,N,,,,,,,,,,,
2006036491,9999.0,2,0,0,0,0,0,0,0,0,4,0,,67,2,2006,7,,,855.0,6,0,0,0,0,1,0,0,0,,0,0,0,8,1,1,1,,0.0,,,0,,8,0,0,0,67301,0,0,0,,0,0,0,2,67301,0,,1,1,,N,N,,0,,0,0,0,3,2,,855,1,2,0,0,1,1,0,3,3,0,2,3,,N,,,,,,,,,,,
2006036496,9999.0,1,0,0,0,0,0,0,0,0,8,0,,67,2,2006,5,39.9746,-75.1835,9999.0,6,0,0,0,0,0,0,0,0,,0,0,0,99,1,1,1,,0.0,39 58:28.000,,0,75 11:00.515,3,0,0,0,67301,1,0,0,,1,0,0,2,67301,0,,1,1,,N,N,,0,,1,0,0,9,2,,9999,1,2,0,0,0,0,1,3,4,0,1,3,,N,,,,,,,,,,,
2006036571,1025.0,1,0,0,0,0,0,0,0,0,8,0,,67,2,2006,1,39.9972,-75.1193,0.0,6,0,0,0,0,0,0,0,0,,0,0,0,19,6,1,0,,0.0,39 59:50.000,,0,75 07:09.313,4,0,0,0,67301,1,0,0,,1,0,0,2,67301,1,,1,1,,N,N,,0,,0,0,0,0,0,,1900,1,2,0,0,0,0,1,3,4,0,1,3,,N,,,,,,,,,,,
2006036671,1615.0,2,0,0,0,0,0,0,0,0,4,0,,67,3,2006,3,39.957,-75.2133,1626.0,6,0,0,0,0,0,0,0,1,,0,0,0,16,1,1,1,,0.0,39 57:25.000,,0,75 12:48.091,8,0,0,0,67301,0,0,0,N,0,0,0,2,67301,0,,1,1,,N,N,,0,,0,0,0,3,2,,1600,1,2,0,0,0,1,0,3,4,0,2,3,,N,,,,,,,,,,,
2006032976,820.0,1,0,0,0,0,0,0,0,0,8,0,,67,2,2006,6,40.039,-75.1445,817.0,6,0,0,0,0,0,0,0,0,,0,0,0,8,1,1,0,,0.0,40 02:20.000,,0,75 08:40.181,4,0,0,0,67301,1,0,0,N,1,0,0,3,67301,1,,1,1,,N,N,,0,,0,0,0,0,0,,815,1,2,0,0,0,0,2,3,4,0,1,3,,N,,,,,,,,,,,
2006032803,1415.0,1,0,0,0,0,0,0,0,0,1,0,,67,2,2006,4,39.9871,-75.1223,1410.0,6,0,0,0,0,0,0,0,0,,0,0,0,13,1,2,1,,0.0,39 59:13.000,,0,75 07:21.188,4,0,0,0,67301,0,0,0,,0,0,0,5,67301,2,,1,1,,N,N,,1,,0,0,0,0,0,,1330,2,3,0,0,0,0,0,3,4,1,3,3,,N,,,,,,,,,,,
2006032960,40.0,3,0,0,0,0,0,0,0,0,1,0,,67,2,2006,7,40.0198,-75.2139,38.0,6,0,0,0,0,0,0,0,0,,0,0,0,0,3,0,0,,0.0,40 01:11.280,,0,75 12:49.932,0,0,0,0,67301,0,0,0,N,0,0,0,1,67301,0,,6,1,,N,N,,0,,0,0,0,3,3,,38,0,3,0,0,0,0,0,3,4,0,3,3,,N,,,,,,,,,,,
2006032966,1630.0,0,0,0,0,0,0,0,0,0,6,0,,67,1,2006,7,39.9903,-75.0907,1618.0,6,0,0,0,0,0,0,0,0,,0,0,0,16,1,1,2,,0.0,39 59:25.000,,0,75 05:26.846,4,0,0,1,67301,0,0,0,N,0,0,0,2,67301,1,,1,1,,N,N,,0,,0,0,0,0,0,,1600,1,2,0,0,0,0,1,3,4,1,2,3,,N,,,,,,,,,,,
2006053520,1906.0,1,0,0,0,0,0,0,0,0,7,0,,67,3,2006,4,39.8838,-75.2443,1904.0,6,0,1,0,0,0,0,0,0,1.0,0,0,0,19,3,1,6,,1.0,39 53:02.400,1.0,8,75 14:39.840,4,0,0,0,67301,0,0,0,N,0,0,0,1,67301,1,,2,1,,N,N,,0,,0,0,0,0,0,N,1900,1,1,0,0,0,0,0,3,4,0,1,98,,N,,,,,,,,,,,
2006080052,2045.0,1,0,0,0,0,0,0,0,0,7,0,,67,6,2006,1,39.9563,-75.1407,2037.0,6,0,0,0,0,0,0,0,0,1.0,0,0,0,99,1,1,0,,1.0,39 57:23.760,1.0,0,75 08:26.520,8,0,0,0,67301,0,0,0,N,0,0,0,1,67301,0,,2,1,,N,N,,0,,0,0,0,0,0,N,9999,1,1,0,0,0,1,0,3,4,0,1,3,,N,,,,,,,,,,,
2006080063,940.0,1,0,0,0,0,0,0,0,0,4,1,,67,6,2006,4,,,934.0,6,0,0,0,0,0,0,0,1,3.0,0,0,0,99,1,2,1,,1.0,,3.0,0,,4,0,0,0,67301,0,0,0,N,0,0,0,2,67301,2,,1,1,,N,N,,1,,0,0,0,3,2,Y,9999,2,2,0,0,0,0,0,3,3,0,2,3,,N,,,,,,,,,,,
2006062715,1040.0,2,0,0,0,0,0,0,0,0,1,0,,67,5,2006,5,39.9858,-75.2157,1026.0,6,0,0,0,0,0,1,0,0,,0,0,0,10,1,2,1,,0.0,39 59:08.000,,0,75 12:56.714,8,0,0,0,67301,0,0,0,N,0,0,0,3,67301,0,,1,1,,N,N,,0,,0,0,0,3,2,,1020,2,2,0,0,0,2,0,3,4,0,2,3,,N,,,,,,,,,,,
2006065409,1240.0,1,0,0,0,0,0,0,0,0,6,0,,67,5,2006,4,39.9705,-75.2143,1224.0,6,0,0,0,0,0,1,0,0,,0,0,0,12,1,1,2,,0.0,39 58:13.800,,0,75 12:51.840,4,0,0,0,67301,0,0,0,N,0,0,0,3,67301,1,,1,1,,N,N,,0,,0,0,0,0,0,,1224,1,3,0,0,0,0,2,3,4,1,3,3,,N,,,,,,,,,,,
2006065372,915.0,1,0,0,0,0,0,0,0,0,4,0,,67,5,2006,4,40.0076,-75.1274,915.0,6,0,0,0,0,0,0,0,0,,0,0,0,9,1,1,0,,0.0,40 00:27.000,,0,75 07:38.798,4,0,0,0,67301,0,0,0,N,0,0,0,3,67301,1,,1,1,,N,N,,1,,0,0,0,0,0,,915,1,2,0,0,0,0,2,3,4,0,2,3,,N,,,,,,,,,,,
2006065534,955.0,1,0,0,0,0,0,1,0,0,4,0,,67,5,2006,6,,,950.0,6,0,0,0,0,0,0,0,1,,0,0,0,9,1,1,1,,0.0,,,0,,4,0,0,0,67301,0,0,0,N,0,0,0,2,67301,1,,1,1,,N,N,,0,,0,0,0,9,2,,950,1,2,0,0,0,0,0,3,3,0,2,3,,N,,,,,,,,,,,
2006065564,1335.0,1,0,0,0,0,0,1,0,0,5,1,,67,5,2006,2,,,1330.0,6,0,0,0,0,0,1,0,0,,0,0,0,13,1,1,0,,0.0,,,0,,4,0,0,0,67301,1,0,0,N,0,0,0,2,67301,1,,1,1,,N,N,,0,,0,0,0,0,0,,1330,1,2,0,0,0,0,0,3,3,0,2,3,,N,,,,,,,,,,,
2006055336,1450.0,3,0,0,0,0,0,0,0,0,4,0,,67,4,2006,1,,,1445.0,6,0,0,0,0,1,0,0,0,,0,0,0,14,1,0,1,,0.0,,,0,,0,0,0,0,67301,0,0,0,N,0,0,0,2,67301,0,,1,1,,N,N,,0,,0,0,0,0,0,,1440,0,3,0,0,0,0,0,3,3,0,3,3,,N,,,,,,,,,,,
2006055363,10.0,1,0,0,0,0,0,0,0,0,7,0,,67,2,2006,2,,,2.0,6,0,0,0,0,0,0,0,0,1.0,0,0,0,0,3,1,0,,2.0,,1.0,0,,4,0,0,0,67301,0,0,0,N,0,0,0,1,67301,1,,5,1,,N,N,,0,,0,0,0,0,0,Y,2,1,1,0,0,0,0,0,3,3,0,1,3,,N,,,,,,,,,,,
2006055373,314.0,1,0,0,0,0,0,0,0,0,7,0,,67,3,2006,1,40.0698,-75.1855,312.0,6,0,0,0,1,0,0,0,0,,0,0,0,3,3,0,0,,0.0,40 04:11.215,,0,75 11:07.677,0,0,0,0,67301,0,0,0,N,0,0,0,1,67301,0,,4,1,,N,N,,0,,0,0,0,0,0,,305,0,1,0,0,0,0,0,3,4,0,1,3,,N,,,,,,,,,,,
2006055377,1045.0,1,0,0,0,0,0,0,0,0,8,0,,67,3,2006,6,40.0317,-75.1789,1045.0,6,0,0,0,0,0,0,0,0,,0,0,0,10,1,1,1,,0.0,40 01:54.000,,0,75 10:44.130,4,0,0,0,67301,1,0,0,N,1,0,0,2,67301,1,,1,1,,N,N,,0,,0,0,0,0,0,,1045,1,2,0,0,0,0,0,3,4,0,1,3,,N,,,,,,,,,,,
2006055426,1604.0,0,0,0,0,0,0,0,0,0,8,0,,67,3,2006,3,,,1600.0,6,0,0,0,0,0,0,0,0,,0,0,0,16,1,1,1,,0.0,,,0,,3,0,0,0,67301,1,0,0,N,1,0,0,2,67301,0,,1,1,,N,N,,1,,1,0,0,3,2,,1600,1,2,0,0,0,0,0,3,3,0,1,3,,N,,,,,,,,,,,
2006055435,1226.0,2,0,0,0,0,0,0,0,0,4,0,,67,3,2006,7,40.0849,-75.0252,1226.0,6,0,0,0,0,0,0,0,0,1.0,0,0,0,12,1,1,2,,1.0,40 05:05.000,2.0,0,75 01:30.412,4,0,0,0,67301,0,0,0,N,0,0,0,2,67301,1,,1,1,,N,N,,0,,0,0,0,3,2,N,1225,1,2,0,0,0,0,0,3,4,0,2,3,,N,,,,,,,,,,,
2006055564,2233.0,1,0,0,0,0,0,0,0,0,7,0,,67,3,2006,6,,,2227.0,6,0,0,0,0,0,0,0,0,,0,0,0,22,3,0,10,,0.0,,,0,,0,0,0,0,67301,0,0,0,N,0,0,0,5,67301,0,,3,1,,N,N,,0,,0,0,0,0,0,,2227,0,1,0,0,4,0,0,3,3,0,1,3,,N,,,,,,,,,,,
2006055599,1323.0,1,0,0,0,0,0,0,0,0,7,0,,67,4,2006,4,40.0138,-75.056,1321.0,6,0,0,0,0,0,1,0,0,,0,0,0,13,1,1,1,,0.0,40 00:49.000,,0,75 03:21.958,8,0,0,0,67301,0,0,0,N,0,0,0,1,67301,0,,4,1,,N,N,,0,,0,0,0,3,2,,1315,1,2,0,0,0,1,0,3,4,0,1,3,,N,,,,,,,,,,,
2006055624,1648.0,1,0,0,0,0,0,0,0,0,8,0,,67,3,2006,4,40.0289,-75.0342,1643.0,6,0,0,0,0,0,0,0,0,1.0,0,0,0,99,1,1,1,,1.0,40 01:45.000,4.0,0,75 02:12.364,8,0,0,0,67301,1,0,0,,1,0,0,2,67301,0,,1,1,,,,,0,,0,0,0,3,2,N,9999,1,2,0,0,0,1,0,3,4,0,1,3,,N,,,,,,,,,,,
2006055809,312.0,1,0,0,0,0,0,0,0,0,8,0,,67,4,2006,1,39.9953,-75.1157,307.0,6,0,0,0,0,0,1,0,0,,0,0,0,3,3,1,0,,0.0,39 59:42.921,,0,75 06:56.548,3,0,0,0,67301,1,0,0,N,1,0,0,2,67301,0,,1,1,,N,N,,0,,1,0,0,0,0,,305,1,2,0,0,0,0,0,3,4,0,1,3,,N,,,,,,,,,,,
2006104816,1615.0,1,0,0,1,0,0,0,0,0,4,0,,67,8,2006,4,40.0263,-75.0943,1610.0,6,0,0,0,0,0,0,0,0,,0,0,0,15,1,1,2,,0.0,40 01:34.000,,0,75 05:40.308,8,0,0,0,67301,1,0,0,N,0,0,0,2,67301,0,,1,1,,N,N,,0,,0,0,0,0,0,,1545,1,2,0,0,0,1,0,3,4,0,1,3,,N,,,,,,,,,,,
2006104834,1646.0,0,0,0,0,0,0,0,0,0,4,0,,67,9,2006,6,39.9368,-75.1671,1641.0,6,0,0,0,0,0,0,1,0,,0,0,0,16,1,2,1,,0.0,39 56:12.000,,0,75 10:01.209,8,0,0,0,67301,0,0,0,N,0,0,0,4,67301,0,,1,9,,N,N,,0,,0,0,1,9,2,,1630,2,2,0,0,4,2,0,3,4,1,2,7,,N,,,,,,,,,,,
2006104904,9999.0,1,0,0,0,0,0,0,0,0,1,0,,67,9,2006,2,39.9152,-75.2447,9999.0,6,0,0,0,0,1,0,0,0,,0,0,0,15,1,1,0,,0.0,39 54:54.000,,0,75 14:41.121,4,0,0,0,67301,0,0,0,N,0,0,0,10,67301,1,,1,1,,N,N,,0,,0,0,1,0,0,,1512,1,3,0,0,0,0,0,3,4,1,3,3,,N,,,,,,,,,,,
2006126870,1820.0,1,0,0,0,0,0,0,0,0,6,0,,67,10,2006,6,40.015,-75.0935,1813.0,6,0,0,0,0,0,1,0,0,,0,0,0,17,4,1,1,,0.0,40 00:54.118,,0,75 05:36.430,4,0,0,0,67301,0,0,0,,0,0,0,3,67301,1,,1,1,,,,,0,,0,0,2,9,3,,1733,1,3,0,0,0,0,0,3,4,0,3,3,,N,,,,,,,,,,,
2006102413,1234.0,1,0,0,0,0,0,0,0,0,4,0,,67,8,2006,1,39.9542,-75.1395,1231.0,6,0,0,0,0,0,1,0,0,1.0,0,0,0,12,1,6,2,,2.0,39 57:15.088,2.0,0,75 08:22.251,3,0,0,0,67301,0,0,0,N,0,0,0,9,67301,3,,1,1,,N,N,,0,,2,0,1,0,0,Y,1226,6,2,0,0,4,1,0,3,4,0,2,3,,N,,,,,,,,,,,
2006102418,300.0,0,0,0,0,0,0,0,0,0,7,0,,67,9,2006,7,,,256.0,6,0,1,0,0,0,0,0,0,,0,0,0,2,3,1,0,,0.0,,,0,,4,0,0,0,67301,0,0,0,N,0,0,0,1,67301,1,,5,9,,N,N,,0,,0,0,1,0,0,,244,1,1,0,0,0,0,0,3,3,0,1,3,,N,,,,,,,,,,,
2006124617,1739.0,0,0,0,0,0,0,0,0,0,8,0,,67,11,2006,5,39.9453,-75.2418,1726.0,6,0,0,0,0,0,0,0,0,,0,0,0,17,6,1,0,,0.0,39 56:43.000,,0,75 14:30.052,4,0,0,0,67301,1,0,0,N,1,0,0,2,67301,1,,1,1,,N,N,,0,,0,0,0,0,0,,1700,1,2,0,0,0,0,0,3,4,1,1,99,,N,,,,,,,,,,,
2006127086,2004.0,1,0,0,0,0,0,0,0,0,4,0,,67,10,2006,3,39.9959,-75.1788,2001.0,6,0,0,0,1,0,0,0,0,3.0,1,0,0,19,3,0,2,,2.0,39 59:45.000,5.0,0,75 10:43.792,1,1,0,1,67301,0,0,0,N,0,0,0,2,67301,0,2.0,1,1,,N,N,,0,0.0,0,0,0,0,0,Y,1955,0,2,0,0,0,0,0,3,4,0,2,3,,N,,,,,,,,,,,
2006124850,925.0,0,0,0,0,0,0,0,0,0,8,0,,67,11,2006,4,39.953,-75.1988,918.0,6,0,0,0,0,0,0,0,0,,0,0,0,6,6,1,1,,0.0,39 57:13.000,,0,75 11:55.553,4,0,0,0,67301,1,0,0,N,1,0,0,2,67301,1,,1,9,,N,N,,0,,0,0,0,3,2,,620,1,2,0,0,0,0,1,3,4,0,1,7,,N,,,,,,,,,,,
2006062112,1740.0,0,0,0,0,0,0,0,0,0,8,0,,67,2,2006,1,,,1738.0,6,0,0,0,0,0,0,0,0,,0,0,0,17,3,1,0,,0.0,,,0,,8,0,0,0,67301,1,0,0,N,1,0,0,3,67301,0,,1,7,,N,N,,0,,0,0,1,0,0,,1718,1,2,0,0,2,1,0,3,3,0,1,10,,N,,,,,,,,,,,
2006062232,848.0,1,0,0,0,0,0,1,0,0,5,1,,67,5,2006,2,39.9778,-75.2134,845.0,6,0,0,0,0,0,0,0,0,,0,0,0,8,1,11,5,,0.0,39 58:39.000,,0,75 12:47.892,8,0,0,0,67301,0,0,0,N,0,0,0,21,67301,0,,1,1,,Y,N,,0,,0,0,0,3,2,,842,11,2,0,0,0,11,7,3,4,0,2,3,,N,,,,,,,,,,,
2006062267,1524.0,1,0,0,0,0,0,0,0,0,8,0,,67,5,2006,6,40.0516,-75.1747,1519.0,6,0,0,0,0,0,0,0,0,,0,0,0,99,1,1,2,,0.0,40 03:05.000,,7,75 10:29.047,4,0,0,0,67301,1,0,0,,1,0,0,2,67301,1,,1,1,,N,N,,0,,0,0,0,3,2,,9999,1,2,0,0,0,0,0,3,4,0,1,3,,N,,,,,,,,,,,
2006054659,250.0,2,0,0,0,0,0,0,0,0,5,0,,67,4,2006,5,40.0713,-75.0363,247.0,6,0,0,0,0,0,0,0,0,,0,0,0,2,3,0,0,,0.0,40 04:16.723,,0,75 02:10.597,9,0,0,0,67301,0,0,0,N,0,0,0,1,67301,0,,6,1,,N,N,,0,,0,0,0,0,0,,239,0,3,0,0,1,0,1,3,4,1,3,3,,N,,,,,,,,,,,
2006062190,1201.0,0,0,0,0,0,0,0,0,0,8,0,,67,4,2006,6,,,1155.0,6,0,0,0,0,0,1,0,0,,0,0,0,11,1,1,1,,0.0,,,0,,8,0,0,0,67301,1,0,0,N,1,0,0,2,67301,0,,1,9,,N,Y,,1,,0,0,0,3,2,,1150,1,2,0,0,0,1,0,3,3,0,1,7,,N,,,,,,,,,,,
2006062404,740.0,1,0,0,0,0,0,0,0,0,8,0,,67,5,2006,4,39.9515,-75.1567,736.0,6,0,0,0,0,0,0,0,0,1.0,0,0,0,7,1,1,1,,2.0,39 57:05.000,2.0,0,75 09:23.834,4,0,0,0,67301,1,0,0,,1,0,0,2,67301,1,,1,1,,,,,0,,0,0,0,3,2,Y,736,1,2,0,0,0,0,0,3,4,0,1,3,,N,,,,,,,,,,,
2006062427,1704.0,1,0,0,0,0,0,0,0,0,8,0,,67,5,2006,5,39.9978,-75.1027,1703.0,6,0,0,0,0,0,0,0,0,,0,0,0,16,1,1,1,,0.0,39 59:52.011,,0,75 06:09.860,4,0,0,0,67301,1,0,0,N,1,0,0,2,67301,1,,1,1,,N,Y,,0,,0,0,0,2,3,,1650,1,2,0,0,0,0,0,3,4,0,1,3,,N,,,,,,,,,,,
2006055108,2145.0,2,0,0,0,0,0,0,0,0,1,0,,67,3,2006,2,40.0252,-75.1135,2144.0,6,0,0,0,0,0,0,0,0,,0,0,0,21,3,0,0,,0.0,40 01:30.716,,0,75 06:48.564,9,0,0,0,67301,0,0,0,N,0,0,0,1,67301,0,,6,1,,N,N,,0,,0,0,0,0,0,,2143,0,2,0,0,0,0,1,3,4,0,2,3,,N,,,,,,,,,,,
2006055119,230.0,2,0,0,0,0,0,0,0,0,2,0,,67,2,2006,1,40.0351,-75.0695,223.0,6,0,0,0,0,0,0,0,0,,0,0,0,99,6,2,1,,0.0,40 02:06.000,,0,75 04:10.269,4,0,0,0,67301,0,0,0,N,0,0,0,2,67301,2,,1,1,,N,N,,0,,0,0,0,3,2,,9999,2,2,0,0,0,0,0,3,4,0,2,3,,N,,,,,,,,,,,
2006094062,2245.0,2,0,0,0,0,0,0,0,0,4,0,,67,7,2006,3,40.0533,-75.0698,2240.0,6,0,0,1,0,0,0,0,0,,0,0,0,22,3,2,1,,0.0,40 03:12.000,,0,75 04:11.306,3,0,0,0,67301,0,0,0,N,0,0,0,3,67301,0,,1,1,,N,N,,0,,2,0,0,3,2,,2245,2,2,0,0,0,0,0,3,4,0,2,3,,N,,,,,,,,,,,
2006094092,1642.0,2,0,0,0,0,0,0,0,0,2,0,,67,7,2006,1,39.9972,-75.1802,1641.0,6,0,0,0,0,0,0,0,0,,0,0,0,16,1,2,1,,0.0,39 59:50.000,,0,75 10:48.793,8,0,0,0,67301,0,0,0,N,0,0,0,4,67301,0,,1,1,,N,N,,0,,0,0,0,3,2,,1641,2,2,0,0,1,2,0,3,4,0,2,3,,N,,,,,,,,,,,
2006055176,725.0,2,0,0,0,0,0,0,0,0,4,0,,67,4,2006,2,40.1215,-75.0285,720.0,6,0,0,0,0,0,0,0,0,1.0,0,0,0,7,1,1,2,,1.0,40 07:17.256,3.0,0,75 01:42.524,4,0,0,0,67301,0,0,0,N,0,0,0,3,67301,1,,1,1,,N,N,,0,,0,0,0,0,0,N,720,1,2,0,0,0,0,0,3,4,0,2,3,,N,,,,,,,,,,,
2006094471,1635.0,1,0,0,1,0,0,0,0,0,4,0,,67,8,2006,5,39.9491,-75.213,1625.0,6,0,0,1,0,0,0,0,0,,0,0,0,15,1,1,1,,0.0,39 56:56.000,,0,75 12:46.737,4,0,0,0,67301,1,0,0,N,0,0,0,2,67301,1,,1,1,,N,N,,0,,0,0,0,3,2,,1530,1,2,0,0,0,0,0,3,4,0,1,3,,N,,,,,,,,,,,
2006018434,1900.0,2,0,0,0,0,0,0,0,0,2,0,,67,1,2006,4,39.9939,-75.0802,1853.0,6,0,0,0,1,0,0,0,0,,0,0,0,18,3,1,2,,0.0,39 59:45.000,,0,75 04:35.059,8,0,0,0,67301,0,0,0,,0,0,0,4,67301,0,,1,1,,N,N,,0,,0,0,0,9,3,,1845,1,2,0,0,0,1,0,3,4,0,2,3,,N,,,,,,,,,,,
2006035888,230.0,3,0,0,0,0,0,0,0,0,5,0,,67,2,2006,1,39.9855,-75.1015,224.0,6,0,0,0,0,0,0,0,0,,0,0,0,2,6,0,0,,0.0,39 59:07.828,,0,75 06:05.320,0,0,0,0,67301,0,0,0,N,0,0,0,1,67301,0,,1,1,,N,N,,0,,0,0,1,0,0,,224,0,4,0,0,0,0,0,3,4,0,4,3,,N,,,,,,,,,,,