CRN,ARRIVAL_TM,AUTOMOBILE_COUNT,BELTED_DEATH_COUNT,BELTED_SUSP_SERIOUS_INJ_COUNT,BICYCLE_COUNT,BICYCLE_DEATH_COUNT,BICYCLE_SUSP_SERIOUS_INJ_COUNT,BUS_COUNT,CHLDPAS_DEATH_COUNT,CHLDPAS_SUSP_SERIOUS_INJ_COUNT,COLLISION_TYPE,COMM_VEH_COUNT,CONS_ZONE_SPD_LIM,COUNTY,CRASH_MONTH,CRASH_YEAR,DAY_OF_WEEK,DEC_LAT,DEC_LONG,DISPATCH_TM,DISTRICT,DRIVER_COUNT_16YR,DRIVER_COUNT_17YR,DRIVER_COUNT_18YR,DRIVER_COUNT_19YR,DRIVER_COUNT_20YR,DRIVER_COUNT_50_64YR,DRIVER_COUNT_65_74YR,DRIVER_COUNT_75PLUS,EST_HRS_CLOSED,FATAL_COUNT,HEAVY_TRUCK_COUNT,HORSE_BUGGY_COUNT,HOUR_OF_DAY,ILLUMINATION,INJURY_COUNT,INTERSECT_TYPE,INTERSECTION_RELATED,LANE_CLOSED,LATITUDE,LN_CLOSE_DIR,LOCATION_TYPE,LONGITUDE,MAX_SEVERITY_LEVEL,MCYCLE_DEATH_COUNT,MCYCLE_SUSP_SERIOUS_INJ_COUNT,MOTORCYCLE_COUNT,MUNICIPALITY,NONMOTR_COUNT,NONMOTR_DEATH_COUNT,NONMOTR_SUSP_SERIOUS_INJ_COUNT,NTFY_HIWY_MAINT,PED_COUNT,PED_DEATH_COUNT,PED_SUSP_SERIOUS_INJ_COUNT,PERSON_COUNT,POLICE_AGCY,POSSIBLE_INJ_COUNT,RDWY_SURF_TYPE_CD,RELATION_TO_ROAD,ROAD_CONDITION,ROADWAY_CLEARED,SCH_BUS_IND,SCH_ZONE_IND,SECONDARY_CRASH,SMALL_TRUCK_COUNT,SPEC_JURIS_CD,SUSP_MINOR_INJ_COUNT,SUSP_SERIOUS_INJ_COUNT,SUV_COUNT,TCD_FUNC_CD,TCD_TYPE,TFC_DETOUR_IND,TIME_OF_DAY,TOT_INJ_COUNT,TOTAL_UNITS,UNB_DEATH_COUNT,UNB_SUSP_SERIOUS_INJ_COUNT,UNBELTED_OCC_COUNT,UNK_INJ_DEG_COUNT,UNK_INJ_PER_COUNT,URBAN_AREA,URBAN_RURAL,VAN_COUNT,VEHICLE_COUNT,WEATHER1,WEATHER2,WORK_ZONE_IND,WORK_ZONE_LOC,WORK_ZONE_TYPE,WORKERS_PRES,WZ_CLOSE_DETOUR,WZ_FLAGGER,WZ_LAW_OFFCR_IND,WZ_LN_CLOSURE,WZ_MOVING,WZ_OTHER,WZ_SHLDER_MDN,WZ_WORKERS_INJ_KILLED
2006035643,1627.0,2,0,0,0,0,0,0,0,0,5,0,,67,2,2006,3,,,1624.0,6,0,0,0,0,0,0,0,0,,0,0,0,16,1,0,0,,0.0,,,0,,9,0,0,0,67301,0,0,0,N,0,0,0,1,67301,0,,1,1,,N,N,,0,,0,0,0,0,0,,1610,0,2,0,0,0,0,1,3,3,0,2,3,,N,,,,,,,,,,,
2006033346,1313.0,3,0,0,0,0,0,0,0,0,1,0,,67,2,2006,5,40.0123,-75.0879,1310.0,6,0,0,0,0,0,1,0,0,,0,0,0,13,1,3,0,,0.0,40 00:44.000,,0,75 05:16.182,3,0,0,0,67301,0,0,0,N,0,0,0,6,67301,0,,1,1,,N,N,,0,,3,0,0,3,2,,1300,3,3,0,0,0,0,0,3,4,0,3,3,,N,,,,,,,,,,,
2006033082,2057.0,2,0,0,0,0,0,0,0,0,1,0,,67,2,2006,2,40.0299,-75.0875,2055.0,6,0,0,0,0,0,0,0,0,,0,0,0,20,3,3,1,,0.0,40 01:47.640,,0,75 05:15.360,8,0,0,0,67301,0,0,0,N,0,0,0,6,67301,0,,1,1,,N,N,,0,,0,0,0,2,2,,2030,3,2,0,0,6,3,0,3,4,0,2,3,,N,,,,,,,,,,,
2006032846,538.0,0,0,0,0,0,0,0,0,0,8,0,,67,2,2006,7,39.9996,-75.1251,535.0,6,0,0,0,0,0,0,0,0,,0,0,0,5,3,1,1,,0.0,39 59:58.000,,0,75 07:30.360,4,0,0,0,67301,1,0,0,,1,0,0,2,67301,1,,1,1,,N,N,,0,,0,0,0,0,0,,530,1,2,0,0,0,0,1,3,4,0,1,3,,N,,,,,,,,,,,
2006032854,1551.0,2,0,0,0,0,0,0,0,0,5,0,,67,2,2006,1,39.9278,-75.237,1551.0,6,0,0,0,0,0,0,1,0,2.0,0,0,0,99,1,1,5,,2.0,39 55:40.000,1.0,0,75 14:13.508,4,0,0,0,67301,0,0,0,N,0,0,0,3,67301,1,,1,1,,N,N,,0,,0,0,1,3,2,N,9999,1,3,0,0,0,0,0,3,4,0,3,3,,N,,,,,,,,,,,
2006019899,910.0,2,0,0,0,0,0,0,0,0,1,0,,67,1,2006,6,,,859.0,6,0,0,0,0,0,0,0,0,,0,0,0,8,1,1,2,,0.0,,,0,,8,0,0,0,67301,0,0,0,,0,0,0,7,67301,0,,1,1,,N,N,,0,,0,0,0,9,3,,850,1,3,0,0,0,1,0,3,3,1,3,3,,N,,,,,,,,,,,
2006053533,1150.0,3,0,0,0,0,0,0,0,0,1,0,,67,4,2006,3,,,1139.0,6,0,0,0,0,0,1,1,0,,0,0,0,11,1,2,2,,0.0,,,0,,8,0,0,0,67301,0,0,0,N,0,0,0,3,67301,0,,1,1,,N,N,,0,,0,0,0,3,2,,1136,2,3,0,0,2,2,1,3,3,0,3,3,,N,,,,,,,,,,,
2006053638,1400.0,1,0,0,0,0,0,0,0,0,4,0,,67,1,2006,4,39.9867,-75.2506,1530.0,6,1,0,0,0,0,1,0,0,,0,0,0,15,1,1,1,,0.0,39 59:12.000,,0,75 15:02.682,8,0,0,0,67301,0,0,0,,0,0,0,6,67301,0,,1,1,,,,,0,,0,0,0,3,3,,1528,1,3,0,0,0,1,0,3,4,2,3,3,,N,,,,,,,,,,,
2006053688,1215.0,2,0,0,0,0,0,0,0,0,1,0,,67,4,2006,5,40.0268,-75.0974,1210.0,6,0,0,0,0,0,0,0,0,,0,0,0,11,1,2,1,,0.0,40 01:36.000,,0,75 05:50.569,4,0,0,0,67301,0,0,0,N,0,0,0,3,67301,2,,1,1,,N,N,,0,,0,0,0,3,2,,1150,2,2,0,0,0,0,0,3,4,0,2,3,,N,,,,,,,,,,,
2006019846,1732.0,0,0,0,0,0,0,0,0,0,8,0,,67,1,2006,3,,,1729.0,6,0,0,0,0,0,0,0,0,,0,0,0,17,3,1,2,,0.0,,,0,,4,0,0,0,67301,1,0,0,N,1,0,0,2,67301,1,,1,9,,N,N,,1,,0,0,0,3,2,,1720,1,2,0,0,0,0,0,3,3,0,1,7,,N,,,,,,,,,,,
2006080011,1633.0,2,0,0,0,0,0,1,0,0,1,1,,67,5,2006,2,40.0418,-75.1124,1624.0,6,0,0,0,0,0,0,0,0,,0,0,0,16,1,2,2,,0.0,40 02:30.480,,0,75 06:44.640,4,0,0,0,67301,0,0,0,N,0,0,0,3,67301,2,,1,1,,Y,N,,0,,0,0,0,0,0,,1623,2,3,0,0,0,0,0,3,4,0,3,3,,N,,,,,,,,,,,
2006080027,1555.0,0,0,0,0,0,0,0,0,0,7,0,,67,6,2006,3,,,1545.0,6,0,0,0,0,0,0,0,0,,0,0,0,15,1,1,0,,0.0,,,0,,4,0,0,0,67301,0,0,0,N,0,0,0,1,67301,1,,2,1,,N,N,,0,,0,0,0,0,0,,1530,1,1,0,0,0,0,0,3,3,1,1,3,,N,,,,,,,,,,,
2006067653,710.0,1,0,0,0,0,0,0,0,0,5,0,,67,6,2006,2,40.0039,-75.2207,9999.0,6,0,0,0,0,0,0,1,0,,0,0,0,7,1,1,1,,0.0,40 00:13.000,,0,75 13:14.458,4,0,0,1,67301,0,0,0,N,0,0,0,2,46104,1,,1,1,,N,N,,0,,0,0,0,3,2,,706,1,2,0,0,0,0,0,3,4,0,2,3,,N,,,,,,,,,,,
2006065503,2040.0,1,0,0,0,0,0,0,0,0,8,0,,67,5,2006,6,39.9922,-75.1773,2036.0,6,0,0,0,0,0,1,0,0,,0,0,0,20,3,1,2,,0.0,39 59:31.876,,0,75 10:38.312,3,0,0,0,67301,1,0,0,N,1,0,0,2,67301,0,,1,1,,N,N,,0,,1,0,0,0,0,,2025,1,2,0,0,1,0,0,3,4,0,1,3,,N,,,,,,,,,,,
2006065510,1545.0,0,0,0,0,0,0,0,0,0,0,0,,67,5,2006,3,40.0326,-75.0652,9999.0,6,0,0,0,0,0,0,0,0,,0,0,0,15,1,1,2,,0.0,40 01:57.000,,0,75 03:54.897,4,0,0,0,67301,0,0,0,N,0,0,0,3,67301,1,,1,1,,N,N,,1,,0,0,0,0,0,,1521,1,3,0,0,0,0,0,3,4,1,2,3,,N,,,,,,,,,,,
2006065362,1930.0,1,0,0,0,0,0,0,0,0,8,0,,67,5,2006,6,39.9601,-75.1374,1924.0,6,0,0,0,0,0,1,0,0,,0,0,0,19,1,1,0,,0.0,39 57:36.000,,0,75 08:14.739,3,0,0,0,67301,1,0,0,N,1,0,0,4,67301,0,,1,1,,N,N,,0,,1,0,0,0,0,,1924,1,2,0,0,1,0,0,3,4,0,1,3,,N,,,,,,,,,,,
2006065365,2016.0,1,0,0,0,0,0,0,0,0,8,0,,67,5,2006,4,,,2012.0,6,0,0,0,0,0,0,0,0,,0,0,0,19,1,1,1,,0.0,,,0,,4,0,0,0,67301,1,0,0,N,1,0,0,2,67301,1,,1,1,,N,N,,0,,0,0,0,3,2,,1958,1,2,0,0,0,0,0,3,3,0,1,3,,N,,,,,,,,,,,
2006065367,1840.0,0,0,0,0,0,0,0,0,0,8,0,,67,5,2006,2,39.935,-75.1963,1838.0,6,0,0,0,0,0,1,0,0,,0,0,0,18,1,1,0,,0.0,39 56:06.154,,0,75 11:46.737,8,0,0,0,67301,1,0,0,N,1,0,0,2,67301,0,,1,1,,N,N,,0,,0,0,1,0,0,,1835,1,2,0,0,0,1,0,3,4,0,1,3,,N,,,,,,,,,,,
2006055560,2350.0,2,0,0,0,0,0,0,0,0,1,0,,67,2,2006,7,39.967,-75.1881,2338.0,6,0,0,0,0,0,0,0,0,,0,0,0,23,3,0,2,,0.0,39 58:00.840,,0,75 11:17.160,0,0,0,0,67301,0,0,0,N,0,0,0,3,67301,0,,1,1,,N,N,,0,,0,0,0,0,0,,2335,0,2,0,0,0,0,0,3,4,0,2,3,,N,,,,,,,,,,,
2006055693,235.0,2,0,0,0,0,0,0,0,0,6,0,,67,3,2006,4,40.0126,-75.0732,235.0,6,0,0,0,0,0,0,0,0,,0,0,0,2,3,0,1,,0.0,40 00:45.000,,0,75 04:23.913,0,0,0,0,67301,0,0,0,N,0,0,0,1,67301,0,,2,1,,N,N,,0,,0,0,0,0,0,,230,0,2,0,0,0,0,0,3,4,0,2,3,,N,,,,,,,,,,,
2006055635,1441.0,1,0,0,0,0,0,0,0,0,8,0,,67,2,2006,3,39.956,-75.2176,9999.0,6,0,0,0,0,0,0,0,0,,0,0,0,99,1,1,1,,0.0,39 57:21.000,,0,75 13:03.491,4,0,0,0,67301,1,0,0,N,1,0,0,2,67301,1,,1,1,,N,N,,0,,0,0,0,3,2,,9999,1,2,0,0,1,0,1,3,4,0,1,3,,N,,,,,,,,,,,
2006055778,1645.0,2,0,0,0,0,0,0,0,0,1,0,,67,4,2006,6,39.9492,-75.1845,1638.0,6,0,0,0,0,0,0,0,0,,0,0,0,16,1,1,7,,0.0,39 56:57.000,,2,75 11:04.082,4,0,0,0,67301,0,0,0,N,0,0,0,2,67301,1,,1,1,,N,N,,0,,0,0,0,0,0,,1639,1,2,0,0,0,0,0,3,4,0,2,3,,N,,,,,,,,,,,
2006102386,823.0,1,0,0,0,0,0,0,0,0,7,0,,67,9,2006,4,39.9806,-75.198,818.0,6,0,0,0,0,0,0,0,0,,0,0,0,8,1,1,2,,0.0,39 58:49.000,,0,75 11:52.395,8,0,0,0,67301,0,0,0,N,0,0,0,1,67301,0,,5,1,,N,N,,0,,0,0,0,0,0,,818,1,1,0,0,0,1,0,3,4,0,1,3,,N,,,,,,,,,,,
2006126841,401.0,1,0,0,0,0,0,0,0,0,7,0,,67,11,2006,7,,,401.0,6,0,0,0,0,0,0,0,0,1.0,0,0,0,4,3,0,0,,1.0,,3.0,0,,0,0,0,0,67301,0,0,0,N,0,0,0,2,67301,0,,2,1,,N,N,,0,,0,0,0,0,0,N,400,0,1,0,0,0,0,0,3,3,0,1,3,,N,,,,,,,,,,,
2006126854,730.0,2,0,0,0,0,0,0,0,0,4,0,,67,11,2006,5,40.0456,-75.0714,720.0,6,0,0,0,0,0,0,0,0,,0,0,0,7,1,5,1,,0.0,40 02:44.000,,0,75 04:17.204,4,0,0,0,67301,0,0,0,N,0,0,0,6,67301,1,,1,1,,N,N,,0,,0,0,1,3,2,,720,5,3,0,0,0,4,0,3,4,0,3,3,,N,,,,,,,,,,,
2006102466,710.0,1,0,0,0,0,0,0,0,0,8,0,,67,9,2006,6,,,710.0,6,0,0,0,0,0,0,0,0,,0,0,0,7,1,1,2,,0.0,,,0,,3,0,0,0,67301,1,0,0,N,1,0,0,2,67301,0,,1,9,,N,N,,0,,1,0,0,0,0,,705,1,2,0,0,0,0,0,3,3,0,1,7,,N,,,,,,,,,,,
2006104963,2308.0,4,0,0,0,0,0,0,0,0,1,0,,67,8,2006,5,40.032,-75.0604,2304.0,6,0,0,0,0,0,0,0,0,,0,0,0,23,3,0,0,,0.0,40 01:55.091,,0,75 03:37.479,0,0,0,0,67301,0,0,0,N,0,0,0,1,67301,0,,1,1,,N,N,,0,,0,0,2,3,3,,2300,0,6,0,0,1,0,0,3,4,0,6,3,,N,,,,,,,,,,,
2006102487,1340.0,2,0,0,0,0,0,0,0,0,4,0,,67,7,2006,2,,,1333.0,6,0,0,0,0,1,0,0,1,,0,0,0,13,1,2,1,,0.0,,,0,,2,0,0,0,67301,0,0,0,,0,0,0,3,67301,0,,1,1,,N,N,,0,,0,2,0,9,2,,1338,2,2,0,0,0,0,0,3,3,0,2,3,,N,,,,,,,,,,,
2006124552,1250.0,2,0,0,0,0,0,0,0,0,1,0,,67,9,2006,1,40.1116,-75.0239,1249.0,6,0,0,0,0,0,1,0,0,,0,0,0,12,1,1,0,,0.0,40 06:41.000,,0,75 01:26.169,4,0,0,0,67301,0,0,0,N,0,0,0,2,67301,1,,1,1,,N,N,,0,,0,0,0,0,0,,1249,1,2,0,0,0,0,0,3,4,0,2,3,,N,,,,,,,,,,,
2006124614,2200.0,1,0,0,0,0,0,0,0,0,6,0,,67,10,2006,1,,,2142.0,6,0,0,0,0,0,0,0,0,,0,0,0,21,3,1,1,,0.0,,,0,,4,0,0,0,67301,0,0,0,N,0,0,0,2,67301,1,,1,1,,N,N,,0,,0,0,0,3,3,,2142,1,2,0,0,1,0,1,3,3,0,2,3,,N,,,,,,,,,,,
2006112688,1121.0,2,0,0,0,0,0,0,0,0,4,0,,67,9,2006,7,39.9447,-75.1652,1118.0,6,0,1,0,0,0,0,0,0,,0,0,0,11,1,0,1,,0.0,39 56:40.000,,0,75 09:54.608,0,0,0,0,67301,0,0,0,N,0,0,0,4,67301,0,,1,1,,N,N,,0,,0,0,0,9,2,,1118,0,2,0,0,0,0,0,3,4,0,2,3,,N,,,,,,,,,,,
2006124705,1634.0,0,0,0,0,0,0,0,0,0,8,0,,67,10,2006,3,40.0487,-74.9898,1630.0,6,0,0,0,0,0,1,0,0,,0,0,0,16,1,1,0,,0.0,40 02:55.000,,0,74 59:23.491,4,0,0,0,67301,1,0,0,N,1,0,0,2,67301,1,,1,1,,N,N,,1,,0,0,0,0,0,,1625,1,2,0,0,0,0,0,3,4,0,1,3,,N,,,,,,,,,,,
2006124719,325.0,1,0,0,0,0,0,0,0,0,7,0,,67,10,2006,6,40.0606,-75.1926,323.0,6,0,0,0,1,0,0,0,0,,0,0,0,3,3,2,0,,0.0,40 03:38.071,,0,75 11:33.410,4,0,0,0,67301,0,0,0,N,0,0,0,3,67301,2,,4,9,,N,N,,0,,0,0,0,0,0,,319,2,1,0,0,0,0,0,3,4,0,1,3,,N,,,,,,,,,,,
2006059487,1312.0,2,0,0,0,0,0,0,0,0,6,0,,67,4,2006,4,40.0546,-75.125,1312.0,6,0,0,0,0,0,1,0,1,,0,0,0,13,1,2,1,,0.0,40 03:16.000,,0,75 07:29.331,4,0,0,0,67301,0,0,0,N,0,0,0,3,46102,2,,1,1,,N,N,,0,,0,0,0,3,2,,1312,2,2,0,0,0,0,0,3,4,0,2,3,,N,,,,,,,,,,,
2006062216,2215.0,1,0,0,0,0,0,0,0,0,7,0,,67,5,2006,2,40.0782,-75.042,2213.0,6,0,0,0,0,0,0,0,0,,0,0,0,99,3,0,0,,0.0,40 04:41.505,,0,75 02:31.340,0,0,0,0,67301,0,0,0,N,0,0,0,1,67301,0,,4,1,,N,N,,0,,0,0,0,0,0,,9999,0,1,0,0,0,0,0,3,4,0,1,3,,N,,,,,,,,,,,
2006057212,1632.0,2,0,0,0,0,0,0,0,0,4,0,,67,4,2006,1,40.0142,-75.1918,1632.0,6,0,0,0,0,0,0,0,0,2.0,0,0,0,16,1,3,1,,1.0,40 00:51.120,1.0,0,75 11:30.120,3,0,0,0,67301,0,0,0,,0,0,0,8,67301,2,,1,1,,N,N,,0,,1,0,0,3,2,N,1627,3,2,0,0,0,0,0,3,4,0,2,3,,N,,,,,,,,,,,
2006054699,1721.0,1,0,0,0,0,0,0,0,0,8,0,,67,3,2006,3,40.0369,-75.1211,1718.0,6,0,1,0,0,0,0,0,0,,0,0,0,15,1,1,1,,0.0,40 02:12.681,,0,75 07:15.877,8,0,0,0,67301,1,0,0,N,1,0,0,2,67301,0,,1,1,,N,N,,0,,0,0,0,3,2,,1530,1,2,0,0,0,1,0,3,4,0,1,3,,N,,,,,,,,,,,
2006062470,1137.0,2,0,0,0,0,0,0,0,0,4,0,,67,3,2006,6,,,1130.0,6,0,0,0,0,0,0,0,0,1.0,0,0,0,99,1,1,2,,1.0,,4.0,0,,8,0,0,0,67301,0,0,0,N,0,0,0,2,67301,0,,1,1,,N,N,,0,,0,0,0,0,0,Y,9999,1,2,0,0,0,1,0,3,3,0,2,3,,N,,,,,,,,,,,
2006062475,1518.0,2,0,0,0,0,0,0,0,0,1,0,,67,4,2006,5,40.0235,-75.1603,1515.0,6,0,0,0,1,0,0,0,0,,0,0,0,14,1,3,2,,0.0,40 01:24.000,,0,75 09:37.519,3,0,0,0,67301,0,0,0,N,0,0,0,4,67301,1,,1,1,,N,N,,0,,2,0,1,3,2,,1400,3,3,0,0,0,0,1,3,4,0,3,3,,N,,,,,,,,,,,
2006062485,1100.0,1,0,0,0,0,0,0,0,0,8,0,,67,5,2006,2,40.0154,-75.138,1055.0,6,0,0,0,0,0,0,0,0,,0,0,0,10,1,1,1,,0.0,40 00:55.443,,0,75 08:16.749,4,0,0,0,67301,1,0,0,N,1,0,0,2,67301,1,,1,1,,N,N,,0,,0,0,0,0,0,,1050,1,2,0,0,0,0,0,3,4,0,1,3,,N,,,,,,,,,,,
2006062492,1750.0,2,0,0,0,0,0,0,0,0,6,0,,67,4,2006,2,40.0454,-75.1566,1746.0,6,0,0,0,0,0,0,0,0,,0,0,0,17,1,3,1,,0.0,40 02:43.364,,0,75 09:23.803,8,0,0,0,67301,0,0,0,N,0,0,0,4,67301,0,,1,1,,N,N,,0,,0,0,0,3,3,,1741,3,2,0,0,0,3,0,3,4,0,2,3,,N,,,,,,,,,,,
2006054967,1338.0,2,0,0,0,0,0,0,0,0,5,0,,67,3,2006,6,,,1335.0,6,0,0,0,0,0,0,0,0,,0,0,0,13,1,1,0,,0.0,,,0,,8,0,0,0,67301,0,0,0,N,0,0,0,2,67301,0,,1,1,,N,N,,0,,0,0,0,0,0,,1335,1,2,0,0,0,1,0,3,3,0,2,3,,N,,,,,,,,,,,
2006065582,1335.0,2,0,0,0,0,0,0,0,0,4,0,,67,5,2006,2,,,1330.0,6,0,0,0,0,1,0,0,0,2.0,0,0,0,13,1,2,1,,1.0,,7.0,0,,8,0,0,0,67301,0,0,0,N,0,0,0,3,67301,0,,1,1,,N,N,,0,,0,0,0,3,2,Y,1325,2,2,0,0,0,2,0,3,3,0,2,3,,N,,,,,,,,,,,
2006055339,2338.0,2,0,0,0,0,0,0,0,0,1,0,,67,4,2006,3,39.9898,-75.1255,2335.0,6,0,0,0,0,0,0,0,0,,0,0,0,99,3,1,1,,0.0,39 59:23.000,,0,75 07:32.329,4,0,0,0,67301,0,0,0,,0,0,0,2,67301,1,,1,1,,N,N,,0,,0,0,0,0,0,,9999,1,2,0,0,0,0,1,3,4,0,2,3,,N,,,,,,,,,,,
2006094632,2346.0,1,0,0,0,0,0,0,0,0,8,0,,67,7,2006,6,39.9697,-75.1416,2345.0,6,0,0,0,0,0,0,0,0,1.0,0,0,0,23,3,1,1,,2.0,39 58:10.000,1.0,0,75 08:29.253,3,0,0,0,67301,1,0,0,N,1,0,0,2,67301,0,,1,1,,N,N,,0,,1,0,0,3,2,Y,2335,1,2,0,0,0,0,0,3,4,0,1,3,,N,,,,,,,,,,,
2006055566,508.0,1,0,0,0,0,0,0,0,0,7,0,,67,3,2006,5,39.912,-75.1483,504.0,6,0,0,0,0,0,0,1,0,1.0,0,0,0,3,3,1,0,,1.0,39 54:40.000,1.0,0,75 08:54.602,3,0,0,0,67301,0,0,0,N,0,0,0,1,67301,0,,2,1,,N,N,,0,,1,0,0,0,0,N,304,1,1,0,0,0,0,0,3,4,0,1,3,,N,,,,,,,,,,,
2006055617,1605.0,2,0,0,0,0,0,0,0,0,2,0,,67,3,2006,4,40.0729,-75.0759,1557.0,6,0,0,0,0,0,0,0,1,,0,0,0,15,1,2,1,,0.0,40 04:22.000,,0,75 04:32.955,3,0,0,0,67301,0,0,0,N,0,0,0,2,67301,0,,2,1,,N,N,,2,,2,0,0,9,2,,1531,2,4,0,0,0,0,0,3,4,0,4,3,,N,,,,,,,,,,,
2006055678,1345.0,2,0,0,0,0,0,0,0,0,1,0,,67,3,2006,2,39.9578,-75.1472,1345.0,6,0,0,0,0,1,0,0,0,,0,0,0,13,1,1,1,,0.0,39 57:28.162,,0,75 08:50.070,8,0,0,0,67301,0,0,0,N,0,0,0,2,67301,0,,1,1,,N,N,,0,,0,0,0,3,2,,1340,1,2,0,0,0,1,1,3,4,0,2,3,,N,,,,,,,,,,,
2006055695,225.0,2,0,0,0,0,0,0,0,0,4,0,,67,4,2006,6,,,220.0,6,0,0,0,0,0,1,0,0,,0,0,0,2,3,1,0,,0.0,,,0,,8,0,0,0,67301,1,0,0,N,0,0,0,2,67301,0,,1,1,,N,N,,0,,0,0,1,0,0,,215,1,3,0,0,0,1,0,3,3,0,3,3,,N,,,,,,,,,,,
2006055765,1655.0,2,0,0,0,0,0,0,0,0,1,0,,67,3,2006,3,39.9752,-75.1887,1650.0,6,0,0,0,0,0,0,0,0,,0,0,0,16,1,0,0,,0.0,39 58:30.000,,0,75 11:19.426,9,0,0,0,67301,0,0,0,,0,0,0,2,67301,0,,1,1,,N,N,,0,,0,0,0,0,0,,1650,0,2,0,0,0,0,1,3,4,0,2,3,,N,,,,,,,,,,,
2006097611,909.0,1,0,0,0,0,0,1,0,0,4,1,,67,9,2006,6,39.9976,-75.2342,9999.0,6,0,0,0,0,0,0,0,0,1.0,0,0,0,9,1,2,1,,2.0,39 59:51.000,2.0,0,75 14:03.395,4,0,0,0,67301,0,0,0,N,0,0,0,2,46104,1,,1,1,,N,N,,0,,0,0,0,3,3,Y,907,2,2,0,0,0,1,0,3,4,0,2,3,,N,,,,,,,,,,,
2006126849,916.0,2,0,0,0,0,0,0,0,0,4,0,,67,9,2006,5,40.0494,-75.0679,914.0,6,0,0,0,0,0,0,0,0,,0,0,0,9,1,5,1,,0.0,40 02:57.000,,0,75 04:04.488,3,0,0,0,67301,0,0,0,N,0,0,0,5,67301,0,,1,9,,N,N,,0,,5,0,2,3,2,,913,5,5,0,0,0,0,0,3,4,1,5,3,,N,,,,,,,,,,,
2006104957,800.0,1,0,0,0,0,0,0,0,0,7,0,,67,8,2006,5,39.9358,-75.2347,745.0,6,0,0,0,0,0,0,0,0,,0,0,0,7,1,0,0,,0.0,39 56:08.000,,0,75 14:04.925,0,0,0,0,67301,0,0,0,N,0,0,0,1,67301,0,,5,9,,N,N,,0,,0,0,0,0,0,,735,0,1,0,0,0,0,0,3,4,0,1,98,,N,,,,,,,,,,,
2006102478,2033.0,2,0,0,0,0,0,0,0,0,4,0,,67,9,2006,4,40.0101,-75.1214,2032.0,6,0,0,0,0,0,0,0,0,,0,0,0,20,1,2,1,,0.0,40 00:36.435,,0,75 07:17.178,4,0,0,0,67301,0,0,0,N,0,0,0,6,67301,2,,1,1,,N,N,,0,,0,0,0,3,3,,2015,2,2,0,0,0,0,4,3,4,0,2,3,,N,,,,,,,,,,,
2006102479,2115.0,0,0,0,0,0,0,1,0,0,4,1,,67,8,2006,6,39.9715,-75.2258,2110.0,6,0,0,0,0,0,1,0,0,,0,0,0,21,3,4,1,,0.0,39 58:17.400,,0,75 13:33.240,8,0,0,0,67301,0,0,0,N,0,0,0,6,67301,0,,1,1,,N,N,,0,,0,0,0,3,2,,2110,4,2,0,0,0,4,0,3,4,1,2,3,,N,,,,,,,,,,,
2006124222,2343.0,3,0,0,0,0,0,0,0,0,4,0,,67,10,2006,6,40.0588,-75.0442,2338.0,6,0,0,0,0,0,0,0,0,9.0,0,0,0,23,3,3,1,,1.0,40 03:31.000,1.0,0,75 02:39.365,8,0,0,0,67301,0,0,0,N,0,0,0,4,67301,0,,1,9,,N,N,,0,,0,0,0,3,2,N,2335,3,3,0,0,0,3,0,3,4,0,3,7,,N,,,,,,,,,,,
2006124857,1410.0,2,0,0,0,0,0,0,0,0,4,0,,67,10,2006,1,40.0133,-75.1087,1401.0,6,0,0,0,0,0,0,0,0,,0,0,0,13,1,0,1,,0.0,40 00:47.779,,0,75 06:31.294,0,0,0,0,67301,0,0,0,N,0,0,0,4,67301,0,,1,1,,N,N,,0,,0,0,0,9,3,,1330,0,2,0,0,0,0,0,3,4,0,2,3,,N,,,,,,,,,,,
2006062246,858.0,2,0,0,0,0,0,0,0,0,6,0,,67,5,2006,3,39.9862,-75.1293,858.0,6,0,0,0,0,0,0,0,0,,0,0,0,8,1,3,1,,0.0,39 59:10.384,,0,75 07:45.598,4,0,0,0,67301,0,0,0,,0,0,0,4,67301,3,,1,9,,N,N,,0,,0,0,0,9,3,,855,3,2,0,0,4,0,0,3,4,0,2,98,,N,,,,,,,,,,,
2006062426,1635.0,1,0,0,0,0,0,0,0,0,8,0,,67,5,2006,5,39.9908,-75.115,9999.0,6,0,0,0,0,0,0,0,0,,0,0,0,19,1,1,0,,0.0,39 59:27.000,,0,75 06:54.062,8,0,0,0,67301,1,0,0,N,1,0,0,2,67301,0,,6,1,,N,N,,0,,0,0,0,3,2,,1935,1,2,0,0,0,1,0,3,4,0,1,3,,N,,,,,,,,,,,
2006062385,1315.0,1,0,0,0,0,0,0,0,0,2,0,,67,5,2006,7,40.0463,-75.1778,1309.0,6,0,0,0,0,0,0,0,0,,0,0,0,13,1,2,1,,0.0,40 02:46.000,,0,75 10:40.058,8,0,0,0,67301,0,0,0,,0,0,0,6,67301,0,,1,1,,,,,0,,0,0,1,3,2,,1305,2,2,0,0,0,2,0,3,4,0,2,3,,N,,,,,,,,,,,
2006062452,5.0,1,0,0,0,0,0,0,0,0,7,0,,67,5,2006,2,40.0091,-75.0673,4.0,6,0,0,0,0,0,0,0,0,,0,0,0,0,3,1,0,,0.0,40 00:31.000,,0,75 04:07.241,4,0,0,0,67301,0,0,0,N,0,0,0,1,67301,1,,2,1,,N,N,,0,,0,0,0,0,0,,3,1,1,0,0,1,0,0,3,4,0,1,3,,N,,,,,,,,,,,