CRN,ARRIVAL_TM,AUTOMOBILE_COUNT,BELTED_DEATH_COUNT,BELTED_SUSP_SERIOUS_INJ_COUNT,BICYCLE_COUNT,BICYCLE_DEATH_COUNT,BICYCLE_SUSP_SERIOUS_INJ_COUNT,BUS_COUNT,CHLDPAS_DEATH_COUNT,CHLDPAS_SUSP_SERIOUS_INJ_COUNT,COLLISION_TYPE,COMM_VEH_COUNT,CONS_ZONE_SPD_LIM,COUNTY,CRASH_MONTH,CRASH_YEAR,DAY_OF_WEEK,DEC_LAT,DEC_LONG,DISPATCH_TM,DISTRICT,DRIVER_COUNT_16YR,DRIVER_COUNT_17YR,DRIVER_COUNT_18YR,DRIVER_COUNT_19YR,DRIVER_COUNT_20YR,DRIVER_COUNT_50_64YR,DRIVER_COUNT_65_74YR,DRIVER_COUNT_75PLUS,EST_HRS_CLOSED,FATAL_COUNT,HEAVY_TRUCK_COUNT,HORSE_BUGGY_COUNT,HOUR_OF_DAY,ILLUMINATION,INJURY_COUNT,INTERSECT_TYPE,INTERSECTION_RELATED,LANE_CLOSED,LATITUDE,LN_CLOSE_DIR,LOCATION_TYPE,LONGITUDE,MAX_SEVERITY_LEVEL,MCYCLE_DEATH_COUNT,MCYCLE_SUSP_SERIOUS_INJ_COUNT,MOTORCYCLE_COUNT,MUNICIPALITY,NONMOTR_COUNT,NONMOTR_DEATH_COUNT,NONMOTR_SUSP_SERIOUS_INJ_COUNT,NTFY_HIWY_MAINT,PED_COUNT,PED_DEATH_COUNT,PED_SUSP_SERIOUS_INJ_COUNT,PERSON_COUNT,POLICE_AGCY,POSSIBLE_INJ_COUNT,RDWY_SURF_TYPE_CD,RELATION_TO_ROAD,ROAD_CONDITION,ROADWAY_CLEARED,SCH_BUS_IND,SCH_ZONE_IND,SECONDARY_CRASH,SMALL_TRUCK_COUNT,SPEC_JURIS_CD,SUSP_MINOR_INJ_COUNT,SUSP_SERIOUS_INJ_COUNT,SUV_COUNT,TCD_FUNC_CD,TCD_TYPE,TFC_DETOUR_IND,TIME_OF_DAY,TOT_INJ_COUNT,TOTAL_UNITS,UNB_DEATH_COUNT,UNB_SUSP_SERIOUS_INJ_COUNT,UNBELTED_OCC_COUNT,UNK_INJ_DEG_COUNT,UNK_INJ_PER_COUNT,URBAN_AREA,URBAN_RURAL,VAN_COUNT,VEHICLE_COUNT,WEATHER1,WEATHER2,WORK_ZONE_IND,WORK_ZONE_LOC,WORK_ZONE_TYPE,WORKERS_PRES,WZ_CLOSE_DETOUR,WZ_FLAGGER,WZ_LAW_OFFCR_IND,WZ_LN_CLOSURE,WZ_MOVING,WZ_OTHER,WZ_SHLDER_MDN,WZ_WORKERS_INJ_KILLED
2006062499,1705.0,0,0,0,0,0,0,1,0,0,4,0,,67,5,2006,3,,,1658.0,6,0,0,0,0,0,1,0,0,,0,0,0,16,1,3,2,,0.0,,,0,,4,0,0,1,67301,0,0,0,N,0,0,0,4,67301,1,,1,1,,N,N,,0,,0,0,0,3,3,,1650,3,2,0,0,0,2,0,3,3,0,2,3,,N,,,,,,,,,,,
2006062516,1746.0,1,0,0,0,0,0,0,0,0,8,0,,67,5,2006,6,,,1743.0,6,0,0,0,0,0,0,0,0,,0,0,0,17,1,1,0,,0.0,,,0,,4,0,0,0,67301,1,0,0,N,1,0,0,3,67301,1,,1,1,,N,N,,0,,0,0,0,3,3,,1743,1,2,0,0,0,0,0,3,3,0,1,3,,N,,,,,,,,,,,
2006054936,1259.0,2,0,0,0,0,0,0,0,0,2,0,,67,4,2006,1,40.0226,-75.1782,1256.0,6,0,0,0,0,0,1,0,0,1.0,0,0,0,12,1,1,1,,1.0,40 01:21.000,1.0,0,75 10:41.563,8,0,0,0,67301,0,0,0,N,0,0,0,4,67301,0,,1,1,,N,N,,0,,0,0,0,3,2,N,1254,1,2,0,0,0,1,2,3,4,0,2,3,,N,,,,,,,,,,,
2006054969,1635.0,1,0,0,0,0,0,0,0,0,8,0,,67,4,2006,7,39.9774,-75.1766,1630.0,6,0,0,0,0,0,1,0,0,9.0,0,0,0,18,1,1,0,,1.0,39 58:38.812,2.0,0,75 10:35.659,4,0,0,0,67301,1,0,0,,1,0,0,2,67301,1,,1,1,,,,,0,,0,0,0,0,0,N,1830,1,2,0,0,0,0,0,3,4,0,1,3,,N,,,,,,,,,,,
2006055005,8.0,2,0,0,0,0,0,0,0,0,5,0,,67,3,2006,7,,,2.0,6,0,0,0,1,0,0,0,0,1.0,0,0,0,0,3,2,1,,2.0,,2.0,0,,3,0,0,0,67301,0,0,0,N,0,0,0,3,67301,1,,1,1,,N,N,,0,,1,0,0,2,3,Y,2,2,2,0,0,0,0,0,3,3,0,2,3,,N,,,,,,,,,,,
2006055007,2255.0,1,0,0,0,0,0,0,0,0,4,0,,67,4,2006,4,39.999,-75.1443,2250.0,6,0,0,0,0,0,0,0,0,2.0,0,0,0,22,3,2,0,,1.0,39 59:56.407,1.0,0,75 08:39.375,4,0,0,0,67301,0,0,0,,0,0,0,4,67301,2,,3,1,,N,N,,1,,0,0,0,0,0,N,2226,2,2,0,0,2,0,0,3,4,0,2,3,,N,,,,,,,,,,,
2006055084,2107.0,1,0,0,0,0,0,0,0,0,8,0,,67,3,2006,5,39.9379,-75.1667,2101.0,6,0,0,0,0,0,0,0,0,,0,0,0,20,3,1,1,,0.0,39 56:15.000,,0,75 09:59.946,8,0,0,0,67301,1,0,0,,1,0,0,2,67301,0,,1,1,,,,,0,,0,0,0,9,2,,2050,1,2,0,0,0,1,1,3,4,0,1,3,,N,,,,,,,,,,,
2006055145,807.0,2,0,0,0,0,0,0,0,0,4,0,,67,2,2006,6,39.9763,-75.1831,806.0,6,0,0,0,0,0,0,0,0,,0,0,0,8,1,0,2,,0.0,39 58:34.000,,0,75 10:59.160,0,0,0,0,67301,0,0,0,N,0,0,0,2,67301,0,,1,1,,N,N,,0,,0,0,0,3,2,,806,0,2,0,0,0,0,0,3,4,0,2,3,,N,,,,,,,,,,,
2006055288,1205.0,2,0,0,0,0,0,0,0,0,1,0,,67,4,2006,1,40.0274,-75.0627,1200.0,6,0,0,0,0,0,0,0,0,,0,0,0,11,1,1,3,,0.0,40 01:38.682,,0,75 03:45.655,8,0,0,0,67301,0,0,0,N,0,0,0,2,67301,0,,1,9,,,,,0,,0,0,0,3,3,,1155,1,2,0,0,0,1,1,3,4,0,2,3,,N,,,,,,,,,,,
2006055065,1755.0,1,0,0,0,0,0,0,0,0,4,0,,67,3,2006,6,39.9373,-75.2236,1746.0,6,0,0,0,0,0,1,0,0,,0,0,0,17,1,1,0,,0.0,39 56:14.133,,0,75 13:24.807,3,0,0,1,67301,0,0,0,,0,0,0,2,67301,0,,1,1,,,,,0,,1,0,0,3,2,,1725,1,2,0,0,0,0,0,3,4,0,2,3,,N,,,,,,,,,,,
2006055069,127.0,1,0,0,0,0,0,0,0,0,1,0,,67,3,2006,7,39.9603,-75.1383,125.0,6,0,0,0,0,0,0,0,0,,0,0,0,1,3,1,0,,0.0,39 57:37.440,,0,75 08:18.960,4,0,0,0,67301,0,0,0,,0,0,0,5,67301,1,,1,1,,,,,1,,0,0,0,0,0,,125,1,2,0,0,0,0,0,3,4,0,2,3,,N,,,,,,,,,,,
2006094216,116.0,3,0,0,0,0,0,0,0,0,4,0,,67,7,2006,1,39.9343,-75.1676,113.0,6,0,0,0,0,0,0,0,0,,0,0,0,13,1,1,0,,0.0,39 56:03.000,,0,75 10:03.252,2,0,0,0,67301,0,0,0,N,0,0,0,3,67301,0,,1,1,,N,N,,0,,0,1,0,3,2,,1300,1,3,0,0,0,0,0,3,4,0,3,3,,N,,,,,,,,,,,
2006055200,202.0,2,0,0,0,0,0,0,0,0,4,0,,67,3,2006,3,40.002,-75.0803,201.0,6,0,0,0,0,1,0,0,0,2.0,0,0,0,1,3,0,0,,2.0,40 00:06.000,1.0,0,75 04:50.379,9,0,0,0,67301,0,0,0,N,0,0,0,4,67301,0,,1,1,,N,N,,0,,0,0,0,0,0,N,155,0,2,0,0,0,0,1,3,4,0,2,3,,N,,,,,,,,,,,
2006055203,1705.0,2,0,0,0,0,0,0,0,0,1,0,,67,3,2006,6,40.0239,-75.1104,1650.0,6,0,0,0,0,0,0,0,0,,0,0,0,17,1,1,0,,0.0,40 01:26.118,,0,75 06:37.540,8,0,0,0,67301,0,0,0,,0,0,0,2,67301,0,,1,1,,N,N,,0,,0,0,0,0,0,,1705,1,2,0,0,0,1,0,3,4,0,2,3,,N,,,,,,,,,,,
2006055259,615.0,1,0,0,0,0,0,0,0,0,4,0,,67,3,2006,4,40.0077,-75.1388,608.0,6,0,0,0,0,0,1,0,0,,0,0,0,6,1,1,1,,0.0,40 00:27.000,,0,75 08:19.880,3,0,0,1,67301,0,0,0,N,0,0,0,2,67301,0,,1,1,,N,N,,0,,1,0,0,3,2,,600,1,2,0,0,0,0,0,3,4,0,2,3,,N,,,,,,,,,,,
2006055265,1945.0,3,0,0,0,0,0,0,0,0,4,0,,67,4,2006,7,40.0195,-75.1333,1940.0,6,0,0,0,0,0,0,0,0,,0,0,0,16,1,4,1,,0.0,40 01:10.153,,0,75 07:59.714,4,0,0,0,67301,0,0,0,N,0,0,0,5,67301,4,,1,9,,N,N,,0,,0,0,0,9,3,,1600,4,3,0,0,0,0,0,3,4,0,3,7,,N,,,,,,,,,,,
2006094360,1540.0,2,0,0,0,0,0,0,0,0,1,0,,67,8,2006,7,,,1536.0,6,0,0,0,0,0,0,0,1,,0,0,0,15,1,0,1,,0.0,,,0,,0,0,0,0,67301,0,0,0,N,0,0,0,3,67301,0,,1,1,,N,N,,0,,0,0,0,0,0,,1530,0,2,0,0,0,0,0,3,3,0,2,3,,N,,,,,,,,,,,
2006094230,2240.0,1,0,0,0,0,0,0,0,0,8,0,,67,8,2006,1,39.9744,-75.2017,2228.0,6,0,0,0,0,0,0,0,0,,0,0,0,22,6,1,2,,0.0,39 58:27.000,,0,75 12:05.543,8,0,0,0,67301,1,0,0,N,1,0,0,4,67301,0,,9,1,,N,N,,0,,0,0,0,3,2,,2208,1,2,0,0,0,1,0,3,4,0,1,3,,N,,,,,,,,,,,
2006094399,1016.0,2,0,0,0,0,0,0,0,0,4,0,,67,7,2006,4,40.0953,-75.0306,1011.0,6,0,0,0,0,0,0,0,0,,0,0,0,10,1,3,0,,0.0,40 05:43.248,,7,75 01:50.222,8,0,0,0,67301,0,0,0,N,0,0,0,4,67301,0,,1,1,,N,N,,0,,0,0,0,0,0,,1009,3,2,0,0,0,3,0,3,4,0,2,3,,N,,,,,,,,,,,
2006094419,2226.0,2,0,0,0,0,0,0,0,0,5,0,,67,8,2006,7,40.085,-75.0251,2221.0,6,0,0,0,0,0,0,0,0,,0,0,0,22,3,2,0,,0.0,40 05:05.000,,0,75 01:30.036,4,0,0,0,67301,0,0,0,N,0,0,0,3,67301,2,,1,1,,N,N,,0,,0,0,0,0,0,,2220,2,2,0,0,0,0,1,3,4,0,2,3,,N,,,,,,,,,,,
2006094444,800.0,1,0,0,0,0,0,0,0,0,7,0,,67,7,2006,5,,,749.0,6,0,0,0,0,1,0,0,0,,0,0,0,1,3,0,1,,0.0,,,0,,0,0,0,0,67301,0,0,0,N,0,0,0,1,67301,0,,5,1,,N,N,,0,,0,0,0,3,3,,115,0,1,0,0,1,0,0,3,3,0,1,3,,N,,,,,,,,,,,
2006094448,1732.0,1,0,0,0,0,0,0,0,0,8,0,,67,7,2006,2,40.0334,-75.2204,1530.0,6,0,0,0,0,0,1,0,0,,0,0,0,15,1,1,0,,0.0,40 02:00.405,,0,75 13:13.576,4,0,0,0,67301,1,0,0,N,1,0,0,2,67301,1,,1,1,,N,N,,0,,0,0,0,3,3,,1530,1,2,0,0,0,0,0,3,4,0,1,3,,N,,,,,,,,,,,
2006084292,709.0,1,0,0,0,0,0,0,0,0,7,0,,67,7,2006,3,,,704.0,6,0,0,0,0,0,1,0,0,,0,0,0,6,1,0,2,,0.0,,,0,,0,0,0,0,67301,0,0,0,N,0,0,0,1,67301,0,,4,1,,N,N,,0,,0,0,0,0,0,,658,0,1,0,0,0,0,0,3,3,0,1,3,,N,,,,,,,,,,,
2006019779,1750.0,1,0,0,0,0,0,0,0,0,8,0,,67,1,2006,4,,,1740.0,6,0,0,0,0,0,0,0,0,,0,0,0,17,4,1,2,,0.0,,,0,,8,0,0,0,67301,1,0,0,N,1,0,0,2,67301,0,,2,1,,N,N,,0,,0,0,0,0,0,,1730,1,2,0,0,0,1,0,3,3,0,1,3,,N,,,,,,,,,,,
2006066220,1258.0,1,0,0,0,0,0,0,0,0,8,0,,67,5,2006,3,40.0478,-75.1427,1255.0,6,0,0,0,0,1,0,0,0,1.0,0,0,0,12,1,1,0,,1.0,40 02:52.000,1.0,0,75 08:33.899,8,0,0,0,67301,1,0,0,N,1,0,0,2,67301,0,,5,1,,N,N,,0,,0,0,0,0,0,Y,1251,1,2,0,0,0,1,0,3,4,0,1,3,,N,,,,,,,,,,,
2006036264,1602.0,1,0,0,0,0,0,0,0,0,1,0,,67,1,2006,3,39.9562,-75.2069,1600.0,6,0,0,0,0,0,1,0,0,,0,0,0,16,1,1,0,,0.0,39 57:22.000,,0,75 12:24.825,4,0,0,0,67301,0,0,0,N,0,0,0,2,67504,1,,1,9,,N,N,,0,,0,0,1,0,0,,1600,1,2,0,0,0,0,0,3,4,0,2,7,,N,,,,,,,,,,,
2006035662,1440.0,2,0,0,0,0,0,0,0,0,1,0,,67,2,2006,1,39.9711,-75.1238,1425.0,6,0,0,0,0,0,1,0,0,1.0,0,0,0,14,1,0,0,,2.0,39 58:22.000,1.0,0,75 07:15.273,0,0,0,0,67301,0,0,0,,0,0,0,3,67301,0,,1,9,,N,N,,0,,0,0,0,0,0,Y,1425,0,3,0,0,0,0,0,3,4,1,3,3,,N,,,,,,,,,,,
2006035713,619.0,2,0,0,0,0,0,0,0,0,4,0,,67,1,2006,5,40.0457,-75.0315,613.0,6,0,0,0,0,0,0,0,0,,0,0,0,5,5,0,1,,0.0,40 02:44.000,,0,75 01:53.426,0,0,0,0,67301,0,0,0,,0,0,0,3,67301,0,,1,1,,N,N,,0,,0,0,0,3,2,,556,0,2,0,0,0,0,0,3,4,0,2,3,,N,,,,,,,,,,,
2006033315,1250.0,3,0,0,0,0,0,0,0,0,2,0,,67,2,2006,4,,,1248.0,6,0,0,1,0,0,1,0,0,,0,0,0,12,1,1,2,,0.0,,,0,,4,0,0,0,67301,0,0,0,N,0,0,0,2,67301,1,,1,1,,N,N,,0,,0,0,1,3,3,,1248,1,4,0,0,2,0,1,3,3,0,4,3,,N,,,,,,,,,,,
2006033323,2004.0,2,0,0,0,0,0,0,0,0,4,0,,67,2,2006,1,,,2000.0,6,0,0,0,0,0,0,0,0,2.0,0,0,0,20,3,1,1,,2.0,,6.0,0,,2,0,0,0,67301,0,0,0,Y,0,0,0,5,67301,0,,1,1,,N,N,,0,,0,1,0,2,3,Y,2000,1,2,0,0,0,0,0,3,3,0,2,3,,N,,,,,,,,,,,
2006033325,1132.0,1,0,0,0,0,0,0,0,0,4,0,,67,2,2006,4,40.0604,-74.9904,1128.0,6,0,0,0,0,0,0,0,0,,0,0,0,11,1,1,1,,0.0,40 03:37.000,,0,74 59:24.731,4,0,0,0,67301,0,0,0,N,0,0,0,2,67301,1,,1,1,,N,N,,1,,0,0,0,3,2,,1125,1,2,0,0,0,0,0,3,4,0,2,3,,N,,,,,,,,,,,
2006033033,12.0,2,0,0,0,0,0,0,0,0,4,0,,67,3,2006,5,40.0139,-75.1187,10.0,6,0,0,0,0,0,1,0,0,,0,0,0,0,3,1,0,,0.0,40 00:50.000,,0,75 07:07.164,4,0,0,0,67301,0,0,0,,0,0,0,2,67301,1,,1,1,,,,,0,,0,0,0,0,0,,5,1,2,0,0,0,0,1,3,4,0,2,3,,N,,,,,,,,,,,
2006033096,1230.0,1,0,0,0,0,0,0,0,0,7,0,,67,2,2006,3,,,1220.0,6,0,0,0,0,0,0,1,0,,0,0,0,12,1,1,1,,0.0,,,0,,4,0,0,0,67301,0,0,0,N,0,0,0,1,67301,1,,5,1,,N,N,,0,,0,0,0,9,3,,1215,1,1,0,0,0,0,0,3,3,0,1,3,,N,,,,,,,,,,,
2006032843,1555.0,2,0,0,0,0,0,0,0,0,4,0,,67,2,2006,3,39.9159,-75.2453,1540.0,6,0,0,0,0,0,0,0,0,,0,0,0,14,1,1,1,,0.0,39 54:57.000,,0,75 14:43.525,3,0,0,0,67301,0,0,0,,0,0,0,2,67301,0,,1,1,,N,N,,0,,1,0,0,0,0,,1455,1,2,0,0,0,0,0,3,4,0,2,3,,N,,,,,,,,,,,
2006032972,1306.0,2,0,0,0,0,0,0,0,0,4,0,,67,2,2006,5,40.0353,-75.1214,1305.0,6,0,0,0,0,0,0,0,0,,0,0,0,13,1,2,1,,0.0,40 02:06.000,,0,75 07:17.299,8,0,0,0,67301,0,0,0,N,0,0,0,2,67301,0,,1,9,,N,N,,0,,0,0,0,3,2,,1303,2,2,0,0,0,2,0,3,4,0,2,3,,N,,,,,,,,,,,
2006020131,1121.0,2,0,0,0,0,0,0,0,0,5,0,,67,1,2006,3,39.9198,-75.1445,1115.0,6,0,0,0,0,0,0,0,0,,0,0,0,10,1,0,0,,0.0,39 55:11.175,,0,75 08:40.286,0,0,0,0,67301,0,0,0,N,0,0,0,2,67301,0,,1,9,,N,N,,0,,0,0,0,0,0,,1053,0,2,0,0,0,0,0,3,4,0,2,7,,N,,,,,,,,,,,
2006080045,1702.0,1,0,0,0,0,0,0,0,0,8,0,,67,6,2006,1,40.0431,-75.1725,1700.0,6,0,0,0,0,0,0,0,0,,0,0,0,16,1,1,0,,0.0,40 02:34.998,,0,75 10:20.870,4,0,0,0,67301,1,0,0,N,1,0,0,2,67301,1,,1,1,,N,N,,0,,0,0,0,0,0,,1655,1,2,0,0,0,0,1,3,4,0,1,3,,N,,,,,,,,,,,
2006065427,2250.0,1,0,0,0,0,0,0,0,0,7,0,,67,5,2006,1,40.0235,-75.033,2244.0,6,0,0,1,0,0,0,0,0,,0,0,0,22,3,2,0,,0.0,40 01:24.000,,0,75 01:58.907,3,0,0,0,67301,0,0,0,N,0,0,0,2,67301,1,,2,1,,N,N,,0,,1,0,0,0,0,,2242,2,1,0,0,0,0,0,3,4,0,1,3,,N,,,,,,,,,,,
2006065430,235.0,1,0,0,0,0,0,0,0,0,7,0,,67,5,2006,1,40.0719,-75.0127,235.0,6,0,0,0,0,0,0,0,0,,0,0,0,2,3,1,0,,0.0,40 04:18.000,,0,75 00:45.730,8,0,0,0,67301,0,0,0,N,0,0,0,1,67301,0,,4,1,,N,N,,0,,0,0,0,0,0,,232,1,1,0,0,1,1,0,3,4,0,1,3,,N,,,,,,,,,,,
2006065511,825.0,2,0,0,0,0,0,0,0,0,1,0,,67,5,2006,7,40.038,-75.0887,822.0,6,0,0,0,0,0,1,0,0,,0,0,0,8,1,5,3,,0.0,40 02:16.000,,0,75 05:19.142,4,0,0,0,67301,0,0,0,N,0,0,0,6,67301,5,,1,1,,N,N,,0,,0,0,1,3,2,,821,5,3,0,0,0,0,0,3,4,0,3,3,,N,,,,,,,,,,,
2006065536,1348.0,1,0,0,0,0,0,0,0,0,8,0,,67,5,2006,1,,,1344.0,6,0,0,0,0,0,0,0,0,,0,0,0,13,1,1,0,,0.0,,,0,,4,0,0,0,67301,1,0,0,N,1,0,0,2,67301,1,,1,1,,N,N,,0,,0,0,0,3,2,,1338,1,2,0,0,0,0,0,3,3,0,1,3,,N,,,,,,,,,,,
2006055365,10.0,1,0,0,0,0,0,0,0,0,7,0,,67,4,2006,6,39.9996,-75.1905,2359.0,6,0,0,0,0,0,0,0,0,1.0,0,0,0,23,3,0,2,,1.0,39 59:58.000,1.0,0,75 11:25.631,0,0,0,0,67301,0,0,0,N,0,0,0,3,67301,0,,3,1,,N,N,,0,,0,0,0,3,2,N,2359,0,1,0,0,0,0,0,3,4,0,1,3,,N,,,,,,,,,,,
2006055422,1745.0,1,0,0,0,0,0,0,0,0,4,0,,67,4,2006,2,39.9724,-75.2174,1740.0,6,0,0,0,0,0,1,0,0,,0,0,0,17,1,1,2,,0.0,39 58:20.000,,7,75 13:03.212,8,0,0,0,67301,0,0,0,N,0,0,0,7,67301,0,,1,1,,N,N,,0,,0,0,0,3,2,,1739,1,2,0,0,0,1,0,3,4,1,2,3,,N,,,,,,,,,,,
2006055437,820.0,1,0,0,0,0,0,1,0,0,4,1,,67,4,2006,3,40.0265,-75.0422,817.0,6,0,0,0,0,0,0,0,0,,0,0,0,8,1,2,1,,0.0,40 01:35.000,,0,75 02:31.971,4,0,0,0,67301,0,0,0,,0,0,0,2,67301,1,,1,1,,,,,0,,0,0,0,3,3,,817,2,2,0,0,0,1,0,3,4,0,2,3,,N,,,,,,,,,,,
2006094608,734.0,1,0,0,0,0,0,0,0,0,7,0,,67,7,2006,6,40.0254,-75.073,728.0,6,0,0,0,0,0,0,0,0,,0,0,0,7,1,1,0,,0.0,40 01:31.602,,0,75 04:22.900,4,0,0,0,67301,0,0,0,Y,0,0,0,1,67301,1,,4,1,,N,N,,0,,0,0,0,0,0,,726,1,1,0,0,0,0,0,3,4,0,1,3,,N,,,,,,,,,,,
2006055531,1002.0,2,0,0,0,0,0,0,0,0,1,0,,67,3,2006,4,40.0437,-75.0815,958.0,6,0,0,0,0,0,0,0,0,,0,0,0,9,1,1,1,,0.0,40 02:37.212,,0,75 04:53.486,4,0,0,0,67301,0,0,0,N,0,0,0,3,67301,1,,1,1,,N,N,,0,,0,0,0,3,2,,953,1,2,0,0,0,0,0,3,4,0,2,3,,N,,,,,,,,,,,
2006055594,1000.0,3,0,0,0,0,0,0,0,0,1,0,,67,3,2006,2,40.0731,-75.0763,951.0,6,0,0,0,0,0,2,0,1,9.0,0,0,0,9,1,1,0,,1.0,40 04:23.000,3.0,0,75 04:34.488,8,0,0,0,67301,0,0,0,N,0,0,0,7,67301,0,,1,1,,N,N,,0,,0,0,0,0,0,N,934,1,4,0,0,0,1,0,3,4,1,4,3,,N,,,,,,,,,,,
2006126862,1710.0,1,0,0,0,0,0,0,0,0,8,0,,67,10,2006,6,39.9207,-75.1812,1705.0,6,0,0,0,0,1,0,0,0,,0,0,0,17,1,1,2,,0.0,39 55:14.689,,0,75 10:52.467,4,0,0,0,67301,1,0,0,N,1,0,0,2,67301,1,,1,1,,N,N,,0,,0,0,0,9,3,,1700,1,2,0,0,1,0,0,3,4,0,1,3,,N,,,,,,,,,,,
2006126868,1641.0,1,0,0,1,0,0,0,0,0,8,0,,67,9,2006,2,39.9689,-75.1634,1639.0,6,0,0,0,0,0,0,0,0,,0,0,0,16,1,1,1,,0.0,39 58:07.917,,0,75 09:48.096,4,0,0,0,67301,1,0,0,N,0,0,0,2,67301,1,,1,1,,N,N,,0,,0,0,0,9,3,,1630,1,2,0,0,0,0,0,3,4,0,1,3,,N,,,,,,,,,,,
2006102207,1545.0,1,0,0,0,0,0,0,0,0,8,0,,67,9,2006,3,40.001,-75.148,1540.0,6,0,0,0,0,0,0,0,0,,0,0,0,15,1,1,1,,0.0,40 00:03.000,,0,75 08:53.711,3,0,0,0,67301,1,0,0,N,1,0,0,2,67301,0,,1,1,,N,N,,0,,1,0,0,0,0,,1526,1,2,0,0,0,0,1,3,4,0,1,3,,N,,,,,,,,,,,
2006124627,2150.0,2,0,0,0,0,0,0,0,0,4,0,,67,11,2006,7,40.0432,-75.0523,2145.0,6,0,0,0,0,0,0,0,0,,0,0,0,21,3,1,1,,0.0,40 02:35.000,,0,75 03:08.307,8,0,0,0,67301,0,0,0,N,0,0,0,3,67301,0,,1,1,,N,N,,0,,0,0,0,3,2,,2130,1,2,0,0,0,1,0,3,4,0,2,3,,N,,,,,,,,,,,
2006112653,910.0,2,0,0,0,0,0,0,0,0,4,0,,67,10,2006,3,39.9909,-75.1735,905.0,6,0,0,0,0,1,1,0,0,,0,0,0,8,1,4,1,,0.0,39 59:27.297,,0,75 10:24.549,8,0,0,0,67301,0,0,0,N,0,0,0,4,67301,0,,1,9,,N,N,,0,,0,0,0,9,3,,850,4,2,0,0,0,4,0,3,4,0,2,7,,N,,,,,,,,,,,
2006112698,9999.0,2,0,0,0,0,0,0,0,0,4,0,,67,10,2006,6,40.019,-75.1601,1640.0,6,0,0,0,1,0,0,0,1,,0,0,0,99,1,1,2,,0.0,40 01:08.000,,0,75 09:36.187,4,0,0,0,67301,0,0,0,N,0,0,0,2,67301,1,,1,9,,N,N,,0,,0,0,0,3,3,,9999,1,2,0,0,0,0,0,3,4,0,2,7,,N,,,,,,,,,,,
2006112702,1618.0,0,0,0,1,0,0,0,0,0,4,0,,67,10,2006,4,39.9888,-75.139,1613.0,6,0,0,0,0,0,1,0,0,,0,0,0,16,1,1,1,,0.0,39 59:19.618,,0,75 08:20.522,4,0,0,0,67301,1,0,0,,0,0,0,2,67301,1,,1,1,,,,,0,,0,0,1,0,0,,1613,1,2,0,0,0,0,0,3,4,0,1,3,,N,,,,,,,,,,,
2006112747,1930.0,1,0,0,0,0,0,0,0,0,8,0,,67,10,2006,4,40.0795,-74.9918,1923.0,6,0,0,0,0,0,0,0,0,,0,0,0,99,2,1,1,,0.0,40 04:46.153,,0,74 59:30.548,4,0,0,0,67301,1,0,0,N,1,0,0,2,67301,1,,1,9,,N,N,,0,,0,0,0,9,3,,9999,1,2,0,0,0,0,0,3,4,0,1,7,,N,,,,,,,,,,,
2006112748,118.0,2,0,0,0,0,0,0,0,0,4,0,,67,10,2006,7,39.9346,-75.2327,115.0,6,0,0,0,0,0,1,0,0,,0,0,0,12,1,1,1,,0.0,39 56:04.756,,0,75 13:57.724,3,0,0,0,67301,0,0,0,N,0,0,0,2,67301,0,,1,1,,N,N,,0,,1,0,0,3,2,,1250,1,2,0,0,0,0,1,3,4,0,2,3,,N,,,,,,,,,,,
2006127100,2030.0,1,0,0,0,0,0,0,0,0,0,0,,67,10,2006,5,40.0106,-75.0628,2024.0,6,0,0,0,0,0,0,0,0,9.0,0,0,0,15,1,1,0,,2.0,40 00:38.000,2.0,0,75 03:46.530,8,0,0,0,67301,0,0,0,N,0,0,0,2,67301,0,,1,1,,N,N,,0,,0,0,0,0,0,N,1522,1,2,0,0,0,1,0,3,4,0,1,3,,N,,,,,,,,,,,
2006062249,232.0,2,0,0,0,0,0,0,0,0,4,0,,67,5,2006,2,39.9878,-75.1316,230.0,6,0,0,0,0,0,0,0,0,,0,0,0,2,3,1,1,,0.0,39 59:16.094,,0,75 07:53.659,3,0,0,0,67301,0,0,0,N,0,0,0,2,67301,0,,1,1,,N,N,,0,,1,0,0,9,3,,230,1,2,0,0,0,0,1,3,4,0,2,3,,N,,,,,,,,,,,
2006062255,1440.0,2,0,0,0,0,0,0,0,0,4,0,,67,5,2006,2,39.9644,-75.1343,1432.0,6,0,0,0,1,0,0,0,0,,0,0,0,14,1,2,1,,0.0,39 57:52.000,,0,75 08:03.864,4,0,0,0,67301,0,0,0,,0,0,0,4,67301,2,,1,1,,,,,0,,0,0,0,9,2,,1432,2,2,0,0,0,0,1,3,4,0,2,3,,N,,,,,,,,,,,
2006062275,300.0,1,0,0,0,0,0,0,0,0,1,0,,67,5,2006,7,39.9847,-75.095,242.0,6,0,0,0,0,0,0,0,0,1.0,0,0,0,2,3,0,0,,1.0,39 59:05.000,1.0,0,75 05:41.417,0,0,0,0,67301,0,0,0,,0,0,0,2,67301,0,,1,98,,,,,0,,0,0,1,0,0,N,239,0,2,0,0,1,0,0,3,4,0,2,98,,N,,,,,,,,,,,