CRN,ARRIVAL_TM,AUTOMOBILE_COUNT,BELTED_DEATH_COUNT,BELTED_SUSP_SERIOUS_INJ_COUNT,BICYCLE_COUNT,BICYCLE_DEATH_COUNT,BICYCLE_SUSP_SERIOUS_INJ_COUNT,BUS_COUNT,CHLDPAS_DEATH_COUNT,CHLDPAS_SUSP_SERIOUS_INJ_COUNT,COLLISION_TYPE,COMM_VEH_COUNT,CONS_ZONE_SPD_LIM,COUNTY,CRASH_MONTH,CRASH_YEAR,DAY_OF_WEEK,DEC_LAT,DEC_LONG,DISPATCH_TM,DISTRICT,DRIVER_COUNT_16YR,DRIVER_COUNT_17YR,DRIVER_COUNT_18YR,DRIVER_COUNT_19YR,DRIVER_COUNT_20YR,DRIVER_COUNT_50_64YR,DRIVER_COUNT_65_74YR,DRIVER_COUNT_75PLUS,EST_HRS_CLOSED,FATAL_COUNT,HEAVY_TRUCK_COUNT,HORSE_BUGGY_COUNT,HOUR_OF_DAY,ILLUMINATION,INJURY_COUNT,INTERSECT_TYPE,INTERSECTION_RELATED,LANE_CLOSED,LATITUDE,LN_CLOSE_DIR,LOCATION_TYPE,LONGITUDE,MAX_SEVERITY_LEVEL,MCYCLE_DEATH_COUNT,MCYCLE_SUSP_SERIOUS_INJ_COUNT,MOTORCYCLE_COUNT,MUNICIPALITY,NONMOTR_COUNT,NONMOTR_DEATH_COUNT,NONMOTR_SUSP_SERIOUS_INJ_COUNT,NTFY_HIWY_MAINT,PED_COUNT,PED_DEATH_COUNT,PED_SUSP_SERIOUS_INJ_COUNT,PERSON_COUNT,POLICE_AGCY,POSSIBLE_INJ_COUNT,RDWY_SURF_TYPE_CD,RELATION_TO_ROAD,ROAD_CONDITION,ROADWAY_CLEARED,SCH_BUS_IND,SCH_ZONE_IND,SECONDARY_CRASH,SMALL_TRUCK_COUNT,SPEC_JURIS_CD,SUSP_MINOR_INJ_COUNT,SUSP_SERIOUS_INJ_COUNT,SUV_COUNT,TCD_FUNC_CD,TCD_TYPE,TFC_DETOUR_IND,TIME_OF_DAY,TOT_INJ_COUNT,TOTAL_UNITS,UNB_DEATH_COUNT,UNB_SUSP_SERIOUS_INJ_COUNT,UNBELTED_OCC_COUNT,UNK_INJ_DEG_COUNT,UNK_INJ_PER_COUNT,URBAN_AREA,URBAN_RURAL,VAN_COUNT,VEHICLE_COUNT,WEATHER1,WEATHER2,WORK_ZONE_IND,WORK_ZONE_LOC,WORK_ZONE_TYPE,WORKERS_PRES,WZ_CLOSE_DETOUR,WZ_FLAGGER,WZ_LAW_OFFCR_IND,WZ_LN_CLOSURE,WZ_MOVING,WZ_OTHER,WZ_SHLDER_MDN,WZ_WORKERS_INJ_KILLED
2006093883,1125.0,2,0,0,0,0,0,0,0,0,1,0,,67,7,2006,4,40.0613,-75.2362,1120.0,6,0,0,0,1,0,0,0,0,1.0,0,0,0,11,1,0,1,,1.0,40 03:40.000,2.0,0,75 14:10.507,0,0,0,0,67301,0,0,0,N,0,0,0,3,67301,0,,1,1,,N,N,,0,,0,0,0,3,2,N,1115,0,2,0,0,0,0,0,3,4,0,2,3,,N,,,,,,,,,,,
2006093884,453.0,0,0,0,0,0,0,0,0,0,6,0,,67,7,2006,7,40.0335,-75.0403,447.0,6,0,0,0,0,0,0,0,0,3.0,1,0,0,4,3,0,0,,2.0,40 02:00.463,6.0,0,75 02:25.033,1,1,0,1,67301,0,0,0,N,0,0,0,1,67301,0,2.0,1,1,,N,N,,0,0.0,0,0,1,0,0,N,445,0,2,0,0,0,0,0,3,4,0,2,3,,N,,,,,,,,,,,
2006093928,750.0,3,0,0,0,0,0,0,0,0,1,0,,67,8,2006,4,,,737.0,6,0,0,0,0,0,0,0,0,1.0,0,0,0,7,1,0,0,,1.0,,4.0,0,,9,0,0,0,67301,0,0,0,N,0,0,0,4,67301,0,,1,1,,N,N,,0,,0,0,0,0,0,Y,737,0,3,0,0,0,0,1,3,3,0,3,3,,N,,,,,,,,,,,
2006054952,530.0,2,0,0,0,0,0,0,0,0,4,0,,67,3,2006,6,40.0276,-75.0962,530.0,6,0,0,0,0,0,1,0,0,,0,0,0,5,3,0,2,,0.0,40 01:39.432,,0,75 05:46.337,0,0,0,0,67301,0,0,0,,0,0,0,2,67301,0,,1,9,,,,,0,,0,0,0,9,3,,525,0,2,0,0,2,0,0,3,4,0,2,7,,N,,,,,,,,,,,
2006054992,1503.0,2,0,0,0,0,0,0,0,0,1,0,,67,3,2006,6,39.965,-75.1336,1500.0,6,0,0,0,1,0,0,0,0,,0,0,0,14,1,1,0,,0.0,39 57:53.914,,0,75 08:01.017,4,0,0,0,67301,0,0,0,N,0,0,0,2,67301,1,,1,1,,N,N,,0,,0,0,0,3,2,,1435,1,2,0,0,0,0,0,3,4,0,2,3,,N,,,,,,,,,,,
2006055099,1730.0,1,0,0,0,0,0,0,0,0,4,0,,67,4,2006,7,39.9908,-75.1309,1725.0,6,0,0,0,0,0,1,0,0,,0,0,0,17,1,2,1,,0.0,39 59:26.000,,0,75 07:51.782,4,0,0,0,67301,0,0,0,,0,0,0,3,67301,2,,1,1,,N,N,,0,,0,0,0,9,2,,1725,2,2,0,0,0,0,1,3,4,1,2,3,,N,,,,,,,,,,,
2006055127,1555.0,1,0,0,0,0,0,0,0,0,1,1,,67,4,2006,6,39.895,-75.2369,1545.0,6,0,0,0,0,0,2,0,0,,0,1,0,14,1,2,1,,0.0,39 53:24.000,,0,75 14:01.732,4,0,0,0,67301,0,0,0,N,0,0,0,3,67301,2,,1,1,,N,N,,0,,0,0,0,3,4,,1430,2,2,0,0,1,0,0,3,4,0,2,3,,N,,,,,,,,,,,
2006055082,1036.0,1,0,0,1,0,0,0,0,0,4,0,,67,4,2006,3,,,1032.0,6,0,0,0,0,0,0,0,0,,0,0,0,8,1,1,0,,0.0,,,0,,4,0,0,0,67301,1,0,0,N,0,0,0,2,67301,1,,1,1,,N,N,,0,,0,0,0,0,0,,830,1,2,0,0,0,0,1,3,3,0,1,3,,N,,,,,,,,,,,
2006055245,1643.0,2,0,0,0,0,0,0,0,0,8,0,,67,3,2006,5,,,1640.0,6,0,0,0,0,0,1,0,0,,0,0,0,16,1,1,0,,0.0,,,0,,4,0,0,0,67301,1,0,0,,1,0,0,3,67301,1,,1,1,,,,,0,,0,0,0,3,2,,1640,1,3,0,0,0,0,0,3,3,0,2,3,,N,,,,,,,,,,,
2006018361,1613.0,1,0,0,0,0,0,0,0,0,8,0,,67,1,2006,4,39.9562,-75.1627,1611.0,6,0,0,0,0,0,0,0,0,,0,0,0,16,1,1,1,,0.0,39 57:22.000,,0,75 09:45.258,3,0,0,0,67301,1,0,0,N,1,0,0,3,67301,0,,1,1,,N,N,,0,,1,0,0,3,2,,1608,1,2,0,0,0,0,0,3,4,0,1,3,,N,,,,,,,,,,,
2006033462,1427.0,2,0,0,0,0,0,0,0,0,4,0,,67,2,2006,3,39.9908,-75.1309,1425.0,6,0,0,0,0,0,1,0,0,,0,0,0,14,1,2,0,,0.0,39 59:27.000,,0,75 07:51.173,4,0,0,0,67301,0,0,0,N,0,0,0,3,67301,1,,1,1,,N,N,,0,,0,0,0,0,0,,1425,2,2,0,0,0,1,1,3,4,0,2,3,,N,,,,,,,,,,,
2006033087,927.0,2,0,0,0,0,0,0,0,0,4,0,,67,2,2006,4,39.9867,-75.2083,925.0,6,0,0,0,0,0,0,1,0,,0,0,0,9,1,0,2,,0.0,39 59:11.000,,2,75 12:29.789,0,0,0,0,67301,0,0,0,N,0,0,0,2,67301,0,,1,1,,N,N,,0,,0,0,0,3,3,,925,0,2,0,0,0,0,0,3,4,0,2,3,,N,,,,,,,,,,,
2006032807,1347.0,2,0,0,0,0,0,0,0,0,6,0,,67,1,2006,1,,,1345.0,6,0,0,0,0,0,0,0,0,,0,0,0,12,1,1,1,,0.0,,,0,,8,0,0,0,67301,0,0,0,N,0,0,0,4,67301,0,,1,9,,N,N,,0,,0,0,0,3,2,,1200,1,2,0,0,0,1,0,3,3,0,2,3,,N,,,,,,,,,,,
2006022708,2325.0,1,0,0,1,0,0,0,0,0,4,0,,67,1,2006,2,39.9649,-75.1594,2321.0,6,0,0,0,0,0,0,0,0,,0,0,0,23,3,1,1,,0.0,39 57:53.000,,0,75 09:33.739,4,0,0,0,67301,1,0,0,,0,0,0,2,67301,1,,1,1,,N,N,,0,,0,0,0,3,3,,2310,1,2,0,0,0,0,0,3,4,0,1,3,,N,,,,,,,,,,,
2006018277,615.0,1,0,0,0,0,0,0,0,0,7,0,,67,1,2006,4,39.906,-75.194,608.0,6,0,0,0,0,0,0,1,0,,0,0,0,6,3,1,0,,0.0,39 54:21.000,,0,75 11:38.434,4,0,0,0,67301,0,0,0,N,0,0,0,1,67301,1,,5,9,,N,N,,0,,0,0,0,0,0,,601,1,1,0,0,0,0,0,3,4,0,1,3,,N,,,,,,,,,,,
2006053691,1300.0,2,0,0,0,0,0,0,0,0,4,0,,67,4,2006,7,39.9898,-75.1039,1254.0,6,0,0,0,0,0,0,0,0,,0,0,0,12,1,1,1,,0.0,39 59:23.000,,0,75 06:13.859,4,0,0,0,67301,0,0,0,N,0,0,0,2,67301,1,,1,9,,N,N,,0,,0,0,0,3,2,,1253,1,2,0,0,0,0,0,3,4,0,2,7,,N,,,,,,,,,,,
2006018357,1225.0,2,0,0,0,0,0,0,0,0,6,0,,67,1,2006,4,40.0805,-75.0317,1219.0,6,0,0,0,0,0,0,0,0,,0,0,0,12,1,3,2,,0.0,40 04:49.915,,0,75 01:54.155,4,0,0,0,67301,0,0,0,N,0,0,0,4,67301,3,,1,9,,N,N,,0,,0,0,0,3,3,,1217,3,3,0,0,0,0,1,3,4,0,3,7,,N,,,,,,,,,,,
2006020145,9999.0,2,0,0,0,0,0,0,0,0,1,0,,67,1,2006,1,40.0079,-75.1723,9999.0,6,0,0,0,0,0,0,1,0,,0,0,0,10,1,1,1,,0.0,40 00:28.000,,0,75 10:20.669,8,0,0,0,67301,0,0,0,N,0,0,0,2,67301,0,,1,1,,N,N,,0,,0,0,0,3,2,,1019,1,2,0,0,0,1,0,3,4,0,2,3,,N,,,,,,,,,,,
2006065446,1355.0,0,0,0,0,0,0,0,0,0,1,0,,67,5,2006,7,40.058,-75.2336,1346.0,6,0,0,0,0,0,0,0,0,2.0,0,0,0,13,1,3,1,,1.0,40 03:28.000,2.0,0,75 14:00.692,8,0,0,0,67301,0,0,0,,0,0,0,7,67301,0,,1,1,,,,,0,,0,0,1,3,2,N,1346,3,2,0,0,0,3,0,3,4,1,2,3,,N,,,,,,,,,,,
2006065389,1910.0,2,0,0,0,0,0,0,0,0,4,0,,67,5,2006,3,40.0948,-75.0153,1905.0,6,0,0,0,0,0,0,0,0,9.0,0,0,0,19,1,1,1,,1.0,40 05:42.000,2.0,0,75 00:55.080,8,0,0,0,67301,0,0,0,N,0,0,0,3,67301,0,,1,1,,N,N,,0,,0,0,0,3,2,N,1900,1,2,0,0,0,1,0,3,4,0,2,3,,N,,,,,,,,,,,
2006065531,920.0,1,0,0,0,0,0,0,0,0,8,0,,67,6,2006,6,39.951,-75.152,911.0,6,0,0,0,0,0,1,0,0,,0,0,0,9,1,1,1,,0.0,39 57:03.000,,0,75 09:07.266,4,0,0,0,67301,1,0,0,N,1,0,0,2,67301,1,,1,1,,N,N,,0,,0,0,0,3,2,,908,1,2,0,0,1,0,0,3,4,0,1,3,,N,,,,,,,,,,,
2006055337,1946.0,3,0,0,0,0,0,0,0,0,4,0,,67,3,2006,5,39.8992,-75.1748,1943.0,6,0,0,0,0,0,1,0,0,,0,0,0,19,3,0,0,,0.0,39 53:57.120,,0,75 10:29.280,0,0,0,0,67301,0,0,0,N,0,0,0,6,67301,0,,1,1,,N,N,,0,,0,0,0,0,0,,1940,0,3,0,0,0,0,0,3,4,0,3,3,,N,,,,,,,,,,,
2006094611,710.0,1,0,0,0,0,0,0,0,0,7,0,,67,8,2006,5,,,705.0,6,0,0,0,0,0,0,0,0,,0,0,0,7,1,2,0,,0.0,,,0,,8,0,0,0,67301,0,0,0,N,0,0,0,2,67301,0,,5,1,,N,N,,0,,0,0,0,0,0,,705,2,1,0,0,0,2,0,3,3,0,1,3,,N,,,,,,,,,,,
2006055514,1730.0,2,0,0,0,0,0,0,0,0,4,0,,67,3,2006,5,40.1071,-75.0388,1725.0,6,0,0,0,0,0,0,0,0,,0,0,0,17,4,1,0,,0.0,40 06:25.520,,0,75 02:19.561,4,0,0,0,67301,0,0,0,,0,0,0,2,67301,1,,1,9,,,,,0,,0,0,0,0,0,,1720,1,2,0,0,1,0,0,3,4,0,2,7,,N,,,,,,,,,,,
2006055554,600.0,1,0,0,0,0,0,0,0,0,5,0,,67,4,2006,3,40.0103,-75.0631,1555.0,6,0,0,0,0,0,1,0,0,,0,0,0,15,1,0,0,,0.0,40 00:45.000,,0,75 03:32.400,0,0,0,0,67301,0,0,0,N,0,0,0,2,67301,0,,1,1,,N,N,,0,,0,0,0,0,0,,1545,0,2,0,0,0,0,0,3,4,1,2,3,,N,,,,,,,,,,,
2006055612,1435.0,2,0,0,0,0,0,0,0,0,4,0,,67,2,2006,3,40.0244,-75.034,1431.0,6,0,0,0,0,0,0,0,0,,0,0,0,99,1,1,2,,0.0,40 01:28.000,,0,75 02:02.223,4,0,0,0,67301,0,0,0,N,0,0,0,2,67301,1,,1,1,,N,N,,0,,0,0,0,0,0,,9999,1,2,0,0,0,0,1,3,4,0,2,3,,N,,,,,,,,,,,
2006055805,827.0,1,0,0,0,0,0,0,0,0,7,0,,67,3,2006,5,40.0055,-75.1054,825.0,6,0,0,0,0,0,1,0,0,,0,0,0,99,1,2,0,,0.0,40 00:19.000,,0,75 06:19.529,4,0,0,0,67301,0,0,0,N,0,0,0,2,67301,1,,4,1,,N,N,,0,,0,0,0,3,2,,9999,2,1,0,0,0,1,0,3,4,0,1,3,,N,,,,,,,,,,,
2006102417,1855.0,2,0,0,0,0,0,0,0,0,4,0,,67,9,2006,1,,,1843.0,6,0,0,1,0,0,0,0,0,3.0,0,0,0,18,3,0,0,,2.0,,5.0,0,,0,0,0,0,67301,0,0,0,N,0,0,0,3,67301,0,,1,9,,N,N,,0,,0,0,0,0,0,Y,1840,0,2,0,0,1,0,0,3,3,0,2,7,,N,,,,,,,,,,,
2006112656,2235.0,0,0,0,0,0,0,0,0,0,1,0,,67,10,2006,1,39.9733,-75.1205,2223.0,6,0,0,0,0,0,1,0,0,2.0,0,0,0,22,3,3,0,,2.0,39 58:24.000,2.0,0,75 07:12.804,8,0,0,0,67301,0,0,0,N,0,0,0,5,67301,0,,1,1,,N,N,,1,,0,0,1,0,0,N,2220,3,2,0,0,0,3,0,3,4,0,2,3,,N,,,,,,,,,,,
2006112663,1300.0,1,0,0,0,0,0,0,0,0,8,0,,67,10,2006,3,39.9514,-75.1551,1300.0,6,0,0,0,0,0,1,0,0,9.0,0,0,0,13,1,1,1,,1.0,39 57:04.000,6.0,0,75 09:18.445,8,0,0,0,67301,1,0,0,N,1,0,0,3,67301,0,,1,1,,N,N,,0,,0,0,0,9,2,Y,1300,1,2,0,0,0,1,0,3,4,0,1,3,,N,,,,,,,,,,,
2006112701,1348.0,1,0,0,0,0,0,0,0,0,4,0,,67,10,2006,7,39.9931,-75.1479,1345.0,6,0,0,0,0,0,1,0,0,,0,0,0,13,1,2,1,,0.0,39 59:34.000,,0,75 08:52.453,3,0,0,0,67301,0,0,0,,0,0,0,2,67301,0,,1,1,,N,N,,0,,2,0,1,3,2,,1342,2,2,0,0,0,0,0,3,4,0,2,3,,N,,,,,,,,,,,
2006124716,645.0,1,0,0,0,0,0,0,0,0,5,1,,67,10,2006,6,,,643.0,6,0,0,0,0,0,0,0,0,,0,1,0,6,1,1,2,,0.0,,,0,,4,0,0,0,67301,0,0,0,,0,0,0,2,67301,1,,1,9,,,,,0,,0,0,0,3,2,,642,1,2,0,0,0,0,0,3,3,0,2,7,,N,,,,,,,,,,,
2006062274,943.0,2,0,0,0,0,0,0,0,0,4,0,,67,5,2006,3,40.0688,-75.1659,940.0,6,0,0,0,0,0,0,0,0,,0,0,0,7,1,0,1,,0.0,40 04:07.845,,0,75 09:57.067,0,0,0,0,67301,0,0,0,,0,0,0,2,67301,0,,1,1,,N,N,,0,,0,0,0,3,3,,740,0,2,0,0,2,0,0,3,4,0,2,3,,N,,,,,,,,,,,
2006054674,1236.0,1,0,0,0,0,0,0,0,0,4,0,,67,4,2006,7,40.0236,-75.1219,1226.0,6,0,0,0,0,1,0,0,0,,0,0,0,12,1,1,1,,0.0,40 01:25.078,,0,75 07:18.911,4,0,0,0,67301,0,0,0,N,0,0,0,2,67301,1,,1,9,,N,N,,0,,0,0,0,9,3,,1220,1,2,0,0,2,0,0,3,4,1,2,7,,N,,,,,,,,,,,
2006062471,1908.0,1,0,0,0,0,0,0,0,0,1,0,,67,4,2006,1,40.0152,-75.1771,1900.0,6,0,0,0,0,0,0,0,0,1.0,0,0,0,18,4,2,6,,1.0,40 00:54.720,3.0,0,75 10:37.560,4,0,0,0,67301,0,0,0,N,0,0,0,3,67301,2,,7,1,,N,N,,1,,0,0,0,3,8,N,1854,2,2,0,0,0,0,0,3,4,0,2,3,,N,,,,,,,,,,,
2006094091,1250.0,1,0,0,0,0,0,0,0,0,4,0,,67,7,2006,3,39.9101,-75.1633,1245.0,6,0,0,0,0,0,1,0,0,,0,0,0,12,1,1,1,,0.0,39 54:36.252,,0,75 09:48.020,4,0,0,0,67301,0,0,0,N,0,0,0,3,67301,1,,1,1,,N,N,,1,,0,0,0,3,2,,1243,1,2,0,0,0,0,1,3,4,0,2,3,,N,,,,,,,,,,,
2006055324,2320.0,1,0,0,0,0,0,0,0,0,4,0,,67,4,2006,6,40.0152,-75.1699,2315.0,6,0,0,0,0,0,0,0,0,,0,0,0,23,3,2,1,,0.0,40 00:54.000,,0,75 10:11.699,8,0,0,0,67301,0,0,0,,0,0,0,3,67301,0,,1,9,,,,,0,,0,0,1,9,2,,2305,2,2,0,0,1,2,1,3,4,0,2,7,,N,,,,,,,,,,,
2006055209,2128.0,2,0,0,0,0,0,0,0,0,4,0,,67,3,2006,7,39.9549,-75.1837,2126.0,6,0,0,0,0,0,0,1,0,2.0,0,0,0,21,3,2,0,,1.0,39 57:17.000,4.0,0,75 11:01.518,4,0,0,0,67301,0,0,0,N,0,0,0,5,67301,2,,1,1,,N,N,,0,,0,0,0,0,0,N,2122,2,2,0,0,0,0,0,3,4,0,2,3,,N,,,,,,,,,,,
2006094242,746.0,1,0,0,0,0,0,0,0,0,9,0,,67,7,2006,7,,,743.0,6,0,0,0,0,0,0,0,0,,0,0,0,7,1,1,1,,0.0,,,0,,4,0,0,0,67301,0,0,0,N,0,0,0,1,67301,1,,1,9,,N,N,,0,,0,0,0,3,3,,740,1,1,0,0,0,0,0,3,3,0,1,3,,N,,,,,,,,,,,
2006094369,1225.0,1,0,0,0,0,0,0,0,0,8,0,,67,7,2006,2,40.0477,-75.06,1225.0,6,0,0,1,0,0,0,0,0,,0,0,0,99,1,1,1,,0.0,40 02:51.000,,0,75 03:35.227,8,0,0,0,67301,1,0,0,N,1,0,0,2,67301,0,,1,1,,N,N,,0,,0,0,0,3,2,,9999,1,2,0,0,0,1,0,3,4,0,1,3,,N,,,,,,,,,,,
2006094416,2052.0,0,0,0,1,0,0,0,0,0,1,0,,67,7,2006,2,40.0716,-75.0388,2052.0,6,0,0,0,0,0,1,0,0,,0,0,0,20,3,1,0,,0.0,40 04:17.630,,0,75 02:19.716,8,0,0,0,67301,1,0,0,N,0,0,0,6,67301,0,,1,1,,N,N,,0,,0,0,1,0,0,,2050,1,2,0,0,0,1,0,3,4,0,1,3,,N,,,,,,,,,,,
2006094433,1813.0,0,0,0,0,0,0,0,0,0,7,0,,67,7,2006,3,40.0022,-75.1577,1813.0,6,0,0,1,0,0,0,0,0,,0,0,0,18,1,0,1,,0.0,40 00:07.944,,0,75 09:27.619,0,0,0,0,67301,0,0,0,N,0,0,0,3,67301,0,,4,1,,N,N,,0,,0,0,1,3,2,,1800,0,1,0,0,0,0,0,3,4,0,1,3,,N,,,,,,,,,,,
2006094481,9999.0,0,0,0,1,0,0,0,0,0,4,0,,67,7,2006,3,39.9297,-75.1819,9999.0,6,0,0,0,0,0,0,0,0,,0,0,0,99,4,1,1,,0.0,39 55:47.038,,0,75 10:54.947,4,0,0,0,67301,1,0,0,N,0,0,0,2,67301,1,,1,1,,N,N,,0,,0,0,1,3,2,,9999,1,2,0,0,0,0,1,3,4,0,1,3,,N,,,,,,,,,,,
2006081692,1410.0,0,0,0,0,0,0,0,0,0,4,0,,67,6,2006,4,39.9897,-75.1147,1400.0,6,0,0,0,0,0,0,0,0,,0,0,0,13,1,1,1,,0.0,39 59:23.046,,0,75 06:52.991,4,0,0,0,67301,1,0,0,,1,0,0,2,67301,1,,1,1,,N,N,,0,,0,0,0,9,3,,1359,1,2,0,0,0,0,0,3,4,1,1,3,,N,,,,,,,,,,,
2006081694,809.0,2,0,0,0,0,0,0,0,0,1,0,,67,7,2006,7,,,807.0,6,0,0,0,0,0,0,0,1,,0,0,0,8,1,1,0,,0.0,,,0,,8,0,0,0,67301,0,0,0,N,0,0,0,1,67301,0,,1,1,,N,N,,0,,0,0,0,0,0,,802,1,3,0,0,0,1,0,3,3,1,3,3,,N,,,,,,,,,,,
2006081715,1244.0,1,0,0,0,0,0,0,0,0,2,0,,67,7,2006,3,,,1240.0,6,0,0,0,0,0,0,0,0,,0,0,0,12,1,0,0,,0.0,,,0,,0,0,0,0,67301,1,0,0,N,0,0,0,3,67301,0,,6,1,,N,N,,0,,0,0,1,0,0,,1230,0,2,0,0,1,0,0,3,3,0,2,3,,N,,,,,,,,,,,
2006084183,535.0,1,0,0,0,0,0,0,0,0,7,0,,67,7,2006,6,,,530.0,6,0,0,0,0,0,0,0,0,,0,0,0,5,1,1,0,,0.0,,,2,,8,0,0,0,67301,0,0,0,N,0,0,0,1,67501,0,,2,1,,N,N,,0,,0,0,0,0,0,,529,1,1,0,0,0,1,0,3,3,0,1,3,,N,,,,,,,,,,,
2006089273,1624.0,2,0,0,0,0,0,0,0,0,4,0,,67,8,2006,5,40.0012,-75.2264,9999.0,6,0,0,0,0,0,1,0,0,,0,0,0,16,1,1,1,,0.0,40 00:04.000,,0,75 13:35.269,4,0,0,0,67301,0,0,0,N,0,0,0,3,46104,1,,1,1,,N,N,,0,,0,0,0,3,2,,1624,1,2,0,0,0,0,0,3,4,0,2,3,,N,,,,,,,,,,,
2006126238,1023.0,0,0,0,1,0,1,0,0,0,4,0,,67,9,2006,1,,,1022.0,6,0,0,0,0,0,0,0,0,,0,0,0,10,1,1,1,,0.0,,,0,,2,0,0,0,67301,1,0,1,N,0,0,0,3,67301,0,,1,1,,N,N,,0,,0,1,0,2,3,,1018,1,2,0,0,0,0,0,3,3,1,1,3,,N,,,,,,,,,,,
2006126309,1615.0,0,0,0,0,0,0,0,0,0,8,0,,67,11,2006,7,40.0596,-75.0607,1610.0,6,0,0,0,0,0,0,0,0,,0,0,0,16,1,1,1,,0.0,40 03:34.534,,0,75 03:38.469,3,0,0,0,67301,1,0,0,N,1,0,0,2,67301,0,,1,1,,N,N,,0,,1,0,0,3,3,,1610,1,2,0,0,0,0,0,3,4,1,1,3,,N,,,,,,,,,,,
2006036559,1435.0,2,0,0,0,0,0,0,0,0,1,0,,67,2,2006,7,39.9414,-75.238,1432.0,6,0,0,0,0,0,1,1,0,,0,0,0,14,1,1,2,,0.0,39 56:29.000,,0,75 14:16.928,4,0,0,0,67301,0,0,0,,0,0,0,2,67301,1,,1,9,,N,N,,0,,0,0,0,9,3,,1424,1,2,0,0,0,0,0,3,4,0,2,7,,N,,,,,,,,,,,
2006036611,900.0,1,0,0,0,0,0,0,0,0,4,0,,67,2,2006,7,40.0063,-75.1939,854.0,6,0,0,0,0,0,1,0,0,1.0,0,0,0,8,1,1,7,,1.0,40 00:22.000,2.0,2,75 11:37.938,8,0,0,0,67301,0,0,0,N,0,0,0,2,67301,0,,1,1,,N,N,,0,,0,0,1,0,0,N,852,1,2,0,0,0,1,0,3,4,0,2,3,,N,,,,,,,,,,,
2006036661,1051.0,0,0,0,0,0,0,0,0,0,7,0,,67,2,2006,4,,,1049.0,6,0,0,0,0,0,0,1,0,,0,0,0,10,1,0,0,,0.0,,,0,,0,0,0,0,67301,0,0,0,,0,0,0,1,67301,0,,2,1,,N,N,,0,,0,0,1,0,0,,1049,0,1,0,0,0,0,0,3,3,0,1,3,,N,,,,,,,,,,,
2006062709,1600.0,1,0,0,0,0,0,0,0,0,4,0,,67,5,2006,7,,,1553.0,6,0,0,0,0,0,0,1,0,,0,0,0,15,1,6,1,,0.0,,,0,,4,0,0,0,67301,0,0,0,,0,0,0,6,67301,1,,1,1,,N,N,,0,,0,0,1,3,2,,1524,6,2,0,0,0,5,0,3,3,0,2,3,,N,,,,,,,,,,,
2006062712,1903.0,2,0,0,0,0,0,0,0,0,4,0,,67,4,2006,7,40.0554,-75.1407,1858.0,6,0,0,0,0,0,1,0,0,,0,0,0,18,1,4,0,,0.0,40 03:19.422,,0,75 08:26.399,8,0,0,0,67301,0,0,0,N,0,0,0,5,67301,0,,1,1,,N,N,,0,,0,0,0,0,0,,1857,4,2,0,0,0,4,0,3,4,0,2,3,,N,,,,,,,,,,,
2006065403,340.0,2,0,0,0,0,0,0,0,0,1,0,,67,5,2006,7,39.9751,-75.195,331.0,6,0,0,0,0,0,0,0,0,,0,0,0,3,3,1,1,,0.0,39 58:30.360,,0,75 11:41.640,8,0,0,0,67301,0,0,0,N,0,0,0,4,67301,0,,1,9,,N,N,,0,,0,0,0,3,2,,330,1,2,0,0,0,1,0,3,4,0,2,3,,N,,,,,,,,,,,
2006065337,650.0,1,0,0,0,0,0,0,0,0,7,0,,67,5,2006,4,39.9605,-75.1402,648.0,6,0,0,0,0,0,0,0,0,1.0,0,0,0,6,1,1,0,,2.0,39 57:37.000,1.0,0,75 08:24.868,4,0,0,0,67301,0,0,0,N,0,0,0,1,67301,1,,3,1,,N,N,,0,,0,0,0,0,0,N,647,1,1,0,0,0,0,0,3,4,0,1,3,,N,,,,,,,,,,,
2006065422,1745.0,2,0,0,0,0,0,0,0,0,4,0,,67,5,2006,2,40.0502,-75.078,1740.0,6,0,0,0,0,0,1,0,0,1.0,0,0,0,17,1,0,2,,1.0,40 03:00.867,5.0,0,75 04:40.922,0,0,0,0,67301,0,0,0,N,0,0,0,2,67301,0,,1,1,,N,Y,,0,,0,0,0,3,3,N,1730,0,2,0,0,0,0,0,3,4,0,2,3,,N,,,,,,,,,,,
2006065450,938.0,1,0,0,0,0,0,0,0,0,1,0,,67,5,2006,6,39.95,-75.2014,925.0,6,0,0,0,0,0,1,0,0,,0,0,0,9,1,1,1,,0.0,39 57:00.000,,0,75 12:04.945,8,0,0,0,67301,0,0,0,N,0,0,0,2,67301,0,,1,1,,N,N,,1,,0,0,0,3,2,,917,1,2,0,0,0,1,0,3,4,0,2,3,,N,,,,,,,,,,,
2006065553,1219.0,2,0,0,0,0,0,0,0,0,6,0,,67,5,2006,6,40.0908,-75.0643,1211.0,6,0,0,0,0,0,0,0,0,,0,0,0,12,1,1,2,,0.0,40 05:26.926,,0,75 03:51.483,4,0,0,0,67301,0,0,0,,0,0,0,2,67301,1,,1,9,,,,,0,,0,0,0,9,3,,1211,1,2,0,0,2,0,0,3,4,0,2,7,,N,,,,,,,,,,,