CRN,ARRIVAL_TM,AUTOMOBILE_COUNT,BELTED_DEATH_COUNT,BELTED_SUSP_SERIOUS_INJ_COUNT,BICYCLE_COUNT,BICYCLE_DEATH_COUNT,BICYCLE_SUSP_SERIOUS_INJ_COUNT,BUS_COUNT,CHLDPAS_DEATH_COUNT,CHLDPAS_SUSP_SERIOUS_INJ_COUNT,COLLISION_TYPE,COMM_VEH_COUNT,CONS_ZONE_SPD_LIM,COUNTY,CRASH_MONTH,CRASH_YEAR,DAY_OF_WEEK,DEC_LAT,DEC_LONG,DISPATCH_TM,DISTRICT,DRIVER_COUNT_16YR,DRIVER_COUNT_17YR,DRIVER_COUNT_18YR,DRIVER_COUNT_19YR,DRIVER_COUNT_20YR,DRIVER_COUNT_50_64YR,DRIVER_COUNT_65_74YR,DRIVER_COUNT_75PLUS,EST_HRS_CLOSED,FATAL_COUNT,HEAVY_TRUCK_COUNT,HORSE_BUGGY_COUNT,HOUR_OF_DAY,ILLUMINATION,INJURY_COUNT,INTERSECT_TYPE,INTERSECTION_RELATED,LANE_CLOSED,LATITUDE,LN_CLOSE_DIR,LOCATION_TYPE,LONGITUDE,MAX_SEVERITY_LEVEL,MCYCLE_DEATH_COUNT,MCYCLE_SUSP_SERIOUS_INJ_COUNT,MOTORCYCLE_COUNT,MUNICIPALITY,NONMOTR_COUNT,NONMOTR_DEATH_COUNT,NONMOTR_SUSP_SERIOUS_INJ_COUNT,NTFY_HIWY_MAINT,PED_COUNT,PED_DEATH_COUNT,PED_SUSP_SERIOUS_INJ_COUNT,PERSON_COUNT,POLICE_AGCY,POSSIBLE_INJ_COUNT,RDWY_SURF_TYPE_CD,RELATION_TO_ROAD,ROAD_CONDITION,ROADWAY_CLEARED,SCH_BUS_IND,SCH_ZONE_IND,SECONDARY_CRASH,SMALL_TRUCK_COUNT,SPEC_JURIS_CD,SUSP_MINOR_INJ_COUNT,SUSP_SERIOUS_INJ_COUNT,SUV_COUNT,TCD_FUNC_CD,TCD_TYPE,TFC_DETOUR_IND,TIME_OF_DAY,TOT_INJ_COUNT,TOTAL_UNITS,UNB_DEATH_COUNT,UNB_SUSP_SERIOUS_INJ_COUNT,UNBELTED_OCC_COUNT,UNK_INJ_DEG_COUNT,UNK_INJ_PER_COUNT,URBAN_AREA,URBAN_RURAL,VAN_COUNT,VEHICLE_COUNT,WEATHER1,WEATHER2,WORK_ZONE_IND,WORK_ZONE_LOC,WORK_ZONE_TYPE,WORKERS_PRES,WZ_CLOSE_DETOUR,WZ_FLAGGER,WZ_LAW_OFFCR_IND,WZ_LN_CLOSURE,WZ_MOVING,WZ_OTHER,WZ_SHLDER_MDN,WZ_WORKERS_INJ_KILLED
2006055563,2328.0,2,0,0,0,0,0,0,0,0,1,0,,67,2,2006,7,39.9762,-75.1953,2326.0,6,0,0,0,0,0,0,0,0,2.0,0,0,0,23,3,6,0,,1.0,39 58:36.000,4.0,0,75 11:47.979,2,0,0,0,67301,0,0,0,N,0,0,0,7,67301,1,,1,1,,N,N,,0,,4,1,0,0,0,N,2326,6,2,0,1,3,0,1,3,4,0,2,3,,N,,,,,,,,,,,
2006055572,2018.0,0,0,0,0,0,0,0,0,0,7,0,,67,3,2006,4,39.903,-75.1506,215.0,6,0,0,0,0,0,0,0,0,1.0,0,0,0,2,3,1,7,,2.0,39 54:12.960,2.0,2,75 09:01.440,4,0,0,0,67301,0,0,0,N,0,0,0,1,67301,1,,5,1,,N,N,,0,,0,0,1,0,0,N,213,1,1,0,0,1,0,0,3,4,0,1,3,,N,,,,,,,,,,,
2006102387,105.0,0,0,0,0,0,0,0,0,0,7,0,,67,9,2006,2,,,105.0,6,0,0,1,0,0,0,0,0,,0,0,0,99,3,0,1,,0.0,,,0,,9,0,0,0,67301,0,0,0,N,0,0,0,1,67301,0,,4,1,,N,N,,0,,0,0,0,9,3,,9999,0,1,0,0,0,0,1,3,3,1,1,3,,N,,,,,,,,,,,
2006104965,1402.0,3,0,0,0,0,0,0,0,0,1,0,,67,9,2006,4,40.0595,-75.1655,1353.0,6,0,0,0,0,0,1,0,1,,0,0,0,13,1,0,2,,0.0,40 03:34.000,,0,75 09:55.601,9,0,0,0,67301,0,0,0,,0,0,0,4,67301,0,,1,1,,,,,0,,0,0,0,3,2,,1349,0,3,0,0,0,0,2,3,4,0,3,3,,N,,,,,,,,,,,
2006115168,2212.0,2,0,0,0,0,0,0,0,0,1,0,,67,10,2006,4,40.0299,-75.0878,2209.0,6,0,0,0,0,0,0,0,1,,0,0,0,22,3,1,1,,0.0,40 01:47.000,,0,75 05:16.945,8,0,0,0,67301,0,0,0,N,0,0,0,3,67301,0,,1,9,,N,N,,0,,0,0,0,3,2,,2203,1,2,0,0,1,1,0,3,4,0,2,7,,N,,,,,,,,,,,
2006112689,1340.0,1,0,0,0,0,0,0,0,0,8,0,,67,10,2006,5,40.0089,-75.1506,1340.0,6,0,0,0,0,0,0,1,0,,0,0,0,99,1,1,0,,0.0,40 00:32.097,,0,75 09:02.327,8,0,0,0,67301,1,0,0,N,1,0,0,2,67301,0,,6,1,,N,N,,0,,0,0,0,0,0,,9999,1,2,0,0,0,1,0,3,4,0,1,3,,N,,,,,,,,,,,
2006127143,1525.0,0,0,0,0,0,0,0,0,0,4,0,,67,11,2006,7,39.9867,-75.2083,1522.0,6,0,0,0,0,0,0,0,0,1.0,0,0,0,15,1,0,5,,1.0,39 59:11.983,3.0,0,75 12:29.919,0,0,0,0,67301,0,0,0,N,0,0,0,6,67301,0,,7,1,,N,N,,0,,0,0,2,3,2,N,1521,0,2,0,0,0,0,0,3,4,0,2,3,,N,,,,,,,,,,,
2006113832,1405.0,1,0,0,0,0,0,0,0,0,4,0,,67,8,2006,5,40.0402,-75.2141,1403.0,6,0,0,0,0,0,0,0,0,9.0,0,0,0,14,1,1,2,,1.0,40 02:24.000,2.0,0,75 12:50.917,2,0,1,1,67301,0,0,0,N,0,0,0,2,67301,0,,1,1,,N,N,,0,,0,1,0,3,2,N,1402,1,2,0,0,0,0,0,3,4,0,2,3,,N,,,,,,,,,,,
2006093927,1812.0,1,0,0,0,0,0,0,0,0,7,0,,67,7,2006,2,40.0223,-75.0385,1808.0,6,0,0,0,0,0,0,0,0,2.0,0,0,0,18,1,2,0,,2.0,40 01:19.000,2.0,0,75 02:19.091,4,0,0,0,67301,0,0,0,Y,0,0,0,2,67301,2,,3,1,,N,N,,0,,0,0,0,0,0,N,1805,2,1,0,0,0,0,0,3,4,0,1,3,,N,,,,,,,,,,,
2006054939,2335.0,3,0,0,0,0,0,0,0,0,1,0,,67,3,2006,2,40.0899,-74.9842,2330.0,6,0,0,0,0,0,0,0,0,,0,0,0,23,3,1,1,,0.0,40 05:23.000,,0,74 59:02.352,8,0,0,0,67301,0,0,0,,0,0,0,1,67301,0,,2,1,,,,,0,,0,0,0,0,0,,2305,1,3,0,0,0,1,0,3,4,0,3,3,,N,,,,,,,,,,,
2006055307,1710.0,1,0,0,0,0,0,0,0,0,7,0,,67,4,2006,5,40.0308,-75.1878,1659.0,6,0,0,0,0,0,0,0,0,,0,0,0,16,1,0,2,,0.0,40 01:50.000,,0,75 11:15.950,0,0,0,0,67301,0,0,0,N,0,0,0,1,67301,0,,2,1,,N,N,,0,,0,0,0,0,0,,1655,0,1,0,0,0,0,0,3,4,0,1,3,,N,,,,,,,,,,,
2006094469,229.0,1,0,0,0,0,0,0,0,0,7,1,,67,7,2006,4,,,224.0,6,0,0,0,0,0,1,0,0,,0,1,0,2,3,1,1,,0.0,,,0,,3,0,0,0,67301,0,0,0,,0,0,0,2,67301,0,,5,1,,N,N,,0,,1,0,0,3,3,,223,1,2,0,0,0,0,0,3,3,0,2,3,,N,,,,,,,,,,,
2006094152,1140.0,2,0,0,0,0,0,0,0,0,1,0,,67,7,2006,6,39.8875,-75.248,1130.0,6,0,0,0,0,0,1,0,0,1.0,0,0,0,11,1,5,2,,1.0,39 53:14.975,4.0,0,75 14:52.745,4,0,0,0,67301,0,0,0,N,0,0,0,5,67301,3,,1,1,,N,N,,0,,0,0,0,3,2,N,1103,5,2,0,0,0,2,0,3,4,0,2,3,,N,,,,,,,,,,,
2006094171,1435.0,2,0,0,0,0,0,0,0,0,4,0,,67,7,2006,4,,,9999.0,6,0,0,0,0,0,1,0,0,1.0,0,0,0,99,1,3,1,,1.0,,6.0,0,,4,0,0,0,67301,0,0,0,Y,0,0,0,6,67301,1,,1,1,,N,N,,0,,0,0,0,3,2,N,9999,3,2,0,0,1,2,0,3,3,0,2,3,,N,,,,,,,,,,,
2006094181,1730.0,3,0,0,0,0,0,0,0,0,2,0,,67,8,2006,3,40.0014,-75.0861,1720.0,6,0,0,0,0,0,0,0,0,,0,0,0,17,1,2,2,,0.0,40 00:00.000,,2,75 05:02.391,3,0,0,0,67301,0,0,0,N,0,0,0,3,67301,1,,1,1,,N,N,,0,,1,0,0,3,2,,1715,2,3,0,0,0,0,0,3,4,0,3,3,,N,,,,,,,,,,,
2006094196,1305.0,1,0,0,0,0,0,0,0,0,8,0,,67,7,2006,5,39.9847,-75.1323,1300.0,6,0,0,0,0,0,0,0,0,,0,0,0,13,1,1,1,,0.0,39 59:04.000,,0,75 07:56.035,4,0,0,0,67301,1,0,0,N,1,0,0,2,67301,1,,1,1,,N,N,,0,,0,0,0,3,2,,1300,1,2,0,0,0,0,0,3,4,0,1,3,,N,,,,,,,,,,,
2006055239,1915.0,0,0,0,0,0,0,0,0,0,5,0,,67,3,2006,4,39.9741,-75.2037,1912.0,6,0,0,0,0,0,0,0,0,,0,0,0,19,3,1,0,,0.0,39 58:26.760,,0,75 12:12.240,3,0,0,0,67301,0,0,0,N,0,0,0,2,67301,0,,1,2,,N,N,,0,,1,0,2,0,0,,1909,1,2,0,0,0,0,0,3,4,0,2,3,,N,,,,,,,,,,,
2006094366,2235.0,2,0,0,0,0,0,0,0,0,1,0,,67,7,2006,1,39.9643,-75.2464,2230.0,6,0,0,0,0,0,0,0,0,,0,0,0,22,3,1,2,,0.0,39 57:51.442,,0,75 14:46.946,4,0,0,0,67301,0,0,0,N,0,0,0,2,67301,1,,1,1,,N,N,,0,,0,0,0,0,0,,2230,1,2,0,0,2,0,0,3,4,0,2,3,,N,,,,,,,,,,,
2006094424,1430.0,1,0,0,0,0,0,0,0,0,8,0,,67,7,2006,5,40.0603,-75.0739,1422.0,6,0,0,0,0,0,0,1,0,,0,0,0,14,1,1,1,,0.0,40 03:37.231,,0,75 04:26.101,4,0,0,0,67301,1,0,0,N,1,0,0,2,67301,1,,1,1,,N,N,,0,,0,0,0,3,3,,1420,1,2,0,0,0,0,0,3,4,0,1,3,,N,,,,,,,,,,,
2006126199,801.0,1,0,0,0,0,0,0,0,0,4,0,,67,11,2006,5,39.9304,-75.1869,759.0,6,0,0,0,0,0,0,1,0,,0,0,0,7,1,1,1,,0.0,39 55:49.303,,0,75 11:12.947,4,0,0,0,67301,0,0,0,N,0,0,0,3,67301,1,,1,1,,N,N,,1,,0,0,0,0,0,,756,1,2,0,0,2,0,0,3,4,0,2,3,,N,,,,,,,,,,,
2006116100,1515.0,1,0,0,0,0,0,0,0,0,3,0,,67,10,2006,6,40.0299,-75.0603,1511.0,6,0,0,0,0,0,1,0,0,,0,0,0,15,1,2,0,,0.0,40 01:47.000,,0,75 03:37.541,4,0,0,0,67301,9,0,0,N,0,0,0,10,67301,2,,2,9,,N,Y,,1,,0,0,0,0,0,,1500,2,2,0,0,0,0,0,3,4,0,2,7,,N,,,,,,,,,,,
2006126292,1640.0,1,0,0,0,0,0,0,0,0,7,0,,67,10,2006,4,39.9749,-75.2552,1637.0,6,0,0,0,0,0,0,0,0,,0,0,0,16,1,1,0,,0.0,39 58:29.784,,0,75 15:18.666,4,0,0,0,67301,0,0,0,,0,0,0,1,67301,1,,5,1,,N,,,0,,0,0,0,0,0,,1635,1,1,0,0,0,0,0,3,4,0,1,3,,N,,,,,,,,,,,
2006123833,1830.0,2,0,0,0,0,0,0,0,0,1,0,,67,10,2006,3,39.9456,-75.1901,1820.0,6,0,0,0,0,1,0,0,0,,0,0,0,18,3,1,0,,0.0,39 56:44.000,,0,75 11:24.422,4,0,0,0,67301,0,0,0,,0,0,0,4,67301,1,,2,1,,,,,0,,0,0,0,0,0,,1815,1,2,0,0,0,0,0,3,4,0,2,3,,N,,,,,,,,,,,
2006066200,43.0,1,0,0,0,0,0,0,0,0,7,0,,67,5,2006,6,39.9551,-75.1809,38.0,6,0,0,0,0,0,0,0,0,1.0,0,0,0,0,3,0,0,,2.0,39 57:23.000,4.0,0,75 10:49.709,0,0,0,0,67301,0,0,0,N,0,0,0,1,67301,0,,2,9,,N,N,,0,,0,0,0,0,0,N,36,0,1,0,0,0,0,0,3,4,0,1,7,,N,,,,,,,,,,,
2006036592,50.0,1,0,0,0,0,0,0,0,0,7,0,,67,1,2006,7,40.0136,-75.122,38.0,6,0,0,0,0,0,0,0,0,,0,0,0,0,3,1,0,,0.0,40 00:48.870,,0,75 07:19.304,4,0,0,0,67301,0,0,0,N,0,0,0,1,67301,1,,1,1,,N,N,,0,,0,0,0,0,0,,35,1,1,0,0,1,0,0,3,4,0,1,3,,N,,,,,,,,,,,
2006024222,1055.0,1,0,0,0,0,0,0,0,0,4,0,,67,1,2006,1,39.9604,-75.2286,1053.0,6,0,0,0,0,0,0,0,0,,0,0,0,10,1,4,1,,0.0,39 57:37.000,,0,75 13:43.111,8,0,0,0,67301,0,0,0,,0,0,0,4,67301,0,,1,1,,N,N,,0,,0,0,1,3,2,,1054,4,2,0,0,0,4,0,3,4,0,2,3,,N,,,,,,,,,,,
2006024223,1906.0,1,0,0,0,0,0,0,0,0,7,0,,67,1,2006,4,39.9468,-75.2325,1906.0,6,0,0,0,0,0,0,0,0,,0,0,0,19,4,0,0,,0.0,39 56:48.372,,0,75 13:57.043,0,0,0,0,67301,0,0,0,,0,0,0,1,67301,0,,5,2,,N,N,,0,,0,0,0,0,0,,1906,0,1,0,0,0,0,0,3,4,0,1,98,,N,,,,,,,,,,,
2006024584,1123.0,1,0,0,0,0,0,0,0,0,1,0,,67,1,2006,5,39.9669,-75.188,1113.0,6,0,0,0,0,0,1,0,0,2.0,0,0,0,99,3,0,7,,1.0,39 57:56.000,3.0,2,75 11:11.049,0,0,0,0,67301,0,0,0,Y,0,0,0,2,67301,0,,7,1,,N,N,,1,,0,0,0,0,0,N,9999,0,2,0,0,0,0,0,3,4,0,2,3,,N,,,,,,,,,,,
2006024619,1410.0,0,0,0,0,0,0,0,0,0,8,0,,67,1,2006,6,39.9723,-75.2488,1348.0,6,0,0,0,0,0,0,0,0,,0,0,0,13,1,1,1,,0.0,39 58:20.000,,0,75 14:55.608,3,0,0,0,67301,1,0,0,,1,0,0,2,67301,0,,1,1,,N,N,,0,,1,0,1,0,0,,1348,1,2,0,0,0,0,0,3,4,0,1,3,,N,,,,,,,,,,,
2006102761,1600.0,1,0,0,1,0,0,0,0,0,2,0,,67,8,2006,2,,,1545.0,6,0,0,0,0,0,1,0,0,,0,0,0,15,1,1,0,,0.0,,,0,,8,0,0,0,67301,1,0,0,N,0,0,0,2,67301,0,,1,1,,N,N,,0,,0,0,0,0,0,,1540,1,2,0,0,1,1,0,3,3,0,1,3,,N,,,,,,,,,,,
2006103141,2236.0,1,0,0,0,0,0,0,0,0,8,0,,67,8,2006,2,,,2230.0,6,0,0,0,0,0,0,0,0,,0,0,0,21,2,1,0,,0.0,,,0,,4,0,0,0,67301,1,0,0,N,1,0,0,2,67301,1,,1,1,,N,N,,0,,0,0,0,0,0,,2115,1,2,0,0,0,0,0,3,3,0,1,99,,N,,,,,,,,,,,
2006103201,2015.0,2,0,0,0,0,0,0,0,0,4,0,,67,9,2006,3,,,2008.0,6,0,0,0,0,0,0,0,0,,0,0,0,19,3,1,1,,0.0,,,0,,4,0,0,0,67301,0,0,0,N,0,0,0,3,67301,1,,1,9,,N,N,,0,,0,0,1,3,3,,1957,1,3,0,0,0,0,0,3,3,0,3,7,,N,,,,,,,,,,,
2006035948,1612.0,1,0,0,0,0,0,0,0,0,4,0,,67,2,2006,6,39.9688,-75.2454,1609.0,6,0,0,0,0,1,0,0,0,,0,0,0,16,1,0,1,,0.0,39 58:07.803,,0,75 14:43.549,0,0,0,0,67301,0,0,0,,0,0,0,3,67301,0,,1,1,,N,N,,0,,0,0,1,3,2,,1605,0,2,0,0,0,0,0,3,4,0,2,3,,N,,,,,,,,,,,
2006041296,5.0,2,0,0,0,0,0,0,0,0,1,0,,67,3,2006,5,40.0012,-75.2264,9999.0,6,0,0,0,0,0,1,0,0,,0,0,0,0,3,1,1,,0.0,40 00:04.000,,0,75 13:35.269,4,0,0,0,67301,0,0,0,N,0,0,0,2,46104,1,,1,1,,N,N,,0,,0,0,0,3,2,,4,1,2,0,0,0,0,0,3,4,0,2,3,,N,,,,,,,,,,,
2006032568,1540.0,1,0,0,0,0,0,0,0,0,7,0,,67,1,2006,1,39.8908,-75.2282,1534.0,6,0,0,0,0,0,0,0,0,,0,0,0,15,1,1,6,,0.0,39 53:26.160,,2,75 13:41.160,8,0,0,0,67301,0,0,0,Y,0,0,0,2,67301,0,,2,9,,N,N,,0,,0,0,0,0,0,,1533,1,1,0,0,0,1,0,3,4,0,1,7,,N,,,,,,,,,,,
2006037743,114.0,2,0,0,0,0,0,0,0,0,5,0,,67,3,2006,1,39.9915,-75.155,58.0,6,0,0,0,0,0,0,0,0,,0,0,0,99,3,3,0,,0.0,39 59:29.000,,0,75 09:18.214,4,0,0,0,67301,0,0,0,N,0,0,0,5,67301,3,,1,1,,N,N,,0,,0,0,0,0,0,,9999,3,2,0,0,2,0,0,3,4,0,2,3,,N,,,,,,,,,,,
2006094614,2225.0,0,0,0,0,0,0,0,0,0,7,0,,67,8,2006,4,,,2200.0,6,0,0,0,0,0,0,0,0,,0,0,0,21,3,1,0,,0.0,,,0,,3,0,0,1,67301,0,0,0,N,0,0,0,1,67301,0,,5,9,,N,N,,0,,1,0,0,0,0,,2145,1,1,0,0,0,0,0,3,3,0,1,3,,N,,,,,,,,,,,
2006055528,2120.0,1,0,0,0,0,0,1,0,0,5,1,,67,4,2006,6,40.0131,-75.087,2114.0,6,0,0,0,0,0,0,0,0,,0,0,0,21,3,1,0,,0.0,40 00:47.000,,0,75 05:13.290,4,0,0,0,67301,4,0,0,,0,0,0,5,67301,1,,1,1,,,,,0,,0,0,0,0,0,,2100,1,2,0,0,0,0,1,3,4,0,2,3,,N,,,,,,,,,,,
2006102408,2125.0,1,0,0,0,0,0,0,0,0,7,0,,67,8,2006,1,,,2117.0,6,0,0,0,0,0,0,0,0,1.0,0,0,0,21,3,1,0,,2.0,,3.0,0,,8,0,0,0,67301,0,0,0,N,0,0,0,1,67301,0,,2,9,,N,N,,0,,0,0,0,0,0,N,2115,1,1,0,0,0,1,0,3,3,0,1,7,,N,,,,,,,,,,,
2006102496,1715.0,1,0,0,0,0,0,0,0,0,8,0,,67,9,2006,5,39.9767,-75.2337,1710.0,6,0,0,0,0,1,0,0,0,,0,0,0,17,1,1,1,,0.0,39 58:35.983,,0,75 14:01.359,4,0,0,0,67301,1,0,0,N,1,0,0,2,67301,1,,1,9,,N,N,,0,,0,0,0,3,2,,1709,1,2,0,0,1,0,0,3,4,0,1,7,,N,,,,,,,,,,,
2006124555,1701.0,0,0,0,0,0,0,0,0,0,0,0,,67,10,2006,3,39.9588,-75.2093,1700.0,6,0,0,0,0,0,0,0,0,,0,0,0,15,1,1,0,,0.0,39 57:31.510,,0,75 12:33.372,8,0,0,0,67301,0,0,0,N,0,0,0,3,67301,0,,9,9,,N,N,,0,,0,0,0,0,0,,1525,1,1,0,0,0,1,1,3,4,1,1,3,,N,,,,,,,,,,,
2006102202,1805.0,3,0,0,0,0,0,0,0,0,2,0,,67,9,2006,2,40.0227,-75.1482,1800.0,6,0,0,0,0,0,1,1,0,2.0,0,0,0,17,1,1,1,,1.0,40 01:22.000,4.0,0,75 08:53.975,4,0,0,0,67301,0,0,0,N,0,0,0,4,67301,1,,1,1,,N,N,,0,,0,0,0,3,2,N,1755,1,4,0,0,0,0,0,3,4,1,4,3,,N,,,,,,,,,,,
2006102205,1212.0,1,0,0,0,0,0,0,0,0,8,0,,67,9,2006,3,40.002,-75.1443,1203.0,6,0,0,0,0,0,0,0,0,,0,0,0,11,1,1,1,,0.0,40 00:07.307,,0,75 08:39.551,4,0,0,0,67301,1,0,0,N,1,0,0,2,67301,1,,1,9,,N,N,,0,,0,0,0,3,3,,1140,1,2,0,0,0,0,1,3,4,0,1,7,,N,,,,,,,,,,,
2006102212,1605.0,2,0,0,0,0,0,0,0,0,3,0,,67,9,2006,2,,,1605.0,6,0,0,0,0,0,0,0,1,1.0,0,0,0,16,1,3,0,,1.0,,4.0,0,,4,0,0,0,67301,0,0,0,N,0,0,0,3,67301,3,,1,1,,N,N,,0,,0,0,0,0,0,N,1605,3,2,0,0,0,0,0,3,3,0,2,3,,N,,,,,,,,,,,
2006124613,1030.0,2,0,0,0,0,0,0,0,0,1,0,,67,10,2006,1,,,1028.0,6,0,1,0,0,0,0,0,0,,0,0,0,10,1,4,0,,0.0,,,0,,4,0,0,0,67301,0,0,0,N,0,0,0,6,67301,2,,1,1,,N,N,,0,,0,0,0,0,0,,1015,4,2,0,0,6,2,0,3,3,0,2,3,,N,,,,,,,,,,,
2006124618,1800.0,2,0,0,0,0,0,0,0,0,1,0,,67,11,2006,6,40.0554,-75.1583,1750.0,6,0,0,0,0,0,0,0,0,,0,0,0,17,3,1,2,,0.0,40 03:19.000,,0,75 09:29.967,4,0,0,0,67301,0,0,0,N,0,0,0,4,67301,1,,1,1,,N,N,,0,,0,0,0,3,3,,1745,1,2,0,0,1,0,0,3,4,0,2,3,,N,,,,,,,,,,,
2006124624,805.0,1,0,0,0,0,0,0,0,0,8,0,,67,10,2006,2,39.9927,-75.1451,800.0,6,0,0,0,0,0,0,0,0,,0,0,0,7,1,1,1,,0.0,39 59:33.000,,0,75 08:42.681,8,0,0,0,67301,1,0,0,N,1,0,0,2,67301,0,,1,1,,N,N,,0,,0,0,0,9,2,,755,1,2,0,0,0,1,0,3,4,0,1,3,,N,,,,,,,,,,,
2006124224,2020.0,2,0,0,0,0,0,0,0,0,2,0,,67,10,2006,2,40.0564,-75.0128,2014.0,6,0,0,0,0,0,0,0,0,1.0,0,0,0,20,3,2,0,,2.0,40 03:23.098,3.0,0,75 00:46.082,8,0,0,0,67301,1,0,0,N,0,0,0,2,67301,0,,1,1,,N,N,,0,,0,0,0,0,0,Y,2014,2,2,0,0,0,2,0,3,4,0,2,3,,N,,,,,,,,,,,
2006115156,1505.0,2,0,0,0,0,0,0,0,0,2,0,,67,9,2006,2,39.9968,-75.1034,1503.0,6,0,0,0,0,0,0,0,0,1.0,0,0,0,14,1,1,1,,2.0,39 59:48.000,1.0,0,75 06:12.168,4,0,0,0,67301,0,0,0,N,0,0,0,2,67301,1,,1,1,,N,N,,2,,0,0,0,0,0,N,1450,1,4,0,0,0,0,0,3,4,0,4,3,,N,,,,,,,,,,,
2006112705,1636.0,0,0,0,0,0,0,0,0,0,8,0,,67,10,2006,4,39.9524,-75.1549,1633.0,6,0,0,0,0,0,0,0,0,,0,0,0,16,1,1,1,,0.0,39 57:08.535,,0,75 09:17.776,3,0,0,0,67301,1,0,0,,1,0,0,2,67301,0,,1,9,,,,,0,,1,0,1,9,3,,1625,1,2,0,0,0,0,0,3,4,0,1,7,,N,,,,,,,,,,,
2006127099,755.0,1,0,0,0,0,0,0,0,0,4,0,,67,10,2006,2,40.0836,-75.2223,749.0,6,0,0,0,0,0,2,0,0,1.0,0,0,0,7,1,3,2,,1.0,40 05:00.920,7.0,0,75 13:20.330,3,0,0,0,67301,0,0,0,,0,0,0,3,67301,2,,1,9,,,,,0,,1,0,0,3,2,N,734,3,2,0,0,0,0,0,3,4,1,2,3,,N,,,,,,,,,,,
2006124776,137.0,1,0,0,0,0,0,0,0,0,5,0,,67,11,2006,6,39.9523,-75.2304,136.0,6,0,0,0,0,0,0,0,0,,0,0,0,23,3,1,0,,0.0,39 57:08.200,,1,75 13:49.300,3,0,0,0,67301,0,0,0,N,0,0,0,6,67301,0,,1,1,,N,N,,0,,1,0,1,0,0,,2348,1,2,0,0,0,0,2,3,4,0,2,3,,N,,,,,,,,,,,
2006113859,2150.0,0,0,0,1,0,0,0,0,0,6,0,,67,10,2006,4,39.9531,-75.1819,2149.0,6,0,0,0,0,0,1,0,0,,0,0,0,21,2,1,3,,0.0,39 57:11.000,,0,75 10:55.105,4,0,0,0,67301,1,0,0,,0,0,0,2,67301,1,,1,1,,N,N,,1,,0,0,0,3,2,,2140,1,2,0,0,1,0,0,3,4,0,1,3,,N,,,,,,,,,,,
2006062383,1123.0,0,0,0,0,0,0,0,0,0,8,0,,67,5,2006,6,,,1119.0,6,0,0,0,0,0,0,0,0,,0,0,0,11,1,1,1,,0.0,,,0,,4,0,0,0,67301,1,0,0,N,1,0,0,2,67301,1,,3,1,,N,N,,0,,0,0,1,9,3,,1117,1,2,0,0,0,0,0,3,3,0,1,3,,N,,,,,,,,,,,
2006055095,813.0,3,0,0,0,0,0,0,0,0,4,0,,67,4,2006,1,,,801.0,6,0,0,0,0,0,0,0,0,,0,0,0,7,1,0,1,,0.0,,,0,,0,0,0,0,67301,0,0,0,N,0,0,0,1,67301,0,,2,9,,N,N,,0,,0,0,0,9,2,,710,0,3,0,0,0,0,0,3,3,0,3,7,,N,,,,,,,,,,,
2006055103,1950.0,1,0,0,0,0,0,0,0,0,1,0,,67,4,2006,1,40.0121,-75.1371,1947.0,6,0,0,0,0,0,0,0,0,,0,0,0,19,3,0,1,,0.0,40 00:43.642,,0,75 08:13.671,9,0,0,0,67301,0,0,0,N,0,0,0,2,67301,0,,1,1,,N,N,,0,,0,0,0,3,2,,1910,0,2,0,0,0,0,2,3,4,0,2,3,,N,,,,,,,,,,,
2006055064,140.0,2,0,0,0,0,0,0,0,0,2,0,,67,3,2006,2,39.9161,-75.239,137.0,6,0,0,0,0,0,1,0,0,,0,0,0,1,6,3,3,,0.0,39 54:58.000,,0,75 14:20.204,4,0,0,0,67301,0,0,0,,0,0,0,5,67301,3,,1,1,,,,,0,,0,0,0,3,2,,100,3,2,0,0,1,0,0,3,4,0,2,3,,N,,,,,,,,,,,
2006055072,529.0,1,0,0,0,0,0,0,0,0,7,0,,67,3,2006,5,39.9494,-75.1523,526.0,6,0,0,0,0,0,0,0,0,2.0,0,0,0,5,1,0,1,,2.0,39 56:57.000,3.0,0,75 09:08.478,0,0,0,0,67301,0,0,0,N,0,0,0,1,67301,0,,4,1,,N,N,,0,,0,0,0,3,2,Y,522,0,1,0,0,1,0,0,3,4,0,1,3,,N,,,,,,,,,,,
2006055233,557.0,1,0,0,0,0,0,0,0,0,7,0,,67,3,2006,1,,,554.0,6,0,0,0,0,0,0,0,0,,0,0,0,5,1,1,0,,0.0,,,0,,3,0,0,0,67301,0,0,0,,0,0,0,1,67301,0,,4,1,,,,,0,,1,0,0,0,0,,548,1,1,0,0,0,0,0,3,3,0,1,3,,N,,,,,,,,,,,
2006055243,618.0,1,0,0,0,0,0,0,0,0,2,0,,67,3,2006,7,39.9581,-75.2099,616.0,6,0,0,0,0,0,0,0,0,,0,0,0,6,1,1,0,,0.0,39 57:29.520,,0,75 12:36.000,3,0,0,0,67301,0,0,0,N,0,0,0,2,67301,0,,1,1,,N,N,,0,,1,0,1,0,0,,610,1,2,0,0,0,0,1,3,4,0,2,3,,N,,,,,,,,,,,