CRN,ARRIVAL_TM,AUTOMOBILE_COUNT,BELTED_DEATH_COUNT,BELTED_SUSP_SERIOUS_INJ_COUNT,BICYCLE_COUNT,BICYCLE_DEATH_COUNT,BICYCLE_SUSP_SERIOUS_INJ_COUNT,BUS_COUNT,CHLDPAS_DEATH_COUNT,CHLDPAS_SUSP_SERIOUS_INJ_COUNT,COLLISION_TYPE,COMM_VEH_COUNT,CONS_ZONE_SPD_LIM,COUNTY,CRASH_MONTH,CRASH_YEAR,DAY_OF_WEEK,DEC_LAT,DEC_LONG,DISPATCH_TM,DISTRICT,DRIVER_COUNT_16YR,DRIVER_COUNT_17YR,DRIVER_COUNT_18YR,DRIVER_COUNT_19YR,DRIVER_COUNT_20YR,DRIVER_COUNT_50_64YR,DRIVER_COUNT_65_74YR,DRIVER_COUNT_75PLUS,EST_HRS_CLOSED,FATAL_COUNT,HEAVY_TRUCK_COUNT,HORSE_BUGGY_COUNT,HOUR_OF_DAY,ILLUMINATION,INJURY_COUNT,INTERSECT_TYPE,INTERSECTION_RELATED,LANE_CLOSED,LATITUDE,LN_CLOSE_DIR,LOCATION_TYPE,LONGITUDE,MAX_SEVERITY_LEVEL,MCYCLE_DEATH_COUNT,MCYCLE_SUSP_SERIOUS_INJ_COUNT,MOTORCYCLE_COUNT,MUNICIPALITY,NONMOTR_COUNT,NONMOTR_DEATH_COUNT,NONMOTR_SUSP_SERIOUS_INJ_COUNT,NTFY_HIWY_MAINT,PED_COUNT,PED_DEATH_COUNT,PED_SUSP_SERIOUS_INJ_COUNT,PERSON_COUNT,POLICE_AGCY,POSSIBLE_INJ_COUNT,RDWY_SURF_TYPE_CD,RELATION_TO_ROAD,ROAD_CONDITION,ROADWAY_CLEARED,SCH_BUS_IND,SCH_ZONE_IND,SECONDARY_CRASH,SMALL_TRUCK_COUNT,SPEC_JURIS_CD,SUSP_MINOR_INJ_COUNT,SUSP_SERIOUS_INJ_COUNT,SUV_COUNT,TCD_FUNC_CD,TCD_TYPE,TFC_DETOUR_IND,TIME_OF_DAY,TOT_INJ_COUNT,TOTAL_UNITS,UNB_DEATH_COUNT,UNB_SUSP_SERIOUS_INJ_COUNT,UNBELTED_OCC_COUNT,UNK_INJ_DEG_COUNT,UNK_INJ_PER_COUNT,URBAN_AREA,URBAN_RURAL,VAN_COUNT,VEHICLE_COUNT,WEATHER1,WEATHER2,WORK_ZONE_IND,WORK_ZONE_LOC,WORK_ZONE_TYPE,WORKERS_PRES,WZ_CLOSE_DETOUR,WZ_FLAGGER,WZ_LAW_OFFCR_IND,WZ_LN_CLOSURE,WZ_MOVING,WZ_OTHER,WZ_SHLDER_MDN,WZ_WORKERS_INJ_KILLED
2006094351,2256.0,2,0,0,0,0,0,0,0,0,4,0,,67,7,2006,3,39.995,-75.1497,2255.0,6,0,0,0,0,0,0,0,0,,0,0,0,99,3,1,1,,0.0,39 59:41.830,,0,75 08:58.923,8,0,0,0,67301,0,0,0,N,0,0,0,4,67301,0,,1,9,,N,N,,0,,0,0,0,3,3,,9999,1,2,0,0,2,1,0,3,4,0,2,98,,N,,,,,,,,,,,
2006081686,1005.0,0,0,0,0,0,0,0,0,0,5,1,,67,6,2006,4,,,1001.0,6,0,0,0,0,0,0,0,0,,0,0,0,99,1,1,1,,0.0,,,0,,4,0,0,0,67301,0,0,0,N,0,0,0,2,67301,1,,1,1,,N,N,,0,,0,0,1,0,0,,9999,1,2,0,0,0,0,0,3,3,0,2,3,,N,,,,,,,,,,,
2006081706,1300.0,1,0,0,0,0,0,0,0,0,1,0,,67,7,2006,5,40.0457,-75.0563,1300.0,6,0,0,0,0,0,0,0,0,,0,0,0,10,1,2,1,,0.0,40 02:44.000,,0,75 03:22.659,8,0,0,0,67301,0,0,0,N,0,0,0,5,67301,0,,1,1,,N,N,,0,,0,0,1,3,2,,1030,2,2,0,0,0,2,0,3,4,0,2,3,,N,,,,,,,,,,,
2006084179,1732.0,1,0,0,0,0,0,0,0,0,1,0,,67,7,2006,2,,,1730.0,6,0,0,0,0,0,0,0,0,,0,0,0,17,1,0,0,,0.0,,,3,,0,0,0,0,67301,0,0,0,N,0,0,0,4,67501,0,,1,1,,N,N,,1,,0,0,0,3,8,,1730,0,2,0,0,0,0,0,3,3,0,2,3,,N,,,,,,,,,,,
2006116087,1415.0,1,0,0,0,0,0,0,0,0,7,0,,67,10,2006,4,40.049,-75.002,1400.0,6,0,0,0,0,0,0,0,0,1.0,0,0,0,13,1,1,0,,1.0,40 02:56.415,1.0,0,75 00:06.926,3,0,0,0,67301,0,0,0,Y,0,0,0,1,67301,0,,3,1,,N,N,,0,,1,0,0,0,0,N,1356,1,1,0,0,0,0,0,3,4,0,1,3,,N,,,,,,,,,,,
2006116104,1236.0,0,0,0,1,0,0,0,0,0,4,0,,67,10,2006,2,39.93,-75.1937,1236.0,6,0,0,0,0,0,0,0,0,,0,0,0,99,1,1,0,,0.0,39 55:47.852,,0,75 11:37.338,8,0,0,0,67301,1,0,0,N,0,0,0,2,67301,0,,1,1,,N,N,,1,,0,0,0,0,0,,9999,1,2,0,0,0,1,0,3,4,0,1,3,,N,,,,,,,,,,,
2006056520,2225.0,2,0,0,0,0,0,0,0,0,4,0,,67,4,2006,1,39.9543,-75.1918,2219.0,6,0,0,0,0,0,0,0,0,,0,0,0,22,3,0,1,,0.0,39 57:15.000,,0,75 11:30.577,0,0,0,0,67301,0,0,0,N,0,0,0,3,67301,0,,1,1,,N,N,,0,,0,0,0,3,2,,2215,0,2,0,0,0,0,0,3,4,0,2,3,,N,,,,,,,,,,,
2006036565,1145.0,2,0,0,0,0,0,0,0,0,4,0,,67,2,2006,6,40.0865,-75.0394,1138.0,6,0,0,0,0,0,1,0,0,,0,0,0,11,1,1,0,,0.0,40 05:10.000,,0,75 02:20.733,4,0,0,0,67301,0,0,0,N,0,0,0,2,67301,1,,1,1,,N,N,,0,,0,0,0,0,0,,1130,1,2,0,0,1,0,1,3,4,0,2,3,,N,,,,,,,,,,,
2006036598,605.0,0,0,0,0,0,0,0,0,0,7,1,,67,1,2006,3,39.9083,-75.1495,530.0,6,0,0,0,0,0,1,0,0,6.0,0,1,0,5,3,1,6,,2.0,39 54:29.520,1.0,2,75 08:58.200,8,0,0,0,67301,0,0,0,Y,0,0,0,1,67301,0,,2,1,,N,N,,0,,0,0,0,0,0,Y,522,1,1,0,0,0,1,0,3,4,0,1,3,,N,,,,,,,,,,,
2006036677,5.0,4,0,0,0,0,0,0,0,0,5,0,,67,2,2006,1,40.0611,-75.0134,2358.0,6,0,0,0,0,0,0,0,0,,0,0,0,23,3,0,0,,0.0,40 03:40.050,,0,75 00:48.171,0,0,0,0,67301,0,0,0,,0,0,0,1,67301,0,,2,1,,N,N,,0,,0,0,0,0,0,,2350,0,4,0,0,0,0,0,3,4,0,4,3,,N,,,,,,,,,,,
2006036682,2359.0,1,0,0,0,0,0,0,0,0,7,0,,67,3,2006,1,40.1188,-74.9813,2357.0,6,0,0,1,0,0,0,0,0,,0,0,0,23,3,0,0,,0.0,40 07:07.000,,0,74 58:52.358,0,0,0,0,67301,0,0,0,N,0,0,0,2,67301,0,,2,1,,N,N,,0,,0,0,0,0,0,,2345,0,1,0,0,0,0,0,3,4,0,1,3,,N,,,,,,,,,,,
2006024149,220.0,3,0,0,0,0,0,0,0,0,1,0,,67,1,2006,1,,,220.0,6,0,0,0,0,0,0,0,0,,0,0,0,2,3,1,1,,0.0,,,0,,4,0,0,0,67301,0,0,0,N,0,0,0,3,67301,1,,1,2,,N,N,,0,,0,0,0,0,0,,215,1,3,0,0,0,0,1,3,3,0,3,10,,N,,,,,,,,,,,
2006024210,1835.0,2,0,0,0,0,0,0,0,0,1,0,,67,1,2006,1,39.9261,-75.1468,1830.0,6,0,0,0,0,0,0,0,0,1.0,0,0,0,18,3,0,0,,1.0,39 55:41.000,1.0,0,75 08:46.632,0,0,0,0,67301,0,0,0,N,0,0,0,1,67301,0,,2,1,,N,N,,0,,0,0,0,0,0,Y,1825,0,2,0,0,0,0,0,3,4,0,2,3,,N,,,,,,,,,,,
2006024618,318.0,1,0,0,0,0,0,0,0,0,7,0,,67,1,2006,4,,,312.0,6,0,0,0,0,0,0,0,0,,0,0,0,3,3,0,0,,0.0,,,3,,0,0,0,0,67301,0,0,0,N,0,0,0,1,67301,0,,2,2,,N,N,,0,,0,0,0,0,0,,306,0,1,0,0,0,0,0,3,3,0,1,3,,N,,,,,,,,,,,
2006102721,2251.0,1,0,0,0,0,0,0,0,0,2,0,,67,8,2006,6,39.9576,-75.206,2249.0,6,0,0,0,0,0,0,0,0,,0,0,0,22,3,2,1,,0.0,39 57:27.418,,0,75 12:21.703,8,0,0,0,67301,0,0,0,N,0,0,0,2,67504,0,,1,1,,N,N,,0,,0,0,1,0,0,,2249,2,2,0,0,0,2,0,3,4,0,2,3,,N,,,,,,,,,,,
2006103147,325.0,1,0,0,0,0,0,0,0,0,2,0,,67,8,2006,1,39.9743,-75.2206,319.0,6,0,0,0,0,0,0,0,0,,0,0,0,3,3,1,0,,0.0,39 58:27.516,,0,75 13:14.029,4,0,0,0,67301,0,0,0,N,0,0,0,3,67301,1,,5,1,,N,N,,1,,0,0,0,0,0,,319,1,3,0,0,2,0,1,3,4,1,3,3,,N,,,,,,,,,,,
2006036133,1600.0,2,0,0,0,0,0,0,0,0,4,0,,67,2,2006,7,40.0392,-75.1776,1558.0,6,0,0,0,0,0,0,1,0,1.0,0,0,0,15,1,3,1,,1.0,40 02:21.000,1.0,0,75 10:39.520,4,0,0,0,67301,0,0,0,N,0,0,0,3,67301,3,,4,1,,N,N,,0,,0,0,0,3,2,N,1557,3,2,0,0,0,0,0,3,4,0,2,3,,N,,,,,,,,,,,
2006037559,1948.0,1,0,0,0,0,0,0,0,0,7,0,,67,2,2006,4,40.0056,-75.1967,1942.0,6,0,0,0,0,0,0,0,0,1.0,0,0,0,19,3,0,0,,2.0,40 00:20.000,3.0,8,75 11:49.379,0,0,0,0,67301,0,0,0,N,0,0,0,1,67301,0,,2,1,,N,N,,0,,0,0,0,3,8,N,1934,0,1,0,0,0,0,0,3,4,0,1,3,,N,,,,,,,,,,,
2006037735,540.0,1,0,0,0,0,0,0,0,0,7,0,,67,2,2006,6,40.0467,-75.0517,536.0,6,0,0,0,0,0,0,0,1,1.0,0,0,0,5,3,1,0,,2.0,40 02:47.000,1.0,0,75 03:06.015,8,0,0,0,67301,0,0,0,N,0,0,0,1,67301,0,,5,9,,N,N,,0,,0,0,0,0,0,Y,535,1,1,0,0,0,1,0,3,4,0,1,7,,N,,,,,,,,,,,
2006055143,1753.0,2,0,0,0,0,0,0,0,0,4,0,,67,4,2006,2,39.9727,-75.1591,1753.0,6,0,0,0,0,0,1,0,0,,0,0,0,17,1,1,0,,0.0,39 58:21.000,,0,75 09:32.853,8,0,0,0,67301,0,0,0,N,0,0,0,1,67301,0,,6,1,,N,N,,0,,0,0,0,0,0,,1745,1,2,0,0,0,1,0,3,4,0,2,3,,N,,,,,,,,,,,
2006055205,144.0,1,0,0,0,0,0,0,0,0,4,0,,67,3,2006,6,39.9671,-75.2066,143.0,6,0,0,0,0,0,0,0,0,,0,1,0,1,3,1,1,,0.0,39 58:01.531,,0,75 12:23.921,4,0,0,0,67301,0,0,0,N,0,0,0,2,67301,1,,1,1,,N,N,,0,,0,0,0,9,3,,138,1,2,0,0,0,0,1,3,4,0,2,3,,N,,,,,,,,,,,
2006094400,1809.0,2,0,0,0,0,0,0,0,0,1,0,,67,7,2006,7,,,1809.0,6,0,0,0,1,0,0,0,0,,0,0,0,17,1,1,0,,0.0,,,0,,4,0,0,0,67301,0,0,0,N,0,0,0,5,67301,1,,1,1,,N,N,,0,,0,0,0,0,0,,1754,1,2,0,0,0,0,0,3,3,0,2,3,,N,,,,,,,,,,,
2006081702,1326.0,2,0,0,0,0,0,0,0,0,2,0,,67,6,2006,6,39.9916,-75.1003,1324.0,6,0,0,0,0,0,0,0,0,,0,0,0,13,1,4,0,,0.0,39 59:29.000,,0,75 06:01.126,8,0,0,0,67301,0,0,0,N,0,0,0,5,67301,0,,9,1,,N,N,,0,,0,0,0,0,0,,1312,4,2,0,0,0,4,0,3,4,0,2,3,,N,,,,,,,,,,,
2006126200,1328.0,2,0,0,0,0,0,0,0,0,1,0,,67,11,2006,6,40.0945,-75.015,1328.0,6,0,0,0,0,0,0,0,1,,0,0,0,13,1,1,1,,0.0,40 05:40.000,,0,75 00:53.758,4,0,0,0,67301,0,0,0,N,0,0,0,2,67301,1,,1,1,,N,N,,0,,0,0,0,3,2,,1327,1,2,0,0,0,0,0,3,4,0,2,3,,N,,,,,,,,,,,
2006116118,1530.0,1,0,0,0,0,0,1,0,0,5,1,,67,10,2006,4,39.955,-75.1527,1527.0,6,0,0,0,0,0,1,0,0,,0,0,0,14,1,4,1,,0.0,39 57:16.000,,0,75 08:58.276,8,0,0,0,67301,0,0,0,N,0,0,0,14,67301,0,,1,1,,N,N,,0,,0,0,0,3,2,,1449,4,2,0,0,0,4,0,3,4,0,2,3,,N,,,,,,,,,,,
2006066184,2348.0,1,0,0,0,0,0,0,0,0,5,0,,67,5,2006,1,40.1018,-75.0063,2342.0,6,0,0,1,0,0,0,0,0,1.0,0,0,0,23,3,1,1,,1.0,40 06:06.840,2.0,0,75 00:22.320,3,0,0,0,67301,0,0,0,N,0,0,0,2,67301,0,,1,1,,N,N,,0,,1,0,1,3,2,N,2334,1,2,0,0,0,0,0,3,4,0,2,3,,N,,,,,,,,,,,
2006036660,247.0,2,0,0,0,0,0,0,0,0,4,0,,67,2,2006,7,39.9548,-75.1834,243.0,6,0,0,0,1,0,0,0,0,,0,0,0,2,3,0,1,,0.0,39 57:17.000,,0,75 11:00.267,9,0,0,0,67301,0,0,0,,0,0,0,4,67301,0,,1,1,,N,N,,0,,0,0,0,3,2,,235,0,2,0,0,0,0,4,3,4,0,2,3,,N,,,,,,,,,,,
2006024112,1810.0,2,0,0,0,0,0,0,0,0,2,0,,67,1,2006,3,40.0159,-75.1538,1808.0,6,0,0,0,0,0,0,0,0,,0,0,0,18,3,2,1,,0.0,40 00:57.144,,0,75 09:13.828,8,0,0,0,67301,0,0,0,N,0,0,0,3,67301,0,,1,9,,N,N,,0,,0,0,0,9,2,,1800,2,2,0,0,3,2,1,3,4,0,2,7,,N,,,,,,,,,,,
2006021914,955.0,2,0,0,0,0,0,0,0,0,4,0,,67,1,2006,3,39.9954,-75.1055,945.0,6,0,0,0,0,0,0,0,0,,0,0,0,9,1,1,1,,0.0,39 59:43.000,,0,75 06:20.202,4,0,0,0,67301,0,0,0,N,0,0,0,3,67301,1,,1,1,,N,N,,0,,0,0,0,3,2,,944,1,2,0,0,0,0,0,3,4,0,2,3,,N,,,,,,,,,,,
2006102778,2342.0,2,0,0,0,0,0,0,0,0,1,0,,67,8,2006,5,,,2338.0,6,0,0,0,0,0,1,0,0,1.0,0,0,0,23,3,0,0,,1.0,,3.0,0,,0,0,0,0,67301,0,0,0,N,0,0,0,2,67301,0,,1,1,,N,N,,0,,0,0,0,0,0,N,2337,0,2,0,0,0,0,0,3,3,0,2,3,,N,,,,,,,,,,,
2006035949,1005.0,2,0,0,0,0,0,0,0,0,4,0,,67,2,2006,5,40.0079,-75.1723,1000.0,6,0,0,0,0,0,0,0,1,,0,0,0,99,1,2,1,,0.0,40 00:28.000,,0,75 10:20.930,8,0,0,0,67301,0,0,0,N,0,0,0,2,67301,0,,1,1,,N,N,,0,,0,0,0,3,2,,9999,2,2,0,0,0,2,0,3,4,0,2,3,,N,,,,,,,,,,,
2006079295,950.0,2,0,0,0,0,0,0,0,0,1,0,,67,5,2006,4,,,944.0,6,0,0,0,0,0,1,0,0,1.0,0,0,0,9,1,0,0,,1.0,,3.0,0,,9,0,0,0,67301,0,0,0,N,0,0,0,4,67301,0,,1,1,,N,N,,0,,0,0,0,0,0,N,943,0,4,0,0,0,0,2,3,3,0,4,3,,N,,,,,,,,,,,
2006037801,1702.0,2,0,0,0,0,0,0,0,0,2,0,,67,2,2006,3,40.0337,-75.1454,1700.0,6,0,0,0,0,0,1,0,1,,0,0,0,17,1,5,2,,0.0,40 02:01.186,,0,75 08:43.295,4,0,0,0,67301,0,0,0,N,0,0,0,7,67301,5,,1,1,,N,N,,0,,0,0,0,0,0,,1700,5,2,0,0,5,0,2,3,4,0,2,3,,N,,,,,,,,,,,
2006081746,1538.0,4,0,0,0,0,0,0,0,0,5,0,,67,6,2006,7,,,1535.0,6,0,0,0,1,0,0,0,0,,0,0,0,15,1,0,2,,0.0,,,0,,9,0,0,0,67301,2,0,0,N,0,0,0,3,67301,0,,1,1,,N,N,,0,,0,0,0,3,3,,1533,0,4,0,0,1,0,1,3,3,0,4,3,,N,,,,,,,,,,,
2006082079,1825.0,1,0,0,0,0,0,0,0,0,4,0,,67,6,2006,3,39.9968,-75.1538,1819.0,6,0,0,0,0,0,0,0,0,,0,0,0,18,1,1,0,,0.0,39 59:48.560,,0,75 09:13.801,3,0,0,1,67301,0,0,0,N,0,0,0,3,67301,0,,1,1,,N,N,,0,,1,0,0,0,0,,1816,1,2,0,0,0,0,0,3,4,0,2,3,,N,,,,,,,,,,,
2006082062,1214.0,2,0,0,0,0,0,0,0,0,4,0,,67,6,2006,5,,,1210.0,6,0,0,0,0,0,1,0,0,,0,0,0,99,1,1,1,,0.0,,,1,,8,0,0,0,67301,0,0,0,N,0,0,0,3,67301,0,,1,1,,N,N,,0,,0,0,0,3,2,,9999,1,2,0,0,0,1,0,3,3,0,2,3,,N,,,,,,,,,,,
2006082534,2033.0,1,0,0,0,0,0,0,0,0,8,0,,67,7,2006,2,,,2025.0,6,0,0,0,0,0,0,0,0,,0,0,0,20,1,1,0,,0.0,,,0,,4,0,0,0,67301,1,0,0,N,1,0,0,2,67301,1,,1,1,,N,N,,0,,0,0,0,0,0,,2015,1,2,0,0,0,0,1,3,3,0,1,3,,N,,,,,,,,,,,
2007013051,9999.0,1,0,0,0,0,0,0,0,0,8,0,,67,12,2006,7,39.9894,-75.1556,2230.0,6,0,0,0,0,0,0,0,0,,0,0,0,22,3,1,1,,0.0,39 59:21.000,,0,75 09:20.248,8,0,0,0,67301,1,0,0,,1,0,0,2,67301,0,,1,1,,,,,0,,0,0,0,9,2,,2230,1,2,0,0,0,1,1,3,4,0,1,3,,N,,,,,,,,,,,
2007020846,920.0,2,0,0,0,0,0,0,0,0,6,0,,67,12,2006,3,39.9521,-75.2056,835.0,6,0,0,0,0,0,1,0,0,,0,0,0,8,1,1,1,,0.0,39 57:07.498,,0,75 12:20.102,8,0,0,0,67301,0,0,0,N,0,0,0,2,67301,0,,1,9,,N,N,,0,,0,0,0,3,2,,830,1,2,0,0,0,1,0,3,4,0,2,7,,N,,,,,,,,,,,
2007021821,1537.0,0,0,0,0,0,0,0,0,0,0,0,,67,12,2006,5,39.8941,-75.2363,1537.0,6,0,0,0,0,0,0,0,0,1.0,0,0,0,15,1,1,0,,1.0,39 53:38.000,1.0,0,75 14:10.623,8,0,0,1,67301,0,0,0,N,0,0,0,1,67301,0,,1,1,,N,N,,0,,0,0,0,0,0,N,1528,1,1,0,0,0,1,0,3,4,0,1,3,,N,,,,,,,,,,,
2007021558,225.0,1,0,0,0,0,0,0,0,0,4,0,,67,12,2006,4,39.9161,-75.2361,219.0,6,0,0,0,0,1,0,0,0,,0,0,0,2,3,1,1,,0.0,39 54:57.913,,0,75 14:09.812,4,0,0,0,67301,0,0,0,N,0,0,0,3,67301,1,,1,1,,N,N,,0,,0,0,1,3,2,,215,1,2,0,0,0,0,0,3,4,0,2,3,,N,,,,,,,,,,,
2007022121,1749.0,0,0,0,0,0,0,0,0,0,8,0,,67,12,2006,1,40.084,-74.9903,1747.0,6,0,0,0,0,0,1,0,0,,0,0,0,17,3,1,0,,0.0,40 05:02.000,,0,74 59:25.122,8,0,0,0,67301,1,0,0,,1,0,0,2,67301,0,,4,1,,,,,0,,0,0,1,3,2,,1747,1,2,0,0,1,1,0,3,4,0,1,3,,N,,,,,,,,,,,
2007022156,835.0,2,0,0,0,0,0,0,0,0,1,0,,67,12,2006,6,40.0314,-75.0849,829.0,6,0,0,0,0,0,0,0,0,,0,0,0,8,1,1,5,,0.0,40 01:53.211,,0,75 05:04.703,8,0,0,0,67301,0,0,0,N,0,0,0,2,67301,0,,1,1,,N,N,,0,,0,0,0,3,2,,829,1,2,0,0,0,1,0,3,4,0,2,3,,N,,,,,,,,,,,
2007007107,725.0,0,0,0,0,0,0,0,0,0,7,0,,67,11,2006,7,39.8974,-75.188,720.0,6,0,0,0,0,0,0,0,0,1.0,0,0,0,7,1,1,0,,1.0,39 53:51.000,5.0,3,75 11:15.360,8,0,0,0,67301,0,0,0,N,0,0,0,1,67301,0,,3,1,,N,N,,1,,0,0,0,0,0,N,715,1,1,0,0,1,1,0,3,4,0,1,3,,N,,,,,,,,,,,
2007009808,1240.0,2,0,0,0,0,0,0,0,0,1,0,,67,12,2006,4,40.0014,-75.0861,1230.0,6,0,0,0,0,0,0,0,0,,0,0,0,11,1,1,2,,0.0,40 00:01.000,,2,75 05:01.154,8,0,0,0,67301,0,0,0,,0,0,0,2,67301,0,,1,1,,,,,0,,0,0,0,3,2,,1157,1,2,0,0,0,1,1,3,4,0,2,3,,N,,,,,,,,,,,
2007009834,2055.0,2,0,0,0,0,0,0,0,0,4,0,,67,12,2006,2,39.9631,-75.2242,2045.0,6,0,0,0,0,0,0,0,0,1.0,0,0,0,20,3,1,1,,1.0,39 57:47.035,2.0,0,75 13:27.223,4,0,0,0,67301,0,0,0,N,0,0,0,3,67301,1,,1,1,,N,N,,0,,0,0,0,3,2,N,2044,1,2,0,0,0,0,0,3,4,0,2,3,,N,,,,,,,,,,,
2007009840,2125.0,5,0,0,0,0,0,0,0,0,1,0,,67,11,2006,3,39.9175,-75.1561,2124.0,6,0,0,0,1,0,0,0,0,,0,0,0,21,3,4,1,,0.0,39 55:03.078,,0,75 09:22.088,4,0,0,0,67301,0,0,0,N,0,0,0,5,67301,4,,1,1,,N,Y,,0,,0,0,0,3,2,,2120,4,5,0,0,0,0,0,3,4,0,5,3,,N,,,,,,,,,,,
2007007758,1910.0,2,0,0,0,0,0,0,0,0,1,0,,67,11,2006,4,39.9997,-75.099,1900.0,6,0,0,0,0,0,0,0,0,,0,0,0,18,3,1,1,,0.0,39 59:58.000,,1,75 05:56.259,8,0,0,0,67301,0,0,0,N,0,0,0,4,67301,0,,1,1,,N,N,,0,,0,0,0,3,2,,1830,1,2,0,0,1,1,2,3,4,0,2,3,,N,,,,,,,,,,,
2007023244,1255.0,1,0,0,0,0,0,0,0,0,4,0,,67,12,2006,7,40.0084,-75.1631,1251.0,6,0,0,0,0,0,0,0,0,3.0,0,0,0,99,3,2,1,,2.0,40 00:30.196,2.0,0,75 09:47.217,3,0,0,0,67301,0,0,0,N,0,0,0,3,67301,1,,1,1,,N,N,,1,,1,0,0,0,0,Y,9999,2,2,0,0,1,0,0,3,4,0,2,3,,N,,,,,,,,,,,
2007022267,1240.0,1,0,0,0,0,0,0,0,0,7,0,,67,12,2006,6,40.0032,-75.205,1230.0,6,0,0,0,0,0,0,0,1,,0,0,0,12,1,1,0,,0.0,40 00:11.469,,99,75 12:18.176,4,0,0,0,67301,0,0,0,N,0,0,0,1,67301,1,,7,9,,N,N,,0,,0,0,0,0,0,,1205,1,1,0,0,0,0,0,3,4,0,1,7,5.0,N,,,,,,,,,,,
2007022709,2258.0,3,0,0,0,0,0,0,0,0,1,0,,67,12,2006,7,40.0176,-75.1723,2247.0,6,0,0,0,1,0,1,0,0,2.0,0,0,0,22,3,8,0,,2.0,40 01:03.720,1.0,0,75 10:19.200,3,0,0,0,67301,0,0,0,N,0,0,0,8,67301,3,,1,1,,N,N,,0,,5,0,0,0,0,Y,2247,8,3,0,0,0,0,0,3,4,0,3,3,,N,,,,,,,,,,,
2007022768,555.0,0,0,0,0,0,0,0,0,0,7,0,,67,12,2006,6,,,548.0,6,0,0,0,0,0,0,0,0,1.0,0,0,0,5,3,1,0,,2.0,,1.0,0,,3,0,0,0,67301,0,0,0,N,0,0,0,1,67301,0,,2,1,,N,N,,0,,1,0,1,0,0,N,545,1,1,0,0,1,0,0,3,3,0,1,3,,N,,,,,,,,,,,
2007022860,1216.0,2,0,0,0,0,0,0,0,0,1,0,,67,12,2006,7,39.953,-75.158,1214.0,6,0,0,0,0,0,1,0,0,,0,0,0,12,1,1,0,,0.0,39 57:10.900,,0,75 09:28.700,4,0,0,0,67301,0,0,0,N,0,0,0,2,67301,1,,1,1,,N,N,,0,,0,0,0,0,0,,1210,1,2,0,0,0,0,0,3,4,0,2,3,,N,,,,,,,,,,,
2007023025,2205.0,2,0,0,0,0,0,0,0,0,7,0,,67,12,2006,3,40.047,-75.139,2155.0,6,0,1,0,0,0,0,0,0,,0,0,0,21,6,0,2,,0.0,40 02:49.000,,0,75 08:20.578,0,0,0,0,67301,0,0,0,,0,0,0,2,67301,0,,9,98,,N,N,,0,,0,0,0,0,0,,2155,0,2,0,0,0,0,0,3,4,0,2,98,,N,,,,,,,,,,,
2007023026,1628.0,2,0,0,0,0,0,0,0,0,1,0,,67,12,2006,3,40.0403,-75.0585,1623.0,6,0,0,0,0,0,0,1,0,,0,0,0,16,1,1,1,,0.0,40 02:25.000,,0,75 03:30.735,4,0,0,0,67301,0,0,0,N,0,0,0,2,67301,1,,2,1,,N,N,,0,,0,0,0,9,2,,1623,1,2,0,0,0,0,0,3,4,0,2,3,,N,,,,,,,,,,,
2006079905,1043.0,0,0,0,0,0,0,0,0,0,4,0,,67,5,2006,1,39.9895,-75.1689,1040.0,6,0,1,0,0,0,0,0,0,,0,0,0,10,1,2,1,,0.0,39 59:22.375,,0,75 10:07.877,3,0,0,0,67301,0,0,0,N,0,0,0,2,67301,1,,1,1,,N,N,,0,,1,0,1,0,0,,1030,2,2,0,0,2,0,0,3,4,1,2,3,,N,,,,,,,,,,,
2006080107,140.0,1,0,0,0,0,0,1,0,0,4,1,,67,7,2006,2,,,133.0,6,0,0,0,0,0,0,0,0,,0,0,0,1,3,2,1,,0.0,,,0,,4,0,0,0,67301,0,0,0,N,0,0,0,3,67301,2,,1,9,,N,N,,0,,0,0,0,3,2,,130,2,2,0,0,0,0,0,3,3,0,2,7,,N,,,,,,,,,,,
2006080067,306.0,1,0,0,0,0,0,0,0,0,2,0,,67,6,2006,6,,,304.0,6,0,0,0,0,0,1,0,0,9.0,0,0,0,1,3,2,1,,1.0,,3.0,0,,4,0,0,0,67301,0,0,0,N,0,0,0,3,67301,2,,1,1,,N,N,,1,,0,0,0,9,2,N,155,2,2,0,0,0,0,1,3,3,0,2,3,,N,,,,,,,,,,,
2006125283,1341.0,1,0,0,0,0,0,0,0,0,4,0,,67,10,2006,3,,,1340.0,6,0,0,0,1,0,0,0,0,,0,0,0,13,1,1,1,,0.0,,,0,,8,0,0,0,67301,0,0,0,N,0,0,0,3,67301,0,,1,9,,N,N,,0,,0,0,1,3,3,,1335,1,2,0,0,0,1,0,3,3,0,2,7,,N,,,,,,,,,,,
2006083306,1120.0,1,0,0,1,0,0,0,0,0,1,0,,67,6,2006,4,,,1120.0,6,0,0,0,0,0,0,0,0,,0,0,0,11,1,2,1,,0.0,,,0,,4,0,0,0,67301,2,0,0,,0,0,0,3,67301,2,,4,9,,,,,0,,0,0,0,3,3,,1100,2,2,0,0,0,0,0,3,3,0,1,3,,N,,,,,,,,,,,
2006080887,1255.0,3,0,0,0,0,0,0,0,0,4,0,,67,7,2006,5,39.9074,-75.2233,1250.0,6,0,0,0,0,0,2,0,0,,0,0,0,12,1,1,0,,0.0,39 54:26.724,,0,75 13:24.054,4,0,0,0,67301,0,0,0,N,0,0,0,2,67301,1,,1,1,,N,N,,0,,0,0,0,0,0,,1245,1,3,0,0,0,0,0,3,4,0,3,3,,N,,,,,,,,,,,