CRN,ARRIVAL_TM,AUTOMOBILE_COUNT,BELTED_DEATH_COUNT,BELTED_SUSP_SERIOUS_INJ_COUNT,BICYCLE_COUNT,BICYCLE_DEATH_COUNT,BICYCLE_SUSP_SERIOUS_INJ_COUNT,BUS_COUNT,CHLDPAS_DEATH_COUNT,CHLDPAS_SUSP_SERIOUS_INJ_COUNT,COLLISION_TYPE,COMM_VEH_COUNT,CONS_ZONE_SPD_LIM,COUNTY,CRASH_MONTH,CRASH_YEAR,DAY_OF_WEEK,DEC_LAT,DEC_LONG,DISPATCH_TM,DISTRICT,DRIVER_COUNT_16YR,DRIVER_COUNT_17YR,DRIVER_COUNT_18YR,DRIVER_COUNT_19YR,DRIVER_COUNT_20YR,DRIVER_COUNT_50_64YR,DRIVER_COUNT_65_74YR,DRIVER_COUNT_75PLUS,EST_HRS_CLOSED,FATAL_COUNT,HEAVY_TRUCK_COUNT,HORSE_BUGGY_COUNT,HOUR_OF_DAY,ILLUMINATION,INJURY_COUNT,INTERSECT_TYPE,INTERSECTION_RELATED,LANE_CLOSED,LATITUDE,LN_CLOSE_DIR,LOCATION_TYPE,LONGITUDE,MAX_SEVERITY_LEVEL,MCYCLE_DEATH_COUNT,MCYCLE_SUSP_SERIOUS_INJ_COUNT,MOTORCYCLE_COUNT,MUNICIPALITY,NONMOTR_COUNT,NONMOTR_DEATH_COUNT,NONMOTR_SUSP_SERIOUS_INJ_COUNT,NTFY_HIWY_MAINT,PED_COUNT,PED_DEATH_COUNT,PED_SUSP_SERIOUS_INJ_COUNT,PERSON_COUNT,POLICE_AGCY,POSSIBLE_INJ_COUNT,RDWY_SURF_TYPE_CD,RELATION_TO_ROAD,ROAD_CONDITION,ROADWAY_CLEARED,SCH_BUS_IND,SCH_ZONE_IND,SECONDARY_CRASH,SMALL_TRUCK_COUNT,SPEC_JURIS_CD,SUSP_MINOR_INJ_COUNT,SUSP_SERIOUS_INJ_COUNT,SUV_COUNT,TCD_FUNC_CD,TCD_TYPE,TFC_DETOUR_IND,TIME_OF_DAY,TOT_INJ_COUNT,TOTAL_UNITS,UNB_DEATH_COUNT,UNB_SUSP_SERIOUS_INJ_COUNT,UNBELTED_OCC_COUNT,UNK_INJ_DEG_COUNT,UNK_INJ_PER_COUNT,URBAN_AREA,URBAN_RURAL,VAN_COUNT,VEHICLE_COUNT,WEATHER1,WEATHER2,WORK_ZONE_IND,WORK_ZONE_LOC,WORK_ZONE_TYPE,WORKERS_PRES,WZ_CLOSE_DETOUR,WZ_FLAGGER,WZ_LAW_OFFCR_IND,WZ_LN_CLOSURE,WZ_MOVING,WZ_OTHER,WZ_SHLDER_MDN,WZ_WORKERS_INJ_KILLED
2006080898,140.0,0,0,0,0,0,0,0,0,0,7,0,40.0,67,5,2006,3,40.0853,-74.9695,130.0,6,0,0,0,0,0,1,0,0,1.0,0,0,0,99,2,1,0,,2.0,40 05:07.080,3.0,0,74 58:10.200,3,0,0,0,67301,0,0,0,N,0,0,0,1,67301,0,,3,9,,N,N,,0,,1,0,1,0,0,Y,9999,1,1,0,0,0,0,0,3,4,0,1,3,,Y,4.0,1.0,N,,,U,,,,Y,
2006055799,903.0,1,0,0,0,0,0,0,0,0,4,0,,67,4,2006,5,39.9867,-75.0978,859.0,6,0,0,0,0,0,0,0,0,1.0,0,0,0,8,1,1,1,,2.0,39 59:11.950,2.0,0,75 05:51.943,4,0,0,0,67301,0,0,0,,0,0,0,2,67301,1,,1,1,,,,,0,,0,0,0,3,3,N,829,1,2,0,0,0,0,0,3,4,0,2,3,,N,,,,,,,,,,,
2006102492,1825.0,0,0,0,0,0,0,0,0,0,8,0,,67,8,2006,7,,,1825.0,6,0,0,0,0,0,1,0,0,3.0,0,0,0,18,4,1,0,,2.0,,1.0,0,,3,0,0,0,67301,1,0,0,,1,0,0,2,67301,0,,1,1,,N,N,,0,,1,0,1,0,0,Y,1824,1,2,0,0,0,0,0,3,3,0,1,3,,N,,,,,,,,,,,
2006102505,830.0,1,0,0,0,0,0,0,0,0,7,0,,67,9,2006,4,39.9487,-75.1929,730.0,6,0,0,0,0,0,0,0,0,,0,0,0,7,1,3,0,,0.0,39 56:55.246,,0,75 11:34.412,4,0,0,0,67301,0,0,0,N,0,0,0,3,67301,1,,3,1,,N,N,,0,,0,0,0,0,0,,730,3,1,0,0,0,2,0,3,4,0,1,3,,N,,,,,,,,,,,
2006124547,1905.0,0,0,0,0,0,0,0,0,0,8,0,,67,11,2006,1,39.9332,-75.1846,1858.0,6,0,0,0,0,0,0,0,0,,0,0,0,18,3,1,0,,0.0,39 55:59.500,,99,75 11:04.500,2,0,0,0,67301,1,0,1,N,1,0,1,2,67301,0,,1,1,,N,N,,1,,0,1,0,0,0,,1855,1,2,0,0,0,0,1,3,4,0,1,3,,N,,,,,,,,,,,
2006124550,1720.0,2,0,0,0,0,0,0,0,0,2,0,,67,10,2006,1,40.0037,-75.1353,1717.0,6,0,0,0,0,0,0,0,0,,0,0,0,99,1,3,2,,0.0,40 00:13.312,,0,75 08:07.205,8,0,0,0,67301,0,0,0,N,0,0,0,5,67301,0,,1,1,,N,N,,0,,0,0,0,0,0,,9999,3,2,0,0,0,3,2,3,4,0,2,3,,N,,,,,,,,,,,
2006102196,1028.0,2,0,0,0,0,0,0,0,0,4,0,,67,9,2006,5,39.9765,-75.1894,1024.0,6,0,1,0,0,0,0,1,0,,0,0,0,10,1,3,1,,0.0,39 58:34.000,,0,75 11:21.462,3,0,0,0,67301,0,0,0,N,0,0,0,3,67301,2,,1,9,,N,N,,0,,1,0,0,0,0,,1024,3,2,0,0,0,0,0,3,4,0,2,7,,N,,,,,,,,,,,
2006102222,2045.0,2,0,0,0,0,0,0,0,0,1,0,,67,9,2006,3,40.0379,-75.1396,2045.0,6,0,0,0,0,0,1,0,0,,0,0,0,20,1,2,0,,0.0,40 02:16.000,,0,75 08:22.778,4,0,0,0,67301,0,0,0,N,0,0,0,4,67301,2,,1,1,,N,N,,0,,0,0,1,0,0,,2040,2,3,0,0,0,0,0,3,4,0,3,3,,N,,,,,,,,,,,
2006124621,1323.0,2,0,0,0,0,0,0,0,0,4,0,,67,11,2006,6,39.9289,-75.1504,1320.0,6,0,0,0,0,0,1,0,0,2.0,0,0,0,13,1,1,1,,2.0,39 55:44.022,7.0,0,75 09:01.508,4,0,0,0,67301,0,0,0,N,0,0,0,4,67301,1,,1,1,,N,N,,0,,0,0,0,3,3,Y,1320,1,2,0,0,0,0,0,3,4,0,2,3,,N,,,,,,,,,,,
2006124707,1523.0,2,0,0,0,0,0,0,0,0,4,0,,67,11,2006,1,40.0348,-75.1175,1521.0,6,0,0,0,0,0,0,0,0,1.0,0,0,0,13,1,4,2,,1.0,40 02:05.000,3.0,0,75 07:03.311,8,0,0,0,67301,0,0,0,N,0,0,0,9,67301,0,,1,1,,N,Y,,0,,0,0,0,3,2,N,1310,4,2,0,0,0,4,0,3,4,0,2,3,,N,,,,,,,,,,,
2006124737,1736.0,2,0,0,0,0,0,0,0,0,2,0,,67,11,2006,4,40.0558,-75.1589,1735.0,6,0,0,0,0,1,1,0,0,,0,0,0,17,3,0,1,,0.0,40 03:20.000,,0,75 09:32.058,0,0,0,0,67301,0,0,0,N,0,0,0,2,67301,0,,1,1,,N,N,,0,,0,0,0,3,2,,1731,0,2,0,0,0,0,0,3,4,0,2,3,,N,,,,,,,,,,,
2006124765,1540.0,1,0,0,0,0,0,0,0,0,4,0,,67,10,2006,7,,,1540.0,6,0,0,0,0,0,1,0,0,1.0,0,0,0,15,1,2,0,,1.0,,2.0,0,,8,0,0,0,67301,0,0,0,N,0,0,0,3,67301,0,,1,1,,N,N,,0,,0,0,0,0,0,Y,1540,2,2,0,0,0,2,0,3,3,1,2,3,,N,,,,,,,,,,,
2006124773,1929.0,2,0,0,0,0,0,0,0,0,2,0,,67,11,2006,4,40.0003,-75.1869,1923.0,6,0,0,0,0,0,0,0,0,2.0,0,0,0,19,3,2,0,,2.0,40 00:01.000,5.0,0,75 11:12.963,3,0,0,0,67301,0,0,0,Y,0,0,0,3,67301,0,,3,9,,N,N,,0,,2,0,0,0,0,Y,1915,2,2,0,0,0,0,0,3,4,0,2,7,,N,,,,,,,,,,,
2006062120,222.0,3,0,0,0,0,0,0,0,0,5,0,,67,5,2006,6,,,218.0,6,0,0,0,0,0,0,0,0,,0,0,0,99,3,0,0,,0.0,,,0,,0,0,0,0,67301,0,0,0,,0,0,0,1,67301,0,,1,9,,N,N,,0,,0,0,0,9,3,,9999,0,3,0,0,0,0,0,3,3,0,3,7,,N,,,,,,,,,,,
2006062194,1604.0,2,0,0,0,0,0,0,0,0,4,0,,67,5,2006,4,39.9243,-75.2454,1559.0,6,0,0,0,1,0,0,0,0,,0,0,0,15,1,2,0,,0.0,39 55:27.480,,7,75 14:43.440,8,0,0,0,67301,0,0,0,,0,0,0,2,67301,0,,1,9,,,,,0,,0,0,0,0,0,,1550,2,2,0,0,0,2,0,3,4,0,2,3,,N,,,,,,,,,,,
2006062413,1703.0,0,0,0,0,0,0,0,0,0,7,0,,67,4,2006,3,40.0234,-75.0319,1659.0,6,0,0,1,0,0,0,0,0,2.0,0,0,0,16,1,2,0,,2.0,40 01:23.000,1.0,2,75 01:56.670,2,0,2,1,67301,0,0,0,,0,0,0,2,67301,0,,2,1,,,,,0,,0,2,0,0,0,N,1650,2,1,0,0,0,0,0,3,4,0,1,3,,N,,,,,,,,,,,
2006062429,111.0,0,0,0,0,0,0,0,0,0,2,0,,67,5,2006,7,40.0089,-75.0718,111.0,6,0,0,0,0,0,0,0,0,,0,0,0,99,3,1,5,,0.0,40 00:32.000,,0,75 04:18.501,8,0,0,0,67301,0,0,0,N,0,0,0,3,67301,0,,1,1,,N,N,,2,,0,0,0,3,2,,9999,1,2,0,0,0,1,1,3,4,0,2,3,,N,,,,,,,,,,,
2006054703,2006.0,2,0,0,0,0,0,0,0,0,4,0,,67,4,2006,1,40.0226,-75.1782,2003.0,6,0,0,0,0,0,2,0,0,,0,0,0,20,2,3,1,,0.0,40 01:21.000,,0,75 10:41.563,4,0,0,0,67301,0,0,0,,0,0,0,3,67301,1,,1,1,,,,,0,,0,0,0,9,3,,2000,3,2,0,0,0,2,0,3,4,0,2,3,,N,,,,,,,,,,,
2006062469,1445.0,3,0,0,0,0,0,0,0,0,4,0,,67,5,2006,1,,,1441.0,6,0,0,0,0,0,1,1,0,,0,0,0,14,1,1,2,,0.0,,,0,,4,0,0,0,67301,1,0,0,N,0,0,0,3,67301,1,,1,1,,N,N,,0,,0,0,0,3,3,,1430,1,3,0,0,0,0,0,3,3,0,3,3,,N,,,,,,,,,,,
2006062488,1225.0,1,0,0,0,0,0,0,0,0,7,0,,67,5,2006,3,,,9999.0,6,0,0,0,0,0,0,0,0,,0,0,0,12,1,1,0,,0.0,,,0,,8,0,0,0,67301,0,0,0,N,0,0,0,1,67301,0,,5,1,,N,N,,0,,0,0,0,0,0,,1228,1,1,0,0,1,1,0,3,3,0,1,3,,N,,,,,,,,,,,
2006093905,2050.0,0,0,0,0,0,0,0,0,0,4,0,,67,8,2006,1,,,2044.0,6,0,0,0,0,0,0,0,0,,1,0,0,20,3,0,1,,0.0,,,0,,1,0,0,0,67301,0,0,0,N,0,0,0,2,67301,0,2.0,1,1,,N,N,,0,0.0,0,0,1,3,2,,2041,0,2,0,0,0,0,0,3,3,0,2,3,,N,,,,,,,,,,,
2006093912,2304.0,1,0,0,0,0,0,0,0,0,4,0,,67,7,2006,3,39.9705,-75.2256,2300.0,6,0,0,0,0,0,0,0,0,,0,0,0,22,3,1,1,,0.0,39 58:13.733,,0,75 13:32.193,3,0,0,0,67301,0,0,0,N,0,0,0,3,67301,0,,1,1,,N,N,,0,,1,0,1,3,2,,2255,1,2,0,0,1,0,0,3,4,0,2,3,,N,,,,,,,,,,,
2006093915,2035.0,2,0,0,0,0,0,0,0,0,6,0,,67,7,2006,6,39.924,-75.1671,2030.0,6,0,0,0,0,0,1,0,0,,0,0,0,99,1,1,2,,0.0,39 55:25.000,,0,75 09:51.816,8,0,0,0,67301,0,0,0,N,0,0,0,2,67301,0,,1,1,,N,N,,0,,0,0,0,0,0,,9999,1,2,0,0,0,1,0,3,4,0,2,3,,N,,,,,,,,,,,
2006054968,1600.0,4,0,0,0,0,0,0,0,0,5,0,,67,4,2006,3,39.9776,-75.1606,1555.0,6,0,0,0,0,0,0,0,1,,0,0,0,15,1,3,2,,0.0,39 58:39.345,,0,75 09:38.332,8,0,0,0,67301,0,0,0,N,0,0,0,3,67301,0,,1,9,,N,N,,0,,0,0,0,3,3,,1555,3,4,0,0,3,3,0,3,4,0,4,3,,N,,,,,,,,,,,
2006055076,617.0,1,0,0,0,0,0,0,0,0,7,0,,67,3,2006,2,40.1032,-75.051,613.0,6,0,0,0,0,0,1,0,0,,0,0,0,6,1,1,0,,0.0,40 06:11.520,,0,75 03:03.960,8,0,0,0,67301,0,0,0,N,0,0,0,1,67301,0,,4,1,,,,,0,,0,0,0,0,0,,613,1,1,0,0,0,1,0,3,4,0,1,3,,N,,,,,,,,,,,
2006094182,1032.0,1,0,0,0,0,0,0,0,0,4,0,,67,7,2006,1,,,1020.0,6,0,0,0,0,0,1,0,0,,0,0,0,10,1,1,1,,0.0,,,0,,8,0,0,0,67301,0,0,0,N,0,0,0,2,67301,0,,1,1,,N,N,,0,,0,0,1,3,3,,1030,1,2,0,0,0,1,0,3,3,0,2,3,,N,,,,,,,,,,,
2006055238,755.0,1,0,0,0,0,0,0,0,0,0,0,,67,2,2006,2,40.0099,-75.199,750.0,6,0,0,1,0,0,0,0,0,1.0,0,0,0,7,1,0,0,,2.0,40 00:33.840,5.0,0,75 11:50.280,9,0,0,0,67301,0,0,0,N,0,0,0,1,67301,0,,1,2,,N,N,,0,,0,0,0,0,0,N,750,0,1,0,0,0,0,1,3,4,0,1,3,,N,,,,,,,,,,,
2006094229,1330.0,2,0,0,0,0,0,0,0,0,4,0,,67,8,2006,4,39.9731,-75.1484,1330.0,6,0,0,0,0,0,1,0,0,,0,0,0,13,1,1,1,,0.0,39 58:23.293,,0,75 08:54.175,3,0,0,0,67301,0,0,0,N,0,0,0,3,67301,0,,1,1,,N,N,,0,,1,0,0,0,0,,1316,1,2,0,0,0,0,0,3,4,0,2,3,,N,,,,,,,,,,,
2006094371,445.0,1,0,0,0,0,0,0,0,0,7,0,,67,7,2006,2,,,440.0,6,0,0,0,0,0,0,0,0,,0,0,0,4,3,0,0,,0.0,,,0,,0,0,0,0,67301,0,0,0,N,0,0,0,2,67301,0,,5,1,,N,N,,0,,0,0,0,0,0,,439,0,1,0,0,2,0,0,3,3,0,1,3,,N,,,,,,,,,,,
2006094376,1235.0,2,0,0,0,0,0,0,0,0,4,0,,67,7,2006,5,39.9744,-75.2017,1228.0,6,0,0,0,0,0,0,0,0,,0,0,0,12,1,0,2,,0.0,39 58:27.000,,0,75 12:05.543,9,0,0,0,67301,0,0,0,N,0,0,0,4,67301,0,,1,1,,N,N,,0,,0,0,0,3,2,,1215,0,2,0,0,0,0,2,3,4,0,2,3,,N,,,,,,,,,,,
2006094412,2220.0,3,0,0,0,0,0,0,0,0,1,0,,67,7,2006,5,40.0935,-74.9673,2207.0,6,0,0,0,1,0,0,0,0,,0,0,0,22,3,0,0,,0.0,40 05:36.506,,0,74 58:02.131,0,0,0,0,67301,0,0,0,N,0,0,0,2,67301,0,,1,9,,N,N,,0,,0,0,0,0,0,,2200,0,3,0,0,0,0,0,3,4,0,3,7,,N,,,,,,,,,,,
2006094420,1538.0,2,0,0,0,0,0,0,0,0,4,0,,67,8,2006,4,40.1052,-75.0328,1536.0,6,0,0,0,0,0,1,0,0,,0,0,0,15,1,1,1,,0.0,40 06:18.000,,0,75 01:58.224,4,0,0,0,67301,0,0,0,N,0,0,0,3,67301,1,,1,1,,N,N,,0,,0,0,0,3,2,,1534,1,2,0,0,0,0,0,3,4,0,2,3,,N,,,,,,,,,,,
2006094428,1505.0,0,0,0,0,0,0,1,0,0,8,1,,67,7,2006,3,39.9955,-75.1541,1500.0,6,0,0,0,0,1,0,0,0,,0,0,0,14,1,1,10,,0.0,39 59:43.000,,0,75 09:15.103,4,0,0,0,67301,1,0,0,N,1,0,0,2,67301,1,,1,1,,N,N,,0,,0,0,0,9,2,,1450,1,2,0,0,0,0,0,3,4,0,1,3,,N,,,,,,,,,,,
2006116107,1948.0,1,0,0,0,0,0,0,0,0,8,0,,67,10,2006,3,39.9982,-75.1752,1930.0,6,0,0,0,0,0,1,0,0,,0,0,0,19,3,1,1,,0.0,39 59:53.678,,0,75 10:30.791,8,0,0,0,67301,1,0,0,N,1,0,0,2,67301,0,,1,1,,N,N,,0,,0,0,0,9,3,,1920,1,2,0,0,0,1,0,3,4,0,1,3,,N,,,,,,,,,,,
2006126299,1655.0,1,0,0,0,0,0,0,0,0,4,0,,67,10,2006,6,40.0309,-75.0655,1645.0,6,0,0,0,0,0,0,0,0,,0,0,0,16,1,1,1,,0.0,40 01:51.000,,0,75 03:55.817,4,0,0,0,67301,0,0,0,N,0,0,0,2,67301,1,,1,1,,N,N,,0,,0,0,0,0,0,,1643,1,2,0,0,0,0,0,3,4,1,2,3,,N,,,,,,,,,,,
2006123831,610.0,1,0,0,0,0,0,0,0,0,1,0,,67,10,2006,1,39.9392,-75.1664,601.0,6,0,0,0,0,0,1,0,0,1.0,0,0,0,5,3,2,0,,1.0,39 56:20.957,1.0,0,75 09:59.112,8,0,0,0,67301,0,0,0,,0,0,0,3,67301,0,,1,1,,N,N,,0,,0,0,1,0,0,N,558,2,2,0,0,0,2,0,3,4,0,2,3,,N,,,,,,,,,,,
2006123832,125.0,2,0,0,0,0,0,0,0,0,4,0,,67,10,2006,2,40.0154,-75.177,125.0,6,0,0,0,0,0,0,0,0,1.0,0,0,0,1,3,1,0,,1.0,40 00:55.000,2.0,0,75 10:37.745,4,0,0,0,67301,0,0,0,N,0,0,0,5,67301,1,,1,1,,N,N,,0,,0,0,0,0,0,N,125,1,2,0,0,0,0,0,3,4,0,2,3,,N,,,,,,,,,,,
2006019781,2020.0,2,0,0,0,0,0,0,0,0,4,0,,67,1,2006,7,,,2018.0,6,0,0,0,0,1,1,0,0,,0,0,0,19,3,0,2,,0.0,,,0,,0,0,0,0,67301,0,0,0,N,0,0,0,4,67301,0,,1,1,,N,N,,0,,0,0,0,9,3,,1925,0,2,0,0,0,0,0,3,3,0,2,3,,N,,,,,,,,,,,
2006056523,48.0,0,0,0,0,0,0,0,0,0,8,0,,67,3,2006,1,39.9521,-75.2058,45.0,6,0,0,0,0,0,0,0,0,,0,0,0,0,3,1,0,,0.0,39 57:07.552,,0,75 12:20.995,3,0,0,0,67301,1,0,0,,1,0,0,2,67301,0,,1,9,,N,N,,0,,1,0,0,0,0,,40,1,2,0,0,0,0,1,3,4,0,1,7,,N,,,,,,,,,,,
2006054016,234.0,0,0,0,0,0,0,0,0,0,7,0,,67,4,2006,7,39.9733,-75.1206,226.0,6,0,0,0,0,0,0,0,0,2.0,0,0,0,2,3,1,0,,2.0,39 58:24.000,2.0,0,75 07:13.499,3,0,0,0,67301,0,0,0,N,0,0,0,1,67301,0,,2,9,,N,N,,0,,1,0,1,0,0,Y,226,1,1,0,0,1,0,0,3,4,0,1,7,,N,,,,,,,,,,,
2006033777,7.0,2,0,0,0,0,0,0,0,0,4,0,,67,1,2006,2,,,1.0,6,0,0,0,0,0,1,0,0,9.0,0,0,0,23,3,0,2,,1.0,,3.0,0,,0,0,0,0,67301,0,0,0,N,0,0,0,2,67301,0,,1,98,,N,N,,0,,0,0,0,3,2,N,2325,0,2,0,0,0,0,0,3,3,0,2,3,,N,,,,,,,,,,,
2006024217,710.0,1,0,0,0,0,0,0,0,0,4,0,,67,1,2006,5,39.9129,-75.2218,704.0,6,0,0,0,0,0,2,0,0,2.0,0,0,0,6,1,0,0,,1.0,39 54:51.000,3.0,0,75 13:16.974,0,0,0,0,67301,0,0,0,N,0,0,0,2,67301,0,,1,2,,N,N,,0,,0,0,1,0,0,Y,620,0,2,0,0,0,0,0,3,4,0,2,3,,N,,,,,,,,,,,
2006024593,845.0,0,0,0,0,0,0,0,0,0,7,0,,67,1,2006,6,40.0243,-75.0322,835.0,6,0,0,0,1,0,0,0,0,,0,0,0,8,3,1,0,,0.0,40 01:27.339,,0,75 01:56.060,3,0,0,0,67301,0,0,0,N,0,0,0,1,67301,0,,5,1,,N,N,,0,,1,0,1,0,0,,835,1,1,0,0,0,0,0,3,4,0,1,5,,N,,,,,,,,,,,
2006024594,1948.0,2,0,0,0,0,0,0,0,0,4,0,,67,1,2006,7,40.0276,-75.0962,1943.0,6,0,0,0,0,0,2,0,0,,0,0,0,19,3,1,1,,0.0,40 01:39.432,,0,75 05:46.337,4,0,0,0,67301,0,0,0,N,0,0,0,5,67301,1,,1,9,,N,N,,0,,0,0,0,3,3,,1931,1,2,0,0,0,0,0,3,4,0,2,7,,N,,,,,,,,,,,
2006094201,1430.0,3,0,0,0,0,0,0,0,0,1,0,,67,7,2006,2,40.017,-75.1516,1424.0,6,0,0,0,0,0,0,0,0,,0,0,0,14,1,1,2,,0.0,40 01:01.000,,0,75 09:06.163,4,0,0,0,67301,0,0,0,N,0,0,0,7,67301,1,,1,1,,N,N,,0,,0,0,0,3,2,,1420,1,3,0,0,0,0,0,3,4,0,3,3,,N,,,,,,,,,,,
2006094211,1902.0,1,0,0,0,0,0,0,0,0,4,0,,67,7,2006,7,40.0526,-75.1806,1855.0,6,0,0,0,0,0,1,0,0,,0,0,0,18,1,1,1,,0.0,40 03:09.223,,0,75 10:50.329,4,0,0,0,67301,0,0,0,N,0,0,0,2,67301,1,,1,9,,N,N,,1,,0,0,0,9,3,,1850,1,2,0,0,0,0,0,3,4,0,2,7,,N,,,,,,,,,,,
2006094218,1553.0,3,0,0,0,0,0,0,0,0,1,0,,67,7,2006,2,39.9584,-75.2369,1551.0,6,0,0,0,0,1,0,0,0,,0,0,0,15,1,1,0,,0.0,39 57:30.000,,0,75 14:12.838,8,0,0,0,67301,0,0,0,N,0,0,0,1,67301,0,,1,1,,N,N,,1,,0,0,0,0,0,,1550,1,4,0,0,1,1,0,3,4,0,4,3,,N,,,,,,,,,,,
2006055212,1605.0,1,0,0,0,0,0,0,0,0,8,0,,67,3,2006,4,39.9625,-75.2163,1600.0,6,0,0,0,0,0,0,0,0,,0,0,0,16,1,1,0,,0.0,39 57:45.000,,0,75 12:59.271,4,0,0,0,67301,1,0,0,N,1,0,0,2,67301,1,,1,1,,N,N,,0,,0,0,0,0,0,,1600,1,2,0,0,0,0,0,3,4,0,1,3,,N,,,,,,,,,,,
2006055228,2033.0,2,0,0,0,0,0,0,0,0,1,0,,67,4,2006,7,40.0687,-75.0673,2028.0,6,0,0,0,1,0,0,0,0,1.0,0,0,0,20,3,2,2,,1.0,40 04:07.000,3.0,0,75 04:02.393,3,0,0,0,67301,0,0,0,,0,0,0,8,67301,0,,1,1,,,,,0,,2,0,2,9,2,Y,2024,2,4,0,0,2,0,0,3,4,0,4,3,,N,,,,,,,,,,,
2006094238,822.0,0,0,0,0,0,0,0,0,0,7,0,,67,6,2006,6,40.1047,-75.0015,819.0,6,0,0,0,0,0,0,1,0,9.0,0,0,0,8,1,1,1,,1.0,40 06:16.000,1.0,0,75 00:04.652,8,0,0,0,67301,0,0,0,N,0,0,0,1,67301,0,,5,1,,N,N,,0,,0,0,0,3,2,N,818,1,1,0,0,0,1,0,3,4,1,1,3,,N,,,,,,,,,,,
2006094398,1820.0,1,0,0,0,0,0,0,0,0,8,0,,67,8,2006,4,40.0761,-75.162,1804.0,6,0,0,0,0,0,0,0,0,,0,0,0,8,1,1,1,,0.0,40 04:34.057,,0,75 09:43.052,4,0,0,0,67301,1,0,0,N,1,0,0,2,67301,1,,1,1,,N,N,,0,,0,0,0,3,3,,815,1,2,0,0,0,0,0,3,4,0,1,3,,N,,,,,,,,,,,
2006116093,1120.0,0,0,0,0,0,0,0,0,0,8,0,,67,9,2006,6,39.9519,-75.1723,1120.0,6,0,0,0,0,0,0,0,0,,0,0,0,11,1,1,0,,0.0,39 57:06.868,,0,75 10:20.292,4,0,0,0,67301,1,0,0,N,1,0,0,2,67301,1,,6,1,,N,N,,0,,0,0,1,0,0,,1115,1,2,0,0,0,0,0,3,4,0,1,3,,N,,,,,,,,,,,
2006126307,1720.0,3,0,0,0,0,0,0,0,0,5,0,,67,10,2006,4,39.9918,-75.2323,1720.0,6,0,0,0,0,0,1,0,0,,0,0,0,17,4,0,2,,0.0,39 59:30.584,,0,75 13:56.420,0,0,0,0,67301,0,0,0,,0,0,0,3,67301,0,,1,1,,,N,,0,,0,0,0,0,0,,1715,0,3,0,0,0,0,0,3,4,0,3,3,,N,,,,,,,,,,,
2006123838,954.0,2,0,0,0,0,0,0,0,0,4,0,,67,10,2006,5,39.9637,-75.2291,948.0,6,0,0,0,0,0,1,1,0,,0,0,0,9,1,3,2,,0.0,39 57:49.284,,0,75 13:44.871,4,0,0,0,67301,0,0,0,N,0,0,0,4,67301,3,,1,1,,N,N,,0,,0,0,0,3,3,,943,3,2,0,0,3,0,0,3,4,0,2,3,,N,,,,,,,,,,,
2006019777,9999.0,2,0,0,0,0,0,0,0,0,4,0,,67,1,2006,7,,,9999.0,6,0,0,0,0,0,0,0,0,,0,0,0,99,3,0,2,,0.0,,,0,,0,0,0,0,67301,0,0,0,,0,0,0,2,67301,0,,1,1,,N,N,,0,,0,0,1,9,3,,9999,0,3,0,0,2,0,0,3,3,0,3,3,,N,,,,,,,,,,,
2006056465,1555.0,1,0,0,0,0,0,0,0,0,2,0,,67,4,2006,7,39.968,-75.1619,1658.0,6,0,0,0,0,0,0,1,0,2.0,0,0,0,15,1,2,2,,1.0,39 58:04.634,4.0,0,75 09:42.844,8,0,0,0,67301,0,0,0,N,0,0,0,2,67301,0,,1,1,,N,N,,0,,0,0,1,3,2,Y,1545,2,2,0,0,0,2,0,3,4,0,2,3,,N,,,,,,,,,,,
2006036481,820.0,3,0,0,0,0,0,0,0,0,4,0,,67,2,2006,7,39.9922,-75.0993,815.0,6,0,0,0,0,0,1,0,0,,0,0,0,8,3,4,1,,0.0,39 59:32.000,,0,75 05:57.668,4,0,0,0,67301,0,0,0,N,0,0,0,7,67301,3,,1,9,,N,N,,0,,0,0,0,3,2,,813,4,3,0,0,0,1,0,3,4,0,3,7,,N,,,,,,,,,,,
2006036569,1008.0,2,0,0,0,0,0,0,0,0,2,0,,67,2,2006,5,40.0235,-75.1335,1004.0,6,0,0,0,0,0,0,0,1,,0,0,0,10,1,1,1,,0.0,40 01:27.000,,0,75 08:00.693,4,0,0,0,67301,0,0,0,,0,0,0,2,67301,1,,1,1,,N,N,,0,,0,0,0,3,2,,1000,1,2,0,0,0,0,0,3,4,0,2,3,,N,,,,,,,,,,,
2006036664,9999.0,3,0,0,0,0,0,0,0,0,1,0,,67,2,2006,6,39.9325,-75.2,9999.0,6,0,0,0,0,0,2,0,0,1.0,0,0,0,13,1,0,6,,1.0,39 56:16.000,4.0,2,75 11:53.424,0,0,0,0,67301,0,0,0,N,0,0,0,5,67301,0,,1,1,,N,N,,0,,0,0,0,0,0,N,1300,0,3,0,0,0,0,0,3,4,0,3,3,,N,,,,,,,,,,,
2006035959,1952.0,2,0,0,0,0,0,0,0,0,6,0,,67,1,2006,2,,,1951.0,6,0,0,0,0,0,0,0,0,,0,0,0,19,3,0,1,,0.0,,,0,,0,0,0,0,67301,0,0,0,N,0,0,0,2,67301,0,,1,9,,N,N,,0,,0,0,0,9,3,,1950,0,2,0,0,0,0,0,3,3,0,2,7,,N,,,,,,,,,,,