CRN,ARRIVAL_TM,AUTOMOBILE_COUNT,BELTED_DEATH_COUNT,BELTED_SUSP_SERIOUS_INJ_COUNT,BICYCLE_COUNT,BICYCLE_DEATH_COUNT,BICYCLE_SUSP_SERIOUS_INJ_COUNT,BUS_COUNT,CHLDPAS_DEATH_COUNT,CHLDPAS_SUSP_SERIOUS_INJ_COUNT,COLLISION_TYPE,COMM_VEH_COUNT,CONS_ZONE_SPD_LIM,COUNTY,CRASH_MONTH,CRASH_YEAR,DAY_OF_WEEK,DEC_LAT,DEC_LONG,DISPATCH_TM,DISTRICT,DRIVER_COUNT_16YR,DRIVER_COUNT_17YR,DRIVER_COUNT_18YR,DRIVER_COUNT_19YR,DRIVER_COUNT_20YR,DRIVER_COUNT_50_64YR,DRIVER_COUNT_65_74YR,DRIVER_COUNT_75PLUS,EST_HRS_CLOSED,FATAL_COUNT,HEAVY_TRUCK_COUNT,HORSE_BUGGY_COUNT,HOUR_OF_DAY,ILLUMINATION,INJURY_COUNT,INTERSECT_TYPE,INTERSECTION_RELATED,LANE_CLOSED,LATITUDE,LN_CLOSE_DIR,LOCATION_TYPE,LONGITUDE,MAX_SEVERITY_LEVEL,MCYCLE_DEATH_COUNT,MCYCLE_SUSP_SERIOUS_INJ_COUNT,MOTORCYCLE_COUNT,MUNICIPALITY,NONMOTR_COUNT,NONMOTR_DEATH_COUNT,NONMOTR_SUSP_SERIOUS_INJ_COUNT,NTFY_HIWY_MAINT,PED_COUNT,PED_DEATH_COUNT,PED_SUSP_SERIOUS_INJ_COUNT,PERSON_COUNT,POLICE_AGCY,POSSIBLE_INJ_COUNT,RDWY_SURF_TYPE_CD,RELATION_TO_ROAD,ROAD_CONDITION,ROADWAY_CLEARED,SCH_BUS_IND,SCH_ZONE_IND,SECONDARY_CRASH,SMALL_TRUCK_COUNT,SPEC_JURIS_CD,SUSP_MINOR_INJ_COUNT,SUSP_SERIOUS_INJ_COUNT,SUV_COUNT,TCD_FUNC_CD,TCD_TYPE,TFC_DETOUR_IND,TIME_OF_DAY,TOT_INJ_COUNT,TOTAL_UNITS,UNB_DEATH_COUNT,UNB_SUSP_SERIOUS_INJ_COUNT,UNBELTED_OCC_COUNT,UNK_INJ_DEG_COUNT,UNK_INJ_PER_COUNT,URBAN_AREA,URBAN_RURAL,VAN_COUNT,VEHICLE_COUNT,WEATHER1,WEATHER2,WORK_ZONE_IND,WORK_ZONE_LOC,WORK_ZONE_TYPE,WORKERS_PRES,WZ_CLOSE_DETOUR,WZ_FLAGGER,WZ_LAW_OFFCR_IND,WZ_LN_CLOSURE,WZ_MOVING,WZ_OTHER,WZ_SHLDER_MDN,WZ_WORKERS_INJ_KILLED
2006032590,1350.0,2,0,0,0,0,0,0,0,0,4,0,,67,3,2006,6,40.0152,-75.1552,1348.0,6,0,0,0,0,0,0,1,1,2.0,0,0,0,13,1,1,1,,1.0,40 00:54.834,3.0,0,75 09:18.795,8,0,0,0,67301,0,0,0,N,0,0,0,2,67301,0,,1,1,,N,N,,1,,0,0,0,9,3,N,1320,1,3,0,0,0,1,0,3,4,0,3,3,,N,,,,,,,,,,,
2006079404,837.0,1,0,0,0,0,0,0,0,0,8,0,,67,6,2006,2,,,830.0,6,0,0,0,0,0,0,0,0,,0,0,0,16,1,1,1,,0.0,,,0,,8,0,0,0,67301,1,0,0,N,1,0,0,2,67301,0,,9,1,,N,N,,0,,0,0,0,3,2,,1630,1,2,0,0,0,1,1,3,3,0,1,99,,N,,,,,,,,,,,
2006079408,1913.0,2,0,0,0,0,0,0,0,0,4,0,,67,6,2006,4,,,1910.0,6,0,0,0,0,0,0,0,0,,0,0,0,7,1,2,2,,0.0,,,0,,4,0,0,0,67301,0,0,0,N,0,0,0,2,67301,2,,1,1,,N,N,,0,,0,0,0,3,3,,710,2,2,0,0,0,0,0,3,3,0,2,3,,N,,,,,,,,,,,
2006079622,1232.0,1,0,0,0,0,0,0,0,0,5,0,,67,6,2006,7,40.0423,-75.0507,1230.0,6,0,0,0,0,0,0,0,0,,0,0,0,12,1,1,1,,0.0,40 02:32.000,,0,75 03:02.523,8,0,0,0,67301,0,0,0,N,0,0,0,3,67301,0,,1,9,,N,N,,0,,0,0,0,3,2,,1200,1,2,0,0,0,1,0,3,4,1,2,7,,N,,,,,,,,,,,
2006079644,2219.0,1,0,0,0,0,0,0,0,0,7,0,,67,6,2006,7,,,2216.0,6,0,0,0,0,0,0,0,0,,0,0,0,22,3,1,5,,0.0,,,0,,4,0,0,0,67301,0,0,0,N,0,0,0,1,67301,1,,2,9,,N,N,,0,,0,0,0,3,2,,2215,1,1,0,0,0,0,0,3,3,0,1,7,,N,,,,,,,,,,,
2006026393,1540.0,2,0,0,0,0,0,1,0,0,1,1,,67,1,2006,1,40.0403,-75.0584,1532.0,6,0,0,0,0,0,1,0,0,,0,0,0,15,1,2,1,,0.0,40 02:24.000,,0,75 03:30.458,4,0,0,0,67301,0,0,0,,0,0,0,3,67301,2,,1,1,,N,N,,0,,0,0,0,0,0,,1515,2,3,0,0,0,0,0,3,4,0,3,3,,N,,,,,,,,,,,
2006021077,1454.0,1,0,0,0,0,0,0,0,0,7,0,,67,1,2006,1,40.0029,-75.1632,1444.0,6,0,0,0,0,0,0,1,0,9.0,0,0,0,14,1,1,0,,1.0,40 00:10.000,4.0,0,75 09:48.174,4,0,0,0,67301,0,0,0,,0,0,0,1,67301,1,,5,1,,,N,,0,,0,0,0,0,0,N,1444,1,1,0,0,0,0,0,3,4,0,1,3,,N,,,,,,,,,,,
2006021082,1315.0,2,0,0,0,0,0,0,0,0,4,0,,67,1,2006,1,39.9898,-75.1177,1313.0,6,0,0,0,0,0,0,0,0,,0,0,0,13,1,3,1,,0.0,39 59:23.000,,0,75 07:03.939,4,0,0,0,67301,0,0,0,N,0,0,0,5,67301,3,,1,1,,N,N,,0,,0,0,0,3,2,,1310,3,2,0,0,4,0,0,3,4,0,2,3,,N,,,,,,,,,,,
2007006874,1425.0,1,0,0,0,0,0,0,0,0,4,0,,67,11,2006,4,40.0523,-75.008,1423.0,6,0,0,0,0,0,1,0,0,1.0,0,0,0,14,1,1,1,,1.0,40 03:08.000,1.0,0,75 00:28.236,8,0,0,0,67301,0,0,0,N,0,0,0,2,67301,0,,1,1,,N,N,,0,,0,0,0,2,2,N,1422,1,2,0,0,0,1,0,3,4,1,2,3,,N,,,,,,,,,,,
2007030305,2213.0,1,0,0,1,0,0,0,0,0,4,0,,67,12,2006,1,40.0426,-75.0146,2212.0,6,0,0,0,0,0,0,0,0,9.0,0,0,0,22,3,1,1,,2.0,40 02:33.280,7.0,0,75 00:52.534,3,0,0,0,67301,1,0,0,N,0,0,0,2,67301,0,,1,1,,N,N,,0,,1,0,0,3,3,Y,2206,1,2,0,0,0,0,0,3,4,0,1,3,,N,,,,,,,,,,,
2007013083,48.0,2,0,0,0,0,0,0,0,0,6,0,,67,11,2006,1,39.9131,-75.2433,10.0,6,0,0,0,0,0,1,0,0,,0,0,0,0,3,0,1,,0.0,39 54:47.000,,0,75 14:35.486,0,0,0,0,67301,0,0,0,,0,0,0,4,67301,0,,1,1,,,,,0,,0,0,0,3,2,,10,0,2,0,0,3,0,0,3,4,0,2,3,,N,,,,,,,,,,,
2007039299,850.0,1,0,0,0,0,0,0,0,0,4,0,,67,11,2006,2,39.9929,-75.1461,844.0,6,0,0,0,0,0,0,0,0,,0,0,0,99,1,4,1,,0.0,39 59:34.000,,0,75 08:45.991,3,0,0,0,67301,0,0,0,N,0,0,0,4,67301,3,,1,1,,N,N,,0,,1,0,0,9,2,,9999,4,2,0,0,0,0,0,3,4,1,2,3,,N,,,,,,,,,,,
2007034485,,1,0,0,0,0,0,0,0,0,4,0,,67,9,2006,2,40.0241,-75.1306,,6,0,0,0,0,0,0,0,0,,0,0,0,16,4,1,1,,0.0,40 01:27.000,,0,75 07:48.996,8,0,0,0,67301,0,0,0,N,0,0,0,3,,0,,1,1,,N,N,,0,,0,0,1,3,2,,1645,1,2,0,0,0,1,0,3,4,0,2,3,,N,,,,,,,,,,,
2007008430,1612.0,1,0,0,0,0,0,0,0,0,1,0,,67,12,2006,1,40.026,-75.122,1606.0,6,0,0,0,0,0,0,0,0,,0,1,0,15,1,2,5,,0.0,40 01:33.000,,0,75 07:19.120,8,0,0,0,67301,0,0,0,N,0,0,0,3,67301,0,,1,1,,N,N,,0,,0,0,0,3,2,,1540,2,2,0,0,0,2,0,3,4,0,2,3,,N,,,,,,,,,,,
2007010927,1840.0,1,0,0,0,0,0,0,0,0,4,0,,67,12,2006,5,40.0013,-75.126,1830.0,6,0,0,0,0,0,0,0,0,,0,0,0,18,2,1,1,,0.0,40 00:04.528,,0,75 07:33.484,4,0,0,0,67301,0,0,0,N,0,0,0,2,67301,1,,1,1,,N,N,,1,,0,0,0,3,3,,1800,1,3,0,0,0,0,0,3,4,0,3,3,,N,,,,,,,,,,,
2007010931,2200.0,1,0,0,0,0,0,0,0,0,4,0,,67,12,2006,6,39.9041,-75.2262,2156.0,6,0,0,0,0,0,1,1,0,,0,0,0,21,3,1,2,,0.0,39 54:14.630,,0,75 13:34.143,4,0,0,0,67301,0,0,0,N,0,0,0,2,67301,1,,1,1,,N,N,,0,,0,0,1,3,3,,2153,1,2,0,0,0,0,0,3,4,0,2,3,,N,,,,,,,,,,,
2007008482,1629.0,1,0,0,0,0,0,0,0,0,8,0,,67,11,2006,5,40.0127,-75.1538,1607.0,6,0,0,0,0,0,0,0,0,,0,0,0,16,1,1,1,,0.0,40 00:45.824,,0,75 09:13.651,4,0,0,0,67301,1,0,0,,1,0,0,2,67301,1,,1,1,,N,N,,0,,0,0,0,3,3,,1605,1,2,0,0,0,0,0,3,4,0,1,3,,N,,,,,,,,,,,
2007008548,2106.0,1,0,0,0,0,0,0,0,0,8,0,,67,11,2006,2,40.039,-75.15,2103.0,6,0,0,0,0,0,0,0,0,,0,0,0,20,3,1,1,,0.0,40 02:20.000,,0,75 09:00.197,8,0,0,0,67301,1,0,0,N,1,0,0,2,67301,0,,1,1,,N,N,,0,,0,0,0,3,2,,2050,1,2,0,0,0,1,0,3,4,0,1,3,,N,,,,,,,,,,,
2007021564,1755.0,1,0,0,0,0,0,0,0,0,8,0,,67,12,2006,5,40.0039,-75.1707,1750.0,6,0,0,0,0,0,0,0,0,,0,0,0,17,3,1,1,,0.0,40 00:13.000,,0,75 10:14.383,4,0,0,0,67301,1,0,0,N,1,0,0,2,67301,1,,1,1,,N,N,,0,,0,0,0,3,2,,1750,1,2,0,0,0,0,0,3,4,0,1,3,,N,,,,,,,,,,,
2007008859,1235.0,1,0,0,0,0,0,0,0,0,8,0,,67,12,2006,4,40.002,-75.1527,1219.0,6,0,0,0,0,0,0,0,0,,0,0,0,12,1,1,0,,0.0,40 00:07.000,,0,75 09:10.197,4,0,0,0,67301,1,0,0,N,1,0,0,2,67301,1,,1,1,,N,N,,0,,0,0,0,3,2,,1209,1,2,0,0,0,0,0,3,4,0,1,3,,N,,,,,,,,,,,
2007007125,907.0,0,0,0,1,0,0,1,0,0,5,1,,67,9,2006,5,40.0115,-75.2005,903.0,6,0,0,0,0,0,0,0,0,,0,0,0,8,1,1,2,,0.0,40 00:41.000,,2,75 12:01.681,3,0,0,0,67301,1,0,0,N,0,0,0,2,67301,0,,1,1,,Y,N,,0,,1,0,0,0,0,,855,1,2,0,0,0,0,0,3,4,0,1,3,,N,,,,,,,,,,,
2007007552,1806.0,2,0,0,0,0,0,0,0,0,1,0,,67,11,2006,1,39.8923,-75.224,1801.0,6,0,0,0,0,0,1,0,0,,0,0,0,18,3,1,0,,0.0,39 53:32.280,,0,75 13:26.400,4,0,0,0,67301,0,0,0,N,0,0,0,8,67301,1,,1,1,,N,N,,0,,0,0,1,0,0,,1800,1,3,0,0,0,0,0,3,4,0,3,3,,N,,,,,,,,,,,
2007007499,1101.0,1,0,0,0,0,0,0,0,0,7,0,,67,11,2006,1,39.9739,-75.2065,1100.0,6,0,0,0,0,0,0,0,0,,0,0,0,10,1,3,0,,0.0,39 58:26.097,,0,75 12:23.563,8,0,0,0,67301,0,0,0,N,0,0,0,3,67301,0,,5,9,,N,N,,0,,0,0,0,0,0,,1058,3,1,0,0,0,3,0,3,4,0,1,3,,N,,,,,,,,,,,
2007010293,2006.0,2,0,0,0,0,0,0,0,0,7,0,,67,11,2006,7,39.915,-75.1716,2000.0,6,0,0,0,0,0,0,1,0,,0,0,0,99,3,2,0,,0.0,39 54:53.000,,0,75 10:18.213,8,0,0,0,67301,0,0,0,N,0,0,0,3,67301,0,,3,1,,N,N,,0,,0,0,0,0,0,,9999,2,2,0,0,0,2,0,3,4,0,2,3,,N,,,,,,,,,,,
2007007682,920.0,2,0,0,0,0,0,0,0,0,6,0,,67,11,2006,5,40.1343,-75.0091,908.0,6,0,0,0,0,0,0,0,0,,0,0,0,9,1,1,5,,0.0,40 08:03.480,,0,75 00:32.760,8,0,0,0,67301,0,0,0,Y,0,0,0,2,67301,0,,1,1,,N,N,,0,,0,0,0,3,2,,908,1,2,0,0,0,1,1,3,4,0,2,3,,N,,,,,,,,,,,
2007009380,235.0,2,0,0,0,0,0,0,0,0,1,0,,67,12,2006,2,39.9482,-75.143,230.0,6,0,0,0,0,1,0,0,0,2.0,0,0,0,2,3,3,0,,2.0,39 56:53.000,3.0,0,75 08:34.633,4,0,0,0,67301,0,0,0,N,0,0,0,4,67301,3,,6,1,,N,N,,0,,0,0,2,0,0,Y,225,3,4,0,0,0,0,1,3,4,0,4,3,,N,,,,,,,,,,,
2007006793,1834.0,0,0,0,0,0,0,0,0,0,8,0,,67,11,2006,4,39.9832,-75.1324,1834.0,6,0,0,0,0,0,0,0,0,,0,0,0,15,1,1,0,,0.0,39 58:59.621,,0,75 07:56.523,4,0,0,0,67301,1,0,0,N,1,0,0,2,67301,1,,1,1,,N,N,,0,,0,0,1,0,0,,1500,1,2,0,0,0,0,0,3,4,0,1,3,,N,,,,,,,,,,,
2007030110,47.0,1,0,0,0,0,0,0,0,0,4,0,,67,12,2006,1,40.0456,-75.1285,46.0,6,0,0,0,0,0,0,0,0,3.0,0,0,0,0,3,1,1,,2.0,40 02:44.000,7.0,0,75 07:42.460,8,0,0,0,67301,0,0,0,N,0,0,0,4,67301,0,,1,1,,N,N,,0,,0,0,1,3,2,Y,46,1,2,0,0,0,1,0,3,4,0,2,3,,N,,,,,,,,,,,
2006124498,853.0,2,0,0,0,0,0,0,0,0,4,0,,67,11,2006,5,40.0022,-75.1576,849.0,6,0,0,0,0,0,0,0,0,,0,0,0,8,1,1,1,,0.0,40 00:08.000,,0,75 09:27.951,4,0,0,0,67301,0,0,0,N,0,0,0,2,67301,1,,1,1,,N,N,,0,,0,0,0,9,2,,844,1,2,0,0,0,0,0,3,4,0,2,3,,N,,,,,,,,,,,
2006102201,1745.0,2,0,0,0,0,0,0,0,0,4,0,,67,9,2006,2,40.1,-75.0083,1742.0,6,0,0,0,0,0,0,0,0,2.0,0,0,0,17,1,2,1,,2.0,40 05:59.000,2.0,0,75 00:28.979,2,0,0,0,67301,0,0,0,N,0,0,0,2,67301,1,,1,1,,N,N,,0,,0,1,0,3,2,Y,1740,2,2,0,0,0,0,0,3,4,0,2,3,,N,,,,,,,,,,,
2006112662,1255.0,0,0,0,0,0,0,0,0,0,8,0,,67,10,2006,4,,,1248.0,6,0,0,0,0,0,1,0,0,,0,0,0,12,1,1,1,,0.0,,,0,,8,0,0,0,67301,1,0,0,N,1,0,0,2,67301,0,,1,1,,N,N,,0,,0,0,0,0,0,,1245,1,2,0,0,0,1,0,3,3,1,1,3,,N,,,,,,,,,,,
2006112699,1742.0,2,0,0,0,0,0,0,0,0,4,0,,67,10,2006,4,40.0176,-75.1548,1741.0,6,0,0,0,1,0,0,0,0,,0,0,0,17,4,3,1,,0.0,40 01:03.000,,0,75 09:17.632,4,0,0,0,67301,0,0,0,N,0,0,0,4,67301,3,,1,1,,N,N,,0,,0,0,0,3,3,,1735,3,2,0,0,3,0,0,3,4,0,2,3,,N,,,,,,,,,,,
2006127110,2026.0,2,0,0,0,0,0,0,0,0,4,0,,67,11,2006,6,39.9879,-75.1235,2025.0,6,0,0,0,0,0,1,0,0,,0,0,0,20,3,1,1,,0.0,39 59:16.000,,0,75 07:24.508,4,0,0,0,67301,0,0,0,,0,0,0,2,67301,1,,1,1,,,,,0,,0,0,1,3,2,,2025,1,3,0,0,1,0,0,3,4,0,3,3,,N,,,,,,,,,,,
2006124779,805.0,1,0,0,0,0,0,0,0,0,1,1,,67,10,2006,3,40.0544,-75.0909,755.0,6,0,0,0,0,0,0,0,0,,0,1,0,7,1,2,0,,0.0,40 03:15.000,,0,75 05:27.130,4,0,0,0,67301,0,0,0,N,0,0,0,4,67301,2,,1,1,,N,N,,0,,0,0,0,0,0,,750,2,2,0,0,0,0,0,3,4,0,2,3,,N,,,,,,,,,,,
2006113857,800.0,2,0,0,0,0,0,0,0,0,1,0,,67,9,2006,2,40.0106,-75.0628,756.0,6,0,0,0,0,0,1,0,0,1.0,0,0,0,7,1,1,0,,1.0,40 00:38.000,2.0,0,75 03:46.740,8,0,0,0,67301,0,0,0,N,0,0,0,5,67301,0,,1,1,,N,N,,0,,0,0,1,0,0,Y,756,1,3,0,0,1,1,2,3,4,0,3,3,,N,,,,,,,,,,,
2006062107,1908.0,3,0,0,0,0,0,0,0,0,1,0,,67,5,2006,2,40.0177,-75.1892,1907.0,6,0,0,0,0,0,0,0,0,1.0,0,0,0,19,1,1,1,,1.0,40 01:04.080,2.0,0,75 11:21.480,4,0,0,0,67301,0,0,0,,0,0,0,3,67301,1,,1,1,,,,,0,,0,0,0,9,2,N,1900,1,3,0,0,0,0,0,3,4,0,3,3,,N,,,,,,,,,,,
2006062279,1413.0,1,0,0,0,0,0,0,0,0,8,0,,67,5,2006,4,,,1410.0,6,0,0,0,0,0,0,0,0,,0,0,0,99,1,1,0,,0.0,,,0,,8,0,0,0,67301,1,0,0,N,1,0,0,2,67301,0,,1,1,,N,N,,0,,0,0,0,0,0,,9999,1,2,0,0,0,1,0,3,3,0,1,3,,N,,,,,,,,,,,
2006062192,905.0,5,0,0,0,0,0,0,0,0,2,0,,67,5,2006,1,39.9839,-75.1151,900.0,6,0,0,0,0,0,0,0,1,,0,0,0,8,1,1,0,,0.0,39 59:02.000,,0,75 06:54.134,4,0,0,0,67301,0,0,0,N,0,0,0,1,67301,1,,1,1,,N,N,,1,,0,0,0,0,0,,855,1,6,0,0,1,0,0,3,4,0,6,3,,N,,,,,,,,,,,
2006093874,1815.0,2,0,0,0,0,0,0,0,0,1,0,,67,8,2006,5,39.9533,-75.1838,1808.0,6,0,0,0,0,0,0,0,0,,0,0,0,17,1,0,1,,0.0,39 57:12.000,,0,75 11:01.789,0,0,0,0,67301,0,0,0,N,0,0,0,2,67301,0,,1,1,,N,N,,0,,0,0,0,3,2,,1728,0,2,0,0,0,0,0,3,4,0,2,3,,N,,,,,,,,,,,
2006062478,745.0,3,0,0,0,0,0,0,0,0,4,0,,67,5,2006,2,40.018,-75.1493,743.0,6,0,0,1,0,0,1,0,0,,0,0,0,7,1,1,1,,0.0,40 01:05.160,,0,75 08:58.200,8,0,0,0,67301,0,0,0,N,0,0,0,2,67301,0,,1,9,,N,N,,0,,0,0,0,0,0,,740,1,3,0,0,0,1,0,3,4,0,3,7,,N,,,,,,,,,,,
2006055305,815.0,1,0,0,0,0,0,0,0,0,7,0,,67,3,2006,1,40.0092,-75.2098,810.0,6,0,0,0,0,0,0,0,0,,0,0,0,8,1,0,6,,0.0,40 00:33.120,,0,75 12:35.280,0,0,0,0,67301,0,0,0,,0,0,0,1,67301,0,,7,9,,,,,0,,0,0,0,0,0,,805,0,1,0,0,0,0,0,3,4,0,1,7,,N,,,,,,,,,,,
2006055314,1130.0,2,0,0,0,0,0,0,0,0,1,0,,67,4,2006,6,40.0056,-75.0756,1126.0,6,0,0,0,0,0,1,0,0,,0,0,0,11,1,1,1,,0.0,40 00:20.000,,0,75 04:32.415,8,0,0,0,67301,0,0,0,N,0,0,0,2,67301,0,,1,9,,N,N,,0,,0,0,0,0,0,,1120,1,2,0,0,0,1,0,3,4,0,2,7,,N,,,,,,,,,,,
2006055317,1756.0,1,0,0,0,0,0,0,0,0,4,0,,67,4,2006,1,39.9804,-75.1179,9999.0,6,0,0,0,0,0,0,0,0,,0,0,0,99,1,0,1,,0.0,39 58:53.000,,0,75 07:02.779,0,0,0,0,67301,0,0,0,N,0,0,0,4,67301,0,,1,1,,N,N,,0,,0,0,0,3,2,,9999,0,2,0,0,3,0,0,3,4,1,2,99,,N,,,,,,,,,,,
2006055054,1122.0,2,0,0,0,0,0,0,0,0,5,0,,67,4,2006,4,,,1119.0,6,0,0,0,0,0,1,0,0,,0,0,0,99,1,1,2,,0.0,,,0,,4,0,0,0,67301,0,0,0,N,0,0,0,2,67301,1,,1,9,,N,N,,0,,0,0,0,0,0,,9999,1,2,0,0,0,0,0,3,3,0,2,10,,N,,,,,,,,,,,
2006094185,1852.0,2,0,0,0,0,0,0,0,0,4,0,,67,7,2006,6,40.0349,-75.1239,1849.0,6,0,0,0,1,0,0,0,0,1.0,0,0,0,18,1,3,2,,2.0,40 02:05.485,5.0,0,75 07:26.165,8,0,0,0,67301,0,0,0,N,0,0,0,4,67301,0,,1,1,,N,N,,0,,0,0,0,3,3,N,1830,3,2,0,0,0,3,0,3,4,0,2,3,,N,,,,,,,,,,,
2006062617,1235.0,2,0,0,0,0,0,0,0,0,5,0,,67,5,2006,1,39.9561,-75.206,1230.0,6,0,0,0,0,0,1,0,0,,0,0,0,12,1,0,0,,0.0,39 57:22.320,,0,75 12:21.600,9,0,0,0,67301,0,0,0,N,0,0,0,3,67301,0,,1,1,,N,N,,0,,0,0,0,0,0,,1226,0,2,0,0,3,0,2,3,4,0,2,3,,N,,,,,,,,,,,
2006094223,1345.0,1,0,0,0,0,0,0,0,0,5,0,,67,8,2006,6,40.0316,-75.0633,1336.0,6,0,0,0,0,0,1,0,0,1.0,0,0,0,13,1,2,5,,1.0,40 01:53.000,1.0,0,75 03:47.543,8,0,0,0,67301,0,0,0,N,0,0,0,3,67301,0,,1,1,,N,N,,1,,0,0,0,0,0,N,1335,2,2,0,0,0,2,0,3,4,0,2,3,,N,,,,,,,,,,,
2006081718,205.0,3,0,0,0,0,0,0,0,0,5,0,,67,6,2006,2,40.0719,-75.1661,200.0,6,0,0,0,0,0,0,0,0,,0,0,0,1,3,0,0,,0.0,40 04:18.933,,0,75 09:57.837,0,0,0,0,67301,0,0,0,N,0,0,0,1,67301,0,,6,1,,N,N,,0,,0,0,0,0,0,,157,0,3,0,0,0,0,0,3,4,0,3,3,,N,,,,,,,,,,,
2006116091,2245.0,1,0,0,0,0,0,0,0,0,1,0,,67,9,2006,2,39.9188,-75.171,2235.0,6,1,0,0,0,0,1,0,0,,0,0,0,22,6,0,0,,0.0,39 55:07.000,,3,75 10:15.569,0,0,0,0,67301,0,0,0,,0,0,0,2,67301,0,,1,1,,N,N,,0,,0,0,1,0,0,,2235,0,2,0,0,0,0,0,3,4,0,2,3,,N,,,,,,,,,,,
2006123834,2205.0,2,0,0,0,0,0,0,0,0,2,0,,67,10,2006,6,39.9778,-75.2134,2156.0,6,0,0,0,0,0,0,0,0,,0,0,0,21,3,2,1,,0.0,39 58:39.000,,0,75 12:47.892,3,0,0,0,67301,0,0,0,N,0,0,0,3,67301,0,,1,9,,N,N,,0,,2,0,0,3,2,,2130,2,2,0,0,2,0,0,3,4,0,2,7,,N,,,,,,,,,,,
2006066218,1512.0,3,0,0,0,0,0,0,0,0,5,0,,67,5,2006,5,,,1509.0,6,0,0,0,0,0,0,0,0,,0,0,0,15,1,1,0,,0.0,,,0,,4,0,0,0,67301,0,0,0,N,0,0,0,1,67301,1,,6,1,,N,N,,0,,0,0,0,0,0,,1505,1,3,0,0,1,0,0,3,3,0,3,3,,N,,,,,,,,,,,
2006034194,1720.0,2,0,0,0,0,0,0,0,0,2,0,,67,2,2006,7,40.0146,-75.1567,1715.0,6,0,0,0,0,0,1,0,0,,0,0,0,17,3,1,1,,0.0,40 00:52.000,,0,75 09:23.913,4,0,0,0,67301,0,0,0,,0,0,0,3,67301,1,,1,9,,N,N,,0,,0,0,0,3,2,,1700,1,2,0,0,0,0,0,3,4,0,2,7,,N,,,,,,,,,,,
2006024226,2115.0,2,0,0,0,0,0,0,0,0,1,0,,67,1,2006,7,40.0442,-75.1627,2045.0,6,0,0,1,0,0,0,0,0,,0,0,0,20,3,1,0,,0.0,40 02:38.000,,0,75 09:45.632,4,0,0,0,67301,0,0,0,N,0,0,0,1,67301,1,,6,1,,N,N,,2,,0,0,0,0,0,,2045,1,4,0,0,0,0,0,3,4,0,4,3,,N,,,,,,,,,,,
2006102765,1645.0,2,0,0,0,0,0,0,0,0,4,0,,67,8,2006,1,40.0422,-75.0801,1639.0,6,0,0,0,0,1,0,0,0,,0,0,0,16,1,5,1,,0.0,40 02:32.049,,0,75 04:48.539,4,0,0,0,67301,0,0,0,N,0,0,0,6,67301,2,,1,1,,N,N,,0,,0,0,0,3,3,,1620,5,2,0,0,0,3,0,3,4,0,2,3,,N,,,,,,,,,,,
2006102770,855.0,1,0,0,0,0,0,0,0,0,8,0,,67,9,2006,7,39.9999,-75.0992,850.0,6,0,0,0,1,0,0,0,0,,0,0,0,99,3,1,0,,0.0,39 59:59.000,,0,75 05:56.956,2,0,0,0,67301,1,0,1,N,1,0,1,2,67301,0,,1,1,,N,N,,0,,0,1,0,0,0,,9999,1,2,0,0,0,0,0,3,4,0,1,3,,N,,,,,,,,,,,
2006103166,836.0,2,0,0,0,0,0,0,0,0,1,0,,67,8,2006,2,40.0362,-75.1134,235.0,6,0,0,0,0,0,1,0,0,,0,0,0,7,1,1,0,,0.0,40 02:10.000,,0,75 06:48.637,4,0,0,0,67301,0,0,0,N,0,0,0,2,67301,1,,1,1,,N,N,,0,,0,0,0,3,2,,750,1,2,0,0,0,0,0,3,4,0,2,3,,N,,,,,,,,,,,
2006037527,2352.0,1,0,0,0,0,0,0,0,0,8,0,,67,1,2006,6,40.0288,-75.1677,2352.0,6,0,0,0,0,0,0,0,0,,0,0,0,23,3,1,0,,0.0,40 01:43.784,,0,75 10:03.799,8,0,0,0,67301,1,0,0,,1,0,0,1,67301,0,,1,1,,N,N,,0,,0,0,1,0,0,,2359,1,3,0,0,0,1,0,3,4,0,2,3,,N,,,,,,,,,,,
2006037600,1045.0,2,0,0,0,0,0,0,0,0,4,0,,67,2,2006,4,,,1040.0,6,0,0,0,0,0,0,0,1,,0,0,0,10,1,1,1,,0.0,,,0,,8,0,0,0,67301,0,0,0,N,0,0,0,2,67301,0,,1,1,,N,N,,0,,0,0,0,9,3,,1030,1,2,0,0,2,1,0,3,3,0,2,3,,N,,,,,,,,,,,
2006037720,2236.0,3,0,0,0,0,0,0,0,0,1,0,,67,2,2006,6,39.934,-75.1677,2234.0,6,0,0,0,0,0,0,0,0,2.0,0,0,0,22,3,0,0,,1.0,39 56:02.000,2.0,0,75 10:03.534,0,0,0,0,67301,0,0,0,N,0,0,0,1,67301,0,,2,1,,N,N,,0,,0,0,2,0,0,N,2232,0,5,0,0,0,0,0,3,4,0,5,3,,N,,,,,,,,,,,