CRN,ARRIVAL_TM,AUTOMOBILE_COUNT,BELTED_DEATH_COUNT,BELTED_SUSP_SERIOUS_INJ_COUNT,BICYCLE_COUNT,BICYCLE_DEATH_COUNT,BICYCLE_SUSP_SERIOUS_INJ_COUNT,BUS_COUNT,CHLDPAS_DEATH_COUNT,CHLDPAS_SUSP_SERIOUS_INJ_COUNT,COLLISION_TYPE,COMM_VEH_COUNT,CONS_ZONE_SPD_LIM,COUNTY,CRASH_MONTH,CRASH_YEAR,DAY_OF_WEEK,DEC_LAT,DEC_LONG,DISPATCH_TM,DISTRICT,DRIVER_COUNT_16YR,DRIVER_COUNT_17YR,DRIVER_COUNT_18YR,DRIVER_COUNT_19YR,DRIVER_COUNT_20YR,DRIVER_COUNT_50_64YR,DRIVER_COUNT_65_74YR,DRIVER_COUNT_75PLUS,EST_HRS_CLOSED,FATAL_COUNT,HEAVY_TRUCK_COUNT,HORSE_BUGGY_COUNT,HOUR_OF_DAY,ILLUMINATION,INJURY_COUNT,INTERSECT_TYPE,INTERSECTION_RELATED,LANE_CLOSED,LATITUDE,LN_CLOSE_DIR,LOCATION_TYPE,LONGITUDE,MAX_SEVERITY_LEVEL,MCYCLE_DEATH_COUNT,MCYCLE_SUSP_SERIOUS_INJ_COUNT,MOTORCYCLE_COUNT,MUNICIPALITY,NONMOTR_COUNT,NONMOTR_DEATH_COUNT,NONMOTR_SUSP_SERIOUS_INJ_COUNT,NTFY_HIWY_MAINT,PED_COUNT,PED_DEATH_COUNT,PED_SUSP_SERIOUS_INJ_COUNT,PERSON_COUNT,POLICE_AGCY,POSSIBLE_INJ_COUNT,RDWY_SURF_TYPE_CD,RELATION_TO_ROAD,ROAD_CONDITION,ROADWAY_CLEARED,SCH_BUS_IND,SCH_ZONE_IND,SECONDARY_CRASH,SMALL_TRUCK_COUNT,SPEC_JURIS_CD,SUSP_MINOR_INJ_COUNT,SUSP_SERIOUS_INJ_COUNT,SUV_COUNT,TCD_FUNC_CD,TCD_TYPE,TFC_DETOUR_IND,TIME_OF_DAY,TOT_INJ_COUNT,TOTAL_UNITS,UNB_DEATH_COUNT,UNB_SUSP_SERIOUS_INJ_COUNT,UNBELTED_OCC_COUNT,UNK_INJ_DEG_COUNT,UNK_INJ_PER_COUNT,URBAN_AREA,URBAN_RURAL,VAN_COUNT,VEHICLE_COUNT,WEATHER1,WEATHER2,WORK_ZONE_IND,WORK_ZONE_LOC,WORK_ZONE_TYPE,WORKERS_PRES,WZ_CLOSE_DETOUR,WZ_FLAGGER,WZ_LAW_OFFCR_IND,WZ_LN_CLOSURE,WZ_MOVING,WZ_OTHER,WZ_SHLDER_MDN,WZ_WORKERS_INJ_KILLED
2006037788,1500.0,2,0,0,0,0,0,0,0,0,2,0,,67,3,2006,2,40.0699,-75.0505,1450.0,6,0,0,0,0,0,0,1,1,,0,0,0,14,1,2,0,,0.0,40 04:10.000,,0,75 03:02.593,4,0,0,0,67301,0,0,0,N,0,0,0,3,67301,2,,1,1,,N,N,,0,,0,0,0,0,0,,1450,2,2,0,0,0,0,0,3,4,0,2,3,,N,,,,,,,,,,,
2006081728,1755.0,2,0,0,0,0,0,0,0,0,1,0,,67,5,2006,7,39.9219,-75.1905,1750.0,6,0,0,0,0,0,1,1,0,2.0,0,0,0,17,1,4,1,,1.0,39 55:18.000,1.0,0,75 11:24.321,4,0,0,0,67301,0,0,0,N,0,0,0,4,67301,1,,1,1,,N,N,,0,,0,0,0,3,2,N,1745,4,2,0,0,0,3,0,3,4,0,2,3,,N,,,,,,,,,,,
2006081738,815.0,2,0,0,0,0,0,0,0,0,2,0,,67,7,2006,7,40.0443,-75.0541,810.0,6,0,0,0,0,0,0,0,0,1.0,0,0,0,8,1,1,1,,1.0,40 02:40.000,2.0,0,75 03:16.619,4,0,0,0,67301,0,0,0,N,0,0,0,2,67301,1,,1,1,,N,N,,0,,0,0,0,3,2,N,809,1,2,0,0,0,0,0,3,4,0,2,3,,N,,,,,,,,,,,
2006079948,1745.0,1,0,0,0,0,0,1,0,0,4,1,,67,6,2006,4,40.0431,-75.0738,1741.0,6,0,0,0,0,0,2,0,0,2.0,0,0,0,17,1,2,1,,2.0,40 02:35.000,5.0,0,75 04:25.810,3,0,0,0,67301,0,0,0,N,0,0,0,3,67301,0,,1,1,,N,N,,1,,1,0,0,3,2,Y,1735,2,3,0,0,0,1,1,3,4,0,3,3,,N,,,,,,,,,,,
2006079956,1651.0,1,0,0,0,0,0,0,0,0,5,0,,67,6,2006,7,,,1648.0,6,0,0,0,1,0,0,0,0,,0,0,0,16,8,1,0,,0.0,,,0,,8,0,0,0,67301,0,0,0,N,0,0,0,2,67301,0,,1,9,,N,N,,0,,0,0,0,0,0,,1630,1,2,0,0,0,1,1,3,3,0,2,3,,N,,,,,,,,,,,
2006082512,1433.0,0,0,0,0,0,0,0,0,0,8,0,,67,6,2006,7,40.0436,-75.1032,1428.0,6,0,0,0,0,0,0,0,0,,0,0,0,14,1,1,0,,0.0,40 02:37.114,,7,75 06:11.507,3,0,0,0,67301,1,0,0,N,1,0,0,2,67301,0,,1,1,,N,N,,1,,1,0,0,3,3,,1422,1,2,0,0,1,0,0,3,4,0,1,3,,N,,,,,,,,,,,
2006082537,1347.0,2,0,0,0,0,0,0,0,0,4,0,,67,6,2006,3,,,1345.0,6,0,0,0,0,0,1,0,0,,0,0,0,13,1,3,0,,0.0,,,7,,4,0,0,0,67301,0,0,0,N,0,0,0,3,67301,3,,1,1,,N,N,,0,,0,0,0,3,3,,1315,3,2,0,0,0,0,0,3,3,0,2,3,,N,,,,,,,,,,,
2006079826,140.0,2,0,0,0,0,0,0,0,0,5,0,,67,5,2006,5,,,130.0,6,0,0,0,0,0,0,0,0,,0,0,0,13,1,0,0,,0.0,,,0,,0,0,0,0,67301,0,0,0,N,0,0,0,1,67301,0,,2,1,,N,N,,0,,0,0,0,0,0,,1330,0,2,0,0,1,0,0,3,3,0,2,3,,N,,,,,,,,,,,
2007056634,1516.0,2,0,0,0,0,0,0,0,0,4,0,,67,4,2006,7,40.1105,-75.0247,1516.0,6,0,0,0,0,0,1,0,1,,0,0,0,15,1,1,2,,0.0,40 06:37.000,,0,75 01:28.899,8,0,0,0,67301,0,0,0,N,0,0,0,5,67301,0,,1,1,,N,N,,0,,0,0,0,0,0,,1516,1,2,0,0,0,1,0,3,4,0,2,3,,N,,,,,,,,,,,
2007054526,1122.0,0,0,0,0,0,0,0,0,0,8,0,,67,12,2006,3,39.9167,-75.1494,1119.0,6,0,0,0,0,0,0,0,0,,0,0,0,11,1,1,1,,0.0,39 54:59.954,,0,75 08:57.991,3,0,0,0,67301,1,0,0,,1,0,0,2,67301,0,,1,1,,,,,1,,1,0,0,3,3,,1109,1,2,0,0,0,0,0,3,4,0,1,3,,N,,,,,,,,,,,
2007006824,1750.0,2,0,0,0,0,0,0,0,0,4,0,,67,11,2006,4,40.0369,-75.1452,1741.0,6,0,0,0,0,0,0,0,0,,0,0,0,17,3,1,1,,0.0,40 02:13.000,,0,75 08:42.847,4,0,0,0,67301,0,0,0,N,0,0,0,4,67301,1,,1,1,,N,N,,0,,0,0,0,3,2,,1714,1,2,0,0,1,0,0,3,4,0,2,3,,N,,,,,,,,,,,
2007009082,1415.0,3,0,0,0,0,0,0,0,0,4,0,,67,12,2006,3,39.9794,-75.1634,1410.0,6,0,0,0,0,1,1,0,0,,0,0,0,14,1,1,1,,0.0,39 58:46.000,,0,75 09:48.474,8,0,0,0,67301,0,0,0,N,0,0,0,2,67301,0,,1,1,,N,N,,0,,0,0,0,3,3,,1400,1,3,0,0,1,1,0,3,4,0,3,3,,N,,,,,,,,,,,
2006102401,217.0,0,0,0,0,0,0,0,0,0,7,1,,67,9,2006,2,,,1252.0,6,0,0,0,0,0,1,0,0,,0,1,0,12,1,1,1,,0.0,,,0,,4,0,0,0,67301,1,0,0,Y,1,0,0,2,67301,1,,5,1,,N,N,,0,,0,0,0,9,2,,1250,1,2,0,0,0,0,0,3,3,0,1,3,,N,,,,,,,,,,,
2006102514,2150.0,2,0,0,0,0,0,0,0,0,1,0,,67,8,2006,1,39.9213,-75.1935,2137.0,6,0,0,0,0,0,0,0,0,,0,0,0,99,3,2,0,,0.0,39 55:16.000,,0,75 11:36.778,8,0,0,0,67301,0,0,0,N,0,0,0,5,67301,0,,1,9,,N,N,,0,,0,0,0,0,0,,9999,2,2,0,0,0,2,0,3,4,0,2,7,,N,,,,,,,,,,,
2006124490,2015.0,1,0,0,0,0,0,0,0,0,8,0,,67,10,2006,1,40.0458,-75.0567,2015.0,6,0,0,0,0,0,0,0,0,1.0,0,0,0,20,3,1,0,,1.0,40 02:44.000,3.0,0,75 03:24.022,3,0,0,0,67301,1,0,0,N,1,0,0,2,67301,0,,1,1,,N,N,,0,,1,0,0,0,0,N,2013,1,2,0,0,0,0,1,3,4,0,1,3,,N,,,,,,,,,,,
2006124559,1519.0,1,0,0,0,0,0,0,0,0,4,0,,67,11,2006,4,40.0169,-75.1495,1511.0,6,0,0,0,0,0,0,1,0,1.0,0,0,0,15,1,1,1,,1.0,40 01:00.000,3.0,0,75 08:58.212,4,0,0,0,67301,0,0,0,N,0,0,0,5,67301,1,,1,9,,N,N,,1,,0,0,0,3,2,Y,1511,1,2,0,0,0,0,4,3,4,0,2,7,,N,,,,,,,,,,,
2006124565,1351.0,1,0,0,0,0,0,0,0,0,4,0,,67,11,2006,5,39.9732,-75.2122,1351.0,6,0,0,0,0,0,1,0,0,,0,0,0,13,1,0,1,,0.0,39 58:23.000,,0,75 12:43.412,0,0,0,0,67301,0,0,0,N,0,0,0,2,67301,0,,1,1,,N,N,,0,,0,0,1,3,2,,1336,0,2,0,0,0,0,0,3,4,0,2,3,,N,,,,,,,,,,,
2006102209,1258.0,2,0,0,0,0,0,0,0,0,3,0,,67,9,2006,2,40.0195,-75.1248,1255.0,6,0,0,0,0,0,0,0,0,,0,0,0,12,1,1,0,,0.0,40 01:10.275,,0,75 07:29.323,8,0,0,0,67301,0,0,0,,0,0,0,3,67301,0,,1,1,,,,,0,,0,0,0,0,0,,1250,1,2,0,0,0,1,0,3,4,0,2,98,,N,,,,,,,,,,,
2006115171,815.0,1,0,0,0,0,0,0,0,0,8,0,,67,10,2006,3,39.9254,-75.2346,815.0,6,0,0,0,0,0,0,1,0,,0,0,0,8,1,1,0,,0.0,39 55:31.450,,0,75 14:04.621,8,0,0,0,67301,1,0,0,N,1,0,0,2,67301,0,,1,1,,N,N,,0,,0,0,0,3,2,,815,1,2,0,0,0,1,0,3,4,0,1,3,,N,,,,,,,,,,,
2006112696,1706.0,0,0,0,0,0,0,0,0,0,8,0,,67,9,2006,6,39.9172,-75.2463,1656.0,6,0,0,0,0,0,0,0,0,,0,0,0,16,1,1,1,,0.0,39 55:01.000,,0,75 14:46.549,4,0,0,0,67301,1,0,0,N,1,0,0,2,67301,1,,5,1,,N,N,,0,,0,0,1,3,2,,1655,1,2,0,0,0,0,0,3,4,0,1,3,,N,,,,,,,,,,,
2006124781,1840.0,0,0,0,0,0,0,1,0,0,8,1,,67,11,2006,5,40.0162,-75.0842,1840.0,6,0,0,0,0,0,1,0,0,,0,0,0,18,3,2,0,,0.0,40 00:58.236,,0,75 05:03.012,4,0,0,0,67301,1,0,0,N,1,0,0,5,67301,2,,5,1,,N,N,,0,,0,0,0,0,0,,1840,2,2,0,0,0,0,3,3,4,0,1,3,,N,,,,,,,,,,,
2006062208,1917.0,1,0,0,0,0,0,0,0,0,4,0,,67,5,2006,6,40.0325,-75.1242,1914.0,6,0,0,1,0,0,0,0,0,,0,0,0,19,1,0,1,,0.0,40 01:57.154,,0,75 07:27.076,0,0,0,0,67301,0,0,0,N,0,0,0,3,67301,0,,1,1,,N,N,,0,,0,0,1,9,2,,1913,0,2,0,0,0,0,0,3,4,0,2,3,,N,,,,,,,,,,,
2006093872,1320.0,2,0,0,0,0,0,0,0,0,4,0,,67,8,2006,3,40.0399,-75.1648,1315.0,6,0,0,0,0,0,0,0,0,,0,0,0,13,1,1,2,,0.0,40 02:23.521,,0,75 09:53.452,8,0,0,0,67301,0,0,0,N,0,0,0,3,67301,0,,1,1,,N,N,,0,,0,0,0,3,3,,1310,1,2,0,0,0,1,0,3,4,0,2,3,,N,,,,,,,,,,,
2006062476,2320.0,1,0,0,0,0,0,0,0,0,8,0,,67,6,2006,3,40.0033,-75.1659,2318.0,6,0,0,0,0,0,0,0,0,,0,0,0,23,2,1,1,,0.0,40 00:11.000,,0,75 09:57.559,4,0,0,0,67301,1,0,0,N,1,0,0,2,67301,1,,1,1,,N,N,,0,,0,0,0,3,2,,2315,1,2,0,0,0,0,1,3,4,0,1,3,,N,,,,,,,,,,,
2006093929,1205.0,2,0,0,0,0,0,0,0,0,2,0,,67,8,2006,2,40.0388,-75.1716,1205.0,6,0,0,0,0,0,0,0,0,,0,0,0,0,3,3,1,,0.0,40 02:19.838,,0,75 10:17.839,8,0,0,0,67301,0,0,0,N,0,0,0,3,67301,0,,1,1,,N,N,,0,,0,0,0,3,2,,5,3,2,0,0,0,3,0,3,4,0,2,3,,N,,,,,,,,,,,
2006054961,1220.0,2,0,0,0,0,0,0,0,0,5,0,,67,3,2006,2,40.0246,-75.2214,1216.0,6,0,0,0,0,0,0,1,0,,0,0,0,12,1,1,1,,0.0,40 01:28.477,,0,75 13:17.104,4,0,0,0,67301,0,0,0,N,0,0,0,3,67301,1,,1,1,,N,N,,0,,0,0,0,0,0,,1210,1,2,0,0,0,0,0,3,4,0,2,3,,N,,,,,,,,,,,
2006094455,9999.0,1,0,0,0,0,0,0,0,0,8,0,,67,7,2006,7,39.9914,-75.159,937.0,6,0,0,0,0,0,0,0,0,,0,0,0,99,3,2,1,,0.0,39 59:28.939,,0,75 09:32.551,4,0,0,0,67301,2,0,0,N,2,0,0,3,67301,2,,1,1,,N,N,,0,,0,0,0,0,0,,9999,2,3,0,0,1,0,0,3,4,0,1,3,,N,,,,,,,,,,,
2006094149,6.0,2,0,0,0,0,0,0,0,0,8,0,,67,7,2006,6,,,2.0,6,0,0,0,0,0,0,0,0,,0,0,0,21,3,1,1,,0.0,,,0,,8,0,0,0,67301,1,0,0,N,1,0,0,2,67301,0,,1,1,,N,N,,0,,0,0,0,0,0,,2130,1,3,0,0,0,1,1,3,3,0,2,3,,N,,,,,,,,,,,
2006094184,2040.0,1,0,0,1,0,0,0,0,0,4,0,,67,7,2006,3,39.9931,-75.1479,2037.0,6,0,0,0,0,0,0,0,0,,0,0,0,20,1,1,1,,0.0,39 59:34.000,,0,75 08:52.453,8,0,0,0,67301,1,0,0,N,0,0,0,2,67301,0,,1,9,,N,N,,0,,0,0,0,3,2,,2010,1,2,0,0,0,1,0,3,4,0,1,7,,N,,,,,,,,,,,
2006055240,1543.0,1,0,0,0,0,0,0,0,0,7,0,,67,4,2006,7,39.9751,-75.195,1539.0,6,0,0,0,0,0,0,0,0,,0,0,0,15,1,1,0,,0.0,39 58:30.360,,0,75 11:41.640,3,0,0,0,67301,0,0,0,N,0,0,0,1,67301,0,,2,9,,N,N,,0,,1,0,0,0,0,,1539,1,1,0,0,0,0,0,3,4,0,1,7,,N,,,,,,,,,,,
2006055254,2105.0,1,0,0,0,0,0,0,0,0,7,0,,67,3,2006,2,40.0219,-75.1126,2100.0,6,0,0,0,1,0,0,0,0,,0,0,0,18,3,1,0,,0.0,40 01:18.480,,0,75 06:45.360,4,0,0,0,67301,0,0,0,,0,0,0,1,67301,1,,2,1,,,,,0,,0,0,0,0,0,,1853,1,1,0,0,0,0,0,3,4,0,1,3,,N,,,,,,,,,,,
2006094439,950.0,2,0,0,0,0,0,0,0,0,1,0,,67,6,2006,4,40.0,-75.1531,935.0,6,0,0,0,0,0,1,0,0,,0,0,0,99,1,2,1,,0.0,39 59:59.964,,0,75 09:11.322,4,0,0,0,67301,0,0,0,N,0,0,0,6,67301,2,,1,9,,N,N,,0,,0,0,0,0,0,,9999,2,2,0,0,0,0,0,3,4,0,2,3,,N,,,,,,,,,,,
2006081712,1732.0,2,0,0,0,0,0,0,0,0,2,0,,67,7,2006,3,,,1730.0,6,0,0,0,0,0,0,0,0,9.0,0,0,0,17,1,2,2,,2.0,,7.0,0,,3,0,0,0,67301,0,0,0,N,0,0,0,3,67301,0,,1,1,,N,N,,0,,2,0,0,3,2,N,1730,2,2,0,0,0,0,1,3,3,0,2,3,,N,,,,,,,,,,,
2006116117,935.0,2,0,0,0,0,0,0,0,0,6,0,,67,10,2006,7,39.9531,-75.1612,927.0,6,0,0,0,0,0,0,0,0,,0,0,0,21,3,1,2,,0.0,39 57:11.260,,0,75 09:40.449,3,0,0,0,67301,0,0,0,N,0,0,0,6,67301,0,,1,1,,N,N,,0,,1,0,0,3,2,,2125,1,2,0,0,0,0,0,3,4,0,2,3,,N,,,,,,,,,,,
2006116125,105.0,0,0,0,0,0,0,1,0,0,4,1,,67,10,2006,6,40.0171,-75.0847,104.0,6,0,0,0,0,0,1,0,0,,0,0,0,1,3,2,1,,0.0,40 01:01.444,,0,75 05:04.984,4,0,0,0,67301,0,0,0,,0,0,0,4,67301,2,,1,1,,N,N,,0,,0,0,0,3,2,,103,2,2,0,0,0,0,1,3,4,1,2,3,,N,,,,,,,,,,,
2006126302,2228.0,2,0,0,0,0,0,0,0,0,2,0,,67,10,2006,5,40.0414,-75.1441,2228.0,6,0,0,0,0,0,1,0,1,,0,0,0,22,3,2,1,,0.0,40 02:29.000,,0,75 08:38.923,8,0,0,0,67301,0,0,0,N,0,0,0,2,67301,0,,1,9,,N,N,,0,,0,0,0,3,2,,2227,2,2,0,0,0,2,0,3,4,0,2,7,,N,,,,,,,,,,,
2006123836,1306.0,2,0,1,0,0,0,0,0,0,4,0,,67,10,2006,6,39.9883,-75.2071,1300.0,6,0,0,0,0,0,0,0,0,,0,0,0,12,1,2,0,,0.0,39 59:21.000,,0,75 12:21.919,2,0,0,0,67301,0,0,0,N,0,0,0,2,67301,0,,1,1,,N,N,,0,,1,1,0,0,0,,1255,2,2,0,0,0,0,0,3,4,0,2,3,,N,,,,,,,,,,,
2006056472,1925.0,2,0,0,0,0,0,0,0,0,5,0,,67,3,2006,7,40.0324,-75.1356,1913.0,6,0,0,0,0,0,0,0,1,,0,0,0,17,3,1,0,,0.0,40 01:56.730,,0,75 08:08.286,4,0,0,0,67301,1,0,0,N,0,0,0,2,67301,1,,1,1,,N,N,,0,,0,0,0,0,0,,1705,1,2,0,0,0,0,0,3,4,0,2,3,,N,,,,,,,,,,,
2006056475,1711.0,1,0,0,0,0,0,0,0,0,7,0,,67,4,2006,7,40.0238,-75.1349,1710.0,6,0,0,0,0,0,0,0,0,,0,0,0,17,4,1,2,,0.0,40 01:25.000,,0,75 08:06.855,8,0,0,0,67301,0,0,0,N,0,0,0,1,67301,0,,5,9,,N,N,,0,,0,0,0,0,0,,1705,1,1,0,0,0,1,0,3,4,0,1,7,,N,,,,,,,,,,,
2006036584,1705.0,0,0,0,0,0,0,0,0,0,1,0,,67,1,2006,4,,,1658.0,6,0,0,0,0,0,0,0,0,3.0,0,1,0,16,1,2,0,,2.0,,7.0,0,,8,0,0,0,67301,1,0,0,N,0,0,0,3,67301,0,,6,1,,N,N,,1,,0,0,0,0,0,Y,1647,2,2,0,0,0,2,0,3,3,0,2,3,,N,,,,,,,,,,,
2006036667,1820.0,1,0,0,0,0,0,0,0,0,8,0,,67,2,2006,4,40.0174,-75.0903,1826.0,6,0,0,0,0,0,1,0,0,,0,0,0,18,2,1,1,,0.0,40 01:02.528,,0,75 05:25.205,4,0,0,0,67301,1,0,0,,1,0,0,2,67301,1,,1,9,,N,N,,0,,0,0,0,0,0,,1820,1,2,0,0,0,0,0,3,4,0,1,5,,N,,,,,,,,,,,
2006103158,1815.0,1,0,0,0,0,0,0,0,0,6,0,,67,7,2006,6,40.079,-74.9912,1805.0,6,0,0,0,0,0,0,0,0,,0,0,0,17,1,1,1,,0.0,40 04:44.428,,0,74 59:28.492,4,0,0,0,67301,0,0,0,N,0,0,0,2,67301,1,,1,1,,N,N,,0,,0,0,1,9,3,,1700,1,2,0,0,0,0,1,3,4,0,2,3,,N,,,,,,,,,,,
2006103202,2104.0,1,0,0,0,0,0,0,0,0,5,0,,67,9,2006,2,,,2004.0,6,0,0,0,0,0,1,0,0,2.0,0,0,0,20,3,1,0,,2.0,,3.0,0,,4,0,0,0,67301,0,0,0,N,0,0,0,1,67301,1,,1,1,,N,N,,0,,0,0,2,0,0,Y,2004,1,3,0,0,0,0,0,3,3,0,3,3,,N,,,,,,,,,,,
2006102806,228.0,1,0,0,0,0,0,0,0,0,4,0,,67,8,2006,1,39.9542,-75.1395,227.0,6,0,0,0,0,1,0,0,0,,0,0,0,2,3,3,2,,0.0,39 57:14.000,,0,75 08:22.341,8,0,0,0,67301,0,0,0,N,0,0,0,5,67301,0,,1,1,,N,N,,0,,0,0,0,0,0,,226,3,2,0,0,0,3,0,3,4,1,2,3,,N,,,,,,,,,,,
2006035947,1245.0,1,0,0,0,0,0,0,0,0,8,0,,67,1,2006,2,39.9543,-75.1621,1244.0,6,0,0,0,0,0,1,0,0,,0,0,0,12,1,1,1,,0.0,39 57:15.480,,0,75 09:43.200,4,0,0,0,67301,1,0,0,N,1,0,0,2,67301,1,,1,1,,N,N,,0,,0,0,0,3,3,,1243,1,2,0,0,1,0,0,3,4,0,1,3,,N,,,,,,,,,,,
2006037738,1810.0,0,0,0,0,0,0,0,0,0,8,0,,67,2,2006,5,39.9934,-75.1258,1800.0,6,0,0,0,0,0,0,0,0,,0,0,0,17,3,1,0,,0.0,39 59:36.236,,0,75 07:32.800,4,0,0,0,67301,1,0,0,N,1,0,0,2,67301,1,,2,9,,N,N,,0,,0,0,0,0,0,,1750,1,2,0,0,0,0,1,3,4,0,1,3,,N,,,,,,,,,,,
2006079288,1515.0,1,0,0,0,0,0,0,0,0,7,0,,67,5,2006,6,,,1515.0,6,0,0,0,0,0,0,0,0,,0,0,0,15,1,1,2,,0.0,,,0,,2,0,0,0,67301,0,0,0,N,0,0,0,1,67301,0,,3,1,,N,Y,,0,,0,1,0,0,0,,1510,1,1,0,0,0,0,0,3,3,0,1,3,,N,,,,,,,,,,,
2006079863,1748.0,1,0,0,0,0,0,1,0,0,5,1,,67,1,2006,1,39.9517,-75.1583,1744.0,6,0,0,0,0,0,0,0,0,,0,0,0,17,1,1,1,,0.0,39 57:06.266,,0,75 09:29.838,3,0,0,0,67301,0,0,0,,0,0,0,3,67301,0,,1,1,,,,,0,,1,0,0,3,2,,1735,1,2,0,0,0,0,0,3,4,0,2,3,,N,,,,,,,,,,,
2006079885,615.0,0,0,0,0,0,0,1,0,0,1,1,,67,6,2006,4,40.0276,-75.062,611.0,6,0,0,0,0,0,1,0,0,,0,0,0,99,1,0,1,,0.0,40 01:39.000,,0,75 03:43.354,0,0,0,0,67301,0,0,0,,0,0,0,2,67301,0,,1,1,,,,,0,,0,0,1,0,0,,9999,0,2,0,0,0,0,0,3,4,0,2,3,,N,,,,,,,,,,,
2006021089,1545.0,0,0,0,0,0,0,0,0,0,8,0,,67,1,2006,3,,,1540.0,6,0,0,0,0,0,0,0,0,,0,0,0,15,1,1,10,,0.0,,,0,,4,0,0,0,67301,1,0,0,N,1,0,0,2,67301,1,,9,1,,N,N,,0,,0,0,1,9,3,,1540,1,2,0,0,0,0,0,3,3,0,1,3,,N,,,,,,,,,,,
2007006816,1759.0,2,0,0,0,0,0,0,0,0,4,0,,67,11,2006,6,39.964,-75.1347,1755.0,6,0,0,0,0,0,1,0,0,,0,0,0,17,3,0,0,,0.0,39 57:50.000,,0,75 08:06.067,0,0,0,0,67301,0,0,0,N,0,0,0,2,67301,0,,1,1,,N,N,,0,,0,0,0,0,0,,1750,0,2,0,0,0,0,0,3,4,0,2,3,,N,,,,,,,,,,,
2007006847,444.0,1,0,0,0,0,0,0,0,0,7,0,,67,11,2006,5,40.0618,-75.2268,438.0,6,0,0,0,0,0,1,0,0,,0,0,0,4,2,1,10,,0.0,40 03:42.656,,0,75 13:36.609,8,0,0,0,67301,0,0,0,N,0,0,0,1,67301,0,,5,9,,N,N,,0,,0,0,0,0,0,,430,1,1,0,0,0,1,0,3,4,0,1,7,,N,,,,,,,,,,,
2007006857,1705.0,2,0,0,0,0,0,0,0,0,6,0,,67,6,2006,3,40.0455,-75.1649,1700.0,6,0,0,0,0,0,0,0,0,1.0,0,0,0,17,1,2,1,,1.0,40 02:43.000,4.0,0,75 09:53.565,8,0,0,0,67301,0,0,0,,0,0,0,3,67301,0,,1,9,,N,N,,0,,0,0,0,3,2,N,1700,2,2,0,0,0,2,0,3,4,0,2,7,,N,,,,,,,,,,,
2007023138,2130.0,2,0,0,0,0,0,0,0,0,4,0,,67,12,2006,1,39.9802,-75.2693,2135.0,6,0,0,1,0,0,0,0,0,,0,0,0,21,2,1,1,,0.0,39 58:48.000,,0,75 16:09.257,8,0,0,0,67301,0,0,0,N,0,0,0,2,67301,0,,1,1,,N,N,,0,,0,0,0,3,2,,2130,1,2,0,0,0,1,1,3,4,0,2,3,,N,,,,,,,,,,,
2007023149,10.0,1,0,0,0,0,0,0,0,0,4,0,,67,12,2006,7,39.9893,-75.1429,2351.0,6,0,0,0,0,0,0,0,0,,0,0,0,23,3,1,1,,0.0,39 59:21.390,,0,75 08:34.267,4,0,0,0,67301,0,0,0,N,0,0,0,5,67301,1,,1,1,,N,N,,0,,0,0,1,3,2,,2350,1,2,0,0,0,0,0,3,4,0,2,3,,N,,,,,,,,,,,
2006055751,2345.0,1,0,0,0,0,0,0,0,0,7,0,,67,3,2006,5,39.9751,-75.1164,2340.0,6,0,0,0,0,0,0,0,0,2.0,0,0,0,23,3,0,7,,2.0,39 58:33.240,7.0,2,75 06:55.440,0,0,0,0,67301,0,0,0,Y,0,0,0,1,67301,0,,3,2,,N,N,,0,,0,0,0,0,0,N,2340,0,1,0,0,0,0,0,3,4,0,1,98,,N,,,,,,,,,,,
2006055792,1828.0,2,0,0,0,0,0,0,0,0,1,0,,67,2,2006,2,39.9458,-75.1896,1821.0,6,0,0,0,0,0,0,0,0,1.0,0,0,0,18,3,0,6,,1.0,39 56:45.000,4.0,2,75 11:22.488,0,0,0,0,67301,0,0,0,,0,0,0,2,67301,0,,1,1,,,,,0,,0,0,0,3,4,N,1820,0,2,0,0,0,0,0,3,4,0,2,3,,N,,,,,,,,,,,
2006104826,1120.0,0,0,0,0,0,0,1,0,0,8,1,,67,8,2006,3,39.9863,-75.1563,1120.0,6,0,0,0,0,0,0,0,0,,0,0,0,11,1,1,1,,0.0,39 59:10.000,,0,75 09:22.544,8,0,0,0,67301,1,0,0,N,1,0,0,2,67301,0,,1,1,,N,N,,0,,0,0,0,9,2,,1110,1,2,0,0,0,1,0,3,4,0,1,3,,N,,,,,,,,,,,
2006102391,2006.0,0,0,0,0,0,0,0,0,0,0,0,,67,8,2006,2,,,2004.0,6,0,0,0,0,0,0,0,0,,0,0,0,20,3,1,1,,0.0,,,0,,3,0,0,1,67301,0,0,0,N,0,0,0,1,67301,0,,1,1,,N,N,,0,,1,0,0,3,2,,2004,1,1,0,0,0,0,0,3,3,0,1,3,,N,,,,,,,,,,,
2006102489,1835.0,2,0,0,0,0,0,0,0,0,2,0,,67,8,2006,6,40.0806,-75.0284,1828.0,6,0,0,0,0,0,1,0,0,1.0,0,0,0,18,1,1,1,,2.0,40 04:50.000,6.0,0,75 01:42.294,4,0,0,0,67301,0,0,0,N,0,0,0,3,67301,1,,1,1,,N,N,,0,,0,0,0,0,0,Y,1825,1,2,0,0,0,0,0,3,4,0,2,3,,N,,,,,,,,,,,