CRN,ARRIVAL_TM,AUTOMOBILE_COUNT,BELTED_DEATH_COUNT,BELTED_SUSP_SERIOUS_INJ_COUNT,BICYCLE_COUNT,BICYCLE_DEATH_COUNT,BICYCLE_SUSP_SERIOUS_INJ_COUNT,BUS_COUNT,CHLDPAS_DEATH_COUNT,CHLDPAS_SUSP_SERIOUS_INJ_COUNT,COLLISION_TYPE,COMM_VEH_COUNT,CONS_ZONE_SPD_LIM,COUNTY,CRASH_MONTH,CRASH_YEAR,DAY_OF_WEEK,DEC_LAT,DEC_LONG,DISPATCH_TM,DISTRICT,DRIVER_COUNT_16YR,DRIVER_COUNT_17YR,DRIVER_COUNT_18YR,DRIVER_COUNT_19YR,DRIVER_COUNT_20YR,DRIVER_COUNT_50_64YR,DRIVER_COUNT_65_74YR,DRIVER_COUNT_75PLUS,EST_HRS_CLOSED,FATAL_COUNT,HEAVY_TRUCK_COUNT,HORSE_BUGGY_COUNT,HOUR_OF_DAY,ILLUMINATION,INJURY_COUNT,INTERSECT_TYPE,INTERSECTION_RELATED,LANE_CLOSED,LATITUDE,LN_CLOSE_DIR,LOCATION_TYPE,LONGITUDE,MAX_SEVERITY_LEVEL,MCYCLE_DEATH_COUNT,MCYCLE_SUSP_SERIOUS_INJ_COUNT,MOTORCYCLE_COUNT,MUNICIPALITY,NONMOTR_COUNT,NONMOTR_DEATH_COUNT,NONMOTR_SUSP_SERIOUS_INJ_COUNT,NTFY_HIWY_MAINT,PED_COUNT,PED_DEATH_COUNT,PED_SUSP_SERIOUS_INJ_COUNT,PERSON_COUNT,POLICE_AGCY,POSSIBLE_INJ_COUNT,RDWY_SURF_TYPE_CD,RELATION_TO_ROAD,ROAD_CONDITION,ROADWAY_CLEARED,SCH_BUS_IND,SCH_ZONE_IND,SECONDARY_CRASH,SMALL_TRUCK_COUNT,SPEC_JURIS_CD,SUSP_MINOR_INJ_COUNT,SUSP_SERIOUS_INJ_COUNT,SUV_COUNT,TCD_FUNC_CD,TCD_TYPE,TFC_DETOUR_IND,TIME_OF_DAY,TOT_INJ_COUNT,TOTAL_UNITS,UNB_DEATH_COUNT,UNB_SUSP_SERIOUS_INJ_COUNT,UNBELTED_OCC_COUNT,UNK_INJ_DEG_COUNT,UNK_INJ_PER_COUNT,URBAN_AREA,URBAN_RURAL,VAN_COUNT,VEHICLE_COUNT,WEATHER1,WEATHER2,WORK_ZONE_IND,WORK_ZONE_LOC,WORK_ZONE_TYPE,WORKERS_PRES,WZ_CLOSE_DETOUR,WZ_FLAGGER,WZ_LAW_OFFCR_IND,WZ_LN_CLOSURE,WZ_MOVING,WZ_OTHER,WZ_SHLDER_MDN,WZ_WORKERS_INJ_KILLED
2006124545,1120.0,1,0,0,0,0,0,0,0,0,8,0,,67,11,2006,5,40.0777,-75.071,1115.0,6,0,0,0,0,0,0,1,0,,0,0,0,7,1,1,1,,0.0,40 04:39.000,,0,75 04:15.447,4,0,0,0,67301,1,0,0,N,1,0,0,2,67301,1,,1,1,,N,N,,0,,0,0,0,9,3,,715,1,2,0,0,0,0,0,3,4,0,1,3,,N,,,,,,,,,,,
2006102191,2205.0,2,0,0,0,0,0,0,0,0,5,0,,67,9,2006,7,,,2202.0,6,1,0,0,0,0,0,0,0,,0,0,0,22,2,1,0,,0.0,,,0,,4,0,0,1,67301,2,0,0,N,0,0,0,3,67301,1,,1,9,,N,N,,0,,0,0,0,0,0,,2200,1,3,0,0,0,0,0,3,3,0,3,7,,N,,,,,,,,,,,
2006115163,1306.0,1,0,0,0,0,0,0,0,0,2,0,,67,10,2006,7,40.0086,-75.0688,1304.0,6,0,0,0,0,0,0,0,0,2.0,0,0,0,99,1,1,1,,1.0,40 00:31.000,1.0,0,75 04:07.914,4,0,0,0,67301,0,0,0,N,0,0,0,3,67301,1,,1,1,,N,N,,0,,0,0,1,3,2,Y,9999,1,2,0,0,3,0,0,3,4,0,2,3,,N,,,,,,,,,,,
2006112719,1712.0,2,0,0,0,0,0,0,0,0,4,0,,67,10,2006,7,40.0946,-75.0152,1706.0,6,0,0,0,0,1,0,0,0,2.0,0,0,0,17,1,0,1,,2.0,40 05:40.000,1.0,0,75 00:53.997,0,0,0,0,67301,0,0,0,,0,0,0,2,67301,0,,1,1,,,,,0,,0,0,0,9,2,Y,1705,0,2,0,0,0,0,0,3,4,0,2,3,,N,,,,,,,,,,,
2006124923,1355.0,0,0,0,0,0,0,0,0,0,8,0,,67,10,2006,7,40.0594,-75.1382,1349.0,6,0,0,1,0,0,0,0,0,,0,0,0,13,1,1,0,,0.0,40 03:33.795,,0,75 08:17.581,3,0,0,0,67301,1,0,0,N,1,0,0,3,67301,0,,1,1,,N,N,,0,,1,0,0,0,0,,1300,1,2,0,0,0,0,0,3,4,1,1,3,,N,,,,,,,,,,,
2006127144,1845.0,1,0,0,0,0,0,0,0,0,8,0,,67,10,2006,4,40.0371,-75.082,1840.0,6,0,0,0,0,0,0,0,0,,0,0,0,18,3,1,0,,0.0,40 02:13.452,,0,75 04:55.095,4,0,0,0,67301,1,0,0,N,1,0,0,2,67301,1,,1,1,,N,N,,0,,0,0,0,0,0,,1835,1,2,0,0,1,0,0,3,4,0,1,3,,N,,,,,,,,,,,
2006124731,835.0,2,0,0,0,0,0,0,0,0,1,0,,67,11,2006,4,40.0446,-75.2178,827.0,6,0,0,0,0,0,0,0,0,,0,0,0,7,1,1,0,,0.0,40 02:40.000,,0,75 13:04.238,8,0,0,0,67301,0,0,0,N,0,0,0,3,67301,0,,1,9,,N,N,,1,,0,0,0,0,0,,735,1,3,0,0,0,1,0,3,4,0,3,7,,N,,,,,,,,,,,
2006113867,1010.0,3,0,0,0,0,0,0,0,0,4,0,,67,9,2006,1,40.0352,-75.0342,1005.0,6,0,0,0,0,0,0,0,0,,0,0,0,10,1,0,1,,0.0,40 02:06.626,,0,75 02:03.195,0,0,0,0,67301,0,0,0,,0,0,0,2,67301,0,,1,1,,,,,0,,0,0,0,9,3,,1000,0,3,0,0,0,0,0,3,4,0,3,3,,N,,,,,,,,,,,
2006062239,1030.0,2,0,0,0,0,0,0,0,0,6,0,,67,5,2006,2,39.9681,-75.2068,1020.0,6,0,0,0,0,0,0,0,0,,0,0,0,10,1,1,1,,0.0,39 58:05.019,,0,75 12:24.436,4,0,0,0,67301,0,0,0,,0,0,0,2,67301,1,,1,1,,N,N,,0,,0,0,0,9,3,,1015,1,2,0,0,0,0,1,3,4,0,2,3,,N,,,,,,,,,,,
2006062409,1925.0,1,0,0,0,0,0,0,0,0,8,0,,67,5,2006,6,40.0394,-75.0774,1916.0,6,0,0,0,0,0,0,0,0,,0,0,0,19,1,1,1,,0.0,40 02:21.000,,0,75 04:39.104,3,0,0,0,67301,1,0,0,N,1,0,0,3,67301,0,,1,1,,N,N,,0,,1,0,0,3,2,,1916,1,2,0,0,0,0,0,3,4,0,1,3,,N,,,,,,,,,,,
2006062411,320.0,3,0,0,0,0,0,0,0,0,6,0,,67,4,2006,1,40.0215,-75.0863,311.0,6,0,0,0,0,0,0,0,0,,0,0,0,3,3,0,0,,0.0,40 01:17.565,,0,75 05:10.698,0,0,0,0,67301,0,0,0,N,0,0,0,1,67301,0,,6,1,,N,N,,0,,0,0,0,0,0,,311,0,3,0,0,0,0,0,3,4,0,3,3,,N,,,,,,,,,,,
2006062448,355.0,0,0,0,0,0,0,0,0,0,7,0,,67,5,2006,2,39.9591,-75.1808,353.0,6,0,0,0,0,0,0,0,0,1.0,0,0,0,3,3,0,7,,2.0,39 57:36.000,4.0,2,75 10:49.932,0,0,0,0,67301,0,0,0,N,0,0,0,1,67301,0,,2,1,,N,N,,0,,0,0,1,0,0,N,351,0,1,0,0,0,0,0,3,4,0,1,3,,N,,,,,,,,,,,
2006062489,2142.0,1,0,0,0,0,0,0,0,0,2,0,,67,5,2006,2,40.0268,-75.1171,2140.0,6,0,0,0,0,0,0,0,0,2.0,0,0,0,21,3,3,1,,2.0,40 01:36.480,5.0,0,75 07:02.280,4,0,0,0,67301,0,0,0,N,0,0,0,3,67301,2,,1,1,,N,N,,0,,0,0,0,0,0,Y,2138,3,2,0,0,0,1,0,3,4,1,2,3,,N,,,,,,,,,,,
2006093897,1715.0,2,0,0,0,0,0,0,0,0,2,0,,67,7,2006,4,39.9283,-75.1716,1700.0,6,0,0,0,0,0,0,0,0,,0,0,0,99,1,2,0,,0.0,39 55:41.818,,0,75 10:17.907,8,0,0,0,67301,0,0,0,N,0,0,0,3,67301,0,,1,1,,N,N,,0,,0,0,0,3,3,,9999,2,2,0,0,3,2,0,3,4,0,2,3,,N,,,,,,,,,,,
2006093910,1845.0,1,0,0,0,0,0,0,0,0,7,0,,67,7,2006,7,,,1840.0,6,0,0,0,0,0,0,0,0,,0,0,0,18,1,1,0,,0.0,,,0,,4,0,0,0,67301,0,0,0,N,0,0,0,1,67301,1,,2,9,,N,N,,0,,0,0,0,0,0,,1840,1,1,0,0,0,0,0,3,3,0,1,7,,N,,,,,,,,,,,
2006094136,2104.0,2,0,0,0,0,0,0,0,0,5,0,,67,7,2006,2,,,2102.0,6,0,0,0,0,0,0,0,0,,0,0,0,2,3,1,0,,0.0,,,0,,8,0,0,0,67301,0,0,0,N,0,0,0,2,67301,0,,6,1,,N,N,,0,,0,0,0,0,0,,205,1,2,0,0,1,1,1,3,3,0,2,3,,N,,,,,,,,,,,
2006055311,1419.0,1,0,0,0,0,0,0,0,0,8,0,,67,4,2006,5,39.9501,-75.1707,1417.0,6,0,0,0,0,0,1,0,0,,0,0,0,14,1,1,2,,0.0,39 57:00.500,,0,75 10:14.300,3,0,0,0,67301,1,0,0,N,1,0,0,2,67301,0,,1,1,,N,N,,0,,1,0,0,3,2,,1415,1,2,0,0,0,0,0,3,4,0,1,99,,N,,,,,,,,,,,
2006094191,1817.0,1,0,0,0,0,0,0,0,0,4,0,,67,6,2006,4,40.0042,-75.0994,1815.0,6,0,0,0,0,1,0,0,0,,0,0,0,18,1,1,1,,0.0,40 00:15.000,,0,75 05:57.638,4,0,0,1,67301,0,0,0,N,0,0,0,2,67301,1,,2,1,,N,N,,0,,0,0,0,3,2,,1812,1,2,0,0,0,0,0,3,4,0,2,3,,N,,,,,,,,,,,
2006094202,1905.0,3,0,0,0,0,0,0,0,0,1,0,,67,7,2006,6,,,1900.0,6,0,0,0,0,0,0,0,0,,0,0,0,19,1,1,0,,0.0,,,0,,4,0,0,0,67301,0,0,0,N,0,0,0,3,67301,1,,1,9,,N,N,,0,,0,0,0,0,0,,1900,1,3,0,0,0,0,0,3,3,0,3,3,,N,,,,,,,,,,,
2006055197,1009.0,2,0,0,0,0,0,0,0,0,5,0,,67,3,2006,5,,,1009.0,6,0,0,0,0,0,0,0,0,3.0,0,0,0,10,1,0,1,,1.0,,1.0,0,,0,0,0,0,67301,0,0,0,N,0,0,0,3,67301,0,,1,1,,N,N,,1,,0,0,0,3,2,Y,1007,0,3,0,0,0,0,0,3,3,0,3,3,,N,,,,,,,,,,,
2006094442,2020.0,1,0,0,0,0,0,0,0,0,4,0,,67,7,2006,6,40.0105,-75.1212,2017.0,6,0,0,0,0,0,0,0,0,3.0,0,0,0,20,1,2,0,,2.0,40 00:37.000,5.0,0,75 07:16.305,2,0,1,1,67301,0,0,0,N,0,0,0,3,67301,1,,1,1,,N,N,,0,,0,1,0,0,0,Y,2015,2,2,0,0,0,0,0,3,4,0,2,3,,N,,,,,,,,,,,
2006126231,2257.0,1,0,0,0,0,0,0,0,0,4,0,,67,9,2006,1,40.0168,-75.1166,2253.0,6,0,0,0,0,0,0,0,0,,0,0,0,22,3,0,1,,0.0,40 01:00.000,,0,75 06:59.532,0,0,0,0,67301,0,0,0,N,0,0,0,3,67301,0,,1,1,,N,N,,0,,0,0,0,3,2,,2252,0,2,0,0,0,0,0,3,4,1,2,3,,N,,,,,,,,,,,
2006123849,856.0,2,0,0,0,0,0,0,0,0,4,0,,67,10,2006,5,40.0296,-75.2063,851.0,6,0,0,0,0,0,1,0,0,,0,0,0,8,1,1,2,,0.0,40 01:46.000,,0,75 12:22.504,8,0,0,0,67301,0,0,0,N,0,0,0,2,67301,0,,1,1,,N,N,,0,,0,0,0,0,0,,845,1,2,0,0,0,1,0,3,4,0,2,3,,N,,,,,,,,,,,
2006056440,354.0,1,0,0,0,0,0,0,0,0,7,0,,67,4,2006,1,39.9321,-75.1999,345.0,6,0,0,0,0,1,0,0,0,1.0,0,0,0,3,3,0,3,,2.0,39 55:58.000,4.0,0,75 12:00.125,0,0,0,0,67301,0,0,0,N,0,0,0,2,67301,0,,2,1,,N,N,,0,,0,0,0,0,0,N,345,0,1,0,0,0,0,0,3,4,0,1,3,,N,,,,,,,,,,,
2006056499,7.0,2,0,0,0,0,0,0,0,0,2,0,,67,3,2006,6,39.9581,-75.1657,5.0,6,0,0,0,0,0,0,0,0,,0,0,0,0,3,1,2,,0.0,39 57:31.000,,0,75 09:55.750,4,0,0,0,67301,0,0,0,N,0,0,0,2,67501,1,,1,1,,N,N,,0,,0,0,0,3,2,,1,1,2,0,0,0,0,0,3,4,0,2,3,,N,,,,,,,,,,,
2006036554,1209.0,0,0,0,0,0,0,0,0,0,4,0,,67,2,2006,5,,,1209.0,6,0,0,0,0,0,0,0,0,9.0,0,0,0,12,1,1,1,,2.0,,4.0,0,,8,0,0,0,67301,0,0,0,N,0,0,0,2,67301,0,,1,1,,N,N,,0,,0,0,1,2,2,N,1200,1,2,0,0,0,1,0,3,3,1,2,3,,N,,,,,,,,,,,
2006036607,1900.0,2,0,0,0,0,0,0,0,0,2,0,,67,3,2006,6,40.0236,-75.1219,1900.0,6,0,0,0,0,0,0,0,0,1.0,0,0,0,18,3,1,1,,1.0,40 01:25.078,3.0,0,75 07:18.911,4,0,0,0,67301,0,0,0,N,0,0,0,3,67301,1,,1,1,,N,N,,0,,0,0,0,3,3,N,1845,1,2,0,0,0,0,0,3,4,0,2,3,,N,,,,,,,,,,,
2006034198,1325.0,1,0,0,0,0,0,0,0,0,1,2,,67,2,2006,4,40.0089,-75.2055,1305.0,6,0,0,0,1,0,1,0,0,4.0,0,2,0,12,1,5,0,,2.0,40 00:32.000,3.0,0,75 12:20.739,8,0,0,0,67301,0,0,0,Y,0,0,0,5,67301,0,,1,1,,N,N,,1,,0,0,0,3,8,Y,1211,5,4,0,0,1,5,0,3,4,0,4,3,,N,,,,,,,,,,,
2006024220,906.0,2,0,0,0,0,0,0,0,0,4,0,,67,1,2006,5,40.0659,-75.1765,853.0,6,0,0,0,0,0,1,0,0,,0,0,0,8,1,2,1,,0.0,40 03:57.000,,0,75 10:35.461,4,0,0,0,67301,0,0,0,N,0,0,0,2,67301,1,,1,1,,N,N,,0,,0,0,0,9,3,,828,2,2,0,0,0,1,0,3,4,0,2,3,,N,,,,,,,,,,,
2006024620,1148.0,2,0,0,0,0,0,0,0,0,4,0,,67,1,2006,3,39.9649,-75.2385,1148.0,6,0,1,0,0,0,0,0,0,,0,0,0,11,1,1,0,,0.0,39 57:53.485,,0,75 14:18.754,4,0,0,0,67301,0,0,0,N,0,0,0,2,67301,1,,1,1,,N,N,,0,,0,0,0,0,0,,1145,1,2,0,0,0,0,0,3,4,0,2,3,,N,,,,,,,,,,,
2006103136,2238.0,1,0,0,0,0,0,0,0,0,2,0,,67,9,2006,7,,,2233.0,6,0,0,0,0,0,0,0,0,,0,0,0,22,3,2,1,,0.0,,,0,,3,0,0,0,67301,0,0,0,N,0,0,0,3,67301,1,,1,9,,N,N,,0,,1,0,1,3,3,,2228,2,2,0,0,0,0,0,3,3,0,2,7,,N,,,,,,,,,,,
2006103145,1525.0,1,0,0,0,0,0,0,0,0,6,0,,67,6,2006,3,,,1523.0,6,0,0,0,0,0,0,0,0,,0,0,0,15,1,1,1,,0.0,,,0,,2,0,1,1,67301,0,0,0,N,0,0,0,2,67301,0,,1,1,,N,N,,0,,0,1,0,3,3,,1520,1,2,0,0,0,0,1,3,3,0,2,3,,N,,,,,,,,,,,
2006103199,51.0,1,0,0,0,0,0,0,0,0,8,0,,67,8,2006,7,39.9755,-75.1684,47.0,6,0,0,0,0,0,0,0,0,,0,0,0,0,3,1,0,,0.0,39 58:31.723,,0,75 10:06.189,3,0,0,0,67301,1,0,0,N,1,0,0,2,67301,0,,6,1,,N,N,,0,,1,0,0,9,3,,15,1,2,0,0,0,0,0,3,4,0,1,3,,N,,,,,,,,,,,
2006103216,2115.0,1,0,0,0,0,0,0,0,0,1,0,,67,9,2006,6,,,2105.0,6,0,0,0,0,0,1,0,0,,0,0,0,19,3,1,0,,0.0,,,0,,4,0,0,0,67301,0,0,0,N,0,0,0,3,67301,1,,1,9,,N,N,,0,,0,0,1,3,2,,1957,1,2,0,0,0,0,0,3,3,0,2,7,,N,,,,,,,,,,,
2006103252,1607.0,2,0,0,0,0,0,0,0,0,4,0,,67,8,2006,7,39.9683,-75.2044,1605.0,6,0,0,0,0,0,0,0,0,1.0,0,0,0,16,1,3,1,,1.0,39 58:05.980,1.0,0,75 12:15.721,2,0,0,0,67301,0,0,0,N,0,0,0,3,67301,0,,1,1,,N,N,,0,,2,1,0,3,3,Y,1603,3,3,0,0,0,0,0,3,4,0,3,3,,N,,,,,,,,,,,
2006102802,2004.0,1,0,0,0,0,0,0,0,0,7,0,,67,9,2006,2,39.9586,-75.1417,1956.0,6,0,0,0,0,0,0,0,0,1.0,0,0,0,19,3,0,0,,1.0,39 57:28.000,2.0,0,75 08:29.968,0,0,0,0,67301,0,0,0,N,0,0,0,1,67301,0,,2,1,,N,N,,0,,0,0,0,0,0,Y,1952,0,1,0,0,0,0,0,3,4,0,1,3,,N,,,,,,,,,,,
2006037676,2105.0,2,0,0,0,0,0,0,0,0,4,0,,67,2,2006,4,40.0808,-75.0284,2059.0,6,0,0,0,0,0,0,0,0,,0,0,0,20,2,1,1,,0.0,40 04:50.000,,0,75 01:41.389,4,0,0,0,67301,0,0,0,,0,0,0,2,67301,1,,1,1,,N,N,,0,,0,0,0,0,0,,2011,1,2,0,0,0,0,0,3,4,0,2,3,,N,,,,,,,,,,,
2006082113,1600.0,1,0,0,0,0,0,0,0,0,7,0,,67,5,2006,7,,,1600.0,6,0,0,0,0,0,0,0,0,,0,0,0,15,1,0,0,,0.0,,,0,,9,0,0,0,67301,1,0,0,N,0,0,0,2,67301,0,,2,1,,N,N,,1,,0,0,0,0,0,,1550,0,2,0,0,0,0,1,3,3,0,2,3,,N,,,,,,,,,,,
2006079952,1825.0,3,0,0,0,0,0,0,0,0,5,1,,67,6,2006,1,40.0363,-75.0514,1821.0,6,0,0,0,0,0,0,0,0,,0,1,0,18,1,1,1,,0.0,40 02:10.701,,0,75 03:04.967,8,0,0,0,67301,0,0,0,N,0,0,0,2,67301,0,,1,1,,N,N,,0,,0,0,0,3,2,,1820,1,4,0,0,0,1,0,3,4,0,4,3,,N,,,,,,,,,,,
2006094956,144.0,0,0,0,0,0,0,0,0,0,8,0,,67,7,2006,2,39.9169,-75.216,139.0,6,0,0,0,0,0,1,0,0,,0,0,0,1,3,1,1,,0.0,39 55:06.000,,0,75 12:31.679,8,0,0,0,67301,1,0,0,N,1,0,0,2,67301,0,,1,1,,N,N,,0,,0,0,0,0,0,,129,1,2,0,0,0,1,0,3,4,1,1,3,,N,,,,,,,,,,,
2006055854,1523.0,2,0,0,0,0,0,0,0,0,4,0,,67,3,2006,6,,,1510.0,6,0,0,0,0,0,1,0,0,,0,0,0,15,1,1,2,,0.0,,,0,,4,0,0,0,67301,0,0,0,N,0,0,0,1,67301,1,,1,1,,N,N,,0,,0,0,0,0,0,,1510,1,4,0,0,0,0,0,3,3,2,4,3,,N,,,,,,,,,,,
2006092457,1425.0,2,0,0,0,0,0,0,0,0,4,0,,67,8,2006,6,39.9468,-75.2478,1420.0,6,0,0,1,0,0,0,0,0,2.0,0,0,0,14,1,1,0,,2.0,39 56:48.000,1.0,0,75 14:50.999,4,0,0,0,67301,0,0,0,N,0,0,0,3,67301,1,,1,1,,N,N,,0,,0,0,0,2,2,N,1417,1,2,0,0,0,0,0,3,4,0,2,3,,N,,,,,,,,,,,
2006094975,410.0,0,0,0,0,0,0,0,0,0,7,0,,67,8,2006,4,40.0069,-75.199,400.0,6,0,0,0,0,0,0,0,0,,0,0,0,3,3,1,0,,0.0,40 00:21.000,,2,75 11:43.039,8,0,0,0,67301,0,0,0,,0,0,0,1,67301,0,,2,1,,,,,0,,0,0,1,0,0,,355,1,1,0,0,0,1,0,3,4,0,1,3,,N,,,,,,,,,,,
2006056004,1905.0,3,0,0,0,0,0,0,0,0,1,0,,67,3,2006,3,,,1855.0,6,0,0,0,0,0,1,0,0,,0,0,0,18,3,0,0,,0.0,,,1,,9,0,0,0,67301,0,0,0,N,0,0,0,3,67301,0,,1,1,,N,N,,0,,0,0,0,0,0,,1852,0,3,0,0,0,0,1,3,3,0,3,3,,N,,,,,,,,,,,
2006056032,1135.0,2,0,0,0,0,0,0,0,0,4,0,,67,4,2006,6,,,1130.0,6,0,0,0,0,0,1,0,0,,0,0,0,11,1,3,10,,0.0,,,0,,8,0,0,0,67301,0,0,0,,0,0,0,3,67301,0,,1,9,,,,,0,,0,0,0,3,2,,1121,3,2,0,0,0,3,0,3,3,0,2,7,,N,,,,,,,,,,,
2006056121,645.0,2,0,0,0,0,0,0,0,0,4,0,,67,3,2006,3,39.9211,-75.1938,631.0,6,0,0,0,0,0,1,0,0,,0,0,0,6,1,2,1,,0.0,39 55:16.000,,0,75 11:37.735,4,0,0,0,67301,0,0,0,N,0,0,0,2,67301,1,,1,1,,,N,,0,,0,0,0,3,2,,630,2,2,0,0,0,1,0,3,4,0,2,3,,N,,,,,,,,,,,
2006056260,621.0,2,0,0,0,0,0,0,0,0,5,0,,67,3,2006,7,39.9572,-75.2479,616.0,6,0,0,0,0,0,0,0,0,,0,0,0,6,5,0,0,,0.0,39 57:25.000,,0,75 14:52.686,9,0,0,0,67301,0,0,0,N,0,0,0,1,67301,0,,6,1,,N,N,,0,,0,0,0,3,2,,615,0,3,0,0,0,0,1,3,4,1,3,3,,N,,,,,,,,,,,
2006095215,1412.0,2,0,0,0,0,0,0,0,0,1,0,,67,7,2006,6,40.0353,-75.1214,1411.0,6,0,0,0,0,0,2,0,0,1.0,0,0,0,99,1,3,1,,1.0,40 02:06.000,3.0,0,75 07:17.299,8,0,0,0,67301,0,0,0,N,0,0,0,4,67301,0,,1,9,,N,N,,0,,0,0,0,3,2,N,9999,3,3,0,0,0,3,0,3,4,1,3,7,,N,,,,,,,,,,,
2006095269,1553.0,0,0,0,0,0,0,0,0,0,4,0,,67,7,2006,6,40.0619,-75.0834,1547.0,6,0,0,0,0,0,0,0,0,3.0,0,0,0,15,1,0,5,,1.0,40 03:42.000,1.0,0,75 05:00.674,0,0,0,0,67301,0,0,0,N,0,0,0,2,67301,0,,1,1,,N,N,,0,,0,0,2,0,0,N,1545,0,2,0,0,0,0,0,3,4,0,2,3,,N,,,,,,,,,,,
2006056156,135.0,1,0,0,0,0,0,0,0,0,7,0,,67,3,2006,4,39.8984,-75.2384,132.0,6,0,0,0,0,0,0,0,1,,0,0,0,99,3,1,1,,0.0,39 53:40.000,,0,75 14:11.740,4,0,0,0,67301,0,0,0,N,0,0,0,2,67301,1,,2,1,,N,N,,0,,0,0,0,3,2,,9999,1,1,0,0,0,0,0,3,4,0,1,3,,N,,,,,,,,,,,
2006087467,955.0,2,0,0,0,0,0,0,0,0,4,0,,67,6,2006,7,,,950.0,6,0,0,0,0,0,0,0,0,,0,0,0,9,1,1,0,,0.0,,,0,,8,0,0,0,67301,0,0,0,N,0,0,0,2,67301,0,,1,9,,N,N,,0,,0,0,0,0,0,,945,1,2,0,0,0,1,0,3,3,0,2,7,,N,,,,,,,,,,,
2006056390,1809.0,3,0,0,0,0,0,0,0,0,1,0,,67,3,2006,4,39.9603,-75.1389,1809.0,6,0,0,0,0,0,1,0,0,1.0,0,0,0,18,3,0,1,,1.0,39 57:37.000,3.0,0,75 08:19.704,0,0,0,0,67301,0,0,0,N,0,0,0,6,67301,0,,1,1,,N,N,,0,,0,0,0,0,0,N,1805,0,3,0,0,1,0,0,3,4,0,3,3,,N,,,,,,,,,,,
2006056395,1946.0,0,0,0,0,0,0,0,0,0,8,0,,67,2,2006,3,39.9489,-75.1605,1936.0,6,0,0,0,0,0,0,0,0,,0,0,0,19,3,1,1,,0.0,39 56:55.000,,0,75 09:37.618,4,0,0,0,67301,1,0,0,N,1,0,0,2,67301,1,,1,1,,N,N,,1,,0,0,0,0,0,,1936,1,2,0,0,0,0,0,3,4,0,1,3,,N,,,,,,,,,,,
2006056414,924.0,1,0,0,0,0,0,0,0,0,8,0,,67,3,2006,4,40.0079,-75.1515,916.0,6,0,0,0,0,0,0,0,0,3.0,0,0,0,99,1,1,0,,2.0,40 00:28.800,1.0,0,75 09:06.120,2,0,0,0,67301,1,0,1,N,1,0,1,2,67301,0,,1,1,,N,N,,0,,0,1,0,0,0,Y,9999,1,2,0,0,0,0,0,3,4,0,1,3,,N,,,,,,,,,,,
2006053957,1950.0,0,0,0,0,0,0,0,0,0,7,1,,67,3,2006,4,39.9773,-75.1118,1942.0,6,0,0,0,0,0,0,0,0,9.0,0,1,0,99,3,0,0,,2.0,39 58:39.000,1.0,1,75 06:42.190,0,0,0,0,67301,0,0,0,N,0,0,0,1,67301,0,,4,1,,N,N,,0,,0,0,0,3,8,Y,9999,0,1,0,0,0,0,0,3,4,0,1,3,,N,,,,,,,,,,,
2006053977,1400.0,2,0,0,0,0,0,0,0,0,4,0,,67,4,2006,5,,,1355.0,6,0,0,0,0,1,0,0,0,,0,0,0,13,1,2,1,,0.0,,,0,,4,0,0,0,67301,0,0,0,N,0,0,0,4,67301,1,,1,1,,N,N,,0,,0,0,0,3,2,,1355,2,2,0,0,0,1,0,3,3,0,2,3,,N,,,,,,,,,,,
2006053986,1250.0,2,0,0,0,0,0,0,0,0,1,0,,67,4,2006,7,40.0992,-74.9954,1238.0,6,0,0,0,0,1,1,0,0,,0,0,0,12,1,2,1,,0.0,40 05:57.235,,0,74 59:43.576,4,0,0,0,67301,0,0,0,,0,0,0,4,67301,2,,1,9,,,,,0,,0,0,0,9,2,,1215,2,2,0,0,0,0,0,3,4,0,2,7,,N,,,,,,,,,,,
2006053996,1929.0,1,0,0,0,0,0,0,0,0,8,0,,67,4,2006,6,39.9631,-75.2242,1927.0,6,0,0,0,0,0,0,0,0,,0,0,0,19,3,1,1,,0.0,39 57:47.035,,0,75 13:27.223,4,0,0,0,67301,1,0,0,N,1,0,0,2,67301,1,,1,1,,N,N,,0,,0,0,0,3,2,,1920,1,2,0,0,0,0,0,3,4,0,1,3,,N,,,,,,,,,,,
2006038664,2242.0,0,0,0,0,0,0,0,0,0,1,0,,67,2,2006,1,40.0139,-75.0864,2242.0,6,0,0,0,0,0,1,0,0,1.0,0,0,0,22,3,2,1,,1.0,40 00:50.000,2.0,0,75 05:11.011,8,0,0,0,67301,0,0,0,N,0,0,0,4,67301,0,,1,1,,N,N,,0,,0,0,1,3,2,Y,2231,2,2,0,0,0,2,0,3,4,1,2,3,,N,,,,,,,,,,,
2006035686,1320.0,1,0,0,0,0,0,0,0,0,7,0,,67,2,2006,4,39.9962,-75.1471,1308.0,6,0,0,0,0,0,0,0,0,,0,0,0,13,1,1,0,,0.0,39 59:46.262,,0,75 08:49.545,3,0,0,0,67301,0,0,0,N,0,0,0,1,67301,0,,2,9,,N,N,,0,,1,0,0,0,0,,1305,1,1,0,0,0,0,0,3,4,0,1,7,,N,,,,,,,,,,,
2006033345,1853.0,0,0,0,0,0,0,0,0,0,0,0,,67,1,2006,2,39.9939,-75.0802,1851.0,6,0,0,0,0,0,0,0,0,1.0,0,0,0,18,3,1,2,,1.0,39 59:44.000,5.0,0,75 04:36.826,8,0,0,1,67301,0,0,0,N,0,0,0,1,67301,0,,1,1,,N,N,,0,,0,0,0,0,0,N,1851,1,1,0,0,0,1,0,3,4,0,1,3,,N,,,,,,,,,,,