CRN,ARRIVAL_TM,AUTOMOBILE_COUNT,BELTED_DEATH_COUNT,BELTED_SUSP_SERIOUS_INJ_COUNT,BICYCLE_COUNT,BICYCLE_DEATH_COUNT,BICYCLE_SUSP_SERIOUS_INJ_COUNT,BUS_COUNT,CHLDPAS_DEATH_COUNT,CHLDPAS_SUSP_SERIOUS_INJ_COUNT,COLLISION_TYPE,COMM_VEH_COUNT,CONS_ZONE_SPD_LIM,COUNTY,CRASH_MONTH,CRASH_YEAR,DAY_OF_WEEK,DEC_LAT,DEC_LONG,DISPATCH_TM,DISTRICT,DRIVER_COUNT_16YR,DRIVER_COUNT_17YR,DRIVER_COUNT_18YR,DRIVER_COUNT_19YR,DRIVER_COUNT_20YR,DRIVER_COUNT_50_64YR,DRIVER_COUNT_65_74YR,DRIVER_COUNT_75PLUS,EST_HRS_CLOSED,FATAL_COUNT,HEAVY_TRUCK_COUNT,HORSE_BUGGY_COUNT,HOUR_OF_DAY,ILLUMINATION,INJURY_COUNT,INTERSECT_TYPE,INTERSECTION_RELATED,LANE_CLOSED,LATITUDE,LN_CLOSE_DIR,LOCATION_TYPE,LONGITUDE,MAX_SEVERITY_LEVEL,MCYCLE_DEATH_COUNT,MCYCLE_SUSP_SERIOUS_INJ_COUNT,MOTORCYCLE_COUNT,MUNICIPALITY,NONMOTR_COUNT,NONMOTR_DEATH_COUNT,NONMOTR_SUSP_SERIOUS_INJ_COUNT,NTFY_HIWY_MAINT,PED_COUNT,PED_DEATH_COUNT,PED_SUSP_SERIOUS_INJ_COUNT,PERSON_COUNT,POLICE_AGCY,POSSIBLE_INJ_COUNT,RDWY_SURF_TYPE_CD,RELATION_TO_ROAD,ROAD_CONDITION,ROADWAY_CLEARED,SCH_BUS_IND,SCH_ZONE_IND,SECONDARY_CRASH,SMALL_TRUCK_COUNT,SPEC_JURIS_CD,SUSP_MINOR_INJ_COUNT,SUSP_SERIOUS_INJ_COUNT,SUV_COUNT,TCD_FUNC_CD,TCD_TYPE,TFC_DETOUR_IND,TIME_OF_DAY,TOT_INJ_COUNT,TOTAL_UNITS,UNB_DEATH_COUNT,UNB_SUSP_SERIOUS_INJ_COUNT,UNBELTED_OCC_COUNT,UNK_INJ_DEG_COUNT,UNK_INJ_PER_COUNT,URBAN_AREA,URBAN_RURAL,VAN_COUNT,VEHICLE_COUNT,WEATHER1,WEATHER2,WORK_ZONE_IND,WORK_ZONE_LOC,WORK_ZONE_TYPE,WORKERS_PRES,WZ_CLOSE_DETOUR,WZ_FLAGGER,WZ_LAW_OFFCR_IND,WZ_LN_CLOSURE,WZ_MOVING,WZ_OTHER,WZ_SHLDER_MDN,WZ_WORKERS_INJ_KILLED
2006032811,1822.0,2,0,0,0,0,0,0,0,0,4,0,,67,2,2006,7,39.9218,-75.1902,1820.0,6,0,0,0,0,0,0,0,0,,0,0,0,18,3,2,5,,0.0,39 55:18.000,,2,75 11:24.614,3,0,0,0,67301,0,0,0,N,0,0,0,5,67301,1,,1,1,,N,N,,0,,1,0,0,3,2,,1816,2,2,0,0,1,0,0,3,4,0,2,3,,N,,,,,,,,,,,
2006080075,1600.0,1,0,0,1,0,0,0,0,0,8,0,,67,6,2006,6,,,1558.0,6,0,1,0,0,0,0,0,0,,0,0,0,15,1,1,0,,0.0,,,0,,4,0,0,0,67301,1,0,0,N,0,0,0,2,67301,1,,1,1,,N,N,,0,,0,0,0,0,0,,1554,1,2,0,0,0,0,0,3,3,0,1,3,,N,,,,,,,,,,,
2006062722,435.0,1,0,0,0,0,0,0,0,0,1,0,,67,5,2006,5,40.0268,-75.117,425.0,6,0,0,0,0,0,1,0,0,1.0,0,0,0,3,6,3,0,,2.0,40 01:36.000,2.0,0,75 07:01.832,8,0,0,0,67301,0,0,0,N,0,0,0,4,67301,0,,1,1,,N,N,,1,,0,0,0,0,0,N,345,3,2,0,0,0,3,0,3,4,0,2,3,,N,,,,,,,,,,,
2006065406,1830.0,0,0,0,0,0,0,0,0,0,4,0,,67,6,2006,6,39.9747,-75.1992,1827.0,6,0,0,0,0,0,0,0,0,,0,0,0,18,1,3,2,,0.0,39 58:29.000,,0,75 11:56.720,8,0,0,0,67301,0,0,0,N,0,0,0,4,67301,0,,1,1,,N,N,,0,,0,0,0,9,2,,1821,3,2,0,0,0,3,0,3,4,1,2,3,,N,,,,,,,,,,,
2006065327,1553.0,2,0,0,0,0,0,0,0,0,4,0,,67,5,2006,4,40.0101,-75.1216,1531.0,6,0,0,0,0,0,0,0,0,,0,0,0,15,1,1,1,,0.0,40 00:36.531,,0,75 07:17.602,4,0,0,0,67301,0,0,0,N,0,0,0,2,67301,1,,1,1,,N,N,,0,,0,0,0,3,2,,1531,1,2,0,0,0,0,1,3,4,0,2,3,,N,,,,,,,,,,,
2006065329,1008.0,3,0,0,0,0,0,0,0,0,1,0,,67,6,2006,6,40.045,-75.1011,1008.0,6,0,0,0,0,0,0,0,0,1.0,0,0,0,10,1,1,1,,1.0,40 02:42.000,2.0,0,75 06:03.792,8,0,0,0,67301,0,0,0,N,0,0,0,4,67301,0,,1,9,,N,N,,0,,0,0,0,3,2,Y,1000,1,3,0,0,0,1,0,3,4,0,3,3,,N,,,,,,,,,,,
2006065425,1901.0,2,0,0,0,0,0,0,0,0,4,0,,67,5,2006,4,40.0566,-75.0312,1859.0,6,0,0,0,0,0,1,0,0,,0,0,0,18,1,2,1,,0.0,40 03:23.726,,0,75 01:52.348,8,0,0,0,67301,0,0,0,,0,0,0,2,67301,0,,1,1,,N,N,,0,,0,0,0,3,2,,1839,2,2,0,0,0,2,0,3,4,0,2,3,,N,,,,,,,,,,,
2006055380,854.0,0,0,0,0,0,0,0,0,0,8,0,,67,3,2006,3,39.9719,-75.1593,9999.0,6,0,0,0,0,0,0,0,0,,0,0,0,8,1,1,0,,0.0,39 58:18.000,,0,75 09:33.434,8,0,0,0,67301,1,0,0,N,1,0,0,2,67301,0,,1,1,,N,N,,0,,0,0,1,0,0,,850,1,2,0,0,0,1,0,3,4,0,1,3,,N,,,,,,,,,,,
2006055390,1908.0,0,0,0,0,0,0,0,0,0,8,0,,67,3,2006,5,,,1903.0,6,0,0,0,0,0,1,0,0,,0,0,0,19,3,1,1,,0.0,,,0,,3,0,0,0,67301,1,0,0,N,1,0,0,2,67301,0,,1,1,,N,N,,0,,1,0,0,3,3,,1900,1,2,0,0,0,0,0,3,3,1,1,3,,N,,,,,,,,,,,
2006055462,1850.0,1,0,0,0,0,0,0,0,0,8,0,,67,3,2006,6,40.0804,-74.9771,1844.0,6,0,0,0,0,0,0,0,0,1.0,0,0,0,18,3,1,1,,1.0,40 04:49.000,2.0,0,74 58:37.859,8,0,0,0,67301,1,0,0,N,1,0,0,2,67301,0,,1,1,,N,N,,0,,0,0,0,3,2,N,1843,1,2,0,0,1,1,0,3,4,0,1,3,,N,,,,,,,,,,,
2006055521,957.0,1,0,0,0,0,0,0,0,0,1,0,,67,4,2006,3,40.1235,-75.0154,957.0,6,0,0,0,0,0,1,0,0,1.0,0,0,0,9,1,2,1,,1.0,40 07:24.000,2.0,0,75 00:55.255,3,0,0,0,67301,0,0,0,,0,0,0,3,67301,0,,1,1,,,,,1,,2,0,0,3,2,N,955,2,2,0,0,0,0,0,3,4,0,2,3,,N,,,,,,,,,,,
2006055537,1020.0,0,0,0,0,0,0,0,0,0,1,0,,67,4,2006,3,39.9687,-75.2113,1018.0,6,0,0,0,0,0,2,0,0,,0,0,0,10,1,14,1,,0.0,39 58:07.000,,0,75 12:40.810,8,0,0,0,67301,0,0,0,N,0,0,0,16,67301,0,,1,1,,N,N,,1,,0,0,0,3,2,,1017,14,2,0,0,1,14,0,3,4,0,2,3,,N,,,,,,,,,,,
2006055639,812.0,2,0,0,0,0,0,0,0,0,4,0,,67,4,2006,7,39.953,-75.1988,807.0,6,0,0,0,0,0,0,0,0,,0,0,0,8,1,0,1,,0.0,39 57:13.000,,0,75 11:55.172,0,0,0,0,67301,0,0,0,N,0,0,0,2,67301,0,,1,1,,N,N,,0,,0,0,0,3,2,,800,0,2,0,0,0,0,0,3,4,0,2,3,,N,,,,,,,,,,,
2006055714,100.0,2,0,0,0,0,0,0,0,0,1,0,,67,3,2006,7,40.029,-75.0892,1256.0,6,0,0,0,0,0,1,0,0,,0,0,0,12,1,1,2,,0.0,40 01:44.000,,0,75 05:21.645,4,0,0,0,67301,0,0,0,N,0,0,0,2,67301,1,,1,1,,N,N,,0,,0,0,0,3,2,,1240,1,2,0,0,0,0,0,3,4,0,2,3,,N,,,,,,,,,,,
2006055755,2136.0,0,0,0,0,0,0,0,0,0,5,0,,67,3,2006,3,,,2131.0,6,0,0,0,0,0,0,0,0,2.0,0,0,0,21,3,1,0,,1.0,,2.0,0,,2,0,1,1,67301,0,0,0,N,0,0,0,2,67301,0,,1,1,,N,N,,0,,0,1,1,0,0,N,2131,1,2,0,0,0,0,0,3,3,0,2,3,,N,,,,,,,,,,,
2006055787,805.0,2,0,0,0,0,0,0,0,0,7,0,,67,4,2006,3,39.9831,-75.0989,757.0,6,0,0,0,0,0,1,0,0,,0,0,0,7,1,0,0,,0.0,39 58:59.160,,0,75 05:56.760,0,0,0,0,67301,0,0,0,N,0,0,0,2,67301,0,,4,1,,N,N,,0,,0,0,0,0,0,,757,0,2,0,0,0,0,0,3,4,0,2,3,,N,,,,,,,,,,,
2006055800,1241.0,2,0,0,0,0,0,0,0,0,4,0,,67,4,2006,5,39.9915,-75.1226,1240.0,6,0,0,0,0,0,1,0,0,,0,0,0,12,1,1,1,,0.0,39 59:29.295,,0,75 07:21.395,4,0,0,0,67301,0,0,0,,0,0,0,2,67301,1,,1,1,,,,,0,,0,0,0,3,2,,1227,1,2,0,0,2,0,0,3,4,0,2,3,,N,,,,,,,,,,,
2006109587,1910.0,1,0,0,0,0,0,0,0,0,7,0,,67,9,2006,5,,,1908.0,6,0,0,0,0,1,0,0,0,,0,0,0,19,1,0,0,,0.0,,,0,,0,0,0,0,67301,0,0,0,N,0,0,0,1,67501,0,,3,1,,N,N,,0,,0,0,0,0,0,,1905,0,1,0,0,0,0,0,3,3,0,1,3,,N,,,,,,,,,,,
2006126877,2226.0,1,0,0,1,0,1,0,0,0,4,0,,67,10,2006,4,39.9724,-75.2174,2225.0,6,0,0,0,0,0,0,0,0,,0,0,0,22,3,1,3,,0.0,39 58:20.000,,7,75 13:03.212,2,0,0,0,67301,1,0,1,N,0,0,0,2,67301,0,,1,1,,N,N,,0,,0,1,0,3,2,,2225,1,2,0,0,0,0,0,3,4,0,1,3,,N,,,,,,,,,,,
2006102410,1400.0,1,0,0,0,0,0,0,0,0,8,0,,67,9,2006,6,39.9966,-75.1755,1357.0,6,0,0,0,0,0,0,0,0,,0,0,0,17,1,1,2,,0.0,39 59:47.000,,0,75 10:31.991,3,0,0,0,67301,1,0,0,N,1,0,0,2,67301,0,,2,1,,N,N,,0,,1,0,0,0,0,,1730,1,2,0,0,0,0,0,3,4,0,1,3,,N,,,,,,,,,,,
2006102477,1034.0,2,0,0,0,0,0,0,0,0,4,0,,67,8,2006,4,39.9946,-75.0945,1030.0,6,0,0,0,0,0,0,0,0,2.0,0,0,0,10,1,0,1,,1.0,39 59:40.000,2.0,0,75 05:40.360,0,0,0,0,67301,0,0,0,,0,0,0,2,67301,0,,1,1,,N,N,,0,,0,0,0,3,2,Y,1010,0,2,0,0,0,0,0,3,4,0,2,3,,N,,,,,,,,,,,
2006033334,907.0,1,0,0,0,0,0,0,0,0,1,0,,67,2,2006,4,39.8946,-75.2367,902.0,6,0,0,0,0,0,0,0,0,,0,0,0,8,1,0,1,,0.0,39 53:40.000,,0,75 14:12.237,0,0,0,0,67301,0,0,0,,0,0,0,5,67301,0,,1,2,,N,N,,1,,0,0,0,3,2,,845,0,2,0,0,0,0,0,3,4,0,2,10,,N,,,,,,,,,,,
2006028023,342.0,1,0,0,0,0,0,0,0,0,7,0,,67,1,2006,1,,,335.0,6,0,1,0,0,0,0,0,0,,0,0,0,3,3,2,0,,0.0,,,2,,3,0,0,0,67301,0,0,0,N,0,0,0,5,68K01,0,,2,1,,N,N,,0,,2,0,0,0,0,,333,2,1,0,0,4,0,0,3,3,0,1,3,,N,,,,,,,,,,,
2006025185,303.0,1,0,0,0,0,0,0,0,0,7,0,,67,1,2006,3,,,303.0,6,0,0,0,1,0,0,0,0,,0,0,0,3,3,0,0,,0.0,,,0,,0,0,0,0,67301,0,0,0,N,0,0,0,1,67501,0,,2,1,,N,N,,0,,0,0,0,0,0,,303,0,1,0,0,0,0,0,3,3,0,1,3,,N,,,,,,,,,,,
2006020108,435.0,1,0,0,0,0,0,0,0,0,7,0,,67,1,2006,2,39.9835,-75.2082,430.0,6,0,0,0,0,0,0,0,0,1.0,0,0,0,99,3,0,0,,1.0,39 59:04.000,3.0,0,75 12:29.927,0,0,0,0,67301,0,0,0,N,0,0,0,1,67301,0,,2,9,,N,N,,0,,0,0,0,0,0,N,9999,0,1,0,0,0,0,0,3,4,0,1,7,,N,,,,,,,,,,,
2006019850,2157.0,4,0,0,0,0,0,0,0,0,1,0,,67,1,2006,1,40.0882,-75.0348,2152.0,6,0,0,0,0,0,1,1,0,,0,0,0,21,3,2,0,,0.0,40 05:17.000,,0,75 02:05.148,8,0,0,0,67301,0,0,0,N,0,0,0,6,67301,0,,1,1,,N,N,,0,,0,0,0,0,0,,2150,2,4,0,0,0,2,0,3,4,0,4,3,,N,,,,,,,,,,,
2006019856,850.0,3,0,0,0,0,0,0,0,0,1,0,,67,1,2006,4,40.048,-75.0928,842.0,6,0,0,0,0,0,1,1,0,,0,0,0,99,1,1,1,,0.0,40 02:52.000,,0,75 05:34.347,4,0,0,0,67301,0,0,0,,0,0,0,3,67301,1,,1,1,,N,N,,0,,0,0,0,9,3,,9999,1,3,0,0,0,0,1,3,4,0,3,3,,N,,,,,,,,,,,
2006080065,1358.0,1,0,0,0,0,0,0,0,0,7,1,,67,6,2006,6,40.0296,-75.2034,1357.0,6,0,0,0,0,0,2,0,0,,0,1,0,13,1,1,2,,0.0,40 01:46.000,,0,75 12:12.339,8,0,0,0,67301,0,0,0,N,0,0,0,5,67301,0,,4,1,,N,N,,2,,0,0,0,3,2,,1354,1,4,0,0,0,1,0,3,4,0,4,3,,N,,,,,,,,,,,
2006065415,803.0,1,0,0,0,0,0,0,0,0,4,0,,67,5,2006,2,,,800.0,6,0,0,0,0,0,0,0,0,,0,0,0,7,1,3,2,,0.0,,,0,,8,0,0,0,67301,0,0,0,N,0,0,0,6,67301,0,,1,9,,N,N,,0,,0,0,0,9,3,,759,3,2,0,0,0,3,0,3,3,1,2,7,,N,,,,,,,,,,,
2006065456,2259.0,1,0,0,0,0,0,0,0,0,8,0,,67,5,2006,7,40.0533,-75.1601,2252.0,6,0,0,0,0,0,0,0,0,,0,0,0,22,3,1,0,,0.0,40 03:11.815,,0,75 09:36.342,3,0,0,0,67301,1,0,0,N,1,0,0,3,67301,0,,1,1,,N,N,,0,,1,0,0,0,0,,2234,1,2,0,0,0,0,0,3,4,0,1,3,,N,,,,,,,,,,,
2006055343,9999.0,1,0,0,0,0,0,0,0,0,8,0,,67,2,2006,3,40.0368,-75.0624,9999.0,6,0,0,0,0,0,0,0,0,,0,0,0,99,3,1,1,,0.0,40 02:12.000,,0,75 03:44.712,3,0,0,0,67301,1,0,0,,1,0,0,2,67301,0,,9,1,,,,,0,,1,0,0,0,0,,9999,1,2,0,0,1,0,0,3,4,0,1,3,,N,,,,,,,,,,,
2006055429,1238.0,2,0,0,0,0,0,0,0,0,4,0,,67,3,2006,7,,,1235.0,6,0,0,0,0,0,1,0,0,,0,0,0,12,1,0,2,,0.0,,,0,,0,0,0,0,67301,0,0,0,N,0,0,0,3,67301,0,,1,1,,N,N,,0,,0,0,0,3,3,,1230,0,2,0,0,0,0,0,3,3,0,2,3,,N,,,,,,,,,,,
2006055622,314.0,1,0,0,0,0,0,0,0,0,1,0,,67,3,2006,1,40.0275,-75.1106,308.0,6,0,0,0,0,0,0,0,0,,0,0,0,3,3,0,0,,0.0,40 01:38.000,,0,75 06:38.164,9,0,0,0,67301,0,0,0,,0,0,0,4,67301,0,,1,1,,,,,0,,0,0,1,0,0,,305,0,2,0,0,0,0,1,3,4,0,2,3,,N,,,,,,,,,,,
2006055726,845.0,2,0,0,0,0,0,0,0,0,4,0,,67,3,2006,5,,,842.0,6,0,0,0,0,0,0,0,0,,0,0,0,8,1,3,1,,0.0,,,0,,4,0,0,0,67301,0,0,0,N,0,0,0,5,67301,3,,1,1,,N,N,,0,,0,0,0,3,3,,839,3,2,0,0,0,0,0,3,3,0,2,3,,N,,,,,,,,,,,
2006126453,1216.0,1,0,0,0,0,0,0,0,0,8,0,,67,11,2006,5,39.9829,-75.2564,1214.0,6,0,0,0,0,0,0,0,0,,0,0,0,12,1,1,2,,0.0,39 58:58.562,,0,75 15:22.881,4,0,0,0,67301,1,0,0,N,1,0,0,2,67301,1,,1,1,,N,N,,0,,0,0,0,0,0,,1205,1,2,0,0,0,0,0,3,4,0,1,3,,N,,,,,,,,,,,
2006126867,945.0,0,0,0,0,0,0,0,0,0,5,0,,67,11,2006,4,39.9525,-75.1625,935.0,6,0,0,0,0,0,1,0,0,,0,0,0,9,1,2,2,,0.0,39 57:08.000,,0,75 09:44.926,4,0,0,0,67301,0,0,0,,0,0,0,5,67301,2,,1,9,,,,,1,,0,0,0,9,2,,920,2,2,0,0,5,0,0,3,4,1,2,7,,N,,,,,,,,,,,
2006126871,2107.0,1,0,0,0,0,0,0,0,0,8,0,,67,10,2006,2,39.9634,-75.1974,2100.0,6,0,0,0,0,0,0,0,0,,0,0,0,20,3,1,1,,0.0,39 57:48.000,,0,75 11:51.023,8,0,0,0,67301,1,0,0,N,1,0,0,2,67301,0,,1,1,,N,N,,0,,0,0,0,0,0,,2050,1,2,0,0,0,1,1,3,4,0,1,3,,N,,,,,,,,,,,
2006102420,1543.0,1,0,0,0,0,0,0,0,0,8,0,,67,8,2006,2,39.9702,-75.1596,1541.0,6,0,0,0,0,0,0,0,0,,0,0,0,15,1,1,0,,0.0,39 58:12.000,,0,75 09:34.784,4,0,0,0,67301,1,0,0,N,1,0,0,2,67301,1,,1,1,,N,N,,0,,0,0,0,3,2,,1541,1,2,0,0,1,0,0,3,4,0,1,3,,N,,,,,,,,,,,
2006124250,900.0,1,0,0,0,0,0,0,0,0,7,0,,67,10,2006,7,40.1186,-75.007,851.0,6,0,0,0,0,0,0,0,0,,0,0,0,7,1,0,2,,0.0,40 07:06.945,,0,75 00:25.153,0,0,0,0,67301,0,0,0,N,0,0,0,1,67301,0,,2,9,,N,N,,0,,0,0,0,3,2,,730,0,1,0,0,0,0,0,3,4,0,1,7,,N,,,,,,,,,,,
2006124744,1846.0,2,0,0,0,0,0,0,0,0,4,0,,67,10,2006,7,,,1836.0,6,0,0,0,0,0,1,0,0,,0,0,0,99,4,3,1,,0.0,,,0,,3,0,0,0,67301,0,0,0,N,0,0,0,6,67301,0,,1,1,,N,N,,0,,3,0,1,3,2,,9999,3,3,0,0,0,0,1,3,3,0,3,3,,N,,,,,,,,,,,
2006124751,815.0,2,0,0,0,0,0,0,0,0,4,0,,67,10,2006,4,40.0741,-75.1909,811.0,6,0,0,0,0,0,0,1,0,,0,0,0,8,1,0,2,,0.0,40 04:26.000,,0,75 11:27.185,0,0,0,0,67301,0,0,0,N,0,0,0,2,67301,0,,1,9,,N,N,,0,,0,0,0,3,2,,800,0,2,0,0,0,0,0,3,4,0,2,3,,N,,,,,,,,,,,
2006124854,1235.0,1,0,0,0,0,0,0,0,0,0,0,,67,10,2006,2,,,1230.0,6,0,0,0,0,0,1,0,0,2.0,0,0,0,11,1,0,0,,2.0,,1.0,0,,0,0,0,0,67301,0,0,0,Y,0,0,0,1,67301,0,,1,1,,N,N,,0,,0,0,0,0,0,Y,1140,0,1,0,0,0,0,0,3,3,0,1,3,,N,,,,,,,,,,,
2006062235,825.0,2,0,0,0,0,0,0,0,0,4,0,,67,4,2006,5,40.013,-75.1692,818.0,6,0,0,1,0,0,1,0,0,,0,0,0,8,1,1,0,,0.0,40 00:47.000,,0,75 10:09.482,4,0,0,0,67301,0,0,0,N,0,0,0,2,67301,1,,1,1,,N,N,,0,,0,0,0,3,2,,800,1,2,0,0,0,0,0,3,4,0,2,3,,N,,,,,,,,,,,
2006062236,1947.0,1,0,0,0,0,0,0,0,0,2,0,,67,5,2006,7,40.0171,-75.1921,1940.0,6,0,0,0,0,0,0,1,0,,0,0,0,19,3,0,0,,0.0,40 01:01.606,,0,75 11:31.552,9,0,0,1,67301,0,0,0,,0,0,0,4,67301,0,,1,1,,N,N,,0,,0,0,0,0,0,,1938,0,2,0,0,0,0,1,3,4,0,2,3,,N,,,,,,,,,,,
2006054675,1638.0,2,0,0,0,0,0,0,0,0,4,0,,67,4,2006,7,39.9543,-75.1621,1635.0,6,0,0,0,0,0,0,0,0,,0,0,0,16,1,1,1,,0.0,39 57:15.480,,0,75 09:43.200,3,0,0,0,67301,0,0,0,N,0,0,0,4,67301,0,,1,9,,N,N,,0,,1,0,0,3,3,,1630,1,2,0,0,0,0,0,3,4,0,2,7,,N,,,,,,,,,,,
2006062414,1800.0,1,0,0,0,0,0,0,0,0,5,1,,67,5,2006,7,39.9602,-75.1403,1751.0,6,0,1,0,0,0,0,0,0,,0,1,0,17,1,2,0,,0.0,39 57:36.000,,0,75 08:25.098,4,0,0,0,67301,0,0,0,N,0,0,0,3,67301,2,,1,1,,N,N,,0,,0,0,0,0,0,,1751,2,2,0,0,0,0,0,3,4,0,2,3,,N,,,,,,,,,,,
2006062431,630.0,2,0,0,0,0,0,0,0,0,4,0,,67,1,2006,3,39.9722,-75.2449,622.0,6,0,0,0,0,0,1,0,0,,0,0,0,99,1,1,1,,0.0,39 58:19.000,,0,75 14:41.573,4,0,0,0,67301,0,0,0,N,0,0,0,3,67301,1,,1,9,,N,N,,0,,0,0,0,3,2,,9999,1,2,0,0,0,0,0,3,4,0,2,7,,N,,,,,,,,,,,
2006054714,1755.0,1,0,0,0,0,0,0,0,0,1,0,,67,3,2006,7,39.9222,-75.2303,1750.0,6,0,0,0,0,0,0,0,0,,0,0,0,16,1,2,1,,0.0,39 55:19.000,,0,75 13:49.682,4,0,0,0,67301,0,0,0,N,0,0,0,4,67301,2,,1,1,,N,N,,0,,0,0,1,3,1,,1600,2,2,0,0,0,0,0,3,4,0,2,3,,N,,,,,,,,,,,
2006062481,1749.0,1,0,0,0,0,0,0,0,0,8,0,,67,6,2006,5,,,1745.0,6,0,0,0,1,0,0,0,0,,0,0,0,17,1,1,0,,0.0,,,0,,8,0,0,0,67301,1,0,0,N,1,0,0,2,67301,0,,1,1,,N,N,,0,,0,0,0,0,0,,1745,1,2,0,0,0,1,0,3,3,0,1,3,,N,,,,,,,,,,,
2006062484,400.0,2,0,0,0,0,0,0,0,0,1,0,,67,4,2006,1,,,354.0,6,0,0,0,0,0,0,0,0,,0,0,0,99,3,1,1,,0.0,,,0,,8,0,0,0,67301,0,0,0,N,0,0,0,2,67301,0,,1,1,,N,N,,0,,0,0,0,3,2,,9999,1,2,0,0,0,1,0,3,3,0,2,3,,N,,,,,,,,,,,
2006062497,1638.0,1,0,0,0,0,0,1,0,0,4,1,,67,5,2006,6,,,1630.0,6,0,0,0,0,0,1,0,0,3.0,0,0,0,16,1,10,1,,2.0,,7.0,0,,4,0,0,0,67301,0,0,0,N,0,0,0,10,67301,8,,1,1,,N,N,,0,,0,0,0,3,3,Y,1610,10,2,0,0,0,2,0,3,3,0,2,3,,N,,,,,,,,,,,
2006062518,1625.0,0,0,0,0,0,0,0,0,0,5,0,,67,5,2006,5,,,1623.0,6,0,0,0,0,0,0,1,0,,0,0,0,14,1,9,0,,0.0,,,0,,4,0,0,0,67301,0,0,0,N,0,0,0,10,67301,9,,1,1,,N,N,,1,,0,0,0,0,0,,1425,9,3,0,0,0,0,0,3,3,1,3,3,,N,,,,,,,,,,,
2006093931,1505.0,2,0,0,0,0,0,0,0,0,4,0,,67,7,2006,6,,,1505.0,6,0,0,0,0,0,0,0,0,,0,0,0,15,1,2,1,,0.0,,,0,,4,0,0,0,67301,0,0,0,,0,0,0,6,67301,2,,1,1,,,,,0,,0,0,1,2,2,,1505,2,3,0,0,0,0,0,3,3,0,3,3,,N,,,,,,,,,,,
2006093936,2140.0,0,0,0,0,0,0,0,0,0,0,0,,67,7,2006,4,39.9861,-75.087,2130.0,6,0,0,0,0,0,0,0,0,,0,0,0,99,3,1,2,,0.0,39 59:09.000,,0,75 05:13.204,4,0,0,1,67301,0,0,0,N,0,0,0,1,67301,1,,1,1,,N,N,,0,,0,0,0,9,3,,9999,1,1,0,0,0,0,0,3,4,0,1,3,,N,,,,,,,,,,,
2006054976,1010.0,1,0,0,0,0,0,0,0,0,1,0,99.0,67,2,2006,2,39.9057,-75.1939,957.0,6,0,0,0,0,0,0,0,0,,0,0,0,9,1,2,1,,0.0,39 54:20.000,,0,75 11:37.765,4,0,0,0,67301,2,0,0,N,0,0,0,3,67301,2,,9,9,,N,N,,0,,0,0,0,0,0,,930,2,2,0,0,0,0,1,3,4,0,2,3,,Y,8.0,8.0,U,,,U,,,,,
2006055116,1904.0,2,0,0,0,0,0,0,0,0,4,0,,67,4,2006,3,40.0445,-75.1434,1855.0,6,0,0,0,1,0,0,0,0,1.0,0,0,0,18,1,1,0,,2.0,40 02:40.144,5.0,0,75 08:36.372,8,0,0,0,67301,0,0,0,N,0,0,0,6,67301,0,,1,1,,N,N,,0,,0,0,0,0,0,Y,1854,1,2,0,0,0,1,0,3,4,0,2,3,,N,,,,,,,,,,,
2006055129,1812.0,2,0,0,0,0,0,0,0,0,1,0,,67,3,2006,7,,,1809.0,6,0,0,1,0,0,0,0,0,,0,0,0,17,3,1,2,,0.0,,,0,,4,0,0,0,67301,0,0,0,N,0,0,0,2,67301,1,,1,1,,N,N,,0,,0,0,0,3,2,,1730,1,2,0,0,0,0,0,3,3,0,2,3,,N,,,,,,,,,,,
2006055140,1425.0,1,0,0,0,0,0,0,0,0,5,0,,67,3,2006,4,40.0715,-75.1779,1413.0,6,0,0,0,1,0,1,0,0,,0,0,0,99,1,3,1,,0.0,40 04:17.432,,0,75 10:40.303,8,0,0,0,67301,0,0,0,N,0,0,0,4,67301,0,,1,1,,N,N,,0,,0,0,0,3,3,,9999,3,2,0,0,0,3,0,3,4,1,2,3,,N,,,,,,,,,,,
2006094095,1637.0,0,0,0,0,0,0,0,0,0,8,0,,67,7,2006,6,39.9385,-75.1421,1634.0,6,0,0,0,0,0,0,0,0,,0,0,0,99,1,1,2,,0.0,39 56:18.000,,2,75 08:31.905,3,0,0,0,67301,1,0,0,N,1,0,0,2,67301,0,,7,1,,N,N,,0,,1,0,1,2,2,,9999,1,2,0,0,1,0,0,3,4,0,1,3,,N,,,,,,,,,,,
2006055309,854.0,2,0,0,0,0,0,0,0,0,2,0,,67,4,2006,1,39.997,-75.2353,852.0,6,0,0,0,0,0,1,0,0,,0,0,0,8,1,2,10,,0.0,39 59:49.000,,0,75 14:07.354,4,0,0,0,67301,0,0,0,,0,0,0,4,67301,2,,1,1,,N,N,,0,,0,0,0,9,2,,852,2,2,0,0,0,0,0,3,4,0,2,3,,N,,,,,,,,,,,
2006094470,1450.0,1,0,0,0,0,0,1,0,0,5,1,,67,8,2006,4,39.9592,-75.2311,245.0,6,0,0,0,1,0,0,1,0,,0,0,0,14,1,1,1,,0.0,39 57:33.000,,0,75 13:52.046,4,0,0,0,67301,0,0,0,N,0,0,0,4,67301,1,,1,1,,Y,N,,0,,0,0,0,3,2,,1445,1,2,0,0,0,0,0,3,4,0,2,3,,N,,,,,,,,,,,