CRN,ARRIVAL_TM,AUTOMOBILE_COUNT,BELTED_DEATH_COUNT,BELTED_SUSP_SERIOUS_INJ_COUNT,BICYCLE_COUNT,BICYCLE_DEATH_COUNT,BICYCLE_SUSP_SERIOUS_INJ_COUNT,BUS_COUNT,CHLDPAS_DEATH_COUNT,CHLDPAS_SUSP_SERIOUS_INJ_COUNT,COLLISION_TYPE,COMM_VEH_COUNT,CONS_ZONE_SPD_LIM,COUNTY,CRASH_MONTH,CRASH_YEAR,DAY_OF_WEEK,DEC_LAT,DEC_LONG,DISPATCH_TM,DISTRICT,DRIVER_COUNT_16YR,DRIVER_COUNT_17YR,DRIVER_COUNT_18YR,DRIVER_COUNT_19YR,DRIVER_COUNT_20YR,DRIVER_COUNT_50_64YR,DRIVER_COUNT_65_74YR,DRIVER_COUNT_75PLUS,EST_HRS_CLOSED,FATAL_COUNT,HEAVY_TRUCK_COUNT,HORSE_BUGGY_COUNT,HOUR_OF_DAY,ILLUMINATION,INJURY_COUNT,INTERSECT_TYPE,INTERSECTION_RELATED,LANE_CLOSED,LATITUDE,LN_CLOSE_DIR,LOCATION_TYPE,LONGITUDE,MAX_SEVERITY_LEVEL,MCYCLE_DEATH_COUNT,MCYCLE_SUSP_SERIOUS_INJ_COUNT,MOTORCYCLE_COUNT,MUNICIPALITY,NONMOTR_COUNT,NONMOTR_DEATH_COUNT,NONMOTR_SUSP_SERIOUS_INJ_COUNT,NTFY_HIWY_MAINT,PED_COUNT,PED_DEATH_COUNT,PED_SUSP_SERIOUS_INJ_COUNT,PERSON_COUNT,POLICE_AGCY,POSSIBLE_INJ_COUNT,RDWY_SURF_TYPE_CD,RELATION_TO_ROAD,ROAD_CONDITION,ROADWAY_CLEARED,SCH_BUS_IND,SCH_ZONE_IND,SECONDARY_CRASH,SMALL_TRUCK_COUNT,SPEC_JURIS_CD,SUSP_MINOR_INJ_COUNT,SUSP_SERIOUS_INJ_COUNT,SUV_COUNT,TCD_FUNC_CD,TCD_TYPE,TFC_DETOUR_IND,TIME_OF_DAY,TOT_INJ_COUNT,TOTAL_UNITS,UNB_DEATH_COUNT,UNB_SUSP_SERIOUS_INJ_COUNT,UNBELTED_OCC_COUNT,UNK_INJ_DEG_COUNT,UNK_INJ_PER_COUNT,URBAN_AREA,URBAN_RURAL,VAN_COUNT,VEHICLE_COUNT,WEATHER1,WEATHER2,WORK_ZONE_IND,WORK_ZONE_LOC,WORK_ZONE_TYPE,WORKERS_PRES,WZ_CLOSE_DETOUR,WZ_FLAGGER,WZ_LAW_OFFCR_IND,WZ_LN_CLOSURE,WZ_MOVING,WZ_OTHER,WZ_SHLDER_MDN,WZ_WORKERS_INJ_KILLED
2006055059,1359.0,2,0,0,0,0,0,0,0,0,1,0,,67,3,2006,7,39.9404,-75.2014,1357.0,6,0,0,0,0,0,1,0,0,9.0,0,0,0,13,1,3,1,,1.0,39 56:25.303,3.0,0,75 12:04.900,8,0,0,0,67301,0,0,0,N,0,0,0,4,67301,0,,1,9,,N,N,,0,,0,0,0,3,2,N,1355,3,2,0,0,0,3,0,3,4,0,2,7,,N,,,,,,,,,,,
2006055071,1515.0,2,0,0,0,0,0,0,0,0,1,0,,67,2,2006,4,39.9571,-75.1511,1500.0,6,0,0,0,0,0,1,0,0,,0,0,0,15,1,1,2,,0.0,39 57:25.000,,0,75 09:04.052,4,0,0,0,67301,0,0,0,N,0,0,0,2,67301,1,,1,1,,N,N,,0,,0,0,0,3,2,,1500,1,2,0,0,0,0,0,3,4,0,2,3,,N,,,,,,,,,,,
2006094207,1422.0,1,0,0,0,0,0,0,0,0,1,0,,67,7,2006,7,40.0273,-75.033,1422.0,6,0,0,1,0,0,0,0,0,,0,0,0,14,1,2,0,,0.0,40 01:41.520,,0,75 02:19.680,8,0,0,0,67301,0,0,0,N,0,0,0,3,67301,0,,1,1,,N,N,,0,,0,0,1,0,0,,1420,2,2,0,0,0,2,0,3,4,0,2,3,,N,,,,,,,,,,,
2006053708,1558.0,1,0,0,0,0,0,0,0,0,2,0,,67,3,2006,6,40.0332,-75.0378,1551.0,6,0,0,1,0,0,0,0,0,1.0,0,0,0,15,1,4,1,,1.0,40 01:59.691,2.0,0,75 02:15.936,4,0,0,0,67301,0,0,0,N,0,0,0,4,67301,4,,1,1,,N,N,,0,,0,0,0,3,2,Y,1530,4,2,0,0,0,0,0,3,4,1,2,3,,N,,,,,,,,,,,
2006053748,1210.0,1,0,0,0,0,0,0,0,0,8,0,,67,4,2006,5,,,1206.0,6,0,0,0,0,0,0,0,0,,0,0,0,12,1,1,1,,0.0,,,0,,4,0,0,0,67301,1,0,0,,1,0,0,2,67301,1,,1,1,,N,N,,0,,0,0,0,0,0,,1202,1,2,0,0,0,0,0,3,3,0,1,3,,N,,,,,,,,,,,
2006020112,2156.0,1,0,0,0,0,0,0,0,0,7,0,,67,1,2006,2,39.9912,-75.2039,2211.0,6,0,0,0,0,0,1,0,0,1.0,0,0,0,21,3,1,0,,1.0,39 59:30.000,3.0,0,75 12:09.620,8,0,0,0,67301,0,0,0,,0,0,0,1,67301,0,,3,9,,N,N,,0,,0,0,0,0,0,N,2156,1,1,0,0,0,1,0,3,4,0,1,7,,N,,,,,,,,,,,
2006020144,1725.0,2,0,0,0,0,0,0,0,0,5,0,,67,1,2006,5,40.0049,-75.1787,1720.0,6,0,0,1,1,0,0,0,0,,0,0,0,17,1,1,5,,0.0,40 00:17.000,,0,75 10:44.032,4,0,0,0,67301,0,0,0,N,0,0,0,2,67301,1,,1,1,,N,N,,0,,0,0,0,3,2,,1712,1,2,0,0,1,0,0,3,4,0,2,3,,N,,,,,,,,,,,
2006080007,1525.0,0,0,0,0,0,0,0,0,0,8,0,,67,5,2006,6,40.0766,-75.0825,1518.0,6,0,0,0,0,0,1,0,0,,0,0,0,15,1,2,1,,0.0,40 04:35.000,,0,75 04:57.142,4,0,0,0,67301,2,0,0,N,2,0,0,3,67301,2,,1,9,,N,N,,1,,0,0,0,3,2,,1515,2,3,0,0,0,0,0,3,4,0,1,7,,N,,,,,,,,,,,
2006080008,1925.0,2,0,0,0,0,0,0,0,0,4,0,,67,6,2006,6,40.0928,-75.0473,1920.0,6,0,1,0,0,0,1,0,0,,0,0,0,19,1,2,2,,0.0,40 05:34.000,,0,75 02:50.314,4,0,0,0,67301,0,0,0,N,0,0,0,2,67301,2,,1,1,,N,N,,0,,0,0,0,3,3,,1916,2,2,0,0,0,0,0,3,4,0,2,3,,N,,,,,,,,,,,
2006062678,1105.0,4,0,0,0,0,0,0,0,0,5,0,,67,3,2006,7,40.0227,-75.0528,1100.0,6,0,0,0,0,0,0,0,0,,0,0,0,10,1,1,1,,0.0,40 01:21.000,,0,75 03:09.636,8,0,0,0,67301,0,0,0,N,0,0,0,3,67301,0,,1,1,,N,N,,0,,0,0,1,2,2,,1055,1,5,0,0,3,1,1,3,4,0,5,3,,N,,,,,,,,,,,
2006065420,1533.0,1,0,0,0,0,0,0,0,0,8,0,,67,6,2006,5,39.9861,-75.1533,1533.0,6,0,0,0,0,0,0,0,0,,0,0,0,15,1,1,0,,0.0,39 59:09.909,,0,75 09:11.725,3,0,0,0,67301,1,0,0,,1,0,0,3,67301,0,,1,1,,N,N,,0,,1,0,0,0,0,,1500,1,2,0,0,0,0,0,3,4,0,1,3,,N,,,,,,,,,,,
2006065444,1852.0,1,0,0,0,0,0,0,0,0,8,0,,67,5,2006,1,,,1849.0,6,0,0,0,0,0,0,0,0,,0,0,0,18,1,1,1,,0.0,,,0,,4,0,0,0,67301,1,0,0,,1,0,0,2,67301,1,,4,1,,N,N,,0,,0,0,0,3,2,,1840,1,2,0,0,0,0,1,3,3,0,1,3,,N,,,,,,,,,,,
2006065385,1550.0,2,0,0,0,0,0,0,0,0,2,0,,67,5,2006,4,39.9525,-75.148,1547.0,6,0,0,0,0,0,0,0,0,1.0,0,0,0,15,1,3,1,,1.0,39 57:09.000,6.0,0,75 08:52.800,4,0,0,0,67301,0,0,0,N,0,0,0,5,67301,1,,1,1,,N,N,,0,,0,0,0,3,2,Y,1543,3,2,0,0,0,2,0,3,4,0,2,3,,N,,,,,,,,,,,
2006055389,2025.0,2,0,0,0,0,0,0,0,0,4,0,,67,3,2006,2,,,2020.0,6,0,0,0,0,0,0,0,0,,0,0,0,99,3,1,1,,0.0,,,0,,8,0,0,0,67301,0,0,0,N,0,0,0,2,67301,0,,1,1,,N,N,,0,,0,0,1,3,2,,9999,1,3,0,0,0,1,0,3,3,0,3,3,,N,,,,,,,,,,,
2006055402,1850.0,1,0,0,0,0,0,0,0,0,8,0,,67,3,2006,4,39.9215,-75.2313,1846.0,6,0,0,0,0,0,0,0,0,,0,0,0,18,3,1,0,,0.0,39 55:17.000,,0,75 13:53.003,4,0,0,0,67301,1,0,0,N,1,0,0,2,67301,1,,1,1,,N,N,,0,,0,0,0,0,0,,1830,1,2,0,0,0,0,0,3,4,0,1,3,,N,,,,,,,,,,,
2006055529,1545.0,1,0,0,0,0,0,0,0,0,4,0,,67,4,2006,7,40.0329,-75.0759,1540.0,6,0,0,0,0,0,0,0,0,,0,0,0,15,1,1,1,,0.0,40 01:58.504,,0,75 04:33.304,4,0,0,0,67301,0,0,0,N,0,0,0,2,67301,1,,1,9,,N,N,,0,,0,0,1,3,3,,1515,1,2,0,0,0,0,1,3,4,0,2,7,,N,,,,,,,,,,,
2006055538,2230.0,1,0,0,0,0,0,0,0,0,6,0,,67,4,2006,6,,,2215.0,6,0,0,0,0,0,0,0,0,,0,0,0,22,3,1,10,,0.0,,,0,,4,0,0,0,67301,0,0,0,N,0,0,0,4,67301,1,,1,1,,N,N,,1,,0,0,0,9,3,,2200,1,2,0,0,0,0,1,3,3,0,2,3,,N,,,,,,,,,,,
2006055570,1528.0,3,0,0,0,0,0,0,0,0,1,0,,67,4,2006,7,,,1523.0,6,0,0,0,0,0,2,0,0,2.0,0,0,0,15,1,2,0,,1.0,,3.0,0,,3,0,0,0,67301,0,0,0,N,0,0,0,6,67301,1,,1,1,,N,N,,0,,1,0,0,0,0,N,1522,2,3,0,0,0,0,0,3,3,0,3,3,,N,,,,,,,,,,,
2006055687,1405.0,1,0,0,0,0,0,0,0,0,8,0,,67,3,2006,7,39.9506,-75.1622,1400.0,6,0,0,0,0,0,0,0,0,,0,0,0,17,1,1,0,,0.0,39 57:02.000,,0,75 09:43.726,4,0,0,0,67301,1,0,0,N,1,0,0,2,67301,1,,1,1,,N,N,,0,,0,0,0,9,2,,1730,1,2,0,0,0,0,1,3,4,0,1,3,,N,,,,,,,,,,,
2006055713,750.0,1,0,0,0,0,0,0,0,0,7,0,,67,3,2006,6,40.0408,-75.073,742.0,6,0,0,0,0,0,0,0,0,,0,0,0,7,1,1,1,,0.0,40 02:26.901,,0,75 04:22.717,8,0,0,0,67301,0,0,0,,0,0,0,4,67301,0,,4,9,,N,N,,0,,0,0,0,2,3,,735,1,1,0,0,0,1,0,3,4,0,1,3,,N,,,,,,,,,,,
2006055757,120.0,2,0,0,0,0,0,0,0,0,1,0,,67,4,2006,6,40.0092,-75.0676,114.0,6,0,0,0,0,0,1,0,0,1.0,0,0,0,1,3,1,0,,2.0,40 00:32.000,1.0,0,75 04:08.678,4,0,0,0,67301,0,0,0,N,0,0,0,3,67301,1,,1,1,,N,N,,0,,0,0,0,0,0,N,114,1,2,0,0,0,0,0,3,4,0,2,3,,N,,,,,,,,,,,
2006126848,2055.0,2,0,0,0,0,0,0,0,0,4,0,,67,11,2006,6,39.9398,-75.2114,2045.0,6,0,0,0,0,0,0,0,0,2.0,0,0,0,20,3,1,1,,1.0,39 56:23.459,5.0,0,75 12:41.033,4,0,0,0,67301,0,0,0,N,0,0,0,5,67301,1,,1,1,,N,N,,0,,0,0,0,3,2,N,2045,1,3,0,0,0,0,2,3,4,0,3,3,,N,,,,,,,,,,,
2006104950,1020.0,2,0,0,0,0,0,0,0,0,1,0,,67,8,2006,2,39.9386,-75.1805,1015.0,6,0,0,0,0,0,0,0,1,,0,0,0,10,1,0,0,,0.0,39 56:18.801,,0,75 10:49.735,0,0,0,0,67301,0,0,0,N,0,0,0,1,67301,0,,6,1,,N,N,,1,,0,0,0,0,0,,1000,0,3,0,0,0,0,0,3,4,0,3,3,,N,,,,,,,,,,,
2006126896,1655.0,2,0,0,0,0,0,0,0,0,2,0,,67,11,2006,7,40.0037,-75.1691,1649.0,6,0,0,0,0,0,1,0,0,,0,0,0,16,3,0,1,,0.0,40 00:13.000,,0,75 10:09.118,0,0,0,0,67301,0,0,0,N,0,0,0,4,67301,0,,1,1,,N,N,,0,,0,0,0,3,2,,1645,0,2,0,0,0,0,0,3,4,0,2,3,,N,,,,,,,,,,,
2006124599,2144.0,1,0,0,0,0,0,0,0,0,7,0,,67,10,2006,3,,,2142.0,6,0,0,0,0,0,1,0,0,,0,0,0,21,3,1,0,,0.0,,,0,,8,0,0,0,67301,0,0,0,N,0,0,0,1,67301,0,,5,1,,N,N,,0,,0,0,0,0,0,,2142,1,1,0,0,0,1,0,3,3,0,1,3,,N,,,,,,,,,,,
2006124245,1908.0,1,0,0,0,0,0,0,0,0,7,0,,67,10,2006,6,40.0067,-75.1934,1856.0,6,0,0,0,0,0,0,0,0,1.0,0,0,0,18,4,1,0,,2.0,40 00:25.000,4.0,3,75 11:35.438,8,0,0,0,67301,0,0,0,N,0,0,0,1,67301,0,,2,1,,N,N,,0,,0,0,0,3,8,Y,1850,1,1,0,0,1,1,0,3,4,0,1,3,,N,,,,,,,,,,,
2006115154,2010.0,1,0,0,1,0,0,0,0,0,4,0,,67,10,2006,4,40.0061,-75.1879,2006.0,6,0,0,0,0,0,0,0,0,,0,0,0,20,3,1,2,,0.0,40 00:22.000,,0,75 11:16.851,3,0,0,0,67301,1,0,0,N,0,0,0,2,67301,0,,1,1,,N,N,,0,,1,0,0,3,2,,2006,1,2,0,0,0,0,0,3,4,0,1,3,,N,,,,,,,,,,,
2006124760,1431.0,1,0,0,0,0,0,0,0,0,8,0,,67,10,2006,1,40.0506,-75.0102,1429.0,6,0,0,0,0,0,1,0,0,1.0,0,0,0,14,1,1,2,,1.0,40 03:02.000,2.0,0,75 00:36.484,4,0,0,0,67301,1,0,0,N,1,0,0,2,67301,1,,1,1,,N,N,,0,,0,0,0,3,2,N,1429,1,2,0,0,1,0,0,3,4,0,1,3,,N,,,,,,,,,,,
2006124772,740.0,0,0,0,0,0,0,0,0,0,4,0,,67,11,2006,4,40.0129,-75.0718,737.0,6,0,0,0,0,0,1,1,0,,0,0,0,7,5,2,1,,0.0,40 00:46.000,,0,75 04:18.688,8,0,0,0,67301,0,0,0,N,0,0,0,2,67301,0,,1,1,,N,N,,2,,0,0,0,0,0,,720,2,2,0,0,0,2,0,3,4,0,2,3,,N,,,,,,,,,,,
2006113858,1646.0,0,0,0,1,0,0,0,0,0,2,0,,67,10,2006,3,39.9571,-75.2358,1628.0,6,0,0,0,0,0,0,0,0,,0,0,0,16,1,1,1,,0.0,39 57:25.401,,0,75 14:08.753,8,0,0,0,67301,1,0,0,N,0,0,0,2,67301,0,,1,1,,N,N,,0,,0,0,1,3,3,,1626,1,2,0,0,0,1,0,3,4,0,1,3,,N,,,,,,,,,,,
2006113861,246.0,2,0,0,0,0,0,0,0,0,4,0,,67,9,2006,1,39.9035,-75.2436,9999.0,6,0,1,0,0,0,0,0,0,,0,0,0,2,3,2,0,,0.0,39 54:12.614,,0,75 14:36.916,8,0,0,0,67301,0,0,0,,0,0,0,4,67301,0,,1,2,,N,N,,0,,0,0,0,0,0,,246,2,2,0,0,0,2,0,3,4,0,2,3,,N,,,,,,,,,,,
2006062229,1530.0,1,0,0,0,0,0,0,0,0,8,0,,67,5,2006,2,,,1530.0,6,0,0,0,0,0,0,0,0,,0,0,0,15,1,1,1,,0.0,,,0,,8,0,0,0,67301,1,0,0,N,1,0,0,2,67301,0,,1,1,,N,N,,0,,0,0,0,3,2,,1530,1,2,0,0,0,1,0,3,3,0,1,3,,N,,,,,,,,,,,
2006062234,1725.0,1,0,0,0,0,0,0,0,0,7,0,,67,5,2006,4,39.968,-75.1298,1715.0,6,0,0,0,0,0,0,0,0,,0,0,0,17,1,0,7,,0.0,39 58:02.000,,2,75 07:55.981,0,0,0,0,67301,0,0,0,N,0,0,0,1,67301,0,,2,1,,N,N,,0,,0,0,0,0,0,,1715,0,1,0,0,0,0,0,3,4,0,1,3,,N,,,,,,,,,,,
2006057215,1518.0,3,0,0,0,0,0,0,0,0,6,0,,67,3,2006,4,40.0255,-75.1235,1514.0,6,0,0,0,0,0,1,0,1,,0,0,0,14,1,1,5,,0.0,40 01:33.000,,0,75 07:24.536,8,0,0,0,67301,0,0,0,N,0,0,0,6,67301,0,,1,1,,N,N,,0,,0,0,0,3,2,,1450,1,3,0,0,0,1,0,3,4,0,3,3,,N,,,,,,,,,,,
2006093902,1405.0,1,0,0,0,0,0,0,0,0,2,0,,67,8,2006,2,40.0278,-75.0601,1359.0,6,0,0,0,0,0,0,0,0,,0,0,0,99,1,1,2,,0.0,40 01:40.000,,0,75 03:36.065,4,0,0,0,67301,0,0,0,N,0,0,0,3,67301,1,,1,1,,N,N,,1,,0,0,0,3,3,,9999,1,2,0,0,0,0,0,3,4,0,2,3,,N,,,,,,,,,,,
2006054942,1631.0,1,0,0,0,0,0,0,0,0,4,0,,67,3,2006,5,,,1630.0,6,0,0,0,0,0,0,0,0,,0,0,0,16,1,1,1,,0.0,,,0,,4,0,0,0,67301,0,0,0,,0,0,0,2,67301,1,,1,1,,,,,0,,0,0,0,3,3,,1630,1,2,0,0,0,0,0,3,3,1,2,3,,N,,,,,,,,,,,
2006055091,1738.0,2,0,0,0,0,0,0,0,0,4,0,,67,3,2006,4,39.9356,-75.1785,1732.0,6,0,0,0,0,0,0,0,0,,0,0,0,17,1,1,2,,0.0,39 56:08.001,,0,75 10:42.614,2,0,0,0,67301,0,0,0,N,0,0,0,3,67301,0,,1,1,,N,N,,0,,0,1,0,3,2,,1728,1,2,0,0,0,0,0,3,4,0,2,3,,N,,,,,,,,,,,
2006055096,1745.0,2,0,0,0,0,0,0,0,0,4,0,,67,4,2006,2,,,1733.0,6,0,0,0,0,0,0,0,0,,0,0,0,17,1,1,2,,0.0,,,0,,4,0,0,0,67301,0,0,0,N,0,0,0,4,67301,1,,1,1,,N,N,,0,,0,0,0,3,3,,1730,1,2,0,0,0,0,0,3,3,0,2,3,,N,,,,,,,,,,,
2006055121,1830.0,2,0,0,0,0,0,0,0,0,2,0,,67,4,2006,5,39.9877,-75.2162,1827.0,6,0,0,0,0,0,0,1,0,,0,0,0,18,1,0,2,,0.0,39 59:15.000,,0,75 12:58.257,0,0,0,0,67301,0,0,0,N,0,0,0,2,67301,0,,1,1,,N,N,,0,,0,0,0,3,2,,1826,0,2,0,0,0,0,0,3,4,0,2,3,,N,,,,,,,,,,,
2006055138,1820.0,1,0,0,0,0,0,0,0,0,8,0,,67,4,2006,5,40.0262,-75.1099,1808.0,6,0,0,0,0,0,0,0,0,,0,0,0,18,1,1,0,,0.0,40 01:34.327,,0,75 06:35.500,3,0,0,0,67301,1,0,0,N,1,0,0,2,67301,0,,1,1,,N,N,,0,,1,0,0,0,0,,1815,1,2,0,0,0,0,0,3,4,0,1,98,,N,,,,,,,,,,,
2006055149,135.0,3,0,0,0,0,0,0,0,0,4,0,,67,3,2006,4,,,128.0,6,0,0,0,0,0,1,0,0,,0,0,0,99,1,5,1,,0.0,,,0,,4,0,0,0,67301,4,0,0,N,0,0,0,7,67301,5,,1,1,,N,N,,0,,0,0,0,3,3,,9999,5,3,0,0,0,0,0,3,3,0,3,3,,N,,,,,,,,,,,
2006055281,1040.0,3,0,0,0,0,0,0,0,0,6,0,,67,4,2006,6,,,1035.0,6,0,0,0,0,0,1,0,0,2.0,0,0,0,10,1,4,1,,2.0,,4.0,0,,2,0,0,0,67301,0,0,0,,0,0,0,4,67301,2,,1,1,,N,N,,0,,1,1,1,0,0,Y,1020,4,4,0,0,0,0,0,3,3,0,4,3,,N,,,,,,,,,,,
2006094096,9999.0,2,0,0,0,0,0,0,0,0,4,0,,67,8,2006,3,39.991,-75.1561,1200.0,6,0,0,0,0,0,1,0,0,,0,0,0,13,1,1,1,,0.0,39 59:27.542,,0,75 09:22.060,8,0,0,0,67301,0,0,0,N,0,0,0,2,67301,0,,1,1,,N,N,,0,,0,0,0,0,0,,1300,1,2,0,0,0,1,1,3,4,0,2,99,,N,,,,,,,,,,,
2006055297,1925.0,2,0,0,0,0,0,0,0,0,2,0,,67,5,2006,2,40.0808,-75.0286,1918.0,6,0,0,0,0,0,0,0,0,,0,0,0,19,1,4,1,,0.0,40 04:50.000,,0,75 01:42.294,4,0,0,0,67301,0,0,0,,0,0,0,4,67301,4,,1,1,,,,,0,,0,0,0,3,2,,1901,4,2,0,0,0,0,0,3,4,0,2,3,,N,,,,,,,,,,,
2006055070,2005.0,2,0,0,0,0,0,0,0,0,4,0,,67,3,2006,1,39.9507,-75.1627,2003.0,6,0,0,0,0,0,0,0,0,,0,0,0,20,3,0,1,,0.0,39 57:02.000,,0,75 09:45.639,0,0,0,0,67301,0,0,0,,0,0,0,2,67301,0,,1,1,,N,N,,0,,0,0,0,3,2,,2000,0,2,0,0,0,0,0,3,4,0,2,3,,N,,,,,,,,,,,
2006094209,1530.0,1,0,0,0,0,0,0,0,0,8,0,,67,6,2006,2,,,1526.0,6,0,0,0,0,0,0,0,0,,0,0,0,15,1,1,1,,0.0,,,0,,4,0,0,0,67301,1,0,0,N,1,0,0,2,67301,1,,1,1,,N,N,,0,,0,0,0,3,3,,1520,1,2,0,0,0,0,0,3,3,0,1,3,,N,,,,,,,,,,,
2006094222,1653.0,1,0,0,0,0,0,0,0,0,7,0,,67,8,2006,5,39.9946,-75.0712,1649.0,6,0,0,0,0,0,0,0,0,,0,0,0,99,1,0,0,,0.0,39 59:40.725,,0,75 04:16.233,0,0,0,0,67301,0,0,0,N,0,0,0,1,67301,0,,4,1,,N,N,,0,,0,0,0,0,0,,9999,0,1,0,0,0,0,0,3,4,0,1,3,,N,,,,,,,,,,,
2006102488,1450.0,2,0,0,0,0,0,0,0,0,4,0,,67,9,2006,4,40.0638,-75.1729,1445.0,6,0,0,0,0,0,0,0,2,,0,0,0,14,1,1,1,,0.0,40 03:49.000,,0,75 10:22.328,8,0,0,0,67301,0,0,0,N,0,0,0,4,67301,0,,1,1,,N,N,,0,,0,0,0,3,3,,1435,1,2,0,0,0,1,0,3,4,0,2,3,,N,,,,,,,,,,,
2006102495,2136.0,2,0,0,0,0,0,0,0,0,7,0,,67,9,2006,2,39.957,-75.2255,2135.0,6,0,0,1,0,0,0,0,0,,0,0,0,21,3,1,1,,0.0,39 57:25.000,,0,75 13:31.920,3,0,0,0,67301,0,0,0,N,0,0,0,2,67301,0,,5,1,,N,N,,0,,1,0,0,3,2,,2135,1,2,0,0,0,0,0,3,4,0,2,3,,N,,,,,,,,,,,
2006102503,1638.0,2,0,0,0,0,0,0,0,0,4,0,,67,8,2006,1,39.9578,-75.2193,1634.0,6,0,0,0,0,0,1,0,0,,0,0,0,16,1,2,2,,0.0,39 57:28.000,,0,75 13:09.430,8,0,0,0,67301,0,0,0,N,0,0,0,4,67301,0,,1,1,,N,N,,0,,0,0,0,3,2,,1634,2,2,0,0,0,2,0,3,4,0,2,3,,N,,,,,,,,,,,
2006102219,1720.0,2,0,0,0,0,0,0,0,0,4,0,,67,9,2006,1,40.0351,-75.0695,1720.0,6,0,0,0,0,1,0,0,0,,0,0,0,17,1,2,2,,0.0,40 02:06.000,,0,75 04:10.269,2,0,0,0,67301,0,0,0,N,0,0,0,4,67301,0,,1,1,,N,N,,0,,0,2,0,2,2,,1700,2,2,0,0,0,0,0,3,4,0,2,3,,N,,,,,,,,,,,
2006124609,1626.0,1,0,0,0,0,0,0,0,0,8,0,,67,9,2006,2,,,1624.0,6,0,0,0,0,0,0,1,0,2.0,0,0,0,16,1,1,0,,1.0,,1.0,0,,8,0,0,0,67301,1,0,0,N,1,0,0,2,67301,0,,1,1,,N,N,,0,,0,0,0,0,0,Y,1621,1,2,0,0,0,1,0,3,3,0,1,3,,N,,,,,,,,,,,
2006115153,1033.0,1,0,0,0,0,0,0,0,0,4,0,,67,9,2006,7,40.0296,-75.1691,1028.0,6,0,0,0,0,0,0,0,0,,0,0,0,10,1,1,0,,0.0,40 01:46.631,,7,75 10:08.754,4,0,0,0,67301,0,0,0,N,0,0,0,2,23301,1,,5,1,,N,N,,1,,0,0,0,0,0,,1020,1,2,0,0,0,0,0,3,4,0,2,3,,N,,,,,,,,,,,
2006112713,917.0,1,0,0,0,0,0,0,0,0,4,1,,67,9,2006,6,40.0026,-75.1244,900.0,6,0,0,0,0,0,0,0,0,,0,1,0,9,1,1,2,,0.0,40 00:09.000,,0,75 07:28.048,4,0,0,0,67301,0,0,0,N,0,0,0,2,67301,1,,1,9,,N,N,,0,,0,0,0,3,2,,900,1,2,0,0,1,0,0,3,4,0,2,7,,N,,,,,,,,,,,
2006124925,1208.0,1,0,0,0,0,0,0,0,0,8,0,,67,10,2006,4,,,1204.0,6,0,0,0,0,0,0,0,0,,0,0,0,11,1,1,1,,0.0,,,0,,4,0,0,0,67301,1,0,0,N,1,0,0,2,67301,1,,1,1,,N,N,,0,,0,0,0,3,2,,1148,1,2,0,0,0,0,0,3,3,0,1,3,,N,,,,,,,,,,,
2006127141,1555.0,2,0,0,0,0,0,0,0,0,1,0,,67,10,2006,6,39.9722,-75.1249,1557.0,6,0,0,0,0,0,0,1,0,1.0,0,0,0,15,1,1,0,,1.0,39 58:26.158,3.0,0,75 07:11.380,4,0,0,0,67301,0,0,0,N,0,0,0,2,67301,1,,1,1,,N,N,,0,,0,0,0,0,0,N,1555,1,2,0,0,0,0,0,3,4,0,2,3,,N,,,,,,,,,,,
2006125026,2159.0,1,0,0,0,0,0,0,0,0,8,0,,67,11,2006,5,39.9538,-75.2002,2157.0,6,0,0,0,0,0,0,0,0,,0,0,0,21,3,1,2,,0.0,39 57:13.000,,0,75 12:00.695,4,0,0,0,67301,1,0,0,N,1,0,0,2,67301,1,,1,1,,N,N,,0,,0,0,0,3,2,,2135,1,2,0,0,0,0,0,3,4,0,1,3,,N,,,,,,,,,,,
2006124717,900.0,2,0,0,0,0,0,0,0,0,4,0,,67,10,2006,3,40.0298,-75.06,847.0,6,0,0,0,0,0,0,0,0,,0,0,0,99,1,3,1,,0.0,40 01:47.000,,0,75 03:36.513,3,0,0,0,67301,0,0,0,N,0,0,0,4,67301,0,,1,1,,N,N,,0,,3,0,0,3,2,,9999,3,2,0,0,0,0,0,3,4,0,2,3,,N,,,,,,,,,,,
2006124720,1740.0,1,0,0,0,0,0,0,0,0,1,0,,67,10,2006,6,40.0675,-75.1794,1726.0,6,0,0,0,0,0,0,0,0,,0,0,0,17,1,1,0,,0.0,40 04:03.154,,0,75 10:45.836,4,0,0,0,67301,0,0,0,N,0,0,0,3,67301,1,,1,9,,N,N,,0,,0,0,1,3,2,,1710,1,2,0,0,0,0,0,3,4,0,2,7,,N,,,,,,,,,,,
2006124726,1740.0,2,0,0,0,0,0,0,0,0,4,0,,67,11,2006,6,40.0638,-75.1729,1735.0,6,0,0,0,0,0,1,0,0,,0,0,0,17,3,1,1,,0.0,40 03:49.000,,0,75 10:22.328,8,0,0,0,67301,0,0,0,N,0,0,0,2,67301,0,,1,1,,N,N,,0,,0,0,0,3,3,,1730,1,2,0,0,0,1,0,3,4,0,2,3,,N,,,,,,,,,,,