CRN,ARRIVAL_TM,AUTOMOBILE_COUNT,BELTED_DEATH_COUNT,BELTED_SUSP_SERIOUS_INJ_COUNT,BICYCLE_COUNT,BICYCLE_DEATH_COUNT,BICYCLE_SUSP_SERIOUS_INJ_COUNT,BUS_COUNT,CHLDPAS_DEATH_COUNT,CHLDPAS_SUSP_SERIOUS_INJ_COUNT,COLLISION_TYPE,COMM_VEH_COUNT,CONS_ZONE_SPD_LIM,COUNTY,CRASH_MONTH,CRASH_YEAR,DAY_OF_WEEK,DEC_LAT,DEC_LONG,DISPATCH_TM,DISTRICT,DRIVER_COUNT_16YR,DRIVER_COUNT_17YR,DRIVER_COUNT_18YR,DRIVER_COUNT_19YR,DRIVER_COUNT_20YR,DRIVER_COUNT_50_64YR,DRIVER_COUNT_65_74YR,DRIVER_COUNT_75PLUS,EST_HRS_CLOSED,FATAL_COUNT,HEAVY_TRUCK_COUNT,HORSE_BUGGY_COUNT,HOUR_OF_DAY,ILLUMINATION,INJURY_COUNT,INTERSECT_TYPE,INTERSECTION_RELATED,LANE_CLOSED,LATITUDE,LN_CLOSE_DIR,LOCATION_TYPE,LONGITUDE,MAX_SEVERITY_LEVEL,MCYCLE_DEATH_COUNT,MCYCLE_SUSP_SERIOUS_INJ_COUNT,MOTORCYCLE_COUNT,MUNICIPALITY,NONMOTR_COUNT,NONMOTR_DEATH_COUNT,NONMOTR_SUSP_SERIOUS_INJ_COUNT,NTFY_HIWY_MAINT,PED_COUNT,PED_DEATH_COUNT,PED_SUSP_SERIOUS_INJ_COUNT,PERSON_COUNT,POLICE_AGCY,POSSIBLE_INJ_COUNT,RDWY_SURF_TYPE_CD,RELATION_TO_ROAD,ROAD_CONDITION,ROADWAY_CLEARED,SCH_BUS_IND,SCH_ZONE_IND,SECONDARY_CRASH,SMALL_TRUCK_COUNT,SPEC_JURIS_CD,SUSP_MINOR_INJ_COUNT,SUSP_SERIOUS_INJ_COUNT,SUV_COUNT,TCD_FUNC_CD,TCD_TYPE,TFC_DETOUR_IND,TIME_OF_DAY,TOT_INJ_COUNT,TOTAL_UNITS,UNB_DEATH_COUNT,UNB_SUSP_SERIOUS_INJ_COUNT,UNBELTED_OCC_COUNT,UNK_INJ_DEG_COUNT,UNK_INJ_PER_COUNT,URBAN_AREA,URBAN_RURAL,VAN_COUNT,VEHICLE_COUNT,WEATHER1,WEATHER2,WORK_ZONE_IND,WORK_ZONE_LOC,WORK_ZONE_TYPE,WORKERS_PRES,WZ_CLOSE_DETOUR,WZ_FLAGGER,WZ_LAW_OFFCR_IND,WZ_LN_CLOSURE,WZ_MOVING,WZ_OTHER,WZ_SHLDER_MDN,WZ_WORKERS_INJ_KILLED
2006113826,1338.0,1,0,0,1,0,0,0,0,0,4,0,,67,9,2006,1,39.995,-75.1267,1333.0,6,0,0,0,0,0,1,0,0,,0,0,0,13,1,1,2,,0.0,39 59:42.129,,0,75 07:36.296,4,0,0,0,67301,1,0,0,N,0,0,0,5,67301,1,,1,1,,N,N,,0,,0,0,0,0,0,,1331,1,2,0,0,0,0,0,3,4,0,1,3,,N,,,,,,,,,,,
2006062241,318.0,2,0,0,0,0,0,0,0,0,5,0,,67,2,2006,1,39.9617,-75.1365,315.0,6,0,0,0,0,0,0,0,0,,0,0,0,2,3,0,1,,0.0,39 57:41.000,,0,75 08:12.231,9,0,0,0,67301,0,0,0,N,0,0,0,4,67301,0,,1,1,,N,N,,0,,0,0,0,0,0,,230,0,2,0,0,0,0,2,3,4,0,2,3,,N,,,,,,,,,,,
2006054715,2052.0,1,0,0,0,0,0,0,0,0,8,0,,67,4,2006,7,39.9204,-75.2329,2047.0,6,0,0,0,0,0,0,0,0,1.0,0,0,0,20,3,1,1,,1.0,39 55:13.000,3.0,0,75 13:58.758,3,0,0,0,67301,1,0,0,N,1,0,0,2,67301,0,,1,1,,N,N,,0,,1,0,0,3,2,N,2042,1,2,0,0,0,0,0,3,4,0,1,3,,N,,,,,,,,,,,
2006062380,2220.0,2,0,0,0,0,0,0,0,0,1,0,,67,5,2006,7,40.0433,-75.1037,2218.0,6,0,0,0,0,0,0,0,0,,0,0,0,22,3,2,2,,0.0,40 02:35.000,,0,75 06:13.334,8,0,0,0,67301,0,0,0,N,0,0,0,2,67301,0,,1,1,,N,N,,0,,0,0,0,0,0,,2215,2,2,0,0,0,2,0,3,4,0,2,3,,N,,,,,,,,,,,
2006062514,1853.0,1,0,0,1,0,0,0,0,0,4,0,,67,5,2006,6,39.9527,-75.1787,1850.0,6,0,0,0,0,0,0,0,0,,0,0,0,18,1,1,0,,0.0,39 57:09.720,,0,75 10:43.320,4,0,0,0,67301,1,0,0,N,0,0,0,2,67301,1,,1,1,,N,N,,0,,0,0,0,0,0,,1847,1,2,0,0,1,0,0,3,4,0,1,3,,N,,,,,,,,,,,
2006093914,800.0,1,0,0,0,0,0,0,0,0,4,0,,67,7,2006,6,,,946.0,6,0,0,0,0,0,0,0,0,,0,0,0,7,1,3,1,,0.0,,,0,,4,0,0,0,67301,0,0,0,N,0,0,0,5,67301,3,,1,1,,N,N,,1,,0,0,0,3,2,,746,3,2,0,0,1,0,0,3,3,0,2,3,,N,,,,,,,,,,,
2006054983,836.0,2,0,0,0,0,0,0,0,0,7,0,,67,2,2006,2,40.0983,-75.0111,826.0,6,0,0,0,0,0,0,0,0,1.0,0,0,0,8,1,1,0,,1.0,40 05:54.240,1.0,0,75 00:39.600,4,0,0,0,67301,0,0,0,N,0,0,0,2,67301,1,,2,1,,N,N,,0,,0,0,0,0,0,N,808,1,2,0,0,0,0,0,3,4,0,2,3,,N,,,,,,,,,,,
2006055092,305.0,2,0,0,0,0,0,0,0,0,4,0,,67,3,2006,7,39.9704,-75.1465,300.0,6,0,0,0,0,0,0,0,0,,0,0,0,2,3,1,1,,0.0,39 58:13.000,,0,75 08:47.408,8,0,0,0,67301,0,0,0,,0,0,0,3,67301,0,,1,1,,,,,0,,0,0,0,0,0,,255,1,2,0,0,0,1,0,3,4,0,2,3,,N,,,,,,,,,,,
2006055097,1215.0,2,0,0,0,0,0,0,0,0,1,0,,67,4,2006,4,40.0017,-75.1528,1210.0,6,0,0,0,0,0,0,0,0,,0,0,0,12,1,0,0,,0.0,40 00:06.000,,0,75 09:10.409,0,0,0,0,67301,0,0,0,N,0,0,0,2,67301,0,,1,1,,N,N,,0,,0,0,0,0,0,,1205,0,2,0,0,2,0,0,3,4,0,2,3,,N,,,,,,,,,,,
2006055306,1115.0,2,0,0,0,0,0,0,0,0,1,0,,67,4,2006,7,40.0385,-75.1916,1103.0,6,0,0,0,0,0,2,0,0,2.0,0,0,0,11,1,7,0,,2.0,40 02:18.240,5.0,0,75 11:29.760,4,0,0,0,67301,0,0,0,N,0,0,0,9,67301,7,,1,9,,N,N,,1,,0,0,0,0,0,Y,1100,7,3,0,0,0,0,0,3,4,0,3,7,,N,,,,,,,,,,,
2006094148,1153.0,2,0,0,0,0,0,0,0,0,2,0,,67,7,2006,4,40.0144,-75.153,1153.0,6,0,0,0,0,0,0,0,0,,0,0,0,11,1,1,2,,0.0,40 00:51.708,,0,75 09:10.931,4,0,0,0,67301,0,0,0,,0,0,0,3,67301,1,,1,1,,,,,0,,0,0,0,9,3,,1122,1,2,0,0,3,0,0,3,4,0,2,3,,N,,,,,,,,,,,
2006094161,2054.0,0,0,0,0,0,0,0,0,0,8,0,,67,7,2006,2,39.9858,-75.1248,9999.0,6,0,0,0,0,0,0,0,0,,0,0,0,10,1,1,1,,0.0,39 59:08.934,,0,75 07:29.121,4,0,0,0,67301,1,0,0,N,1,0,0,2,67301,1,,9,1,,N,N,,1,,0,0,0,9,3,,1000,1,2,0,0,0,0,0,3,4,0,1,3,,N,,,,,,,,,,,
2006084176,102.0,2,0,0,0,0,0,0,0,0,8,0,40.0,67,5,2006,7,40.0958,-74.9825,55.0,6,0,0,0,0,0,0,0,0,5.0,1,0,0,0,3,2,0,,2.0,40 05:44.000,3.0,0,74 58:56.089,1,0,0,0,67301,1,1,0,N,1,1,0,3,67301,0,1.0,1,1,,N,N,,0,0.0,0,0,0,0,0,Y,50,2,3,0,0,0,2,0,3,4,0,2,3,,Y,4.0,1.0,N,,,N,,,,Y,
2006126311,155.0,3,0,0,0,0,0,0,0,0,7,0,,67,10,2006,6,40.0278,-75.2198,150.0,6,0,0,0,1,0,0,0,0,,0,0,0,1,3,4,0,,0.0,40 01:39.948,,0,75 13:11.432,4,0,0,0,67301,0,0,0,N,0,0,0,5,67301,4,,5,9,,N,N,,0,,0,0,0,0,0,,150,4,3,0,0,0,0,1,3,4,0,3,7,,N,,,,,,,,,,,
2006066202,2115.0,0,0,0,0,0,0,0,0,0,7,0,,67,5,2006,5,,,2110.0,6,0,0,0,0,0,0,0,0,,0,0,0,99,3,1,0,,0.0,,,0,,2,0,1,1,67301,0,0,0,N,0,0,0,1,67301,0,,4,1,,N,N,,0,,0,1,0,0,0,,9999,1,1,0,0,0,0,0,3,3,0,1,3,,N,,,,,,,,,,,
2006064168,1220.0,3,0,0,0,0,0,0,0,0,5,0,,67,4,2006,4,,,1218.0,6,0,0,0,0,0,0,1,0,,0,0,0,11,1,1,0,,0.0,,,0,,8,0,0,0,67301,0,0,0,N,0,0,0,1,67301,0,,1,1,,N,N,,1,,0,0,0,3,3,,1130,1,4,0,0,0,1,0,3,3,0,4,3,,N,,,,,,,,,,,
2006033809,730.0,1,0,0,0,0,0,0,0,0,8,0,,67,2,2006,6,39.9177,-75.1784,725.0,6,0,1,0,0,0,0,0,0,,0,0,0,7,1,1,2,,0.0,39 55:03.565,,0,75 10:42.218,8,0,0,0,67301,1,0,0,,1,0,0,4,67301,0,,1,1,,N,N,,0,,0,0,0,0,0,,725,1,2,0,0,0,1,0,3,4,0,1,3,,N,,,,,,,,,,,
2006033760,755.0,1,0,0,0,0,0,0,0,0,4,0,,67,1,2006,5,39.9038,-75.2405,745.0,6,0,0,0,0,0,2,0,0,,0,0,0,7,1,1,0,,0.0,39 54:13.773,,0,75 14:25.807,8,0,0,0,67301,0,0,0,,0,0,0,2,67301,0,,1,1,,N,N,,0,,0,0,0,0,0,,744,1,2,0,0,0,1,0,3,4,1,2,3,,N,,,,,,,,,,,
2006034188,715.0,1,0,0,0,0,0,0,0,0,4,0,,67,1,2006,2,,,715.0,6,0,0,0,0,0,2,0,0,,0,0,0,7,1,1,1,,0.0,,,0,,8,0,0,0,67301,0,0,0,N,0,0,0,2,67301,0,,1,9,,N,N,,0,,0,0,1,3,3,,710,1,2,0,0,0,1,0,3,3,0,2,7,,N,,,,,,,,,,,
2006034195,2140.0,2,0,0,0,0,0,0,0,0,4,0,,67,2,2006,7,40.0153,-75.1983,2134.0,6,0,0,0,0,0,0,1,0,1.0,0,0,0,21,2,1,2,,1.0,40 00:54.950,6.0,0,75 11:53.843,8,0,0,0,67301,0,0,0,N,0,0,0,4,67301,0,,1,9,,N,N,,0,,0,0,0,3,3,N,2124,1,2,0,0,0,1,3,3,4,0,2,7,,N,,,,,,,,,,,
2006036627,754.0,1,0,0,0,0,0,1,0,0,1,0,,67,3,2006,3,40.024,-75.1596,748.0,6,0,0,0,0,0,1,0,0,,0,0,0,7,1,0,1,,0.0,40 01:26.000,,0,75 09:34.648,9,0,0,0,67301,0,0,0,N,0,0,0,14,67301,0,,2,1,,N,N,,0,,0,0,0,3,2,,745,0,2,0,0,0,0,13,3,4,0,2,3,,N,,,,,,,,,,,
2006036635,18.0,1,0,0,0,0,0,0,0,0,7,0,,67,2,2006,7,40.0876,-75.212,16.0,6,0,0,0,0,0,0,0,0,,0,0,0,0,3,1,0,,0.0,40 05:15.248,,0,75 12:43.095,8,0,0,0,67301,0,0,0,N,0,0,0,1,67301,0,,5,1,,N,N,,0,,0,0,0,0,0,,15,1,1,0,0,0,1,0,3,4,0,1,3,,N,,,,,,,,,,,
2006036657,1635.0,1,0,0,1,0,0,0,0,0,4,0,,67,3,2006,7,40.0649,-75.1533,1635.0,6,0,0,0,0,0,0,0,0,,0,0,0,16,1,1,0,,0.0,40 03:53.478,,7,75 09:11.966,4,0,0,0,67301,1,0,0,N,0,0,0,2,67301,1,,1,1,,N,N,,0,,0,0,0,0,0,,1615,1,2,0,0,0,0,0,3,4,0,1,3,,N,,,,,,,,,,,
2006036663,2018.0,2,0,0,0,0,0,0,0,0,4,0,,67,2,2006,5,40.0481,-75.0691,2015.0,6,0,0,0,0,0,0,0,0,1.0,0,0,0,20,3,1,1,,2.0,40 02:53.000,5.0,0,75 04:08.598,8,0,0,0,67301,0,0,0,N,0,0,0,2,67301,0,,1,1,,N,N,,0,,0,0,0,3,2,Y,2010,1,2,0,0,0,1,1,3,4,0,2,3,,N,,,,,,,,,,,
2006102762,1820.0,1,0,0,0,0,0,0,0,0,8,0,,67,8,2006,7,40.0368,-75.0407,1814.0,6,0,0,0,0,0,0,0,0,,0,0,0,15,1,1,1,,0.0,40 02:12.000,,0,75 02:27.049,3,0,0,0,67301,1,0,0,N,1,0,0,2,67301,0,,1,1,,N,N,,0,,1,0,0,9,2,,1515,1,2,0,0,0,0,1,3,4,0,1,3,,N,,,,,,,,,,,
2006103132,12.0,1,0,0,0,0,0,0,0,0,6,0,,67,9,2006,7,,,2359.0,6,0,0,0,0,0,0,0,0,,0,0,0,22,3,0,0,,0.0,,,0,,0,0,0,0,67301,0,0,0,N,0,0,0,2,67301,0,,1,1,,N,N,,0,,0,0,1,0,0,,2242,0,2,0,0,0,0,0,3,3,0,2,3,,N,,,,,,,,,,,
2006103148,1205.0,0,0,0,0,0,0,0,0,0,8,0,,67,8,2006,2,,,1201.0,6,0,0,0,0,0,1,0,0,,0,0,0,11,1,1,0,,0.0,,,0,,4,0,0,0,67301,1,0,0,N,1,0,0,2,67301,1,,1,1,,N,N,,0,,0,0,1,0,0,,1159,1,2,0,0,0,0,0,3,3,0,1,3,,N,,,,,,,,,,,
2006103165,1920.0,2,0,0,0,0,0,0,0,0,4,0,,67,9,2006,1,40.021,-75.0868,1916.0,6,0,0,1,0,0,0,0,0,,0,0,0,18,1,2,1,,0.0,40 01:15.542,,0,75 05:12.577,8,0,0,0,67301,0,0,0,N,0,0,0,5,67301,0,,1,1,,N,N,,0,,0,0,1,9,3,,1851,2,3,0,0,0,2,3,3,4,0,3,3,,N,,,,,,,,,,,
2006103247,320.0,4,0,0,0,0,0,0,0,0,6,0,,67,8,2006,1,,,315.0,6,0,0,0,0,0,0,0,0,,0,0,0,3,3,2,0,,0.0,,,0,,4,0,0,0,67301,2,0,0,N,0,0,0,3,67301,1,,6,1,,N,N,,0,,0,0,0,9,2,,315,2,4,0,0,0,1,0,3,3,0,4,3,,N,,,,,,,,,,,
2006042410,1319.0,0,0,0,0,0,0,0,0,0,5,1,,67,3,2006,4,,,1319.0,6,0,0,0,0,0,0,0,0,,0,1,0,13,1,1,0,,0.0,,,0,,4,0,0,0,67301,0,0,0,N,0,0,0,2,67501,1,,1,1,,N,N,,0,,0,0,1,0,0,,1319,1,2,0,0,0,0,0,3,3,0,2,3,,N,,,,,,,,,,,
2006079272,2155.0,2,0,0,0,0,0,0,0,0,4,0,,67,6,2006,1,39.9606,-75.1414,2155.0,6,0,0,0,0,0,0,0,0,,0,0,0,21,1,0,1,,0.0,39 57:38.047,,0,75 08:28.964,0,0,0,0,67301,0,0,0,N,0,0,0,2,67301,0,,1,1,,N,N,,0,,0,0,0,3,2,,2150,0,2,0,0,0,0,0,3,4,0,2,3,,N,,,,,,,,,,,
2006056332,1112.0,1,0,0,0,0,0,0,0,0,8,0,,67,3,2006,1,,,1058.0,6,0,0,0,0,0,0,0,0,,0,0,0,18,1,1,0,,0.0,,,7,,4,0,0,0,67301,1,0,0,N,1,0,0,2,67301,1,,1,1,,N,N,,0,,0,0,0,3,4,,1830,1,2,0,0,0,0,0,3,3,0,1,3,,N,,,,,,,,,,,
2006053990,1350.0,2,0,0,0,0,0,0,0,0,1,0,,67,4,2006,6,,,1345.0,6,0,0,0,0,0,1,0,0,,0,0,0,13,1,1,1,,0.0,,,0,,4,0,0,0,67301,0,0,0,,0,0,0,3,67301,1,,1,1,,,,,0,,0,0,1,3,2,,1330,1,3,0,0,3,0,0,3,3,0,3,3,,N,,,,,,,,,,,
2006054004,1820.0,2,0,0,0,0,0,0,0,0,2,0,,67,4,2006,7,40.0466,-75.0816,1815.0,6,0,0,0,0,1,0,0,0,,0,0,0,18,4,1,1,,0.0,40 02:47.673,,0,75 04:53.853,8,0,0,0,67301,0,0,0,,0,0,0,6,67301,0,,1,9,,,,,0,,0,0,0,3,3,,1805,1,2,0,0,0,1,0,3,4,0,2,7,,N,,,,,,,,,,,
2006092918,1351.0,2,0,0,0,0,0,0,0,0,4,0,,67,7,2006,4,,,1350.0,6,0,0,0,0,0,1,0,0,1.0,0,0,0,13,1,2,1,,1.0,,4.0,0,,4,0,0,0,67301,0,0,0,N,0,0,0,2,67301,1,,1,1,,N,N,,0,,0,0,0,3,3,N,1347,2,2,0,0,0,1,0,3,3,0,2,3,,N,,,,,,,,,,,
2006033411,256.0,0,0,0,0,0,0,0,0,0,7,0,,67,2,2006,2,39.9873,-75.2076,252.0,6,0,0,0,0,0,0,0,0,,0,0,0,2,3,0,0,,0.0,39 59:18.000,,0,75 12:24.495,0,0,0,0,67301,0,0,0,,0,0,0,1,67301,0,,2,1,,N,N,,0,,0,0,1,0,0,,250,0,1,0,0,0,0,0,3,4,0,1,3,,N,,,,,,,,,,,
2006033318,1305.0,1,0,0,0,0,0,0,0,0,4,0,,67,2,2006,7,39.9739,-75.2064,1300.0,6,0,0,0,0,0,0,0,0,,0,0,0,12,1,3,1,,0.0,39 58:26.145,,0,75 12:23.120,4,0,0,0,67301,0,0,0,N,0,0,0,3,67301,3,,1,1,,N,N,,0,,0,0,1,3,2,,1255,3,2,0,0,0,0,0,3,4,0,2,3,,N,,,,,,,,,,,
2006032853,25.0,2,0,0,0,0,0,0,0,0,1,0,,67,2,2006,2,,,24.0,6,0,0,1,0,0,1,0,0,,0,0,0,0,3,1,1,,0.0,,,0,,8,0,0,0,67301,0,0,0,,0,0,0,3,67301,0,,1,1,,N,N,,0,,0,0,0,9,2,,20,1,2,0,0,3,1,0,3,3,0,2,3,,N,,,,,,,,,,,
2006032873,1930.0,2,0,0,0,0,0,0,0,0,4,0,,67,1,2006,2,40.0138,-75.056,1925.0,6,0,0,0,0,0,1,0,0,,0,0,0,19,3,2,1,,0.0,40 00:49.000,,0,75 03:22.127,3,0,0,0,67301,1,0,0,N,1,0,0,3,67301,1,,1,1,,N,N,,0,,1,0,0,3,2,,1936,2,3,0,0,0,0,0,3,4,0,2,3,,N,,,,,,,,,,,
2006023316,1315.0,1,0,0,0,0,0,0,0,0,5,1,,67,1,2006,4,39.9583,-75.1658,1310.0,6,0,0,0,0,0,0,0,0,,0,1,0,13,1,0,7,,0.0,39 57:29.000,,2,75 09:56.740,0,0,0,0,67301,0,0,0,,0,0,0,2,67301,0,,1,1,,N,N,,0,,0,0,0,0,0,,1308,0,2,0,0,0,0,0,3,4,0,2,3,,N,,,,,,,,,,,
2006023318,743.0,2,0,0,0,0,0,0,0,0,5,1,,67,1,2006,5,,,741.0,6,0,0,0,0,0,0,0,0,1.0,0,1,0,7,1,0,0,,2.0,,3.0,3,,9,0,0,0,67301,0,0,0,,0,0,0,3,67501,0,,1,1,,N,N,,0,,0,0,0,2,8,N,740,0,3,0,0,0,0,1,3,3,0,3,3,,N,,,,,,,,,,,
2006053641,1105.0,2,0,0,0,0,0,0,0,0,4,0,,67,4,2006,7,40.1141,-74.9877,2056.0,6,0,1,0,0,0,0,0,0,,0,0,0,20,2,3,1,,0.0,40 06:50.000,,0,74 59:15.144,3,0,0,0,67301,0,0,0,N,0,0,0,6,67301,2,,1,1,,N,N,,0,,1,0,0,3,2,,2050,3,2,0,0,0,0,0,3,4,0,2,3,,N,,,,,,,,,,,
2006062684,1920.0,0,0,0,0,0,0,0,0,0,4,0,,67,5,2006,4,40.0796,-75.2004,1915.0,6,0,0,0,0,0,1,0,0,,0,0,0,19,1,3,1,,0.0,40 04:46.000,,0,75 12:01.598,4,0,0,0,67301,0,0,0,,0,0,0,3,67301,3,,1,1,,N,N,,0,,0,0,1,3,2,,1910,3,2,0,0,0,0,0,3,4,1,2,3,,N,,,,,,,,,,,
2006065332,2359.0,1,0,0,0,0,0,0,0,0,7,0,,67,5,2006,2,39.8993,-75.1755,2348.0,6,0,0,0,0,0,0,0,0,,0,0,0,23,3,1,2,,0.0,39 53:57.000,,0,75 10:31.770,4,0,0,0,67301,0,0,0,N,0,0,0,1,67301,1,,2,1,,N,N,,0,,0,0,0,3,2,,2340,1,1,0,0,0,0,0,3,4,0,1,3,,N,,,,,,,,,,,
2006065391,814.0,0,0,0,0,0,0,0,0,0,7,0,,67,5,2006,4,40.0868,-74.9718,807.0,6,0,0,0,0,0,0,0,0,,0,0,0,8,1,1,1,,0.0,40 05:12.120,,0,74 58:18.480,4,0,0,0,67301,0,0,0,N,0,0,0,1,67301,1,,4,1,,N,N,,0,,0,0,1,3,2,,800,1,2,0,0,0,0,0,3,4,0,1,3,,N,,,,,,,,,,,
2006055438,1830.0,0,0,0,0,0,0,0,0,0,8,0,,67,2,2006,7,39.9613,-75.2471,1825.0,6,0,0,0,0,0,0,0,0,,0,0,0,18,2,1,2,,0.0,39 57:40.000,,0,75 14:49.656,3,0,0,0,67301,1,0,0,N,1,0,0,2,67301,0,,1,1,,N,N,,0,,1,0,0,3,2,,1810,1,2,0,0,0,0,1,3,4,1,1,3,,N,,,,,,,,,,,
2006055536,1352.0,1,0,0,0,0,0,0,0,0,4,0,,67,3,2006,2,40.028,-75.0574,1346.0,6,0,0,0,0,0,0,0,1,9.0,0,0,0,99,1,2,1,,1.0,40 01:40.752,4.0,0,75 03:26.701,4,0,0,0,67301,0,0,0,N,0,0,0,4,67301,2,,1,1,,N,N,,0,,0,0,1,3,2,N,9999,2,2,0,0,0,0,0,3,4,0,2,3,,N,,,,,,,,,,,
2006055717,2.0,2,0,0,0,0,0,0,0,0,4,0,,67,3,2006,5,,,1.0,6,0,0,0,0,0,0,0,0,,0,0,0,0,3,1,1,,0.0,,,0,,4,0,0,0,67301,0,0,0,Y,0,0,0,2,67301,1,,1,1,,N,N,,0,,0,0,0,0,0,,0,1,2,0,0,1,0,0,3,3,0,2,3,,N,,,,,,,,,,,
2006055796,916.0,1,0,0,0,0,0,1,0,0,5,1,,67,4,2006,3,,,902.0,6,0,0,0,0,0,0,0,0,2.0,0,0,0,9,1,3,10,,2.0,,1.0,0,,3,0,0,0,67301,0,0,0,N,0,0,0,3,67301,1,,1,9,,Y,,,0,,2,0,0,0,0,Y,902,3,2,0,0,0,0,0,3,3,0,2,3,,N,,,,,,,,,,,
2006055797,1933.0,3,0,0,0,0,0,0,0,0,4,0,,67,4,2006,7,39.9804,-75.1179,1931.0,6,0,0,0,0,0,1,0,0,,0,0,0,19,3,1,1,,0.0,39 58:53.000,,0,75 07:02.615,4,0,0,0,67301,0,0,0,N,0,0,0,5,67301,1,,1,9,,N,N,,0,,0,0,0,3,2,,1925,1,3,0,0,0,0,0,3,4,0,3,7,,N,,,,,,,,,,,
2006104916,1215.0,1,0,0,0,0,0,0,0,0,4,0,,67,9,2006,5,39.9998,-75.1391,1211.0,6,0,0,0,0,0,2,0,0,,0,0,0,99,1,1,2,,0.0,39 59:59.000,,0,75 08:20.560,8,0,0,0,67301,0,0,0,,0,0,0,2,67301,0,,1,1,,,,,0,,0,0,1,0,0,,9999,1,2,0,0,0,1,0,3,4,0,2,3,,N,,,,,,,,,,,
2006124561,1214.0,0,0,0,0,0,0,0,0,0,8,0,,67,10,2006,7,39.9916,-75.1483,1207.0,6,0,0,0,0,0,0,0,0,,0,0,0,99,1,2,0,,0.0,39 59:29.688,,0,75 08:53.898,4,0,0,0,67301,2,0,0,N,2,0,0,3,67301,2,,1,1,,N,N,,0,,0,0,0,0,0,,9999,2,3,0,0,0,0,0,3,4,1,1,3,,N,,,,,,,,,,,
2006102197,341.0,2,0,0,0,0,0,0,0,0,1,0,,67,9,2006,1,39.9787,-75.1578,339.0,6,0,0,0,0,0,0,0,0,,0,0,0,3,3,2,1,,0.0,39 58:43.000,,0,75 09:28.075,4,0,0,0,67301,0,0,0,N,0,0,0,2,67301,2,,1,1,,N,N,,0,,0,0,0,9,2,,335,2,2,0,0,0,0,0,3,4,0,2,3,,N,,,,,,,,,,,
2006102229,1535.0,2,0,0,0,0,0,0,0,0,1,0,,67,9,2006,5,40.0313,-75.0926,1530.0,6,0,0,0,0,0,0,0,0,,0,0,0,14,1,1,1,,0.0,40 01:52.820,,0,75 05:33.507,4,0,0,0,67301,0,0,0,N,0,0,0,3,67301,1,,1,1,,N,N,,0,,0,0,0,0,0,,1430,1,2,0,0,0,0,0,3,4,0,2,3,,N,,,,,,,,,,,
2006112742,857.0,2,0,0,0,0,0,0,0,0,1,0,,67,9,2006,2,40.1013,-75.041,857.0,6,0,0,0,0,0,0,0,0,,0,0,0,8,1,0,0,,0.0,40 06:04.000,,0,75 02:27.693,0,0,0,0,67301,0,0,0,N,0,0,0,4,67301,0,,1,1,,N,N,,0,,0,0,0,0,0,,857,0,2,0,0,0,0,0,3,4,0,2,3,,N,,,,,,,,,,,
2006124903,2325.0,0,0,0,0,0,0,0,0,0,5,0,,67,10,2006,3,,,9999.0,6,0,0,0,0,0,0,0,0,,0,0,0,23,3,1,0,,0.0,,,0,,3,0,0,0,67301,0,0,0,N,0,0,0,2,67301,0,,1,1,,N,N,,0,,1,0,0,0,0,,2320,1,4,0,0,1,0,0,3,3,1,4,3,,N,,,,,,,,,,,
2006062213,1830.0,2,0,0,0,0,0,0,0,0,4,0,,67,5,2006,4,39.904,-75.2401,1827.0,6,0,1,0,0,0,0,0,0,,0,0,0,15,1,1,1,,0.0,39 53:55.000,,0,75 14:18.679,4,0,0,0,67301,0,0,0,,0,0,0,3,67301,1,,1,1,,N,N,,0,,0,0,0,3,2,,1530,1,2,0,0,0,0,0,3,4,0,2,3,,N,,,,,,,,,,,
2006054683,1221.0,1,0,0,0,0,0,0,0,0,8,0,,67,3,2006,5,39.9878,-75.1058,1220.0,6,0,0,0,0,0,0,0,0,,0,0,0,11,1,1,1,,0.0,39 59:16.000,,0,75 06:20.865,4,0,0,0,67301,1,0,0,N,1,0,0,2,67301,1,,7,1,,N,N,,0,,0,0,0,3,2,,1115,1,2,0,0,0,0,0,3,4,0,1,3,,N,,,,,,,,,,,
2006062432,1608.0,1,0,0,1,0,0,0,0,0,4,0,,67,5,2006,5,39.9735,-75.2322,1606.0,6,0,0,0,0,0,0,0,0,,0,0,0,99,1,1,0,,0.0,39 58:24.553,,0,75 13:55.811,4,0,0,0,67301,1,0,0,N,0,0,0,2,67301,1,,1,1,,N,N,,0,,0,0,0,0,0,,9999,1,2,0,0,0,0,0,3,4,0,1,3,,N,,,,,,,,,,,
2006062197,1830.0,1,0,0,1,0,0,0,0,0,5,0,,67,5,2006,6,,,1824.0,6,0,0,0,0,0,0,0,0,,0,0,0,17,1,1,0,,0.0,,,0,,4,0,0,0,67301,1,0,0,N,0,0,0,2,67301,1,,1,1,,N,N,,0,,0,0,0,0,0,,1735,1,2,0,0,0,0,0,3,3,0,1,3,,N,,,,,,,,,,,
2006054954,1808.0,2,0,0,0,0,0,0,0,0,2,0,,67,4,2006,4,,,1805.0,6,0,0,0,0,0,0,0,0,2.0,0,0,0,18,1,2,0,,2.0,,2.0,0,,2,0,0,0,67301,0,0,0,N,0,0,0,3,67301,0,,3,1,,N,N,,0,,0,2,0,0,0,Y,1800,2,2,0,2,2,0,0,3,3,0,2,3,,N,,,,,,,,,,,