CRN,ARRIVAL_TM,AUTOMOBILE_COUNT,BELTED_DEATH_COUNT,BELTED_SUSP_SERIOUS_INJ_COUNT,BICYCLE_COUNT,BICYCLE_DEATH_COUNT,BICYCLE_SUSP_SERIOUS_INJ_COUNT,BUS_COUNT,CHLDPAS_DEATH_COUNT,CHLDPAS_SUSP_SERIOUS_INJ_COUNT,COLLISION_TYPE,COMM_VEH_COUNT,CONS_ZONE_SPD_LIM,COUNTY,CRASH_MONTH,CRASH_YEAR,DAY_OF_WEEK,DEC_LAT,DEC_LONG,DISPATCH_TM,DISTRICT,DRIVER_COUNT_16YR,DRIVER_COUNT_17YR,DRIVER_COUNT_18YR,DRIVER_COUNT_19YR,DRIVER_COUNT_20YR,DRIVER_COUNT_50_64YR,DRIVER_COUNT_65_74YR,DRIVER_COUNT_75PLUS,EST_HRS_CLOSED,FATAL_COUNT,HEAVY_TRUCK_COUNT,HORSE_BUGGY_COUNT,HOUR_OF_DAY,ILLUMINATION,INJURY_COUNT,INTERSECT_TYPE,INTERSECTION_RELATED,LANE_CLOSED,LATITUDE,LN_CLOSE_DIR,LOCATION_TYPE,LONGITUDE,MAX_SEVERITY_LEVEL,MCYCLE_DEATH_COUNT,MCYCLE_SUSP_SERIOUS_INJ_COUNT,MOTORCYCLE_COUNT,MUNICIPALITY,NONMOTR_COUNT,NONMOTR_DEATH_COUNT,NONMOTR_SUSP_SERIOUS_INJ_COUNT,NTFY_HIWY_MAINT,PED_COUNT,PED_DEATH_COUNT,PED_SUSP_SERIOUS_INJ_COUNT,PERSON_COUNT,POLICE_AGCY,POSSIBLE_INJ_COUNT,RDWY_SURF_TYPE_CD,RELATION_TO_ROAD,ROAD_CONDITION,ROADWAY_CLEARED,SCH_BUS_IND,SCH_ZONE_IND,SECONDARY_CRASH,SMALL_TRUCK_COUNT,SPEC_JURIS_CD,SUSP_MINOR_INJ_COUNT,SUSP_SERIOUS_INJ_COUNT,SUV_COUNT,TCD_FUNC_CD,TCD_TYPE,TFC_DETOUR_IND,TIME_OF_DAY,TOT_INJ_COUNT,TOTAL_UNITS,UNB_DEATH_COUNT,UNB_SUSP_SERIOUS_INJ_COUNT,UNBELTED_OCC_COUNT,UNK_INJ_DEG_COUNT,UNK_INJ_PER_COUNT,URBAN_AREA,URBAN_RURAL,VAN_COUNT,VEHICLE_COUNT,WEATHER1,WEATHER2,WORK_ZONE_IND,WORK_ZONE_LOC,WORK_ZONE_TYPE,WORKERS_PRES,WZ_CLOSE_DETOUR,WZ_FLAGGER,WZ_LAW_OFFCR_IND,WZ_LN_CLOSURE,WZ_MOVING,WZ_OTHER,WZ_SHLDER_MDN,WZ_WORKERS_INJ_KILLED
2006055124,2201.0,1,0,0,0,0,0,0,0,0,7,0,,67,3,2006,5,39.988,-75.2162,2155.0,6,0,0,0,0,0,0,0,0,,0,0,0,21,3,1,0,,0.0,39 59:16.000,,0,75 12:58.518,4,0,0,0,67301,0,0,0,N,0,0,0,1,67301,1,,5,1,,N,N,,0,,0,0,0,0,0,,2153,1,1,0,0,0,0,0,3,4,0,1,3,,N,,,,,,,,,,,
2006055285,9999.0,1,0,0,0,0,0,0,0,0,4,0,,67,4,2006,7,39.9982,-75.1876,9999.0,6,0,0,0,0,0,0,0,0,,0,0,0,99,1,2,1,,0.0,39 59:54.000,,0,75 11:15.739,3,0,0,0,67301,0,0,0,,0,0,0,2,67301,1,,1,9,,,,,0,,1,0,0,3,2,,9999,2,2,0,0,0,0,0,3,4,1,2,7,,N,,,,,,,,,,,
2006094144,1335.0,1,0,0,0,0,0,0,0,0,6,0,,67,7,2006,1,39.9595,-75.162,1330.0,6,0,0,0,0,0,0,0,0,,0,0,0,13,1,2,1,,0.0,39 57:34.000,,0,75 09:42.740,4,0,0,0,67301,0,0,0,N,0,0,0,2,67301,2,,1,1,,N,N,,0,,0,0,1,3,2,,1325,2,2,0,0,1,0,0,3,4,0,2,3,,N,,,,,,,,,,,
2006094203,1637.0,0,0,0,0,0,0,0,0,0,1,0,,67,7,2006,7,,,1635.0,6,0,0,0,0,0,1,0,0,,0,0,0,16,1,1,0,,0.0,,,0,,3,0,0,0,67301,0,0,0,N,0,0,0,2,67301,0,,1,9,,N,N,,0,,1,0,2,0,0,,1633,1,2,0,0,0,0,0,3,3,0,2,7,,N,,,,,,,,,,,
2006094219,1530.0,1,0,0,0,0,0,0,0,0,8,0,,67,7,2006,7,,,1525.0,6,0,0,0,0,0,0,0,0,,0,0,0,15,1,1,1,,0.0,,,0,,4,0,0,0,67301,1,0,0,N,1,0,0,2,67301,1,,1,9,,N,N,,0,,0,0,0,0,0,,1515,1,2,0,0,0,0,0,3,3,0,1,7,,N,,,,,,,,,,,
2006055222,900.0,2,0,0,0,0,0,0,0,0,5,0,,67,4,2006,2,,,853.0,6,0,0,0,0,0,0,1,0,,0,0,0,8,1,1,1,,0.0,,,0,,8,0,0,0,67301,0,0,0,,0,0,0,2,67301,0,,1,1,,N,N,,0,,0,0,0,9,3,,850,1,2,0,0,0,1,0,3,3,0,2,3,,N,,,,,,,,,,,
2006094403,1700.0,1,0,0,0,0,0,0,0,0,8,0,,67,7,2006,5,39.976,-75.2289,1656.0,6,0,0,0,0,0,0,0,0,,0,0,0,16,1,1,0,,0.0,39 58:33.477,,0,75 13:44.043,4,0,0,0,67301,1,0,0,N,1,0,0,3,67301,1,,1,1,,N,N,,0,,0,0,0,0,0,,1634,1,2,0,0,0,0,0,3,4,0,1,3,,N,,,,,,,,,,,
2006081705,2020.0,0,0,0,1,0,0,0,0,0,4,0,,67,6,2006,6,39.9982,-75.1254,2020.0,6,0,0,0,0,0,0,0,0,1.0,0,0,0,20,3,2,0,,1.0,39 59:53.525,1.0,0,75 07:31.321,3,0,0,0,67301,2,0,0,N,0,0,0,4,67301,0,,1,1,,N,N,,0,,2,0,0,0,0,Y,2019,2,2,0,0,0,0,0,3,4,1,1,3,,N,,,,,,,,,,,
2006116096,55.0,0,0,0,1,0,0,0,0,0,4,0,,67,10,2006,6,39.955,-75.1666,51.0,6,0,0,0,0,0,1,0,0,,0,0,0,0,3,1,1,,0.0,39 57:22.000,,0,75 10:05.916,3,0,0,0,67301,1,0,0,N,0,0,0,2,67301,0,,1,9,,N,N,,0,,1,0,1,3,2,,40,1,2,0,0,0,0,0,3,4,0,1,7,,N,,,,,,,,,,,
2006116099,1401.0,1,0,0,0,0,0,0,0,0,8,0,,67,10,2006,6,39.9913,-75.1465,1400.0,6,0,0,0,0,0,0,0,1,,0,0,0,13,1,1,0,,0.0,39 59:28.712,,0,75 08:47.468,4,0,0,0,67301,1,0,0,N,1,0,0,2,67301,1,,1,9,,N,N,,0,,0,0,0,9,3,,1358,1,2,0,0,0,0,0,3,4,0,1,7,,N,,,,,,,,,,,
2006123685,1710.0,1,0,0,0,0,0,0,0,0,8,0,,67,11,2006,2,40.0001,-75.2287,9999.0,6,0,0,0,0,0,0,0,0,,0,0,0,17,3,1,2,,0.0,40 00:00.000,,0,75 13:43.278,4,0,0,0,67301,1,0,0,N,1,0,0,2,46104,1,,1,1,,N,N,,0,,0,0,0,3,2,,1705,1,2,0,0,0,0,0,3,4,0,1,3,,N,,,,,,,,,,,
2006126315,1210.0,0,0,0,0,0,0,0,0,0,8,0,,67,11,2006,2,39.9617,-75.2388,1204.0,6,0,0,0,0,0,0,0,0,,0,0,0,12,1,1,1,,0.0,39 57:42.000,,0,75 14:19.527,4,0,0,0,67301,1,0,0,,1,0,0,3,67301,1,,1,1,,,,,1,,0,0,0,0,0,,1204,1,2,0,0,0,0,0,3,4,0,1,3,,N,,,,,,,,,,,
2006123851,1002.0,3,0,0,0,0,0,0,0,0,1,0,,67,10,2006,5,,,957.0,6,0,0,0,0,0,2,0,0,,0,0,0,9,1,1,0,,0.0,,,7,,4,0,0,0,67301,0,0,0,N,0,0,0,5,67301,1,,1,1,,N,N,,1,,0,0,0,0,0,,957,1,4,0,0,0,0,0,3,3,0,4,3,,N,,,,,,,,,,,
2006092709,2249.0,1,0,0,0,0,0,0,0,0,0,0,,67,8,2006,2,40.0247,-75.0309,2242.0,6,0,0,0,1,0,0,0,0,1.0,0,0,0,22,3,2,0,,2.0,40 01:27.000,1.0,2,75 01:50.912,3,0,0,0,67301,0,0,0,N,0,0,0,2,67301,0,,1,1,,N,N,,0,,2,0,0,0,0,Y,2240,2,1,0,0,0,0,0,3,4,0,1,3,,N,,,,,,,,,,,
2006056135,1703.0,2,0,0,0,0,0,0,0,0,2,0,,67,3,2006,3,40.0086,-75.0688,1700.0,6,0,0,0,0,0,0,1,0,,0,0,0,17,1,1,1,,0.0,40 00:31.000,,0,75 04:07.914,8,0,0,0,67301,0,0,0,N,0,0,0,2,67301,0,,1,1,,N,N,,0,,0,0,0,1,2,,1700,1,2,0,0,0,1,0,3,4,0,2,3,,N,,,,,,,,,,,
2006056311,1605.0,1,0,0,0,0,0,0,0,0,8,0,,67,3,2006,2,40.0254,-75.0623,1601.0,6,0,0,0,0,0,0,0,0,,0,0,0,16,1,1,0,,0.0,40 01:31.479,,0,75 03:44.452,8,0,0,0,67301,1,0,0,N,1,0,0,2,67301,0,,1,1,,N,N,,0,,0,0,0,0,0,,1600,1,2,0,0,0,1,0,3,4,0,1,3,,N,,,,,,,,,,,
2006056343,1202.0,0,0,0,0,0,0,0,0,0,4,0,,67,3,2006,3,40.07,-75.1627,1158.0,6,0,0,0,0,0,2,0,0,9.0,0,0,0,11,1,1,1,,1.0,40 04:12.010,5.0,0,75 09:45.872,4,0,0,0,67301,0,0,0,N,0,0,0,2,67301,1,,1,1,,N,N,,0,,0,0,2,3,2,N,1153,1,2,0,0,0,0,0,3,4,0,2,3,,N,,,,,,,,,,,
2006056350,1255.0,2,0,0,0,0,0,0,0,0,2,0,,67,3,2006,4,,,1240.0,6,0,0,0,0,0,0,0,0,,0,0,0,12,1,1,1,,0.0,,,0,,4,0,0,0,67301,0,0,0,N,0,0,0,2,67301,1,,1,1,,N,N,,0,,0,0,0,3,2,,1225,1,2,0,0,0,0,0,3,3,0,2,3,,N,,,,,,,,,,,
2006056353,1716.0,4,0,0,0,0,0,0,0,0,4,0,,67,4,2006,3,39.9773,-75.1982,1711.0,6,0,0,0,0,0,1,0,0,,0,0,0,17,1,0,3,,0.0,39 58:38.175,,0,75 11:53.584,0,0,0,0,67301,0,0,0,N,0,0,0,4,67301,0,,1,1,,N,N,,0,,0,0,0,0,0,,1709,0,4,0,0,0,0,0,3,4,0,4,3,,N,,,,,,,,,,,
2006053952,1030.0,3,0,0,0,0,0,0,0,0,1,0,,67,4,2006,6,39.9032,-75.1566,2228.0,6,0,0,1,0,0,0,0,0,,0,0,0,22,3,2,0,,0.0,39 54:11.576,,0,75 09:23.843,8,0,0,0,67301,0,0,0,,0,0,0,7,67301,0,,1,1,,,,,0,,0,0,0,0,0,,2205,2,3,0,0,0,2,0,3,4,0,3,3,,N,,,,,,,,,,,
2006053969,1605.0,1,0,0,0,0,0,0,0,0,4,0,,67,4,2006,7,40.0596,-75.0607,1601.0,6,0,0,0,0,0,0,0,1,,0,0,0,15,1,0,1,,0.0,40 03:34.534,,0,75 03:38.469,0,0,0,0,67301,0,0,0,N,0,0,0,4,67301,0,,1,1,,N,N,,1,,0,0,0,3,3,,1550,0,3,0,0,0,0,0,3,4,1,3,3,,N,,,,,,,,,,,
2006054005,2229.0,3,0,0,0,0,0,0,0,0,1,0,,67,4,2006,3,40.0273,-75.0988,2220.0,6,0,0,2,0,0,0,0,0,,0,0,0,22,3,0,0,,0.0,40 01:39.000,,0,75 05:56.760,9,0,0,0,67301,0,0,0,N,0,0,0,4,67301,0,,1,1,,,,,0,,0,0,0,0,0,,2220,0,3,0,0,1,0,1,3,4,0,3,3,,N,,,,,,,,,,,
2006035600,350.0,3,0,0,0,0,0,0,0,0,4,0,,67,2,2006,3,,,350.0,6,0,0,0,0,1,0,0,0,,0,0,0,3,3,0,0,,0.0,,,0,,0,0,0,0,67301,0,0,0,N,0,0,0,1,67301,0,,1,1,,N,N,,0,,0,0,0,0,0,,345,0,3,0,0,1,0,0,3,3,0,3,3,,N,,,,,,,,,,,
2006033284,1753.0,0,0,0,1,0,0,0,0,0,5,0,,67,2,2006,2,39.9303,-75.1668,1750.0,6,0,0,0,0,0,1,0,0,,0,0,0,17,4,1,2,,0.0,39 55:49.022,,0,75 10:00.605,8,0,0,0,67301,1,0,0,,0,0,0,2,67501,0,,1,1,,N,N,,0,,0,0,1,3,3,,1740,1,2,0,0,0,1,0,3,4,0,1,3,,N,,,,,,,,,,,
2006032842,1154.0,2,0,0,0,0,0,0,0,0,8,0,,67,2,2006,7,,,1154.0,6,0,0,0,0,0,0,0,0,,0,0,0,3,6,1,0,,0.0,,,0,,3,0,0,0,67301,1,0,0,,1,0,0,2,67301,0,,1,1,,N,N,,0,,1,0,0,0,0,,300,1,3,0,0,0,0,1,3,3,0,2,3,,N,,,,,,,,,,,
2006032875,2354.0,1,0,0,0,0,0,0,0,0,7,0,,67,2,2006,6,39.9756,-75.192,2353.0,6,0,0,0,0,0,0,0,0,,0,0,0,23,3,0,2,,0.0,39 58:31.000,,0,75 11:30.841,0,0,0,0,67301,0,0,0,N,0,0,0,1,67301,0,,5,1,,N,N,,0,,0,0,0,0,0,,2353,0,1,0,0,0,0,0,3,4,0,1,3,,N,,,,,,,,,,,
2006025172,2155.0,1,0,0,0,0,0,0,0,0,7,0,,67,1,2006,5,40.0012,-75.0971,2155.0,6,0,0,0,0,0,0,0,0,,0,0,0,21,3,2,0,,0.0,40 00:04.000,,1,75 05:49.030,8,0,0,0,67301,0,0,0,N,0,0,0,2,67301,0,,5,1,,N,N,,0,,0,0,0,0,0,,2155,2,1,0,0,0,2,0,3,4,0,1,3,,N,,,,,,,,,,,
2006019853,1851.0,2,0,0,0,0,0,0,0,0,6,0,,67,1,2006,5,40.0811,-75.0289,1849.0,6,0,0,0,0,0,0,1,0,1.0,0,0,0,18,3,2,5,,2.0,40 04:51.000,3.0,0,75 01:44.175,8,0,0,0,67301,0,0,0,N,0,0,0,4,67301,0,,1,1,,N,N,,0,,0,0,0,3,2,Y,1845,2,2,0,0,1,2,0,3,4,0,2,3,,N,,,,,,,,,,,
2006080019,1710.0,3,0,0,0,0,0,0,0,0,2,0,,67,6,2006,5,39.9965,-75.2288,1700.0,6,0,0,0,0,0,1,0,2,,0,0,0,14,1,2,1,,0.0,39 59:47.382,,0,75 13:43.683,2,0,0,0,67301,0,0,0,N,0,0,0,3,67301,0,,1,1,,N,N,,0,,0,1,0,9,3,,1445,2,3,0,0,0,1,0,3,4,0,3,99,,N,,,,,,,,,,,
2006065528,2150.0,1,0,0,0,0,0,0,0,0,8,0,,67,5,2006,4,40.0739,-75.0345,2149.0,6,0,0,0,0,0,1,0,0,,0,0,0,21,3,2,0,,0.0,40 04:25.000,,0,75 02:03.971,4,0,0,0,67301,2,0,0,N,2,0,0,3,67301,2,,1,1,,N,N,,0,,0,0,0,0,0,,2147,2,3,0,0,0,0,0,3,4,0,1,3,,N,,,,,,,,,,,
2006055382,2033.0,1,0,0,0,0,0,0,0,0,8,0,,67,4,2006,3,,,2032.0,6,0,0,0,0,0,0,0,0,,0,0,0,20,3,1,0,,0.0,,,0,,8,0,0,0,67301,1,0,0,N,1,0,0,2,67301,0,,1,1,,N,N,,0,,0,0,0,0,0,,2030,1,2,0,0,0,1,0,3,3,0,1,3,,N,,,,,,,,,,,
2006055396,1522.0,1,0,0,0,0,0,0,0,0,8,0,,67,2,2006,5,39.9572,-75.2365,1522.0,6,0,0,0,0,0,0,0,0,3.0,0,0,0,15,1,1,1,,2.0,39 57:25.750,6.0,0,75 14:11.234,3,0,0,0,67301,1,0,0,N,1,0,0,2,67301,0,,1,1,,N,N,,0,,1,0,0,3,3,Y,1522,1,2,0,0,0,0,0,3,4,0,1,3,,N,,,,,,,,,,,
2006055512,1554.0,1,0,0,0,0,0,1,0,0,1,1,,67,2,2006,3,40.0811,-75.0289,1548.0,6,0,0,0,0,0,1,0,0,,0,0,0,99,1,2,1,,0.0,40 04:51.000,,0,75 01:44.143,8,0,0,0,67301,0,0,0,N,0,0,0,19,67301,0,,1,1,,Y,N,,0,,0,0,0,3,2,,9999,2,2,0,0,0,2,15,3,4,0,2,3,,N,,,,,,,,,,,
2006055568,2015.0,1,0,0,0,0,0,0,0,0,7,0,,67,2,2006,3,39.9629,-75.1837,2010.0,6,0,0,0,0,0,0,0,0,2.0,0,0,0,20,3,0,0,,1.0,39 57:45.000,3.0,0,75 11:00.637,0,0,0,0,67301,0,0,0,N,0,0,0,3,67301,0,,5,1,,N,N,,0,,0,0,0,0,0,Y,2006,0,1,0,0,0,0,0,3,4,0,1,3,,N,,,,,,,,,,,
2006055602,1608.0,2,0,0,0,0,0,0,0,0,1,0,,67,5,2006,5,40.0339,-75.0743,1604.0,6,0,0,0,0,1,0,0,0,,0,0,0,15,1,1,1,,0.0,40 02:03.000,,0,75 04:29.833,8,0,0,0,67301,0,0,0,N,0,0,0,3,67301,0,,1,1,,N,N,,0,,0,0,0,0,0,,1545,1,2,0,0,0,1,0,3,4,0,2,3,,N,,,,,,,,,,,
2006055604,1602.0,2,0,0,0,0,0,0,0,0,6,0,,67,3,2006,2,40.0331,-75.107,1553.0,6,0,0,0,0,0,0,0,0,,0,0,0,15,1,1,1,,0.0,40 01:58.000,,0,75 06:23.875,8,0,0,0,67301,0,0,0,N,0,0,0,2,67301,0,,1,1,,N,N,,0,,0,0,0,0,0,,1550,1,2,0,0,0,1,1,3,4,0,2,3,,N,,,,,,,,,,,
2006055610,2150.0,2,0,0,0,0,0,0,0,0,1,0,,67,4,2006,1,,,2145.0,6,0,0,0,0,0,1,0,0,1.0,0,0,0,21,3,2,0,,1.0,,2.0,0,,4,0,0,0,67301,0,0,0,,0,0,0,3,67301,2,,1,1,,,,,0,,0,0,0,0,0,Y,2140,2,2,0,0,0,0,0,3,3,0,2,3,,N,,,,,,,,,,,
2006055621,2032.0,0,0,0,0,0,0,0,0,0,8,0,,67,4,2006,1,40.0704,-75.0784,2032.0,6,0,0,0,0,0,1,0,0,1.0,0,0,0,20,3,1,1,,1.0,40 04:13.595,3.0,0,75 04:42.196,3,0,0,0,67301,1,0,0,N,1,0,0,2,67301,0,,3,1,,N,N,,1,,1,0,0,3,2,N,2032,1,2,0,0,0,0,1,3,4,0,1,3,,N,,,,,,,,,,,
2006055664,845.0,1,0,0,0,0,0,0,0,0,4,0,,67,3,2006,5,39.9617,-75.1577,843.0,6,0,0,0,0,0,0,0,0,,0,0,0,8,1,1,1,,0.0,39 57:42.000,,0,75 09:27.671,4,0,0,0,67301,0,0,0,N,0,0,0,2,67301,1,,1,1,,N,N,,1,,0,0,0,3,2,,843,1,2,0,0,0,0,0,3,4,0,2,3,,N,,,,,,,,,,,
2006055722,128.0,2,0,0,0,0,0,0,0,0,4,0,,67,3,2006,4,39.9607,-75.243,123.0,6,0,0,0,0,0,0,0,0,,0,0,0,1,3,3,1,,0.0,39 57:38.000,,0,75 14:35.046,4,0,0,0,67301,0,0,0,N,0,0,0,4,67301,3,,1,1,,N,N,,0,,0,0,0,3,2,,115,3,2,0,0,0,0,0,3,4,0,2,3,,N,,,,,,,,,,,
2006055763,1245.0,1,0,0,0,0,0,0,0,0,7,0,,67,2,2006,5,39.9323,-75.2,1235.0,6,0,0,0,0,0,0,0,0,,0,0,0,12,8,0,0,,0.0,39 56:01.000,,0,75 11:59.832,0,0,0,0,67301,0,0,0,N,0,0,0,2,67301,0,,2,9,,N,N,,0,,0,0,0,0,0,,1225,0,1,0,0,0,0,0,3,4,0,1,7,,N,,,,,,,,,,,
2006055781,350.0,1,0,0,0,0,0,0,0,0,7,0,,67,3,2006,5,39.9599,-75.1779,348.0,6,0,0,0,0,0,0,0,0,1.0,0,0,0,3,3,1,0,,2.0,39 57:38.000,4.0,0,75 10:53.988,4,0,0,0,67301,0,0,0,N,0,0,0,1,67301,1,,3,1,,N,N,,0,,0,0,0,0,0,N,347,1,1,0,0,0,0,0,3,4,0,1,3,,N,,,,,,,,,,,
2006055806,1515.0,1,0,0,0,0,0,0,0,0,8,0,,67,3,2006,6,,,1505.0,6,0,0,0,0,0,0,0,0,,0,0,0,15,1,1,10,,0.0,,,0,,8,0,0,0,67301,1,0,0,,1,0,0,3,67301,0,,1,1,,,Y,,0,,0,0,0,9,3,,1505,1,2,0,0,1,1,2,3,3,0,1,3,,N,,,,,,,,,,,
2006126438,9999.0,2,0,0,0,0,0,0,0,0,4,0,,67,9,2006,6,39.9726,-75.229,1336.0,6,0,0,0,0,0,0,0,1,2.0,0,0,0,13,1,4,1,,2.0,39 58:21.378,7.0,0,75 13:44.432,4,0,0,0,67301,0,0,0,,0,0,0,4,67301,4,,1,1,,,,,0,,0,0,0,3,3,Y,1336,4,2,0,0,0,0,0,3,4,0,2,3,,N,,,,,,,,,,,
2006126447,333.0,2,0,0,0,0,0,0,0,0,4,0,,67,9,2006,7,39.9868,-75.1359,332.0,6,0,0,0,0,0,0,0,0,,0,0,0,3,3,2,1,,0.0,39 59:12.570,,0,75 08:09.070,2,0,0,0,67301,0,0,0,,0,0,0,5,67301,0,,1,1,,,,,0,,0,2,0,3,2,,332,2,2,0,0,0,0,3,3,4,0,2,3,,N,,,,,,,,,,,
2006126861,1505.0,2,0,0,0,0,0,0,0,0,1,0,,67,10,2006,5,40.0414,-75.0408,1500.0,6,0,0,0,0,0,0,0,0,,0,0,0,14,1,2,0,,0.0,40 02:29.097,,0,75 02:26.912,8,0,0,0,67301,0,0,0,N,0,0,0,2,67301,0,,1,1,,N,Y,,0,,0,0,0,0,0,,1455,2,2,0,0,0,2,0,3,4,0,2,3,,N,,,,,,,,,,,
2006104934,1916.0,2,0,0,0,0,0,0,0,0,2,0,,67,9,2006,1,40.0096,-75.1803,1912.0,6,0,0,0,0,0,0,0,1,,0,0,0,19,4,2,2,,0.0,40 00:34.000,,0,75 10:49.374,4,0,0,0,67301,0,0,0,N,0,0,0,3,67301,1,,1,1,,N,N,,0,,0,0,0,3,2,,1900,2,2,0,0,1,1,0,3,4,0,2,3,,N,,,,,,,,,,,
2006102494,1234.0,2,0,0,0,0,0,0,0,0,4,0,,67,9,2006,6,,,1227.0,6,0,0,1,0,0,1,0,0,,0,0,0,12,1,1,1,,0.0,,,0,,8,0,0,0,67301,0,0,0,N,0,0,0,2,67301,0,,1,9,,N,N,,0,,0,0,0,9,3,,1217,1,2,0,0,1,1,0,3,3,0,2,7,,N,,,,,,,,,,,
2006124548,1152.0,1,0,0,0,0,0,1,0,0,1,1,,67,10,2006,5,,,1150.0,6,0,0,0,0,0,0,0,0,,0,0,0,11,1,1,1,,0.0,,,0,,4,0,0,0,67301,0,0,0,,0,0,0,2,67301,1,,1,1,,N,N,,0,,0,0,0,9,2,,1120,1,2,0,0,0,0,0,3,3,0,2,3,,N,,,,,,,,,,,
2006112654,1510.0,2,0,0,0,0,0,0,0,0,5,0,,67,10,2006,7,39.9834,-75.1703,1510.0,6,0,0,0,0,0,0,0,0,,0,0,0,13,1,0,0,,0.0,39 59:00.333,,0,75 10:13.213,0,0,0,0,67301,0,0,0,,0,0,0,2,67301,0,,1,1,,,,,0,,0,0,0,3,2,,1305,0,2,0,0,0,0,0,3,4,0,2,3,,N,,,,,,,,,,,
2006112716,9999.0,2,0,0,0,0,0,0,0,0,4,0,,67,9,2006,3,40.0868,-74.9718,942.0,6,0,0,0,0,1,0,0,1,,0,0,0,9,1,1,1,,0.0,40 05:12.000,,0,74 58:18.460,8,0,0,0,67301,0,0,0,N,0,0,0,2,67301,0,,1,1,,N,N,,0,,0,0,0,3,2,,935,1,2,0,0,0,1,0,3,4,0,2,3,,N,,,,,,,,,,,
2006112725,1450.0,1,0,0,0,0,0,0,0,0,7,0,,67,9,2006,4,39.9769,-75.1322,1440.0,6,0,0,0,0,0,0,0,0,,0,0,0,14,1,3,0,,0.0,39 58:36.800,,0,75 07:55.999,4,0,0,0,67301,0,0,0,N,0,0,0,3,67301,3,,4,1,,N,N,,0,,0,0,0,0,0,,1440,3,1,0,0,1,0,0,3,4,0,1,3,,N,,,,,,,,,,,
2006112740,1542.0,1,0,0,0,0,0,0,0,0,7,0,,67,9,2006,3,39.9633,-75.1875,1538.0,6,0,0,0,0,0,0,0,0,,0,0,0,15,1,1,1,,0.0,39 57:48.000,,0,75 11:14.821,4,0,0,0,67301,0,0,0,N,0,0,0,1,67301,1,,4,1,,N,N,,0,,0,0,0,3,2,,1538,1,1,0,0,0,0,0,3,4,0,1,3,,N,,,,,,,,,,,
2006124915,1159.0,1,0,0,0,0,0,0,0,0,1,0,,67,10,2006,3,39.9516,-75.1826,1154.0,6,0,0,0,0,0,0,0,1,1.0,0,0,0,11,1,2,0,,1.0,39 57:09.360,4.0,0,75 10:55.200,8,0,0,0,67301,0,0,0,N,0,0,0,3,67301,0,,1,1,,N,N,,0,,0,0,2,0,0,N,1154,2,3,0,0,0,2,0,3,4,0,3,3,,N,,,,,,,,,,,
2006124921,1818.0,2,0,0,0,0,0,0,0,0,4,0,,67,11,2006,2,39.914,-75.1796,1812.0,6,0,0,0,0,0,0,0,0,,0,0,0,99,1,0,1,,0.0,39 54:50.000,,0,75 10:46.597,0,0,0,0,67301,0,0,0,N,0,0,0,2,67301,0,,1,1,,N,N,,0,,0,0,0,3,2,,9999,0,2,0,0,0,0,0,3,4,0,2,3,,N,,,,,,,,,,,
2006127098,2243.0,2,0,0,0,0,0,0,0,0,4,0,,67,9,2006,3,40.0259,-75.1538,2242.0,6,0,0,0,0,0,0,0,0,2.0,0,0,0,22,3,1,1,,2.0,40 01:33.063,7.0,0,75 09:13.561,4,0,0,0,67301,0,0,0,,0,0,0,3,67301,1,,1,1,,,,,0,,0,0,0,2,3,Y,2242,1,2,0,0,0,0,0,3,4,0,2,3,,N,,,,,,,,,,,
2006056467,1600.0,1,0,0,0,0,0,0,0,0,8,0,,67,3,2006,6,39.9544,-75.1631,1550.0,6,0,0,0,1,0,0,0,0,,0,0,0,15,1,1,1,,0.0,39 57:15.000,,0,75 09:46.687,8,0,0,0,67301,1,0,0,N,1,0,0,2,67301,0,,1,1,,N,N,,0,,0,0,0,3,2,,1545,1,2,0,0,0,1,0,3,4,0,1,3,,N,,,,,,,,,,,
2006034186,1105.0,1,0,0,0,0,0,0,0,0,4,0,,67,1,2006,5,40.0501,-75.0642,1104.0,6,0,0,0,0,0,0,0,1,2.0,0,0,0,11,1,3,1,,2.0,40 03:00.000,4.0,0,75 03:51.141,8,0,0,0,67301,0,0,0,,0,0,0,5,67301,0,,1,1,,N,N,,0,,0,0,1,3,2,N,1102,3,2,0,0,2,3,0,3,4,0,2,3,,N,,,,,,,,,,,
2006036634,1015.0,2,0,0,0,0,0,0,0,0,5,0,,67,2,2006,2,40.0302,-75.0871,1007.0,6,0,0,0,0,0,0,0,0,,0,0,0,99,1,1,0,,0.0,40 01:48.000,,0,75 05:13.809,4,0,0,0,67301,0,0,0,N,0,0,0,2,67301,1,,1,6,,N,N,,0,,0,0,0,0,0,,9999,1,2,0,0,0,0,0,3,4,0,2,10,,N,,,,,,,,,,,
2006024570,1638.0,2,0,0,0,0,0,0,0,0,4,0,,67,1,2006,2,40.0369,-75.1451,1635.0,6,0,0,0,0,0,0,0,0,,0,0,0,16,1,1,2,,0.0,40 02:13.000,,0,75 08:42.460,4,0,0,0,67301,0,0,0,N,0,0,0,2,67301,1,,1,9,,N,N,,0,,0,0,0,3,2,,1600,1,2,0,0,0,0,0,3,4,0,2,7,,N,,,,,,,,,,,