CRN,ARRIVAL_TM,AUTOMOBILE_COUNT,BELTED_DEATH_COUNT,BELTED_SUSP_SERIOUS_INJ_COUNT,BICYCLE_COUNT,BICYCLE_DEATH_COUNT,BICYCLE_SUSP_SERIOUS_INJ_COUNT,BUS_COUNT,CHLDPAS_DEATH_COUNT,CHLDPAS_SUSP_SERIOUS_INJ_COUNT,COLLISION_TYPE,COMM_VEH_COUNT,CONS_ZONE_SPD_LIM,COUNTY,CRASH_MONTH,CRASH_YEAR,DAY_OF_WEEK,DEC_LAT,DEC_LONG,DISPATCH_TM,DISTRICT,DRIVER_COUNT_16YR,DRIVER_COUNT_17YR,DRIVER_COUNT_18YR,DRIVER_COUNT_19YR,DRIVER_COUNT_20YR,DRIVER_COUNT_50_64YR,DRIVER_COUNT_65_74YR,DRIVER_COUNT_75PLUS,EST_HRS_CLOSED,FATAL_COUNT,HEAVY_TRUCK_COUNT,HORSE_BUGGY_COUNT,HOUR_OF_DAY,ILLUMINATION,INJURY_COUNT,INTERSECT_TYPE,INTERSECTION_RELATED,LANE_CLOSED,LATITUDE,LN_CLOSE_DIR,LOCATION_TYPE,LONGITUDE,MAX_SEVERITY_LEVEL,MCYCLE_DEATH_COUNT,MCYCLE_SUSP_SERIOUS_INJ_COUNT,MOTORCYCLE_COUNT,MUNICIPALITY,NONMOTR_COUNT,NONMOTR_DEATH_COUNT,NONMOTR_SUSP_SERIOUS_INJ_COUNT,NTFY_HIWY_MAINT,PED_COUNT,PED_DEATH_COUNT,PED_SUSP_SERIOUS_INJ_COUNT,PERSON_COUNT,POLICE_AGCY,POSSIBLE_INJ_COUNT,RDWY_SURF_TYPE_CD,RELATION_TO_ROAD,ROAD_CONDITION,ROADWAY_CLEARED,SCH_BUS_IND,SCH_ZONE_IND,SECONDARY_CRASH,SMALL_TRUCK_COUNT,SPEC_JURIS_CD,SUSP_MINOR_INJ_COUNT,SUSP_SERIOUS_INJ_COUNT,SUV_COUNT,TCD_FUNC_CD,TCD_TYPE,TFC_DETOUR_IND,TIME_OF_DAY,TOT_INJ_COUNT,TOTAL_UNITS,UNB_DEATH_COUNT,UNB_SUSP_SERIOUS_INJ_COUNT,UNBELTED_OCC_COUNT,UNK_INJ_DEG_COUNT,UNK_INJ_PER_COUNT,URBAN_AREA,URBAN_RURAL,VAN_COUNT,VEHICLE_COUNT,WEATHER1,WEATHER2,WORK_ZONE_IND,WORK_ZONE_LOC,WORK_ZONE_TYPE,WORKERS_PRES,WZ_CLOSE_DETOUR,WZ_FLAGGER,WZ_LAW_OFFCR_IND,WZ_LN_CLOSURE,WZ_MOVING,WZ_OTHER,WZ_SHLDER_MDN,WZ_WORKERS_INJ_KILLED
2006014521,1528.0,2,0,0,0,0,0,0,0,0,4,0,,67,1,2006,5,39.9855,-75.2585,9999.0,6,0,0,0,0,0,0,1,1,,0,0,0,15,1,1,1,,0.0,39 59:08.000,,0,75 15:30.696,4,0,0,0,67301,0,0,0,N,0,0,0,2,46104,1,,1,1,,N,N,,0,,0,0,0,0,0,,1524,1,2,0,0,0,0,0,3,4,0,2,3,,N,,,,,,,,,,,
2006102768,916.0,1,0,0,0,0,0,0,0,0,7,0,,67,8,2006,1,40.052,-75.0865,907.0,6,0,0,0,0,0,0,0,0,,0,0,0,9,1,3,0,,0.0,40 03:06.000,,0,75 05:11.550,3,0,0,0,67301,0,0,0,N,0,0,0,3,67301,1,,4,9,,N,N,,0,,2,0,0,0,0,,907,3,1,0,0,1,0,0,3,4,0,1,7,,N,,,,,,,,,,,
2006103143,1005.0,2,0,0,0,0,0,0,0,0,4,0,,67,9,2006,5,39.9333,-75.1806,958.0,6,0,0,0,0,0,0,1,0,,0,0,0,9,1,0,2,,0.0,39 55:59.970,,0,75 10:50.336,9,0,0,0,67301,0,0,0,N,0,0,0,3,67301,0,,1,1,,N,N,,0,,0,0,0,3,3,,950,0,2,0,0,0,0,2,3,4,0,2,3,,N,,,,,,,,,,,
2006103245,1832.0,1,0,0,0,0,0,0,0,0,8,0,,67,8,2006,3,,,1827.0,6,0,0,0,0,0,0,0,0,,0,0,0,18,1,1,0,,0.0,,,0,,8,0,0,0,67301,1,0,0,N,1,0,0,3,67301,0,,1,9,,N,N,,0,,0,0,0,0,0,,1824,1,2,0,0,0,1,0,3,3,0,1,3,,N,,,,,,,,,,,
2006102783,840.0,2,0,0,0,0,0,0,0,0,1,0,,67,9,2006,5,40.0352,-75.1211,830.0,6,0,0,0,0,0,0,0,0,,0,0,0,8,1,1,0,,0.0,40 02:06.000,,0,75 07:16.049,8,0,0,0,67301,0,0,0,,0,0,0,2,67301,0,,1,1,,N,N,,0,,0,0,0,0,0,,805,1,2,0,0,0,1,0,3,4,0,2,3,,N,,,,,,,,,,,
2006102793,2021.0,1,0,0,0,0,0,0,0,0,2,0,,67,9,2006,7,39.9399,-75.2114,2019.0,6,1,0,0,0,0,0,0,0,2.0,0,0,0,20,3,3,1,,1.0,39 56:23.000,3.0,0,75 12:40.990,4,0,0,0,67301,0,0,0,N,0,0,0,3,67301,3,,1,1,,N,N,,0,,0,0,1,3,2,Y,2017,3,2,0,0,3,0,0,3,4,0,2,3,,N,,,,,,,,,,,
2006036130,12.0,1,0,0,0,0,0,0,0,0,7,0,,67,1,2006,2,,,7.0,6,0,0,0,0,0,0,0,0,1.0,0,0,0,0,3,1,1,,2.0,,2.0,0,,8,0,0,0,67301,0,0,0,N,0,0,0,1,67301,0,,5,9,,N,N,,0,,0,0,0,3,2,N,5,1,1,0,0,0,1,0,3,3,0,1,3,,N,,,,,,,,,,,
2006037603,1010.0,2,0,0,0,0,0,0,0,0,2,0,,67,2,2006,6,39.9871,-75.1223,1007.0,6,0,0,0,0,0,0,0,1,1.0,0,0,0,10,1,2,1,,2.0,39 59:13.000,7.0,0,75 07:21.188,4,0,0,0,67301,0,0,0,N,0,0,0,2,67301,2,,1,1,,N,N,,0,,0,0,0,3,2,Y,1006,2,2,0,0,2,0,0,3,4,0,2,7,,N,,,,,,,,,,,
2006037604,1705.0,1,0,0,0,0,0,0,0,0,7,0,,67,2,2006,1,39.9106,-75.1491,1655.0,6,0,0,0,0,0,0,0,0,1.0,0,0,0,16,1,1,7,,2.0,39 54:54.000,2.0,2,75 08:52.898,8,0,0,0,67301,0,0,0,,0,0,0,1,67301,0,,2,6,,N,N,,0,,0,0,0,0,0,N,1650,1,1,0,0,0,1,0,3,4,0,1,98,,N,,,,,,,,,,,
2006037605,2203.0,2,0,0,0,0,0,0,0,0,4,0,,67,2,2006,5,39.9753,-75.1326,2200.0,6,0,0,0,2,0,0,0,0,,0,0,0,21,3,1,1,,0.0,39 58:31.000,,0,75 07:57.199,8,0,0,0,67301,0,0,0,N,0,0,0,3,67301,0,,1,1,,N,N,,0,,0,0,0,3,2,,2153,1,2,0,0,1,1,0,3,4,0,2,3,,N,,,,,,,,,,,
2006037679,2123.0,0,0,0,0,0,0,0,0,0,1,0,,67,3,2006,3,39.9317,-75.168,2123.0,6,0,0,0,0,0,0,0,0,,0,0,0,99,3,1,1,,0.0,39 55:53.000,,0,75 10:04.981,4,0,0,0,67301,0,0,0,N,0,0,0,2,67301,1,,1,1,,N,N,,0,,0,0,1,0,0,,9999,1,2,0,0,0,0,1,3,4,1,2,3,,N,,,,,,,,,,,
2006081755,1235.0,1,0,0,0,0,0,0,0,0,8,0,,67,7,2006,7,39.954,-75.2261,1228.0,6,0,0,0,0,0,0,0,0,,0,0,0,23,3,1,1,,0.0,39 57:14.000,,0,75 13:34.118,4,0,0,0,67301,1,0,0,N,1,0,0,2,67301,1,,1,1,,N,N,,0,,0,0,0,0,0,,2300,1,2,0,0,0,0,0,3,4,0,1,3,,N,,,,,,,,,,,
2006082088,1230.0,2,0,0,0,0,0,0,0,0,5,0,,67,7,2006,1,,,9999.0,6,0,0,0,1,0,0,0,0,,0,0,0,12,1,3,1,,0.0,,,0,,8,0,0,0,67301,0,0,0,N,0,0,0,5,67301,0,,1,1,,N,N,,0,,0,0,0,0,0,,1230,3,2,0,0,0,3,1,3,3,0,2,3,,N,,,,,,,,,,,
2006082097,2249.0,3,0,0,0,0,0,0,0,0,1,0,,67,5,2006,7,,,2249.0,6,0,0,0,0,0,0,0,1,1.0,0,0,0,22,3,1,0,,2.0,,1.0,0,,8,0,0,0,67301,0,0,0,N,0,0,0,4,67301,0,,1,1,,N,N,,0,,0,0,0,0,0,Y,2249,1,3,0,0,0,1,0,3,3,0,3,3,,N,,,,,,,,,,,
2006082106,1727.0,1,0,0,0,0,0,0,0,0,8,0,,67,5,2006,5,,,1725.0,6,0,0,0,0,0,0,0,0,,0,0,0,17,1,1,0,,0.0,,,0,,8,0,0,0,67301,1,0,0,N,1,0,0,3,67301,0,,1,1,,N,Y,,0,,0,0,0,0,0,,1710,1,2,0,0,0,1,0,3,3,0,1,3,,N,,,,,,,,,,,
2006084851,1550.0,2,0,0,0,0,0,0,0,0,5,0,,67,7,2006,3,39.9705,-75.2166,1542.0,6,0,0,0,0,0,0,0,0,,0,0,0,15,1,2,2,,0.0,39 58:13.861,,0,75 12:59.587,4,0,0,0,67301,0,0,0,N,0,0,0,2,67301,2,,1,1,,N,N,,0,,0,0,0,0,0,,1520,2,2,0,0,0,0,0,3,4,0,2,3,,N,,,,,,,,,,,
2006079896,1350.0,1,0,0,0,0,0,0,0,0,4,0,,67,5,2006,7,39.9411,-75.1598,1348.0,6,0,0,0,0,0,1,0,0,,0,0,0,13,1,1,1,,0.0,39 56:27.801,,0,75 09:35.355,4,0,0,0,67301,0,0,0,N,0,0,0,3,67301,1,,1,1,,N,N,,0,,0,0,1,3,3,,1345,1,2,0,0,1,0,2,3,4,0,2,3,,N,,,,,,,,,,,
2006079922,1910.0,1,0,0,2,0,0,0,0,0,4,0,,67,6,2006,2,40.0412,-75.1707,1903.0,6,0,0,0,0,0,1,0,0,,0,0,0,18,1,2,1,,0.0,40 02:28.453,,0,75 10:14.678,4,0,0,0,67301,2,0,0,,0,0,0,3,67301,2,,1,9,,N,,,0,,0,0,0,9,3,,1858,2,3,0,0,1,0,0,3,4,0,1,7,,N,,,,,,,,,,,
2006082530,904.0,1,0,0,0,0,0,0,0,0,2,0,,67,7,2006,7,,,904.0,6,0,0,0,0,0,0,0,0,,0,0,0,9,1,2,1,,0.0,,,0,,4,0,0,2,67301,0,0,0,N,0,0,0,3,67301,2,,1,1,,N,N,,0,,0,0,0,0,0,,903,2,3,0,0,0,0,0,3,3,0,3,3,,N,,,,,,,,,,,
2006079825,1352.0,1,0,0,0,0,0,0,0,0,7,0,,67,5,2006,5,39.9335,-75.1579,1350.0,6,0,0,0,0,0,0,0,1,,0,0,0,13,1,1,0,,0.0,39 56:00.582,,7,75 09:28.296,4,0,0,0,67301,0,0,0,N,0,0,0,1,67301,1,,5,1,,N,N,,0,,0,0,0,0,0,,1348,1,1,0,0,0,0,0,3,4,0,1,3,,N,,,,,,,,,,,
2006018652,1333.0,1,0,0,0,0,0,0,0,0,4,0,,67,1,2006,7,40.0559,-75.0453,1327.0,6,0,0,1,0,0,0,1,0,,0,0,0,13,1,0,2,,0.0,40 03:21.000,,0,75 02:43.201,0,0,0,0,67301,0,0,0,N,0,0,0,2,67301,0,,1,1,,N,N,,1,,0,0,0,0,0,,1320,0,2,0,0,0,0,0,3,4,0,2,3,,N,,,,,,,,,,,
2007006867,1645.0,2,0,0,0,0,0,0,0,0,1,0,,67,12,2006,6,40.0409,-75.1873,1645.0,6,0,0,0,0,0,0,0,0,,0,0,0,16,1,2,1,,0.0,40 02:27.297,,0,75 11:14.369,4,0,0,0,67301,0,0,0,N,0,0,0,3,67301,2,,1,9,,N,N,,0,,0,0,0,3,2,,1645,2,2,0,0,0,0,1,3,4,0,2,7,,N,,,,,,,,,,,
2007023141,1343.0,2,0,0,0,0,0,0,0,0,1,0,,67,12,2006,6,40.0098,-75.151,1333.0,6,0,0,0,0,0,0,0,0,2.0,0,0,0,99,1,4,1,,2.0,40 00:35.000,1.0,0,75 09:03.622,4,0,0,0,67301,0,0,0,,0,0,0,4,67301,4,,1,1,,N,N,,0,,0,0,1,9,1,Y,9999,4,3,0,0,4,0,0,3,4,0,3,3,,N,,,,,,,,,,,
2007008403,1359.0,2,0,0,0,0,0,0,0,0,4,0,,67,11,2006,1,40.0529,-75.1752,1359.0,6,0,0,0,0,0,1,0,0,9.0,0,0,0,12,1,0,10,,1.0,40 03:10.350,3.0,0,75 10:30.712,0,0,0,0,67301,0,0,0,N,0,0,0,2,67301,0,,1,9,,N,N,,0,,0,0,0,0,0,N,1250,0,2,0,0,0,0,0,3,4,0,2,7,,N,,,,,,,,,,,
2007010938,2120.0,1,0,0,0,0,0,0,0,0,1,0,,67,11,2006,4,40.0368,-75.0638,2111.0,6,0,0,0,0,0,0,0,1,,0,0,0,21,3,1,0,,0.0,40 02:12.000,,0,75 03:50.169,4,0,0,0,67301,0,0,0,N,0,0,0,2,67301,1,,1,9,,N,N,,1,,0,0,0,3,2,,2110,1,2,0,0,0,0,0,3,4,0,2,7,,N,,,,,,,,,,,
2007008854,11.0,1,0,0,0,0,0,0,0,0,7,0,,67,11,2006,4,39.9605,-75.1409,9.0,6,0,0,0,0,1,0,0,0,1.0,0,0,0,0,3,0,0,,2.0,39 57:36.000,4.0,2,75 08:27.240,0,0,0,0,67301,0,0,0,N,0,0,0,2,67301,0,,2,1,,N,N,,0,,0,0,0,0,0,N,7,0,1,0,0,0,0,0,3,4,0,1,3,,N,,,,,,,,,,,
2007034426,,0,0,0,0,0,0,0,0,0,7,1,,67,3,2006,7,,,,6,0,0,0,0,0,0,0,0,,0,1,0,7,1,0,0,,0.0,,,0,,0,0,0,0,67301,0,0,0,N,0,0,0,1,,0,,3,1,,N,N,,0,,0,0,0,0,0,,750,0,1,0,0,1,0,0,3,3,0,1,3,,N,,,,,,,,,,,
2007022163,222.0,2,0,0,0,0,0,0,0,0,4,0,,67,12,2006,7,39.9342,-75.1774,216.0,6,0,0,0,0,0,0,0,0,,0,0,0,2,3,2,1,,0.0,39 56:02.979,,0,75 10:38.557,8,0,0,0,67301,0,0,0,N,0,0,0,4,67301,0,,1,9,,N,N,,0,,0,0,0,3,3,,216,2,2,0,0,0,2,0,3,4,0,2,7,,N,,,,,,,,,,,
2007022224,2005.0,4,0,0,0,0,0,0,0,0,1,0,,67,12,2006,6,39.9877,-75.2162,1959.0,6,0,0,1,0,0,0,0,0,1.0,0,0,0,18,3,1,2,,1.0,39 59:15.000,2.0,0,75 12:58.441,4,0,0,0,67301,0,0,0,N,0,0,0,8,67301,1,,1,9,,N,N,,0,,0,0,0,3,2,N,1855,1,4,0,0,0,0,0,3,4,0,4,7,,N,,,,,,,,,,,
2007007094,1857.0,2,0,0,0,0,0,0,0,0,4,0,,67,12,2006,1,39.99,-75.2194,1849.0,6,0,0,0,0,0,0,0,0,,0,0,0,18,3,0,1,,0.0,39 59:23.971,,0,75 13:09.663,0,0,0,0,67301,0,0,0,N,0,0,0,3,67301,0,,1,1,,N,N,,0,,0,0,0,3,2,,1846,0,2,0,0,0,0,0,3,4,0,2,3,,N,,,,,,,,,,,
2007009778,356.0,1,0,0,0,0,0,0,0,0,7,0,,67,12,2006,7,39.9255,-75.1938,352.0,6,0,0,0,1,0,0,0,0,1.0,0,0,0,3,3,1,0,,2.0,39 55:34.000,3.0,0,75 11:40.072,8,0,0,0,67301,0,0,0,N,0,0,0,1,67301,0,,2,1,,N,N,,0,,0,0,0,0,0,N,352,1,1,0,0,0,1,0,3,4,0,1,3,,N,,,,,,,,,,,
2007009794,310.0,0,0,0,0,0,0,0,0,0,1,0,,67,11,2006,3,,,300.0,6,0,0,0,0,0,2,0,0,,0,0,0,3,2,1,0,,0.0,,,0,,8,0,0,0,67301,0,0,0,N,0,0,0,2,67301,0,,1,1,,N,N,,0,,0,0,1,0,0,,300,1,2,0,0,0,1,0,3,3,1,2,3,,N,,,,,,,,,,,
2007007560,1654.0,1,0,0,0,0,0,0,0,0,5,0,,67,12,2006,2,39.9147,-75.2214,1650.0,6,0,0,0,0,0,1,0,0,,0,0,0,16,4,1,0,,0.0,39 54:52.795,,0,75 13:17.062,8,0,0,0,67301,0,0,0,N,0,0,0,3,67301,0,,1,1,,N,N,,0,,0,0,1,0,0,,1605,1,2,0,0,0,1,0,3,4,0,2,3,,N,,,,,,,,,,,
2007007755,9999.0,3,0,0,0,0,0,0,0,0,5,0,,67,11,2006,4,39.9906,-75.129,9999.0,6,0,0,0,0,0,0,0,0,,0,0,0,12,1,2,2,,0.0,39 59:25.000,,0,75 07:44.877,3,0,0,0,67301,3,0,0,N,0,0,0,7,67301,0,,1,1,,N,N,,0,,2,0,1,3,2,,1258,2,4,0,0,0,0,0,3,4,0,4,3,,N,,,,,,,,,,,
2007020859,9999.0,1,0,0,0,0,0,0,0,0,1,0,,67,12,2006,6,39.9469,-75.207,,6,0,0,0,0,0,1,0,0,,0,0,0,17,1,1,3,,0.0,39 56:48.703,,0,75 12:25.232,4,0,0,0,67301,0,0,0,,0,0,0,3,67301,1,,1,1,,N,N,,0,,0,0,0,3,2,,1745,1,2,0,0,0,0,0,3,4,0,2,3,,N,,,,,,,,,,,
2007020876,1615.0,2,0,0,0,0,0,0,0,0,4,0,,67,12,2006,7,39.9694,-75.2115,1615.0,6,0,0,0,0,0,0,0,0,,0,0,0,16,1,0,1,,0.0,39 58:10.000,,0,75 12:41.542,9,0,0,0,67301,0,0,0,N,0,0,0,4,67301,0,,1,1,,N,N,,0,,0,0,0,3,2,,1610,0,2,0,0,0,0,1,3,4,0,2,3,,N,,,,,,,,,,,
2007033403,,2,0,0,0,0,0,0,0,0,1,0,,67,1,2006,7,39.9544,-75.1481,,6,0,0,0,0,0,0,0,0,,0,0,0,1,6,1,1,,0.0,39 57:15.887,,0,75 08:53.056,8,0,0,0,67301,0,0,0,N,0,0,0,2,,0,,1,1,,N,N,,0,,0,0,0,0,0,,100,1,2,0,0,0,1,1,3,4,0,2,3,,N,,,,,,,,,,,
2007033459,,1,0,0,0,0,0,0,0,0,8,0,,67,8,2006,1,40.0358,-75.0426,,6,0,0,0,0,0,0,0,0,,0,0,0,2,3,1,0,,0.0,40 02:08.948,,0,75 02:33.365,4,0,0,0,67301,1,0,0,N,1,0,0,2,00000,1,,1,1,,N,N,,0,,0,0,0,0,0,,200,1,2,0,0,0,0,0,3,4,0,1,3,,N,,,,,,,,,,,
2007006890,935.0,2,0,0,0,0,0,0,0,0,4,0,,67,12,2006,3,,,919.0,6,0,0,0,0,0,1,1,0,,0,0,0,5,1,1,1,,0.0,,,0,,8,0,0,0,67301,0,0,0,N,0,0,0,2,67301,0,,1,1,,N,N,,0,,0,0,0,3,3,,500,1,2,0,0,0,1,0,3,3,0,2,3,,N,,,,,,,,,,,
2006036492,9999.0,2,0,0,0,0,0,0,0,0,4,0,,67,2,2006,7,,,9999.0,6,0,0,0,0,0,0,0,0,,0,0,0,99,3,1,5,,0.0,,,0,,3,0,0,0,67301,0,0,0,N,0,0,0,2,67301,0,,1,1,,N,N,,0,,1,0,0,3,3,,9999,1,2,0,0,0,0,0,3,3,0,2,3,,N,,,,,,,,,,,
2006036562,1907.0,1,0,0,0,0,0,0,0,0,8,0,,67,2,2006,7,40.1317,-75.0122,1900.0,6,0,0,0,0,0,0,0,0,,0,0,0,19,3,1,1,,0.0,40 07:53.000,,0,75 00:43.890,8,0,0,0,67301,1,0,0,N,1,0,0,2,67301,0,,1,9,,N,N,,0,,0,0,0,3,2,,1900,1,2,0,0,0,1,0,3,4,0,1,10,,N,,,,,,,,,,,
2006024242,1008.0,1,0,0,0,0,0,0,0,0,7,0,,67,1,2006,4,39.885,-75.2502,951.0,6,0,0,0,0,0,1,0,0,,0,0,0,9,1,1,2,,0.0,39 53:06.177,,0,75 15:00.685,4,0,0,0,67301,0,0,0,,0,0,0,1,67301,1,,5,9,,N,N,,0,,0,0,0,0,0,,937,1,1,0,0,0,0,0,3,4,0,1,7,,N,,,,,,,,,,,
2006021912,1106.0,3,0,0,0,0,0,0,0,0,1,0,,67,1,2006,4,40.0016,-75.1528,1100.0,6,0,0,0,0,0,2,0,0,,0,0,0,11,1,1,1,,0.0,40 00:06.000,,0,75 09:10.512,8,0,0,0,67301,0,0,0,,0,0,0,3,67301,0,,1,1,,,,,0,,0,0,0,9,2,,1100,1,3,0,0,0,1,0,3,4,0,3,3,,N,,,,,,,,,,,
2006024572,859.0,2,0,0,0,0,0,0,0,0,1,0,,67,1,2006,3,40.0889,-74.9694,852.0,6,0,0,0,0,0,0,1,0,,0,0,0,8,1,1,2,,0.0,40 05:19.000,,0,74 58:09.785,8,0,0,0,67301,0,0,0,N,0,0,0,2,67301,0,,1,1,,N,N,,0,,0,0,0,3,2,,845,1,2,0,0,0,1,0,3,4,0,2,3,,N,,,,,,,,,,,
2006024596,1737.0,0,0,0,0,0,0,0,0,0,1,0,,67,1,2006,3,,,1725.0,6,0,0,0,0,0,2,0,0,,0,0,0,17,3,8,0,,0.0,,,0,,4,0,0,0,67301,0,0,0,N,0,0,0,9,67301,7,,1,1,,N,N,,0,,0,0,0,0,0,,1720,8,2,0,0,0,1,1,3,3,1,2,3,,N,,,,,,,,,,,
2006102771,1406.0,2,0,0,0,0,0,0,0,0,4,0,,67,9,2006,1,39.9992,-75.1474,1400.0,6,0,0,0,0,0,1,0,0,,0,0,0,14,1,1,1,,0.0,39 59:57.271,,0,75 08:50.495,8,0,0,0,67301,0,0,0,N,0,0,0,5,67301,0,,1,1,,N,N,,0,,0,0,0,3,2,,1400,1,2,0,0,0,1,0,3,4,0,2,3,,N,,,,,,,,,,,
2006103172,1440.0,4,0,0,0,0,0,0,0,0,1,0,,67,8,2006,6,40.0404,-75.1739,1440.0,6,0,0,0,0,0,1,0,0,,0,0,0,14,1,2,0,,0.0,40 02:25.404,,0,75 10:26.130,4,0,0,0,67301,0,0,0,N,0,0,0,4,67301,2,,1,1,,N,N,,0,,0,0,0,0,0,,1440,2,4,0,0,0,0,0,3,4,0,4,3,,N,,,,,,,,,,,
2006035956,1710.0,1,0,0,0,0,0,0,0,0,5,0,,67,2,2006,5,40.0475,-75.1428,1708.0,6,0,0,0,0,0,0,0,0,,0,0,0,16,4,1,2,,0.0,40 02:51.000,,0,75 08:34.110,4,0,0,0,67301,0,0,0,N,0,0,0,3,67301,1,,1,1,,N,N,,1,,0,0,0,3,3,,1655,1,2,0,0,0,0,0,3,4,0,2,3,,N,,,,,,,,,,,
2006035961,1655.0,2,0,0,0,0,0,0,0,0,6,0,,67,2,2006,6,39.9724,-75.1344,1650.0,6,0,0,0,0,0,0,0,0,,0,0,0,16,1,0,2,,0.0,39 58:20.000,,0,75 08:03.257,0,0,0,0,67301,0,0,0,N,0,0,0,2,67301,0,,1,1,,N,N,,1,,0,0,1,0,0,,1630,0,4,0,0,0,0,0,3,4,0,4,3,,N,,,,,,,,,,,
2006035962,2216.0,1,0,0,0,0,0,0,0,0,4,0,,67,1,2006,3,,,2212.0,6,0,0,0,0,0,0,1,0,,0,0,0,99,3,1,1,,0.0,,,0,,3,0,0,0,67301,0,0,0,N,0,0,0,2,67301,0,,1,1,,N,N,,0,,1,0,1,9,2,,9999,1,2,0,0,0,0,0,3,3,0,2,3,,N,,,,,,,,,,,
2006048048,1455.0,1,0,0,0,0,0,0,0,0,1,0,,67,5,2006,4,39.9882,-75.2542,1451.0,6,0,0,0,1,0,0,0,0,1.0,0,0,0,14,1,0,0,,1.0,39 59:17.000,2.0,0,75 15:15.219,0,0,0,0,67301,0,0,0,N,0,0,0,4,46104,0,,1,1,,N,N,,0,,0,0,1,0,0,N,1445,0,2,0,0,0,0,0,3,4,0,2,3,,N,,,,,,,,,,,
2006037721,1555.0,2,0,0,0,0,0,0,0,0,4,0,,67,2,2006,4,39.9867,-75.2083,1548.0,6,0,0,0,1,0,0,0,0,,0,0,0,15,1,0,1,,0.0,39 59:11.000,,2,75 12:29.789,0,0,0,0,67301,0,0,0,,0,0,0,2,67301,0,,1,1,,,N,,0,,0,0,0,9,3,,1548,0,2,0,0,0,0,0,3,4,0,2,3,,N,,,,,,,,,,,
2006037741,1447.0,1,0,0,0,0,0,0,0,0,7,0,,67,2,2006,7,40.0258,-75.032,1443.0,6,0,0,0,1,0,0,0,0,,0,0,0,14,1,0,0,,0.0,40 01:33.000,,0,75 01:55.134,0,0,0,0,67301,0,0,0,N,0,0,0,1,67301,0,,4,9,,N,N,,0,,0,0,0,0,0,,1443,0,2,0,0,1,0,0,3,4,0,1,10,,N,,,,,,,,,,,
2006079286,1714.0,0,0,0,0,0,0,0,0,0,8,0,,67,6,2006,2,40.0187,-75.1118,1707.0,6,0,0,0,0,0,1,0,0,,0,0,0,16,1,1,0,,0.0,40 01:07.424,,0,75 06:42.562,3,0,0,0,67301,1,0,0,N,1,0,0,2,67301,0,,1,1,,N,N,,0,,1,0,0,0,0,,1645,1,2,0,0,0,0,0,3,4,1,1,99,,N,,,,,,,,,,,
2006079293,1731.0,1,0,0,1,0,0,0,0,0,4,0,,67,5,2006,3,,,1722.0,6,0,0,0,0,0,0,0,0,,0,0,0,17,1,1,0,,0.0,,,0,,4,0,0,0,67301,1,0,0,N,0,0,0,3,67301,1,,1,1,,N,N,,0,,0,0,0,0,0,,1712,1,2,0,0,0,0,0,3,3,0,1,3,,N,,,,,,,,,,,
2006037796,23.0,2,0,0,0,0,0,0,0,0,4,0,,67,2,2006,4,39.9719,-75.2449,23.0,6,0,0,0,1,0,0,0,0,,0,0,0,0,3,1,1,,0.0,39 58:18.000,,0,75 14:41.327,4,0,0,0,67301,0,0,0,N,0,0,0,3,67301,1,,1,1,,N,N,,0,,0,0,0,3,2,,10,1,2,0,0,2,0,1,3,4,0,2,3,,N,,,,,,,,,,,
2006037799,1300.0,1,0,0,0,0,0,0,0,0,4,0,,67,3,2006,3,40.0454,-75.088,1255.0,6,0,0,0,0,0,0,0,1,,0,0,0,12,1,1,0,,0.0,40 02:43.301,,7,75 05:16.930,3,0,0,0,67301,1,0,0,N,1,0,0,2,67301,0,,1,1,,N,N,,0,,1,0,0,3,2,,1250,1,2,0,0,0,0,0,3,4,0,1,3,,N,,,,,,,,,,,
2006079200,550.0,1,0,0,0,0,0,0,0,0,8,0,,67,6,2006,3,39.9557,-75.1898,546.0,6,0,0,0,0,0,0,0,0,,0,0,0,5,1,1,0,,0.0,39 57:20.000,,0,75 11:23.348,8,0,0,0,67301,1,0,0,N,1,0,0,2,67301,0,,1,1,,N,N,,0,,0,0,0,3,2,,540,1,2,0,0,0,1,0,3,4,0,1,3,,N,,,,,,,,,,,
2006079626,1530.0,2,0,0,0,0,0,0,0,0,1,0,,67,6,2006,5,40.0475,-75.1428,1520.0,6,0,0,1,0,0,0,0,0,,0,0,0,15,1,1,1,,0.0,40 02:51.000,,0,75 08:34.110,3,0,0,0,67301,0,0,0,N,0,0,0,3,67301,0,,1,1,,N,N,,0,,1,0,0,3,2,,1520,1,2,0,0,2,0,0,3,4,0,2,3,,N,,,,,,,,,,,
2006082090,214.0,2,0,0,0,0,0,0,0,0,4,0,,67,6,2006,2,39.9708,-75.1223,213.0,6,0,0,0,0,0,0,0,0,,0,0,0,2,3,0,2,,0.0,39 58:14.817,,0,75 07:20.188,0,0,0,0,67301,0,0,0,N,0,0,0,1,67301,0,,1,1,,N,N,,0,,0,0,0,3,2,,205,0,2,0,0,1,0,0,3,4,0,2,3,,N,,,,,,,,,,,
2006082066,1337.0,1,0,0,0,0,0,0,0,0,8,0,,67,7,2006,1,,,1326.0,6,0,0,0,0,0,0,0,0,,0,0,0,99,1,1,0,,0.0,,,0,,4,0,0,0,67301,1,0,0,N,1,0,0,2,67301,1,,1,1,,N,N,,0,,0,0,0,0,0,,9999,1,2,0,0,0,0,0,3,3,0,1,3,,N,,,,,,,,,,,