CRN,ARRIVAL_TM,AUTOMOBILE_COUNT,BELTED_DEATH_COUNT,BELTED_SUSP_SERIOUS_INJ_COUNT,BICYCLE_COUNT,BICYCLE_DEATH_COUNT,BICYCLE_SUSP_SERIOUS_INJ_COUNT,BUS_COUNT,CHLDPAS_DEATH_COUNT,CHLDPAS_SUSP_SERIOUS_INJ_COUNT,COLLISION_TYPE,COMM_VEH_COUNT,CONS_ZONE_SPD_LIM,COUNTY,CRASH_MONTH,CRASH_YEAR,DAY_OF_WEEK,DEC_LAT,DEC_LONG,DISPATCH_TM,DISTRICT,DRIVER_COUNT_16YR,DRIVER_COUNT_17YR,DRIVER_COUNT_18YR,DRIVER_COUNT_19YR,DRIVER_COUNT_20YR,DRIVER_COUNT_50_64YR,DRIVER_COUNT_65_74YR,DRIVER_COUNT_75PLUS,EST_HRS_CLOSED,FATAL_COUNT,HEAVY_TRUCK_COUNT,HORSE_BUGGY_COUNT,HOUR_OF_DAY,ILLUMINATION,INJURY_COUNT,INTERSECT_TYPE,INTERSECTION_RELATED,LANE_CLOSED,LATITUDE,LN_CLOSE_DIR,LOCATION_TYPE,LONGITUDE,MAX_SEVERITY_LEVEL,MCYCLE_DEATH_COUNT,MCYCLE_SUSP_SERIOUS_INJ_COUNT,MOTORCYCLE_COUNT,MUNICIPALITY,NONMOTR_COUNT,NONMOTR_DEATH_COUNT,NONMOTR_SUSP_SERIOUS_INJ_COUNT,NTFY_HIWY_MAINT,PED_COUNT,PED_DEATH_COUNT,PED_SUSP_SERIOUS_INJ_COUNT,PERSON_COUNT,POLICE_AGCY,POSSIBLE_INJ_COUNT,RDWY_SURF_TYPE_CD,RELATION_TO_ROAD,ROAD_CONDITION,ROADWAY_CLEARED,SCH_BUS_IND,SCH_ZONE_IND,SECONDARY_CRASH,SMALL_TRUCK_COUNT,SPEC_JURIS_CD,SUSP_MINOR_INJ_COUNT,SUSP_SERIOUS_INJ_COUNT,SUV_COUNT,TCD_FUNC_CD,TCD_TYPE,TFC_DETOUR_IND,TIME_OF_DAY,TOT_INJ_COUNT,TOTAL_UNITS,UNB_DEATH_COUNT,UNB_SUSP_SERIOUS_INJ_COUNT,UNBELTED_OCC_COUNT,UNK_INJ_DEG_COUNT,UNK_INJ_PER_COUNT,URBAN_AREA,URBAN_RURAL,VAN_COUNT,VEHICLE_COUNT,WEATHER1,WEATHER2,WORK_ZONE_IND,WORK_ZONE_LOC,WORK_ZONE_TYPE,WORKERS_PRES,WZ_CLOSE_DETOUR,WZ_FLAGGER,WZ_LAW_OFFCR_IND,WZ_LN_CLOSURE,WZ_MOVING,WZ_OTHER,WZ_SHLDER_MDN,WZ_WORKERS_INJ_KILLED
2006082523,1949.0,2,0,0,0,0,0,0,0,0,1,0,,67,6,2006,2,39.9947,-75.1321,1947.0,6,0,0,0,0,0,1,0,0,,0,0,0,19,1,1,0,,0.0,39 59:40.981,,0,75 07:55.545,8,0,0,0,67301,0,0,0,N,0,0,0,3,67301,0,,1,1,,N,N,,0,,0,0,0,0,0,,1908,1,2,0,0,0,1,1,3,4,0,2,3,,N,,,,,,,,,,,
2006079818,1613.0,1,0,0,0,0,0,0,0,0,4,0,,67,7,2006,6,40.0566,-75.0132,1610.0,6,0,0,0,0,0,0,1,0,,0,0,0,16,1,1,5,,0.0,40 03:23.817,,0,75 00:47.353,4,0,0,0,67301,0,0,0,N,0,0,0,2,67301,1,,1,1,,N,N,,1,,0,0,0,3,2,,1600,1,2,0,0,0,0,0,3,4,0,2,3,,N,,,,,,,,,,,
2006018664,1216.0,1,0,0,0,0,0,1,0,0,1,1,,67,1,2006,4,,,1216.0,6,0,0,0,0,0,0,1,0,1.0,0,0,0,12,1,5,0,,2.0,,2.0,0,,4,0,0,0,67301,0,0,0,,0,0,0,8,67301,5,,1,1,,N,N,,0,,0,0,0,3,2,Y,1210,5,2,0,0,0,0,0,3,3,0,2,3,,N,,,,,,,,,,,
2007054582,1842.0,1,0,0,0,0,0,0,0,0,1,0,,67,1,2006,1,40.0598,-75.0093,1837.0,6,0,0,0,0,0,0,0,0,,0,0,0,99,3,1,2,,0.0,40 03:35.000,,0,75 00:33.456,8,0,0,0,67301,0,0,0,N,0,0,0,4,67301,0,,2,1,,N,N,,0,,0,0,0,0,0,,9999,1,2,0,0,0,1,3,3,4,1,2,3,,N,,,,,,,,,,,
2007023213,1130.0,2,0,0,0,0,0,0,0,0,4,0,,67,12,2006,7,40.0235,-75.1335,1123.0,6,0,0,0,0,1,1,0,0,,0,0,0,11,1,1,1,,0.0,40 01:24.000,,0,75 07:59.561,4,0,0,0,67301,0,0,0,N,0,0,0,3,67301,1,,1,1,,N,N,,0,,0,0,0,3,2,,1100,1,2,0,0,0,0,0,3,4,0,2,3,,N,,,,,,,,,,,
2007034508,,2,0,0,0,0,0,0,0,0,4,0,,67,11,2006,4,40.0014,-75.1515,,6,0,0,0,0,0,0,0,0,,0,0,0,14,1,0,1,,0.0,40 00:05.000,,0,75 09:05.818,0,0,0,0,67301,0,0,0,N,0,0,0,2,,0,,1,1,,N,N,,0,,0,0,0,3,3,,1430,0,2,0,0,0,0,0,3,4,0,2,3,,N,,,,,,,,,,,
2007029562,1921.0,2,0,0,0,0,0,0,0,0,1,0,,67,12,2006,5,40.0475,-75.1124,1908.0,6,0,0,0,0,0,1,0,0,,0,0,0,19,3,1,3,,0.0,40 02:50.984,,0,75 06:44.541,4,0,0,0,67301,0,0,0,N,0,0,0,2,67301,1,,1,1,,N,N,,0,,0,0,0,3,2,,1900,1,2,0,0,0,0,0,3,4,0,2,3,,N,,,,,,,,,,,
2007008407,2024.0,2,0,0,0,0,0,0,0,0,5,0,,67,11,2006,2,39.9235,-75.2374,9999.0,6,0,0,0,0,1,0,0,0,,0,0,0,20,3,1,2,,0.0,39 55:24.520,,0,75 14:14.729,8,0,0,0,67301,0,0,0,N,0,0,0,2,67301,0,,1,1,,N,N,,0,,0,0,0,3,3,,2020,1,2,0,0,0,1,0,3,4,0,2,3,,N,,,,,,,,,,,
2007010945,1100.0,1,0,0,0,0,0,0,0,0,8,0,,67,12,2006,6,39.9516,-75.2165,1059.0,6,0,0,0,0,0,0,0,0,,0,0,0,10,1,1,1,,0.0,39 57:05.662,,0,75 12:59.446,8,0,0,0,67301,1,0,0,N,1,0,0,2,67301,0,,1,1,,N,N,,0,,0,0,0,9,3,,1030,1,2,0,0,0,1,0,3,4,0,1,3,,N,,,,,,,,,,,
2007008450,210.0,1,0,0,0,0,0,0,0,0,7,0,,67,12,2006,1,,,209.0,6,0,0,0,0,0,0,0,0,1.0,0,0,0,2,3,0,0,,1.0,,2.0,0,,9,0,0,0,67301,0,0,0,N,0,0,0,1,67301,0,,3,1,,N,N,,0,,0,0,0,0,0,N,209,0,1,0,0,0,0,1,3,3,0,1,3,,N,,,,,,,,,,,
2007008481,1750.0,1,0,0,0,0,0,0,0,0,8,0,,67,11,2006,3,40.0089,-75.194,1745.0,6,0,0,0,0,0,1,0,0,,0,0,0,17,3,1,1,,0.0,40 00:32.000,,0,75 11:38.284,4,0,0,0,67301,1,0,0,N,1,0,0,2,67301,1,,1,1,,N,N,,0,,0,0,0,0,0,,1740,1,2,0,0,0,0,0,3,4,0,1,3,,N,,,,,,,,,,,
2007008511,1500.0,2,0,0,0,0,0,0,0,0,4,0,,67,12,2006,2,39.925,-75.1714,1456.0,6,0,0,0,0,0,0,0,0,,0,0,0,14,1,1,0,,0.0,39 55:30.000,,0,75 10:17.103,3,0,0,1,67301,0,0,0,,0,0,0,2,67301,0,,1,1,,,,,0,,1,0,0,0,0,,1456,1,3,0,0,0,0,0,3,4,0,3,3,,N,,,,,,,,,,,
2007021523,1805.0,4,0,0,0,0,0,0,0,0,5,0,,67,12,2006,2,40.0774,-75.1741,1758.0,6,0,0,0,0,0,0,0,0,,0,0,0,99,3,0,0,,0.0,40 04:38.488,,0,75 10:26.835,9,0,0,0,67301,0,0,0,,0,0,0,1,67301,0,,1,1,,N,N,,0,,0,0,0,0,0,,9999,0,5,0,0,0,0,1,3,4,1,5,3,,N,,,,,,,,,,,
2007021562,1145.0,1,0,0,0,0,0,0,0,0,5,1,,67,12,2006,5,40.0195,-75.149,1140.0,6,0,0,0,0,0,2,0,0,,0,1,0,11,1,1,2,,0.0,40 01:10.000,,0,75 08:56.396,4,0,0,0,67301,0,0,0,,0,0,0,2,67301,1,,1,1,,,,,0,,0,0,0,3,2,,1125,1,2,0,0,0,0,0,3,4,0,2,3,,N,,,,,,,,,,,
2007022116,307.0,1,0,0,0,0,0,0,0,0,4,0,,67,12,2006,7,40.0432,-75.1809,306.0,6,0,0,0,0,0,0,0,0,9.0,0,0,0,3,3,1,1,,2.0,40 02:35.000,7.0,0,75 10:51.147,4,0,0,0,67301,0,0,0,N,0,0,0,2,67301,1,,1,1,,N,N,,0,,0,0,1,3,2,Y,305,1,2,0,0,0,0,1,3,4,0,2,3,,N,,,,,,,,,,,
2007009814,1550.0,1,0,0,0,0,0,0,0,0,1,0,,67,12,2006,5,,,1539.0,6,0,0,0,0,0,0,0,0,1.0,0,0,0,15,1,2,0,,1.0,,4.0,0,,8,0,0,0,67301,0,0,0,N,0,0,0,3,67301,0,,1,1,,N,N,,1,,0,0,0,0,0,N,1539,2,2,0,0,0,2,0,3,3,0,2,3,,N,,,,,,,,,,,
2007010376,702.0,1,0,0,0,0,0,1,0,0,4,1,,67,11,2006,3,39.9372,-75.1566,700.0,6,0,0,0,0,0,0,0,0,3.0,0,0,0,7,2,4,1,,2.0,39 56:13.880,2.0,0,75 09:23.842,4,0,0,0,67301,0,0,0,N,0,0,0,6,67301,4,,1,1,,N,N,,0,,0,0,0,3,3,Y,700,4,2,0,0,1,0,0,3,4,0,2,3,,N,,,,,,,,,,,
2007033324,1650.0,1,0,0,0,0,0,0,0,0,5,0,,67,11,2006,7,39.9926,-75.1203,1644.0,6,0,0,1,0,0,0,0,0,9.0,0,0,0,16,1,0,0,,2.0,39 59:33.532,3.0,0,75 07:12.997,0,0,0,0,67301,0,0,0,N,0,0,0,2,67301,0,,1,1,,N,N,,0,,0,0,1,0,0,Y,1605,0,2,0,0,0,0,0,3,4,0,2,3,,N,,,,,,,,,,,
2007006885,2339.0,1,0,0,0,0,0,0,0,0,8,0,,67,11,2006,4,40.0395,-75.0334,2319.0,6,0,0,0,0,0,0,0,0,3.0,0,0,0,23,3,1,1,,1.0,40 02:22.000,1.0,0,75 02:00.242,8,0,0,0,67301,1,0,0,,1,0,0,3,67301,0,,1,9,,,,,0,,0,0,0,3,2,Y,2305,1,2,0,0,0,1,0,3,4,0,1,7,,N,,,,,,,,,,,
2007009182,1428.0,2,0,0,0,0,0,0,0,0,4,0,,67,11,2006,6,39.9513,-75.1551,1428.0,6,0,0,0,0,0,0,0,0,,0,0,0,14,1,3,1,,0.0,39 57:04.000,,0,75 09:18.271,8,0,0,0,67301,0,0,0,N,0,0,0,5,67301,0,,1,1,,N,N,,0,,0,0,0,3,2,,1426,3,2,0,0,0,3,0,3,4,0,2,3,,N,,,,,,,,,,,
2007022376,1700.0,1,0,0,0,0,0,0,0,0,1,0,,67,12,2006,4,40.0481,-75.0929,1654.0,6,0,0,0,0,0,0,0,0,,0,0,0,16,4,1,0,,0.0,40 02:53.000,,0,75 05:34.489,8,0,0,0,67301,0,0,0,N,0,0,0,3,67301,0,,1,1,,N,N,,2,,0,0,0,0,0,,1650,1,3,0,0,0,1,0,3,4,0,3,3,,N,,,,,,,,,,,
2008103641,1022.0,1,0,0,0,0,0,0,0,0,5,0,,67,6,2006,4,39.9055,-75.1736,1020.0,6,0,0,0,0,0,0,0,0,9.0,0,0,0,10,1,0,0,,1.0,39 54:19.956,1.0,0,75 10:24.795,0,0,0,0,67301,0,0,0,Y,0,0,0,3,67301,0,,1,1,,N,N,,0,,0,0,1,0,0,N,1015,0,2,0,0,0,0,0,3,4,0,2,3,,N,,,,,,,,,,,
2006056469,743.0,1,0,0,1,0,0,0,0,0,5,0,,67,3,2006,2,39.9566,-75.1655,738.0,6,0,0,0,0,0,1,0,0,,0,0,0,7,1,1,0,,0.0,39 57:23.644,,1,75 09:55.627,4,0,0,0,67301,0,0,0,N,0,0,0,2,67301,1,,1,1,,N,Y,,0,,0,0,0,0,0,,735,1,2,0,0,0,0,0,3,4,0,2,3,,N,,,,,,,,,,,
2006056481,1350.0,2,0,0,0,0,0,0,0,0,4,0,,67,3,2006,3,40.025,-75.1257,1345.0,6,0,0,0,1,0,1,0,0,,0,0,0,13,1,1,1,,0.0,40 01:30.000,,0,75 07:31.688,4,0,0,0,67301,0,0,0,N,0,0,0,4,67301,1,,1,1,,N,N,,0,,0,0,0,3,2,,1300,1,2,0,0,2,0,0,3,4,0,2,3,,N,,,,,,,,,,,
2006036617,1225.0,1,0,0,1,0,0,0,0,0,5,0,,67,2,2006,5,40.0423,-75.0256,1220.0,6,0,0,0,0,0,0,0,0,,0,0,0,12,1,1,1,,0.0,40 02:32.000,,0,75 01:32.179,4,0,0,0,67301,1,0,0,,0,0,0,2,67301,1,,1,1,,N,N,,0,,0,0,0,3,2,,1210,1,2,0,0,0,0,0,3,4,0,1,3,,N,,,,,,,,,,,
2006034197,804.0,3,0,0,0,0,0,0,0,0,5,0,,67,2,2006,3,40.037,-75.1227,804.0,6,0,0,0,0,0,0,0,0,1.0,0,0,0,8,1,1,0,,1.0,40 02:13.339,3.0,0,75 07:21.658,8,0,0,0,67301,0,0,0,N,0,0,0,2,67301,0,,1,1,,N,N,,0,,0,0,0,0,0,N,800,1,3,0,0,0,1,0,3,4,0,3,3,,N,,,,,,,,,,,
2006036656,1143.0,2,0,0,0,0,0,0,0,0,4,0,,67,3,2006,7,40.0644,-75.1537,1140.0,6,0,0,0,0,0,0,1,0,,0,0,0,11,1,0,0,,0.0,40 03:51.735,,0,75 09:13.291,0,0,0,0,67301,0,0,0,N,0,0,0,2,67301,0,,1,1,,N,N,,0,,0,0,0,0,0,,1135,0,2,0,0,0,0,0,3,4,0,2,3,,N,,,,,,,,,,,
2006036670,800.0,1,0,0,0,0,0,0,0,0,8,0,,67,3,2006,2,39.957,-75.2255,757.0,6,0,0,0,0,0,0,0,0,,0,0,0,7,1,1,1,,0.0,39 57:25.000,,0,75 13:31.920,4,0,0,0,67301,1,0,0,,1,0,0,2,67301,1,,1,1,,,N,,0,,0,0,0,3,2,,755,1,2,0,0,0,0,0,3,4,0,1,3,,N,,,,,,,,,,,
2006024231,1520.0,2,0,0,0,0,0,0,0,0,2,0,,67,1,2006,3,40.0556,-75.1813,1517.0,6,0,0,0,0,0,0,0,0,,0,0,0,15,1,2,1,,0.0,40 03:19.000,,0,75 10:52.661,8,0,0,0,67301,0,0,0,,0,0,0,2,67301,0,,1,9,,N,N,,0,,0,0,0,0,0,,1517,2,2,0,0,0,2,0,3,4,0,2,7,,N,,,,,,,,,,,
2006019450,607.0,2,0,0,0,0,0,0,0,0,1,2,,67,1,2006,2,39.9559,-75.1806,605.0,6,0,0,0,0,0,2,0,0,3.0,0,2,0,6,3,3,7,,2.0,39 57:26.000,4.0,2,75 10:49.007,8,0,0,0,67301,0,0,0,Y,0,0,0,4,67301,0,,1,9,,N,N,,0,,0,0,0,0,0,Y,605,3,4,0,0,0,3,0,3,4,0,4,7,,N,,,,,,,,,,,
2006042382,625.0,2,0,0,0,0,0,0,0,0,1,0,,67,2,2006,6,,,622.0,6,0,0,0,0,0,0,0,0,1.0,0,0,0,6,3,0,0,,1.0,,4.0,0,,0,0,0,0,67301,0,0,0,N,0,0,0,2,67501,0,,1,1,,N,N,,0,,0,0,0,3,8,N,625,0,2,0,0,0,0,0,3,3,0,2,3,,N,,,,,,,,,,,
2006037744,1407.0,2,0,0,0,0,0,0,0,0,5,0,,67,3,2006,4,40.0651,-75.1858,1405.0,6,0,0,0,0,0,0,1,1,,0,0,0,14,1,1,1,,0.0,40 03:54.000,,0,75 11:09.022,8,0,0,0,67301,0,0,0,N,0,0,0,2,67301,0,,1,1,,N,N,,0,,0,0,0,3,3,,1403,1,2,0,0,0,1,0,3,4,0,2,3,,N,,,,,,,,,,,
2006079204,1300.0,1,0,0,0,0,0,0,0,0,8,0,99.0,67,6,2006,7,39.9602,-75.2269,1254.0,6,0,0,0,0,0,0,0,0,9.0,0,0,0,12,1,1,2,,1.0,39 57:36.000,3.0,0,75 13:36.650,4,0,0,0,67301,1,0,0,N,1,0,0,2,67301,1,,1,1,,N,N,,0,,0,0,0,0,0,Y,1240,1,2,0,0,0,0,0,3,4,0,1,3,,Y,8.0,8.0,U,,,U,,,,,
2006079605,2148.0,2,0,0,0,0,0,0,0,0,4,0,,67,7,2006,2,39.9533,-75.1838,2146.0,6,0,0,0,0,0,1,0,0,,0,0,0,21,3,0,2,,0.0,39 57:12.002,,0,75 11:01.517,0,0,0,0,67301,0,0,0,N,0,0,0,5,67504,0,,1,1,,N,N,,0,,0,0,0,3,2,,2145,0,2,0,0,0,0,0,3,4,0,2,3,,N,,,,,,,,,,,
2006082077,2055.0,0,0,0,1,0,0,0,0,0,4,0,,67,4,2006,7,40.0132,-75.0704,2051.0,6,0,0,0,0,0,0,0,0,,0,0,0,20,4,1,1,,0.0,40 00:47.000,,0,75 04:13.512,4,0,0,0,67301,1,0,0,N,0,0,0,2,67301,1,,1,9,,N,N,,0,,0,0,1,3,2,,2020,1,2,0,0,0,0,1,3,4,0,1,3,,N,,,,,,,,,,,
2006082098,1920.0,1,0,0,0,0,0,0,0,0,8,0,,67,6,2006,7,40.0158,-75.0898,1914.0,6,0,0,0,0,0,0,0,0,,0,0,0,19,1,1,2,,0.0,40 00:56.800,,0,75 05:23.305,3,0,0,0,67301,1,0,0,N,1,0,0,3,67301,0,,1,1,,N,N,,0,,1,0,0,0,0,,1913,1,2,0,0,0,0,0,3,4,0,1,3,,N,,,,,,,,,,,
2006079907,1200.0,2,0,0,0,0,0,0,0,0,4,0,,67,5,2006,5,,,1158.0,6,0,0,0,0,0,0,0,0,3.0,0,0,0,11,1,1,1,,2.0,,5.0,0,,4,0,0,0,67301,1,0,0,N,1,0,0,3,67301,1,,1,1,,N,N,,0,,0,0,0,3,2,Y,1153,1,3,0,0,0,0,1,3,3,0,2,3,,N,,,,,,,,,,,
2006084940,2246.0,1,0,0,0,0,0,0,0,0,1,0,,67,6,2006,6,39.9514,-75.1827,2345.0,6,0,0,0,0,1,2,0,0,1.0,0,0,0,23,3,0,6,,1.0,39 57:08.000,3.0,2,75 10:55.228,0,0,0,0,67301,0,0,0,N,0,0,0,5,67301,0,,1,1,,N,N,,0,,0,0,3,3,4,N,2345,0,4,0,0,0,0,0,3,4,0,4,3,,N,,,,,,,,,,,
2006082417,2113.0,0,0,0,0,0,0,0,0,0,8,0,,67,7,2006,7,39.9533,-75.1838,2113.0,6,0,0,0,0,0,1,0,0,,0,0,0,21,3,1,2,,0.0,39 57:12.000,,0,75 11:01.789,3,0,0,0,67301,1,0,0,N,1,0,0,3,67504,0,,1,1,,N,N,,0,,1,0,0,3,2,,2110,1,3,0,0,0,0,1,3,4,1,2,3,,N,,,,,,,,,,,
2006082514,925.0,2,0,0,0,0,0,0,0,0,4,0,,67,5,2006,4,40.0031,-75.1283,856.0,6,0,0,0,0,0,0,0,0,,0,0,0,99,1,4,1,,0.0,40 00:11.163,,0,75 07:41.800,4,0,0,0,67301,0,0,0,N,0,0,0,4,67301,2,,1,1,,N,N,,0,,0,0,0,3,2,,9999,4,2,0,0,0,2,0,3,4,0,2,3,,N,,,,,,,,,,,
2006079866,120.0,5,0,0,0,0,0,0,0,0,6,0,,67,6,2006,1,39.9793,-75.1627,118.0,6,0,0,0,0,0,0,0,0,,0,0,0,99,3,3,1,,0.0,39 58:45.483,,0,75 09:45.551,4,0,0,0,67301,0,0,0,N,0,0,0,4,67301,3,,2,1,,N,N,,0,,0,0,0,0,0,,9999,3,7,0,0,0,0,1,3,4,2,7,3,,N,,,,,,,,,,,
2006079867,910.0,1,0,0,0,0,0,0,0,0,8,0,,67,6,2006,4,39.9306,-75.1692,901.0,6,0,0,0,0,0,0,0,0,,0,0,0,9,1,1,2,,0.0,39 55:50.249,,0,75 10:09.293,8,0,0,0,67301,1,0,0,N,1,0,0,2,67301,0,,1,1,,N,N,,0,,0,0,0,0,0,,900,1,2,0,0,0,1,0,3,4,0,1,3,,N,,,,,,,,,,,
2006079881,540.0,0,0,0,0,0,0,0,0,0,0,0,,67,7,2006,7,39.9295,-75.2434,538.0,6,0,0,0,0,0,0,0,0,2.0,0,0,0,5,1,2,0,,2.0,39 55:46.224,6.0,0,75 14:36.180,3,0,0,1,67301,0,0,0,N,0,0,0,2,67301,1,,1,1,,N,N,,0,,1,0,0,0,0,Y,528,2,1,0,0,0,0,0,3,4,0,1,3,,N,,,,,,,,,,,
2006018670,1535.0,2,0,0,0,0,0,0,0,0,1,0,,67,1,2006,4,39.9638,-75.1844,1530.0,6,0,0,0,0,0,0,0,0,,0,0,0,15,1,3,0,,0.0,39 57:50.000,,0,75 11:04.458,4,0,0,0,67301,0,0,0,,0,0,0,4,67301,3,,1,1,,N,N,,0,,0,0,0,0,0,,1530,3,2,0,0,3,0,0,3,4,0,2,3,,N,,,,,,,,,,,
2007054380,2345.0,2,0,0,0,0,0,0,0,0,1,0,,67,12,2006,4,40.0362,-75.0642,2339.0,6,0,0,0,0,1,0,0,0,,0,0,0,22,3,1,1,,0.0,40 02:12.000,,0,75 03:51.744,8,0,0,0,67301,0,0,0,N,0,0,0,2,67301,0,,1,9,,N,N,,0,,0,0,0,3,2,,2213,1,2,0,0,0,1,0,3,4,0,2,5,,N,,,,,,,,,,,
2007023681,1258.0,0,0,0,0,0,0,1,0,0,8,1,,67,11,2006,4,39.9758,-75.1768,1258.0,6,0,0,0,0,0,0,0,0,,0,0,0,12,1,1,0,,0.0,39 58:33.026,,0,75 10:36.500,8,0,0,0,67301,1,0,0,N,1,0,0,2,67301,0,,1,1,,Y,N,,0,,0,0,0,0,0,,1258,1,2,0,0,0,1,1,3,4,0,1,3,,N,,,,,,,,,,,
2007023668,1850.0,2,0,0,0,0,0,0,0,0,1,0,,67,12,2006,3,40.0548,-75.169,1834.0,6,0,0,0,0,0,1,0,0,9.0,0,0,0,18,3,1,1,,1.0,40 03:17.448,4.0,0,75 10:08.247,4,0,0,0,67301,0,0,0,N,0,0,0,4,67301,1,,1,1,,N,N,,0,,0,0,0,3,2,N,1804,1,2,0,0,0,0,0,3,4,0,2,3,,N,,,,,,,,,,,
2007023047,2010.0,1,0,0,0,0,0,0,0,0,4,0,,67,12,2006,4,39.9651,-75.2401,2010.0,6,0,0,0,0,0,0,0,0,,0,0,0,20,3,1,1,,0.0,39 57:54.205,,0,75 14:24.511,4,0,0,0,67301,0,0,0,N,0,0,0,2,67301,1,,1,1,,N,N,,1,,0,0,0,3,2,,2000,1,2,0,0,0,0,0,3,4,0,2,3,,N,,,,,,,,,,,
2007023053,431.0,1,0,0,0,0,0,0,0,0,7,0,,67,12,2006,1,40.0514,-75.1942,430.0,6,0,0,0,0,0,0,0,0,,0,0,0,4,3,0,0,,0.0,40 03:05.000,,0,75 11:39.078,0,0,0,0,67301,0,0,0,N,0,0,0,1,67301,0,,2,1,,N,N,,0,,0,0,0,0,0,,426,0,1,0,0,0,0,0,3,4,0,1,3,,N,,,,,,,,,,,
2007032560,,0,0,0,0,0,0,0,0,0,8,0,,67,6,2006,2,39.9999,-75.1502,,6,0,0,0,0,0,0,0,0,,0,0,0,99,1,1,1,,0.0,39 59:59.654,,0,75 09:00.593,8,0,0,0,67301,1,0,0,,1,0,0,2,00000,0,,1,98,,,,,0,,0,0,0,0,0,,9999,1,2,0,0,0,1,1,3,4,1,1,99,,N,,,,,,,,,,,
2007008436,1035.0,1,0,0,0,0,0,0,0,0,4,0,,67,11,2006,6,40.0134,-75.1502,1026.0,6,0,0,0,0,0,1,0,0,,0,0,0,10,1,1,0,,0.0,40 00:48.196,,7,75 09:00.835,4,0,0,0,67301,0,0,0,N,0,0,0,2,67301,1,,1,1,,N,N,,1,,0,0,0,0,0,,1008,1,2,0,0,0,0,0,3,4,0,2,3,,N,,,,,,,,,,,
2007008468,2000.0,2,0,0,0,0,0,0,0,0,1,0,,67,11,2006,6,40.035,-75.0694,1954.0,6,0,0,0,0,0,0,0,0,,0,0,0,18,3,1,1,,0.0,40 02:06.000,,0,75 04:09.869,4,0,0,0,67301,0,0,0,,0,0,0,3,67301,1,,1,1,,,,,0,,0,0,0,3,2,,1840,1,2,0,0,0,0,0,3,4,0,2,3,,N,,,,,,,,,,,
2007008484,1845.0,2,0,0,0,0,0,0,0,0,4,0,,67,11,2006,1,40.034,-75.0744,1827.0,6,0,0,0,0,0,0,0,0,1.0,0,0,0,99,3,3,1,,1.0,40 02:02.000,4.0,0,75 04:27.841,8,0,0,0,67301,0,0,0,N,0,0,0,5,67301,0,,1,9,,N,N,,0,,0,0,0,3,2,Y,9999,3,2,0,0,0,3,0,3,4,0,2,7,,N,,,,,,,,,,,
2007008513,1858.0,0,0,0,0,0,0,0,0,0,4,0,,67,11,2006,2,39.9171,-75.2347,1853.0,6,0,0,0,0,1,0,0,0,,0,0,0,18,3,2,1,,0.0,39 55:01.380,,0,75 14:04.822,4,0,0,0,67301,0,0,0,N,0,0,0,6,67301,2,,1,1,,N,N,,0,,0,0,1,3,2,,1850,2,2,0,0,0,0,0,3,4,1,2,3,,N,,,,,,,,,,,
2007021528,510.0,3,0,0,0,0,0,0,0,0,4,0,,67,12,2006,4,39.9587,-75.2272,510.0,6,0,0,0,1,0,0,0,0,,0,0,0,4,3,1,5,,0.0,39 57:31.000,,0,75 13:37.725,8,0,0,0,67301,0,0,0,,0,0,0,5,67301,0,,1,9,,,,,0,,0,0,0,9,2,,455,1,3,0,0,0,1,0,3,4,0,3,98,,N,,,,,,,,,,,
2007022141,1215.0,0,0,0,0,0,0,0,0,0,1,1,,67,12,2006,6,40.0072,-75.2001,1212.0,6,0,0,0,0,0,1,0,0,1.0,0,1,0,12,1,2,0,,2.0,40 00:26.000,3.0,0,75 12:01.485,4,0,0,0,67301,0,0,0,N,0,0,0,3,67301,2,,1,1,,N,N,,0,,0,0,1,0,0,Y,1212,2,2,0,0,0,0,0,3,4,0,2,3,,N,,,,,,,,,,,
2007007088,2230.0,1,0,0,0,0,0,0,0,0,7,0,,67,11,2006,4,39.9598,-75.1784,2225.0,6,0,0,0,0,0,0,0,0,1.0,0,0,0,22,3,0,3,,1.0,39 57:35.000,3.0,2,75 10:42.445,0,0,0,0,67301,0,0,0,N,0,0,0,1,67301,0,,2,9,,N,N,,0,,0,0,0,0,0,N,2221,0,1,0,0,0,0,0,3,4,0,1,7,,N,,,,,,,,,,,
2007007104,1209.0,2,0,0,0,0,0,0,0,0,2,0,,67,12,2006,7,39.9386,-75.2217,1205.0,6,0,0,1,0,0,0,0,0,,0,0,0,12,1,2,1,,0.0,39 56:18.000,,0,75 13:18.040,4,0,0,0,67301,0,0,0,N,0,0,0,2,67301,2,,1,1,,N,N,,0,,0,0,0,3,2,,1201,2,2,0,0,0,0,0,3,4,0,2,3,,N,,,,,,,,,,,
2007007151,9999.0,0,0,0,0,0,0,0,0,0,8,0,,67,11,2006,5,40.0224,-75.0782,9999.0,6,0,0,0,0,0,1,0,0,,0,0,0,11,1,1,1,,0.0,40 01:20.000,,0,75 04:41.706,4,0,0,0,67301,1,0,0,N,1,0,0,2,67301,1,,1,1,,N,N,,0,,0,0,1,0,0,,1125,1,2,0,0,0,0,0,3,4,0,1,3,,N,,,,,,,,,,,