CRN,ARRIVAL_TM,AUTOMOBILE_COUNT,BELTED_DEATH_COUNT,BELTED_SUSP_SERIOUS_INJ_COUNT,BICYCLE_COUNT,BICYCLE_DEATH_COUNT,BICYCLE_SUSP_SERIOUS_INJ_COUNT,BUS_COUNT,CHLDPAS_DEATH_COUNT,CHLDPAS_SUSP_SERIOUS_INJ_COUNT,COLLISION_TYPE,COMM_VEH_COUNT,CONS_ZONE_SPD_LIM,COUNTY,CRASH_MONTH,CRASH_YEAR,DAY_OF_WEEK,DEC_LAT,DEC_LONG,DISPATCH_TM,DISTRICT,DRIVER_COUNT_16YR,DRIVER_COUNT_17YR,DRIVER_COUNT_18YR,DRIVER_COUNT_19YR,DRIVER_COUNT_20YR,DRIVER_COUNT_50_64YR,DRIVER_COUNT_65_74YR,DRIVER_COUNT_75PLUS,EST_HRS_CLOSED,FATAL_COUNT,HEAVY_TRUCK_COUNT,HORSE_BUGGY_COUNT,HOUR_OF_DAY,ILLUMINATION,INJURY_COUNT,INTERSECT_TYPE,INTERSECTION_RELATED,LANE_CLOSED,LATITUDE,LN_CLOSE_DIR,LOCATION_TYPE,LONGITUDE,MAX_SEVERITY_LEVEL,MCYCLE_DEATH_COUNT,MCYCLE_SUSP_SERIOUS_INJ_COUNT,MOTORCYCLE_COUNT,MUNICIPALITY,NONMOTR_COUNT,NONMOTR_DEATH_COUNT,NONMOTR_SUSP_SERIOUS_INJ_COUNT,NTFY_HIWY_MAINT,PED_COUNT,PED_DEATH_COUNT,PED_SUSP_SERIOUS_INJ_COUNT,PERSON_COUNT,POLICE_AGCY,POSSIBLE_INJ_COUNT,RDWY_SURF_TYPE_CD,RELATION_TO_ROAD,ROAD_CONDITION,ROADWAY_CLEARED,SCH_BUS_IND,SCH_ZONE_IND,SECONDARY_CRASH,SMALL_TRUCK_COUNT,SPEC_JURIS_CD,SUSP_MINOR_INJ_COUNT,SUSP_SERIOUS_INJ_COUNT,SUV_COUNT,TCD_FUNC_CD,TCD_TYPE,TFC_DETOUR_IND,TIME_OF_DAY,TOT_INJ_COUNT,TOTAL_UNITS,UNB_DEATH_COUNT,UNB_SUSP_SERIOUS_INJ_COUNT,UNBELTED_OCC_COUNT,UNK_INJ_DEG_COUNT,UNK_INJ_PER_COUNT,URBAN_AREA,URBAN_RURAL,VAN_COUNT,VEHICLE_COUNT,WEATHER1,WEATHER2,WORK_ZONE_IND,WORK_ZONE_LOC,WORK_ZONE_TYPE,WORKERS_PRES,WZ_CLOSE_DETOUR,WZ_FLAGGER,WZ_LAW_OFFCR_IND,WZ_LN_CLOSURE,WZ_MOVING,WZ_OTHER,WZ_SHLDER_MDN,WZ_WORKERS_INJ_KILLED
2007007731,1745.0,2,0,0,0,0,0,0,0,0,1,0,,67,12,2006,5,40.0323,-75.0812,1743.0,6,0,0,0,0,0,2,0,0,2.0,0,0,0,16,3,2,0,,2.0,40 01:55.000,2.0,0,75 04:52.997,4,0,0,0,67301,0,0,0,N,0,0,0,4,67301,1,,1,1,,N,N,,0,,0,0,1,0,0,N,1646,2,3,0,0,0,1,0,3,4,0,3,3,,N,,,,,,,,,,,
2007055362,2352.0,2,0,0,0,0,0,0,0,0,6,0,,67,12,2006,3,40.0263,-75.2194,2342.0,6,0,0,0,0,0,0,0,0,,0,0,0,23,3,1,10,,0.0,40 01:34.752,,0,75 13:09.706,8,0,0,0,67301,0,0,0,N,0,0,0,1,67301,0,,1,1,,N,N,,0,,0,0,2,0,0,,2342,1,4,0,0,0,1,0,3,4,0,4,3,,N,,,,,,,,,,,
2007033484,,1,0,0,0,0,0,0,0,0,0,0,,67,11,2006,4,39.9542,-75.1545,,6,0,0,0,0,0,1,0,0,,0,0,0,22,6,1,0,,0.0,39 57:15.170,,0,75 09:16.252,2,0,0,0,67301,0,0,0,N,0,0,0,2,00000,0,,1,9,,N,N,,0,,0,1,0,0,0,,2220,1,1,0,0,0,0,0,3,4,0,1,7,,N,,,,,,,,,,,
2007032739,,1,0,0,0,0,0,0,0,0,1,0,,67,11,2006,3,39.904,-75.1623,,6,0,0,0,0,0,1,0,0,,0,0,0,10,1,1,2,,0.0,39 54:14.223,,0,75 09:44.157,3,0,0,0,67301,0,0,0,N,0,0,0,2,00000,0,,1,1,,N,N,,0,,1,0,0,3,2,,1000,1,2,0,0,0,0,0,3,4,1,2,3,,N,,,,,,,,,,,
2007032582,,0,0,0,0,0,0,0,0,0,1,0,,67,6,2006,2,40.0136,-75.0686,,6,0,0,0,0,0,0,0,0,,0,0,0,20,4,1,0,,0.0,40 00:48.000,,0,75 04:07.336,3,0,0,0,67301,1,0,0,,1,0,0,2,,0,,1,98,,,,,1,,1,0,0,0,0,,2017,1,3,0,0,0,0,0,3,4,0,2,99,,N,,,,,,,,,,,
2007032592,,1,0,0,1,0,0,0,0,0,4,0,,67,9,2006,2,40.0647,-74.9823,,6,0,0,0,0,0,0,0,0,,0,0,0,13,1,1,1,,0.0,40 03:52.885,,0,74 58:56.122,8,0,0,0,67301,1,0,0,N,0,0,0,2,00000,0,,1,98,,N,N,,0,,0,0,0,9,2,,1330,1,2,0,0,0,1,0,3,4,0,1,99,,N,,,,,,,,,,,
2006094173,1405.0,2,0,0,0,0,0,0,0,0,4,0,,67,7,2006,3,40.0735,-74.9833,1402.0,6,0,0,1,0,0,0,0,0,1.0,0,0,0,14,1,1,0,,1.0,40 04:24.632,4.0,7,74 58:59.775,4,0,0,0,67301,0,0,0,N,0,0,0,2,67301,1,,1,1,,N,N,,0,,0,0,0,0,0,N,1400,1,2,0,0,1,0,1,3,4,0,2,3,,N,,,,,,,,,,,
2006094431,1527.0,1,0,0,0,0,0,0,0,0,8,0,,67,7,2006,3,40.0047,-75.1697,1522.0,6,0,0,0,0,0,0,0,0,1.0,0,0,0,15,1,1,0,,1.0,40 00:16.826,1.0,0,75 10:11.078,3,0,0,0,67301,1,0,0,N,1,0,0,2,67301,0,,1,1,,N,N,,0,,1,0,0,0,0,Y,1512,1,2,0,0,0,0,1,3,4,0,1,3,,N,,,,,,,,,,,
2006094445,1538.0,3,0,0,0,0,0,0,0,0,1,0,,67,8,2006,3,40.0353,-75.1214,1537.0,6,0,0,0,0,0,0,0,1,,0,0,0,15,1,1,1,,0.0,40 02:06.000,,0,75 07:17.299,8,0,0,0,67301,0,0,0,N,0,0,0,4,67301,0,,1,1,,N,N,,0,,0,0,0,3,2,,1536,1,3,0,0,1,1,0,3,4,0,3,3,,N,,,,,,,,,,,
2006126202,35.0,1,0,0,0,0,0,0,0,0,1,0,,67,11,2006,7,40.0971,-75.0182,33.0,6,0,0,0,0,0,0,0,0,,0,0,0,0,3,1,1,,0.0,40 05:49.711,,0,75 01:05.375,3,0,0,1,67301,0,0,0,,0,0,0,4,67301,0,,1,1,,,,,1,,1,0,0,3,2,,31,1,3,0,0,0,0,0,3,4,0,3,3,,N,,,,,,,,,,,
2006126239,2140.0,2,0,0,0,0,0,0,0,0,1,0,,67,10,2006,7,39.9548,-75.1829,2135.0,6,0,0,0,0,0,0,0,0,,0,0,0,21,8,1,0,,0.0,39 57:17.000,,0,75 10:58.693,4,0,0,0,67301,0,0,0,N,0,0,0,2,67301,1,,1,1,,N,N,,0,,0,0,0,0,0,,2100,1,2,0,0,1,0,0,3,4,0,2,3,,N,,,,,,,,,,,
2006116124,1058.0,1,0,0,0,0,0,0,0,0,4,0,,67,10,2006,1,39.9589,-75.1567,1055.0,6,0,0,0,0,0,0,0,0,,0,0,0,10,1,0,2,,0.0,39 57:32.119,,0,75 09:24.206,0,0,0,0,67301,0,0,0,N,0,0,0,2,67301,0,,1,1,,N,N,,1,,0,0,0,3,1,,1048,0,2,0,0,0,0,0,3,4,0,2,3,,N,,,,,,,,,,,
2006123835,919.0,1,0,0,0,0,0,0,0,0,4,0,,67,10,2006,4,40.0808,-75.0286,919.0,6,0,0,0,0,0,0,0,1,1.0,0,0,0,9,1,1,1,,2.0,40 04:50.000,2.0,0,75 01:42.294,4,0,0,0,67301,0,0,0,N,0,0,0,3,67301,1,,1,1,,N,N,,0,,0,0,1,3,2,N,919,1,2,0,0,0,0,1,3,4,0,2,3,,N,,,,,,,,,,,
2006056426,1006.0,0,0,0,0,0,0,0,0,0,8,0,,67,3,2006,7,39.9848,-75.1244,1005.0,6,0,0,0,1,0,0,0,0,,0,0,0,10,1,1,0,,0.0,39 59:05.000,,0,75 07:28.092,4,0,0,0,67301,1,0,0,N,1,0,0,2,67301,1,,1,1,,N,N,,1,,0,0,0,3,2,,1000,1,2,0,0,0,0,0,3,4,0,1,3,,N,,,,,,,,,,,
2006056453,1433.0,0,0,0,0,0,0,0,0,0,4,0,,67,4,2006,6,39.9715,-75.1802,1931.0,6,0,0,0,0,0,0,0,0,,0,0,0,19,1,2,1,,0.0,39 58:17.457,,0,75 10:48.712,4,0,0,0,67301,0,0,0,N,0,0,0,3,67301,2,,1,1,,N,N,,1,,0,0,0,3,3,,1931,2,2,0,0,0,0,0,3,4,1,2,3,,N,,,,,,,,,,,
2006056470,2010.0,1,0,0,0,0,0,0,0,0,7,0,,67,4,2006,7,39.9566,-75.166,1958.0,6,0,0,0,0,0,0,0,0,,0,0,0,19,1,0,1,,0.0,39 57:23.000,,0,75 09:57.347,0,0,0,0,67301,0,0,0,N,0,0,0,1,67301,0,,5,1,,N,N,,0,,0,0,0,3,2,,1958,0,1,0,0,0,0,0,3,4,0,1,3,,N,,,,,,,,,,,
2006056483,1120.0,2,0,0,0,0,0,0,0,0,4,0,,67,3,2006,1,40.0356,-75.1239,1115.0,6,0,0,0,0,0,0,0,0,,0,0,0,11,1,1,1,,0.0,40 02:07.000,,0,75 07:26.064,8,0,0,0,67301,0,0,0,N,0,0,0,3,67301,0,,1,1,,N,N,,0,,0,0,0,3,2,,1114,1,2,0,0,1,1,0,3,4,0,2,3,,N,,,,,,,,,,,
2006056501,2240.0,3,0,0,0,0,0,0,0,0,4,0,,67,3,2006,1,39.9583,-75.1641,2240.0,6,0,0,0,0,0,0,0,0,,0,0,0,22,3,0,1,,0.0,39 57:30.000,,0,75 09:50.391,0,0,0,0,67301,0,0,0,N,0,0,0,3,67301,0,,1,1,,N,N,,0,,0,0,0,3,2,,2240,0,3,0,0,0,0,0,3,4,0,3,3,,N,,,,,,,,,,,
2006054027,350.0,0,0,0,0,0,0,0,0,0,5,0,,67,4,2006,1,39.9885,-75.1063,220.0,6,0,0,0,0,0,0,0,0,,0,0,0,2,3,1,1,,0.0,39 59:18.000,,0,75 06:22.665,3,0,0,1,67301,0,0,0,,0,0,0,2,67301,0,,1,1,,,,,0,,1,0,1,3,2,,215,1,2,0,0,0,0,1,3,4,0,2,3,,N,,,,,,,,,,,
2006033801,1428.0,1,0,0,0,0,0,0,0,0,4,0,,67,2,2006,3,39.9747,-75.1996,1428.0,6,0,0,2,0,0,0,0,0,,0,0,0,14,1,1,0,,0.0,39 58:28.897,,0,75 11:58.456,8,0,0,0,67301,0,0,0,N,0,0,0,2,67301,0,,1,1,,N,N,,0,,0,0,0,0,0,,1428,1,2,0,0,0,1,0,3,4,0,2,3,,N,,,,,,,,,,,
2006033806,9999.0,2,0,0,0,0,0,0,0,0,4,0,,67,1,2006,6,39.9308,-75.2173,9999.0,6,0,0,0,0,1,0,0,0,1.0,0,0,0,99,1,1,1,,1.0,39 55:51.000,3.0,0,75 13:02.376,8,0,0,0,67301,0,0,0,N,0,0,0,2,67301,0,,1,1,,N,N,,0,,0,0,0,3,3,N,9999,1,2,0,0,0,1,0,3,4,0,2,3,,N,,,,,,,,,,,
2006033813,26.0,1,0,0,0,0,0,0,0,0,7,0,,67,2,2006,1,40.0422,-75.0391,18.0,6,0,1,0,0,0,0,0,0,,0,0,0,0,3,1,0,,0.0,40 02:31.855,,0,75 02:20.889,8,0,0,0,67301,0,0,0,N,0,0,0,1,67301,0,,5,1,,N,N,,0,,0,0,0,0,0,,18,1,1,0,0,0,1,0,3,4,0,1,3,,N,,,,,,,,,,,
2006036485,2053.0,1,0,0,0,0,0,0,0,0,8,0,,67,2,2006,5,,,2050.0,6,0,0,0,0,0,0,0,0,,0,0,0,20,3,1,0,,0.0,,,0,,4,0,0,0,67301,1,0,0,N,1,0,0,2,67301,1,,1,9,,N,N,,0,,0,0,0,3,2,,2028,1,2,0,0,0,0,0,3,3,0,1,3,,N,,,,,,,,,,,
2006036572,238.0,4,0,0,0,0,0,0,0,0,4,0,,67,2,2006,6,,,237.0,6,0,0,0,0,0,0,0,0,,0,0,0,2,3,2,1,,0.0,,,0,,2,0,0,0,67301,0,0,0,,0,0,0,3,67301,1,,1,1,,N,N,,0,,0,1,0,0,0,,235,2,5,0,0,0,0,1,3,3,0,5,3,,N,,,,,,,,,,,
2006036606,546.0,0,0,0,0,0,0,1,0,0,8,1,,67,3,2006,3,40.0091,-75.1507,540.0,6,0,0,0,0,0,1,0,0,,0,0,0,5,5,1,0,,0.0,40 00:32.939,,0,75 09:02.633,4,0,0,0,67301,1,0,0,,1,0,0,2,67301,1,,1,1,,N,N,,0,,0,0,0,3,2,,530,1,2,0,0,0,0,0,3,4,0,1,3,,N,,,,,,,,,,,
2006036610,1638.0,1,0,0,0,0,0,0,0,0,8,0,,67,3,2006,1,39.993,-75.1103,1624.0,6,0,0,0,0,0,0,0,0,,0,0,0,16,1,1,1,,0.0,39 59:34.000,,0,75 06:37.258,4,0,0,0,67301,1,0,0,N,1,0,0,2,67301,1,,1,1,,N,N,,0,,0,0,0,0,0,,1600,1,2,0,0,0,0,0,3,4,0,1,3,,N,,,,,,,,,,,
2006036626,717.0,3,0,0,0,0,0,0,0,0,1,0,,67,2,2006,4,40.0051,-75.1964,713.0,6,0,0,0,0,1,0,2,0,9.0,0,0,0,7,1,1,0,,1.0,40 00:16.920,3.0,0,75 11:45.240,4,0,0,0,67301,0,0,0,N,0,0,0,3,67301,1,,1,1,,N,,,0,,0,0,0,0,0,N,710,1,3,0,0,0,0,0,3,4,0,3,3,,N,,,,,,,,,,,
2006024114,1329.0,2,0,0,0,0,0,0,0,0,2,0,,67,1,2006,3,40.0256,-75.2024,1328.0,6,0,0,0,0,0,0,1,0,,0,0,0,13,1,1,2,,0.0,40 01:32.000,,0,75 12:08.720,4,0,0,0,67301,0,0,0,N,0,0,0,3,67301,1,,1,1,,N,N,,0,,0,0,0,9,3,,1325,1,2,0,0,0,0,0,3,4,0,2,3,,N,,,,,,,,,,,
2006021919,128.0,1,0,0,0,0,0,0,0,0,7,0,,67,1,2006,4,39.9995,-75.0932,126.0,6,0,0,0,0,0,0,0,0,,0,0,0,99,8,0,0,,0.0,39 59:58.113,,0,75 05:35.433,9,0,0,0,67301,0,0,0,N,0,0,0,1,67301,0,,5,1,,N,N,,0,,0,0,0,0,0,,9999,0,1,0,0,0,0,1,3,4,0,1,3,,N,,,,,,,,,,,
2006102781,2241.0,0,0,0,0,0,0,0,0,0,6,0,,67,9,2006,7,40.0368,-75.0407,2238.0,6,0,1,0,1,0,0,0,0,,0,0,0,22,3,2,1,,0.0,40 02:12.000,,0,75 02:27.049,8,0,0,0,67301,0,0,0,N,0,0,0,2,67301,0,,1,1,,N,N,,0,,0,0,2,3,2,,2238,2,2,0,0,0,2,0,3,4,0,2,3,,N,,,,,,,,,,,
2006032560,926.0,2,0,0,0,0,0,0,0,0,2,0,,67,2,2006,6,40.0413,-75.1067,923.0,6,0,0,0,0,0,0,1,0,2.0,0,0,0,9,1,2,1,,1.0,40 02:28.000,2.0,0,75 06:24.392,8,0,0,0,67301,0,0,0,N,0,0,0,3,67301,0,,1,1,,N,N,,1,,0,0,0,3,2,Y,921,2,3,0,0,0,2,0,3,4,0,3,3,,N,,,,,,,,,,,
2006079762,1044.0,1,0,0,0,0,0,0,0,0,5,1,,67,6,2006,7,39.9266,-75.1947,9999.0,6,0,0,0,0,1,0,0,0,,0,1,0,10,1,0,0,,0.0,39 55:37.200,,0,75 11:42.000,0,0,0,0,67301,0,0,0,N,0,0,0,3,67301,0,,1,1,,N,N,,0,,0,0,0,0,0,,1042,0,2,0,0,0,0,0,3,4,0,2,3,,N,,,,,,,,,,,
2006082536,350.0,2,0,0,0,0,0,0,0,0,1,0,,67,6,2006,5,40.0008,-75.1434,341.0,6,0,0,0,0,0,0,0,0,,0,0,0,22,3,2,1,,0.0,40 00:02.000,,0,75 08:35.902,3,0,0,0,67301,0,0,0,N,0,0,0,3,67301,0,,1,9,,N,N,,0,,2,0,0,3,2,,2230,2,2,0,0,0,0,1,3,4,0,2,7,,N,,,,,,,,,,,
2007023090,1625.0,2,0,0,0,0,0,0,0,0,2,0,,67,12,2006,2,40.011,-75.1042,1610.0,6,0,0,0,0,0,0,0,1,,0,0,0,15,1,2,0,,0.0,40 00:39.462,,0,75 06:15.055,4,0,0,0,67301,0,0,0,N,0,0,0,2,67301,2,,1,1,,N,N,,0,,0,0,1,0,0,,1509,2,3,0,0,0,0,0,3,4,0,3,3,,N,,,,,,,,,,,
2007023098,2040.0,0,0,0,0,0,0,0,0,0,4,0,,67,12,2006,2,39.9186,-75.2283,2033.0,6,0,0,0,1,1,0,0,0,,0,0,0,20,3,2,1,,0.0,39 55:07.024,,0,75 13:41.919,8,0,0,0,67301,0,0,0,N,0,0,0,6,67301,0,,1,9,,N,N,,0,,0,0,0,9,3,,2025,2,2,0,0,0,2,0,3,4,2,2,7,,N,,,,,,,,,,,
2007023042,326.0,2,0,0,0,0,0,0,0,0,4,0,,67,12,2006,6,39.9827,-75.1652,324.0,6,0,0,0,1,0,0,0,0,,0,0,0,3,3,1,1,,0.0,39 58:57.882,,0,75 09:54.629,4,0,0,0,67301,0,0,0,N,0,0,0,1,67301,1,,1,1,,N,N,,0,,0,0,0,3,3,,319,1,2,0,0,1,0,0,3,4,0,2,3,,N,,,,,,,,,,,
2007020811,805.0,0,0,0,0,0,0,0,0,0,4,0,,67,12,2006,1,40.0564,-75.0463,801.0,6,0,1,0,0,0,0,0,0,,0,0,0,8,1,2,0,,0.0,40 03:23.000,,7,75 02:46.735,8,0,0,0,67301,0,0,0,N,0,0,0,4,67301,0,,1,1,,N,N,,1,,0,0,1,3,2,,800,2,2,0,0,0,2,0,3,4,0,2,3,,N,,,,,,,,,,,
2007038167,,1,0,0,0,0,0,0,0,0,4,0,,67,5,2006,7,39.9152,-75.1587,,6,0,0,0,0,0,0,0,0,,0,0,0,15,1,1,2,,0.0,39 54:54.000,,0,75 09:31.444,8,0,0,0,67301,0,0,0,,0,0,0,3,,0,,1,1,,,,,0,,0,0,0,3,2,,1500,1,2,0,0,0,1,0,3,4,0,2,3,,N,,,,,,,,,,,
2007034532,,1,0,0,0,0,0,0,0,0,1,0,,67,5,2006,1,,,,6,0,0,0,0,0,0,0,0,,0,0,0,9,1,0,0,,0.0,,,0,,9,0,0,0,67301,0,0,0,N,0,0,0,1,,0,,1,1,,N,N,,0,,0,0,0,0,0,,925,0,2,0,0,0,0,1,3,3,0,2,3,,N,,,,,,,,,,,
2007000957,1822.0,2,0,0,0,0,0,0,0,0,4,0,,67,12,2006,6,40.0039,-75.2207,9999.0,6,0,0,0,0,0,1,0,0,,0,0,0,18,3,1,1,,0.0,40 00:13.000,,0,75 13:14.458,4,0,0,0,67301,0,0,0,N,0,0,0,5,46104,1,,1,1,,N,N,,0,,0,0,0,3,2,,1822,1,2,0,0,0,0,0,3,4,0,2,3,,N,,,,,,,,,,,
2007008490,34.0,0,0,0,0,0,0,0,0,0,7,0,,67,11,2006,7,40.0267,-75.0933,34.0,6,0,0,0,0,0,0,0,0,,0,0,0,0,3,1,0,,0.0,40 01:36.000,,0,75 05:36.863,2,0,0,0,67301,0,0,0,N,0,0,0,1,67301,0,,4,1,,N,N,,0,,0,1,1,0,0,,34,1,1,0,0,0,0,0,3,4,0,1,3,,N,,,,,,,,,,,
2007008550,1959.0,1,0,0,0,0,0,0,0,0,8,0,,67,12,2006,6,39.9977,-75.1468,1959.0,6,0,0,0,0,0,0,0,0,1.0,0,0,0,19,3,1,0,,2.0,39 59:51.892,5.0,0,75 08:48.548,3,0,0,0,67301,1,0,0,N,1,0,0,2,67301,0,,1,9,,N,N,,0,,1,0,0,0,0,Y,1959,1,2,0,0,0,0,0,3,4,0,1,7,,N,,,,,,,,,,,
2007011185,2129.0,0,0,0,0,0,0,0,0,0,8,0,,67,11,2006,5,39.9376,-75.2231,2124.0,6,0,0,0,0,0,0,0,0,,0,0,0,99,3,1,1,,0.0,39 56:15.000,,0,75 13:22.974,8,0,0,0,67301,1,0,0,N,1,0,0,2,67301,0,,1,9,,N,N,,0,,0,0,0,3,2,,9999,1,2,0,0,0,1,1,3,4,1,1,7,,N,,,,,,,,,,,
2007008814,1108.0,2,0,0,0,0,0,0,0,0,4,0,,67,12,2006,3,40.0241,-75.0318,1105.0,6,0,0,0,0,0,0,0,0,2.0,0,0,0,10,1,1,0,,1.0,40 01:26.000,2.0,0,75 01:54.781,4,0,0,0,67301,0,0,0,N,0,0,0,3,67301,1,,1,1,,N,N,,0,,0,0,0,0,0,N,1050,1,2,0,0,0,0,0,3,4,0,2,3,,N,,,,,,,,,,,
2007021555,751.0,1,0,0,0,0,0,0,0,0,4,0,,67,12,2006,5,39.9696,-75.2127,748.0,6,0,0,0,1,0,0,0,0,,0,0,0,7,1,2,2,,0.0,39 58:10.560,,0,75 12:45.720,4,0,0,0,67301,0,0,0,N,0,0,0,3,67301,2,,1,1,,N,N,,0,,0,0,0,9,3,,746,2,2,0,0,0,0,0,3,4,0,2,3,,N,,,,,,,,,,,
2007022101,152.0,1,0,0,0,0,0,0,0,0,7,0,,67,12,2006,3,39.933,-75.2383,145.0,6,0,0,0,0,1,0,0,0,,0,0,0,1,3,0,1,,0.0,39 55:58.000,,0,75 14:17.593,0,0,0,0,67301,0,0,0,N,0,0,0,1,67301,0,,4,9,,N,N,,0,,0,0,0,0,0,,138,0,1,0,0,0,0,0,3,4,0,1,7,,N,,,,,,,,,,,
2007022219,1045.0,1,0,0,0,0,0,0,0,0,1,0,,67,12,2006,5,39.9844,-75.1544,1035.0,6,0,0,0,0,0,0,0,0,,0,0,0,10,1,1,1,,0.0,39 59:03.796,,0,75 09:15.868,4,0,0,0,67301,0,0,0,N,0,0,0,2,67301,1,,1,9,,N,N,,0,,0,0,0,3,2,,1030,1,2,0,0,0,0,0,3,4,1,2,7,,N,,,,,,,,,,,
2007007110,226.0,1,0,0,0,0,0,0,0,0,1,0,,67,11,2006,7,,,220.0,6,0,0,0,0,0,0,0,0,1.0,0,0,0,2,2,1,0,,1.0,,2.0,0,,8,0,0,0,67301,0,0,0,N,0,0,0,2,67301,0,,1,1,,N,N,,0,,0,0,0,0,0,N,219,1,2,0,0,0,1,1,3,3,0,2,3,,N,,,,,,,,,,,
2007007154,1230.0,2,0,0,0,0,0,0,0,0,4,0,,67,11,2006,2,40.0423,-75.1304,1228.0,6,0,0,0,0,1,0,0,0,,0,0,0,12,1,0,0,,0.0,40 02:32.186,,0,75 07:49.580,0,0,0,0,67301,0,0,0,N,0,0,0,3,67301,0,,1,9,,N,N,,0,,0,0,0,0,0,,1200,0,2,0,0,0,0,0,3,4,0,2,7,,N,,,,,,,,,,,
2006062491,1615.0,0,0,0,0,0,0,0,0,0,5,1,,67,5,2006,2,40.0068,-75.1316,1610.0,6,0,0,0,0,0,1,0,0,,0,1,0,16,1,1,1,,0.0,40 00:24.000,,0,75 07:53.820,4,0,0,0,67301,0,0,0,,0,0,0,3,67301,1,,1,1,,N,N,,0,,0,0,1,2,2,,1600,1,3,0,0,0,0,0,3,4,1,3,3,,N,,,,,,,,,,,
2006055008,838.0,1,0,0,0,0,0,0,0,0,4,0,,67,3,2006,4,39.9299,-75.1445,835.0,6,0,0,0,0,0,0,0,0,,0,0,0,8,1,0,1,,0.0,39 55:47.512,,0,75 08:40.032,0,0,0,0,67301,0,0,0,,0,0,0,3,67301,0,,1,1,,N,N,,0,,0,0,0,3,2,,835,0,2,0,0,0,0,0,3,4,1,2,3,,N,,,,,,,,,,,
2006094074,9999.0,2,0,0,0,0,0,0,0,0,4,0,,67,7,2006,1,39.9932,-75.1492,1847.0,6,0,0,0,0,0,0,0,0,,0,0,0,18,1,2,1,,0.0,39 59:35.000,,0,75 08:57.339,8,0,0,0,67301,0,0,0,N,0,0,0,4,67301,0,,1,1,,N,N,,0,,0,0,1,3,3,,1843,2,3,0,0,1,2,0,3,4,0,3,3,,N,,,,,,,,,,,
2006055315,2020.0,3,0,0,0,0,0,0,0,0,4,0,,67,4,2006,7,40.0129,-75.0718,2019.0,6,0,0,0,0,0,0,0,0,2.0,0,0,0,20,3,5,2,,2.0,40 00:46.000,5.0,0,75 04:18.688,8,0,0,0,67301,0,0,0,,0,0,0,7,67301,0,,1,1,,,,,0,,0,0,0,3,3,Y,2015,5,3,0,0,1,5,0,3,4,0,3,3,,N,,,,,,,,,,,
2006094195,1939.0,1,0,0,1,0,0,0,0,0,8,0,,67,7,2006,4,,,1939.0,6,0,0,0,0,0,0,0,0,,0,0,0,19,1,1,0,,0.0,,,0,,3,0,0,0,67301,1,0,0,N,0,0,0,2,67301,0,,1,1,,N,N,,0,,1,0,0,0,0,,1938,1,2,0,0,0,0,0,3,3,0,1,3,,N,,,,,,,,,,,
2006055266,1010.0,2,0,0,0,0,0,0,0,0,6,0,,67,3,2006,3,40.0207,-75.1486,1002.0,6,0,0,0,0,0,1,0,0,,0,0,0,9,1,1,1,,0.0,40 01:14.000,,0,75 08:55.205,4,0,0,0,67301,0,0,0,,0,0,0,1,67301,1,,1,1,,N,N,,0,,0,0,0,3,1,,950,1,2,0,0,0,0,0,3,4,0,2,3,,N,,,,,,,,,,,
2006094408,1258.0,0,0,0,0,0,0,0,0,0,4,0,,67,8,2006,7,,,1255.0,6,0,0,0,0,0,0,0,0,,0,0,0,12,1,1,0,,0.0,,,1,,4,0,0,0,67301,0,0,0,N,0,0,0,2,67301,1,,1,1,,N,N,,0,,0,0,1,0,0,,1252,1,2,0,0,0,0,0,3,3,1,2,3,,N,,,,,,,,,,,
2006081684,1806.0,1,0,0,0,0,0,0,0,0,4,0,,67,7,2006,3,40.0367,-75.1326,1804.0,6,0,0,0,0,0,0,0,0,,0,0,0,18,1,4,1,,0.0,40 02:12.000,,0,75 07:57.300,4,0,0,0,67301,0,0,0,N,0,0,0,4,67301,1,,1,1,,N,N,,0,,0,0,0,3,2,,1803,4,2,0,0,2,3,0,3,4,1,2,3,,N,,,,,,,,,,,
2006084184,1803.0,2,0,0,0,0,0,0,0,0,5,0,,67,7,2006,5,,,1800.0,6,0,0,0,0,0,1,0,0,1.0,0,0,0,17,1,0,0,,1.0,,3.0,0,,0,0,0,0,67301,0,0,0,N,0,0,0,2,67501,0,,1,1,,N,N,,0,,0,0,0,3,8,N,1758,0,2,0,0,0,0,0,3,3,0,2,3,,N,,,,,,,,,,,
2006116108,1002.0,0,0,0,0,0,0,0,0,0,7,0,,67,10,2006,1,39.9867,-75.2083,954.0,6,0,0,0,0,0,0,0,0,1.0,0,0,0,99,1,0,1,,1.0,39 59:11.983,2.0,2,75 12:29.920,0,0,0,0,67301,0,0,0,Y,0,0,0,2,67301,0,,7,1,,N,N,,0,,0,0,1,3,4,N,9999,0,1,0,0,0,0,0,3,4,0,1,3,,N,,,,,,,,,,,