CRN,ARRIVAL_TM,AUTOMOBILE_COUNT,BELTED_DEATH_COUNT,BELTED_SUSP_SERIOUS_INJ_COUNT,BICYCLE_COUNT,BICYCLE_DEATH_COUNT,BICYCLE_SUSP_SERIOUS_INJ_COUNT,BUS_COUNT,CHLDPAS_DEATH_COUNT,CHLDPAS_SUSP_SERIOUS_INJ_COUNT,COLLISION_TYPE,COMM_VEH_COUNT,CONS_ZONE_SPD_LIM,COUNTY,CRASH_MONTH,CRASH_YEAR,DAY_OF_WEEK,DEC_LAT,DEC_LONG,DISPATCH_TM,DISTRICT,DRIVER_COUNT_16YR,DRIVER_COUNT_17YR,DRIVER_COUNT_18YR,DRIVER_COUNT_19YR,DRIVER_COUNT_20YR,DRIVER_COUNT_50_64YR,DRIVER_COUNT_65_74YR,DRIVER_COUNT_75PLUS,EST_HRS_CLOSED,FATAL_COUNT,HEAVY_TRUCK_COUNT,HORSE_BUGGY_COUNT,HOUR_OF_DAY,ILLUMINATION,INJURY_COUNT,INTERSECT_TYPE,INTERSECTION_RELATED,LANE_CLOSED,LATITUDE,LN_CLOSE_DIR,LOCATION_TYPE,LONGITUDE,MAX_SEVERITY_LEVEL,MCYCLE_DEATH_COUNT,MCYCLE_SUSP_SERIOUS_INJ_COUNT,MOTORCYCLE_COUNT,MUNICIPALITY,NONMOTR_COUNT,NONMOTR_DEATH_COUNT,NONMOTR_SUSP_SERIOUS_INJ_COUNT,NTFY_HIWY_MAINT,PED_COUNT,PED_DEATH_COUNT,PED_SUSP_SERIOUS_INJ_COUNT,PERSON_COUNT,POLICE_AGCY,POSSIBLE_INJ_COUNT,RDWY_SURF_TYPE_CD,RELATION_TO_ROAD,ROAD_CONDITION,ROADWAY_CLEARED,SCH_BUS_IND,SCH_ZONE_IND,SECONDARY_CRASH,SMALL_TRUCK_COUNT,SPEC_JURIS_CD,SUSP_MINOR_INJ_COUNT,SUSP_SERIOUS_INJ_COUNT,SUV_COUNT,TCD_FUNC_CD,TCD_TYPE,TFC_DETOUR_IND,TIME_OF_DAY,TOT_INJ_COUNT,TOTAL_UNITS,UNB_DEATH_COUNT,UNB_SUSP_SERIOUS_INJ_COUNT,UNBELTED_OCC_COUNT,UNK_INJ_DEG_COUNT,UNK_INJ_PER_COUNT,URBAN_AREA,URBAN_RURAL,VAN_COUNT,VEHICLE_COUNT,WEATHER1,WEATHER2,WORK_ZONE_IND,WORK_ZONE_LOC,WORK_ZONE_TYPE,WORKERS_PRES,WZ_CLOSE_DETOUR,WZ_FLAGGER,WZ_LAW_OFFCR_IND,WZ_LN_CLOSURE,WZ_MOVING,WZ_OTHER,WZ_SHLDER_MDN,WZ_WORKERS_INJ_KILLED
2006056442,1525.0,1,0,0,0,0,0,0,0,0,9,0,,67,4,2006,4,39.9967,-75.1972,1515.0,6,0,0,0,0,0,1,0,0,2.0,0,0,0,15,1,1,0,,2.0,39 59:48.084,6.0,0,75 11:49.970,8,0,0,0,67301,0,0,0,,0,0,0,1,67301,0,,1,1,,N,N,,0,,0,0,0,0,0,Y,1515,1,1,0,0,0,1,0,3,4,0,1,3,,N,,,,,,,,,,,
2006056479,1717.0,1,0,0,0,0,0,0,0,0,8,0,,67,2,2006,3,39.9847,-75.1565,1715.0,6,0,0,0,0,0,0,0,0,,0,0,0,17,1,1,1,,0.0,39 59:04.000,,0,75 09:23.445,4,0,0,0,67301,1,0,0,N,1,0,0,2,67301,1,,1,9,,N,N,,0,,0,0,0,3,2,,1712,1,2,0,0,0,0,0,3,4,0,1,3,,N,,,,,,,,,,,
2006056491,1620.0,1,0,0,0,0,0,0,0,0,8,0,,67,2,2006,7,39.9236,-75.1538,1617.0,6,0,0,0,0,0,0,0,1,,0,0,0,16,1,1,0,,0.0,39 55:24.848,,0,75 09:13.564,3,0,0,0,67301,1,0,0,N,1,0,0,2,67301,0,,1,1,,N,N,,0,,1,0,0,0,0,,1615,1,2,0,0,1,0,0,3,4,0,1,3,,N,,,,,,,,,,,
2006056522,2248.0,1,0,0,0,0,0,0,0,0,5,0,,67,3,2006,6,,,2245.0,6,0,0,0,0,0,0,0,0,,0,0,0,22,3,1,0,,0.0,,,0,,4,0,0,0,67301,0,0,0,,0,0,0,3,67301,1,,1,1,,,,,0,,0,0,0,0,0,,2240,1,2,0,0,0,0,0,3,3,1,2,3,,N,,,,,,,,,,,
2006036612,1555.0,2,0,0,0,0,0,0,0,0,4,0,,67,2,2006,6,39.9617,-75.2388,1547.0,6,0,0,0,0,0,0,0,0,,0,0,0,15,1,1,1,,0.0,39 57:42.000,,0,75 14:19.574,8,0,0,0,67301,0,0,0,N,0,0,0,3,67301,0,,1,1,,N,N,,0,,0,0,0,2,2,,1547,1,2,0,0,2,1,1,3,4,0,2,3,,N,,,,,,,,,,,
2006036633,1032.0,1,0,0,0,0,0,0,0,0,8,0,,67,2,2006,4,,,1025.0,6,0,0,0,0,0,0,0,0,,0,0,0,10,1,1,1,,0.0,,,0,,4,0,0,0,67301,1,0,0,,1,0,0,2,67301,1,,1,1,,N,N,,0,,0,0,0,9,3,,1005,1,2,0,0,0,0,1,3,3,0,1,3,,N,,,,,,,,,,,
2006024218,9.0,1,0,0,0,0,0,0,0,0,2,0,,67,1,2006,5,,,7.0,6,0,0,0,0,0,0,0,0,,0,0,0,0,3,2,0,,0.0,,,0,,4,0,0,0,67301,0,0,0,N,0,0,0,4,67301,1,,5,9,,N,N,,1,,0,0,0,0,0,,0,2,2,0,0,3,1,0,3,3,0,2,3,,N,,,,,,,,,,,
2006103130,2035.0,2,0,0,0,0,0,0,0,0,3,0,,67,8,2006,4,,,2030.0,6,0,0,0,0,0,1,0,0,,0,0,0,20,3,1,2,,0.0,,,0,,8,0,0,0,67301,0,0,0,N,0,0,0,3,67301,0,,1,1,,N,N,,0,,0,0,0,0,0,,2025,1,2,0,0,0,1,0,3,3,0,2,3,,N,,,,,,,,,,,
2006103182,1305.0,0,0,0,0,0,0,0,0,0,8,0,,67,9,2006,1,40.0096,-75.0896,1304.0,6,0,0,0,0,0,1,0,0,,0,0,0,12,1,1,5,,0.0,40 00:34.514,,0,75 05:22.410,4,0,0,0,67301,1,0,0,N,1,0,0,2,67301,1,,1,1,,N,N,,0,,0,0,1,3,2,,1245,1,2,0,0,1,0,0,3,4,0,1,3,,N,,,,,,,,,,,
2006103198,130.0,2,0,0,0,0,0,0,0,0,4,0,,67,7,2006,3,39.9785,-75.1216,126.0,6,0,0,0,0,0,0,0,0,3.0,0,0,0,1,3,4,1,,2.0,39 58:42.420,2.0,0,75 07:17.759,2,0,0,0,67301,1,0,1,N,1,0,1,4,67301,1,,1,1,,N,N,,0,,2,1,0,3,3,Y,123,4,3,0,0,0,0,0,3,4,0,2,3,,N,,,,,,,,,,,
2006036142,1155.0,1,0,0,0,0,0,0,0,0,7,0,,67,1,2006,7,,,1145.0,6,0,0,0,1,0,0,0,0,,0,0,0,11,1,2,0,,0.0,,,0,,3,0,0,0,67301,0,0,0,,0,0,0,2,67301,1,,5,1,,N,N,,0,,1,0,0,0,0,,1143,2,1,0,0,0,0,0,3,3,0,1,3,,N,,,,,,,,,,,
2006037547,9999.0,1,0,0,0,0,0,0,0,0,8,0,,67,3,2006,1,,,9999.0,6,0,0,0,0,0,0,0,0,,0,0,0,99,1,1,1,,0.0,,,0,,4,0,0,0,67301,1,0,0,,1,0,0,6,67301,1,,1,1,,N,N,,0,,0,0,0,3,2,,9999,1,2,0,0,0,0,0,3,3,0,1,3,,N,,,,,,,,,,,
2006037719,50.0,2,0,0,0,0,0,0,0,0,4,0,,67,1,2006,5,39.94,-75.1663,50.0,6,0,0,0,1,0,0,0,0,,0,0,0,0,3,4,1,,0.0,39 56:23.000,,0,75 09:58.605,3,0,0,0,67301,0,0,0,,0,0,0,5,67301,0,,1,1,,N,N,,0,,4,0,0,3,2,,45,4,2,0,0,0,0,1,3,4,0,2,3,,N,,,,,,,,,,,
2006037815,305.0,2,0,0,0,0,0,0,0,0,4,0,,67,3,2006,1,39.9624,-75.1615,303.0,6,0,0,0,0,0,0,0,0,,0,0,0,2,3,3,1,,0.0,39 57:44.000,,0,75 09:41.412,4,0,0,0,67301,0,0,0,N,0,0,0,4,67301,3,,1,1,,N,N,,0,,0,0,0,3,2,,250,3,2,0,0,0,0,1,3,4,0,2,3,,N,,,,,,,,,,,
2006079214,1410.0,2,0,0,0,0,0,0,0,0,5,0,,67,6,2006,1,39.965,-75.2246,1405.0,6,0,0,0,0,0,0,0,0,,0,0,0,14,1,1,1,,0.0,39 57:53.000,,0,75 13:28.378,4,0,0,0,67301,0,0,0,,0,0,0,3,67301,1,,1,1,,,,,0,,0,0,0,3,2,,1405,1,2,0,0,0,0,2,3,4,0,2,3,,N,,,,,,,,,,,
2006079642,1230.0,2,0,0,0,0,0,0,0,0,1,0,,67,6,2006,5,40.039,-75.1442,1230.0,6,0,0,0,0,0,1,0,0,,0,0,0,12,1,1,0,,0.0,40 02:20.000,,0,75 08:39.243,4,0,0,0,67301,0,0,0,N,0,0,0,4,67301,1,,1,1,,N,N,,0,,0,0,0,3,2,,1220,1,2,0,0,0,0,0,3,4,0,2,3,,N,,,,,,,,,,,
2006084856,2025.0,3,0,0,0,0,0,0,0,0,4,0,,67,6,2006,4,40.0553,-75.0733,2025.0,6,0,0,0,0,0,1,0,0,,0,0,0,20,3,1,1,,0.0,40 03:19.000,,0,75 04:24.065,8,0,0,0,67301,0,0,0,,0,0,0,5,67301,0,,1,9,,,,,0,,0,0,0,2,2,,2025,1,3,0,0,5,1,0,3,4,0,3,7,,N,,,,,,,,,,,
2006079874,1635.0,1,0,0,0,0,0,0,0,0,4,0,,67,6,2006,3,,,1635.0,6,0,0,0,0,1,0,0,0,,0,0,0,16,1,1,0,,0.0,,,0,,4,0,0,0,67301,1,0,0,N,1,0,0,2,67301,1,,1,1,,N,N,,0,,0,0,0,0,0,,1634,1,2,0,0,0,0,0,3,3,0,1,3,,N,,,,,,,,,,,
2006026153,156.0,1,0,0,0,0,0,0,0,0,7,0,,67,1,2006,5,39.9767,-75.1964,151.0,6,0,0,0,0,0,0,0,0,,0,0,0,1,3,0,0,,0.0,39 58:37.000,,0,75 11:52.678,0,0,0,0,67301,0,0,0,,0,0,0,1,67301,0,,3,9,,N,N,,0,,0,0,0,0,0,,150,0,1,0,0,0,0,0,3,4,0,1,7,,N,,,,,,,,,,,
2006018665,1209.0,1,0,0,0,0,0,0,0,0,4,0,,67,1,2006,4,40.0256,-75.0317,1208.0,6,0,0,0,0,0,1,0,0,,0,0,0,11,1,1,1,,0.0,40 01:32.000,,0,75 01:54.133,4,0,0,0,67301,0,0,0,N,0,0,0,2,67301,1,,1,1,,N,N,,0,,0,0,1,3,2,,1155,1,2,0,0,0,0,1,3,4,0,2,3,,N,,,,,,,,,,,
2007006868,1525.0,2,0,0,0,0,0,0,0,0,4,0,,67,11,2006,6,40.0811,-75.0289,1522.0,6,0,0,0,0,2,0,0,0,,0,0,0,15,1,2,5,,0.0,40 04:51.000,,0,75 01:44.143,8,0,0,0,67301,0,0,0,N,0,0,0,3,67301,0,,1,1,,N,N,,0,,0,0,0,3,2,,1500,2,2,0,0,0,2,0,3,4,0,2,3,,N,,,,,,,,,,,
2007023148,944.0,1,0,0,0,0,0,0,0,0,5,0,,67,12,2006,3,40.052,-75.12,941.0,6,0,0,0,0,0,0,1,0,,0,0,0,9,1,1,2,,0.0,40 03:07.000,,0,75 07:11.958,8,0,0,0,67301,0,0,0,N,0,0,0,2,67301,0,,1,1,,N,N,,0,,0,0,0,0,0,,935,1,2,0,0,1,1,0,3,4,1,2,3,,N,,,,,,,,,,,
2007010924,2048.0,2,0,0,0,0,0,0,0,0,1,0,,67,12,2006,5,39.9453,-75.1904,2045.0,6,0,0,0,0,0,1,0,0,,0,0,0,20,3,0,6,,0.0,39 56:43.000,,2,75 11:25.410,0,0,0,0,67301,0,0,0,,0,0,0,5,67301,0,,7,1,,N,N,,0,,0,0,0,0,0,,2043,0,2,0,0,1,0,0,3,4,0,2,3,,N,,,,,,,,,,,
2007010946,1755.0,0,0,0,1,0,0,0,0,0,4,0,,67,12,2006,6,39.9466,-75.246,1742.0,6,0,0,0,0,0,0,0,0,,0,0,0,17,3,1,1,,0.0,39 56:47.000,,0,75 14:45.765,8,0,0,0,67301,1,0,0,N,0,0,0,2,67301,0,,1,1,,N,N,,0,,0,0,1,3,2,,1735,1,2,0,0,0,1,0,3,4,0,1,3,,N,,,,,,,,,,,
2007008506,226.0,4,0,0,0,0,0,0,0,0,2,0,,67,11,2006,7,39.9412,-75.2115,224.0,6,0,0,0,0,0,0,0,0,2.0,0,0,0,2,3,3,3,,2.0,39 56:28.000,2.0,0,75 12:41.317,3,0,0,0,67301,0,0,0,,0,0,0,3,67301,0,,1,1,,,,,0,,3,0,0,0,0,Y,222,3,4,0,0,3,0,0,3,4,0,4,3,,N,,,,,,,,,,,
2007011123,1140.0,2,0,0,0,0,0,0,0,0,1,0,,67,12,2006,1,39.9677,-75.2097,1138.0,6,0,0,0,0,0,0,0,0,,0,0,0,11,1,1,1,,0.0,39 58:03.000,,0,75 12:35.001,8,0,0,0,67301,0,0,0,N,0,0,0,2,67301,0,,1,98,,N,N,,0,,0,0,0,3,2,,1137,1,2,0,0,0,1,0,3,4,0,2,7,5.0,N,,,,,,,,,,,
2007021561,1537.0,1,0,0,0,0,0,0,0,0,4,0,,67,12,2006,1,39.9364,-75.1584,1535.0,6,0,0,0,1,0,0,0,0,,0,0,0,15,1,3,1,,0.0,39 56:10.896,,0,75 09:30.326,3,0,0,0,67301,1,0,0,N,1,0,0,5,67301,0,,1,1,,N,N,,0,,1,0,0,3,2,,1530,3,3,0,0,0,2,0,3,4,1,2,3,,N,,,,,,,,,,,
2007010413,1855.0,2,0,0,0,0,0,0,0,0,1,0,,67,12,2006,6,40.0741,-75.1909,1850.0,6,0,0,0,0,0,0,0,0,,0,0,0,18,3,1,1,,0.0,40 04:26.000,,0,75 11:27.185,3,0,0,0,67301,0,0,0,N,0,0,0,2,67301,0,,1,1,,N,N,,0,,1,0,0,3,2,,1849,1,2,0,0,0,0,0,3,4,0,2,3,,N,,,,,,,,,,,
2007010420,1410.0,0,0,0,0,0,0,0,0,0,3,0,,67,11,2006,3,40.0418,-75.1921,1401.0,6,0,0,0,0,0,0,0,0,,0,0,0,14,1,0,1,,0.0,40 02:29.000,,0,75 11:31.661,9,0,0,0,67301,0,0,0,N,0,0,0,4,67301,0,,1,1,,N,N,,2,,0,0,1,3,2,,1400,0,3,0,0,0,0,1,3,4,0,3,3,,N,,,,,,,,,,,
2007022100,558.0,1,0,0,0,0,0,0,0,0,7,0,,67,12,2006,2,39.946,-75.2412,553.0,6,0,0,0,0,0,0,0,0,,0,0,0,5,3,1,0,,0.0,39 56:45.000,,0,75 14:28.299,2,0,0,0,67301,0,0,0,N,0,0,0,1,67301,0,,2,1,,N,N,,0,,0,1,0,0,0,,545,1,1,0,0,0,0,0,3,4,0,1,3,,N,,,,,,,,,,,
2007009802,1557.0,1,0,0,0,0,0,0,0,0,1,0,,67,11,2006,2,39.9609,-75.1405,1559.0,6,0,0,0,0,0,0,1,0,1.0,0,0,0,15,1,0,0,,1.0,39 57:37.000,2.0,0,75 08:26.902,0,0,0,0,67301,0,0,0,,0,0,0,3,67301,0,,1,1,,,,,1,,0,0,0,0,0,N,1557,0,2,0,0,0,0,0,3,4,0,2,3,,N,,,,,,,,,,,
2007007504,1246.0,2,0,0,0,0,0,0,0,0,4,0,,67,11,2006,5,39.9915,-75.1349,1244.0,6,0,0,0,0,0,0,0,0,,0,0,0,12,1,1,1,,0.0,39 59:29.000,,0,75 08:05.806,4,0,0,0,67301,0,0,0,Y,0,0,0,2,67301,1,,1,9,,N,N,,0,,0,0,0,3,2,,1243,1,2,0,0,1,0,1,3,4,0,2,7,,N,,,,,,,,,,,
2007020877,817.0,1,0,0,0,0,0,0,0,0,8,0,,67,12,2006,2,40.0079,-75.1492,813.0,6,0,0,0,0,0,0,0,0,,0,0,0,8,1,1,0,,0.0,40 00:28.360,,0,75 08:57.080,3,0,0,0,67301,1,0,0,,1,0,0,2,67301,0,,1,1,,N,N,,0,,1,0,0,0,0,,813,1,2,0,0,1,0,0,3,4,0,1,3,,N,,,,,,,,,,,
2006123842,708.0,2,0,0,0,0,0,0,0,0,1,0,,67,10,2006,1,40.085,-75.0616,705.0,6,0,0,0,0,0,0,0,0,,0,0,0,6,1,1,0,,0.0,40 05:05.000,,0,75 03:41.856,4,0,0,0,67301,0,0,0,N,0,0,0,1,67301,1,,6,1,,N,N,,0,,0,0,0,0,0,,655,1,2,0,0,0,0,0,3,4,0,2,3,,N,,,,,,,,,,,
2006036650,1534.0,1,0,0,0,0,0,0,0,0,8,0,,67,2,2006,1,,,1530.0,6,0,0,0,0,0,0,0,0,,0,0,0,15,1,1,0,,0.0,,,0,,4,0,0,0,67301,1,0,0,N,1,0,0,2,67301,1,,1,1,,N,N,,0,,0,0,0,3,2,,1526,1,2,0,0,0,0,0,3,3,0,1,3,,N,,,,,,,,,,,
2006034205,27.0,2,0,0,0,0,0,0,0,0,6,0,,67,2,2006,1,,,27.0,6,0,1,0,0,0,0,0,0,,0,0,0,0,3,2,2,,0.0,,,0,,4,0,0,0,67301,0,0,0,,0,0,0,5,67301,2,,1,1,,N,N,,0,,0,0,0,0,0,,27,2,2,0,0,0,0,0,3,3,0,2,3,,N,,,,,,,,,,,
2006024167,1635.0,2,0,0,0,0,0,0,0,0,4,0,,67,1,2006,3,,,1629.0,6,0,0,1,0,0,0,0,0,,0,0,0,15,1,1,0,,0.0,,,7,,4,0,0,0,67301,0,0,0,N,0,0,0,2,67301,1,,1,9,,N,N,,0,,0,0,0,0,0,,1535,1,2,0,0,0,0,0,3,3,0,2,7,,N,,,,,,,,,,,
2006024176,837.0,2,0,0,0,0,0,0,0,0,4,0,,67,1,2006,5,,,830.0,6,0,0,0,0,0,0,0,0,,0,0,0,8,1,1,1,,0.0,,,0,,8,0,0,0,67301,0,0,0,,0,0,0,3,67301,0,,1,9,,N,N,,0,,0,0,0,9,3,,800,1,2,0,0,0,1,0,3,3,0,2,3,,N,,,,,,,,,,,
2006024567,947.0,1,0,0,0,0,0,0,0,0,4,0,,67,1,2006,6,40.0443,-75.0541,942.0,6,0,0,0,1,0,0,0,0,,0,0,0,9,1,3,1,,0.0,40 02:40.000,,0,75 03:16.876,8,0,0,0,67301,0,0,0,,0,0,0,4,67301,0,,1,1,,N,N,,0,,0,0,1,3,2,,940,3,2,0,0,1,3,0,3,4,0,2,5,,N,,,,,,,,,,,
2006102766,18.0,2,0,0,0,0,0,0,0,0,4,0,,67,8,2006,1,40.0672,-75.0842,8.0,6,0,0,1,0,1,0,0,0,,0,0,0,23,3,2,0,,0.0,40 04:02.000,,0,75 05:03.264,4,0,0,0,67301,0,0,0,N,0,0,0,4,67301,2,,1,9,,N,N,,0,,0,0,0,9,6,,2350,2,2,0,0,1,0,1,3,4,0,2,7,,N,,,,,,,,,,,
2006103161,2024.0,0,0,0,0,0,0,0,0,0,4,0,,67,9,2006,7,40.0826,-74.966,2020.0,6,0,0,0,0,1,0,0,0,2.0,0,0,0,20,3,2,2,,2.0,40 04:57.327,3.0,0,74 57:57.675,3,0,0,0,67301,0,0,0,N,0,0,0,3,67301,1,,1,1,,N,N,,1,,1,0,0,3,2,Y,2019,2,2,0,0,1,0,0,3,4,1,2,3,,N,,,,,,,,,,,
2006037545,1710.0,2,0,0,0,0,0,0,0,0,1,0,,67,2,2006,7,39.9397,-75.1435,1706.0,6,0,1,0,0,1,0,0,0,1.0,0,0,0,17,3,1,0,,1.0,39 56:23.000,2.0,2,75 08:37.115,4,0,0,0,67301,0,0,0,N,0,0,0,3,67301,1,,1,9,,N,N,,0,,0,0,0,0,0,N,1700,1,2,0,0,3,0,0,3,4,0,2,7,,N,,,,,,,,,,,
2006079177,317.0,1,0,0,0,0,0,0,0,0,7,0,,67,5,2006,1,40.0885,-75.0561,317.0,6,0,0,0,0,0,0,0,0,9.0,0,0,0,3,3,0,0,,1.0,40 05:18.470,4.0,0,75 03:21.794,0,0,0,0,67301,0,0,0,Y,0,0,0,1,67301,0,,2,1,,N,N,,0,,0,0,0,0,0,N,317,0,1,0,0,0,0,0,3,4,0,1,3,,N,,,,,,,,,,,
2006081740,1156.0,2,0,0,0,0,0,0,0,0,4,0,,67,6,2006,2,40.0424,-75.0745,1154.0,6,0,0,0,1,0,1,0,0,,0,0,0,11,1,3,0,,0.0,40 02:32.280,,0,75 04:28.560,4,0,0,0,67301,0,0,0,N,0,0,0,3,67301,3,,1,9,,N,N,,0,,0,0,0,0,0,,1152,3,2,0,0,2,0,0,3,4,0,2,7,,N,,,,,,,,,,,
2006079221,142.0,1,0,0,0,0,0,0,0,0,7,0,,67,6,2006,6,39.9461,-75.1985,140.0,6,0,0,0,0,0,0,0,0,,0,0,0,5,3,0,2,,0.0,39 56:45.000,,0,75 11:54.625,0,0,0,0,67301,0,0,0,N,0,0,0,1,67504,0,,3,9,,N,N,,0,,0,0,0,3,2,,521,0,1,0,0,0,0,0,3,4,0,1,3,,N,,,,,,,,,,,
2006082029,1809.0,1,0,0,0,0,0,0,0,0,8,0,,67,6,2006,6,,,1805.0,6,0,0,0,0,0,1,0,0,,0,0,0,18,1,1,0,,0.0,,,0,,4,0,0,0,67301,1,0,0,N,1,0,0,2,67301,1,,1,1,,N,N,,0,,0,0,0,0,0,,1800,1,2,0,0,0,0,0,3,3,0,1,3,,N,,,,,,,,,,,
2006079625,1620.0,1,0,0,0,0,0,0,0,0,6,0,,67,6,2006,6,40.0391,-75.1451,1620.0,6,0,0,0,0,0,1,0,0,,0,0,0,15,1,4,0,,0.0,40 02:20.000,,0,75 08:42.398,3,0,0,0,67301,0,0,0,N,0,0,0,5,67301,2,,1,1,,N,N,,0,,1,0,1,0,0,,1550,4,2,0,0,0,1,1,3,4,0,2,3,,N,,,,,,,,,,,
2006079916,1227.0,1,0,0,0,0,0,0,0,0,7,0,,67,6,2006,2,40.021,-75.1006,1220.0,6,0,0,0,0,0,0,0,0,,1,0,0,12,1,0,2,,0.0,40 01:15.679,,0,75 06:02.289,1,0,0,0,67301,0,0,0,N,0,0,0,1,67301,0,2.0,2,1,,N,N,,0,0.0,0,0,0,0,0,,1215,0,1,1,0,1,0,0,3,4,0,1,3,,N,,,,,,,,,,,
2006079934,840.0,3,0,0,0,0,0,0,0,0,1,0,,67,5,2006,5,40.0533,-75.1706,835.0,6,0,0,0,0,0,0,0,0,1.0,0,0,0,8,1,1,0,,1.0,40 03:11.000,3.0,0,75 10:14.044,4,0,0,0,67301,0,0,0,N,0,0,0,3,67301,1,,1,1,,N,N,,0,,0,0,0,0,0,N,822,1,3,0,0,0,0,0,3,4,0,3,3,,N,,,,,,,,,,,
2006079848,1725.0,1,0,0,0,0,0,0,0,0,8,0,,67,6,2006,5,,,1720.0,6,0,0,0,0,0,0,0,0,,0,0,0,17,1,1,0,,0.0,,,0,,8,0,0,0,67301,1,0,0,N,1,0,0,2,67301,0,,9,1,,N,N,,0,,0,0,0,2,3,,1720,1,2,0,0,0,1,0,3,3,0,1,3,,N,,,,,,,,,,,
2007054681,1105.0,1,0,0,0,0,0,0,0,0,8,0,,67,12,2006,1,40.0456,-75.0564,1105.0,6,0,0,0,0,0,0,0,0,,0,0,0,11,1,1,1,,0.0,40 02:44.000,,0,75 03:23.098,8,0,0,0,67301,1,0,0,,1,0,0,3,67301,0,,1,1,,N,N,,0,,0,0,0,3,2,,1105,1,2,0,0,0,1,0,3,4,0,1,3,,N,,,,,,,,,,,
2007054570,1853.0,2,0,0,0,0,0,0,0,0,4,0,,67,12,2006,4,40.0017,-75.1627,1851.0,6,0,0,0,0,0,1,0,0,,0,0,0,18,3,1,0,,0.0,40 00:05.940,,0,75 09:45.885,4,0,0,0,67301,0,0,0,N,0,0,0,2,67301,1,,1,1,,N,N,,0,,0,0,0,0,0,,1851,1,3,0,0,0,0,0,3,4,1,3,3,,N,,,,,,,,,,,
2007054584,1223.0,2,0,0,0,0,0,0,0,0,4,0,,67,12,2006,1,40.054,-75.0489,1159.0,6,0,0,0,0,0,0,0,0,,0,0,0,11,1,1,5,,0.0,40 03:15.000,,0,75 02:58.198,4,0,0,0,67301,0,0,0,N,0,0,0,3,67301,1,,1,1,,N,N,,0,,0,0,0,3,2,,1158,1,2,0,0,0,0,0,3,4,0,2,3,,N,,,,,,,,,,,
2007034483,,0,0,0,0,0,0,0,0,0,1,0,,67,2,2006,6,40.0809,-75.0288,,6,0,0,0,0,0,0,0,0,,0,0,0,16,1,1,1,,0.0,40 04:51.000,,0,75 01:43.129,8,0,0,0,67301,0,0,0,N,0,0,0,2,,0,,1,1,,N,N,,0,,0,0,1,9,2,,1600,1,2,0,0,0,1,0,3,4,0,2,3,,N,,,,,,,,,,,
2007008424,555.0,2,0,0,0,0,0,0,0,0,4,0,,67,11,2006,5,40.0538,-75.0005,544.0,6,0,0,0,0,0,0,0,0,,0,0,0,5,3,1,1,,0.0,40 03:13.719,,0,75 00:01.900,4,0,0,0,67301,0,0,0,N,0,0,0,5,67301,1,,1,9,,N,N,,0,,0,0,0,3,3,,544,1,2,0,0,1,0,0,3,4,0,2,7,,N,,,,,,,,,,,
2007008433,2311.0,3,0,0,0,0,0,0,0,0,2,0,,67,11,2006,1,40.001,-75.1614,2309.0,6,0,0,0,0,0,0,0,0,2.0,0,0,0,23,3,0,0,,1.0,40 00:03.607,3.0,0,75 09:41.011,0,0,0,0,67301,0,0,0,N,0,0,0,1,67301,0,,6,1,,N,N,,0,,0,0,1,0,0,Y,2308,0,4,0,0,1,0,0,3,4,0,4,3,,N,,,,,,,,,,,
2007010922,1806.0,2,0,0,0,0,0,0,0,0,4,0,,67,11,2006,5,39.9036,-75.2244,1801.0,6,0,0,0,0,0,1,0,0,,0,0,0,17,3,2,3,,0.0,39 54:13.000,,0,75 13:27.966,8,0,0,0,67301,0,0,0,N,0,0,0,6,67301,0,,1,9,,N,N,,0,,0,0,0,3,2,,1745,2,2,0,0,0,2,0,3,4,0,2,7,,N,,,,,,,,,,,
2007010939,732.0,1,0,0,0,0,0,1,0,0,4,1,,67,11,2006,4,39.9249,-75.174,730.0,6,0,0,0,0,0,2,0,0,,0,0,0,99,1,1,1,,0.0,39 55:28.000,,0,75 10:16.851,4,0,0,0,67301,0,0,0,N,0,0,0,3,67301,1,,1,1,,Y,N,,0,,0,0,0,3,2,,9999,1,2,0,0,0,0,0,3,4,0,2,3,,N,,,,,,,,,,,
2007010949,1700.0,3,0,0,0,0,0,0,0,0,2,0,,67,11,2006,4,39.9331,-75.2386,1656.0,6,0,0,0,0,0,0,0,0,3.0,0,0,0,99,3,4,0,,2.0,39 55:59.026,6.0,0,75 14:18.887,4,0,0,0,67301,0,0,0,N,0,0,0,5,67301,3,,1,9,,N,N,,0,,0,0,0,0,0,Y,9999,4,3,0,0,0,1,0,3,4,0,3,7,,N,,,,,,,,,,,
2007008491,514.0,0,0,0,0,0,0,0,0,0,8,0,,67,12,2006,2,40.0353,-75.0706,514.0,6,0,0,0,0,0,1,0,0,1.0,0,0,0,5,3,1,1,,1.0,40 02:07.000,2.0,0,75 04:14.726,8,0,0,0,67301,1,0,0,N,1,0,0,2,67301,0,,1,1,,N,N,,0,,0,0,1,3,2,Y,514,1,2,0,0,1,1,0,3,4,0,1,3,,N,,,,,,,,,,,
2007011145,2224.0,1,0,0,0,0,0,0,0,0,4,0,,67,11,2006,5,40.0741,-75.1909,2215.0,6,0,0,0,0,0,0,0,0,,0,0,0,22,3,2,1,,0.0,40 04:27.000,,0,75 11:26.999,4,0,0,0,67301,0,0,0,N,0,0,0,4,67301,2,,1,9,,N,N,,0,,0,0,0,3,2,,2214,2,2,0,0,0,0,2,3,4,1,2,7,,N,,,,,,,,,,,