CRN,ARRIVAL_TM,AUTOMOBILE_COUNT,BELTED_DEATH_COUNT,BELTED_SUSP_SERIOUS_INJ_COUNT,BICYCLE_COUNT,BICYCLE_DEATH_COUNT,BICYCLE_SUSP_SERIOUS_INJ_COUNT,BUS_COUNT,CHLDPAS_DEATH_COUNT,CHLDPAS_SUSP_SERIOUS_INJ_COUNT,COLLISION_TYPE,COMM_VEH_COUNT,CONS_ZONE_SPD_LIM,COUNTY,CRASH_MONTH,CRASH_YEAR,DAY_OF_WEEK,DEC_LAT,DEC_LONG,DISPATCH_TM,DISTRICT,DRIVER_COUNT_16YR,DRIVER_COUNT_17YR,DRIVER_COUNT_18YR,DRIVER_COUNT_19YR,DRIVER_COUNT_20YR,DRIVER_COUNT_50_64YR,DRIVER_COUNT_65_74YR,DRIVER_COUNT_75PLUS,EST_HRS_CLOSED,FATAL_COUNT,HEAVY_TRUCK_COUNT,HORSE_BUGGY_COUNT,HOUR_OF_DAY,ILLUMINATION,INJURY_COUNT,INTERSECT_TYPE,INTERSECTION_RELATED,LANE_CLOSED,LATITUDE,LN_CLOSE_DIR,LOCATION_TYPE,LONGITUDE,MAX_SEVERITY_LEVEL,MCYCLE_DEATH_COUNT,MCYCLE_SUSP_SERIOUS_INJ_COUNT,MOTORCYCLE_COUNT,MUNICIPALITY,NONMOTR_COUNT,NONMOTR_DEATH_COUNT,NONMOTR_SUSP_SERIOUS_INJ_COUNT,NTFY_HIWY_MAINT,PED_COUNT,PED_DEATH_COUNT,PED_SUSP_SERIOUS_INJ_COUNT,PERSON_COUNT,POLICE_AGCY,POSSIBLE_INJ_COUNT,RDWY_SURF_TYPE_CD,RELATION_TO_ROAD,ROAD_CONDITION,ROADWAY_CLEARED,SCH_BUS_IND,SCH_ZONE_IND,SECONDARY_CRASH,SMALL_TRUCK_COUNT,SPEC_JURIS_CD,SUSP_MINOR_INJ_COUNT,SUSP_SERIOUS_INJ_COUNT,SUV_COUNT,TCD_FUNC_CD,TCD_TYPE,TFC_DETOUR_IND,TIME_OF_DAY,TOT_INJ_COUNT,TOTAL_UNITS,UNB_DEATH_COUNT,UNB_SUSP_SERIOUS_INJ_COUNT,UNBELTED_OCC_COUNT,UNK_INJ_DEG_COUNT,UNK_INJ_PER_COUNT,URBAN_AREA,URBAN_RURAL,VAN_COUNT,VEHICLE_COUNT,WEATHER1,WEATHER2,WORK_ZONE_IND,WORK_ZONE_LOC,WORK_ZONE_TYPE,WORKERS_PRES,WZ_CLOSE_DETOUR,WZ_FLAGGER,WZ_LAW_OFFCR_IND,WZ_LN_CLOSURE,WZ_MOVING,WZ_OTHER,WZ_SHLDER_MDN,WZ_WORKERS_INJ_KILLED
2007021531,2335.0,1,0,0,0,0,0,0,0,0,7,0,,67,12,2006,6,40.0256,-75.0281,2333.0,6,0,0,0,0,0,0,0,0,,0,0,0,23,3,0,0,,0.0,40 01:31.000,,2,75 01:42.631,0,0,0,0,67301,0,0,0,Y,0,0,0,2,67301,0,,2,9,,N,N,,0,,0,0,0,0,0,,2332,0,1,0,0,0,0,0,3,4,0,1,7,,N,,,,,,,,,,,
2007034427,,2,0,0,0,0,0,0,0,0,1,0,,67,11,2006,3,40.0002,-75.1422,,6,0,0,0,0,0,0,0,0,,0,0,0,15,1,2,1,,0.0,40 00:00.787,,0,75 08:31.749,8,0,0,0,67301,0,0,0,N,0,0,0,2,00000,0,,1,1,,N,N,,0,,0,0,0,3,2,,1515,2,2,0,0,0,2,0,3,4,0,2,3,,N,,,,,,,,,,,
2007021952,218.0,0,0,0,0,0,0,0,0,0,7,0,,67,12,2006,7,39.9653,-75.1857,212.0,6,0,0,0,0,0,0,0,0,2.0,0,0,0,2,3,0,6,,1.0,39 58:01.200,4.0,2,75 11:16.440,0,0,0,0,67301,0,0,0,N,0,0,0,1,67301,0,,2,9,,N,N,,0,,0,0,1,0,0,N,208,0,1,0,0,0,0,0,3,4,0,1,7,,N,,,,,,,,,,,
2007021955,305.0,0,0,0,0,0,0,0,0,0,7,0,,67,12,2006,7,39.9653,-75.1857,300.0,6,0,0,0,0,0,0,0,0,,0,0,0,0,3,1,6,,0.0,39 58:01.000,,2,75 11:16.431,8,0,0,0,67301,0,0,0,N,0,0,0,1,67301,0,,2,9,,N,N,,1,,0,0,0,0,0,,0,1,1,0,0,0,1,0,3,4,0,1,7,,N,,,,,,,,,,,
2007022151,2351.0,2,0,0,0,0,0,0,0,0,5,1,,67,12,2006,7,39.8827,-75.245,2347.0,6,0,0,0,0,0,1,0,0,1.0,0,1,0,23,3,1,3,,1.0,39 52:58.800,1.0,2,75 14:41.280,3,0,0,0,67301,0,0,0,N,0,0,0,3,67301,0,,1,1,,N,N,,0,,1,0,0,0,0,N,2344,1,3,0,0,0,0,1,3,4,0,3,3,,N,,,,,,,,,,,
2007012053,2250.0,1,0,0,0,0,0,0,0,0,7,0,,67,12,2006,5,39.9695,-75.1268,2243.0,6,0,0,0,0,0,0,0,0,3.0,1,0,0,22,3,0,0,,2.0,39 58:06.000,2.0,0,75 07:44.888,1,0,0,0,67301,0,0,0,Y,0,0,0,1,67301,0,1.0,2,1,,N,N,,0,0.0,0,0,0,0,0,Y,2240,0,1,1,0,1,0,0,3,4,0,1,3,,N,,,,,,,,,,,
2007007137,1950.0,2,0,0,0,0,0,0,0,0,5,0,,67,11,2006,4,39.904,-75.2401,1941.0,6,0,0,0,1,0,0,0,0,,0,0,0,99,3,1,1,,0.0,39 54:14.000,,0,75 14:24.410,4,0,0,0,67301,0,0,0,,0,0,0,3,67301,1,,1,9,,N,N,,0,,0,0,0,3,2,,9999,1,2,0,0,0,0,0,3,4,0,2,7,,N,,,,,,,,,,,
2007009779,2100.0,1,0,0,0,0,0,0,0,0,7,0,,67,12,2006,7,39.9711,-75.1237,2057.0,6,0,0,0,0,0,1,0,0,1.0,0,0,0,20,3,1,0,,1.0,39 58:22.000,1.0,0,75 07:15.159,8,0,0,0,67301,0,0,0,,0,0,0,1,67301,0,,2,1,,,,,0,,0,0,0,0,0,N,2054,1,1,0,0,1,1,0,3,4,0,1,3,,N,,,,,,,,,,,
2007009828,1620.0,2,0,0,0,0,0,0,0,0,1,0,,67,12,2006,7,40.0997,-75.0442,1615.0,6,0,0,0,0,0,1,0,0,,0,0,0,16,1,2,0,,0.0,40 05:59.000,,0,75 02:39.158,4,0,0,0,67301,0,0,0,,0,0,0,6,67301,2,,1,1,,,,,0,,0,0,1,3,2,,1610,2,3,0,0,0,0,0,3,4,0,3,3,,N,,,,,,,,,,,
2007007496,1545.0,2,0,0,0,0,0,0,0,0,1,0,,67,12,2006,7,39.9408,-75.1662,1543.0,6,0,0,0,0,0,0,0,0,,0,0,0,15,1,1,0,,0.0,39 56:26.780,,0,75 09:58.244,8,0,0,0,67301,0,0,0,N,0,0,0,4,67301,0,,1,1,,N,N,,0,,0,0,0,3,2,,1540,1,2,0,0,0,1,0,3,4,0,2,3,,N,,,,,,,,,,,
2007007757,1405.0,2,0,0,0,0,0,0,0,0,6,0,,67,11,2006,6,40.0071,-75.094,9999.0,6,0,0,0,0,0,0,0,0,,0,0,0,14,1,1,1,,0.0,40 00:25.549,,0,75 05:38.543,8,0,0,0,67301,0,0,0,N,0,0,0,3,67301,0,,1,1,,N,N,,0,,0,0,0,3,2,,1400,1,2,0,0,0,1,0,3,4,0,2,3,,N,,,,,,,,,,,
2007007717,1255.0,2,0,0,0,0,0,0,0,0,1,0,,67,12,2006,7,40.0846,-75.0249,1244.0,6,0,0,0,0,0,0,0,0,,0,0,0,12,1,1,2,,0.0,40 05:04.000,,0,75 01:28.935,4,0,0,0,67301,0,0,0,N,0,0,0,2,67301,1,,1,1,,N,N,,0,,0,0,0,3,2,,1244,1,2,0,0,0,0,0,3,4,0,2,3,,N,,,,,,,,,,,
2007023233,944.0,1,0,0,0,0,0,0,0,0,7,0,,67,12,2006,5,40.0623,-75.0216,937.0,6,0,0,0,0,0,1,0,0,,0,0,0,9,1,1,0,,0.0,40 03:44.000,,0,75 01:17.634,4,0,0,0,67301,0,0,0,,0,0,0,1,67301,1,,5,8,,N,N,,0,,0,0,0,0,0,,934,1,1,0,0,0,0,0,3,4,0,1,3,,N,,,,,,,,,,,
2007009377,9999.0,1,0,0,0,0,0,0,0,0,8,0,,67,11,2006,4,39.9507,-75.1627,9999.0,6,0,0,0,0,0,0,0,0,,0,0,0,17,3,1,1,,0.0,39 57:02.000,,0,75 09:45.639,4,0,0,0,67301,1,0,0,,1,0,0,2,67301,1,,1,1,,,,,0,,0,0,0,3,2,,1750,1,2,0,0,0,0,0,3,4,0,1,3,,N,,,,,,,,,,,
2007009038,2110.0,1,0,0,0,0,0,0,0,0,7,0,,67,11,2006,4,39.903,-75.1505,2106.0,6,0,0,0,0,1,0,0,0,,0,0,0,21,3,2,7,,0.0,39 54:12.960,,2,75 09:01.080,8,0,0,0,67301,0,0,0,N,0,0,0,2,67301,0,,2,1,,N,N,,0,,0,0,0,0,0,,2105,2,1,0,0,0,2,0,3,4,0,1,3,,N,,,,,,,,,,,
2007009187,1720.0,2,0,0,0,0,0,0,0,0,4,0,,67,11,2006,6,39.9706,-75.2451,1715.0,6,0,0,0,0,0,1,0,0,,0,0,0,17,3,3,0,,0.0,39 58:14.000,,0,75 14:42.214,3,0,0,0,67301,0,0,0,,0,0,0,3,67301,0,,1,1,,,,,0,,3,0,0,0,0,,1710,3,2,0,0,0,0,0,3,4,0,2,3,,N,,,,,,,,,,,
2006055470,2010.0,4,0,0,0,0,0,0,0,0,2,0,,67,3,2006,6,40.0702,-75.0149,2010.0,6,0,0,0,0,0,0,1,0,1.0,0,0,0,20,2,3,0,,1.0,40 04:12.831,1.0,0,75 00:53.636,4,0,0,0,67301,0,0,0,N,0,0,0,5,67301,3,,1,1,,N,N,,0,,0,0,0,0,0,Y,2010,3,4,0,0,0,0,0,3,4,0,4,3,,N,,,,,,,,,,,
2006055520,2142.0,1,0,0,0,0,0,0,0,0,2,0,,67,3,2006,7,40.0727,-75.0513,2138.0,6,0,0,0,0,0,0,0,0,2.0,0,0,0,99,3,0,0,,2.0,40 04:21.784,5.0,0,75 03:04.557,0,0,0,0,67301,1,0,0,N,0,0,0,2,67301,0,,1,1,,N,N,,0,,0,0,1,0,0,N,9999,0,2,0,0,0,0,0,3,4,0,2,3,,N,,,,,,,,,,,
2006055524,1430.0,3,0,0,0,0,0,0,0,0,4,0,,67,3,2006,5,40.0619,-75.0834,1418.0,6,0,0,0,0,0,0,1,0,,0,0,0,14,1,1,1,,0.0,40 03:43.000,,0,75 05:00.254,3,0,0,0,67301,0,0,0,N,0,0,0,3,67301,0,,1,1,,N,N,,0,,1,0,0,0,0,,1418,1,3,0,0,0,0,0,3,4,0,3,3,,N,,,,,,,,,,,
2006055582,1240.0,2,0,0,0,0,0,0,0,0,4,0,,67,4,2006,4,,,1230.0,6,0,0,0,0,0,1,0,0,,0,0,0,12,1,1,2,,0.0,,,0,,4,0,0,0,67301,0,0,0,N,0,0,0,3,67301,1,,1,1,,N,N,,0,,0,0,0,9,3,,1225,1,2,0,0,0,0,0,3,3,0,2,3,,N,,,,,,,,,,,
2006055672,27.0,1,0,0,0,0,0,0,0,0,1,0,,67,3,2006,7,39.9652,-75.1607,19.0,6,0,0,0,0,1,0,0,0,2.0,0,0,0,0,3,0,0,,1.0,39 57:54.000,1.0,0,75 09:38.594,0,0,0,0,67301,0,0,0,N,0,0,0,3,67301,0,,1,1,,N,N,,0,,0,0,1,0,0,N,15,0,3,0,0,0,0,0,3,4,1,3,3,,N,,,,,,,,,,,
2006055674,800.0,1,0,0,0,0,0,0,0,0,7,0,,67,3,2006,7,39.9505,-75.1504,758.0,6,0,0,0,0,0,0,0,0,,0,0,0,7,1,0,0,,0.0,39 57:01.800,,0,75 09:01.800,0,0,0,0,67301,0,0,0,N,0,0,0,2,67301,0,,5,1,,N,N,,0,,0,0,0,0,0,,756,0,2,0,0,0,0,0,3,4,0,1,3,,N,,,,,,,,,,,
2006055689,1652.0,2,0,0,0,0,0,0,0,0,4,0,,67,3,2006,1,,,1648.0,6,0,0,0,0,0,0,1,0,,0,0,0,99,1,0,0,,0.0,,,0,,0,0,0,0,67301,0,0,0,N,0,0,0,4,67301,0,,1,1,,N,N,,0,,0,0,0,0,0,,9999,0,2,0,0,0,0,0,3,3,0,2,3,,N,,,,,,,,,,,
2006055637,1851.0,2,0,0,0,0,0,0,0,0,5,0,,67,4,2006,4,39.9572,-75.2275,1849.0,6,0,0,0,0,0,0,0,0,1.0,0,0,0,99,1,1,1,,1.0,39 57:26.000,4.0,0,75 13:39.029,3,0,0,0,67301,0,0,0,N,0,0,0,2,67301,0,,1,1,,N,N,,0,,1,0,0,3,2,N,9999,1,2,0,0,1,0,0,3,4,0,2,3,,N,,,,,,,,,,,
2006055718,1510.0,1,0,0,0,0,0,0,0,0,8,0,,67,3,2006,4,39.9277,-75.1662,1510.0,6,0,0,0,0,0,0,0,0,,0,0,0,15,1,1,1,,0.0,39 55:39.651,,0,75 09:58.143,4,0,0,0,67301,1,0,0,N,1,0,0,2,67301,1,,1,1,,N,N,,0,,0,0,0,0,0,,1510,1,2,0,0,0,0,0,3,4,0,1,3,,N,,,,,,,,,,,
2006102403,2134.0,0,0,0,0,0,0,0,0,0,8,0,,67,8,2006,5,40.1049,-75.0335,2131.0,6,0,0,0,0,0,0,0,0,1.0,0,0,0,21,3,1,0,,2.0,40 06:17.000,2.0,0,75 02:00.395,8,0,0,0,67301,1,0,0,N,1,0,0,2,67301,0,,1,1,,N,N,,0,,0,0,1,0,0,Y,2130,1,2,0,0,0,1,0,3,4,0,1,3,,N,,,,,,,,,,,
2006104953,1131.0,0,0,0,0,0,0,1,0,0,2,1,,67,8,2006,4,,,1129.0,6,0,0,0,0,0,0,0,0,2.0,0,0,0,11,1,15,2,,2.0,,1.0,0,,4,0,0,0,67301,0,0,0,,0,0,0,15,67301,15,,1,1,,N,N,,1,,0,0,0,9,3,Y,1128,15,2,0,0,0,0,0,3,3,0,2,3,,N,,,,,,,,,,,
2006102206,1610.0,1,0,0,0,0,0,0,0,0,8,0,,67,9,2006,2,39.998,-75.1297,1605.0,6,0,0,0,0,0,0,0,0,,0,0,0,16,1,1,0,,0.0,39 59:52.974,,0,75 07:47.070,4,0,0,0,67301,1,0,0,N,1,0,0,2,67301,1,,1,1,,N,Y,,0,,0,0,0,0,0,,1601,1,2,0,0,0,0,1,3,4,0,1,3,,N,,,,,,,,,,,
2006102232,1910.0,0,0,0,0,0,0,0,0,0,6,0,,67,9,2006,4,39.9895,-75.1003,1900.0,6,0,0,0,0,0,1,0,0,,0,0,0,18,1,1,0,,0.0,39 59:22.142,,7,75 06:01.177,8,0,0,1,67301,0,0,0,N,0,0,0,2,67301,0,,1,1,,N,N,,0,,0,0,1,0,0,,1850,1,2,0,0,0,1,0,3,4,0,2,3,,N,,,,,,,,,,,
2006115166,1330.0,2,0,0,0,0,0,0,0,0,4,0,,67,10,2006,4,40.0441,-75.0619,1324.0,6,0,1,0,0,0,0,0,0,2.0,0,0,0,13,1,1,1,,1.0,40 02:38.000,2.0,0,75 03:42.594,8,0,0,0,67301,0,0,0,N,0,0,0,2,67301,0,,1,1,,N,Y,,0,,0,0,0,3,2,N,1310,1,2,0,0,0,1,0,3,4,0,2,3,,N,,,,,,,,,,,
2006112691,121.0,1,0,0,0,0,0,0,0,0,1,0,,67,10,2006,1,39.916,-75.236,113.0,6,0,0,0,0,1,0,0,0,,0,0,0,1,3,2,1,,0.0,39 54:57.714,,0,75 14:09.691,8,0,0,0,67301,0,0,0,N,0,0,0,5,67301,0,,1,1,,N,N,,0,,0,0,1,3,2,,113,2,2,0,0,0,2,0,3,4,0,2,3,,N,,,,,,,,,,,
2006124898,2352.0,2,0,0,0,0,0,0,0,0,4,0,,67,10,2006,3,39.9579,-75.1623,1347.0,6,0,0,0,1,0,0,0,0,,0,0,0,13,1,2,1,,0.0,39 57:28.000,,0,75 09:43.912,4,0,0,0,67301,0,0,0,N,0,0,0,3,67301,2,,1,1,,N,N,,0,,0,0,0,3,2,,1347,2,2,0,0,0,0,0,3,4,0,2,3,,N,,,,,,,,,,,
2006124708,1639.0,0,0,0,0,0,0,0,0,0,7,0,,67,11,2006,4,39.8945,-75.2367,1635.0,6,0,0,0,0,0,2,0,0,1.0,0,0,0,16,1,1,0,,1.0,39 53:40.200,3.0,3,75 14:12.120,3,0,0,0,67301,0,0,0,N,0,0,0,2,67301,0,,2,9,,N,N,,0,,1,0,2,0,0,N,1630,1,2,0,0,0,0,0,3,4,0,2,7,,N,,,,,,,,,,,
2006124735,1840.0,1,0,0,0,0,0,0,0,0,1,0,,67,9,2006,6,,,1830.0,6,0,0,0,0,0,0,0,0,,0,0,0,18,1,1,0,,0.0,,,0,,2,0,1,1,67301,0,0,0,N,0,0,0,1,67301,0,,6,1,,N,N,,0,,0,1,0,0,0,,1800,1,2,0,0,0,0,0,3,3,0,2,3,,N,,,,,,,,,,,
2006062405,1334.0,2,0,0,0,0,0,0,0,0,4,0,,67,5,2006,7,39.9481,-75.1634,1332.0,6,0,0,0,0,0,0,0,0,1.0,0,0,0,13,1,1,1,,2.0,39 56:53.041,2.0,0,75 09:48.203,4,0,0,0,67301,0,0,0,N,0,0,0,4,67301,1,,1,1,,N,N,,0,,0,0,0,9,3,N,1330,1,2,0,0,0,0,0,3,4,0,2,3,,N,,,,,,,,,,,
2006062419,1135.0,1,0,0,0,0,0,0,0,0,7,0,,67,5,2006,6,39.9989,-75.0943,1130.0,6,0,0,0,0,0,0,0,0,,0,0,0,99,3,0,0,,0.0,39 59:56.043,,0,75 05:39.570,9,0,0,0,67301,0,0,0,,0,0,0,1,67301,0,,4,9,,N,N,,0,,0,0,0,0,0,,9999,0,1,0,0,0,0,1,3,4,0,1,7,,N,,,,,,,,,,,
2006062424,812.0,2,0,0,0,0,0,0,0,0,4,0,,67,5,2006,6,40.0096,-75.1057,805.0,6,0,0,0,0,0,1,0,0,,0,0,0,7,1,2,0,,0.0,40 00:34.516,,0,75 06:20.584,4,0,0,0,67301,0,0,0,N,0,0,0,3,67301,2,,5,1,,N,N,,0,,0,0,0,9,3,,750,2,2,0,0,0,0,0,3,4,0,2,3,,N,,,,,,,,,,,
2006054709,1015.0,2,0,0,0,0,0,0,0,0,1,0,,67,4,2006,3,39.9144,-75.1784,1010.0,6,0,0,0,0,0,0,1,0,1.0,0,0,0,99,1,1,3,,1.0,39 54:52.000,4.0,0,75 10:42.252,4,0,0,0,67301,0,0,0,,0,0,0,3,67301,1,,1,1,,N,N,,1,,0,0,0,3,2,N,9999,1,3,0,0,3,0,0,3,4,0,3,3,,N,,,,,,,,,,,
2006054747,725.0,0,0,0,0,0,0,1,0,0,4,1,,67,2,2006,7,39.9547,-75.1495,722.0,6,0,0,0,0,0,2,0,0,,0,0,0,7,1,0,2,,0.0,39 57:16.000,,0,75 08:58.276,0,0,0,0,67301,0,0,0,N,0,0,0,5,67301,0,,1,1,,N,N,,0,,0,0,0,0,0,,710,0,2,0,0,0,0,0,3,4,1,2,3,,N,,,,,,,,,,,
2006062509,1930.0,3,0,0,0,0,0,0,0,0,4,0,,67,4,2006,7,,,1922.0,6,0,0,0,0,0,2,0,0,,0,0,0,19,3,1,1,,0.0,,,0,,4,0,0,0,67301,0,0,0,N,0,0,0,3,67301,1,,1,9,,N,Y,,0,,0,0,1,3,2,,1922,1,4,0,0,0,0,0,3,3,0,4,7,,N,,,,,,,,,,,
2006055264,2347.0,2,0,0,0,0,0,0,0,0,1,0,,67,3,2006,7,40.0264,-75.1163,2345.0,6,0,0,0,0,0,0,0,0,,0,0,0,23,3,1,0,,0.0,40 01:34.570,,0,75 07:01.347,3,0,0,0,67301,0,0,0,N,0,0,0,2,67301,0,,1,9,,N,N,,0,,1,0,0,0,0,,2340,1,2,0,0,0,0,1,3,4,0,2,99,,N,,,,,,,,,,,
2006055268,1722.0,2,0,0,0,0,0,0,0,0,4,0,,67,3,2006,5,40.018,-75.1336,1720.0,6,0,0,0,0,0,0,0,0,,0,0,0,17,1,1,1,,0.0,40 01:04.753,,0,75 08:00.837,8,0,0,0,67301,0,0,0,N,0,0,0,3,67301,0,,1,1,,N,N,,0,,0,0,0,9,3,,1715,1,2,0,0,0,1,0,3,4,0,2,3,,N,,,,,,,,,,,
2006081707,1234.0,2,0,0,0,0,0,0,0,0,4,0,,67,7,2006,6,39.9948,-75.1155,9999.0,6,0,0,0,0,0,0,0,0,,0,0,0,99,1,1,0,,0.0,39 59:41.323,,7,75 06:55.807,8,0,0,0,67301,0,0,0,N,0,0,0,2,67301,0,,1,1,,N,N,,0,,0,0,0,0,0,,9999,1,2,0,0,0,1,0,3,4,0,2,3,,N,,,,,,,,,,,
2006116098,9999.0,2,0,0,0,0,0,0,0,0,1,0,,67,10,2006,5,40.0272,-75.0989,2210.0,6,0,0,0,0,0,0,0,0,,0,0,0,22,3,2,1,,0.0,40 01:39.000,,0,75 05:54.588,4,0,0,0,67301,0,0,0,N,0,0,0,4,67301,2,,1,9,,N,N,,0,,0,0,1,3,2,,2200,2,3,0,0,0,0,0,3,4,0,3,7,,N,,,,,,,,,,,
2006116122,9999.0,2,0,0,0,0,0,0,0,0,4,0,,67,10,2006,2,39.9578,-75.1472,924.0,6,0,0,0,0,0,0,1,0,,0,0,0,99,1,3,1,,0.0,39 57:28.000,,0,75 08:50.199,8,0,0,0,67301,0,0,0,N,0,0,0,3,67301,0,,1,1,,N,N,,0,,0,0,0,3,2,,9999,3,2,0,0,0,3,0,3,4,0,2,3,,N,,,,,,,,,,,
2006116123,51.0,2,0,0,0,0,0,0,0,0,4,0,,67,10,2006,4,39.9571,-75.149,51.0,6,0,0,0,0,0,0,0,0,,0,0,0,0,3,2,2,,0.0,39 57:25.000,,0,75 08:56.382,4,0,0,0,67301,0,0,0,N,0,0,0,5,67301,2,,1,1,,N,N,,0,,0,0,0,0,0,,50,2,2,0,0,0,0,1,3,4,0,2,3,,N,,,,,,,,,,,
2006126291,1300.0,2,0,0,0,0,0,0,0,0,1,0,,67,11,2006,6,40.0962,-75.0141,1250.0,6,0,0,0,0,0,1,0,0,,0,0,0,12,1,1,8,,0.0,40 05:46.680,,6,75 00:50.760,4,0,0,0,67301,0,0,0,N,0,0,0,3,67301,1,,1,1,,N,N,,0,,0,0,0,0,0,,1250,1,2,0,0,0,0,0,3,4,0,2,3,,N,,,,,,,,,,,
2006126293,1214.0,2,0,0,0,0,0,0,0,0,2,0,,67,10,2006,1,39.997,-75.2355,1211.0,6,0,0,0,0,1,0,0,0,,0,0,0,12,1,1,0,,0.0,39 59:49.000,,0,75 14:08.184,4,0,0,0,67301,0,0,0,N,0,0,0,6,67301,1,,1,1,,N,N,,1,,0,0,0,0,0,,1210,1,4,0,0,6,0,0,3,4,1,4,3,,N,,,,,,,,,,,
2006066221,1935.0,0,0,0,0,0,0,0,0,0,8,0,,67,6,2006,5,39.9238,-75.1655,1930.0,6,0,0,0,1,0,0,0,0,,0,0,0,19,1,1,1,,0.0,39 55:24.549,,0,75 09:45.954,8,0,0,0,67301,1,0,0,N,1,0,0,2,67301,0,,4,1,,N,N,,0,,0,0,0,3,2,,1930,1,2,0,0,0,1,0,3,4,1,1,3,,N,,,,,,,,,,,
2006056449,1415.0,1,0,0,0,0,0,0,0,0,8,0,,67,4,2006,6,39.9172,-75.1632,1409.0,6,0,0,0,0,0,0,0,0,,0,0,0,14,1,1,2,,0.0,39 55:01.808,,0,75 09:47.541,4,0,0,0,67301,1,0,0,N,1,0,0,2,67301,1,,1,1,,N,N,,0,,0,0,0,0,0,,1409,1,2,0,0,0,0,0,3,4,0,1,3,,N,,,,,,,,,,,
2006034200,545.0,1,0,0,0,0,0,0,0,0,4,0,,67,2,2006,1,,,542.0,6,0,1,0,0,0,0,0,0,,0,0,0,5,1,1,1,,0.0,,,0,,8,0,0,0,67301,0,0,0,N,0,0,0,3,67301,0,,1,1,,N,N,,0,,0,0,1,3,3,,525,1,2,0,0,0,1,1,3,3,0,2,3,,N,,,,,,,,,,,
2006036668,1800.0,1,0,0,0,0,0,0,0,0,4,0,,67,2,2006,6,40.0042,-75.0774,1757.0,6,0,0,0,0,0,0,0,0,,0,0,0,17,1,2,1,,0.0,40 00:14.000,,0,75 04:38.876,3,0,0,0,67301,0,0,0,,0,0,0,3,67301,0,,1,1,,N,N,,0,,2,0,0,9,5,,1757,2,2,0,0,0,0,0,3,4,0,1,3,,N,,,,,,,,,,,
2006024216,1308.0,0,0,0,0,0,0,0,0,0,4,0,,67,1,2006,3,,,1300.0,6,0,0,0,0,0,1,0,0,,0,0,0,99,1,1,0,,0.0,,,0,,8,0,0,0,67301,0,0,0,N,0,0,0,3,67301,0,,1,9,,N,N,,1,,0,0,0,0,0,,9999,1,2,0,0,1,1,0,3,3,1,2,7,,N,,,,,,,,,,,
2006021911,1719.0,1,0,0,0,0,0,0,0,0,8,0,,67,1,2006,5,39.9543,-75.1918,1714.0,6,0,0,0,0,1,0,0,0,,0,0,0,17,4,1,1,,0.0,39 57:15.000,,0,75 11:30.577,8,0,0,0,67301,1,0,0,N,1,0,0,5,67301,0,,1,1,,N,N,,0,,0,0,0,3,2,,1710,1,2,0,0,0,1,0,3,4,0,1,3,,N,,,,,,,,,,,
2006019470,1547.0,1,0,0,1,0,1,0,0,0,4,0,,67,1,2006,4,39.9434,-75.2108,1545.0,6,0,0,0,0,0,1,0,0,,0,0,0,15,1,1,0,,0.0,39 56:36.176,,0,75 12:38.950,2,0,0,0,67301,1,0,1,N,0,0,0,4,67301,0,,1,1,,N,N,,0,,0,1,0,0,0,,1545,1,2,0,0,1,0,0,3,4,0,1,3,,N,,,,,,,,,,,
2006102774,1700.0,0,0,0,0,0,0,0,0,0,8,0,,67,9,2006,5,40.0446,-75.1446,1700.0,6,0,0,0,0,0,0,0,0,,0,0,0,17,1,1,1,,0.0,40 02:40.423,,0,75 08:40.657,4,0,0,0,67301,1,0,0,,1,0,0,3,67301,1,,1,1,,,,,0,,0,0,1,9,3,,1700,1,2,0,0,0,0,0,3,4,0,1,3,,N,,,,,,,,,,,
2006103135,1351.0,1,0,0,0,0,0,0,0,0,4,0,,67,8,2006,7,39.9787,-75.1578,1351.0,6,0,0,0,0,0,2,0,0,,0,0,0,13,1,3,1,,0.0,39 58:43.000,,0,75 09:28.075,4,0,0,0,67301,0,0,0,N,0,0,0,3,67301,2,,3,1,,N,N,,1,,0,0,0,3,2,,1351,3,3,0,0,0,1,0,3,4,1,3,3,,N,,,,,,,,,,,
2006103175,1825.0,1,0,0,0,0,0,0,0,0,8,0,,67,8,2006,3,40.0283,-75.0881,1817.0,6,0,0,0,0,0,0,0,0,,0,0,0,18,1,1,1,,0.0,40 01:41.000,,0,75 05:16.915,8,0,0,0,67301,1,0,0,N,1,0,0,2,67301,0,,1,1,,N,N,,0,,0,0,0,3,7,,1800,1,2,0,0,0,1,0,3,4,0,1,3,,N,,,,,,,,,,,
2006103227,215.0,4,0,0,0,0,0,0,0,0,2,0,,67,9,2006,1,40.0295,-75.1467,212.0,6,0,0,0,0,0,0,0,0,,0,0,0,2,3,1,1,,0.0,40 01:46.000,,0,75 08:48.485,3,0,0,0,67301,0,0,0,N,0,0,0,1,67301,0,,1,9,,N,N,,0,,1,0,0,0,0,,212,1,4,0,0,0,0,0,3,4,0,4,3,,N,,,,,,,,,,,