CRN,ARRIVAL_TM,AUTOMOBILE_COUNT,BELTED_DEATH_COUNT,BELTED_SUSP_SERIOUS_INJ_COUNT,BICYCLE_COUNT,BICYCLE_DEATH_COUNT,BICYCLE_SUSP_SERIOUS_INJ_COUNT,BUS_COUNT,CHLDPAS_DEATH_COUNT,CHLDPAS_SUSP_SERIOUS_INJ_COUNT,COLLISION_TYPE,COMM_VEH_COUNT,CONS_ZONE_SPD_LIM,COUNTY,CRASH_MONTH,CRASH_YEAR,DAY_OF_WEEK,DEC_LAT,DEC_LONG,DISPATCH_TM,DISTRICT,DRIVER_COUNT_16YR,DRIVER_COUNT_17YR,DRIVER_COUNT_18YR,DRIVER_COUNT_19YR,DRIVER_COUNT_20YR,DRIVER_COUNT_50_64YR,DRIVER_COUNT_65_74YR,DRIVER_COUNT_75PLUS,EST_HRS_CLOSED,FATAL_COUNT,HEAVY_TRUCK_COUNT,HORSE_BUGGY_COUNT,HOUR_OF_DAY,ILLUMINATION,INJURY_COUNT,INTERSECT_TYPE,INTERSECTION_RELATED,LANE_CLOSED,LATITUDE,LN_CLOSE_DIR,LOCATION_TYPE,LONGITUDE,MAX_SEVERITY_LEVEL,MCYCLE_DEATH_COUNT,MCYCLE_SUSP_SERIOUS_INJ_COUNT,MOTORCYCLE_COUNT,MUNICIPALITY,NONMOTR_COUNT,NONMOTR_DEATH_COUNT,NONMOTR_SUSP_SERIOUS_INJ_COUNT,NTFY_HIWY_MAINT,PED_COUNT,PED_DEATH_COUNT,PED_SUSP_SERIOUS_INJ_COUNT,PERSON_COUNT,POLICE_AGCY,POSSIBLE_INJ_COUNT,RDWY_SURF_TYPE_CD,RELATION_TO_ROAD,ROAD_CONDITION,ROADWAY_CLEARED,SCH_BUS_IND,SCH_ZONE_IND,SECONDARY_CRASH,SMALL_TRUCK_COUNT,SPEC_JURIS_CD,SUSP_MINOR_INJ_COUNT,SUSP_SERIOUS_INJ_COUNT,SUV_COUNT,TCD_FUNC_CD,TCD_TYPE,TFC_DETOUR_IND,TIME_OF_DAY,TOT_INJ_COUNT,TOTAL_UNITS,UNB_DEATH_COUNT,UNB_SUSP_SERIOUS_INJ_COUNT,UNBELTED_OCC_COUNT,UNK_INJ_DEG_COUNT,UNK_INJ_PER_COUNT,URBAN_AREA,URBAN_RURAL,VAN_COUNT,VEHICLE_COUNT,WEATHER1,WEATHER2,WORK_ZONE_IND,WORK_ZONE_LOC,WORK_ZONE_TYPE,WORKERS_PRES,WZ_CLOSE_DETOUR,WZ_FLAGGER,WZ_LAW_OFFCR_IND,WZ_LN_CLOSURE,WZ_MOVING,WZ_OTHER,WZ_SHLDER_MDN,WZ_WORKERS_INJ_KILLED
2006103232,1855.0,1,0,0,0,0,0,0,0,0,7,0,,67,9,2006,3,39.9523,-75.1415,1845.0,6,0,0,0,1,0,0,0,0,1.0,0,0,0,18,1,5,0,,1.0,39 57:00.000,2.0,0,75 08:29.840,4,0,0,0,67301,0,0,0,N,0,0,0,5,67301,5,,2,1,,N,N,,0,,0,0,0,0,0,N,1840,5,1,0,0,0,0,0,3,4,0,1,3,,N,,,,,,,,,,,
2006094405,429.0,3,0,0,0,0,0,0,0,0,1,0,,67,7,2006,1,39.9674,-75.2457,426.0,6,0,0,0,1,0,1,0,0,,0,0,0,4,3,0,1,,0.0,39 58:02.000,,0,75 14:44.757,9,0,0,0,67301,0,0,0,N,0,0,0,3,67301,0,,1,1,,N,N,,0,,0,0,0,9,2,,425,0,3,0,0,0,0,3,3,4,0,3,3,,N,,,,,,,,,,,
2006094436,9999.0,0,0,0,0,0,0,0,0,0,0,0,,67,7,2006,7,40.0061,-75.1913,9999.0,6,0,0,0,0,0,0,0,0,,0,0,0,99,1,1,2,,0.0,40 00:21.939,,0,75 11:28.551,8,0,0,0,67301,0,0,0,N,0,0,0,1,67301,0,,1,9,,N,N,,0,,0,0,0,9,2,,9999,1,1,0,0,0,1,0,3,4,1,1,7,,N,,,,,,,,,,,
2006081688,2329.0,2,0,0,0,0,0,0,0,0,1,0,,67,6,2006,1,,,2320.0,6,0,0,1,0,0,0,0,0,9.0,0,0,0,23,3,1,0,,1.0,,1.0,0,,8,0,0,0,67301,0,0,0,N,0,0,0,2,67301,0,,6,1,,N,N,,0,,0,0,0,0,0,N,2320,1,2,0,0,0,1,1,3,3,0,2,3,,N,,,,,,,,,,,
2006116103,1345.0,1,0,0,0,0,0,0,0,0,8,0,,67,10,2006,5,40.0352,-75.1389,1340.0,6,0,0,0,0,0,0,0,0,,0,0,0,13,1,1,0,,0.0,40 02:06.601,,0,75 08:20.151,8,0,0,0,67301,1,0,0,N,1,0,0,2,67301,0,,6,1,,N,N,,0,,0,0,1,0,0,,1335,1,3,0,0,0,1,1,3,4,0,2,3,,N,,,,,,,,,,,
2006066198,1505.0,2,0,0,0,0,0,0,0,0,1,0,,67,5,2006,2,40.0721,-75.013,1554.0,6,0,0,0,0,0,0,0,0,,0,0,0,15,1,1,1,,0.0,40 04:19.000,,0,75 00:46.222,4,0,0,0,67301,0,0,0,,0,0,0,4,67301,1,,1,1,,,,,0,,0,0,0,0,0,,1554,1,2,0,0,1,0,0,3,4,0,2,3,,N,,,,,,,,,,,
2006056451,2246.0,3,0,0,0,0,0,0,0,0,1,0,,67,3,2006,6,,,2346.0,6,0,0,0,0,1,1,0,0,,0,0,0,22,3,1,1,,0.0,,,0,,4,0,0,0,67301,0,0,0,,0,0,0,2,67301,1,,2,1,,,,,0,,0,0,0,9,3,,2244,1,3,0,0,0,0,0,3,3,0,3,3,,N,,,,,,,,,,,
2006056497,1535.0,1,0,0,0,0,0,0,0,0,8,0,,67,4,2006,3,39.9501,-75.1641,1531.0,6,0,0,0,0,0,0,0,0,,0,0,0,15,1,1,5,,0.0,39 57:00.000,,0,75 09:50.682,4,0,0,0,67301,1,0,0,N,1,0,0,2,67301,1,,1,1,,N,N,,0,,0,0,0,3,2,,1500,1,2,0,0,0,0,1,3,4,0,1,3,,N,,,,,,,,,,,
2006056503,1358.0,2,0,0,0,0,0,0,0,0,4,0,,67,2,2006,4,,,1349.0,6,0,0,0,0,0,1,0,0,,0,0,0,13,1,2,2,,0.0,,,0,,8,0,0,0,67301,0,0,0,N,0,0,0,2,67301,0,,1,1,,N,N,,0,,0,0,0,3,3,,1330,2,2,0,0,0,2,0,3,3,0,2,3,,N,,,,,,,,,,,
2006054010,900.0,0,0,0,0,0,0,1,0,0,4,1,,67,4,2006,3,39.915,-75.1566,853.0,6,0,0,0,0,0,0,0,0,,0,0,0,8,1,2,1,,0.0,39 54:53.000,,0,75 09:23.607,8,0,0,0,67301,0,0,0,,0,0,0,4,67301,0,,1,1,,,,,1,,0,0,0,9,2,,853,2,2,0,0,2,2,0,3,4,0,2,3,,N,,,,,,,,,,,
2006036580,1746.0,0,0,0,0,0,0,0,0,0,7,0,,67,2,2006,3,40.0086,-75.0688,1730.0,6,0,0,0,0,0,0,0,0,,0,0,0,99,1,1,1,,0.0,40 00:31.000,,0,75 04:07.914,3,0,0,0,67301,0,0,0,N,0,0,0,1,67301,0,,5,2,,N,N,,0,,1,0,1,0,0,,9999,1,1,0,0,0,0,0,3,4,0,1,10,,N,,,,,,,,,,,
2006024116,1400.0,1,0,0,0,0,0,0,0,0,4,0,,67,1,2006,7,39.9853,-75.1788,1400.0,6,0,0,0,0,0,0,0,0,,0,0,0,13,1,2,1,,0.0,39 59:06.000,,0,75 10:43.820,4,0,0,0,67301,0,0,0,N,0,0,0,5,67301,2,,1,9,,N,N,,1,,0,0,0,3,2,,1339,2,2,0,0,0,0,0,3,4,0,2,7,,N,,,,,,,,,,,
2006024214,1605.0,1,0,0,0,0,0,0,0,0,4,0,,67,1,2006,1,40.0465,-75.073,1605.0,6,0,0,0,0,0,1,0,0,,0,0,0,16,1,3,1,,0.0,40 02:47.547,,0,75 04:22.886,4,0,0,0,67301,0,0,0,N,0,0,0,4,67301,1,,1,1,,N,N,,2,,0,0,0,9,3,,1604,3,3,0,0,4,2,0,3,4,0,3,3,,N,,,,,,,,,,,
2006103221,2235.0,1,0,0,0,0,0,0,0,0,8,0,,67,8,2006,2,39.9637,-75.2417,2230.0,6,0,0,0,0,0,0,0,0,,0,0,0,22,3,0,1,,0.0,39 57:49.327,,0,75 14:30.141,0,0,0,0,67301,1,0,0,,1,0,0,2,67301,0,,1,1,,,,,0,,0,0,0,0,0,,2215,0,2,0,0,0,0,0,3,4,0,1,3,,N,,,,,,,,,,,
2006035957,235.0,2,0,0,0,0,0,0,0,0,7,0,,67,1,2006,6,40.0995,-74.9864,230.0,6,0,0,0,0,0,0,0,0,2.0,0,0,0,2,3,0,5,,1.0,40 05:58.224,4.0,0,74 59:10.989,9,0,0,0,67301,0,0,0,N,0,0,0,2,67301,0,,2,1,,N,N,,0,,0,0,0,0,0,N,230,0,2,0,0,0,0,2,3,4,0,2,3,,N,,,,,,,,,,,
2006037680,1433.0,1,0,0,1,0,0,0,0,0,4,0,,67,1,2006,2,39.9625,-75.1957,1430.0,6,0,0,0,0,0,0,0,0,,0,0,0,14,1,1,2,,0.0,39 57:44.824,,0,75 11:44.642,4,0,0,0,67301,1,0,0,N,0,0,0,2,67301,1,,1,1,,N,N,,0,,0,0,0,9,3,,1430,1,2,0,0,0,0,0,3,4,0,1,3,,N,,,,,,,,,,,
2006037736,1432.0,2,0,0,0,0,0,0,0,0,2,0,,67,3,2006,1,,,9999.0,6,0,0,0,0,0,0,0,0,,0,0,0,14,1,0,1,,0.0,,,0,,0,0,0,0,67301,0,0,0,,0,0,0,4,67301,0,,1,1,,N,N,,0,,0,0,0,9,3,,1432,0,2,0,0,1,0,0,3,3,0,2,3,,N,,,,,,,,,,,
2006037811,1430.0,3,0,0,0,0,0,0,0,0,1,0,,67,3,2006,1,39.9569,-75.1556,1424.0,6,0,0,0,0,0,1,0,0,1.0,0,0,0,99,1,1,0,,1.0,39 57:24.000,3.0,0,75 09:20.250,4,0,0,0,67301,0,0,0,N,0,0,0,6,67301,1,,1,1,,N,N,,0,,0,0,0,0,0,N,9999,1,3,0,0,1,0,0,3,4,0,3,3,,N,,,,,,,,,,,
2006082082,1143.0,0,0,0,0,0,0,0,0,0,4,0,,67,7,2006,3,,,1140.0,6,0,0,0,0,0,0,0,0,,0,0,0,11,1,0,1,,0.0,,,0,,0,0,0,0,67301,0,0,0,N,0,0,0,2,67301,0,,1,1,,N,N,,0,,0,0,2,1,2,,1138,0,2,0,0,1,0,0,3,3,0,2,3,,N,,,,,,,,,,,
2006082084,1624.0,1,0,0,0,0,0,0,0,0,1,0,,67,6,2006,6,,,1622.0,6,0,0,0,0,0,0,0,0,,0,0,0,16,1,1,0,,0.0,,,0,,4,0,0,0,67301,0,0,0,N,0,0,0,4,67301,1,,1,1,,N,N,,0,,0,0,1,0,0,,1615,1,2,0,0,0,0,1,3,3,0,2,3,,N,,,,,,,,,,,
2006082123,208.0,1,0,0,0,0,0,0,0,0,8,0,,67,5,2006,6,39.9894,-75.1632,206.0,6,0,0,0,0,0,0,0,0,,0,0,0,19,8,1,0,,0.0,39 59:21.710,,0,75 09:47.491,4,0,0,0,67301,1,0,0,N,1,0,0,2,67301,1,,1,1,,N,N,,0,,0,0,0,0,0,,1920,1,2,0,0,0,0,0,3,4,0,1,3,,N,,,,,,,,,,,
2006082136,758.0,1,0,0,0,0,0,0,0,0,4,0,,67,6,2006,2,39.9546,-75.173,756.0,6,0,0,0,0,0,0,0,0,,0,0,0,7,1,2,1,,0.0,39 57:16.560,,0,75 10:22.800,4,0,0,0,67301,0,0,0,N,0,0,0,3,67301,1,,1,1,,N,N,,0,,0,0,1,3,2,,754,2,2,0,0,0,1,0,3,4,0,2,3,,N,,,,,,,,,,,
2006079902,1705.0,3,0,0,0,0,0,0,0,0,4,0,,67,6,2006,6,40.0446,-75.1931,1705.0,6,0,0,0,0,0,1,0,0,2.0,0,0,0,17,1,0,1,,1.0,40 02:40.200,2.0,0,75 11:35.160,0,0,0,0,67301,0,0,0,N,0,0,0,6,67301,0,,1,1,,N,N,,0,,0,0,0,3,2,Y,1703,0,3,0,0,0,0,0,3,4,0,3,3,,N,,,,,,,,,,,
2007006859,932.0,2,0,0,0,0,0,0,0,0,5,0,,67,11,2006,7,40.0202,-75.2157,925.0,6,0,0,0,0,0,0,0,0,1.0,0,0,0,9,1,1,0,,1.0,40 01:12.705,2.0,0,75 12:56.473,4,0,0,0,67301,0,0,0,N,0,0,0,1,67301,1,,1,1,,N,N,,0,,0,0,0,0,0,N,920,1,2,0,0,0,0,0,3,4,0,2,3,,N,,,,,,,,,,,
2007006882,1612.0,1,0,0,0,0,0,0,0,0,1,0,,67,11,2006,1,39.9412,-75.2095,1606.0,6,0,0,0,0,0,1,0,0,1.0,0,0,0,16,4,1,1,,1.0,39 56:28.000,3.0,0,75 12:34.028,4,0,0,0,67301,0,0,0,N,0,0,0,3,67301,1,,1,9,,N,N,,0,,0,0,1,3,2,N,1600,1,2,0,0,0,0,1,3,4,0,2,7,,N,,,,,,,,,,,
2007009081,1440.0,2,0,0,0,0,0,0,0,0,4,0,,67,12,2006,2,39.9773,-75.1982,1435.0,6,0,0,0,0,0,1,1,0,1.0,0,0,0,14,1,1,2,,2.0,39 58:38.116,5.0,0,75 11:53.602,4,0,0,0,67301,0,0,0,N,0,0,0,2,67301,1,,1,1,,N,N,,0,,0,0,0,2,2,Y,1435,1,2,0,0,0,0,0,3,4,0,2,3,,N,,,,,,,,,,,
2007023556,254.0,1,0,0,0,0,0,0,0,0,1,0,,67,12,2006,7,39.9594,-75.1741,250.0,6,0,0,0,0,0,0,0,0,1.0,0,0,0,2,3,0,7,,1.0,39 57:34.000,4.0,0,75 10:28.565,0,0,0,0,67301,0,0,0,N,0,0,0,3,67301,0,,1,1,,N,N,,0,,0,0,1,0,0,N,249,0,2,0,0,0,0,0,3,4,0,2,3,,N,,,,,,,,,,,
2007021820,1115.0,0,0,0,0,0,0,0,0,0,8,0,,67,12,2006,3,40.0531,-75.1772,1110.0,6,0,0,0,0,0,0,0,0,,0,0,0,16,1,1,1,,0.0,40 03:11.000,,0,75 10:37.886,3,0,0,0,67301,1,0,0,,1,0,0,2,67301,0,,1,1,,,,,0,,1,0,0,0,0,,1645,1,2,0,0,0,0,0,3,4,0,1,3,,N,,,,,,,,,,,
2007010937,1830.0,3,0,0,0,0,0,0,0,0,1,0,,67,11,2006,3,40.0483,-75.061,1825.0,6,0,0,0,0,1,1,0,0,,0,0,0,18,3,1,0,,0.0,40 02:53.000,,0,75 03:39.547,4,0,0,0,67301,0,0,0,N,0,0,0,3,67301,1,,1,1,,N,N,,0,,0,0,0,0,0,,1800,1,3,0,0,0,0,0,3,4,0,3,3,,N,,,,,,,,,,,
2007010953,2128.0,1,0,0,0,0,0,0,0,0,7,0,,67,11,2006,4,39.9385,-75.2103,2123.0,6,0,0,0,0,0,0,0,0,,0,0,0,21,3,1,0,,0.0,39 56:18.623,,0,75 12:37.190,3,0,0,0,67301,0,0,0,N,0,0,0,4,67301,0,,5,9,,N,N,,0,,1,0,0,0,0,,2106,1,1,0,0,0,0,0,3,4,0,1,7,,N,,,,,,,,,,,
2007008485,1303.0,2,0,0,0,0,0,0,0,0,4,0,,67,11,2006,5,40.0124,-75.0691,1259.0,6,0,0,0,0,2,0,0,0,,0,0,0,12,1,3,1,,0.0,40 00:44.000,,0,75 04:08.626,4,0,0,0,67301,0,0,0,,0,0,0,4,67301,3,,1,1,,,,,0,,0,0,0,3,2,,1235,3,2,0,0,1,0,0,3,4,0,2,3,,N,,,,,,,,,,,
2007008502,943.0,2,0,0,0,0,0,0,0,0,4,0,,67,11,2006,2,39.9609,-75.245,940.0,6,0,0,0,0,0,0,0,0,,0,0,0,9,1,1,1,,0.0,39 57:39.000,,0,75 14:41.973,8,0,0,0,67301,0,0,0,N,0,0,0,2,67301,0,,1,9,,N,N,,0,,0,0,0,3,2,,938,1,2,0,0,0,1,0,3,4,0,2,7,,N,,,,,,,,,,,
2007008504,21.0,4,0,0,0,0,0,0,0,0,2,0,,67,11,2006,2,39.9497,-75.221,2242.0,6,0,0,0,1,0,0,0,0,,0,0,0,22,3,1,1,,0.0,39 56:59.046,,0,75 13:15.470,8,0,0,0,67301,0,0,0,N,0,0,0,1,67301,0,,1,9,,N,N,,0,,0,0,0,3,3,,2242,1,4,0,0,0,1,0,3,4,0,4,3,,N,,,,,,,,,,,
2007011182,1850.0,2,0,0,0,0,0,0,0,0,2,0,,67,11,2006,6,39.9867,-75.2083,1825.0,6,0,0,0,0,0,0,0,0,,0,0,0,17,3,0,1,,0.0,39 59:11.000,,0,75 12:29.920,0,0,0,0,67301,0,0,0,N,0,0,0,2,67301,0,,1,1,,N,N,,0,,0,0,0,0,0,,1720,0,2,0,0,0,0,0,3,4,0,2,3,,N,,,,,,,,,,,
2007029498,834.0,3,0,0,0,0,0,0,0,0,4,0,,67,12,2006,6,40.0428,-75.1135,832.0,6,0,0,0,0,0,0,0,0,1.0,0,0,0,8,1,0,0,,1.0,40 02:34.000,3.0,0,75 06:48.150,0,0,0,0,67301,0,0,0,N,0,0,0,3,67301,0,,1,1,,N,N,,0,,0,0,0,3,2,N,818,0,3,0,0,0,0,0,3,4,0,3,3,,N,,,,,,,,,,,
2007022068,120.0,2,0,0,0,0,0,0,0,0,1,0,,67,12,2006,1,40.072,-75.013,117.0,6,0,0,0,0,0,0,0,0,,0,0,0,1,3,1,1,,0.0,40 04:19.000,,0,75 00:46.977,8,0,0,0,67301,0,0,0,N,0,0,0,2,67301,0,,1,1,,N,N,,0,,0,0,0,2,2,,110,1,2,0,0,0,1,0,3,4,0,2,3,,N,,,,,,,,,,,
2007022110,414.0,1,0,0,0,0,0,0,0,0,2,0,,67,12,2006,2,39.9747,-75.1384,401.0,6,0,0,0,0,0,0,0,0,,0,0,0,3,3,1,1,,0.0,39 58:29.078,,0,75 08:18.344,4,0,0,0,67301,0,0,0,,0,0,0,2,67301,1,,1,9,,,,,0,,0,0,0,3,2,,357,1,2,0,0,1,0,1,3,4,1,2,7,,N,,,,,,,,,,,
2007007160,1017.0,1,0,0,0,0,0,0,0,0,6,0,,67,11,2006,5,40.0109,-75.1645,1015.0,6,0,0,0,0,0,0,1,0,,0,0,0,99,1,1,1,,0.0,40 00:39.000,,0,75 09:53.025,8,0,0,0,67301,0,0,0,N,0,0,0,2,67301,0,,1,1,,N,N,,0,,0,0,0,3,2,,9999,1,2,0,0,0,1,0,3,4,1,2,3,,N,,,,,,,,,,,
2007007584,4.0,0,0,0,0,0,0,0,0,0,8,0,,67,12,2006,5,40.0443,-75.0541,1.0,6,0,0,0,0,0,0,0,0,,0,0,0,16,1,1,1,,0.0,40 02:40.000,,0,75 03:16.619,4,0,0,0,67301,1,0,0,N,1,0,0,2,67301,1,,1,1,,N,N,,0,,0,0,0,0,0,,1630,1,2,0,0,0,0,1,3,4,0,1,98,,N,,,,,,,,,,,
2007010209,1940.0,2,0,0,0,0,0,0,0,0,6,0,,67,11,2006,2,40.064,-75.2397,1931.0,6,0,0,0,0,0,1,0,0,,0,0,0,19,3,2,1,,0.0,40 03:50.000,,0,75 14:23.043,4,0,0,0,67301,0,0,0,N,0,0,0,2,67301,2,,1,9,,N,N,,0,,0,0,0,3,2,,1927,2,2,0,0,0,0,0,3,4,0,2,7,,N,,,,,,,,,,,
2007007495,1042.0,1,0,0,0,0,0,0,0,0,1,0,,67,11,2006,1,39.9458,-75.1748,1038.0,6,0,0,0,0,0,0,0,0,2.0,0,0,0,10,1,0,1,,1.0,39 56:45.045,4.0,0,75 10:29.351,0,0,0,0,67301,0,0,0,N,0,0,0,3,67301,0,,1,1,,N,N,,1,,0,0,0,3,2,N,1030,0,2,0,0,0,0,0,3,4,0,2,3,,N,,,,,,,,,,,
2007010232,1022.0,0,0,0,0,0,0,1,0,0,8,1,,67,12,2006,5,39.9244,-75.1696,1015.0,6,0,0,0,0,0,1,0,0,,0,0,0,99,1,1,1,,0.0,39 55:27.000,,0,75 10:10.825,3,0,0,0,67301,1,0,0,N,1,0,0,2,67301,0,,1,1,,N,N,,0,,1,0,0,3,2,,9999,1,2,0,0,0,0,0,3,4,0,1,3,,N,,,,,,,,,,,
2007007694,2008.0,1,0,0,0,0,0,0,0,0,8,0,,67,12,2006,5,40.0392,-75.1776,1957.0,6,0,0,0,0,0,0,0,1,,0,0,0,19,3,1,2,,0.0,40 02:21.000,,0,75 10:39.520,8,0,0,0,67301,1,0,0,N,1,0,0,2,67301,0,,1,1,,N,N,,0,,0,0,0,3,2,,1956,1,2,0,0,0,1,0,3,4,0,1,3,,N,,,,,,,,,,,
2007033363,,2,0,0,0,0,0,0,0,0,3,0,,67,7,2006,5,39.9961,-75.2373,,6,0,0,0,0,0,0,0,0,,0,0,0,11,1,2,0,,0.0,39 59:47.000,,0,75 14:09.814,4,0,0,0,67301,0,0,0,N,0,0,0,3,,2,,1,9,,N,N,,0,,0,0,0,0,0,,1130,2,2,0,0,2,0,0,3,4,0,2,3,,N,,,,,,,,,,,
2006113829,245.0,1,0,0,1,0,0,0,0,0,4,0,,67,9,2006,6,40.0222,-75.0631,230.0,6,0,0,0,0,0,0,0,0,,0,0,0,1,3,1,0,,0.0,40 01:20.000,,7,75 03:47.240,3,0,0,0,67301,1,0,0,,0,0,0,2,67301,0,,4,1,,,,,0,,1,0,0,0,0,,120,1,2,0,0,0,0,1,3,4,0,1,3,,N,,,,,,,,,,,
2006113830,9999.0,1,0,0,0,0,0,0,0,0,4,0,,67,9,2006,4,39.9918,-75.2311,9999.0,6,0,0,0,0,0,1,0,0,,0,0,0,99,3,1,1,,0.0,39 59:30.312,,0,75 13:51.806,8,0,0,0,67301,0,0,0,N,0,0,0,2,67301,0,,1,1,,N,N,,0,,0,0,1,9,3,,9999,1,2,0,0,0,1,0,3,4,0,2,3,,N,,,,,,,,,,,
2006062105,235.0,2,0,0,0,0,0,0,0,0,4,0,,67,5,2006,6,40.0807,-75.0285,230.0,6,0,0,0,0,0,1,0,0,,0,0,0,2,3,1,1,,0.0,40 04:50.160,,0,75 01:41.880,8,0,0,0,67301,0,0,0,,0,0,0,3,67301,0,,1,1,,N,N,,0,,0,0,0,3,2,,215,1,2,0,0,0,1,0,3,4,0,2,3,,N,,,,,,,,,,,
2006062109,1318.0,2,0,0,0,0,0,0,0,0,4,0,,67,5,2006,5,,,1310.0,6,0,0,0,0,0,0,0,0,,0,0,0,99,1,1,0,,0.0,,,7,,8,0,0,0,67301,0,0,0,,0,0,0,4,67301,0,,1,1,,,,,0,,0,0,0,0,0,,9999,1,2,0,0,0,1,0,3,3,0,2,3,,N,,,,,,,,,,,
2006062111,2030.0,1,0,0,0,0,0,0,0,0,4,0,,67,5,2006,5,39.9877,-75.1873,2027.0,6,0,0,1,0,0,0,0,0,1.0,0,0,0,20,3,1,2,,2.0,39 59:15.864,5.0,0,75 11:14.136,4,0,0,0,67301,0,0,0,,0,0,0,3,67301,1,,2,9,,N,N,,0,,0,0,1,0,0,N,2000,1,3,0,0,0,0,0,3,4,1,3,7,,N,,,,,,,,,,,
2006062119,1035.0,1,0,0,0,0,0,0,0,0,4,0,,67,4,2006,1,,,9999.0,6,0,0,0,0,0,0,0,0,,0,0,0,99,1,3,1,,0.0,,,0,,8,0,0,0,67301,0,0,0,N,0,0,0,6,67301,0,,1,1,,N,N,,0,,0,0,0,3,2,,9999,3,2,0,0,0,3,0,3,3,1,2,3,,N,,,,,,,,,,,
2006062447,2327.0,3,0,0,0,0,0,0,0,0,1,0,,67,5,2006,6,39.9492,-75.1845,2322.0,6,0,0,0,0,0,1,0,0,1.0,0,0,0,23,3,0,0,,2.0,39 56:57.000,4.0,0,75 11:04.108,0,0,0,0,67301,0,0,0,N,0,0,0,4,67301,0,,1,1,,N,N,,0,,0,0,0,0,0,N,2321,0,3,0,0,0,0,0,3,4,0,3,3,,N,,,,,,,,,,,
2006093871,1231.0,1,0,0,0,0,0,0,0,0,8,0,,67,7,2006,6,39.9605,-75.2037,1225.0,6,0,0,0,0,0,0,0,0,,0,0,0,12,1,1,0,,0.0,39 57:37.850,,0,75 12:13.410,4,0,0,0,67301,1,0,0,,1,0,0,2,67301,1,,4,1,,,,,0,,0,0,0,9,3,,1225,1,2,0,0,0,0,1,3,4,0,1,3,,N,,,,,,,,,,,
2006055134,1207.0,1,0,0,0,0,0,0,0,0,5,0,,67,4,2006,4,39.9251,-75.2338,1204.0,6,0,0,0,0,0,0,0,1,,0,0,0,12,1,1,0,,0.0,39 55:30.360,,0,75 14:01.680,8,0,0,1,67301,0,0,0,N,0,0,0,1,67301,0,,6,1,,N,N,,1,,0,0,0,0,0,,1203,1,3,0,0,0,1,0,3,4,0,3,3,,N,,,,,,,,,,,
2006094067,1328.0,0,0,0,0,0,0,0,0,0,8,0,,67,6,2006,4,,,1325.0,6,0,0,0,0,0,0,0,0,,0,0,0,13,1,1,0,,0.0,,,0,,4,0,0,0,67301,1,0,0,N,1,0,0,3,67301,1,,1,1,,N,N,,0,,0,0,0,0,0,,1324,1,2,0,0,0,0,0,3,3,1,1,3,,N,,,,,,,,,,,
2006055172,651.0,3,0,0,0,0,0,0,0,0,1,0,,67,3,2006,6,,,647.0,6,0,0,0,0,0,0,0,0,1.0,0,0,0,6,1,1,0,,1.0,,2.0,0,,4,0,0,0,67301,0,0,0,,0,0,0,4,67301,1,,1,1,,,,,1,,0,0,0,0,0,N,647,1,4,0,0,0,0,0,3,3,0,4,3,,N,,,,,,,,,,,
2006094220,2330.0,1,0,0,0,0,0,0,0,0,1,0,,67,7,2006,2,39.9133,-75.2415,2325.0,6,0,0,0,0,0,0,0,0,,0,0,0,23,3,1,0,,0.0,39 54:47.905,,0,75 14:29.522,4,0,0,1,67301,0,0,0,N,0,0,0,2,67301,1,,1,1,,N,N,,0,,0,0,0,0,0,,2320,1,2,0,0,0,0,0,3,4,0,2,3,,N,,,,,,,,,,,
2006055223,1457.0,1,0,0,0,0,0,0,0,0,1,0,,67,3,2006,3,39.9461,-75.2421,1457.0,6,0,0,0,0,0,0,0,0,,0,0,0,17,1,1,1,,0.0,39 56:45.000,,0,75 14:30.637,3,0,0,0,67301,0,0,0,N,0,0,0,2,67301,0,,1,1,,N,N,,0,,1,0,0,0,0,,1730,1,2,0,0,0,0,1,3,4,0,2,3,,N,,,,,,,,,,,
2006055232,1655.0,3,0,0,0,0,0,0,0,0,1,0,,67,3,2006,5,39.9592,-75.1622,1648.0,6,0,0,0,0,0,0,0,0,,0,0,0,13,1,3,0,,0.0,39 57:33.000,,0,75 09:43.730,8,0,0,0,67301,0,0,0,N,0,0,0,5,67301,0,,1,98,,N,N,,0,,0,0,0,0,0,,1330,3,3,0,0,0,3,2,3,4,0,3,3,,N,,,,,,,,,,,
2006055252,1548.0,0,0,0,0,0,0,0,0,0,8,0,,67,3,2006,6,,,1547.0,6,0,0,0,0,0,0,0,0,,0,0,0,99,1,1,0,,0.0,,,0,,4,0,0,0,67301,1,0,0,N,1,0,0,2,67301,1,,1,1,,N,N,,0,,0,0,0,0,0,,9999,1,2,0,0,0,0,1,3,3,0,1,3,,N,,,,,,,,,,,
2006094356,1903.0,1,0,0,1,0,0,0,0,0,4,0,,67,7,2006,1,40.0422,-75.0637,1901.0,6,0,0,0,1,0,0,0,0,,0,0,0,99,1,1,1,,0.0,40 02:32.000,,0,75 03:49.757,4,0,0,0,67301,1,0,0,N,0,0,0,2,67301,1,,1,1,,N,N,,0,,0,0,0,3,3,,9999,1,2,0,0,0,0,0,3,4,0,1,3,,N,,,,,,,,,,,