CRN,ARRIVAL_TM,AUTOMOBILE_COUNT,BELTED_DEATH_COUNT,BELTED_SUSP_SERIOUS_INJ_COUNT,BICYCLE_COUNT,BICYCLE_DEATH_COUNT,BICYCLE_SUSP_SERIOUS_INJ_COUNT,BUS_COUNT,CHLDPAS_DEATH_COUNT,CHLDPAS_SUSP_SERIOUS_INJ_COUNT,COLLISION_TYPE,COMM_VEH_COUNT,CONS_ZONE_SPD_LIM,COUNTY,CRASH_MONTH,CRASH_YEAR,DAY_OF_WEEK,DEC_LAT,DEC_LONG,DISPATCH_TM,DISTRICT,DRIVER_COUNT_16YR,DRIVER_COUNT_17YR,DRIVER_COUNT_18YR,DRIVER_COUNT_19YR,DRIVER_COUNT_20YR,DRIVER_COUNT_50_64YR,DRIVER_COUNT_65_74YR,DRIVER_COUNT_75PLUS,EST_HRS_CLOSED,FATAL_COUNT,HEAVY_TRUCK_COUNT,HORSE_BUGGY_COUNT,HOUR_OF_DAY,ILLUMINATION,INJURY_COUNT,INTERSECT_TYPE,INTERSECTION_RELATED,LANE_CLOSED,LATITUDE,LN_CLOSE_DIR,LOCATION_TYPE,LONGITUDE,MAX_SEVERITY_LEVEL,MCYCLE_DEATH_COUNT,MCYCLE_SUSP_SERIOUS_INJ_COUNT,MOTORCYCLE_COUNT,MUNICIPALITY,NONMOTR_COUNT,NONMOTR_DEATH_COUNT,NONMOTR_SUSP_SERIOUS_INJ_COUNT,NTFY_HIWY_MAINT,PED_COUNT,PED_DEATH_COUNT,PED_SUSP_SERIOUS_INJ_COUNT,PERSON_COUNT,POLICE_AGCY,POSSIBLE_INJ_COUNT,RDWY_SURF_TYPE_CD,RELATION_TO_ROAD,ROAD_CONDITION,ROADWAY_CLEARED,SCH_BUS_IND,SCH_ZONE_IND,SECONDARY_CRASH,SMALL_TRUCK_COUNT,SPEC_JURIS_CD,SUSP_MINOR_INJ_COUNT,SUSP_SERIOUS_INJ_COUNT,SUV_COUNT,TCD_FUNC_CD,TCD_TYPE,TFC_DETOUR_IND,TIME_OF_DAY,TOT_INJ_COUNT,TOTAL_UNITS,UNB_DEATH_COUNT,UNB_SUSP_SERIOUS_INJ_COUNT,UNBELTED_OCC_COUNT,UNK_INJ_DEG_COUNT,UNK_INJ_PER_COUNT,URBAN_AREA,URBAN_RURAL,VAN_COUNT,VEHICLE_COUNT,WEATHER1,WEATHER2,WORK_ZONE_IND,WORK_ZONE_LOC,WORK_ZONE_TYPE,WORKERS_PRES,WZ_CLOSE_DETOUR,WZ_FLAGGER,WZ_LAW_OFFCR_IND,WZ_LN_CLOSURE,WZ_MOVING,WZ_OTHER,WZ_SHLDER_MDN,WZ_WORKERS_INJ_KILLED
2006081680,9999.0,3,0,0,0,0,0,0,0,0,1,0,,67,5,2006,2,,,9999.0,6,0,0,0,0,0,0,0,0,,0,0,0,99,1,2,1,,0.0,,,0,,8,0,0,0,67301,1,0,0,N,0,0,0,3,67301,0,,1,1,,N,N,,0,,0,0,0,3,2,,9999,2,3,0,0,0,2,0,3,3,0,3,3,,N,,,,,,,,,,,
2006094639,1527.0,2,0,0,0,0,0,0,0,0,4,0,,67,8,2006,3,,,1520.0,6,0,0,0,0,0,0,0,0,,0,0,0,15,1,1,1,,0.0,,,0,,4,0,0,0,67301,0,0,0,N,0,0,0,2,67301,1,,1,1,,N,N,,0,,0,0,0,3,2,,1515,1,2,0,0,0,0,0,3,3,0,2,3,,N,,,,,,,,,,,
2006126230,1602.0,1,0,0,0,0,0,0,0,0,4,0,,67,10,2006,6,39.9694,-75.2045,1554.0,6,0,0,0,0,0,0,0,1,,0,0,0,15,1,1,1,,0.0,39 58:09.757,,0,75 12:16.372,8,0,0,0,67301,0,0,0,N,0,0,0,3,67301,0,,1,1,,N,N,,0,,0,0,0,9,3,,1550,1,2,0,0,0,1,2,3,4,1,2,3,,N,,,,,,,,,,,
2006033802,1607.0,1,0,0,0,0,0,0,0,0,7,0,,67,1,2006,5,,,1602.0,6,0,0,0,0,1,0,0,0,2.0,0,0,0,16,1,0,0,,1.0,,1.0,0,,0,0,0,0,67301,0,0,0,N,0,0,0,1,67301,0,,9,1,,N,N,,0,,0,0,0,0,0,Y,1600,0,1,0,0,0,0,0,3,3,0,1,3,,N,,,,,,,,,,,
2006036591,1045.0,2,0,0,0,0,0,0,0,0,5,0,,67,2,2006,4,40.0112,-75.1207,1045.0,6,0,0,0,0,0,0,0,0,,0,0,0,10,1,1,0,,0.0,40 00:40.000,,0,75 07:14.516,8,0,0,0,67301,0,0,0,N,0,0,0,3,67301,0,,1,1,,N,N,,0,,0,0,0,0,0,,1040,1,2,0,0,0,1,0,3,4,0,2,3,,N,,,,,,,,,,,
2006036675,1850.0,1,0,0,0,0,0,0,0,0,8,0,,67,2,2006,4,40.0631,-75.022,1847.0,6,0,0,1,0,0,0,0,0,,0,0,0,18,3,1,1,,0.0,40 03:47.000,,0,75 01:19.132,4,0,0,0,67301,1,0,0,N,1,0,0,2,67301,1,,1,1,,N,N,,0,,0,0,0,3,2,,1840,1,2,0,0,0,0,0,3,4,0,1,3,,N,,,,,,,,,,,
2006024117,852.0,1,0,0,0,0,0,0,0,0,6,0,,67,1,2006,3,,,850.0,6,0,0,0,0,0,1,0,0,,0,0,0,8,1,1,1,,0.0,,,0,,4,0,0,0,67301,0,0,0,N,0,0,0,2,67301,1,,1,1,,N,N,,1,,0,0,0,3,3,,848,1,2,0,0,0,0,0,3,3,0,2,3,,N,,,,,,,,,,,
2006024173,930.0,1,0,0,0,0,0,0,0,0,1,0,,67,1,2006,7,,,922.0,6,0,0,0,0,0,0,0,0,1.0,0,0,0,9,1,0,0,,1.0,,2.0,0,,0,0,0,0,67301,0,0,0,N,0,0,0,2,67301,0,,1,1,,N,N,,0,,0,0,0,0,0,Y,922,0,2,0,0,1,0,0,3,3,1,2,3,,N,,,,,,,,,,,
2006103160,1022.0,1,0,0,0,0,0,0,0,0,1,0,,67,9,2006,6,40.0596,-75.0438,1019.0,6,0,0,0,0,0,0,0,0,,0,0,0,10,1,2,5,,0.0,40 03:33.552,,7,75 02:38.154,8,0,0,0,67301,0,0,0,N,0,0,0,4,67301,0,,1,9,,N,N,,0,,0,0,1,0,0,,1019,2,2,0,0,0,2,0,3,4,0,2,7,,N,,,,,,,,,,,
2006048050,228.0,2,0,0,0,0,0,0,0,0,4,0,,67,5,2006,5,39.9883,-75.254,9999.0,6,0,0,0,1,0,0,0,0,,0,0,0,2,3,0,1,,0.0,39 59:17.000,,0,75 15:14.303,0,0,0,0,67301,0,0,0,N,0,0,0,2,46104,0,,1,1,,N,N,,0,,0,0,0,3,2,,222,0,2,0,0,0,0,0,3,4,0,2,3,,N,,,,,,,,,,,
2006037558,1745.0,2,0,0,0,0,0,0,0,0,1,0,,67,2,2006,6,39.9593,-75.1742,1740.0,6,0,0,0,0,0,0,0,0,1.0,0,0,0,17,1,1,0,,1.0,39 57:33.000,3.0,0,75 10:28.710,3,0,0,0,67301,0,0,0,,0,0,0,4,67301,0,,1,1,,N,N,,0,,1,0,0,0,0,N,1727,1,2,0,0,0,0,0,3,4,0,2,3,,N,,,,,,,,,,,
2006037566,1003.0,0,0,0,0,0,0,0,0,0,2,0,,67,2,2006,5,,,1000.0,6,0,0,0,0,0,0,0,0,,0,0,0,9,1,1,1,,0.0,,,0,,3,0,0,0,67301,0,0,0,N,0,0,0,3,67301,0,,1,1,,N,Y,,0,,1,0,2,3,2,,957,1,2,0,0,0,0,0,3,3,0,2,3,,N,,,,,,,,,,,
2006037601,1651.0,2,0,0,0,0,0,0,0,0,4,0,,67,2,2006,6,,,1650.0,6,0,0,0,0,0,0,0,0,,0,0,0,16,1,5,1,,0.0,,,0,,4,0,0,0,67301,0,0,0,N,0,0,0,6,67301,5,,1,1,,N,N,,0,,0,0,0,3,2,,1635,5,2,0,0,0,0,0,3,3,0,2,3,,N,,,,,,,,,,,
2006037746,1322.0,2,0,0,0,0,0,0,0,0,2,0,,67,2,2006,6,40.0089,-75.072,1320.0,6,0,0,1,0,0,0,0,0,,0,0,0,13,1,0,1,,0.0,40 00:32.000,,0,75 04:19.209,0,0,0,0,67301,0,0,0,,0,0,0,3,67301,0,,1,1,,N,N,,0,,0,0,0,9,2,,1308,0,2,0,0,0,0,0,3,4,0,2,3,,N,,,,,,,,,,,
2006081751,800.0,1,0,0,0,0,0,0,0,0,1,0,,67,6,2006,5,,,750.0,6,0,0,0,0,0,0,0,0,,0,0,0,7,1,1,0,,0.0,,,0,,4,0,0,0,67301,0,0,0,N,0,0,0,2,67301,1,,1,1,,N,N,,0,,0,0,1,0,0,,745,1,2,0,0,0,0,0,3,3,0,2,3,,N,,,,,,,,,,,
2006071839,2232.0,2,0,0,0,0,0,0,0,0,4,0,,67,7,2006,4,39.997,-75.2353,9999.0,6,0,0,0,0,0,1,0,0,2.0,0,0,0,22,3,2,1,,2.0,39 59:49.000,2.0,0,75 14:06.938,3,0,0,0,67301,0,0,0,N,0,0,0,2,46104,1,,1,1,,N,N,,0,,1,0,0,3,2,Y,2230,2,2,0,0,0,0,0,3,4,0,2,3,,N,,,,,,,,,,,
2006082025,1735.0,0,0,0,1,0,0,0,0,0,4,0,,67,7,2006,7,39.9733,-75.2348,1730.0,6,0,0,0,0,0,0,0,0,,0,0,0,17,1,1,1,,0.0,39 58:24.024,,0,75 14:05.125,4,0,0,0,67301,1,0,0,,0,0,0,2,67301,1,,1,9,,,N,,0,,0,0,1,9,2,,1730,1,2,0,0,0,0,0,3,4,0,1,3,,N,,,,,,,,,,,
2006082093,1640.0,4,0,0,0,0,0,0,0,0,4,0,,67,6,2006,6,40.0414,-75.1442,1633.0,6,0,0,0,0,0,1,0,1,,0,0,0,16,1,1,1,,0.0,40 02:28.894,,0,75 08:39.243,4,0,0,0,67301,0,0,0,N,0,0,0,9,67301,1,,1,9,,N,N,,0,,0,0,0,3,2,,1606,1,4,0,0,0,0,0,3,4,0,4,7,,N,,,,,,,,,,,
2006082101,1324.0,2,0,0,0,0,0,0,0,0,4,0,,67,5,2006,7,40.042,-75.144,1322.0,6,0,0,0,0,1,1,0,0,,0,0,0,13,1,1,2,,0.0,40 02:31.000,,0,75 08:38.462,8,0,0,0,67301,0,0,0,N,0,0,0,3,67301,0,,1,1,,N,N,,0,,0,0,0,0,0,,1320,1,2,0,0,0,1,0,3,4,0,2,3,,N,,,,,,,,,,,
2006079887,1553.0,1,0,0,0,0,0,0,0,0,5,1,,67,7,2006,5,40.0633,-74.9855,1549.0,6,0,0,0,0,1,2,0,0,2.0,0,1,0,15,1,1,2,,2.0,40 03:47.000,5.0,0,74 59:07.445,4,0,0,0,67301,0,0,0,,0,0,0,3,67301,1,,1,1,,N,N,,0,,0,0,0,3,2,Y,1530,1,3,0,0,1,0,0,3,4,1,3,3,,N,,,,,,,,,,,
2006079873,157.0,1,0,0,0,0,0,0,0,0,7,0,,67,5,2006,5,40.0796,-75.0303,157.0,6,0,0,0,0,1,0,0,0,3.0,1,0,0,1,3,1,0,,1.0,40 04:46.000,2.0,0,75 01:49.127,1,0,0,0,67301,0,0,0,N,0,0,0,2,67301,1,2.0,2,1,,N,N,,0,0.0,0,0,0,0,0,Y,157,1,1,1,0,2,0,0,3,4,0,1,3,,N,,,,,,,,,,,
2006079883,1655.0,2,0,0,0,0,0,0,0,0,1,0,,67,7,2006,7,40.0281,-75.0958,1643.0,6,0,0,0,0,0,1,0,0,,0,0,0,17,1,3,0,,0.0,40 01:41.028,,0,75 05:44.820,8,0,0,0,67301,0,0,0,N,0,0,0,3,67301,0,,1,1,,N,N,,0,,0,0,0,0,0,,1700,3,2,0,0,0,3,0,3,4,0,2,3,,N,,,,,,,,,,,
2006026379,234.0,3,0,0,0,0,0,0,0,0,7,0,,67,1,2006,1,,,229.0,6,0,0,0,0,0,1,0,0,2.0,0,0,0,2,3,2,0,,2.0,,6.0,3,,4,0,0,0,67301,0,0,0,N,0,0,0,7,67301,1,,2,2,,N,N,,0,,0,0,0,0,0,Y,227,2,4,0,0,5,1,0,3,3,1,4,7,,N,,,,,,,,,,,
2007054565,351.0,1,0,0,0,0,0,0,0,0,7,0,,67,12,2006,7,40.084,-75.0252,350.0,6,0,0,0,0,0,0,0,0,,0,0,0,3,3,4,0,,0.0,40 05:02.354,,0,75 01:30.877,8,0,0,0,67301,0,0,0,N,0,0,0,4,67301,0,,2,1,,N,N,,0,,0,0,0,0,0,,340,4,1,0,0,0,4,0,3,4,0,1,3,,N,,,,,,,,,,,
2007054568,1801.0,2,0,0,0,0,0,0,0,0,4,0,,67,12,2006,6,40.049,-75.1018,1758.0,6,0,0,0,0,0,0,0,0,,0,0,0,17,3,2,2,,0.0,40 02:56.576,,0,75 06:06.602,8,0,0,0,67301,0,0,0,N,0,0,0,2,67301,0,,1,9,,N,N,,0,,0,0,0,3,3,,1756,2,2,0,0,0,2,0,3,4,0,2,7,,N,,,,,,,,,,,
2007009079,41.0,1,0,0,0,0,0,0,0,0,7,0,,67,12,2006,3,39.9137,-75.1481,35.0,6,0,0,0,0,0,0,0,0,1.0,0,0,0,0,3,1,6,,2.0,39 54:47.880,1.0,2,75 08:53.520,8,0,0,0,67301,0,0,0,N,0,0,0,4,67301,0,,2,1,,N,N,,0,,0,0,0,0,0,N,35,1,1,0,0,0,1,0,3,4,0,1,3,,N,,,,,,,,,,,
2007023109,1642.0,3,0,0,0,0,0,0,0,0,4,0,,67,12,2006,4,40.0314,-75.1548,1636.0,6,0,0,0,0,0,2,0,0,,0,0,0,16,1,1,1,,0.0,40 01:53.151,,0,75 09:17.114,8,0,0,0,67301,0,0,0,N,0,0,0,4,67301,0,,1,1,,N,N,,0,,0,0,0,3,2,,1630,1,3,0,0,0,1,0,3,4,0,3,3,,N,,,,,,,,,,,
2007023196,1435.0,1,0,0,0,0,0,0,0,0,1,0,,67,12,2006,4,39.9996,-75.1905,1425.0,6,0,0,0,0,0,0,0,1,,0,0,0,14,1,1,2,,0.0,39 59:58.000,,0,75 11:26.101,8,0,0,0,67301,0,0,0,,0,0,0,4,67301,0,,1,9,,,,,0,,0,0,1,0,0,,1415,1,2,0,0,0,1,0,3,4,0,2,98,,N,,,,,,,,,,,
2006055278,1730.0,2,0,0,0,0,0,0,0,0,4,0,,67,2,2006,5,,,1718.0,6,0,0,0,0,0,0,0,0,,0,0,0,17,1,1,1,,0.0,,,0,,8,0,0,0,67301,0,0,0,,0,0,0,2,67301,0,,1,9,,N,N,,0,,0,0,0,9,3,,1718,1,2,0,0,0,1,1,3,3,0,2,7,,N,,,,,,,,,,,
2006094066,1850.0,1,0,0,0,0,0,0,0,0,7,0,,67,8,2006,2,39.998,-75.1254,1845.0,6,0,0,0,0,0,0,0,0,,0,0,0,18,1,1,1,,0.0,39 59:52.000,,0,75 07:31.248,4,0,0,0,67301,0,0,0,N,0,0,0,1,67301,1,,5,1,,N,N,,0,,0,0,0,3,2,,1845,1,1,0,0,0,0,0,3,4,0,1,3,,N,,,,,,,,,,,
2006094138,115.0,1,0,0,0,0,0,0,0,0,4,0,,67,7,2006,2,39.9494,-75.1523,114.0,6,0,0,0,0,0,0,0,0,2.0,0,0,0,1,3,1,1,,2.0,39 56:57.000,7.0,0,75 09:08.478,4,0,0,0,67301,0,0,0,N,0,0,0,2,67301,1,,1,1,,N,N,,0,,0,0,0,3,2,Y,110,1,2,0,0,0,0,0,3,4,1,2,3,,N,,,,,,,,,,,
2006055057,1005.0,0,0,0,0,0,0,0,0,0,1,0,,67,3,2006,5,39.9396,-75.1887,1000.0,6,0,0,0,0,0,0,0,0,1.0,0,0,0,9,1,1,1,,1.0,39 56:22.606,4.0,0,75 11:19.381,8,0,0,0,67301,0,0,0,N,0,0,0,2,67301,0,,1,1,,N,N,,0,,0,0,1,3,3,Y,958,1,2,0,0,0,1,0,3,4,1,2,3,,N,,,,,,,,,,,
2006055078,858.0,1,0,0,0,0,0,0,0,0,1,0,,67,3,2006,6,40.058,-75.0492,858.0,6,0,0,0,0,0,0,0,1,,0,0,0,8,1,1,0,,0.0,40 03:28.800,,0,75 02:57.120,4,0,0,0,67301,0,0,0,N,0,0,0,1,67301,1,,1,1,,N,N,,1,,0,0,0,0,0,,849,1,2,0,0,0,0,0,3,4,0,2,3,,N,,,,,,,,,,,
2006055230,2140.0,2,0,0,0,0,0,0,0,0,1,0,,67,3,2006,3,40.0295,-75.0884,2130.0,6,0,0,0,0,0,0,0,0,,0,0,0,21,3,1,8,,0.0,40 01:45.840,,6,75 05:19.320,4,0,0,0,67301,0,0,0,N,0,0,0,3,67301,1,,1,1,,N,N,,0,,0,0,0,0,0,,2115,1,2,0,0,0,0,1,3,4,0,2,3,,N,,,,,,,,,,,
2006094240,1420.0,1,0,0,0,0,0,0,0,0,4,0,,67,7,2006,3,40.0581,-75.043,1410.0,6,0,0,0,0,0,0,0,0,,0,0,0,14,1,0,2,,0.0,40 03:29.000,,0,75 02:35.310,0,0,0,0,67301,0,0,0,N,0,0,0,4,67301,0,,1,1,,N,N,,0,,0,0,0,0,0,,1400,0,2,0,0,0,0,0,3,4,1,2,3,,N,,,,,,,,,,,
2006094437,2033.0,1,0,0,0,0,0,0,0,0,4,0,,67,8,2006,4,40.0086,-75.0688,2031.0,6,0,0,0,0,1,0,0,0,,0,0,0,20,3,1,1,,0.0,40 00:31.000,,0,75 04:08.237,3,0,0,1,67301,0,0,0,N,0,0,0,2,67301,0,,1,1,,N,N,,0,,1,0,0,3,2,,2025,1,2,0,0,0,0,0,3,4,0,2,3,,N,,,,,,,,,,,
2006094451,1335.0,2,0,0,0,0,0,0,0,0,7,0,,67,8,2006,5,40.0527,-75.2362,1333.0,6,0,0,0,0,0,0,0,1,,0,0,0,13,1,1,10,,0.0,40 03:09.000,,0,75 14:10.493,4,0,0,0,67301,0,0,0,N,0,0,0,1,67301,1,,5,1,,N,N,,0,,0,0,0,0,0,,1330,1,2,0,0,0,0,0,3,4,0,2,3,,N,,,,,,,,,,,
2006116119,1009.0,1,0,0,0,0,0,0,0,0,8,0,,67,10,2006,7,39.9509,-75.152,1007.0,6,0,0,0,0,0,1,0,0,,0,0,0,10,1,1,1,,0.0,39 57:03.000,,0,75 09:07.309,4,0,0,0,67301,1,0,0,N,1,0,0,2,67301,1,,1,1,,N,N,,0,,0,0,0,9,2,,1005,1,2,0,0,1,0,0,3,4,0,1,3,,N,,,,,,,,,,,
2006126173,1339.0,2,0,0,0,0,0,0,0,0,4,0,,67,11,2006,3,39.9884,-75.1558,1323.0,6,0,0,0,0,0,0,0,0,,0,0,0,13,1,2,0,,0.0,39 59:18.000,,0,75 09:20.961,4,0,0,0,67301,0,0,0,N,0,0,0,2,67301,2,,1,1,,N,N,,0,,0,0,0,3,2,,1311,2,2,0,0,0,0,0,3,4,0,2,3,,N,,,,,,,,,,,
2006027465,958.0,2,0,0,0,0,0,0,0,0,4,0,,67,1,2006,1,40.046,-75.1321,953.0,6,0,0,0,0,0,1,0,0,,0,0,0,9,1,2,1,,0.0,40 02:45.641,,0,75 07:55.622,8,0,0,0,67301,0,0,0,,0,0,0,2,67301,0,,1,1,,N,N,,0,,0,0,0,3,3,,950,2,2,0,0,0,2,0,3,4,0,2,3,,N,,,,,,,,,,,
2006056463,848.0,1,0,0,0,0,0,0,0,0,8,0,,67,3,2006,2,,,847.0,6,0,0,0,0,0,0,0,0,,0,0,0,8,1,1,1,,0.0,,,0,,8,0,0,0,67301,1,0,0,N,1,0,0,2,67301,0,,1,1,,N,N,,0,,0,0,0,2,2,,847,1,2,0,0,0,1,1,3,3,0,1,3,,N,,,,,,,,,,,
2006103137,1327.0,0,0,0,1,0,0,0,0,0,4,0,,67,9,2006,3,39.9373,-75.1768,1325.0,6,0,0,0,0,0,0,0,0,1.0,0,0,0,13,1,1,5,,2.0,39 56:14.254,2.0,0,75 10:36.523,3,0,0,0,67301,1,0,0,N,0,0,0,2,67301,0,,1,1,,N,N,,0,,1,0,1,9,3,Y,1325,1,2,0,0,0,0,0,3,4,0,1,3,,N,,,,,,,,,,,
2006103142,1420.0,1,0,0,1,0,0,0,0,0,8,0,,67,8,2006,3,39.9805,-75.1285,1417.0,6,0,0,0,0,0,0,0,0,,0,0,0,14,1,1,1,,0.0,39 58:49.000,,0,75 07:42.683,4,0,0,0,67301,1,0,0,N,0,0,0,2,67301,1,,1,1,,N,N,,0,,0,0,0,3,2,,1405,1,2,0,0,0,0,0,3,4,0,1,3,,N,,,,,,,,,,,
2006103229,9999.0,2,0,0,0,0,0,0,0,0,4,0,,67,8,2006,3,,,1410.0,6,0,0,0,0,0,1,0,0,,0,0,0,14,1,1,2,,0.0,,,0,,4,0,0,0,67301,0,0,0,N,0,0,0,2,67301,1,,1,1,,N,N,,0,,0,0,0,3,3,,1410,1,2,0,0,0,0,0,3,3,0,2,3,,N,,,,,,,,,,,
2006035927,1415.0,1,0,0,0,0,0,0,0,0,8,0,,67,1,2006,1,40.0618,-75.0561,1410.0,6,0,0,0,1,0,0,0,0,,0,0,0,14,1,1,1,,0.0,40 03:42.000,,0,75 03:21.905,4,0,0,0,67301,1,0,0,N,1,0,0,2,67301,1,,1,9,,N,N,,0,,0,0,0,3,2,,1405,1,2,0,0,0,0,0,3,4,0,1,7,,N,,,,,,,,,,,
2006048068,1345.0,0,0,0,0,0,0,0,0,0,7,0,,67,4,2006,3,39.8931,-75.2331,1338.0,6,0,0,0,0,0,1,0,0,3.0,1,0,0,13,1,0,0,,1.0,39 53:35.000,2.0,0,75 13:59.590,1,0,0,0,67301,0,0,0,N,0,0,0,2,67301,0,2.0,3,1,,N,N,,0,0.0,0,0,1,0,0,N,1338,0,1,0,0,0,0,0,3,4,0,1,3,,N,,,,,,,,,,,
2006037740,1835.0,1,0,0,0,0,0,0,0,0,7,0,,67,2,2006,7,40.0885,-75.0441,1835.0,6,0,0,0,0,0,0,0,0,,0,0,0,18,3,0,0,,0.0,40 05:18.000,,0,75 02:40.459,0,0,0,0,67301,0,0,0,,0,0,0,1,67301,0,,5,9,,N,N,,0,,0,0,0,0,0,,1830,0,1,0,0,0,0,0,3,4,0,1,7,,N,,,,,,,,,,,
2006079199,1518.0,2,0,0,0,0,0,0,0,0,1,0,,67,6,2006,3,,,1517.0,6,0,0,0,0,0,0,0,0,5.0,0,0,0,15,1,2,0,,2.0,,5.0,0,,4,0,0,0,67301,2,0,0,N,0,0,0,3,67301,2,,1,1,,N,N,,0,,0,0,0,0,0,N,1504,2,2,0,0,0,0,1,3,3,0,2,3,,N,,,,,,,,,,,
2006082063,814.0,1,0,0,0,0,0,0,0,0,8,0,,67,6,2006,2,39.9477,-75.1511,811.0,6,0,0,0,0,0,1,0,0,,0,0,0,8,1,1,1,,0.0,39 56:51.720,,0,75 09:03.960,8,0,0,0,67301,1,0,0,N,1,0,0,2,67301,0,,1,9,,N,N,,0,,0,0,0,3,2,,806,1,2,0,0,0,1,0,3,4,0,1,7,,N,,,,,,,,,,,
2006079923,1832.0,1,0,0,0,0,0,0,0,0,8,0,,67,6,2006,1,40.0556,-75.1813,1829.0,6,0,0,0,0,0,0,0,0,,0,0,0,18,4,1,1,,0.0,40 03:19.000,,0,75 10:52.661,4,0,0,0,67301,1,0,0,N,1,0,0,2,67301,1,,1,9,,N,N,,0,,0,0,0,0,0,,1829,1,2,0,0,0,0,1,3,4,0,1,7,,N,,,,,,,,,,,
2006079817,152.0,1,0,0,0,0,0,0,0,0,7,0,,67,6,2006,2,40.1054,-74.9803,142.0,6,0,0,0,1,0,0,0,0,3.0,0,0,0,99,3,1,0,,2.0,40 06:19.274,6.0,0,74 58:49.008,2,0,0,0,67301,0,0,0,N,0,0,0,1,67301,0,,2,1,,N,N,,0,,0,1,0,0,0,Y,9999,1,1,0,0,0,0,0,3,4,0,1,3,,N,,,,,,,,,,,
2006018669,1406.0,2,0,0,0,0,0,0,0,0,2,0,,67,1,2006,1,,,1404.0,6,0,0,0,0,0,0,0,0,1.0,0,0,0,14,1,1,2,,1.0,,4.0,7,,4,0,0,0,67301,0,0,0,,0,0,0,3,67301,1,,1,1,,N,N,,0,,0,0,1,3,3,N,1401,1,3,0,0,0,0,0,3,3,0,3,3,,N,,,,,,,,,,,
2007023107,1902.0,0,0,0,0,0,0,0,0,0,8,0,,67,12,2006,7,40.0444,-75.1435,1900.0,6,0,0,0,0,0,0,0,0,,0,0,0,19,3,1,1,,0.0,40 02:39.000,,0,75 08:36.426,2,0,0,0,67301,1,0,1,N,1,0,1,2,67301,0,,1,8,,N,N,,0,,0,1,1,2,2,,1900,1,2,0,0,0,0,0,3,4,0,1,3,,N,,,,,,,,,,,
2007008441,940.0,2,0,0,0,0,0,0,0,0,1,0,,67,11,2006,4,39.9424,-75.2191,940.0,6,0,0,0,0,0,0,0,0,,0,0,0,7,1,1,1,,0.0,39 56:32.000,,0,75 13:08.582,4,0,0,0,67301,0,0,0,N,0,0,0,1,67301,1,,2,1,,N,N,,1,,0,0,0,3,2,,715,1,3,0,0,0,0,0,3,4,0,3,3,,N,,,,,,,,,,,
2007003478,235.0,1,0,0,0,0,0,0,0,0,7,0,,67,11,2006,5,,,232.0,6,0,0,0,0,0,0,0,0,,0,0,0,2,3,0,0,,0.0,,,0,,0,0,0,0,67301,0,0,0,N,0,0,0,1,67501,0,,3,9,,N,N,,0,,0,0,0,3,8,,225,0,1,0,0,0,0,0,3,3,0,1,7,,N,,,,,,,,,,,
2007008467,1230.0,0,0,0,1,0,0,0,0,0,2,0,,67,11,2006,3,40.0319,-75.1315,1230.0,6,0,0,0,0,0,1,0,0,,0,0,0,12,1,1,1,,0.0,40 01:54.735,,0,75 07:53.327,4,0,0,0,67301,1,0,0,N,0,0,0,4,67301,1,,1,1,,N,N,,0,,0,0,0,3,2,,1215,1,2,0,0,0,0,0,3,4,1,1,3,,N,,,,,,,,,,,
2007008497,1005.0,1,0,0,0,0,0,0,0,0,1,0,,67,12,2006,6,39.9625,-75.2162,955.0,6,0,0,0,0,0,1,0,0,,0,0,0,8,1,2,1,,0.0,39 57:45.000,,0,75 12:58.665,8,0,0,0,67301,0,0,0,N,0,0,0,3,67301,0,,1,9,,Y,Y,,0,,0,0,0,3,2,,810,2,2,0,0,0,2,0,3,4,0,2,7,,N,,,,,,,,,,,
2007027000,551.0,1,0,0,0,0,0,0,0,0,1,0,,67,12,2006,2,,,550.0,6,0,0,0,0,0,2,0,0,1.0,0,0,0,5,5,0,0,,2.0,,4.0,0,,0,0,0,0,67301,0,0,0,N,0,0,0,3,67501,0,,1,1,,N,N,,0,,0,0,0,2,8,N,548,0,2,0,0,0,0,0,3,3,1,2,3,,N,,,,,,,,,,,
2007000791,844.0,1,0,0,0,0,0,0,0,0,1,1,,67,10,2006,3,39.9572,-75.145,835.0,6,0,0,0,0,0,0,0,0,,0,1,0,8,1,2,0,,0.0,39 57:27.188,,0,75 08:50.053,8,0,0,0,67301,0,0,0,N,0,0,0,3,67501,0,,1,1,,N,N,,0,,0,0,0,0,0,,835,2,2,0,0,0,2,0,3,4,0,2,3,,N,,,,,,,,,,,
2007021543,2223.0,3,0,0,0,0,0,0,0,0,4,0,,67,12,2006,5,39.9533,-75.1838,2219.0,6,0,0,1,0,0,0,0,0,2.0,0,0,0,22,3,0,1,,2.0,39 57:12.000,3.0,0,75 11:01.526,0,0,0,0,67301,0,0,0,N,0,0,0,6,67301,0,,1,1,,N,N,,0,,0,0,0,3,2,Y,2218,0,3,0,0,0,0,0,3,4,0,3,3,,N,,,,,,,,,,,