CRN,ARRIVAL_TM,AUTOMOBILE_COUNT,BELTED_DEATH_COUNT,BELTED_SUSP_SERIOUS_INJ_COUNT,BICYCLE_COUNT,BICYCLE_DEATH_COUNT,BICYCLE_SUSP_SERIOUS_INJ_COUNT,BUS_COUNT,CHLDPAS_DEATH_COUNT,CHLDPAS_SUSP_SERIOUS_INJ_COUNT,COLLISION_TYPE,COMM_VEH_COUNT,CONS_ZONE_SPD_LIM,COUNTY,CRASH_MONTH,CRASH_YEAR,DAY_OF_WEEK,DEC_LAT,DEC_LONG,DISPATCH_TM,DISTRICT,DRIVER_COUNT_16YR,DRIVER_COUNT_17YR,DRIVER_COUNT_18YR,DRIVER_COUNT_19YR,DRIVER_COUNT_20YR,DRIVER_COUNT_50_64YR,DRIVER_COUNT_65_74YR,DRIVER_COUNT_75PLUS,EST_HRS_CLOSED,FATAL_COUNT,HEAVY_TRUCK_COUNT,HORSE_BUGGY_COUNT,HOUR_OF_DAY,ILLUMINATION,INJURY_COUNT,INTERSECT_TYPE,INTERSECTION_RELATED,LANE_CLOSED,LATITUDE,LN_CLOSE_DIR,LOCATION_TYPE,LONGITUDE,MAX_SEVERITY_LEVEL,MCYCLE_DEATH_COUNT,MCYCLE_SUSP_SERIOUS_INJ_COUNT,MOTORCYCLE_COUNT,MUNICIPALITY,NONMOTR_COUNT,NONMOTR_DEATH_COUNT,NONMOTR_SUSP_SERIOUS_INJ_COUNT,NTFY_HIWY_MAINT,PED_COUNT,PED_DEATH_COUNT,PED_SUSP_SERIOUS_INJ_COUNT,PERSON_COUNT,POLICE_AGCY,POSSIBLE_INJ_COUNT,RDWY_SURF_TYPE_CD,RELATION_TO_ROAD,ROAD_CONDITION,ROADWAY_CLEARED,SCH_BUS_IND,SCH_ZONE_IND,SECONDARY_CRASH,SMALL_TRUCK_COUNT,SPEC_JURIS_CD,SUSP_MINOR_INJ_COUNT,SUSP_SERIOUS_INJ_COUNT,SUV_COUNT,TCD_FUNC_CD,TCD_TYPE,TFC_DETOUR_IND,TIME_OF_DAY,TOT_INJ_COUNT,TOTAL_UNITS,UNB_DEATH_COUNT,UNB_SUSP_SERIOUS_INJ_COUNT,UNBELTED_OCC_COUNT,UNK_INJ_DEG_COUNT,UNK_INJ_PER_COUNT,URBAN_AREA,URBAN_RURAL,VAN_COUNT,VEHICLE_COUNT,WEATHER1,WEATHER2,WORK_ZONE_IND,WORK_ZONE_LOC,WORK_ZONE_TYPE,WORKERS_PRES,WZ_CLOSE_DETOUR,WZ_FLAGGER,WZ_LAW_OFFCR_IND,WZ_LN_CLOSURE,WZ_MOVING,WZ_OTHER,WZ_SHLDER_MDN,WZ_WORKERS_INJ_KILLED
2007007879,2215.0,2,0,0,0,0,0,0,0,0,1,0,,67,11,2006,4,39.954,-75.2016,2307.0,6,0,0,0,0,0,0,0,0,,0,0,0,22,3,1,0,,0.0,39 57:14.000,,0,75 12:06.075,8,0,0,0,67301,0,0,0,N,0,0,0,3,67301,0,,1,9,,N,N,,0,,0,0,0,3,2,,2205,1,2,0,0,0,1,0,3,4,0,2,7,,N,,,,,,,,,,,
2007007099,2258.0,2,0,0,0,0,0,0,0,0,4,0,,67,11,2006,3,39.9524,-75.1468,2254.0,6,0,1,0,0,0,0,0,0,,0,0,0,22,3,0,1,,0.0,39 57:08.000,,0,75 08:48.617,0,0,0,0,67301,0,0,0,N,0,0,0,2,67301,0,,1,1,,N,N,,0,,0,0,0,3,2,,2252,0,2,0,0,0,0,0,3,4,0,2,3,,N,,,,,,,,,,,
2007007579,1540.0,1,0,0,0,0,0,0,0,0,4,0,,67,11,2006,6,39.9286,-75.1445,1533.0,6,0,0,0,0,0,0,0,0,,0,0,0,15,1,1,2,,0.0,39 55:43.000,,0,75 08:40.437,4,0,0,0,67301,0,0,0,N,0,0,0,2,67301,1,,1,1,,N,N,,0,,0,0,0,0,0,,1500,1,2,0,0,0,0,1,3,4,1,2,3,,N,,,,,,,,,,,
2007007733,1313.0,2,0,0,0,0,0,0,0,0,6,0,,67,11,2006,1,40.0308,-75.0932,1308.0,6,0,0,0,0,0,0,0,0,,0,0,0,13,1,1,5,,0.0,40 01:50.743,,0,75 05:35.516,8,0,0,0,67301,0,0,0,N,0,0,0,2,67301,0,,1,9,,N,N,,0,,0,0,0,0,0,,1305,1,2,0,0,0,1,0,3,4,0,2,7,,N,,,,,,,,,,,
2007008566,1822.0,0,0,0,0,0,0,0,0,0,1,1,,67,11,2006,5,40.0037,-75.1689,1822.0,6,0,0,0,0,0,0,0,0,,0,1,0,15,1,3,1,,0.0,40 00:13.000,,0,75 10:08.533,4,0,0,0,67301,0,0,0,N,0,0,0,4,67301,3,,2,9,,N,N,,0,,0,0,0,3,2,,1520,3,2,0,0,0,0,0,3,4,1,2,7,,N,,,,,,,,,,,
2007009356,1226.0,1,0,0,0,0,0,0,0,0,8,0,,67,12,2006,4,40.0023,-75.2201,1216.0,6,0,0,0,0,0,0,0,0,,0,0,0,12,1,1,2,,0.0,40 00:08.000,,0,75 13:12.603,4,0,0,0,67301,1,0,0,N,1,0,0,2,67301,1,,1,1,,N,N,,0,,0,0,0,3,2,,1200,1,2,0,0,0,0,0,3,4,0,1,3,,N,,,,,,,,,,,
2007006960,2000.0,2,0,0,0,0,0,0,0,0,5,0,,67,12,2006,7,39.9577,-75.1624,1952.0,6,0,0,0,0,0,1,0,0,1.0,0,0,0,19,3,2,5,,1.0,39 57:27.000,3.0,0,75 09:44.119,4,0,0,0,67301,0,0,0,N,0,0,0,4,67301,2,,1,1,,N,N,,0,,0,0,0,3,2,N,1945,2,2,0,0,1,0,0,3,4,0,2,3,,N,,,,,,,,,,,
2007009190,1409.0,1,0,0,0,0,0,0,0,0,4,0,,67,11,2006,1,40.0462,-75.1661,1409.0,6,0,0,0,0,0,0,0,0,1.0,0,0,0,14,1,1,1,,1.0,40 02:46.000,1.0,0,75 09:57.925,4,0,0,1,67301,0,0,0,N,0,0,0,2,67301,1,,1,1,,N,N,,0,,0,0,0,3,3,N,1405,1,2,0,0,0,0,1,3,4,0,2,3,,N,,,,,,,,,,,
2007006790,1206.0,2,0,0,0,0,0,0,0,0,1,0,,67,11,2006,2,39.9877,-75.2162,1204.0,6,0,0,0,0,0,0,1,0,,0,0,0,12,1,0,2,,0.0,39 59:15.000,,0,75 12:58.636,0,0,0,0,67301,0,0,0,N,0,0,0,4,67301,0,,1,9,,N,N,,0,,0,0,0,3,2,,1201,0,2,0,0,0,0,0,3,4,0,2,7,,N,,,,,,,,,,,
2007032627,,2,0,0,0,0,0,0,0,0,2,0,,67,7,2006,2,,,,6,0,0,0,0,0,0,0,0,,0,0,0,4,6,3,0,,0.0,,,0,,8,0,0,0,67301,0,0,0,N,0,0,0,4,,0,,1,9,,N,N,,0,,0,0,0,0,0,,430,3,2,0,0,0,3,1,3,3,0,2,3,,N,,,,,,,,,,,
2007022530,2207.0,1,0,0,1,0,0,0,0,0,4,0,,67,12,2006,5,39.9546,-75.173,2157.0,6,0,0,0,0,0,1,0,0,,0,0,0,99,3,1,1,,0.0,39 57:16.000,,0,75 10:22.785,4,0,0,0,67301,1,0,0,N,0,0,0,2,67301,1,,1,1,,N,N,,0,,0,0,0,3,2,,9999,1,2,0,0,0,0,0,3,4,0,1,3,,N,,,,,,,,,,,
2007022711,2313.0,2,0,0,0,0,0,0,0,0,4,0,,67,12,2006,4,40.0096,-75.1873,2307.0,6,0,0,1,0,0,1,0,0,1.0,0,0,0,23,3,0,2,,2.0,40 00:34.560,1.0,2,75 11:14.280,0,0,0,0,67301,0,0,0,N,0,0,0,7,67301,0,,1,1,,N,N,,0,,0,0,0,0,0,N,2307,0,2,0,0,0,0,0,3,4,0,2,3,,N,,,,,,,,,,,
2006055210,52.0,2,0,0,0,0,0,0,0,0,1,0,,67,4,2006,4,39.9732,-75.2122,52.0,6,0,0,0,0,0,1,0,0,,0,0,0,0,3,2,1,,0.0,39 58:23.000,,0,75 12:43.412,8,0,0,0,67301,0,0,0,,0,0,0,3,67301,0,,1,9,,,,,0,,0,0,0,9,2,,50,2,2,0,0,0,2,1,3,4,0,2,3,,N,,,,,,,,,,,
2006055221,2016.0,2,0,0,0,0,0,0,0,0,2,0,,67,3,2006,6,,,2011.0,6,0,0,0,0,0,0,0,0,,0,0,0,19,3,0,1,,0.0,,,0,,0,0,0,0,67301,0,0,0,,0,0,0,1,67301,0,,1,1,,N,N,,0,,0,0,0,9,3,,1955,0,3,0,0,0,0,0,3,3,0,2,3,,N,,,,,,,,,,,
2006055236,9999.0,3,0,0,0,0,0,0,0,0,1,0,,67,3,2006,5,39.9169,-75.216,1227.0,6,0,0,0,0,1,0,0,0,9.0,0,0,0,12,1,1,0,,1.0,39 55:05.000,3.0,0,75 12:32.137,4,0,0,0,67301,0,0,0,N,0,0,0,3,67301,1,,1,1,,N,N,,0,,0,0,0,0,0,N,1220,1,3,0,0,0,0,0,3,4,0,3,3,,N,,,,,,,,,,,
2006094423,1545.0,0,0,0,0,0,0,0,0,0,3,0,,67,7,2006,6,40.0642,-75.0855,1535.0,6,0,0,0,0,0,0,0,0,,0,0,0,15,1,1,0,,0.0,40 03:51.120,,0,75 05:07.915,4,0,0,0,67301,0,0,0,N,0,0,0,3,67301,1,,1,1,,N,N,,0,,0,0,2,0,0,,1530,1,2,0,0,0,0,0,3,4,0,2,3,,N,,,,,,,,,,,
2006126232,1807.0,1,0,0,0,0,0,0,0,0,1,0,,67,10,2006,3,40.0515,-75.0091,1801.0,6,0,0,0,0,0,1,0,0,,0,0,0,17,3,2,1,,0.0,40 03:05.000,,0,75 00:32.550,8,0,0,0,67301,0,0,0,N,0,0,0,3,67301,0,,1,1,,N,N,,0,,0,0,0,3,2,,1759,2,2,0,0,0,2,0,3,4,1,2,3,,N,,,,,,,,,,,
2006056516,1609.0,3,0,0,0,0,0,0,0,0,1,0,,67,4,2006,5,39.9559,-75.2048,1609.0,6,0,0,0,0,0,0,0,0,1.0,0,0,0,16,1,1,2,,2.0,39 57:21.000,3.0,0,75 12:17.262,4,0,0,0,67301,0,0,0,N,0,0,0,3,67301,1,,1,1,,N,N,,0,,0,0,0,9,2,N,1608,1,3,0,0,1,0,0,3,4,0,3,3,,N,,,,,,,,,,,
2006036613,1216.0,1,0,0,0,0,0,0,0,0,8,0,,67,2,2006,5,39.9942,-75.1569,1212.0,6,0,0,0,0,0,0,1,0,,0,0,0,12,1,1,0,,0.0,39 59:39.000,,0,75 09:25.029,8,0,0,0,67301,1,0,0,N,1,0,0,2,67301,0,,1,1,,N,N,,0,,0,0,0,0,0,,1205,1,2,0,0,0,1,0,3,4,0,1,3,,N,,,,,,,,,,,
2006034181,1925.0,2,0,0,0,0,0,0,0,0,1,0,,67,2,2006,6,39.945,-75.1908,1920.0,6,0,0,0,0,0,1,0,0,1.0,0,0,0,19,3,1,6,,1.0,39 56:42.000,3.0,2,75 11:27.024,4,0,0,0,67301,0,0,0,N,0,0,0,2,67301,1,,1,1,,N,N,,0,,0,0,0,0,0,N,1915,1,2,0,0,0,0,0,3,4,0,2,3,,N,,,,,,,,,,,
2006024227,1906.0,1,0,0,0,0,0,0,0,0,1,0,,67,1,2006,2,40.0707,-75.162,1901.0,6,0,0,0,0,1,1,0,0,,0,0,0,17,3,1,1,,0.0,40 04:14.000,,0,75 09:43.021,4,0,0,0,67301,0,0,0,N,0,0,0,2,67301,1,,1,1,,N,N,,0,,0,0,1,0,0,,1745,1,2,0,0,0,0,0,3,4,0,2,3,,N,,,,,,,,,,,
2006024228,2150.0,1,0,0,0,0,0,0,0,0,7,0,,67,1,2006,3,40.0144,-75.0558,2143.0,6,0,0,0,0,0,0,0,0,,0,0,0,21,3,0,0,,0.0,40 00:51.000,,0,75 03:21.255,0,0,0,0,67301,0,0,0,N,0,0,0,1,67301,0,,2,9,,N,N,,0,,0,0,0,0,0,,2140,0,1,0,0,0,0,0,3,4,0,1,7,,N,,,,,,,,,,,
2006024238,1530.0,1,0,0,0,0,0,0,0,0,4,0,,67,1,2006,2,39.9594,-75.2453,1526.0,6,0,0,0,0,1,0,0,0,,0,0,0,15,1,6,1,,0.0,39 57:33.000,,0,75 14:43.431,8,0,0,0,67301,0,0,0,N,0,0,0,6,67301,0,,1,1,,N,N,,0,,0,0,0,3,2,,1520,6,2,0,0,0,6,0,3,4,1,2,3,,N,,,,,,,,,,,
2006024613,110.0,3,0,0,0,0,0,0,0,0,1,0,,67,1,2006,1,,,100.0,6,0,0,0,0,0,1,0,0,3.0,0,0,0,0,3,1,0,,2.0,,3.0,3,,3,0,0,0,67301,0,0,0,N,0,0,0,5,67301,0,,1,2,,N,N,,0,,1,0,1,0,0,N,55,1,4,0,0,0,0,1,3,3,0,4,7,,N,,,,,,,,,,,
2006021915,1600.0,1,0,0,0,0,0,0,0,0,4,0,,67,1,2006,7,39.9902,-75.1167,1604.0,6,0,0,0,0,0,0,0,0,,0,0,0,15,1,2,1,,0.0,39 59:24.000,,0,75 07:00.292,3,0,0,0,67301,0,0,0,,0,0,0,3,67301,0,,1,9,,,,,0,,2,0,2,3,3,,1550,2,3,0,0,0,0,0,3,4,0,3,7,,N,,,,,,,,,,,
2006103139,1249.0,0,0,0,0,0,0,0,0,0,5,0,,67,9,2006,2,,,1247.0,6,0,0,0,0,0,0,0,0,,0,0,0,12,1,1,0,,0.0,,,0,,8,0,0,0,67301,0,0,0,N,0,0,0,1,67301,0,,1,1,,N,N,,0,,0,0,1,0,0,,1224,1,2,0,0,1,1,0,3,3,0,2,3,,N,,,,,,,,,,,
2006103150,2224.0,0,0,0,0,0,0,0,0,0,8,0,,67,8,2006,4,,,2220.0,6,0,0,0,0,0,0,0,0,,0,0,0,22,3,1,2,,0.0,,,0,,4,0,0,0,67301,1,0,0,N,1,0,0,2,67301,1,,1,1,,N,N,,0,,0,0,0,0,0,,2220,1,2,0,0,0,0,0,3,3,1,1,3,,N,,,,,,,,,,,
2006035970,530.0,2,0,0,0,0,0,0,0,0,5,0,,67,1,2006,1,39.9619,-75.1759,526.0,6,0,0,0,0,0,1,0,0,,0,0,0,5,3,1,0,,0.0,39 57:46.000,,0,75 10:37.337,4,0,0,0,67301,0,0,0,N,0,0,0,4,67301,1,,1,1,,N,N,,0,,0,0,0,0,0,,530,1,2,0,0,0,0,0,3,4,0,2,3,,N,,,,,,,,,,,
2006037589,1436.0,1,0,0,0,0,0,0,0,0,8,0,,67,2,2006,4,39.9863,-75.1044,1429.0,6,0,0,1,0,0,0,0,0,,0,0,0,99,1,1,1,,0.0,39 59:10.000,,0,75 06:15.671,4,0,0,0,67301,1,0,0,N,1,0,0,2,67301,1,,1,1,,N,N,,0,,0,0,0,3,2,,9999,1,2,0,0,0,0,0,3,4,0,1,3,,N,,,,,,,,,,,
2006082024,1144.0,1,0,0,0,0,0,0,0,0,7,0,,67,7,2006,2,39.9404,-75.2366,1140.0,6,0,0,0,0,0,1,0,0,,0,0,0,11,1,0,1,,0.0,39 56:25.000,,0,75 14:11.650,0,0,0,0,67301,0,0,0,N,0,0,0,1,67301,0,,5,1,,N,N,,0,,0,0,0,3,2,,1135,0,1,0,0,0,0,0,3,4,0,1,3,,N,,,,,,,,,,,
2006082081,1657.0,1,0,0,0,0,0,0,0,0,4,0,,67,7,2006,4,40.0578,-75.1849,1657.0,6,0,0,0,0,0,0,0,0,,0,0,0,16,1,0,1,,0.0,40 03:27.000,,0,75 11:05.612,0,0,0,0,67301,0,0,0,N,0,0,0,2,67301,0,,1,1,,N,N,,1,,0,0,0,3,3,,1645,0,2,0,0,2,0,0,3,4,0,2,3,,N,,,,,,,,,,,
2006079811,1535.0,2,0,0,0,0,0,0,0,0,4,0,,67,7,2006,6,40.0619,-74.9944,1529.0,6,0,0,0,0,0,1,0,0,,0,0,0,15,1,1,2,,0.0,40 03:43.000,,0,74 59:39.059,4,0,0,0,67301,0,0,0,N,0,0,0,2,67301,1,,1,1,,N,N,,0,,0,0,0,9,3,,1515,1,2,0,0,1,0,0,3,4,0,2,3,,N,,,,,,,,,,,
2006079860,338.0,2,0,0,0,0,0,0,0,0,1,0,,67,6,2006,2,39.9333,-75.1434,338.0,6,0,0,0,0,0,0,0,0,,0,0,0,99,1,1,2,,0.0,39 56:00.000,,0,75 08:35.970,4,0,0,0,67301,0,0,0,N,0,0,0,3,67301,1,,1,9,,N,N,,0,,0,0,0,3,2,,9999,1,2,0,0,0,0,0,3,4,0,2,7,,N,,,,,,,,,,,
2006026151,1325.0,1,0,0,0,0,0,0,0,0,5,0,,67,1,2006,7,40.0437,-75.0713,1220.0,6,0,0,0,1,0,0,0,0,,0,0,0,13,1,1,1,,0.0,40 02:37.165,,99,75 04:16.550,8,0,0,0,67301,0,0,0,N,0,0,0,7,67301,0,,1,9,,N,N,,0,,0,0,0,3,3,,1315,1,2,0,0,0,1,5,3,4,1,2,7,,N,,,,,,,,,,,
2006026185,802.0,1,0,0,0,0,0,0,0,0,7,0,,67,2,2006,7,39.9873,-75.256,9999.0,6,0,0,0,0,1,0,0,0,,0,0,0,7,1,1,0,,0.0,39 59:14.000,,0,75 15:21.412,4,0,0,0,67301,0,0,0,N,0,0,0,1,46104,1,,2,1,,N,N,,0,,0,0,0,0,0,,756,1,1,0,0,0,0,0,3,4,0,1,3,,N,,,,,,,,,,,
2006018658,817.0,1,0,0,0,0,0,0,0,0,8,0,,67,1,2006,2,40.0394,-75.0774,810.0,6,0,0,0,0,0,0,0,0,,0,0,0,8,1,1,1,,0.0,40 02:21.930,,0,75 04:38.559,8,0,0,0,67301,1,0,0,N,1,0,0,2,67301,0,,1,9,,N,N,,0,,0,0,0,3,2,,805,1,2,0,0,0,1,0,3,4,0,1,7,,N,,,,,,,,,,,
2006018666,1330.0,1,0,0,0,0,0,0,0,0,1,0,,67,1,2006,7,40.0413,-75.1067,1326.0,6,0,0,0,0,0,0,0,0,,0,0,0,13,1,2,1,,0.0,40 02:28.000,,1,75 06:24.392,8,0,0,0,67301,0,0,0,N,0,0,0,5,67301,0,,1,1,,N,N,,1,,0,0,0,0,0,,1300,2,2,0,0,0,2,0,3,4,0,2,3,,N,,,,,,,,,,,
2007023114,725.0,1,0,0,0,0,0,0,0,0,8,0,,67,12,2006,6,40.0371,-75.0631,717.0,6,0,0,0,0,0,0,1,0,,0,0,0,7,1,1,2,,0.0,40 02:13.000,,0,75 03:47.184,3,0,0,0,67301,1,0,0,N,1,0,0,2,67301,0,,1,1,,N,N,,0,,1,0,0,3,2,,712,1,2,0,0,0,0,0,3,4,0,1,3,,N,,,,,,,,,,,
2007020666,1645.0,2,0,0,0,0,0,0,0,0,4,0,,67,12,2006,6,39.9625,-75.2162,1641.0,6,0,0,0,0,0,0,0,0,,0,0,0,16,1,0,1,,0.0,39 57:44.000,,0,75 12:56.902,9,0,0,0,67301,0,0,0,,0,0,0,4,67301,0,,1,1,,,,,0,,0,0,0,3,2,,1630,0,2,0,0,0,0,3,3,4,0,2,3,,N,,,,,,,,,,,
2007023224,2026.0,2,0,0,0,0,0,0,0,0,4,0,,67,11,2006,5,40.0948,-75.0507,2025.0,6,1,0,0,0,0,0,0,0,,0,0,0,20,3,0,1,,0.0,40 05:41.000,,0,75 03:02.727,0,0,0,0,67301,0,0,0,N,0,0,0,4,67301,0,,1,1,,N,N,,0,,0,0,0,3,2,,2025,0,2,0,0,0,0,0,3,4,0,2,3,,N,,,,,,,,,,,
2007023229,1852.0,2,0,0,0,0,0,0,0,0,1,0,,67,12,2006,2,40.0458,-75.1432,1849.0,6,0,0,0,0,0,1,0,0,,0,0,0,18,3,0,2,,0.0,40 02:44.000,,0,75 08:35.372,0,0,0,0,67301,0,0,0,N,0,0,0,3,67301,0,,1,1,,N,N,,0,,0,0,0,3,3,,1810,0,2,0,0,0,0,0,3,4,0,2,3,,N,,,,,,,,,,,
2007023542,2045.0,1,0,0,0,0,0,0,0,0,2,0,,67,12,2006,7,39.9123,-75.1756,2043.0,6,0,0,0,0,0,1,0,0,,0,0,0,20,3,1,0,,0.0,39 54:44.100,,0,75 10:32.300,3,0,0,0,67301,0,0,0,N,0,0,0,3,67301,0,,1,1,,N,N,,0,,1,0,2,3,2,,2042,1,3,0,0,0,0,1,3,4,0,3,3,,N,,,,,,,,,,,
2007023060,1932.0,1,0,0,0,0,0,0,0,0,2,0,,67,12,2006,6,40.0741,-75.1909,1929.0,6,0,0,0,0,0,0,1,0,,0,0,0,19,3,0,1,,0.0,40 04:26.000,,0,75 11:27.147,0,0,0,0,67301,0,0,0,N,0,0,0,2,67301,0,,1,1,,N,N,,0,,0,0,0,3,2,,1929,0,2,0,0,0,0,0,3,4,1,2,3,,N,,,,,,,,,,,
2007020812,935.0,2,0,0,0,0,0,0,0,0,4,0,,67,12,2006,1,40.054,-75.0489,930.0,6,0,0,0,0,0,0,0,0,,0,0,0,9,1,4,1,,0.0,40 03:14.000,,0,75 02:56.007,8,0,0,0,67301,0,0,0,N,0,0,0,4,67301,0,,1,1,,N,N,,0,,0,0,0,3,2,,930,4,2,0,0,0,4,0,3,4,0,2,3,,N,,,,,,,,,,,
2007020813,1735.0,1,0,0,0,0,0,0,0,0,4,0,,67,12,2006,6,40.0294,-75.0627,1730.0,6,0,0,0,0,0,0,0,0,,0,0,0,17,3,1,1,,0.0,40 01:45.000,,0,75 03:45.831,8,0,0,0,67301,0,0,0,,0,0,0,3,67301,0,,1,9,,N,N,,0,,0,0,1,9,2,,1720,1,2,0,0,0,1,0,3,4,0,2,7,,N,,,,,,,,,,,
2007048977,257.0,1,0,0,0,0,0,1,0,0,1,0,,67,12,2006,4,40.0408,-75.1442,255.0,6,0,0,0,0,1,0,0,0,1.0,0,0,0,2,3,2,0,,1.0,40 02:26.880,1.0,0,75 08:39.120,4,0,0,0,67301,1,0,0,N,0,0,0,2,67301,1,,4,1,,N,N,,0,,0,0,0,0,0,N,254,2,2,0,0,0,1,0,3,4,0,2,3,,N,,,,,,,,,,,
2007008417,1223.0,2,0,0,0,0,0,0,0,0,6,0,,67,11,2006,1,40.0355,-75.1888,1219.0,6,0,0,0,0,0,0,0,0,,0,0,0,12,1,0,0,,0.0,40 02:07.800,,0,75 11:19.800,0,0,0,0,67301,0,0,0,,0,0,0,3,67301,0,,1,9,,N,N,,0,,0,0,0,0,0,,1219,0,2,0,0,0,0,0,3,4,0,2,7,,N,,,,,,,,,,,
2007008509,1741.0,2,0,0,0,0,0,0,0,0,4,0,,67,11,2006,2,40.1288,-75.0137,1733.0,6,0,0,0,0,0,0,0,1,,0,0,0,17,3,1,1,,0.0,40 07:43.000,,0,75 00:49.407,4,0,0,0,67301,0,0,0,,0,0,0,2,67301,1,,1,1,,,,,0,,0,0,0,3,2,,1733,1,2,0,0,0,0,0,3,4,0,2,3,,N,,,,,,,,,,,
2007021557,2122.0,2,0,0,0,0,0,0,0,0,6,0,,67,12,2006,2,39.9747,-75.1983,9999.0,6,0,0,0,0,0,0,0,0,2.0,0,0,0,21,3,0,2,,1.0,39 58:29.000,4.0,2,75 11:53.725,0,0,0,0,67301,0,0,0,N,0,0,0,2,67301,0,,1,9,,N,N,,0,,0,0,0,3,2,N,2120,0,2,0,0,0,0,0,3,4,0,2,7,,N,,,,,,,,,,,
2007021552,1417.0,1,0,0,0,0,0,0,0,0,1,0,,67,12,2006,6,39.9639,-75.2035,1415.0,6,0,0,0,0,0,0,0,0,,0,0,0,14,1,1,1,,0.0,39 57:50.000,,0,75 12:12.716,4,0,0,0,67301,0,0,0,N,0,0,0,3,67301,1,,1,1,,N,N,,0,,0,0,0,0,0,,1410,1,2,0,0,0,0,1,3,4,0,2,3,,N,,,,,,,,,,,
2007021771,1018.0,1,0,0,0,0,0,0,0,0,6,0,,67,12,2006,7,40.0251,-75.139,1013.0,6,0,0,0,0,0,0,0,0,,0,0,0,10,1,1,1,,0.0,40 01:30.200,,0,75 08:20.500,8,0,0,0,67301,0,0,0,N,0,0,0,2,67301,0,,1,1,,N,N,,0,,0,0,1,0,0,,1013,1,2,0,0,0,1,0,3,4,0,2,3,,N,,,,,,,,,,,
2007008866,1815.0,2,0,0,0,0,0,0,0,0,2,0,,67,11,2006,2,40.0069,-75.0684,1812.0,6,0,0,0,0,0,1,0,0,9.0,0,0,0,18,3,1,2,,1.0,40 00:24.000,2.0,2,75 04:05.705,8,0,0,0,67301,0,0,0,N,0,0,0,2,67301,0,,1,9,,N,N,,0,,0,0,0,0,0,N,1810,1,2,0,0,0,1,1,3,4,0,2,7,,N,,,,,,,,,,,
2007007880,140.0,0,0,0,0,0,0,0,0,0,1,0,,67,11,2006,1,40.0077,-75.1028,139.0,6,0,0,0,0,0,0,0,0,,0,0,0,1,3,1,1,,0.0,40 00:27.734,,0,75 06:10.133,8,0,0,0,67301,0,0,0,N,0,0,0,2,67301,0,,1,1,,N,N,,0,,0,0,1,3,2,,135,1,2,0,0,0,1,0,3,4,0,2,3,,N,,,,,,,,,,,
2007009780,815.0,1,0,0,0,0,0,0,0,0,7,0,,67,12,2006,3,39.9435,-75.1523,815.0,6,0,0,0,0,0,1,0,0,,0,0,0,8,1,1,0,,0.0,39 56:36.445,,0,75 09:08.125,4,0,0,0,67301,0,0,0,N,0,0,0,1,67301,1,,4,1,,N,N,,0,,0,0,0,0,0,,812,1,1,0,0,0,0,0,3,4,0,1,3,,N,,,,,,,,,,,
2007009829,725.0,2,0,0,0,0,0,0,0,0,4,0,,67,12,2006,3,40.1079,-75.0264,720.0,6,0,0,0,0,1,0,0,0,2.0,0,0,0,7,1,1,1,,1.0,40 06:28.000,2.0,0,75 01:35.132,4,0,0,0,67301,0,0,0,N,0,0,0,3,67301,1,,1,9,,N,Y,,0,,0,0,1,3,2,N,715,1,3,0,0,0,0,0,3,4,0,3,3,,N,,,,,,,,,,,
2006062114,58.0,2,0,0,0,0,0,0,0,0,5,0,,67,5,2006,7,39.9217,-75.1902,58.0,6,0,0,0,0,0,0,0,0,1.0,0,0,0,0,3,0,1,,2.0,39 55:18.120,2.0,0,75 11:24.360,0,0,0,0,67301,0,0,0,N,0,0,0,3,67301,0,,1,1,,N,N,,0,,0,0,0,9,2,Y,58,0,2,0,0,0,0,0,3,4,0,2,3,,N,,,,,,,,,,,
2006062248,50.0,1,0,0,0,0,0,0,0,0,7,0,,67,5,2006,4,39.8861,-75.2119,39.0,6,0,0,0,0,0,0,0,0,1.0,0,0,0,0,3,0,7,,1.0,39 53:09.000,2.0,2,75 12:38.658,0,0,0,0,67301,0,0,0,N,0,0,0,1,67301,0,,2,1,,N,N,,0,,0,0,0,0,0,N,39,0,1,0,0,0,0,0,3,4,0,1,3,,N,,,,,,,,,,,
2006062193,2200.0,1,0,0,0,0,0,0,0,0,8,0,,67,5,2006,4,39.9112,-75.241,2153.0,6,0,0,0,0,0,0,0,0,,0,0,0,18,1,1,2,,0.0,39 54:40.298,,0,75 14:27.549,4,0,0,0,67301,1,0,0,,1,0,0,2,67301,1,,1,1,,,,,0,,0,0,0,0,0,,1800,1,2,0,0,0,0,0,3,4,0,1,3,,N,,,,,,,,,,,
2006062390,1144.0,2,0,0,0,0,0,0,0,0,1,0,,67,5,2006,7,40.0318,-75.109,1143.0,6,0,0,0,0,0,1,0,0,,0,0,0,11,1,4,0,,0.0,40 01:54.451,,0,75 06:32.400,4,0,0,0,67301,0,0,0,,0,0,0,5,67301,4,,1,1,,,,,1,,0,0,0,0,0,,1142,4,3,0,0,0,0,0,3,4,0,3,3,,N,,,,,,,,,,,