CRN,ARRIVAL_TM,AUTOMOBILE_COUNT,BELTED_DEATH_COUNT,BELTED_SUSP_SERIOUS_INJ_COUNT,BICYCLE_COUNT,BICYCLE_DEATH_COUNT,BICYCLE_SUSP_SERIOUS_INJ_COUNT,BUS_COUNT,CHLDPAS_DEATH_COUNT,CHLDPAS_SUSP_SERIOUS_INJ_COUNT,COLLISION_TYPE,COMM_VEH_COUNT,CONS_ZONE_SPD_LIM,COUNTY,CRASH_MONTH,CRASH_YEAR,DAY_OF_WEEK,DEC_LAT,DEC_LONG,DISPATCH_TM,DISTRICT,DRIVER_COUNT_16YR,DRIVER_COUNT_17YR,DRIVER_COUNT_18YR,DRIVER_COUNT_19YR,DRIVER_COUNT_20YR,DRIVER_COUNT_50_64YR,DRIVER_COUNT_65_74YR,DRIVER_COUNT_75PLUS,EST_HRS_CLOSED,FATAL_COUNT,HEAVY_TRUCK_COUNT,HORSE_BUGGY_COUNT,HOUR_OF_DAY,ILLUMINATION,INJURY_COUNT,INTERSECT_TYPE,INTERSECTION_RELATED,LANE_CLOSED,LATITUDE,LN_CLOSE_DIR,LOCATION_TYPE,LONGITUDE,MAX_SEVERITY_LEVEL,MCYCLE_DEATH_COUNT,MCYCLE_SUSP_SERIOUS_INJ_COUNT,MOTORCYCLE_COUNT,MUNICIPALITY,NONMOTR_COUNT,NONMOTR_DEATH_COUNT,NONMOTR_SUSP_SERIOUS_INJ_COUNT,NTFY_HIWY_MAINT,PED_COUNT,PED_DEATH_COUNT,PED_SUSP_SERIOUS_INJ_COUNT,PERSON_COUNT,POLICE_AGCY,POSSIBLE_INJ_COUNT,RDWY_SURF_TYPE_CD,RELATION_TO_ROAD,ROAD_CONDITION,ROADWAY_CLEARED,SCH_BUS_IND,SCH_ZONE_IND,SECONDARY_CRASH,SMALL_TRUCK_COUNT,SPEC_JURIS_CD,SUSP_MINOR_INJ_COUNT,SUSP_SERIOUS_INJ_COUNT,SUV_COUNT,TCD_FUNC_CD,TCD_TYPE,TFC_DETOUR_IND,TIME_OF_DAY,TOT_INJ_COUNT,TOTAL_UNITS,UNB_DEATH_COUNT,UNB_SUSP_SERIOUS_INJ_COUNT,UNBELTED_OCC_COUNT,UNK_INJ_DEG_COUNT,UNK_INJ_PER_COUNT,URBAN_AREA,URBAN_RURAL,VAN_COUNT,VEHICLE_COUNT,WEATHER1,WEATHER2,WORK_ZONE_IND,WORK_ZONE_LOC,WORK_ZONE_TYPE,WORKERS_PRES,WZ_CLOSE_DETOUR,WZ_FLAGGER,WZ_LAW_OFFCR_IND,WZ_LN_CLOSURE,WZ_MOVING,WZ_OTHER,WZ_SHLDER_MDN,WZ_WORKERS_INJ_KILLED
2006055133,1555.0,1,0,0,0,0,0,0,0,0,8,0,,67,3,2006,4,,,1550.0,6,0,0,0,0,0,0,0,0,,0,0,0,15,1,1,1,,0.0,,,0,,4,0,0,0,67301,1,0,0,N,1,0,0,2,67301,1,,1,1,,N,N,,0,,0,0,0,0,0,,1545,1,2,0,0,0,0,0,3,3,0,1,3,,N,,,,,,,,,,,
2006094009,2052.0,0,0,0,1,0,0,0,0,0,4,0,,67,7,2006,2,,,2050.0,6,0,0,0,0,0,0,0,0,,0,0,0,99,3,3,2,,0.0,,,0,,2,0,2,1,67301,1,0,0,N,0,0,0,3,67301,0,,1,1,,N,N,,0,,1,2,0,3,2,,9999,3,2,0,0,0,0,0,3,3,0,1,3,,N,,,,,,,,,,,
2006055016,1607.0,2,0,0,0,0,0,0,0,0,4,0,,67,3,2006,4,,,1602.0,6,0,0,0,0,1,0,0,0,,0,0,0,15,1,3,1,,0.0,,,0,,4,0,0,0,67301,0,0,0,N,0,0,0,5,67301,3,,1,1,,N,N,,0,,0,0,0,3,2,,1532,3,2,0,0,0,0,1,3,3,0,2,3,,N,,,,,,,,,,,
2006055063,1629.0,2,0,0,0,0,0,0,0,0,4,0,,67,3,2006,5,,,1619.0,6,0,0,0,0,0,0,0,0,,0,0,0,15,1,0,1,,0.0,,,0,,0,0,0,0,67301,0,0,0,N,0,0,0,3,67301,0,,1,1,,N,N,,0,,0,0,0,3,3,,1531,0,2,0,0,0,0,0,3,3,0,2,3,,N,,,,,,,,,,,
2006094354,1555.0,0,0,0,0,0,0,0,0,0,0,0,,67,8,2006,5,40.0625,-75.0431,1552.0,6,0,0,0,0,0,0,0,0,1.0,0,0,0,15,1,1,0,,1.0,40 03:45.122,2.0,0,75 02:34.982,8,0,0,1,67301,0,0,0,N,0,0,0,1,67301,0,,1,1,,N,N,,0,,0,0,0,0,0,N,1550,1,1,0,0,0,1,0,3,4,0,1,3,,N,,,,,,,,,,,
2006094392,1700.0,1,0,0,0,0,0,0,0,0,4,0,,67,7,2006,1,39.9788,-75.2301,1656.0,6,0,0,0,0,0,0,0,0,,0,0,0,16,1,0,2,,0.0,39 58:43.000,,0,75 13:48.963,9,0,0,0,67301,0,0,0,N,0,0,0,3,67301,0,,1,1,,N,N,,1,,0,0,0,0,0,,1655,0,2,0,0,0,0,2,3,4,0,2,3,,N,,,,,,,,,,,
2006126235,905.0,1,0,0,0,0,0,0,0,0,4,0,,67,10,2006,5,39.9396,-75.1982,850.0,6,0,0,0,0,1,0,0,0,,0,0,0,8,1,0,0,,0.0,39 56:22.570,,0,75 11:53.361,0,0,0,0,67301,0,0,0,N,0,0,0,2,67301,0,,1,1,,N,N,,1,,0,0,0,0,0,,848,0,2,0,0,0,0,0,3,4,0,2,3,,N,,,,,,,,,,,
2006126243,812.0,1,0,0,0,0,0,0,0,0,4,0,,67,10,2006,7,40.0275,-75.0624,809.0,6,0,0,0,0,0,1,1,0,,0,0,0,8,1,1,1,,0.0,40 01:38.000,,0,75 03:44.578,4,0,0,0,67301,0,0,0,,0,0,0,2,67301,1,,1,1,,,,,0,,0,0,1,3,2,,809,1,2,0,0,0,0,1,3,4,0,2,3,,N,,,,,,,,,,,
2006116094,22.0,0,0,0,0,0,0,0,0,0,2,0,,67,9,2006,7,39.963,-75.1662,17.0,6,0,0,0,0,0,0,0,0,,0,0,0,0,3,2,2,,0.0,39 57:46.000,,0,75 09:58.494,4,0,0,0,67301,0,0,0,N,0,0,0,5,67301,2,,1,1,,N,N,,1,,0,0,0,3,2,,16,2,2,0,0,0,0,2,3,4,1,2,3,,N,,,,,,,,,,,
2006116095,1024.0,1,0,0,0,0,0,0,0,0,4,0,,67,10,2006,5,39.9507,-75.1689,1020.0,6,0,0,0,0,0,0,0,0,,0,0,0,10,1,1,1,,0.0,39 57:02.545,,0,75 10:08.180,4,0,0,0,67301,0,0,0,N,0,0,0,3,67301,1,,1,1,,N,N,,1,,0,0,0,3,2,,1018,1,2,0,0,0,0,0,3,4,0,2,3,,N,,,,,,,,,,,
2006123841,850.0,2,0,0,0,0,0,0,0,0,4,0,,67,10,2006,2,,,845.0,6,0,0,0,0,0,0,0,0,,0,0,0,8,1,1,0,,0.0,,,0,,4,0,0,0,67301,0,0,0,N,0,0,0,2,67301,1,,1,1,,N,N,,0,,0,0,0,0,0,,840,1,2,0,0,0,0,0,3,3,0,2,3,,N,,,,,,,,,,,
2006019780,1236.0,0,0,0,0,0,0,0,0,0,8,0,,67,1,2006,6,,,1235.0,6,0,0,0,0,0,1,0,0,,0,0,0,12,1,1,0,,0.0,,,0,,4,0,0,0,67301,1,0,0,N,1,0,0,2,67301,1,,1,1,,N,N,,0,,0,0,1,0,0,,1231,1,2,0,0,1,0,0,3,3,0,1,3,,N,,,,,,,,,,,
2006066185,1607.0,2,0,0,0,0,0,0,0,0,4,0,,67,5,2006,6,,,1603.0,6,0,0,0,0,0,1,0,0,,0,0,0,16,1,0,1,,0.0,,,0,,0,0,0,0,67301,0,0,0,,0,0,0,3,67301,0,,1,1,,,,,0,,0,0,0,3,2,,1600,0,2,0,0,0,0,0,3,3,0,2,3,,N,,,,,,,,,,,
2006066189,1917.0,0,0,0,1,0,0,0,0,0,2,0,,67,5,2006,2,39.9566,-75.198,1916.0,6,0,0,0,0,0,0,0,0,,0,0,0,19,1,1,1,,0.0,39 57:24.000,,0,75 11:52.958,8,0,0,0,67301,1,0,0,,0,0,0,2,67504,0,,1,9,,,,,0,,0,0,1,3,2,,1915,1,2,0,0,0,1,0,3,4,0,1,7,,N,,,,,,,,,,,
2006034178,1545.0,2,0,0,0,0,0,0,0,0,4,0,,67,2,2006,5,40.0138,-75.056,1535.0,6,0,0,0,0,0,0,0,0,,0,0,0,15,1,1,1,,0.0,40 00:49.000,,0,75 03:21.695,4,0,0,0,67301,0,0,0,N,0,0,0,2,67301,1,,1,1,,N,N,,0,,0,0,0,3,2,,1520,1,2,0,0,0,0,0,3,4,0,2,3,,N,,,,,,,,,,,
2006036636,655.0,1,0,0,0,0,0,0,0,0,7,0,,67,3,2006,5,,,648.0,6,0,0,0,0,0,0,0,0,,0,0,0,6,1,1,0,,0.0,,,0,,4,0,0,0,67301,0,0,0,N,0,0,0,1,67301,1,,2,2,,N,N,,0,,0,0,0,0,0,,645,1,1,0,0,0,0,0,3,3,0,1,7,,N,,,,,,,,,,,
2006027110,42.0,0,0,0,0,0,0,0,0,0,4,0,,67,1,2006,1,,,38.0,6,0,0,0,0,0,0,0,0,2.0,0,0,0,0,3,6,1,,2.0,,6.0,0,,4,0,0,0,67301,0,0,0,N,0,0,0,6,67301,4,,1,1,,N,N,,1,,0,0,2,3,2,Y,37,6,3,0,0,0,2,0,3,3,0,3,3,,N,,,,,,,,,,,
2006033662,1610.0,1,0,0,0,0,0,0,0,0,4,0,,67,3,2006,4,40.0713,-75.1545,1550.0,6,0,0,0,0,0,0,0,0,,0,0,0,15,1,1,1,,0.0,40 04:16.695,,0,75 09:16.031,3,0,0,0,67301,0,0,0,N,0,0,0,3,67301,0,,1,1,,N,N,,0,,1,0,1,3,2,,1540,1,2,0,0,3,0,0,3,4,0,2,3,,N,,,,,,,,,,,
2006037745,1250.0,0,0,0,0,0,0,0,0,0,4,0,,67,3,2006,2,,,1245.0,6,0,0,0,0,0,1,0,0,,0,0,0,12,1,0,0,,0.0,,,7,,0,0,0,0,67301,0,0,0,,0,0,0,2,67301,0,,1,1,,N,N,,1,,0,0,1,0,0,,1220,0,2,0,0,0,0,0,3,3,0,2,3,,N,,,,,,,,,,,
2006079284,55.0,1,0,0,0,0,0,0,0,0,8,0,,67,6,2006,2,40.0292,-75.1746,45.0,6,0,0,0,0,0,0,0,0,,0,0,0,0,3,1,1,,0.0,40 01:45.000,,0,75 10:28.586,4,0,0,0,67301,1,0,0,N,1,0,0,2,67301,1,,9,1,,N,N,,0,,0,0,0,9,9,,35,1,2,0,0,0,0,0,3,4,0,1,3,,N,,,,,,,,,,,
2006081725,907.0,3,0,0,0,0,0,0,0,0,4,0,,67,7,2006,4,,,903.0,6,0,0,0,0,0,0,0,0,,0,0,0,9,1,1,1,,0.0,,,0,,8,0,0,0,67301,0,0,0,N,0,0,0,3,67301,0,,1,9,,N,N,,0,,0,0,0,3,3,,900,1,4,0,0,1,1,0,3,3,1,4,7,,N,,,,,,,,,,,
2006081734,2045.0,1,0,0,1,0,0,0,0,0,4,0,,67,6,2006,6,,,9999.0,6,0,0,0,0,0,0,0,0,,0,0,0,99,1,1,1,,0.0,,,0,,4,0,0,0,67301,1,0,0,N,0,0,0,2,67301,1,,1,1,,N,N,,0,,0,0,0,3,2,,9999,1,2,0,0,1,0,0,3,3,0,1,3,,N,,,,,,,,,,,
2007006820,235.0,0,0,0,0,0,0,0,0,0,7,0,,67,12,2006,2,39.8835,-75.2449,233.0,6,0,0,0,0,0,0,0,0,2.0,0,0,0,2,3,1,7,,1.0,39 53:00.600,2.0,2,75 14:41.640,8,0,0,0,67301,0,0,0,Y,0,0,0,1,67301,0,,3,1,,N,N,,0,,0,0,1,0,0,N,230,1,1,0,0,0,1,0,3,4,0,1,3,,N,,,,,,,,,,,
2007006863,2045.0,1,0,0,0,0,0,0,0,0,7,0,,67,11,2006,3,39.9884,-75.1141,2030.0,6,0,0,1,0,0,0,0,0,1.0,0,0,0,20,3,5,0,,2.0,39 59:18.400,1.0,0,75 06:50.700,3,0,0,0,67301,0,0,0,N,0,0,0,5,67301,2,,4,1,,N,N,,0,,3,0,1,0,0,Y,2030,5,2,0,0,4,0,0,3,4,0,2,3,,N,,,,,,,,,,,
2007006878,1315.0,1,0,0,0,0,0,0,0,0,8,0,,67,12,2006,1,40.0577,-75.0486,1305.0,6,0,0,1,0,0,0,0,0,,0,0,0,12,1,1,1,,0.0,40 03:27.000,,0,75 02:55.066,4,0,0,0,67301,2,0,0,,2,0,0,3,67301,1,,1,1,,,,,0,,0,0,0,3,2,,1250,1,3,0,0,0,0,0,3,4,0,1,3,,N,,,,,,,,,,,
2007023671,910.0,2,0,0,0,0,0,0,0,0,2,0,,67,12,2006,7,39.9216,-75.2401,910.0,6,0,0,0,0,0,0,0,0,,0,0,0,9,1,1,2,,0.0,39 55:17.742,,0,75 14:24.338,8,0,0,0,67301,0,0,0,N,0,0,0,3,67301,0,,1,9,,N,N,,0,,0,0,0,3,3,,909,1,2,0,0,0,1,0,3,4,0,2,7,,N,,,,,,,,,,,
2007023019,835.0,1,0,0,0,0,0,0,0,0,7,0,,67,12,2006,4,39.9759,-75.165,830.0,6,0,0,0,0,0,0,0,0,,0,0,0,8,1,1,0,,0.0,39 58:33.189,,0,75 09:53.967,8,0,0,0,67301,0,0,0,,0,0,0,1,67301,0,,2,9,,,,,0,,0,0,0,0,0,,830,1,1,0,0,0,1,0,3,4,0,1,7,,N,,,,,,,,,,,
2007023113,1050.0,2,0,0,0,0,0,0,0,0,4,0,,67,12,2006,3,40.0276,-75.0962,1048.0,6,0,0,0,1,0,0,0,0,,0,0,0,10,1,3,2,,0.0,40 01:39.432,,0,75 05:46.337,3,0,0,0,67301,0,0,0,N,0,0,0,3,67301,1,,1,9,,N,N,,0,,2,0,0,3,3,,1045,3,2,0,0,0,0,0,3,4,0,2,3,,N,,,,,,,,,,,
2007023541,1424.0,1,0,0,0,0,0,0,0,0,4,0,,67,12,2006,6,39.977,-75.1782,1420.0,6,0,0,0,0,0,0,0,0,,0,0,0,14,1,3,1,,0.0,39 58:37.178,,0,75 10:41.501,3,0,0,0,67301,3,0,0,N,3,0,0,5,67301,0,,1,1,,N,N,,2,,3,0,0,3,2,,1420,3,6,0,0,0,0,1,3,4,0,3,3,,N,,,,,,,,,,,
2007020806,1625.0,1,0,0,0,0,0,0,0,0,8,0,,67,12,2006,3,39.9412,-75.2107,1612.0,6,0,0,0,0,0,0,0,0,,0,0,0,14,1,1,0,,0.0,39 56:28.486,,0,75 12:38.667,3,0,0,0,67301,1,0,0,N,1,0,0,2,67301,0,,1,1,,N,N,,0,,1,0,0,3,2,,1430,1,2,0,0,0,0,0,3,4,0,1,3,,N,,,,,,,,,,,
2007116665,1435.0,1,0,0,1,0,0,0,0,0,5,0,,67,10,2006,2,39.9551,-75.1859,1430.0,6,0,0,0,0,0,0,0,0,,0,0,0,7,1,1,0,,0.0,39 57:18.000,,0,75 11:09.020,3,0,0,0,67301,1,0,0,N,0,0,0,2,67301,0,,6,1,,N,N,,0,,1,0,0,0,0,,730,1,2,0,0,0,0,1,3,4,0,1,3,,N,,,,,,,,,,,
2007008445,1410.0,2,0,0,0,0,0,0,0,0,4,0,99.0,67,11,2006,1,39.9548,-75.228,1359.0,6,0,0,0,0,0,0,1,0,,0,0,0,13,1,0,1,,0.0,39 57:17.442,,0,75 13:40.835,0,0,0,0,67301,0,0,0,N,0,0,0,2,67301,0,,1,1,,N,N,,0,,0,0,0,3,2,,1345,0,2,0,0,0,0,0,3,4,0,2,3,,Y,8.0,8.0,U,,,U,,,,,
2007008461,1245.0,1,0,0,0,0,0,0,0,0,8,0,,67,11,2006,6,40.0314,-75.056,1240.0,6,0,0,0,0,0,0,0,0,,0,0,0,12,1,1,1,,0.0,40 01:52.906,,0,75 03:21.682,8,0,0,0,67301,1,0,0,,1,0,0,2,67301,0,,1,1,,,,,0,,0,0,0,9,3,,1225,1,2,0,0,0,1,0,3,4,0,1,3,,N,,,,,,,,,,,
2007008498,1735.0,1,0,0,0,0,0,0,0,0,8,0,,67,11,2006,2,39.9596,-75.197,1730.0,6,0,0,0,0,0,1,0,0,,0,0,0,17,3,1,1,,0.0,39 57:34.000,,0,75 11:49.581,8,0,0,0,67301,1,0,0,N,1,0,0,2,67301,0,,1,9,,N,N,,0,,0,0,0,3,2,,1730,1,2,0,0,1,1,0,3,4,0,1,7,,N,,,,,,,,,,,
2007008534,1043.0,4,0,0,0,0,0,0,0,0,4,0,,67,11,2006,2,40.0063,-75.1163,1039.0,6,0,0,0,0,0,0,0,0,,0,0,0,10,1,0,0,,0.0,40 00:22.000,,0,75 06:58.869,9,0,0,0,67301,0,0,0,N,0,0,0,1,67301,0,,2,9,,N,N,,0,,0,0,0,0,0,,1035,0,6,0,0,0,0,1,3,4,2,6,7,,N,,,,,,,,,,,
2007000716,1834.0,1,0,0,0,0,0,0,0,0,7,0,,67,10,2006,4,,,1834.0,6,0,0,0,0,0,0,0,1,,0,0,0,18,1,2,0,,0.0,,,3,,3,0,0,0,67301,0,0,0,N,0,0,0,2,67501,1,,4,1,,N,N,,0,,1,0,0,0,0,,1834,2,1,0,0,0,0,0,3,3,0,1,3,,N,,,,,,,,,,,
2007021538,1730.0,0,0,0,0,0,0,0,0,0,7,0,,67,12,2006,7,39.9906,-75.1047,1723.0,6,0,0,0,0,0,0,0,0,,0,0,0,17,3,1,0,,0.0,39 59:26.293,,0,75 06:16.862,4,0,0,0,67301,0,0,0,N,0,0,0,2,67301,1,,4,1,,N,N,,0,,0,0,1,0,0,,1715,1,1,0,0,0,0,0,3,4,0,1,3,,N,,,,,,,,,,,
2007021553,1640.0,1,0,0,0,0,0,0,0,0,8,0,,67,12,2006,6,39.9626,-75.213,1638.0,6,0,0,0,0,0,0,0,0,,0,0,0,16,1,1,1,,0.0,39 57:45.000,,0,75 12:45.870,3,0,0,0,67301,1,0,0,N,1,0,0,2,67301,0,,1,1,,N,N,,0,,1,0,0,3,2,,1625,1,2,0,0,0,0,1,3,4,0,1,3,,N,,,,,,,,,,,
2007007967,2018.0,2,0,0,0,0,0,0,0,0,7,0,,67,12,2006,2,39.9776,-75.201,2014.0,6,0,0,0,0,0,0,0,0,2.0,0,0,0,20,3,1,0,,2.0,39 58:41.520,2.0,0,75 12:07.920,3,0,0,0,67301,0,0,0,N,0,0,0,2,67301,0,,2,1,,N,N,,0,,1,0,0,3,8,N,2010,1,2,0,0,0,0,0,3,4,0,2,3,,N,,,,,,,,,,,
2007022075,1530.0,0,0,0,0,0,0,1,0,0,4,1,,67,12,2006,4,39.9815,-75.1886,1525.0,6,0,0,0,0,0,1,0,0,2.0,0,0,0,15,1,2,1,,1.0,39 58:53.000,5.0,0,75 11:19.104,4,0,0,0,67301,0,0,0,,0,0,0,2,67301,1,,1,1,,Y,N,,0,,0,0,1,9,2,Y,1515,2,2,0,0,0,1,0,3,4,0,2,3,,N,,,,,,,,,,,
2006036685,1340.0,2,0,0,0,0,0,0,0,0,8,0,,67,2,2006,7,,,1335.0,6,0,0,0,0,0,0,1,0,,0,0,0,13,1,2,1,,0.0,,,0,,8,0,0,0,67301,2,0,0,N,2,0,0,4,67301,0,,1,9,,N,N,,0,,0,0,0,3,2,,1330,2,4,0,0,0,2,0,3,3,0,2,7,,N,,,,,,,,,,,
2006034202,1627.0,1,0,0,0,0,0,0,0,0,4,0,,67,2,2006,5,39.8937,-75.2206,1623.0,6,0,0,0,0,0,1,0,0,,0,0,0,16,1,1,0,,0.0,39 53:37.000,,0,75 13:14.438,8,0,0,0,67301,0,0,0,N,0,0,0,2,67301,0,,1,9,,N,N,,0,,0,0,1,0,0,,1621,1,2,0,0,0,1,0,3,4,0,2,7,,N,,,,,,,,,,,
2006024204,859.0,2,0,0,0,0,0,0,0,0,2,0,,67,1,2006,4,,,856.0,6,0,0,0,0,0,0,0,0,,0,0,0,8,1,0,2,,0.0,,,0,,0,0,0,0,67301,0,0,0,N,0,0,0,2,67301,0,,1,9,,N,N,,0,,0,0,0,3,2,,853,0,2,0,0,0,0,0,3,3,0,2,7,,N,,,,,,,,,,,
2006024206,1114.0,1,0,0,0,0,0,0,0,0,8,0,,67,1,2006,1,40.0497,-75.1378,1109.0,6,0,0,0,0,0,0,0,0,,0,0,0,10,1,1,0,,0.0,40 02:59.010,,0,75 08:16.137,4,0,0,0,67301,1,0,0,N,1,0,0,2,67301,1,,1,1,,N,N,,0,,0,0,0,0,0,,1057,1,2,0,0,0,0,0,3,4,0,1,3,,N,,,,,,,,,,,
2006024592,827.0,1,0,0,0,0,0,0,0,0,8,0,,67,1,2006,6,40.0537,-75.0636,825.0,6,0,0,0,0,0,0,0,0,,0,0,0,8,1,1,0,,0.0,40 03:13.220,,0,75 03:49.058,4,0,0,0,67301,1,0,0,N,1,0,0,2,67301,1,,1,9,,N,Y,,0,,0,0,0,3,3,,800,1,2,0,0,0,0,0,3,4,0,1,5,,N,,,,,,,,,,,
2006103228,1839.0,2,0,0,0,0,0,0,0,0,2,0,,67,8,2006,2,40.0037,-75.1811,1835.0,6,0,0,1,0,0,0,0,0,,0,0,0,18,1,2,2,,0.0,40 00:13.290,,0,75 10:51.870,4,0,0,0,67301,0,0,0,N,0,0,0,3,67301,2,,1,1,,N,N,,0,,0,0,0,3,3,,1830,2,2,0,0,0,0,1,3,4,0,2,3,,N,,,,,,,,,,,
2006103253,1845.0,1,0,0,0,0,0,0,0,0,8,0,,67,8,2006,2,,,1841.0,6,0,0,0,0,0,0,0,0,,0,0,0,18,1,1,1,,0.0,,,0,,8,0,0,0,67301,1,0,0,N,1,0,0,2,67301,0,,1,1,,N,N,,0,,0,0,0,3,3,,1835,1,2,0,0,0,1,0,3,3,0,1,3,,N,,,,,,,,,,,
2006035964,1205.0,1,0,0,0,0,0,0,0,0,2,0,,67,2,2006,7,39.9804,-75.1179,1203.0,6,0,0,0,0,1,0,0,1,,0,0,0,12,1,0,1,,0.0,39 58:53.000,,0,75 07:02.779,0,0,0,0,67301,0,0,0,N,0,0,0,2,67301,0,,1,9,,N,N,,0,,0,0,1,3,2,,1203,0,2,0,0,0,0,0,3,4,0,2,7,,N,,,,,,,,,,,
2006041279,1555.0,1,0,0,0,0,0,0,0,0,1,0,,67,3,2006,3,39.9828,-75.2634,9999.0,6,0,0,0,0,0,1,0,0,,0,0,0,15,1,1,0,,0.0,39 58:58.000,,0,75 15:48.432,4,0,0,0,67301,0,0,0,N,0,0,0,2,46104,1,,1,1,,N,N,,1,,0,0,0,0,0,,1550,1,2,0,0,0,0,0,3,4,0,2,3,,N,,,,,,,,,,,
2006037560,722.0,2,0,0,0,0,0,0,0,0,4,0,,67,2,2006,6,39.9572,-75.1587,720.0,6,0,0,0,0,0,0,0,0,,0,0,0,7,1,2,2,,0.0,39 57:25.000,,0,75 09:31.098,3,0,0,0,67301,0,0,0,N,0,0,0,2,67301,1,,1,1,,N,N,,0,,1,0,0,3,1,,710,2,2,0,0,0,0,0,3,4,0,2,3,,N,,,,,,,,,,,
2006032564,1540.0,2,0,0,0,0,0,0,0,0,4,0,,67,2,2006,7,,,1430.0,6,0,0,0,0,0,0,0,0,,0,0,0,14,1,1,1,,0.0,,,0,,4,0,0,0,67301,0,0,0,,0,0,0,2,67301,1,,1,1,,N,N,,0,,0,0,0,9,3,,1430,1,2,0,0,0,0,0,3,3,0,2,3,,N,,,,,,,,,,,
2006037606,256.0,3,0,0,0,0,0,0,0,0,4,0,,67,1,2006,1,39.9538,-75.1666,9999.0,6,0,0,0,0,0,0,0,0,,0,0,0,2,3,0,1,,0.0,39 57:13.000,,0,75 09:59.737,0,0,0,0,67301,0,0,0,,0,0,0,5,67301,0,,1,1,,,,,0,,0,0,0,3,2,,254,0,3,0,0,0,0,0,3,4,0,3,3,,N,,,,,,,,,,,
2006037672,2010.0,3,0,0,0,0,0,0,0,0,1,0,,67,2,2006,3,40.0808,-75.0284,2004.0,6,0,0,0,0,0,0,0,0,,0,0,0,19,3,2,1,,0.0,40 04:50.000,,0,75 01:41.993,4,0,0,0,67301,0,0,0,,0,0,0,8,67301,1,,1,9,,N,N,,0,,0,0,0,3,2,,1952,2,3,0,0,0,1,0,3,4,0,3,3,,N,,,,,,,,,,,
2006079280,1142.0,2,0,0,0,0,0,0,0,0,5,0,,67,5,2006,5,39.9788,-75.203,1142.0,6,0,0,0,0,0,0,0,0,,0,0,0,11,1,1,3,,0.0,39 58:44.000,,0,75 12:11.211,4,0,0,0,67301,0,0,0,N,0,0,0,3,67301,1,,1,9,,N,N,,0,,0,0,0,0,0,,1140,1,2,0,0,0,0,1,3,4,0,2,7,,N,,,,,,,,,,,
2006037791,304.0,1,0,0,0,0,0,0,0,0,7,0,,67,2,2006,4,39.9741,-75.1942,301.0,6,0,0,0,0,0,0,0,0,,0,0,0,3,3,0,0,,0.0,39 58:30.000,,1,75 11:40.548,0,0,0,0,67301,0,0,0,N,0,0,0,1,67301,0,,2,1,,N,N,,0,,0,0,0,0,0,,301,0,1,0,0,0,0,0,3,4,0,1,3,,N,,,,,,,,,,,
2006081726,2207.0,2,0,0,0,0,0,0,0,0,1,0,,67,6,2006,7,,,2137.0,6,0,0,0,0,0,0,0,0,,0,0,0,21,1,0,10,,0.0,,,0,,0,0,0,0,67301,0,0,0,N,0,0,0,1,67301,0,,1,9,,N,N,,0,,0,0,0,0,0,,2108,0,2,0,0,0,0,0,3,3,0,2,7,,N,,,,,,,,,,,
2006079400,1305.0,0,0,0,0,0,0,1,0,0,8,1,,67,5,2006,5,39.9626,-75.163,1305.0,6,0,0,0,0,0,1,0,0,,0,0,0,12,1,1,1,,0.0,39 57:45.000,,0,75 09:46.999,3,0,0,0,67301,1,0,0,N,1,0,0,2,67301,0,,1,1,,N,N,,0,,1,0,0,3,2,,1250,1,2,0,0,0,0,0,3,4,0,1,3,,N,,,,,,,,,,,
2006079405,1454.0,1,0,0,0,0,0,0,0,0,7,0,,67,6,2006,3,,,1454.0,6,0,0,0,0,0,0,0,1,1.0,0,0,0,14,1,0,1,,1.0,,1.0,0,,0,0,0,0,67301,0,0,0,N,0,0,0,1,67301,0,,4,1,,N,N,,0,,0,0,0,3,2,N,1454,0,1,0,0,0,0,0,3,3,0,1,3,,N,,,,,,,,,,,
2006079629,1420.0,1,0,0,0,0,0,0,0,0,8,0,,67,6,2006,2,,,1418.0,6,0,0,0,0,0,1,0,0,,0,0,0,13,1,1,0,,0.0,,,0,,4,0,0,0,67301,1,0,0,N,1,0,0,2,67301,1,,1,9,,N,N,,0,,0,0,0,0,0,,1300,1,2,0,0,1,0,0,3,3,0,1,7,,N,,,,,,,,,,,
2006082078,2105.0,1,0,0,0,0,0,0,0,0,8,0,,67,7,2006,3,,,2104.0,6,0,0,0,0,0,1,0,0,,0,0,0,21,3,1,0,,0.0,,,0,,4,0,0,0,67301,1,0,0,N,1,0,0,3,67301,1,,1,1,,N,N,,0,,0,0,0,0,0,,2104,1,2,0,0,0,0,0,3,3,0,1,3,,N,,,,,,,,,,,
2006082087,1200.0,2,0,0,0,0,0,0,0,0,1,0,,67,6,2006,4,40.0308,-75.1528,1258.0,6,0,0,0,0,0,0,0,0,,0,0,0,11,1,4,2,,0.0,40 01:51.009,,0,75 09:10.227,3,0,0,0,67301,4,0,0,N,3,0,0,5,67301,0,,5,1,,N,N,,0,,1,0,0,0,0,,1158,4,5,0,0,1,3,0,3,4,0,2,3,,N,,,,,,,,,,,
2006021100,9999.0,0,0,0,0,0,0,0,0,0,8,0,,67,1,2006,1,39.9802,-75.1575,642.0,6,0,0,0,0,0,0,0,0,,0,0,0,6,3,1,2,,0.0,39 58:48.000,,0,75 09:26.890,4,0,0,0,67301,1,0,0,N,1,0,0,2,67301,1,,1,1,,N,N,,0,,0,0,0,0,0,,640,1,2,0,0,0,0,0,3,4,1,1,3,,N,,,,,,,,,,,