CRN,ARRIVAL_TM,AUTOMOBILE_COUNT,BELTED_DEATH_COUNT,BELTED_SUSP_SERIOUS_INJ_COUNT,BICYCLE_COUNT,BICYCLE_DEATH_COUNT,BICYCLE_SUSP_SERIOUS_INJ_COUNT,BUS_COUNT,CHLDPAS_DEATH_COUNT,CHLDPAS_SUSP_SERIOUS_INJ_COUNT,COLLISION_TYPE,COMM_VEH_COUNT,CONS_ZONE_SPD_LIM,COUNTY,CRASH_MONTH,CRASH_YEAR,DAY_OF_WEEK,DEC_LAT,DEC_LONG,DISPATCH_TM,DISTRICT,DRIVER_COUNT_16YR,DRIVER_COUNT_17YR,DRIVER_COUNT_18YR,DRIVER_COUNT_19YR,DRIVER_COUNT_20YR,DRIVER_COUNT_50_64YR,DRIVER_COUNT_65_74YR,DRIVER_COUNT_75PLUS,EST_HRS_CLOSED,FATAL_COUNT,HEAVY_TRUCK_COUNT,HORSE_BUGGY_COUNT,HOUR_OF_DAY,ILLUMINATION,INJURY_COUNT,INTERSECT_TYPE,INTERSECTION_RELATED,LANE_CLOSED,LATITUDE,LN_CLOSE_DIR,LOCATION_TYPE,LONGITUDE,MAX_SEVERITY_LEVEL,MCYCLE_DEATH_COUNT,MCYCLE_SUSP_SERIOUS_INJ_COUNT,MOTORCYCLE_COUNT,MUNICIPALITY,NONMOTR_COUNT,NONMOTR_DEATH_COUNT,NONMOTR_SUSP_SERIOUS_INJ_COUNT,NTFY_HIWY_MAINT,PED_COUNT,PED_DEATH_COUNT,PED_SUSP_SERIOUS_INJ_COUNT,PERSON_COUNT,POLICE_AGCY,POSSIBLE_INJ_COUNT,RDWY_SURF_TYPE_CD,RELATION_TO_ROAD,ROAD_CONDITION,ROADWAY_CLEARED,SCH_BUS_IND,SCH_ZONE_IND,SECONDARY_CRASH,SMALL_TRUCK_COUNT,SPEC_JURIS_CD,SUSP_MINOR_INJ_COUNT,SUSP_SERIOUS_INJ_COUNT,SUV_COUNT,TCD_FUNC_CD,TCD_TYPE,TFC_DETOUR_IND,TIME_OF_DAY,TOT_INJ_COUNT,TOTAL_UNITS,UNB_DEATH_COUNT,UNB_SUSP_SERIOUS_INJ_COUNT,UNBELTED_OCC_COUNT,UNK_INJ_DEG_COUNT,UNK_INJ_PER_COUNT,URBAN_AREA,URBAN_RURAL,VAN_COUNT,VEHICLE_COUNT,WEATHER1,WEATHER2,WORK_ZONE_IND,WORK_ZONE_LOC,WORK_ZONE_TYPE,WORKERS_PRES,WZ_CLOSE_DETOUR,WZ_FLAGGER,WZ_LAW_OFFCR_IND,WZ_LN_CLOSURE,WZ_MOVING,WZ_OTHER,WZ_SHLDER_MDN,WZ_WORKERS_INJ_KILLED
2007006830,2232.0,2,0,0,0,0,0,0,0,0,4,0,,67,11,2006,2,39.9545,-75.1984,2230.0,6,0,0,0,0,0,0,0,0,,0,0,0,22,3,0,10,,0.0,39 57:18.000,,0,75 11:53.970,0,0,0,0,67301,0,0,0,,0,0,0,2,67504,0,,1,1,,N,N,,0,,0,0,0,3,2,,2230,0,2,0,0,0,0,0,3,4,0,2,3,,N,,,,,,,,,,,
2007006884,1558.0,2,0,0,0,0,0,0,0,0,2,0,,67,11,2006,5,39.9057,-75.1939,1552.0,6,0,0,0,0,0,0,0,0,1.0,0,0,0,15,1,2,1,,1.0,39 54:20.000,6.0,0,75 11:38.632,4,0,0,0,67301,0,0,0,N,0,0,0,2,67301,2,,1,9,,N,N,,0,,0,0,0,2,2,N,1551,2,2,0,0,0,0,0,3,4,0,2,7,,N,,,,,,,,,,,
2007023020,215.0,2,0,0,0,0,0,0,0,0,4,0,,67,12,2006,5,39.9777,-75.1614,211.0,6,0,0,0,0,1,0,0,0,,0,0,0,2,3,0,1,,0.0,39 58:39.716,,0,75 09:41.201,0,0,0,0,67301,0,0,0,,0,0,0,2,67301,0,,1,9,,,,,0,,0,0,0,3,2,,211,0,2,0,0,0,0,0,3,4,0,2,3,,N,,,,,,,,,,,
2007023071,933.0,2,0,0,0,0,0,0,0,0,4,0,,67,12,2006,4,39.9787,-75.2424,929.0,6,0,0,0,0,0,0,0,0,,0,0,0,9,1,1,1,,0.0,39 58:43.377,,0,75 14:32.524,4,0,0,0,67301,0,0,0,N,0,0,0,3,67301,1,,1,1,,N,N,,0,,0,0,0,9,3,,927,1,2,0,0,0,0,0,3,4,0,2,99,,N,,,,,,,,,,,
2007023079,1345.0,2,0,0,0,0,0,0,0,0,4,0,,67,12,2006,1,39.9719,-75.1627,1339.0,6,0,0,0,0,0,0,0,0,,0,0,0,13,1,1,1,,0.0,39 58:18.000,,0,75 09:45.568,4,0,0,0,67301,0,0,0,N,0,0,0,2,67301,1,,1,1,,N,N,,0,,0,0,0,3,2,,1338,1,2,0,0,0,0,0,3,4,0,2,3,,N,,,,,,,,,,,
2007023110,9999.0,3,0,0,0,0,0,0,0,0,5,0,,67,12,2006,1,39.9457,-75.1548,,6,0,0,0,0,0,0,0,0,2.0,0,0,0,7,1,1,0,,2.0,39 56:44.563,4.0,0,75 09:17.290,8,0,0,0,67301,0,0,0,,0,0,0,1,67301,0,,1,1,,,,,0,,0,0,0,0,0,Y,745,1,3,0,0,0,1,0,3,4,0,3,3,,N,,,,,,,,,,,
2007023180,2127.0,2,0,0,0,0,0,0,0,0,4,0,,67,12,2006,1,39.997,-75.142,2125.0,6,0,0,0,0,0,0,0,0,3.0,0,0,0,21,3,2,1,,1.0,39 59:49.311,4.0,0,75 08:31.142,8,0,0,0,67301,0,0,0,,0,0,0,4,67301,0,,1,1,,,,,0,,0,0,0,9,3,Y,2121,2,2,0,0,0,2,0,3,4,0,2,3,,N,,,,,,,,,,,
2007021823,1332.0,1,0,0,0,0,0,0,0,0,8,0,,67,12,2006,4,39.9747,-75.1995,1331.0,6,0,0,0,0,0,0,0,0,,0,0,0,13,1,1,1,,0.0,39 58:28.000,,0,75 11:57.963,4,0,0,0,67301,1,0,0,N,1,0,0,2,67301,1,,1,1,,N,N,,0,,0,0,0,0,0,,1330,1,2,0,0,0,0,0,3,4,0,1,3,,N,,,,,,,,,,,
2007008401,1125.0,2,0,0,0,0,0,0,0,0,1,0,,67,11,2006,1,40.0101,-75.1576,1121.0,6,0,0,0,0,1,0,0,0,1.0,0,0,0,11,1,1,0,,1.0,40 00:36.000,6.0,0,75 09:27.653,8,0,0,0,67301,0,0,0,N,0,0,0,2,67301,0,,1,9,,N,N,,0,,0,0,0,0,0,N,1119,1,2,0,0,0,1,0,3,4,0,2,98,,N,,,,,,,,,,,
2007011129,1856.0,2,0,0,0,0,0,0,0,0,1,0,,67,11,2006,4,40.0561,-75.1842,1848.0,6,0,0,0,0,0,0,0,0,,0,0,0,18,3,1,0,,0.0,40 03:21.996,,0,75 11:03.217,4,0,0,0,67301,0,0,0,N,0,0,0,1,67301,1,,6,9,,N,N,,0,,0,0,0,0,0,,1842,1,2,0,0,0,0,0,3,4,0,2,7,,N,,,,,,,,,,,
2007021539,1440.0,2,0,0,0,0,0,0,0,0,4,0,,67,12,2006,3,39.9492,-75.2414,1435.0,6,0,0,0,0,0,0,0,0,,0,0,0,14,1,1,1,,0.0,39 56:57.040,,0,75 14:29.126,8,0,0,0,67301,0,0,0,,0,0,0,2,67301,0,,1,1,,,,,0,,0,0,1,3,2,,1430,1,5,0,0,0,1,1,3,4,2,5,3,,N,,,,,,,,,,,
2007010547,9999.0,1,0,0,1,0,0,0,0,0,5,0,,67,12,2006,2,39.9518,-75.1841,,6,0,0,0,0,0,0,0,0,,0,0,0,15,1,1,3,,0.0,39 57:06.000,,0,75 10:59.624,4,0,0,0,67301,1,0,0,,0,0,0,2,67301,1,,1,1,,,,,0,,0,0,0,3,2,,1530,1,2,0,0,0,0,0,3,4,0,1,3,,N,,,,,,,,,,,
2007022222,1725.0,2,0,0,0,0,0,0,0,0,1,0,,67,6,2006,6,40.0083,-75.1947,1717.0,6,0,0,0,0,0,1,1,0,,0,0,0,17,3,1,0,,0.0,40 00:27.092,,0,75 11:33.502,4,0,0,0,67301,0,0,0,N,0,0,0,2,67301,1,,1,1,,N,N,,0,,0,0,0,0,0,,1717,1,2,0,0,0,0,0,3,4,0,2,3,,N,,,,,,,,,,,
2007007161,2015.0,2,0,0,0,0,0,0,0,0,1,0,,67,11,2006,2,40.0159,-75.1539,2015.0,6,0,0,0,0,0,0,0,0,1.0,0,0,0,99,3,0,0,,1.0,40 00:57.000,2.0,0,75 09:14.295,0,0,0,0,67301,0,0,0,N,0,0,0,2,67301,0,,1,1,,N,N,,0,,0,0,0,3,2,N,9999,0,2,0,0,0,0,0,3,4,0,2,3,,N,,,,,,,,,,,
2007106464,620.0,1,0,0,0,0,0,0,0,0,2,0,,67,7,2006,3,40.0337,-75.1458,615.0,6,0,0,0,0,0,1,0,0,1.0,0,0,0,6,1,2,2,,1.0,40 02:01.000,5.0,0,75 08:45.257,2,0,0,0,67301,0,0,0,N,0,0,0,2,67301,1,,1,1,,N,N,,0,,0,1,0,3,2,Y,600,2,2,0,0,0,0,0,3,4,1,2,3,,N,,,,,,,,,,,
2007007566,855.0,3,0,0,0,0,0,0,0,0,2,0,,67,12,2006,6,40.0548,-75.1527,840.0,6,0,0,0,0,0,0,0,0,,0,0,0,8,1,2,1,,0.0,40 03:17.359,,0,75 09:09.802,4,0,0,0,67301,0,0,0,N,0,0,0,4,67301,2,,1,9,,N,N,,0,,0,0,0,2,2,,840,2,3,0,0,0,0,1,3,4,0,3,7,,N,,,,,,,,,,,
2007007725,1912.0,2,0,0,0,0,0,0,0,0,4,0,,67,11,2006,6,40.0808,-75.0286,1906.0,6,0,0,0,0,0,0,0,0,,0,0,0,19,3,2,1,,0.0,40 04:50.000,,0,75 01:42.294,8,0,0,0,67301,0,0,0,N,0,0,0,4,67301,0,,1,1,,N,N,,0,,0,0,0,3,2,,1905,2,2,0,0,0,2,0,3,4,0,2,3,,N,,,,,,,,,,,
2007007732,2055.0,2,0,0,0,0,0,0,0,0,3,0,,67,11,2006,1,40.0362,-75.0642,2053.0,6,0,0,0,1,0,1,0,0,,0,0,0,20,2,6,1,,0.0,40 02:12.000,,0,75 03:51.766,4,0,0,0,67301,0,0,0,N,0,0,0,6,67301,6,,1,9,,N,N,,0,,0,0,0,3,2,,2050,6,2,0,0,6,0,0,3,4,0,2,7,,N,,,,,,,,,,,
2007007667,2229.0,0,0,0,1,0,0,0,0,0,6,0,,67,11,2006,6,,,2229.0,6,0,0,0,0,0,1,0,0,,0,0,0,13,1,1,0,,0.0,,,0,,8,0,0,0,67301,1,0,0,,0,0,0,2,67301,0,,1,1,,,,,0,,0,0,1,0,0,,1345,1,2,0,0,0,1,0,3,3,0,1,3,,N,,,,,,,,,,,
2007033426,,1,0,0,0,0,0,0,0,0,1,0,,67,12,2006,6,39.8896,-75.2319,,6,0,0,0,0,0,1,0,0,,0,0,0,14,1,2,0,,0.0,39 53:24.000,,0,75 14:01.778,8,0,0,0,67301,0,0,0,,0,0,0,3,,0,,1,9,,,,,0,,0,0,0,0,0,,1445,2,2,0,0,0,2,1,3,4,1,2,7,,N,,,,,,,,,,,
2007033492,,0,0,0,0,0,0,0,0,0,8,0,,67,11,2006,4,40.047,-75.0671,,6,0,0,0,0,0,0,0,0,,0,0,0,17,1,1,1,,0.0,40 02:49.300,,0,75 04:01.523,3,0,0,0,67301,1,0,0,N,1,0,0,2,,0,,1,9,,N,N,,0,,1,0,0,3,3,,1700,1,2,0,0,0,0,0,3,4,0,1,7,,N,,,,,,,,,,,
2007008560,1138.0,2,0,0,0,0,0,0,0,0,4,0,,67,11,2006,4,40.0093,-75.168,1136.0,6,0,0,0,0,0,1,0,0,,0,0,0,11,1,3,0,,0.0,40 00:33.000,,0,75 10:05.292,3,0,0,0,67301,0,0,0,,0,0,0,3,67301,1,,1,1,,,,,0,,2,0,0,0,0,,1136,3,2,0,0,0,0,0,3,4,0,2,3,,N,,,,,,,,,,,
2006056423,1957.0,2,0,0,0,0,0,0,0,0,4,0,,67,3,2006,1,39.976,-75.12,1955.0,6,0,0,0,0,0,0,0,0,,0,0,0,19,3,2,1,,0.0,39 58:32.000,,0,75 07:14.729,8,0,0,0,67301,0,0,0,N,0,0,0,3,67301,0,,1,1,,N,N,,0,,0,0,0,3,2,,1952,2,2,0,0,0,2,0,3,4,0,2,3,,N,,,,,,,,,,,
2006056433,846.0,2,0,0,0,0,0,0,0,0,4,0,,67,3,2006,5,40.0404,-75.1203,843.0,6,0,0,0,0,0,0,0,0,2.0,0,0,0,8,1,2,2,,2.0,40 02:25.566,5.0,0,75 07:13.151,4,0,0,0,67301,0,0,0,N,0,0,0,3,67301,2,,1,1,,N,N,,0,,0,0,0,3,3,Y,842,2,2,0,0,0,0,0,3,4,0,2,3,,N,,,,,,,,,,,
2006056476,909.0,2,0,0,0,0,0,0,0,0,4,0,,67,4,2006,3,39.9817,-75.1813,907.0,6,0,0,0,0,0,1,0,0,,0,0,0,9,1,2,1,,0.0,39 58:54.206,,0,75 10:52.697,8,0,0,0,67301,0,0,0,N,0,0,0,3,67301,0,,1,1,,N,N,,0,,0,0,0,3,3,,900,2,2,0,0,0,2,0,3,4,0,2,3,,N,,,,,,,,,,,
2006054025,1349.0,2,0,0,0,0,0,0,0,0,1,0,,67,3,2006,5,39.9833,-75.11,1345.0,6,0,0,0,0,0,1,0,0,1.0,0,0,0,13,1,0,1,,2.0,39 59:00.006,2.0,0,75 06:35.996,0,0,0,0,67301,0,0,0,N,0,0,0,4,67301,0,,1,1,,N,Y,,0,,0,0,0,3,2,Y,1339,0,3,0,0,0,0,0,3,4,1,3,3,,N,,,,,,,,,,,
2006033758,824.0,0,0,0,0,0,0,0,0,0,6,0,,67,3,2006,4,39.9401,-75.185,821.0,6,0,0,0,0,0,0,0,0,,0,1,0,8,1,1,0,,0.0,39 56:24.374,,0,75 11:06.064,4,0,0,0,67301,0,0,0,N,0,0,0,2,67301,1,,1,1,,N,N,,0,,0,0,1,0,0,,800,1,2,0,0,0,0,0,3,4,0,2,3,,N,,,,,,,,,,,
2006036574,320.0,4,0,0,0,0,0,0,0,0,1,0,,67,1,2006,2,40.0026,-75.1429,316.0,6,0,0,1,0,0,0,0,0,,0,0,0,3,3,3,0,,0.0,40 00:09.288,,0,75 08:34.454,2,0,0,0,67301,2,0,2,N,2,0,2,6,67301,0,,1,1,,N,N,,0,,0,2,0,0,0,,311,3,6,0,0,4,1,0,3,4,0,4,3,,N,,,,,,,,,,,
2006036608,1650.0,2,0,0,0,0,0,0,0,0,4,0,,67,3,2006,7,,,1630.0,6,0,0,0,0,0,1,0,0,2.0,0,0,0,16,1,2,0,,2.0,,2.0,0,,4,0,0,0,67301,0,0,0,N,0,0,0,5,67301,2,,1,1,,N,N,,0,,0,0,0,0,0,Y,1625,2,2,0,0,0,0,0,3,3,0,2,3,,N,,,,,,,,,,,
2006034183,2010.0,2,0,0,0,0,0,0,0,0,6,0,,67,1,2006,1,40.0808,-75.0284,2005.0,6,0,0,0,0,0,0,0,0,,0,0,0,20,3,1,1,,0.0,40 04:50.000,,0,75 01:41.993,3,0,0,0,67301,0,0,0,N,0,0,0,3,67301,0,,1,9,,N,N,,0,,1,0,0,3,2,,2000,1,2,0,0,0,0,0,3,4,0,2,7,5.0,N,,,,,,,,,,,
2006034199,1414.0,3,0,0,0,0,0,0,0,0,6,0,,67,2,2006,6,,,1415.0,6,0,0,0,0,1,0,0,0,,0,0,0,14,1,4,1,,0.0,,,0,,4,0,0,0,67301,2,0,0,N,0,0,0,6,67301,1,,1,1,,N,N,,0,,0,0,0,3,2,,1410,4,3,0,0,2,3,1,3,3,0,3,3,,N,,,,,,,,,,,
2006024207,1805.0,2,0,0,0,0,0,0,0,0,2,0,,67,1,2006,6,,,1800.0,6,0,0,0,0,0,0,0,0,,0,0,0,17,3,1,0,,0.0,,,0,,4,0,0,0,67301,0,0,0,,0,0,0,2,67301,1,,6,1,,N,N,,1,,0,0,0,0,0,,1740,1,3,0,0,0,0,0,3,3,0,3,3,,N,,,,,,,,,,,
2006021916,1345.0,0,0,0,0,0,0,0,0,0,1,0,,67,1,2006,4,39.9916,-75.0988,1340.0,6,0,0,0,0,0,1,0,0,,0,0,0,13,1,1,0,,0.0,39 59:29.821,,0,75 05:55.744,4,0,0,0,67301,0,0,0,,0,0,0,2,67301,1,,1,9,,N,N,,0,,0,0,1,0,0,,1335,1,2,0,0,0,0,0,3,4,1,2,3,,N,,,,,,,,,,,
2006102812,1328.0,1,0,0,0,0,0,0,0,0,1,0,,67,8,2006,4,,,1320.0,6,0,0,0,1,0,0,0,0,,0,0,0,13,1,0,0,,0.0,,,0,,0,0,0,0,67301,0,0,0,N,0,0,0,2,67301,0,,1,1,,N,N,,1,,0,0,0,0,0,,1303,0,2,0,0,0,0,0,3,3,0,2,3,,N,,,,,,,,,,,
2006036141,1350.0,1,0,0,0,0,0,0,0,0,4,0,,67,2,2006,3,40.057,-75.0343,1345.0,6,0,0,0,0,0,1,0,1,,0,0,0,13,1,1,1,,0.0,40 03:25.000,,0,75 02:03.388,8,0,0,0,67301,0,0,0,N,0,0,0,2,67301,0,,1,1,,N,N,,0,,0,0,0,3,2,,1335,1,2,0,0,0,1,0,3,4,1,2,3,,N,,,,,,,,,,,
2006032583,9999.0,2,0,0,0,0,0,0,0,0,4,0,,67,3,2006,5,40.0134,-75.1841,1645.0,6,0,0,0,0,0,0,0,0,,0,0,0,16,1,1,2,,0.0,40 00:48.000,,0,75 11:03.096,4,0,0,0,67301,0,0,0,,0,0,0,2,67301,1,,1,1,,,,,0,,0,0,0,0,0,,1645,1,2,0,0,0,0,0,3,4,0,2,3,,N,,,,,,,,,,,
2006037804,2012.0,1,0,0,0,0,0,0,0,0,7,0,,67,2,2006,2,40.0316,-75.0215,2004.0,6,0,0,1,0,0,0,0,0,1.0,0,0,0,20,3,0,0,,1.0,40 01:51.000,2.0,1,75 01:18.324,0,0,0,0,67301,0,0,0,N,0,0,0,5,67301,0,,2,2,,N,N,,0,,0,0,0,0,0,N,2000,0,1,0,0,0,0,0,3,4,0,1,98,,N,,,,,,,,,,,
2006081724,920.0,1,0,0,0,0,0,0,0,0,1,0,,67,5,2006,3,,,917.0,6,0,0,0,0,0,0,0,0,,0,0,0,9,1,4,0,,0.0,,,0,,4,0,0,0,67301,0,0,0,N,0,0,0,9,67301,1,,1,1,,N,N,,1,,0,0,0,3,2,,915,4,3,0,0,2,3,1,3,3,1,3,3,,N,,,,,,,,,,,
2006082068,1210.0,2,0,0,0,0,0,0,0,0,1,0,,67,7,2006,5,39.9569,-75.1538,1203.0,6,0,0,0,0,0,1,0,0,,0,0,0,12,1,2,1,,0.0,39 57:24.000,,2,75 09:13.541,8,0,0,0,67301,0,0,0,N,0,0,0,3,67301,0,,1,1,,N,N,,0,,0,0,1,3,2,,1200,2,3,0,0,0,2,0,3,4,0,3,3,,N,,,,,,,,,,,
2006079754,1145.0,0,0,0,0,0,0,0,0,0,5,0,,67,6,2006,2,,,1139.0,6,0,0,0,0,0,1,0,0,,0,0,0,11,1,5,1,,0.0,,,0,,4,0,0,0,67301,0,0,0,N,0,0,0,11,67301,5,,1,1,,Y,N,,1,,0,0,1,3,2,,1128,5,2,0,0,9,0,1,3,3,0,2,3,,N,,,,,,,,,,,
2006079812,1721.0,1,0,0,0,0,0,0,0,0,7,0,,67,7,2006,2,40.1073,-74.9974,1719.0,6,0,0,0,0,0,0,0,0,,0,0,0,17,1,1,6,,0.0,40 06:26.000,,2,74 59:50.195,8,0,0,0,67301,0,0,0,N,0,0,0,1,67301,0,,3,1,,N,N,,0,,0,0,0,3,4,,1719,1,1,0,0,0,1,0,3,4,0,1,3,,N,,,,,,,,,,,
2006082524,1029.0,2,0,0,0,0,0,0,0,0,1,0,,67,6,2006,7,40.0101,-75.1214,1025.0,6,0,0,0,0,0,0,0,0,,0,0,0,20,1,1,1,,0.0,40 00:36.000,,0,75 07:17.271,3,0,0,0,67301,0,0,0,,0,0,0,3,67301,0,,1,9,,N,N,,0,,1,0,0,3,2,,2023,1,2,0,0,0,0,0,3,4,0,2,7,,N,,,,,,,,,,,
2006018661,1650.0,2,0,0,0,0,0,0,0,0,1,0,,67,1,2006,1,40.0946,-75.0152,1642.0,6,1,0,0,0,0,0,0,1,,0,0,0,99,1,1,1,,0.0,40 05:41.000,,0,75 00:55.041,4,0,0,0,67301,0,0,0,N,0,0,0,2,67301,1,,1,1,,N,N,,0,,0,0,0,9,2,,9999,1,2,0,0,0,0,0,3,4,0,2,3,,N,,,,,,,,,,,
2007023200,1653.0,3,0,0,0,0,0,0,0,0,1,0,,67,12,2006,1,39.9996,-75.1386,1650.0,6,0,0,0,1,0,1,0,0,2.0,0,0,0,16,1,1,0,,1.0,39 59:58.500,1.0,0,75 08:18.900,4,0,0,0,67301,0,0,0,N,0,0,0,6,67301,1,,1,1,,N,N,,0,,0,0,0,3,2,N,1621,1,3,0,0,0,0,0,3,4,0,3,3,,N,,,,,,,,,,,
2007023211,1054.0,1,0,0,0,0,0,0,0,0,4,0,,67,12,2006,4,40.124,-75.0152,1042.0,6,0,0,0,0,0,0,0,0,1.0,0,0,0,10,1,0,0,,1.0,40 07:26.000,1.0,0,75 00:54.553,0,0,0,0,67301,0,0,0,N,0,0,0,2,67301,0,,1,1,,N,N,,0,,0,0,0,0,0,N,1040,0,2,0,0,0,0,0,3,4,1,2,3,,N,,,,,,,,,,,
2007055080,1635.0,2,0,0,0,0,0,0,0,0,5,0,,67,12,2006,6,40.0301,-75.1043,1629.0,6,0,0,0,0,0,0,1,0,,0,0,0,16,1,2,0,,0.0,40 01:47.000,,0,75 06:15.196,8,0,0,0,67301,0,0,0,N,0,0,0,3,67301,0,,1,1,,N,N,,0,,0,0,0,0,0,,1607,2,2,0,0,2,2,0,3,4,0,2,3,,N,,,,,,,,,,,
2007010954,2010.0,2,0,0,0,0,0,0,0,0,4,0,,67,12,2006,4,40.0369,-75.1452,1950.0,6,0,0,0,0,1,0,0,0,,0,0,0,19,3,1,2,,0.0,40 02:13.000,,0,75 08:42.847,4,0,0,0,67301,0,0,0,N,0,0,0,5,67301,1,,1,1,,N,N,,0,,0,0,0,3,2,,1930,1,2,0,0,0,0,1,3,4,0,2,3,,N,,,,,,,,,,,
2007008472,2040.0,1,0,0,0,0,0,0,0,0,1,0,,67,11,2006,4,40.0293,-75.1051,2032.0,6,0,0,0,0,0,0,0,0,,0,0,0,20,3,2,3,,0.0,40 01:45.000,,0,75 06:19.257,4,0,0,0,67301,0,0,0,N,0,0,0,2,67301,2,,1,9,,N,N,,0,,0,0,1,3,2,,2030,2,2,0,0,0,0,0,3,4,0,2,3,,N,,,,,,,,,,,
2007008476,848.0,0,0,0,0,0,0,0,0,0,4,0,,67,12,2006,7,40.0565,-75.0807,845.0,6,0,0,0,0,0,0,0,0,,0,0,0,8,1,1,1,,0.0,40 03:23.300,,0,75 04:50.400,4,0,0,0,67301,0,0,0,,0,0,0,3,67301,1,,1,1,,N,N,,0,,0,0,1,3,3,,845,1,2,0,0,0,0,0,3,4,1,2,3,,N,,,,,,,,,,,
2007008483,1258.0,2,0,0,0,0,0,0,0,0,1,0,,67,11,2006,4,40.0334,-75.0435,1255.0,6,0,0,0,0,0,1,0,1,,0,0,0,12,1,1,1,,0.0,40 02:00.000,,0,75 02:36.510,4,0,0,0,67301,0,0,0,,0,0,0,3,67301,1,,1,1,,,,,0,,0,0,0,3,3,,1245,1,2,0,0,3,0,0,3,4,0,2,3,,N,,,,,,,,,,,
2007011184,1409.0,1,0,0,0,0,0,0,0,0,4,0,,67,11,2006,4,40.0333,-75.0801,1408.0,6,0,0,0,0,0,0,0,1,,0,0,0,13,1,1,2,,0.0,40 01:59.916,,0,75 04:48.230,4,0,0,0,67301,0,0,0,,0,0,0,2,67301,1,,1,9,,N,N,,0,,0,0,1,3,2,,1330,1,2,0,0,0,0,0,3,4,0,2,7,,N,,,,,,,,,,,
2007021529,1235.0,3,0,0,0,0,0,0,0,0,1,0,,67,12,2006,5,39.9451,-75.1908,1229.0,6,0,0,0,0,0,0,0,0,1.0,0,0,0,12,1,3,6,,1.0,39 56:42.360,4.0,2,75 11:26.880,3,0,0,0,67301,0,0,0,,0,0,0,6,67301,2,,7,1,,N,,,0,,1,0,0,0,0,Y,1229,3,3,0,0,0,0,0,3,4,0,3,3,,N,,,,,,,,,,,
2007010424,1701.0,2,0,0,0,0,0,0,0,0,4,0,,67,12,2006,2,40.0413,-75.158,1654.0,6,0,0,0,0,0,1,0,0,,0,0,0,16,3,1,3,,0.0,40 02:28.000,,0,75 09:28.498,8,0,0,0,67301,0,0,0,N,0,0,0,3,67301,0,,1,1,,N,N,,0,,0,0,0,3,3,,1645,1,2,0,0,0,1,0,3,4,0,2,3,,N,,,,,,,,,,,
2007007087,655.0,0,0,0,0,0,0,0,0,0,7,0,,67,11,2006,6,39.9721,-75.1934,645.0,6,0,0,0,0,0,0,1,0,2.0,0,0,0,6,1,1,0,,1.0,39 58:24.000,4.0,0,75 11:37.666,3,0,0,0,67301,0,0,0,N,0,0,0,1,67301,0,,2,9,,N,N,,0,,1,0,0,0,0,N,645,1,1,0,0,0,0,0,3,4,1,1,3,,N,,,,,,,,,,,
2007007157,1310.0,2,0,0,0,0,0,0,0,0,4,0,,67,11,2006,3,40.006,-75.1766,1305.0,6,0,0,0,0,0,0,0,2,,0,0,0,13,1,1,2,,0.0,40 00:22.000,,7,75 10:36.310,4,0,0,0,67301,0,0,0,,0,0,0,2,67301,1,,1,1,,N,N,,0,,0,0,0,9,2,,1300,1,2,0,0,0,0,0,3,4,0,2,3,,N,,,,,,,,,,,
2007009796,650.0,1,0,0,0,0,0,0,0,0,1,0,,67,12,2006,3,,,638.0,6,0,0,0,0,0,1,0,0,1.0,0,0,0,6,1,0,0,,1.0,,1.0,0,,0,0,0,0,67301,0,0,0,N,0,0,0,2,67301,0,,1,1,,N,N,,1,,0,0,0,0,0,Y,635,0,2,0,0,0,0,0,3,3,0,2,3,,N,,,,,,,,,,,
2007009841,2114.0,1,0,0,0,0,0,0,0,0,1,0,,67,11,2006,4,39.9557,-75.1662,2103.0,6,0,0,0,0,0,0,0,0,,0,0,0,21,3,1,1,,0.0,39 57:20.000,,0,75 09:58.080,8,0,0,0,67301,0,0,0,N,0,0,0,2,67301,0,,1,9,,N,N,,0,,0,0,1,3,2,,2103,1,2,0,0,0,1,0,3,4,0,2,7,,N,,,,,,,,,,,
2007007572,2205.0,1,0,0,0,0,0,0,0,0,7,0,,67,12,2006,3,39.9458,-75.1797,2159.0,6,0,0,0,0,0,0,0,0,,0,0,0,21,3,0,0,,0.0,39 56:44.700,,0,75 10:46.800,0,0,0,0,67301,0,0,0,N,0,0,0,1,67301,0,,4,1,,N,N,,0,,0,0,0,0,0,,2155,0,1,0,0,0,0,0,3,4,0,1,3,,N,,,,,,,,,,,
2007007763,1402.0,1,0,0,0,0,0,0,0,0,8,0,,67,12,2006,6,39.9239,-75.23,1357.0,6,0,0,0,0,0,0,0,0,,0,0,0,13,1,1,2,,0.0,39 55:25.978,,0,75 13:48.165,8,0,0,0,67301,1,0,0,N,1,0,0,5,67301,0,,1,1,,N,N,,0,,0,0,0,0,0,,1350,1,2,0,0,1,1,0,3,4,0,1,3,,N,,,,,,,,,,,
2007023242,300.0,2,0,0,0,0,0,0,0,0,1,0,,67,12,2006,1,39.9951,-75.1593,300.0,6,0,0,0,0,0,0,1,0,,0,0,0,3,3,1,0,,0.0,39 59:42.180,,0,75 09:33.620,8,0,0,0,67301,0,0,0,,0,0,0,2,67301,0,,1,1,,N,N,,0,,0,0,0,0,0,,300,1,2,0,0,0,1,0,3,4,0,2,3,,N,,,,,,,,,,,