CRN,ARRIVAL_TM,AUTOMOBILE_COUNT,BELTED_DEATH_COUNT,BELTED_SUSP_SERIOUS_INJ_COUNT,BICYCLE_COUNT,BICYCLE_DEATH_COUNT,BICYCLE_SUSP_SERIOUS_INJ_COUNT,BUS_COUNT,CHLDPAS_DEATH_COUNT,CHLDPAS_SUSP_SERIOUS_INJ_COUNT,COLLISION_TYPE,COMM_VEH_COUNT,CONS_ZONE_SPD_LIM,COUNTY,CRASH_MONTH,CRASH_YEAR,DAY_OF_WEEK,DEC_LAT,DEC_LONG,DISPATCH_TM,DISTRICT,DRIVER_COUNT_16YR,DRIVER_COUNT_17YR,DRIVER_COUNT_18YR,DRIVER_COUNT_19YR,DRIVER_COUNT_20YR,DRIVER_COUNT_50_64YR,DRIVER_COUNT_65_74YR,DRIVER_COUNT_75PLUS,EST_HRS_CLOSED,FATAL_COUNT,HEAVY_TRUCK_COUNT,HORSE_BUGGY_COUNT,HOUR_OF_DAY,ILLUMINATION,INJURY_COUNT,INTERSECT_TYPE,INTERSECTION_RELATED,LANE_CLOSED,LATITUDE,LN_CLOSE_DIR,LOCATION_TYPE,LONGITUDE,MAX_SEVERITY_LEVEL,MCYCLE_DEATH_COUNT,MCYCLE_SUSP_SERIOUS_INJ_COUNT,MOTORCYCLE_COUNT,MUNICIPALITY,NONMOTR_COUNT,NONMOTR_DEATH_COUNT,NONMOTR_SUSP_SERIOUS_INJ_COUNT,NTFY_HIWY_MAINT,PED_COUNT,PED_DEATH_COUNT,PED_SUSP_SERIOUS_INJ_COUNT,PERSON_COUNT,POLICE_AGCY,POSSIBLE_INJ_COUNT,RDWY_SURF_TYPE_CD,RELATION_TO_ROAD,ROAD_CONDITION,ROADWAY_CLEARED,SCH_BUS_IND,SCH_ZONE_IND,SECONDARY_CRASH,SMALL_TRUCK_COUNT,SPEC_JURIS_CD,SUSP_MINOR_INJ_COUNT,SUSP_SERIOUS_INJ_COUNT,SUV_COUNT,TCD_FUNC_CD,TCD_TYPE,TFC_DETOUR_IND,TIME_OF_DAY,TOT_INJ_COUNT,TOTAL_UNITS,UNB_DEATH_COUNT,UNB_SUSP_SERIOUS_INJ_COUNT,UNBELTED_OCC_COUNT,UNK_INJ_DEG_COUNT,UNK_INJ_PER_COUNT,URBAN_AREA,URBAN_RURAL,VAN_COUNT,VEHICLE_COUNT,WEATHER1,WEATHER2,WORK_ZONE_IND,WORK_ZONE_LOC,WORK_ZONE_TYPE,WORKERS_PRES,WZ_CLOSE_DETOUR,WZ_FLAGGER,WZ_LAW_OFFCR_IND,WZ_LN_CLOSURE,WZ_MOVING,WZ_OTHER,WZ_SHLDER_MDN,WZ_WORKERS_INJ_KILLED
2007033393,,2,0,0,0,0,0,0,0,0,1,0,,67,1,2006,5,39.9892,-75.1543,,6,0,0,0,0,0,0,1,0,,0,0,0,16,1,1,1,,0.0,39 59:21.224,,0,75 09:15.519,8,0,0,0,67301,0,0,0,N,0,0,0,2,,0,,1,1,,N,N,,0,,0,0,0,3,2,,1645,1,2,0,0,0,1,0,3,4,0,2,3,,N,,,,,,,,,,,
2007032679,,1,0,0,0,0,0,0,0,0,1,0,,67,11,2006,5,40.057,-75.0884,,6,0,0,0,0,0,0,0,0,,0,0,0,8,1,1,1,,0.0,40 03:25.064,,0,75 05:18.129,8,0,0,0,67301,0,0,0,N,0,0,0,2,,0,,1,1,,N,N,,0,,0,0,0,0,0,,830,1,2,0,0,0,1,0,3,4,0,2,3,,N,,,,,,,,,,,
2007007122,2215.0,1,0,0,0,0,0,0,0,0,4,0,,67,12,2006,2,40.0636,-75.0627,2204.0,6,0,0,0,0,0,0,0,0,,0,0,0,21,3,1,1,,0.0,40 03:48.934,,0,75 03:45.766,4,0,0,0,67301,0,0,0,,0,0,0,2,67301,1,,1,1,,,,,0,,0,0,0,2,3,,2155,1,2,0,0,0,0,1,3,4,0,2,3,,N,,,,,,,,,,,
2007022704,1524.0,1,0,0,0,0,0,0,0,0,4,0,,67,10,2006,3,39.9626,-75.2468,1529.0,6,0,0,0,0,0,0,0,0,,0,0,0,15,1,0,0,,0.0,39 57:45.000,,0,75 14:48.589,0,0,0,0,67301,0,0,0,N,0,0,0,2,67301,0,,6,9,,N,N,,1,,0,0,0,0,0,,1522,0,2,0,0,0,0,0,3,4,0,2,7,,N,,,,,,,,,,,
2007022714,1010.0,1,0,0,0,0,0,0,0,0,8,0,,67,11,2006,1,,,1005.0,6,0,0,0,0,0,0,1,0,,0,0,0,10,1,1,0,,0.0,,,0,,3,0,0,0,67301,1,0,0,N,1,0,0,2,67301,0,,1,1,,N,N,,0,,1,0,0,3,7,,1005,1,2,0,0,1,0,0,3,3,0,1,3,,N,,,,,,,,,,,
2006056425,50.0,3,0,0,0,0,0,0,0,0,6,0,,67,3,2006,7,39.9657,-75.132,47.0,6,0,0,0,0,0,0,0,0,,0,0,0,99,3,0,0,,0.0,39 57:56.000,,0,75 07:56.345,0,0,0,0,67301,0,0,0,N,0,0,0,2,67301,0,,6,1,,N,N,,0,,0,0,0,0,0,,9999,0,3,0,0,0,0,0,3,4,0,3,3,,N,,,,,,,,,,,
2006056431,841.0,0,0,0,0,0,0,0,0,0,8,0,,67,2,2006,3,40.0341,-75.124,9999.0,6,0,0,0,0,0,0,0,0,,0,0,0,8,1,1,2,,0.0,40 02:02.731,,0,75 07:26.425,3,0,0,0,67301,1,0,0,N,1,0,0,2,67301,0,,1,1,,N,N,,0,,1,0,1,3,3,,850,1,2,0,0,0,0,0,3,4,0,1,3,,N,,,,,,,,,,,
2006033797,40.0,1,0,0,0,0,0,0,0,0,4,0,,67,1,2006,2,40.0984,-75.0471,27.0,6,0,0,0,0,0,1,0,0,,0,0,0,0,3,0,1,,0.0,40 05:53.000,,0,75 02:49.561,0,0,0,0,67301,0,0,0,N,0,0,0,2,67301,0,,1,9,,N,N,,0,,0,0,0,3,2,,10,0,2,0,0,0,0,0,3,4,1,2,5,,N,,,,,,,,,,,
2006036620,1953.0,1,0,0,0,0,0,0,0,0,4,0,,67,2,2006,6,39.9751,-75.188,1950.0,6,0,0,0,0,0,0,0,0,,0,0,0,19,3,1,1,,0.0,39 58:30.000,,0,75 11:16.346,4,0,0,1,67301,0,0,0,N,0,0,0,2,67301,1,,1,1,,N,N,,0,,0,0,0,3,2,,1945,1,2,0,0,0,0,0,3,4,0,2,3,,N,,,,,,,,,,,
2006036625,920.0,1,0,0,0,0,0,0,0,0,7,0,,67,2,2006,1,40.0051,-75.1964,918.0,6,0,0,0,0,0,1,0,0,,0,0,0,9,1,0,0,,0.0,40 00:16.920,,2,75 11:45.240,0,0,0,0,67301,0,0,0,N,0,0,0,4,67301,0,,9,1,,N,N,,0,,0,0,0,0,0,,916,0,1,0,0,0,0,0,3,4,0,1,3,,N,,,,,,,,,,,
2006036655,1425.0,2,0,0,0,0,0,0,0,0,4,0,,67,2,2006,3,40.042,-75.1846,1414.0,6,0,0,0,0,0,1,0,0,,0,0,0,13,1,1,1,,0.0,40 02:31.257,,0,75 11:04.606,4,0,0,0,67301,0,0,0,N,0,0,0,2,67301,1,,1,1,,N,N,,0,,0,0,0,3,2,,1357,1,2,0,0,0,0,0,3,4,0,2,3,,N,,,,,,,,,,,
2006024165,1400.0,2,0,0,0,0,0,0,0,0,4,0,,67,1,2006,3,40.001,-75.148,1400.0,6,0,0,0,0,0,0,0,0,,0,0,0,13,1,3,1,,0.0,40 00:03.000,,0,75 08:53.711,4,0,0,0,67301,0,0,0,N,0,0,0,3,67301,2,,1,1,,N,N,,0,,0,0,0,3,2,,1345,3,2,0,0,0,1,0,3,4,0,2,3,,N,,,,,,,,,,,
2006024229,1235.0,2,0,0,0,0,0,0,0,0,2,0,,67,1,2006,4,40.0764,-75.195,1233.0,6,0,0,0,0,0,1,0,1,,0,0,0,12,1,5,1,,0.0,40 04:35.000,,0,75 11:41.885,3,0,0,0,67301,0,0,0,N,0,0,0,5,67301,3,,1,1,,N,N,,0,,2,0,0,3,2,,1230,5,2,0,0,0,0,0,3,4,0,2,3,,N,,,,,,,,,,,
2006103122,230.0,2,0,0,0,0,0,0,0,0,1,0,,67,8,2006,7,,,230.0,6,0,0,0,0,0,0,0,0,2.0,0,0,0,2,3,2,0,,2.0,,1.0,0,,4,0,0,0,67301,1,0,0,N,0,0,0,4,67301,1,,1,9,,N,N,,0,,0,0,0,3,7,Y,230,2,2,0,0,1,1,0,3,3,0,2,7,,N,,,,,,,,,,,
2006103197,651.0,1,0,0,0,0,0,0,0,0,2,0,,67,9,2006,6,40.027,-75.2276,648.0,6,0,0,0,0,0,0,0,0,,0,0,0,6,1,1,0,,0.0,40 01:37.354,,0,75 13:39.223,4,0,0,0,67301,0,0,0,N,0,0,0,2,67301,1,,1,9,,N,N,,1,,0,0,0,3,2,,640,1,2,0,0,0,0,0,3,4,0,2,7,,N,,,,,,,,,,,
2006103237,9999.0,0,0,0,0,0,0,0,0,0,4,0,,67,9,2006,4,39.9454,-75.164,9999.0,6,0,0,0,0,0,1,0,0,,0,0,0,99,1,1,1,,0.0,39 56:43.479,,0,75 09:50.266,4,0,0,0,67301,0,0,0,,0,0,0,4,67301,1,,1,1,,,,,0,,0,0,2,3,3,,9999,1,2,0,0,0,0,0,3,4,0,2,3,,N,,,,,,,,,,,
2006102784,1600.0,2,0,0,0,0,0,0,0,0,1,0,,67,9,2006,2,39.9771,-75.2265,1555.0,6,0,0,0,1,0,0,0,0,,0,0,0,15,1,1,0,,0.0,39 58:37.000,,0,75 13:35.708,4,0,0,0,67301,0,0,0,,0,0,0,3,67301,1,,1,1,,N,N,,0,,0,0,1,0,0,,1550,1,3,0,0,0,0,0,3,4,0,3,3,,N,,,,,,,,,,,
2006102798,15.0,4,0,0,0,0,0,0,0,0,1,0,,67,9,2006,6,39.9266,-75.1947,9.0,6,0,0,0,0,0,1,0,0,1.0,0,0,0,0,3,2,10,,2.0,39 55:37.000,4.0,0,75 11:42.292,8,0,0,0,67301,0,0,0,N,0,0,0,5,67301,0,,1,1,,N,N,,0,,0,0,0,0,0,N,7,2,4,0,0,0,2,0,3,4,0,4,3,,N,,,,,,,,,,,
2006102801,154.0,1,0,0,0,0,0,0,0,0,7,0,,67,9,2006,6,,,145.0,6,0,0,0,0,0,0,0,0,1.0,0,0,0,1,3,0,0,,1.0,,2.0,0,,9,0,0,0,67301,0,0,0,Y,0,0,0,1,67301,0,,2,9,,N,N,,0,,0,0,0,0,0,N,143,0,1,0,0,0,0,1,3,3,0,1,7,,N,,,,,,,,,,,
2006102819,922.0,2,0,0,0,0,0,0,0,0,5,0,,67,8,2006,5,,,922.0,6,0,0,1,0,0,0,0,0,,0,0,0,9,1,2,2,,0.0,,,0,,8,0,0,0,67301,0,0,0,N,0,0,0,3,67301,0,,1,1,,N,N,,0,,0,0,0,3,2,,921,2,3,0,0,0,2,0,3,3,1,3,3,,N,,,,,,,,,,,
2006035953,1410.0,2,0,0,0,0,0,0,0,0,4,0,,67,2,2006,1,40.0325,-75.1242,1402.0,6,0,0,0,0,0,0,0,0,,0,0,0,13,1,3,1,,0.0,40 01:57.154,,0,75 07:27.076,4,0,0,0,67301,0,0,0,N,0,0,0,5,67301,2,,1,9,,N,N,,0,,0,0,0,3,2,,1357,3,2,0,0,0,1,0,3,4,0,2,3,,N,,,,,,,,,,,
2006033664,1440.0,1,0,0,0,0,0,0,0,0,7,0,,67,2,2006,7,40.0634,-75.0041,1436.0,6,0,0,0,0,0,0,0,0,,0,0,0,14,1,1,2,,0.0,40 03:48.276,,0,75 00:14.597,4,0,0,0,67301,0,0,0,N,0,0,0,1,67301,1,,5,1,,N,N,,0,,0,0,0,0,0,,1430,1,1,0,0,0,0,0,3,4,0,1,3,,N,,,,,,,,,,,
2006036128,1132.0,3,0,0,0,0,0,0,0,0,2,0,,67,1,2006,4,40.0166,-75.1339,1132.0,6,0,0,0,0,0,0,0,0,,0,0,0,11,1,1,0,,0.0,40 00:59.670,,0,75 08:02.011,8,0,0,0,67301,0,0,0,,0,0,0,2,67301,0,,1,1,,N,N,,0,,0,0,0,0,0,,1134,1,3,0,0,0,1,0,3,4,0,3,3,,N,,,,,,,,,,,
2006037671,309.0,1,0,0,0,0,0,0,0,0,7,0,,67,2,2006,1,40.0467,-75.0525,304.0,6,0,0,0,0,0,0,0,0,1.0,0,0,0,3,3,0,0,,2.0,40 02:47.000,2.0,0,75 03:09.103,0,0,0,0,67301,0,0,0,,0,0,0,1,67301,0,,5,9,,N,N,,0,,0,0,0,0,0,Y,302,0,1,0,0,0,0,0,3,4,0,1,98,,N,,,,,,,,,,,
2006079296,1827.0,2,0,0,0,0,0,0,0,0,1,0,,67,6,2006,4,,,1825.0,6,0,0,0,0,0,0,0,0,,0,0,0,17,1,1,1,,0.0,,,0,,8,0,0,0,67301,0,0,0,N,0,0,0,3,67301,0,,1,1,,N,N,,0,,0,0,0,3,2,,1751,1,2,0,0,0,1,0,3,3,0,2,3,,N,,,,,,,,,,,
2006081736,1123.0,1,0,0,0,0,0,0,0,0,2,0,,67,6,2006,2,39.9211,-75.1938,1111.0,6,0,0,0,0,0,1,0,0,,0,0,0,99,1,0,1,,0.0,39 55:16.000,,0,75 11:37.735,0,0,0,0,67301,0,0,0,N,0,0,0,2,67301,0,,1,1,,N,N,,1,,0,0,0,3,2,,9999,0,2,0,0,0,0,0,3,4,0,2,3,,N,,,,,,,,,,,
2006081739,740.0,1,0,0,0,0,0,0,0,0,4,0,,67,6,2006,5,40.0594,-75.0859,730.0,6,0,0,0,0,0,0,0,0,,0,0,0,7,1,0,1,,0.0,40 03:33.000,,0,75 05:09.201,0,0,0,0,67301,0,0,0,N,0,0,0,2,67301,0,,1,1,,N,N,,1,,0,0,0,3,2,,727,0,2,0,0,0,0,0,3,4,0,2,3,,N,,,,,,,,,,,
2006081754,1410.0,0,0,0,0,0,0,0,0,0,4,0,,67,6,2006,5,39.9409,-75.2126,1400.0,6,0,0,0,0,0,0,0,0,,0,0,0,14,1,1,1,,0.0,39 56:27.000,,0,75 12:45.074,4,0,0,0,67301,0,0,0,,0,0,0,3,67301,1,,1,1,,N,N,,0,,0,0,0,9,2,,1400,1,2,0,0,0,0,0,3,4,2,2,3,,N,,,,,,,,,,,
2006081756,1330.0,3,0,0,0,0,0,0,0,0,1,0,,67,7,2006,4,,,1325.0,6,0,0,0,0,0,0,0,0,,0,0,0,13,1,0,1,,0.0,,,0,,9,0,0,0,67301,2,0,0,N,0,0,0,3,67301,0,,1,1,,N,N,,0,,0,0,0,3,3,,1320,0,3,0,0,0,0,1,3,3,0,3,3,,N,,,,,,,,,,,
2006079222,1334.0,2,0,0,0,0,0,0,0,0,5,0,,67,6,2006,1,39.9558,-75.1915,1329.0,6,0,0,0,0,0,0,0,0,,0,0,0,13,1,2,1,,0.0,39 57:21.000,,0,75 11:29.226,2,0,0,0,67301,0,0,0,N,0,0,0,2,67301,0,,1,9,,N,N,,0,,0,2,0,0,0,,1324,2,2,0,1,1,0,0,3,4,0,2,7,,N,,,,,,,,,,,
2006082130,1429.0,0,0,0,0,0,0,0,0,0,8,0,,67,6,2006,1,,,1425.0,6,0,0,0,0,0,0,0,0,,0,0,0,14,1,1,1,,0.0,,,0,,4,0,0,0,67301,1,0,0,N,1,0,0,2,67301,1,,1,1,,N,N,,0,,0,0,1,3,3,,1420,1,2,0,0,0,0,0,3,3,0,1,3,,N,,,,,,,,,,,
2006079813,20.0,0,0,0,0,0,0,0,0,0,4,0,,67,5,2006,2,40.0147,-75.1567,17.0,6,0,0,0,1,0,0,0,0,,0,0,0,0,3,2,1,,0.0,40 00:52.752,,0,75 09:24.063,3,0,0,0,67301,0,0,0,N,0,0,0,5,67301,0,,1,9,,N,N,,0,,2,0,2,3,3,,18,2,2,0,0,1,0,0,3,4,0,2,3,,N,,,,,,,,,,,
2006023729,2100.0,2,0,0,0,0,0,0,0,0,3,0,,67,1,2006,5,39.9233,-75.1808,2050.0,6,0,1,0,0,0,0,1,0,,0,0,0,20,3,1,5,,0.0,39 55:24.000,,0,75 10:50.732,3,0,0,0,67301,0,0,0,,0,0,0,2,67301,0,,1,1,,N,N,,0,,1,0,0,3,2,,2000,1,2,0,0,0,0,0,3,4,0,2,3,,N,,,,,,,,,,,
2007006849,2321.0,1,0,0,0,0,0,0,0,0,7,0,,67,11,2006,5,39.9736,-75.2099,2320.0,6,0,0,0,0,0,0,0,0,,0,0,0,23,3,1,2,,0.0,39 58:24.000,,0,75 12:34.771,4,0,0,0,67301,0,0,0,N,0,0,0,2,67301,1,,4,1,,N,N,,0,,0,0,0,0,0,,2320,1,1,0,0,1,0,0,3,4,0,1,3,,N,,,,,,,,,,,
2007009080,45.0,1,0,0,0,0,0,0,0,0,7,0,,67,12,2006,1,39.9022,-75.1514,42.0,6,0,0,0,0,0,0,0,0,1.0,0,0,0,0,2,0,0,,2.0,39 54:07.920,2.0,0,75 09:05.040,0,0,0,0,67301,0,0,0,N,0,0,0,1,67301,0,,4,1,,N,N,,0,,0,0,0,0,0,N,42,0,1,0,0,0,0,0,3,4,0,1,3,,N,,,,,,,,,,,
2007030311,1248.0,1,0,0,0,0,0,0,0,0,8,0,,67,12,2006,6,39.9888,-75.1201,1240.0,6,0,0,0,0,0,0,0,0,,0,0,0,12,1,1,0,,0.0,39 59:19.000,,0,75 07:12.505,4,0,0,0,67301,1,0,0,N,1,0,0,2,67301,1,,1,1,,N,Y,,0,,0,0,0,3,2,,1205,1,2,0,0,0,0,0,3,4,0,1,3,,N,,,,,,,,,,,
2007025426,2210.0,1,0,0,0,0,0,0,0,0,8,0,,67,10,2006,2,40.0568,-75.0463,2201.0,6,0,0,0,0,0,0,0,0,3.0,1,0,0,22,3,0,0,,1.0,40 03:24.000,1.0,0,75 02:46.820,1,0,0,0,67301,1,1,0,N,1,1,0,2,67301,0,2.0,1,1,,N,N,,0,0.0,0,0,0,0,0,Y,2201,0,2,0,0,0,0,0,3,4,0,1,3,,N,,,,,,,,,,,
2007023135,1322.0,0,0,0,0,0,0,0,0,0,7,0,,67,12,2006,7,39.8818,-75.2405,1320.0,6,0,0,0,0,0,0,0,0,,0,0,0,13,1,1,0,,0.0,39 52:54.350,,0,75 14:25.760,8,0,0,0,67301,0,0,0,N,0,0,0,2,67301,0,,2,1,,N,N,,0,,0,0,1,0,0,,1320,1,1,0,0,0,1,0,3,4,0,1,3,,N,,,,,,,,,,,
2007023146,1245.0,2,0,0,0,0,0,0,0,0,2,0,,67,12,2006,6,,,9999.0,6,0,0,0,0,0,0,0,0,,0,0,0,12,1,1,0,,0.0,,,0,,3,0,0,0,67301,0,0,0,N,0,0,0,2,67301,0,,1,9,,N,N,,0,,1,0,0,0,0,,1240,1,2,0,0,0,0,0,3,3,0,2,3,,N,,,,,,,,,,,
2007015474,2350.0,2,0,0,0,0,0,0,0,0,1,0,,67,11,2006,4,40.0133,-75.1801,2233.0,6,0,0,0,0,0,0,0,0,,0,0,0,22,3,1,0,,0.0,40 00:48.010,,0,75 10:48.522,4,0,0,0,67301,0,0,0,N,0,0,0,3,68K02,1,,1,9,,N,N,,0,,0,0,0,2,3,,2233,1,2,0,0,0,0,0,3,4,0,2,7,,N,,,,,,,,,,,
2007020850,1313.0,1,0,0,0,0,0,0,0,0,8,0,,67,12,2006,1,39.9361,-75.1611,1312.0,6,0,0,0,0,0,0,0,0,,0,0,0,13,1,1,0,,0.0,39 56:09.996,,0,75 09:39.938,4,0,0,0,67301,1,0,0,,1,0,0,2,67301,1,,1,1,,,,,0,,0,0,0,3,3,,1307,1,2,0,0,0,0,0,3,4,0,1,3,,N,,,,,,,,,,,
2007032573,,2,0,0,0,0,0,0,0,0,1,0,,67,11,2006,2,39.9568,-75.2238,,6,0,0,0,0,0,1,0,0,,0,0,0,18,6,0,0,,0.0,39 57:24.000,,0,75 13:25.631,0,0,0,0,67301,0,0,0,N,0,0,0,4,,0,,1,9,,N,N,,0,,0,0,1,0,0,,1835,0,3,0,0,0,0,0,3,4,0,3,7,,N,,,,,,,,,,,
2007034503,,1,0,0,0,0,0,0,0,0,1,0,,67,9,2006,4,40.0569,-75.046,,6,0,0,0,0,0,1,0,0,9.0,0,0,0,6,1,1,0,,1.0,40 03:24.000,1.0,0,75 02:45.687,3,0,0,0,67301,0,0,0,N,0,0,0,2,,0,,1,1,,N,N,,0,,1,0,1,0,0,N,645,1,2,0,0,0,0,0,3,4,0,2,3,,N,,,,,,,,,,,
2007000958,1015.0,1,0,0,0,0,0,0,0,0,1,0,,67,12,2006,7,39.9923,-75.2456,9999.0,6,0,0,0,0,0,1,0,0,,0,0,0,10,1,0,0,,0.0,39 59:32.000,,0,75 14:44.233,0,0,0,0,67301,0,0,0,N,0,0,0,2,46104,0,,1,1,,N,N,,0,,0,0,1,0,0,,1010,0,2,0,0,2,0,0,3,4,0,2,3,,N,,,,,,,,,,,
2007008411,750.0,2,0,0,0,0,0,0,0,0,1,0,,67,12,2006,3,39.9592,-75.1734,740.0,6,0,0,0,0,0,0,0,0,,0,0,0,7,1,1,0,,0.0,39 57:32.000,,0,75 10:23.772,4,0,0,0,67301,0,0,0,N,0,0,0,4,67301,1,,1,1,,N,N,,0,,0,0,0,0,0,,720,1,2,0,0,0,0,0,3,4,0,2,3,,N,,,,,,,,,,,
2007008419,2107.0,2,0,0,0,0,0,0,0,0,5,0,,67,12,2006,4,39.9489,-75.148,2105.0,6,0,0,0,0,0,0,0,0,1.0,0,0,0,21,3,1,0,,2.0,39 56:55.987,3.0,0,75 08:52.790,4,0,0,0,67301,1,0,0,N,0,0,0,2,67301,1,,1,1,,N,N,,0,,0,0,0,0,0,Y,2100,1,2,0,0,0,0,0,3,4,0,2,3,,N,,,,,,,,,,,
2007010923,1905.0,2,0,0,0,0,0,0,0,0,5,0,,67,11,2006,6,39.904,-75.2261,1859.0,6,0,0,0,0,0,0,0,0,,0,0,0,18,3,0,0,,0.0,39 54:14.365,,0,75 13:33.985,0,0,0,0,67301,0,0,0,,0,0,0,2,67301,0,,1,1,,N,N,,0,,0,0,0,0,0,,1850,0,2,0,0,0,0,0,3,4,0,2,3,,N,,,,,,,,,,,
2007008459,2005.0,1,0,0,0,0,0,0,0,0,4,0,,67,11,2006,3,39.9263,-75.145,1959.0,6,0,0,0,0,0,1,0,0,,0,0,0,19,3,1,0,,0.0,39 55:34.630,,0,75 08:41.997,4,0,0,0,67301,0,0,0,N,0,0,0,2,67301,1,,1,1,,N,N,,0,,0,0,0,0,0,,1955,1,2,0,0,0,0,0,3,4,1,2,3,,N,,,,,,,,,,,
2006103251,2005.0,2,0,0,0,0,0,0,0,0,4,0,,67,8,2006,1,,,2004.0,6,0,0,0,0,0,1,0,0,,0,0,0,19,3,1,2,,0.0,,,0,,4,0,0,0,67301,0,0,0,N,0,0,0,3,67301,1,,1,1,,N,Y,,0,,0,0,0,3,3,,1950,1,2,0,0,0,0,1,3,3,0,2,3,,N,,,,,,,,,,,
2006035958,1718.0,2,0,0,0,0,0,0,0,0,4,0,,67,2,2006,7,39.9704,-75.1465,1715.0,6,0,0,0,0,1,0,0,0,,0,0,0,17,4,2,2,,0.0,39 58:13.000,,0,75 08:47.408,4,0,0,0,67301,0,0,0,N,0,0,0,3,67301,2,,1,9,,N,N,,0,,0,0,0,3,2,,1714,2,2,0,0,0,0,0,3,4,0,2,7,,N,,,,,,,,,,,
2006048067,9999.0,1,0,0,0,0,0,0,0,0,8,0,,67,3,2006,3,39.985,-75.1564,9999.0,6,0,0,0,0,0,0,0,0,,1,0,0,23,3,1,0,,0.0,39 59:05.000,,0,75 09:23.239,1,0,0,0,67301,1,1,0,N,1,1,0,2,67301,1,2.0,1,1,,N,N,,0,0.0,0,0,0,0,0,,2325,1,2,0,0,0,0,0,3,4,0,1,3,,N,,,,,,,,,,,
2006032580,725.0,3,0,0,0,0,0,0,0,0,1,0,,67,2,2006,3,,,720.0,6,0,0,0,0,0,1,0,0,,0,0,0,7,1,1,0,,0.0,,,0,,8,0,0,0,67301,0,0,0,N,0,0,0,3,67301,0,,1,1,,N,N,,0,,0,0,0,3,2,,720,1,3,0,0,0,1,0,3,3,0,3,3,,N,,,,,,,,,,,
2006079207,134.0,3,0,0,0,0,0,0,0,0,1,0,,67,5,2006,2,40.0679,-75.1574,1340.0,6,0,0,0,0,0,0,0,0,,0,0,0,13,1,1,0,,0.0,40 04:04.000,,0,75 09:26.684,3,0,0,0,67301,0,0,0,N,0,0,0,3,67301,0,,1,1,,N,N,,0,,1,0,0,0,0,,1318,1,3,0,0,1,0,0,3,4,0,3,3,,N,,,,,,,,,,,
2006079619,1140.0,1,0,0,0,0,0,0,0,0,8,0,,67,6,2006,5,,,1113.0,6,0,0,0,0,0,0,0,0,,0,0,0,11,1,1,0,,0.0,,,0,,4,0,0,0,67301,1,0,0,N,1,0,0,2,67301,1,,1,1,,N,N,,0,,0,0,0,0,0,,1100,1,2,0,0,0,0,0,3,3,0,1,3,,N,,,,,,,,,,,
2006079632,250.0,1,0,0,0,0,0,0,0,0,7,0,,67,6,2006,1,39.9629,-75.1836,248.0,6,0,0,0,0,0,0,0,0,1.0,0,0,0,2,3,0,2,,2.0,39 57:45.000,3.0,0,75 11:00.524,9,0,0,0,67301,0,0,0,N,0,0,0,1,67301,0,,2,1,,N,N,,0,,0,0,0,0,0,N,245,0,1,0,0,0,0,1,3,4,0,1,3,,N,,,,,,,,,,,
2006079856,1630.0,1,0,0,0,0,0,1,0,0,4,1,,67,7,2006,6,39.9505,-75.1489,1624.0,6,0,0,0,0,0,1,0,0,,0,0,0,16,1,1,1,,0.0,39 57:02.000,,0,75 08:55.896,4,0,0,0,67301,0,0,0,N,0,0,0,2,67301,1,,1,1,,N,N,,0,,0,0,0,3,2,,1615,1,2,0,0,0,0,0,3,4,0,2,3,,N,,,,,,,,,,,
2006021095,820.0,1,0,0,0,0,0,0,0,0,8,0,,67,1,2006,6,40.0542,-75.0312,805.0,6,0,0,0,0,0,0,0,0,,0,0,0,7,1,1,1,,0.0,40 03:15.141,,0,75 01:52.215,8,0,0,0,67301,1,0,0,N,1,0,0,2,67301,0,,1,1,,N,Y,,0,,0,0,0,3,3,,745,1,2,0,0,0,1,0,3,4,0,1,5,,N,,,,,,,,,,,
2007006831,2015.0,1,0,0,0,0,0,0,0,0,0,0,,67,12,2006,6,39.9284,-75.1445,2011.0,6,0,0,0,0,0,0,0,0,1.0,0,0,0,20,3,0,0,,2.0,39 55:42.000,1.0,0,75 08:40.120,0,0,0,0,67301,0,0,0,N,0,0,0,1,67301,0,,1,9,,N,N,,0,,0,0,0,0,0,N,2011,0,1,0,0,0,0,0,3,4,0,1,7,,N,,,,,,,,,,,
2007025419,438.0,1,0,0,0,0,0,0,0,0,7,0,,67,7,2006,2,40.0771,-74.9787,437.0,6,1,0,0,0,0,0,0,0,,1,0,0,4,3,1,0,,0.0,40 04:37.000,,0,74 58:43.512,1,0,0,0,67301,0,0,0,N,0,0,0,2,67301,0,2.0,4,1,,N,N,,0,0.0,1,0,0,0,0,,435,1,1,1,0,2,0,0,3,4,0,1,3,,N,,,,,,,,,,,
2007023212,755.0,2,0,0,0,0,0,0,0,0,5,0,,67,12,2006,6,40.0312,-75.1264,748.0,6,0,0,0,0,0,1,0,0,,0,0,0,7,1,1,1,,0.0,40 01:52.446,,0,75 07:34.888,8,0,0,0,67301,0,0,0,N,0,0,0,2,67301,0,,1,1,,N,N,,0,,0,0,0,3,3,,740,1,2,0,0,0,1,0,3,4,0,2,5,,N,,,,,,,,,,,