CRN,ARRIVAL_TM,AUTOMOBILE_COUNT,BELTED_DEATH_COUNT,BELTED_SUSP_SERIOUS_INJ_COUNT,BICYCLE_COUNT,BICYCLE_DEATH_COUNT,BICYCLE_SUSP_SERIOUS_INJ_COUNT,BUS_COUNT,CHLDPAS_DEATH_COUNT,CHLDPAS_SUSP_SERIOUS_INJ_COUNT,COLLISION_TYPE,COMM_VEH_COUNT,CONS_ZONE_SPD_LIM,COUNTY,CRASH_MONTH,CRASH_YEAR,DAY_OF_WEEK,DEC_LAT,DEC_LONG,DISPATCH_TM,DISTRICT,DRIVER_COUNT_16YR,DRIVER_COUNT_17YR,DRIVER_COUNT_18YR,DRIVER_COUNT_19YR,DRIVER_COUNT_20YR,DRIVER_COUNT_50_64YR,DRIVER_COUNT_65_74YR,DRIVER_COUNT_75PLUS,EST_HRS_CLOSED,FATAL_COUNT,HEAVY_TRUCK_COUNT,HORSE_BUGGY_COUNT,HOUR_OF_DAY,ILLUMINATION,INJURY_COUNT,INTERSECT_TYPE,INTERSECTION_RELATED,LANE_CLOSED,LATITUDE,LN_CLOSE_DIR,LOCATION_TYPE,LONGITUDE,MAX_SEVERITY_LEVEL,MCYCLE_DEATH_COUNT,MCYCLE_SUSP_SERIOUS_INJ_COUNT,MOTORCYCLE_COUNT,MUNICIPALITY,NONMOTR_COUNT,NONMOTR_DEATH_COUNT,NONMOTR_SUSP_SERIOUS_INJ_COUNT,NTFY_HIWY_MAINT,PED_COUNT,PED_DEATH_COUNT,PED_SUSP_SERIOUS_INJ_COUNT,PERSON_COUNT,POLICE_AGCY,POSSIBLE_INJ_COUNT,RDWY_SURF_TYPE_CD,RELATION_TO_ROAD,ROAD_CONDITION,ROADWAY_CLEARED,SCH_BUS_IND,SCH_ZONE_IND,SECONDARY_CRASH,SMALL_TRUCK_COUNT,SPEC_JURIS_CD,SUSP_MINOR_INJ_COUNT,SUSP_SERIOUS_INJ_COUNT,SUV_COUNT,TCD_FUNC_CD,TCD_TYPE,TFC_DETOUR_IND,TIME_OF_DAY,TOT_INJ_COUNT,TOTAL_UNITS,UNB_DEATH_COUNT,UNB_SUSP_SERIOUS_INJ_COUNT,UNBELTED_OCC_COUNT,UNK_INJ_DEG_COUNT,UNK_INJ_PER_COUNT,URBAN_AREA,URBAN_RURAL,VAN_COUNT,VEHICLE_COUNT,WEATHER1,WEATHER2,WORK_ZONE_IND,WORK_ZONE_LOC,WORK_ZONE_TYPE,WORKERS_PRES,WZ_CLOSE_DETOUR,WZ_FLAGGER,WZ_LAW_OFFCR_IND,WZ_LN_CLOSURE,WZ_MOVING,WZ_OTHER,WZ_SHLDER_MDN,WZ_WORKERS_INJ_KILLED
2007008427,1625.0,2,0,0,0,0,0,0,0,0,4,0,,67,11,2006,2,40.0084,-75.0965,1618.0,6,0,0,0,0,0,0,0,0,,0,0,0,16,4,1,1,,0.0,40 00:30.200,,0,75 05:47.300,8,0,0,0,67301,0,0,0,N,0,0,0,3,67301,0,,1,1,,N,N,,0,,0,0,0,3,3,,1615,1,2,0,0,0,1,0,3,4,0,2,3,,N,,,,,,,,,,,
2007008440,111.0,1,0,0,0,0,0,0,0,0,7,0,,67,11,2006,2,39.912,-75.2317,100.0,6,0,1,0,0,0,0,0,0,,0,0,0,1,3,2,0,,0.0,39 54:43.160,,0,75 13:53.961,4,0,0,0,67301,0,0,0,,0,0,0,2,67301,2,,2,9,,N,N,,0,,0,0,1,0,0,,100,2,2,0,0,0,0,0,3,4,0,2,7,,N,,,,,,,,,,,
2007010950,2106.0,1,0,0,0,0,0,0,0,0,3,0,,67,11,2006,4,39.9325,-75.2303,1834.0,6,0,0,0,0,0,1,0,0,,0,0,0,18,3,1,1,,0.0,39 55:57.000,,0,75 13:49.023,4,0,0,0,67301,0,0,0,,0,0,0,2,67301,1,,1,9,,,,,1,,0,0,0,3,3,,1834,1,2,0,0,0,0,1,3,4,0,2,7,,N,,,,,,,,,,,
2007010956,1517.0,0,0,0,0,0,0,0,0,0,7,0,,67,12,2006,4,40.0038,-75.1242,1517.0,6,0,0,0,0,0,1,0,0,,0,0,0,15,1,1,2,,0.0,40 00:13.000,,0,75 07:27.063,4,0,0,0,67301,0,0,0,N,0,0,0,1,67301,1,,5,1,,N,N,,0,,0,0,0,3,3,,1512,1,1,0,0,0,0,0,3,4,1,1,3,,N,,,,,,,,,,,
2007008796,1548.0,2,0,0,0,0,0,0,0,0,4,0,,67,11,2006,1,39.9704,-75.1482,1541.0,6,0,0,0,0,0,0,0,0,,0,0,0,99,1,1,1,,0.0,39 58:12.000,,0,75 08:53.254,4,0,0,0,67301,0,0,0,N,0,0,0,2,67301,1,,1,9,,N,N,,0,,0,0,0,3,2,,9999,1,2,0,0,0,0,1,3,4,0,2,7,,N,,,,,,,,,,,
2007021535,700.0,5,0,0,0,0,0,0,0,0,1,0,,67,10,2006,2,40.0197,-75.1484,648.0,6,0,0,0,0,0,1,1,0,1.0,0,0,0,6,5,3,0,,2.0,40 01:10.766,2.0,0,75 08:54.453,8,0,0,0,67301,0,0,0,N,0,0,0,8,67301,0,,1,1,,N,N,,1,,0,0,0,0,0,Y,645,3,6,0,0,0,3,0,3,4,0,6,3,,N,,,,,,,,,,,
2007008858,1328.0,1,0,0,0,0,0,0,0,0,4,0,,67,12,2006,7,40.0496,-75.0496,1318.0,6,0,0,0,0,0,0,1,0,,0,0,0,13,1,2,1,,0.0,40 02:58.563,,0,75 02:58.444,3,0,0,0,67301,0,0,0,N,0,0,0,3,67301,0,,1,1,,N,N,,0,,2,0,1,3,3,,1315,2,2,0,0,0,0,1,3,4,0,2,3,,N,,,,,,,,,,,
2007007965,1752.0,1,0,0,0,0,0,0,0,0,8,0,,67,11,2006,7,39.9811,-75.2428,1752.0,6,0,0,0,0,0,0,0,0,,0,0,0,17,3,1,1,,0.0,39 58:51.848,,0,75 14:34.202,4,0,0,0,67301,1,0,0,N,1,0,0,2,67301,1,,1,1,,N,N,,0,,0,0,0,3,3,,1730,1,2,0,0,0,0,1,3,4,0,1,3,,N,,,,,,,,,,,
2007010545,32.0,2,0,0,0,0,0,0,0,0,4,0,,67,11,2006,5,40.0407,-75.1056,32.0,6,0,0,0,1,0,0,0,0,1.0,0,0,0,0,3,1,2,,1.0,40 02:26.437,4.0,0,75 06:20.235,4,0,0,0,67301,0,0,0,N,0,0,0,3,67301,1,,1,9,,N,N,,0,,0,0,0,3,3,N,30,1,2,0,0,0,0,0,3,4,0,2,7,,N,,,,,,,,,,,
2007010549,932.0,3,0,0,0,0,0,0,0,0,4,0,,67,11,2006,2,39.9758,-75.1793,939.0,6,0,0,0,0,0,0,0,1,,0,0,0,9,1,0,2,,0.0,39 58:32.912,,0,75 10:45.339,0,0,0,0,67301,0,0,0,N,0,0,0,2,67301,0,,1,1,,N,N,,0,,0,0,0,3,3,,930,0,3,0,0,0,0,0,3,4,0,3,3,,N,,,,,,,,,,,
2007007103,255.0,2,0,0,0,0,0,0,0,0,2,0,,67,11,2006,5,40.0177,-75.116,251.0,6,0,0,0,0,0,0,0,0,,0,0,0,2,3,0,0,,0.0,40 01:03.000,,0,75 06:57.249,0,0,0,0,67301,0,0,0,N,0,0,0,1,67301,0,,2,9,,N,N,,0,,0,0,1,3,2,,248,0,4,0,0,0,0,0,3,4,1,4,7,,N,,,,,,,,,,,
2007007153,1045.0,1,0,0,0,0,0,0,0,0,4,0,,67,11,2006,2,40.0272,-75.1145,1037.0,6,0,0,0,0,0,0,1,0,,0,0,0,10,1,2,5,,0.0,40 01:37.000,,0,75 06:52.586,8,0,0,0,67301,0,0,0,N,0,0,0,4,67301,0,,1,1,,N,N,,0,,0,0,0,3,3,,1030,2,3,0,0,4,2,0,3,4,2,3,3,,N,,,,,,,,,,,
2007007420,1219.0,1,0,0,0,0,0,0,0,0,5,0,,67,11,2006,4,39.9851,-75.1785,1204.0,6,0,0,0,0,0,0,0,0,,0,0,0,11,1,0,0,,0.0,39 59:06.310,,1,75 10:42.766,0,0,0,0,67301,0,0,0,N,0,0,0,1,67301,0,,1,9,,N,N,,0,,0,0,1,0,0,,1140,0,2,0,0,0,0,0,3,4,0,2,7,,N,,,,,,,,,,,
2007007564,1120.0,3,0,0,0,0,0,0,0,0,1,0,,67,11,2006,7,40.0575,-75.1493,1116.0,6,0,0,0,0,1,1,0,0,,0,0,0,11,1,3,1,,0.0,40 03:27.061,,0,75 08:57.497,4,0,0,0,67301,0,0,0,N,0,0,0,5,67301,3,,1,1,,N,N,,1,,0,0,0,3,2,,1116,3,4,0,0,0,0,0,3,4,0,4,3,,N,,,,,,,,,,,
2007007576,1148.0,0,0,0,0,0,0,0,0,0,4,0,,67,11,2006,5,39.9395,-75.1798,1147.0,6,0,0,0,0,0,1,0,0,1.0,0,0,0,11,1,1,1,,2.0,39 56:22.120,4.0,0,75 10:47.362,8,0,0,1,67301,0,0,0,N,0,0,0,2,67301,0,,1,1,,N,N,,0,,0,0,0,3,2,Y,1146,1,2,0,0,0,1,0,3,4,1,2,3,,N,,,,,,,,,,,
2007007505,650.0,1,0,0,0,0,0,0,0,0,8,0,,67,11,2006,5,39.9881,-75.1336,645.0,6,0,0,0,0,0,1,0,0,1.0,0,0,0,6,2,1,1,,1.0,39 59:17.026,3.0,0,75 08:00.844,4,0,0,0,67301,1,0,0,N,1,0,0,2,67301,1,,1,1,,N,N,,0,,0,0,0,2,3,N,640,1,2,0,0,0,0,0,3,4,0,1,3,,N,,,,,,,,,,,
2007007741,1220.0,1,0,0,0,0,0,0,0,0,8,0,,67,11,2006,3,39.9554,-75.2,1207.0,6,0,0,0,0,0,0,0,0,,0,0,0,12,1,1,2,,0.0,39 57:19.000,,0,75 11:59.844,4,0,0,0,67301,1,0,0,N,1,0,0,2,67301,1,,1,1,,N,N,,0,,0,0,0,3,2,,1200,1,2,0,0,0,0,1,3,4,0,1,3,,N,,,,,,,,,,,
2007007666,1605.0,0,0,0,0,0,0,0,0,0,4,0,,67,11,2006,3,39.9971,-75.2047,1603.0,6,0,0,0,0,0,1,0,0,1.0,0,0,0,16,1,1,1,,1.0,39 59:49.588,4.0,0,75 12:17.053,4,0,0,0,67301,0,0,0,N,0,0,0,3,67301,1,,1,9,,N,N,,1,,0,0,0,3,3,N,1600,1,2,0,0,1,0,0,3,4,1,2,3,,N,,,,,,,,,,,
2007007720,1827.0,1,0,0,0,0,0,0,0,0,8,0,,67,11,2006,4,40.0845,-75.0357,1825.0,6,0,0,0,0,0,0,0,0,,0,0,0,18,3,1,0,,0.0,40 05:03.000,,1,75 02:08.294,4,0,0,0,67301,1,0,0,N,1,0,0,2,67301,1,,1,9,,N,N,,0,,0,0,0,0,0,,1808,1,2,0,0,0,0,0,3,4,0,1,7,,N,,,,,,,,,,,
2007023235,2246.0,1,0,0,0,0,0,0,0,0,7,0,,67,12,2006,2,40.1292,-75.0133,2241.0,6,0,0,0,0,0,0,0,0,2.0,0,0,0,21,3,0,2,,2.0,40 07:44.940,5.0,0,75 00:47.847,0,0,0,0,67301,0,0,0,N,0,0,0,1,67301,0,,2,9,,N,N,,0,,0,0,0,3,3,N,2150,0,1,0,0,0,0,0,3,4,0,1,7,,N,,,,,,,,,,,
2007030186,1845.0,0,0,0,0,0,0,0,0,0,8,0,,67,11,2006,4,40.0376,-75.0424,1843.0,6,0,0,0,0,0,1,0,0,,1,0,0,18,3,0,0,,0.0,40 02:15.434,,0,75 02:32.803,1,0,0,0,67301,1,1,0,N,1,1,0,2,67301,0,2.0,1,9,,N,N,,0,0.0,0,0,1,0,0,,1843,0,2,0,0,0,0,0,3,4,0,1,7,,N,,,,,,,,,,,
2007092960,1249.0,2,0,0,0,0,0,0,0,0,4,0,,67,6,2006,6,40.0033,-75.1659,1248.0,6,0,0,0,0,1,0,0,0,9.0,0,0,0,12,1,5,1,,2.0,40 00:11.000,7.0,0,75 09:57.120,4,0,0,0,67301,0,0,0,N,0,0,0,5,67301,5,,1,1,,N,N,,0,,0,0,0,3,2,Y,1247,5,2,0,0,3,0,0,3,4,0,2,3,,N,,,,,,,,,,,
2007008556,850.0,2,0,0,0,0,0,0,0,0,4,0,,67,12,2006,7,40.0157,-75.1701,847.0,6,0,0,0,0,0,0,1,0,,0,0,0,8,1,2,2,,0.0,40 00:56.000,,0,75 10:12.690,8,0,0,0,67301,0,0,0,N,0,0,0,3,67301,0,,1,1,,N,N,,0,,0,0,0,0,0,,845,2,2,0,0,0,2,0,3,4,0,2,3,,N,,,,,,,,,,,
2007009378,940.0,1,0,0,0,0,0,0,0,0,8,0,,67,11,2006,2,39.9577,-75.1624,932.0,6,0,0,0,0,0,0,0,0,,0,0,0,9,1,1,1,,0.0,39 57:27.000,,0,75 09:44.119,4,0,0,0,67301,1,0,0,,1,0,0,2,67301,1,,1,1,,,,,0,,0,0,0,2,2,,928,1,2,0,0,0,0,0,3,4,0,1,3,,N,,,,,,,,,,,
2007007112,612.0,3,0,0,0,0,0,0,0,0,1,0,,67,11,2006,2,,,605.0,6,0,0,0,0,0,1,0,0,1.0,0,0,0,6,5,0,0,,1.0,,1.0,0,,9,0,0,0,67301,0,0,0,N,0,0,0,3,67301,0,,1,9,,N,N,,0,,0,0,0,0,0,Y,600,0,3,0,0,0,0,1,3,3,0,3,7,,N,,,,,,,,,,,
2007009207,1155.0,1,0,0,0,0,0,0,0,0,7,0,,67,11,2006,1,39.9211,-75.194,1150.0,6,0,0,0,0,0,0,0,0,1.0,0,0,0,11,1,0,0,,1.0,39 55:16.071,4.0,3,75 11:38.210,9,0,0,0,67301,0,0,0,N,0,0,0,1,67301,0,,4,1,,N,N,,0,,0,0,0,0,0,N,1145,0,1,0,0,0,0,1,3,4,0,1,3,,N,,,,,,,,,,,
2007006795,1803.0,2,0,0,0,0,0,0,0,0,4,0,,67,11,2006,1,39.9744,-75.2017,1802.0,6,0,0,0,0,0,1,0,0,,0,0,0,18,3,1,2,,0.0,39 58:27.000,,0,75 12:05.246,8,0,0,0,67301,0,0,0,N,0,0,0,2,67301,0,,1,1,,N,N,,0,,0,0,0,3,2,,1800,1,2,0,0,2,1,0,3,4,0,2,3,,N,,,,,,,,,,,
2007022264,445.0,0,0,0,0,0,0,0,0,0,0,1,,67,12,2006,4,39.9595,-75.1808,401.0,6,0,0,0,0,0,0,0,0,4.0,0,1,0,3,3,0,3,,2.0,39 57:35.000,3.0,2,75 10:45.221,0,0,0,0,67301,0,0,0,Y,0,0,0,2,67301,0,,1,1,,N,N,,0,,0,0,0,0,0,Y,351,0,1,0,0,1,0,0,3,4,0,1,3,,N,,,,,,,,,,,
2007022277,2320.0,2,0,0,0,0,0,0,0,0,6,0,,67,12,2006,4,40.1059,-75.0529,2315.0,6,0,0,1,1,0,0,0,0,,0,0,0,22,3,3,2,,0.0,40 06:21.000,,0,75 03:10.294,4,0,0,0,67301,0,0,0,N,0,0,0,3,67301,3,,1,1,,N,N,,0,,0,0,0,9,3,,2215,3,2,0,0,0,0,0,3,4,0,2,3,,N,,,,,,,,,,,
2007030084,1358.0,1,0,0,0,0,0,0,0,0,1,0,,67,10,2006,5,39.9492,-75.2129,1356.0,6,0,0,0,0,0,0,0,0,,0,0,0,13,1,2,0,,0.0,39 56:57.130,,0,75 12:46.584,8,0,0,0,67301,0,0,0,N,0,0,0,4,67301,0,,1,1,,N,N,,0,,0,0,0,0,0,,1356,2,2,0,0,0,2,0,3,4,1,2,3,,N,,,,,,,,,,,
2007030094,1530.0,1,0,0,0,0,0,0,0,0,8,0,,67,12,2006,7,40.0558,-75.1589,1530.0,6,0,0,0,0,0,0,0,0,,0,0,0,15,1,1,1,,0.0,40 03:20.000,,0,75 09:32.008,4,0,0,0,67301,1,0,0,,1,0,0,2,67301,1,,1,98,,,,,0,,0,0,0,9,2,,1500,1,2,0,0,0,0,1,3,4,0,1,3,,N,,,,,,,,,,,
2006062437,1751.0,3,0,0,0,0,0,0,0,0,4,0,,67,5,2006,2,40.0179,-75.1493,1750.0,6,0,0,0,0,0,0,0,0,2.0,0,0,0,17,1,3,1,,1.0,40 01:04.000,1.0,0,75 08:57.510,4,0,0,0,67301,0,0,0,N,0,0,0,6,67301,2,,1,1,,N,N,,0,,0,0,0,3,2,Y,1749,3,3,0,0,0,1,0,3,4,0,3,3,,N,,,,,,,,,,,
2006054697,1451.0,2,0,0,0,0,0,0,0,0,4,0,,67,4,2006,6,40.0453,-75.1262,1449.0,6,0,0,0,1,0,0,0,0,1.0,0,0,0,14,1,1,0,,1.0,40 02:43.000,4.0,0,75 07:34.315,8,0,0,0,67301,0,0,0,N,0,0,0,1,67301,0,,1,1,,N,N,,0,,0,0,0,3,2,N,1443,1,2,0,0,0,1,0,3,4,0,2,7,,N,,,,,,,,,,,
2006054704,1650.0,1,0,0,0,0,0,1,0,0,6,1,,67,4,2006,6,39.9216,-75.1915,1645.0,6,0,0,0,0,0,2,0,0,,0,0,0,16,1,1,2,,0.0,39 55:17.000,,0,75 11:29.464,4,0,0,0,67301,0,0,0,N,0,0,0,3,67301,1,,1,1,,Y,N,,0,,0,0,0,3,2,,1640,1,2,0,0,0,0,0,3,4,0,2,3,,N,,,,,,,,,,,
2006054756,1803.0,2,0,0,0,0,0,0,0,0,4,0,,67,3,2006,6,40.0567,-75.1399,1757.0,6,0,0,0,1,0,0,0,0,,0,0,0,99,1,1,1,,0.0,40 03:24.120,,0,75 08:23.640,8,0,0,0,67301,0,0,0,N,0,0,0,3,67301,0,,1,1,,N,N,,0,,0,0,0,3,2,,9999,1,2,0,0,0,1,1,3,4,0,2,3,,N,,,,,,,,,,,
2006054949,1210.0,1,0,0,0,0,0,0,0,0,4,0,,67,4,2006,1,40.0346,-75.0449,1200.0,6,0,0,0,0,0,0,0,0,,0,0,0,99,1,1,1,,0.0,40 02:04.000,,0,75 02:41.631,8,0,0,1,67301,0,0,0,N,0,0,0,2,67301,0,,1,1,,N,N,,0,,0,0,0,9,2,,9999,1,2,0,0,0,1,0,3,4,0,2,3,,N,,,,,,,,,,,
2006054977,1639.0,2,0,0,0,0,0,0,0,0,7,0,,67,3,2006,7,39.9924,-75.1548,1600.0,6,0,0,1,0,0,0,0,1,,0,0,0,99,1,2,0,,0.0,39 59:32.000,,0,75 09:17.517,4,0,0,0,67301,0,0,0,N,0,0,0,3,67301,2,,2,1,,N,N,,0,,0,0,0,0,0,,9999,2,2,0,0,0,0,0,3,4,0,2,3,,N,,,,,,,,,,,
2006055086,1618.0,1,0,0,0,0,0,0,0,0,8,0,,67,3,2006,2,,,1614.0,6,0,0,0,0,0,0,0,0,,0,0,0,16,1,1,1,,0.0,,,0,,4,0,0,0,67301,1,0,0,,1,0,0,2,67301,1,,1,1,,N,N,,0,,0,0,0,0,0,,1612,1,2,0,0,0,0,1,3,3,0,1,3,,N,,,,,,,,,,,
2006055284,1600.0,2,0,0,0,0,0,0,0,0,5,0,,67,4,2006,6,,,1554.0,6,0,0,0,0,0,2,0,0,,0,0,0,15,1,2,1,,0.0,,,0,,4,0,0,0,67301,0,0,0,,0,0,0,2,67301,2,,1,1,,,,,0,,0,0,0,3,2,,1545,2,2,0,0,2,0,0,3,3,0,2,3,,N,,,,,,,,,,,
2006094087,1912.0,2,0,0,0,0,0,0,0,0,1,0,,67,7,2006,4,39.9342,-75.1675,1909.0,6,0,0,0,0,0,0,0,0,,0,0,0,19,1,2,1,,0.0,39 56:02.000,,0,75 10:02.970,4,0,0,0,67301,0,0,0,N,0,0,0,3,67301,2,,1,1,,N,N,,0,,0,0,0,3,2,,1906,2,2,0,0,0,0,1,3,4,0,2,3,,N,,,,,,,,,,,
2006055021,1931.0,0,0,0,0,0,0,0,0,0,1,0,,67,4,2006,1,39.9142,-75.1718,1926.0,6,0,0,0,0,0,0,0,0,,0,0,0,19,3,1,1,,0.0,39 54:51.000,,0,75 10:18.666,4,0,0,0,67301,0,0,0,N,0,0,0,3,67301,1,,1,1,,N,N,,0,,0,0,1,3,2,,1926,1,2,0,0,0,0,1,3,4,1,2,3,,N,,,,,,,,,,,
2006055026,1540.0,2,0,0,0,0,0,0,0,0,4,0,,67,4,2006,7,,,1535.0,6,0,0,0,0,0,0,0,0,,0,0,0,15,1,0,0,,0.0,,,0,,9,0,0,0,67301,1,0,0,N,0,0,0,6,67301,0,,2,9,,N,N,,0,,0,0,0,0,0,,1505,0,2,0,0,0,0,5,3,3,0,2,7,,N,,,,,,,,,,,
2006094236,1748.0,1,0,0,0,0,0,0,0,0,8,0,,67,7,2006,4,,,1746.0,6,0,0,0,0,0,0,0,0,,0,0,0,17,8,1,0,,0.0,,,0,,8,0,0,0,67301,1,0,0,N,1,0,0,3,67301,0,,1,1,,N,N,,0,,0,0,0,0,0,,1744,1,2,0,0,0,1,0,3,3,0,1,98,,N,,,,,,,,,,,
2006094391,1503.0,1,0,0,0,0,0,0,0,0,4,0,,67,8,2006,2,39.9834,-75.2432,1458.0,6,0,0,0,0,0,2,0,0,,0,0,0,14,1,1,2,,0.0,39 59:00.000,,0,75 14:36.320,8,0,0,1,67301,0,0,0,N,0,0,0,2,67301,0,,1,1,,N,N,,0,,0,0,0,0,0,,1450,1,2,0,0,0,1,0,3,4,0,2,3,,N,,,,,,,,,,,
2006094483,1130.0,2,0,0,0,0,0,0,0,0,2,0,,67,7,2006,6,40.0458,-75.0683,1125.0,6,0,0,0,0,0,0,0,1,2.0,0,0,0,11,1,3,1,,1.0,40 02:44.703,4.0,0,75 04:05.879,3,0,0,0,67301,1,0,0,N,1,0,0,5,67301,1,,1,1,,N,N,,0,,2,0,0,3,2,N,1120,3,3,0,0,0,0,0,3,4,0,2,3,,N,,,,,,,,,,,
2006081700,1130.0,1,0,0,0,0,0,0,0,0,6,0,,67,7,2006,3,39.9863,-75.1044,1127.0,6,0,0,0,0,0,1,0,0,,0,0,0,11,1,1,1,,0.0,39 59:10.000,,0,75 06:15.671,3,0,0,0,67301,0,0,0,N,0,0,0,2,67301,0,,1,1,,N,N,,0,,1,0,1,3,2,,1127,1,2,0,0,0,0,0,3,4,0,2,3,,N,,,,,,,,,,,
2006116097,231.0,1,0,0,0,0,0,0,0,0,8,0,,67,9,2006,6,39.9497,-75.1675,230.0,6,0,0,0,0,0,0,0,0,,0,0,0,2,3,1,1,,0.0,39 56:58.000,,0,75 10:02.647,3,0,0,0,67301,1,0,0,N,1,0,0,2,67301,0,,1,9,,N,N,,0,,1,0,0,3,2,,226,1,2,0,0,0,0,1,3,4,0,1,7,,N,,,,,,,,,,,
2006066187,1850.0,1,0,0,0,0,0,0,0,0,4,0,,67,5,2006,7,40.0179,-75.0839,1845.0,6,0,0,0,0,0,0,0,0,2.0,0,0,0,18,1,1,1,,2.0,40 01:04.609,7.0,0,75 05:02.155,8,0,0,0,67301,0,0,0,N,0,0,0,5,67301,0,,1,1,,N,N,,0,,0,0,1,3,2,Y,1830,1,2,0,0,0,1,0,3,4,0,2,3,,N,,,,,,,,,,,
2006056450,1119.0,0,0,0,0,0,0,0,0,0,8,0,,67,3,2006,6,39.9159,-75.1645,1114.0,6,0,0,0,1,0,0,0,0,,0,0,0,11,1,1,1,,0.0,39 54:57.000,,0,75 09:52.151,4,0,0,0,67301,1,0,0,,1,0,0,2,67301,1,,1,1,,,,,0,,0,0,1,3,2,,1114,1,2,0,0,0,0,0,3,4,0,1,3,,N,,,,,,,,,,,
2006056502,1043.0,1,0,0,0,0,0,0,0,0,8,0,,67,4,2006,3,,,909.0,6,0,0,0,0,0,0,0,0,,0,0,0,9,1,1,1,,0.0,,,0,,8,0,0,0,67301,1,0,0,N,1,0,0,2,67301,0,,1,1,,N,N,,0,,0,0,0,3,3,,909,1,2,0,0,0,1,0,3,3,0,1,3,,N,,,,,,,,,,,
2006036495,1338.0,2,0,0,0,0,0,0,0,0,1,0,,67,1,2006,3,39.9333,-75.1448,1335.0,6,0,0,0,0,0,0,1,0,,0,0,0,13,1,1,2,,0.0,39 55:59.851,,0,75 08:41.348,4,0,0,0,67301,0,0,0,,0,0,0,4,67301,1,,1,1,,N,N,,1,,0,0,0,3,2,,1330,1,3,0,0,0,0,1,3,4,0,3,3,,N,,,,,,,,,,,
2006036597,745.0,0,0,0,0,0,0,0,0,0,7,1,,67,3,2006,3,39.8925,-75.2331,730.0,6,0,0,0,0,0,1,0,0,5.0,0,1,0,7,1,1,0,,1.0,39 53:32.000,3.0,2,75 14:00.498,8,0,0,0,67301,0,0,0,Y,0,0,0,1,67301,0,,5,1,,N,N,,0,,0,0,0,0,0,Y,729,1,1,0,0,0,1,0,3,4,0,1,3,,N,,,,,,,,,,,
2006024169,113.0,2,0,0,0,0,0,0,0,0,2,0,,67,1,2006,2,39.9403,-75.2369,112.0,6,0,0,0,0,0,0,0,0,,0,0,0,1,3,1,0,,0.0,39 56:25.000,,0,75 14:12.783,8,0,0,0,67301,0,0,0,,0,0,0,2,67301,0,,1,9,,N,N,,0,,0,0,0,0,0,,105,1,2,0,0,0,1,0,3,4,0,2,7,,N,,,,,,,,,,,
2006024171,806.0,3,0,0,0,0,0,0,0,0,4,0,,67,1,2006,4,39.933,-75.2382,802.0,6,0,0,0,0,0,0,0,0,9.0,0,0,0,7,1,1,0,,1.0,39 55:58.000,3.0,7,75 14:17.661,4,0,0,0,67301,0,0,0,,0,0,0,4,67301,1,,1,2,,N,N,,0,,0,0,0,0,0,N,751,1,3,0,0,0,0,0,3,4,0,3,98,,N,,,,,,,,,,,
2006024601,1910.0,2,0,0,0,0,0,0,0,0,4,0,,67,1,2006,2,40.0415,-75.1584,1908.0,6,1,0,0,0,0,1,0,0,,0,0,0,18,3,1,1,,0.0,40 02:29.000,,0,75 09:29.908,4,0,0,0,67301,0,0,0,N,0,0,0,6,67301,1,,1,1,,N,N,,0,,0,0,0,3,2,,1845,1,2,0,0,0,0,0,3,4,0,2,3,,N,,,,,,,,,,,
2006024622,2005.0,1,0,0,0,0,0,0,0,0,4,0,,67,1,2006,3,39.9997,-75.2097,2014.0,6,0,0,0,0,0,0,0,0,,0,0,0,20,3,0,1,,0.0,39 59:58.826,,0,75 12:34.952,0,0,0,0,67301,0,0,0,,0,0,0,3,67301,0,,1,9,,N,N,,0,,0,0,1,3,2,,2014,0,2,0,0,0,0,0,3,4,0,2,7,,N,,,,,,,,,,,
2006103200,2057.0,1,0,0,0,0,0,0,0,0,4,0,,67,8,2006,4,39.9726,-75.1743,2045.0,6,0,0,0,0,0,0,0,0,,0,0,0,20,3,2,0,,0.0,39 58:21.237,,0,75 10:27.342,3,0,0,1,67301,0,0,0,N,0,0,0,3,67301,0,,1,1,,N,N,,0,,2,0,0,9,3,,2040,2,2,0,0,0,0,0,3,4,0,2,3,,N,,,,,,,,,,,
2006102808,423.0,1,0,0,0,0,0,0,0,0,6,1,,67,8,2006,6,39.9491,-75.162,419.0,6,0,0,0,0,0,0,0,0,,0,1,0,4,3,2,1,,0.0,39 56:56.000,,0,75 09:43.241,8,0,0,0,67301,0,0,0,Y,0,0,0,3,67301,0,,1,1,,N,N,,0,,0,0,0,3,2,,415,2,2,0,0,0,2,0,3,4,0,2,3,,N,,,,,,,,,,,
2006102814,1900.0,1,0,0,0,0,0,0,0,0,1,0,,67,8,2006,1,39.9893,-75.1555,300.0,6,0,0,0,0,0,0,0,0,,0,0,0,7,1,2,1,,0.0,39 59:21.000,,0,75 09:19.872,8,0,0,0,67301,0,0,0,N,0,0,0,5,67301,0,,1,9,,N,N,,0,,0,0,0,9,2,,700,2,2,0,0,0,2,1,3,4,1,2,7,,N,,,,,,,,,,,