CRN,ARRIVAL_TM,AUTOMOBILE_COUNT,BELTED_DEATH_COUNT,BELTED_SUSP_SERIOUS_INJ_COUNT,BICYCLE_COUNT,BICYCLE_DEATH_COUNT,BICYCLE_SUSP_SERIOUS_INJ_COUNT,BUS_COUNT,CHLDPAS_DEATH_COUNT,CHLDPAS_SUSP_SERIOUS_INJ_COUNT,COLLISION_TYPE,COMM_VEH_COUNT,CONS_ZONE_SPD_LIM,COUNTY,CRASH_MONTH,CRASH_YEAR,DAY_OF_WEEK,DEC_LAT,DEC_LONG,DISPATCH_TM,DISTRICT,DRIVER_COUNT_16YR,DRIVER_COUNT_17YR,DRIVER_COUNT_18YR,DRIVER_COUNT_19YR,DRIVER_COUNT_20YR,DRIVER_COUNT_50_64YR,DRIVER_COUNT_65_74YR,DRIVER_COUNT_75PLUS,EST_HRS_CLOSED,FATAL_COUNT,HEAVY_TRUCK_COUNT,HORSE_BUGGY_COUNT,HOUR_OF_DAY,ILLUMINATION,INJURY_COUNT,INTERSECT_TYPE,INTERSECTION_RELATED,LANE_CLOSED,LATITUDE,LN_CLOSE_DIR,LOCATION_TYPE,LONGITUDE,MAX_SEVERITY_LEVEL,MCYCLE_DEATH_COUNT,MCYCLE_SUSP_SERIOUS_INJ_COUNT,MOTORCYCLE_COUNT,MUNICIPALITY,NONMOTR_COUNT,NONMOTR_DEATH_COUNT,NONMOTR_SUSP_SERIOUS_INJ_COUNT,NTFY_HIWY_MAINT,PED_COUNT,PED_DEATH_COUNT,PED_SUSP_SERIOUS_INJ_COUNT,PERSON_COUNT,POLICE_AGCY,POSSIBLE_INJ_COUNT,RDWY_SURF_TYPE_CD,RELATION_TO_ROAD,ROAD_CONDITION,ROADWAY_CLEARED,SCH_BUS_IND,SCH_ZONE_IND,SECONDARY_CRASH,SMALL_TRUCK_COUNT,SPEC_JURIS_CD,SUSP_MINOR_INJ_COUNT,SUSP_SERIOUS_INJ_COUNT,SUV_COUNT,TCD_FUNC_CD,TCD_TYPE,TFC_DETOUR_IND,TIME_OF_DAY,TOT_INJ_COUNT,TOTAL_UNITS,UNB_DEATH_COUNT,UNB_SUSP_SERIOUS_INJ_COUNT,UNBELTED_OCC_COUNT,UNK_INJ_DEG_COUNT,UNK_INJ_PER_COUNT,URBAN_AREA,URBAN_RURAL,VAN_COUNT,VEHICLE_COUNT,WEATHER1,WEATHER2,WORK_ZONE_IND,WORK_ZONE_LOC,WORK_ZONE_TYPE,WORKERS_PRES,WZ_CLOSE_DETOUR,WZ_FLAGGER,WZ_LAW_OFFCR_IND,WZ_LN_CLOSURE,WZ_MOVING,WZ_OTHER,WZ_SHLDER_MDN,WZ_WORKERS_INJ_KILLED
2006079179,1250.0,0,0,0,1,0,0,0,0,0,4,0,,67,6,2006,4,,,1246.0,6,0,0,0,0,0,0,0,0,,0,0,0,12,8,1,1,,0.0,,,0,,4,0,0,0,67301,1,0,0,N,0,0,0,2,67301,1,,1,1,,N,N,,0,,0,0,0,3,3,,1246,1,2,0,0,1,0,0,3,3,1,1,3,,N,,,,,,,,,,,
2006082133,1844.0,2,0,0,0,0,0,0,0,0,4,0,,67,6,2006,5,39.9125,-75.1504,1842.0,6,0,0,0,0,0,0,0,0,2.0,0,0,0,18,1,4,1,,1.0,39 54:45.000,1.0,2,75 09:01.440,4,0,0,0,67301,0,0,0,N,0,0,0,4,67301,3,,1,1,,N,N,,0,,0,0,0,3,2,N,1825,4,2,0,0,0,1,0,3,4,0,2,3,,N,,,,,,,,,,,
2006079906,1500.0,1,0,0,0,0,0,0,0,0,1,0,,67,6,2006,3,,,1450.0,6,0,0,0,0,0,0,0,0,,0,0,0,14,1,0,0,,0.0,,,0,,0,0,0,0,67301,0,0,0,N,0,0,0,1,67301,0,,2,1,,N,Y,,2,,0,0,0,0,0,,1430,0,3,0,0,1,0,0,3,3,0,3,3,,N,,,,,,,,,,,
2006079911,846.0,1,0,0,0,0,0,0,0,0,5,1,,67,6,2006,4,39.9732,-75.2041,844.0,6,0,0,0,0,0,0,0,0,,0,1,0,8,1,1,0,,0.0,39 58:23.566,,0,75 12:14.875,3,0,0,0,67301,1,0,0,N,1,0,0,2,67301,0,,1,1,,N,N,,0,,1,0,0,0,0,,844,1,3,0,0,0,0,1,3,4,0,2,3,,N,,,,,,,,,,,
2006079671,2333.0,0,0,0,0,0,0,0,0,0,0,0,,67,7,2006,6,40.0538,-74.9822,2331.0,6,0,0,0,0,0,1,0,0,,0,0,0,23,3,1,0,,0.0,40 03:13.000,,0,74 58:56.192,3,0,0,1,67301,0,0,0,N,0,0,0,1,09202,0,,1,1,,N,N,,0,,1,0,0,0,0,,2330,1,1,0,0,0,0,0,3,4,0,1,3,,N,,,,,,,,,,,
2007006860,1815.0,1,0,0,0,0,0,0,0,0,4,0,,67,11,2006,6,40.0402,-75.214,1812.0,6,0,0,0,0,0,0,0,0,,0,0,0,18,3,0,2,,0.0,40 02:24.000,,0,75 12:50.362,0,0,0,0,67301,0,0,0,,0,0,0,6,67301,0,,1,1,,,,,0,,0,0,3,3,2,,1811,0,4,0,0,0,0,0,3,4,0,4,3,,N,,,,,,,,,,,
2007000166,1801.0,2,0,0,0,0,0,0,0,0,4,0,,67,12,2006,4,39.9883,-75.254,1756.0,6,0,0,0,0,0,0,0,1,2.0,0,0,0,17,3,1,1,,1.0,39 59:17.000,7.0,0,75 15:14.303,4,0,0,0,67301,0,0,0,N,0,0,0,2,46104,1,,1,1,,N,N,,0,,0,0,0,3,2,N,1756,1,2,0,0,0,0,0,3,4,0,2,3,,N,,,,,,,,,,,
2007023684,1302.0,2,0,0,0,0,0,0,0,0,4,0,,67,12,2006,6,40.0883,-75.0242,1256.0,6,0,0,0,0,0,2,0,0,,0,0,0,12,1,0,0,,0.0,40 05:17.900,,0,75 01:27.200,0,0,0,0,67301,0,0,0,N,0,0,0,4,67301,0,,1,1,,N,N,,0,,0,0,0,0,0,,1255,0,2,0,0,0,0,0,3,4,0,2,3,,N,,,,,,,,,,,
2007023127,19.0,1,0,0,0,0,0,0,0,0,5,0,,67,12,2006,2,39.9947,-75.1214,17.0,6,0,0,0,0,0,0,0,0,,0,0,0,23,3,0,0,,0.0,39 59:40.920,,0,75 07:17.133,9,0,0,0,67301,0,0,0,N,0,0,0,1,67301,0,,1,1,,N,N,,0,,0,0,1,0,0,,2347,0,2,0,0,0,0,1,3,4,0,2,3,,N,,,,,,,,,,,
2007023137,1027.0,2,0,0,0,0,0,0,0,0,4,0,,67,12,2006,1,39.9743,-75.2264,9999.0,6,0,0,0,0,0,0,1,0,,0,0,0,10,1,1,1,,0.0,39 58:27.000,,0,75 13:34.908,4,0,0,0,67301,0,0,0,N,0,0,0,2,67301,1,,1,1,,N,N,,0,,0,0,0,3,2,,1027,1,2,0,0,1,0,1,3,4,0,2,3,,N,,,,,,,,,,,
2007055082,1320.0,1,0,0,0,0,0,0,0,0,4,0,,67,1,2006,4,39.9629,-75.2023,1315.0,6,0,0,0,0,0,0,0,0,,0,0,0,13,1,1,1,,0.0,39 57:46.000,,0,75 12:08.238,8,0,0,0,67301,0,0,0,,0,0,0,2,67301,0,,1,1,,,,,0,,0,0,0,3,2,,1306,1,2,0,0,0,1,0,3,4,1,2,3,,N,,,,,,,,,,,
2007029682,1336.0,2,0,0,0,0,0,0,0,0,1,0,,67,12,2006,4,40.0921,-74.9819,1333.0,6,0,0,0,0,0,1,0,0,,0,0,0,13,1,1,2,,0.0,40 05:31.000,,0,74 58:54.774,4,0,0,0,67301,0,0,0,N,0,0,0,2,67301,1,,1,1,,N,N,,0,,0,0,0,3,2,,1329,1,2,0,0,0,0,0,3,4,0,2,3,,N,,,,,,,,,,,
2007038173,,2,0,0,0,0,0,0,0,0,1,0,,67,5,2006,6,40.025,-75.1257,,6,0,0,0,0,0,0,0,0,,0,0,0,23,6,2,1,,0.0,40 01:30.000,,0,75 07:31.660,3,0,0,0,67301,0,0,0,,0,0,0,3,,0,,1,1,,,,,0,,2,0,0,0,0,,2300,2,2,0,0,0,0,1,3,4,0,2,3,,N,,,,,,,,,,,
2007034512,,3,0,0,0,0,0,0,0,0,1,0,,67,11,2006,4,,,,6,0,0,0,0,0,2,0,0,,0,0,0,15,1,2,0,,0.0,,,0,,3,0,0,0,67301,0,0,0,N,0,0,0,3,00000,0,,1,9,,N,N,,0,,2,0,0,0,0,,1500,2,3,0,0,0,0,0,3,3,0,3,7,,N,,,,,,,,,,,
2007010942,150.0,2,0,0,0,0,0,0,0,0,4,0,,67,12,2006,3,39.9531,-75.1818,142.0,6,0,0,0,0,0,0,0,0,,0,0,0,1,3,2,1,,0.0,39 57:11.000,,2,75 10:55.105,4,0,0,0,67301,0,0,0,,0,0,0,2,67301,1,,1,1,,N,N,,0,,0,0,0,9,2,,140,2,2,0,0,0,1,0,3,4,0,2,3,,N,,,,,,,,,,,
2007008443,854.0,0,0,0,0,0,0,0,0,0,7,0,,67,11,2006,5,39.9634,-75.2182,847.0,6,0,0,0,0,0,0,0,0,,0,0,0,8,1,1,0,,0.0,39 57:48.300,,0,75 13:05.400,8,0,0,0,67301,0,0,0,N,0,0,0,1,67301,0,,5,1,,N,N,,0,,0,0,0,0,0,,841,1,1,0,0,0,1,0,3,4,1,1,99,,N,,,,,,,,,,,
2006094462,1651.0,1,0,0,0,0,0,0,0,0,4,0,,67,7,2006,4,,,1649.0,6,0,0,0,0,0,2,0,0,1.0,0,0,0,13,1,1,1,,1.0,,3.0,0,,4,0,0,0,67301,0,0,0,N,0,0,0,4,67301,1,,1,1,,N,N,,1,,0,0,0,3,3,N,1359,1,3,0,0,0,0,0,3,3,0,3,3,,N,,,,,,,,,,,
2006094183,900.0,2,0,0,0,0,0,0,0,0,3,0,,67,8,2006,7,40.0216,-75.1244,853.0,6,0,0,0,0,0,0,0,0,,0,0,0,8,1,1,1,,0.0,40 01:17.655,,0,75 07:27.663,8,0,0,0,67301,0,0,0,N,0,0,0,3,67301,0,,1,1,,N,N,,0,,0,0,0,3,2,,850,1,2,0,0,0,1,0,3,4,0,2,3,,N,,,,,,,,,,,
2006094476,1433.0,0,0,0,0,0,0,0,0,0,7,0,,67,7,2006,2,39.9084,-75.1934,1423.0,6,0,0,0,0,0,0,0,0,,0,0,0,14,1,1,0,,0.0,39 54:29.000,,0,75 11:36.692,4,0,0,0,67301,0,0,0,Y,0,0,0,1,67301,1,,2,1,,N,N,,0,,0,0,1,0,0,,1423,1,1,0,0,0,0,0,3,4,0,1,3,,N,,,,,,,,,,,
2006081716,1751.0,1,0,0,1,0,0,0,0,0,4,0,,67,6,2006,2,40.0385,-75.1689,1751.0,6,0,0,0,0,0,0,0,0,,0,0,0,17,1,1,1,,0.0,40 02:18.510,,0,75 10:08.119,4,0,0,0,67301,1,0,0,N,0,0,0,2,67301,1,,1,1,,N,N,,0,,0,0,0,3,3,,1748,1,2,0,0,0,0,0,3,4,0,1,3,,N,,,,,,,,,,,
2006066186,0.0,1,0,0,0,0,0,0,0,0,8,0,,67,6,2006,5,40.0419,-75.0301,2000.0,6,0,0,0,0,0,0,0,0,,0,0,0,99,1,1,2,,0.0,40 02:30.807,,0,75 01:48.187,3,0,0,0,67301,1,0,0,N,1,0,0,2,67301,0,,1,1,,N,N,,0,,1,0,0,1,3,,9999,1,2,0,0,0,0,0,3,4,0,1,3,,N,,,,,,,,,,,
2006066219,1002.0,0,0,0,0,0,0,0,0,0,8,0,,67,5,2006,3,39.9639,-75.1847,1000.0,6,0,0,0,0,0,0,0,0,,0,0,0,9,1,1,2,,0.0,39 57:50.000,,8,75 11:05.169,4,0,0,0,67301,1,0,0,N,1,0,0,2,67301,1,,1,1,,N,N,,0,,0,0,0,3,2,,909,1,2,0,0,0,0,1,3,4,1,1,3,,N,,,,,,,,,,,
2006056427,2237.0,1,0,0,0,0,0,0,0,0,1,0,,67,4,2006,2,,,2200.0,6,0,0,0,1,0,0,0,0,,0,0,0,22,3,1,0,,0.0,,,0,,4,0,0,1,67301,0,0,0,N,0,0,0,1,67301,1,,6,1,,N,N,,0,,0,0,0,0,0,,2200,1,2,0,0,0,0,0,3,3,0,2,3,,N,,,,,,,,,,,
2006054035,855.0,1,0,0,0,0,0,0,0,0,4,0,,67,3,2006,5,39.9881,-75.1179,847.0,6,0,0,0,0,0,1,0,0,,0,0,0,8,1,3,10,,0.0,39 59:17.055,,0,75 07:04.551,4,0,0,0,67301,0,0,0,,0,0,0,4,67301,3,,1,1,,N,N,,0,,0,0,0,9,3,,845,3,2,0,0,0,0,0,3,4,1,2,3,,N,,,,,,,,,,,
2006033778,1109.0,4,0,0,0,0,0,0,0,0,1,0,,67,1,2006,2,,,1109.0,6,0,0,0,0,0,1,0,0,,0,0,0,99,1,1,0,,0.0,,,0,,4,0,0,0,67301,0,0,0,,0,0,0,4,67301,1,,1,9,,N,N,,0,,0,0,0,0,0,,9999,1,4,0,0,0,0,1,3,3,0,4,7,,N,,,,,,,,,,,
2006036609,2252.0,2,0,0,0,0,0,0,0,0,5,0,,67,3,2006,6,,,2247.0,6,0,0,0,0,0,1,0,0,1.0,0,0,0,22,3,1,0,,2.0,,1.0,0,,4,0,0,0,67301,0,0,0,N,0,0,0,1,67301,1,,1,1,,N,N,,0,,0,0,0,0,0,Y,2245,1,2,0,0,0,0,0,3,3,0,2,3,,N,,,,,,,,,,,
2006036683,2350.0,1,0,0,0,0,0,0,0,0,7,0,,67,3,2006,1,40.065,-74.9822,2339.0,6,0,0,0,0,0,0,0,0,,0,0,0,23,3,1,0,,0.0,40 03:53.000,,0,74 58:55.996,3,0,0,0,67301,0,0,0,,0,0,0,1,67301,0,,2,1,,N,N,,0,,1,0,0,0,0,,2330,1,1,0,0,0,0,0,3,4,0,1,3,,N,,,,,,,,,,,
2006034208,838.0,2,0,0,0,0,0,1,0,0,4,1,,67,1,2006,3,40.0146,-75.1567,835.0,6,0,0,0,0,0,0,0,0,,0,0,0,8,1,0,1,,0.0,40 00:52.000,,0,75 09:23.913,0,0,0,0,67301,0,0,0,N,0,0,0,4,67301,0,,1,9,,N,N,,0,,0,0,0,3,2,,833,0,4,0,0,0,0,0,3,4,1,4,7,,N,,,,,,,,,,,
2006102764,1543.0,2,0,0,0,0,0,0,0,0,5,0,,67,8,2006,1,,,1538.0,6,0,0,0,0,0,0,0,0,,0,0,0,15,1,1,0,,0.0,,,0,,8,0,0,0,67301,0,0,0,N,0,0,0,4,67301,0,,6,1,,N,N,,0,,0,0,0,3,2,,1530,1,2,0,0,0,1,0,3,3,0,2,3,,N,,,,,,,,,,,
2006103154,1945.0,2,0,0,0,0,0,0,0,0,1,0,,67,9,2006,3,,,1928.0,6,0,0,0,0,0,1,0,0,1.0,0,0,0,19,2,1,0,,1.0,,2.0,0,,4,0,0,0,67301,0,0,0,N,0,0,0,2,67301,1,,1,1,,N,N,,0,,0,0,0,0,0,N,1928,1,2,0,0,0,0,0,3,3,0,2,3,,N,,,,,,,,,,,
2006103231,2020.0,1,0,0,0,0,0,0,0,0,7,0,,67,8,2006,3,39.9386,-75.1975,2015.0,6,0,0,0,0,0,0,0,0,1.0,0,0,0,20,3,0,0,,2.0,39 56:20.400,3.0,0,75 11:49.560,0,0,0,0,67301,0,0,0,N,0,0,0,1,67301,0,,2,1,,N,N,,0,,0,0,0,0,0,N,2015,0,1,0,0,0,0,0,3,4,0,1,3,,N,,,,,,,,,,,
2006103250,1702.0,1,0,0,1,0,0,0,0,0,4,0,,67,8,2006,2,39.9702,-75.1597,1700.0,6,0,0,0,0,0,1,0,0,,0,0,0,16,1,1,1,,0.0,39 58:12.000,,0,75 09:34.827,8,0,0,0,67301,1,0,0,N,0,0,0,2,67301,0,,1,1,,N,N,,0,,0,0,0,3,2,,1658,1,2,0,0,0,1,0,3,4,0,1,3,,N,,,,,,,,,,,
2006033663,31.0,0,0,0,0,0,0,0,0,0,7,0,,67,2,2006,4,39.9909,-75.1551,31.0,6,0,0,1,0,0,0,0,0,1.0,0,0,0,0,3,1,1,,1.0,39 59:27.000,2.0,0,75 09:19.111,8,0,0,0,67301,0,0,0,N,0,0,0,1,67301,0,,2,1,,N,N,,1,,0,0,0,9,2,N,30,1,1,0,0,1,1,0,3,4,0,1,3,,N,,,,,,,,,,,
2006037543,800.0,1,0,0,0,0,0,0,0,0,4,0,,67,2,2006,6,40.048,-75.0928,743.0,6,0,0,0,0,0,0,1,0,,0,0,0,7,1,4,1,,0.0,40 02:52.000,,0,75 05:34.347,4,0,0,0,67301,0,0,0,N,0,0,0,4,67301,4,,1,1,,N,N,,0,,0,0,1,3,3,,740,4,2,0,0,0,0,0,3,4,0,2,3,,N,,,,,,,,,,,
2006032582,1443.0,2,0,0,0,0,0,0,0,0,2,0,,67,1,2006,7,40.0276,-75.1471,1443.0,6,0,0,0,0,0,0,0,1,,0,0,0,14,1,2,1,,0.0,40 01:39.000,,0,75 08:50.041,2,0,0,0,67301,0,0,0,N,0,0,0,2,67301,1,,1,1,,N,N,,0,,0,1,0,3,2,,1443,2,2,0,1,1,0,0,3,4,0,2,3,,N,,,,,,,,,,,
2006037737,1643.0,3,0,0,0,0,0,0,0,0,6,0,,67,3,2006,6,40.0231,-75.124,1635.0,6,0,0,0,0,0,1,0,0,,0,0,0,16,1,1,1,,0.0,40 01:23.210,,0,75 07:26.428,4,0,0,0,67301,0,0,0,N,0,0,0,2,67301,1,,1,1,,N,N,,0,,0,0,0,9,3,,1620,1,3,0,0,0,0,0,3,4,0,3,3,,N,,,,,,,,,,,
2006079203,759.0,2,0,0,0,0,0,0,0,0,4,0,,67,6,2006,6,,,759.0,6,0,0,0,0,0,1,0,0,,0,0,0,7,1,2,1,,0.0,,,0,,3,0,0,0,67301,0,0,0,N,0,0,0,2,67301,1,,1,1,,N,N,,0,,1,0,0,3,3,,759,2,2,0,0,0,0,0,3,3,0,2,3,,N,,,,,,,,,,,
2006082015,1200.0,1,0,0,0,0,0,0,0,0,1,0,,67,6,2006,4,,,1154.0,6,0,0,0,0,0,0,0,0,,0,0,0,11,1,2,1,,0.0,,,0,,3,0,0,0,67301,0,0,0,N,0,0,0,2,67301,1,,1,1,,N,N,,0,,1,0,1,3,2,,1130,2,2,0,0,0,0,0,3,3,0,2,3,,N,,,,,,,,,,,
2006079623,1848.0,1,0,0,1,0,0,0,0,0,4,0,,67,6,2006,2,,,1848.0,6,0,0,0,0,0,0,0,0,,0,0,0,18,1,1,1,,0.0,,,0,,3,0,0,0,67301,1,0,0,N,0,0,0,4,67301,0,,1,9,,N,N,,0,,1,0,0,3,3,,1845,1,2,0,0,0,0,0,3,3,0,1,3,,N,,,,,,,,,,,
2006082121,908.0,2,0,0,0,0,0,0,0,0,6,0,,67,7,2006,7,40.0264,-75.1172,904.0,6,0,0,0,0,0,1,0,0,1.0,0,0,0,9,1,1,5,,1.0,40 01:34.000,4.0,0,75 07:01.862,4,0,0,0,67301,0,0,0,N,0,0,0,4,67301,1,,1,1,,N,N,,0,,0,0,0,3,2,N,900,1,2,0,0,1,0,0,3,4,0,2,3,,N,,,,,,,,,,,
2006079913,1920.0,0,0,0,0,0,0,0,0,0,8,0,,67,7,2006,7,39.9817,-75.1296,1916.0,6,0,0,0,0,0,0,0,0,9.0,0,0,0,19,1,1,0,,2.0,39 58:54.000,3.0,0,75 07:46.356,4,0,0,0,67301,1,0,0,,1,0,0,2,67301,1,,1,1,,,,,0,,0,0,1,0,0,Y,1910,1,2,0,0,0,0,1,3,4,0,1,3,,N,,,,,,,,,,,
2006018671,1805.0,1,0,0,0,0,0,0,0,0,5,0,,67,1,2006,4,40.0075,-75.1924,1759.0,6,0,0,0,0,0,0,0,0,,0,0,0,17,2,1,0,,0.0,40 00:28.000,,0,75 11:30.108,4,0,0,0,67301,0,0,0,N,0,0,0,2,67301,1,,1,1,,N,N,,1,,0,0,0,0,0,,1759,1,2,0,0,0,0,1,3,4,0,2,3,,N,,,,,,,,,,,
2007009078,805.0,2,0,0,0,0,0,0,0,0,7,0,,67,11,2006,6,40.0097,-75.1872,802.0,6,0,0,0,0,0,0,0,0,1.0,0,0,0,8,1,1,7,,1.0,40 00:38.160,2.0,2,75 11:04.560,4,0,0,0,67301,0,0,0,N,0,0,0,2,67301,1,,2,1,,N,N,,0,,0,0,0,0,0,N,802,1,2,0,0,0,0,0,3,4,0,2,3,,N,,,,,,,,,,,
2007023533,1935.0,2,0,0,0,0,0,0,0,0,2,0,,67,12,2006,6,40.0626,-75.0096,1935.0,6,0,0,0,1,0,0,0,0,,0,0,0,19,3,2,1,,0.0,40 03:45.000,,0,75 00:34.384,2,0,0,0,67301,0,0,0,N,0,0,0,2,67301,0,,1,1,,N,N,,0,,0,2,0,3,2,,1930,2,2,0,0,0,0,0,3,4,0,2,3,,N,,,,,,,,,,,
2007023653,939.0,1,0,0,0,0,0,0,0,0,4,0,,67,12,2006,4,39.922,-75.151,939.0,6,0,0,0,0,0,0,0,0,,0,1,0,9,1,0,1,,0.0,39 55:19.000,,0,75 09:03.502,0,0,0,0,67301,0,0,0,N,0,0,0,5,67301,0,,1,9,,N,N,,0,,0,0,0,3,2,,939,0,2,0,0,1,0,0,3,4,0,2,7,,N,,,,,,,,,,,
2007055078,820.0,1,0,0,0,0,0,0,0,0,7,0,,67,12,2006,2,39.9623,-75.1394,805.0,6,0,0,0,0,0,0,0,0,1.0,0,0,0,8,1,1,0,,1.0,39 57:27.000,3.0,8,75 08:25.466,4,0,0,0,67301,0,0,0,N,0,0,0,1,67301,1,,2,1,,N,N,,0,,0,0,0,0,0,N,805,1,1,0,0,0,0,0,3,4,0,1,3,,N,,,,,,,,,,,
2007032569,,1,0,0,1,0,0,0,0,0,4,0,,67,7,2006,2,,,,6,0,0,0,0,0,0,0,0,,0,0,0,99,1,1,0,,0.0,,,0,,8,0,0,0,67301,1,0,0,N,0,0,0,2,00000,0,,1,1,,N,N,,0,,0,0,0,0,0,,9999,1,2,0,0,0,1,1,3,3,0,1,3,,N,,,,,,,,,,,
2007029691,1655.0,1,0,0,0,0,0,0,0,0,4,0,,67,12,2006,3,39.9569,-75.1587,1655.0,6,0,0,0,0,0,1,0,0,,0,0,0,14,1,1,1,,0.0,39 57:25.000,,0,75 09:31.332,4,0,0,0,67301,0,0,0,,0,0,0,2,67301,1,,1,1,,,,,0,,0,0,1,3,2,,1453,1,2,0,0,0,0,0,3,4,0,2,3,,N,,,,,,,,,,,
2007034657,236.0,1,0,0,0,0,0,0,0,0,8,0,,67,3,2006,7,40.015,-75.0681,234.0,6,0,0,0,0,0,0,0,0,,1,0,0,2,3,0,1,,0.0,40 00:53.000,,0,75 04:05.160,1,0,0,0,67301,1,1,0,N,1,1,0,2,67301,0,2.0,1,1,,N,N,,0,0.0,0,0,0,9,2,,234,0,2,0,0,0,0,0,3,4,0,1,3,,N,,,,,,,,,,,
2007008451,1134.0,1,0,0,0,0,0,0,0,0,1,0,,67,11,2006,4,39.9485,-75.1856,1129.0,6,0,0,0,0,0,1,0,0,1.0,0,0,0,11,1,1,6,,2.0,39 56:50.000,4.0,2,75 11:15.035,4,0,0,0,67301,0,0,0,,0,0,0,2,67301,1,,7,1,,,,,0,,0,0,0,3,4,Y,1125,1,2,0,0,0,0,0,3,4,1,2,3,,N,,,,,,,,,,,
2007008457,410.0,1,0,0,0,0,0,0,0,0,7,0,,67,11,2006,3,39.9568,-75.1408,405.0,6,0,0,0,1,0,0,0,0,,0,0,0,3,3,0,0,,0.0,39 57:25.000,,0,75 08:26.614,0,0,0,0,67301,0,0,0,N,0,0,0,1,67301,0,,1,1,,N,N,,0,,0,0,0,0,0,,300,0,1,0,0,0,0,0,3,4,0,1,3,,N,,,,,,,,,,,
2007011186,1750.0,2,0,0,0,0,0,0,0,0,1,0,,67,11,2006,6,40.0461,-75.0825,1740.0,6,0,0,0,1,0,1,0,0,,0,0,0,17,2,1,0,,0.0,40 02:45.800,,0,75 04:57.000,8,0,0,0,67301,0,0,0,N,0,0,0,2,67301,0,,1,1,,N,N,,0,,0,0,0,9,2,,1730,1,2,0,0,0,1,0,3,4,0,2,3,,N,,,,,,,,,,,
2007008810,1610.0,0,0,0,0,0,0,0,0,0,8,0,,67,11,2006,1,39.9671,-75.1471,1605.0,6,0,0,0,0,0,0,0,0,,0,0,0,15,1,1,1,,0.0,39 58:01.668,,0,75 08:49.739,3,0,0,0,67301,1,0,0,,1,0,0,2,67301,0,,1,9,,N,N,,0,,1,0,0,9,3,,1546,1,2,0,0,0,0,1,3,4,0,1,7,,N,,,,,,,,,,,
2007013681,2251.0,1,0,0,0,0,0,0,0,0,4,0,,67,11,2006,2,39.9035,-75.2432,2248.0,6,0,0,0,0,0,1,0,0,1.0,0,0,0,22,3,0,1,,1.0,39 54:12.423,3.0,0,75 14:35.429,0,0,0,0,67301,0,0,0,N,0,0,0,2,67301,0,,1,1,,N,N,,0,,0,0,1,3,2,N,2247,0,2,0,0,0,0,0,3,4,0,2,3,,N,,,,,,,,,,,
2007007960,826.0,1,0,0,0,0,0,0,0,0,4,0,,67,12,2006,2,39.9761,-75.1602,825.0,6,0,0,0,0,0,0,0,0,,0,0,0,8,1,4,1,,0.0,39 58:33.855,,0,75 09:36.622,4,0,0,0,67301,0,0,0,N,0,0,0,6,67301,2,,1,1,,N,N,,0,,0,0,0,2,2,,825,4,2,0,0,0,2,2,3,4,1,2,3,,N,,,,,,,,,,,
2007022176,2106.0,1,0,0,0,0,0,0,0,0,8,0,,67,12,2006,5,40.0702,-75.0149,2101.0,6,0,0,0,0,0,0,0,0,1.0,0,0,0,21,3,1,0,,1.0,40 04:12.831,1.0,0,75 00:53.636,8,0,0,0,67301,1,0,0,N,1,0,0,2,67301,0,,1,1,,N,N,,0,,0,0,0,0,0,N,2100,1,2,0,0,0,1,0,3,4,0,1,3,,N,,,,,,,,,,,
2007007128,850.0,1,0,0,0,0,0,0,0,0,5,1,,67,11,2006,4,40.0218,-75.0379,845.0,6,0,0,0,0,0,0,0,0,,0,1,0,8,1,1,3,,0.0,40 01:18.000,,0,75 02:16.741,4,0,0,0,67301,0,0,0,N,0,0,0,2,67301,1,,1,1,,N,N,,0,,0,0,0,9,4,,845,1,2,0,0,0,0,0,3,4,0,2,3,,N,,,,,,,,,,,
2007010199,1918.0,2,0,0,0,0,0,0,0,0,2,0,,67,12,2006,7,40.0301,-75.1245,1912.0,6,0,0,0,0,0,1,0,0,2.0,0,0,0,19,3,1,0,,2.0,40 01:48.349,5.0,0,75 07:28.297,8,0,0,0,67301,0,0,0,,0,0,0,4,67301,0,,1,1,,N,N,,0,,0,0,0,3,2,Y,1905,1,2,0,0,0,1,1,3,4,0,2,3,,N,,,,,,,,,,,
2007007746,2308.0,1,0,0,0,0,0,0,0,0,4,0,,67,11,2006,4,39.9579,-75.1641,2305.0,6,0,0,0,0,0,0,0,0,2.0,0,0,0,23,3,1,1,,1.0,39 57:27.000,3.0,0,75 09:50.847,4,0,0,0,67301,0,0,0,N,0,0,0,5,67301,1,,1,1,,N,N,,1,,0,0,0,2,2,N,2303,1,2,0,0,0,0,0,3,4,0,2,3,,N,,,,,,,,,,,
2006055332,1045.0,3,0,0,0,0,0,0,0,0,4,0,,67,3,2006,5,40.0252,-75.1254,1040.0,6,0,0,0,0,0,2,0,0,,0,0,0,10,1,3,1,,0.0,40 01:30.000,,0,75 07:31.903,4,0,0,0,67301,0,0,0,N,0,0,0,4,67301,3,,1,1,,N,N,,0,,0,0,0,3,2,,1035,3,3,0,0,0,0,0,3,4,0,3,3,,N,,,,,,,,,,,