CRN,ARRIVAL_TM,AUTOMOBILE_COUNT,BELTED_DEATH_COUNT,BELTED_SUSP_SERIOUS_INJ_COUNT,BICYCLE_COUNT,BICYCLE_DEATH_COUNT,BICYCLE_SUSP_SERIOUS_INJ_COUNT,BUS_COUNT,CHLDPAS_DEATH_COUNT,CHLDPAS_SUSP_SERIOUS_INJ_COUNT,COLLISION_TYPE,COMM_VEH_COUNT,CONS_ZONE_SPD_LIM,COUNTY,CRASH_MONTH,CRASH_YEAR,DAY_OF_WEEK,DEC_LAT,DEC_LONG,DISPATCH_TM,DISTRICT,DRIVER_COUNT_16YR,DRIVER_COUNT_17YR,DRIVER_COUNT_18YR,DRIVER_COUNT_19YR,DRIVER_COUNT_20YR,DRIVER_COUNT_50_64YR,DRIVER_COUNT_65_74YR,DRIVER_COUNT_75PLUS,EST_HRS_CLOSED,FATAL_COUNT,HEAVY_TRUCK_COUNT,HORSE_BUGGY_COUNT,HOUR_OF_DAY,ILLUMINATION,INJURY_COUNT,INTERSECT_TYPE,INTERSECTION_RELATED,LANE_CLOSED,LATITUDE,LN_CLOSE_DIR,LOCATION_TYPE,LONGITUDE,MAX_SEVERITY_LEVEL,MCYCLE_DEATH_COUNT,MCYCLE_SUSP_SERIOUS_INJ_COUNT,MOTORCYCLE_COUNT,MUNICIPALITY,NONMOTR_COUNT,NONMOTR_DEATH_COUNT,NONMOTR_SUSP_SERIOUS_INJ_COUNT,NTFY_HIWY_MAINT,PED_COUNT,PED_DEATH_COUNT,PED_SUSP_SERIOUS_INJ_COUNT,PERSON_COUNT,POLICE_AGCY,POSSIBLE_INJ_COUNT,RDWY_SURF_TYPE_CD,RELATION_TO_ROAD,ROAD_CONDITION,ROADWAY_CLEARED,SCH_BUS_IND,SCH_ZONE_IND,SECONDARY_CRASH,SMALL_TRUCK_COUNT,SPEC_JURIS_CD,SUSP_MINOR_INJ_COUNT,SUSP_SERIOUS_INJ_COUNT,SUV_COUNT,TCD_FUNC_CD,TCD_TYPE,TFC_DETOUR_IND,TIME_OF_DAY,TOT_INJ_COUNT,TOTAL_UNITS,UNB_DEATH_COUNT,UNB_SUSP_SERIOUS_INJ_COUNT,UNBELTED_OCC_COUNT,UNK_INJ_DEG_COUNT,UNK_INJ_PER_COUNT,URBAN_AREA,URBAN_RURAL,VAN_COUNT,VEHICLE_COUNT,WEATHER1,WEATHER2,WORK_ZONE_IND,WORK_ZONE_LOC,WORK_ZONE_TYPE,WORKERS_PRES,WZ_CLOSE_DETOUR,WZ_FLAGGER,WZ_LAW_OFFCR_IND,WZ_LN_CLOSURE,WZ_MOVING,WZ_OTHER,WZ_SHLDER_MDN,WZ_WORKERS_INJ_KILLED
2006055066,621.0,0,0,0,0,0,0,0,0,0,4,0,,67,2,2006,3,39.9574,-75.1571,618.0,6,0,0,0,0,0,1,0,0,,0,0,0,6,1,2,2,,0.0,39 57:26.000,,0,75 09:25.535,4,0,0,0,67301,0,0,0,,0,0,0,3,67301,2,,1,1,,,,,0,,0,0,1,3,2,,615,2,2,0,0,0,0,0,3,4,1,2,3,,N,,,,,,,,,,,
2006094150,259.0,2,0,0,0,0,0,0,0,0,2,0,,67,7,2006,1,40.0231,-75.124,242.0,6,0,0,0,0,0,0,0,0,,0,0,0,2,3,0,1,,0.0,40 01:23.210,,0,75 07:26.428,0,0,0,0,67301,0,0,0,N,0,0,0,2,67301,0,,1,1,,N,N,,0,,0,0,0,9,3,,236,0,2,0,0,0,0,0,3,4,0,2,99,,N,,,,,,,,,,,
2006094200,640.0,3,0,0,0,0,0,0,0,0,2,0,,67,7,2006,1,,,630.0,6,0,0,0,0,0,0,0,0,,0,0,0,6,1,1,1,,0.0,,,0,,4,0,0,0,67301,0,0,0,N,0,0,0,1,67301,1,,4,1,,N,N,,0,,0,0,0,0,0,,635,1,3,0,0,0,0,0,3,3,0,3,3,,N,,,,,,,,,,,
2006081677,1333.0,3,0,0,0,0,0,0,0,0,1,0,,67,5,2006,3,,,1330.0,6,0,0,0,0,0,0,0,0,2.0,0,0,0,13,1,1,0,,1.0,,1.0,0,,8,0,0,0,67301,0,0,0,N,0,0,0,3,67301,0,,1,1,,N,N,,0,,0,0,0,3,2,N,1330,1,3,0,0,0,1,0,3,3,0,3,3,,N,,,,,,,,,,,
2006084181,1436.0,2,0,0,0,0,0,0,0,0,1,0,,67,7,2006,7,,,1428.0,6,1,0,0,0,0,0,0,0,,0,0,0,14,1,0,0,,0.0,,,3,,0,0,0,0,67301,0,0,0,N,0,0,0,6,67501,0,,1,1,,N,N,,0,,0,0,0,3,8,,1431,0,2,0,0,0,0,0,3,3,0,2,3,,N,,,,,,,,,,,
2006126298,1346.0,3,0,0,0,0,0,0,0,0,4,0,,67,10,2006,2,39.9631,-75.1901,1344.0,6,0,0,0,0,0,2,0,0,3.0,0,0,0,13,1,0,1,,2.0,39 57:47.077,1.0,0,75 11:24.493,0,0,0,0,67301,0,0,0,N,0,0,0,4,67301,0,,1,1,,N,N,,0,,0,0,0,3,3,Y,1340,0,3,0,0,0,0,0,3,4,0,3,3,,N,,,,,,,,,,,
2006056462,31.0,1,0,0,0,0,0,0,0,0,5,0,,67,4,2006,7,39.9546,-75.1648,29.0,6,0,0,0,0,0,0,0,0,,0,0,0,0,3,1,1,,0.0,39 57:17.000,,0,75 09:58.836,4,0,0,1,67301,0,0,0,,0,0,0,2,67301,1,,1,1,,,,,0,,0,0,0,9,2,,10,1,2,0,0,0,0,0,3,4,0,2,3,,N,,,,,,,,,,,
2006056471,1710.0,1,0,0,0,0,0,0,0,0,8,0,,67,4,2006,5,39.9689,-75.1599,1700.0,6,0,0,0,0,0,1,0,0,,0,0,0,14,1,1,0,,0.0,39 58:08.000,,0,75 09:35.857,2,0,0,0,67301,1,0,1,N,1,0,1,2,67301,0,,1,1,,N,N,,0,,0,1,0,3,2,,1445,1,2,0,0,0,0,0,3,4,0,1,3,,N,,,,,,,,,,,
2006033805,1303.0,1,0,0,0,0,0,1,0,0,5,1,,67,2,2006,2,39.9266,-75.2356,1303.0,6,0,0,0,0,0,0,0,0,,0,0,0,13,1,2,1,,0.0,39 55:35.885,,0,75 14:08.107,4,0,0,0,67301,0,0,0,,0,0,0,4,67301,2,,1,6,,N,N,,0,,0,0,0,3,2,,1300,2,2,0,0,0,0,0,3,4,0,2,3,,N,,,,,,,,,,,
2006033792,1610.0,2,0,0,0,0,0,0,0,0,4,0,,67,2,2006,1,40.0403,-75.0585,1604.0,6,0,2,0,0,0,0,0,0,1.0,0,0,0,15,1,1,5,,1.0,40 02:25.000,2.0,0,75 03:32.310,8,0,0,0,67301,0,0,0,N,0,0,0,2,67301,0,,1,1,,N,N,,0,,0,0,0,3,2,N,1550,1,2,0,0,0,1,0,3,4,0,2,3,,N,,,,,,,,,,,
2006103156,1455.0,2,0,0,0,0,0,0,0,0,4,0,,67,9,2006,1,40.0667,-75.178,1449.0,6,0,0,0,0,0,0,1,0,,0,0,0,14,1,3,1,,0.0,40 04:00.000,,0,75 10:40.889,3,0,0,0,67301,2,0,0,N,0,0,0,4,67301,2,,1,1,,N,N,,0,,1,0,0,3,3,,1448,3,2,0,0,1,0,0,3,4,0,2,3,,N,,,,,,,,,,,
2006103243,1745.0,1,0,0,0,0,0,0,0,0,8,0,,67,8,2006,2,40.039,-75.1466,1745.0,6,0,0,0,0,0,0,0,1,,0,0,0,17,1,1,2,,0.0,40 02:20.760,,0,75 08:48.120,4,0,0,0,67301,1,0,0,N,1,0,0,2,67301,1,,1,1,,N,N,,0,,0,0,0,3,3,,1725,1,1,0,0,0,0,0,3,4,0,1,3,,N,,,,,,,,,,,
2006035932,518.0,2,0,0,0,0,0,0,0,0,5,0,,67,2,2006,3,40.0631,-75.1933,516.0,6,0,0,0,0,0,1,0,0,,0,0,0,5,1,1,0,,0.0,40 03:47.000,,0,75 11:35.933,8,0,0,0,67301,0,0,0,N,0,0,0,1,67301,0,,6,1,,N,N,,0,,0,0,1,0,0,,516,1,3,0,0,0,1,0,3,4,0,3,3,,N,,,,,,,,,,,
2006037568,9999.0,0,0,0,0,0,0,1,0,0,8,1,,67,2,2006,5,40.0169,-75.1495,415.0,6,0,0,0,0,0,1,0,0,,0,0,0,99,3,1,1,,0.0,40 01:00.000,,0,75 08:58.649,4,0,0,0,67301,1,0,0,N,1,0,0,2,67301,1,,1,1,,N,N,,0,,0,0,0,3,2,,9999,1,2,0,0,0,0,0,3,4,0,1,3,,N,,,,,,,,,,,
2006032578,200.0,0,0,0,0,0,0,0,0,0,0,0,,67,2,2006,3,39.8908,-75.2274,145.0,6,0,0,0,0,0,0,0,0,2.0,0,0,0,1,3,0,0,,2.0,39 53:26.000,3.0,2,75 13:42.830,0,0,0,0,67301,0,0,0,N,0,0,0,1,67301,0,,1,2,,N,N,,1,,0,0,0,0,0,N,140,0,1,0,0,0,0,0,3,4,0,1,3,,N,,,,,,,,,,,
2006081752,1058.0,0,0,0,0,0,0,0,0,0,1,0,,67,6,2006,3,,,1055.0,6,0,0,0,0,0,0,0,0,,0,0,0,10,1,0,1,,0.0,,,0,,0,0,0,0,67301,0,0,0,N,0,0,0,3,67301,0,,1,1,,N,N,,0,,0,0,1,0,0,,1050,0,2,0,0,0,0,0,3,3,1,2,3,,N,,,,,,,,,,,
2006079928,1121.0,3,0,0,0,0,0,0,0,0,1,0,,67,6,2006,1,39.9401,-75.2007,1117.0,6,0,1,0,0,0,1,0,0,,0,0,0,11,1,3,1,,0.0,39 56:24.000,,0,75 12:02.589,8,0,0,0,67301,0,0,0,N,0,0,0,4,67301,0,,1,1,,N,N,,0,,0,0,0,3,2,,1117,3,3,0,0,0,3,0,3,4,0,3,3,,N,,,,,,,,,,,
2006079938,1210.0,1,0,0,0,0,0,0,0,0,4,0,,67,6,2006,6,40.0615,-75.1871,1208.0,6,0,1,0,0,0,0,0,0,,0,0,0,12,1,2,1,,0.0,40 03:41.421,,0,75 11:13.592,3,0,0,0,67301,0,0,0,N,0,0,0,4,67301,1,,1,1,,N,N,,0,,1,0,1,3,3,,1205,2,2,0,0,0,0,0,3,4,0,2,3,,N,,,,,,,,,,,
2006079824,1911.0,2,0,0,0,0,0,0,0,0,2,0,,67,5,2006,3,39.9367,-75.1493,1910.0,6,0,0,0,0,0,0,0,0,,0,0,0,19,1,1,0,,0.0,39 56:11.965,,0,75 08:57.343,8,0,0,0,67301,0,0,0,N,0,0,0,2,67301,0,,1,1,,N,N,,0,,0,0,0,0,0,,1905,1,2,0,0,0,1,0,3,4,0,2,3,,N,,,,,,,,,,,
2006079852,1625.0,1,0,0,0,0,0,0,0,0,8,0,,67,6,2006,5,,,1620.0,6,0,0,0,0,0,0,0,0,,0,0,0,16,1,1,2,,0.0,,,0,,4,0,0,0,67301,1,0,0,N,1,0,0,2,67301,1,,1,1,,N,N,,0,,0,0,0,3,3,,1615,1,2,0,0,0,0,1,3,3,0,1,3,,N,,,,,,,,,,,
2007006811,1603.0,2,0,0,0,0,0,0,0,0,1,0,,67,11,2006,2,40.0584,-75.1492,1600.0,6,0,0,0,0,0,0,0,0,,0,0,0,20,3,1,1,,0.0,40 03:30.268,,0,75 08:57.263,8,0,0,0,67301,0,0,0,N,0,0,0,3,67301,0,,1,9,,N,N,,0,,0,0,0,3,2,,2030,1,2,0,0,0,1,0,3,4,0,2,7,,N,,,,,,,,,,,
2007025821,2115.0,1,0,0,0,0,0,0,0,0,7,0,,67,12,2006,6,39.9949,-75.0797,2113.0,6,0,0,0,0,0,0,0,0,,0,0,0,21,3,0,0,,0.0,39 59:41.602,,3,75 04:46.978,0,0,0,0,67301,0,0,0,N,0,0,0,1,67501,0,,4,9,,N,N,,0,,0,0,0,0,0,,2113,0,1,0,0,0,0,0,3,4,0,1,7,,N,,,,,,,,,,,
2007020719,1400.0,1,0,0,0,0,0,0,0,0,8,0,,67,12,2006,7,40.0584,-75.1895,1355.0,6,0,0,0,0,0,0,0,0,,0,0,0,13,1,1,1,,0.0,40 03:30.000,,0,75 11:21.982,8,0,0,0,67301,1,0,0,N,1,0,0,2,67301,0,,1,1,,N,N,,0,,0,0,0,3,2,,1355,1,2,0,0,0,1,0,3,4,0,1,3,,N,,,,,,,,,,,
2007008442,1307.0,2,0,0,0,0,0,0,0,0,1,0,,67,11,2006,3,39.9669,-75.2085,1307.0,6,0,0,0,0,0,1,0,0,,0,0,0,13,1,1,1,,0.0,39 58:00.000,,0,75 12:30.399,8,0,0,0,67301,0,0,0,N,0,0,0,3,67301,0,,1,9,,N,N,,0,,0,0,0,0,0,,1304,1,2,0,0,0,1,0,3,4,0,2,7,,N,,,,,,,,,,,
2007008543,1227.0,1,0,0,0,0,0,0,0,0,8,0,,67,12,2006,3,40.015,-75.1352,1224.0,6,0,0,0,0,0,0,1,0,,0,0,0,12,1,2,1,,0.0,40 00:54.079,,0,75 08:06.611,4,0,0,0,67301,2,0,0,N,2,0,0,3,67301,1,,1,1,,N,N,,0,,0,0,0,3,2,,1220,2,3,0,0,0,1,0,3,4,0,1,3,,N,,,,,,,,,,,
2007008811,1205.0,2,0,0,0,0,0,0,0,0,4,0,,67,12,2006,7,40.0638,-75.1729,1158.0,6,0,0,0,1,0,1,0,0,,0,0,0,11,1,0,1,,0.0,40 03:49.000,,0,75 10:22.328,0,0,0,0,67301,0,0,0,N,0,0,0,2,67301,0,,1,1,,N,N,,0,,0,0,0,3,3,,1126,0,2,0,0,0,0,0,3,4,0,2,3,,N,,,,,,,,,,,
2007029414,1642.0,3,0,0,0,0,0,0,0,0,4,0,,67,12,2006,5,40.0371,-75.1396,1640.0,6,0,0,0,0,0,1,0,0,,0,0,0,15,1,2,1,,0.0,40 02:13.610,,0,75 08:22.736,8,0,0,0,67301,0,0,0,N,0,0,0,3,67301,0,,1,1,,N,N,,0,,0,0,0,3,2,,1515,2,3,0,0,0,2,0,3,4,0,3,3,,N,,,,,,,,,,,
2007011311,755.0,1,0,0,0,0,0,0,0,0,8,0,,67,12,2006,3,40.054,-75.1414,745.0,6,0,0,0,0,0,0,0,0,,0,0,0,7,1,1,0,,0.0,40 03:14.000,,0,75 08:28.992,2,0,0,0,67301,1,0,1,N,1,0,1,2,67301,0,,1,1,,N,N,,0,,0,1,0,0,0,,740,1,2,0,0,1,0,0,3,4,0,1,3,,N,,,,,,,,,,,
2007011312,1727.0,1,0,0,0,0,0,0,0,0,8,0,,67,12,2006,4,40.0304,-75.1532,1717.0,6,0,0,0,0,0,0,0,0,,0,0,0,15,1,1,0,,0.0,40 01:49.300,,0,75 09:11.400,4,0,0,0,67301,1,0,0,N,1,0,0,2,67301,1,,1,1,,N,N,,0,,0,0,0,0,0,,1559,1,2,0,0,0,0,0,3,4,0,1,3,,N,,,,,,,,,,,
2007021755,650.0,2,0,0,0,0,0,0,0,0,5,0,,67,12,2006,7,40.0342,-75.124,644.0,6,0,0,0,0,0,0,0,0,,0,0,0,6,1,3,0,,0.0,40 02:02.950,,0,75 07:26.515,3,0,0,0,67301,0,0,0,N,0,0,0,4,67301,1,,6,1,,N,N,,0,,2,0,1,0,0,,630,3,4,0,0,0,0,1,3,4,1,4,3,,N,,,,,,,,,,,
2007022069,1225.0,1,0,0,0,0,0,0,0,0,4,0,,67,11,2006,3,40.0604,-74.9904,9999.0,6,0,0,0,0,0,1,0,0,,0,0,0,12,1,0,1,,0.0,40 03:37.000,,0,74 59:25.608,0,0,0,0,67301,0,0,0,N,0,0,0,2,67301,0,,1,1,,N,N,,0,,0,0,1,0,0,,1220,0,2,0,0,0,0,0,3,4,0,2,3,,N,,,,,,,,,,,
2007022148,1435.0,1,0,0,0,0,0,0,0,0,1,0,,67,12,2006,3,39.9804,-75.2247,1430.0,6,0,0,0,0,0,0,0,0,,0,0,0,14,1,1,1,,0.0,39 58:49.000,,0,75 13:28.842,8,0,0,0,67301,0,0,0,,0,0,0,3,67301,0,,1,1,,N,N,,0,,0,0,1,3,2,,1420,1,2,0,0,0,1,0,3,4,0,2,3,,N,,,,,,,,,,,
2007007141,1407.0,2,0,0,0,0,0,0,0,0,4,0,,67,11,2006,4,40.0687,-75.1988,1406.0,6,0,0,0,0,0,0,0,0,,0,0,0,14,1,1,1,,0.0,40 04:07.000,,0,75 11:55.679,3,0,0,0,67301,0,0,0,N,0,0,0,2,67301,0,,1,9,,N,N,,0,,1,0,0,3,2,,1401,1,2,0,0,0,0,0,3,4,0,2,7,,N,,,,,,,,,,,
2007009823,2050.0,2,0,0,0,0,0,0,0,0,1,0,,67,11,2006,5,39.9461,-75.2421,2046.0,6,0,1,0,0,0,0,0,0,,0,0,0,20,3,2,2,,0.0,39 56:45.000,,0,75 14:30.637,4,0,0,0,67301,0,0,0,N,0,0,0,3,67301,2,,1,9,,N,N,,0,,0,0,0,9,2,,2046,2,2,0,0,0,0,0,3,4,0,2,7,,N,,,,,,,,,,,
2007007578,1630.0,1,0,0,0,0,0,0,0,0,8,0,,67,11,2006,4,39.9565,-75.2217,1624.0,6,0,0,0,0,0,0,0,0,,0,0,0,16,1,1,0,,0.0,39 57:23.000,,0,75 13:18.271,8,0,0,0,67301,1,0,0,N,1,0,0,2,67301,0,,1,1,,N,N,,0,,0,0,0,0,0,,1604,1,2,0,0,0,1,0,3,4,0,1,3,,N,,,,,,,,,,,
2007010230,118.0,1,0,0,0,0,0,0,0,0,7,0,,67,12,2006,6,39.9601,-75.1804,106.0,6,0,0,0,0,0,0,0,0,1.0,0,0,0,1,3,0,0,,2.0,39 57:36.360,3.0,0,75 10:49.440,0,0,0,0,67301,0,0,0,N,0,0,0,2,67301,0,,2,9,,N,N,,0,,0,0,0,0,0,N,104,0,1,0,0,0,0,0,3,4,0,1,7,,N,,,,,,,,,,,
2007010239,903.0,1,0,0,1,0,0,0,0,0,5,0,,67,11,2006,6,39.9536,-75.1768,859.0,6,0,0,0,0,0,0,0,0,,0,0,0,8,1,1,2,,0.0,39 57:12.880,,0,75 10:36.379,4,0,0,0,67301,1,0,0,N,0,0,0,2,67301,1,,1,1,,N,N,,0,,0,0,0,0,0,,845,1,2,0,0,0,0,0,3,4,0,1,3,,N,,,,,,,,,,,
2007007685,1935.0,1,0,0,0,0,0,0,0,0,8,0,,67,11,2006,1,39.9638,-75.22,1930.0,6,0,0,0,0,0,0,0,0,,0,0,0,15,1,1,1,,0.0,39 57:49.000,,0,75 13:12.631,4,0,0,0,67301,1,0,0,N,1,0,0,2,67301,1,,1,9,,N,N,,0,,0,0,0,9,2,,1525,1,2,0,0,0,0,0,3,4,0,1,7,,N,,,,,,,,,,,
2007007723,1030.0,2,0,0,0,0,0,0,0,0,2,0,,67,11,2006,5,40.0865,-75.0394,1026.0,6,0,0,0,0,0,0,0,1,,0,0,0,10,1,1,0,,0.0,40 05:10.000,,0,75 02:20.536,8,0,0,0,67301,0,0,0,N,0,0,0,2,67301,0,,5,1,,N,N,,0,,0,0,0,0,0,,1025,1,2,0,0,0,1,1,3,4,0,2,3,,N,,,,,,,,,,,
2007033325,1222.0,0,0,0,0,0,0,0,0,0,4,0,,67,12,2006,6,39.9953,-75.2389,1214.0,6,0,0,0,0,0,0,0,0,,0,0,0,12,1,1,0,,0.0,39 59:44.000,,0,75 14:18.006,4,0,0,0,67301,0,0,0,N,0,0,0,3,67301,1,,1,1,,,,,0,,0,0,1,2,2,,1210,1,2,0,0,0,0,0,3,4,1,2,3,,N,,,,,,,,,,,
2007009204,1831.0,1,0,0,0,0,0,0,0,0,5,0,,67,11,2006,5,39.9592,-75.2311,1821.0,6,0,0,0,0,0,0,0,0,1.0,0,0,0,18,3,1,1,,1.0,39 57:33.120,4.0,0,75 13:51.960,8,0,0,0,67301,0,0,0,N,0,0,0,8,67301,0,,1,9,,N,N,,0,,0,0,0,3,2,N,1821,1,2,0,0,0,1,0,3,4,1,2,7,,N,,,,,,,,,,,
2007009208,1005.0,1,0,0,1,0,0,0,0,0,8,0,,67,12,2006,7,39.914,-75.1794,1000.0,6,0,0,0,0,0,0,0,0,,0,0,0,10,1,1,1,,0.0,39 54:50.000,,0,75 10:46.052,4,0,0,0,67301,1,0,0,N,0,0,0,2,67301,1,,1,1,,N,N,,0,,0,0,0,3,2,,1000,1,2,0,0,0,0,0,3,4,0,1,3,,N,,,,,,,,,,,
2006124546,1546.0,1,0,0,0,0,0,0,0,0,4,0,,67,11,2006,7,40.0989,-75.0133,1541.0,6,0,0,0,0,0,0,0,0,,0,0,0,15,1,1,2,,0.0,40 05:55.860,,0,75 00:47.753,4,0,0,0,67301,0,0,0,N,0,0,0,2,67301,1,,1,1,,N,N,,0,,0,0,0,0,0,,1511,1,2,0,0,0,0,0,3,4,0,2,3,,N,,,,,,,,,,,
2006102211,1600.0,1,0,0,0,0,0,0,0,0,1,0,,67,9,2006,2,,,1600.0,6,0,0,0,0,0,0,0,1,1.0,0,0,0,16,1,2,0,,1.0,,4.0,0,,4,0,0,0,67301,0,0,0,N,0,0,0,2,67301,2,,1,1,,N,N,,1,,0,0,0,0,0,N,1600,2,2,0,0,0,0,0,3,3,0,2,3,,N,,,,,,,,,,,
2006124601,1207.0,1,0,0,0,0,0,0,0,0,8,0,,67,11,2006,6,39.9322,-75.1931,1205.0,6,0,0,0,0,0,0,0,0,,0,0,0,12,1,1,0,,0.0,39 55:55.900,,0,75 11:35.300,4,0,0,0,67301,1,0,0,N,1,0,0,2,67301,1,,1,1,,N,N,,0,,0,0,0,0,0,,1204,1,2,0,0,0,0,1,3,4,0,1,3,,N,,,,,,,,,,,
2006124603,1110.0,1,0,0,1,0,0,0,0,0,5,0,,67,11,2006,7,39.9434,-75.1553,1103.0,6,0,0,0,0,1,0,0,0,,0,0,0,11,1,1,1,,0.0,39 56:36.308,,0,75 09:18.932,4,0,0,0,67301,1,0,0,N,0,0,0,2,67301,1,,1,1,,N,N,,0,,0,0,0,3,2,,1100,1,2,0,0,1,0,0,3,4,0,1,3,,N,,,,,,,,,,,
2006124234,2010.0,2,0,0,0,0,0,0,0,0,6,0,,67,10,2006,2,,,2001.0,6,0,0,0,0,0,0,0,0,,0,0,0,20,3,1,2,,0.0,,,0,,3,0,0,0,67301,0,0,0,N,0,0,0,3,67301,0,,1,1,,N,N,,0,,1,0,0,3,3,,2001,1,2,0,0,2,0,2,3,3,0,2,3,,N,,,,,,,,,,,
2006124238,845.0,2,0,0,0,0,0,0,0,0,1,0,,67,10,2006,7,39.886,-75.2132,836.0,6,0,0,0,0,0,1,0,0,2.0,0,0,0,8,1,2,2,,2.0,39 53:09.000,1.0,2,75 12:47.067,4,0,0,0,67301,0,0,0,N,0,0,0,2,67301,2,,1,1,,N,N,,0,,0,0,0,0,0,N,830,2,2,0,0,0,0,0,3,4,0,2,3,,N,,,,,,,,,,,
2006112651,9999.0,1,0,0,0,0,0,0,0,0,8,0,,67,9,2006,5,40.0251,-75.0051,1438.0,6,0,0,0,0,0,0,0,0,3.0,0,0,0,14,1,1,2,,2.0,40 01:30.403,6.0,0,75 00:18.235,2,0,0,0,67301,1,0,1,N,1,0,1,2,67301,0,,1,1,,N,N,,0,,0,1,0,0,0,Y,1436,1,2,0,0,0,0,0,3,3,0,1,3,,N,,,,,,,,,,,
2006112737,1630.0,0,0,0,1,0,0,0,0,0,4,0,,67,9,2006,2,39.9881,-75.1417,1630.0,6,0,0,0,0,0,0,0,0,,0,0,0,16,1,1,0,,0.0,39 59:17.012,,0,75 08:30.271,8,0,0,0,67301,1,0,0,N,0,0,0,2,67301,0,,1,1,,N,N,,0,,0,0,0,0,0,,1627,1,2,0,0,0,1,0,3,4,0,1,3,,N,,,,,,,,,,,
2006124901,1546.0,2,0,0,0,0,0,0,0,0,6,0,,67,11,2006,3,39.9845,-75.1455,1541.0,6,0,0,0,0,0,0,0,0,4.0,0,0,0,15,1,0,0,,2.0,39 59:04.100,1.0,0,75 08:43.900,9,0,0,0,67301,0,0,0,N,0,0,0,1,67301,0,,1,1,,N,N,,0,,0,0,0,0,0,Y,1541,0,2,0,0,0,0,1,3,4,0,2,3,,N,,,,,,,,,,,
2006127088,1946.0,0,0,0,0,0,0,0,0,0,4,0,,67,10,2006,7,40.0672,-75.1661,1944.0,6,0,0,0,0,0,0,0,0,2.0,0,0,0,19,3,1,1,,2.0,40 04:02.000,7.0,0,75 09:57.692,3,0,0,1,67301,0,0,0,N,0,0,0,2,67301,0,,1,1,,N,N,,0,,1,0,1,3,2,Y,1942,1,2,0,0,0,0,0,3,4,0,2,3,,N,,,,,,,,,,,
2006124746,140.0,1,0,0,0,0,0,0,0,0,7,0,,67,10,2006,6,39.9611,-75.1823,135.0,6,0,0,0,0,0,0,0,0,1.0,0,0,0,1,3,0,0,,1.0,39 57:40.680,1.0,0,75 10:57.000,0,0,0,0,67301,0,0,0,N,0,0,0,1,67301,0,,3,9,,N,N,,0,,0,0,0,3,4,N,135,0,1,0,0,0,0,0,3,4,0,1,7,,N,,,,,,,,,,,
2006113813,2023.0,2,0,0,0,0,0,0,0,0,4,0,,67,9,2006,1,40.0116,-75.1821,2020.0,6,0,0,0,0,0,1,0,0,2.0,0,0,0,17,3,1,2,,1.0,40 00:41.000,1.0,0,75 10:55.743,4,0,0,0,67301,0,0,0,N,0,0,0,2,67301,1,,1,9,,N,N,,0,,0,0,0,3,2,Y,1759,1,2,0,0,0,0,1,3,4,0,2,7,,N,,,,,,,,,,,
2006062087,9999.0,2,0,0,0,0,0,0,0,0,1,0,,67,5,2006,2,40.0015,-75.1524,9999.0,6,0,0,0,0,0,1,0,0,,0,0,0,16,1,4,0,,0.0,40 00:05.000,,0,75 09:09.265,8,0,0,0,67301,0,0,0,N,0,0,0,6,67301,0,,1,1,,Y,N,,0,,0,0,0,0,0,,1645,4,3,0,0,0,4,2,3,4,1,3,3,,N,,,,,,,,,,,
2006062219,625.0,1,0,0,0,0,0,0,0,0,7,0,,67,5,2006,5,39.9025,-75.1511,620.0,6,0,0,0,0,0,0,0,0,1.0,0,0,0,6,1,0,0,,1.0,39 54:09.000,2.0,0,75 09:03.970,0,0,0,0,67301,0,0,0,N,0,0,0,1,67301,0,,2,1,,N,N,,0,,0,0,0,0,0,N,615,0,1,0,0,0,0,0,3,4,0,1,3,,N,,,,,,,,,,,
2006062264,9999.0,2,0,0,0,0,0,0,0,0,4,0,,67,5,2006,3,39.9893,-75.1666,1404.0,6,0,0,0,0,0,0,0,0,,0,0,0,14,1,0,1,,0.0,39 59:21.000,,0,75 09:59.866,0,0,0,0,67301,0,0,0,,0,0,0,2,67301,0,,1,1,,,,,0,,0,0,0,0,0,,1400,0,2,0,0,0,0,0,3,4,0,2,3,,N,,,,,,,,,,,
2006062466,737.0,1,0,0,0,0,0,0,0,0,7,0,,67,4,2006,6,39.9918,-75.1864,735.0,6,0,0,0,0,0,0,0,0,2.0,0,0,0,7,1,3,1,,2.0,39 59:30.480,7.0,0,75 11:10.680,3,0,0,0,67301,0,0,0,N,0,0,0,3,67301,2,,4,1,,N,N,,0,,1,0,0,3,2,Y,734,3,2,0,0,0,0,0,3,4,1,2,3,,N,,,,,,,,,,,
2006054733,1050.0,2,0,0,0,0,0,0,0,0,2,0,,67,4,2006,1,40.0059,-75.1135,1043.0,6,0,0,0,0,0,0,0,0,,0,0,0,10,1,1,1,,0.0,40 00:21.000,,0,75 06:48.506,8,0,0,0,67301,0,0,0,N,0,0,0,3,67301,0,,1,1,,N,N,,0,,0,0,0,3,2,,1040,1,2,0,0,2,1,0,3,4,0,2,3,,N,,,,,,,,,,,