CRN,ARRIVAL_TM,AUTOMOBILE_COUNT,BELTED_DEATH_COUNT,BELTED_SUSP_SERIOUS_INJ_COUNT,BICYCLE_COUNT,BICYCLE_DEATH_COUNT,BICYCLE_SUSP_SERIOUS_INJ_COUNT,BUS_COUNT,CHLDPAS_DEATH_COUNT,CHLDPAS_SUSP_SERIOUS_INJ_COUNT,COLLISION_TYPE,COMM_VEH_COUNT,CONS_ZONE_SPD_LIM,COUNTY,CRASH_MONTH,CRASH_YEAR,DAY_OF_WEEK,DEC_LAT,DEC_LONG,DISPATCH_TM,DISTRICT,DRIVER_COUNT_16YR,DRIVER_COUNT_17YR,DRIVER_COUNT_18YR,DRIVER_COUNT_19YR,DRIVER_COUNT_20YR,DRIVER_COUNT_50_64YR,DRIVER_COUNT_65_74YR,DRIVER_COUNT_75PLUS,EST_HRS_CLOSED,FATAL_COUNT,HEAVY_TRUCK_COUNT,HORSE_BUGGY_COUNT,HOUR_OF_DAY,ILLUMINATION,INJURY_COUNT,INTERSECT_TYPE,INTERSECTION_RELATED,LANE_CLOSED,LATITUDE,LN_CLOSE_DIR,LOCATION_TYPE,LONGITUDE,MAX_SEVERITY_LEVEL,MCYCLE_DEATH_COUNT,MCYCLE_SUSP_SERIOUS_INJ_COUNT,MOTORCYCLE_COUNT,MUNICIPALITY,NONMOTR_COUNT,NONMOTR_DEATH_COUNT,NONMOTR_SUSP_SERIOUS_INJ_COUNT,NTFY_HIWY_MAINT,PED_COUNT,PED_DEATH_COUNT,PED_SUSP_SERIOUS_INJ_COUNT,PERSON_COUNT,POLICE_AGCY,POSSIBLE_INJ_COUNT,RDWY_SURF_TYPE_CD,RELATION_TO_ROAD,ROAD_CONDITION,ROADWAY_CLEARED,SCH_BUS_IND,SCH_ZONE_IND,SECONDARY_CRASH,SMALL_TRUCK_COUNT,SPEC_JURIS_CD,SUSP_MINOR_INJ_COUNT,SUSP_SERIOUS_INJ_COUNT,SUV_COUNT,TCD_FUNC_CD,TCD_TYPE,TFC_DETOUR_IND,TIME_OF_DAY,TOT_INJ_COUNT,TOTAL_UNITS,UNB_DEATH_COUNT,UNB_SUSP_SERIOUS_INJ_COUNT,UNBELTED_OCC_COUNT,UNK_INJ_DEG_COUNT,UNK_INJ_PER_COUNT,URBAN_AREA,URBAN_RURAL,VAN_COUNT,VEHICLE_COUNT,WEATHER1,WEATHER2,WORK_ZONE_IND,WORK_ZONE_LOC,WORK_ZONE_TYPE,WORKERS_PRES,WZ_CLOSE_DETOUR,WZ_FLAGGER,WZ_LAW_OFFCR_IND,WZ_LN_CLOSURE,WZ_MOVING,WZ_OTHER,WZ_SHLDER_MDN,WZ_WORKERS_INJ_KILLED
2006054970,1752.0,1,0,0,0,0,0,0,0,0,4,0,,67,4,2006,7,39.9927,-75.1862,1747.0,6,0,0,0,0,0,0,0,0,,0,0,0,17,1,5,1,,0.0,39 59:33.000,,0,75 11:10.256,3,0,0,0,67301,0,0,0,,0,0,0,6,67301,2,,1,1,,,,,0,,3,0,0,9,2,,1740,5,2,0,0,1,0,0,3,4,1,2,3,,N,,,,,,,,,,,
2006055294,211.0,0,0,0,0,0,0,0,0,0,8,0,,67,3,2006,7,,,210.0,6,0,0,0,0,0,0,0,0,4.0,0,0,0,2,3,1,0,,2.0,,1.0,0,,2,0,0,0,67301,1,0,1,N,1,0,1,2,67301,0,,1,1,,N,N,,1,,0,1,0,0,0,Y,210,1,2,0,0,0,0,0,3,3,0,1,3,,N,,,,,,,,,,,
2006094097,1238.0,1,0,0,1,0,0,0,0,0,4,0,,67,8,2006,6,,,9999.0,6,0,0,0,0,0,0,0,0,,0,0,0,12,1,1,2,,0.0,,,0,,4,0,0,0,67301,1,0,0,N,0,0,0,2,67301,1,,1,1,,N,N,,0,,0,0,0,9,3,,1230,1,2,0,0,0,0,0,3,3,0,1,3,,N,,,,,,,,,,,
2006094134,1830.0,0,0,0,0,0,0,1,0,0,8,1,,67,7,2006,2,39.9368,-75.1982,1816.0,6,0,0,0,0,0,0,0,0,,0,0,0,18,1,1,0,,0.0,39 56:12.544,,0,75 11:53.512,8,0,0,0,67301,1,0,0,N,1,0,0,2,67301,0,,1,1,,N,N,,0,,0,0,0,9,3,,1816,1,2,0,0,0,1,0,3,4,0,1,3,,N,,,,,,,,,,,
2006055161,1405.0,3,0,0,0,0,0,0,0,0,1,0,,67,3,2006,3,40.076,-75.033,1359.0,6,0,0,0,0,0,0,1,0,,0,0,0,13,1,2,0,,0.0,40 04:33.685,,0,75 01:58.691,4,0,0,0,67301,0,0,0,N,0,0,0,5,67301,2,,1,1,,N,N,,0,,0,0,0,0,0,,1350,2,3,0,0,0,0,0,3,4,0,3,3,,N,,,,,,,,,,,
2006094458,1726.0,3,0,0,0,0,0,0,0,0,4,0,,67,7,2006,7,,,1721.0,6,0,0,0,0,1,1,0,0,,0,0,0,17,1,1,1,,0.0,,,0,,3,0,0,0,67301,0,0,0,N,0,0,0,5,67301,0,,1,9,,N,N,,0,,1,0,0,3,3,,1721,1,3,0,0,0,0,0,3,3,0,3,7,,N,,,,,,,,,,,
2006094166,1418.0,2,0,0,0,0,0,0,0,0,4,0,,67,7,2006,4,,,1410.0,6,0,0,0,0,0,2,0,0,,0,0,0,14,1,1,0,,0.0,,,0,,8,0,0,0,67301,0,0,0,N,0,0,0,2,67301,0,,1,1,,,,,0,,0,0,0,0,0,,1400,1,2,0,0,0,1,0,3,3,0,2,3,,N,,,,,,,,,,,
2006094212,1804.0,1,0,0,0,0,0,0,0,0,2,0,,67,7,2006,5,39.9758,-75.1584,1804.0,6,1,0,0,1,0,0,0,0,,0,0,0,18,1,1,1,,0.0,39 58:33.000,,0,75 09:30.319,8,0,0,1,67301,0,0,0,N,0,0,0,3,67301,0,,1,1,,N,N,,0,,0,0,0,3,2,,1804,1,2,0,0,2,1,0,3,4,0,2,3,,N,,,,,,,,,,,
2006055207,115.0,0,0,0,0,0,0,0,0,0,7,0,,67,3,2006,6,39.9569,-75.1815,112.0,6,0,0,0,0,0,0,0,0,,0,0,0,1,3,1,2,,0.0,39 57:20.000,,0,75 10:50.578,3,0,0,0,67301,0,0,0,N,0,0,0,2,67301,0,,2,1,,N,N,,0,,1,0,1,3,2,,109,1,1,0,0,0,0,0,3,4,0,1,3,,N,,,,,,,,,,,
2006081679,1959.0,2,0,0,0,0,0,0,0,0,6,0,,67,5,2006,2,39.9925,-75.1796,1959.0,6,0,0,0,0,0,0,0,0,,0,0,0,99,1,2,1,,0.0,39 59:32.000,,0,75 10:46.435,8,0,0,0,67301,0,0,0,N,0,0,0,4,67301,0,,1,9,,N,N,,1,,0,0,0,3,2,,9999,2,3,0,0,0,2,0,3,4,0,3,7,,N,,,,,,,,,,,
2006081708,1652.0,2,0,0,0,0,0,0,0,0,4,0,,67,6,2006,5,,,1650.0,6,0,0,1,0,0,0,1,0,,0,0,0,16,1,2,2,,0.0,,,0,,4,0,0,0,67301,0,0,0,N,0,0,0,3,67301,1,,1,1,,N,N,,0,,0,0,0,3,3,,1645,2,2,0,0,0,1,0,3,3,0,2,3,,N,,,,,,,,,,,
2006081714,1032.0,1,0,0,0,0,0,0,0,0,2,0,,67,4,2006,4,40.0362,-75.1938,1022.0,6,0,0,0,0,0,1,0,0,9.0,0,0,0,10,1,2,0,,1.0,40 02:11.000,3.0,0,75 11:36.720,8,0,0,0,67301,2,0,0,N,0,0,0,4,67301,0,,6,9,,N,N,,0,,0,0,0,0,0,N,1018,2,2,0,0,0,2,0,3,4,1,2,7,,N,,,,,,,,,,,
2006089278,2110.0,2,0,0,0,0,0,0,0,0,1,0,,67,8,2006,4,40.0072,-75.2138,9999.0,6,0,0,0,0,0,1,0,0,,0,0,0,21,3,1,0,,0.0,40 00:25.000,,0,75 12:49.771,8,0,0,0,67301,0,0,0,N,0,0,0,3,46104,0,,1,1,,N,N,,0,,0,0,0,0,0,,2106,1,2,0,0,0,1,0,3,4,0,2,3,,N,,,,,,,,,,,
2006066183,1850.0,1,0,0,1,0,0,0,0,0,4,0,,67,5,2006,4,40.1123,-75.0254,1845.0,6,0,0,0,0,0,0,0,0,,0,0,0,18,1,1,2,,0.0,40 06:44.373,,0,75 01:31.418,4,0,0,0,67301,1,0,0,N,0,0,0,2,67301,1,,1,1,,N,N,,0,,0,0,0,0,0,,1835,1,2,0,0,0,0,1,3,4,0,1,3,,N,,,,,,,,,,,
2006054029,1000.0,2,0,0,0,0,0,0,0,0,4,0,,67,3,2006,2,39.9856,-75.1037,950.0,6,0,0,0,0,0,0,0,0,,0,0,0,9,1,0,1,,0.0,39 59:07.000,,0,75 06:13.390,0,0,0,0,67301,0,0,0,N,0,0,0,2,67301,0,,1,1,,N,N,,0,,0,0,0,9,3,,935,0,2,0,0,0,0,0,3,4,0,2,3,,N,,,,,,,,,,,
2006036563,2328.0,0,0,0,0,0,0,0,0,0,8,0,,67,2,2006,2,40.0768,-75.035,2325.0,6,0,0,0,0,0,0,0,0,,0,0,0,23,3,1,0,,0.0,40 04:36.523,,0,75 02:06.063,8,0,0,0,67301,1,0,0,,1,0,0,2,67301,0,,1,7,,N,N,,0,,0,0,0,0,0,,2305,1,2,0,0,0,1,1,3,4,0,1,10,,N,,,,,,,,,,,
2006036593,1835.0,0,0,0,0,0,0,0,0,0,8,0,,67,2,2006,5,40.0211,-75.1575,1831.0,6,0,0,0,0,0,0,0,0,,0,0,0,18,3,2,2,,0.0,40 01:15.855,,0,75 09:27.038,3,0,0,1,67301,2,0,0,N,2,0,0,3,67301,0,,1,1,,N,N,,0,,2,0,0,2,3,,1831,2,3,0,0,0,0,1,3,4,0,1,3,,N,,,,,,,,,,,
2006024600,1750.0,1,0,0,0,0,0,0,0,0,2,0,,67,1,2006,4,40.0497,-74.9881,1745.0,6,0,0,0,0,1,0,0,1,2.0,0,0,0,17,4,1,1,,1.0,40 02:59.000,2.0,0,74 59:17.773,8,0,0,0,67301,0,0,0,,0,0,0,2,67301,0,,1,1,,N,N,,1,,0,0,0,9,2,N,1740,1,2,0,0,0,1,0,3,4,0,2,3,,N,,,,,,,,,,,
2006102772,538.0,2,0,0,0,0,0,0,0,0,6,0,,67,9,2006,1,,,525.0,6,0,0,0,0,0,0,0,0,,0,0,0,5,1,0,0,,0.0,,,0,,0,0,0,0,67301,0,0,0,N,0,0,0,2,67301,0,,9,1,,N,N,,0,,0,0,0,9,3,,520,0,2,0,0,2,0,0,3,3,0,2,3,,N,,,,,,,,,,,
2006102788,2008.0,1,0,0,0,0,0,0,0,0,4,1,,67,9,2006,5,40.0552,-75.1578,2008.0,6,0,0,0,0,0,2,0,0,1.0,0,1,0,20,3,1,0,,2.0,40 03:18.000,1.0,0,75 09:28.154,8,0,0,0,67301,0,0,0,,0,0,0,3,67301,0,,1,9,,,,,0,,0,0,0,0,0,Y,2008,1,2,0,0,0,1,0,3,4,0,2,7,,N,,,,,,,,,,,
2006102792,620.0,1,0,0,0,0,0,0,0,0,4,0,,67,9,2006,2,40.0086,-75.0688,605.0,6,0,0,0,0,0,0,1,0,,0,0,0,5,1,0,1,,0.0,40 00:31.000,,0,75 04:07.914,0,0,0,0,67301,0,0,0,N,0,0,0,2,67301,0,,1,1,,N,N,,0,,0,0,0,3,2,,550,0,2,0,0,0,0,0,3,4,1,2,3,,N,,,,,,,,,,,
2006037742,1535.0,2,0,0,0,0,0,0,0,0,4,0,,67,2,2006,6,,,1532.0,6,0,0,0,0,1,1,0,0,,0,0,0,15,1,1,1,,0.0,,,0,,4,0,0,0,67301,0,0,0,N,0,0,0,2,67301,1,,1,1,,N,N,,0,,0,0,0,3,3,,1525,1,2,0,0,0,0,0,3,3,0,2,3,,N,,,,,,,,,,,
2006079281,1753.0,2,0,0,0,0,0,0,0,0,1,0,,67,6,2006,7,,,1753.0,6,0,0,0,0,0,0,0,0,,0,0,0,17,1,1,0,,0.0,,,0,,4,0,0,0,67301,0,0,0,N,0,0,0,3,67301,1,,1,9,,N,N,,0,,0,0,0,0,0,,1748,1,2,0,0,0,0,0,3,3,0,2,7,,N,,,,,,,,,,,
2006079210,1831.0,1,0,0,0,0,0,0,0,0,4,0,,67,6,2006,5,39.9789,-75.1594,1831.0,6,0,0,0,0,0,0,0,0,,0,0,0,18,1,1,2,,0.0,39 58:44.000,,0,75 09:33.962,4,0,0,0,67301,0,0,0,,0,0,0,4,67301,1,,1,1,,N,N,,0,,0,0,1,3,2,,1831,1,2,0,0,1,0,0,3,4,0,2,3,,N,,,,,,,,,,,
2006079211,2048.0,2,0,0,0,0,0,0,0,0,6,0,,67,6,2006,6,39.9802,-75.1575,2047.0,6,0,0,0,0,1,0,0,0,,0,0,0,20,3,0,1,,0.0,39 58:48.000,,0,75 09:26.890,0,0,0,0,67301,0,0,0,N,0,0,0,6,67301,0,,1,1,,N,N,,0,,0,0,0,3,2,,2030,0,2,0,0,0,0,0,3,4,0,2,3,,N,,,,,,,,,,,
2006079216,215.0,1,0,0,0,0,0,0,0,0,7,0,,67,6,2006,5,39.9438,-75.2458,211.0,6,0,0,0,0,0,0,0,0,,0,0,0,2,3,0,0,,0.0,39 56:38.040,,0,75 14:44.520,9,0,0,0,67301,0,0,0,N,0,0,0,2,67301,0,,5,9,,N,N,,0,,0,0,0,0,0,,205,0,1,0,0,0,0,2,3,4,0,1,3,,N,,,,,,,,,,,
2006115167,640.0,1,0,0,1,0,0,0,0,0,4,0,,67,10,2006,4,39.9432,-75.1537,630.0,6,0,0,0,0,0,0,0,0,,0,0,0,6,1,1,1,,0.0,39 56:35.610,,0,75 09:13.269,8,0,0,0,67301,1,0,0,N,0,0,0,2,67301,0,,1,1,,N,N,,0,,0,0,0,3,2,,628,1,2,0,0,0,1,0,3,4,0,1,3,,N,,,,,,,,,,,
2006112694,924.0,1,0,0,0,0,0,0,0,0,4,0,,67,9,2006,2,39.9718,-75.1858,919.0,6,0,0,0,0,0,1,0,0,,0,0,0,9,1,2,3,,0.0,39 58:18.483,,0,75 11:09.052,8,0,0,0,67301,0,0,0,N,0,0,0,2,67301,0,,1,1,,N,N,,0,,0,0,1,3,3,,919,2,2,0,0,0,2,0,3,4,0,2,3,,N,,,,,,,,,,,
2006112722,805.0,2,0,0,0,0,0,0,0,0,5,0,,67,9,2006,7,39.9695,-75.1396,801.0,6,0,0,0,0,0,1,0,0,,0,0,0,8,1,1,1,,0.0,39 58:09.000,,0,75 08:22.431,8,0,0,0,67301,0,0,0,N,0,0,0,2,67301,0,,1,1,,N,N,,0,,0,0,0,9,2,,801,1,2,0,0,0,1,0,3,4,0,2,3,,N,,,,,,,,,,,
2006112746,939.0,2,0,0,0,0,0,0,0,0,1,0,,67,8,2006,1,40.0625,-74.987,933.0,6,0,0,0,0,0,0,0,0,,0,0,0,9,1,0,1,,0.0,40 03:44.000,,0,74 59:12.567,0,0,0,0,67301,0,0,0,N,0,0,0,2,67301,0,,1,9,,N,N,,0,,0,0,0,3,2,,932,0,2,0,0,0,0,0,3,4,0,2,3,,N,,,,,,,,,,,
2006124715,1405.0,1,0,0,0,0,0,0,0,0,4,0,,67,10,2006,6,,,1356.0,6,0,0,0,0,0,1,0,0,,0,0,0,13,1,0,2,,0.0,,,0,,0,0,0,0,67301,0,0,0,N,0,0,0,2,67301,0,,1,1,,N,N,,0,,0,0,0,3,2,,1350,0,2,0,0,2,0,0,3,3,1,2,3,,N,,,,,,,,,,,
2006062285,409.0,1,0,0,0,0,0,0,0,0,7,0,,67,5,2006,6,39.9386,-75.2345,348.0,6,0,0,0,0,0,0,0,0,,0,0,0,99,3,1,0,,0.0,39 56:19.000,,0,75 14:04.282,4,0,0,0,67301,0,0,0,,0,0,0,1,67301,1,,5,9,,,,,0,,0,0,0,0,0,,9999,1,1,0,0,0,0,0,3,4,0,1,7,,N,,,,,,,,,,,
2006062202,1730.0,1,0,0,0,0,0,0,0,0,8,0,,67,4,2006,1,40.001,-75.1185,1724.0,6,0,0,0,0,0,0,0,0,,0,0,0,15,1,1,0,,0.0,40 00:03.564,,0,75 07:06.585,8,0,0,0,67301,1,0,0,N,1,0,0,2,67301,0,,1,1,,N,N,,0,,0,0,0,9,3,,1524,1,2,0,0,1,1,1,3,4,0,1,3,,N,,,,,,,,,,,
2006054749,923.0,0,0,0,0,0,0,1,0,0,1,1,,67,3,2006,6,39.9539,-75.1595,920.0,6,0,0,0,0,0,0,0,0,,0,0,0,9,1,1,1,,0.0,39 57:14.000,,0,75 09:33.987,4,0,0,0,67301,0,0,0,N,0,0,0,3,67301,1,,1,1,,N,N,,0,,0,0,0,0,0,,915,1,2,0,0,1,0,0,3,4,1,2,3,,N,,,,,,,,,,,
2006093875,1546.0,2,0,0,0,0,0,0,0,0,7,0,,67,7,2006,7,39.9677,-75.2044,1540.0,6,0,0,0,0,0,0,0,0,3.0,0,0,0,15,1,0,0,,2.0,39 58:03.835,4.0,0,75 12:15.865,0,0,0,0,67301,0,0,0,N,0,0,0,1,67301,0,,2,9,,N,N,,0,,0,0,0,0,0,Y,1537,0,2,0,0,0,0,0,3,4,0,2,7,,N,,,,,,,,,,,
2006093885,1515.0,2,0,0,0,0,0,0,0,0,1,0,,67,7,2006,6,,,1510.0,6,0,0,1,0,0,2,0,0,1.0,0,0,0,15,1,1,0,,1.0,,2.0,0,,4,0,0,0,67301,0,0,0,N,0,0,0,3,67301,1,,1,9,,N,N,,1,,0,0,0,0,0,N,1510,1,3,0,0,0,0,0,3,3,0,3,7,,N,,,,,,,,,,,
2006062508,9999.0,2,0,0,0,0,0,0,0,0,4,0,,67,4,2006,6,,,9999.0,6,1,0,0,0,0,0,0,0,,0,0,0,99,1,1,1,,0.0,,,0,,8,0,0,0,67301,0,0,0,N,0,0,0,2,67301,0,,1,1,,N,N,,1,,0,0,0,3,3,,9999,1,3,0,0,0,1,0,3,3,0,3,3,,N,,,,,,,,,,,
2006054957,1713.0,4,0,0,0,0,0,0,0,0,2,0,,67,3,2006,6,40.0895,-75.0335,1708.0,6,0,0,0,0,0,0,0,0,,0,0,0,17,1,2,2,,0.0,40 05:21.000,,0,75 02:00.519,8,0,0,0,67301,0,0,0,,0,0,0,4,67301,0,,1,1,,,,,0,,0,0,0,9,3,,1705,2,4,0,0,0,2,1,3,4,0,4,3,,N,,,,,,,,,,,
2006054972,2228.0,2,0,0,0,0,0,0,0,0,1,0,,67,5,2006,5,39.9897,-75.1555,2228.0,6,0,0,0,0,0,1,0,0,,0,0,0,22,3,2,0,,0.0,39 59:22.920,,0,75 09:20.160,3,0,0,0,67301,0,0,0,,0,0,0,3,67301,1,,1,1,,,,,0,,1,0,0,0,0,,2220,2,2,0,0,1,0,0,3,4,0,2,3,,N,,,,,,,,,,,
2006094077,1606.0,1,0,0,0,0,0,0,0,0,5,0,,67,7,2006,1,,,1558.0,6,0,0,0,0,0,0,0,0,,0,0,0,15,1,1,0,,0.0,,,6,,4,0,0,1,67301,0,0,0,N,0,0,0,2,67301,1,,1,1,,N,N,,0,,0,0,0,0,0,,1552,1,2,0,0,0,0,0,3,3,0,2,3,,N,,,,,,,,,,,
2006094078,646.0,2,0,0,0,0,0,0,0,0,1,0,,67,7,2006,6,40.0986,-75.0101,642.0,6,0,0,1,0,0,1,0,0,,0,0,0,6,1,1,0,,0.0,40 05:54.000,,6,75 00:35.357,8,0,0,0,67301,0,0,0,N,0,0,0,2,67301,0,,1,1,,N,N,,0,,0,0,0,0,0,,639,1,2,0,0,0,1,0,3,4,0,2,3,,N,,,,,,,,,,,
2006055167,9999.0,1,0,0,1,0,0,0,0,0,4,0,,67,4,2006,6,,,9999.0,6,0,0,0,0,0,0,0,0,,0,0,0,19,1,1,1,,0.0,,,0,,4,0,0,0,67301,1,0,0,N,0,0,0,2,67301,1,,1,9,,N,N,,0,,0,0,0,3,3,,1935,1,2,0,0,0,0,0,3,3,0,1,3,,N,,,,,,,,,,,
2006055171,837.0,2,0,0,0,0,0,0,0,0,1,0,,67,3,2006,4,40.0477,-75.1762,835.0,6,0,0,0,0,0,0,0,0,,0,0,0,8,1,2,2,,0.0,40 02:51.000,,0,75 10:34.623,4,0,0,0,67301,0,0,0,N,0,0,0,3,67301,2,,1,1,,N,N,,1,,0,0,0,0,0,,832,2,3,0,0,0,0,0,3,4,0,3,3,,N,,,,,,,,,,,
2006055190,1010.0,1,0,0,0,0,0,0,0,0,4,0,,67,4,2006,1,40.0546,-75.01,1006.0,6,0,0,0,0,0,0,0,1,,0,0,0,10,1,2,1,,0.0,40 03:16.000,,0,75 00:36.207,4,0,0,0,67301,0,0,0,N,0,0,0,3,67301,2,,1,1,,N,N,,0,,0,0,1,3,2,,1006,2,2,0,0,0,0,0,3,4,0,2,3,,N,,,,,,,,,,,
2006055331,1426.0,0,0,0,0,0,0,0,0,0,8,0,,67,5,2006,3,,,1426.0,6,0,0,0,0,0,0,0,0,,0,0,0,14,1,1,10,,0.0,,,0,,8,0,0,0,67301,1,0,0,,1,0,0,2,67301,0,,5,1,,,,,0,,0,0,0,0,0,,1426,1,2,0,0,0,1,0,3,3,1,1,3,,N,,,,,,,,,,,
2006094163,1447.0,1,0,0,0,0,0,0,0,0,1,0,,67,8,2006,3,39.9629,-75.1913,1445.0,6,0,0,0,0,0,0,0,0,,0,0,0,14,1,1,1,,0.0,39 57:46.000,,0,75 11:28.924,8,0,0,0,67301,0,0,0,N,0,0,0,2,67301,0,,1,1,,N,N,,0,,0,0,1,3,2,,1445,1,2,0,0,0,1,0,3,4,0,2,3,,N,,,,,,,,,,,
2006055229,1950.0,2,0,0,0,0,0,0,0,0,2,0,,67,4,2006,1,40.0369,-75.0798,1945.0,6,0,0,0,0,1,1,0,0,,0,0,0,99,1,2,1,,0.0,40 02:12.000,,0,75 04:47.218,4,0,0,0,67301,0,0,0,N,0,0,0,2,67301,2,,1,1,,N,N,,0,,0,0,0,3,2,,9999,2,2,0,0,0,0,0,3,4,0,2,3,,N,,,,,,,,,,,
2006055247,2024.0,1,0,0,0,0,0,0,0,0,1,0,,67,3,2006,1,39.9561,-75.1856,2023.0,6,0,0,0,0,0,1,0,0,,0,0,0,5,5,3,0,,0.0,39 57:21.960,,0,75 11:07.800,3,0,0,0,67301,0,0,0,N,0,0,0,4,67301,1,,1,9,,N,N,,0,,2,0,0,0,0,,530,3,2,0,0,0,0,0,3,4,1,2,7,,N,,,,,,,,,,,
2006116113,1925.0,1,0,0,0,0,0,0,0,0,8,0,,67,10,2006,3,39.9978,-75.111,1921.0,6,0,0,0,0,0,1,0,0,,0,0,0,19,2,1,1,,0.0,39 59:52.195,,0,75 06:39.459,4,0,0,0,67301,1,0,0,N,1,0,0,2,67301,1,,1,98,,N,N,,0,,0,0,0,3,2,,1915,1,2,0,0,0,0,0,3,4,0,1,3,,N,,,,,,,,,,,
2006116121,1600.0,2,0,0,0,0,0,0,0,0,1,0,,67,9,2006,7,39.9501,-75.1457,1537.0,6,0,0,0,0,0,0,1,0,,0,0,0,15,1,1,1,,0.0,39 57:00.000,,0,75 08:44.522,4,0,0,0,67301,0,0,0,N,0,0,0,4,67301,1,,1,1,,N,N,,0,,0,0,0,3,2,,1537,1,2,0,0,0,0,1,3,4,0,2,3,,N,,,,,,,,,,,
2006056518,1740.0,2,0,0,0,0,0,0,0,0,4,0,,67,5,2006,3,,,1739.0,6,0,0,0,0,0,1,0,0,,0,0,0,17,1,1,1,,0.0,,,0,,8,0,0,0,67301,0,0,0,,0,0,0,2,67504,0,,1,1,,,,,0,,0,0,0,9,3,,1739,1,2,0,0,0,1,0,3,3,0,2,3,,N,,,,,,,,,,,
2006033814,1805.0,1,0,0,0,0,0,0,0,0,2,0,,67,1,2006,3,,,1800.0,6,0,1,0,0,0,0,0,0,,0,0,0,18,3,0,1,,0.0,,,0,,0,0,0,0,67301,0,0,0,N,0,0,0,2,67301,0,,1,1,,N,N,,0,,0,0,1,0,0,,1800,0,2,0,0,0,0,0,3,3,0,2,3,,N,,,,,,,,,,,
2006036561,2010.0,2,0,0,0,0,0,0,0,0,1,0,,67,2,2006,7,40.0992,-75.0123,1957.0,6,0,0,0,0,0,0,1,0,,0,0,0,19,3,1,1,,0.0,40 05:57.051,,0,75 00:44.384,4,0,0,0,67301,0,0,0,,0,0,0,4,67301,1,,1,9,,N,N,,0,,0,0,0,3,2,,1955,1,2,0,0,0,0,0,3,4,0,2,7,,N,,,,,,,,,,,
2006036642,40.0,1,0,0,0,0,0,0,0,0,4,0,,67,2,2006,7,39.9561,-75.2064,31.0,6,0,0,0,0,0,0,0,0,,0,0,0,0,3,1,1,,0.0,39 57:22.000,,0,75 12:22.946,8,0,0,0,67301,0,0,0,N,0,0,0,2,67301,0,,1,7,,N,N,,1,,0,0,0,3,2,,31,1,2,0,0,0,1,0,3,4,0,2,10,,N,,,,,,,,,,,
2006036678,2116.0,1,0,0,0,0,0,0,0,0,8,0,,67,2,2006,1,40.1096,-74.9746,2108.0,6,0,1,0,0,0,0,0,0,1.0,0,0,0,21,3,1,0,,1.0,40 06:34.725,1.0,0,74 58:28.646,8,0,0,0,67301,1,0,0,N,1,0,0,2,67301,0,,1,7,,N,N,,0,,0,0,0,0,0,N,2106,1,2,0,0,0,1,0,3,4,0,1,10,,N,,,,,,,,,,,
2006036679,1120.0,2,0,0,0,0,0,0,0,0,1,0,,67,2,2006,2,40.0369,-75.0116,1112.0,6,0,0,0,0,0,0,0,0,,0,0,0,11,1,0,0,,0.0,40 02:12.000,,0,75 00:42.249,0,0,0,0,67301,1,0,0,N,0,0,0,2,67301,0,,1,1,,N,N,,0,,0,0,0,0,0,,1100,0,2,0,0,0,0,0,3,4,0,2,3,,N,,,,,,,,,,,
2006024170,553.0,0,0,0,0,0,0,0,0,0,7,0,,67,1,2006,4,,,548.0,6,0,0,0,0,0,1,0,0,,0,0,0,5,3,0,0,,0.0,,,0,,0,0,0,0,67301,0,0,0,N,0,0,0,1,67301,0,,5,2,,N,N,,0,,0,0,1,0,0,,535,0,1,0,0,0,0,0,3,3,0,1,98,,N,,,,,,,,,,,
2006103162,1720.0,1,0,0,0,0,0,0,0,0,8,0,,67,7,2006,5,,,1720.0,6,0,0,0,0,0,0,0,0,,0,0,0,17,1,1,2,,0.0,,,0,,4,0,0,0,67301,1,0,0,N,1,0,0,2,67301,1,,1,1,,N,N,,0,,0,0,0,9,3,,1710,1,2,0,0,0,0,1,3,3,0,1,3,,N,,,,,,,,,,,
2006103174,1632.0,1,0,0,1,0,0,0,0,0,4,0,,67,8,2006,2,39.9263,-75.1845,1630.0,6,0,0,0,0,0,1,0,0,,0,0,0,16,1,1,2,,0.0,39 55:34.000,,0,75 11:04.122,8,0,0,0,67301,1,0,0,N,0,0,0,2,67301,0,,1,1,,N,N,,0,,0,0,0,3,2,,1630,1,2,0,0,0,1,0,3,4,0,1,3,,N,,,,,,,,,,,
2006103190,1900.0,1,0,0,0,0,0,0,0,0,2,0,,67,8,2006,1,,,1855.0,6,0,0,0,0,0,2,0,0,,0,0,0,18,1,2,1,,0.0,,,0,,4,0,0,0,67301,0,0,0,N,0,0,0,5,67301,2,,1,1,,N,N,,0,,0,0,1,3,2,,1851,2,2,0,0,1,0,0,3,3,0,2,3,,N,,,,,,,,,,,
2006035925,340.0,2,0,0,0,0,0,0,0,0,4,0,,67,2,2006,1,40.0566,-75.0466,327.0,6,0,0,0,2,0,0,0,0,,0,0,0,3,3,1,1,,0.0,40 03:23.000,,0,75 02:47.503,4,0,0,0,67301,0,0,0,,0,0,0,6,67301,1,,1,1,,,,,0,,0,0,0,3,2,,325,1,3,0,0,0,0,0,3,4,1,3,3,,N,,,,,,,,,,,
2006042535,1702.0,1,0,0,0,0,0,0,0,0,7,0,,67,2,2006,1,,,1700.0,6,0,0,0,0,0,0,0,0,,0,0,0,17,1,0,0,,0.0,,,2,,0,0,0,0,67301,0,0,0,N,0,0,0,1,67501,0,,3,6,,N,N,,0,,0,0,0,9,8,,1702,0,1,0,0,0,0,0,3,3,0,1,10,,N,,,,,,,,,,,