CRN,ARRIVAL_TM,AUTOMOBILE_COUNT,BELTED_DEATH_COUNT,BELTED_SUSP_SERIOUS_INJ_COUNT,BICYCLE_COUNT,BICYCLE_DEATH_COUNT,BICYCLE_SUSP_SERIOUS_INJ_COUNT,BUS_COUNT,CHLDPAS_DEATH_COUNT,CHLDPAS_SUSP_SERIOUS_INJ_COUNT,COLLISION_TYPE,COMM_VEH_COUNT,CONS_ZONE_SPD_LIM,COUNTY,CRASH_MONTH,CRASH_YEAR,DAY_OF_WEEK,DEC_LAT,DEC_LONG,DISPATCH_TM,DISTRICT,DRIVER_COUNT_16YR,DRIVER_COUNT_17YR,DRIVER_COUNT_18YR,DRIVER_COUNT_19YR,DRIVER_COUNT_20YR,DRIVER_COUNT_50_64YR,DRIVER_COUNT_65_74YR,DRIVER_COUNT_75PLUS,EST_HRS_CLOSED,FATAL_COUNT,HEAVY_TRUCK_COUNT,HORSE_BUGGY_COUNT,HOUR_OF_DAY,ILLUMINATION,INJURY_COUNT,INTERSECT_TYPE,INTERSECTION_RELATED,LANE_CLOSED,LATITUDE,LN_CLOSE_DIR,LOCATION_TYPE,LONGITUDE,MAX_SEVERITY_LEVEL,MCYCLE_DEATH_COUNT,MCYCLE_SUSP_SERIOUS_INJ_COUNT,MOTORCYCLE_COUNT,MUNICIPALITY,NONMOTR_COUNT,NONMOTR_DEATH_COUNT,NONMOTR_SUSP_SERIOUS_INJ_COUNT,NTFY_HIWY_MAINT,PED_COUNT,PED_DEATH_COUNT,PED_SUSP_SERIOUS_INJ_COUNT,PERSON_COUNT,POLICE_AGCY,POSSIBLE_INJ_COUNT,RDWY_SURF_TYPE_CD,RELATION_TO_ROAD,ROAD_CONDITION,ROADWAY_CLEARED,SCH_BUS_IND,SCH_ZONE_IND,SECONDARY_CRASH,SMALL_TRUCK_COUNT,SPEC_JURIS_CD,SUSP_MINOR_INJ_COUNT,SUSP_SERIOUS_INJ_COUNT,SUV_COUNT,TCD_FUNC_CD,TCD_TYPE,TFC_DETOUR_IND,TIME_OF_DAY,TOT_INJ_COUNT,TOTAL_UNITS,UNB_DEATH_COUNT,UNB_SUSP_SERIOUS_INJ_COUNT,UNBELTED_OCC_COUNT,UNK_INJ_DEG_COUNT,UNK_INJ_PER_COUNT,URBAN_AREA,URBAN_RURAL,VAN_COUNT,VEHICLE_COUNT,WEATHER1,WEATHER2,WORK_ZONE_IND,WORK_ZONE_LOC,WORK_ZONE_TYPE,WORKERS_PRES,WZ_CLOSE_DETOUR,WZ_FLAGGER,WZ_LAW_OFFCR_IND,WZ_LN_CLOSURE,WZ_MOVING,WZ_OTHER,WZ_SHLDER_MDN,WZ_WORKERS_INJ_KILLED
2006037549,1905.0,3,0,0,0,0,0,0,0,0,2,0,,67,2,2006,1,,,1901.0,6,0,0,0,0,0,0,0,1,,0,0,0,18,3,2,1,,0.0,,,0,,3,0,0,0,67301,0,0,0,N,0,0,0,2,67301,0,,1,1,,N,N,,0,,2,0,0,3,3,,1855,2,3,0,0,0,0,0,3,3,0,3,3,,N,,,,,,,,,,,
2006079283,946.0,2,0,0,0,0,0,0,0,0,2,0,,67,6,2006,7,40.0475,-75.1428,944.0,6,0,0,0,0,0,0,0,0,,0,0,0,9,1,4,10,,0.0,40 02:51.000,,0,75 08:34.489,4,0,0,0,67301,0,0,0,N,0,0,0,5,67301,4,,1,1,,N,N,,0,,0,0,0,0,0,,944,4,2,0,0,0,0,1,3,4,0,2,3,,N,,,,,,,,,,,
2006037794,635.0,2,0,0,0,0,0,0,0,0,1,0,40.0,67,2,2006,3,40.1013,-74.989,629.0,6,0,0,0,0,0,0,0,0,2.0,0,0,0,6,3,2,7,,1.0,40 06:02.000,3.0,2,74 59:16.694,4,0,0,0,67301,0,0,0,N,0,0,0,3,67301,2,,1,2,,N,N,,0,,0,0,0,0,0,N,625,2,2,0,0,0,0,0,3,4,0,2,3,,Y,4.0,1.0,N,,,N,,,,Y,
2006079513,2333.0,2,0,0,0,0,0,0,0,0,1,0,,67,6,2006,3,39.956,-75.2051,2333.0,6,0,0,0,0,0,0,0,0,,0,0,0,23,3,0,0,,0.0,39 57:21.565,,0,75 12:18.445,0,0,0,0,67301,0,0,0,N,0,0,0,3,67301,0,,1,1,,N,N,,0,,0,0,0,0,0,,2333,0,2,0,0,1,0,0,3,4,0,2,3,,N,,,,,,,,,,,
2006079635,1903.0,2,0,0,0,0,0,0,0,0,1,0,,67,6,2006,1,40.0496,-75.1466,1903.0,6,0,0,0,0,0,0,0,0,,0,0,0,18,1,4,0,,0.0,40 02:58.000,,0,75 08:48.115,2,0,1,1,67301,0,0,0,N,0,0,0,4,67301,0,,1,1,,N,N,,0,,1,1,0,0,0,,1855,4,3,0,0,0,2,0,3,4,0,3,3,,N,,,,,,,,,,,
2006082064,1729.0,1,0,0,0,0,0,0,0,0,8,0,,67,5,2006,2,39.9477,-75.1646,1724.0,6,0,0,0,0,0,1,0,0,,0,0,0,17,1,1,0,,0.0,39 56:51.360,,0,75 09:52.200,4,0,0,0,67301,1,0,0,N,1,0,0,2,67301,1,,7,1,,N,N,,0,,0,0,0,0,0,,1710,1,2,0,0,1,0,0,3,4,0,1,3,,N,,,,,,,,,,,
2006079891,1116.0,1,0,0,0,0,0,0,0,0,4,0,,67,7,2006,3,40.0701,-74.9879,1112.0,6,0,0,0,0,1,0,0,0,1.0,0,0,0,11,1,4,1,,1.0,40 04:12.439,4.0,0,74 59:16.457,4,0,0,0,67301,0,0,0,N,0,0,0,4,67301,4,,1,1,,N,N,,0,,0,0,1,0,0,N,1110,4,2,0,0,0,0,0,3,4,0,2,3,,N,,,,,,,,,,,
2006079925,1027.0,1,0,0,0,0,0,0,0,0,4,0,,67,6,2006,7,40.045,-75.164,1027.0,6,0,0,0,0,0,0,0,0,,0,0,0,22,3,1,0,,0.0,40 02:41.000,,0,75 09:50.559,4,0,0,1,67301,0,0,0,,0,0,0,2,67301,1,,1,1,,,,,0,,0,0,0,0,0,,2225,1,2,0,0,0,0,1,3,4,0,2,3,,N,,,,,,,,,,,
2006124899,950.0,0,0,0,0,0,0,0,0,0,4,0,,67,11,2006,4,39.9945,-75.1923,948.0,6,0,0,0,0,0,0,1,0,1.0,0,0,0,9,1,0,3,,1.0,39 59:40.560,1.0,8,75 11:31.560,0,0,0,0,67301,0,0,0,N,0,0,0,2,67301,0,,1,9,,N,N,,1,,0,0,0,0,0,Y,948,0,2,0,0,0,0,0,3,4,1,2,7,,N,,,,,,,,,,,
2006124913,1703.0,1,0,0,0,0,0,1,0,0,4,1,,67,10,2006,3,,,1658.0,6,0,0,0,0,0,1,0,0,,0,0,0,16,1,0,2,,0.0,,,0,,0,0,0,0,67301,0,0,0,N,0,0,0,5,67301,0,,1,9,,Y,N,,0,,0,0,0,3,2,,1658,0,2,0,0,0,0,0,3,3,0,2,7,,N,,,,,,,,,,,
2006062110,715.0,3,0,0,0,0,0,0,0,0,1,0,,67,5,2006,3,40.0617,-74.9884,707.0,6,0,0,0,0,0,2,0,0,,0,0,0,7,1,2,1,,0.0,40 03:41.400,,0,74 59:17.160,4,0,0,0,67301,0,0,0,N,0,0,0,3,67301,2,,1,1,,N,N,,0,,0,0,0,9,2,,705,2,3,0,0,0,0,0,3,4,0,3,3,,N,,,,,,,,,,,
2006062253,1230.0,0,0,0,0,0,0,0,0,0,8,0,,67,5,2006,2,40.0015,-75.1529,1226.0,6,0,0,0,0,0,0,0,0,,0,0,0,12,1,1,0,,0.0,40 00:05.000,,0,75 09:10.984,4,0,0,0,67301,1,0,0,N,1,0,0,2,67301,1,,6,1,,N,N,,0,,0,0,1,0,0,,1211,1,2,0,0,0,0,0,3,4,0,1,3,,N,,,,,,,,,,,
2006057213,1205.0,2,0,0,0,0,0,0,0,0,2,0,,67,4,2006,6,40.035,-75.1884,1202.0,6,0,0,0,0,0,0,0,0,1.0,0,0,0,12,1,0,10,,2.0,40 02:05.924,6.0,0,75 11:18.304,0,0,0,0,67301,0,0,0,N,0,0,0,2,67301,0,,1,9,,N,N,,0,,0,0,0,0,0,Y,1200,0,2,0,0,0,0,0,3,4,0,2,7,,N,,,,,,,,,,,
2006062209,1506.0,1,0,0,0,0,0,0,0,0,8,0,,67,4,2006,5,40.0551,-75.1411,1504.0,6,0,0,0,0,0,0,0,0,,0,0,0,15,1,1,1,,0.0,40 03:18.500,,0,75 08:27.970,4,0,0,0,67301,1,0,0,N,1,0,0,2,67301,1,,1,1,,N,Y,,0,,0,0,0,3,3,,1504,1,2,0,0,0,0,0,3,4,0,1,3,,N,,,,,,,,,,,
2006064906,630.0,2,0,0,0,0,0,0,0,0,1,0,,67,5,2006,4,40.0126,-75.181,624.0,6,0,0,0,0,0,0,1,0,,0,0,0,6,1,1,0,,0.0,40 00:52.000,,0,75 10:42.396,4,0,0,0,67301,0,0,0,,0,0,0,3,67301,1,,1,1,,,,,0,,0,0,0,0,0,,624,1,3,0,0,0,0,0,3,4,1,3,3,,N,,,,,,,,,,,
2006054962,1215.0,2,0,0,0,0,0,0,0,0,4,0,,67,2,2006,6,39.9349,-75.1531,1215.0,6,0,0,0,0,1,0,0,0,,0,0,0,12,1,0,2,,0.0,39 56:05.712,,0,75 09:11.188,9,0,0,0,67301,0,0,0,N,0,0,0,3,67301,0,,1,1,,N,N,,0,,0,0,0,3,2,,1215,0,2,0,0,1,0,1,3,4,0,2,3,,N,,,,,,,,,,,
2006054984,2354.0,0,0,0,0,0,0,0,0,0,6,0,,67,3,2006,6,40.0849,-75.0252,2350.0,6,0,0,0,0,0,0,0,0,,0,0,0,23,3,0,2,,0.0,40 05:05.640,,0,75 01:30.360,0,0,0,0,67301,0,0,0,,0,0,0,3,67301,0,,1,1,,N,N,,0,,0,0,2,3,2,,2349,0,2,0,0,2,0,0,3,4,0,2,3,,N,,,,,,,,,,,
2006055274,846.0,1,0,0,0,0,0,0,0,0,4,0,,67,4,2006,1,40.0255,-75.1235,844.0,6,0,0,1,0,0,1,0,0,1.0,0,0,0,8,1,1,1,,1.0,40 01:31.000,4.0,0,75 07:24.864,4,0,0,0,67301,0,0,0,N,0,0,0,2,67301,1,,1,1,,N,N,,0,,0,0,1,3,2,N,843,1,2,0,0,0,0,0,3,4,0,2,3,,N,,,,,,,,,,,
2006055277,1810.0,2,0,0,0,0,0,0,0,0,1,0,,67,4,2006,4,39.8781,-75.2508,1800.0,6,0,0,0,0,0,1,0,0,,0,0,0,18,1,0,0,,0.0,39 52:41.160,,0,75 15:02.160,0,0,0,0,67301,0,0,0,N,0,0,0,3,67301,0,,1,1,,N,N,,0,,0,0,0,0,0,,1800,0,2,0,0,0,0,0,3,4,0,2,3,,N,,,,,,,,,,,
2006094128,2336.0,4,0,0,0,0,0,0,0,0,1,0,,67,7,2006,6,,,2331.0,6,0,0,0,0,0,1,0,0,,0,0,0,99,1,2,1,,0.0,,,0,,2,0,0,0,67301,0,0,0,N,0,0,0,2,67301,1,,1,1,,N,N,,1,,0,1,1,3,2,,9999,2,6,0,0,0,0,0,3,3,0,6,3,,N,,,,,,,,,,,
2006055312,1150.0,1,0,0,0,0,0,0,0,0,2,1,,67,4,2006,3,40.054,-75.0489,1145.0,6,0,0,0,0,0,2,0,0,2.0,0,1,0,99,1,2,5,,1.0,40 03:14.000,1.0,0,75 02:56.032,3,0,0,0,67301,0,0,0,N,0,0,0,2,67301,0,,1,1,,N,N,,0,,1,0,0,3,2,N,9999,2,2,0,0,0,1,0,3,4,0,2,3,,N,,,,,,,,,,,
2006055217,2000.0,1,0,0,0,0,0,0,0,0,7,0,,67,3,2006,5,39.9637,-75.1903,2000.0,6,0,0,0,0,0,0,0,0,,0,0,0,20,3,0,0,,0.0,39 57:49.161,,0,75 11:25.184,9,0,0,0,67301,0,0,0,N,0,0,0,1,67301,0,,5,1,,N,N,,0,,0,0,0,0,0,,2000,0,1,0,0,0,0,1,3,4,0,1,3,,N,,,,,,,,,,,
2006094426,1302.0,2,0,0,0,0,0,0,0,0,4,0,,67,8,2006,3,40.0443,-75.0541,1218.0,6,0,0,0,0,0,0,0,0,,0,0,0,12,1,0,1,,0.0,40 02:40.000,,0,75 03:16.876,0,0,0,0,67301,0,0,0,N,0,0,0,2,67301,0,,1,1,,N,N,,0,,0,0,0,3,2,,1217,0,2,0,0,0,0,0,3,4,0,2,3,,N,,,,,,,,,,,
2006081696,9999.0,2,0,0,0,0,0,0,0,0,1,0,,67,6,2006,6,39.9921,-75.0993,9999.0,6,0,0,0,0,0,0,1,0,,0,0,0,16,1,1,1,,0.0,39 59:31.000,,0,75 05:57.386,4,0,0,0,67301,0,0,0,N,0,0,0,2,67301,1,,1,1,,N,N,,0,,0,0,0,2,2,,1600,1,2,0,0,0,0,0,3,4,0,2,3,,N,,,,,,,,,,,
2006081713,2122.0,1,0,0,1,0,0,0,0,0,4,0,,67,7,2006,2,39.9545,-75.2149,2103.0,6,0,0,0,0,0,0,0,0,,0,0,0,21,3,1,1,,0.0,39 57:16.045,,0,75 12:53.647,4,0,0,0,67301,1,0,0,N,0,0,0,2,67301,1,,1,1,,N,N,,0,,0,0,0,0,0,,2103,1,2,0,0,1,0,0,3,4,0,1,3,,N,,,,,,,,,,,
2006084177,1302.0,1,0,0,1,1,0,0,0,0,7,0,,67,5,2006,7,,,1255.0,6,0,0,0,0,0,0,0,1,3.0,1,0,0,12,1,0,0,,2.0,,5.0,0,,1,0,0,0,67301,1,1,0,N,0,0,0,2,67301,0,1.0,1,1,,N,N,,0,0.0,0,0,0,0,0,Y,1255,0,2,0,0,0,0,0,3,3,0,1,3,,N,,,,,,,,,,,
2006056489,225.0,1,0,0,0,0,0,0,0,0,9,0,,67,2,2006,3,39.9168,-75.1713,222.0,6,0,0,0,0,0,0,0,0,,0,0,0,2,3,1,1,,0.0,39 55:00.000,,0,75 10:16.768,8,0,0,0,67301,0,0,0,N,0,0,0,1,67301,0,,1,1,,N,N,,0,,0,0,0,0,0,,222,1,1,0,0,0,1,0,3,4,0,1,3,,N,,,,,,,,,,,
2006056519,314.0,2,0,0,0,0,0,0,0,0,7,0,,67,4,2006,3,,,313.0,6,0,0,0,0,1,0,0,0,,0,0,0,3,3,0,0,,0.0,,,0,,0,0,0,0,67301,0,0,0,,0,0,0,1,67504,0,,2,1,,N,N,,0,,0,0,0,0,0,,312,0,2,0,0,0,0,0,3,3,0,2,3,,N,,,,,,,,,,,
2006036566,842.0,3,0,0,0,0,0,0,0,0,5,0,,67,3,2006,5,,,842.0,6,0,0,0,0,0,0,0,0,,0,0,0,8,1,1,0,,0.0,,,0,,8,0,0,0,67301,0,0,0,,0,0,0,1,67301,0,,4,9,,N,N,,0,,0,0,0,0,0,,835,1,3,0,0,0,1,0,3,3,0,3,7,,N,,,,,,,,,,,
2006036645,1910.0,2,0,0,0,0,0,0,0,0,6,0,,67,2,2006,7,,,1901.0,6,0,0,0,1,0,0,0,0,,0,0,0,19,3,2,1,,0.0,,,0,,4,0,0,0,67301,0,0,0,,0,0,0,3,67301,2,,1,9,,N,N,,0,,0,0,0,9,2,,1905,2,2,0,0,0,0,0,3,3,0,2,7,,N,,,,,,,,,,,
2006036672,1855.0,1,0,0,0,0,0,0,0,0,8,0,,67,2,2006,7,39.9478,-75.231,1848.0,6,0,0,0,0,0,0,0,1,,0,0,0,18,3,1,0,,0.0,39 56:52.000,,0,75 13:51.298,3,0,0,0,67301,1,0,0,N,1,0,0,2,67301,0,,1,9,,N,N,,0,,1,0,0,9,2,,1844,1,2,0,0,0,0,0,3,4,0,1,3,,N,,,,,,,,,,,
2006021913,1100.0,1,0,0,0,0,0,0,0,0,1,0,,67,1,2006,3,40.0217,-75.1127,1100.0,6,0,0,0,0,0,0,0,0,,0,0,0,14,1,1,1,,0.0,40 01:17.000,,0,75 06:45.452,4,0,0,0,67301,0,0,0,,0,0,0,2,67301,1,,9,1,,,,,0,,0,0,0,9,2,,1430,1,2,0,0,0,0,1,3,4,0,2,99,,N,,,,,,,,,,,
2006024571,1805.0,2,0,0,0,0,0,0,0,0,4,0,,67,1,2006,1,,,1757.0,6,0,0,0,0,0,0,0,0,,0,0,0,17,3,3,0,,0.0,,,7,,8,0,0,0,67301,0,0,0,,0,0,0,5,67301,0,,1,98,,N,N,,0,,0,0,0,0,0,,1745,3,2,0,0,0,3,1,3,3,0,2,98,,N,,,,,,,,,,,
2006024576,2325.0,2,0,0,0,0,0,0,0,0,5,0,,67,1,2006,3,40.0198,-75.149,2300.0,6,0,0,1,0,0,0,0,0,,0,0,0,23,3,0,0,,0.0,40 01:12.000,,0,75 08:56.440,9,0,0,0,67301,0,0,0,N,0,0,0,4,67301,0,,1,1,,N,N,,0,,0,0,0,0,0,,2300,0,2,0,0,0,0,3,3,4,0,2,3,,N,,,,,,,,,,,
2006103224,632.0,2,0,0,0,0,0,0,0,0,6,0,,67,9,2006,5,40.0244,-75.0628,630.0,6,0,0,0,0,0,1,0,0,,0,0,0,6,1,1,3,,0.0,40 01:28.000,,0,75 03:46.121,4,0,0,0,67301,0,0,0,N,0,0,0,2,67301,1,,1,1,,N,N,,0,,0,0,0,3,2,,625,1,2,0,0,0,0,0,3,4,0,2,3,,N,,,,,,,,,,,
2006103239,1740.0,1,0,0,1,0,0,0,0,0,5,0,,67,8,2006,2,39.9477,-75.1511,1730.0,6,0,0,0,0,0,0,0,0,,0,0,0,16,1,1,2,,0.0,39 56:51.000,,0,75 09:03.936,3,0,0,0,67301,1,0,0,N,0,0,0,2,67301,0,,1,1,,N,N,,0,,1,0,0,3,2,,1650,1,2,0,0,1,0,0,3,4,0,1,3,,N,,,,,,,,,,,
2006035955,1920.0,2,0,0,0,0,0,0,0,0,5,0,,67,1,2006,2,40.0294,-75.1191,1913.0,6,0,0,0,0,0,0,0,0,,0,0,0,99,3,1,0,,0.0,40 01:45.840,,0,75 07:08.760,4,0,0,0,67301,0,0,0,,0,0,0,3,67301,1,,1,1,,,,,0,,0,0,0,0,0,,9999,1,2,0,0,0,0,0,3,4,0,2,3,,N,,,,,,,,,,,
2006037752,2022.0,2,0,0,0,0,0,0,0,0,5,0,,67,2,2006,4,40.0573,-75.0087,2016.0,6,0,0,0,0,0,0,0,0,,0,0,0,20,3,0,0,,0.0,40 03:26.000,,0,75 00:31.194,9,0,0,0,67301,1,0,0,,0,0,0,2,67301,0,,1,1,,N,N,,0,,0,0,0,9,8,,2010,0,2,0,0,0,0,1,3,4,0,2,3,,N,,,,,,,,,,,
2006079180,1459.0,1,0,0,0,0,0,0,0,0,7,0,,67,6,2006,2,39.9674,-75.1809,1454.0,6,0,0,0,0,0,0,0,0,2.0,0,0,0,14,1,1,2,,1.0,39 58:03.360,3.0,0,75 10:51.960,2,0,0,0,67301,0,0,0,N,0,0,0,1,67301,0,,4,9,,N,N,,0,,0,1,0,3,2,Y,1452,1,1,0,0,0,0,0,3,4,0,1,7,,N,,,,,,,,,,,
2006082013,9999.0,1,0,0,0,0,0,0,0,0,1,1,,67,6,2006,3,40.0272,-75.0989,1704.0,6,0,0,0,0,0,0,0,0,1.0,0,1,0,99,1,2,1,,1.0,40 01:39.000,1.0,0,75 05:57.216,4,0,0,0,67301,0,0,0,N,0,0,0,4,67301,2,,1,1,,N,N,,1,,0,0,1,3,2,N,9999,2,4,0,0,0,0,0,3,4,0,4,3,,N,,,,,,,,,,,
2006079637,1254.0,1,0,0,0,0,0,0,0,0,2,0,,67,6,2006,1,40.0517,-75.153,1244.0,6,0,0,0,0,0,0,0,0,,0,0,0,12,1,2,1,,0.0,40 03:06.267,,0,75 09:10.785,4,0,0,0,67301,0,0,0,N,0,0,0,2,67301,2,,1,9,,N,N,,0,,0,0,1,3,2,,1240,2,2,0,0,0,0,0,3,4,0,2,7,,N,,,,,,,,,,,
2006082126,1705.0,3,0,0,0,0,0,0,0,0,1,0,,67,6,2006,6,39.9989,-75.1333,1701.0,6,0,0,0,0,0,0,0,0,,0,0,0,11,1,1,0,,0.0,39 59:56.000,,0,75 08:00.053,8,0,0,0,67301,0,0,0,N,0,0,0,4,67301,0,,1,9,,N,N,,0,,0,0,0,0,0,,1115,1,3,0,0,0,1,2,3,4,0,3,7,,N,,,,,,,,,,,
2006079932,1944.0,1,0,0,0,0,0,0,0,0,8,0,,67,6,2006,7,40.0388,-75.1716,9999.0,6,0,0,0,0,0,0,0,0,,0,0,0,19,1,1,1,,0.0,40 02:19.838,,0,75 10:17.839,4,0,0,0,67301,1,0,0,N,1,0,0,2,67301,1,,1,1,,N,N,,0,,0,0,0,0,0,,1900,1,2,0,0,0,0,0,3,4,0,1,3,,N,,,,,,,,,,,
2006082533,1312.0,1,0,0,0,0,0,0,0,0,1,0,,67,7,2006,4,40.0016,-75.1528,1310.0,6,0,0,0,0,0,0,0,0,,0,0,0,12,1,3,1,,0.0,40 00:06.000,,0,75 09:10.512,3,0,0,0,67301,0,0,0,N,0,0,0,3,67301,2,,1,1,,N,N,,0,,1,0,0,3,2,,1256,3,2,0,0,3,0,0,3,4,1,2,3,,N,,,,,,,,,,,
2006021087,154.0,0,0,0,0,0,0,0,0,0,8,0,,67,1,2006,7,40.0224,-75.2141,152.0,6,0,0,0,0,0,0,0,0,,0,0,0,1,3,1,2,,0.0,40 01:20.532,,0,75 12:50.644,4,0,0,0,67301,1,0,0,N,1,0,0,2,67301,1,,1,9,,N,N,,1,,0,0,0,0,0,,152,1,2,0,0,0,0,0,3,4,0,1,7,,N,,,,,,,,,,,
2007054563,1839.0,2,0,0,0,0,0,0,0,0,5,0,,67,12,2006,6,40.0269,-75.0975,1835.0,6,0,0,1,0,0,0,0,1,,0,0,0,18,3,1,0,,0.0,40 01:36.000,,0,75 05:51.101,4,0,0,0,67301,0,0,0,,0,0,0,3,67301,1,,3,1,,N,N,,0,,0,0,0,0,0,,1835,1,2,0,0,0,0,0,3,4,0,2,3,,N,,,,,,,,,,,
2007006865,836.0,1,0,0,0,0,0,0,0,0,1,0,,67,12,2006,6,39.9742,-75.2125,834.0,6,0,0,0,0,0,1,0,0,,0,0,0,8,1,2,2,,0.0,39 58:27.000,,0,75 12:44.980,4,0,0,0,67301,0,0,0,,0,0,0,3,67301,2,,1,9,,,,,0,,0,0,1,0,0,,825,2,2,0,0,0,0,0,3,4,0,2,7,,N,,,,,,,,,,,
2007027819,1553.0,3,0,0,0,0,0,0,0,0,4,0,,67,1,2006,2,39.9858,-75.2156,1549.0,6,0,0,0,0,0,1,0,0,2.0,0,0,0,99,1,3,1,,2.0,39 59:08.000,5.0,0,75 12:56.216,8,0,0,0,67301,0,0,0,N,0,0,0,5,67301,0,,1,1,,N,N,,0,,0,0,0,3,2,Y,9999,3,3,0,0,0,3,0,3,4,0,3,3,,N,,,,,,,,,,,
2007023230,1850.0,3,0,0,0,0,0,0,0,0,2,0,,67,12,2006,6,40.013,-75.1194,1846.0,6,0,0,0,0,0,0,0,0,,0,0,0,18,1,1,1,,0.0,40 00:46.000,,0,75 07:09.798,4,0,0,0,67301,0,0,0,,0,0,0,5,67301,1,,1,9,,,,,0,,0,0,0,0,0,,1817,1,3,0,0,0,0,0,3,4,0,3,7,,N,,,,,,,,,,,
2007023540,1530.0,1,0,0,0,0,0,0,0,0,8,0,,67,11,2006,5,39.9628,-75.2346,1500.0,6,0,0,0,0,0,0,0,0,,0,0,0,15,1,1,1,,0.0,39 57:46.033,,0,75 14:04.433,8,0,0,0,67301,1,0,0,N,1,0,0,2,67301,0,,1,1,,N,N,,0,,0,0,0,9,2,,1500,1,2,0,0,0,1,1,3,4,0,1,3,,N,,,,,,,,,,,
2007023665,1027.0,2,0,0,0,0,0,0,0,0,4,0,,67,12,2006,3,40.0306,-75.0649,1027.0,6,0,0,0,0,0,0,0,0,1.0,0,0,0,99,1,1,1,,2.0,40 01:50.061,3.0,0,75 03:53.676,8,0,0,0,67301,0,0,0,N,0,0,0,2,67301,0,,1,1,,N,N,,0,,0,0,0,3,3,Y,9999,1,2,0,0,0,1,0,3,4,0,2,3,,N,,,,,,,,,,,
2007023057,1010.0,2,0,0,0,0,0,0,0,0,6,0,,67,12,2006,6,40.0855,-75.2105,1000.0,6,0,0,0,0,0,1,0,0,,0,0,0,10,1,0,5,,0.0,40 05:07.000,,0,75 12:37.887,0,0,0,0,67301,0,0,0,N,0,0,0,2,67301,0,,1,1,,N,N,,0,,0,0,0,3,2,,1000,0,2,0,0,0,0,0,3,4,0,2,3,,N,,,,,,,,,,,
2006124713,1714.0,2,0,0,0,0,0,0,0,0,4,0,,67,11,2006,4,40.1301,-75.0181,1656.0,6,0,0,0,0,0,0,0,1,,0,0,0,16,1,1,0,,0.0,40 07:48.000,,0,75 01:06.344,4,0,0,0,67301,0,0,0,N,0,0,0,2,67301,1,,1,1,,N,N,,0,,0,0,0,0,0,,1601,1,2,0,0,0,0,0,3,4,0,2,3,,N,,,,,,,,,,,
2006113817,9999.0,0,0,0,0,0,0,0,0,0,4,0,,67,10,2006,3,40.0074,-75.1252,1429.0,6,0,0,0,0,0,0,0,0,,0,0,0,99,1,0,2,,0.0,40 00:26.000,,0,75 07:30.624,9,0,0,0,67301,0,0,0,N,0,0,0,2,67301,0,,1,1,,N,N,,0,,0,0,0,0,0,,9999,0,2,0,0,0,0,2,3,4,0,2,99,,N,,,,,,,,,,,
2006113855,1943.0,3,0,0,0,0,0,0,0,0,1,0,,67,9,2006,1,40.0044,-75.128,1943.0,6,0,0,0,0,0,1,0,0,,0,0,0,19,3,2,0,,0.0,40 00:15.753,,0,75 07:40.843,4,0,0,0,67301,0,0,0,,0,0,0,7,67301,1,,1,9,,,,,0,,0,0,0,0,0,,1943,2,3,0,0,3,1,0,3,4,0,3,7,,N,,,,,,,,,,,
2006062214,1044.0,0,0,0,0,0,0,0,0,0,0,0,,67,5,2006,1,39.9169,-75.2469,1044.0,6,0,0,0,0,0,1,0,0,1.0,0,0,0,10,1,1,0,,1.0,39 54:46.000,1.0,0,75 14:35.211,8,0,0,1,67301,0,0,0,,0,0,0,1,67301,0,,1,1,,N,N,,0,,0,0,0,0,0,N,1042,1,1,0,0,0,1,0,3,4,0,1,3,,N,,,,,,,,,,,
2006062251,1455.0,0,0,0,0,0,0,0,0,0,1,0,,67,5,2006,2,40.0561,-75.1677,1452.0,6,0,0,0,0,0,0,1,0,1.0,0,1,0,14,1,1,0,,1.0,40 03:21.000,4.0,0,75 10:03.824,8,0,0,0,67301,0,0,0,N,0,0,0,1,67301,0,,2,1,,N,Y,,0,,0,0,1,0,0,N,1446,1,2,0,0,0,1,0,3,4,0,2,3,,N,,,,,,,,,,,
2006062381,2215.0,1,0,0,0,0,0,0,0,0,1,0,,67,4,2006,3,39.952,-75.1614,2208.0,6,0,0,1,0,0,0,0,0,5.0,0,0,0,22,3,1,5,,1.0,39 57:07.000,3.0,0,75 09:40.534,4,0,0,0,67301,1,0,0,,0,0,0,2,67301,1,,1,1,,,,,0,,0,0,1,9,2,N,2208,1,2,0,0,0,0,0,3,4,0,2,3,,N,,,,,,,,,,,
2006062459,1146.0,2,0,0,0,0,0,0,0,0,4,0,,67,5,2006,2,40.0283,-75.1201,1144.0,6,0,0,0,0,0,0,0,0,,0,0,0,11,1,2,1,,0.0,40 01:41.000,,0,75 07:12.416,8,0,0,0,67301,0,0,0,N,0,0,0,2,67301,0,,1,1,,N,N,,0,,0,0,0,3,2,,1100,2,2,0,0,0,2,0,3,4,0,2,3,,N,,,,,,,,,,,