CRN,ARRIVAL_TM,AUTOMOBILE_COUNT,BELTED_DEATH_COUNT,BELTED_SUSP_SERIOUS_INJ_COUNT,BICYCLE_COUNT,BICYCLE_DEATH_COUNT,BICYCLE_SUSP_SERIOUS_INJ_COUNT,BUS_COUNT,CHLDPAS_DEATH_COUNT,CHLDPAS_SUSP_SERIOUS_INJ_COUNT,COLLISION_TYPE,COMM_VEH_COUNT,CONS_ZONE_SPD_LIM,COUNTY,CRASH_MONTH,CRASH_YEAR,DAY_OF_WEEK,DEC_LAT,DEC_LONG,DISPATCH_TM,DISTRICT,DRIVER_COUNT_16YR,DRIVER_COUNT_17YR,DRIVER_COUNT_18YR,DRIVER_COUNT_19YR,DRIVER_COUNT_20YR,DRIVER_COUNT_50_64YR,DRIVER_COUNT_65_74YR,DRIVER_COUNT_75PLUS,EST_HRS_CLOSED,FATAL_COUNT,HEAVY_TRUCK_COUNT,HORSE_BUGGY_COUNT,HOUR_OF_DAY,ILLUMINATION,INJURY_COUNT,INTERSECT_TYPE,INTERSECTION_RELATED,LANE_CLOSED,LATITUDE,LN_CLOSE_DIR,LOCATION_TYPE,LONGITUDE,MAX_SEVERITY_LEVEL,MCYCLE_DEATH_COUNT,MCYCLE_SUSP_SERIOUS_INJ_COUNT,MOTORCYCLE_COUNT,MUNICIPALITY,NONMOTR_COUNT,NONMOTR_DEATH_COUNT,NONMOTR_SUSP_SERIOUS_INJ_COUNT,NTFY_HIWY_MAINT,PED_COUNT,PED_DEATH_COUNT,PED_SUSP_SERIOUS_INJ_COUNT,PERSON_COUNT,POLICE_AGCY,POSSIBLE_INJ_COUNT,RDWY_SURF_TYPE_CD,RELATION_TO_ROAD,ROAD_CONDITION,ROADWAY_CLEARED,SCH_BUS_IND,SCH_ZONE_IND,SECONDARY_CRASH,SMALL_TRUCK_COUNT,SPEC_JURIS_CD,SUSP_MINOR_INJ_COUNT,SUSP_SERIOUS_INJ_COUNT,SUV_COUNT,TCD_FUNC_CD,TCD_TYPE,TFC_DETOUR_IND,TIME_OF_DAY,TOT_INJ_COUNT,TOTAL_UNITS,UNB_DEATH_COUNT,UNB_SUSP_SERIOUS_INJ_COUNT,UNBELTED_OCC_COUNT,UNK_INJ_DEG_COUNT,UNK_INJ_PER_COUNT,URBAN_AREA,URBAN_RURAL,VAN_COUNT,VEHICLE_COUNT,WEATHER1,WEATHER2,WORK_ZONE_IND,WORK_ZONE_LOC,WORK_ZONE_TYPE,WORKERS_PRES,WZ_CLOSE_DETOUR,WZ_FLAGGER,WZ_LAW_OFFCR_IND,WZ_LN_CLOSURE,WZ_MOVING,WZ_OTHER,WZ_SHLDER_MDN,WZ_WORKERS_INJ_KILLED
2006062468,938.0,2,0,0,0,0,0,0,0,0,4,0,,67,5,2006,6,40.0119,-75.1762,935.0,6,0,0,0,0,0,0,0,0,,0,0,0,7,1,1,0,,0.0,40 00:42.840,,7,75 10:34.680,8,0,0,0,67301,0,0,0,N,0,0,0,3,67301,0,,1,1,,N,N,,0,,0,0,0,0,0,,745,1,2,0,0,0,1,0,3,4,0,2,3,,N,,,,,,,,,,,
2006054985,1555.0,2,0,0,0,0,0,0,0,0,4,0,,67,3,2006,1,40.0946,-75.0152,1545.0,6,0,0,0,1,0,0,0,0,,0,0,0,15,1,0,1,,0.0,40 05:40.000,,0,75 00:53.997,0,0,0,0,67301,0,0,0,N,0,0,0,3,67301,0,,1,1,,N,N,,0,,0,0,0,3,2,,1500,0,2,0,0,0,0,0,3,4,0,2,3,,N,,,,,,,,,,,
2006055141,624.0,0,0,0,0,0,0,0,0,0,7,0,,67,4,2006,7,39.974,-75.1186,619.0,6,0,0,0,0,0,0,0,0,1.0,0,0,0,6,5,1,0,,2.0,39 58:21.360,3.0,2,75 07:16.680,3,0,0,0,67301,0,0,0,,0,0,0,1,67301,0,,2,9,,N,N,,0,,1,0,0,0,0,N,619,1,1,0,0,0,0,0,3,4,1,1,7,,N,,,,,,,,,,,
2006055148,1652.0,2,0,0,0,0,0,0,0,0,1,0,,67,3,2006,6,39.9924,-75.1548,1648.0,6,0,0,0,1,0,0,0,1,,0,0,0,16,1,1,0,,0.0,39 59:32.280,,0,75 09:17.640,8,0,0,0,67301,0,0,0,N,0,0,0,2,67301,0,,1,1,,N,N,,0,,0,0,0,0,0,,1600,1,2,0,0,0,1,0,3,4,0,2,3,,N,,,,,,,,,,,
2006055292,1554.0,5,0,0,0,0,0,0,0,0,4,0,,67,3,2006,6,40.1141,-74.9877,1548.0,6,0,0,0,0,0,0,0,0,2.0,0,0,0,15,1,2,1,,2.0,40 06:52.000,2.0,0,74 59:16.817,3,0,0,0,67301,0,0,0,N,0,0,0,6,67301,1,,1,1,,N,N,,0,,1,0,0,3,2,Y,1545,2,5,0,0,0,0,0,3,4,0,5,3,,N,,,,,,,,,,,
2006094086,1545.0,0,0,0,0,0,0,1,0,0,4,1,,67,8,2006,5,39.9181,-75.171,1541.0,6,0,0,0,0,0,0,0,0,,0,0,0,15,1,3,1,,0.0,39 55:05.000,,0,75 10:15.553,8,0,0,0,67301,0,0,0,N,0,0,0,11,67301,0,,1,1,,Y,N,,0,,0,0,0,3,2,,1540,3,2,0,0,5,3,0,3,4,1,2,3,,N,,,,,,,,,,,
2006055018,800.0,2,0,0,0,0,0,0,0,0,1,0,,67,4,2006,3,39.9846,-75.1779,758.0,6,0,0,0,0,0,0,0,0,,0,0,0,7,1,2,2,,0.0,39 59:04.000,,0,75 10:40.782,8,0,0,0,67301,0,0,0,N,0,0,0,2,67301,0,,1,1,,N,N,,0,,0,0,0,0,0,,755,2,2,0,0,0,2,0,3,4,0,2,3,,N,,,,,,,,,,,
2006055156,635.0,2,0,0,0,0,0,0,0,0,4,0,,67,4,2006,5,40.0432,-75.0523,632.0,6,0,0,0,0,0,0,0,0,,0,0,0,99,1,2,1,,0.0,40 02:35.000,,0,75 03:08.307,8,0,0,0,67301,0,0,0,N,0,0,0,2,67301,0,,1,1,,N,N,,0,,0,0,0,3,2,,9999,2,2,0,0,0,2,0,3,4,0,2,3,,N,,,,,,,,,,,
2006055186,239.0,3,0,0,0,0,0,0,0,0,1,0,,67,4,2006,1,40.0958,-74.9912,235.0,6,0,0,0,1,0,0,0,0,,0,0,0,2,3,4,2,,0.0,40 05:44.901,,0,74 59:28.492,3,0,0,0,67301,0,0,0,N,0,0,0,5,67301,0,,1,1,,N,N,,0,,4,0,0,3,2,,230,4,3,0,0,0,0,0,3,4,0,3,3,,N,,,,,,,,,,,
2006055323,1315.0,2,0,0,0,0,0,0,0,0,1,0,,67,4,2006,7,40.0558,-75.159,1307.0,6,0,0,0,0,0,1,0,0,,0,0,0,13,1,2,0,,0.0,40 03:20.880,,0,75 09:32.400,4,0,0,0,67301,0,0,0,N,0,0,0,5,67301,2,,1,1,,N,Y,,0,,0,0,0,0,0,,1300,2,2,0,0,0,0,0,3,4,0,2,3,,N,,,,,,,,,,,
2006094459,1817.0,1,0,0,0,0,0,0,0,0,8,0,,67,7,2006,2,39.9963,-75.1132,1814.0,6,0,0,0,0,0,0,1,0,,0,0,0,18,1,1,0,,0.0,39 59:46.000,,0,75 06:47.611,8,0,0,0,67301,1,0,0,N,1,0,0,2,67301,0,,1,1,,N,N,,0,,0,0,0,0,0,,1805,1,2,0,0,0,1,0,3,4,0,1,3,,N,,,,,,,,,,,
2006094468,1615.0,1,0,0,0,0,0,0,0,0,1,0,,67,7,2006,3,39.9443,-75.2444,1601.0,6,0,0,0,0,0,1,0,0,,0,0,0,14,1,1,1,,0.0,39 56:39.000,,0,75 14:39.602,4,0,0,0,67301,0,0,0,N,0,0,0,3,67301,1,,1,1,,N,N,,1,,0,0,0,9,2,,1420,1,2,0,0,0,0,0,3,4,0,2,3,,N,,,,,,,,,,,
2006094160,945.0,2,0,0,0,0,0,0,0,0,1,0,,67,8,2006,2,39.9674,-75.1319,943.0,6,0,0,0,0,0,1,0,0,,0,0,0,9,1,1,0,,0.0,39 58:03.000,,0,75 07:50.518,4,0,0,0,67301,0,0,0,N,0,0,0,3,67301,1,,1,1,,N,N,,1,,0,0,0,0,0,,943,1,3,0,0,0,0,0,3,4,0,3,3,,N,,,,,,,,,,,
2006094188,8.0,2,0,0,0,0,0,0,0,0,4,0,,67,8,2006,4,,,811.0,6,0,0,0,0,0,0,0,0,1.0,0,0,0,8,3,1,0,,1.0,,1.0,0,,8,0,0,0,67301,0,0,0,N,0,0,0,2,67301,0,,1,1,,N,N,,0,,0,0,0,0,0,N,811,1,2,0,0,0,1,0,3,3,0,2,3,,N,,,,,,,,,,,
2006094206,9999.0,2,0,0,0,0,0,0,0,0,4,0,,67,7,2006,7,40.0188,-75.0498,106.0,6,0,0,0,0,0,0,0,0,,0,0,0,0,3,3,2,,0.0,40 01:06.000,,0,75 02:59.991,4,0,0,0,67301,0,0,0,N,0,0,0,6,67301,3,,1,1,,N,N,,0,,0,0,0,3,3,,35,3,2,0,0,0,0,0,3,4,0,2,99,,N,,,,,,,,,,,
2006055263,2052.0,2,0,0,0,0,0,0,0,0,5,0,,67,3,2006,7,40.0092,-75.1508,2049.0,6,0,0,0,0,0,0,0,0,,0,0,0,20,3,6,2,,0.0,40 00:33.000,,0,75 09:03.561,4,0,0,0,67301,0,0,0,N,0,0,0,7,67301,6,,1,9,,N,N,,0,,0,0,0,0,0,,2040,6,2,0,0,0,0,0,3,4,0,2,7,,N,,,,,,,,,,,
2006081698,1817.0,2,0,0,0,0,0,0,0,0,1,0,,67,6,2006,2,,,1811.0,6,0,0,0,0,1,0,0,0,,0,0,0,17,1,0,0,,0.0,,,0,,0,0,0,0,67301,0,0,0,N,0,0,0,2,67301,0,,1,9,,N,N,,0,,0,0,0,3,2,,1705,0,2,0,0,0,0,0,3,3,0,2,7,,N,,,,,,,,,,,
2006116105,950.0,1,0,0,0,0,0,0,0,0,1,0,,67,10,2006,4,40.0613,-75.0835,944.0,6,0,0,0,0,0,1,0,0,,0,0,0,8,1,1,0,,0.0,40 03:40.576,,0,75 05:00.493,4,0,0,0,67301,0,0,0,N,0,0,0,2,67301,1,,1,1,,N,N,,0,,0,0,1,3,2,,853,1,2,0,0,0,0,0,3,4,0,2,3,,N,,,,,,,,,,,
2006116110,1623.0,0,0,0,0,0,0,2,0,0,1,2,,67,9,2006,5,40.0051,-75.1555,1623.0,6,0,0,0,0,0,0,0,0,,0,0,0,16,1,1,1,,0.0,40 00:18.349,,0,75 09:19.673,4,0,0,0,67301,0,0,0,N,0,0,0,3,67301,1,,1,1,,N,Y,,0,,0,0,0,9,3,,1619,1,2,0,0,0,0,2,3,4,0,2,3,,N,,,,,,,,,,,
2006116112,2248.0,1,0,0,0,0,0,1,0,0,1,1,,67,9,2006,1,39.9977,-75.1232,2246.0,6,0,0,0,0,0,0,0,0,,0,0,0,22,3,3,0,,0.0,39 59:51.763,,0,75 07:23.493,8,0,0,0,67301,0,0,0,N,0,0,0,9,67301,0,,1,1,,N,N,,0,,0,0,0,3,2,,2230,3,2,0,0,0,3,5,3,4,0,2,3,,N,,,,,,,,,,,
2006056473,1101.0,2,0,0,0,0,0,0,0,0,4,0,,67,4,2006,7,,,1054.0,6,0,0,0,0,0,0,0,0,,0,0,0,10,1,3,1,,0.0,,,0,,8,0,0,0,67301,0,0,0,N,0,0,0,5,67301,0,,1,1,,N,N,,0,,0,0,0,3,3,,1045,3,2,0,0,3,3,1,3,3,0,2,3,,N,,,,,,,,,,,
2006056477,1350.0,1,0,0,0,0,0,0,0,0,4,0,,67,4,2006,3,39.9725,-75.1674,1337.0,6,0,0,0,0,0,1,0,0,1.0,0,0,0,13,1,1,1,,1.0,39 58:20.000,3.0,0,75 10:02.562,3,0,0,0,67301,0,0,0,N,0,0,0,3,67301,0,,1,1,,N,N,,0,,1,0,1,3,2,N,1320,1,2,0,0,0,0,0,3,4,0,2,3,,N,,,,,,,,,,,
2006056492,333.0,0,0,0,0,0,0,0,0,0,7,0,,67,3,2006,7,39.9168,-75.1713,333.0,6,0,0,0,0,0,0,0,0,,0,0,0,3,3,1,2,,0.0,39 55:00.000,,0,75 10:16.768,3,0,0,0,67301,0,0,0,N,0,0,0,1,67301,0,,5,1,,N,N,,0,,1,0,1,3,2,,333,1,1,0,0,1,0,0,3,4,0,1,3,,N,,,,,,,,,,,
2006056495,2025.0,2,0,0,0,0,0,0,0,0,4,0,,67,5,2006,4,,,2025.0,6,0,0,0,0,0,0,0,0,,0,0,0,20,3,1,1,,0.0,,,0,,4,0,0,0,67301,0,0,0,N,0,0,0,3,67301,1,,1,1,,N,N,,0,,0,0,0,3,2,,2024,1,2,0,0,0,0,0,3,3,0,2,3,,N,,,,,,,,,,,
2006033799,2007.0,1,0,0,0,0,0,0,0,0,7,0,,67,2,2006,6,,,2007.0,6,0,0,0,0,0,0,0,0,,0,0,0,19,3,0,0,,0.0,,,0,,0,0,0,0,67301,0,0,0,N,0,0,0,1,67301,0,,4,1,,N,N,,0,,0,0,0,0,0,,1952,0,1,0,0,0,0,0,3,3,0,1,3,,N,,,,,,,,,,,
2006036480,1700.0,0,0,0,0,0,0,0,0,0,2,0,,67,2,2006,7,40.0428,-75.0185,1650.0,6,0,0,0,0,0,0,0,0,,0,0,0,16,1,2,2,,0.0,40 02:34.188,,0,75 01:06.621,3,0,0,0,67301,0,0,0,N,0,0,0,3,67301,1,,1,9,,N,N,,1,,1,0,0,0,0,,1645,2,2,0,0,1,0,0,3,4,1,2,7,,N,,,,,,,,,,,
2006036631,2142.0,2,0,0,0,0,0,0,0,0,4,0,,67,2,2006,5,40.043,-75.07,2140.0,6,0,0,0,0,1,0,0,0,,0,0,0,21,3,2,1,,0.0,40 02:34.620,,0,75 04:12.043,8,0,0,0,67301,0,0,0,,0,0,0,2,67301,0,,1,1,,N,N,,0,,0,0,0,3,3,,2135,2,2,0,0,0,2,0,3,4,0,2,3,,N,,,,,,,,,,,
2006103138,1030.0,1,0,0,0,0,0,0,0,0,8,0,,67,9,2006,5,,,1024.0,6,0,0,0,0,0,0,0,1,,0,0,0,10,1,1,1,,0.0,,,0,,3,0,0,0,67301,1,0,0,N,1,0,0,2,67301,0,,1,1,,N,N,,0,,1,0,0,9,3,,1010,1,2,0,0,1,0,0,3,3,0,1,3,,N,,,,,,,,,,,
2006103157,1025.0,2,0,0,0,0,0,0,0,0,4,0,,67,9,2006,4,40.058,-75.1574,1021.0,6,0,0,0,0,0,1,0,1,,0,0,0,9,1,0,0,,0.0,40 03:28.731,,0,75 09:26.578,0,0,0,0,67301,0,0,0,N,0,0,0,3,67301,0,,1,1,,N,N,,0,,0,0,0,0,0,,910,0,2,0,0,0,0,0,3,4,0,2,3,,N,,,,,,,,,,,
2006103208,2135.0,0,0,0,1,0,0,0,0,0,2,0,,67,8,2006,3,39.9547,-75.195,2131.0,6,0,0,0,0,0,0,1,0,,0,0,0,21,3,1,0,,0.0,39 57:17.054,,7,75 11:41.943,4,0,0,0,67301,1,0,0,N,0,0,0,3,67301,1,,7,1,,N,N,,0,,0,0,1,0,0,,2130,1,2,0,0,0,0,0,3,4,0,1,3,,N,,,,,,,,,,,
2006103230,1135.0,1,0,0,0,0,0,0,0,0,8,0,,67,8,2006,7,40.01,-75.1363,1131.0,6,0,0,0,0,0,0,0,0,,0,0,0,11,1,1,1,,0.0,40 00:36.000,,0,75 08:10.603,4,0,0,0,67301,1,0,0,N,1,0,0,3,67301,1,,1,1,,N,N,,0,,0,0,0,0,0,,1128,1,2,0,0,0,0,0,3,4,0,1,3,,N,,,,,,,,,,,
2006102803,9999.0,0,0,0,0,0,0,0,0,0,0,0,,67,8,2006,7,39.9215,-75.1905,9999.0,6,0,0,0,0,0,0,0,0,1.0,0,0,0,99,1,2,0,,2.0,39 55:17.000,4.0,4,75 11:25.382,8,0,0,1,67301,0,0,0,N,0,0,0,2,67301,0,,1,1,,N,N,,0,,0,0,0,0,0,N,9999,2,1,0,0,0,2,0,3,4,0,1,3,,N,,,,,,,,,,,
2006036140,140.0,0,0,0,0,0,0,0,0,0,7,0,,67,2,2006,3,39.9305,-75.1458,132.0,6,0,0,0,0,0,0,0,0,,0,0,0,1,3,0,0,,0.0,39 56:00.000,,0,75 08:42.423,0,0,0,0,67301,0,0,0,,0,0,0,1,67301,0,,3,1,,N,N,,0,,0,0,1,0,0,,132,0,1,0,0,0,0,0,3,4,0,1,3,,N,,,,,,,,,,,
2006037548,709.0,1,0,0,0,0,0,0,0,0,2,0,,67,1,2006,6,40.011,-75.1266,708.0,6,0,0,0,0,0,0,0,0,,0,0,0,7,1,2,0,,0.0,40 00:39.762,,7,75 07:35.839,8,0,0,1,67301,0,0,0,N,0,0,0,2,67301,0,,1,1,,N,N,,0,,0,0,0,0,0,,707,2,2,0,0,0,2,0,3,4,0,2,3,,N,,,,,,,,,,,
2006032737,1800.0,3,0,0,0,0,0,0,0,0,1,0,,67,2,2006,6,39.9778,-75.2134,1800.0,6,0,0,0,0,0,1,0,0,,0,0,0,17,3,1,1,,0.0,39 58:39.000,,0,75 12:47.892,8,0,0,0,67301,0,0,0,N,0,0,0,4,67301,0,,1,1,,N,N,,0,,0,0,0,3,2,,1759,1,3,0,0,0,1,2,3,4,0,3,3,,N,,,,,,,,,,,
2006079275,1511.0,1,0,0,0,0,0,0,0,0,8,0,,67,6,2006,2,39.955,-75.2385,1509.0,6,0,0,0,0,0,1,0,0,1.0,0,0,0,15,1,1,0,,2.0,39 57:18.093,6.0,0,75 14:18.596,3,0,0,0,67301,1,0,0,N,1,0,0,5,67301,0,,1,1,,N,N,,0,,1,0,0,0,0,Y,1507,1,2,0,0,0,0,0,3,4,0,1,3,,N,,,,,,,,,,,
2006126242,1225.0,2,0,0,0,0,0,0,0,0,6,0,,67,11,2006,6,39.955,-75.2463,1222.0,6,0,0,0,0,1,0,0,1,,0,0,0,12,1,0,2,,0.0,39 57:17.974,,0,75 14:46.679,0,0,0,0,67301,0,0,0,N,0,0,0,3,67301,0,,1,1,,N,N,,0,,0,0,0,9,3,,1222,0,2,0,0,0,0,0,3,4,0,2,3,,N,,,,,,,,,,,
2006123845,1050.0,1,0,0,0,0,0,1,0,0,1,1,,67,10,2006,1,39.9783,-75.2461,1040.0,6,0,0,0,0,0,1,0,0,,0,0,0,10,1,1,1,,0.0,39 58:36.000,,0,75 14:45.403,8,0,0,0,67301,0,0,0,N,0,0,0,3,67301,0,,1,1,,N,N,,0,,0,0,0,2,2,,1039,1,2,0,0,0,1,0,3,4,0,2,3,,N,,,,,,,,,,,
2006056460,2215.0,2,0,0,0,0,0,0,0,0,6,0,,67,3,2006,1,39.9282,-75.1507,2210.0,6,0,0,0,0,1,0,0,0,,0,0,0,22,3,1,2,,0.0,39 55:41.368,,0,75 09:02.516,3,0,0,0,67301,0,0,0,N,0,0,0,2,67301,0,,1,1,,N,N,,0,,1,0,0,0,0,,2200,1,2,0,0,2,0,0,3,4,0,2,3,,N,,,,,,,,,,,
2006054032,2101.0,1,0,0,0,0,0,0,0,0,8,0,,67,4,2006,1,40.0095,-75.1002,2100.0,6,0,0,0,0,0,0,0,0,3.0,0,0,0,19,3,1,0,,2.0,40 00:34.275,1.0,0,75 06:00.763,4,0,0,0,67301,1,0,0,N,1,0,0,2,67301,1,,1,1,,N,N,,0,,0,0,0,0,0,N,1950,1,2,0,0,1,0,0,3,4,0,1,3,,N,,,,,,,,,,,
2006036605,1742.0,3,0,0,0,0,0,0,0,0,1,0,,67,3,2006,2,40.0078,-75.1515,1742.0,6,0,0,0,1,0,0,0,0,,0,0,0,17,1,0,0,,0.0,40 00:28.000,,0,75 09:05.759,9,0,0,0,67301,0,0,0,N,0,0,0,3,67301,0,,1,1,,N,N,,0,,0,0,0,3,2,,1720,0,3,0,0,0,0,1,3,4,0,3,3,,N,,,,,,,,,,,
2006034201,1225.0,3,0,0,0,0,0,0,0,0,1,0,,67,2,2006,2,40.0227,-75.1482,1208.0,6,0,0,0,0,0,1,0,1,,0,0,0,12,1,1,5,,0.0,40 01:22.000,,0,75 08:53.975,8,0,0,0,67301,0,0,0,N,0,0,0,3,67301,0,,1,1,,N,N,,0,,0,0,0,3,2,,1208,1,3,0,0,0,1,0,3,4,0,3,3,,N,,,,,,,,,,,
2006024598,1711.0,1,0,0,0,0,0,0,0,0,4,0,,67,1,2006,5,39.9751,-75.1952,1709.0,6,0,0,0,0,0,0,0,0,2.0,0,0,0,17,1,1,0,,2.0,39 58:30.000,3.0,0,75 11:42.340,4,0,0,0,67301,0,0,0,N,0,0,0,3,67301,1,,1,1,,N,N,,0,,0,0,0,0,0,N,1709,1,2,0,0,0,0,0,3,4,0,2,3,,N,,,,,,,,,,,
2006103124,2313.0,2,0,0,0,0,0,0,0,0,2,0,,67,8,2006,2,,,2313.0,6,0,0,0,1,0,0,0,0,,0,0,0,23,3,4,1,,0.0,,,0,,2,0,0,0,67301,0,0,0,N,0,0,0,4,67301,1,,1,1,,N,N,,1,,0,3,0,3,2,,2313,4,3,0,0,0,0,0,3,3,0,3,3,,N,,,,,,,,,,,
2006103235,258.0,2,0,0,0,0,0,0,0,0,4,0,,67,9,2006,1,39.9579,-75.1623,254.0,6,0,0,0,0,0,1,0,0,,0,0,0,2,6,2,1,,0.0,39 57:28.000,,0,75 09:43.912,8,0,0,0,67301,0,0,0,N,0,0,0,3,67301,0,,1,1,,N,N,,0,,0,0,0,3,2,,251,2,2,0,0,0,2,1,3,4,0,2,3,,N,,,,,,,,,,,
2006102813,1333.0,1,0,0,0,0,0,0,0,0,8,0,,67,9,2006,4,39.9932,-75.1202,1330.0,6,0,0,0,0,0,0,0,0,,0,0,0,13,1,1,0,,0.0,39 59:35.350,,0,75 07:12.892,4,0,0,0,67301,1,0,0,N,1,0,0,2,67301,1,,1,1,,N,N,,0,,0,0,0,0,0,,1330,1,2,0,0,1,0,0,3,4,0,1,3,,N,,,,,,,,,,,
2006036139,316.0,1,0,0,0,0,0,0,0,0,7,0,,67,1,2006,5,39.9699,-75.1925,310.0,6,0,0,0,0,0,0,0,0,,0,0,0,3,3,1,0,,0.0,39 58:16.000,,0,75 11:35.331,4,0,0,0,67301,0,0,0,,0,0,0,1,67301,1,,2,1,,N,N,,0,,0,0,0,0,0,,309,1,1,0,0,0,0,0,3,4,0,1,3,,N,,,,,,,,,,,
2006037561,754.0,3,0,0,0,0,0,0,0,0,4,0,,67,1,2006,2,40.045,-75.1235,750.0,6,0,0,0,1,0,0,0,0,,0,0,0,7,1,1,1,,0.0,40 02:41.000,,0,75 07:24.696,8,0,0,0,67301,0,0,0,,0,0,0,3,67301,0,,1,9,,N,N,,0,,0,0,0,3,2,,735,1,3,0,0,1,1,0,3,4,0,3,3,,N,,,,,,,,,,,
2006037673,1510.0,3,0,0,0,0,0,0,0,0,1,0,,67,2,2006,2,39.9211,-75.1938,1500.0,6,0,0,0,0,1,0,0,0,1.0,0,0,0,14,1,2,1,,1.0,39 55:16.000,3.0,0,75 11:37.630,4,0,0,0,67301,0,0,0,N,0,0,0,3,67301,2,,1,1,,N,N,,0,,0,0,0,3,2,N,1445,2,3,0,0,0,0,0,3,4,0,3,3,,N,,,,,,,,,,,
2006081743,1654.0,2,0,0,0,0,0,0,0,0,5,0,,67,7,2006,5,40.0654,-75.0835,1652.0,6,0,0,0,0,0,1,0,0,1.0,0,0,0,16,1,0,5,,1.0,40 03:56.000,2.0,0,75 05:00.824,9,0,0,0,67301,0,0,0,N,0,0,0,5,67301,0,,1,1,,N,N,,0,,0,0,1,0,0,N,1650,0,3,0,0,0,0,1,3,4,0,3,3,,N,,,,,,,,,,,
2006082073,840.0,2,0,0,0,0,0,0,0,0,1,0,,67,6,2006,5,40.078,-75.2106,828.0,6,0,0,0,0,0,0,1,0,,0,0,0,7,1,0,1,,0.0,40 04:40.774,,0,75 12:38.329,0,0,0,0,67301,0,0,0,N,0,0,0,2,67301,0,,1,1,,N,N,,0,,0,0,0,3,2,,720,0,2,0,0,0,0,0,3,4,0,2,3,,N,,,,,,,,,,,
2006082059,1452.0,3,0,0,0,0,0,0,0,0,1,0,,67,6,2006,5,40.055,-75.2322,1445.0,6,0,0,0,0,1,0,0,1,,0,0,0,14,1,3,0,,0.0,40 03:17.280,,0,75 13:55.560,4,0,0,0,67301,0,0,0,N,0,0,0,4,67301,3,,1,1,,N,N,,1,,0,0,0,0,0,,1440,3,4,0,0,0,0,0,3,4,0,4,3,,N,,,,,,,,,,,
2006082061,2014.0,2,0,0,0,0,0,0,0,0,1,0,,67,6,2006,7,40.0299,-75.2113,2012.0,6,0,0,0,0,0,0,0,0,1.0,0,0,0,20,1,1,1,,1.0,40 01:47.816,3.0,0,75 12:40.562,3,0,0,0,67301,0,0,0,N,0,0,0,2,67301,0,,1,1,,N,N,,0,,1,0,0,3,2,N,2017,1,2,0,0,0,0,0,3,4,0,2,3,,N,,,,,,,,,,,
2006082525,1724.0,1,0,0,0,0,0,0,0,0,4,0,,67,6,2006,7,40.0072,-75.1234,1719.0,6,0,0,0,0,0,0,0,0,,0,0,0,17,1,1,1,,0.0,40 00:25.000,,0,75 07:24.379,8,0,0,0,67301,0,0,0,N,0,0,0,2,67301,0,,1,1,,N,N,,0,,0,0,0,0,0,,1714,1,2,0,0,0,1,0,3,4,1,2,3,,N,,,,,,,,,,,
2006021086,930.0,3,0,0,0,0,0,0,0,0,1,0,,67,1,2006,5,40.0207,-75.1927,926.0,6,0,0,0,0,0,0,0,0,,0,0,0,8,1,2,0,,0.0,40 01:14.000,,0,75 11:33.803,4,0,0,0,67301,0,0,0,N,0,0,0,3,67301,2,,1,9,,N,N,,0,,0,0,0,0,0,,815,2,3,0,0,0,0,1,3,4,0,3,3,,N,,,,,,,,,,,
2007006866,240.0,1,0,0,0,0,0,0,0,0,1,0,,67,12,2006,6,39.981,-75.2362,236.0,6,0,0,0,0,0,0,0,0,,0,0,0,2,3,3,2,,0.0,39 58:51.000,,0,75 14:10.912,4,0,0,0,67301,0,0,0,N,0,0,0,5,67301,3,,1,9,,N,N,,0,,0,0,0,9,2,,215,3,2,0,0,0,0,1,3,4,0,2,7,,N,,,,,,,,,,,
2007006883,1522.0,1,0,0,0,0,0,0,0,0,8,0,,67,11,2006,3,39.9233,-75.1808,1522.0,6,0,0,0,0,0,0,0,1,,0,0,0,15,1,1,5,,0.0,39 55:24.000,,0,75 10:50.732,8,0,0,0,67301,1,0,0,N,1,0,0,2,67301,0,,1,1,,N,N,,0,,0,0,0,3,2,,1521,1,2,0,0,0,1,0,3,4,0,1,3,,N,,,,,,,,,,,
2007030306,9999.0,1,0,0,0,0,0,0,0,0,4,0,,67,12,2006,5,40.0711,-75.0379,2125.0,6,0,0,0,0,0,0,0,0,3.0,0,0,0,21,3,2,1,,1.0,40 04:15.000,1.0,0,75 02:16.672,8,0,0,0,67301,0,0,0,N,0,0,0,6,67301,0,,1,1,,N,N,,0,,0,0,1,3,2,Y,2123,2,2,0,0,0,2,3,3,4,0,2,3,,N,,,,,,,,,,,
2007023066,141.0,1,0,0,0,0,0,0,0,0,7,0,,67,12,2006,6,40.1158,-75.0285,136.0,6,0,0,0,0,1,0,0,0,,0,0,0,1,3,2,0,,0.0,40 06:56.757,,0,75 01:42.423,2,0,0,0,67301,0,0,0,N,0,0,0,2,67301,0,,5,1,,N,N,,0,,0,1,0,3,3,,135,2,1,0,1,2,1,0,3,4,0,1,3,,N,,,,,,,,,,,
2007023112,820.0,2,0,0,0,0,0,0,0,0,4,0,,67,12,2006,5,39.9294,-75.2184,810.0,6,0,0,0,0,0,2,0,0,,0,0,0,7,1,1,1,,0.0,39 55:45.000,,0,75 13:06.160,3,0,0,0,67301,0,0,0,N,0,0,0,3,67301,0,,1,9,,N,Y,,0,,1,0,0,3,3,,740,1,2,0,0,0,0,0,3,4,0,2,5,,N,,,,,,,,,,,