CRN,ARRIVAL_TM,AUTOMOBILE_COUNT,BELTED_DEATH_COUNT,BELTED_SUSP_SERIOUS_INJ_COUNT,BICYCLE_COUNT,BICYCLE_DEATH_COUNT,BICYCLE_SUSP_SERIOUS_INJ_COUNT,BUS_COUNT,CHLDPAS_DEATH_COUNT,CHLDPAS_SUSP_SERIOUS_INJ_COUNT,COLLISION_TYPE,COMM_VEH_COUNT,CONS_ZONE_SPD_LIM,COUNTY,CRASH_MONTH,CRASH_YEAR,DAY_OF_WEEK,DEC_LAT,DEC_LONG,DISPATCH_TM,DISTRICT,DRIVER_COUNT_16YR,DRIVER_COUNT_17YR,DRIVER_COUNT_18YR,DRIVER_COUNT_19YR,DRIVER_COUNT_20YR,DRIVER_COUNT_50_64YR,DRIVER_COUNT_65_74YR,DRIVER_COUNT_75PLUS,EST_HRS_CLOSED,FATAL_COUNT,HEAVY_TRUCK_COUNT,HORSE_BUGGY_COUNT,HOUR_OF_DAY,ILLUMINATION,INJURY_COUNT,INTERSECT_TYPE,INTERSECTION_RELATED,LANE_CLOSED,LATITUDE,LN_CLOSE_DIR,LOCATION_TYPE,LONGITUDE,MAX_SEVERITY_LEVEL,MCYCLE_DEATH_COUNT,MCYCLE_SUSP_SERIOUS_INJ_COUNT,MOTORCYCLE_COUNT,MUNICIPALITY,NONMOTR_COUNT,NONMOTR_DEATH_COUNT,NONMOTR_SUSP_SERIOUS_INJ_COUNT,NTFY_HIWY_MAINT,PED_COUNT,PED_DEATH_COUNT,PED_SUSP_SERIOUS_INJ_COUNT,PERSON_COUNT,POLICE_AGCY,POSSIBLE_INJ_COUNT,RDWY_SURF_TYPE_CD,RELATION_TO_ROAD,ROAD_CONDITION,ROADWAY_CLEARED,SCH_BUS_IND,SCH_ZONE_IND,SECONDARY_CRASH,SMALL_TRUCK_COUNT,SPEC_JURIS_CD,SUSP_MINOR_INJ_COUNT,SUSP_SERIOUS_INJ_COUNT,SUV_COUNT,TCD_FUNC_CD,TCD_TYPE,TFC_DETOUR_IND,TIME_OF_DAY,TOT_INJ_COUNT,TOTAL_UNITS,UNB_DEATH_COUNT,UNB_SUSP_SERIOUS_INJ_COUNT,UNBELTED_OCC_COUNT,UNK_INJ_DEG_COUNT,UNK_INJ_PER_COUNT,URBAN_AREA,URBAN_RURAL,VAN_COUNT,VEHICLE_COUNT,WEATHER1,WEATHER2,WORK_ZONE_IND,WORK_ZONE_LOC,WORK_ZONE_TYPE,WORKERS_PRES,WZ_CLOSE_DETOUR,WZ_FLAGGER,WZ_LAW_OFFCR_IND,WZ_LN_CLOSURE,WZ_MOVING,WZ_OTHER,WZ_SHLDER_MDN,WZ_WORKERS_INJ_KILLED
2007023140,947.0,1,0,0,0,0,0,0,0,0,8,0,,67,12,2006,7,39.9643,-75.2465,945.0,6,0,0,0,0,0,0,0,0,,0,0,0,9,1,1,1,,0.0,39 57:46.000,,0,75 14:48.422,8,0,0,0,67301,1,0,0,N,1,0,0,5,67301,0,,1,9,,N,N,,0,,0,0,0,0,0,,940,1,2,0,0,0,1,0,3,4,0,1,3,,N,,,,,,,,,,,
2007023197,1711.0,0,0,0,0,0,0,0,0,0,8,0,,67,12,2006,7,40.0877,-74.9591,1710.0,6,0,0,0,0,0,0,0,0,,0,0,0,17,3,1,0,,0.0,40 05:15.687,,0,74 57:32.702,4,0,0,0,67301,1,0,0,N,1,0,0,4,67301,1,,1,1,,N,N,,0,,0,0,1,0,0,,1710,1,2,0,0,0,0,0,3,4,0,1,3,,N,,,,,,,,,,,
2007020804,1647.0,1,0,0,0,0,0,0,0,0,8,0,,67,12,2006,5,39.9373,-75.1768,1647.0,6,0,0,0,0,0,0,0,1,,0,0,0,16,3,1,5,,0.0,39 56:14.254,,0,75 10:36.523,4,0,0,0,67301,1,0,0,N,1,0,0,2,67301,1,,1,1,,N,N,,0,,0,0,0,9,3,,1647,1,2,0,0,0,0,1,3,4,0,1,3,,N,,,,,,,,,,,
2007123243,849.0,0,0,0,0,0,0,1,0,0,8,1,,67,12,2006,4,40.0102,-75.0981,847.0,6,0,0,0,0,0,0,0,0,,0,0,0,8,1,1,1,,0.0,40 00:37.000,,0,75 05:53.072,3,0,0,0,67301,1,0,0,,1,0,0,3,67301,0,,1,1,,Y,,,0,,1,0,0,3,2,,845,1,2,0,0,0,0,0,3,4,0,1,3,,N,,,,,,,,,,,
2007008425,1618.0,1,0,0,0,0,0,0,0,0,8,0,,67,11,2006,4,39.927,-75.1837,1618.0,6,0,0,0,0,0,0,0,0,,0,0,0,99,1,1,0,,0.0,39 55:37.221,,0,75 11:01.424,4,0,0,0,67301,1,0,0,N,1,0,0,2,67301,1,,1,1,,N,N,,0,,0,0,0,0,0,,9999,1,2,0,0,1,0,0,3,4,0,1,3,,N,,,,,,,,,,,
2007010925,740.0,2,0,0,0,0,0,0,0,0,4,0,,67,11,2006,5,,,733.0,6,0,0,0,0,0,1,0,0,,0,0,0,7,1,2,0,,0.0,,,7,,3,0,0,0,67301,0,0,0,N,0,0,0,2,67301,1,,1,9,,N,N,,0,,1,0,0,0,0,,730,2,2,0,0,0,0,0,3,3,0,2,3,,N,,,,,,,,,,,
2007010936,714.0,1,0,0,0,0,0,0,0,0,7,0,,67,12,2006,7,40.0318,-75.0834,715.0,6,1,0,0,0,0,0,0,0,,0,0,0,7,1,1,0,,0.0,40 01:54.000,,0,75 05:00.243,8,0,0,0,67301,0,0,0,N,0,0,0,1,67301,0,,3,1,,N,N,,0,,0,0,0,0,0,,713,1,1,0,0,0,1,0,3,4,0,1,3,,N,,,,,,,,,,,
2007008444,2024.0,1,0,0,0,0,0,0,0,0,1,0,,67,12,2006,4,,,2020.0,6,0,0,0,0,0,0,0,0,1.0,0,0,0,99,3,2,0,,1.0,,3.0,0,,8,0,0,0,67301,0,0,0,N,0,0,0,3,67301,0,,1,1,,N,N,,0,,0,0,1,0,0,N,9999,2,2,0,0,0,2,0,3,3,0,2,3,,N,,,,,,,,,,,
2007021541,1246.0,1,0,0,0,0,0,0,0,0,1,0,,67,12,2006,4,39.9738,-75.2066,1245.0,6,0,0,0,0,0,0,0,0,,0,0,0,12,1,1,0,,0.0,39 58:25.000,,0,75 12:23.671,4,0,0,0,67301,0,0,0,N,0,0,0,3,67301,1,,1,9,,N,N,,0,,0,0,0,3,2,,1241,1,2,0,0,0,0,0,3,4,1,2,7,,N,,,,,,,,,,,
2007010415,1730.0,1,0,0,0,0,0,0,0,0,4,1,,67,11,2006,3,40.0268,-75.0974,1714.0,6,0,0,0,0,0,0,0,0,,0,1,0,16,4,2,1,,0.0,40 01:36.000,,6,75 05:50.523,4,0,0,0,67301,0,0,0,N,0,0,0,3,67301,1,,1,1,,N,N,,0,,0,0,0,1,2,,1621,2,2,0,0,0,1,0,3,4,0,2,3,,N,,,,,,,,,,,
2007007156,845.0,2,0,0,0,0,0,0,0,0,4,0,,67,12,2006,6,40.0036,-75.1812,9999.0,6,0,0,0,0,0,0,0,0,,0,0,0,8,1,3,1,,0.0,40 00:13.000,,0,75 10:52.233,4,0,0,0,67301,0,0,0,N,0,0,0,3,67301,2,,1,9,,N,N,,0,,0,0,0,3,2,,845,3,2,0,0,1,1,0,3,4,0,2,7,,N,,,,,,,,,,,
2007009833,1259.0,1,0,0,0,0,0,1,0,0,4,1,,67,11,2006,2,39.8875,-75.248,1253.0,6,0,0,0,0,0,1,0,0,,0,0,0,12,1,2,2,,0.0,39 53:15.134,,0,75 14:52.601,4,0,0,0,67301,0,0,0,N,0,0,0,3,67301,2,,1,9,,N,N,,0,,0,0,0,3,2,,1212,2,2,0,0,0,0,0,3,4,0,2,7,,N,,,,,,,,,,,
2007007416,1239.0,2,0,0,0,0,0,0,0,0,4,0,,67,11,2006,6,39.9868,-75.1808,1236.0,6,0,0,0,0,0,1,0,0,,0,0,0,12,1,1,1,,0.0,39 59:12.000,,0,75 10:51.028,4,0,0,0,67301,0,0,0,,0,0,0,4,67301,1,,1,1,,,,,0,,0,0,0,3,2,,1228,1,2,0,0,0,0,0,3,4,0,2,3,,N,,,,,,,,,,,
2007007678,2050.0,2,0,0,0,0,0,0,0,0,2,0,,67,12,2006,7,39.9636,-75.2404,2045.0,6,0,0,0,0,0,0,0,0,,0,0,0,20,3,1,1,,0.0,39 57:48.780,,0,75 14:25.609,4,0,0,0,67301,0,0,0,N,0,0,0,1,67301,1,,1,1,,N,N,,1,,0,0,0,0,0,,2043,1,3,0,0,0,0,0,3,4,0,3,3,,N,,,,,,,,,,,
2007020867,1225.0,1,0,0,0,0,0,0,0,0,8,0,,67,12,2006,6,39.9405,-75.147,1218.0,6,0,0,0,0,0,0,0,0,,0,0,0,12,1,1,0,,0.0,39 56:25.666,,0,75 08:49.063,4,0,0,0,67301,1,0,0,N,1,0,0,2,67301,1,,6,1,,N,N,,0,,0,0,0,0,0,,1200,1,2,0,0,0,0,1,3,4,0,1,3,,N,,,,,,,,,,,
2007008558,800.0,0,0,0,0,0,0,0,0,0,1,1,,67,12,2006,3,40.0168,-75.1496,758.0,6,0,0,0,0,0,1,0,0,,0,1,0,7,1,1,0,,0.0,40 01:00.000,,0,75 08:58.656,8,0,0,0,67301,0,0,0,N,0,0,0,2,67301,0,,1,1,,N,N,,0,,0,0,1,0,0,,750,1,2,0,0,0,1,0,3,4,0,2,3,,N,,,,,,,,,,,
2007009357,14.0,2,0,0,0,0,0,0,0,0,4,0,,67,11,2006,1,39.9694,-75.2269,14.0,6,0,0,0,0,0,0,0,0,,0,0,0,0,3,0,1,,0.0,39 58:09.728,,0,75 13:36.821,9,0,0,0,67301,0,0,0,N,0,0,0,3,67301,0,,1,1,,N,N,,0,,0,0,0,9,3,,14,0,2,0,0,0,0,1,3,4,0,2,3,,N,,,,,,,,,,,
2007006886,1920.0,0,0,0,0,0,0,0,0,0,8,0,,67,12,2006,3,39.9376,-75.2231,1915.0,6,0,0,0,0,0,0,0,1,,0,0,0,19,3,1,1,,0.0,39 56:15.000,,0,75 13:22.974,8,0,0,0,67301,1,0,0,,1,0,0,2,67301,0,,1,1,,N,,,1,,0,0,0,3,2,,1905,1,2,0,0,0,1,0,3,4,0,1,3,,N,,,,,,,,,,,
2007006888,2222.0,1,0,0,0,0,0,0,0,0,5,0,,67,12,2006,2,,,2220.0,6,0,0,0,0,0,0,0,0,,0,1,0,22,3,1,0,,0.0,,,0,,3,0,0,0,67301,0,0,0,N,0,0,0,4,67301,0,,1,1,,N,N,,0,,1,0,0,3,3,,2215,1,2,0,0,3,0,0,3,3,0,2,3,,N,,,,,,,,,,,
2006093935,1445.0,1,0,0,0,0,0,0,0,0,1,1,,67,7,2006,4,39.9263,-75.1469,1435.0,6,0,0,0,0,0,2,0,0,1.0,0,0,0,14,1,0,6,,1.0,39 55:20.000,2.0,2,75 08:52.074,0,0,0,0,67301,0,0,0,N,0,0,0,4,67301,0,,1,1,,N,N,,2,,0,0,0,0,0,N,1430,0,3,0,0,0,0,0,3,4,0,3,3,,N,,,,,,,,,,,
2006055117,1218.0,1,0,0,0,0,0,0,0,0,4,0,,67,2,2006,1,40.0491,-75.0625,1213.0,6,0,0,0,0,0,0,0,0,,0,0,0,12,1,1,2,,0.0,40 02:56.000,,0,75 03:44.714,4,0,0,0,67301,0,0,0,N,0,0,0,2,67301,1,,1,1,,N,N,,0,,0,0,0,3,2,,1213,1,2,0,0,0,0,1,3,4,0,2,3,,N,,,,,,,,,,,
2006094085,820.0,0,0,0,1,0,0,1,0,0,4,1,,67,7,2006,2,,,817.0,6,0,0,0,0,0,1,0,0,,0,0,0,8,1,1,1,,0.0,,,0,,4,0,0,0,67301,1,0,0,N,0,0,0,9,67301,1,,1,1,,N,N,,0,,0,0,0,3,2,,815,1,2,0,0,0,0,0,3,3,0,1,3,,N,,,,,,,,,,,
2006055010,9999.0,1,0,0,0,0,0,0,0,0,8,0,,67,4,2006,7,,,9999.0,6,0,0,0,0,0,0,0,0,,0,0,0,19,1,1,0,,0.0,,,0,,3,0,0,0,67301,1,0,0,N,1,0,0,2,67301,0,,1,1,,N,N,,0,,1,0,0,3,2,,1903,1,2,0,0,1,0,0,3,3,0,1,3,,N,,,,,,,,,,,
2006055158,1733.0,2,0,0,0,0,0,0,0,0,4,0,,67,3,2006,5,40.0594,-74.9893,1726.0,6,0,0,0,0,0,0,0,0,,0,0,0,17,3,0,0,,0.0,40 03:33.684,,0,74 59:21.365,0,0,0,0,67301,0,0,0,N,0,0,0,2,67301,0,,1,9,,N,N,,0,,0,0,0,0,0,,1720,0,2,0,0,0,0,0,3,4,0,2,7,,N,,,,,,,,,,,
2006094377,1241.0,2,0,0,0,0,0,0,0,0,4,0,,67,7,2006,6,40.0444,-75.0305,1241.0,6,0,1,0,0,0,0,1,0,2.0,0,0,0,12,1,3,1,,1.0,40 02:39.000,4.0,0,75 01:49.886,8,0,0,0,67301,0,0,0,N,0,0,0,4,67301,0,,1,1,,N,N,,0,,0,0,0,0,0,Y,1225,3,2,0,0,0,3,0,3,4,0,2,3,,N,,,,,,,,,,,
2006081697,1723.0,1,0,0,0,0,0,0,0,0,1,0,,67,6,2006,2,40.0055,-75.1051,1722.0,6,0,0,0,0,0,0,0,0,,0,0,0,17,1,1,0,,0.0,40 00:19.885,,0,75 06:18.466,8,0,0,0,67301,0,0,0,N,0,0,0,4,67301,0,,1,1,,N,N,,1,,0,0,0,0,0,,1720,1,2,0,0,1,1,3,3,4,0,2,3,,N,,,,,,,,,,,
2006054028,1529.0,1,0,0,0,0,0,0,0,0,8,0,,67,3,2006,2,,,1525.0,6,0,0,0,0,0,1,0,0,,0,0,0,15,1,1,0,,0.0,,,0,,2,0,0,0,67301,1,0,1,N,1,0,1,2,67301,0,,1,1,,N,N,,0,,0,1,0,0,0,,1523,1,2,0,0,0,0,0,3,3,0,1,3,,N,,,,,,,,,,,
2006054038,1355.0,1,0,0,0,0,0,0,0,0,8,0,,67,4,2006,6,40.0139,-75.1582,1350.0,6,0,0,0,0,0,0,0,0,,0,0,0,13,1,1,0,,0.0,40 00:50.400,,0,75 09:29.880,4,0,0,0,67301,1,0,0,N,1,0,0,2,67301,1,,1,1,,N,N,,0,,0,0,0,0,0,,1331,1,2,0,0,0,0,1,3,4,0,1,3,,N,,,,,,,,,,,
2006033798,1506.0,1,0,0,0,0,0,0,0,0,8,0,,67,1,2006,5,40.0108,-75.1266,1506.0,6,0,0,0,0,0,0,0,0,,0,0,0,15,1,1,1,,0.0,40 00:38.808,,0,75 07:35.921,3,0,0,0,67301,1,0,0,N,1,0,0,2,67301,0,,1,1,,N,N,,0,,1,0,0,3,2,,1501,1,2,0,0,0,0,1,3,4,0,1,3,,N,,,,,,,,,,,
2006036654,855.0,1,0,0,0,0,0,1,0,0,1,1,,67,3,2006,5,,,852.0,6,0,0,0,0,0,0,1,0,,0,0,0,8,1,6,0,,0.0,,,0,,3,0,0,0,67301,0,0,0,N,0,0,0,6,67301,1,,1,9,,Y,N,,0,,1,0,0,0,0,,800,6,2,0,0,0,4,0,3,3,0,2,7,,N,,,,,,,,,,,
2006024617,347.0,1,0,0,0,0,0,0,0,0,1,0,,67,1,2006,7,39.999,-75.0808,342.0,6,0,0,0,0,0,0,0,0,,0,0,0,3,3,0,0,,0.0,39 59:56.000,,0,75 04:51.436,0,0,0,0,67301,0,0,0,N,0,0,0,4,67301,0,,1,9,,N,N,,0,,0,0,0,0,0,,338,0,2,0,0,0,0,0,3,4,1,2,7,,N,,,,,,,,,,,
2006103176,618.0,2,0,0,0,0,0,0,0,0,4,0,,67,9,2006,2,40.0275,-75.0624,616.0,6,0,0,0,0,0,0,0,0,,0,0,0,6,1,4,1,,0.0,40 01:39.000,,0,75 03:44.591,8,0,0,0,67301,0,0,0,N,0,0,0,5,67301,0,,1,1,,N,N,,0,,0,0,0,3,2,,615,4,2,0,0,0,4,0,3,4,0,2,3,,N,,,,,,,,,,,
2006036132,545.0,1,0,0,0,0,0,0,0,0,7,0,,67,2,2006,4,40.0457,-75.1693,545.0,6,0,0,0,0,0,0,0,0,1.0,0,0,0,5,3,3,0,,2.0,40 02:44.437,4.0,0,75 10:09.530,3,0,0,0,67301,0,0,0,N,0,0,0,3,67301,1,,4,1,,N,N,,0,,2,0,0,0,0,Y,540,3,1,0,0,0,0,0,3,4,0,1,3,,N,,,,,,,,,,,
2006037806,2157.0,2,0,0,0,0,0,0,0,0,5,0,,67,3,2006,5,,,2147.0,6,0,0,0,0,0,0,0,0,,0,0,0,21,3,0,0,,0.0,,,0,,0,0,0,0,67301,0,0,0,,0,0,0,2,67301,0,,1,9,,N,N,,0,,0,0,2,0,0,,2145,0,4,0,0,0,0,0,3,3,0,4,7,,N,,,,,,,,,,,
2006037817,1259.0,0,0,0,0,0,0,0,0,0,4,0,,67,2,2006,6,40.0101,-75.1576,1256.0,6,0,0,0,0,0,0,0,0,,0,0,0,8,3,1,1,,0.0,40 00:35.000,,0,75 09:22.032,3,0,0,1,67301,0,0,0,N,0,0,0,2,67301,0,,1,1,,N,N,,0,,1,0,0,3,2,,800,1,2,0,0,0,0,1,3,4,0,2,3,,N,,,,,,,,,,,
2006081750,2048.0,1,0,0,0,0,0,0,0,0,8,0,,67,5,2006,7,,,2045.0,6,0,0,0,0,0,0,0,0,,0,0,0,0,3,1,1,,0.0,,,0,,8,0,0,0,67301,1,0,0,N,1,0,0,5,67301,0,,1,1,,N,N,,0,,0,0,0,3,2,,20,1,2,0,0,0,1,0,3,3,0,1,3,,N,,,,,,,,,,,
2006079780,2355.0,2,0,1,0,0,0,0,0,0,4,0,,67,5,2006,7,39.9883,-75.0888,2348.0,6,0,0,0,0,0,0,0,0,1.0,0,0,0,23,3,3,0,,2.0,39 59:17.000,2.0,0,75 05:20.145,2,0,0,0,67301,0,0,0,Y,0,0,0,6,67301,1,,1,1,,N,N,,0,,1,1,0,0,0,N,2347,3,2,0,0,0,0,0,3,4,0,2,3,,N,,,,,,,,,,,
2006079940,1637.0,0,0,0,0,0,0,0,0,0,1,0,,67,7,2006,2,40.0548,-75.187,1637.0,6,1,0,0,0,0,2,0,0,,0,0,0,16,1,0,2,,0.0,40 03:17.000,,0,75 11:13.365,0,0,0,0,67301,0,0,0,N,0,0,0,3,67301,0,,1,1,,N,N,,1,,0,0,2,0,0,,1607,0,3,0,0,0,0,0,3,4,0,3,3,,N,,,,,,,,,,,
2006079955,2107.0,2,0,0,0,0,0,0,0,0,1,0,,67,7,2006,3,40.0841,-75.0252,2100.0,6,0,0,0,0,0,0,0,0,,0,0,0,21,3,1,0,,0.0,40 05:02.400,,0,75 01:30.000,4,0,0,0,67301,0,0,0,,0,0,0,4,67301,1,,1,9,,N,N,,0,,0,0,1,9,2,,2100,1,3,0,0,0,0,0,3,4,0,3,7,,N,,,,,,,,,,,
2006082513,1820.0,1,0,0,0,0,0,0,0,0,2,0,,67,6,2006,2,,,1810.0,6,0,0,0,0,0,0,0,0,,0,0,0,18,1,1,1,,0.0,,,0,,8,0,0,0,67301,1,0,0,N,0,0,0,2,67301,0,,2,9,,N,N,,0,,0,0,0,3,3,,1800,1,2,0,0,0,1,1,3,3,1,2,7,,N,,,,,,,,,,,
2006028605,1650.0,2,0,0,0,0,0,0,0,0,1,0,,67,2,2006,6,39.9925,-75.2451,1645.0,6,0,0,0,0,1,0,0,0,,0,0,0,16,1,3,0,,0.0,39 59:33.000,,0,75 14:42.376,8,0,0,0,67301,0,0,0,N,0,0,0,7,46104,0,,1,1,,N,N,,0,,0,0,0,0,0,,1640,3,2,0,0,0,3,0,3,4,0,2,3,,N,,,,,,,,,,,
2006021093,2021.0,2,0,0,0,0,0,0,0,0,4,0,,67,1,2006,6,,,2020.0,6,0,0,0,0,0,2,0,0,,0,0,0,20,3,0,1,,0.0,,,0,,0,0,0,0,67301,0,0,0,N,0,0,0,2,67301,0,,1,1,,N,N,,0,,0,0,0,3,2,,2018,0,2,0,0,0,0,0,3,3,0,2,3,,N,,,,,,,,,,,
2007054440,2350.0,0,0,0,0,0,0,0,0,0,8,0,,67,12,2006,4,40.0657,-75.1455,2342.0,6,0,0,0,0,0,0,0,0,,0,0,0,19,3,1,1,,0.0,40 03:56.415,,0,75 08:43.673,4,0,0,0,67301,1,0,0,,1,0,0,2,67301,1,,1,1,,N,N,,1,,0,0,0,3,3,,1945,1,2,0,0,0,0,1,3,4,0,1,3,,N,,,,,,,,,,,
2007006829,1831.0,2,0,0,0,0,0,0,0,0,4,0,,67,11,2006,1,39.9385,-75.1852,1831.0,6,0,0,0,0,0,0,0,0,,0,0,0,18,3,1,1,,0.0,39 56:18.628,,0,75 11:06.863,8,0,0,0,67301,0,0,0,N,0,0,0,5,67301,0,,1,9,,N,N,,0,,0,0,0,0,0,,1829,1,2,0,0,1,1,0,3,4,0,2,7,,N,,,,,,,,,,,
2007023683,229.0,2,0,0,0,0,0,0,0,0,2,0,,67,12,2006,1,39.9379,-75.2339,223.0,6,0,0,0,0,0,0,0,0,,0,0,0,2,3,1,2,,0.0,39 56:16.000,,0,75 14:02.057,4,0,0,0,67301,0,0,0,,0,0,0,3,67301,1,,1,1,,N,N,,0,,0,0,0,3,2,,223,1,2,0,0,0,0,1,3,4,0,2,3,,N,,,,,,,,,,,
2007023072,2000.0,1,0,0,0,0,0,0,0,0,5,0,,67,12,2006,6,40.0702,-75.2004,1952.0,6,0,0,0,0,0,0,0,0,,0,0,0,19,3,1,0,,0.0,40 04:12.000,,0,75 12:01.139,8,0,0,0,67301,0,0,0,N,0,0,0,1,67301,0,,1,1,,N,N,,1,,0,0,0,0,0,,1952,1,2,0,0,0,1,0,3,4,0,2,3,,N,,,,,,,,,,,
2007023192,1012.0,1,0,0,0,0,0,0,0,0,8,0,,67,12,2006,4,40.0445,-75.1194,1012.0,6,0,0,0,0,0,1,0,0,,0,0,0,10,1,1,1,,0.0,40 02:40.000,,0,75 07:09.991,8,0,0,0,67301,1,0,0,N,1,0,0,2,67301,0,,1,9,,N,N,,0,,0,0,0,3,2,,1009,1,2,0,0,0,1,0,3,4,0,1,7,,N,,,,,,,,,,,
2007008389,725.0,2,0,0,0,0,0,0,0,0,1,0,,67,12,2006,3,40.0403,-75.0591,722.0,6,0,0,0,0,0,0,0,0,2.0,0,0,0,7,1,0,0,,1.0,40 02:25.000,2.0,0,75 03:33.183,0,0,0,0,67301,0,0,0,N,0,0,0,1,67301,0,,1,1,,N,N,,0,,0,0,0,0,0,N,715,0,2,0,0,0,0,0,3,4,0,2,3,,N,,,,,,,,,,,
2007008396,1615.0,1,0,0,0,0,0,0,0,0,1,0,,67,11,2006,7,40.0016,-75.1273,1610.0,6,0,0,0,0,0,0,0,0,,0,0,0,15,1,1,0,,0.0,40 00:05.900,,0,75 07:38.300,4,0,0,0,67301,0,0,0,N,0,0,0,2,67301,1,,1,1,,N,N,,0,,0,0,0,0,0,,1545,1,2,0,0,0,0,0,3,4,1,2,3,,N,,,,,,,,,,,
2007008402,1604.0,2,0,0,0,0,0,0,0,0,2,0,,67,12,2006,3,40.0229,-75.1632,1600.0,6,0,0,0,0,0,1,0,0,,0,0,0,15,1,1,1,,0.0,40 01:22.000,,0,75 09:47.680,8,0,0,0,67301,0,0,0,N,0,0,0,2,67301,0,,1,1,,N,N,,0,,0,0,0,0,0,,1500,1,2,0,0,0,1,0,3,4,0,2,3,,N,,,,,,,,,,,
2007010930,1218.0,3,0,0,0,0,0,0,0,0,6,0,,67,12,2006,6,39.9404,-75.2366,1211.0,6,0,0,0,0,0,0,0,0,,0,0,0,12,1,2,1,,0.0,39 56:25.000,,0,75 14:11.650,4,0,0,0,67301,0,0,0,N,0,0,0,2,67301,2,,1,9,,N,N,,0,,0,0,0,3,2,,1207,2,3,0,0,0,0,0,3,4,0,3,7,,N,,,,,,,,,,,
2007010940,143.0,8,0,0,0,0,0,0,0,0,5,0,,67,12,2006,6,40.0273,-75.0493,141.0,6,0,0,0,0,0,0,0,0,4.0,0,0,0,1,3,2,0,,2.0,40 01:38.368,2.0,0,75 02:57.491,4,0,0,0,67301,0,0,0,N,0,0,0,2,67301,2,,6,1,,N,N,,1,,0,0,1,0,0,Y,140,2,13,0,0,0,0,0,3,4,3,13,3,,N,,,,,,,,,,,
2007008507,9999.0,2,0,0,0,0,0,0,0,0,5,0,,67,12,2006,7,39.959,-75.2293,112.0,6,0,0,1,0,0,1,0,0,,0,0,0,1,3,0,0,,0.0,39 57:32.000,,0,75 13:45.437,0,0,0,0,67301,0,0,0,N,0,0,0,2,67301,0,,1,1,,N,N,,0,,0,0,0,0,0,,112,0,2,0,0,0,0,0,3,4,0,2,3,,N,,,,,,,,,,,
2007007961,245.0,2,0,0,0,0,0,0,0,0,5,0,,67,11,2006,1,39.9708,-75.1224,231.0,6,0,0,1,0,0,0,0,0,,0,0,0,99,3,0,0,,0.0,39 58:14.000,,0,75 07:20.972,0,0,0,0,67301,0,0,0,N,0,0,0,2,67301,0,,1,1,,N,N,,0,,0,0,0,0,0,,9999,0,2,0,0,0,0,0,3,4,0,2,3,,N,,,,,,,,,,,
2007007162,2158.0,2,0,0,0,0,0,0,0,0,4,0,,67,12,2006,7,40.0079,-75.1514,2155.0,6,0,0,0,1,0,0,0,0,1.0,0,0,0,99,3,2,0,,1.0,40 00:28.000,2.0,0,75 09:05.656,8,0,0,0,67301,0,0,0,,0,0,0,2,67301,0,,1,1,,,,,0,,0,0,0,0,0,N,9999,2,2,0,0,0,2,0,3,4,0,2,3,,N,,,,,,,,,,,
2007009810,1225.0,1,0,0,0,0,0,0,0,0,4,1,,67,12,2006,2,40.0268,-75.027,1220.0,6,0,0,0,0,0,0,0,0,,0,1,0,12,1,1,1,,0.0,40 01:29.000,,2,75 01:51.568,8,0,0,0,67301,0,0,0,N,0,0,0,2,67301,0,,1,1,,N,N,,0,,0,0,0,0,0,,1200,1,2,0,0,0,1,0,3,4,0,2,3,,N,,,,,,,,,,,
2007007553,830.0,0,0,0,0,0,0,0,0,0,0,1,,67,11,2006,6,39.9574,-75.2493,810.0,6,0,0,0,0,0,0,0,0,9.0,0,1,0,7,1,1,0,,2.0,39 57:26.603,3.0,0,75 14:57.537,4,0,0,0,67301,0,0,0,N,0,0,0,1,67301,1,,1,1,,N,N,,0,,0,0,0,0,0,Y,705,1,1,0,0,0,0,0,3,4,0,1,3,,N,,,,,,,,,,,
2007010238,127.0,1,0,0,0,0,0,0,0,0,8,0,,67,11,2006,1,39.9529,-75.1564,122.0,6,0,0,0,0,0,1,0,0,,0,0,0,1,3,1,0,,0.0,39 57:10.300,,0,75 09:23.200,8,0,0,0,67301,1,0,0,N,1,0,0,2,67301,0,,1,1,,N,N,,0,,0,0,0,3,3,,100,1,2,0,0,0,1,0,3,4,0,1,3,,N,,,,,,,,,,,
2007023232,1621.0,2,0,0,0,0,0,0,0,0,4,0,,67,11,2006,4,40.0072,-75.1234,1621.0,6,0,0,0,0,0,0,0,0,,0,0,0,16,1,3,1,,0.0,40 00:25.000,,0,75 07:24.379,4,0,0,0,67301,0,0,0,,0,0,0,4,67301,3,,3,1,,,,,0,,0,0,0,3,2,,1621,3,2,0,0,2,0,0,3,4,0,2,3,,N,,,,,,,,,,,
2007032700,,1,0,0,0,0,0,0,0,0,4,0,,67,6,2006,4,,,,6,0,0,0,0,0,0,0,0,,0,0,0,22,6,3,2,,0.0,,,0,,8,0,0,0,67301,0,0,0,,0,0,0,4,,0,,1,1,,,,,0,,0,0,0,3,3,,2240,3,2,0,0,0,3,1,3,3,0,2,3,,N,,,,,,,,,,,