CRN,ARRIVAL_TM,AUTOMOBILE_COUNT,BELTED_DEATH_COUNT,BELTED_SUSP_SERIOUS_INJ_COUNT,BICYCLE_COUNT,BICYCLE_DEATH_COUNT,BICYCLE_SUSP_SERIOUS_INJ_COUNT,BUS_COUNT,CHLDPAS_DEATH_COUNT,CHLDPAS_SUSP_SERIOUS_INJ_COUNT,COLLISION_TYPE,COMM_VEH_COUNT,CONS_ZONE_SPD_LIM,COUNTY,CRASH_MONTH,CRASH_YEAR,DAY_OF_WEEK,DEC_LAT,DEC_LONG,DISPATCH_TM,DISTRICT,DRIVER_COUNT_16YR,DRIVER_COUNT_17YR,DRIVER_COUNT_18YR,DRIVER_COUNT_19YR,DRIVER_COUNT_20YR,DRIVER_COUNT_50_64YR,DRIVER_COUNT_65_74YR,DRIVER_COUNT_75PLUS,EST_HRS_CLOSED,FATAL_COUNT,HEAVY_TRUCK_COUNT,HORSE_BUGGY_COUNT,HOUR_OF_DAY,ILLUMINATION,INJURY_COUNT,INTERSECT_TYPE,INTERSECTION_RELATED,LANE_CLOSED,LATITUDE,LN_CLOSE_DIR,LOCATION_TYPE,LONGITUDE,MAX_SEVERITY_LEVEL,MCYCLE_DEATH_COUNT,MCYCLE_SUSP_SERIOUS_INJ_COUNT,MOTORCYCLE_COUNT,MUNICIPALITY,NONMOTR_COUNT,NONMOTR_DEATH_COUNT,NONMOTR_SUSP_SERIOUS_INJ_COUNT,NTFY_HIWY_MAINT,PED_COUNT,PED_DEATH_COUNT,PED_SUSP_SERIOUS_INJ_COUNT,PERSON_COUNT,POLICE_AGCY,POSSIBLE_INJ_COUNT,RDWY_SURF_TYPE_CD,RELATION_TO_ROAD,ROAD_CONDITION,ROADWAY_CLEARED,SCH_BUS_IND,SCH_ZONE_IND,SECONDARY_CRASH,SMALL_TRUCK_COUNT,SPEC_JURIS_CD,SUSP_MINOR_INJ_COUNT,SUSP_SERIOUS_INJ_COUNT,SUV_COUNT,TCD_FUNC_CD,TCD_TYPE,TFC_DETOUR_IND,TIME_OF_DAY,TOT_INJ_COUNT,TOTAL_UNITS,UNB_DEATH_COUNT,UNB_SUSP_SERIOUS_INJ_COUNT,UNBELTED_OCC_COUNT,UNK_INJ_DEG_COUNT,UNK_INJ_PER_COUNT,URBAN_AREA,URBAN_RURAL,VAN_COUNT,VEHICLE_COUNT,WEATHER1,WEATHER2,WORK_ZONE_IND,WORK_ZONE_LOC,WORK_ZONE_TYPE,WORKERS_PRES,WZ_CLOSE_DETOUR,WZ_FLAGGER,WZ_LAW_OFFCR_IND,WZ_LN_CLOSURE,WZ_MOVING,WZ_OTHER,WZ_SHLDER_MDN,WZ_WORKERS_INJ_KILLED
2007067641,1543.0,0,0,0,0,0,0,0,0,0,8,0,,67,12,2006,3,40.0337,-75.0636,9999.0,6,0,0,0,0,0,0,0,0,,0,0,0,15,1,1,3,,0.0,40 02:01.000,,0,75 03:49.097,4,0,0,0,67301,1,0,0,N,1,0,0,2,67301,1,,1,1,,N,N,,0,,0,0,1,3,2,,1543,1,2,0,0,0,0,0,3,4,0,1,3,,N,,,,,,,,,,,
2007055564,1800.0,3,0,0,0,0,0,0,0,0,1,0,,67,12,2006,6,40.0494,-75.0953,1753.0,6,0,0,0,0,0,0,0,0,,0,0,0,17,3,1,0,,0.0,40 02:57.751,,0,75 05:42.921,8,0,0,0,67301,0,0,0,N,0,0,0,3,67301,0,,1,1,,N,N,,0,,0,0,0,3,2,,1750,1,3,0,0,0,1,0,3,4,0,3,3,,N,,,,,,,,,,,
2006055326,1600.0,1,0,0,0,0,0,0,0,0,8,0,,67,4,2006,5,40.0031,-75.1643,1600.0,6,0,0,0,0,0,0,0,1,,0,0,0,99,1,1,1,,0.0,40 00:11.000,,0,75 09:51.792,4,0,0,0,67301,1,0,0,N,1,0,0,2,67301,1,,1,1,,N,N,,0,,0,0,0,3,2,,9999,1,2,0,0,0,0,0,3,4,0,1,3,,N,,,,,,,,,,,
2006055067,2320.0,2,0,0,0,0,0,0,0,0,5,0,,67,3,2006,4,39.9437,-75.1578,2312.0,6,0,0,0,0,0,0,0,0,,0,0,0,23,3,0,0,,0.0,39 56:37.406,,0,75 09:28.159,0,0,0,0,67301,0,0,0,N,0,0,0,1,67301,0,,6,1,,N,N,,0,,0,0,0,0,0,,2301,0,2,0,0,0,0,0,3,4,0,2,3,,N,,,,,,,,,,,
2006055083,1810.0,2,0,0,0,0,0,0,0,0,4,0,,67,5,2006,4,,,1807.0,6,0,0,0,0,0,0,0,0,,0,0,0,17,1,1,1,,0.0,,,0,,4,0,0,0,67301,0,0,0,N,0,0,0,2,67301,1,,1,1,,N,N,,0,,0,0,0,3,3,,1735,1,2,0,0,0,0,0,3,3,0,2,3,,N,,,,,,,,,,,
2006094159,1700.0,1,0,0,0,0,0,0,0,0,5,0,,67,7,2006,3,40.0744,-75.1778,1635.0,6,0,0,0,0,0,0,0,0,,0,0,0,99,1,1,0,,0.0,40 04:27.934,,0,75 10:40.188,8,0,0,0,67301,0,0,0,,0,0,0,3,67301,0,,1,1,,N,N,,1,,0,0,0,0,0,,9999,1,2,0,0,3,1,0,3,4,0,2,3,,N,,,,,,,,,,,
2006094164,2240.0,2,0,0,0,0,0,0,0,0,4,0,,67,8,2006,5,39.9747,-75.1995,2239.0,6,0,0,0,0,0,1,0,0,,0,0,0,22,3,1,2,,0.0,39 58:28.000,,0,75 11:57.569,3,0,0,0,67301,0,0,0,N,0,0,0,3,67301,0,,1,1,,N,N,,0,,1,0,0,3,2,,2239,1,2,0,0,1,0,0,3,4,0,2,3,,N,,,,,,,,,,,
2006094213,1345.0,2,0,0,0,0,0,0,0,0,4,0,,67,7,2006,2,39.9707,-75.1541,1340.0,6,0,0,0,0,0,1,0,0,,0,0,0,13,1,2,1,,0.0,39 58:14.000,,0,75 09:14.792,8,0,0,0,67301,0,0,0,N,0,0,0,2,67301,0,,1,1,,N,N,,0,,0,0,0,3,2,,1340,2,2,0,0,0,2,0,3,4,0,2,3,,N,,,,,,,,,,,
2006055218,304.0,1,0,0,0,0,0,0,0,0,8,0,,67,3,2006,7,39.9739,-75.2064,300.0,6,0,0,0,0,0,0,0,0,,0,0,0,2,3,1,1,,0.0,39 58:26.145,,0,75 12:23.120,4,0,0,0,67301,1,0,0,N,1,0,0,2,67301,1,,1,1,,N,N,,0,,0,0,0,3,2,,259,1,2,0,0,0,0,0,3,4,0,1,3,,N,,,,,,,,,,,
2006094384,845.0,1,0,0,0,0,0,0,0,0,8,0,,67,8,2006,2,39.9511,-75.1539,839.0,6,0,0,0,0,0,1,0,0,9.0,0,0,0,8,1,1,0,,1.0,39 57:03.000,1.0,0,75 09:13.513,4,0,0,0,67301,1,0,0,N,1,0,0,2,67301,1,,1,1,,N,N,,0,,0,0,0,3,2,Y,839,1,2,0,0,0,0,0,3,4,0,1,3,,N,,,,,,,,,,,
2006094407,1850.0,4,0,0,0,0,0,0,0,0,5,0,,67,7,2006,7,40.0395,-75.027,1847.0,6,0,0,0,0,0,0,0,0,2.0,0,0,0,99,4,0,0,,1.0,40 02:22.246,1.0,0,75 01:37.311,9,0,0,0,67301,0,0,0,N,0,0,0,1,67301,0,,6,9,,N,N,,0,,0,0,0,0,0,N,9999,0,4,0,0,0,0,1,3,4,0,4,7,,N,,,,,,,,,,,
2006094410,208.0,1,0,0,0,0,0,0,0,0,7,0,,67,7,2006,2,40.0737,-75.0279,203.0,6,0,0,0,0,0,1,0,0,,0,0,0,2,3,1,0,,0.0,40 04:25.435,,0,75 01:40.551,3,0,0,0,67301,0,0,0,N,0,0,0,1,67301,0,,5,1,,N,N,,0,,1,0,0,0,0,,200,1,1,0,0,1,0,0,3,4,0,1,3,,N,,,,,,,,,,,
2006094413,2115.0,1,0,0,0,0,0,0,0,0,7,0,,67,7,2006,2,,,2111.0,6,0,0,0,0,0,0,0,0,,0,0,0,21,3,1,0,,0.0,,,0,,8,0,0,0,67301,0,0,0,N,0,0,0,1,67301,0,,5,1,,N,N,,0,,0,0,0,0,0,,2105,1,1,0,0,0,1,0,3,3,0,1,3,,N,,,,,,,,,,,
2006094477,1403.0,2,0,0,0,0,0,0,0,0,2,0,,67,7,2006,2,40.0548,-75.1988,1350.0,6,0,0,0,0,0,0,1,0,,0,0,0,13,1,1,1,,0.0,40 03:16.000,,0,75 11:55.715,8,0,0,0,67301,0,0,0,N,0,0,0,3,67301,0,,1,1,,N,N,,0,,0,0,0,3,2,,1345,1,2,0,0,0,1,0,3,4,0,2,3,,N,,,,,,,,,,,
2006081678,1408.0,1,0,0,0,0,0,0,0,0,8,0,,67,5,2006,7,,,1406.0,6,0,0,0,0,0,0,0,0,,0,0,0,13,1,2,0,,0.0,,,0,,4,0,0,0,67301,2,0,0,N,2,0,0,3,67301,2,,1,9,,N,N,,0,,0,0,0,0,0,,1330,2,3,0,0,0,0,0,3,3,0,1,7,,N,,,,,,,,,,,
2006084174,132.0,0,0,0,0,0,0,0,0,0,7,0,,67,6,2006,4,,,132.0,6,0,0,0,0,1,0,0,0,,0,0,0,1,3,0,0,,0.0,,,0,,0,0,0,0,67301,0,0,0,N,0,0,0,1,67501,0,,2,9,,N,N,,0,,0,0,1,3,8,,132,0,1,0,0,0,0,0,3,3,0,1,7,,N,,,,,,,,,,,
2006084182,1454.0,2,0,0,0,0,0,0,0,0,1,0,,67,7,2006,5,,,1452.0,6,0,0,0,0,0,0,1,0,1.0,0,0,0,14,1,0,0,,1.0,,3.0,0,,0,0,0,0,67301,0,0,0,N,0,0,0,3,67501,0,,1,1,,N,N,,0,,0,0,0,3,8,N,1452,0,2,0,0,0,0,0,3,3,0,2,3,,N,,,,,,,,,,,
2006126306,1200.0,1,0,0,0,0,0,0,0,0,1,0,,67,11,2006,7,40.0673,-75.0282,1158.0,6,0,0,0,0,0,1,0,0,,0,0,0,11,1,2,0,,0.0,40 04:01.000,,0,75 01:40.683,8,0,0,0,67301,0,0,0,N,0,0,0,3,67301,0,,1,1,,N,N,,1,,0,0,0,3,2,,1157,2,2,0,0,0,2,0,3,4,0,2,3,,N,,,,,,,,,,,
2006056482,1035.0,2,0,0,0,0,0,0,0,0,4,0,,67,3,2006,6,,,1021.0,6,0,0,0,0,0,0,0,0,,0,0,0,99,3,3,2,,0.0,,,0,,4,0,0,0,67301,0,0,0,N,0,0,0,4,67301,3,,1,1,,N,N,,0,,0,0,0,3,3,,9999,3,2,0,0,0,0,0,3,3,0,2,3,,N,,,,,,,,,,,
2006054014,1104.0,1,0,0,0,0,0,0,0,0,7,0,,67,4,2006,6,40.0164,-75.2105,1059.0,6,0,0,0,0,0,0,0,0,,0,0,0,10,1,0,10,,0.0,40 00:59.000,,0,75 12:38.465,0,0,0,0,67301,0,0,0,N,0,0,0,1,67301,0,,2,9,,N,N,,0,,0,0,0,0,0,,1043,0,1,0,0,0,0,0,3,4,0,1,7,,N,,,,,,,,,,,
2006036615,2031.0,2,0,0,0,0,0,0,0,0,4,0,,67,2,2006,4,,,2030.0,6,0,0,0,0,0,0,0,0,,0,0,0,20,3,2,1,,0.0,,,0,,4,0,0,0,67301,0,0,0,N,0,0,0,4,67301,1,,1,1,,N,N,,0,,0,0,0,0,0,,2020,2,2,0,0,0,1,1,3,3,0,2,3,,N,,,,,,,,,,,
2006024225,1811.0,2,0,0,0,0,0,0,0,0,4,0,,67,1,2006,1,40.0767,-75.1762,1807.0,6,0,0,0,0,0,0,0,0,,0,0,0,17,3,3,1,,0.0,40 04:36.212,,0,75 10:34.207,4,0,0,0,67301,0,0,0,N,0,0,0,3,67301,3,,3,1,,N,N,,0,,0,0,0,1,3,,1755,3,2,0,0,0,0,0,3,4,0,2,3,,N,,,,,,,,,,,
2006024585,239.0,1,0,0,0,0,0,0,0,0,7,0,,67,1,2006,1,,,230.0,6,0,0,0,0,0,0,0,0,1.0,0,0,0,2,3,0,0,,2.0,,2.0,0,,0,0,0,0,67301,0,0,0,Y,0,0,0,1,67301,0,,2,2,,N,N,,0,,0,0,0,0,0,N,231,0,1,0,0,0,0,0,3,3,0,1,10,,N,,,,,,,,,,,
2006102787,2327.0,1,0,0,0,0,0,0,0,0,4,0,,67,9,2006,6,40.0659,-75.1765,2335.0,6,0,0,0,0,0,0,0,0,,0,0,0,23,3,1,1,,0.0,40 03:57.000,,0,75 10:35.461,4,0,0,0,67301,0,0,0,N,0,0,0,3,67301,1,,1,9,,N,N,,0,,0,0,1,3,3,,2315,1,2,0,0,0,0,0,3,4,0,2,3,,N,,,,,,,,,,,
2006041078,1034.0,2,0,0,0,0,0,0,0,0,4,0,,67,2,2006,5,39.9909,-75.1049,1032.0,6,0,0,0,0,0,0,1,0,1.0,0,0,0,10,1,0,1,,1.0,39 59:27.276,3.0,0,75 06:17.600,9,0,0,0,67301,0,0,0,,0,0,0,6,67301,0,,1,1,,N,N,,0,,0,0,0,3,3,Y,1030,0,4,0,0,1,0,1,3,4,2,4,3,,N,,,,,,,,,,,
2006037562,1404.0,1,0,0,0,0,0,0,0,0,2,0,,67,2,2006,5,40.0318,-75.1091,1401.0,6,0,0,0,0,0,1,0,0,1.0,0,0,0,13,1,1,1,,1.0,40 01:54.382,1.0,0,75 06:32.605,8,0,0,0,67301,0,0,0,N,0,0,0,3,67301,0,,1,1,,N,N,,0,,0,0,0,3,2,N,1356,1,2,0,0,0,1,0,3,4,1,2,3,,N,,,,,,,,,,,
2007054684,1225.0,1,0,0,0,0,0,0,0,0,6,0,,67,12,2006,5,39.9206,-75.1502,1219.0,6,0,0,0,0,0,0,0,0,,0,0,0,12,1,1,1,,0.0,39 55:14.253,,0,75 09:00.640,4,0,0,0,67301,0,0,0,N,0,0,0,5,67301,1,,1,1,,N,N,,0,,0,0,1,3,2,,1218,1,2,0,0,0,0,0,3,4,0,2,3,,N,,,,,,,,,,,
2007054578,1828.0,2,0,0,0,0,0,0,0,0,2,0,,67,12,2006,3,40.0381,-75.2228,1826.0,6,0,0,0,0,0,1,0,0,,0,0,0,18,3,0,0,,0.0,40 02:17.330,,0,75 13:22.148,9,0,0,0,67301,0,0,0,N,0,0,0,2,67301,0,,1,9,,N,N,,0,,0,0,0,0,0,,1825,0,2,0,0,0,0,1,3,4,0,2,7,,N,,,,,,,,,,,
2007023073,1351.0,1,0,0,0,0,0,0,0,0,2,0,,67,12,2006,4,40.0436,-75.1845,1349.0,6,0,0,0,0,0,0,0,1,1.0,0,0,0,13,1,3,1,,1.0,40 02:37.075,4.0,0,75 11:04.361,4,0,0,0,67301,0,0,0,N,0,0,0,3,67301,3,,1,1,,N,N,,0,,0,0,1,3,2,Y,1340,3,2,0,0,0,0,0,3,4,0,2,3,,N,,,,,,,,,,,
2007023052,415.0,2,0,0,0,0,0,0,0,0,2,0,,67,12,2006,7,40.0877,-75.2114,412.0,6,0,0,0,0,1,0,0,0,,0,0,0,4,3,1,0,,0.0,40 05:15.622,,0,75 12:41.130,4,0,0,0,67301,0,0,0,N,0,0,0,2,67301,1,,1,9,,N,N,,0,,0,0,0,0,0,,410,1,2,0,0,0,0,0,3,4,0,2,7,,N,,,,,,,,,,,
2007008446,858.0,0,0,0,0,0,0,0,0,0,7,0,,67,11,2006,5,,,850.0,6,0,0,0,0,0,1,0,0,1.0,0,0,0,8,1,1,0,,1.0,,1.0,0,,8,0,0,0,67301,0,0,0,N,0,0,0,1,67301,0,,2,1,,N,N,,0,,0,0,1,0,0,N,849,1,1,0,0,0,1,0,3,3,0,1,3,,N,,,,,,,,,,,
2007008487,1454.0,0,0,0,0,0,0,0,0,0,8,0,,67,11,2006,4,39.9249,-75.174,1453.0,6,0,0,0,0,0,0,0,0,,0,0,0,14,1,1,2,,0.0,39 55:28.000,,0,75 10:13.388,8,0,0,0,67301,1,0,0,,1,0,0,2,67301,0,,1,1,,,,,1,,0,0,0,0,0,,1450,1,2,0,0,0,1,0,3,4,0,1,3,,N,,,,,,,,,,,
2007008531,1138.0,1,0,0,0,0,0,0,0,0,8,0,,67,11,2006,2,40.0026,-75.1244,1138.0,6,0,1,0,0,0,0,0,0,,0,0,0,11,1,1,1,,0.0,40 00:09.000,,0,75 07:28.048,8,0,0,0,67301,1,0,0,N,1,0,0,2,67301,0,,1,9,,N,N,,0,,0,0,0,3,2,,1138,1,2,0,0,0,1,0,3,4,0,1,7,,N,,,,,,,,,,,
2007000616,1855.0,1,0,0,0,0,0,0,0,0,1,0,,67,11,2006,2,,,1850.0,6,0,0,0,0,0,1,0,0,,0,0,0,18,3,0,0,,0.0,,,0,,0,0,0,0,67301,0,0,0,N,0,0,0,2,67501,0,,1,9,,N,N,,1,,0,0,0,3,8,,1850,0,2,0,0,0,0,0,3,3,0,2,7,,N,,,,,,,,,,,
2007034404,,1,0,0,0,0,0,0,0,0,1,0,,67,3,2006,5,39.9636,-75.1588,,6,0,0,0,0,0,0,0,0,,0,0,0,14,1,1,2,,0.0,39 57:49.000,,0,75 09:31.764,8,0,0,0,67301,0,0,0,N,0,0,0,3,,0,,1,1,,N,N,,0,,0,0,0,3,2,,1440,1,2,0,0,0,1,1,3,4,0,2,3,,N,,,,,,,,,,,
2007000793,258.0,1,0,0,0,0,0,0,0,0,7,0,,67,11,2006,1,,,258.0,6,0,0,0,1,0,0,0,0,,0,0,0,2,3,2,0,,0.0,,,0,,8,0,0,0,67301,0,0,0,,0,0,0,2,67501,0,,3,1,,N,N,,0,,0,0,0,0,0,,258,2,1,0,0,1,2,0,3,3,0,1,3,,N,,,,,,,,,,,
2007022066,1646.0,2,0,0,0,0,0,0,0,0,4,0,,67,12,2006,1,40.0439,-75.0096,1643.0,6,0,0,0,0,0,0,0,0,,0,0,0,16,1,2,1,,0.0,40 02:38.000,,0,75 00:34.420,4,0,0,0,67301,0,0,0,,0,0,0,2,67301,1,,1,1,,N,N,,0,,0,0,0,2,3,,1640,2,2,0,0,0,1,0,3,4,0,2,3,,N,,,,,,,,,,,
2007009826,757.0,1,0,0,0,0,0,1,0,0,1,1,,67,11,2006,3,40.0475,-75.1428,751.0,6,0,0,0,0,0,0,0,0,,0,0,0,6,1,0,1,,0.0,40 02:50.000,,0,75 08:34.014,0,0,0,0,67301,0,0,0,,0,0,0,2,67301,0,,1,9,,Y,N,,0,,0,0,0,3,2,,656,0,2,0,0,0,0,0,3,4,0,2,7,,N,,,,,,,,,,,
2007009827,1658.0,1,0,0,0,0,0,0,0,0,4,0,,67,12,2006,2,40.1328,-75.0111,1655.0,6,0,0,0,0,0,1,0,0,,0,0,0,16,3,1,0,,0.0,40 07:58.000,,0,75 00:40.086,4,0,0,0,67301,0,0,0,N,0,0,0,2,67301,1,,1,1,,N,N,,1,,0,0,0,0,0,,1653,1,2,0,0,0,0,0,3,4,0,2,3,,N,,,,,,,,,,,
2007007262,1620.0,0,0,0,0,0,0,0,0,0,8,0,,67,11,2006,3,40.0096,-75.1509,1605.0,6,0,0,0,0,0,1,0,0,,0,0,0,13,1,1,0,,0.0,40 00:35.000,,0,75 09:04.108,8,0,0,0,67301,1,0,0,,1,0,0,2,67301,0,,1,1,,,N,,0,,0,0,1,3,2,,1340,1,2,0,0,1,1,0,3,4,0,1,3,,N,,,,,,,,,,,
2007010191,1430.0,1,0,0,0,0,0,0,0,0,5,0,,67,12,2006,7,39.9472,-75.1876,1422.0,6,0,0,0,0,0,0,0,0,,0,0,0,14,1,1,0,,0.0,39 56:50.000,,0,75 11:15.234,4,0,0,0,67301,0,0,0,,0,0,0,3,67301,1,,1,1,,,,,0,,0,0,1,0,0,,1420,1,2,0,0,0,0,0,3,4,0,2,3,,N,,,,,,,,,,,
2007020860,1934.0,3,0,0,0,0,0,0,0,0,2,0,,67,11,2006,1,39.9528,-75.2243,1924.0,6,0,0,0,0,0,0,0,0,9.0,0,0,0,19,3,2,0,,2.0,39 57:10.231,5.0,0,75 13:27.364,8,0,0,0,67301,1,0,0,N,0,0,0,3,67301,0,,1,9,,N,N,,0,,0,0,0,0,0,Y,1915,2,3,0,0,1,2,1,3,4,0,3,7,,N,,,,,,,,,,,
2007055563,1910.0,1,0,0,0,0,0,0,0,0,7,0,,67,11,2006,2,40.0298,-75.1046,1907.0,6,0,0,0,0,1,0,0,0,,0,0,0,19,3,0,1,,0.0,40 01:47.000,,0,75 06:16.717,9,0,0,0,67301,0,0,0,N,0,0,0,3,67301,0,,4,9,,N,N,,0,,0,0,0,2,2,,1905,0,1,0,0,0,0,1,3,4,0,1,7,,N,,,,,,,,,,,
2007009176,1605.0,1,0,0,0,0,0,0,0,0,4,0,,67,11,2006,1,40.002,-75.2151,1605.0,6,0,0,0,0,0,0,1,0,,0,0,0,13,1,2,2,,0.0,40 00:07.100,,0,75 12:54.400,4,0,0,0,67301,0,0,0,N,0,0,0,2,67301,2,,1,1,,N,N,,0,,0,0,1,9,2,,1320,2,2,0,0,0,0,0,3,4,0,2,3,,N,,,,,,,,,,,
2007006786,1622.0,0,0,0,0,0,0,1,0,0,8,1,,67,11,2006,7,39.9316,-75.1873,1618.0,6,0,0,0,0,0,0,0,0,,0,0,0,16,1,5,0,,0.0,39 55:53.900,,0,75 11:14.100,8,0,0,0,67301,1,0,0,N,1,0,0,8,67301,0,,1,1,,N,N,,0,,0,0,0,0,0,,1615,5,2,0,0,0,5,0,3,4,0,1,3,,N,,,,,,,,,,,
2006062283,235.0,4,0,0,0,0,0,0,0,0,1,0,,67,5,2006,7,,,231.0,6,0,0,0,0,0,0,0,0,,0,0,0,2,3,1,0,,0.0,,,0,,4,0,0,0,67301,0,0,0,N,0,0,0,2,67301,1,,6,1,,N,N,,0,,0,0,0,0,0,,224,1,4,0,0,0,0,0,3,3,0,4,3,,N,,,,,,,,,,,
2006062406,2005.0,2,0,0,0,0,0,0,0,0,4,0,,67,5,2006,3,,,2003.0,6,0,0,0,1,0,0,0,0,,0,0,0,20,3,2,1,,0.0,,,0,,4,0,0,0,67301,0,0,0,N,0,0,0,5,67301,2,,1,1,,N,N,,0,,0,0,0,3,2,,2000,2,2,0,0,0,0,0,3,3,0,2,3,,N,,,,,,,,,,,
2006062422,30.0,0,0,0,0,0,0,1,0,0,8,1,,67,5,2006,1,39.9885,-75.1063,30.0,6,0,0,0,0,0,1,0,0,,0,0,0,23,3,1,1,,0.0,39 59:18.000,,0,75 06:22.665,3,0,0,0,67301,1,0,0,N,1,0,0,2,67301,0,,1,1,,N,N,,0,,1,0,0,3,2,,2300,1,2,0,0,0,0,0,3,4,0,1,3,,N,,,,,,,,,,,
2006057214,250.0,2,0,0,0,0,0,0,0,0,2,0,,67,3,2006,1,40.0391,-75.2235,245.0,6,0,0,0,0,0,0,0,0,,0,0,0,2,3,0,0,,0.0,40 02:20.000,,0,75 13:24.687,0,0,0,0,67301,0,0,0,N,0,0,0,6,67301,0,,1,9,,N,N,,0,,0,0,0,0,0,,244,0,2,0,0,0,0,0,3,4,0,2,7,,N,,,,,,,,,,,
2006062522,36.0,0,0,0,0,0,0,0,0,0,7,0,,67,5,2006,6,39.9078,-75.2415,34.0,6,0,0,0,0,0,0,0,0,3.0,0,0,0,0,3,1,0,,2.0,39 54:27.000,1.0,0,75 14:29.972,8,0,0,0,67301,0,0,0,Y,0,0,0,1,67301,0,,5,9,,N,N,,0,,0,0,1,0,0,Y,31,1,1,0,0,0,1,0,3,4,0,1,7,,N,,,,,,,,,,,
2006093923,22.0,1,0,0,0,0,0,0,0,0,4,0,,67,7,2006,1,40.0077,-75.0761,22.0,6,0,0,0,0,0,0,0,0,,0,0,0,0,3,2,1,,0.0,40 00:27.000,,0,75 04:33.600,4,0,0,0,67301,0,0,0,N,0,0,0,4,67301,2,,1,1,,N,N,,0,,0,0,0,3,2,,15,2,2,0,0,0,0,0,3,4,1,2,3,,N,,,,,,,,,,,
2006055104,2201.0,1,0,0,0,0,0,0,0,0,5,0,,67,4,2006,4,39.9957,-75.1541,2158.0,6,0,0,0,0,0,1,0,0,,0,0,0,21,3,1,0,,0.0,39 59:44.520,,0,75 09:14.760,4,0,0,0,67301,1,0,0,N,0,0,0,2,67301,1,,4,1,,N,N,,1,,0,0,0,0,0,,2147,1,2,0,0,0,0,0,3,4,0,2,3,,N,,,,,,,,,,,
2006094072,1238.0,1,0,0,0,0,0,0,0,0,8,0,,67,7,2006,3,,,1216.0,6,0,0,0,0,0,1,0,0,,0,0,0,12,1,1,0,,0.0,,,7,,8,0,0,0,67301,1,0,0,N,1,0,0,2,67301,0,,6,1,,N,N,,0,,0,0,0,3,3,,1216,1,2,0,0,0,1,0,3,3,0,1,3,,N,,,,,,,,,,,
2006055011,117.0,2,0,0,0,0,0,0,0,0,4,0,,67,4,2006,1,,,115.0,6,0,0,0,0,0,0,0,0,,0,0,0,1,3,1,1,,0.0,,,0,,4,0,0,0,67301,0,0,0,N,0,0,0,4,67301,1,,1,1,,N,N,,0,,0,0,0,3,3,,110,1,2,0,0,0,0,0,3,3,0,2,3,,N,,,,,,,,,,,
2006055168,2025.0,1,0,0,0,0,0,0,0,0,5,0,,67,4,2006,2,40.0158,-75.1763,2020.0,6,0,0,0,0,0,0,0,0,,0,0,0,20,3,1,0,,0.0,40 00:57.000,,0,75 10:35.070,8,0,0,0,67301,0,0,0,N,0,0,0,2,67301,0,,1,1,,N,N,,0,,0,0,0,0,0,,2019,1,2,0,0,0,1,1,3,4,1,2,3,,N,,,,,,,,,,,
2006055327,627.0,1,0,0,0,0,0,0,0,0,8,0,,67,2,2006,5,40.0305,-75.1838,623.0,6,0,0,0,0,0,0,0,0,,0,0,0,6,3,1,0,,0.0,40 01:49.908,,0,75 11:01.690,8,0,0,0,67301,1,0,0,N,1,0,0,2,67301,0,,1,1,,N,N,,0,,0,0,0,0,0,,620,1,2,0,0,0,1,0,3,4,0,1,3,,N,,,,,,,,,,,
2006055199,1747.0,2,0,0,0,0,0,0,0,0,1,0,,67,4,2006,4,40.0199,-75.175,1742.0,6,0,0,0,0,0,0,0,0,,0,0,0,17,1,1,2,,0.0,40 01:11.000,,0,75 10:30.440,4,0,0,0,67301,0,0,0,N,0,0,0,3,67301,1,,1,1,,N,N,,0,,0,0,0,0,0,,1737,1,2,0,0,1,0,0,3,4,0,2,3,,N,,,,,,,,,,,
2006094440,155.0,2,0,0,0,0,0,0,0,0,4,0,,67,7,2006,6,40.0264,-75.1172,149.0,6,0,0,0,0,0,0,0,0,,0,0,0,99,3,1,5,,0.0,40 01:34.000,,0,75 07:01.862,8,0,0,0,67301,0,0,0,N,0,0,0,2,67301,0,,1,1,,N,N,,0,,0,0,0,3,2,,9999,1,2,0,0,0,1,0,3,4,0,2,3,,N,,,,,,,,,,,
2006094480,2235.0,1,0,0,0,0,0,1,0,0,5,1,,67,7,2006,3,,,2210.0,6,0,0,0,0,0,1,0,0,,0,0,0,22,3,0,0,,0.0,,,0,,0,0,0,0,67301,0,0,0,N,0,0,0,2,67301,0,,1,1,,N,N,,0,,0,0,0,9,3,,2200,0,2,0,0,0,0,0,3,3,0,2,3,,N,,,,,,,,,,,
2006094486,1050.0,2,0,0,0,0,0,0,0,0,1,0,,67,7,2006,6,39.9241,-75.2455,1040.0,6,0,0,0,0,0,0,1,0,,0,0,0,10,1,2,1,,0.0,39 55:26.000,,0,75 14:44.063,4,0,0,0,67301,0,0,0,N,0,0,0,3,67301,2,,1,1,,N,N,,0,,0,0,0,3,2,,1000,2,2,0,0,0,0,0,3,4,0,2,3,,N,,,,,,,,,,,
2006126294,1244.0,2,0,0,0,0,0,0,0,0,1,0,,67,11,2006,6,40.0071,-75.2137,1242.0,6,0,0,0,0,0,0,0,0,,0,0,0,12,1,3,1,,0.0,40 00:25.000,,0,75 12:50.314,4,0,0,0,67301,0,0,0,,0,0,0,3,67301,3,,1,1,,N,N,,0,,0,0,0,3,2,,1240,3,2,0,0,0,0,0,3,4,0,2,3,,N,,,,,,,,,,,