CRN,ARRIVAL_TM,AUTOMOBILE_COUNT,BELTED_DEATH_COUNT,BELTED_SUSP_SERIOUS_INJ_COUNT,BICYCLE_COUNT,BICYCLE_DEATH_COUNT,BICYCLE_SUSP_SERIOUS_INJ_COUNT,BUS_COUNT,CHLDPAS_DEATH_COUNT,CHLDPAS_SUSP_SERIOUS_INJ_COUNT,COLLISION_TYPE,COMM_VEH_COUNT,CONS_ZONE_SPD_LIM,COUNTY,CRASH_MONTH,CRASH_YEAR,DAY_OF_WEEK,DEC_LAT,DEC_LONG,DISPATCH_TM,DISTRICT,DRIVER_COUNT_16YR,DRIVER_COUNT_17YR,DRIVER_COUNT_18YR,DRIVER_COUNT_19YR,DRIVER_COUNT_20YR,DRIVER_COUNT_50_64YR,DRIVER_COUNT_65_74YR,DRIVER_COUNT_75PLUS,EST_HRS_CLOSED,FATAL_COUNT,HEAVY_TRUCK_COUNT,HORSE_BUGGY_COUNT,HOUR_OF_DAY,ILLUMINATION,INJURY_COUNT,INTERSECT_TYPE,INTERSECTION_RELATED,LANE_CLOSED,LATITUDE,LN_CLOSE_DIR,LOCATION_TYPE,LONGITUDE,MAX_SEVERITY_LEVEL,MCYCLE_DEATH_COUNT,MCYCLE_SUSP_SERIOUS_INJ_COUNT,MOTORCYCLE_COUNT,MUNICIPALITY,NONMOTR_COUNT,NONMOTR_DEATH_COUNT,NONMOTR_SUSP_SERIOUS_INJ_COUNT,NTFY_HIWY_MAINT,PED_COUNT,PED_DEATH_COUNT,PED_SUSP_SERIOUS_INJ_COUNT,PERSON_COUNT,POLICE_AGCY,POSSIBLE_INJ_COUNT,RDWY_SURF_TYPE_CD,RELATION_TO_ROAD,ROAD_CONDITION,ROADWAY_CLEARED,SCH_BUS_IND,SCH_ZONE_IND,SECONDARY_CRASH,SMALL_TRUCK_COUNT,SPEC_JURIS_CD,SUSP_MINOR_INJ_COUNT,SUSP_SERIOUS_INJ_COUNT,SUV_COUNT,TCD_FUNC_CD,TCD_TYPE,TFC_DETOUR_IND,TIME_OF_DAY,TOT_INJ_COUNT,TOTAL_UNITS,UNB_DEATH_COUNT,UNB_SUSP_SERIOUS_INJ_COUNT,UNBELTED_OCC_COUNT,UNK_INJ_DEG_COUNT,UNK_INJ_PER_COUNT,URBAN_AREA,URBAN_RURAL,VAN_COUNT,VEHICLE_COUNT,WEATHER1,WEATHER2,WORK_ZONE_IND,WORK_ZONE_LOC,WORK_ZONE_TYPE,WORKERS_PRES,WZ_CLOSE_DETOUR,WZ_FLAGGER,WZ_LAW_OFFCR_IND,WZ_LN_CLOSURE,WZ_MOVING,WZ_OTHER,WZ_SHLDER_MDN,WZ_WORKERS_INJ_KILLED
2006056458,1205.0,1,0,0,0,0,0,0,0,0,7,0,,67,4,2006,7,,,1202.0,6,0,0,0,1,0,0,0,0,,0,0,0,12,1,1,0,,0.0,,,0,,4,0,0,0,67301,0,0,0,N,0,0,0,1,67301,1,,4,9,,N,N,,0,,0,0,0,0,0,,1200,1,1,0,0,1,0,0,3,3,0,1,7,,N,,,,,,,,,,,
2006056464,925.0,2,0,0,0,0,0,0,0,0,2,0,,67,3,2006,2,39.9612,-75.1748,916.0,6,0,0,0,0,0,0,0,0,1.0,0,0,0,99,1,1,2,,1.0,39 57:40.000,3.0,0,75 10:30.596,8,0,0,0,67301,0,0,0,N,0,0,0,3,67301,0,,1,1,,N,N,,0,,0,0,0,3,2,N,9999,1,2,0,0,0,1,0,3,4,0,2,3,,N,,,,,,,,,,,
2006054018,1613.0,1,0,0,0,0,0,0,0,0,7,0,,67,4,2006,4,40.043,-75.0031,1611.0,6,0,0,0,0,0,1,0,0,1.0,0,0,0,16,1,1,0,,2.0,40 02:35.000,1.0,0,75 00:10.372,3,0,0,0,67301,0,0,0,,0,0,0,2,67301,0,,3,1,,,,,1,,1,0,0,0,0,N,1609,1,2,0,0,0,0,0,3,4,0,2,3,,N,,,,,,,,,,,
2006036493,1755.0,1,0,0,0,0,0,1,0,0,1,1,,67,2,2006,6,39.9256,-75.1793,1753.0,6,0,0,0,0,0,0,0,0,,0,0,0,17,3,1,1,,0.0,39 55:32.000,,0,75 10:45.268,8,0,0,0,67301,0,0,0,N,0,0,0,3,67301,0,,1,1,,N,N,,0,,0,0,0,3,2,,1752,1,2,0,0,0,1,0,3,4,0,2,3,,N,,,,,,,,,,,
2006034190,1515.0,2,0,0,0,0,0,0,0,0,4,0,,67,2,2006,2,39.9835,-75.1156,1507.0,6,0,0,1,0,0,1,0,0,2.0,0,0,0,14,1,1,1,,2.0,39 59:00.000,7.0,0,75 06:55.993,4,0,0,0,67301,0,0,0,,0,0,0,3,67301,1,,1,6,,N,N,,1,,0,0,0,3,2,Y,1430,1,3,0,0,0,0,0,3,4,0,3,3,,N,,,,,,,,,,,
2006036624,1630.0,2,0,0,0,0,0,0,0,0,4,0,,67,3,2006,3,39.9968,-75.154,1625.0,6,0,0,0,0,0,0,0,1,,0,0,0,16,2,1,1,,0.0,39 59:48.000,,0,75 09:14.458,8,0,0,0,67301,0,0,0,N,0,0,0,2,67301,0,,1,1,,N,N,,0,,0,0,0,0,0,,1620,1,2,0,0,1,1,1,3,4,0,2,3,,N,,,,,,,,,,,
2006036651,1152.0,1,0,0,0,0,0,0,0,0,8,0,,67,2,2006,6,,,1150.0,6,0,0,0,0,0,0,1,0,,0,0,0,11,1,1,2,,0.0,,,0,,4,0,0,0,67301,1,0,0,N,1,0,0,2,67301,1,,1,1,,N,N,,0,,0,0,0,3,3,,1150,1,2,0,0,0,0,0,3,3,0,1,3,,N,,,,,,,,,,,
2006036666,1750.0,1,0,0,0,0,0,0,0,0,1,0,,67,2,2006,4,40.0419,-75.075,1740.0,6,0,0,0,0,0,1,0,0,,0,0,0,15,1,2,5,,0.0,40 02:30.000,,0,75 04:30.063,8,0,0,0,67301,0,0,0,N,0,0,0,3,67301,0,,1,1,,N,N,,1,,0,0,0,9,9,,1500,2,2,0,0,1,2,0,3,4,0,2,3,,N,,,,,,,,,,,
2006036673,1000.0,1,0,0,0,0,0,0,0,0,4,0,,67,3,2006,2,39.944,-75.2453,950.0,6,0,0,0,0,0,0,0,0,,0,0,0,9,1,1,2,,0.0,39 56:38.000,,0,75 14:42.554,8,0,0,0,67301,0,0,0,,0,0,0,4,67301,0,,1,1,,N,N,,0,,0,0,0,0,0,,940,1,2,0,0,0,1,0,3,4,0,2,3,,N,,,,,,,,,,,
2006024219,6.0,3,0,0,0,0,0,0,0,0,6,0,,67,1,2006,3,,,0.0,6,0,0,0,0,1,0,0,0,,0,0,0,23,3,1,0,,0.0,,,0,,3,0,0,0,67301,0,0,0,N,0,0,0,1,67301,0,,2,9,,N,N,,0,,1,0,0,0,0,,2326,1,3,0,0,0,0,0,3,3,0,3,7,,N,,,,,,,,,,,
2006014527,2241.0,2,0,0,0,0,0,0,0,0,1,0,,67,1,2006,7,40.0039,-75.2207,9999.0,6,0,0,0,0,0,1,0,0,1.0,0,0,0,22,3,1,1,,1.0,40 00:13.000,3.0,0,75 13:14.458,4,0,0,0,67301,0,0,0,N,0,0,0,3,46104,1,,1,1,,N,N,,0,,0,0,0,3,2,N,2239,1,2,0,0,0,0,0,3,4,0,2,3,,N,,,,,,,,,,,
2006103151,1444.0,2,0,0,0,0,0,0,0,0,4,0,,67,8,2006,7,39.9614,-75.1498,1442.0,6,0,0,0,0,0,0,0,0,,0,0,0,14,1,0,1,,0.0,39 57:41.000,,0,75 08:59.542,0,0,0,0,67301,0,0,0,N,0,0,0,4,67301,0,,1,1,,N,N,,0,,0,0,0,3,2,,1441,0,2,0,0,0,0,0,3,4,0,2,3,,N,,,,,,,,,,,
2006103212,935.0,0,0,0,0,0,0,0,0,0,2,0,,67,9,2006,2,,,930.0,6,0,0,0,0,0,0,0,0,,0,0,0,9,1,1,0,,0.0,,,0,,4,0,0,0,67301,0,0,0,N,0,0,0,1,67301,1,,1,1,,N,N,,1,,0,0,1,0,0,,930,1,2,0,0,0,0,0,3,3,0,2,3,,N,,,,,,,,,,,
2006103225,2351.0,3,0,0,0,0,0,0,0,0,4,0,,67,8,2006,4,40.0507,-75.1486,2340.0,6,0,0,0,0,1,1,0,0,,0,0,0,23,3,2,1,,0.0,40 03:02.000,,0,75 08:55.623,4,0,0,0,67301,0,0,0,N,0,0,0,4,67301,2,,1,1,,N,N,,0,,0,0,0,3,2,,2340,2,3,0,0,0,0,0,3,4,0,3,3,,N,,,,,,,,,,,
2006042532,935.0,1,0,0,0,0,0,0,0,0,1,0,35.0,67,3,2006,3,,,933.0,6,0,0,0,0,0,1,0,0,,0,0,0,9,1,1,0,,0.0,,,3,,4,0,0,0,67301,0,0,0,N,0,0,0,5,67501,1,,1,1,,N,N,,0,,0,0,0,3,8,,930,1,2,0,0,2,0,0,3,3,1,2,3,,Y,2.0,2.0,Y,,,N,Y,,,,
2006037809,908.0,1,0,0,1,0,0,0,0,0,1,0,,67,3,2006,3,39.9538,-75.1666,904.0,6,0,0,0,0,0,0,0,1,,0,0,0,99,1,1,2,,0.0,39 57:13.000,,0,75 09:59.737,4,0,0,0,67301,1,0,0,N,0,0,0,2,67301,1,,1,1,,N,N,,0,,0,0,0,3,2,,9999,1,2,0,0,0,0,0,3,4,0,1,3,,N,,,,,,,,,,,
2006081732,2115.0,2,0,0,0,0,0,0,0,0,4,0,,67,6,2006,5,39.9237,-75.1844,2111.0,6,0,0,0,0,0,1,0,0,,0,0,0,21,3,2,1,,0.0,39 55:25.442,,0,75 11:03.785,4,0,0,0,67301,0,0,0,N,0,0,0,2,67301,2,,1,9,,N,N,,0,,0,0,0,3,3,,2105,2,2,0,0,1,0,0,3,4,0,2,7,,N,,,,,,,,,,,
2006081744,1235.0,1,0,0,0,0,0,0,0,0,4,0,,67,6,2006,7,40.0124,-75.0691,1230.0,6,0,0,0,1,0,0,0,0,,0,0,0,12,1,1,10,,0.0,40 00:44.615,,0,75 04:08.798,8,0,0,0,67301,0,0,0,N,0,0,0,2,67301,0,,1,9,,N,N,,0,,0,0,0,0,0,,1220,1,2,0,0,0,1,1,3,4,1,2,99,,N,,,,,,,,,,,
2006081745,1718.0,2,0,0,0,0,0,0,0,0,2,0,,67,7,2006,6,40.0124,-75.0584,1715.0,6,0,0,0,0,0,0,0,0,2.0,0,0,0,17,1,3,1,,1.0,40 00:44.000,2.0,0,75 03:30.561,3,0,0,0,67301,0,0,0,N,0,0,0,5,67301,2,,1,1,,N,N,,0,,1,0,0,3,2,N,1715,3,2,0,0,1,0,0,3,4,0,2,3,,N,,,,,,,,,,,
2006082074,1144.0,1,0,0,0,0,0,0,0,0,2,0,,67,7,2006,4,40.0409,-75.1873,1140.0,6,0,0,0,0,0,0,0,0,,0,0,0,11,1,1,1,,0.0,40 02:27.297,,0,75 11:14.369,3,0,0,0,67301,0,0,0,N,0,0,0,4,67301,0,,1,9,,N,N,,0,,1,0,0,3,2,,1135,1,2,0,0,0,0,0,3,4,1,2,3,,N,,,,,,,,,,,
2006082083,2212.0,2,0,0,0,0,0,0,0,0,6,0,,67,7,2006,7,39.9681,-75.2068,2211.0,6,0,0,0,0,0,0,0,0,1.0,0,0,0,22,3,5,2,,2.0,39 58:05.019,7.0,0,75 12:24.436,3,0,0,0,67301,0,0,0,N,0,0,0,6,67301,3,,1,1,,N,N,,0,,2,0,0,3,3,N,2209,5,2,0,0,3,0,0,3,4,0,2,3,,N,,,,,,,,,,,
2006082117,840.0,1,0,0,0,0,0,0,0,0,2,0,,67,6,2006,5,,,835.0,6,0,0,0,0,0,0,0,0,,0,0,0,8,1,1,1,,0.0,,,0,,8,0,0,0,67301,0,0,0,N,0,0,0,3,67301,0,,1,1,,N,N,,0,,0,0,1,3,2,,835,1,2,0,0,2,1,0,3,3,0,2,3,,N,,,,,,,,,,,
2006079900,1948.0,1,0,0,0,0,0,0,0,0,8,0,,67,6,2006,6,40.0478,-75.0674,1947.0,6,0,0,0,0,0,0,0,0,9.0,0,0,0,19,1,1,0,,2.0,40 02:52.195,2.0,0,75 04:02.506,2,0,0,0,67301,1,0,1,N,1,0,1,2,67301,0,,1,1,,N,N,,0,,0,1,0,0,0,N,1944,1,2,0,0,0,0,0,3,4,0,1,3,,N,,,,,,,,,,,
2006079903,310.0,3,0,0,0,0,0,0,0,0,4,0,,67,7,2006,1,39.9733,-75.2111,310.0,6,0,1,0,0,0,0,0,0,,0,0,0,3,3,1,0,,0.0,39 58:24.000,,0,75 12:39.247,8,0,0,0,67301,0,0,0,N,0,0,0,2,67301,0,,1,1,,N,N,,0,,0,0,0,0,0,,309,1,3,0,0,0,1,0,3,4,0,3,3,,N,,,,,,,,,,,
2006079954,1910.0,2,0,0,0,0,0,0,0,0,1,0,,67,6,2006,3,40.0815,-75.0276,1902.0,6,0,0,1,0,1,1,0,0,,0,0,0,7,1,3,0,,0.0,40 04:53.400,,0,75 01:39.000,8,0,0,0,67301,0,0,0,N,0,0,0,3,67301,0,,1,9,,N,N,,0,,0,0,1,3,2,,700,3,3,0,0,0,3,0,3,4,0,3,7,,N,,,,,,,,,,,
2006021078,105.0,2,0,0,0,0,0,0,0,0,7,0,,67,1,2006,1,40.0544,-75.0494,59.0,6,0,0,0,0,1,0,0,0,2.0,0,0,0,0,3,2,0,,2.0,40 03:15.000,2.0,0,75 02:57.954,8,0,0,0,67301,0,0,0,N,0,0,0,5,67301,0,,3,1,,N,N,,0,,0,0,0,0,0,Y,56,2,2,0,0,0,2,0,3,4,0,2,3,,N,,,,,,,,,,,
2007054682,1304.0,1,0,0,0,0,0,0,0,0,8,0,,67,12,2006,6,39.9218,-75.1498,1302.0,6,0,0,0,0,0,0,0,0,,0,0,0,13,1,1,1,,0.0,39 55:18.000,,0,75 08:59.227,4,0,0,0,67301,1,0,0,N,1,0,0,2,67301,1,,1,1,,N,N,,0,,0,0,0,3,2,,1302,1,2,0,0,1,0,0,3,4,0,1,3,,N,,,,,,,,,,,
2006094139,1310.0,3,0,0,0,0,0,1,0,0,4,1,,67,8,2006,6,,,1307.0,6,0,0,0,0,0,1,1,0,1.0,0,0,0,13,1,2,0,,2.0,,2.0,7,,4,0,0,0,67301,0,0,0,,0,0,0,4,67301,1,,1,1,,,,,0,,0,0,0,3,2,Y,1300,2,4,0,0,0,1,0,3,3,0,4,3,,N,,,,,,,,,,,
2006055013,2340.0,0,0,0,0,0,0,0,0,0,1,0,,67,3,2006,1,39.9881,-75.1559,2336.0,6,0,0,0,0,0,1,0,0,,0,0,0,23,3,0,0,,0.0,39 59:17.160,,0,75 09:21.240,0,0,0,0,67301,0,0,0,N,0,0,0,2,67301,0,,1,9,,,,,1,,0,0,1,3,2,,2312,0,2,0,0,0,0,0,3,4,0,2,5,,N,,,,,,,,,,,
2006055214,1230.0,1,0,0,0,0,0,0,0,0,4,0,,67,3,2006,3,39.9503,-75.1917,1230.0,6,0,0,0,0,0,0,0,0,2.0,0,0,0,12,1,2,1,,2.0,39 57:20.000,4.0,0,75 11:22.145,8,0,0,0,67301,0,0,0,N,0,0,0,3,67301,0,,1,1,,N,N,,1,,0,0,0,3,2,Y,1225,2,2,0,0,0,2,0,3,4,0,2,3,,N,,,,,,,,,,,
2006094385,1855.0,2,0,0,0,0,0,0,0,0,4,0,,67,7,2006,5,,,1850.0,6,0,0,0,0,0,1,0,0,,0,0,0,18,1,1,1,,0.0,,,0,,8,0,0,0,67301,0,0,0,N,0,0,0,2,67301,0,,1,1,,N,N,,0,,0,0,0,3,2,,1841,1,2,0,0,0,1,0,3,3,0,2,3,,N,,,,,,,,,,,
2006094429,2138.0,0,0,0,0,0,0,0,0,0,8,0,,67,7,2006,3,,,2135.0,6,0,0,0,0,0,1,0,0,,0,0,0,21,3,1,1,,0.0,,,0,,4,0,0,0,67301,1,0,0,N,1,0,0,2,67301,1,,1,1,,N,N,,0,,0,0,1,9,3,,2137,1,2,0,0,0,0,0,3,3,0,1,3,,N,,,,,,,,,,,
2006081687,2051.0,1,0,0,0,0,0,0,0,0,8,0,,67,6,2006,5,39.9946,-75.1511,2048.0,6,0,0,0,0,0,0,0,0,,0,0,0,20,1,1,0,,0.0,39 59:40.639,,0,75 09:04.132,4,0,0,0,67301,1,0,0,,1,0,0,2,67301,1,,1,1,,,,,0,,0,0,0,0,0,,2030,1,2,0,0,0,0,0,3,4,0,1,3,,N,,,,,,,,,,,
2006081690,2355.0,0,0,0,0,0,0,0,0,0,4,0,,67,6,2006,7,39.9859,-75.0957,2348.0,6,0,0,0,0,1,0,0,0,,0,0,0,23,3,2,2,,0.0,39 59:09.000,,0,75 05:44.410,8,0,0,1,67301,1,0,0,N,1,0,0,3,67301,0,,1,9,,N,N,,0,,0,0,0,0,0,,2340,2,3,0,0,0,2,0,3,4,1,2,3,,N,,,,,,,,,,,
2006081695,1402.0,1,0,0,0,0,0,0,0,0,4,0,,67,6,2006,6,39.9934,-75.097,1359.0,6,0,0,0,0,0,0,0,0,,0,0,0,13,1,1,1,,0.0,39 59:36.000,,7,75 05:49.505,3,0,0,0,67301,1,0,0,N,1,0,0,3,67301,0,,1,1,,N,N,,0,,1,0,0,0,0,,1359,1,2,0,0,0,0,0,3,4,0,1,3,,N,,,,,,,,,,,
2006116106,831.0,1,0,0,0,0,0,0,0,0,8,0,,67,10,2006,5,40.0455,-75.0883,817.0,6,0,0,0,0,0,0,1,0,,0,0,0,8,1,1,1,,0.0,40 02:43.000,,0,75 05:18.106,4,0,0,0,67301,1,0,0,N,1,0,0,2,67301,1,,1,1,,N,N,,0,,0,0,0,3,2,,807,1,2,0,0,0,0,0,3,4,0,1,3,,N,,,,,,,,,,,
2006054037,1237.0,1,0,0,0,0,0,0,0,0,8,0,,67,4,2006,3,39.9997,-75.099,1236.0,6,0,0,0,0,0,0,0,0,,0,0,0,12,1,1,1,,0.0,39 59:58.000,,0,75 05:56.259,4,0,0,0,67301,1,0,0,,1,0,0,2,67301,1,,1,1,,N,N,,0,,0,0,0,3,2,,1230,1,2,0,0,0,0,1,3,4,0,1,3,,N,,,,,,,,,,,
2006036564,1238.0,1,0,0,0,0,0,0,0,0,7,0,,67,2,2006,5,40.0718,-75.0391,1234.0,6,0,0,0,0,0,0,0,0,9.0,0,0,0,12,1,1,2,,2.0,40 04:18.318,7.0,0,75 02:20.903,4,0,0,0,67301,0,0,0,N,0,0,0,1,67301,1,,5,1,,N,N,,0,,0,0,0,0,0,Y,1234,1,1,0,0,0,0,0,3,4,0,1,3,,N,,,,,,,,,,,
2006036567,907.0,3,0,0,0,0,0,0,0,0,4,0,,67,3,2006,6,39.9172,-75.2463,900.0,6,0,0,0,0,0,0,0,0,,0,0,0,8,1,1,1,,0.0,39 55:01.000,,0,75 14:46.549,4,0,0,0,67301,0,0,0,N,0,0,0,3,67301,1,,1,1,,N,N,,0,,0,0,0,2,2,,830,1,3,0,0,0,0,0,3,4,0,3,3,,N,,,,,,,,,,,
2006036573,555.0,1,0,0,0,0,0,0,0,0,7,0,,67,3,2006,7,,,553.0,6,0,0,0,0,1,0,0,0,,0,0,0,5,5,2,3,,0.0,,,0,,4,0,0,0,67301,0,0,0,,0,0,0,3,67301,1,,5,1,,N,N,,0,,0,0,0,9,3,,552,2,1,0,0,0,1,0,3,3,0,1,3,,N,,,,,,,,,,,
2006036603,1212.0,0,0,0,0,0,0,0,0,0,1,0,,67,2,2006,2,40.0089,-75.0718,1208.0,6,0,0,0,0,0,1,0,0,,0,0,0,11,1,0,1,,0.0,40 00:32.000,,0,75 04:18.501,9,0,0,0,67301,0,0,0,,0,0,0,2,67301,0,,1,1,,N,N,,0,,0,0,2,3,2,,1100,0,2,0,0,1,0,2,3,4,0,2,3,,N,,,,,,,,,,,
2006036629,1432.0,2,0,0,0,0,0,0,0,0,9,0,,67,2,2006,4,40.0071,-75.073,1422.0,6,0,0,0,0,0,1,0,0,,0,0,0,14,1,1,0,,0.0,40 00:25.920,,0,75 04:22.080,3,0,0,0,67301,0,0,0,Y,0,0,0,2,67301,0,,1,1,,N,N,,0,,1,0,0,0,0,,1415,1,2,0,0,0,0,0,3,4,0,2,3,,N,,,,,,,,,,,
2006024606,1827.0,2,0,0,0,0,0,0,0,0,1,0,,67,1,2006,7,40.0448,-75.0665,1815.0,6,0,0,0,0,0,0,0,1,,0,0,0,18,3,1,1,,0.0,40 02:41.121,,0,75 03:59.421,4,0,0,0,67301,0,0,0,,0,0,0,5,67301,1,,1,9,,N,N,,0,,0,0,0,3,2,,1800,1,2,0,0,5,0,0,3,4,0,2,7,,N,,,,,,,,,,,
2006103131,2135.0,1,0,0,0,0,0,0,0,0,8,0,,67,8,2006,6,40.0356,-75.0876,2131.0,6,0,0,0,0,0,0,0,0,,0,0,0,99,2,1,1,,0.0,40 02:07.000,,0,75 05:15.299,4,0,0,0,67301,1,0,0,N,1,0,0,2,67301,1,,1,1,,N,N,,0,,0,0,0,3,3,,9999,1,2,0,0,0,0,0,3,4,0,1,3,,N,,,,,,,,,,,
2006035951,2030.0,2,0,0,0,0,0,0,0,0,4,0,,67,1,2006,2,39.976,-75.12,2030.0,6,0,0,0,1,0,0,0,0,,0,0,0,20,3,1,1,,0.0,39 58:32.000,,0,75 07:14.729,4,0,0,0,67301,0,0,0,N,0,0,0,3,67301,1,,1,1,,N,N,,0,,0,0,0,3,2,,2000,1,2,0,0,0,0,1,3,4,0,2,3,,N,,,,,,,,,,,
2006037550,1050.0,2,0,0,0,0,0,0,0,0,1,0,,67,2,2006,5,39.8946,-75.2367,1036.0,6,0,0,0,0,0,1,0,0,,0,0,0,10,1,1,1,,0.0,39 53:40.000,,0,75 14:12.237,8,0,0,0,67301,0,0,0,N,0,0,0,2,67301,0,,1,1,,N,N,,0,,0,0,0,2,2,,1030,1,2,0,0,0,1,1,3,4,0,2,3,,N,,,,,,,,,,,
2006037557,1430.0,1,0,0,0,0,0,0,0,0,7,0,,67,2,2006,2,39.9784,-75.1109,1425.0,6,0,0,0,0,0,1,0,0,,0,0,0,14,1,1,7,,0.0,39 58:27.000,,2,75 07:06.932,3,0,0,0,67301,0,0,0,Y,0,0,0,1,67301,0,,7,2,,N,N,,0,,1,0,0,0,0,,1420,1,1,0,0,0,0,0,3,4,0,1,3,,N,,,,,,,,,,,
2006079299,2115.0,1,0,0,0,0,0,0,0,0,8,0,,67,6,2006,6,39.9549,-75.209,2110.0,6,0,0,0,0,0,0,0,0,,0,0,0,21,3,1,0,,0.0,39 57:17.731,,0,75 12:32.515,4,0,0,0,67301,1,0,0,N,1,0,0,3,67301,1,,1,1,,N,N,,0,,0,0,0,3,2,,2110,1,2,0,0,0,0,0,3,4,0,1,3,,N,,,,,,,,,,,
2006081741,2129.0,0,0,0,0,0,0,0,0,0,5,0,,67,7,2006,2,40.0452,-75.0792,2129.0,6,0,0,0,0,0,0,0,0,,0,0,0,21,3,1,0,,0.0,40 02:42.669,,0,75 04:45.231,4,0,0,1,67301,0,0,0,N,0,0,0,1,67301,1,,1,1,,N,N,,1,,0,0,0,0,0,,2125,1,2,0,0,0,0,0,3,4,0,2,3,,N,,,,,,,,,,,
2006081748,2008.0,1,0,0,0,0,0,0,0,0,4,0,,67,6,2006,2,,,2005.0,6,0,0,1,0,0,0,0,0,,0,0,0,20,1,1,0,,0.0,,,0,,4,0,0,1,67301,0,0,0,N,0,0,0,3,67301,1,,5,1,,N,N,,0,,0,0,0,0,0,,2003,1,2,0,0,0,0,2,3,3,0,2,3,,N,,,,,,,,,,,
2006079215,1840.0,1,0,0,0,0,0,0,0,0,8,0,,67,6,2006,3,39.9249,-75.1729,1435.0,6,0,0,0,0,0,0,0,0,,0,0,0,14,1,1,1,,0.0,39 55:29.000,,0,75 10:22.538,8,0,0,0,67301,1,0,0,N,1,0,0,2,67301,0,,1,1,,N,N,,0,,0,0,0,3,2,,1425,1,2,0,0,1,1,0,3,4,0,1,3,,N,,,,,,,,,,,
2006084616,2053.0,1,0,0,0,0,0,0,0,0,1,0,,67,8,2006,6,39.9897,-75.251,9999.0,6,0,0,0,0,0,0,0,0,2.0,0,0,0,20,3,0,0,,1.0,39 59:23.000,2.0,0,75 15:03.825,9,0,0,0,67301,0,0,0,N,0,0,0,2,46104,0,,1,1,,N,N,,1,,0,0,0,0,0,N,2050,0,2,0,0,0,0,1,3,4,0,2,3,,N,,,,,,,,,,,
2006079640,1610.0,2,0,0,0,0,0,0,0,0,4,0,,67,6,2006,4,,,1603.0,6,0,0,0,0,0,1,0,0,,0,0,0,15,1,1,1,,0.0,,,0,,4,0,0,0,67301,0,0,0,N,0,0,0,2,67301,1,,1,9,,N,N,,0,,0,0,0,3,3,,1547,1,2,0,0,0,0,1,3,3,0,2,7,,N,,,,,,,,,,,
2006079898,1647.0,1,0,0,0,0,0,0,0,0,4,0,,67,6,2006,7,40.0287,-75.1656,1646.0,6,0,0,0,0,0,0,0,0,,0,0,0,16,1,1,0,,0.0,40 01:43.431,,0,75 09:56.109,4,0,0,0,67301,1,0,0,N,1,0,0,2,67301,1,,1,1,,N,N,,0,,0,0,0,0,0,,1630,1,2,0,0,0,0,0,3,4,0,1,3,,N,,,,,,,,,,,
2006079957,2218.0,3,0,0,0,0,0,0,0,0,4,0,,67,6,2006,2,39.9386,-75.2217,2213.0,6,0,0,0,0,0,1,0,0,,0,0,0,22,2,1,1,,0.0,39 56:18.000,,0,75 13:18.040,3,0,0,0,67301,0,0,0,N,0,0,0,2,67301,0,,1,1,,N,N,,0,,1,0,0,3,2,,2212,1,3,0,0,0,0,1,3,4,0,3,3,,N,,,,,,,,,,,
2006082515,1059.0,2,0,0,0,0,0,0,0,0,4,0,,67,5,2006,3,40.0076,-75.1273,1059.0,6,0,0,0,0,0,1,0,0,,0,0,0,10,1,0,2,,0.0,40 00:27.000,,0,75 07:38.390,0,0,0,0,67301,0,0,0,,0,0,0,2,67301,0,,1,1,,N,N,,0,,0,0,0,3,2,,1040,0,2,0,0,0,0,0,3,4,0,2,3,,N,,,,,,,,,,,
2006079819,750.0,2,0,0,0,0,0,0,0,0,1,0,,67,7,2006,2,40.0398,-75.0165,743.0,6,0,0,0,0,0,0,0,0,,0,0,0,7,1,0,0,,0.0,40 02:23.000,,0,75 00:59.453,0,0,0,0,67301,0,0,0,N,0,0,0,1,67301,0,,6,1,,N,N,,0,,0,0,0,0,0,,730,0,2,0,0,0,0,0,3,4,0,2,3,,N,,,,,,,,,,,
2006079851,1420.0,0,0,0,0,0,0,0,0,0,2,0,,67,6,2006,4,,,1417.0,6,0,0,0,0,0,1,0,0,,0,0,0,14,1,1,1,,0.0,,,0,,4,0,0,0,67301,0,0,0,N,0,0,0,2,67301,1,,1,1,,N,N,,0,,0,0,0,0,0,,1411,1,2,0,0,0,0,1,3,3,2,2,3,,N,,,,,,,,,,,
2006079855,2230.0,4,0,0,0,0,0,0,0,0,4,0,,67,5,2006,3,,,2224.0,6,0,0,0,0,0,0,0,0,,0,0,0,22,3,2,0,,0.0,,,0,,8,0,0,0,67301,0,0,0,N,0,0,0,2,67301,0,,6,1,,N,N,,0,,0,0,0,3,2,,2222,2,4,0,0,0,2,0,3,3,0,4,3,,N,,,,,,,,,,,
2006079864,1645.0,2,0,0,0,0,0,0,0,0,4,0,,67,6,2006,7,39.9514,-75.1551,1643.0,6,0,1,0,0,0,0,0,0,,0,0,0,16,1,1,1,,0.0,39 57:04.873,,0,75 09:18.486,4,0,0,0,67301,0,0,0,N,0,0,0,3,67301,1,,1,1,,N,N,,0,,0,0,0,3,2,,1640,1,2,0,0,2,0,0,3,4,0,2,3,,N,,,,,,,,,,,