CRN,ARRIVAL_TM,AUTOMOBILE_COUNT,BELTED_DEATH_COUNT,BELTED_SUSP_SERIOUS_INJ_COUNT,BICYCLE_COUNT,BICYCLE_DEATH_COUNT,BICYCLE_SUSP_SERIOUS_INJ_COUNT,BUS_COUNT,CHLDPAS_DEATH_COUNT,CHLDPAS_SUSP_SERIOUS_INJ_COUNT,COLLISION_TYPE,COMM_VEH_COUNT,CONS_ZONE_SPD_LIM,COUNTY,CRASH_MONTH,CRASH_YEAR,DAY_OF_WEEK,DEC_LAT,DEC_LONG,DISPATCH_TM,DISTRICT,DRIVER_COUNT_16YR,DRIVER_COUNT_17YR,DRIVER_COUNT_18YR,DRIVER_COUNT_19YR,DRIVER_COUNT_20YR,DRIVER_COUNT_50_64YR,DRIVER_COUNT_65_74YR,DRIVER_COUNT_75PLUS,EST_HRS_CLOSED,FATAL_COUNT,HEAVY_TRUCK_COUNT,HORSE_BUGGY_COUNT,HOUR_OF_DAY,ILLUMINATION,INJURY_COUNT,INTERSECT_TYPE,INTERSECTION_RELATED,LANE_CLOSED,LATITUDE,LN_CLOSE_DIR,LOCATION_TYPE,LONGITUDE,MAX_SEVERITY_LEVEL,MCYCLE_DEATH_COUNT,MCYCLE_SUSP_SERIOUS_INJ_COUNT,MOTORCYCLE_COUNT,MUNICIPALITY,NONMOTR_COUNT,NONMOTR_DEATH_COUNT,NONMOTR_SUSP_SERIOUS_INJ_COUNT,NTFY_HIWY_MAINT,PED_COUNT,PED_DEATH_COUNT,PED_SUSP_SERIOUS_INJ_COUNT,PERSON_COUNT,POLICE_AGCY,POSSIBLE_INJ_COUNT,RDWY_SURF_TYPE_CD,RELATION_TO_ROAD,ROAD_CONDITION,ROADWAY_CLEARED,SCH_BUS_IND,SCH_ZONE_IND,SECONDARY_CRASH,SMALL_TRUCK_COUNT,SPEC_JURIS_CD,SUSP_MINOR_INJ_COUNT,SUSP_SERIOUS_INJ_COUNT,SUV_COUNT,TCD_FUNC_CD,TCD_TYPE,TFC_DETOUR_IND,TIME_OF_DAY,TOT_INJ_COUNT,TOTAL_UNITS,UNB_DEATH_COUNT,UNB_SUSP_SERIOUS_INJ_COUNT,UNBELTED_OCC_COUNT,UNK_INJ_DEG_COUNT,UNK_INJ_PER_COUNT,URBAN_AREA,URBAN_RURAL,VAN_COUNT,VEHICLE_COUNT,WEATHER1,WEATHER2,WORK_ZONE_IND,WORK_ZONE_LOC,WORK_ZONE_TYPE,WORKERS_PRES,WZ_CLOSE_DETOUR,WZ_FLAGGER,WZ_LAW_OFFCR_IND,WZ_LN_CLOSURE,WZ_MOVING,WZ_OTHER,WZ_SHLDER_MDN,WZ_WORKERS_INJ_KILLED
2006026198,1855.0,2,0,0,0,0,0,0,0,0,4,0,,67,2,2006,2,40.0039,-75.2207,9999.0,6,0,0,1,0,0,0,0,0,1.0,0,0,0,18,3,3,1,,1.0,40 00:13.000,4.0,0,75 13:14.458,3,0,0,0,67301,0,0,0,N,0,0,0,3,46104,1,,1,1,,N,N,,0,,2,0,0,3,2,N,1853,3,2,0,0,0,0,0,3,4,0,2,3,,N,,,,,,,,,,,
2007006852,1646.0,1,0,0,0,0,0,0,0,0,8,0,,67,11,2006,4,40.0153,-75.1372,1646.0,6,0,0,0,0,0,0,0,0,1.0,0,0,0,16,3,1,1,,1.0,40 00:55.051,1.0,0,75 08:13.761,4,0,0,0,67301,1,0,0,,1,0,0,2,67301,1,,1,9,,,N,,0,,0,0,0,3,2,N,1642,1,2,0,0,0,0,0,3,4,0,1,7,,N,,,,,,,,,,,
2007023669,15.0,2,0,0,0,0,0,0,0,0,6,0,,67,12,2006,3,39.991,-75.1686,5.0,6,0,0,0,0,1,0,0,0,,0,0,0,0,3,1,1,,0.0,39 59:27.769,,0,75 10:06.848,4,0,0,0,67301,0,0,0,N,0,0,0,5,67301,1,,1,9,,N,N,,0,,0,0,0,3,2,,5,1,2,0,0,0,0,0,3,4,0,2,7,,N,,,,,,,,,,,
2007023672,2215.0,3,0,0,0,0,0,0,0,0,4,0,,67,12,2006,1,,,2200.0,6,0,0,0,1,0,0,0,0,2.0,0,0,0,21,3,2,0,,2.0,,3.0,0,,3,0,0,0,67301,0,0,0,N,0,0,0,7,67301,1,,1,1,,N,N,,0,,1,0,0,0,0,N,2158,2,3,0,0,1,0,0,3,3,0,3,3,,N,,,,,,,,,,,
2007023017,1737.0,1,0,0,0,0,0,0,0,0,6,0,,67,12,2006,7,39.9762,-75.2072,1735.0,6,0,0,0,0,0,0,1,0,1.0,0,0,0,17,3,3,0,,2.0,39 58:34.300,6.0,0,75 12:25.900,3,0,0,0,67301,0,0,0,N,0,0,0,3,67301,0,,1,1,,N,N,,0,,1,0,1,3,3,Y,1734,3,3,0,0,0,2,0,3,4,1,3,3,,N,,,,,,,,,,,
2007023193,402.0,1,0,0,0,0,0,0,0,0,4,0,,67,12,2006,7,39.9543,-75.1918,356.0,6,0,0,0,1,0,0,0,0,4.0,0,0,0,3,3,3,1,,2.0,39 57:15.000,7.0,0,75 11:30.315,4,0,0,0,67301,0,0,0,N,0,0,0,7,67301,1,,1,1,,N,N,,0,,0,0,1,3,2,Y,351,3,2,0,0,0,2,0,3,4,0,2,3,,N,,,,,,,,,,,
2007023204,936.0,0,0,0,0,0,0,0,0,0,4,0,,67,12,2006,1,39.9172,-75.2463,930.0,6,0,0,0,0,0,0,1,0,9.0,0,0,0,9,1,0,1,,1.0,39 55:01.000,1.0,0,75 14:46.691,0,0,0,0,67301,0,0,0,N,0,0,0,3,67301,0,,1,1,,N,N,,0,,0,0,1,3,2,N,930,0,2,0,0,0,0,0,3,4,1,2,3,,N,,,,,,,,,,,
2007023215,1310.0,2,0,0,0,0,0,0,0,0,4,0,,67,12,2006,6,40.0289,-75.0859,1302.0,6,0,0,0,0,0,3,0,0,,0,0,0,13,1,1,1,,0.0,40 01:43.906,,0,75 05:09.211,8,0,0,0,67301,0,0,0,,0,0,0,4,67301,0,,1,9,,,,,0,,0,0,0,3,3,,1300,1,3,0,0,0,1,0,3,4,1,3,7,,N,,,,,,,,,,,
2007023221,1905.0,1,0,0,0,0,0,0,0,0,8,0,,67,12,2006,4,39.9519,-75.1599,900.0,6,0,0,0,0,0,1,0,0,,0,0,0,6,3,1,1,,0.0,39 57:06.000,,0,75 09:35.509,4,0,0,0,67301,1,0,0,,1,0,0,2,67301,1,,1,1,,N,N,,0,,0,0,0,3,2,,645,1,2,0,0,0,0,0,3,4,0,1,3,,N,,,,,,,,,,,
2007023228,1820.0,2,0,0,0,0,0,0,0,0,4,0,,67,12,2006,1,40.0275,-75.1345,1755.0,6,0,0,0,0,0,0,0,0,1.0,0,0,0,17,3,1,1,,2.0,40 01:39.115,7.0,0,75 08:04.153,4,0,0,0,67301,0,0,0,N,0,0,0,3,67301,1,,1,1,,N,N,,0,,0,0,0,9,3,N,1754,1,2,0,0,0,0,0,3,4,0,2,3,,N,,,,,,,,,,,
2006094081,215.0,4,0,0,0,0,0,0,0,0,4,0,,67,7,2006,4,,,215.0,6,0,0,0,0,0,0,0,0,3.0,0,0,0,2,3,2,1,,2.0,,1.0,0,,3,0,0,0,67301,0,0,0,N,0,0,0,2,67301,0,,1,1,,N,N,,0,,2,0,2,9,3,Y,210,2,7,0,0,0,0,0,3,3,1,7,3,,N,,,,,,,,,,,
2006094132,1515.0,2,0,0,0,0,0,0,0,0,4,0,,67,7,2006,3,,,1512.0,6,0,0,0,1,0,0,0,0,,0,0,0,15,1,3,1,,0.0,,,0,,8,0,0,0,67301,0,0,0,N,0,0,0,3,67301,0,,1,1,,N,N,,0,,0,0,0,9,3,,1510,3,2,0,0,0,3,0,3,3,0,2,3,,N,,,,,,,,,,,
2006094162,1053.0,1,0,0,0,0,0,0,0,0,8,0,,67,8,2006,3,,,1047.0,6,0,0,0,0,0,0,0,0,,0,0,0,10,1,1,2,,0.0,,,0,,3,0,0,0,67301,1,0,0,N,1,0,0,2,67301,0,,1,1,,N,N,,0,,1,0,0,3,3,,1037,1,2,0,0,0,0,0,3,3,0,1,3,,N,,,,,,,,,,,
2006094180,2035.0,1,0,0,0,0,0,0,0,0,6,0,,67,8,2006,7,40.0205,-75.0537,2030.0,6,0,0,0,0,0,0,0,0,,0,0,0,20,3,2,1,,0.0,40 01:13.000,,0,75 03:13.463,4,0,0,0,67301,0,0,0,N,0,0,0,4,67301,2,,1,1,,N,N,,0,,0,0,2,3,2,,2029,2,3,0,0,0,0,0,3,4,0,3,3,,N,,,,,,,,,,,
2006094372,1610.0,1,0,0,0,0,0,0,0,0,4,0,,67,7,2006,7,40.0303,-75.0451,1608.0,6,1,0,0,0,0,0,0,0,,0,0,0,16,1,2,1,,0.0,40 01:48.986,,0,75 02:42.215,3,0,0,0,67301,0,0,0,N,0,0,0,3,67301,0,,1,1,,N,N,,0,,2,0,1,3,3,,1606,2,2,0,0,3,0,0,3,4,0,2,3,,N,,,,,,,,,,,
2006094411,1619.0,0,0,0,0,0,0,0,0,0,4,1,,67,7,2006,5,40.0497,-75.0013,1617.0,6,0,0,0,0,0,1,0,0,3.0,0,1,0,16,1,1,2,,2.0,40 02:57.000,2.0,2,75 00:05.399,3,0,0,1,67301,0,0,0,N,0,0,0,2,67301,0,,1,1,,N,N,,0,,1,0,0,0,0,Y,1615,1,2,0,0,0,0,0,3,4,0,2,3,,N,,,,,,,,,,,
2006094417,245.0,0,0,0,0,0,0,0,0,0,7,0,,67,8,2006,5,40.1088,-75.0015,245.0,6,0,0,0,0,0,0,0,0,2.0,0,0,0,2,3,1,0,,1.0,40 06:31.586,4.0,0,75 00:05.558,3,0,0,1,67301,0,0,0,N,0,0,0,1,67301,0,,4,1,,N,N,,0,,1,0,0,0,0,N,240,1,1,0,0,0,0,0,3,4,0,1,3,,N,,,,,,,,,,,
2006094427,1126.0,2,0,0,0,0,0,0,0,0,4,0,,67,7,2006,1,40.0107,-75.1508,1125.0,6,0,0,0,0,0,0,0,0,,0,0,0,11,1,5,1,,0.0,40 00:38.000,,0,75 09:03.485,4,0,0,0,67301,0,0,0,N,0,0,0,6,67301,5,,1,1,,N,N,,0,,0,0,0,3,3,,1125,5,2,0,0,0,0,1,3,4,0,2,3,,N,,,,,,,,,,,
2006081689,1127.0,2,0,0,0,0,0,0,0,0,4,0,,67,6,2006,4,39.9842,-75.0991,1124.0,6,0,0,0,1,0,0,1,0,,0,0,0,99,1,1,1,,0.0,39 59:03.000,,0,75 05:56.373,8,0,0,0,67301,0,0,0,N,0,0,0,2,67301,0,,1,1,,N,N,,0,,0,0,0,0,0,,9999,1,2,0,0,2,1,0,3,4,0,2,3,,N,,,,,,,,,,,
2006116115,755.0,1,0,0,0,0,0,0,0,0,8,0,,67,10,2006,2,40.044,-75.1026,750.0,6,0,0,0,0,0,0,0,0,,0,0,0,7,1,1,1,,0.0,40 02:38.000,,0,75 06:09.532,4,0,0,0,67301,1,0,0,N,1,0,0,2,67301,1,,1,1,,N,N,,0,,0,0,0,3,2,,750,1,2,0,0,1,0,0,3,4,0,1,3,,N,,,,,,,,,,,
2006118625,2249.0,0,0,0,0,0,0,0,0,0,7,0,,67,10,2006,1,40.0054,-75.0763,2241.0,6,0,0,0,0,0,0,0,0,1.0,0,0,0,22,3,1,0,,2.0,40 00:20.000,1.0,2,75 04:34.040,4,0,0,1,67301,0,0,0,N,0,0,0,1,67301,1,,2,1,,N,N,,0,,0,0,0,0,0,Y,2238,1,1,0,0,0,0,0,3,4,0,1,3,,N,,,,,,,,,,,
2006036487,1043.0,2,0,0,0,0,0,0,0,0,4,0,,67,1,2006,6,39.9879,-75.1558,1040.0,6,0,0,0,0,0,1,0,0,3.0,0,0,0,10,1,3,1,,2.0,39 59:16.000,2.0,0,75 09:21.376,8,0,0,0,67301,0,0,0,N,0,0,0,3,67301,0,,1,1,,N,N,,0,,0,0,0,3,2,Y,1030,3,2,0,0,0,3,0,3,4,0,2,3,,N,,,,,,,,,,,
2006036596,834.0,1,0,0,0,0,0,1,0,0,1,1,,67,3,2006,2,39.9883,-75.254,829.0,6,0,0,0,0,0,1,0,0,,0,0,0,8,1,2,1,,0.0,39 59:17.000,,0,75 15:14.303,4,0,0,0,67301,0,0,0,N,0,0,0,7,67301,2,,4,1,,Y,N,,0,,0,0,1,9,2,,825,2,4,0,0,0,0,0,3,4,1,4,3,,N,,,,,,,,,,,
2006036640,1036.0,2,0,0,0,0,0,0,0,0,1,0,,67,2,2006,6,39.9405,-75.1874,1036.0,6,0,0,0,0,0,0,1,0,,0,0,0,10,1,1,5,,0.0,39 56:25.699,,0,75 11:14.495,8,0,0,0,67301,0,0,0,N,0,0,0,2,67301,0,,1,1,,N,N,,0,,0,0,0,3,2,,1035,1,2,0,0,0,1,1,3,4,0,2,3,,N,,,,,,,,,,,
2006102777,515.0,1,0,0,0,0,0,0,0,0,7,0,,67,9,2006,6,,,510.0,6,0,0,0,0,0,0,0,0,1.0,0,0,0,5,3,1,0,,1.0,,3.0,0,,4,0,0,0,67301,0,0,0,N,0,0,0,1,67301,1,,2,9,,N,N,,0,,0,0,0,0,0,N,510,1,1,0,0,0,0,0,3,3,0,1,7,,N,,,,,,,,,,,
2006102786,230.0,0,0,0,0,0,0,0,0,0,0,0,,67,7,2006,1,40.0096,-75.2075,226.0,6,0,0,0,0,0,0,0,0,1.0,0,0,0,2,3,1,0,,1.0,40 00:35.000,3.0,6,75 12:29.650,2,0,1,1,67301,0,0,0,N,0,0,0,1,67301,0,,4,1,,N,N,,0,,0,1,0,0,0,N,226,1,1,0,0,0,0,0,3,4,0,1,3,,N,,,,,,,,,,,
2006035954,1755.0,1,0,0,0,0,0,0,0,0,8,0,,67,2,2006,2,,,1741.0,6,0,0,0,0,0,0,0,0,,0,0,0,17,3,1,1,,0.0,,,0,,3,0,0,0,67301,1,0,0,,1,0,0,2,67301,0,,1,1,,N,N,,0,,1,0,0,9,3,,1733,1,2,0,0,0,0,1,3,3,0,1,3,,N,,,,,,,,,,,
2006048069,1051.0,1,0,0,0,0,0,0,0,0,8,0,,67,3,2006,1,,,1051.0,6,0,0,0,0,0,0,0,0,,1,0,0,10,1,0,1,,0.0,,,0,,1,0,0,0,67301,1,1,0,N,1,1,0,2,67301,0,2.0,1,1,,N,N,,0,0.0,0,0,0,3,2,,1050,0,2,0,0,0,0,0,3,3,0,1,3,,N,,,,,,,,,,,
2006032581,945.0,1,0,0,0,0,0,0,0,0,8,0,,67,2,2006,3,39.9478,-75.2274,942.0,6,0,0,0,0,0,0,0,0,,0,0,0,9,1,1,2,,0.0,39 56:52.000,,0,75 13:38.843,4,0,0,0,67301,1,0,0,,1,0,0,2,67301,1,,1,1,,N,N,,0,,0,0,0,9,3,,942,1,2,0,0,0,0,0,3,4,0,1,3,,N,,,,,,,,,,,
2006037750,9999.0,1,0,0,0,0,0,0,0,0,7,0,,67,1,2006,3,40.0248,-75.1097,9999.0,6,0,0,0,0,0,0,0,0,,0,0,0,2,3,0,3,,0.0,40 01:29.000,,0,75 06:34.979,9,0,0,0,67301,0,0,0,N,0,0,0,1,67301,0,,4,1,,N,N,,0,,0,0,1,9,2,,238,0,2,0,0,0,0,1,3,4,0,2,3,,N,,,,,,,,,,,
2006037789,1756.0,0,0,0,0,0,0,0,0,0,8,0,,67,2,2006,4,,,1751.0,6,0,0,0,0,0,0,0,0,,0,0,0,17,3,2,1,,0.0,,,0,,4,0,0,0,67301,2,0,0,N,2,0,0,3,67301,1,,1,1,,N,N,,0,,0,0,1,3,2,,1745,2,3,0,0,0,1,0,3,3,0,1,3,,N,,,,,,,,,,,
2006037802,35.0,2,0,0,0,0,0,0,0,0,5,0,,67,2,2006,7,40.077,-74.9645,31.0,6,0,0,0,0,0,0,0,0,,0,0,0,0,3,0,3,,0.0,40 04:38.000,,0,74 57:52.525,0,0,0,0,67301,0,0,0,N,0,0,0,2,67301,0,,1,1,,N,N,,0,,0,0,0,0,0,,25,0,2,0,0,0,0,0,3,4,0,2,3,,N,,,,,,,,,,,
2006081720,912.0,0,0,0,0,0,0,1,0,0,8,1,,67,5,2006,4,40.0327,-75.0722,908.0,6,0,0,0,0,0,1,0,0,,0,0,0,9,1,1,1,,0.0,40 01:57.000,,0,75 04:20.006,3,0,0,0,67301,1,0,0,,1,0,0,2,67301,0,,1,1,,N,N,,0,,1,0,0,3,2,,900,1,2,0,0,0,0,0,3,4,0,1,3,,N,,,,,,,,,,,
2006081753,1335.0,2,0,0,0,0,0,0,0,0,1,0,,67,6,2006,1,,,1330.0,6,0,0,0,1,0,0,0,0,,0,0,0,99,1,1,0,,0.0,,,0,,4,0,0,0,67301,0,0,0,,0,0,0,2,67301,1,,1,1,,N,N,,0,,0,0,0,9,2,,9999,1,2,0,0,0,0,1,3,3,0,2,3,,N,,,,,,,,,,,
2006079624,1209.0,2,0,0,0,0,0,0,0,0,1,0,,67,6,2006,3,40.0257,-75.1216,1205.0,6,0,0,0,0,0,1,0,0,,0,0,0,11,1,1,0,,0.0,40 01:32.520,,0,75 07:17.760,4,0,0,0,67301,1,0,0,N,0,0,0,3,67301,1,,1,1,,N,N,,0,,0,0,0,0,0,,1145,1,3,0,0,0,0,1,3,4,1,3,3,,N,,,,,,,,,,,
2006079643,2338.0,2,0,0,0,0,0,0,0,0,4,0,,67,6,2006,6,40.0317,-75.0365,2338.0,6,0,0,0,0,0,0,0,0,,0,0,0,23,3,2,2,,0.0,40 01:54.000,,0,75 02:11.557,8,0,0,0,67301,0,0,0,N,0,0,0,3,67301,0,,1,1,,N,N,,1,,0,0,1,0,0,,2338,2,5,0,0,0,2,1,3,4,1,5,3,,N,,,,,,,,,,,
2006079904,825.0,3,0,0,0,0,0,0,0,0,4,0,,67,6,2006,2,,,816.0,6,0,0,1,0,0,0,0,0,2.0,0,0,0,8,1,0,0,,1.0,,4.0,0,,0,0,0,0,67301,0,0,0,N,0,0,0,2,67301,0,,6,1,,N,N,,0,,0,0,0,0,0,Y,806,0,4,0,0,0,0,0,3,3,1,4,3,,N,,,,,,,,,,,
2006079926,2150.0,0,0,0,0,0,0,0,0,0,4,0,,67,6,2006,7,40.056,-75.1584,2150.0,6,0,0,0,1,0,0,0,0,,0,0,0,21,3,1,2,,0.0,40 03:21.661,,0,75 09:30.110,3,0,0,1,67301,0,0,0,,0,0,0,2,67301,0,,1,1,,,,,0,,1,0,1,0,0,,2150,1,2,0,0,0,0,0,3,4,0,2,3,,N,,,,,,,,,,,
2006018660,810.0,0,0,0,0,0,0,0,0,0,7,0,,67,1,2006,3,40.0923,-74.9787,804.0,6,0,0,0,0,0,0,0,0,,0,0,0,7,1,1,2,,0.0,40 05:32.341,,0,74 58:43.330,3,0,0,0,67301,0,0,0,,0,0,0,1,67301,0,,5,2,,N,N,,0,,1,0,2,0,0,,750,1,2,0,0,0,0,0,3,4,0,2,98,,N,,,,,,,,,,,
2006018662,613.0,1,0,0,0,0,0,0,0,0,7,0,,67,1,2006,7,40.0566,-75.0132,611.0,6,0,0,0,0,0,0,0,0,,0,0,0,99,3,0,1,,0.0,40 03:23.000,,0,75 00:46.083,0,0,0,0,67301,0,0,0,N,0,0,0,1,67301,0,,4,1,,N,N,,0,,0,0,0,3,2,,9999,0,1,0,0,1,0,0,3,4,0,1,3,,N,,,,,,,,,,,
2007030310,725.0,0,0,0,0,0,0,0,0,0,8,0,,67,12,2006,5,40.0097,-75.196,725.0,6,0,0,0,0,0,0,0,0,,0,0,0,7,1,1,2,,0.0,40 00:34.000,,0,75 11:45.583,4,0,0,0,67301,1,0,0,,1,0,0,2,67301,1,,1,1,,N,N,,0,,0,0,1,0,0,,724,1,2,0,0,0,0,0,3,4,0,1,3,,N,,,,,,,,,,,
2007023100,1305.0,2,0,0,0,0,0,0,0,0,4,0,,67,12,2006,3,40.0181,-75.1345,1300.0,6,0,0,0,0,0,1,0,0,,0,0,0,12,1,2,1,,0.0,40 01:05.185,,99,75 08:04.246,4,0,0,0,67301,0,0,0,,0,0,0,2,67301,2,,1,1,,,,,0,,0,0,0,3,2,,1255,2,2,0,0,0,0,0,3,4,0,2,3,,N,,,,,,,,,,,
2007023147,1047.0,7,0,0,0,0,0,0,0,0,4,0,,67,12,2006,5,,,1046.0,6,0,0,0,1,0,0,0,0,5.0,0,0,0,10,1,1,0,,2.0,,5.0,0,,8,0,0,0,67301,0,0,0,N,0,0,0,1,67301,0,,1,1,,N,N,,0,,0,0,0,0,0,Y,1046,1,7,0,0,1,1,0,3,3,0,7,3,,N,,,,,,,,,,,
2007032568,,2,0,0,0,0,0,0,0,0,1,0,,67,6,2006,3,40.0037,-75.14,,6,0,0,0,0,0,0,0,0,,0,0,0,6,5,0,0,,0.0,40 00:13.291,,0,75 08:24.050,9,0,0,0,67301,0,0,0,,0,0,0,2,00000,0,,1,98,,,,,0,,0,0,0,0,0,,648,0,2,0,0,0,0,1,3,4,0,2,99,,N,,,,,,,,,,,
2007034523,,1,0,0,0,0,0,0,0,0,1,0,,67,5,2006,6,40.0087,-75.2104,,6,0,0,0,0,0,0,0,0,,0,0,0,17,1,1,1,,0.0,40 00:31.000,,0,75 12:37.521,8,0,0,0,67301,0,0,0,N,0,0,0,2,,0,,1,1,,N,N,,0,,0,0,1,3,2,,1700,1,2,0,0,0,1,1,3,4,0,2,3,,N,,,,,,,,,,,
2007008394,1958.0,1,0,0,0,0,0,0,0,0,4,0,,67,11,2006,2,40.0201,-75.1259,1950.0,6,0,0,0,0,0,0,0,0,,0,0,0,19,3,2,0,,0.0,40 01:12.410,,0,75 07:33.063,4,0,0,0,67301,1,0,0,N,0,0,0,3,67301,2,,4,9,,N,N,,0,,0,0,1,0,0,,1940,2,3,0,0,0,0,0,3,4,1,3,7,,N,,,,,,,,,,,
2007008429,1107.0,1,0,0,0,0,0,0,0,0,6,0,,67,11,2006,3,40.0544,-75.1479,1101.0,6,0,0,0,0,0,1,0,0,,0,0,0,10,1,3,1,,0.0,40 03:15.962,,0,75 08:52.411,8,0,0,0,67301,0,0,0,N,0,0,0,3,67301,0,,1,1,,N,N,,1,,0,0,0,3,2,,1058,3,2,0,0,0,3,0,3,4,0,2,3,,N,,,,,,,,,,,
2007008452,2035.0,1,0,0,0,0,0,0,0,0,4,0,,67,12,2006,2,39.9038,-75.1738,2035.0,6,0,0,0,0,0,0,0,0,1.0,0,0,0,20,3,2,1,,1.0,39 54:13.000,1.0,0,75 10:25.827,8,0,0,0,67301,0,0,0,N,0,0,0,2,67301,0,,1,1,,N,N,,0,,0,0,1,3,2,Y,2030,2,2,0,0,2,2,0,3,4,0,2,3,,N,,,,,,,,,,,
2007008473,1747.0,3,0,0,0,0,0,0,0,0,1,0,,67,11,2006,5,40.0403,-75.0585,1745.0,6,0,0,0,0,0,2,0,0,1.0,0,0,0,17,3,1,1,,1.0,40 02:25.000,2.0,0,75 03:30.718,3,0,0,0,67301,0,0,0,N,0,0,0,3,67301,0,,1,1,,N,N,,0,,1,0,0,3,2,Y,1745,1,3,0,0,0,0,0,3,4,0,3,3,,N,,,,,,,,,,,
2007008475,1415.0,2,0,0,0,0,0,0,0,0,4,0,,67,11,2006,7,40.0478,-75.0602,1410.0,6,0,0,0,0,0,0,0,0,1.0,0,0,0,14,1,1,0,,1.0,40 02:51.000,3.0,7,75 03:36.561,4,0,0,0,67301,0,0,0,N,0,0,0,2,67301,1,,3,1,,N,N,,0,,0,0,0,0,0,N,1400,1,2,0,0,0,0,0,3,4,0,2,3,,N,,,,,,,,,,,
2007008505,1701.0,1,0,0,1,0,0,0,0,0,4,0,,67,11,2006,5,39.9535,-75.2067,1700.0,6,0,0,0,0,0,0,0,0,,0,0,0,16,3,1,1,,0.0,39 57:12.420,,0,75 12:24.004,8,0,0,0,67301,1,0,0,,0,0,0,2,67301,0,,1,9,,N,N,,0,,0,0,0,0,0,,1658,1,2,0,0,0,1,1,3,4,0,1,7,,N,,,,,,,,,,,
2007008818,20.0,2,0,0,0,0,0,0,0,0,4,0,,67,11,2006,7,40.0345,-75.0482,15.0,6,0,0,0,0,0,0,0,1,,0,0,0,23,3,3,1,,0.0,40 02:04.164,,0,75 02:53.357,4,0,0,0,67301,0,0,0,N,0,0,0,3,67301,3,,1,9,,N,N,,0,,0,0,0,3,3,,2320,3,2,0,0,0,0,0,3,4,0,2,7,,N,,,,,,,,,,,
2007034402,,1,0,0,0,0,0,0,0,0,1,0,,67,4,2006,4,40.0104,-75.1509,,6,0,0,0,0,0,0,0,0,,0,0,0,13,1,1,0,,0.0,40 00:37.000,,0,75 09:03.094,8,0,0,0,67301,0,0,0,N,0,0,0,2,,0,,1,1,,N,N,,0,,0,0,1,0,0,,1315,1,2,0,0,0,1,0,3,4,0,2,3,,N,,,,,,,,,,,
2006055061,1917.0,0,0,0,0,0,0,0,0,0,8,0,,67,3,2006,4,,,1915.0,6,0,0,0,0,0,0,0,0,,0,0,0,19,2,1,0,,0.0,,,0,,3,0,0,0,67301,1,0,0,,1,0,0,2,67301,0,,1,1,,,,,0,,1,0,1,0,0,,1910,1,2,0,0,0,0,0,3,3,0,1,3,,N,,,,,,,,,,,
2006094169,821.0,2,0,0,0,0,0,0,0,0,4,0,,67,7,2006,6,40.071,-75.0378,815.0,6,0,0,0,0,0,0,0,0,1.0,0,0,0,8,1,1,1,,1.0,40 04:16.000,2.0,0,75 02:17.829,4,0,0,0,67301,0,0,0,N,0,0,0,3,67301,1,,1,1,,N,N,,0,,0,0,0,3,2,Y,805,1,2,0,0,0,0,0,3,4,0,2,3,,N,,,,,,,,,,,
2006094221,915.0,1,0,0,0,0,0,0,0,0,7,0,,67,7,2006,3,,,907.0,6,0,0,0,0,0,0,0,0,,0,0,0,9,1,1,0,,0.0,,,0,,3,0,0,0,67301,0,0,0,N,0,0,0,1,67301,0,,5,1,,N,N,,0,,1,0,0,0,0,,900,1,1,0,0,0,0,0,3,3,0,1,3,,N,,,,,,,,,,,
2006094231,2038.0,2,0,0,0,0,0,0,0,0,4,0,,67,7,2006,6,40.0086,-75.0688,2038.0,6,0,0,0,0,1,0,0,0,,0,0,0,20,3,2,1,,0.0,40 00:31.000,,0,75 04:07.914,8,0,0,0,67301,0,0,0,N,0,0,0,3,67301,0,,1,1,,N,N,,0,,0,0,0,3,2,,2037,2,2,0,0,0,2,1,3,4,0,2,3,,N,,,,,,,,,,,
2006094449,2355.0,0,0,0,0,0,0,0,0,0,8,0,,67,7,2006,5,40.0352,-75.222,2345.0,6,0,0,0,0,0,0,0,0,,0,0,0,20,3,1,1,,0.0,40 02:06.705,,0,75 13:19.289,4,0,0,0,67301,1,0,0,N,1,0,0,2,67301,1,,1,9,,N,N,,0,,0,0,0,3,3,,2030,1,2,0,0,0,0,0,3,4,0,1,7,,N,,,,,,,,,,,
2006081685,307.0,1,0,0,0,0,0,0,0,0,7,0,,67,6,2006,6,40.0316,-75.1173,303.0,6,0,0,0,0,0,0,0,0,,0,0,0,2,3,1,1,,0.0,40 01:53.000,,0,75 07:02.323,4,0,0,0,67301,0,0,0,N,0,0,0,2,67301,1,,4,1,,N,N,,0,,0,0,0,3,3,,258,1,1,0,0,0,0,0,3,4,0,1,3,,N,,,,,,,,,,,
2006063835,1240.0,0,0,0,0,0,0,0,0,0,4,0,,67,5,2006,7,39.9561,-75.1849,1235.0,6,0,0,0,0,0,0,0,0,,0,0,0,12,1,1,0,,0.0,39 57:22.000,,0,75 11:05.108,4,0,0,1,67301,0,0,0,N,0,0,0,2,67301,1,,1,1,,N,N,,0,,0,0,1,0,0,,1235,1,2,0,0,0,0,0,3,4,0,2,3,,N,,,,,,,,,,,