CRN,ARRIVAL_TM,AUTOMOBILE_COUNT,BELTED_DEATH_COUNT,BELTED_SUSP_SERIOUS_INJ_COUNT,BICYCLE_COUNT,BICYCLE_DEATH_COUNT,BICYCLE_SUSP_SERIOUS_INJ_COUNT,BUS_COUNT,CHLDPAS_DEATH_COUNT,CHLDPAS_SUSP_SERIOUS_INJ_COUNT,COLLISION_TYPE,COMM_VEH_COUNT,CONS_ZONE_SPD_LIM,COUNTY,CRASH_MONTH,CRASH_YEAR,DAY_OF_WEEK,DEC_LAT,DEC_LONG,DISPATCH_TM,DISTRICT,DRIVER_COUNT_16YR,DRIVER_COUNT_17YR,DRIVER_COUNT_18YR,DRIVER_COUNT_19YR,DRIVER_COUNT_20YR,DRIVER_COUNT_50_64YR,DRIVER_COUNT_65_74YR,DRIVER_COUNT_75PLUS,EST_HRS_CLOSED,FATAL_COUNT,HEAVY_TRUCK_COUNT,HORSE_BUGGY_COUNT,HOUR_OF_DAY,ILLUMINATION,INJURY_COUNT,INTERSECT_TYPE,INTERSECTION_RELATED,LANE_CLOSED,LATITUDE,LN_CLOSE_DIR,LOCATION_TYPE,LONGITUDE,MAX_SEVERITY_LEVEL,MCYCLE_DEATH_COUNT,MCYCLE_SUSP_SERIOUS_INJ_COUNT,MOTORCYCLE_COUNT,MUNICIPALITY,NONMOTR_COUNT,NONMOTR_DEATH_COUNT,NONMOTR_SUSP_SERIOUS_INJ_COUNT,NTFY_HIWY_MAINT,PED_COUNT,PED_DEATH_COUNT,PED_SUSP_SERIOUS_INJ_COUNT,PERSON_COUNT,POLICE_AGCY,POSSIBLE_INJ_COUNT,RDWY_SURF_TYPE_CD,RELATION_TO_ROAD,ROAD_CONDITION,ROADWAY_CLEARED,SCH_BUS_IND,SCH_ZONE_IND,SECONDARY_CRASH,SMALL_TRUCK_COUNT,SPEC_JURIS_CD,SUSP_MINOR_INJ_COUNT,SUSP_SERIOUS_INJ_COUNT,SUV_COUNT,TCD_FUNC_CD,TCD_TYPE,TFC_DETOUR_IND,TIME_OF_DAY,TOT_INJ_COUNT,TOTAL_UNITS,UNB_DEATH_COUNT,UNB_SUSP_SERIOUS_INJ_COUNT,UNBELTED_OCC_COUNT,UNK_INJ_DEG_COUNT,UNK_INJ_PER_COUNT,URBAN_AREA,URBAN_RURAL,VAN_COUNT,VEHICLE_COUNT,WEATHER1,WEATHER2,WORK_ZONE_IND,WORK_ZONE_LOC,WORK_ZONE_TYPE,WORKERS_PRES,WZ_CLOSE_DETOUR,WZ_FLAGGER,WZ_LAW_OFFCR_IND,WZ_LN_CLOSURE,WZ_MOVING,WZ_OTHER,WZ_SHLDER_MDN,WZ_WORKERS_INJ_KILLED
2006056421,2130.0,1,0,0,0,0,0,0,0,0,6,0,,67,3,2006,4,39.9916,-75.1362,2125.0,6,0,0,0,0,0,0,0,0,,0,0,0,21,3,1,1,,0.0,39 59:29.000,,0,75 08:10.419,4,0,0,0,67301,0,0,0,N,0,0,0,2,67301,1,,1,1,,N,N,,0,,0,0,0,3,2,,2125,1,2,0,0,0,0,0,3,4,1,2,3,,N,,,,,,,,,,,
2006056448,1706.0,2,0,0,0,0,0,0,0,0,5,0,,67,2,2006,2,,,1704.0,6,0,0,0,0,0,1,0,0,,0,0,0,17,1,2,0,,0.0,,,0,,3,0,0,0,67301,0,0,0,,0,0,0,4,67301,1,,1,1,,,,,1,,1,0,0,0,0,,1703,2,3,0,0,2,0,0,3,3,0,3,3,,N,,,,,,,,,,,
2006054011,251.0,0,0,0,0,0,0,0,0,0,4,0,,67,3,2006,6,39.9207,-75.1411,249.0,6,0,0,0,0,0,1,0,0,2.0,0,0,0,2,3,1,1,,1.0,39 55:14.000,2.0,0,75 08:28.641,4,0,0,0,67301,0,0,0,N,0,0,0,3,67301,1,,1,1,,,,,0,,0,0,1,0,0,N,230,1,2,0,0,0,0,0,3,4,0,2,3,,N,,,,,,,,,,,
2006054019,2346.0,2,0,0,0,0,0,0,0,0,1,0,,67,3,2006,7,39.9594,-75.1738,2340.0,6,0,1,0,0,0,0,0,0,1.0,0,0,0,23,3,1,0,,2.0,39 57:34.000,4.0,0,75 10:31.129,4,0,0,0,67301,0,0,0,N,0,0,0,3,67301,1,,1,1,,N,N,,0,,0,0,0,0,0,N,2338,1,2,0,0,0,0,0,3,4,0,2,3,,N,,,,,,,,,,,
2006036570,1509.0,2,0,0,0,0,0,0,0,0,4,0,,67,2,2006,4,40.0112,-75.1416,1500.0,6,0,0,0,0,0,1,0,0,,0,0,0,14,1,1,1,,0.0,40 00:40.140,,0,75 08:29.662,4,0,0,0,67301,0,0,0,N,0,0,0,3,67301,1,,1,1,,N,N,,0,,0,0,0,9,3,,1453,1,2,0,0,0,0,1,3,4,0,2,3,,N,,,,,,,,,,,
2006036647,1817.0,1,0,0,1,0,0,0,0,0,4,0,,67,2,2006,5,40.0372,-75.1663,1814.0,6,0,0,0,0,0,0,0,0,,0,0,0,16,3,1,0,,0.0,40 02:13.909,,0,75 09:58.809,8,0,0,0,67301,1,0,0,N,0,0,0,2,67301,0,,1,1,,N,N,,0,,0,0,0,0,0,,1610,1,2,0,0,0,1,0,3,4,0,1,3,,N,,,,,,,,,,,
2006036659,1852.0,1,0,0,0,0,0,0,0,0,8,0,,67,2,2006,4,39.9651,-75.2038,1847.0,6,0,0,0,0,0,0,0,1,,0,0,0,18,3,1,1,,0.0,39 57:54.180,,0,75 12:13.503,4,0,0,0,67301,1,0,0,N,1,0,0,2,67301,1,,1,1,,N,N,,0,,0,0,0,0,0,,1830,1,2,0,0,0,0,0,3,4,0,1,3,,N,,,,,,,,,,,
2006034206,1055.0,0,0,0,0,0,0,0,0,0,4,1,,67,2,2006,6,39.8975,-75.2525,1052.0,6,0,0,0,0,0,0,0,0,,0,1,0,10,1,2,1,,0.0,39 53:51.000,,0,75 15:08.939,4,0,0,0,67301,0,0,0,,0,0,0,2,67301,2,,1,9,,N,N,,0,,0,0,1,3,2,,1018,2,2,0,0,0,0,0,3,4,0,2,3,,N,,,,,,,,,,,
2006024608,5.0,1,0,0,0,0,0,0,0,0,7,0,,67,1,2006,6,40.0118,-75.076,5.0,6,0,0,0,1,0,0,0,0,,0,0,0,0,3,1,0,,0.0,40 00:42.000,,0,75 04:34.090,8,0,0,0,67301,0,0,0,,0,0,0,4,67301,0,,5,1,,N,N,,0,,0,0,0,0,0,,5,1,1,0,0,4,1,0,3,4,0,1,3,,N,,,,,,,,,,,
2006024616,258.0,2,0,0,0,0,0,0,0,0,1,0,,67,1,2006,2,,,255.0,6,0,0,0,0,1,0,0,0,1.0,0,0,0,2,3,6,0,,1.0,,2.0,0,,4,0,0,0,67301,0,0,0,N,0,0,0,6,67301,6,,2,9,,N,N,,0,,0,0,0,0,0,N,253,6,2,0,0,0,0,0,3,3,0,2,7,,N,,,,,,,,,,,
2006014529,923.0,2,0,0,0,0,0,0,0,0,1,0,,67,1,2006,2,39.9856,-75.2585,923.0,6,0,0,0,0,0,1,1,0,,0,0,0,9,1,0,0,,0.0,39 59:08.000,,0,75 15:30.515,0,0,0,0,67301,0,0,0,N,0,0,0,2,46104,0,,1,9,,N,N,,0,,0,0,0,3,1,,920,0,2,0,0,0,0,0,3,4,0,2,7,,N,,,,,,,,,,,
2006102746,8.0,2,0,0,0,0,0,0,0,0,1,0,,67,8,2006,2,39.953,-75.1988,5.0,6,0,0,0,0,0,0,0,0,,0,0,0,0,3,0,1,,0.0,39 57:13.000,,0,75 11:55.172,9,0,0,0,67301,0,0,0,N,0,0,0,1,67301,0,,1,9,,N,N,,0,,0,0,0,0,0,,5,0,2,0,0,0,0,1,3,4,0,2,7,,N,,,,,,,,,,,
2006103153,925.0,1,0,0,0,0,0,0,0,0,4,0,,67,9,2006,2,40.0125,-75.1505,923.0,6,0,0,0,0,0,1,0,0,,0,0,0,9,1,2,0,,0.0,40 00:44.000,,0,75 09:02.556,3,0,0,0,67301,0,0,0,N,0,0,0,3,67301,0,,1,1,,N,N,,0,,1,0,1,0,0,,915,2,2,0,0,3,1,1,3,4,0,2,3,,N,,,,,,,,,,,
2006103164,805.0,0,0,0,0,0,0,0,0,0,8,0,,67,8,2006,2,39.9772,-75.2268,800.0,6,0,0,0,0,0,0,0,0,,0,0,0,8,1,1,2,,0.0,39 58:38.000,,0,75 13:36.778,8,0,0,0,67301,1,0,0,N,1,0,0,2,67301,0,,1,1,,N,N,,1,,0,0,0,0,0,,800,1,2,0,0,0,1,0,3,4,0,1,3,,N,,,,,,,,,,,
2006102809,119.0,0,0,0,0,0,0,1,0,0,7,1,,67,8,2006,2,39.9547,-75.1495,115.0,6,0,0,0,0,0,0,0,0,,0,0,0,1,3,1,1,,0.0,39 57:16.000,,0,75 08:58.276,8,0,0,0,67301,0,0,0,N,0,0,0,1,67301,0,,4,8,,N,N,,0,,0,0,0,3,2,,113,1,2,0,0,0,1,0,3,4,0,1,7,,N,,,,,,,,,,,
2006102810,1825.0,1,0,0,0,0,0,0,0,0,0,0,,67,9,2006,5,39.9452,-75.1427,1823.0,6,0,0,0,0,0,0,0,0,,0,0,0,15,1,0,3,,0.0,39 56:30.840,,2,75 08:35.520,0,0,0,0,67301,0,0,0,N,0,0,0,2,67301,0,,1,1,,N,N,,1,,0,0,0,0,0,,1540,0,2,0,0,0,0,0,3,4,0,2,3,,N,,,,,,,,,,,
2006081721,1030.0,2,0,0,0,0,0,0,0,0,1,0,,67,6,2006,2,40.0403,-75.0584,1021.0,6,0,0,0,0,0,0,0,0,,0,0,0,10,1,2,1,,0.0,40 02:24.000,,0,75 03:30.458,4,0,0,0,67301,0,0,0,N,0,0,0,4,67301,1,,1,9,,N,N,,0,,0,0,0,3,2,,1015,2,2,0,0,0,1,0,3,4,0,2,7,,N,,,,,,,,,,,
2006081722,1210.0,1,0,0,0,0,0,0,0,0,8,0,,67,6,2006,5,,,1155.0,6,0,0,0,0,0,0,0,0,,0,0,0,10,1,1,2,,0.0,,,0,,8,0,0,0,67301,1,0,0,N,1,0,0,2,67301,0,,1,1,,N,N,,0,,0,0,0,9,9,,1000,1,2,0,0,0,1,1,3,3,0,1,3,,N,,,,,,,,,,,
2006082021,1435.0,1,0,0,0,0,0,0,0,0,1,0,,67,7,2006,3,40.0303,-75.085,1431.0,6,0,0,0,0,0,0,0,0,,0,0,0,13,1,1,1,,0.0,40 01:49.116,,0,75 05:06.064,4,0,0,0,67301,0,0,0,N,0,0,0,3,67301,1,,1,1,,N,N,,0,,0,0,0,3,2,,1340,1,2,0,0,0,0,1,3,4,1,2,3,,N,,,,,,,,,,,
2006082099,1107.0,2,0,0,0,0,0,0,0,0,6,0,,67,5,2006,4,40.0337,-75.1458,1102.0,6,0,0,0,0,0,0,0,1,,0,0,0,11,1,1,2,,0.0,40 02:01.000,,0,75 08:45.097,8,0,0,0,67301,0,0,0,N,0,0,0,2,67301,0,,1,1,,N,N,,0,,0,0,0,3,2,,1100,1,2,0,0,0,1,0,3,4,0,2,3,,N,,,,,,,,,,,
2006082521,500.0,2,0,0,0,0,0,0,0,0,6,0,,67,6,2006,6,39.9915,-75.1349,455.0,6,0,0,0,0,0,1,0,0,,0,0,0,3,3,2,1,,0.0,39 59:29.000,,0,75 08:05.806,4,0,0,0,67301,0,0,0,,0,0,0,4,67301,2,,1,9,,N,N,,0,,0,0,0,9,2,,350,2,2,0,0,0,0,1,3,4,0,2,7,,N,,,,,,,,,,,
2006026144,626.0,1,0,0,0,0,0,0,0,0,4,0,,67,1,2006,5,39.904,-75.2401,622.0,6,0,0,0,0,0,0,0,0,1.0,0,0,0,6,3,1,1,,2.0,39 54:14.000,3.0,0,75 14:25.203,8,0,0,0,67301,0,0,0,,0,0,0,4,67301,0,,1,9,,N,N,,0,,0,0,0,3,2,N,620,1,2,0,0,0,1,1,3,4,0,2,98,,N,,,,,,,,,,,
2006018651,1644.0,0,0,0,0,0,0,0,0,0,4,0,,67,1,2006,4,40.0446,-75.0694,1640.0,6,0,0,0,0,0,1,0,0,,0,0,0,16,2,2,1,,0.0,40 02:40.383,,0,75 04:09.980,3,0,0,0,67301,0,0,0,N,0,0,0,3,67301,0,,1,9,,N,N,,1,,1,0,1,9,3,,1643,2,2,0,0,0,1,1,3,4,0,2,3,,N,,,,,,,,,,,
2006018667,1316.0,1,0,0,0,0,0,1,0,0,4,1,,67,1,2006,6,40.0324,-75.1076,1310.0,6,0,0,0,0,0,1,0,0,,0,0,0,13,1,0,2,,0.0,40 01:56.805,,0,75 06:27.205,0,0,0,0,67301,0,0,0,,0,0,0,5,67301,0,,1,1,,Y,N,,0,,0,0,0,9,3,,1304,0,2,0,0,0,0,0,3,4,0,2,3,,N,,,,,,,,,,,
2007006825,1200.0,2,0,0,0,0,0,0,0,0,1,0,,67,11,2006,1,39.9388,-75.1984,1155.0,6,0,0,0,0,0,0,0,0,1.0,0,0,0,11,1,1,1,,1.0,39 56:22.000,3.0,0,75 11:53.449,8,0,0,0,67301,0,0,0,N,0,0,0,2,67301,0,,1,1,,N,N,,0,,0,0,0,3,2,Y,1150,1,2,0,0,0,1,1,3,4,0,2,3,,N,,,,,,,,,,,
2007023061,945.0,1,0,0,0,0,0,0,0,0,1,0,,67,12,2006,7,40.0666,-75.1964,943.0,6,0,0,1,0,0,0,0,0,,0,0,0,9,1,2,1,,0.0,40 03:59.000,,0,75 11:46.819,4,0,0,0,67301,0,0,0,N,0,0,0,4,67301,2,,1,9,,N,N,,0,,0,0,0,3,2,,942,2,2,0,0,0,0,0,3,4,1,2,3,,N,,,,,,,,,,,
2007020808,810.0,0,0,0,0,0,0,0,0,0,4,0,,67,12,2006,4,39.9625,-75.2162,755.0,6,0,0,0,0,0,0,0,0,,0,0,0,7,1,2,1,,0.0,39 57:44.000,,0,75 12:56.902,4,0,0,0,67301,0,0,0,,0,0,0,6,67301,2,,1,1,,N,N,,0,,0,0,2,3,2,,755,2,2,0,0,0,0,2,3,4,0,2,3,,N,,,,,,,,,,,
2007008434,652.0,1,0,0,0,0,0,0,0,0,8,0,,67,11,2006,3,40.0358,-75.1256,650.0,6,0,0,0,0,0,0,0,0,,0,0,0,6,1,1,0,,0.0,40 02:08.000,,0,75 07:32.469,4,0,0,0,67301,1,0,0,N,1,0,0,2,67301,1,,1,1,,N,N,,0,,0,0,0,0,0,,649,1,2,0,0,0,0,0,3,4,0,1,3,,N,,,,,,,,,,,
2007022064,133.0,1,0,0,0,0,0,0,0,0,7,0,,67,12,2006,5,40.0414,-75.0283,128.0,6,0,1,0,0,0,0,0,0,,0,0,0,1,3,1,1,,0.0,40 02:28.000,,0,75 01:41.719,3,0,0,0,67301,0,0,0,N,0,0,0,1,67301,0,,2,1,,N,N,,0,,1,0,0,3,2,,128,1,1,0,0,0,0,0,3,4,0,1,3,,N,,,,,,,,,,,
2007022145,1608.0,1,0,0,0,0,0,1,0,0,1,1,,67,12,2006,4,39.9837,-75.1719,1604.0,6,0,0,0,0,0,1,0,0,,0,0,0,16,1,2,0,,0.0,39 59:01.165,,0,75 10:18.987,8,0,0,0,67301,0,0,0,,0,0,0,12,67301,0,,1,1,,Y,N,,0,,0,0,0,0,0,,1604,2,2,0,0,0,2,0,3,4,0,2,3,,N,,,,,,,,,,,
2007007132,1950.0,1,0,0,0,0,0,0,0,0,8,0,,67,11,2006,3,39.9569,-75.2246,1940.0,6,0,0,0,0,0,1,0,0,,0,0,0,19,1,1,0,,0.0,39 57:24.000,,7,75 13:28.674,4,0,0,0,67301,1,0,0,,1,0,0,2,67301,1,,1,1,,N,N,,0,,0,0,0,0,0,,1940,1,2,0,0,1,0,0,3,4,0,1,3,,N,,,,,,,,,,,
2007007150,1600.0,1,0,0,0,0,0,0,0,0,8,0,,67,11,2006,4,40.0277,-75.11,1550.0,6,0,0,0,0,0,0,0,0,,0,0,0,15,1,1,1,,0.0,40 01:39.000,,0,75 06:35.808,4,0,0,0,67301,1,0,0,N,1,0,0,2,67301,1,,1,1,,N,N,,0,,0,0,0,3,2,,1549,1,2,0,0,0,0,0,3,4,0,1,3,,N,,,,,,,,,,,
2007009770,2021.0,1,0,0,0,0,0,0,0,0,1,0,,67,11,2006,3,39.9439,-75.1922,2020.0,6,0,0,0,0,0,1,0,0,1.0,0,0,0,20,2,0,0,,1.0,39 56:38.040,3.0,0,75 11:31.920,0,0,0,0,67301,0,0,0,N,0,0,0,2,67301,0,,1,1,,N,N,,1,,0,0,0,0,0,N,2020,0,2,0,0,0,0,0,3,4,0,2,3,,N,,,,,,,,,,,
2007009781,1243.0,2,0,0,0,0,0,0,0,0,5,0,,67,11,2006,2,40.0587,-75.0089,1243.0,6,0,0,0,0,0,0,0,0,,0,0,0,12,1,1,0,,0.0,40 03:31.000,,0,75 00:31.974,4,0,0,0,67301,0,0,0,N,0,0,0,2,67301,1,,1,1,,N,N,,0,,0,0,0,0,0,,1240,1,2,0,0,0,0,0,3,4,0,2,3,,N,,,,,,,,,,,
2007009817,1610.0,1,0,0,0,0,0,0,0,0,7,0,,67,12,2006,3,40.0241,-75.0351,1607.0,6,0,0,0,0,0,0,1,0,,0,0,0,16,1,1,2,,0.0,40 01:32.000,,0,75 02:12.208,8,0,0,0,67301,0,0,0,,0,0,0,1,67301,0,,5,1,,N,N,,0,,0,0,0,3,3,,1600,1,1,0,0,0,1,0,3,4,0,1,3,,N,,,,,,,,,,,
2007009848,1210.0,1,0,0,0,0,0,1,0,0,4,1,,67,11,2006,5,39.9977,-75.1232,1201.0,6,0,0,0,0,0,0,0,0,,0,0,0,11,1,3,2,,0.0,39 59:51.000,,0,75 07:23.481,4,0,0,0,67301,0,0,0,,0,0,0,4,67301,3,,1,1,,,,,0,,0,0,0,1,2,,1135,3,2,0,0,0,0,1,3,4,0,2,3,,N,,,,,,,,,,,
2006055004,1639.0,2,0,0,0,0,0,0,0,0,4,0,,67,3,2006,4,,,1637.0,6,0,0,0,0,0,0,0,0,,0,0,0,16,1,1,1,,0.0,,,0,,4,0,0,0,67301,0,0,0,N,0,0,0,5,67301,1,,1,1,,N,N,,0,,0,0,0,3,3,,1634,1,2,0,0,0,0,2,3,3,0,2,3,,N,,,,,,,,,,,
2006055125,1135.0,2,0,0,0,0,0,0,0,0,1,0,,67,2,2006,6,39.9644,-75.1777,1130.0,6,0,0,0,0,0,1,0,0,,0,0,0,11,1,0,3,,0.0,39 57:52.000,,0,75 10:40.530,0,0,0,0,67301,0,0,0,N,0,0,0,3,67301,0,,1,1,,N,N,,0,,0,0,0,3,4,,1120,0,2,0,0,0,0,0,3,4,0,2,3,,N,,,,,,,,,,,
2006094461,1405.0,0,0,0,1,0,0,0,0,0,5,0,,67,7,2006,7,39.9991,-75.1526,1354.0,6,0,0,0,0,0,1,0,0,,0,0,0,13,1,1,0,,0.0,39 59:56.652,,0,75 09:09.385,4,0,0,0,67301,1,0,0,N,0,0,0,2,67301,1,,1,1,,N,N,,1,,0,0,0,0,0,,1352,1,2,0,0,0,0,0,3,4,0,1,3,,N,,,,,,,,,,,
2006055258,1030.0,2,0,0,0,0,0,0,0,0,1,0,,67,3,2006,7,39.9928,-75.1451,1027.0,6,0,0,0,1,0,0,0,0,,0,0,0,10,1,1,5,,0.0,39 59:33.000,,0,75 08:42.547,8,0,0,0,67301,0,0,0,,0,0,0,4,67301,0,,1,1,,,,,0,,0,0,0,0,0,,1014,1,2,0,0,0,1,1,3,4,0,2,3,,N,,,,,,,,,,,
2006094350,1220.0,1,0,0,0,0,0,0,0,0,8,0,,67,7,2006,2,39.9941,-75.1562,1215.0,6,0,0,0,0,0,0,0,0,,0,0,0,12,1,1,1,,0.0,39 59:38.922,,0,75 09:22.157,4,0,0,0,67301,1,0,0,N,1,0,0,2,67301,1,,1,1,,N,N,,0,,0,0,0,3,2,,1209,1,2,0,0,0,0,0,3,4,0,1,3,,N,,,,,,,,,,,
2006094368,921.0,3,0,0,0,0,0,0,0,0,4,0,,67,7,2006,3,40.0512,-75.0661,919.0,6,0,0,0,0,0,1,0,0,3.0,0,0,0,9,1,2,1,,2.0,40 03:04.000,1.0,0,75 03:57.730,8,0,0,0,67301,0,0,0,N,0,0,0,3,67301,0,,1,1,,N,N,,0,,0,0,0,3,2,N,915,2,3,0,0,0,2,0,3,4,0,3,3,,N,,,,,,,,,,,
2006094485,1835.0,2,0,0,0,0,0,0,0,0,4,0,,67,7,2006,6,39.9194,-75.227,1830.0,6,0,0,0,0,0,0,0,0,,0,0,0,18,1,0,1,,0.0,39 55:09.927,,0,75 13:37.297,0,0,0,0,67301,0,0,0,N,0,0,0,2,67301,0,,1,1,,N,N,,0,,0,0,0,9,3,,1825,0,2,0,0,0,0,0,3,4,0,2,3,,N,,,,,,,,,,,
2006084175,834.0,0,0,0,0,0,0,0,0,0,7,0,,67,5,2006,7,39.9592,-75.2192,831.0,6,0,0,0,0,0,1,0,0,,1,0,0,8,1,0,1,,0.0,39 57:33.000,,0,75 13:09.068,1,0,0,0,67301,0,0,0,N,0,0,0,1,67301,0,2.0,4,1,,N,N,,1,0.0,0,0,0,3,2,,831,0,1,0,0,0,0,0,3,4,0,1,3,,N,,,,,,,,,,,
2006056438,2354.0,1,0,0,0,0,0,0,0,0,7,0,,67,4,2006,6,39.9909,-75.2041,2350.0,6,0,0,0,0,0,0,0,0,2.0,0,0,0,23,3,1,0,,2.0,39 59:29.000,4.0,0,75 12:09.843,4,0,0,0,67301,0,0,0,N,0,0,0,1,67301,1,,2,1,,,,,0,,0,0,0,0,0,N,2349,1,1,0,0,0,0,0,3,4,0,1,3,,N,,,,,,,,,,,
2006036482,2025.0,4,0,0,0,0,0,0,0,0,1,0,,67,2,2006,2,40.0256,-75.1223,2020.0,6,0,0,0,0,0,2,0,0,3.0,0,0,0,20,3,1,1,,2.0,40 01:32.000,1.0,0,75 07:20.437,4,0,0,0,67301,0,0,0,N,0,0,0,5,67301,1,,1,1,,N,N,,0,,0,0,0,3,2,Y,2015,1,4,0,0,0,0,0,3,4,0,4,3,,N,,,,,,,,,,,
2006034187,1210.0,1,0,0,0,0,0,0,0,0,7,0,,67,2,2006,6,39.9313,-75.1458,1201.0,6,0,0,0,1,0,0,0,0,1.0,0,0,0,12,1,1,0,,1.0,39 56:02.000,2.0,0,75 08:42.918,4,0,0,0,67301,0,0,0,N,0,0,0,2,67301,1,,2,1,,N,N,,0,,0,0,0,0,0,N,1201,1,1,0,0,0,0,0,3,4,0,1,3,,N,,,,,,,,,,,
2006036619,327.0,0,0,0,0,0,0,0,0,0,7,0,,67,2,2006,1,,,325.0,6,0,0,0,0,0,0,0,0,2.0,0,0,0,3,3,0,0,,1.0,,2.0,0,,0,0,0,0,67301,0,0,0,,0,0,0,1,67301,0,,2,2,,N,N,,0,,0,0,1,0,0,N,320,0,1,0,0,0,0,0,3,3,0,1,10,,N,,,,,,,,,,,
2006036669,815.0,1,0,0,0,0,0,0,0,0,8,0,,67,2,2006,5,40.0314,-75.056,810.0,6,0,0,0,0,0,0,0,0,,0,0,0,8,1,1,1,,0.0,40 01:52.906,,0,75 03:21.682,4,0,0,0,67301,1,0,0,N,1,0,0,2,67301,1,,1,1,,N,N,,0,,0,0,0,9,3,,800,1,2,0,0,0,0,0,3,4,0,1,3,,N,,,,,,,,,,,
2006024211,708.0,1,0,0,0,0,0,0,0,0,8,0,,67,1,2006,3,40.0043,-75.1493,702.0,6,0,0,0,0,0,0,0,0,,0,0,0,7,1,1,1,,0.0,40 00:15.436,,0,75 08:57.465,4,0,0,0,67301,1,0,0,N,1,0,0,2,67301,1,,4,1,,N,N,,0,,0,0,0,3,2,,700,1,2,0,0,0,0,0,3,4,0,1,3,,N,,,,,,,,,,,
2006024591,837.0,1,0,0,0,0,0,0,0,0,5,0,,67,1,2006,6,40.0542,-75.0714,834.0,6,0,0,0,0,0,0,0,0,,0,0,0,8,8,1,0,,0.0,40 03:15.000,,0,75 04:16.934,8,0,0,0,67301,0,0,0,N,0,0,0,2,67301,0,,1,1,,N,N,,0,,0,0,1,0,0,,830,1,2,0,0,0,1,1,3,4,0,2,5,,N,,,,,,,,,,,
2006102773,1005.0,2,0,0,0,0,0,0,0,0,4,0,,67,9,2006,3,40.0403,-75.0585,959.0,6,0,0,0,0,0,1,0,0,,0,0,0,9,1,2,1,,0.0,40 02:25.000,,0,75 03:30.718,8,0,0,0,67301,0,0,0,N,0,0,0,3,67301,0,,1,1,,N,N,,0,,0,0,0,3,2,,959,2,2,0,0,0,2,0,3,4,0,2,3,,N,,,,,,,,,,,
2006102782,1435.0,1,0,0,0,0,0,1,0,0,5,1,,67,9,2006,6,39.9496,-75.1664,1430.0,6,0,0,0,0,0,0,0,1,,0,0,0,14,1,0,0,,0.0,39 56:58.000,,0,75 09:58.769,0,0,0,0,67301,0,0,0,,0,0,0,2,67301,0,,1,1,,,,,0,,0,0,0,9,2,,1425,0,2,0,0,0,0,0,3,4,0,2,3,,N,,,,,,,,,,,
2006103170,1037.0,1,0,0,0,0,0,0,0,0,8,0,,67,9,2006,5,40.0257,-75.2241,1030.0,6,0,0,0,0,0,0,0,0,,0,0,0,8,1,1,0,,0.0,40 01:32.430,,0,75 13:26.817,4,0,0,0,67301,1,0,0,N,1,0,0,2,67301,1,,1,1,,N,N,,0,,0,0,0,0,0,,850,1,2,0,0,0,0,0,3,4,0,1,3,,N,,,,,,,,,,,
2006103215,950.0,1,0,0,0,0,0,0,0,0,8,0,,67,9,2006,5,,,945.0,6,0,0,0,0,0,0,0,0,,0,0,0,9,1,1,1,,0.0,,,0,,8,0,0,0,67301,2,0,0,N,2,0,0,3,67301,0,,1,1,,N,N,,0,,0,0,0,3,3,,940,1,3,0,0,0,1,0,3,3,0,1,3,,N,,,,,,,,,,,
2006035950,830.0,0,0,0,1,0,0,0,0,0,1,0,,67,1,2006,6,40.0022,-75.1576,808.0,6,0,0,0,0,0,0,0,0,,0,0,0,21,3,1,1,,0.0,40 00:08.000,,0,75 09:27.951,4,0,0,0,67301,1,0,0,N,0,0,0,2,67301,1,,9,1,,N,N,,0,,0,0,0,0,0,,2100,1,2,0,0,0,0,1,3,4,0,1,3,,N,,,,,,,,,,,
2006033629,1505.0,2,0,0,0,0,0,0,0,0,4,0,,67,1,2006,3,40.037,-75.0798,1505.0,6,0,0,0,0,0,0,0,0,,0,0,0,15,1,1,1,,0.0,40 02:13.000,,0,75 04:47.417,4,0,0,0,67301,0,0,0,N,0,0,0,4,67301,1,,1,1,,N,N,,0,,0,0,0,3,2,,1500,1,2,0,0,0,0,0,3,4,0,2,3,,N,,,,,,,,,,,
2006037590,1620.0,1,0,0,0,0,0,0,0,0,4,0,,67,3,2006,1,40.0107,-75.1022,1618.0,6,0,0,0,0,0,0,0,0,,0,0,0,16,1,1,0,,0.0,40 00:38.685,,0,75 06:07.761,8,0,0,0,67301,0,0,0,N,0,0,0,10,67301,0,,5,1,,N,N,,0,,0,0,0,3,2,,1618,1,2,0,0,0,1,5,3,4,1,2,3,,N,,,,,,,,,,,
2006079277,1112.0,1,0,0,0,0,0,0,0,0,1,0,,67,6,2006,5,39.9462,-75.1895,1107.0,6,0,0,0,0,1,0,0,0,1.0,0,0,0,11,1,1,0,,1.0,39 56:46.320,3.0,0,75 11:22.200,4,0,0,0,67301,0,0,0,N,0,0,0,2,67301,1,,1,1,,N,N,,0,,0,0,1,0,0,N,1103,1,2,0,0,0,0,1,3,4,0,2,3,,N,,,,,,,,,,,
2006037793,930.0,2,0,0,0,0,0,0,0,0,1,0,,67,1,2006,6,39.9816,-75.1021,849.0,6,0,0,0,0,0,1,0,0,2.0,0,0,0,8,1,33,0,,1.0,39 58:55.000,2.0,0,75 06:03.372,4,0,0,0,67301,0,0,0,,0,0,0,36,67301,33,,1,1,,N,N,,0,,0,0,0,0,0,N,845,33,3,0,0,30,0,0,3,4,1,3,3,,N,,,,,,,,,,,