CRN,ARRIVAL_TM,AUTOMOBILE_COUNT,BELTED_DEATH_COUNT,BELTED_SUSP_SERIOUS_INJ_COUNT,BICYCLE_COUNT,BICYCLE_DEATH_COUNT,BICYCLE_SUSP_SERIOUS_INJ_COUNT,BUS_COUNT,CHLDPAS_DEATH_COUNT,CHLDPAS_SUSP_SERIOUS_INJ_COUNT,COLLISION_TYPE,COMM_VEH_COUNT,CONS_ZONE_SPD_LIM,COUNTY,CRASH_MONTH,CRASH_YEAR,DAY_OF_WEEK,DEC_LAT,DEC_LONG,DISPATCH_TM,DISTRICT,DRIVER_COUNT_16YR,DRIVER_COUNT_17YR,DRIVER_COUNT_18YR,DRIVER_COUNT_19YR,DRIVER_COUNT_20YR,DRIVER_COUNT_50_64YR,DRIVER_COUNT_65_74YR,DRIVER_COUNT_75PLUS,EST_HRS_CLOSED,FATAL_COUNT,HEAVY_TRUCK_COUNT,HORSE_BUGGY_COUNT,HOUR_OF_DAY,ILLUMINATION,INJURY_COUNT,INTERSECT_TYPE,INTERSECTION_RELATED,LANE_CLOSED,LATITUDE,LN_CLOSE_DIR,LOCATION_TYPE,LONGITUDE,MAX_SEVERITY_LEVEL,MCYCLE_DEATH_COUNT,MCYCLE_SUSP_SERIOUS_INJ_COUNT,MOTORCYCLE_COUNT,MUNICIPALITY,NONMOTR_COUNT,NONMOTR_DEATH_COUNT,NONMOTR_SUSP_SERIOUS_INJ_COUNT,NTFY_HIWY_MAINT,PED_COUNT,PED_DEATH_COUNT,PED_SUSP_SERIOUS_INJ_COUNT,PERSON_COUNT,POLICE_AGCY,POSSIBLE_INJ_COUNT,RDWY_SURF_TYPE_CD,RELATION_TO_ROAD,ROAD_CONDITION,ROADWAY_CLEARED,SCH_BUS_IND,SCH_ZONE_IND,SECONDARY_CRASH,SMALL_TRUCK_COUNT,SPEC_JURIS_CD,SUSP_MINOR_INJ_COUNT,SUSP_SERIOUS_INJ_COUNT,SUV_COUNT,TCD_FUNC_CD,TCD_TYPE,TFC_DETOUR_IND,TIME_OF_DAY,TOT_INJ_COUNT,TOTAL_UNITS,UNB_DEATH_COUNT,UNB_SUSP_SERIOUS_INJ_COUNT,UNBELTED_OCC_COUNT,UNK_INJ_DEG_COUNT,UNK_INJ_PER_COUNT,URBAN_AREA,URBAN_RURAL,VAN_COUNT,VEHICLE_COUNT,WEATHER1,WEATHER2,WORK_ZONE_IND,WORK_ZONE_LOC,WORK_ZONE_TYPE,WORKERS_PRES,WZ_CLOSE_DETOUR,WZ_FLAGGER,WZ_LAW_OFFCR_IND,WZ_LN_CLOSURE,WZ_MOVING,WZ_OTHER,WZ_SHLDER_MDN,WZ_WORKERS_INJ_KILLED
2006087247,2235.0,1,0,0,0,0,0,0,0,0,4,0,,67,5,2006,4,,,2230.0,6,0,0,0,0,0,0,0,0,,0,0,0,22,6,2,1,,0.0,,,0,,4,0,0,0,67301,0,0,0,,0,0,0,3,67301,1,,1,98,,,,,0,,0,0,1,9,3,,2230,2,2,0,0,0,1,1,3,3,0,2,99,,N,,,,,,,,,,,
2006082067,1445.0,2,0,0,0,0,0,0,0,0,4,0,,67,6,2006,6,39.9526,-75.1485,1438.0,6,0,0,0,0,0,0,0,0,,0,0,0,14,1,1,1,,0.0,39 57:09.360,,0,75 08:54.600,4,0,0,0,67301,1,0,0,N,1,0,0,3,67501,1,,1,1,,N,N,,0,,0,0,0,3,2,,1437,1,3,0,0,0,0,0,3,4,0,2,3,,N,,,,,,,,,,,
2006082508,1535.0,2,0,0,0,0,0,0,0,0,4,0,,67,6,2006,3,40.0734,-75.0847,1524.0,6,0,0,0,0,0,1,0,0,2.0,0,0,0,14,1,1,2,,1.0,40 04:24.158,4.0,0,75 05:04.743,4,0,0,0,67301,0,0,0,,0,0,0,3,67301,1,,1,1,,N,N,,0,,0,0,0,2,2,N,1455,1,2,0,0,0,0,0,3,4,0,2,3,,N,,,,,,,,,,,
2006079858,38.0,2,0,0,0,0,0,0,0,0,4,0,,67,7,2006,2,39.9547,-75.1495,37.0,6,0,0,0,1,0,0,0,0,1.0,0,0,0,0,3,2,5,,2.0,39 57:18.000,2.0,0,75 09:09.511,3,0,0,0,67301,0,0,0,N,0,0,0,5,67301,1,,1,1,,N,N,,0,,1,0,0,3,2,N,35,2,2,0,0,0,0,0,3,4,0,2,3,,N,,,,,,,,,,,
2006079869,9999.0,0,0,0,1,0,0,0,0,0,4,0,,67,6,2006,4,,,9999.0,6,0,0,0,0,0,0,0,0,,0,0,0,99,1,1,0,,0.0,,,7,,4,0,0,0,67301,1,0,0,N,0,0,0,2,67301,1,,1,1,,N,N,,1,,0,0,0,0,0,,9999,1,2,0,0,0,0,0,3,3,0,1,3,,N,,,,,,,,,,,
2006079872,1615.0,1,0,0,1,0,0,0,0,0,2,0,,67,6,2006,2,,,1610.0,6,0,0,0,0,0,1,0,0,,0,0,0,16,1,1,2,,0.0,,,0,,3,0,0,0,67301,1,0,0,N,0,0,0,2,67301,0,,1,1,,N,N,,0,,1,0,0,3,3,,1609,1,2,0,0,1,0,0,3,3,0,1,3,,N,,,,,,,,,,,
2006021091,645.0,2,0,0,0,0,0,0,0,0,4,0,,67,1,2006,2,39.9832,-75.1568,643.0,6,0,0,0,0,0,1,0,0,,0,0,0,6,5,1,1,,0.0,39 58:59.000,,0,75 09:24.596,2,0,0,0,67301,0,0,0,N,0,0,0,2,67301,0,,1,9,,N,N,,0,,0,1,0,3,2,,643,1,2,0,0,0,0,0,3,4,0,2,7,,N,,,,,,,,,,,
2007006814,2043.0,2,0,0,0,0,0,0,0,0,4,0,,67,11,2006,6,40.0001,-75.1533,2031.0,6,0,0,0,0,1,1,0,0,,0,0,0,20,3,0,0,,0.0,40 00:00.360,,0,75 09:11.880,0,0,0,0,67301,0,0,0,N,0,0,0,4,67301,0,,1,1,,N,N,,0,,0,0,0,3,2,,2002,0,2,0,0,0,0,0,3,4,0,2,3,,N,,,,,,,,,,,
2007006823,1904.0,1,0,0,0,0,0,1,0,0,2,1,,67,11,2006,1,40.0227,-75.1482,1858.0,6,0,0,0,0,0,0,0,0,,0,0,0,18,3,2,1,,0.0,40 01:22.000,,0,75 08:53.975,4,0,0,0,67301,0,0,0,N,0,0,0,2,67301,1,,1,1,,N,N,,0,,0,0,0,9,2,,1858,2,2,0,0,0,1,0,3,4,0,2,3,,N,,,,,,,,,,,
2007023018,120.0,1,0,0,0,0,0,0,0,0,1,0,,67,12,2006,1,40.0195,-75.1706,110.0,6,0,0,0,0,0,0,0,0,,0,0,0,1,3,5,0,,0.0,40 01:10.146,,0,75 10:14.037,8,0,0,0,67301,0,0,0,N,0,0,0,5,67301,0,,1,1,,N,N,,1,,0,0,0,0,0,,100,5,2,0,0,0,5,0,3,4,0,2,3,,N,,,,,,,,,,,
2007023179,809.0,2,0,0,0,0,0,0,0,0,4,0,,67,10,2006,3,40.006,-75.1766,806.0,6,0,0,0,0,0,1,0,0,,0,0,0,8,1,0,1,,0.0,40 00:21.754,,0,75 10:35.816,9,0,0,0,67301,0,0,0,N,0,0,0,5,67301,0,,1,9,,N,N,,0,,0,0,0,3,2,,804,0,2,0,0,0,0,1,3,4,0,2,7,,N,,,,,,,,,,,
2007023555,1430.0,2,0,0,0,0,0,0,0,0,6,0,,67,12,2006,4,39.9853,-75.2123,1415.0,6,0,0,0,0,0,1,0,0,9.0,0,0,0,14,1,1,0,,1.0,39 59:07.100,3.0,0,75 12:44.200,4,0,0,0,67301,0,0,0,N,0,0,0,2,67301,1,,1,1,,N,N,,0,,0,0,0,0,0,N,1410,1,2,0,0,0,0,0,3,4,0,2,3,,N,,,,,,,,,,,
2007020847,1310.0,1,0,0,0,0,0,0,0,0,8,0,,67,12,2006,5,39.9595,-75.2475,1245.0,6,0,0,0,0,0,0,0,0,,0,0,0,8,1,1,2,,0.0,39 57:34.000,,0,75 14:50.654,8,0,0,0,67301,1,0,0,N,1,0,0,2,67301,0,,1,1,,N,N,,0,,0,0,0,2,2,,800,1,2,0,0,0,1,1,3,4,0,1,3,,N,,,,,,,,,,,
2007051288,2325.0,0,0,0,0,0,0,0,0,0,8,0,,67,10,2006,6,39.9415,-75.235,2323.0,6,0,0,0,0,0,0,0,0,,0,0,0,23,6,1,1,,0.0,39 56:29.000,,0,75 14:06.178,2,0,0,0,67301,1,0,1,N,1,0,1,2,67301,0,,1,98,,N,N,,0,,0,1,0,3,2,,2304,1,2,0,0,0,0,0,3,4,0,1,99,,N,,,,,,,,,,,
2007008397,2224.0,2,0,0,0,0,0,0,0,0,4,0,,67,12,2006,6,40.0246,-75.1232,2224.0,6,0,0,0,1,0,0,0,0,,0,0,0,22,3,2,1,,0.0,40 01:28.513,,0,75 07:23.473,3,0,0,0,67301,0,0,0,N,0,0,0,6,67301,0,,1,1,,N,N,,0,,1,0,0,0,0,,2213,2,2,0,0,1,1,0,3,4,0,2,3,,N,,,,,,,,,,,
2007010957,925.0,2,0,0,0,0,0,0,0,0,4,0,,67,11,2006,4,39.914,-75.1699,921.0,6,0,0,0,0,0,1,0,0,,0,0,0,9,1,1,0,,0.0,39 54:50.367,,0,75 10:11.593,4,0,0,0,67301,0,0,0,N,0,0,0,2,67301,1,,1,1,,N,N,,0,,0,0,0,0,0,,917,1,2,0,0,0,0,0,3,4,0,2,3,,N,,,,,,,,,,,
2007008474,1103.0,2,0,0,0,0,0,0,0,0,4,0,,67,12,2006,2,40.0566,-75.0466,1100.0,6,0,0,0,0,0,2,0,1,1.0,0,0,0,11,1,2,1,,1.0,40 03:24.000,2.0,0,75 02:49.137,3,0,0,0,67301,0,0,0,,0,0,0,4,67301,1,,1,1,,,,,0,,1,0,1,3,2,N,1100,2,4,0,0,0,0,0,3,4,1,4,3,,N,,,,,,,,,,,
2007011183,1105.0,1,0,0,0,0,0,0,0,0,1,0,,67,11,2006,3,,,1101.0,6,0,0,0,0,0,0,0,0,1.0,0,0,0,11,1,3,0,,1.0,,1.0,0,,3,0,0,0,67301,0,0,0,N,0,0,0,4,67301,2,,1,1,,N,N,,1,,1,0,0,0,0,N,1100,3,2,0,0,0,0,0,3,3,0,2,3,,N,,,,,,,,,,,
2007021525,731.0,1,0,0,0,0,0,0,0,0,8,0,,67,12,2006,4,40.0731,-75.1639,720.0,6,0,0,0,0,0,1,0,0,,0,0,0,7,1,1,1,,0.0,40 04:23.073,,0,75 09:50.047,4,0,0,0,67301,1,0,0,N,1,0,0,2,67301,1,,1,1,,N,N,,0,,0,0,0,9,3,,719,1,2,0,0,0,0,0,3,4,0,1,3,,N,,,,,,,,,,,
2006055246,1255.0,2,0,0,0,0,0,0,0,0,4,0,,67,3,2006,1,39.9671,-75.2066,1252.0,6,0,0,0,1,0,0,0,0,,0,0,0,12,1,1,1,,0.0,39 58:01.531,,0,75 12:23.921,3,0,0,0,67301,0,0,0,N,0,0,0,4,67301,0,,1,9,,N,N,,0,,1,0,0,3,3,,1230,1,2,0,0,0,0,0,3,4,0,2,7,,N,,,,,,,,,,,
2006094357,1640.0,2,0,0,0,0,0,0,0,0,5,0,,67,8,2006,7,,,1614.0,6,0,0,0,0,0,0,0,0,,0,0,0,16,1,1,1,,0.0,,,0,,8,0,0,0,67301,0,0,0,N,0,0,0,1,67301,0,,9,1,,N,N,,0,,0,0,0,0,0,,1614,1,2,0,0,0,1,0,3,3,0,2,3,,N,,,,,,,,,,,
2006094446,1325.0,1,0,0,0,0,0,0,0,0,7,0,,67,7,2006,7,39.904,-75.2401,1320.0,6,0,0,0,0,0,0,0,0,,0,0,0,12,1,1,3,,0.0,39 54:14.000,,0,75 14:24.588,4,0,0,0,67301,0,0,0,N,0,0,0,2,67301,1,,4,9,,N,N,,0,,0,0,0,3,2,,1200,1,1,0,0,1,0,0,3,4,0,1,7,,N,,,,,,,,,,,
2006094447,1835.0,1,0,0,0,0,0,0,0,0,0,0,,67,8,2006,1,40.0707,-75.2412,1833.0,6,0,0,0,1,0,0,0,0,,0,0,0,16,1,1,1,,0.0,40 04:14.880,,0,75 14:28.320,4,0,0,1,67301,0,0,0,N,0,0,0,2,67301,1,,1,1,,N,N,,0,,0,0,0,3,2,,1630,1,2,0,0,1,0,0,3,4,0,2,3,,N,,,,,,,,,,,
2006084180,410.0,1,0,0,0,0,0,0,0,0,7,0,,67,6,2006,6,,,408.0,6,0,0,0,0,0,0,0,0,,0,0,0,3,3,0,0,,0.0,,,3,,0,0,0,0,67301,0,0,0,N,0,0,0,1,67501,0,,4,1,,N,N,,0,,0,0,0,3,8,,335,0,1,0,0,0,0,0,3,3,0,1,3,,N,,,,,,,,,,,
2006116114,1549.0,1,0,0,0,0,0,0,0,0,5,0,,67,10,2006,3,40.0168,-75.0665,1544.0,6,0,0,0,0,0,0,0,0,,0,0,0,13,1,0,0,,0.0,40 01:00.488,,0,75 03:59.481,0,0,0,0,67301,0,0,0,N,0,0,0,2,67301,0,,1,1,,N,N,,1,,0,0,0,0,0,,1340,0,2,0,0,2,0,0,3,4,0,2,3,,N,,,,,,,,,,,
2006126296,1011.0,1,0,0,0,0,0,0,0,0,7,0,,67,10,2006,3,39.9898,-75.2332,1011.0,6,0,0,0,0,0,0,0,0,1.0,0,0,0,10,1,2,10,,1.0,39 59:23.308,2.0,0,75 13:59.649,8,0,0,0,67301,0,0,0,,0,0,0,2,67301,0,,2,1,,,,,0,,0,0,0,0,0,N,1009,2,1,0,0,2,2,0,3,4,0,1,3,,N,,,,,,,,,,,
2006022333,1041.0,1,0,0,0,0,0,0,0,0,1,0,,67,1,2006,2,39.941,-75.2045,1035.0,6,0,0,0,0,0,0,0,0,,0,0,0,10,1,0,0,,0.0,39 56:27.000,,3,75 12:16.330,9,0,0,0,67301,0,0,0,N,0,0,0,2,67504,0,,1,1,,N,N,,0,,0,0,1,3,5,,1032,0,2,0,0,0,0,1,3,4,0,2,3,,N,,,,,,,,,,,
2006066201,322.0,1,0,0,0,0,0,0,0,0,7,0,,67,5,2006,2,40.0582,-75.0594,320.0,6,0,0,0,0,0,0,0,0,,0,0,0,3,3,2,0,,0.0,40 03:29.000,,0,75 03:33.764,8,0,0,0,67301,0,0,0,N,0,0,0,2,67301,0,,2,1,,N,N,,0,,0,0,0,0,0,,318,2,1,0,0,0,2,0,3,4,0,1,3,,N,,,,,,,,,,,
2006056456,1253.0,2,0,0,0,0,0,0,0,0,5,0,,67,3,2006,4,39.9889,-75.0895,1249.0,6,0,0,0,0,0,0,0,0,,0,0,0,12,1,1,0,,0.0,39 59:20.400,,0,75 05:22.200,4,0,0,0,67301,0,0,0,N,0,0,0,2,67301,1,,1,1,,N,N,,0,,0,0,0,0,0,,1245,1,2,0,0,0,0,1,3,4,0,2,3,,N,,,,,,,,,,,
2006056485,1721.0,0,0,0,0,0,0,0,0,0,8,0,,67,3,2006,2,,,1719.0,6,0,0,0,0,0,0,0,0,,0,0,0,99,1,1,0,,0.0,,,0,,4,0,0,0,67301,1,0,0,N,1,0,0,2,67301,1,,1,1,,N,N,,0,,0,0,1,0,0,,9999,1,2,0,0,1,0,0,3,3,0,1,3,,N,,,,,,,,,,,
2006036486,1718.0,1,0,0,0,0,0,0,0,0,7,0,,67,2,2006,6,39.9982,-75.1876,1713.0,6,0,0,0,0,0,0,0,0,,0,0,0,17,1,0,2,,0.0,39 59:54.000,,0,75 11:15.739,0,0,0,0,67301,0,0,0,N,0,0,0,1,67301,0,,5,1,,N,N,,0,,0,0,0,3,2,,1710,0,1,0,0,0,0,0,3,4,0,1,3,,N,,,,,,,,,,,
2006036590,1036.0,1,0,0,0,0,0,0,0,0,5,1,,67,1,2006,3,40.0196,-75.1845,1034.0,6,0,0,0,0,0,0,0,1,,0,1,0,10,1,0,0,,0.0,40 01:10.380,,0,75 11:04.336,0,0,0,0,67301,0,0,0,,0,0,0,2,67301,0,,1,1,,N,N,,0,,0,0,0,0,0,,1015,0,2,0,0,0,0,0,3,4,0,2,3,,N,,,,,,,,,,,
2006034203,1655.0,0,0,0,0,0,0,0,0,0,4,1,,67,2,2006,4,,,1655.0,6,0,0,0,0,0,1,0,0,,0,1,0,16,1,1,0,,0.0,,,0,,8,0,0,0,67301,0,0,0,N,0,0,0,2,67301,0,,1,9,,N,N,,0,,0,0,0,0,0,,1600,1,2,0,0,0,1,0,3,3,1,2,7,,N,,,,,,,,,,,
2006024159,205.0,1,0,0,0,0,0,0,0,0,4,0,,67,1,2006,7,40.0014,-75.1515,148.0,6,0,0,0,0,0,1,0,0,,0,0,0,99,3,1,1,,0.0,40 00:05.000,,0,75 09:06.099,8,0,0,0,67301,0,0,0,,0,0,0,2,67301,0,,1,9,,N,N,,1,,0,0,0,9,3,,9999,1,2,0,0,0,1,0,3,4,0,2,7,,N,,,,,,,,,,,
2006024205,2259.0,2,0,0,0,0,0,0,0,0,2,0,,67,1,2006,3,40.0392,-75.1917,2248.0,6,0,0,0,0,0,2,0,0,,0,0,0,22,3,1,1,,0.0,40 02:20.000,,0,75 11:29.822,4,0,0,0,67301,0,0,0,,0,0,0,2,67301,1,,1,9,,N,N,,0,,0,0,0,0,0,,2240,1,2,0,0,0,0,0,3,4,0,2,3,,N,,,,,,,,,,,
2006024215,1435.0,1,0,0,0,0,0,0,0,0,7,0,,67,1,2006,7,40.0361,-75.1896,1428.0,6,0,0,0,0,0,0,0,0,,0,0,0,13,1,0,0,,0.0,40 02:09.945,,0,75 11:22.506,0,0,0,0,67301,0,0,0,N,0,0,0,1,67301,0,,2,9,,N,N,,0,,0,0,0,0,0,,1345,0,1,0,0,0,0,0,3,4,0,1,7,,N,,,,,,,,,,,
2006102779,1235.0,3,0,0,0,0,0,0,0,0,1,0,,67,8,2006,5,39.9652,-75.1856,1228.0,6,0,0,0,0,0,0,0,0,2.0,0,0,0,12,1,4,0,,1.0,39 57:55.000,4.0,0,75 11:10.169,3,0,0,0,67301,0,0,0,,0,0,0,7,67301,0,,1,1,,,,,0,,2,0,0,0,0,N,1220,4,3,0,0,0,2,0,3,4,0,3,3,,N,,,,,,,,,,,
2006103218,1652.0,0,0,0,0,0,0,0,0,0,1,0,,67,8,2006,2,40.0028,-75.133,1645.0,6,0,0,1,0,0,0,0,0,,0,0,0,16,1,1,0,,0.0,40 00:10.076,,0,75 07:58.810,3,0,0,1,67301,0,0,0,N,0,0,0,1,67301,0,,1,1,,N,N,,0,,1,0,0,0,0,,1639,1,2,0,0,0,0,0,3,4,1,2,3,,N,,,,,,,,,,,
2006102800,2310.0,4,0,0,0,0,0,0,0,0,5,0,,67,8,2006,2,,,2303.0,6,0,0,0,1,1,0,0,0,1.0,0,0,0,23,3,3,0,,2.0,,3.0,0,,3,0,0,0,67301,0,0,0,,0,0,0,4,67301,1,,1,9,,N,N,,0,,2,0,0,0,0,N,2303,3,4,0,0,4,0,0,3,3,0,4,7,,N,,,,,,,,,,,
2006048049,1544.0,2,0,0,0,0,0,0,0,0,1,0,,67,5,2006,4,39.9913,-75.2477,1539.0,6,0,0,0,0,0,0,0,0,,0,0,0,15,1,1,0,,0.0,39 59:28.000,,0,75 14:51.789,8,0,0,0,67301,0,0,0,N,0,0,0,2,46104,0,,1,1,,N,N,,0,,0,0,0,0,0,,1530,1,2,0,0,1,1,0,3,4,0,2,3,,N,,,,,,,,,,,
2006037733,1125.0,1,0,0,0,0,0,0,0,0,8,0,,67,3,2006,1,39.9378,-75.1666,1123.0,6,0,0,0,0,0,0,0,0,,0,0,0,11,1,1,0,,0.0,39 56:16.200,,0,75 09:59.676,4,0,0,0,67301,1,0,0,N,1,0,0,2,67301,1,,1,1,,N,N,,0,,0,0,0,3,2,,1120,1,2,0,0,1,0,0,3,4,0,1,3,,N,,,,,,,,,,,
2006079274,1807.0,2,0,0,0,0,0,0,0,0,2,0,,67,6,2006,2,,,1801.0,6,0,0,0,0,0,1,0,0,,0,0,0,18,1,1,1,,0.0,,,0,,8,0,0,0,67301,0,0,0,N,0,0,0,2,67301,0,,1,9,,N,N,,0,,0,0,0,3,2,,1800,1,2,0,0,0,1,0,3,3,0,2,7,,N,,,,,,,,,,,
2006082096,29.0,0,0,0,0,0,0,0,0,0,1,0,99.0,67,5,2006,5,,,27.0,6,0,0,0,0,0,0,0,0,9.0,0,0,0,0,3,0,0,,1.0,,1.0,0,,0,0,0,0,67301,0,0,0,Y,0,0,0,3,67301,0,,1,1,,N,N,,1,,0,0,1,3,8,N,25,0,2,0,0,0,0,0,3,3,0,2,3,,Y,8.0,8.0,U,,,N,,,,,
2006082104,950.0,2,0,0,0,0,0,0,0,0,5,0,,67,6,2006,5,,,940.0,6,0,0,0,0,1,0,0,0,1.0,0,0,0,21,2,0,0,,1.0,,1.0,0,,9,0,0,0,67301,0,0,0,N,0,0,0,3,67301,0,,1,9,,N,N,,0,,0,0,1,0,0,N,2135,0,3,0,0,0,0,1,3,3,0,3,3,,N,,,,,,,,,,,
2006082116,2005.0,2,0,0,0,0,0,0,0,0,2,0,,67,7,2006,2,39.926,-75.163,1003.0,6,0,0,0,0,0,1,1,0,,0,0,0,9,1,2,2,,0.0,39 55:33.700,,0,75 09:46.688,4,0,0,0,67301,0,0,0,N,0,0,0,3,67301,2,,1,1,,N,N,,0,,0,0,0,3,3,,955,2,2,0,0,0,0,0,3,4,0,2,3,,N,,,,,,,,,,,
2006079889,1225.0,2,0,0,0,0,0,0,0,0,1,1,,67,6,2006,7,39.9487,-75.1856,1220.0,6,0,0,0,0,0,0,0,0,2.0,0,1,0,12,1,4,0,,2.0,39 56:58.000,3.0,0,75 11:03.434,4,0,0,0,67301,0,0,0,N,0,0,0,10,67301,2,,1,9,,N,N,,1,,0,0,2,0,0,Y,1215,4,6,0,0,0,2,1,3,4,0,6,7,,N,,,,,,,,,,,
2006082538,1524.0,2,0,0,0,0,0,0,0,0,1,0,,67,6,2006,6,,,1508.0,6,0,0,0,0,0,1,0,0,,0,0,0,15,1,1,0,,0.0,,,0,,4,0,0,0,67301,0,0,0,N,0,0,0,2,67301,1,,1,1,,N,N,,0,,0,0,0,0,0,,1508,1,2,0,0,0,0,0,3,3,0,2,3,,N,,,,,,,,,,,
2006079861,1122.0,1,0,0,1,0,0,0,0,0,4,0,,67,6,2006,7,39.9492,-75.1631,1117.0,6,0,0,0,0,0,0,0,0,,0,0,0,11,1,1,1,,0.0,39 56:56.000,,0,75 09:46.907,8,0,0,0,67301,1,0,0,N,0,0,0,3,67301,0,,1,1,,N,N,,0,,0,0,0,3,2,,1110,1,2,0,0,0,1,0,3,4,0,1,3,,N,,,,,,,,,,,
2006026175,705.0,2,0,0,0,0,0,0,0,0,4,0,,67,2,2006,5,40.0001,-75.2287,700.0,6,0,0,0,0,0,0,0,0,1.0,0,0,0,6,1,0,2,,1.0,40 00:00.000,2.0,0,75 13:43.654,0,0,0,0,67301,0,0,0,N,0,0,0,2,46104,0,,1,1,,N,N,,0,,0,0,0,3,2,N,645,0,2,0,0,0,0,0,3,4,0,2,3,,N,,,,,,,,,,,
2007025824,355.0,1,0,0,0,0,0,0,0,0,7,0,,67,12,2006,7,,,348.0,6,0,0,0,0,1,0,0,0,,0,0,0,3,3,0,0,,0.0,,,0,,0,0,0,0,67301,0,0,0,N,0,0,0,3,67501,0,,2,9,,N,N,,0,,0,0,0,3,8,,348,0,1,0,0,0,0,0,3,3,0,1,7,,N,,,,,,,,,,,
2007023201,1736.0,1,0,0,0,0,0,0,0,0,4,0,,67,12,2006,4,39.9953,-75.152,1731.0,6,0,0,0,1,0,0,0,0,,0,0,0,17,3,1,1,,0.0,39 59:42.972,,0,75 09:07.322,8,0,0,0,67301,0,0,0,N,0,0,0,4,67301,0,,9,1,,N,N,,0,,0,0,1,3,3,,1731,1,2,0,0,1,1,0,3,4,0,2,3,,N,,,,,,,,,,,
2007023205,240.0,2,0,0,0,0,0,0,0,0,1,0,,67,12,2006,1,39.8929,-75.226,231.0,6,0,1,0,0,0,0,0,0,2.0,0,0,0,2,3,0,0,,1.0,39 53:34.000,2.0,0,75 13:32.572,0,0,0,0,67301,0,0,0,N,0,0,0,7,67301,0,,1,1,,N,N,,0,,0,0,0,0,0,N,229,0,2,0,0,0,0,0,3,4,0,2,3,,N,,,,,,,,,,,
2007023552,920.0,1,0,0,0,0,0,0,0,0,1,0,,67,12,2006,7,39.9766,-75.196,904.0,6,0,0,0,0,0,0,0,0,2.0,0,0,0,9,1,3,0,,1.0,39 58:36.000,4.0,0,75 11:51.286,4,0,0,0,67301,2,0,0,N,0,0,0,3,67301,3,,2,2,,N,N,,0,,0,0,0,0,0,N,904,3,2,0,0,0,0,0,3,4,1,2,98,,N,,,,,,,,,,,
2007015654,1634.0,2,0,0,0,0,0,0,0,0,1,0,,67,11,2006,6,40.0356,-75.1789,1614.0,6,0,0,0,0,0,0,0,0,,0,0,0,15,1,1,0,,0.0,40 02:08.061,,0,75 10:43.992,4,0,0,0,67301,0,0,0,N,0,0,0,2,68K01,1,,1,1,,N,N,,0,,0,0,0,3,2,,1535,1,2,0,0,0,0,0,3,4,0,2,3,,N,,,,,,,,,,,
2007034509,,0,0,0,0,0,0,0,0,0,1,0,,67,5,2006,5,40.0264,-75.0849,,6,0,0,0,0,0,1,0,0,,0,0,0,15,1,2,1,,0.0,40 01:34.968,,0,75 05:05.711,8,0,0,0,67301,0,0,0,N,0,0,0,3,,0,,1,1,,N,N,,1,,0,0,0,3,2,,1530,2,2,0,0,0,2,1,3,4,1,2,3,,N,,,,,,,,,,,
2007008410,455.0,0,0,0,0,0,0,0,0,0,5,0,,67,12,2006,7,40.0201,-75.1519,450.0,6,0,0,0,0,0,0,0,1,,0,0,0,4,3,1,0,,0.0,40 01:12.000,,0,75 09:07.148,3,0,0,1,67301,0,0,0,N,0,0,0,3,67301,0,,1,1,,N,N,,0,,1,0,0,0,0,,449,1,2,0,0,0,0,0,3,4,1,2,3,,N,,,,,,,,,,,
2007008510,1255.0,1,0,0,0,0,0,0,0,0,1,0,,67,11,2006,3,40.0976,-75.0188,1251.0,6,0,0,0,0,0,1,0,0,,0,0,0,12,1,1,0,,0.0,40 05:51.219,,0,75 01:07.777,4,0,0,0,67301,0,0,0,,0,0,0,3,67301,1,,1,1,,,,,1,,0,0,0,2,2,,1250,1,2,0,0,0,0,0,3,4,0,2,3,,N,,,,,,,,,,,
2007021544,633.0,1,0,0,0,0,0,0,0,0,4,0,,67,12,2006,5,39.9525,-75.2264,9999.0,6,0,0,0,0,0,0,0,0,,0,0,0,6,3,1,2,,0.0,39 57:09.000,,0,75 13:35.121,8,0,0,0,67301,0,0,0,N,0,0,0,2,67301,0,,1,1,,N,N,,0,,0,0,0,3,3,,633,1,2,0,0,0,1,0,3,4,1,2,3,,N,,,,,,,,,,,
2007008862,2105.0,3,0,0,0,0,0,0,0,0,5,0,,67,12,2006,1,40.0899,-74.975,2100.0,6,0,0,0,0,0,0,0,0,1.0,0,0,0,20,3,2,0,,1.0,40 05:23.000,4.0,0,74 58:29.122,4,0,0,0,67301,0,0,0,N,0,0,0,4,67301,1,,1,1,,N,N,,0,,0,0,0,0,0,N,2055,2,3,0,0,0,1,0,3,4,0,3,3,,N,,,,,,,,,,,
2007007976,1520.0,1,0,0,0,0,0,0,0,0,4,0,,67,12,2006,6,39.9107,-75.1657,1515.0,6,0,0,0,0,0,0,0,1,,0,0,0,15,1,2,1,,0.0,39 54:38.552,,0,75 09:56.365,4,0,0,0,67301,0,0,0,N,0,0,0,2,67301,2,,1,9,,N,N,,1,,0,0,0,3,2,,1510,2,2,0,0,1,0,0,3,4,0,2,7,,N,,,,,,,,,,,