CRN,ARRIVAL_TM,AUTOMOBILE_COUNT,BELTED_DEATH_COUNT,BELTED_SUSP_SERIOUS_INJ_COUNT,BICYCLE_COUNT,BICYCLE_DEATH_COUNT,BICYCLE_SUSP_SERIOUS_INJ_COUNT,BUS_COUNT,CHLDPAS_DEATH_COUNT,CHLDPAS_SUSP_SERIOUS_INJ_COUNT,COLLISION_TYPE,COMM_VEH_COUNT,CONS_ZONE_SPD_LIM,COUNTY,CRASH_MONTH,CRASH_YEAR,DAY_OF_WEEK,DEC_LAT,DEC_LONG,DISPATCH_TM,DISTRICT,DRIVER_COUNT_16YR,DRIVER_COUNT_17YR,DRIVER_COUNT_18YR,DRIVER_COUNT_19YR,DRIVER_COUNT_20YR,DRIVER_COUNT_50_64YR,DRIVER_COUNT_65_74YR,DRIVER_COUNT_75PLUS,EST_HRS_CLOSED,FATAL_COUNT,HEAVY_TRUCK_COUNT,HORSE_BUGGY_COUNT,HOUR_OF_DAY,ILLUMINATION,INJURY_COUNT,INTERSECT_TYPE,INTERSECTION_RELATED,LANE_CLOSED,LATITUDE,LN_CLOSE_DIR,LOCATION_TYPE,LONGITUDE,MAX_SEVERITY_LEVEL,MCYCLE_DEATH_COUNT,MCYCLE_SUSP_SERIOUS_INJ_COUNT,MOTORCYCLE_COUNT,MUNICIPALITY,NONMOTR_COUNT,NONMOTR_DEATH_COUNT,NONMOTR_SUSP_SERIOUS_INJ_COUNT,NTFY_HIWY_MAINT,PED_COUNT,PED_DEATH_COUNT,PED_SUSP_SERIOUS_INJ_COUNT,PERSON_COUNT,POLICE_AGCY,POSSIBLE_INJ_COUNT,RDWY_SURF_TYPE_CD,RELATION_TO_ROAD,ROAD_CONDITION,ROADWAY_CLEARED,SCH_BUS_IND,SCH_ZONE_IND,SECONDARY_CRASH,SMALL_TRUCK_COUNT,SPEC_JURIS_CD,SUSP_MINOR_INJ_COUNT,SUSP_SERIOUS_INJ_COUNT,SUV_COUNT,TCD_FUNC_CD,TCD_TYPE,TFC_DETOUR_IND,TIME_OF_DAY,TOT_INJ_COUNT,TOTAL_UNITS,UNB_DEATH_COUNT,UNB_SUSP_SERIOUS_INJ_COUNT,UNBELTED_OCC_COUNT,UNK_INJ_DEG_COUNT,UNK_INJ_PER_COUNT,URBAN_AREA,URBAN_RURAL,VAN_COUNT,VEHICLE_COUNT,WEATHER1,WEATHER2,WORK_ZONE_IND,WORK_ZONE_LOC,WORK_ZONE_TYPE,WORKERS_PRES,WZ_CLOSE_DETOUR,WZ_FLAGGER,WZ_LAW_OFFCR_IND,WZ_LN_CLOSURE,WZ_MOVING,WZ_OTHER,WZ_SHLDER_MDN,WZ_WORKERS_INJ_KILLED
2007007108,938.0,0,0,0,0,0,0,0,0,0,7,0,,67,11,2006,6,39.9053,-75.1499,933.0,6,0,0,0,0,0,0,0,0,1.0,0,0,0,9,1,0,0,,1.0,39 54:26.506,1.0,0,75 08:58.059,0,0,0,0,67301,0,0,0,N,0,0,0,1,67301,0,,3,1,,N,N,,0,,0,0,1,0,0,N,933,0,1,0,0,0,0,0,3,4,0,1,3,,N,,,,,,,,,,,
2007007123,1749.0,1,0,0,0,0,0,0,0,0,8,0,,67,12,2006,4,40.0582,-75.0871,1745.0,6,0,0,0,0,0,0,0,0,,0,0,0,17,3,1,2,,0.0,40 03:29.000,,0,75 05:13.546,8,0,0,0,67301,1,0,0,N,1,0,0,2,67301,0,,1,1,,N,N,,0,,0,0,0,0,0,,1745,1,2,0,0,0,1,0,3,4,0,1,3,,N,,,,,,,,,,,
2006024148,1724.0,2,0,0,0,0,0,0,0,0,4,0,,67,1,2006,4,40.0156,-75.1498,1722.0,6,0,0,0,1,0,0,0,0,,0,0,0,17,1,1,2,,0.0,40 00:56.000,,0,75 08:59.657,8,0,0,0,67301,0,0,0,,0,0,0,2,67301,0,,1,1,,N,N,,0,,0,0,0,0,0,,1700,1,2,0,0,0,1,0,3,4,0,2,3,,N,,,,,,,,,,,
2006024162,750.0,4,0,0,0,0,0,0,0,0,4,0,,67,1,2006,5,40.0285,-75.1423,750.0,6,0,0,0,0,1,0,0,0,,0,0,0,7,1,0,1,,0.0,40 01:42.690,,0,75 08:32.387,0,0,0,0,67301,0,0,0,N,0,0,0,2,67301,0,,1,1,,N,N,,0,,0,0,0,9,3,,750,0,4,0,0,2,0,0,3,4,0,4,3,,N,,,,,,,,,,,
2006024221,550.0,2,0,0,0,0,0,0,0,0,1,0,,67,1,2006,4,39.8984,-75.2384,533.0,6,0,0,0,0,0,0,0,0,,0,0,0,5,5,0,1,,0.0,39 53:40.000,,0,75 14:12.418,0,0,0,0,67301,0,0,0,N,0,0,0,2,67301,0,,1,2,,N,N,,0,,0,0,0,3,2,,533,0,2,0,0,0,0,0,3,4,0,2,7,,N,,,,,,,,,,,
2006024241,513.0,3,0,0,0,0,0,0,0,0,1,0,,67,1,2006,3,39.95,-75.202,509.0,6,0,0,0,1,0,0,0,0,,0,0,0,5,3,2,0,,0.0,39 56:59.000,,0,75 12:06.610,4,0,0,0,67301,0,0,0,,0,0,0,2,67301,1,,6,1,,N,N,,0,,0,0,0,0,0,,509,2,3,0,0,0,1,0,3,4,0,3,3,,N,,,,,,,,,,,
2006024577,306.0,1,0,0,0,0,0,0,0,0,7,0,,67,1,2006,7,40.0092,-75.2048,304.0,6,0,0,0,0,0,0,0,0,,0,0,0,3,3,1,7,,0.0,40 00:31.000,,2,75 12:12.510,8,0,0,0,67301,0,0,0,,0,0,0,2,67301,0,,2,9,,N,N,,0,,0,0,0,0,0,,303,1,1,0,0,1,1,0,3,4,0,1,7,,N,,,,,,,,,,,
2006102818,1543.0,1,0,0,0,0,0,1,0,0,3,1,,67,9,2006,5,39.9782,-75.1898,1538.0,6,0,0,0,0,1,1,0,0,,0,0,0,99,1,3,0,,0.0,39 58:40.440,,7,75 11:22.920,4,0,0,0,67301,0,0,0,N,0,0,0,13,67301,2,,6,1,,Y,N,,0,,0,0,0,0,0,,9999,3,2,0,0,0,1,1,3,4,0,2,3,,N,,,,,,,,,,,
2006036131,330.0,1,0,0,0,0,0,0,0,0,1,0,,67,2,2006,2,39.9613,-75.1482,330.0,6,0,0,1,0,0,0,0,0,,0,0,0,3,3,0,1,,0.0,39 57:40.649,,0,75 08:53.474,0,0,0,0,67301,0,0,0,N,0,0,0,4,67301,0,,1,1,,N,N,,0,,0,0,1,3,2,,330,0,2,0,0,0,0,0,3,4,0,2,3,,N,,,,,,,,,,,
2006037749,2030.0,1,0,0,0,0,0,0,0,0,8,0,,67,2,2006,4,39.9571,-75.2143,2025.0,6,0,0,0,0,0,0,0,0,,0,0,0,20,3,1,1,,0.0,39 57:25.000,,0,75 12:51.656,3,0,0,0,67301,1,0,0,N,1,0,0,2,67301,0,,1,1,,N,N,,0,,1,0,0,9,2,,2025,1,2,0,0,0,0,0,3,4,0,1,3,,N,,,,,,,,,,,
2006037810,1430.0,2,0,0,0,0,0,0,0,0,1,0,,67,3,2006,3,39.9623,-75.1394,1423.0,6,0,0,1,0,0,1,0,0,1.0,0,0,0,14,1,1,0,,1.0,39 57:41.000,1.0,2,75 08:23.172,4,0,0,0,67301,0,0,0,N,0,0,0,2,67301,1,,1,1,,N,N,,0,,0,0,0,0,0,N,1415,1,2,0,0,0,0,0,3,4,0,2,3,,N,,,,,,,,,,,
2006079406,1149.0,1,0,0,0,0,0,0,0,0,4,0,,67,6,2006,7,39.9568,-75.2242,1149.0,6,0,0,0,0,0,1,0,0,,0,0,0,11,1,1,0,,0.0,39 57:24.000,,0,75 13:27.176,4,0,0,0,67301,0,0,0,N,0,0,0,3,67301,1,,1,1,,N,N,,1,,0,0,0,0,0,,1141,1,2,0,0,0,0,0,3,4,0,2,3,,N,,,,,,,,,,,
2006082503,1505.0,1,0,0,0,0,0,0,0,0,8,0,,67,5,2006,6,39.9518,-75.1651,1455.0,6,0,0,0,0,0,1,0,0,9.0,0,0,0,14,1,1,0,,1.0,39 57:06.000,3.0,0,75 09:52.562,4,0,0,0,67301,1,0,0,N,1,0,0,2,67301,1,,1,1,,N,N,,0,,0,0,0,0,0,N,1445,1,2,0,0,0,0,0,3,4,0,1,3,,N,,,,,,,,,,,
2007023177,9999.0,0,0,0,0,0,0,0,0,0,8,0,,67,12,2006,6,40.0074,-75.1368,0.0,6,0,0,0,0,0,0,0,0,,0,0,0,99,3,1,1,,0.0,40 00:26.000,,0,75 08:12.579,8,0,0,0,67301,1,0,0,N,1,0,0,2,67301,0,,1,1,,N,N,,0,,0,0,1,3,2,,9999,1,2,0,0,0,1,0,3,4,0,1,3,,N,,,,,,,,,,,
2007023539,1130.0,1,0,0,0,0,0,0,0,0,7,0,,67,12,2006,3,39.9963,-75.1961,1126.0,6,0,0,0,0,0,0,0,1,2.0,0,0,0,11,1,0,2,,1.0,39 59:47.298,4.0,0,75 11:47.776,0,0,0,0,67301,0,0,0,N,0,0,0,1,67301,0,,2,98,,N,N,,0,,0,0,0,0,0,N,1120,0,1,0,0,0,0,0,3,4,0,1,98,,N,,,,,,,,,,,
2007020849,1510.0,2,0,0,0,0,0,0,0,0,4,0,,67,12,2006,4,40.0332,-75.0378,1506.0,6,0,0,0,0,0,0,1,0,,0,0,0,14,1,0,1,,0.0,40 01:59.000,,0,75 02:15.936,9,0,0,0,67301,0,0,0,,0,0,0,2,67301,0,,1,1,,,,,0,,0,0,0,3,2,,1443,0,2,0,0,0,0,2,3,4,0,2,3,,N,,,,,,,,,,,
2007020851,1128.0,1,0,0,0,0,0,0,0,0,8,0,,67,12,2006,3,40.0649,-75.1951,1125.0,6,0,0,0,0,0,0,1,0,,0,0,0,11,1,1,1,,0.0,40 03:53.000,,0,75 11:42.113,8,0,0,0,67301,1,0,0,,1,0,0,2,67301,0,,1,1,,,,,0,,0,0,0,0,0,,1124,1,2,0,0,0,1,0,3,4,0,1,3,,N,,,,,,,,,,,
2007010951,1543.0,1,0,0,0,0,0,0,0,0,1,0,,67,11,2006,5,39.9156,-75.2354,1539.0,6,0,0,0,0,0,0,0,0,,0,0,0,15,1,1,0,,0.0,39 54:55.994,,0,75 14:07.285,4,0,0,0,67301,0,0,0,,0,0,0,3,67301,1,,1,9,,,,,1,,0,0,0,0,0,,1535,1,2,0,0,0,0,2,3,4,0,2,7,,N,,,,,,,,,,,
2007008471,1443.0,1,0,0,0,0,0,0,0,0,8,0,,67,11,2006,6,39.9434,-75.2203,1415.0,6,0,0,0,0,0,0,0,0,,0,0,0,16,1,2,1,,0.0,39 56:36.304,,0,75 13:12.928,4,0,0,0,67301,2,0,0,N,2,0,0,3,67301,2,,1,1,,N,N,,0,,0,0,0,3,3,,1630,2,3,0,0,0,0,1,3,4,0,1,3,,N,,,,,,,,,,,
2007008532,21.0,3,0,0,0,0,0,0,0,0,4,0,,67,11,2006,7,40.0016,-75.1286,20.0,6,0,0,0,0,0,0,0,0,,0,0,0,0,3,1,1,,0.0,40 00:05.796,,0,75 07:42.898,4,0,0,0,67301,0,0,0,N,0,0,0,2,67301,1,,1,1,,N,N,,0,,0,0,0,3,2,,20,1,3,0,0,0,0,0,3,4,0,3,3,,N,,,,,,,,,,,
2007008857,1320.0,2,0,0,0,0,0,0,0,0,4,0,,67,12,2006,2,39.9772,-75.21,1317.0,6,0,0,0,0,0,1,0,0,,0,0,0,13,1,0,1,,0.0,39 58:38.000,,0,75 12:36.000,9,0,0,0,67301,0,0,0,N,0,0,0,3,67301,0,,1,1,,N,N,,0,,0,0,0,0,0,,1315,0,2,0,0,0,0,3,3,4,0,2,3,,N,,,,,,,,,,,
2007008869,2033.0,1,0,0,0,0,0,0,0,0,8,0,,67,12,2006,3,40.0373,-75.1251,2023.0,6,0,0,0,0,0,0,0,0,,0,0,0,19,2,1,1,,0.0,40 02:14.355,,0,75 07:30.255,4,0,0,0,67301,1,0,0,N,1,0,0,2,67301,1,,1,1,,N,N,,0,,0,0,0,3,2,,1900,1,2,0,0,0,0,1,3,4,0,1,3,,N,,,,,,,,,,,
2007007098,105.0,1,0,0,0,0,0,0,0,0,1,0,,67,12,2006,1,,,58.0,6,0,0,0,0,1,0,0,0,2.0,0,0,0,0,3,3,0,,2.0,,3.0,0,,8,0,0,0,67301,0,0,0,Y,0,0,0,3,67301,0,,1,1,,N,N,,1,,0,0,0,0,0,N,55,3,2,0,0,0,3,0,3,3,0,2,3,,N,,,,,,,,,,,
2007007144,742.0,2,0,0,0,0,0,0,0,0,2,0,,67,11,2006,2,40.0098,-75.1425,737.0,6,0,0,0,0,0,1,0,0,,0,0,0,7,1,0,0,,0.0,40 00:35.265,,0,75 08:33.061,9,0,0,0,67301,0,0,0,,0,0,0,3,67301,0,,1,9,,N,N,,0,,0,0,0,0,0,,730,0,2,0,0,0,0,1,3,4,0,2,7,,N,,,,,,,,,,,
2007007494,1120.0,2,0,0,0,0,0,0,0,0,4,0,,67,11,2006,3,40.1079,-75.0264,1114.0,6,0,0,0,0,0,1,0,0,,0,0,0,99,1,2,1,,0.0,40 06:28.000,,0,75 01:35.466,4,0,0,0,67301,0,0,0,N,0,0,0,4,67301,2,,1,1,,,Y,,0,,0,0,0,0,0,,9999,2,2,0,0,0,0,1,3,4,0,2,98,,N,,,,,,,,,,,
2007007730,352.0,2,0,0,0,0,0,0,0,0,6,0,,67,1,2006,4,39.965,-75.2246,337.0,6,0,0,0,0,0,0,0,0,,0,0,0,3,3,1,1,,0.0,39 57:53.000,,0,75 13:28.378,3,0,0,0,67301,0,0,0,N,0,0,0,2,67301,0,,1,9,,N,N,,0,,1,0,0,3,2,,300,1,2,0,0,0,0,0,3,4,0,2,3,,N,,,,,,,,,,,
2007007509,2126.0,3,0,0,0,0,0,0,0,0,1,0,,67,11,2006,4,40.0506,-75.0102,2125.0,6,0,1,0,0,0,1,0,0,,0,0,0,21,3,1,1,,0.0,40 03:02.000,,0,75 00:36.484,4,0,0,0,67301,0,0,0,N,0,0,0,6,67301,1,,1,9,,N,N,,0,,0,0,0,3,2,,2120,1,3,0,0,0,0,0,3,4,0,3,7,,N,,,,,,,,,,,
2007007742,2110.0,0,0,0,0,0,0,0,0,0,8,0,,67,11,2006,1,39.9473,-75.2337,2107.0,6,0,0,0,0,0,0,0,0,1.0,0,0,0,21,3,1,1,,1.0,39 56:50.000,1.0,0,75 14:01.033,4,0,0,0,67301,1,0,0,N,1,0,0,2,67301,1,,1,9,,N,N,,0,,0,0,1,3,2,Y,2100,1,2,0,0,0,0,0,3,4,0,1,7,,N,,,,,,,,,,,
2007010296,9999.0,2,0,0,0,0,0,0,0,0,4,0,,67,11,2006,6,39.9217,-75.1902,1100.0,6,0,0,0,0,0,0,0,0,,0,0,0,11,1,1,1,,0.0,39 55:17.972,,0,75 11:24.679,4,0,0,0,67301,0,0,0,N,0,0,0,3,67301,1,,1,1,,N,N,,0,,0,0,0,3,2,,1100,1,2,0,0,0,0,0,3,4,0,2,3,,N,,,,,,,,,,,
2007007715,1618.0,1,0,0,0,0,0,0,0,0,1,0,,67,12,2006,6,40.0787,-75.2125,1610.0,6,0,0,0,0,0,0,0,0,,0,0,0,15,1,1,0,,0.0,40 04:43.406,,0,75 12:45.118,8,0,0,0,67301,0,0,0,N,0,0,0,5,67301,0,,1,9,,N,N,,0,,0,0,0,0,0,,1558,1,3,0,0,1,1,1,3,4,1,3,7,,N,,,,,,,,,,,
2007007722,1059.0,2,0,0,0,0,0,0,0,0,4,0,,67,11,2006,6,40.0946,-75.0152,1056.0,6,0,0,0,1,1,0,0,0,,0,0,0,99,1,0,5,,0.0,40 05:40.000,,0,75 00:53.997,0,0,0,0,67301,0,0,0,N,0,0,0,3,67301,0,,1,1,,N,N,,0,,0,0,0,3,2,,9999,0,2,0,0,0,0,0,3,4,0,2,3,,N,,,,,,,,,,,
2007023238,1420.0,2,0,0,0,0,0,0,0,0,4,0,,67,12,2006,6,40.1018,-75.0063,1415.0,6,0,0,0,0,0,0,0,0,,0,0,0,14,1,3,2,,0.0,40 06:06.480,,0,75 00:22.680,3,0,0,0,67301,0,0,0,,0,0,0,3,67301,2,,1,1,,,,,0,,1,0,0,3,2,,1410,3,2,0,0,0,0,0,3,4,0,2,3,,N,,,,,,,,,,,
2007009188,212.0,1,0,0,0,0,0,0,0,0,1,0,,67,11,2006,4,40.1157,-75.0283,210.0,6,0,0,0,0,0,0,0,1,,0,0,0,2,3,0,0,,0.0,40 06:56.638,,0,75 01:41.973,0,0,0,0,67301,0,0,0,N,0,0,0,1,67301,0,,1,1,,N,N,,1,,0,0,0,0,0,,209,0,2,0,0,0,0,0,3,4,0,2,3,,N,,,,,,,,,,,
2007009189,1709.0,0,0,0,0,0,0,0,0,0,4,0,,67,11,2006,1,40.0433,-75.1613,1708.0,6,0,0,0,0,0,0,0,0,1.0,0,1,0,16,3,1,1,,1.0,40 02:36.000,2.0,0,75 09:40.868,8,0,0,0,67301,0,0,0,N,0,0,0,5,67301,0,,1,9,,N,N,,1,,0,0,0,3,2,N,1650,1,2,0,0,0,1,0,3,4,0,2,7,,N,,,,,,,,,,,
2007009031,625.0,2,0,0,0,0,0,0,0,0,2,0,,67,12,2006,4,40.0967,-75.0655,620.0,6,0,0,0,0,0,0,0,0,,0,0,0,6,3,2,0,,0.0,40 05:48.220,,0,75 03:55.900,3,0,0,0,67301,0,0,0,N,0,0,0,2,67301,1,,1,1,,N,N,,0,,1,0,0,0,0,,619,2,2,0,0,0,0,0,3,4,0,2,3,,N,,,,,,,,,,,
2007022249,2250.0,1,0,0,0,0,0,0,0,0,1,0,,67,12,2006,1,40.0433,-75.1613,2240.0,6,0,0,0,0,0,0,0,0,,0,0,0,22,3,1,1,,0.0,40 02:35.999,,0,75 09:40.854,8,0,0,0,67301,0,0,0,N,0,0,0,4,67301,0,,1,1,,N,N,,0,,0,0,1,3,2,,2238,1,2,0,0,0,1,0,3,4,0,2,3,,N,,,,,,,,,,,
2007030089,715.0,0,0,0,0,0,0,0,0,0,8,0,,67,11,2006,2,40.0003,-75.1425,711.0,6,0,0,0,0,0,1,0,0,,0,0,0,7,1,1,0,,0.0,40 00:01.000,,0,75 08:33.107,4,0,0,0,67301,1,0,0,,1,0,0,2,67301,1,,2,1,,,,,0,,0,0,0,0,0,,707,1,2,0,0,0,0,0,3,4,1,1,3,,N,,,,,,,,,,,
2007030102,855.0,0,0,0,0,0,0,0,0,0,4,0,,67,12,2006,6,40.1274,-75.0219,849.0,6,0,0,0,0,0,0,0,0,,0,0,0,8,1,1,0,,0.0,40 07:38.647,,7,75 01:18.717,4,0,0,0,67301,0,0,0,N,0,0,0,2,67301,1,,1,1,,N,N,,0,,0,0,2,3,6,,848,1,2,0,0,0,0,0,3,4,0,2,3,,N,,,,,,,,,,,
2007022822,1814.0,1,0,0,0,0,0,0,0,0,4,0,,67,12,2006,5,40.0995,-75.0115,1807.0,6,1,0,0,0,0,0,0,0,1.0,0,0,0,18,3,3,0,,1.0,40 05:58.203,5.0,7,75 00:41.313,8,0,0,0,67301,0,0,0,N,0,0,0,3,67301,0,,1,1,,N,N,,0,,0,0,1,3,2,N,1805,3,2,0,0,0,3,0,3,4,0,2,3,,N,,,,,,,,,,,
2007022843,1855.0,0,0,0,0,0,0,0,0,0,8,0,,67,12,2006,4,39.951,-75.1654,1850.0,6,0,0,0,0,0,1,0,0,,0,0,0,18,3,1,1,,0.0,39 57:03.000,,0,75 09:55.537,4,0,0,0,67301,1,0,0,N,1,0,0,2,67301,1,,1,1,,N,N,,0,,0,0,1,3,2,,1850,1,2,0,0,0,0,0,3,4,0,1,3,,N,,,,,,,,,,,
2007022732,1248.0,1,0,0,0,0,0,0,0,0,1,0,,67,12,2006,7,,,9999.0,6,0,0,1,0,0,0,0,0,,0,0,0,12,1,0,0,,0.0,,,4,,0,0,0,0,67301,0,0,0,N,0,0,0,2,67301,0,,1,1,,N,N,,0,,0,0,1,3,4,,1240,0,2,0,0,0,0,0,3,3,0,2,3,,N,,,,,,,,,,,
2007022799,1700.0,2,0,0,0,0,0,0,0,0,1,0,,67,12,2006,6,40.0274,-75.0922,1645.0,6,0,0,0,0,0,1,0,0,,0,0,0,16,1,1,0,,0.0,40 01:38.000,,0,75 05:32.360,8,0,0,0,67301,0,0,0,N,0,0,0,2,67301,0,,1,1,,N,N,,0,,0,0,0,0,0,,1645,1,2,0,0,0,1,0,3,4,0,2,3,,N,,,,,,,,,,,
2007020267,1016.0,2,0,0,0,0,0,0,0,0,1,0,,67,12,2006,7,39.8858,-75.2079,1014.0,6,0,0,0,0,0,0,1,0,2.0,1,0,0,10,1,3,0,,2.0,39 53:09.000,1.0,0,75 12:25.560,1,0,0,0,67301,0,0,0,N,0,0,0,4,67301,0,2.0,1,1,,N,N,,0,9.0,0,0,0,0,0,N,1013,3,2,1,0,2,3,0,3,4,0,2,3,,N,,,,,,,,,,,
2007022859,1428.0,2,0,0,0,0,0,0,0,0,4,0,,67,11,2006,5,39.9578,-75.1472,1426.0,6,0,0,0,0,0,0,0,0,,0,0,0,14,1,1,1,,0.0,39 57:28.000,,4,75 08:50.071,8,0,0,0,67301,0,0,0,N,0,0,0,3,67301,0,,1,9,,N,N,,0,,0,0,0,3,2,,1424,1,2,0,0,0,1,0,3,4,0,2,7,,N,,,,,,,,,,,
2006103246,1920.0,2,0,0,0,0,0,0,0,0,1,0,,67,9,2006,4,39.9924,-75.0926,1909.0,6,0,0,0,0,0,0,1,0,,0,0,0,19,1,1,2,,0.0,39 59:32.000,,0,75 05:33.352,8,0,0,0,67301,0,0,0,N,0,0,0,3,67301,0,,1,1,,N,N,,0,,0,0,0,0,0,,1900,1,2,0,0,0,1,0,3,4,0,2,3,,N,,,,,,,,,,,
2006082124,247.0,2,0,0,0,0,0,0,0,0,4,0,,67,6,2006,1,,,240.0,6,0,0,1,0,0,0,0,0,,0,0,0,99,3,0,1,,0.0,,,0,,0,0,0,0,67301,0,0,0,N,0,0,0,4,67301,0,,1,1,,N,N,,0,,0,0,0,3,2,,9999,0,2,0,0,0,0,0,3,3,0,2,3,,N,,,,,,,,,,,
2006082134,2206.0,1,0,0,0,0,0,0,0,0,8,0,,67,5,2006,6,39.9262,-75.1446,2204.0,6,0,0,0,0,0,0,0,0,1.0,0,0,0,22,2,1,0,,1.0,39 55:34.387,2.0,0,75 08:40.731,3,0,0,0,67301,1,0,0,N,1,0,0,2,67301,0,,1,1,,N,N,,0,,1,0,0,0,0,Y,2204,1,2,0,0,0,0,0,3,4,0,1,3,,N,,,,,,,,,,,
2006079823,2116.0,2,0,0,0,0,0,0,0,0,4,0,,67,6,2006,2,,,2115.0,6,0,0,0,1,0,0,0,0,,0,0,0,21,3,1,1,,0.0,,,0,,4,0,0,0,67301,0,0,0,N,0,0,0,2,67301,1,,1,1,,N,N,,0,,0,0,0,3,2,,2113,1,2,0,0,2,0,0,3,3,0,2,3,,N,,,,,,,,,,,
2006079865,1800.0,1,0,0,0,0,0,1,0,0,5,1,,67,5,2006,4,,,1756.0,6,0,0,0,0,0,0,0,0,,0,0,0,17,1,3,1,,0.0,,,0,,8,0,0,0,67301,0,0,0,,0,0,0,5,67301,0,,4,1,,,,,0,,0,0,0,3,2,,1745,3,2,0,0,0,3,1,3,3,0,2,3,,N,,,,,,,,,,,
2006021106,350.0,2,0,0,0,0,0,0,0,0,1,0,,67,1,2006,1,39.9698,-75.1257,340.0,6,0,0,0,0,0,0,0,0,,0,0,0,2,3,1,0,,0.0,39 58:17.000,,0,75 07:24.283,8,0,0,0,67301,0,0,0,N,0,0,0,2,67301,0,,1,2,,N,N,,0,,0,0,0,0,0,,205,1,2,0,0,2,1,0,3,4,0,2,10,,N,,,,,,,,,,,
2007054685,1855.0,1,0,0,0,0,0,0,0,0,1,0,,67,12,2006,5,39.9165,-75.1693,1848.0,6,0,0,0,0,0,0,0,0,,0,0,0,18,3,1,1,,0.0,39 54:59.000,,0,75 10:09.463,4,0,0,0,67301,0,0,0,N,0,0,0,3,67301,1,,1,1,,N,N,,0,,0,0,1,3,2,,1840,1,2,0,0,0,0,0,3,4,0,2,3,,N,,,,,,,,,,,
2007023075,225.0,1,0,0,0,0,0,0,0,0,4,0,,67,12,2006,1,40.027,-75.1642,221.0,6,0,0,0,0,0,0,0,0,,0,0,0,2,3,2,0,,0.0,40 01:37.153,,0,75 09:51.278,4,0,0,0,67301,0,0,0,N,0,0,0,5,67301,1,,6,1,,N,N,,0,,0,0,3,0,0,,219,2,4,0,0,2,1,0,3,4,0,4,3,,N,,,,,,,,,,,
2007023082,1435.0,0,0,0,1,0,0,0,0,0,1,0,,67,9,2006,1,39.9115,-75.2395,1427.0,6,0,0,0,0,0,0,0,0,,0,0,0,14,1,1,2,,0.0,39 54:41.284,,0,75 14:22.279,4,0,0,0,67301,1,0,0,N,0,0,0,2,67301,1,,1,1,,N,N,,0,,0,0,0,0,0,,1420,1,2,0,0,0,0,0,3,4,0,1,3,,N,,,,,,,,,,,
2007023151,1802.0,1,0,0,0,0,0,0,0,0,2,0,,67,12,2006,1,39.9858,-75.1645,1800.0,6,0,0,0,0,0,0,0,0,,0,0,0,17,3,3,1,,0.0,39 59:08.822,,0,75 09:52.289,4,0,0,0,67301,0,0,0,N,0,0,0,3,67301,3,,1,1,,N,N,,1,,0,0,0,3,2,,1755,3,2,0,0,0,0,0,3,4,0,2,3,,N,,,,,,,,,,,
2007008453,1611.0,2,0,0,0,0,0,0,0,0,4,0,,67,12,2006,5,39.9878,-75.0921,1611.0,6,0,0,0,0,0,0,0,1,,0,0,0,14,1,1,1,,0.0,39 59:16.000,,0,75 05:31.296,4,0,0,0,67301,0,0,0,N,0,0,0,3,67301,1,,1,1,,N,N,,0,,0,0,0,3,2,,1445,1,2,0,0,1,0,0,3,4,0,2,3,,N,,,,,,,,,,,
2007008456,320.0,1,0,0,0,0,0,0,0,0,7,0,,67,11,2006,1,39.9677,-75.1309,315.0,6,0,0,0,0,0,0,0,0,1.0,0,0,0,99,3,1,0,,1.0,39 58:04.688,1.0,0,75 07:49.240,4,0,0,0,67301,0,0,0,N,0,0,0,1,67301,1,,2,1,,N,N,,0,,0,0,0,0,0,N,9999,1,1,0,0,0,0,0,3,4,0,1,3,,N,,,,,,,,,,,
2007008464,1312.0,2,0,0,0,0,0,0,0,0,1,0,,67,11,2006,4,40.027,-75.0755,1302.0,6,0,0,0,0,0,0,0,0,,0,0,0,13,1,1,1,,0.0,40 01:37.000,,0,75 04:32.148,8,0,0,0,67301,0,0,0,N,0,0,0,2,67301,0,,1,9,,N,N,,0,,0,0,0,3,2,,1300,1,2,0,0,0,1,1,3,4,0,2,7,,N,,,,,,,,,,,
2007008469,1410.0,1,0,0,0,0,0,0,0,0,4,0,,67,11,2006,5,39.9913,-75.1124,1355.0,6,0,0,0,0,0,0,0,0,,0,0,0,13,1,1,2,,0.0,39 59:28.672,,0,75 06:44.600,4,0,0,0,67301,0,0,0,,0,0,0,3,67301,1,,1,9,,N,N,,0,,0,0,0,3,3,,1345,1,2,0,0,0,0,1,3,4,1,2,7,,N,,,,,,,,,,,
2007008492,1957.0,2,0,0,0,0,0,0,0,0,7,0,,67,11,2006,5,40.0361,-75.0878,1946.0,6,0,0,0,1,0,1,0,0,,0,0,0,19,3,2,0,,0.0,40 02:10.086,,0,75 05:16.023,8,0,0,0,67301,0,0,0,N,0,0,0,2,67301,0,,1,9,,N,N,,0,,0,0,0,0,0,,1935,2,2,0,0,0,2,0,3,4,0,2,7,,N,,,,,,,,,,,