CRN,ARRIVAL_TM,AUTOMOBILE_COUNT,BELTED_DEATH_COUNT,BELTED_SUSP_SERIOUS_INJ_COUNT,BICYCLE_COUNT,BICYCLE_DEATH_COUNT,BICYCLE_SUSP_SERIOUS_INJ_COUNT,BUS_COUNT,CHLDPAS_DEATH_COUNT,CHLDPAS_SUSP_SERIOUS_INJ_COUNT,COLLISION_TYPE,COMM_VEH_COUNT,CONS_ZONE_SPD_LIM,COUNTY,CRASH_MONTH,CRASH_YEAR,DAY_OF_WEEK,DEC_LAT,DEC_LONG,DISPATCH_TM,DISTRICT,DRIVER_COUNT_16YR,DRIVER_COUNT_17YR,DRIVER_COUNT_18YR,DRIVER_COUNT_19YR,DRIVER_COUNT_20YR,DRIVER_COUNT_50_64YR,DRIVER_COUNT_65_74YR,DRIVER_COUNT_75PLUS,EST_HRS_CLOSED,FATAL_COUNT,HEAVY_TRUCK_COUNT,HORSE_BUGGY_COUNT,HOUR_OF_DAY,ILLUMINATION,INJURY_COUNT,INTERSECT_TYPE,INTERSECTION_RELATED,LANE_CLOSED,LATITUDE,LN_CLOSE_DIR,LOCATION_TYPE,LONGITUDE,MAX_SEVERITY_LEVEL,MCYCLE_DEATH_COUNT,MCYCLE_SUSP_SERIOUS_INJ_COUNT,MOTORCYCLE_COUNT,MUNICIPALITY,NONMOTR_COUNT,NONMOTR_DEATH_COUNT,NONMOTR_SUSP_SERIOUS_INJ_COUNT,NTFY_HIWY_MAINT,PED_COUNT,PED_DEATH_COUNT,PED_SUSP_SERIOUS_INJ_COUNT,PERSON_COUNT,POLICE_AGCY,POSSIBLE_INJ_COUNT,RDWY_SURF_TYPE_CD,RELATION_TO_ROAD,ROAD_CONDITION,ROADWAY_CLEARED,SCH_BUS_IND,SCH_ZONE_IND,SECONDARY_CRASH,SMALL_TRUCK_COUNT,SPEC_JURIS_CD,SUSP_MINOR_INJ_COUNT,SUSP_SERIOUS_INJ_COUNT,SUV_COUNT,TCD_FUNC_CD,TCD_TYPE,TFC_DETOUR_IND,TIME_OF_DAY,TOT_INJ_COUNT,TOTAL_UNITS,UNB_DEATH_COUNT,UNB_SUSP_SERIOUS_INJ_COUNT,UNBELTED_OCC_COUNT,UNK_INJ_DEG_COUNT,UNK_INJ_PER_COUNT,URBAN_AREA,URBAN_RURAL,VAN_COUNT,VEHICLE_COUNT,WEATHER1,WEATHER2,WORK_ZONE_IND,WORK_ZONE_LOC,WORK_ZONE_TYPE,WORKERS_PRES,WZ_CLOSE_DETOUR,WZ_FLAGGER,WZ_LAW_OFFCR_IND,WZ_LN_CLOSURE,WZ_MOVING,WZ_OTHER,WZ_SHLDER_MDN,WZ_WORKERS_INJ_KILLED
2007000613,1231.0,0,0,1,0,0,0,0,0,0,7,0,,67,11,2006,3,39.9241,-75.1926,1230.0,6,0,0,0,0,0,1,0,0,1.0,0,0,0,12,1,1,0,,1.0,39 55:27.000,3.0,0,75 11:34.345,2,0,0,0,67301,0,0,0,N,0,0,0,1,67501,0,,2,1,,N,N,,1,,0,1,0,0,0,N,1220,1,1,0,0,0,0,0,3,4,0,1,3,,N,,,,,,,,,,,
2007011124,1706.0,2,0,0,0,0,0,0,0,0,4,0,,67,12,2006,3,39.9705,-75.149,1703.0,6,0,0,0,0,0,0,0,0,,0,0,0,17,4,0,1,,0.0,39 58:13.753,,0,75 08:56.245,0,0,0,0,67301,0,0,0,,0,0,0,2,67301,0,,1,1,,N,N,,0,,0,0,0,3,2,,1700,0,2,0,0,0,0,0,3,4,0,2,3,,N,,,,,,,,,,,
2007029502,2350.0,3,0,0,0,0,0,0,0,0,5,0,,67,11,2006,2,40.0651,-75.1915,2345.0,6,0,0,0,0,0,0,0,0,,0,0,0,23,3,2,0,,0.0,40 03:54.183,,0,75 11:29.245,4,0,0,0,67301,0,0,0,N,0,0,0,2,67301,1,,4,1,,N,N,,0,,0,0,0,0,0,,2315,2,3,0,0,0,1,0,3,4,0,3,3,,N,,,,,,,,,,,
2007021532,1425.0,1,0,0,0,0,0,0,0,0,8,0,,67,12,2006,3,40.0204,-75.1401,1410.0,6,0,1,0,0,0,0,0,0,,0,0,0,14,1,1,2,,0.0,40 01:13.458,,0,75 08:24.453,4,0,0,0,67301,1,0,0,N,0,0,0,2,67301,1,,1,1,,N,N,,0,,0,0,0,0,0,,1400,1,2,0,0,0,0,0,3,4,0,1,3,,N,,,,,,,,,,,
2007008855,436.0,1,0,0,0,0,0,0,0,0,5,1,,67,12,2006,6,39.9733,-75.1206,433.0,6,0,0,0,0,0,0,0,0,1.0,0,1,0,4,3,1,0,,1.0,39 58:24.000,2.0,6,75 07:13.502,4,0,0,0,67301,0,0,0,N,0,0,0,2,67301,1,,1,9,,N,N,,0,,0,0,0,0,0,N,430,1,2,0,0,0,0,1,3,4,0,2,7,,N,,,,,,,,,,,
2007007968,718.0,6,0,0,0,0,0,0,0,0,4,0,,67,11,2006,2,39.9406,-75.1711,717.0,6,0,0,0,0,0,1,0,0,1.0,0,0,0,7,1,1,1,,2.0,39 56:26.296,2.0,0,75 10:16.039,3,0,0,0,67301,0,0,0,N,0,0,0,2,67301,0,,1,9,,N,N,,0,,1,0,0,3,2,N,716,1,6,0,0,0,0,0,3,4,0,6,7,,N,,,,,,,,,,,
2007007281,831.0,1,0,0,0,0,0,0,0,0,5,1,,67,11,2006,2,39.8933,-75.2361,816.0,6,0,0,0,0,0,1,0,0,,0,1,0,8,1,1,1,,0.0,39 53:35.000,,2,75 14:09.824,4,0,0,0,67301,0,0,0,N,0,0,0,2,67301,1,,2,9,,N,N,,0,,0,0,0,9,4,,811,1,2,0,0,0,0,0,3,4,0,2,7,,N,,,,,,,,,,,
2007007568,1920.0,2,0,0,0,0,0,0,0,0,6,0,,67,12,2006,6,39.9825,-75.2062,1916.0,6,0,0,0,0,0,1,0,0,2.0,0,0,0,19,3,2,0,,1.0,39 58:57.100,5.0,0,75 12:22.400,3,0,0,0,67301,0,0,0,N,0,0,0,4,67301,1,,1,9,,N,N,,0,,1,0,1,0,0,Y,1916,2,3,0,0,0,0,0,3,4,0,3,7,,N,,,,,,,,,,,
2007007670,1659.0,2,0,0,0,0,0,0,0,0,1,0,,67,6,2006,2,40.0148,-75.2064,1650.0,6,0,0,0,0,0,0,0,0,,0,0,0,16,3,0,3,,0.0,40 00:54.000,,0,75 12:24.891,0,0,0,0,67301,0,0,0,N,0,0,0,2,67301,0,,1,9,,N,N,,0,,0,0,0,0,0,,1650,0,2,0,0,0,0,0,3,4,0,2,7,,N,,,,,,,,,,,
2007007671,349.0,1,0,0,0,0,0,0,0,0,7,0,,67,12,2006,1,40.0169,-75.2025,344.0,6,0,0,0,0,1,0,0,0,,0,0,0,3,3,0,0,,0.0,40 01:00.879,,0,75 12:08.952,0,0,0,0,67301,0,0,0,N,0,0,0,1,67301,0,,5,2,,N,N,,0,,0,0,0,0,0,,344,0,1,0,0,0,0,0,3,4,0,1,98,,N,,,,,,,,,,,
2007009384,2105.0,3,0,0,0,0,0,0,0,0,1,0,,67,11,2006,4,40.0455,-75.2178,2100.0,6,0,0,0,0,0,0,0,0,,0,0,0,20,3,0,0,,0.0,40 02:43.000,,0,75 13:04.159,9,0,0,0,67301,0,0,0,N,0,0,0,2,67301,0,,6,9,,N,N,,0,,0,0,0,0,0,,2055,0,3,0,0,0,0,1,3,4,0,3,7,5.0,N,,,,,,,,,,,
2007032591,,1,0,0,0,0,0,0,0,0,8,0,,67,12,2006,1,39.9924,-75.148,,6,0,0,0,0,0,0,0,0,,0,0,0,14,1,1,2,,0.0,39 59:32.485,,0,75 08:52.925,8,0,0,0,67301,1,0,0,,1,0,0,2,00000,0,,1,1,,,,,0,,0,0,0,0,0,,1430,1,2,0,0,0,1,0,3,4,0,1,3,,N,,,,,,,,,,,
2007022265,825.0,2,0,0,0,0,0,0,0,0,1,0,,67,12,2006,4,39.9816,-75.2301,820.0,6,0,0,1,0,0,0,0,0,,0,0,0,8,1,1,2,,0.0,39 58:53.626,,0,75 13:48.460,4,0,0,0,67301,0,0,0,N,0,0,0,2,67301,1,,1,9,,N,N,,0,,0,0,0,3,2,,820,1,2,0,0,0,0,1,3,4,0,2,7,,N,,,,,,,,,,,
2007022327,1715.0,2,0,0,0,0,0,0,0,0,2,0,,67,12,2006,7,39.9898,-75.1039,1710.0,6,0,0,0,0,0,0,0,0,,0,0,0,17,3,4,0,,0.0,39 59:27.000,,0,75 06:05.817,4,0,0,0,67301,0,0,0,N,0,0,0,5,67301,3,,3,1,,N,N,,0,,0,0,0,0,0,,1700,4,2,0,0,0,1,0,3,4,0,2,3,,N,,,,,,,,,,,
2007022358,449.0,1,0,0,0,0,0,1,0,0,4,1,,67,12,2006,4,40.0189,-75.1472,447.0,6,0,0,0,0,0,1,0,0,,0,0,0,4,3,1,1,,0.0,40 01:08.000,,0,75 08:49.392,4,0,0,0,67301,0,0,0,,0,0,0,10,67301,1,,1,1,,,,,0,,0,0,0,3,2,,422,1,2,0,0,0,0,0,3,4,0,2,3,,N,,,,,,,,,,,
2007022526,3.0,0,0,0,0,0,0,0,0,0,7,1,,67,12,2006,6,39.9644,-75.1834,2351.0,6,0,0,0,0,0,0,0,0,3.0,0,1,0,23,3,1,0,,2.0,39 57:51.738,4.0,1,75 11:00.276,8,0,0,0,67301,0,0,0,,0,0,0,1,67301,0,,2,1,,N,N,,0,,0,0,0,3,8,Y,2347,1,1,0,0,0,1,0,3,4,0,1,3,,N,,,,,,,,,,,
2007022731,333.0,1,0,0,0,0,0,0,0,0,7,0,,67,12,2006,1,40.0124,-75.2037,325.0,6,0,0,0,0,0,0,0,0,,0,0,0,3,3,1,0,,0.0,40 00:42.000,,0,75 12:11.062,4,0,0,0,67301,0,0,0,N,0,0,0,1,67301,1,,4,1,,N,N,,0,,0,0,0,0,0,,321,1,1,0,0,1,0,0,3,4,0,1,3,,N,,,,,,,,,,,
2007022782,2050.0,1,0,0,0,0,0,0,0,0,8,0,,67,12,2006,7,40.0196,-75.0791,2045.0,6,0,0,0,0,0,0,0,0,,0,0,0,20,3,1,1,,0.0,40 01:10.632,,0,75 04:44.741,8,0,0,0,67301,1,0,0,N,1,0,0,2,67301,0,,1,1,,N,N,,0,,0,0,0,9,3,,2044,1,2,0,0,0,1,1,3,4,0,1,3,,N,,,,,,,,,,,
2007022864,9999.0,0,0,0,0,0,0,0,0,0,4,0,,67,12,2006,4,40.0022,-75.1576,1105.0,6,0,0,0,0,0,0,0,1,,0,0,0,99,1,4,1,,0.0,40 00:07.000,,0,75 09:27.518,8,0,0,0,67301,0,0,0,N,0,0,0,4,67301,0,,1,1,,N,N,,1,,0,0,0,3,2,,9999,4,2,0,0,0,4,0,3,4,1,2,3,,N,,,,,,,,,,,
2007023027,2142.0,2,0,0,0,0,0,0,0,0,4,0,,67,12,2006,5,40.0443,-75.0541,2140.0,6,0,0,0,0,1,0,0,0,,0,0,0,21,3,1,1,,0.0,40 02:39.000,,0,75 03:14.497,8,0,0,0,67301,0,0,0,N,0,0,0,2,67301,0,,1,1,,N,N,,0,,0,0,0,3,2,,2100,1,2,0,0,0,1,0,3,4,0,2,3,,N,,,,,,,,,,,
2008069526,2120.0,1,0,0,0,0,0,0,0,0,8,0,,67,4,2006,7,40.0607,-75.028,2115.0,6,0,0,0,0,0,0,0,0,,0,0,0,21,3,1,2,,0.0,40 03:38.631,,0,75 01:40.807,8,0,0,0,67301,1,0,0,N,1,0,0,2,67301,0,,1,1,,N,N,,0,,0,0,0,3,2,,2115,1,2,0,0,0,1,0,3,4,0,1,3,,N,,,,,,,,,,,
2009074584,1048.0,3,0,0,0,0,0,0,0,0,2,0,,67,6,2006,7,39.9372,-75.1615,1048.0,6,0,0,0,0,1,0,0,0,,0,0,0,10,1,1,1,,0.0,39 56:13.855,,0,75 09:41.371,3,0,0,0,67301,0,0,0,N,0,0,0,1,67301,0,,1,1,,N,N,,0,,1,0,0,3,2,,1040,1,3,0,0,0,0,0,3,4,0,3,3,,N,,,,,,,,,,,
2006033803,745.0,2,0,0,0,0,0,0,0,0,1,0,,67,1,2006,3,39.9631,-75.1792,736.0,6,0,0,0,0,0,0,0,0,,0,0,0,7,1,0,5,,0.0,39 57:47.000,,0,75 10:45.888,0,0,0,0,67301,0,0,0,,0,0,0,2,67301,0,,1,1,,N,N,,0,,0,0,0,3,2,,733,0,2,0,0,0,0,0,3,4,0,2,3,,N,,,,,,,,,,,
2006081132,1025.0,1,0,0,1,0,0,0,0,0,4,0,,67,7,2006,7,,,1019.0,6,0,0,0,0,0,1,0,0,,0,0,0,10,1,1,0,,0.0,,,0,,4,0,0,0,67301,1,0,0,,0,0,0,2,67301,1,,1,1,,,,,0,,0,0,0,0,0,,1019,1,2,0,0,0,0,0,3,3,0,1,3,,N,,,,,,,,,,,
2006105889,1725.0,2,0,0,0,0,0,0,0,0,4,0,,67,9,2006,7,40.0116,-75.1605,1723.0,6,0,0,0,0,0,0,0,0,,0,0,0,17,1,1,2,,0.0,40 00:41.724,,0,75 09:37.814,4,0,0,0,67301,0,0,0,N,0,0,0,2,67301,1,,1,1,,N,N,,0,,0,0,0,3,3,,1721,1,2,0,0,0,0,0,3,4,0,2,3,,N,,,,,,,,,,,
2006053823,1900.0,1,0,0,0,0,0,0,0,0,4,0,,67,4,2006,7,40.0391,-75.11,1900.0,6,0,0,0,0,0,0,0,0,,0,0,0,18,4,1,0,,0.0,40 02:20.798,,0,75 06:36.011,4,0,0,0,67301,0,0,0,N,0,0,0,4,67301,1,,1,1,,N,N,,0,,0,0,1,0,0,,1850,1,2,0,0,0,0,0,3,4,0,2,3,,N,,,,,,,,,,,
2006055877,1345.0,2,0,0,0,0,0,0,0,0,5,0,,67,3,2006,7,39.9536,-75.1409,1335.0,6,0,0,0,0,0,0,0,0,1.0,0,0,0,13,1,1,0,,1.0,39 57:15.120,1.0,3,75 08:27.600,3,0,0,0,67301,0,0,0,N,0,0,0,2,67301,0,,1,1,,N,N,,0,,1,0,0,0,0,Y,1330,1,2,0,0,0,0,1,3,4,0,2,3,,N,,,,,,,,,,,
2006055885,130.0,2,0,0,0,0,0,0,0,0,1,0,,67,3,2006,7,39.9656,-75.1863,127.0,6,0,0,0,0,0,0,0,0,,0,0,0,1,3,1,0,,0.0,39 57:56.000,,0,75 11:11.526,4,0,0,0,67301,0,0,0,,0,0,0,3,67301,1,,1,1,,,,,0,,0,0,0,0,0,,125,1,2,0,0,0,0,0,3,4,0,2,3,,N,,,,,,,,,,,
2006055960,2300.0,1,0,0,0,0,0,0,0,0,6,0,,67,3,2006,1,39.921,-75.2289,2300.0,6,0,0,0,0,0,0,0,0,,0,0,0,22,3,1,1,,0.0,39 55:15.688,,0,75 13:44.130,8,0,0,0,67301,0,0,0,N,0,0,0,3,67301,0,,1,1,,N,N,,0,,0,0,0,3,2,,2250,1,2,0,0,0,1,2,3,4,0,2,5,,N,,,,,,,,,,,
2006081757,1405.0,2,0,0,0,0,0,0,0,0,4,0,,67,7,2006,6,39.9159,-75.2453,1400.0,6,0,0,0,0,0,1,0,0,,0,0,0,13,1,0,2,,0.0,39 54:57.000,,0,75 14:43.028,0,0,0,0,67301,0,0,0,,0,0,0,2,67301,0,,1,1,,N,N,,0,,0,0,0,0,0,,1359,0,2,0,0,2,0,0,3,4,0,2,3,,N,,,,,,,,,,,
2006092437,245.0,1,0,0,0,0,0,0,0,0,1,0,,67,8,2006,4,39.9131,-75.2433,240.0,6,0,0,0,0,0,0,0,1,,0,0,0,2,6,1,1,,0.0,39 54:47.000,,0,75 14:35.486,4,0,0,0,67301,0,0,0,N,0,0,0,3,67301,1,,1,1,,N,N,,1,,0,0,0,3,2,,240,1,2,0,0,1,0,1,3,4,0,2,3,,N,,,,,,,,,,,
2006079621,1445.0,0,0,0,0,0,0,0,0,0,8,0,,67,6,2006,6,,,1445.0,6,0,0,0,0,0,0,0,0,,0,0,0,14,1,1,0,,0.0,,,0,,4,0,0,0,67301,1,0,0,N,1,0,0,2,67301,1,,1,1,,N,N,,0,,0,0,0,0,0,,1440,1,2,0,0,0,0,0,3,3,1,1,3,,N,,,,,,,,,,,
2006082072,1200.0,2,0,0,0,0,0,0,0,0,4,0,,67,6,2006,3,40.0787,-75.2125,1058.0,6,0,0,0,0,0,1,0,1,,0,0,0,10,1,0,0,,0.0,40 04:43.406,,7,75 12:45.118,9,0,0,0,67301,0,0,0,N,0,0,0,2,67301,0,,1,1,,N,N,,0,,0,0,0,3,3,,1030,0,2,0,0,0,0,1,3,4,0,2,3,,N,,,,,,,,,,,
2006082103,1316.0,2,0,0,0,0,0,0,0,0,1,0,,67,6,2006,6,40.0521,-75.0678,1314.0,6,0,0,0,0,0,0,0,0,,0,0,0,13,1,0,1,,0.0,40 03:07.000,,0,75 04:03.996,0,0,0,0,67301,0,0,0,N,0,0,0,4,67301,0,,1,1,,N,N,,0,,0,0,0,3,2,,1310,0,2,0,0,0,0,0,3,4,0,2,3,,N,,,,,,,,,,,
2006082129,1325.0,2,0,0,0,0,0,0,0,0,4,0,,67,6,2006,6,,,1316.0,6,0,0,0,0,0,0,1,0,,0,0,0,13,1,0,0,,0.0,,,0,,0,0,0,0,67301,0,0,0,N,0,0,0,1,67301,0,,1,1,,N,N,,0,,0,0,0,0,0,,1314,0,2,0,0,0,0,0,3,3,0,2,3,,N,,,,,,,,,,,
2006084943,1650.0,1,0,0,0,0,0,0,0,0,7,0,,67,7,2006,7,40.0178,-75.2114,1643.0,6,0,0,0,0,0,0,1,0,,0,0,0,16,1,0,1,,0.0,40 01:04.000,,0,75 12:40.887,0,0,0,0,67301,0,0,0,N,0,0,0,1,67301,0,,2,9,,N,N,,0,,0,0,0,0,0,,1640,0,1,0,0,0,0,0,3,4,0,1,7,,N,,,,,,,,,,,
2006023728,1419.0,1,0,0,0,0,0,1,0,0,4,1,,67,1,2006,5,40.0146,-75.1567,1414.0,6,0,0,0,0,0,1,0,0,1.0,0,0,0,14,1,1,1,,1.0,40 00:52.000,4.0,0,75 09:24.112,4,0,0,0,67301,0,0,0,N,0,0,0,2,67301,1,,1,1,,N,N,,0,,0,0,0,3,2,N,1413,1,2,0,0,0,0,0,3,4,0,2,3,,N,,,,,,,,,,,
2007006819,9999.0,1,0,0,0,0,0,0,0,0,1,0,,67,12,2006,1,39.9704,-75.1465,,6,0,0,0,0,1,0,0,0,,0,0,0,99,3,0,1,,0.0,39 58:13.000,,0,75 08:47.408,0,0,0,0,67301,0,0,0,N,0,0,0,3,67301,0,,1,1,,N,N,,1,,0,0,0,3,2,,9999,0,2,0,0,0,0,0,3,4,0,2,3,,N,,,,,,,,,,,
2007020809,1430.0,1,0,0,0,0,0,0,0,0,5,0,,67,12,2006,5,40.0334,-75.0666,1425.0,6,0,0,0,0,0,1,0,0,,0,0,0,14,1,0,1,,0.0,40 02:00.000,,0,75 03:59.552,9,0,0,0,67301,0,0,0,,0,0,0,2,67301,0,,1,1,,N,N,,0,,0,0,0,0,0,,1420,0,2,0,0,0,0,2,3,4,1,2,3,,N,,,,,,,,,,,
2007008395,9999.0,2,0,0,0,0,0,0,0,0,6,0,,67,11,2006,3,40.0247,-75.1237,1826.0,6,0,0,0,0,0,1,0,0,,0,0,0,99,3,6,1,,0.0,40 01:28.740,,0,75 07:25.247,8,0,0,0,67301,0,0,0,N,0,0,0,6,67301,0,,9,1,,N,N,,0,,0,0,0,0,0,,9999,6,2,0,0,0,6,0,3,4,0,2,3,,N,,,,,,,,,,,
2007008527,2130.0,2,0,0,0,0,0,0,0,0,4,1,,67,11,2006,5,39.921,-75.2152,2125.0,6,0,0,0,0,0,0,0,0,4.0,0,1,0,17,1,0,0,,1.0,39 55:15.708,5.0,0,75 12:54.586,9,0,0,0,67301,0,0,0,,0,0,0,4,67301,0,,1,9,,,,,0,,0,0,0,0,0,N,1730,0,3,0,0,0,0,1,3,4,0,3,7,,N,,,,,,,,,,,
2007008541,1821.0,1,0,0,0,0,0,0,0,0,4,0,,67,11,2006,3,40.0077,-75.1388,1819.0,6,0,0,0,0,0,0,0,0,2.0,0,0,0,18,3,1,1,,1.0,40 00:27.000,4.0,0,75 08:19.880,4,0,0,0,67301,0,0,0,N,0,0,0,2,67301,1,,1,1,,N,N,,0,,0,0,1,0,0,Y,1817,1,2,0,0,0,0,0,3,4,0,2,3,,N,,,,,,,,,,,
2007021537,9999.0,3,0,0,0,0,0,0,0,0,1,0,,67,12,2006,7,40.0443,-75.0541,9999.0,6,0,0,0,0,0,0,0,0,,0,0,0,99,1,2,1,,0.0,40 02:39.000,,0,75 03:14.767,8,0,0,0,67301,0,0,0,N,0,0,0,5,67301,0,,1,1,,N,N,,0,,0,0,0,3,2,,9999,2,4,0,0,0,2,0,3,4,1,4,3,,N,,,,,,,,,,,
2007007971,1046.0,1,0,0,0,0,0,0,0,0,4,1,,67,11,2006,2,39.9137,-75.1474,1046.0,6,0,0,0,0,0,0,1,0,,0,1,0,10,1,1,2,,0.0,39 54:49.000,,0,75 08:50.414,4,0,0,0,67301,0,0,0,N,0,0,0,2,67301,1,,1,9,,N,N,,0,,0,0,0,0,0,,1044,1,2,0,0,0,0,0,3,4,0,2,7,,N,,,,,,,,,,,
2007022154,410.0,2,0,0,0,0,0,0,0,0,4,0,,67,12,2006,7,39.9818,-75.1819,400.0,6,0,0,0,0,0,1,0,0,,0,0,0,2,3,1,1,,0.0,39 58:54.400,,0,75 10:54.828,4,0,0,0,67301,0,0,0,N,0,0,0,3,67301,1,,1,1,,N,N,,0,,0,0,0,9,3,,250,1,2,0,0,3,0,0,3,4,0,2,3,,N,,,,,,,,,,,
2007007089,710.0,1,0,0,0,0,0,0,0,0,5,0,,67,11,2006,4,,,702.0,6,0,0,0,0,0,0,0,0,,0,0,0,6,1,1,0,,0.0,,,0,,4,0,0,0,67301,0,0,0,N,0,0,0,2,67301,1,,1,1,,N,N,,1,,0,0,0,0,0,,655,1,2,0,0,0,0,0,3,3,0,2,3,,N,,,,,,,,,,,
2007007138,1244.0,0,0,0,0,0,0,0,0,0,1,0,,67,11,2006,5,39.9554,-75.1647,1234.0,6,0,0,0,0,0,0,0,0,,0,0,0,12,1,3,0,,0.0,39 57:19.400,,0,75 09:53.000,4,0,0,0,67301,0,0,0,N,0,0,0,3,67301,3,,1,1,,N,N,,0,,0,0,1,0,0,,1215,3,2,0,0,0,0,0,3,4,1,2,3,,N,,,,,,,,,,,
2007009830,1700.0,1,0,0,0,0,0,1,0,0,5,1,,67,11,2006,5,39.9794,-75.1523,1700.0,6,0,0,0,0,0,0,0,0,,0,0,0,16,2,1,0,,0.0,39 58:45.900,,0,75 09:08.200,4,0,0,0,67301,0,0,0,N,0,0,0,3,67301,1,,1,9,,N,N,,0,,0,0,0,0,0,,1645,1,2,0,0,0,0,0,3,4,0,2,7,,N,,,,,,,,,,,
2007007761,1526.0,1,0,0,0,0,0,0,0,0,5,0,,67,12,2006,7,40.0009,-75.1103,1525.0,6,0,0,0,0,0,1,0,0,,0,0,0,14,1,1,0,,0.0,40 00:03.319,,0,75 06:37.188,8,0,0,0,67301,0,0,0,N,0,0,0,3,67301,0,,1,1,,N,N,,1,,0,0,0,0,0,,1450,1,2,0,0,0,1,0,3,4,0,2,3,,N,,,,,,,,,,,
2007007121,1242.0,1,0,0,0,0,0,0,0,0,6,0,,67,11,2006,6,40.0068,-75.0945,1235.0,6,0,0,0,0,0,0,0,0,,0,0,0,99,1,1,0,,0.0,40 00:24.600,,7,75 05:40.200,3,0,0,1,67301,0,0,0,,0,0,0,2,67301,0,,1,1,,,,,0,,1,0,0,0,0,,9999,1,2,0,0,0,0,1,3,4,0,2,3,,N,,,,,,,,,,,
2007022257,1052.0,0,0,0,0,0,0,0,0,0,8,0,,67,12,2006,4,39.963,-75.1584,1052.0,6,0,0,0,0,0,0,0,0,,0,0,0,10,1,1,2,,0.0,39 57:46.000,,0,75 09:30.342,4,0,0,0,67301,1,0,0,N,1,0,0,2,67301,1,,1,9,,N,N,,0,,0,0,0,3,2,,1052,1,2,0,0,0,0,0,3,4,1,1,7,,N,,,,,,,,,,,
2006079273,1711.0,1,0,0,0,0,0,1,0,0,1,1,,67,5,2006,4,39.9535,-75.2262,1711.0,6,0,0,0,0,0,0,0,0,,0,0,0,17,1,3,1,,0.0,39 57:12.000,,0,75 13:34.507,8,0,0,0,67301,0,0,0,N,0,0,0,9,67301,0,,1,1,,N,N,,0,,0,0,0,3,2,,1709,3,2,0,0,0,3,0,3,4,0,2,3,,N,,,,,,,,,,,
2006054039,905.0,3,0,0,0,0,0,0,0,0,4,0,,67,3,2006,3,40.0553,-75.1851,905.0,6,0,0,0,0,0,1,0,0,,0,0,0,8,1,1,2,,0.0,40 03:19.004,,0,75 11:06.183,4,0,0,0,67301,0,0,0,N,0,0,0,3,67301,1,,1,1,,N,N,,0,,0,0,0,3,3,,850,1,3,0,0,0,0,0,3,4,0,3,3,,N,,,,,,,,,,,
2006062520,930.0,1,0,0,0,0,0,0,0,0,5,1,,67,4,2006,3,39.9474,-75.1684,920.0,6,0,0,0,0,0,0,0,0,,0,1,0,8,1,1,0,,0.0,39 56:50.694,,0,75 10:06.196,8,0,0,0,67301,0,0,0,N,0,0,0,4,67301,0,,1,1,,N,N,,0,,0,0,0,0,0,,850,1,2,0,0,2,1,0,3,4,0,2,3,,N,,,,,,,,,,,
2006062507,1528.0,3,0,0,0,0,0,0,0,0,1,0,,67,5,2006,5,39.9717,-75.1593,1528.0,6,0,0,0,0,1,1,1,0,,0,0,0,15,1,3,0,,0.0,39 58:18.000,,0,75 09:33.579,4,0,0,0,67301,0,0,0,N,0,0,0,5,67301,1,,1,1,,N,N,,0,,0,0,0,0,0,,1520,3,3,0,0,0,2,0,3,4,0,3,3,,N,,,,,,,,,,,
2006054706,1330.0,0,0,0,1,0,0,0,0,0,8,0,,67,4,2006,5,40.0676,-75.1747,1325.0,6,0,0,0,0,0,0,0,0,,0,0,0,10,1,1,1,,0.0,40 04:03.345,,0,75 10:28.851,4,0,0,0,67301,1,0,0,,0,0,0,2,67301,1,,2,1,,N,N,,0,,0,0,1,3,3,,1000,1,2,0,0,0,0,0,3,4,0,1,3,,N,,,,,,,,,,,
2006054696,405.0,1,0,0,0,0,0,0,0,0,7,0,,67,4,2006,2,,,402.0,6,0,0,0,0,1,0,0,0,1.0,0,0,0,3,3,1,0,,1.0,,3.0,0,,4,0,0,0,67301,0,0,0,N,0,0,0,1,67301,1,,2,9,,N,N,,0,,0,0,0,0,0,N,358,1,1,0,0,0,0,0,3,3,0,1,7,,N,,,,,,,,,,,
2006126860,2040.0,0,0,0,0,0,0,0,0,0,8,0,,67,11,2006,5,39.9933,-75.1288,2039.0,6,0,0,0,0,0,0,0,0,,1,0,0,20,3,1,0,,0.0,39 59:35.919,,0,75 07:43.770,1,0,0,0,67301,2,1,1,N,2,1,1,3,67301,0,2.0,1,1,,N,N,,0,0.0,0,1,0,0,0,,2030,1,3,0,0,0,0,0,3,4,1,1,3,,N,,,,,,,,,,,
2006096030,355.0,1,0,0,0,0,0,0,0,0,7,0,,67,7,2006,1,,,350.0,6,0,0,0,0,0,0,0,0,,0,0,0,3,3,0,0,,0.0,,,0,,0,0,0,0,67301,0,0,0,N,0,0,0,1,67301,0,,2,1,,N,N,,0,,0,0,0,0,0,,340,0,1,0,0,0,0,0,3,3,0,1,3,,N,,,,,,,,,,,