CRN,ARRIVAL_TM,AUTOMOBILE_COUNT,BELTED_DEATH_COUNT,BELTED_SUSP_SERIOUS_INJ_COUNT,BICYCLE_COUNT,BICYCLE_DEATH_COUNT,BICYCLE_SUSP_SERIOUS_INJ_COUNT,BUS_COUNT,CHLDPAS_DEATH_COUNT,CHLDPAS_SUSP_SERIOUS_INJ_COUNT,COLLISION_TYPE,COMM_VEH_COUNT,CONS_ZONE_SPD_LIM,COUNTY,CRASH_MONTH,CRASH_YEAR,DAY_OF_WEEK,DEC_LAT,DEC_LONG,DISPATCH_TM,DISTRICT,DRIVER_COUNT_16YR,DRIVER_COUNT_17YR,DRIVER_COUNT_18YR,DRIVER_COUNT_19YR,DRIVER_COUNT_20YR,DRIVER_COUNT_50_64YR,DRIVER_COUNT_65_74YR,DRIVER_COUNT_75PLUS,EST_HRS_CLOSED,FATAL_COUNT,HEAVY_TRUCK_COUNT,HORSE_BUGGY_COUNT,HOUR_OF_DAY,ILLUMINATION,INJURY_COUNT,INTERSECT_TYPE,INTERSECTION_RELATED,LANE_CLOSED,LATITUDE,LN_CLOSE_DIR,LOCATION_TYPE,LONGITUDE,MAX_SEVERITY_LEVEL,MCYCLE_DEATH_COUNT,MCYCLE_SUSP_SERIOUS_INJ_COUNT,MOTORCYCLE_COUNT,MUNICIPALITY,NONMOTR_COUNT,NONMOTR_DEATH_COUNT,NONMOTR_SUSP_SERIOUS_INJ_COUNT,NTFY_HIWY_MAINT,PED_COUNT,PED_DEATH_COUNT,PED_SUSP_SERIOUS_INJ_COUNT,PERSON_COUNT,POLICE_AGCY,POSSIBLE_INJ_COUNT,RDWY_SURF_TYPE_CD,RELATION_TO_ROAD,ROAD_CONDITION,ROADWAY_CLEARED,SCH_BUS_IND,SCH_ZONE_IND,SECONDARY_CRASH,SMALL_TRUCK_COUNT,SPEC_JURIS_CD,SUSP_MINOR_INJ_COUNT,SUSP_SERIOUS_INJ_COUNT,SUV_COUNT,TCD_FUNC_CD,TCD_TYPE,TFC_DETOUR_IND,TIME_OF_DAY,TOT_INJ_COUNT,TOTAL_UNITS,UNB_DEATH_COUNT,UNB_SUSP_SERIOUS_INJ_COUNT,UNBELTED_OCC_COUNT,UNK_INJ_DEG_COUNT,UNK_INJ_PER_COUNT,URBAN_AREA,URBAN_RURAL,VAN_COUNT,VEHICLE_COUNT,WEATHER1,WEATHER2,WORK_ZONE_IND,WORK_ZONE_LOC,WORK_ZONE_TYPE,WORKERS_PRES,WZ_CLOSE_DETOUR,WZ_FLAGGER,WZ_LAW_OFFCR_IND,WZ_LN_CLOSURE,WZ_MOVING,WZ_OTHER,WZ_SHLDER_MDN,WZ_WORKERS_INJ_KILLED
2006080926,1925.0,1,0,0,0,0,0,0,0,0,7,0,,67,5,2006,2,40.0599,-74.9913,1922.0,6,0,0,0,0,0,0,0,0,,0,0,0,19,1,0,0,,0.0,40 03:35.000,,0,74 59:28.446,0,0,0,0,67301,0,0,0,N,0,0,0,1,67301,0,,5,1,,N,Y,,0,,0,0,0,0,0,,1920,0,1,0,0,0,0,0,3,4,0,1,3,,N,,,,,,,,,,,
2006080930,120.0,1,0,0,0,0,0,0,0,0,7,0,,67,5,2006,1,40.0735,-75.0282,108.0,6,0,0,0,0,0,0,0,0,,0,0,0,1,3,1,0,,0.0,40 04:24.481,,0,75 01:41.473,8,0,0,0,67301,0,0,0,N,0,0,0,1,67301,0,,5,1,,N,N,,0,,0,0,0,0,0,,105,1,1,0,0,1,1,0,3,4,0,1,3,,N,,,,,,,,,,,
2006081113,1120.0,1,0,0,0,0,0,0,0,0,8,0,,67,5,2006,1,39.9813,-75.1188,1117.0,6,0,0,0,0,0,0,1,0,,0,0,0,11,1,1,0,,0.0,39 58:52.821,,0,75 07:07.564,8,0,0,0,67301,1,0,0,N,1,0,0,3,67301,0,,1,1,,N,N,,0,,0,0,0,0,0,,1114,1,2,0,0,0,1,0,3,4,0,1,3,,N,,,,,,,,,,,
2006081578,2347.0,3,0,0,0,0,0,0,0,0,4,0,,67,7,2006,3,40.0427,-75.0964,2347.0,6,0,0,0,0,0,0,0,0,,0,0,0,23,3,2,0,,0.0,40 02:33.608,,0,75 05:47.205,8,0,0,0,67301,0,0,0,N,0,0,0,4,67301,0,,1,9,,N,N,,0,,0,0,0,0,0,,2322,2,3,0,0,0,2,0,3,4,0,3,7,,N,,,,,,,,,,,
2006105785,2322.0,0,0,0,0,0,0,0,0,0,7,0,,67,8,2006,7,39.9266,-75.1947,2317.0,6,0,0,0,0,0,0,0,0,4.0,0,0,0,23,3,1,3,,2.0,39 55:37.000,4.0,0,75 11:42.292,2,0,1,1,67301,0,0,0,N,0,0,0,1,67301,0,,2,1,,N,N,,0,,0,1,0,0,0,N,2316,1,1,0,0,0,0,0,3,4,0,1,3,,N,,,,,,,,,,,
2006104828,105.0,2,0,0,0,0,0,0,0,0,1,1,,67,9,2006,7,40.0965,-74.9833,53.0,6,0,0,0,0,0,1,0,0,2.0,0,1,0,0,3,5,0,,1.0,40 05:47.000,4.0,0,74 58:58.971,3,0,0,0,67301,0,0,0,N,0,0,0,8,67301,0,,1,9,,N,N,,0,,5,0,0,0,0,N,50,5,3,0,0,0,0,0,3,4,0,3,7,,N,,,,,,,,,,,
2006105869,20.0,4,0,0,0,0,0,0,0,0,4,0,,67,9,2006,4,39.9236,-75.1738,16.0,6,0,0,0,0,0,0,0,0,,0,0,0,0,8,0,0,,0.0,39 55:25.078,,0,75 10:25.838,0,0,0,0,67301,0,0,0,N,0,0,0,1,67301,0,,6,1,,N,N,,0,,0,0,0,0,0,,16,0,4,0,0,0,0,0,3,4,0,4,3,,N,,,,,,,,,,,
2006092889,2306.0,1,0,0,1,0,0,0,0,0,5,0,,67,7,2006,3,,,2305.0,6,0,0,0,0,0,0,0,0,,0,0,0,3,3,1,1,,0.0,,,0,,4,0,0,0,67301,1,0,0,,0,0,0,2,67301,1,,1,1,,,,,0,,0,0,0,0,0,,300,1,2,0,0,0,0,0,3,3,0,1,3,,N,,,,,,,,,,,
2006032863,1059.0,1,0,0,0,0,0,0,0,0,4,0,,67,1,2006,7,39.9584,-75.2375,1059.0,6,0,0,0,0,0,1,1,0,,0,0,0,10,1,1,1,,0.0,39 57:30.000,,0,75 14:14.997,4,0,0,0,67301,0,0,0,,0,0,0,5,67301,1,,1,1,,N,N,,0,,0,0,0,3,2,,1059,1,2,0,0,2,0,0,3,4,1,2,3,,N,,,,,,,,,,,
2006032881,1912.0,2,0,0,0,0,0,0,0,0,1,0,,67,1,2006,1,,,1907.0,6,0,0,0,0,0,0,0,0,,0,0,0,19,3,0,0,,0.0,,,3,,0,0,0,0,67301,0,0,0,N,0,0,0,3,67301,0,,1,9,,N,N,,0,,0,0,0,0,0,,1908,0,2,0,0,0,0,0,3,3,0,2,3,,N,,,,,,,,,,,
2006065359,1308.0,1,0,0,0,0,0,0,0,0,1,0,,67,5,2006,1,39.9388,-75.1984,1306.0,6,0,0,0,0,0,0,0,0,,0,0,0,13,1,0,1,,0.0,39 56:22.000,,0,75 11:53.449,9,0,0,0,67301,0,0,0,N,0,0,0,2,67301,0,,1,1,,N,N,,1,,0,0,0,0,0,,1306,0,2,0,0,0,0,1,3,4,0,2,3,,N,,,,,,,,,,,
2006055509,2347.0,2,0,0,0,0,0,0,0,0,4,0,,67,3,2006,7,40.1321,-75.0118,2342.0,6,0,0,0,0,0,0,1,1,2.0,0,0,0,23,3,2,0,,2.0,40 07:55.000,1.0,0,75 00:42.272,8,0,0,0,67301,0,0,0,N,0,0,0,3,67301,0,,1,9,,N,N,,0,,0,0,0,0,0,N,2341,2,2,0,0,0,2,0,3,4,0,2,7,,N,,,,,,,,,,,
2006055544,1640.0,2,0,0,0,0,0,0,0,0,4,0,,67,3,2006,3,40.0829,-75.0007,1633.0,6,0,0,0,0,0,1,0,1,,0,0,0,16,1,3,0,,0.0,40 04:58.544,,0,75 00:02.484,4,0,0,0,67301,0,0,0,N,0,0,0,3,67301,3,,1,1,,N,N,,0,,0,0,0,0,0,,1630,3,2,0,0,0,0,0,3,4,0,2,3,,N,,,,,,,,,,,
2006055556,231.0,2,0,0,0,0,0,0,0,0,5,0,,67,4,2006,1,40.0477,-74.9996,228.0,6,0,0,0,0,0,0,0,0,2.0,0,0,0,2,3,3,0,,2.0,40 02:51.000,1.0,0,74 59:57.004,8,0,0,0,67301,0,0,0,N,0,0,0,3,67301,0,,1,1,,N,N,,0,,0,0,0,0,0,N,228,3,2,0,0,0,3,0,3,4,0,2,3,,N,,,,,,,,,,,
2006036129,1352.0,1,0,0,0,0,0,0,0,0,7,0,,67,1,2006,5,40.0234,-75.0334,1345.0,6,0,0,0,0,0,0,0,0,1.0,0,0,0,13,1,1,7,,1.0,40 01:22.000,1.0,2,75 02:09.552,4,0,0,0,67301,0,0,0,N,0,0,0,1,67301,1,,2,1,,N,N,,0,,0,0,0,0,0,Y,1340,1,1,0,0,1,0,0,3,4,0,1,3,,N,,,,,,,,,,,
2006037795,248.0,3,0,0,0,0,0,0,0,0,2,0,,67,3,2006,1,,,242.0,6,0,0,0,0,0,0,0,0,,0,0,0,2,3,0,0,,0.0,,,0,,0,0,0,0,67301,0,0,0,N,0,0,0,0,67301,0,,6,1,,N,N,,0,,0,0,1,0,0,,237,0,4,0,0,0,0,0,3,3,0,4,3,,N,,,,,,,,,,,
2006082109,755.0,1,0,0,0,0,0,0,0,0,1,0,,67,6,2006,7,39.9034,-75.1584,752.0,6,0,0,0,0,0,0,0,0,,0,0,0,7,1,4,1,,0.0,39 54:12.402,,0,75 09:30.391,8,0,0,0,67301,0,0,0,N,0,0,0,6,67301,0,,1,1,,N,N,,0,,0,0,0,3,2,,745,4,2,0,0,0,4,0,3,4,1,2,3,,N,,,,,,,,,,,
2006079638,2230.0,2,0,0,0,0,0,0,0,0,4,0,,67,6,2006,7,40.0325,-75.1242,2226.0,6,0,0,0,0,0,0,0,0,,0,0,0,22,3,2,1,,0.0,40 01:57.154,,0,75 07:27.076,8,0,0,0,67301,0,0,0,N,0,0,0,3,67301,0,,1,1,,N,N,,0,,0,0,0,3,2,,2215,2,2,0,0,0,2,1,3,4,0,2,3,,N,,,,,,,,,,,
2006079944,1757.0,1,0,0,0,0,0,0,0,0,8,0,,67,6,2006,7,39.9876,-75.1402,1757.0,6,0,0,0,0,0,0,0,0,,0,0,0,17,1,1,0,,0.0,39 59:15.424,,0,75 08:24.691,4,0,0,0,67301,1,0,0,,1,0,0,3,67301,1,,1,1,,,,,0,,0,0,0,0,0,,1755,1,2,0,0,0,0,0,3,4,0,1,3,,N,,,,,,,,,,,
2006082418,58.0,1,0,0,0,0,0,0,0,0,4,0,,67,7,2006,1,39.9546,-75.2064,50.0,6,0,0,0,0,0,0,0,0,,0,0,0,0,3,1,1,,0.0,39 57:16.000,,0,75 12:23.001,4,0,0,0,67301,0,0,0,N,0,0,0,2,67504,1,,1,1,,N,N,,0,,0,0,1,3,2,,48,1,2,0,0,0,0,1,3,4,0,2,3,,N,,,,,,,,,,,
2006079815,2107.0,2,0,0,0,0,0,0,0,0,2,0,,67,6,2006,5,39.9223,-75.1836,2106.0,6,0,0,0,0,1,0,0,0,2.0,0,0,0,21,3,3,0,,2.0,39 55:20.373,4.0,0,75 11:01.003,4,0,0,0,67301,0,0,0,,0,0,0,5,67301,3,,1,1,,N,N,,1,,0,0,0,3,2,Y,2105,3,3,0,0,4,0,0,3,4,0,3,3,,N,,,,,,,,,,,
2006079847,1710.0,3,0,0,0,0,0,0,0,0,1,0,,67,5,2006,3,40.0043,-75.1281,1700.0,6,0,0,0,0,0,0,0,0,1.0,0,0,0,16,1,1,1,,1.0,40 00:15.609,1.0,0,75 07:41.037,4,0,0,0,67301,0,0,0,,0,0,0,4,67301,1,,1,1,,,,,0,,0,0,0,0,0,N,1655,1,3,0,0,4,0,0,3,4,0,3,3,,N,,,,,,,,,,,
2006079868,1410.0,1,0,0,0,0,0,0,0,0,4,1,,67,5,2006,3,39.94,-75.1981,1405.0,6,0,0,1,0,0,0,0,0,,0,1,0,99,1,1,0,,0.0,39 56:23.000,,7,75 11:53.298,3,0,0,0,67301,0,0,0,N,0,0,0,3,67301,0,,1,1,,N,N,,0,,1,0,1,0,0,,9999,1,3,0,0,0,0,0,3,4,0,3,3,,N,,,,,,,,,,,
2007006815,1339.0,1,0,0,0,0,0,0,0,0,8,0,,67,11,2006,5,39.9703,-75.1463,1334.0,6,0,0,0,0,0,0,0,0,,0,0,0,13,1,1,0,,0.0,39 58:12.000,,0,75 08:46.430,4,0,0,0,67301,1,0,0,,1,0,0,2,67301,1,,1,1,,,,,0,,0,0,0,3,2,,1331,1,2,0,0,1,0,0,3,4,0,1,3,,N,,,,,,,,,,,
2007006832,857.0,2,0,0,0,0,0,0,0,0,1,0,,67,11,2006,5,39.8993,-75.1748,848.0,6,0,0,0,0,0,1,0,0,,0,0,0,8,1,0,2,,0.0,39 53:57.000,,0,75 10:29.313,0,0,0,0,67301,0,0,0,N,0,0,0,2,67301,0,,7,1,,N,N,,0,,0,0,0,3,2,,848,0,2,0,0,0,0,0,3,4,0,2,3,,N,,,,,,,,,,,
2007006858,928.0,2,0,0,0,0,0,0,0,0,1,0,,67,12,2006,6,40.0185,-75.0519,927.0,6,0,0,0,0,0,0,0,0,,0,0,0,9,1,1,2,,0.0,40 01:06.000,,0,75 03:07.002,4,0,0,0,67301,0,0,0,N,0,0,0,2,67301,1,,1,1,,N,N,,0,,0,0,0,0,0,,915,1,2,0,0,0,0,1,3,4,0,2,3,,N,,,,,,,,,,,
2007006877,1132.0,2,0,0,0,0,0,0,0,0,4,0,,67,11,2006,1,40.0811,-75.0289,1129.0,6,0,0,0,0,0,0,0,0,1.0,0,0,0,11,1,2,1,,1.0,40 04:51.000,2.0,0,75 01:44.143,4,0,0,0,67301,0,0,0,,0,0,0,2,67301,2,,1,1,,,,,0,,0,0,0,3,2,N,1125,2,2,0,0,0,0,0,3,4,0,2,3,,N,,,,,,,,,,,
2007023023,1210.0,2,0,0,0,0,0,0,0,0,4,0,,67,12,2006,1,39.9782,-75.1248,1200.0,6,0,0,0,0,0,0,0,0,,0,0,0,12,1,1,1,,0.0,39 58:41.545,,0,75 07:29.175,3,0,0,0,67301,0,0,0,N,0,0,0,5,67301,0,,1,1,,N,N,,0,,1,0,0,0,0,,1200,1,3,0,0,0,0,3,3,4,0,3,3,,N,,,,,,,,,,,
2007023182,1500.0,2,0,0,0,0,0,0,0,0,4,0,,67,12,2006,7,39.9404,-75.1978,1437.0,6,0,0,0,0,0,1,0,0,,0,0,0,99,1,2,0,,0.0,39 56:22.000,,7,75 11:53.334,4,0,0,0,67301,0,0,0,N,0,0,0,2,67301,2,,1,1,,N,N,,0,,0,0,0,0,0,,9999,2,2,0,0,0,0,0,3,4,0,2,3,,N,,,,,,,,,,,
2007023214,1656.0,1,0,0,0,0,0,0,0,0,4,0,,67,12,2006,4,40.078,-75.0862,1651.0,6,0,0,0,0,0,0,1,0,1.0,0,0,0,16,1,1,2,,1.0,40 04:40.000,2.0,0,75 05:10.133,8,0,0,0,67301,0,0,0,,0,0,0,2,67301,0,,1,1,,,,,0,,0,0,1,0,0,N,1645,1,2,0,0,0,1,1,3,4,0,2,3,,N,,,,,,,,,,,
2007034506,,1,0,0,0,0,0,0,0,0,1,1,,67,2,2006,1,40.0301,-75.1467,,6,0,0,0,0,0,0,0,1,,0,1,0,9,1,1,0,,0.0,40 01:48.000,,1,75 08:48.073,8,0,0,0,67301,0,0,0,N,0,0,0,2,,0,,1,1,,N,N,,0,,0,0,0,0,0,,900,1,2,0,0,0,1,0,3,4,0,2,3,,N,,,,,,,,,,,
2007008465,1800.0,1,0,0,0,0,0,0,0,0,8,0,,67,11,2006,4,40.0214,-75.1486,1800.0,6,0,0,0,0,0,0,0,0,,0,0,0,17,3,1,1,,0.0,40 01:17.000,,0,75 08:55.169,8,0,0,0,67301,1,0,0,N,1,0,0,3,67301,0,,1,9,,N,N,,0,,0,0,0,9,2,,1750,1,2,0,0,2,1,0,3,4,0,1,7,,N,,,,,,,,,,,
2007008523,1912.0,1,0,0,0,0,0,0,0,0,8,0,,67,11,2006,6,40.0337,-75.0467,1911.0,6,0,0,1,0,0,0,0,0,,0,0,0,19,3,1,1,,0.0,40 02:01.000,,0,75 02:48.193,4,0,0,0,67301,1,0,0,,1,0,0,2,67301,1,,1,1,,,,,0,,0,0,0,3,2,,1910,1,2,0,0,0,0,0,3,4,0,1,3,,N,,,,,,,,,,,
2007008533,2155.0,1,0,0,0,0,0,0,0,0,1,0,,67,11,2006,7,40.0202,-75.1141,2155.0,6,0,0,0,0,0,0,0,0,,0,0,0,19,3,1,1,,0.0,40 01:12.877,,0,75 06:50.707,4,0,0,0,67301,0,0,0,N,0,0,0,4,67301,1,,1,1,,N,N,,0,,0,0,0,0,0,,1900,1,2,0,0,0,0,0,3,4,0,2,3,,N,,,,,,,,,,,
2007008546,209.0,4,0,0,0,0,0,0,0,0,4,0,,67,11,2006,7,39.9637,-75.172,205.0,6,0,0,0,0,1,0,0,0,,0,0,0,2,3,0,0,,0.0,39 57:49.360,,0,75 10:19.060,0,0,0,0,67301,0,0,0,N,0,0,0,2,67301,0,,6,1,,N,N,,0,,0,0,0,3,3,,205,0,4,0,0,0,0,0,3,4,0,4,3,,N,,,,,,,,,,,
2007008815,1741.0,4,0,0,0,0,0,0,0,0,1,0,,67,11,2006,5,40.0743,-75.0348,1740.0,6,0,0,0,0,0,0,0,0,,0,0,0,17,3,1,1,,0.0,40 04:28.000,,0,75 02:06.082,4,0,0,0,67301,0,0,0,N,0,0,0,6,67301,1,,1,9,,N,N,,0,,0,0,0,3,2,,1739,1,4,0,0,0,0,0,3,4,0,4,7,,N,,,,,,,,,,,
2007008870,139.0,2,0,0,0,0,0,0,0,0,4,0,,67,12,2006,6,39.9442,-75.1616,133.0,6,0,0,0,0,1,0,0,0,,0,0,0,99,3,3,1,,0.0,39 56:39.123,,0,75 09:41.612,4,0,0,0,67301,0,0,0,Y,0,0,0,3,67301,3,,1,1,,N,N,,0,,0,0,0,3,2,,9999,3,2,0,0,0,0,0,3,4,0,2,3,,N,,,,,,,,,,,
2007010416,1211.0,1,0,0,0,0,0,0,0,0,1,0,,67,11,2006,4,40.0496,-75.0956,1207.0,6,0,0,0,0,0,1,0,0,,0,0,0,13,1,1,1,,0.0,40 02:58.000,,0,75 05:44.347,3,0,0,0,67301,0,0,0,N,0,0,0,2,67301,0,,1,9,,N,N,,0,,1,0,0,3,2,,1340,1,2,0,0,0,0,0,3,4,1,2,7,,N,,,,,,,,,,,
2007009804,1350.0,2,0,0,0,0,0,0,0,0,1,0,,67,12,2006,4,,,1348.0,6,0,0,0,0,0,1,0,0,,0,0,0,13,1,1,0,,0.0,,,0,,4,0,0,0,67301,0,0,0,N,0,0,0,2,67301,1,,1,1,,N,N,,0,,0,0,0,0,0,,1345,1,2,0,0,0,0,0,3,3,0,2,3,,N,,,,,,,,,,,
2007009825,905.0,1,0,0,0,0,0,0,0,0,7,0,,67,12,2006,1,39.9589,-75.2414,900.0,6,0,0,0,0,0,0,0,0,,0,0,0,8,1,1,0,,0.0,39 57:32.000,,0,75 14:28.879,8,0,0,0,67301,0,0,0,,0,0,0,1,67301,0,,5,2,,N,N,,0,,0,0,0,0,0,,845,1,1,0,0,0,1,0,3,4,0,1,3,,N,,,,,,,,,,,
2007007502,1149.0,3,0,0,0,0,0,0,0,0,1,0,,67,11,2006,5,40.0325,-75.0808,1145.0,6,0,0,0,0,0,0,1,0,,0,0,0,11,1,2,1,,0.0,40 01:58.000,,0,75 04:48.930,8,0,0,0,67301,0,0,0,N,0,0,0,3,67301,0,,1,1,,N,N,,0,,0,0,0,3,2,,1140,2,3,0,0,0,2,0,3,4,0,3,3,,N,,,,,,,,,,,
2007007747,1610.0,1,0,0,0,0,0,0,0,0,7,0,,67,11,2006,7,39.9107,-75.1856,1610.0,6,0,0,0,0,0,0,0,0,,0,0,0,99,1,0,0,,0.0,39 54:39.000,,0,75 11:07.969,0,0,0,0,67301,0,0,0,Y,0,0,0,1,67301,0,,2,1,,N,N,,0,,0,0,0,0,0,,9999,0,2,0,0,0,0,0,3,4,0,1,3,,N,,,,,,,,,,,
2007009386,323.0,2,0,0,0,0,0,0,0,0,4,0,,67,11,2006,2,40.0202,-75.152,319.0,6,0,0,0,0,0,0,0,0,1.0,0,0,0,3,6,1,0,,1.0,40 01:12.720,5.0,0,75 09:07.200,4,0,0,0,67301,0,0,0,N,0,0,0,4,67301,1,,1,9,,N,N,,0,,0,0,0,0,0,N,317,1,3,0,0,0,0,0,3,4,0,3,7,,N,,,,,,,,,,,
2007007119,1030.0,1,0,0,0,0,0,0,0,0,1,0,,67,11,2006,3,39.9876,-75.1218,1025.0,6,0,0,0,1,0,0,0,0,,0,0,0,10,1,1,0,,0.0,39 59:15.000,,0,75 07:18.338,4,0,0,0,67301,0,0,0,N,0,0,0,2,67301,1,,1,1,,N,N,,1,,0,0,0,0,0,,1025,1,2,0,0,0,0,1,3,4,0,2,3,,N,,,,,,,,,,,
2007009178,942.0,1,0,0,0,0,0,0,0,0,7,0,,67,12,2006,3,39.9917,-75.2346,938.0,6,0,0,0,0,0,0,0,0,,0,0,0,9,1,1,0,,0.0,39 59:30.249,,0,75 14:04.603,4,0,0,0,67301,0,0,0,N,0,0,0,1,67301,1,,5,1,,N,N,,0,,0,0,0,0,0,,932,1,1,0,0,0,0,0,3,4,0,1,3,,N,,,,,,,,,,,
2007009202,1330.0,1,0,0,0,0,0,0,0,0,7,0,,67,11,2006,2,40.0327,-75.082,1325.0,6,0,0,0,0,0,1,0,0,,0,0,0,13,1,1,0,,0.0,40 01:57.000,,0,75 04:55.598,4,0,0,0,67301,0,0,0,N,0,0,0,1,67301,1,,4,9,,N,N,,0,,0,0,0,0,0,,1320,1,1,0,0,0,0,0,3,4,0,1,7,,N,,,,,,,,,,,
2007006796,705.0,0,0,0,0,0,0,0,0,0,7,0,,67,12,2006,2,40.0075,-75.1924,700.0,6,0,0,0,0,0,0,0,0,,0,0,0,6,3,1,0,,0.0,40 00:28.000,,0,75 11:30.299,4,0,0,0,67301,0,0,0,,0,0,0,2,67301,1,,2,1,,N,N,,0,,0,0,0,0,0,,659,1,1,0,0,0,0,0,3,4,1,1,3,,N,,,,,,,,,,,
2007032604,,1,0,0,0,0,0,0,0,0,8,0,,67,11,2006,4,40.047,-75.0671,,6,0,0,0,0,0,0,0,0,,0,0,0,5,6,1,1,,0.0,40 02:49.300,,0,75 04:01.523,3,0,0,0,67301,1,0,0,N,1,0,0,2,00000,0,,1,9,,N,N,,0,,1,0,0,3,3,,500,1,2,0,0,0,0,0,3,4,0,1,7,,N,,,,,,,,,,,
2007022335,156.0,1,0,0,0,0,0,0,0,0,7,0,,67,12,2006,1,39.9854,-75.0967,156.0,6,0,0,0,0,0,0,0,0,,0,0,0,1,3,1,1,,0.0,39 59:07.000,,0,75 05:48.056,8,0,0,0,67301,0,0,0,N,0,0,0,1,67301,0,,4,1,,N,N,,0,,0,0,0,3,2,,156,1,1,0,0,0,1,0,3,4,0,1,3,,N,,,,,,,,,,,
2007022356,1932.0,2,0,0,0,0,0,0,0,0,4,0,,67,12,2006,6,40.0141,-75.1404,1928.0,6,0,0,0,0,1,0,0,0,,0,0,0,19,3,1,1,,0.0,40 00:50.800,,0,75 08:25.600,8,0,0,0,67301,0,0,0,N,0,0,0,4,67301,0,,1,9,,N,N,,0,,0,0,0,0,0,,1905,1,2,0,0,0,1,0,3,4,0,2,7,,N,,,,,,,,,,,
2007022697,1224.0,1,0,0,0,0,0,0,0,0,8,0,,67,11,2006,4,39.9536,-75.165,1220.0,6,0,0,0,0,0,1,0,0,,0,0,0,11,1,1,1,,0.0,39 57:12.000,,0,75 09:54.175,4,0,0,0,67301,1,0,0,N,1,0,0,2,67301,1,,1,9,,N,N,,0,,0,0,0,3,2,,1157,1,2,0,0,0,0,0,3,4,0,1,7,,N,,,,,,,,,,,
2007022745,845.0,1,0,0,0,0,0,0,0,0,7,0,,67,12,2006,4,40.0465,-75.1363,844.0,6,0,0,0,1,0,0,0,0,,0,0,0,99,1,2,1,,0.0,40 02:47.000,,0,75 08:10.793,3,0,0,0,67301,0,0,0,N,0,0,0,4,67301,1,,4,9,,N,N,,0,,1,0,0,3,2,,9999,2,1,0,0,0,0,0,3,4,0,1,7,,N,,,,,,,,,,,
2007023007,1800.0,2,0,0,0,0,0,0,0,0,1,0,,67,12,2006,4,40.0272,-75.0989,1747.0,6,0,0,0,0,0,0,0,0,,0,0,0,17,3,1,2,,0.0,40 01:38.000,,0,75 05:56.834,4,0,0,0,67301,0,0,0,N,0,0,0,2,67301,1,,1,1,,N,N,,0,,0,0,0,0,0,,1730,1,2,0,0,0,0,0,3,4,0,2,3,,N,,,,,,,,,,,
2008051631,1600.0,0,0,0,0,0,0,0,0,0,8,0,,67,2,2006,7,40.0294,-75.0561,1556.0,6,0,0,0,0,0,0,0,0,,0,0,0,15,1,2,1,,0.0,40 01:45.839,,0,75 03:21.885,4,0,0,0,67301,1,0,0,N,1,0,0,2,67301,2,,1,1,,N,N,,0,,0,0,1,3,2,,1550,2,2,0,0,0,0,0,3,4,0,1,3,,N,,,,,,,,,,,
2006054022,2100.0,2,0,0,0,0,0,0,0,0,4,0,,67,4,2006,3,,,2050.0,6,0,0,0,0,0,1,0,0,1.0,0,0,0,20,3,0,0,,1.0,,1.0,0,,0,0,0,0,67301,0,0,0,N,0,0,0,3,67301,0,,1,1,,N,N,,0,,0,0,0,0,0,N,2045,0,2,0,0,0,0,0,3,3,0,2,3,,N,,,,,,,,,,,
2006056434,1335.0,2,0,0,0,0,0,0,0,0,4,0,,67,3,2006,7,,,1330.0,6,0,0,0,0,0,0,1,0,,0,0,0,13,1,1,2,,0.0,,,0,,8,0,0,0,67301,0,0,0,,0,0,0,2,67301,0,,1,9,,,,,0,,0,0,0,0,0,,1325,1,2,0,0,0,1,0,3,3,0,2,7,,N,,,,,,,,,,,
2006055155,1210.0,1,0,0,0,0,0,0,0,0,7,0,,67,3,2006,6,39.886,-75.2134,1200.0,6,0,0,0,0,0,1,0,0,1.0,0,0,0,11,1,1,0,,1.0,39 53:09.240,1.0,0,75 12:47.520,3,0,0,0,67301,0,0,0,N,0,0,0,1,67301,0,,2,1,,N,N,,0,,1,0,0,0,0,Y,1155,1,1,0,0,0,0,0,3,4,0,1,3,,N,,,,,,,,,,,
2007023065,1949.0,1,0,0,0,0,0,0,0,0,1,0,,67,12,2006,4,39.9658,-75.2461,1933.0,6,0,0,0,0,0,0,0,0,,0,0,0,19,3,2,1,,0.0,39 57:51.000,,0,75 14:47.230,8,0,0,0,67301,0,0,0,,0,0,0,2,67301,0,,1,1,,,,,1,,0,0,0,3,2,,1925,2,2,0,0,0,2,0,3,4,0,2,3,,N,,,,,,,,,,,
2007023115,1625.0,2,0,0,0,0,0,0,0,0,6,0,,67,12,2006,3,40.0203,-75.1141,1625.0,6,0,0,0,0,0,1,0,0,,0,0,0,16,3,3,1,,0.0,40 01:13.000,,0,75 06:50.935,8,0,0,0,67301,0,0,0,,0,0,0,3,67301,0,,1,1,,N,N,,0,,0,0,0,3,1,,1620,3,2,0,0,0,3,0,3,4,0,2,3,,N,,,,,,,,,,,
2007023652,1546.0,2,0,0,0,0,0,0,0,0,4,0,,67,12,2006,7,39.961,-75.1404,1541.0,6,0,0,0,0,0,0,0,0,1.0,0,0,0,15,1,2,0,,1.0,39 57:37.000,2.0,0,75 08:26.259,3,0,0,0,67301,0,0,0,,0,0,0,3,67301,0,,1,1,,N,N,,0,,2,0,0,0,0,N,1536,2,2,0,0,0,0,0,3,4,0,2,3,,N,,,,,,,,,,,