CRN,ARRIVAL_TM,AUTOMOBILE_COUNT,BELTED_DEATH_COUNT,BELTED_SUSP_SERIOUS_INJ_COUNT,BICYCLE_COUNT,BICYCLE_DEATH_COUNT,BICYCLE_SUSP_SERIOUS_INJ_COUNT,BUS_COUNT,CHLDPAS_DEATH_COUNT,CHLDPAS_SUSP_SERIOUS_INJ_COUNT,COLLISION_TYPE,COMM_VEH_COUNT,CONS_ZONE_SPD_LIM,COUNTY,CRASH_MONTH,CRASH_YEAR,DAY_OF_WEEK,DEC_LAT,DEC_LONG,DISPATCH_TM,DISTRICT,DRIVER_COUNT_16YR,DRIVER_COUNT_17YR,DRIVER_COUNT_18YR,DRIVER_COUNT_19YR,DRIVER_COUNT_20YR,DRIVER_COUNT_50_64YR,DRIVER_COUNT_65_74YR,DRIVER_COUNT_75PLUS,EST_HRS_CLOSED,FATAL_COUNT,HEAVY_TRUCK_COUNT,HORSE_BUGGY_COUNT,HOUR_OF_DAY,ILLUMINATION,INJURY_COUNT,INTERSECT_TYPE,INTERSECTION_RELATED,LANE_CLOSED,LATITUDE,LN_CLOSE_DIR,LOCATION_TYPE,LONGITUDE,MAX_SEVERITY_LEVEL,MCYCLE_DEATH_COUNT,MCYCLE_SUSP_SERIOUS_INJ_COUNT,MOTORCYCLE_COUNT,MUNICIPALITY,NONMOTR_COUNT,NONMOTR_DEATH_COUNT,NONMOTR_SUSP_SERIOUS_INJ_COUNT,NTFY_HIWY_MAINT,PED_COUNT,PED_DEATH_COUNT,PED_SUSP_SERIOUS_INJ_COUNT,PERSON_COUNT,POLICE_AGCY,POSSIBLE_INJ_COUNT,RDWY_SURF_TYPE_CD,RELATION_TO_ROAD,ROAD_CONDITION,ROADWAY_CLEARED,SCH_BUS_IND,SCH_ZONE_IND,SECONDARY_CRASH,SMALL_TRUCK_COUNT,SPEC_JURIS_CD,SUSP_MINOR_INJ_COUNT,SUSP_SERIOUS_INJ_COUNT,SUV_COUNT,TCD_FUNC_CD,TCD_TYPE,TFC_DETOUR_IND,TIME_OF_DAY,TOT_INJ_COUNT,TOTAL_UNITS,UNB_DEATH_COUNT,UNB_SUSP_SERIOUS_INJ_COUNT,UNBELTED_OCC_COUNT,UNK_INJ_DEG_COUNT,UNK_INJ_PER_COUNT,URBAN_AREA,URBAN_RURAL,VAN_COUNT,VEHICLE_COUNT,WEATHER1,WEATHER2,WORK_ZONE_IND,WORK_ZONE_LOC,WORK_ZONE_TYPE,WORKERS_PRES,WZ_CLOSE_DETOUR,WZ_FLAGGER,WZ_LAW_OFFCR_IND,WZ_LN_CLOSURE,WZ_MOVING,WZ_OTHER,WZ_SHLDER_MDN,WZ_WORKERS_INJ_KILLED
2007034442,,1,0,0,0,0,0,0,0,0,1,0,,67,3,2006,2,,,,6,0,0,0,0,0,0,0,0,,0,0,0,19,6,1,2,,0.0,,,0,,8,0,0,0,67301,0,0,0,N,0,0,0,2,,0,,1,1,,N,N,,0,,0,0,0,0,0,,1900,1,2,0,0,0,1,1,3,3,0,2,3,,N,,,,,,,,,,,
2007000953,1636.0,2,0,0,0,0,0,0,0,0,4,0,,67,12,2006,5,39.9883,-75.254,9999.0,6,0,0,0,0,0,1,0,0,,0,0,0,99,4,0,1,,0.0,39 59:17.000,,0,75 15:14.303,0,0,0,0,67301,0,0,0,N,0,0,0,4,46104,0,,1,1,,N,N,,0,,0,0,0,3,2,,9999,0,2,0,0,0,0,0,3,4,0,2,3,,N,,,,,,,,,,,
2007008486,829.0,2,0,0,0,0,0,0,0,0,4,0,,67,11,2006,2,39.9216,-75.1914,828.0,6,0,0,0,0,0,0,0,0,,0,0,0,8,1,2,5,,0.0,39 55:17.760,,0,75 11:29.400,4,0,0,0,67301,0,0,0,,0,0,0,4,67301,2,,1,1,,,,,0,,0,0,0,0,0,,828,2,2,0,0,0,0,0,3,4,0,2,3,,N,,,,,,,,,,,
2007008524,1559.0,4,0,0,0,0,0,0,0,0,1,0,,67,11,2006,6,40.0131,-75.071,1554.0,6,0,0,0,0,0,2,0,0,,0,0,0,15,1,1,0,,0.0,40 00:46.000,,0,75 04:15.568,4,0,0,0,67301,0,0,0,,0,0,0,6,67301,1,,1,1,,,,,0,,0,0,0,0,0,,1545,1,4,0,0,0,0,3,3,4,0,4,3,,N,,,,,,,,,,,
2007008530,1804.0,3,0,0,0,0,0,0,0,0,1,0,,67,10,2006,1,40.0245,-75.1288,1802.0,6,0,1,0,0,0,0,0,0,,0,0,0,17,1,6,0,,0.0,40 01:28.184,,0,75 07:43.366,4,0,0,0,67301,0,0,0,,0,0,0,6,67301,6,,1,1,,,,,0,,0,0,0,0,0,,1752,6,3,0,0,0,0,0,3,4,0,3,3,,N,,,,,,,,,,,
2007026787,1600.0,1,0,0,0,0,0,0,0,0,8,0,,67,12,2006,2,40.0368,-75.1756,1557.0,6,0,0,0,0,0,0,0,0,1.0,0,0,0,15,1,1,2,,2.0,40 02:12.000,5.0,0,75 10:32.216,4,0,0,0,67301,1,0,0,N,1,0,0,2,67301,1,,1,1,,N,N,,0,,0,0,0,0,0,Y,1555,1,2,0,0,0,0,0,3,4,0,1,3,,N,,,,,,,,,,,
2007000789,1239.0,2,0,0,0,0,0,0,0,0,1,0,,67,11,2006,6,,,1236.0,6,0,0,1,0,0,1,0,0,2.0,0,0,0,12,1,4,0,,1.0,,3.0,3,,4,0,0,0,67301,0,0,0,N,0,0,0,4,67501,2,,1,1,,N,N,,0,,0,0,0,3,8,N,1233,4,2,0,0,2,2,0,3,3,0,2,3,,N,,,,,,,,,,,
2007021546,1405.0,1,0,0,0,0,0,0,0,0,4,1,,67,12,2006,5,39.9507,-75.1993,1403.0,6,0,0,0,0,0,0,1,0,,0,1,0,14,1,0,1,,0.0,39 57:03.000,,0,75 11:57.166,0,0,0,0,67301,0,0,0,N,0,0,0,2,67301,0,,1,1,,N,N,,0,,0,0,0,3,2,,1402,0,2,0,0,0,0,0,3,4,0,2,3,,N,,,,,,,,,,,
2007008868,1533.0,2,0,0,0,0,0,0,0,0,4,0,,67,11,2006,2,39.9576,-75.1457,1531.0,6,0,0,0,0,0,0,0,1,,0,0,0,14,1,1,1,,0.0,39 57:27.432,,0,75 08:44.473,4,0,0,0,67301,0,0,0,N,0,0,0,3,67301,1,,1,9,,N,N,,0,,0,0,0,9,2,,1442,1,2,0,0,1,0,0,3,4,0,2,7,,N,,,,,,,,,,,
2007034416,,0,0,0,0,0,0,0,0,0,8,0,,67,10,2006,6,39.9615,-75.1517,,6,0,0,0,0,0,1,0,0,,0,0,0,99,1,0,1,,0.0,39 57:41.000,,0,75 09:06.282,9,0,0,0,67301,1,0,0,N,1,0,0,2,,0,,1,9,,N,N,,0,,0,0,0,0,0,,9999,0,2,0,0,0,0,1,3,4,0,1,7,,N,,,,,,,,,,,
2007010410,1224.0,1,0,0,0,0,0,0,0,0,7,0,,67,11,2006,6,,,1222.0,6,0,0,0,0,0,0,0,0,,0,0,0,0,3,1,0,,0.0,,,0,,3,0,0,0,67301,0,0,0,N,0,0,0,1,67301,0,,4,1,,N,N,,0,,1,0,0,0,0,,22,1,1,0,0,0,0,0,3,3,0,1,3,,N,,,,,,,,,,,
2007022061,1447.0,0,0,0,0,0,0,0,0,0,8,0,,67,12,2006,5,39.998,-75.1254,1445.0,6,0,0,0,0,0,0,0,0,,0,0,0,14,1,1,1,,0.0,39 59:52.000,,0,75 07:31.478,8,0,0,0,67301,1,0,0,,1,0,0,2,67301,0,,1,1,,,,,0,,0,0,0,3,2,,1435,1,2,0,0,0,1,0,3,4,0,1,3,,N,,,,,,,,,,,
2007007126,2245.0,3,0,0,0,0,0,0,0,0,4,0,,67,11,2006,7,40.0328,-75.0322,2241.0,6,0,0,0,1,0,0,0,0,,0,0,0,22,3,1,1,,0.0,40 01:58.026,,0,75 01:55.747,4,0,0,0,67301,0,0,0,,0,0,0,3,67301,1,,1,1,,,,,0,,0,0,0,2,3,,2215,1,3,0,0,0,0,0,3,4,0,3,3,,N,,,,,,,,,,,
2007009793,1214.0,3,0,0,0,0,0,0,0,0,1,0,,67,12,2006,7,,,1212.0,6,0,0,0,0,0,0,0,0,9.0,0,0,0,99,3,5,0,,1.0,,2.0,0,,8,0,0,0,67301,0,0,0,N,0,0,0,6,67301,0,,1,1,,N,N,,0,,0,0,1,0,0,N,9999,5,4,0,0,0,5,0,3,3,0,4,3,,N,,,,,,,,,,,
2007009819,1100.0,2,0,0,0,0,0,0,0,0,4,0,,67,11,2006,1,40.0299,-75.1048,1055.0,6,0,0,0,0,1,0,0,0,,0,0,0,10,1,1,0,,0.0,40 01:47.000,,7,75 06:16.574,3,0,0,0,67301,0,0,0,,0,0,0,4,67301,0,,1,1,,,,,0,,1,0,0,0,0,,1052,1,2,0,0,0,0,0,3,4,0,2,3,,N,,,,,,,,,,,
2007007558,233.0,1,0,0,0,0,0,0,0,0,7,0,,67,12,2006,1,39.8784,-75.2508,223.0,6,0,0,0,0,0,0,0,0,1.0,0,0,0,2,3,1,0,,1.0,39 52:42.240,2.0,0,75 15:02.880,8,0,0,0,67301,0,0,0,N,0,0,0,1,67301,0,,4,1,,N,N,,0,,0,0,0,0,0,N,223,1,1,0,0,0,1,0,3,4,0,1,3,,N,,,,,,,,,,,
2007007679,845.0,2,0,0,0,0,0,0,0,0,2,0,,67,12,2006,2,39.9738,-75.2452,845.0,6,0,0,0,0,0,0,0,0,1.0,0,0,0,8,1,2,1,,1.0,39 58:25.000,2.0,0,75 14:42.728,3,0,0,0,67301,0,0,0,N,0,0,0,5,67301,1,,1,1,,N,N,,0,,1,0,0,3,2,N,845,2,2,0,0,0,0,0,3,4,0,2,3,,N,,,,,,,,,,,
2007007706,646.0,1,0,0,0,0,0,0,0,0,4,0,,67,11,2006,4,40.0055,-75.1053,644.0,6,0,0,0,0,0,2,0,0,,0,0,0,6,1,1,1,,0.0,40 00:19.000,,0,75 06:19.107,3,0,0,0,67301,0,0,0,N,0,0,0,2,67301,0,,1,1,,N,N,,0,,1,0,0,3,2,,644,1,2,0,0,1,0,0,3,4,0,2,3,,N,,,,,,,,,,,
2007009039,1530.0,2,0,0,0,0,0,0,0,0,6,0,,67,12,2006,3,40.0409,-75.0142,1508.0,6,0,0,0,0,0,1,0,0,,0,0,0,15,1,1,0,,0.0,40 02:27.390,,0,75 00:51.205,4,0,0,0,67301,0,0,0,N,0,0,0,2,67301,1,,1,1,,N,N,,0,,0,0,0,0,0,,1500,1,2,0,0,0,0,0,3,4,0,2,3,,N,,,,,,,,,,,
2007032638,,0,0,0,0,0,0,0,0,0,8,0,,67,4,2006,2,,,,6,0,0,0,0,0,0,0,0,,0,0,0,11,1,1,1,,0.0,,,0,,8,0,0,0,67301,1,0,0,N,1,0,0,2,,0,,1,1,,N,N,,0,,0,0,0,0,0,,1100,1,2,0,0,0,1,0,3,3,0,1,99,,N,,,,,,,,,,,
2007022324,1456.0,0,0,0,0,0,0,0,0,0,8,0,,67,12,2006,5,40.0345,-75.1606,1449.0,6,0,0,0,0,0,1,0,0,,0,0,0,14,1,1,0,,0.0,40 02:04.113,,0,75 09:38.329,3,0,0,0,67301,1,0,0,N,1,0,0,2,67301,0,,1,1,,N,N,,1,,1,0,0,0,0,,1445,1,2,0,0,1,0,0,3,4,0,1,3,,N,,,,,,,,,,,
2007022850,1825.0,2,0,0,0,0,0,0,0,0,4,0,,67,12,2006,4,40.1229,-75.0143,1821.0,6,0,0,0,0,0,1,0,0,2.0,0,0,0,18,3,3,2,,2.0,40 07:22.609,7.0,0,75 00:51.321,4,0,0,0,67301,0,0,0,N,0,0,0,4,67301,3,,1,1,,N,N,,0,,0,0,0,3,3,Y,1820,3,2,0,0,0,0,0,3,4,0,2,3,,N,,,,,,,,,,,
2007022805,1115.0,2,0,0,0,0,0,0,0,0,4,0,,67,12,2006,3,40.0047,-75.1769,1112.0,6,0,0,0,0,0,0,1,0,,0,0,0,11,1,0,1,,0.0,40 00:16.000,,0,75 10:36.864,9,0,0,0,67301,0,0,0,,0,0,0,4,67301,0,,1,9,,,,,0,,0,0,0,3,2,,1105,0,2,0,0,0,0,2,3,4,0,2,3,,N,,,,,,,,,,,
2007006953,840.0,1,0,0,0,0,0,1,0,0,2,1,,67,12,2006,2,39.9843,-75.2458,833.0,6,0,0,0,0,0,1,0,0,,0,0,0,8,1,3,1,,0.0,39 59:03.000,,0,75 14:45.606,4,0,0,0,67301,0,0,0,N,0,0,0,5,67301,3,,1,1,,N,N,,0,,0,0,0,0,0,,815,3,2,0,0,0,0,0,3,4,0,2,3,,N,,,,,,,,,,,
2006114413,810.0,2,0,0,0,0,0,0,0,0,4,0,,67,10,2006,4,40.0264,-75.057,800.0,6,0,0,0,0,0,1,0,0,,0,0,0,7,1,1,1,,0.0,40 01:34.899,,0,75 03:25.102,4,0,0,0,67301,0,0,0,N,0,0,0,2,67301,1,,1,1,,N,N,,0,,0,0,0,3,3,,754,1,2,0,0,0,0,0,3,4,0,2,3,,N,,,,,,,,,,,
2006080945,2309.0,1,0,0,0,0,0,0,0,0,7,0,,67,6,2006,4,40.1016,-75.0403,2304.0,6,0,0,0,0,0,1,0,0,,0,0,0,23,3,1,0,,0.0,40 06:05.000,,0,75 02:25.196,8,0,0,0,67301,0,0,0,N,0,0,0,1,67301,0,,2,1,,N,N,,0,,0,0,0,0,0,,2303,1,1,0,0,0,1,0,3,4,0,1,3,,N,,,,,,,,,,,
2006081099,2256.0,3,0,0,0,0,0,0,0,0,4,0,,67,5,2006,3,40.0601,-75.1538,2254.0,6,0,0,0,0,0,0,0,0,,0,0,0,22,3,1,1,,0.0,40 03:36.439,,0,75 09:13.575,3,0,0,0,67301,0,0,0,N,0,0,0,4,67301,0,,1,1,,N,N,,0,,1,0,0,3,2,,2250,1,3,0,0,0,0,1,3,4,0,3,3,,N,,,,,,,,,,,
2006092402,2017.0,2,0,0,0,0,0,0,0,0,4,0,,67,8,2006,3,,,2017.0,6,0,0,0,1,0,0,0,0,,0,0,0,20,3,2,1,,0.0,,,0,,3,0,0,0,67301,0,0,0,,0,0,0,4,67301,1,,1,1,,,,,0,,1,0,0,3,2,,2017,2,2,0,0,0,0,0,3,3,0,2,3,,N,,,,,,,,,,,
2006092410,1003.0,2,0,0,0,0,0,0,0,0,4,0,,67,8,2006,2,,,1002.0,6,0,0,0,0,0,0,1,0,,0,0,0,10,1,1,1,,0.0,,,0,,4,0,0,0,67301,0,0,0,N,0,0,0,4,67301,1,,1,1,,N,N,,0,,0,0,0,9,3,,1001,1,2,0,0,0,0,0,3,3,0,2,3,,N,,,,,,,,,,,
2006092431,9999.0,1,0,0,0,0,0,0,0,0,8,0,,67,8,2006,1,39.9217,-75.1909,1355.0,6,0,0,0,0,0,0,0,0,,0,0,0,13,1,1,0,,0.0,39 55:17.760,,0,75 11:27.600,3,0,0,0,67301,1,0,0,N,1,0,0,2,67301,0,,1,1,,N,N,,0,,1,0,0,0,0,,1338,1,2,0,0,1,0,1,3,4,0,1,3,,N,,,,,,,,,,,
2006053844,1021.0,1,0,0,0,0,0,0,0,0,2,0,,67,4,2006,2,,,1019.0,6,0,0,0,0,0,0,2,0,,0,0,0,10,1,3,2,,0.0,,,0,,3,0,0,0,67301,0,0,0,N,0,0,0,3,67301,0,,1,9,,N,N,,0,,3,0,0,0,0,,1010,3,2,0,0,0,0,0,3,3,0,2,7,,N,,,,,,,,,,,
2006055873,810.0,1,0,0,0,0,0,0,0,0,4,0,,67,3,2006,5,,,800.0,6,0,0,0,0,0,0,0,0,,0,0,0,8,1,1,0,,0.0,,,0,,8,0,0,0,67301,0,0,0,N,0,0,0,4,67301,0,,1,1,,N,N,,1,,0,0,0,0,0,,800,1,3,0,0,0,1,0,3,3,1,3,3,,N,,,,,,,,,,,
2006055884,1115.0,1,0,0,0,0,0,0,0,0,7,0,40.0,67,4,2006,7,40.082,-74.9666,1103.0,6,0,0,0,0,0,0,0,0,2.0,0,0,0,11,1,0,0,,1.0,40 04:55.560,3.0,0,74 57:59.760,0,0,0,0,67301,0,0,0,Y,0,0,0,1,67301,0,,2,1,,N,N,,0,,0,0,0,0,0,N,1100,0,1,0,0,0,0,0,3,4,0,1,3,,Y,4.0,1.0,N,,,N,,,,Y,
2006055967,902.0,2,0,0,0,0,0,0,0,0,1,0,,67,4,2006,4,40.0319,-75.1171,909.0,6,0,0,0,0,0,1,0,0,,0,0,0,8,1,4,0,,0.0,40 01:54.000,,7,75 07:01.636,8,0,0,0,67301,0,0,0,N,0,0,0,5,67301,0,,1,9,,N,N,,0,,0,0,0,0,0,,850,4,3,0,0,0,4,0,3,4,1,3,10,,N,,,,,,,,,,,
2006056014,2218.0,2,0,0,0,0,0,0,0,0,1,0,,67,4,2006,3,,,2208.0,6,0,0,0,0,0,0,0,0,2.0,0,0,0,22,3,2,10,,2.0,,4.0,0,,4,0,0,0,67301,0,0,0,N,0,0,0,3,67301,2,,2,1,,N,N,,0,,0,0,0,0,0,N,2203,2,3,0,0,1,0,0,3,3,1,3,3,,N,,,,,,,,,,,
2006056027,2231.0,2,0,0,0,0,0,0,0,0,1,0,,67,4,2006,1,40.0116,-75.163,2231.0,6,0,0,0,0,0,0,0,0,,0,0,0,22,2,1,1,,0.0,40 00:42.000,,0,75 09:47.574,8,0,0,0,67301,0,0,0,N,0,0,0,2,67301,0,,1,1,,N,N,,0,,0,0,0,0,0,,2229,1,2,0,0,0,1,0,3,4,0,2,3,,N,,,,,,,,,,,
2006056124,2250.0,0,0,0,0,0,0,0,0,0,7,0,,67,4,2006,3,,,2244.0,6,0,0,0,0,0,0,0,0,,0,0,0,22,6,0,0,,0.0,,,3,,9,0,0,0,67301,0,0,0,N,0,0,0,2,67301,0,,4,9,,N,N,,0,,0,0,1,0,0,,2230,0,1,0,0,0,0,1,3,3,0,1,7,,N,,,,,,,,,,,
2006053994,9999.0,1,0,0,0,0,0,0,0,0,8,0,,67,4,2006,3,39.9577,-75.1624,1435.0,6,0,0,0,0,0,0,1,0,,0,0,0,14,1,1,1,,0.0,39 57:27.000,,0,75 09:44.119,3,0,0,0,67301,1,0,0,N,1,0,0,2,67301,0,,7,1,,N,N,,0,,1,0,0,9,2,,1430,1,2,0,0,0,0,0,3,4,0,1,3,,N,,,,,,,,,,,
2006092903,1000.0,1,0,0,0,0,0,1,0,0,2,1,,67,8,2006,6,40.0555,-75.0476,952.0,6,0,0,0,0,0,0,0,0,,0,0,0,9,1,6,0,,0.0,40 03:19.000,,0,75 02:51.372,4,0,0,0,67301,0,0,0,N,0,0,0,8,67301,6,,1,1,,N,N,,0,,0,0,0,0,0,,950,6,2,0,0,4,0,0,3,4,0,2,3,,N,,,,,,,,,,,
2006032886,1553.0,1,0,0,0,0,0,0,0,0,8,0,,67,2,2006,6,40.0316,-75.0363,1552.0,6,0,0,0,0,0,0,0,0,,0,0,0,15,1,1,0,,0.0,40 01:53.000,,0,75 02:10.993,3,0,0,0,67301,1,0,0,,1,0,0,2,67301,0,,1,1,,N,N,,0,,1,0,0,0,0,,1530,1,2,0,0,0,0,0,3,4,0,1,3,,N,,,,,,,,,,,
2006055397,830.0,2,0,0,0,0,0,0,0,0,1,0,,67,4,2006,1,39.9501,-75.2494,814.0,6,0,0,0,0,1,0,0,0,,0,0,0,8,3,2,2,,0.0,39 57:00.000,,0,75 14:57.755,4,0,0,0,67301,0,0,0,N,0,0,0,8,67301,2,,1,1,,N,N,,0,,0,0,0,3,2,,814,2,2,0,0,0,0,0,3,4,0,2,3,,N,,,,,,,,,,,
2007023195,1942.0,2,0,0,0,0,0,0,0,0,1,0,,67,12,2006,7,39.8861,-75.2118,1932.0,6,0,0,0,0,0,1,0,0,,0,0,0,19,3,0,0,,0.0,39 53:09.960,,0,75 12:43.920,0,0,0,0,67301,0,0,0,N,0,0,0,2,67301,0,,1,1,,N,N,,0,,0,0,0,0,0,,1928,0,2,0,0,0,0,0,3,4,0,2,3,,N,,,,,,,,,,,
2007020801,1302.0,0,0,0,0,0,0,0,0,0,2,0,,67,12,2006,3,39.9365,-75.1856,1257.0,6,0,0,0,0,0,2,0,0,,0,0,0,12,1,1,1,,0.0,39 56:11.277,,0,75 11:08.239,8,0,0,0,67301,0,0,0,,0,0,0,3,67301,0,,1,1,,N,N,,1,,0,0,1,9,2,,1247,1,2,0,0,0,1,0,3,4,0,2,3,,N,,,,,,,,,,,
2007029752,752.0,0,0,0,0,0,0,0,0,0,8,0,,67,12,2006,2,39.9542,-75.1971,749.0,6,0,0,0,0,0,1,0,0,,0,0,0,7,1,1,0,,0.0,39 57:15.076,,0,75 11:49.578,4,0,0,0,67301,1,0,0,N,1,0,0,2,67503,1,,1,1,,N,N,,0,,0,0,1,0,0,,747,1,2,0,0,0,0,0,3,4,0,1,3,,N,,,,,,,,,,,
2007029587,140.0,2,0,0,0,0,0,0,0,0,4,0,,67,12,2006,7,39.904,-75.2401,140.0,6,0,0,0,0,0,0,0,0,1.0,0,0,0,1,3,0,1,,1.0,39 54:14.000,3.0,0,75 14:24.410,0,0,0,0,67301,0,0,0,N,0,0,0,2,67301,0,,1,9,,N,N,,0,,0,0,0,3,2,N,130,0,2,0,0,0,0,0,3,4,0,2,7,,N,,,,,,,,,,,
2007008413,152.0,1,0,0,0,0,0,0,0,0,1,0,,67,11,2006,1,39.9619,-75.1828,148.0,6,0,0,0,0,0,0,0,0,1.0,0,0,0,1,3,1,0,,2.0,39 57:42.120,3.0,0,75 10:57.720,8,0,0,0,67301,0,0,0,N,0,0,0,3,67301,0,,1,1,,N,N,,1,,0,0,0,0,0,N,146,1,2,0,0,0,1,0,3,4,0,2,3,,N,,,,,,,,,,,
2007008552,840.0,1,0,0,0,0,0,0,0,0,4,0,,67,11,2006,4,40.0046,-75.13,832.0,6,0,0,0,0,0,1,0,0,,0,0,0,8,1,1,2,,0.0,40 00:16.426,,0,75 07:48.082,8,0,0,0,67301,0,0,0,N,0,0,0,5,67301,0,,1,1,,N,N,,0,,0,0,0,0,0,,819,1,2,0,0,0,1,0,3,4,1,2,3,,N,,,,,,,,,,,
2007008813,0.0,1,0,0,0,0,0,0,0,0,4,0,,67,12,2006,3,40.0179,-75.2114,2350.0,6,0,0,0,0,1,0,0,0,,0,0,0,23,3,3,2,,0.0,40 01:04.359,,0,75 12:40.895,4,0,0,0,67301,0,0,0,,0,0,0,4,67301,3,,1,1,,,,,0,,0,0,1,9,3,,2350,3,2,0,0,0,0,0,3,4,0,2,3,,N,,,,,,,,,,,
2007034421,,1,0,0,0,0,0,0,0,0,1,0,,67,3,2006,3,40.0935,-74.9802,,6,0,0,0,0,0,1,0,0,,0,0,0,13,1,0,2,,0.0,40 05:36.000,,0,74 58:48.598,9,0,0,0,67301,0,0,0,N,0,0,0,2,,0,,1,1,,N,N,,0,,0,0,0,0,0,,1330,0,2,0,0,1,0,2,3,4,0,2,3,,N,,,,,,,,,,,
2007007085,1715.0,2,0,0,0,0,0,0,0,0,4,0,,67,11,2006,3,40.0934,-74.9622,1706.0,6,0,0,0,0,0,1,0,0,,0,0,0,16,3,1,1,,0.0,40 05:36.240,,0,74 57:43.920,4,0,0,0,67301,0,0,0,N,0,0,0,2,67301,1,,1,1,,N,N,,0,,0,0,0,3,2,,1656,1,2,0,0,0,0,0,3,4,0,2,3,,N,,,,,,,,,,,
2007007091,2340.0,1,0,0,0,0,0,0,0,0,7,0,,67,11,2006,4,39.9647,-75.1381,2332.0,6,0,0,0,0,0,0,0,0,1.0,0,0,0,23,3,0,0,,2.0,39 57:37.440,7.0,2,75 08:27.600,0,0,0,0,67301,0,0,0,Y,0,0,0,1,67301,0,,2,9,,N,N,,0,,0,0,0,0,0,N,2332,0,1,0,0,0,0,0,3,4,0,1,7,,N,,,,,,,,,,,
2007009761,2221.0,1,0,0,0,0,0,0,0,0,7,0,,67,11,2006,2,39.9604,-75.1818,2216.0,6,0,0,0,0,0,0,0,0,1.0,0,0,0,22,3,1,7,,2.0,39 57:38.520,3.0,0,75 10:55.200,4,0,0,0,67301,0,0,0,N,0,0,0,1,67301,1,,2,9,,N,N,,0,,0,0,0,0,0,N,2214,1,1,0,0,0,0,0,3,4,0,1,7,,N,,,,,,,,,,,
2007009792,2250.0,1,0,0,0,0,0,0,0,0,7,0,,67,11,2006,4,,,2244.0,6,0,0,0,1,0,0,0,0,1.0,0,0,0,22,3,1,0,,2.0,,4.0,0,,4,0,0,0,67301,0,0,0,N,0,0,0,1,67301,1,,2,1,,N,N,,0,,0,0,0,0,0,N,2242,1,1,0,0,0,0,0,3,3,0,1,3,,N,,,,,,,,,,,
2007009795,415.0,1,0,0,0,0,0,0,0,0,1,0,,67,12,2006,2,39.9452,-75.1908,410.0,6,0,0,0,0,0,0,1,0,,0,0,0,4,2,1,6,,0.0,39 56:42.720,,2,75 11:26.880,8,0,0,0,67301,0,0,0,N,0,0,0,2,67301,0,,1,1,,N,N,,0,,0,0,0,9,8,,410,1,2,0,0,0,1,0,3,4,1,2,3,,N,,,,,,,,,,,
2007106371,1530.0,1,0,0,0,0,0,0,0,0,1,0,,67,12,2006,4,40.0134,-75.1472,1530.0,6,0,0,0,0,0,0,0,0,,0,0,0,15,1,1,1,,0.0,40 00:48.243,,0,75 08:50.035,4,0,0,0,67301,0,0,0,,0,0,0,2,67301,1,,1,1,,N,N,,1,,0,0,0,3,2,,1530,1,2,0,0,0,0,0,3,4,0,2,3,,N,,,,,,,,,,,
2007007417,1859.0,0,0,0,1,0,0,0,0,0,4,0,,67,8,2006,4,39.9955,-75.1789,1854.0,6,0,0,0,0,0,0,0,0,,0,0,0,18,1,2,1,,0.0,39 59:43.000,,0,75 10:44.110,4,0,0,0,67301,2,0,0,N,0,0,0,4,67301,2,,1,1,,N,N,,0,,0,0,1,0,0,,1852,2,2,0,0,0,0,2,3,4,0,1,3,,N,,,,,,,,,,,
2007007421,2115.0,1,0,0,0,0,0,0,0,0,7,0,,67,12,2006,2,39.9298,-75.1445,2109.0,6,0,0,0,0,0,0,0,0,,0,0,0,99,3,2,1,,0.0,39 55:47.347,,0,75 08:40.070,3,0,0,0,67301,0,0,0,N,0,0,0,2,67301,1,,4,1,,N,N,,0,,1,0,0,0,0,,9999,2,1,0,0,1,0,0,3,4,0,1,3,,N,,,,,,,,,,,
2007007559,433.0,0,0,0,0,0,0,0,0,0,7,0,,67,12,2006,1,39.9761,-75.1162,430.0,6,0,0,0,0,0,0,0,1,,0,0,0,4,3,0,1,,0.0,39 58:33.996,,0,75 06:58.204,9,0,0,0,67301,0,0,0,N,0,0,0,1,67301,0,,4,1,,N,N,,0,,0,0,0,0,0,,430,0,1,0,0,0,0,1,3,4,1,1,3,,N,,,,,,,,,,,
2007007680,1620.0,1,0,0,0,0,0,0,0,0,1,0,,67,11,2006,6,40.0601,-75.0741,1607.0,6,0,0,0,0,0,0,0,0,,0,0,0,16,1,1,0,,0.0,40 03:36.441,,0,75 04:26.838,8,0,0,0,67301,0,0,0,N,0,0,0,1,67301,0,,6,1,,N,N,,0,,0,0,1,0,0,,1605,1,2,0,0,0,1,0,3,4,0,2,3,,N,,,,,,,,,,,
2007033480,,0,0,0,0,0,0,0,0,0,1,0,,67,5,2006,1,39.9897,-75.2508,,6,0,0,0,0,0,0,0,0,,0,0,0,23,6,1,1,,0.0,39 59:23.000,,0,75 15:03.019,8,0,0,0,67301,0,0,0,N,0,0,0,2,,0,,1,1,,N,N,,1,,0,0,1,3,2,,2319,1,2,0,0,0,1,1,3,4,0,2,3,,N,,,,,,,,,,,