CRN,ARRIVAL_TM,AUTOMOBILE_COUNT,BELTED_DEATH_COUNT,BELTED_SUSP_SERIOUS_INJ_COUNT,BICYCLE_COUNT,BICYCLE_DEATH_COUNT,BICYCLE_SUSP_SERIOUS_INJ_COUNT,BUS_COUNT,CHLDPAS_DEATH_COUNT,CHLDPAS_SUSP_SERIOUS_INJ_COUNT,COLLISION_TYPE,COMM_VEH_COUNT,CONS_ZONE_SPD_LIM,COUNTY,CRASH_MONTH,CRASH_YEAR,DAY_OF_WEEK,DEC_LAT,DEC_LONG,DISPATCH_TM,DISTRICT,DRIVER_COUNT_16YR,DRIVER_COUNT_17YR,DRIVER_COUNT_18YR,DRIVER_COUNT_19YR,DRIVER_COUNT_20YR,DRIVER_COUNT_50_64YR,DRIVER_COUNT_65_74YR,DRIVER_COUNT_75PLUS,EST_HRS_CLOSED,FATAL_COUNT,HEAVY_TRUCK_COUNT,HORSE_BUGGY_COUNT,HOUR_OF_DAY,ILLUMINATION,INJURY_COUNT,INTERSECT_TYPE,INTERSECTION_RELATED,LANE_CLOSED,LATITUDE,LN_CLOSE_DIR,LOCATION_TYPE,LONGITUDE,MAX_SEVERITY_LEVEL,MCYCLE_DEATH_COUNT,MCYCLE_SUSP_SERIOUS_INJ_COUNT,MOTORCYCLE_COUNT,MUNICIPALITY,NONMOTR_COUNT,NONMOTR_DEATH_COUNT,NONMOTR_SUSP_SERIOUS_INJ_COUNT,NTFY_HIWY_MAINT,PED_COUNT,PED_DEATH_COUNT,PED_SUSP_SERIOUS_INJ_COUNT,PERSON_COUNT,POLICE_AGCY,POSSIBLE_INJ_COUNT,RDWY_SURF_TYPE_CD,RELATION_TO_ROAD,ROAD_CONDITION,ROADWAY_CLEARED,SCH_BUS_IND,SCH_ZONE_IND,SECONDARY_CRASH,SMALL_TRUCK_COUNT,SPEC_JURIS_CD,SUSP_MINOR_INJ_COUNT,SUSP_SERIOUS_INJ_COUNT,SUV_COUNT,TCD_FUNC_CD,TCD_TYPE,TFC_DETOUR_IND,TIME_OF_DAY,TOT_INJ_COUNT,TOTAL_UNITS,UNB_DEATH_COUNT,UNB_SUSP_SERIOUS_INJ_COUNT,UNBELTED_OCC_COUNT,UNK_INJ_DEG_COUNT,UNK_INJ_PER_COUNT,URBAN_AREA,URBAN_RURAL,VAN_COUNT,VEHICLE_COUNT,WEATHER1,WEATHER2,WORK_ZONE_IND,WORK_ZONE_LOC,WORK_ZONE_TYPE,WORKERS_PRES,WZ_CLOSE_DETOUR,WZ_FLAGGER,WZ_LAW_OFFCR_IND,WZ_LN_CLOSURE,WZ_MOVING,WZ_OTHER,WZ_SHLDER_MDN,WZ_WORKERS_INJ_KILLED
2007033602,1055.0,2,0,0,0,0,0,0,0,0,4,0,,67,12,2006,7,40.0521,-75.1418,1049.0,6,0,0,0,0,0,0,0,0,2.0,0,0,0,10,1,3,1,,1.0,40 03:07.474,1.0,0,75 08:30.413,4,0,0,0,67301,0,0,0,N,0,0,0,5,67301,3,,1,1,,N,N,,0,,0,0,0,0,0,Y,1045,3,2,0,0,0,0,0,3,4,0,2,3,,N,,,,,,,,,,,
2007009381,2048.0,2,0,0,0,0,0,0,0,0,5,0,,67,12,2006,7,39.9576,-75.1457,2046.0,6,0,0,0,0,0,0,0,0,1.0,0,0,0,20,3,4,1,,1.0,39 57:27.432,4.0,0,75 08:44.473,8,0,0,0,67301,0,0,0,N,0,0,0,6,67301,0,,1,1,,N,N,,0,,0,0,0,3,2,N,2040,4,2,0,0,0,4,0,3,4,0,2,3,,N,,,,,,,,,,,
2007009383,206.0,1,0,0,0,0,0,0,0,0,6,0,,67,12,2006,6,39.9475,-75.1495,203.0,6,0,0,0,0,0,0,0,0,,0,0,0,2,3,2,1,,0.0,39 56:51.000,,0,75 08:58.249,8,0,0,0,67301,0,0,0,,0,0,0,4,67301,0,,1,9,,,,,0,,0,0,1,0,0,,200,2,2,0,0,4,2,0,3,4,0,2,7,,N,,,,,,,,,,,
2007007115,1410.0,0,0,0,0,0,0,0,0,0,4,0,,67,11,2006,4,40.0136,-75.0685,1404.0,6,0,0,0,0,0,0,0,0,,0,0,0,14,1,1,1,,0.0,40 00:48.000,,0,75 04:07.590,4,0,0,0,67301,0,0,0,N,0,0,0,3,67301,1,,1,1,,N,N,,0,,0,0,2,9,2,,1402,1,2,0,0,0,0,0,3,4,0,2,3,,N,,,,,,,,,,,
2007022250,2014.0,0,0,0,0,0,0,0,0,0,8,0,,67,12,2006,5,40.0657,-75.1556,2014.0,6,0,0,0,0,0,0,0,0,1.0,0,0,0,20,3,1,0,,1.0,40 03:56.412,2.0,0,75 09:20.282,8,0,0,0,67301,1,0,0,,1,0,0,2,67301,0,,1,1,,,,,0,,0,0,0,0,0,N,2013,1,2,0,0,0,1,1,3,4,1,1,3,,N,,,,,,,,,,,
2007019913,1628.0,0,0,0,0,0,0,0,0,0,8,1,,67,11,2006,3,39.9912,-75.123,1628.0,6,0,0,0,0,0,0,0,0,3.0,1,1,0,16,1,0,0,,2.0,39 59:28.244,7.0,0,75 07:22.648,1,0,0,0,67301,1,1,0,N,1,1,0,2,67301,0,2.0,1,1,,N,N,,0,0.0,0,0,0,0,0,Y,1628,0,2,0,0,0,0,0,3,4,0,1,3,,N,,,,,,,,,,,
2007022492,45.0,1,0,0,0,0,0,0,0,0,2,0,,67,12,2006,1,39.9379,-75.2208,35.0,6,0,0,0,0,0,1,0,0,,0,0,0,0,3,1,2,,0.0,39 56:16.296,,0,75 13:14.721,4,0,0,0,67301,0,0,0,N,0,0,0,2,67301,1,,1,1,,N,N,,0,,0,0,1,3,2,,33,1,2,0,0,0,0,0,3,4,0,2,3,,N,,,,,,,,,,,
2007022703,1309.0,2,0,0,0,0,0,0,0,0,4,0,,67,12,2006,7,39.9701,-75.1687,1305.0,6,0,0,0,0,1,0,0,0,,0,0,0,13,1,1,1,,0.0,39 58:12.334,,0,75 10:07.499,4,0,0,0,67301,0,0,0,N,0,0,0,4,67301,1,,1,1,,N,N,,0,,0,0,0,3,3,,1305,1,2,0,0,0,0,0,3,4,0,2,3,,N,,,,,,,,,,,
2007058662,1807.0,1,0,0,0,0,0,0,0,0,2,0,,67,12,2006,1,39.9055,-75.1741,1805.0,6,0,0,0,0,0,2,0,0,,0,0,0,18,3,2,1,,0.0,39 54:19.000,,0,75 10:26.844,3,0,0,0,67301,0,0,0,,0,0,0,2,67301,0,,1,1,,,,,0,,2,0,1,3,2,,1805,2,2,0,0,0,0,0,3,4,0,2,3,,N,,,,,,,,,,,
2006054034,1805.0,2,0,0,0,0,0,0,0,0,6,0,,67,4,2006,5,39.9863,-75.1044,1800.0,6,0,0,0,0,0,1,0,0,,0,0,0,17,1,1,1,,0.0,39 59:10.000,,0,75 06:15.298,4,0,0,0,67301,0,0,0,N,0,0,0,4,67301,1,,1,1,,N,N,,0,,0,0,0,3,2,,1755,1,3,0,0,1,0,1,3,4,1,3,3,,N,,,,,,,,,,,
2006056496,1953.0,2,0,0,0,0,0,0,0,0,4,0,,67,4,2006,3,,,1950.0,6,0,0,0,0,0,0,0,0,,0,0,0,19,1,2,1,,0.0,,,0,,4,0,0,0,67301,0,0,0,N,0,0,0,2,67301,2,,1,1,,N,N,,0,,0,0,0,3,2,,1950,2,2,0,0,0,0,0,3,3,0,2,3,,N,,,,,,,,,,,
2006056447,1630.0,2,0,0,0,0,0,0,0,0,8,0,,67,3,2006,3,39.9221,-75.1618,1630.0,6,0,0,0,0,0,0,0,0,,0,0,0,16,1,1,0,,0.0,39 55:19.441,,0,75 09:42.307,4,0,0,0,67301,0,0,0,,0,0,0,4,67301,1,,1,1,,,,,0,,0,0,0,0,0,,1630,1,2,0,0,1,0,1,3,4,0,2,3,,N,,,,,,,,,,,
2006056422,1005.0,0,0,0,0,0,0,0,0,0,8,0,,67,3,2006,7,,,1000.0,6,0,0,0,0,0,0,0,0,,0,0,0,8,1,1,0,,0.0,,,0,,4,0,0,0,67301,1,0,0,N,1,0,0,2,67301,1,,6,1,,N,N,,0,,0,0,0,0,0,,830,1,2,0,0,0,0,0,3,3,1,1,3,,N,,,,,,,,,,,
2006055180,1510.0,1,0,0,0,0,0,0,0,0,1,0,,67,2,2006,1,40.0743,-75.0348,1500.0,6,0,0,0,0,0,0,0,0,,0,0,0,14,1,3,1,,0.0,40 04:28.000,,0,75 02:06.082,8,0,0,0,67301,0,0,0,N,0,0,0,5,67301,0,,1,1,,N,N,,0,,0,0,0,3,2,,1445,3,2,0,0,0,3,1,3,4,1,2,3,,N,,,,,,,,,,,
2006055286,1712.0,2,0,0,0,0,0,0,0,0,1,0,,67,3,2006,5,39.9934,-75.1508,1707.0,6,0,0,0,0,0,0,0,0,,0,0,0,16,1,1,1,,0.0,39 59:36.000,,0,75 09:02.984,8,0,0,0,67301,0,0,0,,0,0,0,5,67301,0,,1,1,,,,,0,,0,0,0,3,2,,1634,1,2,0,0,0,1,0,3,4,0,2,3,,N,,,,,,,,,,,
2006112745,1204.0,3,0,0,0,0,0,0,0,0,4,0,,67,10,2006,4,40.0619,-74.9944,1159.0,6,0,0,0,0,0,1,0,1,,0,0,0,99,1,1,1,,0.0,40 03:43.000,,0,74 59:39.059,3,0,0,0,67301,0,0,0,N,0,0,0,3,67301,0,,1,1,,N,N,,0,,1,0,0,0,0,,9999,1,3,0,0,0,0,0,3,4,0,3,3,,N,,,,,,,,,,,
2006112721,1525.0,2,0,0,0,0,0,0,0,0,4,0,,67,9,2006,2,39.9915,-75.1349,1517.0,6,0,0,0,0,0,0,0,0,,0,0,0,15,1,1,2,,0.0,39 59:29.000,,0,75 08:05.806,8,0,0,0,67301,0,0,0,N,0,0,0,3,67301,0,,1,1,,N,N,,0,,0,0,0,0,0,,1517,1,2,0,0,0,1,0,3,4,0,2,3,,N,,,,,,,,,,,
2006112718,1240.0,2,0,0,0,0,0,0,0,0,4,0,,67,10,2006,4,40.072,-75.013,1232.0,6,0,0,0,0,0,0,0,0,,0,0,0,12,1,2,1,,0.0,40 04:19.000,,0,75 00:46.805,4,0,0,0,67301,0,0,0,N,0,0,0,3,67301,2,,1,1,,N,N,,0,,0,0,0,3,2,,1230,2,2,0,0,0,0,1,3,4,0,2,3,,N,,,,,,,,,,,
2006055776,1351.0,1,0,0,0,0,0,0,0,0,7,0,,67,4,2006,7,39.9967,-75.0823,1347.0,6,0,0,0,0,0,0,0,0,1.0,0,0,0,13,1,1,0,,1.0,39 59:48.000,2.0,0,75 04:55.963,4,0,0,0,67301,0,0,0,N,0,0,0,2,67301,1,,3,9,,N,N,,0,,0,0,0,0,0,N,1345,1,1,0,0,0,0,0,3,4,0,1,7,,N,,,,,,,,,,,
2006055381,1553.0,0,0,0,0,0,0,0,0,0,1,0,,67,3,2006,4,,,1551.0,6,0,0,0,0,0,0,0,0,,0,0,0,15,1,2,3,,0.0,,,0,,8,0,0,0,67301,0,0,0,N,0,0,0,3,67301,0,,1,1,,N,N,,0,,0,0,1,0,0,,1530,2,2,0,0,0,2,0,3,3,1,2,3,,N,,,,,,,,,,,
2006055379,737.0,0,0,0,0,0,0,0,0,0,7,0,,67,3,2006,6,39.9796,-75.171,735.0,6,0,0,0,0,0,0,0,0,,0,0,0,6,1,0,0,,0.0,39 58:46.000,,0,75 10:15.955,0,0,0,0,67301,0,0,0,N,0,0,0,1,67301,0,,5,1,,N,N,,1,,0,0,0,0,0,,648,0,1,0,0,0,0,0,3,4,0,1,3,,N,,,,,,,,,,,
2006092906,855.0,2,0,0,0,0,0,0,0,0,4,0,,67,8,2006,5,40.0808,-75.0286,850.0,6,0,0,0,0,0,1,0,0,,0,0,0,8,1,2,1,,0.0,40 04:50.000,,0,75 01:41.834,3,0,0,0,67301,0,0,0,N,0,0,0,2,67301,0,,1,1,,N,N,,0,,2,0,0,3,1,,850,2,2,0,0,0,0,0,3,4,0,2,3,,N,,,,,,,,,,,
2006056388,1736.0,0,0,0,0,0,0,1,0,0,4,1,,67,5,2006,5,39.9505,-75.1489,1732.0,6,0,0,0,0,0,0,0,0,,0,0,0,99,1,1,1,,0.0,39 57:01.000,,0,75 08:55.965,3,0,0,0,67301,1,0,0,N,1,0,0,2,67301,0,,1,1,,N,N,,0,,1,0,0,3,2,,9999,1,2,0,0,0,0,0,3,4,0,1,3,,N,,,,,,,,,,,
2006056146,1914.0,1,0,0,0,0,0,0,0,0,2,0,,67,3,2006,2,,,1911.0,6,0,0,0,0,0,0,0,0,2.0,0,0,0,19,3,2,0,,2.0,,6.0,0,,8,0,0,0,67301,0,0,0,N,0,0,0,3,67301,0,,1,1,,N,N,,0,,0,0,1,0,0,N,1910,2,3,0,0,0,2,0,3,3,1,3,3,,N,,,,,,,,,,,
2006102493,1708.0,0,0,0,0,0,0,0,0,0,8,0,,67,9,2006,2,39.9453,-75.2418,1703.0,6,0,0,0,0,0,0,0,0,,0,0,0,15,1,1,1,,0.0,39 56:43.000,,0,75 14:29.815,3,0,0,0,67301,1,0,0,N,1,0,0,2,67301,0,,1,1,,N,N,,1,,1,0,0,3,2,,1555,1,2,0,0,0,0,0,3,4,0,1,3,,N,,,,,,,,,,,
2006124549,324.0,1,0,0,0,0,0,0,0,0,4,1,,67,10,2006,7,,,324.0,6,0,0,0,0,0,0,0,0,2.0,0,1,0,3,3,0,1,,1.0,,3.0,0,,0,0,0,0,67301,0,0,0,N,0,0,0,3,67301,0,,1,1,,N,N,,0,,0,0,0,3,3,Y,322,0,2,0,0,0,0,0,3,3,0,2,3,,N,,,,,,,,,,,
2006124568,1540.0,1,0,0,0,0,0,0,0,0,1,0,,67,10,2006,6,40.0595,-75.0439,1530.0,6,0,0,0,0,0,0,1,0,,0,0,0,14,1,2,0,,0.0,40 03:33.000,,0,75 02:38.043,4,0,0,0,67301,0,0,0,N,0,0,0,2,67301,2,,1,1,,N,N,,1,,0,0,0,0,0,,1435,2,2,0,0,0,0,0,3,4,0,2,3,,N,,,,,,,,,,,
2006102193,1700.0,1,0,0,0,0,0,0,0,0,7,0,,67,9,2006,3,40.0457,-75.1433,1656.0,6,0,0,0,0,0,0,0,0,,0,0,0,16,1,1,2,,0.0,40 02:44.000,,0,75 08:35.893,8,0,0,0,67301,0,0,0,N,0,0,0,1,67301,0,,5,9,,N,N,,0,,0,0,0,0,0,,1653,1,1,0,0,0,1,0,3,4,0,1,7,,N,,,,,,,,,,,
2006124248,104.0,1,0,0,0,0,0,0,0,0,7,0,,67,11,2006,1,39.9285,-75.1966,100.0,6,0,0,0,0,0,0,0,0,1.0,0,0,0,0,3,1,0,,2.0,39 55:40.000,3.0,0,75 11:46.175,4,0,0,0,67301,0,0,0,N,0,0,0,1,67301,1,,2,1,,N,N,,0,,0,0,0,0,0,N,57,1,1,0,0,0,0,0,3,4,0,1,3,,N,,,,,,,,,,,
2006112661,222.0,0,0,0,1,0,0,0,0,0,1,0,,67,10,2006,3,39.9331,-75.1596,218.0,6,0,0,0,0,0,0,0,0,,0,0,0,2,3,1,1,,0.0,39 55:59.188,,0,75 09:34.430,3,0,0,0,67301,1,0,0,N,0,0,0,2,67301,0,,1,9,,N,N,,0,,1,0,0,0,0,,200,1,2,0,0,0,0,1,3,4,0,1,3,,N,,,,,,,,,,,
2006124902,1335.0,2,0,0,0,0,0,0,0,0,1,0,,67,10,2006,7,39.9832,-75.1325,1330.0,6,0,0,0,0,0,0,0,0,,0,0,0,13,1,1,10,,0.0,39 58:59.552,,0,75 07:57.021,4,0,0,0,67301,0,0,0,N,0,0,0,2,67301,1,,1,1,,N,N,,0,,0,0,0,0,0,,1315,1,2,0,0,0,0,1,3,4,0,2,3,,N,,,,,,,,,,,
2006124762,1730.0,1,0,0,0,0,0,0,0,0,4,0,,67,11,2006,7,40.0734,-75.034,1725.0,6,0,0,0,0,0,0,0,0,1.0,0,0,0,17,3,0,0,,1.0,40 04:23.000,3.0,7,75 02:02.330,0,0,0,0,67301,0,0,0,N,0,0,0,2,67301,0,,1,1,,N,N,,1,,0,0,0,0,0,N,1715,0,2,0,0,0,0,0,3,4,0,2,3,,N,,,,,,,,,,,
2006113860,730.0,1,0,0,0,0,0,0,0,0,1,0,,67,10,2006,6,39.9544,-75.1919,726.0,6,0,0,0,0,0,0,0,0,,0,0,0,7,1,1,0,,0.0,39 57:15.000,,0,75 11:30.912,8,0,0,0,67301,0,0,0,,0,0,0,2,67504,0,,1,9,,,,,0,,0,0,0,0,0,,720,1,2,0,0,0,1,1,3,4,0,2,7,,N,,,,,,,,,,,
2006113870,1234.0,1,0,0,0,0,0,0,0,0,1,0,,67,9,2006,5,40.0427,-75.0629,1232.0,6,0,0,0,0,0,0,0,0,,0,0,0,12,1,2,0,,0.0,40 02:33.761,,0,75 03:46.260,4,0,0,1,67301,0,0,0,N,0,0,0,2,67301,2,,1,1,,N,N,,0,,0,0,0,0,0,,1225,2,2,0,0,0,0,0,3,4,0,2,3,,N,,,,,,,,,,,
2006057216,708.0,1,0,0,0,0,0,0,0,0,8,0,,67,4,2006,4,39.9512,-75.167,1902.0,6,0,0,0,0,0,0,1,0,,0,0,0,99,5,1,1,,0.0,39 57:04.000,,0,75 10:01.238,4,0,0,0,67301,1,0,0,N,1,0,0,2,67301,1,,1,1,,N,N,,0,,0,0,0,2,2,,9999,1,2,0,0,0,0,0,3,4,0,1,3,,N,,,,,,,,,,,
2006054698,305.0,1,0,0,0,0,0,0,0,0,7,0,,67,4,2006,1,39.9113,-75.2427,300.0,6,0,0,0,0,0,0,0,0,,0,0,0,2,3,1,5,,0.0,39 54:40.000,,0,75 14:33.489,3,0,0,0,67301,0,0,0,N,0,0,0,1,67301,0,,4,1,,N,N,,0,,1,0,0,3,2,,255,1,1,0,0,0,0,0,3,4,0,1,3,,N,,,,,,,,,,,
2006054746,915.0,1,0,0,0,0,0,0,0,0,7,0,,67,4,2006,7,40.026,-75.1998,912.0,6,0,0,0,0,0,0,0,0,1.0,0,0,0,9,1,1,0,,1.0,40 01:33.000,1.0,0,75 11:59.419,4,0,0,0,67301,0,0,0,Y,0,0,0,1,67301,1,,4,9,,N,N,,0,,0,0,0,0,0,N,911,1,1,0,0,1,0,0,3,4,0,1,7,,N,,,,,,,,,,,
2006093888,1630.0,1,0,0,1,0,1,0,0,0,2,0,,67,7,2006,4,40.0266,-75.2188,1626.0,6,0,0,0,0,0,0,0,0,,0,0,0,16,1,1,0,,0.0,40 01:35.864,,0,75 13:07.590,2,0,0,0,67301,1,0,1,N,0,0,0,2,67301,0,,1,1,,N,N,,0,,0,1,0,0,0,,1626,1,2,0,0,0,0,0,3,4,0,1,3,,N,,,,,,,,,,,
2006054966,623.0,2,0,0,0,0,0,0,0,0,4,0,,67,3,2006,6,39.9864,-75.1803,621.0,6,0,0,0,0,0,0,0,0,,0,0,0,6,5,0,1,,0.0,39 59:10.000,,0,75 10:49.003,9,0,0,0,67301,0,0,0,N,0,0,0,2,67301,0,,1,1,,N,N,,0,,0,0,0,3,2,,602,0,2,0,0,0,0,1,3,4,0,2,3,,N,,,,,,,,,,,
2006054989,1510.0,1,0,0,0,0,0,0,0,0,8,0,,67,4,2006,2,40.0209,-75.0812,1535.0,6,0,0,0,0,0,0,0,0,,0,0,0,15,1,1,0,,0.0,40 01:15.337,,0,75 04:52.251,4,0,0,0,67301,1,0,0,N,1,0,0,2,67301,1,,1,1,,N,N,,0,,0,0,0,0,0,,1500,1,2,0,0,0,0,0,3,4,0,1,3,,N,,,,,,,,,,,
2006054994,1228.0,0,0,0,0,0,0,0,0,0,8,0,,67,2,2006,7,,,1226.0,6,0,0,0,0,0,0,0,0,,0,0,0,12,1,1,1,,0.0,,,0,,2,0,0,0,67301,1,0,1,N,1,0,1,2,67301,0,,1,1,,N,N,,0,,0,1,1,3,2,,1220,1,2,0,0,0,0,0,3,3,0,1,3,,N,,,,,,,,,,,
2006055132,58.0,2,0,0,0,0,0,0,0,0,6,0,,67,4,2006,7,,,50.0,6,0,0,0,0,0,0,0,0,1.0,0,0,0,0,3,3,2,,2.0,,7.0,0,,4,0,0,0,67301,0,0,0,N,0,0,0,5,67301,3,,1,9,,N,N,,0,,0,0,0,0,0,Y,35,3,2,0,0,0,0,0,3,3,0,2,7,,N,,,,,,,,,,,
2006094084,1346.0,1,0,0,0,0,0,0,0,0,8,0,,67,7,2006,1,39.9272,-75.1448,1343.0,6,0,0,0,0,0,0,1,0,,0,0,0,13,1,1,0,,0.0,39 55:38.000,,0,75 08:40.961,3,0,0,0,67301,1,0,0,N,1,0,0,2,67301,0,,1,1,,N,N,,0,,1,0,0,3,2,,1341,1,2,0,0,1,0,0,3,4,0,1,3,,N,,,,,,,,,,,
2006055308,230.0,1,0,0,0,0,0,0,0,0,7,0,,67,4,2006,3,39.9996,-75.2095,218.0,6,0,0,0,0,0,0,0,0,,0,0,0,2,3,0,0,,0.0,39 59:58.624,,0,75 12:34.095,9,0,0,0,67301,0,0,0,N,0,0,0,2,67301,0,,5,1,,N,N,,0,,0,0,0,0,0,,215,0,1,0,0,0,0,2,3,4,0,1,3,,N,,,,,,,,,,,
2006055325,1529.0,1,0,0,0,0,0,0,0,0,8,0,,67,4,2006,5,40.0126,-75.1609,1527.0,6,0,0,0,0,0,1,0,0,,0,0,0,14,1,1,1,,0.0,40 00:45.000,,0,75 09:39.660,4,0,0,0,67301,1,0,0,,1,0,0,2,67301,1,,1,1,,,,,0,,0,0,0,3,2,,1450,1,2,0,0,0,0,0,3,4,0,1,3,,N,,,,,,,,,,,
2006094165,1635.0,1,0,0,0,0,0,0,0,0,8,0,,67,7,2006,7,40.0292,-75.1064,1625.0,6,0,0,0,0,0,0,1,0,,0,0,0,16,1,2,0,,0.0,40 01:44.000,,0,75 06:23.083,8,0,0,0,67301,1,0,0,,1,0,0,2,67301,0,,1,1,,,,,0,,0,0,0,3,2,,1622,2,2,0,0,0,2,0,3,4,0,1,3,,N,,,,,,,,,,,
2006094178,1600.0,2,0,0,0,0,0,0,0,0,4,0,,67,7,2006,2,,,1548.0,6,0,0,0,1,0,0,0,0,,0,0,0,15,1,1,0,,0.0,,,0,,8,0,0,0,67301,0,0,0,N,0,0,0,3,67301,0,,1,1,,N,N,,0,,0,0,0,0,0,,1548,1,2,0,0,0,1,0,3,3,0,2,3,,N,,,,,,,,,,,
2006094235,1201.0,1,0,0,0,0,0,0,0,0,4,0,,67,7,2006,2,40.0643,-75.0537,1152.0,6,0,0,0,0,0,0,0,0,,0,0,0,11,1,0,1,,0.0,40 03:51.000,,0,75 03:13.198,0,0,0,0,67301,0,0,0,N,0,0,0,2,67301,0,,1,1,,N,N,,1,,0,0,0,3,2,,1130,0,2,0,0,0,0,0,3,4,0,2,3,,N,,,,,,,,,,,
2006094381,829.0,1,0,0,0,0,0,0,0,0,8,0,,67,8,2006,3,39.9493,-75.1511,828.0,6,0,0,0,0,0,0,0,0,,0,0,0,8,1,1,0,,0.0,39 56:57.369,,0,75 09:03.994,4,0,0,0,67301,1,0,0,N,1,0,0,2,67301,1,,1,1,,N,N,,0,,0,0,0,0,0,,826,1,2,0,0,0,0,0,3,4,0,1,3,,N,,,,,,,,,,,
2006094383,1620.0,1,0,0,0,0,0,0,0,0,4,0,,67,7,2006,6,,,1615.0,6,0,0,0,0,0,0,0,0,,0,0,0,14,1,2,1,,0.0,,,0,,4,0,0,0,67301,0,0,0,N,0,0,0,4,67301,2,,1,9,,N,N,,1,,0,0,0,9,2,,1415,2,2,0,0,0,0,0,3,3,0,2,7,,N,,,,,,,,,,,
2006081681,142.0,2,0,0,0,0,0,0,0,0,4,0,,67,5,2006,1,39.9863,-75.1563,138.0,6,0,0,0,0,0,0,0,0,1.0,0,0,0,1,3,2,1,,1.0,39 59:10.000,2.0,0,75 09:22.544,3,0,0,0,67301,0,0,0,N,0,0,0,2,67301,0,,1,1,,N,N,,0,,2,0,0,2,2,N,134,2,2,0,0,0,0,0,3,4,0,2,3,,N,,,,,,,,,,,
2006126313,1708.0,1,0,0,0,0,0,0,0,0,8,0,,67,10,2006,3,39.95,-75.2104,1706.0,6,0,0,0,0,0,0,1,0,,0,0,0,17,4,1,0,,0.0,39 56:59.982,,0,75 12:37.393,4,0,0,0,67301,1,0,0,N,1,0,0,2,67301,1,,1,1,,N,N,,0,,0,0,0,0,0,,1706,1,2,0,0,0,0,0,3,4,0,1,3,,N,,,,,,,,,,,
2006056455,1835.0,4,0,0,0,0,0,0,0,0,1,0,,67,3,2006,5,39.9182,-75.1613,1830.0,6,0,0,0,0,0,0,0,0,,0,0,0,18,3,0,0,,0.0,39 55:05.444,,0,75 09:40.748,0,0,0,0,67301,0,0,0,N,0,0,0,4,67301,0,,6,9,,N,N,,0,,0,0,0,0,0,,1828,0,4,0,0,0,0,0,3,4,0,4,3,,N,,,,,,,,,,,
2006056459,1533.0,0,0,0,0,0,0,0,0,0,6,0,,67,3,2006,2,,,1530.0,6,0,0,0,0,0,1,0,0,,0,0,0,15,1,0,1,,0.0,,,0,,0,0,0,0,67301,0,0,0,N,0,0,0,2,67301,0,,1,1,,N,N,,1,,0,0,1,0,0,,1525,0,2,0,0,2,0,0,3,3,0,2,3,,N,,,,,,,,,,,
2006033800,1610.0,1,0,0,0,0,0,0,0,0,1,0,,67,1,2006,6,40.0079,-75.1915,1600.0,6,0,0,0,0,0,1,0,0,,0,0,0,15,1,1,1,,0.0,40 00:28.000,,0,75 11:29.485,8,0,0,0,67301,0,0,0,N,0,0,0,2,67301,0,,1,1,,N,N,,1,,0,0,0,3,2,,1555,1,2,0,0,0,1,0,3,4,0,2,3,,N,,,,,,,,,,,
2006036488,820.0,0,0,0,0,0,0,1,0,0,4,1,,67,3,2006,2,39.9271,-75.1911,817.0,6,0,0,0,0,0,1,0,0,,0,0,0,8,1,2,2,,0.0,39 55:37.000,,0,75 11:28.225,4,0,0,0,67301,0,0,0,,0,0,0,5,67301,2,,1,1,,Y,N,,1,,0,0,0,1,3,,815,2,2,0,0,0,0,0,3,4,0,2,3,,N,,,,,,,,,,,
2006036676,842.0,2,0,0,0,0,0,0,0,0,4,0,,67,2,2006,5,40.0495,-75.0011,837.0,6,0,0,0,0,0,0,0,0,,0,0,0,8,1,0,2,,0.0,40 02:57.840,,7,75 00:03.960,0,0,0,0,67301,0,0,0,N,0,0,0,2,67301,0,,7,1,,N,N,,0,,0,0,0,3,3,,835,0,2,0,0,0,0,0,3,4,0,2,3,,N,,,,,,,,,,,
2006034210,1744.0,2,0,0,0,0,0,1,0,0,4,1,,67,3,2006,5,,,1739.0,6,0,0,0,0,0,0,0,0,,0,0,0,17,4,4,2,,0.0,,,0,,8,0,0,0,67301,0,0,0,,0,0,0,5,67301,0,,1,9,,N,N,,0,,0,0,0,9,2,,1730,4,3,0,0,0,4,1,3,3,0,3,7,,N,,,,,,,,,,,
2006036801,1650.0,2,0,0,0,0,0,0,0,0,1,0,,67,2,2006,5,40.1088,-75.0015,1642.0,6,0,0,0,0,0,1,0,0,,0,0,0,99,1,1,0,,0.0,40 06:31.586,,0,75 00:05.558,4,0,0,0,67301,0,0,0,,0,0,0,4,67301,1,,1,1,,N,N,,1,,0,0,0,0,0,,9999,1,3,0,0,0,0,0,3,4,0,3,3,,N,,,,,,,,,,,
2006103155,1812.0,1,0,0,0,0,0,0,0,0,7,0,,67,9,2006,7,40.0584,-75.1492,1810.0,6,0,0,0,0,0,0,0,0,2.0,0,0,0,18,1,1,5,,2.0,40 03:30.268,2.0,0,75 08:57.263,4,0,0,0,67301,0,0,0,N,0,0,0,1,67301,1,,5,9,,N,N,,0,,0,0,0,9,2,Y,1810,1,1,0,0,0,0,0,3,4,0,1,7,,N,,,,,,,,,,,