CRN,ARRIVAL_TM,AUTOMOBILE_COUNT,BELTED_DEATH_COUNT,BELTED_SUSP_SERIOUS_INJ_COUNT,BICYCLE_COUNT,BICYCLE_DEATH_COUNT,BICYCLE_SUSP_SERIOUS_INJ_COUNT,BUS_COUNT,CHLDPAS_DEATH_COUNT,CHLDPAS_SUSP_SERIOUS_INJ_COUNT,COLLISION_TYPE,COMM_VEH_COUNT,CONS_ZONE_SPD_LIM,COUNTY,CRASH_MONTH,CRASH_YEAR,DAY_OF_WEEK,DEC_LAT,DEC_LONG,DISPATCH_TM,DISTRICT,DRIVER_COUNT_16YR,DRIVER_COUNT_17YR,DRIVER_COUNT_18YR,DRIVER_COUNT_19YR,DRIVER_COUNT_20YR,DRIVER_COUNT_50_64YR,DRIVER_COUNT_65_74YR,DRIVER_COUNT_75PLUS,EST_HRS_CLOSED,FATAL_COUNT,HEAVY_TRUCK_COUNT,HORSE_BUGGY_COUNT,HOUR_OF_DAY,ILLUMINATION,INJURY_COUNT,INTERSECT_TYPE,INTERSECTION_RELATED,LANE_CLOSED,LATITUDE,LN_CLOSE_DIR,LOCATION_TYPE,LONGITUDE,MAX_SEVERITY_LEVEL,MCYCLE_DEATH_COUNT,MCYCLE_SUSP_SERIOUS_INJ_COUNT,MOTORCYCLE_COUNT,MUNICIPALITY,NONMOTR_COUNT,NONMOTR_DEATH_COUNT,NONMOTR_SUSP_SERIOUS_INJ_COUNT,NTFY_HIWY_MAINT,PED_COUNT,PED_DEATH_COUNT,PED_SUSP_SERIOUS_INJ_COUNT,PERSON_COUNT,POLICE_AGCY,POSSIBLE_INJ_COUNT,RDWY_SURF_TYPE_CD,RELATION_TO_ROAD,ROAD_CONDITION,ROADWAY_CLEARED,SCH_BUS_IND,SCH_ZONE_IND,SECONDARY_CRASH,SMALL_TRUCK_COUNT,SPEC_JURIS_CD,SUSP_MINOR_INJ_COUNT,SUSP_SERIOUS_INJ_COUNT,SUV_COUNT,TCD_FUNC_CD,TCD_TYPE,TFC_DETOUR_IND,TIME_OF_DAY,TOT_INJ_COUNT,TOTAL_UNITS,UNB_DEATH_COUNT,UNB_SUSP_SERIOUS_INJ_COUNT,UNBELTED_OCC_COUNT,UNK_INJ_DEG_COUNT,UNK_INJ_PER_COUNT,URBAN_AREA,URBAN_RURAL,VAN_COUNT,VEHICLE_COUNT,WEATHER1,WEATHER2,WORK_ZONE_IND,WORK_ZONE_LOC,WORK_ZONE_TYPE,WORKERS_PRES,WZ_CLOSE_DETOUR,WZ_FLAGGER,WZ_LAW_OFFCR_IND,WZ_LN_CLOSURE,WZ_MOVING,WZ_OTHER,WZ_SHLDER_MDN,WZ_WORKERS_INJ_KILLED
2006037813,1645.0,2,0,0,0,0,0,0,0,0,4,0,,67,3,2006,2,39.9141,-75.2216,1637.0,6,0,0,0,0,0,0,0,1,2.0,0,0,0,16,1,1,0,,1.0,39 54:58.000,3.0,0,75 13:09.701,4,0,0,0,67301,0,0,0,N,0,0,0,2,67301,1,,1,1,,N,N,,0,,0,0,0,0,0,N,1600,1,2,0,0,0,0,0,3,4,0,2,3,,N,,,,,,,,,,,
2006082016,544.0,1,0,0,0,0,0,0,0,0,7,0,,67,5,2006,1,39.9926,-75.2404,534.0,6,0,0,0,0,0,0,0,0,,0,0,0,5,1,2,0,,0.0,39 59:33.313,,0,75 14:25.573,4,0,0,0,67301,0,0,0,N,0,0,0,2,67301,2,,3,1,,N,N,,0,,0,0,0,0,0,,516,2,1,0,0,2,0,0,3,4,0,1,3,,N,,,,,,,,,,,
2006079514,540.0,2,0,0,0,0,0,0,0,0,7,0,,67,6,2006,3,39.9559,-75.2041,540.0,6,0,0,0,0,0,0,0,0,3.0,0,0,0,5,1,0,0,,1.0,39 57:21.000,3.0,0,75 12:14.885,0,0,0,0,67301,0,0,0,N,0,0,0,1,67504,0,,2,1,,N,N,,0,,0,0,0,0,0,N,540,0,2,0,0,0,0,0,3,4,0,2,3,,N,,,,,,,,,,,
2006082075,1745.0,2,0,0,0,0,0,0,0,0,4,0,,67,7,2006,2,40.0687,-75.1641,1738.0,6,0,0,0,0,0,1,0,0,,0,0,0,17,1,0,1,,0.0,40 04:07.204,,0,75 09:50.796,0,0,0,0,67301,0,0,0,N,0,0,0,2,67301,0,,1,1,,N,N,,0,,0,0,0,3,2,,1730,0,2,0,0,0,0,0,3,4,0,2,3,,N,,,,,,,,,,,
2006084941,1915.0,1,0,0,0,0,0,0,0,0,8,0,,67,6,2006,6,40.0469,-75.1671,1830.0,6,0,0,0,0,0,0,0,0,,0,0,0,18,1,1,0,,0.0,40 02:48.000,,0,75 10:01.743,8,0,0,0,67301,1,0,0,,1,0,0,2,67301,0,,1,1,,,,,0,,0,0,0,0,0,,1830,1,2,0,0,0,1,0,3,4,0,1,3,,N,,,,,,,,,,,
2006079941,255.0,3,0,0,0,0,0,0,0,0,1,0,,67,5,2006,1,,,251.0,6,0,0,0,0,1,0,0,0,,0,0,0,2,3,2,0,,0.0,,,0,,3,0,0,0,67301,0,0,0,,0,0,0,4,67301,1,,1,1,,,,,0,,1,0,0,0,0,,245,2,3,0,0,0,0,0,3,3,0,3,3,,N,,,,,,,,,,,
2006082529,1512.0,1,0,0,1,0,0,0,0,0,2,0,,67,7,2006,7,40.0001,-75.1289,1509.0,6,0,0,0,0,0,1,0,0,,0,0,0,15,1,1,1,,0.0,40 00:00.478,,0,75 07:43.960,4,0,0,0,67301,1,0,0,N,0,0,0,2,67301,1,,1,1,,N,N,,0,,0,0,0,3,2,,1500,1,2,0,0,0,0,0,3,4,0,1,3,,N,,,,,,,,,,,
2006079827,1450.0,1,0,0,0,0,0,0,0,0,4,0,,67,6,2006,2,,,1448.0,6,0,0,0,0,0,1,0,0,,0,0,0,14,1,1,1,,0.0,,,0,,8,0,0,0,67301,0,0,0,N,0,0,0,2,67301,0,,1,1,,N,N,,0,,0,0,1,3,3,,1445,1,2,0,0,1,1,0,3,3,0,2,3,,N,,,,,,,,,,,
2006094353,825.0,1,0,0,0,0,0,0,0,0,8,0,,67,8,2006,1,40.0854,-75.0374,820.0,6,0,0,0,0,0,0,0,0,,0,0,0,8,1,1,1,,0.0,40 05:07.000,,0,75 02:14.803,8,0,0,0,67301,1,0,0,N,1,0,0,2,67301,0,,1,1,,N,N,,0,,0,0,0,3,2,,815,1,2,0,0,0,1,0,3,4,0,1,3,,N,,,,,,,,,,,
2006094232,1915.0,1,0,0,0,0,0,0,0,0,4,0,,67,8,2006,6,40.0236,-75.0564,1911.0,6,0,0,1,0,0,0,0,0,1.0,0,1,0,19,1,3,1,,1.0,40 01:24.000,2.0,0,75 03:23.207,8,0,0,0,67301,0,0,0,N,0,0,0,4,67301,0,,1,1,,N,N,,0,,0,0,0,3,2,Y,1910,3,2,0,0,0,3,0,3,4,0,2,3,,N,,,,,,,,,,,
2006094367,1154.0,1,0,0,0,0,0,0,0,0,2,0,,67,7,2006,6,40.0306,-75.0548,1152.0,6,0,0,0,0,0,0,0,0,1.0,0,0,0,11,1,4,1,,1.0,40 01:50.000,1.0,0,75 03:17.064,4,0,0,0,67301,0,0,0,N,0,0,0,4,67301,4,,1,1,,N,N,,0,,0,0,1,3,2,Y,1152,4,2,0,0,0,0,0,3,4,0,2,3,,N,,,,,,,,,,,
2006094389,1115.0,1,0,0,0,0,0,0,0,0,7,0,,67,7,2006,6,,,1100.0,6,0,0,0,0,0,0,0,0,,0,0,0,10,1,1,0,,0.0,,,0,,4,0,0,0,67301,0,0,0,N,0,0,0,3,67301,1,,2,1,,N,N,,0,,0,0,0,0,0,,1055,1,1,0,0,0,0,0,3,3,0,1,3,,N,,,,,,,,,,,
2006094475,2150.0,2,0,0,0,0,0,0,0,0,0,0,,67,8,2006,7,39.9526,-75.231,2132.0,6,0,0,0,1,0,0,0,0,,0,0,0,21,3,0,2,,0.0,39 57:09.216,,0,75 13:51.434,0,0,0,0,67301,0,0,0,N,0,0,0,3,67301,0,,1,1,,N,N,,0,,0,0,0,0,0,,2132,0,2,0,0,0,0,0,3,4,0,2,3,,N,,,,,,,,,,,
2006081703,340.0,1,0,0,0,0,0,0,0,0,8,0,,67,6,2006,1,39.997,-75.1126,340.0,6,0,0,0,0,0,0,0,0,1.0,0,0,0,3,3,1,0,,2.0,39 59:49.027,5.0,0,75 06:45.532,2,0,0,0,67301,1,0,1,N,1,0,1,2,67301,0,,1,1,,N,N,,0,,0,1,0,0,0,N,340,1,2,0,0,1,0,0,3,4,0,1,3,,N,,,,,,,,,,,
2006094638,9999.0,2,0,0,0,0,0,0,0,0,4,0,,67,7,2006,3,39.978,-75.1698,9999.0,6,0,0,0,0,0,1,0,0,1.0,0,0,0,99,1,2,2,,1.0,39 58:40.000,1.0,0,75 10:11.123,8,0,0,0,67301,0,0,0,N,0,0,0,3,67301,0,,1,1,,N,N,,0,,0,0,0,3,2,N,9999,2,2,0,0,0,2,0,3,4,0,2,3,,N,,,,,,,,,,,
2006084291,2122.0,0,0,0,0,0,0,0,0,0,8,0,,67,6,2006,3,39.9484,-75.2193,2121.0,6,0,0,0,0,0,0,0,0,3.0,1,0,0,21,3,0,5,,2.0,39 56:54.000,6.0,0,75 13:09.381,1,0,0,0,67301,1,1,0,,1,1,0,2,67301,0,2.0,1,9,,N,N,,0,0.0,0,0,1,3,2,Y,2104,0,2,0,0,0,0,0,3,4,0,1,3,,N,,,,,,,,,,,
2006056474,206.0,1,0,0,0,0,0,0,0,0,9,0,,67,4,2006,7,39.9714,-75.1594,202.0,6,0,0,0,1,0,0,0,0,,0,0,0,99,3,1,1,,0.0,39 58:17.000,,0,75 09:33.789,3,0,0,0,67301,0,0,0,N,0,0,0,1,67301,0,,3,1,,N,N,,0,,1,0,0,3,2,,9999,1,1,0,0,0,0,0,3,4,0,1,7,,N,,,,,,,,,,,
2006054013,351.0,2,0,0,0,0,0,0,0,0,2,0,,67,4,2006,7,,,350.0,6,0,0,0,0,0,0,0,0,1.0,0,0,0,3,6,1,1,,1.0,,2.0,0,,4,0,0,0,67301,0,0,0,N,0,0,0,2,67301,1,,1,9,,N,N,,0,,0,0,0,3,3,N,330,1,2,0,0,2,0,0,3,3,0,2,7,,N,,,,,,,,,,,
2006036568,1322.0,2,0,0,0,0,0,0,0,0,4,0,,67,3,2006,5,,,1320.0,6,0,0,0,0,0,0,0,0,,0,0,0,13,1,0,1,,0.0,,,0,,0,0,0,0,67301,0,0,0,N,0,0,0,3,67301,0,,1,9,,N,N,,0,,0,0,1,3,2,,1318,0,3,0,0,0,0,0,3,3,0,3,7,,N,,,,,,,,,,,
2006036586,1245.0,1,0,0,0,0,0,0,0,0,8,0,,67,1,2006,6,,,1243.0,6,0,0,0,0,0,0,0,0,,0,0,0,12,1,1,2,,0.0,,,0,,8,0,0,0,67301,1,0,0,Y,1,0,0,3,67301,0,,1,1,,N,Y,,0,,0,0,0,0,0,,1234,1,2,0,0,0,1,0,3,3,0,1,3,,N,,,,,,,,,,,
2006036638,911.0,0,0,0,0,0,0,0,0,0,8,0,,67,2,2006,5,40.0323,-75.1692,909.0,6,0,0,0,0,0,0,0,0,,0,0,0,17,4,1,1,,0.0,40 01:56.000,,0,75 10:09.306,4,0,0,0,67301,1,0,0,N,1,0,0,2,67301,1,,1,98,,N,N,,0,,0,0,1,0,0,,1745,1,2,0,0,0,0,1,3,4,0,1,3,,N,,,,,,,,,,,
2006024175,2219.0,2,0,0,0,0,0,0,0,0,1,0,,67,1,2006,4,39.9734,-75.1672,2159.0,6,0,0,0,0,0,1,0,0,,0,0,0,99,3,1,0,,0.0,39 58:24.000,,0,75 10:01.599,8,0,0,0,67301,0,0,0,,0,0,0,3,67301,0,,1,9,,N,N,,0,,0,0,0,0,0,,9999,1,2,0,0,0,1,0,3,4,0,2,7,,N,,,,,,,,,,,
2006021918,1400.0,1,0,0,0,0,0,0,0,0,6,0,,67,1,2006,6,40.0056,-75.1093,1358.0,6,0,0,0,0,0,1,0,1,,0,1,0,13,1,1,0,,0.0,40 00:19.980,,0,75 06:33.638,4,0,0,0,67301,0,0,0,N,0,0,0,2,67301,1,,1,1,,N,N,,0,,0,0,0,0,0,,1350,1,2,0,0,2,0,0,3,4,0,2,3,,N,,,,,,,,,,,
2006103121,912.0,2,0,0,0,0,0,0,0,0,1,0,,67,9,2006,5,40.1021,-74.979,903.0,6,0,0,0,0,0,1,0,0,9.0,0,0,0,9,1,0,0,,1.0,40 06:07.552,4.0,0,74 58:44.292,0,0,0,0,67301,0,0,0,N,0,0,0,1,67301,0,,1,1,,N,N,,0,,0,0,0,0,0,N,900,0,2,0,0,0,0,0,3,4,0,2,3,,N,,,,,,,,,,,
2006103127,2355.0,1,0,0,0,0,0,0,0,0,8,0,,67,9,2006,4,40.0733,-74.9982,2350.0,6,0,0,0,0,0,0,0,0,,0,0,0,19,3,1,0,,0.0,40 04:23.906,,0,74 59:53.523,3,0,0,0,67301,1,0,0,,1,0,0,2,67301,0,,6,1,,,,,0,,1,0,0,0,0,,1900,1,2,0,0,0,0,0,3,4,0,1,3,,N,,,,,,,,,,,
2006103129,1932.0,2,0,0,0,0,0,0,0,0,4,0,,67,8,2006,7,39.9866,-75.1464,1930.0,6,0,0,0,0,1,0,0,0,,0,0,0,19,4,2,1,,0.0,39 59:11.000,,0,75 08:45.076,4,0,0,0,67301,0,0,0,N,0,0,0,4,67301,2,,1,1,,N,N,,0,,0,0,0,3,3,,1930,2,2,0,0,1,0,0,3,4,0,2,3,,N,,,,,,,,,,,
2006102804,1225.0,1,0,0,0,0,0,0,0,0,1,0,,67,9,2006,7,39.9583,-75.1659,1220.0,6,0,0,0,0,0,0,0,0,1.0,0,1,0,12,1,1,0,,1.0,39 57:29.000,3.0,0,75 09:56.071,8,0,0,0,67301,0,0,0,N,0,0,0,2,67301,0,,1,1,,N,N,,0,,0,0,0,0,0,N,1220,1,2,0,0,1,1,0,3,4,0,2,3,,N,,,,,,,,,,,
2006032561,1358.0,1,0,0,0,0,0,0,0,0,4,0,,67,1,2006,5,39.921,-75.1727,1350.0,6,0,0,0,0,0,1,1,0,,0,0,0,13,1,1,2,,0.0,39 55:15.466,,0,75 10:21.892,8,0,0,0,67301,0,0,0,,0,0,0,2,67301,0,,1,1,,N,N,,1,,0,0,0,0,0,,1350,1,2,0,0,0,1,0,3,4,0,2,3,,N,,,,,,,,,,,
2006037602,1430.0,1,0,0,0,0,0,0,0,0,8,0,,67,1,2006,6,,,1430.0,6,0,0,0,0,0,0,0,0,,0,0,0,14,1,1,0,,0.0,,,0,,4,0,0,0,67301,1,0,0,N,1,0,0,3,67301,1,,5,1,,N,N,,0,,0,0,0,0,0,,1430,1,2,0,0,0,0,0,3,3,0,1,3,,N,,,,,,,,,,,
2006037748,616.0,3,0,0,0,0,0,0,0,0,1,0,,67,2,2006,2,39.9521,-75.1864,614.0,6,0,0,0,0,0,0,1,0,,0,0,0,6,1,0,0,,0.0,39 57:07.000,,0,75 11:11.109,0,0,0,0,67301,0,0,0,,0,0,0,1,67301,0,,2,1,,N,N,,0,,0,0,0,0,0,,614,0,3,0,0,0,0,0,3,4,0,3,3,,N,,,,,,,,,,,
2006079287,508.0,0,0,0,0,0,0,0,0,0,8,0,,67,6,2006,5,40.0079,-75.1405,500.0,6,0,0,0,0,0,0,0,0,,0,0,0,99,3,1,1,,0.0,40 00:28.000,,0,75 08:26.022,4,0,0,0,67301,1,0,0,N,1,0,0,2,67301,1,,1,1,,N,N,,0,,0,0,1,3,2,,9999,1,2,0,0,0,0,0,3,4,0,1,3,,N,,,,,,,,,,,
2006079184,1137.0,1,0,0,0,0,0,0,0,0,5,0,,67,6,2006,7,,,1135.0,6,0,0,0,0,0,1,0,0,,0,0,0,13,1,1,1,,0.0,,,0,,4,0,0,0,67301,0,0,0,N,0,0,0,2,67301,1,,1,9,,N,N,,0,,0,0,1,0,0,,1300,1,2,0,0,0,0,1,3,3,0,2,7,,N,,,,,,,,,,,
2006079401,1215.0,3,0,0,0,0,0,0,0,0,2,0,,67,6,2006,3,39.9438,-75.2379,1215.0,6,0,0,0,0,0,0,1,0,,0,0,0,12,1,2,1,,0.0,39 56:37.000,,0,75 14:16.292,2,0,0,0,67301,0,0,0,N,0,0,0,3,67301,0,,1,9,,N,N,,0,,0,1,0,3,2,,1215,2,3,0,0,0,1,1,3,4,0,3,7,,N,,,,,,,,,,,
2006079409,1350.0,1,0,0,0,0,0,0,0,0,8,0,,67,6,2006,7,39.9609,-75.2329,1348.0,6,0,0,0,0,0,0,0,0,,0,0,0,13,1,1,1,,0.0,39 57:39.000,,0,75 13:58.314,4,0,0,0,67301,1,0,0,N,1,0,0,2,67301,1,,1,1,,N,N,,0,,0,0,0,9,2,,1346,1,2,0,0,0,0,0,3,4,0,1,3,,N,,,,,,,,,,,
2006079410,1540.0,1,0,0,0,0,0,1,0,0,2,1,,67,6,2006,2,,,1536.0,6,0,0,0,0,0,0,0,0,,0,0,0,14,1,0,0,,0.0,,,0,,0,0,0,0,67301,0,0,0,N,0,0,0,2,67301,0,,1,1,,N,N,,0,,0,0,0,0,0,,1445,0,2,0,0,0,0,0,3,3,0,2,3,,N,,,,,,,,,,,
2006082076,1914.0,1,0,0,0,0,0,0,0,0,8,0,,67,5,2006,5,,,1912.0,6,0,0,0,0,0,0,0,0,,0,0,0,19,4,1,1,,0.0,,,0,,4,0,0,0,67301,1,0,0,N,1,0,0,2,67301,1,,1,1,,N,N,,0,,0,0,0,3,2,,1912,1,2,0,0,0,0,0,3,3,0,1,3,,N,,,,,,,,,,,
2006082085,1545.0,1,0,0,0,0,0,0,0,0,8,0,,67,7,2006,7,,,1535.0,6,0,0,0,0,0,0,0,0,,0,0,0,15,1,1,0,,0.0,,,0,,8,0,0,0,67301,1,0,0,N,1,0,0,2,67301,0,,1,1,,N,N,,0,,0,0,0,0,0,,1505,1,2,0,0,0,1,0,3,3,0,1,3,,N,,,,,,,,,,,
2006079917,1111.0,1,0,0,0,0,0,0,0,0,1,0,,67,5,2006,6,40.0233,-75.1364,1106.0,6,0,0,0,0,0,0,0,0,,0,0,0,11,1,1,5,,0.0,40 01:23.000,,0,75 08:12.164,8,0,0,0,67301,0,0,0,N,0,0,0,2,67301,0,,1,9,,N,N,,0,,0,0,1,3,2,,1101,1,2,0,0,0,1,1,3,4,0,2,7,,N,,,,,,,,,,,
2006079853,2115.0,1,0,0,0,0,0,0,0,0,1,0,,67,5,2006,5,39.9451,-75.1418,2113.0,6,0,1,0,0,0,0,0,0,,0,0,0,21,3,2,2,,0.0,39 56:42.356,,7,75 08:30.577,4,0,0,0,67301,0,0,0,N,0,0,0,4,67301,2,,1,1,,N,N,,0,,0,0,1,3,2,,2113,2,2,0,0,0,0,0,3,4,0,2,3,,N,,,,,,,,,,,
2006079880,2055.0,1,0,0,0,0,0,0,0,0,4,0,,67,6,2006,6,39.9874,-75.1529,2053.0,6,0,0,0,0,0,0,0,0,9.0,0,0,0,20,4,0,0,,1.0,39 59:14.793,1.0,0,75 09:10.582,9,0,0,0,67301,0,0,0,N,0,0,0,1,67301,0,,5,1,,N,N,,0,,0,0,1,0,0,N,2055,0,2,0,0,0,0,1,3,4,0,2,3,,N,,,,,,,,,,,
2007023048,850.0,1,0,0,0,0,0,0,0,0,4,0,,67,12,2006,5,39.9669,-75.2299,846.0,6,0,0,0,0,0,1,0,0,,0,0,0,8,1,1,1,,0.0,39 58:00.000,,0,75 13:47.555,4,0,0,0,67301,0,0,0,N,0,0,0,2,67301,1,,1,9,,N,N,,0,,0,0,1,0,0,,845,1,2,0,0,0,0,0,3,4,0,2,3,,N,,,,,,,,,,,
2007029693,218.0,1,0,0,0,0,0,0,0,0,4,0,,67,12,2006,7,39.9523,-75.1753,216.0,6,0,0,0,0,0,0,0,0,,0,0,0,2,3,1,1,,0.0,39 57:08.000,,0,75 10:31.149,4,0,0,0,67301,0,0,0,N,0,0,0,2,67301,1,,1,1,,N,N,,0,,0,0,1,3,2,,214,1,2,0,0,0,0,0,3,4,0,2,3,,N,,,,,,,,,,,
2007034491,,1,0,0,0,0,0,0,0,0,8,0,,67,2,2006,5,39.9496,-75.154,,6,0,0,0,0,0,0,0,0,,0,0,0,14,1,1,0,,0.0,39 56:58.000,,0,75 09:14.314,8,0,0,0,67301,1,0,0,N,1,0,0,2,,0,,1,1,,N,N,,0,,0,0,0,0,0,,1445,1,2,0,0,0,1,0,3,4,0,1,3,,N,,,,,,,,,,,
2007029563,1710.0,1,0,0,0,0,0,0,0,0,4,0,,67,12,2006,4,40.0471,-75.1935,1700.0,6,0,0,0,0,0,0,0,0,,0,0,0,17,3,0,1,,0.0,40 02:49.617,,0,75 11:36.470,0,0,0,0,67301,0,0,0,N,0,0,0,2,67301,0,,1,9,,N,N,,0,,0,0,1,3,3,,1700,0,2,0,0,0,0,0,3,4,0,2,7,,N,,,,,,,,,,,
2007008431,1353.0,1,0,0,0,0,0,0,0,0,5,0,,67,11,2006,2,,,1346.0,6,0,0,0,0,0,1,0,1,,0,0,0,13,1,0,0,,0.0,,,0,,0,0,0,0,67301,0,0,0,N,0,0,0,2,67301,0,,1,9,,N,N,,0,,0,0,0,0,0,,1303,0,3,0,0,0,0,0,3,3,2,3,7,,N,,,,,,,,,,,
2007008448,2326.0,2,0,0,0,0,0,0,0,0,1,0,,67,12,2006,3,,,2318.0,6,0,0,0,0,0,0,0,0,3.0,0,0,0,23,3,2,0,,1.0,,1.0,0,,2,0,0,0,67301,0,0,0,N,0,0,0,3,67301,0,,1,1,,N,N,,0,,1,1,0,0,0,N,2314,2,2,0,1,2,0,0,3,3,0,2,3,,N,,,,,,,,,,,
2007008495,2105.0,2,0,0,0,0,0,0,0,0,4,0,,67,11,2006,7,40.0428,-75.0631,2104.0,6,0,0,0,0,0,0,0,0,2.0,0,0,0,21,3,1,1,,1.0,40 02:34.000,5.0,0,75 03:47.621,4,0,0,0,67301,0,0,0,N,0,0,0,3,67301,1,,1,1,,N,Y,,1,,0,0,0,3,2,Y,2100,1,3,0,0,0,0,0,3,4,0,3,3,,N,,,,,,,,,,,
2007008501,1120.0,2,0,0,0,0,0,0,0,0,4,0,,67,11,2006,1,39.9603,-75.2397,1115.0,6,0,0,0,0,0,1,0,0,,0,0,0,11,1,1,1,,0.0,39 57:37.000,,0,75 14:23.029,8,0,0,0,67301,0,0,0,,0,0,0,4,67301,0,,1,1,,N,N,,0,,0,0,0,3,3,,1115,1,2,0,0,0,1,0,3,4,0,2,3,,N,,,,,,,,,,,
2007008538,1752.0,1,0,0,0,0,0,0,0,0,1,0,,67,12,2006,6,40.0157,-75.1401,1750.0,6,0,0,0,0,0,0,0,0,,0,0,0,17,3,2,1,,0.0,40 00:56.408,,0,75 08:24.331,3,0,0,0,67301,0,0,0,N,0,0,0,8,67301,1,,1,1,,N,N,,1,,1,0,0,0,0,,1745,2,3,0,0,0,0,0,3,4,1,3,3,,N,,,,,,,,,,,
2007011181,9999.0,3,0,0,0,0,0,0,0,0,4,0,,67,11,2006,4,39.939,-75.2324,,6,0,0,0,0,0,1,0,0,,0,0,0,99,1,1,1,,0.0,39 56:20.461,,0,75 13:56.639,4,0,0,0,67301,0,0,0,N,0,0,0,2,67301,1,,1,1,,N,N,,0,,0,0,0,0,0,,9999,1,3,0,0,0,0,0,3,4,0,3,3,,N,,,,,,,,,,,
2007021526,1220.0,2,0,0,0,0,0,0,0,0,4,0,,67,10,2006,7,39.904,-75.2401,1217.0,6,0,0,0,0,0,1,0,0,,0,0,0,12,1,3,1,,0.0,39 54:14.000,,0,75 14:24.410,3,0,0,0,67301,0,0,0,N,0,0,0,6,67301,1,,1,1,,N,N,,0,,2,0,1,3,2,,1215,3,4,0,0,0,0,0,3,4,1,4,3,,N,,,,,,,,,,,
2007010546,1613.0,2,0,0,0,0,0,0,0,0,4,0,,67,12,2006,2,39.9669,-75.1921,1608.0,6,0,0,0,0,0,0,0,0,,0,0,0,16,1,3,1,,0.0,39 58:00.800,,0,75 11:31.732,4,0,0,0,67301,0,0,0,N,0,0,0,3,67301,1,,2,1,,N,N,,0,,0,0,0,3,2,,1608,3,2,0,0,0,2,0,3,4,0,2,3,,N,,,,,,,,,,,
2006055235,1055.0,2,0,0,0,0,0,0,0,0,2,0,,67,4,2006,4,40.0459,-75.1822,1050.0,6,0,0,0,0,0,1,0,0,,0,0,0,10,1,0,1,,0.0,40 02:45.000,,0,75 10:56.285,0,0,0,0,67301,0,0,0,,0,0,0,2,67301,0,,1,9,,,,,0,,0,0,0,3,2,,1045,0,2,0,0,0,0,0,3,4,0,2,7,,N,,,,,,,,,,,
2006055260,1725.0,1,0,0,0,0,0,0,0,0,8,0,,67,3,2006,6,39.988,-75.1418,1716.0,6,0,0,0,0,0,0,0,0,,0,0,0,17,1,1,0,,0.0,39 59:16.677,,0,75 08:30.487,3,0,0,0,67301,1,0,0,,1,0,0,2,67301,0,,1,1,,,,,0,,1,0,0,0,0,,1750,1,2,0,0,0,0,0,3,4,0,1,3,,N,,,,,,,,,,,
2006094352,2213.0,2,0,0,0,0,0,0,0,0,4,0,,67,7,2006,2,40.087,-75.0406,2208.0,6,0,0,0,0,0,1,0,0,,0,0,0,22,3,1,0,,0.0,40 05:12.000,,7,75 02:24.890,8,0,0,0,67301,0,0,0,N,0,0,0,2,67301,0,,1,1,,N,N,,0,,0,0,0,0,0,,2205,1,2,0,0,0,1,0,3,4,0,2,3,,N,,,,,,,,,,,
2006094374,2034.0,1,0,0,0,0,0,0,0,0,8,0,,67,8,2006,1,39.9738,-75.2064,2029.0,6,0,0,0,0,0,0,0,0,,0,0,0,20,4,1,2,,0.0,39 58:25.000,,0,75 12:22.127,3,0,0,0,67301,1,0,0,N,1,0,0,2,67301,0,,1,1,,N,N,,0,,1,0,0,3,2,,2025,1,2,0,0,0,0,1,3,4,0,1,3,,N,,,,,,,,,,,
2006094382,1630.0,1,0,0,0,0,0,0,0,0,8,0,,67,7,2006,1,39.952,-75.1626,1625.0,6,0,0,0,0,0,0,0,0,,0,0,0,16,1,1,5,,0.0,39 57:07.268,,0,75 09:45.490,4,0,0,0,67301,1,0,0,N,1,0,0,3,67301,1,,1,1,,N,N,,0,,0,0,0,3,2,,1620,1,2,0,0,1,0,0,3,4,0,1,3,,N,,,,,,,,,,,
2006094404,1810.0,2,0,0,0,0,0,0,0,0,5,0,,67,7,2006,5,,,1805.0,6,0,0,0,0,0,0,0,0,,0,0,0,18,1,1,2,,0.0,,,0,,3,0,0,0,67301,0,0,0,N,0,0,0,3,67301,0,,1,1,,N,N,,0,,1,0,0,0,0,,1803,1,2,0,0,0,0,1,3,3,0,2,3,,N,,,,,,,,,,,
2006081682,1226.0,1,0,0,0,0,0,0,0,0,7,0,,67,5,2006,6,39.9714,-75.1594,1226.0,6,0,0,0,0,0,0,0,0,3.0,0,0,0,12,1,1,1,,1.0,39 58:17.000,2.0,0,75 09:33.789,8,0,0,0,67301,0,0,0,N,0,0,0,2,67301,0,,3,9,,N,N,,0,,0,0,0,3,2,N,1226,1,1,0,0,0,1,1,3,4,0,1,7,,N,,,,,,,,,,,
2006116116,1320.0,2,0,0,0,0,0,0,0,0,4,0,,67,10,2006,5,40.0512,-75.0661,1315.0,6,0,0,0,0,0,0,0,0,,0,0,0,13,1,2,1,,0.0,40 03:04.000,,0,75 03:58.040,8,0,0,0,67301,0,0,0,N,0,0,0,2,67301,0,,1,1,,N,N,,0,,0,0,0,0,0,,1310,2,2,0,0,0,2,0,3,4,0,2,3,,N,,,,,,,,,,,