CRN,ARRIVAL_TM,AUTOMOBILE_COUNT,BELTED_DEATH_COUNT,BELTED_SUSP_SERIOUS_INJ_COUNT,BICYCLE_COUNT,BICYCLE_DEATH_COUNT,BICYCLE_SUSP_SERIOUS_INJ_COUNT,BUS_COUNT,CHLDPAS_DEATH_COUNT,CHLDPAS_SUSP_SERIOUS_INJ_COUNT,COLLISION_TYPE,COMM_VEH_COUNT,CONS_ZONE_SPD_LIM,COUNTY,CRASH_MONTH,CRASH_YEAR,DAY_OF_WEEK,DEC_LAT,DEC_LONG,DISPATCH_TM,DISTRICT,DRIVER_COUNT_16YR,DRIVER_COUNT_17YR,DRIVER_COUNT_18YR,DRIVER_COUNT_19YR,DRIVER_COUNT_20YR,DRIVER_COUNT_50_64YR,DRIVER_COUNT_65_74YR,DRIVER_COUNT_75PLUS,EST_HRS_CLOSED,FATAL_COUNT,HEAVY_TRUCK_COUNT,HORSE_BUGGY_COUNT,HOUR_OF_DAY,ILLUMINATION,INJURY_COUNT,INTERSECT_TYPE,INTERSECTION_RELATED,LANE_CLOSED,LATITUDE,LN_CLOSE_DIR,LOCATION_TYPE,LONGITUDE,MAX_SEVERITY_LEVEL,MCYCLE_DEATH_COUNT,MCYCLE_SUSP_SERIOUS_INJ_COUNT,MOTORCYCLE_COUNT,MUNICIPALITY,NONMOTR_COUNT,NONMOTR_DEATH_COUNT,NONMOTR_SUSP_SERIOUS_INJ_COUNT,NTFY_HIWY_MAINT,PED_COUNT,PED_DEATH_COUNT,PED_SUSP_SERIOUS_INJ_COUNT,PERSON_COUNT,POLICE_AGCY,POSSIBLE_INJ_COUNT,RDWY_SURF_TYPE_CD,RELATION_TO_ROAD,ROAD_CONDITION,ROADWAY_CLEARED,SCH_BUS_IND,SCH_ZONE_IND,SECONDARY_CRASH,SMALL_TRUCK_COUNT,SPEC_JURIS_CD,SUSP_MINOR_INJ_COUNT,SUSP_SERIOUS_INJ_COUNT,SUV_COUNT,TCD_FUNC_CD,TCD_TYPE,TFC_DETOUR_IND,TIME_OF_DAY,TOT_INJ_COUNT,TOTAL_UNITS,UNB_DEATH_COUNT,UNB_SUSP_SERIOUS_INJ_COUNT,UNBELTED_OCC_COUNT,UNK_INJ_DEG_COUNT,UNK_INJ_PER_COUNT,URBAN_AREA,URBAN_RURAL,VAN_COUNT,VEHICLE_COUNT,WEATHER1,WEATHER2,WORK_ZONE_IND,WORK_ZONE_LOC,WORK_ZONE_TYPE,WORKERS_PRES,WZ_CLOSE_DETOUR,WZ_FLAGGER,WZ_LAW_OFFCR_IND,WZ_LN_CLOSURE,WZ_MOVING,WZ_OTHER,WZ_SHLDER_MDN,WZ_WORKERS_INJ_KILLED
2006123848,920.0,1,0,0,0,0,0,0,0,0,8,0,,67,10,2006,2,40.0356,-75.2174,916.0,6,0,0,0,0,0,0,0,0,1.0,0,0,0,9,1,1,1,,2.0,40 02:08.000,6.0,0,75 13:02.577,8,0,0,0,67301,1,0,0,N,1,0,0,3,67301,0,,1,1,,N,N,,0,,0,0,0,3,2,Y,915,1,2,0,0,0,1,0,3,4,0,1,3,,N,,,,,,,,,,,
2006123850,2030.0,1,0,0,0,0,0,0,0,0,8,0,,67,10,2006,3,,,2029.0,6,0,0,0,0,0,0,0,0,,0,0,0,20,3,3,1,,0.0,,,0,,4,0,0,0,67301,3,0,0,N,3,0,0,4,67301,3,,1,9,,N,N,,0,,0,0,0,0,0,,2025,3,4,0,0,0,0,0,3,3,0,1,7,,N,,,,,,,,,,,
2006022332,350.0,1,0,0,0,0,0,0,0,0,7,0,,67,1,2006,4,39.9513,-75.1991,349.0,6,0,0,1,0,0,0,0,0,,0,0,0,3,3,0,1,,0.0,39 57:04.584,,0,75 11:56.878,0,0,0,0,67301,0,0,0,N,0,0,0,2,67301,0,,3,1,,N,N,,0,,0,0,0,3,2,,348,0,1,0,0,0,0,0,3,4,0,1,3,,N,,,,,,,,,,,
2006056435,1041.0,1,0,0,0,0,0,0,0,0,0,0,,67,3,2006,5,39.9857,-75.2083,1041.0,6,0,0,0,0,0,1,0,0,,0,0,0,10,1,0,0,,0.0,39 59:12.000,,0,75 12:28.222,0,0,0,0,67301,0,0,0,N,0,0,0,1,67301,0,,1,1,,N,N,,0,,0,0,0,0,0,,1000,0,1,0,0,1,0,0,3,4,0,1,3,,N,,,,,,,,,,,
2006056515,2358.0,3,0,0,0,0,0,0,0,0,4,0,,67,3,2006,5,39.9528,-75.1921,2357.0,6,0,0,1,0,0,0,0,0,,0,0,0,22,3,0,1,,0.0,39 57:10.000,,0,75 11:31.577,9,0,0,0,67301,0,0,0,N,0,0,0,3,67504,0,,1,1,,N,N,,0,,0,0,0,3,2,,2245,0,3,0,0,0,0,1,3,4,0,3,3,,N,,,,,,,,,,,
2006033785,1143.0,1,0,0,0,0,0,0,0,0,6,0,,67,2,2006,5,,,1126.0,6,0,0,0,0,0,0,1,0,,0,0,0,99,1,1,1,,0.0,,,0,,4,0,0,0,67301,0,0,0,N,0,0,0,2,67301,1,,1,1,,N,N,,0,,0,0,0,3,3,,9999,1,2,0,0,0,0,0,3,3,1,2,3,,N,,,,,,,,,,,
2006036623,1650.0,1,0,0,0,0,0,0,0,0,4,0,,67,2,2006,3,,,1634.0,6,0,0,0,0,0,0,0,0,,0,0,0,15,1,1,0,,0.0,,,0,,4,0,0,0,67301,0,0,0,N,0,0,0,5,67301,1,,1,6,,N,N,,0,,0,0,0,0,0,,1544,1,2,0,0,0,0,0,3,3,0,2,3,,N,,,,,,,,,,,
2006024160,1750.0,1,0,0,0,0,0,0,0,0,1,0,,67,1,2006,5,40.0067,-75.1193,1748.0,6,0,0,0,0,0,1,0,0,,0,0,0,17,3,1,1,,0.0,40 00:24.000,,0,75 07:09.421,3,0,0,0,67301,0,0,0,N,0,0,0,3,67301,0,,1,1,,N,N,,1,,1,0,0,3,2,,1745,1,2,0,0,0,0,0,3,4,0,2,3,,N,,,,,,,,,,,
2006103167,218.0,2,0,0,0,0,0,0,0,0,5,0,,67,9,2006,5,40.0226,-75.2188,214.0,6,0,0,0,0,1,0,0,0,,0,0,0,1,3,0,0,,0.0,40 01:21.316,,0,75 13:07.683,0,0,0,0,67301,0,0,0,,0,0,0,3,67301,0,,6,1,,,,,0,,0,0,1,0,0,,145,0,3,0,0,3,0,0,3,4,0,3,3,,N,,,,,,,,,,,
2006103171,1725.0,1,0,0,0,0,0,0,0,0,4,0,,67,8,2006,1,,,1720.0,6,0,0,0,0,0,2,0,0,1.0,0,0,0,17,1,1,1,,1.0,,7.0,0,,4,0,0,1,67301,0,0,0,N,0,0,0,3,67301,1,,1,1,,N,N,,0,,0,0,0,3,2,Y,1715,1,2,0,0,0,0,0,3,3,0,2,3,,N,,,,,,,,,,,
2006103226,715.0,2,0,0,0,0,0,0,0,0,2,0,,67,8,2006,2,,,714.0,6,0,0,0,0,0,0,0,0,,0,0,0,7,1,1,1,,0.0,,,0,,4,0,0,0,67301,0,0,0,N,0,0,0,2,67301,1,,1,1,,N,N,,0,,0,0,0,3,2,,710,1,2,0,0,0,0,1,3,3,0,2,3,,N,,,,,,,,,,,
2006103249,1810.0,4,0,0,0,0,0,0,0,0,4,0,,67,8,2006,3,39.984,-75.1744,1808.0,6,0,0,0,0,0,0,0,0,,0,0,0,18,1,4,1,,0.0,39 59:02.295,,0,75 10:27.861,3,0,0,0,67301,2,0,0,N,2,0,0,5,67301,1,,1,1,,N,N,,0,,1,0,0,9,3,,1804,4,6,0,0,0,2,0,3,4,0,4,3,,N,,,,,,,,,,,
2006037567,1113.0,0,0,0,0,0,0,0,0,0,1,0,,67,3,2006,1,,,1107.0,6,1,0,0,0,0,0,0,0,,0,0,0,11,1,1,0,,0.0,,,0,,4,0,0,1,67301,0,0,0,N,0,0,0,2,67301,1,,1,1,,N,N,,0,,0,0,1,0,0,,1105,1,2,0,0,0,0,0,3,3,0,2,3,,N,,,,,,,,,,,
2006037805,420.0,1,0,0,0,0,0,0,0,0,1,0,,67,2,2006,1,39.9492,-75.1843,413.0,6,0,0,0,0,0,0,0,0,1.0,0,0,0,4,3,0,6,,2.0,39 56:57.000,4.0,2,75 11:03.568,0,0,0,0,67301,0,0,0,N,0,0,0,2,67301,0,,1,7,,N,N,,0,,0,0,1,0,0,N,410,0,2,0,0,0,0,0,3,4,0,2,10,,N,,,,,,,,,,,
2006092432,1415.0,2,0,0,0,0,0,0,0,0,1,0,,67,8,2006,1,40.0584,-75.0784,1407.0,6,0,0,0,0,0,0,0,1,,0,0,0,13,1,1,0,,0.0,40 03:30.000,,0,75 04:42.442,3,0,0,0,67301,0,0,0,N,0,0,0,3,67301,0,,1,1,,N,N,,0,,1,0,0,0,0,,1351,1,2,0,0,0,0,0,3,4,0,2,3,,N,,,,,,,,,,,
2006082115,1440.0,2,0,0,0,0,0,0,0,0,1,0,,67,7,2006,4,39.9135,-75.1657,1416.0,6,0,0,0,0,0,0,0,1,,0,0,0,14,1,1,2,,0.0,39 54:48.441,,0,75 09:56.656,4,0,0,0,67301,0,0,0,N,0,0,0,1,67301,1,,1,1,,N,N,,0,,0,0,0,0,0,,1416,1,2,0,0,0,0,0,3,4,0,2,3,,N,,,,,,,,,,,
2006082135,1818.0,3,0,0,0,0,0,0,0,0,4,0,,67,5,2006,3,39.9103,-75.1509,1815.0,6,0,0,0,0,0,0,0,0,,0,0,0,18,1,1,5,,0.0,39 54:37.000,,0,75 09:03.431,4,0,0,0,67301,0,0,0,N,0,0,0,3,67301,1,,1,1,,N,N,,0,,0,0,0,3,2,,1810,1,3,0,0,0,0,0,3,4,0,3,3,,N,,,,,,,,,,,
2006079871,1929.0,2,0,0,0,0,0,0,0,0,4,0,,67,5,2006,3,,,1926.0,6,0,0,0,0,0,1,0,0,,0,0,0,19,1,0,2,,0.0,,,0,,0,0,0,0,67301,0,0,0,,0,0,0,2,67301,0,,1,1,,N,N,,0,,0,0,0,3,3,,1921,0,2,0,0,0,0,0,3,3,0,2,3,,N,,,,,,,,,,,
2006021099,1859.0,1,0,0,0,0,0,0,0,0,7,0,,67,1,2006,4,39.9236,-75.1456,1857.0,6,0,0,0,0,0,1,0,0,,0,0,0,18,3,1,0,,0.0,39 55:24.981,,0,75 08:44.152,3,0,0,0,67301,0,0,0,,0,0,0,1,67301,0,,2,9,,N,N,,0,,1,0,0,0,0,,1855,1,1,0,0,0,0,0,3,4,0,1,3,,N,,,,,,,,,,,
2007049244,405.0,1,0,0,0,0,0,0,0,0,7,0,,67,10,2006,1,39.9807,-75.1737,400.0,6,0,0,0,0,1,0,0,0,,0,0,0,4,3,0,0,,0.0,39 58:50.898,,0,75 10:27.434,0,0,0,0,67301,0,0,0,N,0,0,0,1,67301,0,,5,1,,N,N,,0,,0,0,0,0,0,,400,0,1,0,0,0,0,0,3,4,0,1,3,,N,,,,,,,,,,,
2007006881,1510.0,2,0,0,0,0,0,0,0,0,1,0,,67,11,2006,7,39.9815,-75.1886,1505.0,6,0,0,0,0,0,0,0,0,,0,0,0,15,1,2,1,,0.0,39 58:52.000,,0,75 11:19.274,8,0,0,0,67301,0,0,0,N,0,0,0,3,67301,0,,1,1,,N,N,,0,,0,0,0,0,0,,1500,2,2,0,0,0,2,1,3,4,0,2,3,,N,,,,,,,,,,,
2007023085,1940.0,1,0,0,0,0,0,0,0,0,8,0,,67,12,2006,1,39.9557,-75.2153,1930.0,6,0,0,0,0,0,0,0,0,,0,0,0,19,3,1,0,,0.0,39 57:20.000,,0,75 12:55.145,4,0,0,0,67301,1,0,0,N,1,0,0,2,67301,1,,1,1,,N,N,,0,,0,0,0,0,0,,1920,1,2,0,0,0,0,0,3,4,0,1,3,,N,,,,,,,,,,,
2007023088,1750.0,2,0,0,0,0,0,0,0,0,1,0,,67,12,2006,5,40.0585,-75.1493,1740.0,6,0,0,0,0,0,1,0,0,,0,0,0,16,3,0,0,,0.0,40 03:30.520,,0,75 08:57.372,0,0,0,0,67301,0,0,0,N,0,0,0,3,67301,0,,1,1,,N,N,,1,,0,0,0,0,0,,1639,0,3,0,0,0,0,0,3,4,0,3,3,,N,,,,,,,,,,,
2007023091,216.0,1,0,0,0,0,0,0,0,0,4,0,,67,12,2006,5,40.0253,-75.1238,211.0,6,0,0,0,0,0,0,0,0,,0,0,0,2,3,1,1,,0.0,40 01:31.000,,0,75 07:24.780,8,0,0,0,67301,0,0,0,N,0,0,0,3,67301,0,,1,1,,N,N,,0,,0,0,0,3,2,,206,1,2,0,0,0,1,0,3,4,1,2,3,,N,,,,,,,,,,,
2007023209,1835.0,0,0,0,0,0,0,0,0,0,8,0,,67,11,2006,5,39.9525,-75.177,1829.0,6,0,0,0,0,0,0,0,0,3.0,0,0,0,18,3,1,2,,2.0,39 57:08.000,1.0,0,75 10:37.001,8,0,0,0,67301,1,0,0,,1,0,0,2,67301,0,,1,9,,N,N,,0,,0,0,0,3,2,Y,1825,1,2,0,0,0,1,1,3,4,0,1,7,,N,,,,,,,,,,,
2007023216,1621.0,1,0,0,0,0,0,0,0,0,5,0,,67,12,2006,5,40.028,-75.11,1611.0,6,0,0,0,0,0,1,0,0,,0,0,0,16,1,1,1,,0.0,40 01:40.000,,0,75 06:36.205,8,0,0,0,67301,0,0,0,,0,0,0,2,67301,0,,1,1,,,,,0,,0,0,1,3,2,,1605,1,2,0,0,0,1,0,3,4,0,2,3,,N,,,,,,,,,,,
2007023553,1800.0,0,0,0,1,0,0,0,0,0,5,0,,67,11,2006,3,39.9607,-75.1651,1752.0,6,0,0,0,0,0,0,0,0,,0,0,0,17,3,1,0,,0.0,39 57:38.500,,0,75 09:54.500,4,0,0,0,67301,1,0,0,N,0,0,0,2,67301,1,,1,1,,N,N,,0,,0,0,1,0,0,,1740,1,2,0,0,0,0,0,3,4,0,1,3,,N,,,,,,,,,,,
2007049043,40.0,2,0,0,0,0,0,0,0,0,4,0,,67,3,2006,4,40.0433,-75.023,35.0,6,1,0,0,0,0,0,0,0,,0,0,0,0,3,0,0,,0.0,40 02:35.000,,7,75 01:22.826,0,0,0,0,67301,0,0,0,N,0,0,0,2,67301,0,,1,1,,N,N,,0,,0,0,0,0,0,,30,0,2,0,0,0,0,0,3,4,0,2,3,,N,,,,,,,,,,,
2007034461,,1,0,1,0,0,0,0,0,0,1,0,,67,10,2006,7,39.9575,-75.2173,,6,0,0,0,0,0,0,0,0,,0,0,0,99,6,1,1,,0.0,39 57:27.032,,0,75 13:02.345,2,0,0,0,67301,0,0,0,N,0,0,0,3,,0,,1,1,,N,N,,0,,0,1,0,0,0,,9999,1,2,0,0,0,0,1,3,4,0,2,3,,N,,,,,,,,,,,
2007008404,1340.0,0,0,0,0,0,0,0,0,0,8,0,,67,11,2006,2,39.9487,-75.1643,1334.0,6,0,0,0,0,0,0,0,0,,0,0,0,11,1,1,0,,0.0,39 56:55.315,,0,75 09:51.543,4,0,0,0,67301,1,0,0,N,1,0,0,2,67301,1,,1,9,,N,N,,1,,0,0,0,0,0,,1155,1,2,0,0,0,0,0,3,4,0,1,7,,N,,,,,,,,,,,
2007008408,1545.0,1,0,0,0,0,0,0,0,0,1,0,,67,11,2006,4,39.9437,-75.1423,1540.0,6,0,0,0,0,0,0,0,0,1.0,0,0,0,15,1,1,0,,2.0,39 56:37.303,1.0,0,75 08:32.117,8,0,0,0,67301,0,0,0,N,0,0,0,4,67301,0,,1,9,,N,N,,1,,0,0,1,0,0,N,1540,1,3,0,0,0,1,0,3,4,0,3,7,,N,,,,,,,,,,,
2007008423,1910.0,2,0,0,0,0,0,0,0,0,4,0,,67,11,2006,4,40.0743,-75.0348,1908.0,6,0,0,0,0,0,0,0,0,,0,0,0,19,3,2,1,,0.0,40 04:28.000,,0,75 02:06.082,4,0,0,0,67301,0,0,0,N,0,0,0,2,67301,2,,1,1,,N,N,,0,,0,0,0,3,2,,1906,2,2,0,0,0,0,0,3,4,0,2,3,,N,,,,,,,,,,,
2007010921,9999.0,2,0,0,0,0,0,0,0,0,4,0,,67,12,2006,3,40.0055,-75.1466,,6,0,0,0,0,0,0,0,0,,0,0,0,99,1,1,1,,0.0,40 00:19.728,,0,75 08:47.705,8,0,0,0,67301,0,0,0,N,0,0,0,8,67301,0,,1,1,,Y,N,,0,,0,0,0,0,0,,9999,1,3,0,0,1,1,0,3,4,1,3,3,,N,,,,,,,,,,,
2007008515,1958.0,1,0,0,0,0,0,0,0,0,1,0,,67,11,2006,6,39.9384,-75.2188,1952.0,6,0,0,0,0,0,0,0,0,,0,0,0,19,3,2,0,,0.0,39 56:18.301,,0,75 13:07.759,8,0,0,0,67301,0,0,0,N,0,0,0,2,67301,0,,1,1,,N,N,,0,,0,0,0,3,2,,1952,2,2,0,0,0,2,0,3,4,1,2,3,,N,,,,,,,,,,,
2007011125,1555.0,2,0,0,0,0,0,0,0,0,4,0,,67,11,2006,5,40.035,-75.1737,1550.0,6,0,0,0,0,0,0,0,0,,0,0,0,15,1,0,1,,0.0,40 02:06.000,,0,75 10:25.417,0,0,0,0,67301,0,0,0,N,0,0,0,3,67301,0,,4,9,,N,N,,0,,0,0,0,3,2,,1545,0,2,0,0,3,0,0,3,4,0,2,7,,N,,,,,,,,,,,
2006124709,214.0,0,0,0,0,0,0,0,0,0,8,0,,67,10,2006,6,39.968,-75.2337,214.0,6,0,0,0,0,0,0,0,0,,0,0,0,1,3,1,1,,0.0,39 58:04.000,,0,75 14:01.411,8,0,0,0,67301,1,0,0,N,1,0,0,2,67301,0,,5,9,,N,N,,0,,0,0,0,3,2,,107,1,2,0,0,0,1,0,3,4,1,1,7,,N,,,,,,,,,,,
2006124721,2120.0,1,0,0,0,0,0,0,0,0,7,0,,67,10,2006,3,,,2120.0,6,0,0,0,0,0,0,0,0,,0,0,0,21,3,1,1,,0.0,,,0,,4,0,0,0,67301,0,0,0,N,0,0,0,1,67301,1,,5,1,,N,N,,0,,0,0,0,3,3,,2120,1,1,0,0,0,0,0,3,3,0,1,3,,N,,,,,,,,,,,
2006124724,9999.0,1,0,0,0,0,0,0,0,0,8,0,,67,1,2006,3,,,933.0,6,0,0,0,0,0,0,0,0,,0,0,0,99,1,1,0,,0.0,,,0,,4,0,0,0,67301,1,0,0,N,1,0,0,2,67301,1,,1,1,,N,N,,0,,0,0,0,0,0,,9999,1,2,0,0,0,0,0,3,3,0,1,3,,N,,,,,,,,,,,
2006124750,1520.0,1,0,0,0,0,0,0,0,0,4,0,,67,10,2006,4,40.0523,-75.2015,1512.0,6,0,0,0,0,0,1,0,0,,0,0,0,15,1,1,1,,0.0,40 03:08.000,,0,75 12:05.335,4,0,0,0,67301,0,0,0,N,0,0,0,4,67301,1,,1,1,,N,N,,0,,0,0,1,0,0,,1500,1,2,0,0,0,0,0,3,4,0,2,3,,N,,,,,,,,,,,
2006124771,1310.0,1,0,0,0,0,0,0,0,0,6,0,,67,11,2006,7,40.0533,-75.0698,1310.0,6,0,0,0,0,0,1,0,0,,0,0,0,13,1,1,1,,0.0,40 03:12.000,,0,75 04:11.306,4,0,0,0,67301,0,0,0,N,0,0,0,2,67301,1,,1,9,,N,N,,1,,0,0,0,3,2,,1300,1,2,0,0,1,0,0,3,4,0,2,3,,N,,,,,,,,,,,
2006122377,1612.0,0,0,0,0,0,0,0,0,0,7,0,,67,9,2006,5,,,1608.0,6,0,0,0,0,0,0,0,0,,0,0,0,16,1,0,1,,0.0,,,0,,0,0,0,0,67301,0,0,0,N,0,0,0,1,67301,0,,5,9,,N,N,,0,,0,0,1,0,0,,1608,0,1,0,0,1,0,0,3,3,0,1,7,,N,,,,,,,,,,,
2006113847,1325.0,0,0,0,0,0,0,0,0,0,8,0,,67,9,2006,5,39.9516,-75.1687,1316.0,6,0,0,0,0,0,0,0,0,,0,0,0,12,1,1,2,,0.0,39 57:06.783,,0,75 10:07.214,8,0,0,0,67301,1,0,0,,1,0,0,2,67301,0,,1,1,,,,,1,,0,0,0,9,3,,1245,1,2,0,0,0,1,0,3,4,0,1,3,,N,,,,,,,,,,,
2006113868,2356.0,6,0,0,0,0,0,0,0,0,5,0,,67,9,2006,7,39.9191,-75.159,2355.0,6,0,1,0,0,0,0,0,0,,0,0,0,23,3,1,0,,0.0,39 55:08.589,,0,75 09:32.506,3,0,0,0,67301,1,0,0,N,1,0,0,2,67301,0,,1,1,,N,N,,0,,1,0,0,0,0,,2355,1,7,0,0,1,0,0,3,4,0,6,3,,N,,,,,,,,,,,
2006062505,820.0,2,0,0,0,0,0,0,0,0,5,0,,67,5,2006,6,40.0361,-75.1277,815.0,6,0,0,0,0,0,0,0,0,,0,0,0,7,1,1,1,,0.0,40 02:09.000,,0,75 07:39.909,8,0,0,0,67301,0,0,0,N,0,0,0,2,67301,0,,1,1,,N,N,,0,,0,0,0,3,2,,740,1,2,0,0,0,1,1,3,4,0,2,3,,N,,,,,,,,,,,
2006093926,1635.0,2,0,0,0,0,0,0,0,0,4,0,,67,7,2006,1,40.0086,-75.0984,1630.0,6,0,0,0,0,1,0,0,0,,0,0,0,16,1,5,1,,0.0,40 00:31.000,,0,75 05:54.143,8,0,0,0,67301,0,0,0,N,0,0,0,6,67301,0,,1,1,,N,N,,0,,0,0,0,3,2,,1625,5,2,0,0,0,5,1,3,4,0,2,3,,N,,,,,,,,,,,
2006054965,1550.0,2,0,0,0,0,0,0,0,0,1,0,,67,3,2006,6,,,1546.0,6,0,0,0,0,0,1,0,0,,0,0,0,15,1,1,0,,0.0,,,0,,4,0,0,0,67301,0,0,0,N,0,0,0,6,67301,1,,1,1,,N,N,,0,,0,0,0,0,0,,1527,1,2,0,0,0,0,0,3,3,0,2,3,,N,,,,,,,,,,,
2006055113,1811.0,1,0,0,0,0,0,0,0,0,8,0,,67,5,2006,4,40.0644,-75.0471,1808.0,6,0,0,0,0,0,0,0,1,,0,0,0,18,1,1,0,,0.0,40 03:51.663,,0,75 02:49.700,3,0,0,0,67301,1,0,0,N,1,0,0,2,67301,0,,1,1,,N,N,,0,,1,0,0,0,0,,1807,1,2,0,0,0,0,0,3,4,0,1,3,,N,,,,,,,,,,,
2006094082,1829.0,0,0,0,0,0,0,1,0,0,8,1,,67,7,2006,1,,,1827.0,6,0,0,0,0,0,0,0,0,,0,0,0,18,1,1,0,,0.0,,,0,,3,0,0,0,67301,1,0,0,N,1,0,0,2,67301,0,,1,1,,N,N,,0,,1,0,0,3,2,,1827,1,2,0,0,0,0,0,3,3,0,1,3,,N,,,,,,,,,,,
2006055298,2223.0,1,0,0,0,0,0,0,0,0,7,0,,67,4,2006,7,40.0234,-75.0334,2210.0,6,0,0,0,0,0,0,0,0,1.0,0,0,0,22,3,0,7,,2.0,40 01:24.600,4.0,2,75 02:00.600,0,0,0,0,67301,0,0,0,N,0,0,0,1,67301,0,,2,9,,N,N,,0,,0,0,0,0,0,N,2208,0,1,0,0,0,0,0,3,4,0,1,7,,N,,,,,,,,,,,
2006055300,1720.0,1,0,0,0,0,0,0,0,0,4,0,,67,5,2006,2,40.0729,-75.0759,1715.0,6,0,0,0,0,0,0,0,0,,0,0,0,99,1,1,1,,0.0,40 04:22.000,,0,75 04:32.955,4,0,0,1,67301,0,0,0,,0,0,0,2,67301,1,,1,1,,N,N,,0,,0,0,0,3,2,,9999,1,2,0,0,0,0,0,3,4,0,2,3,,N,,,,,,,,,,,
2006055301,2350.0,1,0,0,0,0,0,0,0,0,1,0,,67,5,2006,3,40.0641,-74.9983,2348.0,6,0,0,0,0,0,1,0,0,,0,0,0,99,3,3,0,,0.0,40 03:50.665,,0,74 59:53.819,4,0,0,0,67301,0,0,0,,0,0,0,3,67301,3,,1,1,,,,,1,,0,0,0,0,0,,9999,3,2,0,0,0,0,0,3,4,0,2,3,,N,,,,,,,,,,,
2006055322,1950.0,0,0,0,0,0,0,0,0,0,7,0,,67,3,2006,7,,,1940.0,6,0,0,0,0,0,0,0,0,1.0,0,0,0,19,3,1,0,,2.0,,4.0,0,,3,0,0,1,67301,0,0,0,N,0,0,0,1,67301,0,,9,1,,N,N,,0,,1,0,0,0,0,N,1938,1,1,0,0,0,0,0,3,3,0,1,3,,N,,,,,,,,,,,
2006094466,1645.0,2,0,0,0,0,0,0,0,0,4,0,,67,8,2006,1,39.959,-75.229,1645.0,6,0,0,0,0,0,1,0,0,,0,0,0,16,1,1,1,,0.0,39 57:32.000,,0,75 13:44.291,4,0,0,0,67301,0,0,0,N,0,0,0,2,67301,1,,1,1,,N,N,,0,,0,0,0,2,2,,1645,1,2,0,0,0,0,0,3,4,0,2,3,,N,,,,,,,,,,,
2006094147,1410.0,0,0,0,0,0,0,0,0,0,4,0,,67,7,2006,7,40.0276,-75.1471,1559.0,6,0,0,0,1,0,0,0,0,,0,0,0,15,1,1,1,,0.0,40 01:39.188,,0,75 08:49.702,3,0,0,0,67301,0,0,0,N,0,0,0,2,67301,0,,1,1,,N,N,,0,,1,0,0,9,3,,1500,1,2,0,0,1,0,0,3,4,1,2,3,,N,,,,,,,,,,,
2006094168,1700.0,1,0,0,0,0,0,0,0,0,8,0,,67,7,2006,5,40.019,-75.1472,1636.0,6,0,0,0,0,0,0,0,0,,0,0,0,99,1,1,1,,0.0,40 01:08.000,,0,75 08:49.964,8,0,0,0,67301,1,0,0,N,1,0,0,2,67301,0,,1,1,,N,N,,0,,0,0,0,3,2,,9999,1,2,0,0,0,1,0,3,4,0,1,3,,N,,,,,,,,,,,
2006055261,145.0,2,0,0,0,0,0,0,0,0,1,0,,67,4,2006,6,,,127.0,6,0,0,0,0,0,0,0,0,9.0,0,0,0,13,1,2,0,,1.0,,3.0,0,,8,0,0,0,67301,2,0,0,N,0,0,0,3,67301,0,,6,9,,N,N,,0,,0,0,0,0,0,N,1319,2,2,0,0,0,2,0,3,3,0,2,7,,N,,,,,,,,,,,
2006055273,1748.0,2,0,0,0,0,0,0,0,0,4,0,,67,4,2006,1,40.0042,-75.134,1739.0,6,0,0,1,0,0,0,0,0,1.0,0,0,0,17,1,1,2,,1.0,40 00:15.152,3.0,0,75 08:02.475,4,0,0,0,67301,0,0,0,N,0,0,0,2,67301,1,,1,1,,N,N,,0,,0,0,0,3,3,Y,1735,1,2,0,0,0,0,0,3,4,0,2,3,,N,,,,,,,,,,,
2006094395,2016.0,2,0,0,0,0,0,0,0,0,2,0,,67,7,2006,7,,,2009.0,6,0,0,1,0,0,0,0,0,1.0,0,0,0,19,4,3,1,,1.0,,4.0,0,,4,0,0,0,67301,0,0,0,N,0,0,0,4,67301,3,,1,9,,N,N,,0,,0,0,0,3,3,N,1930,3,2,0,0,0,0,1,3,3,0,2,7,,N,,,,,,,,,,,
2006094396,1619.0,2,0,0,0,0,0,0,0,0,1,0,,67,7,2006,1,40.0753,-75.1962,1611.0,6,0,0,0,0,0,0,1,0,1.0,0,0,0,16,1,1,2,,1.0,40 04:31.152,5.0,0,75 11:46.161,4,0,0,0,67301,0,0,0,N,0,0,0,3,67301,1,,1,1,,N,N,,0,,0,0,0,0,0,N,1611,1,2,0,0,0,0,0,3,4,0,2,3,,N,,,,,,,,,,,
2006094430,1905.0,1,0,0,0,0,0,0,0,0,8,0,,67,7,2006,4,39.9999,-75.164,1859.0,6,0,0,0,0,0,1,0,0,,0,0,0,18,1,1,2,,0.0,39 59:59.593,,0,75 09:50.392,8,0,0,0,67301,1,0,0,N,1,0,0,2,67301,0,,1,1,,N,N,,0,,0,0,0,3,3,,1830,1,2,0,0,0,1,0,3,4,0,1,3,,N,,,,,,,,,,,
2006116088,812.0,2,0,0,0,0,0,0,0,0,1,0,,67,9,2006,3,39.9489,-75.1416,810.0,6,0,0,0,0,0,1,0,0,1.0,0,1,0,8,1,1,0,,1.0,39 57:01.000,1.0,2,75 08:29.038,8,0,0,0,67301,0,0,0,N,0,0,0,5,67301,0,,1,1,,N,N,,0,,0,0,0,0,0,N,812,1,3,0,0,0,1,0,3,4,0,3,3,,N,,,,,,,,,,,