CRN,ARRIVAL_TM,AUTOMOBILE_COUNT,BELTED_DEATH_COUNT,BELTED_SUSP_SERIOUS_INJ_COUNT,BICYCLE_COUNT,BICYCLE_DEATH_COUNT,BICYCLE_SUSP_SERIOUS_INJ_COUNT,BUS_COUNT,CHLDPAS_DEATH_COUNT,CHLDPAS_SUSP_SERIOUS_INJ_COUNT,COLLISION_TYPE,COMM_VEH_COUNT,CONS_ZONE_SPD_LIM,COUNTY,CRASH_MONTH,CRASH_YEAR,DAY_OF_WEEK,DEC_LAT,DEC_LONG,DISPATCH_TM,DISTRICT,DRIVER_COUNT_16YR,DRIVER_COUNT_17YR,DRIVER_COUNT_18YR,DRIVER_COUNT_19YR,DRIVER_COUNT_20YR,DRIVER_COUNT_50_64YR,DRIVER_COUNT_65_74YR,DRIVER_COUNT_75PLUS,EST_HRS_CLOSED,FATAL_COUNT,HEAVY_TRUCK_COUNT,HORSE_BUGGY_COUNT,HOUR_OF_DAY,ILLUMINATION,INJURY_COUNT,INTERSECT_TYPE,INTERSECTION_RELATED,LANE_CLOSED,LATITUDE,LN_CLOSE_DIR,LOCATION_TYPE,LONGITUDE,MAX_SEVERITY_LEVEL,MCYCLE_DEATH_COUNT,MCYCLE_SUSP_SERIOUS_INJ_COUNT,MOTORCYCLE_COUNT,MUNICIPALITY,NONMOTR_COUNT,NONMOTR_DEATH_COUNT,NONMOTR_SUSP_SERIOUS_INJ_COUNT,NTFY_HIWY_MAINT,PED_COUNT,PED_DEATH_COUNT,PED_SUSP_SERIOUS_INJ_COUNT,PERSON_COUNT,POLICE_AGCY,POSSIBLE_INJ_COUNT,RDWY_SURF_TYPE_CD,RELATION_TO_ROAD,ROAD_CONDITION,ROADWAY_CLEARED,SCH_BUS_IND,SCH_ZONE_IND,SECONDARY_CRASH,SMALL_TRUCK_COUNT,SPEC_JURIS_CD,SUSP_MINOR_INJ_COUNT,SUSP_SERIOUS_INJ_COUNT,SUV_COUNT,TCD_FUNC_CD,TCD_TYPE,TFC_DETOUR_IND,TIME_OF_DAY,TOT_INJ_COUNT,TOTAL_UNITS,UNB_DEATH_COUNT,UNB_SUSP_SERIOUS_INJ_COUNT,UNBELTED_OCC_COUNT,UNK_INJ_DEG_COUNT,UNK_INJ_PER_COUNT,URBAN_AREA,URBAN_RURAL,VAN_COUNT,VEHICLE_COUNT,WEATHER1,WEATHER2,WORK_ZONE_IND,WORK_ZONE_LOC,WORK_ZONE_TYPE,WORKERS_PRES,WZ_CLOSE_DETOUR,WZ_FLAGGER,WZ_LAW_OFFCR_IND,WZ_LN_CLOSURE,WZ_MOVING,WZ_OTHER,WZ_SHLDER_MDN,WZ_WORKERS_INJ_KILLED
2006063588,1736.0,2,0,0,0,0,0,0,0,0,1,0,,67,5,2006,7,39.9185,-75.2259,1734.0,6,0,0,0,0,0,0,0,0,3.0,0,0,0,16,1,3,1,,2.0,39 55:06.000,4.0,0,75 13:33.315,4,0,0,0,67301,0,0,0,N,0,0,0,3,67301,3,,1,1,,N,N,,0,,0,0,0,3,2,Y,1615,3,2,0,0,0,0,0,3,4,0,2,3,,N,,,,,,,,,,,
2006066178,1442.0,1,0,0,0,0,0,0,0,0,4,0,,67,5,2006,1,,,1441.0,6,0,0,0,0,0,1,0,0,2.0,0,0,0,14,1,0,1,,1.0,,4.0,0,,9,0,0,0,67301,0,0,0,N,0,0,0,2,67301,0,,1,1,,N,N,,0,,0,0,0,3,2,N,1440,0,2,0,0,0,0,2,3,3,1,2,3,,N,,,,,,,,,,,
2006066197,1608.0,1,0,0,0,0,0,0,0,0,1,0,,67,5,2006,5,,,1600.0,6,0,0,0,0,0,0,0,0,,0,0,0,15,1,1,0,,0.0,,,0,,4,0,0,0,67301,0,0,0,,0,0,0,2,67301,1,,1,1,,N,N,,0,,0,0,1,0,0,,1545,1,2,0,0,0,0,0,3,3,0,2,3,,N,,,,,,,,,,,
2006066203,1540.0,1,0,0,0,0,0,0,0,0,8,0,,67,5,2006,4,40.0517,-75.153,1536.0,6,0,0,0,0,0,0,0,0,,0,0,0,15,1,2,1,,0.0,40 03:06.267,,0,75 09:10.785,4,0,0,0,67301,2,0,0,N,2,0,0,3,67301,2,,1,1,,,N,,0,,0,0,0,3,2,,1534,2,3,0,0,0,0,0,3,4,0,1,3,,N,,,,,,,,,,,
2006056439,17.0,2,0,0,0,0,0,0,0,0,1,0,,67,4,2006,7,39.945,-75.1908,11.0,6,0,0,0,0,0,1,0,0,,0,0,0,0,3,2,6,,0.0,39 56:42.000,,2,75 11:26.961,4,0,0,0,67301,0,0,0,N,0,0,0,5,67301,2,,1,9,,N,N,,0,,0,0,0,0,0,,11,2,2,0,0,0,0,0,3,4,0,2,7,,N,,,,,,,,,,,
2006056468,1249.0,1,0,0,0,0,0,0,0,0,8,0,,67,3,2006,5,,,1241.0,6,0,0,0,0,0,0,0,0,,0,0,0,12,1,1,10,,0.0,,,0,,4,0,0,0,67301,1,0,0,N,1,0,0,2,67301,1,,1,1,,N,N,,0,,0,0,0,0,0,,1230,1,2,0,0,1,0,0,3,3,0,1,3,,N,,,,,,,,,,,
2006034191,301.0,1,0,0,0,0,0,0,0,0,4,0,,67,1,2006,1,40.0058,-75.1126,301.0,6,0,0,0,0,0,0,0,0,9.0,0,1,0,3,3,1,0,,1.0,40 00:20.000,3.0,0,75 06:45.346,3,0,0,0,67301,0,0,0,,0,0,0,1,67301,0,,2,1,,N,N,,0,,1,0,0,0,0,N,310,1,2,0,0,0,0,0,3,4,0,2,3,,N,,,,,,,,,,,
2006024164,1155.0,2,0,0,0,0,0,0,0,0,4,0,,67,1,2006,6,,,1150.0,6,0,0,0,1,0,0,0,0,2.0,0,0,0,11,1,2,1,,2.0,,7.0,0,,4,0,0,0,67301,0,0,0,N,0,0,0,2,67301,1,,1,1,,N,N,,0,,0,0,0,3,3,Y,1145,2,2,0,0,0,1,0,3,3,0,2,3,,N,,,,,,,,,,,
2006024168,706.0,2,0,0,0,0,0,0,0,0,6,0,,67,1,2006,5,39.9124,-75.2219,701.0,6,0,0,0,0,0,0,0,0,,0,0,0,99,5,1,0,,0.0,39 54:49.000,,0,75 13:17.543,4,0,0,0,67301,0,0,0,N,0,0,0,2,67301,1,,1,2,,N,N,,0,,0,0,0,0,0,,9999,1,2,0,0,0,0,0,3,4,0,2,3,,N,,,,,,,,,,,
2006024230,400.0,1,0,0,0,0,0,0,0,0,7,0,,67,1,2006,1,40.036,-75.1797,358.0,6,0,0,0,0,0,0,0,0,,0,0,0,3,3,0,0,,0.0,40 02:09.747,,0,75 10:46.768,0,0,0,0,67301,0,0,0,N,0,0,0,1,67301,0,,4,1,,N,N,,0,,0,0,0,0,0,,355,0,1,0,0,0,0,0,3,4,0,1,3,,N,,,,,,,,,,,
2006024234,750.0,2,0,0,0,0,0,0,0,0,5,0,,67,1,2006,2,40.0262,-75.0974,744.0,6,0,0,0,0,0,1,0,0,,0,0,0,7,1,0,0,,0.0,40 01:34.143,,0,75 05:50.591,0,0,0,0,67301,0,0,0,,0,0,0,4,67301,0,,1,1,,N,N,,0,,0,0,0,3,2,,730,0,2,0,0,0,0,0,3,4,0,2,3,,N,,,,,,,,,,,
2006019471,926.0,1,0,0,0,0,0,0,0,0,8,0,,67,1,2006,3,39.9577,-75.1624,914.0,6,0,0,0,0,0,0,0,0,,0,0,0,99,1,1,1,,0.0,39 57:29.000,,0,75 09:44.578,4,0,0,0,67301,1,0,0,N,1,0,0,2,67301,1,,1,1,,N,N,,0,,0,0,0,0,0,,9999,1,2,0,0,0,0,0,3,4,0,1,3,,N,,,,,,,,,,,
2006102776,1255.0,2,0,0,0,0,0,0,0,0,7,0,,67,8,2006,5,39.9602,-75.1407,1247.0,6,0,0,0,0,0,0,0,0,,0,0,0,12,1,2,0,,0.0,39 57:16.000,,0,75 08:30.001,8,0,0,0,67301,0,0,0,N,0,0,0,5,67301,0,,2,1,,N,N,,0,,0,0,0,0,0,,1240,2,2,0,0,0,2,0,3,4,0,2,3,,N,,,,,,,,,,,
2006103217,1830.0,1,0,0,1,0,0,0,0,0,4,0,,67,9,2006,6,,,1824.0,6,0,0,0,0,0,0,0,0,,0,0,0,18,8,1,2,,0.0,,,0,,3,0,0,0,67301,1,0,0,N,0,0,0,5,67301,0,,1,1,,N,N,,0,,1,0,0,9,3,,1824,1,2,0,0,0,0,1,3,3,0,1,3,,N,,,,,,,,,,,
2006103256,1104.0,1,0,0,0,0,0,0,0,0,2,0,,67,9,2006,2,40.0211,-75.1399,1051.0,6,0,0,0,0,0,1,0,0,,0,0,0,10,1,2,5,,0.0,40 01:15.000,,0,75 08:24.542,4,0,0,0,67301,0,0,0,N,0,0,0,3,67301,2,,1,1,,N,N,,1,,0,0,0,1,1,,1050,2,2,0,0,3,0,0,3,4,0,2,3,,N,,,,,,,,,,,
2006103258,1825.0,0,0,0,0,0,0,0,0,0,4,0,,67,8,2006,7,39.9175,-75.2445,1815.0,6,0,0,0,0,0,0,0,0,,0,0,0,23,6,0,2,,0.0,39 55:03.082,,0,75 14:40.124,0,0,0,0,67301,1,0,0,N,0,0,0,2,67301,0,,2,98,,N,N,,0,,0,0,2,9,9,,2330,0,2,0,0,0,0,0,3,4,0,2,99,,N,,,,,,,,,,,
2006102789,2020.0,2,0,0,0,0,0,0,0,0,1,0,,67,9,2006,7,40.0782,-75.1727,2020.0,6,0,0,0,0,0,0,0,0,,0,0,0,20,3,2,0,,0.0,40 04:41.451,,0,75 10:21.846,8,0,0,0,67301,2,0,0,N,0,0,0,3,67301,0,,6,1,,N,N,,0,,0,0,0,0,0,,2015,2,2,0,0,1,2,0,3,4,0,2,3,,N,,,,,,,,,,,
2006102794,9999.0,1,0,0,0,0,0,0,0,0,4,1,,67,9,2006,7,39.8836,-75.2515,9999.0,6,0,0,0,0,0,0,0,0,,0,1,0,8,1,1,1,,0.0,39 53:00.000,,0,75 15:05.487,8,0,0,0,67301,0,0,0,N,0,0,0,2,67301,0,,1,9,,N,N,,0,,0,0,0,3,2,,800,1,2,0,0,0,1,0,3,4,0,2,7,,N,,,,,,,,,,,
2006094393,1845.0,2,0,0,0,0,0,0,0,0,4,0,,67,8,2006,5,40.0011,-75.2154,1834.0,6,0,0,0,0,0,1,0,0,,0,0,0,17,1,0,1,,0.0,40 00:03.902,,0,75 12:55.382,9,0,0,0,67301,0,0,0,N,0,0,0,3,67301,0,,1,1,,N,N,,0,,0,0,0,3,2,,1724,0,2,0,0,1,0,1,3,4,0,2,3,,N,,,,,,,,,,,
2006081717,1124.0,2,0,0,0,0,0,0,0,0,4,0,,67,6,2006,5,40.0514,-75.1634,1123.0,6,0,0,0,0,0,0,0,0,,0,0,0,11,1,1,1,,0.0,40 03:05.090,,0,75 09:48.178,8,0,0,0,67301,0,0,0,N,0,0,0,2,67301,0,,1,1,,N,N,,0,,0,0,0,3,2,,1123,1,2,0,0,0,1,0,3,4,0,2,3,,N,,,,,,,,,,,
2006066188,1731.0,1,0,0,0,0,0,0,0,0,8,0,,67,5,2006,2,39.9881,-75.1276,1725.0,6,0,0,0,0,0,0,0,0,,0,0,0,17,1,1,0,,0.0,39 59:17.199,,0,75 07:39.432,8,0,0,0,67301,1,0,0,,1,0,0,2,67301,0,,1,1,,,,,0,,0,0,0,0,0,,1722,1,2,0,0,0,1,0,3,4,0,1,3,,N,,,,,,,,,,,
2006054033,1626.0,1,0,0,0,0,0,0,0,0,8,0,,67,4,2006,2,40.0068,-75.0955,1623.0,6,0,0,0,0,0,0,0,0,,0,0,0,10,1,1,0,,0.0,40 00:24.451,,0,75 05:43.962,2,0,0,0,67301,1,0,1,N,1,0,1,2,67301,0,,6,1,,N,N,,0,,0,1,0,0,0,,1030,1,2,0,0,0,0,1,3,4,0,1,3,,N,,,,,,,,,,,
2006036575,1915.0,2,0,0,0,0,0,0,0,0,4,0,,67,2,2006,4,,,1915.0,6,0,0,0,0,0,0,0,0,,0,0,0,18,4,1,1,,0.0,,,0,,4,0,0,0,67301,0,0,0,N,0,0,0,3,67301,1,,1,1,,N,N,,0,,0,0,0,9,3,,1815,1,2,0,0,0,0,0,3,3,0,2,3,,N,,,,,,,,,,,
2006036579,406.0,1,0,0,0,0,0,0,0,0,4,0,,67,2,2006,1,40.0296,-75.0808,413.0,6,0,0,0,0,0,0,0,0,,0,0,0,4,3,0,1,,0.0,40 01:46.491,,0,75 04:51.013,9,0,0,0,67301,0,0,0,N,0,0,0,2,67301,0,,1,1,,N,N,,0,,0,0,1,9,3,,400,0,2,0,0,0,0,1,3,4,0,2,3,,N,,,,,,,,,,,
2006036595,819.0,2,0,0,0,0,0,0,0,0,5,0,,67,2,2006,5,40.0443,-75.055,815.0,6,0,0,0,0,0,0,0,0,,0,0,0,8,1,0,0,,0.0,40 02:39.000,,0,75 03:18.154,0,0,0,0,67301,0,0,0,,0,0,0,2,67301,0,,1,9,,N,N,,0,,0,0,0,0,0,,814,0,2,0,0,0,0,0,3,4,0,2,3,,N,,,,,,,,,,,
2006036618,1445.0,0,0,0,0,0,0,0,0,0,7,0,,67,2,2006,5,39.9889,-75.1983,1440.0,6,0,0,0,0,0,0,1,0,1.0,0,0,0,14,1,0,0,,1.0,39 59:20.000,2.0,0,75 11:52.920,0,0,0,0,67301,0,0,0,Y,0,0,0,1,67301,0,,4,1,,N,N,,0,,0,0,0,0,0,N,1440,0,1,0,0,0,0,0,3,4,1,1,3,,N,,,,,,,,,,,
2006034184,1150.0,1,0,0,0,0,0,0,0,0,7,0,,67,1,2006,5,40.0369,-75.1343,1147.0,6,0,0,0,0,1,0,0,0,,0,0,0,11,1,1,0,,0.0,40 02:13.000,,0,75 08:03.505,8,0,0,0,67301,0,0,0,N,0,0,0,2,67301,0,,5,1,,N,N,,0,,0,0,0,0,0,,1145,1,1,0,0,0,1,0,3,4,0,1,3,,N,,,,,,,,,,,
2006024150,1218.0,2,0,0,0,0,0,0,0,0,2,0,,67,1,2006,2,39.9336,-75.1923,1216.0,6,0,0,0,0,0,0,0,0,,0,0,0,12,1,0,1,,0.0,39 56:00.816,,0,75 11:32.211,9,0,0,0,67301,0,0,0,N,0,0,0,2,67301,0,,1,9,,N,N,,0,,0,0,0,3,3,,1200,0,2,0,0,0,0,1,3,4,0,2,7,,N,,,,,,,,,,,
2006024239,1715.0,4,0,0,0,0,0,0,0,0,4,0,,67,1,2006,1,39.9589,-75.2414,1703.0,6,0,0,0,0,0,0,0,0,,0,0,0,16,3,3,1,,0.0,39 57:32.000,,0,75 14:29.179,4,0,0,0,67301,0,0,0,N,0,0,0,4,67301,3,,1,1,,N,N,,0,,0,0,0,3,2,,1655,3,4,0,0,0,0,1,3,4,0,4,3,,N,,,,,,,,,,,
2006024607,555.0,1,0,0,0,0,0,0,0,0,2,0,,67,1,2006,3,40.0275,-75.0624,549.0,6,0,0,0,0,0,1,0,0,1.0,0,0,0,5,3,0,5,,1.0,40 01:38.000,3.0,0,75 03:45.383,0,0,0,0,67301,0,0,0,,0,0,0,2,67301,0,,1,1,,N,N,,1,,0,0,0,3,2,Y,548,0,2,0,0,0,0,0,3,4,0,2,3,,N,,,,,,,,,,,
2006024629,105.0,1,0,0,0,0,0,0,0,0,1,0,,67,1,2006,4,,,100.0,6,0,0,0,0,0,1,0,0,,0,1,0,1,2,0,0,,0.0,,,0,,0,0,0,0,67301,0,0,0,N,0,0,0,1,67301,0,,6,1,,N,N,,0,,0,0,0,0,0,,100,0,3,0,0,1,0,0,3,3,1,3,3,,N,,,,,,,,,,,
2006103254,1834.0,4,0,0,0,0,0,0,0,0,1,0,,67,8,2006,3,39.9572,-75.2023,1832.0,6,0,0,0,0,0,0,1,0,9.0,0,0,0,18,1,1,0,,1.0,39 57:26.000,6.0,0,75 12:08.212,4,0,0,0,67301,0,0,0,N,0,0,0,5,67301,1,,1,1,,N,N,,0,,0,0,0,0,0,N,1832,1,4,0,0,0,0,0,3,4,0,4,3,,N,,,,,,,,,,,
2006079291,210.0,1,0,0,0,0,0,0,0,0,4,0,,67,6,2006,7,39.9565,-75.2215,208.0,6,0,0,0,0,0,0,0,0,,0,0,0,2,3,1,1,,0.0,39 57:23.000,,0,75 13:17.642,4,0,0,0,67301,0,0,0,N,0,0,0,3,67301,1,,1,1,,N,N,,0,,0,0,0,3,2,,208,1,2,0,0,0,0,1,3,4,0,2,3,,N,,,,,,,,,,,
2006084886,2110.0,1,0,0,1,0,0,0,0,0,6,0,,67,6,2006,5,,,2100.0,6,0,0,0,0,0,0,0,0,,0,0,0,19,1,1,1,,0.0,,,0,,4,0,0,0,67301,1,0,0,N,0,0,0,2,67301,1,,1,1,,N,N,,0,,0,0,0,3,3,,1958,1,2,0,0,0,0,0,3,3,0,1,3,,N,,,,,,,,,,,
2007025822,2101.0,0,0,0,0,0,0,0,0,0,7,1,,67,12,2006,6,,,2101.0,6,0,0,0,0,1,0,0,0,3.0,0,1,0,21,3,0,0,,2.0,,4.0,3,,0,0,0,0,67301,0,0,0,N,0,0,0,1,67501,0,,3,9,,N,N,,0,,0,0,0,3,8,N,2101,0,1,0,0,0,0,0,3,3,0,1,7,,N,,,,,,,,,,,
2007023062,1222.0,1,0,0,0,0,0,0,0,0,4,0,,67,6,2006,5,40.0638,-75.1729,1222.0,6,0,0,0,0,0,1,0,0,,0,0,0,99,1,0,1,,0.0,40 03:49.000,,0,75 10:22.443,9,0,0,0,67301,0,0,0,N,0,0,0,4,67301,0,,1,9,,N,N,,1,,0,0,0,3,3,,9999,0,2,0,0,0,0,1,3,4,0,2,3,,N,,,,,,,,,,,
2007023184,806.0,1,0,0,0,0,0,0,0,0,4,0,,67,12,2006,4,40.0189,-75.1472,758.0,6,0,0,0,0,0,0,0,0,,0,0,0,7,1,2,1,,0.0,40 01:08.000,,0,75 08:49.392,4,0,0,0,67301,0,0,0,N,0,0,0,2,67301,2,,1,9,,N,N,,0,,0,0,0,3,2,,750,2,2,0,0,0,0,0,3,4,1,2,3,,N,,,,,,,,,,,
2007008517,1431.0,1,0,0,0,0,0,0,0,0,8,0,,67,11,2006,7,39.9925,-75.1796,1426.0,6,0,0,0,0,0,0,1,0,,0,0,0,14,1,1,1,,0.0,39 59:32.000,,0,75 10:46.435,4,0,0,0,67301,1,0,0,,1,0,0,2,67301,1,,1,1,,,,,0,,0,0,0,9,2,,1400,1,2,0,0,0,0,0,3,4,0,1,3,,N,,,,,,,,,,,
2007008817,807.0,1,0,0,0,0,0,0,0,0,1,0,,67,11,2006,4,40.0125,-75.1378,757.0,6,0,0,0,0,0,0,0,0,,0,0,0,99,1,1,0,,0.0,40 00:44.936,,0,75 08:15.931,8,0,0,0,67301,2,0,0,,0,0,0,4,67301,0,,6,1,,N,N,,0,,0,0,1,3,3,,9999,1,2,0,0,2,1,0,3,4,0,2,3,,N,,,,,,,,,,,
2007034388,,1,0,0,0,0,0,0,0,0,1,0,,67,9,2006,3,40.0079,-75.1405,,6,0,0,0,0,0,0,0,0,,0,0,0,7,1,1,1,,0.0,40 00:28.000,,0,75 08:25.661,8,0,0,0,67301,0,0,0,N,0,0,0,4,,0,,1,1,,N,N,,0,,0,0,1,3,2,,750,1,2,0,0,0,1,0,3,4,0,2,3,,N,,,,,,,,,,,
2007000717,1921.0,2,0,0,0,0,0,0,0,0,5,0,,67,10,2006,3,39.9155,-75.1901,1915.0,6,0,0,0,0,0,0,1,0,,0,0,0,19,3,0,0,,0.0,39 54:42.074,,0,75 10:01.878,0,0,0,0,67301,0,0,0,N,0,0,0,3,67501,0,,1,1,,N,N,,0,,0,0,0,0,0,,1915,0,2,0,0,0,0,0,3,4,0,2,3,,N,,,,,,,,,,,
2007007083,1610.0,2,0,0,0,0,0,0,0,0,4,0,,67,11,2006,3,40.0207,-75.1245,1604.0,6,0,0,0,0,0,0,0,0,,0,0,0,99,1,1,1,,0.0,40 01:14.667,,0,75 07:28.297,4,0,0,0,67301,0,0,0,N,0,0,0,3,67301,1,,1,9,,N,N,,0,,0,0,0,0,0,,9999,1,2,0,0,0,0,0,3,4,0,2,7,,N,,,,,,,,,,,
2007007258,1502.0,2,0,0,0,0,0,0,0,0,1,0,,67,12,2006,6,40.1127,-74.9895,1447.0,6,0,0,0,0,0,0,0,0,,0,0,0,14,1,1,8,,0.0,40 06:45.836,,6,74 59:22.197,3,0,0,0,67301,0,0,0,N,0,0,0,2,67301,0,,3,9,,N,N,,0,,1,0,0,0,0,,1445,1,2,0,0,0,0,0,3,4,0,2,7,,N,,,,,,,,,,,
2007007681,2130.0,2,0,0,0,0,0,0,0,0,4,0,,67,11,2006,1,40.0093,-75.069,2123.0,6,0,0,0,0,0,0,0,0,,0,0,0,20,3,4,1,,0.0,40 00:33.000,,0,75 04:08.517,4,0,0,0,67301,0,0,0,N,0,0,0,6,67301,4,,1,9,,N,N,,0,,0,0,0,3,2,,2055,4,2,0,0,0,0,0,3,4,0,2,7,,N,,,,,,,,,,,
2007032692,,1,0,0,0,0,0,0,0,0,4,0,,67,10,2006,7,,,,6,0,0,0,0,0,0,0,0,,0,0,0,99,6,2,0,,0.0,,,0,,3,0,0,0,67301,0,0,0,N,0,0,0,4,,0,,1,9,,N,N,,0,,2,0,0,0,0,,9999,2,2,0,0,0,0,2,3,3,0,2,7,,N,,,,,,,,,,,
2007006891,2120.0,1,0,0,0,0,0,0,0,0,7,0,,67,12,2006,7,40.0268,-75.1134,2118.0,6,0,0,0,0,0,0,0,0,,0,0,0,21,3,1,8,,0.0,40 01:36.480,,6,75 06:47.880,8,0,0,0,67301,0,0,0,,0,0,0,1,67301,0,,3,1,,N,N,,0,,0,0,0,0,0,,2115,1,1,0,0,0,1,0,3,4,0,1,3,,N,,,,,,,,,,,
2007006762,833.0,0,0,0,0,0,0,1,0,0,8,1,,67,11,2006,3,39.9526,-75.1565,832.0,6,0,0,0,0,0,1,0,0,,1,0,0,8,1,0,1,,0.0,39 57:09.230,,0,75 09:23.425,1,0,0,0,67301,1,1,0,N,1,1,0,2,67301,0,2.0,1,1,,N,N,,0,0.0,0,0,0,3,3,,832,0,2,0,0,0,0,0,3,4,0,1,3,,N,,,,,,,,,,,
2007022305,258.0,1,0,0,0,0,0,0,0,0,4,0,,67,11,2006,1,40.0174,-75.0903,256.0,6,0,0,0,0,0,0,0,0,3.0,0,0,0,2,3,5,1,,2.0,40 01:02.528,5.0,0,75 05:25.205,2,0,0,0,67301,0,0,0,N,0,0,0,5,67301,2,,1,1,,N,N,,0,,2,1,1,9,3,Y,255,5,2,0,1,2,0,0,3,4,0,2,3,,N,,,,,,,,,,,
2007030098,1337.0,1,0,0,0,0,0,0,0,0,1,0,,67,10,2006,3,40.0126,-75.1609,1331.0,6,0,0,0,0,0,0,1,0,,0,1,0,13,1,1,1,,0.0,40 00:45.000,,0,75 09:39.277,8,0,0,0,67301,0,0,0,,0,0,0,3,67301,0,,1,9,,N,N,,0,,0,0,0,3,2,,1327,1,2,0,0,0,1,0,3,4,0,2,7,,N,,,,,,,,,,,
2011073151,1510.0,2,0,0,0,0,0,0,0,0,1,0,,67,6,2006,7,39.8977,-75.2117,1501.0,6,0,0,0,0,0,0,0,0,2.0,0,0,0,99,1,2,0,,2.0,39 53:51.692,3.0,3,75 12:42.138,3,0,0,0,67301,0,0,0,N,0,0,0,4,67301,1,,1,1,,N,N,,0,,1,0,0,0,0,Y,9999,2,2,0,0,0,0,0,3,4,0,2,99,,N,,,,,,,,,,,
2012066461,359.0,1,0,0,0,0,0,0,0,0,8,0,,67,6,2006,3,40.0409,-75.1241,358.0,6,0,0,0,0,0,0,0,0,,0,0,0,3,3,1,1,,0.0,40 02:27.294,,0,75 07:26.810,4,0,0,0,67301,1,0,0,N,1,0,0,2,67301,1,,1,9,,N,N,,0,,0,0,0,0,0,,356,1,2,0,0,0,0,0,3,4,0,1,7,,N,,,,,,,,,,,
2006093901,1441.0,3,0,0,0,0,0,0,0,0,4,0,,67,7,2006,4,40.0339,-75.0743,1440.0,6,0,0,0,0,1,0,0,0,1.0,0,0,0,13,1,4,2,,2.0,40 02:01.000,2.0,0,75 04:27.369,4,0,0,0,67301,0,0,0,N,0,0,0,6,67301,4,,1,1,,N,N,,0,,0,0,0,2,2,Y,1338,4,3,0,0,0,0,0,3,4,0,3,3,,N,,,,,,,,,,,
2006056335,1815.0,1,0,0,0,0,0,0,0,0,1,0,,67,4,2006,1,40.0309,-75.0688,1812.0,6,0,0,0,0,0,0,0,0,,0,0,0,18,1,0,1,,0.0,40 01:51.286,,0,75 04:07.805,9,0,0,0,67301,0,0,0,N,0,0,0,7,67301,0,,1,1,,N,N,,0,,0,0,2,3,3,,1810,0,3,0,0,0,0,6,3,4,0,3,3,,N,,,,,,,,,,,
2006056327,638.0,0,0,0,0,0,0,0,0,0,4,0,,67,3,2006,7,40.0395,-75.0458,630.0,6,0,0,0,0,0,0,0,0,,0,0,0,99,1,5,1,,0.0,40 02:22.000,,0,75 02:45.213,4,0,0,0,67301,0,0,0,Y,0,0,0,6,67301,3,,1,1,,N,N,,0,,0,0,2,3,2,,9999,5,3,0,0,1,2,0,3,4,1,3,3,,N,,,,,,,,,,,
2006024158,2345.0,2,0,0,0,0,0,0,0,0,4,0,,67,1,2006,5,39.9224,-75.2233,2340.0,6,0,0,0,0,0,0,0,0,1.0,0,0,0,23,3,1,1,,1.0,39 55:20.000,4.0,0,75 13:24.099,4,0,0,0,67301,0,0,0,N,0,0,0,2,67301,1,,1,1,,N,N,,0,,0,0,0,3,2,N,2330,1,2,0,0,0,0,1,3,4,0,2,3,,N,,,,,,,,,,,
2006102811,1853.0,1,0,0,0,0,0,0,0,0,4,0,,67,8,2006,1,39.9603,-75.1389,1851.0,6,0,0,0,0,0,1,0,0,,0,0,0,18,4,1,1,,0.0,39 57:37.000,,0,75 08:19.704,4,0,0,0,67301,0,0,0,N,0,0,0,2,67301,1,,1,1,,N,N,,0,,0,0,0,0,0,,1845,1,2,0,0,0,0,0,3,4,0,2,3,,N,,,,,,,,,,,
2006035929,753.0,1,0,0,0,0,0,0,0,0,4,0,,67,1,2006,3,40.0447,-75.1214,750.0,6,0,0,0,0,0,0,0,0,,0,0,0,7,3,1,2,,0.0,40 02:41.000,,0,75 07:17.024,8,0,0,0,67301,0,0,0,N,0,0,0,2,67301,0,,1,1,,N,N,,0,,0,0,1,3,3,,740,1,2,0,0,0,1,1,3,4,0,2,3,,N,,,,,,,,,,,
2006037675,847.0,2,0,0,0,0,0,0,0,0,4,0,,67,2,2006,6,39.9206,-75.1704,844.0,6,0,0,0,0,0,1,0,0,2.0,0,0,0,8,1,1,1,,2.0,39 55:14.000,2.0,0,75 10:13.658,8,0,0,0,67301,0,0,0,N,0,0,0,3,67301,0,,1,9,,N,N,,0,,0,0,0,3,2,N,830,1,2,0,0,0,1,0,3,4,0,2,7,,N,,,,,,,,,,,
2006037734,1916.0,1,0,0,1,0,0,0,0,0,4,0,99.0,67,3,2006,3,39.96,-75.2249,1840.0,6,0,0,0,0,0,0,0,0,,0,0,0,18,3,1,1,,0.0,39 57:35.000,,0,75 13:29.530,8,0,0,0,67301,1,0,0,N,0,0,0,2,67301,0,,1,1,,N,N,,0,,0,0,0,9,2,,1839,1,2,0,0,0,1,0,3,4,0,1,3,,Y,8.0,8.0,U,,,U,,,,,
2006037747,1245.0,1,0,0,0,0,0,0,0,0,8,0,,67,2,2006,6,40.0935,-75.0314,1238.0,6,0,0,0,0,0,0,0,1,,0,0,0,12,1,1,1,,0.0,40 05:36.000,,0,75 01:53.005,3,0,0,0,67301,1,0,0,N,1,0,0,2,67301,0,,1,1,,N,N,,0,,1,0,0,3,2,,1220,1,2,0,0,0,0,0,3,4,0,1,3,,N,,,,,,,,,,,