CRN,ARRIVAL_TM,AUTOMOBILE_COUNT,BELTED_DEATH_COUNT,BELTED_SUSP_SERIOUS_INJ_COUNT,BICYCLE_COUNT,BICYCLE_DEATH_COUNT,BICYCLE_SUSP_SERIOUS_INJ_COUNT,BUS_COUNT,CHLDPAS_DEATH_COUNT,CHLDPAS_SUSP_SERIOUS_INJ_COUNT,COLLISION_TYPE,COMM_VEH_COUNT,CONS_ZONE_SPD_LIM,COUNTY,CRASH_MONTH,CRASH_YEAR,DAY_OF_WEEK,DEC_LAT,DEC_LONG,DISPATCH_TM,DISTRICT,DRIVER_COUNT_16YR,DRIVER_COUNT_17YR,DRIVER_COUNT_18YR,DRIVER_COUNT_19YR,DRIVER_COUNT_20YR,DRIVER_COUNT_50_64YR,DRIVER_COUNT_65_74YR,DRIVER_COUNT_75PLUS,EST_HRS_CLOSED,FATAL_COUNT,HEAVY_TRUCK_COUNT,HORSE_BUGGY_COUNT,HOUR_OF_DAY,ILLUMINATION,INJURY_COUNT,INTERSECT_TYPE,INTERSECTION_RELATED,LANE_CLOSED,LATITUDE,LN_CLOSE_DIR,LOCATION_TYPE,LONGITUDE,MAX_SEVERITY_LEVEL,MCYCLE_DEATH_COUNT,MCYCLE_SUSP_SERIOUS_INJ_COUNT,MOTORCYCLE_COUNT,MUNICIPALITY,NONMOTR_COUNT,NONMOTR_DEATH_COUNT,NONMOTR_SUSP_SERIOUS_INJ_COUNT,NTFY_HIWY_MAINT,PED_COUNT,PED_DEATH_COUNT,PED_SUSP_SERIOUS_INJ_COUNT,PERSON_COUNT,POLICE_AGCY,POSSIBLE_INJ_COUNT,RDWY_SURF_TYPE_CD,RELATION_TO_ROAD,ROAD_CONDITION,ROADWAY_CLEARED,SCH_BUS_IND,SCH_ZONE_IND,SECONDARY_CRASH,SMALL_TRUCK_COUNT,SPEC_JURIS_CD,SUSP_MINOR_INJ_COUNT,SUSP_SERIOUS_INJ_COUNT,SUV_COUNT,TCD_FUNC_CD,TCD_TYPE,TFC_DETOUR_IND,TIME_OF_DAY,TOT_INJ_COUNT,TOTAL_UNITS,UNB_DEATH_COUNT,UNB_SUSP_SERIOUS_INJ_COUNT,UNBELTED_OCC_COUNT,UNK_INJ_DEG_COUNT,UNK_INJ_PER_COUNT,URBAN_AREA,URBAN_RURAL,VAN_COUNT,VEHICLE_COUNT,WEATHER1,WEATHER2,WORK_ZONE_IND,WORK_ZONE_LOC,WORK_ZONE_TYPE,WORKERS_PRES,WZ_CLOSE_DETOUR,WZ_FLAGGER,WZ_LAW_OFFCR_IND,WZ_LN_CLOSURE,WZ_MOVING,WZ_OTHER,WZ_SHLDER_MDN,WZ_WORKERS_INJ_KILLED
2006079285,1416.0,2,0,0,0,0,0,0,0,0,5,0,,67,6,2006,5,40.0179,-75.1493,1415.0,6,0,0,0,1,0,0,0,0,,0,0,0,14,1,0,1,,0.0,40 01:04.000,,0,75 08:57.510,0,0,0,0,67301,0,0,0,N,0,0,0,2,67301,0,,1,1,,N,N,,0,,0,0,0,3,2,,1415,0,2,0,0,0,0,0,3,4,0,2,3,,N,,,,,,,,,,,
2006037790,1536.0,0,0,0,1,0,0,0,0,0,4,0,,67,2,2006,6,40.0444,-75.1435,9999.0,6,0,0,0,0,0,0,0,0,,0,0,0,15,1,1,1,,0.0,40 02:40.000,,0,75 08:36.527,8,0,0,0,67301,1,0,0,N,0,0,0,2,67301,0,,1,1,,N,N,,0,,0,0,1,0,0,,1525,1,2,0,0,0,1,0,3,4,0,1,3,,N,,,,,,,,,,,
2006079209,1135.0,1,0,0,0,0,0,0,0,0,8,0,,67,6,2006,1,39.9798,-75.1618,1135.0,6,0,0,0,1,0,0,0,0,,0,0,0,11,1,1,0,,0.0,39 58:47.229,,0,75 09:42.415,8,0,0,0,67301,1,0,0,N,1,0,0,2,67301,0,,1,1,,N,N,,0,,0,0,0,0,0,,1135,1,2,0,0,1,1,0,3,4,0,1,3,,N,,,,,,,,,,,
2006082017,205.0,0,0,0,0,0,0,0,0,0,8,0,,67,6,2006,5,,,150.0,6,0,0,0,0,0,1,0,0,,0,0,0,23,3,2,1,,0.0,,,0,,8,0,0,0,67301,2,0,0,N,2,0,0,3,67301,0,,1,9,,N,N,,0,,0,0,1,0,0,,2340,2,3,0,0,0,2,0,3,3,0,1,7,,N,,,,,,,,,,,
2006082102,726.0,0,0,0,0,0,0,0,0,0,8,0,,67,6,2006,6,40.0506,-75.0916,723.0,6,0,0,0,0,0,0,0,0,1.0,0,0,0,7,1,1,5,,1.0,40 03:02.235,4.0,0,75 05:29.824,8,0,0,0,67301,1,0,0,N,1,0,0,2,67301,0,,1,1,,N,N,,0,,0,0,0,3,2,Y,721,1,2,0,0,0,1,0,3,4,1,1,3,,N,,,,,,,,,,,
2006082118,2253.0,2,0,0,0,0,0,0,0,0,2,0,,67,5,2006,5,39.9814,-75.1886,2244.0,6,0,0,0,0,1,0,0,0,2.0,0,0,0,99,3,1,0,,2.0,39 58:52.320,5.0,0,75 11:19.320,4,0,0,0,67301,0,0,0,N,0,0,0,2,67301,1,,3,1,,N,N,,0,,0,0,0,3,2,Y,9999,1,2,0,0,0,0,0,3,4,0,2,3,,N,,,,,,,,,,,
2006082060,1730.0,3,0,0,0,0,0,0,0,0,5,0,,67,6,2006,7,40.0273,-75.2219,1724.0,6,0,0,0,0,0,0,0,0,,0,0,0,17,1,0,1,,0.0,40 01:38.175,,0,75 13:18.674,9,0,0,0,67301,0,0,0,N,0,0,0,1,67301,0,,9,1,,N,N,,0,,0,0,0,3,3,,1715,0,3,0,0,0,0,1,3,4,0,3,3,,N,,,,,,,,,,,
2006084853,826.0,1,0,0,0,0,0,0,0,0,0,1,,67,6,2006,2,,,822.0,6,0,0,0,0,0,1,0,0,4.0,0,1,0,8,1,2,0,,2.0,,3.0,0,,3,0,0,0,67301,0,0,0,N,0,0,0,2,67501,1,,1,1,,N,N,,0,,1,0,0,3,1,Y,822,2,2,0,0,0,0,0,3,3,0,2,3,,N,,,,,,,,,,,
2006079862,1029.0,1,0,0,1,0,0,0,0,0,4,0,99.0,67,6,2006,6,,,1024.0,6,0,0,0,0,0,0,0,0,,0,0,0,10,1,1,1,,0.0,,,0,,8,0,0,0,67301,1,0,0,N,0,0,0,2,67301,0,,1,1,,N,N,,0,,0,0,0,0,0,,1022,1,2,0,0,0,1,0,3,3,0,1,3,,Y,8.0,8.0,U,,,U,,,,,
2006079879,1410.0,1,0,0,0,0,0,0,0,0,7,0,,67,7,2006,4,,,1404.0,6,0,0,1,0,0,0,0,0,,0,0,0,14,1,2,0,,0.0,,,0,,4,0,0,0,67301,0,0,0,N,0,0,0,2,67301,2,,3,1,,N,N,,0,,0,0,0,0,0,,1404,2,1,0,0,2,0,0,3,3,0,1,3,,N,,,,,,,,,,,
2007054583,1725.0,0,0,0,0,0,0,0,0,0,8,0,,67,12,2006,4,40.0383,-75.1016,1720.0,6,0,0,0,0,0,1,0,0,,0,0,0,17,3,1,1,,0.0,40 02:17.754,,0,75 06:05.767,4,0,0,0,67301,1,0,0,N,1,0,0,2,67301,1,,1,1,,N,N,,0,,0,0,0,3,2,,1715,1,2,0,0,0,0,0,3,4,1,1,3,,N,,,,,,,,,,,
2007006813,342.0,2,0,0,0,0,0,0,0,0,7,0,,67,12,2006,7,40.0318,-75.0853,342.0,6,0,0,0,0,0,0,0,0,,0,0,0,3,3,2,5,,0.0,40 01:54.428,,0,75 05:07.226,4,0,0,0,67301,0,0,0,,0,0,0,2,67301,2,,2,1,,N,N,,0,,0,0,0,3,2,,342,2,2,0,0,0,0,0,3,4,0,2,3,,N,,,,,,,,,,,
2007023108,2100.0,2,0,0,0,0,0,0,0,0,2,0,,67,12,2006,1,40.0469,-75.1262,2056.0,6,0,0,0,0,0,1,0,0,,0,0,0,20,3,1,0,,0.0,40 02:49.000,,0,75 07:34.300,8,0,0,0,67301,0,0,0,N,0,0,0,4,67301,0,,1,1,,N,N,,0,,0,0,0,0,0,,2045,1,3,0,0,0,1,0,3,4,1,3,3,,N,,,,,,,,,,,
2007027220,205.0,1,0,0,0,0,0,0,0,0,5,0,99.0,67,12,2006,6,39.9597,-75.1764,159.0,6,0,0,0,0,0,0,0,0,1.0,0,0,0,1,3,1,6,,2.0,39 57:35.000,4.0,2,75 10:39.053,3,0,0,1,67301,0,0,0,N,0,0,0,2,67301,0,,1,9,,N,N,,0,,1,0,0,3,3,N,157,1,2,0,0,0,0,0,3,4,0,2,5,,Y,4.0,1.0,U,,,U,Y,,,,
2007022188,1627.0,2,0,0,0,0,0,0,0,0,2,0,,67,12,2006,4,39.9335,-75.2259,1619.0,6,0,0,0,0,0,1,0,0,3.0,0,0,0,14,1,2,2,,1.0,39 56:00.726,3.0,0,75 13:33.164,2,0,0,0,67301,0,0,0,N,0,0,0,2,67301,0,,2,1,,N,N,,0,,1,1,0,3,2,Y,1446,2,2,0,1,2,0,0,3,4,0,2,3,,N,,,,,,,,,,,
2007029569,343.0,1,0,0,1,0,0,0,0,0,4,0,,67,11,2006,1,39.9623,-75.1613,343.0,6,0,0,0,0,0,0,0,0,3.0,0,0,0,3,3,1,1,,2.0,39 57:44.000,5.0,0,75 09:40.847,3,0,0,0,67301,1,0,0,,0,0,0,2,67301,0,,1,1,,,,,0,,1,0,0,0,0,Y,340,1,2,0,0,0,0,1,3,4,0,1,3,,N,,,,,,,,,,,
2007008432,2002.0,1,0,0,0,0,0,0,0,0,8,0,,67,11,2006,1,39.993,-75.1103,2001.0,6,0,0,0,0,0,0,0,0,1.0,0,0,0,20,3,1,1,,1.0,39 59:34.000,4.0,0,75 06:37.258,8,0,0,0,67301,1,0,0,N,1,0,0,7,67301,0,,1,1,,N,N,,0,,0,0,0,3,2,N,2001,1,2,0,0,0,1,0,3,4,0,1,3,,N,,,,,,,,,,,
2007008421,1610.0,1,0,0,0,0,0,0,0,0,8,0,,67,12,2006,7,40.0372,-75.0396,1659.0,6,0,0,0,0,0,0,0,0,,0,0,0,15,1,1,2,,0.0,40 02:13.000,,0,75 02:23.056,4,0,0,0,67301,1,0,0,N,1,0,0,2,67301,1,,2,1,,N,N,,0,,0,0,0,0,0,,1500,1,2,0,0,0,0,0,3,4,0,1,3,,N,,,,,,,,,,,
2007008458,1238.0,3,0,0,0,0,0,0,0,0,4,0,,67,11,2006,1,39.9215,-75.1473,1234.0,6,0,0,0,0,0,1,1,0,,0,0,0,12,1,0,1,,0.0,39 55:17.000,,0,75 08:50.340,0,0,0,0,67301,0,0,0,N,0,0,0,3,67301,0,,1,1,,N,N,,0,,0,0,0,9,3,,1230,0,3,0,0,0,0,0,3,4,0,3,3,,N,,,,,,,,,,,
2007008820,1431.0,1,0,0,0,0,0,0,0,0,5,0,,67,12,2006,6,39.937,-75.224,1428.0,6,0,0,0,0,0,2,0,0,,0,0,0,14,1,1,0,,0.0,39 56:13.038,,0,75 13:26.364,4,0,0,0,67301,0,0,0,N,0,0,0,4,67301,1,,1,1,,,N,,0,,0,0,0,3,2,,1423,1,2,0,0,0,0,0,3,4,0,2,3,,N,,,,,,,,,,,
2007010548,940.0,1,0,0,0,0,0,0,0,0,4,0,,67,11,2006,6,39.9247,-75.1562,937.0,6,0,0,0,0,0,1,0,0,2.0,0,0,0,9,1,3,1,,2.0,39 55:28.873,2.0,0,75 09:22.287,4,0,0,0,67301,0,0,0,N,0,0,0,3,67301,3,,1,1,,N,N,,1,,0,0,0,3,3,Y,933,3,2,0,0,0,0,0,3,4,0,2,3,,N,,,,,,,,,,,
2007022070,1032.0,1,0,0,0,0,0,0,0,0,8,0,,67,12,2006,6,40.079,-75.0252,1030.0,6,0,0,0,0,0,0,0,0,1.0,0,0,0,10,1,1,1,,1.0,40 04:44.000,4.0,0,75 01:30.863,8,0,0,0,67301,1,0,0,N,1,0,0,2,67301,0,,1,1,,N,N,,0,,0,0,0,3,2,N,1027,1,2,0,0,0,1,0,3,4,0,1,3,,N,,,,,,,,,,,
2007009813,1535.0,1,0,0,0,0,0,0,0,0,8,0,,67,11,2006,3,40.038,-75.0729,1527.0,6,0,0,0,0,0,0,0,0,,0,0,0,15,1,1,0,,0.0,40 02:16.858,,0,75 04:22.326,3,0,0,0,67301,1,0,0,N,1,0,0,2,67301,0,,1,1,,N,Y,,0,,1,0,0,9,1,,1515,1,2,0,0,0,0,0,3,4,0,1,3,,N,,,,,,,,,,,
2007007570,1709.0,1,0,0,0,0,0,0,0,0,4,0,,67,12,2006,5,40.0392,-75.1917,1709.0,6,0,0,0,0,0,1,0,0,,0,0,0,99,3,1,1,,0.0,40 02:20.000,,0,75 11:29.918,3,0,0,0,67301,0,0,0,N,0,0,0,2,67301,0,,1,1,,N,N,,0,,1,0,1,3,2,,9999,1,2,0,0,0,0,0,3,4,0,2,3,,N,,,,,,,,,,,
2007023236,558.0,1,0,0,0,0,0,0,0,0,7,0,,67,12,2006,3,40.1289,-75.0255,621.0,6,0,0,0,0,0,0,0,0,1.0,0,0,0,5,2,1,0,,1.0,40 07:44.161,1.0,7,75 01:31.795,4,0,0,0,67301,0,0,0,N,0,0,0,1,67301,1,,4,1,,N,N,,0,,0,0,0,0,0,N,554,1,1,0,0,0,0,0,3,4,0,1,3,,N,,,,,,,,,,,
2007033362,,2,0,0,0,0,0,0,0,0,1,0,,67,1,2006,4,,,,6,0,0,0,0,0,0,0,0,,0,0,0,8,1,2,1,,0.0,,,0,,2,0,0,0,67301,0,0,0,N,0,0,0,2,,0,,1,1,,N,N,,0,,0,1,0,0,0,,800,2,2,0,0,0,1,0,3,3,0,2,3,,N,,,,,,,,,,,
2007006889,1335.0,2,0,0,0,0,0,0,0,0,1,0,,67,12,2006,1,39.8946,-75.2367,1324.0,6,0,0,0,0,0,1,0,0,1.0,0,0,0,13,1,2,3,,1.0,39 53:40.000,1.0,0,75 14:12.237,4,0,0,0,67301,0,0,0,N,0,0,0,3,67301,2,,1,1,,N,N,,0,,0,0,0,3,2,N,1300,2,2,0,0,0,0,0,3,4,0,2,3,,N,,,,,,,,,,,
2007022299,226.0,1,0,0,0,0,0,0,0,0,7,0,,67,12,2006,7,39.9787,-75.1578,223.0,6,0,0,0,0,0,1,0,0,,0,0,0,2,3,1,1,,0.0,39 58:43.000,,0,75 09:28.533,8,0,0,0,67301,0,0,0,N,0,0,0,2,67301,0,,2,9,,N,N,,0,,0,0,0,3,2,,220,1,1,0,0,0,1,0,3,4,0,1,7,,N,,,,,,,,,,,
2007030117,1726.0,1,0,0,1,0,1,0,0,0,4,0,,67,12,2006,5,40.0205,-75.1924,1726.0,6,0,0,0,0,0,1,0,0,3.0,0,0,0,17,3,2,1,,2.0,40 01:13.000,1.0,0,75 11:32.576,2,0,0,0,67301,1,0,1,N,0,0,0,2,67301,1,,1,1,,N,N,,0,,0,1,0,3,2,Y,1725,2,2,0,0,0,0,0,3,4,0,1,3,,N,,,,,,,,,,,
2007022531,1805.0,2,0,0,0,0,0,0,0,0,4,0,,67,12,2006,5,39.9727,-75.1791,1755.0,6,0,0,0,0,0,2,0,0,,0,0,0,17,3,2,1,,0.0,39 58:21.655,,0,75 10:44.853,8,0,0,0,67301,0,0,0,N,0,0,0,3,67301,0,,1,1,,N,N,,0,,0,0,0,9,3,,1732,2,2,0,0,0,2,0,3,4,0,2,3,,N,,,,,,,,,,,
2007022727,158.0,1,0,0,0,0,0,0,0,0,7,0,,67,12,2006,7,,,157.0,6,0,0,0,0,0,0,0,0,,0,0,0,1,3,1,0,,0.0,,,0,,3,0,0,0,67301,0,0,0,Y,0,0,0,1,67301,0,,4,1,,N,N,,0,,1,0,0,0,0,,156,1,1,0,0,0,0,0,3,3,0,1,3,,N,,,,,,,,,,,
2007022739,1054.0,1,0,0,0,0,0,0,0,0,7,0,,67,12,2006,6,40.1037,-74.9834,1051.0,6,0,0,0,0,0,0,0,0,,0,0,0,10,1,1,1,,0.0,40 06:13.300,,0,74 59:00.100,8,0,0,0,67301,0,0,0,N,0,0,0,1,67301,0,,5,9,,N,N,,0,,0,0,0,3,2,,1050,1,1,0,0,0,1,0,3,4,0,1,7,,N,,,,,,,,,,,
2007023009,1059.0,2,0,0,0,0,0,0,0,0,4,0,,67,12,2006,4,39.987,-75.1744,1057.0,6,0,0,0,0,0,0,0,1,,0,0,0,10,1,1,1,,0.0,39 59:13.322,,0,75 10:27.753,3,0,0,0,67301,0,0,0,,0,0,0,2,67301,0,,1,1,,N,Y,,0,,1,0,0,3,2,,1057,1,2,0,0,0,0,0,3,4,0,2,3,,N,,,,,,,,,,,
2007008856,614.0,1,0,0,0,0,0,0,0,0,1,0,,67,12,2006,1,39.9772,-75.2058,609.0,6,0,0,0,0,0,0,0,0,,0,0,0,6,3,1,1,,0.0,39 58:37.824,,0,75 12:20.983,4,0,0,0,67301,0,0,0,N,0,0,0,2,67301,1,,1,1,,N,N,,0,,0,0,1,9,3,,606,1,2,0,0,0,0,0,3,4,0,2,3,,N,,,,,,,,,,,
2006056326,1348.0,2,0,0,0,0,0,0,0,0,1,0,,67,5,2006,5,40.0566,-75.0466,1342.0,6,0,0,0,0,0,0,0,0,9.0,0,0,0,12,1,1,1,,1.0,40 03:23.000,1.0,0,75 02:47.503,4,0,0,0,67301,0,0,0,N,0,0,0,2,67301,1,,1,1,,N,N,,0,,0,0,0,3,2,N,1240,1,2,0,0,0,0,0,3,4,0,2,3,,N,,,,,,,,,,,
2006082119,1133.0,3,0,0,0,0,0,0,0,0,4,0,,67,5,2006,3,40.0443,-75.1215,1131.0,6,0,0,0,0,0,0,0,0,2.0,0,0,0,11,1,1,1,,2.0,40 02:39.300,1.0,0,75 07:17.576,8,0,0,0,67301,0,0,0,N,0,0,0,2,67301,0,,1,1,,N,N,,1,,0,0,0,3,3,Y,1130,1,4,0,0,0,1,0,3,4,0,4,3,,N,,,,,,,,,,,
2006082131,1253.0,0,0,0,0,0,0,0,0,0,8,0,,67,5,2006,6,,,1247.0,6,0,0,0,0,0,1,0,0,,0,0,0,12,1,1,1,,0.0,,,0,,4,0,0,0,67301,1,0,0,N,1,0,0,2,67301,1,,1,1,,N,N,,1,,0,0,0,3,3,,1240,1,2,0,0,1,0,0,3,3,0,1,3,,N,,,,,,,,,,,
2006079888,740.0,0,0,0,0,0,0,0,0,0,1,0,,67,5,2006,6,,,737.0,6,0,2,0,0,0,0,0,0,1.0,0,0,0,7,1,4,0,,1.0,,4.0,0,,8,0,0,0,67301,0,0,0,N,0,0,0,8,67301,0,,1,9,,N,N,,0,,0,0,2,0,0,N,737,4,2,0,0,0,4,1,3,3,0,2,7,,N,,,,,,,,,,,
2006084867,332.0,1,0,0,0,0,0,0,0,0,6,0,,67,6,2006,7,,,332.0,6,0,0,0,1,0,0,0,0,,0,0,0,3,3,2,2,,0.0,,,0,,3,0,0,0,67301,0,0,0,N,0,0,0,2,67301,0,,5,9,,N,N,,0,,2,0,1,0,0,,332,2,4,0,0,0,0,0,3,3,2,4,7,,N,,,,,,,,,,,
2006077356,2024.0,2,0,0,0,0,0,0,0,0,5,0,,67,7,2006,7,40.0077,-75.2127,9999.0,6,0,0,0,0,0,0,0,0,,0,0,0,20,1,1,0,,0.0,40 00:27.000,,0,75 12:45.897,4,0,0,0,67301,0,0,0,N,0,0,0,3,46104,1,,1,9,,N,N,,0,,0,0,0,0,0,,2019,1,2,0,0,0,0,0,3,4,0,2,7,,N,,,,,,,,,,,
2006082509,735.0,2,0,0,0,0,0,0,0,0,5,0,,67,7,2006,5,40.0459,-75.1308,1727.0,6,0,0,0,0,0,1,0,0,,0,0,0,17,1,1,0,,0.0,40 02:45.240,,0,75 07:50.880,4,0,0,0,67301,0,0,0,N,0,0,0,2,67301,1,,6,1,,N,N,,0,,0,0,1,0,0,,1725,1,3,0,0,0,0,0,3,4,0,3,3,,N,,,,,,,,,,,
2006026159,2331.0,2,0,0,0,0,0,0,0,0,4,0,,67,1,2006,1,40.013,-75.1194,2331.0,6,0,0,0,0,0,0,0,0,2.0,0,0,0,23,3,2,1,,1.0,40 00:46.000,2.0,0,75 07:09.727,4,0,0,0,67301,0,0,0,N,0,0,0,3,67301,2,,1,1,,N,N,,0,,0,0,0,9,2,Y,2331,2,2,0,0,0,0,0,3,4,0,2,3,,N,,,,,,,,,,,
2006018653,346.0,1,0,0,0,0,0,0,0,0,1,0,,67,1,2006,6,40.0248,-75.1303,330.0,6,0,0,0,1,0,0,0,0,,0,0,0,3,3,2,1,,0.0,40 01:29.000,,0,75 07:51.119,3,0,0,0,67301,0,0,0,N,0,0,0,2,67301,1,,1,1,,N,N,,1,,1,0,0,9,2,,330,2,2,0,0,0,0,0,3,4,0,2,3,,N,,,,,,,,,,,
2007054581,33.0,1,0,0,0,0,0,0,0,0,8,0,,67,12,2006,6,39.9489,-75.1605,30.0,6,0,0,0,0,0,0,0,0,,0,0,0,7,1,1,1,,0.0,39 56:55.987,,0,75 09:37.993,4,0,0,0,67301,1,0,0,N,1,0,0,2,67301,1,,1,1,,N,N,,0,,0,0,0,0,0,,730,1,2,0,0,0,0,1,3,4,0,1,3,,N,,,,,,,,,,,
2007023145,332.0,2,0,0,0,0,0,0,0,0,4,0,,67,12,2006,1,39.9851,-75.1598,327.0,6,0,1,0,0,0,0,0,0,2.0,0,0,0,3,3,2,1,,1.0,39 59:06.525,4.0,0,75 09:35.319,4,0,0,0,67301,0,0,0,N,0,0,0,3,67301,1,,1,1,,N,N,,0,,0,0,0,2,2,N,324,2,2,0,0,0,1,0,3,4,0,2,3,,N,,,,,,,,,,,
2007023150,1600.0,2,0,0,0,0,0,0,0,0,6,0,,67,12,2006,5,39.9871,-75.1223,1600.0,6,0,0,0,0,0,0,0,0,1.0,0,0,0,16,1,1,1,,1.0,39 59:13.000,2.0,0,75 07:20.404,3,0,0,0,67301,0,0,0,N,0,0,0,2,67301,0,,1,1,,N,N,,0,,1,0,0,3,2,N,1600,1,2,0,0,0,0,0,3,4,0,2,3,,N,,,,,,,,,,,
2007020667,1755.0,1,0,0,0,0,0,0,0,0,8,0,,67,11,2006,2,39.9303,-75.1577,1749.0,6,0,0,0,0,0,0,0,0,,0,0,0,17,4,1,0,,0.0,39 55:49.237,,0,75 09:27.715,8,0,0,0,67301,1,0,0,N,1,0,0,2,67301,0,,4,1,,N,N,,0,,0,0,0,0,0,,1740,1,2,0,0,0,1,0,3,4,0,1,3,,N,,,,,,,,,,,
2007023199,2040.0,1,0,0,0,0,0,0,0,0,1,0,,67,12,2006,5,39.996,-75.0919,2035.0,6,0,0,0,0,1,0,0,0,2.0,0,0,0,19,3,0,0,,1.0,39 59:45.000,1.0,0,75 05:30.909,0,0,0,0,67301,0,0,0,N,0,0,0,5,67301,0,,1,1,,N,N,,0,,0,0,0,0,0,N,1900,0,2,0,0,0,0,0,3,4,1,2,3,,N,,,,,,,,,,,
2007023559,9999.0,2,0,0,0,0,0,0,0,0,6,0,,67,12,2006,7,40.041,-75.0291,330.0,6,0,0,0,0,0,0,0,0,,0,0,0,3,3,1,0,,0.0,40 02:27.000,,0,75 01:44.541,4,0,0,0,67301,0,0,0,,0,0,0,2,67301,1,,1,1,,,,,0,,0,0,1,0,0,,330,1,3,0,0,0,0,0,3,4,0,3,3,,N,,,,,,,,,,,
2007023054,820.0,2,0,0,0,0,0,0,0,0,4,0,,67,12,2006,7,40.035,-75.1737,815.0,6,0,0,0,0,0,0,0,1,1.0,0,0,0,8,1,1,1,,2.0,40 02:06.009,7.0,0,75 10:25.403,4,0,0,0,67301,0,0,0,N,0,0,0,2,67301,1,,1,1,,N,N,,0,,0,0,0,3,2,Y,813,1,2,0,0,0,0,0,3,4,0,2,3,,N,,,,,,,,,,,
2007055077,1235.0,1,0,0,0,0,0,0,0,0,7,0,,67,12,2006,1,39.8993,-75.1756,1225.0,6,0,0,0,0,0,1,0,0,1.0,0,0,0,12,1,2,0,,1.0,39 53:57.000,2.0,0,75 10:30.550,4,0,0,0,67301,0,0,0,N,0,0,0,3,67301,2,,2,1,,N,N,,0,,0,0,0,0,0,N,1220,2,1,0,0,1,0,0,3,4,0,1,3,,N,,,,,,,,,,,
2007032564,,0,0,0,0,0,0,0,0,0,0,0,,67,7,2006,1,39.914,-75.2215,,6,0,0,0,1,0,0,0,0,,0,0,0,12,1,0,0,,0.0,39 54:56.160,,0,75 13:15.240,0,0,0,1,67301,0,0,0,N,0,0,0,1,00000,0,,1,1,,N,N,,0,,0,0,0,0,0,,1200,0,1,0,0,0,0,0,3,4,0,1,3,,N,,,,,,,,,,,
2007029696,1700.0,1,0,0,0,0,0,0,0,0,4,0,,67,12,2006,4,40.0352,-75.1455,1700.0,6,0,0,0,1,0,2,0,0,,0,0,0,17,3,0,2,,0.0,40 02:06.000,,0,75 08:43.671,0,0,0,0,67301,0,0,0,N,0,0,0,3,67301,0,,1,1,,N,N,,1,,0,0,1,3,2,,1700,0,3,0,0,0,0,0,3,4,0,3,3,,N,,,,,,,,,,,
2007034487,,0,0,0,0,0,0,0,0,0,2,0,,67,8,2006,1,,,2300.0,6,0,0,0,0,0,0,0,0,,0,0,0,23,3,3,0,,0.0,,,7,,3,0,0,2,67301,0,0,0,N,0,0,0,3,,0,,1,1,,N,N,,0,,1,0,0,0,0,,2300,3,2,0,0,0,2,0,3,3,0,2,3,,N,,,,,,,,,,,
2007008398,2123.0,1,0,0,0,0,0,0,0,0,8,0,,67,11,2006,5,40.0227,-75.0613,2119.0,6,0,0,0,0,0,1,0,0,,0,0,0,21,2,1,0,,0.0,40 01:21.774,,0,75 03:40.579,8,0,0,0,67301,1,0,0,N,1,0,0,2,67301,0,,1,9,,N,N,,0,,0,0,0,0,0,,2119,1,2,0,0,0,1,0,3,4,0,1,7,,N,,,,,,,,,,,
2007010928,855.0,1,0,0,0,0,0,0,0,0,4,0,,67,12,2006,4,40.0231,-75.124,852.0,6,0,0,0,0,0,0,0,0,3.0,0,0,0,8,1,2,1,,2.0,40 01:23.210,5.0,0,75 07:26.428,3,0,0,0,67301,0,0,0,N,0,0,0,2,67301,0,,1,1,,N,N,,1,,2,0,0,3,3,Y,850,2,2,0,0,0,0,0,3,4,0,2,3,,N,,,,,,,,,,,
2007008518,1053.0,1,0,0,0,0,0,0,0,0,4,0,,67,11,2006,1,39.986,-75.1562,1053.0,6,0,0,0,0,1,0,0,1,,0,0,0,10,1,1,0,,0.0,39 59:09.000,,0,75 09:22.339,2,0,0,0,67301,0,0,0,,0,0,0,2,67301,0,,1,9,,,,,0,,0,1,1,0,0,,1050,1,2,0,0,0,0,0,3,4,0,2,7,,N,,,,,,,,,,,
2007009769,1845.0,2,0,0,0,0,0,0,0,0,4,0,,67,12,2006,4,39.913,-75.2433,1810.0,6,0,0,0,0,0,0,0,0,,0,0,0,17,3,0,0,,0.0,39 54:47.000,,0,75 14:35.750,0,0,0,0,67301,0,0,0,N,0,0,0,2,67301,0,,1,1,,N,N,,0,,0,0,0,0,0,,1750,0,2,0,0,0,0,0,3,4,0,2,3,,N,,,,,,,,,,,
2007010236,845.0,1,0,0,0,0,0,0,0,0,1,0,,67,11,2006,5,39.9501,-75.149,840.0,6,0,0,0,0,0,0,0,0,,0,0,0,8,1,1,0,,0.0,39 57:00.317,,0,75 08:56.395,4,0,0,0,67301,0,0,0,,0,0,0,2,67301,1,,1,1,,N,N,,0,,0,0,1,0,0,,835,1,2,0,0,0,0,0,3,4,0,2,3,,N,,,,,,,,,,,