CRN,ARRIVAL_TM,AUTOMOBILE_COUNT,BELTED_DEATH_COUNT,BELTED_SUSP_SERIOUS_INJ_COUNT,BICYCLE_COUNT,BICYCLE_DEATH_COUNT,BICYCLE_SUSP_SERIOUS_INJ_COUNT,BUS_COUNT,CHLDPAS_DEATH_COUNT,CHLDPAS_SUSP_SERIOUS_INJ_COUNT,COLLISION_TYPE,COMM_VEH_COUNT,CONS_ZONE_SPD_LIM,COUNTY,CRASH_MONTH,CRASH_YEAR,DAY_OF_WEEK,DEC_LAT,DEC_LONG,DISPATCH_TM,DISTRICT,DRIVER_COUNT_16YR,DRIVER_COUNT_17YR,DRIVER_COUNT_18YR,DRIVER_COUNT_19YR,DRIVER_COUNT_20YR,DRIVER_COUNT_50_64YR,DRIVER_COUNT_65_74YR,DRIVER_COUNT_75PLUS,EST_HRS_CLOSED,FATAL_COUNT,HEAVY_TRUCK_COUNT,HORSE_BUGGY_COUNT,HOUR_OF_DAY,ILLUMINATION,INJURY_COUNT,INTERSECT_TYPE,INTERSECTION_RELATED,LANE_CLOSED,LATITUDE,LN_CLOSE_DIR,LOCATION_TYPE,LONGITUDE,MAX_SEVERITY_LEVEL,MCYCLE_DEATH_COUNT,MCYCLE_SUSP_SERIOUS_INJ_COUNT,MOTORCYCLE_COUNT,MUNICIPALITY,NONMOTR_COUNT,NONMOTR_DEATH_COUNT,NONMOTR_SUSP_SERIOUS_INJ_COUNT,NTFY_HIWY_MAINT,PED_COUNT,PED_DEATH_COUNT,PED_SUSP_SERIOUS_INJ_COUNT,PERSON_COUNT,POLICE_AGCY,POSSIBLE_INJ_COUNT,RDWY_SURF_TYPE_CD,RELATION_TO_ROAD,ROAD_CONDITION,ROADWAY_CLEARED,SCH_BUS_IND,SCH_ZONE_IND,SECONDARY_CRASH,SMALL_TRUCK_COUNT,SPEC_JURIS_CD,SUSP_MINOR_INJ_COUNT,SUSP_SERIOUS_INJ_COUNT,SUV_COUNT,TCD_FUNC_CD,TCD_TYPE,TFC_DETOUR_IND,TIME_OF_DAY,TOT_INJ_COUNT,TOTAL_UNITS,UNB_DEATH_COUNT,UNB_SUSP_SERIOUS_INJ_COUNT,UNBELTED_OCC_COUNT,UNK_INJ_DEG_COUNT,UNK_INJ_PER_COUNT,URBAN_AREA,URBAN_RURAL,VAN_COUNT,VEHICLE_COUNT,WEATHER1,WEATHER2,WORK_ZONE_IND,WORK_ZONE_LOC,WORK_ZONE_TYPE,WORKERS_PRES,WZ_CLOSE_DETOUR,WZ_FLAGGER,WZ_LAW_OFFCR_IND,WZ_LN_CLOSURE,WZ_MOVING,WZ_OTHER,WZ_SHLDER_MDN,WZ_WORKERS_INJ_KILLED
2007007698,1047.0,1,0,0,0,0,0,0,0,0,8,0,,67,11,2006,3,39.96,-75.2249,1047.0,6,0,0,0,0,0,1,0,0,1.0,0,0,0,10,1,1,1,,1.0,39 57:35.000,1.0,0,75 13:29.530,4,0,0,0,67301,1,0,0,N,1,0,0,2,67301,1,,1,1,,N,N,,0,,0,0,0,3,2,N,1047,1,2,0,0,1,0,0,3,4,0,1,3,,N,,,,,,,,,,,
2007023245,1154.0,2,0,0,0,0,0,0,0,0,6,0,,67,12,2006,7,40.0148,-75.1568,1151.0,6,0,0,0,0,0,0,0,0,,0,0,0,11,1,4,0,,0.0,40 00:53.194,,7,75 09:24.405,4,0,0,0,67301,0,0,0,N,0,0,0,5,67301,2,,1,1,,N,N,,0,,0,0,0,0,0,,1145,4,2,0,0,0,2,1,3,4,0,2,3,,N,,,,,,,,,,,
2007009201,1823.0,1,0,0,0,0,0,0,0,0,8,0,,67,11,2006,4,40.0089,-75.194,1805.0,6,0,0,0,0,0,0,0,0,,0,0,0,18,3,1,1,,0.0,40 00:32.000,,0,75 11:38.284,8,0,0,0,67301,1,0,0,N,1,0,0,2,67301,0,,1,9,,N,N,,0,,0,0,0,0,0,,1800,1,2,0,0,0,1,0,3,4,0,1,7,,N,,,,,,,,,,,
2007009028,1305.0,1,0,0,0,0,0,0,0,0,8,0,,67,12,2006,7,39.9504,-75.1601,1300.0,6,0,0,0,0,0,0,0,0,,0,0,0,12,1,1,1,,0.0,39 57:01.383,,0,75 09:36.443,8,0,0,0,67301,1,0,0,N,1,0,0,2,67301,0,,1,1,,N,N,,0,,0,0,0,3,2,,1250,1,2,0,0,0,1,1,3,4,0,1,3,,N,,,,,,,,,,,
2007022252,845.0,2,0,0,0,0,0,1,0,0,2,1,,67,12,2006,2,40.0274,-75.1611,834.0,6,0,0,0,0,0,1,0,0,,0,0,0,8,1,15,0,,0.0,40 01:38.000,,0,75 09:39.913,3,0,0,0,67301,0,0,0,N,0,0,0,16,67301,0,,1,1,,Y,Y,,0,,14,0,0,0,0,,829,15,3,0,0,0,1,0,3,4,0,3,3,,N,,,,,,,,,,,
2007030088,2055.0,3,0,0,0,0,0,0,0,0,1,0,,67,12,2006,6,40.0412,-75.1513,2055.0,6,0,0,0,1,1,0,0,0,,0,0,0,19,3,1,1,,0.0,40 02:28.161,,0,75 09:04.622,8,0,0,0,67301,0,0,0,N,0,0,0,3,67301,0,,1,1,,N,N,,0,,0,0,0,3,2,,1923,1,3,0,0,0,1,0,3,4,0,3,3,,N,,,,,,,,,,,
2007022512,1707.0,0,0,0,0,0,0,0,0,0,8,0,,67,12,2006,6,39.9515,-75.1567,1707.0,6,0,0,0,0,0,0,0,0,,0,0,0,17,4,1,1,,0.0,39 57:05.000,,0,75 09:23.993,3,0,0,0,67301,1,0,0,N,1,0,0,3,67301,0,,1,1,,N,N,,0,,1,0,1,3,2,,1707,1,2,0,0,0,0,0,3,4,0,1,3,,N,,,,,,,,,,,
2007022993,1807.0,1,0,0,0,0,0,0,0,0,8,0,,67,12,2006,7,40.0436,-75.0734,1806.0,6,0,0,0,0,0,0,0,0,2.0,0,0,0,18,3,2,0,,1.0,40 02:36.882,1.0,0,75 04:24.156,2,0,1,1,67301,1,0,1,N,1,0,1,5,67301,0,,1,1,,N,N,,0,,0,2,0,0,0,Y,1800,2,3,0,0,0,0,0,3,4,0,2,3,,N,,,,,,,,,,,
2006093877,1325.0,1,0,0,0,0,0,0,0,0,8,0,,67,7,2006,1,39.9502,-75.1586,1320.0,6,0,0,0,0,0,0,0,0,,0,0,0,13,1,1,1,,0.0,39 57:00.000,,0,75 09:30.825,8,0,0,0,67301,1,0,0,,1,0,0,2,67301,0,,1,1,,,,,0,,0,0,0,9,2,,1320,1,2,0,0,0,1,0,3,4,0,1,3,,N,,,,,,,,,,,
2006081082,2033.0,1,0,0,0,0,0,0,0,0,8,0,,67,6,2006,2,39.9329,-75.2286,2030.0,6,0,0,1,0,0,0,0,0,,0,0,0,20,4,0,0,,0.0,39 55:58.598,,0,75 13:42.967,0,0,0,0,67301,1,0,0,,1,0,0,3,67301,0,,1,1,,N,N,,0,,0,0,0,0,0,,2025,0,2,0,0,0,0,0,3,4,0,1,3,,N,,,,,,,,,,,
2006035967,9999.0,2,0,0,0,0,0,0,0,0,4,0,,67,1,2006,3,39.9702,-75.145,1102.0,6,0,0,0,0,0,0,0,0,1.0,0,0,0,10,1,1,1,,1.0,39 58:12.000,4.0,0,75 08:41.917,3,0,0,0,67301,0,0,0,,0,0,0,3,67301,0,,1,9,,N,N,,0,,1,0,0,9,2,N,1055,1,2,0,0,0,0,0,3,4,0,2,7,,N,,,,,,,,,,,
2006032592,1100.0,5,0,0,0,0,0,0,0,0,5,0,,67,2,2006,5,40.0669,-75.1456,1056.0,6,0,0,0,0,0,0,1,0,,0,0,0,22,3,1,0,,0.0,40 04:00.854,,0,75 08:44.206,4,0,0,0,67301,0,0,0,N,0,0,0,1,67301,1,,9,1,,N,N,,0,,0,0,0,0,0,,2250,1,6,0,0,0,0,0,3,4,1,6,3,,N,,,,,,,,,,,
2006037751,1416.0,1,0,0,0,0,0,0,0,0,4,0,,67,2,2006,2,,,1414.0,6,0,0,0,0,0,1,0,0,,0,1,0,14,1,1,1,,0.0,,,0,,4,0,0,0,67301,0,0,0,N,0,0,0,3,67301,1,,1,6,,N,N,,0,,0,0,0,3,2,,1414,1,2,0,0,0,0,0,3,3,0,2,98,,N,,,,,,,,,,,
2006079301,1055.0,0,0,0,0,0,0,0,0,0,8,0,,67,6,2006,7,39.9555,-75.2136,1041.0,6,0,0,0,0,0,0,0,0,,0,0,0,10,1,1,1,,0.0,39 57:19.000,,0,75 12:49.048,8,0,0,0,67301,1,0,0,N,1,0,0,2,67301,0,,1,1,,N,N,,0,,0,0,0,3,2,,1030,1,2,0,0,0,1,0,3,4,1,1,3,,N,,,,,,,,,,,
2006037792,335.0,1,0,0,0,0,0,0,0,0,7,0,,67,3,2006,1,39.9755,-75.1949,330.0,6,0,0,0,0,0,0,0,0,,0,0,0,2,3,3,0,,0.0,39 58:34.000,,0,75 11:45.098,4,0,0,0,67301,0,0,0,,0,0,0,3,67301,3,,2,1,,N,N,,0,,0,0,0,0,0,,225,3,1,0,0,0,0,0,3,4,0,1,3,,N,,,,,,,,,,,
2006079402,1906.0,2,0,0,0,0,0,0,0,0,4,0,,67,6,2006,1,39.9533,-75.1838,1902.0,6,0,0,0,0,0,0,0,0,2.0,0,0,0,18,1,2,1,,1.0,39 57:12.000,3.0,0,75 11:01.789,4,0,0,0,67301,0,0,0,N,0,0,0,3,67301,2,,1,1,,N,N,,0,,0,0,0,3,2,N,1844,2,2,0,0,0,0,1,3,4,0,2,3,,N,,,,,,,,,,,
2006082105,600.0,2,0,0,0,0,0,0,0,0,4,0,,67,6,2006,2,,,756.0,6,0,0,0,0,0,0,0,0,,0,0,0,7,1,1,1,,0.0,,,0,,4,0,0,0,67301,0,0,0,N,0,0,0,2,67301,1,,1,1,,N,N,,0,,0,0,0,3,3,,754,1,2,0,0,0,0,0,3,3,0,2,3,,N,,,,,,,,,,,
2006082110,10.0,2,0,0,0,0,0,0,0,0,4,0,,67,6,2006,1,39.9717,-75.1817,7.0,6,0,0,0,0,0,0,0,0,,0,0,0,0,3,0,1,,0.0,39 58:18.127,,0,75 10:54.134,9,0,0,0,67301,0,0,0,N,0,0,0,2,67301,0,,1,1,,N,N,,0,,0,0,0,3,3,,5,0,2,0,0,0,0,1,3,4,0,2,3,,N,,,,,,,,,,,
2006079897,350.0,1,0,0,0,0,0,0,0,0,7,0,,67,7,2006,1,,,346.0,6,0,0,0,0,0,0,0,0,,0,0,0,3,3,2,1,,0.0,,,0,,4,0,0,0,67301,0,0,0,N,0,0,0,2,67301,2,,3,1,,N,N,,0,,0,0,0,3,2,,341,2,1,0,0,0,0,0,3,3,0,1,99,,N,,,,,,,,,,,
2006079924,1735.0,2,0,0,0,0,0,1,0,0,1,1,,67,5,2006,3,40.0577,-75.1622,1725.0,6,0,0,0,0,0,0,0,0,1.0,0,0,0,17,1,1,1,,2.0,40 03:27.000,3.0,0,75 09:43.824,4,0,0,0,67301,0,0,0,N,0,0,0,6,67301,1,,1,1,,N,N,,0,,0,0,0,3,2,Y,1724,1,3,0,0,1,0,0,3,4,0,3,3,,N,,,,,,,,,,,
2006079878,2300.0,1,0,0,0,0,0,0,0,0,8,0,,67,6,2006,2,40.0412,-75.1323,2255.0,6,0,0,0,0,0,0,0,0,1.0,0,0,0,22,3,1,0,,2.0,40 02:28.388,1.0,0,75 07:56.409,4,0,0,0,67301,1,0,0,N,1,0,0,2,67301,1,,1,1,,N,N,,0,,0,0,0,0,0,Y,2255,1,2,0,0,0,0,1,3,4,0,1,3,,N,,,,,,,,,,,
2006021080,240.0,1,0,0,0,0,0,0,0,0,7,0,,67,1,2006,6,40.0742,-75.0347,238.0,6,0,0,0,0,0,0,0,0,,0,0,0,2,3,0,1,,0.0,40 04:26.000,,0,75 02:04.816,0,0,0,0,67301,0,0,0,N,0,0,0,2,67301,0,,3,1,,N,N,,0,,0,0,0,3,2,,238,0,1,0,0,0,0,0,3,4,0,1,3,,N,,,,,,,,,,,
2006021097,451.0,4,0,0,0,0,0,0,0,0,5,0,,67,1,2006,5,39.9864,-75.1815,448.0,6,0,0,0,0,0,0,0,0,,0,0,0,4,3,0,2,,0.0,39 59:11.007,,0,75 10:53.450,9,0,0,0,67301,0,0,0,,0,0,0,1,67301,0,,1,1,,N,N,,0,,0,0,0,0,0,,448,0,4,0,0,0,0,1,3,4,0,4,3,,N,,,,,,,,,,,
2007054433,715.0,0,0,0,0,0,0,0,0,0,8,1,,67,10,2006,6,39.9524,-75.1549,700.0,6,0,0,0,0,0,1,0,0,,0,1,0,7,1,1,0,,0.0,39 57:08.510,,0,75 09:17.571,4,0,0,0,67301,1,0,0,,1,0,0,2,67301,1,,6,9,,,,,0,,0,0,0,0,0,,700,1,2,0,0,0,0,0,3,4,0,1,7,,N,,,,,,,,,,,
2007006879,1510.0,0,0,0,0,0,0,0,0,0,8,0,,67,11,2006,3,40.0179,-75.0827,1510.0,6,0,0,0,0,0,0,0,0,,0,0,0,15,1,2,1,,0.0,40 01:04.000,,0,75 04:57.652,4,0,0,0,67301,2,0,0,,2,0,0,6,67301,2,,1,1,,,,,0,,0,0,1,3,2,,1505,2,3,0,0,0,0,0,3,4,0,1,3,,N,,,,,,,,,,,
2007000172,2102.0,2,0,0,0,0,0,0,0,0,1,0,,67,12,2006,1,39.9881,-75.2544,9999.0,6,0,0,0,0,0,1,0,0,,0,0,0,20,3,0,0,,0.0,39 59:17.338,,0,75 15:15.833,0,0,0,0,67301,0,0,0,N,0,0,0,6,46104,0,,1,9,,N,N,,0,,0,0,1,0,0,,2058,0,3,0,0,0,0,0,3,4,0,3,99,,N,,,,,,,,,,,
2007023674,657.0,0,0,0,0,0,0,0,0,0,4,0,,67,12,2006,4,39.9705,-75.1489,655.0,6,0,0,0,0,0,0,0,0,,0,0,0,6,1,1,1,,0.0,39 58:13.000,,0,75 08:56.137,4,0,0,0,67301,0,0,0,N,0,0,0,2,67301,1,,1,1,,N,N,,2,,0,0,0,2,2,,650,1,2,0,0,0,0,0,3,4,0,2,3,,N,,,,,,,,,,,
2007020713,1824.0,2,0,0,0,0,0,0,0,0,1,0,,67,12,2006,4,39.9334,-75.2233,1800.0,6,0,0,0,0,0,1,0,0,,0,0,0,18,3,1,0,,0.0,39 56:00.070,,0,75 13:23.754,4,0,0,0,67301,0,0,0,,0,0,0,3,67301,1,,1,1,,,,,1,,0,0,0,3,3,,1800,1,3,0,0,0,0,0,3,4,0,3,3,,N,,,,,,,,,,,
2007020714,1008.0,2,0,0,0,0,0,0,0,0,4,0,,67,12,2006,4,39.9296,-75.1713,9999.0,6,0,0,0,0,1,0,0,0,,0,0,0,10,1,2,1,,0.0,39 55:46.592,,0,75 10:16.651,4,0,0,0,67301,0,0,0,,0,0,0,4,67301,2,,1,9,,N,N,,0,,0,0,0,0,0,,1007,2,2,0,0,0,0,0,3,4,0,2,7,,N,,,,,,,,,,,
2007023188,2005.0,1,0,0,0,0,0,0,0,0,1,0,,67,12,2006,1,40.0252,-75.1254,2000.0,6,0,0,0,0,0,0,0,0,1.0,0,0,0,19,3,2,5,,1.0,40 01:30.000,6.0,0,75 07:31.531,4,0,0,0,67301,0,0,0,N,0,0,0,4,67301,2,,1,9,,N,N,,0,,0,0,1,3,2,Y,1958,2,2,0,0,0,0,0,3,4,0,2,3,,N,,,,,,,,,,,
2007023218,1031.0,0,0,0,0,0,0,0,0,0,7,0,,67,12,2006,4,40.0202,-75.1518,1029.0,6,0,0,0,0,0,0,0,0,1.0,0,0,0,10,1,1,0,,1.0,40 01:12.700,2.0,0,75 09:06.587,4,0,0,0,67301,0,0,0,,0,0,0,1,67301,1,,2,9,,N,N,,0,,0,0,1,0,0,N,1026,1,1,0,0,1,0,0,3,4,0,1,7,,N,,,,,,,,,,,
2007020802,1213.0,1,0,0,0,0,0,0,0,0,6,1,,67,12,2006,5,39.9405,-75.1874,1210.0,6,0,0,0,0,0,0,0,0,,0,1,0,99,1,1,1,,0.0,39 56:25.699,,0,75 11:14.495,4,0,0,0,67301,0,0,0,N,0,0,0,2,67301,1,,1,1,,N,N,,0,,0,0,0,3,2,,9999,1,2,0,0,0,0,0,3,4,0,2,3,,N,,,,,,,,,,,
2007034476,,0,0,0,0,0,0,0,0,0,5,0,,67,2,2006,6,,,,6,0,0,0,0,0,0,0,0,,0,0,0,8,1,0,0,,0.0,,,0,,0,0,0,0,67301,0,0,0,N,0,0,0,1,,0,,1,1,,N,N,,0,,0,0,1,0,0,,800,0,2,0,0,0,0,0,3,3,0,2,3,,N,,,,,,,,,,,
2007034495,,2,0,0,0,0,0,0,0,0,1,0,,67,9,2006,2,40.0802,-75.029,,6,0,0,0,0,0,0,1,0,,0,0,0,13,1,1,0,,0.0,40 04:48.000,,7,75 01:44.434,8,0,0,0,67301,0,0,0,N,0,0,0,2,,0,,1,1,,N,N,,0,,0,0,0,0,0,,1330,1,2,0,0,0,1,0,3,4,0,2,3,,N,,,,,,,,,,,
2007011128,59.0,1,0,0,0,0,0,0,0,0,7,0,,67,12,2006,1,40.0322,-75.1939,57.0,6,0,0,0,0,0,0,0,0,,0,0,0,0,3,1,0,,0.0,40 01:56.000,,0,75 11:38.190,3,0,0,0,67301,0,0,0,N,0,0,0,1,67301,0,,2,1,,N,N,,0,,1,0,0,0,0,,54,1,1,0,0,0,0,0,3,4,0,1,3,,N,,,,,,,,,,,
2007011179,950.0,1,0,0,0,0,0,0,0,0,4,0,,67,12,2006,2,40.004,-75.1347,940.0,6,0,0,0,0,0,0,0,1,,0,0,0,9,1,2,2,,0.0,40 00:14.292,,0,75 08:04.876,4,0,0,0,67301,0,0,0,N,0,0,0,5,67301,2,,1,1,,N,N,,0,,0,0,0,0,0,,930,2,2,0,0,0,0,0,3,4,1,2,3,,N,,,,,,,,,,,
2007021547,1403.0,1,0,0,0,0,0,0,0,0,7,0,,67,12,2006,6,39.9535,-75.1853,1402.0,6,0,0,0,0,0,0,0,0,,0,0,0,14,1,1,2,,0.0,39 57:12.000,,0,75 11:07.020,4,0,0,0,67301,0,0,0,N,0,0,0,2,67301,1,,2,1,,N,N,,0,,0,0,0,3,2,,1402,1,1,0,0,2,0,0,3,4,0,1,3,,N,,,,,,,,,,,
2007007963,1022.0,1,0,0,0,0,0,0,0,0,1,0,,67,11,2006,6,39.9751,-75.195,1016.0,6,0,0,0,0,0,0,0,0,,0,0,0,10,1,2,1,,0.0,39 58:30.000,,7,75 11:41.771,2,0,0,0,67301,0,0,0,N,0,0,0,6,67301,0,,1,98,,N,N,,0,,0,1,0,2,2,,1016,2,2,0,0,4,1,0,3,4,0,2,99,,N,,,,,,,,,,,
2007022122,1455.0,1,0,0,0,0,0,0,0,0,4,0,,67,12,2006,4,40.0719,-74.9811,1449.0,6,0,0,0,0,0,0,0,0,1.0,0,0,0,14,1,3,2,,1.0,40 04:18.000,3.0,0,74 58:51.890,4,0,0,0,67301,0,0,0,N,0,0,0,4,67301,3,,1,1,,N,N,,0,,0,0,1,3,2,N,1447,3,2,0,0,1,0,1,3,4,0,2,3,,N,,,,,,,,,,,
2007009767,1812.0,1,0,0,0,0,0,0,0,0,8,0,,67,12,2006,2,39.9534,-75.1716,1808.0,6,0,0,0,0,1,0,0,0,,0,0,0,18,3,1,1,,0.0,39 57:11.000,,0,75 10:17.983,8,0,0,0,67301,1,0,0,N,1,0,0,2,67301,0,,1,1,,N,N,,0,,0,0,0,3,2,,1805,1,2,0,0,0,1,0,3,4,0,1,3,,N,,,,,,,,,,,
2007009772,930.0,1,0,0,0,0,0,0,0,0,7,0,,67,12,2006,2,40.0066,-75.193,925.0,6,0,0,0,0,0,0,0,1,,0,0,0,9,1,1,3,,0.0,40 00:21.000,,2,75 11:36.667,4,0,0,0,67301,0,0,0,N,0,0,0,1,67301,1,,2,1,,N,N,,0,,0,0,0,0,0,,915,1,1,0,0,0,0,0,3,4,0,1,3,,N,,,,,,,,,,,
2007007563,2110.0,1,0,0,0,0,0,0,0,0,8,0,,67,11,2006,5,40.0307,-75.1224,2100.0,6,0,0,0,0,0,0,0,0,,0,0,0,18,3,1,1,,0.0,40 01:50.664,,0,75 07:20.636,8,0,0,0,67301,1,0,0,N,1,0,0,2,67301,0,,1,1,,N,N,,0,,0,0,0,3,2,,1800,1,2,0,0,0,1,1,3,4,0,1,3,,N,,,,,,,,,,,
2007020856,940.0,2,0,0,0,0,0,0,0,0,5,0,,67,12,2006,7,40.0531,-75.1772,930.0,6,0,0,0,0,0,0,0,0,,0,0,0,21,3,1,2,,0.0,40 03:11.000,,0,75 10:37.886,4,0,0,0,67301,0,0,0,,0,0,0,4,67301,1,,1,1,,N,N,,0,,0,0,0,0,0,,2100,1,2,0,0,0,0,3,3,4,0,2,3,,N,,,,,,,,,,,
2007033421,,1,0,0,0,0,0,0,0,0,1,0,,67,5,2006,4,40.0555,-75.1263,,6,0,0,0,0,0,0,0,0,,0,0,0,17,1,1,2,,0.0,40 03:19.000,,0,75 07:34.533,3,0,0,0,67301,0,0,0,N,0,0,0,3,,0,,1,1,,N,N,,0,,1,0,0,3,2,,1700,1,2,0,0,0,0,2,3,4,0,2,3,,N,,,,,,,,,,,
2007027997,1448.0,0,0,0,0,0,0,0,0,0,7,0,,67,1,2006,1,40.0784,-75.043,1443.0,6,0,0,0,0,0,0,0,0,1.0,0,0,0,14,1,1,0,,1.0,40 04:42.000,2.0,0,75 02:35.043,8,0,0,0,67301,0,0,0,N,0,0,0,1,67301,0,,5,9,,N,N,,0,,0,0,0,0,0,N,1442,1,1,0,0,0,1,0,3,4,1,1,7,,N,,,,,,,,,,,
2007106888,2010.0,2,0,0,0,0,0,0,0,0,4,0,,67,9,2006,3,39.9546,-75.226,1951.0,6,0,0,0,0,1,1,0,0,1.0,0,0,0,19,3,2,1,,1.0,39 57:16.000,6.0,0,75 13:33.584,3,0,0,0,67301,0,0,0,,0,0,0,2,67301,0,,1,1,,N,N,,0,,2,0,0,3,2,Y,1951,2,2,0,0,0,0,0,3,4,0,2,3,,N,,,,,,,,,,,
2007008562,1453.0,3,0,0,0,0,0,0,0,0,4,0,,67,11,2006,6,40.0036,-75.1812,1445.0,6,0,0,0,0,0,0,0,0,,0,0,0,14,1,2,1,,0.0,40 00:13.000,,0,75 10:52.233,4,0,0,0,67301,0,0,0,N,0,0,0,3,67301,2,,1,1,,N,N,,0,,0,0,0,3,2,,1443,2,3,0,0,1,0,0,3,4,0,3,3,,N,,,,,,,,,,,
2007022255,2005.0,1,0,0,0,0,0,0,0,0,5,0,,67,12,2006,7,40.0168,-75.0668,1956.0,6,0,1,0,0,0,0,0,0,,0,0,0,19,3,2,1,,0.0,40 01:00.000,,0,75 04:00.574,8,0,0,0,67301,0,0,0,,0,0,0,5,67301,0,,1,1,,N,N,,0,,0,0,0,3,2,,1955,2,2,0,0,1,2,0,3,4,1,2,3,,N,,,,,,,,,,,
2007022340,807.0,2,0,0,0,0,0,0,0,0,2,0,,67,12,2006,3,39.9421,-75.2387,758.0,6,0,0,0,0,0,0,0,0,1.0,0,0,0,7,1,0,2,,1.0,39 56:31.000,2.0,0,75 14:19.326,0,0,0,0,67301,0,0,0,N,0,0,0,2,67301,0,,1,9,,N,N,,0,,0,0,0,0,0,N,754,0,2,0,0,0,0,0,3,4,0,2,7,5.0,N,,,,,,,,,,,
2007022838,11.0,2,0,0,0,0,0,0,0,0,1,0,,67,12,2006,7,39.9606,-75.1483,10.0,6,0,0,0,0,0,0,0,0,2.0,0,0,0,0,3,0,0,,1.0,39 57:38.006,2.0,0,75 08:53.983,0,0,0,0,67301,0,0,0,,0,0,0,4,67301,0,,2,1,,N,N,,0,,0,0,1,0,0,N,5,0,3,0,0,0,0,0,3,4,0,3,3,,N,,,,,,,,,,,
2007010321,1624.0,0,0,0,0,0,0,0,0,0,2,0,,67,11,2006,5,,,1618.0,6,0,0,0,0,0,0,0,0,2.0,0,0,0,16,3,0,0,,2.0,,6.0,0,,9,0,0,0,67301,0,0,0,N,0,0,0,2,67301,0,,1,9,,N,N,,0,,0,0,2,3,2,N,1600,0,2,0,0,0,0,2,3,3,0,2,7,,N,,,,,,,,,,,
2007056239,1136.0,2,0,0,0,0,0,0,0,0,4,0,,67,1,2006,5,39.9849,-75.1583,1135.0,6,0,0,0,0,1,1,0,0,,0,0,0,11,1,1,1,,0.0,39 59:05.816,,0,75 09:29.666,4,0,0,0,67301,0,0,0,N,0,0,0,4,67301,1,,1,9,,N,Y,,0,,0,0,0,2,2,,1135,1,2,0,0,0,0,0,3,4,0,2,7,,N,,,,,,,,,,,
2006079859,1227.0,2,0,0,0,0,0,0,0,0,4,0,,67,6,2006,1,39.9658,-75.2461,1226.0,6,0,0,0,0,0,1,0,0,,0,0,0,12,1,2,1,,0.0,39 57:56.929,,0,75 14:45.807,4,0,0,0,67301,0,0,0,N,0,0,0,3,67301,2,,1,9,,N,N,,0,,0,0,0,3,2,,1221,2,2,0,0,1,0,0,3,4,0,2,7,,N,,,,,,,,,,,
2007006818,1620.0,3,0,0,0,0,0,0,0,0,5,0,,67,12,2006,1,39.9766,-75.1197,1620.0,6,0,0,1,0,0,1,0,0,1.0,0,0,0,16,1,1,0,,2.0,39 58:37.000,2.0,0,75 07:09.916,4,0,0,0,67301,0,0,0,N,0,0,0,3,67301,1,,1,1,,N,N,,0,,0,0,0,0,0,Y,1620,1,3,0,0,1,0,0,3,4,0,3,3,,N,,,,,,,,,,,
2007009083,1425.0,2,0,0,0,0,0,0,0,0,2,0,,67,12,2006,2,39.9808,-75.1854,1418.0,6,0,0,0,1,0,0,0,0,,0,0,0,14,1,1,1,,0.0,39 58:50.937,,0,75 11:07.616,8,0,0,0,67301,0,0,0,N,0,0,0,3,67301,0,,1,1,,N,N,,0,,0,0,0,2,2,,1417,1,2,0,0,0,1,0,3,4,0,2,3,,N,,,,,,,,,,,
2007023116,203.0,2,0,0,0,0,0,0,0,0,6,0,,67,12,2006,1,40.0235,-75.1335,201.0,6,0,0,0,0,0,0,0,0,2.0,0,0,0,2,3,2,1,,2.0,40 01:24.000,1.0,0,75 07:59.561,3,0,0,0,67301,0,0,0,N,0,0,0,3,67301,1,,1,1,,N,N,,0,,1,0,0,3,2,Y,200,2,2,0,0,0,0,0,3,4,0,2,3,,N,,,,,,,,,,,
2007023222,1330.0,1,0,0,0,0,0,0,0,0,8,0,,67,12,2006,5,39.9537,-75.1579,1325.0,6,0,0,0,0,0,0,0,0,,0,0,0,99,8,2,1,,0.0,39 57:13.000,,0,75 09:28.377,8,0,0,0,67301,2,0,0,N,2,0,0,3,67301,0,,1,98,,N,N,,0,,0,0,0,0,0,,9999,2,3,0,0,0,2,0,3,4,0,1,99,,N,,,,,,,,,,,
2007020798,1255.0,1,0,0,0,0,0,1,0,0,4,1,,67,12,2006,4,39.9594,-75.2209,1246.0,6,0,0,0,0,0,1,0,0,,0,0,0,12,1,1,1,,0.0,39 57:34.356,,0,75 13:15.366,8,0,0,0,67301,0,0,0,N,0,0,0,3,67301,0,,1,1,,N,N,,0,,0,0,0,0,0,,1243,1,2,0,0,0,1,0,3,4,0,2,3,,N,,,,,,,,,,,
2007047587,1650.0,1,0,0,0,0,0,0,0,0,8,0,,67,3,2006,6,40.01,-75.1536,1645.0,6,0,0,0,0,0,1,0,0,,0,0,0,16,1,1,0,,0.0,40 00:36.115,,0,75 09:12.974,4,0,0,0,67301,1,0,0,N,1,0,0,2,67301,1,,1,6,,N,N,,0,,0,0,0,0,0,,1635,1,2,0,0,0,0,0,3,4,0,1,10,,N,,,,,,,,,,,