CRN,ARRIVAL_TM,AUTOMOBILE_COUNT,BELTED_DEATH_COUNT,BELTED_SUSP_SERIOUS_INJ_COUNT,BICYCLE_COUNT,BICYCLE_DEATH_COUNT,BICYCLE_SUSP_SERIOUS_INJ_COUNT,BUS_COUNT,CHLDPAS_DEATH_COUNT,CHLDPAS_SUSP_SERIOUS_INJ_COUNT,COLLISION_TYPE,COMM_VEH_COUNT,CONS_ZONE_SPD_LIM,COUNTY,CRASH_MONTH,CRASH_YEAR,DAY_OF_WEEK,DEC_LAT,DEC_LONG,DISPATCH_TM,DISTRICT,DRIVER_COUNT_16YR,DRIVER_COUNT_17YR,DRIVER_COUNT_18YR,DRIVER_COUNT_19YR,DRIVER_COUNT_20YR,DRIVER_COUNT_50_64YR,DRIVER_COUNT_65_74YR,DRIVER_COUNT_75PLUS,EST_HRS_CLOSED,FATAL_COUNT,HEAVY_TRUCK_COUNT,HORSE_BUGGY_COUNT,HOUR_OF_DAY,ILLUMINATION,INJURY_COUNT,INTERSECT_TYPE,INTERSECTION_RELATED,LANE_CLOSED,LATITUDE,LN_CLOSE_DIR,LOCATION_TYPE,LONGITUDE,MAX_SEVERITY_LEVEL,MCYCLE_DEATH_COUNT,MCYCLE_SUSP_SERIOUS_INJ_COUNT,MOTORCYCLE_COUNT,MUNICIPALITY,NONMOTR_COUNT,NONMOTR_DEATH_COUNT,NONMOTR_SUSP_SERIOUS_INJ_COUNT,NTFY_HIWY_MAINT,PED_COUNT,PED_DEATH_COUNT,PED_SUSP_SERIOUS_INJ_COUNT,PERSON_COUNT,POLICE_AGCY,POSSIBLE_INJ_COUNT,RDWY_SURF_TYPE_CD,RELATION_TO_ROAD,ROAD_CONDITION,ROADWAY_CLEARED,SCH_BUS_IND,SCH_ZONE_IND,SECONDARY_CRASH,SMALL_TRUCK_COUNT,SPEC_JURIS_CD,SUSP_MINOR_INJ_COUNT,SUSP_SERIOUS_INJ_COUNT,SUV_COUNT,TCD_FUNC_CD,TCD_TYPE,TFC_DETOUR_IND,TIME_OF_DAY,TOT_INJ_COUNT,TOTAL_UNITS,UNB_DEATH_COUNT,UNB_SUSP_SERIOUS_INJ_COUNT,UNBELTED_OCC_COUNT,UNK_INJ_DEG_COUNT,UNK_INJ_PER_COUNT,URBAN_AREA,URBAN_RURAL,VAN_COUNT,VEHICLE_COUNT,WEATHER1,WEATHER2,WORK_ZONE_IND,WORK_ZONE_LOC,WORK_ZONE_TYPE,WORKERS_PRES,WZ_CLOSE_DETOUR,WZ_FLAGGER,WZ_LAW_OFFCR_IND,WZ_LN_CLOSURE,WZ_MOVING,WZ_OTHER,WZ_SHLDER_MDN,WZ_WORKERS_INJ_KILLED
2007080829,1656.0,1,0,0,0,0,0,0,0,0,4,1,,67,6,2006,3,40.0569,-75.1494,1641.0,6,0,0,0,0,0,0,0,0,,0,1,0,15,1,2,2,,0.0,40 03:24.933,,0,75 08:57.807,8,0,0,0,67301,0,0,0,N,0,0,0,3,67301,0,,1,1,,N,N,,0,,0,0,0,0,0,,1535,2,2,0,0,0,2,1,3,4,0,2,3,,N,,,,,,,,,,,
2007010933,1200.0,2,0,0,0,0,0,0,0,0,1,0,,67,12,2006,3,,,1155.0,6,0,0,0,0,0,0,0,0,,0,0,0,11,1,1,0,,0.0,,,0,,4,0,0,0,67301,0,0,0,N,0,0,0,2,67301,1,,1,1,,N,N,,0,,0,0,0,0,0,,1155,1,2,0,0,0,0,0,3,3,0,2,3,,N,,,,,,,,,,,
2007010955,9999.0,2,0,0,0,0,0,0,0,0,4,0,,67,2,2006,7,39.9961,-75.1471,559.0,6,0,0,0,0,0,2,0,0,,0,0,0,5,3,0,1,,0.0,39 59:46.100,,0,75 08:49.451,0,0,0,0,67301,0,0,0,N,0,0,0,2,67301,0,,1,1,,N,N,,0,,0,0,0,9,2,,550,0,2,0,0,0,0,0,3,4,0,2,3,,N,,,,,,,,,,,
2007000718,1955.0,2,0,0,0,0,0,0,0,0,1,0,,67,10,2006,6,,,1950.0,6,0,0,1,1,0,0,0,0,,0,0,0,19,3,0,0,,0.0,,,0,,0,0,0,0,67301,0,0,0,,0,0,0,5,67501,0,,1,9,,,,,0,,0,0,0,0,0,,1950,0,2,0,0,0,0,0,3,3,0,2,7,,N,,,,,,,,,,,
2007008863,1928.0,2,0,0,0,0,0,0,0,0,5,0,,67,12,2006,6,40.0434,-75.0736,1922.0,6,0,0,0,0,0,0,0,0,,0,0,0,19,3,2,0,,0.0,40 02:35.000,,0,75 04:25.059,8,0,0,0,67301,0,0,0,N,0,0,0,4,67301,0,,1,1,,N,N,,1,,0,0,0,0,0,,1911,2,3,0,0,0,2,0,3,4,0,3,3,,N,,,,,,,,,,,
2007010418,205.0,1,0,0,0,0,0,1,0,0,5,1,,67,12,2006,1,40.0153,-75.2081,203.0,6,0,0,0,0,0,0,0,0,1.0,0,0,0,1,3,2,3,,2.0,40 00:55.000,2.0,0,75 12:30.141,4,0,0,0,67301,0,0,0,,0,0,0,6,67301,1,,1,1,,,,,0,,0,0,0,3,2,Y,150,2,2,0,0,0,1,0,3,4,0,2,3,,N,,,,,,,,,,,
2007007956,656.0,1,0,0,0,0,0,0,0,0,8,0,99.0,67,12,2006,2,39.9531,-75.1669,653.0,6,0,0,0,0,0,0,0,0,9.0,0,0,0,6,3,1,0,,1.0,39 57:11.149,2.0,0,75 10:00.678,8,0,0,0,67301,1,0,0,N,1,0,0,2,67301,0,,4,1,,N,N,,0,,0,0,0,0,0,N,652,1,2,0,0,0,1,0,3,4,0,1,3,,Y,8.0,8.0,U,,,U,,,,,
2007012054,2102.0,1,0,0,0,0,0,0,0,0,1,0,,67,11,2006,2,40.0277,-75.0613,2057.0,6,0,0,0,0,0,0,0,0,9.0,0,0,0,20,3,0,0,,2.0,40 01:39.000,2.0,0,75 03:40.811,0,0,0,0,67301,0,0,0,N,0,0,0,1,67301,0,,6,1,,,N,,1,,0,0,0,0,0,Y,2055,0,2,0,0,0,0,0,3,4,0,2,3,,N,,,,,,,,,,,
2007009799,150.0,1,0,0,0,0,0,0,0,0,7,0,,67,11,2006,6,39.9771,-75.1994,140.0,6,0,0,0,1,0,0,0,0,1.0,0,0,0,1,3,1,7,,1.0,39 58:38.640,3.0,2,75 12:02.520,4,0,0,0,67301,0,0,0,N,0,0,0,2,67301,1,,2,9,,N,N,,0,,0,0,0,0,0,N,140,1,1,0,0,1,0,0,3,4,0,1,3,,N,,,,,,,,,,,
2007009803,1055.0,1,0,0,0,0,0,0,0,0,5,0,,67,12,2006,3,,,1045.0,6,0,0,0,0,0,2,0,0,1.0,0,0,0,10,1,0,0,,1.0,,1.0,0,,0,0,0,0,67301,0,0,0,N,0,0,0,2,67301,0,,1,1,,N,N,,0,,0,0,0,0,0,N,1040,0,2,0,0,0,0,0,3,3,1,2,3,,N,,,,,,,,,,,
2007009824,1650.0,0,0,0,0,0,0,0,0,0,1,0,,67,12,2006,5,39.9592,-75.2434,1637.0,6,0,0,0,0,0,1,0,0,,0,0,0,16,1,1,1,,0.0,39 57:33.000,,0,75 14:36.119,8,0,0,0,67301,0,0,0,,0,0,0,2,67301,0,,1,1,,N,N,,1,,0,0,0,3,2,,1637,1,2,0,0,0,1,0,3,4,1,2,3,,N,,,,,,,,,,,
2007009839,1942.0,0,0,0,0,0,0,0,0,0,8,0,,67,11,2006,4,40.0023,-75.1338,1942.0,6,0,0,0,0,0,0,0,0,,0,0,0,19,3,1,1,,0.0,40 00:08.150,,0,75 08:01.561,4,0,0,0,67301,1,0,0,N,1,0,0,2,67301,1,,1,1,,N,N,,0,,0,0,1,3,3,,1937,1,2,0,0,1,0,0,3,4,0,1,3,,N,,,,,,,,,,,
2007007418,320.0,1,0,0,0,0,0,0,0,0,7,0,,67,11,2006,5,39.9057,-75.1939,316.0,6,0,0,0,0,0,0,0,0,,0,0,0,99,3,1,1,,0.0,39 54:20.000,,0,75 11:37.765,8,0,0,0,67301,0,0,0,N,0,0,0,1,67301,0,,1,1,,N,N,,0,,0,0,0,9,2,,9999,1,1,0,0,0,1,0,3,4,0,1,3,,N,,,,,,,,,,,
2007010233,1140.0,1,0,0,0,0,0,0,0,0,1,0,,67,11,2006,5,40.0422,-75.1439,1135.0,6,0,0,0,0,0,1,1,0,,0,0,0,11,1,1,0,,0.0,40 02:32.000,,0,75 08:38.253,8,0,0,0,67301,0,0,0,N,0,0,0,5,67301,0,,1,1,,N,N,,0,,0,0,2,3,2,,1120,1,4,0,0,0,1,0,3,4,1,4,3,,N,,,,,,,,,,,
2007007700,126.0,1,0,0,0,0,0,0,0,0,8,0,,67,11,2006,1,40.0262,-75.2254,126.0,6,0,0,0,0,0,0,0,0,,0,0,0,1,3,1,0,,0.0,40 01:34.284,,0,75 13:31.476,4,0,0,0,67301,1,0,0,N,1,0,0,2,67301,1,,1,1,,N,N,,0,,0,0,0,0,0,,120,1,2,0,0,0,0,0,3,4,0,1,3,,N,,,,,,,,,,,
2007022844,1640.0,2,0,0,0,0,0,0,0,0,4,0,,67,12,2006,5,39.9568,-75.1744,1640.0,6,0,0,0,0,0,0,0,0,,0,0,0,16,1,1,1,,0.0,39 57:24.307,,0,75 10:27.847,4,0,0,0,67301,0,0,0,N,0,0,0,2,67301,1,,1,1,,N,N,,0,,0,0,0,3,3,,1635,1,2,0,0,0,0,0,3,4,0,2,3,,N,,,,,,,,,,,
2008046753,1802.0,1,0,0,0,0,0,0,0,0,1,0,,67,3,2006,4,40.0235,-75.0334,1741.0,6,0,0,0,0,0,0,0,0,1.0,0,0,0,17,4,1,0,,1.0,40 01:24.660,1.0,0,75 01:59.780,4,0,0,0,67301,0,0,0,N,0,0,0,2,68K01,1,,1,1,,N,N,,1,,0,0,0,0,0,Y,1739,1,2,0,0,0,0,0,3,4,0,2,3,,N,,,,,,,,,,,
2006036632,1730.0,1,0,0,1,0,0,0,0,0,5,0,,67,1,2006,3,,,1709.0,6,0,0,0,0,0,0,0,0,,0,0,0,15,1,1,1,,0.0,,,0,,3,0,0,0,67301,1,0,0,,0,0,0,2,67301,0,,1,1,,N,N,,0,,1,0,0,0,0,,1515,1,2,0,0,0,0,1,3,3,0,1,3,,N,,,,,,,,,,,
2006024152,1435.0,2,0,0,0,0,0,0,0,0,6,0,,67,1,2006,1,,,1429.0,6,0,0,0,0,0,1,0,0,,0,0,0,14,1,2,2,,0.0,,,0,,8,0,0,0,67301,0,0,0,N,0,0,0,4,67301,0,,1,1,,N,N,,0,,0,0,0,9,3,,1425,2,3,0,0,0,2,2,3,3,1,3,3,,N,,,,,,,,,,,
2006024174,9999.0,1,0,0,0,0,0,0,0,0,7,0,,67,1,2006,7,40.0189,-75.0726,1240.0,6,0,0,0,0,0,0,0,0,2.0,0,0,0,12,1,2,2,,1.0,40 01:07.000,6.0,0,75 04:22.000,2,0,0,0,67301,0,0,0,N,0,0,0,2,67301,0,,2,9,,N,N,,0,,0,1,0,0,0,Y,1230,2,1,0,0,0,1,0,3,4,0,1,7,,N,,,,,,,,,,,
2006024233,1655.0,1,0,0,0,0,0,0,0,0,8,0,,67,1,2006,6,,,1647.0,6,0,0,0,0,0,0,0,0,,0,0,0,13,1,1,1,,0.0,,,0,,4,0,0,0,67301,1,0,0,N,1,0,0,2,67301,1,,1,98,,N,N,,0,,0,0,0,9,3,,1330,1,2,0,0,0,0,0,3,3,0,1,99,,N,,,,,,,,,,,
2006103128,412.0,1,0,0,0,0,0,0,0,0,1,0,,67,8,2006,1,,,412.0,6,0,0,0,0,0,0,0,0,,0,0,0,4,3,2,1,,0.0,,,0,,3,0,0,0,67301,0,0,0,N,0,0,0,3,67301,0,,1,1,,N,N,,0,,2,0,2,9,3,,412,2,3,0,0,0,0,1,3,3,0,3,3,,N,,,,,,,,,,,
2006103220,1858.0,3,0,0,0,0,0,0,0,0,4,0,,67,8,2006,1,40.0811,-75.0289,1849.0,6,0,0,0,0,0,1,0,1,2.0,0,0,0,18,1,1,1,,1.0,40 04:51.000,2.0,0,75 01:43.681,4,0,0,0,67301,0,0,0,N,0,0,0,4,67301,1,,1,9,,N,N,,0,,0,0,0,3,2,Y,1845,1,3,0,0,0,0,0,3,4,0,3,3,,N,,,,,,,,,,,
2006102797,257.0,6,0,0,0,0,0,0,0,0,5,0,,67,9,2006,7,,,255.0,6,0,0,0,0,1,0,0,0,,0,0,0,2,6,2,2,,0.0,,,0,,4,0,0,0,67301,1,0,0,N,1,0,0,2,67301,2,,1,1,,N,N,,0,,0,0,0,0,0,,253,2,7,0,0,1,0,0,3,3,0,6,3,,N,,,,,,,,,,,
2006037739,1750.0,2,0,0,0,0,0,0,0,0,2,0,,67,2,2006,6,39.9331,-75.2386,1745.0,6,0,0,0,0,0,0,0,0,,0,0,0,17,3,3,0,,0.0,39 55:59.000,,0,75 14:19.211,8,0,0,0,67301,0,0,0,N,0,0,0,3,67301,0,,1,1,,N,N,,0,,0,0,0,0,0,,1725,3,2,0,0,0,3,0,3,4,0,2,3,,N,,,,,,,,,,,
2006081727,1946.0,0,0,0,0,0,0,0,0,0,8,0,,67,6,2006,3,39.9187,-75.1748,1941.0,6,0,0,0,0,0,1,0,0,,0,0,0,19,4,1,1,,0.0,39 55:07.186,,0,75 10:29.344,4,0,0,0,67301,1,0,0,N,1,0,0,2,67301,1,,1,1,,N,N,,1,,0,0,0,0,0,,1937,1,2,0,0,0,0,0,3,4,0,1,3,,N,,,,,,,,,,,
2006082022,1847.0,1,0,0,1,0,0,0,0,0,4,0,,67,7,2006,2,40.0077,-75.0761,1844.0,6,0,0,0,0,0,1,0,0,,0,0,0,18,1,1,1,,0.0,40 00:27.000,,0,75 04:33.600,4,0,0,0,67301,1,0,0,N,0,0,0,2,67301,1,,1,1,,N,N,,0,,0,0,0,3,2,,1841,1,2,0,0,0,0,0,3,4,0,1,3,,N,,,,,,,,,,,
2006079636,1215.0,1,0,0,0,0,0,0,0,0,1,0,,67,6,2006,7,40.0468,-75.1375,1208.0,6,0,0,0,0,0,0,0,1,,0,0,0,12,1,1,2,,0.0,40 02:48.000,,0,75 08:15.190,8,0,0,0,67301,0,0,0,N,0,0,0,4,67301,0,,1,1,,N,N,,0,,0,0,1,3,2,,1200,1,2,0,0,0,1,0,3,4,0,2,3,,N,,,,,,,,,,,
2006079890,1415.0,2,0,0,0,0,0,0,0,0,1,0,,67,7,2006,6,,,1410.0,6,0,1,0,0,0,0,0,0,,0,0,0,14,1,3,0,,0.0,,,0,,4,0,0,0,67301,0,0,0,N,0,0,0,4,67301,3,,1,1,,N,N,,0,,0,0,0,0,0,,1405,3,2,0,0,0,0,0,3,3,0,2,3,,N,,,,,,,,,,,
2006079914,830.0,2,0,0,0,0,0,0,0,0,4,0,,67,5,2006,4,39.9832,-75.1449,815.0,6,0,0,0,0,0,0,0,0,,0,0,0,13,1,2,1,,0.0,39 58:59.469,,0,75 08:41.816,3,0,0,0,67301,0,0,0,,0,0,0,2,67301,0,,1,98,,,,,0,,1,0,0,3,3,,1300,2,2,0,0,0,1,0,3,4,0,2,99,,N,,,,,,,,,,,
2006079943,1250.0,1,0,0,0,0,0,0,0,0,4,0,,67,6,2006,6,,,1250.0,6,0,0,0,0,0,1,0,0,,0,0,0,12,1,1,2,,0.0,,,0,,4,0,0,0,67301,0,0,0,,0,0,0,2,67301,1,,1,1,,,,,1,,0,0,0,2,3,,1240,1,2,0,0,0,0,0,3,3,0,2,3,,N,,,,,,,,,,,
2006079831,1636.0,1,0,0,0,0,0,0,0,0,8,0,,67,6,2006,1,39.9513,-75.1551,1635.0,6,0,0,0,0,0,0,0,0,,0,0,0,16,1,1,1,,0.0,39 57:04.000,,0,75 09:18.271,8,0,0,0,67301,1,0,0,N,1,0,0,2,67301,0,,1,1,,N,N,,0,,0,0,0,3,2,,1635,1,2,0,0,0,1,1,3,4,0,1,3,,N,,,,,,,,,,,
2006079875,635.0,1,0,0,0,0,0,0,0,0,7,0,,67,6,2006,7,39.9383,-75.1987,632.0,6,0,0,0,0,0,0,0,0,,0,0,0,6,5,1,3,,0.0,39 56:17.000,,2,75 11:55.311,3,0,0,0,67301,0,0,0,N,0,0,0,1,67301,0,,4,1,,N,N,,0,,1,0,0,0,0,,630,1,1,0,0,0,0,0,3,4,0,1,3,,N,,,,,,,,,,,
2007054579,1733.0,1,0,0,0,0,0,0,0,0,8,0,,67,12,2006,6,40.0348,-75.2166,1730.0,6,0,0,0,0,0,1,0,0,,0,0,0,17,3,1,0,,0.0,40 02:05.257,,0,75 12:59.730,4,0,0,0,67301,1,0,0,N,1,0,0,2,67301,1,,1,9,,N,N,,0,,0,0,0,0,0,,1724,1,2,0,0,0,0,0,3,4,0,1,7,,N,,,,,,,,,,,
2007006822,2010.0,1,0,0,0,0,0,0,0,0,7,0,,67,11,2006,4,40.0312,-75.0852,2003.0,6,0,0,0,0,0,1,0,0,,0,0,0,20,3,1,2,,0.0,40 01:52.000,,0,75 05:06.941,8,0,0,0,67301,0,0,0,N,0,0,0,1,67301,0,,5,1,,N,N,,0,,0,0,0,3,2,,2000,1,1,0,0,0,1,0,3,4,0,1,3,,N,,,,,,,,,,,
2007023144,1812.0,1,0,0,0,0,0,0,0,0,1,0,,67,12,2006,7,40.0069,-75.1275,808.0,6,0,0,0,0,0,0,0,0,,0,0,0,8,1,1,0,,0.0,40 00:24.900,,0,75 07:39.000,4,0,0,0,67301,0,0,0,N,0,0,0,2,67301,1,,1,9,,N,N,,0,,0,0,1,0,0,,806,1,2,0,0,0,0,0,3,4,0,2,3,,N,,,,,,,,,,,
2007034438,,1,0,0,0,0,0,0,0,0,1,0,,67,3,2006,6,39.9533,-75.1838,,6,0,0,1,0,0,0,0,0,,0,0,0,18,1,0,1,,0.0,39 57:12.000,,0,75 11:01.526,0,0,0,0,67301,0,0,0,N,0,0,0,3,,0,,1,1,,N,N,,0,,0,0,1,0,0,,1800,0,2,0,0,1,0,0,3,4,0,2,3,,N,,,,,,,,,,,
2007008412,1225.0,3,0,0,0,0,0,0,0,0,1,0,,67,12,2006,7,39.9428,-75.1932,1217.0,6,0,0,0,0,0,2,0,0,,0,0,0,12,1,1,0,,0.0,39 56:41.000,,0,75 11:28.181,4,0,0,0,67301,0,0,0,N,0,0,0,3,67301,1,,1,1,,N,N,,0,,0,0,0,0,0,,1217,1,3,0,0,0,0,0,3,4,0,3,3,,N,,,,,,,,,,,
2007010934,2130.0,3,0,0,0,0,0,0,0,0,4,0,,67,11,2006,5,39.9202,-75.2133,2125.0,6,0,0,0,0,0,0,0,0,,0,0,0,20,3,3,0,,0.0,39 55:12.600,,0,75 12:47.700,3,0,0,0,67301,0,0,0,N,0,0,0,3,67301,1,,1,9,,N,N,,0,,2,0,0,0,0,,2030,3,3,0,0,0,0,0,3,4,0,3,7,,N,,,,,,,,,,,
2007008455,2210.0,2,0,0,0,0,0,0,0,0,1,0,,67,11,2006,3,,,2205.0,6,0,0,0,0,0,0,0,0,,0,0,0,22,3,1,0,,0.0,,,0,,4,0,0,0,67301,0,0,0,N,0,0,0,3,67301,1,,1,9,,N,N,,0,,0,0,0,0,0,,2200,1,2,0,0,0,0,1,3,3,0,2,7,,N,,,,,,,,,,,
2007008462,1305.0,2,0,0,0,0,0,0,0,0,4,0,,67,12,2006,6,40.019,-75.0496,1302.0,6,0,0,0,0,0,0,0,0,1.0,0,0,0,12,1,1,1,,1.0,40 01:08.000,3.0,0,75 02:58.401,4,0,0,0,67301,0,0,0,N,0,0,0,3,67301,1,,1,1,,N,N,,0,,0,0,0,3,3,Y,1256,1,2,0,0,1,0,0,3,4,0,2,3,,N,,,,,,,,,,,
2007000612,1825.0,3,0,0,0,0,0,0,0,0,1,0,,67,10,2006,6,39.9155,-75.1901,1823.0,6,0,0,0,1,1,0,0,0,1.0,0,0,0,18,3,0,0,,1.0,39 54:42.302,3.0,0,75 10:03.575,0,0,0,0,67301,0,0,0,N,0,0,0,10,67501,0,,1,9,,N,N,,0,,0,0,0,0,0,N,1820,0,3,0,0,2,0,0,3,4,0,3,7,,N,,,,,,,,,,,
2007026826,1033.0,1,0,0,0,0,0,0,0,0,4,0,,67,12,2006,7,39.9112,-75.1526,1030.0,6,0,0,0,0,0,0,1,0,,0,0,0,10,1,1,0,,0.0,39 54:40.000,,2,75 08:58.865,8,0,0,0,67301,0,0,0,N,0,0,0,7,67501,0,,1,1,,N,N,,0,,0,0,1,3,2,,1030,1,3,0,0,0,1,0,3,4,1,3,3,,N,,,,,,,,,,,
2007000790,520.0,1,0,0,0,0,0,0,0,0,7,0,,67,11,2006,4,,,510.0,6,0,0,0,0,0,1,0,0,,0,0,0,5,8,0,0,,0.0,,,0,,0,0,0,0,67301,0,0,0,,0,0,0,1,67501,0,,7,9,,N,N,,0,,0,0,0,0,0,,510,0,1,0,0,0,0,0,3,3,0,1,7,,N,,,,,,,,,,,
2007021533,1957.0,1,0,0,0,0,0,0,0,0,8,0,,67,12,2006,4,39.94,-75.2138,1950.0,6,0,0,0,0,0,1,0,0,,0,0,0,19,3,1,1,,0.0,39 56:23.917,,0,75 12:49.859,8,0,0,0,67301,1,0,0,,1,0,0,2,67301,0,,1,1,,N,N,,0,,0,0,0,3,2,,1943,1,2,0,0,0,1,0,3,4,0,1,3,,N,,,,,,,,,,,
2007021548,1250.0,1,0,0,0,0,0,0,0,0,8,0,,67,12,2006,6,39.9498,-75.2216,1246.0,6,0,0,0,0,0,0,0,0,,0,0,0,12,1,1,0,,0.0,39 56:59.229,,0,75 13:17.583,2,0,0,0,67301,1,0,1,N,1,0,1,2,67301,0,,1,1,,N,N,,0,,0,1,0,0,0,,1246,1,2,0,0,1,0,0,3,4,0,1,3,,N,,,,,,,,,,,
2007010412,1720.0,1,0,0,0,0,0,0,0,0,1,0,,67,11,2006,4,40.0449,-75.193,1713.0,6,0,0,0,0,0,0,0,0,2.0,0,0,0,16,3,3,0,,1.0,40 02:41.000,1.0,0,75 11:34.713,8,0,0,0,67301,0,0,0,N,0,0,0,7,67301,0,,1,9,,N,N,,1,,0,0,1,0,0,N,1630,3,3,0,0,0,3,0,3,4,0,3,7,,N,,,,,,,,,,,
2007010537,9999.0,2,0,0,0,0,0,0,0,0,4,0,,67,12,2006,4,40.081,-75.2027,1009.0,6,0,0,0,0,0,1,0,1,,0,0,0,10,1,2,1,,0.0,40 04:51.000,,0,75 12:09.683,3,0,0,0,67301,0,0,0,N,0,0,0,3,67301,1,,1,1,,N,N,,0,,1,0,0,3,2,,1005,2,2,0,0,0,0,0,3,4,0,2,3,,N,,,,,,,,,,,
2007007102,2348.0,1,0,0,0,0,0,0,0,0,4,0,,67,11,2006,4,39.9451,-75.1685,2345.0,6,0,0,0,0,1,0,0,0,,0,0,0,23,3,1,1,,0.0,39 56:42.255,,0,75 10:06.725,3,0,0,0,67301,0,0,0,N,0,0,0,2,67301,0,,1,1,,N,N,,1,,1,0,0,3,2,,2325,1,2,0,0,0,0,0,3,4,0,2,3,,N,,,,,,,,,,,
2007007134,116.0,3,0,0,0,0,0,0,0,0,3,0,,67,12,2006,1,39.9474,-75.2204,113.0,6,0,0,0,0,0,0,0,0,,0,0,0,1,3,1,2,,0.0,39 56:50.773,,0,75 13:13.519,3,0,0,0,67301,0,0,0,N,0,0,0,2,67301,0,,1,1,,N,N,,0,,1,0,1,9,3,,113,1,4,0,0,0,0,1,3,4,0,4,3,,N,,,,,,,,,,,
2007009776,220.0,1,0,0,0,0,0,0,0,0,7,0,,67,11,2006,1,39.9746,-75.1943,213.0,6,0,0,0,0,0,0,0,0,2.0,0,0,0,2,3,1,0,,2.0,39 58:32.000,3.0,0,75 11:41.616,8,0,0,0,67301,0,0,0,N,0,0,0,1,67301,0,,2,1,,N,N,,0,,0,0,0,0,0,N,210,1,1,0,0,1,1,0,3,4,0,1,3,,N,,,,,,,,,,,
2007009812,1600.0,2,0,0,0,0,0,0,0,0,4,0,,67,11,2006,2,40.064,-75.0596,1553.0,6,0,0,0,0,0,1,0,0,,0,0,0,15,1,1,1,,0.0,40 03:50.000,,0,75 03:34.680,4,0,0,0,67301,0,0,0,N,0,0,0,3,67301,1,,1,9,,N,N,,0,,0,0,0,3,3,,1538,1,2,0,0,0,0,0,3,4,0,2,7,,N,,,,,,,,,,,
2007004828,9999.0,4,0,0,0,0,0,0,0,0,1,0,,67,11,2006,5,40.0571,-75.129,811.0,6,0,0,0,0,0,0,0,0,2.0,0,0,0,8,1,2,1,,1.0,40 03:25.000,4.0,0,75 07:44.035,8,0,0,0,67301,0,0,0,N,0,0,0,4,46102,0,,1,1,,N,N,,0,,0,0,0,3,2,N,811,2,4,0,0,0,2,0,3,4,0,4,3,,N,,,,,,,,,,,
2007007686,1909.0,1,0,0,0,0,0,0,0,0,8,0,,67,11,2006,5,39.9716,-75.2161,1907.0,6,0,0,0,0,0,0,0,0,,0,0,0,19,3,1,2,,0.0,39 58:17.000,,0,75 12:58.312,4,0,0,0,67301,1,0,0,N,1,0,0,2,67301,1,,2,9,,N,N,,0,,0,0,0,0,0,,1904,1,2,0,0,0,0,0,3,4,0,1,7,,N,,,,,,,,,,,
2007023243,1810.0,2,0,0,0,0,0,0,0,0,4,0,,67,12,2006,6,40.0146,-75.1567,1810.0,6,0,0,0,0,0,1,0,0,2.0,0,0,0,99,3,2,1,,1.0,40 00:52.000,6.0,0,75 09:24.063,8,0,0,0,67301,0,0,0,N,0,0,0,2,67301,0,,1,1,,N,N,,0,,0,0,0,3,2,N,9999,2,2,0,0,0,2,0,3,4,0,2,3,,N,,,,,,,,,,,
2007038681,,1,0,0,0,0,0,0,0,0,1,0,,67,5,2006,3,,,,6,0,0,0,0,0,0,1,0,,0,0,0,15,1,2,0,,0.0,,,0,,4,0,0,0,67301,0,0,0,,0,0,0,6,,2,,1,1,,,,,0,,0,0,0,0,0,,1545,2,2,0,0,1,0,0,3,3,1,2,3,,N,,,,,,,,,,,
2007007116,610.0,2,0,0,0,0,0,0,0,0,4,0,,67,11,2006,2,40.0337,-75.0468,608.0,6,0,0,0,0,0,0,0,0,1.0,0,0,0,6,5,0,0,,2.0,40 02:01.389,1.0,7,75 02:48.432,0,0,0,0,67301,0,0,0,N,0,0,0,2,67301,0,,1,1,,N,N,,0,,0,0,0,0,0,Y,608,0,2,0,0,0,0,0,3,4,0,2,3,,N,,,,,,,,,,,
2007006791,1115.0,1,0,0,0,0,0,0,0,0,5,0,,67,11,2006,4,39.9548,-75.1834,1111.0,6,0,0,0,0,0,0,1,0,,0,0,0,11,1,1,1,,0.0,39 57:17.000,,0,75 11:00.267,3,0,0,0,67301,0,0,0,N,0,0,0,2,67301,0,,1,1,,N,N,,1,,1,0,0,3,2,,1110,1,2,0,0,0,0,0,3,4,0,2,3,,N,,,,,,,,,,,
2007022232,1440.0,2,0,0,0,0,0,0,0,0,9,0,,67,12,2006,1,40.0013,-75.2153,1437.0,6,0,0,0,0,0,0,0,0,,0,0,0,14,1,1,1,,0.0,40 00:04.629,,0,75 12:55.137,8,0,0,0,67301,0,0,0,N,0,0,0,5,67301,0,,1,1,,N,N,,0,,0,0,0,3,2,,1437,1,2,0,0,0,1,0,3,4,0,2,3,,N,,,,,,,,,,,
2007030112,1305.0,1,0,0,0,0,0,0,0,0,4,0,,67,12,2006,6,39.9598,-75.1637,1302.0,6,0,0,0,0,0,0,0,0,,0,0,0,13,1,2,1,,0.0,39 57:35.366,,0,75 09:49.409,8,0,0,0,67301,0,0,0,N,0,0,0,3,67301,0,,1,1,,N,N,,0,,0,0,1,3,3,,1300,2,2,0,0,0,2,0,3,4,0,2,3,,N,,,,,,,,,,,