CRN,ARRIVAL_TM,AUTOMOBILE_COUNT,BELTED_DEATH_COUNT,BELTED_SUSP_SERIOUS_INJ_COUNT,BICYCLE_COUNT,BICYCLE_DEATH_COUNT,BICYCLE_SUSP_SERIOUS_INJ_COUNT,BUS_COUNT,CHLDPAS_DEATH_COUNT,CHLDPAS_SUSP_SERIOUS_INJ_COUNT,COLLISION_TYPE,COMM_VEH_COUNT,CONS_ZONE_SPD_LIM,COUNTY,CRASH_MONTH,CRASH_YEAR,DAY_OF_WEEK,DEC_LAT,DEC_LONG,DISPATCH_TM,DISTRICT,DRIVER_COUNT_16YR,DRIVER_COUNT_17YR,DRIVER_COUNT_18YR,DRIVER_COUNT_19YR,DRIVER_COUNT_20YR,DRIVER_COUNT_50_64YR,DRIVER_COUNT_65_74YR,DRIVER_COUNT_75PLUS,EST_HRS_CLOSED,FATAL_COUNT,HEAVY_TRUCK_COUNT,HORSE_BUGGY_COUNT,HOUR_OF_DAY,ILLUMINATION,INJURY_COUNT,INTERSECT_TYPE,INTERSECTION_RELATED,LANE_CLOSED,LATITUDE,LN_CLOSE_DIR,LOCATION_TYPE,LONGITUDE,MAX_SEVERITY_LEVEL,MCYCLE_DEATH_COUNT,MCYCLE_SUSP_SERIOUS_INJ_COUNT,MOTORCYCLE_COUNT,MUNICIPALITY,NONMOTR_COUNT,NONMOTR_DEATH_COUNT,NONMOTR_SUSP_SERIOUS_INJ_COUNT,NTFY_HIWY_MAINT,PED_COUNT,PED_DEATH_COUNT,PED_SUSP_SERIOUS_INJ_COUNT,PERSON_COUNT,POLICE_AGCY,POSSIBLE_INJ_COUNT,RDWY_SURF_TYPE_CD,RELATION_TO_ROAD,ROAD_CONDITION,ROADWAY_CLEARED,SCH_BUS_IND,SCH_ZONE_IND,SECONDARY_CRASH,SMALL_TRUCK_COUNT,SPEC_JURIS_CD,SUSP_MINOR_INJ_COUNT,SUSP_SERIOUS_INJ_COUNT,SUV_COUNT,TCD_FUNC_CD,TCD_TYPE,TFC_DETOUR_IND,TIME_OF_DAY,TOT_INJ_COUNT,TOTAL_UNITS,UNB_DEATH_COUNT,UNB_SUSP_SERIOUS_INJ_COUNT,UNBELTED_OCC_COUNT,UNK_INJ_DEG_COUNT,UNK_INJ_PER_COUNT,URBAN_AREA,URBAN_RURAL,VAN_COUNT,VEHICLE_COUNT,WEATHER1,WEATHER2,WORK_ZONE_IND,WORK_ZONE_LOC,WORK_ZONE_TYPE,WORKERS_PRES,WZ_CLOSE_DETOUR,WZ_FLAGGER,WZ_LAW_OFFCR_IND,WZ_LN_CLOSURE,WZ_MOVING,WZ_OTHER,WZ_SHLDER_MDN,WZ_WORKERS_INJ_KILLED
2007022996,1519.0,2,0,0,0,0,0,0,0,0,1,0,,67,12,2006,1,40.0152,-75.1771,1507.0,6,0,0,0,0,0,0,0,0,,0,0,0,15,1,1,3,,0.0,40 00:53.000,,2,75 10:39.870,4,0,0,0,67301,0,0,0,N,0,0,0,4,67301,1,,1,1,,N,N,,0,,0,0,0,0,0,,1507,1,2,0,0,0,0,1,3,4,0,2,3,,N,,,,,,,,,,,
2006041281,1103.0,2,0,0,0,0,0,0,0,0,1,0,,67,3,2006,4,39.9897,-75.2508,1103.0,6,0,0,0,0,0,0,0,0,,0,0,0,11,1,1,2,,0.0,39 59:23.000,,0,75 15:03.086,4,0,0,0,67301,0,0,0,N,0,0,0,2,46104,1,,1,1,,N,N,,0,,0,0,0,3,2,,1101,1,2,0,0,0,0,0,3,4,0,2,3,,N,,,,,,,,,,,
2006082012,2201.0,1,0,0,0,0,0,0,0,0,4,0,,67,1,2006,3,40.0136,-75.0685,2201.0,6,0,0,0,1,0,0,0,0,,0,0,0,21,3,0,1,,0.0,40 00:48.000,,0,75 04:06.763,9,0,0,0,67301,0,0,0,N,0,0,0,4,67301,0,,1,1,,N,N,,1,,0,0,0,3,2,,2129,0,2,0,0,2,0,1,3,4,0,2,3,,N,,,,,,,,,,,
2006082014,510.0,1,0,0,0,0,0,0,0,0,7,0,,67,5,2006,5,39.979,-75.2168,500.0,6,0,0,0,0,0,0,0,0,,0,0,0,99,3,1,0,,0.0,39 58:44.400,,0,75 13:00.120,3,0,0,0,67301,0,0,0,N,0,0,0,1,67301,0,,3,1,,N,N,,0,,1,0,0,0,0,,9999,1,1,0,0,0,0,0,3,4,0,1,3,,N,,,,,,,,,,,
2006082069,9999.0,3,0,0,0,0,0,0,0,0,1,0,,67,7,2006,2,39.9608,-75.1368,9999.0,6,0,0,0,0,1,0,0,0,,0,0,0,99,3,2,0,,0.0,39 57:38.954,,0,75 08:12.563,3,0,0,0,67301,0,0,0,,0,0,0,5,67301,1,,1,1,,,,,0,,1,0,0,0,0,,9999,2,3,0,0,0,0,0,3,4,0,3,3,,N,,,,,,,,,,,
2006079761,2237.0,0,0,0,0,0,0,0,0,0,7,0,,67,7,2006,7,39.9007,-75.1542,2232.0,6,0,0,0,0,0,0,0,0,2.0,0,0,0,22,3,1,0,,1.0,39 54:02.000,1.0,0,75 09:13.396,3,0,0,1,67301,0,0,0,Y,0,0,0,1,67301,0,,2,1,,N,N,,0,,1,0,0,0,0,N,2230,1,1,0,0,0,0,0,3,4,0,1,3,,N,,,,,,,,,,,
2006079912,1230.0,1,0,0,0,0,0,0,0,0,1,0,,67,7,2006,6,,,1225.0,6,0,0,0,0,0,1,0,0,,0,0,0,12,1,1,0,,0.0,,,0,,4,0,0,0,67301,0,0,0,N,0,0,0,2,67301,1,,1,9,,N,N,,0,,0,0,0,0,0,,1225,1,2,0,0,0,0,0,3,3,0,2,3,,N,,,,,,,,,,,
2006084887,1600.0,0,0,0,0,0,0,0,0,0,1,0,,67,6,2006,2,39.9665,-75.1603,1557.0,6,0,0,0,0,0,0,0,0,,0,0,0,99,1,4,0,,0.0,39 57:59.760,,0,75 09:37.080,3,0,0,0,67301,0,0,0,N,0,0,0,5,67301,3,,1,1,,N,N,,1,,1,0,1,3,2,,9999,4,2,0,0,0,0,1,3,4,0,2,3,,N,,,,,,,,,,,
2006079791,923.0,3,0,0,0,0,0,0,0,0,1,1,,67,5,2006,2,39.8905,-75.2207,920.0,6,0,0,0,0,0,1,0,0,2.0,0,1,0,9,1,3,7,,2.0,39 53:22.000,2.0,2,75 13:08.519,4,0,0,0,67301,0,0,0,Y,0,0,0,4,67301,2,,1,1,,N,N,,0,,0,0,0,0,0,N,919,3,4,0,0,0,1,0,3,4,0,4,3,,N,,,,,,,,,,,
2006082532,1200.0,0,0,0,0,0,0,0,0,0,8,0,,67,7,2006,4,,,1200.0,6,0,0,0,0,0,1,0,0,2.0,0,0,0,11,1,1,1,,1.0,,3.0,0,,3,0,0,0,67301,1,0,0,N,1,0,0,2,67301,0,,1,1,,N,N,,0,,1,0,1,3,2,Y,1157,1,2,0,0,0,0,0,3,3,0,1,3,,N,,,,,,,,,,,
2006079816,1835.0,0,0,0,0,0,0,1,0,0,8,1,,67,7,2006,4,39.9943,-75.1577,1829.0,6,0,0,0,0,0,0,0,0,,0,0,0,15,1,1,1,,0.0,39 59:39.000,,0,75 09:28.113,4,0,0,0,67301,1,0,0,N,1,0,0,2,67301,1,,1,1,,N,N,,0,,0,0,0,9,2,,1500,1,2,0,0,0,0,0,3,4,0,1,3,,N,,,,,,,,,,,
2006079829,2351.0,2,0,0,0,0,0,0,0,0,4,0,,67,6,2006,1,40.0713,-75.1545,2350.0,6,0,0,0,2,0,0,0,0,,0,0,0,23,3,1,5,,0.0,40 04:16.695,,0,75 09:16.031,4,0,0,0,67301,0,0,0,N,0,0,0,3,67301,1,,1,1,,N,N,,0,,0,0,0,3,2,,2345,1,2,0,0,0,0,0,3,4,0,2,3,,N,,,,,,,,,,,
2006079850,635.0,1,0,0,0,0,0,0,0,0,4,1,,67,7,2006,2,39.9568,-75.1556,627.0,6,0,0,0,0,0,1,0,0,,0,1,0,6,1,0,1,,0.0,39 57:24.000,,0,75 09:19.902,0,0,0,0,67301,0,0,0,N,0,0,0,2,67301,0,,1,1,,N,N,,0,,0,0,0,3,2,,625,0,2,0,0,0,0,0,3,4,0,2,3,,N,,,,,,,,,,,
2006023730,1410.0,2,0,0,0,0,0,0,0,0,1,0,,67,1,2006,3,39.9265,-75.1693,1400.0,6,0,0,0,0,0,0,1,0,1.0,0,0,0,14,1,1,0,,1.0,39 55:35.000,2.0,0,75 10:09.546,8,0,0,0,67301,0,0,0,,0,0,0,3,67301,0,,1,9,,N,N,,0,,0,0,0,0,0,Y,1450,1,2,0,0,0,1,0,3,4,0,2,7,,N,,,,,,,,,,,
2006021096,1349.0,2,0,0,0,0,0,0,0,0,1,0,,67,1,2006,3,,,1341.0,6,0,0,0,0,0,1,0,0,,0,0,0,13,1,3,2,,0.0,,,0,,8,0,0,0,67301,0,0,0,N,0,0,0,3,67301,0,,1,1,,N,N,,0,,0,0,0,3,2,,1330,3,2,0,0,0,3,0,3,3,0,2,3,,N,,,,,,,,,,,
2006018656,402.0,2,0,0,0,0,0,0,0,0,6,0,,67,1,2006,1,40.0339,-75.0743,401.0,6,0,0,0,0,1,0,0,0,,0,0,0,4,3,1,2,,0.0,40 02:01.000,,0,75 04:27.369,8,0,0,0,67301,0,0,0,N,0,0,0,3,67301,0,,1,1,,N,N,,0,,0,0,0,3,2,,401,1,2,0,0,0,1,2,3,4,0,2,3,,N,,,,,,,,,,,
2007006817,1340.0,1,0,0,1,0,0,0,0,0,8,0,,67,12,2006,1,39.972,-75.1496,1330.0,6,0,0,0,0,0,0,0,0,,0,0,0,99,1,1,1,,0.0,39 58:19.167,,0,75 08:58.689,4,0,0,0,67301,1,0,0,N,0,0,0,2,67301,1,,1,1,,N,N,,0,,0,0,0,0,0,,9999,1,2,0,0,0,0,0,3,4,0,1,3,,N,,,,,,,,,,,
2007023078,1325.0,1,0,0,0,0,0,0,0,0,1,1,,67,12,2006,1,40.0364,-75.1306,1320.0,6,0,0,0,0,0,1,0,0,,0,1,0,13,1,2,1,,0.0,40 02:11.000,,0,75 07:50.102,4,0,0,0,67301,0,0,0,N,0,0,0,4,67301,1,,1,1,,N,N,,0,,0,0,0,3,2,,1317,2,2,0,0,2,1,0,3,4,0,2,3,,N,,,,,,,,,,,
2007023096,1715.0,2,0,0,0,0,0,0,0,0,4,0,,67,12,2006,7,39.9169,-75.216,1710.0,6,0,0,0,0,0,1,1,0,,0,0,0,17,2,3,2,,0.0,39 55:05.000,,0,75 12:31.948,3,0,0,0,67301,0,0,0,,0,0,0,4,67301,2,,1,1,,N,N,,0,,1,0,0,3,2,,1705,3,2,0,0,0,0,0,3,4,0,2,3,,N,,,,,,,,,,,
2007023226,1222.0,2,0,0,0,0,0,0,0,0,5,0,,67,12,2006,4,40.0824,-75.0276,1217.0,6,0,0,0,0,0,1,0,0,1.0,0,0,0,12,1,2,2,,1.0,40 04:56.000,2.0,0,75 01:39.215,4,0,0,0,67301,0,0,0,N,0,0,0,2,67301,1,,1,9,,N,N,,0,,0,0,0,0,0,N,1215,2,2,0,0,0,1,0,3,4,0,2,7,,N,,,,,,,,,,,
2007023231,14.0,2,0,0,0,0,0,0,0,0,1,0,,67,11,2006,6,40.0235,-75.1335,9.0,6,0,0,0,0,0,0,0,0,1.0,0,0,0,0,3,1,1,,1.0,40 01:24.000,2.0,0,75 07:59.561,3,0,0,0,67301,0,0,0,N,0,0,0,3,67301,0,,1,9,,N,N,,0,,1,0,0,9,2,N,9,1,2,0,0,0,0,0,3,4,0,2,7,,N,,,,,,,,,,,
2007020800,719.0,0,0,0,0,0,0,0,0,0,1,1,,67,12,2006,6,40.0223,-75.1483,717.0,6,0,0,0,0,0,0,0,0,1.0,0,1,0,7,1,1,0,,2.0,40 01:20.000,2.0,0,75 08:53.843,8,0,0,0,67301,0,0,0,N,0,0,0,2,67301,0,,1,1,,N,N,,0,,0,0,0,0,0,N,710,1,2,0,0,0,1,0,3,4,1,2,3,,N,,,,,,,,,,,
2007029566,1550.0,3,0,0,0,0,0,0,0,0,5,0,,67,12,2006,2,40.0692,-75.0073,1548.0,6,0,0,0,0,0,0,1,1,,0,0,0,15,1,4,1,,0.0,40 04:09.120,,0,75 00:26.280,3,0,0,0,67301,0,0,0,N,0,0,0,4,67301,1,,1,1,,N,N,,0,,3,0,0,3,2,,1548,4,3,0,0,0,0,0,3,4,0,3,3,,N,,,,,,,,,,,
2007010932,1820.0,3,0,0,0,0,0,0,0,0,1,0,,67,6,2006,7,39.8995,-75.2076,1810.0,6,0,1,0,0,0,2,0,0,1.0,0,0,0,18,3,3,0,,2.0,39 53:52.006,3.0,3,75 12:41.433,8,0,0,0,67301,0,0,0,N,0,0,0,5,67301,0,,1,1,,N,N,,1,,0,0,0,0,0,N,1810,3,4,0,0,0,3,0,3,4,0,4,3,,N,,,,,,,,,,,
2007010958,1443.0,1,0,0,0,0,0,0,0,0,1,0,,67,12,2006,6,39.9975,-75.1818,1443.0,6,0,0,0,0,0,2,0,0,2.0,0,0,0,14,1,5,1,,1.0,39 59:50.000,4.0,0,75 10:54.640,8,0,0,0,67301,0,0,0,N,0,0,0,6,67301,0,,1,1,,N,N,,1,,0,0,0,3,2,N,1400,5,2,0,0,0,5,1,3,4,0,2,3,,N,,,,,,,,,,,
2007008477,1630.0,2,0,0,0,0,0,0,0,0,4,0,,67,11,2006,5,40.0369,-75.0798,1625.0,6,0,0,0,0,0,0,0,0,,0,0,0,16,3,0,1,,0.0,40 02:12.000,,0,75 04:47.218,9,0,0,0,67301,0,0,0,,0,0,0,4,67301,0,,1,9,,,,,0,,0,0,0,3,2,,1625,0,2,0,0,0,0,3,3,4,0,2,7,,N,,,,,,,,,,,
2007022120,1553.0,1,0,0,0,0,0,0,0,0,4,0,,67,12,2006,1,40.0924,-74.9662,1554.0,6,0,0,0,0,0,0,0,0,,0,0,0,15,1,1,1,,0.0,40 05:32.000,,0,74 57:58.219,8,0,0,0,67301,0,0,0,,0,0,0,4,67301,0,,1,1,,,,,0,,0,0,1,9,3,,1551,1,3,0,0,1,1,0,3,4,1,3,3,,N,,,,,,,,,,,
2007022165,205.0,1,0,0,0,0,0,0,0,0,7,0,,67,12,2006,1,39.9042,-75.2262,203.0,6,0,0,0,0,0,0,0,0,,0,0,0,1,3,0,2,,0.0,39 54:15.023,,0,75 13:34.487,0,0,0,0,67301,0,0,0,N,0,0,0,3,67301,0,,4,1,,N,N,,0,,0,0,0,3,3,,155,0,1,0,0,0,0,0,3,4,0,1,3,,N,,,,,,,,,,,
2007009771,755.0,1,0,0,0,0,0,0,0,0,5,0,,67,12,2006,3,40.0146,-75.1782,745.0,6,0,0,1,0,0,0,0,0,9.0,0,0,0,7,3,4,0,,2.0,40 00:52.000,2.0,0,75 10:42.145,4,0,0,0,67301,0,0,0,,0,0,0,5,67301,4,,1,1,,N,N,,0,,0,0,1,0,0,N,735,4,2,0,0,0,0,0,3,4,0,2,3,,N,,,,,,,,,,,
2007009811,1953.0,0,0,0,0,0,0,0,0,0,7,0,,67,11,2006,6,39.9113,-75.2427,1951.0,6,0,0,0,0,0,0,0,0,,0,0,0,19,3,1,1,,0.0,39 54:41.000,,0,75 14:34.190,4,0,0,0,67301,0,0,0,,0,0,0,1,67301,1,,3,1,,,,,0,,0,0,1,3,2,,1951,1,1,0,0,0,0,0,3,4,0,1,3,,N,,,,,,,,,,,
2007009832,41.0,1,0,0,0,0,0,0,0,0,7,0,,67,12,2006,6,39.9569,-75.1816,38.0,6,0,0,0,0,0,0,0,0,,0,0,0,0,3,1,2,,0.0,39 57:19.768,,0,75 10:50.830,8,0,0,0,67301,0,0,0,N,0,0,0,1,67301,0,,2,9,,N,N,,0,,0,0,0,3,2,,5,1,1,0,0,0,1,0,3,4,0,1,7,,N,,,,,,,,,,,
2007007263,1650.0,1,0,0,0,0,0,0,0,0,4,0,,67,11,2006,4,40.0107,-75.1508,1637.0,6,0,0,0,0,0,1,0,0,,0,0,0,99,3,4,1,,0.0,40 00:38.000,,0,75 09:03.485,4,0,0,0,67301,0,0,0,N,0,0,0,5,67301,3,,1,9,,N,N,,0,,0,0,0,3,1,,9999,4,2,0,0,2,1,0,3,4,1,2,7,,N,,,,,,,,,,,
2007007581,1135.0,1,0,0,0,0,0,0,0,0,8,0,,67,12,2006,3,39.9192,-75.1696,1130.0,6,0,0,0,0,0,0,0,0,,0,0,0,10,1,1,0,,0.0,39 55:09.292,,0,75 10:10.581,4,0,0,0,67301,1,0,0,,1,0,0,2,67301,1,,1,1,,N,N,,0,,0,0,0,0,0,,1035,1,2,0,0,0,0,0,3,4,0,1,3,,N,,,,,,,,,,,
2007007740,730.0,1,0,0,0,0,0,0,0,0,8,0,,67,12,2006,3,40.0134,-75.2024,722.0,6,0,0,0,0,0,0,0,0,,0,0,0,7,1,1,0,,0.0,40 00:48.000,,0,75 12:08.402,4,0,0,0,67301,1,0,0,N,1,0,0,2,67301,1,,1,1,,N,N,,0,,0,0,0,3,2,,700,1,2,0,0,0,0,0,3,4,0,1,3,,N,,,,,,,,,,,
2007007668,1543.0,2,0,0,0,0,0,0,0,0,4,0,,67,12,2006,6,39.9806,-75.198,1538.0,6,0,0,0,1,0,0,0,0,,0,0,0,15,1,1,2,,0.0,39 58:49.000,,0,75 11:52.497,4,0,0,0,67301,0,0,0,N,0,0,0,2,67301,1,,1,9,,N,N,,0,,0,0,0,0,0,,1538,1,2,0,0,0,0,0,3,4,0,2,7,,N,,,,,,,,,,,
2007007675,1200.0,1,0,0,0,0,0,0,0,0,4,0,,67,11,2006,5,40.0,-75.2111,1150.0,6,0,0,0,0,0,1,0,0,,0,0,0,11,1,0,0,,0.0,40 00:00.039,,0,75 12:40.122,0,0,0,0,67301,0,0,0,N,0,0,0,2,67301,0,,1,1,,N,N,,0,,0,0,0,0,0,,1130,0,2,0,0,0,0,0,3,4,0,2,3,,N,,,,,,,,,,,
2007020854,2310.0,2,0,0,0,0,0,0,0,0,1,0,,67,12,2006,6,39.9451,-75.1908,2306.0,6,0,0,0,0,1,0,0,0,2.0,0,0,0,23,3,3,6,,1.0,39 56:42.360,4.0,2,75 11:26.880,8,0,0,0,67301,0,0,0,N,0,0,0,8,67301,0,,1,1,,N,N,,0,,0,0,0,0,0,N,2304,3,2,0,0,0,3,0,3,4,0,2,3,,N,,,,,,,,,,,
2007033372,,1,0,0,0,0,0,0,0,0,1,0,,67,1,2006,3,,,,6,0,0,0,0,0,0,0,0,,0,0,0,15,1,1,2,,0.0,,,0,,4,0,0,0,67301,0,0,0,N,0,0,0,3,,1,,1,1,,N,N,,0,,0,0,0,3,1,,1530,1,2,0,0,0,0,2,3,3,0,2,3,,N,,,,,,,,,,,
2007028001,1549.0,3,0,0,0,0,0,0,0,0,1,0,,67,12,2006,2,40.0032,-75.1283,1542.0,6,0,0,0,0,0,0,1,0,,0,0,0,99,1,1,0,,0.0,40 00:11.635,,0,75 07:41.797,4,0,0,0,67301,0,0,0,,0,0,0,4,67301,1,,1,1,,N,N,,0,,0,0,0,0,0,,9999,1,3,0,0,4,0,0,3,4,0,3,3,,N,,,,,,,,,,,
2007009085,1602.0,1,0,0,0,0,0,0,0,0,8,0,,67,12,2006,4,40.0883,-75.0347,1602.0,6,0,0,0,0,0,0,0,0,,0,0,0,16,1,1,1,,0.0,40 05:17.000,,0,75 02:04.859,4,0,0,0,67301,1,0,0,N,1,0,0,2,67301,1,,1,1,,N,N,,0,,0,0,0,3,2,,1600,1,2,0,0,0,0,1,3,4,0,1,3,,N,,,,,,,,,,,
2007009205,47.0,2,0,0,0,0,0,0,0,0,4,0,,67,11,2006,5,39.9556,-75.2146,46.0,6,0,0,0,0,0,0,0,0,,0,0,0,0,3,3,1,,0.0,39 57:20.000,,0,75 12:52.637,8,0,0,0,67301,0,0,0,N,0,0,0,4,67301,0,,1,9,,N,N,,0,,0,0,0,3,2,,45,3,2,0,0,1,3,0,3,4,0,2,7,,N,,,,,,,,,,,
2007022505,205.0,3,0,0,0,0,0,0,0,0,5,0,,67,12,2006,5,39.9683,-75.2338,155.0,6,0,0,0,0,0,0,0,0,,0,0,0,1,3,0,0,,0.0,39 58:05.800,,0,75 14:01.600,0,0,0,0,67301,0,0,0,N,0,0,0,1,67301,0,,1,1,,N,N,,0,,0,0,2,0,0,,132,0,5,0,0,0,0,0,3,4,0,5,3,,N,,,,,,,,,,,
2007022747,9999.0,1,0,0,0,0,0,0,0,0,8,0,,67,12,2006,6,40.0037,-75.1691,835.0,6,0,0,0,0,0,0,0,0,,0,0,0,8,2,1,2,,0.0,40 00:13.278,,0,75 10:08.870,3,0,0,0,67301,1,0,0,N,1,0,0,2,67301,0,,1,1,,N,N,,0,,1,0,0,3,1,,815,1,2,0,0,1,0,1,3,4,0,1,3,,N,,,,,,,,,,,
2006024208,1940.0,0,0,0,0,0,0,0,0,0,2,0,,67,1,2006,1,40.0506,-75.1422,1936.0,6,0,0,0,1,0,0,0,0,,0,0,0,19,3,2,1,,0.0,40 03:02.000,,0,75 08:32.076,4,0,0,0,67301,0,0,0,,0,0,0,4,67301,2,,1,1,,N,N,,2,,0,0,0,0,0,,1930,2,2,0,0,2,0,1,3,4,0,2,3,,N,,,,,,,,,,,
2006102785,1625.0,0,0,0,0,0,0,1,0,0,8,1,,67,9,2006,2,39.9804,-75.2247,1610.0,6,0,0,0,0,0,0,0,0,,0,0,0,16,1,1,0,,0.0,39 58:49.000,,0,75 13:28.827,8,0,0,0,67301,1,0,0,N,1,0,0,2,67301,0,,1,1,,N,N,,0,,0,0,0,3,2,,1610,1,2,0,0,0,1,0,3,4,0,1,3,,N,,,,,,,,,,,
2006041277,2340.0,1,0,0,0,0,0,0,0,0,1,0,,67,3,2006,2,40.0092,-75.2098,2340.0,6,0,0,0,0,0,0,0,0,,0,0,0,23,3,1,6,,0.0,40 00:37.172,,2,75 12:25.401,4,0,0,0,67301,0,0,0,N,0,0,0,3,46104,1,,1,1,,N,N,,0,,0,0,1,3,2,,2339,1,2,0,0,0,0,0,3,4,0,2,3,,N,,,,,,,,,,,
2006037677,959.0,1,0,0,0,0,0,0,0,0,7,0,,67,2,2006,6,39.9247,-75.1929,950.0,6,0,0,0,0,0,0,0,0,,0,0,0,9,1,0,0,,0.0,39 55:29.000,,0,75 11:35.327,0,0,0,0,67301,0,0,0,N,0,0,0,1,67301,0,,5,9,,N,N,,0,,0,0,0,0,0,,950,0,1,0,0,0,0,0,3,4,0,1,3,,N,,,,,,,,,,,
2006037807,848.0,3,0,0,0,0,0,0,0,0,4,0,,67,1,2006,3,40.0685,-75.1684,846.0,6,0,0,0,0,0,0,0,0,,0,0,0,8,1,3,1,,0.0,40 04:06.531,,0,75 10:06.081,4,0,0,0,67301,0,0,0,N,0,0,0,5,67301,3,,1,9,,N,N,,0,,0,0,0,3,3,,835,3,3,0,0,0,0,0,3,4,0,3,7,,N,,,,,,,,,,,
2006037816,1755.0,1,0,0,1,0,0,0,0,0,5,0,,67,3,2006,6,,,1751.0,6,0,0,0,0,0,0,0,0,,0,0,0,15,1,1,0,,0.0,,,0,,8,0,0,0,67301,1,0,0,N,0,0,0,2,67301,0,,6,1,,N,N,,0,,0,0,0,0,0,,1500,1,2,0,0,0,1,0,3,3,0,1,99,,N,,,,,,,,,,,
2006084859,1010.0,0,0,0,0,0,0,0,0,0,4,1,,67,5,2006,3,40.0242,-75.1328,1008.0,6,0,0,0,0,0,1,0,0,3.0,0,2,0,10,1,6,1,,2.0,40 01:26.000,7.0,0,75 07:59.381,2,0,0,0,67301,0,0,0,N,0,0,0,6,67301,1,,1,1,,N,N,,0,,4,1,0,3,2,Y,1007,6,2,0,0,0,0,0,3,4,0,2,3,,N,,,,,,,,,,,
2007023105,17.0,1,0,0,0,0,0,0,0,0,1,0,,67,12,2006,7,40.0232,-75.1334,945.0,6,0,0,0,0,1,0,0,0,,0,0,0,99,1,1,0,,0.0,40 01:23.600,,0,75 08:00.300,3,0,0,0,67301,0,0,0,,0,0,0,2,67301,0,,1,9,,,,,0,,1,0,0,0,0,,9999,1,2,0,0,0,0,1,3,4,0,2,7,,N,,,,,,,,,,,
2007023822,1404.0,0,0,0,0,0,0,0,0,0,8,0,,67,12,2006,2,40.0486,-75.1449,1404.0,6,0,0,0,0,0,0,0,0,,0,1,0,14,1,1,1,,0.0,40 02:55.000,,0,75 08:41.886,3,0,0,0,67301,1,0,0,N,1,0,0,2,67301,0,,1,1,,N,N,,0,,1,0,0,3,2,,1404,1,2,0,0,0,0,0,3,4,0,1,3,,N,,,,,,,,,,,
2007023543,2330.0,2,0,0,0,0,0,0,0,0,8,0,,67,12,2006,6,40.0261,-75.1475,2324.0,6,0,0,0,0,0,0,0,0,3.0,0,0,0,23,3,1,1,,2.0,40 01:33.000,7.0,0,75 08:50.885,8,0,0,0,67301,1,0,0,N,1,0,0,6,67301,0,,1,1,,N,N,,0,,0,0,0,3,2,N,2324,1,3,0,0,1,1,0,3,4,0,2,3,,N,,,,,,,,,,,
2007023554,1700.0,2,0,0,0,0,0,0,0,0,5,0,,67,12,2006,7,39.9598,-75.1784,1653.0,6,0,0,0,0,0,0,0,0,1.0,0,0,0,16,4,1,3,,2.0,39 57:35.280,3.0,0,75 10:42.600,3,0,0,0,67301,0,0,0,N,0,0,0,2,67301,0,,1,1,,N,N,,0,,1,0,0,0,0,N,1650,1,2,0,0,0,0,0,3,4,0,2,3,,N,,,,,,,,,,,
2007038143,0.0,1,0,0,0,0,0,1,0,0,1,1,,67,11,2006,4,40.0828,-75.0918,0.0,6,0,0,0,0,0,0,0,0,,0,0,0,13,1,0,0,,0.0,40 04:58.245,,0,75 05:30.508,0,0,0,0,67301,0,0,0,,0,0,0,11,00000,0,,1,98,,Y,,,0,,0,0,0,0,0,,1335,0,2,0,0,0,0,0,3,4,0,2,99,,N,,,,,,,,,,,
2007034441,,2,0,0,0,0,0,0,0,0,1,0,,67,8,2006,3,39.9451,-75.1418,,6,0,0,0,0,0,0,0,0,,0,0,0,14,1,1,0,,0.0,39 56:42.000,,0,75 08:30.581,3,0,0,0,67301,0,0,0,N,0,0,0,2,,0,,1,1,,N,N,,0,,1,0,0,0,0,,1400,1,2,0,0,0,0,0,3,4,0,2,3,,N,,,,,,,,,,,
2007029496,1845.0,3,0,0,0,0,0,0,0,0,4,0,,67,12,2006,3,40.0507,-75.1486,1845.0,6,0,0,0,0,1,0,0,0,2.0,0,0,0,18,3,1,1,,1.0,40 03:02.000,3.0,0,75 08:55.377,4,0,0,0,67301,0,0,0,N,0,0,0,4,67301,1,,1,9,,N,N,,0,,0,0,0,3,2,Y,1845,1,3,0,0,4,0,0,3,4,0,3,7,,N,,,,,,,,,,,
2007029567,1626.0,0,0,0,0,0,0,0,0,0,0,0,,67,12,2006,7,40.1114,-75.0007,1620.0,6,0,0,0,0,0,1,0,0,,0,0,0,15,1,1,2,,0.0,40 06:41.000,,0,75 00:02.648,8,0,0,1,67301,0,0,0,N,0,0,0,1,67301,0,,1,98,,N,N,,0,,0,0,0,3,3,,1501,1,1,0,0,0,1,0,3,4,0,1,3,,N,,,,,,,,,,,
2007008426,1620.0,1,0,0,0,0,0,0,0,0,8,0,,67,12,2006,2,39.9135,-75.1812,1613.0,6,0,0,0,0,0,0,0,0,,0,0,0,15,1,1,2,,0.0,39 54:49.000,,0,75 10:51.767,8,0,0,0,67301,1,0,0,N,1,0,0,2,67301,0,,1,1,,N,N,,0,,0,0,0,3,2,,1520,1,2,0,0,0,1,0,3,4,0,1,3,,N,,,,,,,,,,,
2007008414,1955.0,3,0,0,0,0,0,0,0,0,1,0,,67,12,2006,5,,,1953.0,6,0,0,0,0,0,0,0,0,2.0,0,0,0,19,3,2,0,,1.0,,4.0,0,,4,0,0,0,67301,0,0,0,N,0,0,0,5,67301,2,,1,1,,N,N,,0,,0,0,0,0,0,N,1952,2,3,0,0,0,0,0,3,3,0,3,3,,N,,,,,,,,,,,