CRN,ARRIVAL_TM,AUTOMOBILE_COUNT,BELTED_DEATH_COUNT,BELTED_SUSP_SERIOUS_INJ_COUNT,BICYCLE_COUNT,BICYCLE_DEATH_COUNT,BICYCLE_SUSP_SERIOUS_INJ_COUNT,BUS_COUNT,CHLDPAS_DEATH_COUNT,CHLDPAS_SUSP_SERIOUS_INJ_COUNT,COLLISION_TYPE,COMM_VEH_COUNT,CONS_ZONE_SPD_LIM,COUNTY,CRASH_MONTH,CRASH_YEAR,DAY_OF_WEEK,DEC_LAT,DEC_LONG,DISPATCH_TM,DISTRICT,DRIVER_COUNT_16YR,DRIVER_COUNT_17YR,DRIVER_COUNT_18YR,DRIVER_COUNT_19YR,DRIVER_COUNT_20YR,DRIVER_COUNT_50_64YR,DRIVER_COUNT_65_74YR,DRIVER_COUNT_75PLUS,EST_HRS_CLOSED,FATAL_COUNT,HEAVY_TRUCK_COUNT,HORSE_BUGGY_COUNT,HOUR_OF_DAY,ILLUMINATION,INJURY_COUNT,INTERSECT_TYPE,INTERSECTION_RELATED,LANE_CLOSED,LATITUDE,LN_CLOSE_DIR,LOCATION_TYPE,LONGITUDE,MAX_SEVERITY_LEVEL,MCYCLE_DEATH_COUNT,MCYCLE_SUSP_SERIOUS_INJ_COUNT,MOTORCYCLE_COUNT,MUNICIPALITY,NONMOTR_COUNT,NONMOTR_DEATH_COUNT,NONMOTR_SUSP_SERIOUS_INJ_COUNT,NTFY_HIWY_MAINT,PED_COUNT,PED_DEATH_COUNT,PED_SUSP_SERIOUS_INJ_COUNT,PERSON_COUNT,POLICE_AGCY,POSSIBLE_INJ_COUNT,RDWY_SURF_TYPE_CD,RELATION_TO_ROAD,ROAD_CONDITION,ROADWAY_CLEARED,SCH_BUS_IND,SCH_ZONE_IND,SECONDARY_CRASH,SMALL_TRUCK_COUNT,SPEC_JURIS_CD,SUSP_MINOR_INJ_COUNT,SUSP_SERIOUS_INJ_COUNT,SUV_COUNT,TCD_FUNC_CD,TCD_TYPE,TFC_DETOUR_IND,TIME_OF_DAY,TOT_INJ_COUNT,TOTAL_UNITS,UNB_DEATH_COUNT,UNB_SUSP_SERIOUS_INJ_COUNT,UNBELTED_OCC_COUNT,UNK_INJ_DEG_COUNT,UNK_INJ_PER_COUNT,URBAN_AREA,URBAN_RURAL,VAN_COUNT,VEHICLE_COUNT,WEATHER1,WEATHER2,WORK_ZONE_IND,WORK_ZONE_LOC,WORK_ZONE_TYPE,WORKERS_PRES,WZ_CLOSE_DETOUR,WZ_FLAGGER,WZ_LAW_OFFCR_IND,WZ_LN_CLOSURE,WZ_MOVING,WZ_OTHER,WZ_SHLDER_MDN,WZ_WORKERS_INJ_KILLED
2007008420,2358.0,1,0,0,0,0,0,0,0,0,4,0,,67,11,2006,3,40.0868,-74.9718,2356.0,6,0,0,0,1,0,0,0,0,,0,0,0,23,3,3,1,,0.0,40 05:12.000,,0,74 58:18.460,3,0,0,0,67301,0,0,0,N,0,0,0,3,67301,0,,1,1,,N,N,,0,,1,0,1,3,2,,2353,3,2,0,0,0,2,0,3,4,0,2,3,,N,,,,,,,,,,,
2007008480,1917.0,2,0,0,0,0,0,0,0,0,1,0,,67,11,2006,7,40.0185,-75.1671,1916.0,6,0,0,0,0,1,0,0,0,1.0,0,0,0,19,3,3,6,,2.0,40 01:06.600,2.0,2,75 10:01.560,4,0,0,0,67301,0,0,0,N,0,0,0,5,67301,3,,1,1,,N,N,,0,,0,0,0,0,0,N,1914,3,2,0,0,0,0,0,3,4,0,2,3,,N,,,,,,,,,,,
2007008540,900.0,1,0,0,0,0,0,0,0,0,1,1,,67,11,2006,2,39.9983,-75.1285,856.0,6,0,0,0,0,0,0,0,0,,0,1,0,8,1,2,1,,0.0,39 59:54.000,,0,75 07:42.760,4,0,0,0,67301,0,0,0,N,0,0,0,3,67301,2,,1,1,,N,N,,0,,0,0,0,3,2,,850,2,2,0,0,2,0,0,3,4,0,2,3,,N,,,,,,,,,,,
2007021556,1743.0,2,0,0,0,0,0,0,0,0,2,0,,67,12,2006,6,39.9741,-75.2043,1742.0,6,0,0,0,0,0,0,0,1,,0,0,0,17,3,1,1,,0.0,39 58:26.000,,99,75 12:15.722,8,0,0,0,67301,0,0,0,N,0,0,0,2,67301,0,,1,9,,N,N,,0,,0,0,0,3,2,,1740,1,2,0,0,1,1,0,3,4,0,2,7,,N,,,,,,,,,,,
2007010414,856.0,2,0,0,0,0,0,0,0,0,4,0,,67,11,2006,5,40.0514,-75.1634,856.0,6,0,0,0,1,0,1,0,0,,0,0,0,8,1,1,1,,0.0,40 03:05.119,,0,75 09:48.168,4,0,0,0,67301,0,0,0,N,0,0,0,2,67301,1,,1,9,,N,N,,0,,0,0,0,3,2,,854,1,2,0,0,0,0,0,3,4,0,2,7,,N,,,,,,,,,,,
2007007958,1207.0,1,0,0,0,0,0,0,0,0,8,0,,67,11,2006,5,39.9514,-75.1551,1205.0,6,0,0,0,0,0,0,0,0,,0,0,0,12,1,1,1,,0.0,39 57:04.000,,0,75 09:18.445,4,0,0,0,67301,1,0,0,N,1,0,0,2,67301,1,,1,1,,N,N,,0,,0,0,0,3,2,,1201,1,2,0,0,0,0,0,3,4,0,1,3,,N,,,,,,,,,,,
2007022142,1815.0,0,0,0,0,0,0,0,0,0,8,0,,67,12,2006,7,40.0037,-75.1659,1814.0,6,0,0,0,0,0,0,0,0,,0,0,0,18,3,1,0,,0.0,40 00:13.323,,0,75 09:57.171,4,0,0,0,67301,1,0,0,N,1,0,0,2,67301,1,,1,1,,N,,,0,,0,0,0,0,0,,1813,1,2,0,0,0,0,1,3,4,1,1,3,,N,,,,,,,,,,,
2007022155,1556.0,2,0,0,0,0,0,0,0,0,4,0,,67,12,2006,6,39.9866,-75.1464,1553.0,6,0,0,0,1,0,0,0,0,,0,0,0,15,1,2,1,,0.0,39 59:11.000,,0,75 08:47.028,8,0,0,0,67301,0,0,0,N,0,0,0,2,67301,0,,1,1,,N,N,,0,,0,0,0,3,3,,1531,2,2,0,0,0,2,0,3,4,0,2,3,,N,,,,,,,,,,,
2007009774,408.0,1,0,0,0,0,0,0,0,0,4,0,,67,11,2006,7,40.0126,-75.1811,402.0,6,0,0,0,0,0,0,0,0,2.0,0,0,0,4,3,3,0,,2.0,40 00:52.000,1.0,0,75 10:42.758,3,0,0,0,67301,0,0,0,N,0,0,0,4,67301,0,,1,1,,N,N,,0,,3,0,1,0,0,Y,402,3,2,0,0,0,0,0,3,4,0,2,3,,N,,,,,,,,,,,
2007009843,1214.0,0,0,0,0,0,0,0,0,0,4,0,,67,12,2006,3,39.9579,-75.1641,1211.0,6,0,0,0,0,0,1,0,0,,0,0,0,12,1,1,5,,0.0,39 57:27.000,,0,75 09:50.847,4,0,0,0,67301,0,0,0,N,0,0,0,3,67301,1,,1,1,,N,N,,0,,0,0,2,3,2,,1210,1,2,0,0,0,0,0,3,4,0,2,3,,N,,,,,,,,,,,
2007010193,1915.0,2,0,0,0,0,0,0,0,0,2,0,,67,12,2006,4,40.053,-74.9827,1910.0,6,0,0,0,0,0,0,0,0,,0,0,0,19,3,2,1,,0.0,40 03:10.000,,0,74 58:57.986,3,0,0,0,67301,0,0,0,N,0,0,0,3,67301,1,,1,1,,N,N,,0,,1,0,0,3,2,,1905,2,2,0,0,0,0,0,3,4,0,2,3,,N,,,,,,,,,,,
2007010196,2130.0,1,0,0,0,0,0,0,0,0,8,0,,67,11,2006,5,40.0806,-75.1725,2120.0,6,0,0,0,0,0,0,0,0,,0,0,0,21,3,1,1,,0.0,40 04:50.031,,0,75 10:20.992,2,0,0,0,67301,1,0,1,N,1,0,1,2,67301,0,,1,1,,N,N,,0,,0,1,0,3,2,,2117,1,2,0,0,0,0,0,3,4,0,1,3,,N,,,,,,,,,,,
2007010235,842.0,1,0,0,0,0,0,0,0,0,8,0,,67,12,2006,4,40.015,-75.0681,841.0,6,0,0,0,0,0,0,0,0,,0,0,0,8,1,1,1,,0.0,40 00:53.000,,0,75 04:05.048,4,0,0,0,67301,1,0,0,,1,0,0,3,67301,1,,1,1,,,,,0,,0,0,0,3,2,,841,1,2,0,0,2,0,0,3,4,0,1,3,,N,,,,,,,,,,,
2007023237,646.0,1,0,0,0,0,0,0,0,0,8,0,,67,11,2006,5,40.0345,-75.1149,637.0,6,0,0,0,0,0,0,0,0,,0,0,0,99,1,1,1,,0.0,40 02:04.000,,0,75 06:53.623,2,0,0,0,67301,1,0,1,N,1,0,1,2,67301,0,,1,9,,Y,N,,0,,0,1,0,3,2,,9999,1,2,0,0,0,0,0,3,4,0,1,98,,N,,,,,,,,,,,
2007030191,206.0,2,0,0,0,0,0,0,0,0,2,0,,67,11,2006,6,39.9666,-75.1876,203.0,6,0,0,0,0,1,0,0,0,3.0,2,0,0,2,3,0,3,,1.0,39 57:59.000,3.0,2,75 11:14.718,1,0,0,0,67301,0,0,0,N,0,0,0,2,67301,0,1.0,1,1,,N,N,,0,0.0,0,0,0,0,0,N,203,0,2,0,0,0,0,0,3,4,0,2,3,,N,,,,,,,,,,,
2007022268,1422.0,0,0,0,0,0,0,1,0,0,6,1,,67,12,2006,7,40.0421,-75.18,1422.0,6,0,0,1,0,0,0,0,0,,0,0,0,14,1,2,1,,0.0,40 02:31.000,,0,75 10:47.878,4,0,0,0,67301,0,0,0,N,0,0,0,3,67301,1,,1,1,,N,N,,1,,0,0,0,3,2,,1420,2,2,0,0,0,1,1,3,4,0,2,3,,N,,,,,,,,,,,
2007022326,1732.0,2,0,0,0,0,0,0,0,0,1,0,,67,12,2006,2,39.9349,-75.1531,1726.0,6,0,0,0,0,0,0,0,0,,0,0,0,17,3,4,0,,0.0,39 56:05.679,,0,75 09:11.069,4,0,0,0,67301,0,0,0,N,0,0,0,5,67301,4,,1,9,,N,N,,0,,0,0,0,0,0,,1710,4,2,0,0,0,0,0,3,4,0,2,7,,N,,,,,,,,,,,
2007027582,2243.0,2,0,0,0,0,0,0,0,0,6,0,,67,1,2006,3,40.0368,-75.1584,2240.0,6,0,0,0,0,0,0,0,0,,0,0,0,22,3,2,0,,0.0,40 02:12.397,,0,75 09:30.117,4,0,0,0,67301,0,0,0,N,0,0,0,2,67301,2,,1,1,,N,N,,0,,0,0,0,0,0,,2240,2,2,0,0,0,0,0,3,4,0,2,3,,N,,,,,,,,,,,
2007022830,1359.0,2,0,0,0,0,0,0,0,0,8,0,,67,12,2006,3,39.9778,-75.2134,1355.0,6,0,0,0,0,0,1,0,0,,0,0,0,13,1,1,1,,0.0,39 58:39.000,,0,75 12:48.173,4,0,0,0,67301,0,0,0,,0,0,0,2,67301,1,,1,1,,,,,0,,0,0,0,3,2,,1345,1,2,0,0,0,0,1,3,4,0,2,3,,N,,,,,,,,,,,
2007058664,2019.0,2,0,0,0,0,0,0,0,0,4,0,,67,12,2006,3,39.9126,-75.1504,2018.0,6,0,0,0,0,0,0,0,0,,0,0,0,20,3,0,2,,0.0,39 54:45.000,,2,75 09:01.327,0,0,0,0,67301,0,0,0,N,0,0,0,5,67301,0,,1,1,,N,N,,0,,0,0,0,3,2,,2017,0,2,0,0,0,0,0,3,4,0,2,3,,N,,,,,,,,,,,
2006055015,308.0,1,0,0,0,0,0,0,0,0,7,0,,67,4,2006,1,39.9863,-75.1561,303.0,6,0,0,0,0,0,0,0,0,,0,0,0,2,3,0,1,,0.0,39 59:10.000,,0,75 09:22.220,0,0,0,0,67301,0,0,0,N,0,0,0,1,67301,0,,2,1,,N,N,,0,,0,0,0,3,2,,239,0,1,0,0,0,0,0,3,4,0,1,3,,N,,,,,,,,,,,
2006055179,1410.0,2,0,0,0,0,0,0,0,0,4,0,,67,2,2006,5,40.0946,-75.0152,1400.0,6,0,0,0,0,0,0,1,0,,0,0,0,13,1,0,1,,0.0,40 05:40.000,,0,75 00:53.997,0,0,0,0,67301,0,0,0,N,0,0,0,3,67301,0,,1,1,,N,N,,1,,0,0,0,3,2,,1350,0,3,0,0,0,0,0,3,4,0,3,3,,N,,,,,,,,,,,
2006094453,1305.0,1,0,0,1,0,0,0,0,0,4,0,,67,7,2006,7,,,1300.0,6,0,0,0,0,0,0,0,0,,0,0,0,12,1,1,1,,0.0,,,0,,8,0,0,0,67301,1,0,0,N,0,0,0,2,67301,0,,1,1,,N,N,,0,,0,0,0,3,3,,1258,1,2,0,0,0,1,0,3,3,0,1,3,,N,,,,,,,,,,,
2006094401,2142.0,1,0,0,0,0,0,0,0,0,0,0,,67,7,2006,7,40.0218,-75.1386,2138.0,6,0,0,0,0,0,0,0,0,1.0,0,0,0,21,3,0,8,,2.0,,1.0,6,,0,0,0,0,67301,0,0,0,Y,0,0,0,6,67301,0,,1,98,,N,N,,1,,0,0,0,0,0,Y,2133,0,2,0,0,0,0,0,3,4,0,2,98,,N,,,,,,,,,,,
2006084262,2213.0,1,0,0,0,0,0,0,0,0,4,1,,67,7,2006,3,,,2213.0,6,0,0,0,0,0,1,0,0,,0,1,0,22,3,0,0,,0.0,,,2,,0,0,0,0,67301,0,0,0,N,0,0,0,2,67501,0,,1,1,,N,N,,0,,0,0,0,0,0,,2212,0,2,0,0,0,0,0,3,3,0,2,3,,N,,,,,,,,,,,
2006036555,1648.0,1,0,0,0,0,0,0,0,0,8,0,,67,2,2006,5,39.9327,-75.1853,1646.0,6,0,0,0,0,0,0,0,0,,0,0,0,16,1,1,2,,0.0,39 55:57.597,,0,75 11:07.029,4,0,0,0,67301,1,0,0,N,1,0,0,2,67301,1,,1,1,,N,N,,0,,0,0,0,0,0,,1645,1,2,0,0,0,0,0,3,4,0,1,3,,N,,,,,,,,,,,
2006036614,21.0,2,0,0,0,0,0,0,0,0,1,0,,67,2,2006,1,39.9705,-75.1596,10.0,6,0,0,0,1,0,0,0,0,,0,0,0,23,3,0,0,,0.0,39 58:13.000,,0,75 09:34.609,9,0,0,0,67301,0,0,0,N,0,0,0,3,67301,0,,1,1,,N,N,,0,,0,0,0,0,0,,2350,0,2,0,0,0,0,1,3,4,0,2,3,,N,,,,,,,,,,,
2006034192,1031.0,2,0,0,0,0,0,0,0,0,7,0,,67,2,2006,1,,,1031.0,6,0,1,0,0,0,0,0,0,,0,0,0,10,1,0,2,,0.0,,,0,,0,0,0,0,67301,0,0,0,Y,0,0,0,1,67301,0,,5,1,,N,N,,0,,0,0,0,3,3,,1028,0,3,0,0,0,0,0,3,3,1,3,3,,N,,,,,,,,,,,
2006103222,1805.0,2,0,0,0,0,0,0,0,0,2,0,,67,8,2006,2,40.0047,-75.1769,1805.0,6,0,0,0,0,0,0,0,0,1.0,0,0,0,18,1,2,1,,1.0,40 00:17.000,3.0,0,75 10:37.304,8,0,0,0,67301,0,0,0,N,0,0,0,2,67301,0,,1,1,,N,N,,0,,0,0,0,3,2,Y,1805,2,2,0,0,1,2,0,3,4,0,2,3,,N,,,,,,,,,,,
2006035952,1742.0,1,0,0,0,0,0,0,0,0,7,0,,67,1,2006,1,,,1737.0,6,0,0,0,0,0,0,0,0,1.0,0,0,0,17,2,1,0,,1.0,,1.0,0,,4,0,0,0,67301,0,0,0,N,0,0,0,1,67301,1,,2,9,,N,N,,0,,0,0,0,0,0,N,1730,1,1,0,0,1,0,0,3,3,0,1,3,,N,,,,,,,,,,,
2006037544,918.0,2,0,0,0,0,0,0,0,0,4,0,,67,2,2006,2,40.054,-75.0489,916.0,6,0,0,0,0,0,1,0,0,1.0,0,0,0,9,1,1,1,,2.0,40 03:15.000,2.0,0,75 02:58.334,4,0,0,0,67301,0,0,0,N,0,0,0,2,67301,1,,1,1,,N,N,,0,,0,0,0,3,2,Y,912,1,2,0,0,0,0,0,3,4,0,2,3,,N,,,,,,,,,,,
2006079300,1051.0,1,0,0,0,0,0,0,0,0,8,0,,67,6,2006,6,39.9442,-75.2166,1048.0,6,0,0,0,0,0,1,0,0,,0,0,0,10,1,1,1,,0.0,39 56:39.000,,0,75 12:59.496,4,0,0,0,67301,1,0,0,N,1,0,0,2,67301,1,,1,1,,N,N,,0,,0,0,0,3,2,,1048,1,2,0,0,0,0,0,3,4,0,1,3,,N,,,,,,,,,,,
2006037803,420.0,1,0,0,0,0,0,0,0,0,7,0,,67,2,2006,2,39.9973,-75.0822,415.0,6,0,0,0,0,1,0,0,0,1.0,0,0,0,99,1,0,0,,2.0,39 59:54.000,2.0,2,75 04:55.148,0,0,0,0,67301,0,0,0,N,0,0,0,1,67301,0,,2,2,,N,N,,0,,0,0,0,0,0,N,9999,0,1,0,0,0,0,0,3,4,0,1,3,,N,,,,,,,,,,,
2006037808,713.0,1,0,0,0,0,0,0,0,0,7,0,,67,3,2006,1,40.0003,-75.1869,711.0,6,0,0,0,0,0,0,0,0,,0,0,0,6,1,1,3,,0.0,40 00:01.000,,0,75 11:12.963,2,0,0,0,67301,0,0,0,N,0,0,0,1,67301,0,,3,1,,N,N,,0,,0,1,0,3,2,,650,1,1,0,0,0,0,0,3,4,0,1,3,,N,,,,,,,,,,,
2006081723,2230.0,0,0,0,0,0,0,0,0,0,8,0,,67,6,2006,4,39.9538,-75.1666,2222.0,6,0,0,0,0,0,0,0,0,,0,0,0,22,3,1,2,,0.0,39 57:13.704,,0,75 09:59.736,8,0,0,0,67301,1,0,0,N,1,0,0,2,67301,0,,1,1,,N,N,,0,,0,0,1,3,2,,2215,1,2,0,0,0,1,0,3,4,0,1,3,,N,,,,,,,,,,,
2006081731,1620.0,1,0,0,1,0,0,0,0,0,4,0,,67,7,2006,4,39.9282,-75.18,1616.0,6,0,0,0,0,0,0,0,0,,0,0,0,99,1,1,2,,0.0,39 55:41.527,,0,75 10:47.845,4,0,0,0,67301,1,0,0,N,0,0,0,2,67301,1,,1,1,,N,N,,0,,0,0,0,3,3,,9999,1,2,0,0,0,0,0,3,4,0,1,3,,N,,,,,,,,,,,
2006082018,102.0,0,0,0,0,0,0,0,0,0,2,0,,67,7,2006,7,40.0134,-75.0695,59.0,6,0,0,0,0,0,0,0,0,,0,0,0,0,3,1,0,,0.0,40 00:48.240,,0,75 04:10.200,3,0,0,1,67301,0,0,0,N,0,0,0,5,67301,0,,1,1,,N,N,,0,,1,0,1,0,0,,53,1,2,0,0,0,0,0,3,4,0,2,3,,N,,,,,,,,,,,
2006077355,919.0,1,0,0,0,0,0,0,0,0,0,0,,67,7,2006,6,39.9956,-75.2385,9999.0,6,0,0,0,0,0,0,0,0,,0,0,0,9,1,1,0,,0.0,39 59:44.000,,0,75 14:18.919,4,0,0,0,67301,0,0,0,N,0,0,0,7,46104,1,,1,1,,N,N,,0,,0,0,0,0,0,,910,1,2,0,0,0,0,0,3,4,1,2,3,,N,,,,,,,,,,,
2006079950,1305.0,0,0,0,0,0,0,0,0,0,8,0,,67,7,2006,2,39.9233,-75.1816,1302.0,6,0,0,0,0,0,1,0,0,,0,0,0,13,1,1,1,,0.0,39 55:23.764,,0,75 10:53.817,4,0,0,0,67301,1,0,0,,1,0,0,2,67301,1,,1,1,,,,,0,,0,0,0,3,2,,1302,1,2,0,0,0,0,0,3,4,1,1,3,,N,,,,,,,,,,,
2006026193,1550.0,2,0,0,0,0,0,0,0,0,1,0,,67,2,2006,6,40.0073,-75.2135,9999.0,6,0,0,0,0,0,0,0,0,,0,0,0,15,1,1,0,,0.0,40 00:26.000,,0,75 12:48.863,4,0,0,0,67301,0,0,0,N,0,0,0,3,46104,1,,1,1,,N,N,,0,,0,0,0,0,0,,1545,1,2,0,0,0,0,0,3,4,0,2,3,,N,,,,,,,,,,,
2007023679,1500.0,1,0,0,0,0,0,0,0,0,8,0,,67,11,2006,5,39.9952,-75.1158,1500.0,6,0,0,0,0,0,0,0,0,,0,0,0,15,1,1,1,,0.0,39 59:42.637,,0,75 06:56.944,4,0,0,0,67301,1,0,0,N,1,0,0,2,67301,1,,1,1,,N,N,,0,,0,0,0,3,2,,1500,1,2,0,0,0,0,0,3,4,0,1,3,,N,,,,,,,,,,,
2007023063,1008.0,0,0,0,1,0,0,0,0,0,5,0,,67,12,2006,3,40.0215,-75.0518,957.0,6,0,0,0,0,0,0,0,0,,0,0,0,9,1,1,1,,0.0,40 01:17.000,,0,75 03:06.381,4,0,0,0,67301,1,0,0,,0,0,0,2,67301,1,,1,9,,,,,1,,0,0,0,0,0,,957,1,2,0,0,0,0,0,3,4,0,1,3,,N,,,,,,,,,,,
2007023102,1545.0,1,0,0,0,0,0,0,0,0,4,0,,67,12,2006,4,40.0179,-75.1493,1539.0,6,0,0,0,0,0,0,0,0,,0,0,0,15,1,1,1,,0.0,40 01:04.000,,0,75 08:57.222,4,0,0,0,67301,0,0,0,N,0,0,0,2,67301,1,,1,1,,N,N,,0,,0,0,1,3,2,,1535,1,2,0,0,0,0,0,3,4,0,2,3,,N,,,,,,,,,,,
2007020712,1328.0,1,0,0,0,0,0,0,0,0,8,0,,67,12,2006,7,39.9342,-75.1878,1325.0,6,0,0,0,0,0,1,0,0,,0,0,0,13,1,1,1,,0.0,39 56:03.285,,0,75 11:16.234,8,0,0,0,67301,1,0,0,N,1,0,0,2,67301,0,,1,1,,N,N,,0,,0,0,0,9,3,,1324,1,2,0,0,0,1,0,3,4,0,1,3,,N,,,,,,,,,,,
2007023189,1235.0,2,0,0,0,0,0,0,0,0,4,0,,67,12,2006,6,40.0022,-75.1576,1230.0,6,0,0,0,0,1,0,0,0,1.0,0,0,0,12,1,1,1,,1.0,40 00:07.000,1.0,0,75 09:27.518,8,0,0,0,67301,0,0,0,N,0,0,0,2,67301,0,,1,1,,N,N,,0,,0,0,0,3,2,N,1228,1,2,0,0,0,1,0,3,4,0,2,3,,N,,,,,,,,,,,
2007034486,,0,0,0,0,0,0,0,0,0,4,0,,67,11,2006,5,40.0553,-75.0622,,6,0,0,0,0,0,0,0,0,,0,0,0,19,6,1,0,,0.0,40 03:18.965,,0,75 03:43.830,8,0,0,1,67301,0,0,0,N,0,0,0,2,,0,,1,1,,N,N,,0,,0,0,0,0,0,,1940,1,2,0,0,0,1,0,3,4,0,2,3,,N,,,,,,,,,,,
2007008400,1020.0,2,0,0,0,0,0,0,0,0,4,0,,67,11,2006,3,39.9814,-75.2394,1016.0,6,0,0,0,0,0,0,0,0,,0,0,0,10,1,1,1,,0.0,39 58:53.205,,0,75 14:21.663,8,0,0,0,67301,0,0,0,N,0,0,0,4,67301,0,,1,1,,N,N,,0,,0,0,0,3,2,,1014,1,2,0,0,1,1,2,3,4,0,2,3,,N,,,,,,,,,,,
2007008406,948.0,2,0,0,0,0,0,0,0,0,2,0,,67,12,2006,4,40.0521,-75.1418,946.0,6,0,0,0,0,0,0,0,1,,0,0,0,9,1,3,1,,0.0,40 03:07.000,,0,75 08:30.481,4,0,0,0,67301,0,0,0,N,0,0,0,4,67301,1,,1,9,,N,N,,1,,0,0,0,3,2,,939,3,3,0,0,0,2,0,3,4,0,3,3,,N,,,,,,,,,,,
2007008542,845.0,0,0,0,0,0,0,0,0,0,4,0,,67,12,2006,7,39.9982,-75.1389,840.0,6,0,0,0,0,0,0,0,0,,0,0,0,99,1,1,1,,0.0,39 59:53.415,,0,75 08:19.870,3,0,0,1,67301,0,0,0,N,0,0,0,2,67301,0,,1,1,,N,N,,0,,1,0,0,0,0,,9999,1,2,0,0,0,0,0,3,4,1,2,3,,N,,,,,,,,,,,
2007008549,1914.0,1,0,0,0,0,0,0,0,0,8,0,,67,11,2006,2,40.0299,-75.1412,1907.0,6,0,0,0,0,0,0,0,0,,0,0,0,19,3,1,1,,0.0,40 01:47.744,,0,75 08:28.427,8,0,0,0,67301,1,0,0,N,1,0,0,2,67301,0,,1,9,,N,N,,0,,0,0,0,3,3,,1900,1,2,0,0,0,1,0,3,4,0,1,7,,N,,,,,,,,,,,
2007008797,1728.0,2,0,0,0,0,0,0,0,0,4,0,,67,11,2006,2,39.9808,-75.1385,1723.0,6,0,0,0,0,0,1,0,0,,0,0,0,17,3,1,1,,0.0,39 58:50.977,,0,75 08:18.473,3,0,0,0,67301,0,0,0,,0,0,0,2,67301,0,,1,9,,,,,0,,1,0,0,3,3,,1712,1,2,0,0,0,0,0,3,4,0,2,7,,N,,,,,,,,,,,
2007021542,9999.0,2,0,0,0,0,0,0,0,0,1,0,,67,12,2006,4,39.9877,-75.2162,9999.0,6,0,0,0,0,0,0,1,0,,0,0,0,99,4,0,2,,0.0,39 59:15.000,,0,75 12:58.441,9,0,0,0,67301,0,0,0,N,0,0,0,2,67301,0,,1,9,,N,N,,0,,0,0,0,9,2,,9999,0,2,0,0,0,0,2,3,4,0,2,7,,N,,,,,,,,,,,
2007007097,2350.0,2,0,0,0,0,0,0,0,0,1,0,,67,11,2006,6,40.0509,-75.0361,2340.0,6,0,0,0,0,0,0,0,0,,0,0,0,23,3,1,2,,0.0,40 03:03.000,,0,75 02:10.454,4,0,0,0,67301,0,0,0,N,0,0,0,2,67301,1,,1,1,,N,N,,0,,0,0,0,2,2,,2330,1,2,0,0,0,0,0,3,4,0,2,3,,N,,,,,,,,,,,
2007009757,2010.0,1,0,0,0,0,0,0,0,0,8,0,,67,12,2006,3,39.9796,-75.1711,1957.0,6,0,0,0,0,0,0,0,0,,0,0,0,21,3,1,1,,0.0,39 58:46.522,,0,75 10:15.895,3,0,0,0,67301,1,0,0,N,1,0,0,2,67301,0,,1,1,,N,N,,0,,1,0,0,9,2,,2145,1,2,0,0,0,0,0,3,4,0,1,3,,N,,,,,,,,,,,
2007009852,1725.0,1,0,0,0,0,0,0,0,0,4,0,,67,11,2006,6,39.995,-75.1625,1719.0,6,0,0,0,0,0,0,0,0,,0,0,0,17,4,1,2,,0.0,39 59:41.000,,0,75 09:45.227,4,0,0,0,67301,0,0,0,,0,0,0,3,67301,1,,1,1,,N,N,,0,,0,0,0,9,3,,1700,1,2,0,0,0,0,1,3,4,1,2,3,,N,,,,,,,,,,,
2007007419,1941.0,2,0,0,0,0,0,0,0,0,1,0,,67,12,2006,7,39.9368,-75.16,1937.0,6,0,0,0,0,0,0,0,0,,0,0,0,19,3,2,0,,0.0,39 56:12.357,,0,75 09:35.928,8,0,0,0,67301,0,0,0,N,0,0,0,6,67301,0,,1,1,,N,N,,0,,0,0,0,9,1,,1930,2,2,0,0,0,2,3,3,4,0,2,3,,N,,,,,,,,,,,
2007007760,200.0,2,0,0,0,0,0,0,0,0,4,0,,67,12,2006,1,39.9959,-75.0921,155.0,6,0,0,0,0,1,0,0,0,,0,0,0,1,3,2,1,,0.0,39 59:45.000,,0,75 05:31.727,8,0,0,0,67301,0,0,0,N,0,0,0,3,67301,0,,1,1,,N,N,,0,,0,0,0,3,2,,155,2,2,0,0,0,2,1,3,4,0,2,3,,N,,,,,,,,,,,
2007009199,520.0,2,0,0,0,0,0,0,0,0,4,0,,67,11,2006,1,40.0077,-75.076,514.0,6,0,0,0,0,0,0,0,0,,0,0,0,5,3,1,0,,0.0,40 00:27.670,,0,75 04:33.470,4,0,0,0,67301,0,0,0,N,0,0,0,1,67301,1,,1,1,,N,N,,0,,0,0,0,0,0,,505,1,2,0,0,1,0,0,3,4,0,2,3,,N,,,,,,,,,,,
2007006794,2058.0,1,0,0,0,0,0,0,0,0,4,0,,67,12,2006,7,39.9871,-75.1223,2053.0,6,0,0,0,1,0,0,0,0,,0,0,0,20,1,0,1,,0.0,39 59:13.000,,0,75 07:21.188,0,0,0,0,67301,0,0,0,,0,0,0,4,67301,0,,1,1,,,,,0,,0,0,1,3,2,,2053,0,2,0,0,0,0,0,3,4,0,2,3,,N,,,,,,,,,,,