CRN,ARRIVAL_TM,AUTOMOBILE_COUNT,BELTED_DEATH_COUNT,BELTED_SUSP_SERIOUS_INJ_COUNT,BICYCLE_COUNT,BICYCLE_DEATH_COUNT,BICYCLE_SUSP_SERIOUS_INJ_COUNT,BUS_COUNT,CHLDPAS_DEATH_COUNT,CHLDPAS_SUSP_SERIOUS_INJ_COUNT,COLLISION_TYPE,COMM_VEH_COUNT,CONS_ZONE_SPD_LIM,COUNTY,CRASH_MONTH,CRASH_YEAR,DAY_OF_WEEK,DEC_LAT,DEC_LONG,DISPATCH_TM,DISTRICT,DRIVER_COUNT_16YR,DRIVER_COUNT_17YR,DRIVER_COUNT_18YR,DRIVER_COUNT_19YR,DRIVER_COUNT_20YR,DRIVER_COUNT_50_64YR,DRIVER_COUNT_65_74YR,DRIVER_COUNT_75PLUS,EST_HRS_CLOSED,FATAL_COUNT,HEAVY_TRUCK_COUNT,HORSE_BUGGY_COUNT,HOUR_OF_DAY,ILLUMINATION,INJURY_COUNT,INTERSECT_TYPE,INTERSECTION_RELATED,LANE_CLOSED,LATITUDE,LN_CLOSE_DIR,LOCATION_TYPE,LONGITUDE,MAX_SEVERITY_LEVEL,MCYCLE_DEATH_COUNT,MCYCLE_SUSP_SERIOUS_INJ_COUNT,MOTORCYCLE_COUNT,MUNICIPALITY,NONMOTR_COUNT,NONMOTR_DEATH_COUNT,NONMOTR_SUSP_SERIOUS_INJ_COUNT,NTFY_HIWY_MAINT,PED_COUNT,PED_DEATH_COUNT,PED_SUSP_SERIOUS_INJ_COUNT,PERSON_COUNT,POLICE_AGCY,POSSIBLE_INJ_COUNT,RDWY_SURF_TYPE_CD,RELATION_TO_ROAD,ROAD_CONDITION,ROADWAY_CLEARED,SCH_BUS_IND,SCH_ZONE_IND,SECONDARY_CRASH,SMALL_TRUCK_COUNT,SPEC_JURIS_CD,SUSP_MINOR_INJ_COUNT,SUSP_SERIOUS_INJ_COUNT,SUV_COUNT,TCD_FUNC_CD,TCD_TYPE,TFC_DETOUR_IND,TIME_OF_DAY,TOT_INJ_COUNT,TOTAL_UNITS,UNB_DEATH_COUNT,UNB_SUSP_SERIOUS_INJ_COUNT,UNBELTED_OCC_COUNT,UNK_INJ_DEG_COUNT,UNK_INJ_PER_COUNT,URBAN_AREA,URBAN_RURAL,VAN_COUNT,VEHICLE_COUNT,WEATHER1,WEATHER2,WORK_ZONE_IND,WORK_ZONE_LOC,WORK_ZONE_TYPE,WORKERS_PRES,WZ_CLOSE_DETOUR,WZ_FLAGGER,WZ_LAW_OFFCR_IND,WZ_LN_CLOSURE,WZ_MOVING,WZ_OTHER,WZ_SHLDER_MDN,WZ_WORKERS_INJ_KILLED
2007022325,228.0,0,0,0,0,0,0,0,0,0,4,0,,67,12,2006,2,40.0442,-75.1661,2225.0,6,0,0,0,0,0,0,0,0,,0,0,0,2,3,0,1,,0.0,40 02:39.264,,0,75 09:57.884,9,0,0,0,67301,0,0,0,N,0,0,0,2,67301,0,,1,1,,N,N,,1,,0,0,0,9,3,,224,0,2,0,0,0,0,1,3,4,0,2,3,,N,,,,,,,,,,,
2007022341,2020.0,1,0,0,0,0,0,0,0,0,1,0,,67,12,2006,4,39.9028,-75.2248,2013.0,6,0,0,0,0,1,0,0,0,,0,0,0,19,3,2,0,,0.0,39 54:09.000,,0,75 13:29.371,4,0,0,0,67301,1,0,0,N,0,0,0,2,67301,2,,2,1,,N,N,,0,,0,0,1,0,0,,1927,2,2,0,0,0,0,0,3,4,0,2,3,,N,,,,,,,,,,,
2007032672,,2,0,0,0,0,0,0,0,0,4,0,,67,6,2006,7,40.051,-75.0607,,6,0,0,0,0,0,1,0,0,,0,0,0,17,1,1,2,,0.0,40 03:03.628,,0,75 03:38.383,8,0,0,0,67301,0,0,0,,0,0,0,2,00000,0,,1,98,,,,,0,,0,0,0,9,9,,1700,1,2,0,0,0,1,0,3,4,0,2,99,,N,,,,,,,,,,,
2007022685,2141.0,2,0,0,0,0,0,0,0,0,4,0,,67,12,2006,2,40.0504,-75.0576,2140.0,6,0,0,0,0,0,0,1,0,,0,0,0,21,3,4,2,,0.0,40 03:01.000,,0,75 03:27.256,4,0,0,0,67301,0,0,0,N,0,0,0,4,67301,4,,1,9,,N,N,,0,,0,0,0,0,0,,2135,4,2,0,0,0,0,0,3,4,0,2,7,,N,,,,,,,,,,,
2006024587,1330.0,2,0,0,0,0,0,0,0,0,5,0,,67,1,2006,1,40.0609,-75.1679,1321.0,6,0,0,0,0,0,1,0,0,,0,0,0,99,1,1,1,,0.0,40 03:39.000,,1,75 10:04.185,4,0,0,0,67301,0,0,0,N,0,0,0,2,67301,1,,1,1,,N,N,,0,,0,0,0,0,0,,9999,1,2,0,0,0,0,0,3,4,0,2,3,,N,,,,,,,,,,,
2006102763,1240.0,2,0,0,0,0,0,0,0,0,4,0,,67,8,2006,1,40.0167,-75.0836,1240.0,6,0,0,0,0,0,0,0,0,1.0,0,0,0,99,3,4,1,,1.0,40 01:00.000,6.0,0,75 05:01.125,4,0,0,0,67301,0,0,0,N,0,0,0,5,67301,4,,1,1,,N,N,,0,,0,0,0,3,2,N,9999,4,2,0,0,0,0,0,3,4,0,2,3,,N,,,,,,,,,,,
2006102767,1518.0,2,0,0,0,0,0,0,0,0,2,0,,67,9,2006,4,40.0397,-75.0847,1515.0,6,0,0,0,0,0,0,0,0,,0,0,0,15,1,0,0,,0.0,40 02:22.971,,0,75 05:04.918,0,0,0,0,67301,0,0,0,N,0,0,0,1,67301,0,,6,1,,N,Y,,0,,0,0,0,0,0,,1510,0,2,0,0,0,0,0,3,4,0,2,3,,N,,,,,,,,,,,
2006103159,1540.0,0,0,0,0,0,0,0,0,0,1,0,,67,9,2006,6,40.1047,-75.0015,1537.0,6,0,0,0,0,0,1,0,0,9.0,0,0,0,15,1,1,1,,1.0,40 06:16.000,1.0,0,75 00:04.652,8,0,0,0,67301,0,0,0,N,0,0,0,3,67301,0,,1,1,,N,N,,0,,0,0,1,3,2,Y,1500,1,2,0,0,2,1,1,3,4,1,2,3,,N,,,,,,,,,,,
2006103168,940.0,2,0,0,0,0,0,0,0,0,4,0,,67,9,2006,6,40.0527,-75.236,936.0,6,0,0,0,0,0,0,0,0,,0,0,0,9,1,0,0,,0.0,40 03:09.709,,0,75 14:09.718,0,0,0,0,67301,0,0,0,N,0,0,0,1,67301,0,,6,9,,N,N,,0,,0,0,0,0,0,,925,0,2,0,0,0,0,0,3,4,0,2,7,,N,,,,,,,,,,,
2006103191,1235.0,3,0,0,0,0,0,0,0,0,5,0,,67,8,2006,7,40.0411,-75.1791,1230.0,6,0,0,0,0,0,0,1,0,,0,0,0,12,1,1,2,,0.0,40 02:28.000,,0,75 10:45.014,4,0,0,0,67301,0,0,0,N,0,0,0,2,67301,1,,1,1,,N,N,,0,,0,0,0,0,0,,1225,1,3,0,0,0,0,0,3,4,0,3,3,,N,,,,,,,,,,,
2006103196,1830.0,1,0,0,0,0,0,0,0,0,8,0,,67,9,2006,6,39.9514,-75.1551,1823.0,6,0,0,0,0,0,0,0,0,,0,0,0,18,1,0,2,,0.0,39 57:04.000,,0,75 09:18.445,9,0,0,0,67301,1,0,0,,1,0,0,2,67301,0,,1,1,,,,,0,,0,0,0,3,2,,1815,0,2,0,0,1,0,1,3,4,0,1,3,,N,,,,,,,,,,,
2006032589,30.0,1,0,0,0,0,0,0,0,0,6,0,,67,2,2006,1,,,25.0,6,0,0,0,0,0,0,0,0,,0,0,0,0,3,2,0,,0.0,,,0,,8,0,0,0,67301,0,0,0,N,0,0,0,4,67301,0,,1,1,,N,N,,0,,0,0,1,0,0,,20,2,2,0,0,1,2,0,3,3,0,2,3,,N,,,,,,,,,,,
2006079294,1250.0,1,0,0,0,0,0,1,0,0,5,1,,67,7,2006,5,39.9537,-75.1575,1245.0,6,0,0,0,0,0,1,0,0,,0,0,0,99,1,1,0,,0.0,39 57:13.000,,0,75 09:27.138,8,0,0,0,67301,0,0,0,N,0,0,0,42,67301,0,,6,1,,N,N,,0,,0,0,0,0,0,,9999,1,2,0,0,2,1,0,3,4,0,2,3,,N,,,,,,,,,,,
2006079641,1828.0,1,0,0,0,0,0,0,0,0,8,0,,67,6,2006,6,,,1822.0,6,0,0,0,0,0,0,0,0,,0,0,0,18,1,1,1,,0.0,,,0,,4,0,0,0,67301,1,0,0,N,1,0,0,2,67301,1,,1,1,,N,N,,0,,0,0,0,0,0,,1820,1,2,0,0,0,0,0,3,3,0,1,3,,N,,,,,,,,,,,
2006079919,2003.0,1,0,0,0,0,0,0,0,0,8,0,,67,5,2006,1,39.9883,-75.1842,2001.0,6,0,0,0,0,0,0,0,0,,1,0,0,20,4,0,0,,0.0,39 59:17.883,,0,75 11:03.012,1,0,0,0,67301,1,1,0,N,1,1,0,4,67301,0,2.0,1,1,,N,N,,0,0.0,0,0,0,0,0,,2000,0,2,0,0,0,0,0,3,4,0,1,3,,N,,,,,,,,,,,
2006079937,2000.0,2,0,0,0,0,0,0,0,0,1,0,,67,6,2006,7,40.0393,-75.1917,2000.0,6,0,0,0,0,0,0,0,0,,0,0,0,20,4,3,1,,0.0,40 02:21.314,,0,75 11:30.256,4,0,0,0,67301,0,0,0,N,0,0,0,4,67301,1,,1,9,,N,N,,0,,0,0,0,3,2,,2000,3,2,0,0,0,2,0,3,4,0,2,7,,N,,,,,,,,,,,
2006082420,1951.0,2,0,0,0,0,0,0,0,0,1,0,,67,7,2006,6,,,1949.0,6,0,0,0,0,0,0,0,0,,0,0,0,19,4,1,1,,0.0,,,0,,8,0,0,0,67301,0,0,0,N,0,0,0,2,67504,0,,1,1,,N,N,,0,,0,0,0,3,2,,1947,1,2,0,0,0,1,0,3,3,0,2,3,,N,,,,,,,,,,,
2006082505,1540.0,0,0,0,1,0,0,0,0,0,4,0,,67,5,2006,5,39.9587,-75.1621,1536.0,6,0,0,0,0,0,0,0,0,,0,0,0,15,1,1,2,,0.0,39 57:31.000,,0,75 09:43.317,4,0,0,0,67301,1,0,0,N,0,0,0,2,67301,1,,1,1,,N,N,,0,,0,0,0,0,0,,1540,1,2,0,0,0,0,0,3,4,1,1,3,,N,,,,,,,,,,,
2006082506,838.0,2,0,0,0,0,0,0,0,0,4,0,,67,7,2006,1,,,835.0,6,0,0,0,0,0,0,1,0,,0,0,0,8,1,0,1,,0.0,,,0,,9,0,0,0,67301,0,0,0,N,0,0,0,3,67301,0,,1,1,,N,N,,0,,0,0,0,3,2,,830,0,2,0,0,0,0,1,3,3,0,2,3,,N,,,,,,,,,,,
2006082526,750.0,2,0,0,0,0,0,0,0,0,1,0,,67,5,2006,2,40.0221,-75.1376,744.0,6,0,0,0,0,0,0,0,0,,0,0,0,7,1,1,0,,0.0,40 01:20.280,,0,75 08:14.280,8,0,0,0,67301,0,0,0,,0,0,0,2,67301,0,,1,1,,N,N,,0,,0,0,0,3,2,,715,1,2,0,0,2,1,0,3,4,0,2,3,,N,,,,,,,,,,,
2006026152,1900.0,0,0,0,0,0,0,0,0,0,8,0,,67,1,2006,6,40.0235,-75.08,1900.0,6,0,0,0,0,0,1,0,0,,0,0,0,18,3,2,1,,0.0,40 01:24.736,,0,75 04:47.909,8,0,0,0,67301,1,0,0,N,1,0,0,3,67301,0,,1,1,,N,N,,0,,0,0,0,9,2,,1845,2,2,0,0,0,2,1,3,4,1,1,5,,N,,,,,,,,,,,
2007023670,344.0,1,0,0,0,0,0,0,0,0,7,0,,67,12,2006,7,40.0078,-75.1504,340.0,6,0,0,0,0,0,0,0,0,1.0,0,0,0,99,3,0,0,,1.0,40 00:27.900,5.0,0,75 09:01.300,0,0,0,0,67301,0,0,0,N,0,0,0,1,67301,0,,5,1,,N,N,,0,,0,0,0,0,0,Y,9999,0,1,0,0,0,0,0,3,4,0,1,3,,N,,,,,,,,,,,
2007023680,741.0,1,0,0,0,0,0,0,0,0,4,0,,67,12,2006,3,39.9966,-75.1589,739.0,6,0,0,0,0,0,0,0,0,2.0,0,0,0,7,1,0,2,,2.0,39 59:47.792,5.0,0,75 09:32.111,0,0,0,0,67301,0,0,0,,0,0,0,2,67301,0,,1,1,,N,N,,0,,0,0,1,3,3,Y,738,0,2,0,0,2,0,0,3,4,0,2,3,,N,,,,,,,,,,,
2007023080,2250.0,3,0,0,0,0,0,0,0,0,1,0,,67,12,2006,6,39.9979,-75.0974,2250.0,6,0,0,0,0,0,1,0,0,,0,0,0,21,3,0,0,,0.0,39 59:52.000,,1,75 05:50.753,0,0,0,0,67301,0,0,0,N,0,0,0,5,67301,0,,1,9,,N,N,,0,,0,0,0,0,0,,2107,0,3,0,0,0,0,0,3,4,0,3,7,,N,,,,,,,,,,,
2007022186,1349.0,1,0,0,0,0,0,0,0,0,4,0,,67,12,2006,5,40.0457,-75.0315,1344.0,6,0,0,0,0,0,0,0,0,,0,0,0,13,1,0,1,,0.0,40 02:44.000,,0,75 01:53.444,0,0,0,0,67301,0,0,0,N,0,0,0,2,67301,0,,1,1,,N,N,,0,,0,0,1,0,0,,1344,0,2,0,0,0,0,0,3,4,0,2,3,,N,,,,,,,,,,,
2007010948,1735.0,1,0,0,0,0,0,0,0,0,4,0,,67,11,2006,3,39.9182,-75.233,1725.0,6,0,0,0,0,0,0,0,0,,0,0,0,16,3,2,1,,0.0,39 55:05.527,,0,75 13:58.911,8,0,0,0,67301,0,0,0,N,0,0,0,3,67301,0,,1,1,,N,N,,0,,0,0,1,3,2,,1655,2,2,0,0,0,2,1,3,4,0,2,3,,N,,,,,,,,,,,
2007008449,9999.0,1,0,0,0,0,0,0,0,0,8,0,,67,11,2006,3,39.9982,-75.1748,1730.0,6,0,0,0,0,0,0,0,0,,0,0,0,16,4,1,0,,0.0,39 59:53.426,,0,75 10:29.326,3,0,0,0,67301,1,0,0,N,1,0,0,3,67301,0,,1,1,,N,N,,0,,1,0,0,0,0,,1650,1,2,0,0,0,0,0,3,4,0,1,3,,N,,,,,,,,,,,
2007034401,,1,0,0,0,0,0,0,0,0,4,0,,67,9,2006,1,40.039,-75.0779,,6,0,0,0,0,0,0,0,0,,0,0,0,2,6,2,0,,0.0,40 02:20.000,,0,75 04:40.309,8,0,0,0,67301,0,0,0,N,0,0,0,4,,0,,1,1,,N,N,,1,,0,0,0,0,0,,230,2,2,0,0,0,2,2,3,4,0,2,3,,N,,,,,,,,,,,
2007008871,9999.0,2,0,0,0,0,0,0,0,0,4,0,,67,11,2006,3,40.0176,-75.1548,135.0,6,0,0,0,0,0,0,0,0,,0,0,0,1,3,0,1,,0.0,40 01:03.000,,0,75 09:17.632,0,0,0,0,67301,0,0,0,N,0,0,0,2,67301,0,,1,9,,N,N,,0,,0,0,0,9,3,,125,0,2,0,0,0,0,0,3,4,0,2,7,,N,,,,,,,,,,,
2007022157,1350.0,1,0,0,0,0,0,0,0,0,1,0,,67,12,2006,4,40.05,-75.051,1344.0,6,0,0,0,0,0,0,0,0,,0,0,0,13,1,1,0,,0.0,40 03:00.127,,0,75 03:03.530,4,0,0,0,67301,0,0,0,N,0,0,0,2,67301,1,,1,1,,N,N,,0,,0,0,1,0,0,,1342,1,2,0,0,0,0,0,3,4,0,2,3,,N,,,,,,,,,,,
2007009786,1525.0,1,0,0,0,0,0,0,0,0,4,0,,67,12,2006,6,39.9198,-75.1883,1525.0,6,0,0,0,0,0,1,0,0,,0,0,0,15,1,0,1,,0.0,39 55:11.208,,0,75 11:17.768,0,0,0,0,67301,0,0,0,N,0,0,0,5,67301,0,,1,1,,N,N,,0,,0,0,1,3,2,,1520,0,2,0,0,0,0,0,3,4,0,2,3,,N,,,,,,,,,,,
2007007491,1853.0,1,0,0,0,0,0,0,0,0,5,0,,67,11,2006,3,39.9753,-75.1683,1847.0,6,0,1,0,0,0,0,0,0,,0,0,0,99,3,2,2,,0.0,39 58:31.000,,0,75 10:05.911,3,0,0,0,67301,0,0,0,N,0,0,0,2,67301,0,,5,1,,N,N,,0,,1,0,1,0,0,,9999,2,2,0,0,0,1,0,3,4,0,2,3,,N,,,,,,,,,,,
2007007569,2006.0,2,0,0,0,0,0,0,0,0,1,0,,67,11,2006,2,40.0598,-75.2382,2006.0,6,0,0,0,0,0,1,0,0,,0,0,0,20,3,1,1,,0.0,40 03:35.000,,0,75 14:17.573,8,0,0,0,67301,0,0,0,N,0,0,0,2,67301,0,,2,9,,N,N,,0,,0,0,0,0,0,,2006,1,2,0,0,0,1,0,3,4,0,2,7,,N,,,,,,,,,,,
2007007744,1430.0,1,0,0,0,0,0,0,0,0,4,0,,67,11,2006,3,39.9673,-75.172,1425.0,6,0,0,0,0,0,0,0,0,,0,0,0,14,1,2,2,,0.0,39 58:02.211,,0,75 10:19.343,4,0,0,0,67301,0,0,0,N,0,0,0,3,67301,2,,1,1,,N,N,,1,,0,0,0,3,2,,1420,2,2,0,0,0,0,0,3,4,0,2,3,,N,,,,,,,,,,,
2007007749,535.0,3,0,0,0,0,0,0,0,0,1,0,,67,11,2006,2,40.0296,-75.1032,535.0,6,0,0,0,0,0,1,0,0,,0,0,0,5,5,1,1,,0.0,40 01:46.000,,0,75 06:11.771,8,0,0,0,67301,0,0,0,N,0,0,0,3,67301,0,,1,1,,N,N,,0,,0,0,0,3,2,,530,1,3,0,0,1,1,0,3,4,0,3,3,,N,,,,,,,,,,,
2007007697,1812.0,0,0,0,0,0,0,0,0,0,8,0,,67,11,2006,1,40.0205,-75.0537,1809.0,6,0,0,0,0,0,1,0,0,,0,0,0,18,3,1,1,,0.0,40 01:13.000,,0,75 03:13.463,4,0,0,0,67301,1,0,0,N,1,0,0,2,67301,1,,1,9,,N,N,,1,,0,0,0,0,0,,1808,1,2,0,0,0,0,0,3,4,0,1,7,,N,,,,,,,,,,,
2007007708,1315.0,1,0,0,0,0,0,0,0,0,4,0,,67,11,2006,1,40.0934,-75.0313,1313.0,6,0,0,0,0,0,0,0,0,,0,1,0,13,1,1,1,,0.0,40 05:35.000,,0,75 01:52.384,8,0,0,0,67301,0,0,0,N,0,0,0,4,67301,0,,1,9,,N,N,,0,,0,0,0,3,2,,1313,1,2,0,0,0,1,0,3,4,0,2,7,,N,,,,,,,,,,,
2007020871,347.0,2,0,0,0,0,0,0,0,0,4,0,,67,12,2006,5,40.0294,-75.0627,342.0,6,0,0,0,0,0,0,0,0,,0,0,0,0,3,2,5,,0.0,40 01:45.000,,0,75 03:45.831,4,0,0,0,67301,0,0,0,N,0,0,0,2,67301,1,,1,1,,N,N,,0,,0,0,0,3,2,,34,2,2,0,0,0,1,0,3,4,0,2,3,,N,,,,,,,,,,,
2007020875,1545.0,1,0,0,0,0,0,0,0,0,8,0,,67,12,2006,7,39.9636,-75.196,1541.0,6,0,0,0,0,0,0,0,0,,0,0,0,15,1,1,1,,0.0,39 57:48.877,,0,75 11:45.452,4,0,0,0,67301,1,0,0,,1,0,0,2,67301,1,,1,1,,,,,0,,0,0,0,9,3,,1524,1,2,0,0,0,0,0,3,4,0,1,3,,N,,,,,,,,,,,
2007032722,,2,0,0,0,0,0,0,0,0,1,0,,67,3,2006,1,40.0432,-75.0233,,6,0,0,0,0,0,0,0,0,,0,0,0,17,1,1,0,,0.0,40 02:35.418,,0,75 01:23.706,8,0,0,0,67301,0,0,0,N,0,0,0,2,00000,0,,1,1,,N,N,,0,,0,0,0,0,0,,1730,1,2,0,0,2,1,1,3,4,0,2,3,,N,,,,,,,,,,,
2007007114,1230.0,1,0,0,0,0,0,0,0,0,4,0,,67,12,2006,1,39.9579,-75.1642,1228.0,6,0,0,0,0,0,0,0,0,,0,0,0,12,1,3,1,,0.0,39 57:28.080,,2,75 09:51.120,3,0,0,0,67301,0,0,0,N,0,0,0,3,67301,0,,1,1,,N,N,,2,,1,0,0,3,2,,1228,3,3,0,0,0,2,0,3,4,0,3,3,,N,,,,,,,,,,,
2007032640,,2,0,0,0,0,0,0,0,0,1,0,,67,7,2006,7,39.9674,-75.1809,,6,0,0,0,0,0,1,0,0,,0,0,0,4,6,3,1,,0.0,39 58:02.000,,0,75 10:52.021,4,0,0,0,67301,0,0,0,N,0,0,0,4,,2,,1,1,,N,N,,0,,0,0,0,3,2,,435,3,2,0,0,1,1,1,3,4,0,2,3,,N,,,,,,,,,,,
2007022507,822.0,1,0,0,0,0,0,0,0,0,7,0,,67,12,2006,3,39.9673,-75.1807,820.0,6,0,0,0,0,0,0,0,0,,0,0,0,8,1,1,3,,0.0,39 58:02.000,,0,75 10:51.275,4,0,0,0,67301,0,0,0,N,0,0,0,1,67301,1,,2,9,,N,N,,0,,0,0,0,3,2,,816,1,1,0,0,0,0,0,3,4,0,1,7,,N,,,,,,,,,,,
2006103213,2212.0,1,0,0,0,0,0,0,0,0,8,0,,67,8,2006,7,39.9917,-75.1369,2210.0,6,0,0,0,0,0,0,0,0,,0,0,0,22,3,1,0,,0.0,39 59:30.000,,0,75 08:12.976,3,0,0,0,67301,1,0,0,N,1,0,0,2,67301,0,,1,1,,N,N,,0,,1,0,0,3,2,,2210,1,2,0,0,1,0,0,3,4,0,1,3,,N,,,,,,,,,,,
2006102807,1235.0,2,0,0,0,0,0,1,0,0,5,1,,67,9,2006,6,39.9452,-75.1418,1224.0,6,0,0,0,0,0,0,1,0,,0,0,0,12,1,1,1,,0.0,39 56:42.000,,0,75 08:30.965,4,0,0,0,67301,0,0,0,N,0,0,0,3,67301,1,,1,1,,N,N,,0,,0,0,0,3,2,,1200,1,3,0,0,0,0,0,3,4,0,3,3,,N,,,,,,,,,,,
2006035960,644.0,1,0,0,0,0,0,0,0,0,7,0,,67,1,2006,7,39.9742,-75.1341,639.0,6,0,0,0,0,0,0,0,0,,0,0,0,6,5,0,0,,0.0,39 58:27.206,,0,75 08:02.770,0,0,0,0,67301,0,0,0,,0,0,0,2,67301,0,,4,1,,,,,0,,0,0,0,0,0,,625,0,1,0,0,0,0,0,3,4,0,1,3,,N,,,,,,,,,,,
2006035963,508.0,1,0,0,0,0,0,0,0,0,1,0,,67,2,2006,6,39.922,-75.1483,500.0,6,0,0,0,0,0,0,0,0,,0,0,0,5,1,0,0,,0.0,39 55:19.246,,0,75 08:53.775,0,0,0,0,67301,2,0,0,N,0,0,0,3,67301,0,,6,1,,N,N,,1,,0,0,0,0,0,,500,0,3,0,0,0,0,0,3,4,1,3,3,,N,,,,,,,,,,,
2006048066,2329.0,2,0,0,0,0,0,0,0,0,8,0,,67,4,2006,7,40.0204,-75.1538,2325.0,6,0,0,0,0,0,1,0,0,9.0,1,0,0,23,3,0,0,,2.0,40 01:13.000,1.0,0,75 09:13.750,1,0,0,0,67301,1,1,0,,1,1,0,4,67301,0,1.0,1,1,,N,N,,0,0.0,0,0,0,0,0,Y,2325,0,3,0,0,0,0,0,3,4,0,2,3,,N,,,,,,,,,,,
2006037563,2313.0,1,0,0,0,0,0,0,0,0,7,0,,67,2,2006,7,40.1114,-75.0009,2313.0,6,0,1,0,0,0,0,0,0,1.0,0,0,0,23,3,0,1,,1.0,40 06:41.000,3.0,0,75 00:03.270,0,0,0,0,67301,0,0,0,N,0,0,0,1,67301,0,,3,9,,N,N,,0,,0,0,0,0,0,N,2313,0,1,0,0,0,0,0,3,4,0,1,3,,N,,,,,,,,,,,
2006081742,1618.0,2,0,0,0,0,0,0,0,0,1,0,,67,7,2006,3,40.0295,-75.1033,1613.0,6,0,0,0,1,0,0,0,0,,0,0,0,16,1,1,2,,0.0,40 01:46.000,,0,75 06:13.839,4,0,0,0,67301,0,0,0,N,0,0,0,3,67301,1,,1,9,,N,N,,0,,0,0,0,2,2,,1610,1,2,0,0,3,0,0,3,4,0,2,7,,N,,,,,,,,,,,
2006079205,2255.0,3,0,0,0,0,0,0,0,0,8,0,,67,4,2006,6,40.042,-75.0041,2249.0,6,0,0,0,0,0,0,0,0,4.0,0,0,0,22,3,4,0,,2.0,40 02:31.000,2.0,0,75 00:13.386,2,0,0,0,67301,1,0,1,N,1,0,1,5,67301,0,,1,1,,N,N,,0,,3,1,0,0,0,N,2245,4,4,0,0,2,0,0,3,4,0,3,3,,N,,,,,,,,,,,
2006082089,1410.0,2,0,0,0,0,0,0,0,0,2,0,,67,5,2006,4,40.1292,-75.0249,1400.0,6,0,0,0,0,0,0,0,0,,0,0,0,14,1,1,2,,0.0,39 58:11.000,,0,75 07:29.748,4,0,0,0,67301,0,0,0,N,0,0,0,2,67301,1,,1,1,,N,N,,0,,0,0,0,3,2,,1400,1,2,0,0,1,0,0,3,4,0,2,3,,N,,,,,,,,,,,
2006082120,1921.0,2,0,0,0,0,0,0,0,0,5,0,,67,6,2006,3,40.0372,-75.1365,1919.0,6,0,0,0,0,0,0,0,0,1.0,0,0,0,19,1,5,2,,2.0,40 02:14.000,7.0,0,75 08:11.350,4,0,0,0,67301,0,0,0,N,0,0,0,5,67301,5,,1,1,,N,N,,0,,0,0,0,3,3,Y,1915,5,2,0,0,0,0,0,3,4,0,2,3,,N,,,,,,,,,,,
2006079639,1526.0,1,0,0,0,0,0,0,0,0,8,0,,67,6,2006,4,40.043,-75.1198,1517.0,6,0,0,1,0,0,0,0,0,,0,0,0,15,1,1,0,,0.0,40 02:34.789,,0,75 07:11.103,4,0,0,0,67301,1,0,0,N,1,0,0,2,67301,1,,1,9,,N,Y,,0,,0,0,0,3,1,,1514,1,2,0,0,0,0,1,3,4,0,1,7,,N,,,,,,,,,,,
2006079918,2151.0,2,0,0,0,0,0,0,0,0,4,0,,67,6,2006,6,,,2150.0,6,0,0,0,0,1,0,0,0,,0,0,0,21,3,1,2,,0.0,,,0,,4,0,0,0,67301,0,0,0,N,0,0,0,3,67301,1,,1,9,,N,N,,0,,0,0,0,3,3,,2150,1,2,0,0,0,0,0,3,3,0,2,7,,N,,,,,,,,,,,
2006079927,1350.0,1,0,0,1,0,0,0,0,0,4,0,,67,6,2006,5,,,1347.0,6,0,0,0,0,0,1,0,0,,0,0,0,13,1,1,2,,0.0,,,0,,8,0,0,0,67301,1,0,0,N,0,0,0,2,67301,0,,1,1,,N,N,,0,,0,0,0,3,2,,1345,1,2,0,0,0,1,0,3,3,0,1,3,,N,,,,,,,,,,,
2006079821,1650.0,1,0,0,1,0,0,0,0,0,6,0,,67,7,2006,6,39.9265,-75.1764,1647.0,6,0,0,0,0,0,0,0,0,,0,0,0,16,1,1,2,,0.0,39 55:35.320,,0,75 10:34.892,3,0,0,0,67301,1,0,0,N,0,0,0,2,67301,0,,1,1,,N,N,,0,,1,0,0,0,0,,1646,1,2,0,0,0,0,0,3,4,0,1,3,,N,,,,,,,,,,,
2006079870,1925.0,1,0,0,0,0,0,0,0,0,8,0,,67,6,2006,5,,,1922.0,6,0,0,0,0,0,0,0,0,,0,0,0,19,1,1,1,,0.0,,,0,,4,0,0,0,67301,1,0,0,N,1,0,0,2,67301,1,,9,1,,N,N,,0,,0,0,0,9,3,,1920,1,2,0,0,1,0,0,3,3,0,1,3,,N,,,,,,,,,,,
2006021083,1920.0,2,0,0,0,0,0,0,0,0,4,0,,67,1,2006,4,39.9968,-75.1034,1915.0,6,0,0,0,0,0,1,0,0,,0,0,0,19,3,3,2,,0.0,39 59:48.000,,0,75 06:12.168,4,0,0,0,67301,0,0,0,,0,0,0,4,67301,3,,1,9,,N,N,,0,,0,0,0,3,2,,1900,3,2,0,0,0,0,1,3,4,0,2,7,,N,,,,,,,,,,,