CRN,ARRIVAL_TM,AUTOMOBILE_COUNT,BELTED_DEATH_COUNT,BELTED_SUSP_SERIOUS_INJ_COUNT,BICYCLE_COUNT,BICYCLE_DEATH_COUNT,BICYCLE_SUSP_SERIOUS_INJ_COUNT,BUS_COUNT,CHLDPAS_DEATH_COUNT,CHLDPAS_SUSP_SERIOUS_INJ_COUNT,COLLISION_TYPE,COMM_VEH_COUNT,CONS_ZONE_SPD_LIM,COUNTY,CRASH_MONTH,CRASH_YEAR,DAY_OF_WEEK,DEC_LAT,DEC_LONG,DISPATCH_TM,DISTRICT,DRIVER_COUNT_16YR,DRIVER_COUNT_17YR,DRIVER_COUNT_18YR,DRIVER_COUNT_19YR,DRIVER_COUNT_20YR,DRIVER_COUNT_50_64YR,DRIVER_COUNT_65_74YR,DRIVER_COUNT_75PLUS,EST_HRS_CLOSED,FATAL_COUNT,HEAVY_TRUCK_COUNT,HORSE_BUGGY_COUNT,HOUR_OF_DAY,ILLUMINATION,INJURY_COUNT,INTERSECT_TYPE,INTERSECTION_RELATED,LANE_CLOSED,LATITUDE,LN_CLOSE_DIR,LOCATION_TYPE,LONGITUDE,MAX_SEVERITY_LEVEL,MCYCLE_DEATH_COUNT,MCYCLE_SUSP_SERIOUS_INJ_COUNT,MOTORCYCLE_COUNT,MUNICIPALITY,NONMOTR_COUNT,NONMOTR_DEATH_COUNT,NONMOTR_SUSP_SERIOUS_INJ_COUNT,NTFY_HIWY_MAINT,PED_COUNT,PED_DEATH_COUNT,PED_SUSP_SERIOUS_INJ_COUNT,PERSON_COUNT,POLICE_AGCY,POSSIBLE_INJ_COUNT,RDWY_SURF_TYPE_CD,RELATION_TO_ROAD,ROAD_CONDITION,ROADWAY_CLEARED,SCH_BUS_IND,SCH_ZONE_IND,SECONDARY_CRASH,SMALL_TRUCK_COUNT,SPEC_JURIS_CD,SUSP_MINOR_INJ_COUNT,SUSP_SERIOUS_INJ_COUNT,SUV_COUNT,TCD_FUNC_CD,TCD_TYPE,TFC_DETOUR_IND,TIME_OF_DAY,TOT_INJ_COUNT,TOTAL_UNITS,UNB_DEATH_COUNT,UNB_SUSP_SERIOUS_INJ_COUNT,UNBELTED_OCC_COUNT,UNK_INJ_DEG_COUNT,UNK_INJ_PER_COUNT,URBAN_AREA,URBAN_RURAL,VAN_COUNT,VEHICLE_COUNT,WEATHER1,WEATHER2,WORK_ZONE_IND,WORK_ZONE_LOC,WORK_ZONE_TYPE,WORKERS_PRES,WZ_CLOSE_DETOUR,WZ_FLAGGER,WZ_LAW_OFFCR_IND,WZ_LN_CLOSURE,WZ_MOVING,WZ_OTHER,WZ_SHLDER_MDN,WZ_WORKERS_INJ_KILLED
2007054580,932.0,1,0,0,0,0,0,0,0,0,8,0,,67,12,2006,6,40.0342,-75.216,929.0,6,0,0,0,0,0,0,0,0,,0,0,0,99,1,1,1,,0.0,40 02:02.739,,0,75 12:57.251,3,0,0,0,67301,1,0,0,N,1,0,0,2,67301,0,,1,1,,N,N,,0,,1,0,0,9,2,,9999,1,2,0,0,0,0,0,3,4,0,1,3,,N,,,,,,,,,,,
2007006871,1605.0,0,0,0,0,0,0,0,0,0,1,0,,67,11,2006,3,40.0803,-75.1808,1601.0,6,0,0,0,0,0,0,0,0,,0,0,0,15,1,1,0,,0.0,40 04:49.100,,0,75 10:51.000,8,0,0,0,67301,0,0,0,N,0,0,0,2,67301,0,,1,9,,N,N,,1,,0,0,1,3,2,,1515,1,2,0,0,0,1,0,3,4,0,2,7,,N,,,,,,,,,,,
2007023076,1340.0,1,0,0,0,0,0,0,0,0,7,0,,67,12,2006,5,,,1330.0,6,0,0,0,0,0,1,0,0,1.0,0,0,0,13,1,1,1,,1.0,,1.0,0,,3,0,0,0,67301,0,0,0,N,0,0,0,2,67301,0,,5,1,,N,N,,0,,1,0,0,0,0,N,1330,1,1,0,0,0,0,0,3,3,0,1,3,,N,,,,,,,,,,,
2007023190,1821.0,1,0,0,1,0,0,0,0,0,4,0,,67,12,2006,7,40.0089,-75.1611,1818.0,6,0,0,0,0,0,0,0,0,1.0,0,0,0,18,3,1,1,,2.0,40 00:31.935,7.0,0,75 09:39.959,8,0,0,0,67301,1,0,0,N,0,0,0,2,67301,0,,1,1,,N,N,,0,,0,0,0,3,3,N,1817,1,2,0,0,0,1,0,3,4,0,1,3,,N,,,,,,,,,,,
2007020795,910.0,2,0,0,0,0,0,0,0,0,1,0,,67,12,2006,6,39.9428,-75.1661,907.0,6,0,0,1,0,0,0,0,0,,0,0,0,9,1,1,0,,0.0,39 56:34.116,,0,75 09:57.927,8,0,0,0,67301,0,0,0,N,0,0,0,3,67301,0,,1,1,,N,N,,0,,0,0,0,0,0,,900,1,2,0,0,3,1,0,3,4,0,2,3,,N,,,,,,,,,,,
2007022184,224.0,0,0,0,0,0,0,0,0,0,7,0,,67,10,2006,1,40.0544,-74.9942,221.0,6,0,0,0,0,0,0,0,0,,0,0,0,2,3,1,2,,0.0,40 03:16.012,,0,74 59:39.101,8,0,0,0,67301,0,0,0,N,0,0,0,1,67301,0,,5,1,,N,N,,0,,0,0,1,3,3,,200,1,1,0,0,0,1,0,3,4,0,1,3,,N,,,,,,,,,,,
2007034474,,1,0,0,0,0,0,0,0,0,4,0,,67,3,2006,6,40.017,-75.0492,,6,0,0,0,0,0,0,0,0,,0,0,0,7,1,1,1,,0.0,40 01:01.286,,0,75 02:57.152,8,0,0,0,67301,0,0,0,N,0,0,0,3,,0,,1,1,,N,N,,0,,0,0,0,3,2,,730,1,2,0,0,0,1,0,3,4,0,2,3,,N,,,,,,,,,,,
2007010929,1749.0,3,0,0,0,0,0,0,0,0,4,0,,67,11,2006,4,39.9354,-75.2204,1747.0,6,0,0,0,0,1,0,0,0,,0,0,0,17,3,1,1,,0.0,39 56:07.602,,0,75 13:13.393,3,0,0,0,67301,0,0,0,N,0,0,0,2,67301,0,,1,9,,N,N,,0,,1,0,0,3,2,,1745,1,3,0,0,0,0,0,3,4,0,3,7,,N,,,,,,,,,,,
2007008494,1545.0,2,0,0,0,0,0,0,0,0,4,0,,67,11,2006,2,40.0173,-75.078,1537.0,6,0,0,0,1,0,0,0,0,,0,0,0,15,1,1,1,,0.0,40 01:02.251,,0,75 04:40.763,8,0,0,0,67301,0,0,0,,0,0,0,3,67301,0,,1,9,,N,,,0,,0,0,0,3,3,,1530,1,2,0,0,0,1,1,3,4,0,2,7,,N,,,,,,,,,,,
2007008521,249.0,1,0,0,0,0,0,0,0,0,5,0,,67,11,2006,2,39.969,-75.1917,246.0,6,0,0,0,0,0,1,0,0,,0,0,0,2,3,0,0,,0.0,39 58:12.000,,0,75 11:33.641,9,0,0,0,67301,0,0,0,N,0,0,0,2,67301,0,,1,9,,N,N,,1,,0,0,0,0,0,,235,0,2,0,0,0,0,1,3,4,0,2,7,,N,,,,,,,,,,,
2007008529,9999.0,1,0,0,0,0,0,0,0,0,4,0,,67,11,2006,5,39.9662,-75.1601,9999.0,6,0,0,0,0,0,0,1,0,,0,0,0,99,1,8,2,,0.0,39 57:58.000,,0,75 09:36.458,3,0,0,0,67301,0,0,0,N,0,0,0,9,67301,0,,1,1,,N,N,,0,,5,0,0,9,2,,9999,8,2,0,0,0,3,0,3,4,1,2,3,,N,,,,,,,,,,,
2007008553,1316.0,2,0,0,0,0,0,0,0,0,1,0,,67,12,2006,6,39.9987,-75.1589,1311.0,6,0,0,0,1,0,0,0,0,,0,0,0,13,1,1,0,,0.0,39 59:55.208,,0,75 09:31.955,4,0,0,0,67301,0,0,0,N,0,0,0,1,67301,1,,2,9,,N,N,,0,,0,0,0,0,0,,1310,1,2,0,0,0,0,0,3,4,0,2,7,,N,,,,,,,,,,,
2007011180,1330.0,3,0,0,0,0,0,0,0,0,2,0,,67,12,2006,3,40.0169,-75.1495,1300.0,6,0,0,0,0,0,0,0,0,,0,0,0,13,1,2,1,,0.0,40 01:01.000,,0,75 08:58.575,3,0,0,0,67301,0,0,0,,0,0,0,3,67301,0,,1,1,,N,N,,0,,2,0,0,3,2,,1300,2,3,0,0,0,0,0,3,4,0,3,3,,N,,,,,,,,,,,
2007034400,,0,0,0,0,0,0,0,0,0,8,0,,67,10,2006,7,,,,6,0,0,0,0,0,0,0,0,,0,0,0,99,6,1,0,,0.0,,,0,,3,0,0,0,67301,1,0,0,N,1,0,0,2,,0,,1,1,,N,N,,0,,1,0,0,0,0,,9999,1,2,0,0,0,0,0,3,3,0,1,3,,N,,,,,,,,,,,
2007021534,1535.0,0,0,0,0,0,0,0,0,0,4,0,,67,12,2006,6,39.904,-75.2401,1533.0,6,0,0,0,0,0,0,0,0,,0,0,0,99,1,2,1,,0.0,39 54:14.000,,0,75 14:25.050,3,0,0,0,67301,0,0,0,N,0,0,0,3,67301,1,,1,9,,N,N,,0,,1,0,1,3,2,,9999,2,2,0,0,0,0,0,3,4,1,2,7,,N,,,,,,,,,,,
2007007131,2015.0,1,0,0,0,0,0,0,0,0,5,0,,67,11,2006,5,39.9602,-75.1518,2010.0,6,0,0,0,0,0,0,0,0,,0,0,0,20,3,2,0,,0.0,39 57:36.800,,7,75 09:06.500,4,0,0,0,67301,0,0,0,,0,0,0,4,67301,2,,1,9,,,,,0,,0,0,0,0,0,,2005,2,2,0,0,0,0,0,3,4,1,2,7,,N,,,,,,,,,,,
2007007164,1656.0,1,0,0,0,0,0,0,0,0,1,0,,67,11,2006,5,40.0031,-75.1643,1656.0,6,0,0,0,0,0,1,0,0,,0,0,0,15,1,2,10,,0.0,40 00:11.000,,0,75 09:51.792,4,0,0,0,67301,0,0,0,N,0,0,0,2,67301,2,,1,9,,N,N,,0,,0,0,1,0,0,,1549,2,2,0,0,0,0,0,3,4,0,2,7,,N,,,,,,,,,,,
2007007551,100.0,1,0,0,0,0,0,0,0,0,2,0,,67,11,2006,1,40.1121,-75.0269,57.0,6,0,0,0,0,0,1,0,0,,0,0,0,0,3,2,0,,0.0,40 06:43.534,,0,75 01:36.865,3,0,0,0,67301,0,0,0,N,0,0,0,4,67301,0,,1,9,,N,N,,1,,2,0,0,0,0,,57,2,3,0,0,0,0,0,3,4,1,3,3,,N,,,,,,,,,,,
2007007696,1720.0,2,0,0,0,0,0,0,0,0,4,0,,67,11,2006,5,40.0613,-75.1721,1707.0,6,0,0,0,0,0,0,1,0,,0,0,0,15,1,2,1,,0.0,40 03:40.000,,0,75 10:19.517,8,0,0,0,67301,0,0,0,N,0,0,0,3,67301,0,,1,1,,N,N,,1,,0,0,0,3,3,,1525,2,3,0,0,0,2,0,3,4,0,3,3,,N,,,,,,,,,,,
2007006966,805.0,1,0,0,0,0,0,0,0,0,7,0,,67,11,2006,7,39.981,-75.187,758.0,6,0,0,0,1,0,0,0,0,1.0,0,0,0,7,1,2,2,,1.0,39 58:51.718,4.0,0,75 11:13.340,8,0,0,0,67301,0,0,0,N,0,0,0,2,67301,0,,4,1,,N,N,,0,,0,0,0,3,3,N,757,2,1,0,0,0,2,0,3,4,0,1,3,,N,,,,,,,,,,,
2007022270,1652.0,2,0,0,0,0,0,0,0,0,4,0,,67,10,2006,1,40.0879,-74.9806,1646.0,6,0,0,0,0,0,0,0,0,,0,0,0,99,1,2,1,,0.0,40 05:16.483,,0,74 58:50.188,4,0,0,0,67301,0,0,0,N,0,0,0,4,67301,2,,1,1,,N,N,,0,,0,0,0,9,3,,9999,2,2,0,0,0,0,0,3,4,0,2,3,,N,,,,,,,,,,,
2007022278,1550.0,1,0,0,0,0,0,0,0,0,4,0,,67,10,2006,6,40.0844,-75.0354,1546.0,6,0,0,0,1,0,0,0,0,1.0,0,0,0,99,1,1,1,,1.0,40 05:03.000,3.0,0,75 02:07.508,4,0,0,0,67301,0,0,0,N,0,0,0,3,67301,1,,1,1,,N,N,,0,,0,0,0,0,0,N,9999,1,2,0,0,0,0,0,3,4,1,2,3,,N,,,,,,,,,,,
2007022346,140.0,1,0,0,0,0,0,0,0,0,4,0,,67,12,2006,4,,,139.0,6,0,0,0,0,0,1,0,0,,0,0,0,1,6,1,0,,0.0,,,0,,4,0,0,0,67301,0,0,0,N,0,0,0,2,67301,1,,1,9,,N,N,,0,,0,0,0,0,0,,130,1,2,0,0,0,0,0,3,3,1,2,7,,N,,,,,,,,,,,
2007022765,14.0,1,0,0,0,0,0,0,0,0,7,0,,67,12,2006,5,39.9744,-75.1941,8.0,6,0,0,0,0,0,0,0,0,,0,0,0,0,3,1,0,,0.0,39 58:32.000,,0,75 11:40.868,4,0,0,0,67301,0,0,0,N,0,0,0,1,67301,1,,2,1,,N,N,,0,,0,0,0,0,0,,7,1,1,0,0,0,0,0,3,4,0,1,3,,N,,,,,,,,,,,
2006079289,1330.0,3,0,0,0,0,0,0,0,0,1,0,,67,6,2006,7,,,1330.0,6,0,0,0,0,0,0,0,0,,0,0,0,13,1,1,0,,0.0,,,0,,4,0,0,0,67301,0,0,0,N,0,0,0,6,67301,1,,1,1,,N,N,,0,,0,0,0,0,0,,1328,1,3,0,0,0,0,0,3,3,0,3,3,,N,,,,,,,,,,,
2006079206,1653.0,1,0,0,1,0,0,0,0,0,4,0,,67,6,2006,3,39.9631,-75.1899,1652.0,6,0,0,0,0,0,0,0,0,,0,0,0,16,1,1,1,,0.0,39 57:47.150,,0,75 11:23.780,8,0,0,0,67301,1,0,0,N,0,0,0,2,67301,0,,1,1,,N,N,,0,,0,0,0,3,2,,1650,1,2,0,0,0,1,0,3,4,0,1,3,,N,,,,,,,,,,,
2006079208,1430.0,2,0,0,0,0,0,0,0,0,1,0,,67,6,2006,3,39.9715,-75.1596,1425.0,6,0,0,0,0,1,0,0,0,,0,0,0,14,1,1,0,,0.0,39 58:17.400,,0,75 09:34.560,8,0,0,0,67301,0,0,0,N,0,0,0,2,67301,0,,1,9,,N,N,,0,,0,0,0,0,0,,1420,1,2,0,0,0,1,0,3,4,0,2,3,,N,,,,,,,,,,,
2006092430,230.0,2,0,0,0,0,0,0,0,0,4,0,,67,7,2006,2,40.0652,-75.1753,220.0,6,0,0,0,0,0,0,0,0,9.0,1,0,0,2,3,2,1,,2.0,40 03:54.000,7.0,0,75 10:31.132,1,0,0,0,67301,0,0,0,N,0,0,0,4,67301,1,2.0,1,1,,N,N,,0,0.0,1,0,0,3,2,Y,218,2,2,0,0,0,0,0,3,4,0,2,3,,N,,,,,,,,,,,
2006082070,1237.0,1,0,0,0,0,0,0,0,0,8,0,,67,6,2006,1,39.9513,-75.1993,1233.0,6,0,0,0,0,0,0,0,0,,0,0,0,12,1,1,2,,0.0,39 57:04.640,,0,75 11:57.352,4,0,0,0,67301,1,0,0,N,1,0,0,2,67301,1,,1,1,,N,N,,0,,0,0,0,3,2,,1225,1,2,0,0,0,0,0,3,4,0,1,3,,N,,,,,,,,,,,
2006082094,2106.0,1,0,0,0,0,0,0,0,0,8,0,,67,6,2006,3,39.989,-75.1409,2005.0,6,0,0,0,0,0,0,0,0,,0,0,0,20,4,1,1,,0.0,39 59:20.443,,0,75 08:27.250,3,0,0,0,67301,1,0,0,N,1,0,0,2,67301,0,,9,1,,N,N,,0,,1,0,0,0,0,,2045,1,2,0,0,0,0,1,3,4,0,1,3,,N,,,,,,,,,,,
2006082122,1657.0,1,0,0,1,0,0,0,0,0,8,0,,67,5,2006,7,,,1653.0,6,0,0,0,0,0,0,0,0,,0,0,0,14,1,1,0,,0.0,,,0,,4,0,0,0,67301,1,0,0,N,0,0,0,3,67301,1,,1,1,,N,N,,0,,0,0,0,0,0,,1450,1,2,0,0,0,0,0,3,3,0,1,3,,N,,,,,,,,,,,
2006079946,1043.0,1,0,0,0,0,0,1,0,0,3,0,,67,7,2006,5,,,1040.0,6,0,0,0,0,0,1,0,0,,0,0,0,10,1,1,0,,0.0,,,0,,8,0,0,0,67301,2,0,0,N,0,0,0,3,67301,0,,6,1,,N,N,,0,,0,0,0,0,0,,1032,1,2,0,0,0,1,0,3,3,0,2,3,,N,,,,,,,,,,,
2006082507,919.0,2,0,0,0,0,0,0,0,0,4,0,,67,6,2006,3,40.0613,-75.1721,917.0,6,0,0,0,0,0,1,0,0,,0,0,0,9,1,1,1,,0.0,40 03:40.000,,0,75 10:19.517,4,0,0,0,67301,0,0,0,N,0,0,0,3,67301,1,,1,1,,N,N,,0,,0,0,0,3,3,,917,1,2,0,0,0,0,0,3,4,0,2,3,,N,,,,,,,,,,,
2006082516,1954.0,2,0,0,0,0,0,0,0,0,4,0,,67,6,2006,2,,,1951.0,6,0,0,0,0,0,0,0,0,,0,0,0,19,1,2,1,,0.0,,,0,,4,0,0,0,67301,0,0,0,N,0,0,0,2,67301,2,,1,1,,N,N,,0,,0,0,0,3,3,,1946,2,2,0,0,0,0,0,3,3,0,2,3,,N,,,,,,,,,,,
2006018655,1000.0,2,0,0,0,0,0,0,0,0,4,0,,67,1,2006,2,40.0402,-75.0767,957.0,6,0,0,0,0,0,0,0,1,,0,0,0,9,1,1,0,,0.0,40 02:24.000,,0,75 04:36.224,8,0,0,0,67301,0,0,0,N,0,0,0,2,67301,0,,1,9,,N,N,,0,,0,0,0,0,0,,949,1,2,0,0,0,1,0,3,4,0,2,3,,N,,,,,,,,,,,
2007054569,1927.0,1,0,0,0,0,0,0,0,0,2,0,,67,12,2006,6,40.0293,-75.207,1917.0,6,0,0,0,0,0,1,0,0,3.0,0,0,0,19,3,1,0,,1.0,40 01:45.620,3.0,0,75 12:25.088,3,0,0,0,67301,0,0,0,N,0,0,0,3,67301,0,,1,9,,N,N,,0,,1,0,1,0,0,Y,1905,1,2,0,0,0,0,0,3,4,0,2,7,,N,,,,,,,,,,,
2007006876,2107.0,2,0,0,0,0,0,0,0,0,4,0,,67,11,2006,6,40.0811,-75.0289,2100.0,6,0,0,0,0,0,0,0,0,,0,0,0,20,3,2,1,,0.0,40 04:51.000,,0,75 01:44.143,8,0,0,0,67301,0,0,0,N,0,0,0,2,67301,0,,1,1,,N,N,,0,,0,0,0,2,2,,2045,2,2,0,0,1,2,0,3,4,0,2,3,,N,,,,,,,,,,,
2007023089,1012.0,1,0,0,0,0,0,0,0,0,4,0,,67,12,2006,3,39.996,-75.0921,1005.0,6,0,0,0,0,0,1,0,0,,0,0,0,10,1,1,1,,0.0,39 59:45.000,,0,75 05:31.705,8,0,0,0,67301,0,0,0,N,0,0,0,2,67301,0,,1,9,,N,N,,0,,0,0,1,3,2,,1000,1,2,0,0,0,1,0,3,4,0,2,3,,N,,,,,,,,,,,
2007023824,55.0,1,0,0,0,0,0,0,0,0,1,0,,67,12,2006,3,40.0206,-75.1569,43.0,6,0,0,0,0,1,0,1,0,2.0,0,0,0,0,3,1,0,,2.0,40 01:14.000,1.0,0,75 09:24.860,8,0,0,0,67301,0,0,0,N,0,0,0,4,67301,0,,1,9,,N,N,,0,,0,0,1,9,7,Y,40,1,3,0,0,0,1,3,3,4,1,3,7,,N,,,,,,,,,,,
2007032570,,0,0,0,1,0,0,0,0,0,4,0,,67,10,2006,2,,,,6,0,0,0,0,0,0,0,0,,0,0,0,99,6,1,1,,0.0,,,0,,3,0,0,0,67301,1,0,0,N,0,0,0,2,,0,,1,1,,N,N,,0,,1,0,0,0,0,,9999,1,2,0,0,0,0,1,3,3,0,1,3,,N,,,,,,,,,,,
2007029565,840.0,0,0,0,0,0,0,0,0,0,4,0,,67,11,2006,3,40.007,-75.0687,837.0,6,0,0,0,0,0,0,0,0,1.0,0,0,0,8,1,1,0,,2.0,40 00:25.200,2.0,2,75 04:07.680,3,0,0,1,67301,0,0,0,N,0,0,0,3,67301,0,,1,9,,N,N,,1,,1,0,0,0,0,Y,837,1,2,0,0,0,0,0,3,4,0,2,3,,N,,,,,,,,,,,
2007008522,935.0,1,0,0,0,0,0,0,0,0,4,0,,67,11,2006,2,39.9653,-75.2015,929.0,6,0,0,0,0,0,1,0,0,,0,0,0,99,1,1,1,,0.0,39 57:55.040,,0,75 12:05.565,4,0,0,0,67301,0,0,0,N,0,0,0,2,67301,1,,1,1,,N,N,,1,,0,0,0,9,3,,9999,1,2,0,0,2,0,0,3,4,0,2,3,,N,,,,,,,,,,,
2007008536,112.0,1,0,0,0,0,0,0,0,0,1,0,,67,11,2006,6,39.9959,-75.1339,112.0,6,0,0,0,0,0,0,0,0,,0,0,0,1,3,1,0,,0.0,39 59:45.386,,0,75 08:02.007,4,0,0,0,67301,0,0,0,N,0,0,0,1,67301,1,,2,1,,N,N,,0,,0,0,1,0,0,,105,1,2,0,0,0,0,0,3,4,0,2,3,,N,,,,,,,,,,,
2007021763,946.0,1,0,0,0,0,0,0,0,0,8,0,,67,12,2006,5,40.0364,-75.1306,945.0,6,0,0,0,0,0,0,0,0,,0,0,0,9,1,1,1,,0.0,40 02:11.000,,0,75 07:50.102,8,0,0,0,67301,1,0,0,N,1,0,0,2,67301,0,,1,1,,N,N,,0,,0,0,0,3,2,,940,1,2,0,0,0,1,1,3,4,0,1,3,,N,,,,,,,,,,,
2007007974,340.0,0,0,0,0,0,0,0,0,0,8,0,,67,11,2006,1,39.9748,-75.1457,338.0,6,0,0,0,0,0,0,0,0,,0,0,0,3,3,1,0,,0.0,39 58:29.121,,0,75 08:44.585,4,0,0,0,67301,1,0,0,N,1,0,0,2,67301,1,,9,1,,N,N,,0,,0,0,0,0,0,,338,1,2,0,0,0,0,0,3,4,1,1,3,,N,,,,,,,,,,,
2007007980,1835.0,1,0,0,0,0,0,0,0,0,8,0,,67,11,2006,5,39.9743,-75.1771,1830.0,6,0,0,0,0,0,0,0,0,,0,0,0,18,3,1,2,,0.0,39 58:27.559,,0,75 10:37.595,4,0,0,0,67301,1,0,0,N,1,0,0,2,67301,1,,1,9,,N,N,,0,,0,0,0,0,0,,1800,1,2,0,0,0,0,0,3,4,0,1,7,,N,,,,,,,,,,,
2007021956,2257.0,1,0,0,0,0,0,0,0,0,7,0,,67,12,2006,4,40.11,-74.9934,2247.0,6,0,0,0,0,0,0,0,0,1.0,0,0,0,22,3,0,0,,2.0,40 06:27.000,1.0,2,74 59:41.183,0,0,0,0,67301,0,0,0,Y,0,0,0,1,67301,0,,2,1,,N,N,,0,,0,0,0,0,0,N,2245,0,1,0,0,0,0,0,3,4,0,1,5,,N,,,,,,,,,,,
2007007082,1620.0,2,0,0,0,0,0,0,0,0,2,0,,67,11,2006,1,,,1615.0,6,0,0,0,0,0,0,0,0,,0,0,0,15,1,1,0,,0.0,,,0,,4,0,0,0,67301,0,0,0,N,0,0,0,2,67301,1,,1,1,,N,N,,0,,0,0,0,0,0,,1515,1,2,0,0,0,0,0,3,3,0,2,3,,N,,,,,,,,,,,
2007007092,609.0,1,0,0,0,0,0,0,0,0,7,0,,67,11,2006,5,39.9772,-75.1998,558.0,6,0,0,0,0,0,0,0,0,1.0,0,0,0,5,3,1,0,,2.0,39 58:39.000,3.0,0,75 12:03.902,8,0,0,0,67301,0,0,0,N,0,0,0,2,67301,0,,3,9,,N,N,,1,,0,0,0,0,0,N,556,1,2,0,0,0,1,0,3,4,0,2,7,,N,,,,,,,,,,,
2007007100,1751.0,2,0,0,0,0,0,0,0,0,1,0,,67,11,2006,5,40.0421,-75.1253,1750.0,6,0,0,0,0,0,0,0,0,,0,0,0,17,3,1,0,,0.0,40 02:31.400,,0,75 07:31.000,8,0,0,0,67301,0,0,0,N,0,0,0,4,67301,0,,1,9,,N,N,,0,,0,0,0,0,0,,1725,1,2,0,0,0,1,0,3,4,0,2,7,,N,,,,,,,,,,,
2007007127,2005.0,2,0,0,0,0,0,0,0,0,2,0,,67,12,2006,1,40.0233,-75.0768,2005.0,6,0,0,0,0,1,1,0,0,3.0,0,0,0,20,3,2,1,,2.0,40 01:23.000,5.0,0,75 04:36.879,8,0,0,0,67301,0,0,0,N,0,0,0,2,67301,0,,1,1,,N,N,,0,,0,0,0,3,2,Y,2005,2,2,0,0,0,2,0,3,4,0,2,3,,N,,,,,,,,,,,
2007007143,1235.0,3,0,0,0,0,0,0,0,0,1,0,,67,11,2006,6,40.0009,-75.1248,1230.0,6,0,0,0,0,0,2,0,0,,0,0,0,11,1,1,0,,0.0,40 00:03.000,,0,75 07:29.455,4,0,0,0,67301,0,0,0,N,0,0,0,4,67301,1,,1,1,,N,N,,0,,0,0,0,0,0,,1150,1,4,0,0,0,0,1,3,4,1,4,3,,N,,,,,,,,,,,
2007007152,1820.0,1,0,0,0,0,0,0,0,0,1,0,,67,12,2006,7,40.0294,-75.0627,1817.0,6,0,0,0,0,0,0,0,0,,0,0,0,17,4,1,1,,0.0,40 01:45.000,,0,75 03:45.789,8,0,0,0,67301,0,0,0,N,0,0,0,3,67301,0,,1,1,,N,N,,1,,0,0,0,3,2,,1751,1,2,0,0,0,1,1,3,4,0,2,3,,N,,,,,,,,,,,
2007009807,2303.0,1,0,0,0,0,0,0,0,0,4,0,,67,12,2006,3,40.0086,-75.0688,2301.0,6,0,0,0,0,0,0,0,0,,0,0,0,22,3,3,1,,0.0,40 00:31.000,,0,75 04:08.237,3,0,0,0,67301,0,0,0,N,0,0,0,3,67301,0,,1,1,,N,N,,0,,3,0,0,9,2,,2250,3,2,0,0,3,0,0,3,4,1,2,3,,N,,,,,,,,,,,
2007007507,217.0,1,0,0,0,0,0,0,0,0,8,0,,67,11,2006,1,40.1317,-75.0122,217.0,6,0,0,0,0,0,0,0,0,,0,0,0,2,3,1,1,,0.0,40 07:53.000,,0,75 00:43.890,4,0,0,0,67301,1,0,0,N,1,0,0,2,67301,1,,1,1,,N,N,,0,,0,0,0,3,2,,217,1,2,0,0,1,0,0,3,4,0,1,3,,N,,,,,,,,,,,
2007007689,1959.0,2,0,0,0,0,0,0,0,0,4,0,,67,11,2006,4,40.0634,-75.1559,1955.0,6,0,0,0,0,1,0,0,0,,0,0,0,19,3,0,0,,0.0,40 03:48.286,,0,75 09:21.243,0,0,0,0,67301,0,0,0,N,0,0,0,1,67301,0,,1,1,,N,N,,0,,0,0,0,0,0,,1945,0,2,0,0,0,0,0,3,4,0,2,3,,N,,,,,,,,,,,
2007007714,1340.0,1,0,0,0,0,0,0,0,0,7,0,,67,11,2006,2,40.0667,-75.1962,1330.0,6,0,0,0,0,0,0,0,0,,0,0,0,13,1,2,0,,0.0,40 04:00.155,,0,75 11:46.428,4,0,0,0,67301,0,0,0,N,0,0,0,2,67301,1,,2,9,,N,N,,0,,0,0,0,0,0,,1329,2,1,0,0,0,1,0,3,4,0,1,3,,N,,,,,,,,,,,
2007020869,1540.0,0,0,0,0,0,0,0,0,0,8,0,,67,12,2006,2,40.0072,-75.0987,1540.0,6,0,0,0,0,0,1,0,0,,0,0,0,15,1,1,1,,0.0,40 00:25.000,,0,75 05:55.462,4,0,0,0,67301,1,0,0,N,1,0,0,2,67301,1,,1,9,,N,N,,1,,0,0,0,9,2,,1530,1,2,0,0,0,0,0,3,4,0,1,3,,N,,,,,,,,,,,
2007055783,1932.0,2,0,0,0,0,0,0,0,0,2,0,,67,10,2006,5,39.9471,-75.1416,1914.0,6,0,0,0,0,0,0,0,0,,0,0,0,19,3,1,2,,0.0,39 56:39.000,,0,75 08:31.907,4,0,0,0,67301,0,0,0,N,0,0,0,2,67301,1,,1,1,,N,N,,0,,0,0,0,9,2,,1913,1,2,0,0,0,0,0,3,4,0,2,3,,N,,,,,,,,,,,
2007008568,525.0,1,0,0,0,0,0,0,0,0,0,0,,67,11,2006,2,39.9977,-75.1588,521.0,6,0,0,0,0,0,0,0,0,,0,0,0,99,3,1,0,,0.0,39 59:51.597,,0,75 09:31.590,8,0,0,0,67301,0,0,0,,0,0,0,1,67301,0,,1,9,,,,,0,,0,0,0,0,0,,9999,1,1,0,0,0,1,0,3,4,0,1,7,,N,,,,,,,,,,,