CRN,ARRIVAL_TM,AUTOMOBILE_COUNT,BELTED_DEATH_COUNT,BELTED_SUSP_SERIOUS_INJ_COUNT,BICYCLE_COUNT,BICYCLE_DEATH_COUNT,BICYCLE_SUSP_SERIOUS_INJ_COUNT,BUS_COUNT,CHLDPAS_DEATH_COUNT,CHLDPAS_SUSP_SERIOUS_INJ_COUNT,COLLISION_TYPE,COMM_VEH_COUNT,CONS_ZONE_SPD_LIM,COUNTY,CRASH_MONTH,CRASH_YEAR,DAY_OF_WEEK,DEC_LAT,DEC_LONG,DISPATCH_TM,DISTRICT,DRIVER_COUNT_16YR,DRIVER_COUNT_17YR,DRIVER_COUNT_18YR,DRIVER_COUNT_19YR,DRIVER_COUNT_20YR,DRIVER_COUNT_50_64YR,DRIVER_COUNT_65_74YR,DRIVER_COUNT_75PLUS,EST_HRS_CLOSED,FATAL_COUNT,HEAVY_TRUCK_COUNT,HORSE_BUGGY_COUNT,HOUR_OF_DAY,ILLUMINATION,INJURY_COUNT,INTERSECT_TYPE,INTERSECTION_RELATED,LANE_CLOSED,LATITUDE,LN_CLOSE_DIR,LOCATION_TYPE,LONGITUDE,MAX_SEVERITY_LEVEL,MCYCLE_DEATH_COUNT,MCYCLE_SUSP_SERIOUS_INJ_COUNT,MOTORCYCLE_COUNT,MUNICIPALITY,NONMOTR_COUNT,NONMOTR_DEATH_COUNT,NONMOTR_SUSP_SERIOUS_INJ_COUNT,NTFY_HIWY_MAINT,PED_COUNT,PED_DEATH_COUNT,PED_SUSP_SERIOUS_INJ_COUNT,PERSON_COUNT,POLICE_AGCY,POSSIBLE_INJ_COUNT,RDWY_SURF_TYPE_CD,RELATION_TO_ROAD,ROAD_CONDITION,ROADWAY_CLEARED,SCH_BUS_IND,SCH_ZONE_IND,SECONDARY_CRASH,SMALL_TRUCK_COUNT,SPEC_JURIS_CD,SUSP_MINOR_INJ_COUNT,SUSP_SERIOUS_INJ_COUNT,SUV_COUNT,TCD_FUNC_CD,TCD_TYPE,TFC_DETOUR_IND,TIME_OF_DAY,TOT_INJ_COUNT,TOTAL_UNITS,UNB_DEATH_COUNT,UNB_SUSP_SERIOUS_INJ_COUNT,UNBELTED_OCC_COUNT,UNK_INJ_DEG_COUNT,UNK_INJ_PER_COUNT,URBAN_AREA,URBAN_RURAL,VAN_COUNT,VEHICLE_COUNT,WEATHER1,WEATHER2,WORK_ZONE_IND,WORK_ZONE_LOC,WORK_ZONE_TYPE,WORKERS_PRES,WZ_CLOSE_DETOUR,WZ_FLAGGER,WZ_LAW_OFFCR_IND,WZ_LN_CLOSURE,WZ_MOVING,WZ_OTHER,WZ_SHLDER_MDN,WZ_WORKERS_INJ_KILLED
2007009355,235.0,0,0,0,0,0,0,0,0,0,8,0,,67,11,2006,7,39.9676,-75.2479,230.0,6,0,0,0,0,0,0,0,0,,0,0,0,2,3,1,1,,0.0,39 58:03.270,,0,75 14:52.313,8,0,0,0,67301,1,0,0,N,1,0,0,2,67301,0,,1,1,,N,N,,0,,0,0,0,0,0,,220,1,2,0,0,0,1,1,3,4,0,1,3,,N,,,,,,,,,,,
2007007120,1348.0,2,0,0,0,0,0,0,0,0,4,0,,67,11,2006,4,39.9926,-75.103,1341.0,6,0,0,0,1,1,0,0,0,,0,0,0,13,1,2,2,,0.0,39 59:33.273,,0,75 06:10.861,8,0,0,0,67301,0,0,0,N,0,0,0,3,67301,0,,1,9,,N,,,0,,0,0,0,3,3,,1335,2,2,0,0,0,2,1,3,4,0,2,7,,N,,,,,,,,,,,
2007009200,1230.0,1,0,0,0,0,0,0,0,0,1,0,,67,12,2006,2,40.0136,-75.1693,1227.0,6,0,0,0,0,0,0,0,0,2.0,0,0,0,12,1,3,0,,1.0,40 00:49.000,5.0,0,75 10:09.781,8,0,0,0,67301,0,0,0,N,0,0,0,4,67301,0,,1,1,,N,N,,0,,0,0,3,0,0,N,1217,3,4,0,0,0,3,0,3,4,0,4,3,,N,,,,,,,,,,,
2007032584,,0,0,0,0,0,0,0,0,0,1,0,,67,7,2006,6,,,,6,0,0,0,0,0,0,0,0,,0,0,0,11,1,1,0,,0.0,,,0,,8,0,0,0,67301,0,0,0,N,0,0,0,2,00000,0,,1,1,,N,N,,0,,0,0,0,0,0,,1100,1,2,0,0,0,1,1,3,3,1,2,3,,N,,,,,,,,,,,
2007032605,,1,0,0,0,0,0,0,0,0,4,0,,67,10,2006,4,40.0464,-75.1853,,6,0,0,0,0,0,1,0,0,,0,0,0,99,1,0,1,,0.0,40 02:47.022,,0,75 11:07.029,9,0,0,0,67301,0,0,0,N,0,0,0,2,,0,,1,1,,N,N,,1,,0,0,0,0,0,,9999,0,2,0,0,0,0,1,3,4,0,2,3,,N,,,,,,,,,,,
2007022230,1023.0,1,0,0,0,0,0,0,0,0,4,0,,67,12,2006,4,39.9843,-75.2457,1019.0,6,0,0,0,0,0,0,0,0,,0,0,0,10,1,0,0,,0.0,39 59:03.000,,7,75 14:44.569,0,0,0,0,67301,0,0,0,N,0,0,0,5,67301,0,,1,1,,N,N,,1,,0,0,0,0,0,,1015,0,2,0,0,0,0,0,3,4,0,2,3,,N,,,,,,,,,,,
2007022365,628.0,1,0,0,0,0,0,0,0,0,8,0,,67,6,2006,2,39.9519,-75.1599,627.0,6,0,0,0,0,0,0,0,0,,0,0,0,99,5,1,1,,0.0,39 57:06.961,,0,75 09:35.508,4,0,0,0,67301,1,0,0,N,1,0,0,3,67301,1,,1,9,,N,N,,0,,0,0,0,3,2,,9999,1,2,0,0,1,0,0,3,4,0,1,98,,N,,,,,,,,,,,
2007022532,1245.0,0,0,0,0,0,0,1,0,0,4,1,,67,12,2006,3,39.9775,-75.1484,1241.0,6,0,0,0,0,0,1,0,0,,0,0,0,12,1,6,1,,0.0,39 58:38.895,,0,75 08:54.409,4,0,0,0,67301,0,0,0,N,0,0,0,8,67301,6,,1,1,,N,N,,1,,0,0,0,3,2,,1241,6,2,0,0,1,0,0,3,4,0,2,3,,N,,,,,,,,,,,
2006116090,1315.0,2,0,0,0,0,0,0,0,0,1,0,,67,10,2006,4,39.9856,-75.1038,1310.0,6,0,0,0,0,0,0,0,0,,0,0,0,13,1,1,0,,0.0,39 59:08.000,,0,75 06:13.461,4,0,0,0,67301,0,0,0,N,0,0,0,2,67301,1,,1,1,,N,N,,0,,0,0,0,0,0,,1305,1,2,0,0,0,0,1,3,4,0,2,3,,N,,,,,,,,,,,
2006116102,130.0,1,0,0,0,0,0,0,0,0,8,0,,67,10,2006,6,40.015,-75.1352,130.0,6,0,0,0,0,0,0,0,0,,0,0,0,21,3,1,1,,0.0,40 00:54.079,,0,75 08:06.611,8,0,0,0,67301,1,0,0,N,1,0,0,2,67301,0,,1,1,,N,N,,0,,0,0,0,3,2,,2100,1,2,0,0,0,1,1,3,4,0,1,3,,N,,,,,,,,,,,
2006056457,1357.0,1,0,0,0,0,0,0,0,0,1,0,,67,3,2006,4,39.9695,-75.1395,1355.0,6,0,0,0,1,1,0,0,0,,0,1,0,13,1,1,1,,0.0,39 58:09.000,,0,75 08:22.195,3,0,0,0,67301,0,0,0,N,0,0,0,2,67301,0,,1,1,,N,N,,0,,1,0,0,3,2,,1350,1,2,0,0,1,0,0,3,4,0,2,3,,N,,,,,,,,,,,
2006056493,9999.0,1,0,0,0,0,0,0,0,0,8,0,,67,3,2006,5,,,1555.0,6,0,0,0,0,0,0,0,0,1.0,0,0,0,15,1,1,0,,1.0,,3.0,0,,3,0,0,0,67301,1,0,0,N,1,0,0,2,67301,0,,1,1,,N,Y,,0,,1,0,0,3,3,Y,1550,1,2,0,0,0,0,0,3,3,0,1,3,,N,,,,,,,,,,,
2006054021,1255.0,1,0,0,0,0,0,0,0,0,4,1,,67,3,2006,3,39.902,-75.1514,1246.0,6,0,0,0,0,0,0,0,0,2.0,0,1,0,12,1,0,0,,2.0,39 54:08.000,1.0,0,75 09:03.478,0,0,0,0,67301,0,0,0,Y,0,0,0,3,67301,0,,1,1,,N,N,,0,,0,0,0,0,0,Y,1240,0,3,0,0,0,0,0,3,4,1,3,3,,N,,,,,,,,,,,
2006033796,1937.0,1,0,0,0,0,0,0,0,0,1,1,,67,1,2006,6,39.9602,-75.1407,1930.0,6,0,0,0,0,0,1,0,0,,0,1,0,19,3,2,0,,0.0,39 57:27.000,,0,75 08:28.847,8,0,0,0,67301,0,0,0,,0,0,0,3,67301,0,,1,1,,N,N,,0,,0,0,0,0,0,,1930,2,2,0,0,0,2,0,3,4,0,2,3,,N,,,,,,,,,,,
2006033759,1916.0,1,0,0,0,0,0,0,0,0,7,0,,67,2,2006,7,39.9434,-75.247,1914.0,6,0,0,0,0,0,1,0,0,,0,0,0,19,3,2,0,,0.0,39 56:36.000,,3,75 14:48.840,3,0,0,0,67301,0,0,0,N,0,0,0,2,67301,1,,5,9,,N,N,,0,,1,0,0,0,0,,1911,2,1,0,0,0,0,0,3,4,0,1,7,,N,,,,,,,,,,,
2006036484,9999.0,1,0,0,0,0,0,0,0,0,8,0,,67,2,2006,4,,,9999.0,6,0,0,0,0,0,1,0,0,,0,0,0,99,1,1,1,,0.0,,,0,,4,0,0,0,67301,1,0,0,N,1,0,0,2,67301,1,,1,1,,N,N,,0,,0,0,0,0,0,,9999,1,2,0,0,0,0,0,3,3,0,1,3,,N,,,,,,,,,,,
2006024118,1930.0,2,0,0,0,0,0,0,0,0,1,0,,67,1,2006,7,39.945,-75.1908,1925.0,6,0,0,0,0,0,0,0,0,,0,0,0,19,3,1,6,,0.0,39 56:42.000,,2,75 11:26.961,4,0,0,0,67301,0,0,0,N,0,0,0,2,67301,1,,1,1,,N,N,,0,,0,0,0,3,4,,1920,1,2,0,0,0,0,0,3,4,0,2,3,,N,,,,,,,,,,,
2006019448,320.0,1,0,0,0,0,0,0,0,0,1,0,,67,1,2006,2,,,316.0,6,0,0,0,0,0,0,0,0,2.0,0,0,0,3,3,1,1,,2.0,,1.0,0,,8,0,0,0,67301,0,0,0,N,0,0,0,4,67301,0,,1,9,,N,N,,0,,0,0,1,3,3,Y,305,1,2,0,0,0,1,0,3,3,0,2,7,,N,,,,,,,,,,,
2006024586,1010.0,1,0,0,0,0,0,0,0,0,8,0,,67,1,2006,7,,,1002.0,6,0,0,0,0,1,0,0,0,,0,0,0,10,1,1,1,,0.0,,,0,,4,0,0,0,67301,1,0,0,N,1,0,0,2,67301,1,,1,9,,N,N,,0,,0,0,0,3,3,,1005,1,2,0,0,0,0,0,3,3,0,1,10,,N,,,,,,,,,,,
2006103126,1405.0,5,0,0,0,0,0,0,0,0,1,0,,67,9,2006,4,40.079,-75.0252,1400.0,6,0,0,0,0,0,1,1,0,,0,0,0,13,1,1,1,,0.0,40 04:44.000,,0,75 01:30.352,8,0,0,0,67301,0,0,0,N,0,0,0,5,67301,0,,1,1,,N,N,,0,,0,0,0,3,2,,1350,1,5,0,0,0,1,0,3,4,0,5,3,,N,,,,,,,,,,,
2006103144,1556.0,1,0,0,0,0,0,0,0,0,8,0,,67,9,2006,2,,,1546.0,6,0,0,0,0,0,1,0,0,,0,0,0,15,1,1,2,,0.0,,,0,,8,0,0,0,67301,1,0,0,N,1,0,0,4,67301,0,,1,1,,N,N,,0,,0,0,0,0,0,,1543,1,2,0,0,0,1,0,3,3,0,1,3,,N,,,,,,,,,,,
2006035931,1842.0,2,0,0,0,0,0,0,0,0,4,0,,67,1,2006,5,,,1837.0,6,0,0,0,0,0,1,0,0,2.0,0,0,0,18,3,2,1,,1.0,,2.0,0,,8,0,0,0,67301,0,0,0,N,0,0,0,3,67301,0,,1,1,,N,N,,0,,0,0,0,3,2,Y,1830,2,2,0,0,0,2,0,3,3,0,2,3,,N,,,,,,,,,,,
2006082095,715.0,1,0,0,0,0,0,0,0,0,8,0,,67,6,2006,4,39.9804,-75.1179,700.0,6,0,0,0,0,0,1,0,0,,0,0,0,6,1,1,1,,0.0,39 58:53.000,,0,75 07:02.615,4,0,0,0,67301,1,0,0,,1,0,0,2,67301,1,,1,9,,,,,0,,0,0,0,3,2,,658,1,2,0,0,0,0,1,3,4,0,1,7,,N,,,,,,,,,,,
2006082535,1855.0,2,0,0,0,0,0,0,0,0,2,0,,67,5,2006,2,,,1851.0,6,0,0,0,0,0,1,0,0,,0,0,0,18,1,0,0,,0.0,,,0,,0,0,0,0,67301,0,0,0,N,0,0,0,2,67301,0,,1,1,,N,N,,0,,0,0,0,0,0,,1805,0,2,0,0,0,0,0,3,3,0,2,3,,N,,,,,,,,,,,
2006079849,1605.0,1,0,0,0,0,0,0,0,0,1,1,,67,6,2006,7,40.0945,-75.015,1600.0,6,0,0,0,0,0,1,0,0,,0,1,0,15,1,2,1,,0.0,40 05:40.000,,0,75 00:53.758,3,0,0,0,67301,0,0,0,N,0,0,0,3,67301,0,,1,9,,N,N,,0,,2,0,0,3,2,,1515,2,2,0,0,0,0,0,3,4,0,2,7,,N,,,,,,,,,,,
2007006880,1115.0,0,0,0,0,0,0,0,0,0,4,0,,67,11,2006,6,40.0317,-75.2132,1101.0,6,0,0,0,0,0,0,0,0,1.0,0,0,0,10,1,1,0,,2.0,40 01:54.000,1.0,0,75 12:47.417,4,0,0,0,67301,0,0,0,N,0,0,0,2,67301,1,,1,1,,N,N,,1,,0,0,0,3,2,Y,1049,1,2,0,0,1,0,0,3,4,1,2,3,,N,,,,,,,,,,,
2007025811,1158.0,1,0,0,0,0,0,0,0,0,4,0,,67,12,2006,1,40.0571,-75.129,1153.0,6,0,0,0,1,0,0,1,0,,0,0,0,11,1,2,1,,0.0,40 03:25.000,,0,75 07:44.331,8,0,0,0,67301,0,0,0,N,0,0,0,2,46102,0,,1,1,,N,N,,0,,0,0,1,3,2,,1145,2,2,0,0,0,2,0,3,4,0,2,3,,N,,,,,,,,,,,
2007027217,9999.0,1,0,0,0,0,0,0,0,0,1,0,,67,12,2006,4,39.8897,-75.2336,9999.0,6,0,0,0,0,0,0,0,0,,0,0,0,11,1,1,3,,0.0,39 53:22.950,,0,75 14:01.043,8,0,0,0,67301,0,0,0,N,0,0,0,2,67301,0,,7,9,,N,N,,0,,0,0,1,9,4,,1147,1,2,0,0,0,1,0,3,4,0,2,7,,N,,,,,,,,,,,
2007008415,1220.0,2,0,0,0,0,0,0,0,0,1,0,,67,11,2006,7,40.039,-75.1446,1219.0,6,0,0,0,0,0,0,0,0,,0,0,0,12,1,3,1,,0.0,40 02:20.000,,0,75 08:40.639,4,0,0,0,67301,1,0,0,N,0,0,0,3,67301,3,,1,1,,N,N,,1,,0,0,0,3,2,,1218,3,3,0,0,0,0,0,3,4,0,3,3,,N,,,,,,,,,,,
2007010926,1532.0,1,0,0,0,0,0,0,0,0,1,0,,67,11,2006,4,39.9747,-75.1834,1529.0,6,0,0,0,0,0,0,0,0,,0,0,0,15,1,1,0,,0.0,39 58:28.000,,0,75 11:00.412,4,0,0,0,67301,0,0,0,N,0,0,0,3,67301,1,,1,9,,N,N,,0,,0,0,1,0,0,,1524,1,2,0,0,0,0,0,3,4,0,2,7,,N,,,,,,,,,,,
2007008500,1932.0,1,0,0,0,0,0,0,0,0,4,0,,67,12,2006,7,39.9571,-75.2143,1932.0,6,0,0,0,0,0,1,0,0,,0,0,0,19,3,3,1,,0.0,39 57:25.000,,0,75 12:51.656,4,0,0,0,67301,0,0,0,N,0,0,0,4,67301,3,,1,1,,N,N,,1,,0,0,1,9,2,,1932,3,3,0,0,0,0,0,3,4,0,3,3,,N,,,,,,,,,,,
2007008526,656.0,1,0,0,0,0,0,0,0,0,4,0,,67,11,2006,4,39.9438,-75.2379,652.0,6,0,0,0,0,0,1,0,0,,0,0,0,6,1,1,1,,0.0,39 56:37.717,,0,75 14:16.351,8,0,0,0,67301,0,0,0,N,0,0,0,2,67301,0,,1,1,,N,N,,0,,0,0,1,9,9,,651,1,2,0,0,0,1,0,3,4,0,2,3,,N,,,,,,,,,,,
2007007964,346.0,2,0,0,0,0,0,0,0,0,4,0,,67,11,2006,5,39.9726,-75.2542,339.0,6,0,0,0,0,0,0,0,0,,0,0,0,3,3,1,0,,0.0,39 58:21.360,,0,75 15:15.120,3,0,0,0,67301,0,0,0,N,0,0,0,1,67301,0,,6,9,,N,N,,1,,1,0,2,0,0,,332,1,5,0,0,1,0,0,3,4,0,5,7,,N,,,,,,,,,,,
2007007970,1050.0,2,0,0,0,0,0,0,0,0,4,0,,67,12,2006,7,39.9103,-75.1509,1032.0,6,0,0,0,0,0,0,1,0,,0,0,0,10,1,0,1,,0.0,39 54:37.000,,2,75 09:03.431,0,0,0,0,67301,0,0,0,,0,0,0,2,67301,0,,1,1,,N,N,,0,,0,0,0,9,2,,1027,0,2,0,0,2,0,0,3,4,0,2,3,,N,,,,,,,,,,,
2007007095,1715.0,2,0,0,0,0,0,0,0,0,1,0,,67,11,2006,4,40.0514,-75.0092,1709.0,6,0,0,0,0,0,0,0,1,,0,0,0,17,3,0,0,,0.0,40 03:05.000,,0,75 00:32.783,9,0,0,0,67301,0,0,0,N,0,0,0,2,67301,0,,1,1,,N,N,,0,,0,0,0,3,2,,1706,0,2,0,0,0,0,1,3,4,0,2,3,,N,,,,,,,,,,,
2007009785,1040.0,2,0,0,0,0,0,0,0,0,1,0,,67,11,2006,3,39.9615,-75.1517,1040.0,6,0,0,0,0,0,0,0,0,,0,0,0,10,1,1,1,,0.0,39 57:41.000,,0,75 09:06.379,4,0,0,0,67301,0,0,0,N,0,0,0,4,67301,1,,1,1,,N,N,,0,,0,0,0,3,2,,1035,1,2,0,0,2,0,0,3,4,0,2,3,,N,,,,,,,,,,,
2007009818,2100.0,1,0,0,0,0,0,0,0,0,4,0,,67,12,2006,6,40.0237,-75.0461,2058.0,6,0,0,0,0,0,0,0,1,,0,0,0,20,3,2,10,,0.0,40 01:25.438,,0,75 02:45.859,4,0,0,0,67301,0,0,0,N,0,0,0,3,67301,2,,1,1,,N,N,,0,,0,0,1,3,3,,2055,2,2,0,0,0,0,0,3,4,0,2,3,,N,,,,,,,,,,,
2007007490,1608.0,1,0,0,0,0,0,0,0,0,4,0,,67,11,2006,7,39.921,-75.2289,1604.0,6,0,0,0,0,0,0,1,0,,0,0,0,15,1,1,1,,0.0,39 55:15.000,,0,75 13:44.586,4,0,0,0,67301,0,0,0,,0,0,0,3,67301,1,,1,1,,,,,0,,0,0,1,3,2,,1559,1,2,0,0,0,0,0,3,4,0,2,3,,N,,,,,,,,,,,
2007007582,2125.0,2,0,0,0,0,0,0,0,0,4,0,,67,11,2006,3,40.0486,-75.1617,2119.0,6,0,1,0,0,0,0,1,0,,0,0,0,21,3,4,1,,0.0,40 02:54.852,,0,75 09:42.008,8,0,0,0,67301,0,0,0,N,0,0,0,4,67301,0,,1,1,,N,N,,0,,0,0,0,3,2,,2118,4,2,0,0,0,4,0,3,4,0,2,3,,N,,,,,,,,,,,
2007010186,1535.0,1,0,0,0,0,0,0,0,0,8,0,,67,11,2006,5,39.9254,-75.1778,1534.0,6,0,0,0,0,0,0,0,0,,0,0,0,15,1,1,0,,0.0,39 55:31.389,,0,75 10:39.004,4,0,0,0,67301,1,0,0,N,1,0,0,2,67301,1,,1,9,,N,Y,,0,,0,0,0,0,0,,1513,1,2,0,0,0,0,0,3,4,0,1,7,,N,,,,,,,,,,,
2007033448,,2,0,1,0,0,0,0,0,0,1,0,,67,9,2006,6,,,,6,0,0,0,0,0,0,0,0,,0,0,0,16,4,2,0,,0.0,,,0,,2,0,0,0,67301,0,0,0,N,0,0,0,3,,0,,1,1,,N,N,,0,,1,1,0,0,0,,1630,2,2,0,0,0,0,0,3,3,0,2,3,,N,,,,,,,,,,,
2007033502,,2,0,0,0,0,0,0,0,0,5,0,,67,2,2006,6,,,,6,0,0,0,0,0,0,0,0,,0,0,0,15,1,1,0,,0.0,,,0,,3,0,0,0,67301,0,0,0,N,0,0,0,3,,0,,1,1,,N,N,,0,,1,0,0,0,0,,1530,1,2,0,0,1,0,0,3,3,0,2,3,,N,,,,,,,,,,,
2007033077,1941.0,2,0,0,0,0,0,0,0,0,4,0,,67,12,2006,7,39.9964,-75.1876,1918.0,6,0,0,0,0,0,0,0,0,,0,0,0,19,3,6,0,,0.0,39 59:46.000,,0,75 11:15.474,4,0,0,0,67301,0,0,0,,0,0,0,6,67301,6,,1,1,,N,N,,0,,0,0,0,2,2,,1918,6,2,0,0,0,0,0,3,4,0,2,3,5.0,N,,,,,,,,,,,
2007009086,1540.0,0,0,0,0,0,0,0,0,0,8,0,,67,12,2006,4,40.0863,-75.0461,1536.0,6,0,0,0,0,0,1,0,0,,0,0,0,15,1,1,1,,0.0,40 05:10.582,,0,75 02:45.913,4,0,0,0,67301,1,0,0,N,1,0,0,3,67301,1,,1,1,,N,N,,0,,0,0,1,3,2,,1515,1,2,0,0,2,0,0,3,4,0,1,3,,N,,,,,,,,,,,
2007022729,725.0,1,0,0,0,0,0,0,0,0,7,0,,67,12,2006,7,39.8972,-75.2127,720.0,6,0,0,0,0,0,0,0,0,1.0,0,0,0,7,1,1,0,,2.0,39 53:50.122,3.0,0,75 12:45.656,8,0,0,0,67301,0,0,0,Y,0,0,0,1,67301,0,,2,9,,N,N,,0,,0,0,0,0,0,N,715,1,1,0,0,0,1,0,3,4,0,1,98,,N,,,,,,,,,,,
2006036680,927.0,3,0,0,0,0,0,0,0,0,5,0,,67,2,2006,3,40.0724,-75.0136,923.0,6,0,0,0,0,0,1,0,1,,0,0,0,9,1,0,0,,0.0,40 04:20.000,,7,75 00:48.585,0,0,0,0,67301,0,0,0,N,0,0,0,3,67301,0,,1,1,,N,N,,0,,0,0,0,3,2,,920,0,3,0,0,0,0,0,3,4,0,3,3,,N,,,,,,,,,,,
2006024224,950.0,2,0,0,0,0,0,0,0,0,4,0,,67,1,2006,7,40.0803,-75.178,943.0,6,0,0,0,0,0,0,0,0,,0,0,0,9,1,0,1,,0.0,40 04:49.213,,0,75 10:40.915,0,0,0,0,67301,0,0,0,N,0,0,0,4,67301,0,,1,9,,N,N,,0,,0,0,0,3,3,,940,0,2,0,0,0,0,0,3,4,0,2,7,,N,,,,,,,,,,,
2006103248,2320.0,1,0,0,1,0,0,0,0,0,4,0,,67,8,2006,5,39.9797,-75.1658,1118.0,6,0,0,0,0,0,0,0,0,,0,0,0,23,3,1,1,,0.0,39 58:47.000,,0,75 09:57.048,4,0,0,0,67301,1,0,0,N,0,0,0,2,67301,1,,1,1,,N,N,,0,,0,0,0,9,2,,2315,1,2,0,0,0,0,0,3,4,0,1,3,,N,,,,,,,,,,,
2006102805,1530.0,4,0,0,0,0,0,0,0,0,1,0,,67,8,2006,5,39.957,-75.1559,1520.0,6,0,0,0,1,0,1,0,0,1.0,0,0,0,15,1,0,0,,1.0,39 57:25.000,3.0,0,75 09:21.390,9,0,0,0,67301,0,0,0,N,0,0,0,8,67301,0,,1,1,,N,N,,0,,0,0,0,0,0,N,1515,0,4,0,0,0,0,2,3,4,0,4,3,,N,,,,,,,,,,,
2006079278,338.0,1,0,0,0,0,0,0,0,0,7,0,,67,7,2006,7,40.0234,-75.0345,338.0,6,0,0,0,0,0,0,0,0,2.0,0,0,0,3,3,1,0,,2.0,40 01:24.000,1.0,0,75 02:04.358,4,0,0,0,67301,0,0,0,Y,0,0,0,1,67301,1,,2,1,,N,N,,0,,0,0,0,0,0,N,335,1,1,0,0,1,0,0,3,4,0,1,3,,N,,,,,,,,,,,
2006037797,1850.0,1,0,0,0,0,0,0,0,0,1,0,,67,2,2006,3,,,1840.0,6,0,0,0,0,0,1,0,0,,0,0,0,18,3,0,1,,0.0,,,0,,0,0,0,0,67301,0,0,0,N,0,0,0,2,67301,0,,1,1,,N,N,,0,,0,0,1,3,2,,1830,0,2,0,0,0,0,0,3,3,0,2,3,,N,,,,,,,,,,,
2006037800,1610.0,2,0,0,0,0,0,0,0,0,1,0,,67,2,2006,3,,,1554.0,6,0,0,0,0,0,0,0,0,3.0,0,0,0,14,1,1,1,,1.0,,1.0,0,,8,0,0,0,67301,0,0,0,N,0,0,0,5,67301,0,,1,9,,N,N,,0,,0,0,0,9,2,N,1445,1,2,0,0,0,1,4,3,3,0,2,10,,N,,,,,,,,,,,
2006081747,1001.0,1,0,0,0,0,0,0,0,0,2,0,,67,6,2006,5,39.9423,-75.2338,956.0,6,0,0,0,0,0,0,0,0,,0,0,0,9,1,0,1,,0.0,39 56:32.000,,0,75 14:01.557,0,0,0,0,67301,0,0,0,N,0,0,0,2,67301,0,,1,1,,N,N,,0,,0,0,1,2,2,,915,0,2,0,0,0,0,0,3,4,0,2,3,,N,,,,,,,,,,,
2006079270,2120.0,2,0,0,0,0,0,0,0,0,4,0,,67,7,2006,7,,,2120.0,6,0,0,0,0,0,2,0,0,,0,0,0,0,3,2,0,,0.0,,,0,,8,0,0,0,67301,0,0,0,N,0,0,0,4,67301,0,,1,1,,N,N,,0,,0,0,0,3,3,,22,2,2,0,0,3,2,0,3,3,0,2,3,,N,,,,,,,,,,,
2006084850,538.0,1,0,0,0,0,0,0,0,0,5,0,,67,7,2006,3,,,534.0,6,0,0,0,0,0,1,0,0,3.0,0,0,0,5,5,1,0,,2.0,,4.0,3,,4,0,0,0,67301,0,0,0,N,0,0,0,3,67501,1,,1,1,,N,N,,0,,0,0,1,3,8,N,530,1,2,0,0,0,0,0,3,3,0,2,3,,N,,,,,,,,,,,
2006082527,1706.0,1,0,0,0,0,0,0,0,0,2,0,,67,7,2006,2,,,1706.0,6,0,0,0,0,0,1,0,0,,0,0,0,16,1,0,5,,0.0,,,0,,9,0,0,0,67301,0,0,0,N,0,0,0,2,67301,0,,1,1,,N,N,,1,,0,0,0,3,2,,1630,0,2,0,0,1,0,1,3,3,0,2,3,,N,,,,,,,,,,,
2006079857,923.0,1,0,0,0,0,0,0,0,0,4,0,,67,7,2006,1,39.9547,-75.1495,920.0,6,0,0,0,0,0,0,0,0,,0,0,0,9,1,3,2,,0.0,39 57:18.000,,0,75 09:09.511,4,0,0,0,67301,0,0,0,N,0,0,0,5,67301,3,,1,1,,N,N,,1,,0,0,0,3,2,,915,3,2,0,0,1,0,0,3,4,0,2,3,,N,,,,,,,,,,,
2006021085,1800.0,2,0,0,0,0,0,0,0,0,4,0,,67,1,2006,3,40.1167,-75.0198,1755.0,6,0,0,0,0,0,0,1,1,,0,0,0,17,3,3,1,,0.0,40 06:59.000,,0,75 01:11.219,8,0,0,0,67301,0,0,0,,0,0,0,3,67301,0,,1,1,,N,N,,0,,0,0,0,9,2,,1750,3,2,0,0,0,3,0,3,4,0,2,3,,N,,,,,,,,,,,
2007006864,1945.0,1,0,0,0,0,0,0,0,0,4,0,,67,11,2006,2,40.0056,-75.0969,1930.0,6,0,0,0,0,1,0,0,0,,0,0,0,19,3,1,0,,0.0,40 00:20.235,,0,75 05:48.681,8,0,0,0,67301,0,0,0,N,0,0,0,2,67301,0,,1,1,,N,N,,1,,0,0,0,0,0,,1925,1,2,0,0,0,1,0,3,4,0,2,3,,N,,,,,,,,,,,
2007023022,1347.0,1,0,0,0,0,0,0,0,0,4,0,,67,12,2006,7,40.0631,-75.1657,1344.0,6,0,0,0,0,0,0,0,0,2.0,0,0,0,13,1,0,1,,1.0,40 03:47.232,6.0,0,75 09:56.599,0,0,0,0,67301,0,0,0,N,0,0,0,2,67301,0,,1,1,,N,N,,0,,0,0,0,9,3,Y,1340,0,2,0,0,0,0,0,3,4,1,2,3,,N,,,,,,,,,,,
2007023821,1305.0,2,0,0,0,0,0,0,0,0,1,0,,67,12,2006,4,39.9949,-75.1255,1310.0,6,0,0,0,0,0,0,0,0,,0,0,0,12,1,1,0,,0.0,39 59:41.604,,0,75 07:31.821,8,0,0,0,67301,0,0,0,N,0,0,0,1,67301,0,,6,1,,N,N,,0,,0,0,0,0,0,,1245,1,2,0,0,0,1,0,3,4,0,2,3,,N,,,,,,,,,,,