CRN,ARRIVAL_TM,AUTOMOBILE_COUNT,BELTED_DEATH_COUNT,BELTED_SUSP_SERIOUS_INJ_COUNT,BICYCLE_COUNT,BICYCLE_DEATH_COUNT,BICYCLE_SUSP_SERIOUS_INJ_COUNT,BUS_COUNT,CHLDPAS_DEATH_COUNT,CHLDPAS_SUSP_SERIOUS_INJ_COUNT,COLLISION_TYPE,COMM_VEH_COUNT,CONS_ZONE_SPD_LIM,COUNTY,CRASH_MONTH,CRASH_YEAR,DAY_OF_WEEK,DEC_LAT,DEC_LONG,DISPATCH_TM,DISTRICT,DRIVER_COUNT_16YR,DRIVER_COUNT_17YR,DRIVER_COUNT_18YR,DRIVER_COUNT_19YR,DRIVER_COUNT_20YR,DRIVER_COUNT_50_64YR,DRIVER_COUNT_65_74YR,DRIVER_COUNT_75PLUS,EST_HRS_CLOSED,FATAL_COUNT,HEAVY_TRUCK_COUNT,HORSE_BUGGY_COUNT,HOUR_OF_DAY,ILLUMINATION,INJURY_COUNT,INTERSECT_TYPE,INTERSECTION_RELATED,LANE_CLOSED,LATITUDE,LN_CLOSE_DIR,LOCATION_TYPE,LONGITUDE,MAX_SEVERITY_LEVEL,MCYCLE_DEATH_COUNT,MCYCLE_SUSP_SERIOUS_INJ_COUNT,MOTORCYCLE_COUNT,MUNICIPALITY,NONMOTR_COUNT,NONMOTR_DEATH_COUNT,NONMOTR_SUSP_SERIOUS_INJ_COUNT,NTFY_HIWY_MAINT,PED_COUNT,PED_DEATH_COUNT,PED_SUSP_SERIOUS_INJ_COUNT,PERSON_COUNT,POLICE_AGCY,POSSIBLE_INJ_COUNT,RDWY_SURF_TYPE_CD,RELATION_TO_ROAD,ROAD_CONDITION,ROADWAY_CLEARED,SCH_BUS_IND,SCH_ZONE_IND,SECONDARY_CRASH,SMALL_TRUCK_COUNT,SPEC_JURIS_CD,SUSP_MINOR_INJ_COUNT,SUSP_SERIOUS_INJ_COUNT,SUV_COUNT,TCD_FUNC_CD,TCD_TYPE,TFC_DETOUR_IND,TIME_OF_DAY,TOT_INJ_COUNT,TOTAL_UNITS,UNB_DEATH_COUNT,UNB_SUSP_SERIOUS_INJ_COUNT,UNBELTED_OCC_COUNT,UNK_INJ_DEG_COUNT,UNK_INJ_PER_COUNT,URBAN_AREA,URBAN_RURAL,VAN_COUNT,VEHICLE_COUNT,WEATHER1,WEATHER2,WORK_ZONE_IND,WORK_ZONE_LOC,WORK_ZONE_TYPE,WORKERS_PRES,WZ_CLOSE_DETOUR,WZ_FLAGGER,WZ_LAW_OFFCR_IND,WZ_LN_CLOSURE,WZ_MOVING,WZ_OTHER,WZ_SHLDER_MDN,WZ_WORKERS_INJ_KILLED
2007023191,1915.0,2,0,0,0,0,0,0,0,0,4,0,,67,12,2006,2,40.0317,-75.1789,1912.0,6,0,0,0,1,0,0,1,0,,0,0,0,18,3,5,1,,0.0,40 01:54.000,,0,75 10:43.951,4,0,0,0,67301,0,0,0,N,0,0,0,5,67301,5,,1,9,,N,N,,0,,0,0,0,2,2,,1820,5,2,0,0,0,0,0,3,4,0,2,7,,N,,,,,,,,,,,
2007093159,1708.0,1,0,0,0,0,0,0,0,0,1,0,,67,6,2006,6,40.0069,-75.1518,1703.0,6,0,0,0,0,0,0,0,0,2.0,0,0,0,17,1,6,0,,1.0,40 00:24.000,2.0,0,75 09:06.309,8,0,0,0,67301,0,0,0,N,0,0,0,7,67301,0,,1,1,,N,,,0,,0,0,1,0,0,Y,1703,6,4,0,0,0,6,0,3,4,2,4,3,,N,,,,,,,,,,,
2007008405,1943.0,2,0,0,0,0,0,0,0,0,4,0,,67,12,2006,7,39.9585,-75.1706,1941.0,6,0,0,0,0,0,0,0,0,2.0,0,0,0,19,3,1,1,,2.0,39 57:32.000,4.0,0,75 10:18.541,4,0,0,0,67301,0,0,0,N,0,0,0,3,67301,1,,1,1,,N,N,,0,,0,0,0,2,2,Y,1941,1,2,0,0,0,0,0,3,4,0,2,3,,N,,,,,,,,,,,
2007008478,1440.0,2,0,0,0,0,0,0,0,0,1,0,,67,12,2006,7,40.0293,-75.1051,1454.0,6,0,0,1,0,0,1,0,0,,0,0,0,99,1,1,5,,0.0,40 01:45.000,,0,75 06:19.257,8,0,0,0,67301,0,0,0,,0,0,0,2,67301,0,,1,1,,,,,0,,0,0,0,3,2,,9999,1,2,0,0,0,1,0,3,4,0,2,3,,N,,,,,,,,,,,
2007011130,1004.0,1,0,0,0,0,0,0,0,0,4,0,,67,12,2006,2,39.9113,-75.2427,1004.0,6,0,0,0,1,0,0,0,0,,0,0,0,10,1,1,1,,0.0,39 54:40.000,,0,75 14:33.495,8,0,0,0,67301,0,0,0,N,0,0,0,2,67301,0,,1,1,,N,N,,0,,0,0,0,3,2,,1001,1,2,0,0,0,1,0,3,4,0,2,3,,N,,,,,,,,,,,
2007021563,1206.0,1,0,0,0,0,0,0,0,0,2,0,,67,12,2006,6,40.0204,-75.1521,1204.0,6,0,0,0,0,0,0,1,0,,0,0,0,12,1,6,1,,0.0,40 01:13.441,,0,75 09:07.585,8,0,0,0,67301,0,0,0,,0,0,0,6,67301,0,,1,1,,,,,0,,0,0,0,9,2,,1204,6,2,0,0,0,6,0,3,4,1,2,3,,N,,,,,,,,,,,
2007010550,1635.0,1,0,0,0,0,0,0,0,0,4,0,,67,11,2006,4,39.976,-75.1702,1630.0,6,0,0,0,0,0,2,0,0,,0,0,0,16,3,2,1,,0.0,39 58:33.459,,0,75 10:12.730,3,0,0,0,67301,0,0,0,N,0,0,0,3,67301,0,,1,9,,N,N,,0,,1,0,0,9,3,,1620,2,2,0,0,0,1,0,3,4,1,2,7,,N,,,,,,,,,,,
2007022158,1008.0,2,0,0,0,0,0,0,0,0,4,0,,67,12,2006,4,40.0533,-75.1393,1006.0,6,1,0,0,0,0,0,0,0,1.0,0,0,0,10,1,3,1,,1.0,40 03:11.919,3.0,0,75 08:21.649,8,0,0,0,67301,0,0,0,N,0,0,0,5,67301,0,,1,9,,N,N,,0,,0,0,0,3,2,N,1004,3,2,0,0,0,3,0,3,4,0,2,7,,N,,,,,,,,,,,
2007007106,2255.0,2,0,0,0,0,0,0,0,0,1,0,,67,12,2006,5,39.9565,-75.2221,2247.0,6,0,0,0,0,0,0,0,0,,0,0,0,22,3,0,0,,0.0,39 57:23.000,,0,75 13:19.572,0,0,0,0,67301,0,0,0,N,0,0,0,3,67301,0,,1,1,,N,N,,1,,0,0,0,0,0,,2240,0,3,0,0,0,0,0,3,4,0,3,3,,N,,,,,,,,,,,
2007007413,636.0,1,0,0,0,0,0,0,0,0,4,0,,67,11,2006,5,39.9897,-75.1074,636.0,6,0,0,0,0,0,1,0,0,,0,0,0,6,1,3,1,,0.0,39 59:22.000,,0,75 06:26.395,4,0,0,0,67301,0,0,0,N,0,0,0,4,67301,2,,1,1,,N,N,,1,,0,0,0,3,2,,634,3,2,0,0,0,1,0,3,4,0,2,3,,N,,,,,,,,,,,
2007007571,1840.0,1,0,0,0,0,0,0,0,0,8,0,,67,11,2006,1,39.9804,-75.1709,1831.0,6,0,0,0,0,0,0,0,0,,0,0,0,18,3,1,2,,0.0,39 58:49.000,,0,75 10:15.535,3,0,0,0,67301,1,0,0,N,1,0,0,2,67301,0,,1,9,,N,N,,0,,1,0,0,0,0,,1815,1,2,0,0,0,0,0,3,4,0,1,7,,N,,,,,,,,,,,
2007007585,840.0,2,0,0,0,0,0,0,0,0,1,0,,67,11,2006,3,39.903,-75.1747,838.0,6,0,0,0,0,0,0,1,0,1.0,0,0,0,8,1,1,2,,1.0,39 54:10.000,2.0,0,75 10:28.800,4,0,0,0,67301,0,0,0,N,0,0,0,2,67301,1,,1,1,,N,N,,0,,0,0,0,3,2,N,815,1,2,0,0,0,0,0,3,4,0,2,3,,N,,,,,,,,,,,
2007007762,9999.0,0,0,0,0,0,0,0,0,0,8,0,,67,12,2006,3,39.9269,-75.2276,830.0,6,0,0,0,0,0,0,0,0,,0,0,0,99,1,1,0,,0.0,39 55:36.955,,0,75 13:39.529,2,0,0,0,67301,1,0,1,N,1,0,1,2,67301,0,,1,1,,N,N,,0,,0,1,1,0,0,,9999,1,2,0,0,0,0,1,3,4,0,1,3,,N,,,,,,,,,,,
2007007716,2015.0,1,0,0,0,0,0,0,0,0,4,1,,67,11,2006,2,40.0311,-75.1778,1934.0,6,0,0,0,0,0,0,0,0,3.0,0,1,0,17,3,1,2,,2.0,40 01:51.000,3.0,0,75 10:40.218,4,0,0,0,67301,0,0,0,N,0,0,0,2,67301,1,,1,9,,N,N,,0,,0,0,0,3,2,Y,1715,1,2,0,0,0,0,0,3,4,0,2,7,,N,,,,,,,,,,,
2007033410,,1,0,0,0,0,0,0,0,0,2,0,,67,5,2006,2,40.0405,-75.108,,6,0,0,0,0,0,1,0,0,,0,0,0,7,1,1,0,,0.0,40 02:25.000,,0,75 06:28.675,2,0,0,0,67301,0,0,0,N,0,0,0,2,,0,,1,9,,N,N,,0,,0,1,0,0,0,,730,1,2,0,0,0,0,1,3,4,0,2,7,,N,,,,,,,,,,,
2007006958,1555.0,1,0,0,0,0,0,0,0,0,6,0,,67,11,2006,4,39.9824,-75.1075,1555.0,6,0,0,0,0,0,0,0,0,,0,0,0,15,1,2,1,,0.0,39 58:56.593,,0,75 06:26.852,4,0,0,0,67301,0,0,0,N,0,0,0,2,67301,2,,1,9,,,N,,1,,0,0,0,3,3,,1555,2,2,0,0,0,0,0,3,4,0,2,7,,N,,,,,,,,,,,
2007006788,932.0,2,0,0,0,0,0,0,0,0,6,0,,67,11,2006,3,39.9383,-75.1986,927.0,6,0,0,0,0,0,0,0,0,9.0,0,0,0,9,1,1,1,,1.0,39 56:20.000,5.0,0,75 11:53.904,4,0,0,0,67301,0,0,0,,0,0,0,2,67301,1,,1,1,,,,,0,,0,0,0,9,2,N,925,1,2,0,0,0,0,0,3,4,0,2,3,,N,,,,,,,,,,,
2007006797,1020.0,1,0,0,0,0,0,1,0,0,1,1,,67,11,2006,6,40.0566,-75.031,1005.0,6,0,0,0,0,0,0,0,0,,0,0,0,10,1,1,1,,0.0,40 03:23.000,,0,75 01:51.723,4,0,0,0,67301,0,0,0,N,0,0,0,3,67301,1,,1,1,,N,N,,0,,0,0,0,3,2,,1000,1,2,0,0,0,0,0,3,4,0,2,3,,N,,,,,,,,,,,
2007032583,,0,0,0,0,0,0,0,0,0,8,0,,67,10,2006,7,,,,6,0,0,0,0,0,0,0,0,,0,0,0,99,6,1,0,,0.0,,,0,,2,0,0,0,67301,1,0,1,N,1,0,1,2,,0,,1,1,,N,N,,0,,0,1,0,0,0,,9999,1,2,0,0,0,0,1,3,3,0,1,3,,N,,,,,,,,,,,
2007022272,226.0,1,0,0,0,0,0,0,0,0,5,0,,67,12,2006,7,40.0603,-74.9906,224.0,6,0,0,0,0,0,0,0,0,2.0,0,0,0,99,3,2,0,,2.0,40 03:36.000,1.0,0,74 59:26.304,3,0,0,0,67301,0,0,0,N,0,0,0,3,67301,0,,5,1,,N,N,,1,,2,0,0,0,0,Y,9999,2,2,0,0,0,0,0,3,4,0,2,3,,N,,,,,,,,,,,
2007022364,256.0,2,0,0,0,0,0,0,0,0,4,0,,67,12,2006,6,39.9517,-75.1583,256.0,6,0,0,0,0,0,0,0,0,,0,0,0,2,3,2,1,,0.0,39 57:06.266,,0,75 09:29.838,4,0,0,0,67301,0,0,0,N,0,0,0,3,67301,2,,1,1,,N,N,,0,,0,0,0,3,2,,256,2,2,0,0,0,0,0,3,4,0,2,3,,N,,,,,,,,,,,
2007022683,1940.0,2,0,0,0,0,0,0,0,0,4,0,,67,12,2006,2,40.0569,-75.1881,1935.0,6,0,0,0,0,0,0,1,0,,0,0,0,19,3,1,1,,0.0,40 03:24.000,,0,75 11:16.996,4,0,0,0,67301,0,0,0,N,0,0,0,5,67301,1,,1,9,,N,N,,0,,0,0,0,3,2,,1920,1,2,0,0,5,0,0,3,4,0,2,7,,N,,,,,,,,,,,
2007022696,2245.0,1,0,0,0,0,0,0,0,0,7,0,,67,12,2006,5,40.0573,-75.1961,2243.0,6,0,0,0,0,0,0,0,0,,0,0,0,22,3,1,0,,0.0,40 03:26.386,,0,75 11:45.912,4,0,0,0,67301,0,0,0,N,0,0,0,2,67301,1,,5,1,,N,N,,0,,0,0,0,0,0,,2240,1,1,0,0,0,0,0,3,4,0,1,3,,N,,,,,,,,,,,
2007022867,2135.0,2,0,0,0,0,0,0,0,0,2,0,,67,12,2006,7,40.0044,-75.1695,2127.0,6,0,0,0,0,0,0,1,0,1.0,0,0,0,21,3,0,2,,1.0,40 00:15.872,2.0,0,75 10:10.091,0,0,0,0,67301,0,0,0,N,0,0,0,2,67301,0,,1,1,,N,N,,0,,0,0,0,0,0,Y,2127,0,2,0,0,0,0,0,3,4,0,2,3,,N,,,,,,,,,,,
2006056478,323.0,1,0,0,0,0,0,0,0,0,7,0,,67,4,2006,7,39.9709,-75.1543,323.0,6,0,0,0,0,0,0,0,0,2.0,0,0,0,3,3,0,0,,1.0,39 58:14.000,4.0,0,75 09:15.430,0,0,0,0,67301,0,0,0,N,0,0,0,1,67301,0,,3,1,,N,N,,0,,0,0,0,0,0,N,320,0,1,0,0,0,0,0,3,4,0,1,3,,N,,,,,,,,,,,
2006056484,1935.0,2,0,0,0,0,0,0,0,0,4,0,,67,4,2006,6,,,1930.0,6,0,0,0,0,0,0,0,0,2.0,0,0,0,99,1,1,0,,2.0,,2.0,0,,4,0,0,0,67301,0,0,0,N,0,0,0,1,67301,1,,1,1,,N,N,,0,,0,0,0,0,0,Y,9999,1,2,0,0,0,0,0,3,3,0,2,3,,N,,,,,,,,,,,
2006036494,2252.0,3,0,0,0,0,0,0,0,0,1,0,,67,2,2006,6,39.9218,-75.1903,2251.0,6,0,0,0,0,0,0,0,0,1.0,0,0,0,22,3,1,0,,1.0,39 55:18.000,3.0,0,75 11:25.229,8,0,0,0,67301,0,0,0,N,0,0,0,4,67301,0,,1,1,,N,N,,0,,0,0,0,3,2,N,2247,1,3,0,0,0,1,1,3,4,0,3,3,,N,,,,,,,,,,,
2006036622,818.0,1,0,0,0,0,0,0,0,0,1,0,,67,2,2006,5,39.9809,-75.136,815.0,6,0,0,0,0,0,0,0,0,,0,1,0,8,1,1,0,,0.0,39 58:51.168,,0,75 08:09.693,8,0,0,0,67301,1,0,0,N,1,0,0,2,67301,0,,5,1,,,N,,0,,0,0,0,0,0,,815,1,3,0,0,0,1,0,3,4,0,2,3,,N,,,,,,,,,,,
2006036639,1819.0,1,0,0,0,0,0,0,0,0,8,0,,67,2,2006,2,40.0742,-75.1673,1819.0,6,0,0,0,0,0,0,0,0,,0,0,0,8,1,1,2,,0.0,40 04:27.058,,0,75 10:02.319,8,0,0,0,67301,1,0,0,N,1,0,0,2,67301,0,,1,1,,N,Y,,0,,0,0,0,0,0,,800,1,2,0,0,0,1,0,3,4,0,1,3,,N,,,,,,,,,,,
2006024115,1949.0,2,0,0,0,0,0,0,0,0,4,0,,67,1,2006,7,,,1949.0,6,0,0,0,0,1,0,0,0,,0,0,0,19,3,2,1,,0.0,,,0,,8,0,0,0,67301,0,0,0,N,0,0,0,4,67301,0,,1,9,,N,N,,0,,0,0,0,3,2,,1949,2,2,0,0,0,2,0,3,3,0,2,10,,N,,,,,,,,,,,
2006024163,805.0,3,0,0,0,0,0,0,0,0,2,0,,67,1,2006,4,,,800.0,6,0,0,0,0,0,1,0,0,1.0,0,0,0,7,1,0,2,,2.0,,7.0,0,,0,0,0,0,67301,0,0,0,N,0,0,0,1,67301,0,,1,2,,,N,,0,,0,0,0,0,0,Y,745,0,3,0,0,0,0,0,3,3,0,3,3,,N,,,,,,,,,,,
2006014513,1027.0,2,0,0,0,0,0,0,0,0,1,0,,67,1,2006,1,39.9854,-75.2587,9999.0,6,0,0,0,0,0,0,0,1,,0,0,0,10,1,1,0,,0.0,39 59:07.000,,0,75 15:31.462,4,0,0,0,67301,0,0,0,N,0,0,0,2,46104,1,,1,1,,N,N,,0,,0,0,0,0,0,,1025,1,2,0,0,0,0,0,3,4,0,2,3,,N,,,,,,,,,,,
2006103183,1830.0,2,0,0,0,0,0,0,0,0,4,0,,67,7,2006,1,39.993,-75.1103,1830.0,6,0,1,0,0,0,0,0,0,3.0,0,0,0,18,1,1,1,,2.0,39 59:34.000,7.0,0,75 06:37.258,4,0,0,0,67301,1,0,0,N,1,0,0,3,67301,1,,1,1,,N,N,,0,,0,0,0,3,2,Y,1829,1,3,0,0,0,0,0,3,4,0,2,3,,N,,,,,,,,,,,
2006103236,1555.0,1,0,0,0,0,0,0,0,0,8,0,,67,9,2006,2,,,1549.0,6,0,0,0,0,0,0,0,0,,0,0,0,14,1,1,0,,0.0,,,0,,4,0,0,0,67301,1,0,0,N,1,0,0,2,67301,1,,1,1,,N,N,,0,,0,0,0,3,2,,1430,1,2,0,0,0,0,1,3,3,0,1,3,,N,,,,,,,,,,,
2006038443,1104.0,1,0,0,0,0,0,0,0,0,5,0,,67,3,2006,3,40.0046,-75.2192,9999.0,6,0,0,0,0,0,1,0,0,1.0,0,0,0,11,1,1,2,,1.0,40 00:16.000,2.0,0,75 13:09.641,8,0,0,0,67301,0,0,0,N,0,0,0,2,46104,0,,1,1,,N,N,,0,,0,0,0,3,3,N,1103,1,2,0,0,0,1,0,3,4,1,2,3,,N,,,,,,,,,,,
2006041288,1829.0,2,0,0,0,0,0,0,0,0,4,0,,67,3,2006,7,39.9991,-75.2309,1825.0,6,0,0,0,0,0,0,1,0,,0,0,0,18,3,1,1,,0.0,39 59:57.000,,0,75 13:51.456,4,0,0,0,67301,0,0,0,N,0,0,0,3,46104,1,,1,9,,N,N,,0,,0,0,0,3,2,,1824,1,2,0,0,0,0,0,3,4,0,2,7,,N,,,,,,,,,,,
2006037546,1135.0,3,0,0,0,0,0,0,0,0,1,0,,67,2,2006,6,40.035,-75.1884,1130.0,6,0,0,0,0,0,0,1,0,,0,0,0,99,1,2,2,,0.0,40 02:05.924,,0,75 11:18.304,4,0,0,0,67301,0,0,0,N,0,0,0,3,67301,1,,1,9,,N,N,,0,,0,0,0,0,0,,9999,2,3,0,0,0,1,0,3,4,0,3,7,,N,,,,,,,,,,,
2006079290,1732.0,1,0,0,0,0,0,0,0,0,8,0,,67,6,2006,3,39.9608,-75.2247,1728.0,6,0,0,0,0,0,0,0,0,,0,0,0,17,1,1,0,,0.0,39 57:39.000,,0,75 13:28.825,4,0,0,0,67301,1,0,0,N,1,0,0,2,67301,1,,1,1,,N,N,,0,,0,0,0,0,0,,1720,1,2,0,0,0,0,0,3,4,0,1,3,,N,,,,,,,,,,,
2006079298,756.0,2,0,0,0,0,0,0,0,0,4,0,,67,6,2006,3,,,755.0,6,0,0,0,0,0,1,0,0,,0,0,0,7,1,1,1,,0.0,,,0,,4,0,0,0,67301,0,0,0,N,0,0,0,2,67301,1,,1,1,,N,N,,0,,0,0,0,0,0,,755,1,2,0,0,0,0,0,3,3,0,2,3,,N,,,,,,,,,,,
2006082092,1205.0,1,0,0,0,0,0,0,0,0,2,0,,67,5,2006,2,,,1200.0,6,0,0,0,0,0,2,0,0,,0,0,0,11,1,0,1,,0.0,,,0,,0,0,0,0,67301,0,0,0,N,0,0,0,2,67301,0,,1,9,,N,N,,1,,0,0,0,3,3,,1157,0,2,0,0,0,0,0,3,3,0,2,7,,N,,,,,,,,,,,
2006079947,1530.0,1,0,0,0,0,0,0,0,0,8,0,,67,6,2006,2,40.0436,-75.0676,1526.0,6,0,0,0,0,0,0,0,0,1.0,0,0,0,15,1,1,1,,1.0,40 02:36.816,3.0,0,75 04:03.536,4,0,0,0,67301,1,0,0,N,1,0,0,2,67301,1,,1,1,,N,N,,0,,0,0,0,3,3,Y,1515,1,2,0,0,0,0,1,3,4,0,1,3,,N,,,,,,,,,,,
2006082518,2226.0,3,0,0,0,0,0,0,0,0,4,0,,67,6,2006,1,,,2026.0,6,0,0,0,1,0,0,0,0,2.0,0,0,0,22,3,0,1,,2.0,,2.0,0,,0,0,0,0,67301,0,0,0,N,0,0,0,3,67301,0,,1,1,,N,N,,0,,0,0,0,0,0,Y,2226,0,3,0,0,3,0,0,3,3,0,3,3,,N,,,,,,,,,,,
2006021094,732.0,0,0,0,0,0,0,0,0,0,8,0,,67,1,2006,2,40.1065,-75.0271,731.0,6,0,0,0,0,0,0,0,0,,0,0,0,7,1,1,0,,0.0,40 06:23.000,,0,75 01:37.783,4,0,0,0,67301,1,0,0,,1,0,0,2,67301,1,,1,1,,N,N,,0,,0,0,0,0,0,,730,1,2,0,0,0,0,0,3,4,1,1,3,,N,,,,,,,,,,,
2007006812,2305.0,1,0,0,0,0,0,0,0,0,8,0,,67,11,2006,5,40.0507,-75.1733,2300.0,6,0,0,0,0,0,0,1,0,,0,0,0,22,3,1,1,,0.0,40 03:02.000,,0,75 10:23.918,8,0,0,0,67301,1,0,0,N,1,0,0,4,67301,0,,1,9,,N,N,,0,,0,0,0,0,0,,2259,1,2,0,0,0,1,0,3,4,0,1,7,,N,,,,,,,,,,,
2007006848,1125.0,2,0,0,0,0,0,0,0,0,4,0,,67,12,2006,6,39.9919,-75.2265,1117.0,6,0,0,0,0,0,0,0,0,,0,0,0,11,8,0,0,,0.0,39 59:30.674,,0,75 13:35.547,9,0,0,0,67301,0,0,0,,0,0,0,1,67301,0,,4,9,,,,,0,,0,0,0,0,0,,1115,0,2,0,0,0,0,1,3,4,0,2,99,,N,,,,,,,,,,,
2007023557,942.0,2,0,0,0,0,0,0,0,0,4,0,,67,12,2006,1,40.0477,-75.0719,940.0,6,0,0,0,0,0,0,1,0,2.0,0,0,0,9,1,1,1,,1.0,40 02:51.896,5.0,0,75 04:18.775,4,0,0,0,67301,0,0,0,,0,0,0,2,67301,1,,1,1,,,,,0,,0,0,0,3,2,Y,935,1,2,0,0,0,0,0,3,4,0,2,3,,N,,,,,,,,,,,
2007020848,308.0,0,0,0,0,0,0,0,0,0,7,0,,67,12,2006,7,39.9591,-75.2173,308.0,6,0,0,0,0,1,0,0,0,,0,0,0,3,3,4,0,,0.0,39 57:32.000,,0,75 13:02.311,3,0,0,0,67301,0,0,0,N,0,0,0,4,67301,1,,2,1,,N,N,,0,,1,0,1,0,0,,305,4,1,0,0,0,2,0,3,4,0,1,3,,N,,,,,,,,,,,
2007048981,9999.0,2,0,0,0,0,0,0,0,0,1,0,,67,12,2006,6,39.904,-75.2401,,6,0,0,0,0,0,0,2,0,,0,0,0,15,1,0,1,,0.0,39 54:14.000,,0,75 14:24.410,0,0,0,0,67301,0,0,0,N,0,0,0,2,67301,0,,1,1,,N,N,,0,,0,0,0,9,2,,1545,0,2,0,0,0,0,0,3,4,0,2,3,,N,,,,,,,,,,,
2007010935,2050.0,1,0,0,0,0,0,0,0,0,1,0,,67,11,2006,4,39.8945,-75.2468,2040.0,6,0,0,0,0,0,0,0,0,,0,0,0,20,3,1,1,,0.0,39 53:40.000,,0,75 14:48.534,8,0,0,0,67301,0,0,0,N,0,0,0,2,67301,0,,1,9,,N,N,,1,,0,0,0,3,2,,2035,1,2,0,0,0,1,0,3,4,0,2,7,,N,,,,,,,,,,,
2007008470,430.0,1,0,0,0,0,0,0,0,0,4,0,,67,11,2006,7,39.9963,-75.1042,428.0,6,0,0,0,0,0,0,0,0,,0,0,0,4,3,2,2,,0.0,39 59:46.000,,0,75 06:15.031,4,0,0,0,67301,0,0,0,N,0,0,0,3,67301,2,,1,1,,N,,,0,,0,0,1,0,0,,415,2,2,0,0,0,0,1,3,4,0,2,3,,N,,,,,,,,,,,
2007027009,1719.0,2,0,0,0,0,0,0,0,0,1,0,,67,12,2006,4,40.0175,-75.1729,1719.0,6,0,0,0,0,0,0,0,0,,0,0,0,16,1,1,0,,0.0,40 01:02.000,,0,75 10:22.170,8,0,0,0,67301,0,0,0,N,0,0,0,3,68K01,0,,1,1,,N,N,,0,,0,0,0,0,0,,1630,1,2,0,0,0,1,0,3,4,0,2,3,,N,,,,,,,,,,,
2007008836,1705.0,2,0,0,0,0,0,0,0,0,1,0,,67,12,2006,2,39.9134,-75.1651,1657.0,6,0,0,0,0,0,0,0,0,,0,0,0,16,4,1,1,,0.0,39 54:48.124,,0,75 09:54.367,8,0,0,0,67301,0,0,0,N,0,0,0,2,67301,0,,1,1,,N,N,,0,,0,0,0,0,0,,1655,1,2,0,0,0,1,0,3,4,0,2,3,,N,,,,,,,,,,,
2007008861,430.0,0,0,0,0,0,0,0,0,0,7,0,,67,12,2006,1,39.9472,-75.1878,425.0,6,0,0,0,0,0,0,0,0,1.0,0,0,0,4,3,0,0,,2.0,39 56:50.000,3.0,0,75 11:16.052,9,0,0,0,67301,0,0,0,N,0,0,0,1,67301,0,,3,1,,N,N,,0,,0,0,0,0,0,Y,425,0,1,0,0,0,0,1,3,4,1,1,3,,N,,,,,,,,,,,
2007007975,201.0,3,0,0,0,0,0,0,0,0,1,0,,67,11,2006,5,40.045,-75.1503,200.0,6,0,0,0,0,0,0,0,0,,0,0,0,2,6,3,0,,0.0,40 02:42.043,,0,75 09:01.018,3,0,0,0,67301,0,0,0,N,0,0,0,3,67301,2,,6,1,,N,N,,0,,1,0,2,3,7,,200,3,5,0,0,3,0,0,3,4,0,5,3,,N,,,,,,,,,,,
2007021954,1857.0,1,0,0,0,0,0,0,0,0,7,0,,67,12,2006,7,39.9815,-75.1025,1847.0,6,0,0,0,0,1,0,0,0,,0,0,0,18,3,1,0,,0.0,39 58:54.000,,0,75 06:05.188,2,0,0,0,67301,0,0,0,N,0,0,0,1,67301,0,,2,1,,N,N,,0,,0,1,0,0,0,,1840,1,1,0,1,1,0,0,3,4,0,1,3,,N,,,,,,,,,,,
2007022114,300.0,1,0,0,0,0,0,0,0,0,4,0,,67,12,2006,5,39.9582,-75.2232,256.0,6,0,0,0,0,0,0,0,0,3.0,0,0,0,2,3,1,2,,2.0,39 57:29.000,7.0,0,75 13:23.485,8,0,0,0,67301,0,0,0,N,0,0,0,2,67301,0,,1,9,,N,N,,1,,0,0,0,3,2,Y,255,1,2,0,0,0,1,0,3,4,0,2,5,,N,,,,,,,,,,,
2007009789,2115.0,2,0,0,0,0,0,0,0,0,4,0,,67,11,2006,3,39.987,-75.1744,2109.0,6,0,0,0,0,0,0,0,0,,0,0,0,99,3,1,1,,0.0,39 59:13.322,,0,75 10:27.753,4,0,0,0,67301,0,0,0,N,0,0,0,3,67301,1,,1,1,,N,N,,0,,0,0,1,9,2,,9999,1,3,0,0,3,0,0,3,4,0,3,3,,N,,,,,,,,,,,
2007007690,1838.0,1,0,0,0,0,0,0,0,0,8,0,,67,12,2006,6,40.0689,-75.1818,1835.0,6,0,0,0,0,0,0,0,0,,0,0,0,18,3,1,1,,0.0,40 04:08.000,,0,75 10:54.519,8,0,0,0,67301,1,0,0,N,1,0,0,2,67301,0,,1,9,,N,N,,0,,0,0,0,3,2,,1825,1,2,0,0,0,1,0,3,4,0,1,7,,N,,,,,,,,,,,
2007007080,541.0,3,0,0,0,0,0,0,0,0,5,0,,67,11,2006,1,40.0032,-75.1367,538.0,6,0,0,0,0,0,0,0,0,,0,0,0,4,3,0,0,,0.0,40 00:11.527,,0,75 08:12.019,0,0,0,0,67301,0,0,0,N,0,0,0,1,67301,0,,2,1,,N,N,,0,,0,0,0,0,0,,400,0,3,0,0,0,0,0,3,4,0,3,3,,N,,,,,,,,,,,