CRN,ARRIVAL_TM,AUTOMOBILE_COUNT,BELTED_DEATH_COUNT,BELTED_SUSP_SERIOUS_INJ_COUNT,BICYCLE_COUNT,BICYCLE_DEATH_COUNT,BICYCLE_SUSP_SERIOUS_INJ_COUNT,BUS_COUNT,CHLDPAS_DEATH_COUNT,CHLDPAS_SUSP_SERIOUS_INJ_COUNT,COLLISION_TYPE,COMM_VEH_COUNT,CONS_ZONE_SPD_LIM,COUNTY,CRASH_MONTH,CRASH_YEAR,DAY_OF_WEEK,DEC_LAT,DEC_LONG,DISPATCH_TM,DISTRICT,DRIVER_COUNT_16YR,DRIVER_COUNT_17YR,DRIVER_COUNT_18YR,DRIVER_COUNT_19YR,DRIVER_COUNT_20YR,DRIVER_COUNT_50_64YR,DRIVER_COUNT_65_74YR,DRIVER_COUNT_75PLUS,EST_HRS_CLOSED,FATAL_COUNT,HEAVY_TRUCK_COUNT,HORSE_BUGGY_COUNT,HOUR_OF_DAY,ILLUMINATION,INJURY_COUNT,INTERSECT_TYPE,INTERSECTION_RELATED,LANE_CLOSED,LATITUDE,LN_CLOSE_DIR,LOCATION_TYPE,LONGITUDE,MAX_SEVERITY_LEVEL,MCYCLE_DEATH_COUNT,MCYCLE_SUSP_SERIOUS_INJ_COUNT,MOTORCYCLE_COUNT,MUNICIPALITY,NONMOTR_COUNT,NONMOTR_DEATH_COUNT,NONMOTR_SUSP_SERIOUS_INJ_COUNT,NTFY_HIWY_MAINT,PED_COUNT,PED_DEATH_COUNT,PED_SUSP_SERIOUS_INJ_COUNT,PERSON_COUNT,POLICE_AGCY,POSSIBLE_INJ_COUNT,RDWY_SURF_TYPE_CD,RELATION_TO_ROAD,ROAD_CONDITION,ROADWAY_CLEARED,SCH_BUS_IND,SCH_ZONE_IND,SECONDARY_CRASH,SMALL_TRUCK_COUNT,SPEC_JURIS_CD,SUSP_MINOR_INJ_COUNT,SUSP_SERIOUS_INJ_COUNT,SUV_COUNT,TCD_FUNC_CD,TCD_TYPE,TFC_DETOUR_IND,TIME_OF_DAY,TOT_INJ_COUNT,TOTAL_UNITS,UNB_DEATH_COUNT,UNB_SUSP_SERIOUS_INJ_COUNT,UNBELTED_OCC_COUNT,UNK_INJ_DEG_COUNT,UNK_INJ_PER_COUNT,URBAN_AREA,URBAN_RURAL,VAN_COUNT,VEHICLE_COUNT,WEATHER1,WEATHER2,WORK_ZONE_IND,WORK_ZONE_LOC,WORK_ZONE_TYPE,WORKERS_PRES,WZ_CLOSE_DETOUR,WZ_FLAGGER,WZ_LAW_OFFCR_IND,WZ_LN_CLOSURE,WZ_MOVING,WZ_OTHER,WZ_SHLDER_MDN,WZ_WORKERS_INJ_KILLED
2007032655,,1,0,0,0,0,0,0,0,0,1,0,,67,6,2006,4,40.0405,-75.0591,,6,0,0,0,0,0,0,0,0,,0,0,0,10,1,1,1,,0.0,40 02:25.000,,0,75 03:32.713,8,0,0,0,67301,0,0,0,,0,0,0,3,,0,,1,1,,,,,0,,0,0,0,0,0,,1015,1,2,0,0,1,1,0,3,4,1,2,3,,N,,,,,,,,,,,
2007022261,2220.0,3,0,0,0,0,0,0,0,0,1,0,,67,12,2006,4,39.9517,-75.1769,2215.0,6,0,0,0,0,0,0,0,0,2.0,0,0,0,22,3,0,0,,2.0,39 57:06.100,4.0,0,75 10:36.700,9,0,0,0,67301,0,0,0,N,0,0,0,3,67301,0,,1,1,,N,N,,0,,0,0,0,0,0,Y,2214,0,3,0,0,0,0,3,3,4,0,3,3,,N,,,,,,,,,,,
2007022352,9999.0,1,0,0,0,0,0,0,0,0,4,0,,67,12,2006,1,40.0134,-75.1472,9999.0,6,0,0,0,0,0,0,0,0,,0,0,0,15,1,2,2,,0.0,40 00:48.243,,0,75 08:50.035,3,0,0,0,67301,0,0,0,N,0,0,0,3,67301,0,,1,1,,N,N,,0,,2,0,1,3,3,,1500,2,2,0,0,1,0,0,3,4,0,2,3,,N,,,,,,,,,,,
2007022458,235.0,3,0,0,0,0,0,0,0,0,4,0,,67,12,2006,6,39.989,-75.1068,228.0,6,0,0,1,0,0,0,0,0,,0,0,0,2,3,1,1,,0.0,39 59:20.000,,0,75 06:24.378,4,0,0,0,67301,0,0,0,N,0,0,0,3,67301,1,,1,1,,N,N,,0,,0,0,0,3,3,,215,1,3,0,0,0,0,0,3,4,0,3,3,,N,,,,,,,,,,,
2007022682,1605.0,3,0,0,0,0,0,0,0,0,4,0,,67,12,2006,3,40.0785,-75.1745,1551.0,6,0,0,1,1,0,0,0,0,,0,0,0,15,1,0,1,,0.0,40 04:42.000,,0,75 10:28.448,0,0,0,0,67301,0,0,0,N,0,0,0,2,67301,0,,1,1,,N,N,,0,,0,0,0,3,3,,1536,0,3,0,0,0,0,0,3,4,0,3,3,,N,,,,,,,,,,,
2007022722,956.0,1,0,0,0,0,0,0,0,0,5,1,,67,12,2006,5,39.9604,-75.1403,950.0,6,0,0,1,0,0,1,0,0,1.0,0,1,0,9,1,0,0,,1.0,39 57:37.000,1.0,0,75 08:24.791,0,0,0,0,67301,0,0,0,N,0,0,0,2,67301,0,,1,1,,N,N,,0,,0,0,0,0,0,N,945,0,2,0,0,2,0,0,3,4,0,2,3,,N,,,,,,,,,,,
2012040712,38.0,1,0,0,0,0,0,0,0,0,7,0,,67,12,2006,7,,,35.0,6,0,0,0,0,0,0,0,0,,0,0,0,0,6,1,0,,0.0,,,0,,8,0,0,0,67301,0,0,0,N,0,0,0,1,67301,0,,2,9,,N,N,,0,,0,0,0,0,0,,34,1,1,0,0,0,1,0,3,3,0,1,9,,N,,,,,,,,,,,
2006080964,2254.0,2,0,0,0,0,0,0,0,0,4,0,,67,6,2006,7,39.9694,-75.2116,2254.0,6,0,0,0,0,1,1,0,0,,0,0,0,22,3,2,1,,0.0,39 58:10.000,,0,75 12:41.588,3,0,0,0,67301,0,0,0,N,0,0,0,3,67301,0,,1,1,,N,N,,0,,2,0,0,3,2,,2254,2,2,0,0,0,0,0,3,4,0,2,3,,N,,,,,,,,,,,
2006081153,1655.0,0,0,0,0,0,0,0,0,0,1,0,,67,6,2006,4,40.057,-75.0343,1647.0,6,0,0,0,0,1,0,0,0,,0,0,0,16,1,2,1,,0.0,40 03:25.000,,0,75 02:03.595,4,0,0,0,67301,0,0,0,,0,0,0,2,67301,2,,1,9,,,,,0,,0,0,1,3,2,,1640,2,2,0,0,0,0,0,3,4,1,2,7,,N,,,,,,,,,,,
2006081575,3.0,3,0,0,0,0,0,0,0,0,4,0,,67,6,2006,2,40.0693,-75.0796,0.0,6,0,0,1,1,0,0,0,0,,0,0,0,0,3,2,1,,0.0,40 04:09.000,,0,75 04:46.478,4,0,0,0,67301,0,0,0,,0,0,0,6,67301,1,,1,1,,,,,0,,0,0,0,3,3,,0,2,3,0,0,0,1,0,3,4,0,3,3,,N,,,,,,,,,,,
2006081576,1345.0,4,0,0,0,0,0,0,0,0,4,0,,67,6,2006,6,40.0543,-75.0631,1339.0,6,0,0,0,1,0,0,1,0,,0,0,0,13,1,2,1,,0.0,40 03:15.000,,0,75 03:47.104,4,0,0,0,67301,0,0,0,N,0,0,0,2,67301,2,,1,1,,N,N,,0,,0,0,0,3,2,,1337,2,4,0,0,0,0,0,3,4,0,4,3,,N,,,,,,,,,,,
2006105780,2132.0,1,0,0,0,0,0,0,0,0,2,0,,67,8,2006,7,39.9268,-75.2238,2127.0,6,0,0,0,0,0,0,0,0,2.0,0,0,0,21,3,1,1,,2.0,39 55:36.000,6.0,0,75 13:26.087,3,0,0,1,67301,0,0,0,,0,0,0,3,67301,0,,1,1,,,,,0,,1,0,0,9,3,Y,2126,1,2,0,0,0,0,0,3,4,0,2,3,,N,,,,,,,,,,,
2006092406,937.0,0,0,0,0,0,0,0,0,0,8,0,,67,8,2006,6,,,932.0,6,0,0,0,0,0,0,0,0,,0,0,0,14,1,1,0,,0.0,,,0,,4,0,0,0,67301,1,0,0,N,1,0,0,2,67301,1,,6,1,,N,N,,0,,0,0,0,9,2,,1400,1,2,0,0,0,0,0,3,3,0,1,3,,N,,,,,,,,,,,
2006053814,833.0,0,0,0,0,0,0,0,0,0,8,0,,67,3,2006,3,40.0005,-75.1198,820.0,6,0,0,0,0,0,1,0,0,,0,0,0,8,1,1,0,,0.0,40 00:01.771,,0,75 07:11.336,4,0,0,0,67301,1,0,0,N,1,0,0,3,67301,1,,6,1,,N,N,,0,,0,0,1,0,0,,818,1,2,0,0,0,0,0,3,4,0,1,3,,N,,,,,,,,,,,
2006053825,1755.0,1,0,0,0,0,0,0,0,0,1,0,,67,4,2006,7,40.0568,-75.047,1745.0,6,0,0,0,0,0,0,0,0,,0,0,0,17,1,1,1,,0.0,40 03:24.532,,0,75 02:49.228,4,0,0,1,67301,0,0,0,,0,0,0,2,67301,1,,1,1,,,,,0,,0,0,0,3,2,,1740,1,2,0,0,1,0,0,3,4,0,2,3,,N,,,,,,,,,,,
2006053848,1925.0,2,0,0,0,0,0,0,0,0,4,0,,67,4,2006,2,,,1921.0,6,0,0,0,0,0,0,0,1,,0,0,0,19,1,0,1,,0.0,,,0,,0,0,0,0,67301,0,0,0,,0,0,0,2,67301,0,,1,1,,,,,0,,0,0,0,3,3,,1910,0,2,0,0,0,0,0,3,3,0,2,3,,N,,,,,,,,,,,
2006055851,1222.0,2,0,0,0,0,0,0,0,0,4,0,,67,4,2006,4,40.0743,-75.0348,1218.0,6,0,0,0,0,0,1,0,1,2.0,0,0,0,12,1,1,2,,1.0,40 04:27.120,2.0,0,75 02:04.920,4,0,0,0,67301,0,0,0,N,0,0,0,5,67301,1,,1,1,,N,N,,0,,0,0,0,3,2,N,1215,1,2,0,0,5,0,0,3,4,0,2,3,,N,,,,,,,,,,,
2006092473,530.0,3,0,0,0,0,0,0,0,0,4,0,,67,8,2006,3,,,518.0,6,0,0,0,0,0,0,0,0,,0,0,0,5,1,0,0,,0.0,,,0,,0,0,0,0,67301,0,0,0,N,0,0,0,1,67301,0,,6,1,,N,N,,0,,0,0,0,0,0,,518,0,3,0,0,0,0,0,3,3,0,3,3,,N,,,,,,,,,,,
2006055968,1640.0,2,0,0,0,0,0,0,0,0,4,0,,67,3,2006,4,40.0462,-75.1431,1630.0,6,0,0,0,0,0,0,1,0,,0,0,0,16,1,2,0,,0.0,40 02:46.000,,0,75 08:35.149,4,0,0,0,67301,0,0,0,N,0,0,0,3,67301,2,,1,1,,N,N,,0,,0,0,0,0,0,,1629,2,2,0,0,0,0,0,3,4,0,2,3,,N,,,,,,,,,,,
2006055990,1556.0,1,0,0,0,0,0,0,0,0,6,0,,67,4,2006,1,,,1554.0,6,0,0,0,0,0,0,0,1,,0,0,0,15,1,2,1,,0.0,,,0,,4,0,0,0,67301,0,0,0,N,0,0,0,2,67301,2,,1,1,,N,N,,1,,0,0,0,9,3,,1553,2,2,0,0,0,0,0,3,3,0,2,3,,N,,,,,,,,,,,
2006056047,1940.0,1,0,0,0,0,0,0,0,0,8,0,,67,3,2006,1,40.0077,-75.1388,1940.0,6,0,0,0,0,0,0,0,0,,0,0,0,19,3,1,1,,0.0,40 00:27.000,,0,75 08:19.880,8,0,0,0,67301,1,0,0,N,1,0,0,2,67301,0,,3,1,,N,N,,0,,0,0,0,3,2,,1935,1,2,0,0,0,1,0,3,4,0,1,3,,N,,,,,,,,,,,
2006056051,9999.0,3,0,0,0,0,0,0,0,0,1,0,,67,3,2006,3,40.0152,-75.1498,9999.0,6,0,0,0,0,0,1,0,2,2.0,0,0,0,99,3,1,1,,1.0,40 00:55.000,2.0,0,75 08:59.891,8,0,0,0,67301,0,0,0,N,0,0,0,5,67301,0,,1,1,,N,N,,0,,0,0,1,3,2,N,9999,1,4,0,0,0,1,1,3,4,0,4,3,,N,,,,,,,,,,,
2006056145,2310.0,2,0,0,0,0,0,0,0,0,2,0,,67,3,2006,7,40.034,-75.0744,2305.0,6,0,0,0,0,0,0,0,0,,0,0,0,22,6,1,1,,0.0,40 02:02.000,,0,75 04:27.841,4,0,0,0,67301,0,0,0,N,0,0,0,2,67301,1,,1,9,,N,N,,0,,0,0,0,3,2,,2250,1,2,0,0,0,0,0,3,4,0,2,7,,N,,,,,,,,,,,
2006056341,2101.0,0,0,0,0,0,0,0,0,0,8,0,,67,3,2006,5,40.0776,-75.1779,2055.0,6,0,0,0,0,0,0,0,0,,0,0,0,20,3,1,0,,0.0,40 04:39.413,,0,75 10:40.433,4,0,0,0,67301,1,0,0,N,1,0,0,2,67301,1,,1,1,,N,N,,0,,0,0,0,0,0,,2050,1,2,0,0,0,0,1,3,4,1,1,3,,N,,,,,,,,,,,
2006056352,1303.0,1,0,0,0,0,0,0,0,0,4,0,,67,3,2006,2,39.9903,-75.2204,1258.0,6,0,0,0,0,0,1,0,0,,0,0,0,12,1,2,1,,0.0,39 59:25.216,,0,75 13:13.303,4,0,0,0,67301,0,0,0,N,0,0,0,3,67301,1,,1,1,,N,N,,0,,0,0,0,3,2,,1253,2,2,0,0,0,1,0,3,4,1,2,3,,N,,,,,,,,,,,
2006092802,857.0,1,0,0,0,0,0,0,0,0,4,0,,67,8,2006,7,40.0298,-75.06,856.0,6,0,0,0,0,0,0,0,0,,0,0,0,8,1,1,1,,0.0,40 01:47.000,,0,75 03:36.513,4,0,0,0,67301,0,0,0,N,0,0,0,3,67301,1,,1,1,,N,N,,1,,0,0,0,3,2,,854,1,2,0,0,0,0,0,3,4,0,2,3,,N,,,,,,,,,,,
2006056400,840.0,0,0,0,0,0,0,0,0,0,7,0,,67,3,2006,1,,,837.0,6,0,0,0,0,0,0,0,0,,0,0,0,8,1,0,0,,0.0,,,0,,0,0,0,0,67301,0,0,0,N,0,0,0,1,67301,0,,5,1,,N,N,,0,,0,0,1,0,0,,835,0,1,0,0,0,0,0,3,3,0,1,3,,N,,,,,,,,,,,
2006055548,1925.0,2,0,0,0,0,0,0,0,0,1,0,,67,2,2006,3,40.094,-74.9761,1915.0,6,0,0,0,1,0,0,0,0,,0,0,0,19,2,1,0,,0.0,40 05:38.263,,0,74 58:33.783,8,0,0,0,67301,0,0,0,,0,0,0,4,67301,0,,1,1,,,,,0,,0,0,0,0,0,,1910,1,2,0,0,0,1,0,3,4,0,2,3,,N,,,,,,,,,,,
2006055553,900.0,3,0,0,0,0,0,0,0,0,1,0,,67,4,2006,5,39.9769,-75.1137,855.0,6,0,0,0,0,0,0,0,0,,0,0,0,8,1,0,0,,0.0,39 58:35.400,,0,75 06:52.920,0,0,0,0,67301,0,0,0,N,0,0,0,4,67301,0,,1,1,,N,N,,0,,0,0,0,0,0,,855,0,3,0,0,0,0,0,3,4,0,3,3,,N,,,,,,,,,,,
2006053989,843.0,1,0,0,0,0,0,0,0,0,8,0,,67,4,2006,7,40.0075,-75.128,840.0,6,0,0,0,0,0,0,0,0,,0,0,0,8,1,1,0,,0.0,40 00:27.000,,0,75 07:40.800,4,0,0,0,67301,1,0,0,N,1,0,0,2,67301,1,,1,9,,N,Y,,0,,0,0,0,0,0,,835,1,2,0,0,0,0,0,3,4,0,1,7,,N,,,,,,,,,,,
2006055770,2355.0,2,0,0,0,0,0,0,0,0,1,0,,67,3,2006,6,40.0456,-75.0017,2350.0,6,0,0,0,0,0,0,0,0,,0,0,0,23,3,0,0,,0.0,40 02:46.000,,0,75 00:03.460,0,0,0,0,67301,0,0,0,N,0,0,0,3,67301,0,,1,1,,N,N,,0,,0,0,0,0,0,,2345,0,2,0,0,0,0,0,3,4,0,2,3,,N,,,,,,,,,,,
2006062417,240.0,2,0,0,0,0,0,0,0,0,4,0,,67,4,2006,1,39.9842,-75.0991,233.0,6,0,0,0,0,0,0,0,0,,0,0,0,2,3,0,1,,0.0,39 59:03.000,,0,75 05:56.373,0,0,0,0,67301,0,0,0,N,0,0,0,3,67301,0,,1,1,,N,N,,0,,0,0,0,3,2,,231,0,2,0,0,0,0,0,3,4,0,2,3,,N,,,,,,,,,,,
2006062418,727.0,1,0,0,0,0,0,0,0,0,8,0,,67,5,2006,5,40.0037,-75.0944,724.0,6,0,0,0,0,0,0,0,0,,0,0,0,7,1,1,1,,0.0,40 00:13.000,,0,75 05:39.827,4,0,0,0,67301,1,0,0,N,1,0,0,3,67301,1,,1,1,,N,N,,0,,0,0,0,3,2,,720,1,2,0,0,0,0,0,3,4,0,1,3,,N,,,,,,,,,,,
2006054711,357.0,2,0,0,0,0,0,0,0,0,4,0,,67,3,2006,7,40.0422,-75.0505,357.0,6,0,0,0,0,0,0,0,0,9.0,0,0,0,3,3,0,0,,1.0,40 02:32.000,4.0,0,75 03:02.113,0,0,0,0,67301,1,0,0,N,0,0,0,2,67301,0,,6,1,,N,N,,0,,0,0,0,0,0,N,357,0,2,0,0,0,0,0,3,4,0,2,3,,N,,,,,,,,,,,
2006093895,1500.0,1,0,0,0,0,0,0,0,0,8,0,,67,7,2006,4,39.9613,-75.2471,1500.0,6,0,0,0,0,0,0,0,0,,0,0,0,15,1,1,2,,0.0,39 57:40.258,,0,75 14:49.388,3,0,0,0,67301,1,0,0,N,1,0,0,2,67301,0,,3,1,,N,N,,0,,1,0,0,3,2,,1500,1,2,0,0,1,0,0,3,4,0,1,3,,N,,,,,,,,,,,
2006079220,1711.0,1,0,0,0,0,0,1,0,0,5,1,,67,6,2006,1,39.9559,-75.2048,1708.0,6,0,0,0,0,0,0,0,0,9.0,0,0,0,17,1,0,2,,1.0,39 57:21.000,3.0,0,75 12:17.262,9,0,0,0,67301,0,0,0,N,0,0,0,2,67301,0,,1,1,,N,N,,0,,0,0,0,3,2,N,1706,0,2,0,0,0,0,1,3,4,0,2,3,,N,,,,,,,,,,,
2006079269,1622.0,1,0,0,0,0,0,0,0,0,7,0,,67,6,2006,6,,,1617.0,6,0,0,0,0,0,1,0,0,,0,0,0,16,1,1,0,,0.0,,,0,,4,0,0,1,67301,0,0,0,N,0,0,0,2,67301,1,,2,1,,N,N,,0,,0,0,0,0,0,,1617,1,2,0,0,1,0,0,3,3,0,2,3,,N,,,,,,,,,,,
2006082091,15.0,3,0,0,0,0,0,0,0,0,2,0,,67,5,2006,1,40.0025,-75.0643,10.0,6,0,0,0,0,0,0,0,0,,0,0,0,0,3,3,2,,0.0,40 00:09.000,,0,75 03:51.564,2,0,0,0,67301,0,0,0,N,0,0,0,5,67301,2,,1,1,,N,N,,0,,0,1,0,3,2,,10,3,3,0,0,0,0,0,3,4,0,3,3,,N,,,,,,,,,,,
2007022836,2300.0,1,0,0,0,0,0,0,0,0,7,0,,67,12,2006,5,39.9585,-75.1536,2257.0,6,0,0,0,0,0,0,0,0,,0,0,0,22,3,0,3,,0.0,39 57:30.711,,0,75 09:12.844,0,0,0,0,67301,0,0,0,,0,0,0,1,67301,0,,4,1,,,,,0,,0,0,0,0,0,,2257,0,1,0,0,0,0,0,3,4,0,1,3,,N,,,,,,,,,,,
2007022699,1425.0,1,0,0,0,0,0,0,0,0,4,0,,67,12,2006,2,39.9348,-75.2354,1423.0,6,0,0,1,0,0,0,0,0,,0,0,0,14,1,0,0,,0.0,39 56:05.000,,0,75 14:07.529,0,0,0,0,67301,0,0,0,N,0,0,0,2,67301,0,,1,9,,N,N,,0,,0,0,1,0,0,,1422,0,2,0,0,0,0,0,3,4,0,2,7,5.0,N,,,,,,,,,,,
2006079901,406.0,1,0,0,0,0,0,0,0,0,7,0,,67,7,2006,3,40.0491,-75.0022,405.0,6,0,0,0,0,0,0,0,0,1.0,0,0,0,4,3,1,7,,2.0,40 02:57.000,4.0,2,75 00:11.381,3,0,0,0,67301,0,0,0,N,0,0,0,1,67301,0,,4,1,,N,N,,0,,1,0,0,0,0,Y,404,1,1,0,0,1,0,0,3,4,0,1,3,,N,,,,,,,,,,,
2006082111,1020.0,1,0,0,0,0,0,0,0,0,4,0,,67,5,2006,7,,,1015.0,6,0,0,0,0,0,0,0,0,,0,0,0,9,1,0,0,,0.0,,,0,,0,0,0,0,67301,1,0,0,N,0,0,0,2,67301,0,,1,1,,N,N,,2,,0,0,0,0,0,,945,0,3,0,0,0,0,0,3,3,0,3,3,,N,,,,,,,,,,,
2006082108,1658.0,1,0,0,0,0,0,0,0,0,2,0,,67,5,2006,7,,,1656.0,6,0,0,0,0,0,0,0,0,,0,0,0,16,1,2,1,,0.0,,,0,,4,0,0,0,67301,0,0,0,N,0,0,0,3,67301,2,,1,1,,N,N,,0,,0,0,1,1,2,,1655,2,2,0,0,0,0,0,3,3,0,2,3,,N,,,,,,,,,,,
2006082086,2311.0,1,0,0,1,0,0,0,0,0,1,0,,67,6,2006,7,40.0227,-75.2084,2307.0,6,0,0,0,0,0,0,0,0,3.0,0,0,0,23,3,1,2,,2.0,40 01:21.668,5.0,0,75 12:30.407,8,0,0,0,67301,1,0,0,N,0,0,0,5,67301,0,,1,1,,N,N,,0,,0,0,0,3,3,Y,2305,1,2,0,0,0,1,0,3,4,0,1,3,,N,,,,,,,,,,,
2006079217,1600.0,0,0,0,0,0,0,0,0,0,8,0,,67,6,2006,4,,,1556.0,6,0,0,0,0,0,0,0,0,,0,0,0,15,1,1,1,,0.0,,,0,,4,0,0,0,67301,1,0,0,N,1,0,0,2,67301,1,,1,1,,N,N,,1,,0,0,0,3,2,,1556,1,2,0,0,0,0,0,3,3,0,1,3,,N,,,,,,,,,,,
2006079213,2116.0,0,0,0,0,0,0,0,0,0,8,0,,67,6,2006,6,39.9561,-75.2064,2115.0,6,0,0,0,0,0,0,0,0,,0,0,0,21,3,1,1,,0.0,39 57:22.000,,0,75 12:22.946,4,0,0,0,67301,1,0,0,,1,0,0,2,67504,1,,9,1,,N,N,,0,,0,0,1,2,2,,2115,1,2,0,0,0,0,1,3,4,0,1,3,,N,,,,,,,,,,,
2006103257,1745.0,2,0,0,0,0,0,0,0,0,2,0,,67,9,2006,6,40.0211,-75.1399,1740.0,6,0,0,0,0,0,0,1,0,,0,0,0,17,1,1,1,,0.0,40 01:15.000,,0,75 08:24.542,4,0,0,0,67301,0,0,0,N,0,0,0,2,67301,1,,1,1,,N,N,,0,,0,0,0,3,2,,1735,1,2,0,0,0,0,0,3,4,0,2,3,,N,,,,,,,,,,,
2006082681,125.0,2,0,0,0,0,0,0,0,0,1,0,,67,7,2006,1,,,120.0,6,0,0,0,0,0,0,0,0,1.0,0,0,0,1,3,0,0,,1.0,,1.0,99,,0,0,0,0,67301,0,0,0,N,0,0,0,2,67301,0,,1,1,,N,N,,0,,0,0,0,0,0,N,117,0,2,0,0,0,0,0,3,3,0,2,3,,N,,,,,,,,,,,
2006125287,1348.0,2,0,0,0,0,0,0,0,0,5,0,,67,10,2006,3,,,1346.0,6,0,0,0,0,1,0,0,0,9.0,0,0,0,13,1,3,0,,1.0,,1.0,0,,3,0,0,0,67301,0,0,0,N,0,0,0,6,67301,2,,1,1,,N,N,,1,,1,0,0,0,0,N,1343,3,3,0,0,0,0,0,3,3,0,3,3,,N,,,,,,,,,,,
2006080921,801.0,2,0,0,0,0,0,0,0,0,5,0,,67,7,2006,4,,,746.0,6,0,0,0,0,0,0,0,0,,0,0,0,7,1,0,0,,0.0,,,3,,0,0,0,0,67301,0,0,0,N,0,0,0,3,67301,0,,1,9,,N,N,,0,,0,0,0,0,0,,744,0,2,0,0,0,0,0,3,3,0,2,7,,N,,,,,,,,,,,
2006080927,1201.0,2,0,0,0,0,0,0,0,0,1,0,,67,6,2006,3,40.0729,-75.0146,1201.0,6,0,0,0,0,0,0,0,0,,0,0,0,12,1,1,0,,0.0,40 04:22.000,,0,75 00:52.663,4,0,0,0,67301,0,0,0,N,0,0,0,3,67301,1,,1,1,,N,N,,0,,0,0,0,0,0,,1200,1,2,0,0,0,0,0,3,4,0,2,3,,N,,,,,,,,,,,
2006081108,738.0,2,0,0,0,0,0,0,0,0,1,0,,67,5,2006,5,,,735.0,6,0,0,0,0,0,1,0,0,,0,0,0,7,1,1,0,,0.0,,,0,,4,0,0,0,67301,0,0,0,N,0,0,0,2,67301,1,,1,1,,N,N,,0,,0,0,0,0,0,,732,1,2,0,0,0,0,0,3,3,0,2,3,,N,,,,,,,,,,,
2006055973,2022.0,1,0,0,0,0,0,0,0,0,4,0,,67,4,2006,5,,,2020.0,6,0,0,0,0,0,1,0,0,2.0,0,0,0,20,3,3,1,,2.0,,6.0,0,,4,0,0,0,67301,0,0,0,N,0,0,0,3,67301,1,,1,1,,N,N,,0,,0,0,1,3,2,Y,2015,3,2,0,0,1,2,0,3,3,0,2,3,,N,,,,,,,,,,,
2006056054,1658.0,1,0,1,0,0,0,0,0,0,7,0,,67,3,2006,7,40.0179,-75.1717,1654.0,6,0,0,0,0,0,1,0,0,2.0,0,0,0,16,1,1,0,,2.0,40 01:04.440,4.0,0,75 10:18.480,2,0,0,0,67301,0,0,0,N,0,0,0,1,67301,0,,4,1,,N,N,,0,,0,1,0,3,8,N,1650,1,1,0,0,0,0,0,3,4,0,1,3,,N,,,,,,,,,,,
2006056008,1200.0,2,0,0,0,0,0,0,0,0,4,0,,67,3,2006,6,39.9613,-75.1752,1200.0,6,0,0,0,0,0,0,0,0,,0,0,0,11,1,1,1,,0.0,39 57:40.000,,0,75 10:31.301,4,0,0,0,67301,0,0,0,N,0,0,0,3,67301,1,,1,1,,N,N,,0,,0,0,0,3,2,,1159,1,2,0,0,0,0,0,3,4,0,2,98,,N,,,,,,,,,,,
2006056105,940.0,3,0,0,0,0,0,1,0,0,5,1,,67,4,2006,7,40.0678,-75.1975,935.0,6,0,0,0,0,0,1,0,0,,0,0,0,9,1,1,0,,0.0,40 04:04.087,,0,75 11:50.935,4,0,0,0,67301,0,0,0,N,0,0,0,2,67301,1,,1,9,,N,N,,0,,0,0,0,0,0,,930,1,4,0,0,0,0,0,3,4,0,4,7,,N,,,,,,,,,,,
2006056263,2250.0,1,0,0,0,0,0,0,0,0,8,0,,67,4,2006,2,,,2248.0,6,0,0,0,0,0,0,1,0,,0,0,0,22,3,1,1,,0.0,,,0,,4,0,0,0,67301,1,0,0,N,1,0,0,2,67301,1,,1,1,,N,N,,0,,0,0,0,3,2,,2245,1,2,0,0,1,0,0,3,3,0,1,3,,N,,,,,,,,,,,
2006056377,1202.0,1,0,0,0,0,0,0,0,0,4,0,,67,2,2006,7,40.0257,-75.2025,1158.0,6,0,0,0,0,0,0,0,0,2.0,0,0,0,11,1,1,0,,1.0,40 01:32.000,7.0,0,75 12:09.091,3,0,0,0,67301,0,0,0,N,0,0,0,2,67301,0,,1,1,,N,N,,0,,1,0,1,0,0,Y,1156,1,2,0,0,0,0,0,3,4,0,2,3,,N,,,,,,,,,,,
2006092905,1350.0,2,0,0,0,0,0,0,0,0,1,0,,67,8,2006,7,40.1004,-74.9796,1345.0,6,0,0,1,0,0,0,0,1,,0,0,0,13,1,1,0,,0.0,40 06:01.612,,7,74 58:46.412,4,0,0,0,67301,0,0,0,N,0,0,0,2,67301,1,,1,1,,N,N,,0,,0,0,0,0,0,,1330,1,2,0,0,0,0,0,3,4,0,2,3,,N,,,,,,,,,,,
2006055360,1416.0,1,0,0,0,0,0,0,0,0,8,0,,67,2,2006,1,39.9827,-75.1753,1407.0,6,0,0,0,0,0,0,0,0,,0,0,0,13,1,1,1,,0.0,39 58:57.000,,0,75 10:31.272,8,0,0,0,67301,1,0,0,N,1,0,0,2,67301,0,,1,1,,N,N,,0,,0,0,0,3,2,,1330,1,2,0,0,0,1,0,3,4,0,1,3,,N,,,,,,,,,,,
2006055414,2335.0,1,0,0,0,0,0,0,0,0,7,0,,67,3,2006,5,40.0634,-75.1723,2330.0,6,0,0,0,0,0,0,0,0,2.0,0,0,0,22,3,1,0,,1.0,40 03:48.000,1.0,0,75 10:20.133,8,0,0,0,67301,0,0,0,N,0,0,0,1,67301,0,,5,1,,N,N,,0,,0,0,0,0,0,Y,2225,1,1,0,0,0,1,0,3,4,0,1,3,,N,,,,,,,,,,,