CRN,ARRIVAL_TM,AUTOMOBILE_COUNT,BELTED_DEATH_COUNT,BELTED_SUSP_SERIOUS_INJ_COUNT,BICYCLE_COUNT,BICYCLE_DEATH_COUNT,BICYCLE_SUSP_SERIOUS_INJ_COUNT,BUS_COUNT,CHLDPAS_DEATH_COUNT,CHLDPAS_SUSP_SERIOUS_INJ_COUNT,COLLISION_TYPE,COMM_VEH_COUNT,CONS_ZONE_SPD_LIM,COUNTY,CRASH_MONTH,CRASH_YEAR,DAY_OF_WEEK,DEC_LAT,DEC_LONG,DISPATCH_TM,DISTRICT,DRIVER_COUNT_16YR,DRIVER_COUNT_17YR,DRIVER_COUNT_18YR,DRIVER_COUNT_19YR,DRIVER_COUNT_20YR,DRIVER_COUNT_50_64YR,DRIVER_COUNT_65_74YR,DRIVER_COUNT_75PLUS,EST_HRS_CLOSED,FATAL_COUNT,HEAVY_TRUCK_COUNT,HORSE_BUGGY_COUNT,HOUR_OF_DAY,ILLUMINATION,INJURY_COUNT,INTERSECT_TYPE,INTERSECTION_RELATED,LANE_CLOSED,LATITUDE,LN_CLOSE_DIR,LOCATION_TYPE,LONGITUDE,MAX_SEVERITY_LEVEL,MCYCLE_DEATH_COUNT,MCYCLE_SUSP_SERIOUS_INJ_COUNT,MOTORCYCLE_COUNT,MUNICIPALITY,NONMOTR_COUNT,NONMOTR_DEATH_COUNT,NONMOTR_SUSP_SERIOUS_INJ_COUNT,NTFY_HIWY_MAINT,PED_COUNT,PED_DEATH_COUNT,PED_SUSP_SERIOUS_INJ_COUNT,PERSON_COUNT,POLICE_AGCY,POSSIBLE_INJ_COUNT,RDWY_SURF_TYPE_CD,RELATION_TO_ROAD,ROAD_CONDITION,ROADWAY_CLEARED,SCH_BUS_IND,SCH_ZONE_IND,SECONDARY_CRASH,SMALL_TRUCK_COUNT,SPEC_JURIS_CD,SUSP_MINOR_INJ_COUNT,SUSP_SERIOUS_INJ_COUNT,SUV_COUNT,TCD_FUNC_CD,TCD_TYPE,TFC_DETOUR_IND,TIME_OF_DAY,TOT_INJ_COUNT,TOTAL_UNITS,UNB_DEATH_COUNT,UNB_SUSP_SERIOUS_INJ_COUNT,UNBELTED_OCC_COUNT,UNK_INJ_DEG_COUNT,UNK_INJ_PER_COUNT,URBAN_AREA,URBAN_RURAL,VAN_COUNT,VEHICLE_COUNT,WEATHER1,WEATHER2,WORK_ZONE_IND,WORK_ZONE_LOC,WORK_ZONE_TYPE,WORKERS_PRES,WZ_CLOSE_DETOUR,WZ_FLAGGER,WZ_LAW_OFFCR_IND,WZ_LN_CLOSURE,WZ_MOVING,WZ_OTHER,WZ_SHLDER_MDN,WZ_WORKERS_INJ_KILLED
2006055448,1455.0,3,0,0,0,0,0,0,0,0,1,0,,67,2,2006,3,39.9575,-75.2254,1446.0,6,0,0,0,0,0,0,0,1,,0,0,0,99,1,3,0,,0.0,39 57:27.000,,0,75 13:31.444,8,0,0,0,67301,0,0,0,N,0,0,0,5,67301,0,,1,1,,N,N,,0,,0,0,0,0,0,,9999,3,3,0,0,0,3,1,3,4,0,3,3,,N,,,,,,,,,,,
2006055712,1310.0,3,0,0,0,0,0,0,0,0,4,0,,67,3,2006,6,40.0383,-75.0754,1300.0,6,0,0,0,0,0,0,0,0,,0,0,0,13,1,2,1,,0.0,40 02:17.880,,0,75 04:31.440,4,0,0,0,67301,0,0,0,N,0,0,0,3,67301,2,,1,1,,N,N,,0,,0,0,0,3,2,,1300,2,3,0,0,0,0,0,3,4,0,3,3,,N,,,,,,,,,,,
2006055725,321.0,3,0,0,0,0,0,0,0,0,5,0,,67,4,2006,7,,,321.0,6,0,0,0,0,0,0,0,0,,0,0,0,3,3,0,0,,0.0,,,0,,0,0,0,0,67301,0,0,0,N,0,0,0,1,67301,0,,6,1,,N,N,,0,,0,0,0,0,0,,321,0,3,0,0,0,0,0,3,3,0,3,3,,N,,,,,,,,,,,
2006104833,1835.0,2,0,0,0,0,0,0,0,0,4,0,,67,8,2006,4,39.9298,-75.1442,1834.0,6,0,0,0,1,0,0,0,0,,0,0,0,18,1,1,1,,0.0,39 55:47.000,,0,75 08:39.199,4,0,0,0,67301,0,0,0,N,0,0,0,4,67301,1,,1,1,,N,N,,0,,0,0,0,3,2,,1830,1,2,0,0,1,0,0,3,4,0,2,3,,N,,,,,,,,,,,
2006104958,1445.0,2,0,0,0,0,0,0,0,0,2,0,,67,9,2006,7,,,1445.0,6,0,0,0,0,1,1,0,0,,0,0,0,14,1,1,1,,0.0,,,0,,4,0,0,0,67301,0,0,0,N,0,0,0,2,67301,1,,1,9,,N,N,,0,,0,0,0,9,2,,1440,1,2,0,0,1,0,0,3,3,0,2,7,,N,,,,,,,,,,,
2006112724,9999.0,2,0,0,0,0,0,0,0,0,4,0,,67,10,2006,2,39.9355,-75.2348,9999.0,6,0,0,0,0,0,0,0,0,,0,0,0,99,3,1,2,,0.0,39 56:07.000,,0,75 14:05.516,8,0,0,0,67301,0,0,0,,0,0,0,2,67301,0,,1,1,,,,,0,,0,0,0,3,3,,9999,1,2,0,0,1,1,0,3,4,0,2,3,,N,,,,,,,,,,,
2006055184,9999.0,0,0,0,0,0,0,0,0,0,8,0,,67,3,2006,4,40.0752,-74.9885,9999.0,6,0,0,0,0,0,0,0,0,,0,0,0,20,3,1,1,,0.0,40 04:30.860,,0,74 59:18.563,3,0,0,0,67301,1,0,0,,1,0,0,2,67301,0,,1,1,,N,N,,0,,1,0,0,0,0,,2000,1,2,0,0,0,0,0,3,4,0,1,3,,N,,,,,,,,,,,
2006055269,2229.0,2,0,0,0,0,0,0,0,0,4,0,,67,3,2006,1,40.0139,-75.126,2225.0,6,0,0,0,0,0,0,0,0,,0,0,0,19,3,4,1,,0.0,40 00:49.975,,0,75 07:33.617,4,0,0,0,67301,0,0,0,N,0,0,0,5,67301,4,,1,1,,N,N,,0,,0,0,0,3,2,,1902,4,2,0,0,0,0,1,3,4,0,2,3,,N,,,,,,,,,,,
2006056441,57.0,1,0,0,0,0,0,0,0,0,4,0,,67,5,2006,2,39.9607,-75.1822,52.0,6,0,0,0,0,0,0,0,0,,0,0,0,0,3,1,0,,0.0,39 57:36.000,,0,75 10:49.699,8,0,0,0,67301,0,0,0,N,0,0,0,1,67301,0,,3,1,,N,N,,0,,0,0,0,0,0,,50,1,1,0,0,0,1,0,3,4,0,1,3,,N,,,,,,,,,,,
2006054008,922.0,1,0,0,0,0,0,0,0,0,1,0,,67,3,2006,7,40.0455,-75.0883,922.0,6,0,1,0,0,0,0,0,0,,0,0,0,9,1,1,1,,0.0,40 02:43.000,,0,75 05:18.106,8,0,0,0,67301,0,0,0,N,0,0,0,4,67301,0,,1,1,,N,N,,0,,0,0,1,3,2,,920,1,2,0,0,2,1,0,3,4,0,2,3,,N,,,,,,,,,,,
2006103234,1910.0,2,0,0,0,0,0,0,0,0,1,0,,67,9,2006,6,,,1905.0,6,0,0,0,0,0,0,0,0,,0,0,0,19,1,2,0,,0.0,,,0,,4,0,0,0,67301,0,0,0,N,0,0,0,4,67301,1,,1,1,,N,N,,0,,0,0,0,0,0,,1900,2,2,0,0,0,1,1,3,3,0,2,3,,N,,,,,,,,,,,
2006082539,701.0,1,0,0,0,0,0,1,0,0,4,1,,67,6,2006,3,40.013,-75.1194,700.0,6,0,0,1,0,0,0,0,0,,0,0,0,99,1,1,1,,0.0,40 00:46.000,,0,75 07:09.727,4,0,0,0,67301,0,0,0,N,0,0,0,6,67301,1,,1,1,,Y,N,,0,,0,0,0,3,2,,9999,1,2,0,0,0,0,0,3,4,0,2,3,,N,,,,,,,,,,,
2006079830,1423.0,1,0,0,0,0,0,0,0,0,4,0,,67,7,2006,2,39.9379,-75.1668,1420.0,6,0,0,0,0,0,1,0,0,,0,0,0,14,1,1,1,,0.0,39 56:16.000,,0,75 10:00.309,8,0,0,0,67301,0,0,0,N,0,0,0,8,67301,0,,1,1,,N,N,,0,,0,0,0,3,2,,1420,1,2,0,0,0,1,3,3,4,1,2,3,,N,,,,,,,,,,,
2006021104,9999.0,2,0,0,0,0,0,0,0,0,1,0,,67,1,2006,1,39.9391,-75.1492,9999.0,6,0,0,0,0,0,0,0,0,,0,0,0,2,3,0,0,,0.0,39 56:20.666,,0,75 08:57.217,0,0,0,0,67301,0,0,0,,0,0,0,2,67301,0,,6,9,,N,N,,0,,0,0,0,0,0,,201,0,2,0,0,0,0,0,3,4,0,2,7,,N,,,,,,,,,,,
2007006826,845.0,0,0,0,0,0,0,0,0,0,7,0,,67,11,2006,2,39.9313,-75.178,839.0,6,0,0,0,0,0,0,0,0,,0,0,0,8,1,1,2,,0.0,39 55:52.633,,0,75 10:40.807,8,0,0,0,67301,0,0,0,N,0,0,0,1,67301,0,,5,1,,N,N,,1,,0,0,0,0,0,,835,1,1,0,0,0,1,0,3,4,0,1,3,,N,,,,,,,,,,,
2007023074,1252.0,1,0,0,0,0,0,0,0,0,4,0,,67,12,2006,4,40.047,-74.9927,1252.0,6,0,0,0,0,0,0,0,0,1.0,0,0,0,12,1,3,1,,1.0,40 02:48.000,1.0,0,74 59:34.008,3,0,0,1,67301,0,0,0,,0,0,0,4,67301,1,,1,1,,N,N,,0,,2,0,0,3,2,Y,1251,3,2,0,0,0,0,0,3,4,0,2,3,,N,,,,,,,,,,,
2007023106,1425.0,2,0,0,0,0,0,0,0,0,1,0,,67,12,2006,4,40.0209,-75.1401,1420.0,6,0,0,0,0,0,0,0,0,2.0,0,0,0,14,1,4,1,,1.0,40 01:18.000,2.0,0,75 08:22.667,4,0,0,0,67301,0,0,0,N,0,0,0,4,67301,4,,1,9,,N,N,,0,,0,0,0,3,2,N,1410,4,2,0,0,0,0,0,3,4,0,2,7,,N,,,,,,,,,,,
2007023178,1715.0,2,0,0,0,0,0,0,0,0,1,0,,67,12,2006,7,40.0072,-75.1234,1715.0,6,0,0,0,0,0,0,0,0,,0,0,0,99,2,1,1,,0.0,40 00:25.000,,0,75 07:24.379,8,0,0,0,67301,0,0,0,,0,0,0,3,67301,0,,1,1,,N,N,,0,,0,0,0,3,2,,9999,1,2,0,0,1,1,0,3,4,0,2,3,,N,,,,,,,,,,,
2007023032,1855.0,1,0,0,0,0,0,0,0,0,8,0,,67,12,2006,4,,,1850.0,6,0,0,0,0,0,0,0,0,,0,0,0,18,3,1,0,,0.0,,,0,,4,0,0,0,67301,1,0,0,N,1,0,0,2,67301,1,,1,9,,N,N,,0,,0,0,0,0,0,,1840,1,2,0,0,0,0,0,3,3,0,1,7,,N,,,,,,,,,,,
2007027218,9999.0,2,0,0,0,0,0,0,0,0,1,0,,67,12,2006,6,39.9507,-75.1416,1726.0,6,0,0,0,0,0,0,0,0,1.0,0,0,0,99,3,0,0,,1.0,39 56:58.000,2.0,0,75 08:30.498,0,0,0,0,67301,0,0,0,,0,0,0,2,67301,0,,1,9,,,,,0,,0,0,0,0,0,N,9999,0,2,0,0,1,0,0,3,4,0,2,7,,N,,,,,,,,,,,
2007029692,1653.0,2,0,0,0,0,0,0,0,0,4,0,,67,12,2006,6,39.9968,-75.1769,1650.0,6,0,0,0,0,0,0,0,0,,0,0,0,16,3,3,1,,0.0,39 59:48.000,,0,75 10:36.999,4,0,0,0,67301,0,0,0,,0,0,0,3,67301,3,,1,1,,,,,0,,0,0,0,3,2,,1650,3,2,0,0,0,0,0,3,4,0,2,3,,N,,,,,,,,,,,
2007034470,,2,0,0,0,0,0,0,0,0,1,0,,67,2,2006,6,,,,6,0,0,0,0,0,0,0,0,,0,0,0,8,1,2,1,,0.0,,,0,,4,0,0,0,67301,0,0,0,N,0,0,0,3,,1,,1,1,,N,N,,0,,0,0,0,9,3,,815,2,2,0,0,0,1,0,3,3,0,2,3,,N,,,,,,,,,,,
2007034527,,1,0,0,0,0,0,0,0,0,5,1,,67,5,2006,5,,,,6,0,0,0,0,0,1,0,0,,0,1,0,21,6,2,0,,0.0,,,1,,3,0,0,0,67301,0,0,0,N,0,0,0,3,,0,,1,1,,N,N,,0,,2,0,0,0,0,,2145,2,2,0,0,0,0,1,3,3,0,2,5,,N,,,,,,,,,,,
2007008466,952.0,1,0,0,0,0,0,0,0,0,8,0,,67,12,2006,3,40.0294,-75.1371,950.0,6,0,1,0,0,0,0,0,0,,0,0,0,9,1,1,1,,0.0,40 01:45.825,,0,75 08:13.473,4,0,0,0,67301,1,0,0,N,1,0,0,2,67301,1,,1,1,,N,N,,0,,0,0,0,3,3,,950,1,2,0,0,0,0,0,3,4,0,1,3,,N,,,,,,,,,,,
2007007972,1739.0,1,0,0,0,0,0,0,0,0,8,0,,67,12,2006,3,39.9361,-75.1573,1735.0,6,0,0,0,0,0,0,0,1,,0,0,0,17,1,1,0,,0.0,39 56:09.800,,0,75 09:26.100,8,0,0,0,67301,1,0,0,N,1,0,0,5,67301,0,,1,1,,N,N,,0,,0,0,0,3,2,,1730,1,2,0,0,1,1,0,3,4,0,1,3,,N,,,,,,,,,,,
2007022109,3.0,2,0,0,0,0,0,0,0,0,1,0,,67,12,2006,7,39.99,-75.2266,3.0,6,0,0,0,0,0,0,1,0,,0,0,0,11,1,1,0,,0.0,39 59:23.874,,0,75 13:35.760,4,0,0,0,67301,0,0,0,N,0,0,0,2,67301,1,,1,9,,N,N,,0,,0,0,0,0,0,,1150,1,2,0,0,0,0,0,3,4,0,2,7,,N,,,,,,,,,,,
2007022149,1725.0,3,0,0,0,0,0,0,0,0,4,0,,67,10,2006,1,40.0241,-75.0541,1725.0,6,0,1,0,0,0,2,0,0,3.0,0,0,0,17,1,4,2,,1.0,40 01:26.000,4.0,0,75 03:14.653,8,0,0,0,67301,0,0,0,N,0,0,0,6,67301,0,,1,1,,N,N,,0,,0,0,0,3,3,Y,1724,4,3,0,0,0,4,0,3,4,0,3,3,,N,,,,,,,,,,,
2007007093,1207.0,2,0,0,0,0,0,0,0,0,4,0,,67,11,2006,1,40.0348,-75.1884,1202.0,6,0,0,0,0,0,0,0,0,2.0,0,0,0,12,1,3,0,,1.0,40 02:05.300,1.0,0,75 11:18.100,4,0,0,0,67301,0,0,0,N,0,0,0,3,67301,1,,1,9,,N,N,,0,,0,0,0,0,0,N,1202,3,2,0,0,0,2,0,3,4,0,2,7,,N,,,,,,,,,,,
2007007575,1403.0,1,0,0,0,0,0,0,0,0,8,0,,67,11,2006,4,39.9432,-75.1689,1357.0,6,0,0,0,0,0,1,0,0,,0,0,0,99,1,1,1,,0.0,39 56:35.444,,0,75 10:08.205,8,0,0,0,67301,1,0,0,N,1,0,0,2,67301,0,,1,1,,N,N,,0,,0,0,0,3,3,,9999,1,2,0,0,0,1,0,3,4,0,1,3,,N,,,,,,,,,,,
2007007583,1435.0,2,0,0,0,0,0,0,0,0,1,0,,67,11,2006,1,40.0361,-75.194,1425.0,6,0,0,0,0,0,1,0,0,,0,0,0,13,1,1,2,,0.0,40 02:09.000,,0,75 11:38.411,4,0,0,0,67301,0,0,0,N,0,0,0,3,67301,1,,1,9,,N,N,,0,,0,0,0,3,2,,1320,1,2,0,0,0,0,0,3,4,0,2,7,,N,,,,,,,,,,,
2007007586,832.0,0,0,0,0,0,0,0,0,0,2,0,,67,11,2006,4,39.913,-75.1819,831.0,6,0,0,0,0,0,0,0,0,1.0,0,0,0,8,1,3,1,,2.0,39 54:46.000,3.0,0,75 10:55.051,4,0,0,0,67301,0,0,0,N,0,0,0,4,67301,3,,1,1,,N,N,,1,,0,0,0,3,2,Y,825,3,2,0,0,0,0,1,3,4,1,2,3,,N,,,,,,,,,,,
2007010234,1730.0,1,0,0,0,0,0,0,0,0,7,0,,67,12,2006,7,39.9571,-75.1526,1726.0,6,0,0,0,0,0,0,0,0,1.0,0,0,0,17,3,1,0,,1.0,39 57:25.000,4.0,0,75 09:08.359,4,0,0,0,67301,0,0,0,N,0,0,0,1,67301,1,,2,1,,N,N,,0,,0,0,0,0,0,N,1722,1,1,0,0,0,0,0,3,4,0,1,3,,N,,,,,,,,,,,
2007010237,2317.0,1,0,0,0,0,0,0,0,0,8,0,,67,11,2006,6,39.9578,-75.1472,2313.0,6,0,0,0,0,0,0,0,0,,0,0,0,23,3,1,1,,0.0,39 57:28.162,,0,75 08:50.070,4,0,0,0,67301,1,0,0,N,1,0,0,3,67301,1,,1,1,,N,N,,0,,0,0,0,3,2,,2305,1,2,0,0,0,0,0,3,4,0,1,3,,N,,,,,,,,,,,
2007020857,1643.0,0,0,0,0,0,0,0,0,0,5,0,,67,12,2006,3,40.0256,-75.0725,1630.0,6,0,0,0,0,0,1,0,0,,0,0,0,16,1,0,0,,0.0,40 01:32.000,,0,75 04:20.881,0,0,0,0,67301,0,0,0,N,0,0,0,2,67301,0,,1,1,,N,N,,1,,0,0,1,0,0,,1620,0,2,0,0,0,0,0,3,4,0,2,3,,N,,,,,,,,,,,
2007033475,,1,0,0,0,0,0,1,0,0,1,1,,67,4,2006,1,,,,6,0,0,0,0,0,0,1,0,,0,0,0,8,1,1,0,,0.0,,,0,,8,0,0,0,67301,0,0,0,N,0,0,0,2,,0,,1,1,,N,N,,0,,0,0,0,0,0,,845,1,2,0,0,0,1,0,3,3,0,2,3,,N,,,,,,,,,,,
2007008554,1645.0,2,0,1,0,0,0,0,0,0,4,0,,67,12,2006,2,40.0174,-75.172,1640.0,6,0,0,0,0,0,0,0,0,1.0,0,0,0,16,4,2,0,,2.0,40 01:02.000,1.0,0,75 10:19.547,2,0,0,0,67301,0,0,0,N,0,0,0,2,67301,0,,1,1,,N,N,,0,,1,1,0,0,0,N,1630,2,2,0,0,0,0,0,3,4,0,2,3,,N,,,,,,,,,,,
2007032607,,2,0,0,0,0,0,0,0,0,4,0,,67,12,2006,3,39.9969,-75.154,,6,0,0,0,0,0,1,0,0,,0,0,0,22,6,1,0,,0.0,39 59:48.000,,0,75 09:14.225,3,0,0,0,67301,0,0,0,,0,0,0,2,,0,,1,1,,,,,0,,1,0,0,0,0,,2200,1,2,0,0,0,0,0,3,4,0,2,3,,N,,,,,,,,,,,
2007022309,1607.0,1,0,0,0,0,0,0,0,0,2,0,,67,12,2006,7,39.9147,-75.1783,1607.0,6,0,0,0,0,0,1,0,0,,0,0,0,16,1,0,5,,0.0,39 54:52.920,,0,75 10:41.880,0,0,0,0,67301,0,0,0,N,0,0,0,2,67301,0,,1,1,,N,N,,1,,0,0,0,3,2,,1606,0,2,0,0,0,0,0,3,4,0,2,3,,N,,,,,,,,,,,
2008088091,1923.0,1,0,0,1,0,0,0,0,0,2,0,,67,6,2006,2,39.9702,-75.1597,1921.0,6,0,0,0,0,0,0,1,0,,0,0,0,19,1,1,1,,0.0,39 58:12.617,,0,75 09:34.731,4,0,0,0,67301,1,0,0,N,0,0,0,2,67301,1,,1,1,,N,N,,0,,0,0,0,3,2,,1915,1,2,0,0,0,0,0,3,4,0,1,3,,N,,,,,,,,,,,
2006079407,2010.0,1,0,0,0,0,0,0,0,0,8,0,,67,6,2006,1,39.9475,-75.2405,2005.0,6,0,0,0,0,0,0,1,0,,0,0,0,20,1,1,0,,0.0,39 56:51.068,,0,75 14:25.890,4,0,0,0,67301,1,0,0,N,1,0,0,2,67301,1,,1,1,,N,N,,0,,0,0,0,0,0,,2005,1,2,0,0,0,0,0,3,4,0,1,3,,N,,,,,,,,,,,
2006079630,510.0,1,0,0,0,0,0,0,0,0,7,0,,67,7,2006,1,40.0101,-75.0641,503.0,6,0,0,0,0,0,0,0,0,1.0,0,0,0,4,5,1,2,,1.0,40 00:36.000,2.0,2,75 03:51.269,4,0,0,0,67301,0,0,0,Y,0,0,0,1,67301,1,,3,1,,N,N,,0,,0,0,0,0,0,N,457,1,1,0,0,0,0,0,3,4,0,1,3,,N,,,,,,,,,,,
2006079763,249.0,3,0,0,0,0,0,0,0,0,1,0,,67,6,2006,1,39.9629,-75.1836,245.0,6,0,0,1,0,0,0,0,0,,0,0,0,2,3,0,3,,0.0,39 57:45.000,,2,75 11:00.524,0,0,0,0,67301,0,0,0,N,0,0,0,3,67301,0,,2,1,,N,N,,0,,0,0,0,0,0,,243,0,3,0,0,0,0,0,3,4,0,3,3,,N,,,,,,,,,,,
2006079930,2043.0,2,0,0,0,0,0,0,0,0,4,0,,67,7,2006,6,39.9555,-75.2383,2040.0,6,0,0,0,1,0,0,0,0,1.0,0,0,0,20,3,2,0,,1.0,39 57:19.868,1.0,0,75 14:17.721,4,0,0,0,67301,0,0,0,N,0,0,0,5,67301,2,,1,1,,N,N,,0,,0,0,0,0,0,N,2032,2,2,0,0,3,0,1,3,4,0,2,3,,N,,,,,,,,,,,
2006018657,1433.0,2,0,0,0,0,0,0,0,0,4,0,,67,1,2006,2,40.049,-75.0947,1430.0,6,0,0,0,0,1,1,0,0,,0,0,0,14,1,1,1,,0.0,40 02:56.000,,0,75 05:40.902,4,0,0,0,67301,0,0,0,N,0,0,0,2,67301,1,,1,9,,N,N,,0,,0,0,0,3,3,,1430,1,2,0,0,2,0,0,3,4,0,2,7,,N,,,,,,,,,,,
2007054381,1428.0,1,0,0,0,0,0,0,0,0,4,0,,67,11,2006,4,40.0673,-75.0088,1422.0,6,0,0,0,0,0,0,0,1,,0,0,0,14,1,2,1,,0.0,40 04:02.000,,0,75 00:31.885,3,0,0,0,67301,0,0,0,N,0,0,0,2,67301,0,,1,1,,,N,,1,,2,0,0,0,0,,1417,2,2,0,0,0,0,0,3,4,0,2,3,,N,,,,,,,,,,,
2007025417,1843.0,1,0,0,0,0,0,0,0,0,4,0,,67,7,2006,1,40.0189,-75.1343,1842.0,6,0,0,0,0,0,0,0,0,,1,0,0,18,1,0,1,,0.0,40 01:07.989,,0,75 08:03.609,1,1,0,1,67301,0,0,0,N,0,0,0,3,67301,0,1.0,1,1,,N,N,,0,0.0,0,0,0,0,0,,1841,0,2,0,0,0,0,0,3,4,0,2,3,,N,,,,,,,,,,,
2007023220,1340.0,1,0,0,0,0,0,0,0,0,2,0,,67,12,2006,6,40.0332,-75.0291,1340.0,6,0,0,0,0,0,1,0,0,,0,0,0,13,1,1,1,,0.0,40 01:59.000,,0,75 01:44.885,8,0,0,0,67301,0,0,0,,0,0,0,2,67301,0,,1,1,,N,N,,1,,0,0,0,3,2,,1330,1,2,0,0,0,1,1,3,4,0,2,3,,N,,,,,,,,,,,
2007020807,2140.0,2,0,0,0,0,0,0,0,0,4,0,,67,12,2006,6,39.9738,-75.2072,2135.0,6,0,0,0,0,0,1,0,0,,0,0,0,21,3,1,0,,0.0,39 58:25.000,,0,75 12:25.852,8,0,0,0,67301,0,0,0,N,0,0,0,3,67301,0,,1,1,,N,N,,0,,0,0,0,0,0,,2135,1,2,0,0,0,1,1,3,4,0,2,3,,N,,,,,,,,,,,
2007120191,1601.0,0,0,0,0,0,0,0,0,0,8,0,,67,11,2006,5,39.9476,-75.1696,1554.0,6,0,0,0,0,0,0,0,0,,0,0,0,15,1,1,1,,0.0,39 56:51.284,,0,75 10:10.599,8,0,0,0,67301,1,0,0,N,1,0,0,3,67301,0,,1,9,,N,Y,,0,,0,0,1,3,2,,1540,1,2,0,0,0,1,0,3,4,0,1,7,,N,,,,,,,,,,,
2007034500,,2,0,0,0,0,0,0,0,0,1,0,,67,12,2006,4,39.968,-75.156,,6,0,0,0,0,0,0,0,1,,0,0,0,99,6,1,0,,0.0,39 58:04.800,,0,75 09:21.500,4,0,0,0,67301,0,0,0,N,0,0,0,3,00000,1,,6,1,,N,N,,0,,0,0,0,0,0,,9999,1,2,0,0,0,0,1,3,4,0,2,3,,N,,,,,,,,,,,
2007034513,,2,0,0,0,0,0,0,0,0,1,0,,67,2,2006,3,39.9566,-75.1982,,6,0,0,0,1,0,0,0,0,,0,0,0,14,1,1,0,,0.0,39 57:23.751,,7,75 11:53.379,3,0,0,0,67301,0,0,0,N,0,0,0,3,,0,,1,1,,N,N,,0,,1,0,0,0,0,,1430,1,2,0,0,0,0,0,3,4,0,2,3,,N,,,,,,,,,,,
2007008416,250.0,2,0,0,0,0,0,0,0,0,1,0,,67,11,2006,6,39.9901,-75.2056,246.0,6,0,0,0,0,0,2,0,0,3.0,0,0,0,2,3,1,0,,2.0,39 59:26.000,3.0,0,75 12:16.432,4,0,0,0,67301,0,0,0,,0,0,0,6,67301,1,,1,1,,,,,1,,0,0,1,0,0,N,230,1,4,0,0,6,0,0,3,4,0,4,3,,N,,,,,,,,,,,
2007008519,2134.0,3,0,0,0,0,0,0,0,0,5,0,,67,11,2006,3,39.957,-75.2215,2133.0,6,0,0,0,0,0,1,0,0,,0,0,0,21,3,0,0,,0.0,39 57:25.100,,0,75 13:17.300,0,0,0,0,67301,0,0,0,N,0,0,0,1,67301,0,,1,1,,N,N,,0,,0,0,0,0,0,,2132,0,3,0,0,0,0,0,3,4,0,3,3,,N,,,,,,,,,,,
2007026999,606.0,1,0,0,0,0,0,0,0,0,7,0,,67,12,2006,3,,,606.0,6,0,0,0,0,0,1,0,0,,0,0,0,6,5,1,0,,0.0,,,3,,8,0,0,0,67301,0,0,0,N,0,0,0,1,67501,0,,2,9,,N,N,,0,,0,0,0,3,1,,606,1,1,0,0,1,1,0,3,3,0,1,5,,N,,,,,,,,,,,
2007007966,638.0,2,0,0,0,0,0,0,0,0,6,0,,67,11,2006,7,40.054,-75.1448,630.0,6,0,0,0,0,0,0,0,0,,0,0,0,1,3,1,1,,0.0,40 03:14.457,,0,75 08:41.146,3,0,0,0,67301,0,0,0,N,0,0,0,3,67301,0,,1,1,,N,N,,0,,1,0,0,3,2,,130,1,2,0,0,0,0,0,3,4,0,2,3,,N,,,,,,,,,,,
2007007109,2208.0,1,0,0,0,0,0,0,0,0,5,0,,67,12,2006,5,,,2205.0,6,0,0,0,0,0,0,0,0,1.0,0,0,0,22,3,0,0,,1.0,,1.0,0,,9,0,0,0,67301,0,0,0,N,0,0,0,3,67301,0,,1,1,,N,N,,0,,0,0,0,0,0,N,2203,0,2,0,0,0,0,2,3,3,0,2,3,,N,,,,,,,,,,,
2007007130,2114.0,2,0,0,0,0,0,0,0,0,4,0,,67,11,2006,4,39.9677,-75.1496,2110.0,6,0,0,0,0,0,0,0,0,,0,0,0,21,3,2,1,,0.0,39 58:03.856,,0,75 08:58.426,8,0,0,0,67301,0,0,0,N,0,0,0,3,67301,0,,1,9,,N,N,,0,,0,0,0,3,3,,2108,2,2,0,0,3,2,0,3,4,0,2,7,,N,,,,,,,,,,,
2007007135,2025.0,2,0,0,0,0,0,0,0,0,1,0,,67,11,2006,5,39.956,-75.2296,2022.0,6,0,0,0,0,1,0,0,0,,0,0,0,20,3,2,0,,0.0,39 57:21.500,,0,75 13:46.600,4,0,0,0,67301,0,0,0,,0,0,0,6,67301,2,,1,9,,N,N,,0,,0,0,0,0,0,,2020,2,2,0,0,0,0,0,3,4,0,2,7,,N,,,,,,,,,,,
2007007155,2245.0,2,0,0,0,0,0,0,0,0,1,0,,67,12,2006,1,40.0024,-75.0959,2245.0,6,0,0,0,1,0,0,0,0,,0,0,0,22,3,1,0,,0.0,40 00:08.000,,0,75 05:45.007,8,0,0,0,67301,0,0,0,N,0,0,0,3,67301,0,,1,1,,N,N,,0,,0,0,0,0,0,,2230,1,2,0,0,0,1,0,3,4,0,2,3,,N,,,,,,,,,,,
2007009782,1545.0,0,0,0,0,0,0,0,0,0,7,0,,67,11,2006,7,40.0564,-75.0279,1535.0,6,0,0,0,0,0,0,0,0,,0,0,0,15,1,1,0,,0.0,40 03:22.940,,0,75 01:40.593,4,0,0,0,67301,0,0,0,N,0,0,0,1,67301,1,,5,1,,N,N,,0,,0,0,1,0,0,,1530,1,1,0,0,0,0,0,3,4,0,1,3,,N,,,,,,,,,,,