CRN,ARRIVAL_TM,AUTOMOBILE_COUNT,BELTED_DEATH_COUNT,BELTED_SUSP_SERIOUS_INJ_COUNT,BICYCLE_COUNT,BICYCLE_DEATH_COUNT,BICYCLE_SUSP_SERIOUS_INJ_COUNT,BUS_COUNT,CHLDPAS_DEATH_COUNT,CHLDPAS_SUSP_SERIOUS_INJ_COUNT,COLLISION_TYPE,COMM_VEH_COUNT,CONS_ZONE_SPD_LIM,COUNTY,CRASH_MONTH,CRASH_YEAR,DAY_OF_WEEK,DEC_LAT,DEC_LONG,DISPATCH_TM,DISTRICT,DRIVER_COUNT_16YR,DRIVER_COUNT_17YR,DRIVER_COUNT_18YR,DRIVER_COUNT_19YR,DRIVER_COUNT_20YR,DRIVER_COUNT_50_64YR,DRIVER_COUNT_65_74YR,DRIVER_COUNT_75PLUS,EST_HRS_CLOSED,FATAL_COUNT,HEAVY_TRUCK_COUNT,HORSE_BUGGY_COUNT,HOUR_OF_DAY,ILLUMINATION,INJURY_COUNT,INTERSECT_TYPE,INTERSECTION_RELATED,LANE_CLOSED,LATITUDE,LN_CLOSE_DIR,LOCATION_TYPE,LONGITUDE,MAX_SEVERITY_LEVEL,MCYCLE_DEATH_COUNT,MCYCLE_SUSP_SERIOUS_INJ_COUNT,MOTORCYCLE_COUNT,MUNICIPALITY,NONMOTR_COUNT,NONMOTR_DEATH_COUNT,NONMOTR_SUSP_SERIOUS_INJ_COUNT,NTFY_HIWY_MAINT,PED_COUNT,PED_DEATH_COUNT,PED_SUSP_SERIOUS_INJ_COUNT,PERSON_COUNT,POLICE_AGCY,POSSIBLE_INJ_COUNT,RDWY_SURF_TYPE_CD,RELATION_TO_ROAD,ROAD_CONDITION,ROADWAY_CLEARED,SCH_BUS_IND,SCH_ZONE_IND,SECONDARY_CRASH,SMALL_TRUCK_COUNT,SPEC_JURIS_CD,SUSP_MINOR_INJ_COUNT,SUSP_SERIOUS_INJ_COUNT,SUV_COUNT,TCD_FUNC_CD,TCD_TYPE,TFC_DETOUR_IND,TIME_OF_DAY,TOT_INJ_COUNT,TOTAL_UNITS,UNB_DEATH_COUNT,UNB_SUSP_SERIOUS_INJ_COUNT,UNBELTED_OCC_COUNT,UNK_INJ_DEG_COUNT,UNK_INJ_PER_COUNT,URBAN_AREA,URBAN_RURAL,VAN_COUNT,VEHICLE_COUNT,WEATHER1,WEATHER2,WORK_ZONE_IND,WORK_ZONE_LOC,WORK_ZONE_TYPE,WORKERS_PRES,WZ_CLOSE_DETOUR,WZ_FLAGGER,WZ_LAW_OFFCR_IND,WZ_LN_CLOSURE,WZ_MOVING,WZ_OTHER,WZ_SHLDER_MDN,WZ_WORKERS_INJ_KILLED
2007081552,1005.0,0,0,0,0,0,0,0,0,0,2,0,,67,6,2006,1,39.9543,-75.224,1000.0,6,0,0,0,0,0,1,0,0,,0,0,0,10,1,0,1,,0.0,39 57:15.642,,0,75 13:26.511,0,0,0,0,67301,0,0,0,N,0,0,0,3,67301,0,,1,9,,N,N,,0,,0,0,1,9,2,,1000,0,2,0,0,0,0,0,3,4,1,2,3,,N,,,,,,,,,,,
2007010204,2135.0,2,0,0,0,0,0,0,0,0,4,0,,67,11,2006,1,39.9613,-75.2471,2125.0,6,0,0,0,0,0,0,0,0,,0,0,0,21,3,2,1,,0.0,39 57:40.000,,0,75 14:49.529,8,0,0,0,67301,0,0,0,,0,0,0,2,67301,0,,1,9,,N,N,,0,,0,0,0,3,2,,2120,2,2,0,0,0,2,0,3,4,0,2,7,,N,,,,,,,,,,,
2007007727,1552.0,3,0,0,0,0,0,0,0,0,4,0,,67,11,2006,2,40.0655,-75.0525,1549.0,6,0,0,0,0,0,2,0,0,1.0,0,0,0,15,1,1,1,,1.0,40 03:55.000,3.0,0,75 03:08.840,4,0,0,0,67301,0,0,0,N,0,0,0,2,67301,1,,1,9,,N,N,,0,,0,0,0,3,2,N,1547,1,3,0,0,0,0,0,3,4,0,3,7,,N,,,,,,,,,,,
2007010292,120.0,1,0,0,0,0,0,1,0,0,1,1,,67,12,2006,6,40.0058,-75.0963,120.0,6,0,0,0,0,0,0,0,0,3.0,0,0,0,1,3,7,0,,2.0,40 00:20.981,1.0,0,75 05:46.832,4,0,0,0,67301,0,0,0,N,0,0,0,10,67301,1,,1,1,,N,N,,0,,0,0,0,0,0,Y,115,7,2,0,0,0,6,0,3,4,0,2,3,,N,,,,,,,,,,,
2007007703,1725.0,1,0,0,0,0,0,0,0,0,1,0,,67,12,2006,6,39.9816,-75.1021,1722.0,6,0,0,0,0,0,1,0,0,1.0,0,0,0,17,3,1,0,,2.0,39 58:55.000,2.0,0,75 06:03.671,4,0,0,0,67301,0,0,0,N,0,0,0,2,67301,1,,1,1,,N,N,,0,,0,0,1,0,0,N,1721,1,2,0,0,0,0,0,3,4,0,2,3,,N,,,,,,,,,,,
2007055347,9999.0,2,0,0,0,0,0,0,0,0,1,0,,67,12,2006,2,39.9242,-75.1687,1659.0,6,0,0,0,0,0,0,0,0,,0,0,0,15,1,1,1,,0.0,39 55:26.000,,0,75 09:57.307,8,0,0,0,67301,0,0,0,,0,0,0,2,67301,0,,1,1,,N,N,,0,,0,0,0,9,2,,1545,1,2,0,0,1,1,0,3,4,0,2,3,,N,,,,,,,,,,,
2007033375,,2,0,0,0,0,0,0,0,0,1,0,,67,7,2006,7,40.0428,-75.1135,,6,0,0,0,0,0,1,0,0,,0,0,0,6,1,2,1,,0.0,40 02:33.000,,0,75 06:48.818,8,0,0,0,67301,0,0,0,N,0,0,0,3,,0,,1,1,,N,N,,0,,0,0,0,0,0,,645,2,2,0,0,0,2,1,3,4,0,2,3,,N,,,,,,,,,,,
2007033419,,1,0,0,1,0,0,0,0,0,5,0,,67,9,2006,6,,,,6,0,0,0,0,0,0,0,0,,0,0,0,8,1,1,1,,0.0,,,99,,8,0,0,0,67301,1,0,0,N,0,0,0,2,,0,,1,98,,N,N,,0,,0,0,0,0,0,,800,1,2,0,0,0,1,0,3,3,0,1,99,,N,,,,,,,,,,,
2007009382,1703.0,0,0,0,0,0,0,0,0,0,8,0,,67,12,2006,1,39.9497,-75.1675,1700.0,6,0,0,0,0,0,0,0,0,,0,0,0,13,1,1,1,,0.0,39 56:58.000,,0,75 10:02.647,4,0,0,0,67301,1,0,0,,1,0,0,2,67301,1,,1,1,,,,,0,,0,0,1,3,2,,1330,1,2,0,0,0,0,0,3,4,0,1,3,,N,,,,,,,,,,,
2007009084,1530.0,3,0,0,0,0,0,0,0,0,1,0,,67,12,2006,1,40.0224,-75.05,1525.0,6,0,0,0,0,0,0,0,0,,0,0,0,15,1,3,1,,0.0,40 01:20.000,,0,75 03:00.058,8,0,0,0,67301,0,0,0,N,0,0,0,4,67301,0,,1,9,,N,N,,1,,0,0,0,3,2,,1509,3,4,0,0,0,3,0,3,4,0,4,3,,N,,,,,,,,,,,
2007009192,1425.0,2,0,0,0,0,0,0,0,0,1,0,,67,12,2006,7,40.076,-75.001,1413.0,6,0,0,0,0,0,0,1,0,,0,0,0,14,1,2,2,,0.0,40 04:33.000,,0,75 00:03.087,8,0,0,0,67301,0,0,0,N,0,0,0,3,67301,0,,1,1,,N,N,,0,,0,0,0,3,3,,1400,2,2,0,0,0,2,0,3,4,0,2,3,,N,,,,,,,,,,,
2007009206,1008.0,1,0,0,0,0,0,0,0,0,7,0,,67,12,2006,7,39.9212,-75.1941,1006.0,6,0,0,0,0,0,0,0,0,,0,0,0,10,1,0,0,,0.0,39 55:16.452,,3,75 11:38.648,0,0,0,0,67301,0,0,0,Y,0,0,0,1,67301,0,,2,1,,N,N,,0,,0,0,0,0,0,,1003,0,2,0,0,0,0,0,3,4,0,1,3,,N,,,,,,,,,,,
2007022248,2315.0,0,0,0,0,0,0,0,0,0,7,0,,67,12,2006,3,40.0706,-75.1848,2310.0,6,0,0,0,0,0,1,0,0,,0,0,0,23,3,1,0,,0.0,40 04:14.000,,0,75 11:05.181,3,0,0,0,67301,0,0,0,N,0,0,0,1,67301,0,,4,1,,N,N,,0,,1,0,1,3,2,,2300,1,1,0,0,0,0,0,3,4,0,1,3,,N,,,,,,,,,,,
2007022303,1540.0,1,0,0,0,0,0,0,0,0,8,0,,67,12,2006,2,40.0306,-75.0581,1535.0,6,0,0,0,0,0,0,0,1,,0,0,0,15,1,1,0,,0.0,40 01:49.980,,0,75 03:29.052,4,0,0,0,67301,1,0,0,N,1,0,0,2,67301,1,,1,1,,N,N,,0,,0,0,0,0,0,,1500,1,2,0,0,0,0,0,3,4,0,1,3,,N,,,,,,,,,,,
2007022851,1555.0,2,0,0,0,0,0,0,0,0,1,0,,67,12,2006,3,40.1168,-75.0198,1549.0,6,0,0,0,0,0,1,0,0,,0,0,0,99,1,1,0,,0.0,40 07:00.000,,0,75 01:11.321,2,0,0,0,67301,0,0,0,N,0,0,0,3,67301,0,,1,1,,N,N,,0,,0,1,1,0,0,,9999,1,3,0,0,0,0,0,3,4,0,3,3,,N,,,,,,,,,,,
2007022866,1420.0,2,0,0,0,0,0,0,0,0,4,0,,67,12,2006,6,40.0235,-75.1684,1414.0,6,0,0,0,0,0,0,0,0,2.0,0,0,0,99,1,3,2,,2.0,40 01:24.582,5.0,0,75 10:06.380,4,0,0,0,67301,0,0,0,N,0,0,0,3,67301,2,,1,1,,N,N,,0,,0,0,0,3,3,Y,9999,3,2,0,0,0,1,0,3,4,0,2,3,,N,,,,,,,,,,,
2006019778,900.0,2,0,0,0,0,0,0,0,0,4,0,,67,1,2006,6,39.9279,-75.1449,857.0,6,0,0,0,0,0,0,2,0,,0,0,0,8,1,0,0,,0.0,39 55:40.000,,0,75 08:41.046,0,0,0,0,67301,0,0,0,N,0,0,0,2,67301,0,,1,1,,N,N,,0,,0,0,0,0,0,,850,0,2,0,0,0,0,0,3,4,0,2,3,,N,,,,,,,,,,,
2006056419,841.0,2,0,0,0,0,0,0,0,0,4,0,,67,3,2006,3,40.0486,-75.1449,840.0,6,0,0,0,0,0,1,0,0,,0,0,0,99,1,1,1,,0.0,40 02:55.000,,0,75 08:42.274,8,0,0,0,67301,0,0,0,N,0,0,0,2,67301,0,,1,1,,N,N,,0,,0,0,0,3,2,,9999,1,2,0,0,0,1,0,3,4,0,2,3,,N,,,,,,,,,,,
2006056446,2010.0,1,0,0,0,0,0,0,0,0,8,0,,67,3,2006,5,39.9684,-75.1295,2005.0,6,0,0,0,0,0,0,0,0,2.0,0,0,0,20,3,1,7,,2.0,39 57:36.000,2.0,2,75 08:27.163,8,0,0,0,67301,1,0,0,Y,1,0,0,6,67301,0,,1,1,,N,N,,0,,0,0,0,3,2,Y,2000,1,2,0,0,0,1,0,3,4,0,1,3,,N,,,,,,,,,,,
2006054015,1815.0,2,0,0,0,0,0,0,0,0,1,0,,67,4,2006,6,40.0684,-75.2403,1810.0,6,0,0,0,0,0,0,0,0,2.0,0,0,0,18,1,3,0,,2.0,40 04:06.284,1.0,0,75 14:25.031,8,0,0,0,67301,0,0,0,,0,0,0,6,67301,0,,1,1,,N,N,,1,,0,0,1,0,0,Y,1805,3,4,0,0,5,3,2,3,4,0,4,3,,N,,,,,,,,,,,
2006036583,1503.0,1,0,0,0,0,0,0,0,0,8,0,,67,3,2006,2,,,1503.0,6,0,0,0,0,0,0,0,0,,0,0,0,15,1,1,1,,0.0,,,0,,4,0,0,0,67301,1,0,0,N,1,0,0,2,67301,1,,2,1,,N,N,,0,,0,0,0,3,2,,1502,1,2,0,0,0,0,1,3,3,0,1,3,,N,,,,,,,,,,,
2006024172,921.0,1,0,0,0,0,0,0,0,0,8,0,,67,1,2006,4,,,918.0,6,0,0,0,0,0,0,0,0,,0,0,0,9,1,1,0,,0.0,,,0,,3,0,0,0,67301,1,0,0,N,1,0,0,2,67301,0,,6,1,,N,N,,0,,1,0,0,0,0,,915,1,2,0,0,0,0,0,3,3,0,1,3,,N,,,,,,,,,,,
2006024610,235.0,2,0,0,0,0,0,0,0,0,4,0,,67,1,2006,1,40.0521,-75.0678,230.0,6,0,0,0,0,0,0,0,0,2.0,0,0,0,2,3,2,1,,1.0,40 03:07.000,4.0,0,75 04:03.996,4,0,0,0,67301,0,0,0,N,0,0,0,5,67301,1,,1,7,,N,N,,0,,0,0,0,3,2,N,230,2,2,0,0,0,1,0,3,4,0,2,10,,N,,,,,,,,,,,
2006102780,1140.0,2,0,0,0,0,0,0,0,0,1,0,,67,8,2006,5,39.9771,-75.1996,1138.0,6,0,0,0,0,0,1,0,0,1.0,0,0,0,11,1,1,0,,1.0,39 58:39.000,3.0,0,75 12:03.125,8,0,0,0,67301,0,0,0,N,0,0,0,5,67301,0,,1,1,,N,N,,2,,0,0,1,0,0,N,1138,1,5,0,0,0,1,0,3,4,0,5,3,,N,,,,,,,,,,,
2006102795,1350.0,2,0,0,0,0,0,0,0,0,4,0,,67,9,2006,5,39.904,-75.2401,1330.0,6,0,0,0,0,0,1,0,0,,0,0,0,13,1,2,1,,0.0,39 54:14.000,,0,75 14:24.588,8,0,0,0,67301,0,0,0,N,0,0,0,2,67301,0,,2,9,,N,N,,0,,0,0,0,3,2,,1330,2,2,0,0,0,2,0,3,4,0,2,7,,N,,,,,,,,,,,
2006105280,1545.0,1,0,0,1,0,0,0,0,0,8,0,,67,9,2006,2,39.9966,-75.1271,1545.0,6,0,0,0,0,0,0,0,0,,0,0,0,11,1,1,2,,0.0,39 59:47.756,,0,75 07:37.397,4,0,0,0,67301,1,0,0,N,0,0,0,5,67301,1,,1,1,,N,N,,0,,0,0,0,0,0,,1106,1,2,0,0,0,0,0,3,4,0,1,3,,N,,,,,,,,,,,
2006033665,1533.0,2,0,0,0,0,0,0,0,0,5,0,,67,2,2006,2,40.0662,-74.9822,1528.0,6,0,0,0,0,0,1,0,0,,0,0,0,15,1,1,0,,0.0,40 03:58.000,,0,74 58:55.154,8,0,0,0,67301,0,0,0,,0,0,0,3,67301,0,,1,1,,N,N,,1,,0,0,0,0,0,,1515,1,3,0,0,0,1,0,3,4,0,3,3,,N,,,,,,,,,,,
2006036151,1845.0,2,0,2,0,0,0,0,0,0,2,0,,67,2,2006,6,39.9924,-75.0926,1838.0,6,0,0,0,0,0,1,0,0,,0,0,0,99,3,6,0,,0.0,39 59:33.000,,0,75 05:33.602,2,0,0,0,67301,0,0,0,N,0,0,0,8,67301,0,,1,1,,N,N,,1,,2,2,0,0,0,,9999,6,3,0,0,0,2,0,3,4,0,3,3,,N,,,,,,,,,,,
2006036127,1655.0,0,0,0,0,0,0,0,0,0,5,0,,67,1,2006,3,39.9513,-75.1549,1650.0,6,0,0,0,0,0,1,0,0,,0,0,0,16,1,1,0,,0.0,39 57:04.000,,0,75 09:17.023,4,0,0,0,67301,1,0,0,N,1,0,0,2,67301,1,,1,1,,N,N,,1,,0,0,0,0,0,,1648,1,2,0,0,0,0,0,3,4,0,1,3,,N,,,,,,,,,,,
2006037565,1530.0,1,0,0,0,0,0,0,0,0,1,0,,67,2,2006,6,39.9857,-75.2083,1525.0,6,0,0,0,0,0,2,0,0,,0,0,0,15,1,2,0,,0.0,39 59:12.000,,0,75 12:28.218,8,0,0,0,67301,0,0,0,N,0,0,0,4,67301,0,,1,1,,N,N,,1,,0,0,1,0,0,,1523,2,3,0,0,0,2,0,3,4,0,3,3,,N,,,,,,,,,,,
2006079920,1058.0,1,0,0,1,0,0,0,0,0,4,0,,67,6,2006,4,40.041,-75.1831,1053.0,6,0,0,0,0,0,0,0,1,,0,0,0,10,1,1,1,,0.0,40 02:28.000,,0,75 10:59.167,4,0,0,0,67301,1,0,0,N,0,0,0,2,67301,1,,1,9,,N,N,,0,,0,0,0,3,2,,1045,1,2,0,0,0,0,0,3,4,0,1,7,,N,,,,,,,,,,,
2006079936,1522.0,3,0,0,0,0,0,0,0,0,2,0,,67,6,2006,4,,,1520.0,6,0,1,0,0,0,0,0,0,,0,0,0,15,1,3,2,,0.0,,,0,,4,0,0,0,67301,0,0,0,N,0,0,0,4,67301,3,,1,9,,N,N,,1,,0,0,0,3,3,,1515,3,4,0,0,4,0,1,3,3,0,4,7,,N,,,,,,,,,,,
2006079949,1335.0,2,0,0,0,0,0,0,0,0,1,0,,67,5,2006,1,,,1333.0,6,0,1,0,0,0,1,0,0,,0,0,0,13,1,1,1,,0.0,,,0,,8,0,0,0,67301,0,0,0,N,0,0,0,3,67301,0,,1,1,,N,N,,0,,0,0,0,3,2,,1330,1,2,0,0,0,1,0,3,3,0,2,3,,N,,,,,,,,,,,
2006031143,904.0,2,0,0,0,0,0,0,0,0,4,0,,67,3,2006,5,39.9997,-75.2297,9999.0,6,0,0,0,0,0,1,0,0,,0,0,0,9,1,1,0,,0.0,39 59:59.000,,0,75 13:46.947,8,0,0,0,67301,0,0,0,N,0,0,0,2,46104,0,,1,1,,N,N,,0,,0,0,0,0,0,,902,1,2,0,0,0,1,0,3,4,0,2,3,,N,,,,,,,,,,,
2006026181,1547.0,2,0,0,0,0,0,0,0,0,1,0,,67,2,2006,6,40.0012,-75.2264,9999.0,6,0,0,1,0,0,0,0,0,,0,0,0,15,1,1,1,,0.0,40 00:04.000,,0,75 13:35.269,4,0,0,0,67301,0,0,0,N,0,0,0,4,46104,1,,1,1,,N,N,,0,,0,0,0,0,0,,1545,1,3,0,0,0,0,1,3,4,1,3,3,,N,,,,,,,,,,,
2007006853,31.0,0,0,0,0,0,0,0,0,0,1,0,,67,11,2006,4,40.0449,-75.1597,26.0,6,0,0,0,0,0,0,0,0,,0,0,0,0,3,0,2,,0.0,40 02:41.798,,7,75 09:34.970,9,0,0,0,67301,0,0,0,N,0,0,0,1,67301,0,,5,1,,N,N,,1,,0,0,0,0,0,,26,0,3,0,0,0,0,1,3,4,2,3,3,,N,,,,,,,,,,,
2007006870,2047.0,1,0,0,1,0,0,0,0,0,6,0,,67,11,2006,3,39.9947,-75.2342,2040.0,6,0,0,0,0,0,0,0,0,,0,0,0,20,3,1,0,,0.0,39 59:40.880,,0,75 14:02.994,4,0,0,0,67301,1,0,0,N,0,0,0,2,67301,1,,1,1,,N,N,,0,,0,0,0,0,0,,2037,1,2,0,0,0,0,1,3,4,0,1,3,,N,,,,,,,,,,,
2007023667,1504.0,1,0,0,0,0,0,0,0,0,1,0,,67,12,2006,7,40.0745,-75.1725,1504.0,6,0,0,0,0,1,0,0,0,1.0,0,0,0,14,1,0,1,,1.0,40 04:28.300,6.0,0,75 10:20.900,0,0,0,0,67301,0,0,0,N,0,0,0,4,67301,0,,1,1,,N,N,,0,,0,0,1,3,3,Y,1455,0,2,0,0,0,0,0,3,4,0,2,3,,N,,,,,,,,,,,
2007008816,640.0,2,0,0,0,0,0,0,0,0,1,0,,67,11,2006,7,40.0336,-75.0468,637.0,6,0,0,0,0,0,0,0,0,,0,0,0,6,3,1,1,,0.0,40 02:01.000,,0,75 02:48.421,4,0,0,0,67301,0,0,0,N,0,0,0,3,67301,1,,1,1,,N,N,,0,,0,0,0,3,2,,637,1,2,0,0,0,0,1,3,4,0,2,3,,N,,,,,,,,,,,
2007008834,1415.0,1,0,0,0,0,0,0,0,0,5,0,,67,12,2006,6,,,1405.0,6,0,0,0,0,0,1,0,0,1.0,0,0,0,14,1,1,0,,2.0,,1.0,0,,8,0,0,0,67301,0,0,0,N,0,0,0,2,67301,0,,1,1,,N,N,,0,,0,0,1,0,0,Y,1405,1,2,0,0,0,1,0,3,3,0,2,3,,N,,,,,,,,,,,
2007000792,705.0,2,0,0,0,0,0,0,0,0,1,0,,67,10,2006,4,39.9096,-75.1566,704.0,6,0,0,0,0,0,0,0,0,,0,0,0,7,5,2,0,,0.0,39 54:34.618,,0,75 09:23.580,3,0,0,0,67301,1,0,0,N,0,0,0,2,67501,1,,2,9,,N,N,,0,,1,0,0,0,0,,704,2,2,0,0,1,0,0,3,4,0,2,7,5.0,N,,,,,,,,,,,
2007007979,1306.0,2,0,0,0,0,0,0,0,0,4,0,,67,11,2006,4,39.9708,-75.1541,1304.0,6,0,0,1,0,0,0,0,0,1.0,0,0,0,13,1,1,1,,1.0,39 58:14.880,4.0,0,75 09:14.760,4,0,0,0,67301,0,0,0,N,0,0,0,2,67301,1,,1,1,,N,N,,0,,0,0,0,3,2,N,1303,1,2,0,0,0,0,0,3,4,0,2,3,,N,,,,,,,,,,,
2007009764,1745.0,1,0,0,0,0,0,0,0,0,8,0,,67,12,2006,6,40.0418,-75.1921,1743.0,6,0,0,0,0,0,0,0,0,,0,0,0,17,3,1,1,,0.0,40 02:29.000,,0,75 11:31.661,8,0,0,0,67301,1,0,0,N,1,0,0,3,67301,0,,1,1,,N,N,,0,,0,0,0,3,2,,1740,1,2,0,0,0,1,0,3,4,0,1,3,,N,,,,,,,,,,,
2007009822,1115.0,2,0,0,0,0,0,0,0,0,4,0,,67,12,2006,6,39.956,-75.1606,1108.0,6,0,0,0,0,0,0,0,0,,0,0,0,11,1,2,1,,0.0,39 57:21.499,,0,75 09:38.239,4,0,0,0,67301,0,0,0,N,0,0,0,4,67301,1,,1,1,,N,N,,0,,0,0,0,0,0,,1108,2,2,0,0,3,1,0,3,4,0,2,3,,N,,,,,,,,,,,
2007007726,1813.0,0,0,0,0,0,0,0,0,0,8,0,,67,11,2006,1,40.0675,-75.0596,1811.0,6,0,0,0,0,0,0,0,0,,0,0,0,18,2,1,0,,0.0,40 04:03.010,,0,75 03:34.686,4,0,0,0,67301,1,0,0,N,1,0,0,3,67301,1,,1,9,,N,N,,0,,0,0,1,0,0,,1810,1,2,0,0,0,0,0,3,4,0,1,7,,N,,,,,,,,,,,
2007007506,925.0,3,0,0,0,0,0,0,0,0,4,0,,67,11,2006,2,40.1141,-74.9877,922.0,6,0,0,0,0,0,2,0,0,1.0,0,0,0,9,1,2,1,,1.0,40 06:50.000,2.0,0,74 59:15.144,4,0,0,0,67301,0,0,0,N,0,0,0,3,67301,1,,1,9,,N,N,,0,,0,0,0,3,2,N,921,2,3,0,0,1,1,0,3,4,0,3,7,,N,,,,,,,,,,,
2007007745,933.0,1,0,0,1,0,0,0,0,0,4,0,,67,11,2006,5,39.9516,-75.1702,931.0,6,0,0,0,0,0,1,0,0,1.0,0,0,0,9,1,1,1,,1.0,39 57:05.000,1.0,0,75 10:12.672,4,0,0,0,67301,1,0,0,N,0,0,0,2,67301,1,,1,1,,N,N,,0,,0,0,0,3,2,N,931,1,2,0,0,0,0,0,3,4,0,1,3,,N,,,,,,,,,,,
2007010295,1259.0,0,0,0,0,0,0,0,0,0,8,0,,67,11,2006,5,39.9268,-75.179,1258.0,6,0,0,0,0,0,0,0,0,,0,0,0,15,1,1,1,,0.0,39 55:36.577,,0,75 10:44.284,4,0,0,0,67301,1,0,0,N,1,0,0,2,67301,1,,1,9,,N,N,,0,,0,0,0,3,3,,1530,1,2,0,0,0,0,1,3,4,0,1,7,,N,,,,,,,,,,,
2007007673,1200.0,2,0,0,0,0,0,0,0,0,1,0,,67,12,2006,6,39.981,-75.2362,1158.0,6,0,0,0,0,0,0,0,0,,0,0,0,11,1,0,10,,0.0,39 58:51.000,,0,75 14:10.912,9,0,0,0,67301,0,0,0,N,0,0,0,3,67301,0,,1,9,,N,N,,0,,0,0,0,3,2,,1158,0,3,0,0,0,0,3,3,4,1,3,7,,N,,,,,,,,,,,
2007033368,,2,0,0,0,0,0,0,0,0,1,0,,67,7,2006,6,,,,6,0,0,0,0,0,0,0,0,,0,0,0,1,6,1,0,,0.0,,,0,,8,0,0,0,67301,0,0,0,N,0,0,0,2,,0,,1,1,,N,N,,0,,0,0,0,0,0,,115,1,2,0,0,0,1,1,3,3,0,2,3,,N,,,,,,,,,,,
2007030208,238.0,1,0,0,0,0,0,0,0,0,1,0,,67,8,2006,1,39.9032,-75.2277,238.0,6,0,0,0,0,0,0,0,0,3.0,1,0,0,2,3,0,0,,2.0,39 54:11.473,6.0,0,75 13:39.684,1,1,0,1,67301,0,0,0,N,0,0,0,5,67301,0,2.0,1,1,,N,N,,0,0.0,0,0,0,0,0,Y,235,0,2,0,0,0,0,4,3,4,0,2,3,,N,,,,,,,,,,,
2007009172,812.0,1,0,0,0,0,0,0,0,0,8,0,,67,12,2006,3,39.9874,-75.2491,800.0,6,0,0,0,0,0,1,0,0,,0,0,0,8,1,1,2,,0.0,39 59:14.000,,0,75 14:57.719,4,0,0,0,67301,1,0,0,N,1,0,0,2,67301,1,,1,1,,N,N,,0,,0,0,0,0,0,,800,1,2,0,0,0,0,0,3,4,0,1,3,,N,,,,,,,,,,,
2007032624,,0,0,0,0,0,0,0,0,0,8,0,,67,4,2006,7,40.0092,-75.1511,,6,0,0,0,0,0,0,0,0,,0,0,0,0,6,1,1,,0.0,40 00:33.000,,0,75 09:04.080,8,0,0,0,67301,1,0,0,N,1,0,0,2,,0,,1,1,,N,N,,0,,0,0,0,3,2,,30,1,2,0,0,0,1,0,3,4,0,1,99,,N,,,,,,,,,,,
2007022680,632.0,2,0,0,0,0,0,0,0,0,4,0,,67,12,2006,5,39.9478,-75.1712,627.0,6,0,0,0,0,0,1,0,0,,0,0,0,6,3,1,1,,0.0,39 56:52.033,,0,75 10:16.215,8,0,0,0,67301,0,0,0,,0,0,0,3,67301,0,,1,1,,,,,0,,0,0,0,3,2,,620,1,2,0,0,0,1,1,3,4,0,2,3,,N,,,,,,,,,,,
2007022840,1535.0,0,0,0,0,0,0,0,0,0,8,0,,67,11,2006,5,39.9247,-75.153,1529.0,6,0,0,0,0,0,0,0,0,,0,0,0,15,1,1,1,,0.0,39 55:28.934,,0,75 09:10.627,4,0,0,0,67301,1,0,0,N,1,0,0,2,67301,1,,1,1,,N,N,,0,,0,0,0,9,3,,1525,1,2,0,0,0,0,1,3,4,0,1,3,,N,,,,,,,,,,,
2007022733,815.0,1,0,0,0,0,0,0,0,0,0,0,,67,12,2006,3,39.9754,-75.1918,813.0,6,0,0,0,0,0,0,0,0,,0,0,0,8,1,0,0,,0.0,39 58:30.000,,1,75 11:29.909,0,0,0,0,67301,0,0,0,N,0,0,0,1,67301,0,,4,9,,N,N,,0,,0,0,0,0,0,,800,0,1,0,0,0,0,0,3,4,0,1,3,,N,,,,,,,,,,,
2007022865,10.0,2,0,0,0,0,0,0,0,0,2,0,,67,12,2006,6,40.0138,-75.1583,6.0,6,0,0,0,0,0,0,0,0,,0,0,0,0,3,2,0,,0.0,40 00:49.000,,0,75 09:29.703,4,0,0,0,67301,0,0,0,N,0,0,0,2,67301,2,,1,1,,N,N,,0,,0,0,0,0,0,,6,2,2,0,0,0,0,0,3,4,0,2,3,,N,,,,,,,,,,,
2007006774,1342.0,0,0,0,0,0,0,0,0,0,8,0,,67,11,2006,2,39.9515,-75.1571,1342.0,6,0,0,0,0,0,0,0,0,,0,0,0,13,1,1,0,,0.0,39 57:05.000,,0,75 09:25.093,8,0,0,0,67301,1,0,0,N,1,0,0,2,67301,0,,1,1,,N,N,,0,,0,0,0,0,0,,1335,1,2,0,0,0,1,0,3,4,1,1,3,,N,,,,,,,,,,,
2007032639,,0,0,0,0,0,0,0,0,0,1,0,,67,10,2006,6,40.015,-75.0681,,6,0,0,0,0,0,0,1,0,,0,0,0,99,1,1,1,,0.0,40 00:53.000,,0,75 04:05.160,3,0,0,0,67301,0,0,0,N,0,0,0,3,,0,,1,1,,N,N,,0,,1,0,0,0,0,,9999,1,2,0,0,0,0,2,3,4,0,2,3,,N,,,,,,,,,,,