CRN,ARRIVAL_TM,AUTOMOBILE_COUNT,BELTED_DEATH_COUNT,BELTED_SUSP_SERIOUS_INJ_COUNT,BICYCLE_COUNT,BICYCLE_DEATH_COUNT,BICYCLE_SUSP_SERIOUS_INJ_COUNT,BUS_COUNT,CHLDPAS_DEATH_COUNT,CHLDPAS_SUSP_SERIOUS_INJ_COUNT,COLLISION_TYPE,COMM_VEH_COUNT,CONS_ZONE_SPD_LIM,COUNTY,CRASH_MONTH,CRASH_YEAR,DAY_OF_WEEK,DEC_LAT,DEC_LONG,DISPATCH_TM,DISTRICT,DRIVER_COUNT_16YR,DRIVER_COUNT_17YR,DRIVER_COUNT_18YR,DRIVER_COUNT_19YR,DRIVER_COUNT_20YR,DRIVER_COUNT_50_64YR,DRIVER_COUNT_65_74YR,DRIVER_COUNT_75PLUS,EST_HRS_CLOSED,FATAL_COUNT,HEAVY_TRUCK_COUNT,HORSE_BUGGY_COUNT,HOUR_OF_DAY,ILLUMINATION,INJURY_COUNT,INTERSECT_TYPE,INTERSECTION_RELATED,LANE_CLOSED,LATITUDE,LN_CLOSE_DIR,LOCATION_TYPE,LONGITUDE,MAX_SEVERITY_LEVEL,MCYCLE_DEATH_COUNT,MCYCLE_SUSP_SERIOUS_INJ_COUNT,MOTORCYCLE_COUNT,MUNICIPALITY,NONMOTR_COUNT,NONMOTR_DEATH_COUNT,NONMOTR_SUSP_SERIOUS_INJ_COUNT,NTFY_HIWY_MAINT,PED_COUNT,PED_DEATH_COUNT,PED_SUSP_SERIOUS_INJ_COUNT,PERSON_COUNT,POLICE_AGCY,POSSIBLE_INJ_COUNT,RDWY_SURF_TYPE_CD,RELATION_TO_ROAD,ROAD_CONDITION,ROADWAY_CLEARED,SCH_BUS_IND,SCH_ZONE_IND,SECONDARY_CRASH,SMALL_TRUCK_COUNT,SPEC_JURIS_CD,SUSP_MINOR_INJ_COUNT,SUSP_SERIOUS_INJ_COUNT,SUV_COUNT,TCD_FUNC_CD,TCD_TYPE,TFC_DETOUR_IND,TIME_OF_DAY,TOT_INJ_COUNT,TOTAL_UNITS,UNB_DEATH_COUNT,UNB_SUSP_SERIOUS_INJ_COUNT,UNBELTED_OCC_COUNT,UNK_INJ_DEG_COUNT,UNK_INJ_PER_COUNT,URBAN_AREA,URBAN_RURAL,VAN_COUNT,VEHICLE_COUNT,WEATHER1,WEATHER2,WORK_ZONE_IND,WORK_ZONE_LOC,WORK_ZONE_TYPE,WORKERS_PRES,WZ_CLOSE_DETOUR,WZ_FLAGGER,WZ_LAW_OFFCR_IND,WZ_LN_CLOSURE,WZ_MOVING,WZ_OTHER,WZ_SHLDER_MDN,WZ_WORKERS_INJ_KILLED
2007022254,1500.0,0,0,0,0,0,0,0,0,0,8,0,,67,11,2006,2,40.0308,-75.0358,1452.0,6,0,0,0,0,1,0,0,0,,0,0,0,14,1,1,0,,0.0,40 01:50.982,,0,75 02:08.864,3,0,0,0,67301,1,0,0,N,1,0,0,2,67301,0,,1,1,,N,N,,0,,1,0,0,0,0,,1440,1,2,0,0,0,0,1,3,4,1,1,3,,N,,,,,,,,,,,
2007022360,1102.0,1,0,0,0,0,0,0,0,0,8,0,,67,12,2006,1,39.9667,-75.1678,1100.0,6,0,0,0,0,0,0,0,0,,0,0,0,99,1,1,0,,0.0,39 58:00.134,,0,75 10:03.939,8,0,0,0,67301,1,0,0,N,1,0,0,1,67301,0,,6,1,,N,N,,0,,0,0,0,0,0,,9999,1,2,0,0,0,1,0,3,4,0,1,3,,N,,,,,,,,,,,
2007022839,1318.0,1,0,0,1,0,0,0,0,0,4,0,,67,12,2006,4,39.9481,-75.1634,1316.0,6,0,0,0,0,0,1,0,0,,0,0,0,13,1,1,1,,0.0,39 56:53.041,,0,75 09:48.203,4,0,0,0,67301,1,0,0,,0,0,0,2,67301,1,,1,9,,N,N,,0,,0,0,0,3,3,,1315,1,2,0,0,0,0,0,3,4,0,1,7,,N,,,,,,,,,,,
2007022812,1528.0,2,0,0,0,0,0,0,0,0,4,0,,67,12,2006,2,39.9616,-75.1545,1525.0,6,0,0,0,0,0,0,0,0,,0,0,0,15,1,2,2,,0.0,39 57:41.000,,0,75 09:16.202,4,0,0,0,67301,0,0,0,N,0,0,0,2,67301,2,,1,1,,N,N,,0,,0,0,0,3,1,,1525,2,2,0,0,0,0,0,3,4,0,2,3,,N,,,,,,,,,,,
2007007748,456.0,1,0,0,0,0,0,0,0,0,4,0,,67,11,2006,1,40.0507,-75.0497,451.0,6,0,0,0,0,1,0,0,0,3.0,0,0,0,2,3,0,0,,2.0,40 03:02.606,2.0,0,75 02:59.028,0,0,0,0,67301,0,0,0,N,0,0,0,1,67301,0,,6,1,,N,N,,0,,0,0,1,0,0,N,250,0,2,0,0,0,0,0,3,4,0,2,5,,N,,,,,,,,,,,
2006093462,2047.0,2,0,0,0,0,0,0,0,0,2,0,,67,8,2006,4,,,2036.0,6,0,0,0,0,0,0,0,0,,0,0,0,20,3,3,2,,0.0,,,0,,3,0,0,0,67301,0,0,0,N,0,0,0,5,67301,1,,1,1,,N,N,,0,,2,0,0,3,3,,2010,3,2,0,0,0,0,0,3,3,0,2,3,,N,,,,,,,,,,,
2006054693,1125.0,1,0,0,0,0,0,0,0,0,8,0,,67,4,2006,3,40.0304,-75.1465,1123.0,6,0,0,0,0,0,1,0,0,,0,0,0,11,1,1,0,,0.0,40 01:49.000,,0,75 08:47.775,4,0,0,0,67301,1,0,0,N,1,0,0,5,67301,1,,1,1,,N,N,,0,,0,0,0,3,2,,1120,1,2,0,0,0,0,0,3,4,0,1,3,,N,,,,,,,,,,,
2006093891,1419.0,1,0,0,0,0,0,0,0,0,8,0,,67,7,2006,3,,,1414.0,6,0,0,0,0,0,0,0,0,,0,0,0,14,1,1,2,,0.0,,,0,,8,0,0,0,67301,1,0,0,N,1,0,0,2,67301,0,,1,1,,N,N,,0,,0,0,0,0,0,,1410,1,2,0,0,0,1,0,3,3,0,1,3,,N,,,,,,,,,,,
2006093892,1002.0,1,0,0,0,0,0,0,0,0,4,0,,67,7,2006,7,,,1000.0,6,0,0,0,0,0,1,1,0,,0,0,0,10,1,1,1,,0.0,,,0,,4,0,0,0,67301,0,0,0,N,0,0,0,2,67301,1,,1,1,,N,N,,1,,0,0,0,3,3,,1000,1,2,0,0,0,0,0,3,3,0,2,3,,N,,,,,,,,,,,
2006093900,1700.0,1,0,0,0,0,0,0,0,0,1,0,,67,8,2006,4,40.0444,-75.0546,1656.0,6,0,0,0,0,0,1,0,1,,0,0,0,16,1,1,1,,0.0,40 02:40.000,,0,75 03:16.619,3,0,0,0,67301,0,0,0,N,0,0,0,3,67301,0,,1,1,,N,N,,1,,1,0,0,3,2,,1655,1,2,0,0,0,0,0,3,4,0,2,3,,N,,,,,,,,,,,
2006093909,2119.0,1,0,0,0,0,0,0,0,0,4,0,,67,8,2006,3,,,2118.0,6,0,0,0,0,0,0,0,1,,0,0,0,20,3,1,1,,0.0,,,0,,4,0,0,0,67301,0,0,0,N,0,0,0,4,67301,1,,1,1,,N,N,,0,,0,0,1,9,3,,2052,1,2,0,0,0,0,0,3,3,0,2,3,,N,,,,,,,,,,,
2006093913,1840.0,2,0,0,0,0,0,0,0,0,1,0,,67,7,2006,6,,,1835.0,6,0,0,0,0,0,0,0,0,,0,0,0,18,1,2,1,,0.0,,,0,,4,0,0,0,67301,0,0,0,N,0,0,0,3,67301,2,,1,1,,N,N,,0,,0,0,0,3,3,,1830,2,2,0,0,0,0,1,3,3,0,2,3,,N,,,,,,,,,,,
2007007955,400.0,1,0,0,0,0,0,0,0,0,4,0,,67,11,2006,1,40.0392,-75.1917,358.0,6,0,0,0,0,0,1,0,0,1.0,0,0,0,3,3,1,1,,1.0,40 02:20.000,1.0,0,75 11:29.918,8,0,0,0,67301,0,0,0,N,0,0,0,5,67301,0,,1,9,,N,N,,0,,0,0,2,3,2,N,355,1,3,0,0,0,1,0,3,4,0,3,7,,N,,,,,,,,,,,
2007032656,,0,0,0,0,0,0,0,0,0,1,0,,67,4,2006,7,39.9969,-75.1173,,6,0,0,0,0,0,1,0,0,,0,0,0,15,1,3,0,,0.0,39 59:49.000,,0,75 07:02.191,3,0,0,0,67301,0,0,0,N,0,0,0,4,,1,,1,1,,N,N,,0,,1,0,0,0,0,,1500,3,2,0,0,0,1,0,3,4,1,2,3,,N,,,,,,,,,,,
2007022343,1659.0,1,0,0,0,0,0,0,0,0,6,0,,67,12,2006,5,39.9241,-75.2277,1659.0,6,0,0,0,0,0,1,0,0,,0,0,0,16,4,1,1,,0.0,39 55:26.000,,0,75 13:39.697,4,0,0,0,67301,0,0,0,N,0,0,0,3,67301,1,,1,1,,N,N,,0,,0,0,0,3,2,,1628,1,2,0,0,0,0,0,3,4,1,2,3,,N,,,,,,,,,,,
2007023010,1458.0,0,0,0,0,0,0,0,0,0,8,0,,67,12,2006,1,40.0635,-75.1578,1457.0,6,0,0,0,0,0,0,0,0,,0,0,0,14,1,1,0,,0.0,40 03:48.643,,0,75 09:27.918,8,0,0,0,67301,1,0,0,N,1,0,0,2,67301,0,,1,1,,N,N,,0,,0,0,0,0,0,,1450,1,2,0,0,0,1,1,3,4,0,1,3,,N,,,,,,,,,,,
2007023028,1704.0,2,0,0,0,0,0,0,0,0,1,0,,67,12,2006,6,39.9241,-75.2455,1655.0,6,0,0,0,0,0,1,1,0,,0,0,0,16,1,1,5,,0.0,39 55:26.000,,0,75 14:43.862,4,0,0,0,67301,0,0,0,N,0,0,0,6,67301,1,,1,1,,N,N,,0,,0,0,0,3,2,,1650,1,2,0,0,0,0,0,3,4,0,2,3,,N,,,,,,,,,,,
2007023029,1140.0,2,0,0,0,0,0,0,0,0,4,0,,67,12,2006,3,39.9354,-75.1706,1130.0,6,0,0,0,0,0,0,0,0,,0,0,0,11,1,0,2,,0.0,39 56:07.414,,0,75 10:14.235,0,0,0,0,67301,0,0,0,N,0,0,0,2,67301,0,,1,1,,N,N,,0,,0,0,0,0,0,,1125,0,2,0,0,0,0,0,3,4,0,2,3,,N,,,,,,,,,,,
2007007737,806.0,2,0,0,0,0,0,0,0,0,1,0,,67,12,2006,3,40.0327,-75.1242,804.0,6,0,0,0,0,0,1,0,0,1.0,0,0,0,7,1,1,0,,1.0,40 01:57.638,2.0,0,75 07:27.008,8,0,0,0,67301,0,0,0,N,0,0,0,4,67301,0,,1,1,,N,N,,0,,0,0,0,3,2,N,750,1,2,0,0,0,1,0,3,4,0,2,3,,N,,,,,,,,,,,
2006054677,1137.0,0,0,0,0,0,0,0,0,0,4,0,,67,4,2006,1,39.9963,-75.1243,1135.0,6,0,0,0,0,0,0,0,0,,0,0,0,11,1,5,1,,0.0,39 59:46.503,,0,75 07:27.397,4,0,0,0,67301,0,0,0,N,0,0,0,5,67301,5,,1,1,,N,N,,0,,0,0,0,3,3,,1130,5,2,0,0,1,0,0,3,4,2,2,3,,N,,,,,,,,,,,
2006055510,2205.0,2,0,0,0,0,0,0,0,0,2,0,,67,4,2006,6,40.0795,-75.0422,2200.0,6,0,0,0,0,0,0,0,0,,0,0,0,21,2,3,1,,0.0,40 04:46.310,,0,75 02:31.846,8,0,0,0,67301,0,0,0,N,0,0,0,3,67301,0,,1,1,,N,N,,0,,0,0,0,3,2,,2155,3,2,0,0,0,3,0,3,4,0,2,3,,N,,,,,,,,,,,
2006056355,1820.0,0,0,0,0,0,0,0,0,0,8,0,,67,3,2006,4,39.9854,-75.1855,1813.0,6,0,0,0,0,0,0,0,0,,0,0,0,17,1,1,2,,0.0,39 59:07.386,,0,75 11:07.810,4,0,0,0,67301,1,0,0,N,1,0,0,2,67301,1,,1,1,,N,N,,0,,0,0,1,0,0,,1750,1,2,0,0,0,0,0,3,4,0,1,3,,N,,,,,,,,,,,
2006093446,603.0,1,0,0,0,0,0,1,0,0,4,1,,67,7,2006,6,,,600.0,6,0,0,0,0,0,1,0,0,3.0,0,0,0,4,6,7,1,,1.0,,3.0,0,,8,0,0,0,67301,0,0,0,N,0,0,0,8,67301,0,,1,1,,Y,N,,0,,0,0,0,1,2,N,400,7,2,0,0,0,7,1,3,3,0,2,3,,N,,,,,,,,,,,
2006093440,752.0,1,0,0,0,0,0,0,0,0,4,0,,67,8,2006,6,39.9169,-75.216,753.0,6,0,0,0,0,0,0,0,0,,0,0,0,7,1,2,0,,0.0,39 55:01.000,,0,75 12:56.566,4,0,0,0,67301,0,0,0,N,0,0,0,3,67301,2,,1,1,,N,N,,1,,0,0,0,3,2,,752,2,2,0,0,0,0,0,3,4,0,2,3,,N,,,,,,,,,,,
2007009820,9999.0,2,0,0,0,0,0,0,0,0,4,0,,67,11,2006,7,39.9606,-75.1414,,6,0,0,0,1,0,0,0,0,,0,0,0,99,2,2,2,,0.0,39 57:38.000,,0,75 08:28.960,3,0,0,0,67301,0,0,0,,0,0,0,5,67301,1,,1,9,,,,,0,,1,0,0,1,2,,9999,2,2,0,0,0,0,0,3,4,0,2,3,,N,,,,,,,,,,,
2007007695,855.0,2,0,0,0,0,0,0,0,0,4,0,,67,12,2006,6,40.0636,-75.2002,849.0,6,0,0,0,0,0,1,0,0,,0,0,0,8,1,1,2,,0.0,40 03:48.970,,0,75 12:00.871,4,0,0,0,67301,0,0,0,N,0,0,0,3,67301,1,,1,9,,N,N,,0,,0,0,0,3,3,,845,1,3,0,0,0,0,0,3,4,1,3,7,,N,,,,,,,,,,,
2007007709,310.0,0,0,0,0,0,0,0,0,0,1,0,,67,12,2006,7,40.0153,-75.2081,305.0,6,0,0,0,0,0,0,0,0,1.0,0,0,0,3,3,0,3,,1.0,40 00:55.000,2.0,0,75 12:30.141,9,0,0,0,67301,0,0,0,N,0,0,0,2,67301,0,,1,1,,N,N,,0,,0,0,1,3,2,N,300,0,2,0,0,0,0,1,3,4,0,2,3,,N,,,,,,,,,,,
2007020861,1932.0,3,0,0,0,0,0,0,0,0,2,0,,67,12,2006,2,40.0567,-75.188,1929.0,6,0,0,0,0,0,0,0,1,,0,0,0,19,3,0,0,,0.0,40 03:24.000,,0,75 11:16.776,0,0,0,0,67301,0,0,0,N,0,0,0,4,67301,0,,1,1,,N,N,,0,,0,0,0,0,0,,1928,0,3,0,0,0,0,0,3,4,0,3,3,,N,,,,,,,,,,,
2007020873,940.0,0,0,0,0,0,0,0,0,0,3,0,,67,12,2006,5,40.0276,-75.1175,923.0,6,0,0,0,0,0,1,0,0,,0,0,0,9,1,1,0,,0.0,40 01:39.211,,0,75 07:03.100,8,0,0,0,67301,1,0,0,N,0,0,0,2,67301,0,,6,1,,N,Y,,0,,0,0,0,0,0,,905,1,2,0,0,0,1,0,3,4,2,2,3,,N,,,,,,,,,,,
2007032706,,2,0,0,0,0,0,0,0,0,5,0,,67,1,2006,4,,,,6,0,0,0,0,0,0,1,0,,0,0,0,7,1,1,2,,0.0,,,0,,8,0,0,0,67301,0,0,0,N,0,0,0,2,00000,0,,1,1,,N,N,,0,,0,0,0,3,3,,730,1,2,0,0,0,1,1,3,3,0,2,3,,N,,,,,,,,,,,
2007032632,,1,0,0,0,0,0,0,0,0,8,0,,67,3,2006,1,,,,6,0,0,0,0,0,0,0,0,,0,0,0,13,1,1,2,,0.0,,,0,,8,0,0,0,67301,1,0,0,N,1,0,0,2,,0,,1,1,,N,N,,0,,0,0,0,0,0,,1300,1,2,0,0,0,1,1,3,3,0,1,3,,N,,,,,,,,,,,
2007032662,,0,0,0,0,0,0,0,0,0,8,0,,67,3,2006,4,,,,6,0,0,0,0,0,0,0,0,,0,0,0,20,6,1,2,,0.0,,,0,,8,0,0,0,67301,1,0,0,N,1,0,0,2,,0,,1,1,,N,N,,0,,0,0,0,3,2,,2035,1,2,0,0,0,1,0,3,3,0,1,3,,N,,,,,,,,,,,
2007022329,9999.0,1,0,0,0,0,0,0,0,0,8,0,,67,12,2006,3,39.9937,-75.1186,9999.0,6,0,0,0,0,0,0,0,0,,0,0,0,99,3,1,0,,0.0,39 59:37.167,,0,75 07:06.893,8,0,0,0,67301,1,0,0,N,1,0,0,3,67301,0,,1,1,,N,N,,0,,0,0,0,0,0,,9999,1,2,0,0,0,1,0,3,4,0,1,3,,N,,,,,,,,,,,
2007022806,9999.0,0,0,0,0,0,0,0,0,0,7,0,,67,12,2006,4,40.0193,-75.1603,,6,0,0,0,0,1,0,0,0,1.0,0,0,0,99,1,2,2,,1.0,40 01:09.000,5.0,0,75 09:37.177,4,0,0,0,67301,0,0,0,,0,0,0,2,67301,2,,5,1,,N,N,,0,,0,0,1,0,0,N,9999,2,1,0,0,0,0,0,3,4,0,1,3,,N,,,,,,,,,,,
2007010372,1354.0,2,0,0,0,0,0,0,0,0,4,0,,67,11,2006,7,39.9186,-75.2093,1344.0,6,0,0,0,0,0,1,0,0,,0,0,0,13,1,1,0,,0.0,39 55:06.951,,0,75 12:33.554,3,0,0,0,67301,0,0,0,N,0,0,0,2,67301,0,,1,1,,N,N,,0,,1,0,0,0,0,,1340,1,2,0,0,0,0,0,3,4,0,2,3,,N,,,,,,,,,,,
2006094363,1100.0,0,0,0,0,0,0,0,0,0,8,0,,67,7,2006,3,39.9797,-75.2463,1041.0,6,0,0,0,0,0,0,0,0,,0,0,0,11,1,1,1,,0.0,39 58:46.759,,0,75 14:46.711,8,0,0,0,67301,1,0,0,N,1,0,0,2,67301,0,,1,1,,N,N,,1,,0,0,0,3,3,,1100,1,2,0,0,0,1,0,3,4,0,1,3,,N,,,,,,,,,,,
2007033433,,0,0,0,0,0,0,0,0,0,0,0,99.0,67,9,2006,2,39.8919,-75.2419,,6,0,0,0,0,0,0,0,0,,0,0,0,22,6,1,2,,0.0,39 53:30.000,,7,75 14:30.863,8,0,0,1,67301,0,0,0,N,0,0,0,1,,0,,1,2,,N,N,,0,,0,0,0,9,2,,2200,1,2,0,0,0,1,0,3,4,0,1,3,,Y,4.0,1.0,U,,,N,Y,,,,
2007032695,,1,0,0,0,0,0,0,0,0,8,0,,67,4,2006,5,40.0294,-75.1247,,6,0,0,0,0,0,0,0,0,,0,0,0,17,1,1,1,,0.0,40 01:45.919,,0,75 07:28.901,8,0,0,0,67301,1,0,0,N,1,0,0,2,,0,,1,1,,N,N,,0,,0,0,0,0,0,,1730,1,2,0,0,0,1,0,3,4,0,1,3,,N,,,,,,,,,,,
2007055569,1410.0,2,0,0,0,0,0,0,0,0,4,0,,67,12,2006,1,40.0292,-75.2183,1405.0,6,0,0,0,0,0,0,0,0,,0,0,0,14,1,0,2,,0.0,40 01:45.015,,0,75 13:05.908,0,0,0,0,67301,0,0,0,N,0,0,0,2,67301,0,,1,1,,N,N,,0,,0,0,0,3,3,,1404,0,2,0,0,0,0,0,3,4,0,2,3,,N,,,,,,,,,,,
2007009374,1915.0,1,0,0,0,0,0,0,0,0,7,0,,67,11,2006,1,39.9877,-75.2162,1909.0,6,0,0,0,0,0,0,0,0,,0,0,0,19,3,0,2,,0.0,39 59:15.000,,0,75 12:58.636,0,0,0,0,67301,0,0,0,N,0,0,0,3,67301,0,,4,9,,N,N,,0,,0,0,0,3,2,,1905,0,1,0,0,0,0,0,3,4,0,1,7,,N,,,,,,,,,,,
2007009173,1526.0,1,0,0,0,0,0,0,0,0,8,0,,67,12,2006,2,39.9731,-75.2364,1519.0,6,0,0,0,0,0,0,0,0,,0,0,0,15,1,1,0,,0.0,39 58:23.300,,0,75 14:10.982,4,0,0,0,67301,1,0,0,N,1,0,0,2,67301,1,,1,1,,N,Y,,0,,0,0,0,3,3,,1515,1,2,0,0,0,0,0,3,4,0,1,3,,N,,,,,,,,,,,
2007022237,2212.0,3,0,0,0,0,0,0,0,0,4,0,,67,12,2006,4,39.9715,-75.2258,2211.0,6,0,0,0,0,0,0,0,0,2.0,0,0,0,22,3,1,1,,2.0,39 58:17.000,7.0,0,75 13:33.023,8,0,0,0,67301,0,0,0,N,0,0,0,3,67301,0,,1,1,,N,N,,0,,0,0,0,3,2,Y,2210,1,3,0,0,0,1,0,3,4,0,3,3,,N,,,,,,,,,,,
2007030078,1725.0,2,0,0,0,0,0,0,0,0,4,0,,67,12,2006,1,40.0217,-75.1257,1721.0,6,0,0,0,0,0,0,0,0,,0,0,0,16,3,1,1,,0.0,40 01:18.141,,0,75 07:32.411,8,0,0,0,67301,0,0,0,N,0,0,0,2,67301,0,,1,1,,N,N,,0,,0,0,0,3,2,,1654,1,2,0,0,0,1,1,3,4,0,2,3,,N,,,,,,,,,,,
2007023024,1159.0,2,0,0,0,0,0,0,0,0,4,0,,67,12,2006,6,39.9698,-75.1318,1158.0,6,0,0,0,1,0,0,0,0,,0,0,0,11,1,1,1,,0.0,39 58:11.000,,0,75 07:54.204,8,0,0,0,67301,0,0,0,,0,0,0,3,67301,0,,1,1,,N,N,,0,,0,0,0,9,9,,1156,1,2,0,0,0,1,0,3,4,0,2,3,,N,,,,,,,,,,,
2007007738,1349.0,2,0,0,0,0,0,0,0,0,4,0,,67,11,2006,2,40.042,-75.12,1347.0,6,0,0,1,0,0,1,0,0,2.0,0,0,0,13,1,2,2,,1.0,40 02:31.066,2.0,0,75 07:11.978,8,0,0,0,67301,0,0,0,N,0,0,0,2,67301,0,,1,1,,N,N,,0,,0,0,0,0,0,N,1345,2,2,0,0,0,2,0,3,4,0,2,3,,N,,,,,,,,,,,
2006093880,2050.0,1,0,0,0,0,0,0,0,0,4,0,,67,7,2006,6,40.048,-75.1689,2045.0,6,0,0,0,0,1,0,0,0,1.0,0,0,0,20,3,1,2,,1.0,40 02:52.000,1.0,0,75 10:08.043,8,0,0,1,67301,0,0,0,N,0,0,0,3,67301,0,,1,1,,N,N,,0,,0,0,0,9,3,Y,2045,1,2,0,0,0,1,0,3,4,0,2,3,,N,,,,,,,,,,,
2006054705,1625.0,2,0,0,0,0,0,0,0,0,5,0,,67,4,2006,5,40.0741,-75.1909,1620.0,6,0,0,0,0,0,0,0,1,,0,0,0,16,1,2,1,,0.0,40 04:27.000,,0,75 11:26.999,4,0,0,0,67301,0,0,0,N,0,0,0,2,67301,2,,1,1,,N,N,,0,,0,0,0,3,2,,1615,2,2,0,0,0,0,0,3,4,0,2,3,,N,,,,,,,,,,,
2006053971,1025.0,1,0,0,0,0,0,0,0,0,1,0,,67,5,2006,4,40.0509,-75.086,1018.0,6,0,0,0,0,0,1,0,0,,0,0,0,10,1,1,5,,0.0,40 03:02.000,,0,75 05:09.769,3,0,0,1,67301,0,0,0,N,0,0,0,1,67301,0,,9,1,,N,N,,0,,1,0,0,0,0,,1006,1,2,0,0,0,0,0,3,4,0,2,3,,N,,,,,,,,,,,
2006053943,1810.0,2,0,0,0,0,0,0,0,0,4,0,,67,4,2006,3,40.1234,-75.0151,1800.0,6,0,0,0,0,0,0,0,0,,0,0,0,15,1,1,0,,0.0,40 07:24.416,,0,75 00:54.421,4,0,0,0,67301,0,0,0,,0,0,0,3,67301,1,,1,1,,N,N,,0,,0,0,0,0,0,,1550,1,2,0,0,0,0,0,3,4,0,2,3,,N,,,,,,,,,,,
2007008971,1825.0,2,0,0,0,0,0,0,0,0,4,0,,67,12,2006,7,39.9216,-75.1912,1819.0,6,0,0,0,1,0,0,0,0,,0,0,0,99,3,0,2,,0.0,39 55:17.000,,0,75 11:28.338,0,0,0,0,67301,0,0,0,,0,0,0,2,67301,0,,1,1,,,,,0,,0,0,0,9,2,,9999,0,2,0,0,0,0,0,3,4,0,2,3,,N,,,,,,,,,,,
2007032660,,2,0,0,0,0,0,0,0,0,1,0,,67,8,2006,3,40.0181,-75.0511,,6,0,0,0,0,0,0,0,0,,0,0,0,7,1,1,0,,0.0,40 01:05.019,,0,75 03:04.057,4,0,0,0,67301,0,0,0,N,0,0,0,2,,1,,1,1,,N,N,,0,,0,0,0,0,0,,755,1,2,0,0,0,0,0,3,4,0,2,3,,N,,,,,,,,,,,
2007058653,9999.0,2,0,0,0,0,0,0,0,0,1,0,,67,12,2006,6,39.9698,-75.1248,1850.0,6,0,0,0,0,0,0,0,0,,0,0,0,99,3,1,1,,0.0,39 58:09.000,,0,75 07:33.292,8,0,0,0,67301,0,0,0,N,0,0,0,3,67301,0,,1,9,,,,,0,,0,0,0,0,0,,9999,1,2,0,0,3,1,2,3,4,0,2,7,,N,,,,,,,,,,,
2006102817,1315.0,1,0,0,0,0,0,0,0,0,7,0,,67,9,2006,5,39.977,-75.1896,1312.0,6,0,0,0,0,0,0,0,0,,0,0,0,13,1,1,0,,0.0,39 58:36.120,,0,75 11:22.200,3,0,0,0,67301,0,0,0,N,0,0,0,1,67301,0,,2,9,,N,N,,0,,1,0,0,0,0,,1312,1,1,0,0,0,0,0,3,4,0,1,7,,N,,,,,,,,,,,
2006036143,1410.0,2,0,0,0,0,0,0,0,0,8,0,,67,1,2006,5,40.0047,-75.1874,1405.0,6,0,0,0,0,0,0,0,0,,0,0,0,12,1,1,0,,0.0,40 00:17.000,,0,75 11:15.169,3,0,0,0,67301,1,0,0,,1,0,0,2,67301,0,,1,1,,N,N,,0,,1,0,0,0,0,,1247,1,3,0,0,0,0,1,3,4,0,2,3,,N,,,,,,,,,,,
2006032577,1930.0,2,0,0,0,0,0,0,0,0,4,0,,67,1,2006,3,40.0497,-74.9881,1922.0,6,0,0,0,0,0,0,0,1,,0,0,0,19,3,1,1,,0.0,40 02:58.000,,0,74 59:17.593,8,0,0,0,67301,0,0,0,N,0,0,0,3,67301,0,,1,1,,N,N,,0,,0,0,0,3,2,,1910,1,2,0,0,0,1,0,3,4,0,2,3,,N,,,,,,,,,,,
2006037812,1852.0,2,0,0,0,0,0,0,0,0,4,0,,67,2,2006,7,,,1846.0,6,0,0,0,0,0,0,0,0,,0,0,0,18,3,0,1,,0.0,,,0,,9,0,0,0,67301,0,0,0,N,0,0,0,2,67301,0,,1,9,,N,N,,0,,0,0,0,3,3,,1835,0,2,0,0,0,0,1,3,3,0,2,10,,N,,,,,,,,,,,
2006079175,35.0,2,0,0,0,0,0,0,0,0,1,0,,67,5,2006,7,,,30.0,6,0,0,0,0,2,0,0,0,,0,0,0,0,3,0,0,,0.0,,,0,,0,0,0,0,67301,0,0,0,N,0,0,0,2,67301,0,,1,1,,N,N,,0,,0,0,0,3,2,,25,0,2,0,0,0,0,0,3,3,0,2,3,,N,,,,,,,,,,,
2006082026,15.0,1,0,0,0,0,0,0,0,0,4,0,,67,7,2006,2,39.9802,-75.2693,15.0,6,0,0,0,0,0,1,0,0,,0,0,0,0,3,1,1,,0.0,39 58:48.000,,0,75 16:09.467,3,0,0,0,67301,0,0,0,N,0,0,0,3,67301,0,,1,1,,N,N,,0,,1,0,1,3,2,,15,1,2,0,0,3,0,0,3,4,0,2,3,,N,,,,,,,,,,,
2006079628,2310.0,1,0,0,1,0,0,0,0,0,4,0,,67,6,2006,6,40.0196,-75.0733,2310.0,6,0,0,0,0,0,0,0,0,,0,0,0,23,3,1,1,,0.0,40 01:10.526,,0,75 04:23.994,4,0,0,0,67301,1,0,0,N,0,0,0,2,67301,1,,1,1,,N,N,,0,,0,0,0,3,2,,2300,1,2,0,0,0,0,1,3,4,0,1,3,,N,,,,,,,,,,,
2006082132,1935.0,1,0,0,0,0,0,0,0,0,8,0,,67,7,2006,2,39.928,-75.156,1930.0,6,0,0,0,0,0,0,0,0,,0,0,0,19,1,1,0,,0.0,39 55:40.947,,0,75 09:21.420,4,0,0,0,67301,1,0,0,N,1,0,0,2,67301,1,,1,1,,N,N,,0,,0,0,0,0,0,,1915,1,2,0,0,1,0,0,3,4,0,1,3,,N,,,,,,,,,,,
2006079774,1430.0,0,0,0,0,0,0,0,0,0,4,0,,67,6,2006,2,,,1428.0,6,0,0,0,0,0,0,0,0,,0,0,0,14,1,1,1,,0.0,,,0,,4,0,0,0,67301,0,0,0,N,0,0,0,3,67301,1,,1,9,,N,N,,1,,0,0,0,0,0,,1425,1,2,0,0,0,0,0,3,3,1,2,7,,N,,,,,,,,,,,