CRN,ARRIVAL_TM,AUTOMOBILE_COUNT,BELTED_DEATH_COUNT,BELTED_SUSP_SERIOUS_INJ_COUNT,BICYCLE_COUNT,BICYCLE_DEATH_COUNT,BICYCLE_SUSP_SERIOUS_INJ_COUNT,BUS_COUNT,CHLDPAS_DEATH_COUNT,CHLDPAS_SUSP_SERIOUS_INJ_COUNT,COLLISION_TYPE,COMM_VEH_COUNT,CONS_ZONE_SPD_LIM,COUNTY,CRASH_MONTH,CRASH_YEAR,DAY_OF_WEEK,DEC_LAT,DEC_LONG,DISPATCH_TM,DISTRICT,DRIVER_COUNT_16YR,DRIVER_COUNT_17YR,DRIVER_COUNT_18YR,DRIVER_COUNT_19YR,DRIVER_COUNT_20YR,DRIVER_COUNT_50_64YR,DRIVER_COUNT_65_74YR,DRIVER_COUNT_75PLUS,EST_HRS_CLOSED,FATAL_COUNT,HEAVY_TRUCK_COUNT,HORSE_BUGGY_COUNT,HOUR_OF_DAY,ILLUMINATION,INJURY_COUNT,INTERSECT_TYPE,INTERSECTION_RELATED,LANE_CLOSED,LATITUDE,LN_CLOSE_DIR,LOCATION_TYPE,LONGITUDE,MAX_SEVERITY_LEVEL,MCYCLE_DEATH_COUNT,MCYCLE_SUSP_SERIOUS_INJ_COUNT,MOTORCYCLE_COUNT,MUNICIPALITY,NONMOTR_COUNT,NONMOTR_DEATH_COUNT,NONMOTR_SUSP_SERIOUS_INJ_COUNT,NTFY_HIWY_MAINT,PED_COUNT,PED_DEATH_COUNT,PED_SUSP_SERIOUS_INJ_COUNT,PERSON_COUNT,POLICE_AGCY,POSSIBLE_INJ_COUNT,RDWY_SURF_TYPE_CD,RELATION_TO_ROAD,ROAD_CONDITION,ROADWAY_CLEARED,SCH_BUS_IND,SCH_ZONE_IND,SECONDARY_CRASH,SMALL_TRUCK_COUNT,SPEC_JURIS_CD,SUSP_MINOR_INJ_COUNT,SUSP_SERIOUS_INJ_COUNT,SUV_COUNT,TCD_FUNC_CD,TCD_TYPE,TFC_DETOUR_IND,TIME_OF_DAY,TOT_INJ_COUNT,TOTAL_UNITS,UNB_DEATH_COUNT,UNB_SUSP_SERIOUS_INJ_COUNT,UNBELTED_OCC_COUNT,UNK_INJ_DEG_COUNT,UNK_INJ_PER_COUNT,URBAN_AREA,URBAN_RURAL,VAN_COUNT,VEHICLE_COUNT,WEATHER1,WEATHER2,WORK_ZONE_IND,WORK_ZONE_LOC,WORK_ZONE_TYPE,WORKERS_PRES,WZ_CLOSE_DETOUR,WZ_FLAGGER,WZ_LAW_OFFCR_IND,WZ_LN_CLOSURE,WZ_MOVING,WZ_OTHER,WZ_SHLDER_MDN,WZ_WORKERS_INJ_KILLED
2006079899,1928.0,1,0,0,1,0,0,0,0,0,4,0,,67,7,2006,7,39.973,-75.2185,1924.0,6,0,0,0,0,0,0,0,0,,0,0,0,19,4,1,1,,0.0,39 58:23.160,,0,75 13:06.960,4,0,0,0,67301,1,0,0,N,0,0,0,2,67301,1,,1,1,,N,N,,0,,0,0,0,3,2,,1908,1,2,0,0,0,0,1,3,4,0,1,3,,N,,,,,,,,,,,
2006079915,820.0,1,0,0,0,0,0,1,0,0,2,1,,67,6,2006,5,40.0081,-75.0725,815.0,6,0,0,0,0,0,0,0,0,,0,0,0,8,1,30,1,,0.0,40 00:29.000,,0,75 04:20.658,4,0,0,0,67301,0,0,0,N,0,0,0,32,67601,30,,1,1,,Y,N,,0,,0,0,0,9,2,,810,30,2,0,0,0,0,0,3,4,0,2,3,,N,,,,,,,,,,,
2006079933,1015.0,2,0,0,0,0,0,0,0,0,4,0,,67,6,2006,7,40.0343,-75.1604,1010.0,6,0,0,0,0,0,1,0,0,,0,0,0,10,1,2,1,,0.0,40 02:03.606,,0,75 09:37.515,8,0,0,0,67301,0,0,0,N,0,0,0,4,67301,0,,1,9,,N,N,,0,,0,0,1,3,3,,1010,2,3,0,0,0,2,0,3,4,0,3,7,,N,,,,,,,,,,,
2006079828,2143.0,2,0,0,0,0,0,0,0,0,4,0,,67,7,2006,1,,,2138.0,6,0,0,0,0,0,0,0,0,,0,0,0,21,3,1,1,,0.0,,,0,,8,0,0,0,67301,0,0,0,N,0,0,0,2,67301,0,,1,1,,N,N,,0,,0,0,1,3,3,,2130,1,4,0,0,0,1,0,3,3,1,4,3,,N,,,,,,,,,,,
2006018659,1542.0,2,0,0,0,0,0,0,0,0,4,0,,67,1,2006,2,40.049,-75.0947,1542.0,6,0,0,0,0,1,1,0,0,,0,0,0,15,1,2,2,,0.0,40 02:56.000,,0,75 05:40.902,8,0,0,0,67301,0,0,0,N,0,0,0,2,67301,0,,1,9,,N,N,,0,,0,0,0,3,3,,1515,2,2,0,0,0,2,0,3,4,0,2,7,,N,,,,,,,,,,,
2006018663,830.0,2,0,0,0,0,0,1,0,0,4,1,,67,1,2006,2,40.0316,-75.0633,825.0,6,0,0,1,0,0,0,0,0,2.0,0,0,0,99,1,3,5,,1.0,40 01:53.000,6.0,0,75 03:47.543,4,0,0,0,67301,0,0,0,N,0,0,0,8,67301,3,,1,9,,Y,N,,0,,0,0,0,3,2,Y,9999,3,3,0,0,0,0,0,3,4,0,3,7,,N,,,,,,,,,,,
2007006828,1040.0,1,0,0,0,0,0,0,0,0,4,0,,67,12,2006,1,39.9415,-75.1778,1038.0,6,0,0,0,0,0,1,0,0,,0,0,0,10,1,1,1,,0.0,39 56:29.263,,0,75 10:39.964,4,0,0,1,67301,0,0,0,N,0,0,0,2,67301,1,,1,1,,N,N,,0,,0,0,0,3,2,,1038,1,2,0,0,0,0,0,3,4,0,2,3,,N,,,,,,,,,,,
2007006855,230.0,3,0,0,0,0,0,0,0,0,1,0,,67,11,2006,7,40.0181,-75.1694,230.0,6,0,0,0,0,0,0,0,0,,0,0,0,2,3,0,0,,0.0,40 01:05.000,,2,75 10:07.688,0,0,0,0,67301,0,0,0,N,0,0,0,4,67301,0,,1,1,,N,N,,0,,0,0,0,0,0,,230,0,3,0,0,0,0,0,3,4,0,3,3,,N,,,,,,,,,,,
2007006872,1947.0,1,0,0,0,0,0,0,0,0,7,0,,67,12,2006,7,40.0844,-75.2255,1942.0,6,0,0,0,0,0,0,0,0,,0,0,0,99,3,1,0,,0.0,40 05:03.940,,0,75 13:31.728,3,0,0,0,67301,0,0,0,N,0,0,0,1,67301,0,,2,1,,N,N,,0,,1,0,0,0,0,,9999,1,1,0,0,0,0,0,3,4,0,1,3,,N,,,,,,,,,,,
2007112089,2017.0,1,0,0,0,0,0,0,0,0,4,0,,67,3,2006,6,39.9913,-75.1347,9999.0,6,0,0,0,0,0,0,0,0,,0,0,0,20,4,2,0,,0.0,39 59:28.000,,0,75 08:04.860,2,0,0,0,67301,0,0,0,,0,0,0,2,67301,1,,1,9,,,,,1,,0,1,0,0,0,,2017,2,2,0,1,2,0,0,3,4,0,2,3,,N,,,,,,,,,,,
2007023101,115.0,4,0,0,0,0,0,0,0,0,5,0,,67,12,2006,1,40.0242,-75.1256,109.0,6,0,0,0,0,0,0,0,0,2.0,0,0,0,1,3,1,0,,2.0,40 01:27.184,2.0,0,75 07:32.091,3,0,0,0,67301,0,0,0,,0,0,0,1,67301,0,,1,1,,,,,0,,1,0,0,0,0,Y,109,1,5,0,0,0,0,0,3,4,1,5,3,,N,,,,,,,,,,,
2007023202,750.0,1,0,0,0,0,0,0,0,0,4,0,,67,12,2006,5,40.0808,-75.0286,743.0,6,0,0,1,0,0,0,0,0,,0,0,0,7,1,0,1,,0.0,40 04:50.000,,0,75 01:43.036,0,0,0,0,67301,0,0,0,N,0,0,0,2,67301,0,,1,1,,N,N,,0,,0,0,1,3,2,,730,0,2,0,0,0,0,0,3,4,0,2,3,,N,,,,,,,,,,,
2007023046,2320.0,2,0,0,0,0,0,0,0,0,4,0,,67,12,2006,5,39.9748,-75.2502,2316.0,6,0,0,0,0,0,0,0,0,,0,0,0,23,2,1,1,,0.0,39 58:29.377,,0,75 15:00.568,8,0,0,0,67301,0,0,0,N,0,0,0,2,67301,0,,1,1,,N,N,,0,,0,0,0,3,3,,2316,1,2,0,0,0,1,0,3,4,0,2,3,,N,,,,,,,,,,,
2007020803,2335.0,1,0,0,0,0,0,0,0,0,4,0,,67,12,2006,7,39.9357,-75.1673,2330.0,6,0,0,0,0,0,1,0,0,1.0,0,0,0,23,3,0,1,,1.0,39 56:08.000,2.0,0,75 10:02.226,0,0,0,0,67301,0,0,0,,0,0,0,2,67301,0,,1,1,,,,,0,,0,0,1,9,2,Y,2330,0,2,0,0,0,0,0,3,4,0,2,3,,N,,,,,,,,,,,
2007055076,1430.0,2,0,0,0,0,0,0,0,0,4,0,,67,12,2006,4,39.9291,-75.197,1415.0,6,0,0,0,0,0,0,0,0,,0,0,0,14,1,1,3,,0.0,39 55:44.737,,0,75 11:49.327,4,0,0,0,67301,0,0,0,N,0,0,0,2,67301,1,,1,1,,N,N,,0,,0,0,0,9,3,,1400,1,2,0,0,0,0,0,3,4,0,2,3,,N,,,,,,,,,,,
2007022187,9999.0,2,0,0,0,0,0,0,0,0,5,0,,67,12,2006,4,,,1222.0,6,0,0,0,0,0,0,0,0,,0,0,0,99,1,2,0,,0.0,,,0,,4,0,0,0,67301,1,0,0,N,0,0,0,2,67301,2,,1,9,,N,N,,0,,0,0,0,0,0,,9999,2,2,0,0,0,0,0,3,3,0,2,7,,N,,,,,,,,,,,
2007008388,221.0,1,0,0,0,0,0,0,0,0,8,0,,67,12,2006,1,39.9552,-75.1696,220.0,6,0,0,0,0,0,0,0,0,9.0,0,0,0,2,3,1,1,,1.0,39 57:18.756,3.0,0,75 10:10.405,8,0,0,0,67301,1,0,0,N,1,0,0,2,67301,0,,1,1,,N,N,,0,,0,0,0,3,2,N,220,1,2,0,0,0,1,0,3,4,0,1,3,,N,,,,,,,,,,,
2007008391,28.0,6,0,0,0,0,0,0,0,0,6,0,,67,11,2006,1,39.9925,-75.1306,20.0,6,0,0,0,0,0,0,0,0,3.0,0,0,0,0,3,2,2,,2.0,39 59:33.021,1.0,0,75 07:50.005,8,0,0,0,67301,0,0,0,N,0,0,0,3,67301,0,,1,1,,N,N,,0,,0,0,0,3,3,Y,19,2,6,0,0,0,2,0,3,4,0,6,3,,N,,,,,,,,,,,
2007022160,2016.0,1,0,0,0,0,0,0,0,0,8,0,,67,12,2006,2,40.0455,-75.1649,2013.0,6,0,0,0,0,0,0,0,0,,0,0,0,20,3,1,1,,0.0,40 02:43.000,,0,75 09:53.515,8,0,0,0,67301,1,0,0,N,1,0,0,2,67301,0,,1,9,,N,N,,0,,0,0,0,3,2,,2013,1,2,0,0,0,1,0,3,4,0,1,7,,N,,,,,,,,,,,
2007007142,2010.0,0,0,0,0,0,0,0,0,0,4,0,,67,11,2006,5,39.9968,-75.1034,2004.0,6,0,0,0,0,0,0,1,0,,0,0,0,20,3,2,2,,0.0,39 59:48.427,,0,75 06:12.178,8,0,0,0,67301,0,0,0,N,0,0,0,4,67301,0,,1,9,,N,N,,0,,0,0,1,3,2,,2002,2,2,0,0,0,2,0,3,4,1,2,7,,N,,,,,,,,,,,
2007007159,1120.0,1,0,0,0,0,0,0,0,0,8,0,,67,12,2006,1,40.0004,-75.1665,1115.0,6,0,0,0,0,0,1,0,0,,0,0,0,99,1,1,3,,0.0,40 00:01.386,,0,75 09:59.579,4,0,0,0,67301,1,0,0,,1,0,0,2,67301,1,,1,1,,,,,0,,0,0,0,0,0,,9999,1,2,0,0,0,0,0,3,4,0,1,3,,N,,,,,,,,,,,
2007009762,1519.0,1,0,0,0,0,0,1,0,0,1,1,,67,12,2006,6,40.0072,-75.1744,1515.0,6,0,0,0,0,1,0,1,0,1.0,0,0,0,15,1,4,2,,2.0,40 00:26.000,3.0,0,75 10:28.760,8,0,0,0,67301,0,0,0,N,0,0,0,8,67301,0,,1,9,,Y,N,,0,,0,0,1,3,2,N,1510,4,3,0,0,1,4,0,3,4,0,3,3,,N,,,,,,,,,,,
2007009787,330.0,2,0,0,0,0,0,0,0,0,1,0,,67,11,2006,6,40.0576,-75.1493,123.0,6,0,0,0,0,0,0,1,0,,0,0,0,1,3,1,0,,0.0,40 03:27.345,,0,75 08:57.451,4,0,0,0,67301,0,0,0,N,0,0,0,4,67301,1,,1,9,,N,N,,0,,0,0,0,0,0,,123,1,2,0,0,0,0,0,3,4,0,2,3,,N,,,,,,,,,,,
2007009798,42.0,1,0,0,0,0,0,0,0,0,7,0,,67,11,2006,6,,,37.0,6,0,0,0,0,0,0,0,0,1.0,0,0,0,0,3,0,0,,2.0,,3.0,0,,0,0,0,0,67301,0,0,0,N,0,0,0,1,67301,0,,2,9,,N,N,,0,,0,0,0,0,0,N,35,0,1,0,0,0,0,0,3,3,0,1,7,,N,,,,,,,,,,,
2007007691,1256.0,2,0,0,0,0,0,0,0,0,4,0,,67,12,2006,4,40.0638,-75.1729,1255.0,6,0,0,0,0,0,1,0,0,1.0,0,0,0,12,1,2,1,,1.0,40 03:49.000,1.0,0,75 10:22.328,8,0,0,0,67301,0,0,0,N,0,0,0,3,67301,0,,1,1,,N,N,,0,,0,0,0,3,3,Y,1253,2,2,0,0,0,2,1,3,4,0,2,3,,N,,,,,,,,,,,
2007008557,1428.0,1,0,0,0,0,0,0,0,0,5,1,,67,12,2006,2,40.0204,-75.1521,1425.0,6,0,0,0,0,0,1,0,0,,0,1,0,14,1,1,1,,0.0,40 01:13.441,,0,75 09:07.585,8,0,0,0,67301,0,0,0,N,0,0,0,3,67301,0,,1,1,,N,N,,0,,0,0,0,3,3,,1422,1,2,0,0,0,1,0,3,4,0,2,3,,N,,,,,,,,,,,
2007009029,2008.0,1,0,0,0,0,0,0,0,0,7,0,,67,12,2006,6,39.9341,-75.1705,2005.0,6,0,0,0,0,0,0,0,0,,0,0,0,99,3,1,0,,0.0,39 56:02.756,,0,75 10:13.832,8,0,0,0,67301,0,0,0,N,0,0,0,1,67301,0,,4,1,,N,N,,0,,0,0,0,0,0,,9999,1,1,0,0,0,1,0,3,4,0,1,3,,N,,,,,,,,,,,
2007022339,1508.0,2,0,0,0,0,0,0,0,0,4,0,,67,12,2006,7,39.904,-75.2401,1505.0,6,0,0,0,0,1,0,0,0,1.0,0,0,0,15,1,1,1,,2.0,39 54:14.000,4.0,0,75 14:25.050,4,0,0,0,67301,0,0,0,N,0,0,0,4,67301,1,,1,9,,N,N,,0,,0,0,0,3,2,Y,1503,1,2,0,0,1,0,0,3,4,0,2,3,,N,,,,,,,,,,,
2007022848,1535.0,0,0,0,1,0,0,0,0,0,4,0,,67,12,2006,4,40.0459,-75.0286,1530.0,6,0,0,0,0,0,0,0,0,,0,0,0,15,1,1,0,,0.0,40 02:45.391,,0,75 01:42.934,4,0,0,0,67301,1,0,0,,0,0,0,2,67301,1,,1,1,,N,N,,0,,0,0,1,0,0,,1525,1,2,0,0,0,0,0,3,4,0,1,3,,N,,,,,,,,,,,
2007022735,1543.0,1,0,0,0,0,0,0,0,0,2,0,,67,12,2006,1,39.9613,-75.1752,1541.0,6,0,0,0,0,0,0,0,0,,0,0,0,15,1,2,2,,0.0,39 57:40.000,,0,75 10:31.244,2,0,0,0,67301,0,0,0,N,0,0,0,3,67301,1,,1,1,,N,N,,0,,0,1,0,3,2,,1541,2,2,0,0,0,0,1,3,4,1,2,3,,N,,,,,,,,,,,
2007080421,1440.0,0,0,0,0,0,0,0,0,0,7,0,,67,6,2006,2,39.996,-75.1955,1440.0,6,0,0,0,0,0,0,0,0,1.0,0,0,0,14,1,0,1,,1.0,39 59:45.769,1.0,0,75 11:43.828,9,0,0,0,67301,0,0,0,N,0,0,0,1,67301,0,,2,1,,N,N,,0,,0,0,1,0,0,N,1438,0,1,0,0,0,0,1,3,4,0,1,3,,N,,,,,,,,,,,
2008027211,803.0,1,0,0,0,0,0,0,0,0,7,0,,67,1,2006,4,39.946,-75.1716,800.0,6,0,0,0,0,0,1,0,0,,0,0,0,7,1,1,0,,0.0,39 56:45.505,,0,75 10:17.689,8,0,0,0,67301,0,0,0,N,0,0,0,1,67301,0,,4,9,,N,N,,0,,0,0,0,3,2,,757,1,1,0,0,1,1,0,3,4,0,1,7,,N,,,,,,,,,,,
2008033856,,0,0,0,0,0,0,0,0,0,8,0,,67,12,2006,1,39.9924,-75.148,,6,0,0,0,0,0,0,0,0,,0,0,0,14,1,1,2,,0.0,39 59:32.485,,0,75 08:52.925,8,0,0,0,67301,1,0,0,,1,0,0,2,,0,,1,1,,,,,0,,0,0,0,0,0,,1430,1,2,0,0,0,1,0,3,4,0,1,3,,N,,,,,,,,,,,
2007032708,,1,0,0,0,0,0,0,0,0,1,0,,67,11,2006,3,40.0179,-75.1493,,6,0,0,0,0,0,0,0,0,,0,0,0,7,1,2,1,,0.0,40 01:04.000,,0,75 08:57.650,8,0,0,0,67301,0,0,0,,0,0,0,3,,0,,1,1,,N,N,,0,,0,0,0,0,0,,730,2,2,0,0,0,2,0,3,4,0,2,3,,N,,,,,,,,,,,
2007030203,840.0,1,0,0,0,0,0,0,0,0,7,0,,67,11,2006,1,39.9699,-75.2536,830.0,6,0,0,0,0,0,0,0,1,,1,0,0,8,1,1,0,,0.0,39 58:11.506,,7,75 15:12.970,1,0,0,0,67301,0,0,0,N,0,0,0,2,67301,0,2.0,4,9,,N,N,,0,0.0,0,0,0,0,0,,825,1,1,0,0,0,1,0,3,4,0,1,98,,N,,,,,,,,,,,
2007006962,1449.0,1,0,0,0,0,0,0,0,0,7,0,,67,11,2006,7,39.9768,-75.143,1448.0,6,0,0,0,0,0,0,0,0,,0,0,0,14,1,1,0,,0.0,39 58:36.475,,0,75 08:34.672,8,0,0,0,67301,0,0,0,N,0,0,0,1,67301,0,,5,1,,N,N,,0,,0,0,0,0,0,,1440,1,1,0,0,0,1,0,3,4,0,1,3,,N,,,,,,,,,,,
2007022236,1652.0,5,0,0,0,0,0,0,0,0,4,0,,67,12,2006,6,39.977,-75.2439,1649.0,6,0,0,0,0,0,0,0,0,,0,0,0,16,1,0,1,,0.0,39 58:37.243,,0,75 14:37.874,0,0,0,0,67301,0,0,0,N,0,0,0,2,67301,0,,2,1,,N,N,,0,,0,0,0,0,0,,1640,0,5,0,0,0,0,0,3,4,0,5,3,,N,,,,,,,,,,,
2007022331,1145.0,1,0,0,0,0,0,0,0,0,4,0,,67,12,2006,4,40.0057,-75.1011,1140.0,6,0,0,0,0,0,0,0,0,,0,0,0,11,1,3,1,,0.0,40 00:20.000,,0,75 06:03.822,4,0,0,0,67301,0,0,0,N,0,0,0,5,67301,2,,1,1,,N,N,,0,,0,0,0,0,0,,1135,3,2,0,0,2,1,0,3,4,1,2,3,,N,,,,,,,,,,,
2007022357,210.0,2,0,0,0,0,0,0,0,0,1,0,,67,12,2006,7,39.9937,-75.1399,205.0,6,0,0,0,1,0,0,0,0,,0,0,0,2,2,2,1,,0.0,39 59:37.298,,0,75 08:23.510,3,0,0,0,67301,0,0,0,N,0,0,0,3,67301,0,,1,9,,N,N,,0,,1,0,1,3,2,,205,2,3,0,0,0,1,0,3,4,0,3,7,,N,,,,,,,,,,,
2007022499,1720.0,2,0,0,0,0,0,0,0,0,4,0,,67,12,2006,2,39.9792,-75.2713,1716.0,6,0,0,0,0,0,0,0,0,,0,0,0,17,2,1,1,,0.0,39 58:45.000,,0,75 16:16.607,8,0,0,0,67301,0,0,0,N,0,0,0,3,67301,0,,1,1,,N,N,,0,,0,0,1,3,2,,1716,1,3,0,0,0,1,0,3,4,0,3,3,,N,,,,,,,,,,,
2007022719,9999.0,1,0,0,0,0,0,0,0,0,7,0,,67,12,2006,7,,,2340.0,6,0,0,0,0,0,0,0,0,1.0,0,0,0,23,3,0,0,,1.0,,1.0,0,,0,0,0,0,67301,0,0,0,N,0,0,0,1,67301,0,,2,1,,N,N,,0,,0,0,0,0,0,N,2339,0,1,0,0,1,0,0,3,3,0,1,3,,N,,,,,,,,,,,
2007022787,2137.0,1,0,0,0,0,0,0,0,0,8,0,,67,12,2006,3,40.0535,-75.0549,2137.0,6,0,0,0,0,0,1,0,0,9.0,0,0,0,21,3,1,3,,2.0,40 03:12.000,2.0,0,75 03:17.784,8,0,0,0,67301,1,0,0,,1,0,0,3,67301,0,,1,1,,N,N,,0,,0,0,0,3,2,Y,2137,1,2,0,0,2,1,0,3,4,0,1,3,,N,,,,,,,,,,,
2007022794,1334.0,0,0,0,0,0,0,0,0,0,5,0,,67,10,2006,6,39.9935,-75.1627,1334.0,6,0,0,0,0,0,0,0,0,,0,0,0,13,1,1,0,,0.0,39 59:36.639,,0,75 09:45.835,8,0,0,0,67301,0,0,0,N,0,0,0,1,67301,0,,6,1,,N,N,,0,,0,0,0,0,0,,1334,1,2,0,0,1,1,0,3,4,2,2,3,,N,,,,,,,,,,,
2007056247,1555.0,2,0,0,0,0,0,0,0,0,2,0,,67,12,2006,4,40.0347,-75.1883,1548.0,6,0,0,0,0,0,0,0,0,4.0,0,0,0,15,1,1,0,,2.0,40 02:05.010,5.0,0,75 11:17.874,2,0,0,0,67301,0,0,0,N,0,0,0,5,67301,0,,1,9,,N,N,,2,,0,1,0,0,0,Y,1545,1,4,0,0,1,0,0,3,4,0,4,7,,N,,,,,,,,,,,
2007023044,1408.0,1,0,0,0,0,0,0,0,0,1,0,,67,12,2006,2,39.9834,-75.2432,1338.0,6,0,0,0,0,0,0,0,0,,0,0,0,13,1,1,2,,0.0,39 59:00.000,,0,75 14:35.451,8,0,0,0,67301,0,0,0,N,0,0,0,3,67301,0,,1,1,,N,N,,1,,0,0,0,9,3,,1329,1,2,0,0,0,1,0,3,4,0,2,3,,N,,,,,,,,,,,
2007023059,1945.0,3,0,0,0,0,0,0,0,0,1,0,,67,12,2006,2,40.0751,-75.2049,1940.0,6,0,0,0,0,0,0,0,1,,0,0,0,19,3,3,0,,0.0,40 04:29.000,,0,75 12:16.595,3,0,0,0,67301,0,0,0,N,0,0,0,5,67301,2,,1,9,,N,N,,0,,1,0,0,3,2,,1935,3,3,0,0,0,0,0,3,4,0,3,7,,N,,,,,,,,,,,
2007020799,1258.0,0,0,0,0,0,0,0,0,0,8,0,,67,12,2006,5,39.9896,-75.1253,1238.0,6,0,0,0,0,0,0,0,0,,0,0,0,99,1,1,0,,0.0,39 59:22.000,,0,75 07:31.124,8,0,0,0,67301,1,0,0,N,1,0,0,2,67301,0,,1,1,,N,N,,0,,0,0,1,3,2,,9999,1,2,0,0,0,1,0,3,4,0,1,3,,N,,,,,,,,,,,
2007034517,,1,0,0,0,0,0,0,0,0,1,0,,67,3,2006,6,39.9802,-75.2693,,6,0,0,0,0,0,1,0,0,,0,0,0,15,1,0,2,,0.0,39 57:59.000,,0,75 10:44.185,9,0,0,0,67301,0,0,0,N,0,0,0,3,,0,,1,1,,N,N,,0,,0,0,0,3,2,,1530,0,2,0,0,0,0,1,3,4,0,2,3,,N,,,,,,,,,,,
2007008390,905.0,2,0,0,0,0,0,0,0,0,4,0,,67,12,2006,3,40.054,-75.0489,900.0,6,0,0,0,0,0,0,0,0,1.0,0,0,0,9,1,1,5,,1.0,40 03:14.400,2.0,0,75 02:56.040,8,0,0,0,67301,0,0,0,N,0,0,0,2,67301,0,,1,1,,N,N,,0,,0,0,0,3,2,Y,900,1,2,0,0,0,1,0,3,4,0,2,3,,N,,,,,,,,,,,
2007008520,1455.0,2,0,1,0,0,0,0,0,0,4,0,,67,12,2006,7,39.9549,-75.1843,1453.0,6,0,0,0,0,0,0,0,0,2.0,0,0,0,14,1,2,0,,1.0,39 57:17.000,3.0,0,75 11:03.418,2,0,0,0,67301,0,0,0,N,0,0,0,3,67301,1,,1,1,,N,N,,0,,0,1,0,0,0,N,1450,2,2,0,0,0,0,0,3,4,0,2,3,,N,,,,,,,,,,,
2007007977,755.0,1,0,0,1,0,0,0,0,0,4,0,,67,11,2006,7,39.9592,-75.1755,751.0,6,0,0,0,0,0,1,0,0,,0,0,0,7,1,1,1,,0.0,39 57:33.096,,0,75 10:31.923,4,0,0,0,67301,1,0,0,N,0,0,0,2,67301,1,,1,1,,N,N,,0,,0,0,0,3,2,,745,1,2,0,0,0,0,0,3,4,0,1,3,,N,,,,,,,,,,,
2007007086,2110.0,1,0,0,0,0,0,0,0,0,7,0,,67,12,2006,3,,,2102.0,6,0,0,0,0,0,0,0,0,2.0,0,0,0,99,3,1,0,,1.0,,4.0,3,,8,0,0,0,67301,0,0,0,N,0,0,0,1,67301,0,,3,1,,N,N,,0,,0,0,0,0,0,N,9999,1,1,0,0,0,1,0,3,3,0,1,3,,N,,,,,,,,,,,
2007007148,1535.0,1,0,0,0,0,0,0,0,0,8,0,,67,12,2006,1,39.9253,-75.1577,1531.0,6,0,0,0,0,0,0,0,0,,0,0,0,15,1,2,1,,0.0,39 55:31.162,,0,75 09:27.611,4,0,0,0,67301,2,0,0,N,2,0,0,3,67301,2,,1,1,,N,N,,0,,0,0,0,3,3,,1515,2,3,0,0,0,0,0,3,4,0,1,3,,N,,,,,,,,,,,
2007009758,9999.0,2,0,0,0,0,0,0,0,0,1,0,,67,11,2006,7,40.013,-75.1194,915.0,6,0,0,0,0,0,0,0,0,,0,0,0,99,1,1,1,,0.0,40 00:46.713,,0,75 07:09.797,4,0,0,0,67301,0,0,0,N,0,0,0,2,67301,1,,1,1,,N,N,,0,,0,0,0,0,0,,9999,1,2,0,0,0,0,1,3,4,0,2,99,,N,,,,,,,,,,,
2007009765,1215.0,2,0,0,0,0,0,0,0,0,4,0,,67,11,2006,2,39.9519,-75.1783,1208.0,6,0,0,0,0,1,1,0,0,,0,0,0,11,1,0,1,,0.0,39 57:06.746,,0,75 10:41.980,0,0,0,0,67301,0,0,0,N,0,0,0,2,67301,0,,1,9,,N,N,,0,,0,0,0,3,3,,1150,0,2,0,0,0,0,0,3,4,0,2,7,,N,,,,,,,,,,,
2007009773,319.0,0,0,0,0,0,0,0,0,0,7,0,,67,11,2006,7,39.972,-75.1934,315.0,6,0,0,0,0,1,0,0,0,2.0,0,0,0,3,3,0,0,,2.0,39 58:23.000,4.0,0,75 11:37.532,0,0,0,0,67301,0,0,0,N,0,0,0,2,67301,0,,2,1,,N,N,,0,,0,0,1,0,0,N,315,0,1,0,0,0,0,0,3,4,0,1,3,,N,,,,,,,,,,,
2007009800,435.0,0,0,0,0,0,0,0,0,0,1,0,,67,12,2006,4,39.9305,-75.1987,429.0,6,0,0,0,0,0,0,0,0,1.0,0,0,0,4,3,0,0,,1.0,39 55:48.000,3.0,0,75 11:53.520,0,0,0,0,67301,0,0,0,N,0,0,0,2,67301,0,,1,1,,N,N,,0,,0,0,2,0,0,N,428,0,2,0,0,0,0,0,3,4,0,2,3,,N,,,,,,,,,,,
2007009821,1035.0,2,0,0,0,0,0,0,0,0,4,0,,67,11,2006,1,39.9544,-75.1632,1030.0,6,0,0,0,0,0,1,0,0,,0,0,0,10,1,2,1,,0.0,39 57:15.840,,0,75 09:47.160,8,0,0,0,67301,0,0,0,N,0,0,0,2,67301,0,,1,1,,N,N,,0,,0,0,0,3,2,,1030,2,2,0,0,1,2,0,3,4,0,2,3,,N,,,,,,,,,,,
2007009846,225.0,1,0,0,0,0,0,0,0,0,1,0,,67,11,2006,5,39.9471,-75.1416,225.0,6,0,0,0,0,0,0,0,0,3.0,0,0,0,2,3,0,2,,1.0,39 56:39.000,2.0,0,75 08:32.084,0,0,0,0,67301,0,0,0,N,0,0,0,2,67301,0,,1,9,,N,N,,0,,0,0,1,0,0,Y,225,0,2,0,0,0,0,0,3,4,0,2,7,,N,,,,,,,,,,,