CRN,ARRIVAL_TM,AUTOMOBILE_COUNT,BELTED_DEATH_COUNT,BELTED_SUSP_SERIOUS_INJ_COUNT,BICYCLE_COUNT,BICYCLE_DEATH_COUNT,BICYCLE_SUSP_SERIOUS_INJ_COUNT,BUS_COUNT,CHLDPAS_DEATH_COUNT,CHLDPAS_SUSP_SERIOUS_INJ_COUNT,COLLISION_TYPE,COMM_VEH_COUNT,CONS_ZONE_SPD_LIM,COUNTY,CRASH_MONTH,CRASH_YEAR,DAY_OF_WEEK,DEC_LAT,DEC_LONG,DISPATCH_TM,DISTRICT,DRIVER_COUNT_16YR,DRIVER_COUNT_17YR,DRIVER_COUNT_18YR,DRIVER_COUNT_19YR,DRIVER_COUNT_20YR,DRIVER_COUNT_50_64YR,DRIVER_COUNT_65_74YR,DRIVER_COUNT_75PLUS,EST_HRS_CLOSED,FATAL_COUNT,HEAVY_TRUCK_COUNT,HORSE_BUGGY_COUNT,HOUR_OF_DAY,ILLUMINATION,INJURY_COUNT,INTERSECT_TYPE,INTERSECTION_RELATED,LANE_CLOSED,LATITUDE,LN_CLOSE_DIR,LOCATION_TYPE,LONGITUDE,MAX_SEVERITY_LEVEL,MCYCLE_DEATH_COUNT,MCYCLE_SUSP_SERIOUS_INJ_COUNT,MOTORCYCLE_COUNT,MUNICIPALITY,NONMOTR_COUNT,NONMOTR_DEATH_COUNT,NONMOTR_SUSP_SERIOUS_INJ_COUNT,NTFY_HIWY_MAINT,PED_COUNT,PED_DEATH_COUNT,PED_SUSP_SERIOUS_INJ_COUNT,PERSON_COUNT,POLICE_AGCY,POSSIBLE_INJ_COUNT,RDWY_SURF_TYPE_CD,RELATION_TO_ROAD,ROAD_CONDITION,ROADWAY_CLEARED,SCH_BUS_IND,SCH_ZONE_IND,SECONDARY_CRASH,SMALL_TRUCK_COUNT,SPEC_JURIS_CD,SUSP_MINOR_INJ_COUNT,SUSP_SERIOUS_INJ_COUNT,SUV_COUNT,TCD_FUNC_CD,TCD_TYPE,TFC_DETOUR_IND,TIME_OF_DAY,TOT_INJ_COUNT,TOTAL_UNITS,UNB_DEATH_COUNT,UNB_SUSP_SERIOUS_INJ_COUNT,UNBELTED_OCC_COUNT,UNK_INJ_DEG_COUNT,UNK_INJ_PER_COUNT,URBAN_AREA,URBAN_RURAL,VAN_COUNT,VEHICLE_COUNT,WEATHER1,WEATHER2,WORK_ZONE_IND,WORK_ZONE_LOC,WORK_ZONE_TYPE,WORKERS_PRES,WZ_CLOSE_DETOUR,WZ_FLAGGER,WZ_LAW_OFFCR_IND,WZ_LN_CLOSURE,WZ_MOVING,WZ_OTHER,WZ_SHLDER_MDN,WZ_WORKERS_INJ_KILLED
2007009849,1410.0,0,0,0,0,0,0,1,0,0,5,1,,67,12,2006,6,40.0041,-75.1723,1401.0,6,0,0,0,0,0,1,0,0,,0,0,0,13,1,5,1,,0.0,40 00:14.000,,0,75 10:20.575,4,0,0,0,67301,0,0,0,N,0,0,0,6,67301,5,,2,1,,N,N,,0,,0,0,0,0,0,,1330,5,2,0,0,0,0,0,3,4,1,2,3,,N,,,,,,,,,,,
2007007688,1223.0,1,0,0,0,0,0,1,0,0,5,1,,67,11,2006,5,39.9617,-75.1577,1219.0,6,0,0,0,0,0,0,0,0,,0,0,0,99,1,0,1,,0.0,39 57:42.000,,0,75 09:27.671,0,0,0,0,67301,0,0,0,,0,0,0,2,67301,0,,4,1,,N,N,,0,,0,0,0,3,2,,9999,0,2,0,0,0,0,0,3,4,0,2,3,,N,,,,,,,,,,,
2007007710,1145.0,2,0,0,0,0,0,0,0,0,5,1,,67,11,2006,4,39.9421,-75.2117,1137.0,6,0,0,0,0,0,0,0,0,2.0,0,1,0,11,1,1,1,,2.0,39 56:31.419,3.0,0,75 12:42.235,8,0,0,0,67301,0,0,0,N,0,0,0,3,67301,0,,1,1,,,,,0,,0,0,0,3,2,Y,1126,1,3,0,0,0,1,0,3,4,0,3,3,,N,,,,,,,,,,,
2007058132,100.0,0,0,0,0,0,0,0,0,0,7,0,,67,3,2006,3,40.1037,-74.9835,250.0,6,0,0,0,0,0,0,0,0,,0,0,0,0,3,0,0,,0.0,40 06:13.484,,0,74 59:00.454,9,0,0,0,67301,0,0,0,N,0,0,0,1,67301,0,,4,9,,N,N,,0,,0,0,0,0,0,,50,0,1,0,0,0,0,1,3,4,1,1,3,,N,,,,,,,,,,,
2007023234,955.0,2,0,0,0,0,0,0,0,0,4,0,,67,12,2006,3,40.078,-75.0233,950.0,6,0,0,0,0,0,0,0,0,,0,0,0,9,1,1,0,,0.0,40 04:40.000,,0,75 01:24.008,4,0,0,0,67301,0,0,0,,0,0,0,2,67301,1,,1,9,,,,,0,,0,0,0,0,0,,945,1,2,0,0,0,0,0,3,4,0,2,7,5.0,N,,,,,,,,,,,
2007023241,1315.0,1,0,0,0,0,0,0,0,0,4,0,,67,12,2006,4,40.0154,-75.138,1311.0,6,0,0,0,0,0,0,1,0,,0,0,0,13,1,1,1,,0.0,40 00:55.443,,0,75 08:16.749,4,0,0,0,67301,0,0,0,N,0,0,0,3,67301,1,,1,9,,N,N,,0,,0,0,1,0,0,,1310,1,2,0,0,0,0,0,3,4,0,2,7,,N,,,,,,,,,,,
2007009193,952.0,2,0,0,0,0,0,0,0,0,4,0,,67,11,2006,6,40.1317,-75.0122,947.0,6,0,0,0,0,0,1,1,0,,0,0,0,9,1,1,1,,0.0,40 07:53.000,,0,75 00:43.890,4,0,0,0,67301,0,0,0,N,0,0,0,2,67301,1,,1,1,,N,N,,0,,0,0,0,3,2,,945,1,2,0,0,0,0,0,3,4,0,2,3,,N,,,,,,,,,,,
2007032580,,1,0,0,0,0,0,0,0,0,1,0,,67,1,2006,1,,,,6,0,0,0,0,0,0,1,0,,0,0,0,10,1,1,0,,0.0,,,0,,4,0,0,0,67301,0,0,0,N,0,0,0,2,,1,,1,1,,N,N,,0,,0,0,0,0,0,,1020,1,2,0,0,0,0,1,3,3,0,2,3,,N,,,,,,,,,,,
2007022338,1831.0,1,0,0,0,0,0,0,0,0,8,0,,67,12,2006,7,39.9383,-75.2163,1829.0,6,0,0,0,0,0,0,0,0,,0,0,0,18,3,1,1,,0.0,39 56:17.923,,0,75 12:58.510,8,0,0,0,67301,1,0,0,N,1,0,0,2,67301,0,,1,1,,N,N,,0,,0,0,0,3,2,,1820,1,2,0,0,0,1,0,3,4,0,1,3,,N,,,,,,,,,,,
2007022342,1735.0,2,0,0,0,0,0,0,0,0,4,0,,67,12,2006,5,39.9135,-75.2216,1730.0,6,0,0,0,0,1,0,0,0,,0,0,0,17,3,0,0,,0.0,39 54:48.458,,0,75 13:17.826,0,0,0,0,67301,0,0,0,N,0,0,0,4,67301,0,,1,1,,N,N,,0,,0,0,0,0,0,,1715,0,2,0,0,1,0,0,3,4,0,2,3,,N,,,,,,,,,,,
2007022800,1530.0,1,0,0,0,0,0,0,0,0,8,0,,67,12,2006,7,40.0496,-75.0582,1523.0,6,0,0,0,0,0,0,0,0,,0,0,0,15,1,1,2,,0.0,40 02:58.000,,0,75 03:29.519,8,0,0,0,67301,1,0,0,N,1,0,0,2,67301,0,,1,1,,N,N,,0,,0,0,0,0,0,,1511,1,2,0,0,0,1,0,3,4,0,1,3,,N,,,,,,,,,,,
2007022869,9999.0,0,0,0,0,0,0,0,0,0,8,0,,67,12,2006,6,40.0041,-75.1723,,6,0,0,0,0,0,1,0,0,,0,0,0,99,3,1,1,,0.0,40 00:14.731,,0,75 10:20.136,8,0,0,0,67301,1,0,0,N,1,0,0,2,67301,0,,1,9,,N,N,,0,,0,0,1,0,0,,9999,1,2,0,0,0,1,0,3,4,0,1,7,,N,,,,,,,,,,,
2007010371,659.0,0,0,0,0,0,0,0,0,0,7,0,,67,11,2006,5,39.9598,-75.1784,656.0,6,0,0,0,0,0,0,0,0,,0,0,0,6,1,0,7,,0.0,39 57:35.280,,2,75 10:42.600,0,0,0,0,67301,0,0,0,N,0,0,0,2,67301,0,,4,9,,N,N,,1,,0,0,0,0,0,,655,0,1,0,0,0,0,0,3,4,0,1,7,,N,,,,,,,,,,,
2007056231,724.0,1,0,0,0,0,0,0,0,0,7,0,,67,5,2006,3,39.9752,-75.1586,722.0,6,0,0,0,0,0,0,0,0,,0,0,0,7,1,1,0,,0.0,39 58:30.000,,0,75 09:30.863,8,0,0,0,67301,0,0,0,,0,0,0,1,67301,0,,4,1,,,,,0,,0,0,0,0,0,,719,1,1,0,0,0,1,0,3,4,0,1,3,,N,,,,,,,,,,,
2007056245,1513.0,2,0,0,0,0,0,0,0,0,4,0,,67,12,2006,3,40.0558,-75.074,1508.0,6,0,0,0,0,0,0,0,0,1.0,0,0,0,14,1,1,2,,2.0,40 03:20.000,6.0,0,75 04:26.569,8,0,0,0,67301,0,0,0,N,0,0,0,4,67301,0,,1,1,,N,N,,0,,0,0,0,3,3,Y,1450,1,2,0,0,0,1,0,3,4,0,2,3,,N,,,,,,,,,,,
2007056249,215.0,2,0,0,0,0,0,0,0,0,5,0,,67,10,2006,7,40.0422,-75.0546,212.0,6,0,0,0,0,0,0,0,0,,0,0,0,2,3,0,0,,0.0,40 02:31.981,,0,75 03:16.596,0,0,0,0,67301,0,0,0,N,0,0,0,1,67301,0,,6,1,,N,N,,1,,0,0,0,0,0,,210,0,3,0,0,0,0,0,3,4,0,3,3,,N,,,,,,,,,,,
2008081126,18.0,2,0,0,0,0,0,0,0,0,2,0,,67,5,2006,1,39.9591,-75.1703,16.0,6,0,0,0,0,0,1,0,0,,0,0,0,0,3,0,1,,0.0,39 57:32.669,,0,75 10:12.906,0,0,0,0,67301,0,0,0,N,0,0,0,3,67301,0,,1,1,,N,N,,0,,0,0,0,2,2,,16,0,2,0,0,0,0,0,3,4,0,2,3,,N,,,,,,,,,,,
2007007718,120.0,1,0,0,0,0,0,0,0,0,1,0,,67,11,2006,5,39.9775,-75.1484,120.0,6,0,0,0,0,0,0,0,0,,0,0,0,1,3,3,1,,0.0,39 58:38.895,,0,75 08:54.409,8,0,0,0,67301,0,0,0,N,0,0,0,4,67505,0,,1,9,,N,N,,0,,0,0,1,9,2,,120,3,2,0,0,0,3,0,3,4,0,2,7,,N,,,,,,,,,,,
2007007721,9999.0,1,0,0,0,0,0,0,0,0,2,0,,67,11,2006,4,40.0801,-75.0371,,6,0,0,0,0,0,0,0,0,,0,0,0,99,3,4,0,,0.0,40 04:48.000,,0,75 02:13.209,4,0,0,0,67301,0,0,0,N,0,0,0,6,67301,1,,1,9,,N,N,,0,,0,0,0,0,0,,9999,4,2,0,0,0,3,1,3,4,1,2,7,,N,,,,,,,,,,,
2007033328,2241.0,4,0,0,0,0,0,0,0,0,1,0,,67,12,2006,7,40.0068,-75.1568,2240.0,6,0,0,0,0,0,1,0,0,,0,0,0,22,3,3,0,,0.0,40 00:24.490,,0,75 09:24.422,4,0,0,0,67301,1,0,0,,0,0,0,6,67301,3,,1,1,,,,,0,,0,0,0,0,0,,2240,3,4,0,0,1,0,0,3,4,0,4,3,,N,,,,,,,,,,,
2007033437,,0,0,0,1,0,0,0,0,0,6,0,,67,5,2006,7,,,,6,0,0,0,0,0,0,0,0,,0,0,0,11,1,1,1,,0.0,,,0,,8,0,0,0,67301,1,0,0,N,0,0,0,2,,0,,1,1,,N,N,,0,,0,0,0,0,0,,1100,1,2,0,0,0,1,1,3,3,0,1,3,,N,,,,,,,,,,,
2007032687,,2,0,0,0,0,0,0,0,0,1,0,,67,1,2006,3,,,,6,0,0,0,0,1,1,0,0,,0,0,0,21,1,0,0,,0.0,,,0,,9,0,0,0,67301,0,0,0,N,0,0,0,2,00000,0,,1,1,,N,N,,0,,0,0,0,0,0,,2115,0,2,0,0,0,0,2,3,3,0,2,3,,N,,,,,,,,,,,
2007106865,1708.0,2,0,0,0,0,0,0,0,0,1,0,,67,7,2006,5,39.9674,-75.1809,1655.0,6,0,0,0,0,0,0,0,0,,0,0,0,16,1,0,2,,0.0,39 58:02.000,,0,75 10:52.021,0,0,0,0,67301,0,0,0,N,0,0,0,2,67301,0,,1,1,,N,N,,0,,0,0,0,3,2,,1630,0,2,0,0,0,0,0,3,4,0,2,3,,N,,,,,,,,,,,
2007006963,235.0,1,0,0,0,0,0,0,0,0,7,0,,67,11,2006,7,39.9508,-75.1638,232.0,6,0,0,0,0,0,1,0,0,,0,0,0,2,3,2,1,,0.0,39 57:03.000,,0,75 09:49.675,8,0,0,0,67301,0,0,0,,0,0,0,3,67301,0,,3,1,,N,N,,0,,0,0,0,0,0,,200,2,1,0,0,0,2,0,3,4,0,1,3,,N,,,,,,,,,,,
2007007055,1158.0,1,0,0,0,0,0,0,0,0,7,0,,67,11,2006,7,39.9539,-75.1946,1153.0,6,0,0,0,1,0,0,0,0,,0,0,0,11,1,2,1,,0.0,39 57:13.989,,0,75 11:40.675,4,0,0,0,67301,0,0,0,N,0,0,0,2,67504,2,,5,1,,N,N,,0,,0,0,0,0,0,,1153,2,1,0,0,1,0,0,3,4,0,1,3,,N,,,,,,,,,,,
2007009203,9999.0,2,0,0,0,0,0,0,0,0,1,0,,67,12,2006,2,39.987,-75.1744,1750.0,6,0,0,0,0,0,2,0,0,,0,0,0,12,1,2,0,,0.0,39 59:13.250,,0,75 10:28.016,4,0,0,0,67301,0,0,0,N,0,0,0,4,67301,1,,1,1,,N,N,,0,,0,0,0,3,2,,1208,2,2,0,0,1,1,2,3,4,0,2,3,,N,,,,,,,,,,,
2007022344,350.0,2,0,0,0,0,0,0,0,0,2,0,,67,12,2006,1,39.9169,-75.216,347.0,6,0,0,0,0,0,0,0,0,,0,0,0,3,3,4,1,,0.0,39 55:05.000,,0,75 12:31.948,3,0,0,0,67301,0,0,0,N,0,0,0,4,67301,0,,1,1,,N,N,,0,,1,0,0,3,2,,345,4,2,0,0,1,3,0,3,4,0,2,3,,N,,,,,,,,,,,
2007022527,108.0,0,0,0,0,0,0,0,0,0,1,0,,67,11,2006,5,39.9683,-75.1739,105.0,6,0,0,0,0,0,0,0,0,,0,0,0,1,3,1,2,,0.0,39 58:06.013,,0,75 10:26.216,2,0,1,1,67301,0,0,0,N,0,0,0,1,67301,0,,1,1,,N,N,,0,,0,1,1,0,0,,103,1,2,0,0,0,0,0,3,4,0,2,3,,N,,,,,,,,,,,
2007022814,1525.0,2,0,0,0,0,0,0,0,0,4,0,,67,12,2006,6,39.9721,-75.212,1523.0,6,0,0,0,0,0,1,0,0,,0,0,0,15,1,0,0,,0.0,39 58:19.000,,0,75 12:42.914,0,0,0,0,67301,0,0,0,N,0,0,0,2,67301,0,,1,1,,N,N,,0,,0,0,1,3,2,,1509,0,3,0,0,0,0,0,3,4,0,3,3,,N,,,,,,,,,,,
2007020266,1024.0,1,0,0,0,0,0,0,0,0,8,0,,67,10,2006,5,40.113,-75.023,1020.0,6,0,0,1,0,0,0,0,0,3.0,1,0,0,10,1,0,1,,2.0,40 06:46.000,1.0,0,75 01:22.837,1,0,0,0,67301,1,1,0,N,1,1,0,3,67301,0,9.0,1,1,,N,N,,0,9.0,0,0,0,3,2,Y,1020,0,2,0,0,0,0,0,3,4,0,1,3,,N,,,,,,,,,,,
2007023002,1713.0,1,0,0,0,0,0,0,0,0,8,0,,67,12,2006,5,40.1343,-75.0091,1710.0,6,0,0,0,0,0,0,0,0,1.0,0,0,0,17,4,1,1,,1.0,40 08:03.000,2.0,0,75 00:33.108,4,0,0,0,67301,1,0,0,N,1,0,0,2,67301,1,,1,1,,N,N,,0,,0,0,0,9,4,N,1705,1,2,0,0,0,0,0,3,4,0,1,3,,N,,,,,,,,,,,
2007056252,815.0,2,0,0,0,0,0,0,0,0,1,0,,67,12,2006,4,39.9507,-75.1504,809.0,6,0,0,0,0,0,1,0,0,,0,0,0,8,1,2,1,,0.0,39 57:02.000,,0,75 09:01.348,4,0,0,0,67301,0,0,0,N,0,0,0,2,67301,2,,1,1,,N,N,,0,,0,0,0,3,2,,805,2,2,0,0,0,0,0,3,4,0,2,3,,N,,,,,,,,,,,
2007022150,40.0,2,0,0,0,0,0,0,0,0,1,0,,67,12,2006,1,39.9807,-75.1372,36.0,6,0,0,0,0,0,1,0,0,,0,0,0,0,3,0,0,,0.0,39 58:50.365,,0,75 08:14.031,0,0,0,0,67301,0,0,0,,0,0,0,1,67301,0,,6,1,,,,,0,,0,0,0,0,0,,36,0,2,0,0,0,0,0,3,4,0,2,3,,N,,,,,,,,,,,
2007007084,1542.0,1,0,0,0,0,0,0,0,0,8,0,,67,12,2006,7,40.0116,-75.1388,1533.0,6,0,1,0,0,0,0,0,0,,0,0,0,15,1,1,0,,0.0,40 00:41.878,,0,75 08:19.773,8,0,0,0,67301,1,0,0,N,1,0,0,2,67301,0,,1,1,,N,N,,0,,0,0,0,0,0,,1521,1,2,0,0,0,1,0,3,4,0,1,3,,N,,,,,,,,,,,
2007007111,2315.0,1,0,0,0,0,0,0,0,0,7,0,,67,12,2006,6,40.0137,-75.1795,2312.0,6,0,0,0,0,0,0,0,0,9.0,0,0,0,23,3,1,6,,1.0,40 00:49.320,2.0,2,75 10:46.560,8,0,0,0,67301,0,0,0,Y,0,0,0,1,67301,0,,2,1,,N,N,,0,,0,0,0,0,0,N,2308,1,1,0,0,1,1,0,3,4,0,1,3,,N,,,,,,,,,,,
2007007140,1003.0,1,0,0,0,0,0,0,0,0,4,0,,67,12,2006,1,39.9526,-75.1485,1001.0,6,0,0,0,0,0,0,0,0,1.0,0,0,0,9,1,0,1,,1.0,39 57:09.000,4.0,0,75 08:54.471,0,0,0,0,67301,0,0,0,,0,0,0,3,67301,0,,1,1,,,,,0,,0,0,1,3,2,N,958,0,2,0,0,0,0,0,3,4,0,2,3,,N,,,,,,,,,,,
2007007145,19.0,1,0,0,0,0,0,0,0,0,5,1,,67,11,2006,4,40.0255,-75.1227,5.0,6,0,0,0,0,0,1,0,0,3.0,0,1,0,22,3,1,1,,1.0,40 01:31.000,7.0,1,75 07:20.700,4,0,0,0,67301,0,0,0,N,0,0,0,2,67301,1,,1,1,,N,N,,0,,0,0,0,9,2,Y,2200,1,2,0,0,0,0,0,3,4,0,2,3,,N,,,,,,,,,,,
2007007573,1528.0,3,0,0,0,0,0,0,0,0,2,0,,67,12,2006,6,39.931,-75.243,1524.0,6,0,0,0,0,0,0,0,0,,0,0,0,15,1,1,3,,0.0,39 55:51.000,,0,75 14:34.772,8,0,0,0,67301,0,0,0,,0,0,0,6,67301,0,,1,9,,N,N,,0,,0,0,0,9,3,,1524,1,4,0,0,0,1,0,3,4,0,3,7,,N,,,,,,,,,,,
2007010297,1158.0,2,0,0,0,0,0,0,0,0,4,0,,67,12,2006,6,39.9588,-75.1909,1156.0,6,0,0,0,0,0,0,0,0,3.0,0,0,0,11,1,1,1,,1.0,39 57:31.532,2.0,0,75 11:27.131,8,0,0,0,67301,0,0,0,N,0,0,0,4,67301,0,,1,1,,N,N,,0,,0,0,0,3,3,N,1148,1,2,0,0,0,1,0,3,4,0,2,3,,N,,,,,,,,,,,
2007007669,950.0,1,0,0,0,0,0,0,0,0,7,0,,67,12,2006,4,39.9967,-75.1968,947.0,6,0,0,0,0,0,0,0,0,,0,0,0,9,1,1,10,,0.0,39 59:48.232,,0,75 11:48.386,4,0,0,0,67301,0,0,0,N,0,0,0,1,67301,1,,2,1,,N,N,,0,,0,0,0,0,0,,945,1,1,0,0,0,0,0,3,4,0,1,3,,N,,,,,,,,,,,
2007007684,1807.0,2,0,0,0,0,0,0,0,0,4,0,,67,12,2006,7,40.1025,-75.0287,1806.0,6,0,0,0,0,0,1,0,0,1.0,0,0,0,18,3,4,1,,1.0,40 06:08.000,1.0,0,75 01:43.185,4,0,0,0,67301,0,0,0,N,0,0,0,5,67301,1,,1,1,,N,N,,0,,0,0,0,3,2,N,1805,4,2,0,0,0,3,0,3,4,0,2,3,,N,,,,,,,,,,,
2007007701,1319.0,0,0,0,0,0,0,0,0,0,2,0,,67,11,2006,3,40.0341,-75.2083,1313.0,6,0,0,0,0,0,1,0,0,,0,0,0,13,1,1,2,,0.0,40 02:02.000,,0,75 12:29.775,3,0,0,1,67301,0,0,0,N,0,0,0,2,67301,0,,1,9,,N,N,,0,,1,0,0,3,2,,1300,1,2,0,0,0,0,0,3,4,1,2,98,,N,,,,,,,,,,,
2007023239,1150.0,2,0,0,0,0,0,0,0,0,4,0,,67,12,2006,4,40.0742,-75.0347,1145.0,6,0,0,0,0,0,0,0,0,,0,0,0,11,1,1,1,,0.0,40 04:27.000,,0,75 02:05.033,4,0,0,0,67301,0,0,0,,0,0,0,5,67301,1,,1,1,,N,N,,0,,0,0,0,3,2,,1140,1,2,0,0,0,0,0,3,4,0,2,3,,N,,,,,,,,,,,
2007033405,,0,0,0,0,0,0,1,0,0,0,1,,67,5,2006,6,39.951,-75.152,,6,0,0,0,0,0,0,0,0,,0,0,0,15,1,1,1,,0.0,39 57:03.000,,0,75 09:07.134,2,0,0,0,67301,0,0,0,N,0,0,0,2,,0,,1,1,,N,N,,0,,0,1,0,3,2,,1515,1,2,0,0,0,0,1,3,4,0,1,3,,N,,,,,,,,,,,
2007033512,,0,0,0,1,0,0,0,0,0,2,0,,67,5,2006,7,39.9378,-75.2228,,6,0,0,0,0,0,0,0,0,,0,0,0,15,1,1,0,,0.0,39 56:16.000,,0,75 13:22.069,8,0,0,0,67301,1,0,0,N,0,0,0,2,,0,,1,1,,N,N,,0,,0,0,0,0,0,,1500,1,2,0,0,0,1,1,3,4,0,1,3,,N,,,,,,,,,,,
2007045252,4.0,1,0,0,0,0,0,0,0,0,1,0,,67,12,2006,5,39.9924,-75.155,1.0,6,0,0,0,0,0,0,0,0,,0,0,0,23,3,1,2,,0.0,39 59:32.000,,0,75 09:17.768,8,0,0,0,67301,0,0,0,N,0,0,0,2,67301,0,,1,1,,N,N,,0,,0,0,1,0,0,,2343,1,2,0,0,0,1,0,3,4,0,2,3,,N,,,,,,,,,,,
2007009087,1150.0,2,0,0,0,0,0,0,0,0,1,0,99.0,67,12,2006,4,,,1145.0,6,0,0,0,0,0,1,0,1,,0,0,0,11,1,1,0,,0.0,,,0,,3,0,0,0,67301,0,0,0,N,0,0,0,4,67301,0,,1,1,,N,N,,1,,1,0,0,3,2,,1145,1,3,0,0,0,0,2,3,3,0,3,3,,Y,8.0,8.0,U,,,U,,,,,
2007009186,2027.0,2,0,0,0,0,0,0,0,0,1,0,,67,12,2006,3,39.9874,-75.2324,2016.0,6,0,0,1,0,0,0,0,0,,0,0,0,20,3,1,1,,0.0,39 59:14.726,,0,75 13:56.711,4,0,0,0,67301,0,0,0,N,0,0,0,3,67301,1,,1,1,,N,N,,0,,0,0,0,3,2,,2004,1,2,0,0,0,0,0,3,4,0,2,3,,N,,,,,,,,,,,
2007009197,1600.0,2,0,0,0,0,0,0,0,0,4,0,,67,11,2006,1,40.0357,-75.081,1555.0,6,0,0,0,0,0,1,1,0,,0,0,0,15,1,1,1,,0.0,40 02:08.000,,0,75 04:51.539,4,0,0,0,67301,0,0,0,N,0,0,0,3,67301,1,,1,9,,N,N,,0,,0,0,0,3,2,,1535,1,2,0,0,0,0,0,3,4,0,2,7,,N,,,,,,,,,,,
2007006770,1739.0,0,0,0,0,0,0,1,0,0,8,1,,67,11,2006,4,40.0098,-75.1669,1735.0,6,0,0,0,0,0,0,0,0,,1,0,0,17,3,0,1,,0.0,40 00:35.000,,0,75 10:01.369,1,0,0,0,67301,1,1,0,,1,1,0,2,67301,0,2.0,1,9,,,,,0,0.0,0,0,0,3,2,,1732,0,2,0,0,0,0,0,3,4,0,1,7,,N,,,,,,,,,,,
2007006772,1759.0,1,0,0,0,0,0,0,0,0,8,0,,67,11,2006,3,39.9383,-75.1555,1758.0,6,0,0,0,0,0,0,0,1,,0,0,0,17,1,1,0,,0.0,39 56:18.000,,0,75 09:19.700,3,0,0,0,67301,1,0,0,,1,0,0,2,67301,0,,1,1,,,,,0,,1,0,0,0,0,,1758,1,2,0,0,1,0,0,3,4,0,1,3,,N,,,,,,,,,,,
2007006789,2231.0,2,0,0,0,0,0,0,0,0,1,0,,67,12,2006,2,39.9394,-75.226,2227.0,6,0,0,0,0,0,2,0,0,,0,0,0,22,3,1,2,,0.0,39 56:21.829,,0,75 13:33.481,8,0,0,0,67301,0,0,0,N,0,0,0,4,67301,0,,1,1,,N,N,,0,,0,0,0,9,2,,2202,1,2,0,0,0,1,2,3,4,0,2,3,,N,,,,,,,,,,,
2007032649,,2,0,0,0,0,0,0,0,0,1,0,,67,7,2006,4,,,,6,0,0,0,0,0,1,0,0,,0,0,0,11,1,3,0,,0.0,,,0,,8,0,0,0,67301,0,0,0,N,0,0,0,4,,0,,1,1,,N,N,,0,,0,0,0,0,0,,1135,3,2,0,0,0,3,1,3,3,0,2,3,,N,,,,,,,,,,,
2007032659,,0,0,0,0,0,0,0,0,0,0,0,,67,7,2006,1,,,,6,0,0,0,1,0,0,0,0,,0,0,0,12,1,0,0,,0.0,,,0,,9,0,0,1,67301,0,0,0,N,0,0,0,1,,0,,1,1,,N,N,,0,,0,0,0,0,0,,1200,0,1,0,0,0,0,1,3,3,0,1,3,,N,,,,,,,,,,,
2007022243,2100.0,2,0,0,0,0,0,0,0,0,1,0,,67,12,2006,4,40.0436,-75.1033,2053.0,6,0,0,0,0,0,0,0,0,,0,0,0,20,3,1,0,,0.0,40 02:36.828,,0,75 06:11.946,4,0,0,0,67301,0,0,0,N,0,0,0,2,14406,1,,1,1,,N,N,,0,,0,0,0,0,0,,2053,1,2,0,0,0,0,1,3,4,0,2,3,,N,,,,,,,,,,,
2007022525,30.0,0,0,0,0,0,0,0,0,0,7,0,,67,12,2006,3,40.0419,-75.0573,25.0,6,0,0,0,0,0,0,0,0,1.0,0,0,0,0,3,1,0,,2.0,40 02:30.988,2.0,0,75 03:26.354,8,0,0,0,67301,0,0,0,N,0,0,0,1,67301,0,,3,9,,N,N,,0,,0,0,0,0,0,Y,22,1,1,0,0,0,1,0,3,4,1,1,7,,N,,,,,,,,,,,
2007022744,1035.0,2,0,0,0,0,0,0,0,0,4,0,,67,12,2006,2,40.0352,-75.1455,1035.0,6,0,0,0,0,0,0,0,0,1.0,0,0,0,10,1,0,2,,1.0,40 02:06.000,2.0,0,75 08:43.671,9,0,0,0,67301,0,0,0,N,0,0,0,2,67301,0,,1,1,,N,N,,0,,0,0,0,3,2,N,1030,0,2,0,0,0,0,2,3,4,0,2,3,,N,,,,,,,,,,,
2007022995,324.0,1,0,0,0,0,0,0,0,0,7,0,,67,12,2006,6,40.0956,-75.014,320.0,6,0,0,0,0,0,0,0,0,,0,0,0,3,3,1,0,,0.0,40 05:44.000,,0,75 00:50.220,3,0,0,0,67301,0,0,0,N,0,0,0,1,67301,0,,5,1,,N,N,,0,,1,0,0,0,0,,317,1,1,0,0,0,0,0,3,4,0,1,3,,N,,,,,,,,,,,
2009029540,0.0,1,0,0,0,0,0,0,0,0,8,0,,67,11,2006,4,40.0274,-75.2256,0.0,6,0,0,0,0,0,0,0,0,,0,0,0,11,1,1,0,,0.0,40 01:38.611,,0,75 13:32.052,3,0,0,0,67301,1,0,0,N,1,0,0,2,00000,0,,1,1,,N,N,,0,,1,0,0,0,0,,1100,1,2,0,0,0,0,0,3,4,0,1,3,,N,,,,,,,,,,,