CRN,ARRIVAL_TM,AUTOMOBILE_COUNT,BELTED_DEATH_COUNT,BELTED_SUSP_SERIOUS_INJ_COUNT,BICYCLE_COUNT,BICYCLE_DEATH_COUNT,BICYCLE_SUSP_SERIOUS_INJ_COUNT,BUS_COUNT,CHLDPAS_DEATH_COUNT,CHLDPAS_SUSP_SERIOUS_INJ_COUNT,COLLISION_TYPE,COMM_VEH_COUNT,CONS_ZONE_SPD_LIM,COUNTY,CRASH_MONTH,CRASH_YEAR,DAY_OF_WEEK,DEC_LAT,DEC_LONG,DISPATCH_TM,DISTRICT,DRIVER_COUNT_16YR,DRIVER_COUNT_17YR,DRIVER_COUNT_18YR,DRIVER_COUNT_19YR,DRIVER_COUNT_20YR,DRIVER_COUNT_50_64YR,DRIVER_COUNT_65_74YR,DRIVER_COUNT_75PLUS,EST_HRS_CLOSED,FATAL_COUNT,HEAVY_TRUCK_COUNT,HORSE_BUGGY_COUNT,HOUR_OF_DAY,ILLUMINATION,INJURY_COUNT,INTERSECT_TYPE,INTERSECTION_RELATED,LANE_CLOSED,LATITUDE,LN_CLOSE_DIR,LOCATION_TYPE,LONGITUDE,MAX_SEVERITY_LEVEL,MCYCLE_DEATH_COUNT,MCYCLE_SUSP_SERIOUS_INJ_COUNT,MOTORCYCLE_COUNT,MUNICIPALITY,NONMOTR_COUNT,NONMOTR_DEATH_COUNT,NONMOTR_SUSP_SERIOUS_INJ_COUNT,NTFY_HIWY_MAINT,PED_COUNT,PED_DEATH_COUNT,PED_SUSP_SERIOUS_INJ_COUNT,PERSON_COUNT,POLICE_AGCY,POSSIBLE_INJ_COUNT,RDWY_SURF_TYPE_CD,RELATION_TO_ROAD,ROAD_CONDITION,ROADWAY_CLEARED,SCH_BUS_IND,SCH_ZONE_IND,SECONDARY_CRASH,SMALL_TRUCK_COUNT,SPEC_JURIS_CD,SUSP_MINOR_INJ_COUNT,SUSP_SERIOUS_INJ_COUNT,SUV_COUNT,TCD_FUNC_CD,TCD_TYPE,TFC_DETOUR_IND,TIME_OF_DAY,TOT_INJ_COUNT,TOTAL_UNITS,UNB_DEATH_COUNT,UNB_SUSP_SERIOUS_INJ_COUNT,UNBELTED_OCC_COUNT,UNK_INJ_DEG_COUNT,UNK_INJ_PER_COUNT,URBAN_AREA,URBAN_RURAL,VAN_COUNT,VEHICLE_COUNT,WEATHER1,WEATHER2,WORK_ZONE_IND,WORK_ZONE_LOC,WORK_ZONE_TYPE,WORKERS_PRES,WZ_CLOSE_DETOUR,WZ_FLAGGER,WZ_LAW_OFFCR_IND,WZ_LN_CLOSURE,WZ_MOVING,WZ_OTHER,WZ_SHLDER_MDN,WZ_WORKERS_INJ_KILLED
2007006947,1415.0,0,0,0,0,0,0,0,0,0,4,0,,67,11,2006,5,40.0001,-75.1125,1406.0,6,0,0,0,0,0,0,0,0,,0,0,0,14,1,1,1,,0.0,40 00:00.349,,0,75 06:44.963,8,0,0,0,67301,0,0,0,N,0,0,0,3,67301,0,,1,9,,N,N,,0,,0,0,1,9,3,,1400,1,2,0,0,0,1,1,3,4,0,2,7,,N,,,,,,,,,,,
2007030082,326.0,2,0,0,0,0,0,0,0,0,4,0,,67,12,2006,1,39.9366,-75.2244,324.0,6,0,0,0,0,0,0,0,0,,0,0,0,3,3,2,1,,0.0,39 56:11.000,,0,75 13:27.958,8,0,0,0,67301,0,0,0,,0,0,0,2,67301,0,,1,1,,N,N,,0,,0,0,0,3,2,,321,2,2,0,0,0,2,0,3,4,0,2,3,,N,,,,,,,,,,,
2007022495,9999.0,2,0,0,0,0,0,0,0,0,1,0,,67,12,2006,2,40.0138,-75.056,2132.0,6,0,0,0,0,0,0,0,0,,0,0,0,21,3,2,1,,0.0,40 00:50.000,,0,75 03:20.262,4,0,0,0,67301,0,0,0,N,0,0,0,2,67301,1,,1,8,,N,N,,0,,0,0,0,3,2,,2120,2,2,0,0,0,1,0,3,4,0,2,7,,N,,,,,,,,,,,
2007022734,1528.0,1,0,0,0,0,0,0,0,0,4,0,,67,12,2006,6,40.035,-75.1884,1525.0,6,0,0,0,0,0,0,0,0,1.0,0,0,0,15,1,1,2,,1.0,40 02:05.924,5.0,0,75 11:18.304,8,0,0,0,67301,0,0,0,N,0,0,0,2,67301,0,,1,9,,N,N,,0,,0,0,1,0,0,N,1525,1,2,0,0,0,1,0,3,4,0,2,7,,N,,,,,,,,,,,
2007022763,1610.0,0,0,0,0,0,0,0,0,0,1,0,,67,12,2006,1,39.9411,-75.195,1604.0,6,0,0,0,0,0,1,1,0,2.0,0,0,0,16,1,2,6,,2.0,39 56:30.480,4.0,2,75 11:39.480,3,0,0,0,67301,0,0,0,N,0,0,0,2,67301,0,,1,1,,N,N,,2,,2,0,0,3,4,N,1603,2,2,0,0,0,0,0,3,4,0,2,3,,N,,,,,,,,,,,
2008097556,339.0,3,0,0,0,0,0,0,0,0,4,0,,67,6,2006,4,39.994,-75.1859,336.0,6,0,0,0,0,0,0,0,0,,0,0,0,3,3,0,0,,0.0,39 59:38.347,,0,75 11:09.150,9,0,0,0,67301,0,0,0,N,0,0,0,1,67301,0,,6,1,,N,N,,0,,0,0,1,0,0,,334,0,5,0,0,0,0,1,3,4,1,5,3,,N,,,,,,,,,,,
2007022804,2250.0,0,0,0,0,0,0,1,0,0,4,1,,67,12,2006,1,40.0228,-75.159,2245.0,6,0,0,0,0,0,0,0,0,,0,0,0,22,2,1,1,,0.0,40 01:22.000,,0,75 09:32.461,8,0,0,0,67301,0,0,0,,0,0,0,2,67301,0,,1,1,,,,,0,,0,0,0,3,2,,2240,1,2,0,0,1,1,0,3,4,1,2,3,,N,,,,,,,,,,,
2007008812,105.0,3,0,0,0,0,0,0,0,0,2,0,,67,12,2006,7,40.0306,-75.1709,100.0,6,0,0,0,0,0,0,0,0,,0,0,0,0,3,0,0,,0.0,40 01:50.242,,0,75 10:15.078,0,0,0,0,67301,0,0,0,N,0,0,0,1,67301,0,,1,1,,N,N,,0,,0,0,0,0,0,,50,0,3,0,0,1,0,0,3,4,0,3,3,,N,,,,,,,,,,,
2007010417,25.0,3,0,0,0,0,0,0,0,0,4,0,,67,12,2006,6,39.9543,-75.224,25.0,6,0,0,0,0,0,1,0,0,,0,0,0,0,3,0,1,,0.0,39 57:15.642,,0,75 13:26.511,9,0,0,0,67301,0,0,0,N,0,0,0,2,67301,0,,1,1,,N,N,,0,,0,0,0,2,2,,24,0,3,0,0,0,0,2,3,4,0,3,3,,N,,,,,,,,,,,
2007002767,1024.0,0,0,0,0,0,0,0,0,0,7,0,,67,10,2006,3,39.9081,-75.156,1024.0,6,0,0,0,0,0,0,0,0,1.0,0,0,0,10,1,0,2,,2.0,39 54:29.188,1.0,0,75 09:21.587,0,0,0,0,67301,0,0,0,N,0,0,0,2,67501,0,,7,1,,N,N,,0,,0,0,0,3,8,Y,1024,0,1,0,0,0,0,0,3,4,1,1,3,,N,,,,,,,,,,,
2007022177,2020.0,1,0,0,0,0,0,0,0,0,4,0,,67,12,2006,6,40.0548,-75.0047,2020.0,6,0,0,1,0,0,0,0,0,,0,0,0,20,3,1,0,,0.0,40 03:17.000,,0,75 00:16.828,4,0,0,0,67301,0,0,0,N,0,0,0,2,67301,1,,1,1,,N,N,,0,,0,0,1,0,0,,2015,1,2,0,0,0,0,0,3,4,0,2,3,,N,,,,,,,,,,,
2007007492,1643.0,1,0,0,0,0,0,0,0,0,8,0,,67,12,2006,7,39.9344,-75.19,1638.0,6,0,0,0,0,0,0,0,1,,0,0,0,16,4,1,0,,0.0,39 56:03.840,,0,75 11:24.018,4,0,0,0,67301,1,0,0,N,1,0,0,3,67301,1,,1,1,,N,N,,0,,0,0,0,0,0,,1635,1,2,0,0,0,0,0,3,4,0,1,3,,N,,,,,,,,,,,
2007007561,1645.0,1,0,0,0,0,0,0,0,0,7,0,,67,11,2006,2,39.9824,-75.2076,1636.0,6,0,0,0,0,0,1,0,0,,0,0,0,16,1,0,0,,0.0,39 59:00.600,,0,75 12:29.160,0,0,0,0,67301,0,0,0,N,0,0,0,1,67301,0,,4,1,,N,N,,0,,0,0,0,0,0,,1636,0,1,0,0,0,0,0,3,4,0,1,3,,N,,,,,,,,,,,
2007033456,,1,0,0,0,0,0,0,0,0,5,0,,67,6,2006,1,39.991,-75.1686,,6,0,0,0,0,0,0,0,0,,0,0,0,99,6,0,0,,0.0,39 59:27.729,,0,75 10:07.053,9,0,0,0,67301,0,0,0,,0,0,0,1,,0,,1,1,,,,,0,,0,0,0,0,0,,9999,0,2,0,0,0,0,1,3,4,0,2,3,,N,,,,,,,,,,,
2007033471,,1,0,0,0,0,0,0,0,0,4,0,,67,2,2006,4,40.063,-75.055,,6,0,0,0,0,0,0,0,0,,0,0,0,19,3,2,1,,0.0,40 03:46.000,,0,75 03:17.944,3,0,0,0,67301,0,0,0,N,0,0,0,3,,0,,1,1,,N,N,,0,,1,0,0,9,3,,1900,2,2,0,0,0,1,0,3,4,0,2,3,,N,,,,,,,,,,,
2007032703,,1,0,0,0,0,0,0,0,0,1,0,,67,4,2006,6,40.0537,-75.1414,,6,0,0,0,0,0,1,0,0,,0,0,0,19,1,1,1,,0.0,40 03:13.000,,0,75 08:29.176,8,0,0,0,67301,0,0,0,N,0,0,0,3,,0,,1,1,,N,N,,0,,0,0,0,3,2,,1900,1,2,0,0,0,1,0,3,4,0,2,3,,N,,,,,,,,,,,
2007008563,1038.0,2,0,0,0,0,0,0,0,0,5,0,,67,11,2006,7,40.0227,-75.18,1035.0,6,0,0,0,0,0,1,0,0,,0,0,0,10,1,1,0,,0.0,40 01:21.632,,0,75 10:47.952,8,0,0,0,67301,0,0,0,,0,0,0,1,67301,0,,6,1,,N,N,,0,,0,0,0,0,0,,1033,1,2,0,0,0,1,0,3,4,0,2,3,,N,,,,,,,,,,,
2007008966,1825.0,1,0,0,0,0,0,0,0,0,1,0,,67,11,2006,4,40.0403,-75.0154,1822.0,6,0,0,0,0,0,0,2,0,,0,0,0,18,3,1,1,,0.0,40 02:25.000,,0,75 00:55.539,8,0,0,0,67301,0,0,0,N,0,0,0,2,67301,0,,1,1,,N,N,,1,,0,0,0,3,2,,1810,1,2,0,0,0,1,0,3,4,0,2,3,,N,,,,,,,,,,,
2007022259,1255.0,2,0,0,0,0,0,0,0,0,1,0,,67,12,2006,7,39.9917,-75.2289,1248.0,6,0,0,0,0,0,0,0,0,,0,0,0,12,1,1,0,,0.0,39 59:30.000,,0,75 13:44.200,8,0,0,0,67301,0,0,0,N,0,0,0,2,67301,0,,1,1,,N,N,,0,,0,0,0,9,2,,1240,1,2,0,0,0,1,0,3,4,0,2,3,,N,,,,,,,,,,,
2007022284,2040.0,1,0,0,0,0,0,1,0,0,4,1,,67,12,2006,7,39.9934,-75.2339,2033.0,6,0,0,0,0,0,1,0,0,,0,0,0,20,3,1,0,,0.0,39 59:36.400,,0,75 14:02.000,4,0,0,0,67301,0,0,0,N,0,0,0,3,67301,1,,1,1,,N,N,,0,,0,0,0,0,0,,2032,1,2,0,0,1,0,0,3,4,0,2,3,,N,,,,,,,,,,,
2007022298,1930.0,2,0,0,0,0,0,0,0,0,4,0,,67,12,2006,5,39.9721,-75.1642,1900.0,6,0,0,0,0,0,0,0,0,,0,0,0,19,3,0,1,,0.0,39 58:19.000,,0,75 09:51.217,9,0,0,0,67301,0,0,0,N,0,0,0,2,67301,0,,1,1,,N,N,,0,,0,0,0,3,2,,1900,0,2,0,0,0,0,1,3,4,0,2,3,,N,,,,,,,,,,,
2007022345,1136.0,1,0,0,0,0,0,0,0,0,4,0,,67,12,2006,3,39.9241,-75.2455,1130.0,6,0,0,0,0,0,0,0,0,,0,0,0,11,1,0,5,,0.0,39 55:26.000,,0,75 14:43.862,0,0,0,0,67301,0,0,0,N,0,0,0,2,67301,0,,1,1,,N,N,,1,,0,0,0,3,2,,1126,0,2,0,0,0,0,0,3,4,0,2,3,,N,,,,,,,,,,,
2007022347,1708.0,1,0,0,0,0,0,0,0,0,7,0,,67,12,2006,7,40.0301,-75.2066,1700.0,6,0,0,0,0,0,1,0,0,,0,0,0,16,3,1,0,,0.0,40 01:48.462,,0,75 12:23.846,3,0,0,0,67301,0,0,0,N,0,0,0,1,67301,0,,5,1,,N,N,,0,,1,0,0,3,2,,1640,1,1,0,0,1,0,0,3,4,0,1,3,,N,,,,,,,,,,,
2007022820,1517.0,1,0,0,0,0,0,0,0,0,8,0,,67,12,2006,7,40.059,-75.1385,1507.0,6,0,0,1,0,0,0,0,0,,0,0,0,14,1,1,0,,0.0,40 03:32.000,,0,75 08:18.376,3,0,0,0,67301,1,0,0,N,1,0,0,3,67301,0,,1,1,,N,N,,0,,1,0,0,0,0,,1437,1,2,0,0,0,0,0,3,4,0,1,3,,N,,,,,,,,,,,
2007022728,2330.0,2,0,0,0,0,0,0,0,0,1,0,,67,12,2006,5,39.9568,-75.1536,2315.0,6,0,0,0,1,0,1,0,0,,0,0,0,23,3,1,6,,0.0,39 57:24.480,,2,75 09:12.960,8,0,0,0,67301,0,0,0,N,0,0,0,6,67301,0,,1,1,,N,N,,0,,0,0,0,3,4,,2307,1,2,0,0,0,1,0,3,4,0,2,3,,N,,,,,,,,,,,
2008008076,9999.0,1,0,0,0,0,0,0,0,0,8,0,,67,11,2006,5,40.096,-74.9768,9999.0,6,0,0,0,0,0,0,1,0,,0,0,0,99,1,1,1,,0.0,40 05:45.000,,0,74 58:36.411,4,0,0,0,67301,1,0,0,N,1,0,0,2,67301,1,,1,1,,N,N,,0,,0,0,0,3,2,,9999,1,2,0,0,0,0,0,3,4,0,1,3,,N,,,,,,,,,,,
2007022457,413.0,2,0,0,0,0,0,0,0,0,4,0,,67,12,2006,5,39.9909,-75.1221,410.0,6,0,1,0,0,0,0,0,0,,0,0,0,4,3,0,1,,0.0,39 59:27.189,,0,75 07:19.509,0,0,0,0,67301,0,0,0,N,0,0,0,2,67301,0,,1,1,,N,N,,0,,0,0,0,9,3,,409,0,2,0,0,0,0,0,3,4,0,2,3,,N,,,,,,,,,,,
2007022824,2132.0,2,0,0,0,0,0,0,0,0,5,0,,67,12,2006,3,40.1288,-75.0137,2125.0,6,0,1,0,0,0,1,0,0,,0,0,0,21,3,0,1,,0.0,40 07:43.000,,0,75 00:49.407,0,0,0,0,67301,0,0,0,N,0,0,0,2,67301,0,,1,1,,N,N,,0,,0,0,0,3,2,,2100,0,2,0,0,0,0,0,3,4,0,2,3,,N,,,,,,,,,,,
2007008528,845.0,2,0,0,0,0,0,0,0,0,4,0,,67,11,2006,1,39.9482,-75.1425,836.0,6,0,0,0,0,0,1,0,0,,0,0,0,8,1,1,1,,0.0,39 56:53.000,,0,75 08:32.806,8,0,0,0,67301,0,0,0,,0,0,0,3,67301,0,,1,1,,,,,0,,0,0,0,3,2,,830,1,2,0,0,0,1,0,3,4,0,2,3,,N,,,,,,,,,,,
2007008821,1105.0,2,0,0,0,0,0,0,0,0,4,0,,67,12,2006,3,40.0446,-75.0547,1104.0,6,0,0,0,0,0,0,0,0,,0,0,0,11,1,1,1,,0.0,40 02:40.000,,0,75 03:16.876,4,0,0,0,67301,0,0,0,N,0,0,0,2,67301,1,,1,1,,N,N,,0,,0,0,0,3,2,,1103,1,2,0,0,0,0,0,3,4,0,2,3,,N,,,,,,,,,,,
2007034397,,0,0,0,0,0,0,0,0,0,7,0,,67,2,2006,7,,,,6,0,0,0,0,0,0,0,0,,0,0,0,14,1,0,0,,0.0,,,0,,0,0,0,1,67301,0,0,0,N,0,0,0,1,,0,,2,1,,N,N,,0,,0,0,0,0,0,,1400,0,1,0,0,0,0,0,3,3,0,1,3,,N,,,,,,,,,,,
2007021536,355.0,1,0,0,0,0,0,0,0,0,7,0,,67,12,2006,6,39.9604,-75.1818,351.0,6,0,0,1,0,0,0,0,0,1.0,0,0,0,3,3,0,3,,2.0,39 57:38.000,3.0,2,75 10:55.329,0,0,0,0,67301,0,0,0,N,0,0,0,1,67301,0,,2,1,,N,N,,0,,0,0,0,0,0,N,348,0,1,0,0,0,0,0,3,4,0,1,3,,N,,,,,,,,,,,
2007007973,2328.0,1,0,0,0,0,0,0,0,0,7,0,,67,11,2006,2,39.9764,-75.1197,2326.0,6,1,0,0,0,0,0,0,0,,0,0,0,99,3,1,0,,0.0,39 58:39.000,,0,75 07:08.859,4,0,0,0,67301,0,0,0,N,0,0,0,1,67301,1,,5,9,,,,,0,,0,0,0,0,0,,9999,1,1,0,0,0,0,0,3,4,0,1,7,,N,,,,,,,,,,,
2007007962,1136.0,1,0,0,0,0,0,0,0,0,4,0,,67,10,2006,1,39.9771,-75.1453,1127.0,6,0,0,0,0,0,1,0,0,,0,0,0,11,1,2,1,,0.0,39 58:37.480,,0,75 08:43.033,8,0,0,0,67301,0,0,0,N,0,0,0,3,67301,0,,1,1,,N,N,,1,,0,0,0,3,3,,1120,2,2,0,0,0,2,0,3,4,0,2,3,,N,,,,,,,,,,,
2007022112,130.0,1,0,0,0,0,0,0,0,0,2,0,,67,12,2006,7,39.9763,-75.1197,127.0,6,0,0,1,0,0,0,0,0,,0,0,0,1,3,0,1,,0.0,39 58:38.000,,0,75 07:09.276,0,0,0,0,67301,0,0,0,N,0,0,0,2,67301,0,,1,9,,N,N,,1,,0,0,0,3,2,,127,0,2,0,0,0,0,0,3,4,0,2,7,,N,,,,,,,,,,,
2007009759,242.0,0,0,0,0,0,0,0,0,0,7,0,,67,12,2006,2,40.0261,-75.0946,238.0,6,0,0,0,0,0,0,0,0,,0,0,0,2,3,1,3,,0.0,40 01:33.960,,0,75 05:41.280,3,0,0,0,67301,0,0,0,N,0,0,0,1,67301,0,,5,1,,N,N,,0,,1,0,1,3,3,,236,1,1,0,0,0,0,0,3,4,0,1,3,,N,,,,,,,,,,,
2007007677,2040.0,3,0,0,0,0,0,0,0,0,4,0,,67,11,2006,4,39.9718,-75.2449,2040.0,6,0,0,0,1,0,1,0,0,,0,0,0,20,3,1,0,,0.0,39 58:13.000,,0,75 14:42.811,4,0,0,0,67301,0,0,0,Y,0,0,0,2,67301,1,,1,1,,N,N,,0,,0,0,0,0,0,,2030,1,3,0,0,0,0,0,3,4,0,3,3,,N,,,,,,,,,,,
2007020866,1510.0,1,0,0,0,0,0,0,0,0,8,0,,67,12,2006,6,39.9548,-75.1834,1502.0,6,0,0,0,0,0,1,0,0,,0,0,0,15,1,1,2,,0.0,39 57:17.000,,0,75 11:02.160,4,0,0,0,67301,1,0,0,N,1,0,0,2,67301,1,,1,1,,N,N,,0,,0,0,0,0,0,,1502,1,2,0,0,0,0,0,3,4,0,1,3,,N,,,,,,,,,,,
2007020870,830.0,1,0,0,1,0,0,0,0,0,4,0,,67,12,2006,5,39.9453,-75.2295,824.0,6,0,0,0,0,0,0,0,0,,0,0,0,8,1,1,1,,0.0,39 56:43.000,,0,75 13:46.358,4,0,0,0,67301,1,0,0,N,0,0,0,2,67301,1,,1,1,,N,N,,0,,0,0,0,3,2,,819,1,2,0,0,0,0,1,3,4,0,1,3,,N,,,,,,,,,,,
2007033443,,2,0,0,0,0,0,0,0,0,4,0,,67,1,2006,7,,,,6,0,0,0,0,1,0,1,0,,0,0,0,5,1,0,1,,0.0,,,0,,0,0,0,0,67301,0,0,0,N,0,0,0,2,00000,0,,1,1,,N,N,,0,,0,0,0,0,0,,525,0,2,0,0,0,0,0,3,3,0,2,3,,N,,,,,,,,,,,
2007007056,614.0,2,0,0,0,0,0,0,0,0,1,0,,67,11,2006,2,39.9525,-75.1893,614.0,6,0,0,0,0,0,0,0,0,,0,0,0,6,5,0,0,,0.0,39 57:08.000,,0,75 11:21.598,0,0,0,0,67301,0,0,0,N,0,0,0,1,67504,0,,6,1,,N,N,,0,,0,0,0,0,0,,614,0,3,0,0,0,0,0,3,4,0,3,3,,N,,,,,,,,,,,
2007009171,233.0,1,0,0,0,0,0,0,0,0,7,0,,67,12,2006,6,39.9638,-75.1843,229.0,6,0,0,0,0,0,0,0,0,1.0,0,0,0,99,3,0,3,,2.0,39 57:41.000,3.0,0,75 10:57.282,0,0,0,0,67301,0,0,0,N,0,0,0,1,67301,0,,2,9,,N,N,,0,,0,0,0,0,0,N,9999,0,1,0,0,1,0,0,3,4,0,1,7,,N,,,,,,,,,,,
2007022296,1557.0,1,0,0,0,0,0,0,0,0,7,0,,67,12,2006,2,39.9421,-75.2387,1541.0,6,0,0,0,0,0,1,0,0,,0,0,0,99,1,1,10,,0.0,39 56:31.000,,0,75 14:19.326,4,0,0,0,67301,0,0,0,N,0,0,0,1,67301,1,,5,9,,N,N,,0,,0,0,0,0,0,,9999,1,1,0,0,0,0,0,3,4,0,1,7,,N,,,,,,,,,,,
2007027597,819.0,2,0,0,0,0,0,0,0,0,1,0,,67,1,2006,2,40.0378,-75.2107,817.0,6,0,0,0,0,0,0,0,0,,0,0,0,8,1,1,0,,0.0,40 02:16.057,,0,75 12:38.581,4,0,0,0,67301,0,0,0,N,0,0,0,3,67301,1,,1,2,,N,N,,1,,0,0,0,3,2,,810,1,3,0,0,0,0,0,3,4,0,3,98,,N,,,,,,,,,,,
2007056236,1258.0,0,0,0,0,0,0,0,0,0,8,0,,67,11,2006,6,39.9565,-75.246,1229.0,6,0,0,0,0,0,0,0,0,,0,0,0,12,1,1,1,,0.0,39 57:23.407,,0,75 14:45.513,8,0,0,0,67301,1,0,0,N,1,0,0,5,67301,0,,1,1,,N,N,,0,,0,0,1,3,3,,1229,1,2,0,0,0,1,0,3,4,0,1,3,,N,,,,,,,,,,,
2007033327,854.0,4,0,0,0,0,0,0,0,0,2,0,,67,12,2006,1,39.9546,-75.173,853.0,6,0,0,0,0,0,0,0,0,,0,0,0,8,1,2,1,,0.0,39 57:16.000,,0,75 10:22.785,8,0,0,0,67301,0,0,0,,0,0,0,3,67301,0,,1,1,,,,,0,,0,0,0,3,2,,853,2,4,0,0,0,2,0,3,4,0,4,3,,N,,,,,,,,,,,
2007008559,735.0,2,0,0,0,0,0,0,0,0,4,0,,67,11,2006,5,40.0203,-75.1628,728.0,6,0,0,0,0,0,0,0,0,,0,0,0,6,1,2,2,,0.0,40 01:12.000,,0,75 09:46.204,4,0,0,0,67301,0,0,0,,0,0,0,2,67301,2,,1,1,,,,,0,,0,0,0,0,0,,655,2,2,0,0,0,0,0,3,4,0,2,3,,N,,,,,,,,,,,
2007023030,1534.0,1,0,0,0,0,0,0,0,0,4,0,,67,12,2006,3,39.934,-75.1862,1532.0,6,0,0,0,1,0,0,0,0,,0,0,0,15,1,2,1,,0.0,39 56:02.515,,0,75 11:10.165,4,0,0,0,67301,0,0,0,N,0,0,0,4,67301,1,,1,1,,N,N,,0,,0,0,0,3,2,,1525,2,2,0,0,1,1,0,3,4,1,2,3,,N,,,,,,,,,,,
2007058764,1040.0,1,0,0,0,0,0,0,0,0,7,0,,67,12,2006,4,39.9198,-75.2022,1035.0,6,0,0,0,0,1,0,0,0,1.0,0,0,0,10,1,0,0,,1.0,39 55:11.361,4.0,3,75 12:07.627,0,0,0,0,67301,0,0,0,,0,0,0,1,67301,0,,2,9,,,,,0,,0,0,0,0,0,N,1030,0,1,0,0,0,0,0,3,4,0,1,7,,N,,,,,,,,,,,
2007002191,1713.0,3,0,0,0,0,0,0,0,0,1,0,,67,10,2006,7,40.0571,-75.129,1709.0,6,0,0,0,0,0,1,0,0,,0,0,0,17,1,2,1,,0.0,40 03:25.000,,0,75 07:44.035,8,0,0,0,67301,0,0,0,N,0,0,0,2,46102,0,,1,1,,N,N,,0,,0,0,0,3,2,,1709,2,3,0,0,0,2,0,3,4,0,3,3,,N,,,,,,,,,,,
2007022328,335.0,1,0,0,0,0,0,0,0,0,4,0,,67,12,2006,3,40.002,-75.1061,330.0,6,0,0,0,0,0,0,0,0,,0,0,0,3,3,0,0,,0.0,40 00:07.246,,0,75 06:21.852,0,0,0,0,67301,0,0,0,N,0,0,0,1,67301,0,,6,9,,N,N,,0,,0,0,2,0,0,,320,0,3,0,0,0,0,0,3,4,0,3,3,,N,,,,,,,,,,,
2007019912,159.0,2,0,0,0,0,0,0,0,0,1,0,,67,10,2006,7,39.9019,-75.1515,155.0,6,0,0,0,0,1,1,0,0,3.0,1,0,0,1,3,2,0,,2.0,39 54:08.000,1.0,0,75 09:03.721,1,0,0,0,67301,0,0,0,,0,0,0,4,67301,2,1.0,1,1,,,,,0,0.0,0,0,0,0,0,Y,155,2,2,0,0,0,0,0,3,4,0,2,3,,N,,,,,,,,,,,
2007022826,1250.0,2,0,0,0,0,0,0,0,0,5,0,,67,12,2006,2,39.9044,-75.2386,1242.0,6,0,1,0,0,0,0,0,0,,0,0,0,12,1,1,2,,0.0,39 54:16.002,,0,75 14:18.945,8,0,0,0,67301,0,0,0,,0,0,0,5,67301,0,,1,9,,,,,0,,0,0,0,3,2,,1242,1,2,0,0,0,1,1,3,4,0,2,7,,N,,,,,,,,,,,
2007022749,725.0,2,0,0,0,0,0,0,0,0,4,0,,67,11,2006,7,39.9745,-75.1587,720.0,6,0,0,0,0,0,0,0,0,,0,0,0,7,1,1,1,,0.0,39 58:28.000,,0,75 09:31.391,4,0,0,0,67301,0,0,0,N,0,0,0,3,67301,1,,1,1,,N,N,,0,,0,0,0,3,2,,711,1,2,0,0,0,0,1,3,4,0,2,3,,N,,,,,,,,,,,
2006092429,950.0,1,0,0,0,0,0,0,0,0,8,0,,67,8,2006,3,40.0634,-75.1526,940.0,6,0,0,0,0,0,0,0,0,,0,0,0,9,1,1,0,,0.0,40 03:48.250,,0,75 09:09.327,4,0,0,0,67301,1,0,0,N,1,0,0,2,67301,1,,1,1,,N,N,,0,,0,0,0,0,0,,937,1,2,0,0,0,0,0,3,4,0,1,3,,N,,,,,,,,,,,
2006079634,630.0,0,0,0,0,0,0,0,0,0,1,0,,67,6,2006,2,39.9057,-75.1939,627.0,6,0,0,0,0,0,1,0,0,,0,0,0,6,1,1,1,,0.0,39 54:20.520,,0,75 11:37.680,8,0,0,0,67301,0,0,0,N,0,0,0,2,67301,0,,1,9,,N,N,,1,,0,0,1,3,2,,626,1,2,0,0,0,1,0,3,4,0,2,7,,N,,,,,,,,,,,
2006079814,1435.0,2,0,0,0,0,0,0,0,0,4,0,,67,5,2006,2,,,1426.0,6,1,0,0,0,0,0,0,0,,0,0,0,14,1,1,0,,0.0,,,0,,4,0,0,0,67301,0,0,0,N,0,0,0,1,67301,1,,1,1,,N,N,,1,,0,0,0,0,0,,1425,1,3,0,0,1,0,0,3,3,0,3,3,,N,,,,,,,,,,,
2006079832,935.0,0,0,0,0,0,0,0,0,0,7,1,,67,6,2006,2,39.9059,-75.1934,930.0,6,0,0,0,0,0,0,0,0,3.0,0,1,0,9,1,1,0,,1.0,39 54:21.000,3.0,0,75 11:36.132,4,0,0,0,67301,0,0,0,,0,0,0,1,67301,1,,4,1,,N,N,,0,,0,0,0,0,0,N,925,1,1,0,0,0,0,0,3,4,0,1,3,,N,,,,,,,,,,,
2006079854,1733.0,1,0,0,0,0,0,0,0,0,4,1,,67,5,2006,6,,,1725.0,6,0,0,0,0,0,0,0,0,,0,1,0,17,1,1,2,,0.0,,,0,,4,0,0,0,67301,0,0,0,N,0,0,0,2,67301,1,,1,1,,N,N,,0,,0,0,0,0,0,,1720,1,2,0,0,2,0,0,3,3,0,2,3,,N,,,,,,,,,,,
2006079884,1435.0,2,0,0,0,0,0,0,0,0,4,0,99.0,67,7,2006,5,40.0524,-75.0079,1419.0,6,0,0,0,0,0,0,0,1,,0,0,0,14,1,0,0,,0.0,40 03:08.000,,0,75 00:28.433,0,0,0,0,67301,0,0,0,N,0,0,0,3,67301,0,,1,1,,N,N,,0,,0,0,0,2,7,,1419,0,2,0,0,0,0,0,3,4,0,2,3,,Y,8.0,8.0,U,,,U,,,,,