CRN,ARRIVAL_TM,AUTOMOBILE_COUNT,BELTED_DEATH_COUNT,BELTED_SUSP_SERIOUS_INJ_COUNT,BICYCLE_COUNT,BICYCLE_DEATH_COUNT,BICYCLE_SUSP_SERIOUS_INJ_COUNT,BUS_COUNT,CHLDPAS_DEATH_COUNT,CHLDPAS_SUSP_SERIOUS_INJ_COUNT,COLLISION_TYPE,COMM_VEH_COUNT,CONS_ZONE_SPD_LIM,COUNTY,CRASH_MONTH,CRASH_YEAR,DAY_OF_WEEK,DEC_LAT,DEC_LONG,DISPATCH_TM,DISTRICT,DRIVER_COUNT_16YR,DRIVER_COUNT_17YR,DRIVER_COUNT_18YR,DRIVER_COUNT_19YR,DRIVER_COUNT_20YR,DRIVER_COUNT_50_64YR,DRIVER_COUNT_65_74YR,DRIVER_COUNT_75PLUS,EST_HRS_CLOSED,FATAL_COUNT,HEAVY_TRUCK_COUNT,HORSE_BUGGY_COUNT,HOUR_OF_DAY,ILLUMINATION,INJURY_COUNT,INTERSECT_TYPE,INTERSECTION_RELATED,LANE_CLOSED,LATITUDE,LN_CLOSE_DIR,LOCATION_TYPE,LONGITUDE,MAX_SEVERITY_LEVEL,MCYCLE_DEATH_COUNT,MCYCLE_SUSP_SERIOUS_INJ_COUNT,MOTORCYCLE_COUNT,MUNICIPALITY,NONMOTR_COUNT,NONMOTR_DEATH_COUNT,NONMOTR_SUSP_SERIOUS_INJ_COUNT,NTFY_HIWY_MAINT,PED_COUNT,PED_DEATH_COUNT,PED_SUSP_SERIOUS_INJ_COUNT,PERSON_COUNT,POLICE_AGCY,POSSIBLE_INJ_COUNT,RDWY_SURF_TYPE_CD,RELATION_TO_ROAD,ROAD_CONDITION,ROADWAY_CLEARED,SCH_BUS_IND,SCH_ZONE_IND,SECONDARY_CRASH,SMALL_TRUCK_COUNT,SPEC_JURIS_CD,SUSP_MINOR_INJ_COUNT,SUSP_SERIOUS_INJ_COUNT,SUV_COUNT,TCD_FUNC_CD,TCD_TYPE,TFC_DETOUR_IND,TIME_OF_DAY,TOT_INJ_COUNT,TOTAL_UNITS,UNB_DEATH_COUNT,UNB_SUSP_SERIOUS_INJ_COUNT,UNBELTED_OCC_COUNT,UNK_INJ_DEG_COUNT,UNK_INJ_PER_COUNT,URBAN_AREA,URBAN_RURAL,VAN_COUNT,VEHICLE_COUNT,WEATHER1,WEATHER2,WORK_ZONE_IND,WORK_ZONE_LOC,WORK_ZONE_TYPE,WORKERS_PRES,WZ_CLOSE_DETOUR,WZ_FLAGGER,WZ_LAW_OFFCR_IND,WZ_LN_CLOSURE,WZ_MOVING,WZ_OTHER,WZ_SHLDER_MDN,WZ_WORKERS_INJ_KILLED
2006026394,1530.0,1,0,0,0,0,0,1,0,0,6,1,,67,1,2006,4,40.0766,-75.2074,1523.0,6,0,0,0,0,0,0,1,0,,0,0,0,15,1,0,2,,0.0,40 04:35.000,,0,75 12:26.326,0,0,0,0,67301,0,0,0,N,0,0,0,14,67301,0,,1,9,,Y,N,,0,,0,0,0,3,2,,1523,0,2,0,0,0,0,0,3,4,0,2,7,,N,,,,,,,,,,,
2007006850,9999.0,4,0,0,0,0,0,0,0,0,4,0,,67,11,2006,3,40.0207,-75.0461,9999.0,6,0,0,0,1,0,0,0,0,2.0,0,0,0,99,3,1,1,,2.0,40 01:14.448,1.0,0,75 02:45.985,4,0,0,0,67301,0,0,0,N,0,0,0,2,67301,1,,1,1,,N,N,,0,,0,0,1,9,3,Y,9999,1,6,0,0,0,0,1,3,4,1,6,3,,N,,,,,,,,,,,
2007000165,1012.0,1,0,0,0,0,0,0,0,0,1,0,,67,12,2006,2,40.002,-75.2249,1010.0,6,0,0,0,0,0,0,0,0,,0,0,0,10,1,2,0,,0.0,40 00:07.000,,0,75 13:29.746,4,0,0,0,67301,0,0,0,N,0,0,0,3,46104,2,,1,1,,N,N,,0,,0,0,1,0,0,,1010,2,2,0,0,0,0,0,3,4,0,2,3,,N,,,,,,,,,,,
2007023069,142.0,1,0,0,0,0,0,0,0,0,5,0,,67,12,2006,5,40.0447,-75.1208,142.0,6,0,0,0,0,0,0,0,0,,0,0,0,1,3,0,0,,0.0,40 02:40.000,,0,75 07:14.972,0,0,0,0,67301,0,0,0,N,0,0,0,1,67301,0,,2,1,,N,N,,1,,0,0,1,0,0,,140,0,4,0,0,0,0,0,3,4,1,4,3,,N,,,,,,,,,,,
2007055081,2037.0,2,0,0,0,0,0,0,0,0,5,0,,67,12,2006,7,40.0668,-75.0821,2032.0,6,0,0,1,0,0,0,0,0,,0,0,0,20,3,1,2,,0.0,40 04:00.000,,0,75 04:55.755,4,0,0,0,67301,0,0,0,N,0,0,0,2,67301,1,,1,1,,N,N,,0,,0,0,0,0,0,,2030,1,2,0,0,0,0,0,3,4,0,2,3,,N,,,,,,,,,,,
2007038161,,1,0,0,0,0,0,0,0,0,7,0,,67,5,2006,5,40.0741,-75.1584,,6,0,0,0,0,0,0,0,0,,0,0,0,23,6,1,1,,0.0,40 04:26.865,,0,75 09:30.131,8,0,0,0,67301,0,0,0,,0,0,0,1,,0,,2,98,,,,,0,,0,0,0,0,9,,2300,1,1,0,0,1,1,0,3,4,0,1,99,,N,,,,,,,,,,,
2007008516,1035.0,0,0,0,0,0,0,0,0,0,8,0,,67,12,2006,7,39.9325,-75.2246,1030.0,6,0,0,0,0,0,0,0,0,,0,0,0,10,1,1,1,,0.0,39 55:56.906,,0,75 13:28.606,3,0,0,0,67301,1,0,0,N,1,0,0,2,67301,0,,1,1,,N,N,,1,,1,0,0,3,2,,1020,1,2,0,0,0,0,0,3,4,0,1,3,,N,,,,,,,,,,,
2007008865,9999.0,5,0,0,0,0,0,0,0,0,4,0,,67,11,2006,6,40.0257,-75.1725,9999.0,6,0,0,0,0,1,0,0,0,,0,0,0,99,1,1,1,,0.0,40 01:32.689,,0,75 10:21.050,8,0,0,0,67301,0,0,0,,0,0,0,2,67301,0,,1,1,,,,,0,,0,0,0,9,3,,9999,1,5,0,0,0,1,1,3,4,0,5,3,,N,,,,,,,,,,,
2007022147,1158.0,1,0,0,0,0,0,0,0,0,4,0,,67,12,2006,4,,,1155.0,6,0,0,0,0,0,0,2,0,1.0,0,0,0,99,1,3,0,,1.0,,3.0,0,,4,0,0,0,67301,0,0,0,,0,0,0,5,67301,1,,1,9,,N,N,,0,,0,0,1,0,0,N,9999,3,3,0,0,0,2,0,3,3,1,3,7,,N,,,,,,,,,,,
2007007146,2010.0,1,0,0,0,0,0,0,0,0,8,0,,67,11,2006,1,40.0127,-75.1418,2005.0,6,0,0,0,0,0,0,0,0,,0,0,0,20,3,1,1,,0.0,40 00:45.716,,0,75 08:30.443,8,0,0,0,67301,1,0,0,N,1,0,0,2,67301,0,,1,1,,N,N,,0,,0,0,0,3,2,,2000,1,2,0,0,0,1,0,3,4,0,1,99,,N,,,,,,,,,,,
2007009788,756.0,4,0,0,0,0,0,0,0,0,1,0,,67,12,2006,5,40.0443,-75.113,755.0,6,0,0,0,0,0,3,0,0,2.0,0,0,0,7,1,5,0,,2.0,40 02:39.650,5.0,0,75 06:46.792,8,0,0,0,67301,0,0,0,N,0,0,0,5,67301,0,,1,1,,N,N,,1,,0,0,0,0,0,N,748,5,5,0,0,0,5,0,3,4,0,5,3,,N,,,,,,,,,,,
2007007261,505.0,2,0,0,0,0,0,0,0,0,2,0,,67,11,2006,5,40.0877,-75.2114,500.0,6,0,0,0,0,0,0,0,0,,0,0,0,4,3,0,0,,0.0,40 05:15.622,,0,75 12:41.130,0,0,0,0,67301,0,0,0,N,0,0,0,2,67301,0,,1,9,,N,N,,0,,0,0,0,0,0,,450,0,2,0,0,0,0,0,3,4,0,2,7,,N,,,,,,,,,,,
2007007282,2357.0,1,0,0,0,0,0,0,0,0,2,0,,67,11,2006,1,39.9571,-75.2143,2353.0,6,0,0,0,0,0,1,0,0,,0,0,0,23,3,2,1,,0.0,39 57:25.000,,0,75 12:51.656,4,0,0,0,67301,0,0,0,,0,0,0,4,67301,2,,1,9,,N,N,,0,,0,0,1,9,2,,2332,2,3,0,0,0,0,1,3,4,1,3,7,,N,,,,,,,,,,,
2007007734,1303.0,2,0,0,0,0,0,0,0,0,4,0,,67,11,2006,1,40.0351,-75.0695,1303.0,6,0,0,0,0,0,1,0,0,,0,0,0,13,1,3,2,,0.0,40 02:07.000,,0,75 04:10.695,4,0,0,0,67301,0,0,0,N,0,0,0,5,67301,3,,1,9,,N,N,,0,,0,0,0,3,2,,1300,3,2,0,0,0,0,0,3,4,0,2,7,,N,,,,,,,,,,,
2007007687,1556.0,2,0,0,0,0,0,0,0,0,6,0,,67,11,2006,2,39.9271,-75.1556,1553.0,6,0,0,0,0,0,0,0,0,,0,0,0,15,1,0,1,,0.0,39 55:37.635,,0,75 09:20.300,0,0,0,0,67301,0,0,0,N,0,0,0,2,67301,0,,1,9,,N,N,,0,,0,0,0,3,3,,1544,0,2,0,0,0,0,0,3,4,0,2,3,,N,,,,,,,,,,,
2007007719,2304.0,2,0,0,0,0,0,0,0,0,4,0,,67,11,2006,5,40.0791,-75.0368,2301.0,6,0,0,0,0,0,0,1,0,,0,0,0,23,3,1,2,,0.0,40 04:44.000,,0,75 02:12.505,4,0,0,0,67301,0,0,0,N,0,0,0,3,67301,1,,1,9,,N,N,,0,,0,0,0,3,3,,2300,1,2,0,0,0,0,0,3,4,0,2,3,,N,,,,,,,,,,,
2007030079,9999.0,1,0,0,0,0,0,0,0,0,2,0,,67,12,2006,1,40.0176,-75.1166,1615.0,6,0,0,0,0,1,0,0,0,,0,0,0,16,1,1,0,,0.0,40 01:03.496,,0,75 06:59.680,4,0,0,1,67301,0,0,0,,0,0,0,3,67301,1,,1,1,,,,,0,,0,0,0,0,0,,1615,1,2,0,0,0,0,0,3,4,0,2,3,,N,,,,,,,,,,,
2007022500,1405.0,1,0,0,0,0,0,0,0,0,8,0,,67,12,2006,6,39.9763,-75.2642,1400.0,6,0,0,0,0,0,0,0,0,,0,0,0,13,1,1,0,,0.0,39 58:34.695,,0,75 15:51.217,4,0,0,0,67301,1,0,0,N,1,0,0,3,67301,1,,1,9,,N,N,,0,,0,0,0,0,0,,1355,1,2,0,0,0,0,0,3,4,0,1,7,,N,,,,,,,,,,,
2007022521,29.0,2,0,0,0,0,0,0,0,0,5,0,,67,12,2006,1,39.9856,-75.1509,17.0,6,0,0,1,0,0,0,0,0,,0,0,0,0,3,1,1,,0.0,39 59:08.181,,0,75 09:03.283,4,0,0,0,67301,0,0,0,N,0,0,0,4,67301,1,,1,1,,N,N,,0,,0,0,0,3,2,,5,1,2,0,0,0,0,0,3,4,0,2,3,,N,,,,,,,,,,,
2007022534,359.0,3,0,0,0,0,0,0,0,0,4,0,,67,12,2006,5,40.0397,-75.128,356.0,6,0,0,0,0,0,0,0,0,,0,0,0,3,3,0,0,,0.0,40 02:22.851,,0,75 07:40.648,0,0,0,0,67301,0,0,0,N,0,0,0,1,67301,0,,1,1,,N,N,,0,,0,0,0,0,0,,347,0,4,0,0,0,0,0,3,4,1,4,3,,N,,,,,,,,,,,
2007022802,1305.0,1,0,0,0,0,0,0,0,0,4,0,,67,10,2006,3,40.0143,-75.1781,1300.0,6,0,0,0,0,0,1,0,0,3.0,0,0,0,13,1,4,1,,2.0,40 00:51.570,5.0,0,75 10:41.163,8,0,0,0,67301,0,0,0,N,0,0,0,5,67301,0,,1,1,,N,N,,1,,0,0,1,3,2,Y,1300,4,3,0,0,0,4,0,3,4,0,3,3,,N,,,,,,,,,,,
2007056198,1836.0,3,0,0,0,0,0,0,0,0,1,0,,67,12,2006,7,39.9094,-75.1729,1833.0,6,0,0,0,0,0,2,0,0,2.0,0,0,0,18,3,2,0,,1.0,39 54:33.000,1.0,0,75 10:22.553,3,0,0,0,67301,0,0,0,N,0,0,0,12,67301,1,,1,1,,N,N,,0,,1,0,0,3,2,N,1833,2,3,0,0,0,0,0,3,4,0,3,3,,N,,,,,,,,,,,
2007056246,1238.0,2,0,0,0,0,0,0,0,0,4,0,,67,10,2006,3,39.9874,-75.2324,1236.0,6,0,0,0,0,0,0,0,0,,0,0,0,99,1,1,1,,0.0,39 59:14.704,,0,75 13:56.672,8,0,0,0,67301,0,0,0,N,0,0,0,2,67301,0,,1,1,,N,N,,0,,0,0,0,3,2,,9999,1,2,0,0,0,1,0,3,4,0,2,3,,N,,,,,,,,,,,
2006079951,1605.0,3,0,0,0,0,0,0,0,0,2,0,,67,6,2006,7,40.0115,-75.0698,1604.0,6,0,0,0,1,0,0,0,0,9.0,0,0,0,99,1,1,1,,1.0,40 00:41.506,2.0,0,75 04:11.278,4,0,0,0,67301,0,0,0,N,0,0,0,10,67301,1,,1,1,,N,N,,0,,0,0,0,0,0,N,9999,1,3,0,0,0,0,3,3,4,0,3,3,,N,,,,,,,,,,,
2006082519,1236.0,3,0,0,0,0,0,0,0,0,1,0,,67,6,2006,1,40.0029,-75.1525,1233.0,6,0,0,0,0,0,0,0,0,,0,0,0,12,1,2,0,,0.0,40 00:10.800,,0,75 09:09.360,4,0,0,0,67301,0,0,0,N,0,0,0,6,67301,2,,1,1,,N,N,,0,,0,0,0,3,2,,1230,2,3,0,0,0,0,0,3,4,0,3,3,,N,,,,,,,,,,,
2006079820,2100.0,1,0,0,0,0,0,0,0,0,7,0,99.0,67,7,2006,3,40.0787,-74.9985,2058.0,6,0,0,0,0,0,0,0,0,1.0,0,0,0,20,3,2,5,,1.0,40 04:43.000,2.0,0,74 59:54.233,4,0,0,0,67301,0,0,0,N,0,0,0,2,67301,2,,3,9,,N,N,,0,,0,0,0,3,2,Y,2052,2,1,0,0,0,0,0,3,4,0,1,7,,Y,4.0,2.0,N,,,N,Y,,,,
2006021098,730.0,1,0,0,0,0,0,0,0,0,8,0,,67,1,2006,4,39.9273,-75.1926,727.0,6,0,0,0,0,0,0,0,0,,0,0,0,7,1,1,1,,0.0,39 55:38.000,,0,75 11:33.973,4,0,0,0,67301,1,0,0,N,1,0,0,6,67301,1,,1,1,,N,N,,0,,0,0,0,9,3,,720,1,2,0,0,5,0,0,3,4,0,1,3,,N,,,,,,,,,,,
2007023104,1941.0,0,0,0,0,0,0,0,0,0,4,0,,67,12,2006,6,40.0231,-75.124,1935.0,6,0,0,0,0,0,0,0,0,,0,0,0,18,3,4,1,,0.0,40 01:23.210,,0,75 07:26.428,8,0,0,0,67301,0,0,0,N,0,0,0,12,67301,0,,1,9,,N,N,,0,,0,0,0,3,3,,1830,4,2,0,0,0,4,0,3,4,2,2,7,,N,,,,,,,,,,,
2007023033,239.0,2,0,0,0,0,0,0,0,0,1,0,,67,12,2006,4,40.0566,-75.0466,235.0,6,0,0,0,0,0,0,0,0,1.0,0,0,0,2,3,2,1,,2.0,40 03:23.000,1.0,0,75 02:47.581,4,0,0,0,67301,0,0,0,N,0,0,0,4,67301,2,,1,1,,N,N,,0,,0,0,0,3,2,Y,229,2,2,0,0,4,0,0,3,4,0,2,3,,N,,,,,,,,,,,
2007020796,25.0,1,0,0,0,0,0,0,0,0,7,0,,67,12,2006,2,40.0468,-75.0515,17.0,6,0,0,1,0,0,0,0,0,,0,0,0,0,3,1,0,,0.0,40 02:48.000,,0,75 03:05.438,8,0,0,0,67301,0,0,0,,0,0,0,1,67301,0,,2,1,,,,,0,,0,0,0,3,5,,15,1,1,0,0,0,1,0,3,4,0,1,3,,N,,,,,,,,,,,
2007008409,9999.0,2,0,0,0,0,0,0,0,0,4,0,,67,11,2006,5,40.0126,-75.1811,,6,0,0,0,0,0,0,0,0,,0,0,0,99,1,1,0,,0.0,40 00:52.000,,0,75 10:42.553,3,0,0,0,67301,0,0,0,N,0,0,0,2,67301,0,,1,9,,N,N,,0,,1,0,0,0,0,,9999,1,2,0,0,0,0,0,3,4,0,2,7,,N,,,,,,,,,,,
2007010944,1425.0,0,0,0,0,0,0,0,0,0,4,0,,67,12,2006,1,39.958,-75.2273,1417.0,6,0,0,0,0,0,1,0,0,,0,0,0,14,1,0,1,,0.0,39 57:28.627,,0,75 13:38.423,9,0,0,0,67301,0,0,0,N,0,0,0,2,67301,0,,1,1,,N,N,,0,,0,0,0,9,3,,1415,0,2,0,0,0,0,1,3,4,2,2,3,,N,,,,,,,,,,,
2007008539,1859.0,2,0,0,0,0,0,0,0,0,1,0,,67,12,2006,6,39.9983,-75.1273,1859.0,6,0,0,0,0,0,0,0,0,,0,0,0,18,3,3,1,,0.0,39 59:53.945,,0,75 07:38.200,4,0,0,0,67301,0,0,0,N,0,0,0,5,67301,3,,1,9,,N,N,,1,,0,0,0,9,2,,1844,3,3,0,0,0,0,0,3,4,0,3,7,,N,,,,,,,,,,,
2007008547,2145.0,2,0,0,0,0,0,0,0,0,4,0,,67,11,2006,6,39.9579,-75.1641,2145.0,6,0,0,0,0,0,0,0,0,,0,0,0,21,3,1,5,,0.0,39 57:27.000,,0,75 09:50.847,4,0,0,0,67301,0,0,0,N,0,0,0,2,67301,1,,1,1,,N,N,,0,,0,0,0,3,2,,2144,1,2,0,0,0,0,0,3,4,0,2,3,,N,,,,,,,,,,,
2007026827,1842.0,1,0,0,0,0,0,0,0,0,7,0,,67,12,2006,1,,,1840.0,6,0,0,0,0,0,0,0,0,1.0,0,0,0,18,3,1,0,,2.0,,4.0,0,,3,0,0,0,67301,0,0,0,N,0,0,0,1,67501,0,,2,1,,N,N,,0,,1,0,0,2,8,N,1835,1,1,0,0,0,0,0,3,3,0,1,3,,N,,,,,,,,,,,
2007021524,1715.0,1,0,0,0,0,0,0,0,0,4,0,,67,12,2006,6,40.0063,-75.188,1706.0,6,0,0,0,0,0,0,0,0,,0,0,0,17,3,2,0,,0.0,40 00:22.000,,0,75 11:16.731,4,0,0,0,67301,0,0,0,N,0,0,0,3,67301,1,,1,1,,N,N,,1,,0,0,0,0,0,,1700,2,2,0,0,0,1,0,3,4,0,2,3,,N,,,,,,,,,,,
2007021560,1100.0,1,0,0,0,0,0,0,0,0,1,0,,67,12,2006,1,40.0074,-75.1252,1100.0,6,0,0,0,0,0,2,0,0,,0,0,0,11,1,1,2,,0.0,40 00:26.000,,0,75 07:30.615,8,0,0,1,67301,0,0,0,,0,0,0,2,67301,0,,1,1,,,,,0,,0,0,0,3,2,,1100,1,2,0,0,0,1,1,3,4,0,2,3,,N,,,,,,,,,,,
2007010422,1302.0,2,0,0,0,0,0,0,0,0,4,0,,67,12,2006,5,39.9973,-75.0894,1258.0,6,0,0,0,0,0,1,0,0,,0,0,0,12,1,2,1,,0.0,39 59:49.000,,0,75 05:22.511,3,0,0,0,67301,0,0,0,N,0,0,0,2,67301,0,,1,1,,N,N,,0,,2,0,0,3,2,,1240,2,2,0,0,0,0,0,3,4,0,2,3,,N,,,,,,,,,,,
2007022106,825.0,1,0,0,0,0,0,0,0,0,6,0,,67,10,2006,3,39.931,-75.243,819.0,6,0,0,0,0,0,1,0,0,,0,0,0,8,1,1,2,,0.0,39 55:46.000,,0,75 14:36.180,4,0,0,0,67301,0,0,0,N,0,0,0,2,67301,1,,1,1,,N,N,,0,,0,0,1,3,3,,800,1,2,0,0,0,0,0,3,4,0,2,3,,N,,,,,,,,,,,
2007007101,820.0,1,0,0,0,0,0,0,0,0,2,0,,67,11,2006,4,40.0507,-75.1486,818.0,6,0,0,0,0,0,0,0,0,,0,0,0,8,1,0,1,,0.0,40 03:02.000,,0,75 08:55.623,0,0,0,0,67301,0,0,0,N,0,0,0,2,67301,0,,1,1,,N,Y,,0,,0,0,0,3,2,,815,0,2,0,0,0,0,0,3,4,1,2,3,,N,,,,,,,,,,,
2007009842,1413.0,3,0,0,0,0,0,0,0,0,4,0,,67,12,2006,2,39.9671,-75.1621,1409.0,6,0,0,0,0,0,0,0,0,,0,0,0,14,1,0,1,,0.0,39 58:01.549,,0,75 09:43.675,0,0,0,0,67301,0,0,0,N,0,0,0,2,67301,0,,1,1,,N,N,,0,,0,0,1,3,2,,1408,0,4,0,0,0,0,0,3,4,0,4,3,,N,,,,,,,,,,,
2007009851,1826.0,1,0,0,0,0,0,0,0,0,5,1,,67,11,2006,4,40.0092,-75.2048,1823.0,6,0,0,0,0,0,0,0,0,1.0,0,1,0,18,3,1,6,,2.0,40 00:24.000,4.0,2,75 11:52.857,4,0,0,0,67301,0,0,0,N,0,0,0,2,67301,1,,1,1,,N,N,,0,,0,0,0,3,8,N,1823,1,2,0,0,0,0,0,3,4,0,2,3,,N,,,,,,,,,,,
2007007557,245.0,1,0,0,0,0,0,0,0,0,7,0,,67,12,2006,1,39.9876,-75.1412,240.0,6,0,0,0,0,0,0,0,0,,0,0,0,2,3,1,1,,0.0,39 59:15.183,,0,75 08:28.377,8,0,0,0,67301,0,0,0,,0,0,0,2,67301,0,,5,1,,N,N,,0,,0,0,0,3,2,,235,1,1,0,0,0,1,0,3,4,0,1,3,,N,,,,,,,,,,,
2007055570,1127.0,0,0,0,0,0,0,0,0,0,7,0,,67,12,2006,1,40.0707,-75.2412,1122.0,6,0,0,0,0,0,0,0,0,,0,0,0,99,1,1,1,,0.0,40 04:15.000,,0,75 14:28.628,8,0,0,0,67301,0,0,0,N,0,0,0,1,67301,0,,2,1,,N,N,,0,,0,0,1,0,0,,9999,1,1,0,0,0,1,0,3,4,0,1,3,,N,,,,,,,,,,,
2007009177,1320.0,2,0,0,0,0,0,0,0,0,4,0,,67,12,2006,7,39.9778,-75.2134,1310.0,6,0,0,0,0,0,0,0,0,,0,0,0,13,1,2,1,,0.0,39 58:39.000,,0,75 12:47.892,3,0,0,0,67301,0,0,0,N,0,0,0,3,67301,0,,1,1,,N,N,,0,,2,0,0,3,2,,1310,2,2,0,0,0,0,0,3,4,0,2,3,,N,,,,,,,,,,,
2007008969,829.0,3,0,0,0,0,0,0,0,0,1,0,,67,12,2006,4,40.0276,-75.1099,824.0,6,0,0,0,0,0,1,0,0,,0,0,0,8,1,0,0,,0.0,40 01:39.353,,0,75 06:35.786,9,0,0,0,67301,0,0,0,,0,0,0,3,67301,0,,1,1,,,,,0,,0,0,0,3,2,,820,0,3,0,0,0,0,1,3,4,0,3,3,,N,,,,,,,,,,,
2007022238,1954.0,1,0,0,0,0,0,0,0,0,8,0,,67,12,2006,5,39.9673,-75.2457,1952.0,6,0,0,0,0,1,0,0,0,,0,0,0,19,3,1,1,,0.0,39 58:02.424,,0,75 14:44.666,3,0,0,0,67301,1,0,0,N,1,0,0,2,67301,0,,1,1,,N,N,,0,,1,0,0,3,2,,1951,1,2,0,0,0,0,0,3,4,0,1,3,,N,,,,,,,,,,,
2007022390,102.0,2,0,0,0,0,0,0,0,0,4,0,,67,12,2006,7,39.9565,-75.1644,100.0,6,0,0,0,0,0,0,0,0,,0,0,0,1,3,1,1,,0.0,39 57:23.000,,0,75 09:52.019,8,0,0,0,67301,0,0,0,,0,0,0,3,67301,0,,1,1,,,,,0,,0,0,0,2,2,,100,1,2,0,0,0,1,0,3,4,0,2,3,,N,,,,,,,,,,,
2007022506,830.0,3,0,0,0,0,0,0,0,0,1,0,,67,12,2006,4,40.0516,-75.1747,827.0,6,0,0,0,0,0,0,0,0,,0,0,0,8,1,1,2,,0.0,40 03:05.000,,0,75 10:28.959,4,0,0,0,67301,0,0,0,N,0,0,0,3,67301,1,,1,1,,N,N,,0,,0,0,0,3,3,,815,1,3,0,0,0,0,1,3,4,0,3,3,,N,,,,,,,,,,,
2007022854,1608.0,2,0,0,0,0,0,0,0,0,4,0,,67,12,2006,7,40.0664,-74.9823,1601.0,6,0,0,0,0,0,1,0,0,,0,0,0,99,1,1,2,,0.0,40 03:59.000,,0,74 58:56.192,8,0,0,0,67301,0,0,0,,0,0,0,5,67301,0,,1,1,,N,N,,0,,0,0,0,9,3,,9999,1,2,0,0,0,1,1,3,4,0,2,3,,N,,,,,,,,,,,
2007022752,740.0,2,0,0,0,0,0,0,0,0,4,0,,67,12,2006,3,40.0543,-75.0859,731.0,6,0,0,0,0,0,0,0,0,,0,0,0,7,1,1,2,,0.0,40 03:15.655,,0,75 05:09.259,4,0,0,0,67301,0,0,0,N,0,0,0,2,67301,1,,1,1,,N,N,,0,,0,0,1,3,3,,710,1,3,0,0,0,0,0,3,4,0,3,3,,N,,,,,,,,,,,
2007022756,1350.0,2,0,0,0,0,0,0,0,0,4,0,,67,12,2006,6,40.1167,-75.0198,1339.0,6,0,0,0,0,0,1,0,1,2.0,0,0,0,13,1,3,1,,1.0,40 07:00.000,2.0,0,75 01:11.275,3,0,0,0,67301,0,0,0,N,0,0,0,3,67301,2,,1,9,,N,N,,0,,1,0,0,3,2,N,1339,3,2,0,0,3,0,0,3,4,0,2,3,,N,,,,,,,,,,,
2008042156,1130.0,1,0,0,0,0,0,0,0,0,4,0,,67,1,2006,6,39.8875,-75.2163,1118.0,6,0,0,0,0,0,0,0,0,,0,0,0,11,1,0,0,,0.0,39 53:13.000,,0,75 12:55.734,0,0,0,0,67301,0,0,0,N,0,0,0,3,67301,0,,1,1,,N,N,,1,,0,0,0,0,0,,1110,0,2,0,0,0,0,0,3,4,0,2,3,,N,,,,,,,,,,,
2007029695,1350.0,2,0,0,0,0,0,0,0,0,4,0,,67,9,2006,2,39.9863,-75.1318,1344.0,6,0,0,0,0,0,1,0,0,,0,0,0,13,1,3,5,,0.0,39 59:10.777,,0,75 07:54.659,8,0,0,0,67301,0,0,0,,0,0,0,3,67301,0,,1,1,,N,N,,0,,0,0,0,3,2,,1344,3,2,0,0,0,3,0,3,4,0,2,3,,N,,,,,,,,,,,
2007008493,2307.0,3,0,0,0,0,0,0,0,0,2,0,,67,12,2006,7,40.0416,-75.0777,2307.0,6,0,0,0,0,0,1,0,0,,0,0,0,23,3,0,0,,0.0,40 02:29.583,,0,75 04:39.878,9,0,0,0,67301,0,0,0,,0,0,0,1,67301,0,,1,1,,,,,0,,0,0,0,0,0,,2305,0,3,0,0,0,0,1,3,4,0,3,3,,N,,,,,,,,,,,
2007000614,1605.0,1,0,0,0,0,0,0,0,0,7,0,,67,11,2006,5,,,1105.0,6,0,0,0,0,0,0,0,0,1.0,0,0,0,11,1,0,0,,2.0,,4.0,0,,0,0,0,0,67301,0,0,0,,0,0,0,1,67501,0,,2,1,,,,,0,,0,0,0,3,8,N,1105,0,1,0,0,0,0,0,3,3,0,1,3,,N,,,,,,,,,,,
2007021950,2155.0,2,0,0,0,0,0,0,0,0,4,0,,67,12,2006,1,40.018,-75.0616,2152.0,6,0,1,0,0,0,0,0,0,,0,0,0,21,3,1,5,,0.0,40 01:04.674,,0,75 03:41.799,8,0,0,0,67301,0,0,0,N,0,0,0,3,67301,0,,1,9,,N,N,,0,,0,0,0,9,3,,2150,1,2,0,0,0,1,0,3,4,0,2,7,,N,,,,,,,,,,,
2007009777,132.0,2,0,0,0,0,0,0,0,0,2,0,,67,12,2006,1,40.1013,-74.989,132.0,6,0,0,0,0,0,2,0,0,1.0,0,0,0,1,8,0,7,,2.0,40 06:08.000,3.0,2,74 59:25.260,0,0,0,0,67301,0,0,0,N,0,0,0,2,67301,0,,1,1,,N,N,,0,,0,0,0,4,7,Y,132,0,2,0,0,1,0,0,3,4,0,2,3,,N,,,,,,,,,,,