CRN,ARRIVAL_TM,AUTOMOBILE_COUNT,BELTED_DEATH_COUNT,BELTED_SUSP_SERIOUS_INJ_COUNT,BICYCLE_COUNT,BICYCLE_DEATH_COUNT,BICYCLE_SUSP_SERIOUS_INJ_COUNT,BUS_COUNT,CHLDPAS_DEATH_COUNT,CHLDPAS_SUSP_SERIOUS_INJ_COUNT,COLLISION_TYPE,COMM_VEH_COUNT,CONS_ZONE_SPD_LIM,COUNTY,CRASH_MONTH,CRASH_YEAR,DAY_OF_WEEK,DEC_LAT,DEC_LONG,DISPATCH_TM,DISTRICT,DRIVER_COUNT_16YR,DRIVER_COUNT_17YR,DRIVER_COUNT_18YR,DRIVER_COUNT_19YR,DRIVER_COUNT_20YR,DRIVER_COUNT_50_64YR,DRIVER_COUNT_65_74YR,DRIVER_COUNT_75PLUS,EST_HRS_CLOSED,FATAL_COUNT,HEAVY_TRUCK_COUNT,HORSE_BUGGY_COUNT,HOUR_OF_DAY,ILLUMINATION,INJURY_COUNT,INTERSECT_TYPE,INTERSECTION_RELATED,LANE_CLOSED,LATITUDE,LN_CLOSE_DIR,LOCATION_TYPE,LONGITUDE,MAX_SEVERITY_LEVEL,MCYCLE_DEATH_COUNT,MCYCLE_SUSP_SERIOUS_INJ_COUNT,MOTORCYCLE_COUNT,MUNICIPALITY,NONMOTR_COUNT,NONMOTR_DEATH_COUNT,NONMOTR_SUSP_SERIOUS_INJ_COUNT,NTFY_HIWY_MAINT,PED_COUNT,PED_DEATH_COUNT,PED_SUSP_SERIOUS_INJ_COUNT,PERSON_COUNT,POLICE_AGCY,POSSIBLE_INJ_COUNT,RDWY_SURF_TYPE_CD,RELATION_TO_ROAD,ROAD_CONDITION,ROADWAY_CLEARED,SCH_BUS_IND,SCH_ZONE_IND,SECONDARY_CRASH,SMALL_TRUCK_COUNT,SPEC_JURIS_CD,SUSP_MINOR_INJ_COUNT,SUSP_SERIOUS_INJ_COUNT,SUV_COUNT,TCD_FUNC_CD,TCD_TYPE,TFC_DETOUR_IND,TIME_OF_DAY,TOT_INJ_COUNT,TOTAL_UNITS,UNB_DEATH_COUNT,UNB_SUSP_SERIOUS_INJ_COUNT,UNBELTED_OCC_COUNT,UNK_INJ_DEG_COUNT,UNK_INJ_PER_COUNT,URBAN_AREA,URBAN_RURAL,VAN_COUNT,VEHICLE_COUNT,WEATHER1,WEATHER2,WORK_ZONE_IND,WORK_ZONE_LOC,WORK_ZONE_TYPE,WORKERS_PRES,WZ_CLOSE_DETOUR,WZ_FLAGGER,WZ_LAW_OFFCR_IND,WZ_LN_CLOSURE,WZ_MOVING,WZ_OTHER,WZ_SHLDER_MDN,WZ_WORKERS_INJ_KILLED
2007009790,815.0,2,0,0,0,0,0,0,0,0,5,0,,67,11,2006,7,39.9869,-75.1794,810.0,6,0,0,0,0,0,0,0,0,,0,0,0,7,1,2,0,,0.0,39 59:12.667,,0,75 10:45.998,4,0,0,0,67301,0,0,0,N,0,0,0,2,67301,1,,1,1,,N,N,,0,,0,0,0,0,0,,745,2,2,0,0,1,1,0,3,4,0,2,3,,N,,,,,,,,,,,
2007007414,1009.0,1,0,0,0,0,0,0,0,0,7,0,,67,11,2006,5,40.0058,-75.0964,1003.0,6,0,0,0,0,0,0,0,0,,0,0,0,9,1,0,1,,0.0,40 00:21.000,,0,75 05:47.081,0,0,0,0,67301,0,0,0,N,0,0,0,1,67301,0,,2,1,,N,N,,0,,0,0,0,3,2,,950,0,1,0,0,0,0,0,3,4,0,1,3,,N,,,,,,,,,,,
2007007493,1212.0,1,0,0,0,0,0,0,0,0,4,0,,67,11,2006,2,40.1317,-75.0122,1208.0,6,0,0,0,0,0,1,0,0,1.0,0,0,0,12,1,1,2,,1.0,40 07:53.000,1.0,0,75 00:43.890,8,0,0,0,67301,0,0,0,N,0,0,0,2,67301,0,,1,9,,N,N,,0,,0,0,1,3,3,N,1208,1,2,0,0,0,1,0,3,4,0,2,7,,N,,,,,,,,,,,
2007007729,1651.0,1,0,0,0,0,0,0,0,0,8,0,,67,11,2006,5,39.9675,-75.2318,1649.0,6,0,0,0,0,0,0,0,0,,0,0,0,16,3,1,3,,0.0,39 58:02.000,,0,75 13:54.606,3,0,0,0,67301,1,0,0,N,1,0,0,2,67301,0,,1,9,,N,N,,0,,1,0,0,9,2,,1645,1,2,0,0,0,0,1,3,4,0,1,7,,N,,,,,,,,,,,
2007007743,1655.0,1,0,0,0,0,0,0,0,0,8,0,,67,12,2006,6,40.0454,-75.1763,1652.0,6,0,0,0,0,0,1,0,0,1.0,0,0,0,16,3,1,1,,1.0,40 02:43.429,2.0,0,75 10:34.679,3,0,0,0,67301,1,0,0,N,1,0,0,3,67301,0,,1,1,,N,N,,0,,1,0,0,3,3,N,1649,1,2,0,0,0,0,0,3,4,0,1,3,,N,,,,,,,,,,,
2007010231,56.0,0,0,0,0,0,0,0,0,0,7,0,,67,11,2006,1,,,54.0,6,0,0,0,1,0,0,0,0,2.0,0,0,0,99,3,0,0,,2.0,,1.0,0,,0,0,0,0,67301,0,0,0,Y,0,0,0,2,67301,0,,2,1,,N,N,,1,,0,0,0,0,0,Y,9999,0,1,0,0,0,0,0,3,3,0,1,3,,N,,,,,,,,,,,
2007020858,1745.0,0,0,0,0,0,0,0,0,0,8,0,,67,12,2006,4,40.0282,-75.0785,1742.0,6,0,0,0,0,0,0,0,0,,0,0,0,17,3,1,1,,0.0,40 01:41.667,,0,75 04:42.538,3,0,0,0,67301,1,0,0,N,1,0,0,2,67301,0,,1,1,,N,N,,0,,1,0,1,9,3,,1730,1,2,0,0,0,0,1,3,4,0,1,3,,N,,,,,,,,,,,
2007055785,306.0,1,0,0,0,0,0,0,0,0,7,0,,67,12,2006,6,39.9307,-75.1929,306.0,6,0,0,0,0,0,0,0,0,,0,0,0,3,2,1,0,,0.0,39 55:50.365,,0,75 11:34.580,4,0,0,0,67301,0,0,0,N,0,0,0,1,67301,1,,4,1,,N,N,,0,,0,0,0,0,0,,305,1,1,0,0,0,0,0,3,4,0,1,5,,N,,,,,,,,,,,
2007033449,,1,0,0,0,0,0,0,0,0,8,0,,67,8,2006,1,40.0358,-75.0426,,6,0,0,0,0,0,0,0,0,,0,0,0,2,6,1,0,,0.0,40 02:08.948,,0,75 02:33.365,3,0,0,0,67301,1,0,0,N,1,0,0,2,00000,0,,1,98,,N,N,,0,,1,0,0,0,0,,200,1,2,0,0,0,0,0,3,4,0,1,99,,N,,,,,,,,,,,
2007032686,,1,0,0,0,0,0,0,0,0,5,1,,67,3,2006,5,,,,6,0,0,0,0,0,0,0,0,,0,1,0,10,1,2,0,,0.0,,,0,,8,0,0,0,67301,2,0,0,N,0,0,0,3,,0,,4,1,,N,N,,0,,0,0,0,0,0,,1030,2,2,0,0,1,2,1,3,3,0,2,3,,N,,,,,,,,,,,
2007032613,,0,0,0,0,0,0,0,0,0,5,0,,67,10,2006,3,,,,6,0,0,0,0,0,1,0,0,,0,0,0,99,1,0,0,,0.0,,,0,,9,0,0,0,67301,0,0,0,N,0,0,0,2,,0,,1,1,,N,N,,0,,0,0,0,0,0,,9999,0,2,0,0,0,0,2,3,3,0,2,3,,N,,,,,,,,,,,
2007022515,915.0,1,0,0,0,0,0,0,0,0,8,0,,67,12,2006,7,39.9507,-75.1504,910.0,6,0,0,0,0,0,0,0,0,,0,0,0,9,1,1,1,,0.0,39 57:02.000,,0,75 09:01.299,8,0,0,0,67301,1,0,0,N,1,0,0,2,67301,0,,1,1,,N,N,,0,,0,0,0,3,2,,905,1,2,0,0,0,1,0,3,4,0,1,3,,N,,,,,,,,,,,
2007010320,54.0,3,0,0,0,0,0,0,0,0,4,0,,67,12,2006,5,39.9541,-75.2485,53.0,6,0,0,0,0,0,1,0,0,3.0,0,0,0,0,3,1,0,,2.0,39 57:14.821,7.0,0,75 14:54.760,4,0,0,0,67301,0,0,0,N,0,0,0,1,67301,1,,6,1,,N,N,,0,,0,0,0,0,0,Y,52,1,3,0,0,0,0,0,3,4,0,3,3,,N,,,,,,,,,,,
2010098850,1606.0,2,0,0,0,0,0,0,0,0,4,0,,67,7,2006,2,39.9241,-75.2277,1601.0,6,0,0,0,0,0,1,0,0,,0,0,0,15,1,1,1,,0.0,39 55:26.584,,0,75 13:39.696,4,0,0,0,67301,0,0,0,N,0,0,0,2,67301,1,,1,1,,N,N,,0,,0,0,1,3,2,,1555,1,3,0,0,0,0,0,3,4,0,3,3,,N,,,,,,,,,,,
2007007113,858.0,2,0,0,0,0,0,0,0,0,2,0,,67,11,2006,5,40.0423,-75.1304,856.0,6,0,0,1,0,0,0,0,0,2.0,0,0,0,8,1,0,0,,2.0,40 02:32.186,6.0,0,75 07:49.580,0,0,0,0,67301,0,0,0,N,0,0,0,2,67301,0,,1,1,,N,N,,1,,0,0,0,0,0,Y,853,0,3,0,0,0,0,0,3,4,0,3,3,,N,,,,,,,,,,,
2007007118,2358.0,0,0,0,0,0,0,0,0,0,8,0,,67,11,2006,7,40.0492,-75.1194,2355.0,6,0,0,0,0,0,0,0,0,,0,0,0,23,3,1,0,,0.0,40 02:57.169,,0,75 07:09.786,4,0,0,0,67301,1,0,0,N,1,0,0,2,67301,1,,1,1,,N,N,,0,,0,0,0,0,0,,2325,1,2,0,0,0,0,0,3,4,1,1,3,,N,,,,,,,,,,,
2007009198,649.0,1,0,0,0,0,0,0,0,0,0,0,,67,11,2006,4,40.0282,-75.0906,645.0,6,0,0,0,0,0,0,0,0,1.0,0,0,0,6,5,0,0,,1.0,40 01:41.480,1.0,0,75 05:26.241,0,0,0,0,67301,0,0,0,Y,0,0,0,1,67301,0,,1,1,,N,N,,0,,0,0,0,0,0,N,645,0,1,0,0,0,0,0,3,4,0,1,3,,N,,,,,,,,,,,
2007009214,1630.0,0,0,0,0,0,0,0,0,0,1,0,,67,12,2006,2,40.0393,-75.0568,1622.0,6,0,0,0,0,0,1,0,0,,0,0,0,99,1,1,0,,0.0,40 02:21.400,,0,75 03:24.357,4,0,0,0,67301,0,0,0,,0,0,0,2,67301,1,,1,1,,,,,0,,0,0,1,3,2,,9999,1,2,0,0,0,0,1,3,4,1,2,3,,N,,,,,,,,,,,
2007032588,,0,0,0,0,0,0,0,0,0,1,0,,67,10,2006,4,,,,6,0,0,0,0,0,0,0,0,,0,0,0,99,1,0,0,,0.0,,,0,,9,0,0,0,67301,0,0,0,N,0,0,0,2,,0,,1,1,,N,N,,1,,0,0,0,0,0,,9999,0,2,0,0,0,0,2,3,3,0,2,3,,N,,,,,,,,,,,
2007032661,,1,0,0,0,0,0,0,0,0,4,0,,67,1,2006,4,39.9318,-75.2167,,6,0,0,0,0,0,0,0,0,,0,0,0,19,6,0,2,,0.0,39 55:54.000,,0,75 13:00.262,9,0,0,0,67301,0,0,0,N,0,0,0,2,,0,,1,1,,N,N,,0,,0,0,0,0,0,,1900,0,2,0,0,0,0,2,3,4,0,2,3,,N,,,,,,,,,,,
2007022355,1825.0,1,0,0,0,0,0,0,0,0,4,0,,67,12,2006,6,40.0,-75.1531,1820.0,6,0,0,0,0,0,0,0,0,,0,0,0,18,3,1,1,,0.0,39 59:59.000,,0,75 09:11.322,4,0,0,0,67301,0,0,0,,0,0,0,2,67301,1,,1,9,,,,,1,,0,0,0,9,2,,1820,1,2,0,0,2,0,0,3,4,0,2,7,,N,,,,,,,,,,,
2007030103,1853.0,1,0,0,0,0,0,0,0,0,4,0,,67,12,2006,4,40.1189,-75.018,1850.0,6,0,0,0,0,1,1,0,0,,0,0,0,18,3,1,1,,0.0,40 07:07.000,,0,75 01:04.725,4,0,0,0,67301,0,0,0,,0,0,0,2,67301,1,,1,9,,,,,0,,0,0,1,3,2,,1850,1,2,0,0,0,0,0,3,4,0,2,3,,N,,,,,,,,,,,
2007022720,41.0,2,0,0,0,0,0,0,0,0,1,0,,67,12,2006,3,,,27.0,6,0,0,0,0,0,0,0,0,2.0,0,0,0,0,3,1,0,,2.0,,1.0,0,,4,0,0,0,67301,0,0,0,N,0,0,0,2,67301,1,,1,9,,N,N,,0,,0,0,0,0,0,Y,26,1,2,0,0,0,0,1,3,3,0,2,7,,N,,,,,,,,,,,
2007022868,2035.0,1,0,0,0,0,0,0,0,0,8,0,,67,12,2006,6,40.0217,-75.1609,2035.0,6,0,0,0,0,0,0,0,0,,0,0,0,20,2,1,0,,0.0,40 01:18.148,,0,75 09:39.400,8,0,0,0,67301,1,0,0,N,1,0,0,2,67301,0,,1,9,,N,N,,0,,0,0,0,0,0,,2035,1,2,0,0,0,1,0,3,4,0,1,7,,N,,,,,,,,,,,
2007056251,1824.0,1,0,0,0,0,0,1,0,0,5,1,,67,12,2006,1,39.9493,-75.1639,1820.0,6,0,0,0,0,0,0,0,0,,0,0,0,17,1,1,0,,0.0,39 56:57.000,,0,75 09:50.073,8,0,0,0,67301,0,0,0,N,0,0,0,5,67301,0,,1,1,,N,N,,0,,0,0,0,0,0,,1745,1,2,0,0,4,1,0,3,4,0,2,3,,N,,,,,,,,,,,
2007033702,1735.0,1,0,0,0,0,0,0,0,0,5,0,,67,11,2006,5,39.958,-75.1631,1726.0,6,0,0,0,0,0,0,0,0,1.0,0,0,0,17,3,1,0,,1.0,39 57:28.000,4.0,0,75 09:47.109,4,0,0,0,67301,0,0,0,N,0,0,0,4,67301,1,,1,1,,N,N,,0,,0,0,1,0,0,N,1725,1,2,0,0,0,0,1,3,4,0,2,3,,N,,,,,,,,,,,
2007022266,1237.0,1,0,0,0,0,0,0,0,0,6,0,,67,11,2006,3,40.0025,-75.2236,1233.0,6,0,0,0,1,0,0,0,0,,0,0,0,12,1,0,1,,0.0,40 00:10.000,,0,75 13:21.947,0,0,0,0,67301,0,0,0,N,0,0,0,2,67301,0,,1,9,,N,N,,1,,0,0,0,0,0,,1233,0,2,0,0,0,0,0,3,4,0,2,7,,N,,,,,,,,,,,
2007022852,1809.0,2,0,0,0,0,0,0,0,0,4,0,,67,12,2006,3,40.1058,-75.0316,1806.0,6,0,0,0,0,0,0,1,0,1.0,0,0,0,18,3,0,0,,1.0,40 06:20.714,1.0,0,75 01:53.832,0,0,0,0,67301,0,0,0,N,0,0,0,3,67301,0,,1,1,,N,N,,0,,0,0,0,0,0,N,1805,0,2,0,0,0,0,0,3,4,0,2,3,,N,,,,,,,,,,,
2007056160,301.0,4,0,0,0,0,0,0,0,0,6,0,,67,12,2006,1,40.0195,-75.2136,251.0,6,0,0,0,0,0,0,0,0,,0,0,0,2,3,1,0,,0.0,40 01:10.200,,0,75 12:49.100,8,0,0,0,67301,0,0,0,N,0,0,0,1,67301,0,,1,1,,N,N,,0,,0,0,0,0,0,,241,1,4,0,0,0,1,0,3,4,0,4,3,,N,,,,,,,,,,,
2007022287,1503.0,0,0,0,0,0,0,0,0,0,4,0,,67,10,2006,6,39.9599,-75.2249,1501.0,6,0,0,0,0,0,0,0,0,2.0,0,0,0,14,1,0,0,,2.0,39 57:35.000,5.0,0,75 13:29.512,0,0,0,0,67301,0,0,0,N,0,0,0,3,67301,0,,1,1,,N,N,,0,,0,0,0,0,0,Y,1459,0,2,0,0,0,0,0,3,4,2,2,3,,N,,,,,,,,,,,
2007022710,9.0,1,0,0,0,0,0,0,0,0,7,0,,67,12,2006,3,40.0204,-75.1544,7.0,6,0,0,0,1,0,0,0,0,2.0,0,0,0,0,3,2,2,,2.0,40 01:13.440,1.0,2,75 09:15.840,3,0,0,0,67301,0,0,0,N,0,0,0,2,67301,0,,7,9,,N,N,,0,,2,0,0,0,0,Y,7,2,1,0,0,0,0,0,3,4,0,1,7,,N,,,,,,,,,,,
2007022718,530.0,4,0,0,0,0,0,0,0,0,1,0,,67,12,2006,4,,,527.0,6,0,0,0,0,0,1,0,0,1.0,0,0,0,5,3,4,0,,1.0,,1.0,0,,4,0,0,0,67301,0,0,0,N,0,0,0,8,67301,2,,1,1,,N,N,,3,,0,0,0,0,0,N,525,4,7,0,0,0,2,0,3,3,0,7,3,,N,,,,,,,,,,,
2007022726,1226.0,1,0,0,0,0,0,0,0,0,7,0,,67,12,2006,6,,,1223.0,6,0,0,1,0,0,0,0,0,1.0,0,0,0,12,1,2,0,,2.0,,2.0,0,,4,0,0,0,67301,0,0,0,N,0,0,0,2,67301,1,,4,1,,N,N,,0,,0,0,0,0,0,N,1220,2,1,0,0,2,1,0,3,3,0,1,3,,N,,,,,,,,,,,
2007022762,300.0,1,0,0,0,0,0,0,0,0,7,0,,67,10,2006,6,39.9755,-75.1945,255.0,6,0,0,0,0,1,0,0,0,9.0,0,0,0,2,3,5,0,,2.0,39 58:35.064,3.0,0,75 11:44.284,8,0,0,0,67301,1,0,0,Y,0,0,0,5,67301,0,,2,9,,N,N,,1,,0,0,0,0,0,Y,254,5,2,0,0,0,5,0,3,4,0,2,7,,N,,,,,,,,,,,
2007022775,1610.0,0,0,0,1,0,0,0,0,0,6,0,,67,12,2006,7,39.9256,-75.1473,1556.0,6,0,0,0,0,0,0,0,0,,0,0,0,15,1,1,2,,0.0,39 55:32.273,,0,75 08:50.336,4,0,0,0,67301,1,0,0,N,0,0,0,2,67301,1,,1,1,,N,N,,0,,0,0,1,0,0,,1550,1,2,0,0,0,0,0,3,4,0,1,3,,N,,,,,,,,,,,
2008083339,929.0,2,0,0,0,0,0,0,0,0,1,0,,67,5,2006,7,40.057,-75.0933,909.0,6,0,0,0,0,0,1,0,0,,0,0,0,8,1,2,2,,0.0,40 03:25.264,,0,75 05:35.815,8,0,0,0,67301,0,0,0,N,0,0,0,2,67301,0,,1,1,,N,N,,0,,0,0,0,9,3,,845,2,2,0,0,0,2,0,3,4,0,2,3,,N,,,,,,,,,,,
2007054683,1020.0,1,0,0,0,0,0,0,0,0,8,0,,67,12,2006,3,39.921,-75.1593,1018.0,6,0,0,0,0,0,0,0,0,,0,0,0,10,1,1,0,,0.0,39 55:15.517,,0,75 09:33.343,4,0,0,0,67301,1,0,0,N,1,0,0,2,67301,1,,1,1,,N,N,,0,,0,0,0,0,0,,1014,1,2,0,0,0,0,0,3,4,0,1,3,,N,,,,,,,,,,,
2007006851,929.0,1,0,0,0,0,0,0,0,0,1,0,,67,11,2006,4,40.0781,-75.0433,927.0,6,0,0,0,0,0,0,0,0,1.0,0,0,0,9,1,2,0,,1.0,40 04:41.000,2.0,0,75 02:35.471,8,0,0,0,67301,0,0,0,N,0,0,0,3,67301,0,,1,1,,N,N,,0,,0,0,0,0,0,N,925,2,2,0,0,0,2,0,3,4,1,2,3,,N,,,,,,,,,,,
2007006875,910.0,1,0,0,0,0,0,0,0,0,7,0,,67,12,2006,6,40.0739,-75.0351,901.0,6,0,0,0,0,0,0,0,0,,0,0,0,9,1,1,0,,0.0,40 04:25.000,,0,75 02:05.981,3,0,0,0,67301,0,0,0,N,0,0,0,1,67301,0,,3,9,,N,N,,0,,1,0,0,0,0,,900,1,1,0,0,0,0,0,3,4,0,1,7,,N,,,,,,,,,,,
2007023056,830.0,1,0,0,0,0,0,0,0,0,1,0,,67,12,2006,2,40.0876,-75.2143,805.0,6,0,0,0,0,0,1,0,0,,0,0,0,8,1,1,1,,0.0,40 05:15.194,,0,75 12:51.500,3,0,0,0,67301,0,0,0,N,0,0,0,2,67301,0,,1,1,,N,N,,0,,1,0,1,3,2,,805,1,2,0,0,0,0,0,3,4,0,2,3,,N,,,,,,,,,,,
2007020810,130.0,2,0,0,0,0,0,0,0,0,0,0,,67,12,2006,7,40.0395,-75.0458,130.0,6,0,0,0,0,0,1,0,0,1.0,0,0,0,1,3,0,1,,2.0,40 02:22.000,4.0,0,75 02:44.910,0,0,0,0,67301,0,0,0,N,0,0,0,3,67301,0,,1,1,,N,N,,0,,0,0,0,3,2,Y,120,0,2,0,0,0,0,0,3,4,0,2,3,,N,,,,,,,,,,,
2007026689,1159.0,2,0,0,0,0,0,0,0,0,1,0,,67,12,2006,7,,,1158.0,6,0,0,0,0,0,3,0,0,,0,0,0,11,1,1,0,,0.0,,,0,,3,0,0,0,67301,0,0,0,N,0,0,0,8,67501,0,,1,1,,N,N,,0,,1,0,2,9,8,,1152,1,4,0,0,0,0,0,3,3,0,4,3,,N,,,,,,,,,,,
2007008393,1638.0,2,0,0,0,0,0,0,0,0,4,0,,67,11,2006,2,40.007,-75.134,1638.0,6,0,0,0,0,0,1,0,0,,0,0,0,16,3,1,0,,0.0,40 00:25.000,,0,75 08:02.713,8,0,0,0,67301,0,0,0,N,0,0,0,2,67301,0,,1,9,,N,N,,0,,0,0,0,3,2,,1625,1,2,0,0,0,1,0,3,4,0,2,7,,N,,,,,,,,,,,
2007008438,1405.0,0,0,0,0,0,0,0,0,0,4,0,,67,12,2006,5,39.9301,-75.2192,1355.0,6,0,0,0,0,0,0,0,0,,0,0,0,13,1,1,1,,0.0,39 55:48.000,,0,75 13:09.385,8,0,0,0,67301,0,0,0,N,0,0,0,1,67301,0,,1,1,,N,N,,0,,0,0,0,3,2,,1345,1,2,0,0,1,1,0,3,4,2,2,3,,N,,,,,,,,,,,
2007008418,1739.0,2,0,0,0,0,0,0,0,0,4,0,,67,12,2006,7,,,1734.0,6,0,0,0,0,0,1,0,0,,0,0,0,17,3,1,1,,0.0,,,0,,8,0,0,0,67301,0,0,0,,0,0,0,4,67301,0,,1,1,,N,N,,0,,0,0,0,3,3,,1734,1,2,0,0,0,1,0,3,3,0,2,3,,N,,,,,,,,,,,
2007008422,9999.0,2,0,0,0,0,0,0,0,0,1,0,,67,11,2006,2,40.077,-74.9947,1235.0,6,0,0,0,0,0,0,0,0,,0,0,0,12,1,1,2,,0.0,40 04:37.351,,0,74 59:40.754,4,0,0,0,67301,0,0,0,N,0,0,0,3,67301,1,,1,1,,N,N,,0,,0,0,0,0,0,,1230,1,2,0,0,0,0,0,3,4,0,2,3,,N,,,,,,,,,,,
2007010952,1936.0,1,0,0,0,0,0,0,0,0,8,0,,67,11,2006,5,39.9358,-75.2286,1931.0,6,0,0,0,0,0,0,0,0,,0,0,0,19,3,1,1,,0.0,39 56:08.815,,0,75 13:42.823,4,0,0,0,67301,1,0,0,,1,0,0,3,67301,1,,1,9,,,N,,0,,0,0,0,0,0,,1930,1,2,0,0,1,0,1,3,4,0,1,7,,N,,,,,,,,,,,
2007008463,1210.0,0,0,0,0,0,0,0,0,0,7,0,,67,11,2006,3,40.0089,-75.0859,1200.0,6,0,0,0,0,0,0,0,0,,0,0,0,11,1,2,1,,0.0,40 00:32.007,,0,75 05:09.160,4,0,0,0,67301,0,0,0,N,0,0,0,2,67301,1,,5,1,,N,N,,0,,0,0,0,9,3,,1155,2,1,0,0,0,1,0,3,4,1,1,3,,N,,,,,,,,,,,
2007008551,111.0,2,0,0,0,0,0,0,0,0,4,0,,67,12,2006,4,40.0071,-75.094,111.0,6,0,0,0,0,0,0,0,0,,0,0,0,1,3,0,1,,0.0,40 00:25.549,,0,75 05:38.543,0,0,0,0,67301,0,0,0,N,0,0,0,2,67301,0,,1,1,,N,N,,0,,0,0,0,3,2,,110,0,2,0,0,0,0,0,3,4,0,2,3,,N,,,,,,,,,,,
2007034408,,0,0,0,0,0,0,0,0,0,1,0,,67,3,2006,6,39.9885,-75.1063,,6,0,0,0,0,0,1,0,0,,0,0,0,23,6,2,1,,0.0,39 59:18.000,,0,75 06:22.881,3,0,0,0,67301,0,0,0,N,0,0,0,3,,0,,1,1,,N,N,,1,,2,0,0,3,2,,2300,2,2,0,0,1,0,0,3,4,0,2,3,,N,,,,,,,,,,,
2007021530,2226.0,3,0,0,0,0,0,0,0,0,1,0,,67,12,2006,6,39.9653,-75.1857,2215.0,6,0,0,0,0,0,0,0,0,2.0,0,0,0,22,3,2,6,,2.0,39 58:01.000,4.0,2,75 11:16.431,3,0,0,0,67301,0,0,0,N,0,0,0,5,67301,0,,7,9,,N,N,,0,,1,0,1,0,0,N,2210,2,4,0,0,0,1,0,3,4,0,4,7,,N,,,,,,,,,,,
2007008864,2130.0,1,0,0,0,0,0,0,0,0,7,0,,67,11,2006,1,40.0194,-75.1073,2124.0,6,0,0,0,1,0,0,0,0,,0,0,0,21,3,1,0,,0.0,40 01:09.991,,0,75 06:26.377,4,0,0,0,67301,0,0,0,N,0,0,0,3,67301,1,,5,9,,N,N,,0,,0,0,0,9,8,,2115,1,1,0,0,0,0,1,3,4,0,1,7,,N,,,,,,,,,,,
2007007957,1818.0,1,0,0,0,0,0,0,0,0,4,0,,67,11,2006,3,39.957,-75.1572,1815.0,6,0,0,0,0,0,0,0,0,,0,0,0,18,3,0,1,,0.0,39 57:25.000,,0,75 09:25.517,0,0,0,0,67301,0,0,0,,0,0,0,2,67301,0,,1,1,,,,,0,,0,0,1,3,2,,1813,0,2,0,0,0,0,0,3,4,0,2,3,,N,,,,,,,,,,,
2007007969,1543.0,2,0,0,0,0,0,0,0,0,4,0,,67,10,2006,3,40.0379,-75.1395,1540.0,6,0,0,0,0,0,1,0,0,1.0,0,0,0,15,1,0,1,,1.0,40 02:16.440,2.0,0,75 08:22.200,0,0,0,0,67301,0,0,0,N,0,0,0,3,67301,0,,1,1,,N,N,,0,,0,0,0,3,2,N,1530,0,3,0,0,3,0,0,3,4,1,3,3,,N,,,,,,,,,,,
2007007096,1230.0,2,0,0,0,0,0,0,0,0,5,0,,67,12,2006,1,40.0575,-75.0146,1219.0,6,0,0,0,0,0,0,0,0,,0,0,0,99,3,0,0,,0.0,40 03:27.000,,0,75 00:52.537,0,0,0,0,67301,0,0,0,N,0,0,0,1,67301,0,,2,1,,N,N,,0,,0,0,0,0,0,,9999,0,2,0,0,0,0,0,3,4,0,2,3,,N,,,,,,,,,,,
2007009783,9999.0,1,0,0,0,0,0,0,0,0,7,0,,67,12,2006,2,40.0572,-75.0459,751.0,6,0,0,0,0,0,0,0,0,,0,0,0,7,1,1,0,,0.0,40 03:25.000,,0,75 02:45.205,4,0,0,0,67301,0,0,0,N,0,0,0,1,67301,1,,3,1,,N,N,,0,,0,0,0,0,0,,745,1,1,0,0,1,0,0,3,4,0,1,3,,N,,,,,,,,,,,
2007009809,1604.0,0,0,0,0,0,0,1,0,0,0,1,,67,6,2006,5,40.0147,-75.0855,1601.0,6,0,0,0,0,0,0,0,0,,0,0,0,14,1,3,0,,0.0,40 00:52.900,,0,75 05:07.977,8,0,0,0,67301,0,0,0,N,0,0,0,4,67301,0,,1,1,,N,N,,0,,0,0,0,0,0,,1400,3,1,0,0,0,3,1,3,4,0,1,3,,N,,,,,,,,,,,
2007009816,1536.0,1,0,0,0,0,0,0,0,0,8,0,,67,11,2006,3,40.0247,-75.1706,1534.0,6,0,0,0,0,0,0,0,0,,0,0,0,15,1,1,1,,0.0,40 01:28.840,,0,75 10:14.087,4,0,0,0,67301,1,0,0,,1,0,0,2,67301,1,,1,1,,,,,0,,0,0,0,0,0,,1532,1,2,0,0,1,0,0,3,4,0,1,3,,N,,,,,,,,,,,
2007009837,1440.0,0,0,0,0,0,0,1,0,0,8,1,,67,11,2006,5,40.0337,-75.1458,1435.0,6,0,0,0,0,0,0,0,0,,0,0,0,14,1,1,1,,0.0,40 02:01.000,,0,75 08:45.097,8,0,0,0,67301,1,0,0,N,1,0,0,2,67301,0,,1,1,,N,N,,0,,0,0,0,3,2,,1435,1,2,0,0,0,1,0,3,4,0,1,3,,N,,,,,,,,,,,
2007009838,9999.0,1,0,0,0,0,0,0,0,0,5,0,,67,11,2006,5,40.0019,-75.1381,9999.0,6,0,0,0,0,0,0,0,0,,0,0,0,99,3,1,0,,0.0,40 00:06.800,,0,75 08:17.000,8,0,0,0,67301,1,0,0,N,0,0,0,2,67301,0,,6,1,,N,N,,0,,0,0,0,0,0,,9999,1,2,0,0,0,1,0,3,4,1,2,3,,N,,,,,,,,,,,