CRN,ARRIVAL_TM,AUTOMOBILE_COUNT,BELTED_DEATH_COUNT,BELTED_SUSP_SERIOUS_INJ_COUNT,BICYCLE_COUNT,BICYCLE_DEATH_COUNT,BICYCLE_SUSP_SERIOUS_INJ_COUNT,BUS_COUNT,CHLDPAS_DEATH_COUNT,CHLDPAS_SUSP_SERIOUS_INJ_COUNT,COLLISION_TYPE,COMM_VEH_COUNT,CONS_ZONE_SPD_LIM,COUNTY,CRASH_MONTH,CRASH_YEAR,DAY_OF_WEEK,DEC_LAT,DEC_LONG,DISPATCH_TM,DISTRICT,DRIVER_COUNT_16YR,DRIVER_COUNT_17YR,DRIVER_COUNT_18YR,DRIVER_COUNT_19YR,DRIVER_COUNT_20YR,DRIVER_COUNT_50_64YR,DRIVER_COUNT_65_74YR,DRIVER_COUNT_75PLUS,EST_HRS_CLOSED,FATAL_COUNT,HEAVY_TRUCK_COUNT,HORSE_BUGGY_COUNT,HOUR_OF_DAY,ILLUMINATION,INJURY_COUNT,INTERSECT_TYPE,INTERSECTION_RELATED,LANE_CLOSED,LATITUDE,LN_CLOSE_DIR,LOCATION_TYPE,LONGITUDE,MAX_SEVERITY_LEVEL,MCYCLE_DEATH_COUNT,MCYCLE_SUSP_SERIOUS_INJ_COUNT,MOTORCYCLE_COUNT,MUNICIPALITY,NONMOTR_COUNT,NONMOTR_DEATH_COUNT,NONMOTR_SUSP_SERIOUS_INJ_COUNT,NTFY_HIWY_MAINT,PED_COUNT,PED_DEATH_COUNT,PED_SUSP_SERIOUS_INJ_COUNT,PERSON_COUNT,POLICE_AGCY,POSSIBLE_INJ_COUNT,RDWY_SURF_TYPE_CD,RELATION_TO_ROAD,ROAD_CONDITION,ROADWAY_CLEARED,SCH_BUS_IND,SCH_ZONE_IND,SECONDARY_CRASH,SMALL_TRUCK_COUNT,SPEC_JURIS_CD,SUSP_MINOR_INJ_COUNT,SUSP_SERIOUS_INJ_COUNT,SUV_COUNT,TCD_FUNC_CD,TCD_TYPE,TFC_DETOUR_IND,TIME_OF_DAY,TOT_INJ_COUNT,TOTAL_UNITS,UNB_DEATH_COUNT,UNB_SUSP_SERIOUS_INJ_COUNT,UNBELTED_OCC_COUNT,UNK_INJ_DEG_COUNT,UNK_INJ_PER_COUNT,URBAN_AREA,URBAN_RURAL,VAN_COUNT,VEHICLE_COUNT,WEATHER1,WEATHER2,WORK_ZONE_IND,WORK_ZONE_LOC,WORK_ZONE_TYPE,WORKERS_PRES,WZ_CLOSE_DETOUR,WZ_FLAGGER,WZ_LAW_OFFCR_IND,WZ_LN_CLOSURE,WZ_MOVING,WZ_OTHER,WZ_SHLDER_MDN,WZ_WORKERS_INJ_KILLED
2007007415,1835.0,3,0,0,0,0,0,0,0,0,1,0,,67,11,2006,3,40.0714,-75.0376,1834.0,6,0,0,0,0,0,1,0,0,9.0,0,0,0,18,2,5,0,,1.0,40 04:16.000,1.0,0,75 02:14.939,8,0,0,0,67301,0,0,0,N,0,0,0,6,67301,0,,1,1,,N,N,,0,,0,0,0,0,0,N,1831,5,4,0,0,0,5,0,3,4,1,4,3,,N,,,,,,,,,,,
2007007567,557.0,1,0,0,0,0,0,0,0,0,8,0,,67,11,2006,1,39.9868,-75.1808,555.0,6,0,0,0,0,0,1,0,0,,0,0,0,5,3,1,1,,0.0,39 59:12.447,,0,75 10:50.908,3,0,0,0,67301,1,0,0,N,1,0,0,2,67301,0,,1,9,,N,N,,0,,1,0,0,3,2,,550,1,2,0,0,0,0,0,3,4,0,1,7,,N,,,,,,,,,,,
2007007739,1624.0,0,0,0,0,0,0,0,0,0,8,0,,67,12,2006,3,40.0414,-75.2313,1619.0,6,0,0,0,0,0,0,0,0,,0,0,0,15,1,1,0,,0.0,40 02:29.025,,0,75 13:52.744,8,0,0,0,67301,1,0,0,N,1,0,0,2,67301,0,,1,1,,N,N,,1,,0,0,0,0,0,,1500,1,2,0,0,0,1,1,3,4,0,1,3,,N,,,,,,,,,,,
2007007508,1805.0,1,0,0,0,0,0,0,0,0,7,0,,67,11,2006,4,40.059,-75.0444,1800.0,6,0,0,0,0,0,0,0,0,,0,0,0,18,3,1,0,,0.0,40 03:31.680,,0,75 02:40.920,4,0,0,0,67301,0,0,0,N,0,0,0,2,67301,1,,4,9,,N,N,,0,,0,0,0,0,0,,1800,1,1,0,0,0,0,0,3,4,0,1,7,,N,,,,,,,,,,,
2007023247,527.0,2,0,0,0,0,0,0,0,0,1,0,,67,12,2006,2,40.0198,-75.1814,524.0,6,0,0,0,0,0,1,0,0,,0,0,0,5,3,1,0,,0.0,40 01:11.175,,0,75 10:52.896,8,0,0,0,67301,0,0,0,N,0,0,0,1,67301,0,,1,1,,N,N,,0,,0,0,0,0,0,,522,1,2,0,0,0,1,0,3,4,0,2,3,,N,,,,,,,,,,,
2007001398,947.0,2,0,0,0,0,0,0,0,0,1,0,,67,11,2006,4,39.9835,-75.1882,946.0,6,0,0,0,0,0,1,0,0,,0,0,0,9,1,1,1,,0.0,39 59:00.000,,0,75 11:17.582,8,0,0,0,67301,0,0,0,,0,0,0,4,67301,0,,1,9,,N,,,1,,0,0,1,9,2,,940,1,4,0,0,0,1,0,3,4,0,4,7,5.0,N,,,,,,,,,,,
2007033386,,1,0,0,0,0,0,0,0,0,1,0,,67,4,2006,4,,,,6,0,0,0,0,0,1,0,0,,0,0,0,13,1,1,2,,0.0,,,0,,8,0,0,0,67301,0,0,0,N,0,0,0,2,,0,,1,1,,N,N,,0,,0,0,0,3,3,,1340,1,2,0,0,0,1,0,3,3,0,2,3,,N,,,,,,,,,,,
2007033414,,2,0,0,0,0,0,0,0,0,1,0,,67,7,2006,3,40.0531,-75.0402,,6,0,0,0,0,0,0,0,0,,0,0,0,5,1,3,1,,0.0,40 03:11.000,,0,75 02:24.781,3,0,0,0,67301,0,0,0,N,0,0,0,5,,1,,1,1,,N,N,,0,,1,0,0,3,2,,530,3,2,0,0,0,1,2,3,4,0,2,3,,N,,,,,,,,,,,
2007033441,,1,0,0,0,0,0,0,0,0,4,0,,67,4,2006,2,39.9593,-75.1725,,6,0,0,0,0,0,1,0,1,,0,0,0,21,6,1,0,,0.0,39 57:33.000,,0,75 10:21.175,3,0,0,0,67301,0,0,0,N,0,0,0,3,,0,,1,1,,N,N,,1,,1,0,0,0,0,,2100,1,2,0,0,0,0,0,3,4,0,2,99,,N,,,,,,,,,,,
2007009375,1420.0,0,0,0,0,0,0,0,0,0,8,0,,67,11,2006,4,39.9489,-75.1605,1420.0,6,0,0,0,0,0,0,0,0,,0,0,0,13,1,1,1,,0.0,39 56:55.000,,0,75 09:37.618,4,0,0,0,67301,1,0,0,N,1,0,0,2,67301,1,,1,9,,N,N,,0,,0,0,1,9,2,,1340,1,2,0,0,0,0,1,3,4,0,1,7,,N,,,,,,,,,,,
2007008970,2045.0,1,0,0,0,0,0,0,0,0,8,0,,67,11,2006,1,40.0788,-74.9986,2045.0,6,0,0,0,0,0,0,0,0,,0,0,0,20,3,1,2,,0.0,40 04:43.000,,0,74 59:54.482,3,0,0,0,67301,1,0,0,,1,0,0,2,67301,0,,1,9,,N,,,0,,1,0,0,3,2,,2043,1,2,0,0,0,0,0,3,4,0,1,7,,N,,,,,,,,,,,
2007006773,1015.0,3,0,0,0,0,0,0,0,0,4,0,,67,12,2006,1,39.9284,-75.1527,1012.0,6,0,0,0,0,1,0,0,0,,0,0,0,10,1,0,2,,0.0,39 55:42.322,,0,75 09:09.662,0,0,0,0,67301,0,0,0,N,0,0,0,2,67301,0,,1,1,,N,N,,0,,0,0,0,9,3,,1011,0,3,0,0,0,0,0,3,4,0,3,3,,N,,,,,,,,,,,
2007006792,609.0,1,0,0,0,0,0,0,0,0,8,0,,67,11,2006,6,40.0631,-75.0866,605.0,6,0,0,0,0,0,0,0,0,,0,0,0,6,1,1,2,,0.0,40 03:46.000,,0,75 05:11.739,8,0,0,0,67301,1,0,0,N,1,0,0,2,67301,0,,1,1,,N,N,,0,,0,0,0,3,2,,600,1,2,0,0,0,1,0,3,4,0,1,3,,N,,,,,,,,,,,
2007023558,1825.0,2,0,0,0,0,0,0,0,0,2,0,,67,12,2006,3,39.9438,-75.2379,1815.0,6,0,0,0,0,0,0,0,0,,0,0,0,18,3,1,1,,0.0,39 56:37.000,,0,75 14:16.183,4,0,0,0,67301,0,0,0,N,0,0,0,2,67301,1,,1,1,,N,N,,0,,0,0,0,0,0,,1810,1,2,0,0,0,0,0,3,4,0,2,3,,N,,,,,,,,,,,
2007013193,1450.0,1,0,0,0,0,0,0,0,0,1,0,,67,12,2006,6,40.0252,-75.1276,1440.0,6,0,0,0,0,0,1,0,0,3.0,0,0,0,11,1,0,0,,2.0,40 01:31.000,2.0,0,75 07:39.553,9,0,0,0,67301,0,0,0,,0,0,0,2,67301,0,,1,1,,N,N,,0,,0,0,0,0,0,N,1145,0,2,0,0,0,0,1,3,4,1,2,3,,N,,,,,,,,,,,
2007034444,,2,0,0,0,0,0,0,0,0,4,0,,67,2,2006,5,40.0432,-75.1809,,6,0,0,0,0,0,0,0,0,,0,0,0,18,3,1,1,,0.0,40 02:35.000,,0,75 10:51.147,8,0,0,0,67301,0,0,0,N,0,0,0,2,,0,,1,98,,N,N,,0,,0,0,0,9,9,,1845,1,2,0,0,0,1,0,3,4,0,2,99,,N,,,,,,,,,,,
2007008544,1703.0,0,0,0,0,0,0,0,0,0,8,0,,67,11,2006,2,39.9185,-75.1683,1659.0,6,0,0,0,0,0,0,0,0,,0,0,0,14,1,1,2,,0.0,39 55:06.758,,0,75 10:05.807,3,0,0,0,67301,1,0,0,N,1,0,0,2,67301,0,,1,1,,N,N,,0,,1,0,1,0,0,,1456,1,2,0,0,0,0,0,3,4,0,1,3,,N,,,,,,,,,,,
2007026998,1850.0,3,0,0,0,0,0,0,0,0,4,0,,67,12,2006,4,,,1845.0,6,0,0,0,0,1,0,0,0,9.0,0,0,0,18,3,0,0,,2.0,,3.0,3,,0,0,0,0,67301,0,0,0,N,0,0,0,3,67501,0,,1,1,,N,N,,0,,0,0,0,0,0,N,1845,0,3,0,0,0,0,0,3,3,0,3,3,,N,,,,,,,,,,,
2007034429,,1,0,0,0,0,0,1,0,0,1,1,,67,2,2006,1,,,,6,0,0,0,0,0,0,0,0,,0,0,0,16,1,2,0,,0.0,,,0,,4,0,0,0,67301,0,0,0,N,0,0,0,4,,2,,1,1,,N,N,,0,,0,0,0,0,0,,1600,2,2,0,0,0,0,1,3,3,0,2,3,,N,,,,,,,,,,,
2007022097,245.0,4,0,0,0,0,0,1,0,0,2,1,,67,12,2006,1,39.9482,-75.1646,244.0,6,0,0,1,0,0,0,0,0,,0,0,0,99,3,3,1,,0.0,39 56:53.000,,0,75 09:52.431,4,0,0,0,67301,0,0,0,,0,0,0,6,67301,3,,1,1,,,,,0,,0,0,0,9,2,,9999,3,5,0,0,0,0,0,3,4,0,5,3,,N,,,,,,,,,,,
2007007129,2055.0,2,0,0,0,0,0,0,0,0,4,0,,67,12,2006,1,40.0509,-75.0775,2053.0,6,0,0,0,0,0,0,0,0,9.0,0,0,0,20,3,1,1,,1.0,40 03:03.078,1.0,0,75 04:38.830,4,0,0,0,67301,0,0,0,N,0,0,0,3,67301,1,,1,1,,N,Y,,0,,0,0,0,3,2,N,2050,1,2,0,0,0,0,0,3,4,0,2,3,,N,,,,,,,,,,,
2007009775,2149.0,3,0,0,0,0,0,0,0,0,7,0,,67,11,2006,2,39.961,-75.1822,2145.0,6,0,0,0,0,0,0,0,0,1.0,0,0,0,21,3,4,0,,2.0,39 57:40.000,3.0,0,75 10:56.582,3,0,0,0,67301,0,0,0,N,0,0,0,5,67301,3,,2,9,,N,N,,0,,1,0,0,0,0,N,2143,4,3,0,0,0,0,0,3,4,0,3,7,,N,,,,,,,,,,,
2007007280,9999.0,2,0,0,0,0,0,0,0,0,5,0,,67,11,2006,1,39.9231,-75.2226,1049.0,6,0,0,0,0,0,1,0,0,,0,0,0,10,1,1,0,,0.0,39 55:23.000,,0,75 13:21.470,8,0,0,0,67301,0,0,0,,0,0,0,1,67301,0,,6,1,,,,,0,,0,0,2,3,2,,1045,1,4,0,0,1,1,0,3,4,0,4,5,,N,,,,,,,,,,,
2007007574,1342.0,1,0,0,0,0,0,0,0,0,1,0,,67,11,2006,4,39.9388,-75.1984,1339.0,6,0,0,0,0,0,0,0,0,,0,0,0,13,1,1,1,,0.0,39 56:22.000,,0,75 11:53.449,3,0,0,0,67301,0,0,0,N,0,0,0,3,67301,0,,1,9,,N,N,,0,,1,0,1,3,2,,1335,1,2,0,0,0,0,0,3,4,0,2,7,,N,,,,,,,,,,,
2007010192,930.0,1,0,0,0,0,0,0,0,0,7,0,,67,12,2006,3,39.9772,-75.1991,918.0,6,0,0,0,0,0,0,0,0,,0,0,0,9,1,0,0,,0.0,39 58:39.360,,0,75 12:02.520,0,0,0,0,67301,0,0,0,N,0,0,0,1,67301,0,,4,1,,N,N,,0,,0,0,0,0,0,,915,0,1,0,0,0,0,0,3,4,0,1,3,,N,,,,,,,,,,,
2007007933,41.0,1,0,0,0,0,0,0,0,0,8,0,,67,11,2006,7,40.0036,-75.2213,40.0,6,0,0,0,0,0,0,0,0,,0,0,0,0,3,1,0,,0.0,40 00:12.000,,0,75 13:16.634,4,0,0,0,67301,1,0,0,N,1,0,0,2,67301,1,,1,1,,N,N,,0,,0,0,0,3,2,,30,1,2,0,0,0,0,0,3,4,0,1,3,,N,,,,,,,,,,,
2007020852,1620.0,1,0,0,0,0,0,0,0,0,8,0,,67,12,2006,6,40.0707,-75.2008,1616.0,6,0,0,0,0,0,1,0,0,,0,0,0,16,1,1,0,,0.0,40 04:14.474,,0,75 12:02.960,4,0,0,0,67301,1,0,0,,1,0,0,2,67301,1,,1,1,,,,,0,,0,0,0,0,0,,1614,1,2,0,0,0,0,0,3,4,0,1,3,,N,,,,,,,,,,,
2007020868,825.0,2,0,0,0,0,0,0,0,0,1,0,,67,12,2006,6,39.9956,-75.1052,815.0,6,0,0,0,0,0,0,0,0,,0,0,0,8,5,3,0,,0.0,39 59:44.000,,0,75 06:18.916,4,0,0,0,67301,0,0,0,N,0,0,0,4,67301,1,,1,1,,N,Y,,0,,0,0,0,0,0,,810,3,2,0,0,0,2,0,3,4,0,2,5,,N,,,,,,,,,,,
2007033489,,1,0,0,0,0,0,0,0,0,1,0,,67,2,2006,7,40.0424,-75.0506,,6,0,0,0,0,0,0,0,0,,0,0,0,22,3,2,1,,0.0,40 02:32.000,,0,75 03:02.226,3,0,0,0,67301,0,0,0,N,0,0,0,4,,0,,1,9,,N,N,,0,,2,0,0,9,2,,2200,2,2,0,0,0,0,0,3,4,0,2,5,,N,,,,,,,,,,,
2007008561,1750.0,1,0,0,0,0,0,0,0,0,8,0,,67,11,2006,2,40.0226,-75.1782,1746.0,6,0,0,0,0,0,1,0,0,,0,0,0,17,3,1,1,,0.0,40 01:21.000,,0,75 10:41.563,3,0,0,0,67301,1,0,0,,1,0,0,2,67301,0,,1,9,,,,,0,,1,0,0,3,2,,1740,1,2,0,0,0,0,0,3,4,0,1,7,,N,,,,,,,,,,,
2007006946,1323.0,2,0,0,0,0,0,0,0,0,5,0,,67,9,2006,2,40.0106,-75.1125,1308.0,6,0,0,0,0,0,0,0,0,,0,0,0,12,1,1,0,,0.0,40 00:38.206,,0,75 06:44.870,8,0,0,0,67301,0,0,0,N,0,0,0,2,67301,0,,1,1,,N,N,,0,,0,0,0,0,0,,1250,1,2,0,0,0,1,0,3,4,0,2,3,,N,,,,,,,,,,,
2007006961,2300.0,2,0,0,0,0,0,0,0,0,5,0,,67,11,2006,2,39.9884,-75.1423,2256.0,6,0,0,0,0,0,0,0,0,,0,0,0,22,3,0,0,,0.0,39 59:18.200,,0,75 08:32.416,0,0,0,0,67301,0,0,0,N,0,0,0,2,67301,0,,1,9,,N,N,,1,,0,0,1,0,0,,2250,0,4,0,0,0,0,0,3,4,0,4,7,,N,,,,,,,,,,,
2007006965,1452.0,2,0,0,0,0,0,0,0,0,1,0,,67,11,2006,3,39.9793,-75.1627,1450.0,6,0,0,0,0,0,1,0,0,,0,0,0,14,1,1,1,,0.0,39 58:45.480,,0,75 09:45.720,8,0,0,0,67301,0,0,0,N,0,0,0,2,67301,0,,1,1,,N,N,,0,,0,0,0,3,2,,1448,1,2,0,0,0,1,0,3,4,0,2,3,,N,,,,,,,,,,,
2007022258,1735.0,2,0,0,0,0,0,0,0,0,6,0,,67,12,2006,2,40.0672,-75.1957,1730.0,6,0,0,0,0,0,0,0,0,,0,0,0,16,3,5,0,,0.0,40 04:02.000,,0,75 11:44.400,3,0,0,0,67301,0,0,0,N,0,0,0,5,67301,4,,1,9,,N,N,,0,,1,0,0,0,0,,1630,5,2,0,0,0,0,0,3,4,0,2,7,,N,,,,,,,,,,,
2007022320,1447.0,1,0,0,0,0,0,0,0,0,8,0,,67,12,2006,6,39.9507,-75.1627,1445.0,6,0,0,0,0,0,0,1,0,,0,0,0,14,1,1,1,,0.0,39 57:02.541,,0,75 09:45.727,8,0,0,0,67301,1,0,0,N,1,0,0,3,67301,0,,9,1,,N,N,,0,,0,0,0,9,2,,1440,1,2,0,0,2,1,0,3,4,0,1,3,,N,,,,,,,,,,,
2007022702,1015.0,1,0,0,0,0,0,0,0,0,1,0,,67,12,2006,2,39.9598,-75.1784,1010.0,6,0,0,0,0,0,0,0,0,,0,0,0,10,1,0,0,,0.0,39 57:35.280,,0,75 10:42.240,0,0,0,0,67301,0,0,0,N,0,0,0,2,67301,0,,1,1,,N,N,,1,,0,0,0,0,0,,1003,0,2,0,0,0,0,0,3,4,0,2,3,,N,,,,,,,,,,,
2007021550,822.0,0,0,0,1,0,0,0,0,0,5,0,,67,12,2006,5,39.9592,-75.2311,822.0,6,0,0,0,0,0,0,0,0,1.0,0,0,0,8,1,1,1,,1.0,39 57:33.000,3.0,0,75 13:51.938,4,0,0,0,67301,1,0,0,,0,0,0,2,67301,1,,1,1,,N,N,,0,,0,0,1,3,2,N,820,1,2,0,0,0,0,0,3,4,0,1,3,,N,,,,,,,,,,,
2007009806,1802.0,1,0,0,0,0,0,0,0,0,1,0,,67,11,2006,3,40.0232,-75.0797,1800.0,6,0,0,0,0,0,1,0,0,1.0,0,0,0,17,3,2,0,,1.0,40 01:23.667,4.0,0,75 04:46.779,4,0,0,0,67301,0,0,0,N,0,0,0,3,67301,2,,1,1,,N,N,,0,,0,0,2,0,0,N,1755,2,3,0,0,0,0,0,3,4,0,3,3,,N,,,,,,,,,,,
2007009815,1005.0,1,0,0,0,0,0,1,0,0,4,1,,67,11,2006,3,40.0179,-75.1493,956.0,6,0,0,0,0,1,1,0,0,,0,0,0,9,1,2,1,,0.0,40 01:04.000,,0,75 08:57.510,4,0,0,0,67301,0,0,0,,0,0,0,4,67301,2,,2,1,,,,,0,,0,0,0,3,2,,950,2,2,0,0,0,0,0,3,4,0,2,3,,N,,,,,,,,,,,
2007009847,2243.0,2,0,0,0,0,0,0,0,0,5,0,,67,12,2006,7,39.957,-75.1474,2242.0,6,0,0,0,0,0,0,0,0,,0,0,0,22,3,0,0,,0.0,39 57:25.100,,0,75 08:50.800,9,0,0,0,67301,0,0,0,N,0,0,0,4,67301,0,,1,1,,N,N,,0,,0,0,0,0,0,,2241,0,2,0,0,0,0,1,3,4,0,2,3,,N,,,,,,,,,,,
2007007735,2212.0,1,0,0,0,0,0,0,0,0,7,0,,67,12,2006,3,,,2207.0,6,0,0,0,0,0,0,0,0,1.0,0,0,0,21,3,2,0,,1.0,,2.0,0,,4,0,0,0,67301,0,0,0,N,0,0,0,2,67301,1,,3,1,,N,N,,0,,0,0,0,0,0,N,2155,2,1,0,0,0,1,0,3,3,0,1,3,,N,,,,,,,,,,,
2007007756,1710.0,0,0,0,0,0,0,0,0,0,8,0,,67,11,2006,4,39.9934,-75.1289,1705.0,6,0,0,0,0,0,0,0,0,,0,0,0,17,1,1,2,,0.0,39 59:36.096,,0,75 07:43.863,4,0,0,0,67301,1,0,0,N,1,0,0,2,67301,1,,1,1,,N,N,,1,,0,0,0,3,3,,1704,1,2,0,0,0,0,0,3,4,0,1,3,,N,,,,,,,,,,,
2007010240,230.0,0,0,0,0,0,0,0,0,0,4,0,,67,12,2006,7,39.9615,-75.1517,227.0,6,0,0,0,0,0,0,0,0,1.0,0,0,0,2,3,1,1,,2.0,39 57:41.000,2.0,0,75 09:06.379,4,0,0,0,67301,0,0,0,N,0,0,0,3,67301,1,,1,1,,N,N,,1,,0,0,1,3,2,Y,220,1,2,0,0,0,0,0,3,4,0,2,3,,N,,,,,,,,,,,
2007010294,1257.0,0,0,0,0,0,0,0,0,0,7,0,,67,11,2006,4,40.0713,-75.1545,1257.0,6,0,0,0,0,0,0,0,0,,0,0,0,12,1,1,1,,0.0,40 04:16.695,,0,75 09:16.031,4,0,0,0,67301,0,0,0,N,0,0,0,1,67301,1,,5,9,,N,N,,1,,0,0,0,3,2,,1254,1,1,0,0,0,0,0,3,4,0,1,7,,N,,,,,,,,,,,
2007020872,1813.0,1,0,0,0,0,0,0,0,0,1,0,,67,12,2006,5,40.0239,-75.0473,1811.0,6,0,0,0,0,0,0,0,0,,0,0,0,18,3,1,0,,0.0,40 01:25.000,,0,75 02:50.229,4,0,0,0,67301,0,0,0,,0,0,0,4,67301,1,,1,1,,,,,1,,0,0,0,3,2,,1810,1,2,0,0,0,0,1,3,4,0,2,3,,N,,,,,,,,,,,
2007033370,,2,0,0,0,0,0,0,0,0,1,0,,67,4,2006,1,,,,6,0,0,0,1,0,0,0,0,,0,0,0,1,6,1,0,,0.0,,,0,,8,0,0,0,67301,0,0,0,N,0,0,0,2,,0,,1,1,,N,N,,0,,0,0,0,0,0,,130,1,2,0,0,0,1,0,3,3,0,2,3,,N,,,,,,,,,,,
2007009379,310.0,0,0,0,0,0,0,0,0,0,8,0,,67,12,2006,7,39.9483,-75.1438,305.0,6,0,0,0,0,0,0,0,0,,0,0,0,2,3,1,0,,0.0,39 56:54.000,,0,75 08:37.504,4,0,0,0,67301,1,0,0,N,1,0,0,2,67301,1,,1,1,,N,N,,0,,0,0,1,3,2,,210,1,2,0,0,0,0,1,3,4,0,1,3,,N,,,,,,,,,,,
2007006887,1720.0,1,0,0,0,0,0,0,0,0,4,0,,67,12,2006,7,40.0567,-75.1408,1713.0,6,0,0,0,0,0,1,0,0,,0,0,0,17,3,1,1,,0.0,40 03:24.073,,0,75 08:26.746,3,0,0,0,67301,0,0,0,N,0,0,0,4,67301,0,,1,1,,N,N,,0,,1,0,1,3,2,,1700,1,2,0,0,1,0,0,3,4,0,2,3,,N,,,,,,,,,,,
2007006956,156.0,2,0,0,0,0,0,0,0,0,4,0,,67,11,2006,2,39.9506,-75.1617,154.0,6,0,0,0,0,0,0,0,0,,0,0,0,1,3,2,1,,0.0,39 57:02.000,,0,75 09:42.004,3,0,0,0,67301,0,0,0,,0,0,0,3,67301,1,,1,1,,N,N,,0,,1,0,0,3,2,,151,2,2,0,0,0,0,0,3,4,0,2,3,,N,,,,,,,,,,,
2007006959,1452.0,2,0,0,0,0,0,0,0,0,4,0,,67,11,2006,6,39.9864,-75.2376,1449.0,6,0,0,0,0,0,0,0,0,,0,0,0,14,1,0,1,,0.0,39 59:11.022,,0,75 14:15.223,0,0,0,0,67301,0,0,0,N,0,0,0,5,67301,0,,1,1,,N,N,,0,,0,0,0,2,2,,1445,0,2,0,0,0,0,0,3,4,0,2,3,,N,,,,,,,,,,,
2007009183,1203.0,3,0,0,0,0,0,0,0,0,1,0,,67,12,2006,7,40.0507,-75.1732,1200.0,6,0,0,0,0,0,0,0,0,,0,0,0,11,1,2,0,,0.0,40 03:02.000,,0,75 10:23.527,4,0,0,0,67301,0,0,0,N,0,0,0,4,67301,2,,1,1,,N,N,,0,,0,0,0,0,0,,1130,2,3,0,0,0,0,0,3,4,0,3,3,,N,,,,,,,,,,,
2007008972,845.0,1,0,0,0,0,0,0,0,0,8,0,,67,12,2006,7,39.9217,-75.191,845.0,6,0,0,0,0,0,0,0,0,,0,0,0,8,1,1,0,,0.0,39 55:17.760,,1,75 11:27.960,8,0,0,0,67301,1,0,0,N,1,0,0,2,67301,0,,1,1,,N,N,,0,,0,0,0,0,0,,840,1,2,0,0,0,1,0,3,4,0,1,3,,N,,,,,,,,,,,
2007022853,2002.0,2,0,0,0,0,0,0,0,0,1,0,,67,12,2006,4,40.1121,-74.9907,2002.0,6,0,0,0,0,0,1,0,0,9.0,0,0,0,17,3,2,0,,1.0,40 06:43.694,1.0,0,74 59:26.387,4,0,0,0,67301,0,0,0,N,0,0,0,4,67301,2,,1,1,,N,N,,1,,0,0,0,3,7,N,1702,2,3,0,0,0,0,0,3,4,0,3,3,,N,,,,,,,,,,,
2007022857,1120.0,2,0,0,0,0,0,0,0,0,1,0,,67,12,2006,6,40.0414,-75.0281,1110.0,6,0,0,0,0,0,1,0,0,,0,0,0,11,1,2,0,,0.0,40 02:29.000,,0,75 01:41.069,3,0,0,0,67301,0,0,0,N,0,0,0,4,67301,1,,1,1,,N,N,,1,,1,0,1,0,0,,1105,2,4,0,0,0,0,0,3,4,0,4,3,,N,,,,,,,,,,,
2007022746,2038.0,1,0,0,0,0,0,0,0,0,4,0,,67,12,2006,5,40.045,-75.152,2036.0,6,0,0,0,0,0,0,0,0,,0,0,0,19,2,1,2,,0.0,40 02:42.154,,0,75 09:07.189,4,0,0,0,67301,0,0,0,N,0,0,0,4,67301,1,,1,1,,N,N,,1,,0,0,0,9,3,,1947,1,2,0,0,3,0,1,3,4,0,2,3,,N,,,,,,,,,,,
2007022753,1159.0,1,0,0,0,0,0,0,0,0,7,0,,67,12,2006,1,40.0185,-75.1483,1158.0,6,0,0,0,0,0,0,0,0,,0,0,0,11,1,1,0,,0.0,40 01:06.000,,0,75 08:53.857,4,0,0,0,67301,0,0,0,N,0,0,0,1,67301,1,,2,1,,N,N,,0,,0,0,0,3,2,,1157,1,1,0,0,0,0,0,3,4,0,1,3,,N,,,,,,,,,,,
2007009850,9999.0,1,0,0,0,0,0,0,0,0,8,0,,67,11,2006,7,40.0241,-75.1652,1513.0,6,0,0,0,0,0,0,0,0,,0,0,0,99,1,1,1,,0.0,40 01:26.000,,0,75 09:55.065,8,0,0,0,67301,1,0,0,N,1,0,0,2,67301,0,,1,1,,N,N,,0,,0,0,0,0,0,,9999,1,2,0,0,0,1,0,3,4,0,1,3,,N,,,,,,,,,,,
2007010374,1501.0,2,0,0,0,0,0,0,0,0,5,0,,67,12,2006,1,39.9401,-75.185,1500.0,6,0,0,0,0,0,0,0,0,,0,0,0,14,1,1,0,,0.0,39 56:24.423,,0,75 11:06.134,4,0,0,0,67301,0,0,0,N,0,0,0,2,67301,1,,1,1,,N,N,,0,,0,0,0,0,0,,1455,1,2,0,0,0,0,0,3,4,0,2,3,,N,,,,,,,,,,,
2007010375,1105.0,0,0,0,0,0,0,0,0,0,5,1,,67,11,2006,3,39.8968,-75.19,1045.0,6,0,0,0,0,0,0,1,0,9.0,0,1,0,10,1,0,0,,1.0,39 53:49.000,2.0,3,75 11:22.706,0,0,0,0,67301,0,0,0,N,0,0,0,2,67301,0,,1,1,,N,N,,1,,0,0,0,0,0,N,1040,0,2,0,0,0,0,0,3,4,0,2,3,,N,,,,,,,,,,,
2007007693,949.0,1,0,0,0,0,0,0,0,0,1,0,,67,11,2006,3,40.0644,-75.1565,943.0,6,0,0,0,0,0,0,0,0,1.0,0,0,0,9,1,2,5,,1.0,40 03:51.796,5.0,0,75 09:23.446,8,0,0,0,67301,0,0,0,N,0,0,0,4,67301,0,,1,1,,N,N,,0,,0,0,1,3,2,Y,942,2,2,0,0,0,2,1,3,4,0,2,3,,N,,,,,,,,,,,