CRN,ARRIVAL_TM,AUTOMOBILE_COUNT,BELTED_DEATH_COUNT,BELTED_SUSP_SERIOUS_INJ_COUNT,BICYCLE_COUNT,BICYCLE_DEATH_COUNT,BICYCLE_SUSP_SERIOUS_INJ_COUNT,BUS_COUNT,CHLDPAS_DEATH_COUNT,CHLDPAS_SUSP_SERIOUS_INJ_COUNT,COLLISION_TYPE,COMM_VEH_COUNT,CONS_ZONE_SPD_LIM,COUNTY,CRASH_MONTH,CRASH_YEAR,DAY_OF_WEEK,DEC_LAT,DEC_LONG,DISPATCH_TM,DISTRICT,DRIVER_COUNT_16YR,DRIVER_COUNT_17YR,DRIVER_COUNT_18YR,DRIVER_COUNT_19YR,DRIVER_COUNT_20YR,DRIVER_COUNT_50_64YR,DRIVER_COUNT_65_74YR,DRIVER_COUNT_75PLUS,EST_HRS_CLOSED,FATAL_COUNT,HEAVY_TRUCK_COUNT,HORSE_BUGGY_COUNT,HOUR_OF_DAY,ILLUMINATION,INJURY_COUNT,INTERSECT_TYPE,INTERSECTION_RELATED,LANE_CLOSED,LATITUDE,LN_CLOSE_DIR,LOCATION_TYPE,LONGITUDE,MAX_SEVERITY_LEVEL,MCYCLE_DEATH_COUNT,MCYCLE_SUSP_SERIOUS_INJ_COUNT,MOTORCYCLE_COUNT,MUNICIPALITY,NONMOTR_COUNT,NONMOTR_DEATH_COUNT,NONMOTR_SUSP_SERIOUS_INJ_COUNT,NTFY_HIWY_MAINT,PED_COUNT,PED_DEATH_COUNT,PED_SUSP_SERIOUS_INJ_COUNT,PERSON_COUNT,POLICE_AGCY,POSSIBLE_INJ_COUNT,RDWY_SURF_TYPE_CD,RELATION_TO_ROAD,ROAD_CONDITION,ROADWAY_CLEARED,SCH_BUS_IND,SCH_ZONE_IND,SECONDARY_CRASH,SMALL_TRUCK_COUNT,SPEC_JURIS_CD,SUSP_MINOR_INJ_COUNT,SUSP_SERIOUS_INJ_COUNT,SUV_COUNT,TCD_FUNC_CD,TCD_TYPE,TFC_DETOUR_IND,TIME_OF_DAY,TOT_INJ_COUNT,TOTAL_UNITS,UNB_DEATH_COUNT,UNB_SUSP_SERIOUS_INJ_COUNT,UNBELTED_OCC_COUNT,UNK_INJ_DEG_COUNT,UNK_INJ_PER_COUNT,URBAN_AREA,URBAN_RURAL,VAN_COUNT,VEHICLE_COUNT,WEATHER1,WEATHER2,WORK_ZONE_IND,WORK_ZONE_LOC,WORK_ZONE_TYPE,WORKERS_PRES,WZ_CLOSE_DETOUR,WZ_FLAGGER,WZ_LAW_OFFCR_IND,WZ_LN_CLOSURE,WZ_MOVING,WZ_OTHER,WZ_SHLDER_MDN,WZ_WORKERS_INJ_KILLED
2007055364,930.0,1,0,0,0,0,0,0,0,0,1,0,,67,12,2006,1,40.0291,-75.2134,928.0,6,0,0,0,0,0,0,0,0,,0,0,0,9,1,0,1,,0.0,40 01:44.670,,0,75 12:48.095,9,0,0,0,67301,0,0,0,N,0,0,0,1,67301,0,,1,1,,N,N,,0,,0,0,3,3,3,,920,0,5,0,0,0,0,1,3,4,0,5,3,,N,,,,,,,,,,,
2007030213,39.0,1,0,0,0,0,0,0,0,0,7,0,,67,12,2006,5,39.9904,-75.087,38.0,6,0,0,0,0,0,0,0,0,3.0,2,0,0,0,3,0,2,,2.0,39 59:25.000,7.0,0,75 05:13.068,1,0,0,0,67301,0,0,0,N,0,0,0,2,67301,0,2.0,5,1,,N,N,,0,0.0,0,0,0,3,3,Y,37,0,1,0,0,0,0,0,3,4,0,1,3,,N,,,,,,,,,,,
2007031555,2154.0,2,0,0,0,0,0,0,0,0,4,0,,67,7,2006,7,39.9747,-75.2676,2154.0,6,0,1,0,0,0,0,0,0,3.0,1,0,0,21,3,5,1,,2.0,39 58:28.794,7.0,0,75 16:03.280,1,0,0,0,67301,0,0,0,N,0,0,0,6,67301,1,2.0,1,1,,N,N,,0,0.0,1,1,0,3,2,N,2140,5,2,1,0,1,2,0,3,4,0,2,3,,N,,,,,,,,,,,
2007009194,1315.0,2,0,0,0,0,0,0,0,0,4,0,,67,11,2006,4,40.1224,-74.999,1305.0,6,0,0,0,1,0,1,0,0,1.0,0,0,0,13,1,2,2,,1.0,40 07:20.686,6.0,0,74 59:56.273,8,0,0,0,67301,0,0,0,N,0,0,0,2,67301,0,,1,9,,N,N,,0,,0,0,0,3,3,N,1300,2,2,0,0,0,2,0,3,4,0,2,7,,N,,,,,,,,,,,
2007008973,1141.0,1,0,0,0,0,0,0,0,0,8,0,,67,11,2006,5,39.9294,-75.154,1139.0,6,0,0,0,0,0,0,0,0,,0,0,0,11,1,1,0,,0.0,39 55:45.872,,0,75 09:14.526,8,0,0,0,67301,1,0,0,N,1,0,0,2,67301,0,,1,1,,N,N,,0,,0,0,0,0,0,,1139,1,2,0,0,0,1,0,3,4,0,1,3,,N,,,,,,,,,,,
2007022774,216.0,2,0,0,0,0,0,0,0,0,4,0,,67,10,2006,1,39.9282,-75.1602,214.0,6,0,0,0,0,0,0,0,0,,0,0,0,99,3,0,1,,0.0,39 55:41.365,,0,75 09:36.837,9,0,0,0,67301,0,0,0,N,0,0,0,2,67301,0,,1,98,,N,N,,1,,0,0,1,9,3,,9999,0,5,0,0,0,0,2,3,4,1,5,3,,N,,,,,,,,,,,
2007056232,1225.0,2,0,0,0,0,0,0,0,0,4,0,,67,12,2006,4,40.0618,-75.0561,1217.0,6,0,0,0,0,0,0,1,0,,0,0,0,12,1,0,1,,0.0,40 03:42.000,,0,75 03:21.839,9,0,0,0,67301,0,0,0,N,0,0,0,2,67301,0,,1,1,,N,N,,0,,0,0,0,3,2,,1200,0,2,0,0,0,0,1,3,4,0,2,3,,N,,,,,,,,,,,
2007008801,9999.0,1,0,0,0,0,0,0,0,0,1,0,,67,11,2006,1,39.9333,-75.1434,1015.0,6,0,0,0,0,0,0,0,0,,0,0,0,99,1,1,2,,0.0,39 56:00.000,,0,75 08:35.970,8,0,0,0,67301,0,0,0,N,0,0,0,2,67301,0,,1,1,,N,N,,0,,0,0,1,3,2,,9999,1,2,0,0,0,1,0,3,4,0,2,3,,N,,,,,,,,,,,
2007008835,2235.0,3,0,0,0,0,0,0,0,0,4,0,,67,11,2006,6,,,2235.0,6,0,1,0,0,0,0,0,0,,0,0,0,22,3,0,2,,0.0,,,0,,9,0,0,0,67301,0,0,0,N,0,0,0,3,67301,0,,1,1,,N,N,,0,,0,0,0,9,3,,2230,0,3,0,0,0,0,1,3,3,0,3,3,,N,,,,,,,,,,,
2007010502,815.0,2,0,0,0,0,0,0,0,0,4,0,,67,12,2006,2,39.9545,-75.1811,808.0,6,0,0,0,0,0,0,1,0,,0,0,0,8,1,2,1,,0.0,39 57:16.000,,0,75 10:52.799,4,0,0,0,67301,0,0,0,N,0,0,0,3,67301,1,,1,1,,N,N,,0,,0,0,0,3,2,,800,2,2,0,0,0,1,0,3,4,0,2,3,,N,,,,,,,,,,,
2007007959,1422.0,0,0,0,0,0,0,1,0,0,4,1,,67,12,2006,3,39.9598,-75.1566,1420.0,6,0,0,0,0,0,1,0,0,,0,0,0,14,1,1,1,,0.0,39 57:35.161,,0,75 09:23.590,8,0,0,1,67301,0,0,0,N,0,0,0,8,67301,0,,1,1,,Y,N,,0,,0,0,0,9,3,,1418,1,2,0,0,0,1,0,3,4,0,2,3,,N,,,,,,,,,,,
2007010544,1532.0,3,0,0,0,0,0,0,0,0,4,0,,67,11,2006,4,39.9705,-75.1899,1526.0,6,0,0,0,0,0,2,0,0,1.0,0,0,0,15,1,1,0,,2.0,39 58:13.833,5.0,0,75 11:23.459,4,0,0,0,67301,0,0,0,N,0,0,0,5,67301,1,,1,9,,N,N,,0,,0,0,0,0,0,Y,1526,1,3,0,0,0,0,0,3,4,0,3,7,,N,,,,,,,,,,,
2007009763,630.0,0,0,0,0,0,0,1,0,0,4,1,,67,11,2006,2,40.034,-75.0744,623.0,6,0,0,0,0,0,1,0,0,,0,0,0,6,1,2,1,,0.0,40 02:02.000,,0,75 04:27.841,3,0,0,0,67301,0,0,0,N,0,0,0,3,67301,1,,1,9,,Y,N,,1,,1,0,0,3,2,,620,2,2,0,0,0,0,0,3,4,0,2,7,,N,,,,,,,,,,,
2007009831,1107.0,2,0,0,0,0,0,0,0,0,4,0,,67,11,2006,4,39.9633,-75.1874,1104.0,6,0,0,0,1,0,1,0,0,,0,0,0,11,1,0,1,,0.0,39 57:48.000,,0,75 11:14.695,0,0,0,0,67301,0,0,0,N,0,0,0,3,67301,0,,1,1,,N,N,,0,,0,0,0,3,2,,1100,0,2,0,0,0,0,0,3,4,0,2,3,,N,,,,,,,,,,,
2007007765,1730.0,1,0,0,0,0,0,0,0,0,4,0,,67,12,2006,3,40.0394,-75.0774,1730.0,6,0,0,0,0,0,1,0,0,,0,0,0,17,3,4,1,,0.0,40 02:21.000,,0,75 04:38.791,4,0,0,0,67301,0,0,0,,0,0,0,4,67301,4,,1,1,,,,,0,,0,0,2,3,2,,1730,4,3,0,0,0,0,0,3,4,0,3,3,,N,,,,,,,,,,,
2007020853,804.0,0,0,0,0,0,0,0,0,0,7,0,,67,12,2006,6,40.0281,-75.1062,800.0,6,0,0,0,0,0,0,0,0,,0,0,0,8,1,0,0,,0.0,40 01:41.000,,7,75 06:22.448,9,0,0,0,67301,0,0,0,N,0,0,0,1,67301,0,,5,1,,N,N,,0,,0,0,1,3,2,,800,0,1,0,0,0,0,1,3,4,0,1,3,,N,,,,,,,,,,,
2007032733,,1,0,0,0,0,0,0,0,0,1,0,,67,12,2006,5,39.9544,-75.1397,,6,0,0,0,0,0,0,0,0,,0,0,0,15,1,1,0,,0.0,39 57:15.000,,0,75 08:22.941,8,0,0,0,67301,0,0,0,N,0,0,0,2,,0,,1,1,,N,N,,0,,0,0,1,0,0,,1505,1,2,0,0,0,1,1,3,4,0,2,3,,N,,,,,,,,,,,
2007008968,306.0,1,0,0,0,0,0,0,0,0,7,0,,67,2,2006,6,39.9916,-75.1606,303.0,6,0,0,0,0,0,0,0,0,,0,0,0,3,3,1,1,,0.0,39 59:29.702,,0,75 09:38.235,8,0,0,0,67301,1,0,0,N,1,0,0,2,67301,0,,2,1,,N,N,,0,,0,0,0,9,9,,303,1,2,0,0,0,1,0,3,4,0,1,3,,N,,,,,,,,,,,
2007032648,,1,0,0,0,0,0,0,0,0,1,0,,67,10,2006,5,39.9959,-75.0921,,6,0,0,0,0,0,1,0,0,,0,0,0,99,1,2,1,,0.0,39 59:45.000,,0,75 05:31.432,3,0,0,0,67301,0,0,0,N,0,0,0,4,,0,,1,1,,N,N,,0,,2,0,0,0,0,,9999,2,3,0,0,0,0,2,3,4,0,3,3,,N,,,,,,,,,,,
2007022334,322.0,1,0,0,0,0,0,0,0,0,4,0,,67,12,2006,7,40.0072,-75.1234,321.0,6,0,0,0,0,1,0,0,0,,0,0,0,3,3,0,1,,0.0,40 00:25.000,,0,75 07:24.379,0,0,0,0,67301,0,0,0,N,0,0,0,3,67301,0,,1,1,,N,N,,0,,0,0,0,3,2,,317,0,2,0,0,0,0,0,3,4,1,2,7,,N,,,,,,,,,,,
2007022856,1000.0,2,0,0,0,0,0,0,0,0,2,0,,67,12,2006,6,40.0808,-75.0284,952.0,6,0,0,0,0,0,1,0,1,,0,0,0,9,1,1,1,,0.0,40 04:50.000,,0,75 01:42.489,4,0,0,0,67301,0,0,0,N,0,0,0,3,67301,1,,1,9,,N,N,,0,,0,0,1,3,2,,945,1,3,0,0,0,0,0,3,4,0,3,7,,N,,,,,,,,,,,
2008038087,2256.0,1,0,0,0,0,0,0,0,0,8,0,,67,11,2006,2,40.0177,-75.1501,2256.0,6,0,0,0,0,0,0,0,0,3.0,0,0,0,22,3,1,0,,2.0,40 01:03.667,6.0,0,75 09:00.215,2,0,0,0,67301,1,0,1,N,1,0,1,2,67301,0,,1,1,,N,N,,0,,0,1,0,0,0,Y,2253,1,2,0,0,0,0,0,3,4,0,1,3,,N,,,,,,,,,,,
2007007124,1210.0,1,0,0,0,0,0,0,0,0,4,0,,67,12,2006,6,40.0239,-75.1105,1202.0,6,0,0,0,0,0,1,0,0,,0,0,0,12,1,1,2,,0.0,40 01:26.024,,0,75 06:37.633,4,0,0,0,67301,0,0,0,,0,0,0,1,67301,1,,1,9,,,,,1,,0,0,0,0,0,,1200,1,2,0,0,0,0,0,3,4,0,2,7,,N,,,,,,,,,,,
2007007163,130.0,1,0,0,0,0,0,0,0,0,8,0,,67,11,2006,1,40.0171,-75.1512,124.0,6,0,0,0,0,0,0,0,0,,0,0,0,1,3,1,3,,0.0,40 01:01.528,,0,75 09:04.326,4,0,0,0,67301,1,0,0,N,1,0,0,2,67301,1,,1,1,,N,N,,0,,0,0,0,9,2,,124,1,2,0,0,0,0,0,3,4,0,1,3,,N,,,,,,,,,,,
2007010291,305.0,3,0,0,0,0,0,0,0,0,5,0,,67,12,2006,3,39.9899,-75.1142,303.0,6,0,0,0,0,0,0,0,0,,0,0,0,21,3,0,0,,0.0,39 59:23.514,,0,75 06:51.242,0,0,0,0,67301,0,0,0,N,0,0,0,1,67301,0,,6,1,,N,N,,0,,0,0,0,0,0,,2142,0,3,0,0,0,0,0,3,4,0,3,3,,N,,,,,,,,,,,
2007020855,1938.0,1,0,0,0,0,0,0,0,0,8,0,,67,12,2006,4,40.0768,-75.1703,1932.0,6,0,0,0,0,0,0,0,0,,0,0,0,19,3,1,1,,0.0,40 04:36.400,,0,75 10:13.000,4,0,0,0,67301,1,0,0,N,1,0,0,2,67301,1,,1,1,,N,N,,0,,0,0,0,3,3,,1930,1,2,0,0,0,0,0,3,4,0,1,3,,N,,,,,,,,,,,
2007009376,100.0,1,0,0,0,0,0,0,0,0,7,0,,67,11,2006,1,39.958,-75.1488,58.0,6,0,0,0,0,0,0,0,0,,0,0,0,0,3,2,3,,0.0,39 57:28.949,,99,75 08:55.728,3,0,0,0,67301,0,0,0,N,0,0,0,2,67301,1,,5,1,,N,N,,0,,1,0,0,0,0,,51,2,1,0,0,0,0,0,3,4,0,1,3,,N,,,,,,,,,,,
2007007117,1105.0,1,0,0,0,0,0,1,0,0,4,1,,67,11,2006,2,40.054,-75.0489,1046.0,6,0,0,0,0,0,0,0,0,,0,0,0,10,1,27,1,,0.0,40 03:14.000,,0,75 02:56.032,8,0,0,0,67301,0,0,0,N,0,0,0,28,67301,0,,1,1,,N,N,,1,,0,0,0,3,2,,1018,27,3,0,0,0,27,0,3,4,0,3,3,,N,,,,,,,,,,,
2007022700,1747.0,2,0,0,0,0,0,0,0,0,2,0,,67,12,2006,4,39.9613,-75.2471,1732.0,6,0,0,0,0,0,0,0,0,,0,0,0,16,3,0,3,,0.0,39 57:34.000,,0,75 14:50.654,0,0,0,0,67301,0,0,0,N,0,0,0,0,67301,0,,1,1,,N,N,,0,,0,0,0,0,0,,1657,0,2,0,0,0,0,0,3,4,0,2,3,,N,,,,,,,,,,,
2007022742,1235.0,0,0,0,0,0,0,0,0,0,7,0,,67,12,2006,2,40.0071,-75.094,1230.0,6,0,0,0,0,0,0,0,0,,0,0,0,12,1,0,1,,0.0,40 00:25.549,,0,75 05:38.543,0,0,0,0,67301,0,0,0,N,0,0,0,1,67301,0,,4,1,,N,N,,0,,0,0,1,3,2,,1223,0,1,0,0,0,0,0,3,4,0,1,3,,N,,,,,,,,,,,
2007022748,1805.0,1,0,0,0,0,0,0,0,0,8,0,,67,12,2006,3,40.0369,-75.1211,1800.0,6,0,0,0,0,0,1,0,0,,0,0,0,17,3,1,1,,0.0,40 02:12.681,,0,75 07:15.877,4,0,0,0,67301,1,0,0,N,1,0,0,2,67301,1,,1,9,,N,N,,0,,0,0,0,3,2,,1758,1,2,0,0,0,0,0,3,4,0,1,7,,N,,,,,,,,,,,
2006055153,1508.0,2,0,0,0,0,0,0,0,0,1,0,,67,4,2006,7,40.037,-75.0402,1502.0,6,0,0,0,0,0,1,0,1,,0,0,0,15,1,3,0,,0.0,40 02:13.000,,0,75 02:24.744,4,0,0,0,67301,0,0,0,N,0,0,0,7,67301,2,,1,1,,N,N,,0,,0,0,2,0,0,,1500,3,6,0,0,0,1,0,3,4,2,6,3,,N,,,,,,,,,,,
2006055152,1435.0,2,0,0,0,0,0,0,0,0,2,0,,67,4,2006,7,40.034,-75.0744,1433.0,6,0,0,1,0,0,1,0,0,,0,0,0,14,1,4,1,,0.0,40 02:02.000,,0,75 04:27.841,4,0,0,0,67301,0,0,0,N,0,0,0,5,67301,1,,1,9,,N,N,,0,,0,0,0,3,2,,1430,4,3,0,0,0,3,0,3,4,1,3,7,,N,,,,,,,,,,,
2006055371,1738.0,1,0,0,1,0,0,0,0,0,2,0,,67,3,2006,2,,,1730.0,6,0,0,0,0,0,0,0,0,,0,0,0,17,1,1,0,,0.0,,,7,,3,0,0,0,67301,1,0,0,,0,0,0,3,67301,0,,1,1,,N,N,,0,,1,0,0,0,0,,1730,1,2,0,0,0,0,0,3,3,0,1,3,,N,,,,,,,,,,,
2006032951,1500.0,2,0,0,0,0,0,0,0,0,4,0,,67,1,2006,5,40.0423,-75.0846,1454.0,6,0,1,0,0,0,1,0,0,,0,0,0,14,1,1,0,,0.0,40 02:32.269,,7,75 05:04.711,4,0,0,0,67301,0,0,0,N,0,0,0,2,67301,1,,1,1,,N,N,,0,,0,0,0,0,0,,1454,1,2,0,0,1,0,1,3,4,0,2,3,,N,,,,,,,,,,,
2006092882,1008.0,2,0,0,0,0,0,0,0,0,4,0,,67,8,2006,2,40.0446,-75.0547,1008.0,6,0,0,0,0,0,0,0,0,,0,0,0,10,1,0,1,,0.0,40 02:40.000,,0,75 03:16.876,0,0,0,0,67301,0,0,0,N,0,0,0,2,67301,0,,1,1,,,,,0,,0,0,0,3,2,,1000,0,2,0,0,0,0,0,3,4,0,2,3,,N,,,,,,,,,,,
2006056389,2300.0,1,0,0,0,0,0,0,0,0,8,0,,67,3,2006,2,39.9485,-75.2071,2300.0,6,0,0,0,0,0,0,0,0,,0,0,0,8,1,1,1,,0.0,39 56:54.000,,0,75 12:25.456,4,0,0,0,67301,1,0,0,N,1,0,0,2,67301,1,,1,98,,N,N,,0,,0,0,0,0,0,,840,1,2,0,0,0,0,1,3,4,0,1,99,,N,,,,,,,,,,,
2006056348,2016.0,1,0,0,0,0,0,0,0,0,8,1,,67,4,2006,2,,,2015.0,6,0,0,0,0,0,0,0,0,,0,1,0,20,3,1,0,,0.0,,,0,,3,0,0,0,67301,1,0,0,N,1,0,0,1,67301,0,,6,1,,N,N,,0,,1,0,0,0,0,,2000,1,3,0,0,0,0,0,3,3,0,2,3,,N,,,,,,,,,,,
2006056320,802.0,1,0,0,0,0,0,0,0,0,4,0,,67,3,2006,3,40.0368,-75.0407,758.0,6,0,0,0,0,0,1,0,0,,0,0,0,7,1,1,1,,0.0,40 02:12.000,,0,75 02:27.782,4,0,0,0,67301,0,0,0,N,0,0,0,3,67301,1,,1,1,,N,N,,0,,0,0,0,3,2,,755,1,2,0,0,0,0,0,3,4,1,2,3,,N,,,,,,,,,,,
2006056010,2210.0,2,0,0,0,0,0,0,0,0,1,0,,67,3,2006,7,39.9566,-75.1408,2203.0,6,0,0,0,0,1,0,0,0,,0,0,0,21,3,0,8,,0.0,39 57:24.840,,0,75 08:26.520,0,0,0,0,67301,0,0,0,N,0,0,0,3,67301,0,,2,9,,N,N,,0,,0,0,0,0,0,,2159,0,2,0,0,0,0,0,3,4,0,2,7,,N,,,,,,,,,,,
2006056009,1955.0,0,0,0,0,0,0,0,0,0,7,0,,67,3,2006,6,39.9459,-75.1675,1946.0,6,0,0,0,0,0,0,0,0,,0,0,0,19,3,0,0,,0.0,39 56:45.110,,0,75 10:02.928,0,0,0,0,67301,0,0,0,N,0,0,0,1,67301,0,,4,1,,N,N,,1,,0,0,0,3,2,,1945,0,1,0,0,0,0,0,3,4,0,1,3,,N,,,,,,,,,,,
2006056110,359.0,1,0,0,0,0,0,0,0,0,3,0,,67,4,2006,2,40.0536,-75.178,352.0,6,0,0,0,0,0,0,0,0,,0,0,0,99,3,0,0,,0.0,40 03:12.000,,0,75 10:40.711,0,0,0,0,67301,0,0,0,N,0,0,0,1,67301,0,,6,1,,N,N,,0,,0,0,0,0,0,,9999,0,2,0,0,0,0,0,3,4,1,2,3,,N,,,,,,,,,,,
2006056061,1205.0,1,0,0,0,0,0,0,0,0,7,0,,67,4,2006,6,,,1202.0,6,0,0,0,0,0,0,0,0,1.0,0,0,0,12,1,0,0,,2.0,,6.0,0,,0,0,0,0,67301,0,0,0,N,0,0,0,1,67301,0,,4,9,,N,N,,0,,0,0,0,0,0,Y,1200,0,1,0,0,0,0,0,3,3,0,1,7,,N,,,,,,,,,,,
2006055830,835.0,1,0,0,0,0,0,0,0,0,8,0,,67,3,2006,6,40.0488,-75.162,828.0,6,0,0,0,0,0,0,0,0,,0,0,0,7,1,1,0,,0.0,40 02:55.506,,0,75 09:43.103,4,0,0,0,67301,1,0,0,,1,0,0,2,67301,1,,1,1,,N,N,,0,,0,0,0,0,0,,755,1,2,0,0,0,0,1,3,4,0,1,3,,N,,,,,,,,,,,
2006105833,1935.0,3,0,0,0,0,0,0,0,0,1,0,,67,8,2006,3,40.0566,-75.0466,1930.0,6,0,0,0,0,0,1,0,0,2.0,0,0,0,19,3,2,1,,2.0,40 03:24.000,2.0,0,75 02:49.137,4,0,0,0,67301,0,0,0,N,0,0,0,9,67301,2,,1,9,,N,N,,0,,0,0,1,3,2,Y,1925,2,4,0,0,0,0,0,3,4,0,4,7,,N,,,,,,,,,,,
2006096026,2129.0,1,0,0,0,0,0,0,0,0,4,0,,67,7,2006,7,40.0377,-75.0424,2125.0,6,0,0,0,0,0,1,0,0,,0,0,0,20,3,0,2,,0.0,40 02:15.000,,0,75 02:33.132,9,0,0,0,67301,0,0,0,N,0,0,0,2,67301,0,,1,9,,N,N,,0,,0,0,0,3,2,,2046,0,3,0,0,1,0,1,3,4,1,3,7,,N,,,,,,,,,,,
2006114414,1628.0,0,0,0,0,0,0,0,0,0,8,0,,67,10,2006,1,39.943,-75.1517,1626.0,6,0,0,0,0,0,0,0,0,3.0,1,0,0,16,1,0,0,,2.0,39 56:34.711,4.0,0,75 09:06.069,1,0,0,0,67301,1,1,0,N,1,1,0,2,67301,0,2.0,1,1,,N,N,,0,0.0,0,0,1,0,0,Y,1615,0,2,0,0,0,0,0,3,4,0,1,3,,N,,,,,,,,,,,
2006102609,2130.0,1,0,0,0,0,0,0,0,0,4,0,,67,8,2006,1,,,2105.0,6,0,0,0,0,1,0,0,0,,0,0,0,99,2,2,1,,0.0,,,0,,3,0,0,1,67301,0,0,0,,0,0,0,3,67301,1,,1,1,,N,N,,0,,1,0,0,3,2,,9999,2,2,0,0,0,0,0,3,3,0,2,3,,N,,,,,,,,,,,
2006124002,835.0,1,0,0,0,0,0,0,0,0,8,0,,67,10,2006,6,40.0402,-75.214,829.0,6,0,0,0,0,0,0,0,0,,0,0,0,8,1,1,2,,0.0,40 02:24.000,,0,75 12:50.362,4,0,0,0,67301,1,0,0,N,1,0,0,2,67301,1,,1,9,,N,N,,0,,0,0,0,9,2,,825,1,2,0,0,0,0,0,3,4,0,1,7,,N,,,,,,,,,,,
2006083307,430.0,2,0,0,0,0,0,0,0,0,2,0,,67,6,2006,6,39.9554,-75.1882,422.0,6,0,0,0,0,0,1,0,0,,0,0,0,16,1,0,2,,0.0,39 57:19.000,,0,75 11:17.648,0,0,0,0,67301,0,0,0,N,0,0,0,2,67301,0,,1,1,,N,N,,0,,0,0,0,3,2,,1600,0,2,0,0,0,0,0,3,4,0,2,3,,N,,,,,,,,,,,
2006080900,1230.0,1,0,0,0,0,0,0,0,0,7,0,,67,6,2006,3,,,1225.0,6,0,0,0,0,0,0,0,0,,0,0,0,12,1,1,0,,0.0,,,0,,4,0,0,0,67301,0,0,0,N,0,0,0,2,67301,1,,2,9,,N,N,,0,,0,0,0,0,0,,1225,1,1,0,0,0,0,0,3,3,0,1,7,,N,,,,,,,,,,,
2006080971,1834.0,1,0,0,0,0,0,0,0,0,8,0,,67,7,2006,2,39.9946,-75.1475,1830.0,6,0,0,0,0,0,0,0,0,,0,0,0,12,1,1,0,,0.0,39 59:40.487,,0,75 08:50.911,8,0,0,0,67301,1,0,0,N,1,0,0,2,67301,0,,4,1,,N,N,,0,,0,0,0,0,0,,1200,1,2,0,0,0,1,0,3,4,0,1,3,,N,,,,,,,,,,,
2006080974,1311.0,1,0,0,0,0,0,0,0,0,5,0,,67,6,2006,2,39.9577,-75.1624,1311.0,6,0,0,0,0,0,0,1,0,1.0,0,0,0,13,1,1,1,,1.0,39 57:27.000,1.0,0,75 09:44.119,4,0,0,0,67301,0,0,0,N,0,0,0,5,67301,1,,1,9,,N,N,,0,,0,0,0,3,2,N,1305,1,2,0,0,1,0,0,3,4,1,2,7,,N,,,,,,,,,,,
2006081077,1541.0,1,0,0,0,0,0,0,0,0,8,0,,67,7,2006,6,39.9575,-75.2173,1540.0,6,0,0,0,0,0,0,0,0,1.0,0,0,0,15,1,1,1,,2.0,39 57:27.000,5.0,0,75 13:02.452,4,0,0,0,67301,1,0,0,N,1,0,0,2,67301,1,,1,1,,N,N,,0,,0,0,0,9,2,N,1537,1,2,0,0,0,0,0,3,4,0,1,3,,N,,,,,,,,,,,
2006105772,1536.0,1,0,0,0,0,0,0,0,0,8,0,,67,9,2006,5,40.0302,-75.18,1532.0,6,0,0,0,0,0,0,0,0,,0,0,0,15,1,1,0,,0.0,40 01:48.821,,0,75 10:47.979,8,0,0,0,67301,1,0,0,N,1,0,0,2,67301,0,,1,9,,N,N,,0,,0,0,0,0,0,,1530,1,2,0,0,1,1,0,3,4,0,1,7,,N,,,,,,,,,,,
2006105819,855.0,2,0,0,0,0,0,0,0,0,1,0,,67,8,2006,4,40.0468,-75.1375,849.0,6,0,0,0,0,0,0,0,0,,0,0,0,8,1,1,1,,0.0,40 02:48.480,,0,75 08:15.360,8,0,0,0,67301,0,0,0,N,0,0,0,2,67301,0,,1,9,,N,N,,0,,0,0,0,3,2,,849,1,2,0,0,0,1,0,3,4,0,2,7,,N,,,,,,,,,,,
2006055979,1318.0,2,0,0,0,0,0,0,0,0,1,0,,67,4,2006,1,40.0567,-75.1399,1318.0,6,0,0,0,0,0,0,0,1,,0,0,0,12,1,0,1,,0.0,40 03:24.000,,0,75 08:23.499,0,0,0,0,67301,0,0,0,N,0,0,0,2,67301,0,,1,1,,N,N,,0,,0,0,0,3,2,,1218,0,2,0,0,0,0,0,3,4,0,2,3,,N,,,,,,,,,,,
2006055991,1655.0,1,0,0,0,0,0,0,0,0,4,0,,67,4,2006,2,,,1645.0,6,0,0,1,0,0,1,0,0,,0,0,0,16,1,1,2,,0.0,,,0,,3,0,0,1,67301,0,0,0,,0,0,0,2,67301,0,,1,1,,N,N,,0,,1,0,0,0,0,,1645,1,2,0,0,0,0,0,3,3,0,2,3,,N,,,,,,,,,,,
2006056011,412.0,0,0,0,0,0,0,0,0,0,4,0,,67,3,2006,1,39.961,-75.1822,400.0,6,0,0,0,0,0,0,0,0,9.0,0,0,0,4,3,4,0,,1.0,39 57:40.000,3.0,0,75 10:56.649,4,0,0,0,67301,4,0,0,N,0,0,0,6,67301,4,,1,9,,N,N,,0,,0,0,1,0,0,Y,400,4,2,0,0,0,0,0,3,4,1,2,7,,N,,,,,,,,,,,