CRN,ARRIVAL_TM,AUTOMOBILE_COUNT,BELTED_DEATH_COUNT,BELTED_SUSP_SERIOUS_INJ_COUNT,BICYCLE_COUNT,BICYCLE_DEATH_COUNT,BICYCLE_SUSP_SERIOUS_INJ_COUNT,BUS_COUNT,CHLDPAS_DEATH_COUNT,CHLDPAS_SUSP_SERIOUS_INJ_COUNT,COLLISION_TYPE,COMM_VEH_COUNT,CONS_ZONE_SPD_LIM,COUNTY,CRASH_MONTH,CRASH_YEAR,DAY_OF_WEEK,DEC_LAT,DEC_LONG,DISPATCH_TM,DISTRICT,DRIVER_COUNT_16YR,DRIVER_COUNT_17YR,DRIVER_COUNT_18YR,DRIVER_COUNT_19YR,DRIVER_COUNT_20YR,DRIVER_COUNT_50_64YR,DRIVER_COUNT_65_74YR,DRIVER_COUNT_75PLUS,EST_HRS_CLOSED,FATAL_COUNT,HEAVY_TRUCK_COUNT,HORSE_BUGGY_COUNT,HOUR_OF_DAY,ILLUMINATION,INJURY_COUNT,INTERSECT_TYPE,INTERSECTION_RELATED,LANE_CLOSED,LATITUDE,LN_CLOSE_DIR,LOCATION_TYPE,LONGITUDE,MAX_SEVERITY_LEVEL,MCYCLE_DEATH_COUNT,MCYCLE_SUSP_SERIOUS_INJ_COUNT,MOTORCYCLE_COUNT,MUNICIPALITY,NONMOTR_COUNT,NONMOTR_DEATH_COUNT,NONMOTR_SUSP_SERIOUS_INJ_COUNT,NTFY_HIWY_MAINT,PED_COUNT,PED_DEATH_COUNT,PED_SUSP_SERIOUS_INJ_COUNT,PERSON_COUNT,POLICE_AGCY,POSSIBLE_INJ_COUNT,RDWY_SURF_TYPE_CD,RELATION_TO_ROAD,ROAD_CONDITION,ROADWAY_CLEARED,SCH_BUS_IND,SCH_ZONE_IND,SECONDARY_CRASH,SMALL_TRUCK_COUNT,SPEC_JURIS_CD,SUSP_MINOR_INJ_COUNT,SUSP_SERIOUS_INJ_COUNT,SUV_COUNT,TCD_FUNC_CD,TCD_TYPE,TFC_DETOUR_IND,TIME_OF_DAY,TOT_INJ_COUNT,TOTAL_UNITS,UNB_DEATH_COUNT,UNB_SUSP_SERIOUS_INJ_COUNT,UNBELTED_OCC_COUNT,UNK_INJ_DEG_COUNT,UNK_INJ_PER_COUNT,URBAN_AREA,URBAN_RURAL,VAN_COUNT,VEHICLE_COUNT,WEATHER1,WEATHER2,WORK_ZONE_IND,WORK_ZONE_LOC,WORK_ZONE_TYPE,WORKERS_PRES,WZ_CLOSE_DETOUR,WZ_FLAGGER,WZ_LAW_OFFCR_IND,WZ_LN_CLOSURE,WZ_MOVING,WZ_OTHER,WZ_SHLDER_MDN,WZ_WORKERS_INJ_KILLED
2006092786,1137.0,2,0,0,0,0,0,0,0,0,4,0,,67,8,2006,3,40.0968,-75.0222,1134.0,6,0,0,0,0,0,1,0,1,,0,0,0,11,1,2,2,,0.0,40 05:48.372,,0,75 01:19.937,8,0,0,0,67301,0,0,0,N,0,0,0,2,67301,0,,1,1,,N,N,,0,,0,0,0,2,3,,1134,2,2,0,0,0,2,0,3,4,0,2,3,,N,,,,,,,,,,,
2006054001,153.0,1,0,0,0,0,0,0,0,0,8,0,,67,4,2006,7,39.9985,-75.1293,152.0,6,0,0,0,0,0,0,0,0,,0,0,0,1,3,1,1,,0.0,39 59:54.000,,0,75 07:45.319,3,0,0,0,67301,1,0,0,N,1,0,0,2,67301,0,,1,1,,N,N,,0,,1,0,0,3,2,,150,1,2,0,0,0,0,0,3,4,0,1,7,,N,,,,,,,,,,,
2006032856,622.0,2,0,0,0,0,0,0,0,0,2,0,,67,2,2006,3,39.9754,-75.19,621.0,6,0,0,0,0,0,0,0,0,,0,0,0,6,3,1,2,,0.0,39 58:31.000,,0,75 11:23.848,3,0,0,0,67301,0,0,0,N,0,0,0,2,67301,0,,1,1,,N,N,,0,,1,0,0,3,2,,615,1,2,0,0,0,0,0,3,4,0,2,3,,N,,,,,,,,,,,
2006112712,2335.0,0,0,0,0,0,0,0,0,0,7,0,,67,10,2006,6,39.9325,-75.1898,2330.0,6,0,0,0,0,0,0,0,0,,0,0,0,23,3,1,0,,0.0,39 55:56.871,,0,75 11:23.443,4,0,0,0,67301,0,0,0,N,0,0,0,2,67301,1,,5,1,,N,N,,0,,0,0,1,0,0,,2330,1,1,0,0,0,0,0,3,4,0,1,3,,N,,,,,,,,,,,
2006112733,1729.0,2,0,0,0,0,0,0,0,0,4,0,,67,10,2006,2,40.0409,-75.1873,1724.0,6,0,0,0,0,0,0,0,0,,0,0,0,17,1,0,1,,0.0,40 02:27.297,,0,75 11:14.369,9,0,0,0,67301,0,0,0,N,0,0,0,3,67301,0,,1,1,,N,N,,0,,0,0,0,3,2,,1720,0,2,0,0,0,0,1,3,4,0,2,3,,N,,,,,,,,,,,
2006062252,2245.0,1,0,0,0,0,0,0,0,0,7,0,,67,5,2006,2,40.006,-75.1766,2238.0,6,0,0,0,0,0,0,0,0,,0,0,0,22,3,1,2,,0.0,40 00:22.000,,0,75 10:36.366,3,0,0,0,67301,0,0,0,N,0,0,0,1,67301,0,,5,9,,N,N,,0,,1,0,0,0,0,,2205,1,1,0,0,0,0,0,3,4,0,1,3,,N,,,,,,,,,,,
2006062521,1034.0,1,0,0,0,0,0,0,0,0,5,0,,67,5,2006,6,39.9132,-75.2279,1029.0,6,0,0,0,0,0,0,0,0,,0,0,0,99,1,0,0,,0.0,39 54:47.494,,0,75 13:40.562,9,0,0,0,67301,0,0,0,Y,0,0,0,1,67301,0,,3,1,,N,N,,1,,0,0,0,0,0,,9999,0,3,0,0,0,0,1,3,4,1,3,3,,N,,,,,,,,,,,
2006055163,1535.0,1,0,0,0,0,0,0,0,0,4,0,,67,3,2006,6,40.0276,-75.0962,1530.0,6,0,0,0,0,0,0,0,0,,0,0,0,15,1,1,1,,0.0,40 01:39.432,,0,75 05:46.337,8,0,0,1,67301,0,0,0,N,0,0,0,2,67301,0,,1,1,,N,N,,0,,0,0,0,9,3,,1515,1,2,0,0,0,1,0,3,4,0,2,3,,N,,,,,,,,,,,
2006055169,1937.0,1,0,0,0,0,0,0,0,0,7,0,,67,3,2006,6,39.9714,-75.1594,1937.0,6,0,0,0,0,0,0,0,1,,0,0,0,19,3,1,1,,0.0,39 58:17.000,,0,75 09:33.789,8,0,0,0,67301,0,0,0,N,0,0,0,1,67301,0,,3,1,,N,N,,0,,0,0,0,3,2,,1930,1,1,0,0,0,1,0,3,4,0,1,3,,N,,,,,,,,,,,
2006055170,1300.0,3,0,0,0,0,0,0,0,0,5,0,,67,3,2006,1,40.0737,-75.016,1254.0,6,0,0,0,0,0,1,0,0,,0,0,0,12,1,1,0,,0.0,40 04:24.960,,0,75 00:57.600,4,0,0,0,67301,0,0,0,,0,0,0,3,67301,1,,1,9,,N,,,0,,0,0,0,9,5,,1250,1,3,0,0,0,0,0,3,4,0,3,7,,N,,,,,,,,,,,
2006056443,1805.0,2,0,0,0,0,0,0,0,0,4,0,,67,4,2006,2,40.031,-75.0221,1748.0,6,0,0,1,0,0,0,0,0,,0,0,0,17,1,1,0,,0.0,40 01:51.000,,0,75 01:19.604,8,0,0,0,67301,0,0,0,N,0,0,0,3,67301,0,,1,1,,N,N,,0,,0,0,0,0,0,,1745,1,2,0,0,0,1,0,3,4,0,2,3,,N,,,,,,,,,,,
2006054036,1220.0,1,0,0,1,0,0,0,0,0,8,0,,67,3,2006,6,39.9945,-75.1152,1220.0,6,0,0,0,0,0,0,0,0,,0,0,0,12,1,1,1,,0.0,39 59:40.081,,0,75 06:54.633,4,0,0,0,67301,1,0,0,N,0,0,0,4,67301,1,,1,1,,N,Y,,0,,0,0,0,9,3,,1220,1,2,0,0,0,0,0,3,4,0,1,3,,N,,,,,,,,,,,
2006055633,756.0,2,0,0,0,0,0,0,0,0,1,0,,67,4,2006,7,39.9604,-75.2411,753.0,6,0,0,0,0,0,1,0,0,,0,0,0,7,1,2,10,,0.0,39 57:37.000,,0,75 14:27.938,4,0,0,0,67301,0,0,0,N,0,0,0,5,67301,2,,1,1,,N,N,,0,,0,0,0,3,2,,753,2,2,0,0,0,0,0,3,4,0,2,3,,N,,,,,,,,,,,
2006055643,2110.0,4,0,0,0,0,0,0,0,0,2,0,,67,4,2006,5,,,2109.0,6,0,0,0,0,0,0,0,0,,0,0,0,21,3,1,1,,0.0,,,0,,8,0,0,0,67301,0,0,0,N,0,0,0,3,67301,0,,1,1,,N,N,,0,,0,0,1,9,3,,2105,1,5,0,0,1,1,0,3,3,0,5,3,,N,,,,,,,,,,,
2006056486,9999.0,2,0,0,0,0,0,0,0,0,4,0,,67,3,2006,1,40.0456,-75.1285,700.0,6,0,0,0,0,0,0,0,0,2.0,0,0,0,7,1,3,1,,1.0,40 02:44.000,1.0,0,75 07:42.525,2,0,0,0,67301,0,0,0,N,0,0,0,3,67301,0,,4,1,,N,N,,0,,0,3,0,3,2,N,700,3,2,0,0,0,0,0,3,4,0,2,3,,N,,,,,,,,,,,
2006056500,2314.0,2,0,0,0,0,0,0,0,0,2,0,,67,4,2006,6,39.957,-75.1694,2313.0,6,0,0,0,0,0,0,0,0,,0,0,0,23,3,2,1,,0.0,39 57:26.000,,0,75 10:15.315,4,0,0,0,67301,0,0,0,N,0,0,0,2,67301,2,,1,1,,N,N,,0,,0,0,0,3,2,,2300,2,2,0,0,0,0,0,3,4,0,2,3,,N,,,,,,,,,,,
2006055767,721.0,2,0,0,0,0,0,0,0,0,1,0,,67,4,2006,1,39.9753,-75.1947,718.0,6,0,0,0,1,0,0,0,0,,0,0,0,99,1,0,6,,0.0,39 58:34.000,,2,75 11:44.128,0,0,0,0,67301,0,0,0,N,0,0,0,2,67301,0,,1,1,,N,N,,0,,0,0,0,0,0,,9999,0,2,0,0,0,0,0,3,4,0,2,3,,N,,,,,,,,,,,
2006054995,2200.0,1,0,0,1,0,0,0,0,0,2,0,,67,2,2006,6,39.9926,-75.1438,2159.0,6,0,0,0,0,0,1,0,0,,0,0,0,99,3,1,1,,0.0,39 59:33.000,,0,75 08:37.925,4,0,0,0,67301,1,0,0,N,0,0,0,5,67301,1,,1,1,,N,N,,0,,0,0,1,3,3,,9999,1,3,0,0,0,0,0,3,4,0,2,3,,N,,,,,,,,,,,
2006096027,44.0,1,0,0,0,0,0,0,0,0,7,0,,67,7,2006,7,39.9604,-75.1818,39.0,6,0,0,0,0,0,0,0,0,2.0,0,0,0,0,3,0,3,,2.0,39 57:41.049,3.0,0,75 10:57.066,0,0,0,0,67301,0,0,0,N,0,0,0,1,67301,0,,3,9,,N,N,,0,,0,0,0,0,0,N,36,0,1,0,0,0,0,0,3,4,0,1,7,,N,,,,,,,,,,,
2006096029,55.0,2,0,0,0,0,0,0,0,0,1,0,,67,8,2006,7,40.0631,-75.022,51.0,6,0,0,0,0,0,0,0,0,,0,0,0,0,3,2,1,,0.0,40 03:47.229,,0,75 01:19.196,4,0,0,0,67301,0,0,0,N,0,0,0,4,67301,2,,1,1,,N,N,,0,,0,0,1,3,2,,49,2,3,0,0,0,0,2,3,4,0,3,3,,N,,,,,,,,,,,
2006094973,2150.0,1,0,0,0,0,0,0,0,0,7,0,,67,7,2006,5,39.9533,-75.1831,2055.0,6,0,0,0,0,0,0,0,0,,0,0,0,20,3,0,0,,0.0,39 57:11.000,,0,75 10:59.413,0,0,0,0,67301,0,0,0,,0,0,0,1,67301,0,,4,1,,,,,0,,0,0,0,0,0,,2055,0,1,0,0,0,0,0,3,4,0,1,7,,N,,,,,,,,,,,
2006080955,1809.0,1,0,0,0,0,0,0,0,0,8,0,,67,6,2006,7,40.0223,-75.0755,1807.0,6,0,0,0,0,0,0,0,0,,0,0,0,18,1,1,0,,0.0,40 01:20.362,,0,75 04:31.630,4,0,0,0,67301,1,0,0,N,1,0,0,2,67301,1,,1,1,,N,N,,0,,0,0,0,0,0,,1800,1,2,0,0,0,0,0,3,4,0,1,3,,N,,,,,,,,,,,
2006081129,1835.0,1,0,0,0,0,0,0,0,0,8,0,,67,6,2006,3,,,1835.0,6,0,0,0,0,0,1,0,0,,0,0,0,17,1,1,0,,0.0,,,0,,4,0,0,0,67301,1,0,0,N,1,0,0,2,67301,1,,1,1,,N,N,,0,,0,0,0,0,0,,1715,1,2,0,0,0,0,0,3,3,0,1,98,,N,,,,,,,,,,,
2006115771,1045.0,1,0,0,0,0,0,0,0,0,8,0,,67,9,2006,7,40.0523,-75.008,1041.0,6,0,0,0,0,0,1,0,0,,0,0,0,10,1,1,1,,0.0,40 03:08.280,,0,75 00:28.800,4,0,0,0,67301,1,0,0,N,1,0,0,2,67301,1,,1,1,,N,N,,0,,0,0,0,3,2,,1039,1,2,0,0,0,0,0,3,4,0,1,3,,N,,,,,,,,,,,
2006105779,9999.0,1,0,0,0,0,0,0,0,0,4,0,,67,9,2006,3,39.9066,-75.2353,131.0,6,0,0,0,0,0,1,0,0,,0,0,0,99,1,1,1,,0.0,39 54:23.630,,0,75 14:06.979,8,0,0,0,67301,0,0,0,N,0,0,0,2,67301,0,,1,9,,N,N,,0,,0,0,1,3,2,,9999,1,2,0,0,0,1,0,3,4,0,2,7,,N,,,,,,,,,,,
2006105880,1942.0,2,0,0,0,0,0,0,0,0,1,0,,67,9,2006,3,40.0757,-75.085,1935.0,6,0,0,0,0,0,0,0,0,,0,0,0,19,2,2,0,,0.0,40 04:32.000,,0,75 05:06.192,4,0,0,0,67301,0,0,0,N,0,0,0,2,67301,2,,1,9,,N,N,,0,,0,0,0,0,0,,1913,2,2,0,0,0,0,0,3,4,0,2,7,,N,,,,,,,,,,,
2006053835,535.0,1,0,0,0,0,0,0,0,0,4,0,,67,4,2006,7,40.0899,-74.9842,542.0,6,0,0,0,0,0,0,0,0,,0,0,0,5,5,0,1,,0.0,40 05:23.000,,0,74 59:02.352,9,0,0,0,67301,0,0,0,,0,0,0,2,67301,0,,1,9,,,,,0,,0,0,1,3,2,,535,0,2,0,0,0,0,1,3,4,0,2,7,,N,,,,,,,,,,,
2006053866,821.0,3,0,0,0,0,0,0,0,0,4,0,,67,4,2006,2,40.0771,-75.0849,821.0,6,0,0,0,0,1,0,0,0,,0,0,0,8,1,1,0,,0.0,40 04:37.000,,0,75 05:05.876,8,0,0,0,67301,0,0,0,N,0,0,0,2,67301,0,,2,1,,N,N,,0,,0,0,0,0,0,,815,1,3,0,0,0,1,1,3,4,0,3,3,,N,,,,,,,,,,,
2006055870,900.0,1,0,0,0,0,0,0,0,0,0,0,,67,4,2006,2,,,820.0,6,0,0,0,0,0,0,0,0,,0,0,0,13,1,2,1,,0.0,,,0,,3,0,0,0,67301,0,0,0,N,0,0,0,2,67301,1,,1,1,,N,N,,0,,1,0,0,0,0,,1300,2,1,0,0,2,0,0,3,3,0,1,3,,N,,,,,,,,,,,
2006056259,1944.0,2,0,0,0,0,0,0,0,0,2,0,,67,3,2006,6,39.9558,-75.1915,1937.0,6,0,0,0,0,1,0,0,0,,0,0,0,19,3,1,1,,0.0,39 57:20.966,,0,75 11:29.280,3,0,0,0,67301,0,0,0,N,0,0,0,2,67301,0,,1,1,,N,N,,0,,1,0,0,3,2,,1936,1,2,0,0,1,0,0,3,4,0,2,3,,N,,,,,,,,,,,
2006056330,106.0,1,0,0,0,0,0,0,0,0,8,0,,67,4,2006,1,40.0165,-75.0732,105.0,6,0,0,0,0,0,0,0,0,,0,0,0,1,3,1,0,,0.0,40 00:59.511,,0,75 04:23.671,4,0,0,0,67301,1,0,0,,1,0,0,2,67301,1,,1,1,,N,N,,0,,0,0,0,0,0,,105,1,2,0,0,0,0,1,3,4,0,1,3,,N,,,,,,,,,,,
2006032861,1620.0,1,0,0,0,0,0,0,0,0,8,0,,67,3,2006,4,,,1602.0,6,0,0,0,0,0,1,0,0,,0,0,0,15,1,1,0,,0.0,,,0,,8,0,0,0,67301,1,0,0,N,1,0,0,2,67301,0,,1,1,,N,N,,0,,0,0,0,0,0,,1533,1,2,0,0,0,1,0,3,3,0,1,3,,N,,,,,,,,,,,
2006032882,1415.0,1,0,0,0,0,0,0,0,0,8,0,,67,1,2006,6,,,1408.0,6,0,0,0,0,0,0,0,0,,0,0,0,14,1,1,0,,0.0,,,7,,8,0,0,0,67301,1,0,0,N,1,0,0,2,67301,0,,5,1,,N,N,,0,,0,0,0,0,0,,1400,1,2,0,0,0,1,0,3,3,0,1,3,,N,,,,,,,,,,,
2006032945,1130.0,1,0,0,0,0,0,0,0,0,8,0,,67,1,2006,5,39.976,-75.2394,1130.0,6,0,0,0,0,0,0,0,0,,0,0,0,19,3,1,1,,0.0,39 58:33.654,,0,75 14:21.883,2,0,0,0,67301,1,0,1,N,1,0,1,2,67301,0,,1,1,,N,N,,0,,0,1,0,0,0,,1900,1,2,0,0,0,0,1,3,4,0,1,3,,N,,,,,,,,,,,
2006065364,1555.0,2,0,0,0,0,0,0,0,0,5,0,,67,5,2006,3,39.9205,-75.2415,1549.0,6,0,0,0,0,0,0,0,0,,0,0,0,11,1,1,0,,0.0,39 55:13.821,,0,75 14:29.439,8,0,0,0,67301,0,0,0,N,0,0,0,1,67301,0,,1,1,,N,N,,0,,0,0,0,0,0,,1130,1,2,0,0,0,1,0,3,4,0,2,3,,N,,,,,,,,,,,
2006055557,226.0,1,0,0,0,0,0,0,0,0,7,0,,67,3,2006,3,39.9638,-75.1843,223.0,6,0,0,0,0,0,1,0,0,1.0,0,0,0,2,3,0,10,,2.0,39 57:41.000,3.0,0,75 10:57.282,0,0,0,0,67301,0,0,0,N,0,0,0,1,67301,0,,2,9,,N,N,,0,,0,0,0,0,0,N,223,0,1,0,0,0,0,0,3,4,0,1,7,,N,,,,,,,,,,,
2006055752,2337.0,1,0,0,0,0,0,0,0,0,1,0,,67,3,2006,7,40.0029,-75.0779,2323.0,6,0,0,0,0,0,0,0,0,2.0,0,0,0,23,3,1,0,,2.0,40 00:10.000,1.0,0,75 04:39.973,4,0,0,0,67301,0,0,0,Y,0,0,0,2,67301,1,,2,1,,N,N,,0,,0,0,1,0,0,Y,2320,1,3,0,0,1,0,0,3,4,1,3,3,,N,,,,,,,,,,,
2006126872,2010.0,1,0,0,0,0,0,0,0,0,8,0,,67,10,2006,7,39.9731,-75.2003,2006.0,6,0,0,1,0,0,0,0,0,,0,0,0,20,3,1,0,,0.0,39 58:23.134,,0,75 12:01.072,4,0,0,0,67301,1,0,0,N,1,0,0,2,67301,1,,1,1,,N,N,,0,,0,0,0,0,0,,2005,1,2,0,0,0,0,0,3,4,0,1,3,,N,,,,,,,,,,,
2006126893,2030.0,1,0,0,0,0,0,0,0,0,0,0,,67,11,2006,1,40.0031,-75.1283,2018.0,6,0,0,0,1,0,0,0,0,,0,0,0,20,3,2,1,,0.0,40 00:11.163,,0,75 07:41.800,3,0,0,0,67301,0,0,0,,0,0,0,2,67301,1,,1,1,,N,N,,0,,1,0,0,3,2,,2018,2,1,0,0,0,0,0,3,4,0,1,3,,N,,,,,,,,,,,
2006112728,2335.0,1,0,0,0,0,0,0,0,0,7,0,,67,10,2006,5,39.9888,-75.1926,2329.0,6,0,0,0,0,0,0,0,0,2.0,0,0,0,23,3,1,0,,2.0,39 59:19.801,5.0,0,75 11:33.407,4,0,0,0,67301,0,0,0,N,0,0,0,1,67301,1,,5,1,,N,N,,0,,0,0,0,0,0,Y,2325,1,1,0,0,0,0,0,3,4,0,1,3,,N,,,,,,,,,,,
2006062238,1905.0,1,0,0,0,0,0,0,0,0,1,0,,67,5,2006,3,39.9745,-75.1587,1902.0,6,0,0,0,0,0,1,0,0,,0,0,0,17,1,1,1,,0.0,39 58:28.000,,0,75 09:31.415,4,0,0,0,67301,0,0,0,,0,0,0,3,67301,1,,1,1,,,,,0,,0,0,1,9,2,,1758,1,2,0,0,0,0,0,3,4,0,2,7,,N,,,,,,,,,,,
2006055413,804.0,1,0,0,0,0,0,0,0,0,4,0,,67,3,2006,2,,,802.0,6,0,0,0,0,0,0,1,0,,0,0,0,7,1,2,0,,0.0,,,0,,4,0,0,0,67301,0,0,0,N,0,0,0,3,67301,2,,1,1,,N,N,,0,,0,0,1,0,0,,751,2,2,0,0,0,0,0,3,3,0,2,3,,N,,,,,,,,,,,
2006055679,1418.0,1,0,0,0,0,0,0,0,0,7,0,,67,3,2006,1,39.9544,-75.1481,1415.0,6,0,0,0,0,0,1,0,0,1.0,0,0,0,14,1,1,1,,2.0,39 57:16.200,1.0,0,75 08:53.160,4,0,0,0,67301,0,0,0,Y,0,0,0,1,67301,1,,5,1,,N,N,,0,,0,0,0,0,0,Y,1408,1,1,0,0,0,0,0,3,4,0,1,3,,N,,,,,,,,,,,
2006054672,1823.0,2,0,0,0,0,0,0,0,0,5,0,,67,4,2006,2,,,1814.0,6,0,0,0,0,1,0,0,0,,0,0,0,99,1,2,0,,0.0,,,0,,4,0,0,0,67301,0,0,0,N,0,0,0,2,67301,2,,1,1,,N,N,,0,,0,0,0,0,0,,9999,2,2,0,0,1,0,0,3,3,0,2,3,,N,,,,,,,,,,,
2006062399,1911.0,2,0,0,0,0,0,0,0,0,4,0,,67,5,2006,7,40.0547,-75.0048,1905.0,6,0,0,0,0,0,0,0,1,,0,0,0,19,1,0,1,,0.0,40 03:17.000,,0,75 00:16.970,0,0,0,0,67301,0,0,0,N,0,0,0,5,67301,0,,1,1,,N,N,,0,,0,0,0,9,2,,1901,0,2,0,0,3,0,0,3,4,0,2,3,,N,,,,,,,,,,,
2006055270,1802.0,2,0,0,0,0,0,0,0,0,4,0,,67,3,2006,3,40.0005,-75.1196,1758.0,6,0,0,1,0,0,0,0,0,,0,0,0,17,3,3,1,,0.0,40 00:01.684,,0,75 07:10.714,4,0,0,0,67301,0,0,0,N,0,0,0,4,67301,3,,1,1,,N,N,,0,,0,0,0,9,3,,1739,3,2,0,0,0,0,0,3,4,0,2,3,,N,,,,,,,,,,,
2006056498,21.0,2,0,0,0,0,0,0,0,0,5,0,,67,4,2006,5,,,20.0,6,0,0,0,0,0,0,0,0,,0,0,0,99,3,1,0,,0.0,,,0,,4,0,0,0,67301,0,0,0,N,0,0,0,3,67301,1,,1,1,,N,N,,0,,0,0,0,0,0,,9999,1,2,0,0,0,0,0,3,3,0,2,3,,N,,,,,,,,,,,
2006056262,2033.0,1,0,0,0,0,0,0,0,0,1,0,,67,4,2006,2,,,2031.0,6,0,0,0,1,0,0,0,0,,0,0,0,20,3,1,0,,0.0,,,0,,8,0,0,0,67301,0,0,0,N,0,0,0,1,67301,0,,1,1,,N,N,,1,,0,0,0,0,0,,2028,1,2,0,0,0,1,0,3,3,0,2,3,,N,,,,,,,,,,,
2006056099,850.0,0,0,0,0,0,0,0,0,0,8,0,,67,4,2006,4,,,842.0,6,0,0,0,0,0,0,0,0,,0,0,0,5,3,1,0,,0.0,,,0,,4,0,0,0,67301,1,0,0,N,1,0,0,2,67301,1,,5,1,,N,N,,1,,0,0,0,0,0,,500,1,2,0,0,0,0,1,3,3,0,1,3,,N,,,,,,,,,,,
2006055999,1455.0,2,0,0,0,0,0,0,0,0,2,0,,67,4,2006,2,40.004,-75.2148,1449.0,6,0,0,0,0,0,0,0,0,,0,0,0,99,1,1,0,,0.0,40 00:14.526,,0,75 12:53.452,4,0,0,0,67301,0,0,0,,0,0,0,1,67301,1,,1,1,,,,,0,,0,0,1,0,0,,9999,1,3,0,0,0,0,0,3,4,0,3,3,,N,,,,,,,,,,,
2006055983,136.0,2,0,0,0,0,0,0,0,0,4,0,,67,4,2006,1,39.9855,-75.2431,133.0,6,0,0,0,0,0,0,1,0,,0,0,0,1,3,3,5,,0.0,39 59:07.742,,0,75 14:35.033,4,0,0,0,67301,0,0,0,N,0,0,0,3,67301,3,,1,1,,N,N,,0,,0,0,0,3,3,,115,3,2,0,0,0,0,0,3,4,0,2,3,,N,,,,,,,,,,,
2006094981,645.0,0,0,0,0,0,0,0,0,0,4,0,,67,8,2006,5,39.9597,-75.1558,645.0,6,0,0,0,0,0,0,0,0,1.0,0,0,0,6,1,4,1,,1.0,39 57:34.905,5.0,0,75 09:21.056,8,0,0,0,67301,0,0,0,N,0,0,0,5,67301,0,,1,1,,N,N,,0,,0,0,2,2,3,N,643,4,2,0,0,0,4,1,3,4,0,2,3,,N,,,,,,,,,,,
2006055860,1536.0,1,0,0,0,0,0,0,0,0,4,0,,67,4,2006,5,,,1535.0,6,0,0,0,0,0,2,0,0,1.0,0,0,0,15,1,4,1,,1.0,,1.0,0,,8,0,0,0,67301,0,0,0,,0,0,0,4,67301,0,,1,1,,N,N,,0,,0,0,0,3,3,N,1533,4,2,0,0,0,4,0,3,3,0,2,3,,N,,,,,,,,,,,
2006053824,1450.0,1,0,0,0,0,0,0,0,0,8,0,,67,4,2006,7,40.0181,-75.0762,1445.0,6,0,0,0,0,0,0,0,0,,0,0,0,14,1,1,1,,0.0,40 01:05.037,,0,75 04:34.193,4,0,0,0,67301,1,0,0,N,1,0,0,2,67301,1,,1,1,,N,N,,0,,0,0,0,0,0,,1430,1,2,0,0,0,0,0,3,4,0,1,3,,N,,,,,,,,,,,
2006104952,1902.0,1,0,0,0,0,0,0,0,0,8,0,,67,8,2006,2,39.9381,-75.1819,1900.0,6,0,0,0,1,0,0,0,0,,0,0,0,99,1,1,0,,0.0,39 56:17.084,,0,75 10:54.840,4,0,0,0,67301,1,0,0,,1,0,0,2,67301,1,,1,1,,N,N,,0,,0,0,0,0,0,,9999,1,2,0,0,0,0,0,3,4,0,1,3,,N,,,,,,,,,,,
2006104946,25.0,1,0,0,0,0,0,0,0,0,8,0,,67,9,2006,6,39.9898,-75.1255,20.0,6,0,0,0,0,0,0,0,0,,0,0,0,23,3,1,1,,0.0,39 59:23.000,,3,75 07:32.329,3,0,0,0,67301,1,0,0,N,1,0,0,2,67301,0,,1,9,,N,N,,0,,1,0,0,0,0,,2349,1,2,0,0,0,0,1,3,4,0,1,7,,N,,,,,,,,,,,
2006104945,1909.0,1,0,0,0,0,0,0,0,0,4,0,,67,9,2006,6,39.9915,-75.1722,1901.0,6,0,0,0,0,0,1,0,0,,0,0,0,19,3,2,0,,0.0,39 59:29.529,,0,75 10:19.873,4,0,0,1,67301,0,0,0,N,0,0,0,2,67301,1,,5,9,,N,N,,0,,0,0,0,0,0,,1900,2,2,0,0,0,1,0,3,4,0,2,7,,N,,,,,,,,,,,
2006105875,1200.0,2,0,0,0,0,0,0,0,0,4,0,,67,9,2006,7,40.0277,-75.11,1147.0,6,0,0,0,0,0,0,0,0,,0,0,0,11,1,1,1,,0.0,40 01:40.000,,0,75 06:36.118,4,0,0,0,67301,0,0,0,N,0,0,0,2,67301,1,,1,9,,N,N,,0,,0,0,0,3,1,,1147,1,2,0,0,0,0,0,3,4,0,2,7,,N,,,,,,,,,,,
2006105846,17.0,1,0,0,0,0,0,0,0,0,8,0,,67,9,2006,4,40.0032,-75.1526,12.0,6,0,0,0,0,0,0,0,0,,0,0,0,0,3,1,5,,0.0,40 00:11.000,,0,75 09:09.678,3,0,0,0,67301,1,0,0,N,1,0,0,2,67301,0,,1,1,,N,N,,0,,1,0,0,9,2,,7,1,2,0,0,0,0,0,3,4,0,1,7,,N,,,,,,,,,,,
2006105792,1912.0,0,0,0,0,0,0,0,0,0,7,0,,67,8,2006,2,39.9018,-75.1516,1909.0,6,0,0,0,0,0,0,0,0,3.0,0,0,0,19,3,1,0,,1.0,39 54:07.000,5.0,0,75 09:04.628,2,0,1,1,67301,0,0,0,,0,0,0,3,67301,0,,3,1,,,,,1,,0,1,0,0,0,N,1905,1,2,0,0,2,0,0,3,4,0,2,3,,N,,,,,,,,,,,