CRN,ARRIVAL_TM,AUTOMOBILE_COUNT,BELTED_DEATH_COUNT,BELTED_SUSP_SERIOUS_INJ_COUNT,BICYCLE_COUNT,BICYCLE_DEATH_COUNT,BICYCLE_SUSP_SERIOUS_INJ_COUNT,BUS_COUNT,CHLDPAS_DEATH_COUNT,CHLDPAS_SUSP_SERIOUS_INJ_COUNT,COLLISION_TYPE,COMM_VEH_COUNT,CONS_ZONE_SPD_LIM,COUNTY,CRASH_MONTH,CRASH_YEAR,DAY_OF_WEEK,DEC_LAT,DEC_LONG,DISPATCH_TM,DISTRICT,DRIVER_COUNT_16YR,DRIVER_COUNT_17YR,DRIVER_COUNT_18YR,DRIVER_COUNT_19YR,DRIVER_COUNT_20YR,DRIVER_COUNT_50_64YR,DRIVER_COUNT_65_74YR,DRIVER_COUNT_75PLUS,EST_HRS_CLOSED,FATAL_COUNT,HEAVY_TRUCK_COUNT,HORSE_BUGGY_COUNT,HOUR_OF_DAY,ILLUMINATION,INJURY_COUNT,INTERSECT_TYPE,INTERSECTION_RELATED,LANE_CLOSED,LATITUDE,LN_CLOSE_DIR,LOCATION_TYPE,LONGITUDE,MAX_SEVERITY_LEVEL,MCYCLE_DEATH_COUNT,MCYCLE_SUSP_SERIOUS_INJ_COUNT,MOTORCYCLE_COUNT,MUNICIPALITY,NONMOTR_COUNT,NONMOTR_DEATH_COUNT,NONMOTR_SUSP_SERIOUS_INJ_COUNT,NTFY_HIWY_MAINT,PED_COUNT,PED_DEATH_COUNT,PED_SUSP_SERIOUS_INJ_COUNT,PERSON_COUNT,POLICE_AGCY,POSSIBLE_INJ_COUNT,RDWY_SURF_TYPE_CD,RELATION_TO_ROAD,ROAD_CONDITION,ROADWAY_CLEARED,SCH_BUS_IND,SCH_ZONE_IND,SECONDARY_CRASH,SMALL_TRUCK_COUNT,SPEC_JURIS_CD,SUSP_MINOR_INJ_COUNT,SUSP_SERIOUS_INJ_COUNT,SUV_COUNT,TCD_FUNC_CD,TCD_TYPE,TFC_DETOUR_IND,TIME_OF_DAY,TOT_INJ_COUNT,TOTAL_UNITS,UNB_DEATH_COUNT,UNB_SUSP_SERIOUS_INJ_COUNT,UNBELTED_OCC_COUNT,UNK_INJ_DEG_COUNT,UNK_INJ_PER_COUNT,URBAN_AREA,URBAN_RURAL,VAN_COUNT,VEHICLE_COUNT,WEATHER1,WEATHER2,WORK_ZONE_IND,WORK_ZONE_LOC,WORK_ZONE_TYPE,WORKERS_PRES,WZ_CLOSE_DETOUR,WZ_FLAGGER,WZ_LAW_OFFCR_IND,WZ_LN_CLOSURE,WZ_MOVING,WZ_OTHER,WZ_SHLDER_MDN,WZ_WORKERS_INJ_KILLED
2006105762,1835.0,1,0,0,1,0,0,0,0,0,4,0,,67,8,2006,5,,,1832.0,6,0,0,0,0,0,0,0,0,,0,0,0,18,1,1,2,,0.0,,,0,,8,0,0,0,67301,1,0,0,,0,0,0,2,67301,0,,1,1,,N,N,,0,,0,0,0,3,3,,1800,1,2,0,0,0,1,0,3,3,0,1,3,,N,,,,,,,,,,,
2006115760,9999.0,1,0,0,0,0,0,0,0,0,8,0,,67,10,2006,2,40.0291,-75.1468,9999.0,6,0,0,0,0,0,0,0,0,,0,0,0,99,1,2,1,,0.0,40 01:44.000,,0,75 08:48.827,8,0,0,0,67301,2,0,0,N,2,0,0,3,67301,0,,1,1,,N,N,,0,,0,0,0,3,2,,9999,2,3,0,0,0,2,0,3,4,0,1,3,,N,,,,,,,,,,,
2006081127,513.0,1,0,0,0,0,0,0,0,0,7,0,,67,6,2006,6,,,512.0,6,0,0,0,0,0,0,0,0,,0,0,0,5,1,1,0,,0.0,,,0,,3,0,0,0,67301,0,0,0,,0,0,0,1,67301,0,,4,1,,,,,0,,1,0,0,3,3,,510,1,1,0,0,0,0,0,3,3,0,1,3,,N,,,,,,,,,,,
2006081052,33.0,1,0,0,0,0,0,0,0,0,7,0,,67,6,2006,5,,,29.0,6,0,0,0,0,0,0,0,0,,0,0,0,0,3,0,0,,0.0,,,0,,0,0,0,0,67301,0,0,0,,0,0,0,1,67301,0,,5,1,,,,,0,,0,0,0,0,0,,29,0,1,0,0,0,0,0,3,3,0,1,3,,N,,,,,,,,,,,
2006080962,1056.0,1,0,0,1,0,1,0,0,0,2,0,,67,7,2006,3,,,1053.0,6,0,0,0,0,0,0,0,0,,0,0,0,10,1,1,1,,0.0,,,0,,2,0,0,0,67301,1,0,1,N,0,0,0,2,67301,0,,1,9,,N,N,,0,,0,1,0,3,2,,1053,1,2,0,0,0,0,0,3,3,0,1,7,,N,,,,,,,,,,,
2007023682,906.0,2,0,0,0,0,0,0,0,0,4,0,,67,12,2006,4,39.9568,-75.2337,903.0,6,0,0,0,0,0,0,1,1,,0,0,0,9,1,1,1,,0.0,39 57:24.523,,0,75 14:01.481,8,0,0,0,67301,0,0,0,,0,0,0,2,67301,0,,1,9,,,,,0,,0,0,0,9,3,,902,1,2,0,0,0,1,1,3,4,0,2,7,,N,,,,,,,,,,,
2007023546,257.0,1,0,0,0,0,0,0,0,0,8,0,,67,11,2006,1,39.9778,-75.1191,257.0,6,0,0,0,0,0,0,0,0,5.0,1,0,0,2,3,0,5,,2.0,39 58:45.000,5.0,0,75 07:06.043,1,0,0,0,67301,1,1,0,N,1,1,0,3,67301,0,2.0,1,1,,N,N,,0,0.0,0,0,1,2,2,Y,249,0,3,0,0,0,0,0,3,4,0,2,3,,N,,,,,,,,,,,
2007032562,,1,0,0,0,0,0,0,0,0,8,0,,67,9,2006,4,39.9575,-75.2254,,6,0,0,0,0,0,0,0,0,,0,0,0,20,6,1,0,,0.0,39 57:27.077,,0,75 13:31.383,3,0,0,0,67301,1,0,0,N,1,0,0,3,00000,0,,4,1,,N,N,,0,,1,0,0,0,0,,2000,1,2,0,0,0,0,0,3,4,0,1,3,,N,,,,,,,,,,,
2007008435,2305.0,2,0,0,0,0,0,0,0,0,4,0,,67,11,2006,1,40.0314,-75.1548,2255.0,6,0,0,0,0,0,0,0,0,,0,0,0,22,3,1,1,,0.0,40 01:53.151,,0,75 09:17.114,4,0,0,0,67301,0,0,0,N,0,0,0,2,67301,1,,1,9,,N,N,,0,,0,0,0,3,2,,2250,1,2,0,0,0,0,0,3,4,0,2,7,,N,,,,,,,,,,,
2007008508,2030.0,3,0,0,0,0,0,0,0,0,1,0,,67,11,2006,7,40.0428,-75.1135,2028.0,6,0,0,1,0,0,2,0,0,,0,0,0,19,3,1,1,,0.0,40 02:33.000,,0,75 06:48.818,4,0,0,0,67301,0,0,0,,0,0,0,7,67301,1,,1,1,,N,N,,0,,0,0,0,3,2,,1915,1,3,0,0,0,0,0,3,4,0,3,3,,N,,,,,,,,,,,
2007008512,811.0,0,0,0,0,0,0,0,0,0,8,1,,67,11,2006,2,39.9408,-75.2125,801.0,6,0,0,0,0,0,1,0,0,,0,1,0,7,1,1,1,,0.0,39 56:27.034,,0,75 12:45.005,8,0,0,0,67301,1,0,0,,1,0,0,2,67301,0,,1,1,,N,N,,0,,0,0,0,3,2,,754,1,2,0,0,0,1,0,3,4,0,1,3,,N,,,,,,,,,,,
2007022119,1307.0,1,0,0,0,0,0,0,0,0,8,0,,67,12,2006,1,40.0406,-75.1451,1304.0,6,0,0,0,0,0,0,0,0,,0,0,0,12,1,1,0,,0.0,40 02:26.271,,0,75 08:42.468,4,0,0,0,67301,1,0,0,N,1,0,0,2,67301,1,,1,1,,N,N,,0,,0,0,0,0,0,,1245,1,2,0,0,0,0,1,3,4,0,1,3,,N,,,,,,,,,,,
2007007136,1140.0,2,0,0,0,0,0,0,0,0,4,0,,67,11,2006,3,40.0422,-75.1263,1140.0,6,0,0,0,1,0,0,0,0,,0,0,0,8,1,2,1,,0.0,40 02:31.916,,0,75 07:34.611,3,0,0,0,67301,0,0,0,N,0,0,0,2,67301,0,,1,1,,N,N,,0,,1,0,0,3,2,,810,2,2,0,0,0,1,0,3,4,0,2,3,,N,,,,,,,,,,,
2007007149,1005.0,1,0,0,1,0,0,0,0,0,4,0,,67,11,2006,7,39.9553,-75.1747,1000.0,6,0,0,0,0,0,0,1,0,,0,0,0,99,1,1,2,,0.0,39 57:19.087,,0,75 10:29.085,4,0,0,0,67301,1,0,0,N,0,0,0,2,67301,1,,1,1,,N,N,,0,,0,0,0,0,0,,9999,1,2,0,0,0,0,0,3,4,0,1,3,,N,,,,,,,,,,,
2007009797,1305.0,1,0,0,0,0,0,1,0,0,1,1,,67,11,2006,5,39.9473,-75.1874,1300.0,6,0,0,0,0,0,0,0,0,1.0,0,0,0,12,1,1,0,,1.0,39 56:50.380,4.0,3,75 11:14.818,4,0,0,0,67301,0,0,0,,0,0,0,2,67301,1,,1,1,,Y,,,0,,0,0,0,0,0,N,1259,1,2,0,0,0,0,0,3,4,0,2,3,,N,,,,,,,,,,,
2007009836,1033.0,1,0,0,1,0,0,0,0,0,4,0,,67,12,2006,3,39.95,-75.163,1031.0,6,0,0,0,0,0,0,0,0,,0,0,0,99,1,1,1,,0.0,39 56:59.866,,0,75 09:46.799,4,0,0,0,67301,1,0,0,N,0,0,0,2,67301,1,,1,1,,N,N,,0,,0,0,0,3,2,,9999,1,2,0,0,0,0,0,3,4,0,1,3,,N,,,,,,,,,,,
2007007754,1630.0,2,0,0,0,0,0,0,0,0,4,0,,67,12,2006,7,40.0144,-75.153,1628.0,6,0,0,0,1,0,0,0,0,,0,0,0,16,1,1,2,,0.0,40 00:51.708,,0,75 09:10.931,8,0,0,0,67301,0,0,0,N,0,0,0,2,67301,0,,1,1,,N,N,,0,,0,0,0,9,3,,1620,1,2,0,0,1,1,0,3,4,0,2,3,,N,,,,,,,,,,,
2007007672,1314.0,1,0,0,0,0,0,0,0,0,1,1,,67,12,2006,4,40.0195,-75.1468,1310.0,6,0,0,0,0,0,0,0,1,1.0,0,1,0,13,1,2,0,,2.0,40 01:10.000,4.0,1,75 08:48.064,3,0,0,0,67301,0,0,0,N,0,0,0,3,67301,1,,1,1,,N,N,,0,,1,0,0,0,0,N,1304,2,3,0,0,0,0,0,3,4,1,3,3,,N,,,,,,,,,,,
2007008569,245.0,2,0,0,0,0,0,0,0,0,6,0,,67,11,2006,1,39.9968,-75.154,240.0,6,0,0,0,0,0,0,0,0,,0,0,0,2,3,0,1,,0.0,39 59:48.000,,0,75 09:14.458,9,0,0,0,67301,0,0,0,N,0,0,0,2,67301,0,,1,1,,N,N,,0,,0,0,0,2,2,,240,0,2,0,0,0,0,1,3,4,0,2,3,,N,,,,,,,,,,,
2007009185,1747.0,1,0,0,0,0,0,0,0,0,8,0,,67,11,2006,4,40.0312,-75.2204,1742.0,6,0,0,0,0,0,0,0,0,,0,0,0,17,3,1,1,,0.0,40 01:52.345,,0,75 13:13.619,3,0,0,0,67301,1,0,0,N,1,0,0,2,67301,0,,1,1,,N,N,,0,,1,0,0,3,3,,1737,1,2,0,0,0,0,0,3,4,0,1,3,,N,,,,,,,,,,,
2007009212,1353.0,1,0,0,1,0,0,0,0,0,5,0,,67,12,2006,7,39.9729,-75.1591,1348.0,6,0,0,0,0,0,0,0,0,,0,0,0,13,1,1,0,,0.0,39 58:22.000,,0,75 09:32.622,4,0,0,0,67301,1,0,0,N,0,0,0,2,67301,1,,1,1,,N,N,,0,,0,0,0,9,2,,1330,1,2,0,0,0,0,0,3,4,0,1,3,,N,,,,,,,,,,,
2007022363,1010.0,0,0,0,0,0,0,1,0,0,8,1,,67,12,2006,6,40.0382,-75.0786,1000.0,6,0,0,0,0,0,0,0,0,,0,0,0,7,1,1,1,,0.0,40 02:17.000,,0,75 04:42.907,4,0,0,0,67301,1,0,0,N,1,0,0,3,67301,1,,1,1,,Y,N,,0,,0,0,0,9,2,,712,1,2,0,0,0,0,0,3,4,0,1,3,,N,,,,,,,,,,,
2007030099,1749.0,1,0,0,0,0,0,0,0,0,8,0,,67,11,2006,3,40.0146,-75.1567,1749.0,6,0,0,0,0,0,0,0,0,,0,0,0,17,3,1,1,,0.0,40 00:52.000,,0,75 09:24.063,8,0,0,0,67301,1,0,0,,1,0,0,3,67301,0,,1,1,,,,,0,,0,0,0,3,2,,1745,1,2,0,0,0,1,0,3,4,0,1,3,,N,,,,,,,,,,,
2007022520,6.0,1,0,0,0,0,0,1,0,0,7,1,,67,12,2006,6,39.9863,-75.1563,2359.0,6,0,0,0,0,0,1,0,0,1.0,0,0,0,23,3,2,0,,1.0,39 59:10.748,2.0,0,75 09:22.524,4,0,0,0,67301,0,0,0,N,0,0,0,4,67301,2,,1,9,,N,N,,0,,0,0,0,0,0,N,2355,2,2,0,0,0,0,0,3,4,0,2,7,,N,,,,,,,,,,,
2007022738,203.0,2,0,0,0,0,0,0,0,0,4,0,,67,12,2006,7,40.0856,-74.9645,156.0,6,0,0,1,0,0,1,0,0,,0,0,0,1,3,2,0,,0.0,40 05:08.239,,7,74 57:52.322,3,0,0,0,67301,0,0,0,N,0,0,0,3,67301,1,,1,9,,N,N,,0,,1,0,0,2,2,,150,2,2,0,0,0,0,0,3,4,0,2,7,,N,,,,,,,,,,,
2007022793,1234.0,2,0,0,0,0,0,0,0,0,5,0,,67,11,2006,3,40.0145,-75.0857,1219.0,6,0,0,0,0,0,0,0,0,,0,0,0,99,1,0,0,,0.0,40 00:52.000,,0,75 05:08.411,0,0,0,0,67301,0,0,0,,0,0,0,2,67301,0,,1,1,,,,,0,,0,0,0,0,0,,9999,0,2,0,0,0,0,0,3,4,0,2,3,,N,,,,,,,,,,,
2007056250,1953.0,1,0,0,0,0,0,0,0,0,1,0,,67,12,2006,1,40.0309,-75.0931,1950.0,6,0,0,0,0,0,0,0,0,1.0,0,0,0,19,3,2,0,,1.0,40 01:51.186,1.0,0,75 05:35.026,4,0,0,0,67301,0,0,0,,0,0,0,2,67301,2,,1,1,,,,,0,,0,0,0,3,2,N,1950,2,2,0,0,1,0,0,3,4,1,2,3,,N,,,,,,,,,,,
2007009845,1353.0,1,0,0,0,0,0,0,0,0,4,0,,67,12,2006,4,40.1343,-75.0091,1353.0,6,0,0,0,0,0,0,0,0,,0,0,0,13,1,1,1,,0.0,40 08:03.000,,0,75 00:33.108,4,0,0,0,67301,0,0,0,N,0,0,0,2,67301,1,,1,1,,N,N,,0,,0,0,0,3,2,,1353,1,2,0,0,0,0,0,3,4,1,2,3,,N,,,,,,,,,,,
2007007692,1525.0,3,0,0,0,0,0,0,0,0,2,0,,67,11,2006,2,40.06,-75.1662,1522.0,6,0,0,0,0,0,0,1,0,1.0,0,0,0,15,1,2,2,,1.0,40 03:35.000,5.0,0,75 09:58.384,8,0,0,0,67301,0,0,0,N,0,0,0,3,67301,0,,1,9,,N,N,,0,,0,0,1,0,0,Y,1520,2,4,0,0,0,2,0,3,4,0,4,7,,N,,,,,,,,,,,
2007033374,,2,0,0,0,0,0,0,0,0,2,0,,67,1,2006,2,,,,6,0,0,0,0,0,1,0,0,,0,0,0,16,1,1,0,,0.0,,,0,,4,0,0,0,67301,0,0,0,N,0,0,0,2,,1,,1,1,,N,N,,0,,0,0,0,0,0,,1600,1,2,0,0,0,0,1,3,3,0,2,3,,N,,,,,,,,,,,
2007033395,,0,0,0,0,0,0,0,0,0,1,0,,67,1,2006,7,,,,6,0,0,0,0,0,0,0,0,,0,0,0,13,1,2,0,,0.0,,,0,,3,0,0,0,67301,0,0,0,N,0,0,0,3,,0,,1,1,,N,N,,0,,1,0,0,0,0,,1320,2,3,0,0,0,1,1,3,3,0,3,3,,N,,,,,,,,,,,
2007008555,1555.0,1,0,0,0,0,0,0,0,0,8,0,,67,12,2006,6,40.0317,-75.1789,1550.0,6,0,0,0,0,0,0,0,0,,0,0,0,15,1,1,1,,0.0,40 01:54.260,,0,75 10:43.950,4,0,0,0,67301,1,0,0,N,1,0,0,2,67301,1,,1,1,,N,N,,0,,0,0,0,3,2,,1545,1,2,0,0,0,0,0,3,4,0,1,3,,N,,,,,,,,,,,
2007022332,2035.0,2,0,0,0,0,0,0,0,0,4,0,,67,12,2006,7,40.0036,-75.1005,2033.0,6,0,0,0,0,1,0,0,0,,0,0,0,20,3,2,2,,0.0,40 00:12.783,,0,75 06:01.684,4,0,0,0,67301,0,0,0,N,0,0,0,3,67301,2,,1,1,,N,N,,0,,0,0,0,3,3,,2000,2,2,0,0,0,0,0,3,4,0,2,3,,N,,,,,,,,,,,
2007022535,1527.0,2,0,0,0,0,0,0,0,0,4,0,,67,12,2006,7,39.9145,-75.1531,1520.0,6,0,0,0,0,1,0,0,0,,0,0,0,15,1,1,2,,0.0,39 54:52.000,,0,75 09:10.741,4,0,0,0,67301,0,0,0,N,0,0,0,2,67301,1,,1,1,,N,N,,0,,0,0,0,0,0,,1513,1,2,0,0,0,0,0,3,4,0,2,3,,N,,,,,,,,,,,
2007021756,1230.0,0,0,0,0,0,0,0,0,0,7,0,,67,12,2006,4,40.0233,-75.0323,1222.0,6,0,0,0,0,0,0,0,0,,0,0,0,12,1,0,0,,0.0,40 01:23.000,,2,75 01:57.460,0,0,0,0,67301,0,0,0,Y,0,0,0,1,67301,0,,2,9,,N,N,,1,,0,0,0,0,0,,1222,0,1,0,0,0,0,0,3,4,0,1,7,,N,,,,,,,,,,,
2007022098,1433.0,2,0,0,0,0,0,0,0,0,4,0,,67,12,2006,5,40.1244,-75.015,1426.0,6,0,0,0,1,0,1,0,0,,0,0,0,14,1,1,2,,0.0,40 07:27.000,,0,75 00:53.922,4,0,0,0,67301,0,0,0,N,0,0,0,4,67301,1,,1,9,,N,N,,0,,0,0,0,0,0,,1426,1,2,0,0,0,0,0,3,4,0,2,3,,N,,,,,,,,,,,
2007022175,859.0,2,0,0,0,0,0,0,0,0,4,0,,67,12,2006,7,40.0577,-75.0416,854.0,6,0,0,0,0,0,2,0,0,2.0,0,0,0,8,1,1,1,,2.0,40 03:27.887,3.0,0,75 02:29.677,8,0,0,0,67301,0,0,0,N,0,0,0,2,67301,0,,1,1,,N,N,,0,,0,0,0,3,2,Y,853,1,2,0,0,0,1,1,3,4,0,2,3,,N,,,,,,,,,,,
2007007133,9999.0,1,0,0,0,0,0,0,0,0,1,0,,67,11,2006,6,39.9513,-75.1991,1808.0,6,0,0,0,0,1,0,0,0,1.0,0,0,0,18,4,0,1,,1.0,39 57:04.584,1.0,0,75 11:56.878,0,0,0,0,67301,0,0,0,,0,0,0,3,67301,0,,1,1,,,,,0,,0,0,1,3,2,N,1808,0,2,0,0,3,0,0,3,4,0,2,3,,N,,,,,,,,,,,
2007009835,931.0,2,0,0,0,0,0,0,0,0,4,0,,67,12,2006,6,39.9608,-75.1547,930.0,6,0,0,0,0,0,2,0,0,,0,0,0,9,1,1,1,,0.0,39 57:38.754,,0,75 09:16.977,8,0,0,0,67301,0,0,0,N,0,0,0,2,67301,0,,1,1,,N,N,,0,,0,0,0,3,3,,920,1,4,0,0,0,1,0,3,4,2,4,3,,N,,,,,,,,,,,
2007007562,2105.0,2,0,0,0,0,0,0,0,0,2,0,,67,11,2006,5,39.9799,-75.1429,2100.0,6,0,0,0,0,1,0,0,0,,0,0,0,20,3,2,1,,0.0,39 58:47.528,,0,75 08:34.317,4,0,0,0,67301,0,0,0,N,0,0,0,2,67301,2,,1,1,,N,N,,0,,0,0,0,3,2,,2045,2,2,0,0,0,0,0,3,4,0,2,3,,N,,,,,,,,,,,
2007007736,1026.0,1,0,0,0,0,0,0,0,0,4,0,,67,11,2006,2,40.0354,-75.0395,1024.0,6,0,0,0,0,0,1,0,0,,0,0,0,10,1,2,2,,0.0,40 02:07.000,,0,75 02:22.505,4,0,0,0,67301,0,0,0,N,0,0,0,2,67301,1,,1,1,,N,N,,0,,0,0,2,3,2,,1020,2,3,0,0,0,1,0,3,4,0,3,3,,N,,,,,,,,,,,
2007007503,42.0,2,0,0,0,0,0,0,0,0,4,0,,67,11,2006,5,40.0408,-75.0298,,6,0,0,0,0,0,0,0,0,,0,0,0,99,3,0,0,,0.0,40 02:26.000,,0,75 01:47.373,0,0,0,0,67301,0,0,0,N,0,0,0,4,67301,0,,1,9,,N,N,,0,,0,0,0,0,0,,9999,0,2,0,0,0,0,0,3,4,0,2,7,,N,,,,,,,,,,,
2007055784,2325.0,2,0,0,0,0,0,0,0,0,5,0,,67,12,2006,2,39.9245,-75.1928,2317.0,6,0,0,0,0,0,1,0,0,1.0,0,0,0,23,3,0,0,,1.0,39 55:32.000,4.0,0,75 11:37.675,9,0,0,0,67301,0,0,0,N,0,0,0,2,67301,0,,1,1,,N,N,,0,,0,0,0,0,0,N,2312,0,2,0,0,0,0,1,3,4,0,2,3,,N,,,,,,,,,,,
2007008565,2359.0,1,0,0,0,0,0,0,0,0,2,0,,67,11,2006,2,40.0143,-75.1781,2342.0,6,0,0,0,1,0,0,0,0,,0,0,0,23,3,2,1,,0.0,40 00:51.570,,0,75 10:41.163,3,0,0,0,67301,0,0,0,,0,0,0,2,67301,1,,1,9,,,,,0,,1,0,1,9,2,,2342,2,2,0,0,0,0,0,3,4,0,2,7,,N,,,,,,,,,,,
2007006954,1913.0,1,0,0,0,0,0,0,0,0,8,0,,67,11,2006,1,40.0431,-75.1672,1910.0,6,0,0,0,0,0,0,0,1,,0,0,0,18,3,1,1,,0.0,40 02:35.289,,0,75 10:02.002,8,0,0,0,67301,1,0,0,N,1,0,0,3,67301,0,,1,1,,N,N,,0,,0,0,0,3,2,,1855,1,2,0,0,0,1,0,3,4,0,1,3,,N,,,,,,,,,,,
2007006967,805.0,1,0,0,0,0,0,0,0,0,4,0,,67,11,2006,7,39.9899,-75.1474,803.0,6,0,0,1,0,0,0,0,0,,0,0,0,8,1,2,2,,0.0,39 59:23.560,,0,75 08:50.719,4,0,0,0,67301,0,0,0,N,0,0,0,2,67301,2,,1,1,,N,N,,0,,0,0,1,3,2,,802,2,2,0,0,0,0,0,3,4,0,2,3,,N,,,,,,,,,,,
2007009184,1433.0,1,0,0,1,0,0,0,0,0,4,0,,67,11,2006,7,40.0462,-75.2177,1430.0,6,0,0,0,0,0,1,0,0,,0,0,0,14,1,1,1,,0.0,40 02:46.000,,0,75 13:03.664,8,0,0,0,67301,1,0,0,N,0,0,0,2,67301,0,,1,1,,N,N,,0,,0,0,0,3,2,,1425,1,2,0,0,0,1,0,3,4,0,1,3,,N,,,,,,,,,,,
2007009195,1144.0,1,0,0,0,0,0,0,0,0,1,0,,67,12,2006,3,39.9103,-75.1509,1134.0,6,0,0,0,0,0,0,0,0,1.0,0,0,0,0,6,1,6,,1.0,40 06:33.120,2.0,2,74 59:53.160,8,0,0,0,67301,0,0,0,N,0,0,0,2,67301,0,,7,1,,N,N,,1,,0,0,0,3,4,Y,11,1,2,0,0,0,1,0,3,4,0,2,3,,N,,,,,,,,,,,
2007009030,2056.0,2,0,0,0,0,0,0,0,0,4,0,,67,12,2006,7,39.9371,-75.1814,2054.0,6,0,0,0,0,0,1,0,0,,0,0,0,20,3,1,0,,0.0,39 56:13.668,,0,75 10:53.137,4,0,0,0,67301,0,0,0,N,0,0,0,3,67301,1,,6,1,,N,N,,0,,0,0,0,0,0,,2028,1,2,0,0,2,0,0,3,4,0,2,3,,N,,,,,,,,,,,
2007022273,1740.0,3,0,0,0,0,0,0,0,0,1,0,,67,12,2006,6,40.0787,-74.9985,1730.0,6,0,0,0,0,0,1,0,0,,0,0,0,17,1,2,2,,0.0,40 04:43.000,,0,74 59:54.742,4,0,0,0,67301,0,0,0,N,0,0,0,4,67301,2,,1,1,,N,N,,0,,0,0,0,3,2,,1700,2,3,0,0,0,0,0,3,4,0,3,3,,N,,,,,,,,,,,
2007022279,1925.0,1,0,0,0,0,0,1,0,0,6,1,,67,11,2006,3,40.0959,-75.0556,1921.0,6,0,0,0,0,0,0,1,0,,0,0,0,19,3,0,0,,0.0,40 05:45.286,,0,75 03:20.188,0,0,0,0,67301,0,0,0,,0,0,0,1,67301,0,,6,1,,N,N,,0,,0,0,0,0,0,,1916,0,2,0,0,0,0,0,3,4,0,2,3,,N,,,,,,,,,,,
2007030115,1429.0,2,0,0,0,0,0,0,0,0,5,0,,67,12,2006,7,40.0144,-75.153,1428.0,6,0,0,0,0,0,0,0,0,,0,0,0,14,1,1,1,,0.0,40 00:51.708,,0,75 09:10.931,4,0,0,0,67301,0,0,0,N,0,0,0,3,67301,1,,1,1,,N,N,,1,,0,0,0,3,2,,1428,1,3,0,0,0,0,0,3,4,0,3,3,,N,,,,,,,,,,,
2007027666,1740.0,2,0,0,0,0,0,0,0,0,2,0,,67,2,2006,5,40.0324,-75.1495,1730.0,6,0,0,0,0,0,1,0,0,,0,0,0,17,3,1,0,,0.0,40 01:56.736,,0,75 08:58.119,4,0,0,0,67301,0,0,0,N,0,0,0,2,67301,1,,1,9,,N,N,,0,,0,0,0,0,0,,1700,1,2,0,0,0,0,0,3,4,0,2,7,,N,,,,,,,,,,,
2007022708,230.0,0,0,0,0,0,0,0,0,0,7,0,,67,12,2006,3,40.0065,-75.1931,227.0,6,0,0,0,0,0,0,0,0,2.0,0,0,0,2,3,1,0,,2.0,40 00:24.480,2.0,0,75 11:34.080,3,0,0,0,67301,0,0,0,Y,0,0,0,1,67301,0,,2,9,,N,N,,1,,1,0,0,0,0,N,223,1,1,0,0,0,0,0,3,4,0,1,3,,N,,,,,,,,,,,
2007022861,1058.0,1,0,0,0,0,0,0,0,0,4,0,,67,12,2006,4,39.9546,-75.1447,1058.0,6,0,0,0,0,0,1,1,0,,0,0,0,10,1,0,1,,0.0,39 57:16.398,,0,75 08:41.020,0,0,0,0,67301,0,0,0,N,0,0,0,2,67301,0,,1,1,,N,N,,0,,0,0,0,3,3,,1050,0,2,0,0,0,0,0,3,4,1,2,3,,N,,,,,,,,,,,
2006037588,1544.0,2,0,0,0,0,0,0,0,0,1,0,,67,2,2006,1,,,1533.0,6,0,0,0,0,0,0,0,0,,0,0,0,15,1,1,0,,0.0,,,0,,4,0,0,0,67301,0,0,0,N,0,0,0,2,67301,1,,1,1,,N,N,,0,,0,0,0,0,0,,1530,1,2,0,0,0,0,1,3,3,0,2,3,,N,,,,,,,,,,,
2006037814,920.0,2,0,0,0,0,0,0,0,0,4,0,,67,3,2006,3,39.9224,-75.2232,917.0,6,0,0,0,0,0,0,0,0,,0,0,0,9,1,0,1,,0.0,39 55:20.000,,0,75 13:23.266,0,0,0,0,67301,0,0,0,,0,0,0,3,67301,0,,1,1,,N,N,,0,,0,0,0,3,2,,917,0,2,0,0,0,0,0,3,4,0,2,3,,N,,,,,,,,,,,
2006082065,646.0,1,0,0,0,0,0,0,0,0,4,0,,67,6,2006,5,39.957,-75.1572,645.0,6,0,0,0,0,0,0,0,0,1.0,0,0,0,6,1,1,2,,2.0,39 57:25.000,4.0,0,75 09:25.517,8,0,0,0,67301,0,0,0,N,0,0,0,2,67301,0,,1,1,,N,N,,0,,0,0,1,9,2,Y,643,1,2,0,0,0,1,1,3,4,0,2,3,,N,,,,,,,,,,,
2006079909,2105.0,0,0,0,0,0,0,0,0,0,2,0,,67,6,2006,4,,,2059.0,6,0,0,0,0,0,0,0,0,,0,0,0,20,3,1,1,,0.0,,,0,,3,0,0,1,67301,0,0,0,N,0,0,0,2,67301,0,,1,1,,N,N,,1,,1,0,0,3,2,,2055,1,2,0,0,0,0,0,3,3,0,2,3,,N,,,,,,,,,,,
2006082511,935.0,1,0,0,0,0,0,0,0,0,8,0,,67,7,2006,7,40.0221,-75.0447,930.0,6,0,0,0,0,0,0,1,0,,0,0,0,20,1,1,0,,0.0,40 01:19.718,,0,75 02:41.071,8,0,0,0,67301,1,0,0,N,1,0,0,2,67301,0,,6,1,,N,N,,0,,0,0,0,0,0,,2030,1,2,0,0,0,1,0,3,4,0,1,3,,N,,,,,,,,,,,