CRN,ARRIVAL_TM,AUTOMOBILE_COUNT,BELTED_DEATH_COUNT,BELTED_SUSP_SERIOUS_INJ_COUNT,BICYCLE_COUNT,BICYCLE_DEATH_COUNT,BICYCLE_SUSP_SERIOUS_INJ_COUNT,BUS_COUNT,CHLDPAS_DEATH_COUNT,CHLDPAS_SUSP_SERIOUS_INJ_COUNT,COLLISION_TYPE,COMM_VEH_COUNT,CONS_ZONE_SPD_LIM,COUNTY,CRASH_MONTH,CRASH_YEAR,DAY_OF_WEEK,DEC_LAT,DEC_LONG,DISPATCH_TM,DISTRICT,DRIVER_COUNT_16YR,DRIVER_COUNT_17YR,DRIVER_COUNT_18YR,DRIVER_COUNT_19YR,DRIVER_COUNT_20YR,DRIVER_COUNT_50_64YR,DRIVER_COUNT_65_74YR,DRIVER_COUNT_75PLUS,EST_HRS_CLOSED,FATAL_COUNT,HEAVY_TRUCK_COUNT,HORSE_BUGGY_COUNT,HOUR_OF_DAY,ILLUMINATION,INJURY_COUNT,INTERSECT_TYPE,INTERSECTION_RELATED,LANE_CLOSED,LATITUDE,LN_CLOSE_DIR,LOCATION_TYPE,LONGITUDE,MAX_SEVERITY_LEVEL,MCYCLE_DEATH_COUNT,MCYCLE_SUSP_SERIOUS_INJ_COUNT,MOTORCYCLE_COUNT,MUNICIPALITY,NONMOTR_COUNT,NONMOTR_DEATH_COUNT,NONMOTR_SUSP_SERIOUS_INJ_COUNT,NTFY_HIWY_MAINT,PED_COUNT,PED_DEATH_COUNT,PED_SUSP_SERIOUS_INJ_COUNT,PERSON_COUNT,POLICE_AGCY,POSSIBLE_INJ_COUNT,RDWY_SURF_TYPE_CD,RELATION_TO_ROAD,ROAD_CONDITION,ROADWAY_CLEARED,SCH_BUS_IND,SCH_ZONE_IND,SECONDARY_CRASH,SMALL_TRUCK_COUNT,SPEC_JURIS_CD,SUSP_MINOR_INJ_COUNT,SUSP_SERIOUS_INJ_COUNT,SUV_COUNT,TCD_FUNC_CD,TCD_TYPE,TFC_DETOUR_IND,TIME_OF_DAY,TOT_INJ_COUNT,TOTAL_UNITS,UNB_DEATH_COUNT,UNB_SUSP_SERIOUS_INJ_COUNT,UNBELTED_OCC_COUNT,UNK_INJ_DEG_COUNT,UNK_INJ_PER_COUNT,URBAN_AREA,URBAN_RURAL,VAN_COUNT,VEHICLE_COUNT,WEATHER1,WEATHER2,WORK_ZONE_IND,WORK_ZONE_LOC,WORK_ZONE_TYPE,WORKERS_PRES,WZ_CLOSE_DETOUR,WZ_FLAGGER,WZ_LAW_OFFCR_IND,WZ_LN_CLOSURE,WZ_MOVING,WZ_OTHER,WZ_SHLDER_MDN,WZ_WORKERS_INJ_KILLED
2006021084,1552.0,1,0,0,0,0,0,0,0,0,8,0,,67,1,2006,5,40.0612,-75.0835,1547.0,6,0,0,0,0,0,0,1,0,1.0,0,0,0,15,1,1,1,,2.0,40 03:40.000,2.0,0,75 05:00.834,8,0,0,0,67301,1,0,0,N,1,0,0,2,67301,0,,1,1,,N,N,,0,,0,0,0,3,2,Y,1530,1,2,0,0,0,1,0,3,4,0,1,3,,N,,,,,,,,,,,
2007006862,1710.0,1,0,0,1,0,0,0,0,0,2,0,,67,11,2006,3,39.9719,-75.1258,1700.0,6,0,0,0,0,0,0,0,0,,0,0,0,13,1,1,0,,0.0,39 58:18.000,,0,75 07:32.266,3,0,0,0,67301,1,0,0,N,0,0,0,2,67301,0,,1,1,,N,N,,0,,1,0,0,0,0,,1300,1,2,0,0,0,0,1,3,4,0,1,3,,N,,,,,,,,,,,
2007006869,320.0,1,0,0,0,0,0,0,0,0,7,0,,67,11,2006,1,40.1025,-75.0287,300.0,6,0,0,0,0,0,0,0,0,,0,0,0,3,6,1,1,,0.0,40 06:09.000,,0,75 01:43.850,4,0,0,0,67301,0,0,0,N,0,0,0,2,67301,1,,5,1,,N,N,,0,,0,0,0,9,2,,300,1,1,0,0,0,0,0,3,4,0,1,3,,N,,,,,,,,,,,
2007025828,805.0,1,0,0,0,0,0,0,0,0,7,0,,67,12,2006,7,,,805.0,6,0,0,0,0,0,0,0,0,,0,0,0,8,1,0,0,,0.0,,,0,,0,0,0,0,67301,0,0,0,N,0,0,0,1,67501,0,,3,1,,N,N,,0,,0,0,0,3,8,,805,0,1,0,0,0,0,0,3,3,0,1,3,,N,,,,,,,,,,,
2007023093,1500.0,1,0,0,0,0,0,0,0,0,4,0,,67,12,2006,6,39.9321,-75.2426,1424.0,6,0,0,0,1,0,1,0,0,1.0,0,0,0,14,1,2,0,,2.0,39 55:55.000,5.0,0,75 14:33.378,4,0,0,0,67301,0,0,0,N,0,0,0,2,67301,2,,1,1,,N,N,,0,,0,0,1,0,0,N,1420,2,2,0,0,0,0,0,3,4,0,2,3,,N,,,,,,,,,,,
2007023198,1023.0,1,0,0,0,0,0,0,0,0,1,0,,67,12,2006,5,40.0055,-75.1068,1020.0,6,0,0,0,0,0,0,1,0,,0,0,0,9,1,1,0,,0.0,40 00:19.000,,0,75 06:24.483,8,0,0,0,67301,0,0,0,N,0,0,0,1,67301,0,,6,1,,N,N,,0,,0,0,2,0,0,,949,1,4,0,0,0,1,0,3,4,1,4,3,,N,,,,,,,,,,,
2007029590,1310.0,2,0,0,0,0,0,0,0,0,4,0,,67,12,2006,6,39.9911,-75.1329,1301.0,6,0,0,1,0,0,0,0,0,,0,0,0,12,8,1,1,,0.0,39 59:27.000,,0,75 07:58.291,2,0,0,0,67301,0,0,0,,0,0,0,2,67301,0,,1,98,,,,,0,,0,1,0,9,2,,1200,1,2,0,0,0,0,1,3,4,0,2,99,,N,,,,,,,,,,,
2007008437,233.0,2,0,0,0,0,0,0,0,0,5,0,,67,12,2006,6,40.0238,-75.148,330.0,6,0,0,0,0,0,0,0,0,,0,0,0,2,3,2,0,,0.0,40 01:25.651,,0,75 08:52.667,4,0,0,0,67301,0,0,0,N,0,0,0,2,67301,2,,1,1,,N,N,,0,,0,0,0,0,0,,230,2,2,0,0,0,0,0,3,4,0,2,7,,N,,,,,,,,,,,
2007010947,12.0,1,0,0,0,0,0,0,0,0,4,0,,67,11,2006,6,39.9057,-75.1939,10.0,6,0,0,0,1,0,0,0,0,,0,0,0,0,3,1,1,,0.0,39 54:20.000,,0,75 11:37.830,4,0,0,0,67301,0,0,0,N,0,0,0,2,67301,1,,1,9,,N,N,,0,,0,0,1,2,1,,10,1,2,0,0,0,0,0,3,4,0,2,7,,N,,,,,,,,,,,
2007008447,1355.0,3,0,0,0,0,0,0,0,0,1,0,,67,12,2006,6,39.8978,-75.1926,1351.0,6,0,0,0,0,0,1,0,0,,0,0,0,13,1,0,0,,0.0,39 53:51.990,,0,75 11:33.277,0,0,0,0,67301,0,0,0,N,0,0,0,3,67301,0,,1,9,,N,N,,0,,0,0,0,3,2,,1350,0,3,0,0,0,0,0,3,4,0,3,7,,N,,,,,,,,,,,
2007008503,748.0,1,0,0,0,0,0,0,0,0,4,0,,67,11,2006,2,39.9599,-75.2433,730.0,6,0,0,0,0,0,0,1,0,,0,0,0,7,3,1,1,,0.0,39 57:35.719,,0,75 14:35.725,8,0,0,0,67301,0,0,0,N,0,0,0,5,67301,0,,1,9,,N,N,,1,,0,0,0,9,3,,720,1,2,0,0,1,1,0,3,4,0,2,7,,N,,,,,,,,,,,
2007008525,120.0,2,0,0,0,0,0,0,0,0,1,0,,67,11,2006,1,39.9166,-75.2178,115.0,6,0,0,1,1,0,0,0,0,,0,0,0,1,3,1,0,,0.0,39 55:02.000,,0,75 12:50.540,4,0,0,0,67301,0,0,0,N,0,0,0,4,67301,1,,1,1,,N,N,,0,,0,0,0,0,0,,100,1,2,0,0,0,0,0,3,4,0,2,3,,N,,,,,,,,,,,
2007008535,1730.0,1,0,0,0,0,0,0,0,0,1,0,,67,11,2006,5,40.0217,-75.1257,1730.0,6,0,0,0,0,0,0,0,0,,0,0,0,14,1,1,0,,0.0,40 01:18.061,,0,75 07:32.484,8,0,0,0,67301,0,0,0,N,0,0,0,5,67301,0,,1,9,,N,N,,0,,0,0,0,3,2,,1430,1,2,0,0,0,1,0,3,4,1,2,7,,N,,,,,,,,,,,
2007008537,1847.0,0,0,0,0,0,0,0,0,0,8,0,,67,11,2006,1,40.002,-75.1401,1845.0,6,0,0,0,0,0,0,0,0,,0,0,0,18,3,1,1,,0.0,40 00:07.027,,0,75 08:24.226,4,0,0,0,67301,1,0,0,,1,0,0,2,67301,1,,1,1,,,,,0,,0,0,0,9,3,,1845,1,2,0,0,0,0,1,3,4,0,1,3,,N,,,,,,,,,,,
2007010419,825.0,2,0,0,0,0,0,0,0,0,1,1,,67,12,2006,3,39.975,-75.1173,820.0,6,0,0,0,0,0,1,0,0,9.0,0,1,0,8,1,1,0,,2.0,39 58:31.000,2.0,0,75 07:00.977,4,0,0,0,67301,0,0,0,N,0,0,0,5,67301,1,,1,1,,N,N,,1,,0,0,0,0,0,Y,820,1,4,0,0,0,0,0,3,4,0,4,3,,N,,,,,,,,,,,
2007007090,148.0,0,0,0,0,0,0,0,0,0,7,0,,67,12,2006,3,39.9728,-75.1208,144.0,6,0,0,0,0,0,0,0,0,1.0,0,0,0,1,3,1,0,,2.0,39 58:26.040,1.0,0,75 07:08.760,8,0,0,0,67301,0,0,0,N,0,0,0,1,67301,0,,2,1,,N,N,,1,,0,0,0,0,0,N,142,1,1,0,0,0,1,0,3,4,0,1,3,,N,,,,,,,,,,,
2007007158,2350.0,1,0,0,0,0,0,0,0,0,5,0,,67,12,2006,7,40.0152,-75.1771,2347.0,6,0,0,1,0,0,0,0,0,2.0,0,0,0,23,3,2,7,,2.0,40 00:54.720,1.0,2,75 10:37.560,3,0,0,0,67301,0,0,0,N,0,0,0,3,67301,1,,1,1,,N,N,,0,,1,0,1,0,0,N,2345,2,2,0,0,0,0,1,3,4,0,2,3,,N,,,,,,,,,,,
2007009768,1716.0,1,0,0,0,0,0,0,0,0,8,0,,67,11,2006,3,39.9289,-75.2355,1716.0,6,0,0,0,0,0,0,0,0,,0,0,0,17,3,1,1,,0.0,39 55:44.000,,0,75 14:08.104,3,0,0,0,67301,1,0,0,N,1,0,0,2,67301,0,,1,1,,N,N,,0,,1,0,0,3,2,,1716,1,2,0,0,0,0,0,3,4,0,1,3,,N,,,,,,,,,,,
2007010197,1541.0,1,0,0,0,0,0,0,0,0,8,0,,67,11,2006,2,40.0604,-74.9904,1532.0,6,0,0,0,0,1,0,0,0,,0,0,0,15,1,1,1,,0.0,40 03:37.000,,0,74 59:24.731,4,0,0,0,67301,1,0,0,,1,0,0,2,67301,1,,1,9,,,,,0,,0,0,0,3,2,,1530,1,2,0,0,0,0,0,3,4,0,1,7,,N,,,,,,,,,,,
2007009385,1645.0,1,0,0,0,0,0,0,0,0,2,0,,67,11,2006,5,40.0314,-75.1524,1630.0,6,0,0,0,0,0,1,0,0,,0,0,0,16,1,2,1,,0.0,40 01:52.935,,0,75 09:08.539,8,0,0,0,67301,0,0,0,N,0,0,0,2,67301,0,,1,1,,N,N,,0,,0,0,0,3,2,,1630,2,2,0,0,0,2,0,3,4,1,2,3,,N,,,,,,,,,,,
2007009170,755.0,2,0,0,0,0,0,0,0,0,0,0,,67,12,2006,4,39.9959,-75.1914,750.0,6,0,0,0,0,0,0,0,0,,0,0,0,7,1,2,2,,0.0,39 59:45.000,,0,75 11:29.036,8,0,0,0,67301,0,0,0,N,0,0,0,3,67301,0,,1,2,,N,N,,0,,0,0,0,0,0,,750,2,2,0,0,0,2,0,3,4,0,2,98,,N,,,,,,,,,,,
2007032644,,0,0,0,0,0,0,0,0,0,0,0,,67,4,2006,7,39.9866,-75.0944,,6,0,0,0,0,0,0,0,0,,0,0,0,11,1,1,2,,0.0,39 59:11.000,,0,75 05:39.698,8,0,0,1,67301,0,0,0,N,0,0,0,1,,0,,1,1,,N,N,,0,,0,0,0,0,0,,1130,1,2,0,0,0,1,0,3,4,0,1,3,,N,,,,,,,,,,,
2007022233,1936.0,1,0,0,0,0,0,0,0,0,7,0,,67,12,2006,1,39.9756,-75.2289,1935.0,6,0,0,0,0,0,0,0,0,,0,0,0,19,3,2,0,,0.0,39 58:32.336,,0,75 13:43.870,3,0,0,0,67301,0,0,0,,0,0,0,2,67301,1,,5,1,,,,,0,,1,0,0,0,0,,1933,2,1,0,0,0,0,0,3,4,0,1,3,,N,,,,,,,,,,,
2007030090,1743.0,0,0,0,0,0,0,0,0,0,8,0,,67,11,2006,3,39.9285,-75.233,1743.0,6,0,0,0,0,0,0,0,0,,0,0,0,17,3,1,5,,0.0,39 55:42.636,,0,75 13:58.875,3,0,0,0,67301,1,0,0,N,1,0,0,3,67301,0,,1,1,,N,N,,0,,1,0,1,3,3,,1740,1,2,0,0,0,0,2,3,4,0,1,3,,N,,,,,,,,,,,
2007022388,2135.0,1,0,0,0,0,0,0,0,0,4,0,,67,12,2006,7,,,2130.0,6,0,0,0,0,0,0,0,0,,0,0,0,21,3,1,1,,0.0,,,0,,3,0,0,0,67301,0,0,0,N,0,0,0,2,67301,0,,1,1,,N,N,,0,,1,0,0,3,2,,2111,1,2,0,0,0,0,0,3,3,1,2,3,,N,,,,,,,,,,,
2007022501,2231.0,1,0,0,0,0,0,0,0,0,4,0,,67,12,2006,1,39.9778,-75.2134,2222.0,6,0,0,0,0,0,0,0,0,,0,0,0,22,3,1,1,,0.0,39 58:39.000,,0,75 12:48.173,4,0,0,0,67301,0,0,0,N,0,0,0,2,67301,1,,1,1,,N,N,,1,,0,0,0,3,2,,2222,1,2,0,0,0,0,1,3,4,0,2,3,,N,,,,,,,,,,,
2007022837,1436.0,1,0,0,0,0,0,0,0,0,8,0,,67,12,2006,4,39.9499,-75.1437,1434.0,6,0,0,0,0,0,0,1,0,1.0,0,0,0,99,1,1,2,,2.0,39 56:59.000,3.0,0,75 08:34.554,3,0,0,0,67301,1,0,0,N,1,0,0,3,67301,0,,1,1,,N,N,,0,,1,0,0,0,0,Y,9999,1,2,0,0,0,0,0,3,4,0,1,3,,N,,,,,,,,,,,
2007022791,1603.0,1,0,0,0,0,0,0,0,0,1,0,,67,12,2006,5,40.0301,-75.146,1604.0,6,0,0,0,0,0,0,0,0,,0,0,0,15,1,1,0,,0.0,40 01:48.300,,0,75 08:45.500,8,0,0,0,67301,0,0,0,N,0,0,0,3,67301,0,,1,1,,N,N,,0,,0,0,0,3,2,,1530,1,2,0,0,1,1,0,3,4,1,2,3,,N,,,,,,,,,,,
2007020268,1900.0,0,0,0,0,0,0,0,0,0,8,0,,67,11,2006,1,39.9474,-75.2297,1852.0,6,0,0,0,0,0,0,0,0,,1,0,0,18,3,0,0,,0.0,39 56:50.500,,0,75 13:46.800,1,0,0,0,67301,1,1,0,N,1,1,0,2,67301,0,2.0,1,9,,N,N,,0,0.0,0,0,0,0,0,,1852,0,2,0,0,0,0,0,3,4,0,1,7,,N,,,,,,,,,,,
2007022825,1950.0,2,0,0,0,0,0,0,0,0,4,0,,67,12,2006,4,39.9459,-75.2403,1937.0,6,0,0,0,0,0,0,0,0,,0,0,0,19,1,1,5,,0.0,39 56:45.000,,0,75 14:25.019,3,0,0,0,67301,0,0,0,N,0,0,0,4,67301,0,,1,1,,N,N,,0,,1,0,0,3,2,,1935,1,2,0,0,1,0,0,3,4,0,2,3,,N,,,,,,,,,,,
2007022724,638.0,1,0,0,0,0,0,0,0,0,1,1,,67,12,2006,3,39.981,-75.2066,636.0,6,0,0,0,0,0,1,0,0,,0,1,0,6,1,0,0,,0.0,39 58:54.000,,0,75 12:26.801,0,0,0,0,67301,0,0,0,,0,0,0,3,67301,0,,1,9,,N,N,,1,,0,0,0,0,0,,634,0,3,0,0,0,0,0,3,4,0,3,7,,N,,,,,,,,,,,
2007022750,845.0,2,0,0,0,0,0,0,0,0,4,0,,67,12,2006,6,39.9928,-75.1828,845.0,6,0,0,0,0,0,0,0,0,,0,0,0,8,1,2,0,,0.0,39 59:34.000,,0,75 10:58.100,8,0,0,0,67301,0,0,0,N,0,0,0,3,67301,0,,1,1,,N,N,,0,,0,0,0,3,2,,845,2,2,0,0,2,2,1,3,4,0,2,3,,N,,,,,,,,,,,
2007022760,1430.0,1,0,0,0,0,0,0,0,0,7,0,,67,12,2006,3,,,1426.0,6,0,0,0,0,0,0,0,0,1.0,0,0,0,14,1,1,0,,2.0,,1.0,0,,3,0,0,0,67301,0,0,0,N,0,0,0,1,67301,0,,4,1,,N,N,,0,,1,0,0,0,0,N,1420,1,1,0,0,1,0,0,3,3,0,1,3,,N,,,,,,,,,,,
2007022777,1705.0,1,0,0,0,0,0,0,0,0,1,0,,67,12,2006,7,40.0247,-75.0545,1700.0,6,0,0,0,0,0,0,0,0,3.0,0,0,0,16,3,2,1,,2.0,40 01:28.000,4.0,0,75 03:16.275,4,0,0,0,67301,0,0,0,N,0,0,0,3,67301,2,,1,1,,N,N,,0,,0,0,1,3,2,Y,1655,2,2,0,0,0,0,0,3,4,0,2,3,,N,,,,,,,,,,,
2007023003,1317.0,1,0,0,0,0,0,0,0,0,7,0,,67,12,2006,6,39.972,-75.166,1315.0,6,0,0,0,0,0,0,1,0,,0,0,0,99,1,1,0,,0.0,39 58:19.124,,0,75 09:57.600,8,0,0,0,67301,0,0,0,N,0,0,0,1,67301,0,,4,1,,N,N,,0,,0,0,0,0,0,,9999,1,1,0,0,0,1,0,3,4,0,1,3,,N,,,,,,,,,,,
2006104247,1725.0,2,0,0,0,0,0,0,0,0,1,0,,67,8,2006,3,40.0294,-75.0627,1716.0,6,0,0,0,0,0,0,0,0,,0,0,0,17,1,1,5,,0.0,40 01:45.000,,0,75 03:45.789,4,0,0,0,67301,0,0,0,N,0,0,0,2,67301,1,,1,9,,N,N,,0,,0,0,0,3,2,,1710,1,2,0,0,0,0,0,3,4,0,2,7,,N,,,,,,,,,,,
2006104260,900.0,1,0,0,0,0,0,0,0,0,4,0,,67,8,2006,4,40.0325,-75.1242,851.0,6,0,0,1,0,1,0,0,0,,0,0,0,8,1,2,1,,0.0,40 01:57.154,,0,75 07:27.076,4,0,0,0,67301,0,0,0,N,0,0,0,3,67301,2,,1,1,,N,N,,0,,0,0,1,3,2,,845,2,3,0,0,0,0,0,3,4,1,3,3,,N,,,,,,,,,,,
2006101789,1912.0,3,0,0,0,0,0,0,0,0,4,0,,67,9,2006,4,,,1909.0,6,0,0,0,0,0,0,0,2,,0,0,0,18,1,1,0,,0.0,,,0,,4,0,0,0,67301,0,0,0,,0,0,0,2,67301,1,,1,1,,N,N,,0,,0,0,0,0,0,,1850,1,3,0,0,0,0,0,3,3,0,3,3,,N,,,,,,,,,,,
2006101828,1423.0,1,0,0,0,0,0,0,0,0,1,1,,67,9,2006,5,40.0869,-74.972,1418.0,6,0,0,0,0,0,0,0,0,1.0,0,1,0,14,1,1,1,,1.0,40 05:12.000,7.0,0,74 58:19.042,4,0,0,0,67301,0,0,0,N,0,0,0,2,67301,1,,1,1,,N,N,,0,,0,0,0,3,2,Y,1400,1,2,0,0,1,0,0,3,4,0,2,3,,N,,,,,,,,,,,
2006104316,125.0,2,0,0,0,0,0,0,0,0,1,0,,67,8,2006,3,39.9463,-75.1711,120.0,6,0,0,0,0,0,1,0,0,,0,0,0,1,3,0,0,,0.0,39 56:46.622,,0,75 10:16.125,0,0,0,0,67301,0,0,0,N,0,0,0,1,67301,0,,2,1,,N,N,,0,,0,0,1,0,0,,120,0,3,0,0,0,0,0,3,4,0,3,3,,N,,,,,,,,,,,
2006125502,1820.0,2,0,0,0,0,0,0,0,0,4,0,,67,10,2006,5,,,1810.0,6,0,0,0,0,0,1,0,0,,0,0,0,18,1,4,1,,0.0,,,0,,8,0,0,0,67301,0,0,0,N,0,0,0,5,67301,0,,1,1,,N,N,,0,,0,0,0,3,3,,1805,4,2,0,0,0,4,0,3,3,0,2,3,,N,,,,,,,,,,,
2006125512,651.0,2,0,0,0,0,0,0,0,0,4,0,,67,11,2006,2,39.928,-75.1555,644.0,6,0,0,0,0,0,0,0,0,,0,0,0,6,1,1,1,,0.0,39 55:40.620,,0,75 09:19.627,4,0,0,0,67301,0,0,0,,0,0,0,3,67301,1,,1,1,,,,,0,,0,0,0,3,3,,640,1,3,0,0,0,0,0,3,4,1,3,99,,N,,,,,,,,,,,
2006080272,306.0,2,0,0,0,0,0,0,0,0,6,0,,67,6,2006,1,40.0251,-75.0627,257.0,6,0,0,1,0,0,0,0,0,,0,0,0,2,3,3,1,,0.0,40 01:30.000,,0,75 03:45.766,4,0,0,0,67301,0,0,0,N,0,0,0,3,67301,3,,1,1,,N,N,,0,,0,0,0,3,2,,256,3,2,0,0,0,0,0,3,4,0,2,3,,N,,,,,,,,,,,
2006080275,513.0,0,0,0,0,0,0,0,0,0,0,0,,67,7,2006,7,40.0486,-74.998,512.0,6,0,0,0,0,0,0,0,0,2.0,0,0,0,5,5,1,0,,2.0,40 02:55.000,1.0,0,74 59:52.680,3,0,0,1,67301,0,0,0,N,0,0,0,1,67301,0,,1,1,,N,N,,0,,1,0,0,0,0,Y,511,1,1,0,0,0,0,0,3,4,0,1,3,,N,,,,,,,,,,,
2006080815,1220.0,1,0,0,0,0,0,0,0,0,8,0,,67,6,2006,6,39.9574,-75.1603,1205.0,6,0,0,0,0,0,0,0,0,,0,0,0,12,1,2,1,,0.0,39 57:28.000,,0,75 09:36.427,4,0,0,0,67301,1,0,0,,1,0,0,2,67301,1,,1,1,,N,N,,0,,0,0,0,3,2,,1202,2,2,0,0,0,1,0,3,4,0,1,3,,N,,,,,,,,,,,
2006080837,9999.0,1,0,0,0,0,0,0,0,0,8,0,,67,7,2006,7,39.9515,-75.1567,9999.0,6,0,0,0,0,0,1,0,0,,0,0,0,20,3,1,1,,0.0,39 57:05.000,,0,75 09:24.016,4,0,0,0,67301,1,0,0,N,1,0,0,2,67301,1,,1,1,,N,N,,0,,0,0,0,3,2,,2027,1,2,0,0,0,0,0,3,4,0,1,3,,N,,,,,,,,,,,
2006083120,100.0,1,0,0,0,0,0,0,0,0,4,0,,67,7,2006,3,40.0235,-75.1335,1250.0,6,0,0,0,0,0,1,0,0,,0,0,0,12,1,1,1,,0.0,40 01:26.000,,0,75 07:59.381,3,0,0,1,67301,0,0,0,N,0,0,0,2,67301,0,,1,1,,N,N,,0,,1,0,0,3,2,,1240,1,2,0,0,1,0,0,3,4,0,2,3,,N,,,,,,,,,,,
2006082957,715.0,1,0,0,0,0,0,0,0,0,2,0,,67,6,2006,3,40.0808,-75.0284,715.0,6,0,0,0,0,0,0,0,0,,0,0,0,7,1,1,1,,0.0,40 04:51.000,,0,75 01:43.681,3,0,0,0,67301,0,0,0,N,0,0,0,2,67301,0,,1,1,,N,N,,1,,1,0,0,3,1,,715,1,2,0,0,0,0,0,3,4,0,2,3,,N,,,,,,,,,,,
2006082997,301.0,0,0,0,0,0,0,0,0,0,8,0,,67,6,2006,7,39.9596,-75.197,258.0,6,0,0,0,0,0,0,0,0,,0,0,0,2,3,1,1,,0.0,39 57:34.000,,0,75 11:49.953,4,0,0,0,67301,1,0,0,N,1,0,0,5,67301,1,,1,9,,N,N,,0,,0,0,1,3,2,,257,1,2,0,0,0,0,0,3,4,0,1,7,,N,,,,,,,,,,,
2006080872,1644.0,1,0,0,1,0,0,0,0,0,4,0,,67,7,2006,6,,,1636.0,6,0,0,0,0,0,0,0,0,,0,0,0,16,1,1,0,,0.0,,,7,,4,0,0,0,67301,1,0,0,N,0,0,0,4,67301,1,,2,1,,N,N,,0,,0,0,0,0,0,,1630,1,2,0,0,0,0,0,3,3,0,1,3,,N,,,,,,,,,,,
2006125483,734.0,2,0,0,0,0,0,0,0,0,4,0,,67,11,2006,5,,,731.0,6,0,0,0,0,0,0,0,0,,0,0,0,7,1,1,1,,0.0,,,0,,8,0,0,0,67301,0,0,0,N,0,0,0,5,67301,0,,1,9,,N,N,,0,,0,0,0,3,2,,725,1,2,0,0,0,1,0,3,3,0,2,3,,N,,,,,,,,,,,
2006080108,49.0,0,0,0,0,0,0,0,0,0,7,0,,67,6,2006,2,,,46.0,6,0,0,1,0,0,0,0,0,,0,0,0,0,3,1,0,,0.0,,,0,,4,0,0,0,67301,0,0,0,Y,0,0,0,1,67301,1,,5,1,,N,N,,0,,0,0,0,0,0,,45,1,1,0,0,0,0,0,3,3,1,1,3,,N,,,,,,,,,,,
2006125387,2225.0,1,0,0,0,0,0,0,0,0,8,0,,67,11,2006,5,,,2220.0,6,0,0,0,0,0,0,1,0,,0,0,0,22,3,1,2,,0.0,,,0,,8,0,0,0,67301,1,0,0,,1,0,0,2,67301,0,,1,1,,N,N,,0,,0,0,0,0,0,,2200,1,2,0,0,1,1,0,3,3,0,1,3,,N,,,,,,,,,,,
2006125391,930.0,2,0,0,0,0,0,0,0,0,1,0,,67,11,2006,1,40.1322,-75.0096,927.0,6,0,0,0,0,0,1,0,0,2.0,0,0,0,9,1,1,0,,2.0,40 07:55.976,2.0,0,75 00:34.658,3,0,0,0,67301,0,0,0,N,0,0,0,5,67301,0,,1,1,,N,N,,0,,1,0,1,0,0,Y,925,1,3,0,0,0,0,0,3,4,0,3,3,,N,,,,,,,,,,,
2006082602,1605.0,1,0,0,0,0,0,0,0,0,5,0,,67,7,2006,2,,,1600.0,6,0,0,0,0,0,0,0,0,3.0,0,0,0,15,1,2,0,,1.0,,1.0,0,,8,0,0,0,67301,0,0,0,,0,0,0,2,67301,0,,1,1,,N,N,,1,,0,0,0,0,0,N,1555,2,2,0,0,0,2,0,3,3,0,2,3,,N,,,,,,,,,,,
2006080126,835.0,0,0,0,0,0,0,0,0,0,8,0,,67,5,2006,5,,,830.0,6,0,0,0,0,0,0,0,0,,0,0,0,8,1,1,1,,0.0,,,0,,8,0,0,0,67301,1,0,0,N,1,0,0,2,67301,0,,1,1,,N,N,,0,,0,0,0,3,3,,823,1,2,0,0,0,1,0,3,3,1,1,3,,N,,,,,,,,,,,
2006103451,1827.0,2,0,0,0,0,0,0,0,0,2,0,,67,9,2006,7,40.0217,-75.2047,1825.0,6,0,0,0,1,0,0,0,0,,0,0,0,18,1,1,0,,0.0,40 01:18.105,,0,75 12:16.938,4,0,0,0,67301,0,0,0,N,0,0,0,5,67301,1,,1,9,,N,N,,0,,0,0,0,0,0,,1820,1,2,0,0,0,0,0,3,4,0,2,7,,N,,,,,,,,,,,
2006096227,1602.0,1,0,0,1,0,0,0,0,0,2,0,,67,7,2006,2,39.9278,-75.1671,1600.0,6,0,0,0,0,0,1,0,0,,0,0,0,15,1,1,0,,0.0,39 55:40.069,,0,75 10:01.711,4,0,0,0,67301,1,0,0,N,0,0,0,2,67301,1,,1,1,,N,N,,0,,0,0,0,0,0,,1550,1,2,0,0,1,0,0,3,4,0,1,3,,N,,,,,,,,,,,
2006115617,1800.0,2,0,0,0,0,0,0,0,0,2,0,,67,10,2006,7,,,1756.0,6,0,0,0,0,0,0,0,0,,0,0,0,15,1,1,1,,0.0,,,0,,4,0,0,0,67301,0,0,0,,0,0,0,5,67301,1,,1,1,,,,,0,,0,0,0,9,3,,1554,1,2,0,0,0,0,0,3,3,0,2,3,,N,,,,,,,,,,,
2006125264,1056.0,2,0,0,0,0,0,0,0,0,4,0,,67,10,2006,3,39.9968,-75.1399,1041.0,6,0,0,0,0,0,1,0,0,,0,0,0,10,1,1,1,,0.0,39 59:48.368,,0,75 08:23.528,3,0,0,0,67301,0,0,0,N,0,0,0,2,67301,0,,1,1,,N,N,,0,,1,0,0,3,3,,1041,1,2,0,0,0,0,0,3,4,0,2,3,,N,,,,,,,,,,,