CRN,ARRIVAL_TM,AUTOMOBILE_COUNT,BELTED_DEATH_COUNT,BELTED_SUSP_SERIOUS_INJ_COUNT,BICYCLE_COUNT,BICYCLE_DEATH_COUNT,BICYCLE_SUSP_SERIOUS_INJ_COUNT,BUS_COUNT,CHLDPAS_DEATH_COUNT,CHLDPAS_SUSP_SERIOUS_INJ_COUNT,COLLISION_TYPE,COMM_VEH_COUNT,CONS_ZONE_SPD_LIM,COUNTY,CRASH_MONTH,CRASH_YEAR,DAY_OF_WEEK,DEC_LAT,DEC_LONG,DISPATCH_TM,DISTRICT,DRIVER_COUNT_16YR,DRIVER_COUNT_17YR,DRIVER_COUNT_18YR,DRIVER_COUNT_19YR,DRIVER_COUNT_20YR,DRIVER_COUNT_50_64YR,DRIVER_COUNT_65_74YR,DRIVER_COUNT_75PLUS,EST_HRS_CLOSED,FATAL_COUNT,HEAVY_TRUCK_COUNT,HORSE_BUGGY_COUNT,HOUR_OF_DAY,ILLUMINATION,INJURY_COUNT,INTERSECT_TYPE,INTERSECTION_RELATED,LANE_CLOSED,LATITUDE,LN_CLOSE_DIR,LOCATION_TYPE,LONGITUDE,MAX_SEVERITY_LEVEL,MCYCLE_DEATH_COUNT,MCYCLE_SUSP_SERIOUS_INJ_COUNT,MOTORCYCLE_COUNT,MUNICIPALITY,NONMOTR_COUNT,NONMOTR_DEATH_COUNT,NONMOTR_SUSP_SERIOUS_INJ_COUNT,NTFY_HIWY_MAINT,PED_COUNT,PED_DEATH_COUNT,PED_SUSP_SERIOUS_INJ_COUNT,PERSON_COUNT,POLICE_AGCY,POSSIBLE_INJ_COUNT,RDWY_SURF_TYPE_CD,RELATION_TO_ROAD,ROAD_CONDITION,ROADWAY_CLEARED,SCH_BUS_IND,SCH_ZONE_IND,SECONDARY_CRASH,SMALL_TRUCK_COUNT,SPEC_JURIS_CD,SUSP_MINOR_INJ_COUNT,SUSP_SERIOUS_INJ_COUNT,SUV_COUNT,TCD_FUNC_CD,TCD_TYPE,TFC_DETOUR_IND,TIME_OF_DAY,TOT_INJ_COUNT,TOTAL_UNITS,UNB_DEATH_COUNT,UNB_SUSP_SERIOUS_INJ_COUNT,UNBELTED_OCC_COUNT,UNK_INJ_DEG_COUNT,UNK_INJ_PER_COUNT,URBAN_AREA,URBAN_RURAL,VAN_COUNT,VEHICLE_COUNT,WEATHER1,WEATHER2,WORK_ZONE_IND,WORK_ZONE_LOC,WORK_ZONE_TYPE,WORKERS_PRES,WZ_CLOSE_DETOUR,WZ_FLAGGER,WZ_LAW_OFFCR_IND,WZ_LN_CLOSURE,WZ_MOVING,WZ_OTHER,WZ_SHLDER_MDN,WZ_WORKERS_INJ_KILLED
2006068248,1823.0,3,0,0,0,0,0,0,0,0,1,0,,67,5,2006,4,40.0286,-75.1007,1823.0,6,0,0,0,0,0,1,0,0,1.0,0,0,0,18,1,3,0,,2.0,40 01:43.000,5.0,0,75 06:02.570,4,0,0,0,67301,0,0,0,N,0,0,0,4,67301,2,,1,1,,N,N,,0,,0,0,0,0,0,Y,1823,3,3,0,0,0,1,1,3,4,0,3,3,,N,,,,,,,,,,,
2006096022,2100.0,2,0,0,0,0,0,0,0,0,4,0,,67,8,2006,6,40.0428,-75.0631,2055.0,6,0,0,0,0,0,0,0,0,,0,0,0,20,3,2,1,,0.0,40 02:34.113,,0,75 03:47.339,4,0,0,0,67301,0,0,0,N,0,0,0,2,67301,2,,1,1,,N,N,,0,,0,0,0,3,2,,2055,2,2,0,0,0,0,0,3,4,0,2,3,,N,,,,,,,,,,,
2006065809,1830.0,2,0,0,0,0,0,0,0,0,4,0,,67,5,2006,3,40.0014,-75.1273,1820.0,6,0,0,0,1,0,0,0,0,,0,0,0,17,1,4,1,,0.0,40 00:05.158,,0,75 07:38.326,4,0,0,0,67301,0,0,0,N,0,0,0,4,67301,3,,1,1,,N,N,,0,,0,0,0,3,3,,1730,4,2,0,0,1,1,0,3,4,0,2,3,,N,,,,,,,,,,,
2006112833,2006.0,1,0,0,0,0,0,0,0,0,1,0,,67,9,2006,4,40.035,-75.0694,2008.0,6,0,0,0,1,0,0,0,0,,0,0,0,14,1,1,1,,0.0,40 02:06.000,,0,75 04:09.869,4,0,0,0,67301,0,0,0,N,0,0,0,2,67301,1,,1,1,,N,N,,0,,0,0,0,2,2,,1400,1,2,0,0,2,0,0,3,4,1,2,3,,N,,,,,,,,,,,
2006112857,1741.0,0,0,0,0,0,0,0,0,0,1,0,,67,9,2006,3,40.0229,-75.2193,1739.0,6,0,0,0,0,0,1,0,0,1.0,0,0,0,17,1,1,2,,2.0,40 01:22.616,5.0,0,75 13:09.501,4,0,0,0,67301,0,0,0,N,0,0,0,2,67301,1,,1,1,,N,N,,0,,0,0,3,0,0,Y,1738,1,3,0,0,0,0,0,3,4,0,3,3,,N,,,,,,,,,,,
2006124280,3.0,2,0,0,0,0,0,0,0,0,1,0,,67,10,2006,7,,,1.0,6,0,0,0,0,0,0,0,0,3.0,0,0,0,23,3,0,0,,2.0,,4.0,0,,0,0,0,0,67301,0,0,0,N,0,0,0,1,67301,0,,6,9,,N,N,,0,,0,0,0,0,0,Y,2314,0,2,0,0,0,0,0,3,3,0,2,7,,N,,,,,,,,,,,
2006124282,2348.0,2,0,0,0,0,0,0,0,0,5,0,,67,10,2006,6,39.9212,-75.193,2343.0,6,0,0,1,0,1,0,0,0,,0,0,0,23,3,1,0,,0.0,39 55:16.000,,0,75 11:34.430,4,0,0,0,67301,0,0,0,N,0,0,0,4,67301,1,,1,9,,N,N,,0,,0,0,0,3,2,,2335,1,2,0,0,1,0,0,3,4,0,2,7,,N,,,,,,,,,,,
2006102358,2045.0,3,0,0,0,0,0,0,0,0,4,0,,67,9,2006,6,39.9305,-75.1683,2040.0,6,0,0,0,0,0,1,1,0,,0,0,0,20,4,1,1,,0.0,39 55:49.000,,0,75 10:05.992,8,0,0,0,67301,0,0,0,N,0,0,0,2,67301,0,,1,1,,N,N,,0,,0,0,1,3,2,,2035,1,4,0,0,0,1,0,3,4,0,4,3,,N,,,,,,,,,,,
2006114390,2335.0,1,0,0,0,0,0,0,0,0,7,0,,67,9,2006,5,39.9598,-75.1783,2326.0,6,0,0,0,0,0,0,0,0,1.0,0,0,0,23,3,0,0,,2.0,39 57:35.000,3.0,0,75 10:43.074,0,0,0,0,67301,0,0,0,N,0,0,0,2,67301,0,,2,9,,N,N,,0,,0,0,0,0,0,N,2326,0,2,0,0,0,0,0,3,4,1,2,7,,N,,,,,,,,,,,
2006126840,550.0,1,0,0,0,0,0,0,0,0,4,0,,67,11,2006,3,39.9057,-75.1942,544.0,6,0,0,0,0,0,0,0,0,1.0,0,0,0,5,3,0,0,,1.0,39 54:20.000,4.0,0,75 11:38.674,0,0,0,0,67301,0,0,0,N,0,0,0,2,67301,0,,1,1,,N,N,,1,,0,0,0,0,0,N,526,0,2,0,0,0,0,0,3,4,0,2,3,,N,,,,,,,,,,,
2006093422,2025.0,3,0,0,0,0,0,0,0,0,1,0,,67,8,2006,1,40.1288,-75.0137,2016.0,6,0,0,0,0,0,1,0,0,1.0,0,0,0,20,3,0,1,,1.0,40 07:43.680,1.0,0,75 00:49.320,0,0,0,0,67301,0,0,0,N,0,0,0,8,67301,0,,1,1,,N,N,,0,,0,0,0,3,2,N,2015,0,3,0,0,0,0,0,3,4,0,3,3,,N,,,,,,,,,,,
2006093428,1121.0,1,0,0,0,0,0,0,0,0,8,0,,67,8,2006,2,40.0033,-75.1664,1119.0,6,0,0,0,0,0,1,0,0,,0,0,0,11,1,1,0,,0.0,40 00:12.000,,0,75 09:59.490,8,0,0,0,67301,1,0,0,N,1,0,0,2,67301,0,,1,1,,N,N,,0,,0,0,0,0,0,,1117,1,2,0,0,0,1,0,3,4,0,1,3,,N,,,,,,,,,,,
2006054607,9999.0,2,0,0,0,0,0,1,0,0,1,1,,67,3,2006,5,,,1445.0,6,0,0,0,0,0,1,2,0,,0,0,0,14,1,5,2,,0.0,,,0,,8,0,0,0,67301,0,0,0,N,0,0,0,5,67301,0,,1,1,,Y,N,,0,,0,0,0,3,2,,1440,5,3,0,0,0,5,0,3,3,0,3,3,,N,,,,,,,,,,,
2006083309,1630.0,3,0,0,0,0,0,0,0,0,4,0,,67,6,2006,7,39.9778,-75.2134,1620.0,6,0,0,0,0,1,0,0,0,,0,0,0,16,1,3,1,,0.0,39 58:39.000,,0,75 12:47.892,4,0,0,0,67301,0,0,0,N,0,0,0,5,67301,1,,1,1,,N,N,,0,,0,0,0,3,2,,1620,3,3,0,0,0,2,0,3,4,0,3,3,,N,,,,,,,,,,,
2006093845,2122.0,0,0,0,0,0,0,0,0,0,8,0,,67,8,2006,7,40.0971,-74.9761,2119.0,6,0,0,0,0,0,0,0,0,9.0,1,0,0,21,3,0,0,,2.0,40 05:49.617,7.0,0,74 58:34.068,1,0,0,0,67301,1,1,0,N,1,1,0,4,67301,0,2.0,1,1,,N,N,,1,0.0,0,0,0,0,0,Y,2119,0,2,0,0,0,0,0,3,4,0,1,3,,N,,,,,,,,,,,
2006083408,1141.0,2,0,0,0,0,0,0,0,0,4,0,,67,6,2006,7,,,1139.0,6,0,0,0,0,0,1,0,0,,0,0,0,11,1,1,1,,0.0,,,0,,3,0,0,0,67301,0,0,0,N,0,0,0,2,67301,0,,4,1,,N,N,,0,,1,0,0,9,3,,1135,1,2,0,0,2,0,1,3,3,0,2,3,,N,,,,,,,,,,,
2006081045,2231.0,2,0,0,0,0,0,0,0,0,2,0,,67,5,2006,7,39.9911,-75.1333,2230.0,6,0,0,0,0,0,0,0,0,,0,0,0,22,3,2,2,,0.0,39 59:27.000,,0,75 08:00.427,4,0,0,0,67301,0,0,0,N,0,0,0,2,67301,2,,1,1,,N,N,,0,,0,0,0,0,0,,2229,2,2,0,0,0,0,0,3,4,0,2,3,,N,,,,,,,,,,,
2006081058,1232.0,2,0,0,0,0,0,0,0,0,5,0,,67,6,2006,6,,,230.0,6,0,0,0,0,0,0,1,0,,0,0,0,12,1,1,0,,0.0,,,0,,4,0,0,0,67301,0,0,0,N,0,0,0,2,67301,1,,1,1,,N,N,,0,,0,0,0,0,0,,1220,1,2,0,0,0,0,0,3,3,0,2,3,,N,,,,,,,,,,,
2006096547,1806.0,1,0,0,0,0,0,0,0,0,8,0,,67,8,2006,1,,,1803.0,6,0,0,0,0,0,1,0,0,,0,0,0,18,1,1,0,,0.0,,,0,,4,0,0,0,67301,1,0,0,N,1,0,0,2,67301,1,,1,1,,N,Y,,0,,0,0,0,0,0,,1801,1,2,0,0,0,0,0,3,3,0,1,3,,N,,,,,,,,,,,
2006096641,2255.0,1,0,0,0,0,0,0,0,0,4,0,,67,7,2006,6,40.0299,-75.0878,2238.0,6,0,0,0,0,0,0,0,0,,0,0,0,22,3,4,1,,0.0,40 01:47.000,,0,75 05:16.945,4,0,0,0,67301,0,0,0,N,0,0,0,5,67301,1,,1,1,,N,N,,0,,0,0,1,3,2,,2213,4,2,0,0,0,3,0,3,4,0,2,3,,N,,,,,,,,,,,
2006104267,1605.0,0,0,0,0,0,0,0,0,0,8,0,,67,8,2006,1,,,1600.0,6,0,0,0,0,0,0,1,0,,0,0,0,16,1,1,1,,0.0,,,0,,2,0,0,0,67301,1,0,1,,1,0,1,2,67301,0,,1,1,,N,N,,0,,0,1,0,0,0,,1600,1,2,0,0,1,0,0,3,3,1,1,3,,N,,,,,,,,,,,
2006101821,2023.0,3,0,0,0,0,0,0,0,0,1,0,,67,9,2006,1,40.1292,-75.0137,2021.0,6,0,0,0,0,0,1,0,0,1.0,0,0,0,20,3,1,0,,1.0,40 07:45.000,2.0,3,75 00:49.478,8,0,0,0,67301,0,0,0,N,0,0,0,4,67301,0,,1,1,,N,N,,0,,0,0,0,0,0,N,2016,1,3,0,0,0,1,1,3,4,0,3,3,,N,,,,,,,,,,,
2006104311,1615.0,2,0,0,0,0,0,0,0,0,2,0,,67,8,2006,1,,,1610.0,6,0,0,0,0,0,0,0,0,,0,0,0,99,1,0,1,,0.0,,,0,,0,0,0,0,67301,0,0,0,N,0,0,0,2,67301,0,,1,1,,N,N,,0,,0,0,0,2,2,,9999,0,2,0,0,0,0,0,3,3,0,2,3,,N,,,,,,,,,,,
2006101902,2337.0,0,0,0,0,0,0,0,0,0,6,0,,67,8,2006,4,40.0576,-75.0076,2336.0,6,1,0,0,0,0,0,0,0,,0,0,0,23,3,0,0,,0.0,40 03:27.234,,0,75 00:27.475,0,0,0,0,67301,0,0,0,N,0,0,0,1,67301,0,,1,1,,N,N,,2,,0,0,0,0,0,,2335,0,2,0,0,0,0,0,3,4,0,2,3,,N,,,,,,,,,,,
2006125764,1426.0,1,0,0,0,0,0,0,0,0,5,0,,67,11,2006,2,,,1425.0,6,0,0,0,1,0,0,0,0,,0,0,0,14,1,0,0,,0.0,,,7,,9,0,0,0,67301,0,0,0,N,0,0,0,3,67301,0,,1,1,,N,N,,0,,0,0,0,0,0,,1420,0,2,0,0,0,0,2,3,3,1,2,3,,N,,,,,,,,,,,
2006125491,358.0,2,0,0,0,0,0,0,0,0,4,0,,67,11,2006,7,39.9333,-75.239,358.0,6,0,0,0,0,0,0,0,0,,0,0,0,1,3,0,0,,0.0,39 56:00.000,,0,75 14:20.517,0,0,0,0,67301,0,0,0,N,0,0,0,2,67301,0,,1,1,,N,N,,0,,0,0,0,0,0,,100,0,2,0,0,0,0,0,3,4,0,2,3,,N,,,,,,,,,,,
2006114009,835.0,0,0,0,0,0,0,0,0,0,1,0,,67,8,2006,3,40.0092,-75.0675,816.0,6,0,0,0,0,0,0,0,0,2.0,0,1,0,8,1,2,0,,1.0,40 00:32.000,2.0,0,75 04:08.423,8,0,0,0,67301,2,0,0,Y,0,0,0,4,67301,0,,2,1,,N,N,,0,,0,0,1,0,0,N,816,2,3,0,0,0,2,0,3,4,1,3,3,,N,,,,,,,,,,,
2006102844,1345.0,0,0,0,0,0,0,0,0,0,4,0,,67,9,2006,1,40.049,-75.1424,1330.0,6,0,0,0,0,0,0,0,0,,0,0,0,13,1,1,2,,0.0,40 02:56.000,,0,75 08:32.885,4,0,0,1,67301,0,0,0,N,0,0,0,2,67301,1,,1,1,,N,N,,0,,0,0,1,3,3,,1320,1,2,0,0,0,0,0,3,4,0,2,3,,N,,,,,,,,,,,
2006097886,1613.0,2,0,0,0,0,0,0,0,0,1,0,,67,8,2006,6,,,1613.0,6,0,0,0,1,0,0,0,0,,0,0,0,16,1,1,0,,0.0,,,0,,4,0,0,0,67301,0,0,0,,0,0,0,2,67501,1,,1,1,,,,,0,,0,0,0,3,4,,1613,1,2,0,0,1,0,0,3,3,0,2,3,,N,,,,,,,,,,,
2006080677,1615.0,2,0,0,0,0,0,0,0,0,4,0,,67,5,2006,5,39.9695,-75.1598,1612.0,6,0,0,0,1,0,1,0,0,1.0,0,0,0,16,1,1,0,,2.0,39 58:10.200,1.0,0,75 09:35.280,3,0,0,0,67301,0,0,0,N,0,0,0,4,67301,0,,1,1,,N,N,,0,,1,0,0,0,0,N,1611,1,2,0,0,0,0,0,3,4,0,2,3,,N,,,,,,,,,,,
2006082665,1550.0,1,0,0,0,0,0,0,0,0,7,0,,67,6,2006,2,39.9328,-75.216,1545.0,6,0,0,0,0,1,0,0,0,,0,0,0,15,1,0,2,,0.0,39 55:57.000,,0,75 12:57.983,0,0,0,0,67301,0,0,0,N,0,0,0,1,67301,0,,2,9,,N,N,,0,,0,0,0,3,3,,1530,0,1,0,0,0,0,0,3,4,0,1,7,,N,,,,,,,,,,,
2006080698,1947.0,0,0,0,0,0,0,0,0,0,0,0,,67,6,2006,3,,,1943.0,6,0,0,0,0,0,0,0,0,,0,0,0,99,4,1,0,,0.0,,,0,,3,0,0,1,67301,0,0,0,N,0,0,0,1,67301,0,,1,1,,N,N,,0,,1,0,0,0,0,,9999,1,1,0,0,0,0,0,3,3,0,1,3,,N,,,,,,,,,,,
2006080710,1833.0,1,0,0,1,0,0,0,0,0,6,0,,67,7,2006,5,,,1828.0,6,0,0,0,0,0,0,0,0,,0,0,0,18,1,1,1,,0.0,,,0,,4,0,0,0,67301,1,0,0,N,0,0,0,2,67301,1,,1,1,,N,N,,0,,0,0,0,3,3,,1805,1,2,0,0,0,0,0,3,3,0,1,3,,N,,,,,,,,,,,
2006021661,830.0,2,0,0,0,0,0,0,0,0,4,0,,67,1,2006,3,40.0122,-75.1505,828.0,6,0,0,0,0,0,0,0,0,,0,0,0,8,1,1,1,,0.0,40 00:44.000,,0,75 09:02.279,8,0,0,0,67301,0,0,0,,0,0,0,3,67301,0,,1,1,,N,N,,0,,0,0,0,1,2,,810,1,2,0,0,0,1,2,3,4,0,2,3,,N,,,,,,,,,,,
2006125313,1725.0,1,0,0,0,0,0,0,0,0,1,0,,67,11,2006,3,39.9818,-75.1013,1713.0,6,0,0,0,0,0,0,1,0,,0,0,0,17,1,1,0,,0.0,39 58:55.000,,0,75 06:03.469,8,0,0,0,67301,0,0,0,N,0,0,0,2,67301,0,,1,1,,N,N,,1,,0,0,0,0,0,,1711,1,2,0,0,0,1,0,3,4,0,2,3,,N,,,,,,,,,,,
2006125330,400.0,1,0,0,0,0,0,0,0,0,7,0,,67,11,2006,7,40.0855,-74.9695,355.0,6,0,0,0,0,0,0,0,0,,0,0,0,3,3,0,3,,0.0,40 05:07.000,,2,74 58:09.910,0,0,0,0,67301,0,0,0,Y,0,0,0,1,67301,0,,3,1,,N,N,,0,,0,0,0,0,0,,352,0,1,0,0,0,0,0,3,4,0,1,3,,N,,,,,,,,,,,
2006125331,30.0,3,0,0,0,0,0,0,0,0,1,0,,67,11,2006,6,40.0401,-75.0059,23.0,6,0,0,0,0,0,2,0,0,2.0,0,0,0,0,3,2,0,,1.0,40 02:26.000,1.0,0,75 00:17.477,2,0,0,0,67301,0,0,0,N,0,0,0,5,67301,0,,1,1,,N,N,,0,,0,1,0,0,0,N,20,2,3,0,1,1,1,0,3,4,0,3,3,,N,,,,,,,,,,,
2006082617,2155.0,1,0,0,0,0,0,0,0,0,8,0,,67,6,2006,4,,,2155.0,6,0,0,0,0,0,0,0,0,,0,0,0,21,3,1,2,,0.0,,,0,,8,0,0,0,67301,1,0,0,N,1,0,0,1,67301,0,,1,9,,N,N,,0,,0,0,0,0,0,,2140,1,2,0,0,0,1,0,3,3,0,1,7,,N,,,,,,,,,,,
2006080125,1430.0,1,0,0,0,0,0,1,0,0,1,1,,67,6,2006,6,39.9544,-75.1631,1419.0,6,0,0,0,0,0,1,1,0,,0,0,0,99,1,0,1,,0.0,39 57:15.000,,0,75 09:46.687,0,0,0,0,67301,0,0,0,N,0,0,0,42,67301,0,,1,1,,Y,N,,0,,0,0,0,3,2,,9999,0,2,0,0,0,0,0,3,4,0,2,3,,N,,,,,,,,,,,
2006115666,307.0,1,0,0,0,0,0,1,0,0,5,1,,67,9,2006,7,39.9287,-75.155,302.0,6,0,0,0,0,0,1,0,0,,0,0,0,99,3,1,0,,0.0,39 55:43.433,,0,75 09:17.945,8,0,0,0,67301,0,0,0,,0,0,0,1,67301,0,,1,1,,N,N,,0,,0,0,0,3,3,,9999,1,2,0,0,0,1,0,3,4,0,2,3,,N,,,,,,,,,,,
2006068251,1850.0,2,0,0,0,0,0,0,0,0,1,0,,67,5,2006,2,39.8919,-75.2419,1843.0,6,0,0,0,0,0,1,0,0,,0,0,0,18,1,0,1,,0.0,39 53:30.000,,0,75 14:30.849,0,0,0,0,67301,0,0,0,N,0,0,0,3,67301,0,,1,9,,N,N,,1,,0,0,0,0,0,,1809,0,3,0,0,0,0,0,3,4,0,3,3,,N,,,,,,,,,,,
2006112796,1558.0,1,0,0,1,0,0,0,0,0,4,0,,67,9,2006,7,39.9868,-75.2068,1550.0,6,0,0,0,0,0,0,0,0,,0,0,0,15,1,1,0,,0.0,39 59:12.541,,0,75 12:24.487,8,0,0,0,67301,1,0,0,N,0,0,0,4,67301,0,,1,1,,N,N,,0,,0,0,0,0,0,,1550,1,2,0,0,0,1,0,3,4,0,1,3,,N,,,,,,,,,,,
2006112824,1237.0,1,0,0,0,0,0,0,0,0,7,0,,67,9,2006,5,39.9713,-75.1685,1234.0,6,0,0,0,0,0,0,0,0,,0,0,0,12,1,0,2,,0.0,39 58:16.726,,0,75 10:06.671,0,0,0,0,67301,0,0,0,N,0,0,0,1,67301,0,,5,1,,N,N,,0,,0,0,0,0,0,,1236,0,1,0,0,0,0,0,3,4,0,1,3,,N,,,,,,,,,,,
2006112864,910.0,2,0,0,0,0,0,0,0,0,4,0,,67,9,2006,5,39.9264,-75.1758,906.0,6,0,0,0,0,0,0,0,0,,0,0,0,9,1,2,1,,0.0,39 55:35.137,,0,75 10:32.938,4,0,0,0,67301,0,0,0,N,0,0,0,2,67301,1,,1,1,,N,N,,0,,0,0,0,3,3,,905,2,2,0,0,0,1,0,3,4,0,2,3,,N,,,,,,,,,,,
2006125444,706.0,5,0,0,0,0,0,0,0,0,5,0,,67,10,2006,2,39.9283,-75.1743,658.0,6,0,0,0,0,0,0,0,0,,0,0,0,5,3,0,0,,0.0,39 55:42.009,,0,75 10:27.480,0,0,0,0,67301,0,0,0,N,0,0,0,1,67301,0,,1,9,,N,N,,0,,0,0,0,0,0,,539,0,5,0,0,0,0,0,3,4,0,5,3,,N,,,,,,,,,,,
2006124258,1723.0,1,0,0,0,0,0,0,0,0,5,0,,67,10,2006,2,,,1719.0,6,0,0,0,0,0,0,0,0,3.0,0,0,0,15,1,1,0,,1.0,,2.0,0,,3,0,0,0,67301,0,0,0,N,0,0,0,2,67301,0,,1,1,,N,N,,0,,1,0,0,0,0,N,1555,1,2,0,0,0,0,1,3,3,1,2,3,,N,,,,,,,,,,,
2006114585,1730.0,1,0,0,0,0,0,0,0,0,5,0,,67,10,2006,1,40.0004,-75.1309,1723.0,6,0,0,0,0,0,0,0,0,,1,0,0,17,1,0,1,,0.0,40 00:01.339,,0,75 07:51.261,1,1,0,1,67301,0,0,0,N,0,0,0,2,67301,0,2.0,1,1,,N,N,,0,0.0,0,0,0,9,3,,1722,0,2,0,0,1,0,0,3,4,0,2,3,,N,,,,,,,,,,,
2006114412,1718.0,3,0,0,0,0,0,0,0,0,4,0,,67,9,2006,2,39.9895,-75.0982,1717.0,6,0,0,0,0,0,0,0,0,,0,0,0,16,1,0,0,,0.0,39 59:22.138,,0,75 05:53.458,0,0,0,0,67301,0,0,0,N,0,0,0,1,67301,0,,1,1,,N,,,0,,0,0,0,3,3,,1624,0,3,0,0,0,0,0,3,4,0,3,3,,N,,,,,,,,,,,
2006114416,600.0,1,0,0,0,0,0,0,0,0,7,0,,67,10,2006,5,39.9197,-75.2025,550.0,6,0,0,0,0,0,0,0,0,1.0,0,0,0,5,3,0,0,,2.0,39 55:11.280,4.0,3,75 12:09.000,0,0,0,0,67301,0,0,0,N,0,0,0,1,67301,0,,2,9,,N,N,,0,,0,0,0,0,0,N,545,0,1,0,0,0,0,0,3,4,0,1,7,,N,,,,,,,,,,,
2006116618,1340.0,1,0,0,0,0,0,0,0,0,4,0,,67,10,2006,1,40.0568,-75.047,1337.0,6,0,0,0,0,0,0,0,0,,0,0,0,13,1,0,1,,0.0,40 03:24.000,,0,75 02:49.471,0,0,0,0,67301,0,0,0,N,0,0,0,5,67301,0,,1,1,,N,N,,0,,0,0,1,3,2,,1330,0,2,0,0,0,0,0,3,4,0,2,3,,N,,,,,,,,,,,
2006116261,1620.0,1,0,0,0,0,0,0,0,0,8,0,,67,9,2006,6,40.0319,-75.1315,1607.0,6,0,0,0,0,0,0,0,0,,0,0,0,12,1,1,1,,0.0,40 01:54.766,,0,75 07:53.421,4,0,0,0,67301,1,0,0,N,1,0,0,2,67301,1,,1,1,,N,N,,0,,0,0,0,3,2,,1200,1,2,0,0,0,0,0,3,4,0,1,3,,N,,,,,,,,,,,
2006116268,900.0,1,0,0,0,0,0,0,0,0,8,0,,67,10,2006,1,40.0153,-75.1499,900.0,6,0,0,0,0,0,0,0,0,,0,0,0,8,1,1,1,,0.0,40 00:55.000,,0,75 09:00.221,4,0,0,0,67301,1,0,0,,1,0,0,2,67301,1,,1,1,,,,,0,,0,0,0,9,2,,850,1,2,0,0,0,0,0,3,4,0,1,3,,N,,,,,,,,,,,
2006116269,23.0,2,0,0,0,0,0,0,0,0,4,0,,67,10,2006,3,39.9606,-75.1414,18.0,6,0,0,0,0,1,0,0,0,3.0,0,0,0,0,3,0,1,,2.0,39 57:38.000,2.0,0,75 08:28.960,0,0,0,0,67301,0,0,0,N,0,0,0,4,67301,0,,1,1,,N,N,,0,,0,0,0,3,2,N,10,0,2,0,0,0,0,0,3,4,0,2,3,,N,,,,,,,,,,,
2006124009,9999.0,2,0,0,0,0,0,1,0,0,1,1,,67,10,2006,1,40.0396,-75.0457,1330.0,6,0,0,0,0,0,1,0,0,,0,0,0,13,1,2,1,,0.0,40 02:22.000,,0,75 02:44.861,4,0,0,0,67301,0,0,0,N,0,0,0,3,67301,2,,1,1,,N,N,,0,,0,0,0,3,2,,1315,2,3,0,0,0,0,0,3,4,0,3,3,,N,,,,,,,,,,,
2006093432,817.0,3,0,0,0,0,0,0,0,0,1,0,,67,7,2006,6,40.0241,-75.1306,752.0,6,0,0,0,0,0,1,0,0,,0,0,0,7,1,1,1,,0.0,40 01:26.000,,0,75 07:49.002,4,0,0,0,67301,0,0,0,N,0,0,0,3,67301,1,,1,1,,N,N,,0,,0,0,0,0,0,,752,1,3,0,0,0,0,0,3,4,0,3,3,,N,,,,,,,,,,,
2006054539,718.0,3,0,0,0,0,0,0,0,0,4,0,,67,4,2006,7,,,718.0,6,0,0,0,0,0,0,0,0,,0,0,0,7,1,0,1,,0.0,,,0,,0,0,0,0,67301,0,0,0,N,0,0,0,3,67301,0,,1,1,,N,N,,0,,0,0,0,3,2,,718,0,3,0,0,0,0,0,3,3,0,3,3,,N,,,,,,,,,,,
2006080910,755.0,1,0,0,0,0,0,0,0,0,7,0,,67,6,2006,6,39.9559,-75.1415,750.0,6,0,0,1,0,0,0,0,0,9.0,0,0,0,7,1,1,0,,1.0,39 57:19.000,4.0,2,75 08:28.615,4,0,0,0,67301,0,0,0,,0,0,0,1,67301,1,,3,1,,N,N,,0,,0,0,0,0,0,N,747,1,1,0,0,0,0,0,3,4,0,1,3,,N,,,,,,,,,,,
2006080915,310.0,1,0,0,0,0,0,0,0,0,7,0,,67,6,2006,1,40.0876,-75.074,306.0,6,0,0,0,0,0,0,0,0,,0,0,0,3,3,1,3,,0.0,40 05:15.316,,0,75 04:26.446,4,0,0,0,67301,0,0,0,N,0,0,0,2,67301,1,,4,1,,N,N,,0,,0,0,0,0,0,,305,1,1,0,0,0,0,1,3,4,0,1,3,,N,,,,,,,,,,,
2006080916,747.0,0,0,0,0,0,0,0,0,0,1,0,,67,5,2006,5,39.9653,-75.1857,742.0,6,0,0,0,1,0,0,0,0,1.0,0,0,0,7,1,2,6,,1.0,39 57:53.000,4.0,2,75 11:06.490,8,0,0,0,67301,0,0,0,N,0,0,0,2,67301,0,,1,1,,N,N,,0,,0,0,2,0,0,N,741,2,2,0,0,0,2,0,3,4,0,2,3,,N,,,,,,,,,,,
2006086086,1500.0,1,0,0,0,0,0,0,0,0,2,0,,67,7,2006,5,40.0116,-75.1821,1500.0,6,0,0,0,0,0,0,0,0,,0,0,0,15,1,1,2,,0.0,40 00:41.000,,0,75 10:55.743,3,0,0,0,67301,0,0,0,N,0,0,0,3,67301,0,,1,1,,N,N,,1,,1,0,0,3,2,,1500,1,2,0,0,0,0,0,3,4,0,2,3,,N,,,,,,,,,,,