CRN,ARRIVAL_TM,AUTOMOBILE_COUNT,BELTED_DEATH_COUNT,BELTED_SUSP_SERIOUS_INJ_COUNT,BICYCLE_COUNT,BICYCLE_DEATH_COUNT,BICYCLE_SUSP_SERIOUS_INJ_COUNT,BUS_COUNT,CHLDPAS_DEATH_COUNT,CHLDPAS_SUSP_SERIOUS_INJ_COUNT,COLLISION_TYPE,COMM_VEH_COUNT,CONS_ZONE_SPD_LIM,COUNTY,CRASH_MONTH,CRASH_YEAR,DAY_OF_WEEK,DEC_LAT,DEC_LONG,DISPATCH_TM,DISTRICT,DRIVER_COUNT_16YR,DRIVER_COUNT_17YR,DRIVER_COUNT_18YR,DRIVER_COUNT_19YR,DRIVER_COUNT_20YR,DRIVER_COUNT_50_64YR,DRIVER_COUNT_65_74YR,DRIVER_COUNT_75PLUS,EST_HRS_CLOSED,FATAL_COUNT,HEAVY_TRUCK_COUNT,HORSE_BUGGY_COUNT,HOUR_OF_DAY,ILLUMINATION,INJURY_COUNT,INTERSECT_TYPE,INTERSECTION_RELATED,LANE_CLOSED,LATITUDE,LN_CLOSE_DIR,LOCATION_TYPE,LONGITUDE,MAX_SEVERITY_LEVEL,MCYCLE_DEATH_COUNT,MCYCLE_SUSP_SERIOUS_INJ_COUNT,MOTORCYCLE_COUNT,MUNICIPALITY,NONMOTR_COUNT,NONMOTR_DEATH_COUNT,NONMOTR_SUSP_SERIOUS_INJ_COUNT,NTFY_HIWY_MAINT,PED_COUNT,PED_DEATH_COUNT,PED_SUSP_SERIOUS_INJ_COUNT,PERSON_COUNT,POLICE_AGCY,POSSIBLE_INJ_COUNT,RDWY_SURF_TYPE_CD,RELATION_TO_ROAD,ROAD_CONDITION,ROADWAY_CLEARED,SCH_BUS_IND,SCH_ZONE_IND,SECONDARY_CRASH,SMALL_TRUCK_COUNT,SPEC_JURIS_CD,SUSP_MINOR_INJ_COUNT,SUSP_SERIOUS_INJ_COUNT,SUV_COUNT,TCD_FUNC_CD,TCD_TYPE,TFC_DETOUR_IND,TIME_OF_DAY,TOT_INJ_COUNT,TOTAL_UNITS,UNB_DEATH_COUNT,UNB_SUSP_SERIOUS_INJ_COUNT,UNBELTED_OCC_COUNT,UNK_INJ_DEG_COUNT,UNK_INJ_PER_COUNT,URBAN_AREA,URBAN_RURAL,VAN_COUNT,VEHICLE_COUNT,WEATHER1,WEATHER2,WORK_ZONE_IND,WORK_ZONE_LOC,WORK_ZONE_TYPE,WORKERS_PRES,WZ_CLOSE_DETOUR,WZ_FLAGGER,WZ_LAW_OFFCR_IND,WZ_LN_CLOSURE,WZ_MOVING,WZ_OTHER,WZ_SHLDER_MDN,WZ_WORKERS_INJ_KILLED
2006081034,1330.0,1,0,0,0,0,0,0,0,0,1,0,,67,7,2006,5,40.0078,-75.14,1233.0,6,0,0,0,0,0,0,0,0,,0,0,0,99,1,1,0,,0.0,40 00:28.000,,0,75 08:24.484,8,0,0,0,67301,0,0,0,N,0,0,0,2,67301,0,,6,1,,N,N,,1,,0,0,0,0,0,,9999,1,2,0,0,0,1,1,3,4,0,2,3,,N,,,,,,,,,,,
2006103674,408.0,6,0,0,0,0,0,0,0,0,5,0,,67,8,2006,7,40.0314,-75.1275,406.0,6,0,0,0,0,0,0,0,0,,0,0,0,3,3,0,1,,0.0,40 01:52.924,,0,75 07:38.996,0,0,0,0,67301,0,0,0,N,0,0,0,4,67301,0,,1,1,,N,N,,0,,0,0,0,0,0,,355,0,6,0,0,0,0,0,3,4,0,6,3,,N,,,,,,,,,,,
2006103697,45.0,1,0,0,0,0,0,0,0,0,8,0,,67,8,2006,7,40.0164,-75.2105,31.0,6,0,0,0,0,0,0,0,0,,0,0,0,0,3,1,0,,0.0,40 00:58.000,,7,75 12:37.526,3,0,0,0,67301,1,0,0,N,1,0,0,2,67301,0,,1,9,,N,N,,0,,1,0,0,0,0,,15,1,2,0,0,0,0,0,3,4,0,1,7,,N,,,,,,,,,,,
2006096433,2021.0,1,0,0,0,0,0,0,0,0,1,0,,67,8,2006,4,39.9925,-75.1796,2018.0,6,0,0,0,1,0,0,0,0,,0,0,0,20,3,1,1,,0.0,39 59:32.000,,0,75 10:46.435,4,0,0,0,67301,0,0,0,N,0,0,0,2,67301,1,,1,1,,N,N,,1,,0,0,0,2,2,,2018,1,2,0,0,0,0,0,3,4,0,2,3,,N,,,,,,,,,,,
2006106576,1559.0,2,0,0,0,0,0,0,0,0,1,0,,67,9,2006,3,39.9117,-75.243,1553.0,6,0,0,0,0,0,0,1,0,,0,0,0,15,1,2,0,,0.0,39 54:42.000,,0,75 14:34.636,8,0,0,0,67301,0,0,0,,0,0,0,3,67301,0,,1,1,,,,,0,,0,0,0,3,2,,1530,2,2,0,0,0,2,0,3,4,0,2,3,,N,,,,,,,,,,,
2006101842,911.0,1,0,0,0,0,0,0,0,0,1,0,,67,9,2006,3,40.0074,-75.1925,909.0,6,0,0,0,0,0,1,0,0,,0,0,0,9,1,0,2,,0.0,40 00:22.000,,0,75 11:28.444,0,0,0,0,67301,0,0,0,,0,0,0,2,67301,0,,1,1,,,,,0,,0,0,1,9,2,,905,0,2,0,0,0,0,0,3,4,0,2,3,,N,,,,,,,,,,,
2006103266,1505.0,1,0,0,0,0,0,0,0,0,8,0,,67,9,2006,4,,,1503.0,6,0,0,0,0,0,0,0,0,,0,0,0,15,1,1,1,,0.0,,,0,,8,0,0,0,67301,1,0,0,N,1,0,0,2,67301,0,,1,1,,N,Y,,0,,0,0,0,9,2,,1500,1,2,0,0,0,1,0,3,3,0,1,3,,N,,,,,,,,,,,
2006083069,244.0,1,0,0,0,0,0,0,0,0,1,0,,67,6,2006,1,39.9984,-75.1783,244.0,6,0,0,0,0,0,0,0,0,,0,0,0,2,2,0,0,,0.0,39 59:54.000,,0,75 10:41.794,0,0,0,0,67301,0,0,0,N,0,0,0,2,67301,0,,1,1,,N,N,,0,,0,0,0,0,0,,240,0,2,0,0,0,0,0,3,4,0,2,3,,N,,,,,,,,,,,
2006082673,1624.0,2,0,0,0,0,0,0,0,0,4,0,,67,7,2006,7,,,1621.0,6,0,0,0,0,0,0,0,0,,0,0,0,16,1,1,2,,0.0,,,0,,4,0,0,0,67301,0,0,0,N,0,0,0,2,67301,1,,1,9,,N,N,,0,,0,0,0,3,3,,1610,1,2,0,0,0,0,0,3,3,0,2,7,,N,,,,,,,,,,,
2006080709,1923.0,1,0,0,1,0,0,0,0,0,4,0,,67,5,2006,6,,,1921.0,6,0,0,0,0,0,0,0,0,1.0,0,0,0,17,1,1,2,,2.0,,1.0,0,,8,0,0,0,67301,1,0,0,N,0,0,0,2,67301,0,,1,1,,N,,,0,,0,0,0,0,0,Y,1714,1,2,0,0,0,1,0,3,3,0,1,3,,N,,,,,,,,,,,
2006080713,910.0,1,0,0,0,0,0,0,0,0,4,0,,67,6,2006,4,39.9518,-75.1592,905.0,6,0,0,0,0,0,1,0,0,,0,0,0,8,1,1,0,,0.0,39 57:06.000,,0,75 09:32.481,8,0,0,0,67301,0,0,0,N,0,0,0,4,67301,0,,1,1,,N,N,,1,,0,0,0,0,0,,850,1,2,0,0,2,1,0,3,4,0,2,98,,N,,,,,,,,,,,
2006082974,30.0,2,0,0,0,0,0,0,0,0,4,0,,67,6,2006,7,,,8.0,6,0,0,0,0,0,0,0,0,,0,0,0,0,6,1,10,,0.0,,,0,,8,0,0,0,67301,0,0,0,N,0,0,0,2,67301,0,,9,9,,N,N,,0,,0,0,0,3,2,,8,1,2,0,0,0,1,0,3,3,0,2,7,,N,,,,,,,,,,,
2006024108,9999.0,2,0,0,0,0,0,0,0,0,2,0,,67,1,2006,7,40.0071,-75.094,2035.0,6,0,0,0,0,0,0,0,0,,0,0,0,99,3,2,1,,0.0,40 00:25.549,,0,75 05:38.543,4,0,0,0,67301,0,0,0,,0,0,0,4,67301,2,,1,1,,N,N,,0,,0,0,0,9,2,,9999,2,2,0,0,0,0,0,3,4,0,2,3,,N,,,,,,,,,,,
2006103533,1845.0,0,0,0,0,0,0,0,0,0,8,0,,67,9,2006,3,40.0613,-75.2362,1842.0,6,0,0,0,0,0,0,0,0,,0,0,0,18,3,1,10,,0.0,40 03:40.000,,0,75 14:09.966,8,0,0,0,67301,1,0,0,N,1,0,0,2,67301,0,,9,9,,N,N,,0,,0,0,0,0,0,,1840,1,2,0,0,0,1,0,3,4,1,1,7,,N,,,,,,,,,,,
2006103540,1133.0,2,0,0,0,0,0,0,0,0,4,0,,67,9,2006,3,39.9629,-75.2023,1130.0,6,0,0,0,1,0,0,0,0,,0,0,0,11,1,1,5,,0.0,39 57:46.000,,0,75 12:08.570,8,0,0,0,67301,0,0,0,N,0,0,0,3,67301,0,,1,9,,N,N,,0,,0,0,1,3,2,,1125,1,3,0,0,0,1,1,3,4,0,3,7,,N,,,,,,,,,,,
2006125476,1620.0,2,0,0,0,0,0,0,0,0,4,0,,67,11,2006,4,40.0897,-75.057,1613.0,6,0,0,0,0,0,0,0,0,,0,0,0,16,1,2,1,,0.0,40 05:22.000,,0,75 03:25.159,4,0,0,0,67301,0,0,0,,0,0,0,4,67301,2,,1,9,,,,,0,,0,0,0,3,2,,1613,2,2,0,0,0,0,0,3,4,0,2,7,,N,,,,,,,,,,,
2006080119,2308.0,1,0,0,0,0,0,0,0,0,7,0,,67,5,2006,5,40.0428,-75.1135,2308.0,6,0,1,0,0,0,0,0,0,,0,0,0,23,3,3,1,,0.0,40 02:33.000,,0,75 06:48.999,3,0,0,0,67301,0,0,0,N,0,0,0,3,67301,1,,3,9,,N,N,,0,,2,0,0,3,2,,2307,3,1,0,0,3,0,0,3,4,0,1,3,,N,,,,,,,,,,,
2006082584,1805.0,1,0,0,0,0,0,0,0,0,8,0,,67,6,2006,1,40.0058,-75.1373,1803.0,6,0,0,0,0,0,1,0,0,,0,0,0,17,1,1,0,,0.0,40 00:20.847,,0,75 08:14.287,4,0,0,0,67301,1,0,0,N,1,0,0,2,67301,1,,1,9,,N,N,,0,,0,0,0,0,0,,1755,1,2,0,0,0,0,0,3,4,0,1,7,,N,,,,,,,,,,,
2006125368,9999.0,1,0,0,0,0,0,0,0,0,4,0,,67,10,2006,6,,,527.0,6,0,0,0,0,0,0,0,0,1.0,0,0,0,5,3,1,0,,1.0,,2.0,0,,4,0,0,0,67301,0,0,0,N,0,0,0,2,67301,1,,1,9,,N,N,,0,,0,0,1,0,0,N,526,1,2,0,0,0,0,1,3,3,0,2,7,,N,,,,,,,,,,,
2006082603,2150.0,1,0,0,0,0,0,0,0,0,0,0,,67,7,2006,2,,,2145.0,6,0,0,0,0,0,0,0,0,1.0,0,0,0,21,3,2,0,,1.0,,1.0,0,,8,0,0,0,67301,0,0,0,N,0,0,0,2,67301,0,,1,1,,N,N,,0,,0,0,0,0,0,N,2144,2,1,0,0,0,2,0,3,3,0,1,3,,N,,,,,,,,,,,
2006082611,610.0,4,0,0,0,0,0,0,0,0,2,0,,67,6,2006,1,40.0264,-75.1079,605.0,6,0,0,0,0,0,0,0,0,,0,0,0,6,5,5,1,,0.0,40 01:35.000,,0,75 06:28.515,8,0,0,0,67301,0,0,0,N,0,0,0,6,67301,0,,1,1,,N,N,,0,,0,0,1,3,2,,600,5,5,0,0,0,5,1,3,4,0,5,3,,N,,,,,,,,,,,
2006082612,835.0,1,0,0,0,0,0,0,0,0,1,0,,67,6,2006,3,39.8946,-75.2367,823.0,6,0,0,0,0,0,0,0,0,,0,0,0,7,1,0,2,,0.0,39 53:40.000,,0,75 14:12.237,0,0,0,0,67301,0,0,0,N,0,0,0,4,67301,0,,1,1,,N,N,,0,,0,0,1,3,2,,722,0,2,0,0,0,0,0,3,4,0,2,3,,N,,,,,,,,,,,
2006082636,1422.0,2,0,0,0,0,0,0,0,0,4,0,,67,6,2006,3,40.0642,-75.1408,1415.0,6,0,0,0,0,0,0,0,0,,0,0,0,99,1,1,1,,0.0,40 03:51.238,,0,75 08:26.952,8,0,0,0,67301,0,0,0,N,0,0,0,2,67301,0,,1,1,,N,N,,0,,0,0,0,3,2,,9999,1,2,0,0,0,1,0,3,4,0,2,3,,N,,,,,,,,,,,
2006080194,531.0,2,0,0,0,0,0,0,0,0,5,0,,67,6,2006,3,39.9538,-75.1666,528.0,6,0,0,0,0,0,1,0,0,,0,0,0,5,1,2,1,,0.0,39 57:13.704,,0,75 09:59.736,3,0,0,0,67301,0,0,0,N,0,0,0,2,67301,0,,1,1,,N,N,,0,,1,0,0,3,2,,524,2,2,0,0,0,1,0,3,4,0,2,3,,N,,,,,,,,,,,
2006125269,2007.0,0,0,0,0,0,0,0,0,0,4,0,,67,10,2006,3,39.998,-75.1294,2007.0,6,0,0,0,0,0,0,0,0,,0,0,0,19,3,1,1,,0.0,39 59:52.821,,0,75 07:45.821,8,0,0,0,67301,0,0,0,N,0,0,0,2,67301,0,,1,1,,N,N,,1,,0,0,1,3,3,,1935,1,2,0,0,0,1,0,3,4,0,2,3,,N,,,,,,,,,,,
2006125292,628.0,1,0,0,0,0,0,0,0,0,1,0,,67,11,2006,5,,,627.0,6,0,0,0,0,0,0,0,0,,0,0,0,6,1,1,0,,0.0,,,0,,3,0,0,0,67301,0,0,0,N,0,0,0,3,67301,0,,1,9,,N,N,,0,,1,0,1,0,0,,627,1,2,0,0,0,0,2,3,3,0,2,7,,N,,,,,,,,,,,
2006065785,1506.0,2,0,0,0,0,0,0,0,0,4,0,,67,5,2006,4,39.9724,-75.2174,1502.0,6,0,0,0,0,0,0,0,0,,0,0,0,14,1,3,1,,0.0,39 58:20.000,,0,75 13:03.212,4,0,0,0,67301,0,0,0,N,0,0,0,6,67301,3,,1,1,,N,N,,0,,0,0,0,3,2,,1422,3,3,0,0,0,0,0,3,4,0,3,3,,N,,,,,,,,,,,
2006095746,259.0,2,0,0,0,0,0,0,0,0,6,0,,67,7,2006,7,40.0216,-75.1244,257.0,6,0,0,0,0,0,0,0,0,1.0,0,0,0,99,3,1,1,,1.0,40 01:17.655,2.0,0,75 07:27.663,4,0,0,0,67301,0,0,0,N,0,0,0,6,67301,1,,1,1,,N,N,,0,,0,0,0,3,2,N,9999,1,2,0,0,0,0,0,3,4,0,2,3,,N,,,,,,,,,,,
2006112843,1351.0,3,0,0,0,0,0,0,0,0,4,0,,67,9,2006,7,40.0616,-74.9884,1345.0,6,0,0,0,0,1,0,0,0,2.0,0,0,0,13,1,5,1,,1.0,40 03:41.000,1.0,0,74 59:17.307,4,0,0,0,67301,0,0,0,N,0,0,0,9,67301,3,,1,1,,N,N,,0,,0,0,0,3,2,N,1310,5,3,0,0,8,2,0,3,4,0,3,3,,N,,,,,,,,,,,
2006115391,1930.0,1,0,0,0,0,0,0,0,0,1,0,,67,10,2006,5,39.9966,-75.1148,1930.0,6,0,0,0,0,0,0,0,0,,0,0,0,19,3,3,0,,0.0,39 59:47.000,,0,75 06:53.158,4,0,0,0,67301,0,0,0,N,0,0,0,4,67301,3,,1,1,,N,N,,0,,0,0,1,0,0,,1930,3,2,0,0,0,0,0,3,4,0,2,3,,N,,,,,,,,,,,
2006125430,1220.0,1,0,0,0,0,0,0,0,0,8,0,,67,11,2006,7,39.999,-75.1669,1209.0,6,0,0,0,0,0,1,0,0,,0,0,0,12,1,1,0,,0.0,39 59:56.313,,0,75 10:00.854,4,0,0,0,67301,1,0,0,N,1,0,0,2,67301,1,,6,1,,N,N,,0,,0,0,0,0,0,,1200,1,2,0,0,0,0,0,3,4,0,1,3,,N,,,,,,,,,,,
2006124279,1500.0,1,0,0,0,0,0,0,0,0,7,0,,67,10,2006,6,39.9626,-75.2467,1450.0,6,0,0,0,0,0,0,0,0,,0,0,0,14,1,1,1,,0.0,39 57:45.000,,0,75 14:48.167,4,0,0,0,67301,0,0,0,N,0,0,0,1,67301,1,,3,1,,N,N,,0,,0,0,0,3,2,,1445,1,1,0,0,0,0,0,3,4,0,1,3,,N,,,,,,,,,,,
2006124286,1050.0,0,0,0,0,0,0,0,0,0,7,0,,67,10,2006,7,39.9172,-75.2374,1048.0,6,0,0,0,0,0,0,0,0,,0,0,0,10,1,0,1,,0.0,39 55:02.000,,0,75 14:14.657,0,0,0,0,67301,0,0,0,Y,0,0,0,2,67301,0,,4,9,,N,Y,,0,,0,0,1,3,2,,1048,0,1,0,0,0,0,0,3,4,0,1,3,,N,,,,,,,,,,,
2006102173,2252.0,1,0,0,0,0,0,0,0,0,8,0,,67,9,2006,7,,,2245.0,6,0,0,0,0,0,0,0,0,,0,0,0,22,3,1,0,,0.0,,,0,,8,0,0,0,67301,1,0,0,N,1,0,0,2,67301,0,,1,1,,N,N,,0,,0,0,0,0,0,,2245,1,2,0,0,0,1,0,3,3,0,1,3,,N,,,,,,,,,,,
2006114797,2035.0,0,0,0,0,0,0,0,0,0,7,0,,67,10,2006,7,39.9803,-75.2141,2030.0,6,0,0,0,0,0,0,0,0,,0,0,0,20,3,2,1,,0.0,39 58:48.000,,0,75 12:50.553,3,0,0,0,67301,0,0,0,N,0,0,0,2,67301,0,,4,1,,N,N,,0,,2,0,1,3,2,,2028,2,1,0,0,0,0,0,3,4,0,1,3,,N,,,,,,,,,,,
2006110031,200.0,1,0,0,0,0,0,0,0,0,7,0,,67,9,2006,7,,,200.0,6,0,0,0,0,0,0,0,0,1.0,0,0,0,2,3,1,0,,1.0,,4.0,0,,8,0,0,0,67301,0,0,0,N,0,0,0,2,67501,0,,2,1,,N,N,,0,,0,0,0,3,8,N,200,1,1,0,0,2,1,0,3,3,0,1,3,,N,,,,,,,,,,,
2006114737,1830.0,1,0,0,0,0,0,0,0,0,1,0,,67,10,2006,3,39.9778,-75.1414,1820.0,6,0,0,0,0,0,0,0,0,,0,0,0,18,4,0,0,,0.0,39 58:40.021,,0,75 08:29.117,9,0,0,0,67301,0,0,0,N,0,0,0,1,67301,0,,6,1,,N,N,,0,,0,0,0,0,0,,1815,0,2,0,0,0,0,1,3,4,0,2,3,,N,,,,,,,,,,,
2006114401,1200.0,2,0,0,0,0,0,0,0,0,4,0,,67,9,2006,7,40.0294,-75.0627,1200.0,6,0,0,0,0,0,0,1,0,9.0,0,0,0,11,1,1,5,,1.0,40 01:45.000,1.0,0,75 03:45.789,4,0,0,0,67301,0,0,0,Y,0,0,0,2,67301,1,,1,1,,N,N,,0,,0,0,0,3,2,N,1100,1,2,0,0,0,0,0,3,4,0,2,3,,N,,,,,,,,,,,
2006114410,1955.0,1,0,0,0,0,0,0,0,0,8,0,,67,10,2006,6,40.0329,-75.1067,1906.0,6,0,0,0,0,0,0,0,0,,0,0,0,18,3,1,0,,0.0,40 01:56.984,,0,75 06:22.344,2,0,0,0,67301,1,0,1,N,1,0,1,2,67301,0,,1,1,,N,N,,0,,0,1,0,0,0,,1859,1,2,0,0,0,0,0,3,4,0,1,3,,N,,,,,,,,,,,
2006126811,1831.0,1,0,0,0,0,0,0,0,0,8,0,,67,10,2006,6,39.9497,-75.2331,1830.0,6,0,0,0,0,0,0,0,0,,0,0,0,18,3,1,1,,0.0,39 56:58.916,,0,75 13:59.286,4,0,0,0,67301,1,0,0,N,1,0,0,2,67301,1,,1,9,,N,N,,0,,0,0,0,0,0,,1825,1,2,0,0,0,0,1,3,4,0,1,7,,N,,,,,,,,,,,
2006123751,1224.0,1,0,0,0,0,0,0,0,0,8,0,,67,10,2006,1,39.9064,-75.1642,1222.0,6,0,0,0,0,0,0,0,0,,0,0,0,12,1,1,0,,0.0,39 54:22.910,,0,75 09:51.040,4,0,0,0,67301,1,0,0,N,1,0,0,2,67301,1,,1,1,,N,N,,0,,0,0,0,0,0,,1205,1,2,0,0,0,0,0,3,4,0,1,3,,N,,,,,,,,,,,
2006054542,1735.0,1,0,0,0,0,0,0,0,0,1,0,,67,4,2006,5,40.0374,-75.0131,1730.0,6,0,0,0,0,0,1,0,0,1.0,0,0,0,17,1,1,0,,1.0,40 02:15.000,2.0,0,75 00:43.571,3,0,0,0,67301,0,0,0,N,0,0,0,3,67301,0,,1,1,,N,N,,0,,1,0,2,0,0,N,1725,1,3,0,0,0,0,0,3,4,0,3,3,,N,,,,,,,,,,,
2006080895,124.0,0,0,0,0,0,0,0,0,0,4,0,,67,6,2006,7,40.0428,-75.0631,124.0,6,0,0,0,0,0,0,0,0,,0,0,0,1,3,1,1,,0.0,40 02:34.000,,0,75 03:47.292,4,0,0,0,67301,0,0,0,N,0,0,0,2,67301,1,,2,1,,N,N,,1,,0,0,1,3,2,,120,1,2,0,0,0,0,1,3,4,0,2,3,,N,,,,,,,,,,,
2006093850,4.0,1,0,0,0,0,0,0,0,0,8,0,,67,7,2006,7,39.9511,-75.1536,12.0,6,0,0,1,0,0,0,0,0,1.0,0,0,0,0,3,1,1,,1.0,39 57:04.000,4.0,0,75 09:12.887,4,0,0,0,67301,1,0,0,N,1,0,0,5,67301,1,,1,9,,N,N,,0,,0,0,0,3,2,N,10,1,2,0,0,0,0,0,3,4,0,1,7,,N,,,,,,,,,,,
2006081165,1343.0,1,0,0,0,0,0,0,0,0,4,0,,67,6,2006,3,39.9261,-75.2248,1340.0,6,0,0,0,0,0,0,0,0,,0,0,0,13,1,1,1,,0.0,39 55:33.000,,0,75 13:29.786,4,0,0,0,67301,0,0,0,N,0,0,0,4,67301,1,,1,1,,N,N,,0,,0,0,1,3,2,,1328,1,2,0,0,4,0,0,3,4,0,2,3,,N,,,,,,,,,,,
2006081166,1352.0,2,0,0,0,0,0,0,0,0,1,0,,67,5,2006,2,,,1350.0,6,0,0,0,0,0,1,0,0,,0,0,0,13,1,1,0,,0.0,,,0,,8,0,0,0,67301,0,0,0,N,0,0,0,5,67301,0,,1,1,,N,N,,0,,0,0,0,0,0,,1345,1,2,0,0,5,1,0,3,3,0,2,3,,N,,,,,,,,,,,
2006081349,1510.0,0,0,0,0,0,0,0,0,0,7,0,,67,6,2006,1,,,1456.0,6,0,0,0,0,0,1,0,0,,0,0,0,99,1,1,0,,0.0,,,0,,3,0,0,1,67301,0,0,0,N,0,0,0,1,67301,0,,4,1,,N,N,,0,,1,0,0,0,0,,9999,1,1,0,0,0,0,0,3,3,0,1,3,,N,,,,,,,,,,,
2006081382,1635.0,0,0,0,0,0,0,0,0,0,7,0,,67,6,2006,2,40.041,-75.1917,1630.0,6,0,0,0,0,0,0,0,0,,0,0,0,16,1,0,0,,0.0,40 02:27.000,,0,75 11:29.905,0,0,0,0,67301,0,0,0,N,0,0,0,1,67301,0,,5,1,,N,N,,0,,0,0,1,0,0,,1604,0,1,0,0,0,0,0,3,4,0,1,3,,N,,,,,,,,,,,
2006081435,642.0,1,0,0,0,0,0,0,0,0,4,0,,67,6,2006,3,,,634.0,6,0,0,0,0,0,1,0,0,1.0,0,0,0,6,1,1,0,,1.0,,4.0,0,,3,0,0,1,67301,0,0,0,N,0,0,0,2,67301,0,,1,1,,N,N,,0,,1,0,0,0,0,N,634,1,2,0,0,0,0,0,3,3,0,2,3,,N,,,,,,,,,,,
2006081564,1746.0,1,0,0,0,0,0,0,0,0,7,0,,67,6,2006,6,40.0198,-75.1495,1740.0,6,0,0,0,0,0,0,0,0,1.0,0,0,0,17,1,2,0,,2.0,40 01:11.000,3.0,0,75 08:58.500,4,0,0,0,67301,0,0,0,N,0,0,0,2,67301,2,,2,1,,N,N,,0,,0,0,0,3,8,N,1736,2,1,0,0,1,0,0,3,4,0,1,3,,N,,,,,,,,,,,
2006081579,2347.0,1,0,0,0,0,0,0,0,0,7,0,,67,5,2006,5,40.0532,-75.0921,2347.0,6,0,0,0,0,0,0,0,0,,0,0,0,23,3,0,3,,0.0,40 03:11.671,,0,75 05:31.380,9,0,0,0,67301,0,0,0,N,0,0,0,1,67301,0,,5,1,,N,N,,0,,0,0,0,0,0,,2340,0,1,0,0,0,0,1,3,4,0,1,3,,N,,,,,,,,,,,
2006081594,2309.0,1,0,0,0,0,0,0,0,0,1,0,,67,7,2006,7,,,2309.0,6,0,0,0,0,0,1,0,0,,0,0,0,23,3,3,0,,0.0,,,0,,4,0,0,0,67301,0,0,0,N,0,0,0,4,67301,3,,1,1,,N,N,,0,,0,0,0,3,2,,2308,3,2,0,0,2,0,0,3,3,1,2,3,,N,,,,,,,,,,,
2006081626,2010.0,1,0,0,0,0,0,0,0,0,8,0,,67,7,2006,6,,,2000.0,6,0,0,0,0,0,0,0,0,,0,0,0,19,1,1,1,,0.0,,,0,,3,0,0,0,67301,1,0,0,N,1,0,0,2,67301,0,,1,1,,N,N,,0,,1,0,0,3,2,,1930,1,2,0,0,0,0,1,3,3,0,1,3,,N,,,,,,,,,,,
2006081645,915.0,0,0,0,0,0,0,0,0,0,6,0,,67,7,2006,2,39.9356,-75.2259,908.0,6,0,0,0,0,0,1,0,0,,0,0,0,9,1,1,1,,0.0,39 56:08.000,,0,75 13:33.430,4,0,0,0,67301,0,0,0,N,0,0,0,2,67301,1,,1,9,,N,N,,0,,0,0,1,3,2,,908,1,2,0,0,0,0,0,3,4,1,2,3,,N,,,,,,,,,,,
2006113322,745.0,4,0,0,0,0,0,0,0,0,4,0,,67,10,2006,4,39.9699,-75.1882,739.0,6,0,0,0,0,0,1,0,0,,0,0,0,7,1,0,2,,0.0,39 58:11.000,,0,75 11:18.069,0,0,0,0,67301,0,0,0,N,0,0,0,4,67301,0,,1,9,,N,N,,0,,0,0,0,0,0,,739,0,4,0,0,0,0,0,3,4,0,4,98,,N,,,,,,,,,,,
2006105750,946.0,1,0,0,0,0,0,0,0,0,7,0,,67,8,2006,7,39.945,-75.1908,946.0,6,0,0,0,0,0,0,0,0,1.0,0,0,0,9,1,1,6,,2.0,39 56:42.000,4.0,2,75 11:26.961,8,0,0,0,67301,0,0,0,N,0,0,0,4,67301,0,,2,1,,N,N,,0,,0,0,0,0,0,N,946,1,1,0,0,0,1,0,3,4,0,1,3,,N,,,,,,,,,,,
2006105795,54.0,1,0,0,0,0,0,0,0,0,7,0,,67,9,2006,4,39.9216,-75.1906,46.0,6,0,0,0,0,0,0,0,0,1.0,0,0,0,0,3,0,0,,2.0,39 55:18.000,3.0,1,75 11:25.743,0,0,0,0,67301,0,0,0,N,0,0,0,1,67301,0,,2,9,,N,N,,0,,0,0,0,0,0,N,42,0,1,0,0,0,0,0,3,4,0,1,7,,N,,,,,,,,,,,
2006105798,1750.0,1,0,0,0,0,0,0,0,0,1,0,,67,8,2006,6,39.9393,-75.1438,1740.0,6,0,0,0,0,0,0,0,0,1.0,0,0,0,17,1,0,0,,1.0,39 56:27.000,2.0,0,75 08:37.022,0,0,0,0,67301,0,0,0,,0,0,0,3,67301,0,,1,1,,N,N,,2,,0,0,0,0,0,N,1735,0,3,0,0,0,0,0,3,4,0,3,3,,N,,,,,,,,,,,
2006105849,9999.0,2,0,0,0,0,0,0,0,0,6,0,,67,8,2006,1,39.937,-75.2181,9999.0,6,0,0,0,0,0,1,0,0,,0,0,0,99,1,2,2,,0.0,39 56:13.369,,0,75 13:05.105,4,0,0,0,67301,0,0,0,N,0,0,0,4,67301,2,,1,1,,N,N,,0,,0,0,0,0,0,,9999,2,2,0,0,0,0,0,3,4,0,2,3,,N,,,,,,,,,,,
2006105856,1641.0,1,0,0,0,0,0,0,0,0,1,0,,67,8,2006,6,39.9346,-75.2219,1641.0,6,0,1,0,0,0,0,0,0,,0,0,0,16,1,1,0,,0.0,39 56:04.543,,0,75 13:18.798,8,0,0,1,67301,0,0,0,N,0,0,0,2,67301,0,,1,1,,N,N,,0,,0,0,0,0,0,,1641,1,2,0,0,0,1,0,3,4,0,2,3,,N,,,,,,,,,,,
2006105857,106.0,2,0,0,0,0,0,0,0,0,5,0,,67,9,2006,7,39.9196,-75.2402,101.0,6,0,0,0,0,0,0,0,0,,0,0,0,22,3,0,1,,0.0,39 55:10.650,,0,75 14:24.889,0,0,0,0,67301,0,0,0,N,0,0,0,1,67301,0,,2,9,,N,N,,0,,0,0,0,0,0,,2250,0,2,0,0,0,0,0,3,4,0,2,7,,N,,,,,,,,,,,