CRN,ARRIVAL_TM,AUTOMOBILE_COUNT,BELTED_DEATH_COUNT,BELTED_SUSP_SERIOUS_INJ_COUNT,BICYCLE_COUNT,BICYCLE_DEATH_COUNT,BICYCLE_SUSP_SERIOUS_INJ_COUNT,BUS_COUNT,CHLDPAS_DEATH_COUNT,CHLDPAS_SUSP_SERIOUS_INJ_COUNT,COLLISION_TYPE,COMM_VEH_COUNT,CONS_ZONE_SPD_LIM,COUNTY,CRASH_MONTH,CRASH_YEAR,DAY_OF_WEEK,DEC_LAT,DEC_LONG,DISPATCH_TM,DISTRICT,DRIVER_COUNT_16YR,DRIVER_COUNT_17YR,DRIVER_COUNT_18YR,DRIVER_COUNT_19YR,DRIVER_COUNT_20YR,DRIVER_COUNT_50_64YR,DRIVER_COUNT_65_74YR,DRIVER_COUNT_75PLUS,EST_HRS_CLOSED,FATAL_COUNT,HEAVY_TRUCK_COUNT,HORSE_BUGGY_COUNT,HOUR_OF_DAY,ILLUMINATION,INJURY_COUNT,INTERSECT_TYPE,INTERSECTION_RELATED,LANE_CLOSED,LATITUDE,LN_CLOSE_DIR,LOCATION_TYPE,LONGITUDE,MAX_SEVERITY_LEVEL,MCYCLE_DEATH_COUNT,MCYCLE_SUSP_SERIOUS_INJ_COUNT,MOTORCYCLE_COUNT,MUNICIPALITY,NONMOTR_COUNT,NONMOTR_DEATH_COUNT,NONMOTR_SUSP_SERIOUS_INJ_COUNT,NTFY_HIWY_MAINT,PED_COUNT,PED_DEATH_COUNT,PED_SUSP_SERIOUS_INJ_COUNT,PERSON_COUNT,POLICE_AGCY,POSSIBLE_INJ_COUNT,RDWY_SURF_TYPE_CD,RELATION_TO_ROAD,ROAD_CONDITION,ROADWAY_CLEARED,SCH_BUS_IND,SCH_ZONE_IND,SECONDARY_CRASH,SMALL_TRUCK_COUNT,SPEC_JURIS_CD,SUSP_MINOR_INJ_COUNT,SUSP_SERIOUS_INJ_COUNT,SUV_COUNT,TCD_FUNC_CD,TCD_TYPE,TFC_DETOUR_IND,TIME_OF_DAY,TOT_INJ_COUNT,TOTAL_UNITS,UNB_DEATH_COUNT,UNB_SUSP_SERIOUS_INJ_COUNT,UNBELTED_OCC_COUNT,UNK_INJ_DEG_COUNT,UNK_INJ_PER_COUNT,URBAN_AREA,URBAN_RURAL,VAN_COUNT,VEHICLE_COUNT,WEATHER1,WEATHER2,WORK_ZONE_IND,WORK_ZONE_LOC,WORK_ZONE_TYPE,WORKERS_PRES,WZ_CLOSE_DETOUR,WZ_FLAGGER,WZ_LAW_OFFCR_IND,WZ_LN_CLOSURE,WZ_MOVING,WZ_OTHER,WZ_SHLDER_MDN,WZ_WORKERS_INJ_KILLED
2006105864,2004.0,1,0,0,0,0,0,0,0,0,8,0,,67,9,2006,5,39.9516,-75.1702,2210.0,6,0,0,0,0,0,0,0,0,,0,0,0,22,3,1,2,,0.0,39 57:05.000,,0,75 10:12.672,4,0,0,0,67301,1,0,0,N,1,0,0,2,67301,1,,1,9,,N,N,,0,,0,0,0,3,2,,2210,1,2,0,0,0,0,0,3,4,0,1,7,,N,,,,,,,,,,,
2006103386,1554.0,1,0,0,0,0,0,0,0,0,4,0,,67,8,2006,3,40.0395,-75.1544,1549.0,6,0,0,0,0,0,0,0,0,,0,0,0,15,1,1,1,,0.0,40 02:22.000,,0,75 09:15.997,3,0,0,1,67301,0,0,0,,0,0,0,2,67301,0,,1,1,,N,N,,0,,1,0,0,3,2,,1515,1,2,0,0,0,0,0,3,4,0,2,3,,N,,,,,,,,,,,
2006124203,1713.0,1,0,0,0,0,0,0,0,0,4,0,,67,10,2006,2,,,1708.0,6,0,0,0,0,1,0,0,0,,0,0,0,17,3,2,1,,0.0,,,0,,4,0,0,0,67301,0,0,0,N,0,0,0,3,67301,2,,1,1,,N,N,,0,,0,0,0,0,0,,1705,2,2,0,0,0,0,0,3,3,0,2,3,,N,,,,,,,,,,,
2006054237,2127.0,1,0,0,0,0,0,0,0,0,1,0,,67,4,2006,6,39.9152,-75.1582,2120.0,6,0,0,0,0,0,1,0,0,,0,0,0,21,3,3,2,,0.0,39 54:54.000,,0,75 09:29.266,4,0,0,0,67301,0,0,0,N,0,0,0,6,67301,3,,1,1,,N,N,,0,,0,0,1,3,2,,2120,3,2,0,0,0,0,0,3,4,0,2,3,,N,,,,,,,,,,,
2006093080,2156.0,2,0,0,0,0,0,0,0,0,5,0,,67,8,2006,4,39.9938,-75.1532,2155.0,6,0,0,0,1,0,0,0,0,,0,0,0,99,3,0,2,,0.0,39 59:37.000,,0,75 09:11.932,9,0,0,0,67301,0,0,0,N,0,0,0,1,67301,0,,1,1,,N,N,,0,,0,0,0,0,0,,9999,0,2,0,0,0,0,1,3,4,0,2,3,,N,,,,,,,,,,,
2006054042,851.0,1,0,0,1,0,0,0,0,0,4,0,,67,4,2006,3,,,844.0,6,0,0,0,0,0,0,0,0,1.0,0,0,0,8,1,1,2,,1.0,,4.0,0,,4,0,0,0,67301,1,0,0,N,0,0,0,2,67301,1,,5,1,,N,N,,0,,0,0,0,3,3,Y,840,1,2,0,0,0,0,0,3,3,0,1,3,,N,,,,,,,,,,,
2006054116,1336.0,2,0,0,0,0,0,0,0,0,1,0,,67,4,2006,1,,,1336.0,6,0,0,0,0,0,0,1,0,,0,0,0,13,1,1,1,,0.0,,,0,,8,0,0,0,67301,0,0,0,,0,0,0,3,67301,0,,1,1,,,,,0,,0,0,0,3,2,,1330,1,2,0,0,0,1,0,3,3,0,2,3,,N,,,,,,,,,,,
2006041797,2142.0,1,0,0,0,0,0,0,0,0,7,0,,67,3,2006,4,,,2141.0,6,0,0,0,1,0,0,0,0,1.0,0,0,0,21,3,1,0,,2.0,,3.0,0,,8,0,0,0,67301,0,0,0,N,0,0,0,2,67501,0,,3,1,,N,N,,0,,0,0,0,0,0,N,2141,1,1,0,0,0,1,0,3,3,0,1,3,,N,,,,,,,,,,,
2006036829,1005.0,2,0,0,0,0,0,0,0,0,1,0,,67,1,2006,2,40.0803,-75.1727,958.0,6,0,0,0,0,0,0,0,0,,0,0,0,9,1,2,0,,0.0,40 04:48.000,,0,75 10:22.192,4,0,0,0,67301,0,0,0,N,0,0,0,3,67301,2,,1,9,,N,N,,0,,0,0,0,0,0,,950,2,2,0,0,0,0,0,3,4,0,2,3,,N,,,,,,,,,,,
2006034663,1145.0,2,0,0,0,0,0,0,0,0,4,0,,67,2,2006,4,,,1140.0,6,1,0,0,0,0,0,0,0,,0,0,0,11,1,0,2,,0.0,,,0,,0,0,0,0,67301,0,0,0,N,0,0,0,1,67301,0,,1,1,,N,N,,0,,0,0,0,9,3,,1135,0,2,0,0,0,0,0,3,3,0,2,3,,N,,,,,,,,,,,
2006019029,1629.0,0,0,0,1,0,0,0,0,0,4,0,,67,1,2006,4,40.0386,-75.2403,1627.0,6,0,0,0,0,0,0,0,0,,0,0,0,16,1,1,0,,0.0,40 02:19.024,,0,75 14:24.918,8,0,0,0,67301,1,0,0,,0,0,0,2,67301,0,,1,1,,,,,1,,0,0,0,0,0,,1625,1,2,0,0,1,1,0,3,4,0,1,3,,N,,,,,,,,,,,
2006081937,2255.0,0,0,0,0,0,0,0,0,0,7,0,,67,7,2006,5,40.0024,-75.11,2247.0,6,0,0,0,0,0,0,0,0,,0,0,0,22,3,0,0,,0.0,40 00:08.478,,0,75 06:36.151,0,0,0,0,67301,0,0,0,N,0,0,0,1,67301,0,,2,1,,N,N,,0,,0,0,1,0,0,,2240,0,1,0,0,0,0,0,3,4,0,1,3,,N,,,,,,,,,,,
2006053790,1605.0,0,0,0,0,0,0,0,0,0,1,0,,67,4,2006,1,39.9574,-75.1472,1600.0,6,0,0,0,0,0,1,0,0,,0,0,0,16,1,2,0,,0.0,39 57:27.000,,3,75 08:51.000,8,0,0,0,67301,0,0,0,N,0,0,0,3,67501,0,,1,1,,N,N,,0,,0,0,1,3,8,,1600,2,2,0,0,0,2,0,3,4,1,2,3,,N,,,,,,,,,,,
2006094899,1623.0,2,0,0,0,0,0,0,0,0,4,0,,67,7,2006,4,39.999,-75.1332,1619.0,6,0,0,0,0,0,0,1,0,,0,0,0,99,1,2,1,,0.0,39 59:56.000,,0,75 07:59.576,8,0,0,0,67301,0,0,0,N,0,0,0,3,67301,0,,1,1,,N,N,,0,,0,0,0,3,2,,9999,2,2,0,0,1,2,0,3,4,0,2,3,,N,,,,,,,,,,,
2006094910,231.0,1,0,0,0,0,0,0,0,0,7,0,,67,8,2006,6,,,229.0,6,0,0,0,0,0,0,0,0,1.0,0,0,0,2,3,0,0,,2.0,,1.0,0,,0,0,0,0,67301,0,0,0,,0,0,0,1,67301,0,,3,1,,N,N,,0,,0,0,0,0,0,N,227,0,1,0,0,0,0,0,3,3,0,1,3,,N,,,,,,,,,,,
2006094937,1915.0,2,0,0,0,0,0,0,0,0,1,0,,67,7,2006,3,40.0429,-75.1617,1915.0,6,0,0,0,0,0,1,0,0,,0,0,0,16,1,1,1,,0.0,40 02:34.544,,0,75 09:42.033,4,0,0,0,67301,0,0,0,N,0,0,0,2,67301,1,,1,9,,N,N,,0,,0,0,0,0,0,,1600,1,2,0,0,0,0,1,3,4,0,2,3,,N,,,,,,,,,,,
2006094958,1648.0,2,0,0,0,0,0,0,0,0,1,0,,67,7,2006,3,,,1644.0,6,0,0,0,0,0,1,0,0,,0,0,0,16,1,2,1,,0.0,,,0,,3,0,0,0,67301,0,0,0,N,0,0,0,3,67301,1,,1,1,,N,N,,0,,1,0,0,3,2,,1625,2,2,0,0,0,0,1,3,3,0,2,3,,N,,,,,,,,,,,
2006055820,1325.0,1,0,0,1,0,0,0,0,0,4,0,,67,4,2006,5,39.9741,-75.2424,1324.0,6,0,0,0,0,0,0,0,0,,0,0,0,13,1,1,1,,0.0,39 58:26.781,,0,75 14:32.708,8,0,0,0,67301,1,0,0,N,0,0,0,5,67301,0,,1,1,,N,N,,0,,0,0,0,0,0,,1320,1,2,0,0,0,1,0,3,4,0,1,3,,N,,,,,,,,,,,
2006092458,1720.0,2,0,0,0,0,0,0,0,0,1,0,,67,8,2006,7,,,1720.0,6,0,0,0,0,0,0,0,0,,0,0,0,17,1,1,1,,0.0,,,0,,4,0,0,0,67301,1,0,0,N,0,0,0,2,67301,1,,1,1,,N,N,,0,,0,0,0,3,2,,1730,1,2,0,0,0,0,0,3,3,0,2,3,,N,,,,,,,,,,,
2006092475,713.0,1,0,0,0,0,0,0,0,0,8,0,,67,8,2006,2,39.9979,-75.1152,700.0,6,0,0,0,0,0,0,0,0,,0,0,0,99,3,1,2,,0.0,39 59:52.576,,0,75 06:54.863,4,0,0,0,67301,1,0,0,N,1,0,0,2,67301,1,,1,1,,N,N,,0,,0,0,0,0,0,,9999,1,2,0,0,0,0,0,3,4,0,1,3,,N,,,,,,,,,,,
2006055970,1606.0,3,0,0,0,0,0,0,0,0,4,0,,67,3,2006,6,40.0472,-75.1428,1601.0,6,0,0,0,0,0,1,0,0,,0,0,0,99,1,2,0,,0.0,40 02:50.000,,0,75 08:34.346,8,0,0,0,67301,0,0,0,N,0,0,0,4,67301,0,,1,1,,N,N,,0,,0,0,0,0,0,,9999,2,3,0,0,0,2,0,3,4,0,3,3,,N,,,,,,,,,,,
2006056239,910.0,1,0,0,1,0,0,0,0,0,4,0,,67,3,2006,5,39.9551,-75.2108,858.0,6,0,0,0,0,0,0,0,0,,0,0,0,8,1,1,2,,0.0,39 57:18.000,,0,75 12:39.008,4,0,0,0,67301,1,0,0,N,0,0,0,2,67301,1,,1,1,,N,N,,0,,0,0,0,3,3,,856,1,2,0,0,0,0,0,3,4,0,1,3,,N,,,,,,,,,,,
2006056249,1128.0,1,0,0,0,0,0,0,0,0,8,0,,67,3,2006,4,,,1119.0,6,0,0,0,0,0,0,0,0,,0,0,0,99,1,1,1,,0.0,,,0,,4,0,0,0,67301,1,0,0,N,1,0,0,2,67301,1,,1,1,,N,N,,0,,0,0,0,3,2,,9999,1,2,0,0,1,0,0,3,3,0,1,3,,N,,,,,,,,,,,
2006095190,1700.0,0,0,0,0,0,0,0,0,0,7,0,,67,7,2006,1,40.0752,-75.1857,1650.0,6,0,0,0,0,0,0,0,0,,0,0,0,15,1,1,0,,0.0,40 04:30.799,,0,75 11:08.462,4,0,0,1,67301,0,0,0,N,0,0,0,1,67301,1,,4,1,,N,N,,0,,0,0,2,0,0,,1520,1,3,0,0,0,0,0,3,4,0,3,3,,N,,,,,,,,,,,
2006056402,1400.0,0,0,0,0,0,0,0,0,0,8,0,,67,1,2006,3,,,1400.0,6,0,0,0,0,0,0,0,0,,0,0,0,8,1,1,1,,0.0,,,0,,8,0,0,0,67301,1,0,0,N,1,0,0,2,67301,0,,9,1,,N,N,,1,,0,0,0,0,0,,810,1,2,0,0,0,1,1,3,3,0,1,3,,N,,,,,,,,,,,
2006053997,2045.0,1,0,0,0,0,0,0,0,0,4,0,,67,4,2006,1,39.9504,-75.1601,2040.0,6,0,0,0,0,0,0,0,0,,0,0,0,19,3,2,1,,0.0,39 57:01.000,,0,75 09:36.415,8,0,0,0,67301,0,0,0,,0,0,0,3,67301,0,,1,1,,,,,1,,0,0,0,9,2,,1930,2,2,0,0,0,2,1,3,4,0,2,3,,N,,,,,,,,,,,
2006036266,1952.0,2,0,0,0,0,0,0,0,0,4,0,,67,2,2006,2,40.0115,-75.0698,1949.0,6,0,0,0,0,0,0,0,0,1.0,0,0,0,19,3,0,1,,1.0,40 00:42.000,2.0,0,75 04:11.470,9,0,0,0,67301,0,0,0,N,0,0,0,3,67301,0,,1,1,,N,N,,1,,0,0,0,3,2,Y,1948,0,3,0,0,0,0,1,3,4,0,3,3,,N,,,,,,,,,,,
2006081131,1345.0,2,0,0,0,0,0,0,0,0,1,0,,67,6,2006,7,,,1335.0,6,0,0,0,1,0,0,0,0,,0,0,0,13,1,0,0,,0.0,,,0,,0,0,0,0,67301,0,0,0,N,0,0,0,1,67301,0,,6,1,,N,N,,0,,0,0,1,0,0,,1335,0,3,0,0,0,0,0,3,3,0,3,3,,N,,,,,,,,,,,
2006081503,1128.0,2,0,0,0,0,0,0,0,0,4,0,,67,4,2006,5,39.9996,-75.1251,1125.0,6,0,0,0,0,0,1,0,0,,0,0,0,11,1,2,1,,0.0,39 59:58.000,,0,75 07:30.360,3,0,0,0,67301,0,0,0,N,0,0,0,2,67301,0,,1,1,,N,N,,0,,2,0,0,2,2,,1125,2,2,0,0,0,0,0,3,4,0,2,3,,N,,,,,,,,,,,
2006081438,1340.0,1,0,0,0,0,0,0,0,0,7,0,,67,7,2006,1,39.9792,-75.094,1338.0,6,0,0,0,0,0,0,0,0,1.0,0,0,0,13,1,0,0,,2.0,39 58:45.223,1.0,0,75 05:38.323,0,0,0,0,67301,0,0,0,N,0,0,0,1,67301,0,,3,1,,N,N,,0,,0,0,0,0,0,N,1335,0,1,0,0,0,0,0,3,4,0,1,3,,N,,,,,,,,,,,
2006081486,627.0,2,0,0,0,0,0,0,0,0,1,0,,67,6,2006,6,,,614.0,6,0,0,0,0,0,2,0,0,1.0,0,0,0,6,1,1,0,,2.0,,4.0,0,,4,0,0,0,67301,0,0,0,N,0,0,0,2,67301,1,,1,1,,N,N,,0,,0,0,0,0,0,N,614,1,2,0,0,0,0,0,3,3,0,2,3,,N,,,,,,,,,,,
2006081595,300.0,2,0,0,0,0,0,0,0,0,5,0,,67,7,2006,1,,,255.0,6,0,0,0,0,0,1,0,0,,0,0,0,2,3,0,1,,0.0,,,0,,9,0,0,0,67301,0,0,0,N,0,0,0,2,67301,0,,1,1,,N,N,,0,,0,0,0,3,3,,245,0,2,0,0,0,0,1,3,3,0,2,3,,N,,,,,,,,,,,
2006113071,2143.0,2,0,0,0,0,0,0,0,0,2,0,,67,9,2006,4,40.0436,-75.0215,2138.0,6,0,0,1,0,0,0,0,0,9.0,0,0,0,21,3,3,0,,2.0,40 02:37.000,5.0,0,75 01:17.049,2,0,0,0,67301,0,0,0,N,0,0,0,3,67301,0,,1,1,,N,N,,0,,0,1,0,0,0,Y,2137,3,2,0,0,0,2,0,3,4,0,2,3,,N,,,,,,,,,,,
2006115763,1635.0,3,0,0,0,0,0,0,0,0,2,0,,67,9,2006,2,40.0381,-75.1706,1633.0,6,0,0,0,0,0,1,0,0,1.0,0,0,0,16,1,2,1,,1.0,40 02:17.106,1.0,0,75 10:14.105,4,0,0,0,67301,0,0,0,,0,0,0,4,67301,2,,1,1,,,,,0,,0,0,0,0,0,N,1600,2,3,0,0,1,0,0,3,4,0,3,3,,N,,,,,,,,,,,
2006105718,1200.0,1,0,0,1,0,0,0,0,0,2,0,,67,7,2006,5,39.954,-75.1767,1245.0,6,0,0,0,0,0,0,0,0,,0,0,0,12,1,1,1,,0.0,39 57:14.000,,0,75 10:36.430,3,0,0,0,67301,1,0,0,,0,0,0,2,67301,0,,1,1,,,,,0,,1,0,0,3,2,,1235,1,2,0,0,0,0,0,3,4,0,1,3,,N,,,,,,,,,,,
2006113275,1330.0,3,0,0,0,0,0,0,0,0,1,0,,67,10,2006,6,39.9567,-75.1524,1319.0,6,0,0,0,0,0,0,0,0,1.0,0,0,0,13,1,3,0,,2.0,39 57:24.000,3.0,2,75 09:09.570,4,0,0,0,67301,0,0,0,N,0,0,0,4,67301,3,,1,1,,N,N,,0,,0,0,0,0,0,N,1315,3,3,0,0,0,0,0,3,4,0,3,3,,N,,,,,,,,,,,
2006113317,1854.0,3,0,0,0,0,0,0,0,0,1,0,,67,9,2006,6,39.8803,-75.2471,1849.0,6,0,0,0,1,0,0,0,0,2.0,0,0,0,18,4,6,0,,1.0,39 52:49.434,2.0,0,75 14:49.303,3,0,0,0,67301,0,0,0,N,0,0,0,9,67301,5,,1,1,,N,N,,0,,1,0,0,0,0,Y,1854,6,3,0,0,2,0,0,3,4,0,3,3,,N,,,,,,,,,,,
2006113344,1226.0,2,0,0,0,0,0,0,0,0,4,0,,67,9,2006,3,40.0857,-75.0492,1216.0,6,0,0,0,0,0,0,1,0,,0,0,0,12,1,1,0,,0.0,40 05:08.538,,0,75 02:57.120,8,0,0,0,67301,0,0,0,N,0,0,0,2,67301,0,,1,1,,N,N,,0,,0,0,0,0,0,,1205,1,2,0,0,0,1,0,3,4,0,2,3,,N,,,,,,,,,,,
2006113373,345.0,1,0,0,0,0,0,0,0,0,1,0,,67,10,2006,1,,,345.0,6,0,0,0,0,0,0,0,0,2.0,0,0,0,3,3,1,0,,1.0,,4.0,0,,4,0,0,0,67301,0,0,0,N,0,0,0,2,67301,1,,1,1,,N,N,,1,,0,0,0,0,0,N,345,1,2,0,0,0,0,0,3,3,0,2,3,,N,,,,,,,,,,,
2006105783,805.0,1,0,0,0,0,0,0,0,0,7,0,,67,9,2006,2,40.0048,-75.196,800.0,6,0,0,0,0,0,0,0,0,1.0,0,0,0,8,1,2,6,,1.0,40 00:17.361,2.0,0,75 11:45.706,8,0,0,0,67301,0,0,0,N,0,0,0,2,67301,0,,2,1,,N,N,,0,,0,0,0,0,0,N,800,2,1,0,0,0,2,0,3,4,0,1,3,,N,,,,,,,,,,,
2006105803,1557.0,1,0,0,0,0,0,1,0,0,1,1,,67,8,2006,2,39.9534,-75.1547,1554.0,6,0,0,0,1,0,0,0,0,1.0,0,0,0,15,1,1,1,,1.0,39 57:12.000,4.0,0,75 09:17.086,4,0,0,0,67301,0,0,0,N,0,0,0,3,67301,1,,1,1,,N,N,,0,,0,0,0,9,2,N,1552,1,2,0,0,0,0,0,3,4,0,2,3,,N,,,,,,,,,,,
2006113423,9999.0,1,0,0,0,0,0,0,0,0,1,0,,67,10,2006,6,40.0129,-75.1604,919.0,6,0,0,0,0,0,0,1,0,,0,0,0,99,1,3,1,,0.0,40 00:46.000,,0,75 09:37.696,4,0,0,0,67301,0,0,0,,0,0,0,4,67301,1,,1,1,,,,,0,,0,0,0,0,0,,9999,3,2,0,0,0,2,1,3,4,0,2,3,,N,,,,,,,,,,,
2006116057,2000.0,1,0,0,0,0,0,0,0,0,8,0,,67,10,2006,1,39.9511,-75.2275,1954.0,6,0,0,0,0,0,0,0,0,,0,0,0,19,3,1,0,,0.0,39 57:04.010,,0,75 13:38.881,3,0,0,0,67301,1,0,0,,1,0,0,2,67301,0,,1,1,,N,N,,0,,1,0,0,0,0,,1945,1,2,0,0,0,0,0,3,4,0,1,3,,N,,,,,,,,,,,
2006105832,1825.0,1,0,0,0,0,0,0,0,0,4,0,,67,8,2006,5,40.0345,-75.0482,1824.0,6,0,0,0,0,0,1,0,0,,0,0,0,18,1,0,2,,0.0,40 02:04.164,,0,75 02:53.357,0,0,0,0,67301,0,0,0,N,0,0,0,4,67301,0,,1,1,,N,N,,0,,0,0,1,0,0,,1823,0,2,0,0,0,0,0,3,4,0,2,3,,N,,,,,,,,,,,
2006105835,728.0,0,0,0,0,0,0,0,0,0,1,0,,67,8,2006,5,39.9251,-75.1931,725.0,6,0,0,0,0,0,0,0,0,,0,0,0,7,1,1,0,,0.0,39 55:30.356,,0,75 11:35.036,8,0,0,1,67301,0,0,0,N,0,0,0,1,67301,0,,9,1,,N,N,,0,,0,0,1,0,0,,700,1,2,0,0,0,1,0,3,4,0,2,3,,N,,,,,,,,,,,
2006105865,2157.0,1,0,0,1,0,0,0,0,0,4,0,,67,9,2006,6,39.9472,-75.1697,1400.0,6,0,0,0,0,0,0,0,0,,0,0,0,14,1,1,1,,0.0,39 56:54.040,,0,75 10:10.005,4,0,0,0,67301,1,0,0,N,0,0,0,2,67301,1,,1,1,,N,N,,0,,0,0,0,0,0,,1400,1,2,0,0,1,0,0,3,4,0,1,3,,N,,,,,,,,,,,
2006105881,1508.0,2,0,0,0,0,0,0,0,0,1,0,,67,9,2006,5,40.0468,-75.0703,1506.0,6,0,0,0,0,0,0,0,0,,0,0,0,15,1,2,1,,0.0,40 02:48.000,,0,75 04:13.036,4,0,0,0,67301,0,0,0,N,0,0,0,3,67301,1,,1,9,,N,N,,0,,0,0,0,3,2,,1500,2,2,0,0,3,1,0,3,4,0,2,7,,N,,,,,,,,,,,
2006124217,433.0,0,0,0,0,0,0,0,0,0,7,0,,67,10,2006,7,39.9348,-75.1999,427.0,6,0,0,0,0,0,0,0,0,1.0,0,0,0,4,3,0,0,,1.0,39 56:09.000,3.0,0,75 11:59.147,0,0,0,0,67301,0,0,0,N,0,0,0,1,67301,0,,3,9,,N,N,,0,,0,0,1,0,0,N,416,0,1,0,0,0,0,0,3,4,0,1,7,,N,,,,,,,,,,,
2006054198,2055.0,2,0,0,0,0,0,0,0,0,4,0,,67,3,2006,7,40.0345,-75.0482,2055.0,6,0,0,0,0,0,0,0,0,2.0,0,0,0,20,3,1,1,,1.0,40 02:04.164,3.0,0,75 02:53.357,4,0,0,0,67301,0,0,0,N,0,0,0,2,67301,1,,1,1,,N,N,,3,,0,0,0,3,3,Y,2050,1,6,0,0,0,0,0,3,4,1,6,3,,N,,,,,,,,,,,
2006054264,1341.0,0,0,0,0,0,0,1,0,0,3,1,,67,2,2006,4,39.9466,-75.1984,1337.0,6,0,0,0,0,0,0,0,0,2.0,0,0,0,13,1,0,0,,2.0,39 56:49.000,1.0,0,75 11:54.577,0,0,0,0,67301,0,0,0,N,0,0,0,2,67504,0,,1,9,,N,N,,1,,0,0,0,0,0,N,1300,0,2,0,0,1,0,0,3,4,0,2,7,,N,,,,,,,,,,,
2006054091,735.0,1,0,0,0,0,0,1,0,0,1,1,,67,3,2006,5,40.054,-74.9822,725.0,6,0,0,0,0,0,1,0,0,,0,0,0,7,1,1,2,,0.0,39 55:39.000,,0,75 11:44.429,4,0,0,0,67301,0,0,0,N,0,0,0,2,67301,1,,1,1,,N,N,,0,,0,0,0,0,0,,720,1,2,0,0,0,0,1,3,4,0,2,3,,N,,,,,,,,,,,
2006054058,1200.0,2,0,0,0,0,0,0,0,0,4,0,,67,3,2006,7,40.0138,-75.056,1200.0,6,0,0,0,0,0,1,0,0,,0,0,0,12,1,4,1,,0.0,40 00:49.000,,0,75 03:21.958,8,0,0,0,67301,0,0,0,,0,0,0,4,67301,0,,1,9,,N,N,,0,,0,0,0,3,2,,1200,4,2,0,0,0,4,0,3,4,0,2,7,,N,,,,,,,,,,,
2006054067,1800.0,2,0,0,0,0,0,0,0,0,1,0,,67,4,2006,1,39.9453,-75.1424,1757.0,6,0,0,0,0,0,0,0,0,,0,0,0,17,1,0,0,,0.0,39 56:44.520,,0,75 08:32.280,0,0,0,0,67301,0,0,0,,0,0,0,2,67301,0,,1,1,,,,,0,,0,0,0,0,0,,1750,0,2,0,0,0,0,0,3,4,0,2,3,,N,,,,,,,,,,,
2006054165,1822.0,1,0,0,1,0,0,0,0,0,2,0,,67,4,2006,2,39.9575,-75.2173,1816.0,6,0,0,0,0,0,0,0,0,,0,0,0,18,1,1,1,,0.0,39 57:27.000,,0,75 13:02.452,8,0,0,0,67301,1,0,0,N,0,0,0,2,67301,0,,1,1,,N,N,,0,,0,0,0,3,2,,1815,1,2,0,0,0,1,0,3,4,0,1,3,,N,,,,,,,,,,,
2006036821,900.0,4,0,0,0,0,0,0,0,0,1,0,,67,3,2006,2,39.9857,-75.2083,848.0,6,0,0,0,0,0,1,0,0,,0,0,0,8,1,2,0,,0.0,39 59:12.000,,0,75 12:28.222,4,0,0,0,67301,0,0,0,,0,0,0,5,67301,2,,1,1,,N,N,,0,,0,0,0,0,0,,848,2,4,0,0,0,0,0,3,4,0,4,3,,N,,,,,,,,,,,
2006036859,2315.0,1,0,0,0,0,0,0,0,0,1,0,,67,2,2006,6,40.0654,-75.0835,2312.0,6,0,0,0,1,0,0,0,0,,0,0,0,23,3,1,3,,0.0,40 03:56.000,,0,75 05:00.824,8,0,0,0,67301,0,0,0,N,0,0,0,2,67301,0,,1,1,,N,N,,0,,0,0,1,3,2,,2310,1,2,0,0,0,1,0,3,4,0,2,3,,N,,,,,,,,,,,
2006036873,104.0,2,0,0,0,0,0,0,0,0,5,0,,67,2,2006,7,39.9897,-75.1254,101.0,6,0,1,0,1,0,0,0,0,,0,0,0,0,3,1,0,,0.0,39 59:22.000,,0,75 07:31.900,8,0,0,0,67301,0,0,0,,0,0,0,6,67301,0,,1,1,,N,N,,0,,0,0,0,0,0,,44,1,2,0,0,0,1,0,3,4,0,2,3,,N,,,,,,,,,,,
2006036901,1332.0,2,0,0,0,0,0,0,0,0,4,0,,67,1,2006,3,40.0283,-75.1201,1330.0,6,0,0,0,0,0,0,0,0,,0,0,0,13,1,1,1,,0.0,40 01:41.000,,0,75 07:12.416,4,0,0,0,67301,0,0,0,N,0,0,0,2,67301,1,,1,9,,N,N,,0,,0,0,0,3,2,,1330,1,2,0,0,0,0,1,3,4,0,2,7,,N,,,,,,,,,,,
2006027152,1600.0,1,0,0,0,0,0,0,0,0,8,0,,67,1,2006,1,39.9592,-75.225,1600.0,6,0,0,0,0,0,1,0,0,,0,0,0,15,1,1,2,,0.0,39 57:33.000,,0,75 13:30.164,4,0,0,0,67301,1,0,0,N,1,0,0,2,67301,1,,1,1,,N,N,,0,,0,0,0,0,0,,1550,1,2,0,0,0,0,0,3,4,0,1,3,,N,,,,,,,,,,,
2006021286,2210.0,2,0,0,0,0,0,0,0,0,4,0,,67,1,2006,5,39.8975,-75.2525,2200.0,6,0,0,0,0,0,0,1,0,,0,0,0,21,3,2,1,,0.0,39 53:51.000,,0,75 15:09.322,8,0,0,0,67301,0,0,0,,0,0,0,2,67301,0,,1,1,,N,N,,0,,0,0,0,3,2,,2155,2,2,0,0,0,2,0,3,4,0,2,3,,N,,,,,,,,,,,