CRN,ARRIVAL_TM,AUTOMOBILE_COUNT,BELTED_DEATH_COUNT,BELTED_SUSP_SERIOUS_INJ_COUNT,BICYCLE_COUNT,BICYCLE_DEATH_COUNT,BICYCLE_SUSP_SERIOUS_INJ_COUNT,BUS_COUNT,CHLDPAS_DEATH_COUNT,CHLDPAS_SUSP_SERIOUS_INJ_COUNT,COLLISION_TYPE,COMM_VEH_COUNT,CONS_ZONE_SPD_LIM,COUNTY,CRASH_MONTH,CRASH_YEAR,DAY_OF_WEEK,DEC_LAT,DEC_LONG,DISPATCH_TM,DISTRICT,DRIVER_COUNT_16YR,DRIVER_COUNT_17YR,DRIVER_COUNT_18YR,DRIVER_COUNT_19YR,DRIVER_COUNT_20YR,DRIVER_COUNT_50_64YR,DRIVER_COUNT_65_74YR,DRIVER_COUNT_75PLUS,EST_HRS_CLOSED,FATAL_COUNT,HEAVY_TRUCK_COUNT,HORSE_BUGGY_COUNT,HOUR_OF_DAY,ILLUMINATION,INJURY_COUNT,INTERSECT_TYPE,INTERSECTION_RELATED,LANE_CLOSED,LATITUDE,LN_CLOSE_DIR,LOCATION_TYPE,LONGITUDE,MAX_SEVERITY_LEVEL,MCYCLE_DEATH_COUNT,MCYCLE_SUSP_SERIOUS_INJ_COUNT,MOTORCYCLE_COUNT,MUNICIPALITY,NONMOTR_COUNT,NONMOTR_DEATH_COUNT,NONMOTR_SUSP_SERIOUS_INJ_COUNT,NTFY_HIWY_MAINT,PED_COUNT,PED_DEATH_COUNT,PED_SUSP_SERIOUS_INJ_COUNT,PERSON_COUNT,POLICE_AGCY,POSSIBLE_INJ_COUNT,RDWY_SURF_TYPE_CD,RELATION_TO_ROAD,ROAD_CONDITION,ROADWAY_CLEARED,SCH_BUS_IND,SCH_ZONE_IND,SECONDARY_CRASH,SMALL_TRUCK_COUNT,SPEC_JURIS_CD,SUSP_MINOR_INJ_COUNT,SUSP_SERIOUS_INJ_COUNT,SUV_COUNT,TCD_FUNC_CD,TCD_TYPE,TFC_DETOUR_IND,TIME_OF_DAY,TOT_INJ_COUNT,TOTAL_UNITS,UNB_DEATH_COUNT,UNB_SUSP_SERIOUS_INJ_COUNT,UNBELTED_OCC_COUNT,UNK_INJ_DEG_COUNT,UNK_INJ_PER_COUNT,URBAN_AREA,URBAN_RURAL,VAN_COUNT,VEHICLE_COUNT,WEATHER1,WEATHER2,WORK_ZONE_IND,WORK_ZONE_LOC,WORK_ZONE_TYPE,WORKERS_PRES,WZ_CLOSE_DETOUR,WZ_FLAGGER,WZ_LAW_OFFCR_IND,WZ_LN_CLOSURE,WZ_MOVING,WZ_OTHER,WZ_SHLDER_MDN,WZ_WORKERS_INJ_KILLED
2006053488,2301.0,3,0,0,0,0,0,0,0,0,4,0,,67,4,2006,7,,,2259.0,6,0,1,0,0,0,0,0,0,1.0,0,0,0,22,3,2,2,,1.0,,7.0,0,,8,0,0,0,67301,0,0,0,N,0,0,0,4,67301,0,,1,1,,N,N,,0,,0,0,0,9,3,Y,2259,2,3,0,0,0,2,0,3,3,0,3,3,,N,,,,,,,,,,,
2006053777,2110.0,1,0,0,0,0,0,0,0,0,4,0,,67,4,2006,2,,,2109.0,6,0,0,0,0,0,0,0,0,1.0,0,0,0,21,3,0,1,,2.0,,4.0,0,,0,0,0,0,67301,0,0,0,N,0,0,0,2,67301,0,,1,9,,N,N,,0,,0,0,0,3,2,Y,2107,0,2,0,0,0,0,0,3,3,1,2,7,,N,,,,,,,,,,,
2006055853,1558.0,2,0,0,0,0,0,0,0,0,1,0,,67,3,2006,6,40.087,-75.0358,1552.0,6,0,0,0,0,0,1,0,0,,0,0,0,15,1,2,1,,0.0,40 05:13.200,,0,75 02:09.240,8,0,0,0,67301,0,0,0,N,0,0,0,4,67301,0,,1,1,,N,N,,0,,0,0,0,0,0,,1549,2,2,0,0,0,2,0,3,4,0,2,3,,N,,,,,,,,,,,
2006055903,1428.0,2,0,0,0,0,0,0,0,0,4,0,,67,4,2006,5,40.0033,-75.1412,1426.0,6,0,0,0,0,0,0,1,0,,0,0,0,14,1,0,5,,0.0,40 00:11.775,,0,75 08:28.258,0,0,0,0,67301,0,0,0,N,0,0,0,2,67301,0,,1,1,,N,N,,0,,0,0,0,3,3,,1400,0,2,0,0,1,0,0,3,4,0,2,3,,N,,,,,,,,,,,
2006055927,1935.0,2,0,0,0,0,0,0,0,0,1,0,,67,3,2006,7,40.0264,-75.1172,1931.0,6,0,0,0,0,0,0,2,0,,0,0,0,19,3,1,1,,0.0,40 01:36.000,,0,75 07:02.232,8,0,0,0,67301,0,0,0,N,0,0,0,3,67301,0,,1,9,,N,N,,0,,0,0,0,0,0,,1920,1,3,0,0,0,1,0,3,4,1,3,7,,N,,,,,,,,,,,
2006094991,1457.0,1,0,1,0,0,0,0,0,0,2,0,,67,8,2006,5,39.9774,-75.2271,1453.0,6,0,0,0,0,0,0,0,0,2.0,0,0,0,14,1,4,1,,1.0,39 58:38.000,7.0,0,75 13:37.964,2,0,0,0,67301,0,0,0,N,0,0,0,4,67301,3,,1,1,,N,N,,0,,0,1,0,3,2,N,1450,4,2,0,0,0,0,0,3,4,1,2,3,,N,,,,,,,,,,,
2006056095,1510.0,2,0,0,0,0,0,0,0,0,1,0,,67,5,2006,4,39.9885,-75.2071,1504.0,6,0,0,0,1,0,0,0,0,,0,0,0,12,1,1,0,,0.0,39 59:21.840,,0,75 12:22.320,4,0,0,0,67301,0,0,0,N,0,0,0,2,67301,1,,1,1,,N,N,,0,,0,0,0,0,0,,1248,1,2,0,0,0,0,0,3,4,0,2,3,,N,,,,,,,,,,,
2006095274,2056.0,2,0,0,0,0,0,0,0,0,1,0,,67,7,2006,7,40.0281,-75.1064,2056.0,6,0,0,0,0,0,0,0,0,,0,0,0,99,3,1,0,,0.0,40 01:41.000,,0,75 06:23.060,3,0,0,0,67301,0,0,0,N,0,0,0,6,67301,0,,1,9,,N,N,,0,,1,0,0,3,2,,9999,1,2,0,0,1,0,0,3,4,0,2,7,,N,,,,,,,,,,,
2006056147,30.0,2,0,0,0,0,0,0,0,0,4,0,,67,4,2006,1,40.0163,-75.0618,26.0,6,0,0,0,0,0,0,0,0,,0,0,0,0,3,4,1,,0.0,40 00:58.000,,0,75 03:42.607,3,0,0,0,67301,0,0,0,N,0,0,0,5,67301,2,,1,1,,N,N,,0,,2,0,0,3,2,,20,4,2,0,0,0,0,0,3,4,0,2,3,,N,,,,,,,,,,,
2006056385,1507.0,1,0,0,0,0,0,0,0,0,8,0,,67,5,2006,4,,,1505.0,6,0,0,0,0,0,0,0,0,,0,0,0,99,1,1,0,,0.0,,,0,,4,0,0,0,67301,1,0,0,N,1,0,0,2,67301,1,,1,1,,N,N,,0,,0,0,0,0,0,,9999,1,2,0,0,1,0,0,3,3,0,1,3,,N,,,,,,,,,,,
2006092888,2035.0,2,0,0,0,0,0,0,0,0,1,0,,67,8,2006,3,40.0747,-74.9797,2033.0,6,0,0,1,0,0,1,0,0,,0,0,0,20,3,1,2,,0.0,40 04:28.000,,0,74 58:46.502,4,0,0,0,67301,0,0,0,,0,0,0,3,67301,1,,1,1,,,,,0,,0,0,0,9,2,,2015,1,2,0,0,0,0,0,3,4,0,2,3,,N,,,,,,,,,,,
2006080997,1706.0,4,0,0,0,0,0,0,0,0,5,0,,67,5,2006,6,40.0866,-75.0363,1705.0,6,0,0,0,0,0,0,0,0,,0,0,0,16,1,0,0,,0.0,40 05:11.000,,0,75 02:10.696,0,0,0,0,67301,0,0,0,N,0,0,0,2,67301,0,,1,1,,N,N,,0,,0,0,0,0,0,,1630,0,4,0,0,0,0,0,3,4,0,4,3,,N,,,,,,,,,,,
2006081111,1130.0,1,0,0,0,0,0,0,0,0,2,0,,67,5,2006,5,40.0451,-75.1582,1125.0,6,0,0,0,1,0,0,0,0,,0,0,0,10,1,2,1,,0.0,40 02:42.273,,0,75 09:29.620,8,0,0,0,67301,0,0,0,N,0,0,0,4,67301,0,,1,1,,N,N,,0,,0,0,0,3,2,,1043,2,2,0,0,0,2,0,3,4,1,2,3,,N,,,,,,,,,,,
2006081084,1957.0,0,0,0,0,0,0,0,0,0,8,0,,67,6,2006,7,,,1951.0,6,0,0,1,0,0,0,0,0,,0,0,0,18,1,1,0,,0.0,,,0,,3,0,0,1,67301,1,0,0,N,1,0,0,2,67301,0,,6,1,,N,N,,0,,1,0,0,0,0,,1830,1,2,0,0,0,0,0,3,3,0,1,3,,N,,,,,,,,,,,
2006081115,1458.0,1,0,0,0,0,0,0,0,0,7,0,,67,5,2006,2,39.968,-75.1298,1450.0,6,0,0,0,0,1,0,0,0,,0,0,0,14,1,0,7,,0.0,39 58:02.000,,2,75 07:55.981,0,0,0,0,67301,0,0,0,N,0,0,0,2,67301,0,,3,1,,N,N,,0,,0,0,0,0,0,,1449,0,1,0,0,0,0,0,3,4,0,1,3,,N,,,,,,,,,,,
2006081134,830.0,1,0,0,0,0,0,0,0,0,8,0,,67,6,2006,5,,,822.0,6,0,0,0,0,0,0,0,0,1.0,0,0,0,8,1,1,1,,2.0,,1.0,0,,8,0,0,0,67301,1,0,0,N,1,0,0,2,67301,0,,1,1,,N,N,,0,,0,0,0,3,3,N,815,1,2,0,0,0,1,0,3,3,0,1,3,,N,,,,,,,,,,,
2006081147,51.0,1,0,0,0,0,0,0,0,0,4,0,,67,5,2006,7,40.0536,-75.0085,49.0,6,0,0,0,0,0,1,0,0,,0,0,0,0,3,1,0,,0.0,40 03:13.000,,0,75 00:30.812,8,0,0,0,67301,0,0,0,N,0,0,0,2,67301,0,,1,1,,N,N,,0,,0,0,1,0,0,,45,1,2,0,0,1,1,0,3,4,0,2,3,,N,,,,,,,,,,,
2006081351,1735.0,1,0,0,0,0,0,0,0,0,4,0,,67,7,2006,1,,,1730.0,6,0,0,0,0,0,0,0,0,,0,0,0,17,1,1,1,,0.0,,,0,,8,0,0,1,67301,0,0,0,N,0,0,0,8,67301,0,,1,1,,N,N,,0,,0,0,0,9,3,,1725,1,2,0,0,2,1,0,3,3,0,2,3,,N,,,,,,,,,,,
2006081499,105.0,1,0,0,0,0,0,0,0,0,7,0,,67,6,2006,7,,,100.0,6,0,0,0,0,0,0,0,0,,0,0,0,99,3,0,0,,0.0,,,0,,0,0,0,0,67301,0,0,0,N,0,0,0,1,67301,0,,2,1,,N,N,,0,,0,0,0,0,0,,9999,0,1,0,0,0,0,0,3,3,0,1,3,,N,,,,,,,,,,,
2006081577,2047.0,1,0,0,0,0,0,0,0,0,8,0,,67,5,2006,6,40.0443,-75.0998,2040.0,6,0,0,0,0,0,0,0,0,,0,0,0,20,3,1,2,,0.0,40 02:39.609,,0,75 05:59.333,4,0,0,0,67301,1,0,0,N,1,0,0,2,67301,1,,1,1,,N,N,,0,,0,0,0,0,0,,2005,1,2,0,0,0,0,0,3,4,0,1,3,,N,,,,,,,,,,,
2006081617,1954.0,2,0,0,0,0,0,0,0,0,1,0,,67,7,2006,2,,,1952.0,6,0,0,0,0,0,0,0,0,,0,0,0,19,1,1,0,,0.0,,,0,,8,0,0,0,67301,1,0,0,N,1,0,0,2,67301,0,,2,1,,N,N,,0,,0,0,0,0,0,,1951,1,3,0,0,0,1,0,3,3,0,2,3,,N,,,,,,,,,,,
2006113080,1225.0,3,0,0,0,0,0,0,0,0,1,0,,67,3,2006,1,39.9292,-75.1616,1215.0,6,0,0,1,0,0,0,0,0,,0,0,0,12,1,2,1,,0.0,39 55:44.965,,0,75 09:41.875,4,0,0,0,67301,1,0,0,N,1,0,0,3,67301,2,,1,1,,N,N,,0,,0,0,0,3,3,,1210,2,4,0,0,0,0,0,3,4,0,3,3,,N,,,,,,,,,,,
2006115768,345.0,0,0,0,0,0,0,0,0,0,7,0,,67,9,2006,1,40.0588,-75.0442,340.0,6,0,0,0,0,0,0,0,0,,0,0,0,3,3,0,1,,0.0,40 03:31.188,,0,75 02:39.382,0,0,0,0,67301,0,0,0,,0,0,0,1,67301,0,,4,1,,,,,0,,0,0,1,3,2,,335,0,1,0,0,0,0,0,3,4,0,1,3,,N,,,,,,,,,,,
2006113270,1620.0,1,0,0,0,0,0,0,0,0,1,0,,67,10,2006,3,39.9967,-75.1142,1613.0,6,0,0,0,0,0,0,0,0,,0,0,0,15,1,2,0,,0.0,39 59:48.000,,0,75 06:51.262,3,0,0,0,67301,0,0,0,N,0,0,0,3,67301,0,,1,1,,N,N,,0,,2,0,1,0,0,,1545,2,2,0,0,0,0,0,3,4,0,2,3,,N,,,,,,,,,,,
2006113316,2330.0,2,0,0,0,0,0,0,0,0,4,0,,67,9,2006,7,39.9435,-75.143,2328.0,6,0,0,0,0,0,0,0,0,1.0,0,0,0,23,3,0,0,,2.0,39 56:40.000,1.0,1,75 08:33.880,0,0,0,0,67301,0,0,0,N,0,0,0,5,67301,0,,1,1,,N,N,,1,,0,0,0,0,0,N,2325,0,3,0,0,0,0,0,3,4,0,3,3,,N,,,,,,,,,,,
2006105755,2020.0,2,0,0,0,0,0,0,0,0,1,0,,67,9,2006,3,40.0096,-75.1873,2014.0,6,0,0,0,0,0,1,1,0,,0,0,0,20,3,2,6,,0.0,40 00:34.000,,2,75 11:14.245,8,0,0,0,67301,0,0,0,N,0,0,0,3,67301,0,,1,9,,N,N,,0,,0,0,1,0,0,,2012,2,3,0,0,1,2,0,3,4,0,3,7,,N,,,,,,,,,,,
2006105757,905.0,4,0,0,0,0,0,0,0,0,1,0,,67,9,2006,2,39.9523,-75.1755,858.0,6,0,0,0,0,0,0,0,0,,0,0,0,8,1,3,0,,0.0,39 57:08.000,,0,75 10:31.899,3,0,0,0,67301,2,0,0,N,0,0,0,3,67301,1,,2,1,,N,N,,0,,2,0,0,0,0,,858,3,4,0,0,0,0,0,3,4,0,4,3,,N,,,,,,,,,,,
2006113400,124.0,3,0,0,0,0,0,0,0,0,1,0,,67,9,2006,1,39.918,-75.21,119.0,6,0,1,1,0,0,0,0,0,,0,0,0,1,3,2,0,,0.0,39 55:04.997,,0,75 12:35.787,8,0,0,0,67301,1,0,0,N,1,0,0,7,67301,0,,1,1,,N,N,,0,,0,0,0,0,0,,119,2,4,0,0,0,2,4,3,4,0,3,3,,N,,,,,,,,,,,
2006113466,1125.0,1,0,0,0,0,0,0,0,0,4,0,,67,10,2006,6,39.9582,-75.2232,1118.0,6,0,0,0,0,0,0,0,0,,0,0,0,11,1,1,1,,0.0,39 57:29.000,,0,75 13:23.602,3,0,0,0,67301,0,0,0,N,0,0,0,3,67301,0,,1,1,,N,N,,0,,1,0,1,3,1,,1125,1,3,0,0,0,0,0,3,4,1,3,3,,N,,,,,,,,,,,
2006116035,1835.0,1,0,0,0,0,0,0,0,0,8,0,,67,10,2006,3,40.0595,-75.052,1835.0,6,0,0,0,0,0,0,0,0,,0,0,0,8,1,1,1,,0.0,40 03:34.000,,0,75 03:07.428,4,0,0,0,67301,1,0,0,,1,0,0,2,67301,1,,1,1,,N,N,,0,,0,0,0,3,2,,825,1,2,0,0,0,0,0,3,4,0,1,3,,N,,,,,,,,,,,
2006116041,1659.0,1,0,0,0,0,0,0,0,0,1,0,,67,10,2006,3,40.0373,-75.1368,1643.0,6,0,0,0,0,0,1,0,0,,0,0,0,16,1,1,0,,0.0,40 02:14.000,,0,75 08:12.584,8,0,0,0,67301,0,0,0,,0,0,0,6,67301,0,,1,1,,,,,0,,0,0,0,0,0,,1643,1,2,0,0,0,1,0,3,4,1,2,3,,N,,,,,,,,,,,
2006116054,654.0,2,0,0,0,0,0,0,0,0,4,0,,67,10,2006,4,39.9426,-75.2214,651.0,6,0,0,0,0,0,0,0,0,,0,0,0,6,5,1,1,,0.0,39 56:33.460,,0,75 13:17.057,4,0,0,0,67301,0,0,0,N,0,0,0,3,67301,1,,1,1,,N,N,,0,,0,0,0,0,0,,649,1,2,0,0,3,0,0,3,4,0,2,3,,N,,,,,,,,,,,
2006035778,1935.0,1,0,0,0,0,0,0,0,0,5,0,,67,1,2006,3,39.9669,-75.1346,1930.0,6,0,0,0,0,0,0,0,0,1.0,0,0,0,19,3,9,0,,1.0,39 58:00.000,2.0,0,75 08:05.781,3,0,0,0,67301,0,0,0,N,0,0,0,9,67301,8,,1,1,,N,N,,0,,1,0,0,0,0,N,1920,9,2,0,0,0,0,0,3,4,1,2,3,,N,,,,,,,,,,,
2006035794,1740.0,2,0,0,0,0,0,0,0,0,4,0,,67,2,2006,1,39.9194,-75.2344,1735.0,6,0,0,0,0,0,1,0,0,9.0,0,0,0,17,4,0,2,,1.0,39 55:09.000,4.0,0,75 14:03.943,0,0,0,0,67301,0,0,0,N,0,0,0,4,67301,0,,1,1,,N,N,,0,,0,0,0,3,3,N,1725,0,2,0,0,0,0,0,3,4,0,2,3,,N,,,,,,,,,,,
2006054094,2251.0,1,0,0,0,0,0,0,0,0,8,0,,67,4,2006,7,40.0609,-75.1641,2250.0,6,0,0,0,0,0,0,0,0,,0,0,0,22,3,3,1,,0.0,40 03:39.000,,0,75 09:50.813,8,0,0,0,67301,3,0,0,N,3,0,0,4,67301,0,,1,9,,N,N,,0,,0,0,0,3,2,,2230,3,4,0,0,0,3,0,3,4,0,1,7,,N,,,,,,,,,,,
2006054164,1125.0,2,0,0,0,0,0,0,0,0,1,0,,67,4,2006,7,39.9546,-75.2064,1112.0,6,0,0,0,0,0,0,0,0,,0,0,0,11,1,2,1,,0.0,39 57:16.000,,0,75 12:23.001,4,0,0,0,67301,0,0,0,,0,0,0,3,67301,1,,1,9,,N,N,,0,,0,0,0,3,2,,1119,2,2,0,0,3,1,0,3,4,0,2,7,,N,,,,,,,,,,,
2006039186,115.0,1,0,0,0,0,0,0,0,0,1,0,,67,1,2006,1,,,115.0,6,0,0,0,0,0,0,0,0,,1,0,0,1,3,3,0,,0.0,,,5,,1,0,0,0,67301,0,0,0,N,0,0,0,4,67501,1,2.0,1,1,,N,N,,0,0.0,2,0,0,3,8,,114,3,2,1,0,3,0,0,3,3,1,2,3,,N,,,,,,,,,,,
2006036857,1833.0,2,0,0,0,0,0,0,0,0,4,0,,67,2,2006,5,40.0638,-75.0835,1830.0,6,0,0,0,0,0,1,0,0,,0,0,0,18,3,1,1,,0.0,40 03:50.000,,0,75 05:00.452,4,0,0,0,67301,0,0,0,,0,0,0,4,67301,1,,1,1,,N,N,,0,,0,0,0,3,2,,1830,1,2,0,0,0,0,0,3,4,0,2,3,,N,,,,,,,,,,,
2006037216,428.0,0,0,0,0,0,0,1,0,0,7,1,,67,2,2006,6,,,422.0,6,0,0,0,0,0,0,0,0,2.0,0,0,0,4,3,0,0,,2.0,,3.0,0,,0,0,0,0,67301,0,0,0,N,0,0,0,2,67301,0,,2,9,,N,N,,0,,0,0,0,0,0,N,418,0,1,0,0,0,0,0,3,3,0,1,7,,N,,,,,,,,,,,
2006023928,850.0,1,0,0,0,0,0,1,0,0,5,1,,67,1,2006,6,,,843.0,6,0,0,0,0,0,1,0,0,,0,0,0,8,1,2,0,,0.0,,,0,,4,0,0,0,67301,0,0,0,N,0,0,0,2,67301,1,,1,1,,Y,N,,0,,0,0,0,0,0,,843,2,2,0,0,0,1,0,3,3,0,2,3,,N,,,,,,,,,,,
2006018673,110.0,4,0,0,0,0,0,0,0,0,1,0,,67,1,2006,1,,,100.0,6,0,0,0,0,0,0,0,0,3.0,0,0,0,0,3,4,0,,2.0,,3.0,3,,3,0,0,0,67301,0,0,0,,0,0,0,14,67301,0,,1,2,,N,N,,0,,4,0,2,0,0,N,55,4,7,0,0,0,0,0,3,3,1,7,7,,N,,,,,,,,,,,
2006023725,1225.0,1,0,0,0,0,0,0,0,0,7,0,,67,1,2006,6,39.9858,-75.0959,1222.0,6,0,1,0,0,0,0,0,0,,0,0,0,12,1,1,0,,0.0,39 59:09.000,,0,75 05:45.059,4,0,0,0,67301,0,0,0,,0,0,0,1,67301,1,,4,1,,N,N,,0,,0,0,0,0,0,,1215,1,1,0,0,0,0,0,3,4,0,1,3,,N,,,,,,,,,,,
2006053752,2315.0,2,0,0,0,0,0,0,0,0,1,0,,67,3,2006,1,39.9411,-75.2048,2310.0,6,0,0,0,0,0,0,0,0,,0,0,0,23,3,1,0,,0.0,39 56:28.320,,0,75 12:20.160,8,0,0,0,67301,0,0,0,N,0,0,0,2,67301,0,,1,1,,N,N,,0,,0,0,0,0,0,,2309,1,2,0,0,0,1,1,3,4,0,2,3,,N,,,,,,,,,,,
2006020524,1343.0,2,0,0,0,0,0,0,0,0,6,0,,67,1,2006,4,39.9858,-75.2157,1340.0,6,0,0,0,0,0,0,0,0,2.0,0,0,0,13,1,0,1,,2.0,39 59:08.000,1.0,0,75 12:56.714,0,0,0,0,67301,0,0,0,N,0,0,0,3,67301,0,,1,9,,N,N,,0,,0,0,0,9,2,Y,1337,0,2,0,0,0,0,0,3,4,0,2,7,,N,,,,,,,,,,,
2006055817,147.0,2,0,0,0,0,0,0,0,0,6,0,,67,4,2006,7,39.9934,-75.097,144.0,6,0,0,0,0,0,1,0,0,,0,0,0,13,1,2,1,,0.0,39 59:36.000,,0,75 05:49.122,4,0,0,0,67301,0,0,0,N,0,0,0,4,67301,2,,1,1,,N,N,,0,,0,0,0,3,2,,1340,2,2,0,0,1,0,1,3,4,0,2,3,,N,,,,,,,,,,,
2006055878,2137.0,2,0,0,0,0,0,0,0,0,5,0,,67,4,2006,6,39.9716,-75.1933,2130.0,6,0,0,0,0,0,0,0,0,,0,0,0,21,3,0,7,,0.0,39 58:23.160,,2,75 11:37.320,0,0,0,0,67301,0,0,0,N,0,0,0,2,67301,0,,1,9,,N,N,,0,,0,0,0,0,0,,2129,0,2,0,0,0,0,0,3,4,0,2,7,,N,,,,,,,,,,,
2006092446,1932.0,2,0,0,0,0,0,0,0,0,4,0,,67,8,2006,3,39.9225,-75.1615,1930.0,6,0,0,0,0,0,0,0,0,,0,0,0,19,1,2,2,,0.0,39 55:21.021,,0,75 09:41.385,4,0,0,0,67301,0,0,0,N,0,0,0,4,67301,1,,1,1,,N,N,,0,,0,0,0,3,3,,1925,2,2,0,0,0,1,1,3,4,0,2,3,,N,,,,,,,,,,,
2006092484,150.0,2,0,0,0,0,0,0,0,0,5,0,,67,8,2006,6,39.9577,-75.1624,155.0,6,0,0,0,0,1,0,0,0,,0,0,0,1,3,1,1,,0.0,39 57:27.000,,0,75 09:44.119,4,0,0,0,67301,0,0,0,N,0,0,0,5,67301,1,,1,1,,N,N,,0,,0,0,0,3,2,,150,1,2,0,0,0,0,0,3,4,0,2,3,,N,,,,,,,,,,,
2006056046,2057.0,1,0,0,0,0,0,0,0,0,4,0,,67,3,2006,7,40.0092,-75.1511,2052.0,6,0,0,0,0,0,0,1,0,,0,0,0,20,3,0,1,,0.0,40 00:33.480,,0,75 09:04.680,0,0,0,0,67301,0,0,0,N,0,0,0,1,67301,0,,1,9,,N,N,,0,,0,0,0,0,0,,2047,0,2,0,0,0,0,0,3,4,1,2,7,,N,,,,,,,,,,,
2006056028,1505.0,1,0,0,0,0,0,0,0,0,1,0,,67,4,2006,3,40.0141,-75.1695,1500.0,6,0,0,0,0,0,0,0,0,2.0,0,0,0,14,1,0,0,,1.0,40 00:50.713,2.0,0,75 10:10.108,0,0,0,0,67301,0,0,0,,0,0,0,4,67301,0,,1,1,,,,,0,,0,0,0,0,0,N,1455,0,2,0,0,1,0,0,3,4,1,2,3,,N,,,,,,,,,,,
2006056031,2055.0,1,0,0,0,0,0,0,0,0,5,0,,67,4,2006,6,,,2045.0,6,0,0,0,0,0,0,1,0,,0,0,0,99,4,2,0,,0.0,,,0,,8,0,0,0,67301,2,0,0,N,0,0,0,4,67301,0,,6,1,,N,N,,0,,0,0,0,0,0,,9999,2,2,0,0,0,2,0,3,3,0,2,3,,N,,,,,,,,,,,
2006056064,1240.0,1,0,0,0,0,0,0,0,0,7,0,,67,3,2006,6,39.9771,-75.1997,1230.0,6,0,0,0,0,0,0,0,0,,0,0,0,4,5,1,0,,0.0,39 58:39.000,,0,75 12:03.579,4,0,0,0,67301,0,0,0,N,0,0,0,1,67301,1,,3,98,,N,N,,0,,0,0,0,0,0,,445,1,1,0,0,0,0,0,3,4,0,1,99,,N,,,,,,,,,,,
2006056086,1822.0,2,0,0,0,0,0,0,0,0,1,0,,67,5,2006,2,,,1822.0,6,0,0,0,0,0,0,0,0,2.0,0,0,0,18,1,0,0,,1.0,,4.0,0,,0,0,0,0,67301,0,0,0,N,0,0,0,2,67301,0,,1,1,,N,N,,0,,0,0,0,0,0,N,1815,0,2,0,0,0,0,0,3,3,0,2,3,,N,,,,,,,,,,,
2006056098,1545.0,2,0,0,0,0,0,0,0,0,2,0,,67,4,2006,5,,,1530.0,6,0,0,0,0,0,0,0,0,,0,0,0,15,1,1,1,,0.0,,,0,,8,0,0,0,67301,0,0,0,N,0,0,0,2,67301,0,,1,1,,N,N,,0,,0,0,0,3,2,,1525,1,2,0,0,0,1,0,3,3,0,2,3,,N,,,,,,,,,,,
2006056323,1850.0,0,0,0,1,0,0,0,0,0,4,0,,67,3,2006,7,40.0143,-75.0709,1842.0,6,0,0,0,0,0,0,0,0,,0,0,0,18,3,1,1,,0.0,40 00:51.000,,0,75 04:15.195,4,0,0,0,67301,1,0,0,,0,0,0,2,67301,1,,1,9,,N,N,,1,,0,0,0,3,2,,1830,1,2,0,0,0,0,0,3,4,0,1,7,,N,,,,,,,,,,,
2006035590,605.0,3,0,0,0,0,0,0,0,0,4,0,,67,1,2006,7,40.0566,-75.0466,600.0,6,0,0,0,0,0,1,0,0,,0,0,0,5,5,1,1,,0.0,40 03:23.000,,0,75 02:47.503,8,0,0,0,67301,0,0,0,,0,0,0,4,67301,0,,1,1,,N,N,,0,,0,0,0,3,2,,555,1,3,0,0,0,1,0,3,4,0,3,3,,N,,,,,,,,,,,
2006035665,1316.0,2,0,0,0,0,0,0,0,0,5,1,,67,2,2006,2,,,1300.0,6,0,0,0,0,0,1,0,0,3.0,0,1,0,12,1,0,0,,1.0,,1.0,0,,0,0,0,0,67301,0,0,0,Y,0,0,0,4,67301,0,,1,1,,N,N,,0,,0,0,0,0,0,N,1208,0,3,0,0,0,0,0,3,3,0,3,3,,N,,,,,,,,,,,
2006035692,655.0,3,0,0,0,0,0,0,0,0,4,0,,67,2,2006,2,,,650.0,6,0,0,0,0,0,0,0,0,,0,0,0,6,1,1,0,,0.0,,,0,,8,0,0,0,67301,0,0,0,N,0,0,0,3,67301,0,,1,1,,N,N,,0,,0,0,0,0,0,,645,1,3,0,0,0,1,0,3,3,0,3,3,,N,,,,,,,,,,,
2006033331,1410.0,1,0,0,0,0,0,1,0,0,6,1,,67,2,2006,4,39.9765,-75.1894,1405.0,6,0,0,0,0,0,0,1,0,,0,0,0,14,1,1,3,,0.0,39 58:33.960,,0,75 11:21.480,8,0,0,0,67301,0,0,0,N,0,0,0,7,67301,0,,1,6,,Y,N,,0,,0,0,0,9,3,,1400,1,2,0,0,0,1,5,3,4,0,2,3,,N,,,,,,,,,,,
2006033039,650.0,1,0,0,0,0,0,0,0,0,8,0,,67,2,2006,5,39.9869,-75.105,645.0,6,0,0,0,0,0,0,0,0,,0,0,0,6,1,1,1,,0.0,39 59:13.000,,0,75 06:17.844,4,0,0,0,67301,1,0,0,,1,0,0,2,67301,1,,1,1,,N,N,,0,,0,0,0,3,2,,630,1,2,0,0,0,0,0,3,4,0,1,3,,N,,,,,,,,,,,
2006032884,1302.0,2,0,0,0,0,0,0,0,0,2,0,,67,2,2006,6,40.0275,-75.0624,1302.0,6,0,0,0,0,0,0,0,0,,0,0,0,13,1,1,1,,0.0,40 01:39.000,,0,75 03:44.591,8,0,0,0,67301,0,0,0,N,0,0,0,2,67301,0,,1,1,,N,N,,0,,0,0,0,3,2,,1302,1,2,0,0,0,1,0,3,4,0,2,3,,N,,,,,,,,,,,