CRN,ARRIVAL_TM,AUTOMOBILE_COUNT,BELTED_DEATH_COUNT,BELTED_SUSP_SERIOUS_INJ_COUNT,BICYCLE_COUNT,BICYCLE_DEATH_COUNT,BICYCLE_SUSP_SERIOUS_INJ_COUNT,BUS_COUNT,CHLDPAS_DEATH_COUNT,CHLDPAS_SUSP_SERIOUS_INJ_COUNT,COLLISION_TYPE,COMM_VEH_COUNT,CONS_ZONE_SPD_LIM,COUNTY,CRASH_MONTH,CRASH_YEAR,DAY_OF_WEEK,DEC_LAT,DEC_LONG,DISPATCH_TM,DISTRICT,DRIVER_COUNT_16YR,DRIVER_COUNT_17YR,DRIVER_COUNT_18YR,DRIVER_COUNT_19YR,DRIVER_COUNT_20YR,DRIVER_COUNT_50_64YR,DRIVER_COUNT_65_74YR,DRIVER_COUNT_75PLUS,EST_HRS_CLOSED,FATAL_COUNT,HEAVY_TRUCK_COUNT,HORSE_BUGGY_COUNT,HOUR_OF_DAY,ILLUMINATION,INJURY_COUNT,INTERSECT_TYPE,INTERSECTION_RELATED,LANE_CLOSED,LATITUDE,LN_CLOSE_DIR,LOCATION_TYPE,LONGITUDE,MAX_SEVERITY_LEVEL,MCYCLE_DEATH_COUNT,MCYCLE_SUSP_SERIOUS_INJ_COUNT,MOTORCYCLE_COUNT,MUNICIPALITY,NONMOTR_COUNT,NONMOTR_DEATH_COUNT,NONMOTR_SUSP_SERIOUS_INJ_COUNT,NTFY_HIWY_MAINT,PED_COUNT,PED_DEATH_COUNT,PED_SUSP_SERIOUS_INJ_COUNT,PERSON_COUNT,POLICE_AGCY,POSSIBLE_INJ_COUNT,RDWY_SURF_TYPE_CD,RELATION_TO_ROAD,ROAD_CONDITION,ROADWAY_CLEARED,SCH_BUS_IND,SCH_ZONE_IND,SECONDARY_CRASH,SMALL_TRUCK_COUNT,SPEC_JURIS_CD,SUSP_MINOR_INJ_COUNT,SUSP_SERIOUS_INJ_COUNT,SUV_COUNT,TCD_FUNC_CD,TCD_TYPE,TFC_DETOUR_IND,TIME_OF_DAY,TOT_INJ_COUNT,TOTAL_UNITS,UNB_DEATH_COUNT,UNB_SUSP_SERIOUS_INJ_COUNT,UNBELTED_OCC_COUNT,UNK_INJ_DEG_COUNT,UNK_INJ_PER_COUNT,URBAN_AREA,URBAN_RURAL,VAN_COUNT,VEHICLE_COUNT,WEATHER1,WEATHER2,WORK_ZONE_IND,WORK_ZONE_LOC,WORK_ZONE_TYPE,WORKERS_PRES,WZ_CLOSE_DETOUR,WZ_FLAGGER,WZ_LAW_OFFCR_IND,WZ_LN_CLOSURE,WZ_MOVING,WZ_OTHER,WZ_SHLDER_MDN,WZ_WORKERS_INJ_KILLED
2006019883,1044.0,2,0,0,0,0,0,0,0,0,4,0,,67,1,2006,3,40.0617,-74.9884,1042.0,6,0,0,0,0,0,0,0,0,,0,0,0,10,1,2,2,,0.0,40 03:41.000,,7,74 59:17.598,8,0,0,0,67301,0,0,0,,0,0,0,3,67301,0,,1,9,,N,N,,0,,0,0,0,3,2,,1040,2,2,0,0,0,2,0,3,4,0,2,7,,N,,,,,,,,,,,
2006053517,1620.0,1,0,0,0,0,0,0,0,0,8,0,,67,5,2006,5,40.0523,-75.0358,1613.0,6,0,1,0,0,0,0,0,1,,0,0,0,15,1,1,0,,0.0,40 03:08.427,,7,75 02:08.984,3,0,0,0,67301,1,0,0,N,1,0,0,3,67301,0,,1,1,,N,N,,1,,1,0,0,0,0,,1544,1,3,0,0,0,0,0,3,4,0,2,3,,N,,,,,,,,,,,
2006053531,1900.0,2,0,0,0,0,0,0,0,0,4,0,,67,4,2006,5,40.0029,-75.1017,1900.0,6,0,1,0,0,0,1,0,0,,0,0,0,18,1,4,1,,0.0,40 00:10.274,,0,75 06:06.094,4,0,0,0,67301,0,0,0,N,0,0,0,5,67301,1,,1,1,,N,N,,0,,0,0,0,3,2,,1859,4,2,0,0,0,3,0,3,4,0,2,3,,N,,,,,,,,,,,
2006053687,1115.0,4,0,0,0,0,0,0,0,0,8,0,,67,4,2006,6,39.9962,-75.1723,1109.0,6,0,0,0,0,0,0,1,1,,0,0,0,99,1,1,1,,0.0,39 59:46.000,,0,75 10:20.531,4,0,0,0,67301,1,0,0,N,0,0,0,3,67301,1,,2,1,,N,N,,2,,0,0,0,3,2,,9999,1,6,0,0,1,0,0,3,4,0,6,3,,N,,,,,,,,,,,
2006018355,1850.0,1,0,0,0,0,0,0,0,0,7,0,,67,1,2006,1,,,1845.0,6,0,0,0,0,0,0,0,0,,0,0,0,99,2,1,0,,0.0,,,0,,4,0,0,0,67301,0,0,0,N,0,0,0,1,67301,1,,4,1,,N,N,,0,,0,0,0,0,0,,9999,1,1,0,0,0,0,0,3,3,0,1,3,,N,,,,,,,,,,,
2006020133,225.0,1,0,0,0,0,0,0,0,0,7,0,,67,1,2006,7,40.0472,-74.9992,222.0,6,0,0,0,0,0,0,0,0,1.0,0,0,0,2,3,0,0,,2.0,40 02:50.000,3.0,2,74 59:56.954,0,0,0,0,67301,0,0,0,Y,0,0,0,1,67301,0,,2,1,,N,N,,0,,0,0,0,0,0,Y,221,0,1,0,0,0,0,0,3,4,0,1,3,,N,,,,,,,,,,,
2006065439,1417.0,0,0,0,0,0,0,0,0,0,4,1,,67,5,2006,5,,,1414.0,6,0,0,0,0,0,1,0,0,1.0,0,1,0,14,1,1,1,,2.0,,1.0,0,,4,0,0,0,67301,0,0,0,N,0,0,0,2,67301,1,,1,1,,N,N,,0,,0,0,1,3,2,Y,1414,1,2,0,0,0,0,0,3,3,0,2,3,,N,,,,,,,,,,,
2006065568,247.0,2,0,0,0,0,0,0,0,0,1,0,,67,3,2006,6,40.0352,-75.1455,245.0,6,0,0,0,0,0,0,0,0,,0,0,0,2,3,1,1,,0.0,40 02:06.000,,0,75 08:43.859,8,0,0,0,67301,0,0,0,,0,0,0,4,67301,0,,1,1,,N,N,,0,,0,0,0,3,2,,240,1,2,0,0,0,1,0,3,4,0,2,3,,N,,,,,,,,,,,
2006094473,1240.0,0,0,0,0,0,0,1,0,0,1,0,,67,8,2006,6,39.9585,-75.2252,1238.0,6,0,0,0,0,0,0,0,0,,0,0,0,12,1,4,1,,0.0,39 57:30.000,,0,75 13:30.707,8,0,0,0,67301,0,0,0,N,0,0,0,10,67301,0,,1,1,,N,N,,1,,0,0,0,3,2,,1230,4,2,0,0,0,4,1,3,4,0,2,3,,N,,,,,,,,,,,
2006055355,1315.0,2,0,0,0,0,0,0,0,0,2,0,,67,3,2006,2,39.9938,-75.1532,1310.0,6,0,0,0,0,0,1,0,0,,0,0,0,13,1,1,2,,0.0,39 59:37.000,,0,75 09:11.932,8,0,0,0,67301,0,0,0,N,0,0,0,2,67301,0,,1,1,,N,N,,0,,0,0,0,0,0,,1305,1,2,0,0,0,1,0,3,4,0,2,3,,N,,,,,,,,,,,
2006055386,110.0,1,0,0,0,0,0,0,0,0,4,0,,67,3,2006,7,39.9444,-75.2309,110.0,6,0,0,0,0,0,0,0,0,,0,0,0,1,3,0,1,,0.0,39 56:39.000,,0,75 13:51.131,0,0,0,0,67301,0,0,0,N,0,0,0,2,67301,0,,1,1,,N,N,,0,,0,0,1,3,3,,105,0,2,0,0,0,0,0,3,4,0,2,3,,N,,,,,,,,,,,
2006055407,1126.0,2,0,0,0,0,0,0,0,0,1,0,,67,3,2006,1,40.0638,-75.1729,1121.0,6,0,0,0,0,0,0,0,0,,0,0,0,11,1,1,1,,0.0,40 03:49.000,,0,75 10:22.328,8,0,0,0,67301,0,0,0,N,0,0,0,2,67301,0,,1,9,,N,N,,0,,0,0,0,3,3,,1115,1,2,0,0,0,1,0,3,4,0,2,7,,N,,,,,,,,,,,
2006055418,2131.0,2,0,0,0,0,0,0,0,0,2,0,,67,4,2006,1,40.0543,-75.1576,2124.0,6,0,0,1,0,0,0,0,0,,0,0,0,21,3,2,3,,0.0,40 03:15.609,,0,75 09:27.493,8,0,0,0,67301,0,0,0,N,0,0,0,3,67301,0,,1,1,,N,N,,0,,0,0,0,0,0,,2100,2,2,0,0,0,2,1,3,4,0,2,3,,N,,,,,,,,,,,
2006094628,1324.0,2,0,0,0,0,0,0,0,0,1,0,,67,8,2006,3,39.9541,-75.161,1318.0,6,0,0,0,0,0,1,0,0,,0,0,0,13,1,1,2,,0.0,39 57:14.000,,0,75 09:39.615,4,0,0,0,67301,0,0,0,N,0,0,0,4,67301,1,,1,1,,N,N,,0,,0,0,0,3,2,,1315,1,2,0,0,4,0,0,3,4,0,2,3,,N,,,,,,,,,,,
2006055704,115.0,3,0,0,0,0,0,0,0,0,1,0,,67,4,2006,6,,,114.0,6,0,0,0,0,0,0,0,0,,0,0,0,1,3,1,1,,0.0,,,0,,3,0,0,0,67301,0,0,0,N,0,0,0,1,67301,0,,1,1,,N,N,,0,,1,0,1,0,0,,114,1,4,0,0,0,0,0,3,3,0,4,3,,N,,,,,,,,,,,
2006055759,2.0,0,0,0,0,0,0,0,0,0,7,0,,67,3,2006,6,39.9239,-75.192,2357.0,6,0,0,0,0,0,0,0,0,2.0,0,0,0,23,3,1,10,,2.0,39 55:26.760,4.0,4,75 11:32.640,3,0,0,1,67301,0,0,0,N,0,0,0,1,67301,0,,4,1,,N,N,,0,,1,0,0,0,0,N,2353,1,1,0,0,0,0,0,3,4,0,1,3,,N,,,,,,,,,,,
2006104830,1506.0,1,0,0,0,0,0,0,0,0,4,0,,67,9,2006,2,39.9101,-75.1633,1459.0,6,0,0,0,0,0,0,0,0,,0,0,0,14,1,2,5,,0.0,39 54:36.252,,0,75 09:48.020,3,0,0,0,67301,0,0,0,N,0,0,0,3,67301,0,,1,1,,N,N,,0,,2,0,1,3,2,,1458,2,2,0,0,0,0,0,3,4,0,2,3,,N,,,,,,,,,,,
2006104905,730.0,2,0,0,0,0,0,0,0,0,4,0,,67,9,2006,2,39.9211,-75.2242,724.0,6,0,0,0,0,0,0,0,0,,0,0,0,7,1,2,1,,0.0,39 55:15.000,,0,75 13:27.223,8,0,0,0,67301,0,0,0,N,0,0,0,2,67301,0,,1,1,,N,N,,0,,0,0,0,0,0,,722,2,2,0,0,1,2,0,3,4,0,2,3,,N,,,,,,,,,,,
2006104918,1500.0,2,0,0,0,0,0,1,0,0,1,1,,67,9,2006,4,,,1452.0,6,0,0,0,0,0,0,0,0,,0,0,0,14,1,2,0,,0.0,,,0,,4,0,0,0,67301,0,0,0,N,0,0,0,2,67301,2,,1,1,,Y,N,,0,,0,0,0,0,0,,1445,2,3,0,0,0,0,0,3,3,0,3,3,,N,,,,,,,,,,,
2006104931,1305.0,2,0,0,0,0,0,0,0,0,4,0,,67,8,2006,2,40.0574,-75.0767,1303.0,6,0,0,0,0,0,0,1,1,1.0,0,0,0,12,1,1,1,,1.0,40 03:26.000,4.0,0,75 04:36.166,4,0,0,0,67301,0,0,0,N,0,0,0,2,67301,1,,1,1,,N,N,,0,,0,0,0,3,2,Y,1257,1,2,0,0,0,0,1,3,4,0,2,3,,N,,,,,,,,,,,
2006124499,1430.0,2,0,0,0,0,0,0,0,0,4,0,,67,10,2006,5,39.9142,-75.1516,1425.0,6,0,0,0,0,0,1,0,0,,0,0,0,14,1,0,0,,0.0,39 54:51.214,,7,75 09:05.721,0,0,0,0,67301,0,0,0,N,0,0,0,3,67301,0,,1,1,,N,N,,0,,0,0,0,0,0,,1425,0,2,0,0,0,0,0,3,4,0,2,3,,N,,,,,,,,,,,
2006124566,2000.0,1,0,0,0,0,0,0,0,0,2,0,,67,9,2006,4,40.0629,-75.1714,2000.0,6,0,0,0,0,0,0,0,0,9.0,0,0,0,19,3,3,0,,2.0,40 03:46.000,5.0,0,75 10:16.886,4,0,0,0,67301,0,0,0,N,0,0,0,3,67301,3,,1,1,,N,N,,0,,0,0,0,0,0,Y,1948,3,2,0,0,1,0,0,3,4,1,2,3,,N,,,,,,,,,,,
2006124622,1500.0,1,0,0,0,0,0,0,0,0,4,0,,67,11,2006,4,40.0345,-75.1693,1500.0,6,0,0,0,0,0,0,0,0,,0,0,0,15,1,1,0,,0.0,40 02:04.029,,0,75 10:09.463,4,0,0,0,67301,0,0,0,N,0,0,0,4,67301,1,,1,9,,N,N,,0,,0,0,1,0,0,,1500,1,2,0,0,0,0,0,3,4,0,2,7,,N,,,,,,,,,,,
2006112707,755.0,2,0,0,0,0,0,0,0,0,4,0,,67,9,2006,7,40.0145,-75.1782,750.0,6,0,0,1,0,0,0,0,0,,0,0,0,7,1,2,2,,0.0,40 00:52.200,,0,75 10:41.880,2,0,0,0,67301,0,0,0,N,0,0,0,5,67301,1,,1,1,,N,N,,0,,0,1,0,0,0,,750,2,2,0,0,0,0,0,3,4,0,2,3,,N,,,,,,,,,,,
2006124711,1642.0,1,0,0,0,0,0,0,0,0,7,0,,67,11,2006,6,39.9834,-75.2432,1842.0,6,0,0,0,0,0,0,0,0,,0,0,0,16,3,1,2,,0.0,39 59:00.000,,0,75 14:36.320,8,0,0,0,67301,0,0,0,N,0,0,0,2,67301,0,,4,9,,N,N,,0,,0,0,0,0,0,,1642,1,1,0,0,0,1,0,3,4,0,1,3,,N,,,,,,,,,,,
2006124730,1604.0,0,0,0,0,0,0,0,0,0,8,0,,67,11,2006,6,40.0325,-75.2235,1603.0,6,0,0,0,0,0,0,0,0,,0,0,0,16,1,1,2,,0.0,40 01:56.924,,0,75 13:24.682,8,0,0,0,67301,1,0,0,N,1,0,0,2,67301,0,,1,1,,N,N,,1,,0,0,0,0,0,,1600,1,2,0,0,0,1,0,3,4,0,1,3,,N,,,,,,,,,,,
2006062245,805.0,0,0,0,0,0,0,0,0,0,0,0,,67,5,2006,3,39.9479,-75.1526,800.0,6,0,0,0,0,0,1,0,0,,0,0,0,8,1,1,1,,0.0,39 56:52.000,,0,75 09:09.501,4,0,0,1,67301,0,0,0,N,0,0,0,1,67301,1,,1,1,,N,N,,0,,0,0,0,3,2,,800,1,1,0,0,0,0,0,3,4,0,1,3,,N,,,,,,,,,,,
2006062278,1435.0,2,0,0,0,0,0,0,0,0,2,0,,67,5,2006,2,,,1428.0,6,0,0,0,0,0,0,0,0,,0,0,0,14,1,0,1,,0.0,,,0,,0,0,0,0,67301,0,0,0,,0,0,0,3,67301,0,,1,1,,,,,0,,0,0,0,0,0,,1423,0,2,0,0,0,0,0,3,3,0,2,3,,N,,,,,,,,,,,
2006062498,1458.0,2,0,0,0,0,0,0,0,0,1,0,,67,5,2006,2,40.0528,-75.1529,1455.0,6,0,0,0,0,0,0,0,0,,0,0,0,14,1,0,3,,0.0,40 03:10.000,,0,75 09:10.511,0,0,0,0,67301,0,0,0,N,0,0,0,3,67301,0,,1,1,,N,N,,0,,0,0,0,3,2,,1445,0,2,0,0,3,0,0,3,4,0,2,3,,N,,,,,,,,,,,
2006093893,810.0,1,0,0,0,0,0,0,0,0,6,0,,67,7,2006,2,,,751.0,6,0,0,0,0,0,0,0,0,,0,0,0,7,1,1,1,,0.0,,,0,,2,0,0,0,67301,0,0,0,,0,0,0,2,67301,0,,1,1,,,,,0,,0,1,0,9,2,,730,1,2,0,0,0,0,0,3,3,1,2,3,,N,,,,,,,,,,,
2006054982,112.0,1,0,0,0,0,0,0,0,0,4,0,,67,4,2006,6,39.9717,-75.1611,108.0,6,0,0,0,0,0,1,0,0,1.0,0,0,0,1,3,2,1,,1.0,39 58:17.000,3.0,0,75 09:39.880,4,0,0,0,67301,0,0,0,N,0,0,0,4,67301,2,,1,1,,N,N,,0,,0,0,1,9,2,N,108,2,2,0,0,2,0,0,3,4,0,2,3,,N,,,,,,,,,,,
2006055088,2147.0,2,0,0,0,0,0,0,0,0,4,0,,67,3,2006,5,39.9391,-75.1664,2146.0,6,0,0,0,0,0,1,0,0,,0,0,0,21,3,1,1,,0.0,39 56:20.000,,0,75 09:59.362,8,0,0,0,67301,0,0,0,,0,0,0,2,67301,0,,1,1,,,,,0,,0,0,0,3,2,,2146,1,2,0,0,0,1,0,3,4,0,2,3,,N,,,,,,,,,,,
2006055107,1807.0,3,0,0,0,0,0,0,0,0,4,0,,67,3,2006,4,39.9992,-75.1474,1806.0,6,0,0,0,1,0,0,0,0,3.0,0,0,0,18,3,4,1,,1.0,39 59:57.271,6.0,0,75 08:50.495,4,0,0,0,67301,0,0,0,N,0,0,0,5,67301,4,,1,1,,N,N,,0,,0,0,0,3,2,Y,1806,4,3,0,0,0,0,0,3,4,0,3,3,,N,,,,,,,,,,,
2006055135,2328.0,2,0,0,0,0,0,0,0,0,1,0,,67,4,2006,5,40.0207,-75.1486,2325.0,6,0,0,0,0,0,0,0,0,,0,0,0,23,3,1,2,,0.0,40 01:14.000,,0,75 08:55.205,4,0,0,0,67301,0,0,0,N,0,0,0,3,67301,1,,1,1,,N,N,,0,,0,0,0,0,0,,2322,1,2,0,0,3,0,0,3,4,0,2,3,,N,,,,,,,,,,,
2006094063,1359.0,2,0,0,0,0,0,0,0,0,4,0,,67,7,2006,4,40.0321,-75.1059,1359.0,6,0,0,0,0,0,0,1,0,,0,0,0,13,1,1,0,,0.0,40 01:54.000,,0,75 06:20.047,4,0,0,0,67301,0,0,0,N,0,0,0,2,67301,1,,1,1,,N,N,,0,,0,0,0,0,0,,1340,1,2,0,0,0,0,0,3,4,0,2,3,,N,,,,,,,,,,,
2006094452,1306.0,1,0,0,0,0,0,0,0,0,8,0,,67,4,2006,2,,,1305.0,6,0,0,0,0,0,0,0,0,,0,0,0,13,1,1,2,,0.0,,,0,,4,0,0,0,67301,1,0,0,N,1,0,0,2,67301,1,,1,1,,N,N,,0,,0,0,0,0,0,,1306,1,2,0,0,0,0,0,3,3,0,1,3,,N,,,,,,,,,,,
2006094465,2027.0,1,0,0,1,0,0,0,0,0,4,0,,67,8,2006,7,,,2022.0,6,0,0,0,0,0,0,0,0,,0,0,0,20,4,1,1,,0.0,,,0,,4,0,0,0,67301,1,0,0,N,0,0,0,3,67301,1,,1,1,,N,N,,0,,0,0,0,0,0,,2019,1,2,0,0,0,0,0,3,3,0,1,3,,N,,,,,,,,,,,
2006035591,2210.0,1,0,0,1,0,0,0,0,0,5,0,,67,1,2006,2,39.9807,-75.1058,2205.0,6,0,0,0,0,0,0,0,0,,0,0,0,21,3,1,1,,0.0,39 58:50.000,,0,75 06:21.624,3,0,0,0,67301,1,0,0,N,0,0,0,2,67301,0,,1,9,,N,N,,0,,1,0,0,3,2,,2155,1,2,0,0,0,0,0,3,4,0,1,7,,N,,,,,,,,,,,
2006033084,39.0,1,0,0,0,0,0,0,0,0,7,0,,67,1,2006,2,40.0426,-75.1933,33.0,6,0,0,0,0,0,0,0,0,,0,0,0,0,3,0,0,,0.0,40 02:33.000,,0,75 11:35.625,9,0,0,0,67301,0,0,0,N,0,0,0,1,67301,0,,2,9,,N,N,,0,,0,0,0,0,0,,24,0,1,0,0,0,0,1,3,4,0,1,3,,N,,,,,,,,,,,
2006032850,634.0,1,0,0,0,0,0,0,0,0,4,0,,67,2,2006,7,,,631.0,6,0,0,0,0,1,0,0,0,,0,0,0,6,1,1,1,,0.0,,,0,,8,0,0,0,67301,0,0,0,,0,0,0,3,67301,0,,1,1,,N,N,,0,,0,0,1,0,0,,627,1,2,0,0,0,1,0,3,3,0,2,3,,N,,,,,,,,,,,
2006032858,1242.0,3,0,0,0,0,0,0,0,0,1,0,,67,2,2006,7,,,1236.0,6,0,0,0,0,0,0,0,0,,0,0,0,12,1,1,0,,0.0,,,0,,8,0,0,0,67301,0,0,0,N,0,0,0,1,67301,0,,6,1,,N,N,,0,,0,0,0,2,2,,1230,1,3,0,0,0,1,0,3,3,0,3,3,,N,,,,,,,,,,,
2006032862,2005.0,1,0,0,0,0,0,0,0,0,8,0,,67,1,2006,7,,,2000.0,6,0,0,0,0,0,0,0,0,,0,0,0,19,3,1,0,,0.0,,,0,,4,0,0,0,67301,1,0,0,,1,0,0,2,67301,1,,1,1,,N,N,,0,,0,0,0,0,0,,1900,1,2,0,0,0,0,1,3,3,0,1,3,,N,,,,,,,,,,,
2006032878,750.0,1,0,0,0,0,0,0,0,0,8,0,,67,2,2006,6,40.0616,-75.1832,746.0,6,0,0,0,0,0,0,0,0,,0,0,0,7,1,1,1,,0.0,40 03:41.914,,0,75 10:59.635,4,0,0,0,67301,1,0,0,N,1,0,0,2,67301,1,,1,9,,N,N,,0,,0,0,0,3,3,,745,1,2,0,0,0,0,0,3,4,0,1,7,,N,,,,,,,,,,,
2006032891,1407.0,0,0,0,0,0,0,0,0,0,7,0,,67,2,2006,7,,,1402.0,6,0,0,0,0,0,0,0,0,3.0,0,0,0,14,1,1,0,,2.0,,7.0,0,,2,0,0,0,67301,0,0,0,N,0,0,0,1,67301,0,,2,1,,N,N,,1,,0,1,0,0,0,Y,1400,1,1,0,0,0,0,0,3,3,0,1,10,,N,,,,,,,,,,,
2006022772,2140.0,1,0,0,0,0,0,0,0,0,8,0,,67,1,2006,4,39.9666,-75.1604,2137.0,6,0,0,0,0,0,0,0,0,,0,0,0,21,3,0,1,,0.0,39 58:00.000,,0,75 09:38.089,0,0,0,0,67301,1,0,0,,1,0,0,2,67301,0,,1,1,,N,N,,0,,0,0,0,0,0,,2135,0,2,0,0,0,0,0,3,4,0,1,3,,N,,,,,,,,,,,
2006053522,1219.0,2,0,0,0,0,0,0,0,0,4,0,,67,4,2006,4,40.0983,-75.0305,1208.0,6,0,1,0,0,0,0,0,0,,0,0,0,12,1,2,1,,0.0,40 05:52.000,,0,75 01:50.215,4,0,0,0,67301,0,0,0,,0,0,0,2,67301,2,,1,1,,N,N,,0,,0,0,0,3,2,,1208,2,2,0,0,0,0,0,3,4,0,2,3,,N,,,,,,,,,,,
2006020495,1710.0,2,0,0,0,0,0,0,0,0,4,0,,67,1,2006,2,40.063,-75.055,1700.0,6,0,0,0,0,0,0,0,0,,0,0,0,17,3,0,1,,0.0,40 03:46.000,,0,75 03:17.944,0,0,0,0,67301,0,0,0,N,0,0,0,2,67301,0,,1,9,,N,N,,0,,0,0,0,3,3,,1700,0,2,0,0,0,0,0,3,4,0,2,7,,N,,,,,,,,,,,
2006019862,1440.0,1,0,0,0,0,0,0,0,0,2,0,,67,1,2006,6,,,1435.0,6,0,0,0,0,0,2,0,0,,0,0,0,99,1,2,0,,0.0,,,0,,8,0,0,0,67301,0,0,0,N,0,0,0,2,67301,0,,1,1,,N,N,,0,,0,0,1,0,0,,9999,2,2,0,0,0,2,0,3,3,0,2,3,,N,,,,,,,,,,,
2006062706,746.0,0,0,0,0,0,0,0,0,0,1,0,,67,5,2006,5,,,733.0,6,0,1,0,0,0,1,0,0,1.0,0,0,0,7,1,0,0,,1.0,,2.0,0,,0,0,0,0,67301,0,0,0,,0,0,0,2,67301,0,,1,1,,N,N,,0,,0,0,1,0,0,N,730,0,2,0,0,0,0,0,3,3,1,2,3,,N,,,,,,,,,,,
2006065576,1740.0,0,0,0,1,0,0,0,0,0,5,0,,67,5,2006,4,39.9994,-75.2089,1732.0,6,0,0,0,0,0,0,0,0,,0,0,0,17,1,1,0,,0.0,39 59:57.980,,7,75 12:32.072,3,0,0,0,67301,1,0,0,,0,0,0,2,67301,0,,1,1,,,,,0,,1,0,1,3,2,,1715,1,2,0,0,0,0,0,3,4,0,1,3,,N,,,,,,,,,,,
2006055349,1210.0,1,0,0,0,0,0,0,0,0,4,0,,67,3,2006,1,40.0252,-75.1254,1205.0,6,0,0,0,0,1,0,0,0,,0,0,0,12,1,1,1,,0.0,40 01:32.000,,0,75 07:31.662,8,0,0,0,67301,0,0,0,N,0,0,0,3,67301,0,,1,1,,N,N,,0,,0,0,0,3,2,,1205,1,2,0,0,0,1,0,3,4,1,2,3,,N,,,,,,,,,,,
2006055383,1703.0,1,0,0,0,0,0,0,0,0,4,0,,67,3,2006,5,39.9383,-75.1986,1658.0,6,0,0,0,0,0,0,0,0,,0,0,0,99,1,0,1,,0.0,39 56:20.000,,0,75 11:53.904,0,0,0,0,67301,0,0,0,N,0,0,0,2,67301,0,,1,1,,N,N,,0,,0,0,1,3,2,,9999,0,2,0,0,0,0,0,3,4,0,2,3,,N,,,,,,,,,,,
2006055525,9999.0,2,0,0,0,0,0,0,0,0,4,0,,67,3,2006,7,40.0355,-75.1086,2117.0,6,0,0,0,0,0,1,1,0,,0,0,0,20,3,0,1,,0.0,40 02:06.000,,0,75 06:30.547,0,0,0,0,67301,0,0,0,N,0,0,0,2,67301,0,,1,1,,N,N,,0,,0,0,0,3,2,,2057,0,2,0,0,0,0,0,3,4,0,2,3,,N,,,,,,,,,,,
2006055794,1605.0,3,0,0,0,0,0,0,0,0,1,0,,67,3,2006,1,,,1554.0,6,0,0,0,0,1,0,1,0,1.0,0,0,0,15,1,0,0,,1.0,,4.0,0,,0,0,0,0,67301,0,0,0,N,0,0,0,8,67301,0,,1,1,,N,N,,0,,0,0,0,0,0,N,1553,0,3,0,0,0,0,0,3,3,0,3,3,,N,,,,,,,,,,,
2006055795,1443.0,1,0,0,0,0,0,0,0,0,5,0,,67,4,2006,7,39.963,-75.1837,1439.0,6,0,0,0,0,0,0,0,0,1.0,0,0,0,14,1,2,0,,2.0,39 57:45.000,3.0,0,75 11:00.750,3,0,0,1,67301,0,0,0,N,0,0,0,2,67301,0,,1,1,,N,N,,0,,2,0,0,0,0,N,1430,2,2,0,0,0,0,0,3,4,0,2,3,,N,,,,,,,,,,,
2006104901,1050.0,2,0,0,0,0,0,0,0,0,4,0,,67,8,2006,3,39.9308,-75.1706,1040.0,6,0,0,0,0,0,0,0,0,,0,0,0,10,1,2,1,,0.0,39 55:50.772,,0,75 10:14.026,8,0,0,0,67301,0,0,0,N,0,0,0,3,67301,0,,1,1,,N,N,,0,,0,0,0,0,0,,1026,2,2,0,0,2,2,0,3,4,0,2,3,,N,,,,,,,,,,,
2006104914,2010.0,1,0,0,0,0,0,0,0,0,8,0,,67,9,2006,1,39.9792,-75.1618,2005.0,6,0,0,0,0,0,1,0,0,,0,0,0,20,3,1,1,,0.0,39 58:45.093,,0,75 09:42.531,8,0,0,0,67301,1,0,0,,1,0,0,2,67301,0,,1,1,,,,,0,,0,0,0,0,0,,2000,1,2,0,0,0,1,0,3,4,0,1,3,,N,,,,,,,,,,,
2006126869,9999.0,1,0,0,1,0,0,0,0,0,4,0,,67,11,2006,3,39.9714,-75.1594,,6,0,0,0,0,0,0,0,0,,0,0,0,99,1,1,1,,0.0,39 58:17.000,,0,75 09:33.789,8,0,0,0,67301,1,0,0,N,0,0,0,2,67301,0,,2,1,,N,N,,0,,0,0,0,3,2,,9999,1,2,0,0,0,1,0,3,4,0,1,3,,N,,,,,,,,,,,
2006102469,2208.0,4,0,0,0,0,0,0,0,0,2,0,,67,8,2006,6,40.0808,-75.0286,2204.0,6,0,0,0,0,1,0,0,0,,0,0,0,22,3,1,1,,0.0,40 04:50.000,,0,75 01:42.294,4,0,0,0,67301,0,0,0,N,0,0,0,7,67301,1,,1,1,,N,N,,0,,0,0,0,0,0,,2204,1,4,0,0,0,0,0,3,4,0,4,3,,N,,,,,,,,,,,
2006104938,33.0,1,0,0,0,0,0,0,0,0,5,0,,67,8,2006,2,,,28.0,6,0,0,0,0,0,0,0,0,,0,0,0,0,3,0,0,,0.0,,,0,,0,0,0,0,67301,0,0,0,N,0,0,0,1,67301,0,,1,9,,N,N,,0,,0,0,1,3,2,,25,0,2,0,0,0,0,0,3,3,0,2,7,,N,,,,,,,,,,,
2006104964,1920.0,1,0,0,0,0,0,0,0,0,7,0,,67,8,2006,2,,,1911.0,6,0,0,0,0,0,0,0,0,,0,0,0,19,1,1,0,,0.0,,,0,,8,0,0,0,67301,0,0,0,N,0,0,0,1,67301,0,,5,1,,N,N,,0,,0,0,0,0,0,,1910,1,1,0,0,0,1,0,3,3,0,1,3,,N,,,,,,,,,,,