CRN,ARRIVAL_TM,AUTOMOBILE_COUNT,BELTED_DEATH_COUNT,BELTED_SUSP_SERIOUS_INJ_COUNT,BICYCLE_COUNT,BICYCLE_DEATH_COUNT,BICYCLE_SUSP_SERIOUS_INJ_COUNT,BUS_COUNT,CHLDPAS_DEATH_COUNT,CHLDPAS_SUSP_SERIOUS_INJ_COUNT,COLLISION_TYPE,COMM_VEH_COUNT,CONS_ZONE_SPD_LIM,COUNTY,CRASH_MONTH,CRASH_YEAR,DAY_OF_WEEK,DEC_LAT,DEC_LONG,DISPATCH_TM,DISTRICT,DRIVER_COUNT_16YR,DRIVER_COUNT_17YR,DRIVER_COUNT_18YR,DRIVER_COUNT_19YR,DRIVER_COUNT_20YR,DRIVER_COUNT_50_64YR,DRIVER_COUNT_65_74YR,DRIVER_COUNT_75PLUS,EST_HRS_CLOSED,FATAL_COUNT,HEAVY_TRUCK_COUNT,HORSE_BUGGY_COUNT,HOUR_OF_DAY,ILLUMINATION,INJURY_COUNT,INTERSECT_TYPE,INTERSECTION_RELATED,LANE_CLOSED,LATITUDE,LN_CLOSE_DIR,LOCATION_TYPE,LONGITUDE,MAX_SEVERITY_LEVEL,MCYCLE_DEATH_COUNT,MCYCLE_SUSP_SERIOUS_INJ_COUNT,MOTORCYCLE_COUNT,MUNICIPALITY,NONMOTR_COUNT,NONMOTR_DEATH_COUNT,NONMOTR_SUSP_SERIOUS_INJ_COUNT,NTFY_HIWY_MAINT,PED_COUNT,PED_DEATH_COUNT,PED_SUSP_SERIOUS_INJ_COUNT,PERSON_COUNT,POLICE_AGCY,POSSIBLE_INJ_COUNT,RDWY_SURF_TYPE_CD,RELATION_TO_ROAD,ROAD_CONDITION,ROADWAY_CLEARED,SCH_BUS_IND,SCH_ZONE_IND,SECONDARY_CRASH,SMALL_TRUCK_COUNT,SPEC_JURIS_CD,SUSP_MINOR_INJ_COUNT,SUSP_SERIOUS_INJ_COUNT,SUV_COUNT,TCD_FUNC_CD,TCD_TYPE,TFC_DETOUR_IND,TIME_OF_DAY,TOT_INJ_COUNT,TOTAL_UNITS,UNB_DEATH_COUNT,UNB_SUSP_SERIOUS_INJ_COUNT,UNBELTED_OCC_COUNT,UNK_INJ_DEG_COUNT,UNK_INJ_PER_COUNT,URBAN_AREA,URBAN_RURAL,VAN_COUNT,VEHICLE_COUNT,WEATHER1,WEATHER2,WORK_ZONE_IND,WORK_ZONE_LOC,WORK_ZONE_TYPE,WORKERS_PRES,WZ_CLOSE_DETOUR,WZ_FLAGGER,WZ_LAW_OFFCR_IND,WZ_LN_CLOSURE,WZ_MOVING,WZ_OTHER,WZ_SHLDER_MDN,WZ_WORKERS_INJ_KILLED
2006126889,1624.0,1,0,0,0,0,0,0,0,0,4,0,,67,11,2006,4,39.9195,-75.243,1619.0,6,0,0,0,0,0,1,0,0,3.0,0,0,0,16,1,2,1,,2.0,39 55:10.311,3.0,0,75 14:34.799,4,0,0,0,67301,0,0,0,N,0,0,0,3,67301,2,,1,9,,N,N,,1,,0,0,0,3,2,Y,1614,2,2,0,0,0,0,0,3,4,0,2,7,,N,,,,,,,,,,,
2006102482,1947.0,2,0,0,0,0,0,0,0,0,2,0,,67,9,2006,3,40.0748,-75.1655,1944.0,6,0,0,0,0,0,0,0,0,,0,0,0,19,3,1,1,,0.0,40 04:29.370,,0,75 09:55.853,4,0,0,0,67301,0,0,0,N,0,0,0,3,67301,1,,1,1,,N,N,,0,,0,0,0,9,3,,1930,1,2,0,0,0,0,0,3,4,0,2,3,,N,,,,,,,,,,,
2006115157,127.0,2,0,0,0,0,0,0,0,0,5,0,,67,10,2006,3,39.9067,-75.1834,126.0,6,0,0,0,0,0,0,0,0,,0,0,0,1,3,2,2,,0.0,39 54:24.142,,0,75 11:00.103,4,0,0,0,67301,0,0,0,N,0,0,0,3,67301,2,,1,1,,N,N,,0,,0,0,0,3,2,,124,2,2,0,0,0,0,0,3,4,0,2,3,,N,,,,,,,,,,,
2006112744,2155.0,0,0,0,0,0,0,0,0,0,7,0,,67,10,2006,3,40.097,-75.0209,2150.0,6,0,0,0,0,0,0,0,0,3.0,0,0,0,21,3,1,0,,1.0,40 05:49.272,2.0,7,75 01:15.092,4,0,0,0,67301,0,0,0,N,0,0,0,1,67301,1,,5,9,,N,N,,0,,0,0,0,0,0,N,2149,1,1,0,0,0,0,0,3,4,1,1,7,,N,,,,,,,,,,,
2006124911,2145.0,2,0,0,0,0,0,0,0,0,2,0,,67,11,2006,4,,,2141.0,6,0,0,0,1,0,0,0,0,,0,0,0,21,3,0,1,,0.0,,,0,,0,0,0,0,67301,0,0,0,N,0,0,0,2,67301,0,,1,1,,N,N,,0,,0,0,0,2,2,,2141,0,2,0,0,0,0,0,3,3,0,2,3,,N,,,,,,,,,,,
2006124703,1810.0,1,0,0,0,0,0,0,0,0,4,0,,67,6,2006,7,39.9996,-75.1905,1805.0,6,0,0,0,0,0,0,0,0,,0,0,0,18,3,0,0,,0.0,40 00:13.000,,0,75 11:26.256,9,0,0,0,67301,0,0,0,N,0,0,0,3,67301,0,,1,1,,N,N,,0,,0,0,0,0,0,,1805,0,2,0,0,0,0,1,3,4,1,2,3,,N,,,,,,,,,,,
2006124768,1700.0,1,0,0,0,0,0,0,0,0,8,0,,67,11,2006,4,,,1652.0,6,0,0,0,0,0,0,0,0,,0,0,0,16,1,1,0,,0.0,,,0,,8,0,0,0,67301,1,0,0,N,1,0,0,2,67301,0,,1,1,,N,N,,0,,0,0,0,0,0,,1652,1,2,0,0,1,1,0,3,3,0,1,3,,N,,,,,,,,,,,
2006062210,1659.0,2,0,0,0,0,0,0,0,0,4,0,,67,5,2006,7,40.0425,-75.1023,1655.0,6,1,0,0,0,0,1,0,0,,0,0,0,16,1,1,1,,0.0,40 02:33.115,,0,75 06:08.409,8,0,0,0,67301,0,0,0,N,0,0,0,2,67301,0,,1,1,,N,N,,0,,0,0,0,3,3,,1655,1,2,0,0,0,1,0,3,4,0,2,3,,N,,,,,,,,,,,
2006062261,403.0,2,0,0,0,0,0,0,0,0,1,0,,67,5,2006,1,40.0183,-75.1688,400.0,6,0,0,0,0,0,0,0,0,,0,0,0,3,3,1,3,,0.0,40 01:05.000,,0,75 10:08.073,8,0,0,0,67301,0,0,0,N,0,0,0,5,67301,0,,1,1,,N,N,,0,,0,0,0,0,0,,340,1,2,0,0,0,1,1,3,4,0,2,3,,N,,,,,,,,,,,
2006054667,2015.0,2,0,0,0,0,0,0,0,0,1,0,,67,2,2006,5,39.9162,-75.1662,2013.0,6,0,1,0,0,0,0,0,0,,0,0,0,20,3,5,1,,0.0,39 54:58.000,,0,75 09:58.276,2,0,0,0,67301,0,0,0,N,0,0,0,6,67301,3,,1,1,,N,N,,0,,1,1,0,9,2,,2010,5,2,0,1,1,0,0,3,4,0,2,3,,N,,,,,,,,,,,
2006062423,606.0,1,0,0,0,0,0,0,0,0,4,0,,67,5,2006,5,40.0071,-75.094,601.0,6,0,0,0,0,0,2,0,0,,0,0,0,5,1,2,1,,0.0,40 00:25.549,,0,75 05:38.543,4,0,0,0,67301,0,0,0,N,0,0,0,2,67301,1,,1,1,,N,N,,1,,0,0,0,3,2,,550,2,2,0,0,0,1,0,3,4,0,2,3,,N,,,,,,,,,,,
2006062195,1642.0,2,0,0,0,0,0,0,0,0,4,0,,67,5,2006,1,40.0631,-75.0517,1638.0,6,0,0,0,0,0,2,0,0,,0,0,0,14,1,3,5,,0.0,40 03:47.160,,0,75 03:06.120,8,0,0,0,67301,0,0,0,,0,0,0,3,67301,0,,1,1,,N,N,,0,,0,0,0,9,2,,1425,3,2,0,0,0,3,0,3,4,0,2,3,,N,,,,,,,,,,,
2006054877,748.0,1,0,0,0,0,0,1,0,0,4,1,,67,6,2006,7,39.9905,-75.2492,9999.0,6,0,0,0,0,0,1,0,0,,0,0,0,7,1,1,1,,0.0,39 59:26.000,,0,75 14:57.135,8,0,0,0,67301,0,0,0,N,0,0,0,2,46104,0,,1,9,,N,N,,0,,0,0,0,3,2,,743,1,2,0,0,0,1,0,3,4,0,2,7,,N,,,,,,,,,,,
2006054951,1947.0,2,0,0,0,0,0,0,0,0,0,0,,67,4,2006,2,40.0304,-75.0734,1947.0,6,0,0,0,0,0,0,0,0,,0,0,0,19,3,0,2,,0.0,40 01:49.000,,0,75 04:24.367,9,0,0,0,67301,0,0,0,N,0,0,0,3,67301,0,,1,1,,N,N,,0,,0,0,0,3,2,,1945,0,2,0,0,1,0,1,3,4,0,2,3,,N,,,,,,,,,,,
2006055188,1425.0,1,0,0,0,0,0,0,0,0,1,0,,67,3,2006,4,40.0813,-75.0278,1415.0,6,0,0,0,0,0,1,0,0,1.0,0,0,0,14,1,1,0,,1.0,40 04:52.000,1.0,0,75 01:39.608,8,0,0,0,67301,0,0,0,N,0,0,0,2,67301,0,,1,1,,N,N,,0,,0,0,1,0,0,N,1412,1,2,0,0,1,1,0,3,4,0,2,3,,N,,,,,,,,,,,
2006055328,238.0,2,0,0,0,0,0,0,0,0,4,0,,67,3,2006,1,40.0308,-75.1665,235.0,6,0,0,0,1,0,1,0,0,,0,0,0,2,3,2,2,,0.0,40 01:50.000,,0,75 09:59.327,8,0,0,0,67301,0,0,0,N,0,0,0,3,67301,0,,1,1,,N,N,,0,,0,0,0,0,0,,218,2,2,0,0,0,2,0,3,4,0,2,3,,N,,,,,,,,,,,
2006062618,9999.0,2,0,0,0,0,0,0,0,0,4,0,,67,5,2006,5,39.9441,-75.1969,9999.0,6,0,0,0,0,0,1,0,0,,0,0,0,19,1,0,2,,0.0,39 56:38.000,,0,75 11:48.834,9,0,0,0,67301,0,0,0,N,0,0,0,2,67301,0,,1,9,,N,N,,0,,0,0,0,3,2,,1928,0,2,0,0,0,0,1,3,4,0,2,7,,N,,,,,,,,,,,
2006094226,1735.0,2,0,0,0,0,0,0,0,0,4,0,,67,7,2006,5,,,1723.0,6,0,0,0,0,1,0,0,0,,0,0,0,17,1,1,1,,0.0,,,0,,4,0,0,0,67301,0,0,0,N,0,0,0,2,67301,1,,1,1,,N,N,,0,,0,0,0,3,2,,1718,1,2,0,0,0,0,0,3,3,0,2,3,,N,,,,,,,,,,,
2006094415,336.0,2,0,0,0,0,0,0,0,0,5,0,,67,7,2006,7,40.1184,-75.0183,330.0,6,0,0,0,0,0,0,0,0,,0,0,0,3,3,0,0,,0.0,40 07:06.000,,0,75 01:05.766,0,0,0,0,67301,0,0,0,N,0,0,0,2,67301,0,,1,1,,N,N,,0,,0,0,0,0,0,,326,0,2,0,0,0,0,0,3,4,0,2,3,,N,,,,,,,,,,,
2006056342,2206.0,2,0,0,0,0,0,0,0,0,1,0,,67,3,2006,7,40.0631,-75.162,2202.0,6,0,0,0,0,0,0,0,0,9.0,0,0,0,21,3,0,1,,1.0,40 03:47.000,3.0,0,75 09:43.130,0,0,0,0,67301,0,0,0,N,0,0,0,2,67301,0,,1,1,,N,N,,0,,0,0,0,3,2,N,2130,0,2,0,0,0,0,0,3,4,0,2,3,,N,,,,,,,,,,,
2006056354,2015.0,1,0,0,0,0,0,0,0,0,1,0,,67,4,2006,6,40.0177,-75.1724,2005.0,6,0,0,0,0,0,1,0,0,1.0,0,0,0,20,3,3,0,,2.0,40 01:03.000,2.0,0,75 10:21.022,4,0,0,0,67301,0,0,0,N,0,0,0,3,67301,3,,1,1,,N,N,,0,,0,0,1,0,0,N,2005,3,2,0,0,0,0,0,3,4,0,2,3,,N,,,,,,,,,,,
2006087468,332.0,1,0,0,0,0,0,0,0,0,5,0,,67,6,2006,1,40.0137,-75.1795,328.0,6,0,0,0,0,0,0,0,0,1.0,0,0,0,3,3,3,6,,1.0,40 00:49.000,2.0,2,75 10:46.839,8,0,0,0,67301,0,0,0,N,0,0,0,3,67301,0,,1,1,,N,N,,0,,0,0,0,0,0,N,325,3,2,0,0,0,3,0,3,4,1,2,3,,N,,,,,,,,,,,
2006092761,1615.0,1,0,0,0,0,0,0,0,0,8,0,,67,8,2006,6,,,1612.0,6,0,0,0,0,0,0,0,0,,0,0,0,16,1,1,1,,0.0,,,0,,4,0,0,0,67301,1,0,0,N,1,0,0,2,67301,1,,1,1,,N,N,,0,,0,0,0,9,3,,1610,1,2,0,0,1,0,0,3,3,0,1,3,,N,,,,,,,,,,,
2006056398,1105.0,1,0,0,0,0,0,0,0,0,4,0,,67,3,2006,5,,,1103.0,6,0,0,0,0,0,0,0,0,1.0,0,0,0,11,1,1,2,,1.0,,2.0,0,,4,0,0,0,67301,0,0,0,N,0,0,0,3,67301,1,,1,1,,N,N,,1,,0,0,0,0,0,N,1100,1,2,0,0,0,0,0,3,3,0,2,3,,N,,,,,,,,,,,
2006056399,1805.0,1,0,0,0,0,0,0,0,0,7,0,,67,3,2006,7,,,1800.0,6,0,0,0,0,0,0,0,0,,0,0,0,99,3,1,0,,0.0,,,0,,4,0,0,0,67301,0,0,0,N,0,0,0,1,67301,1,,5,1,,N,N,,0,,0,0,0,0,0,,9999,1,1,0,0,0,0,0,3,3,0,1,3,,N,,,,,,,,,,,
2006092895,45.0,1,0,0,0,0,0,0,0,0,7,0,,67,8,2006,4,,,44.0,6,0,0,0,0,0,1,0,0,9.0,0,0,0,0,3,1,0,,1.0,,2.0,0,,2,0,0,0,67301,0,0,0,,0,0,0,1,67301,0,,5,1,,,,,0,,0,1,0,0,0,N,43,1,1,0,0,0,0,0,3,3,0,1,3,,N,,,,,,,,,,,
2006036276,1105.0,3,0,0,0,0,0,0,0,0,1,0,,67,1,2006,2,40.0209,-75.1401,1059.0,6,0,0,0,0,0,0,0,0,,0,0,0,10,1,1,1,,0.0,40 01:18.000,,0,75 08:24.559,8,0,0,0,67301,0,0,0,,0,0,0,8,67301,0,,1,1,,N,N,,0,,0,0,0,0,0,,1045,1,3,0,0,0,1,0,3,4,0,3,3,,N,,,,,,,,,,,
2006033476,831.0,1,0,0,0,0,0,0,0,0,8,0,,67,2,2006,3,40.0359,-75.1263,830.0,6,0,0,0,0,0,0,0,0,1.0,0,0,0,8,3,1,0,,2.0,40 02:09.000,6.0,0,75 07:34.685,8,0,0,0,67301,1,0,0,N,1,0,0,3,67301,0,,1,1,,N,N,,0,,0,0,0,0,0,Y,827,1,2,0,0,0,1,2,3,4,0,1,3,,N,,,,,,,,,,,
2006033337,1031.0,2,0,0,0,0,0,0,0,0,4,0,,67,2,2006,7,40.0569,-75.1881,1029.0,6,0,0,0,0,0,1,0,0,1.0,0,0,0,10,1,0,2,,2.0,40 03:24.000,5.0,0,75 11:17.494,0,0,0,0,67301,0,0,0,N,0,0,0,5,67301,0,,7,1,,N,N,,1,,0,0,0,3,2,N,1029,0,3,0,0,0,0,0,3,4,0,3,3,,N,,,,,,,,,,,
2006033037,1345.0,2,0,0,0,0,0,0,0,0,4,0,,67,2,2006,3,39.9921,-75.0993,1340.0,6,0,0,0,0,0,0,0,1,,0,0,0,13,1,1,1,,0.0,39 59:31.000,,0,75 05:57.386,4,0,0,0,67301,0,0,0,N,0,0,0,3,67301,1,,1,1,,N,N,,0,,0,0,0,3,2,,1335,1,3,0,0,0,0,0,3,4,1,3,3,,N,,,,,,,,,,,
2006019877,635.0,1,0,0,0,0,0,0,0,0,8,0,,67,1,2006,4,40.0378,-75.1428,630.0,6,0,0,0,0,0,1,0,0,,0,0,0,6,1,1,0,,0.0,40 02:16.198,,7,75 08:34.234,4,0,0,0,67301,1,0,0,N,1,0,0,2,67301,1,,1,9,,N,N,,0,,0,0,0,3,3,,625,1,2,0,0,0,0,0,3,4,0,1,7,,N,,,,,,,,,,,
2006019898,1030.0,1,0,0,0,0,0,0,0,0,7,0,,67,1,2006,5,40.0572,-75.0857,1024.0,6,0,0,0,0,0,0,1,0,1.0,0,0,0,10,1,0,0,,1.0,40 03:25.000,1.0,0,75 05:08.406,0,0,0,0,67301,0,0,0,N,0,0,0,1,67301,0,,5,1,,N,N,,0,,0,0,0,0,0,Y,1020,0,1,0,0,0,0,0,3,4,0,1,3,,N,,,,,,,,,,,
2006020417,1634.0,2,0,0,0,0,0,0,0,0,4,0,,67,1,2006,1,39.9835,-75.1019,1630.0,6,0,0,0,0,0,2,0,0,,0,0,0,16,1,1,2,,0.0,39 59:00.000,,0,75 06:07.101,4,0,0,0,67301,0,0,0,N,0,0,0,3,67301,1,,1,1,,N,N,,0,,0,0,0,3,3,,1625,1,2,0,0,0,0,0,3,4,0,2,3,,N,,,,,,,,,,,
2006053693,2015.0,1,0,0,0,0,0,0,0,0,5,0,,67,4,2006,7,,,2012.0,6,0,0,0,0,0,0,0,0,,0,0,0,20,3,2,0,,0.0,,,0,,4,0,0,1,67301,0,0,0,N,0,0,0,4,67301,2,,1,1,,N,N,,0,,0,0,0,0,0,,2000,2,2,0,0,0,0,0,3,3,0,2,3,,N,,,,,,,,,,,
2006080024,2341.0,1,0,0,0,0,0,0,0,0,1,0,,67,6,2006,6,40.0286,-75.0899,2340.0,6,0,1,0,0,0,0,0,0,,0,0,0,22,3,0,0,,0.0,40 01:42.000,,0,75 05:24.256,0,0,0,0,67301,0,0,0,N,0,0,0,6,67301,0,,1,9,,N,N,,0,,0,0,1,0,0,,2200,0,2,0,0,0,0,0,3,4,0,2,7,,N,,,,,,,,,,,
2006070006,1441.0,0,0,0,0,0,0,0,0,0,1,1,,67,6,2006,5,,,1440.0,6,0,0,1,0,0,0,0,0,,0,2,0,14,1,2,0,,0.0,,,3,,4,0,0,0,67301,0,0,0,N,0,0,0,3,67501,2,,1,1,,N,N,,0,,0,0,0,3,8,,1440,2,2,0,0,1,0,0,3,3,0,2,3,,N,,,,,,,,,,,
2006065370,930.0,2,0,0,0,0,0,0,0,0,6,0,,67,6,2006,6,,,925.0,6,0,0,0,0,0,0,0,0,,0,0,0,9,1,1,0,,0.0,,,0,,4,0,0,0,67301,1,0,0,N,0,0,0,2,67301,1,,1,1,,N,N,,0,,0,0,0,0,0,,915,1,2,0,0,0,0,0,3,3,0,2,3,,N,,,,,,,,,,,
2006065532,1303.0,1,0,0,1,0,0,0,0,0,4,0,,67,5,2006,4,39.9618,-75.1582,1300.0,6,0,0,0,0,0,0,0,0,,0,0,0,12,1,1,0,,0.0,39 57:42.509,,0,75 09:29.580,3,0,0,0,67301,2,0,0,N,0,0,0,2,67301,0,,1,1,,N,N,,0,,1,0,0,3,1,,1255,1,2,0,0,0,0,0,3,4,0,1,3,,N,,,,,,,,,,,
2006065547,1608.0,2,0,0,0,0,0,0,0,0,4,0,,67,5,2006,5,,,1555.0,6,0,0,0,0,0,0,0,0,1.0,0,0,0,15,1,2,0,,1.0,,2.0,0,,4,0,0,0,67301,0,0,0,Y,0,0,0,2,67301,2,,1,1,,N,N,,0,,0,0,0,0,0,N,1550,2,2,0,0,0,0,0,3,3,0,2,3,,N,,,,,,,,,,,
2006065554,1350.0,2,0,0,0,0,0,0,0,0,1,0,,67,5,2006,6,,,1340.0,6,0,0,0,0,0,1,1,0,,0,0,0,13,1,1,0,,0.0,,,0,,8,0,0,0,67301,0,0,0,N,0,0,0,2,67301,0,,1,1,,N,N,,0,,0,0,0,0,0,,1340,1,2,0,0,0,1,0,3,3,0,2,3,,N,,,,,,,,,,,
2006055356,1430.0,1,0,0,0,0,0,0,0,0,1,0,,67,3,2006,4,40.0041,-75.1723,1426.0,6,0,0,0,0,0,0,1,0,,0,0,0,14,1,1,1,,0.0,40 00:14.000,,0,75 10:20.575,4,0,0,1,67301,0,0,0,N,0,0,0,2,67301,1,,1,1,,N,N,,0,,0,0,0,3,2,,1415,1,2,0,0,0,0,0,3,4,0,2,3,,N,,,,,,,,,,,
2006055374,1803.0,2,0,0,0,0,0,0,0,0,4,0,,67,3,2006,5,40.0576,-75.1525,1803.0,6,0,0,0,0,0,0,0,0,,0,0,0,17,1,0,1,,0.0,40 03:27.475,,0,75 09:09.151,0,0,0,0,67301,0,0,0,N,0,0,0,4,67301,0,,1,1,,N,N,,0,,0,0,0,3,3,,1718,0,2,0,0,0,0,0,3,4,0,2,3,,N,,,,,,,,,,,
2006055400,950.0,0,0,0,0,0,0,0,0,0,4,0,,67,3,2006,7,39.9169,-75.216,945.0,6,0,0,0,0,0,1,0,0,,0,0,0,9,1,0,0,,0.0,39 55:03.720,,0,75 12:39.960,0,0,0,0,67301,0,0,0,N,0,0,0,2,67301,0,,1,1,,N,N,,0,,0,0,0,0,0,,935,0,2,0,0,0,0,0,3,4,2,2,3,,N,,,,,,,,,,,
2006055409,1405.0,2,0,0,0,0,0,0,0,0,4,0,,67,3,2006,7,40.0526,-75.1806,1357.0,6,0,0,0,0,1,0,0,0,,0,0,0,13,1,0,2,,0.0,40 03:09.223,,0,75 10:50.329,0,0,0,0,67301,0,0,0,N,0,0,0,3,67301,0,,1,1,,N,N,,0,,0,0,0,3,3,,1355,0,2,0,0,0,0,0,3,4,0,2,3,,N,,,,,,,,,,,
2006055535,42.0,1,0,0,0,0,0,0,0,0,7,0,,67,3,2006,3,40.0298,-75.0879,40.0,6,0,0,0,0,0,0,0,0,1.0,0,0,0,0,3,1,0,,1.0,40 01:46.000,1.0,0,75 05:17.290,4,0,0,0,67301,0,0,0,N,0,0,0,2,67301,1,,5,1,,N,N,,0,,0,0,0,0,0,N,30,1,1,0,0,0,0,0,3,4,0,1,3,,N,,,,,,,,,,,
2006055670,1204.0,0,0,0,1,0,0,0,0,0,1,0,,67,2,2006,7,39.9274,-75.145,1201.0,6,0,0,0,0,0,0,0,0,,0,0,0,11,1,1,0,,0.0,39 55:38.603,,0,75 08:42.018,4,0,0,0,67301,1,0,0,N,0,0,0,2,67301,1,,1,1,,N,N,,1,,0,0,0,0,0,,1158,1,2,0,0,0,0,0,3,4,0,1,3,,N,,,,,,,,,,,
2006055762,257.0,1,0,0,0,0,0,0,0,0,7,0,,67,4,2006,1,40.0137,-75.1795,248.0,6,0,0,0,0,0,0,0,0,2.0,0,0,0,2,3,1,6,,2.0,40 00:49.000,2.0,2,75 10:46.839,4,0,0,0,67301,0,0,0,N,0,0,0,1,67301,1,,2,1,,N,N,,0,,0,0,0,9,4,N,245,1,1,0,0,0,0,0,3,4,0,1,3,,N,,,,,,,,,,,
2006055816,1910.0,1,0,0,1,0,0,0,0,0,6,0,,67,4,2006,5,39.9912,-75.1115,1905.0,6,0,0,0,0,0,0,0,0,,0,0,0,19,1,1,1,,0.0,39 59:28.431,,0,75 06:41.317,4,0,0,0,67301,1,0,0,,0,0,0,2,67301,1,,1,1,,N,N,,0,,0,0,0,9,3,,1900,1,2,0,0,0,0,0,3,4,0,1,3,,N,,,,,,,,,,,
2006060827,2348.0,0,0,0,0,0,0,0,0,0,7,0,,67,4,2006,7,,,2345.0,6,0,0,0,0,0,0,0,0,1.0,0,0,0,23,3,0,0,,2.0,,7.0,0,,9,0,0,1,67301,0,0,0,N,0,0,0,1,67301,0,,5,1,,N,N,,0,,0,0,0,0,0,N,2340,0,1,0,0,0,0,1,3,3,0,1,3,,N,,,,,,,,,,,
2006104820,1103.0,2,0,0,0,0,0,0,0,0,4,0,,67,9,2006,4,40.0454,-75.0677,1103.0,6,0,0,1,0,0,1,0,0,,0,0,0,11,1,0,1,,0.0,40 02:43.512,,0,75 04:03.734,0,0,0,0,67301,0,0,0,N,0,0,0,2,67301,0,,1,1,,N,N,,0,,0,0,0,3,3,,1100,0,2,0,0,0,0,0,3,4,0,2,3,,N,,,,,,,,,,,
2006104912,1329.0,1,0,0,1,0,0,0,0,0,5,0,,67,9,2006,2,39.9724,-75.1292,1325.0,6,0,0,0,0,0,0,0,0,,0,0,0,13,1,1,1,,0.0,39 58:20.481,,0,75 07:45.227,4,0,0,0,67301,1,0,0,N,0,0,0,2,67301,1,,1,1,,N,N,,0,,0,0,0,3,3,,1323,1,2,0,0,0,0,0,3,4,0,1,3,,N,,,,,,,,,,,
2006104939,2333.0,2,0,0,0,0,0,0,0,0,7,0,,67,8,2006,3,39.9697,-75.1417,2330.0,6,0,0,0,0,0,0,0,0,,0,0,0,23,3,0,0,,0.0,39 58:10.000,,0,75 08:29.881,0,0,0,0,67301,0,0,0,N,0,0,0,1,67301,0,,3,9,,N,N,,0,,0,0,0,0,0,,2325,0,2,0,0,0,0,0,3,4,0,2,7,,N,,,,,,,,,,,
2006102476,710.0,2,0,0,0,0,0,0,0,0,5,0,,67,8,2006,1,39.9715,-75.1934,703.0,6,0,0,0,0,0,0,0,0,1.0,0,0,0,7,5,2,0,,2.0,39 58:20.280,3.0,0,75 11:36.960,8,0,0,0,67301,0,0,0,N,0,0,0,2,67301,0,,1,8,,N,N,,0,,0,0,0,0,0,N,703,2,2,0,0,0,2,0,3,4,0,2,7,,N,,,,,,,,,,,
2006124492,2047.0,3,0,0,0,0,0,0,0,0,5,0,,67,11,2006,2,40.0436,-75.0195,2047.0,6,0,0,0,0,0,1,0,0,1.0,0,0,0,20,3,1,2,,1.0,40 02:37.000,1.0,0,75 01:10.201,4,0,0,0,67301,0,0,0,N,0,0,0,5,67301,1,,1,1,,N,N,,0,,0,0,0,3,2,N,2045,1,3,0,0,0,0,1,3,4,0,3,3,,N,,,,,,,,,,,
2006102203,1145.0,1,0,0,0,0,0,0,0,0,1,0,,67,9,2006,7,,,1138.0,6,0,0,0,0,0,0,0,0,,0,0,0,11,1,2,1,,0.0,,,0,,4,0,0,0,67301,0,0,0,N,0,0,0,5,67301,2,,1,9,,N,N,,0,,0,0,0,0,0,,1130,2,2,0,0,5,0,0,3,3,1,2,7,,N,,,,,,,,,,,
2006112743,2054.0,1,0,0,0,0,0,0,0,0,7,0,,67,10,2006,2,40.0657,-75.0411,2050.0,6,0,0,0,0,0,0,0,0,3.0,0,0,0,20,3,0,0,,1.0,40 03:55.800,2.0,1,75 02:27.600,0,0,0,0,67301,0,0,0,N,0,0,0,1,67301,0,,4,1,,N,N,,0,,0,0,0,0,0,N,2047,0,1,0,0,0,0,0,3,4,0,1,3,,N,,,,,,,,,,,
2006124780,1829.0,1,0,0,0,0,0,0,0,0,4,0,,67,10,2006,3,,,1825.0,6,0,0,0,0,0,0,0,0,,0,0,0,18,3,1,0,,0.0,,,0,,4,0,0,0,67301,1,0,0,N,0,0,0,3,67301,1,,1,1,,N,N,,0,,0,0,0,0,0,,1820,1,2,0,0,2,0,0,3,3,0,1,3,,N,,,,,,,,,,,
2006113848,515.0,1,0,0,0,0,0,0,0,0,4,0,,67,10,2006,2,39.9518,-75.1718,515.0,6,0,0,0,0,0,0,0,0,,0,0,0,5,3,1,1,,0.0,39 57:06.000,,0,75 10:18.415,8,0,0,0,67301,0,0,0,,0,0,0,2,67301,0,,1,1,,N,N,,0,,0,0,0,3,2,,515,1,2,0,0,0,1,0,3,4,1,2,3,,N,,,,,,,,,,,
2006062108,1915.0,1,0,0,0,0,0,0,0,0,1,0,,67,4,2006,5,40.0098,-75.1669,1910.0,6,0,0,0,0,0,0,0,0,,0,0,0,17,1,1,1,,0.0,40 00:35.280,,0,75 10:02.280,4,0,0,0,67301,0,0,0,N,0,0,0,2,67301,1,,1,1,,N,N,,0,,0,0,0,3,2,,1700,1,2,0,0,0,0,0,3,4,1,2,3,,N,,,,,,,,,,,
2006062280,2011.0,1,0,0,0,0,0,0,0,0,1,0,,67,5,2006,3,,,2005.0,6,0,0,1,0,0,0,0,0,,0,0,0,19,1,1,0,,0.0,,,0,,4,0,0,0,67301,0,0,0,N,0,0,0,3,67301,1,,1,1,,N,N,,0,,0,0,1,0,0,,1931,1,2,0,0,0,0,0,3,3,0,2,3,,N,,,,,,,,,,,