CRN,ARRIVAL_TM,AUTOMOBILE_COUNT,BELTED_DEATH_COUNT,BELTED_SUSP_SERIOUS_INJ_COUNT,BICYCLE_COUNT,BICYCLE_DEATH_COUNT,BICYCLE_SUSP_SERIOUS_INJ_COUNT,BUS_COUNT,CHLDPAS_DEATH_COUNT,CHLDPAS_SUSP_SERIOUS_INJ_COUNT,COLLISION_TYPE,COMM_VEH_COUNT,CONS_ZONE_SPD_LIM,COUNTY,CRASH_MONTH,CRASH_YEAR,DAY_OF_WEEK,DEC_LAT,DEC_LONG,DISPATCH_TM,DISTRICT,DRIVER_COUNT_16YR,DRIVER_COUNT_17YR,DRIVER_COUNT_18YR,DRIVER_COUNT_19YR,DRIVER_COUNT_20YR,DRIVER_COUNT_50_64YR,DRIVER_COUNT_65_74YR,DRIVER_COUNT_75PLUS,EST_HRS_CLOSED,FATAL_COUNT,HEAVY_TRUCK_COUNT,HORSE_BUGGY_COUNT,HOUR_OF_DAY,ILLUMINATION,INJURY_COUNT,INTERSECT_TYPE,INTERSECTION_RELATED,LANE_CLOSED,LATITUDE,LN_CLOSE_DIR,LOCATION_TYPE,LONGITUDE,MAX_SEVERITY_LEVEL,MCYCLE_DEATH_COUNT,MCYCLE_SUSP_SERIOUS_INJ_COUNT,MOTORCYCLE_COUNT,MUNICIPALITY,NONMOTR_COUNT,NONMOTR_DEATH_COUNT,NONMOTR_SUSP_SERIOUS_INJ_COUNT,NTFY_HIWY_MAINT,PED_COUNT,PED_DEATH_COUNT,PED_SUSP_SERIOUS_INJ_COUNT,PERSON_COUNT,POLICE_AGCY,POSSIBLE_INJ_COUNT,RDWY_SURF_TYPE_CD,RELATION_TO_ROAD,ROAD_CONDITION,ROADWAY_CLEARED,SCH_BUS_IND,SCH_ZONE_IND,SECONDARY_CRASH,SMALL_TRUCK_COUNT,SPEC_JURIS_CD,SUSP_MINOR_INJ_COUNT,SUSP_SERIOUS_INJ_COUNT,SUV_COUNT,TCD_FUNC_CD,TCD_TYPE,TFC_DETOUR_IND,TIME_OF_DAY,TOT_INJ_COUNT,TOTAL_UNITS,UNB_DEATH_COUNT,UNB_SUSP_SERIOUS_INJ_COUNT,UNBELTED_OCC_COUNT,UNK_INJ_DEG_COUNT,UNK_INJ_PER_COUNT,URBAN_AREA,URBAN_RURAL,VAN_COUNT,VEHICLE_COUNT,WEATHER1,WEATHER2,WORK_ZONE_IND,WORK_ZONE_LOC,WORK_ZONE_TYPE,WORKERS_PRES,WZ_CLOSE_DETOUR,WZ_FLAGGER,WZ_LAW_OFFCR_IND,WZ_LN_CLOSURE,WZ_MOVING,WZ_OTHER,WZ_SHLDER_MDN,WZ_WORKERS_INJ_KILLED
2006054670,1710.0,2,0,0,0,0,0,0,0,0,0,0,,67,4,2006,2,40.112,-74.9906,1710.0,6,0,0,0,0,0,1,0,0,,0,0,0,17,1,0,1,,0.0,40 06:43.184,,0,74 59:26.035,0,0,0,0,67301,0,0,0,N,0,0,0,5,67301,0,,1,1,,N,N,,0,,0,0,2,9,2,,1710,0,4,0,0,0,0,0,3,4,0,4,3,,N,,,,,,,,,,,
2006062435,625.0,2,0,0,0,0,0,0,0,0,6,0,,67,5,2006,6,40.0511,-75.159,621.0,6,0,0,0,0,0,0,0,0,,0,0,0,6,1,1,1,,0.0,40 03:03.985,,0,75 09:32.569,8,0,0,0,67301,0,0,0,N,0,0,0,2,67301,0,,1,1,,N,N,,0,,0,0,0,3,2,,620,1,2,0,0,0,1,0,3,4,0,2,3,,N,,,,,,,,,,,
2006094194,2345.0,2,0,0,0,0,0,0,0,0,1,0,,67,7,2006,3,,,2335.0,6,0,0,0,0,0,0,0,0,1.0,0,0,0,23,3,0,0,,1.0,,2.0,0,,0,0,0,0,67301,0,0,0,N,0,0,0,3,67301,0,,1,9,,N,N,,1,,0,0,0,3,2,N,2330,0,3,0,0,0,0,0,3,3,0,3,7,,N,,,,,,,,,,,
2006094197,2005.0,1,0,0,1,0,0,0,0,0,4,0,,67,8,2006,3,,,2003.0,6,0,0,0,0,0,1,0,0,,0,0,0,20,1,1,1,,0.0,,,0,,3,0,0,0,67301,1,0,0,N,0,0,0,2,67301,0,,1,1,,N,N,,0,,1,0,0,3,3,,2000,1,2,0,0,0,0,0,3,3,0,1,3,,N,,,,,,,,,,,
2006055201,834.0,1,0,0,0,0,0,0,0,0,1,0,,67,3,2006,5,40.0123,-75.0744,829.0,6,0,0,0,1,0,0,0,0,,0,0,0,8,1,1,0,,0.0,40 00:44.000,,0,75 04:28.185,3,0,0,0,67301,0,0,0,,0,0,0,1,67301,0,,6,9,,,,,0,,1,0,1,0,0,,829,1,2,0,0,0,0,0,3,4,0,2,7,,N,,,,,,,,,,,
2006055224,1529.0,3,0,0,0,0,0,0,0,0,2,0,,67,4,2006,6,40.035,-75.0694,1528.0,6,0,0,0,0,0,0,0,1,,0,0,0,15,1,2,1,,0.0,40 02:06.000,,0,75 04:09.869,3,0,0,0,67301,0,0,0,N,0,0,0,4,67301,0,,1,1,,N,N,,0,,2,0,0,3,2,,1515,2,3,0,0,0,0,0,3,4,0,3,3,,N,,,,,,,,,,,
2006055231,1605.0,2,0,0,0,0,0,0,0,0,1,0,,67,3,2006,7,40.0056,-75.0756,1600.0,6,0,0,0,0,1,0,0,0,,0,0,0,15,1,1,1,,0.0,40 00:20.000,,0,75 04:32.415,8,0,0,0,67301,0,0,0,,0,0,0,5,67301,0,,1,1,,,,,0,,0,0,1,3,2,,1550,1,3,0,0,0,1,0,3,4,0,3,3,,N,,,,,,,,,,,
2006055255,520.0,2,0,0,0,0,0,0,0,0,7,0,,67,3,2006,1,40.0213,-75.1485,514.0,6,0,0,0,0,0,0,0,0,,0,0,0,5,3,1,0,,0.0,40 01:16.680,,0,75 08:54.960,4,0,0,0,67301,0,0,0,,0,0,0,2,67301,1,,1,1,,,,,0,,0,0,0,0,0,,512,1,2,0,0,1,0,0,3,4,0,2,3,,N,,,,,,,,,,,
2006094224,2357.0,2,0,0,0,0,0,0,0,0,2,0,,67,8,2006,5,39.914,-75.1499,2347.0,6,0,0,0,0,0,0,0,0,3.0,0,0,0,23,3,3,1,,1.0,39 54:50.000,2.0,0,75 08:59.724,3,0,0,0,67301,0,0,0,N,0,0,0,3,67301,1,,1,1,,N,N,,0,,2,0,0,3,2,N,2311,3,2,0,0,0,0,0,3,4,0,2,3,,N,,,,,,,,,,,
2006094409,1957.0,2,0,0,0,0,0,0,0,0,4,0,,67,7,2006,7,40.0537,-74.9834,1950.0,6,0,0,0,0,0,0,0,0,,0,0,0,19,3,1,0,,0.0,40 03:13.478,,7,74 59:00.190,4,0,0,0,67301,0,0,0,N,0,0,0,5,67301,1,,1,9,,N,N,,0,,0,0,0,0,0,,1945,1,2,0,0,2,0,0,3,4,0,2,7,,N,,,,,,,,,,,
2006094637,315.0,3,0,0,0,0,0,0,0,0,4,0,,67,7,2006,7,,,309.0,6,0,0,0,0,0,0,0,0,,0,0,0,3,3,0,1,,0.0,,,0,,0,0,0,0,67301,0,0,0,N,0,0,0,2,67301,0,,1,1,,N,N,,0,,0,0,0,3,2,,309,0,3,0,0,0,0,0,3,3,0,3,3,,N,,,,,,,,,,,
2006126301,330.0,1,0,0,0,0,0,0,0,0,7,0,,67,11,2006,4,40.0575,-75.2415,300.0,6,0,0,0,0,0,0,0,0,,0,0,0,3,3,0,2,,0.0,40 03:26.982,,0,75 14:29.324,0,0,0,0,67301,0,0,0,,0,0,0,1,67301,0,,2,9,,,,,0,,0,0,0,0,0,,300,0,1,0,0,1,0,0,3,4,0,1,7,,N,,,,,,,,,,,
2006126312,2055.0,2,0,0,0,0,0,0,0,0,5,0,,67,10,2006,6,39.9518,-75.2388,2047.0,6,0,0,0,0,0,0,0,0,,0,0,0,19,3,1,0,,0.0,39 57:06.456,,0,75 14:19.793,4,0,0,0,67301,0,0,0,N,0,0,0,2,67301,1,,6,9,,N,N,,0,,0,0,0,0,0,,1950,1,2,0,0,0,0,0,3,4,0,2,7,,N,,,,,,,,,,,
2006123846,9999.0,1,0,0,0,0,0,0,0,0,1,0,,67,10,2006,7,40.0283,-75.0881,,6,0,0,0,0,0,0,0,0,,0,0,0,99,3,2,1,,0.0,40 01:41.000,,0,75 05:16.915,4,0,0,0,67301,0,0,0,N,0,0,0,3,67301,2,,1,9,,N,N,,0,,0,0,1,3,2,,9999,2,2,0,0,0,0,1,3,4,0,2,7,,N,,,,,,,,,,,
2006056444,231.0,0,0,0,0,0,0,0,0,0,7,0,,67,3,2006,2,40.0389,-75.1103,227.0,6,0,0,0,0,0,0,0,0,,0,0,0,2,3,0,0,,0.0,40 02:19.000,,0,75 06:37.526,0,0,0,0,67301,0,0,0,,0,0,0,1,67301,0,,5,1,,N,N,,0,,0,0,1,3,2,,223,0,1,0,0,1,0,0,3,4,0,1,3,,N,,,,,,,,,,,
2006054009,248.0,2,0,0,0,0,0,0,0,0,4,0,,67,4,2006,1,40.0424,-75.0827,247.0,6,0,0,0,0,0,0,0,0,2.0,0,0,0,2,3,0,1,,2.0,40 02:32.000,3.0,0,75 04:57.563,0,0,0,0,67301,0,0,0,N,0,0,0,2,67301,0,,1,9,,N,N,,0,,0,0,0,3,2,Y,245,0,2,0,0,0,0,0,3,4,0,2,7,,N,,,,,,,,,,,
2006033794,1739.0,2,0,0,0,0,0,0,0,0,6,0,,67,2,2006,3,40.0624,-75.1639,1722.0,6,0,0,0,0,0,0,0,0,,0,0,0,17,1,2,1,,0.0,40 03:44.478,,0,75 09:50.198,4,0,0,0,67301,0,0,0,N,0,0,0,2,67301,2,,1,1,,N,N,,0,,0,0,0,9,3,,1722,2,2,0,0,0,0,0,3,4,0,2,3,,N,,,,,,,,,,,
2006036653,1225.0,1,0,0,0,0,0,0,0,0,8,0,,67,2,2006,4,39.9244,-75.1696,1220.0,6,0,0,0,0,0,0,0,0,,0,0,0,12,1,1,1,,0.0,39 55:27.000,,0,75 10:10.825,4,0,0,0,67301,1,0,0,N,1,0,0,2,67301,1,,1,1,,N,N,,0,,0,0,0,3,2,,1215,1,2,0,0,0,0,0,3,4,0,1,3,,N,,,,,,,,,,,
2006036684,1148.0,2,0,0,0,0,0,0,0,0,4,0,,67,2,2006,5,,,1145.0,6,0,0,0,0,0,1,0,0,,0,0,0,11,1,1,0,,0.0,,,7,,8,0,0,0,67301,0,0,0,N,0,0,0,2,67301,0,,1,1,,N,N,,0,,0,0,0,0,0,,1145,1,2,0,0,0,1,1,3,3,0,2,3,,N,,,,,,,,,,,
2006034209,1746.0,1,0,0,0,0,0,0,0,0,4,0,,67,2,2006,1,40.017,-75.1883,1745.0,6,0,0,0,0,0,0,0,0,1.0,0,0,0,99,1,1,1,,2.0,40 01:01.000,7.0,0,75 11:18.219,8,0,0,0,67301,0,0,0,,0,0,0,2,67301,0,,1,1,,N,N,,1,,0,0,0,3,2,Y,9999,1,2,0,0,1,1,1,3,4,0,2,3,,N,,,,,,,,,,,
2006103219,338.0,3,0,0,0,0,0,0,0,0,5,0,,67,8,2006,7,,,338.0,6,0,0,0,1,0,0,0,0,3.0,0,0,0,99,3,2,0,,1.0,,1.0,0,,4,0,0,0,67301,0,0,0,N,0,0,0,4,67301,1,,1,1,,N,N,,0,,0,0,0,0,0,N,9999,2,3,0,0,0,1,0,3,3,0,3,3,,N,,,,,,,,,,,
2006102816,2100.0,1,0,0,0,0,0,0,0,0,4,0,,67,9,2006,3,39.9876,-75.1664,2059.0,6,0,1,0,0,0,0,0,0,,0,0,0,20,3,1,1,,0.0,39 59:15.403,,0,75 09:59.191,3,0,0,1,67301,0,0,0,N,0,0,0,4,67301,0,,1,1,,N,N,,0,,1,0,0,3,3,,2059,1,2,0,0,0,0,0,3,4,0,2,3,,N,,,,,,,,,,,
2006035969,1247.0,1,0,0,0,0,0,0,0,0,8,0,,67,1,2006,6,39.9544,-75.1714,1245.0,6,0,0,0,0,0,0,0,0,,0,0,0,12,1,1,1,,0.0,39 57:15.000,,0,75 10:16.859,8,0,0,0,67301,1,0,0,N,1,0,0,2,67301,0,,1,1,,N,N,,0,,0,0,0,0,0,,1245,1,2,0,0,0,1,0,3,4,0,1,3,,N,,,,,,,,,,,
2006079201,1705.0,1,0,0,0,0,0,0,0,0,1,0,,67,6,2006,6,40.006,-75.1766,1701.0,6,0,0,0,0,0,0,0,0,,0,0,0,16,1,0,1,,0.0,40 00:21.754,,0,75 10:35.816,9,0,0,0,67301,0,0,0,N,0,0,0,4,67301,0,,1,9,,N,N,,1,,0,0,0,0,0,,1635,0,2,0,0,0,0,1,3,4,0,2,7,,N,,,,,,,,,,,
2006079271,2236.0,1,0,0,0,0,0,0,0,0,5,0,,67,6,2006,6,,,2235.0,6,0,0,0,0,0,1,0,0,,0,0,0,22,3,0,0,,0.0,,,0,,0,0,0,0,67301,0,0,0,,0,0,0,2,67301,0,,1,9,,N,N,,0,,0,0,1,3,2,,2224,0,2,0,0,0,0,0,3,3,0,2,7,,N,,,,,,,,,,,
2006082019,1736.0,3,0,0,0,0,0,0,0,0,1,0,,67,5,2006,5,,,1735.0,6,0,0,0,1,0,0,0,0,3.0,0,0,0,17,1,2,0,,2.0,,6.0,0,,8,0,0,0,67301,1,0,0,N,1,0,0,4,67301,0,,1,1,,N,N,,0,,0,0,0,3,3,Y,1734,2,4,0,0,0,2,0,3,3,0,3,3,,N,,,,,,,,,,,
2006084948,1438.0,2,0,0,0,0,0,0,0,0,2,0,,67,5,2006,4,40.0528,-75.1529,1430.0,6,0,0,0,0,0,0,0,0,,0,0,0,14,1,2,1,,0.0,40 03:10.000,,0,75 09:10.511,8,0,0,0,67301,0,0,0,Y,0,0,0,3,67301,0,,1,1,,N,Y,,0,,0,0,1,2,2,,1430,2,3,0,0,0,2,0,3,4,0,3,3,,N,,,,,,,,,,,
2006079931,2205.0,0,0,0,0,0,0,0,0,0,4,1,,67,6,2006,6,39.9239,-75.2221,2158.0,6,0,0,0,0,0,0,0,0,9.0,0,1,0,21,3,1,1,,2.0,39 55:26.000,7.0,0,75 13:19.619,2,0,1,1,67301,0,0,0,,0,0,0,2,67301,0,,1,1,,N,N,,0,,0,1,0,1,2,Y,2155,1,2,0,0,0,0,0,3,4,0,2,3,,N,,,,,,,,,,,
2006079942,1916.0,1,0,0,0,0,0,0,0,0,4,0,,67,5,2006,3,,,1915.0,6,0,0,0,0,0,1,0,0,,0,0,0,19,1,1,2,,0.0,,,0,,3,0,0,1,67301,0,0,0,,0,0,0,3,67301,0,,1,1,,,,,0,,1,0,0,0,0,,1914,1,2,0,0,2,0,0,3,3,0,2,3,,N,,,,,,,,,,,
2006082504,23.0,2,0,0,0,0,0,0,0,0,4,0,,67,5,2006,1,39.9518,-75.1718,22.0,6,0,0,0,0,0,0,0,0,,0,0,0,0,3,2,1,,0.0,39 57:06.000,,0,75 10:18.415,8,0,0,0,67301,0,0,0,N,0,0,0,2,67301,0,,1,1,,N,N,,0,,0,0,0,3,2,,21,2,2,0,0,0,2,0,3,4,0,2,3,,N,,,,,,,,,,,
2006082510,650.0,2,0,0,0,0,0,0,0,0,5,0,,67,7,2006,1,40.0314,-75.0697,645.0,6,0,0,0,0,0,0,0,0,,0,0,0,6,1,0,0,,0.0,40 01:53.029,,0,75 04:10.808,0,0,0,0,67301,0,0,0,N,0,0,0,1,67301,0,,1,1,,N,N,,0,,0,0,1,0,0,,640,0,3,0,0,0,0,0,3,4,0,3,3,,N,,,,,,,,,,,
2006026146,9999.0,0,0,0,0,0,0,0,0,0,4,0,,67,1,2006,3,39.9894,-75.1802,9999.0,6,0,0,0,0,0,1,0,0,,0,0,0,99,1,2,1,,0.0,39 59:21.000,,0,75 10:48.896,3,0,0,0,67301,0,0,0,N,0,0,0,3,67301,0,,1,9,,N,N,,2,,2,0,0,2,2,,9999,2,2,0,0,0,0,0,3,4,0,2,7,,N,,,,,,,,,,,
2007054564,435.0,1,0,0,0,0,0,0,0,0,7,0,,67,12,2006,3,,,430.0,6,0,0,0,0,0,0,0,0,2.0,0,0,0,4,3,1,0,,2.0,,1.0,0,,3,0,0,0,67301,0,0,0,N,0,0,0,1,67301,0,,3,9,,N,N,,0,,1,0,0,0,0,N,428,1,1,0,0,0,0,0,3,3,0,1,7,,N,,,,,,,,,,,
2007006821,845.0,1,0,0,0,0,0,0,0,0,1,0,,67,11,2006,6,40.0475,-75.1303,838.0,6,0,0,0,0,0,0,0,0,1.0,0,0,0,8,1,2,0,,2.0,40 02:51.144,3.0,0,75 07:48.997,4,0,0,0,67301,0,0,0,N,0,0,0,4,67301,1,,1,1,,N,N,,0,,0,0,0,0,0,N,836,2,2,0,0,0,1,0,3,4,1,2,3,,N,,,,,,,,,,,
2007023097,1130.0,2,0,0,0,0,0,0,0,0,2,0,,67,12,2006,7,39.9324,-75.2423,1125.0,6,0,0,0,0,0,0,0,0,,0,0,0,11,1,1,0,,0.0,39 55:56.577,,0,75 14:32.380,4,0,0,0,67301,0,0,0,N,0,0,0,4,67301,1,,1,9,,N,N,,0,,0,0,0,0,0,,1114,1,3,0,0,0,0,0,3,4,1,3,3,,N,,,,,,,,,,,
2007023210,1553.0,2,0,0,0,0,0,0,0,0,2,0,,67,12,2006,6,40.027,-75.0755,1551.0,6,0,0,0,0,0,0,0,0,2.0,0,0,0,15,1,1,1,,1.0,40 01:37.000,1.0,0,75 04:31.639,4,0,0,0,67301,0,0,0,N,0,0,0,3,67301,1,,1,9,,N,N,,0,,0,0,0,2,2,Y,1536,1,2,0,0,0,0,0,3,4,0,2,7,,N,,,,,,,,,,,
2007021822,252.0,3,0,0,0,0,0,0,0,0,1,0,,67,11,2006,7,40.0213,-75.0886,250.0,6,0,0,0,0,0,0,0,0,,0,0,0,2,3,0,0,,0.0,40 01:16.698,,0,75 05:18.884,9,0,0,0,67301,0,0,0,,0,0,0,1,67301,0,,2,1,,,,,0,,0,0,0,0,0,,242,0,3,0,0,0,0,1,3,4,0,3,3,,N,,,,,,,,,,,
2007008392,1055.0,2,0,0,0,0,0,0,0,0,4,0,,67,12,2006,7,40.0196,-75.1342,1045.0,6,0,0,0,0,0,0,0,0,,0,0,0,10,1,0,1,,0.0,40 01:10.588,,0,75 08:03.098,0,0,0,0,67301,0,0,0,N,0,0,0,2,67301,0,,1,1,,N,N,,0,,0,0,0,0,0,,1030,0,2,0,0,0,0,0,3,4,0,2,3,,N,,,,,,,,,,,
2007008499,14.0,1,0,0,0,0,0,0,0,0,4,0,,67,11,2006,7,39.9558,-75.1915,2.0,6,0,0,0,0,0,1,0,0,,0,0,0,23,3,2,1,,0.0,39 57:21.000,,0,75 11:29.294,8,0,0,0,67301,0,0,0,N,0,0,0,2,67301,0,,1,1,,N,N,,0,,0,0,1,3,2,,2331,2,2,0,0,0,2,0,3,4,0,2,3,,N,,,,,,,,,,,
2007034406,,1,0,0,0,0,0,0,0,0,7,0,,67,2,2006,1,40.0176,-75.0483,,6,0,0,0,0,0,0,1,0,,0,0,0,17,4,0,0,,0.0,40 01:07.000,,2,75 02:58.998,0,0,0,0,67301,0,0,0,N,0,0,0,1,,0,,2,1,,N,N,,0,,0,0,0,0,0,,1700,0,1,0,0,0,0,0,3,4,0,1,3,,N,,,,,,,,,,,
2007008860,1140.0,2,0,0,0,0,0,0,0,0,1,1,,67,12,2006,6,,,1132.0,6,0,0,0,0,0,0,0,0,,0,1,0,11,1,2,0,,0.0,,,0,,8,0,0,0,67301,0,0,0,N,0,0,0,4,67301,0,,1,1,,N,N,,0,,0,0,0,0,0,,1130,2,4,0,0,1,2,0,3,3,1,4,3,,N,,,,,,,,,,,
2007008867,1637.0,1,0,0,0,0,0,0,0,0,8,0,,67,11,2006,2,39.9629,-75.2019,1636.0,6,0,0,0,0,0,0,0,0,,0,0,0,16,4,1,1,,0.0,39 57:46.000,,0,75 12:07.098,3,0,0,0,67301,1,0,0,N,1,0,0,2,67301,0,,1,1,,N,N,,0,,1,0,0,3,2,,1635,1,2,0,0,0,0,0,3,4,0,1,3,,N,,,,,,,,,,,
2007010421,1740.0,1,0,0,0,0,0,0,0,0,1,0,,67,12,2006,6,40.0076,-75.1273,1730.0,6,0,0,0,0,0,0,0,1,,0,0,0,17,3,3,1,,0.0,40 00:27.000,,0,75 07:38.390,4,0,0,0,67301,0,0,0,,0,0,0,5,67301,1,,1,1,,,,,0,,0,0,1,3,2,,1723,3,2,0,0,0,2,0,3,4,0,2,3,,N,,,,,,,,,,,
2007007724,1910.0,0,0,0,0,0,0,0,0,0,7,0,,67,11,2006,5,40.107,-75.0372,1906.0,6,1,0,0,0,0,0,0,0,,0,0,0,17,3,1,2,,0.0,40 06:25.084,,0,75 02:13.815,8,0,0,0,67301,0,0,0,,0,0,0,2,67301,0,,2,9,,,,,1,,0,0,0,3,2,,1705,1,1,0,0,1,1,0,3,4,0,1,7,,N,,,,,,,,,,,
2007023246,1431.0,0,0,0,1,0,0,0,0,0,4,0,,67,12,2006,6,40.0109,-75.1518,1438.0,6,0,0,0,0,0,0,0,0,,0,0,0,14,1,1,2,,0.0,40 00:39.409,,0,75 09:06.494,3,0,0,0,67301,1,0,0,N,0,0,0,2,67301,0,,1,1,,N,N,,1,,1,0,0,9,3,,1430,1,2,0,0,1,0,0,3,4,0,1,3,,N,,,,,,,,,,,
2007033463,,2,0,0,0,0,0,0,0,0,1,0,,67,1,2006,2,,,,6,0,0,0,0,0,0,0,0,,0,0,0,18,1,2,0,,0.0,,,0,,8,0,0,0,67301,0,0,0,N,0,0,0,2,00000,0,,1,1,,N,N,,0,,0,0,0,0,0,,1830,2,2,0,0,0,2,0,3,3,0,2,3,,N,,,,,,,,,,,
2006094443,2222.0,1,0,0,1,0,0,0,0,0,6,0,,67,7,2006,7,39.9944,-75.1337,2219.0,6,0,0,0,0,1,0,0,0,,0,0,0,22,3,1,2,,0.0,39 59:39.930,,0,75 08:01.237,3,0,0,0,67301,1,0,0,N,0,0,0,2,67301,0,,1,9,,N,N,,0,,1,0,0,3,3,,2218,1,2,0,0,0,0,0,3,4,0,1,7,,N,,,,,,,,,,,
2006084173,1459.0,2,0,0,0,0,0,0,0,0,1,0,,67,7,2006,6,,,1458.0,6,0,0,0,0,0,1,0,0,1.0,0,0,0,14,1,0,0,,1.0,,3.0,0,,0,0,0,0,67301,0,0,0,N,0,0,0,5,67301,0,,1,1,,N,N,,0,,0,0,0,3,8,N,1458,0,2,0,0,0,0,0,3,3,0,2,3,,N,,,,,,,,,,,
2006126236,1847.0,1,0,0,0,0,0,0,0,0,8,0,,67,10,2006,1,39.9357,-75.1897,1845.0,6,0,0,0,0,0,0,0,0,,0,0,0,18,3,1,2,,0.0,39 56:08.638,,0,75 11:22.891,4,0,0,0,67301,1,0,0,N,1,0,0,2,67301,1,,1,1,,N,N,,0,,0,0,0,0,0,,1835,1,2,0,0,0,0,1,3,4,0,1,3,,N,,,,,,,,,,,
2006126241,157.0,2,0,0,0,0,0,0,0,0,4,0,,67,10,2006,7,,,156.0,6,0,0,1,0,0,0,0,0,,0,0,0,1,3,1,1,,0.0,,,0,,4,0,0,0,67301,0,0,0,N,0,0,0,5,67301,1,,1,9,,N,N,,0,,0,0,0,9,3,,155,1,2,0,0,0,0,0,3,3,0,2,7,,N,,,,,,,,,,,
2006056521,916.0,1,0,0,0,0,0,0,0,0,1,0,,67,2,2006,2,39.9543,-75.1918,915.0,6,0,0,0,0,0,0,0,0,,0,0,0,9,1,1,2,,0.0,39 57:15.000,,0,75 11:30.577,8,0,0,0,67301,0,0,0,N,0,0,0,5,67504,0,,1,1,,N,N,,0,,0,0,1,3,2,,915,1,2,0,0,1,1,0,3,4,0,2,3,,N,,,,,,,,,,,
2006036558,1250.0,1,0,0,0,0,0,0,0,0,6,0,,67,2,2006,6,39.9241,-75.2277,1246.0,6,0,0,0,0,0,0,0,0,,0,0,0,12,1,3,1,,0.0,39 55:26.000,,0,75 13:40.125,4,0,0,0,67301,0,0,0,N,0,0,0,5,67301,3,,1,1,,N,N,,0,,0,0,0,9,2,,1210,3,2,0,0,1,0,0,3,4,0,2,3,,N,,,,,,,,,,,
2006036587,2240.0,4,0,0,0,0,0,0,0,0,2,0,,67,2,2006,2,40.0451,-75.0969,2237.0,6,0,0,0,0,0,0,0,0,,0,0,0,22,3,0,0,,0.0,40 02:42.205,,0,75 05:48.667,0,0,0,0,67301,0,0,0,,0,0,0,1,67301,0,,6,1,,N,N,,0,,0,0,0,0,0,,2237,0,4,0,0,0,0,0,3,4,0,4,3,,N,,,,,,,,,,,
2006103133,307.0,1,0,0,0,0,0,0,0,0,7,0,,67,6,2006,3,40.0475,-75.1428,307.0,6,0,0,0,0,0,0,0,0,,0,0,0,3,3,1,1,,0.0,40 02:51.000,,0,75 08:34.110,4,0,0,0,67301,0,0,0,N,0,0,0,1,67301,1,,3,1,,N,N,,0,,0,0,0,3,2,,306,1,1,0,0,0,0,0,3,4,0,1,3,,N,,,,,,,,,,,
2006103169,820.0,0,0,0,0,0,0,0,0,0,4,0,,67,9,2006,2,40.0296,-75.2063,815.0,6,0,0,0,0,0,0,1,0,,0,0,0,8,1,1,1,,0.0,40 01:46.000,,0,75 12:22.940,3,0,0,1,67301,0,0,0,N,0,0,0,2,67301,0,,1,1,,N,N,,0,,1,0,0,0,0,,810,1,2,0,0,0,0,0,3,4,1,2,3,,N,,,,,,,,,,,
2006103195,445.0,4,0,0,0,0,0,0,0,0,6,0,,67,9,2006,1,,,440.0,6,0,0,0,0,0,0,0,0,,0,0,0,99,3,0,0,,0.0,,,0,,9,0,0,0,67301,0,0,0,,0,0,0,1,67301,0,,1,1,,,,,0,,0,0,0,0,0,,9999,0,4,0,0,0,0,1,3,3,0,4,3,,N,,,,,,,,,,,
2006103233,1340.0,4,0,0,0,0,0,0,0,0,4,0,,67,8,2006,7,40.0494,-75.1526,1345.0,6,0,0,0,0,0,0,1,0,9.0,0,0,0,13,1,1,0,,1.0,40 02:57.926,2.0,0,75 09:09.262,3,0,0,0,67301,0,0,0,N,0,0,0,3,67301,0,,1,1,,N,N,,0,,1,0,0,0,0,Y,1337,1,4,0,0,1,0,2,3,4,0,4,3,,N,,,,,,,,,,,
2006102790,2006.0,1,0,0,0,0,0,0,0,0,4,0,,67,9,2006,6,,,2005.0,6,0,0,0,0,0,0,0,0,1.0,0,0,0,20,3,1,5,,1.0,,2.0,0,,4,0,0,0,67301,0,0,0,N,0,0,0,2,67301,1,,1,1,,N,N,,0,,0,0,1,3,3,N,2005,1,2,0,0,0,0,0,3,3,0,2,3,,N,,,,,,,,,,,
2006102815,2116.0,1,0,0,0,0,0,0,0,0,8,0,,67,8,2006,1,39.9982,-75.1876,2107.0,6,0,0,0,0,0,0,0,0,,0,0,0,20,4,1,2,,0.0,39 59:54.000,,0,75 11:15.739,4,0,0,0,67301,1,0,0,N,1,0,0,2,67301,1,,3,9,,N,N,,0,,0,0,0,3,2,,2040,1,2,0,0,0,0,0,3,4,0,1,7,,N,,,,,,,,,,,
2006037528,9999.0,1,0,0,0,0,0,0,0,0,4,0,,67,2,2006,7,,,848.0,6,0,0,0,0,0,0,0,0,,0,0,0,8,1,1,2,,0.0,,,0,,3,0,0,1,67301,0,0,0,N,0,0,0,2,67301,0,,1,1,,N,N,,0,,1,0,0,9,3,,835,1,2,0,0,0,0,0,3,3,0,2,3,,N,,,,,,,,,,,
2006079292,1350.0,2,0,0,0,0,0,0,0,0,4,0,,67,6,2006,1,,,1348.0,6,0,0,0,1,0,0,0,0,,0,0,0,13,1,3,1,,0.0,,,0,,4,0,0,0,67301,0,0,0,N,0,0,0,4,67301,3,,1,9,,N,N,,0,,0,0,0,3,3,,1347,3,2,0,0,0,0,0,3,3,0,2,7,,N,,,,,,,,,,,
2006081737,1605.0,1,0,0,0,0,0,0,0,0,7,0,,67,7,2006,4,,,1556.0,6,0,0,0,0,0,1,0,0,,0,0,0,99,1,0,0,,0.0,,,0,,0,0,0,0,67301,0,0,0,N,0,0,0,1,67301,0,,3,9,,N,N,,0,,0,0,0,0,0,,9999,0,1,0,0,1,0,0,3,3,0,1,3,,N,,,,,,,,,,,