CRN,ARRIVAL_TM,AUTOMOBILE_COUNT,BELTED_DEATH_COUNT,BELTED_SUSP_SERIOUS_INJ_COUNT,BICYCLE_COUNT,BICYCLE_DEATH_COUNT,BICYCLE_SUSP_SERIOUS_INJ_COUNT,BUS_COUNT,CHLDPAS_DEATH_COUNT,CHLDPAS_SUSP_SERIOUS_INJ_COUNT,COLLISION_TYPE,COMM_VEH_COUNT,CONS_ZONE_SPD_LIM,COUNTY,CRASH_MONTH,CRASH_YEAR,DAY_OF_WEEK,DEC_LAT,DEC_LONG,DISPATCH_TM,DISTRICT,DRIVER_COUNT_16YR,DRIVER_COUNT_17YR,DRIVER_COUNT_18YR,DRIVER_COUNT_19YR,DRIVER_COUNT_20YR,DRIVER_COUNT_50_64YR,DRIVER_COUNT_65_74YR,DRIVER_COUNT_75PLUS,EST_HRS_CLOSED,FATAL_COUNT,HEAVY_TRUCK_COUNT,HORSE_BUGGY_COUNT,HOUR_OF_DAY,ILLUMINATION,INJURY_COUNT,INTERSECT_TYPE,INTERSECTION_RELATED,LANE_CLOSED,LATITUDE,LN_CLOSE_DIR,LOCATION_TYPE,LONGITUDE,MAX_SEVERITY_LEVEL,MCYCLE_DEATH_COUNT,MCYCLE_SUSP_SERIOUS_INJ_COUNT,MOTORCYCLE_COUNT,MUNICIPALITY,NONMOTR_COUNT,NONMOTR_DEATH_COUNT,NONMOTR_SUSP_SERIOUS_INJ_COUNT,NTFY_HIWY_MAINT,PED_COUNT,PED_DEATH_COUNT,PED_SUSP_SERIOUS_INJ_COUNT,PERSON_COUNT,POLICE_AGCY,POSSIBLE_INJ_COUNT,RDWY_SURF_TYPE_CD,RELATION_TO_ROAD,ROAD_CONDITION,ROADWAY_CLEARED,SCH_BUS_IND,SCH_ZONE_IND,SECONDARY_CRASH,SMALL_TRUCK_COUNT,SPEC_JURIS_CD,SUSP_MINOR_INJ_COUNT,SUSP_SERIOUS_INJ_COUNT,SUV_COUNT,TCD_FUNC_CD,TCD_TYPE,TFC_DETOUR_IND,TIME_OF_DAY,TOT_INJ_COUNT,TOTAL_UNITS,UNB_DEATH_COUNT,UNB_SUSP_SERIOUS_INJ_COUNT,UNBELTED_OCC_COUNT,UNK_INJ_DEG_COUNT,UNK_INJ_PER_COUNT,URBAN_AREA,URBAN_RURAL,VAN_COUNT,VEHICLE_COUNT,WEATHER1,WEATHER2,WORK_ZONE_IND,WORK_ZONE_LOC,WORK_ZONE_TYPE,WORKERS_PRES,WZ_CLOSE_DETOUR,WZ_FLAGGER,WZ_LAW_OFFCR_IND,WZ_LN_CLOSURE,WZ_MOVING,WZ_OTHER,WZ_SHLDER_MDN,WZ_WORKERS_INJ_KILLED
2006079910,1715.0,1,0,0,0,0,0,0,0,0,1,0,,67,6,2006,3,40.0109,-75.1645,1711.0,6,0,0,0,1,0,1,0,0,9.0,0,0,0,99,1,3,3,,1.0,40 00:39.000,4.0,0,75 09:53.210,4,0,0,0,67301,0,0,0,,0,0,0,4,67301,3,,1,1,,,,,0,,0,0,1,9,2,N,9999,3,2,0,0,0,0,0,3,4,0,2,3,,N,,,,,,,,,,,
2006079929,1710.0,2,0,0,0,0,0,0,0,0,4,0,,67,6,2006,6,,,1705.0,6,0,0,0,0,0,0,0,0,,0,0,0,17,1,0,1,,0.0,,,0,,0,0,0,0,67301,0,0,0,N,0,0,0,2,67301,0,,1,1,,N,N,,0,,0,0,0,3,2,,1705,0,2,0,0,0,0,0,3,3,0,2,3,,N,,,,,,,,,,,
2006082517,2040.0,3,0,0,0,0,0,0,0,0,1,0,,67,6,2006,7,40.0037,-75.0944,9999.0,6,0,0,0,0,0,0,0,0,,0,0,0,20,3,1,0,,0.0,40 00:13.680,,0,75 05:39.840,4,0,0,0,67301,0,0,0,N,0,0,0,3,67301,1,,1,1,,N,N,,0,,0,0,0,0,0,,2030,1,3,0,0,0,0,0,3,4,0,3,3,,N,,,,,,,,,,,
2006082520,1340.0,4,0,0,0,0,0,0,0,0,1,0,,67,5,2006,6,,,1325.0,6,0,0,0,1,1,0,0,0,,0,0,0,13,1,1,0,,0.0,,,0,,4,0,0,0,67301,0,0,0,N,0,0,0,5,67301,1,,1,1,,N,N,,0,,0,0,0,0,0,,1315,1,4,0,0,0,0,0,3,3,0,4,3,,N,,,,,,,,,,,
2006031134,1630.0,1,0,0,0,0,0,0,0,0,1,0,,67,3,2006,4,40.0053,-75.2178,9999.0,6,0,0,0,0,1,0,0,0,,0,0,0,16,1,3,0,,0.0,40 00:19.000,,0,75 13:04.334,4,0,0,0,67301,0,0,0,N,0,0,0,7,46104,3,,1,1,,N,N,,1,,0,0,0,0,0,,1625,3,2,0,0,1,0,0,3,4,0,2,3,,N,,,,,,,,,,,
2006031139,150.0,0,0,0,0,0,0,0,0,0,7,0,,67,3,2006,3,40.0074,-75.2134,9999.0,6,0,0,0,0,0,1,0,0,,0,0,0,1,3,0,0,,0.0,40 00:26.000,,0,75 12:48.321,0,0,0,0,67301,0,0,0,N,0,0,0,1,46104,0,,4,1,,N,N,,0,,0,0,1,0,0,,140,0,1,0,0,0,0,0,3,4,0,1,3,,N,,,,,,,,,,,
2006026182,1657.0,3,0,0,0,0,0,0,0,0,7,0,,67,2,2006,6,39.9991,-75.2309,9999.0,6,0,0,0,0,0,1,1,0,2.0,0,0,0,16,1,1,1,,2.0,39 59:56.000,3.0,0,75 13:51.069,4,0,0,0,67301,0,0,0,N,0,0,0,4,46104,1,,4,1,,N,N,,0,,0,0,0,3,2,N,1656,1,3,0,0,0,0,0,3,4,0,3,3,,N,,,,,,,,,,,
2006021090,109.0,2,0,0,0,0,0,0,0,0,4,0,,67,1,2006,4,,,107.0,6,0,0,0,0,0,0,0,0,,0,0,0,1,3,0,0,,0.0,,,0,,0,0,0,0,67301,0,0,0,N,0,0,0,1,67301,0,,6,9,,N,N,,0,,0,0,0,0,0,,107,0,2,0,0,1,0,0,3,3,0,2,3,,N,,,,,,,,,,,
2006018654,2247.0,0,0,0,0,0,0,0,0,0,7,1,,67,1,2006,1,39.9047,-75.15,2245.0,6,0,0,0,0,0,0,0,0,9.0,0,1,0,22,3,0,0,,1.0,39 54:19.000,1.0,0,75 08:59.803,0,0,0,0,67301,0,0,0,Y,0,0,0,2,67301,0,,2,1,,N,N,,0,,0,0,0,0,0,N,2243,0,1,0,0,0,0,0,3,4,0,1,3,,N,,,,,,,,,,,
2007030312,830.0,1,0,0,0,0,0,0,0,0,5,0,,67,12,2006,5,39.9453,-75.2295,824.0,6,0,0,0,0,0,0,0,0,,0,1,0,8,1,0,1,,0.0,39 56:43.000,,0,75 13:46.358,0,0,0,0,67301,0,0,0,N,0,0,0,1,67301,0,,1,1,,,,,0,,0,0,0,3,2,,819,0,2,0,0,0,0,0,3,4,0,2,3,,N,,,,,,,,,,,
2007023099,1907.0,1,0,0,0,0,0,0,0,0,1,0,,67,12,2006,1,40.0568,-75.1398,1902.0,6,0,0,0,0,0,1,0,0,,0,0,0,19,3,1,0,,0.0,40 03:24.000,,0,75 08:23.280,4,0,0,0,67301,0,0,0,N,0,0,0,2,67301,1,,1,1,,N,N,,0,,0,0,1,0,0,,1900,1,2,0,0,0,0,0,3,4,0,2,3,,N,,,,,,,,,,,
2007023049,1745.0,1,0,0,0,0,0,0,0,0,8,0,,67,12,2006,6,40.0555,-75.0858,1745.0,6,0,0,0,0,0,0,0,0,,0,0,0,17,3,1,1,,0.0,40 03:19.755,,0,75 05:08.882,4,0,0,0,67301,1,0,0,N,1,0,0,2,67301,1,,1,9,,N,N,,0,,0,0,0,9,2,,1740,1,2,0,0,1,0,0,3,4,0,1,7,,N,,,,,,,,,,,
2007008496,1930.0,2,0,0,0,0,0,0,0,0,1,0,,67,12,2006,7,39.9776,-75.1716,1925.0,6,0,0,0,0,0,1,0,0,,0,0,0,19,2,2,0,,0.0,39 58:39.198,,0,75 10:17.691,4,0,0,0,67301,0,0,0,N,0,0,0,3,67301,2,,5,1,,N,N,,0,,0,0,0,0,0,,1910,2,2,0,0,2,0,0,3,4,0,2,3,,N,,,,,,,,,,,
2007000595,1918.0,1,0,0,0,0,0,0,0,0,1,0,,67,10,2006,2,,,1915.0,6,0,0,0,0,0,0,0,0,1.0,0,0,0,19,3,1,0,,2.0,,3.0,0,,3,0,0,0,67301,0,0,0,N,0,0,0,11,67501,0,,1,1,,N,N,,0,,1,0,1,2,8,N,1911,1,2,0,0,0,0,0,3,3,0,2,3,,N,,,,,,,,,,,
2007026862,808.0,2,0,0,0,0,0,0,0,0,2,0,,67,12,2006,6,39.9583,-75.1641,803.0,6,0,0,0,0,0,0,0,0,,0,0,0,8,1,1,1,,0.0,39 57:29.829,,0,75 09:50.647,3,0,0,0,67301,0,0,0,N,0,0,0,3,67301,0,,1,1,,N,N,,0,,1,0,0,3,2,,803,1,2,0,0,0,0,0,3,4,0,2,3,,N,,,,,,,,,,,
2007034396,,0,0,0,0,0,0,0,0,0,1,0,,67,10,2006,3,,,,6,0,0,0,0,1,0,0,0,,0,0,0,99,1,0,0,,0.0,,,0,,9,0,0,0,67301,0,0,0,N,0,0,0,3,,0,,1,9,,N,N,,0,,0,0,0,0,0,,9999,0,2,0,0,0,0,3,3,3,0,2,7,,N,,,,,,,,,,,
2007029413,1605.0,3,0,0,0,0,0,0,0,0,1,0,,67,12,2006,6,40.0428,-75.1135,1600.0,6,0,0,0,0,0,0,0,0,,0,0,0,15,1,1,0,,0.0,40 02:38.000,,0,75 06:47.130,4,0,0,0,67301,0,0,0,N,0,0,0,5,67301,1,,1,9,,N,N,,1,,0,0,0,0,0,,1550,1,4,0,0,0,0,0,3,4,0,4,7,,N,,,,,,,,,,,
2007011317,155.0,1,0,0,0,0,0,0,0,0,8,0,,67,12,2006,5,40.0415,-75.081,155.0,6,0,0,0,0,0,0,0,0,3.0,1,0,0,1,3,0,0,,2.0,40 02:29.000,3.0,0,75 04:51.723,1,0,0,0,67301,1,1,0,,1,1,0,3,67301,0,2.0,1,1,,N,N,,0,0.0,0,0,0,0,0,Y,154,0,2,0,0,0,0,0,3,4,0,1,5,,N,,,,,,,,,,,
2007019771,2253.0,1,0,0,0,0,0,0,0,0,7,0,,67,5,2006,5,40.0048,-75.1907,2251.0,6,0,0,0,0,0,0,0,0,,1,0,0,22,3,1,0,,0.0,40 00:13.507,,0,75 11:26.034,1,1,0,1,67301,0,0,0,N,0,0,0,2,67301,0,2.0,2,1,,N,N,,0,9.0,1,0,0,0,0,,2251,1,2,0,0,0,0,0,3,4,0,2,3,,N,,,,,,,,,,,
2007009791,804.0,1,0,0,0,0,0,0,0,0,8,0,,67,12,2006,6,40.0441,-75.1288,800.0,6,0,0,0,0,0,0,0,0,,0,0,0,7,1,1,1,,0.0,40 02:38.691,,0,75 07:43.766,8,0,0,0,67301,1,0,0,N,1,0,0,2,67301,0,,1,9,,N,N,,0,,0,0,0,3,2,,758,1,2,0,0,0,1,0,3,4,0,1,3,,N,,,,,,,,,,,
2007009801,105.0,1,0,0,0,0,0,0,0,0,7,0,,67,12,2006,1,,,100.0,6,0,0,0,0,0,0,0,0,1.0,0,0,0,1,3,1,0,,2.0,,4.0,1,,8,0,0,0,67301,0,0,0,N,0,0,0,1,67301,0,,2,1,,N,N,,0,,0,0,0,0,0,N,100,1,1,0,0,0,1,0,3,3,0,1,3,,N,,,,,,,,,,,
2007007554,1240.0,1,0,0,0,0,0,0,0,0,1,0,,67,11,2006,4,40.0859,-75.0371,1240.0,6,0,0,0,0,0,1,0,0,,0,1,0,12,1,0,0,,0.0,40 05:08.000,,0,75 02:13.253,0,0,0,0,67301,0,0,0,N,0,0,0,2,67301,0,,1,9,,N,N,,0,,0,0,0,0,0,,1240,0,2,0,0,0,0,0,3,4,0,2,7,,N,,,,,,,,,,,
2007007577,1046.0,1,0,0,0,0,0,0,0,0,4,0,,67,12,2006,7,39.9452,-75.1701,1043.0,6,0,0,0,0,0,0,0,0,2.0,0,0,0,10,1,0,1,,1.0,39 56:42.885,2.0,0,75 10:12.385,9,0,0,0,67301,0,0,0,N,0,0,0,2,67301,0,,1,1,,N,N,,0,,0,0,1,3,2,Y,1043,0,2,0,0,0,0,2,3,4,0,2,3,,N,,,,,,,,,,,
2007007497,917.0,1,0,0,0,0,0,0,0,0,4,0,,67,11,2006,3,39.9999,-75.1269,917.0,6,0,0,0,0,0,0,0,0,,0,0,0,9,1,3,0,,0.0,39 59:59.672,,0,75 07:36.865,4,0,0,0,67301,0,0,0,N,0,0,0,6,67301,3,,1,1,,N,N,,0,,0,0,1,0,0,,917,3,2,0,0,3,0,2,3,4,0,2,3,,N,,,,,,,,,,,
2007010378,1000.0,1,0,0,0,0,0,0,0,0,1,0,,67,11,2006,4,39.9237,-75.1642,951.0,6,0,0,0,0,0,1,0,0,,0,0,0,9,1,1,0,,0.0,39 55:25.199,,0,75 09:50.989,4,0,0,0,67301,0,0,0,N,0,0,0,2,67301,1,,1,1,,N,N,,1,,0,0,0,0,0,,948,1,2,0,0,0,0,0,3,4,0,2,3,,N,,,,,,,,,,,
2007007674,1831.0,1,0,0,0,0,0,0,0,0,8,0,,67,11,2006,4,39.9788,-75.2301,1826.0,6,0,0,0,0,0,0,0,0,,0,0,0,18,3,1,1,,0.0,39 58:43.000,,0,75 13:48.963,8,0,0,0,67301,1,0,0,N,1,0,0,2,67301,0,,1,9,,N,N,,0,,0,0,0,0,0,,1820,1,2,0,0,1,1,0,3,4,0,1,7,,N,,,,,,,,,,,
2007007683,615.0,2,0,0,0,0,0,0,0,0,2,0,,67,11,2006,6,40.1119,-75.004,612.0,6,0,0,0,0,0,0,1,0,,0,0,0,6,5,1,0,,0.0,40 06:42.865,,0,75 00:14.396,4,0,0,0,67301,0,0,0,N,0,0,0,3,67301,1,,1,1,,N,N,,0,,0,0,0,0,0,,610,1,2,0,0,0,0,0,3,4,0,2,3,,N,,,,,,,,,,,
2007007712,1806.0,0,0,0,0,0,0,0,0,0,8,0,,67,11,2006,5,40.0511,-75.159,1804.0,6,0,0,0,0,0,0,0,0,,0,0,0,18,3,1,1,,0.0,40 03:03.985,,0,75 09:32.569,4,0,0,0,67301,1,0,0,N,1,0,0,2,67301,1,,1,9,,N,N,,0,,0,0,1,3,2,,1800,1,2,0,0,0,0,0,3,4,0,1,7,,N,,,,,,,,,,,
2006057210,2058.0,2,0,0,0,0,0,0,0,0,6,0,,67,3,2006,6,,,2057.0,6,0,0,0,0,0,1,0,0,,0,0,0,20,3,4,1,,0.0,,,0,,8,0,0,0,67301,0,0,0,N,0,0,0,4,67301,0,,1,1,,N,N,,0,,0,0,1,3,2,,2055,4,3,0,0,0,4,0,3,3,0,3,3,,N,,,,,,,,,,,
2006062450,1531.0,1,0,0,0,0,0,0,0,0,7,0,,67,5,2006,5,40.0071,-75.094,1531.0,6,0,0,0,0,0,0,0,0,1.0,0,0,0,14,1,0,1,,1.0,40 00:25.549,7.0,1,75 05:38.543,0,0,0,0,67301,0,0,0,N,0,0,0,1,67301,0,,3,1,,N,N,,0,,0,0,0,3,2,N,1440,0,1,0,0,0,0,0,3,4,0,1,3,,N,,,,,,,,,,,
2006062462,1955.0,2,0,0,0,0,0,0,0,0,4,0,,67,5,2006,4,40.0152,-75.1699,1955.0,6,0,0,0,0,0,0,1,0,,0,0,0,19,1,0,2,,0.0,40 00:55.000,,0,75 10:11.309,0,0,0,0,67301,0,0,0,N,0,0,0,2,67301,0,,1,1,,N,N,,0,,0,0,0,0,0,,1950,0,2,0,0,0,0,0,3,4,0,2,3,,N,,,,,,,,,,,
2006093889,1817.0,2,0,0,0,0,0,0,0,0,6,0,,67,8,2006,3,40.0058,-75.097,1817.0,6,0,0,0,0,0,0,0,0,,0,0,0,17,1,1,1,,0.0,40 00:21.000,,0,75 05:49.200,4,0,0,0,67301,0,0,0,N,0,0,0,3,67301,1,,1,1,,N,N,,0,,0,0,0,3,2,,1730,1,2,0,0,0,0,1,3,4,0,2,3,,N,,,,,,,,,,,
2006062472,1834.0,2,0,0,0,0,0,0,0,0,1,0,,67,5,2006,4,40.0096,-75.1873,1831.0,6,0,0,0,1,0,0,0,0,2.0,0,0,0,18,1,2,6,,2.0,40 00:34.000,3.0,2,75 11:14.125,3,0,0,0,67301,0,0,0,N,0,0,0,3,67301,1,,7,1,,N,N,,0,,1,0,0,3,4,N,1828,2,2,0,0,0,0,0,3,4,0,2,3,,N,,,,,,,,,,,
2006093908,1620.0,2,0,0,0,0,0,0,0,0,1,0,,67,7,2006,2,39.9879,-75.1076,1617.0,6,0,0,0,0,0,2,0,0,,0,0,0,15,1,1,0,,0.0,39 59:16.000,,0,75 06:27.188,4,0,0,0,67301,0,0,0,N,0,0,0,2,67301,1,,1,1,,N,N,,0,,0,0,0,0,0,,1505,1,2,0,0,0,0,0,3,4,0,2,3,,N,,,,,,,,,,,
2006093934,1645.0,1,0,0,0,0,0,0,0,0,1,0,,67,7,2006,4,39.9271,-75.1465,1641.0,6,0,0,0,0,0,1,0,0,1.0,0,0,0,99,1,0,0,,1.0,39 55:47.000,1.0,0,75 08:45.355,0,0,0,0,67301,0,0,0,N,0,0,0,2,67301,0,,1,1,,N,N,,1,,0,0,0,0,0,N,9999,0,2,0,0,0,0,0,3,4,0,2,3,,N,,,,,,,,,,,
2006054955,1104.0,0,0,0,0,0,0,0,0,0,4,0,,67,4,2006,4,40.0157,-75.17,1100.0,6,0,0,0,0,0,1,0,0,,0,0,0,11,1,1,2,,0.0,40 00:56.000,,0,75 10:12.337,4,0,0,0,67301,0,0,0,,0,0,0,2,67301,1,,1,1,,,,,1,,0,0,0,0,0,,1100,1,2,0,0,2,0,0,3,4,1,2,3,,N,,,,,,,,,,,
2006055003,2206.0,1,0,0,0,0,0,0,0,0,8,0,,67,3,2006,6,,,2204.0,6,0,0,0,0,0,0,0,0,,0,0,0,22,3,1,1,,0.0,,,0,,4,0,0,0,67301,1,0,0,,1,0,0,2,67301,1,,1,1,,,,,0,,0,0,0,0,0,,2204,1,2,0,0,0,0,1,3,3,0,1,3,,N,,,,,,,,,,,
2006055025,20.0,5,0,0,0,0,0,0,0,0,5,0,,67,3,2006,3,39.958,-75.2214,17.0,6,0,0,0,0,0,0,0,0,,0,0,0,23,3,1,0,,0.0,39 57:29.000,,0,75 13:17.114,8,0,0,0,67301,0,0,0,N,0,0,0,1,67301,0,,1,1,,N,N,,0,,0,0,0,0,0,,2357,1,5,0,0,0,1,0,3,4,0,5,3,,N,,,,,,,,,,,
2006055174,1649.0,1,0,0,0,0,0,0,0,0,5,1,,67,4,2006,4,,,1642.0,6,0,0,0,0,0,0,0,0,,0,1,0,16,1,0,0,,0.0,,,0,,0,0,0,0,67301,0,0,0,,0,0,0,2,67301,0,,1,1,,N,N,,0,,0,0,0,0,0,,1641,0,2,0,0,0,0,0,3,3,0,2,3,,N,,,,,,,,,,,
2006094210,1425.0,2,0,0,0,0,0,0,0,0,4,0,,67,7,2006,7,39.9786,-75.2136,1420.0,6,0,0,0,0,0,1,1,0,,0,0,0,14,1,1,1,,0.0,39 58:42.000,,0,75 12:48.761,8,0,0,0,67301,0,0,0,N,0,0,0,5,67301,0,,1,1,,N,N,,0,,0,0,0,3,2,,1410,1,2,0,0,0,1,0,3,4,0,2,3,,N,,,,,,,,,,,
2006094237,125.0,2,0,0,0,0,0,0,0,0,4,0,,67,7,2006,6,40.1209,-75.0228,115.0,6,0,1,0,1,0,0,0,0,,0,0,0,1,3,2,2,,0.0,40 07:15.297,,0,75 01:22.180,4,0,0,0,67301,0,0,0,N,0,0,0,2,67301,2,,7,1,,N,N,,0,,0,0,1,9,3,,115,2,3,0,0,1,0,0,3,4,0,3,3,,N,,,,,,,,,,,
2006126240,1743.0,1,0,0,0,0,0,0,0,0,8,0,,67,11,2006,3,40.0338,-75.0173,1740.0,6,0,0,0,0,0,0,1,0,,0,0,0,17,3,1,0,,0.0,40 02:01.000,,0,75 01:02.941,8,0,0,0,67301,1,0,0,,1,0,0,2,67301,0,,1,1,,,,,0,,0,0,0,0,0,,1725,1,2,0,0,0,1,0,3,4,0,1,3,,N,,,,,,,,,,,
2006123840,1635.0,2,0,0,0,0,0,0,0,0,4,0,,67,10,2006,7,40.0808,-75.0286,1635.0,6,0,0,0,0,0,0,0,0,1.0,0,0,0,16,1,1,1,,1.0,40 04:50.000,1.0,0,75 01:42.294,4,0,0,0,67301,0,0,0,N,0,0,0,2,67301,1,,1,1,,N,N,,0,,0,0,0,3,2,N,1635,1,2,0,0,0,0,0,3,4,0,2,3,,N,,,,,,,,,,,
2006056424,1657.0,2,0,0,0,0,0,0,0,0,4,0,,67,3,2006,3,39.9894,-75.1437,1655.0,6,0,0,0,0,0,0,0,0,,0,0,0,16,1,1,1,,0.0,39 59:21.811,,0,75 08:37.251,4,0,0,0,67301,0,0,0,N,0,0,0,2,67301,1,,1,1,,N,N,,0,,0,0,0,2,3,,1655,1,2,0,0,1,0,1,3,4,0,2,3,,N,,,,,,,,,,,
2006054031,1655.0,2,0,0,0,0,0,0,0,0,1,0,,67,4,2006,1,39.9936,-75.1073,1645.0,6,0,0,0,0,0,0,0,0,,0,0,0,16,1,4,0,,0.0,39 59:36.823,,0,75 06:26.197,3,0,0,0,67301,0,0,0,N,0,0,0,4,67301,2,,1,1,,N,N,,0,,2,0,0,0,0,,1630,4,2,0,0,0,0,0,3,4,0,2,3,,N,,,,,,,,,,,
2006036585,1700.0,1,0,0,0,0,0,0,0,0,4,0,,67,3,2006,1,,,1658.0,6,0,0,0,0,0,0,0,0,,0,0,0,99,1,3,1,,0.0,,,0,,4,0,0,0,67301,0,0,0,,0,0,0,3,67301,3,,1,1,,N,N,,0,,0,0,0,9,2,,9999,3,3,0,0,0,0,0,3,3,0,3,3,,N,,,,,,,,,,,
2006036588,1743.0,3,0,0,0,0,0,0,0,0,4,0,,67,2,2006,3,40.0428,-75.0631,1743.0,6,0,0,0,0,0,2,0,0,,0,0,0,17,3,2,1,,0.0,40 02:34.000,,0,75 03:47.292,8,0,0,0,67301,0,0,0,N,0,0,0,3,67301,0,,1,1,,N,N,,0,,0,0,0,9,2,,1742,2,3,0,0,1,2,0,3,4,0,3,3,,N,,,,,,,,,,,
2006034182,255.0,1,0,0,0,0,0,0,0,0,7,0,,67,1,2006,2,39.9684,-75.1287,255.0,6,0,0,0,0,1,0,0,0,1.0,0,0,0,2,3,0,0,,1.0,39 58:08.000,1.0,0,75 07:37.892,0,0,0,0,67301,0,0,0,N,0,0,0,1,67301,0,,2,9,,N,N,,0,,0,0,0,0,0,N,255,0,1,0,0,0,0,0,3,4,0,1,7,,N,,,,,,,,,,,
2006024621,1501.0,1,0,0,0,0,0,0,0,0,8,0,,67,1,2006,7,,,1500.0,6,0,0,0,0,0,0,0,0,,0,0,0,14,1,1,1,,0.0,,,0,,4,0,0,0,67301,1,0,0,N,1,0,0,2,67301,1,,1,9,,N,N,,0,,0,0,0,3,2,,1445,1,2,0,0,0,0,1,3,3,0,1,7,,N,,,,,,,,,,,
2006103123,1923.0,1,0,0,0,0,0,0,0,0,8,0,,67,8,2006,2,39.9942,-75.1317,1920.0,6,0,0,0,0,0,0,0,0,,0,0,0,18,1,1,1,,0.0,39 59:39.055,,0,75 07:54.278,4,0,0,0,67301,1,0,0,N,1,0,0,2,67301,1,,1,1,,N,N,,0,,0,0,0,3,3,,1846,1,2,0,0,0,0,0,3,4,0,1,3,,N,,,,,,,,,,,
2006103149,2003.0,0,0,0,0,0,0,0,0,0,8,0,,67,9,2006,5,,,2000.0,6,0,0,0,0,0,1,0,0,,0,0,0,19,3,1,1,,0.0,,,0,,8,0,0,0,67301,1,0,0,N,1,0,0,2,67301,0,,1,9,,N,N,,0,,0,0,1,3,2,,1955,1,2,0,0,0,1,0,3,3,0,1,7,,N,,,,,,,,,,,
2006103241,1705.0,1,0,0,0,0,0,0,0,0,8,0,,67,8,2006,6,40.0275,-75.1471,1700.0,6,0,0,0,0,0,0,0,0,,0,0,0,13,1,1,0,,0.0,40 01:39.000,,0,75 08:50.077,4,0,0,0,67301,1,0,0,,1,0,0,2,67301,1,,1,1,,,,,0,,0,0,0,3,2,,1300,1,2,0,0,0,0,0,3,4,0,1,3,,N,,,,,,,,,,,
2006102799,2310.0,1,0,0,0,0,0,0,0,0,7,0,,67,8,2006,1,,,2303.0,6,0,0,0,0,0,0,0,0,,0,0,0,23,3,2,0,,0.0,,,0,,3,0,0,0,67301,0,0,0,N,0,0,0,2,67301,1,,2,9,,N,N,,0,,1,0,0,0,0,,2303,2,1,0,0,0,0,0,3,3,0,1,7,,N,,,,,,,,,,,
2006041307,1528.0,2,0,0,0,0,0,0,0,0,4,0,,67,1,2006,5,39.9855,-75.2585,1527.0,6,0,0,0,0,0,0,1,1,,0,0,0,15,1,1,1,,0.0,39 59:08.000,,0,75 15:30.696,4,0,0,0,67301,0,0,0,N,0,0,0,2,46104,1,,1,1,,N,N,,0,,0,0,0,3,2,,1524,1,2,0,0,0,0,0,3,4,0,2,3,,N,,,,,,,,,,,
2006032567,1830.0,3,0,0,0,0,0,0,0,0,1,0,,67,2,2006,6,,,1823.0,6,0,0,0,0,0,0,0,0,,0,0,0,18,1,4,1,,0.0,,,0,,4,0,0,0,67301,0,0,0,N,0,0,0,5,67301,4,,1,9,,N,N,,0,,0,0,0,0,0,,1820,4,3,0,0,0,0,0,3,3,0,3,7,,N,,,,,,,,,,,
2006081730,2201.0,2,0,0,0,0,0,0,0,0,2,0,,67,7,2006,3,39.9223,-75.1871,2154.0,6,0,0,0,0,0,1,0,0,,0,0,0,21,3,1,1,,0.0,39 55:20.000,,0,75 11:12.494,3,0,0,0,67301,0,0,0,N,0,0,0,7,67301,0,,1,1,,N,N,,0,,1,0,0,3,2,,2148,1,2,0,0,0,0,0,3,4,0,2,3,,N,,,,,,,,,,,
2006081758,1230.0,2,0,0,0,0,0,0,0,0,4,0,,67,7,2006,2,39.9294,-75.2184,1223.0,6,0,0,0,0,0,0,0,0,,0,0,0,11,1,0,1,,0.0,39 55:45.000,,0,75 13:06.367,0,0,0,0,67301,0,0,0,N,0,0,0,2,67301,0,,1,1,,N,N,,0,,0,0,0,3,2,,1150,0,2,0,0,0,0,0,3,4,0,2,3,,N,,,,,,,,,,,
2006092438,1053.0,2,0,0,0,0,0,0,0,0,1,0,,67,8,2006,5,39.9585,-75.2255,1049.0,6,0,0,0,0,0,0,0,0,,0,0,0,10,1,1,0,,0.0,39 57:30.000,,0,75 13:31.966,8,0,0,0,67301,0,0,0,N,0,0,0,4,67301,0,,1,1,,N,N,,0,,0,0,0,0,0,,1039,1,2,0,0,0,1,0,3,4,0,2,3,,N,,,,,,,,,,,
2006082023,2058.0,2,0,0,0,0,0,0,0,0,1,0,,67,7,2006,1,,,2058.0,6,0,0,0,0,1,0,0,0,,0,0,0,20,3,4,0,,0.0,,,0,,4,0,0,0,67301,0,0,0,,0,0,0,4,67301,2,,1,1,,N,N,,0,,0,0,1,0,0,,2058,4,3,0,0,1,2,0,3,3,0,3,3,,N,,,,,,,,,,,
2006082027,2033.0,4,0,0,0,0,0,0,0,0,1,0,,67,7,2006,2,40.0071,-75.2138,2033.0,6,0,0,0,0,0,0,0,0,,0,0,0,17,1,0,0,,0.0,40 00:25.501,,0,75 12:49.565,9,0,0,0,67301,0,0,0,N,0,0,0,4,67301,0,,1,1,,N,N,,0,,0,0,0,3,2,,1700,0,4,0,0,0,0,1,3,4,0,4,3,,N,,,,,,,,,,,