CRN,ARRIVAL_TM,AUTOMOBILE_COUNT,BELTED_DEATH_COUNT,BELTED_SUSP_SERIOUS_INJ_COUNT,BICYCLE_COUNT,BICYCLE_DEATH_COUNT,BICYCLE_SUSP_SERIOUS_INJ_COUNT,BUS_COUNT,CHLDPAS_DEATH_COUNT,CHLDPAS_SUSP_SERIOUS_INJ_COUNT,COLLISION_TYPE,COMM_VEH_COUNT,CONS_ZONE_SPD_LIM,COUNTY,CRASH_MONTH,CRASH_YEAR,DAY_OF_WEEK,DEC_LAT,DEC_LONG,DISPATCH_TM,DISTRICT,DRIVER_COUNT_16YR,DRIVER_COUNT_17YR,DRIVER_COUNT_18YR,DRIVER_COUNT_19YR,DRIVER_COUNT_20YR,DRIVER_COUNT_50_64YR,DRIVER_COUNT_65_74YR,DRIVER_COUNT_75PLUS,EST_HRS_CLOSED,FATAL_COUNT,HEAVY_TRUCK_COUNT,HORSE_BUGGY_COUNT,HOUR_OF_DAY,ILLUMINATION,INJURY_COUNT,INTERSECT_TYPE,INTERSECTION_RELATED,LANE_CLOSED,LATITUDE,LN_CLOSE_DIR,LOCATION_TYPE,LONGITUDE,MAX_SEVERITY_LEVEL,MCYCLE_DEATH_COUNT,MCYCLE_SUSP_SERIOUS_INJ_COUNT,MOTORCYCLE_COUNT,MUNICIPALITY,NONMOTR_COUNT,NONMOTR_DEATH_COUNT,NONMOTR_SUSP_SERIOUS_INJ_COUNT,NTFY_HIWY_MAINT,PED_COUNT,PED_DEATH_COUNT,PED_SUSP_SERIOUS_INJ_COUNT,PERSON_COUNT,POLICE_AGCY,POSSIBLE_INJ_COUNT,RDWY_SURF_TYPE_CD,RELATION_TO_ROAD,ROAD_CONDITION,ROADWAY_CLEARED,SCH_BUS_IND,SCH_ZONE_IND,SECONDARY_CRASH,SMALL_TRUCK_COUNT,SPEC_JURIS_CD,SUSP_MINOR_INJ_COUNT,SUSP_SERIOUS_INJ_COUNT,SUV_COUNT,TCD_FUNC_CD,TCD_TYPE,TFC_DETOUR_IND,TIME_OF_DAY,TOT_INJ_COUNT,TOTAL_UNITS,UNB_DEATH_COUNT,UNB_SUSP_SERIOUS_INJ_COUNT,UNBELTED_OCC_COUNT,UNK_INJ_DEG_COUNT,UNK_INJ_PER_COUNT,URBAN_AREA,URBAN_RURAL,VAN_COUNT,VEHICLE_COUNT,WEATHER1,WEATHER2,WORK_ZONE_IND,WORK_ZONE_LOC,WORK_ZONE_TYPE,WORKERS_PRES,WZ_CLOSE_DETOUR,WZ_FLAGGER,WZ_LAW_OFFCR_IND,WZ_LN_CLOSURE,WZ_MOVING,WZ_OTHER,WZ_SHLDER_MDN,WZ_WORKERS_INJ_KILLED
2006082071,1940.0,2,0,0,0,0,0,0,0,0,1,0,,67,6,2006,5,,,1925.0,6,0,0,0,0,0,0,0,0,,0,0,0,17,1,0,0,,0.0,,,0,,0,0,0,0,67301,0,0,0,N,0,0,0,2,67301,0,,1,1,,N,N,,0,,0,0,0,0,0,,1730,0,2,0,0,0,0,0,3,3,0,2,3,,N,,,,,,,,,,,
2006079908,2235.0,3,0,0,0,0,0,0,0,0,1,0,,67,7,2006,2,39.957,-75.1555,2212.0,6,0,0,0,0,0,0,0,0,1.0,0,0,0,99,3,1,0,,2.0,39 57:25.000,4.0,0,75 09:19.889,4,0,0,0,67301,0,0,0,N,0,0,0,4,67301,1,,1,1,,N,N,,0,,0,0,0,0,0,N,9999,1,3,0,0,0,0,0,3,4,0,3,3,,N,,,,,,,,,,,
2006079953,2100.0,1,0,0,0,0,0,0,0,0,5,0,,67,5,2006,4,,,2050.0,6,1,0,0,0,0,0,0,0,,0,0,0,20,4,1,0,,0.0,,,0,,4,0,0,0,67301,0,0,0,N,0,0,0,6,67301,1,,1,1,,N,N,,1,,0,0,0,0,0,,2005,1,2,0,0,1,0,0,3,3,0,2,3,,N,,,,,,,,,,,
2006082531,826.0,0,0,0,0,0,0,0,0,0,7,0,,67,6,2006,1,,,823.0,6,0,0,0,0,0,0,0,0,,0,0,0,99,1,1,0,,0.0,,,0,,4,0,0,0,67301,0,0,0,N,0,0,0,1,67301,1,,2,1,,N,N,,0,,0,0,1,0,0,,9999,1,1,0,0,0,0,0,3,3,0,1,3,,N,,,,,,,,,,,
2006079822,1718.0,1,0,0,0,0,0,0,0,0,7,0,,67,7,2006,7,39.9212,-75.1941,1713.0,6,0,0,0,0,0,0,0,0,,0,0,0,17,1,1,0,,0.0,39 55:16.452,,3,75 11:38.648,3,0,0,0,67301,0,0,0,N,0,0,0,1,67301,0,,3,9,,N,N,,0,,1,0,0,0,0,,1710,1,1,0,0,0,0,0,3,4,0,1,3,,N,,,,,,,,,,,
2007054567,1637.0,1,0,0,0,0,0,0,0,0,4,0,,67,12,2006,6,40.0364,-75.2261,1633.0,6,0,0,0,0,0,1,0,0,1.0,0,0,0,16,1,2,2,,1.0,40 02:11.173,6.0,0,75 13:33.797,3,0,0,0,67301,0,0,0,N,0,0,0,3,67301,1,,1,1,,N,N,,1,,1,0,0,0,0,Y,1630,2,2,0,0,0,0,0,3,4,0,2,3,,N,,,,,,,,,,,
2007006827,2146.0,2,0,0,0,0,0,0,0,0,4,0,,67,12,2006,1,39.933,-75.1679,2141.0,6,0,0,0,1,0,0,0,0,,0,0,0,21,3,1,1,,0.0,39 55:58.000,,0,75 10:04.377,8,0,0,0,67301,0,0,0,,0,0,0,3,67301,0,,1,1,,N,N,,0,,0,0,0,9,2,,2138,1,2,0,0,0,1,0,3,4,0,2,3,,N,,,,,,,,,,,
2007006854,1715.0,0,0,0,0,0,0,0,0,0,1,0,,67,11,2006,1,40.0669,-75.1583,1713.0,6,0,0,0,0,0,0,1,0,,0,0,0,17,3,3,1,,0.0,40 04:01.000,,0,75 09:29.823,4,0,0,0,67301,0,0,0,N,0,0,0,4,67301,3,,1,9,,N,N,,1,,0,0,1,2,2,,1710,3,2,0,0,1,0,0,3,4,0,2,7,,N,,,,,,,,,,,
2007006856,1610.0,2,0,0,0,0,0,0,0,0,1,0,,67,11,2006,4,40.0317,-75.1789,1757.0,6,0,0,0,0,0,0,0,0,,0,0,0,15,1,3,1,,0.0,40 01:54.000,,0,75 10:44.130,3,0,0,0,67301,0,0,0,N,0,0,0,4,67301,1,,1,9,,N,N,,0,,2,0,0,3,2,,1530,3,2,0,0,0,0,0,3,4,0,2,7,,N,,,,,,,,,,,
2007006873,1330.0,0,0,0,0,0,0,0,0,0,6,2,,67,11,2006,4,40.0591,-75.1901,1322.0,6,0,0,0,0,0,1,0,0,,0,2,0,13,1,1,0,,0.0,40 03:32.000,,0,75 11:24.909,4,0,0,0,67301,0,0,0,N,0,0,0,3,67301,1,,1,9,,N,N,,0,,0,0,0,0,0,,1313,1,2,0,0,0,0,0,3,4,0,2,7,,N,,,,,,,,,,,
2007023077,1240.0,2,0,0,0,0,0,0,0,0,1,0,,67,12,2006,2,40.0229,-75.1482,1230.0,6,0,0,0,0,0,0,0,0,,0,0,0,12,1,1,1,,0.0,40 01:22.000,,0,75 08:53.385,4,0,0,0,67301,0,0,0,,0,0,0,2,67301,1,,1,1,,N,N,,0,,0,0,0,3,2,,1220,1,2,0,0,0,0,0,3,4,0,2,3,,N,,,,,,,,,,,
2007023139,1505.0,2,0,0,0,0,0,0,0,0,1,0,,67,12,2006,6,39.9742,-75.2552,1501.0,6,0,0,0,0,0,1,0,0,,0,0,0,15,1,1,1,,0.0,39 58:27.296,,0,75 15:18.665,8,0,0,0,67301,0,0,0,N,0,0,0,3,67301,0,,1,1,,N,N,,0,,0,0,0,3,2,,1501,1,2,0,0,0,1,0,3,4,0,2,3,,N,,,,,,,,,,,
2007009174,1901.0,1,0,0,0,0,0,0,0,0,8,0,,67,11,2006,3,39.9719,-75.2449,1854.0,6,0,0,0,0,0,0,0,0,,0,0,0,18,3,1,1,,0.0,39 58:18.000,,0,75 14:41.327,2,0,0,0,67301,1,0,1,N,1,0,1,2,67301,0,,1,1,,N,N,,0,,0,1,0,3,2,,1847,1,2,0,0,0,0,1,3,4,0,1,3,,N,,,,,,,,,,,
2007009175,1529.0,1,0,0,0,0,0,0,0,0,8,0,,67,11,2006,6,39.9853,-75.2347,1503.0,6,0,0,0,0,0,0,0,0,,0,0,0,15,1,1,1,,0.0,39 59:07.198,,0,75 14:05.035,4,0,0,0,67301,1,0,0,N,1,0,0,2,67301,1,,1,1,,N,N,,0,,0,0,0,3,3,,1503,1,2,0,0,1,0,0,3,4,0,1,3,,N,,,,,,,,,,,
2007032653,,2,0,0,0,0,0,0,0,0,4,0,,67,1,2006,6,39.9531,-75.1531,,6,0,0,0,0,0,1,0,0,,0,0,0,0,6,1,1,,0.0,39 57:11.366,,0,75 09:11.290,8,0,0,0,67301,0,0,0,N,0,0,0,2,00000,0,,1,1,,N,N,,0,,0,0,0,3,2,,30,1,2,0,0,0,1,1,3,4,0,2,3,,N,,,,,,,,,,,
2007022289,1645.0,1,0,0,0,0,0,0,0,0,8,0,,67,11,2006,5,40.0305,-75.1078,1642.0,6,0,0,0,0,0,0,0,0,,0,0,0,16,1,1,0,,0.0,40 01:49.904,,0,75 06:28.242,4,0,0,0,67301,1,0,0,N,1,0,0,2,67301,1,,1,1,,N,N,,0,,0,0,0,0,0,,1640,1,2,0,0,0,0,0,3,4,0,1,3,,N,,,,,,,,,,,
2007022524,1145.0,0,0,0,0,0,0,0,0,0,7,0,,67,12,2006,7,39.9716,-75.2161,1139.0,6,0,0,0,0,0,0,0,0,3.0,0,0,0,11,1,2,2,,2.0,39 58:17.000,6.0,0,75 12:57.932,8,0,0,0,67301,0,0,0,N,0,0,0,2,67301,0,,5,1,,N,N,,0,,0,0,1,0,0,Y,1135,2,1,0,0,2,2,0,3,4,0,1,3,,N,,,,,,,,,,,
2007022529,846.0,2,0,0,0,0,0,0,0,0,4,0,,67,12,2006,2,40.0241,-75.1306,846.0,6,0,0,0,0,0,1,0,0,,0,0,0,8,1,2,5,,0.0,40 01:27.000,,0,75 07:48.996,3,0,0,0,67301,0,0,0,N,0,0,0,2,67301,1,,1,1,,N,N,,0,,1,0,0,3,2,,801,2,2,0,0,0,0,0,3,4,0,2,3,,N,,,,,,,,,,,
2007022705,1345.0,2,0,0,0,0,0,0,0,0,4,0,,67,12,2006,1,39.8861,-75.2118,1340.0,6,0,0,0,0,0,0,0,0,1.0,0,0,0,13,1,0,0,,1.0,39 53:09.960,2.0,2,75 12:43.920,9,0,0,0,67301,0,0,0,N,0,0,0,3,67301,0,,1,1,,N,N,,1,,0,0,0,0,0,N,1335,0,3,0,0,0,0,1,3,4,0,3,3,,N,,,,,,,,,,,
2007022870,1158.0,1,0,0,0,0,0,0,0,0,4,0,,67,12,2006,3,40.0135,-75.2004,1157.0,6,0,0,0,0,0,0,0,0,1.0,0,0,0,11,1,1,0,,2.0,40 00:48.733,6.0,0,75 12:01.299,4,0,0,0,67301,0,0,0,N,0,0,0,3,67301,1,,1,9,,N,N,,0,,0,0,0,0,0,Y,1145,1,2,0,0,0,0,0,3,4,1,2,7,,N,,,,,,,,,,,
2007010373,2250.0,1,0,0,0,0,0,0,0,0,4,0,,67,12,2006,4,40.0445,-75.1931,2250.0,6,0,0,0,0,0,0,0,0,,0,0,0,22,3,2,1,,0.0,40 02:39.000,,0,75 11:35.319,3,0,0,0,67301,0,0,0,N,0,0,0,2,67301,0,,1,1,,N,N,,0,,2,0,1,3,2,,2249,2,2,0,0,0,0,0,3,4,0,2,3,,N,,,,,,,,,,,
2007055568,253.0,1,0,0,0,0,0,0,0,0,5,0,,67,12,2006,5,40.0309,-75.2094,250.0,6,0,0,0,0,0,0,0,0,,0,0,0,2,3,0,0,,0.0,40 01:51.067,,0,75 12:33.832,0,0,0,0,67301,0,0,0,N,0,0,0,1,67301,0,,6,1,,N,N,,0,,0,0,0,3,2,,250,0,2,0,0,0,0,0,3,4,1,2,3,,N,,,,,,,,,,,
2007006957,1400.0,0,0,0,0,0,0,0,0,0,8,0,,67,11,2006,1,39.9841,-75.1197,1354.0,6,0,0,0,0,0,1,0,0,,0,0,0,13,1,1,2,,0.0,39 59:02.000,,0,75 07:10.964,8,0,0,0,67301,1,0,0,,1,0,0,2,67301,0,,1,1,,,,,1,,0,0,0,0,0,,1350,1,2,0,0,1,1,0,3,4,0,1,3,,N,,,,,,,,,,,
2007006964,1221.0,1,0,0,0,0,0,0,0,0,7,0,,67,11,2006,1,39.9863,-75.1561,1205.0,6,0,0,0,0,0,0,0,0,,0,0,0,12,1,0,1,,0.0,39 59:10.680,,0,75 09:21.960,0,0,0,0,67301,0,0,0,N,0,0,0,1,67301,0,,3,1,,N,N,,0,,0,0,0,3,2,,1205,0,1,0,0,0,0,0,3,4,0,1,3,,N,,,,,,,,,,,
2007007079,2055.0,3,0,0,0,0,0,0,0,0,1,0,,67,11,2006,5,39.9963,-75.1298,2045.0,6,1,0,0,0,0,0,0,0,,0,0,0,20,3,1,0,,0.0,39 59:46.500,,0,75 07:47.200,3,0,0,0,67301,0,0,0,N,0,0,0,3,67301,0,,1,9,,N,N,,0,,1,0,0,0,0,,2030,1,3,0,0,2,0,0,3,4,0,3,7,,N,,,,,,,,,,,
2007009215,2236.0,2,0,0,0,0,0,0,0,0,5,0,,67,12,2006,2,39.9472,-75.1781,2233.0,6,0,0,0,0,0,0,0,0,,0,0,0,22,3,1,1,,0.0,39 56:49.898,,0,75 10:41.282,8,0,0,0,67301,0,0,0,N,0,0,0,2,67301,0,,1,1,,N,N,,0,,0,0,0,9,2,,2230,1,2,0,0,0,1,1,3,4,0,2,3,,N,,,,,,,,,,,
2007009027,107.0,1,0,0,0,0,0,0,0,0,7,0,,67,11,2006,5,40.0794,-75.0409,105.0,6,0,0,0,0,0,0,0,0,,0,0,0,1,3,0,0,,0.0,40 04:45.710,,0,75 02:27.272,9,0,0,0,67301,0,0,0,N,0,0,0,1,67301,0,,4,9,,N,N,,0,,0,0,0,0,0,,105,0,1,0,0,0,0,1,3,4,0,1,7,,N,,,,,,,,,,,
2007022235,2110.0,0,0,0,0,0,0,0,0,0,8,0,,67,12,2006,4,39.9653,-75.2421,2100.0,6,0,0,0,0,0,0,0,0,,0,0,0,17,3,1,1,,0.0,39 57:55.126,,0,75 14:31.538,4,0,0,0,67301,1,0,0,N,1,0,0,2,67301,1,,9,9,,N,N,,0,,0,0,1,0,0,,1710,1,2,0,0,0,0,1,3,4,0,1,3,,N,,,,,,,,,,,
2007022295,955.0,1,0,0,0,0,0,1,0,0,4,1,,67,12,2006,3,40.0152,-75.1365,945.0,6,0,0,0,0,0,2,0,0,,0,0,0,9,1,0,1,,0.0,40 00:54.720,,0,75 08:11.306,9,0,0,0,67301,0,0,0,,0,0,0,5,67301,0,,1,1,,,,,0,,0,0,0,3,3,,940,0,2,0,0,0,0,1,3,4,0,2,3,,N,,,,,,,,,,,
2007022380,2025.0,2,0,0,0,0,0,0,0,0,6,0,,67,12,2006,6,40.0645,-75.0782,2023.0,6,0,0,1,0,0,0,0,0,1.0,0,0,0,20,3,1,0,,1.0,40 03:52.149,6.0,0,75 04:41.343,4,0,0,0,67301,1,0,0,N,0,0,0,2,67301,1,,1,1,,N,N,,0,,0,0,1,9,3,Y,2021,1,3,0,0,0,0,0,3,4,0,3,3,,N,,,,,,,,,,,
2007022389,1205.0,1,0,0,0,0,0,0,0,0,4,0,,67,12,2006,7,40.0743,-75.0783,2200.0,6,0,0,0,0,0,1,1,0,,0,0,0,99,1,1,2,,0.0,40 04:27.000,,0,75 04:41.888,8,0,0,0,67301,0,0,0,N,0,0,0,4,67301,0,,1,9,,N,N,,0,,0,0,1,3,3,,9999,1,2,0,0,0,1,0,3,4,0,2,7,,N,,,,,,,,,,,
2007022698,2220.0,3,0,0,0,0,0,0,0,0,1,0,,67,12,2006,5,40.0388,-75.1448,2218.0,6,0,0,0,0,0,0,0,0,,0,0,0,22,3,1,0,,0.0,40 02:19.000,,0,75 08:41.238,3,0,0,0,67301,0,0,0,N,0,0,0,2,67301,0,,1,1,,N,N,,0,,1,0,0,0,0,,2204,1,3,0,0,0,0,0,3,4,0,3,3,,N,,,,,,,,,,,
2007023206,2317.0,1,0,0,0,0,0,0,0,0,4,0,,67,12,2006,6,40.0069,-75.0684,2305.0,6,0,0,1,0,0,1,0,0,1.0,0,0,0,23,3,1,2,,2.0,40 00:23.760,3.0,2,75 04:05.520,2,0,0,0,67301,0,0,0,N,0,0,0,3,67301,0,,1,1,,N,N,,0,,0,1,1,0,0,N,2304,1,2,0,0,0,0,1,3,4,0,2,3,,N,,,,,,,,,,,
2007023207,1700.0,4,0,0,0,0,0,0,0,0,1,0,,67,12,2006,3,,,1649.0,6,0,1,0,0,0,2,0,0,2.0,0,0,0,16,3,5,0,,1.0,,2.0,0,,4,0,0,0,67301,0,0,0,N,0,0,0,8,67301,5,,1,9,,N,N,,1,,0,0,0,0,0,Y,1649,5,5,0,0,0,0,0,3,3,0,5,3,,N,,,,,,,,,,,
2007023055,1305.0,1,0,0,0,0,0,0,0,0,1,0,,67,12,2006,7,40.0624,-75.1553,1300.0,6,0,0,0,0,0,1,0,0,,0,0,0,12,1,2,1,,0.0,40 03:44.697,,0,75 09:18.946,4,0,0,0,67301,0,0,0,N,0,0,0,3,67301,2,,1,1,,N,N,,0,,0,0,0,3,2,,1248,2,2,0,0,0,0,0,3,4,1,2,3,,N,,,,,,,,,,,
2007023058,1248.0,2,0,0,0,0,0,0,0,0,4,0,,67,12,2006,4,40.0728,-75.1676,1243.0,6,0,0,0,0,0,1,0,0,,0,0,0,12,1,2,1,,0.0,40 04:22.015,,0,75 10:03.525,3,0,0,0,67301,0,0,0,N,0,0,0,3,67301,1,,3,9,,N,N,,0,,1,0,0,3,2,,1240,2,2,0,0,1,0,0,3,4,0,2,7,,N,,,,,,,,,,,
2007020805,1334.0,1,0,0,0,0,0,0,0,0,8,0,,67,12,2006,5,39.9403,-75.176,1332.0,6,0,0,0,0,0,0,0,0,,0,0,0,13,1,1,1,,0.0,39 56:24.907,,0,75 10:33.747,8,0,0,0,67301,1,0,0,,1,0,0,2,67301,0,,1,1,,,,,0,,0,0,0,0,0,,1330,1,2,0,0,1,1,0,3,4,0,1,3,,N,,,,,,,,,,,
2007047512,2352.0,2,0,0,0,0,0,0,0,0,1,0,,67,6,2006,4,39.9774,-75.1127,2351.0,6,0,0,0,0,0,0,0,0,3.0,0,0,0,23,3,2,7,,1.0,39 58:27.000,2.0,2,75 07:06.665,4,0,0,0,67301,0,0,0,Y,0,0,0,2,67301,1,,2,1,,N,N,,0,,0,0,0,0,0,N,2351,2,2,0,0,1,1,0,3,4,0,2,3,,N,,,,,,,,,,,
2007055083,1005.0,1,0,0,0,0,0,0,0,0,2,0,,67,12,2006,7,39.9443,-75.155,1000.0,6,0,0,0,0,0,1,0,0,,0,0,0,9,1,1,1,,0.0,39 56:39.490,,0,75 09:18.158,4,0,0,0,67301,1,0,0,N,1,0,0,4,67301,1,,1,1,,N,N,,0,,0,0,0,3,2,,950,1,3,0,0,0,0,0,3,4,1,2,3,,N,,,,,,,,,,,
2007034458,,1,0,0,0,0,0,0,0,0,8,0,,67,8,2006,5,40.0076,-75.1272,,6,0,0,0,0,0,0,0,0,,0,0,0,13,1,1,1,,0.0,40 00:27.528,,0,75 07:37.941,8,0,0,0,67301,1,0,0,N,1,0,0,2,,0,,1,1,,N,N,,0,,0,0,0,3,2,,1352,1,2,0,0,0,1,0,3,4,0,1,3,,N,,,,,,,,,,,
2007008439,935.0,3,0,0,0,0,0,0,0,0,2,0,,67,11,2006,6,39.9193,-75.2315,930.0,6,0,0,0,0,0,0,0,0,,0,0,0,9,1,1,1,,0.0,39 55:09.408,,0,75 13:53.500,4,0,0,0,67301,0,0,0,N,0,0,0,4,67301,1,,1,1,,N,N,,0,,0,0,0,3,2,,920,1,3,0,0,0,0,1,3,4,0,3,3,,N,,,,,,,,,,,
2007008489,1420.0,2,0,0,0,0,0,0,0,0,1,1,,67,12,2006,6,40.0348,-75.0871,1420.0,6,0,0,1,0,0,0,0,0,,0,1,0,14,1,1,1,,0.0,40 02:05.000,,0,75 05:13.670,3,0,0,0,67301,0,0,0,N,0,0,0,3,67301,0,,1,1,,N,N,,0,,1,0,0,3,2,,1419,1,3,0,0,1,0,0,3,4,0,3,3,,N,,,,,,,,,,,
2007021545,1710.0,1,0,0,0,0,0,0,0,0,4,0,,67,12,2006,1,39.9599,-75.231,1705.0,6,0,0,1,0,0,0,0,0,,0,0,0,17,3,1,1,,0.0,39 57:35.744,,0,75 13:51.585,8,0,0,0,67301,0,0,0,N,0,0,0,2,67301,0,,1,1,,N,N,,0,,0,0,0,9,3,,1701,1,2,0,0,0,1,0,3,4,1,2,3,,N,,,,,,,,,,,
2007010411,755.0,1,0,0,0,0,0,1,0,0,1,1,,67,11,2006,6,40.0597,-75.1658,745.0,6,0,0,0,0,0,0,0,0,,0,0,0,7,1,2,0,,0.0,40 03:34.000,,0,75 09:56.637,4,0,0,0,67301,0,0,0,N,0,0,0,4,67301,2,,1,1,,Y,N,,1,,0,0,0,0,0,,740,2,3,0,0,0,0,0,3,4,0,3,3,,N,,,,,,,,,,,
2007007105,2325.0,0,0,0,0,0,0,0,0,0,7,0,,67,11,2006,5,39.9206,-75.2145,2320.0,6,0,0,0,0,0,0,0,0,,0,0,0,23,3,1,0,,0.0,39 55:14.199,,0,75 12:52.063,4,0,0,0,67301,0,0,0,N,0,0,0,1,67301,1,,4,1,,N,N,,0,,0,0,0,0,0,,2300,1,1,0,0,0,0,0,3,4,0,1,3,,N,,,,,,,,,,,
2007009760,1516.0,1,0,0,0,0,0,0,0,0,8,0,,67,11,2006,3,40.0261,-75.1327,1449.0,6,0,0,0,0,0,0,0,0,,0,0,0,14,1,1,0,,0.0,40 01:33.844,,0,75 07:57.655,8,0,0,0,67301,1,0,0,N,1,0,0,3,67301,0,,1,1,,N,N,,0,,0,0,0,0,0,,1449,1,2,0,0,0,1,0,3,4,0,1,3,,N,,,,,,,,,,,
2007009766,1045.0,2,0,0,0,0,0,0,0,0,4,0,,67,11,2006,2,39.9574,-75.1724,1040.0,6,0,0,0,0,0,1,0,0,,0,0,0,10,1,1,2,,0.0,39 57:26.794,,0,75 10:20.564,4,0,0,0,67301,0,0,0,N,0,0,0,2,67301,1,,1,1,,N,N,,0,,0,0,0,3,2,,1030,1,2,0,0,0,0,0,3,4,0,2,3,,N,,,,,,,,,,,
2007009784,2001.0,2,0,0,0,0,0,0,0,0,1,0,,67,11,2006,2,40.048,-74.9974,1957.0,6,0,0,0,0,0,1,0,0,,0,0,0,19,3,1,2,,0.0,40 02:52.000,,2,74 59:49.404,8,0,0,0,67301,0,0,0,N,0,0,0,5,67301,0,,1,9,,N,N,,0,,0,0,0,3,3,,1955,1,2,0,0,0,1,0,3,4,0,2,7,,N,,,,,,,,,,,
2007007555,2113.0,4,0,0,0,0,0,0,0,0,4,0,,67,11,2006,6,39.9913,-75.1349,2110.0,6,0,0,0,0,0,1,1,0,2.0,0,0,0,20,3,1,1,,2.0,39 59:28.680,2.0,0,75 08:05.640,8,0,0,0,67301,0,0,0,N,0,0,0,4,67301,0,,1,1,,N,N,,0,,0,0,0,3,2,Y,2043,1,4,0,0,0,1,0,3,4,0,4,3,,N,,,,,,,,,,,
2007007676,1240.0,0,0,0,0,0,0,0,0,0,8,0,,67,12,2006,2,39.9819,-75.239,1240.0,6,0,0,0,0,0,0,0,0,,0,0,0,7,1,1,1,,0.0,39 58:54.000,,0,75 14:21.165,8,0,0,0,67301,1,0,0,N,1,0,0,2,67301,0,,2,1,,N,Y,,0,,0,0,0,3,2,,730,1,2,0,0,0,1,1,3,4,1,1,3,,N,,,,,,,,,,,
2007020874,952.0,1,0,0,0,0,0,0,0,0,5,0,,67,12,2006,3,39.9639,-75.2035,952.0,6,0,0,0,0,0,0,1,0,,0,0,0,99,1,0,5,,0.0,39 57:50.000,,0,75 12:12.716,0,0,0,0,67301,0,0,0,N,0,0,0,2,67301,0,,1,1,,N,N,,1,,0,0,0,3,3,,9999,0,2,0,0,0,0,0,3,4,0,2,3,,N,,,,,,,,,,,
2007033415,,1,0,0,0,0,0,0,0,0,7,0,,67,6,2006,7,40.0507,-75.1733,,6,0,0,0,0,0,1,0,0,,0,0,0,12,1,1,1,,0.0,40 03:02.401,,0,75 10:23.780,8,0,0,0,67301,0,0,0,,0,0,0,1,00000,0,,4,9,,,,,0,,0,0,0,9,9,,1230,1,1,0,0,0,1,0,3,4,0,1,7,,N,,,,,,,,,,,
2007008564,1225.0,2,0,0,0,0,0,0,0,0,4,0,,67,11,2006,1,40.0128,-75.1546,1220.0,6,0,0,0,0,0,0,0,1,1.0,0,0,0,12,1,2,1,,1.0,40 00:46.191,4.0,0,75 09:16.516,8,0,0,0,67301,0,0,0,,0,0,0,3,67301,0,,1,9,,,,,0,,0,0,0,9,3,Y,1220,2,2,0,0,0,2,0,3,4,0,2,3,,N,,,,,,,,,,,
2007009179,2018.0,2,0,0,0,0,0,0,0,0,4,0,,67,12,2006,3,39.9942,-75.2355,2015.0,6,0,0,0,0,0,0,1,0,,0,0,0,20,3,1,2,,0.0,39 59:39.037,,0,75 14:07.652,3,0,0,0,67301,0,0,0,N,0,0,0,2,67301,0,,1,1,,N,N,,0,,1,0,0,0,0,,2014,1,2,0,0,1,0,0,3,4,0,2,3,,N,,,,,,,,,,,
2007022372,2320.0,1,0,0,0,0,0,0,0,0,8,0,,67,12,2006,6,40.0804,-74.9773,2314.0,6,0,0,0,0,0,0,0,0,1.0,0,0,0,23,3,1,0,,1.0,40 04:49.000,2.0,0,74 58:38.387,4,0,0,0,67301,1,0,0,N,1,0,0,2,67301,1,,1,1,,N,N,,0,,0,0,0,3,2,N,2310,1,2,0,0,0,0,0,3,4,0,1,3,,N,,,,,,,,,,,
2007022817,2219.0,1,0,0,0,0,0,0,0,0,1,0,,67,12,2006,7,39.9542,-75.2228,2216.0,6,0,0,0,0,0,0,0,1,,0,0,0,22,3,0,0,,0.0,39 57:15.127,,0,75 13:22.087,9,0,0,0,67301,0,0,0,N,0,0,0,2,67301,0,,1,1,,N,N,,0,,0,0,1,0,0,,2212,0,3,0,0,0,0,1,3,4,1,3,3,,N,,,,,,,,,,,
2007022849,305.0,2,0,0,0,0,0,0,0,0,4,0,,67,12,2006,7,40.0995,-74.9864,257.0,6,0,0,0,0,0,0,0,0,,0,0,0,2,3,0,1,,0.0,40 05:58.224,,0,74 59:10.989,0,0,0,0,67301,0,0,0,N,0,0,0,4,67301,0,,1,1,,N,N,,0,,0,0,0,3,2,,255,0,2,0,0,0,0,0,3,4,0,2,3,,N,,,,,,,,,,,
2007022740,1305.0,2,0,0,0,0,0,0,0,0,4,0,,67,12,2006,6,40.0789,-75.0253,1258.0,6,0,0,0,0,0,0,0,1,,0,0,0,12,1,1,2,,0.0,40 04:44.000,,0,75 01:31.191,8,0,0,0,67301,0,0,0,N,0,0,0,3,67301,0,,1,1,,N,N,,0,,0,0,0,3,2,,1255,1,2,0,0,0,1,0,3,4,0,2,3,,N,,,,,,,,,,,
2007023008,945.0,2,0,0,0,0,0,0,0,0,1,0,,67,12,2006,3,40.0007,-75.1248,945.0,6,0,0,0,0,1,0,0,0,,0,0,0,9,1,1,2,,0.0,40 00:02.000,,0,75 07:29.366,4,0,0,0,67301,0,0,0,N,0,0,0,2,67301,1,,1,1,,N,N,,0,,0,0,0,0,0,,945,1,2,0,0,1,0,0,3,4,0,2,3,,N,,,,,,,,,,,